link,pubdate,category,title,body
https://n.news.naver.com/mnews/article/277/0005631118?sid=101,2025-08-01 06:46:00,경제,대통령 패가망신 엄포에도 삼전 EB로 유혹하는 꾼들,"""현재 주가 대비 낮은 가격에 삼성전자 EB 구매할 수 있다"" 유혹문자 내용 현혹되지 말고 신고해야삼성전자의 교환사채(EB)를 저렴하게 매수할 수 있다는 내용으로 투자자들을 유혹하는 불법금융 투자 피싱 문자가 기승을 부리고 있다. 금융당국은 해당 문자를 받을 경우 URL을 클릭하지 말고 바로 신고해야 한다고 조언했다.1일 금융투자업계에 따르면 최근 삼성전자의 EB 물량을 한정 공급한다는 내용의 문자가 퍼지고 있다.해당 문자는 'KOSPI 넘버원, 시총 429조원의 삼성전자!. 지금 시세보다 최대 45% 낮은 가격으로 확보할 기회!'라는 내용을 담고 있다. 이 피싱 문자에 적혀있는 삼성전자 EB의 가격은 4만3000원으로, 삼성전자 주식을 싸게 매수할 수 있다고 홍보한다.에프앤가이드에 따르면 2015년 이후 삼성전자 주식을 대상으로 EB를 발행한 상장사는 베뉴지와 세종텔레콤이다. 베뉴지는 작년 7월 200억원 규모의 1회차 EB를 발행한다. 교환 대상은 삼성전자 주식으로 교환가액은 9만4000원이다. 교환청구 기간은 2026년 7월6일까지다.세종텔레콤도 2023년 5월 삼성전자 주식으로 9회차 EB를 발행했으나 상환됐다. 해당 EB의 교환청구 기간은 올해 4월30일까지였으며 만기일도 5월31일이었다. 해당 EB의 교환가액도 7만6200원이다. 발행한 상장사 모두 피싱 문자와 내용이 다르다.EB는 발행 회사가 보유한 다른 회사의 주식 또는 자사주와 교환할 수 있는 권리가 부여된 채권이다. 전환사채(CB)와는 다르게 기존에 있던 주식을 교환하는 것이 특징이다. 예를 들면 투자자가 EB를 보유하고 있을 경우 투자자는 일정 기간 교환가격으로 해당 주식을 받거나 상환을 청구할 수 있다.특히 최근 피싱 문자로 인한 피해가 지속해서 늘어나고 있는 만큼 투자자의 주의가 필요하다. 지난해 한국인터넷진흥원(KISA)이 탐지한 스미싱 건수는 219만6469건으로 2023년 대비 4배 이상 증가했다.불법금융 투자로 인한 소비자 피해를 예방하고자 금감원은 지난해 12월 KISA, 이동통신 3사(SKT, KT, LGU+)와 '스팸문자 수신차단 정교화 방안'을 시행했다. 이같은 방안으로 1분기 중 불법투자 관련 스팸 문자 신고가 직전 분기 대비 66.4% 감소하는 효과를 봤다.하지만 피싱 문자를 완전히 막기 어렵다는 것이 금감원의 설명이다. 금감원 관계자는 ""발신단에서 차단할 수 있도록 하고 있지만, 키워드를 변형하거나 새로운 대포폰 등을 통해 지속해서 나오고 있다""며 ""문자에 있는 홈페이지 주소 등이 불법으로 확인될 경우 해당 관할 기관과 협력해 내리거나 하고 있다""고 말했다.그런 만큼 금감원은 해당 문자에 나오는 문자를 클릭하지 말고 불법으로 의심될 경우 바로 신고하는 자세가 필요하다고 강조한다. 이 관계자는 ""금융회사를 사칭한다든지 공모주를 싸게 살 수 있다는 문자에 현혹되지 않고 URL도 누르지 않도록 지속해서 홍보하고 있다""고 설명했다."
https://n.news.naver.com/mnews/article/014/0005385722?sid=102,2025-08-01 08:22:16,사회,"'착신전환 사기' 모수서울과 손님들 ""반코스에 반값만""..결국 피해자들끼리 구제 [신종 금융사기 '넘버피싱'·⑤]","⑤쓴 맛만 남긴 자구책…과제는 여전히 남아이정헌 의원 ""구조상 가해자 처벌, 피해자 구제 복잡""""피싱 범죄 고도화될 것…국회가 입법 공백 메워야""과기정통부, ""착신전환 사기…이통사 대응 살필 것""피싱범죄의 변종인 '넘버피싱'으로 피해자가 발생하고 있는 가운데 착신전환 서비스를 제공하는 이동통신사, 서비스를 이용하는 고객과 시민들이 피싱의 고리를 끊기 위한 노력에 나선 모습을 AI를 이용해 이미지로 생성. /사진=게티이미지뱅크, 챗GPT사이버 범죄로 발생하는 피해액, 초당 4억6000만원. 피해자들의 삶은 피폐해졌지만, 구제받을 길은 열리지 않았다. 이에 파이낸셜뉴스는[신종 금융사기 '넘버피싱']기획시리즈를 통해 사이버 범죄는 개인의 부주의가 아니라 구조화되고 지능화된 범죄라는 점을 알리고자 한다. 아울러 피해자 보호 중심의 입법·행정적 대전환에 나서야 할 이유도 살펴본다. 제대로 된 법과 시스템의 구축이 범죄 대응의 완성이라 할 수 있기 때문이다. <편집자주>[파이낸셜뉴스] 빠르게 진화하는 기술만큼 범죄도 진화하고 있다. 피싱범죄 역시 유형을 달리하며 변주하면서 피해를 키우고 있다. 착신전환 방식으로 기업이나 사업장의 전화번호를 가로챈 뒤 피해자의 돈을 중간에서 챙기는 '넘버피싱' 범죄 역시 새로운 형태의 피싱 범죄다.문제는 관련 범죄가 끊임없이 발생하는데도 수사는 지지부진하고 피해자의 피해 복구는 전무하다는 점이다.국회 과학기술정보방송통신위원회 소속 이정헌 더불어민주당 의원은 넘버피싱 범죄의 피해를 최소화하기 위해 나섰다.이 의원은 “넘버피싱과 같은 신종 범죄는 큰 민생 피해로 이어질 수 있음에도 불구하고, 경찰청 범죄 통계에 별도로 관리되지 않는 등 제도적 사각지대에 놓여 있다”며 “구조상 피해자 구제나 가해자 처벌 역시 복잡한 현실”이라고 지적했다.이어 “인공지능(AI) 기술과 결합해 피싱 범죄가 더욱 고도화될 것으로 예상되는 만큼 국회 차원에서 입법 공백을 시급히 메워야 한다”고 강조했다.실제 피해 예방을 최소화하기 위한 고민도 시작됐다.손놓고 있던 착신전환, 들여다 보기 시작넘버피싱 피해자들은 취재 과정에서 '코로나19 이후'라는 말을 자주 했다. 코로나가 확산되던 당시 보건당국이 집합금지 명령을 내리면서 대부분의 사업장은 재택근무로 전환했고 걸려오는 전화를 놓치지 않기 위해 착신전환을 신청했다는 게 이들의 설명이었다. 착신전환 신청이 급격히 늘어나면서 넘버피싱이라는 범죄가 파생됐을 거라는 예상도 했다.그러나 추측만 있을 뿐 확인할 길은 없었다.이정헌 의원실은 착신전환으로 번호를 도용한 피싱범죄 현황을 파악하기 위해 SK텔레콤(SKT)·KT·LG 유플러스(U+) 등 이동통신사 3사에 착신전환 서비스 가입 고객 등의 데이터를 요청했다. 하지만 개인정보 등의 이유로 관련 통계를 보유하고 있지 않거나 있어도 제공할 수 없다는 내용으로 회신했다.다만 지난 3월 착신전환을 이용해 모수 서울의 예약금을 가로챈 사건이 언론을 통해 알려지자 해당 사건과 직·간접적으로 연관돼 있는 이통사들은 빠르게 대책을 내놨다.모수 서울이 가입한 SK브로드밴드 측은 사건이 발생한 뒤 착신전환 사기 범죄 주의 안내 등 후속조치를 검토하고 있다고 밝혔다.KT도 모수 서울 관련 본보 보도가 나간 뒤 고객들에게 착신전환 서비스에 가입할 때 착신전환 설정을 KT 직원이 유도하지 않는다고 안내하고 있다. 또 착신전환 사기전화의 특징과 예방방법, 신고 및 문의 방법 등도 고지하고 있다.모수 서울의 착신전환을 요청한 피싱 범죄자는 자신을 KT 직원으로 사칭했다.SKT와 LGU+는 기존에 있던 가이드라인을 유지하는 데 그쳤다.이통사들을 관리하는 주무 부처인 과학기술정통부는 이정헌 의원실에 착신전환 사기 사건과 관련해 이통사들의 대응 등을 살펴보겠다고 전했다.과기정통부에 따르면 전기통신사업자가 착신전환 서비스를 제공하려면 전기통신사업법 제32조의8 제2항에 따라 착신전환서비스의 내용 및 가입·설정 절차 등을 해당 부처에 신고해야 한다. 신고한 내용과 다르게 운영해선 안 되고(제3항) 이용자의 신청없이 임의로 착신전환 서비스를 설정해서도 안 된다(제4항).이통3사가 넘버피싱 피해를 최소화하는 데 적극적으로 나서야 한다는 전문가의 주문도 있었다.안성진 성균관대 컴퓨터교육과 교수는 ""이통 3사와 경찰청이 착신전환 서비스와 관련해 데이터를 집계하는 것은 '상당히 유효한 방법'""이라며 ""통신 사업자가 적극적으로 나서서 이런 게(착신전환 사기 범죄) 문제가 된다고 하면 작은 피해라고 막을 수 있는 만큼 나서야 한다""고 강조했다.피해 당사자들 '한 발씩' 양보취재 과정에서 반가운 소식도 들려왔다.안성재 셰프가 운영하는 모수 서울은 식당을 예약하려다 넘버피싱 범죄에 노출된 것으로 확인된 피해자들에게 약식 형태로 식사를 제공하기로 했다. 피해자들은 1인당 42만원인 모수 서울에 식사 예약을 하며 선입금을 요청한 범죄자에게 적게는 84만원부터 많게는 500여만원을 송금했다.경찰 신고로 피싱범죄 수사를 요청한 이들은 동시에 모수 서울을 상대로 손해배상 청구 소송을 준비했다.피해자인 강모씨는 ""한 동안 모수 서울은 '실수는 맞지만, 법적 책임은 없다'는 일관된 주장을 해 왔다""면서 ""사과를 하지 않던 모수 측에서 어느날 연락이 오더니 합의를 하자고 제안했다""고 설명했다.모수 서울 관계자는 ""우리 식당을 이용하시려다 피해를 입으신 데 도의적인 차원에서 간단하게라도 대접을 해 드리는 게 맞겠다고 판단해 말씀 드렸다""며 ""합의의 개념이라기 보다는 도의적인 마음을 전하는 것""이라고 강조했다.그러면서 ""피해자 분들이 원하는 대로 다 해드리고 싶지만, 저희도 영업하는 입장이다 보니 다 해 드릴 수는 없고 저희가 할 수 있는 최선의 방법을 생각해 제안했다""고 말했다.모수 서울 측에서 제안한 내용의 핵심은 각자가 한 발씩 양보하는 것이다.모수 서울 관계자는 ""두 가지를 제안했다""면서 ""이미 8월까지는 예약이 다 찼으니 9, 10월에 와서 식사를 하면 좋을 거 같아 말씀 드렸다. 다만 현재 제공하는 것에서 절반 수준으로 하고 대신 음식값은 절반만 부담하기로 했다""고 설명했다.피해자들은 완벽한 결말은 아니지만, 받아들이기로 했다.강씨는 ""뭔가 찜찜한 결론이기는 해도 고소를 진행할 경우 거기서 오는 마음 고생, 몸 고생을 생각하면 그냥 받아들이는 게 낫다는 쪽으로 결론을 내렸다""며 ""함께 소송에 나선 분들도 생각을 같이 했다""고 전했다.모수 서울도, 피해자들도 각자 손해를 보는 쪽으로 원만하게 마무리했다는 점에서 이례적이라는 평가도 나온다. 양 쪽 모두 아쉬움과 함께 한 목소리를 낸 건 범죄 자체가 발생하지 않도록 제도를 마련해야 한다는 것이다.강씨는 ""금융 사기 피해자가 됐다는 걸 아는 순간부터 지금까지 늘 아쉬웠던 게 법적으로 보호해 주고 배상해 줄 장치가 없었다는 점""이라며 ""사기 피해가 생기지 않도록 예방적 차원에서 법적으로 명확한 뭔가가 있으면 좋겠다""고 말했다.모수 서울 관계자도 ""재발 방지를 위해서 국가가 나서 준다면야 너무 좋은데 우리가 할 수 있는 최선의 방법은 피싱에 속지 않는 것 뿐""이라며 ""명함까지 보내주면서 착신전환하라고 하니 당할 수 밖에 없었다""고 안타까움을 전했다.이어 ""수사 결과 기다리고 있는 중인데 뭔가를 바라는 건 없고 빨리 그 피의자가 검거되길 바라는 것 뿐""이라고 강조했다.제도가 필요한 이유는 피해 복구도, 보상도 이뤄지지 않은 피해자의 고백을 통해 엿볼 수 있다.정보기술(IT) 업체 전화번호를 가로챈 범죄자 말에 속아 1억원의 투자금을 송금한 A씨는 ""'너 죽고 나 죽자', 이런 말이 왜 있는지 알겠더라. 피가 거꾸로 솟아오르는 분노를 느꼈다""며 ""피해자가 극단적인 일을 벌여 사회적 관심이 생기지 않으면 어느 누구도 나서지 않을 것 같았다""며 절망적이던 때를 떠올렸다.#제도 #입법 #착신전환 #넘버피싱"
https://n.news.naver.com/mnews/article/421/0008405342?sid=105,2025-08-01 08:51:57,IT/과학,"LGU+, 5G 요금제 혜택에 소상공인 전용 'AI전화' 추가","LG유플러스는 지난해 출시한 소상공인 전용 'AI전화' 서비스를 5G 모바일 프리미엄 요금제 가입 혜택으로 제공한다고 1일 밝혔다. 사진은 LG유플러스 임직원이 'AI전화' 혜택을 소개하고 있는 모습. (LGU+ 제공)(서울=뉴스1) 이기범 기자 = LG유플러스(032640)가 소상공인 전용 'AI전화' 서비스를 5G 프리미엄 요금제 가입 혜택으로 제공한다고 1일 밝혔다.지난해 출시된 AI전화는 소상공인 전용 서비스다. 인터넷 전화에 인공지능(AI) 기능을 탑재한 게 특징으로, 매장 위치, 영업시간, 주차 가능 여부 등 매장으로 걸려 오는 단순 문의 전화를 AI 콜봇이 24시간 응대한다.특히 AI전화는 매장으로 동시에 걸려오는 전화를 모두 응대할 수 있다. 미리 설정해 둔 매장 정보에 기반한 답변을 제공하며, 매장 이용 고객이 자주 문의하는 내용을 분석해 준다.LG유플러스는 내년 1월 31일까지 5G 프리미엄 요금제에 가입하면서 AI전화팩을 선택하는 고객에게 AI전화 월 이용요금 7700원(3년 약정 기준)을 약정 기간 면제해 준다. 또 매장용 인터넷전화 단말기 및 50분 무료 통화 혜택도 제공한다.AI전화팩을 선택할 수 있는 5G 요금제는 '5G 시그니처'(월 13만 원), '5G프리미어 슈퍼'(월 11만 5000원) 등이다.김남수 LG유플러스 SOHO AX트라이브장(상무)는 ""AI가 필수인 시대에 소상공인 매장의 디지털 전환을 돕고, 소상공인의 통신비 부담을 줄여 주기 위해 AI전화를 프리미엄 모바일 요금제의 특별 혜택에 추가했다""며 ""앞으로도 LG유플러스만의 기술력으로 소상공인 고객에게 차별화된 고객가치를 전달할 수 있도록 노력하겠다""고 말했다."
https://n.news.naver.com/mnews/article/417/0001092824?sid=105,2025-08-01 09:00:00,IT/과학,"LG U+, 5G 결합한 소상공인 전용 'AI전화팩' 출시","LG유플러스는 지난해 출시한 소상공인 전용 'AI전화' 서비스를 5G 모바일 프리미엄 요금제 가입 혜택으로 제공한다고 1일 밝혔다. 사진은 LG유플러스 임직원이 'AI전화' 혜택을 소개하고 있는 모습. /사진=LG유플러스LG유플러스는 지난해 출시한 소상공인 전용 'AI전화' 서비스를 5G 모바일 프리미엄 요금제 가입 혜택으로 제공한다고 1일 밝혔다. 이로 인해 LG유플러스는 소상공인 매장의 디지털 전환과 통신 요금 절감을 지원할 수 있을 것으로 기대하고 있다.'AI전화'는 소상공인 매장의 기존 인터넷전화에 AI 기능을 탑재한 서비스로 매장으로 걸려오는 단순·반복 문의 전화를 AI콜봇이 24시간 365일 응대한다. AI전화를 이용하면 매장위치, 영업시간, 주차 가능여부 등 주요 문의에 정확한 응대를 할 수 있으며 그 시간 동안 사장님은 매장 고객 응대에 더 집중할 수 있다는 장점이 있다.LG유플러스의 'AI전화'는 매장으로 동시에 걸려오는 전화를 모두 응대 가능하며 AI가 고객의 문의사항을 듣고 사장님이 미리 설정해둔 매장 정보에 기반해서 답변하는 것이 특징이다. 매장 정보는 소상공인 매장 통신상품 통합관리 앱 '우리가게패키지'에서 직접 관리 가능하다. 또한, 앱에서 AI전화 응대 내용을 분석해주는 리포트 기능을 통해 매장 이용 고객이 자주 문의하는 내용을 분석해 매장 운영 개선에 활용할 수 있다.LG유플러스는 2026년 1월 31일까지 5G 프리미엄 요금제에 가입하면서 'AI전화팩'을 선택하는 고객에게 기존 혜택 외에도 소상공인 전용인 'AI전화' 월 이용요금 7700원(3년 약정 기준)을 약정기간 동안 면제(5G 프리미엄 요금제 유지)해 준다. 또한 매장용 인터넷전화 단말기 및 50분 무료 통화 혜택도 제공한다. (3년 약정 필수, 50분 초과 통화요금 및 문자요금은 별도 부과) 'AI전화팩' 선택이 가능한 5G 요금제는 '5G시그니처(월 13만원)' 또는 '5G프리미어 슈퍼(11만5000원)'이며, 고객당 1회선만 가능하다.김남수 LG유플러스 SOHO AX트라이브장(상무)는 ""AI가 필수인 시대에 소상공인 매장의 디지털 전환을 돕고 소상공인의 통신비 부담을 줄여 주기 위해 'AI전화'를 프리미엄 모바일 요금제의 특별 혜택에 추가했다""며 ""앞으로도 LG유플러스만의 기술력으로 소상공인 고객에게 차별화된 고객가치를 전달할 수 있도록 노력하겠다""고 말했다."
https://n.news.naver.com/mnews/article/003/0013397901?sid=105,2025-08-01 09:00:00,IT/과학,"LGU+, 5G 결합 소상공인 전용 'AI 전화팩' 출시","LGU+, 기존 인터넷전화에 AI 기능 탑재3년 약정하면 월 이용요금 7700원 면제[서울=뉴시스]박은비 기자 = LG유플러스는 지난해 출시한 소상공인 전용 '인공지능(AI)전화' 서비스를 5G 모바일 프리미엄 요금제 가입 혜택으로 제공한다고 1일 밝혔다.AI전화는 소상공인 매장의 기존 인터넷전화에 AI 기능을 탑재한 서비스다. 매장으로 걸려오는 단순·반복 문의 전화를 AI콜봇이 24시간 365일 응대한다. AI가 고객 문의를 듣고 사장님이 미리 설정해둔 매장 정보에 기반해서 답변한다.매장 정보는 소상공인 매장 통신상품 통합관리 애플리케이션(앱) '우리가게패키지'에서 직접 관리 가능하다. 또 앱에서 AI전화 응대 내용을 분석해주는 리포트 기능으로 매장 이용 고객이 자주 문의하는 내용을 분석해 매장 운영 개선에 활용할 수 있다.LG유플러스는 소상공인 매장의 디지털 전환과 통신 요금 절감을 지원할 수 있을 것으로 기대하고 있다.LG유플러스는 내년 1월 31일까지 5G 프리미엄 요금제에 가입하면서 AI전화팩을 선택하는 고객에게 기존 혜택 외에도 소상공인 전용 AI전화 월 이용요금 7700원(3년 약정 기준)을 약정기간 동안 면제(5G 프리미엄 요금제 유지)해준다. 매장용 인터넷전화 단말기와 50분 무료 통화 혜택도 제공한다.AI전화팩 선택이 가능한 5G 요금제는 5G시그니처(월 13만원) 또는 5G프리미어 슈퍼(11만5000원)이며, 고객당 1회선만 가능하다.김남수 LG유플러스 SOHO AX트라이브장(상무)은 ""AI가 필수인 시대에 소상공인 매장의 디지털 전환을 돕고, 소상공인의 통신비 부담을 줄여 드릴 것""이라며 '앞으로도 LG유플러스만의 기술력으로 소상공인 고객에게 차별화된 고객가치를 전달할 수 있도록 노력하겠다""고 말했다."
https://n.news.naver.com/mnews/article/016/0002508251?sid=105,2025-08-01 09:01:14,IT/과학,"LGU+, 5G 결합 소상공인 전용 ‘AI 전화팩’ 선봬","AI 콜봇 365일 24시간 응대 매장, 특별 혜택내년 1월까지 AI 전화 선택 시 월 7700원 면제LG유플러스 임직원이 ‘AI전화’ 혜택을 소개하고 있다. [LG유플러스 제공][헤럴드경제=고재우 기자] LG유플러스는 지난해 출시한 소상공인 전용 ‘인공지능(AI) 전화’ 서비스를 5G 모바일 프리미엄 요금제 가입 혜택으로 제공한다고 1일 밝혔다.이에 따라 소상공인은 매장의 디지털 전환, 통신 요금 절감 효과를 체감할 수 있을 전망이다.‘AI 전화’는 소상공인 매장의 기존 인터넷전화에 AI 기능을 탑재한 서비스다. 매장으로 걸려 오는 단순·반복 문의 전화를 AI 콜봇이 365일 24시간 응대한다. AI 전화 이용 시 매장 위치, 영업시간, 주차 가능 여부 등 주요 문의에 정확한 응대가 가능하다. 사장님은 매장 고객 응대에 집중할 수 있다.또 매장으로 동시에 걸려 오는 전화에 모두 응대할 수 있다. AI가 고객의 문의 사항을 듣고, 사장님이 미리 설정해 둔 매장 정보에 기반해서 답변한다. 매장 정보는 소상공인 매장 통신상품 통합관리 앱 ‘우리가게패키지’에서 직접 관리가 가능하다.뿐만 아니라 앱에서 AI 전화 응대 내용을 분석해 주는 리포트 기능을 통해 매장 이용 고객이 자주 문의하는 내용 분석도 가능하다. 이를 통해 사장님은 매장 운영 관련 내용 전반을 개선할 수 있다.아울러 LG유플러스는 내년 1월 31일까지 5G 프리미엄 요금제에 가입하면서 AI 전화팩을 선택하는 고객에게 월 이용 요금 7700원(3년 약정 기준)을 면제(5G 프리미엄 요금제 유지)해 준다.이와 함께 약정 기간 동안 매장용 인터넷전화 단말기 및 50분 무료 통화 혜택도 제공된다. AI 전화팩 선택이 가능한 5G 요금제는 5G시그니처(월 13만원), 5G프리미어 슈퍼(11만5000원) 등이다. 고객당 1회선만 가능하다.김남수 LG유플러스 SOHO AX트라이브장은 ”소상공인 매장의 디지털 전환을 돕고, 통신비 부담을 줄여 주기 위해 AI 전화를 프리미엄 모바일 요금제 특별 혜택에 추가했다”며 “앞으로도 소상공인 고객에게 차별화된 고객가치를 전달할 수 있도록 노력하겠다”고 말했다."
https://n.news.naver.com/mnews/article/092/0002384395?sid=105,2025-08-01 09:02:17,IT/과학,"LGU+, 소상공인 전용 5G 요금제 출시...AI 더한 인터넷전화","소상공인 전용 ‘AI전화팩’ 출시…매장 전화 응대 자동화 서비스LG유플러스는 소상공인 전용 ‘AI전화’ 서비스를 결합한 5G 프리미엄 요금제를 출시한다고 1일 밝혔다.‘AI전화’는 소상공인 매장의 기존 인터넷전화에 AI 기능을 탑재한 서비스로 매장으로 걸려오는 단순·반복 문의 전화를 AI콜봇이 24시간 365일 응대한다. 이 서비스를 이용하면 매장 위치, 영업시간, 주차 가능여부 등 주요 문의에 정확한 응대를 대신해준다.이와 함께 매장으로 동시에 걸려오는 전화도 모두 응대 가능하다. 고객의 문의사항은 이용자가 미리 설정해둔 매장 정보를 바탕으로 답변한다. 매장 정보는 소상공인 매장 통신상품 통합관리 앱 ‘우리가게패키지’에서 직접 관리 가능하다.또한 이 앱에서는 AI전화 응대 내용을 분석해주는 리포트 기능도 제공한다. 이를 통해 매장 이용 고객이 자주 문의하는 내용을 분석한 정보를 기반으로 매장 운영 개선에 활용할 수 있다.LG유플러스는 2026년 1월 31일까지 5G 프리미엄 요금제에 가입하면서 ‘AI전화팩’을 선택하는 고객에게 기존 구성 외에도 소상공인 전용인 ‘AI전화’ 월 이용요금 7천700원을 약정기간 동안 면제해 준다.단, 3년 약정 기준으로 5G 프리미엄 요금제를 유지해야 한다.매장용 인터넷전화 단말기 및 50분 무료 통화 혜택도 제공한다. 이 또한 3년 약정 필수며, 50분 초과 통화요금 및 문자요금은 별도로 부과된다. ‘AI전화팩’ 선택이 가능한 5G 요금제는 ‘5G시그니처(월 13만원)’ 또는 ‘5G프리미어 슈퍼(11만5천원)’이며, 고객당 1회선만 가능하다.김남수 LG유플러스 SOHO AX트라이브장은 ”AI가 필수인 시대에 소상공인 매장의 디지털 전환을 돕고, 소상공인의 통신비 부담을 줄여 주기 위해 'AI전화'를 프리미엄 모바일 요금제의 특별 혜택에 추가했다”며 “앞으로도 LG유플러스만의 기술력으로 소상공인 고객에게 차별화된 고객가치를 전달할 수 있도록 노력하겠다”고 말했다."
https://n.news.naver.com/mnews/article/018/0006078904?sid=105,2025-08-01 09:03:16,IT/과학,"LGU+, 5G 결합 소상공인 전용 ‘AI전화팩’ 출시...24시간 자동 응대","5G시그니처·5G프리미어 슈퍼 가입 후‘AI전화’ 선택하면 월 이용요금 7700원 면제소상공인 매장 통신상품 통합관리 앱‘우리가게패키지’ 간편 설정 관리 가능[이데일리 윤정훈 기자]LG유플러스(032640)는 지난해 출시한 소상공인 전용 ‘AI전화’ 서비스를 5G 모바일 프리미엄 요금제 가입 혜택으로 제공한다고 1일 밝혔다. 이로 인해 LG유플러스는 소상공인 매장의 디지털 전환과 통신 요금 절감을 지원할 수 있을 것으로 기대하고 있다.(사진= LG유플러스)‘AI전화’는 소상공인 매장의 기존 인터넷전화에 AI 기능을 탑재한 서비스로 매장으로 걸려오는 단순·반복 문의 전화를 AI콜봇이 24시간 365일 응대한다. AI전화를 이용하면 매장위치, 영업시간, 주차 가능여부 등 주요 문의에 정확한 응대를 할 수 있으며, 그 시간 동안 사장님은 매장 고객 응대에 더 집중할 수 있다는 장점이 있다.LG유플러스의 ‘AI전화’는 매장으로 동시에 걸려오는 전화를 모두 응대 가능하며, AI가 고객의 문의사항을 듣고 사장님이 미리 설정해둔 매장 정보에 기반해서 답변하는 것이 특징이다. 매장 정보는 소상공인 매장 통신상품 통합관리 앱 ‘우리가게패키지’에서 직접 관리 가능하다. 또한, 앱에서 AI전화 응대 내용을 분석해주는 리포트 기능을 통해 매장 이용 고객이 자주 문의하는 내용을 분석해 매장 운영 개선에 활용할 수 있다.LG유플러스는 2026년 1월 31일까지 5G 프리미엄 요금제에 가입하면서 ‘AI전화팩’을 선택하는 고객에게 기존 혜택 외에도 소상공인 전용인 ‘AI전화’ 월 이용요금 7,700원(3년 약정 기준)을 약정기간 동안 면제(5G 프리미엄 요금제 유지)해 준다. 또한 매장용 인터넷전화 단말기 및 50분 무료 통화 혜택도 제공한다. (3년 약정 필수, 50분 초과 통화요금 및 문자요금은 별도 부과) ‘AI전화팩’ 선택이 가능한 5G 요금제는 ‘5G시그니처(월 13만원)’ 또는 ‘5G프리미어 슈퍼(11만 5천원)’이며, 고객당 1회선만 가능하다.김남수 LG유플러스 SOHO AX트라이브장(상무)는 ”AI가 필수인 시대에 소상공인 매장의 디지털 전환을 돕고, 소상공인의 통신비 부담을 줄여 주기 위해 ‘AI전화’를 프리미엄 모바일 요금제의 특별 혜택에 추가했다”며 “앞으로도 LG유플러스만의 기술력으로 소상공인 고객에게 차별화된 고객가치를 전달할 수 있도록 노력하겠다”고 말했다."
https://n.news.naver.com/mnews/article/031/0000953684?sid=105,2025-08-01 09:12:11,IT/과학,"LGU+, 5G 결합한 소상공인 전용 'AI전화팩' 출시","통합관리 앱 '우리가게패키지'서 간편 설정 관리 가능LG유플러스(대표 홍범식)는 지난해 출시한 소상공인 전용 'AI전화' 서비스를 5G 모바일 프리미엄 요금제 가입 혜택으로 제공한다고 1일 밝혔다.LG유플러스 임직원이 AI전화 혜택을 소개하고 있는 모습. [사진=LGU+]AI전화는 소상공인 매장의 기존 인터넷전화에 AI 기능을 탑재한 서비스다. 매장으로 걸려오는 단순·반복 문의 전화를 AI콜봇이 24시간 365일 응대한다.AI전화를 이용하면 매장위치, 영업시간, 주차 가능여부 등 주요 문의에 정확한 응대를 할 수 있다. 그 시간 동안 사장님은 매장 고객 응대에 더 집중할 수 있다.AI전화는 매장으로 동시에 걸려오는 전화를 모두 응대 가능하다. AI가 고객의 문의사항을 듣고 사장님이 미리 설정해둔 매장 정보에 기반해서 답변하는 것이 특징이다.매장 정보는 소상공인 매장 통신상품 통합관리 앱 우리가게패키지에서 직접 관리 가능하다. 앱에서 AI전화 응대 내용을 분석해주는 리포트 기능을 통해 매장 이용 고객이 자주 문의하는 내용을 분석해 매장 운영 개선에 활용할 수 있다.LG유플러스는 2026년 1월31일까지 5G 프리미엄 요금제에 가입하면서 AI전화팩을 선택하는 고객에게 기존 혜택 외에도 소상공인 전용인 AI전화 월 이용요금 7700원(3년 약정 기준)을 약정기간 동안 면제한다.매장용 인터넷전화 단말기 및 50분 무료 통화 혜택도 제공한다. 3년 약정이 필수이며 50분 초과 통화요금 및 문자요금은 별도 부과된다. AI전화팩 선택이 가능한 5G 요금제는 5G시그니처(월 13만원) 또는 5G프리미어 슈퍼(11만 5천원)다.김남수 LG유플러스 SOHO AX트라이브장(상무)는 ""AI가 필수인 시대에 소상공인 매장의 디지털 전환을 돕고, 소상공인의 통신비 부담을 줄여 주기 위해 AI전화를 프리미엄 모바일 요금제의 특별 혜택에 추가했다""고 설명했다."
https://n.news.naver.com/mnews/article/082/0001338180?sid=101,2025-08-01 09:16:19,경제,"LGU+, 소상공인 겨냥한 5G ‘AI전화팩’ 출시","5G 프리미엄 요금제 가입, 소상공인 AI전화 무료 제공AI전화 월 이용요금 7700원, 3년 약정 기간 동안 면제LG유플러스가 소상공인 전용 ‘AI전화’ 서비스를 5G 모바일 프리미엄 요금제 가입 혜택으로 제공한다고 1일 밝혔다. 사진은 LG유플러스 임직원이 ‘AI전화’ 혜택을 소개하고 있는 모습. LG유플러스 ㅈ공.LG유플러스가 소상공인 전용 ‘AI전화’ 서비스를 5G 휴대전화 고가 요금제 가입 혜택으로 제공한다.LG유플러스는 지난해 출시한 소상공인 전용 AI전화 서비스를 5G 모바일 프리미엄 요금제 가입 혜택으로 제공한다고 1일 밝혔다. 소상공인 매장의 디지털 전환과 통신 요금 절감을 동시에 지원할 수 있다는 게 LG유플러스의 설명이다.LG유플러스는 내년 1월 31일까지 5G 프리미엄 요금제에 가입하면서 ‘AI전화팩’을 선택하는 가입자에게 기존 혜택 외에도 소상공인 전용인 ‘AI전화’ 월 이용요금 7700원(3년 약정 기준)을 약정기간 동안 면제(5G 프리미엄 요금제 유지)한다고 밝혔다. 또 매장용 인터넷전화 단말기 및 50분 무료 통화 혜택도 제공(3년 약정 필수, 50분 초과 통화요금 및 문자요금은 별도 부과)한다. AI전화팩 선택이 가능한 5G 요금제는 ‘5G시그니처(월 13만 원)’ 또는 ‘5G프리미어 슈퍼(11만 5000원)’이며, 고객당 1회선만 가능하다.AI전화는 소상공인 매장의 기존 인터넷전화에 AI 기능을 탑재한 서비스다. 매장으로 걸려오는 단순·반복 문의 전화를 AI콜봇이 24시간 365일 응대하는 기능을 갖췄다. AI전화를 이용하면 매장위치, 영업시간, 주차 가능여부 등 주요 문의에 자동으로 응대를 할 수 있다.LG유플러스는 AI전화가 매장으로 동시에 걸려오는 전화에 모두 응대할 수 있다고 밝혔다. AI는 고객의 문의사항을 듣고 업주가 미리 설정해둔 매장 정보에 기반해서 답변한다. 매장 정보는 소상공인 매장 통신상품 통합관리 앱 ‘우리가게패키지’에서 직접 관리할 수 있다. 또 앱에서 AI전화 응대 내용을 분석해주는 리포트 기능을 통해 매장 이용 고객이 자주 문의하는 내용을 분석해 매장 운영 개선에 활용할 수 있다.김남수 LG유플러스 SOHO AX트라이브장(상무)는 “AI가 필수인 시대에 소상공인 매장의 디지털 전환을 돕고, 소상공인의 통신비 부담을 줄여 주기 위해 AI전화를 프리미엄 모바일 요금제의 특별 혜택에 추가했다”며 “앞으로도 LG유플러스만의 기술력으로 소상공인 고객에게 차별화된 고객가치를 전달할 수 있도록 노력하겠다”고 말했다."
https://n.news.naver.com/mnews/article/030/0003337170?sid=105,2025-08-01 09:19:14,IT/과학,"LGU+, 5G 요금제 연계 소상공인 전용 'AI전화팩' 출시","LG유플러스 임직원이 'AI전화' 혜택을 소개하고 있는 모습LG유플러스는 5세대(5G) 이동통신 요금제와 연계한 소상공인 전용 '인공지능(AI) 전화' 서비스를 선보인다.'AI전화'는 소상공인 매장의 기존 인터넷전화에 AI 기능을 탑재한 서비스다. 매장으로 걸려오는 단순·반복 문의 전화를 AI콜봇이 24시간 365일 응대한다. 동시에 전화가 걸려와도 모두 응대 가능하다. 또 앱에서 AI전화 응대 내용을 분석해주는 리포트 기능을 통해 매장 운영 개선에 활용할 수 있다.LG유플러스는 내년 1월 31일까지 5G 프리미엄 요금제에 가입하면서 'AI전화팩'을 선택하는 고객에게 기존 혜택 외에도 소상공인 전용인 'AI전화' 월 이용요금 7700원(3년 약정 기준)을 약정기간 동안 면제(프리미엄 요금제 유지)해 준다.또한 매장용 인터넷전화 단말기 및 50분 무료 통화 혜택도 제공한다. 'AI전화팩' 선택이 가능한 5G 요금제는 '5G시그니처(월 13만원)' 또는 '5G프리미어 슈퍼(11만5000원)'이며, 고객당 1회선만 가능하다.김남수 LG유플러스 SOHO AX트라이브장(상무)는 “AI가 필수인 시대에 소상공인 매장의 디지털 전환을 돕고 소상공인의 통신비 부담을 줄여 주기 위해 'AI전화'를 프리미엄 모바일 요금제의 특별 혜택에 추가했다”며 “앞으로도 소상공인 고객에게 차별화된 고객가치를 전달할 수 있도록 노력하겠다”고 말했다."
https://n.news.naver.com/mnews/article/008/0005230132?sid=105,2025-08-01 09:42:48,IT/과학,"LGU+ ""5G 고가요금제 이용 시 소상공인 전용 'AI전화' 제공""","LG유플러스 임직원이 'AI전화' 혜택을 소개하고 있다. /사진=LG유플러스LG유플러스는 지난해 출시한 소상공인 전용 'AI전화' 서비스를 5G 고가요금제 이용 시 무료로 제공한다고 1일 밝혔다.AI전화는 소상공인 매장의 기존 인터넷 전화에 AI 기능을 탑재한 서비스로 매장으로 걸려오는 단순·반복 문의 전화를 AI콜봇이 24시간 365일 응대한다. AI전화를 이용하면 매장위치, 영업시간, 주차 가능여부 등 주요 문의에 정확한 응대를 할 수 있다.AI전화 무료 제공 5G 요금제는 '5G시그니처(13만원)' '5G프리미어 슈퍼(11만5000원)'이며, 고객당 1회선만 가능하다. 고객은 요금제 가입 시 다양한 서비스팩 중 'AI전화팩'을 선택하면 된다. 해당 혜택은 내년 1월 31일까지 진행된다.김남수 LG유플러스 SOHO AX트라이브장(상무)는 ""소상공인의 통신비 부담을 줄여 주기 위해 'AI전화'를 프리미엄 모바일 요금제의 특별 혜택에 추가했다""며 ""앞으로도 LG유플러스만의 기술력으로 소상공인 고객에게 차별화된 고객가치를 전달할 수 있도록 노력하겠다""고 말했다."
https://n.news.naver.com/mnews/article/138/0002201892?sid=105,2025-08-01 09:43:06,IT/과학,"LGU+, 소상공인 전용 5G 결합 ‘AI전화팩’ 출시","[ⓒLG유플러스][디지털데일리 오병훈기자] LG유플러스가 소상공인을 대상으로 인공지능(AI) 고객 응대 서비스와 5G를 결합한 서비스를 출시했다.LG유플러스(대표 홍범식)는 지난해 출시한 소상공인 전용 ‘AI전화’ 서비스를 5G 모바일 프리미엄 요금제 가입 혜택으로 제공하는 ‘AI전화팩’을 선보인다고 1일 밝혔다.AI전화는 소상공인 매장의 기존 인터넷전화에 AI 기능을 탑재한 서비스로 매장으로 걸려오는 단순·반복 문의 전화를 AI콜봇이 24시간 365일 응대한다. AI전화를 이용하면 매장위치, 영업시간, 주차 가능여부 등 주요 문의에 응대를 할 수 있으며, 그 시간 동안 소상공인은 매장 고객 응대에 더 집중할 수 있다는 장점이 있다.LG유플러스의 ‘AI전화’는 매장으로 동시에 걸려오는 전화를 모두 응대 가능하며, AI가 고객의 문의사항을 듣고 사장님이 미리 설정해둔 매장 정보에 기반해서 답변하는 것이 특징이다. 매장 정보는 소상공인 매장 통신상품 통합관리 애플리케이션(이하 앱) ‘우리가게패키지’에서 직접 관리 가능하다. 또, 앱에서 AI전화 응대 내용을 분석해주는 리포트 기능을 통해 매장 운영을 개선할 수 있다.LG유플러스는 오는 2026년 1월31일까지 5G 프리미엄 요금제에 가입하면서 AI전화팩을 선택하는 고객에게 기존 혜택 외에도 소상공인 전용인 ‘AI전화’ 월 이용요금 7700원(3년 약정 기준)을 약정기간 동안 면제(5G 프리미엄 요금제 유지)해 준다. 또한 매장용 인터넷전화 단말기 및 50분 무료 통화 혜택도 제공한다. 3년 약정이 필수이며, 50분 초과 통화요금 및 문자요금은 별도 부과된다. AI전화팩 선택이 가능한 5G 요금제는 ‘5G시그니처’ 또는 ‘5G프리미어 슈퍼’이며, 고객당 1회선만 가능하다.김남수 LG유플러스 소호(SOHO) 인공지능전환(AX)트라이브장(상무)은 “AI가 필수인 시대에 소상공인 매장 디지털 전환을 돕고, 소상공인 통신비 부담을 줄여 주기 위해 ‘AI전화’를 프리미엄 모바일 요금제 특별 혜택에 추가했다”며 “앞으로도 LG유플러스만의 기술력으로 소상공인 고객에게 차별화된 고객가치를 전달할 수 있도록 노력하겠다”고 말했다."
https://n.news.naver.com/mnews/article/144/0001057615?sid=105,2025-08-01 11:10:11,IT/과학,"LG U+, 5G 결합한 소상공인 전용 ‘AI전화팩’ 출시","LG유플러스는 소상공인 통신요금 부담을 줄여주기 위해 지난해 출시한 소상공인 전용 ‘AI전화’ 서비스를 5G 모바일 프리미엄 요금제 가입 혜택으로 제공한다고 1일 밝혔다.‘AI전화’는 소상공인 매장의 기존 인터넷전화에 AI 기능을 탑재한 서비스로 매장으로 걸려오는 단순·반복 문의 전화를 AI콜봇이 24시간 365일 응대한다. AI전화를 이용하면 매장위치, 영업시간, 주차 가능여부 등 주요 문의에 정확한 응대를 할 수 있으며, 그 시간 동안 사장님은 매장 고객 응대에 더 집중할 수 있다는 장점이 있다.LG유플러스의 ‘AI전화’는 매장으로 동시에 걸려오는 전화를 모두 응대 가능하며, AI가 고객의 문의사항을 듣고 사장님이 미리 설정해둔 매장 정보에 기반해서 답변하는 것이 특징이다. 매장 정보는 소상공인 매장 통신상품 통합관리 앱 ‘우리가게패키지’에서 직접 관리 가능하다. 또한, 앱에서 AI전화 응대 내용을 분석해주는 리포트 기능을 통해 매장 이용 고객이 자주 문의하는 내용을 분석해 매장 운영 개선에 활용할 수 있다.LG유플러스는 2026년 1월 31일까지 5G 프리미엄 요금제에 가입하면서 ‘AI전화팩’을 선택하는 고객에게 기존 혜택 외에도 소상공인 전용인 ‘AI전화’ 월 이용요금 7700원(3년 약정 기준)을 약정기간 동안 면제(5G 프리미엄 요금제 유지)해 준다. 또한 매장용 인터넷전화 단말기 및 50분 무료 통화 혜택도 제공한다. ‘AI전화팩’ 선택이 가능한 5G 요금제는 ‘5G시그니처(월 13만원)’ 또는 ‘5G프리미어 슈퍼(11만 5000원)’이며, 고객당 1회선만 가능하다.조진호 기자 ftw@kyunghyang.com"
https://n.news.naver.com/mnews/article/016/0002508473?sid=105,2025-08-01 11:36:08,IT/과학,"LGU+, 5G 결합 소상공인 전용 ‘AI 전화팩’ 출시","기존 인터넷전화에 AI 기능 탑재3년 약정 선택 시 월 7700원 면제LG유플러스 직원이 ‘AI 전화’ 혜택을 소개하고 있다. [LG유플러스 제공]LG유플러스는 지난해 출시한 소상공인 전용 ‘인공지능(AI) 전화’ 서비스를 5G 모바일 프리미엄 요금제 가입 혜택으로 제공한다고 1일 밝혔다. 이에 따라 소상공인은 매장의 디지털 전환, 통신 요금 절감 효과를 체감할 수 있을 전망이다.AI 전화는 소상공인 매장의 기존 인터넷전화에 AI 기능을 탑재한 서비스다. 매장으로 걸려 오는 단순·반복 문의 전화를 AI 콜봇이 365일 24시간 응대한다. AI 전화 이용 시 매장 위치, 영업시간, 주차 가능 여부 등 주요 문의에 정확한 응대가 가능하다. 사장님은 매장 고객 응대에 집중할 수 있다.또 매장으로 동시에 걸려 오는 전화에 모두 응대할 수 있다. AI가 고객의 문의 사항을 듣고, 사장님이 미리 설정해 둔 매장 정보에 기반해서 답변한다. 매장 정보는 소상공인 매장 통신상품 통합관리 애플리케이션 ‘우리가게패키지’에서 직접 관리가 가능하다.뿐만 아니라 앱에서 AI 전화 응대 내용을 분석해 주는 리포트 기능을 통해 매장 이용 고객이 자주 문의하는 내용 분석도 가능하다. 이를 통해 사장님은 매장 운영 관련 내용 전반을 개선할 수 있다. 아울러 LG유플러스는 내년 1월 31일까지 5G 프리미엄 요금제에 가입하면서 AI 전화팩을 선택하는 고객에게 월 이용 요금 7700원(3년 약정 기준)을 면제(5G 프리미엄 요금제 유지)해 준다.이와 함께 약정 기간 동안 매장용 인터넷전화 단말기와 50분 무료 통화 혜택도 제공된다. AI 전화팩 선택이 가능한 5G 요금제는 5G시그니처(월 13만원), 5G프리미어 슈퍼(11만5000원) 등이다. 고객당 1회선만 가능하다.김남수 LG유플러스 SOHO AX트라이브장(상무)은 “소상공인 매장의 디지털 전환을 돕고, 통신비 부담을 줄여 주기 위해 AI 전화를 프리미엄 모바일 요금제 특별 혜택에 추가했다”며 “앞으로도 소상공인 고객에게 차별화된 고객가치를 전달할 수 있도록 노력하겠다”고 말했다.고재우 기자"
https://n.news.naver.com/mnews/article/119/0002986477?sid=105,2025-08-01 13:43:10,IT/과학,"LG U+, 5G 결합한 소상공인 전용 ‘AI전화팩’ 출시","5G시그니처·5G프리미어 슈퍼 가입 후 ‘AI전화’ 선택 시 월 이용요금 7700원 면제LG유플러스 임직원이 ‘AI전화’ 혜택을 소개하고 있는 모습ⓒLG유플러스[데일리안 = 조인영 기자] LG유플러스는 지난해 출시한 소상공인 전용 'AI전화' 서비스를 5G 모바일 프리미엄 요금제 가입 혜택으로 제공한다고 1일 밝혔다.‘AI전화’는 소상공인 매장의 기존 인터넷전화에 AI 기능을 탑재한 서비스로 매장으로 걸려오는 단순·반복 문의 전화를 AI콜봇이 24시간 365일 응대한다. AI전화를 이용하면 매장위치, 영업시간, 주차 가능여부 등 주요 문의에 정확한 응대를 할 수 있으며, 그 시간 동안 사장님은 매장 고객 응대에 더 집중할 수 있다는 장점이 있다.LG유플러스의 ‘AI전화’는 매장으로 동시에 걸려오는 전화를 모두 응대 가능하며, AI가 고객의 문의사항을 듣고 사장님이 미리 설정해둔 매장 정보에 기반해서 답변하는 것이 특징이다.매장 정보는 소상공인 매장 통신상품 통합관리 앱 ‘우리가게패키지’에서 직접 관리 가능하다. 또한, 앱에서 AI전화 응대 내용을 분석해주는 리포트 기능을 통해 매장 이용 고객이 자주 문의하는 내용을 분석해 매장 운영 개선에 활용할 수 있다.LG유플러스는 2026년 1월 31일까지 5G 프리미엄 요금제에 가입하면서 ‘AI전화팩’을 선택하는 고객에게 기존 혜택 외에도 소상공인 전용인 ‘AI전화’ 월 이용요금 7700원(3년 약정 기준)을 약정기간 동안 면제(5G 프리미엄 요금제 유지)해 준다.또한 매장용 인터넷전화 단말기 및 50분 무료 통화 혜택도 제공한다. (3년 약정 필수, 50분 초과 통화요금 및 문자요금은 별도 부과) ‘AI전화팩’ 선택이 가능한 5G 요금제는 ‘5G시그니처(월 13만원)’ 또는 ‘5G프리미어 슈퍼(11만5000원)’이며, 고객당 1회선만 가능하다.김남수 LG유플러스 SOHO AX트라이브장(상무)는 ”AI가 필수인 시대에 소상공인 매장의 디지털 전환을 돕고, 소상공인의 통신비 부담을 줄여 주기 위해 'AI전화'를 프리미엄 모바일 요금제의 특별 혜택에 추가했다”며 “앞으로도 LG유플러스만의 기술력으로 소상공인 고객에게 차별화된 고객가치를 전달할 수 있도록 노력하겠다”고 말했다."
https://n.news.naver.com/mnews/article/138/0002201939?sid=105,2025-08-01 17:02:16,IT/과학,"정부 대가산정안 의미 없었나…LGU+, 중소PP에 사용료 삭감 통보","최대 수십% 수준 전망[디지털데일리 강소현기자] 미디어 시장의 성장이 정체 국면에 접어들면서 유료방송도 비용효율화 작업에 들어간 분위기다. 케이블TV(SO)에 이어 인터넷TV(IPTV)도 방송채널사용사업자(PP)에게 지급되는 방송 프로그램 사용료 삭감 수순에 들어간 것이다.특히 최근 LG유플러스가 일부 중소PP 대상 대규모 사용료 삭감을 단행한 가운데 PP업계는 불합리한 삭감이라고 반발한 반면, LG유플러스는 정부 가이드라인에 의거한 것이라고 반박하고 있어 첨예한 갈등이 예상된다.방송시장 전반의 침체 속 곳곳에서 갈등이 빚어질 것으로 전망되는 가운데 사업자들이 상생할 수 있는 환경을 조성하기 위한 정부의 개입이 필요하다는 목소리가 나온다.◆ LGU+ “채널 평가서 평균 이하점 받은 사업자가 삭감 대상”1일 관련업계에 따르면, LG유플러스는 최근 일부 중소 방송채널사용사업자(PP)를 대상으로 최대 수십퍼센트(%) 수준의 방송 프로그램 사용료 삭감 의사를 통보했다.방송 프로그램 사용료는 콘텐츠 사용에 따른 대가를 말한다. IPTV·케이블TV 등 유료방송사는 시청자로부터 받은 수신료 매출의 일부를 콘텐츠 사용료 명목으로 프로그램을 제공한 PP에 배분해 왔다.이 가운데 LG유플러스는 정부의 ‘PP평가 기준 및 절차 표준안’(이하 표준안)을 토대로 이 같은 결정을 내렸다는 입장이다. 2024년 기준 장르별 평가 점수가 평균 이하인 중소PP 중 일부 사업자를 대상으로 방송 프로그램 사용료 지급액을 삭감했다는 것이다.LG유플러스 관계자는 “장르별 자체 시청점유율에 기반해 평가한 결과 평균 점수 이하인 PP가 대상이 됐다”라며 “콘텐츠 대가산정 방안에 따라 진행한 부분”이라고 설명했다.◆ PP업계 “대가산정안과 무관, 채널 평가는 프로그램 사용료 삭감 위한 명분”다만 중소PP의 입장은 다르다. 정부 표준안은 채널 계약의 연장 여부를 결정하기 위한 것으로 프로그램 사용료 삭감의 근거가 될 순 없다는 지적이다. 즉, 평가 결과에 따라 채널 계약을 연장할지 해지할지를 정하는 정도의 의사결정만 가능하다는 것이다.업계에 따르면 과기정통부는 지난해 재허가를 조건으로 IPTV3사(KT·SK브로드밴드·LG유플러스)에 채널 계약을 위한 PP평가와 별도로 방송재원의 공정한 배분을 위한 ‘콘텐츠 대가 산정 방안’ 및 ‘중소 방송채널사용사업자(PP) 상생 방안’을 마련하도록 했다.이번 지급액은 이 같은 대가산정안에 따라 산정된 것도 아니라는 게 PP업계의 주장이다. 지급액 산정에는 전체 IPTV 시장에서 LG유플러스의 매출과 가입자 점유율을 고려한 조정계수가 적용됐는데 이러한 내용은 기존은 물론 새로운 대가산정안에도 없는 내용이라는 설명이다.이에 PP평가 결과는 명분일 뿐 사실상 지급액 재조정 차원이라는 것이 중소PP사업자들의 주장이다.실제 중소·개별PP에 대한 프로그램 사용료가 전체 지급액에서 차지하는 비중은 LG유플러스가 가장 크다. 2024년 기준 전체 방송 프로그램 사용료 지급액 대비 중소·개별PP 지급액의 비중은 LG유플러스 16.7%, KT 11.6% SK브로드밴드 11.6% 순이었다.절대 액수로도 가장 컸다. 지난해 LG유플러스의 프로그램 사용료 지급액은 455억으로, 같은 기간 KT와 SK브로드밴드의 지급액이 각각 405억원, 342억원인 것을 감안하면 상대적으로 많은 금액을 내고 있었다.익명을 요구한 PP업계 관계자는 “유료방송사들이 경쟁사들보다 콘텐츠 사용료를 더 많이 주는 것이 불합리하다고 판단해 ‘지급액 줄이기 경쟁’을 펼치는 현상에 우려를 표한다”라며 “LG유플러스의 삭감 시도는 정부의 IPTV 재허가 조건인 중소PP 상생방안 마련에 전면 배치되며 상생 협력 논의에도 역행하는 조치”라고 비판했다.◆ 유료방송만 탓하긴 어려워…좀비PP에 대한 정부 기조 설정 시급다만 전문가들은 유료방송의 경쟁력도 약화된 만큼 가이드라인이 처음 논의될 시점과 달라진 상황이 고려돼야 한다고도 말한다. PP의 협상력은 길러주되 유료방송에게도 같은 콘텐츠를 계속 재방송하는 이른바 ‘좀비PP’를 정리할 수 있게끔 규제가 완화돼야 한다는 것이다.현재 유료방송사는 경쟁력 없는 채널을 자사 상품에서 제외시키기 어려운 상황이다. 경쟁력 없는 채널을 제외하는 경우 유료방송 사업자는 해당 채널을 제공하는 PP에게 지급할 비용(콘텐츠 사용료)을 절감할 수 있다. PP에 입장에서도 콘텐츠에 투자를 많이하는 PP에게 더 많은 콘텐츠 사용료가 돌아가는 것을 기대할 수 있다.정부도 형식적으로 채널평가를 거쳐 2년 연속 하위점을 기록한 채널에 대해 재계약을 보류할 수 있도록 하고 있지만 퇴출되는 경우는 거의 부재하다.업계에 정통한 한 전문가는 “중소PP가 다 좀비PP는 아니다”라면서도 “결국 정책철학의 관점인데, 순수하게 정글자본주의처럼 중소PP들은 삭감액을 받거나 나가라고 할지 채널 다양성 차원에서 지원 대상으로서 볼지는 선택의 문제”라고 말했다.또 다른 업계전문가는 “(정부 정책이) 과도하게 채널의 다양성에 집착하는 부분이 있다”라며 “중소PP 자체가 의미없다는 것은 아니지만 채널 가치가 떨어지는데 대해선 경우에 따라 퇴출시킬 수 있도록 하는 것이 소비자 편익이나 업계 전체를 위한 선택일 수도 있다”고 말했다.PP업계 관계자는 “미디어 시장 지형의 변동으로 유료방송사들이 가입자 정체와 이에 따른 매출감소 압박을 받고 있다고는 하지만 PP사업자들도 유료방송 못지 않은 어려움을 겪고 있는 상황”이라며 “유료방송사와 PP가 서로 협력해 침체된 시장에 다시 활기를 불어넣어야 할 상황임에도 유료방송사들이 자기 살길만 찾기위해 PP 프로그램 사용료를 삭감하겠다고 나서게 되면 소탐대실의 결과를 초래할 수 있다”라고 강조했다."
https://n.news.naver.com/mnews/article/421/0008406989?sid=105,2025-08-02 06:30:00,IT/과학,이통3사 2분기 영업익 1.54조 전망…SKT 울고 KT·LGU+웃을까,"1분기 이어 연달아 합산 영업익 1.5조원 돌파 전망2분기 실적, 'SKT 해킹 사태' 영향 본격 반영 시작서울의 한 휴대폰 판매 대리점 ⓒNews1 이재명 기자(서울=뉴스1) 김정현 기자 = SK텔레콤(017670)·KT(030200)·LG유플러스(032640) 이동통신3사가 올해 2분기 1조 5000억 원을 넘는 영업이익을 거둘 전망이다. SKT가 유심정보 해킹 사태의 여파에 주춤하는 가운데 KT와 LG유플러스는 반사이익을 누린 것으로 보인다.2일 금융정보업체 에프엔가이드의 증권가 컨센서스(영업이익 전망치)에 따르면 이통3사의 2분기 합산 영업이익은 1조 5393억 원을 기록할 것으로 보인다.지난 1분기에 이어 연속으로 분기 합산 영업이익이 1조 5000억 원을 돌파할 예정이나, 이통사별 상황은 다르다.SKT 해킹사태 반영 2분기 '주춤'…""하반기도 영향권""SKT의 2분기 영업이익 컨센서스는 3997억 원으로 전년 동기 대비 25.64% 감소할 것으로 보인다.2분기 실적 악화에는 가입자 이탈뿐 아니라 2000만 명이 넘는 가입자를 대상으로 한 유심 무상 교체 비용과 점유율 하락이 실적에 영향을 끼쳤을 것으로 풀이된다.SKT는 올해 발생한 유심정보 침해사고로 지난 5월 기준 국내 휴대전화 가입자 점유율이 39.17%로 떨어졌다. SKT 점유율이 40% 밑으로 내려간 건 약 10년 만이다.최민하 삼성증권 연구원은 ""4월 발생한 개인정보 유출 사고로 가입자 이탈에 따른 매출 감소와 약 2000억 원의 유심 교체 비용, 사태 수습을 위한 일부 잡비용 등이 2분기에 반영될 것으로 예상한다""고 분석했다.또 이번 해킹 사태가 SKT 실적이 영향을 미치는 기간은 2분기에 국한되지 않을 것으로 보인다. SKT는 해킹 사고에 따른 5000억 원 규모의 고객 보상안, 7000억 원 규모의 정보보호 혁신안을 발표했다. 대규모 정보유출에 따른 개인정보보호위원회 과징금도 부과될 예정이다.이같은 일회성 비용들은 하반기 SKT 실적에도 악영향을 끼칠 전망이다.정부가 SK텔레콤 해킹 사고 조사 결과를 토대로 위약금 면제 규정 적용이 가능하다고 밝힌 4일 오후 서울의 한 SKT 공식매장을 찾은 시민이 상담을 받고 있다. 2025.7.4/뉴스1 ⓒ News1 장수영 기자'반사 이익' KT·LG유플러스는 2분기 호실적 전망반면 KT와 LG유플러스는 2분기 호실적이 예상된다. 비용 효율화와 반사이익 덕분이다.KT의 2분기 영업이익 컨센서스는 8619억 원으로 전년 동기 대비 74.48% 증가할 걸로 여겨진다. LG유플러스의 2분기 영업이익 컨센서스도 2777억 원으로 같은 기간 9.32% 늘어날 전망이다.KT는 지난해 2분기 영업이익 감소를 부른 임금단체협상이 3분기로 미뤄진데다, 자회사의 부동산 분양 수익도 일시 반영될 예정이다.LG유플러스 역시 수익성 낮은 사업을 정리하는 등 비용 효율화가 2분기 실적 개선에 영향을 미친 것으로 보인다.또 두 회사 모두 SKT 해킹 사태로 이탈한 이동전화 가입자가 유입되며 수혜를 본 것이 실적에 긍정적 영향을 미쳤다.SKT 해킹이 처음 알려진 지난 4월 22일부터 위약금 면제 마감 기한인 7월 14일 사이 SK텔레콤을 떠난 가입자는 모두 83만 5214명으로 집계됐다. 이 중 44만 410명은 KT로, 39만 4804명은 LG유플러스로 유입된 바 있다."
https://n.news.naver.com/mnews/article/008/0005230628?sid=105,2025-08-03 09:00:00,IT/과학,"LGU+, 소상공인 공식몰 가입 35만 돌파...감사 프로모션 진행","LG유플러스 직원이 '35만 돌파 기념 프로모션'을 소개하고 있다. /사진=LG유플러스LG유플러스는 유플러스닷컴 소상공인 공식몰 가입수가 지난달 기준 35만을 돌파했다고 3일 밝혔다.이를 기념해 LG유플러스는 유플러스닷컴에서 '사장님 덕분 애(愛)' 프로모션을 진행한다. 이달 31일까지 유플러스닷컴 소상공인 공식몰에서 인터넷 가입을 완료한 신규 고객이 대상이다.인터넷 전화, CCTV, IPTV(인터넷TV) 중 하나라도 가입하면 별도의 신청 없이 자동 응모된다. 당첨 고객에게는 아이패드 11세대(2명), 다이슨 진공 청소기(2명), 뷰소닉 프로젝터(2명), 갤럭시워치8(3명) 등을 제공한다. 특히 스타벅스 커피는 상담 신청만 해도 응모할 수 있다.유현곤 LG유플러스 기업디지털채널담당은 ""유플러스닷컴 소상공인 공식몰 35만 가입 돌파라는 성과는 고객 한 분 한 분의 선택 덕분에 가능했다""며 ""감사한 마음을 담아 앞으로도 더 풍성한 혜택을 준비하고 소상공인 중심의 디지털 경험을 더 성장시키겠다""고 말했다."
https://n.news.naver.com/mnews/article/001/0015545353?sid=105,2025-08-03 09:00:05,IT/과학,[AI픽] AI 서버는 '목욕 중'…LGU+ 데이터센터 직접 가보니,"절연유·냉각수로 GPU 식히는 차세대 기술…효율성·에너지 절감 기대하절기 실증으로 성능 검증 중…2027년 AIDC 상용화도 염두LG유플러스 평촌2센터에서 직접칩냉각 방식을 테스트하고 있는 직원들[LG유플러스 제공](서울=연합뉴스) 박형빈 기자 = LG유플러스가 차세대 AI 인프라 구축을 위한 데이터센터 냉각 기술과 운영 체계 고도화에 속도를 내고 있다.LG유플러스는 지난달 31일 경기 안양에 위치한 평촌2센터에서 기자들을 대상으로 액체 냉각 기술을 시연하는 실증(PoC) 행사를 열었다.냉각 기술은 데이터센터 운영의 핵심으로 꼽힌다. 특히 AI 연산용 GPU는 일반 서버용 CPU보다 3배 이상 많은 열을 발생시키기 때문에, 발열 관리가 제대로 이뤄지지 않으면 성능 저하와 장비 노후화를 초래할 수 있다.현재 국내 대부분의 데이터센터는 공기냉각(공랭) 방식으로 GPU 온도를 낮추고 있다. 겨울철에는 같은 원리로 외기를 유입해 냉동기 가동 없이 에너지를 절감하는 방식도 활용한다.그러나 공랭 방식은 공기의 낮은 열전도율로 인해 냉각 용량에 한계가 있으며, 고밀도 서버 운용에는 적합하지 않다는 문제가 있다.이에 LG유플러스는 차세대 AI 데이터센터를 목표로 공랭의 한계를 극복할 액체 냉각 기술과 AI 기반 운영 최적화를 위한 데이터센터 인프라 관리 개발(DCIM)을 핵심 과제로 삼고 평촌2센터 실증 데모룸에서 검증 중이다.이날 시연된 액체 냉각 기술은 두 가지 방식이다.먼저 '직접 칩 냉각'(Direct-to-Chip)은 GPU 위에 설치된 냉각판에 냉각수를 순환시켜 열을 직접 흡수하는 방식이다. 약 36도의 냉각수가 서버 내부를 통과하면서 발열을 흡수한 뒤 약 45도로 상승해 외부 쿨링 장치에서 다시 식혀 재순환된다.또 다른 방식인 '액침 냉각'(Immersion Cooling)은 전기가 통하지 않는 절연유를 가득 채운 탱크에 서버를 통째로 담가 냉각하는 방법이다.직접 칩 냉각은 기존 인프라와의 호환성이 높고, 액침 냉각은 열효율이 뛰어나다는 장점이 있다.이번 실증에는 LG전자, 버티브, 쿨아이티, GST, GS칼텍스 등 국내외 협력사가 참여했다.LG유플러스는 하절기 고온 환경에서의 테스트를 통해 냉각 성능과 에너지 효율 개선 효과를 검증 중이며, 향후 상용화를 위한 운영 프로세스도 정립할 계획이다.LG유플러스 평촌2센터 PoC 액침냉각기[LG유플러스 제공]회사는 이번 기술 도입을 통해 데이터센터의 전력 및 공간 효율성이 기존 공랭 방식 대비 최대 6배 이상 향상될 것으로 기대한다.다만 해외에서 상용화된 직접 칩 냉각과 달리 액침 냉각은 아직 안정성 검증이 부족해 본격적인 도입까지는 시간이 더 필요하다는 설명이다. 경제성 면에서도 액체 냉각이 공랭 방식보다 저렴하지만, 기술 초기인 만큼 투자비가 상대적으로 커 고객사와의 논의가 필요한 점도 과제로 꼽힌다.오는 2027년 하반기 준공 예정인 LG유플러스의 파주 AIDC(인공지능 데이터센터)는 공랭 방식을 기본으로 설계되지만, 액체 냉각 기술 도입이 가능한 구조로 인프라를 구축할 예정이다.LG유플러스 관계자는 ""LG가 후발주자긴 하지만 기술적으로 해외보다 떨어지지는 않는다고 본다""며 ""없었던 기술이 시장에 새로 등장한 게 아닌 만큼 시장을 넓혀갈 수 있을 것""이라고 말했다.정숙경 LG유플러스 AIDC사업담당(상무)는 ""AI 데이터센터는 AI 생태계의 핵심 인프라로서 다양한 AI 서비스가 전 분야에 확산함에 따라 중요성이 재차 강조되고 있다""며 ""기존 패러다임을 바꿀 액체 냉각과 DCIM 기술을 통해 효율적이고 지속 가능한 AI 데이터센터 모델을 구축하면서 고객과 함께 성장해 나가겠다""고 말했다.binzz@yna.co.kr"
https://n.news.naver.com/mnews/article/092/0002384548?sid=105,2025-08-03 09:01:13,IT/과학,"LGU+ ""소상공인 인터넷 가입하고 경품 받아가세요""","소상공인 공식몰서 인터넷 상품 가입 시 아이패드·다이슨청소기·BBQ 치킨세트 등 자동 응모LG유플러스는 유플러스닷컴 소상공인 공식몰 가입 35만 돌파를 기념해 고객 감사 프로모션을 진행한다고 3일 밝혔다.유플러스닷컴 소상공인 공식몰은 사업자 전용 서비스와 차별화된 고객 가치를 제공하고 있다. 간편한 온라인 가입과 공식몰 단독 서비스 등으로 높은 만족도를 얻으며 지난달 기준 '인터넷·전화·CCTV·IPTV·매장AX솔루션' 가입 건수는 35만 건을 돌파했다.이를 기념해 '사장님 덕분애(愛)' 프로모션을 진행한다. 유플러스닷컴 소상공인 공식몰에서 인터넷 가입을 완료한 신규 가입자 대상이다. 인터넷 전화, CCTV, IPTV 중 한 가지라도 함께 가입하면 별도 신청 없이 자동 응모된다. 당첨자에게는 ▲아이패드 11세대(2명) ▲다이슨 청소기(2명) ▲뷰소닉 프로젝터(2명) ▲갤럭시 워치8(3명) ▲BBQ 치킨세트(25명) ▲스타벅스 아메리카노(50명)가 제공된다. 상담 신청만 해도 스타벅스 커피 응모에 참여할 수 있다.소상공인 공식몰은 사업주를 위해 매장 인터넷 가입 시 5만원 상품권을 추가 지급하며 매달 추가 요금 할인도 제공한다.또 ▲통신·AX솔루션 앱 '우리가게패키지' ▲제휴 서비스를 무료 제공하는 '사장님 광장'도 별도 요금 없이 이용할 수 있다.'우리가게패키지' 앱은 ▲AI 전화 응대 및 문의 분석 'U+ AI전화' ▲영상 분석 기반 자동 알림 '지능형CCTV' ▲매출·배달 현황 확인 가능한 '상권 분석' 기능을 하나의 앱으로 관리할 수 있게 돕는다.'사장님 광장'은 쿠팡이츠·캐시노트·당근·알바몬 등 제휴사와 연계해 매장 홍보, 매출 관리, 알바 채용, 위생 관리 등 매장 운영에 필요한 서비스를 제공한다.유현곤 LG유플러스 기업디지털채널담당은 ""유플러스닷컴 소상공인 공식몰 35만 가입 돌파라는 성과는 고객 한 분 한 분의 선택 덕분에 가능했다""며 ""감사한 마음을 담아 앞으로도 더 풍성한 서비스를 준비하고 소상공인 중심의 디지털 경험을 더 성장시키겠다""고 말했다."
https://n.news.naver.com/mnews/article/003/0013400450?sid=101,2025-08-03 09:04:25,경제,"LGU+, 이달 소상공인 공식몰서 인터넷 가입 시 아이패드 증정","소상공인 공식몰 가입 35만 돌파 기념[서울=뉴시스] LG유플러스가 유플러스닷컴 소상공인 공식몰 35만 가입자 수 돌파를 기념해 인터넷 전화, 폐쇄회로(CC)TV, 인터넷TV(IPTV) 신규 가입 고객을 대상으로 아이패드 11세대 등 경품을 제공한다고 3일 밝혔다. (사진=LG유플러스 제공) *재판매 및 DB 금지[서울=뉴시스]윤정민 기자 = LG유플러스가 유플러스닷컴 소상공인 공식몰 35만 가입자 수 돌파를 기념해 인터넷 전화, 폐쇄회로(CC)TV, 인터넷TV(IPTV) 신규 가입 고객을 대상으로 아이패드 11세대 등 경품을 제공한다고 3일 밝혔다.오는 31일까지 공식몰에서 인터넷 가입을 완료한 신규 고객이 대상으로 인터넷 전화, CCTV, IPTV 중 하나라도 가입하면 별도 신청 없이 자동 응모된다. 추첨을 통해 ▲아이패드 11세대(2명) ▲다이슨 진공 청소기(2명) ▲뷰소닉 프로젝터(2명) ▲갤럭시 워치8(3명) ▲BBQ 황금올리브 치킨 세트(25명) ▲스타벅스 아이스 아메리카노(50명)를 제공한다.한편 LG유플러스는 소상공인 공식몰 사업주 고객을 위한 혜택을 준다. 매장 인터넷을 가입하면 상품권 5만원을 추가 증정하며 매달 추가 요금 할인 받을 수 있는 온라인 혜택을 제공한다.소상공인 전용 매장 통신·인공지능 전환(AX) 솔루션 앱 '우리가게패키지', 매장 운영에 필수인 제휴 서비스를 무료로 제공하는 '사장님 광장'은 추가 요금 없이 이용할 수 있다.우리가게패키지는 인공지능(AI) 전화 응대 설정과 고객 문의 분석이 가능한 'U+ AI전화', 영상 분석 기반 자동 알림 서비스 '지능형CCTV', 평균 매출과 배달 이용 현황을 직접 확인할 수 있는 '상권 분석' 기능 등을 앱 하나로 관리할 수 있다.사장님 광장은 인기 제휴사인 쿠팡이츠, 캐시노트. 당근, 알바몬을 통해 매장 홍보, 매출 관리, 알바 구인, 위생 관리 등 매장 운영에 필요한 서비스를 이용할 수 있다."
https://n.news.naver.com/mnews/article/029/0002972775?sid=105,2025-08-03 09:12:29,IT/과학,"LGU+, 소상공인 공식몰 가입하면 경품 쏜다","LG유플러스 직원이 ‘35만 돌파 기념 프로모션’을 소개하고 있다. LG유플러스 제공LG유플러스는 유플러스닷컴 소상공인 공식몰 가입 35만 돌파를 기념해 고객 감사 프로모션을 연다고 3일 밝혔다. 지난달 기준 ‘인터넷·전화·CCTV·IPTV·매장AX솔루션’의 가입 수는 35만건을 돌파했다.이를 기념해 LG유플러스는 유플러스닷컴에서 ‘사장님 덕분愛’ 프로모션을 진행한다. 오는 31일까지 유플러스닷컴 소상공인 공식몰에서 인터넷 가입을 완료한 신규 고객이 대상이다. 인터넷 전화, CCTV, IPTV 중 하나라도 가입하면 별도의 신청 없이 자동 응모된다. 당첨자에게는 △아이패드 11세대(2명) △다이슨 진공 청소기(2명) △뷰소닉 프로젝터(2명) △갤럭시 워치8(3명) △BBQ 황금올리브 치킨 세트(25명) △스타벅스 아이스 아메리카노(50명)를 선물한다. 특히 스타벅스 커피는 상담 신청만 해도 응모할 수 있다.소상공인 공식몰에서는 사업주 고객을 위해 매장 인터넷을 가입하면 상품권 5만원을 추가 증정한다. 매월 추가 요금 할인 받을 수 있는 온라인 혜택을 제공한다. ‘우리가게패키지’는 ‘U+AI 전화’, ‘지능형 CCTV’, ‘상권 분석 기능’ 등을 앱으로 관리할 수 있다. ‘사장님 광장’은 인기 제휴사인 ‘쿠팡이츠·캐시노트·당근·알바몬’을 통해 매장 홍보, 매출 관리, 알바 구인 등 매장 운영에 필요한 서비스를 이용 가능하다.유현곤 LG유플러스 기업디지털채널담당은 “앞으로도 더 풍성한 혜택을 준비하고 소상공인 중심의 디지털 경험을 성장시키겠다”고 말했다."
https://n.news.naver.com/mnews/article/018/0006080341?sid=105,2025-08-03 09:20:10,IT/과학,[르포]공기 대신 물로 식힌다…LGU+ 평촌2센터 가보니,"H100 GPU 4장 탑재 서버로 액체냉각·액침냉각 실증전력·공간 효율 6배↑…AI 데이터센터 냉각기술 전환 가속2027년 파주에 국내 최초 '액체냉각 전용' 설계 구축냉각 에너지 최적화 추진[안양=이데일리 윤정훈 기자] “국내 N사와 K사, 글로벌 클라우드사들도 찾아와서 액체 냉각 기술에 관심을 보이고 있습니다.”지난달 31일 찾은 LG유플러스(032640) 경기도 안양 평촌2센터의 1층 데모룸에서는 LGU+가 직접 운영 중인 액체 냉각 기술 실증이 한창이었다.LGU+ 평촌 2센터 내 데모룸에 액체 냉각 기술 실증이 진행되고 있다. 좌측 2개 렉이 GPU 탑재 서버다.우측 검정색 장비가 열을 흡수해서 냉각수를 분배해주는 CDU 장비다.(사진=LG유플러스)정숙경 LGU+ AIDC사업담당(상무)은 “AI서버를 담을 수 있는 데이터센터의 필요성이 커지고 있고, 그래픽처리장치(GPU) 서버의 열관리가 화두인 만큼 평촌2센터는 액체냉각 데모룸을 운영하고 있다”며 “평촌 2센터는 이르면 내년 3단계 오픈 시점에 전체 12개 전산실 중에 3개 전산실을 액체냉각으로 운영하고, 2027년 완공 예정인 파주 데이터센터는 액체냉각을 중심으로 운영할 것”이라고 강조했다.LGU+는 엔비디아 GPU가 4개씩 탑재된 대당 3억원 비용이 든 2대의 렉에서 액체냉각 실증을 운영하고 있다. 글로벌 1위 버티브, 2위 업체인 쿨아이티의 시스템을 각 서버별로 검증해 최고 수준의 솔루션을 도입한다는 계획이다.각 서버는 다이렉트 투 칩(D2C) 냉각 방식을 테스트중이다. 이 방식은 냉각수가 콜드 플레이트와 파이프를 통해 중앙처리장치(CPU) 및 GPU와 같은 발열 부품에 집접 접촉해 열을 낮추는 방식이다. 물은 공기보다 열전도율이 20~30배 높기 때문에 기존 선풍기나 에어쿨링보다 훨씬 효율적으로 온도를 낮출 수 있다. LGU+는 이같은 방식을 통해 전력 및 공간 효율성이 기존 공기냉각(공랭) 대비 6배 이상 향상될 것이라고 설명했다.배성준 LGU+ AIDC(AI 데이터센터) 사업 담당 책임은 “콜드플레이트가 GPU의 열을 흡수하고, 플레이트 내부에 흐르는 냉각수(PG25)가 열을 흡수해 냉각수분배장치(CDU)로 회수한다”며 “CDU는 열을 냉각탑과 냉동기에 보내 배출하는 구조로 구성돼 있다”고 설명했다.서버를 절연유가 담긴 탱크에 담궈서 열을 식히는 ‘액침냉각’ 실증이 진행되고 있다(사진=LG유플러스)다른쪽에서는 서버를 직접 절연유가 담긴 탱크에 담궈서 열을 식히는 ‘액침냉각’ 실증이 진행되고 있었다. 액침냉각은 상대적으로 열효율이 높지만, 기존 렉구조에 적용하기는 어려운 점이 한계다. 액침냉각에 물이 아닌 절연유를 사용하는 것은 발화점이 섭씨 200도 이상으로 높아 화재를 예방할 수 있기 때문이다.백용희 LGU+ IDC 테크니컬 서포트팀 리더는 “현재 엔비디아와 같은 벤더사가 D2C 방식을 기본으로 하기 때문에 액침 방식은 미래기술이라고 볼 수 있다”며 “다만 추후 200kW 이상의 엔비디아의 차세대 칩인 파인만이 나온다면 액침 방식도 고려할 수 있다”고 했다.LGU+는 이 두 가지 기술을 모두 실증하며 다양한 고객의 니즈와 미래 기술 변화에 대응할 준비를 하고 있다.LGU+는 냉각뿐 아니라 운영 측면에서도 효율화를 단행하고 있다. LGU+는 LG전자(066570)·LG(003550)CNS와 함께 DCIM(Data Center Infrastructure Management) 기술을 공동 개발 중이다. 이는 데이터센터 내 냉동기, 공조기, 비상전력공급장치(UPS) 등 주요 장비들을 디지털 트윈으로 구현하고 AI 제어 알고리즘으로 실시간 최적화하는 시스템이다. LGU+는 이를 통해 냉각 에너지 소비를 최대 10% 이상 줄일 수 있을 것으로 기대하고 있다. 이 시스템은 2027년까지 평촌2센터와 파주센터에 본격 적용해 차별화된 시장 경쟁력을 확보해 나갈 계획이다.LGU+ 직원들이 평촌2센터 내 데모룸에서 액체냉각시스템 실증을 진행하고 있다(사진=LGU+)LGU+는 올해 2분기 평촌 2센터가 1단계 오픈을 마치고 센터 7~8층 고객 캐파를 다 채웠다. 이에 올해 IDC 관련 매출의 두자릿수 성장이 무난할 것이라고 자신했다.정 상무는 “AI 데이터센터는 AI 생태계의 핵심 인프라로서 다양한 AI 서비스가 전 분야에 확산됨에 따라 중요성이 재차 강조되고 있다”며 “기존 패러다임을 바꿀 액체냉각과 DCIM 기술을 통해 효율적이고 지속가능한 AI 데이터센터 모델을 구축하면서 고객과 함께 성장해 나가겠다”고 말했다."
https://n.news.naver.com/mnews/article/277/0005631805?sid=105,2025-08-03 09:47:17,IT/과학,"LG U+, 소상공인 공식몰 가입 35만 돌파…기념 프로모션 진행","'사장님 덕분愛' 프로모션추첨 통해 아이패드 11세대·다이슨 청소기 등 증정LG유플러스는 유플러스닷컴 소상공인 공식몰 가입 35만 돌파를 기념해 고객 감사 프로모션을 진행한다고 3일 밝혔다.LG유플러스는 직접 운영하는 유플러스닷컴 소상공인 공식몰을 통해 사업주 고객 전용 혜택을 제공하고 있다. 지난달 기준 인터넷·전화·CCTV·IPTV·매장AX솔루션의 가입 수는 35만건을 돌파했다.LG유플러스는 유플러스닷컴 소상공인 공식몰 가입 35만 돌파를 기념해 고객 감사 프로모션을 진행한다고 3일 밝혔다. LG유플러스 제공이를 기념해 LG유플러스는 유플러스닷컴에서 '사장님 덕분愛' 프로모션을 진행한다. 이달 31일까지 유플러스닷컴 소상공인 공식몰에서 인터넷 가입을 완료한 신규 고객이 대상이다. 인터넷 전화, CCTV, IPTV 중 하나라도 가입하면 별도의 신청 없이 자동 응모된다.당첨 고객에게는 ▲아이패드 11세대(2명) ▲다이슨 진공 청소기(2명) ▲뷰소닉 프로젝터(2명) ▲갤럭시 워치8(3명) ▲BBQ 황금올리브 치킨 세트(25명) ▲스타벅스 아이스 아메리카노(50명)를 선물한다. 스타벅스 커피는 상담 신청만 해도 응모할 수 있다.소상공인 공식몰에서는 사업주 고객을 위한 혜택을 제공하고 있다. 매장 인터넷을 가입하면 상품권 5만원을 추가 증정하며, 매월 추가 요금 할인을 받을 수 있는 온라인 혜택을 제공한다. 소상공인 전용 매장 통신·AX솔루션 앱인 '우리가게패키지'와 무료 제휴 서비스 '사장님 광장'은 추가 요금 없이 이용 가능하다.유현곤 LG유플러스 기업디지털채널담당은 ""유플러스닷컴 소상공인 공식몰 35만 가입 돌파라는 성과는 고객 한 분 한 분의 선택 덕분에 가능했다""며 ""감사한 마음을 담아 앞으로도 더 풍성한 혜택을 준비하고 소상공인 중심의 디지털 경험을 더 성장시키겠다""고 말했다."
https://n.news.naver.com/mnews/article/015/0005166081?sid=105,2025-08-03 09:49:10,IT/과학,AI에 뜨거워진 데이터센터…LG U+ '액체냉각' 시대 연다 [르포],"오는 2027년 '파주 데이터센터' 시대를 준비하는 LG유플러스가 차세대 액체냉각 시스템을 도입한다. 기존 공기냉각 방식 대신 100% 액체냉각으로 데이터센터를 운영하겠다는 구상이다. LG유플러스는 지난달 31일 경기 안양에 평촌2센터 '액체냉각 데모룸'을 공개했다.LG유플러스 평촌2센터는 2023년 말 문을 열었다. 지하 3층, 지상 9층으로 축구장 6개 규모에 달하는 초대형 데이터센터다. 전산실은 12개로, 최대 23만 대의 서버 수용이 가능하다. 준공 당시 24시간 전력이 끊기지 않는 데이터센터를 만들기 위해 차가운 바깥 공기를 활용한 냉방 시스템을 적용하며 '에너지 절감 데이터센터'로 주목 받았다.LG유플러스가 액체냉각에 주목하는 이유는 인공지능 데이터센터(AIDC)에 필요한 전력 밀도에 있다. 중앙처리장치(CPU) 대신 그래픽처리장치(GPU)를 사용하는 AIDC 특성상 전력 소모가 3~10배 많기 때문이다. 열 배출도 그만큼 커져 현재 이용하는 공기냉각 방식으로는 열을 낮추기 어렵다. 공기의 열 전도율이 낮아 냉각용량에 한계가 있어서다. 냉각이 이뤄지지 않으면 성능 저하는 물론 장비 노후화 속도가 빨라진다.LG유플러스가 개발 중인 액체냉각 방식은 크게 2가지로 나뉜다. GPU 위에 부착된 냉각판 내부에 냉각수를 직접 흘려 발열을 낮추는 직접 칩 냉각(D2C)방식과 서버를 액체에 담궈 식히는 액침냉각 방식이다. 뜨거워진 냉각수를 식히고 차가운 냉각수를 주입하는 냉각장비인 냉각수분배장치(CDU)는 LG전자와 공동으로 개발하고 있다.LG유플러스는 지난 6월부터 LG전자, LG CNS와 함께 데이터센터 인프라 관리(DCIM) 시스템을 개발해 냉방 인프라 효율화 기술을 실증하고 있다. 냉동기와 컴퓨터룸 공조기(CRAC) 등 주요 설비에 AI제어 알고리즘과 디지털 트윈 모델을 적용하여 냉각 에너지 소비를 기존 40%에서 최대 10%까지 절감하는 것이 목표다.전력과 공간 등 동일한 자원으로 더 많은 연산을 처리할 수 있는 고성능 데이터센터 구현이 가능해지며, 이를 기반으로 2027년까지 평촌2센터와 파주센터에 본격 적용해 차별화된 시장 경쟁력을 확보한다는 방침이다.LG유플러스는 평촌 데이터센터 클러스터의 가장 큰 이점을 '위치'로 꼽았다. 관악산 뒤에 위치해 온도가 낮은데다 수도권과 가까워 인력 등을 수급하는 데 유리해서다. LG유플러스 관계자는 ""AIDC 사업은 연 10% 이상 성장 중""이라며 ""올해도 두자리 수 성장률을 유지할 것으로 보인다""고 설명했다. 2027년에는 국내최초 액체냉각으로 설계된 파주 AIDC의 개소가 예정됐다. 수전용량은 200MW 수준이다.LG유플러스는 파주센터 개소와함께 평촌2센터 12개 전산실 중 3개에 액체냉각 시스템을 도입하기로 했다. 파주센터와 평촌2센터 모두 액침 대신 D2C 방식으로 액체냉각이 이뤄질 예정이다. LG유플러스 관계자는 ""D2C방식에 비해 액침냉각은 AIDC 운영에 불리한 면이 있다""며 ""물이 아닌 냉각유인 기름을 이용하기 때문에 혹시 모를 사고 발생 시 수습하는 데 어려움이 있다""고 이유를 설명했다.정숙경 LG유플러스 상무는 ""액침냉각을 도입한다고 발표하자마자 AI와 빅데이터를 활용하는 국내·외 빅테크 기업들이 큰 관심을 보였다""며 ""LG유플러스는 D2C 방식의 후발주자임에도 해외업체들과 비교했을 때 기술력에서 결코 뒤떨지지 않는다""고 강조했다."
https://n.news.naver.com/mnews/article/018/0006080368?sid=105,2025-08-03 10:30:12,IT/과학,"LG U+, 소상공인 공식몰 가입 35만 돌파…감사 프로모션 진행","31일까지 유플닷컴서 인터넷 가입하면아이패드 11세대·다이슨 청소기 증정[이데일리 이소현 기자] LG유플러스(032640)가 유플러스닷컴 소상공인 공식몰 가입 35만 돌파를 기념해 고객 감사 프로모션을 진행한다고 3일 밝혔다.LG U+, 소상공인 공식몰 가입 35만 돌파 감사 프로모션 진행(사진=LG U+)유플러스닷컴 소상공인 공식몰에서 지난달 기준 ‘인터넷·전화·CCTV·IPTV·매장AX솔루션’의 가입 수는 35만 건을 돌파했다. LG유플러스가 직접 운영해 믿고 맡길 수 있고, 고객 중심 디지털 경험·간편한 온라인 가입·공식몰 단독 혜택 등 여러 장점으로 소상공인 고객들에게 높은 만족도를 제공하고 있다.LG유플러스는 이를 기념해 유플러스닷컴에서 ‘사장님 덕분愛(애)’ 프로모션을 진행한다. 오는 31일까지 유플러스닷컴 소상공인 공식몰에서 인터넷 가입을 완료한 신규 고객이 대상이다. 인터넷 전화, CCTV, IPTV 중 하나라도 가입하면 별도의 신청 없이 자동 응모된다. 당첨 고객에게는 아이패드 11세대(2명), 다이슨 진공 청소기(2명), 뷰소닉 프로젝터(2명), 갤럭시 워치8(3명), BBQ 황금올리브 치킨 세트(25명), 스타벅스 아이스 아메리카노(50명)를 선물한다. 특히 스타벅스 커피는 상담 신청만 해도 응모할 수 있다.소상공인 공식몰에서는 사업주 고객을 위한 다양한 혜택을 꾸준히 선보이고 있다. 매장 인터넷에 가입하면 상품권 5만원을 추가 증정한다. 매월 추가 요금 할인받을 수 있는 온라인 혜택을 제공한다.또 소상공인 전용 매장 통신·AX솔루션 앱 ‘우리가게패키지’, 매장 운영에 필수인 제휴 서비스를 무료로 제공하는 ‘사장님 광장’은 추가 요금 없이 이용 가능하다.유현곤 LG유플러스 기업디지털채널담당은 “유플러스닷컴 소상공인 공식몰 35만 가입 돌파라는 성과는 고객 한 분 한 분의 선택 덕분에 가능했다”며 “감사한 마음을 담아 앞으로도 더 풍성한 혜택을 준비하고 소상공인 중심의 디지털 경험을 더 성장시키겠다”고 말했다."
https://n.news.naver.com/mnews/article/030/0003337444?sid=105,2025-08-03 10:33:11,IT/과학,"LGU+, 소상공인 공식몰 가입 35만명 돌파 감사 프로모션","LG유플러스 직원이 '35만 돌파 기념 프로모션'을 소개하는 모습.LG유플러스는 유플러스닷컴 '인터넷·전화·CCTV·IPTV·매장AX솔루션' 소상공인 공식몰 가입 35만명 돌파를 기념해 고객 감사 프로모션을 진행한다고 3일 밝혔다.LG유플러스는 유플러스닷컴에서 '사장님 덕분愛' 프로모션을 진행한다. 이달 31일까지 유플러스닷컴 소상공인 공식몰에서 인터넷 가입을 완료한 신규 고객이 대상이다. 인터넷 전화, CCTV, IPTV 중 하나라도 가입하면 별도의 신청 없이 자동 응모된다. 당첨 고객에게는 아이패드 11세대(2명), 다이슨 진공 청소기(2명), 뷰소닉 프로젝터(2명), 갤럭시 워치8(3명), BBQ 황금올리브 치킨 세트(25명), 스타벅스 아이스 아메리카노(50명)를 증정한다.소상공인 공식몰에서는 사업주 고객을 위한 다양한 혜택을 꾸준히 선보이고 있다. 매장 인터넷을 가입하면 상품권 5만원을 추가 증정한다. 또 소상공인 전용 매장 통신·AX솔루션 앱 '우리가게패키지', 매장 운영에 필수인 제휴 서비스를 무료로 제공하는 '사장님 광장'은 추가 요금 없이 이용 가능하다.유현곤 LG유플러스 기업디지털채널담당은 “유플러스닷컴 소상공인 공식몰 35만 가입 돌파라는 성과는 고객 한 분 한 분의 선택 덕분에 가능했다”며 “감사한 마음을 담아 앞으로도 더 풍성한 혜택을 준비하고 소상공인 중심의 디지털 경험을 더 성장시키겠다”고 말했다."
https://n.news.naver.com/mnews/article/138/0002201967?sid=105,2025-08-03 11:12:15,IT/과학,"LGU+, 소상공인 공식몰 가입 35만 돌파…감사 프로모션 실시","[디지털데일리 강소현기자] LG유플러스는 유플러스닷컴 소상공인 공식몰 가입 35만 돌파를 기념해 고객 감사 프로모션 ‘사장님 덕분愛’을 진행한다고 3일 밝혔다.대상은 오는 31일까지 유플러스닷컴 소상공인 공식몰에서 인터넷 가입을 완료한 신규 고객이이다. 인터넷 전화, CCTV, IPTV 중 하나라도 가입하면 별도의 신청 없이 자동 응모된다. 응모 고객 중 추첨하여 ▲아이패드 11세대(2명) ▲다이슨 진공 청소기(2명) ▲뷰소닉 프로젝터(2명) ▲갤럭시 워치8(3명) ▲BBQ 황금올리브 치킨 세트(25명) ▲스타벅스 아이스 아메리카노(50명)를 증정한다. 스타벅스 커피는 상담 신청만 해도 응모할 수 있다.소상공인 공식몰에서는 사업주 고객을 위한 다양한 혜택을 꾸준히 선보이고 있다. 매장 인터넷을 가입하면 상품권 5만원을 추가 증정하며, 매월 추가 요금 할인 받을 수 있는 온라인 혜택을 제공한다. 또한 ▲소상공인 전용 매장 통신·AX솔루션 앱 ‘우리가게패키지’ ▲매장 운영에 필수인 제휴 서비스를 무료로 제공하는 ‘사장님 광장’은 추가 요금 없이 이용 가능하다.‘우리가게패키지’는 ▲AI 전화 응대 설정 및 고객 문의 분석이 가능한 ‘U+ AI전화’ ▲영상 분석 기반 자동 알림 서비스 ‘지능형CCTV’ ▲평균 매출, 배달 이용 현황을 직접 확인 가능한 ‘상권 분석 기능’ 등을 앱 하나로 관리할 수 있다. ‘사장님 광장’은 인기 제휴사인 ‘쿠팡이츠·캐시노트·당근·알바몬’을 통해 ▲매장 홍보 ▲매출 관리 ▲알바 구인 ▲위생 관리 등 매장 운영에 필요한 서비스를 이용 가능해 소상공인 고객 사이에서 인기가 높다.유현곤 LG유플러스 기업디지털채널담당은 “유플러스닷컴 소상공인 공식몰 35만 가입 돌파라는 성과는 고객 한 분 한 분의 선택 덕분에 가능했다”며 “감사한 마음을 담아 앞으로도 더 풍성한 혜택을 준비하고 소상공인 중심의 디지털 경험을 더 성장시키겠다”고 말했다."
https://n.news.naver.com/mnews/article/119/0002986856?sid=105,2025-08-03 11:12:15,IT/과학,"LGU+, 소상공인 공식몰 가입 35만 돌파 기념 프로모션 진행","8월 31일까지 유플닷컴서 인터넷 가입 시아이패드 11세대·다이슨 청소기 증정LG유플러스가 유플러스닷컴 소상공인 공식몰 가입 35만명 돌파를 기념해 고객 감사 프로모션을 진행한다.ⓒLG유플러스[데일리안 = 이주은 기자] LG유플러스는 유플러스닷컴 소상공인 공식몰 가입 35만 돌파를 기념해 고객 감사 프로모션을 진행한다고 3일 밝혔다.LG유플러스는 유플러스닷컴 소상공인 공식몰을 통해 사업주 고객 전용 혜택을 제공하고 있다.구체적으로 ▲LG유플러스 직접 운영 ▲고객 중심 디지털 경험 ▲간편한 온라인 가입 ▲공식몰 단독 혜택 등이다. 지난달 기준 '인터넷·전화·CCTV·IPTV·매장AX솔루션'의 가입자 수는 35만건을 돌파했다.이를 기념해 LG유플러스는 유플러스닷컴에서 '사장님 덕분愛' 프로모션을 진행한다. 이달 31일까지 유플러스닷컴 소상공인 공식몰에서 인터넷 가입을 완료한 신규 고객이 대상이다. 인터넷 전화, CCTV, IPTV 중 하나라도 가입하면 별도의 신청 없이 자동 응모된다.당첨 고객에게는 ▲아이패드 11세대(2명) ▲다이슨 진공 청소기(2명) ▲뷰소닉 프로젝터(2명) ▲갤럭시 워치8(3명) ▲BBQ 황금올리브 치킨 세트(25명) ▲스타벅스 아이스 아메리카노(50명)를 선물한다. 스타벅스 커피는 상담 신청만 해도 응모할 수 있다.LG유플러스는 소상공인 공식몰에서 사업주 고객을 위한 혜택을 선보이고 있다. 매장 인터넷을 가입하면 상품권 5만원을 추가 증정하고, 매월 추가 요금 할인을 받을 수 있는 온라인 혜택을 제공한다.특히 ▲소상공인 전용 매장 통신·AX솔루션 앱 '우리가게패키지' ▲매장 운영에 필수인 제휴 서비스를 무료로 제공하는 '사장님 광장'은 추가 요금 없이 이용 가능하다.유현곤 LG유플러스 기업디지털채널담당은 ""유플러스닷컴 소상공인 공식몰 35만 가입 돌파라는 성과는 고객 한 분 한 분의 선택 덕분에 가능했다""며 ""감사한 마음을 담아 앞으로도 더 풍성한 혜택을 준비하고 소상공인 중심의 디지털 경험을 더 성장시키겠다""고 말했다."
https://n.news.naver.com/mnews/article/014/0005386257?sid=105,2025-08-03 12:53:14,IT/과학,"""소상공인 공식몰 가입 35만 돌파"" LG U+, 감사 프로모션 진행","LG유플러스 직원이 ‘35만 돌파 기념 프로모션’을 소개하고 있다. LG유플러스 제공[파이낸셜뉴스] LG유플러스는 유플러스닷컴 소상공인 공식몰 가입 35만 돌파를 기념해 고객 감사 프로모션 '사장님 덕분애(愛)'를 진행한다고 3일 밝혔다.지난달 기준 ‘인터넷·전화·CCTV·인터넷TV(IPTV)·매장 인공지능전환(AX)솔루션’의 가입 수는 35만건을 돌파했다.이달 31일까지 유플러스닷컴 소상공인 공식몰에서 인터넷 가입을 완료한 신규 고객이 대상이다. 인터넷 전화, CCTV, IPTV 중 하나라도 가입하면 별도의 신청 없이 자동 응모된다. 당첨 고객에게는△아이패드 11세대(2명)△다이슨 진공 청소기(2명)△뷰소닉 프로젝터(2명)△갤럭시 워치8(3명)△BBQ 황금올리브 치킨 세트(25명)△스타벅스 아이스 아메리카노(50명)를 증정한다.소상공인 공식몰에서 매장 인터넷을 가입하면 상품권 5만원을 추가 증정한다. 소상공인 전용 매장 통신·AX솔루션 앱 ‘우리가게패키지’, 매장 운영에 필수인 제휴 서비스를 무료로 제공하는 ‘사장님 광장’은 추가 요금 없이 이용 가능하다."
https://n.news.naver.com/mnews/article/241/0003457203?sid=105,2025-08-03 14:12:31,IT/과학,"LGU+, 소상공인 공식몰 '35만 돌파' 기념 프로모션 진행","LG유플러스는 유플러스닷컴 소상공인 공식몰 가입 35만 돌파를 기념해 고객 감사 프로모션을 진행한다고 3일 밝혔다.LG유플러스는 유플러스닷컴 소상공인 공식몰에서 사업주 고객 전용 혜택을 제공하고 있다. LG유플러스가 직접 운영하며, 디지털 고객 경험과 간편한 온라인 가입, 공식몰 단독 혜택 등을 뒷받침한다. 지난달 기준 인터넷·전화·CCTV·IPTV·매장 AX(AI 전환) 솔루션의 가입 수가 35만건을 넘어섰다.이에 LG유플러스는 유플러스닷컴에서 '사장님 덕분愛' 프로모션을 진행한다. 이달 31일까지 유플러스닷컴 소상공인 공식몰에서 인터넷 가입을 완료한 신규 고객이 대상이다. 인터넷 전화, CCTV, IPTV 중 하나라도 가입하면 별도의 신청 없이 자동 응모된다.당첨 고객에게는 아이패드 11세대, 다이슨 진공 청소기, 뷰소닉 프로젝터, 갤럭시 워치8, BBQ 황금올리브 치킨 세트, 스타벅스 아이스 아메리카노를 선물한다.소상공인 공식몰은 사업주 고객을 위한 혜택을 꾸준히 선보이고 있다. 매장 인터넷을 가입하면 5만원 상품권을 추가 증정하며, 매월 추가 요금 할인을 받을 수 있는 온라인 혜택을 제공한다.또 소상공인 전용 매장 통신, AX 솔루션 앱 '우리가게패키지', 매장 운영에 필요한 제휴 서비스를 무료로 제공하는 '사장님 광장'은 추가 요금 없이 이용 가능하다.유현곤 LG유플러스 기업디지털채널담당은 ""유플러스닷컴 소상공인 공식몰 35만 가입 돌파라는 성과는 고객 한 분 한 분의 선택 덕분에 가능했다""며 ""감사한 마음을 담아 앞으로도 더 풍성한 혜택을 준비하고 소상공인 중심의 디지털 경험을 더 성장시키겠다""고 말했다.정길준 기자 kjkj@edaily.co.kr"
https://n.news.naver.com/mnews/article/092/0002384569?sid=105,2025-08-03 14:38:19,IT/과학,"""보안 없이 생존 어렵다""…통신3사, 5년간 2.4조 투자","SKT·KT·LGU+, 대규모 보안 투자 예고이통신 3사가 보안 강화 전략으로 수천억원의 투자를 예고하면서 이용자의 신뢰 확보에 총력을 기울이고 나섰다.3일 업계에 따르면 통신 3사는 정보보호 분야에 향후 5년간 약 2조4천억 원 규모의 투자를 예고했다.침해사고 이후 SK텔레콤은 정보보호혁신안을 내놓으면서 5년간 7천억원 규모의 보안 투자 계획을 밝혔다. 이를 통해 정보보호 전문인력을 기존 대비 2배로 확대하고 보안 기술·시스템 강화 투자 규모를 확대하기로 했다. 보안 전담 조직을 CEO 직속으로 격상하고 최고정보보호책임자(CISO) 자리에 이종현 박사를 영입했다.아울러 국내 정보보호 생태계 활성화를 위해 100억원의 기금을 조성한다. 이를 통해 국내 정보보호 관련 인재 육성, 스타트업 발굴 및 지원 등이 선순환하는 생태계 조성에 기여할 계획이다.사진_클립아트코리아KT는 보안 강화 계획으로 5년간 약 1조원을 투자키로 했다. 투자 내용은 구체적으로 ▲글로벌 협업(200억원) ▲제로트러스트, 모니터링 체계 강화(3천400억원) ▲보안전담인력 충원(500억원) 등이다. 또 6천600억원은 현행 정보보호 수준을 유지하면서 이를 점진적으로 개선하는 데 활용키로 했다.2027년 제로트러스트 구축을 목표로 세운 LG유플러스는 5년간 7천억원을 투입해 ‘거버넌스-예방-대응’ 3대 축을 중심으로 보안 체계를 강화한다. '블랙박스 모의해킹'을 통해 보안 역량을 키운다. 외부 화이트해커에게 사전 정보 없이 해킹을 의뢰해 실전 수준의 보안 점검을 진행 중이다.이같은 투자로 보안 역량을 높이고 이용자 신뢰도와 브랜드 경쟁력을 높이겠다는 전략이다. 특히 보안 강화 자체를 생존 전략으로 인식하고, 내부 전반의 체질 개선에 집중하고 있다.염흥열 순천향대 정보보호학과 명예교수는 “통신 3사만 보안 투자를 강화할 게 아니라 온라인 기업들도 보안 투자를 강화할 것 같다”며 “국산 보안 솔루션을 활용해 통신사를 비롯한 기업의 보안 수준을 향상시키고, 인력 양성으로 연결돼 R&D가 확대되는 선순환 체계를 만들어야 한다”고 말했다.이어, “통신사들이 제로트러스트라는 고도화된 전략 솔루션을 도입하는 것은 긍정적인 방향”이라며 “단계적으로 추진해 현재 가장 부족한 부분부터 또는 가장 취약한 부분부터 위험 평가 기반으로 제로트러스트의 필러 보안 능력을 높일 필요성이 있다”고 강조했다."
https://n.news.naver.com/mnews/article/014/0005386308?sid=105,2025-08-03 15:16:17,IT/과학,"24시간 전력 공급·고효율 냉각…LG U+ 평촌 데이터센터, 이중 안정망 갖췄다","LG유플러스 관계자들이 평촌2센터에서 액체를 이용한 '직접 칩 냉각' 방식을 시연하고 있다. LG유플러스 제공[파이낸셜뉴스] 지난달 31일 기자가 방문한 LG유플러스 '평촌2센터'. 이곳은 미군 항공모함 1척이 넉넉히 들어가는 규모를 자랑한다. 평촌2센터는 발열과의 전쟁중이었다. 인공지능(AI) 연산 수요가 폭증하면서 데이터센터 냉각 기술도 발전하고 있었다. LG유플러스는 고성능 그래픽처리장치(GPU) 발열을 낮추기 위해 '액체 냉각' 기술에 공을 들여왔다.■""액체 냉각으로 GPU빠르게 식혀""이날 LG유플러스가 공개한 시설점검(PoC)데모룸에선 2가지 액체 냉각 방식이 시연됐다. 하나는 서버 내 GPU 바로 옆에 차가운 물이 흐르는 판을 붙여 열을 식히는 ‘직접 칩 냉각(D2C)’이고, 다른 하나는 절연유가 담긴 통에 서버를 통째로 담그는 ‘액침냉각’이다. GPU 열 관리는 데이터센터 운영의 핵심 요소다. 인공지능(AI) 연산용 GPU는 일반 서버용 중앙처리장치(CPU) 대비 3배 이상 발열하기에 냉각이 제대로 이뤄지지 않으면 성능 저하와 장비 노후화가 빠르게 진행된다.직접 칩 냉각 시스템은 냉각수가 통과하는 파랑 관과 열을 흡수한 온수가 흐르는 빨강 관으로 구성돼 있었다. 직접 하드웨어와 접촉하는 액체 냉각 방식은 공기에 비해 열 전도율이 20~30배 가량 높다고 한다. 정숙경 AIDC사업담당 상무는 ""평촌2센터 12개 전산실 중 일부를 직접 칩 냉각 시스템으로 구축할 계획이다""며 ""2027년 준공될 파주 데이터센터는 애초에 액체 냉각 구조로 설계돼 직접 칩 냉각과 액침냉각 중 고객사가 원하는 방식으로 지원할 것""이라고 밝혔다.물이나 절연유를 이용한 액체냉각 방식은 최근 해외 빅테크들도 앞다퉈 연구중이다. 마이크로소프트의 경우 소형 데이터센터를 바다에 집어넣는 실험까지 수행한 바 있다. 데모룸 소개를 맡은 배성준 AIDC컨설팅이행팀 책임은 “액침냉각에 사용되는 절연유는 발화점이 매우 높기에 토치로 불을 가해도 화재 위험이 없다”고 설명했다.■""전기 나가도 3만5000가구분 전력 가동""지하 2층에 내려가자 절연 가스가 가득 들어 있는 가스절연차단기(GIS)가 등장했다. 한국전력공사에서 들여오는 15만4000V 대용량 전력을 6000V로 안전하게 낮추는 장비다. GIS를 거쳐 전기실에서 또다시 변압해 발전기로 전송한다.이어 시찰한 발전기는 모두 5기였다. 유재경 IDC시설1팀 팀장은 ""1기로 약 7000세대 아파트에 전력을 공급할 수 있는 수준""이라고 말했다. 발전기 열을 식히는 대형 선풍기와 배기가스를 외부로 배출하는 배관도 보였다. 또 정전 시 15분간 비상 전력을 담당하는 무정전 전원 공급 장치(UPS)가 설치돼 있었다. 유 팀장은 ""평촌2센터는 2027년까지 총 4단계를 거쳐 완성될 예정이다. 현재 2단계 상태라 변압기와 발전기 모두 증설할 방침""이라고 덧붙였다.#LG유플러스 #데이터센터 #냉각 #전력 공급"
https://n.news.naver.com/mnews/article/018/0006080744?sid=105,2025-08-03 17:15:07,IT/과학,"""기술 안 쓴다 각서 받아낸다"" 스타트업 기술탈취 막는 '한국형 디스커버리' 추진","정부, 한국형 디스커버리 제도 마련 위해 의견 청취ICT 업계 ""계약 시 기술 사용 않겠다 내용 담아야"" 건의왓챠 vs LGU+ 분쟁, 사전에 방지[이데일리 김아름 기자] 정부가 대기업의 중소기업 기술 탈취를 막는 ‘한국형 증거수집제도(디스커버리)’ 마련을 위해 분주하게 업계 목소리를 청취하고 있다. 사후 피해 구제에만 초점이 맞춰져 있는 현재 정책을 보완하는 ‘사전 보호 방식’의 제도적 장치 도입을 검토 중이다.기술탈취 방지 정책 정비 위해 업계 의견 수렴3일 업계에 따르면 우리나라 기술탈취 방지를 위한 대대적인 정책 전반의 체계 정비가 이뤄질 전망이다. 중소벤처기업부가 실시한 ‘2024년 기술보호 실태조사’에 따르면 최근 중소기업의 연간 기술침해 건수는 약 299건으로 추정되며, 피해기업당 평균 손실액은 약 18억2000만 원에 이르는 것으로 나타났다.[이데일리 이미나 기자]한성숙 중기부 장관은 이같은 기술탈취에 대한 심각성을 인지하고, 부임하자마자 연일 현장의견을 듣고 있다. 지난달 29일과 8월 1일 연달아 중소기업인들과 만나 이같은 내용을 논의하는 등 광폭행보를 보이고 있다.비공개로 진행된 간담회에서 한 국내 정보기술(ICT) 기업 대표는 “기술탈취가 일어나고 난 뒤에 구제하는 제도들은 아무 소용이 없다”라며 “대기업과 중소기업이 계약관계를 맺을 당시부터 계약서에 해당 기술을 쓰지 않겠다는 내용을 담았으면 좋겠다”라고 건의했다.이날 업계에서는 중소기업 기술탈취에 대한 다섯가지 유형을 제시하기도 했다. △IR 투자 과정에서 기술 확인 후 대기업 단독 개발 △공동개발 제안 후 중단 선언→대기업 단독 생산 △납품단가 후려치기 △수의탁 계약에서의 폭리 △핵심 인재 빼가기 등이다.정부에서는 제시된 아이디어들에 대해 기존 법으로 적용할 수 있는 부분에 대해서는 적극 안내하고, 실질적인 입법 가능성 까지 검토하겠다는 입장이다.중기부 관계자는 “중소기업 입장에서 대기업이 기술을 쓰지 못하게 하는 계약서를 만드는 건 현실적으로 쉽지 않겠지만 현재 거래 관계에서 비밀유지계약(NDA)을 맺고 권리와 귀속관계를 반드시 서면으로 명시하도록 하는 규정은 있다”라며 “기술탈취와 관련해 업계 의견을 수렴한 뒤 입법화 하고 법을 개정해야 하면 추진하며 이미 갖춰있는 제도는 적극 활용해 의견들을 반영해 나가겠다”라고 말했다.한국형 디스커버리 제도, 분쟁 예방일각에서는 가뜩이나 국내 벤처투자가 위축된 상황에서 대기업을 옥죄는 또 다른 규제가 나오면 상황이 더욱 악화할 것이라는 지적도 제기되고 있다. 이에 현실적인 대안으로 한국형 디스커버리 제도가 떠오르고 있는 것이다.중기부 관계자는 “대기업의 투자 활동 자체가 위축될 수 있기 때문에 제도적으로 최선의 방법을 찾아야 한다”라며 “디스커버리 제도가 대안이 될 수 있다. 분쟁이 났을 때 그 사실을 입증하고 패널티를 강화하는 제도가 있는 것만으로도 분쟁 예방의 효과가 있는 것”이라고 설명했다.한 장관이 업계를 만나 현안에 대한 건의를 받은 것도 이같은 한국형 디스커버리제도 밑그림 구상을 위해서다. 한국형 디스커버리 제도는 민사소송 시 증거 수집의 공정성을 높이기 위해 소송 당사자가 상대방의 증거를 강제로 요구할 수 있게 하는 절차다.예를들면 과거 온라인 동영상 서비스 업체인 ‘왓챠’는 LG유플러스가 인수와 투자를 목적으로 협상을 진행했으나 백지화했는데 당시 기술유출 피해 입증을 하지 못해 대응을 포기했지만 한국형 디스커버리 제도가 시행되면 이같은 논란을 방지할 수 있다.왓챠 관계자는 “기술 탈취를 당했는지 우리가 증명하지 못하면 상대 측에 불이익을 주기 어렵다고 해서 자진종결을 했다”라며 “공정위에서도 심의할 수 없다고 기각을 했고 중기부에서도 조사 권한이 없다고 했다”라고 전했다.전문가들은 한국에서도 디스커버리 제도가 시행된다면 기술탈취 입증에 있어서 침해자의 핵심자료 공개를 법원이 강제할 수 있게 돼 입증책임의 형평성을 회복할 수 있다고 진단했다.박정인 단국대학교 과학기술정책융합학과 연구교수는 “피해 기업이 기술탈취를 입증하기란 극도로 어렵다. 현행 민사소송법의 증거제도만으로는 분쟁 해결이 매우 제한적일 수밖에 없다”라며 “미국 디스커버리 제도는 증거를 상대방에게 요청하는 것이 아니라, 법원이 강제할 수 있어 기술 분쟁에서 침해자 측에만 존재하는 핵심자료에 법원의 적극적 강제력을 통해 접근이 가능해지는 것”이라고 설명했다."
https://n.news.naver.com/mnews/article/014/0005386379?sid=105,2025-08-03 18:38:16,IT/과학,AI시대 'GPU 열 관리'가 경쟁력… 냉각기술 힘쏟는 LGU+,"LGU+ AIDC 평촌2센터 가보니AI 연산 수요 늘며 솔루션 고도화액체·직접 칩 냉각기술 모두 활용대용량 전력 낮추는 GIS 등 구축""2027년까지 변압·발전기 늘릴것""LG유플러스 관계자들이 평촌2센터에서 액체를 이용한 '직접 칩 냉각' 방식을 시연하고 있다. LG유플러스 제공지난달 31일 기자가 방문한 LG유플러스 '평촌2센터'. 이곳은 미군 항공모함 1척이 넉넉히 들어가는 규모를 자랑한다. 평촌2센터는 발열과의 전쟁중이었다. 인공지능(AI) 연산 수요가 폭증하면서 데이터센터 냉각 기술도 발전하고 있었다. LG유플러스는 고성능 그래픽처리장치(GPU) 발열을 낮추기 위해 '액체 냉각' 기술에 공을 들여왔다.■""액체 냉각으로 GPU 빠르게 식혀""이날 LG유플러스가 공개한 시설점검(PoC)데모룸에선 2가지 액체 냉각 방식이 시연됐다. 하나는 서버 내 GPU 바로 옆에 차가운 물이 흐르는 판을 붙여 열을 식히는 '직접 칩 냉각(D2C)'이고, 다른 하나는 절연유가 담긴 통에 서버를 통째로 담그는 '액침냉각'이다. GPU 열 관리는 데이터센터 운영의 핵심 요소다. 인공지능(AI) 연산용 GPU는 일반 서버용 중앙처리장치(CPU) 대비 3배 이상 발열하기에 냉각이 제대로 이뤄지지 않으면 성능 저하와 장비 노후화가 빠르게 진행된다.직접 칩 냉각 시스템은 냉각수가 통과하는 파랑 관과 열을 흡수한 온수가 흐르는 빨강 관으로 구성돼 있었다. 직접 하드웨어와 접촉하는 액체 냉각 방식은 공기에 비해 열 전도율이 20~30배 가량 높다고 한다.정숙경 AIDC사업담당 상무는 ""평촌2센터 12개 전산실 중 일부를 직접 칩 냉각 시스템으로 구축할 계획이다""며 ""2027년 준공될 파주 데이터센터는 애초에 액체 냉각 구조로 설계돼 직접 칩 냉각과 액침냉각 중 고객사가 원하는 방식으로 지원할 것""이라고 밝혔다.물이나 절연유를 이용한 액체냉각 방식은 최근 해외 빅테크들도 앞다퉈 연구중이다. 마이크로소프트의 경우 소형 데이터센터를 바다에 집어넣는 실험까지 수행한 바 있다.데모룸 소개를 맡은 배성준 AIDC컨설팅이행팀 책임은 ""액침냉각에 사용되는 절연유는 발화점이 매우 높기에 토치로 불을 가해도 화재 위험이 없다""고 설명했다.■""전기 나가도 3만5000가구분 가동""지하 2층에 내려가자 절연 가스가 가득 들어 있는 가스절연차단기(GIS)가 등장했다. 한국전력공사에서 들여오는 15만4000V 대용량 전력을 6000V로 안전하게 낮추는 장비다. GIS를 거쳐 전기실에서 또다시 변압해 발전기로 전송한다.이어 시찰한 발전기는 모두 5기였다. 유재경 IDC시설1팀 팀장은 ""1기로 약 7000세대 아파트에 전력을 공급할 수 있는 수준""이라고 말했다.발전기 열을 식히는 대형 선풍기와 배기가스를 외부로 배출하는 배관도 보였다. 또 정전 시 15분간 비상 전력을 담당하는 무정전 전원 공급 장치(UPS)가 설치돼 있었다.유 팀장은 ""평촌2센터는 2027년까지 총 4단계를 거쳐 완성될 예정이다. 현재 2단계 상태라 변압기와 발전기 모두 증설할 방침""이라고 덧붙였다."
https://n.news.naver.com/mnews/article/031/0000954119?sid=105,2025-08-04 07:25:10,IT/과학,"LGU+, 유플러스닷컴 소상공인몰 가입 35만 돌파…고객 감사 프로모션 진행","31일까지 신규 고객 대상 사은 이벤트 진행…아이패드·다이슨 등 경품 제공LG유플러스는 유플러스닷컴 소상공인 공식몰 가입자 35만 돌파를 기념해 신규 고객을 대상으로 고객 감사 프로모션을 진행한다고 3일 밝혔다.사진은 LG유플러스 직원이 ‘35만 돌파 기념 프로모션’을 소개하는 모습 [사진=LGU+]유플러스닷컴은 사업주 전용 혜택을 제공하는 LG유플러스의 공식 온라인몰이다. 디지털 가입 절차와 독자적 혜택, 직영 운영 체계 등을 강점으로 지난달 기준 인터넷, 전화, CCTV, IPTV, 매장AX솔루션 등 누적 가입 수 35만 건을 넘어섰다.LG유플러스는 이를 기념해 오는 31일까지 ‘사장님 덕분愛’ 프로모션을 실시한다. 이 기간 유플러스닷컴에서 인터넷 상품을 신규 가입하고, 인터넷 전화·CCTV·IPTV 중 한 가지 이상 추가 가입하면 별도 절차 없이 자동 응모된다. 추첨을 통해 △아이패드 11세대(2명) △다이슨 진공청소기(2명) △뷰소닉 프로젝터(2명) △갤럭시 워치8(3명) △BBQ 황금올리브 치킨 세트(25명) △스타벅스 아이스 아메리카노(50명) 등 경품을 증정한다. 스타벅스 아메리카노는 상담 신청만으로도 응모 가능하다.유플러스닷컴은 기존 고객을 위한 혜택도 강화하고 있다. 매장 인터넷 가입 시 상품권 5만원을 추가 증정하며, 온라인 전용 요금 할인으로 고정비 부담을 줄여 호응을 얻고 있다. 또한 △U+ AI전화 △지능형 CCTV △상권 분석 기능을 포함한 ‘우리가게패키지’ 앱과 △쿠팡이츠·캐시노트·당근·알바몬 등 제휴 서비스를 무료로 제공하는 ‘사장님 광장’을 추가 요금 없이 이용할 수 있다.유현곤 LG유플러스 기업디지털채널담당은 ""35만 가입 돌파는 고객 한 분 한 분의 선택 덕분""이라며 ""앞으로도 더 풍성한 혜택과 소상공인 중심의 디지털 경험을 제공하겠다""고 말했다."
https://n.news.naver.com/mnews/article/008/0005230860?sid=105,2025-08-04 09:00:00,IT/과학,"LGU+ '유플투쁠' 8월 제휴사 52개로 확대...""올해 최대 규모""","유플투쁠 인기 혜택인 컴포즈커피 매장에서 LG유플러스 직원이 8월 혜택을 소개하고 있다. /사진=LG유플러스LG유플러스는 대표 멤버십 프로그램 '유플투쁠'의 8월 제휴사를 올해 최대 규모인 52개로 확대하고 여름 휴가철에 맞는 혜택을 강화했다고 4일 밝혔다.8월 바캉스 시즌을 맞이해 가족과 함께 즐길 수 있는 테마파크·체험형 제휴 혜택이 추가됐다. 상세 혜택으로는 12일 오션월드 50% 할인, 12일 부산 롯데월드 40% 할인, 12일 서울랜드 55% 할인 등이다.새롭게 추가된 혜택으로는 12일 그리팅 2만원 할인, 14일 다운타우너 더블 치즈 트리플버거 세트 할인, 18일 오뚜기몰 전 제품 30% 할인, 19일 베어유 14일 무료 수강 쿠폰 등이 있다.LG유플러스는 올해 최다 제휴 혜택인 52개를 제공 기념으로 최고 할인율 50% 혜택 제휴도 늘렸다. 유플투쁠데이 1주차에는 오션월드(워터파크+구명조끼 50% 할인), 서울랜드(파크이용권 55%할인)를 2주차에는 배달의민족X자담치킨(2만2000원 이상 주문 시 1만1500원 할인), 파파존스(방문포장 50% 할인)를 제공한다.지난달 유플투쁠데이에 추가된 매일 컴포즈커피 아이스 아메리카노 100% 할인 프로모션은 8월에도 진행한다. VIP등급 이상이면 12일부터 28일까지 유플투쁠이 진행되는 8일간 매일 오전 11시에 쿠폰을 다운받을 수 있다.장준영 LG유플러스 마케팅전략담당은 ""기존에 반응이 좋았던 혜택을 강화하는 것 뿐만 아니라 LG유플러스만의 차별화된 고객 경험을 전달하기 위해 새로운 제휴사도 추가했다""며 ""항상 고객 입장에서 고민해 최고의 고객 가치를 전달하기 위해 늘 변화하고 노력하는 LG유플러스 멤버십이 되겠다""고 말했다."
https://n.news.naver.com/mnews/article/029/0002972971?sid=105,2025-08-04 09:00:00,IT/과학,"오션월드·롯데월드 할인…LGU+ ‘유플투쁠’, 휴가철 혜택 쏜다","유플투쁠 인기 혜택인 컴포즈커피 매장에서 LG유플러스 직원이 8월 혜택을 소개하고 있다. LG유플러스 제공LG유플러스는 자사 멤버십 프로그램 ‘유플투쁠’의 8월 제휴사를 올해 최대 규모인 52개로 확대하고 여름 휴가철에 맞는 혜택을 강화했다고 4일 밝혔다.8월 바캉스 시즌을 맞이해 가족과 함께 즐길 수 있는 테마파크·체험형 제휴 혜택이 추가됐다. 상세 혜택으로는 △ 오션월드 50% 할인 △ 부산 롯데월드 40% 할인 △ 서울랜드 55% 할인 △ 아쿠아필드 40% 할인 △ 아일랜드 캐슬 특가 제공 △ 뽀로로파크 66% 할인 △ 원더파크 40% 할인 등이 있다.새로 추가된 혜택으로는 그리팅 2만원 할인, 다운타우너 더블 치즈 트리플버거 세트 할인, 오뚜기몰 전 제품 30% 할인, 구글 AI 프로 3개월 이용권 등이다.LG유플러스는 올해 최다 제휴 혜택인 52개를 제공 기념으로 최고 할인율 50% 혜택 제휴도 늘렸다. 지난달 통신사 최초로 유플투쁠데이에 추가된 매일 컴포즈커피 아이스 아메리카노 100% 할인 프로모션은 이달에도 진행한다. VIP등급 이상이면 8월 12일부터 28일까지 유플투쁠이 진행되는 8일간 매일 오전 11시에 쿠폰을 다운받을 수 있다. 해당 쿠폰은 수령 당일에 컴포즈커피 전 지점에서 사용 가능하다.LG유플러스는 컴포즈커피와 손잡고 지역상생 캠페인의 일환으로 소상공인을 응원하는 고객 참여형 이벤트를 연다. 이벤트 기간 동안 컴포즈커피에서 구매한 영수증을 캡처해 LG유플러스 닷컴 내 ‘유플투쁠X컴포즈커피 구매인증 이벤트’ 페이지에서 응모하면 된다. 추첨을 통해 당첨되면 컴포즈커피 굿즈, 컴포즈 커피 팥절미 밀크쉐이크 등을 선물한다.장준영 LG유플러스 마케팅전략담당은 “하계 바캉스 시즌을 맞아 유플러스 멤버십 혜택을 강화했다”며 “고객관점에서 차별적인 멤버십을 지속적으로 발굴해 나가겠다”고 말했다."
https://n.news.naver.com/mnews/article/417/0001093167?sid=105,2025-08-04 09:05:31,IT/과학,"여름휴가 혜택 풍성한 '유플투쁠'… LGU+, 제휴사 52곳으로","LGU+ 유플투쁠, 워터파크 등 여름 맞춤형 혜택 강화LG유플러스가 대표 멤버십 프로그램?‘유플투쁠’의?8월 제휴사를 올해 최대?규모인?52개로?확대하고 여름 휴가철에 맞는 혜택을 강화했다고?4일 밝혔다.?사진은 유플투쁠 인기 혜택인 컴포즈커피 매장에서?LG유플러스 직원이?8월 혜택을 소개하는 모습. /사진=LG유플러스 제공LG유플러스가 대표 멤버십 프로그램 '유플투쁠'의 8월 제휴사를 올해 최대 규모인 52곳으로 확대하고 여름 휴가철에 맞는 혜택을 강화했다.LG유플러스는 4일 8월 바캉스 시즌을 맞이해 가족과 함께 즐길 수 있는 테마파크·체험형 제휴 혜택을 추가했다고 밝혔다. 상세 혜택으로는 ▲12일 오션월드 50% 할인 ▲12일 부산 롯데월드 40% 할인 ▲12일 서울랜드 55% 할인 ▲12일 아쿠아필드 40% 할인 ▲14일 아일랜드 캐슬 특가 제공 ▲19일 뽀로로파크 66% 할인 ▲21일 원더파크 40% 할인 등이 있다.새롭게 추가된 혜택으로는 ▲12일 그리팅 2만원 할인 ▲14일 다운타우너 더블 치즈 트리플버거 세트 할인 ▲18일 오뚜기몰 전 제품 30% 할인 ▲19일 베어유 14일 무료 수강 쿠폰 ▲19일 메디코치 매달 1만원 할인 ▲19일 전남친순대 컵순대 무료 제공 ▲22일 Google AI Pro 3개월 이용권(익시오 가입 후 이벤트 응모 시) 등이 있다.LG유플러스는 올해 최다 제휴 혜택인 52개를 제공 기념으로 최고 할인율 50% 혜택 제휴도 늘렸다. 유플투쁠데이 1주차에는 ▲오션월드(워터파크+구명조끼 50% 할인) ▲서울랜드(파크이용권 55%할인)를 2주차에는 ▲배달의민족X자담치킨(2만2000원 이상 주문 시 1만1500원 할인) ▲파파존스(방문포장 50% 할인)를 제공한다.지난 달 통신사 최초로 유플투쁠데이에 추가된 매일 컴포즈커피 아이스 아메리카노 100% 할인 프로모션은 8월에도 진행한다. VIP등급 이상이면 오는 12일부터 28일까지 유플투쁠이 진행되는 8일 동안 매일 오전 11시에 쿠폰을 다운받을 수 있다. 해당 쿠폰은 수령 당일에 컴포즈커피 전 지점에서 사용 가능하다.유플투쁠데이보다 강화된 혜택을 받을 수 있는오는 20일 '슈퍼투쁠데이'에는 ▲CGV 유플투쁠세트(팝콘M+콜라M) ▲스파오 2만원 할인권 ▲파파존스 50% 할인 ▲야놀자 국내숙소 3만원 할인권 ▲야놀자 해외숙소 3만원 할인권 등을 제공한다. 또 매월 20일 진행되는 유쓰데이 혜택으로 ▲컴포즈커피 생초콜릿 라떼 1잔 증정 ▲밀리의서재 1개월 무료이용권도 준비돼 있다.LG유플러스는 컴포즈커피와 손잡고 지역상생 캠페인의 일환으로 소상공인을 응원하는 고객 참여형 이벤트를 진행한다. LG유플러스 고객 누구나 참여할 수 있으며 이벤트 기간 동안 컴포즈커피에서 구매한 영수증을 캡처해 LG유플러스 닷컴 내 '유플투쁠X컴포즈커피 구매인증 이벤트' 페이지에서 응모하면 된다.장준영 LG유플러스 마케팅전략담당은 ""기존에 반응이 좋았던 혜택을 강화하는 것 뿐만 아니라 LG유플러스만의 차별화된 고객 경험을 전달하기 위해 새로운 제휴사도 추가했다""며 ""항상 고객 입장에서 고민해 최고의 고객 가치를 전달하기 위해 늘 변화하고 노력하는 LG유플러스 멤버십이 되겠다""고 말했다."
https://n.news.naver.com/mnews/article/003/0013401550?sid=105,2025-08-04 09:08:11,IT/과학,"""테마파크 가자""…LGU+, '유플투쁠' 여름 휴가철 혜택 강화","LGU+, 멤버십 '유플투쁠' 제휴 52개로 확대여름 테마파크·체험형 제휴 혜택 등 추가[서울=뉴시스]박은비 기자 = LG유플러스는 멤버십 프로그램 '유플투쁠' 이달 제휴사를 올해 최대 규모인 52개로 확대하고 여름 휴가철에 맞는 혜택을 강화했다고 4일 밝혔다.바캉스 시즌을 맞아 가족과 함께 즐길 수 있는 테마파크·체험형 제휴 혜택이 추가됐다. 12일 오션월드 50% 할인, 12일 부산 롯데월드 40% 할인, 12일 서울랜드 55% 할인, 12일 아쿠아필드 40% 할인, 14일 아일랜드 캐슬 특가 제공, 19일 뽀로로파크 66% 할인, 21일 원더파크 40% 할인 등이다.새롭게 추가된 혜택으로는 12일 그리팅 2만원 할인, 14일 다운타우너 더블 치즈 트리플버거 세트 할인, 18일 오뚜기몰 전 제품 30% 할인, 19일 베어유 14일 무료 수강 쿠폰, 19일 메디코치 매달 1만원 할인, 19일 전남친순대 컵순대 무료, 22일 구글 인공지능(AI) 프로 3개월 이용권(익시오 가입 후 이벤트 응모시) 등이 있다.LG유플러스는 최고 할인율 50% 혜택 제휴도 늘렸다. 유플투쁠데이 1주차에는 오션월드 워터파크·구명조끼 50% 할인, 서울랜드 파크이용권 55% 할인을, 2주차에는 배달의민족X자담치킨 2만2000원 이상 주문시 1만1500원 할인, 파파존스 방문포장 50% 할인 등을 제공한다.보다 강화된 혜택을 받을 수 있는 20일 슈퍼투쁠데이에는 CGV 유플투쁠세트, 스파오 2만원 할인권, 파파존스 50% 할인, 야놀자 국내숙소 3만원 할인권, 야놀자 해외숙소 3만원 할인권 등을 이용 가능하다. 또 매달 20일 진행되는 유쓰데이 혜택으로 컴포츠커피 생초콜릿 라떼 1잔 증정, 밀리의서재 1개월 무료이용권도 있다.LG유플러스는 지역상생 캠페인 일환으로 컴포즈커피와 손잡고 소상공인을 응원하는 고객 참여형 이벤트도 진행한다. 추첨을 통해 컴포즈커피 굿즈, 팥절미 밀크셰이크 등을 증정한다.LG유플러스 고객 누구나 참여할 수 있으며 이달 31일까지 전국 컴포즈커피 전 지점에서 구매한 영수증을 캡처해 LG유플러스 닷컴 내 구매인증 이벤트 페이지에서 응모하면 된다.장준영 LG유플러스 마케팅전략담당은 ""기존에 반응이 좋았던 혜택을 강화하는 것뿐만 아니라 LG유플러스만의 차별화된 고객 경험을 전달하기 위해 새로운 제휴사도 추가했다""며 ""항상 고객 입장에서 고민해 최고의 고객 가치를 전달하기 위해 늘 변화하고 노력하는 LG유플러스 멤버십이 되겠다""고 말했다."
https://n.news.naver.com/mnews/article/031/0000954135?sid=105,2025-08-04 09:13:06,IT/과학,"LGU+, '유플투쁠' 8월 제휴사 52개로 확대…역대 최대 혜택 제공","테마파크 할인부터 커피 무료·지역상생 캠페인까지LG유플러스는 멤버십 프로그램 '유플투쁠'의 8월 제휴사를 올해 최대 규모인 52개로 확대하고, 여름 휴가철에 맞춘 혜택을 강화했다고 4일 밝혔다.이번 달에는 가족 단위 고객을 위한 테마파크 및 체험형 제휴 혜택이 다수 추가됐다. △12일 오션월드 50% 할인 △12일 부산 롯데월드 40% 할인 △12일 서울랜드 55% 할인 △12일 아쿠아필드 40% 할인 △14일 아일랜드 캐슬 특가 △19일 뽀로로파크 66% 할인 △21일 원더파크 40% 할인 등이 대표적이다.신규 제휴 혜택도 다양하다. △12일 그리팅 2만원 할인 △14일 다운타우너 더블 치즈 트리플버거 세트 할인 △18일 오뚜기몰 전 제품 30% 할인 △19일 베어유 14일 무료 수강 쿠폰 △19일 메디코치 월 1만원 할인 △19일 전남친순대 컵순대 무료 제공 △22일 Google AI Pro 3개월 이용권 제공(익시오 가입 및 이벤트 응모 시) 등이 포함됐다.LG유플러스는 이번 제휴 확대를 기념해 유플투쁠데이 할인율도 대폭 높였다. 1주차에는 △오션월드 워터파크 및 구명조끼 50% 할인 △서울랜드 55% 할인 혜택이, 2주차에는 △배달의민족X자담치킨 2만2000원 이상 주문 시 1만1500원 할인 △파파존스 방문포장 50% 할인이 제공된다.지난달부터 시작된 '컴포즈커피 아이스 아메리카노 100% 할인' 프로모션도 8월 유플투쁠 기간 동안 연장된다. VIP 등급 이상 고객은 12일부터 28일까지 총 8일간 매일 오전 11시에 쿠폰을 다운받을 수 있으며, 쿠폰은 수령 당일 전국 컴포즈커피 매장에서 사용 가능하다.장준영 LG유플러스 마케팅전략담당은 ""무더운 여름, 하계 바캉스 시즌을 맞아 유플러스 멤버십 혜택을 대폭 강화했다""며 ""고객 관점에서 차별적인 멤버십을 지속 발굴해 나가겠다""고 말했다."
https://n.news.naver.com/mnews/article/421/0008409080?sid=105,2025-08-04 09:17:00,IT/과학,"LGU+, 휴가철 유플투쁠 8월 멤버십 혜택 강화…""제휴사 확대""","(LGU+ 제공)/뉴스1(서울=뉴스1) 김정현 기자 = LG유플러스가 멤버십 프로그램 '유플투쁠'의 8월 제휴사를 52개로 확대해 여름 휴가철에 맞는 혜택을 강화했다고 4일 밝혔다.이달 혜택에는 △12일 오션월드 50% 할인 △12일 부산 롯데월드 40% 할인 △12일 서울랜드 55% 할인 △12일 아쿠아필드 40% 할인 △14일 아일랜드 캐슬 특가 제공 △19일 뽀로로파크 66% 할인 △21일 원더파크 40% 할인 등 테마파크·체험형 제휴 혜택이 추가됐다.이외에도 △12일 그리팅 2만 원 할인 △14일 다운타우너 더블 치즈 트리플버거 세트 할인 △18일 오뚜기몰 전 제품 30% 할인 △19일 베어유 14일 무료 수강 쿠폰 △19일 메디코치 매달 1만 원 할인 △19일 전남친순대 컵순대 무료 제공 △22일 구글 AI Pro 3개월 이용권(익시오 가입 후 이벤트 응모 시) 등이 새로 제공된다.최고 할인율 50% 혜택 제휴도 늘렸다. 유플투쁠데이 1주차에는 △오션월드 워터파크+구명조끼 50% 할인 △서울랜드파크이용권 55%할인을, 2주차에는 △배달의민족X자담치킨(2만 2000원 이상 주문 시 1만 1500원 할인) △파파존스(방문포장 50% 할인)를 제공한다.매일 컴포즈커피 아이스 아메리카노 100% 할인 프로모션는 8월에도 진행한다. LG유플러스는 컴포즈커피와 손잡고 지역상생 캠페인의 일환으로 소상공인을 응원하는 고객 참여형 이벤트도 진행 중이다.8월 20일 '슈퍼투쁠데이'에는 △CGV 유플투쁠세트(팝콘M+콜라M) △스파오 2만 원 할인권 △파파존스 50% 할인 △야놀자 국내숙소 3만 원 할인권 △야놀자 해외숙소 3만 원 할인권 등을 제공한다.장준영 LG유플러스 마케팅전략담당은 ""고객관점에서 차별적인 멤버십을 지속적으로 발굴해 나가겠다""고 말했다."
https://n.news.naver.com/mnews/article/092/0002384607?sid=105,2025-08-04 09:38:11,IT/과학,LGU+ ‘유플투쁠’ 제휴처 52개 확대…테마파크·체험형 제휴 추가,"오션월드, 부산 롯데월드, 서울랜드, 뽀로로파크 등 최대 66% 할인LG유플러스가 여름 휴가철을 맞이해 대표 멤버십 프로그램 ‘유플투쁠’의 제휴처를 52개로 확대했다고 밝혔다. 특히 바캉스 시즌을 맞이해 테마파크와 체험형 제휴 서비스를 추가했다.유플투쁠데이 1주차에는 ▲오션월드(워터파크+구명조끼 50% 할인) ▲서울랜드(파크이용권 55%할인)를 2주차에는 ▲배달의민족X자담치킨(2만2천원 이상 주문 시 1만1천500원 할인) ▲파파존스(방문포장 50% 할인)를 제공한다.이와 함께 테마파크·체험형 제휴 서비스로 ▲12일 오션월드 50% 할인 ▲12일 부산 롯데월드 40% 할인 ▲12일 서울랜드 55% 할인 ▲12일 아쿠아필드 40% 할인 ▲14일 아일랜드 캐슬 특가 제공 ▲19일 뽀로로파크 66% 할인 ▲21일 원더파크 40% 할인 등이 제공된다.새롭게 추가된 구성은 ▲12일 그리팅 2만원 할인 ▲14일 다운타우너 더블 치즈 트리플버거 세트 할인 ▲18일 오뚜기몰 전 제품 30% 할인 ▲19일 베어유 14일 무료 수강 쿠폰 ▲19일 메디코치 매달 1만원 할인 ▲19일 전남친순대 컵순대 무료 제공 ▲22일 구글 AI 프로 3개월 이용권(익시오 가입 후 이벤트 응모 시) 등이 있다.컴포즈 아이스 아메리카노 무료 프로모션이 8월까지 이어진다. VIP 등급 이상이면 8월 12일부터 28일까지 유플투쁠이 진행되는 8일간 매일 오전 11시에 쿠폰을 다운받을 수 있다. 이 쿠폰은 받자마자 컴포즈커피 전 지점에서 사용 가능하다.기존 유플투쁠데이보다 구성이 강화된 8월 20일 ‘슈퍼투쁠데이’에는 ▲CGV 유플투쁠세트(팝콘M+콜라M) ▲스파오 2만원 할인권 ▲파파존스 50% 할인 ▲야놀자 국내숙소 3만원 할인권 ▲야놀자 해외숙소 3만원 할인권 등을 제공한다.또한 매월 20일 진행되는 유쓰데이 구성으로 ▲컴포즈커피 생초콜릿 라떼 1잔 증정 ▲밀리의서재 1개월 무료이용권도 준비돼 있다.LG유플러스는 컴포즈커피와 함께 지역상생 캠페인의 일환으로 소상공인을 응원하는 가입자 참여형 이벤트를 진행한다. LG유플러스 가입자 누구나 참여할 수 있으며, 이벤트가 진행되는 동안 컴포즈커피에서 구매한 영수증을 캡처해 LG유플러스 닷컴 내 ‘유플투쁠X컴포즈커피 구매인증 이벤트’ 페이지에서 응모하면 된다.이는 8월1일부터 31일까지 전국 컴포즈커피 전 지점에서 구매한 영수증 모두 포함되며, 지역사랑화폐나 민생회복 소비쿠폰 등을 통해 결제한 구매내역도 응모할 수 있다. 추첨을 통해 당첨된 가입자에게는 컴포즈커피 굿즈, 컴포즈 커피 팥절미 밀크쉐이크 등을 제공한다.장준영 LG유플러스 마케팅전략담당은 ""무더운 여름, 하계 바캉스 시즌을 맞아 유플러스 멤버십 혜택을 대폭 강화했다”며 “고객관점에서 차별적인 멤버십을 지속적으로 발굴해 나가겠다“고 말했다."
https://n.news.naver.com/mnews/article/016/0002509288?sid=105,2025-08-04 11:23:11,IT/과학,"LGU+ ‘유플투쁠’, 올해 최대 규모 휴가철 혜택 제공","워터파크·놀이공원 등 체험 강화올 최대 규모인 52개사 제휴 확대컴포즈커피와 민생회복 프로모션‘유플투쁠’ 인기 혜택인 컴포즈커피 매장에서 LG유플러스 직원이 8월 혜택을 소개하고 있다.[LG유플러스 제공]LG유플러스는 대표 멤버십 프로그램 ‘유플투쁠’의 8월 제휴사를 올해 최대 규모인 52개로 확대했다고 4일 밝혔다. 여름 휴가철에 맞춘 테마파크 할인권부터 인공지능(AI) 구독권까지 제휴 혜택이 폭넓게 강화됐다.이달 여름 휴가철을 맞이해 가족과 함께 즐길 수 있는 테마파크·체험형 제휴 혜택이 추가됐다. 상세 혜택으로는 ▷오션월드 50% 할인 ▷부산 롯데월드 40% 할인 ▷서울랜드 55% 할인 ▷아쿠아필드 40% 할인(이상 12일) ▷아일랜드 캐슬 특가 제공(14일) ▷뽀로로파크 66% 할인(19일) ▷원더파크 40% 할인(21일) 등이 있다.또 ▷그리팅 2만원 할인(12일) ▷다운타우너 더블 치즈 트리플버거 세트 할인(14일) ▷오뚜기몰 전 제품 30% 할인(18일) ▷베어유 14일 무료 수강 쿠폰 ▷메디코치 매달 1만원 할인 ▷전남친순대 컵순대 무료 제공(이상 19일) ▷구글 AI 프로 3개월 이용권(22일·익시오 가입 후 이벤트 응모 시) 등도 새롭게 추가됐다.LG유플러스는 올해 최다 제휴 혜택인 52개를 제공하는 기념으로 최고 할인율 50% 혜택 제휴도 늘렸다. ‘유플투쁠데이’ 1주 차에는 ▷오션월드(워터파크+구명조끼 50% 할인) ▷서울랜드(파크이용권 55%할인)를, 2주 차에는 ▷배달의민족×자담치킨(2만2000원 이상 주문 시 1만1500원 할인) ▷파파존스(방문포장 50% 할인)를 제공한다.유플투쁠데이보다 강화된 혜택을 받을 수 있는 오는 20일 ‘슈퍼투쁠데이’에는 ▷CGV 유플투쁠세트(팝콘M+콜라M) ▷스파오 2만원 할인권 ▷파파존스 50% 할인 ▷야놀자 국내숙소 3만원 할인권 ▷야놀자 해외숙소 3만원 할인권 등을 제공한다. 또 매월 20일 진행되는 ‘유쓰데이’ 혜택으로 ▷컴포즈커피 생초콜릿 라떼 1잔 증정 ▷밀리의서재 1개월 무료이용권도 준비돼 있다.지난달 통신사 최초로 유플투쁠데이에 추가된 매일 컴포즈커피 아이스 아메리카노 100% 할인 프로모션은 이달에도 진행한다. VIP등급 이상이면 오는 12~28일 유플투쁠이 진행되는 8일간 매일 오전 11시에 쿠폰을 다운받을 수 있다. 해당 쿠폰은 수령 당일에 컴포즈커피 전 지점에서 사용 가능하다. 권제인 기자"
https://n.news.naver.com/mnews/article/029/0002973101?sid=105,2025-08-04 14:00:00,IT/과학,K-AI 정예팀에 네이버·LG·SKT·NC·업스테이지,"‘독자 AI 파운데이션 모델’ 발표평가 결과 공개KT·카카오·코난테크·모레·KAIST 주관 컨소 탈락6개월마다 단계평가 거쳐 최종 2곳 선정 예정송상훈 과학기술정보통신부 정보통신정책실장이 4일 정부서울청사에서 독자 AI 파운데이션 모델 프로젝트 발표평가 결과에 대해 브리핑하고 있다. 팽동현 기자정부 ‘독자 AI 파운데이션 모델’ 프로젝트를 수행할 정예팀으로 네이버클라우드, 업스테이지, SK텔레콤, NC AI, LG AI연구원(이상 가나다순)이 각각 주관하는 컨소시엄 5곳이 선정됐다. ‘K-AI’ 기업으로서 ‘소버린AI’와 ‘모두의 AI’를 위한 ‘K-AI’ 기반(파운데이션)모델 개발에 착수한다.과학기술정보통신부는 앞서 서면평가를 통과한 총 10개 컨소시엄 대상으로 지난달 30일부터 양일간 진행한 발표평가 결과를 4일 공개했다. KT, 카카오, 코난테크놀로지, 모티프테크놀로지스, 한국과학기술원(카이스트)이 주관기관을 맡은 컨소시엄 5곳은 문턱을 넘지 못했다. 평가위원회 구성과 팀별 점수·순위는 공개되지 않았다.발표평가에선 기술력과 개발경험, 목표·전략 및 파급효과·기여계획 등을 종합적으로 평가했다. 송상훈 과기정통부 정보통신정책실장은 이날 브리핑에서 “단순 데이터 유입이나 해외모델 미세조정이 아니라 프롬스크래치(초기부터 직접구축) 역량을 지향했다”며 “기술변화에 기민하게 대응할 수 있을지, 새로운 구조를 제안·실현한 경험이 검증되는지를 중시했다”고 설명했다. 5개팀 모두 국내 AI생태계와 AI전환(AX)을 위해 높은 수준의 오픈소스 정책도 제시했다.네이버클라우드 정예팀에는 네이버, 트웰브랩스, 카이스트와 서울대·포항공대·고려대·한양대의 산학협력단이 참여한다. 텍스트·이미지·오디오·비디오 등 이종 데이터를 통합 이해·생성 가능한 옴니 파운데이션 모델을 구축하고 실시간 상호작용을 지원해 국가 공통 기초지능을 확보한다는 목표다. 국민 체험형 AI서비스 플랫폼과 AI에이전트 마켓플레이스도 운영할 계획이다.업스테이지 정예팀에는 노타, 래블업, 플리토, 뷰노, 마키나락스, 로앤컴퍼니, 오케스트로, 데이원컴퍼니, 올거나이즈, 금융결제원, 서강대 산학협력단, 카이스트가 참여한다. 글로벌 프런티어 수준의 ‘솔라 WBL’ 모델 개발에 나선다. 이를 기반으로 한 대국민 AI서비스 사용자를 3년간 1000만명 이상 확보하는 것도 목표로 삼았다.SKT 정예팀에는 크래프톤, 포티투닷, 리벨리온, 라이너, 셀렉트스타, 서울대 산학협력단, 카이스트가 참여한다. 포스트-트랜스포머 모델로 K-AI 서비스를 구현한다는 목표다. 국민 AI 접근성 강화, AX를 통한 산업 경쟁력 강화를 두 축으로 삼아 범용·특화 AI에이전트 등의 유스케이스(활용방안·사례) 발굴·확산에 집중한다.엔씨소프트 자회사 NC AI 정예팀에는 고려대, 서울대, 연세대, 카이스트, 한국전자통신연구원(ETRI), AI웍스, 포스코DX, 롯데이노베이트, HL로보틱스, 인터엑스, 미디어젠, 문화방송(MBC), NHN이 참여한다. 200B급 언어모델과 이를 기반으로 한 멀티모달모델 패키지를 개발하고, 산업 AX 지원을 위한 도메인옵스 플랫폼과 특화모델도 마련하기로 했다.LG AI연구원 정예팀에는 LG유플러스(LGU+), LG CNS, 슈퍼브AI, 퓨리오사AI, 프렌들리AI, 이스트소프트, 이스트에이드, 한글과컴퓨터(한컴), 뤼튼테크놀로지스가 참여한다. 전문성·범용성을 겸비한 글로벌 최고수준 기반모델을 개발하고 누구나 쉽게 접근 가능한 풀스택 AI 산업 생태계를 조성하는 것을 목표로 세웠다. B2C·B2B·B2G 분야별 선도사례 창출로 AX를 가속할 계획이다.정부는 사업비 심의·조정 등을 사업범위와 지원내역을 확정하고 이들 정예팀 대상으로 AI모델 개발에 필요한 그래픽처리장치(GPU), 데이터, 인재 등 종합적인 지원을 제공할 계획이다. 먼저 GPU는 각 정예팀과 사업계획 기준으로 협의해 올해 엔비디아 B200 512장 또는 H100 1024장 수준을 지원한다. 다만, SKT와 네이버클라우드는 이 프로젝트를 위한 GPU 임차사업의 공급사로도 선정된 바 있어 내년 상반기까진 GPU 지원 대상에서 제외된다.데이터는 5개 정예팀 모두 지원을 신청했다. 사전 협의를 거쳐 100억원 규모로 데이터 공동구매를 진행하고 내달부터 제공 예정이다. 또 200억원 규모로 고품질 방송영상데이터를 지원하고, 팀별 28억원을 추가 지원해 특화 데이터셋 구축·가공을 돕는다. 김경만 과기정통부 인공지능정책관은 “데이터 제공업체 선정에 있어 주안점을 둔 게 저작권 문제다. 저작권을 가진 공공기관과 우선 협의 중”이라며 “한정된 예산이지만 적정비용을 지급할 것”이라 밝혔다.이밖에 인재의 경우 5곳 중엔 업스테이지 정예팀만 지원을 희망했다. 정부가 해외 우수 연구자 인건비·연구비 등을 매칭 지원하기로 했다. 이상민 과기정통부 소프트웨어정책과장은 “계약 문제나 방향성 측면에서 적합한 해외 우수인재들을 찾기엔 시간이 촉박했던 측면이 있다”고 말했다.정부는 이들 5개팀이 연내 개발·확보한 기반모델 등을 기반으로 12월말 1차 단계평가(5→4개팀 압축)를 추진한다. 경쟁형 압축 방식으로 6개월마다 단계평가를 진행해 최종 2개팀을 선정할 방침이다. 이를 위한 벤치마크 데이터셋 구축과 함께 국민 누구나 AI모델 성능을 평가·검증할 수 있는 리더보드 시범 오픈도 추진할 계획이다. 아울러 조만간 착수식을 열고 5개팀에 ‘K-AI 모델’, ‘K-AI 기업’ 명칭을 정식 부여할 예정이다.장기철 과기정통부 인터넷진흥과장은 “선정된 5개 정예팀 외에 이번 공모에 응한 팀들 대상으로는 특화모델 등 다른 방식으로 지원할 수 있는 기회를 마련하고자 한다”며 “추가로 확보한 앨리스그룹 GPU 물량(B200 512장)에 대해 별도 공모 절차를 거쳐 지원사업을 기획할 것”이라 덧붙였다."
https://n.news.naver.com/mnews/article/014/0005386871?sid=105,2025-08-04 15:37:10,IT/과학,"LG U+, '유플투쁠' 최대 규모로 여름 휴가철 혜택 쏜다",유플투쁠 인기 혜택인 컴포즈커피 매장에서 LG유플러스 직원이 8월 혜택을 소개하고 있다. LG유플러스 제공LG유플러스가 대표 멤버십 프로그램 ‘유플투쁠’의 8월 제휴사를 올해 최대 규모인 52개로 확대하고 여름 휴가철에 맞는 혜택을 강화했다고 4일 밝혔다.8월 바캉스 시즌을 맞이해 가족과 함께 즐길 수 있는 테마파크·체험형 제휴 혜택이 추가됐다. 상세 혜택으로는 △12일 오션월드 50% 할인 △12일 부산 롯데월드 40% 할인 △12일 서울랜드 55% 할인 △12일 아쿠아필드 40% 할인 △14일 아일랜드 캐슬 특가 제공 △19일 뽀로로파크 66% 할인 △21일 원더파크 40% 할인 등이 있다.새롭게 추가된 혜택으로는 △12일 그리팅 2만원 할인 △14일 다운타우너 더블 치즈 트리플버거 세트 할인 △18일 오뚜기몰 전 제품 30% 할인 △19일 베어유 14일 무료 수강 쿠폰 △19일 메디코치 매달 1만원 할인 △19일 전남친순대 컵순대 무료 제공 △22일 구글 AI 프로 3개월 이용권(익시오 가입 후 이벤트 응모 시) 등이 있다.LG유플러스는 올해 최다 제휴 혜택인 52개를 제공 기념으로 최고 할인율 50% 혜택 제휴도 늘렸다. 유플투쁠데이 1주차에는 △오션월드(워터파크+구명조끼 50% 할인) △서울랜드(파크이용권 55%할인)를 2주차에는 △배달의민족X자담치킨(2만2000원 이상 주문 시 1만1500원 할인) △파파존스(방문포장 50% 할인)를 제공한다.지난달 통신사 최초로 유플투쁠데이에 추가된 매일 컴포즈커피 아이스 아메리카노 100% 할인 프로모션은 8월에도 진행한다. VIP등급 이상이면 8월 12일부터 28일까지 유플투쁠이 진행되는 8일간 매일 오전 11시에 쿠폰을 다운받을 수 있다. 해당 쿠폰은 수령 당일에 컴포즈커피 전 지점에서 사용 가능하다.유플투쁠데이보다 강화된 혜택을 받을 수 있는 20일 ‘슈퍼투쁠데이’에는 △CGV 유플투쁠세트(팝콘M+콜라M) △스파오 2만원 할인권 △파파존스 50% 할인 △야놀자 국내숙소 3만원 할인권 △야놀자 해외숙소 3만원 할인권 등을 제공한다. 또한 매달 20일 진행되는 유쓰데이 혜택으로 △컴포즈커피 생초콜릿 라떼 1잔 증정 △밀리의서재 1개월 무료이용권도 준비돼 있다.장준영 LG유플러스 마케팅전략담당은 “기존에 반응이 좋았던 혜택을 강화하는 것 뿐만 아니라 LG유플러스만의 차별화된 고객 경험을 전달하기 위해 새로운 제휴사도 추가했다”며 “항상 고객 입장에서 고민해 최고의 고객 가치를 전달하기 위해 늘 변화하고 노력하는 LG유플러스 멤버십이 되겠다”고 말했다.
https://n.news.naver.com/mnews/article/138/0002202051?sid=105,2025-08-04 17:18:08,IT/과학,"LGU+, ‘천원의 사랑’ 기금으로 방학 중 결식 아동에 급식 지원",[디지털데일리 강소현기자] LG유플러스는 재단법인 아름다운가게에 임직원기금 ‘천원의 사랑’ 성금을 전달하고 방학 기간 중 결식 우려가 있는 아동들을 지원한다고 4일 밝혔다.‘천원의 사랑’은 LG유플러스 임직원들이 매달 급여에서 1000원 이상을 자발적으로 기부해 조성하는 나눔 활동이다.이번 기금은 아름다운가게의 결식 아동 급식 지원사업인 ‘맛있는 방학 쿡방’에 사용될 예정이다. ‘맛있는 방학 쿡방’은 방학 중 급식 공백으로 인한 아동 결식을 예방하고 돌봄 공백을 최소화하기 위해 마련된 아름다운가게 대표 나눔사업이다.2024년 기준 결식 우려가 있는 18세 미만 취학 및 미취학 아동은 전국에 약 27만명으로 아름다운가게는 이 중 지역아동센터를 이용하는 아동들을 중심으로 급식비 지원과 식생활 교육 프로그램을 운영하고 있다.전달식에 참석한 LG유플러스 임직원 대표 장현민 책임은 “임직원들의 따듯한 마음이 결식 아동들에게 실질적인 도움이 되길 바란다”며 “앞으로도 지역사회 아동들을 위한 지속적인 지원을 이어가겠다고”고 밝혔다.
https://n.news.naver.com/mnews/article/014/0005386965?sid=105,2025-08-04 18:18:27,IT/과학,LGU+ 8월 한달간 테마파크·휴가철 먹거리 쏜다,유플투쁠 제휴사 52곳으로 확대유플투쁠 인기 혜택인 컴포즈커피 매장에서 LG유플러스 직원이 8월 혜택을 소개하고 있다. LG유플러스 제공LG유플러스가 대표 멤버십 프로그램 '유플투쁠'의 8월 제휴사를 올해 최대 규모인 52개로 확대하고 여름 휴가철에 맞는 혜택을 강화했다고 4일 밝혔다.8월 바캉스 시즌을 맞이해 가족과 함께 즐길 수 있는 테마파크·체험형 제휴 혜택이 추가됐다. 상세 혜택으로는 △12일 오션월드 50% 할인 △12일 부산 롯데월드 40% 할인 △12일 서울랜드 55% 할인 △12일 아쿠아필드 40% 할인 △14일 아일랜드 캐슬 특가 제공 △19일 뽀로로파크 66% 할인 △21일 원더파크 40% 할인 등이 있다.새롭게 추가된 혜택으로는 △12일 그리팅 2만원 할인 △14일 다운타우너 더블 치즈 트리플버거 세트 할인 △18일 오뚜기몰 전 제품 30% 할인 △19일 베어유 14일 무료 수강 쿠폰 △19일 메디코치 매달 1만원 할인 △19일 전남친순대 컵순대 무료 제공 △22일 구글 AI 프로 3개월 이용권(익시오 가입 후 이벤트 응모 시) 등이 있다. 구자윤 기자#LG유플러스 #테마파크 #혜택 #휴가철 #유플투쁠
https://n.news.naver.com/mnews/article/003/0013403747?sid=105,2025-08-05 09:00:00,IT/과학,"""그놈 목소리 딱 찝어낸다""…LGU+, 하루 평균 183건 피싱시도 탐지","LGU+, 하루 평균 183건·2900억원 피해 예방통화 5초 위변조 감지, 1~2분 내 피싱 판단[서울=뉴시스]박은비 기자 = LG유플러스는 온디바이스 인공지능(AI) 기반 안티딥보이스 기술이 한 달 만에 5500여건의 피싱 시도를 탐지했다고 5일 밝혔다. 하루 평균 183건에 달하는 수치다.LG유플러스는 보이스피싱 한 건당 평균 피해 금액이 약 5300만원이라는 점을 고려할 때 약 2900억원 상당의 피해를 예방한 것으로 보고 있다.안티딥보이스는 AI 기술을 활용해 위변조된 목소리를 판별해 보이스피싱 위험을 줄이는 기술이다. LG유플러스는 지난 6월 말 자사 AI 애플리케이션(앱) 익시오(ixi-O)를 통해 국내 통신사 중에는 처음 상용화를 시작했다.익시오를 사용하는 고객은 별도의 절차 없이 안티딥보이스 기능으로 보이스피싱 위험으로부터 실시간 보호받을 수 있다. 이 기술은 통화 시작 직후 5초 이내 위변조된 음성을 감지하고 대화 패턴을 종합적으로 분석해 1~2분 내 보이스피싱 의심 여부를 가려낸다.안티딥보이스는 AI를 활용해 실시간으로 통화 음성의 주파수 벡터를 분석, 위조 가능성을 판단한다. LG유플러스는 정확한 탐지를 위해 고도화된 알고리즘과 국립과학수사연구소로부터 제공받은 실제 보이스피싱 스크립트를 활용해 200만건 이상 데이터를 학습시켰다. LG유플러스가 밝힌 합성 음성 탐지 정확도는 98% 수준이다.LG유플러스는 향후 개인정보위원회와 국과수 등과 협업해 보이스피싱 범죄자 목소리를 탐지하는 기술을 익시오에 탑재할 계획이다. 또 AI 기반 위험 URL과 악성 앱 탐지 기능도 도입할 방침이다.최윤호 LG유플러스 AI 에이전트(Agent)추진그룹장(상무)은 ""AI를 활용해 고도화되는 보이스피싱 범죄로부터 고객을 보호하기 위해 세계 최초로 상용화한 안티딥보이스 기술이 실질적으로 피해를 막는 역할을 하고 있다는 것을 활용했다""며 ""앞으로도 AI 기반 실시간 분석으로 입체적인 보안 체계를 구축해 보안에 가장 진심인 통신사로 자리매김할 것""이라고 말했다．"
https://n.news.naver.com/mnews/article/417/0001093410?sid=105,2025-08-05 09:00:00,IT/과학,"LGU+, '안티딥보이스' 한 달 만에 위변조 음성 5500건 탐지","익시오에 안티딥보이스 탐재 후 2900억원 상당 피해 예방LG유플러스가 세계 최초로 상용화한 온디바이스(On-device) AI 기반 '안티딥보이스(Anti-DeepVoice)' 기술이 한 달 만에 5500여 건의 피싱 시도를 탐지했다. 사진은 LG유플러스 직원이 익시오의 안티딥보이스 기능을 소개하는 모습/사진=LG유플러스LG유플러스가 세계 최초로 상용화한 온디바이스(On-device) 인공지능(AI) 기반 '안티딥보이스'(Anti-DeepVoice) 기술이 한 달 만에 5500여건의 피싱 시도를 탐지했다. 이는 AI로 위변조한 음성을 활용한 보이스피싱 시도를 사전에 차단했다는 뜻으로 고객들의 피해 위험을 줄이고 있다는 점에서 의미가 있다.안티딥보이스는 AI 기술을 활용해 위변조된 목소리를 판별, 보이스피싱 위험을 줄이는 기술이다. LG유플러스는 지난 6월 말 자사의 AI 앱 익시오(ixi-O)를 통해 국내 통신사 중 가장 먼저 상용화에 성공했다. LG유플러스가 지난 7월 말까지 약 한 달 동안 안티딥보이스의 성과를 분석한 결과 약 5500건의 위변조 음성을 탐지한 것으로 집계됐다. 이는 일 평균 183건에 달하는 수치로 보이스피싱 한 건당 평균 피해 금액이 약 5300만원이라는 점을 고려할때 약 2900억원 상당의 피해를 예방했다는 분석이 가능하다.익시오를 사용하는 고객은 별도의 절차 없이 안티딥보이스 기능을 통해 보이스피싱 위험으로부터 실시간 보호받을 수 있다. 이 기술은 통화 시작 직후 5초 이내 위변조된 음성을 감지하고 대화 패턴을 종합적으로 분석해 1~2분 내 보이스피싱 의심 여부를 가려낸다.안티딥보이스는 AI를 활용해 실시간으로 통화 음성의 주파수 벡터를 분석, 위조 가능성을 판단한다. LG유플러스는 정확한 탐지를 위해 고도화된 알고리즘과 국립과학수사연구소로부터 제공받은 실제 보이스피싱 스크립트를 활용해 200만건 이상의 데이터를 학습시켰다. 이를 통해 안티딥보이스는 합성된 음성에 대한 탐지 정확도 98%를 자랑한다. 안드로이드·iOS 스마트폰 보유 고객 누구나 온디바이스 AI 기반으로 개인 정보 유출 우려 없이 서비스를 이용할 수 있다.안티딥보이스 기능을 탑재한 익시오에 대한 관심은 글로벌 시장에서도 커지고 있다. MWC25를 통해 안티딥보이스 기술을 접한 세계이동통신사업자협회(GSMA) 산업 보안 책임자인 사만다 카이트(Samantha Kight)는 ""혁신적인 실시간 보이스피싱 탐지와 안티딥보이스 보호 기능을 갖춘 익시오는 온디바이스 AI 보안의 새로운 기준을 제시한다""며 ""모바일 기기 내에서 실시간으로 개인정보를 보호하며 위협을 탐지함으로써 소비자에게 더 똑똑한 보안 환경을 제공할 수 있을 것""이라고 평가했다.향후 LG유플러스는 개인정보위원회·국립과학수사연구원 등과 협업해 보이스피싱 범죄자 목소리를 탐지하는 기술을 익시오에 탑재, 고객 안심을 강화할 방침이다. 또 AI 기반의 위험 URL과 악성 앱 탐지 기능도 도입할 방침이다.최윤호 LG유플러스 AI Agent추진그룹장(상무)은 ""AI를 활용해 고도화되는 보이스피싱 범죄로부터 고객을 보호하기 위해 세계 최초로 상용화한 안티딥보이스 기술이 실질적으로 피해를 막는 역할을 하고 있다는 것을 확인했다""며 ""LG유플러스는 AI 기반의 실시간 분석을 통해 입체적인 보안 체계를 구축함으로써 보안에 가장 진심인 통신사로 자리매김할 것""이라고 말했다."
https://n.news.naver.com/mnews/article/014/0005387149?sid=105,2025-08-05 09:05:18,IT/과학,"LG U+ ‘안티딥보이스’, 한 달 만에 위변조 음성 5500건 탐지","LG유플러스 직원이 익시오의 안티딥보이스 기능을 소개하고 있다. LG유플러스 제공LG유플러스는 세계 최초로 상용화한 온디바이스 인공지능(AI) 기반 ‘안티딥보이스’ 기술이 한 달 만에 5500여건의 피싱 시도를 탐지했다고 5일 밝혔다.‘안티딥보이스’는 AI 기술을 활용해 위변조된 목소리를 판별해 보이스피싱 위험을 줄이는 기술이다. LG유플러스는 지난 6월 말 자사의 AI 앱 ‘익시오(ixi-O)’를 통해 국내 통신사 중 가장 먼저 상용화에 성공했다. LG유플러스가 지난달 말까지 약 한 달간 안티딥보이스의 성과를 분석한 결과 약 5500건의 위변조 음성을 탐지한 것으로 집계됐다. 이는 일 평균 183건에 달하는 수치로, 보이스피싱 한 건당 평균 피해 금액이 약 5300만원이라는 점을 고려할때 약 2900억원 상당의 피해를 예방했다는 분석이 가능하다.익시오를 사용하는 고객은 별도의 절차 없이 안티딥보이스 기능을 통해 보이스피싱 위험으로부터 실시간 보호받을 수 있다. 이 기술은 통화 시작 직후 5초 이내 위변조된 음성을 감지하고 대화 패턴을 종합적으로 분석해 1~2분 내 보이스피싱 의심 여부를 가려낸다.안티딥보이스는 AI를 활용해 실시간으로 통화 음성의 주파수 벡터를 분석, 위조 가능성을 판단한다. LG유플러스는 정확한 탐지를 위해 고도화된 알고리즘과 국립과학수사연구소로부터 제공받은 실제 보이스피싱 스크립트를 활용해 200만건 이상의 데이터를 학습시켰다. 이를 통해 안티딥보이스는 합성된 음성에 대한 탐지 정확도 98%를 자랑한다. 안드로이드·iOS 스마트폰 보유 고객 누구나 온디바이스 AI 기반으로 개인 정보 유출 우려 없이 서비스를 이용할 수 있다.안티딥보이스 기능을 탑재한 익시오에 대한 관심은 글로벌 시장에서도 커지고 있다. MWC25를 통해 안티딥보이스 기술을 접한 세계이동통신사업자협회(GSMA) 산업 보안 책임자인 사만다 카이트는 “혁신적인 실시간 보이스피싱 탐지와 안티딥보이스 보호 기능을 갖춘 익시오는 온디바이스 AI 보안의 새로운 기준을 제시한다”며 “모바일 기기 내에서 실시간으로 개인정보를 보호하며 위협을 탐지함으로써 소비자에게 더 똑똑한 보안 환경을 제공할 수 있을 것”이라고 평가했다.향후 LG유플러스는 개인정보위원회·국립과학수사연구원 등과 협업해 보이스피싱 범죄자 목소리를 탐지하는 기술을 익시오에 탑재해 고객 안심을 강화할 방침이다. 또한 AI 기반의 위험 URL 및 악성 앱 탐지 기능도 도입할 방침이다.최윤호 LG유플러스 AI Agent추진그룹장(상무)은 “AI를 활용해 고도화되는 보이스피싱 범죄로부터 고객을 보호하기 위해 세계 최초로 상용화한 안티딥보이스 기술이 실질적으로 피해를 막는 역할을 하고 있다는 것을 확인했다”며 “앞으로도 LG유플러스는 AI 기반의 실시간 분석을 통해 입체적인 보안 체계를 구축함으로써 보안에 가장 진심인 통신사로 자리매김할 것”이라고 말했다."
https://n.news.naver.com/mnews/article/001/0015548781?sid=105,2025-08-05 09:06:45,IT/과학,"[AI픽] LGU+ AI, 한 달 만에 보이스피싱 5천여건 막았다","'익시오'에 안티딥보이스 탑재…2천900억원 피해 예방LG유플러스, '안티딥보이스' 기술 공개(서울=연합뉴스) 이재희 기자 = 26일 서울 용산구 LG서울역빌딩에서 열린 AI 보안 기술설명회에서 이석영 모바일에이전트 담당이 '익시오 안티 딥보이스' 기술을 설명하고 있다. 2025.6.26 scape@yna.co.kr(서울=연합뉴스) 박형빈 기자 = LG유플러스는 자사 인공지능(AI) 통화 에이전트 서비스 '익시오'(ixi-O)에 탑재된 온디바이스(On-Device) 기반 '안티딥보이스'(Anti-DeepVoice) 기술이 출시 한 달간 약 5천500건의 위변조 음성을 탐지했다고 5일 밝혔다.올해 1분기 경찰청 국가수사본부 조사 결과 보이스피싱 한 건당 평균 피해 금액이 약 5천300만원이라는 점을 고려할 때 약 2천900억원 상당의 피해를 예방 효과가 있었다고 LG유플러스는 추정했다.안티딥보이스는 AI 기술을 활용해 위변조된 목소리를 판별해 보이스피싱 위험을 줄이는 기술로, LG유플러스가 지난 6월 말 국내 통신사 중 가장 먼저 상용화했다.통화 시작 직후 5초 이내 위변조된 음성을 감지하고 대화 패턴을 종합적으로 분석해 1∼2분 내 보이스피싱 의심 여부를 가려낸다. 익시오 사용 고객에게는 별도 절차 없이 기능이 적용된다.LG유플러스는 국립과학수사연구소로부터 제공받은 실제 보이스피싱 스크립트를 포함해 총 200만 건 이상의 데이터를 AI에 학습시켰다. 이에 따라 합성 음성 탐지 정확도는 약 98% 수준에 이른다고 회사는 설명했다.또 개인정보가 고객 스마트폰에만 저장되는 온디바이스 방식으로 작동해 정보 유출 우려도 낮다고 강조했다.LG유플러스는 향후 개인정보위원회·국립과학수사연구원 등과 협업해 보이스피싱 범죄자 목소리를 탐지하는 기술을 익시오에 탑재해 고객 안심을 강화할 방침이다. AI 기반 위험 URL 및 악성 앱 탐지 기능도 도입할 예정이다.binzz@yna.co.kr"
https://n.news.naver.com/mnews/article/092/0002384778?sid=105,2025-08-05 09:11:12,IT/과학,"""AI로 피싱 막는다""…LGU+, 한달간 5500여건 보이스피싱 탐지","온디바이스 AI 기반 ‘안티딥보이스’ 성과 공개…일평균 183건 탐지로 약 2천900억원 피해 예방LG유플러스가 AI 통화 에이전트 ‘익스오’에 탑재한 온디바이스 AI 기반 ‘안티딥보이스’ 기술이 한 달 만에 5천500여건의 피싱 시도를 탐지했다고 5일 밝혔다.‘안티딥보이스’는 AI 기술을 활용해 위변조된 목소리를 판별하는 기술이다. LG유플러스는 지난 6월 말 익시오를 통해 국내 통신사 중 가장 먼저 상용화에 성공했다. 그로부터 한 달간 안티딥보이스의 성과를 분석한 결과, 약 5천500건의 위변조 음성을 탐지한 것으로 집계됐다.이는 일 평균 183건에 달하는 수치로, 보이스피싱 한 건당 평균 피해 금액이 약 5천300만원이라는 점을 고려할 때 약 2천900억원 상당의 피해를 예방한 것으로 추산된다.안티딥보이스는 통화 시작 직후 5초 이내 위변조된 음성을 감지한다. 이어 대화 패턴을 분석해 1~2분 내 보이스피싱 의심 여부를 가려낸다.아울러 이 기술은 AI를 활용해 실시간으로 통화 음성의 주파수 벡터를 분석, 위조 가능성을 판단한다. LG유플러스는 정확한 탐지를 위해 고도화된 알고리즘과 국립과학수사연구소로부터 제공받은 실제 보이스피싱 스크립트를 활용해 200만건 이상의 데이터를 학습시켰다. 이를 통해 안티딥보이스는 합성된 음성에 대한 탐지 정확도 98%를 자랑한다. 안드로이드·iOS 스마트폰 보유 이용자 누구나 온디바이스 AI 기반으로 개인 정보 유출 우려 없이 서비스를 이용할 수 있다.안티딥보이스 기능을 탑재한 익시오에 대한 관심은 글로벌 시장에서도 커지고 있다. MWC25를 통해 안티딥보이스 기술을 접한 세계이동통신사업자협회(GSMA) 산업 보안 책임자인 사만다 카이트는 “혁신적인 실시간 보이스피싱 탐지와 안티딥보이스 보호 기능을 갖춘 익시오는 온디바이스 AI 보안의 새로운 기준을 제시한다”며 “모바일 기기 내에서 실시간으로 개인정보를 보호하며 위협을 탐지함으로써, 소비자에게 더 똑똑한 보안 환경을 제공할 수 있을 것”이라고 평가했다.향후 LG유플러스는 개인정보위원회·국립과학수사연구원 등과 협업해 보이스피싱 범죄자 목소리를 탐지하는 기술을 익시오에 탑재, 이용자 안심을 강화할 방침이다. 또한 AI 기반의 위험 URL 및 악성 앱 탐지 기능도 도입할 방침이다.최윤호 LG유플러스 AI Agent추진그룹장은 “AI를 활용해 고도화되는 보이스피싱 범죄로부터 이용자를 보호하기 위해 세계 최초로 상용화한 안티딥보이스 기술이 실질적으로 피해를 막는 역할을 하고 있다는 것을 확인했다”며 “앞으로도 LG유플러스는 AI 기반의 실시간 분석을 통해 입체적인 보안 체계를 구축함으로써 보안에 가장 진심인 통신사로 자리매김할 것”이라고 말했다."
https://n.news.naver.com/mnews/article/016/0002509726?sid=105,2025-08-05 09:14:11,IT/과학,"LGU+ ‘안티딥보이스’, 한달 만에 위변조 음성 5500건 탐지","‘온디바이스 AI 피싱 탐지’ 세계 최초 상용화익시오에 기술 탑재…2900억 상당 피해 예방범죄자 목소리·악성 링크 탐지 기능 추가LG유플러스 직원이 익시오의 안티딥보이스 기능을 소개하는 모습. [LG유플러스 제공][헤럴드경제=권제인 기자] LG유플러스는 자사가 세계 최초로 상용화한 온디바이스 인공지능(On-device AI) 기반 ‘안티딥보이스(Anti-DeepVoice)’ 기술이 한 달 만에 5500여건의 피싱 시도를 탐지했다고 5일 밝혔다. 안티딥보이스 기술은 AI로 위변조한 음성을 활용한 보이스피싱 시도를 사전에 차단해 고객들의 피해 위험을 대폭 줄였다.안티딥보이스는 AI 기술을 활용해 위변조된 목소리를 판별하여 보이스피싱 위험을 줄이는 기술이다. LG유플러스는 지난 6월 말 자사의 AI 앱 ‘익시오(ixi-O)’를 통해 가장 먼저 상용화에 성공했다.LG유플러스가 지난 7월 말까지 약 한 달간 안티딥보이스의 성과를 분석한 결과 약 5500건의 위변조 음성을 탐지한 것으로 집계됐다. 이는 일평균 183건에 달하는 수치로, 보이스피싱 한 건당 평균 피해 금액이 약 5300만원이라는 점을 고려하면, 약 2900억원 상당의 피해를 예방한 셈이다.익시오를 사용하는 고객은 별도의 절차 없이 안티딥보이스 기능을 통해 보이스피싱 위험으로부터 실시간 보호받을 수 있다. 이 기술은 통화 시작 직후 5초 이내 위변조된 음성을 감지하고, 대화 패턴을 종합적으로 분석해 1~2분 내 보이스피싱 의심 여부를 가려낸다.안티딥보이스는 AI를 활용해 실시간으로 통화 음성의 주파수 벡터를 분석, 위조 가능성을 판단한다. LG유플러스는 정확한 탐지를 위해 고도화된 알고리즘과 국립과학수사연구소로부터 제공받은 실제 보이스피싱 스크립트를 활용해 200만건 이상의 데이터를 학습시켰다. 이를 통해 안티딥보이스는 합성된 음성에 대한 탐지 정확도 98%를 자랑한다. 안드로이드·iOS 스마트폰 보유 고객 누구나 온디바이스 AI 기반으로 개인 정보 유출 우려 없이 서비스를 이용할 수 있다.안티딥보이스 기능을 탑재한 익시오에 대한 관심은 글로벌 시장에서도 커지고 있다. MWC25를 통해 안티딥보이스 기술을 접한 사만다 카이트 세계이동통신사업자협회(GSMA) 산업 보안 책임자는 “혁신적인 실시간 보이스피싱 탐지와 안티딥보이스 보호 기능을 갖춘 익시오는 온디바이스 AI 보안의 새로운 기준을 제시한다”며 “모바일 기기 내에서 실시간으로 개인정보를 보호하며 위협을 탐지함으로써, 소비자에게 더 똑똑한 보안 환경을 제공할 수 있을 것”이라고 평가했다.향후 LG유플러스는 개인정보위원회·국립과학수사연구원 등과 협업해 보이스피싱 범죄자 목소리를 탐지하는 기술을 익시오에 탑재, 고객 안심을 강화할 방침이다. 또한 AI 기반의 위험 URL 및 악성 앱 탐지 기능도 도입할 방침이다.최윤호 LG유플러스 AI 에이전트추진그룹장(상무)은 “AI를 활용해 고도화되는 보이스피싱 범죄로부터 고객을 보호하기 위해 세계 최초로 상용화한 안티딥보이스 기술이 실질적인 피해를 막고있다”며 “앞으로도 LG유플러스는 AI 기반의 실시간 분석을 통해 입체적인 보안 체계를 구축함으로써 보안에 가장 진심인 통신사로 자리매김할 것”이라고 말했다."
https://n.news.naver.com/mnews/article/031/0000954481?sid=105,2025-08-05 09:16:12,IT/과학,"LGU+ '안티딥보이스', 한 달간 보이스피싱 5500건 탐지","AI 기반 실시간 탐지…하루 평균 183건, 약 2900억원 피해 예방 추정LG유플러스는 세계 최초로 상용화한 온디바이스(On-device) AI 기반 '안티딥보이스' 기술이 한 달간 약 5500건의 보이스피싱 시도를 탐지했다고 5일 밝혔다.LG유플러스가 세계 최초로 상용화한 온디바이스(On-device) AI 기반 ‘안티딥보이스(Anti-DeepVoice)’ 기술이 한 달 만에 5500여 건의 피싱 시도를 탐지했다. 사진은 LG유플러스 직원이 익시오의 안티딥보이스 기능을 소개하는 모습. [사진=LGU+]이 기술은 AI로 위·변조된 음성을 실시간으로 감지해 보이스피싱 피해를 사전에 막는다. 지난 6월 말부터 AI 앱 '익시오(ixi-O)'를 통해 상용화된 후, 7월 말까지 약 한 달간 누적 탐지량이 5500건에 달한 것으로 집계됐다. 하루 평균 183건의 시도를 탐지한 셈이다. 경찰청 국가수사본부에 따르면 보이스피싱 1건당 평균 피해액은 약 5300만원으로, LG유플러스는 약 2900억원 규모의 피해를 예방한 것으로 분석했다.익시오 이용 고객은 별도 절차 없이 안티딥보이스 기능을 통해 통화 중 위조된 음성을 5초 이내 탐지하고, 대화 패턴을 분석해 1~2분 내 보이스피싱 여부를 판별할 수 있다.LG유플러스는 국립과학수사연구원으로부터 제공받은 실제 보이스피싱 스크립트를 바탕으로 200만건 이상의 데이터를 학습시켰으며, 탐지 정확도는 98%에 달한다. 안드로이드와 iOS 스마트폰 모두 온디바이스 방식으로 개인정보 유출 없이 이용 가능하다.세계이동통신사업자협회(GSMA) 산업 보안 책임자인 사만다 카이트(Samantha Kight)는 ""익시오는 온디바이스 AI 보안의 새로운 기준을 제시한다""며 ""실시간으로 개인정보를 보호하고 위협을 탐지해 보다 스마트한 보안 환경을 제공할 수 있다""고 평가했다.LG유플러스는 앞으로 개인정보위원회·국립과학수사연구원 등과 협업해 보이스피싱 범죄자의 목소리를 탐지하는 기술도 익시오에 탑재할 계획이다. 이와 함께 AI 기반의 위험 URL·악성 앱 탐지 기능도 도입할 방침이다.최윤호 LG유플러스 AI Agent추진그룹장(상무)은 ""세계 최초로 상용화한 안티딥보이스 기술이 실질적인 피해 예방 효과를 보이고 있다""며 ""앞으로도 AI 기반 실시간 분석을 통해 입체적인 보안 체계를 구축해 나가겠다""고 말했다."
https://n.news.naver.com/mnews/article/421/0008411273?sid=105,2025-08-05 09:19:23,IT/과학,"LGU+, '안티딥보이스' 도입 한 달 만에 5500건 피싱 시도 탐지","LG유플러스 직원이 익시오의 안티딥보이스 기능을 소개하는 모습. (LGU+ 제공)(서울=뉴스1) 이기범 기자 = LG유플러스(032640)가 인공지능(AI)을 이용해 위·변조한 목소리를 판별하는 '안티딥보이스(Anti-DeepVoice)' 기술을 적용한지 한 달 만에 5500여건의 피싱 시도를 탐지했다고 5일 밝혔다.안티딥보이스는 AI 기술을 활용해 위변조된 목소리를 판별하고 보이스피싱 위험을 줄이는 기술이다. LG유플러스는 이를 지난 6월 말 자사 AI 통화 에이전트 서비스 '익시오’(ixi-O)에 탑재해 국내 통신사 중 가장 먼저 상용화했다.LG유플러스에 따르면 안티딥보이스 상용화 이후 지난 7월 말까지 한 달간 약 5500건의 위변조 음성을 탐지한 것으로 집계됐다. 일평균 183건에 달하는 수치다. 보이스피싱 한 건당 평균 피해 금액이 약 5300만 원이라는 점을 고려할 때 약 2900억 원 상당의 피해를 예방한 것으로 추산된다.안티딥보이스는 위조된 목소리의 부자연스러운 발음을 찾아내거나 음성 주파수의 비정상적인 패턴을 탐지하는 과정을 통해 진위를 판별한다. 이를 위해 필요한 통화 데이터는 약 5초 남짓이다. 통화 상대방의 목소리가 위·변조된 경우, 익시오는 팝업 알림을 통해 고객에게 위험을 전달한다. LG유플러스에 따르면 탐지 정확도는 98% 수준이다.향후 LG유플러스는 개인정보위원회·국립과학수사연구원 등과 협업해 보이스피싱 범죄자 목소리를 탐지하는 기술을 익시오에 탑재할 예정이다. AI 기반 위험 인터넷주소(URL) 및 악성 앱 탐지 기능도 도입할 계획이다.최윤호 LG유플러스 AI 에이전트추진그룹장(상무)은 ""앞으로도 LG유플러스는 AI 기반의 실시간 분석을 통해 입체적인 보안 체계를 구축함으로써 보안에 가장 진심인 통신사로 자리매김할 것""이라고 말했다."
https://n.news.naver.com/mnews/article/082/0001338639?sid=101,2025-08-05 09:29:13,경제,LGU+ “안티딥보이스로 한 달 만에 5500건 보이스피싱 막아”,"AI 기반 보이스피싱 차단 기술 상용화 한 달 성과AI 기반 위험 URL·악성 앱 탐지 기능도 도입 예정LG유플러스는 자사의 AI 기반 ‘안티딥보이스(Anti-DeepVoice)’ 기술이 한 달 만에 5500여 건의 피싱 시도를 탐지했다고 밝혔다. 사진은 LG유플러스 직원이 익시오의 안티딥보이스 기능을 소개하는 모습. LG유플러스 제공LG유플러스의 AI 기반 보이스피싱 차단 기술인 ‘안티딥보이스(Anti-DeepVoice)’가 서비스 한 달 만에 5500여 건의 피싱 시도를 탐지했다.LG유플러스는 지난 6월 AI 앱 ‘익시오(ixi-O)’를 통해 상용화된 안티딥보이스의 지난 한 달간 성과를 분석한 결과, 약 5500건의 위변조 음성을 탐지한 것으로 집계됐다고 5일 밝혔다. 이는 일 평균 183건에 달하는 수치다. LG유플러스는 보이스피싱 한 건당 평균 피해 금액이 약 5300만 원이라는 사실을 감안, 약 2900억 원 상당의 피해를 예방했다고 분석했다.LG유플러스의 안티딥보이스는 AI 기술을 활용해 위변조된 목소리를 판별, 보이스피싱 위험을 줄이는 기술이다. 통화 시작 직후 5초 이내 위변조된 음성을 감지하고, 대화 패턴을 종합적으로 분석해 1~2분 내 보이스피싱 의심 여부를 가려낸다는 게 LG유플러스의 설명이다.안티딥보이스는 AI를 활용해 실시간으로 통화 음성의 주파수 벡터를 분석, 위조 가능성을 판단한다. LG유플러스는 국립과학수사연구소로부터 제공받은 실제 보이스피싱 스크립트를 활용해 200만 건 이상의 데이터를 학습시켰다.LG유플러스는 개인정보보호위원회·국립과학수사연구원 등과 협업해 보이스피싱 범죄자 목소리를 탐지하는 기술을 익시오에 탑재, 고객 안심을 강화할 방침이라고 밝혔다. AI 기반의 위험 URL 및 악성 앱 탐지 기능도 도입할 방침이다.최윤호 LG유플러스 AI 에이전트추진그룹장(상무)은 “AI를 활용해 고도화되는 보이스피싱 범죄로부터 고객을 보호하기 위해 세계 최초로 상용화한 안티딥보이스 기술이 실질적으로 피해를 막는 역할을 하고 있다는 것을 확인했다”며 “앞으로도 LG유플러스는 AI 기반의 실시간 분석을 통해 입체적인 보안 체계를 구축함으로써 보안에 가장 진심인 통신사로 자리매김할 것”이라고 말했다."
https://n.news.naver.com/mnews/article/029/0002973298?sid=105,2025-08-05 09:37:20,IT/과학,"LGU+ ‘안티딥보이스’, 한 달 만에 보이스피싱 5500건 탐지…일 평균 183건 달해","LG유플러스 직원이 익시오의 안티딥보이스 기능을 소개하고 있다. LG유플러스 제공LG유플러스는 세계 최초로 상용화한 온디바이스 인공지능(AI) 기반 ‘안티딥보이스’ 기술이 한 달 만에 5500여건의 피싱 시도를 탐지했다고 5일 밝혔다.‘안티딥보이스’는 AI 기술을 활용해 위변조된 목소리를 판별하여 보이스피싱 위험을 줄이는 기술이다. LG유플러스는 지난 6월 말 자사의 AI 앱 ‘익시오’를 통해 국내 통신사 중 가장 먼저 상용화에 성공했다.LG유플러스가 지난 7월 말까지 약 한 달간 안티딥보이스의 성과를 분석한 결과, 약 5500건의 위변조 음성을 탐지한 것으로 집계됐다. 이는 일 평균 183건에 달하는 수치다. 보이스피싱 한 건당 평균 피해 금액이 약 5300만 원이라는 점을 고려할때 약 2900억원 상당의 피해를 예방했다는 분석이 가능하다고 회사 측은 설명했다.이 기술은 통화 시작 직후 5초 이내 위변조된 음성을 감지하고, 대화 패턴을 종합적으로 분석해 1~2분 내 보이스피싱 의심 여부를 가려낸다. 안티딥보이스는 AI를 활용해 실시간으로 통화 음성의 주파수 벡터를 분석, 위조 가능성을 판단한다.LG유플러스는 정확한 탐지를 위해 고도화된 알고리즘과 국립과학수사연구소로부터 제공받은 실제 보이스피싱 스크립트를 활용해 200만건 이상의 데이터를 학습시켰다. 이를 통해 안티딥보이스는 합성된 음성에 대한 탐지 정확도 98%를 보인다.향후 LG유플러스는 개인정보위원회·국립과학수사연구원 등과 협업해 보이스피싱 범죄자 목소리를 탐지하는 기술을 익시오에 탑재할 방침이다. 또한 AI 기반의 위험 URL 및 악성 앱 탐지 기능도 도입할 방침이다.최윤호 LG유플러스 AI 에이전트추진그룹장(상무)은 “앞으로도 LG유플러스는 AI 기반의 실시간 분석을 통해 입체적인 보안 체계를 구축해 보안에 가장 진심인 통신사로 자리매김할 것”이라고 말했다."
https://n.news.naver.com/mnews/article/008/0005231508?sid=105,2025-08-05 09:42:46,IT/과학,LGU+ '안티딥보이스' 한 달 만에 5500건 피싱 시도 탐지,"LG유플러스 직원이 익시오의 안티딥보이스 기능을 소개하고 있다. /사진=LG유플러스LG유플러스는 세계 최초로 상용화한 온디바이스 AI 기반 '안티딥보이스' 기술이 한 달 만에 5500여건의 피싱 시도를 탐지했다고 5일 밝혔다.안티딥보이스는 AI 기술로 위변조된 목소리를 판별해 보이스피싱 위험을 줄이는 기술이다. LG유플러스는 지난 6월 말 자사 AI 앱 '익시오'를 통해 국내 통신사 중 가장 먼저 상용화했다.한 달에 5500건은 일평균 183건에 달하는 수치로, 보이스피싱 한 건당 평균 피해 금액이 약 5300만원(경찰청 국가수사본부 올해 1분기 조사 결과)이라는 점을 고려할 때 약 2900억원 상당의 피해를 예방했다는 분석이 가능하다.익시오를 사용하는 고객은 별도의 절차 없이 안티딥보이스 기능을 통해 보이스피싱 위험으로부터 실시간 보호받을 수 있다. 이 기술은 통화 시작 직후 5초 이내 위변조된 음성을 감지하고, 대화 패턴을 종합적으로 분석해 1~2분 내 보이스피싱 의심 여부를 가려낸다.LG유플러스는 정확한 탐지를 위해 고도화된 알고리즘과 국립과학수사연구소로부터 받은 실제 보이스피싱 스크립트를 활용해 200만건 이상의 데이터를 학습시켰다. 이를 통해 안티딥보이스는 합성된 음성에 대한 탐지 정확도 98%를 자랑한다. 안드로이드·iOS 스마트폰 보유 고객 누구나 온디바이스 AI 기반으로 개인 정보 유출 우려 없이 서비스를 이용할 수 있다.최윤호 LG유플러스 AI 에이전트 추진그룹장(상무)은 ""앞으로도 LG유플러스는 AI 기반의 실시간 분석을 통해 입체적인 보안 체계를 구축함으로써 보안에 가장 진심인 통신사로 자리매김할 것""이라고 말했다."
https://n.news.naver.com/mnews/article/138/0002202073?sid=105,2025-08-05 09:50:10,IT/과학,"LGU+ ‘안티딥보이스’, 상용화 한달 새 위변조 음성 5500건 탐지","[ⓒLG유플러스][디지털데일리 오병훈기자] LG유플러스(대표 홍범식)는 지난달 상용화한 온디바이스 인공지능(AI) 기반 ‘안티딥보이스’ 기술이 한달 만에 5500여건 피싱 시도를 탐지했다고 5일 밝혔다.안티딥보이스는 AI 기술을 활용해 위변조된 목소리를 판별하여 보이스피싱 위험을 줄이는 기술이다. LG유플러스는 지난 6월 말 자사 AI 애플리케이션(이하 앱) ‘익시오(ixi-O)’를 통해 상용화했다. LG유플러스가 지난달 말까지 약 한 달간 안티딥보이스의 성과를 분석한 결과, 약 5500건 위변조 음성을 탐지한 것으로 집계됐다. 이는 일 평균 183건에 달하는 수치로, 보이스피싱 한 건당 평균 피해 금액이 약 5300만원(경찰청 국가수사본부 2025년 1분기 기준)이라는 점을 고려할때 약 2900억원 상당의 피해를 예방했다는 이야기가 된다.익시오를 사용하는 가입자는 별도 절차 없이 안티딥보이스 기능을 통해 보이스피싱 위험으로부터 실시간 보호받을 수 있다. 이 기술은 통화 시작 직후 5초 이내 위변조된 음성을 감지하고, 대화 패턴을 종합적으로 분석해 1~2분 내 보이스피싱 의심 여부를 가려낸다.안티딥보이스는 AI를 활용해 실시간으로 통화 음성 주파수 벡터를 분석, 위조 가능성을 판단한다. LG유플러스는 정확한 탐지를 위해 고도화된 알고리즘과 국립과학수사연구소로부터 제공받은 실제 보이스피싱 스크립트를 활용, 200만건 이상 데이터를 학습시켰다. 이를 통해 안티딥보이스는 합성된 음성에 대한 탐지 정확도 98%를 자랑한다. 안드로이드·iOS 스마트폰 보유 고객 누구나 온디바이스 AI 기반으로 개인 정보 유출 우려 없이 서비스를 이용할 수 있다.향후 LG유플러스는 개인정보위원회·국립과학수사연구원 등과 협업해 보이스피싱 범죄자 목소리를 탐지하는 기술을 익시오에 탑재할 방침이다. 또한 AI 기반의 위험 링크(URL) 및 악성 앱 탐지 기능도 도입한다.최윤호 LG유플러스 AI 에이전트 추진그룹장(상무)은 “AI를 활용해 고도화되는 보이스피싱 범죄로부터 가입자를 보호하기 위해 세계 최초로 상용화한 안티딥보이스 기술이 실질적으로 피해를 막는 역할을 하고 있다는 것을 확인했다”며 “앞으로도 LG유플러스는 AI 기반 실시간 분석을 통해 입체적인 보안 체계를 구축함으로써 보안에 가장 진심인 통신사로 자리매김할 것”이라고 말했다."
https://n.news.naver.com/mnews/article/144/0001058301?sid=105,2025-08-05 10:57:10,IT/과학,LGU+ “AI로 한달만에 보이스피싱 5500건 막았다”,"‘익시오’에 안티딥보이스 탑재…2900억원 피해 예방LG유플러스는 세계 최초로 상용화한 자사 인공지능(AI) 통화 에이전트 서비스 ‘익시오’(ixi-O)에 탑재된 온디바이스(On-Device) 기반 ‘안티딥보이스’(Anti-DeepVoice) 기술이 출시 한 달간 약 5500건의 위변조 음성을 탐지했다고 5일 밝혔다.올해 1분기 경찰청 국가수사본부 조사 결과 보이스피싱 한 건당 평균 피해 금액이 약 5300만원이라는 점을 고려할 때 약 2900억원 상당의 피해를 예방 효과가 있었다고 LG유플러스는 추정했다.‘안티딥보이스’는 AI 기술을 활용해 위변조된 목소리를 판별하여 보이스피싱 위험을 줄이는 기술로, LG유플러스가 지난 6월 말 국내 통신사 중 가장 먼저 상용화했다.통화 시작 5초 이내 위변조된 음성을 감지하고 대화 패턴을 분석해 1∼2분 내 보이스피싱 의심 여부를 가려낸다. 익시오 사용 고객에게는 별도 절차 없이 기능이 적용된다.LG유플러스는 국립과학수사연구소로부터 제공받은 실제 보이스피싱 스크립트를 포함해 총 200만 건 이상의 데이터를 AI에 학습시켰다. 이에 따라 합성 음성 탐지 정확도는 약 98% 수준에 이른다고 회사는 설명했다.또 개인정보가 고객 스마트폰에만 저장되는 온디바이스 방식으로 작동해 정보 유출 우려도 낮다고 강조했다.LG유플러스는 향후 개인정보위원회·국립과학수사연구원 등과 협업해 보이스피싱 범죄자 목소리를 탐지하는 기술을 익시오에 탑재해 고객 안심을 강화할 방침이다.조진호 기자 ftw@kyunghyang.com"
https://n.news.naver.com/mnews/article/016/0002509919?sid=105,2025-08-05 11:17:08,IT/과학,"LGU+ ‘안티딥보이스’, 위변조 음성 5500건 탐지","한달만에…2900억 상당 피해예방범죄자 목소리 탐지 기능 등 추가LG유플러스 직원들이 ‘익시오’의 ‘안티딥보이스’ 기능을 소개하고 있다. [LG유플러스 제공]LG유플러스는 자사가 세계 최초로 상용화한 온디바이스 인공지능(AI) 기반 ‘안티딥보이스’ 기술이 한 달 만에 5500여건의 피싱 시도를 탐지했다고 5일 밝혔다. 안티딥보이스 기술은 AI로 위변조한 음성을 활용한 보이스피싱 시도를 사전에 차단해 고객의 피해 위험을 대폭 줄였다.안티딥보이스는 AI 기술을 활용해 위변조된 목소리를 판별, 보이스피싱 위험을 줄이는 기술이다. LG유플러스는 지난 6월 말 자사의 AI 애플리케이션 ‘익시오(ixi-O)’를 통해 가장 먼저 상용화에 성공했다.LG유플러스가 지난달 말까지 약 한 달간 안티딥보이스의 성과를 분석한 결과 약 5500건의 위변조 음성을 탐지한 것으로 집계됐다. 이는 일평균 183건에 달하는 수치로, 보이스피싱 한 건당 평균 피해 금액이 약 5300만원이라는 점을 고려하면, 약 2900억원 상당의 피해를 예방한 셈이다.익시오를 사용하는 고객은 별도의 절차 없이 안티딥보이스 기능을 통해 보이스피싱 위험으로부터 실시간 보호받을 수 있다. 이 기술은 통화 시작 직후 5초 이내 위변조된 음성을 감지하고, 대화 패턴을 종합적으로 분석해 1~2분 내 보이스피싱 의심 여부를 가려낸다. 안티딥보이스는 AI를 활용해 실시간으로 통화 음성의 주파수 벡터를 분석, 위조 가능성을 판단한다. LG유플러스는 정확한 탐지를 위해 고도화된 알고리즘과 국립과학수사연구원으로부터 제공받은 실제 보이스피싱 스크립트를 활용해 200만건 이상의 데이터를 학습시켰다. 이를 통해 안티딥보이스는 합성된 음성에 대한 탐지 정확도 98%를 자랑한다. 안드로이드·iOS 스마트폰 보유 고객 누구나 온디바이스 AI 기반으로 개인 정보 유출 우려 없이 서비스를 이용할 수 있다.안티딥보이스 기능을 탑재한 익시오에 대한 관심은 글로벌 시장에서도 커지고 있다. ‘MWC25’를 통해 안티딥보이스 기술을 접한 사만다 카이트 세계이동통신사업자협회(GSMA) 산업 보안 책임자는 “혁신적인 실시간 보이스피싱 탐지와 안티딥보이스 보호 기능을 갖춘 익시오는 온디바이스 AI 보안의 새로운 기준을 제시한다”며 “모바일 기기 내에서 실시간으로 개인정보를 보호하며 위협을 탐지함으로써, 소비자에게 더 똑똑한 보안 환경을 제공할 수 있을 것”이라고 평가했다.향후 LG유플러스는 개인정보보호위원회·국과수 등과 협업해 보이스피싱 범죄자 목소리를 탐지하는 기술을 익시오에 탑재, 고객 안심을 강화할 방침이다. 또 AI 기반의 위험 URL, 악성 앱 탐지 기능도 도입할 방침이다.최윤호 LG유플러스 AI 에이전트추진그룹장(상무)은 “AI를 활용해 고도화되는 보이스피싱 범죄로부터 고객을 보호하기 위해 세계 최초로 상용화한 안티딥보이스 기술이 실질적인 피해를 막고 있다”며 “앞으로도 LG유플러스는 AI 기반의 실시간 분석을 통해 입체적인 보안 체계를 구축함으로써 보안에 가장 진심인 통신사로 자리매김할 것”이라고 말했다.권제인 기자"
https://n.news.naver.com/mnews/article/018/0006082158?sid=105,2025-08-05 11:49:08,IT/과학,"LGU+, ‘안티딥보이스’, 한 달 만에 위변조 음성 5500건 탐지","익시오, 월 5500여건 탐지…2900억원 상당 피해 예방합성 음성 탐지 정확도 98%↑범죄자 목소리 및 AI 기반 악성 링크 탐지 기능 추가[이데일리 윤정훈 기자]LG유플러스(032640)가 세계 최초로 상용화한 온디바이스(On-device) AI 기반 ‘안티딥보이스(Anti-DeepVoice)’ 기술이 한 달 만에 5500여건의 피싱 시도를 탐지했다고 5일 밝혔다. 이는 AI로 위변조한 음성을 활용한 보이스피싱 시도를 사전에 차단했다는 뜻으로, 고객들의 피해 위험을 줄이고 있다는 점에서 의미가 있다.(사진=LGU+)안티딥보이스는 AI 기술을 활용해 위변조된 목소리를 판별하여 보이스피싱 위험을 줄이는 기술이다. LG유플러스는 지난 6월 말 자사의 AI 앱 ‘익시오(ixi-O)’를 통해 국내 통신사 중 가장 먼저 상용화에 성공했다. LG유플러스가 지난 7월 말까지 약 한 달간 안티딥보이스의 성과를 분석한 결과, 약 5500건의 위변조 음성을 탐지한 것으로 집계됐다. 이는 일 평균 183건에 달하는 수치로, 보이스피싱 한 건당 평균 피해 금액이 약 5300만 원이라는 점을 고려할때 약 2900억원 상당의 피해를 예방했다는 분석이 가능하다.익시오를 사용하는 고객은 별도의 절차 없이 안티딥보이스 기능을 통해 보이스피싱 위험으로부터 실시간 보호받을 수 있다. 이 기술은 통화 시작 직후 5초 이내 위변조된 음성을 감지하고, 대화 패턴을 종합적으로 분석해 1~2분 내 보이스피싱 의심 여부를 가려낸다.안티딥보이스는 AI를 활용해 실시간으로 통화 음성의 주파수 벡터를 분석, 위조 가능성을 판단한다. LG유플러스는 정확한 탐지를 위해 고도화된 알고리즘과 국립과학수사연구소로부터 제공받은 실제 보이스피싱 스크립트를 활용해 200만건 이상의 데이터를 학습시켰다. 이를 통해 안티딥보이스는 합성된 음성에 대한 탐지 정확도 98%를 자랑한다. 안드로이드·iOS 스마트폰 보유 고객 누구나 온디바이스 AI 기반으로 개인 정보 유출 우려 없이 서비스를 이용할 수 있다.안티딥보이스 기능을 탑재한 익시오에 대한 관심은 글로벌 시장에서도 커지고 있다. MWC25를 통해 안티딥보이스 기술을 접한 세계이동통신사업자협회(GSMA) 산업 보안 책임자인 사만다 카이트(Samantha Kight)는 “혁신적인 실시간 보이스피싱 탐지와 안티딥보이스 보호 기능을 갖춘 익시오는 온디바이스 AI 보안의 새로운 기준을 제시한다”며 “모바일 기기 내에서 실시간으로 개인정보를 보호하며 위협을 탐지함으로써, 소비자에게 더 똑똑한 보안 환경을 제공할 수 있을 것”이라고 평가했다.향후 LG유플러스는 개인정보위원회·국립과학수사연구원 등과 협업해 보이스피싱 범죄자 목소리를 탐지하는 기술을 익시오에 탑재, 고객 안심을 강화할 방침이다. 또한 AI 기반의 위험 URL 및 악성 앱 탐지 기능도 도입할 방침이다.최윤호 LG유플러스 AI Agent추진그룹장(상무)은 “AI를 활용해 고도화되는 보이스피싱 범죄로부터 고객을 보호하기 위해 세계 최초로 상용화한 안티딥보이스 기술이 실질적으로 피해를 막는 역할을 하고 있다는 것을 확인했다”며 “앞으로도 LG유플러스는 AI 기반의 실시간 분석을 통해 입체적인 보안 체계를 구축함으로써 보안에 가장 진심인 통신사로 자리매김할 것”이라고 말했다."
https://n.news.naver.com/mnews/article/119/0002987635?sid=105,2025-08-05 13:29:09,IT/과학,"울고 웃은 통신 3사 2분기…SKT '삐끗', KT·LGU+ '방긋'","SKT, 해킹 여파로 이익 감소…KT는 역대 최대 실적 전망2Q KT·LGU+ 번호이동 52만명 유입, 반사이익 톡톡과징금·영업망 보상 비용 줄줄이…SKT, 하반기 부담 지속서울 시내에 위치한 통신사 대리점. ⓒ뉴시스[데일리안 = 조인영 기자] 올해 2분기 국내 통신 3사의 실적 희비가 엇갈릴 전망이다. 해킹 사고 여파로 SK텔레콤(SKT)은 수익성이 악화되는 반면, KT와 LG유플러스는 가입자 이동에 따른 반사이익과 사업 재편 효과 등으로 실적 개선이 예상되서다.5일 업계에 따르면 통신 3사는 오는 6일 SKT를 시작으로 다음주까지 2분기 실적설명회를 갖는다.SKT의 2분기 영업이익 컨센서스(시장 전망치 편균)는 3881억원으로 전년 동기 보다 27.8% 감소할 것으로 예측됐다. 해킹 사태로 유심 교체 비용, 가입자 이탈에 따른 매출 감소 등이 반영된 영향이다. 한국통신사업자연합회(KTOA)에 따르면 해킹 사고가 발생한 4월부터 6월까지 번호이동 순감 규모는 63만명에 달했다.삼성증권은 ""유심 교체 비용 2000억원, 사태 수습 위한 일부 잡비용 등이 반영될 것""이라며 2분기 연결 기준 매출 4조3590억원, 영업이익 3182억원을 제시했다. BNK투자증권도 비용 증가를 이유로 같은 기간 영업이익을 컨센서스보다 낮은 3740억원으로 예상했다.반면 KT와 LG유플러스는 SKT 해킹 사태에 따른 가입자 유입으로 수혜를 입은 것으로 분석된다.KT의 2분기 영업이익 컨센서스는 8658억원으로 전년 동기 보다 75.2% 급증할 것으로 전망됐다. 이 기간 KT 번호이동 순증 규모는 28만명이다.메리츠증권은 ""번호이동 순증으로 5G 가입자는 1095만명(보급률 80.6%)에 이를 것""이라며 ""임금단체협상이 3분기로 예정돼 2분기 별도 영업이익은 4624억원으로 예상된다""고 분석했다.또한 광진구 첨단업무복합단지 분양 수익 중 50% 이상(약 3000억원)이 일시 반영되면서, 자회사 합산 영업이익은 4698억원에 이를 것으로 추정했다. 그러면서 2분기 연결 기준 영업이익은 컨센서스를 크게 웃도는 9323억 원으로 예상했다. 현실화될 경우 역대 최고 실적을 경신하게 된다.삼성증권은 데이터센터(DC) 사업 수요 증가에 따라 이용률이 높아졌을 것으로 보고, KT 2분기 영업이익을 9275억원으로 추정했다.LG유플러스도 플러스 성장이 예상된다. 증권가 컨센서스는 2786억원으로 전년 동기 보다 9.7% 많다. 이 기간 LG유플러스 번호이동 순증 규모는 24만명이다.삼성증권은 ""경쟁사 해킹 사고로 가입자 증가 규모가 예상 보다 컸고, 작년 말부터 단행된 저수익 사업 정리 영향으로 수익성 향상이 나타났을 것""이라며 ""가입자 순증에 따른 마케팅비 증가는 일부 있지만 24개월에 걸쳐 안분 인식돼 큰 부담으로 작용하지는 않을 것""이라고 말했다. 그러면서 2분기 2826억원의 영업익을 거뒀을 것으로 추정했다.BNK투자증권은 ""무선 증가는 유선에도 플러스 효과""라며 ""초고속인터넷과 IPTV(인터넷TV) 5월 순증 규모가 지난 1년간 월 평균의 2.8배, 3.8배에 달했다""고 분석했다.SK브로드밴드 가산 AI DC에 구축된 B200 클러스터 ‘해인’의 모습ⓒSK텔레콤하반기에도 해킹 사태 후폭풍이 지속되면서 통신사 실적 희비교차가 이어질 전망이다.SK텔레콤은 위약금 면제, 8월 통신요금 50% 할인 등 고객 보상안(약 5000억원), 대리점 등 유통망 보상, 개인정보보호위원회 과징금 등의 비용이 순차적으로 반영될 예정이어서 이익 감소가 불가피하다.반면 KT와 LG유플러스는 상대적으로 전년 보다 견조한 흐름을 이어갈 것으로 보인다.KT는 AI 사업 확대와 자산 개발 수익이 하반기 실적을 견인할 전망이다. BNK투자증권은 ""하반기 마이크로소프트(MS)와 공동 개발한 시큐어 퍼블릭 클라우드(SPC), 한국형 AI 모델이 출시된다""며 ""AI 사업 확대, 자산 개발 및 분양 이익이 역대 최고 실적 기록 이후 투자 심리가 저하되는 후유증을 극복할 것""이라고 말했다.LG유플러스도 AX(AI 전환) 성장이 이어질 것으로 예상됐다. 삼성증권은 ""AI 에이전트 익시오(ixi-O)의 서비스 경쟁력을 강화하고 있으며 AX에 기반한 성장 전략을 하반기에도 추진해 나갈 전망""이라며 ""B2B(기업간거래) 사업 중에서는 데이터사업이 꾸준한 성장을 이어가는 가운데 기업 인프라 솔루션 사업도 레퍼런스를 통해 안정적인 수익 호전 지속이 예상된다""고 말했다."
https://n.news.naver.com/mnews/article/082/0001338680?sid=101,2025-08-05 13:46:16,경제,‘AI 대표선수’ 선발에 희비 엇갈리는 통신 3사,"SKT ‘독자 AI 파운데이션’ 사업자 선정에 수혜 전망LGU+, ‘LG경영개발원 AI연구원’ 팀에 구성원 참여SK텔레콤은 최신 GPU 기반의 소버린(Sovereign) GPUaaS(GPU-as-a-Service)를 지난 1일 출시했다고 밝혔다. 사진은 SK브로드밴드의 가산 AI DC에 구축된 B200 클러스터 ‘해인’의 모습. SK텔레콤 제공SK텔레콤, LG유플러스 등이 정부의 ‘소버린 AI’ 프로젝트에 참여하면서 통신 시장의 AI 경쟁이 새 국면을 맞았다. 통신사들이 AI 서비스 확대 경쟁을 펼치는 상황에서 정부 지원이 집중되면 AI 에이전트 등 소비자들이 체감하는 서비스가 늘어날 것이라는 분석이 나온다.SK텔레콤은 과학기술정보통신부가 지난 4일 발표한 ‘독자 AI 파운데이션 모델 프로젝트’ 참여 5개 회사 가운데 하나로 선정됐다. 독자 AI 파운데이션 모델 프로젝트는 우리나라 자체 AI(소버린 AI) 구축을 목표로 민관협력을 통해 ‘국가대표 AI’를 만드는 사업이다.SK텔레콤은 ‘언어·멀티모달·행동을 융합한 차세대 트랜스포머 기반 초거대 모델 개발 및 K-AI 서비스 구현’ 분야에 주도 사업자로 선정됐다. 차세대 트랜스포머 모델이란 저전력, 저비용, 고속 생성이 가능한 AI 모델을 말한다. 산업계의 AI 전환(AX)과 국민 AI 접근성 향상, 글로벌 AI 리더십 확보도 이 사업의 목표로 제시됐다. 이 사업에는 SK텔레콤 이외에 크래프톤, 포티투닷, 리벨리온, 라이너, 셀렉트스타, 서울대학교 산학협력단, 한국과학기술원이 참여한다.LG유플러스의 경우 ‘LG경영개발원 AI연구원’이 이끄는 팀의 구성원으로 사업에 참여한다. ‘글로벌 최고 수준의 프론티어 AI 모델 개발, AI 확산 생태계 조성’ 등이 사업 목표다. 이번 사업에 선정된 회사에 대해선 고품질 데이터 지원은 물론 AI 기술 개발의 핵심인 GPU도 지원한다. SK텔레콤의 경우 정부에게 GPU를 임대해줄 공급사로도 선정돼 이중의 혜택을 받게 됐다.SK텔레콤은 지난 1일 최신 GPU 기반의 소버린 GPU서비스를 출시하는 등 관련 사업에 속도를 내고 있다. 이번에 선보인 GPU 서비스는 1000장이 넘는 엔비디아의 최신 AI칩 ‘블랙웰 B200’을 단일 클러스터로 구성했다. SK텔레콤은 이 GPU 서비스가 정부의 ‘AI-컴퓨팅 자원 활용 기반 강화(GPU 임차 지원) 사업’에 선정돼 국가 AI 파운데이션 모델 개발에 적극적으로 활용될 예정이라고 밝혔다.증권가에선 SK텔레콤과 LG유플러스가 ‘정책 수혜주’가 될 것이라는 전망이 나온다. NH투자증권은 5일 보고서에서 정부의 독자 AI 파운데이션 모델 사업자 선정에 대해 “네이버, 엔씨소프트, SK텔레콤은 AI 파운데이션 모델 프로젝트 리더로 선정돼 독자적인 AI 기술력을 확인하는 계기가 됐다”며 “컨소시엄에 참여한 LG유플러스, LG CNS, 크래프톤, 포스코DX, 롯데이노베이트, NHN, 한글과컴퓨터, 이스트소프트 등도 수혜가 기대된다”고 분석했다.반면 이번 사업자 선정에서 탈락한 KT는 내부에서 비판 목소리가 나오는 등 혼란스러운 모습이다. KT의 ‘제2노조’인 새노조는 5일 논평을 통해 “국가대표 AI 업체 탈락”에 대해 경영진이 “책임져야한다”고 주장했다. 새노조는 “국가 대표 통신 맏형을 자처해온 KT가, AI사업에 집중하겠다며 본업인 통신업을 사실상 아웃소싱해가면서 AI사업에 집중했음에도 이런 믿을 수 없는 결과가 초래됐다”면서 “AI 회사로 대전환하느니 떠들었지만, 이번 탈락을 계기로 속 빈 강정임이 만천하에 드러나고 말았다”고 비판했다.AI는 이미 통신사의 ‘차세대 주력 상품’으로 자리잡은 상태다. 엔비디아는 지난 2월 보고서를 통해 “AI가 통신사의 매출을 높이고 비용을 감소시키고 있다”면서 “84%의 통신사가 AI로 매출이 늘었고 이 가운데 21%는 특정 부문에서 매출이 10% 이상 늘었다”고 밝혔다. 실제로 통신사들은 가입자들이 일상생활에서 활용할 수 있는 AI 에이전트 서비스를 경쟁적으로 출시하며 관련 매출 확대에 집중하고 있다. 이 때문에 정부의 이번 AI 대표선수 선발이 통신 3사의 AI 경쟁 구도를 바꿀 수 있다는 분석이 나온다."
https://n.news.naver.com/mnews/article/030/0003338231?sid=105,2025-08-05 14:33:12,IT/과학,"LGU+, 이통사 온실가스 배출량 최다…재생에너지 대부분은 녹색프리미엄","LG유플러스 사옥LG유플러스가 지난해 국내 이동통신 3사 가운데 가장 많은 온실가스를 배출한 것으로 나타났다. 배출 저감을 위해 재생에너지 확보에 적극 나서고 있지만 녹색프리미엄에 과도하게 의존하고 있다는 점은 탄소중립 지속가능 측면에서 한계로 지적된다.5일 LG유플러스 지속가능경영보고서에 따르면 지난해 온실가스 배출량은 130만6301tCO2eq(이산화탄소 환산톤)으로 집계됐다. 이는 KT 113만7586t, SK텔레콤 105만9935t보다 많다.이는 전력 소모량이 높은 데이터센터를 별도 자회사로 분리하지 않고 직접 운영하는 구조이기 때문이다. 이통사 탄소배출 대부분은 전력 사용에 따른 간접배출(Scope2)로, 데이터센터의 경우 발열을 잡기 위한 전력 소모가 많다.LG유플러스는 이를 감안해 적극적인 온실가스 저감 노력을 병행하고 있다. 대표적 행보가 재생에너지 비중 확대다. LG유플러스는 지난해 녹색프리미엄 제도를 통해 244GWh의 재생에너지를 조달했다. 이는 회사 총 전력사용량의 약 7.5%에 해당하며 이통 3사 중 가장 높은 수치다.녹색프리미엄은 한국전력에 추가 금액을 내고 재생에너지로 생산된 전력을 구매하는 방식이다. LG유플러스는 재생에너지 대부분을 녹색프리미엄으로 수급했다. 이를 위해 24억원을 썼다. 덕분에 0.01%에 불과하던 재생에너지 사용 실적이 2023년 6.96%, 지난해 7.94%까지 늘었다. 녹색프리미엄을 제외하면 배출량은 141만8397t까지 급증한다.녹색프리미엄이 RE100을 달성하는 가장 손쉬운 방법이긴 하지만 직접적 탄소배출 저감은 아니라는 점에서 한계가 있다는 지적도 있다. 녹색프리미엄을 통한 재생에너지 구매는 배출권 거래제에서도 온실가스 감축 실적으로 산정되지 않는다.이에 따라 LG유플러스는 데이터센터 냉방효율 개선, 자가 태양광 설비 구축 등 자체 저감에도 속도를 낸다. 지난해 대전 R&D센터에 1044kW 규모 태양광 발전 설비를 구축해 연간 681MWh 상당의 자체 전력 생산을 기대하고 있다.평촌2센터와 파주센터에도 공랭식 냉각 대신 액체 냉각을 도입해 열 관리 효율을 높인다는 구상이다. 녹색프리미엄 구매 외에도 장기 전력구매계약(PPA) 등을 통한 재생에너지 전환을 지속 확대할 예정이다.회사 측은 “신규 데이터센터 구축 및 네트워크 장비 투자 등으로 인해 전력 사용량이 지속적으로 증가할 것으로 예상된다”면서 “고효율 장비로 교체하고 유휴 장비 철거, 운영 효율화를 통해 전력사용량을 절감할 계획”이라고 밝혔다."
https://n.news.naver.com/mnews/article/468/0001167262?sid=101,2025-08-05 17:21:11,경제,LGU+ ‘안티딥보이스’ 탑재…2900억 원 상당 피해 막았다,"한 달 만에 위변조 음성 5500여 건 탐지합성 음성 탐지 정확도 98%↑온디바이스 AI로 개인 정보 유출 우려 해소범죄자 목소리 및 AI 기반 악성 링크 탐지 기능 추가LG유플러스 직원이 익시오의 안티딥보이스 기능을 소개하고 있다. 사진 | LG유플러스[스포츠서울 | 표권향 기자] LG유플러스의 ‘안티딥보이스(Anti-DeepVoice)’ 기술이 한 달 만에 5500여 건의 피싱 시도를 탐지한 것으로 집계됐다. 해당 기술은 LG유플러스가 세계 최초로 상용화한 온디바이스(On-device) AI 기반 시스템으로, 고객들의 피해 위험을 줄이고 있다는 점에서 의미가 있다.‘안티딥보이스’는 AI로 위변조한 음성을 활용한 보이스피싱 시도를 사전에 차단했다는 뜻으로, AI 기술을 활용해 위변조된 목소리를 판별해 보이스피싱 위험을 낮추는 기술이다. LG유플러스는 지난 6월 말 자체 AI 앱 ‘익시오(ixi-O)’를 통해 국내 통신사 중 가장 먼저 상용화에 성공했다.LG유플러스가 지난 약 한 달간 안티딥보이스의 성과를 분석한 결과, 약 5500건의 위변조 음성을 탐지한 것으로 조사됐다. 이는 일 평균 183건에 달하는 수치로, 보이스피싱 한 건당 평균 피해 금액이 약 5300만 원(경찰청 국가수사본부 2025년 1분기 조사 결과)이라는 점을 고려할 때 약 2900억 원 상당의 피해를 예방했다는 분석이다.익시오 사용 고객은 별도 절차 없이 안티딥보이스 기능을 통해 보이스피싱 위험으로부터 실시간 보호받을 수 있다. 이는 통화 시작 직후 5초 이내 위변조된 음성을 감지, 대화 패턴을 종합적으로 분석해 1~2분 내 보이스피싱 의심 여부를 가려내는 것이 특징이다.특히 실시간 통화 음성의 주파수 벡터를 분석, 위조 가능성을 판단한다. LG유플러스는 정확한 탐지를 위해 고도화된 알고리즘과 국립과학수사연구소로부터 제공받은 실제 보이스피싱 스크립트를 활용해 200만 건 이상의 데이터를 학습시켰다. 이를 통해 안티딥보이스는 합성된 음성에 대한 탐지 정확도 98%를 자랑한다. 안드로이드·iOS 스마트폰 보유 고객 누구나 온디바이스 AI 기반으로 개인 정보 유출 우려 없이 서비스를 이용할 수 있다.안티딥보이스 기능을 탑재한 익시오에 대한 관심은 글로벌 시장에서도 커지고 있다. ‘MWC25’를 통해 안티딥보이스 기술을 접한 세계이동통신사업자협회(GSMA) 산업 보안 책임자인 사만다 카이트는 “혁신적인 실시간 보이스피싱 탐지와 안티딥보이스 보호 기능을 갖춘 익시오는 온디바이스 AI 보안의 새로운 기준을 제시한다”며 “모바일 기기 내에서 실시간으로 개인정보를 보호하며 위협을 탐지함으로써, 소비자에게 더 똑똑한 보안 환경을 제공할 수 있을 것”이라고 평가했다.향후 LG유플러스는 개인정보위원회·국립과학수사연구원 등과 협업해 보이스피싱 범죄자 목소리를 탐지하는 기술을 익시오에 탑재, 고객 안심을 강화할 방침이다. 또한 AI 기반의 위험 URL 및 악성 앱 탐지 기능도 도입할 계획이다.LG유플러스 최윤호 AI Agent추진그룹장(상무)은 “AI를 활용해 고도화되는 보이스피싱 범죄로부터 고객을 보호하기 위해 세계 최초로 상용화한 안티딥보이스 기술이 실질적으로 피해를 막는 역할을 하고 있다는 것을 확인했다”며 “앞으로도 LG유플러스는 AI 기반의 실시간 분석을 통해 입체적인 보안 체계를 구축함으로써 보안에 가장 진심인 통신사로 자리매김할 것”이라고 말했다.gioia@sportsseoul.com"
https://n.news.naver.com/mnews/article/031/0000954833?sid=105,2025-08-06 09:00:12,IT/과학,"LGU+, AI비즈콜 업데이트⋯특화 기능 고도화","번호 노출 없이 스마트폰으로 회사 전화 활용…업무 효율성 향상LG유플러스(대표 홍범식)는 사무실로 걸려온 전화를 스마트폰으로 고객과 편리하게 소통할 수 있도록 돕는 AI비즈콜 by 익시(AI비즈콜) 서비스를 업데이트했다고 6일 밝혔다.LG유플러스 직원들이 어린이집에서 이용하는 AI비즈콜을 시연하고 있는 모습. [사진=LGU+]AI비즈콜은 LG유플러스 AI 기술을 활용해 올해 출시한 통화 에이전트다. 안드로이드OS와 iOS 기반 스마트폰에서 모두 이용 가능하다. 업데이트로 서비스 안정성을 강화하고 특화기능을 추가했다.AI비즈콜은 유선전화기가 없어도 회사 전화번호를 직원들이 언제 어디서나 스마트폰으로 사용할 수 있는 기능을 제공한다. 최대 5명까지 그룹통화가 가능하다. 고객 통화를 동료에게 손쉽게 전환하거나(돌려주기), 통화 내용을 자동으로 녹음해 텍스트로 요약하는 기능도 포함됐다. 요약 텍스트는 통화기록 및 주소록과 연동돼 전화를 받기 전 오간 연락 내역을 손쉽게 확인할 수 있다.LG유플러스는 AI비즈콜에 고도화된 통화 AI 기능을 추가했다. 요약된 통화 내용을 기반으로 이후에 해야할 일을 AI가 추천한다. 이 외에도 자주 통화하거나 최근에 추가한 연락처를 자동으로 추천하는 기능을 제공해 커뮤니케이션 효율성을 강화했다.기업이 고객 응대 직원을 보호할 수 있도록 통화 중 폭언 신고 기능을 추가했다. 직원이 업무상 통화 중 폭언을 듣고 폭언 신고 버튼을 누르면 상대방에게 통화 종료 안내가 나간 뒤 자동으로 통화가 종료된다.이 기능은 업무 중 발생할 수 있는 스트레스를 줄이고 고객 응대의 질을 한 단계 더 높일 수 있다. LG유플러스는 연내 자체 개발한 익시젠(ixi-GEN) 온디바이스 AI를 활용해 폭언, 성희롱 등 악성 민원을 자동 감지하도록 업그레이드할 계획이다.주엄개 LG유플러스 유선사업담당(상무)은 ""AI 기술 기반으로 업무 효율성을 높이고, 고객과의 소통을 편리하게 바꾸는 데 AI비즈콜이 중요한 역할을 하고 있다""며, ""고객 의견을 반영해 고객관리 효율성이 높아지는 다양한 솔루션을 선보이겠다""고 말했다."
https://n.news.naver.com/mnews/article/003/0013406107?sid=105,2025-08-06 09:06:18,IT/과학,"""폭언 상담 고객 신고하면 통화 종료""…LGU+, AI비즈콜 업데이트","LGU+, AI비즈콜 고도화로 업무 효율 높여통화기록 요약, 이후 해야 할 일 추천하기도통화 내용 자동 녹음, 폭언 신고 기능 도입[서울=뉴시스]박은비 기자 = LG유플러스는 사무실로 걸려온 전화를 스마트폰으로 고객과 편리하게 소통할 수 있게 하는 '인공지능(AI)비즈콜 by 익시(ixi)' 서비스를 업데이트했다고 6일 밝혔다.AI비즈콜은 AI를 활용해 업무 생산성을 높이고 고객 응대 편의성을 제공하는 솔루션이다, LG유플러스 AI 기술을 활용해 올해 통화 에이전트를 출시했다.안드로이드OS와 iOS 기반 스마트폰에서 모두 이용할 수 있으며, 이번 업데이트로 서비스 안정성을 강화하고 특화기능을 추가했다.AI비즈콜은 유선전화기가 없어도 회사 전화번호를 직원들이 언제 어디서나 스마트폰으로 사용할 수 있게 한다. 최대 5명까지 그룹통화가 가능하며, 고객 통화를 동료에게 손쉽게 돌리거나 통화 내용을 자동으로 녹음해 텍스트로 요약하는 기능이 포함됐다. 요약 텍스트는 통화기록, 주소록과 연동돼 전화를 받기 전 오간 연락 내역을 손쉽게 확인할 수 있다.또 AI비즈콜에 고도화된 통화 AI 기능이 추가됐다. 요약된 통화 내용을 기반으로 이후에 해야할 일을 AI가 추천한다. 이외에도 자주 통화하거나 최근에 추가한 연락처를 자동으로 추천하는 기능을 제공해 커뮤니케이션 효율성을 강화했다.이밖에도 기업이 고객 응대 직원을 보호할 수 있도록 통화 중 폭언 신고 기능이 있다. 직원이 업무상 통화 중 폭언을 듣고 폭언 신고 버튼을 누르면 상대방에게 통화 종료 안내가 나간 뒤 자동으로 통화가 종료되는 방식이다.LG유플러스는 연내 자체 개발한 익시젠(ixi-GEN) 온디바이스 AI를 활용해 폭언, 성희롱 등 악성 민원을 자동 감지하도록 할 계획이다.이런 AI비즈콜만의 특화 기능이 학부모, 학생과의 접촉이 많은 교육기관과 외근이 많은 직군 등에서 관심을 받고 있다는 게 회사 설명이다. 지난달 기준 270여 곳의 학교·어린이집·유치원에서 5천여명의 교사, 교육행정 종사자들이 AI비즈콜을 이용 중이다. LG유플러스는 이번 업데이트로 교육기관뿐 아니라 다양한 업종으로 AI비즈콜 확장을 추진할 계획이다.주엄개 LG유플러스 유선사업담당(상무)은 ""AI 기술 기반으로 업무 효율성을 높이고, 고객과의 소통을 편리하게 바꾸는 데 AI비즈콜이 중요한 역할을 하고 있다""며 ""앞으로도 고객 의견을 반영해 고객관리 효율성이 높아지는 다양한 솔루션을 선보이겠다""고 말했다."
https://n.news.naver.com/mnews/article/138/0002202155?sid=105,2025-08-06 09:18:07,IT/과학,"업무상 통화 중 폭언 잡는다…LGU+, AI비즈콜서 AI 특화 기능 고도화","[디지털데일리 강소현기자] LG유플러스는 사무실로 걸려온 전화를 스마트폰으로 고객과 편리하게 소통할 수 있도록 돕는 ‘AI비즈콜 by ixi(이하 AI비즈콜)’ 서비스를 업데이트했다고 6일 밝혔다.AI비즈콜은 인공지능(AI)를 활용해 업무 생산성을 높이고 고객 응대 편의성을 제공하는 혁신적인 솔루션으로 LG유플러스의 AI 기술을 활용해 올해 출시한 통화 에이전트다. 안드로이드OS와 iOS 기반 스마트폰에서 모두 이용 가능한다.이번 업데이트로 LG유플러스는 AI비즈콜에 고도화된 통화 AI 기능을 추가했다. 요약된 통화 내용을 기반으로 이후에 해야할 일을 AI가 추천한다. 이 외에도 자주 통화하거나 최근에 추가한 연락처를 자동으로 추천하는 기능을 제공해 커뮤니케이션 효율성을 강화했다.또 기업이 고객 응대 직원을 보호할 수 있도록 통화 중 ‘폭언 신고’ 기능을 추가했다. 직원이 업무상 통화 중 폭언을 듣고 폭언 신고 버튼을 누르면 상대방에게 통화 종료 안내가 나간 뒤 자동으로 통화가 종료된다.LG유플러스는 연내 자체 개발한 ‘익시젠(ixi-GEN)’ 온디바이스 AI를 활용해 폭언, 성희롱 등 악성 민원을 자동 감지하도록 업그레이드할 계획이다.주엄개 LG유플러스 유선사업담당(상무)은 “AI 기술 기반으로 업무 효율성을 높이고, 고객과의 소통을 편리하게 바꾸는 데 AI비즈콜이 중요한 역할을 하고 있다”며 “앞으로도 고객 의견을 반영해 고객관리 효율성이 높아지는 다양한 솔루션을 선보이겠다”고 말했다."
https://n.news.naver.com/mnews/article/092/0002384955?sid=105,2025-08-06 09:18:12,IT/과학,"""사무실로 걸려온 전화 폰으로""...LGU+, AI 기능 더했다","LG유플러스가 사무실로 걸려온 전화를 스마트폰으로 고객과 편리하게 소통할 수 있도록 돕는 ‘AI비즈콜 by ixi’ 서비스를 업데이트했다고 6일 밝혔다.AI비즈콜은 AI를 활용해 업무 생산성을 높이고 고객 응대 편의성을 제공하는 혁신적인 솔루션으로, LG유플러스의 AI 기술을 활용해 올해 출시한 통화 에이전트다. 안드로이드와 iOS 기반 스마트폰에서 모두 이용 가능하며, 이번 업데이트로 서비스 안정성을 강화하고 특화기능을 추가했다.AI비즈콜은 유선전화기가 없어도 회사 전화번호를 직원들이 언제 어디서나 스마트폰으로 사용할 수 있는 기능을 제공한다. 최대 5명까지 그룹통화가 가능하며, 고객 통화를 동료에게 손쉽게 전환하거나(돌려주기), 통화 내용을 자동으로 녹음해 텍스트로 요약하는 기능도 포함됐다. 요약 텍스트는 통화기록 및 주소록과 연동돼 전화를 받기 전 오간 연락 내역을 손쉽게 확인할 수 있다.LG유플러스는 AI비즈콜에 고도화된 통화 AI 기능을 추가했다. 요약된 통화 내용을 기반으로 이후에 해야할 일을 AI가 추천한다. 이 외에도 자주 통화하거나 최근에 추가한 연락처를 자동으로 추천하는 기능을 제공해 커뮤니케이션 효율성을 강화했다.또한 기업이 고객 응대 직원을 보호할 수 있도록 통화 중 ‘폭언 신고’ 기능을 추가했다. 직원이 업무상 통화 중 폭언을 듣고 폭언 신고 버튼을 누르면 상대방에게 통화 종료 안내가 나간 뒤 자동으로 통화가 종료된다. 이 기능은 업무 중 발생할 수 있는 스트레스를 줄이고 고객 응대의 질을 한 단계 더 높일 수 있다. LG유플러스는 연내 자체 개발한 익시젠 온디바이스 AI를 활용해 폭언, 성희롱 등 악성 민원을 자동 감지하도록 업그레이드할 계획이다.주엄개 LG유플러스 유선사업담당은 “AI 기술 기반으로 업무 효율성을 높이고, 고객과의 소통을 편리하게 바꾸는 데 AI비즈콜이 중요한 역할을 하고 있다”며 “앞으로도 고객 의견을 반영해 고객관리 효율성이 높아지는 다양한 솔루션을 선보이겠다”고 말했다."
https://n.news.naver.com/mnews/article/421/0008413468?sid=105,2025-08-06 09:18:15,IT/과학,"LGU+, 비즈콜 서비스에 AI 특화 기능 업데이트","LG유플러스 직원들이 어린이집에서 이용하는 AI비즈콜을 시연하고 있는 모습. (LGU+ 제공)(서울=뉴스1) 이기범 기자 = LG유플러스(032640)가 사무실로 걸려온 전화를 스마트폰으로 고객과 쉽게 소통할 수 있도록 돕는 'AI비즈콜' 서비스를 업데이트했다고 6일 밝혔다.AI비즈콜은 AI를 활용해 고객 응대 편의성을 제공하는 서비스로, 유선 전화기 없이 회사 전화번호를 스마트폰으로 이용할 수 있게 해준다. 최대 5명까지 그룹 통화가 가능하며, 고객 통화를 동료에게 넘겨주거나, 통화 내용을 자동으로 녹음해 텍스트로 요약해준다.이번 업데이트는 AI 특화 기능을 위주로 이뤄졌다. 이번에 추가된 통화 AI 기능을 통해 요약된 통화 내용을 기반으로 해야할 일을 AI가 추천해준다. 또 자주 통화했거나 최근 추가한 연락처를 자동으로 추천하는 기능을 제공한다.또한, 기업 응대 직원을 보호하기 위한 통화 중 폭언 신고 기능을 추가했다. LG유플러스는 연내 자체 AI 기술을 활용해 폭언, 성희롱 등 악성 민원을 자동 감지하는 기능을 업데이트할 예정이다.주엄개 LG유플러스 유선사업담당(상무)은 ""앞으로도 고객 의견을 반영해 고객관리 효율성이 높아지는 다양한 솔루션을 선보이겠다""고 말했다."
https://n.news.naver.com/mnews/article/374/0000455963?sid=101,2025-08-06 09:35:09,경제,"사무실 전화도 스마트폰으로…LG U+, AI비즈콜 고도화","LG유플러스는 사무실로 걸려온 전화를 스마트폰으로 고객과 편리하게 소통할 수 있도록 돕는 ‘AI비즈콜 by ixi(이하 AI비즈콜)’ 서비스를 업데이트했다고 오늘(6일) 밝혔습니다.AI비즈콜은 AI를 활용해 업무 생산성을 높이고 고객 응대 편의성을 제공하는 혁신적인 솔루션으로, LG유플러스의 AI 기술을 활용해 올해 출시한 통화 에이전트입니다. 안드로이드OS와 iOS 기반 스마트폰에서 모두 이용 가능하며, 이번 업데이트로 서비스 안정성을 강화하고 특화기능을 추가했습니다.AI비즈콜은 유선전화기가 없어도 회사 전화번호를 직원들이 언제 어디서나 스마트폰으로 사용할 수 있는 기능을 제공합니다. 최대 5명까지 그룹통화가 가능하며, 고객 통화를 동료에게 손쉽게 전환하거나(돌려주기), 통화 내용을 자동으로 녹음해 텍스트로 요약하는 기능도 포함됐습니다. 요약 텍스트는 통화기록 및 주소록과 연동돼 전화를 받기 전 오간 연락 내역을 손쉽게 확인할 수 있습니다.LG유플러스는 요약된 통화 내용을 기반으로 이후에 해야할 일을 AI가 추천하거나 자주 통화하거나 최근에 추가한 연락처를 자동으로 추천하는 기능을 제공하는 등 통화 AI 기능을 강화했습니다.또 기업이 고객 응대 직원을 보호할 수 있도록 통화 중 ‘폭언 신고’ 기능을 추가했습니다. 직원이 업무상 통화 중 폭언을 듣고 폭언 신고 버튼을 누르면 상대방에게 통화 종료 안내가 나간 뒤 자동으로 통화가 종료됩니다. LG유플러스는 연내 자체 개발한 ‘익시젠(ixi-GEN)’ 온디바이스 AI를 활용해 폭언, 성희롱 등 악성 민원을 자동 감지하도록 업그레이드할 계획입니다.LG유플러스에 따르면 지난달 기준 270여 곳의 학교·어린이집·유치원에서 5천여 명의 선생님, 교육행정 종사자들이 AI비즈콜을 이용 중입니다. 이번 업데이트를 통해 교육기관뿐 아니라 다양한 업종으로의 AI비즈콜 확장을 추진할 예정입니다.LG유플러스 유선사업담당 주엄개 상무는 ""AI 기술 기반으로 업무 효율성을 높이고, 고객과의 소통을 편리하게 바꾸는 데 AI비즈콜이 중요한 역할을 하고 있다""라면서 ""앞으로도 고객 의견을 반영해 고객관리 효율성이 높아지는 다양한 솔루션을 선보이겠다""라고 말했습니다.당신의 제보가 뉴스로 만들어집니다.SBS Biz는 여러분의 제보를 기다리고 있습니다.홈페이지 = https://url.kr/9pghjn"
https://n.news.naver.com/mnews/article/029/0002973618?sid=105,2025-08-06 10:09:09,IT/과학,사무실에 걸려온 전화 스마트폰으로 받는다…LGU+ ‘AI 비즈콜’ 고도화,"LG유플러스 직원들이 어린이집에서 이용하는 AI비즈콜을 시연하고 있다. LG유플러스 제공LG유플러스는 사무실로 걸려온 전화를 스마트폰으로 소통할 수 있도록 돕는 ‘AI비즈콜 by ixi(이하 AI비즈콜)’ 서비스를 업데이트했다고 6일 밝혔다.AI비즈콜은 LG유플러스의 AI 기술을 활용해 올해 출시한 통화 에이전트다. 안드로이드OS와 iOS 기반 스마트폰에서 모두 이용 가능하다.AI비즈콜은 유선전화기가 없어도 회사 전화번호를 직원들이 스마트폰으로 사용할 수 있는 기능을 제공한다. 최대 5명까지 그룹통화가 가능하다. 통화를 동료에게 손쉽게 전환하거나(돌려주기), 통화 내용을 자동으로 녹음해 텍스트로 요약하는 기능도 포함됐다. 요약 텍스트는 통화기록 및 주소록과 연동돼 전화를 받기 전 오간 연락 내역을 확인할 수 있다.LG유플러스는 AI비즈콜에 통화 AI 기능을 추가했다. 요약된 통화 내용을 기반으로 이후에 해야할 일을 AI가 추천한다. 이 외에도 자주 통화하거나 최근에 추가한 연락처를 자동으로 추천하는 기능을 제공한다.또한 기업이 고객 응대 직원을 보호할 수 있도록 통화 중 ‘폭언 신고’ 기능을 추가했다. 직원이 업무상 통화 중 폭언을 듣고 폭언 신고 버튼을 누르면 상대방에게 통화 종료 안내가 나간 뒤 자동으로 통화가 종료된다. LG유플러스는 연내 자체 개발한 ‘익시젠’ 온디바이스 AI를 활용해 폭언, 성희롱 등 악성 민원을 자동 감지하도록 업그레이드할 계획이다.LG유플러스는 지난달 기준 270여곳의 학교·어린이집·유치원에서 5000여명의 선생님, 교육행정 종사자들이 AI비즈콜을 이용 중이라고 밝혔다.주엄개 LG유플러스 유선사업담당(상무)은 “앞으로도 고객 의견을 반영해 고객관리 효율성이 높아지는 다양한 솔루션을 선보이겠다”고 말했다."
https://n.news.naver.com/mnews/article/008/0005232126?sid=105,2025-08-06 10:09:56,IT/과학,'폭언 신고' 기능 추가...LGU+ 'AI비즈콜' 업데이트,"/사진=LG유플러스LG유플러스는 사무실로 걸려온 전화를 스마트폰으로 고객과 편리하게 소통할 수 있도록 돕는 'AI비즈콜 by ixi(이하 AI비즈콜)' 서비스를 업데이트했다고 6일 밝혔다.AI비즈콜은 AI를 활용해 업무 생산성을 높이고 고객 응대 편의성을 제공하는 솔루션으로, LG유플러스의 AI 기술을 활용해 올해 출시한 통화 에이전트다. 안드로이드와 iOS 기반 스마트폰에서 모두 이용 가능하며, 이번 업데이트로 서비스 안정성을 강화하고 특화기능을 추가했다.AI비즈콜은 유선전화기가 없어도 회사 전화번호를 직원들이 어디서나 스마트폰으로 사용할 수 있는 기능을 제공한다. 최대 5명까지 그룹 통화가 가능하며, 고객 통화를 동료에게 손쉽게 전환하거나(돌려주기), 통화 내용을 자동으로 녹음해 텍스트로 요약하는 기능도 포함됐다. 요약 텍스트는 통화기록 및 주소록과 연동돼 전화를 받기 전 오간 연락 내역을 손쉽게 확인할 수 있다.LG유플러스는 AI비즈콜에 고도화된 통화 AI 기능을 추가했다. 요약된 통화 내용을 기반으로 이후에 해야 할 일을 AI가 추천한다. 이 외에도 자주 통화하거나 최근에 추가한 연락처를 자동으로 추천하는 기능을 제공해 커뮤니케이션 효율성을 강화했다.또 기업이 고객 응대 직원을 보호할 수 있도록 통화 중 '폭언 신고' 기능을 추가했다. 직원이 업무상 통화 중 폭언을 듣고 폭언 신고 버튼을 누르면 상대방에게 통화 종료 안내가 나간 뒤 자동으로 통화가 종료된다.AI비즈콜은 지난달 기준 270여곳의 학교·어린이집·유치원에서 5000여명의 선생님, 교육행정 종사자들이 이용 중이다. 이번 업데이트를 통해 교육기관뿐 아니라 다양한 업종으로의 AI비즈콜 확장을 추진할 계획이다.주엄개 LG유플러스 유선사업담당(상무)은 ""AI 기술 기반으로 업무 효율성을 높이고, 고객과의 소통을 편리하게 바꾸는 데 AI비즈콜이 중요한 역할을 하고 있다""며 ""앞으로도 고객 의견을 반영해 고객관리 효율성이 높아지는 다양한 솔루션을 선보이겠다""고 말했다."
https://n.news.naver.com/mnews/article/014/0005387807?sid=105,2025-08-06 10:13:14,IT/과학,"폭언 들으면 통화 자동 종료…LG U+, AI비즈콜 업데이트",LG유플러스 직원이 어린이집에서 이용하는 AI비즈콜을 시연하고 있는 모습. LG U+ 제공[파이낸셜뉴스] LG유플러스는 사무실로 걸려온 전화를 스마트폰에서 받는 ‘인공지능(AI)비즈콜’ 서비스를 업데이트했다고 6일 밝혔다.AI비즈콜은 LG유플러스의 AI 기술을 활용해 올해 출시한 통화 에이전트다. 회사 유선 전화번호를 스마트폰에서 사용할 수 있는 것이 특징이다. 최대 5명까지 그룹통화가 가능하며 고객 통화를 동료에게 손쉽게 전환할 수 있다. 통화 내용을 자동으로 녹음해 텍스트로 요약하는 서비스도 갖췄다.이번 업데이트로 LG유플러스는 고객 응대 직원을 보호하고자 통화 중 ‘폭언 신고’ 기능을 추가했다. 직원이 업무 통화 중 폭언을 듣고 신고 버튼을 누르면 상대방에게 통화 종료 안내 후 자동으로 통화가 끊긴다.아울러 AI비즈콜은 요약된 통화 내용을 기반으로 이후에 해야 할 일을 제안한다. 또 자주 통화하거나 최근에 추가한 연락처를 자동으로 추천해준다.지난달 기준 270여곳의 학교·어린이집·유치원에서 5천여명의 교사 및 교육행정 관계자가 AI비즈콜을 이용했다고 LG유플러스 측은 설명했다.주엄개 LG유플러스 유선사업담당(상무)은 “AI 기술 기반으로 업무 효율성을 높이고 고객과의 소통을 편리하게 바꾸는 데 AI비즈콜이 중요한 역할을 하고 있다”며 “앞으로도 고객 의견을 반영해 고객관리 효율성이 높아지는 다양한 솔루션을 선보이겠다”고 말했다.
https://n.news.naver.com/mnews/article/082/0001338842?sid=101,2025-08-06 10:21:11,경제,"LGU+, AI 비즈콜 서비스 고도화…폭언 신고 등 기능 추가","요약된 통화 내용 기반으로 이후 할 일 AI가 추천업무상 통화 중 폭언 신고 버튼 누르면 자동 종료LG유플러스는 ‘AI비즈콜 by ixi(이하 AI비즈콜)’ 서비스를 업데이트했다고 6일 밝혔다. 사진은 LG유플러스 직원들이 어린이집에서 이용하는 AI비즈콜을 시연하고 있는 모습. LG유플러스 제공LG유플러스가 사업자용 AI 통화 서비스인 ‘AI비즈콜 by ixi(이하 AI비즈콜)’ 서비스를 업데이트했다고 6일 밝혔다.AI 비즈콜은 사무실로 걸려온 전화를 스마트폰으로 소통할 수 있도록 돕는 서비스다. 최대 5명까지 그룹통화가 가능하며, 걸려온 통화를 동료에게 손쉽게 전환하거나(돌려주기), 통화 내용을 자동으로 녹음해 텍스트로 요약하는 기능이 제공된다. 요약 텍스트는 통화기록이나 주소록과 연동돼 전화를 받기 전 오간 연락 내역을 확인할 수 있다.LG유플러스는 AI비즈콜에 고도화된 통화 AI 기능을 추가했다고 밝혔다. 요약된 통화 내용을 기반으로 이후에 해야 할 일을 AI가 추천하고 자주 통화하거나 최근에 추가한 연락처를 자동으로 추천하는 기능을 제공한다는 설명이다. 기업이 고객 응대 직원을 보호할 수 있도록 통화 중 ‘폭언 신고’ 기능도 추가했다. 직원이 업무상 통화 중 폭언을 듣고 폭언 신고 버튼을 누르면 상대방에게 통화 종료 안내가 나간 뒤 자동으로 통화가 종료된다. LG유플러스는 연내 자체 개발한 ‘익시젠(ixi-GEN)’ 온디바이스 AI를 활용해 폭언, 성희롱 등 악성 민원을 자동 감지하도록 업그레이드할 계획이라고 밝혔다.주엄개 LG유플러스 유선사업담당(상무)은 “AI 기술 기반으로 업무 효율성을 높이고, 고객과의 소통을 편리하게 바꾸는 데 AI비즈콜이 중요한 역할을 하고 있다”며, “앞으로도 고객 의견을 반영해 고객관리 효율성이 높아지는 다양한 솔루션을 선보이겠다”고 말했다."
https://n.news.naver.com/mnews/article/016/0002510527?sid=105,2025-08-06 11:16:17,IT/과학,"LGU+,  ‘AI비즈콜’ 업데이트…AI 특화 기능 고도화","AI 에이전트, 고객응대 편의성 높여번호노출 없이 개인폰으로 회사 전화LG유플러스 직원들이 ‘AI비즈콜’을 시연하고 있다. [LG유플러스 제공]LG유플러스는 기업 직원이 사무실로 걸려 온 전화를 개인 스마트폰으로 소통하도록 지원하는 ‘AI비즈콜 by ixi(이하 AI비즈콜)’ 서비스를 업데이트했다고 6일 밝혔다.AI비즈콜은 인공지능(AI)을 활용해 업무 생산성을 높이고 고객 응대 편의성을 제공하는 통화 에이전트다. LG유플러스의 AI 기술을 활용해 올해 출시됐으며, 안드로이드OS와 iOS 기반 스마트폰에서 모두 이용 가능하다. LG유플러스는 이번 업데이트로 서비스 안정성을 강화하고 AI 특화 기능을 추가했다고 설명했다.AI비즈콜은 기업 직원들이 유선 전화기가 아닌 스마트폰으로 회사 전화번호를 사용할 수 있는 기능을 제공한다. 최대 5명까지 그룹 통화가 가능하다. 아울러 고객 통화를 동료에게 전환하거나(돌려주기), 통화 내용을 자동으로 녹음해 텍스트로 요약하는 기능도 포함됐다. 요약 텍스트는 통화기록·주소록과 연동, 전화를 받기 전 연락 내역 또한 확인 가능하다.LG유플러스는 AI비즈콜에 고도화된 통화 AI 기능을 추가했다고 밝혔다. 먼저 요약된 통화 내용을 기반으로 이후 해야할 일을 AI가 추천해 준다. 이 외에도 자주 통화하거나 최근 추가한 연락처를 자동으로 추천하는 기능을 제공한다.또 기업이 고객 응대 직원을 보호할 수 있도록 통화 중 ‘폭언 신고’ 기능을 추가했다. 직원이 업무 통화 중 폭언 신고 버튼을 누르면, 상대방에게 통화 종료 안내가 진행된 뒤 자동으로 통화가 끊긴다. LG유플러스는 연내 자체 개발한 ‘익시젠(ixi-GEN)’ 온디바이스 AI를 활용, 폭언·성희롱 등 악성 민원을 자동 감지하도록 업그레이드할 계획이다.LG유플러스는 AI비즈콜이 학부모·학생과 접촉이 많은 교육기관과 외근이 많은 직군 등을 대상으로 인기를 끌고 있다고 설명했다. 지난달 기준 270여 곳의 학교·어린이집·유치원의 선생님 5000여 명과 교육행정 종사자들이 AI비즈콜을 이용 중이다. LG유플러스는 이번 업데이트를 통해 AI비즈콜 활용도를 다양한 업종으로 확장하겠단 방침이다.주엄개 LG유플러스 유선사업담당은 “AI 기술 기반으로 업무 효율성을 높이고, 고객과의 소통을 편리하게 바꾸는 데 AI비즈콜이 중요한 역할을 하고 있다”며 “앞으로도 고객 의견을 반영해 고객관리 효율성을 높일 수 있는 다양한 설루션을 선보이겠다”고 했다. 차민주 기자"
https://n.news.naver.com/mnews/article/021/0002727735?sid=101,2025-08-06 11:59:25,경제,"LG CNS, 印尼 AI데이터센터 짓는다… 국내기업 첫 해외수주","‘원 LG’ 통합 솔루션 적용LGU+, AI비즈콜 업데이트LG CNS가 국내 기업 최초로 해외 인공지능(AI) 데이터센터 구축사업을 수주했다.LG CNS는 인도네시아 재계 서열 3위인 시나르마스 그룹과의 합작법인 ‘LG 시나르마스 테크놀로지 솔루션’을 통해 인도네시아 KMG와 AI데이터센터 구축 사업 계약을 체결했다고 6일 밝혔다. 인도네시아 수도 자카르타에 10만 대 이상의 서버를 한꺼번에 수용하는 지상 11층(연면적 4만6281㎡), 수전용량 30㎿ 규모의 초대형 AI데이터센터(사진)를 세우는 프로젝트다. LG CNS는 약 1000억 원을 투입해 내년 말까지 완공할 계획이다.LG CNS는 이번 사업에 ‘원(One) LG’ 통합 솔루션을 적용, 그룹 내 핵심 역량을 총동원한다. 국내 최고 수준의 데이터센터 설계·구축·운영 사업 역량에 더해 LG전자의 데이터센터 냉각 기술, LG에너지솔루션의 배터리 솔루션 등이 적용된다. 특히 AI데이터센터의 높은 발열 문제를 해결하기 위해 하이브리드 냉각 시스템을 탑재할 예정이다. 동시에 최대 130㎾에 달하는 고집적 랙(서버 설치용 캐비닛)을 차질 없이 지원할 수 있는 전력 시스템과 온·습도 등을 자동으로 제어하는 친환경 공조 시스템도 구축한다.현신균 LG CNS 사장은 “LG CNS의 역량을 결집해 고객가치를 혁신할 최첨단 AI데이터센터를 구축하겠다”며 “인도네시아, 싱가포르, 말레이시아 등 동남아시아 시장을 포함한 글로벌 지역으로 AI데이터센터 사업을 더욱 확대할 것”이라고 말했다.한편 LG유플러스는 자사의 통화 에이전트 ‘AI비즈콜 바이(by) 익시(ixi)’를 업데이트했다고 이날 밝혔다.AI비즈콜은 유선전화기가 없어도 회사 전화번호를 직원들이 스마트폰으로 사용할 수 있는 기능을 제공한다. 이번 업데이트에선 통화 내용을 기반으로 AI가 할 일을 추천하는 서비스를 비롯해 기업이 고객 응대 직원을 보호할 수 있도록 통화 중 ‘폭언 신고’ 기능 등이 추가됐다."
https://n.news.naver.com/mnews/article/030/0003338594?sid=105,2025-08-06 14:23:13,IT/과학,"'KT 랑톡·LGU+ AI비즈콜'…이통사, 교권보호 서비스 강화","LG유플러스 직원들이 어린이집에서 이용하는 AI비즈콜을 시연하고 있는 모습.통신업계가 인공지능(AI)을 활용한 교권 보호 서비스를 강화한다. AI로 악성 민원을 자동 감지하고 개인번호 노출 방지, 통화요약 리포트 제공 등을 통해 교원의 민원대응·소통 업무 부담을 낮추는데 주력한다.6일 LG유플러스는 올해 안에 AI비즈콜에 온디바이스 AI 기반 악성 민원 자동감지 시스템을 탑재할 계획이라고 밝혔다. 자체 AI 익시젠이 폭언, 성희롱 발언을 실시간 감지해 통화가 자동 종료되도록 업그레이드한다.LG유플러스가 올해 초 출시한 AI비즈콜은 개인번호 노출 없이 스마트폰으로 회사 전화번호를 활용할 수 있는 통화 에이전트다. 그룹 통화와 착신 전환, 자동녹음 요약 등이 가능해 업무 효율성을 높인다. 이번에 폭언신고 기능도 추가됐다.덕분에 학부모, 학생과의 접촉이 많은 교육기관에서 인기를 끌고 있다. 지난달 기준 270여곳 학교·어린이집·유치원에서 5000여명의 교사, 교육행정 종사자들이 AI비즈콜을 이용 중이다.KT 랑톡 AI통화서비스 화면KT도 이와 유사한 랑톡 서비스를 운영 중이다. 개인 휴대전화 번호를 노출하지 않고도 학생·학부모와 소통할 수 있는 교원 안심번호 서비스다. AI 통화리포트를 통해 통화 내용의 텍스트 변환, 통화 결과에 대한 감정분석 등을 제공해 교원의 민원 응대를 돕는다.두 서비스 모두 교사의 개인번호 공개로 발생할 수 있는 사생활 노출, 업무시간 외 연락 등의 부작용을 방지하는데 초점을 맞췄다. 한국교원단체총연합회가 지난해 접수·처리한 교권 침해 상담·지원 건수가 총 504건이다.동시에 AI 기반 텍스트 요약, 변환 등 업무 보조 기능도 수행해 업무 효율성을 높인다는 방침이다. LG유플러스 관계자는 “요약 내용 기반 행동 추천 등 고도화된 AI 통화 기능을 통해 교육기관뿐 아니라 다양한 업종으로의 AI비즈콜 확장을 추진할 계획”이라고 밝혔다."
https://n.news.naver.com/mnews/article/014/0005388158?sid=105,2025-08-06 18:35:14,IT/과학,'스팟성 보조금' 100만원 풀며 고객몰이… 번호이동 시장 들썩,"2주차로 접어든 '단통법 폐지'이통3사 번호이동 건수 증가세LGU+·SKT 지원금 경쟁 치열가입자 몰리며 행사 조기 종료""단발성 마케팅 계속 이어질듯""지난달 22일 서울의 한 휴대폰 대리점에 걸린 단통법 폐지 관련 홍보물. 뉴스1이동통신 시장을 규제한 '이동통신 단말장치 유통구조 개선에 관한 법률(단통법)'이 폐지된 지 2주차에 접어들면서 처음으로 이례적인 휴대폰 보조금 경쟁이 벌어졌다. 큰 동요 없이 비교적 차분한 흐름을 이어가던 시장이 하루 출렁인 것이다.6일 통신업계에 따르면 전날 통신 3사의 번호이동 건수는 2만2016건으로 나타났다. 단통법이 폐지된 지난달 22일부터 이달 5일까지 일 평균 번호이동 건수가 2만270건인 것을 감안하면 큰 변화가 없는 것처럼 보일 수 있지만 세부 수치를 보면 얘기가 달라진다.보조금 경쟁에 먼저 앞장선 것은 LG유플러스다. LG유플러스는 이른바 성지로 불리는 일부 휴대폰 판매점에서 11만원대 요금제 6개월, 4개의 부가서비스 3달 의무 사용을 조건으로 갤럭시 S25 256GB를 사는 고객에게 38만원을 준다고 했다. 갤럭시 S25 256GB의 출고가가 115만5000원, 공통 지원금이 50만원인 것을 감안하면 103만5000원을 추가 지원금으로 지급한 것이다.그러자 SK텔레콤도 대응에 나섰다. SK텔레콤은 10만원대 요금제 6개월, 2개의 부가서비스2달 의무 이용을 조건으로 갤럭시 S25 256GB를 구매하는 고객에게 35만원을 지급한다며 마케팅을 벌였다. 이 또한 추가 지원금이 100만원 이상 제공된 것이었다.그 결과 LG유플러스는 5일 하루에만 7708명의 번호이동 고객 유치에 성공했다. 이는 단통법 폐지 첫날 1만3648명의 번호이동 고객을 확보한 이래 가장 많은 수치다. 일요일 번호이동 접수건을 개통하는 월요일을 제외한 평일에는 번호이동이 4000여건인 것을 감안하면 평소보다 2배 가까이 번호이동 가입자가 늘어난 것이다.SK텔레콤도 같은 날 9487명의 번호이동 고객을 모으는 데 성공했다. SK텔레콤도 월요일을 제외한 평일에는 번호이동이 보통 7000~8000건인 만큼 평소보다 확연하게 많아진 수치다. 이처럼 가입자가 몰리면서 SK텔레콤과 LG유플러스는 보조금 정책을 조기 종료했다. 일종의 스팟성 정책이었던 것이다.KT도 보조금을 소폭 올렸으나 경쟁에 적극적으로 뛰어들진 않았다. 그 결과 5일 KT의 번호이동 건수는 4821건을 기록했다.단통법 폐지를 통해 통신사 간 보조금 경쟁을 다시 활성화해 단말기 구입·이용 가격을 낮춘다던 목적이 조금씩 달성되고 있는 것으로 보인다.업계 관계자는 ""통신 3사가 과거처럼 치열한 보조금 경쟁을 벌이지는 않겠지만 스팟성 정책은 꾸준히 펼칠 가능성이 있다""고 말했다.solidkjy@fnnews.com 구자윤 기자"
https://n.news.naver.com/mnews/article/640/0000074639?sid=101,2025-08-06 18:40:51,경제,SKT's operating profit plummets 37% on year in Q2 after data breach,"The SK Telecom logo is seen on a dealership in Jongno District, central Seoul, on July 3. [NEWS1]SK Telecom’s operating profit dropped 37 percent in the second quarter from a year earlier, reflecting the full impact of a cyberattack in April that targeted subscriber identity module (SIM) systems and caused the leak of 26.96 million pieces of user data.The company reported Wednesday that its consolidated revenue for the April-June period fell 1.9 percent on year to 4.34 trillion won ($3.12 billion). Operating profit dropped 37.1 percent to 338.3 billion won, while net profit tumbled 76.2 percent to 83.2 billion won.The mobile carrier attributed the sharp decline to the aftermath of the hacking incident, which compromised subscriber security.“Operating profit decreased due to one-off costs such as USIM replacements for customers and compensation for dealership losses,” the company said.The breach led to a net loss of 720,000 subscribers via mobile number portability — which allows users to change mobile network operators while retaining their telephone numbers — between April 19 and July 14, according to SK Telecom.“We are reviewing the cybersecurity incident with a clear-eyed perspective and will implement comprehensive improvements,” said Chief Financial Officer Kim Yang-seob.Despite the blow from the security breach, SK Telecom’s AI business delivered solid results.Revenue from AI-related operations grew 13.9 percent on year. AI data center revenue rose 13.3 percent to 108.7 billion won, while revenue from the AIX business — which develops and sells enterprise AI services — jumped 15.3 percent to 46.8 billion won, driven by business-to-business solution sales.A customer enters a SK Telecom dealership in Seoul on June 23. [YONHAP]What about KT and LG U+?The hacking fallout has prompted analysts to project potential upside for SK Telecom’s domestic rivals, who are set to report earnings later this month. KT and LG U+ are expected to have absorbed some of the churned SKT customers.KT added a net 280,000 mobile subscribers in the second quarter compared to the previous quarter, while LG U+ added 240,000, according to the Korea Telecommunications Operators Association.Consensus estimates suggest KT’s Q2 operating profit may reach 865.8 billion won, a 75.3 percent jump on year, while LG U+ is forecast to post 278.6 billion won in operating profit, up 9.7 percent. LG U+ will report earnings on Friday, and KT will follow on Monday.Song Sang-hoon, deputy minister of the office of ICT policy at the Ministry of Science and ICT, briefs the press on Aug. 4 at the government complex in Jongno District, central Seoul, on the selection of teams for Korea’s AI foundation model project. [YONHAP]What's next for SKT?Earlier this month, SK Telecom was selected as one of five teams to join a government-led initiative to develop Korea’s own large language model, or “AI foundation model.”The project, spearheaded by the Ministry of Science and ICT, will grant participants a combined 200 billion won in resources, including GPUs, data, and recruitment support.SK Telecom also plans to build Korea’s largest AI-dedicated data center in Ulsan in collaboration with Amazon Web Services. The facility is scheduled to begin operations in 2027.The company pledged further investment in cybersecurity, stating: “We aim to build a world-class information security system and will invest 700 billion won in the next five years.”Translated from the JoongAng Ilbo using generative AI and edited by Korea JoongAng Daily staff."
https://n.news.naver.com/mnews/article/030/0003338713?sid=103,2025-08-06 23:57:13,생활/문화,대기업·스타트업 한자리에…'경기 모빌리티 잇다' 포럼 성료,"정책·기술·산업 협력…경기도형 생태계 본격 구축산학연관 융합 논의…상생플랫폼 확대 박차융기원이 5일 수원 광교에서 '경기도 첨단모빌리티 상생융합포럼'을 개최하고 기념 촬영했다.경기도와 서울대학교 공동출연법인차세대융합기술연구원(원장 김연상)은 지난 5일 수원 광교에서 '경기도 첨단모빌리티 상생융합포럼'을 개최했다고 6일 밝혔다.이 포럼은 경기도가 주최하고 융기원, 중소벤처기업진흥공단 경기지역본부, 경기테크노파크가 공동주관했으며 도내 중소·벤처기업과 대기업, 연구기관, 공공기관 관계자 등 주요 산업 주체가 한자리에 모였다.참석자들은 첨단모빌리티 산업의 지속가능한 성장 전략과 산학연 상생 생태계 조성 방안을 논의했다.이날 행사는 김태형 경기도의회 미래과학협력위원회 의원과 박노극 경기도 미래성장산업국장이 참가해 정책적 지원 의지를 밝혔다. 김 의원은 최근 조례 개정을 통한 '경기도 미래모빌리티센터' 명칭 변경 및 기능 확대 추진 경과를 공유하고, “경기도가 모빌리티 산업 중심지로 도약할 수 있도록 지속적인 의정활동에 힘쓰겠다”고 강조했다.발표 세션에서는 경기도와 중소벤처기업진흥공단이 첨단모빌리티 산업 정책 방향과 중소기업 자금지원 정책을 소개했으며, HL Klemove, LG U+, 서울대 등 산학 전문가가 자율주행 솔루션 등 최신 기술 동향과 산업 트렌드를 발표했다.이어진 간담회에서는 정책 지원, 자율주행 인프라 활용 방안, 경기형 상생 생태계 협력 모델을 주제로 활발한 논의가 이어졌다.경기도와 융기원은 이번 포럼을 계기로 모빌리티 분야의 유기적 협력 플랫폼을 지속 확대할 계획이다.김연상 원장은 “모빌리티 분야는 기술 개발 외에도 정책, 제도, 기업 간 협력의 뒷받침이 반드시 필요하다”며 “대기업과 중소기업, 연구기관이 함께 협력하는 이 포럼이 경기도형 첨단모빌리티 생태계의 시작점이 되길 기대한다”고 말했다."
https://n.news.naver.com/mnews/article/421/0008415670?sid=105,2025-08-07 09:00:00,IT/과학,"LGU+, IPTV 인터페이스 개편…""실시간 채널 편의기능 더 쉽게""","(LGU+ 제공)/뉴스1(서울=뉴스1) 김정현 기자 = LG유플러스가 IPTV 서비스 U+tv의 실시간 채널 탐색 시간을 단축하기 위해 사용자 인터페이스(UI)·사용자 경험(UX)를 개편했다고 7일 밝혔다.먼저 실시간 채널의 편의 기능을 한 곳에서 모두 이용하도록 옵션 UI를 개편했다. 다양한 메뉴에 흩어져 있던 실시간 채널 기능을 리모컨의 '옵션' 버튼으로 통합했다.옵션 메뉴에서는 △시청 중 시력보호·자녀보호·선호채널 모드 바로 ON·OFF △시청 중 원하는 채널 선호채널·숨길채널 지정 △편성표·채널 한눈에 보기 △2채널·4채널·장르별 동시 시청 등을 이용할 수 있게 됐다.실시간 채널 시청 중 원하는 채널을 음성으로도 검색할 수 있게 됐다. 편성표 메뉴 왼쪽 상단 마이크 버튼을 누르고 원하는 콘텐츠를 말하면 된다.마지막으로 현재 가입한 요금제로 볼 수 있는 전체 채널과 방영 중인 프로그램을 한번에 확인할 수 있는 '채널 한눈에 보기' 기능도 추가됐다.이번 개편은 지난해 시청자위원회 조사 결과, 실시간 채널의 편의 기능을 이용하기 어렵고 원하는 콘텐츠를 찾기까지 시간이 오래 걸린다는 의견에 따른 것이다.UI·UX 지난달부터 순차 적용 중이며 올해 안으로 전 고객에게 적용된다.정진이 LG유플러스 미디어사업트라이브장(담당)은 ""이번 개편은 LG유플러스만의 차별화된 고객가치인 '가장 쓰기 쉬운 TV'가 되기 위해 고객 중심으로 이뤄졌다'고 설명했다."
https://n.news.naver.com/mnews/article/003/0013408472?sid=105,2025-08-07 09:00:00,IT/과학,"""실시간 채널 한눈에""…LGU+, IPTV 시청자위원회 의견 수렴","LGU+, U+tv 고객 실시간 채널 탐색 시간 단축지난달부터 순차 적용·연내 전 고객 대상 적용[서울=뉴시스]박은비 기자 = LG유플러스는 자사 인터넷TV(IPTV) 서비스 U+tv 고객의 실시간 채널 탐색 시간을 단축하기 위해 사용자인터페이스(UI)·사용자경험(UX)을 개편했다고 7일 밝혔다. 지난달부터 순차 적용용하고 연내 전 고객을 대상으로 적용된다.LG유플러스는 고객에게 실질적인 편의를 제공하기 위해 자체 운영 중인 시청자위원회 의견을 매년 수렴하고 있다. 지난해 시청자위원회 조사 결과 실시간 채널의 편의 기능을 이용하기 어렵고, 원하는 콘텐츠를 찾기까지 시간이 오래 걸린다는 의견이 있었다.LG유플러스는 실시간 채널 시청 비중이 U+tv 고객의 80% 가량 된다고 보고, 실시간 채널 개편을 추진했다.먼저 실시간 채널의 편의 기능을 한 곳에서 모두 이용하도록 옵션 UI가 달라졌다. U+tv 고객은 실시간 채널 시청 중 옵션 버튼을 누르면 편성표·채널 한눈에 보기, 2채널·4채널·장르별 동시 시청 등 관련 기능을 손쉽게 이용할 수 있다.실시간 채널 시청 중 원하는 채널을 음성으로도 검색할 수 있게 됐다. 편성표 메뉴 왼쪽 상단 마이크 버튼을 누르고 원하는 콘텐츠를 말하면 해당 콘텐츠를 방송 중인 실시간 채널을 찾을 수 있다.이밖에도 고객이 현재 가입한 요금제로 볼 수 있는 전체 채널과 방영 중인 프로그램을 한 번에 확인할 수 있는 채널 한눈에 보기 기능을 추가했다.인기가 많은 실시간 채널도 한눈에 확인 가능하다. 편성표 메뉴에서 인기 채널을 선택하면 현재 방송 중인 실시간 채널을 시청률이 높은 순서대로 확인 가능하다. 이를 통해 다른 시청자들이 선호하는 콘텐츠를 빠르게 확인하고, 시청 여부를 결정할 수 있다.향후 LG유플러스는 고객 불편 사항을 실질적으로 해결하기 위해 매년 열리는 시청자위원회에서 제시된 의견을 적극 반영할 계획이다.정진이 LG유플러스 미디어사업트라이브장(담당)은 ""이번 개편은 LG유플러스만의 차별화된 고객가치인 가장 쓰기 쉬운 TV가 되기 위해 고객 중심으로 이뤄졌다""며 ""앞으로도 최고의 고객 경험을 제공하기 위해 끊임 없이 변화하겠다""고 말했다."
https://n.news.naver.com/mnews/article/277/0005633946?sid=105,2025-08-07 09:00:00,IT/과학,"“TV 더 쉽게 쓴다”…LGU+, 실시간 채널 사용화면 개편","인기 채널 실시간 확인, 음성 검색 기능 강화LG유플러스가 자사 IPTV 서비스 'U+tv'의 실시간 채널 탐색 편의성을 높이기 위해 사용자 인터페이스(UI)와 사용자 경험(UX)을 전면 개편했다고 7일 밝혔다. 이번 개편은 7월부터 순차적으로 적용되고 있으며, 연내 전체 고객에게 확대될 예정이다.LG유플러스는 자체 시청자위원회를 통해 접수된 이용자 불편 사항을 바탕으로 이번 개편을 추진했다. 지난해 시청자위원회 조사 결과, 실시간 채널 이용 시 편의 기능 접근이 어렵고, 원하는 콘텐츠 탐색에 시간이 오래 걸린다는 의견이 제기된 바 있다. 실제로 LG유플러스에 따르면 전체 U+tv 시청자의 80%가 실시간 채널을 주로 이용하고 있는 것으로 나타났다.이에 따라 LG유플러스는 리모컨의 '옵션' 버튼 하나로 실시간 채널 관련 주요 기능을 한곳에 모았다. 고객은 실시간 채널을 시청하는 도중 '옵션' 버튼을 누르기만 하면 시력보호·자녀보호·선호채널 모드, 선호채널·숨길채널 지정, 실시간 편성표·채널 전체 보기, 2채널·4채널·장르별 동시 시청 기능 등을 손쉽게 사용할 수 있다.음성 인식 기능도 강화됐다. 편성표 상단의 마이크 버튼을 누르고 원하는 콘텐츠를 말하면 해당 콘텐츠를 방송 중인 실시간 채널을 자동으로 찾아주는 방식이다.이외에도 고객이 현재 가입한 요금제 기준으로 시청 가능한 채널과 해당 채널에서 방영 중인 프로그램을 한눈에 볼 수 있는 '채널 한눈에 보기' 기능, 실시간 인기 채널을 시청률 순으로 보여주는 '인기 채널' 메뉴도 새롭게 추가됐다.LG유플러스는 이번 개편을 통해 고객의 콘텐츠 탐색 시간을 단축하고, 전체적인 시청 경험을 향상시키는 것을 목표로 하고 있다. 향후에도 시청자위원회를 통해 수렴한 의견을 반영해 IPTV 서비스 품질을 지속적으로 개선해 나갈 방침이다.정진이 LG유플러스 미디어사업트라이브장은 ""이번 개편은 '가장 쓰기 쉬운 TV'를 만들기 위한 고객 중심의 변화""라며 ""앞으로도 최고의 고객 경험을 제공하기 위해 지속적으로 진화하겠다""고 밝혔다."
https://n.news.naver.com/mnews/article/029/0002973883?sid=105,2025-08-07 09:00:07,IT/과학,"실시간 채널 기능 한 화면에…LGU+, 실시간 채널 UI·UX 개편","LG유플러스 임직원이 개편한 IPTV 실시간 채널 화면을 직접 소개하는 모습. LG유플러스 제공LG유플러스는 자사 인터넷TV(IPTV) 서비스 ‘U+tv’의 실시간 채널 탐색 시간을 단축하기 위해 사용자 인터페이스(UI)·사용자 경험(UX)를 개편했다고 7일 밝혔다. 개편은 7월부터 순차 적용 중이며 연내 전 이용자에게 적용된다.우선 실시간 채널의 편의 기능을 한 곳에서 모두 이용하도록 옵션 UI를 개편했다. 다양한 메뉴에 흩어져 있던 실시간 채널 기능을 리모컨의 ‘옵션’ 버튼으로 통합해 접근성을 높인 것이 핵심이다. 실시간 채널 시청 중 원하는 채널을 음성으로도 검색할 수 있게 됐다. 편성표 메뉴 왼쪽 상단 마이크 버튼을 누르고 원하는 콘텐츠를 말하면, 해당 콘텐츠를 방송 중인 실시간 채널을 찾을 수 있다.이외에도 LG유플러스는 현재 가입한 요금제로 볼 수 있는 전체 채널과 방영 중인 프로그램을 한번에 확인할 수 있는 ‘채널 한눈에 보기’ 기능을 추가했다. 인기가 많은 실시간 채널도 한눈에 확인할 수 있다. 편성표 메뉴에서 ‘인기 채널’을 선택하면 현재 방송 중인 실시간 채널을 시청률이 높은 순서대로 확인할 수 있다.향후 LG유플러스는 실시간 채널 중심의 UI·UX 개편을 통해 콘텐츠를 빠르게 탐색할 수 있도록 지원하고, 전체적인 서비스 만족도를 지속적으로 향상시킬 예정이다.정진이 LG유플러스 미디어사업트라이브장(담당)은 “앞으로도 최고의 고객 경험을 제공하기 위해 끊임없이 변화하겠다”고 말했다."
https://n.news.naver.com/mnews/article/016/0002510974?sid=105,2025-08-07 09:00:15,IT/과학,"“가장 쓰기 쉬운 TV” LGU+, IPTV ‘실시간 채널’ 환경 개편","UI·UX 개편…시청자위원회 의견 수렴실시간 채널 기능, 리모컨 ‘옵션’ 버튼으로 통합…접근성↑LG유플러스 임직원이 개편한 IPTV 실시간 채널 화면을 소개하고 있다. [LG유플러스 제공][헤럴드경제=박세정 기자] LG유플러스는 자사 IPTV 서비스 ‘U+tv’ 고객의 실시간 채널 탐색 시간을 단축하기 위해 사용자 인터페이스(UI)·사용자 경험(UX)를 개편했다고 7일 밝혔다.개편은 7월부터 순차 적용 중이며 올해 안으로 전 고객에게 적용된다.LG유플러스는 고객에게 실질적인 편의를 제공하기 위해 자체 운영 중인 시청자위원회 의견을 매년 수렴하고 있다. 지난해 시청자위원회 조사 결과, 실시간 채널의 편의 기능을 이용하기 어렵고, 원하는 콘텐츠를 찾기까지 시간이 오래 걸린 는 의견이 있었다. LG유플러스가 분석한 데이터에 따르면, 실시간 채널 시청 비중도 U+tv 고객의 80%에 달했다. 이에 LG유플러스는 U+tv 고객들의 시청 경험을 혁신하기 위해 시청 비중이 높은 ‘실시간 채널’ 개편을 추진했다.우선 실시간 채널의 편의 기능을 한 곳에서 모두 이용하도록 옵션 UI를 개편했다. 흩어져 있던 실시간 채널 기능을 리모컨의 ‘옵션’ 버튼으로 통합해 접근성을 높였다.U+tv 고객은 실시간 채널 시청 중 ‘옵션’ 버튼을 누르면 ▷시청 중 시력보호·자녀보호·선호채널 모드 바로 ON/OFF ▷시청 중 원하는 채널 ‘선호채널/숨길채널’ 지정 ▷편성표·채널 한눈에 보기 ▷2채널·4채널·장르별 동시 시청 등 관련 기능을 손쉽게 이용할 수 있다.실시간 채널 시청 중 원하는 채널을 음성으로도 검색할 수 있다. 편성표 메뉴 왼쪽 상단 마이크 버튼을 누르고 원하는 콘텐츠를 말하면, 해당 콘텐츠를 방송 중인 실시간 채널을 찾을 수 있다.LG유플러스 임직원이 개편한 IPTV 실시간 채널 화면을 소개하고 있다. [LG유플러스 제공]LG유플러스는 고객이 현재 가입한 요금제로 볼 수 있는 전체 채널과 방영 중인 프로그램을 한번에 확인할 수 있는 ‘채널 한눈에 보기’ 기능을 추가했다.인기가 많은 실시간 채널도 한눈에 확인할 수 있다. 편성표 메뉴에서 ‘인기 채널’을 선택하면 현재 방송 중인 실시간 채널을 시청률이 높은 순서대로 확인할 수 있다.향후 LG유플러스는 실시간 채널 중심의 UI/UX 개편을 통해 고객이 콘텐츠를 빠르게 탐색할 수 있도록 지원하고, 전체적인 서비스 만족도를 지속적으로 향상시킬 예정이다. 또 고객 불편 사항을 실질적으로 해결하기 위해 매년 열리는 시청자위원회에서 제시된 의견을 적극 반영할 계획이다.정진이 LG유플러스 미디어사업트라이브장(담당)은 “이번 개편은 LG유플러스만의 차별화된 고객가치인 ‘가장 쓰기 쉬운 TV’가 되기 위해 고객 중심으로 이뤄졌다”며 “앞으로도 최고의 고객 경험을 제공하기 위해 끊임없이 변화하겠다”고 말했다."
https://n.news.naver.com/mnews/article/119/0002988387?sid=105,2025-08-07 09:02:13,IT/과학,"LGU+, U+tv 실시간 채널 UI·UX 개편…""리모컨으로 탐색 속도↑""","U+tv, U+tv 이용자 중 80%가 실시간 채널 이용...고객 불편 해소 위해 탐색 편의 개선음성 검색 강화·요금제별 채널 한눈에 보기·4채널 동시 시청 등 고객 중심으로 변화LG유플러스 임직원이 개편한 IPTV 실시간 채널 화면을 직접 소개하는 모습.ⓒLG유플러스[데일리안 = 조인영 기자] LG유플러스는 자사 IPTV(인터넷TV) 서비스 ‘U+tv’ 고객의 실시간 채널 탐색 시간을 단축하기 위해 UI(사용자 인터페이스)/UX(사용자 경험)를 개편했다고 7일 밝혔다. 개편은 7월부터 순차 적용 중이며 올해 안으로 전 고객에게 적용된다.LG유플러스는 고객에게 실질적인 편의를 제공하기 위해 자체 운영 중인 시청자위원회 의견을 매년 수렴하고 있다. 지난해 시청자위원회 조사 결과, 실시간 채널의 편의 기능을 이용하기 어렵고, 원하는 콘텐츠를 찾기까지 시간이 오래 걸린다는 의견이 있었다.LG유플러스가 분석한 데이터에 따르면 실시간 채널 시청 비중도 U+tv 고객의 80%에 달했다. 이에 LG유플러스는 U+tv 고객들의 시청 경험을 혁신하기 위해 시청 비중이 높은 ‘실시간 채널’ 개편을 추진했다.이를 바탕으로 먼저 실시간 채널의 편의 기능을 한 곳에서 모두 이용하도록 옵션 UI를 개편했다. 다양한 메뉴에 흩어져 있던 실시간 채널 기능을 리모컨의 ‘옵션’ 버튼으로 통합해 접근성을 높인 것이 핵심이다.U+tv 고객은 실시간 채널 시청 중 ‘옵션’ 버튼을 누르면 ▲시청 중 시력보호·자녀보호·선호채널 모드 바로 ON/OFF ▲시청 중 원하는 채널 ‘선호채널/숨길채널’ 지정 ▲편성표·채널 한눈에 보기 ▲2채널·4채널·장르별 동시 시청 등 관련 기능을 손쉽게 이용할 수 있다.실시간 채널 시청 중 원하는 채널을 음성으로도 검색할 수 있게 됐다. 편성표 메뉴 왼쪽 상단 마이크 버튼을 누르고 원하는 콘텐츠를 말하면, 해당 콘텐츠를 방송 중인 실시간 채널을 찾을 수 있다.이밖에도 LG유플러스는 고객이 현재 가입한 요금제로 볼 수 있는 전체 채널과 방영 중인 프로그램을 한번에 확인할 수 있는 ‘채널 한눈에 보기’ 기능을 추가해 시청 편의성을 개선했다.인기가 많은 실시간 채널도 한눈에 확인할 수 있다. 편성표 메뉴에서 ‘인기 채널’을 선택하면 현재 방송 중인 실시간 채널을 시청률이 높은 순서대로 확인할 수 있다. 이를 통해 다른 시청자들이 선호하는 콘텐츠를 빠르게 확인하고, 시청 여부를 결정할 수 있다.향후 LG유플러스는 실시간 채널 중심의 UI/UX 개편을 통해 고객이 콘텐츠를 빠르게 탐색할 수 있도록 지원하고, 전체적인 서비스 만족도를 지속적으로 향상시킬 예정이다. 또한, 고객 불편 사항을 실질적으로 해결하기 위해 매년 열리는 시청자위원회에서 제시된 의견을 적극 반영할 계획이다.정진이 LG유플러스 미디어사업트라이브장(담당)은 “이번 개편은 LG유플러스만의 차별화된 고객가치인 ‘가장 쓰기 쉬운 TV’가 되기 위해 고객 중심으로 이뤄졌다”며 “앞으로도 최고의 고객 경험을 제공하기 위해 끊임없이 변화하겠다”고 말했다."
https://n.news.naver.com/mnews/article/011/0004518329?sid=105,2025-08-07 10:05:20,IT/과학,보고 싶은 채널 음성으로 찾는다…LGU+ IPTV 개편,"U+tv 인터페이스 개편실시간 채널 기능 통합LG유플러스가 인터넷(IP)TV 서비스 ‘유플러스티비(U+tv)’의 실시간 채널 탐색 시간을 단축하기 위해 사용자인터페이스·사용자경험(UI·UX)을 개편했다고 7일 밝혔다. 사진 제공=LG유플러스[서울경제]LG유플러스가 인터넷(IP)TV 서비스 ‘유플러스티비(U+tv)’의 실시간 채널 탐색 시간을 단축하기 위해 사용자인터페이스·사용자경험(UI·UX)을 개편했다고 7일 밝혔다.실시간 채널의 편의 기능을 한 곳에서 모두 이용하도록 옵션 UI를 개편했다. 다양한 메뉴에 흩어져 있던 실시간 채널 기능을 리모컨의 ‘옵션’ 버튼으로 통합해 접근성을 높였다. U+tv 가입자는 실시간 채널 시청 중 ‘옵션’ 버튼을 누르면 시청 중 시력보호·자녀보호·선호채널 모드, 시청 중 원하는 채널 ‘선호채널·숨길채널’ 지정, 편성표·채널 한눈에 보기, 2채널·4채널·장르별 동시 시청 등 관련 기능을 손쉽게 이용할 수 있다.실시간 채널 시청 중 원하는 채널을 음성으로도 검색할 수 있게 됐다. 편성표 메뉴 왼쪽 상단 마이크 버튼을 누르고 원하는 콘텐츠를 말하면 해당 콘텐츠를 방송 중인 실시간 채널을 찾을 수 있다. LG유플러스는 고객이 현재 가입한 요금제로 볼 수 있는 전체 채널과 방영 중인 프로그램을 한번에 확인할 수 있는 ‘채널 한눈에 보기’ 기능을 추가해 시청 편의성을 개선했다.인기가 많은 실시간 채널도 한눈에 확인할 수 있다. 편성표 메뉴에서 ‘인기 채널’을 선택하면 현재 방송 중인 실시간 채널을 시청률이 높은 순서대로 확인할 수 있다. 이를 통해 다른 시청자들이 선호하는 콘텐츠를 빠르게 확인하고 시청 여부를 결정할 수 있다.LG유플러스는 실시간 채널 중심의 UI/UX 개편을 통해 가입자가 콘텐츠를 빠르게 탐색할 수 있도록 지원하고 전체적인 서비스 만족도를 지속적으로 향상시킬 예정이다. 고객 불편 사항을 실질적으로 해결하기 위해 매년 열리는 시청자위원회에서 제시된 의견을 적극 반영할 계획이다.정진이 LG유플러스 미디어사업트라이브장은 “이번 개편은 LG유플러스만의 차별화된 고객가치인 ‘가장 쓰기 쉬운 TV’가 되기 위해 고객 중심으로 이뤄졌다”며 “앞으로도 최고의 고객 경험을 제공하기 위해 끊임없이 변화하겠다”고 말했다."
https://n.news.naver.com/mnews/article/018/0006083756?sid=105,2025-08-07 11:24:10,IT/과학,"“4채널 동시시청” LGU+tv, 채널 인터페이스 개편","음성 검색 강화·요금제별 채널 한눈에 보기4채널 동시 시청 기능 추가“‘가장 쓰기 쉬운 TV’로 도약할 것“[이데일리 윤정훈 기자]LG유플러스(032640)가 자사 IPTV 서비스 ‘U+tv’ 고객의 실시간 채널 탐색 시간을 단축하기 위해 UI(사용자 인터페이스)·UX(사용자 경험)를 개편했다고 7일 밝혔다. 개편은 지난달부터 순차 적용 중이며 올해 안으로 전 고객에게 적용된다.(사진=LGU+)LGU+는 고객에게 실질적인 편의를 제공하기 위해 자체 운영 중인 시청자위원회 의견을 매년 수렴하고 있다. 지난해 시청자위원회 조사 결과, 실시간 채널의 편의 기능을 이용하기 어렵고, 원하는 콘텐츠를 찾기까지 시간이 오래 걸린다는 의견이 있었다.LG유플러스가 분석한 데이터에 따르면, 실시간 채널 시청 비중도 U+tv 고객의 80%에 달했다. 이에 LG유플러스는 U+tv 고객들의 시청 경험을 혁신하기 위해 시청 비중이 높은 ‘실시간 채널’ 개편을 추진했다.이를 바탕으로 먼저 실시간 채널의 편의 기능을 한 곳에서 모두 이용하도록 옵션 UI를 개편했다. 다양한 메뉴에 흩어져 있던 실시간 채널 기능을 리모컨의 ‘옵션’ 버튼으로 통합해 접근성을 높인 것이 핵심이다. U+tv 고객은 실시간 채널 시청 중 ‘옵션’ 버튼을 누르면 △시청 중 시력보호·자녀보호·선호채널 모드 바로 ON/OFF △시청 중 원하는 채널 ‘선호채널·숨길채널’ 지정 △편성표·채널 한눈에 보기 △2채널·4채널·장르별 동시 시청 등 관련 기능을 손쉽게 이용할 수 있다.실시간 채널 시청 중 원하는 채널을 음성으로도 검색할 수 있게 됐다. 편성표 메뉴 왼쪽 상단 마이크 버튼을 누르고 원하는 콘텐츠를 말하면, 해당 콘텐츠를 방송 중인 실시간 채널을 찾을 수 있다.이밖에도 LG유플러스는 고객이 현재 가입한 요금제로 볼 수 있는 전체 채널과 방영 중인 프로그램을 한번에 확인할 수 있는 ‘채널 한눈에 보기’ 기능을 추가해 시청 편의성을 개선했다.인기가 많은 실시간 채널도 한눈에 확인할 수 있다. 편성표 메뉴에서 ‘인기 채널’을 선택하면 현재 방송 중인 실시간 채널을 시청률이 높은 순서대로 확인할 수 있다. 이를 통해 다른 시청자들이 선호하는 콘텐츠를 빠르게 확인하고, 시청 여부를 결정할 수 있다.향후 LG유플러스는 실시간 채널 중심의 UI·UX 개편을 통해 고객이 콘텐츠를 빠르게 탐색할 수 있도록 지원하고, 전체적인 서비스 만족도를 지속적으로 향상시킬 예정이다. 또한, 고객 불편 사항을 실질적으로 해결하기 위해 매년 열리는 시청자위원회에서 제시된 의견을 적극 반영할 계획이다.정진이 LG유플러스 미디어사업트라이브장(담당)은 “이번 개편은 LG유플러스만의 차별화된 고객가치인 ‘가장 쓰기 쉬운 TV’가 되기 위해 고객 중심으로 이뤄졌다”며 “앞으로도 최고의 고객 경험을 제공하기 위해 끊임없이 변화하겠다”고 말했다."
https://n.news.naver.com/mnews/article/016/0002511214?sid=105,2025-08-07 11:47:11,IT/과학,"LGU+,  IPTV 실시간 채널환경 개편","UI·UX 개편…시청자위 의견 수렴실시간 채널 기능 통합…접근성↑LG유플러스 직원들이 개편한 IPTV 실시간 채널 화면을 소개하고 있다. [LG유플러스 제공]LG유플러스는 자사 IPTV 서비스 ‘U+tv’ 고객의 실시간 채널 탐색 시간을 단축하기 위해 사용자 인터페이스(UI)·사용자 경험(UX)를 개편했다고 7일 밝혔다.이번 개편은 지난달부터 순차 적용 중이며 올해 안으로 전 고객에게 적용된다.LG유플러스는 고객에게 실질적인 편의를 제공하기 위해 자체 운영 중인 시청자위원회 의견을 매년 수렴하고 있다. 지난해 시청자위원회 조사 결과 실시간 채널의 편의 기능을 이용하기 어렵고, 원하는 콘텐츠를 찾기까지 시간이 오래 걸린 는 의견이 있었다. LG유플러스가 분석한 데이터에 따르면 실시간 채널 시청 비중도 U+tv 고객의 80%에 달했다. 이에 LG유플러스는 U+tv 고객들의 시청 경험을 혁신하기 위해 시청 비중이 높은 ‘실시간 채널’ 개편을 추진했다.우선 실시간 채널의 편의 기능을 한 곳에서 모두 이용하도록 옵션 UI를 개편했다. 흩어져 있던 실시간 채널 기능을 리모컨의 ‘옵션’ 버튼으로 통합해 접근성을 높였다.박세정 기자"
https://n.news.naver.com/mnews/article/008/0005233200?sid=101,2025-08-08 07:25:00,경제,"맞춤 영양제 서비스 '메디코치', LGU+ 유플투쁠 통해 할인 제공","사진제공=트레비앙개인 맞춤 영양제 정기 구독 서비스 '메디코치(MediCoach)'가 LG유플러스 멤버십 '유플투쁠' 프로그램 8월 제휴사로 공식 참여한다.이번 제휴는 LG유플러스와 메디코치 간 디지털 헬스케어 협업의 일환이다. 고객 맞춤형 건강관리 서비스를 보다 폭넓게 제공하기 위해 기획됐다.메디코치는 개인 건강 데이터를 토대로 맞춤 영양제를 설계, 정기 배송하는 서비스다. △건강검진 결과 △복약 이력 △생활습관 등을 분석하고 전문 약사와의 1:1 상담으로 최적의 영양제를 추천한다. 데이터 기반의 정밀 추천 시스템과 실제 약사의 상담을 결합한 게 장점이다. 론칭 3개월 만에 2000명 이상의 상담이 이뤄졌다. 상담을 통해 제공되는 메디코치 영양제 일체는 식품의약품안전처에서 인정한 건강기능식품으로 구성된다. 아울러 GMP(우수 의약품 제조 및 품질 관리 기준) 시설(한미양행·웰레스트)에서 생산된다.LG유플러스 고객이라면 유플투플 프로그램을 이용, 메디코치 서비스 할인을 받을 수 있다. 맞춤 영양제를 3만원 이상 구독 결제하면 최대 1만 원의 할인 혜택을 받을 수 있다. 8월 메디코치 쿠폰 제공일은 오는 19일이다.메디코치 관계자는 ""개인 맞춤형 영양제 선택으로 과복용과 오남용을 없애고 효과적인 영양제 섭취 경험을 제공하는 것이 서비스의 목표""라며 ""이번 LG유플러스와의 협업으로 많은 고객에게 맞춤형 건강관리의 경험을 제공하겠다""고 말했다.메디코치는 교보생명의 사내벤처에서 분사한 헬스케어 스타트업 '트레비앙'이 운영하는 브랜드다. 대형 체인약국 '리드팜(Leadpharm)'과 함께 전국 단위의 약국 상담 인프라를 갖추고 있다."
https://n.news.naver.com/mnews/article/421/0008418247?sid=105,2025-08-08 10:07:46,IT/과학,"[속보] LGU+, 2분기 영업익 3107억 원…전년比 23.1% 증가",LG유플러스 용산사옥 2020.08.24/뉴스1
https://n.news.naver.com/mnews/article/366/0001098933?sid=105,2025-08-08 10:10:09,IT/과학,"LGU+, 2분기 영업익 전년 比 23% 증가한 3107억원... SKT 해킹 사태 반사적 수혜 효과 반영된 덕(종합)","LG유플러스 사옥 전경. /LG유플러스LG유플러스가 SK텔레콤 해킹 사태로 인한 반사적 수혜 효과로 2분기 호실적을 냈다.LG유플러스는 2025년 2분기 연결재무제표 기준 매출이 3조4964억원을 기록, 전년 동기 대비 8.3% 증가했다고 8일 공시했다. 2분기 영업이익은 3107억원으로 전년 대비 23.1% 늘었다.LG유플러스 측은 “무선 사업 매출과 무선 가입회선 증가가 실적에 긍정적 영향을 줬다”라고 설명했다. LG유플러스가 2분기 어닝 서프라이즈를 기록한 배경에는 지난 4월 발생한 SK텔레콤 해킹 사태가 있다. 불안을 느낀 SK텔레콤 가입자들이 경쟁사인 KT와 LG유플러스로 대거 이탈했다. 업계에 따르면 약 80만명이 SK텔레콤에서 이탈한 것으로 알려졌다.2분기 무선 사업 매출은 1조6542억원으로 전년보다 3.8% 늘었다. MNO와 MVNO(알뜰폰)를 합한 전체 무선 가입회선은 전년 동기 대비 9.9% 늘어난 2991만 7000여개로, 총 가입회선 3000만개를 돌파할 전망이다. MNO 가입회선은 전년 동기 대비 5.5% 증가한 2093만여개, 같은 기간 5G 핸드셋 가입회선은 20.5% 증가한 893만개로 집계됐다.초고속 인터넷과 IPTV사업으로 구성된 스마트홈 부문 매출은 인터넷 매출의 견조한 성장으로 전년 대비 2.7% 증가한 6366억원을 기록했다. 유해 사이트 접근을 차단해 보안을 강화하고, 스미싱·피싱 등으로 인한 금전 피해 발생 시 보상까지 제공하는 ‘프리미엄 안심 보상 요금제’가 출시 약 4개월만에 누적 가입자 5만명을 돌파하는 등 안전한 인터넷 사용 환경을 강화한 것이 매출 성장 배경으로 지목된다.또한 올 2분기 초고속 인터넷 매출은 3022억원으로 전년 대비 6.7% 늘었다. 가입 회선도 547만9000개로 같은 기간 4% 증가했다. 특히 500M 속도 이상 상품에 가입한 회선이 81.3%를 차지하며 실적 개선에 힘을 보탰다. IPTV 가입회선은 569만9000개로 전년 동기 대비 3.3% 늘었다.2분기 인터넷데이터센터(IDC)사업은 고객사 입주에 따라 가동률이 상승, 매출이 지속 성장해 전년 대비 5% 증가한 963억원의 매출을 기록했다.마케팅비용은 2분기 단말기 판매량 증가에 따라 지난해 같은 기간 대비 3.5% 늘어난 5401억원을 기록했다. CAPEX(설비투자)는 전년 대비 29.4% 감소한 3933억원을 집행했다.여명희 LG유플러스 최고재무책임자(CFO)는 “이번 분기에도 구조적 원가 경쟁력 개선 활동을 통해 2분기 연속 이익 턴어라운드를 기록할 수 있었다”며 “단통법 폐지 등 시장 불확실성 속에서도 본원적 서비스 경쟁력을 높이고 장기적인 기업 가치 제고를 위한 주주환원을 지속 강화해 나가겠다”라고 했다."
https://n.news.naver.com/mnews/article/014/0005388964?sid=105,2025-08-08 10:16:19,IT/과학,"[속보] LG U+, 2분기 영업익 3045억원…전년比 19.9% ↑",[파이낸셜뉴스]
https://n.news.naver.com/mnews/article/008/0005233299?sid=105,2025-08-08 10:19:44,IT/과학,"LGU+, 2Q 어닝 서프라이즈…영업익 전년比 20%↑","LG유플러스 용산 사옥LG유플러스가 올 2분기 연결기준 매출 3조8444억원, 영업이익 3045억원을 기록했다고 8일 밝혔다. 전년 동기 대비 각각 10%, 19.9% 증가했다. 이는 시장 전망치를 뛰어넘는 수준이다. 금융정보업체 에프앤가이드에 따르면 LG유플러스 2분기 매출 추정치는 3조6815억원, 영업이익 2786억원이었다."
https://n.news.naver.com/mnews/article/031/0000955577?sid=105,2025-08-08 10:21:09,IT/과학,"[속보] LGU+, 2Q 영업익 3045억원…전년比 19.9% ↑","LG유플러스는 연결재무제표 기준 올해 2분기 매출 3조8444억원, 영업이익 3045억원, 당기순이익 2171억원을 기록했다고 8일 공시했다. 지난해 동기 대비 각각 10.0%, 19.9%, 31.9% 증가한 수치다.속보 [사진=아이뉴스24 DB]"
https://n.news.naver.com/mnews/article/016/0002511688?sid=105,2025-08-08 10:21:10,IT/과학,“무선 가입 회선 3000만 달성 눈앞”…LGU+ 2분기 영업익 19.9% ↑,"매출 10%·영업이익 19.9% 상승무선 가입 회선 3000만 달성 눈앞…알뜰폰 6분기 연속 20%대 성장스마트홈 2.7%↑홍범식 LG유플러스 사장. [LG유플러스 제공][헤럴드경제=박세정 기자] LG유플러스가 무선 사업의 지속적인 증가세에 힘 입어 올 2분기 영업이익이 전년보다 20% 가까이 상승했다. 이동통신(MNO), 알뜰폰(MVNO)을 합친 무선 가입 회선은 3000만 달성을 눈앞에 뒀다.8일 LG유플러스는 올 2분기 연결재무제표 기준 매출(영업수익) 3조8444억원, 영업이익 3045억원을 기록했다고 밝혔다. 매출은 전년 동기 대비 10% 늘었고, 영업이익은 19.9% 증가했다.영업수익에서 단말수익을 제외한 서비스 수익은 2.5% 증가한 3조164억원을 기록했다.세부적으로 2분기 무선 사업은 MNO 및 MVNO 가입회선 순증과 5G 핸드셋 가입 비중 증가에 힘입어 전년 동기 대비 3.8% 늘어난 1조6542억원을 기록했다. 모바일 서비스수익은 1조 5856억원으로 전년 대비 4.3% 증가했다.MNO와 MVNO를 합한 전체 무선 가입 회선은 지난해 2분기 대비 9.9% 늘어난 2991만7000여개다. 총 가입 회선 3000만개 달성을 눈앞에 두고 있다. MNO 가입 회선은 작년 동기 대비 5.5% 증가한 2093만여개, 5G 핸드셋 가입 회선은 20.5% 증가한 893만개로 집계됐다.전체 MNO 핸드셋 가입자 대비 5G 핸드셋 가입자 비중은 79.9%로 작년 동기 대비 약 12.2%p 늘었다.MVNO 가입회선의 가파른 증가세도 이어졌다. 2분기 MVNO 회선은 898만7000회선으로 지난해 동기 대비 21.7% 증가하며 6개 분기 연속 20% 이상 성장을 달성했다.LG유플러스 용산 사옥 [LG유플러스 제공]초고속 인터넷과 IPTV사업으로 구성된 스마트홈 부문은 2.7% 증가한 6366억원의 매출을 달성했다.다. 특히 ‘프리미엄 안심 보상 요금제’가 출시 약 4개월 만에 누적 가입자 5만명을 달성하는 등 안전한 인터넷 사용 환경을 강화한 것이 매출 성장 배경이라고 회사 측은 설명했다.IPTV사업 매출은 온라인동영상플랫폼(OTT) 이용률 증가, 홈쇼핑 이용률 감소 등 대외 요인에도 불구하고 꾸준히 가입 회선을 확보하며 지난해 2분기 3349억원과 유사한 3305억원을 기록했다.인터넷데이터센터(IDC), 설루션, 기업 회선 등 사업이 포함된 기업인프라 부문 매출은 자회사인 ‘LG유플러스볼트업’에 EV충전사업을 양도하는 등으로 인해 지난해 같은 기간 대비 0.3% 감소한 4277억원을 기록했다.2분기 IDC사업은 고객사 입주에 따라 가동률이 상승, 매출이 지속 성장해 작년 동기 대비 5% 증가한 963억원의 매출을 달성했다.AICC, 스마트모빌리티 등 B2B 신사업을 포함하고 있는 설루션 사업은 기존에 포함된 EV충전사업을 LG유플러스볼트업에 양도하며 지난해 2분기 대비 1.9% 감소, 1260억원의 매출을 기록했다.여명희 LG유플러스 최고재무책임자/최고리스크책임자(CFO/CRO)는 “이번 분기에도 구조적 원가 경쟁력 개선 활동을 통해 2분기 연속 이익 턴어라운드를 기록할 수 있었다”며 “단통법 폐지 등 시장 불확실성 속에서도 본원적 서비스 경쟁력을 확고히 하고 장기적인 기업 가치 제고를 위한 주주환원을 지속 강화해 나가겠다”고 말했다."
https://n.news.naver.com/mnews/article/277/0005634634?sid=105,2025-08-08 10:26:00,IT/과학,SKT 해킹 반사효과 누린 LGU+…2분기 영업익 20% 증가,"매출 3.8조…전년 比 10% 증가무선 가입회선수 3000만개 눈앞홍범식 LG유플러스 사장 연합뉴스LG유플러스가 올해 2분기 매출액 10%, 영업이익은 20% 증가하는 호실적을 달성했다. 지난 4월 SK텔레콤 해킹 사고 여파로 인한 가입자 증가세 등이 긍정적인 영향을 미쳤다.LG유플러스는 2025년 2분기 연결기준 매출액은 3조8444억원, 영업이익 3045억원을 기록해 지난해 같은 기간과 비교해 각각 10%, 19.9% 증가했다고 8일 밝혔다. 이로써 LG유플러스는 지난 1분기에 이어 2분기에도 실적 턴어라운드를 달성하며 두 분기 연속 실적 개선 흐름을 이어가게 됐다.2분기 무선사업 부문 매출은 전년 동기보다 3.8% 늘어난 1조6542억원을 기록했다. 알뜰폰을 포함한 LG유플러스 무선 가입회선 수가 지난해 2분기보다 9.9% 늘어난 2991만7000여개로 총 가입회선 3000만개 돌파를 눈앞에 두고 있다. 특히 5G 가입회선이 893만개로 20.5% 증가하면서 무선사업 매출 성장세를 이끌었다.초고속인터넷 매출은 3022억원으로 전년 동기 대비 6.7% 늘었다. 가입 회선도 547만9000개로 같은 기간 4% 상승했다. 특히 500M 속도 이상 상품에 가입한 회선이 81.3%를 차지하며 실적 개선에 힘을 보탰다."
https://n.news.naver.com/mnews/article/001/0015555742?sid=101,2025-08-08 10:28:59,경제,LGU+ 2분기 실적 호조…영업익 3천억원 돌파(종합),"AI 기반 효율화·가입자 증가…당기순익도 31.9% 급증LG유플러스[LG유플러스 제공](서울=연합뉴스) 박형빈 기자 = LG유플러스는 연결 기준 올해 2분기 영업이익이 3천45억원으로 지난해 동기보다 19.9% 증가했다고 8일 밝혔다.매출은 3조8천444억원으로 작년 동기 대비 10% 증가했다. 당기순이익은 2천171억원으로 31.9% 늘었다.이번 영업이익은 연합인포맥스가 집계한 시장 전망치 2천836억원을 7.4% 상회했다.LG유플러스는 자원의 효율적 재배치, 인공지능(AI)을 활용한 생산성 향상 및 상품 차별화, 가입자 성장을 통한 매출 확대 등이 이번 실적을 견인했다고 분석했다.2분기 무선 사업은 가입자 순증과 5G 핸드셋 가입 비중 증가로 전년 동기 대비 3.8% 늘어난 1조6천542억원의 이익을 거뒀다. 접속수익을 제외한 모바일 서비스 수익은 작년보다 4.3% 증가한 1조5천856억원이다.이동통신(MNO)과 알뜰폰(MVNO)을 합한 전체 무선 가입 회선 수는 2천991만7천여개로 전년 동기 대비 9.9% 증가해 3천만개 달성을 앞뒀다. 특히 알뜰폰 회선이 지난해 동기 대비 21.7% 증가해 898만7천개로 6개 분기 연속 20% 이상 성장했다.이동통신 해지율은 지난해 같은 기간에 비해 0.07%포인트, 직전 분기 대비 0.03%포인트 개선된 1.06%를 기록했다.스마트홈 부문은 인터넷 매출 증가에 힘입어 지난해 2분기 대비 2.7% 증가한 6천366억으로 나타났다.세부적으로 초고속인터넷 매출은 3천22억원으로 전년 동기 대비 6.7% 늘었고, IPTV 사업 매출은 작년 2분기 3천349억원과 유사한 3천305억원을 기록했다.인터넷데이터센터(IDC), 솔루션, 기업 회선 등 사업이 포함된 기업 인프라 부문 매출은 자회사인 LG유플러스볼트업에 EV충전사업을 양도한 영향 등으로 지난해 동기 대비 0.3% 감소한 4천277억원으로 집계됐다.하지만 IDC 사업 매출은 고객사 입주에 따라 가동률이 상승해 작년 동기 대비 5% 증가한 963억원을 기록했다.이번 분기 마케팅 비용은 단말기 판매량 증가에 따라 작년 동기 대비 3.5% 늘어난 5천401억원으로 집계됐다. CAPEX(설비투자)는 지난해 2분기에 비해 29.4% 감소한 3천933억원을 집행했다.여명희 LG유플러스 최고재무책임자(CFO)는 ""이번 분기에도 구조적 원가 경쟁력 개선 활동을 통해 2분기 연속 이익 턴어라운드를 기록할 수 있었다""며 ""단통법 폐지 등 시장 불확실성 속에서도 본원적 서비스 경쟁력을 확고히 하고 장기적인 기업 가치 제고를 위한 주주환원을 지속 강화해 나가겠다""고 말했다.binzz@yna.co.kr"
https://n.news.naver.com/mnews/article/421/0008418357?sid=105,2025-08-08 10:32:38,IT/과학,LGU+ 2분기 '어닝 서프라이즈'…영업익 3000억 원 돌파(상보),"2분기 매출 2.6%·영업이익 19.2% 증가…컨센서스 상회LG유플러스 용산사옥 2020.08.24/뉴스1(서울=뉴스1) 김정현 기자 = LG유플러스(032640)가 올해 2분기 영업이익이 3000억 원을 돌파하며 '어닝 서프라이즈'를 기록했다.LG유플러스는 8일 2025년 2분기 매출 3조 8444억 원, 영업이익 3045억 원을 시현했다고 공시했다. 매출과 영업이익 모두 각각 전년 동기 대비 2.6%, 19.2% 증가했다. 매출에서 단말수익을 제외한 소비스수익은 같은 기간 2.5% 늘어난 3조 164억 원을 기록했다.영업이익은 증권가 컨센서스(영업이익 전망치)인 2749억 원을 크게 웃도는 수치다.LG유플러스는 지난 1분기에 이어 2분기에도 실적 턴어라운드를 달성하며 두 분기 연속 실적 개선 흐름을 이어가게 됐다.마케팅비용은 단말기 판매량 증가에 따라 지난해 같은 기간 대비 3.5% 늘어난 5401억원을 기록했다. 서비스수익대비 마케팅비용 비중은 전년 동기와 유사한 19.2%였다.2분기 무선 사업 매출은 이동통신(MNO) 및 알뜰폰(MVNO) 가입회선 순증과 5G 핸드셋 가입 비중 증가에 힘입어 전년 동기 대비 3.8% 늘어난 1조 6542억 원을 기록했다. 접속수익을 제외한 모바일 서비스수익은 1조 5856억 원으로 전년 대비 4.3% 증가했다.MNO 가입회선은 작년 동기 대비 5.5% 증가한 2093만여 개, 같은 기간 5G 핸드셋 가입회선은 20.5% 증가한 893만 개로 집계됐다. 2분기 MVNO 회선은 898만 7000회선으로 지난해 동기 대비 21.7% 증가하며 6개 분기 연속 20% 이상 성장을 달성했다.초고속 인터넷과 IPTV사업으로 구성된 스마트홈 부문은 인터넷 매출의 견조한 성장으로 지난해 2분기 대비 2.7% 증가한 6366억 원의 매출을 달성했다. 초고속 인터넷 가입회선은 547만 9000개로 4% 증가했으며, IPTV회선도 3.3% 늘어난 569만 9000개를 기록했다.LG유플러스가 자회사인 'LG유플러스볼트업'에 EV충전사업을 양도하며 기업인프라 부문과 솔루션사업 매출 모두 각각 전년 동기 대비 0.3%, 1.9% 감소한 4277억 원, 1260억 원에 그쳤다.LG유플러스가 자회사인 'LG유플러스볼트업'에 EV충전사업을 양도한 탓이다.다만 2분기 IDC사업은 고객사 입주에 따라 가동률이 상승, 매출이 지속 성장해 작년 동기 대비 5% 증가한 963억 원의 매출을 달성했다.여명희 LG유플러스 최고재무책임자·최고리스크책임자(CFO·CRO)는 ""이번 분기에도 구조적 원가 경쟁력 개선 활동을 통해 2분기 연속 이익 턴어라운드를 기록할 수 있었다""며 ""단통법 폐지 등 시장 불확실성 속에서도 본원적 서비스 경쟁력을 확고히하고 장기적인 기업 가치 제고를 위한 주주환원을 지속 강화해 나가겠다""고 말했다."
https://n.news.naver.com/mnews/article/029/0002974163?sid=105,2025-08-08 10:37:33,IT/과학,"LGU+, 2분기 영업익 19.9%↑…무선 가입회선 3000만 달성 ‘코앞’","LG유플러스 용산사옥 젼경.LG유플러스가 올 2분기 SK텔레콤 해킹 사고 여파로 인한 가입자 증가세와 자원의 재배치 영향 등으로 호실적을 기록했다. 특히 무선 가입회선 3000만 달성을 목전에 뒀다.LG유플러스는 올 2분기 연결 기준 매출 3조8444억원, 영업이익 3045억원을 기록했다고 8일 밝혔다. 이는 전년 동기 대비 각각 10%, 19.9% 늘어난 수치다. 이로 인해 LG유플러스는 1분기에 이어 2분기에도 실적 턴어라운드를 달성하면서 두 분기 연속 실적 개선 흐름을 이어갔다.부문별로 2분기 무선 사업은 가입회선 순증과 5G 핸드셋 가입 비중 증가에 힘입어 전년 동기 대비 3.8% 늘어난 1조6542억원을 기록했다. 접속수익을 제외한 모바일 서비스수익은 1조5856억원으로 전년 대비 4.3% 증가했다. 전체 무선 가입회선은 지난해 2분기 대비 9.9% 늘어난 2991만7000여개로, 총 가입회선 3000만개 달성을 눈앞에 두고 있다.같은 기간 5G 가입자는 20.5% 증가한 893만개로 집계됐다. 이는 전체 비중의 79.9%로 작년 동기 대비 약 12.2%포인트 늘었다. 2분기 알뜰폰(MVNO) 회선은 898만7000회선으로 지난해 동기 대비 21.7% 증가하며 6개 분기 연속 20% 이상 성장을 달성했다.마케팅비용은 단말기 판매량 증가에 따라 지난해 같은 기간 대비 3.5% 늘어난 5401억원을 기록했다. 설비투자(CAPEX)는 지난해 2분기에 비해 29.4% 감소한 3933억원을 집행했다.스마트홈 부문은 인터넷 매출의 견조한 성장으로 지난해 2분기 대비 2.7% 증가한 6366억원의 매출을 달성했다. 올 2분기 초고속인터넷 매출은 3022억원으로 전년 동기 대비 6.7% 늘었다. 가입 회선도 547만9000개로 같은 기간 4% 상승했다. IPTV사업 매출은 전년 동기 대비 3349억원과 유사한 3305억원을 기록했다.IDC(인터넷데이터센터), 솔루션, 기업회선 등 사업이 포함된 기업인프라 부문 매출은 자회사인 ‘LG유플러스볼트업’에 EV충전사업을 양도한 영향으로 지난해 같은 기간 대비 0.3% 감소한 4277억원을 기록했다. 2분기 IDC사업은 전년 동기 대비 5% 증가한 963억원의 매출을 달성했다.여명희 LG유플러스 최고재무책임자·최고리스크책임자(CFO·CRO)는 “단통법 폐지 등 시장 불확실성 속에서도 본원적 서비스 경쟁력을 확고히하고 장기적인 기업 가치 제고를 위한 주주환원을 지속 강화해 나가겠다”고 말했다."
https://n.news.naver.com/mnews/article/138/0002202354?sid=105,2025-08-08 10:38:20,IT/과학,"LGU+, 2분기 영업익 3045억원...전년比 20%↑ “반사이익 톡톡”","[ⓒLG유플러스][디지털데일리 오병훈기자] LG유플러스(대표 홍범식)는 올해 2분기 연결재무제표 기준 매출 3조8444억원, 서비스수익(매출에서 단말수익 제외) 3조164억원, 영업이익 3045억원을 기록했다고 8일 밝혔다. 각각 전년 동기 대비 10%, 2.6%, 19.9% 증가한 값이다.LG유플러스는 실적 개선의 배경으로 자원 효율적 재배치, AI를 활용한 생산성 향상 및 상품 차별화, 견조한 가입자 성장을 통한 안정적인 매출 확대 등을 꼽았다. LG유플러스는 지난 1분기에 이어 2분기에도 실적 턴어라운드를 달성하며 두 분기 연속 실적 개선 흐름을 이어가게 됐다.마케팅비용은 단말기 판매량 증가에 따라 지난해 같은 기간 대비 3.5% 늘어난 5401억원을 기록했다. 서비스수익대비 마케팅비용 비중은 전년 동기와 유사한 19.2%로 나타났다. CAPEX(설비투자)는 지난해 2분기에 비해 29.4% 감소한 3933억원을 집행했다.◆무선 가입 회선 3000만 눈앞, MVNO 6개 분기 연속 성장2분기 무선 사업은 이동통신(MNO) 및 알뜰폰(MVNO) 가입회선 순증과 5G 핸드셋 가입 비중 증가에 힘입어 전년 동기 대비 3.8% 늘어난 1조6542억원을 기록했다. 접속수익을 제외한 모바일 서비스수익은 1조 5856억원으로 전년 대비 4.3% 증가했다.MNO와 MVNO를 합한 전체 무선 가입회선은 지난해 2분기 대비 9.9% 늘어난 2991만 7000여개로, 총 가입회선 3000만개 달성을 눈앞에 두고 있다. MNO 가입회선은 작년 동기 대비 5.5% 증가한 2093만여개, 같은 기간 5G 핸드셋 가입회선은 20.5% 증가한 893만개로 집계됐다.전체 MNO 핸드셋 가입자 대비 5G 핸드셋 가입자 비중은 79.9%로 작년 동기 대비 약 12.2%p(포인트) 늘었다. 또한 MNO 해지율은 지난해 같은 기간에 비해 0.07%p, 직전 분기 대비 0.03%p 개선된 1.06%를 기록하며 질적성장을 이어가고 있다.MVNO 가입회선 증가세도 이어졌다. 2분기 MVNO 회선은 898만 7000회선으로 지난해 동기 대비 21.7% 증가하며 6개 분기 연속 20% 이상 성장률을 달성했다.◆초고속 인터넷 견조한 성장, 스마트홈 부문 매출 전년比 2.7%↑초고속 인터넷과 인터넷TV(IPTV)사업으로 구성된 스마트홈 부문은 인터넷 매출의 견조한 성장으로 지난해 2분기 대비 2.7% 증가한 6366억원 매출을 달성했다. 유해 사이트 접근을 차단해 보안을 강화하고, 스미싱·피싱 등으로 인한 금전 피해 발생 시 보상까지 제공하는 ‘프리미엄 안심 보상 요금제’가 출시 약 4개월만에 누적 가입자 5만명을 달성하는 등 안전한 인터넷 사용 환경을 강화한 것이 매출 성장 배경으로 지목된다.세부적으로 올 2분기 초고속인터넷 매출은 3022억원으로 전년 동기 대비 6.7% 늘었다. 가입 회선도 547만 9000개로 같은 기간 4% 상승했다. 특히 500M 속도 이상 상품에 가입한 회선이 81.3%를 차지하며 실적 개선에 힘을 보탰다.IPTV사업 매출은 온라인동영상서비스(OTT) 이용률 증가, 홈쇼핑 이용률 감소 등 대외 요인에도 불구하고 꾸준히 가입회선을 확보하며 지난해 2분기 3349억원과 유사한 3305억원을 기록했다. IPTV 가입회선은 569만9000개로 전년 동기 대비 3.3% 늘었으며, 순증 가입회선은 125.9% 증가한 8만 9000개로 집계됐다.◆전기차 충전사업 양도, 인프라 매출 0.3% 감소…IDC 사업 매출은 5%↑IDC(인터넷데이터센터), 솔루션, 기업회선 등 사업이 포함된 기업인프라 부문 매출은 자회사인 ‘LG유플러스볼트업’에 EV충전사업을 양도한 영향으로 등으로 같은 기간 전년 대비 0.3% 감소한 4277억원을 기록했다.2분기 IDC사업은 고객사 입주에 따라 가동률이 상승, 매출이 지속 성장해 작년 동기 대비 5% 증가한 963억원의 매출을 달성했다. LG유플러스는 올해 2월에 ‘케이스퀘어 데이터센터 가산’ 위탁운영계약을 체결한 데 이어, 향후 코람코자산운용이 추진하는 복수의 데이터센터 시설 및 임차기업 관리를 총괄 운영하는 등 IDC 관련 실적 및 노하우를 쌓을 방침이다.인공지능 콘택트센터(AICC), 스마트모빌리티 등 기업 간 거래(B2B) 신사업을 포함하고 있는 솔루션사업은 기존에 포함된 EV충전사업을 LG유플러스볼트업에 양도하며 지난해 2분기 대비 1.9% 감소, 1260억원 매출을 기록했다. LG유플러스볼트업은 현재 완속 충전 시장 내 4위 사업자의 입지를 확보했으며, 완속 충전기 신규 설치 대수 1위를 기록하는 등 가파른 성장세를 이어가고 있다.여명희 LG유플러스 최고재무책임자·최고리스크책임자(CFO·CRO)는 “이번 분기에도 구조적 원가 경쟁력 개선 활동을 통해 2분기 연속 이익 턴어라운드를 기록할 수 있었다”며 “단통법 폐지 등 시장 불확실성 속에서도 본원적 서비스 경쟁력을 확고히하고 장기적인 기업 가치 제고를 위한 주주환원을 지속 강화하겠다”고 말했다."
https://n.news.naver.com/mnews/article/422/0000768635?sid=105,2025-08-08 10:38:20,IT/과학,"LGU+, 2분기 '깜짝 실적'…""차별화된 AI 서비스로 경쟁""","LG유플러스 [연합뉴스 자료사진]LG유플러스는 연결 기준 올해 2분기 영업이익이 3,045억원으로 지난해 동기보다 19.9% 증가한 것으로 잠정 집계됐다고 오늘(8일) 공시했습니다.매출은 3조8,444억원으로 작년 동기 대비 10% 증가했고, 순이익은 2,171억원으로 31.9% 늘었습니다.이번 영업이익은 연합인포맥스가 집계한 시장 전망치 2,836억원을 7.4% 상회했습니다.회사 측은 실적 개선의 배경으로 자원의 효율적 재배치, AI를 활용한 생산성 향상 및 상품 차별화, 견조한 가입자 성장을 통한 안정적인 매출 확대 등을 꼽았습니다.2분기 무선 사업은 가입자 순증과 5G 핸드셋 가입 비중 증가로 전년 동기 대비 3.8% 늘어난 1조6,542억원의 이익을 거뒀습니다.여명희 LG유플러스 최고재무책임자/최고리스크책임자(CFO/CRO)는 “이번 분기에도 구조적 원가 경쟁력 개선 활동을 통해 2분기 연속 이익 턴어라운드를 기록할 수 있었다”며 “단통법 폐지 등 시장 불확실성 속에서도 본원적 서비스 경쟁력을 확고히하고 장기적인 기업 가치 제고를 위한 주주환원을 지속 강화해 나가겠다”고 말했습니다.LG유플러스는 향후 차별화된 AI 서비스로 경쟁에 나서겠다는 방침입니다.강진욱 LG유플러스 모바일디지털혁신그룹장 상무는 실적 컨퍼런스 콜에서 ""단통법 폐지 당일을 제외하면 눈에 띄는 변화가 없지만, 경쟁사의 가입자 회복 시도, 아이폰 신제품 출시 등 가변적인 상황""이라며 ""휴대폰 가격이 아닌 차별화된 AI 서비스로 경쟁하겠다""고 말했습니다.LG그룹 AI연구원이 AI 국가대표 정예팀 중 하나로 선정됐는데, LG유플러스는 컨소시엄으로 함께 참전했습니다.LG유플러스 측은 '독자 AI 파운데이션 모델' 사업참여에 대해 ""LG유플러스 역시 AI 모델 개발에 직접 참여하며, 실질적이고 차별화된 AI 활용 사례를 발굴해 산업·사회·경제적인 파급 효과를 창출할 것""이라고 설명했습니다.#LG유플러스 #AI연합뉴스TV 기사문의 및 제보 : 카톡/라인 jebo23"
https://n.news.naver.com/mnews/article/014/0005388985?sid=105,2025-08-08 10:38:22,IT/과학,"LG U+, 2분기 영업익 20% 늘었다…무선사업·초고속인터넷 성장","LG유플러스 용산 사옥.[파이낸셜뉴스] LG유플러스는 올해 2·4분기 매출 3조 8444억원, 영업이익 3045억원을 기록했다고 8일 밝혔다.매출과 영업이익은 전년 동기 대비 각각 10%, 19.9% 증가했다.LG유플러스는 자원의 효율적 재배치, 인공지능(AI)을 활용한 생산성 향상 및 상품 차별화, 견조한 가입자 성장을 통한 안정적인 매출 확대 등으로 실적이 개선됐다고 설명했다.무선 가입 회선 3천만 달성 눈앞마케팅비용은 단말기 판매량 증가에 따라 지난해 같은 기간 대비 3.5% 늘어난 5401억원을 기록했다. 서비스수익대비 마케팅비용 비중은 전년 동기와 유사한 19.2%를 나타냈다. 설비투자(CAPEX) 전년 동기보다 29.4% 감소한 3933억원을 집행했다.2·4분기 무선 사업은 이동통신(MNO) 및 알뜰폰(MVNO) 가입회선 순증과 5세대(G) 핸드셋 가입 비중 증가에 힘입어 전년 동기 대비 3.8% 늘어난 1조 6542억원을 기록했다. 접속수익을 제외한 모바일 서비스수익은 1조 5856억원으로 전년 대비 4.3% 증가했다.MNO와 MVNO를 합한 전체 무선 가입회선은 지난해 2분기 대비 9.9% 늘어난 2991만 7000여개로, 총 가입회선 3000만개에 육박했다. MNO 가입회선은 지난해 같은 기간 대비 5.5% 증가한 2093만여개, 같은 기간 5G 핸드셋 가입회선은 20.5% 증가한 893만개로 집계됐다.전체 MNO 핸드셋 가입자 대비 5G 핸드셋 가입자 비중은 79.9%로 전년 동기 대비 약 12.2%p 늘었다. MNO 해지율은 지난해 같은 기간에 비해 0.07%p, 직전 분기 대비 0.03%p 개선된 1.06%를 기록했다.MVNO 가입회선의 가파른 증가세도 이어졌다. 2·4분기 MVNO 회선은 898만 7000회선으로 지난해 동기 대비 21.7% 증가하며 6개 분기 연속 20% 이상 성장을 달성했다.초고속 인터넷과 IPTV사업으로 구성된 스마트홈 부문은 인터넷 매출의 견조한 성장으로 지난해 2·4분기 대비 2.7% 증가한 6366억원의 매출을 달성했다. 유해 사이트 접근을 차단해 보안을 강화하고, 스미싱·피싱 등으로 인한 금전 피해 발생 시 보상까지 제공하는 ‘프리미엄 안심 보상 요금제’가 출시 약 4개월만에 누적 가입자 5만명을 달성하는 등 안전한 인터넷 사용 환경을 강화한 영향이라고 LG유플러스는 설명했다.실제 2·4분기 초고속인터넷 매출은 3022억원으로 전년 동기 대비 6.7% 늘었다. 가입 회선도 547만 9000개로 같은 기간 4% 상승했다. 특히 500메가 속도 이상 상품에 가입한 회선이 81.3%를 차지했다.인터넷TV(IPTV)사업 매출은 온라인동영상서비스(OTT) 이용률 증가, 홈쇼핑 이용률 감소 등 대외 요인에도 꾸준히 가입회선을 확보하며 지난해 2·4분기 3349억원과 유사한 3305억원을 기록했다. IPTV 가입회선은 569만 9000개로 전년 동기 대비 3.3% 늘었다. 순증 가입회선은 125.9% 증가한 8만 9000개로 집계됐다.IDC 사업 매출도 5% 증가인터넷데이터센터(IDC), 솔루션, 기업회선 등 사업이 포함된 기업인프라 부문 매출은 자회사인 ‘LG유플러스볼트업’에 EV충전사업을 양도하는 등으로 인해 지난해 같은 기간 대비 0.3% 감소한 4277억원을 기록했다.2·4분기 IDC사업은 고객사 입주에 따라 가동률이 상승, 매출이 지속 성장해 전년 동기 대비 5% 증가한 963억원의 매출을 달성했다. LG유플러스는 올해 2월에 ‘케이스퀘어 데이터센터 가산’ 위탁운영계약을 체결한 데 이어, 향후 코람코자산운용이 추진하는 복수의 데이터센터 시설 및 임차기업 관리를 총괄 운영하는 등 IDC 관련 실적 및 노하우를 쌓아갈 예정이다.인공지능 고객센터(AICC), 스마트모빌리티 등 기업간거래(B2B) 신사업을 포함하고 있는 솔루션사업은 기존에 포함된 EV충전사업을 LG유플러스볼트업에 양도하며 지난해 2·4분기 대비 1.9% 감소, 1260억원의 매출을 기록했다.여명희 LG유플러스 최고재무책임자 겸 최고리스크책임자(CFO·CRO)는 “이번 분기에도 구조적 원가 경쟁력 개선 활동을 통해 2분기 연속 이익 턴어라운드를 기록할 수 있었다”며 “단말기 통신법 폐지 등 시장 불확실성 속에서도 본원적 서비스 경쟁력을 확고히 하고 장기적인 기업 가치 제고를 위한 주주환원을 지속 강화해 나가겠다”고 말했다."
https://n.news.naver.com/mnews/article/277/0005634660?sid=105,2025-08-08 10:41:54,IT/과학,'SKT 반사이익' LG유플러스…영업익 20%↑ 회선수 3000만(종합),"LGU+, 2025년 2분기 경영실적 발표매출 10% 증가한 3.8조…영업이익 3045억5G 가입회선 20% 증가…IDC 사업 호조LG유플러스의 올해 2분기 영업이익이 지난해보다 20% 증가하며 실적 개선 흐름을 지속하고 있다. 지난 4월 SK텔레콤 해킹 사고 여파로 인한 가입자 유입과 데이터센터 사업 성장세 등이 반영됐다.홍범식 LG유플러스 사장LG유플러스는 2025년 2분기 연결기준 매출액은 3조8444억원, 영업이익 3045억원을 기록해 지난해 같은 기간과 비교해 각각 10%, 19.9% 증가했다고 8일 밝혔다. 이로써 LG유플러스는 지난 1분기에 이어 2분기에도 실적 턴어라운드를 달성하며 두 분기 연속 실적 개선세를 나타냈다.2분기 무선사업 부문 매출은 전년 동기보다 3.8% 늘어난 1조6542억원을 기록했다. 알뜰폰을 포함한 LG유플러스 무선 가입회선수가 지난해 2분기보다 9.9% 증가한 2991만7000여개로 총 가입회선 3000만개 돌파를 눈앞에 두고 있다. 특히 5G 가입회선이 893만개로 20.5% 증가하면서 무선사업 매출 성장세를 이끌었다.초고속 인터넷과 인터넷TV(IPTV) 사업으로 구성된 스마트홈 부문은 지난해 2분기 대비 2.7% 증가한 6366억원의 매출을 달성했다.특히 초고속인터넷 매출이 3022억원으로 전년 동기 대비 6.7% 늘었다. 가입 회선도 547만9000개로 같은 기간 4% 상승했다. 특히 500M 속도 이상 상품에 가입한 회선이 81.3%를 차지하며 실적 개선에 힘을 보탰다.IPTV사업 매출은 지난해 2분기 3349억원과 유사한 3305억원을 기록했다. IPTV 가입회선은 569만9000개로 전년 동기 대비 3.3% 늘었다.기업인프라 부문 매출은 자회사인 'LG유플러스볼트업'에 전기차 충전사업을 양도하는 등으로 인해 지난해 같은 기간 대비 0.3% 감소한 4277억원을 기록했다.다만 인터넷데이터센터(IDC) 사업은 고객사 입주에 따라 가동률이 상승하고 매출이 성장해 작년 동기 대비 5% 증가한 963억원의 매출을 달성했다.LG유플러스는 지난 2월 '케이스퀘어 데이터센터 가산' 위탁운영계약을 체결한 데 이어, 향후 코람코자산운용이 추진하는 복수의 데이터센터 시설 및 임차기업 관리를 총괄 운영하는 등 IDC 사업에 힘을 실을 예정이다.마케팅비용은 단말기 판매량 증가에 따라 지난해 같은 기간 대비 3.5% 늘어난 5401억원을 기록했다. 설비투자(CAPEX)는 지난해 2분기에 비해 29.4% 감소한 3933억원을 집행했다.여명희 LG유플러스 최고재무책임자/최고리스크책임자(CFO/CRO)는 ""이번 분기에도 구조적 원가 경쟁력 개선 활동을 통해 2분기 연속 이익 턴어라운드를 기록할 수 있었다""고 밝혔다. 그는 ""단통법 폐지 등 시장 불확실성 속에서도 본원적 서비스 경쟁력을 확고히하고 장기적인 기업 가치 제고를 위한 주주환원을 지속 강화해 나가겠다""고 말했다."
https://n.news.naver.com/mnews/article/092/0002385370?sid=105,2025-08-08 10:42:20,IT/과학,"LGU+, 2분기 영업익 3045억…전년비 20%↑","무선·스마트홈 부문 각각 3.8%, 2.7% 성장…기업인프라 부문 0.3% 감소LG유플러스는 2분기 연결 기준 매출 3조8천444억원, 영업이익 3천45억원을 기록했다고 8일 공시했다.전년 동기 대비 매출과 영업이익은 각각 10%, 19.9% 증가했으며, 서비스 매출은 2.5% 성장했다.단말 매출을 제외한 서비스 매출은 3조164억원이다.회사는 매출 성장 요인으로 ▲자원의 효율적 재배치 ▲AI를 활용한 생산성 향상 및 상품 차별화 ▲견조한 가입자 성장 등을 꼽았다. 이로 인해 LG유플러스는 지난 1분기에 이어 2분기에도 실적 턴어라운드를 달성하며 두 분기 연속 실적 개선 흐름을 이어가게 됐다.마케팅비용은 단말기 판매량 증가에 따라 지난해 같은 기간 대비 3.5% 늘어난 5천401억원을 기록했다. 서비스 매출 대비 마케팅비용 비중은 전년 동기와 유사한 19.2%로 효율적인 집행을 이어가고 있다. 설비투자(CAPEX)는 지난해 2분기에 비해 29.4% 감소한 3천933억원을 집행했다.무선 사업 매출 3.8% 성장…가입자 늘고 5G 비중 증가한 영향사업 부문별로 보면, 무선 사업은 MNO·MVNO 가입회선 순증과 5G 핸드셋 가입 비중 증가에 힘입어 전년 동기 대비 3.8% 늘어난 1조6천542억원을 기록했다. 접속 매출을 제외한 모바일 서비스 매출은 1조5천856억원으로 전년 대비 4.3% 증가했다.MNO와 MVNO를 합한 전체 무선 가입회선은 지난해 2분기 대비 9.9% 늘어난 2천991만7천여개로, 총 가입회선 3천만개 달성을 눈앞에 두고 있다.MNO 가입회선은 작년 동기 대비 5.5% 증가한 2천93만여개, 같은 기간 5G 핸드셋 가입회선은 20.5% 증가한 893만개로 집계됐다.전체 MNO 핸드셋 가입자 대비 5G 핸드셋 가입자 비중은 79.9%로 작년 동기 대비 약 12.2%p 늘었다. 또한 MNO 해지율은 지난해 같은 기간에 비해 0.07%p, 직전 분기 대비 0.03%p 개선된 1.1%를 기록하며 질적성장을 이어가고 있다.MVNO 가입회선의 가파른 증가세도 이어졌다. 2분기 MVNO 회선은 898만7천건으로 지난해 동기 대비 21.7% 증가하며 6개 분기 연속 20% 이상 성장을 달성했다.스마트홈 부문 매출 2.7%↑…초고속 인터넷 실적 성장 영향초고속 인터넷과 IPTV사업으로 구성된 스마트홈 부문은 인터넷 매출의 견조한 성장으로 지난해 2분기 대비 2.7% 증가한 6천366억원의 매출을 달성했다. 유해 사이트 접근을 차단해 보안을 강화하고, 스미싱·피싱 등으로 인한 금전 피해 발생 시 보상까지 제공하는 ‘프리미엄 안심 보상 요금제’가 출시 약 4개월만에 누적 가입자 5만명을 달성하는 등 안전한 인터넷 사용 환경을 강화한 것이 매출 성장 배경으로 지목된다.올 2분기 초고속인터넷 매출은 3천22억원으로 전년 동기 대비 6.7% 늘었다. 가입 회선도 547만9천개로 같은 기간 4% 상승했다. 특히 500M 속도 이상 상품에 가입한 회선이 81.3%를 차지하며 실적 개선에 기여했다.IPTV사업 매출은 OTT 이용률 증가, 홈쇼핑 이용률 감소 등 대외 요인에도 불구하고 꾸준히 가입회선을 확보하며 지난해 2분기(3천349억원)와 유사한 3천305억원을 기록했다. IPTV 가입회선은 569만9천개로 전년 동기 대비 3.3% 늘었으며, 순증 가입회선은 125.9% 증가한 8만 9천개로 집계됐다.기업인프라 매출 0.3% 감소했으나, IDC 매출 5% 성장인터넷데이터센터(IDC), 솔루션, 기업회선 등 사업이 포함된 기업인프라 부문 매출은 자회사인 ‘LG유플러스볼트업’에 EV충전사업을 양도하는 등으로 인해 지난해 같은 기간 대비 0.3% 감소한 4천277억원을 기록했다.2분기 IDC사업은 고객사 입주에 따라 가동률이 상승, 매출이 지속 성장해 작년 동기 대비 5% 증가한 963억원의 매출을 달성했다.LG유플러스는 향후 코람코자산운용이 추진하는 복수의 데이터센터 시설 및 임차기업 관리를 총괄 운영하는 등 IDC 관련 실적 및 노하우를 쌓아갈 예정이다.AICC, 스마트모빌리티 등 B2B 신사업을 포함하고 있는 솔루션사업은 기존에 포함된 EV충전사업을 LG유플러스볼트업에 양도하며 지난해 2분기 대비 1.9% 감소, 1천260억원의 매출을 기록했다.LG유플러스볼트업은 현재 완속 충전 시장 내 4위 사업자의 입지를 확보했으며, 완속 충전기 신규 설치 대수 1위를 기록하는 등 가파른 성장세를 이어가고 있다.여명희 LG유플러스 최고재무책임자·최고리스크책임자는 “이번 분기에도 구조적 원가 경쟁력 개선 활동을 통해 2분기 연속 이익 턴어라운드를 기록할 수 있었다”며 “단통법 폐지 등 시장 불확실성 속에서도 본원적 서비스 경쟁력을 확고히하고 장기적인 기업 가치 제고를 위한 주주환원을 지속 강화해 나가겠다”고 말했다."
https://n.news.naver.com/mnews/article/008/0005233320?sid=105,2025-08-08 10:42:39,IT/과학,LGU+ 2Q 영업익 20%↑…무선 가입자 3000만 돌파 '눈앞',"2Q 매출 3.8조, 영업익 3045억 '깜짝실적'LG유플러스 용산 사옥LG유플러스가 올 2분기 연결기준 매출 3조8444억원, 영업이익 3045억원을 기록했다고 8일 밝혔다. 전년 동기 대비 각각 10.0%, 19.9% 증가했다. 매출에서 단말 수익을 제외한 서비스 수익도 2.5% 증가한 3조164억원이다.이는 시장 전망치를 뛰어넘는 수준이다. 금융정보업체 에프앤가이드에 따르면 LG유플러스 2분기 매출 추정치는 3조6815억원, 영업이익 2786억원이었다. LG유플러스는 실적 개선 배경으로 △자원의 효율적 재배치 △AI를 활용한 생산성 향상 및 상품 차별화 △견조한 가입자 성장을 통한 안정적인 매출 확대를 꼽았다.마케팅 비용은 단말기 판매량 증가에 따라 지난해 같은 기간 대비 3.5% 늘어난 5401억원을 기록했다. 서비스수익 대비 마케팅 비용 비중은 전년 동기와 유사한 19.2%다. CAPEX(설비투자)는 지난해 2분기에 비해 29.4% 감소한 3933억원을 집행했다.━무선 가입자 3천만 달성 '눈앞'…알뜰폰도 6개 분기 연속 성장━2분기 무선 사업은 MNO(이동통신) 및 MVNO(알뜰폰) 가입회선 순증과 5G 핸드셋 가입 비중 증가에 힘입어 전년 동기 대비 3.8% 늘어난 1조6542억원을 기록했다.MNO와 MVNO를 합한 전체 무선 가입회선은 전년 동기 대비 9.9% 늘어난 2991만7000여개로, 3000만개 달성을 눈앞에 뒀다. 같은기간 MNO 가입회선은 5.5% 증가한 2093만여개, 5G 핸드셋(기기) 가입회선은 20.5% 증가한 893만개다. 전체 MNO 핸드셋 가입자 대비 5G 핸드셋 가입자 비중은 79.9%로 전년 동기 대비 약 12.2%p(포인트) 늘었다.MVNO 가입회선의 가파른 증가세도 이어졌다. 2분기 MVNO 회선은 898만7000회선으로 지난해 동기 대비 21.7% 증가하며 6개 분기 연속 20% 이상 성장을 달성했다.━스마트홈 매출 2.7%↑…'프리미엄 안심 보상' 인기━초고속 인터넷과 IPTV 사업으로 구성된 스마트홈 부문은 인터넷 매출의 견조한 성장으로 지난해 2분기 대비 2.7% 증가한 6366억원의 매출을 달성했다. 유해 사이트 접근을 차단해 보안을 강화하고, 스미싱·피싱 등으로 인한 금전 피해 발생 시 보상까지 제공하는 '프리미엄 안심 보상 요금제'가 출시 약 4개월 만에 누적 가입자 5만명을 달성했다.세부적으로 올 2분기 초고속인터넷 매출은 3022억원으로 전년 동기 대비 6.7% 늘었다. 가입회선도 547만 9000개로 같은 기간 4% 증가했다. 특히 500M 속도 이상 상품에 가입한 회선이 81.3%를 차지하며 실적 개선에 힘을 보탰다.IPTV 사업 매출은 OTT 이용률 증가, 홈쇼핑 이용률 감소 등 대외 요인에도 불구하고 꾸준히 가입회선을 확보하며 지난해 2분기(3349억원)와 유사한 3305억원을 기록했다. IPTV 가입회선은 569만9000개로 전년 동기 대비 3.3% 늘었으며, 순증 가입회선은 125.9% 증가한 8만 9000개로 집계됐다.━기업인프라 매출 효자 된 IDC, 전년比 5%↑━IDC(인터넷데이터센터), 솔루션, 기업회선 등 사업이 포함된 기업인프라 부문 매출(4277억원)은 자회사인 'LG유플러스볼트업'에 EV충전사업을 양도한 영향으로 전년 동기 대비 0.3% 감소했다.다만 IDC 사업이 고객사 입주에 따라 가동률이 상승, 매출이 지속 성장해 전년 동기 대비 5% 증가한 963억원의 매출을 달성했다. LG유플러스는 지난 2월 '케이스퀘어 데이터센터 가산' 위탁운영계약을 체결한 데 이어, 향후 코람코자산운용이 추진하는 복수의 데이터센터 시설 및 임차기업 관리를 총괄 운영하는 등 IDC 관련 실적 및 노하우를 쌓아갈 예정이다.AICC(AI컨택센터), 스마트모빌리티 등 B2B 신사업을 포함한 솔루션사업 매출은 EV충전사업 양도로 같은기간 매출(1260억)이 1.9% 감소했다.여명희 LG유플러스 최고재무책임자·최고리스크책임자(CFO·CRO)는 ""이번 분기에도 구조적 원가 경쟁력 개선 활동을 통해 2분기 연속 이익 턴어라운드를 기록할 수 있었다""며 ""단통법 폐지 등 시장 불확실성 속에서도 본원적 서비스 경쟁력을 확고히 하고 장기적인 기업 가치 제고를 위한 주주환원을 지속 강화해 나가겠다""고 말했다."
https://n.news.naver.com/mnews/article/056/0012005358?sid=105,2025-08-08 10:49:27,IT/과학,LGU+ 2분기 실적 호조…영업 이익 3천억 원 넘어,"LG유플러스의 올해 2분기 영업이익이 3천45억 원으로 지난해 동기보다 19.9% 증가했습니다.매출은 3조 8천444억 원으로 작년 동기 대비 10% 늘었고, 당기순이익은 2천171억 원으로 31.9% 늘었다고 공시했습니다.LG유플러스는 오늘(8일) 이같이 밝히고, 자원의 효율적 재배치나 인공지능(AI)을 활용한 생산성 향상 및 상품 차별화, 가입자 성장을 통한 매출 확대 등이 이번 실적을 견인했다고 분석했습니다.2분기 무선 사업은 가입자 순증과 5G 핸드셋 가입 비중 증가로 전년 동기 대비 3.8% 늘어난 1조 6천542억 원의 이익을 거뒀습니다.이동통신(MNO)과 알뜰폰(MVNO)을 합한 전체 무선 가입 회선 수는 2천991만 7천여 개로 전년 동기 대비 9.9% 증가했습니다.이 같은 실적은 지난 4월 SKT의 유심 해킹 사태 이후 100만 명 이상이 SKT를 이탈해 통신사를 옮긴 데 따른 것으로 분석됩니다.[사진 출처 : 연합뉴스]■ 제보하기▷ 전화 : 02-781-1234, 4444▷ 이메일 : kbs1234@kbs.co.kr▷ 카카오톡 : 'KBS제보' 검색, 채널 추가▷ 네이버, 유튜브에서 KBS뉴스를 구독해주세요!"
https://n.news.naver.com/mnews/article/003/0013411292?sid=105,2025-08-08 10:58:06,IT/과학,"""가입자 늘어난 덕분에""…LGU+, 2분기 영업익 3045억","LGU+, 2분기 연속 이익 턴어라운드 달성매출액 10% 뛴 3.8조…당기순익 2171억원무선 가입 3000만 눈 앞…알뜰폰도 21.7%↑[서울=뉴시스] LG유플러스 용산사옥 전경. (사진=LG유플러스 제공)[서울=뉴시스]박은비 기자 = LG유플러스의 2분기 영업이익이 견조한 가입자 성장에 힘입어 1년 전보다 20% 가까이 증가한 것으로 나타났다.LG유플러스는 올해 2분기 연결재무제표 기준 영업이익 3045억원으로 전년 동기 대비 19.9% 증가했다고 8일 공시했다. 같은 기간 매출액은 10.0% 늘어난 3조8444억원, 당기순이익은 31.9% 불어난 2171억원을 기록했다.LG유플러스는 지난 1분기에 이어 이번에도 실적 턴어라운드를 달성하며 2개 분기 연속 실적 개선 흐름을 이어갔다. 자원의 효율적 재배치, 인공지능(AI)을 활용한 생산성 향상과 상품 차별화, 견조한 가입자 성장을 통한 안정적인 매출 확대 등이 실적 개선 배경으로 꼽힌다.마케팅비용은 단말기 판매량 증가에 따라 1년 전보다 3.5% 늘어난 5401억원을 기록했다. 서비스수익 대비 마케팅비용 비중은 전년 동기와 유사한 19.2%로 효율적인 집행을 지속 중이다. 설비투자(CAPEX)는 전년 동기보다 29.4% 줄어든 3933억원이다.무선 가입 회선 3000만 눈 앞…스마트홈 부문 매출은 6366억이 기간 무선 사업은 이동통신(MNO)과 알뜰폰(MVNO) 가입회선 순증과 5G 핸드셋 가입 비중 증가에 힘입어 전년 동기 대비 3.8% 늘어난 1조6542억원으로 집계됐다. 접속수익을 제외한 모바일서비스수익은 4.3% 증가한 1조5856억원이다.MNO와 MVNO를 합한 전체 무선 가입회선은 1년 전보다 9.9% 늘어난 2991만7000여개다. MNO 가입회선은 전년 동기 대비 5.5% 증가한 2093만여개, 같은 기간 5G 핸드셋 가입회선은 20.5% 늘어난 893만개 수준이다.MVNO 가입회선도 가파른 증가세다. 이 기간 898만7000회선으로 전년 동기 대비 21.7% 늘면서 6개 분기 연속 20% 이상 성장을 이어갔다.초고속 인터넷과 인터넷TV(IPTV)사업으로 구성된 스마트홈 부문은 인터넷 매출의 견조한 성장으로 매출이 6366억원으로 2.7% 불어났다.이 기간 초고속인터넷 매출은 3022억원으로 6.7% 증가했다. 가입 회선도 547만9000개로 4% 상승했다. 특히 500M 속도 이상 상품에 가입한 회선이 81.3%를 차지하며 실적 개선에 힘을 보탰다.IPTV사업 매출은 온라인동영상(OTT) 이용률 증가, 홈쇼핑 이용률 감소 등 대외 요인에도 꾸준히 가입회선을 확보하며 지난해 2분기(3349억원)와 비슷한 수준인 3305억원을 기록했다. IPTV 가입회선은 569만9000개로 전년 동기 대비 3.3% 많아졌고, 순증 가입회선은 125.9% 뛴 8만9000개다.기업인프라부문, 자회사 EV충전 사업 양도로 매출 0.3% 감소인터넷데이터센터(IDC), 솔루션, 기업회선 등 사업이 포함된 기업인프라 부문 매출은 자회사인 LG유플러스볼트업에 전기차(EV)충전사업을 양도하는 등 지난해 같은 기간보다 0.3% 감소한 4277억원에 그쳤다.이 기간 IDC사업은 고객사 입주에 따라 가동률이 상승, 매출이 지속적으로 늘어 매출이 지난해 같은 기간보다 5% 성장한 963억원으로 집계됐다. LG유플러스는 지난 2월 케이스퀘어 데이터센터 가산 위탁운영계약을 체결한 데 이어 향후 코람코자산운용이 추진하는 복수 데이터센터 시설, 임차기업 관리를 총괄 운영할 예정이다.AICC, 스마트모빌리티 등 기업간거래(B2B) 신사업이 포함된 솔루션사업은 기존의 EV충전사업을 LG유플러스볼트업에 넘겨 매출이 1260억원으로 1.9% 감소했다. LG유플러스볼트업은 완속 충전 시장 4위 사업자 입지를 확보한 상태다.여명희 LG유플러스 최고재무책임자(CFO)·최고리스크책임자(CRO)는 ""구조적 원가 경쟁력 개선활동을 통해 2분기 연속 이익 턴어라운드를 기록할 수 있었다""며 ""단통법 폐지 등 시장 불확실성 속에서도 본원적 서비스 경쟁력을 확고히하고 장기적인 기업 가치 제고를 위한 주주환원을 지속 강화해 나가겠다""고 말했다."
https://n.news.naver.com/mnews/article/241/0003458669?sid=105,2025-08-08 11:20:12,IT/과학,"LGU+, 2분기 두 자릿수 성장…회선 3000만개 눈앞","5G 가입자 비중 늘고 IDC 가동률 상승LGU+ 용산 사옥LG유플러스가 무선 사업의 안정적 성장세와 비용 효율화 노력에 2분기 호실적을 달성했다.LG유플러스는 올해 2분기 영업이익이 3045억원으로 전년 동기 대비 19.9% 증가했다고 8일 밝혔다. 매출도 3조8444억원으로 10% 늘었다.LG유플러스 측은 ""자원의 효율적 재배치, AI를 활용한 생산성 향상 및 상품 차별화, 견조한 가입자 성장으로 두 분기 연속 실적 개선 흐름을 이어가게 됐다""고 전했다.2분기 무선 사업 매출은 MNO(이동통신) 및 MVNO(알뜰폰) 가입 회선 순증과 5G 핸드셋 가입 비중 증가로 전년 동기 대비 3.8% 늘어난 1조6542억원을 기록했다.MNO와 MVNO를 합한 전체 무선 가입 회선은 전년 동기 대비 9.9% 늘어난 2991만7000여 개다. 총 가입 회선 3000만개 달성을 목전에 두고 있다.전체 MNO 핸드셋 가입자 대비 5G 핸드셋 가입자 비중은 79.9%로 전년 동기 대비 12.2%포인트 늘었다.스마트홈 부문은 인터넷 매출의 견조한 성장으로 지난해 2분기 대비 2.7% 증가한 6366억원의 매출을 달성했다. 유해 사이트 접근을 차단해 보안을 강화하고, 스미싱·피싱 등으로 인한 금전 피해 발생 시 보상까지 제공하는 '프리미엄 안심 보상 요금제'가 출시 약 4개월 만에 누적 가입자 5만명을 찍었다.IDC(데이터센터), 솔루션, 기업회선 사업 등 기업인프라 부문 매출은 지난해 같은 기간 대비 0.3% 감소한 4277억원을 기록했다.IDC 사업은 가동률이 상승하고 매출이 지속 성장해 작년 동기 대비 5% 증가한 963억원의 매출을 기록했다. AICC, 스마트모빌리티 등 B2B 신사업을 포함한 솔루션 사업은 전기차 충전 사업을 자회사 LG유플러스볼트업에 양도한 영향으로 지난해 2분기 대비 1.9% 감소한 1260억원의 매출을 나타냈다.여명희 LG유플러스 최고재무책임자·최고리스크책임자(CFO·CRO)는 ""단통법 폐지 등 시장 불확실성 속에서도 본원적 서비스 경쟁력을 확고히 하고 장기적인 기업 가치 제고를 위한 주주 환원을 지속 강화해 나가겠다""고 말했다.정길준 기자 kjkj@edaily.co.kr"
https://n.news.naver.com/mnews/article/421/0008418481?sid=105,2025-08-08 11:23:51,IT/과학,LGU+ 2분기 영업익 전년比 20% 증가…SKT 해킹사태 반사이익,"2분기 '어닝 서프라이즈'…2분기 영업익 3000억원 돌파무선 핸드셋 가입자 3분기 22만 3000명 늘어나LG유플러스 용산사옥 2020.08.24/뉴스1(서울=뉴스1) 김정현 기자 = LG유플러스(032640)가 SK텔레콤 유심정보 해킹 반사이익에 힘입어 2분기 '어닝 서프라이즈'를 기록했다. 가입자가 큰 폭으로 증가한 덕이다.LG유플러스는 2025년 2분기 매출 3조 8444억 원, 영업이익 3045억 원을 시현했다고 8일 공시했다. 매출에서 단말수익을 제외한 서비스수익도 같은 기간 2.5% 늘어난 3조 164억 원을 기록했다.매출과 영업이익 모두 각각 전년 동기 대비 2.6%, 19.2% 증가했다. 특히 영업이익의 경우 증권가 컨센서스(영업이익 전망치)인 2749억 원을 10% 이상 웃도는 수치다.SKT 해킹 반사이익…LGU+ 2분기 무선 가입자 23.5만명 증가LG유플러스의 이번 호실적은 SKT 해킹 사태로 이탈한 가입자를 흡수하며 반사이익을 본 덕으로 풀이된다.2분기 LG유플러스의 무선 사업 매출은 전년 동기 대비 3.8% 늘어난 1조 6542억 원을 기록했다. 접속수익을 제외한 모바일 서비스수익은 1조 5856억 원으로 전년 대비 4.3% 증가했다.LG유플러스의 2분기 이동통신(MNO) 핸드셋 가입회선은 전년 동기 1094만 5000회선에서 23만 5000회선이 늘어난 1118만 회선을 기록했다. 직전 분기(1095만7000회선) 대비로도 22만 3000회선 늘었다.이 중 5G 핸드셋 가입회선은 20.5% 증가한 893만개로 집계됐다.LG유플러스 알뜰폰(MVNO) 가입자도 같은 기간 21.7% 늘어난 898만 7000회선이었다.초고속 인터넷과 IPTV사업으로 구성된 스마트홈 부문 역시 인터넷 매출이 기가인터넷 가입자 증가에 힘입은 견조한 성장으로 지난해 2분기 대비 2.7% 증가한 6366억 원의 매출을 달성했다.부문별로는 초고속 인터넷 가입회선이 547만 9000개로 4% 증가했으며, IPTV회선도 3.3% 늘어난 569만 9000개를 기록했다.서울의 한 휴대폰 판매 대리점의 모습. 2024.9.6/뉴스1 ⓒ News1 이재명 기자IDC 성장에도…기업회선 매출 감소·자회사 사업양도로 B2B 매출 감소기업대상(B2B) 기업인프라 부문 매출은 전년 동기 대비 0.3% 감소한 4277억 원에 그쳤다.기업인터넷, 전용회선 등 기업회선 부문 매출이 전년 동기 대비 1.7% 감소한 2054억 원을 기록했다. 자회사인 'LG유플러스볼트업'에 EV충전사업을 양도하며 AI콘택트센터(CC), 스마트모빌리티 등 B2B 신사업을 포함한 솔루션 매출(1260억 원)도 같은 기간 1.9% 줄었다.기업인프라 부문에서는 인터넷데이터센터(IDC) 매출만 고객사 입주에 따라 가동률이 상승하며 같은 기간 5% 성장한 963억 원을 기록했다.여명희 LG유플러스 최고재무책임자·최고리스크책임자(CFO·CRO)는 ""이번 분기에도 구조적 원가 경쟁력 개선 활동을 통해 2분기 연속 이익 턴어라운드를 기록할 수 있었다""며 ""단통법 폐지 등 시장 불확실성 속에서도 본원적 서비스 경쟁력을 확고히하고 장기적인 기업 가치 제고를 위한 주주환원을 지속 강화해 나가겠다""고 말했다."
https://n.news.naver.com/mnews/article/016/0002511816?sid=105,2025-08-08 11:31:13,IT/과학,"“무선 가입 회선 곧 3000만”…LGU+,  2분기 영업익 19.9% ↑","실적 발표…매출도 10% 상승알뜰폰 6분기 연속 20%대 성장홍범식 LG유플러스 사장 [LG유플러스 제공]LG유플러스가 무선 사업의 지속적인 증가세에 힘 입어 올해 2분기 영업이익이 전년보다 20% 가까이 상승했다. 이동통신(MNO), 알뜰폰(MVNO)을 합친 무선 가입 회선은 3000만 달성을 눈앞에 뒀다.LG유플러스는 8일 공시를 통해 올 2분기 연결재무제표 기준 매출(영업수익) 3조8444억원, 영업이익 3045억원을 기록했다고 밝혔다. 매출은 전년 동기 대비 10% 늘었고, 영업이익은 19.9% 증가했다. 영업수익에서 단말수익을 제외한 서비스 수익은 2.5% 증가한 3조164억원을 기록했다.세부적으로 2분기 무선 사업은 MNO·MVNO 가입회선 순증과 5G 핸드셋 가입 비중 증가에 힘입어 전년 동기 대비 3.8% 늘어난 1조6542억원을 기록했다. 모바일 서비스수익은 1조5856억원으로 전년 대비 4.3% 증가했다.MNO와 MVNO를 합한 전체 무선 가입 회선은 지난해 2분기 대비 9.9% 늘어난 2991만7000여 개로, 총 가입 회선 3000만개 달성을 눈앞에 두고 있다. MNO 가입 회선은 지난해 동기 대비 5.5% 증가한 2093만여 개, 5G 핸드셋 가입 회선은 20.5% 증가한 893만개로 집계됐다.전체 MNO 핸드셋 가입자 대비 5G 핸드셋 가입자 비중은 79.9%로 작년 동기 대비 약 12.2%포인트 늘었다.MVNO 가입회선의 가파른 증가세도 이어졌다. 2분기 MVNO 회선은 898만7000회선으로 지난해 동기 대비 21.7% 증가하며 6개 분기 연속 20% 이상 성장을 달성했다.초고속 인터넷과 IPTV사업으로 구성된 스마트홈 부문은 2.7% 증가한 6366억원의 매출을 달성했다.다. 특히 ‘프리미엄 안심 보상 요금제’가 출시 약 4개월 만에 누적 가입자 5만명을 달성하는 등 안전한 인터넷 사용 환경을 강화한 것이 매출 성장 배경이라고 회사 측은 설명했다.IPTV사업 매출은 온라인동영상플랫폼(OTT) 이용률 증가, 홈쇼핑 이용률 감소 등 대외 요인에도 불구하고 꾸준히 가입 회선을 확보하며 지난해 2분기 3349억원과 유사한 3305억원을 기록했다. 인터넷데이터센터(IDC), 설루션, 기업 회선 등 사업이 포함된 기업인프라 부문 매출은 자회사인 LG유플러스볼트업에 EV충전사업을 양도하는 등으로 인해 지난해 같은 기간 대비 0.3% 감소한 4277억원을 기록했다.2분기 IDC사업은 고객사 입주에 따라 가동률이 상승, 매출이 지속 성장해 작년 동기 대비 5% 증가한 963억원의 매출을 달성했다.AICC, 스마트모빌리티 등 B2B 신사업을 포함하고 있는 설루션 사업은 기존에 포함된 EV충전사업을 LG유플러스볼트업에 양도하며 지난해 2분기 대비 1.9% 감소, 1260억원의 매출을 기록했다. 박세정 기자"
https://n.news.naver.com/mnews/article/092/0002385382?sid=105,2025-08-08 11:46:19,IT/과학,"LGU+, 이동통신 회선 10% 늘었다...3천만 돌파 초읽기","무선 가입자 빠르게 늘리며 매출-영업이익 끌어올려LG유플러스가 5G와 IoT, MVNO 등 무선 가입 회선 수를 빠르게 늘리며 매출과 수익성을 끌어올렸다.LG유플러스는 지난 2분기 연결기준 매출 3조8천444억원, 서비스매출 3조164억원, 영업이익 3천45억원을 기록했다고 8일 밝혔다.매출은 전년 동기 대비 10%, 영업익은 같은 기간 19.9% 늘었다.이같은 호실적 배경에는 무선 가입회선 수의 증가가 꼽힌다. 지난 2분기 기준 LG유플러스의 모든 무선 가입 회선 수는 2천991만7천으로 3천만 돌파를 눈앞에 두고 있다. 이는 전년 동기 대비 9.9% 늘어난 수치다.특히 5G 핸드셋 가입자가 크게 늘어났다. 2분기 말 5G 핸드셋 가입자 수는 893만으로 전년 동기 대비 20.5%, 직전 분기 대비 4.7% 증가했다.MNO 핸드셋 가입 회선 수는 1천118만을 기록했다. 회선 수만 200만 이상 늘어났고, 5G 가입자 비중은 연간 67.7%에서 79.9%에 도달했다. MNO IoT 회선과 MVNO 회선은 각각 700만대에서 800만대로 올랐다.가입자 증가로 회사 전체 매출 가운데 가장 큰 비중을 차지하는 무선 사업 매출은 1조6천542억원을 기록했다. 이 가운데 접속 매출을 제외한 무선 서비스 매출은 1조5천856억원으로 전년 동기 대비 4.3%나 늘었다. 1분기와 비교해도 2.8% 증가했다.초고속인터넷과 IPTV 등 스마트홈 분야에서는 6천366억원의 분기 매출을 기록했다. 전년 동기보다 2.7% 늘어났다. IPTV 매출이 일부 감소했으나 초고속 인터넷 매출이 3천22억원으로 연간 6.7%의 상승세를 보였다.IPTV 회선 수는 569만9천으로 지난해보다 3.3% 늘었으나 OTT 이용 증가에 따른 VOD 매출 감소, 홈쇼핑 수익 감소 등을 피하지 못했다. 초고속인터넷 가입 회선 수는 547만9천으로 같은 기간 4% 증가했다. 500M 속도 이상 상품에 가입한 회선이 81.3%를 차지했다.기업인프라 매출은 카카오와 합작사인 LG유플러스볼트업에 EV충전사업을 양도하면서 연간 0.3% 감소한 4천277억원을 기록했다. 기업인프라 사업에서 꾸준히 성장하는 IDC 분야 매출은 963억원으로 지난해보다 5% 증가했다.한편 마케팅비용은 단말기 판매량 증가에 따라 지난해 같은 기간 대비 3.5% 늘어난 5천401억원을 기록했다. 서비스매출 대비 마케팅 비용 비중은 전년 동기와 유사한 19.2%다."
https://n.news.naver.com/mnews/article/421/0008418540?sid=105,2025-08-08 11:50:58,IT/과학,"""AI로 보이스피싱 근절""…배경훈 장관, 통신3사에 민관협력 강조","보이스피싱 대응 현장 간담회 열어…피해 예방 근본 대책 논의KT에 이어 SKT·LGU+도 정부 보유 보이스피싱 성문 정보 활용하기로배경훈 과학기술정보통신부 장관은 8일 서울 종로구 KT 광화문 사옥을 방문해 보이스피싱 대응 현장 간담회를 열었다. 사진은 KT의 보이스피싱 탐기 기술 시연 모습. 2025.08.08/뉴스1 ⓒNews1 이기범 기자(서울=뉴스1) 이기범 기자 = 배경훈 과학기술정보통신부 장관이 이동통신 3사를 만나 인공지능(AI) 기술을 활용한 보이스피싱 근절을 강조했다.배 장관은 8일 서울 종로구 KT 광화문 사옥을 방문해 보이스피싱 대응 현장 간담회를 열었다.배 장관은 모두 발언을 통해 ""2025년 상반기 보이스피싱 발생 건수가 1만 2000여건으로 전년 동기 대비 23% 증가했고, 피해액은 6400억 원으로 98% 증가했다""며 ""보이스피싱 이슈가 예전부터 있었고 막기 위한 노력을 많이 해왔음에도 불구하고 이 문제에 있어서 만큼은 더 각성하고 준비해야 한다""고 강조했다.이날 간담회에는 배 장관을 비롯해 이현석 KT 커스터머부문장(부사장), 이종현 SK텔레콤 CISO(부사장), 홍관희 LG유플러스 CISO/CPO(전무) 등 통신 3사 보이스피싱 관련 담당 임원들과 개인정보보호위원회, 국립과학수사연구원, 정보통신기획평가원(IITP), 한국인터넷진흥원(KISA) 등 정부 및 연구개발(R&D) 관련 기관 전문가 총 11명이 참석했다.이번 간담회는 민관 협력을 통해 AI를 활용한 보이스피싱 대응 역량을 강화하고, 관련 피해 예방을 위한 근본 대책을 모색하기 위해 마련됐다.먼저 KT의 목소리 기반 보이스피싱 탐지 기술이 시연됐고, 이어서 과기정통부는 통신 분야 보이스피싱 대응 방안을 발표했다. 통신 3사는 보이스피싱 대응 서비스를 소개하는 등 관련 논의를 진행했다.통신 3사는 자체적으로 준비 중인 보이스피싱 대응 기술을 소개했다.KT(030200)는 지난해 10월 ICT 규제샌드박스 실증특례로 지정된 '실시간 통화 기반 보이스피싱 탐지 서비스'를 지난 7월 30일 개시했다. 국립과학수사연구원이 보유한 실제 보이스피싱 통화 내역을 활용해 보이스피싱 탐지 정확도를 높였으며, 올해 보이스피싱 탐지율 95% 이상, 약 2000억 원의 피해 예방을 목표로 하고 있다고 했다.SK텔레콤(017670)은 2021년부터 경찰에 신고된 보이스피싱 전화번호의 수·발신을 자동 차단하는 시스템을 운영하고 있으며, 향후 딥보이스 탐지 서비스도 추진할 예정이라고 했다.LG유플러스(032640)는 지난해 11월 출시한 '익시오'(ixi-O) 앱에서 실시간 보이스피싱 경고 알림을 제공해 왔고, 지난 6월 전국 1800여 개 모든 매장에서 스미싱 문자 수신, 악성 앱 감염 등 위협이 의심되는 고객에게 맞춤 상담과 보안 조치를 지원하고 있다고 설명했다.아울러 SK텔레콤, LG유플러스도 KT와 마찬가지로 정부가 보유한 보이스피싱 성문 정보를 이용해 자사 보이스피싱 탐지 서비스를 고도화할 수 있도록 ICT 규제샌드박스 제도를 활용하기로 했다.배 장관은 ""작은 시작이 사고로 연결되는 만큼 국민들이 보이스피싱에 당하지 않도록 근본적 대책을 고민해 봤으면 한다. AI를 활용한 딥보이스 대책, AI 모델 개발 사례들이 시작점이라고 생각된다""고 강조했다."
https://n.news.naver.com/mnews/article/138/0002202367?sid=105,2025-08-08 12:40:10,IT/과학,"LGU+, 신규가입자 순증에 핵심사업 ‘활짝’...“반사익 덕분”(종합)","[ⓒLG유플러스][디지털데일리 오병훈기자] LG유플러스가 SK텔레콤 데이터유출 사고에 따른 반사이익을 톡톡히 봤다. 이동통신부터 초고속인터넷 서비스까지 핵심 매출원을 이루는 대부분 지표가 증가하면서 전년 동기 대비 큰 폭으로 성장했다.8일 전자공시시스템에 따르면, LG유플러스 올해 2분기 한국채택국제회계기준(K-IFRS) 연결 매출은 3조8444억원으로 전년 동기 대비 10% 증가했다. 연결 영업이익도 3045억원으로 전년 동기 대비 19.9% 증가했다. 당기순이익은 2171억원으로 전년 동기 대비 31.9% 증가했다.매출 상승 동력은 단말기 수익이다. 지난 4월 발생한 SK텔레콤 유출사고에 따라 대규모 가입자 이탈이 발생함에 따라, LG유플러스 신규가입자가 증가하면서 단말기 마진 수익이 급증한 데 따른 것으로 풀이된다. 한국통신사업자연합회(KTOA)가 공개한 ‘이동전화 번호이동자 수 현황’에 따르면 5-7월 사이 SK텔레콤에서 LG유플러스로 이동한 가입자수는 38만5850명이다.올해 2분기 단말기 수익은 8280억원으로, 전년 동기 5498억원 대비 50.6% 증가했다. 단말기 수익 증가분(2782억원)이 전체 매출 상승분(3507억원)의 대부분을 차지한다.신규가입자가 증가함에 따라 단말기 수익을 제외한 서비스 수익도 함께 증가했다. 서비스 수익은 3조164억원으로 전년 동기 대비 2.5% 증가했다.서비스 수익을 구체적으로 살펴보면, 모바일 매출은 이동통신(MNO), 알뜰폰(MVNO) 가입회선 증가로 전년 동기 대비 4.3% 성장한 1조5856억원으로 집계됐다. LG유플러스 MNO와 MVNO을 합한 전체 무선 가입회선은 전년 동기 대비 9.9% 늘어난 2991만7000여개로, 총 가입회선 3000만개 달성을 눈앞에 두고 있다.MNO 가입회선은 작년 동기 대비 5.5% 증가한 2093만여개, 같은 기간 5G 핸드셋 가입회선은 20.5% 증가한 893만개로 집계됐다. MNO와 MVNO를 합친 무선 서비스 가입자당평균매출(ARPU)은1만8110원으로 집계됐다.IPTV와 초고속인터넷 서비스로 구성된 ‘스마트홈·전화’ 부문 매출도 전년 동기 대비 2.7% 증가한 6366억원으로 집계됐다. 구체적으로 IPTV 사업의 경우 매출 3305억원으로 전년 동기 대비 1.3% 감소했다. 다만, 인터넷 사업 매출이 전년 동기 대비 6.7% 증가한 3022억원을 기록하며 스마트홈 부문 매출 상승을 견인했다.데이터센터, B2B 사업이 포함된 ‘기업인프라’ 부문 매출은 전년 동기와 유사한(0.3%감소) 4277억원으로 집계됐다. 기업인프라 부문 매출 중 가장 높은 비중을 차지하는 기업회선 사업이 2054억원으로 전년 동기 대비 1.7% 감소했다. 인공지능콘택트센터(AICC) 스마트모빌리티 등이 포함된 솔루션 사업은 전년 동기 대비 1.9% 감소한 1260억원으로 집계됐다. 다만, 데이터센터 사업 매출에서는 963억원으로 전년 동기 대비 5% 증가했다.[ⓒLG유플러스]2분기 비용을 살펴보면, 영업비용은 3조2259억원으로 전년 동기 대비 7.9% 상승했다. 인건비는 4459억원, 광고선전비는 384억원으로 각각 전년 동기 대비 2%, 12.7% 감소했으나, 그 외 비용이 모두 증가하면서 전체적인 영업비용이 증가했다. 판매수수료(5142억원), 상각비(6440) 각각 전년 동기 대비 5.3%, 2.1% 증가했다.신규 가입자 확보 등으로 마케팅 비용은 전년 동기 대비 3.5% 증가한 5401억원으로 집계됐다. 설비투자(CAPEX)는 3933억원으로 전년 동기 대비 29.4% 감소했다.LG유플러스는 인공지능(AI) 기술 고도화로 통신 서비스 전반의 안정성 강화를 핵심 무기로 내세운 것으로 해석된다. 최근 음성 위변조 탐지 기술인 ‘안티딥보이스’를 자체 통신 특화 AI 에이전트 ‘익시오(ixi-O)’에 탑재하고 이를 통해 가입자 피해를 차단하는데 집중하고 있다. 오는 3분기부터는 국립과학수사연구원과 협업해 목소리 탐지 시스템을 활용, 보이스피싱범 목소리와의 일치 여부를 판단하고 경고하는 서비스도 준비 중인 상황이다.배당정책으로는 배당투자에 대한 주주가치 제고 측면에서 ‘선 배당금 확정, 후 배당기준일 지정’ 절차 적용한다. 주당 중간배당금 250원으로, 중간배당 기준일은 8월5일이다. 별도 재무제표 기준 당기순이익의 40% 이상을 배당하기로 했으며, 연간 현금배당금은 최소 지난해 회계연도 주당배당금 수준을 유지하기로 했다.여명희 LG유플러스 최고재무책임자·최고리스크책임자(CFO·CRO)는 “이번 분기에도 구조적 원가 경쟁력 개선 활동을 통해 2분기 연속 이익 턴어라운드를 기록할 수 있었다”며 “단통법 폐지 등 시장 불확실성 속에서도 본원적 서비스 경쟁력을 확고히하고 장기적인 기업 가치 제고를 위한 주주환원을 지속 강화하겠다”고 말했다."
https://n.news.naver.com/mnews/article/031/0000955668?sid=105,2025-08-08 12:57:11,IT/과학,"SKT 해킹 '반사효과'⋯LGU+, 2Q 영업익 20% 증가(종합)","무선 가입회선 3000만 달성 눈앞⋯알뜰폰 6개 분기 연속 20% 이상 성장초고속 인터넷의 견조한 성장⋯스마트홈 부문 매출 전년比 2.7%↑EV충전사업 양도로 기업인프라 매출 0.3% 감소했지만⋯IDC 사업 매출은 5%↑LG유플러스는 2분기 영업이익이 전년 대비 약 20% 늘어나며 호실적을 거뒀다. 지난 4월 발생한 SK텔레콤 해킹 사고로 인한 가입자 증가와 데이터센터 사업 확장이 실적에 영향을 미쳤다는 분석이다.사진은 LG유플러스 사옥. [사진=LGU+]LG유플러스는 2025년 2분기 연결기준 매출액은 3조8444억원, 영업이익 3045억원을 기록해 지난해 같은 기간과 비교해 각각 10%, 19.9% 증가했다고 8일 밝혔다.회사는 자원의 효율적 재배치, AI를 활용한 생산성 향상, 상품 차별화, 가입자 성장을 통한 매출 확대를 실적 개선 배경으로 제시했다.마케팅 비용은 단말기 판매량 증가로 전년 동기 대비 3.5% 늘어난 5401억원을 기록했다. 서비스 수익 대비 마케팅 비용 비중은 19.2%로 전년과 유사한 수준을 유지했다. CAPEX(설비투자)는 3933억원으로 전년 동기 대비 29.4% 감소했다.무선 가입회선 3000만 달성 눈앞⋯알뜰폰 6개 분기 연속 20% 이상 성장2분기 무선 사업은 MNO(이동통신)와 MVNO(알뜰폰) 가입회선 순증, 5G 핸드셋 가입 비중 증가에 힘입어 전년 동기 대비 3.8% 늘어난 1조6542억원의 매출을 올렸다. 접속수익을 제외한 모바일 서비스수익은 1조5856억원으로 4.3% 증가했다.MNO와 MVNO를 합한 전체 무선 가입회선은 2991만7000개로 전년 동기 대비 9.9% 늘며 3000만개 달성을 눈앞에 뒀다. MNO 가입회선은 2093만개(5.5%↑), 5G 핸드셋 가입회선은 893만개(20.5%↑)를 기록했다. 전체 MNO 핸드셋 가입자 대비 5G 가입자 비중은 79.9%로 12.2%p 상승했다.MNO 해지율은 1.06%로 전년 동기 대비 0.07%p, 전분기 대비 0.03%p 개선됐다. MVNO 회선은 898만7000개로 21.7% 증가하며 6개 분기 연속 20% 이상 성장세를 이어갔다.초고속 인터넷의 견조한 성장⋯스마트홈 부문 매출 전년比 2.7%↑초고속 인터넷과 IPTV사업으로 구성된 스마트홈 부문은 인터넷 매출의 견조한 성장으로 지난해 2분기 대비 2.7% 증가한 6366억원의 매출을 달성했다. 유해 사이트 접근을 차단해 보안을 강화하고, 스미싱·피싱 등으로 인한 금전 피해 발생 시 보상까지 제공하는 ‘프리미엄 안심 보상 요금제’가 출시 약 4개월만에 누적 가입자 5만명을 달성하는 등 안전한 인터넷 사용 환경을 강화한 것이 매출 성장 배경으로 지목된다.세부적으로 올 2분기 초고속인터넷 매출은 3022억원으로 전년 동기 대비 6.7% 늘었다. 가입 회선도 547만 9000개로 같은 기간 4% 상승했다. 특히 500M 속도 이상 상품에 가입한 회선이 81.3%를 차지하며 실적 개선에 힘을 보탰다.IPTV사업 매출은 OTT 이용률 증가, 홈쇼핑 이용률 감소 등 대외 요인에도 불구하고 꾸준히 가입회선을 확보하며 지난해 2분기 3349억원과 유사한 3305억원을 기록했다. IPTV 가입회선은 569만9000개로 전년 동기 대비 3.3% 늘었으며, 순증 가입회선은 125.9% 증가한 8만9000개로 집계됐다.EV충전사업 양도로 기업인프라 매출 0.3% 감소했지만⋯IDC 사업 매출은 5%↑IDC(인터넷데이터센터), 솔루션, 기업회선 등 사업이 포함된 기업인프라 부문 매출은 자회사인 'LG유플러스볼트업'에 EV(전기차)충전사업을 양도하는 등으로 인해 지난해 같은 기간 대비 0.3% 감소한 4277억원을 기록했다.IDC사업은 고객사 입주 확대에 따른 가동률 상승으로 매출이 전년 동기 대비 5% 증가한 963억원을 달성했다. 올해 2월 ‘케이스퀘어 데이터센터 가산’ 위탁운영계약을 체결한 데 이어, 향후 코람코자산운용이 추진하는 복수의 데이터센터 운영을 총괄하며 관련 실적과 노하우를 축적할 계획이다.AICC(AI컨택센터), 스마트모빌리티 등 B2B 신사업을 포함하는 솔루션사업은 EV충전사업 양도 영향으로 전년 대비 1.9% 감소한 1260억원을 기록했다. LG유플러스볼트업은 완속 충전 시장 점유율 4위를 차지했으며, 완속 충전기 신규 설치 대수 1위를 기록하는 등 성장세를 이어가고 있다.여명희 LG유플러스 최고재무책임자·최고리스크책임자(CFO·CRO)는 ""이번 분기에도 구조적 원가 경쟁력 개선 활동을 통해 2분기 연속 이익 턴어라운드를 기록했다""며 ""단통법 폐지 등 시장 불확실성 속에서도 본원적 서비스 경쟁력을 확고히하고 장기적인 기업 가치 제고를 위한 주주환원을 지속 강화해 나가겠다""고 말했다."
https://n.news.naver.com/mnews/article/421/0008418913?sid=105,2025-08-08 15:29:47,IT/과학,"[IR] LGU+ ""과도한 마케팅 경쟁보단 서비스 경쟁력 확보""","(LGU+ 제공)(서울=뉴스1) 이기범 기자 = 여명희 LG유플러스(032640) 최고재무책임자(CFO)는 8일 열린 올해 2분기 실적발표 콘퍼런스 콜을 통해 하반기 전망과 관련해 ""구조적 원가 경쟁력 개선 활동을 통해 의미 있는 성과를 거뒀지만, 단통법 폐지로 인한 시장 불확실성이 있다""며 ""과도한 마케팅 경쟁보단 본원적 서비스 경쟁력을 확보해 외부 환경 변화에 흔들림 없는 지속 가능한 성장 모멘텀을 가져가겠다""고 밝혔다."
https://n.news.naver.com/mnews/article/014/0005389130?sid=105,2025-08-08 15:41:13,IT/과학,"[컨콜] LG U+ ""배당 총액 줄지 않는 범위서 올해 배당 상향할 수도""","[파이낸셜뉴스] LG유플러스는 8일 열린 2·4분기 실적 컨퍼런스콜에서 ""배당 총액이 전년보다 줄지 않는 범위에서 올해 주당 배당은 상향하는 방향으로 갈 수 있다""고 밝혔다.LG유플러스는 배당 성향 확대 가능성에 대해 ""지금 배당 성향은 40% 이상을 유지하는 것으로 돼 있고, 소각으로 인해 주식 수가 줄어들 수 있는 부분이 있다""며 이 같이 답했다."
https://n.news.naver.com/mnews/article/008/0005233441?sid=105,2025-08-08 15:42:00,IT/과학,"[컨콜] LGU+ ""단통법 폐지 후 과잉경쟁 방어…AI로 차별화""","LG유플러스 로고LG유플러스는 8일 올 2분기 실적발표 컨퍼런스 콜에서 ""아직까지는 단통법 폐지 당일 제외하면 기존 대비 눈에 띄는 변화는 보이지 않는다""라며 ""앞으로 아이폰 신모델 출시나 경쟁사의 가입자 회복 시도로 단기 마케팅 경쟁이 발생할 수 있지만 과잉경쟁을 방어하면서 디지털 채널 중심의 번호이동 중심으로 가입자를 수성하겠다""고 말했다.이어 ""중장기적으론 휴대폰 가격 경쟁이 아닌 차별화된 AI서비스로 경쟁하기 위해 AI 투자 확대할 계획""이라고 덧붙였다."
https://n.news.naver.com/mnews/article/421/0008418947?sid=105,2025-08-08 15:47:52,IT/과학,"[IR] LGU+ ""단통법 폐지 후 변화 크지 않아…과열 경쟁 방어할 것""","(LGU+ 제공)(서울=뉴스1) 이기범 기자 = LG유플러스(032640)는 8일 열린 올해 2분기 실적발표 콘퍼런스 콜을 통해 ""단통법 폐지 당일을 제외하면 기존 대비 눈에 띄는 변화가 보이지 않는다""며 ""아이폰 신모델 출시, 경쟁사 가입자 회복 시도 등으로 마케팅 경쟁 상황이 발생할 수 있지만, 과열 경쟁을 방어하면서 디지털 채널 중심 번호이동 성과 개선으로 획득비를 효율적으로 관리하면서 가입자를 수성하겠다""고 밝혔다."
https://n.news.naver.com/mnews/article/138/0002202389?sid=105,2025-08-08 15:48:08,IT/과학,[컨콜] LGU+ “주당 배당금 상향할 수도”,"중간배당금 250원…""기업 가치 개선이 목표""[ⓒLG유플러스][디지털데일리 강소현기자] LG유플러스가 2분기 연속 실적 턴어라운드를 달성하면서 주당 배당금을 상향 조정할 가능성이 제기됐다.LG유플러스 최고재무책임자(CFO) 겸 최고리스크책임자(CRO)인 여명희 전무는 올 2분기 실적 발표 직후 진행된 컨퍼런스 콜에서 “기업 가치를 효과적으로 개선할 수 있는 수준에서 결정하도록 노력할 것”이라며 이 같이 밝혔다.앞서 LG유플러스는 주당 중간배당금을 250원으로 확정했다. 배당 정책과 관련해선 별도 재무제표 기준 당기순이익의 40% 이상을 배당하기로 했으며, 연간 현금배당금은 최소 지난해 회계연도 주당배당금 수준을 유지하기로 했다.또 LG유플러스는 최근 기업가치 제고를 위해 1000억원 규모 자사주를 소각했다. 지난 2021년 매입한 자사주 약 678만주로, 전체 발행 주식 수의 1.55% 수준이다. 이에 더해 LG유플러스는 800억원 규모 자사주를 추가로 매입하기로 했다.여명희 전무는 “현재 보유 중인 자기 주식을 전량 소각하기로 결정했으며 이를 통해 총 발행 주식 수를 줄여서 주당 가치를 직접적으로 높이는 것을 목표로 하고 있다”며 “자사주 소각으로 주식 수가 줄어들게 되는데 배당 총액이 전년보다 줄지 않는 범위 내에서 주당 배당은 좀 상향하는 방향으로 갈 수도 있을 것”이라고 말했다."
https://n.news.naver.com/mnews/article/014/0005389133?sid=105,2025-08-08 15:48:26,IT/과학,"[컨콜] LG U+ ""아이폰 신모델 출시 등에 단기 마케팅 경쟁 발생 가능""","[파이낸셜뉴스] LG유플러스는 8일 열린 2·4분기 실적 컨퍼런스콜에서 단말기 통신법(단통법) 폐지 후 시장 상황에 대해 ""앞으로 아이폰 신모델 출시나 경쟁사 가입자 회복 시도 등으로 단기적 마케팅 경쟁은 발생 가능한 상황""이라고 밝혔다.LG유플러스는 ""아직까지는 단통법 폐지 당일을 제외하면 기존 대비 눈에 띄는 변화는 보이지 않고 있다""며 ""저희는 과열 경쟁을 방어하면서 디지털 채널 중심의 번호이동 성과 개선으로 획득비를 효율적으로 관리해서 가입자를 수송할 수 있도록 운영하겠다""고 전했다."
https://n.news.naver.com/mnews/article/031/0000955717?sid=105,2025-08-08 15:50:12,IT/과학,"[컨콜] LGU+ ""과도한 마케팅 경쟁보다는 서비스 경쟁력 확보""","여명희 LG유플러스 최고재무책임자(CFO)는 8일 2025년 2분기 실적발표 콘퍼런스 콜에서 ""구조적 원가 경쟁력 개선 활동을 통해 의미 있는 성과를 거뒀지만, 단통법 폐지로 인한 시장 불확실성이 있다""며 ""과도한 마케팅 경쟁보단 본원적 서비스 경쟁력을 확보해 외부 환경 변화에 흔들림 없는 지속 가능한 성장 모멘텀을 가져가겠다""고 말했다.사진은 LG유플러스 사옥. [사진=LGU+]"
https://n.news.naver.com/mnews/article/421/0008418964?sid=105,2025-08-08 15:53:14,IT/과학,"[IR] LGU+ ""AI 파운데이션 모델 개발 참여…K-엑사원 중추 역할""","(LGU+ 제공)(서울=뉴스1) 이기범 기자 = LG유플러스(032640)는 8일 열린 올해 2분기 실적발표 콘퍼런스 콜을 통해 정부의 독자 인공지능(AI) 파운데이션 모델 프로젝트에 참여하게 된 것과 관련해 ""컨소시엄 내에서 LG유플러스는 파운데이션 모델 개발에 직접 참여하며, B2B·B2C에서 차별화된 성공 사례를 발굴할 것""이라며 ""범국민적 AI 기술 접근성 제고 및 K-엑사원 생태계 구축에 있어서 중추적 역할을 담당한다""고 말했다.또 ""이번 프로젝트에 참여함으로써 당사 AI 내재화 역량을 한층 더 고도화하고, AI 친화적 고객 혁신의 바탕이 될 것""이라고 덧붙였다."
https://n.news.naver.com/mnews/article/003/0013411934?sid=105,2025-08-08 15:53:42,IT/과학,"[컨콜]LGU+ ""분기 영업익 3000억 첫 돌파…본원적 경쟁력 강화""","[서울=뉴시스]박은비 기자 = LG유플러스가 분기 영업이익 기준 첫 3000억원을 돌파했다.여명희 LG유플러스 최고재무책임자(CFO)·최고리스크책임자(CRO)(전무)는 8일 오후 진행된 2분기 실적 컨퍼런스콜에서 ""2분기에는 구조적인 원가 경쟁력 개선활동으로 의미있는 성과 거뒀다""며 ""그럼에도 단통법 폐지로 인한 시장 불확실성 여전히 존재한다. 과도한 마케팅보다 본원적 서비스 경쟁력 강화로 성장 모멘텀 이어가고자 한다""고 밝혔다.그러면서 ""실질적으로 서비스수익 대비 마케팅비용은 전년 동일 수준으로 수익성 개선 효과가 있었다""며 ""하반기 이런 기조는 변화가 없을 것""이라고 설명했다.여 전무는 이어 ""하반기에도 핵심 사업 구조 개선은 계속할 것이고 효율적인 자원 배분으로 수익성을 극대화하겠다""며 ""인공지능(AI)기술을 적극 도입해서 운영비를 절감하고 견조한 연간실적 달성하도록 노력하겠다""고 강조했다."
https://n.news.naver.com/mnews/article/031/0000955719?sid=105,2025-08-08 15:55:08,IT/과학,"[컨콜] LGU+ ""오픈 AI와 함께 AICC 하반기 출시""","안형균 LG유플러스 기업AI사업그룹장은 8일 2025년 2분기 실적발표 콘퍼런스 콜에서 ""오픈AI와의 전략적 파트너십을 통해 AI 기반 컨택센터(AICC)를 하반기 출시하고, AIDC·AICC를 중심으로 수익성과 경쟁력을 강화하겠다""며 ""하반기에는 AIDC와 AICC를 기업 인프라 부문의 핵심 성장 축으로 삼아 수익성과 시장 리더십을 동시에 확보하겠다""고 말했다.사진은 LG유플러스 사옥. [사진=LGU+]이어 ""AI 중심 시장 변화에 민첩하게 대응하고 기업 고객의 다양한 요구를 충족시키는 선도적 B2B 사업자로 도약하겠다""고도 덧붙였다."
https://n.news.naver.com/mnews/article/003/0013411987?sid=105,2025-08-08 16:08:08,IT/과학,"[컨콜]LGU+ ""배당 총액 줄지 않는 범위 내 주당 배당 상향 가능성""","[서울=뉴시스]박은비 기자 = LG유플러스가 ""배당성향은 40% 이상 유지하는 걸로 돼있고, 소각으로 주식수가 줄어들 수 있는 부분이 있다""며 ""배당 총액이 전년보다 줄어들지 않는 범위 내에서 (올해) 주당 배당은 상향하는 방향으로 갈 수 있다""고 밝혔다.여명희 LG유플러스 최고재무책임자(CFO)·최고리스크책임자(CRO)(전무)는 8일 오후 진행된 2분기 실적 컨퍼런스콜에서 ""이미 알다시피 기보유 자사주 전액을 다 소각했고, 800억원 규모의 자사주 매입을 추가 공시했다""며 이같이 말했다.여 전무는 ""자사주 매입 금액을 800억원으로 결정한 건 올해 예상되는 잉여영업현금 흐름에서 목표로 하는 부채비율 달성을 고려한 차입금 상환액을 차감해서 매입 가능 재원을 설정했다""며 ""당기순이익의 20% 범위 내에서 주가에 반영된 시장 기대 수준을 종합 고려했다""고 설명했다.그러면서 ""본격적인 투자 확대 이전까지는 올해와 유사한 방식의 자사주 매입과 소각을 진행할 계획""이라고 언급했다.아울러 ""향후에도 자사주 매입 규모 등은 탄력적으로 조절될 수 있지만 시장가와 충분히 소통하면서 기업가치 효과 개선할 수 있는 수준에서 노력하겠다""고 약속했다."
https://n.news.naver.com/mnews/article/003/0013411997?sid=105,2025-08-08 16:09:12,IT/과학,"[컨콜]LGU+ ""아이폰 신제품 출시 등 경쟁적 마케팅 비용 발생 가능""","[서울=뉴시스]박은비 기자 = LG유플러스가 이동통신 단말장치 유통구조 개선에 관한 법률(단통법) 폐지 이후 시장 상황에 대해 ""기존 대비 눈에 띄는 변화가 보이지 않는다""면서도 ""향후 경쟁적인 마케팅 비용이 발생할 수 있다""고 평가했다.LG유플러스는 8일 오후 진행된 2분기 실적 컨퍼런스콜에서 ""아이폰 신모델 출시나 경쟁사의 가입자 회복 시도로 경쟁적 마케팅 비용이 발생 가능한 상황""이라고 설명했다.하지만 ""과잉 경쟁을 방어하면서 디지털 채널 중심의 번호이동 성과 개선으로 비용을 효율적으로 관리해서 가입자 수성할 수 있도록 운영하겠다""고 언급했다.그러면서 ""정부 시책 흐름에 따라 당사에 유리한 방향으로 대응하겠다""며 ""중장기적으로는 휴대폰 가격 경쟁이 아닌 차별화된 인공지능(AI) 서비스로 경쟁하기 위해 마케팅비용을 효율적으로 관리하면서 AI 등 새로운 영역에 투자를 확대할 계획""이라고 강조했다."
https://n.news.naver.com/mnews/article/001/0015556453?sid=101,2025-08-08 16:09:38,경제,"LGU+, 2분기 '깜짝 실적'…알뜰폰 날고 해지율 줄었다(종합2보)","영업이익 3천45억원 '시장 기대 상회'…6분기째 알뜰폰 고성장 주도""휴대폰 가격 아닌 차별화된 AI 서비스로 경쟁할 것""LG유플러스[LG유플러스 제공](서울=연합뉴스) 조성미 박형빈 기자 = LG유플러스는 연결 기준 올해 2분기 영업이익이 3천45억원으로 지난해 동기보다 19.9% 증가했다고 8일 밝혔다.매출은 3조8천444억원으로 작년 동기 대비 10% 증가했다. 당기순이익은 2천171억원으로 31.9% 늘었다.이번 영업이익은 연합인포맥스가 집계한 시장 전망치 2천836억원을 7.4% 상회했다.LG유플러스는 자원의 효율적 재배치, 인공지능(AI)을 활용한 생산성 향상 및 상품 차별화, 가입자 성장을 통한 매출 확대 등이 이번 실적을 견인했다고 분석했다.2분기 무선 사업은 가입자 순증과 5G 핸드셋 가입 비중 증가로 전년 동기 대비 3.8% 늘어난 1조6천542억원의 이익을 거뒀다. 접속수익을 제외한 모바일 서비스 수익은 작년보다 4.3% 증가한 1조5천856억원이다.이동통신(MNO)과 알뜰폰(MVNO)을 합한 전체 무선 가입 회선 수는 2천991만7천여개로 전년 동기 대비 9.9% 증가해 3천만개 달성을 앞뒀다. 특히 알뜰폰 회선이 지난해 동기 대비 21.7% 증가해 898만7천개로 6개 분기 연속 20% 이상 성장했다.이동통신 해지율은 지난해 같은 기간에 비해 0.07%포인트, 직전 분기 대비 0.03%포인트 개선된 1.06%를 기록했다.스마트홈 부문은 인터넷 매출 증가에 힘입어 지난해 2분기 대비 2.7% 증가한 6천366억으로 나타났다.세부적으로 초고속인터넷 매출은 3천22억원으로 전년 동기 대비 6.7% 늘었고, IPTV 사업 매출은 작년 2분기 3천349억원과 유사한 3천305억원을 기록했다.인터넷데이터센터(IDC), 솔루션, 기업 회선 등 사업이 포함된 기업 인프라 부문 매출은 자회사인 LG유플러스볼트업에 EV충전사업을 양도한 영향 등으로 지난해 동기 대비 0.3% 감소한 4천277억원으로 집계됐다.하지만 IDC 사업 매출은 고객사 입주에 따라 가동률이 상승해 작년 동기 대비 5% 증가한 963억원을 기록했다.이번 분기 마케팅 비용은 단말기 판매량 증가에 따라 작년 동기 대비 3.5% 늘어난 5천401억원으로 집계됐다. CAPEX(설비투자)는 지난해 2분기에 비해 29.4% 감소한 3천933억원을 집행했다.여명희 LG유플러스 최고재무책임자(CFO)는 ""이번 분기에도 구조적 원가 경쟁력 개선 활동을 통해 2분기 연속 이익 턴어라운드를 기록할 수 있었다""며 ""단통법 폐지 등 시장 불확실성 속에서도 본원적 서비스 경쟁력을 확고히 하고 장기적인 기업 가치 제고를 위한 주주환원을 지속 강화해 나가겠다""고 말했다.강진욱 LG유플러스 모바일디지털혁신그룹장 상무는 실적 컨퍼런스 콜에서 ""단통법 폐지 당일을 제외하면 눈에 띄는 변화가 없지만, 경쟁사의 가입자 회복 시도, 아이폰 신제품 출시 등 가변적인 상황""이라며 ""휴대폰 가격이 아닌 차별화된 AI 서비스로 경쟁하겠다""고 말했다.한편 전병기 LG유플러스 AX기술그룹장은 정부가 추진하는 '독자 AI 파운데이션 모델' 사업참여에 대해 ""LG유플러스 역시 AI 모델 개발에 직접 참여하며, 실질적이고 차별화된 AI 활용 사례를 발굴해 산업·사회·경제적인 파급 효과를 창출할 것""이라고 설명했다.binzz@yna.co.kr"
https://n.news.naver.com/mnews/article/031/0000955727?sid=105,2025-08-08 16:10:10,IT/과학,"[컨콜] LGU+ ""독자 AI 파운데이션 모델 개발 참여…K-엑사원 중추적 역할 예정""","전병기 LG유플러스 AX기술그룹장은 8일 2025년 2분기 실적발표 콘퍼런스 콜에서 ""AI 독자 파운데이션 모델에 참여한 15개 팀을 평가해 총 5개 정예팀을 선정했고, 이 중 LG AI 컨소시엄이 포함됐다""며 ""파운데이션 모델에 직접 참여하고 K-엑사원 기반의 B2C·B2B 차별화 성공사례를 개발해 범국민적 AI 접근성을 높이고 사회·산업·경제적 효과 창출에 중추적 역할을 하겠다""고 말했다.사진은 LG유플러스 사옥. [사진=LGU+]이어 ""이번 프로젝트를 통해 AI 내재화 역량을 더욱 고도화하고 AI 친화적인 고객 경험 혁신의 기반을 마련할 것으로 기대한다""고 덧붙였다."
https://n.news.naver.com/mnews/article/018/0006085125?sid=105,2025-08-08 16:14:16,IT/과학,LG U+ “엑사원과 오픈AI 결합해 AICC 발화 성능 높일 것”[컨콜],"[이데일리 김현아 기자] LG유플러스(032640)가 인공지능(AI)을 핵심 경쟁력으로 삼아 데이터센터(IDC)와 AI 컨택센터(AICC) 등 B2B 인프라 사업 확장에 나선다.안형균 LG유플러스 기업AI사업그룹장은 8일 열린 2025년 2분기 실적발표 컨퍼런스콜에서 “IDC 분야에서는 기존 자체 데이터센터 역량에 더해 DBO(데이터센터 빌드·운영) 방식을 도입해 고객 수요에 대응하고, 이를 통해 국내 1위 사업자 지위를 공고히 할 계획”이라고 밝혔다.그는 이어 “기업 대상 AI 서비스는 현재 금융권을 중심으로 시장이 열리고 있다”며 “고부가가치 상품으로 사업화하는 동시에, 기존 AICC의 연결성을 접목한 신상품을 출시해 서비스 라인업을 확대하겠다”고 말했다.특히 LG AI연구원의 자체 대규모 언어모델(LLM) ‘엑사원(EXAONE)’과 오픈AI의 GPT를 결합해 발화 인식 성능을 높이고, 이를 통해 서비스 효율성과 매출 성장성을 동시에 강화한다는 방침이다.그는 “오픈AI와의 전략적 파트너십을 통해 AI 기반 컨택센터(AICC)를 하반기 출시하고, AIDC·AICC를 중심으로 수익성과 경쟁력을 강화하겠다”고 강조했다.앞서 LG유플러스는 지난달 28일, 오픈AI와 AICC 솔루션 개발을 위한 양해각서(MOU)를 체결했다.LG유플러스 용산사옥이날 LG유플러스는 LG그룹의 AI 파운데이션 모델 ‘엑사원’ 생태계 조성에서 중추적 역할을 맡는다고도 밝혔다. 회사는 LG AI연구원 주도의 컨소시엄에 참여해 정부의 독자 파운데이션 모델 개발에 직접 참여하고, B2C·B2B 분야에서 차별화된 성공 사례를 발굴해 범국민 AI 접근성을 확대하며 사회·산업 전반의 파급효과를 창출한다는 계획이다.LG유플러스는 “LG는 글로벌 프론티어 오픈모델 수준의 AI 파운데이션 모델 ‘엑사원’을 자체 개발하고 국내외 AX 산업 생태계 적용을 주도해 왔다”며 “이 강점을 기반으로 파운데이션 모델 컴퓨팅 하드웨어와 B2C·B2B·B2G 서비스 역량을 갖춘 10개 기업이 컨소시엄을 구성했다”고 설명했다.회사는 “이번 프로젝트 참여로 AI 내재화 역량을 한층 고도화하고, AI 친화적인 고객 경험 혁신의 토대를 마련할 것”이라고 강조했다."
https://n.news.naver.com/mnews/article/003/0013412018?sid=105,2025-08-08 16:21:34,IT/과학,"[컨콜]LGU+ ""K-엑사원 생태계 구축에 중추적 역할 담당""","[서울=뉴시스]박은비 기자 = LG유플러스가 최근 과학기술정보통신부 주관 '독자 인공지능(AI) 파운데이션 모델' 프로젝트 정예팀으로 LG경영개발원 AI연구원이 정예팀으로 선발된 것에 대해 ""K-엑사원 생태계를 구축하는 데 중추적 역할을 담당한다""고 밝혔다.전병기 LG유플러스 AX그룹장은 8일 오후 진행된 2분기 실적 컨퍼런스콜에서 ""LG는 글로벌 프론티어 오픈모델 수준의 AI파운데이션 모델 엑사원능 자체 개발하고 있다. 국내외 AI 산업 생태계 적용을 주도한 강점을 바탕으로 파운데이션 모델, 컴퓨팅 하드웨어, B2C, B2B, B2G 서비스 영역 내 역량을 갖춘 10개 기업으로 컨소시엄을 구성했다""고 말했다.그러면서 ""컨소시엄 내 LG유플러스는 파운데이션모델 개발에 직접 참여하고, K-엑사원 기반 B2C, B2B의 실질적이고 차별화된 성공 사례를 발굴함으로써 범국민적 AI 접근성 향상과 사회 산업 경제적 파급효과를 창출할 것""이라며 ""K-엑사원 생태계를 구축하는 중추적 역할을 담당한다""고 설명했다.전 그룹장은 이어 ""이번 프로젝트 참여로 당사의 AI 내재화 역량을 한층 더 고도화하고 AI 친화적인 고객 경험 혁신이 강화될 것으로 기대한다""고 덧붙였다."
https://n.news.naver.com/mnews/article/119/0002989075?sid=105,2025-08-08 16:27:10,IT/과학,"LGU+, 분기 영업익 첫 3000억…""하반기 가입자 지키고 AI 생산성 높인다""(종합)","자원 재배치, AI 활용 생산성 향상 등으로 전년 동기 대비 영업수익 10%↑무선 가입회선 3000만개 달성 눈앞, MVNO 가입회선 6개 분기 연속 20% 이상 성장초고속 인터넷 견조한 성장으로 스마트홈 부문 전년比 2.7%↑, 6366억원 매출단통법 폐지 후에도 과열 경쟁 억제…마케팅비 효율화로 가입자 수성LG유플러스 용산사옥 전경ⓒLG유플러스[데일리안 = 조인영 기자] LG유플러스가 모바일 가입자 성장 및 AI 생산성 향상 등으로 분기 사상 처음으로 영업이익 3000억원을 돌파했다.LG유플러스는 2025년 2분기 연결 기준 영업수익(매출) 3조8444억원, 서비스수익 3조164억원, 영업이익 3045억원을 기록했다고 8일 밝혔다. 서비스수익은 영업수익에서 단말수익을 제외한 매출을 말한다.영업수익은 전년 동기 대비 10% 늘어났으며, 서비스수익과 영업이익은 각각 2.5%, 19.9% 증가했다.실적 개선의 배경으로는 자원 효율적 재배치, AI를 활용한 생산성 향상 및 상품 차별화, 견조한 가입자 성장을 통한 안정적인 매출 확대 등이 꼽힌다.이로써 LG유플러스는 지난 1분기에 이어 2분기에도 실적 턴어라운드를 달성하며 두 분기 연속 실적 개선 흐름을 이어가게 됐다.마케팅비용은 단말기 판매량 증가에 따라 지난해 같은 기간 대비 3.5% 늘어난 5401억원을 기록했다. 서비스수익대비 마케팅비용 비중은 전년 동기와 유사한 19.2%로 효율적인 집행을 이어가고 있다. CAPEX(설비투자)는 지난해 2분기에 비해 29.4% 감소한 3933억원을 집행했다.무선 가입 회선 3000만 달성 눈앞, MVNO 회선 6개 분기 연속 20% 이상 성장2분기 무선 사업은 MNO 및 MVNO 가입회선 순증과 5G 핸드셋 가입 비중 증가에 힘입어 전년 동기 대비 3.8% 늘어난 1조6542억원을 기록했다. 접속수익을 제외한 모바일 서비스수익은 1조5856억원으로 전년 대비 4.3% 증가했다.MNO(모바일)와 MVNO(알뜰폰)를 합한 전체 무선 가입회선은 지난해 2분기 대비 9.9% 늘어난 2991만7000여개로, 총 가입회선 3000만개 달성을 눈앞에 두고 있다. MNO 가입회선은 작년 동기 대비 5.5% 증가한 2093만여개, 같은 기간 5G 핸드셋 가입회선은 20.5% 증가한 893만개로 집계됐다.LG유플러스는 ""모바일 사업은 서비스 경쟁력을 강화해 수익성 개선을 도모하고 있다""면서 ""'익시용' 이용이 가능한 단말기를 갤럭시21 시리즈 이상으로 확대하고 보이스 피싱 탐지 기능 서비스도 확대했다""고 말했다.전체 MNO 핸드셋 가입자 대비 5G 핸드셋 가입자 비중은 79.9%로 작년 동기 대비 약 12.2%p 늘었다. 또한 MNO 해지율은 지난해 같은 기간에 비해 0.07%p, 직전 분기 대비 0.03%p 개선된 1.06%를 기록했다.MVNO 가입회선의 증가세도 이어졌다. 2분기 MVNO 회선은 898만 7000회선으로 지난해 동기 대비 21.7% 증가하며 6개 분기 연속 20% 이상 성장을 달성했다.초고속 인터넷의 견조한 성장으로 스마트홈 부문 매출 전년比 2.7%↑초고속 인터넷과 IPTV사업으로 구성된 스마트홈 부문은 인터넷 매출의 견조한 성장으로 지난해 2분기 대비 2.7% 증가한 6366억원의 매출을 달성했다.올 2분기 초고속인터넷 매출은 3022억원으로 전년 동기 대비 6.7% 늘었다. 가입 회선도 547만9000개로 같은 기간 4% 상승했다. 특히 500M 속도 이상 상품에 가입한 회선이 81.3%를 차지하며 실적 개선에 힘을 보탰다.IPTV(인터넷TV) 사업 매출은 OTT 이용률 증가, 홈쇼핑 이용률 감소 등 대외 요인에도 불구하고 꾸준히 가입회선을 확보하며 지난해 2분기 3349억원과 유사한 3305억원을 기록했다. IPTV 가입회선은 569만9000개로 전년 동기 대비 3.3% 늘었으며, 순증 가입회선은 125.9% 증가한 8만9000개로 집계됐다.LG유플러스 2분기 실적ⓒLG유플러스EV충전사업 양도로 기업인프라 매출 0.3% 감소, IDC 사업 매출은 5%↑IDC(인터넷데이터센터), 솔루션, 기업회선 등 사업이 포함된 기업인프라 부문 매출은 자회사인 ‘LG유플러스볼트업’에 EV충전사업을 양도하는 등으로 인해 지난해 같은 기간 대비 0.3% 감소한 4277억원을 기록했다.2분기 IDC사업은 고객사 입주에 따라 가동률이 상승, 매출이 지속 성장해 작년 동기 대비 5% 증가한 963억원의 매출을 달성했다.LG유플러스는 올해 2월에 ‘케이스퀘어 데이터센터 가산’ 위탁운영계약을 체결한 데 이어, 향후 코람코자산운용이 추진하는 복수의 데이터센터 시설 및 임차기업 관리를 총괄 운영하는 등 IDC 관련 실적 및 노하우를 쌓아갈 예정이다.AICC(인공지능 컨택센터), 스마트모빌리티 등 B2B 신사업을 포함하고 있는 솔루션사업은 기존에 포함된 EV충전사업을 LG유플러스볼트업에 양도하며 지난해 2분기 대비 1.9% 감소, 1260억원의 매출을 기록했다.LG유플러스는 LG AI연구원의 ‘엑사원’과 오픈AI API를 결합한 멀티엔진 기반 AICC를 하반기 출시하겠다고 밝혔다.회사측은 ""오픈AI와 AI 솔루션 개발 위한 전략적 파트너십을 체결했다. 이번 협력으로 LG AI연구원 엑사원과 오픈AI의 API를 결합한 멀티엔진 기반의 AICC를 하반기 출시할 계획""이라며 ""이를 통해 해당 분야에서 기술 경쟁력을확보하고 B2B(기업간거래) AI 사업 기반 확장을 구축하겠다""고 말했다.단통법 폐지 후에도 과열 경쟁 억제…마케팅비 효율화로 가입자 수성LG유플러스는 하반기에도 모바일 성장과 원가 개선 기조를 이어갈 계획이다.여명희 LG유플러스 최고재무책임자/최고리스크책임자(CFO/CRO)는 ""1분기부터 영업이익 턴어라운드 가져올 수 있었던 것은 모바일 사업 확대와 구조적인 원가 개선 결과""라며 ""하반기에도 비핵심 사업 구조 개선을 지속하고 효율적인 자원 배분을 통해 수익성을 극대화하겠다. AI 기술을 도입해 운영비를 절감하고 구조적인 원가 경쟁력을 강화해 견조한 연간 실적을 달성하도록 하겠다""고 강조했다.LG유플러스 2분기 실적ⓒLG유플러스단통법 폐지 이후에도 과열 경쟁을 억제하고 가입자를 지키겠다는 계획도 밝혔다.LG유플러스는 ""단통법 폐지 당일을 제외하면 기존 대비 눈에 띄는 변화는 없다. 다만 (애플) 아이폰 신모델 출시나 경쟁사 가입자 회복 시도로 마케팅 경쟁 발생이 가능하다""면서 ""우리는 과열 경쟁 방어하면서 디지털 채널 중심 번호이동 성과 개선으로 획득비 효율적으로 관리하면서 가입자 수성하도록 운영하겠다""고 말했다.이어 ""중장기적으로는 휴대폰 가격 경쟁이 아닌 AI 서비스로 경쟁하기 위해 마케팅비용을 효율적으로 관리하면서 AI 등 새로운 영역에 투자할 계획""이라고 했다.AI 투자와 관련해 최근 선정된 독자 파운데이션 모델 정예팀으로서의 역할을 충실히 수행하겠다고 강조했다.LG는 글로벌 프론티어 오픈 모델 수준의 AI 파운데이션 모델 ‘엑사원’을 자체 개발한 강점을 바탕으로, 파운데이션 모델·컴퓨팅 하드웨어·B2C·B2B·B2G 서비스 역량을 갖춘 10개 기업과 함께 컨소시엄을 구성했다.LG유플러스는 ""파운데이션 모델에 직접 참여하고 -K엑사원 기반 B2C, B2B에 차별화된 성공사례를 개발함으로써 범국민적 AI 접근성 향상과 사회 , 산업 경제적 효과를 창출하는 역할에 중추적 역할을 담당하겠다""면서 ""이번 프로젝트로 당사 AI 내재화 역량을 더욱 고도화하고 AI 친화적인 고객 경험 혁신이 바탕이 될 것으로 기대한다""고 밝혔다."
https://n.news.naver.com/mnews/article/018/0006085147?sid=105,2025-08-08 16:31:10,IT/과학,"LG U+, 마케팅비 3.5%↑ 5401억…하반기 안정 기조 전망[컨콜]","[이데일리 김현아 기자]LG유플러스(032640)가 올해 2분기 가입자 증가에 따라 마케팅 비용이 전년 동기 대비 3.5% 늘어난 5401억원을 기록했다. 전체 서비스 수익 대비 비중은 19.2%로 전년과 유사한 수준을 유지했다.8일 열린 2025년 2분기 실적발표 컨퍼런스콜에서 강진욱 모바일·디지털혁신그룹장은 “2분기 전체 모바일 가입 회선이 2991만7000개로 전년 동기 대비 9.9% 증가했다”며 “기존 통신(MNO)·알뜰폰(MVNO)·바이패스 회선이 각각 5.5%, 21.7% 성장했고, 5G 핸드셋 보급률도 79.9%에 달했다”고 밝혔다. 그는 “‘익시오’ 서비스 이용 가능 단말기를 갤럭시 S21 시리즈 이상으로 확대해 AI 기반 편의 기능과 보이스피싱 탐지 기능을 더 많은 고객이 경험하도록 했다”고 설명했다.LG유플러스 용산사옥여명희 최고재무책임자(CFO)는 “1분기에 이어 영업이익 턴어라운드를 이어간 것은 모바일 사업 확대와 구조적 원가경쟁력 개선 덕분”이라며 “가입자 증가로 마케팅비가 소폭 상승했지만 수익 대비 비중은 전년과 동일하며, 하반기에도 이 기조를 유지할 것”이라고 전망했다.LG유플러스의 2분기 매출은 3조4964억원으로 전년 동기 대비 8.3% 증가했으며, 영업이익은 3107억원으로 23.1% 늘었다.한편, 단말기유통구조개선법(단통법) 폐지와 관련해 회사 측은 “폐지 당일을 제외하면 시장의 큰 변화는 없다”면서도 “아이폰 신모델 출시나 경쟁사 회복 시도로 단기적 마케팅 경쟁이 발생할 수 있어 과열 경쟁을 방어하며 획득비를 효율적으로 관리할 계획”이라고 밝혔다.또 “보안 이슈 대응을 위해 네트워크·데이터 보안을 강화하고, 본원적 서비스 경쟁력 확보로 외부 환경 변화에도 흔들리지 않는 지속 가능한 성장 모멘텀을 이어가겠다”고 덧붙였다."
https://n.news.naver.com/mnews/article/018/0006085154?sid=105,2025-08-08 16:37:11,IT/과학,"LG U+, “배당 총액 유지하며 주당배당 상향 가능”…수익성 전략 지속[컨콜]","[이데일리 김현아 기자] LG유플러스(032640)가 올해 배당 총액을 전년 수준으로 유지하면서도 주당 배당금 인상 가능성을 열어뒀다. 자사주 소각 효과로 주식 수가 줄어들면 동일한 배당 총액에서도 주당 배당이 높아질 수 있다는 설명이다.LG유플러스 용산사옥8일 열린 2분기 실적 컨퍼런스콜에서 LG유플러스 CFO는 “배당 성향 40% 이상을 유지하는 정책은 변함없다”며 “자사주 소각으로 전체 발행주식 수가 감소하면 배당 총액을 줄이지 않더라도 주당 배당금은 상향될 수 있다”고 밝혔다.LG유플러스는 하반기에도 모바일 사업 성장과 비핵심 사업 구조 개선을 통해 수익성 극대화에 나선다. 2분기 모바일 서비스 매출은 전년 동기 대비 4.3% 증가해 2021년 3분기 이후 최고 성장률을 기록했다. 마케팅비는 5401억원으로 전년보다 3.5% 늘었지만, 서비스수익 대비 비중은 19.2%로 동일 수준을 유지했다.회사는 “하반기에도 효율적인 자원 배분과 원가 절감을 통해 연간 실적 목표를 달성할 것”이라며 “AI 기술을 활용해 운영비를 절감하고 구조적인 원가 경쟁력을 강화하겠다”고 강조했다."
https://n.news.naver.com/mnews/article/138/0002202391?sid=105,2025-08-08 16:43:06,IT/과학,"[컨콜] LGU+ “모바일 서비스수익, 4년여 만에 역대 성장률”","단통법 폐지, 마케팅 비용 효율적 집행 영향[ⓒ 디지털데일리][디지털데일리 강소현기자] LG유플러스는 올 2분기 모바일 사업 부문에서 이례적인 매출 성장률을 기록했다고 8일 밝혔다.이날 여명희 LG유플러스 최고재무책임자(CFO) 겸 최고리스크책임자(CRO) 전무는 2분기 실적 발표 직후 진행된 컨퍼런스 콜에서 “2021년 3분기 이후 가장 높은 성장률”이라며 이 같이 밝혔다.LG유플러스의 올 2분기 모바일 서비스수익은 전년보다 4.3% 성장한 1조5856억원으로 집계됐다.이는 전체 모바일 가입회선이 증가한 데 따른 영향이다. SK텔레콤에서 지난 4월 발생한 사이버침해사고의 반사효과로 올 2분기 LG유플러스의 모바일 가입회선은 직전분기 대비 무려 9.9% 급증했다.올 2분기 마케팅비용은 5401억원으로 전년보다 3.5% 늘었다. 다만 매출 대비 마케팅 비용은 19.2%로 전년과 동일한 수준을 유지했다.여명희 전무는 이번 모바일 서비스수익과 관련해 “서비스 수익 대비 마케팅 비용은 전년과 동일한 수준을 유지하면서 수익성 개선 효과가 나타난 것”이라며 “올 하반기에도 이런 기조에는 변화가 없을 것”이라고 밝혔다.단통법 폐지에도 마케팅 비용 규모에는 큰 변화가 없을 것으로 전망됐다. 단통법은 지난달 22일 폐지된 가운데 효율적인 마케팅 비용 집행을 이어가겠다는 방침이다.여 전무는 “단통법 폐지 당일을 제외하면 아직까지 눈에 띄는 변화는 보이지 않고 있다”라며 “ 아이폰 신모델 출시나 경쟁사가 가입자의 회복 시도 등으로 단기적으로 마케팅 경쟁은 발생 가능한 상황이지만 과열 경쟁을 방어하면서 디지털 채널 중심의 번호이동 성과 개선으로 획득비를 효율적으로 관리할 것”이라고 밝혔다."
https://n.news.naver.com/mnews/article/138/0002202395?sid=105,2025-08-08 16:52:15,IT/과학,[컨콜] LGU+ “IDC서 국내 1위 사업자 지위 확보할것”,"""K-엑사원 생태계 구축서 중추적 역할 담당""[디지털데일리 강소현기자] LG유플러스가 데이터센터(IDC)와 AI 컨택센터(AICC) 두 사업을 주축으로 인공지능(AI) 기업간거래(B2B) 부문 사업을 확장한다.8일 안형균 LG유플러스 기업AI사업그룹장은 올 2분기 실적 발표 직후 진행된 컨퍼런스 콜에서 “AI 핵심 인프라인 IDC에서 국내 1위 사업자 지위를 확보하겠다”며 이 같이 밝혔다.LG유플러스의 올 2분기 IDC사업 부문 매출은 전년 동기 대비 5% 늘어난 963억원으로 집계됐다. 고객사 입주에 따라 가동률이 상승한 데 따른 것이다.AICC를 포함한 솔루션사업 매출은 기존에 포함된 EV충전사업을 LG유플러스볼트업에 양도하며 전년보다 1.9% 감소한 1260억원을 기록했다.다만 AICC에서 LG AI연구원의 '엑사원(EXAONE)'과 오픈AI의 '챗GPT'를 결합해 실제 고객 발화 인식 정확도를 높이고 있는 만큼, 이를 통해 서비스 효율성과 매출 성장성을 함께 제고할 수 있을 것으로 기대했다.안 그룹장은 “자체 IDC 구축에 이어 DBO(Design-Build-Operate) 방식의 신규 센터 운영을 통해 고객 수요에 대응하고 있다”라 “AICC와 관련해선 고부가가치를 지닌 AS 상품과 결합해 상용화하고 기존 커넥티비티 인프라와 연계한 상품을 추가로 출시해 B2B 서비스 라인업을 강화할 것”이라고 밝혔다.한편, LG유플러스는 최근 국가대표 AI를 선발하는 독자 AI 파운데이션 모델 프로젝트 사업자 중 하나로 선정된 가운데 범국민적 AI 접근성 향상과 사회 산업 경제적 파급효과를 창출하겠다는 의지를 밝혔다.LG 컨소시엄에는 주관사인 LG AI연구원을 비롯해 ▲LG유플러스 ▲LG CNS ▲슈퍼브AI ▲퓨리오사AI ▲프렌들리AI ▲이스트소프트 ▲이스트에이드 ▲한글과컴퓨터 ▲뤼튼테크놀로지스 등 10개 사가 참여한다.전병기 LG유플러스 AX그룹장은 “컨소시엄 내 LG유플러스는 파운데이션모델 개발에 직접 참여하고 K-엑사원 기반 B2C, B2B의 실질적이고 차별화된 성공 사례를 발굴함으로써 K-엑사원 생태계를 구축하는 중추적 역할을 담당한다”라며 “이번 프로젝트 참여로 당사의 AI 내재화 역량을 한층 더 고도화하고 AI 친화적인 고객 경험 혁신이 강화될 것으로 기대한다”고 말했다."
https://n.news.naver.com/mnews/article/421/0008419106?sid=105,2025-08-08 16:58:26,IT/과학,"LGU+, 창사 첫 분기 영업익 3000억 돌파…하반기도 수익 극대화","[IR종합]LGU+ ""과도한 마케팅 지양…비용 관리도 계속""국가대표AI 참여엔 ""AI 내재화 역량 한층 고도화할 것""LG유플러스 용산사옥 2020.08.24/뉴스1(서울=뉴스1) 김정현 이기범 기자 = LG유플러스(032640)가 모바일 매출 성장을 바탕으로 2분기 영업이익이 3000억 원을 돌파하며 호실적을 기록했다. 분기 기준 최대 영업이익이다. 하반기에도 구조 개선과 효율적 자원 배분으로 수익성을 극대화한다는 방침이다.여명희 LG유플러스 최고재무책임자(CFO)는 8일 개최한 2분기 실적발표 콘퍼런스콜에서 ""1분기부터 지속적으로 영업이익이 턴 어라운드를 기록한 건 모바일 사업 확대와 구조적인 원가 경쟁력 개선의 결과로 보고 있다""고 말했다.이날 LG유플러스는 2025년 2분기 매출 3조 8444억 원, 영업이익 3045억 원을 시현했다고 공시했다. 분기 영업이익이 3000억원 을 돌파한 건 처음이다.이같은 호실적은 SK텔레콤 유심정보 해킹 사건으로 이탈한 가입자가 유입되며 무선 사업 매출이 크게 늘어난 영향이다.여 CFO는 ""모바일 서비스 매출은 조금 전에 말씀은 했지만 전년 동기 대비 4.3% 성장을 했는데, 이 추세는 2021년 3분기 이후로 가장 높은 성장률""이라고 설명했다.이어 ""마케팅 비용은 가입자 증가에 따라 전년 동기 대비 3.5% 상승했지만, 실질적으로 서비스 수익 대비 마케팅 비용은 19.2%로 전년과 동일한 수준을 유지했다""며 ""하반기에도 이같은 기조는 유지할 것""이라고 말했다.지난 7월 폐지된 단통법으로 인한 시장 불확실성에도 ""과도한 마케팅 경쟁보단 본원적 서비스 경쟁력을 확보해 외부 환경 변화에 흔들림 없는 지속 가능한 성장 모멘텀을 가져가겠다""고 덧붙였다.서울의 한 휴대폰 판매점에 걸린 단통법 폐지 관련 홍보물. 2025.7.22/뉴스1 ⓒ News1 신웅수 기자또 LG유플러스는 모바일 매출 증가와 함께 이번 실적에 기여한 '효과적 비용 관리' 기조도 하반기에 이어가겠다고도 했다.여 CFO는 ""하반기에도 LG유플러스 비핵심 사업 구조 개선을 계속하고 효율적인 자원 배분을 통해서 수익성을 극대화할 계획""이라며 ""AI 기술의 적극 도입으로 디지털 전환을 가속해 운영비용을 절감하고 구조적인 원가 경쟁력을 한층 강화해 견조한 연간 실적을 달성하도록 노력하겠다""고 전했다.이번 정부의 '독자 인공지능(AI) 파운데이션 모델 프로젝트' 참여를 계기로 다양한 사업 기회를 찾겠다는 계획도 공개했다. LG유플러스는 5개 정예팀으로 뽑힌 LG AI연구원의 컨소시엄에 참여한 상태다.전병기 AX기술그룹장은 ""컨소시엄 내에서 LG유플러스는 파운데이션 모델 개발에 직접 참여하며, 기업대상(B2B), 소비자대상(B2C)에서 차별화된 성공 사례를 발굴할 것""이라며 ""이번 프로젝트를 참여함으로써 AI 내재화 역량을 한층 더 고도화하고 AI 친화적인 고객 경험 혁신의 바탕이 될 것으로 기대하고 있다""고 말했다.마지막으로 LG유플러스는 배당과 관련해 배당 총액을 지난해 수준으로 유지하면서도, 주당 배당금 인상도 가능하다고 언급했다.여 CFO는 ""배당 성향 40% 이상은 유지하는 걸로 돼 있다""면서도 ""자사주 소각으로 발행주식 수가 줄어들면 배당 총액이 지난해보다 줄지 않는 범위 내에서 주당 배당금은 상향하는 방향으로 갈 수 있다""고 했다."
https://n.news.naver.com/mnews/article/138/0002202398?sid=105,2025-08-08 17:05:09,IT/과학,"[DD퇴근길] 쇼핑·검색·광고에 AI 더한 네이버, 2분기 날았다","디지털데일리가 퇴근 즈음해서 읽을 수 있는 [DD퇴근길] 코너를 마련했습니다. 하루동안 발생한 주요 이슈들을 퇴근길에서 가벼운 마음으로 읽을 수 있도록 요약했습니다. 전체 기사는 ‘디지털데일리 기사 하단의 관련뉴스(아웃링크)’에서 확인할 수 있습니다.최수연 네이버 대표. [ⓒ 네이버]네이버, 2분기 매출 12% ‘쑥’…AI·글로벌 C2C로 무대 넓힌다[유채리기자] 네이버가 생태계 확장과 입지 공고화에 대한 자신감을 드러냈습니다. 2분기 매출과 영업이익 모두 호실적을 기록했습니다. 8일 네이버는 연결 기준 2분기 매출 2조9151억원, 영업익 5216억원을 기록했다고 공시했습니다. 각각 전년 동기 대비 11.7%, 10.3% 늘어난 수치입니다.최수연 네이버 대표는 쇼핑에 대한 자신감도 드러냈는데요. 2분기 커머스 매출은 전년 동기 대비 19.8% 증가했습니다. 지난 3월 출시한 네이버 플러스 스토어 앱도 앱 전체 페이지 뷰 수와 거래액이 순증하며 시장에 안착했습니다. 하반기에는 컬리·N마트 오픈과 앱 활성화를 본격 추진합니다. 신선식품과 FMCG(Fast-Moving Consumer Goods, 일상 소비재)의 경쟁력을 획기적으로 강화한다는 계획입니다. 최 대표는 “소비자들에게 쇼핑의 첫 목적지가 되도록 경쟁 우위를 확고히 할 예정”이라고 밝혔습니다.네이버는 연내 ‘네이버만이’ 제공할 수 있는 쇼핑 전문 AI에이전트를 도입한다는 계획입니다. 오프라인 매장 전문 세일즈 어드바이저와 같이 고객 개개인의 쇼핑을 밀착 지원하는 서비스입니다. ‘스페인판 당근’ 왈라팝(Wallapop) 인수 계약 체결에 대해선 “글로벌 확장 기반을 마련할 수 있을 것”이라고 했습니다. “C2C 서비스는 커뮤니티, 상품 정보, 트렌드 등 여러 데이터가 담겨 있는 대화와 커뮤니티가 결합된 생태계”며 “판매자와 창작자를 육성·지원하며, 광고, 상거래를 통해 사업 기회를 만드는 게 네이버가 가장 잘하는 영역”이라고 했습니다.[ⓒ LG유플러스]LGU+, 신규가입자 순증에 핵심사업 ‘활짝’...“반사익 덕분”[오병훈기자] LG유플러스가 SK텔레콤 데이터유출 사고에 따른 반사이익을 톡톡히 봤습니다. 이동통신부터 초고속인터넷 서비스까지 핵심 매출원을 이루는 대부분 지표가 증가하면서 전년 동기 대비 큰 폭으로 성장했습니다. 8일 전자공시시스템에 따르면, LG유플러스 올해 2분기 한국채택국제회계기준(K-IFRS) 연결 매출은 3조8444억원으로 전년 동기 대비 10% 증가했습니다. 연결 영업이익도 3045억원으로 전년 동기 대비 19.9% 증가했죠. 당기순이익은 2171억원으로 전년 동기 대비 31.9% 증가했습니다.매출 상승 동력은 단말기 수익입니다. 지난 4월 발생한 SK텔레콤 유출사고에 따라 대규모 가입자 이탈이 발생함에 따라, LG유플러스 신규가입자가 증가하면서 단말기 마진 수익이 급증한 데 따른 것으로 풀이됩니다. 한국통신사업자연합회(KTOA)가 공개한 ‘이동전화 번호이동자 수 현황’에 따르면 5-7월 사이 SK텔레콤에서 LG유플러스로 이동한 가입자수는 38만5850명입니다. 올해 2분기 단말기 수익은 8280억원으로, 전년 동기 5498억원 대비 50.6% 증가했습니다. 단말기 수익 증가분(2782억원)이 전체 매출 상승분(3507억원)의 대부분을 차지하죠.네이버 사옥 전경. [ⓒ 네이버 홈페이지 갈무리]네이버, 검색·콘텐츠·광고에 AI 입히자…2분기 실적 '역대 최대'[조윤정기자] 네이버가 올해 2분기에도 주요 사업의 견조한 성장세를 유지하며 안정적인 실적을 달성했습니다. 특히 AI 기술을 바탕으로 한 검색 서비스 고도화, 콘텐츠 생태계 강화, 그리고 AI 광고 기술 발전이 두드러지며 네이버의 중장기 성장 전략이 구체화되고 있죠. 최수연 대표는 “AI 시대에 네이버는 사용자 생성 콘텐츠(UGC)와 쇼핑, 플레이스 등 방대한 비즈니스 데이터를 기반으로 압도적인 플랫폼 경쟁력을 갖췄다”며 “이를 기반으로 콘텐츠와 데이터에 AI 기술을 결합해 수익화 기회도 확대 중”이라고 말했습니다.콘텐츠 부문에서는 AI를 활용한 창작자 지원 및 보호가 주목받았습니다. 네이버는 블로그, 카페, 리뷰 등 주요 콘텐츠에 대해 AI 봇 크롤링을 차단하는 한편, ‘쇼핑 커넥트 프로그램’을 통해 창작자들이 콘텐츠 노출로 광고 수익을 얻는 수준을 넘어, 실제 상품 판매와 연계된 추가 수익까지 창출할 수 있도록 지원하고 있습니다. AI 기반 광고 기술 또한 본격적인 성과를 나타냈습니다. 네이버에 따르면 올해 2분기 전체 플랫폼 광고 매출은 전년 동기 대비 8.7% 증가했으며, 이 중 약 4%포인트는 AI 기반 광고 플랫폼 애드부스트 등 AI 기술 적용에 따른 직접적인 효과인 것으로 알려졌습니다.백종원 더본코리아 대표. [ⓒ 더본코리아]백종원, 칼 빼든다…더본코리아, 악성 유튜버 대응 긴급 상생위 가동[최규리기자] 더본코리아가 일부 유튜버의 ‘백종원 시리즈’ 영상과 관련해 강경 대응에 나섭니다. 빽다방, 홍콩반점, 역전우동, 새마을식당, 한신포차 점주협의회는 해당 영상이 근거 없는 비방과 혐오를 조장해 매출에 직접적인 피해를 주고 있다며, 지난 7일 본사에 긴급 상생위원회 개최를 요청했습니다. 문제의 영상에서는 원두·소스 유통기한과 재료 품질을 왜곡하는 등 사실 확인이 되지 않은 주장이 확산됐고, 일부 매장은 생존 위기에 몰린 것으로 전해졌습니다.점주들은 이재명 대통령이 최근 가짜뉴스 유튜버에 대한 징벌적 손해배상 등 강력 제재 필요성을 언급한 점을 인용하며, 정부 기조와 현장의 피해 상황이 맞물려 있다고 강조했습니다. 더본코리아 관계자는 “그간 허위사실 유포에 대응하지 않은 것은 오히려 조회수를 높여 피해가 커질 것을 우려했기 때문”이라며 “이번에는 점주 요청에 따라 철저하고 강력한 대응책을 마련하겠다”고 밝혔습니다.[ⓒ 오픈AI]오픈AI, 최신 모델 'GPT-5' 공개…한국어 성능·실무 활용성 강화[이나연기자] 챗GPT 개발사 오픈AI가 7일(현지시간) 최신 언어 모델 'GPT-5'를 공식 발표했습니다. GPT-5는 일반 모델과 추론 모델을 결합한 하이브리드 모델로 기존 'GPT-4o'와 'o3'를 보다 개선해 통합했는데요. 신뢰성과 안전은 물론 코딩, 글쓰기, 헬스케어 부문에서 성능이 크게 향상됐으며 환각 감소로 더 정확한 답변을 제공합니다. 한국어 성능도 대폭 개선됐죠.GPT-5는 무료 계정을 포함한 모든 사용자에게 배포되는데요. 무료 이용자가 최신 추론 모델을 쓸 수 있는 것은 이번이 처음입니다. 다만 구독 등급별 이용 한도는 다릅니다. 샘 올트먼 오픈AI 최고경영자(CEO)는 ""GPT-3와 GPT-4가 각각 고등학생, 대학생 같았다면 GPT-5는 진짜 전문가인 박사와 대화하는 느낌""이라고 말했죠.국회입법조사처와 한국법제연구원 등은 8일 서울 여의도 국회의원회관에서 ‘인공지능기본법의 발전방향 모색: 혁신과 신뢰 사이의 균형적 해법’을 주제로 포럼을 개최했다. [ⓒ 디지털데일리]AI기본법 하위법령 이달 공개 목표…현장 혼란 줄이려면[이나연기자] 내년 1월부터 시행되는 ‘인공지능 발전과 신뢰 기반 조성 등에 관한 기본법(AI기본법)’의 하위법령인 시행령, 고시, 가이드라인이 이번달 공개될 예정입니다. 전문가들은 AI기본법이 ‘첫 단추’를 잘 꿰어야 산업 진흥과 신뢰 보호라는 두 마리 토끼를 잡을 수 있다고 입을 모읍니다. 이를 위한 대안으로는 모호한 법 용어와 책임 주체를 명확히 하고, 해외 의존도가 높은 국내 AI 환경에 맞춘 정보 제공·공급망 투명성 확보 장치를 마련해야 한다는 제안이 나왔죠.8일 서울 여의도 국회의원회관에서 열린 ‘인공지능기본법의 발전방향 모색: 혁신과 신뢰 사이의 균형적 해법’ 포럼에서는 AI기본법 개념 정의부터 규제 절차, 해외 AI 활용 문제, 투명성 의무까지 현행 법안의 허점과 개선 방향이 쏟아졌습니다. 애초 계획과 달리 AI기본법 하위법령 초안 공개 시기가 밀린 가운데, 정부는 이달 중 공개에 나서 업계 안팎의 의견을 수렴한다는 방침입니다. 김경만 과학기술정보통신부 인공지능기반정책관은 ""곧 공개될 하위법령에서 정의 규정 등 모호한 부분은 해석이라는 이름으로 제시될 것""이라고 말했죠.하워드 러트닉 미국 상무부 장관. [ⓒ UPI=연합뉴스]관세 폭탄 뒤 면세 카드 내민 美…복잡해진 K-반도체 셈법 [소부장반차장][고성현기자] 도널드 트럼프 미국 행정부가 반도체 수입품에 100% 관세를 부과하겠다는 방침을 밝힌 데 이어, 트럼프 대통령 임기 내 현지 공장을 지을 경우 관세를 면제하겠다는 조건도 내놓았습니다. 삼성전자, SK하이닉스 등이 이미 미국 투자를 진행 중인 만큼 수혜 가능성도 거론되지만, 정책 방향이 엇갈리며 불확실성이 커지고 있어 업계의 셈법은 한층 복잡해지고 있습니다.8일 업계에 따르면 하워드 러트닉 미국 상무부 장관은 7일(현지시간) 미국 폭스뉴스와의 인터뷰에서 ""트럼프 대통령 임기 중 미국에 공장을 짓겠다고 약속하고 상무부에 신고한 뒤, 건설 과정을 끝까지 감독 받으면 관세 없이 반도체를 수입할 수 있도록 허용할 것""이라고 말했습니다. 그러면서 ""공장 건설이 실제로 이뤄지고 있다는 점이 확인돼야 한다""고 강조했습니다.러트닉 상무장관의 발언은 전날 트럼프 대통령이 반도체 수입품에 100% 관세를 부과하겠다고 밝힌 뒤 내놓은 보충 설명으로 해석됩니다. 트럼프 대통령은 당시 ""미국 내에 공장을 짓거나 짓기로 약속한 기업에는 관세를 면제하겠다""고 언급했으나 이 조치가 해당 기업의 모든 대미 수출에 적용되는 것인지, 아니면 현지에서 생산한 품목에만 한정되는 것인지는 명확히 하지 않았습니다. 이후 러트닉 장관이 미국 현지 투자 기업이 수출하는 품목에 관세 면제가 적용될 수 있다는 점을 구체적으로 언급하면서 해석의 범위를 좁히게 됐습니다.인텔 다이렉트 커넥트 2025에서 무대에 오른 립부 탄 인텔 CEO. [ⓒ 인텔]美 트럼프 사임요구에 립부 탄 인텔 CEO ""국가·경제 안보 전적 공감…윤리기준 준수했다"" [인더AI][김문기기자] 도널드 트럼프 미국 대통령이 립-부 탄 인텔 최고경영자(CEO)에게 “즉각 사임하라”고 공개 요구한 지 하루 만에, 탄 CEO가 전 임직원에게 보내는 내부 서한이 공개됐습니다. 서한에서 그는 자신을 둘러싼 중국 관련 의혹을 정면으로 부인하며, 미국 기술 리더십과 국가 안보 강화를 위한 인텔의 역할을 거듭 강조했습니다.탄 CEO는 7일(현지시간) 내부 직원에게 보내는 서한을 통해 “미국은 내가 40년 이상 살아온 고향이며, 받은 기회들에 깊이 감사한다”며 서두를 열었습니다.그는 인텔을 “단순한 직장이 아닌 특권”으로 규정하고, “미국 기술·제조업 리더십, 국가 안보, 경제 역량에 필수적인 회사”라고 언급했습니다. 이어 “월든 인터내셔널과 케이던스 디자인시스템즈에서의 과거 경력에 대해 많은 잘못된 정보가 유포되고 있다”며, “나는 40년 경력 동안 항상 최고 수준의 법적·윤리적 기준을 준수해왔으며, 평판은 신뢰에 기반한다”고 반박했습니다."
https://n.news.naver.com/mnews/article/008/0005233504?sid=105,2025-08-08 17:09:02,IT/과학,"LGU+, 분기 영업익 3000억 첫 돌파…""SKT 해킹 반사이익""","(종합) 가입자 증가 속 비용 효율화로 '깜짝실적'단통법 폐지로 과잉경쟁 우려…""가격 대신 AI로 차별화""LG유플러스 실적/그래픽=김지영LG유플러스가 창사 이래 첫 분기 영업이익 3000억원을 돌파했다. SK텔레콤 해킹 반사이익으로 가입자가 증가한 가운데 비핵심 사업 철수 등 자원을 재배치한 덕분이다.8일 LG유플러스는 올 2분기 연결기준 매출 3조8444억원, 영업이익 3045억원을 기록했다고 밝혔다. 전년 동기 대비 각각 10.0%, 19.9% 증가했다. 이는 시장 전망치를 뛰어넘는 수준이다. 금융정보업체 에프앤가이드에 따르면 LG유플러스 2분기 매출 추정치는 3조6815억원, 영업이익 2786억원이었다.단말기 판매가 늘면서 마케팅비가 1년 전보다 3.5% 증가했지만, 서비스 수익(매출에서 단말기 수익 제외) 대비 마케팅비 비중은 전년 동기와 유사한 19.2%다. CAPEX(설비투자·3933억원)도 29.4% 감소했다. 여명희 최고재무책임자(CFO)는 실적 컨퍼런스콜에서 ""하반기에도 비핵심 사업 구조 개선과 효율적인 자원 배분으로 수익성을 극대화 하겠다""고 말했다.지난 4월 SKT 해킹사고 후 이동통신 시장에 '가입자 대이동'이 벌어지면서 LG유플러스도 반사이익을 거뒀다. MNO(이동통신) 및 MVNO(알뜰폰)을 합한 전체 무선 가입회선(2991만7000개)이 전년 동기 대비 9.9% 늘며 3000만개 달성을 눈앞에 둔 것이다. MNO 가입회선은 5.5%. MVNO는 21.7% 증가했다. 이에 따른 무선사업 매출은 3.8% 증가한 1조6542억원이다.━""'독자AI' 사업 참여로 AI 역량 고도화""━단통법 폐지로 하반기 이통3사 가입자 쟁탈전이 재점화되면 2분기만큼 무선 가입회선 변동 폭이 클 수 있다. 마케팅비 증가도 예상된다. 여 CFO는 ""아이폰 신모델 출시나 경쟁사 가입자 회복시도로 단기 마케팅 경쟁이 발생할 수 있다""며 ""과잉 경쟁을 방어하면서 디지털 채널 중심의 번호이동 성과 개선으로 비용을 효율적으로 관리해 가입자를 수성하겠다""고 말했다.중장기적으론 단말기 가격이 아닌 AI 서비스로 승부한다는 계획이다. 이를 위해 AI 투자를 확대한다. 최근 과학기술정보통신부 '독자 AI 파운데이션 모델' 사업에 선정된 LG 컨소시엄에도 참여했다. 전병기 AX기술그룹장은 ""AI 모델 개발에 직접 참여한다""며 ""이번 프로젝트로 AI 내재화 역량을 고도화해 AI 친화적인 고객경험 혁신을 이어갈 것""이라고 자신했다.한편 초고속 인터넷과 IPTV 사업으로 구성된 스마트홈 부문 매출도 전년 동기 대비 2.7% 증가한 6366억원을 기록했다. IDC(인터넷데이터센터), 솔루션, 기업회선이 포함된 기업인프라 부문 매출(4277억원)은 자회사 'LG유플러스볼트업'에 EV 충전사업을 양도한 영향으로 전년 동기 대비 0.3% 감소했다. 다만 IDC 사업 매출은 가동률 상승으로 전년 동기 대비 5% 증가한 963억원을 달성했다."
https://n.news.naver.com/mnews/article/448/0000548324?sid=101,2025-08-08 17:30:13,경제,"LGU+, 분기 영업익 3000억 첫 돌파…SKT 해킹사태 반사이익","LG유플러스가 창사 이래 첫 분기 영업이익 3000억원을 돌파했다. SK텔레콤 해킹 반사이익에 더해 비핵심 사업 철수 등 자원을 재배치한 덕분이다.LG유플러스 용산 사옥.LG유플러스는 올 2분기 연결기준 매출 3조8444억원, 영업이익 3045억원을 기록했다고 오늘(8일) 밝혔다. 전년 동기 대비 각각 10.0%, 19.9% 증가했다. 이는 시장 전망치를 뛰어넘는 수준이다. 금융정보업체 에프앤가이드에 따르면 LG유플러스 2분기 매출 추정치는 3조6815억원, 영업이익 2786억원이었다.단말기 판매가 늘면서 마케팅비가 1년 전보다 3.5% 증가했지만, 서비스 수익 대비 마케팅비 비중은 전년 동기와 유사한 19.2%다. CAPEX도 29.4% 감소했다. 여명희 최고재무책임자(CFO)는 실적 컨퍼런스콜에서 ""하반기에도 비핵심 사업 구조 개선과 효율적인 자원 배분으로 수익성을 극대화 하겠다""고 말했다.지난 4월 SKT 해킹사고 후 반사이익도 거뒀다. MNO(이동통신) 및 MVNO(알뜰폰)을 합한 전체 무선 가입회선(2991만7000개)이 전년 동기 대비 9.9% 늘며 3000만개 달성을 눈앞에 둔 것이다. MNO 가입회선은 5.5%. MVNO는 21.7% 증가했다. 이에 따른 무선사업 매출은 3.8% 증가한 1조6542억원이다.단통법 폐지로 하반기 이통3사 가입자 쟁탈전이 재점화되면 2분기만큼 무선 가입회선 변동 폭이 클 수 있다. 마케팅비 증가도 예상된다.중장기적으론 단말기 가격이 아닌 AI 서비스로 승부한다는 계획이다. 이를 위해 AI 투자를 확대한다. 최근 과학기술정보통신부 '독자 AI 파운데이션 모델' 사업에 선정된 LG 컨소시엄에도 참여했다. 전병기 AX기술그룹장은 ""AI 모델 개발에 직접 참여한다""며 ""이번 프로젝트로 AI 내재화 역량을 고도화해 AI 친화적인 고객경험 혁신을 이어갈 것""이라고 자신했다."
https://n.news.naver.com/mnews/article/421/0008419158?sid=105,2025-08-08 17:33:08,IT/과학,알뜰폰 첫 1000만 가입자 돌파…SKT 해킹 이탈자 유입 덕,"KT·LGU+·알뜰폰, SKT 이탈자 흡수하며 3달 연속 증가S서울 시내 한 편의점에서 판매하는 알뜰폰 유심. 2025.4.29/뉴스1 ⓒ News1 김진환 기자(서울=뉴스1) 김정현 기자 = 알뜰폰 가입자가 지난 6월 처음으로 1000만 명을 넘어섰다. SK텔레콤 해킹 사태로 이탈한 가입자가 알뜰폰과 KT, LG유플러스로 유입된 영향이다.과학기술정보통신부가 8일 발표한 '무선통신서비스 가입자 통계'에 따르면 지난 6월말 기준 알뜰폰 가입회선 수는 직전 달 대비 1.1% 늘어난 1010만 9612회선으로 나타났다.올해 들어 매달 가입자 증가 추세를 보인 알뜰폰은 6월말 기준 사상 처음으로 가입자 1000만 명을 넘어섰다. 알뜰폰뿐 아니라 KT와 LG유플러스 모두 3달 연속으로 가입회선이 증가했다.KT와 LG유플러스의 회선 수도 각각 0.4%, 0.3% 증가한 1346만 2745회선(점유율 23.80%), 1101만 3450회선(점유율 19.47%)을 기록했다.해킹 사태로 인해 가입자 이탈이 이어졌던 SKT의 회선 수는 같은 기간 0.7% 감소한 2198만 3773회선으로, 점유율도 38.86%로 낮아졌다. 직전 달 SKT의 점유율은 39.17%이었다."
https://n.news.naver.com/mnews/article/138/0002202401?sid=105,2025-08-08 17:38:16,IT/과학,"'어닝서프라이즈' LGU+, SKT 덕에 웃었다…'3000만 회선' 육박(종합)","포화시장 속 모바일 매출 이례적 급증…SKT 반사이익 톡톡LG유플러스 홍범식 사장이 지난 23일 개최된 2분기 타운홀미팅에서 전사 전략 방향을 공유하고 있다. [ⓒ LG유플러스][디지털데일리 강소현기자] LG유플러스가 지난 1분기에 이어 2분기에도 실적 턴어라운드를 달성했다. 특히 영업이익에서 분기 기준 최대치를 달성한 가운데, 여기에는 모바일 사업 매출의 성장이 주효했다. 최근 SK텔레콤에서 발생한 사이버침해 사고에 따른 반사이익을 톡톡히 봤다는 평가다.LG유플러스는 남은 하반기도 질적 성장에 초점을 맞춘다는 방침이다. 인공지능(AI) 사업의 자체 수익성을 강화하는 한편, AI 기술을 적극 활용하여 전 사업 부문서 운영 효율화를 도모하고 생산성을 높이겠다는 포부다.◆ SKT 반사이익에…모바일 가입회선 '3000만개' 육박LG유플러스는 지난 2분기 매출 3조8444억원, 영업이익 3045억원을 기록했다고 8일 밝혔다. 전년보다 매출과 영업이익은 각각 10%, 19.9% 증가했다. 특히 영업이익은 분기 기준 역대 최고치를 갱신했다.이번 실적도 이변없이 유·무선 사업이 견인했다.특히 모바일 사업 부문에서 이례적인 매출 성장률을 기록했다. 올 2분기 무선사업 매출에서 접속수익을 제외한 모바일 서비스수익은 전년보다 4.3% 성장한 1조5856억원으로 집계됐다. 이는 2021년 3분기 이후 가장 높은 성장률이다.지난 4월 SK텔레콤에서 발생한 사이버침해 사고에 따른 반사이익이 두드려졌다. 이번 사고로 SK텔레콤 가입자의 유심 관련 정보 일부가 유출된 정황이 발견됐는데, 2차 피해 우려가 증폭되면서 KT·LG유플러스로의 번호이동 건수는 크게 늘어난 것인다.실제 올 2분기 LG유플러스의 모바일 가입회선은 직전분기 대비 무려 9.9% 급증한 2991만7000개로 집계됐다.마케팅비용은 5401억원으로 전년보다 3.5% 늘었는데, 매출 대비 마케팅 비용은 19.2%로 전년과 동일한 수준을 유지했다.여명희 LG유플러스 최고재무책임자(CFO) 겸 최고리스크책임자(CRO) 전무는 “서비스 수익 대비 마케팅 비용은 전년과 동일한 수준을 유지하면서 수익성 개선 효과가 나타난 것”이라며 “올 하반기에도 이런 기조에는 변화가 없을 것”이라고 밝혔다.단통법 폐지에도 마케팅 비용 규모에는 큰 변화가 없을 것으로 전망됐다. 단통법은 지난달 22일 폐지된 가운데 효율적인 마케팅 비용 집행을 이어가겠다는 방침이다.여 전무는 “단통법 폐지 당일을 제외하면 아직까지 눈에 띄는 변화는 보이지 않고 있다”라며 “ 아이폰 신모델 출시나 경쟁사가 가입자의 회복 시도 등으로 단기적으로 마케팅 경쟁은 발생 가능한 상황이지만 과열 경쟁을 방어하면서 디지털 채널 중심의 번호이동 성과 개선으로 획득비를 효율적으로 관리할 것”이라고 밝혔다.◆IDC·AICC 사업 두축…“엑사원과 오픈AI 결합해 상품 경쟁력 강화”올 하반기 LG유플러스는 데이터센터(IDC)와 AI 컨택센터(AICC) 두 사업을 주축으로 AI 기업간거래(B2B) 부문 사업을 확장한다는 방침이다. 특히 AI 핵심 인프라인 IDC에서 국내 1위 사업자 지위를 확보하겠다는 포부다.LG유플러스의 올 2분기 IDC사업 부문 매출은 전년 동기 대비 5% 늘어난 963억원으로 집계됐다. 고객사 입주에 따라 가동률이 상승한 데 따른 것이다.AICC를 포함한 솔루션사업 매출은 기존에 포함된 EV충전사업을 LG유플러스볼트업에 양도하며 전년보다 1.9% 감소한 1260억원을 기록했다.다만 AICC에서 LG AI연구원의 '엑사원(EXAONE)'과 오픈AI의 '챗GPT'를 결합해 실제 고객 발화 인식 정확도를 높이고 있는 만큼 이를 통해 서비스 효율성과 매출 성장성을 함께 제고할 수 있을 것으로 기대했다.안형균 LG유플러스 기업AI사업그룹장은 “자체 IDC 구축에 이어 DBO(Design-Build-Operate) 방식의 신규 센터 운영을 통해 고객 수요에 대응하고 있다”라 “AICC와 관련해선 고부가가치를 지닌 AS 상품과 결합해 상용화하고 기존 커넥티비티 인프라와 연계한 상품을 추가로 출시해 B2B 서비스 라인업을 강화할 것”이라고 밝혔다.LG유플러스는 최근 국가대표 AI를 선발하는 독자 AI 파운데이션 모델 프로젝트 사업자 중 하나로 선정된 가운데 이날 범국민적 AI 접근성 향상과 사회 산업 경제적 파급효과를 창출하겠다는 의지를 밝히기도 했다.LG 컨소시엄에는 주관사인 LG AI연구원을 비롯해 ▲LG유플러스 ▲LG CNS ▲슈퍼브AI ▲퓨리오사AI ▲프렌들리AI ▲이스트소프트 ▲이스트에이드 ▲한글과컴퓨터 ▲뤼튼테크놀로지스 등 10개 사가 참여한다.전병기 LG유플러스 AX그룹장은 “컨소시엄 내 LG유플러스는 파운데이션모델 개발에 직접 참여하고 K-엑사원 기반 B2C, B2B의 실질적이고 차별화된 성공 사례를 발굴함으로써 K-엑사원 생태계를 구축하는 중추적 역할을 담당한다”라며 “이번 프로젝트 참여로 당사의 AI 내재화 역량을 한층 더 고도화하고 AI 친화적인 고객 경험 혁신이 강화될 것으로 기대한다”고 말했다.◆ 중간배당금 250원…주당 배당금 상향 가능성도한편 LG유플러스는 주당 중간배당금을 250원으로 확정했다. 배당 정책과 관련해선 별도 재무제표 기준 당기순이익의 40% 이상을 배당하기로 했으며, 연간 현금배당금은 최소 지난해 회계연도 주당배당금 수준을 유지하기로 했다.또 LG유플러스는 최근 기업가치 제고를 위해 1000억원 규모 자사주를 소각했다. 지난 2021년 매입한 자사주 약 678만주로, 전체 발행 주식 수의 1.55% 수준이다. 이에 더해 LG유플러스는 800억원 규모 자사주를 추가로 매입하기로 했다.여명희 전무는 “현재 보유 중인 자기 주식을 전량 소각하기로 결정했으며 이를 통해 총 발행 주식 수를 줄여서 주당 가치를 직접적으로 높이는 것을 목표로 하고 있다”라며 “자사주 소각으로 주식 수가 줄어들게 되는데 배당 총액이 전년보다 줄지 않는 범위 내에서 주당 배당은 좀 상향하는 방향으로 갈 수도 있을 것”이라고 말했다."
https://n.news.naver.com/mnews/article/031/0000955745?sid=105,2025-08-08 17:45:09,IT/과학,"첫 영업이익 3000억 돌파⋯LGU+ ""AI·IDC로 하반기 성장 가속"" [컨콜종합]","단통법 폐지 이후 과잉 경쟁 억제⋯디지털 채널 중심 가입자 수성 전략AI 독자 파운데이션 모델 참여로 B2C·B2B 차별화 사례 창출IDC 1위 도약 목표⋯AICC·엑사원 결합으로 발화 인식·B2B 서비스 강화LG유플러스가 분기 영업이익 첫 3000억원 돌파의 기세를 몰아 모바일 사업 확대와 비핵심 사업 구조 개선으로 하반기 수익성 확대에 주력한다. 회사는 AI(인공지능)와 IDC(인터넷데이터센터)를 핵심 성장축으로 삼아 차별화된 서비스 경쟁력과 미래 먹거리 확보에 속도를 낼 방침이다.사진은 LG유플러스 사옥. [사진=LGU+]LG유플러스는 8일 열린 2025년 2분기 실적 컨퍼런스콜에서 하반기에도 모바일 사업 성장과 비핵심 사업 구조 개선을 통한 수익성 극대화 전략을 이어가겠다고 밝혔다. 여명희 최고재무책임자(CFO)는 ""구조적 원가 경쟁력 개선 활동을 통해 의미 있는 성과를 거뒀지만 단말기유통법 폐지로 인한 시장 불확실성이 있다""며 ""과도한 마케팅 경쟁보다 본원적 서비스 경쟁력을 확보해 지속 가능한 성장 모멘텀을 유지하겠다""고 말했다.LG유플러스는 모바일 매출 성장을 바탕으로 2분기 영업이익이 3000억원을 돌파하며 호실적을 기록했다. 여CFO는 ""1분기부터 지속적으로 영업이익이 턴 어라운드를 기록한 건 모바일 사업 확대와 구조적인 원가 경쟁력 개선의 결과로 보고 있다""고 말했다.AI 사업 확대 전략도 제시했다. 전병기 AX기술그룹장은 ""AI 독자 파운데이션 모델에 참여한 15개 팀 중 5개 정예팀을 선정했고, 이 중 LG AI 컨소시엄이 포함됐다""며 ""K-엑사원 기반의 B2C·B2B 차별화 성공사례를 개발해 범국민 AI 접근성을 높이고 사회·산업·경제적 효과 창출에 기여하겠다""고 전했다.기업 인프라 부문에서는 IDC 1위 사업자 도약을 목표로 제시했다. 안형균 기업AI사업그룹장은 ""자체 IDC 구축에 이어 DBO(설계·구축 운영) 방식의 신규 센터 운영으로 고객 수요에 대응하고 있다""고 말했다.또한 오픈AI와 전략적 파트너십을 체결하고 하반기 LG '엑사원'과 오픈AI 챗GPT API 결합한 멀티 엔진 기반의 AICC(AI 컨택센터)를 출시할 예정이다. 안 그룹장은 ""AICC를 엑사원과 오픈AI '챗GPT'에 연동해 발화 인식 정확도를 높이고, 고부가가치 AS 상품과 결합한 상용화를 통해 B2B 서비스 라인업을 강화하겠다""고 말했다.배당과 관련해 배당 총액을 작년 수준으로 유지하면서도, 주당 배당금 인상도 가능하다고 언급했다. 여 CFO는 ""배당 성향 40% 이상은 유지하는 걸로 돼 있다""면서도 ""자사주 소각으로 발행주식 수가 줄어들면 배당 총액이 지난해보다 줄지 않는 범위 내에서 주당 배당금은 상향하는 방향으로 갈 수 있다""고 했다.한편 LG유플러스는 연결재무제표 기준 올해 2분기 매출 3조8444억원, 영업이익 3045억원, 당기순이익 2171억원을 기록했다고 8일 공시했다. 지난해 동기 대비 각각 10.0%, 19.9%, 31.9% 증가한 수치다."
https://n.news.naver.com/mnews/article/092/0002385465?sid=105,2025-08-08 17:45:12,IT/과학,"""가격 아닌 AI로 경쟁""…LGU+, 효율 중심 마케팅·배당 기조 유지","지원금 경쟁 대신 AI로 승부…현금DPS 상향 가능성LG유플러스가 중장기적으로 가격이 아닌 차별화된 AI 서비스 중심 경쟁 체제로 전환하겠다는 전략을 밝혔다. 본격적인 투자 확대에 앞서 자사주 매입 및 소각 등 주주환원 정책은 올해와 같은 기조를 유지할 방침이다.강진욱 LG유플러스 모바일·디지털혁신그룹장은 8일 2분기 실적 컨퍼런스콜에서 ""중장기적으로는 휴대폰 가격 경쟁이 아닌 차별화된 AI 서비스로 경쟁할 것""이라며 ""마케팅 비용을 효율적으로 관리하면서 AI 등 새로운 영역의 투자를 확대할 계획이다""고 향후 전략에 대해 설명했다.이러한 전략은 기존 통신 서비스 중심의 지원금 경쟁에서 벗어나, AI 기반의 고객 경험과 서비스 차별화로 승부하겠다는 뜻이다.LG유플러스 용산사옥 전경LG유플러스는 지난달 22일 단통법 폐지 이후로 시장 내 경쟁은 비교적 조용했다고 진단했다.강 그룹장은 ""현재까지 단통법 폐지 당일을 제외하면 기존에 대비해서 눈에 띄는 변화는 보이지 않는다""며 ""하지만 아이폰 신모델 출시나 경쟁사의 가입자 회복 시도 등에 의해 단기적인 마케팅 경쟁은 발생할 수는 있다""고 말했다.이어 그는 ""과열 경쟁을 방어하면서 디지털 채널 중심의 번호이동(MNP)을 통해 효율적인 마케팅 전략을 운영할 계획""이라고 밝혔다.이와 함께 LG유플러스는 올해와 유사한 수준의 주주환원 정책을 지속할 전망이다.여명희 LG유플러스 최고재무책임자(CFO)는 ""지난달 21일 기 보유한 자사주 1.5%를 전액 소각했고, 800억원 규모의 자사주를 추가 매입했다""며 ""본격적인 투자 확대 이전까지는 올해와 유사한 방식으로 자사주 매입과 소각을 진행할 것""이라고 밝혔다.또한 배당 확대 가능성에 대해서는 ""현재 LG유플러스의 배당 성향은 40% 이상을 유지하고 있다""며 ""자사주 소각으로 인해 주식 수가 줄어들며 주당 배당(현금DPS)은 상향할 수 있다""고 설명했다."
https://n.news.naver.com/mnews/article/092/0002385483?sid=105,2025-08-09 08:08:15,IT/과학,국내 알뜰폰 회선 1천만 넘었다,"전체 무선 가입자 17% 비중...LGU+ 망 임대 회선이 가장 많아국내 알뜰폰(MVNO) 가입 회선이 올 상반기 말 기준으로 1천만을 돌파했다.9일 과학기술정보통신부의 유무선통신서비스 가입현황 통계에 따르면 6월 말 기준 MVNO 가입 회선 수는 1천11만684로 집계됐다.MVNO 회선 수가 1천만을 넘은 것은 이번이 처음이다.같은 기간 국내 핸드셋 가입자 기준으로 통신 3사와 알뜰폰을 더한 이동통신 전체 회선 수는 5천730만3천514를 기록했는데, 알뜰폰 회선이 차지하는 비중은 약 17%를 차지했다.사진_클립아트코리아기술 방식으로 보면 여전히 LTE가 약 951만 회선으로 대다수를 차지하고 있고 5G는 43만 회선으로 소폭의 증가세를 이어가고 있다.후불 요금제 기준으로 MVNO 망 제공 사업자 별로 보면 LG유플러스가 가장 많은 회선을 제공하는 것으로 나타났다.LG유플러스 망을 임대하는 MVNO 후불 요금제 가입 회선이 347만8천442로 가장 많았고 KT 망 임대 회선이 338만478로 뒤를 이었다. SK텔레콤 망 임대 회선은 142만2천213을 기록했다.지난해 말까지는 KT 망 임대 회선 수가 가장 많았으나 올해 1월부터 LG유플러스 망 임대 회선 수가 앞지르기 시작했다."
https://n.news.naver.com/mnews/article/036/0000052108?sid=101,2025-08-09 08:20:17,경제,"국가대표 AI 개발 경쟁, KT·카카오는 왜 탈락했을까","‘소버린에 진심’ 5개 기업 발탁… 독자 모델 승산 여부, 빅테크 견제 방법, 인류 위협 가능성 등 숙제로 남아배경훈 과학기술정보통신부 장관(가운데)이 2025년 7월24일 네이버 인공지능(AI) 기술의 밑받침이 된 데이터센터 ‘각 세종’을 김유원 네이버클라우드 대표 등과 함께 방문했다. 과학기술정보통신부 제공인공지능(AI·에이아이) 독자 모델 개발과 생태계 구축을 국가적으로 지원해 ‘세계 인공지능 3강’에 들겠다는 이재명 정부가 2025년 8월4일 ‘국가대표 AI’ 개발을 주도할 주축 기업 5곳을 선정했다. 네이버클라우드, 업스테이지, 에스케이텔레콤(SKT), 엔씨에이아이(NC AI), 엘지(LG) AI연구원이다. 서면평가에 이은 발표평가까지 통과한 5곳의 주관사는 향후 산·학·연이 어우러진 컨소시엄을 이끌며 각자의 ‘소버린(국가 주권형) AI 프로젝트’를 진행할 예정이다.이 사업을 이끄는 과학기술정보통신부가 사용하는 공식 명칭은 ‘독자 AI 파운데이션 모델 프로젝트’다. 프로젝트에는 애초 15개 기업(팀)이 지원했는데 앞서 7월25일 서면평가를 통해 15개 팀 중 루닛, 바이오넥서스, 사이오닉에이아이, 정션메드, 파이온코퍼레이션 등 5팀이 탈락해 10팀으로 압축된 상황이었다. 그중 5곳이 탈락하고 5곳이 선정됐다.서면평가 다음에 진행된 발표평가에는 10개 팀 모두 적극적으로 나섰다. 정부는 △기술력 및 개발경험 △개발목표 우수성 △개발 전략·기술 우수성 △파급효과 및 기여계획 등을 종합 평가해 5개 정예팀을 선발했다고 밝혔다.표면적으로는 2:1의 경쟁률이었지만 국내 대표 빅테크들이 경합을 벌인 만큼 경쟁은 치열했다. ‘국가대표 AI’ 구축 기업 리스트에 드는 것만으로 그래픽처리장치(GPU)와 데이터, 인재 등에 대해 총 2천억원 규모의 정부 지원을 받고, ‘K-AI 기업’이라는 명칭을 쓸 기회 아닌가! 게다가 슬슬 여러 기업이 ‘돈이 많이 드는 독자 개발보다는 외산 업체와의 협력’ 쪽으로 기우는 분위기였는데 정부 정책 방향에 맞춰 전략을 수정할 기회이기도 했다.‘독자 개발 노선’ 포기했던 기업들은 탈락2022년 말 생성형 AI ‘챗지피티’(ChatGPT)가 공개되고 AI 열풍이 분 뒤로 국내 기업들은 저마다 겉으로는 ‘AI 기업’임을 내세우며 기술력을 과시했지만 뒤로는 독자적인 대응 전략을 짜느라 고심이 깊었다. 대기업이라 해도 막대한 컴퓨팅 파워와 거대 데이터를 확보하기 위한 자금 조달 문제부터 골치 아픈 난제였다. 막상 개발해도 공공을 비롯한 기업 간 시장(B2B)에서 실제로 얼마나 팔 수 있을지 투자수익률(ROI)이 모호하기만 했다.이런 상황에서 국가 지원을 받을 기회가 날아간 것은 기업으로서 뼈아프다. 발표평가에서 탈락한 5곳은 모티프테크놀로지스, 카카오, 케이티(KT), 코난테크놀로지, 한국과학기술원(KAIST) 팀이다. 특히 KT의 경우 국내 이동통신 3사 중 유일하게 이번 사업에 참여하지 못하게 됐다. SKT는 주관사 5곳 중 한 곳으로 선정됐고 엘지유플러스(LG U+)도 주관사인 LG AI연구원의 컨소시엄 참여사로 이름을 올렸으니 말이다.생성형 AI 열풍 초기 구현모 전 KT 대표 시절부터 누구보다 앞장서 ‘독자 모델 개발’을 주장했던 KT는 왜 이렇게 됐을까? KT는 2022년 통신 3사 중 가장 먼저 자체 AI 모델인 ‘믿음’을 만들어 상용화에 시동을 걸었다. 하지만 정권이 바뀔 때마다 ‘낙하산 논란’에 시달려온 KT는 윤석열이 ‘이권 카르텔’을 문제 삼으며 ‘대표이사 교체’를 시사하자 혼란 속으로 빠져들었다. 결국 김영섭 대표로 교체됐고 김 대표는 호텔에서 열기로 한 초거대 AI ‘믿음’ 발표회를 취소했다. 이후 KT는 ‘효율’을 강조하며 마이크로소프트(MS)와 협력해 한국형 AI 모델을 공동 개발하겠다고 발표했다. 그러던 KT가 다시 독자 모델 ‘믿음 2.0’ 버전을 공개한 것은 새 정부가 ‘국가대표 AI’ 공모에 나선 2025년 7월이었다.카카오의 경우도 비슷하다. 김범수 창업자와 주요 경영진의 구속 등으로 지난 2년여 리더십 위기를 겪은 카카오는 2023년부터 자체 초거대 AI 모델 개발에 대해 모호한 태도를 취해왔다. 2023년 8월4일 홍은택 카카오 대표는 콘퍼런스 콜을 통해 “누가 먼저 초거대 언어 모델을 구축하느냐의 문제보다 누가 합리적 비용으로 적절한 모델을 만들어 필요한 영역에 적용하느냐가 서비스 구축의 핵심”이라도 말했다. 이후 카카오는 AI 인재가 많았던 카카오 엔터프라이즈 구조조정에 나섰고 오픈AI와 협력해 한국형 AI 서비스 모델을 공동 개발하겠다고 발표했다. 이번 선발전에서 카카오 계열사 중 AI 역량이 뛰어난 것으로 알려진 카카오헬스케어의 경우 모회사인 카카오와 손잡지 않고 ‘루닛’ 컨소시엄에 참여했다. 루닛팀은 서면평가에서 탈락했다.‘소버린에 진심’ 보인 선정 기업들이번 선발전에서 일찌감치 우위에 있다고 평가받은 곳이 네이버클라우드와 LG AI연구원이다. 이제는 국가 전략이 된 ‘소버린 AI’를 가장 앞장서 주창한 곳이 네이버클라우드와 이해진 네이버 창업자다. ‘소버린 AI 모델 개발’을 이끌고 정부에 정책 로비 활동을 했던 하정우 네이버클라우드 AI이노베이션 센터장은 새 정부의 AI미래수석으로 발탁됐다.‘그룹의 난제를 딥러닝으로 해결한다’는 철학 아래 ‘초지능’에 진심이었던 LG AI연구원은 AI 연구자들 사이에서도 단연 기술력이 높다고 평가받아왔다. 이 연구원을 이끌던 원장이 배경훈 과학기술정보통신부 장관이다. 배 장관은 취임 얼마 뒤인 7월24일 네이버 AI 기술의 밑받침이 된 데이터센터 ‘각 세종’을 방문해 김유원 네이버클라우드 대표를 만나기도 했다.생성형 AI 열풍 이전부터 AI에 진심인 기업으로 이름이 높았던 엔씨소프트의 경우 지금껏 자체 모델을 게임 개발 등 전문 분야에만 활용하다가 ‘국가대표 AI’ 프로젝트에 뛰어들었다. 네이버클라우드의 성낙호 하이퍼클로바 기술총괄도 엔씨소프트 출신이다.2025년 8월4일 과기정통부가 ‘국가대표 AI’ 정예팀으로 선정한 5개사 현황. 12월 1차 단계평가에서 4개팀으로 줄여질 예정이다. 그래픽 과기정통부 제공주관사들이 구성한 산·학·연 컨소시엄에도 관심이 쏠리고 있다. 네이버클라우드는 네이버, 트웰브랩스, 서울대, 한국과학기술원, 포항공대, 고려대, 한양대와 손잡고 ‘범국민 AI 접근성 확대를 위한 옴니 파운데이션 모델 원천기술 연구개발’에 나설 계획이다. LG AI연구원은 LG유플러스, LG CNS, 슈퍼브AI, 퓨리오사AI, 프렌들리AI, 이스트소프트, 이스트에이드, 한글과컴퓨터, 뤼튼테크놀로지스와 함께 ‘글로벌 최고 수준의 프런티어 AI 모델, K-엑사원(EXAONE) 개발’을 진행한다.AI 전화 ‘에이닷’ 등을 내놓으며 ‘AI 컴퍼니’를 선언했던 SKT는 크래프톤, 포티투닷, 리벨리온, 라이너, 셀렉트스타, 서울대, 한국과학기술원과 ‘언어·멀티모달·행동을 융합한 차세대 트랜스포머 기반 초거대 모델 개발 및 K-AI 서비스 구현’에 초점을 맞춘다. NC AI는 고려대, 서울대, 연세대, 한국과학기술원, 한국전자통신연구원, 에이아이웍스, 포스코DX, 롯데이노베이트, HL로보틱스, 인터엑스, 미디어젠, 문화방송, NHN와 ‘산업 AI 전환을 위한 확장 가능한 멀티모달 생성용 파운데이션 모델’ 개발에 착수한다.기업 규모는 중소기업이지만 기술력은 글로벌 수준인 업스테이지는 로앤컴퍼니, 금융결제원, 서강대 등과 ‘글로벌 프런티어 파운데이션 모델 개발 및 국내 AI 혁신 생태계 조성 프로젝트’를 진행한다. 업스테이지의 경우 이번 선발전에서 인재 지원을 희망한다고 밝혀 향후 정부가 국외 우수 연구자 인건비와 연구비 등을 지원할 예정이다.5개 컨소시엄에 투입되는 예산 규모는?정부는 이번에 압축된 5개 컨소시엄에 올해 1576억원 규모의 GPU, 628억원 규모의 데이터, 250억원 규모의 인재 영입 비용을 지원할 계획이다. GPU 임대 공급사는 SKT와 네이버클라우드로 정했다.독자 모델이 승산이 있는지, 생성형 AI 산업 부흥이 진정 인류를 위한 일인지, 초거대 AI 모델을 개발하는 빅테크를 어떻게 견제할 것인지에 대한 사회적 토론이라는 숙제를 남긴 채 ‘국가대표 AI’ 프로젝트는 막을 올렸다. 다음 평가는 2025년 12월, 1차 단계평가를 거쳐 1개사가 탈락할 예정이다."
https://n.news.naver.com/mnews/article/031/0000955809?sid=105,2025-08-09 12:11:06,IT/과학,SKT 두달 연속 40% 밑…알뜰폰 첫 1000만 돌입,"해킹 사태 후 점유율 하락 지속…KT·LGU+ 소폭 상승, 시장 재편 가속국내 이동통신 시장 판도가 흔들리고 있다. SK텔레콤이 6월 점유율 39%를 기록하며 2개월 연속 40%선 아래로 내려갔다. 알뜰폰은 사상 처음으로 가입자 1000만명을 넘었다.SKT 대리점 [사진=연합뉴스]과학기술정보통신부가 8일 공개한 ‘6월 유·무선통신서비스 가입 현황 및 무선데이터 트래픽 통계’에 따르면 SK텔레콤 가입자는 2235만670명으로 전체 이동통신 가입자 5730만3514명의 39%를 차지했다.4월 해킹 사태 이후 SK텔레콤 점유율은 4월 40.08%, 5월 39.29%, 6월 39%로 석 달 연속 하락세다. KT는 23.84%, LG유플러스는 19.51%로 각각 전월 대비 0.07%포인트, 0.06%포인트 올랐다.업계에 따르면 해킹 사태 이후 8월 초까지 SK텔레콤에서 95만명 이상이 타사로 이동했고 전체 가입자 수는 약 60만명 줄었다.알뜰폰은 6월 가입자가 1011만684명으로 전체 시장의 17.64%를 차지하며 처음으로 1000만명을 돌파했다. 4월 986만명, 5월 999만명에 이어 6월에도 증가세가 이어졌다."
https://n.news.naver.com/mnews/article/079/0004054212?sid=101,2025-08-10 05:02:17,경제,"국가가 놓친 기후해법, '수요 폭발' 이더리움이 만들 수도 있다?[기후로운 경제생활]","2022년 지분증명 전환으로, 전력 99% 감축한 이더리움美 지니어스 법안, 디지털 달러 핵심망으로 부상태양광·IoT 결합, 보조금 자동 지급 구조 구현 가능VPP·마을 재생에너지, 암호화폐로 공동체 펀딩 구현도투기서 인프라로, 기후 대응 도구로 확장 가능해질까편집자 주'기후로운 경제생활'은 CBS가 국내 최초로 '기후'와 '경제'를 접목한 경제 유튜브 프로그램입니다. 한국의 대표 기후경제학자 서울대 환경대학원 홍종호 교수와 함께합니다. CBS 경제 전문 유튜브 채널 '경제연구실'에 매주 월/화/수 오후 9시 업로드됩니다. 아래 녹취는 일부 내용으로, 전체 내용은 '경제연구실' 채널에서 참고하시기 바랍니다.■ 방송 : 유튜브 CBS 경제연구실 '기후로운 경제생활'■ 진행 : 홍종호 서울대 환경대학원 교수■ 대담 : 김동환 원더프레임 대표◆ 홍종호> 스테이블 코인 관련 미국의 지니어스 법안이 통과된 이후 돈이 또 한 번 코인으로 몰리고 있습니다. 지금 그 중심에 있는 게 이더리움인데요. 보통 코인 하면 기후 이슈와는 대척점에 있다고 생각하시겠지만, 여기에도 새로운 가능성과 상상력을 자극하는 무언가가 있다고 합니다. 오늘 이더리움이 왜 오르는지부터 우리의 미래를 위해서 이더리움을 활용할 방법까지 알아보겠습니다. 김동환 가상화폐 컨설팅 기업 원더프레임 대표 모셨습니다. 안녕하세요.◇ 김동환> 안녕하세요.◆ 홍종호> 기후랑 코인이 무슨 상관이냐 하는 정서가 있거든요. 코인 채굴하는데 어마어마한 전기 쓰는 거 아니냐, 그럼 탄소 배출 많이 하는 거 아니냐고들 하죠. 이더리움은 다른 코인에 비해 탄소 배출을 적게 한다고 하는데요. 제가 자료를 찾아보니 암호화폐 탄소 배출을 종목별로 순위 매기는 연구소가 있더라고요.압도적 1위 종목인 비트코인이 사용하는 전기량과 이더리움이 사용하는 전기량을 비교해 보니까 수만 배 차이가 날 정도로 이더리움은 전기를 적게 사용하더라고요. 탄소 배출량도 거기에 비례해서 수만 배 적고요.최근 미국의 법안이 통과되고 이더리움 수요가 폭발적으로 증가한다는 얘기들이 있습니다. 일단 왜 이더리움이 갑자기 다시 주목받고 있는지 궁금합니다.◇ 김동환> 직접적인 원인은 최근 지니어스 법안이 통과된 게 큰 것 같고요. 지니어스 법안의 통과를 본질적인 측면에서 들여다보면요. 지금까지는 달러가 디지털 화폐로서 통용되지 못했는데 지니어스 법안을 통과시키면서 디지털 달러를 스테이블 코인의 형태로 통용시키겠다는 선언을 미국이 한 겁니다.지니어스 법안은 그 초입부에 있는 중요한 이정표 역할을 하는 것이죠. 지금 돌아다니는 스테이블 코인의 절반 정도가 이더리움을 매개로 합니다. 쉽게 표현하자면 한국에 크게 인터넷 공급사 3개, SKT, KT, LGU+가 있죠. 굳이 따지자면 이더리움이 SKT 같은 거고 그 망 위에서 디지털 달러가 돌아다니게 된다고 생각하시면 되겠습니다. 사용량도 많아질 거고요. 그리고 돌아다니는 대가인 수수료를 이더리움으로 지급하게 돼요. 이더리움을 많이 사용하게 되니까 가격이 올라가겠구나, 라고 투기적인 투자를 하시는 분들이 먼저 예상을 하고 지금 매집을 하는 상황이죠.◆ 홍종호> 비트코인은 그런 식의 플랫폼을 제공하지 않나요?◇ 김동환> 비트코인은 그런 용도로 사용되기는 어려운 네트워크입니다.◆ 홍종호> 그 두 개가 기본적으로 그런 차이가 있군요.◇ 김동환> 비트코인은 제가 갖고 있는 비트코인을 교수님과 제가 서로 주고받는 정도, 그리고 비트코인을 보내는 장부에 간단한 메시지를 남길 수 있는 정도의 용도로는 사용이 됩니다. 어떻게 보면 굉장히 강력한 기능이죠. 전화 통화를 할 때 제일 중요한 거는 음질이 좋고 전화가 잘 터지는 것 아니겠습니까? 전화에 비유하자면 비트코인은 전 세계 어디에서 쓰더라도 내 통화를 방해할 수 없는 네트워크라 보시면 됩니다. 그런데 지금은 스마트폰을 많이 사용하지 않습니까? 문자도 보내고 은행 앱도 쓰고 게임도 하는 등 여러 용도로 쓰는 데 이런 네트워크는 이더리움을 사용하는 것이죠.◆ 홍종호> 이더리움, 즉 스테이블 코인이 앞으로 활성화될 거라는 걸 미리 예견한 건 아닐 텐데요.◇ 김동환> 네. 하다 보니까 이렇게 됐습니다.◆ 홍종호> 그렇군요. 법안 통과 이후에 비트코인보다는 이더리움에 투기 수요 투자자들이 몰리는 현상은 분명합니까?◇ 김동환> 비트코인과 이더리움 모두 사람들이 많이 사고 있고요. 두 가지의 가격이 같이 올라가고 있습니다. 아주 지엽적인 문제지만 이더리움이 그전까지 가격이 눌려 있었다 보니 최근 7월 정도에 굉장히 많이 올랐고요. 그래서 더 주목이 많이 가는 상황이죠.기후하고 가격 상승은 그렇게 큰 관련이 없고요. 기후 관련해서 이더리움 얘기를 하려면 아까 제가 얘기했던 메시지 전달이 가능한 플랫폼이라는 측면이 반드시 이해되어야 합니다.비트코인은 단순히 자산이 왔다 갔다 하는 것을 주 용도로 하는 플랫폼인데 이더리움은 다양하게 사용할 수가 있어요.가령 비트코인은 자산이 왔다 갔다 할 때마다 전송 버튼을 눌러줘야 하거든요. 그런데 이더리움은 그것이 자동으로 되도록 하는 프로그래밍을 할 수 있어요. 예를 들어 지금 11시 20분인데 11시 25분에 홍종호 교수님한테 이더리움 1개를 보내달라고 제가 프로그래밍을 하면 그게 자동으로 실행될 수 있습니다.어떤 식으로 사용되는지 기후위기와 관련한 예시를 들어 볼게요. 태양광 발전을 하는 사람은 보통 보조금을 받잖아요. 이때 보조금을 주는 사람이 태양광 발전기가 계속 사용됐으면 좋겠다고 한다면, 여기다 센서를 하나 달아서 누적 사용 연한이 3년이 되는 시점에 보조금이 지급되도록 컨트랙트라는 프로그램을 짤 수가 있습니다. 이더리움을 그렇게 보조금의 형태로 주게 되면 아무도 관리하지 않아도 자동 관리가 되는 것이죠.◆ 홍종호> 태양광 발전을 하는 사업자에게 일정 기간이 지나면 이더리움이 제공되도록 하는 것이군요. 이더리움이 메시지 전달을 할 수 있는 특징이 있다고 말씀하셨는데 탄소 배출을 적게 하는 것과 관련성이 있는 것인가요?◇ 김동환> 상당히 관련성이 크다고 생각해요. 저는 이 프로그램에서 제3자적 입장이잖아요. 제가 볼 때는 지금 기후위기 대응이 거의 망한 것 같아요. 그동안 기후위기 대응이 거의 국가 단위 중심으로 이루어졌다고 할 수 있을 텐데요. 이산화탄소 배출량을 줄이는 국제 협약의 경우 미국 대통령이 바뀌면서 미국이 참여하지 않겠다고 하니까 힘을 못 쓰고 있습니다. 각국이 지금 AI 경쟁을 하고 있어서 기후위기 대응은 다 내팽개쳐지고 있고요. 그렇다 보니 기후위기에 관심이 많은 시민은 무력감을 느낄 수밖에 없는 상황 같거든요.그런데 아까 얘기했던 메시지 전달이 가능한 네트워크라는 게 무슨 뜻이냐면요. 이더리움은 이더리움 네트워크를 기반으로 해서 국적과 상관없이 협동조합 같은 것을 만들 수 있는 기반이 구축되어 있어요.◆ 홍종호> 시스템 내에 그런 게 준비가 돼 있군요.◇ 김동환>네. 다오(DAO, 탈중앙 자율조직)라고 부릅니다.제가 지금 이해를 돕기 위해서 아주 거칠게 얘기하고 있는데요. 일종의 협동조합을 만들고 회비를 이더리움으로 내달라고 할 수가 있어요. 이더리움이 네트워크에서 통용되는 돈 같은 것이기 때문입니다. 조합에서 사업을 위해 집행하려고 하는 것도 이더리움으로 할 수 있고요. 이 모든 환경이 이더리움이 많이 사용되어야 가능한 거거든요. 그런데 공교롭게도 최근 이더리움 가격이 엄청나게 오르면서 사용량이 많이 늘어나는 추세고 스테이블 코인 영향 때문에 그것이 더 공고해지고 있습니다.지금은 국가 단위의 기후 대책이 배제됐을 때 나머지 부분은 약간 지리멸렬한 느낌이 있는데요.이더리움을 통해 국가의 의존도를 낮추면서 기후위기에 대응하고자 하는 시민끼리 국적을 떠나서 충분히 자생적으로 뭉칠 수 있어요. 좋은 네트워크이자 도구로 사용될 수 있죠.◆ 홍종호> 대표님이 말씀하시니까 퍼뜩 드는 생각이 있는데요. 지적하신 대로 국가 간 기후 협상은 30년 동안 해왔지만 획기적인 모멘텀이랄까 실행력은 별로 담보되지 않았어요. 그런데 최근에 RE100(Renewable Electricity 100%)이라고 해서 기업이 기업을 상대하는 민간 주도의 대응책이 나왔죠. 예를 들어 애플 같은 회사가 삼성전자로부터 반도체를 구매할 때, 삼성전자에 탄소 배출을 적게 하는 방식으로 전기를 사용해서 물건을 만들어 우리에게 팔려 하는 식인 거죠. 국가가 개입하지 않고 민간 대 민간, 기업 대 기업으로 탄소 배출을 줄이고자 하는 것이죠. 지금은 국가 간 글로벌 공급망에서 그런 일이 벌어졌다면 이제는 가상 공간에서 탄소 배출을 줄이려는 노력의 하나로 보상을 주고받는 시스템이 구축될 가능성을 지적해 주시는 거 같아요.◇ 김동환> 그렇죠. 또 프로그래밍이 되니 IoT 기술이랑 결합할 수가 있어요. RE100을 얘기하셨는데 B2B가 아니라 B2C 단위에서도 충분히 탈탄소 혹은 탄소 저감 노력을 하는 기업의 상품이냐에 대한 인증을 할 수 있죠. 인증을 하려면 누가 찾아가서 검사하는 비용 등의 문제가 따를 텐데, IoT 기술을 이용해서 인증을 간단히 받을 수 있어요. 그러면 기후위기에 관심 있는 사람들이 탄소에 특화된 상품이라는 것을 알아보고 그 상품을 위주로 소비하는 식의 변화도 가능하죠.◆ 홍종호> 알겠습니다. 상당히 유용하고 탄력적으로 활용할 수 있는 장점이 있다는 생각이 드네요.◇ 김동환> 그렇죠. 저는 네트워크라는 점이 가장 중요하다고 생각하고요. 보통 네트워크를 구축하려면 돈이 되게 많이 들어요. 국가에서 이런 걸 하자고 할 때 제일 먼저 나오는 게 인증이지 않습니까?◆ 홍종호> 맞아요.◇ 김동환> 인증하려면 일단 인증을 개발해야 하고 심사하는 기관도 있어야 하는 등 절차가 되게 복잡하거든요. 비용도 많이 들어가고요. 그런데 독립적인 이더리움 네트워크를 이용하면 인증을 복잡하게 하지 않고도 쓸 수 있죠. 과거에 국가 주도의 탄소배출권 거래를 중요하게 생각하던 시기가 있었잖아요. 그때 이더리움 위에서도 탈중앙화적인 방식으로 탄소배출권 거래를 하고 그것을 개량해 보자, 공정한 환경을 만들어 보자는 취지의 프로젝트들이 여러 가지 나왔었습니다. 지금은 또 지금에 맞는 프로젝트들이 나올 수 있지 않을까 하는 생각이 듭니다.◆ 홍종호> 이더리움이 2022년 이전에는 이른바 작업증명 방식(PoW, Proof of Work)이라는 것을 이용해서 전기 소비량이 상당히 많았는데 그 이후에 지분증명 방식(PoS, Proof of Stake)으로 바뀌면서 전력 소비가 99% 이상 줄었다는 얘기가 있더라고요. 이더리움 블록체인에서의 기술 전환이 탄소 저감 노력에 보상을 해주는 것과 관련이 있는 걸까요? 이더리움을 창안하고 주도하는 분들이 어떻게 이런 생각에 이르게 된 건지도 상당히 궁금해요.◇ 김동환> 이더리움이 지분증명으로 전환될 당시에 기후위기가 핫한 주제이긴 했습니다. 비탈릭 부테린이라는 이더리움 창시자가 환경적인 이점이 있다고 얘기를 하긴 했어요. 그러나 그것 때문에 바뀌었다고 볼 수는 없고요.제가 볼 때 증명 방식이 바뀌었던 이유는요. 비트코인은 왜 이렇게 전력을 많이 쓰냐고 물으셨는데 이 부분과 관련이 있어요. 비트코인과 이더리움을 비교했을 때 이더리움은 미국이 부수려고 마음먹으면 부서지는 네트워크입니다. 탈중앙화 방식의 네트워크이기는 한데 미국이 저거 못쓰게 만들어야지 하면 못쓰게 만들 수가 있어요. 왜냐하면 기능이 되게 많고 그 기능을 구현하는 데 들어가는 많은 인프라 기업이 대부분 미국 기업이거든요. 그래서 미국이 기업들에 압력을 넣으면 이더리움을 멈추게 할 수 있습니다. 그런데 비트코인 같은 경우는 미국이 멈추려고 해도 멈춰지지 않는 네트워크라고 생각하시면 돼요. 그래서 네트워크를 작동하는 데 들어가는 비용이 비트코인의 경우에 훨씬 큰 거예요.작업증명 방식과 지분증명 방식은 코인 잘 모르시는 분들이 이해하기에는 조금 어려운데요. 지분증명은 말하자면 굉장히 좋은 컴퓨터를 효율적인 방식으로 쓸 수 있습니다. 블록체인이니까 블록 안에 거래를 넣는 작업만 컴퓨터에게 시키기 때문에 에너지를 조금 쓰는 거예요. 근데 작업증명은 수수께끼를 풀어야 하는 내용이에요. 굉장히 좋은 고성능의 컴퓨터를 가지고도 풀기 어려운 문제를 내고 그걸 가장 먼저 푸는 컴퓨터에게 블록체인을 만들 수 있는 권한과 보상을 주는 시스템이거든요. 그 두 가지의 용도가 다르고 철학도 다른 것이죠.즉 비트코인은 네트워크를 독립적으로 기능하게 하는 데 공력을 많이 들이는 것이고, 이더리움은 그 부분에 힘을 뺀 네트워크이기 때문에 에너지를 조금 쓰는 것이죠.그런데 아까 말씀드렸던 중요한 변화 중 하나가 지니어스 법안 통과잖아요. 미국은 스테이블 코인을 통해 달러를 디지털화해서 전 세계로 밀어내려고 하는 구상을 품고 있는데요.그런 구상과 상황을 봤을 때 이미 디지털 자산의 많은 영역이 중앙화됐다고 볼 수 있어요. 미국에 어느 정도 점령됐다고 볼 수 있기 때문에 이더리움이 굳이 비트코인 수준의 독립성을 갖추지 않아도 되게 된 겁니다.어떻게 보면 아이러니한 상황이죠.기후위기를 고민하시는 분들에게는 이미 있는 도구를 잘 사용하는 게 중요하고 이더리움 정도면 도구로서 훌륭하다고 생각합니다. 굳이 비트코인이 필요하지 않다는 거죠. 물론 어떤 사람들은 비트코인이 필요하죠. 미국 중심의 질서를 거부하는 사람들이 특히 그렇죠. 가령 러시아-우크라이나 전쟁에서 러시아가 금융 제재를 엄청 받았잖아요. 금융 제재를 받으면 아무것도 할 수 없게 되거든요. 그 상황에서 어찌됐든 갖고 있는 자원을 팔아야 하고 이때 달러 대신에 비트코인을 받겠다라고 선언한 것이 그런 예겠죠.◆ 홍종호> 그래서 대표님은 이더리움의 수요 증가 또는 시장 확대 가능성의 확장 쪽에 어느 정도 점수를 주십니까?◇ 김동환>저는 확장될 가능성이 상당히 높다고 보고요. 왜냐하면 어쨌든 달러를 확산시키는 과정에서 이더리움이 많이 사용될 가능성이 높고 이더리움이 쓸모가 되게 많거든요.제가 아는 프로젝트로 예시를 한번 들어볼게요. 한국 프로젝트인데 끝까지 진행되지는 않았었어요. 그걸 감안하고 들어주세요. 지금 EU, 유럽 지역은 기후위기가 굉장히 고도화되면서 기후가 빠르게 바뀌고 있잖아요. 그래서 원래는 수백 년 된 가옥에서 사는 데 아무 문제가 없던 사람들인데, 집도 해야 되고 난방도 해야 되는 등 지금 요구가 생기고 있는 상황입니다. 지금까지는 전기를 많이 사용하지 않는 지역이 대부분이었기 때문에 대도시를 제외하고는 송전망이 되게 낙후되어 있대요.아시겠지만 전기를 만들어서 멀리 보낼수록 비용이 증가하잖아요. 그런데 최근에는 태양광 패널 같은 게 너무 잘 돼 있죠. 이 프로젝트가 한 것은 마을 단위로 송전망을 만드는 일을 했어요. 마을 단위로 발전소를 만들고 마을에서 만든 전기를 마을에서 쓰고, 남는 것은 옆 마을에서 부족하다고 하면 주고 남는 거는 다른 데에 수출하자는 거였죠. 이걸 하려면 인센티브도 들어가고 초기 펀딩을 해야 되는 부분이 있잖아요. 이 부분을 암호화폐로 해결하려고 했던 거죠.◆ 홍종호> 유럽에서 진행한 한국 프로젝트인 거죠?◇ 김동환> 한국 프로젝트인데 유럽에서 일들을 하다가 규제나 부분들이 너무 급격하게 변하는 바람에 아마 지금은 포기한 것으로 알고 있는데, 이러한 상상력을 실제로 구현하는 것이 가능하다는 거죠. 그리고 한국의 송전망이 굉장히 낙후되어 있다고 생각했었는데 다른 나라 비교해 보니까 비할 데가 아니더라고요. 당장 미국도 거의 100년 전에 만들어진 송전망을 사용하고 있어서 전기가 유통되는 과정에서 발생하는 손해가 크다고 하더라고요. 지역별로 그 지역에서 나오는 전기를 쓰게끔 해서 재생에너지로 하는 작업을 하고요. 여기에 들어가는 인센티브 구조를 설계하고 펀딩을 하는 데에 암호화폐를 사용하는 것이 이더리움을 비롯한 암호화폐를 기후위기와 연관 지어서 작업을 접근하는 방식인 거죠.◆ 홍종호> 시장에서 그런 식의 수요가 자연스럽게 생기는 면도 있고, 동시에 암호화폐를 주도하는 사람들에게는 시스템을 잘 활용하면 이더리움에 대한 수요도 더 늘 수 있겠다고 볼 수 있는 것이죠. 지금 말씀하신 게 이른바 가상발전소라는 뜻의 VPP(Virtual Power Plant)인 거죠. 유럽에서는 마을 단위도 그렇고 개별 가구에서 태양광을 만들면 그 자체로는 적지만 다 합치면 많은 발전량이 되니까 다 모아서 필요한 곳에 보내자는 것이죠. 연결해 주는 중개업자를 VPP라고 부르거든요. 지금 말씀하신 걸 들어보니까 이더리움과 같은 그런 네트워크를 통해서도 보상 시스템이 이루어지고 연결될 수 있다는 거군요.◇ 김동환> 네. 조금만 첨언을 해도 될까요? 지금 말씀하시는 걸 들어보니 VPP가 아마 개별 가구에서 비롯된 개념인 것 같아요. 제가 보기에 이 프로젝트는 두 가지를 염두에 뒀었는데, 그리드의 재건을 통한 전기의 효율적인 사용이 있고요.또 하나는 마을 단위의 커뮤니티를 재건하는 것도 사람들의 관심사였습니다.가상발전소를 세우려고 하면 유럽의 가옥들은 전혀 스마트 홈이 아니기 때문에 보통은 특정한 장소 혹은 공용 공간에 패널을 까는 방식으로 발전이 이루어질 가능성이 높죠. 그럴 때 돈이 들어가잖아요. 가옥에다가 패널을 붙이는 건 각자 붙이면 되는 건데 그것을 마을 단위에서 하자는 것은 마을 공동의 펀딩이 들어가야 되는 거죠. 큰 목돈이 들어가고 나중에 이거를 조금씩 나눠서 갚는 금융 개념이 또 추가가 되죠.제가 볼 때는 그 과정에서 마을 사람들이 하나의 공동체로 묶이게 된다는 측면이 주요하게 들어갔었던 것 같아요. 국가가 손을 놓으니까 기후위기 대응이 힘이 없어지기 때문에 그 부분들이 중요하다고 생각해요. 공동체를 만드는 것이 굉장히 중요하다는 생각을 하고 그런 측면에서 봤을 때 참고할 만한 사례라고 생각해요. 단순히 스마트홈을 이용해서 남는 전기를 효율화하자는 것도 좋은 아이디어이지만 기후위기에 동의하는 사람끼리 모여 살 수도 있는 거예요. 그리고 이것이 정치적인 권력으로 이어질 수도 있는 것이고, 조금 더 상상력을 가져갈 수 있는 부분이 아닌가 싶어요.◆ 홍종호> 커뮤니티화하는 과정에서 이더리움과 같은 암호화폐를 사용하고, 보상의 수단으로 사용하는 것이 아주 분명한 장점인 건가요? 보통은 태양광을 한다고 하면 아까 말씀하셨듯이 정부에서 보조금을 줘서 활성화하려는 노력들을 하잖아요. 받는 입장에서 태양광을 좋은 의도 혹은 돈을 벌기 위한 목적으로 한다고 했을 때 이더리움으로 보상받고, 자발적으로 해주는 것들에서 사회적 비용의 저감이라든지 효율성 측면에서 장점이 확실히 있다고 보시나요?◇ 김동환> 저는 있다고 보죠. 왜냐하면 지금 국가 단위의 대응이 무너진 상태라고 보거든요. 국가 단위에서 대응해 줄 때는 그런 문제가 상관이 없습니다. 어차피 한국은 보조금이 원화로 나올 거니까 그냥 원화로 뿌리면 되고요. 그런데 기후위기에 관심이 있는 국가들은 대부분 선진국이 많잖아요. 가령 관심이 많은 선진국이 후진국의 문제를 해결하고 싶은 경우가 있을 수 있죠.◆ 홍종호> 거기서 탄소 배출을 많이 하니까요.◇ 김동환> 그렇죠. 선진국 통화를 여기다가 보낼 수가 없잖아요. 여러 가지 문제가 발생합니다. 중간자가 들고 나를 수도 있고 어떻게 진행되는지 확인할 수 없는 문제도 있죠. 일일이 확인하자니 거기에 수반되는 비용이 의미 없게 날아가 버리는 문제도 있고요. 그렇기 때문에 여기서도 사용할 수 있고 저기서도 사용할 수 있는 공용 화폐가 필요한데 암호화폐를 사용하면 어느 정도 해결된다는 것이죠.실제 사용할 수 있느냐에 대한 부분이 이미 암호화폐 업계 쪽에서는 상당히 실증이 돼 있습니다.한참 기후위기 환경 대응이 핫했던 2020년 전후에 프로젝트들이 되게 많이 나왔어요. 실제로 실용 단계에 들어갔던 프로젝트들도 많이 있기 때문에 쓸 수 있느냐에 대한 증명은 끝났다고 보고요. 다만 이걸 해보자고 하는 사람이 얼마나 되는가에 대한 문제가 있죠.◆ 홍종호> 앞으로 기후피해가 얼마큼 더 심각해질지와 지구에 사는 의식 있는 시민들이 얼마나 절실하게 느끼고, 행동으로 옮겨야겠다는 의지를 가질지가 중요하겠네요. 그 과정에서 이더리움이 효과적으로 사용될 수 있고요.◇ 김동환> 가장 안타까운 게 뭐냐면요. 개인한테 일일이 다 물어봐서 숫자를 세면 머릿수가 상당할 거라고 생각하거든요. 여기 CBS 녹화하러 대중교통 타고 왔는데 엄청 덥단 말이에요. 작년에 비해 확실히 더워요. 기후 환경학자분들이 얘기하시는 거 들어보면 지금이 가장 안 더운 시기라고 말씀 많이 하시잖아요. 큰일 났다는 생각이 듭니다. 최근에 뉴스에서 본 것은 외부 기온이 45도, 50도를 넘어가면 에어컨의 효율이 급격히 떨어져서 작동하지 않는 수준까지 된대요. 저조차도 그러면 어떻게 해야하나 걱정을 하게 되는 것이죠.기후를 생각하는 사람의 수가 굉장히 많은 것 같은데 지금 가장 큰 문제는 이 숫자가 전혀 드러나지 않고 있다는 거에요. 지구상에 이런 생각을 하는 사람이 얼만큼인지 보여주는 것도 굉장히 중요하다고 생각해요.드러나지 않는 이유는 기후를 하는 분들이 사용하는 네트워크가 없기 때문이라 생각합니다.◆ 홍종호> 사실 국제적인 시민단체 같은 것들이 국내외에 많이 있죠. 그린피스 같은 단체들이 그런 역할을 하기 위해서 많은 노력을 하고 계시죠. 그런데 지금 말씀하시는 이더리움은 훨씬 더 빠르고, 효율적이고, 즉각적으로 보상이 되니까 더 열심히 할 동인도 생기고요. 이 가능성을 보시는 거군요.◇ 김동환> 그렇죠. 가령 저희가 이더리움 네트워크를 이용해서 다오를 만들었어요. '회비를 1년에 1만 원 정도만 이더리움으로 납부해 주십시오' 했는데 가령 한국에서 한 천만 명이 납부했어요. 그러면 여론을 가진 게 증명이 되잖아요. 1만 원을 낼 의향이 있는 사람이 천만 명이 있다고 하면 정치인들이 지금처럼 행동할까요? 저는 아닐 거라고 봅니다. 물론 기후 단체도 많지만 일반 시민의 관점에서 보자면 저 사람들은 항상 저런 이야기를 하는 사람들이라고 생각이 드는 경우도 있는 게 사실이에요. 어느 정도의 사람들이 간절히 원하는지를 보여줄 필요가 있죠. 그걸 보여주기에 굉장히 적합한 도구 중의 하나가 이더리움을 포함한 암호화폐라는 새로운 네트워크일 수 있다는 생각이 듭니다.◆ 홍종호> 이해가 되는 것 같습니다.◇ 김동환> 한국 같은 경우는 인터넷이 굉장히 저항이 없는 경로로 왔거든요. 2000년대 초반에 학교에 깔아서 그때 스타크래프트라는 게임이 유행했어요. 그 게임을 PC방 같은 곳에서 다 같이 했죠. 물론 인터넷 네트워크를 이용해야 가능한 일이었죠. 그렇게 왔기 때문에 굉장히 저항감 없이 누구나 당연하게 진행하는 측면이 있거든요. 그런데 제가 생각할 때 암호화폐나 코인 쪽은 아직도 투기적인 투자 대상으로 보고 있어요.◆ 홍종호> 그런 인식이 많죠.◇ 김동환> 그런 인식이 대부분인 것 같아요. 그런데 사용하려고 마음을 먹으면 쏠쏠하게 쓸 수 있는 게 많습니다. 특히 정부와 NGO 입장에서도 마찬가지고요. 이건 새로운 도구인 건데 과거에도 제가 암호화폐 설명하면서 이 예시를 많이 들었습니다. 2009년에 한국에 스마트폰이 처음 나왔을 때 2G폰이 좋다며 저런 것까지 필요 없다는 분들이 되게 많았어요. 그런데 결국 어떻게 됐습니까? 나중에 2G를 쓰는 사람들이 너무 적어져서 주파수 자체가 없어졌어요.지금의 암호화폐를 위주로 한 변화가 그런 종류의 변화라고 생각합니다. 이거를 어떻게 하면 내가 도구로서 잘 써먹을 수 있을까에 대한 고민을 많이 해야 돼요. 어떻게 하면 양자가 윈윈 할 수 있는지를 물어보셨잖아요. 코인 투자자들 입장에서는 윈윈을 생각하지 않을 겁니다.◆ 홍종호> 기후는 무관심이겠죠.◇ 김동환> 왜냐하면 그 사람들 입장에서는 무관심이에요. 코인 가격만 오르면 좋은 경우가 많을 거에요. 그렇지만 기후위기를 하는 입장에서는 새로운 도구를 적극 활용할 필요가 있습니다. 사실 적극 활용한다고 해서 코인 가격이 오르는 것은 아니에요. 그런데 이런 부분이 있다는 거를 알아주시면 좋겠습니다.◆ 홍종호> 그래요. 알겠습니다. 자 여기까지 듣겠습니다. 지금까지 김동환 원더프레임 대표와 이야기 나눴습니다. 고맙습니다.◇ 김동환> 네 감사합니다.※CBS노컷뉴스는 여러분의 제보로 함께 세상을 바꿉니다. 각종 비리와 부당대우, 사건사고와 미담 등 모든 얘깃거리를 알려주세요.이메일 :jebo@cbs.co.kr카카오톡 :@노컷뉴스사이트 :https://url.kr/b71afn"
https://n.news.naver.com/mnews/article/008/0005233705?sid=105,2025-08-10 09:00:00,IT/과학,"LGU+-우리銀, 보이스피싱 피해 예방 '맞손'","최윤호 LG유플러스 AI Agent추진그룹장(오른쪽)과 오지영 우리은행 금융소비자보호그룹장 이 기념촬영을 하는 모습. /사진=LG유플러스LG유플러스와 우리은행은 지난 7일 서울 중구 소재 우리은행 본사에서 '전기 통신 금융사기 피해 예방 협약'을 체결했다. 금융사와 통신사가 협력해 국민 피해를 사전에 예방하고, 급증하는 신종 사기 수법에 선제 대응한다는 목표다.양사는 △보이스피싱 사기 수법 및 피해 사례 정보 공유 △피해 확산 방지를 위한 실시간 업무 지원 △정기 협의체 구성을 통한 협업 과제 발굴 및 세부 실행 계획 수립 △기타 금융 사기 방지를 위한 공동 대응책 마련 등을 공동 추진한다.우리은행과의 협업으로 LG유플러스는 보이스피싱 시도를 선제 차단하는 단계를 넘어 금융 피해까지 예방할 수 있는 체계를 갖추게 됐다.최윤호 LG유플러스 AI Agent추진그룹장(상무)은 ""보이스피싱 피해를 사전에 차단하기 위해서는 금융기관과 통신사의 긴밀한 협력이 필수적""이라며 ""앞으로도 고객의 안전한 통신 및 금융 생활을 지원해 보안에 가장 진심인 통신사로 자리매김할 것""이라고 말했다."
https://n.news.naver.com/mnews/article/018/0006086296?sid=105,2025-08-10 09:01:09,IT/과학,"LG U+-우리은행, ‘금융 피해 예방’ 전략적 협력","사기 수법 공유·정기 협의체 운영통신·금융 협력으로 고객 보호 강화[이데일리 김현아 기자] LG유플러스(032640)와 우리은행이 급증하는 보이스피싱 범죄에 대응해 고객의 금융 피해를 사전에 막기 위한 전략적 협력에 나섰다.양사는 지난 7일 서울 중구 우리은행 본사에서 ‘전기통신 금융사기 피해 예방 협약’을 체결했다. 협약식에는 LG유플러스 최윤호 AI Agent추진그룹장(상무)과 우리은행 오지영 금융소비자보호그룹장이 참석했다.이번 협약은 갈수록 지능화되는 전기통신 금융사기에 대응해 민간 부문에서 선제적 방어 체계를 구축했다는 점에서 의미가 있다.MOU(양해각서) 체결에 참석한 LG유플러스 최윤호 AI Agent추진그룹장(오른쪽)과 우리은행 오지영 금융소비자보호그룹장 이 기념촬영을 하는 모습. 사진=LG유플러스이번 협약은 금융과 통신의 긴밀한 공조를 통해 보이스피싱이 실질적인 금전 피해로 이어지기 전 단계에서 차단하는 것을 목표로 한다.양사는 신종 사기 수법 및 피해 사례를 공유하고, 실시간 업무 지원 체계를 마련해 대응 속도를 높인다.또한 정기 협의체를 운영해 협업 과제를 발굴하고 세부 실행 계획을 수립하는 등 지속적인 공동 대응책을 추진할 방침이다.LG유플러스는 이미 AI 기반 보이스피싱 시도 탐지 시스템을 운용 중이며, 이번 협력을 통해 금융기관과의 데이터 연계를 강화해 탐지→차단→금융 피해 예방에 이르는 전 단계를 아우르는 고객 보호 체계를 완성하게 됐다.최윤호 LG유플러스 상무는 “보이스피싱 피해를 막기 위해서는 금융기관과 통신사의 협력이 필수”라며 “고객의 안전한 통신·금융 생활을 지키는 ‘보안에 가장 진심인 통신사’로 자리매김하겠다”고 말했다."
https://n.news.naver.com/mnews/article/003/0013412985?sid=101,2025-08-10 09:02:09,경제,"LGU+, 우리은행과 보이스피싱 예방 공동 대응","보이스피싱에 따른 금융 피해 사전 예방 위한 업무 협약 체결신종 사기 수법 공유 통한 신속 대응 체계 구축…정기 협의체 구성해LG유플러스와 우리은행이 최근 급증하는 보이스피싱 범죄에 따른 고객들의 금융 피해를 예방하기 위해 손을 잡았다. 사진은 MOU에 참석한 LG유플러스 최윤호 AI 에이전트추진그룹장(오른쪽)과 우리은행 오지영 금융소비자보호그룹장이 기념촬영을 하는 모습. (사진=LG유플러스 제공) *재판매 및 DB 금지[서울=뉴시스]송혜리 기자 = LG유플러스는 우리은행과 최근 급증하는 보이스피싱 범죄에 따른 이용자 금융 피해를 예방하기 위해 협력한다고 10일 밝혔다.양사는 지난 7일 오후 서울 중구 소재 우리은행 본사에서 '전기 통신 금융사기 피해 예방 협약'을 체결했다. 이날 협약식에는 LG유플러스 최윤호 AI 에이전트 추진그룹장(상무)과 우리은행 오지영 금융소비자보호그룹장 등 양사 관계자가 참석했다.이번 협약은 금융과 통신이 긴밀히 협력해 국민 피해를 사전에 예방하고, 급증하는 신종 사기 수법에 선제적으로 대응하기 위해 마련됐다. LG유플러스와 우리은행은 보이스피싱 피해를 예방하기 위해 상호 협력 체계를 구축하고 보이스피싱이 실질적인 금융 피해로 이어지지 않도록 협업할 계획이다.구체적으로 양사는 ▲보이스피싱 사기 수법 및 피해 사례 정보 공유 ▲피해 확산 방지를 위한 실시간 업무 지원 ▲정기 협의체 구성을 통한 협업 과제 발굴 및 세부 실행 계획 수립 ▲기타 금융 사기 방지를 위한 공동 대응책 마련 등을 공동 추진한다. 이를 통해 양사는 갈수록 진화하는 보이스피싱 범죄에 빠르게 대응하고 금융 피해를 사전에 예방할 수 있을 것으로 기대하고 있다.이번 우리은행과 협업으로 LG유플러스는 보이스피싱 시도를 선제적으로 차단하는 단계를 넘어, 금융 피해까지 예방할 수 있는 체계를 갖추게 됐다고 설명했다.최윤호 LG유플러스 AI 에이전트추진그룹장(상무)은 ""보이스피싱 피해를 사전에 차단하기 위해서는 금융기관과 통신사의 긴밀한 협력이 필수적""이라며 ""앞으로도 LG유플러스는 고객의 안전한 통신 및 금융 생활을 지원함으로써 보안에 가장 진심인 통신사로 자리매김할 것""이라고 밝혔다．"
https://n.news.naver.com/mnews/article/029/0002974277?sid=105,2025-08-10 09:28:23,IT/과학,"보이스피싱 금융 피해 막는다…LGU+, 우리은행과 ‘맞손’","MOU에 참석한 최윤호(오른쪽) LG유플러스 AI 에이전트 추진그룹장과 오지영 우리은행 금융소비자보호그룹장이 기념촬영을 하고 있다. LG유플러스 제공LG유플러스와 우리은행이 최근 급증하는 보이스피싱 범죄에 따른 고객들의 금융 피해를 예방하기 위해 손 잡았다.양사는 지난 7일 서울 중구 소재 우리은행 본사에서 ‘전기 통신 금융사기 피해 예방 협약’을 체결했다고 10일 밝혔다.이번 협약은 금융과 통신이 협력해 국민 피해를 사전에 예방하고, 급증하는 신종 사기 수법에 선제적으로 대응하기 위해 마련됐다. LG유플러스와 우리은행은 보이스피싱 피해를 예방하기 위해 상호 협력 체계를 구축하고 보이스피싱이 실질적인 금융 피해로 이어지지 않도록 협업할 계획이다.구체적으로 양사는 △보이스피싱 사기 수법 및 피해 사례 정보 공유 △피해 확산 방지를 위한 실시간 업무 지원 △정기 협의체 구성을 통한 협업 과제 발굴 및 세부 실행 계획 수립 △기타 금융 사기 방지를 위한 공동 대응책 마련 등을 공동 추진한다.최윤호 LG유플러스 AI 에이전트추진그룹장(상무)은 “앞으로도 LG유플러스는 고객의 안전한 통신 및 금융 생활을 지원해 보안에 가장 진심인 통신사로 자리매김할 것”이라고 말했다."
https://n.news.naver.com/mnews/article/421/0008419985?sid=105,2025-08-10 09:29:08,IT/과학,"LGU+, 우리은행과 보이스피싱 범죄 피해 예방 맞손","(LGU+ 제공)/뉴스1(서울=뉴스1) 김정현 기자 = LG유플러스와 우리은행은 보이스피싱 범죄로 인한 금융 피해 예방을 위해 협력하기로 했다고 10일 밝혔다.양사는 지난 7일 오후 서울 중구 소재 우리은행 본사에서 '전기 통신 금융사기 피해 예방 협약'을 체결했다.LG유플러스와 우리은행은 보이스피싱 피해를 예방하기 위해 상호 협력 체계를 구축하고 보이스피싱이 실질적인 금융 피해로 이어지지 않도록 협업할 계획이다.구체적으로 양사는 △보이스피싱 사기 수법 및 피해 사례 정보 공유 △피해 확산 방지를 위한 실시간 업무 지원 △정기 협의체 구성을 통한 협업 과제 발굴 및 세부 실행 계획 수립 △기타 금융 사기 방지를 위한 공동 대응책 마련 등을 공동 추진한다.최윤호 LG유플러스 AI Agent추진그룹장(상무)은 ""앞으로도 LG유플러스는 고객의 안전한 통신 및 금융 생활을 지원함으로써 보안에 가장 진심인 통신사로 자리매김할 것""이라고 말했다."
https://n.news.naver.com/mnews/article/031/0000955862?sid=105,2025-08-10 10:45:07,IT/과학,"LGU+, 우리은행과 보이스피싱 피해 예방 '맞손'","탐지부터 금융 피해 예방까지 고객 보호…""보안에 진심인 통신사 될 것""LG유플러스(대표 홍범식)는 우리은행(은행장 정진완)과 보이스피싱 피해 예방을 위한 업무협약(MOU)을 체결했다고 10일 밝혔다.최윤호 LG유플러스 AI Agent추진그룹장(오른쪽)과 오지영 우리은행 금융소비자보호그룹장 이 기념촬영을 하는 모습. [사진=LGU+]이 협약은 금융과 통신이 긴밀히 협력해 피해를 사전 예방하고, 급증하는 신종 사기 수법에 대응하기 위해 마련됐다. LG유플러스와 우리은행은 상호 협력 체계를 구축하고 보이스피싱이 실질적인 금융 피해로 이어지지 않도록 협업할 계획이다.구체적으로 양사는 △보이스피싱 사기 수법 및 피해 사례 정보 공유 △피해 확산 방지 위한 실시간 업무 지원 △정기 협의체 구성 통한 협업 과제 발굴 및 세부 실행 계획 수립 △기타 금융 사기 방지 위한 공동 대응책 마련 등을 추진한다.양사는 갈수록 진화하는 보이스피싱 범죄에 빠르게 대응하고 금융 피해를 사전에 예방할 것으로 기대하고 있다.최윤호 LG유플러스 AI Agent추진그룹장(상무)은 ""보이스피싱 피해를 사전에 차단하기 위해서는 금융기관과 통신사의 긴밀한 협력이 필수적""이라며 ""LG유플러스는 고객의 안전한 통신 및 금융 생활을 지원해 보안에 가장 진심인 통신사로 자리매김할 것""이라고 말했다."
https://n.news.naver.com/mnews/article/421/0008420113?sid=105,2025-08-10 11:50:00,IT/과학,국가대표 AI 5개사 선정…SKT 해킹에 2분기 실적 희비[뉴스잇(IT)쥬],"[편집자주] 정보통신기술(ICT)은 어떤 산업보다 빠르게 변화합니다. 그 안의 다양한 이해관계가 맞물려 소용돌이 치는 분야이기도 하지요. ICT 기사는 어렵다는 편견이 있지만 '기승전ICT'로 귀결되는 4차 산업혁명 시대에 그 중요성은 날로 커지고 있습니다. 전문적인 '그들만의 뉴스'가 아닌 개개인의 일상 생활과도 밀접한 분야죠. 민영통신사 <뉴스1>은 한주간 국내 ICT 업계를 달군 '핫이슈'를 한눈에 제공합니다. 놓쳐버린 주요 뉴스, [뉴스잇(IT)쥬]와 함께 하실래요?송상훈 과학기술정보통신부 정보통신정책실장이 4일 오후 서울 종로구 정부서울청사에서 '독자 AI 파운데이션 모델' 프로젝트 정예팀 선정 결과를 발표하고 있다2025.8.4/뉴스1 ⓒ News1 임세영 기자(서울=뉴스1) 김정현 기자 = 글로벌 수준의 독자 인공지능(AI) 모델을 확보하기 위한 국가대표 AI 기업 선발전 결과 네이버클라우드·업스테이지·SK텔레콤·NC AI·LG경영개발원 AI연구원(가나다순) 컨소시엄이 5개 정예팀으로 선발됐다.통신사 실적에 'SKT 유심정보 해킹 사건'의 영향이 나타나고 있다. SKT는 올해 2분기 실적에서 가입자 이탈 영향으로 영업이익이 감소했으나, LG유플러스는 무선 가입자 유입으로 '어닝 서프라이즈'를 기록했다.아시아태평양경제협력체(APEC) 회원국이 인천에 모여 디지털·인공지능(AI)을 통한 동반 성장을 논의했다. 이번 APEC 디지털·AI 장관회의 부대행사로 열린 포럼에서 미국과 중국이 AI 주도권을 놓고 기싸움을 벌였다.ⓒ News1 김초희 디자이너'AI 국가대표' 5개팀 선정…네이버·LG·SKT·NC·업스테이지과학기술정보통신부는 지난 4일 '독자 AI 파운데이션 모델' 프로젝트 최종 평가 결과 △네이버클라우드 △LG AI연구원 △SK텔레콤 △NC AI △업스테이지 등 5개 정예팀을 선정했다고 밝혔다.독자 AI 파운데이션 모델 프로젝트는 오픈AI의 챗GPT, 구글 제미나이(Gemini) 등 글로벌 최신 AI 모델의 95% 이상 성능을 목표로 한국형 AI 모델을 확보하기 위한 국가사업이다.지난달 21일 마감된 사업 공모에는 총 15곳이 컨소시엄을 구성해 지원했으며, 이후 과기정통부는 서면 평가를 거쳐 지난 25일 10개 팀을 추렸다.이어 △기술력 및 개발 경험 △개발 목표 우수성 △개발 전략·기술 우수성 △파급 효과 및 기여 계획 등을 종합 평가한 발표 평가에서는 카카오와 KT가 고배를 마셨다.선발된 5개 팀은 'K-AI 모델, K-AI 기업' 명칭을 부여받고, 1500억 원 규모의 그래픽처리장치(GPU), 628억 원 규모의 데이터, 250억 원 규모의 인재 영입 비용을 지원받는다.과기정통부는 이르면 8월 초 5개 정예팀과 협약을 체결해 AI 파운데이션 모델 개발·확보에 나설 계획이다. 이후 올해 말까지 개발된 AI 파운데이션 모델을 기반으로 12월 말 1차 단계 평가를 거쳐 4개 팀으로 압축할 예정이다.서울의 한 SKT 공식매장 2025.7.4/뉴스1 ⓒ News1 장수영 기자SKT, 해킹 여파로 2Q 영업익 37%↓…LGU+는 창사 최대 분기 영업익SKT 해킹 사태의 여파가 통신사 실적에 나타나고 있다.SKT는 지난 6일 2분기 연결 기준 매출 4조 3388억 원, 영업이익 3383억 원을 기록했다고 공시했다. 전년 동기 대비 매출과 영업이익 모두 각각 1.9%, 37.1% 감소했다.김양섭 SKT 최고재무책임자(CFO)는 실적발표 콘퍼런스 콜에서 ""사이버 침해 사고 관련 재무적 영향은 지난 2분기부터 반영되기 시작했다""며 ""올 하반기에는 좀 더 큰 폭으로 나타날 걸로 본다""고 말했다.SKT는 전 가입자 유심 교체 비용 및 대리점 손실 보상으로 발생한 일회성 비용 2500억 원을 일괄로 2분기에 반영했다. 가입자 이탈로 인한 매출 감소와 가입자 이탈 방어를 위한 마케팅 비용 지출도 영향을 미쳤다.반면 LG유플러스는 SKT 이탈 가입자를 흡수하며 창사 이래 분기 기준 최대 영업이익을 기록하며 호실적을 보였다.LG유플러스는 지난 8일 2025년 2분기 매출 3조 8444억 원, 영업이익 3045억 원을 시현했다고 공시했다. 매출과 영업이익 모두 각각 전년 동기 대비 2.6%, 19.2% 증가했다.여명희 CFO는 ""모바일 서비스 매출이 전년 동기 대비 4.3% 성장을 했는데, 이 추세는 2021년 3분기 이후로 가장 높은 성장률""이라며 ""마케팅 비용은 가입자 증가에 따라 전년 동기 대비 3.5% 상승했지만, 실질적으로 서비스 수익 대비 마케팅 비용은 19.2%로 전년과 동일한 수준을 유지했다""고 말했다.배경훈 과학기술정보통신부 장관이 4일 인천광역시 연수구 송도컨벤시아에서 열린 '아시아태평양경제협력체(APEC) 디지털 AI 장관회의'에서 기념 촬영을 하고 있다. (과학기술정보통신부 제공. 재판매 및 DB 금지) 2025.8.4/뉴스1APEC 디지털·AI 장관회의 부대행사서 美·中 AI 주도권 놓고 갈등APEC 디지털·AI 장관회의가 지난 4일 인천에서 개최돼 지속 가능한 AI 생태계 조성을 위해 협력하자는 내용의 공동선언문을 채택했다. 그러나 미국과 중국이 공개된 자리에서 AI 주도권을 놓고 갈등을 벌여 그 의미가 바랬다는 지적이 나온다.미국과 중국은 지난 5일 이번 장관회의의 부대행사로 열린 APEC 글로벌 디지털·AI 포럼에서 서로를 겨냥한 날 선 반응을 쏟아냈다.마이클 크라치오스 미국 백악관 과학기술정책실(OSTP) 실장은 기조연설에서 APEC 국가들에 미국 'AI 액션 플랜'을 받아들일 것을 권유하고 ""미국과 가장 가까운 경쟁국 간의 AI 인력 격차는 여전히 상당하며, 경쟁국의 AI 시스템 기반 역시 미국식 AI 모델에 기반을 둔다는 점은 부인할 수 없을 것""이라고 중국을 꼬집었다.쑹 지준 중국 산업정보화부 차관 기조연설에 역시 미국을 겨냥한 비판을 담았다.쑹 지준 차관은 ""(미국에 의한) 공급망 단절과 미·중 디커플링으로 대표되는 제로섬 사고방식을 버려야 한다""며 미국의 통상 압박을 지적했다.이어 ""중국 정부는 다자주의에 확고한 신념을 갖고 있다""며 ""모든 APEC 회원 경제체가 개방적 협력에 대한 의지를 지속적으로 유지하고, 글로벌 디지털 산업 및 공급망의 안전성과 기득권을 공동으로 제거할 것을 촉구한다""고 했다."
https://n.news.naver.com/mnews/article/008/0005233765?sid=105,2025-08-10 12:00:00,IT/과학,"과기정통부 ""KT·LGU+, 네카오 해킹 흔적 없어""","/사진=뉴시과학기술정보통신부가 SK텔레콤 해킹 사고를 계기로 KT, LG유플러스와 주요 플랫폼사 네이버(NAVER)·카카오·쿠팡·우아한형제들)를 대상으로 긴급 현장 점검을 진행한 결과 ""특이사항이 발견되지 않았다""고 10일 밝혔다.앞서 과기정통부는 SKT 해킹그룹이 다른 이통사와 플랫폼사에도 침투했는지 지난 5월 23일부터 조사해왔다.더불어 한국인터넷진흥원(KISA)과 △일평균 이용자 100만명 이상 26개사 △기간통신사업자 14개사 등 총 40개사를 대상으로 오는 11월 말까지 정보보호 공시를 검증한다. 40개사가 지난 6월말까지 공시한 정보보호 투자·인력 등을 직접 점검해 공시 제도의 실효성과 신뢰를 확보한다는 목표다. 정부는 2022년부터 일정 기준을 충족한 기업의 정보보호 현황을 공개하도록 했다.정부는 회계·감리 등 전문성을 보유한 공시 검증단을 운영해 공시 내용을 종합 검토할 계획이다. 전문가로 구성된 심의위원회에서 공시 내용을 최종 심의해 중대한 오류가 있다고 판단되는 경우 해당 기업에 수정을 요청한다. 검증을 거부, 방해하거나 수정 공시를 미이행 할 경우에는 최대 1000만원 이하의 과태료가 부과될 수 있다.과기정통부 관계자는 ""사이버보안에 대한 사회 각계의 관심이 높아지고 있는 점을 고려해 기업의 정보보호 투자 및 활동을 세밀히 검증할 것""이라며 ""국민들에게 투명한 정보를 제공하는 한편, 향후 공시대상 확대 및 검증 강화를 통해 기업의 정보보호 투자 확대를 유도하기 위해 노력하겠다""고 말했다."
https://n.news.naver.com/mnews/article/031/0000955880?sid=105,2025-08-10 12:01:11,IT/과학,"과기정통부-KISA, 정보보호 공시 사후 검증 실시","773개사 중 40개사 대상⋯공시 검증단 통해 종합 검토SKT 침해사고 계기 통신사·플랫폼 점검⋯""특이사항 없어""과학기술정보통신부(장관 배경훈)와 한국인터넷진흥원(원장 이상중, KISA)은 정보보호 공시 신뢰도 제고를 위한 2025년 정보보호 공시 검증을 오는 8월부터 11월 말까지 실시한다.과학기술정보통신부 현판. [사진=과기정통부]이 검증은 올해 공시한 773개사(의무 666, 자율 107개) 중 국민 생활과 밀접한 서비스를 제공하는 3개 통신사(SK텔레콤·KT·LG유플러스) 등 40개사를 대상으로 한다. 정보보호 투자·인력 등 공시 내용을 직접 점검해 공시 제도 실효성과 사회적 신뢰를 확보하기 위함이다.정보보호 공시 제도는 2022년부터 사업분야, 매출액과 서비스 이용자 수 등을 고려해 일정 기준에 포함되는 기업을 대상으로 의무화됐다. 기업 정보보호 현황을 공개·관리함으로써 이용자 안전한 인터넷 사용과 기업의 정보보호 투자 확대를 도모하는 제도다.정부는 지난 6월30일까지 기업에서 공시한 2024년도 정보보호 투자 및 인력 등의 항목에 대해 종합적으로 검토할 계획이다. 이를 위한 회계·감리 등 전문성을 보유한 공시 검증단도 운영할 방침이다.검증단 검증 결과는 전문가로 구성된 심의위원회에서 공시 내용을 최종적으로 심의한다. 중대한 오류가 있다고 판단되는 경우 해당 기업에 수정을 요청할 예정이다. 요청받은 기업은 수정 요청 내용과 관련 사유서를 전자공시시스템에 기한 내 제출해야 한다.과기정통부 관계자는 ""사이버보안에 대한 사회 각계의 관심이 높아지고 있는 점을 고려해 기업 정보보호 투자 및 활동에 대한 세밀한 검증을 통해 국민에 투명한 정보를 제공하는 한편, 향후 공시대상 확대 및 검증 강화를 통해 기업의 정보보호 투자 확대를 유도하기 위해 노력하겠다""고 말했다.한편, 정부는 SK텔레콤 침해사고를 계기로 타 기업에 대한 점검도 진행해 왔다. 과기정통부는 ""타 통신사(KT, LGU+)와 주요 플랫폼사(네이버, 카카오, 쿠팡, 우아한형제들)에 대해 이번 주까지 긴급 현장 점검을 추진한 결과, 특이 사항은 발견되지 않았다""고 밝혔다."
https://n.news.naver.com/mnews/article/092/0002385549?sid=105,2025-08-10 12:01:15,IT/과학,"정보보호 공시 제대로?...정부, 통신·플랫폼 기업 40곳 검증","투자액, 인력 등 11월말까지 3개월 진행...전문가 구성 심의위원회서 심의과학기술정보통신부(장관 배경훈)와 한국인터넷진흥원(KISA, 원장 이상중) 정보보호 공시 신뢰도 제고를 위한 ‘2025년 정보보호 공시 검증'을 오는 8월부터 11월 말까지 약 ３개월간 실시한다고 10일 밝혔다.이번 검증은 올해 공시한 773개(의무 666, 자율 107개) 기업 중 국민 생활과 밀접한 서비스를 제공하는 40개사가 대상이다. 40곳은 일일 평균 이용자 수 100만명 이상 26개사와 기간통신사업자 14개사 등이다. 정보보호 투자와 인력 등 공시 내용을 직접 점검함으로써 공시 제도의 실효성과 사회적 신뢰를 확보하는 데 중점을 둔다.정보보호 공시 제도는 지난 2022년부터 사업분야, 매출액과 서비스 이용자 수 등을 고려해 일정 기준에 포함되는 기업을 대상으로 의무화됐다. 예컨대, 정보보호 최고책임자를 지정하는 상장사 중 매출액이 3000억원 이상인 기업이 대상이다. 기업의 정보보호 현황을 공개 및 관리함으로써 이용자의 안전한 인터넷 사용과 기업의 정보보호 투자 확대를 도모하는 제도다.올해 검증은 지난 6월 30일까지 기업에서 공시한 2024년도 정보보호 투자 및 인력 등의 항목에 대해 회계, 감리 등 전문성을 보유한 공시 검증단을 운영해 공시 내용을 종합적으로 검토할 계획이다. 또 검증단의 검증 결과는 전문가로 구성된 심의위원회에서 공시 내용을 최종적으로 심의해 중대한 오류가 있다고 판단되는 경우 해당 기업에 수정을 요청할 예정이다. 요청받은 기업은 수정 요청 내용과 관련 사유서를 전자공시시스템(isds.kisa.or.kr, 이하 공시 종합 포털)에 기한 내 제출해야 한다.공시 의무자 중 검증 대상으로 선정된 기업이 검증을 거부 또는 방해하거나 수정공시를 미이행 할 경우에는 최대 1천만 원 이하의 과태료를 부과할 수 있다.과기정통부 최영선 정보보호산업과장은 ""사이버보안에 대한 사회 각계의 관심이 높아지고 있는 점을 고려, 기업의 정보보호 투자 및 활동에 대한 세밀한 검증을 통해 국민들에게 투명한 정보를 제공하는 한편, 향후 공시대상 확대 및 검증 강화를 통해 기업의 정보보호 투자 확대를 유도하기 위해 노력하겠다""고 밝혔다. 이어 ""SKT 침해사고를 계기로 타 통신사(KT, LGU+)와 주요 플랫폼사(네이버, 카카오, 쿠팡, 우아한형제들)에 대해 이번 주까지 긴급 현장 점검을 추진한 결과 특이사항은 발견되지 않았다""고 덧붙였다."
https://n.news.naver.com/mnews/article/030/0003339495?sid=105,2025-08-10 12:01:34,IT/과학,"정부, 이통 3사 등 국민생활 밀접 분야 40개사 정보보호 공시 사후 검증","과학기술정보통신부와 한국인터넷진흥원(KISA)이 오는 11월 말까지 약 3개월간 올해 정보보호 공시 내용을 검증한다.대상은 올해 공시한 773개(의무 666, 자율 107개)사 가운데 국민 생활과 밀접한 서비스를 제공하는 이동통신 3사 등 40개사다.정부는 이들 기업이 공시한 2024년도 정보보호 투자 및 인력 등 항목에 대해, 회계·감리 등 전문성을 보유한 공시 검증단을 운영해 공시 내용을 종합 검토한다.또 전문가로 구성된 심의위원회가 검증단의 검증 결과와 함께 공시 내용을 최종적으로 심의한다. 그 결과 중대한 오류가 있다고 판단되는 경우, 해당 기업에 수정을 요청할 예정이다. 요청받은 기업은 수정 요청 내용과 관련 사유서를 전자공시시스템에 기한 내 제출해야 한다.공시 의무자 중 검증 대상으로 선정된 기업이 검증을 거부 또는 방해하거나 수정공시를 미이행 시 최대 1000만원 이하 과태료가 부과될 수 있다.과기정통부 관계자는 “기업의 정보보호 투자 및 활동에 대한 세밀한 검증을 통해 국민에게 투명한 정보를 제공하겠다”며 “공시대상 확대, 검증 강화를 통해 기업의 정보보호 투자 확대를 유도하기 위해 노력하겠다”고 말했다.그러면서 “SKT 침해사고를 계기로 타 통신사(KT, LGU+)와 주요 플랫폼사(네이버, 카카오, 쿠팡, 우아한형제들)에 대해 이번 주까지 긴급 현장 점검을 추진한 결과, 특이사항은 발견되지 않았다”고 덧붙였다."
https://n.news.naver.com/mnews/article/030/0003339512?sid=105,2025-08-10 14:14:13,IT/과학,실적 신기록 쓴 LGU+…무선·AI 앞세워 '1조 클럽' 청신호,"홍범식 LG유플러스 대표가 타운홀미팅에서 전사 전략 방향을 공유하고 있다.LG유플러스가 올 상반기 실적 신기록을 쓰며 연간 영업이익 1조원 달성에 청신호를 켰다. 경쟁사 이탈고객 흡수에 따른 무선회선 증가에 힘입어 수익성을 대폭 끌어올렸다. 하반기에도 모바일 매출 성장과 비용 효율화, 인공지능(AI) 데이터센터 등 고수익 중심 사업개편을 통해 호실적을 이어간다는 구상이다.10일 금융감독원 전자공시에 따르면 LG유플러스는 올 상반기 작년 동기대비 17.9% 증가한 5599억원의 영업익을 거뒀다. 역대 최대 실적이다. 홍범식 LG유플러스 대표 취임 이후 분기 연속 턴어라운드에 성공했다.호실적 배경에는 이동통신 가입자 증가가 꼽힌다. 상반기 기준 LG유플러스 무선 가입회선은 전년보다 9.9% 늘어난 2991만7000개로 3000만 돌파를 앞뒀다. 특히 객단가(ARPU)가 높은 5G 가입자가 20.5% 늘며 실적 성장을 견인했다.이같은 무선 실적 호조는 SK텔레콤 해킹 사태에 따른 반사이익이 주효했다. SK텔레콤 이동통신 가입자가 전분기보다 87만명 순감할 때 LG유플러스는 41만명 순증했다.홍 대표 취임 첫 해 '1조 클럽' 복귀도 가시화됐다. 앞서 LG유플러스는 2022년에 영업이익 1조812억원을 기록하며 사상 처음 1조원을 돌파했지만 2023년과 지난해에는 각각 9980억원, 8361억원에 그쳤다. 올 상반기 역대 최대 실적을 거둔 만큼 3년 만에 영업익 1조원을 회복할 것으로 전망된다.LG유플러스는 하반기에도 AI 기반 신성장 동력 육성과 구조적 비용 효율화 등을 통해 턴어라운드 모멘텀을 이어간다.정보보호 투자액을 1000억원대로 늘리는 대신 설비투자액(CAPEX)은 상반기에만 22.9% 줄이며 비용 지출을 최소화한다. 단말기유통구조개선법(단통법) 폐지에 따른 시장 불확실성 속에서도 과도한 출혈 경쟁은 지양하겠다는 방침이다.새로운 캐시카우로 기대하는 AI 기업부문(B2B)도 수익성 중심 전략을 꾀한다. AI 인프라인 인터넷데이터센터(IDC) 경우 설계·구축·운영(DBO) 및 임차판매로 사업 영역을 확장한다. 자체 구축 중심에서 외부 데이터센터를 위탁 설계, 운영하는 확장형 사업모델로 전환한다.인공지능 전환(AX)에도 집중한다. 오픈AI와 멀티엔진 기반의 AI 컨택센터(AICC)를 개발한다. 자체 AI 엑사원과 오픈AI의 응용프로그램 인터페이스(API)를 결합해 솔루션 사업 경쟁력 강화에 나선다는 구상이다.LG유플러스 최근 6년간 영업이익 현황"
https://n.news.naver.com/mnews/article/029/0002974351?sid=105,2025-08-10 15:14:40,IT/과학,"과기정통부, 올해 정보보호공시 사후검증 시작","국민생활 밀접분야 40개사 공시내용 점검과학기술정보통신부와 한국인터넷진흥원(KISA)은 정보보호 공시의 신뢰도 제고를 위한 2025년 정보보호 공시 검증을 올 11월 말까지 약 ３개월간 실시한다고 10일 밝혔다.이번 검증은 올해 공시한 773개사 중 기간통신사업자 14개사 및 일평균 이용자 100만명 이상 26개사 등 국민생활과 밀접한 분야의 총 40개사 대상으로 정보보호 공시 내용을 직접 점검함으로써 제도 실효성과 사회적 신뢰를 확보하는 데 중점을 둔다.지난 6월까지 기업에서 공시한 2024년도 정보보호 투자·인력 등 항목에 대해 회계·감리 등 전문성을 보유한 공시 검증단을 운영해 종합적으로 검토할 계획이다.검증단의 검증 결과를 바탕으로 전문가로 구성된 심의위원회에서 공시 내용을 최종적으로 심의한다. 중대한 오류가 있다고 판단되는 경우 해당 기업에 수정을 요청할 예정이다. 요청받은 기업은 수정 요청 내용과 관련 사유서를 전자공시시스템(공시종합포털)에 기한 내 제출해야한다. 공시 의무자 중 검증 대상으로 선정된 기업이 검증을 거부 또는 방해하거나 수정공시를 미이행할 경우에는 최대 1000만원 이하 과태료가 부과될 수 있다.과기정통부 관계자는 ""사이버보안에 대한 사회 각계의 관심이 높아지고 있는 점을 고려해 기업의 정보보호 투자 및 활동에 대한 세밀한 검증을 통해 국민들에게 투명한 정보를 제공하는 한편, 향후 공시대상 확대 및 검증 강화를 통해 기업의 정보보호 투자 확대를 유도하기 위해 노력하겠다""고 말했다.아울러, ""SK텔레콤 침해사고를 계기로 KT, LGU+ 등 타 통신사와 네이버, 카카오, 쿠팡, 우아한형제들 등 주요 플랫폼사에 대해 이번 주까지 긴급 현장 점검을 추진한 결과, 특이사항은 발견되지 않았다""고 밝혔다.팽동현 기자 dhp@dt.co.kr정보보호 공시 검증 기업 리스트. 과기정통부 제공"
https://n.news.naver.com/mnews/article/382/0001215753?sid=105,2025-08-10 16:04:14,IT/과학,"LGU+, 우리은행과 보이스피싱 피해 예방 맞손","LG유플러스가 우리은행과 보이스피싱 범죄에 따른 고객들의 금융 피해를 예방하기 위해 손을 잡았다. 양사는 7일 서울 중구 우리은행 본사에서 ‘전기 통신 금융사기 피해 예방 협약’을 체결했다. 보이스피싱 피해를 예방하기 위해 상호 협력 체계를 구축하고, 보이스피싱이 실질적인 금융 피해로 이어지지 않도록 협업할 계획이다.구체적으로는 ▲보이스피싱 사기 수법 및 피해 사례 정보 공유 ▲피해 확산 방지를 위한 실시간 업무 지원 ▲정기 협의체 구성을 통한 협업 과제 발굴 및 세부 실행 계획 수립 ▲기타 금융 사기 방지를 위한 공동 대응책 마련 등을 공동 추진한다. 양사는 갈수록 진화하는 보이스피싱 범죄에 빠르게 대응하고 금융 피해를 사전에 예방할 수 있을 것으로 기대하고 있다.최윤호 LG유플러스 AI 에이전트추진그룹장은 “앞으로도 LG유플러스는 고객의 안전한 통신 및 금융 생활을 지원함으로써 보안에 가장 진심인 통신사로 자리매김할 것이다”고 말했다."
https://n.news.naver.com/mnews/article/277/0005635140?sid=105,2025-08-10 16:53:15,IT/과학,"""정보보호 공시 제대로 했나""…정부, 40개사 사후 검증","국민 생활 밀접 분야 검증 강화""정보보호 투자·활동 세밀 검증""과학기술정보통신부와 한국인터넷진흥원(KISA)은 11월 말까지 약 3개월간 정보보호 공시의 신뢰도 제고를 위한 검증을 실시한다고 10일 밝혔다.검증 대상은 올해 정보보호 현황을 공시한 773개사 가운데 이용자 수 100만명 이상의 기업 26곳과 기간통신사업자 14곳 등이다. 정부는 이들이 공시한 투자·인력 등 내용을 직접 점검한다. 특히 올해는 SK텔레콤의 해킹사태를 계기로 국민 생활과 밀접한 서비스를 제공하는 기업 위주로 대상을 확대했다.구체적으로 삼성전자와 카카오, 네이버, SK텔레콤, 쿠팡, 티맵모빌리티, 우아한형제들, 이마트, CJ ENM, KT, LG유플러스, 카카오모빌리티, 삼성SDS, LG전자 등이 포함됐다.2022년부터 도입된 정보보호 공시 제도는 사업 분야, 매출액, 서비스 이용자 수 등이 일정 수준 이상인 기업에 대해 정보보호 현황 공개를 의무화했다.공시 내용은 회계·감리 등 전문성을 보유한 검증단이 우선 검토하고, 그 결과를 전문가로 구성된 심의위원회가 최종 검토한다. 공시 내용에 중대한 오류가 있다고 판단될 경우 해당 기업에 수정을 요청할 예정이다.요청받은 기업은 수정 요청 내용과 관련 사유서를 전자공시시스템에 기한 내에 제출해야 한다. 만약 검증 대상으로 선정된 기업이 이를 거부 또는 방해하거나 수정 공시를 미이행할 경우 최대 1000만원 이하의 과태료가 부과될 수 있다.과기정통부 관계자는 ""사이버 보안에 대한 사회 각계의 관심이 높아지고 있는 점을 고려해 기업의 정보보호 투자와 활동에 대해 세밀한 검증을 하려는 것""이라며 ""SKT를 비롯해 KT, LGU+, 네이버, 카카오, 쿠팡, 우아한형제들에 대해 긴급 현장 점검을 추진한 결과 특이사항은 발견되지 않았다""고 말했다."
https://n.news.naver.com/mnews/article/018/0006086658?sid=105,2025-08-10 17:08:17,IT/과학,"北김수키, 한국 정부·기업 전방위 공격...정부 “배후조직 추적 중”","美 비영리단체, 北김수키 관련 자료 대규모 공개외교부, 행안부, 방첩사 등 해킹 정황국정원 “필요한 조치 완료...배후 추적”“정부 차원 해킹 대응해야...사이버안보비서관 선임 서둘러야”[이데일리 윤정훈 기자]북한 또는 중국의 지원을 받는 것으로 추정되는 해커 조직 ‘김수키(Kimsuky)’가 한국 정부 기관과 주요 기업을 대상으로 동시다발적인 해킹을 감행한 정황이 포착됐다.(사진=AI생성 이미지)10일 미국의 보안 연구 및 해킹 기술 전문 세계 권위의 잡지 ‘프랙’은 40주년 기념호에서 ‘APT Down: The North Korea Files’라는 제목의 보고서를 바탕으로 북한의 국가 배후 해커 조직 김수키가 국내 정부와 통신사 등을 공격했다고 밝혔다. 이 보고서는 미국 비영리 단체 디도시크릿츠(DDoSecrets)가 공개한 것으로 약 8.9GB 분량의 데이터가 담겨있다.국가정보원 관계자는 “관련 내용을 포착하고 유관기관 공조하에 필요한 조치를 이미 완료했으며, 배후조직 등에 대해 지속적으로 추적하고 있다”고 밝혔다.이번에 공개된 자료에는 대한민국 행정안전부와 외교부, 국군방첩사령부, 국내 통신사의 내부 시스템 접속 계정 및 키가 방대한 양으로 저장된 데이터 ‘덤프’가 포함됐다. 이는 국가 핵심 기관과 기업들이 해킹 피해를 입었거나 공격 시도 대상에 오른 정황으로 볼 수 있다.데이터 덤프는 김수키 소속 해커가 사용한 가상 머신(VM)과 스피어 피싱 공격용으로 사용한 VPS(가상 개인 서버)에서 유출된 것으로, 해커의 공격 전술과 내부 활동을 생생하게 보여준다. 덤프 자료에는 김수키가 제작한 다양한 백도어와 공격 도구의 소스 코드, 그리고 한국 정부 기관에서 탈취한 것으로 보이는 민감한 정보들이 다수 포함돼 있다.한국 정부의 주요 이메일과 플랫폼 등도 공개됐다. 이 파일의 로그를 보면 올해까지도 이 해커가 정부 사이트를 드나들었던 것으로 볼 수 있다.이 해커의 파일 덤프에는 한국 외교부의 이메일 플랫폼 소스 코드 복사본도 ‘mofa． go．kr．7z’이 발견됐다. 단순 이메일 계정이 아닝시스템 자체 소스코드라는 점에서 해커가 외교부 시스템에 직접적인 접근 권한을 얻었을 가능성도 있다. 일부 현재 사용되지 않는 과거 데이터도 포함된 것으로 알려졌다.국가 안보와 직결되는 국군방첩사령부도 주요 공격 대상이 됐다. 해커의 로그 파일에는 ‘dcc．mil．kr’을 겨냥한 피싱 공격 기록이 남아 있었으며, 공격에 사용된 이메일 주소 목록도 함께 발견됐다. 이 공격에는 ‘제너레이터(Generator)’라는 자체 제작 피싱 도구가 사용됐는데, 피해자가 로그인 정보를 입력해도 합법적인 사이트의 오류 페이지로 리디렉션해 해킹 사실을 눈치채지 못하게 하는 고도화된 속임수를 사용했다.행안부의 경우 정부 내부 네트워크 시스템인 ‘온나라 시스템’이 공격당한 것으로 알려졌다.보고서는 해커가 국내 통신사도 타깃으로 삼았다고 밝혔다. LG유플러스(032640)의 경우 해커가 회사에 보안 솔루션을 제공하는 회사를 해킹한 뒤 내부에 침투한 것으로 알려진다고 적시했다. 또한 KT(030200)의 원격 제어 서비스에 대한 인증서와 개인키를 탈취했다고 밝혔다.보고서는 해커가 한국어를 중국어 간체로 번역하는 구글 번역기를 사용하고, 북한의 통상적인 근무일인 중국의 명절(단오절)에 활동을 멈춘 점 등을 들어 해커의 신원에 대한 의문을 제기하면서도, 크롬 설정이 ‘한국 표준시’로 돼 있었고 과거 김수키 공격과 동일한 전술(TTPs)을 사용한 점을 들어 김수키 조직의 소행으로 결론짓고 있다.보안 전문가들은 해커조직의 정부 공격이 지속되고 있는만큼, 국내 사이버 보안 분야 인사를 하루빨리 마치고 정부 차원의 대비에 나서야 한다고 주장한다.김승주 고려대 정보보호대학원 교수는 “이번 해킹이 사실이라면 정부가 SK텔레콤(017670)에 물었던 강도만큼 선제 대응하고 책임을 져야한다”며 “정부가 AI에 과몰입돼 있는데 사이버안보를 담당하는 국정원 3차장과 대통령실 사이버안보비서관 임명이 시급하다”고 말했다.한편, LGU+ 관계자는 “조사결과 어떠한 침해 흔적도 없었으며, 모든 서버의 패스워드를 폐기 및 변경 완료했다”고 말했다."
https://n.news.naver.com/mnews/article/015/0005168864?sid=101,2025-08-10 17:41:17,경제,"우리은행, LGU+와 보이스피싱 예방 협약",우리은행은 LG유플러스와 보이스피싱 피해 예방을 위한 업무 협약(사진)을 체결했다고 10일 밝혔다. 보이스피싱 수법을 공유하고 피해 방지 지원 체계를 마련할 계획이다. 협력 방안을 논의할 정기 협의체도 꾸리기도 했다.
https://n.news.naver.com/mnews/article/014/0005389455?sid=105,2025-08-10 18:05:16,IT/과학,"LGU+·우리은행 ""보이스피싱 차단"" 맞손","사기수법·피해사례 공유 등 협력LG유플러스 최윤호 AI 에이전트추진그룹장(오른쪽)과 우리은행 오지영 금융소비자보호그룹장이 지난 7일 서울 중구 소재 우리은행 본사에서 업무협약(MOU) 체결 후 기념촬영을 하고 있다. LG유플러스 제공LG유플러스는 고객들의 보이스피싱 범죄 금융 피해를 예방하기 위해 우리은행과 '전기 통신 금융사기 피해 예방 협약'을 체결했다고 10일 밝혔다.이날 협약식에는 LG유플러스 최윤호 인공지능(AI) 에이전트추진그룹장(상무)과 우리은행 오지영 금융소비자보호그룹장 등 양사 관계자가 참석했다.양사는 △보이스피싱 사기 수법 및 피해 사례 정보 공유 △피해 확산 방지를 위한 실시간 업무 지원 △정기 협의체 구성을 통한 협업 과제 발굴 및 세부 실행 계획 수립 △기타 금융 사기 방지를 위한 공동 대응책 마련 등을 공동 추진한다.이번 우리은행과 협업으로 LG유플러스는 보이스피싱 시도를 선제적으로 차단하는 단계를 넘어 금융 피해까지 예방할 수 있는 체계를 갖추게 됐다. 최윤호 LG유플러스 AI 에이전트추진그룹장(상무)은 ""보이스피싱 피해를 사전에 차단하기 위해서는 금융기관과 통신사의 긴밀한 협력이 필수적""이라며 ""앞으로도 LG유플러스는 고객의 안전한 통신 및 금융 생활을 지원함으로써 보안에 가장 진심인 통신사로 자리매김할 것""이라고 말했다."
https://n.news.naver.com/mnews/article/018/0006086934?sid=105,2025-08-11 08:58:18,IT/과학,"LG U+, 유튜브와 함께하는 ‘유쓰 쇼츠 페스티벌’ 개최","유튜브-국내기업 공동 마케팅 최초 사례‘유쓰(Uth)’ 브랜드 활용한 Z세대 대상 쇼츠 영상 공모전최우수상 수상자에 구글 APAC 본사 투어 기회 제공[이데일리 윤정훈 기자]LG유플러스(032640)가 유튜브와 손잡고 Z세대와 소통을 강화하기 위해 ‘유쓰 쇼츠 페스티벌(Uth Shorts Festival)’을 개최한다고 11일 밝혔다. 유튜브가 국내 기업과 공동으로 마케팅을 진행하는 사례는 이번 공모전이 최초다.(사진=LG U+)‘유쓰 쇼츠 페스티벌’은 LG유플러스의 Z세대 전용 브랜드인 ‘유쓰(Uth)’를 중심으로 Z세대가 공감할 수 있는 쇼츠 영상을 업로드하는 공모전이다. 10월 12일까지 진행되며 연령·통신사에 상관없이 누구나 자유롭게 참여할 수 있다.참여를 원하는 고객은 이번 공모전의 주제인 ‘Simply Me(내가 가장 나다운 순간)’에 맞춰 15초 이상의 쇼츠 영상을 제작한 후, 해시태그(LG유플러스, 유튜브, 유쓰쇼츠페스티벌, Simplyme 등)와 함께 유튜브에 업로드하고 유쓰 공식 홈페이지에 접수하면 된다.LG유플러스는 새롭게 선보일 브랜드 슬로건인 ‘Simply U+’에 맞춰 이번 공모전의 주제를 선정했다. 고객은 복잡한 디지털 환경 속에서 가장 나다운 모습을 짧은 영상으로 표현하자는 ‘Simply Me’ 취지에 맞춰 △맛있는 음식을 먹을 때 △멋진 옷을 입을 때 △축제나 콘서트를 즐길 때 등 다양한 모습을 영상으로 제작해 참여할 수 있다.LG유플러스는 공모전에 참여한 쇼츠 영상의 주제 적합성·작품성·조회수 등을 중심으로 평가해 시상할 예정이다. 최우수작으로 선정된 30명에게는 오는 11월 싱가포르에 위치한 구글 APAC 본사 사옥 방문을 포함해 3박 4일 투어 기회를 제공한다.이어 개인에게 수여되는 △인기상 (5명) △Simply U+ 특별상(5명) △열정상(5명) △감독상 수상자(5명) 에게는 각각 상금 30만원이 제공되며, 대학 단위로 가장 많은 인원이 참가한 3개 대학에는 ‘유쓰캠퍼스상’과 함께 식음료를 제공하는 커피차를 선물로 제공한다. 이밖에도 참여자 전원에게는 ‘나다운상’이라는 이름으로 메가커피 바닐라라떼 쿠폰 1장이 증정된다. 수상자는 유쓰 공식 홈페이지를 통해 10월 중 공지될 예정이다.이번 유쓰 쇼츠 페스티벌은 LG유플러스와 구글의 전략적 협력의 일환으로 기획됐다. 앞서 LG유플러스는 지난 3월 스페인 바르셀로나에서 열린 MWC25에서 구글, 구글 클라우드와 함께 전방위 협력안을 발표하고 다양한 분야에서 협력을 확대하겠다고 밝힌 바 있다.LG유플러스는 앞으로도 유쓰 쇼츠 페스티벌과 같은 Z세대 대상 브랜드 캠페인을 지속 추진하는 한편, 유튜브를 포함한 다양한 기업과의 협업을 통해 기술과 콘텐츠를 결합한 차별화된 고객경험을 제공해 나갈 방침이다.정혜윤 LG유플러스 마케팅그룹장(상무)은 “유쓰 쇼츠 페스티벌은 Z세대가 선호하는 플랫폼과 콘텐츠를 접목해 고객 참여를 이끈 대표 마케팅 사례가 될 것”이라며 “앞으로도 구글과 기술협력 뿐 아니라 Z세대, 대학생 등 다양한 고객 맞춤형 마케팅 분야에서 협업하며 차별화 된 고객 경험을 선보일 것”이라고 말했다."
https://n.news.naver.com/mnews/article/003/0013413864?sid=105,2025-08-11 09:00:00,IT/과학,"LGU+, 유튜브와 쇼츠 영상 공모전…최우수작은 구글 APAC 투어","'유쓰 쇼츠 페스티벌' 개최…10월 12일까지 모집최우수작 30명 선발…참가 인원 많은大 커피차 선물[서울=뉴시스] LG유플러스가 유플러스와 손잡고 쇼츠 영상 공모전을 연다. 유튜브가 국내 기업과 공동으로 마케팅을 진행하는 사례는 이번 공모전이 처음이다. (사진=LGU+ 제공) *재판매 및 DB 금지[서울=뉴시스] 심지혜 기자 = LG유플러스가 유플러스와 손잡고 쇼츠 영상 공모전을 연다. 유튜브가 국내 기업과 공동으로 마케팅을 진행하는 사례는 이번 공모전이 처음이다.LG유플러스는 유튜브와 ‘유쓰 쇼츠 페스티벌(Uth Shorts Festival)’을 개최한다고 11일 밝혔다.유쓰(Uth)는 LG유플러스가 Z세대 공략을 위해 만든 브랜드다. 공모전은 10월 12일까지 진행되며 연령·통신사에 상관없이 누구나 자유롭게 참여할 수 있다.이번 공모전 주제인 ‘내가 가장 나다운 순간(Simply Me)’에 맞춰 15초 이상의 쇼츠 영상을 제작한 후, 해시태그(#LG유플러스 #유튜브 #유쓰쇼츠페스티벌 #Simplyme 등)와 함께 유튜브에 업로드하고 유쓰 공식 홈페이지에 접수하면 된다.LG유플러스는 새롭게 선보일 브랜드 슬로건인 ‘Simply U+’에 맞춰 이번 공모전의 주제를 선정했다. ▲맛있는 음식을 먹을 때 ▲멋진 옷을 입을 때 ▲축제나 콘서트를 즐길 때 등 다양한 모습을 영상으로 제작해 참여할 수 있다.LG유플러스는 공모전에 참여한 쇼츠 영상의 주제 적합성·작품성·조회수 등을 중심으로 평가해 시상할 예정이다. 최우수작으로 선정된 30명에게는 오는 11월 싱가포르에 위치한 구글 아시아태평양(APAC) 본사 사옥 방문을 포함해 3박 4일 투어 기회를 제공한다.이외에 ▲인기상 (5명) ▲Simply U+ 특별상(5명) ▲열정상(5명) ▲감독상 수상자(5명)을 선발해 각각 상금 30만원을 제공한다.대학 단위로 가장 많은 인원이 참가한 3개 대학에는 ‘유쓰캠퍼스상’과 함께 식음료를 제공하는 커피차를 선물로 제공한다.이밖에도 참여자 전원에게는 ‘나다운상’이라는 이름으로 메가커피 바닐라라떼 쿠폰 1장이 증정된다. 수상자는 유쓰 공식 홈페이지를 통해 10월 중 공지될 예정이다.정혜윤 LG유플러스 마케팅그룹장(상무)은 “유쓰 쇼츠 페스티벌은 Z세대가 선호하는 플랫폼과 콘텐츠를 접목해 고객 참여를 이끈 대표 마케팅 사례가 될 것”이라며 “앞으로도 구글과 기술협력 뿐 아니라 Z세대, 대학생 등 다양한 고객 맞춤형 마케팅 분야에서 협업하며 차별화된 고객 경험을 선보일 것”이라고 말했다."
https://n.news.naver.com/mnews/article/008/0005233963?sid=105,2025-08-11 09:00:00,IT/과학,"""구글 본사 방문 기회""...LGU+ '유쓰 쇼츠 페스티벌' 개최","LG유플러스 대학생 앰배서더 '유쓰피릿(Uth Spirit)’이 유쓰 쇼츠 페스티벌을 소개하고 있다. /사진=LG유플러스LG유플러스는 유튜브와 손잡고 Z세대와 소통을 강화하기 위해 '유쓰 쇼츠 페스티벌'을 개최한다고 11일 밝혔다. 유튜브가 국내 기업과 공동 마케팅을 진행하는 사례는 이번 공모전이 최초다.이 페스티벌은 LG유플러스의 Z세대 전용 브랜드인 '유쓰'를 중심으로 Z세대가 공감할 수 있는 쇼츠 영상을 업로드하는 공모전이다. 10월12일까지 진행되며 연령·통신사에 상관없이 누구나 자유롭게 참여할 수 있다.참여를 원하는 고객은 이번 공모전의 주제인 'Simply Me(내가 가장 나다운 순간)'에 맞춰 15초 이상의 쇼츠 영상을 제작한 후, 해시태그(#LG유플러스 #유튜브 #유쓰쇼츠페스티벌 #Simplyme 등)와 함께 유튜브에 업로드하고 유쓰 공식 홈페이지에 접수하면 된다.LG유플러스는 새롭게 선보일 브랜드 슬로건인 'Simply U+'에 맞춰 맛있는 음식을 먹을 때, 멋진 옷을 입을 때, 축제나 콘서트를 즐길 때 등 다양한 모습을 영상으로 제작해 참여할 수 있다.LG유플러스는 공모전에 참여한 쇼츠 영상의 주제 적합성·작품성·조회수 등을 중심으로 평가해 시상할 예정이다. 최우수작으로 선정된 30명에게는 오는 11월 싱가포르에 위치한 구글 APAC 본사 사옥 방문을 포함해 3박 4일 투어 기회를 제공한다.이어 개인에게 수여되는 인기상(5명), Simply U+ 특별상(5명), 열정상(5명), 감독상 수상자(5명)에게는 각각 상금 30만원이 제공되며, 대학 단위로 가장 많은 인원이 참가한 3개 대학에는 '유쓰캠퍼스상'과 함께 식음료를 제공하는 커피차를 선물로 제공한다. 수상자는 유쓰 공식 홈페이지를 통해 10월 중 공지된다.정혜윤 LG유플러스 마케팅그룹장(상무)은 ""앞으로도 구글과 기술협력뿐 아니라 Z세대, 대학생 등 다양한 고객 맞춤형 마케팅 분야에서 협업하며 차별화된 고객 경험을 선보일 것""이라고 말했다."
https://n.news.naver.com/mnews/article/014/0005389636?sid=105,2025-08-11 09:01:11,IT/과학,"LG U+, 유튜브와 함께 하는 '유쓰 쇼츠 페스티벌' 개최","LG유플러스 대학생 앰배서더 '유쓰피릿(Uth Spirit)’이 유쓰 쇼츠 페스티벌을 소개하고 있다. LG유플러스 제공LG유플러스가 유튜브와 손잡고 Z세대와 소통을 강화하기 위해 ‘유쓰 쇼츠 페스티벌(Uth Shorts Festival)’을 개최한다고 11일 밝혔다. 유튜브가 국내 기업과 공동으로 마케팅을 진행하는 사례는 이번 공모전이 최초다.‘유쓰 쇼츠 페스티벌’은 LG유플러스의 Z세대 전용 브랜드인 ‘유쓰(Uth)’를 중심으로 Z세대가 공감할 수 있는 쇼츠 영상을 업로드하는 공모전이다. 오는 10월 12일까지 진행되며 연령·통신사에 상관없이 누구나 자유롭게 참여할 수 있다.참여를 원하는 고객은 이번 공모전의 주제인 ‘Simply Me(내가 가장 나다운 순간)’에 맞춰 15초 이상의 쇼츠 영상을 제작한 뒤 해시태그(#LG유플러스 #유튜브 #유쓰쇼츠페스티벌 #Simplyme 등)와 함께 유튜브에 업로드하고 유쓰 공식 홈페이지에 접수하면 된다.LG유플러스는 새롭게 선보일 브랜드 슬로건인 ‘Simply U+’에 맞춰 이번 공모전의 주제를 선정했다. 고객은 복잡한 디지털 환경 속에서 가장 나다운 모습을 짧은 영상으로 표현하자는 ‘Simply Me’ 취지에 맞춰 △맛있는 음식을 먹을 때 △멋진 옷을 입을 때 △축제나 콘서트를 즐길 때 등 다양한 모습을 영상으로 제작해 참여할 수 있다.LG유플러스는 공모전에 참여한 쇼츠 영상의 주제 적합성·작품성·조회수 등을 중심으로 평가해 시상할 예정이다. 최우수작으로 선정된 30명에게는 오는 11월 싱가포르에 위치한 구글 APAC 본사 사옥 방문을 포함해 3박 4일 투어 기회를 제공한다.이어 개인에게 수여되는 △인기상 (5명) △Simply U+ 특별상(5명) △열정상(5명) △감독상 수상자(5명) 에게는 각각 상금 30만원이 제공되며, 대학 단위로 가장 많은 인원이 참가한 3개 대학에는 ‘유쓰캠퍼스상’과 함께 식음료를 제공하는 커피차를 선물로 제공한다. 이밖에도 참여자 전원에게는 ‘나다운상’이라는 이름으로 메가커피 바닐라라떼 쿠폰 1장이 증정된다. 수상자는 유쓰 공식 홈페이지를 통해 10월 중 공지될 예정이다.이번 유쓰 쇼츠 페스티벌은 LG유플러스와 구글의 전략적 협력의 일환으로 기획됐다. LG유플러스는 앞으로도 유쓰 쇼츠 페스티벌과 같은 Z세대 대상 브랜드 캠페인을 지속 추진하는 한편 유튜브를 포함한 다양한 기업과의 협업을 통해 기술과 콘텐츠를 결합한 차별화된 고객경험을 제공해 나갈 방침이다.정혜윤 LG유플러스 마케팅그룹장(상무)은 “유쓰 쇼츠 페스티벌은 Z세대가 선호하는 플랫폼과 콘텐츠를 접목해 고객 참여를 이끈 대표 마케팅 사례가 될 것”이라며 “앞으로도 구글과 기술협력 뿐 아니라 Z세대, 대학생 등 다양한 고객 맞춤형 마케팅 분야에서 협업하며 차별화된 고객 경험을 선보일 것”이라고 말했다."
https://n.news.naver.com/mnews/article/119/0002989475?sid=105,2025-08-11 09:06:15,IT/과학,"LG U+, 유튜브와 ‘유쓰 쇼츠 페스티벌’ 개최…""최우수상은 구글 본사 투어""","‘유쓰(Uth)’ 브랜드 활용한 Z세대 대상 쇼츠 영상 공모전…누구나 참여LG유플러스 대학생 앰배서더 '유쓰피릿(Uth Spirit)’이 유쓰 쇼츠 페스티벌을 소개하는 모습.ⓒLG유플러스[데일리안 = 조인영 기자] LG유플러스는 유튜브와 손잡고 Z세대와 소통을 강화하기 위해 ‘유쓰 쇼츠 페스티벌(Uth Shorts Festival)’을 개최한다고 11일 밝혔다. 유튜브가 국내 기업과 공동으로 마케팅을 진행하는 사례는 이번 공모전이 최초다.‘유쓰 쇼츠 페스티벌’은 LG유플러스의 Z세대 전용 브랜드인 ‘유쓰(Uth)’를 중심으로 Z세대가 공감할 수 있는 쇼츠 영상을 업로드하는 공모전이다. 10월 12일까지 진행되며 연령·통신사에 상관없이 누구나 자유롭게 참여할 수 있다.참여를 원하는 고객은 이번 공모전의 주제인 ‘Simply Me(내가 가장 나다운 순간)’에 맞춰 15초 이상의 쇼츠 영상을 제작한 후, 해시태그(#LG유플러스 #유튜브 #유쓰쇼츠페스티벌 #Simplyme 등)와 함께 유튜브에 업로드하고 유쓰 공식 홈페이지에 접수하면 된다.LG유플러스는 새롭게 선보일 브랜드 슬로건인 ‘Simply U+’에 맞춰 이번 공모전의 주제를 선정했다. 고객은 복잡한 디지털 환경 속에서 가장 나다운 모습을 짧은 영상으로 표현하자는 ‘Simply Me’ 취지에 맞춰 ▲맛있는 음식을 먹을 때 ▲멋진 옷을 입을 때 ▲축제나 콘서트를 즐길 때 등 다양한 모습을 영상으로 제작해 참여할 수 있다.LG유플러스는 공모전에 참여한 쇼츠 영상의 주제 적합성·작품성·조회수 등을 중심으로 평가해 시상할 예정이다. 최우수작으로 선정된 30명에게는 오는 11월 싱가포르에 위치한 구글 APAC 본사 사옥 방문을 포함해 3박 4일 투어 기회를 제공한다.개인에게 수여되는 ▲인기상 (5명) ▲Simply U+ 특별상(5명) ▲열정상(5명) ▲감독상 수상자(5명) 에게는 각각 상금 30만원이 제공되며, 대학 단위로 가장 많은 인원이 참가한 3개 대학에는 ‘유쓰캠퍼스상’과 함께 식음료를 제공하는 커피차를 선물로 제공한다. 이밖에도 참여자 전원에게는 ‘나다운상’이라는 이름으로 메가커피 바닐라라떼 쿠폰 1장이 증정된다. 수상자는 유쓰 공식 홈페이지를 통해 10월 중 공지될 예정이다.이번 유쓰 쇼츠 페스티벌은 LG유플러스와 구글의 전략적 협력의 일환으로 기획됐다. 앞서 LG유플러스는 지난 3월 스페인 바르셀로나에서 열린 MWC25에서 구글, 구글 클라우드와 함께 전방위 협력안을 발표하고 다양한 분야에서 협력을 확대하겠다고 밝힌 바 있다.정혜윤 LG유플러스 마케팅그룹장(상무)은 “유쓰 쇼츠 페스티벌은 Z세대가 선호하는 플랫폼과 콘텐츠를 접목해 고객 참여를 이끈 대표 마케팅 사례가 될 것”이라며 “앞으로도 구글과 기술협력 뿐 아니라 Z세대, 대학생 등 다양한 고객 맞춤형 마케팅 분야에서 협업하며 차별화된 고객 경험을 선보일 것”이라고 말했다."
https://n.news.naver.com/mnews/article/031/0000955972?sid=105,2025-08-11 09:13:14,IT/과학,"LGU+, 유튜브와 첫 공동 마케팅…'유쓰 쇼츠 페스티벌' 개최","Z세대 전용 브랜드 유쓰 중심 쇼츠 영상 공모…최우수 30명, 싱가포르 구글 본사 투어LG유플러스는 유튜브와 협력해 Z세대와의 소통을 강화하는 '유쓰 쇼츠 페스티벌'(Uth Shorts Festival)을 개최한다고 11일 밝혔다. 유튜브가 국내 기업과 공동으로 마케팅을 진행하는 것은 이번이 처음이다.LG유플러스가 유튜브와 손잡고 Z세대와 소통을 강화하기 위해 ‘유쓰 쇼츠 페스티벌(Uth Shorts Festival)’을 개최한다. LG유플러스 대학생 앰배서더 '유쓰피릿(Uth Spirit)’이 유쓰 쇼츠 페스티벌을 소개하는 모습. [사진=LGU+]행사는 LG유플러스 Z세대 전용 브랜드 '유쓰'를 중심으로, 오는 10월 12일까지 'Simply Me(내가 가장 나다운 순간)'를 주제로 한 15초 이상 쇼츠 영상을 공모한다. 연령과 통신사에 관계없이 누구나 참여할 수 있으며, 제작한 영상을 해시태그와 함께 유튜브에 업로드하고 유쓰 공식 홈페이지에 접수하면 된다.LG유플러스는 공모작의 주제 적합성, 작품성, 조회수 등을 종합 평가해 시상한다. 최우수작 30명에게는 11월 싱가포르 구글 APAC 본사 투어(3박 4일) 기회를 제공한다. 개인 부문 인기상·Simply U+ 특별상·열정상·감독상 수상자(각 5명)에게는 상금 30만원을, 가장 많은 인원이 참가한 3개 대학에는 '유쓰캠퍼스상'과 커피차를 증정한다. 모든 참가자에게는 메가커피 바닐라라떼 쿠폰이 제공된다. 수상자는 10월 중 유쓰 공식 홈페이지에 발표된다.이번 행사는 LG유플러스와 구글 간 전략적 협력의 일환으로 기획됐다. LG유플러스는 MWC25에서 구글·구글 클라우드와 전방위 협력안을 발표한 바 있으며, 향후에도 Z세대 대상 캠페인과 다양한 기업과의 협업을 확대할 계획이다.정혜윤 LG유플러스 마케팅그룹장은 ""유쓰 쇼츠 페스티벌은 Z세대가 선호하는 플랫폼과 콘텐츠를 결합한 대표 마케팅 사례가 될 것""이라며 ""구글과의 협력은 물론 고객 맞춤형 마케팅을 통해 차별화된 경험을 제공하겠다""고 말했다."
https://n.news.naver.com/mnews/article/421/0008421002?sid=105,2025-08-11 09:19:45,IT/과학,"""쇼츠 올리고 구글 본사 가자""…LGU+, 유튜브와 공모전 개최","'유쓰 쇼츠 페스티벌' 10월 12일까지 진행(LG유플러스 제공)(서울=뉴스1) 나연준 기자 = LG유플러스(032640)는 유튜브와 손잡고 Z세대와 소통을 강화하기 위해 '유쓰 쇼츠 페스티벌(Uth Shorts Festival)'을 개최한다고 11일 밝혔다.'유쓰 쇼츠 페스티벌'은 LG유플러스의 Z세대 전용 브랜드인 '유쓰(Uth)'를 중심으로 Z세대가 공감할 수 있는 쇼츠 영상을 업로드하는 공모전이다. 10월 12일까지 진행되며 연령·통신사에 상관없이 누구나 자유롭게 참여할 수 있다.참여를 원하는 고객은 이번 공모전의 주제인 'Simply Me(내가 가장 나다운 순간)'에 맞춰 15초 이상의 쇼츠 영상을 제작한 후, 해시태그(#LG유플러스 #유튜브 #유쓰쇼츠페스티벌 #Simplyme 등)와 함께 유튜브에 업로드하고 유쓰 공식 홈페이지에 접수하면 된다.LG유플러스는 공모전에 참여한 쇼츠 영상을 주제 적합성·작품성·조회수 등을 중심으로 평가해 시상할 예정이다. 최우수작으로 선정된 30명에게는 오는 11월 싱가포르에 위치한 구글 APAC(아시아태평양지역) 본사 사옥 방문을 포함해 3박 4일 투어 기회를 제공한다.이어 개인에게 수여되는 △인기상(5명) △Simply U+ 특별상(5명) △열정상(5명) △감독상(5명) 수상자에는 각각 상금 30만원이 제공된다. 수상자는 유쓰 공식 홈페이지를 통해 10월 중 공지될 예정이다.이번 유쓰 쇼츠 페스티벌은 LG유플러스와 구글의 전략적 협력의 일환으로 기획됐다. 앞서 LG유플러스는 지난 3월 스페인 바르셀로나에서 열린 MWC25에서 구글, 구글 클라우드와 함께 전방위 협력안을 발표하고 다양한 분야에서 협력을 확대하기로 했다.정혜윤 LG유플러스 마케팅그룹장(상무)은 ""앞으로도 구글과 기술협력뿐 아니라 Z세대, 대학생 등 다양한 고객 맞춤형 마케팅 분야에서 협업하며 차별화된 고객 경험을 선보일 것""이라고 말했다."
https://n.news.naver.com/mnews/article/138/0002202456?sid=105,2025-08-11 09:42:06,IT/과학,"“영상 올리고 구글본사 방문해볼까” LGU+, 쇼츠 페스티벌 개최","[ⓒLG유플러스][디지털데일리 오병훈기자] LG유플러스가 단편 영상(숏폼) 콘텐츠를 통한 이용자 참여 행사를 실시한다.유튜브와 손잡고 Z세대와 소통을 강화하기 위해 ‘유쓰 쇼츠 페스티벌(Uth Shorts Festival)’을 개최한다고 11일 밝혔다.‘유쓰 쇼츠 페스티벌’은 LG유플러스 Z세대 전용 브랜드인 ‘유쓰(Uth)’를 중심으로 Z세대가 공감할 수 있는 쇼츠 영상을 업로드하는 공모전이다. 다음달 12일까지 진행되며 연령·통신사 상관없이 누구나 자유롭게 참여할 수 있다.참여를 원하는 이용자는 이번 공모전의 주제인 ‘Simply Me(내가 가장 나다운 순간)’에 맞춰 15초 이상 쇼츠 영상을 제작한 후, 해시태그(#LG유플러스 #유튜브 #유쓰쇼츠페스티벌 #Simplyme 등)와 함께 유튜브에 업로드하고 유쓰 공식 홈페이지에 접수하면 된다.LG유플러스는 새롭게 선보일 브랜드 슬로건인 ‘Simply U+’에 맞춰 이번 공모전의 주제를 선정했다. 가입자는 복잡한 디지털 환경 속에서 가장 나다운 모습을 짧은 영상으로 표현하자는 ‘Simply Me’ 취지에 맞춰 ▲맛있는 음식을 먹을 때 ▲멋진 옷을 입을 때 ▲축제나 콘서트를 즐길 때 등 다양한 모습을 영상으로 제작해 참여할 수 있다.LG유플러스는 공모전에 참여한 쇼츠 영상의 주제 적합성·작품성·조회수 등을 중심으로 평가해 시상할 예정이다. 최우수작으로 선정된 30명에게는 오는 11월 싱가포르에 위치한 구글 아시아태평양(APAC) 본사 사옥 방문을 포함해 3박 4일 투어 기회를 제공한다.이어 개인에게 수여되는 ▲인기상(5명) ▲Simply U+ 특별상(5명) ▲열정상(5명) ▲감독상 수상자(5명) 에게는 각각 상금 30만원이 제공된다. 대학 단위로 가장 많은 인원이 참가한 3개 대학에는 ‘유쓰캠퍼스상’과 함께 식음료를 제공하는 커피차를 선물로 제공한다. 이밖에도 참여자 전원에게는 ‘나다운상’이라는 이름으로 메가커피 바닐라라떼 쿠폰 1장이 증정된다. 수상자는 유쓰 공식 홈페이지를 통해 10월 중 공지된다.이번 유쓰 쇼츠 페스티벌은 LG유플러스와 구글 전략적 협력의 일환으로 기획됐다. 앞서 LG유플러스는 지난 3월 스페인 바르셀로나에서 열린 MWC25에서 구글, 구글 클라우드와 함께 전방위 협력안을 발표하고 다양한 분야에서 협력을 확대하겠다고 밝힌 바 있다.LG유플러스는 앞으로도 유쓰 쇼츠 페스티벌과 같은 Z세대 대상 브랜드 캠페인을 지속 추진하는 한편, 유튜브를 포함한 다양한 기업과의 협업을 통해 기술과 콘텐츠를 결합한 이용자 경험을 제공할 계획이다.정혜윤 LG유플러스 마케팅그룹장(상무)은 “유쓰 쇼츠 페스티벌은 Z세대가 선호하는 플랫폼과 콘텐츠를 접목해 가입자 참여를 이끈 대표 마케팅 사례가 될 것”이라며 “앞으로도 구글과 기술협력 뿐 아니라 Z세대, 대학생 등 다양한 가입자 맞춤형 마케팅 분야에서 협업하며 차별화된 경험을 선보일 것”이라고 말했다."
https://n.news.naver.com/mnews/article/648/0000038712?sid=105,2025-08-11 09:59:09,IT/과학,"""구글 투어 가자""…LGU+, 유튜브와 Z세대 영상 공모전","'유쓰(Uth)' 브랜드 활용해 Z세대와 소통강화최우수상에 구글 APAC 본사 투어 기회 제공LG유플러스 대학생 앰배서더 '유쓰피릿(Uth Spirit)’이 유쓰 쇼츠 페스티벌을 소개하는 모습/사진=LG유플러스 제공LG유플러스는 Z세대(1990년대 중반~2010년대 초반 출생)와 소통을 강화하기 위한 '유쓰 쇼츠 페스티벌(Uth Shorts Festival)'을 구글 유튜브와 개최한다고 11일 밝혔다. 자체 Z세대 전용 브랜드인 '유쓰(Uth)'를 중심으로 Z세대가 공감할 수 있는 쇼츠 영상을 업로드하는 공모전으로 수상자 일부에게는 오는 구글 APAC 본사 사옥 방문 기회를 제공한다.유쓰 쇼츠 페스티벌은 오는 10월 12일까지 진행한다. 연령·통신사에 상관없이 누구나 자유롭게 참여할 수 있다. 주제는 'Simply Me(내가 가장 나다운 순간)'로 LG유플러스는 새로 선보일 브랜드 슬로건인 'Simply U+'에 맞춰 이번 공모전 주제를 선정했다. 복잡한 디지털 환경 속에서 가장 나다운 모습을 짧은 영상으로 표현하자는 취지다.공모전에 참여하려면 15초 이상의 쇼츠를 제작해 해시태그와 함께 유튜브에 영상을 업로드하고 유쓰 공식 홈페이지에 등록하면 된다.LG유플러스는 공모전에 참여한 쇼츠 영상의 주제 적합성·작품성·조회수 등을 중심으로 평가해 시상할 예정이다.최우수작으로 선정된 30명에게는 오는 11월 싱가포르에 위치한 구글 APAC 본사 사옥 방문을 포함해 3박 4일 투어 기회를 준다. 이어 △인기상 (5명) △Simply U+ 특별상(5명) △열정상(5명) △감독상 수상자(5명)에게는 각각 상금 30만원을 준다.대학 단위로 가장 많은 인원이 참가한 3개 대학에는 '유쓰캠퍼스상'과 함께 식음료를 제공하는 커피차를 제공할 계획이다. 수상자는 유쓰 공식 홈페이지를 통해 10월 중 공지한다.이번 유쓰 쇼츠 페스티벌은 LG유플러스와 구글의 전략적 협력의 일환으로 기획됐다. 앞서 LG유플러스는 지난 3월 스페인 바르셀로나에서 열린 MWC25에서 구글, 구글 클라우드와 함께 전방위 협력안을 발표하고 다양한 분야에서 협력을 확대하겠다고 밝힌 바 있다.정혜윤 LG유플러스 마케팅그룹장(상무)은 ""유쓰 쇼츠 페스티벌은 Z세대가 선호하는 플랫폼과 콘텐츠를 접목해 고객 참여를 이끈 대표 마케팅 사례가 될 것""이라며 ""앞으로도 구글과 기술협력 뿐 아니라 Z세대, 대학생 등 다양한 고객 맞춤형 마케팅 분야에서 협업하며 차별화된 고객 경험을 선보일 것""이라고 말했다."
https://n.news.naver.com/mnews/article/079/0004054418?sid=101,2025-08-11 10:06:10,경제,"""쇼츠 올리고 구글 투어하자""…LG U+, '유쓰 페스티벌' 개최","최우수작 선정 시 싱가포르 3박4일 투어 제공LG유플러스가 유튜브와 손잡고 Z세대와 소통을 강화하기 위해 '유쓰 쇼츠 페스티벌(Uth Shorts Festival)'을 개최한다. LG유플러스 대학생 앰배서더 '유쓰피릿(Uth Spirit)'이 유쓰 쇼츠 페스티벌을 소개하는 모습. LG유플러스 제공LG유플러스가 유튜브와 손잡고 '유쓰 쇼츠 페스티벌'을 개최한다.유쓰 쇼츠 페스티벌은 LG유플러스의 Z세대 전용 브랜드인 '유쓰(Uth)'를 중심으로 Z세대가 공감할 수 있는 쇼츠 영상을 업로드하는 공모전이다. 10월 12일까지 진행되며 연령·통신사에 상관없이 누구나 자유롭게 참여할 수 있다.참여를 원하는 고객은 이번 공모전의 주제인 'Simply Me(내가 가장 나다운 순간)'에 맞춰 15초 이상의 쇼츠 영상을 제작한 후, 해시태그(#LG유플러스 #유튜브 #유쓰쇼츠페스티벌 #Simplyme 등)와 함께 유튜브에 업로드하고 유쓰 공식 홈페이지(www.uth.co.kr/ShortsFestival)에 접수하면 된다.LG유플러스는 새롭게 선보일 브랜드 슬로건인 'Simply U+'에 맞춰 이번 공모전의 주제를 선정했다. 고객은 △맛있는 음식을 먹을 때 △멋진 옷을 입을 때 △축제나 콘서트를 즐길 때 등 다양한 모습을 영상으로 제작해 참여할 수 있다.LG유플러스는 공모전에 참여한 쇼츠 영상의 주제 적합성·작품성·조회수 등을 중심으로 평가해 시상할 예정이다. 최우수작으로 선정된 30명에게는 오는 11월 싱가포르에 위치한 구글 APAC 본사 사옥 방문을 포함해 3박 4일 투어 기회를 제공한다.이어 개인에게 수여되는 △인기상 (5명) △Simply U+ 특별상(5명) △열정상(5명) △감독상 수상자(5명) 에게는 각각 상금 30만원이 제공되며, 대학 단위로 가장 많은 인원이 참가한 3개 대학에는 '유쓰캠퍼스상'과 함께 식음료를 제공하는 커피차를 선물로 제공한다. 이밖에도 참여자 전원에게는 '나다운상'이라는 이름으로 메가커피 바닐라라떼 쿠폰 1장이 증정된다. 수상자는 유쓰 공식 홈페이지를 통해 10월 중 공지될 예정이다.이번 유쓰 쇼츠 페스티벌은 LG유플러스와 구글의 전략적 협력의 일환으로 기획됐다. 앞서 LG유플러스는 지난 3월 스페인 바르셀로나에서 열린 MWC25에서 구글, 구글 클라우드와 함께 전방위 협력안을 발표하고 다양한 분야에서 협력을 확대하겠다고 밝힌 바 있다. 유튜브가 국내 기업과 공동으로 마케팅을 진행하는 사례는 이번 공모전이 최초다.정혜윤 LG유플러스 마케팅그룹장(상무)은 ""유쓰 쇼츠 페스티벌은 Z세대가 선호하는 플랫폼과 콘텐츠를 접목해 고객 참여를 이끈 대표 마케팅 사례가 될 것""이라며 ""앞으로도 구글과 기술협력 뿐 아니라 Z세대, 대학생 등 다양한 고객 맞춤형 마케팅 분야에서 협업하며 차별화된 고객 경험을 선보일 것""이라고 말했다.※CBS노컷뉴스는 여러분의 제보로 함께 세상을 바꿉니다. 각종 비리와 부당대우, 사건사고와 미담 등 모든 얘깃거리를 알려주세요.이메일 :jebo@cbs.co.kr카카오톡 :@노컷뉴스사이트 :https://url.kr/b71afn"
https://n.news.naver.com/mnews/article/001/0015558642?sid=105,2025-08-11 10:16:57,IT/과학,"[테크스냅] KT, 자라섬서 9월 음악축제…잔나비 등 총출동","LGU+, Z세대와 쇼츠로 만난다…싱가포르 구글 본사 투어 공모전▲ KT는 오는 9월 6일 경기 가평군 자라섬에서 열리는 '2025 KT 보야지 투 자라섬' 티켓을 11일 오픈한다고 밝혔다. 올해로 9회째를 맞는 이번 페스티벌에는 잔나비, 김연우, 정은지, HYNN(박혜원), 너드커넥션, 브로콜리너마저 등 아티스트가 참여한다. KT 고객은 본인을 포함해 최대 4인까지 KT 멤버십 앱에서 선착순 무료 예매할 수 있다. 65세 이상, 장애인(복지카드 소지자), 미취학 아동은 별도 예매 없이 무료 입장하면 된다.2025 보야지 투 자라섬[KT 제공]▲ LG유플러스는 Z세대와의 소통 강화를 위해 '유쓰 쇼츠 페스티벌' 공모전을 유튜브와 오는 10월 12일까지 진행한다고 11일 밝혔다. 참여를 원하면 '내가 가장 나다운 순간'이라는 공모전 주제에 맞춰 15초 이상의 쇼츠 영상을 제작한 후 해시태그와 함께 유튜브에 업로드하고 유쓰 공식 홈페이지에 접수하면 된다. 최우수작으로 선정된 30명에게는 오는 11월 싱가포르에 위치한 구글 APAC 본사 사옥 방문을 포함해 3박 4일 투어 기회를 제공한다. (서울=연합뉴스)유쓰 쇼츠 페스티벌[LG유플러스 제공]"
https://n.news.naver.com/mnews/article/031/0000956158?sid=105,2025-08-11 15:10:08,IT/과학,"이통3사, 합산 영업익 1.6조 돌파⋯SKT '울상', KT·LGU+ '방긋'(종합)","SKT, 해킹 대응 여파에 이익 급감…AI 사업은 두 자릿수 성장KT, 분기 영업익 1조 돌파…역대 최대 실적LGU+, 가입자·IDC 사업 호조로 두 자릿수 성장SK텔레콤, KT, LG유플러스 등 국내 이동통신3사의 분기 합산 영업이익이 사상 처음 1조6000억원을 넘었다. 다만 사업자별 성적표에는 온도차가 뚜렷했다. KT가 역대 최대 분기 영업이익을 올린 반면, SK텔레콤은 해킹 사고 대응에 따른 일회성 비용 탓에 이익이 크게 줄었다. LG유플러스는 가입자 증가와 데이터센터 사업 확장에 힘입어 두 자릿수 성장률을 달성했다.11일 업계에 따르면 SK텔레콤·KT·LG유플러스의 2분기 연결재무제표 기준 합산 영업이익은 1조6576억원이다. KT가 1조148억원, SK텔레콤이 3383억원, LG유플러스가 3045억원을 각각 기록했다. 전년 동기 대비 KT는 105.4% 급증했고 LG유플러스도 19.9% 늘었으나, SK텔레콤은 37.07% 감소했다.이동통신 3사(SK텔레콤·KT·LG유플러스) 연결재무제표 기준 영업이익. [사진=서효빈]SKT, 해킹 대응 여파에 이익 급감…AI 사업은 두 자릿수 성장SK텔레콤은 매출 4조3388억원, 영업이익 3383억원, 당기순이익 832억원을 기록했다. 전년 동기 대비 매출은 1.89% 줄었고, 영업이익과 당기순이익은 각각 37.07%, 76.23% 감소했다. 고객 유심 무상 교체와 대리점 보상 등 해킹 사고 대응에 따른 일회성 비용이 반영된 영향이다.다만 AI 신사업 매출은 전년 동기 대비 13.9% 늘었다. AI 데이터센터 매출이 1087억원으로 13.3% 증가했고, AIX 사업은 468억원으로 15.3% 확대됐다. AI 에이전트 서비스 '에이닷'은 7월 말 누적 가입자 1000만명을 돌파했다. SK텔레콤은 AWS·SK그룹 계열사와 울산에 2027년 가동 예정인 하이퍼스케일 AI 데이터센터를 구축 중이며, 2030년 연간 AI DC 매출 1조원 달성을 목표로 하고 있다.김양섭 SK텔레콤 최고재무책임자(CFO)는 ""이번 사이버 침해 사고를 냉정하고 되돌아보고, 철저하게 개선해 나갈 것""이라며 ""다시 시작하는 SK텔레콤의 변화와 도약에 지속적인 관심과 성원을 부탁드린다""고 말했다.SKT 대리점 [사진=연합뉴스]KT, 분기 영업익 1조 돌파…역대 최대 실적KT는 매출 7조4274억원, 영업이익 1조148억원, 당기순이익 7333억원을 기록했다. 전년 동기 대비 매출은 13.5%, 영업이익은 105.4%, 당기순이익은 78.6% 증가했다. 강북본부 부지 개발에 따른 부동산 분양 이익과 AI·IT, 데이터센터 등 신성장 부문의 견조한 실적이 주효했다.무선 사업은 5G 가입자 확대와 번호이동 순증에 힘입어 서비스 매출이 1.6% 늘었고, 유선 사업 매출은 1.4% 증가했다. IPTV 가입자 증가와 프리미엄 요금제 확산으로 미디어 매출도 성장세를 이어갔다. AI·IT 매출은 13.8% 증가했으며, 클라우드·데이터센터 사업도 23.0% 확대됐다. KT는 3분기부터 독자 LLM '믿:음 2.0'을 중심으로 AX(디지털 전환) 사업을 본격화하고, 향후 5년간 정보보호 분야에 1조원 이상 투자할 계획이다.장민 KT CFO는 ""통신 본업의 견조한 성장과 그룹 핵심 포트폴리오의 성과가 더해져, 큰 폭의 실적 개선을 이뤄낼 수 있었다""며 ""AICT 기업으로의 전환을 가속화해 지속 가능한 성장을 이루고, 기업가치 제고 계획도 차질없이 이행해 KT의 가치를 한 단계 더 끌어올리겠다""고 말했다.KT는 장기고객 초청 프로그램 '초대드림'에 고객 30만여명이 참여했다고 17일 밝혔다. [사진=KT]LGU+, 가입자·IDC 사업 호조로 두 자릿수 성장LG유플러스는 매출 3조8444억원, 영업이익 3045억원, 당기순이익 2171억원을 기록했다. 전년 동기 대비 매출은 10%, 영업이익은 19.9%, 당기순이익은 31.9% 증가했다. SK텔레콤 해킹 사고 이후 번호이동 수혜로 가입자가 늘었고, IDC(인터넷데이터센터) 사업 확장이 호실적을 견인했다.무선 사업 매출은 1조6542억원으로 3.8% 늘었으며, 전체 무선 가입회선은 2991만7000개로 전년 대비 9.9% 증가했다. 5G 가입자 비중은 79.9%를 기록했다. 초고속 인터넷 매출은 3022억원으로 6.7% 늘었고, IPTV 가입회선은 569만9000개로 3.3% 증가했다. IDC 사업 매출은 963억원으로 5% 성장했다.여명희 LG유플러스 CFO·최고리스크책임자(CRO)는 ""이번 분기에도 구조적 원가 경쟁력 개선 활동을 통해 2분기 연속 이익 턴어라운드를 기록했다""며 ""단통법 폐지 등 시장 불확실성 속에서도 본원적 서비스 경쟁력을 확고히하고 장기적인 기업 가치 제고를 위한 주주환원을 지속 강화해 나가겠다""고 말했다.사진은 LG유플러스 직원들이 데모룸에 설치된 액체냉각장치를 살펴보고 있는 모습. [사진=LGU+]"
https://n.news.naver.com/mnews/article/008/0005234322?sid=105,2025-08-11 16:04:05,IT/과학,"88만 떠난 SKT, 깜짝 실적 KT·LGU+…하반기 지각변동 오나","(종합) SKT 해킹 여파로 2Q 영업익 -37%KT 영업익 1조, LGU+ 3000억 최초 돌파아이폰17發 보조금 경쟁 재점화?…""장기화 어려워""이통3사 2025년 2분기 실적/그래픽=이지혜SK텔레콤 해킹 사태로 올 2분기 이통3사 실적 희비가 엇갈렸다. 이동통신 1위 사업자인 SKT는 가입자 이탈 속 유심(USIM·가입자식별모듈) 교체 비용 등으로 영업이익이 크게 뒷걸음질 친 가운데, 반사이익을 본 KT와 LG유플러스는 역대급 실적을 거뒀다. 다만 올 하반기 단통법이 폐지된 만큼 이통3사의 가입자 쟁탈전이 재점화할 수 있다는 진단이 나온다.11일 KT는 올 2분기 연결기준 매출 7조4274억원, 영업이익 1조148억원을 기록했다고 밝혔다. 전년 동기 대비 각각 13.5%, 105.4% 증가했다. 증권가 전망치를 웃도는 실적이다. KT그룹의 일회성 분양 이익으로 영업이익이 급증했으나, 이를 제외한 별도기준 영업이익(4687억원)도 1년 전보다 30.6% 늘었다.LG유플러스도 호실적이다. 2분기 매출은 전년 동기 대비 10% 증가한 3조8444억원, 영업이익은 19.9% 늘어난 3045억원이다. 분기 영업이익이 3000억원을 돌파한 건 이번이 처음이다. 이 추세라면 3년 만에 '영업이익 1조 클럽' 탈환도 가능하다. 김아람 신한투자증권 연구원은 ""무선 매출이 4.3% 증가했는데, 이는 최근 3년 평균 1~2% 대비 매우 높은 수준""이라고 분석했다.반면 SKT는 2분기 매출 4조3388억원, 영업이익 3383억원으로 같은기간 1.9%, 37.1% 감소했다. 가입자 유심 교체, 대리점 손실보상 등 약 2500억원의 일회성 비용이 반영된 탓이다. 더불어 SKT는 요금할인 등 5000억원 규모의 고객감사패키지를 마련하고 정보보안예산도 향후 5년간 7000억원으로 확대한다. 이에 올해 매출 가이던스를 연초보다 8000억원 낮췄다.━9월 '아이폰 대란' 벌어지나…""가격보다 AI로 승부""━무선 가입자 증감이 성적표를 갈랐다. SKT는 지난 4월 해킹사고가 알려진 후 5월부터 50일간 신규영업이 중지돼 떠나는 가입자를 바라만 봐야 했다. 이에 2분기 MNO(이동통신) 기준 가입자가 전분기 대비 87만9000명 줄었다. MVNO(알뜰폰)까지 포함하면 106만명을 잃었다. 과학기술정보통신부 '무선통신서비스 가입현황'에 따르면 지난 5,6월 SKT 점유율은 39%로, 장기간 수성한 40%선 아래로 떨어졌다. 7월 중순까지 해지 위약금을 면제하면서 9만여명이 추가 이탈했다는 분석도 나온다.KT와 LG유플러스의 2분기 무선 가입자(MNO 기준)는 전 분기 대비 3.4%, 2% 증가했다. 특히 ARPU(가입자당평균매출)가 높은 5G 핸드셋(기기) 가입자가 늘어난 점이 긍정적이다. LG유플러스는 MNO 핸드셋 가입자 중 5G 비중이 79.9%로 1년 전보다 12.2%p(포인트) 늘었다. KT도 4.5%p 늘어난 79.5%를 기록했다.올 하반기에도 이통3사의 가입자 쟁탈전이 기대된다. 지난달 단통법 폐지로 보조금 상한이 사라져 가입자를 뺏기 위한 출혈 경쟁이 가능해서다. 특히 오는 9월 아이폰17 시리즈 판매가 신호탄이 될 것으로 보인다. 다만 이통3사는 대규모 AI 투자를 위해 비용 효율화에 나선 만큼 마케팅비를 관리하겠다는 방침이다.여명희 LG유플러스 최고재무책임자(CFO)는 실적 컨퍼런스콜에서 ""아이폰 신모델 출시나 경쟁사 가입자 회복 시도로 단기 마케팅 경쟁이 발생할 수 있다""면서도 ""중장기적으론 휴대폰 가격 경쟁이 아닌 차별화된 AI 서비스로 경쟁하기 위해 AI 투자를 확대할 계획""이라고 말했다. 장민 KT 재무실장도 ""보조금 경쟁이 장기화하긴 어려울 것""이라며 ""5G 보급률이 80% 이상인 데다 단말기 교체 주기가 장기화했고 AI 등 신규사업에 전념해야 할 때이기 때문""이라고 설명했다."
https://n.news.naver.com/mnews/article/029/0002974660?sid=105,2025-08-11 16:29:22,IT/과학,해킹 사태에 희비 갈린 통신3사…하반기 판도 바뀌나,"해킹 직격탄 맞은 SKT, 반사이익 누린 KT·LGU+KT, 창사 첫 분기 영업익 1조원 돌파하반기 통신 판도·AI 전략 주목통신사 로고. 연합뉴스SK텔레콤이 올 4월 유심 해킹 사태로 올 2분기 비틀거리면서 통신3사 실적이 엇갈렸다. SKT의 영업이익이 30% 이상 급감한 반면, KT와 LG유플러스는 반사이익으로 호실적을 기록했다. 특히 KT는 창사 이래 최대 분기 영업이익 기록을 세웠다. SKT의 고전이 지속되고 KT와 LG유플러스가 공격적인 점유율 확대 전략을 지속 구사할 경우 통신업계 판도가 변화할 가능성도 엿보인다.11일 KT는 올 2분기 연결 기준 매출 7조4274억원, 영업이익 1조148억원을 기록했다고 11일 밝혔다. 전년 동기 대비 매출은 13.5%, 영업이익은 105.4% 늘었다. KT가 분기 영업이익 1조원대를 넘긴 것은 창사 이후 처음이다. SKT 해킹 사고에 따른 이탈자 흡수 효과와 강북본부 부지 개발에 따른 부동산 분양 이익이 더해진 결과다.LG유플러스 또한 1분기에 두 분기 연속 실적 개선 흐름을 이어갔다. 올 2분기 연결 기준 매출 3조8444억원, 영업이익 3045억원을 기록했다. 이는 전년 동기 대비 각각 10%, 19.9% 늘어난 수치다. 특히 전체 무선 가입회선은 지난해 2분기 대비 9.9% 늘어난 2991만7000여개로, 총 가입회선 3000만개 달성을 눈앞에 뒀다.반면, SKT는 올 4월 발생한 사이버 침해 사고 후폭풍으로 유심 무상 교체, 대리점 보상 등 약 2500억원의 일회성 비용을 회계에 반영하면서 실적이 큰 폭으로 하락했다. 영업이익은 전년 동기 대비 37% 줄었고 당기순이익은 4분의 1 수준으로 급감했다.SKT에 따르면 해킹 사고 전인 3월 말 대비 6월 말 모바일 가입자는 약 75만명 줄었다. SKT의 점유율 40%선도 무너졌다.반면 KT와 LG유플러스는 SKT 해킹 사태 반사이익을 톡톡히 누렸다. KT의 무선 사업은 서비스 매출이 전년 동기 대비 1.6% 증가했다. KT 측은 “2분기 번호이동 유입 영향으로 가입자가 전분기 대비 3.4% 증가했다”고 말했다.LG유플러스는 모바일 사업 부문에서 2021년 3분기 이후 가장 높은 높은 성장률을 보였다. LG유플러스의 2분기 모바일 서비스 수익은 전년 대비 4.3% 증가한 1조5856억원으로 집계됐다.다만, 가입자를 붙잡기 위한 경쟁이 격화하면서 마케팅비 지출은 소폭 늘었다. 통신3사가 2분기 지출한 마케팅 비용은 총 1조9209억원으로 2조원에 육박했다. KT는 전년 동기 대비 5.9% 늘린 6558억원을 집행했고, LG유플러스는 3.5% 증가한 5401억원을 썼다. SKT 또한 지난해 같은 기간 대비 1.3% 늘어난 7250억원을 집행했다.하반기에는 SKT가 가입자 회복을 위해 보조금을 늘릴 수 있다. 이 경우 KT와 LG유플러스가 맞대응에 나설 것으로 보이는데 그럴 경우 3사가 뺏고 뺏기는 전쟁을 벌일 수 있다. 9~10월에 나올 애플의 신제품 ‘아이폰17’도 통신업계 판도에 변수로 작용할 전망이다.다만, 장기적으로 무선 시장 과열 경쟁이 장기화하기는 어렵다는 전망도 나온다. 장민 KT 재무실장(CFO)은 “최근 ‘갤럭시’ 신제품이 출시됐지만 시장에서 우려할 만한 보조금 과열 경쟁은 없었다”며 “5G 보급률이 80% 이상 높아지고 단말기 교체 주기도 장기화 됐을뿐더러 통신사들이 인공지능(AI), 정보기술(IT) 투자와 신규 사업 전념할 때라 생각해 무선 시장 경쟁은 장기적으로 치열하게 지속되지는 않을 것으로 보인다”고 전망했다."
https://n.news.naver.com/mnews/article/366/0001099583?sid=105,2025-08-11 16:55:09,IT/과학,"해킹 사고로 희비 엇갈린 통신사 2분기 실적… KT·LGU+ 웃고, SKT 울었다","통신 3사 상반기 합산 영업이익 3조원 첫 돌파진격의 KT, 통신 3사 최초로 분기 영업이익 1조 넘어2분기 영업익 3000억 넘긴 LGU+도 역대 최대 분기 실적그래픽=손민균SK텔레콤 해킹 사고로 올 2분기 통신 3사 실적의 희비가 엇갈렸다. 해킹 사고를 겪은 SK텔레콤은 부진한 실적을 기록한 반면, KT와 LG유플러스는 역대급 실적을 냈다. 특히 KT는 통신 3사 가운데 처음으로 분기 영업이익 1조원을 돌파했고, 덕분에 통신 3사의 상반기 합산 영업이익이 3조원 벽을 깼다.통신 3사 상반기 영업이익 3조원 첫 돌파11일 통신업계에 따르면 통신 3사(SK텔레콤·KT·LG유플러스)의 올 2분기 합산 영업이익은 1조6638억원으로 전년 동기(1조2885억원) 대비 29.1% 증가했다. SK텔레콤만 2분기 영업이익(3383억원)이 전년 대비 37% 감소했으며, KT(1조148억원)는 105.4%, LG유플러스(3107억원)는 23%씩 각각 증가했다.주목할 점은 통신 3사의 상반기 합산 영업이익이 처음으로 3조원을 돌파했다는 것이다. 올 상반기 통신 3사의 영업이익은 3조1754억원으로 작년 상반기(2조5352억원) 대비 25.2% 증가했다. 지난해 통신 3사의 연간 합산 영업이익(3조4960억원)과도 3000억원 정도 밖에 차이가 나지 않는다. 이 같은 추세라면 올해 통신 3사의 합산 영업이익은 5조원을 돌파할 것으로 업계는 전망하고 있다.통신 3사는 2021년 합산 영업이익 4조379억원을 기록한 이후 2023년까지 3년 연속 4조원을 넘겼다. 하지만 작년 4분기 KT가 대규모 구조조정을 단행, 6551억원의 영업손실을 내면서 통신 3사의 합산 영업이익은 3조원대로 주저앉았다.KT, 통신 3사 중 분기 영업익 1조 첫 돌파KT는 올 2분기 통신 3사 중 처음으로 분기 영업이익 1조원 시대를 열었다. SK텔레콤 해킹 사고로 인한 반사 효과에, 작년 실시한 대규모 구조조정으로 인한 인건비 절감 효과, 부동산 분양 이익 효과가 겹치면서 역대 최대 실적을 연출했다. 올 2분기 자회사인 KT에스테이트의 서울 광진구 이스트폴 아파트 분양 이익만 3900억원에 달하고, 연간 인건비 절감효과는 3000억원에 달한 것으로 알려졌다.LG유플러스도 SK텔레콤 해킹 사고로 인한 수혜로 2분기 영업이익이 3000억원을 넘기며 분기 사상 최대 실적을 경신했다. 반면 SK텔레콤은 2분기 영업이익 급감과 함께 매출도 감소했다. 올 2분기 SK텔레콤 매출은 4조4746억원으로 전년보다 1.89% 줄었다. 이 기간 KT 매출(7조4274억원)은 13.5%, LG유플러스 매출(3조4964억원)은 8.3%씩 각각 증가했다.이동통신 1위 사업자인 SK텔레콤이 추락하고, KT와 LG유플러스가 역대급 실적을 낼 수 있었던 건 지난 4월 발생한 SK텔레콤 해킹 사고 영향이 컸다는 분석이다. 통신업계에 따르면 SK텔레콤이 2분기에 지출한 유심 교체 비용은 2000억원에 달한다. 해킹 사실이 알려진 이후 7월까지 SK텔레콤에서 이탈한 가입자 수도 약 72만명이다. KT와 LG유플러스, 알뜰폰 업체 가입자는 증가하면서 반사적 수혜를 누렸다. KT의 이동통신(MNO) 가입회선은 전년 동기 대비 11.6% 증가한 1984만개(IoT 회선 제외)를, LG유플러스는 전년 동기 대비 5.5% 증가한 2093만개(IoT 회선 포함)를 각각 기록했다.해킹 사고로 SK텔레콤의 이동통신 시장점유율은 40%대에서 30%대로 내려왔다. 과학기술정보통신부에 따르면 지난 5월 SK텔레콤의 가입자 수는 2213만8806명으로 전체 이동통신 가입자의 39.2%를 기록했다."
https://n.news.naver.com/mnews/article/001/0015560142?sid=105,2025-08-11 17:14:42,IT/과학,2분기 통신사 실적 '극명한 온도차'…SKT만 역성장,"해킹 후속 조치·보상비로 SKT 수익성 악화KT·LGU+, 가입자 확대·AI 등 신사업 성장 지속SKT·KT·LGU+ 등 이동통신 3사[연합뉴스 자료사진](서울=연합뉴스) 박형빈 기자 = 올해 2분기 이동통신 3사의 실적이 극명하게 엇갈렸다.SK텔레콤은 대규모 해킹 사태 여파로 실적이 크게 악화했지만, KT와 유플러스는 매출과 이익이 모두 늘었다.업계에서는 단말기유통구조개선법(단통법) 폐지 영향이 제한적인 대신, 인공지능(AI)·인터넷데이터사업(IDC) 등 신사업이 향후 수익성의 핵심 변수가 될 것으로 보고 있다.SKT, 해킹 여파로 영업익 37%↓…KT·LGU+는 호실적11일까지 이동통신 3사가 공시한 올해 2분기 연결 기준 실적에 따르면 SK텔레콤의 연결 기준 영업이익은 3천383억원으로 전년 동기보다 37.1% 감소했다. 매출과 순이익도 각각 1.9%, 76.2% 줄었다.올해 1분기와 비교해도 영업이익과 순이익은 각각 40.4%, 77.0% 급감하는 등 수익성이 크게 악화했다.이같은 실적 부진은 해킹 사태 이후 고객 유심 교체 비용과 대리점 손실 보상 등 일회성 비용 약 2천500억원이 반영된 영향이 크다.특히 이번 분기에는 SK텔레콤의 고객 보상 프로그램 지출이 반영되지 않아 향후 재무 부담은 더 커질 전망이다.SKT, 위약금 면제 결정(서울=연합뉴스) 임화영 기자 = SK텔레콤이 지난 4월 발생한 해킹 사태 이후 통신사를 변경하는 가입자에 대한 위약금 면제를 결정한 가운데 6일 서울 시내의 한 KT 매장에 SK텔레콤 번호이동 고객에 대한 위약금 면제 안내문이 붙어있다. 2025.7.6 hwayoung7@yna.co.kr반면 KT는 올해 2분기 연결 영업이익 1조148억원으로 전년 동기 대비 105.4% 증가하며 분기 기준 사상 최대 실적을 기록했다. 매출도 7조4천274억원으로 13.5% 늘었다. 5G 가입자 기반 확대와 번호 이동 순증으로 무선 서비스 매출이 1.6% 증가했다.다만 강북본부 부지 개발에 따른 부동산 분양 이익이 일회성으로 반영돼 이 요인을 제외하면 영업이익은 예년 수준으로 회복될 것으로 보인다.LG유플러스도 호실적을 기록했다.올해 2분기 영업이익은 3천45억원으로 전년 대비 19.9% 증가했다. 매출과 순이익은 각각 10.0%, 31.9% 늘었다. 무선 사업 이익은 가입자 순증과 5G 단말기 비중 확대에 힘입어 1조6천542억원으로 3.8% 증가했다.특히 알뜰폰 회선이 지난해 동기 대비 21.7% 증가해 898만7천여 개에 달하며 6분기 연속 20% 이상 성장세를 이어갔다.단통법 폐지 영향 제한…AI·IDC가 새 성장 축이동통신업계에서는 과거 변수로 여겨졌던 '이동통신 단말장치 유통구조 개선에 관한 법률'(단통법) 폐지의 영향이 크지 않을 것이란 관측이 힘을 얻고 있다.대신 AI와 데이터센터 등 이통사의 신사업이 향후 수익성의 핵심 변수가 될 것이라는 전망이다.SK텔레콤은 올해 2분기에 AI 사업 매출이 전년 동기 대비 13.9% 증가했으며, AI 데이터 사업과 AI전환(AIX) 사업 매출이 각각 13.3%, 15.3% 성장했다. 울산·구로 AI 데이터센터 가동 등을 통해 2030년 이후 연간 1조원 이상 매출을 목표로 하고 있다.LG유플러스[촬영 안 철 수] 2025.1.21KT 장민 최고재무책임자(CFO)는 이날 컨퍼런스콜에서 ""마이크로소프트와 팔란티어 등 글로벌 빅테크와의 협력을 통해 고객에게 새로운 AI 서비스를 선보일 것""이라며 ""멀티모델 전략으로 고객에게 다가가고 KT의 기지국 운용 효율화를 위해 AI 기반 혁신을 접목할 계획""이라고 했다.LG유플러스는 IDC 사업에서 고객사 입주 증가에 따른 가동률 상승으로 2분기 매출이 전년 동기 대비 5% 증가해 963억원을 기록했다.하나증권 이상훈 연구원은 ""시장 우려와 달리 현재 국내 통신 유통 구조에서는 시장 과열 양상이 나타나기 어렵다""며 ""당분간 월간 번호 이동 건수는 40만~50만 건 수준으로, 단통법 폐지 전 월 100만 건 대비 절반 수준에 그칠 것""이라고 말했다.binzz@yna.co.kr"
https://n.news.naver.com/mnews/article/422/0000769556?sid=101,2025-08-11 17:25:10,경제,KT·LGU+ '웃고' SKT '울고'…2분기 통신사 실적 '희비',"SKT·KT·LGU+ 등 이동통신 3사 [연합뉴스 자료사진]올해 2분기 이동통신 3사의 실적이 극명하게 엇갈렸습니다.SK텔레콤은 대규모 해킹 사태 여파로 실적이 크게 악화했지만, KT와 유플러스는 매출과 이익이 모두 늘었습니다.오늘(11일)까지 이동통신 3사가 공시한 올해 2분기 연결 기준 실적에 따르면 SK텔레콤의 연결 기준 영업이익은 3,383억원으로 전년 동기보다 37.1% 줄었습니다.매출과 순이익도 각각 1.9%, 76.2% 감소했습니다.올해 1분기와 비교해도 영업이익과 순이익은 각각 40.4%, 77% 급감하는 등 수익성이 크게 악화했습니다.이같은 실적 부진은 해킹 사태 이후 고객 유심 교체 비용과 대리점 손실 보상 등 일회성 비용 약 2,500억원이 반영된 영향이 큽니다.특히 이번 분기에는 SK텔레콤의 고객 보상 프로그램 지출이 반영되지 않아 향후 재무 부담은 더 커질 전망입니다.반면 KT는 올해 2분기 연결 영업이익 1조148억원으로 전년 동기 대비 105.4% 증가하며 분기 기준 사상 최대 실적을 기록했습니다.매출도 7조4,274억원으로 13.5% 늘었습니다.다만 강북본부 부지 개발에 따른 부동산 분양 이익이 일회성으로 반영돼 이 요인을 제외하면 영업이익은 예년 수준으로 회복될 것으로 보입니다.LG유플러스 역시 호실적을 기록했는데, 올해 2분기 영업이익은 3,045억원으로 전년 대비 19.9% 증가했습니다.매출과 순이익은 각각 10.0%, 31.9% 늘었습니다.이동통신업계에서는 과거 변수로 여겨졌던 '이동통신 단말장치 유통구조 개선에 관한 법률'(단통법) 폐지의 영향이 크지 않을 것이란 관측이 힘을 얻고 있습니다.대신 AI와 데이터센터 등 이통사의 신사업이 향후 수익성의 핵심 변수가 될 것이라는 전망입니다.#KT #LGU #SKT #실적연합뉴스TV 기사문의 및 제보 : 카톡/라인 jebo23"
https://n.news.naver.com/mnews/article/055/0001282991?sid=101,2025-08-11 17:38:49,경제,2분기 통신사 실적 '극명한 온도차'…SKT만 역성장,"올해 2분기 이동통신 3사의 실적이 극명하게 엇갈렸습니다.SK텔레콤은 대규모 해킹 사태 여파로 실적이 크게 악화했지만, KT와 유플러스는 매출과 이익이 모두 늘었습니다.업계에서는 단말기유통구조개선법(단통법) 폐지 영향이 제한적인 대신, 인공지능(AI)·인터넷데이터사업(IDC) 등 신사업이 향후 수익성의 핵심 변수가 될 것으로 보고 있습니다.◇ SKT, 해킹 여파로 영업익 37%↓…KT·LGU+는 호실적오늘(11일)까지 이동통신 3사가 공시한 올해 2분기 연결 기준 실적에 따르면 SK텔레콤의 연결 기준 영업이익은 3천383억 원으로 전년 동기보다 37.1% 감소했습니다.매출과 순이익도 각각 1.9%, 76.2% 줄었습니다.올해 1분기와 비교해도 영업이익과 순이익은 각각 40.4%, 77.0% 급감하는 등 수익성이 크게 악화했습니다.이같은 실적 부진은 해킹 사태 이후 고객 유심 교체 비용과 대리점 손실 보상 등 일회성 비용 약 2천500억 원이 반영된 영향이 큽니다.특히 이번 분기에는 SK텔레콤의 고객 보상 프로그램 지출이 반영되지 않아 향후 재무 부담은 더 커질 전망입니다.반면 KT는 올해 2분기 연결 영업이익 1조 148억 원으로 전년 동기 대비 105.4% 증가하며 분기 기준 사상 최대 실적을 기록했습니다.매출도 7조 4천274억 원으로 13.5% 늘었습니다.5G 가입자 기반 확대와 번호 이동 순증으로 무선 서비스 매출이 1.6% 증가했습니다.다만 강북본부 부지 개발에 따른 부동산 분양 이익이 일회성으로 반영돼 이 요인을 제외하면 영업이익은 예년 수준으로 회복될 것으로 보입니다.LG유플러스도 호실적을 기록했습니다.올해 2분기 영업이익은 3천45억 원으로 전년 대비 19.9% 증가했습니다.매출과 순이익은 각각 10.0%, 31.9% 늘었습니다.무선 사업 이익은 가입자 순증과 5G 단말기 비중 확대에 힘입어 1조 6천542억 원으로 3.8% 증가했습니다.특히 알뜰폰 회선이 지난해 동기 대비 21.7% 증가해 898만 7천여 개에 달하며 6분기 연속 20% 이상 성장세를 이어갔습니다.◇ 단통법 폐지 영향 제한…AI·IDC가 새 성장 축이동통신업계에서는 과거 변수로 여겨졌던 '이동통신 단말장치 유통구조 개선에 관한 법률'(단통법) 폐지의 영향이 크지 않을 것이란 관측이 힘을 얻고 있습니다.대신 AI와 데이터센터 등 이통사의 신사업이 향후 수익성의 핵심 변수가 될 것이라는 전망입니다.SK텔레콤은 올해 2분기에 AI 사업 매출이 전년 동기 대비 13.9% 증가했으며, AI 데이터 사업과 AI전환(AIX) 사업 매출이 각각 13.3%, 15.3% 성장했습니다.울산·구로 AI 데이터센터 가동 등을 통해 2030년 이후 연간 1조 원 이상 매출을 목표로 하고 있습니다.KT 장민 최고재무책임자(CFO)는 이날 컨퍼런스콜에서 ""마이크로소프트와 팔란티어 등 글로벌 빅테크와의 협력을 통해 고객에게 새로운 AI 서비스를 선보일 것""이라며 ""멀티모델 전략으로 고객에게 다가가고 KT의 기지국 운용 효율화를 위해 AI 기반 혁신을 접목할 계획""이라고 했습니다.LG유플러스는 IDC 사업에서 고객사 입주 증가에 따른 가동률 상승으로 2분기 매출이 전년 동기 대비 5% 증가해 963억 원을 기록했습니다.하나증권 이상훈 연구원은 ""시장 우려와 달리 현재 국내 통신 유통 구조에서는 시장 과열 양상이 나타나기 어렵다""며 ""당분간 월간 번호 이동 건수는 40만~50만 건 수준으로, 단통법 폐지 전 월 100만 건 대비 절반 수준에 그칠 것""이라고 말했습니다.(사진=연합뉴스)"
https://n.news.naver.com/mnews/article/092/0002385733?sid=105,2025-08-11 17:59:12,IT/과학,"""공모전 참여하고, 구글 본사 방문 기회 잡으세요""","LGU+, 유튜브와 함께하는 ‘유쓰 쇼츠 페스페스티벌’ 개최LG유플러스가 유튜브와 손잡고 Z세대와 소통을 강화하기 위해 ‘유쓰 쇼츠 페스티벌’을 개최한다고 11일 밝혔다.‘유쓰 쇼츠 페스티벌’은 LG유플러스의 Z세대 전용 브랜드인 ‘유쓰’를 중심으로 Z세대가 공감할 수 있는 쇼츠 영상을 업로드하는 공모전이다. 10월 12일까지 진행되며 연령·통신사에 상관없이 누구나 자유롭게 참여할 수 있다.참여를 희망하 이번 공모전의 주제인 ‘내가 가장 나다운 순간(Simply Me)’에 맞춰 15초 이상의 쇼츠 영상을 제작한 후, 해시태그(#LG유플러스 #유튜브 #유쓰쇼츠페스티벌 #Simplyme 등)와 함께 유튜브에 업로드하고 유쓰 공식 홈페이지에 접수하면 된다.LG유플러스는 새롭게 선보일 브랜드 슬로건인 ‘Simply U+’에 맞춰 이번 공모전의 주제를 선정했다. 복잡한 디지털 환경 속에서 가장 나다운 모습을 짧은 영상으로 표현하자는 ‘Simply Me’ 취지에 맞춰 ▲맛있는 음식을 먹을 때 ▲멋진 옷을 입을 때 ▲축제나 콘서트를 즐길 때 등 다양한 모습을 영상으로 제작해 참여할 수 있다.LG유플러스는 공모전에 참여한 쇼츠 영상의 주제 적합성·작품성·조회수 등을 중심으로 평가해 시상할 예정이다. 최우수작으로 선정된 30명에게는 오는 11월 싱가포르에 위치한 구글 APAC 본사 사옥 방문을 포함해 3박 4일 투어 기회를 제공한다.이어 개인에게 수여되는 ▲인기상 (5명) ▲Simply U+ 특별상(5명) ▲열정상(5명) ▲감독상 수상자(5명)에는 부상으로 각각 상금 30만원을 제공한다. 대학 단위로 가장 많은 인원이 참가한 3개 대학에는 ‘유쓰캠퍼스상’과 함께 식음료를 제공하는 커피차를 선물로 제공한다. 이밖에도 참여자 전원에게는 ‘나다운상’이라는 이름으로 메가커피 바닐라라떼 쿠폰 1장이 증정된다. 수상자는 유쓰 공식 홈페이지를 통해 10월 중 공지될 예정이다.이번 유쓰 쇼츠 페스티벌은 LG유플러스와 구글의 전략적 협력의 일환으로 기획됐다. 앞서 LG유플러스는 지난 3월 스페인 바르셀로나에서 열린 MWC25에서 구글, 구글 클라우드와 함께 전방위 협력안을 발표하고 다양한 분야에서 협력을 확대하겠다고 밝힌 바 있다.LG유플러스는 앞으로도 유쓰 쇼츠 페스티벌과 같은 Z세대 대상 브랜드 캠페인을 지속 추진하는 한편, 유튜브를 포함한 다양한 기업과의 협업을 통해 기술과 콘텐츠를 결합한 차별화된 고객경험을 제공해 나갈 방침이다.정혜윤 LG유플러스 마케팅그룹장은 “유쓰 쇼츠 페스티벌은 Z세대가 선호하는 플랫폼과 콘텐츠를 접목해 고객 참여를 이끈 대표 마케팅 사례가 될 것”이라며 “앞으로도 구글과 기술협력 뿐 아니라 Z세대, 대학생 등 다양한 고객 맞춤형 마케팅 분야에서 협업하며 차별화된 고객 경험을 선보일 것”이라고 말했다."
https://n.news.naver.com/mnews/article/005/0001795253?sid=101,2025-08-12 00:23:13,경제,"KT, 2분기 영업이익 1조원 돌파… “AICT 기업으로 완전 변화할 것”","105.4% 오른 1조148억원 기록LGU+도 19.9%↑… 3045억원KT의 올해 2분기 영업이익이 1조원을 돌파하며 사상 최대치를 기록했다. SK텔레콤 해킹 사태로 인한 반사이익, 인공지능(AI) 분야 성장 등이 실적 상승을 이끌었다는 평가다. 지난해 단행한 대규모 인력 재배치도 비용 절감에 영향을 준 것으로 평가된다.KT는 올 2분기 영업이익이 지난해 같은 기간 대비 105.4% 오른 1조148억원으로 잠정 집계됐다고 11일 공시했다. 매출은 7조4274억원, 순이익은 7333억원을 기록했다. KT의 분기 영업이익이 1조원을 넘어선 건 창사 이래 처음이다. 이전 최대치는 2022년 1분기 때의 6266억원이었다.KT의 깜짝 실적 배경에는 경쟁사인 SK텔레콤 해킹 사태와 AI 전환 등 핵심 사업 성장 등이 자리한다. 우선 무선 분야 서비스 매출이 지난해 2분기 대비 1.6% 상승한 1조7048억원을 기록했다. 무선통신 가입자는 올 1분기 2644만5000명에서 2749만1000명으로 100만명 이상 늘었다.KT클라우드는 데이터센터·클라우드 사업 호조로 매출이 23.0% 늘었다. 이에 따라 AI·정보기술(IT) 부문 매출도 13.8% 증가했다. 또 오피스·호텔 등 임대 부문에서 KT에스테이트 매출이 2.0% 증가했으며, 강북본부 부지 개발에 따른 일회성 부동산 분양 수익도 반영됐다. 이와 함께 지난해 하반기 단행한 비필수 인력 재배치 작업에 따라 지난해 2분기 1조2132억원을 나타냈던 인건비가 올해는 1조1194억원으로 938억원 줄었다. 장민 KT 최고재무책임자(CFO)는 실적 발표 컨퍼런스콜에서 “KT는 AICT(AI+정보통신기술) 기업으로의 완전한 변화를 위해 노력하고 있다”며 “지난해 대비 좋은 실적을 달성해 하반기에도 흐름이 유지될 것”이라고 말했다.LG유플러스도 호실적을 기록했다. 올 2분기 영업이익은 3045억원으로 전년 대비 19.9% 증가했다. 매출과 순이익은 각각 10.0%, 31.9% 늘었다. 반면 해킹 사태 지격탄을 맞은 SK텔레콤의 경우 영업이익 3383억원으로 전년 동기보다 37.1% 감소했다. 매출과 순이익도 각각 1.9%, 76.2% 줄었다."
https://n.news.naver.com/mnews/article/008/0005234517?sid=101,2025-08-12 04:30:00,경제,머니투데이 오프라인 헤드라인-12일,"[종합]근로감독관 '작업중지권' 부활 위험징후 보이면, 즉시 멈춘다""어르신 약 챙겨드세요"" 늙어가는 中, '로봇'에 거는 미래석화업계 적자난…정부주도 구조조정 없인 '깨진 독 물붓기'일하다 죽는 일 없게 강력 대응…발동요건 제한, 남용 막는다광물 받고, 기술 주고…원전 등 '인프라 협력' 넓힌다[the300]정치 복귀 길 열린 조국 '부산시장' 출마하나[오피니언]우리는 왜 애니메이션을 놓쳤을까국력[국제]자동차 관세인하 9월 '분수령' 되나[산업]美 IRA 곧 종료…양극재 혹한기 시작되나K뷰티 인기, 화장품 제조사 2Q 실적 화색[금융]동양생명 1400억 과징금… ""싸게 샀다"" 웃던 우리금융 당혹[ICT·바이오]SKT, 해킹에 눈물…KT·LGU+는 미소[2025 O 클린]""여권 만들어줘"" 선 넘는 인간…""불법, 안됩니다"" 선 긋는 AI[유니콘 팩토리]육해공 물류망·산학연 집적…'바이오 메카' 도약 최적지[건설 부동산]늘어나는 전세갱신…눈여겨볼 보증보험[사회·정책사회문화]'목걸이' 찾는 특검, 서희건설 압수수색[증권]계속 뛰는 금값, 투자 매력도 동반 상승"
https://n.news.naver.com/mnews/article/008/0005234518?sid=105,2025-08-12 04:30:00,IT/과학,'해킹 별곡'... SKT 울고 KT·LGU+은 미소,"통신3사 2분기 실적 종합SKT 가입자 88만명 잃고 유심교체, 영업익 -37%KT 1조, LGU+ 3000억 돌파... 역대급 실적 '반사익'이통3사 2025년 2분기 실적/그래픽=이지혜SK텔레콤 해킹 사태로 올 2분기 이통3사 실적 희비가 엇갈렸다. 이동통신 1위 사업자인 SKT는 가입자 이탈 속 유심(USIM·가입자식별모듈) 교체 비용 등으로 영업이익이 크게 뒷걸음질 친 가운데, 반사이익을 본 KT와 LG유플러스는 역대급 실적을 거뒀다. 다만 올 하반기 단통법이 폐지된 만큼 이통3사의 가입자 쟁탈전이 재점화할 수 있다는 진단이 나온다.11일 KT는 올 2분기 연결기준 매출 7조4274억원, 영업이익 1조148억원을 기록했다고 밝혔다. 전년 동기 대비 각각 13.5%, 105.4% 증가했다. 증권가 전망치를 웃도는 실적이다. KT그룹의 일회성 분양 이익으로 영업이익이 급증했으나, 이를 제외한 별도기준 영업이익(4687억원)도 1년 전보다 30.6% 늘었다.LG유플러스도 호실적이다. 2분기 매출은 전년 동기 대비 10% 증가한 3조8444억원, 영업이익은 19.9% 늘어난 3045억원이다. 분기 영업이익이 3000억원을 돌파한 건 이번이 처음이다. 이 추세라면 3년 만에 '영업이익 1조 클럽' 탈환도 가능하다. 김아람 신한투자증권 연구원은 ""무선 매출이 4.3% 증가했는데, 이는 최근 3년 평균 1~2% 대비 매우 높은 수준""이라고 분석했다.반면 SKT는 2분기 매출 4조3388억원, 영업이익 3383억원으로 같은기간 1.9%, 37.1% 감소했다. 가입자 유심 교체, 대리점 손실보상 등 약 2500억원의 일회성 비용이 반영된 탓이다. 더불어 SKT는 요금할인 등 5000억원 규모의 고객감사패키지를 마련하고 정보보안예산도 향후 5년간 7000억원으로 확대한다. 이에 올해 매출 가이던스를 연초보다 8000억원 낮췄다.━9월 '아이폰 대란' 벌어지나…""가격보다 AI로 승부""━무선 가입자 증감이 성적표를 갈랐다. SKT는 지난 4월 해킹사고가 알려진 후 5월부터 50일간 신규영업이 중지돼 떠나는 가입자를 바라만 봐야 했다. 이에 2분기 MNO(이동통신) 기준 가입자가 전분기 대비 87만9000명 줄었다. MVNO(알뜰폰)까지 포함하면 106만명을 잃었다. 과학기술정보통신부 '무선통신서비스 가입현황'에 따르면 지난 5,6월 SKT 점유율은 39%로, 장기간 수성한 40%선 아래로 떨어졌다. 7월 중순까지 해지 위약금을 면제하면서 9만여명이 추가 이탈했다는 분석도 나온다.KT와 LG유플러스의 2분기 무선 가입자(MNO 기준)는 전 분기 대비 3.4%, 2% 증가했다. 특히 ARPU(가입자당평균매출)가 높은 5G 핸드셋(기기) 가입자가 늘어난 점이 긍정적이다. LG유플러스는 MNO 핸드셋 가입자 중 5G 비중이 79.9%로 1년 전보다 12.2%p(포인트) 늘었다. KT도 4.5%p 늘어난 79.5%를 기록했다.올 하반기에도 이통3사의 가입자 쟁탈전이 기대된다. 지난달 단통법 폐지로 보조금 상한이 사라져 가입자를 뺏기 위한 출혈 경쟁이 가능해서다. 특히 오는 9월 아이폰17 시리즈 판매가 신호탄이 될 것으로 보인다. 다만 이통3사는 대규모 AI 투자를 위해 비용 효율화에 나선 만큼 마케팅비를 관리하겠다는 방침이다.여명희 LG유플러스 최고재무책임자(CFO)는 실적 컨퍼런스콜에서 ""아이폰 신모델 출시나 경쟁사 가입자 회복 시도로 단기 마케팅 경쟁이 발생할 수 있다""면서도 ""중장기적으론 휴대폰 가격 경쟁이 아닌 차별화된 AI 서비스로 경쟁하기 위해 AI 투자를 확대할 계획""이라고 말했다. 장민 KT 재무실장도 ""보조금 경쟁이 장기화하긴 어려울 것""이라며 ""5G 보급률이 80% 이상인 데다 단말기 교체 주기가 장기화했고 AI 등 신규사업에 전념해야 할 때이기 때문""이라고 설명했다."
https://n.news.naver.com/mnews/article/003/0013416110?sid=105,2025-08-12 06:01:00,IT/과학,"해킹 사고로 SKT 눈물, KT·LGU+ 웃음…하반기 대반전 일어날까","2Q SKT, 사고 대응 영향 영업익 급감…KT 1조·LGU+ 3000억 첫 돌파하반기도 SKT '고객신뢰' 비용 지속…아이폰17 출시 계기로 보조금 경쟁 불 붙을 듯[서울=뉴시스] 김선웅 기자 = 사진은 2일 서울 시내 핸드폰 판매점의 모습. 2025.06.02. mangusta@newsis.com[서울=뉴시스] 심지혜 기자 = 올 2분기 이동통신3사 실적 희비가 엇갈렸다. 1위 사업자인 SK텔레콤은 가입자 유심(USIM)해킹 사고로 가입자들의 대거 이탈과 유심 교체, 대리점 손실 보상 등 사고 대응 비용이 증가하면서 부진한 성적표를 냈다. 이에 반해 경쟁사인 KT와 LG유플러스는 반사이익을 얻어 역대급 실적을 냈다.하반기에는 애플의 신규 아이폰17 출시를 계기로 가입자 쟁탈전이 벌어질 가능성이 높다는 전망이다.11일 KT는 올 2분기 연결기준 매출 7조4274억원, 영업이익 1조148억원을 기록했다고 밝혔다. 전년 동기 대비 각각 13.5%, 105.4% 증가했다.KT가 분기 영업이익 1조원대를 넘긴 것은 처음이다. SK텔레콤 가입자 이탈 영향으로 30만명의 가입자가 늘어난 데다 부동산 자회사의 분양이익이 더해지면서 증권가 예상치를 웃도는 실적을 기록했다.자회사 효과를 제외하더라도 KT의 2분기 별도 기준 영업이익(4687억원)은 전년 동기보다 30.6%나 늘었다. 이동통신 가입자는 전분기 대비 3.4% 증가했다.LG유플러스도 호실적을 나타냈다. 2분기 매출과 영업이익은 3조8444억원과 3045억원으로 각각 전년 동기 대비 10%, 19.9% 증가했다. 처음으로 분기 기준 영업이익 3000억원을 돌파했다. 구조적인 원가 경쟁력 개선활동이 주효했다는 평가다. 특히 모바일서비스수익은 4.3% 증가했다. 이동통신 가입자는 전년분 대비 2% 늘었다.이와 달리 SK텔레콤은 2분기 매출 4조3388억원, 영업이익 3383억원으로 같은기간 1.9%, 37.1% 감소했다. 유심 해킹 사고에 대응하면서 약 2500억원의 일회성 비용이 발생했다. 이동통신 가입자는 87만9000명이 감소했고 0%대였던 월평균 해지율은 1.6%로 증가했다. 이로 인해 40%대를 유지했던 이동통신 시장 점유율이 30%대로 떨어졌다.KT·LGU+ 하반기도 맑음…SKT 올해는 흐림"
https://n.news.naver.com/mnews/article/421/0008422867?sid=105,2025-08-12 06:20:00,IT/과학,통신3사 상반기 영업익 3조 넘었다…SKT '주춤' KT·LGU+ '방긋',"통신사 분기 합산 영업익 2분기 연속 1.5조원 돌파SKT는 두 자릿수 감소, KT·LGU+는 역대 최대 영업익 '온도차'서울의 한 휴대폰 판매 대리점 ⓒNews1 이재명 기자(서울=뉴스1) 김정현 이기범 기자 = SK텔레콤(017670)과 KT(030200), LG유플러스(032640) 통신3사가 2분기 실적에서 희비가 엇갈렸다.11일 통신업계에 따르면 SKT·KT·LGU+ 통신3사 2분기 합산 영업이익은 전년 동기 대비 28.95% 증가한 1조 6576억 원을 기록했다. 상반기 전체 영업이익은 전년 대비 26.29% 증가한 3조 1692억 원이다.유영상 SK텔레콤 대표이사가 4일 서울 중구 SKT타워에서 정부의 해킹 사태 관련 최종 조사결과 발표 관련 입장 및 향후 계획을 발표하고 있다. 2025.7.5/뉴스1 ⓒ News1 박지혜 기자SKT, 2분기 나홀로 뒷걸음…""고객 신뢰 회복에 방점""SKT 2분기 연결 기준 영업이익은 전년 동기 대비 37.1% 감소한 3383억 원이다. 매출도 같은 기간 1.9% 감소한 4조 3388억 원에 그쳤다. 해킹 사태 여파 탓이다.2분기 사이 SKT를 떠난 핸드셋 가입자만 약 75만 명 수준인 것으로 알려졌다. 이를 방어하려는 마케팅 비용 지출도 많았다. 유심 교체 비용 및 대리점 손실 보상으로 발생한 일회성 비용 2500억 원도 전부 2분기에 반영됐다.하반기에도 실적 반등은 어려울 가능성이 있다. 고객 신뢰 회복을 위해 마련한 '책임과 약속 프로그램'에 막대한 비용 지출이 예정돼 있어서다.이통 3사 대리점 2022.12.23/뉴스1'SKT 해킹' 반사 이익에 역대급 분기 실적 거둔 KT·LGU+KT와 LG유플러스는 이번 2분기에 역대 최대 분기 영업이익을 거두며 '어닝 서프라이즈'를 기록했다. SKT 해킹 여파가 경쟁사에는 반사이익으로 돌아온 결과다.KT의 2분기 연결 기준 영업이익은 전년 동기 대비 105.4% 증가한 1조 148억 원이다. 매출도 13.5% 늘어난 7조 4274억 원으로 집계됐다.SKT 이탈 가입자들이 많이 유입됐다. 2분기말 기준 KT의 무선 핸드셋 가입자 수는 1366만 1000명으로 직전 분기 대비 약 30만 7000명 증가했다. 그룹사 KT에스테이트의 서울 광진구 롯데이스트폴 아파트 분양이익이 반영된 것도 실적견인에 도움이 됐다.다만 인건비가 전년 동기 대비 7.7% 감소했음에도 불구하고, 상품구입비가 같은 기간 46.8% 증가해 영업비용도 6조 4126억 원으로 5.9% 늘어났다.서울의 한 휴대폰 대리점에 걸린 단통법 폐지 관련 홍보물. 2025.7.22/뉴스1 ⓒ News1 신웅수 기자""통신3사, 하반기에도 회사별 실적 차별화 추세 이어질 것""LG유플러스 역시 처음으로 분기 영업이익이 3000억 원을 돌파했다.매출과 영업이익 모두 각각 전년 동기 대비 2.6%, 19.2% 늘었다.무선 핸드셋 가입자 수는 직전 분기 대비 22만 3000명 늘었다.증권가에서는 올해 하반기에도 이번 2분기 같은 통신3사의 실적 차별화 추세가 이어질 걸로 예상하고 있다.김정찬 한국투자증권 연구원은 ""SKT는 정보 유출 여파로 2분기부터 실적 개선 궤도에서 이탈한 반면, LG유플러스와 KT는 호실적을 이어갈 것""이라고 분석했다."
https://n.news.naver.com/mnews/article/011/0004519922?sid=101,2025-08-12 08:25:13,경제,"“급성장한 KoAct ETF, 글로벌시장도 공략”…""억만장자 쏟아진다"" AI 뜨자 유니콘 기업만 498곳 [AI 프리즘*대학생 취준생 뉴스]","KT, 창사 첫 1조 원 영업익 달성··· 하반기에도 인건비 절감과 인공지능으로 고성장 유지할 것‘액티브 ETF’에 대한 개인투자자 관심 증가···‘운용역과 운용 전략으로 기초지수 대비 초과 수익 목표’‘AI 유니콘 기업’ 498곳 ···AI 관련 기업 주가 급등 영향으로 ‘AI 스타트업’ 가치 상승[서울경제]▲ AI 프리즘* 맞춤형 경제 브리핑* 편집자 주:‘AI PRISM’(Personalized Report & Insight Summarizing Media)은 한국언론진흥재단의 지원을 받아 개발한‘인공지능(AI) 기반 맞춤형 뉴스 추천 및 요약 서비스’입니다. 독자 유형별 맞춤 뉴스 6개를 선별해 제공합니다.&#160;KT 첫 1조 영업익에 AI유니콘 498곳 탄생 [AI PRISM x D•LOG][주요 이슈 브리핑]■ 액티브 ETF 시장 성장: 삼성액티브자산운용이 7개월 만에 순자산을 2400억원에서 5252억원으로 두 배 늘리며 개인투자자들의 액티브 ETF 관심이 급증세를 보인다. 이에 따라 수출입 데이터 기반 투자 상품이 한 달 만에 800억 원을 돌파하고 본격적인 미국 시장 진출까지 나서고 있다.■ 통신업계 AI 투자 러시: KT가 창사 이래 첫 1조148억원 영업이익을 달성하며 하반기 AI 신사업 확대에 막대한 투자를 예고했다. 한편 인건비 7.7% 절감으로 확보한 자금을 AI 모델 개발과 플랫폼 사업에 집중 투입된 상항이다.■ 글로벌 AI 스타트업 생태계 폭발적 확산: 전 세계 AI 유니콘 기업이 498곳에 달하며 총 기업가치 2조 7000억 달러를 기록했다. 특히 2023년 이후 설립된 AI 스타트업 100곳이 유니콘으로 급성장했고, 실리콘밸리가 350억 달러 이상 벤처 자금을 조달했다.[대학생 취업준비생 관심 뉴스]1. ‘KT 창사 첫 1조 영업익’ 하반기 AI 투자 올인- 핵심 요약: KT가 올2분기에 창사 이래 첫 1조 원대 영업이익을 거뒀다. 부동산 등 자회사들의 활약과 SK텔레콤 해킹 사고에 따른 반사이익이 주된 요인이다. KT는 하반기에도 인건비 절감과 인공지능 신사업 확대로 고성장을 이어갈 계획이다. 특히 지난 해 희망퇴지금 등 1조 원 규모의 구조조정으로 인한 인건비 절감이 큰 효과를 불러왔다. 장민 KT 최고재무책임자(CFO)는 “인력 개선 효과에 따라 인건비가 잘 관리되고 있고 5G (망) 투자도 감소로 전환될 예정”이라며 “하반기에도 서비스 매출 성장세 지속되면서 좋은 실적이 계속될 것으로 전망한다”고 말했다. 인공지능에 대해서는 최근 독자 개발한 AI모델 ‘믿음 2.0’에 이어 마이크로소프트와 공동 개발한 ‘GPT-K’ 등 다양한 모델을 출시하는 ‘멀티모델 전략’을 펼칠 예정이다.2. “급성장한 KoAct ETF, 글로벌시장도 공략”- 핵심 요약: 하지원 삼성액티브자산운용 대표가 수익률에 민감한 개인 투자자들이 액티브 ETF의 성과에 주목하며 자금 유입세가 두드러진다며 “패시브 상품 대비 운용의 자율성이 높은 액티브 ETF는 시장 변화에 신속하게 대응할 수 있다”고 말했다. 그간 국내 ETF 시장의 급격한 성장세는 주로 패시브 상품이 주도했지만 최근 들어 액티브 상품에서도 개인투자자들의 관심이 확대됐다는 것이다. 기초지수의 성과를 온전히 추종하는 패시브 ETF와 달리 액티브 ETF는 운용역의 운용 전략을 기반으로 기초지수 대비 초과 수익을 목표로 하고 있다. 실제 혁신 산업의 빠른 트렌드를 분석해 변화를 주도하는 기업들에 액티브하게 투자하는 ‘KoAct 미국나스닥성장기업액티브’의 최근 3개월 수익률은 33.81%로 기초지수 대비 2배 이상 높다. 또 KoAct는 지난 5월 국내 최초로 미국 ETF 시장에 국내 액티브 ETF의 운용전략을 수출했다.3. AI 뜨자 유니콘 기업만 498곳…무라티 등 속속 억만장자 등극- 핵심 요약: 인공지능 산업이 급성장하면서 엄청난 자금을 끌어모은 AI 스타트업에서 돈방석에 앉은 억만장자가 속속 나오고 있다. CNBC뉴스는 10일(현지 시간) 시장조사 업체 CB인사이트를 인용해 현재 AI 산업에는 기업 가치가 10억 달러를 넘는 비상장 스타트업인 ‘유니콘 기업’이 498개이고 이들 기업 총가치는 2조 7000억 달러에 달한다고 보도했다. 이어 AI 유니콘 기업 100개는 2023년 이후에 설립됐고 기업가치가 1억 달러를 넘는 AI 스타트업은 1300개가 넘는다며 엔비디아·메타·마이크로소프트 등 AI 관련 기업의 주가가 급등하면서 AI 스타트업의 가치도 함께 치솟고 있다고 분석했다.[대학생 취업준비생 참고 뉴스]4. 李 ‘주가 폭락’ 경고 현실로…경영계는 ‘낙인효과’ 우려- 핵심 요약: 정부가 중대재해 발생 기업에 대한 공시제 의무화를 도입해 자본시장을 통한 실질적 제재를 추진한다고 발표했다. 기업이 가장 민감하게 느끼는 주가 하락이 이뤄져야 기업이 스스로 산재 예방 체계를 제대로 구축할 수 있다는 게 정부와 이재명 대통령의 판단이다. 11일 정치권 등에 따르면 고용노동부는 12일 국무회의에서 중대재해 발생 사실 공시제 의무화 등이 담긴 ‘노동안전종합대책’ 일부안을 대통령에게 보고할 예정이다. 앞서 고용부는 공시제 의무화의 방식을 기존 상장사의 공시 제도에 중대재해 사실 공시 추가와 별도 홈페이지를 통해 공시제를 운영하는 두가지 방안을 검토 중인 것으로 알려졌다. 하지만 경영계에서는 공시제 의무화가 자칫 경영 활동을 위축하고 ‘나쁜 기업 낙인찍기’가 될 수 있다는 우려의 목소리도 나오고 있다.5. 100% 취창업…에티오피아 청년자립 돕는 LG- 핵심 요약: LG전자가 아프리카에서는 유일하게 한국 전쟁에 참전한 에티오피아에서 무상 직업교육을 하는 청년 자립 지원 활동을 꾸준히 펼치고 있다. LG 전자는 9일 (현지 시간) 에티오피아 수도 아디스아바바에 있는 ‘LG-KOICA(한국국제협력단) 희망직업훈련학교’에서 제 9회 졸업식을 개최했다는 소식을 알렸다. 2014년 설립된 이 교육기관은 한국전쟁 참전국에 대한 보은 차원에서 전기전자·IT 분야 무상 교육을 제공하고 있다. 졸업생들은 두바이, 케냐, 남아프리카공화국 등 LG전자 해외법인과 현지 기업체에서 근무하며 글로벌 인재로 성장하고 있다. 한편 이 교육기관은 2020년 에티오피아 정부로부터 체계적 교육 과정을 인정 받아 직업훈련학교 우수 사례로 선정되기도 했다.6. 폭염 탓에 7월 먹거리 물가 3.5% 껑충…1년 만에 최고- 핵심 요약: 지난달 쌀과 라면, 고등어 등 서민 식탁에 자주 오르는 주요 품목 가격이 크게 뛰며 먹거리 물가가 1년 만에 가장 높은 상승률을 기록했다. 올들어 주요 식료품 물가가 고공행진 하면서 올해 연간 물가상승률이 2% 대를 넘길 수 있다는 전망이 나오고 있다. 11일 통계청 국가통계포털에 따르면 7월 식료품 및 비주류음료 물가지수는 전년 동기 3.5% 상승해 지난해 이후 1년 만에 가장 높은 수준을 보였다. 폭염과 폭우 등 이상기온으로 농수산물 생산 차질에 가공식품 출고가 인상 등이 줄줄이 반영된 결과이다. 품목별로는 어류·수산물 가격 상승폭이 7.2%로 가장 크며 두 달 연속 7%대 상승률을 보이며 2023년 7월 이후 2년만의 최고치를 기록했다.[자주 묻는 질문]Q. KT의 AI 투자 확대가 취준생에게 어떤 기회를 제공하나요?A. AI 모델 개발과 플랫폼 사업 확대로 기술 인력 채용이 크게 늘어날 전망입니다. KT가 하반기 독자 개발 ‘AI 믿음 2.0’과 MS 공동 개발 ‘GPT-K’ 등 멀티모델 전략을 추진하면서 AI 개발자, 데이터 사이언티스트, 클라우드 엔지니어 등 다양한 기술 직군에서 신입 채용을 확대할 예정입니다. 특히 팔란티어와의 협업으로 AI 플랫폼 서비스 출시가 예정되어 있어 관련 분야 경험이 있는 취준생들에게 유리한 환경이 조성되고 있습니다.Q. AI 스타트업 취업을 위해 어떤 준비를 해야 할까요?A. 전 세계 AI 스타트업 1300곳 이상이 기업가치 1억 달러를 넘어서며 채용 기회가 폭증했습니다. 2023년 이후 설립된 AI 유니콘 기업이 100곳에 달해 초기 스타트업 합류 기회도 많아졌습니다. 특히 실리콘밸리가 350억 달러 이상 벤처 자금을 조달하며 글로벌 진출 기회도 확대되고 있어 영어 능력과 함께 머신러닝, 딥러닝 등 AI 기술 역량을 집중적으로 개발하는 것이 중요합니다.[취준생 핵심 체크포인트]✓ AI 기술 역량 집중 개발: 머신러닝·딥러닝 온라인 강의 수강하고 파이썬·텐서플로우 등 필수 도구 학습 완료✓ 통신업계 AI 사업 확장 준비: KT·SKT·LGU+ 등 통신 3사의 AI 신사업 발표 내용 정리하고 관련 직무 요구사항 사전 조사✓ 글로벌 AI 스타트업 트렌드 추적: CB인사이트·크런치베이스 등 플랫폼으로 유니콘 기업 성장 과정 분석하고 채용 동향 파악✓ 데이터 분석 포트폴리오 구축: 공개 데이터셋 활용해 투자 분석이나 시장 예측 프로젝트 최소 3개 완성[키워드 TOP 5]액티브 ETF 급성장, KT AI 투자 확대, AI 유니콘 498곳, 금융권 채용 증가, 글로벌 스타트업 기회, AI PRISM, AI 프리즘&#160;2025년 8월12일(화) 1면 언박싱 [ON AIR 서울경제]"
https://n.news.naver.com/mnews/article/015/0005169588?sid=101,2025-08-12 08:51:14,경제,"다보링크, 미국 팩션 네트웍스와 협업…미국 AP 시장 진출 본격화","국내 네트워크 장비 기업 다보링크가 미국 팩션 네트웍스(Faction Networks)와 협업을 시작했다고 12일 밝혔다.팩션 네트웍스는 제로 트러스트, 사이버 보안, 네트워킹, 디지털 미디어, 개인정보 보호 분야 등 보안사업을 영위하고 있는 미국기업으로, 회사 대표인 데이브 랜드와 임직원은 30년간 미국에서 네트워킹, 개인정보 보호, 사이버 보안 분야 제품과 특허를 개발해 왔다. 최근 정보보안에 대해 미국의 제재가 강화되면서 중국을 제외한 기업과 협업을 진행하고 있다.또한 미국 내 반도체 생태계와 제조기반 재건을 위해 Schumer 상원의원, 뉴욕주 관련기관인 GO SEMI/NY CREATES와 협력하고 있고, 미국 국방부, 공군 보안관련 Griffiss 등 국방관련 보안기관과 인증/시험전문기관인 AIS/Quanterion/ORION과 국방, 정부기관, 민간분야까지 사이버 보안이 필수적으로 확대할 수 있도록 협업하고 있다. 국가 사이버 보안 멤버인 Kevin Cramer 상원의원과 자문기구 의장 Philip Niedermair와 미국 내 사이버 보안 정책에도 깊게 협력하고 있다.최근 미국 연방통신위원회(FCC)는 보안 우려를 이유로 TP-LINK를 포함한 일부 중국 기업들의 통신 장비에 대한 판매 금지를 검토 중인 것으로 알려졌다. 이로 인해 미국 시장에서 TP-LINK 제품의 판매 및 유통이 위축되면서, 신뢰할 수 있는 대안을 찾는 수요가 증가하고 있다.이에 다보링크는 미국 시장의 요구사항에 맞춰 고성능, 고신뢰성 AP 제품을 개발에 집중해 왔으며, 미국의 까다로운 보안 기준을 충족시키기 위해 보안 관련 기술을 강화하고, 최신 Wi-Fi 7 기술을 적용하는 등 기술력 향상에 모든 역량을 집중했다고 전했다.팩션 네트웍스 관계자는 “다보링크는 오랜 기간 동안 한국시장에서 SKT, KT, LGU+ 등 주요 통신사와 협력하며 우수한 기술력과 안정성을 검증받았다. 특히, Wi-Fi 6E, Wi-Fi 7 등 최신 기술을 적용해 시장 트렌드에 발맞추고 있다”며, “미국 정부가 중국 기업을 제재하는 주요 원인 중 하나가 ‘보안 문제’인 만큼 신뢰성과 투명한 기술 개발 과정을 통해 보안 위협으로부터 자유로운 제품을 제공받을 것으로 기대한다”고 말했다.다보링크 관계자도 “미국 파트너에게 다보링크의 기술력과 제품의 우수성을 알리고자 노력했다. 이번 미국 파트너와의 협업을 통해 다보링크는 글로벌 네트워크 장비 시장의 새로운 강자로 도약할 계기를 마련했다”며 “다보링크의 판매가 국내에 국한되어 있었는데, 국내판매량 이상의 수출을 만들어 낼 계획이며, 미국 현지에서도 생산이 가능하도록 협업을 이어가겠다”고 전했다.한경닷컴 뉴스룸 open@hankyung.com"
https://n.news.naver.com/mnews/article/277/0005635915?sid=105,2025-08-12 09:00:00,IT/과학,"""대전 찾은 LG U+ 고객, 선물 받아가세요""…소상공인 상생 프로모션","LG U+ 매장 방문하면 성심당 빵 보관 쿠폰 증정소상공인 매장과 협업해 스탬프 투어성심당 생귤시루·한화이글스 관람권 등 추첨LG유플러스는 대전을 방문한 관광객들에게 여행 편의와 선물을 증정하는 프로모션을 진행한다고 12일 밝혔다. 지역 소상공인과 유플러스 매장이 상생하는 문화를 확산하기 위한 차원이다.8월 한 달 동안 진행되는 프로모션 기간 대전 은행동을 방문한 고객은 성심당에서 구매한 빵을 무료로 보관할 수 있고, 지역 80여개 매장을 방문해 스탬프를 적립하면 경품을 받을 수 있다.LG유플러스는 대전을 방문한 관광객들에게 여행 편의와 선물을 증정하는 프로모션을 진행한다고 12일 밝혔다. 대전 지역 LG유플러스 매장에서 임직원이 프로모션을 안내하고 있다. LG유플러스 제공우선 오는 16일까지 대전 지역 LG유플러스 매장에 방문한 뒤 친구맺기를 한 고객은 대전 지역에서 구매한 빵·케이크 등을 보관해주는 '으능이랑 성심이랑 상생센터' 4시간 무료 쿠폰을 받을 수 있다. 이 쿠폰은 LG유플러스 고객뿐 아니라 통신사 관계없이 누구나 쓸 수 있다.대전 은행동 인근 80여곳의 소상공인과 협업한 '스탬프 투어'도 8월31일까지 진행된다. 프로모션 기간 내 '상생매장' 스티커가 부착된 소상공인 매장을 방문한 고객은 종이 스탬프를 받을 수 있다.프로모션 기간 중 하루 3개 이상의 스탬프를 적립한 고객은 성심당 굿즈와 LG유플러스의 대표 캐릭터인 '무너 굿즈' 중 하나를 랜덤으로 받을 수 있다. 스탬프 투어 프로모션이 종료된 이후에는 참여 고객 전원을 대상으로 추첨을 통해 선정된 1명에게 프로야구 한화 이글스 홈경기 관람권 2매와 한화 이글스 굿즈 2종을 선물한다. 10명에게는 성심당 생귤시루를 증정한다.LG유플러스는 이번 프로모션을 통해 고객들이 통신 매장을 친근하게 방문할 수 있도록 유도할 방침이다. 아울러 향후 다양한 지역에서 통신 매장, 현지 소상공인과 협업해 상생 프로모션을 추진하고 해당 지역 관광객 맞춤형 혜택을 제공할 예정이다.김다림 LG유플러스 마케팅그룹 IMC담당은 ""LG유플러스가 통신사를 넘어 차별화된 고객가치를 전달하기 위해 꾸준히 변화하고 도전하고 있다""면서 ""이번 프로모션을 통해 전국 어디서든 LG유플러스 매장을 방문하면 최고의 고객 경험을 느낄 수 있었으면 좋겠다. 앞으로도 고객과 소상공인에게 도움이 되는 LG유플러스가 되기 위해 노력하겠다""고 말했다."
https://n.news.naver.com/mnews/article/014/0005390255?sid=105,2025-08-12 09:01:14,IT/과학,"""성심당 빵 보관하고 경품 받으세요"" LG U+, 대전 소상공인과 상생 프로모션 진행",대전 지역 LG유플러스 매장에서 임직원이 프로모션을 안내하고 있다. LG유플러스 제공LG유플러스가 소상공인과 유플러스 매장이 상생하는 문화를 확산하기 위한 프로젝트의 첫 순서로 대전을 방문한 관광객들에게 여행 편의와 다양한 선물을 증정하는 프로모션을 진행한다고 12일 밝혔다.8월 한 달간 진행되는 프로모션 기간 동안 대전 은행동을 방문한 고객은 대전의 명물인 ‘성심당’에서 구매한 빵을 편하게 보관할 수 있고 지역 80여개 매장을 방문해 스탬프를 적립하면 다양한 경품을 받을 수 있다.오는 16일까지 대전 지역 LG유플러스 매장에 방문한 뒤 친구맺기를 한 고객은 대전 지역에서 구매한 빵·케이크 등을 보관해주는 ‘으능이랑 성심이랑 상생센터’를 4시간 동안 무료로 이용할 수 있는 쿠폰을 받을 수 있다. LG유플러스 고객 뿐만 아니라 통신사 관계없이 누구나 사용 가능하다. 대전을 방문한 고객은 이용권을 활용해 미리 구매한 빵과 케이크를 안전하게 보관하고 편리하게 여행을 즐길 수 있다.대전 은행동 인근 80여개 소상공인과 협업한 ‘스탬프 투어’도 오는 31일까지 진행된다. 프로모션 기간 내 ‘상생매장’ 스티커가 부착된 소상공인 매장을 방문한 고객은 종이 스탬프를 받을 수 있다.프로모션 기간 중 1일에 3개 이상 스탬프를 적립한 고객은 성심당 굿즈와 LG유플러스의 대표 캐릭터인 ‘무너 굿즈’ 중 하나를 랜덤으로 받을 수 있다. 스탬프 투어 프로모션이 종료된 뒤에는 참여 고객 전원을 대상으로 추첨을 통해 선정된 1명에게 한화이글스 홈경기 관람권 2매와 한화이글스 굿즈 2종을 선물하고 10명에게는 성심당 생귤시루를 증정한다.LG유플러스는 이번 프로모션을 통해 고객들이 친숙하게 통신 매장을 방문할 수 있도록 유도할 방침이다. 누구나 부담없이 LG유플러스 매장을 방문할 수 있도록 지원함으로써 자연스럽게 서비스 접점을 늘리고 브랜드에 대한 친밀감을 높이겠다는 취지다. 실제로 LG유플러스는 전국 매장에서 통신사 관계 없이 누구나 보안 상담을 받을 수 있도록 지원하는 등 고객 접점을 확대하기 위한 노력을 이어가고 있다.향후 LG유플러스는 대전을 시작으로 다양한 지역에서 통신 매장 및 현지 소상공인과 협업해 다양한 상생 프로모션을 추진하고 해당 지역 관광객 맞춤형 혜택을 제공할 예정이다.김다림 LG유플러스 마케팅그룹 IMC담당은 “LG유플러스가 통신사를 넘어 차별화된 고객가치를 전달하기 위해 꾸준히 변화하고 도전하고 있다”며 “이번 프로모션을 통해 전국 어디서든 LG유플러스 매장을 방문하면 최고의 고객경험을 느낄 수 있었으면 좋겠다. 앞으로도 고객과 소상공인에게 도움이 되는 LG유플러스가 되기 위해 노력하겠다”고 말했다.
https://n.news.naver.com/mnews/article/016/0002513009?sid=105,2025-08-12 09:01:16,IT/과학,"“성심당 빵 무료 보관”…LGU+, 대전 소상공인과 상생 프로모션 진행","LGU+ 매장 방문하면 빵 보관소 쿠폰 증정소상공인 매장 협업한 ‘스탬프 투어’ 진행성심당 생귤시루·한화이글스 관람권 선물대전 지역 LG유플러스 매장에서 임직원이 프로모션을 안내하는 모습. [LG유플러스 제공][헤럴드경제=권제인 기자] LG유플러스가 대전을 방문한 관광객들에게 여행 편의와 다양한 선물을 증정하는 프로모션을 진행한다고 12일 밝혔다. LG유플러스는 대전을 시작으로 다양한 지역에서 소상공인과 유플러스 매장이 상생하는 프로모션을 선보일 예정이다.8월 한 달간 진행되는 프로모션 기간 동안 대전 은행동을 방문한 고객은 ‘성심당’에서 구매한 빵을 편하게 보관할 수 있고, 지역 80여 개 매장을 방문해 스탬프를 적립하면 다양한 경품을 받을 수 있다.오는 16일까지 대전 지역 LG유플러스 매장에 방문한 뒤 친구맺기를 한 고객은 대전 지역에서 구매한 빵·케이크 등을 보관해주는 ‘으능이랑 성심이랑 상생센터’를 4시간 동안 무료로 이용할 수 있는 쿠폰을 받을 수 있다. LG유플러스 고객뿐만 아니라 통신사 관계없이 누구나 사용 가능하다. 대전을 방문한 고객은 이용권을 활용해 미리 구매한 빵과 케이크를 안전하게 보관하고 편리하게 여행을 즐길 수 있다.대전 은행동 인근 80여 개 소상공인과 협업한 ‘스탬프 투어’도 오는 31일까지 진행된다. 프로모션 기간 내 ‘상생매장’ 스티커가 부착된 소상공인 매장을 방문한 고객은 종이 스탬프를 받을 수 있다.프로모션 기간 중 1일에 3개 이상 스탬프를 적립한 고객은 성심당 굿즈와 LG유플러스의 대표 캐릭터인 ‘무너 굿즈’ 중 하나를 랜덤으로 받을 수 있다. 스탬프 투어 프로모션이 종료된 이후에는 참여 고객 전원을 대상으로 추첨을 통해 선정된 1명에게 한화이글스 홈경기 관람권 2매와 한화이글스 굿즈 2종을 선물하고, 10명에게는 성심당 생귤시루를 증정한다.LG유플러스는 이번 프로모션을 통해 고객들이 친숙하게 통신 매장을 방문할 수 있도록 유도할 방침이다. 누구나 부담 없이 LG유플러스 매장을 방문할 수 있도록 지원함으로써 자연스럽게 서비스 접점을 늘리고 브랜드에 대한 친밀감을 높이겠다는 취지다. LG유플러스는 전국 매장에서 통신사 관계없이 누구나 보안 상담을 받을 수 있도록 지원하는 등 고객 접점을 확대하기 위한 노력을 이어가고 있다.향후 LG유플러스는 대전을 시작으로 다양한 지역에서 통신 매장 및 현지 소상공인과 협업해 다양한 상생 프로모션을 추진하고, 해당 지역 관광객 맞춤형 혜택을 제공할 예정이다.김다림 LG유플러스 마케팅그룹 IMC담당은 “LG유플러스가 통신사를 넘어 차별화된 고객가치를 전달하기 위해 꾸준히 변화하고 도전하고 있다”며 “이번 프로모션을 통해 전국 어디서든 LG유플러스 매장을 방문하면 최고의 고객경험을 느낄 수 있었으면 좋겠다”고 말했다."
https://n.news.naver.com/mnews/article/008/0005234616?sid=105,2025-08-12 09:01:37,IT/과학,"'성심당 케이크' 더위에 상할까 걱정된다면 ""LGU+ 매장 방문""","/사진=LG유플러스LG유플러스가 오는 16일까지 대전 지역 매장(직영점·대리점)을 방문해 친구맺기를 한 고객에게 '으능이랑 성심이랑 상생센터' 4시간 무료 이용쿠폰을 제공한다. 이는 성심당 등 대전에서 산 빵과 케이크를 보관해주는 서비스다. 이통3사 고객 누구나 사용 가능하다.더불어 대전 은행동 인근 80여개 소상공인과 협업한 '스탬프 투어'도 오는 31일까지 진행한다. '상생매장' 스티커가 부착된 소상공인 매장을 방문해 1일 3개 이상의 도장을 받은 고객은 성심당 굿즈와 LG유플러스 캐릭터인 무너 굿즈 중 하나를 무작위로 받을 수 있다. 추첨을 통해 참여자 중 1명에게 한화이글스 홈경기 관람권 2매와 한화이글스 굿즈 2종을 선물하고, 10명에게는 성심당 생귤시루를 증정한다.LG유플러스는 이번 프로모션으로 고객들이 친숙하게 통신 매장을 방문할 수 있도록 유도할 방침이다. 누구나 부담없이 LG유플러스 매장을 방문할 수 있도록 지원해 서비스 접점을 늘리고 브랜드 친밀감을 높이겠다는 취지다. 실제 LG유플러스는 전국 매장에서 통신사 관계 없이 누구나 보안 상담을 받을 수 있도록 지원한다. 대전을 시작으로 다양한 매장에서 상생 프로모션을 열 계획이다.김다림 LG유플러스 마케팅그룹 IMC담당은 ""통신사를 넘어 차별화된 고객가치를 전달하기 위해 꾸준히 변화하고 도전하고 있다""며 ""이번 프로모션을 통해 전국 어디서든 LG유플러스 매장을 방문하면 최고의 고객경험을 느낄 수 있었으면 좋겠다. 앞으로도 고객과 소상공인에게 도움이 되는 LG유플러스가 되기 위해 노력하겠다""고 말했다."
https://n.news.naver.com/mnews/article/003/0013416300?sid=105,2025-08-12 09:06:32,IT/과학,"LGU+ ""대전 성심당서 가득 산 빵 유플매장서 보관해 드려요""","대전 지역 소상공인 상생 프로모션…U+ 매장서 성심당 빵·짐 보관지역 매장과 협업해 스탬프 투어…성심당 생귤시루·한화이글스 관람권 선물[서울=뉴시스] LG유플러스가 소상공인과 유플러스 매장 간 상생 문화 조성을 위한 프로젝트를 시작했다. (사진=LGU+ 제공) *재판매 및 DB 금지[서울=뉴시스] 심지혜 기자 = LG유플러스가 대전 명물 성심당에서 구매한 빵을 자사 매장에서 무료로 보관해주는 이벤트를 진행한다.LG유플러스는 소상공인과 유플러스 매장 간 상생 문화 조성을 위한 프로젝트를 시작한다고 12일 밝혔다.첫 순서는 대전을 방문한 관광객들에게 여행 편의와 다양한 선물을 증정하는 내용으로 이달 말까지 진행한다.오는 16일까지 대전 지역 LG유플러스 매장에 방문한 뒤 친구맺기를 한 고객은 대전 지역에서 구매한 빵·케이크 등을 보관해주는 ‘으능이랑 성심이랑 상생센터’를 4시간 동안 무료로 이용할 수 있는 쿠폰을 받을 수 있다.LG유플러스 고객 뿐만 아니라 통신사 관계없이 누구나 사용 가능하다. 대전을 방문한 고객은 이용권을 활용해 미리 구매한 빵과 케이크를 보관하고, 편리하게 여행을 즐길 수 있다.대전 은행동 인근 80여개 소상공인과 협업한 ‘스탬프 투어’도 진행된다. 프로모션 기간 내 ‘상생매장’ 스티커가 부착된 소상공인 매장을 방문한 고객은 종이 스탬프를 받을 수 있다.프로모션 기간 중 1일에 3개 이상 스탬프를 적립한 고객은 성심당 굿즈와 LG유플러스의 대표 캐릭터인 ‘무너 굿즈’ 중 하나를 랜덤으로 받을 수 있다.스탬프 투어 프로모션이 종료된 이후에는 참여 고객 전원을 대상으로 추첨을 통해 선정된 1명에게 한화이글스 홈경기 관람권 2매와 한화이글스 굿즈 2종을 선물하고, 10명에게는 성심당 생귤시루를 증정한다.LG유플러스는 이번 프로모션을 통해 고객들이 친숙하게 통신 매장을 방문할 수 있도록 유도할 방침이다. 누구나 부담없이 LG유플러스 매장을 방문할 수 있도록 지원함으로써 자연스럽게 서비스 접점을 늘리고 브랜드에 대한 친밀감을 높이겠다는 취지다.김다림 LG유플러스 마케팅그룹 IMC담당은 ""이번 프로모션을 통해 전국 어디서든 LG유플러스 매장을 방문하면 최고의 고객경험을 느낄 수 있었으면 좋겠다""고 말했다."
https://n.news.naver.com/mnews/article/421/0008423120?sid=105,2025-08-12 09:13:26,IT/과학,"LGU+, 대전 소상공인과 상생 프로모션","LG유플러스가 소상공인과 유플러스 매장이 상생하는 문화 확산을 위한 프로젝트 첫 순서로 대전을 방문한 관광객들에게 여행 편의와 다양한 선물을 증정하는 프로모션을 진행한다고 12일 밝혔다. 사진은 대전 지역 LG유플러스 매장에서 임직원이 프로모션을 안내하는 모습. (LGU+ 제공)(서울=뉴스1) 이기범 기자 = LG유플러스(032640)가 대전 지역 소상공인과 협업해 상생 프로모션을 진행한다고 12일 밝혔다.8월 한 달간 진행되는 이번 프로모션 기간 대전 은행동을 방문한 고객은 대전의 유명 빵집 '성심당'에서 산 빵을 편하게 보관할 수 있고, 지역 80여개 매장을 방문해 스탬프를 적립하면 다양한 경품을 받을 수 있다.오는 16일까지 대전 지역 LG유플러스 매장에 방문한 뒤 친구맺기를 한 고객은 대전 지역에서 구매한 빵이나 케이크를 보관해 주는 '으능이랑 성심이랑 상생센터'를 4시간 동안 무료로 이용할 수 있는 쿠폰을 받을 수 있다. LG유플러스뿐만 아니라 다른 통신사 고객도 사용할 수 있다.대전 은행동 인근 80여개 소상공인과 협업한 '스탬프 투어'도 오는 31일까지 진행된다. '상생매장' 스티커가 부착된 매장을 방문한 고객은 종이 스탬프를 받을 수 있으며, 하루 3개 이상 스탬프를 적립한 고객은 성심당 굿즈와 LG유플러스의 대표 캐릭터인 '무너 굿즈' 중 하나를 받을 수 있다.스탬프 투어 프로모션 종료 이후엔 참여 고객 전원을 대상으로 추첨을 통해 '한화이글스 홈경기 관람권 2매와 한화이글스 굿즈 2종'(1명), '성심당 생귤시루'(10명)를 증정한다.LG유플러스는 이번 프로모션을 통해 매장 방문을 유도하고 서비스 접점을 확대할 방침이다.앞으로 LG유플러스는 대전을 시작으로 다양한 지역에서 통신 매장 및 현지 소상공인과 협업해 다양한 상생 프로모션을 추진할 예정이다."
https://n.news.naver.com/mnews/article/119/0002990003?sid=105,2025-08-12 09:22:09,IT/과학,"LG U+, 대전 지역 소상공인과 상생 프로모션","매장 방문 시 성심당 빵·짐 보관소 ‘으능이랑 성심이랑 상생센터’ 쿠폰 증정대전 지역 LG유플러스 매장에서 임직원이 프로모션을 안내하는 모습.ⓒLG유플러스[데일리안 = 조인영 기자] LG유플러스는 소상공인과 유플러스 매장이 상생하는 문화를 확산하기 위한 프로젝트의 첫 순서로 대전을 방문한 관광객들에게 여행 편의와 다양한 선물을 증정하는 프로모션을 진행한다고 12일 밝혔다.8월 한 달간 진행되는 프로모션 기간 동안 대전 은행동을 방문한 고객은 대전의 명물인 ‘성심당’에서 구매한 빵을 편하게 보관할 수 있고, 지역 80여개 매장을 방문해 스탬프를 적립하면 다양한 경품을 받을 수 있다.구체적으로 오는 16일까지 대전 지역 LG유플러스 매장에 방문한 뒤 친구맺기를 한 고객은 대전 지역에서 구매한 빵·케이크 등을 보관해주는 ‘으능이랑 성심이랑 상생센터’를 4시간 동안 무료로 이용할 수 있는 쿠폰을 받을 수 있다.LG유플러스 고객 뿐만 아니라 통신사 관계없이 누구나 사용 가능하다. 대전을 방문한 고객은 이용권을 활용해 미리 구매한 빵과 케이크를 안전하게 보관하고, 편리하게 여행을 즐길 수 있다.대전 은행동 인근 80여개 소상공인과 협업한 ‘스탬프 투어’도 8월 31일까지 진행된다. 프로모션 기간 내 ‘상생매장’ 스티커가 부착된 소상공인 매장을 방문한 고객은 종이 스탬프를 받을 수 있다.프로모션 기간 중 1일에 3개 이상 스탬프를 적립한 고객은 성심당 굿즈와 LG유플러스의 대표 캐릭터인 ‘무너 굿즈’ 중 하나를 랜덤으로 받을 수 있다. 스탬프 투어 프로모션이 종료된 이후에는 참여 고객 전원을 대상으로 추첨을 통해 선정된 1명에게 한화이글스 홈경기 관람권 2매와 한화이글스 굿즈 2종을 선물하고, 10명에게는 성심당 생귤시루를 증정한다.LG유플러스는 이번 프로모션을 통해 고객들이 친숙하게 통신 매장을 방문할 수 있도록 유도할 방침이다. 누구나 부담없이 LG유플러스 매장을 방문할 수 있도록 지원함으로써 자연스럽게 서비스 접점을 늘리고 브랜드에 대한 친밀감을 높이겠다는 취지다.실제로 LG유플러스는 전국 매장에서 통신사 관계 없이 누구나 보안 상담을 받을 수 있도록 지원하는 등 고객 접점을 확대하기 위한 노력을 이어가고 있다.향후 LG유플러스는 대전을 시작으로 다양한 지역에서 통신 매장 및 현지 소상공인과 협업해 다양한 상생 프로모션을 추진하고, 해당 지역 관광객 맞춤형 혜택을 제공할 예정이다.김다림 LG유플러스 마케팅그룹 IMC담당은 “LG유플러스가 통신사를 넘어 차별화된 고객가치를 전달하기 위해 꾸준히 변화하고 도전하고 있다”며 “이번 프로모션을 통해 전국 어디서든 LG유플러스 매장을 방문하면 최고의 고객경험을 느낄 수 있었으면 좋겠다. 앞으로도 고객과 소상공인에게 도움이 되는 LG유플러스가 되기 위해 노력하겠다”고 말했다."
https://n.news.naver.com/mnews/article/031/0000956374?sid=105,2025-08-12 09:37:06,IT/과학,"""성심당 빵 맡아드려요""⋯LGU+, 소상공인 상생 프로모션 전개","빵·짐 보관소 '으능이랑 성심이랑 상생센터' 4시간 무료 쿠폰 증정LG유플러스(대표 홍범식)는 소상공인과 유플러스 매장 간 상생 문화 확산 프로젝트 첫 순서로 대전 방문 관광객에게 여행 편의와 다양한 선물을 증정한다고 12일 밝혔다.LG유플러스 대전 지역 매장에서 임직원이 프로모션을 안내하는 모습. [사진=LGU+]오는 16일까지 대전 지역 LG유플러스 매장에 방문한 뒤 친구맺기를 한 소비자는 대전 지역에서 구매한 빵·케이크 등을 보관해주는 '으능이랑 성심이랑 상생센터'를 4시간 동안 무료로 이용할 수 있는 쿠폰을 받는다. 통신사 관계없이 누구나 사용 가능하다.대전 은행동 인근 80여개 소상공인과 협업한 스탬프 투어도 오는 31일까지 진행된다. 프로모션 기간 내 상생매장 스티커가 부착된 소상공인 매장을 방문한 소비자는 종이 스탬프를 받을 수 있다.프로모션 기간 중 1일에 3개 이상 스탬프를 적립한 소비자는 성심당 굿즈와 LG유플러스의 대표 캐릭터인 무너 굿즈 중 하나를 랜덤으로 받을 수 있다. 스탬프 투어 프로모션이 종료된 이후에는 참여자 전원을 대상으로 추첨을 통해 1명에게 한화이글스 홈경기 관람권 2매와 한화이글스 굿즈 2종을 선물한다. 10명에게는 성심당 생귤시루를 증정한다.LG유플러스는 프로모션을 통해 고객들이 친숙하게 통신 매장을 방문할 수 있도록 유도할 방침이다. 누구나 부담없이 LG유플러스 매장을 방문할 수 있도록 지원함으로써 서비스 접점을 늘리고 브랜드에 대한 친밀감을 높이겠다는 취지다.김다림 LG유플러스 마케팅그룹 IMC담당은 ""LG유플러스가 통신사를 넘어 차별화된 고객가치를 전달하기 위해 꾸준히 변화하고 도전하고 있다""며 ""고객과 소상공인에게 도움이 되는 LG유플러스가 되기 위해 노력하겠다""고 말했다."
https://n.news.naver.com/mnews/article/092/0002385791?sid=105,2025-08-12 09:37:09,IT/과학,"LGU+ ""대전 여행하고 선물도 받아가세요""","LG유플러스 매장 방문 시 성심당 빵, 짐 보관소 쿠폰 증정LG유플러스가 대전을 방문한 관광객들에게 여행 편의와 다양한 선물을 증정하는 프로모션을 진행한다고 12일 밝혔다. 소상공인과 유플러스 매장이 상생하는 문화를 확산하기 위한 프로젝트의 일환이자 첫 시작이다.8월 한 달간 진행되는 프로모션 기간 동안 대전 은행동을 들린 방문객은 대전의 명물인 ‘성심당’에서 구매한 빵을 편하게 보관할 수 있고, 지역 80여개 매장을 방문해 스탬프를 적립하면 다양한 경품을 받을 수 있다.LG유플러스는 오는 16일까지 대전 지역 LG유플러스 매장에 방문한 뒤 친구맺기를 한 방문객에게 대전 지역에서 구매한 빵·케이크 등을 보관해주는 ‘으능이랑 성심이랑 상생센터’를 4시간 동안 무료로 이용할 수 있는 쿠폰을 받을 수 있다. LG유플러스 가입자뿐만 아니라 통신사 관계없이 누구나 사용 가능하다.대전 은행동 인근 80여개 소상공인과 협업한 ‘스탬프 투어’도 8월 31일까지 진행된다. 프로모션 기간 내 ‘상생매장’ 스티커가 부착된 소상공인 매장을 들린 방문객은 종이 스탬프를 받을 수 있다.프로모션 기간 중 1일에 3개 이상 스탬프를 적립한 가입자는 성심당 굿즈와 LG유플러스의 대표 캐릭터인 ‘무너 굿즈’ 중 하나를 랜덤으로 받을 수 있다. 스탬프 투어 프로모션이 종료된 이후에는 참여자 전원을 대상으로 추첨을 통해 선정된 1명에게 한화이글스 홈경기 관람권 2매와 한화이글스 굿즈 2종을 선물하고, 10명에게는 성심당 생귤시루를 증정한다.LG유플러스는 이번 프로모션을 통해 대전 방문객들이 친숙하게 통신 매장을 방문할 수 있도록 유도할 방침이다. 누구나 부담없이 LG유플러스 매장을 방문할 수 있도록 지원함으로써 자연스럽게 서비스 접점을 늘리고 브랜드에 대한 친밀감을 높이겠다는 취지다. 실제로 LG유플러스는 전국 매장에서 통신사 관계없이 누구나 보안 상담을 받을 수 있도록 지원하는 등 가입자 접점을 확대하기 위한 노력을 이어가고 있다.향후 LG유플러스는 대전을 시작으로 다양한 지역에서 통신 매장 및 현지 소상공인과 협업해 다양한 상생 프로모션을 추진하고, 해당 지역 관광객 맞춤형 혜택을 제공할 예정이다.김다림 LG유플러스 마케팅그룹 IMC담당은 “LG유플러스가 통신사를 넘어 차별화된 가입자가치를 전달하기 위해 꾸준히 변화하고 도전하고 있다”며 “이번 프로모션을 통해 전국 어디서든 LG유플러스 매장을 방문하면 최고의 가입자경험을 느낄 수 있었으면 좋겠다”고 말했다."
https://n.news.naver.com/mnews/article/014/0005390312?sid=101,2025-08-12 09:40:12,경제,"다보링크, 美 팩션 네트웍스와 협업 ""현지 AP 시장 진출 본격화""","다보링크 제공.[파이낸셜뉴스] 통신 및 방송 장비 제조 전문기업 다보링크는 미국 보안사업 전문기업 팩션 네트웍스(Faction Networks)와 협업한다고 12일 밝혔다.팩션 네트웍스는 제로 트러스트, 사이버 보안, 네트워킹, 디지털 미디어, 개인정보 보호 분야 사업 등을 영위하고 있다. 데이브 랜드 대표와 임직원은 네트워킹, 개인정보 보호, 사이버 보안 분야에서 30년간 성공적인 제품과 특허를 개발해 왔다. 최근 정보보안에 대해 미국의 제재가 강화되면서 중국을 제외한 기업과 협업을 진행하고 있다.이 회사는 미국 내 반도체 생태계와 제조기반 재건을 위해 슈머(Schumer) 상원의원, 뉴욕주 관련기관 GO SEMI, NY CREATES와 협력하고 있다.또 미국 국방부, 공군 보안관련 Griffiss 등 국방관련 보안기관과 인증, 시험전문기관인 AIS, Quanterion, ORION 등과 긴밀히 협업해 국방, 정부기관은 물론 민간분야까지 사이버 보안이 필수적으로 확대할 수 있도록 노력하고 있다. 팩션 네트웍스는 국가 사이버 보안 멤버인 케빈 크레이머(Kevin Cramer) 상원의원과 자문기구의 의장 필립 니더마이어(Philip Niedermair)와 미국 내 사이버 보안 정책에 깊게 협력하고 있다.최근 미국 연방통신위원회(FCC)는 보안 우려를 이유로 TP-LINK를 포함한 일부 중국 기업들의 통신 장비에 대한 판매 금지를 검토 중인 것으로 알려졌다. 이로 인해 미국 시장에서 TP-LINK 제품의 판매 및 유통이 위축되면서 신뢰할 수 있는 대안을 찾는 수요가 급증하고 있다.다보링크는 미국 시장의 요구사항에 맞춰 고성능, 고신뢰성 AP 제품을 개발하기 위해 연구를 진행했다. 미국의 까다로운 보안 기준을 충족시키기 위해 보안 관련 기술을 강화하고 최신 Wi-Fi 7 기술을 선도적으로 적용하는 등 기술력 향상에 모든 역량을 집중했다고 회사측은 설명했다.팩션 네트웍스 관계자는 ""다보링크는 오랜 기간 동안 한국시장에서 SKT, KT, LGU+ 등 주요 통신사와 협력하며 우수한 기술력과 안정성을 검증받았다”며 “특히 Wi-Fi 6E, Wi-Fi 7 등 최신 기술을 적용해 시장 트렌드에 발맞추고 있다""고 말했다. 그는 ""미국 정부가 중국 기업을 제재하는 주요 원인 중 하나가 '보안 문제'인 만큼 신뢰성과 투명한 기술 개발 과정을 통해 보안 위협으로부터 자유로운 제품을 제공받을 것으로 기대한다""고 덧붙였다.다보링크 관계자도 ""미국 파트너에게 다보링크의 기술력과 제품의 우수성을 알리고자 노력했다”며 “이번 미국 파트너와의 협업을 통해 자사는 글로벌 네트워크 장비 시장의 새로운 강자로 도약할 계기를 마련했다”고 말했다. 그는 ""다보링크의 판매가 국내에 국한되어 있었는데 국내 판매량 이상의 수출을 만들어 낼 계획이며 미국 현지에서도 생산이 가능하도록 협업을 이어가겠다""고 덧붙였다.#다보링크 #팩션네트웍스"
https://n.news.naver.com/mnews/article/018/0006087849?sid=101,2025-08-12 09:49:07,경제,"다보링크, 美 팩션네트웍스와 협업…""현지 AP시장 진출""","[이데일리 신하연 기자] 통신 및 방송 장비 제조 전문기업 다보링크(340360)는 미국 보안사업 전문기업 팩션 네트웍스(Faction Networks)와 협업한다고 12일 밝혔다.팩션 네트웍스는 제로 트러스트, 사이버 보안, 네트워킹, 디지털 미디어, 개인정보 보호 분야 사업 등을 영위하고 있다. 데이브 랜드 대표와 임직원은 네트워킹, 개인정보 보호, 사이버 보안 분야에서 30년간 성공적인 제품과 특허를 개발해 왔다. 최근 정보보안에 대해 미국의 제재가 강화되면서 중국을 제외한 기업과 협업을 진행하고 있다.특히 미국 내 반도체 생태계와 제조기반 재건을 위해 슈머(Schumer) 상원의원, 뉴욕주 관련기관 GO SEMI, NY CREATES와 협력하고 있다. 또 미국 국방부, 공군 보안관련 Griffiss 등 국방관련 보안기관과 인증, 시험전문기관인 AIS, Quanterion, ORION 등과 긴밀히 협업해 국방, 정부기관은 물론 민간분야까지 사이버 보안이 필수적으로 확대할 수 있도록 노력하고 있다.이 외에도 국가 사이버 보안 멤버인 케빈 크레이머(Kevin Cramer) 상원의원과 자문기구의 의장 필립 니더마이어(Philip Niedermair)와 미국 내 사이버 보안 정책에 깊게 협력하고 있다.최근 미국 연방통신위원회(FCC)는 보안 우려를 이유로 TP-LINK를 포함한 일부 중국 기업들의 통신 장비에 대한 판매 금지를 검토 중인 것으로 알려졌다. 이로 인해 미국 시장에서 TP-LINK 제품의 판매 및 유통이 위축되면서 신뢰할 수 있는 대안을 찾는 수요가 급증하고 있다.다보링크는 미국 시장의 요구사항에 맞춰 고성능, 고신뢰성 AP 제품을 개발하기 위해 연구를 진행했다. 미국의 까다로운 보안 기준을 충족시키기 위해 보안 관련 기술을 강화하고 최신 Wi-Fi 7 기술을 선도적으로 적용하는 등 기술력 향상에 모든 역량을 집중했다고 회사측은 설명했다.팩션 네트웍스 관계자는 “다보링크는 오랜 기간 동안 한국시장에서 SKT, KT, LGU+ 등 주요 통신사와 협력하며 우수한 기술력과 안정성을 검증받았다”며 “특히 Wi-Fi 6E, Wi-Fi 7 등 최신 기술을 적용해 시장 트렌드에 발맞추고 있다”고 말했다. 그는 “미국 정부가 중국 기업을 제재하는 주요 원인 중 하나가 ‘보안 문제’인 만큼 신뢰성과 투명한 기술 개발 과정을 통해 보안 위협으로부터 자유로운 제품을 제공받을 것으로 기대한다”고 덧붙였다.다보링크 관계자는 “이번 미국 파트너와의 협업을 통해 자사는 글로벌 네트워크 장비 시장의 새로운 강자로 도약할 계기를 마련했다”며 “다보링크의 판매가 국내에 국한되어 있었는데 국내 판매량 이상의 수출을 만들어 낼 계획이며 미국 현지에서도 생산이 가능하도록 협업을 이어가겠다”고 말했다."
https://n.news.naver.com/mnews/article/138/0002202550?sid=105,2025-08-12 09:54:20,IT/과학,"“성심당 빵 보관하러 오세요”...LGU+, 지역 소상공인과 상생 행사","대전 지역 LG유플러스 매장에서 임직원이 프로모션을 안내하는 모습.[ⓒLG유플러스][디지털데일리 오병훈기자] LG유플러스가 소상공인과 함께 휴가철 여행객 대상 행사를 준비했다.LG유플러스(대표 홍범식)는 소상공인과 유플러스 매장이 상생하는 문화를 확산하기 위한 프로젝트 첫 순서로 대전을 방문한 관광객들에게 여행 편의와 다양한 선물을 증정하는 행사를 진행한다고 12일 밝혔다.8월 한달간 진행되는 행사 기간 동안 대전 은행동 방문자는 ‘성심당’에서 구매한 빵을 편하게 보관할 수 있고, 지역 80여개 매장을 방문해 스탬프를 적립하면 다양한 경품을 받을 수 있다.먼저, 오는 16일까지 대전 지역 LG유플러스 매장에 방문한 뒤 친구맺기를 한 이용자는 대전 지역에서 구매한 빵·케이크 등을 보관해주는 ‘으능이랑 성심이랑 상생센터’를 4시간 동안 무료로 이용할 수 있는 쿠폰을 받을 수 있다. LG유플러스 가입자 뿐 아니라 통신사 관계없이 누구나 사용 가능하다. 이용권을 활용해 미리 구매한 빵과 케이크를 안전하게 보관하고, 편리하게 여행을 즐길 수 있다.대전 은행동 인근 80여개 소상공인과 협업한 ‘스탬프 투어’도 8월 31일까지 진행된다. 행사 기간 내 ‘상생매장’ 스티커가 부착된 소상공인 매장을 방문한 이용자는 종이 스탬프를 받을 수 있다.행사 기간 중 1일 3개 이상 스탬프를 적립한 가입자는 성심당 굿즈와 LG유플러스 대표 캐릭터 ‘무너 굿즈’ 중 하나를 랜덤으로 받을 수 있다. 스탬프 투어 행사가 종료된 이후에는 참여 가입자 전원을 대상으로 추첨을 통해 선정된 1명에게 한화이글스 홈경기 관람권 2매와 한화이글스 굿즈 2종을 선물하고, 10명에게는 성심당 생귤시루를 증정한다.LG유플러스는 이번 행사를 통해 고객들이 친숙하게 통신 매장을 방문할 수 있도록 유도할 방침이다. 누구나 부담없이 LG유플러스 매장을 방문할 수 있도록 지원함으로써 자연스럽게 서비스 접점을 늘리고 브랜드에 대한 친밀감을 높이겠다는 취지다. 실제로 LG유플러스는 전국 매장에서 통신사 관계 없이 누구나 보안 상담을 받을 수 있도록 지원하는 등 고객 접점을 확대하기 위한 노력을 이어가고 있다.향후 LG유플러스는 대전을 시작으로 다양한 지역에서 통신 매장 및 현지 소상공인과 협업해 다양한 상생 행사를 추진하고, 해당 지역 관광객 맞춤형 혜택을 제공할 예정이다.김다림 LG유플러스 마케팅그룹 IMC담당은 “LG유플러스가 통신사를 넘어 차별화된 고객가치를 전달하기 위해 꾸준히 변화하고 도전하고 있다”며 “앞으로도 가입자와 소상공인에게 도움이 되는 LG유플러스가 되기 위해 노력하겠다”고 말했다."
https://n.news.naver.com/mnews/article/117/0003975253?sid=105,2025-08-12 10:21:07,IT/과학,"‘해킹’에 희비 갈린 통신 3사 실적…SKT ‘울고’, KT·LGU+ 웃었다","KT, 분기 영업익 1조 돌파… LGU+, 가입자 증가 호실적SKT, 해킹 후 106만명 이탈… 보안 투자·AI 신사업 병행서울 시내 통신 3사 대리점. /뉴시스[마이데일리 = 박성규 기자] 통신 3사가 올해 2분기 ‘해킹’ 이슈로 실적 희비가 엇갈렸다. SK텔레콤이 대규모 해킹 사고로 가입자와 수익이 급감한 반면, KT와 LG유플러스는 반사이익을 톡톡히 누리며 실적 격차가 벌어졌다.12일 통신업계에 따르면 SK텔레콤의 영업이익은 3383억원으로 37.1% 감소하며 3사 중 유일하게 역성장했다. 반면 KT는 105.4% 급증한 1조148억원을 기록, 분기 기준 첫 1조원대 영업이익을 달성했다. LG유플러스도 19.9% 증가한 3045억원으로 견조한 흐름을 이어갔다.SK텔레콤은 4월 발생한 해킹 사고로 무선 가입자가 한 분기 만에 106만명 순감했다. 점유율도 40% 밑으로 떨어졌다. 유심 무료 교체, 대리점 보상, 요금 50% 인하 등 후속 조치로 영업비용이 2조8840억원으로 5.2% 증가했다. 과기정통부의 보안 강화 명령과 과태료 부과, 향후 5년간 7000억원 규모의 보안 투자 계획까지 더해지며 재무 부담이 커졌다.서울 시내 통신 3사 대리점. /뉴시스반면 KT와 LG유플러스는 SK텔레콤 이탈 수요를 흡수했다. KT는 같은 기간 104만6000명, LG유플러스는 84만2000명의 가입자를 새로 확보했다. KT의 호실적은 가입자 증가 외에도 부동산과 클라우드 부문이 견인했다.자회사 KT에스테이트는 서울 광진구 롯데이스트폴아파트 분양으로 3900억원의 영업이익을 올렸고, KT클라우드는 AI 데이터센터와 클라우드 매출이 23% 증가했다. 그룹 계열사 기여 영업이익은 5461억원으로 1년 새 4배로 뛰었다. 지난해 구조조정에 따른 인건비 절감과 임단협 일정 변경도 수익성 개선에 힘을 보탰다.AI 신사업은 3사 모두 성장세를 이어갔다. SK텔레콤은 AI 데이터센터와 AIX 매출이 각각 13.3%, 15.3% 늘었고, AI 비서 ‘에이닷’ 가입자가 1000만명을 돌파했다. KT의 AI·IT 사업 매출은 3176억원으로 13.8% 증가했고, LG유플러스는 데이터센터(IDC) 매출이 963억원으로 5% 늘었다.통신업계 관계자는 “이번 실적은 해킹이라는 돌발 변수가 시장 판도를 단기간에 바꿀 수 있음을 보여줬다”며 “3사 모두 보안 신뢰성 강화와 AI·인프라 신사업 확대를 병행하는 전략이 향후 경쟁의 핵심이 될 것”이라고 말했다."
https://n.news.naver.com/mnews/article/016/0002513293?sid=105,2025-08-12 11:44:11,IT/과학,"LGU+, 대전 지역 소상공인과 상생 프로모션","매장 방문땐 빵 보관소 쿠폰 증정소상공인 매장 협업 ‘스탬프 투어’대전 지역 한 LG유플러스 매장에서 직원이 프로모션을 안내하고 있다. [LG유플러스 제공]LG유플러스는 대전을 방문한 관광객들에게 여행 편의와 다양한 선물을 증정하는 프로모션을 진행한다고 12일 밝혔다. LG유플러스는 대전을 시작으로 다양한 지역에서 소상공인과 유플러스 매장이 상생하는 프로모션을 선보일 예정이다.이달 한 달간 진행되는 프로모션 기간 동안 대전 중구 은행동을 방문한 고객은 ‘성심당’에서 구매한 빵을 편하게 보관할 수 있고, 지역 80여 개 매장을 방문해 스탬프를 적립하면 다양한 경품을 받을 수 있다.오는 16일까지 대전 지역 LG유플러스 매장에 방문한 뒤 친구맺기를 한 고객은 대전 지역에서 구매한 빵·케이크 등을 보관해주는 ‘으능이랑 성심이랑 상생센터’를 4시간 동안 무료로 이용할 수 있는 쿠폰을 받을 수 있다. LG유플러스 고객뿐만 아니라 통신사 관계없이 누구나 사용 가능하다. 대전을 방문한 고객은 이용권을 활용해 미리 구매한 빵과 케이크를 안전하게 보관하고 편리하게 여행을 즐길 수 있다.은행동 인근 80여 개 소상공인과 협업한 ‘스탬프 투어’도 오는 31일까지 진행된다. 프로모션 기간 내 ‘상생매장’ 스티커가 부착된 소상공인 매장을 방문한 고객은 종이 스탬프를 받을 수 있다.프로모션 기간 중 1일에 3개 이상 스탬프를 적립한 고객은 성심당 굿즈와 LG유플러스의 대표 캐릭터인 ‘무너 굿즈’ 중 하나를 랜덤으로 받을 수 있다. 스탬프 투어 프로모션이 종료된 이후에는 참여 고객 전원을 대상으로 추첨을 통해 선정된 1명에게 프로야구 한화이글스 홈경기 관람권 2매와 한화이글스 굿즈 2종을 선물하고, 10명에게는 성심당 생귤시루를 증정한다.LG유플러스는 이번 프로모션을 통해 고객이 친숙하게 통신 매장을 방문할 수 있도록 유도할 방침이다. 누구나 부담 없이 LG유플러스 매장을 방문할 수 있도록 지원함으로써 자연스럽게 서비스 접점을 늘리고 브랜드에 대한 친밀감을 높이겠다는 취지다. LG유플러스는 전국 매장에서 통신사 관계없이 누구나 보안 상담을 받을 수 있도록 지원하는 등 고객 접점을 확대하기 위한 노력을 이어가고 있다.향후 LG유플러스는 대전을 시작으로 다양한 지역에서 통신 매장, 현지 소상공인과 협업해 다양한 상생 프로모션을 추진하고, 해당 지역 관광객 맞춤형 혜택을 제공할 예정이다.김다림 LG유플러스 마케팅그룹 IMC담당은 “LG유플러스가 통신사를 넘어 차별화된 고객가치를 전달하기 위해 꾸준히 변화하고 도전하고 있다”며 “이번 프로모션을 통해 전국 어디서든 LG유플러스 매장을 방문하면 최고의 고객경험을 느낄 수 있었으면 좋겠다”고 말했다. 권제인 기자"
https://n.news.naver.com/mnews/article/008/0005234815?sid=101,2025-08-12 13:45:22,경제,"다보링크, 미국 팩션 네트웍스와 협업…현지 공유기 시장 진출 본격화","통신 및 방송 장비 제조 전문기업 다보링크는 미국 보안사업 전문기업 팩션 네트웍스와 협업한다고 12일 밝혔다.회사에 따르면 팩션 네트웍스는 제로 트러스트, 사이버 보안, 네트워킹, 디지털 미디어, 개인정보 보호 분야 사업 등을 영위하고 있다. 데이브 랜드 대표와 임직원은 네트워킹, 개인정보 보호, 사이버 보안 분야에서 30년간 성공적인 제품과 특허를 개발해 왔다. 최근 정보보안에 대해 미국의 제재가 강화되면서 중국을 제외한 기업과 협업을 진행하고 있다.이 회사는 미국 내 반도체 생태계와 제조기반 재건을 위해 슈머(Schumer) 상원의원, 뉴욕주 관련기관 고 세미(GO SEMI), 엔와이크리에이츠(NY CREATES)와 협력하고 있다. 아울러 미국 국방부, 공군 보안관련 그리피스(Griffiss) 등 국방관련 보안기관과 인증, 시험전문기관인 AIS, 퀀터리온(Quanterion), 오리온(ORION) 등과 긴밀히 협업 중이다.팩션 네트웍스는 국가 사이버 보안 멤버인 케빈 크레이머(Kevin Cramer) 상원의원과 자문기구의 의장 필립 니더마이어(Philip Niedermair)와 미국 내 사이버 보안 정책 관련 협력하고 있다.최근 미국 연방통신위원회(FCC)는 보안 우려를 이유로 티피 링크(TP-LINK)를 포함한 일부 중국 기업들의 통신 장비에 대한 판매 금지를 검토 중인 것으로 알려졌다. 이로 인해 미국 시장에서 티피 링크 제품의 판매 및 유통이 위축되면서 신뢰할 수 있는 대안을 찾는 수요가 급증하고 있다.다보링크는 미국 시장의 요구사항에 맞춰 고성능 AP(공유기) 제품을 개발하기 위해 연구를 진행했다. 미국의 까다로운 보안 기준을 충족시키기 위해 보안 관련 기술을 강화하고 최신 와이파이7(Wi-Fi7) 기술을 선도적으로 적용하는 등 기술력 향상에 모든 역량을 집중했다고 회사측은 설명했다.팩션 네트웍스 관계자는 ""다보링크는 오랜 기간 동안 한국시장에서 SK텔레콤, KT, LGU+ 등 주요 통신사와 협력하며 우수한 기술력과 안정성을 검증받았다""며 ""특히 와이파이6E, 와이파이7 등 최신 기술을 적용해 시장 트렌드에 발맞추고 있다""고 말했다. 이어 ""미국 정부가 중국 기업을 제재하는 주요 원인 중 하나가 '보안 문제'인 만큼 신뢰성과 투명한 기술 개발 과정을 통해 보안 위협으로부터 자유로운 제품을 제공받을 것으로 기대한다""고 강조했다.다보링크 관계자는 ""미국 파트너에게 다보링크의 기술력과 제품의 우수성을 알리고자 노력했다""며 ""이번 미국 파트너와의 협업을 통해 글로벌 네트워크 장비 시장의 새로운 강자로 도약할 계기를 마련했다""고 설명했다."
https://n.news.naver.com/mnews/article/277/0005636232?sid=105,2025-08-12 15:00:00,IT/과학,배경훈 “AI 데이터센터 세제 감면·규제 완화…3000억 민관 투자”,"KIF 존속기간 2040년까지 연장올해 2400억 이상 AI 핵심·기반기술 투자배경훈 과학기술정보통신부 장관이 AI(인공지능) 산업 경쟁력 강화를 위해 데이터센터·시설 투자 세제 감면과 규제 개선 등 지원책을 강화하고, 민간과 함께 3000억원 규모의 AI 전용 자펀드를 조성하겠다고 밝혔다.배 장관은 12일 서울 웨스틴조선호텔에서 열린 '정부-이통사 AI 투자협력 선언식'에 앞서 SK텔레콤 유영상 대표, KT 김영섭 대표, LG유플러스 이철훈 부사장과 가진 사전 환담에서 이같이 말했다.과기정통부와 SKT·KT·LG유플러스는 이날 선언식을 열고, KIF(Korea IT Fund) 자펀드 결성을 통한 AI 투자 확대와 민관 협력을 통한 AI 산업 경쟁력 강화를 공동 선언했다. 이번 협력은 이동통신 3사가 출자한 KIF의 존속기간을 기존 2030년에서 2040년 말까지 10년 연장한 데 따른 것이다.배 장관은 ""AI가 모든 혁신의 근원이 되는 가운데, 이번 자펀드 결성이 AI 기업 성장의 마중물이 되길 바란다""며 ""정부도 AI 혁신펀드를 기존 연간 900억원에서 약 3배 규모인 3000억원으로 확대하겠다""고 말했다.KIF는 2002년 SKT·KT·LGU+가 총 3000억원을 출자해 조성한 민간 모펀드로, 지금까지 91개 자펀드를 결성해 1669개 유망 ICT 스타트업에 4조7000억원을 투자했다. 올해는 모펀드에서 1500억원을 신규 출자하고 운용사 매칭 자금을 포함해 총 3000억원 이상 규모의 자펀드를 결성한다. 이 중 2400억원 이상을 AI 핵심·기반기술과 AI 전환·활용(AX) 분야 유망 기업에 집중 투자하며, 400억원 규모의 AI 반도체 전용펀드와 200억원 규모의 ICT 기술사업화 펀드도 별도로 만든다.이날 선언식에는 KIF 출자사 경영진과 한국통신사업자연합회(KTOA), KIF투자운영위원회, 벤처투자사(VC) 관계자 200여명이 참석해 AI 투자 방향과 협력 방안을 논의했다.한편, 2025년도 KIF 자펀드 운용사(16개사) 공모 접수는 이날부터 오는 28일까지 진행되며, 세부 내용은 KTOA 홈페이지에서 확인할 수 있다."
https://n.news.naver.com/mnews/article/374/0000457149?sid=101,2025-08-12 15:00:10,경제,이통3사 벤처투자 재개…올해 AI스타트업에 1천500억 쏜다,"국내 이통 3사로 구성된 한국통신사업자연합회(KTOA)가 올해 벤처펀드 출자를 다시 개시합니다. 1천500억원을 신규 출자해 총 3천억원 이상(운용사 자체 매칭 1,500억원 이상)의 자펀드를 결성할 예정입니다.과학기술정보통신부는 민·관의 AI 분야 투자 확대 계획과 협력 의지를 발표하는 ‘정부-이통사 AI 투자협력 선언식’을 서울 웨스틴조선호텔에서 개최했다고 오늘(12일) 밝혔습니다. 이동통신 3사의 출자로 조성된 KIF(Korea IT Fund)가 최근 존속기간 연장을 통해 인공지능 분야에 집중 투자하기 위한 자펀드를 새롭게 결성키로 함에 따른 출자 재개입니다. 오늘 행사는 AI 산업 경쟁력 강화를 위한 정부·이통사의 투자 방향을 논의하고 AI 투자 확대를 위해 협력해 나갈 것을 선언하기 위해 마련됐습니다.KIF는 2002년 이동통신 3사(SKT·KT·LGU+)가 총 3천억원을 출자해 조성한 민간 모펀드로, 국내 정보통신기술 분야 벤처기업 등에 투자할 자펀드 결성·운영을 통해 민간투자 생태계 활성화에 기여해왔습니다. 지난해 말까지 누적 91개 자펀드를 결성하여 1천669개 유망 ICT 스타트업에 4.7조원을 투자했습니다. 기존 2030년까지이던 KIF 존속기간이 최근 2040년 말까지 연장됨에 따라 신규 자펀드 결성이 올해부터 재개될 예정입니다.올해는 KIF 모펀드에서 1천500억원을 신규 출자하여 총 3천억원 이상(운용사 자체 매칭 1천500억원 이상)의 자펀드를 결성할 계획으로, 이 중 2천400억원 이상을 AI 핵심·기반기술 및 AX(AI 전환·활용) 관련 유망 AI 기업 육성 등에 중점 투자하며, 400억원 규모의 AI반도체 전용 펀드와 ICT 기술사업화 촉진 및 성과 확산을 위한 200억원 규모의 펀드도 조성할 예정입니다.오늘 행사에는 과기정통부 배경훈 장관을 비롯하여 KIF 출자사인 이통사 대표 등과 KIF 운영·관리를 총괄하고 있는 한국통신사업자연합회(KTOA) 부회장, KIF투자운영위원장 등이 참석하였으며, KIF 출자설명회 참여를 위해 참석한 200여명의 벤처투자사(VC) 관계자들도 함께했습니다.본 행사에 앞서 진행된 사전 환담에는 과기정통부 배경훈 장관, SK텔레콤 유영상 대표, KT 김영섭 대표, LGU+ 이철훈 부사장이 참석하여 AI 분야 투자계획 등을 공유하고, 협력 방안 등을 논의했습니다.배경훈 과기정통부 장관은 ""AI가 모든 혁신의 근원이 되는 가운데, 투자 확대를 통해 혁신을 이끌 AI 기업들에게 성장 마중물을 제공할 것""이라며, ""이번 KIF 자펀드 결성이 AI 투자에 활기를 불어넣기를 기대하며, 정부도 AI 3대 강국 도약을 위해 민간과의 투자·협력 기반을 든든히 다져나가겠다""라고 밝혔습니다.2025년도 KIF 자펀드 운용사(16개사) 공모 접수는 오는 28일(목)까지 진행될 예정이며, 공모에 대한 상세 내용은 KTOA 홈페이지(www.ktoa.or.kr)를 통해 확인할 수 있습니다.당신의 제보가 뉴스로 만들어집니다.SBS Biz는 여러분의 제보를 기다리고 있습니다.홈페이지 = https://url.kr/9pghjn"
https://n.news.naver.com/mnews/article/119/0002990228?sid=105,2025-08-12 15:00:10,IT/과학,"정부·이통 3사, 3000억 ‘KIF 자펀드’로 AI 투자 확대","KIF 출자 재개 계기 ‘정부–이통사 AI 투자협력 선언식’ 개최LGU+ 이철훈 부사장(왼쪽부터), SK텔레콤 유영상 대표, 배경훈 과기정통부 장관, KT 김영섭 대표가 12일 웨스틴조선호텔에서 열린 '정부-이통사 AI 투자협력 선언식' 행사 사전환담을 갖고 있다.ⓒ데일리안 조인영 기자[데일리안 = 조인영 기자] 정부와 SK텔레콤·KT·LG유플러스가 총 3000억원 규모의 ‘KIF 자펀드’를 새로 조성해 AI 핵심 기술과 유망 기업 육성에 나선다.과학기술정보통신부는 이동통신 3사의 출자로 조성된 KIF(Korea IT Fund) 존속기간을 2040년까지 연장하고, 올해부터 자펀드 결성을 재개한다고 12일 밝혔다. AI반도체 전용 펀드와 ICT 기술사업화 펀드도 함께 마련한다.이날 행사는 국가 AI 경쟁력을 결정짓는 핵심 요소로 민간투자의 중요성이 대두되는 가운데, AI 산업 경쟁력 강화를 위한 정부·이통사의 투자 방향을 논의하고 AI 투자 확대를 위해 협력해 나갈 것을 선언하기 위해 마련됐다.KIF는 2002년 이동통신 3사가 총 3000억원을 출자해 조성한 민간 모펀드로 국내 정보통신기술(이하 ‘ICT’) 분야 벤처기업 등에 투자할 자펀드 결성·운영을 통해 민간투자 생태계 활성화에 기여해왔다.기존 2030년까지이던 KIF 존속기간이 최근 2040년 말까지 연장됨에 따라 신규 자펀드 결성이 올해부터 재개될 예정이다.올해는 KIF 모펀드에서 1500억원을 신규 출자해 총 3000억원 이상(운용사 자체 매칭 1500억원 이상)의 자펀드를 결성할 계획으로, 이중 2400억원 이상을 AI 핵심·기반기술 및 AX(AI 전환·활용) 관련 유망 AI 기업 육성 등에 중점 투자하며, 400억원 규모의 AI반도체 전용 펀드와 ICT 기술사업화 촉진 및 성과 확산을 위한 200억원 규모의 펀드도 조성할 예정이다.이날 행사에는 과기정통부 배경훈 장관을 비롯해 KIF 출자사인 이통사 대표 등과 KIF 운영·관리를 총괄하고 있는 한국통신사업자연합회(KTOA) 부회장, KIF투자운영위원장 등이 참석하였으며, KIF 출자설명회 참여를 위해 참석한 200여명의 벤처투자사(VC) 관계자들도 함께했다.행사에 앞서 진행된 사전 환담에는 과기정통부 배경훈 장관, SK텔레콤 유영상 대표, KT 김영섭 대표, LGU+ 이철훈 부사장이 참석해 AI 분야 투자계획 등을 공유하고, 협력 방안 등을 논의했다.이 자리에서 배경훈 과학기술정보통신부 장관은 ""대한민국 AI 혁신을 이루기 위해서는 스타트업 투자가 중요하다""면서 ""지난 6월 KIF 투자를 2030년에서 2040년으로 연장하면서 AI 분야 자펀드를 만들 계기를 통신 3사가 만들었다. KIF 1500억원, 민간 투자 1500억원 등 총 3000억원 규모의 AI 투자 생태계를 만들게 됐다""고 말했다.배 장관은 이어 ""정부도 민간(기업)의 노력에 보답하고자 'AI 혁신 펀드'(기존 900억원)를 매년 운용해왔는데 3배 정도 되는 3000억으로 AI 혁신 펀드를 운용하고자 한다""면서 ""AI 데이터센터, 시설 투자에 세제 감면 규제 개선 등도 지원할 예정이다. 이통 3사와 정부가 앞으로 AI 원팀이 돼 생태계 활성화를 위해 노력하겠다""고 강조했다.본행사에서는 KTOA가 그간의 펀드 운용 성과와 함께 AI 분야를 중심으로 한 향후 투자계획 및 비전을 발표한 후, 정부·출자사·KTOA·KIF투자운영위원장 등이 모두 무대에 올라 정부와 민간이 협력해 AI 투자를 확대해 나갈 것을 선언하는 결의 세리모니를 진행했다.배경훈 장관은 “AI가 모든 혁신의 근원이 되는 가운데, 투자 확대를 통해 혁신을 이끌 AI 기업들에게 성장 마중물을 제공할 것”이라며 “이번 KIF 자펀드 결성이 AI 투자에 활기를 불어넣기를 기대하며, 정부도 AI 3대 강국 도약을 위해 민간과의 투자·협력 기반을 든든히 다져나가겠다”고 밝혔다.2025년도 KIF 자펀드 운용사(16개사) 공모 접수는 이달 12일부터 28일까지 진행될 예정이며, 공모에 대한 상세 내용은 KTOA 홈페이지를 통해 확인할 수 있다."
https://n.news.naver.com/mnews/article/018/0006088115?sid=105,2025-08-12 15:03:11,IT/과학,"정부, 이통3사 ‘AI 3대 강국’ 도약 투자협력...“AI 원팀 노력”","‘정부-이통사 AI 투자협력 선언식’ 개최KIF, AI에 집중 투자할 3000억원 규모 자펀드 결성“통신 3사와 정부 원팀이 돼 AI 생태계 활성화 노력”AIDC 투자 세제 감면, 규제개선 부분 도움줄 것[이데일리 윤정훈 기자]과학기술정보통신부(과기정통부)는 이동통신 3사의 출자로 조성된 KIF(Korea IT Fund)가 인공지능(AI) 분야에 집중 투자하기 위한 자펀드를 새롭게 결성키로 함에 따라, 정부 차원에서도 AI 생태계 활성화를 위해 지원하겠다고 밝혔다.배경훈(좌측 셋쨰) 과기정통부 장관과 통신 3사 대표들이 환담을 하고 있다(사진=윤정훈 기자)과기정통부는 12일 통신 3사와 함께 ‘정부-이통사 AI 투자협력 선언식’을 서울 웨스틴조선호텔에서 개최했다. 이번 행사는 국가 AI 경쟁력을 결정짓는 핵심 요소로 민간투자의 중요성이 대두되는 가운데, AI 산업 경쟁력 강화를 위한 정부·이통사의 투자 방향을 논의하고 AI 투자 확대를 위해 협력해 나갈 것을 선언하기 위해 마련됐다.KIF는 2002년 이동통신 3사(SK텔레콤(017670)·KT(030200)·LG유플러스(032640))가 총 3000억원을 출자하여 조성한 민간 모펀드로 국내 정보통신기술(이하 ‘ICT’) 분야 벤처기업 등에 투자할 자펀드 결성·운영을 통해 민간투자 생태계 활성화에 기여해왔으며, 기존 2030년까지이던 KIF 존속기간이 최근 2040년 말까지 연장됨에 따라 신규 자펀드 결성이 올해부터 재개될 예정이다.KIF는 작년 말까지 누적 91개 자펀드를 결성해 1669개 유망 ICT 스타트업에 4조7000억원을 투자했다.올해는 KIF 모펀드에서 1500억원을 신규 출자하여 총 3000억원 이상(운용사 자체 매칭 1500억원 이상)의 자펀드를 결성할 계획으로, 이 중 2400억원 이상을 AI 핵심·기반기술 및 AX(AI 전환·활용) 관련 유망 AI 기업 육성 등에 중점 투자하며, 400억원 규모의 AI반도체 전용 펀드와 ICT 기술사업화 촉진 및 성과 확산을 위한 200억원 규모의 펀드도 조성할 예정이다.이날 행사에는 배경훈 과기정통부 장관을 비롯해 유영상 SKT 대표, 김영섭 KT 대표, 이철훈 LGU+ 부사장, KIF 출자사인 이통사 대표 등과 KIF 운영·관리를 총괄하고 있는 송재성 한국통신사업자연합회(KTOA) 부회장, KIF투자운영위원장 등이 참석했고, KIF 출자설명회 참여를 위해 참석한 200여명의 벤처투자사(VC) 관계자들도 함께했다.이번 행사에 앞서 진행된 사전 환담에서 배 장관은 “KIF가 총 3000억원 규모의 AI 투자 생태계를 만들었다”며 “정부도 이런 노력에 보답하고자 기존 AI 혁신에 900억원 규모펀드를 운영했는데, 올해는 3배 정도인 3000억원 펀드를 운영하고자 한다”고 말했다.이어 “AI데이터센터나 시설투자를 하는데 있어 세제 감면이나 규제 개선 하는 부분을 강화할 것”이라며 “통신 3사와 정부가 앞으로 원팀이 돼 AI 생태계 활성화를 위해 다같이 노력하겠다”고 강조했다.이후 계속된 본행사에서는 KTOA가 그간의 펀드 운용 성과와 함께 AI 분야를 중심으로 한 향후 투자계획 및 비전을 발표한 후, 정부·출자사· KTOA·KIF투자운영위원장 등이 모두 무대에 올라 정부와 민간이 협력하여 AI 투자를 확대해 나갈 것을 선언하는 결의 세리모니를 진행했다.배 장관은 “AI가 모든 혁신의 근원이 되는 가운데, 투자 확대를 통해 혁신을 이끌 AI 기업들에게 성장 마중물을 제공할 것”이라며 “이번 KIF 자펀드 결성이 AI 투자에 활기를 불어넣기를 기대하며, 정부도 AI 3대 강국 도약을 위해 민간과의 투자·협력 기반을 든든히 다져나가겠다”라고 말했다."
https://n.news.naver.com/mnews/article/092/0002385875?sid=105,2025-08-12 15:22:13,IT/과학,"3천억 규모 AI 투자 펀드 만든다...통신 3사, 정부 의지에 화답","3천억원 규모 2025년 KIF 자펀드 결성계획 발표통신 3사가 3천억 원 규모의 AI 분야 집중 투자를 위한 펀드를 조성한다. 정부의 AI 투자 의지에 통신업계가 화답한 셈이다.과학기술정보통신부는 통신 3사의 출자로 조성된 코리아IT펀드(KIF)가 최근 존속기간 연장을 통해 AI 분야에 집중 투자하기 위한 자펀드를 새롭게 결성키로 했다고 12일 밝혔다.이에 따라 이날 오후 서울 웨스틴조선호텔에서 정부와 통신사는 AI 투자협력 선언식을 열었다. 국가 AI 경쟁력을 결정짓는 핵심 요소로 민간투자의 중요성이 떠오르면서 AI 산업 경쟁력 강화를 위한 정부와 이통사의 투자 방향을 논의하고 AI 투자 확대를 위해 협력해 나갈 것을 선언하기 위해 마련된 자리다.KIF는 지난 2002년 통신 3사가 총 3천억 원을 출자해 조성한 민간 모펀드로 국내 ICT 분야 벤처기업 등에 투자할 자펀드 운영을 통해 민간투자 생태계 활성화에 기여했다. 지난해 말까지 누적 91개 자펀드를 결성해 1천669개 유망 ICT 스타트업에 4조7천억 원을 투자하고 200개 이상의 상장사 출현을 도왔다.왼쪽부터 이철훈 LGU+ 부사장, 유영상 SKT 대표, 배경훈 장관, 김영섭 KT 대표KIF 존속기간은 기존 2030년에서 최근 2040년 말까지 연장되면서 신규 자펀드 결성이 올해부터 재개될 예정이다.올해는 KIF 모펀드에서 1천500억 원을 신규 출자하고 운용사 자체 매칭 1천500억 원을 더해 3천억 원 이상의 자펀드를 결성할 계획이다.총 3천억 원 가운데 2천400억 원 이상을 AI 핵심 기반기술, AX 관련 유망 AI 기업 육성 등에 중점 투자한다. 400억 원 규모의 AI반도체 전용 펀드, ICT 기술사업화 촉진 성과 확산을 위한 200억 원 규모의 펀드도 조성할 예정이다.투자선언식에 앞서 열린 사전 환담에는 배경훈 과기정통부 장관, 유영상 SK텔레콤 대표, 김영섭 KT 대표, 이철훈 LG유플러스 부사장이 참석해 AI 분야 투자계획 등을 공유하고, 협력 방안 등을 논의했다.송재성 한국통신사업자연합회 상근부회장은 “KIF 4기를 맞이해 AI 중점 투자로 기술 시장 인프라 아우르며 산업의 동반성장 모델을 만드는 원동력이 될 것”이라며 “통신업계는 앞으로 민간의 전문성과 정부 투자정책 조화를 이뤄 AI 3대 강국으로 나아가는데 중추적 역할을 다하겠다”고 말했다.배경훈 장관은 “AI가 모든 혁신의 근원이 되는 가운데, 투자 확대를 통해 혁신을 이끌 AI 기업들에게 성장 마중물을 제공할 것”이라며 “KIF 자펀드 결성이 AI 투자에 활기를 불어넣기를 기대하며, 정부도 AI 3대 강국 도약을 위해 민간과의 투자 협력 기반을 든든히 다져나가겠다”라고 밝혔다.이어, “한국 ICT 발전 역사를 함께 해온 통신업계가 AI 전환 투자를 집중할 계획 밝을힌 만큼 민간투자가 시너지를 낼 수 있는 어느 때 보다 좋은 기회가 될 것”이라고 덧붙였다.한편, 2025년도 KIF 자펀드 운용사 16개사 공모 접수는 오는 28일까지 진행될 예정이다."
https://n.news.naver.com/mnews/article/082/0001339746?sid=101,2025-08-12 16:52:14,경제,정부·이통3사 손잡고 3000억 규모 ‘AI투자펀드’ 띄운다,"‘정부-이통사 AI 투자협력 선언식’ 개최KIF 존속 연장해 AI·반도체 기업 지원올해 2400억 이상 AI기술 등 중점투자배경훈 과학기술정보통신부 장관이 12일 오후 서울 중구 웨스틴조선호텔에서 열린 '정부-이통사 AI 투자협력 선언식'에서 기념촬영을 하고 있다. 왼쪽부터 유지상 KIF투자조합 투자운영위원장, 이철훈 LGU+ 부사장, 유영상 SK텔레콤 대표, 배경훈 장관, 김영섭 KT 대표, 송재성 한국통신사업자연합회 상근부회장. 과기정통부 제공국내 이동통신 3사가 출자해 만든 민간 모펀드인 KIF가 올해부터 3000억 원 규모의 자펀드를 만들어 인공지능(AI) 분야에 집중 투자하기로 했다.과학기술정보통신부와 SK텔레콤, KT, LGU+ 등 이동통신 3사는 12일 서울 웨스틴조선호텔에서 ‘정부-이통사 인공지능(AI) 투자협력 선언식’을 열고 민관의 AI 분야 투자 확대 방안을 논의했다.이번 행사는 이동통신 3사가 출자한 민간 모펀드인 KIF(Korea IT Fund)가 최근 존속 기간을 2040년 말까지 연장하고, AI 분야에 집중 투자할 자펀드를 새로 결성하기로 한 데 따른 것으로, 배경훈 과기정통부 장관을 비롯해 유영상 SK텔레콤 대표, 김영섭 KT 대표, 이철훈 LGU+ 부사장 등 이통사 대표, 한국통신사업자연합회(KTOA) 부회장, KIF 투자운영위원장, 벤처투자사(VC) 관계자 등이 참석했다.배경훈 과학기술정보통신부 장관이 12일 오후 서울 중구 웨스틴조선호텔에서 열린 '정부-이통사 AI 투자협력 선언식'에서 축사를 하고 있다. 과기정통부 제공KIF는 2002년 이동통신 3사가 총 3000억 원을 출자해 조성한 민간 모펀드로, 국내 정보통신기술(ICT) 분야 벤처기업 등에 투자할 자펀드 결성·운영을 통해 민간 투자 생태계 활성화에 기여해 왔다. 지난해 말까지 누적 91개 자펀드를 통해 1669개 유망 ICT 스타트업에 4조 7000억 원을 투자했다.올해는 KIF 모펀드에서 1500억 원을 신규 출자해 총 3000억 원 이상의 자펀드를 결성할 계획이다. 이 중 2400억 원 이상을 AI 핵심·기반기술 및 AX(AI 전환) 관련 유망 AI 기업 육성 등에 중점 투자한다. 아울러 400억 원 규모의 AI 반도체 전용 펀드와 ICT 기술사업화 촉진 및 성과 확산을 위한 200억 원 규모의 펀드도 조성한다.배경훈 장관은 “AI가 모든 혁신의 근원이 되는 가운데 투자 확대를 통해 혁신을 이끌 AI 기업에 성장 마중물을 제공할 것”이라며 “이번 KIF 자펀드 결성이 AI 투자에 활기를 불어넣기를 기대하며, 정부도 AI 3대 강국 도약을 위해 민간과의 투자·협력 기반을 든든히 다져 나가겠다”고 밝혔다.2025년도 KIF 자펀드 운용사(16개사) 공모 접수는 12일부터 오는 28일까지 진행된다. 공모에 대한 상세 내용은 KTOA 홈페이지(www.ktoa.or.kr)를 통해 확인할 수 있다."
https://n.news.naver.com/mnews/article/028/0002760812?sid=105,2025-08-12 18:08:17,IT/과학,‘정부+이통3사’ 인공지능에 3천억 투자…KIF 자펀드 결성,"12일 오후 서울 중구 웨스틴조선호텔에서 열린 ‘정부-이통사 AI 투자협력 선언식\' 에서 축사를 하고 있는 배경훈 과학기술정보통신부 장관. 과학기술정보통신부 제공정부가 이동통신 3사(SKT∙KT∙LGU+)와 협력해 인공지능 투자 확대 계획과 협력 의지를 다졌다. 배경훈 과학기술정보통신부 장관과 이동통신 3사의 최고경영자들이 한자리에 모여 ‘정부-이통사 AI 투자협력 선언식’을 12일 서울 중구 웨스턴호텔에서 개최했다.이날 행사는 인공지능 산업 경쟁력 강화를 위한 민∙관의 투자 방향을 논의하는 차원에서 마련됐다. 이를 위해 코리아아이티펀드(KIF) 모펀드에서 1500억원을 신규 출자하고, 16개의 운용사에서 자체 매칭으로 1500억원 이상을 추가해 총 3000억원 이상의 신규 자펀드를 결성하겠다는 계획을 세웠다. 코리아아이티펀드는 2002년 이동통신 3사가 총 3000억원을 출자해 조성한 펀드로, 2024년 말까지 누적으로 91개의 자펀드를 결성해 1669개의 정보통신분야 스타트업에 4조7000억원을 투자해 왔다. 최근 존속기간이 2030년에서 2040년 말까지로 연장됐다.자펀드에서 조성된 금액 중 2400억원 이상이 인공지능 핵심기술 및 인공지능 전환 관련 기업 육성 등에 쓰일 계획이다. 400억원 규모의 인공지능 반도체 전용 펀드와 정보통신 기술사업화 촉진 및 성과 확산을 위한 200억원 규모의 펀드도 조성한다. 배경훈 과기정통부 장관은 “투자확대를 통해 혁신을 이끌 AI 기업들에게 성장 마중물을 제공할 것”이라며 “이번 KIF 자펀드 결성이 AI 투자에 활기를 불어넣기를 기대한다”고 말했다."
https://n.news.naver.com/mnews/article/374/0000457216?sid=101,2025-08-12 18:23:10,경제,AI 3대 강국 '맞손'…이통3사도 1천5백억 보태 유니콘 키운다,"[앵커]한동안 멈춰 섰던 국내 이동통신 3사의 벤처펀드 출자가 다시 시작됐습니다.올해 1천500억 원을 투입돼 AI 스타트업으로 흘러갈 것으로 보이는데, 자세한 상황 짚어보겠습니다.안지혜 기자, 벤처펀드 자체는 꽤 오래됐죠?[기자]벌써 지난 2002년부터입니다.이통3사는 당시 총 3천억 원을 출자해 민간 모펀드인 KIF(Korea IT Fund)를 조성했고, 국내 ICT 분야 벤처기업 등에 투자할 자펀드를 결성·운영해 왔는데요.지난해 말까지 결성한 자펀드는 누적 91개로, 현재까지 모두 1천7백여 개 유망 ICT 스타트업에 4조 7천억 원을 투자한 것으로 집계됐습니다.지난해는 모펀드 만기 연장 이슈로 벤처펀드 출자를 진행하지 않았습니다.2년 만인 올해 신규출자금을 지난 2023년의 3배인 1천500억 원으로 키웠고, 운용사 자체 매칭 금액까지 합하면 총 3천억 원 이상의 자펀드를 결성할 계획입니다.[유영상 / SK텔레콤 대표: KIF는 2002년 당시 닷컴 버블의 여파로 우리나라 ICT 산업과 벤처산업이 어려움을 겪던 시기에 위기 극복을 위한 마중물이 필요하다는 정부의 혜안과 이통사들의 출자결단을 통해 결성된 대한민국 대표 민간 모펀드입니다.][김영섭 / KT 대표(한국통신사업자연합회장) : 통신업계는 데이터센터 등 AI인프라 구축, AI모델 개발 및 인재양성 그리고 개별 산업 분야의 AI전환 등에 전력을 해왔고….][앵커]행사 전에는 과기부장관과 이통3사 CEO들 간 만남도 있었다고요?[기자]그렇습니다.본행사 전 사전 환담에는 배경훈 장관과 유영상 SK텔레콤 대표, 김영섭 KT 대표, 이철훈 LGU+ 부사장이 참석해 AI 분야 투자계획 등을 공유하고, 협력 방안 등을 논의했는데요.배 장관은 ""AI 데이터센터(DC)나 시설 투자도 세제 감면이나 규제 개선 등으로 지원을 할 예정""이라며 ""이통3사와 정부가 앞으로 AI 원팀이 돼서 AI 생태계 활성화를 위해 다 같이 노력하겠다""라고 화답했습니다.오늘(12일) 출장으로 불참한 LG 유플러스 대표까지 포함한 3사 CEO와 배 장관 간 첫 회동은 다음 달 11일경 진행될 예정입니다.SBS Biz 안지혜입니다.당신의 제보가 뉴스로 만들어집니다.SBS Biz는 여러분의 제보를 기다리고 있습니다.홈페이지 = https://url.kr/9pghjn"
https://n.news.naver.com/mnews/article/421/0008425470?sid=105,2025-08-13 09:00:00,IT/과학,"LGU+, '제24회 정보보호 대상' 대상 수상…""정보보호 역량 입증""","LG유플러스 용산사옥 2020.08.24/뉴스1(서울=뉴스1) 김정현 기자 = LG유플러스가 국내 정보보호 분야 최고 권위 시상식 제24회 정보보호 대상에서 최고상인 대상(과학기술정보통신부 장관상)을 수상했다고 13일 밝혔다.정보보호 대상은 과학기술정보통신부가 주최하고 한국정보보호산업협회(KISIA)가 주관하는 시상식이다. 매년 정보보호 기술 개발·서비스·정책 운영 등에서 우수한 성과를 거둔 기업·기관·개인에게 상을 수여한다.LG유플러스는 △전사 차원 보안 전략 수립 △AI 기반 악성앱·피싱 탐지 체계 고도화 △고객 체감형 보안 서비스 확대 등의 성과를 인정받아 대상을 받았다.LG유플러스의 정보보호대상 수상은 올해가 처음으로, 통신사업자로서는 16년만에 거둔 성과다.LG유플러스는 보안 경쟁력을 강화하기 위해 체계적인 보안 전략을 수립 및 실행하고 있다.현재 LG유플러스는 △보안 거버넌스 △보안 예방 △보안 대응의 3대 보안 체계와 보이스피싱·스미싱 예방 풀패키지를 중심으로 한 '보안퍼스트 전략'을 수립했다.LG유플러스는 향후 5년간 정보보호 분야에 7000억 원을 투자하고 고객 보호 활동을 이어갈 계획이다.홍관희 LG유플러스 정보보안센터장(CISO·CPO, 전무)는 ""이번 수상은 국가로부터 LG유플러스의 보안 역량을 공식적으로 인정받은 결과라는 점에서 뿌듯하다""며 ""앞으로도 지속적인 투자와 전략 실행으로 고객이 안심할 수 있는 보안을 제공하는 통신사가 될 것""이라고 말했다."
https://n.news.naver.com/mnews/article/008/0005235240?sid=105,2025-08-13 09:00:00,IT/과학,"LGU+, 국내 최고 수준 보안 사업자 선정...통신사 중 유일","홍범식 LG유플러스 대표가 25일 LG유플러스 사옥에서 열린 정기 주주총회에서 올해 사업 계획에 대해 설명하고 있다. /사진=LG유플러스LG유플러스가 국내 최고 수준의 보안 역량을 갖춘 사업자로 인정받았다.LG유플러스는 국내 정보보호 분야 최고 권위 시상식인 '제24회 정보보호 대상'에서 최고상인 대상(과학기술정보통신부 장관상)을 수상했다고 13일 밝혔다.대상은 국내 기업 중 2개 기업이 수상했으며, LG유플러스는 국내 통신사 중 유일한 수상 기업이다. 시상식은 11월 중 진행될 예정이다.정보보호 대상은 과학기술정보통신부가 주최하고 KISIA(한국정보보호산업협회)가 주관하는 시상식이다. 매년 정보보호 기술 개발·서비스·정책 운영 등에서 우수한 성과를 거둔 기업·기관·개인에게 상을 수여한다.이번 시상식에서 LG유플러스는 △전사 차원 보안 전략 수립 △AI 기반 악성앱·피싱 탐지 체계 고도화 △고객 체감형 보안 서비스 확대 등의 성과를 인정받아 대상을 수상했다. LG유플러스의 정보보호대상 수상은 올해가 처음으로, 통신사업자로서는 16년 만에 거둔 성과다.LG유플러스는 보안 경쟁력을 강화하기 위해 체계적인 보안 전략을 수립 및 실행하고 있다. 실제로 LG유플러스는 보안 거버넌스, 보안 예방, 보안 대응의 3대 보안 체계와 보이스피싱·스미싱 예방 풀패키지를 중심으로 한 '보안퍼스트 전략'을 수립했다. LG유플러스는 향후 5년간 정보보호 분야에 7000억원을 투자하고 고객 보호 활동을 이어갈 계획이다.홍관희 LG유플러스 정보보안센터장(CISO·CPO, 전무)은 ""이번 수상은 국가로부터 LG유플러스의 보안 역량을 공식적으로 인정받은 결과라는 점에서 뿌듯하다""며 ""앞으로도 지속적인 투자와 전략 실행으로 고객이 안심할 수 있는 보안을 제공하는 통신사가 될 것""이라고 말했다."
https://n.news.naver.com/mnews/article/016/0002513665?sid=105,2025-08-13 09:01:15,IT/과학,"LGU+, 국내 통신사 유일 ‘정보보호 대상’ 수상","보안 전략 수립·악성 앱 등 서비스 인정향후 5년간 보안 분야 7000억 투자 예정지난달 29일 LG유플러스 용산사옥에서 열린 보안 전략 간담회에서 홍관희 LG유플러스 정보보안센터장(전무)이 발언하고 있다. [LG유플러스 제공][헤럴드경제=고재우 기자] LG유플러스는 국내 정보보호 분야 시상식인 ‘제24회 정보보호 대상’에서 과학기술정보통신부 장관상(대상)을 수상했다고 13일 밝혔다.대상은 국내 기업 중 2개 기업이 수상했는데, 국내 통신사 중에는 LG유플러스가 유일하게 대상을 받았다. 시상식은 오는 11월 중 진행될 예정이다.정보보호 대상은 과학기술정보통신부가 주최하고 한국정보보호산업협회(KISIA)가 주관하는 시상식이다. 매년 정보보호 기술 개발·서비스·정책 운영 등에서 우수한 성과를 거둔 기업·기관·개인에게 상을 수여한다. 서류심사·발표평가·최종 심사 등 3단계에 걸쳐 최종 수상자를 선정한다.해당 시상식에서 LG유플러스는 ▷전사 차원 보안 전략 수립 ▷인공지능(AI) 기반 악성 앱·피싱 탐지 체계 고도화 ▷고객 체감형 보안 서비스 확대 등 성과를 인정받았다. LG유플러스의 정보보호 대상 수상은 올해가 처음이다. 통신사업자로서는 16년 만이다.LG유플러스 용산 사옥 전경. [LG유플러스 제공]나아가 LG유플러스는 보안 경쟁력 강화를 위한 전략 수립 및 실행에 나서고 있다. 실제로 ▷보안 거버넌스 ▷보안 예방 ▷보안 대응의 3대 보안 체계, 보이스피싱·스미싱 예방 풀패키지를 중심으로 한 ‘보안퍼스트 전략’을 수립한 바 있다.이와 관련 LG유플러스는 향후 5년간 정보보호 분야에 7000억원을 투자하는 등 고객 보호 활동을 이어갈 계획이다.홍관희 LG유플러스 정보보안센터장은 “이번 수상은 국가로부터 LG유플러스의 보안 역량을 공식적으로 인정받은 결과라는 점에서 뿌듯하다”며 “앞으로도 지속적인 투자와 전략 실행으로 고객이 안심할 수 있는 보안을 제공하는 통신사가 될 것”이라고 말했다."
https://n.news.naver.com/mnews/article/092/0002385961?sid=105,2025-08-13 09:08:14,IT/과학,"LGU+, 국내 최고 수준 정보보호 역량 인정받았다","‘제24회 정보보호 대상’서 대상 수상…국내 통신사 중 유일LG유플러스는 제24회 정보보호 대상에서 과학기술정보통신부 장관상을 수상했다고 13일 밝혔다.통신사 중 유일한 수상이며, 대상인 장관상은 국내 기업 두 곳이 수상했다. 시상식은 11월 열릴 예정이다.정보보호 대상은 과학기술정보통신부가 주최하고 한국정보보호산업협회(KISIA)가 주관하는 시상식이다. 매년 정보보호 기술 개발·서비스·정책 운영 등에서 우수한 성과를 거둔 기업·기관·개인에게 상을 수여하며, 서류심사·발표평가·최종심사 등 3단계에 걸쳐 최종 수상자를 선정한다.LG유플러스는 ▲전사 차원 보안 전략 수립 ▲AI 기반 악성앱·피싱 탐지 체계 고도화 ▲고객 체감형 보안 서비스 확대 등의 성과를 인정받아 대상을 수상하게 됐다. LG유플러스의 정보보호대상 수상은 올해가 처음으로, 통신사업자로서는 16년만에 거둔 성과다.LG유플러스는 보안 경쟁력을 강화하기 위해 체계적인 보안 전략을 수립 및 실행하고 있다. 실제로 LG유플러스는 ▲보안 거버넌스 ▲보안 예방 ▲보안 대응의 3대 보안 체계와 보이스피싱·스미싱 예방 풀패키지를 중심으로 한 ‘보안퍼스트 전략’을 수립했다.LG유플러스는 향후 5년간 정보보호 분야에 7천억원을 투자하고 고객 보호 활동을 이어갈 계획이다.홍관희 LG유플러스 정보보안센터장은 “국가로부터 LG유플러스의 보안 역량을 공식적으로 인정받은 결과라는 점에서 뿌듯하다”며 “앞으로도 지속적인 투자와 전략 실행으로 고객이 안심할 수 있는 보안을 제공하는 통신사가 될 것”이라고 말했다."
https://n.news.naver.com/mnews/article/417/0001095128?sid=105,2025-08-13 09:08:42,IT/과학,"LG U+, 국내 최고 수준 정보 보호 역량 입증","LG유플러스 용산사옥. /사진=LG유플러스LG유플러스가 국내 최고 수준의 보안 역량을 갖춘 사업자로 인정받았다.LG유플러스는 국내 정보보호 분야 최고 권위 시상식인 '제24회 정보보호 대상'에서 최고상인 대상(과학기술정보통신부 장관상)을 수상했다고 13일 밝혔다. 대상은 국내 기업 중 2개 기업이 수상했으며 이번 수상은 국내 통신사 중 유일한 수상이라는 점에서 의미가 있다. 시상식은 오는 11월 중 진행될 예정이다.정보보호 대상은 과학기술정보통신부가 주최하고 한국정보보호산업협회(KISIA)가 주관하는 시상식이다. 매년 정보보호 기술 개발·서비스·정책 운영 등에서 우수한 성과를 거둔 기업·기관·개인에게 상을 수여하며 서류심사·발표평가·최종심사 등 3단계에 걸쳐 최종 수상자를 선정한다.이번 시상식에서 LG유플러스는 ▲전사 차원 보안 전략 수립 ▲AI 기반 악성앱·피싱 탐지 체계 고도화 ▲고객 체감형 보안 서비스 확대 등의 성과를 인정받아 대상을 수상했다. LG유플러스의 정보보호대상 수상은 올해가 처음으로 통신사업자로서는 16년 만에 거둔 성과다.LG유플러스는 보안 경쟁력을 강화하기 위해 체계적인 보안 전략을 수립 및 실행하고 있다. 실제로 LG유플러스는 ▲보안 거버넌스 ▲보안 예방 ▲보안 대응의 3대 보안 체계와 보이스피싱·스미싱 예방 풀패키지를 중심으로 한 '보안퍼스트 전략'을 수립했다. LG유플러스는 향후 5년간 정보보호 분야에 7000억원을 투자하고 고객 보호 활동을 이어갈 계획이다.홍관희 LG유플러스 정보보안센터장(CISO/CPO·전무)은 ""이번 수상은 국가로부터 LG유플러스의 보안 역량을 공식적으로 인정받은 결과라는 점에서 뿌듯하다""며 ""앞으로도 지속적인 투자와 전략 실행으로 고객이 안심할 수 있는 보안을 제공하는 통신사가 될 것""이라고 말했다."
https://n.news.naver.com/mnews/article/003/0013418873?sid=105,2025-08-13 09:09:11,IT/과학,"LGU+, 올해 '정보보호 대상' 대상 수상…국내 통신사 중 유일","LGU+, 제24회 정보보호 대상 과기정통부 장관상보안퍼스트 전략…향후 5년간 정보보호 7000억 투자[서울=뉴시스]박은비 기자 = LG유플러스는 국내 정보보호 분야 최고 권위 시상식인 '제24회 정보보호 대상'에서 대상(과학기술정보통신부 장관상)을 수상했다고 13일 밝혔다.대상은 국내 기업 중 2개 기업이 받는다. 국내 통신사 중에서는 유일하게 대상 수상자 명단에 이름을 올렸다. 시상식은 오는 11월 중 열린다.정보보호 대상은 과기정통부가 주최하고 한국정보보호산업협회(KISIA)가 주관한다. 매년 정보보호 기술 개발·서비스·정책 운영 등에서 우수한 성과를 거둔 기업·기관·개인에게 상을 수여한다.이번 시상식에서 LG유플러스는 전사 차원의 보안 전략 수립, 인공지능(AI) 기반 악성앱·피싱 탐지 체계 고도화, 고객 체감형 보안 서비스 확대 등 성과를 인정받아 대상을 받았다.LG유플러스는 보안 경쟁력을 강화하기 위해 체계적인 보안 전략을 수립·실행하고 있다. 보안 거버넌스, 보안 예방, 보안 대응 등 3대 보안 체계와 보이스피싱·스미싱 예방 풀패키지를 중심으로 한 보안퍼스트 전략을 수립했다.LG유플러스는 향후 5년간 정보보호 분야에 7000억원을 투자하고 고객 보호 활동을 이어갈 계획이다.홍관희 LG유플러스 정보보안센터장(CISO/CPO·전무)은 ""이번 수상은 국가로부터 LG유플러스의 보안 역량을 공식적으로 인정받은 결과라는 점에서 뿌듯하다""며 ""앞으로도 지속적인 투자와 전략 실행으로 고객이 안심할 수 있는 보안을 제공하는 통신사가 될 것""이라고 말했다."
https://n.news.naver.com/mnews/article/031/0000956741?sid=105,2025-08-13 09:14:19,IT/과학,"LGU+, 제24회 정보보호 대상서 '과기정통부 장관상' 수상","보안 전략 수립·악성앱 및 피싱 탐지 체계·보안 서비스 확대 등 성과 인정LG유플러스(대표 홍범식)는 국내 정보보호 분야 최고 권위 시상식인 제24회 정보보호 대상에서 최고상인 대상(과학기술정보통신부 장관상)을 수상했다고 13일 밝혔다.LG유플러스 용산 사옥. [사진=LGU+]정보보호 대상은 과학기술정보통신부가 주최하고 한국정보보호산업협회(KISIA)가 주관하는 시상식이다. 매년 정보보호 기술 개발·서비스·정책 운영 등에서 우수한 성과를 거둔 기업·기관·개인에 상을 수여한다. 서류심사·발표평가·최종심사 등을 걸쳐 최종 수상자를 선정한다.LG유플러스는 △전사 차원 보안 전략 수립 △AI 기반 악성앱·피싱 탐지 체계 고도화 △고객 체감형 보안 서비스 확대 등 성과를 인정받아 대상을 수상했다. LG유플러스 정보보호대상 수상은 올해가 처음이다. 통신사업자로서는 16년만에 거둔 성과다.LG유플러스는 보안 경쟁력을 강화하기 위해 체계적인 보안 전략을 수립 및 실행하고 있다. 3대 보안 체계와 보이스피싱·스미싱 예방 풀패키지를 중심으로 한 보안퍼스트 전략을 수립했다. LG유플러스는 향후 5년간 정보보호 분야에 7000억원을 투자하고 고객 보호 활동을 이어갈 계획이다.홍관희 LG유플러스 정보보안센터장(CISO/CPO, 전무)은 ""이번 수상은 국가로부터 LG유플러스의 보안 역량을 공식적으로 인정받은 결과라는 점에서 뿌듯하다""며 ""지속적인 투자와 전략 실행으로 고객이 안심할 수 있는 보안을 제공하는 통신사가 될 것""이라고 말했다."
https://n.news.naver.com/mnews/article/014/0005390903?sid=105,2025-08-13 09:20:16,IT/과학,"LG U+, ‘제24회 정보보호 대상’ 대상 수상... 통신사 중 유일",LG유플러스 제공[파이낸셜뉴스] LG유플러스는 ‘제24회 정보보호 대상’에서 최고상인 대상(과학기술정보통신부 장관상)을 수상했다고 13일 밝혔다.대상은 국내 2개 기업이 수상했으며 시상식은 오는 11월 중 진행될 예정이다. 이번 수상은 국내 통신사 중 유일하다는 점에서 의미가 있다고 LG유플러스 측은 설명했다.정보보호 대상은 과기정통부가 주최하고 한국정보보호산업협회(KISIA)가 주관하는 시상식이다. 매년 정보보호 기술 개발·서비스·정책 운영 등에서 우수한 성과를 거둔 기업·기관·개인에게 상을 수여하며 서류심사·발표평가·최종심사 등 3단계에 걸쳐 최종 수상자를 선정한다.이번 시상식에서 LG유플러스는 △전사 차원 보안 전략 수립 △인공지능(AI) 기반 악성앱·피싱 탐지 체계 고도화 △고객 체감형 보안 서비스 확대 등의 성과를 인정받았다.홍관희 LG유플러스 정보보안센터장은 “이번 수상은 국가로부터 LG유플러스의 보안 역량을 공식적으로 인정받은 결과라는 점에서 뿌듯하다”며 “앞으로도 지속적인 투자와 전략 실행으로 고객이 안심할 수 있는 보안을 제공하는 통신사가 될 것”이라고 말했다.
https://n.news.naver.com/mnews/article/030/0003340408?sid=105,2025-08-13 09:26:17,IT/과학,"LGU+, 정보보호 대상 수상…국내 통신사 중 유일","LG유플러스 사옥LG유플러스가 국내 최고 수준의 보안 역량을 갖춘 사업자로 인정받았다.LG유플러스는 국내 정보보호 분야 최고 권위 시상식인 '제24회 정보보호 대상'에서 최고상인 대상(과학기술정보통신부 장관상)을 수상했다. 대상은 2개 기업이 수상했으며 통신사는 LG유플러스가 유일하다.정보보호 대상은 과학기술정보통신부가 주최하고 한국정보보호산업협회(KISIA)가 주관하는 시상식이다. 매년 정보보호 기술 개발·서비스·정책 운영 등에서 우수한 성과를 거둔 기업·기관·개인에게 상을 수여하며, 서류심사·발표평가·최종심사 등 3단계에 걸쳐 최종 수상자를 선정한다.이번 시상식에서 LG유플러스는 전사 차원 보안 전략 수립, AI 기반 악성앱·피싱 탐지 체계 고도화, 고객 체감형 보안 서비스 확대 등의 성과를 인정받았다. LG유플러스의 정보보호대상 수상은 올해가 처음으로, 통신사업자로서는 16년만에 거둔 성과다.LG유플러스는 보안 경쟁력을 강화하기 위해 체계적인 보안 전략을 수립 및 실행하고 있다. 실제로 LG유플러스는 보안 거버넌스, 보안 예방, 보안 대응의 3대 보안 체계와 보이스피싱·스미싱 예방 풀패키지를 중심으로 한 '보안퍼스트 전략'을 수립했다. LG유플러스는 향후 5년간 정보보호 분야에 7000억원을 투자하고 고객 보호 활동을 이어갈 계획이다.홍관희 LG유플러스 정보보안센터장(CISO·CPO)은 “이번 수상은 국가로부터 LG유플러스의 보안 역량을 공식적으로 인정받은 결과라는 점에서 뿌듯하다”며 “앞으로도 지속적인 투자와 전략 실행으로 고객이 안심할 수 있는 보안을 제공하는 통신사가 될 것”이라고 말했다."
https://n.news.naver.com/mnews/article/138/0002202636?sid=105,2025-08-13 09:42:12,IT/과학,"LGU+, 정보보호 대상서 대상 수상…통신사 중 유일","국내 최고 수준 정보 보호 역량 입증[디지털데일리 강소현기자] LG유플러스는 국내 정보보호 분야 최고 권위 시상식인 ‘제24회 정보보호 대상’에서 최고상인 대상을 수상했다고 13일 밝혔다.정보보호 대상은 과학기술정보통신부가 주최하고 한국정보보호산업협회(KISIA)가 주관하는 시상식이다. 매년 정보보호 기술 개발·서비스·정책 운영 등에서 우수한 성과를 거둔 기업·기관·개인에게 상을 수여하며 서류심사·발표평가·최종심사 등 3단계에 걸쳐 최종 수상자를 선정한다.이번 시상식에서 LG유플러스는 ▲전사 차원 보안 전략 수립 ▲AI 기반 악성앱·피싱 탐지 체계 고도화 ▲고객 체감형 보안 서비스 확대 등의 성과를 인정받아 대상을 수상했다. LG유플러스의 정보보호대상 수상은 올해가 처음으로 통신사업자로서는 16년만에 거둔 성과다.LG유플러스는 보안 경쟁력을 강화하기 위해 체계적인 보안 전략을 수립 및 실행하고 있다. 실제로 LG유플러스는 ▲보안 거버넌스 ▲보안 예방 ▲보안 대응의 3대 보안 체계와 보이스피싱·스미싱 예방 풀패키지를 중심으로 한 ‘보안퍼스트 전략’을 수립했다.LG유플러스는 향후 5년간 정보보호 분야에 7000억원을 투자하고 고객 보호 활동을 이어갈 계획이다.홍관희 LG유플러스 정보보안센터장(CISO/CPO·전무)은 “이번 수상은 국가로부터 LG유플러스의 보안 역량을 공식적으로 인정받은 결과라는 점에서 뿌듯하다”며 “앞으로도 지속적인 투자와 전략 실행으로 고객이 안심할 수 있는 보안을 제공하는 통신사가 될 것”이라고 말했다.한편 대상은 국내 기업 중 2개 기업이 수상했으며, 이번 수상은 국내 통신사 중 유일한 수상이라는 점에서 의미가 있다. 시상식은 오는 11월 중 진행될 예정이다."
https://n.news.naver.com/mnews/article/640/0000074956?sid=105,2025-08-13 10:20:28,IT/과학,"Gov't, Korea's three telecom giants join hands to invest in AI","Minister of Science and ICT Bae Kyung-hoon poses with heads of Korea's major telecommunications companies and related institutions at an event held on Aug. 12 at the Westin Josun Hotel in Jung District, central Seoul. From left are: Yoo Ji-sang, chairman of the Korea IT Fund investment operations committee; Lee Chul-hoon, vice president of LG Uplus; Ryu Young-sang, CEO of SK Telecom; Minister Bae; Kim Young-shub, CEO of KT; and Song Jae-Sung, vice president of the Korea Telecommunications Operators Association. [YONHAP]The government and Korea’s three major telecommunications companies are partnering up to expand domestic investment in AI, with over 280 billion won ($202 million) of investment promised by the three companies in AI.The Ministry of Science and ICT announced a joint event with the heads of domestic telcos at the Westin Josun Hotel in central Seoul to announce joint investment plans and a commitment to collaborate on AI development.Attendees included Science Minister Bae Kyung-hoon, chiefs of the Korea IT Fund (KIF), the vice chairman of the Korea Telecommunications Operators Association — which oversees KIF’s operations — and the chairman of the KIF Investment Operations Committee.KIF — a private master fund established in 2002 with a combined 300 billion won investment from SK Telecom, KT and LG U+ — finances sub-funds that support domestic information and communications technology startups. As of last year, it had created 91 feeder funds and invested 4.7 trillion won in 1,669 promising ICT startups. Originally set to operate until 2030, its life span has been extended to the end of 2040, with new feeder funds to be launched starting this year.While KIF has traditionally invested in software, ICT and technology commercialization, it will now focus on AI.The master fund will inject 150 billion won this year, with limited partners contributing an additional 150 billion won, to create feeder funds worth over 300 billion won. More than 240 billion won will be allocated to fostering AI core and base technologies, as well as AI transformation companies. This includes a 40 billion won AI semiconductor-dedicated fund and a 20 billion won fund for promoting ICT technology commercialization and spreading the results. KIF aims to direct 90 percent of the 300 billion won toward AI to align with the government’s goal of becoming one of the world’s top three AI powers.“We will support private sector projects by offering tax cuts for investments in AI data centers and other related facilities and improving regulations,” said Minister Bae. “We will work as one team with the three telecom firms to revitalize the AI ecosystem.”This article was originally written in Korean and translated by a bilingual reporter with the help of generative AI tools. It was then edited by a native English-speaking editor. All AI-assisted translations are reviewed and refined by our newsroom staff."
https://n.news.naver.com/mnews/article/016/0002513921?sid=105,2025-08-13 11:36:17,IT/과학,"LGU+,  ‘정보보호 대상’ 수상","국내 통신사 유일…보안서비스 인정5년간 보안분야 7000억 투자 예정LG유플러스는 국내 정보보호 분야 시상식인 ‘제24회 정보보호 대상’에서 과학기술정보통신부 장관상(대상)을 수상했다고 13일 밝혔다.대상은 국내 기업 중 2개 기업이 수상했는데, 국내 통신사 중에는 LG유플러스가 유일하게 대상을 받았다. 시상식은 오는 11월 중 진행될 예정이다.정보보호 대상은 과학기술정보통신부가 주최하고 한국정보보호산업협회(KISIA)가 주관하는 시상식이다. 매년 정보보호 기술 개발·서비스·정책 운영 등에서 우수한 성과를 거둔 기업·기관·개인에게 상을 수여한다. 서류심사·발표평가·최종 심사 등 3단계에 걸쳐 최종 수상자를 선정한다.해당 시상식에서 LG유플러스는 ▷전사 차원 보안 전략 수립 ▷인공지능(AI) 기반 악성 앱·피싱 탐지 체계 고도화 ▷고객 체감형 보안 서비스 확대 등 성과를 인정받았다. LG유플러스의 정보보호 대상 수상은 올해가 처음이다. 통신사업자로서는 16년 만이다.나아가 LG유플러스는 보안 경쟁력 강화를 위한 전략 수립 및 실행에 나서고 있다. 실제로 ▷보안 거버넌스 ▷보안 예방 ▷보안 대응의 3대 보안 체계, 보이스피싱·스미싱 예방 풀패키지를 중심으로 한 ‘보안퍼스트 전략’을 수립한 바 있다.이와 관련 LG유플러스는 향후 5년간 정보보호 분야에 7000억원을 투자하는 등 고객 보호 활동을 이어갈 계획이다.홍관희(사진) LG유플러스 정보보안센터장은 “이번 수상은 국가로부터 LG유플러스의 보안 역량을 공식적으로 인정받은 결과라는 점에서 뿌듯하다”며 “앞으로도 지속적인 투자와 전략 실행으로 고객이 안심할 수 있는 보안을 제공하는 통신사가 될 것”이라고 말했다. 고재우 기자"
https://n.news.naver.com/mnews/article/629/0000416452?sid=105,2025-08-13 13:46:11,IT/과학,"LGU+, '제24회 정보보호 대상' 최고상 수상…통신사 중 유일","보안 전략 수립·악성앱 및 피싱 탐지 체계·보안 서비스 확대 등 성과 인정LG유플러스가 국내 정보보호 분야 최고 권위 시상식인 '제24회 정보보호 대상'에서 최고상인 대상(과학기술정보통신부 장관상)을 수상했다. /LG유플러스LG유플러스가 국내 정보보호 분야 최고 권위 시상식인 '제24회 정보보호 대상'에서 최고상인 대상(과학기술정보통신부 장관상)을 수상했다고 13일 밝혔다. 이번 수상은 국내 통신사 중 유일하다. 시상식은 오는 11월 중 진행된다.정보보호 대상은 과기정통부가 주최하고 한국정보보호산업협회(KISIA)가 주관하는 시상식으로, 매년 정보보호 기술 개발·서비스·정책 운영 등에서 우수한 성과를 거둔 기업·기관·개인에게 수여한다. 심사는 서류심사, 발표평가, 최종심사 등 3단계를 거쳐 이뤄진다.LG유플러스는 △전사 차원의 보안 전략 수립 △AI 기반 악성앱·피싱 탐지 체계 고도화 △고객 체감형 보안 서비스 확대 등의 성과를 인정받아 대상을 받았다. LG유플러스의 정보보호 대상 수상은 올해가 처음으로, 통신사업자로서는 16년만에 거둔 성과다.회사는 보안 경쟁력 강화를 위해 △보안 거버넌스 △보안 예방 △보안 대응의 3대 보안 체계와 보이스피싱·스미싱 예방 풀패키지를 중심으로 한 '보안퍼스트 전략'을 수립했다. 향후 5년간 정보보호 분야에 7000억원을 투자하고 고객 보호 활동을 지속할 계획이다.홍관희 LG유플러스 정보보안센터장은 ""이번 수상은 국가로부터 LG유플러스의 보안 역량을 공식적으로 인정받은 결과라는 점에서 뿌듯하다""며 ""앞으로도 지속적인 투자와 전략 실행으로 고객이 안심할 수 있는 보안을 제공하는 통신사가 될 것""이라고 말했다.발로 뛰는 더팩트는 24시간 여러분의 제보를 기다립니다.▶카카오톡: '더팩트제보' 검색▶이메일: jebo@tf.co.kr▶뉴스 홈페이지: http://talk.tf.co.kr/bbs/report/write"
https://n.news.naver.com/mnews/article/018/0006088875?sid=105,2025-08-13 14:08:09,IT/과학,"LGU+, ‘제24회 정보보호 대상’...통신사 유일 ‘대상’","과학기술정보통신부 장관상 수상보안 전략 수립·악성앱 및 피싱 탐지 체계 성과향후 5년간 보안 분야 7000억원 투자 예정[이데일리 윤정훈 기자]LG유플러스(032640)가 국내 최고 수준의 보안 역량을 갖춘 사업자로 인정받았다.(사진=LG유플러스)LG유플러스는 국내 정보보호 분야 최고 권위 시상식인 ‘제24회 정보보호 대상’에서 최고상인 대상(과학기술정보통신부 장관상)을 수상했다고 13일 밝혔다. 대상은 국내 기업 중 2개 기업이 수상했으며, 이번 수상은 국내 통신사 중 유일한 수상이라는 점에서 의미가 있다. 시상식은 오는 11월 중 진행될 예정이다.정보보호 대상은 과학기술정보통신부가 주최하고 한국정보보호산업협회(KISIA)가 주관하는 시상식이다. 매년 정보보호 기술 개발·서비스·정책 운영 등에서 우수한 성과를 거둔 기업·기관·개인에게 상을 수여하며, 서류심사·발표평가·최종심사 등 3단계에 걸쳐 최종 수상자를 선정한다.이번 시상식에서 LG유플러스는 △전사 차원 보안 전략 수립 △AI 기반 악성앱·피싱 탐지 체계 고도화 △고객 체감형 보안 서비스 확대 등의 성과를 인정받아 대상을 수상했다. LG유플러스의 정보보호대상 수상은 올해가 처음으로, 통신사업자로서는 16년만에 거둔 성과다.LG유플러스는 보안 경쟁력을 강화하기 위해 체계적인 보안 전략을 수립 및 실행하고 있다. 실제로 LG유플러스는 △보안 거버넌스 △보안 예방 △보안 대응의 3대 보안 체계와 보이스피싱·스미싱 예방 풀패키지를 중심으로 한 ‘보안퍼스트 전략’을 수립했다. LG유플러스는 향후 5년간 정보보호 분야에 7000억원을 투자하고 고객 보호 활동을 이어갈 계획이다.홍관희 LG유플러스 정보보안센터장(CISO/CPO, 전무)은 “이번 수상은 국가로부터 LG유플러스의 보안 역량을 공식적으로 인정받은 결과라는 점에서 뿌듯하다”며 “앞으로도 지속적인 투자와 전략 실행으로 고객이 안심할 수 있는 보안을 제공하는 통신사가 될 것”이라고 말했다."
https://n.news.naver.com/mnews/article/031/0000957025?sid=105,2025-08-13 16:51:10,IT/과학,국내 이통사 5G 보급률 80% 시대 열렸다,"LGU+, 6월 기준 5G 보급률 79.86%⋯KT 79.53%·SKT 76.16% 순KT와 LG유플러스의 휴대폰(핸드셋) 기준 5G 보급률이 80%에 육박했다. 양사 핸드셋 가입자 10명 중 8명은 '5G 고객'이라는 의미다.서울 중구 한 휴대폰 매장 간판에 이동통신 3사 로고가 걸려 있다.13일 과학기술정보통신부(장관 배경훈)가 최근 공개한 유무선통신서비스 가입 현황에 따르면, 올해 6월 기준 LG유플러스의 휴대폰 전체 회선 수는 1118만347개다. 이 중 5G 회선 수는 892만9629개로 전체의 79.86% 비중을 차지했다.같은 기간 KT의 5G 보급률은 79.53%로 집계됐다. 휴대폰 전체 회선과 5G 회선 수가 각각 1366만1813개, 1086만6475개로 집계되면서다. 가입자가 가장 많은 SK텔레콤은 상대적으로 낮은 76.16%(2235만670개, 1702만2365개)로 집계됐다.지난 6월분 수치인 점을 감안하면 LG유플러스와 KT의 5G 보급률은 이미 80%를 넘어선 것으로 추정된다. 앞서 진행된 2분기 실적발표 컨퍼런스콜에서 장민 KT 최고재무책임자(CFO)는 과도한 보조금 경쟁이 일어나지 않을 것으로 보는 배경 중 하나로 ""5G 보급률이 80% 이상 높아졌다""고 언급한 바 있다.5G는 3G, LTE 대비 기본 요금이 고가에 책정돼 있다. 사업자 입장에서는 가입자 비중이 높아질수록 평균 단가가 올라가고, 이는 보통 ARPU(가입자당 평균 매출) 상승으로 연결된다. 다만 5G 보급률이 높아진 만큼 ARPU 성장세는 둔화되고 있는 상황이다.한편, 같은 달 기준 LTE 보급률은 SK텔레콤이 22.72%로 가장 높게 집계됐다. LG유플러스 20.13%, KT 20.04% 순이다. 3G 보급률은 SK텔레콤 1.11%, KT 0.41%로 나타났다. LG유플러스는 3G 서비스를 운영하지 않는다."
https://n.news.naver.com/mnews/article/119/0002990869?sid=105,2025-08-13 17:32:18,IT/과학,"LG U+, ‘제24회 정보보호 대상’서 대상 수상","보안 전략 수립·악성앱 및 피싱 탐지 체계·보안 서비스 확대 등 성과 인정LG유플러스 용산 사옥 전경ⓒLG유플러스[데일리안 = 조인영 기자] LG유플러스가 국내 최고 수준의 보안 역량을 갖춘 사업자로 인정받았다.LG유플러스는 국내 정보보호 분야 최고 권위 시상식인 ‘제24회 정보보호 대상’에서 최고상인 대상(과학기술정보통신부 장관상)을 수상했다고 13일 밝혔다.대상은 국내 기업 중 2개 기업이 수상했으며, 이번 수상은 국내 통신사 중 유일한 수상이라는 점에서 의미가 있다. 시상식은 오는 11월 중 진행될 예정이다.정보보호 대상은 과학기술정보통신부가 주최하고 한국정보보호산업협회(KISIA)가 주관하는 시상식이다. 매년 정보보호 기술 개발·서비스·정책 운영 등에서 우수한 성과를 거둔 기업·기관·개인에게 상을 수여하며, 서류심사·발표평가·최종심사 등 3단계에 걸쳐 최종 수상자를 선정한다.이번 시상식에서 LG유플러스는 ▲전사 차원 보안 전략 수립 ▲AI 기반 악성앱·피싱 탐지 체계 고도화 ▲고객 체감형 보안 서비스 확대 등의 성과를 인정받아 대상을 수상했다. LG유플러스의 정보보호대상 수상은 올해가 처음으로, 통신사업자로서는 16년만에 거둔 성과다.LG유플러스는 보안 경쟁력을 강화하기 위해 체계적인 보안 전략을 수립 및 실행하고 있다. 실제로 LG유플러스는 ▲보안 거버넌스 ▲보안 예방 ▲보안 대응의 3대 보안 체계와 보이스피싱·스미싱 예방 풀패키지를 중심으로 한 ‘보안퍼스트 전략’을 수립했다. LG유플러스는 향후 5년간 정보보호 분야에 7000억원을 투자하고 고객 보호 활동을 이어갈 계획이다.홍관희 LG유플러스 정보보안센터장(CISO/CPO, 전무)은 “이번 수상은 국가로부터 LG유플러스의 보안 역량을 공식적으로 인정받은 결과라는 점에서 뿌듯하다”며 “앞으로도 지속적인 투자와 전략 실행으로 고객이 안심할 수 있는 보안을 제공하는 통신사가 될 것”이라고 말했다."
https://n.news.naver.com/mnews/article/018/0006089274?sid=102,2025-08-13 22:18:16,사회,"[미리보는 이데일리 신문]개헌으로 정치개혁, AI로 경제혁신…진짜 한국 만든다","[이데일리 김윤정 기자] 다음은 14일자 이데일리 신문 주요 뉴스다.△1면-개헌으로 정치개혁, AI로 경제혁신…진짜 한국 만든다-채찍만 보이는 산재 근절책, 이대론 文정부 실책만 반복-금융당국 특보 이억원·이찬진…공정위원장 주병기-“보험가입자 부담 커져 교육세 인상 신중해야”-[사설]공공 현장이 더 심각한 헐값 공사…산재, 기업은 속탄다-2차 추경에도 0%대 성장 전망…구조개혁 외 뾰족수 없다△李 대통령, 장차관 인선-‘5천피’ 특명 받은 금융 투톱… 집값 억제 과제도-교육부장관 최교진, “서울대 10개 만들기 적임자”-공정위원장 주병기, 이 대통령 경제멘토… ‘온플법’ 최대 과제-여가부장관 원민경… 문체부 1차관 김영수△전문가와 함께 쓰는 스페셜리포트-처벌보다 예방을…대기업은 자율적 개선 유도, 中企는 정부 지속지원 필요-“제기능 못하는 현행 안전기준 재정비가 더 시급”△李 정부 ‘123대 국정과제’-‘규제 제로화’로 AI 3대 강국 도약… 100조 국민펀드로 첨단산업 육성-메가 샌드박스 특구 도입…신산업 육성·지역 성장 두 토끼-증세·지출삭감으로 210조 마련한다는 정부…현실성은 글쎄-재생에너지 2배·송전망 30% 확대, 에너지고속도로 뚫어 AI시대 대비△李 정부 ‘123대 국정과제’-검찰청 폐지, 공소청·중수청 신설…커진 경찰 권한 국가경찰위로 견제-방첩사 없애고 5년 내 전작권 전환-재원 부담에…아동수당, 당초 18세→13세 미만으로 축소△종합-“세 부담 늘면 수익성 저하돼 소비자에 전가”… 금융권, 철회 압박-9월 ‘빅컷’ 솔솔… 美 달러·유가·금리 ‘3저 호황’ 가시화-7월 가계대출 증가세 주춤… 주담대 한 달만에 2조 줄어-록업 비율 확대 후폭풍… IPO 시장 한달째 ‘개점휴업’△정치-‘기업 氣 살리자’…여야, 한국판 IRA·직접환급제 논의 속도-李대통령, 23~24일 방일… 방미 앞서 한일정상회담-조국혁신당, 지도부 임기단축·조기 전대 결정… ‘조국 체제’ 복귀 수순-윤석열·전한길 ‘블랙홀’서 헤매는 국힘 전대△경제-건설업 고용난 15개월째… 식당도 사람 안 뽑아-“17년 만에 레포 양방향 매입 정례화로 단기금리 안정”-안형준 신임 통계청장… 첫 ‘내부승진’ 데이터 전문가-뜨거워진 바다에 수산물 가격 ‘펄펄’△금융-“보험사, ‘기후보험’으로 탄소중립 선도해야”-“여름 휴가철 소비 대응하자”…대규모 자금조달 나선 여신업계-내달부터 예금자보호 1억 상향, 2금융권으로 머니무브 일어날까-케이뱅크, 2분기 순익 682억… ‘역대 최대’△글로벌-통계 흔드는 트럼프…경제지표 ‘정치화’ 우려-논란의 수출세… 부과 기업 더 늘리겠다는 美-400조원 빚더미에 中 형다, 상장폐지△산업-메타렌즈 상용화 물꼬 튼 삼성전자… ‘카툭튀’ 스마트폰 사라진다-경영난 빠진 LCC, 자금 수혈에 사활-인재확보 나선 삼성SDI…美 ESS시장 공략 속도-현대차, 7년 만에 파업 전운-SK이노, MSCI ESG 경영평가서 최고등급 획득△ICT-AI로 임상시험 정밀성 UP… 이해진의 네이버, 헬스케어 공략-“산업 현장서 쓰이는 혁신적 AI모델 만들 것”-KT, 207억 규모 ‘국방 5G 인프라’ 사업 수주-AI 데이터 기업 셀렉트스파, 205억 규모 시리즈B 투자유치△산업-노란우산공제 해약 감소… 내수경기 반등하나-‘회사 밖은 지옥’… 퇴사자 22% 감소-“K테크에듀 톱티어 기업으로 거듭날 것”-상반기 벤처투자 5.7조… 3년 만에 최고치△과학카페-깨어난 ‘불의 고리’, 꿈틀대는 ‘난카이’-“AI 꼬마위성이 찍은 영상, 깐깐한 유럽 시장 뚫었죠”△제약·바이오-식물세포 기반 PDRN, 화장품 시장 흔든다-“빠른 시일내 자금조달 마쳐 자회사 美 VGXI 설비 검증 마무리”-美 보훈병원서 척추 임플란트 첫 수술 성공-엔솔바이오, ‘먹는 비만치료제’ 기술수출 청신호△증권-케데헌 효과… ‘K’ 들어가면 뛴다-‘팔란티어 직접투자 부담돼’ ETF로 눈돌린 투자자들-2분기 美매출 760% 뛴 브이티… 시장 “저가 매수 기회”-한국딜로이트 “기업들, BSM 조기 도입하라”-장밋빛 전망 엔씨소프트, 일각선 “신작 반응 봐야”△부동산-비아파트도 ‘미리내집’… 신혼부부 부담 덜고 편리성 높였다-전세 자금줄 막히자… 300만원 넘는 월세 계약 ‘쑥’-대출규제 직격… 아파트 입주 포기 확대 우려-강남·잠실·창동까지, 건물 높이 제한 완화△엔터테인먼트-1분이면 충분해, 숏드에 빠질 시간-해외 영화제 줄줄이 초청… 다시 뜨는 한국영화△피플-“만리 날아 조국 독립을 꿈꾸다” 스타벅스가 전한 ‘백범 김구’ 정신-“스토킹 범죄, 고민하지 말고 신고하세요”-“중동도 K웹툰 열풍… 韓 콘텐츠 산업은 교과서”-LGU+, 제24회 정보보호 대상…통신사 유일최진식 중견련 회장 “규제 완화로 중견기업 스케일업 견인”△오피니언-[김학균의 투자레슨]다시, 연준의 시간-[기고]70년 기업 뒤흔드는 상법 개정 후폭풍-[e갤러리]이채일 ‘자동차가 있는 풍경’△26면 (전국)-민생·환경·경제 다 잡은 경기패스-산주·주민·지자체 합심… ‘푸른 황금숲’ 시대 열구다-박달 탄약고 지하화 결정, 안양 스마트밸리 본궤도-대전 기업 시총 첫 70조 돌파△사회-김건희특검, 尹공범 혐의 입증에 주력…다른 의혹 수사도 속도낼 듯-마취제·담배 섞은 ‘변종마약’ 적발-수도권 덮친 ‘240㎜ 물폭탄’-“소비쿠폰 지자체 부담 덜어줄 것”-“AI교과서 선택적 도입 취소해야” 발행사 행정소송 오늘 첫 재판"
https://n.news.naver.com/mnews/article/018/0006089399?sid=105,2025-08-14 08:35:08,IT/과학,알뜰폰 가입자 1천만 명 돌파…상반기 SKT만 감소세,"알뜰폰, 6월 기준 전년 대비 81만 명 증가...17.6% 기록SKT 39.0%, KT 23.84%, LG U+ 12.51%4월 18일 발생한 해킹 사건 여파[이데일리 김현아 기자] 알뜰폰(MVNO) 가입자가 2025년 6월 기준 1011만여 회선을 기록하며 사상 처음 1천만 명을 넘어섰다.과학기술정보통신부 집계에 따르면 이는 지난해 같은 기간보다 81만 1588명 증가한 수치로, 이동통신 3사와 비교해 가장 높은 증가폭을 보였다.통신업계 관계자는 “알뜰폰의 1천만 명 돌파는 가격 경쟁력과 다양한 제휴 서비스가 맞물린 결과”라고 평했다.사업자별로 보면, SK텔레콤은 2235만여 회선으로 전년 같은 기간에 비해 75만 7683명 감소하며 4사 중 유일하게 가입자가 줄었다.KT는 1366만여 회선으로 20만 4988명, LG유플러스는 1118만여 회선으로 23만 4859명 증가했다.2025년 6월 기준 고객용 휴대폰 회선 점유율은 SK텔레콤이 39.0%로 1위를 유지했으며, KT 23.84%, LG유플러스 19.51%, 알뜰폰 17.64% 순이었다.업계는 SK텔레콤 가입자 감소의 주요 원인으로 4월 18일 발생한 대규모 해킹 사건을 지목한다. 회사는 4월 28일부터 전국 매장에서 무상 유심(USIM) 교체를 시작했는데, 4월 28일 하루에만 번호이동으로 2만5403명이 이탈했다. 이는 일일 평균 순감(100~200명)의 약 200배에 달하는 수치다."
https://n.news.naver.com/mnews/article/003/0013421464?sid=105,2025-08-14 09:00:00,IT/과학,"LGU+ 임직원, '광복 80주년' 맞아 성금 2000만원 기부","LGU+ 임직원, 매달 급여로 1000원씩 기부 캠페인강제동원·강제이주 동포와 독립운동가 후손 지원[서울=뉴시스] LG유플러스는 임직원들이 광복 80주년을 맞아 성금 2000만원을 기부했다고 14일 밝혔다. (사진 왼쪽부터) 한성현 LG유플러스 모바일마케팅팀장, 이성휴 국가보훈부 사무관, 박종술 대한적십자사 사무총장. (사진=LG유플러스 제공) 2025.08.14. photo@newsis.com *재판매 및 DB 금지[서울=뉴시스]박은비 기자 = LG유플러스는 임직원들이 광복 80주년을 맞아 성금 2000만원을 기부했다고 14일 밝혔다.성금은 대한적십자사를 통해 일제강점기 강제동원·강제이주 등으로 피해를 겪은 국내외 동포와 독립운동가 후손들을 지원하는 데 사용된다.이번 성금은 LG유플러스 임직원들이 천원의 사랑 캠페인으로 마련됐다. 천원의 사랑은 회사 임직원들이 자발적으로 매달 급여에서 1000원씩 기부하는 사회공헌 캠페인이다.먼저 지난 5일에는 사할린으로 강제 동원된 한인들을 돕기 위해 인천사할린동포복지회관에 기부금을 전달했다. 사할린 동포들은 광복 이후에도 무국적자 상태로 귀국하지 못한 채 고초를 겪었고, 1992년 우리나라가 러시아와 수교한 이후에야 돌아올 수 있게 됐다. 이번 기부금으로 노후 침상 교체 등 사할린 동포들의 복지 환경 개선에 사용된다.지난 11일에는 경남 합천원폭피해자복지회관에 성금을 전달했다. 원폭 피해자들은 강제 동원된 뒤 일본 히로시마와 나가사키에서 원자폭탄 피해를 당하고 귀국한 이들이다. 성금은 원폭 피해자 생활 개선과 프로그램 운영 등을 지원한다.14일에는 소련에 의해 중앙아시아로 강제 이주된 고려인 중 귀국한 이들을 돕기 위해 광주고려인마을에 기부금을 전달했다. 이들은 1937년 스탈린 명령으로 연해주에서 중앙아시아까지 이주했고 척박한 환경을 일구며 생활해왔다. 현재는 일부가 귀국해 광주, 인천, 경기 안선 등에 있는 고려인 마을에 정착해 살아가고 있다. 기부금은 생계비 등을 지원한다.마지막으로 지난달 30일에는 국가보훈부 히어로즈 주니어 프로그램에 장학금을 전달했다. 이 프로그램은 해외에서 독립운동을 하다가 사망하거나 귀국하지 못한 독립유공자 후손들이 영주귀국할 때 교육·장학금·주거 등을 종합적으로 지원하는 사업이다.한성현 LG유플러스 모바일마케팅팀장은 ""가족이 겪은 고통을 사회가 기억해주는 것만으로도 큰 위로가 된다""며 ""이번 기부가 지금도 아픔 속에서 살아가는 분들에게 따뜻한 힘과 희망이 되길 바란다""고 말했다．"
https://n.news.naver.com/mnews/article/031/0000957159?sid=105,2025-08-14 09:10:15,IT/과학,"LGU+ 임직원, 광복 80주년 맞아 성금 2000만원 기부","사할린 동포·원폭 피해자·고려인 가정·독립운동가 후손 등 지원LG유플러스(대표 홍범식)는 임직원들이 광복 80주년을 맞아 일제강점기 강제동원·강제이주 등으로 피해를 겪은 국내외 동포와 독립운동가 후손을 지원하기 위해 성금 2000만원을 기부했다고 14일 밝혔다.LG유플러스 임직원들이 광복 80주년을 맞아 일제강점기 강제동원·강제이주 등으로 피해를 겪은 동포와 독립운동가 후손을 지원하기 위해 성금 2000만원을 기부했다. 사진은 왼쪽부터 한성현 LG유플러스 모바일마케팅팀장, 이성휴 국가보훈부 사무관, 박종술 대한적십자사 사무총장. [사진=LGU+]LG유플러스 임직원들은 천원의 사랑 캠페인으로 조성한 기금을 대한적십자사에 전달했다. 천원의 사랑은 LG유플러스 임직원들이 자발적으로 매달 급여에서 1000원씩을 기부하는 사회공헌 캠페인이다.지난 5일 사할린으로 강제 동원된 한인들을 돕기 위해 인천사할린동포복지회관에 기부금을 전달했다. 사할린 동포들은 광복 이후에도 무국적자 상태로 귀국하지 못한 채 고초를 겪었다. 1992년 우리나라가 러시아가 수교한 이후 돌아올 수 있게 됐다. LG유플러스 기부금은 노후 침상 교체 등 복지 환경 개선에 활용될 예정이다.11일에는 경남 합천원폭피해자복지회관에 성금을 전달했다. 원폭 피해자들은 일제에 의해 강제 동원돼 고통을 겪다가 일본 히로시마와 나가사키에서 원자폭탄 피해를 당하고 귀국한 이들이다. 성금은 원폭 피해자 생활개선, 프로그램 운영 등에 사용된다.14일에는 소련에 의해 중앙아시아로 강제 이주당한 고려인 중 귀국한 이들을 돕기 위해 광주고려인마을에 기부금을 전달했다. 이들은 1937년 스탈린의 명령으로 연해주에서 중앙아시아까지 약 6500km를 이주해야 했다. 척박한 환경을 일구며 멸시와 차별을 당했다. 현재는 일부가 귀국해 광주, 인천, 경기 안산 등에 위치한 고려인 마을에 정착해 살아가고 있다. 기부금은 생계비 지원 등에 사용될 예정이다.기부금 전달식에는 LG유플러스 임직원 중 독립유공자 후손들이 직접 참석했다. 전달식에 참여한 한성현 LG유플러스 모바일마케팅팀장은 ""가족이 겪은 고통을 사회가 기억해주는 것만으로도 큰 위로가 된다""며 ""이번 기부가 지금도 아픔 속에서 살아가는 분들에게 따뜻한 힘과 희망이 되기를 바란다""고 말했다."
https://n.news.naver.com/mnews/article/008/0005235919?sid=105,2025-08-14 09:15:09,IT/과학,"LGU+, 광복 80주년 맞아 일제강점기 피해 동포 2000만원 지원","LG유플러스 임직원들이 광복 80주년을 맞아 일제강점기 강제동원·강제이주 등으로 피해를 겪은 분들과 독립운동가 후손들을 지원하기 위해 대한적십자사를 통해 성금 2000만원을 기부했다. (왼쪽부터) 한성현 LG유플러스 모바일마케팅팀장, 이성휴 국가보훈부 사무관, 박종술 대한적십자사 사무총장. /사진=LG유플러스LG유플러스 임직원들이 광복 80주년을 맞아 일제강점기 강제동원·강제이주 등으로 피해를 겪은 국내외 동포와 독립운동가 후손을 지원하기 위해 성금 2000만원을 기부했다.LG유플러스는 임직원들이 '천원의 사랑' 캠페인으로 조성한 기금을 대한적십자사를 통해 사할린 동포, 원폭 피해자, 고려인 귀환 가정, 독립운동가 후손 등에게 전달했다고 14일 밝혔다.'천원의 사랑'은 LG유플러스 임직원들이 자발적으로 매달 급여에서 1000원씩을 기부하는 사회공헌 캠페인이다.먼저 지난 5일에는 일제에 의해 사할린으로 강제 동원된 한인들을 돕기 위해 인천사할린동포복지회관에 기부금을 전달했다. 사할린 동포는 광복 이후에도 무국적자 상태로 귀국하지 못하다가 1992년 우리나라가 러시아가 수교한 이후에야 돌아올 수 있게 됐다. LG유플러스의 기부금은 노후 침상 교체 등 사할린 동포들의 복지 환경 개선에 활용될 예정이다.또 LG유플러스 임직원들은 지난 11일 경남 합천원폭피해자복지회관에 성금을 전했다. 원폭 피해자들은 일제에 의해 강제 동원돼 고통을 겪다가 일본 히로시마와 나가사키에서 원자폭탄 피해를 당하고 귀국한 이들이다. LG유플러스가 마련한 성금은 원폭 피해자 생활개선 및 프로그램 운영 등에 사용된다.이날에는 소련에 의해 중앙아시아로 강제 이주당한 고려인 중 귀국한 이들을 돕기 위해 광주고려인마을에 기부금을 전달했다. 이들은 1937년 스탈린의 명령으로 연해주에서 중앙아시아까지 약 6500km를 이주했다. 현재는 일부가 귀국해 광주, 인천, 경기 안산 등에 위치한 고려인 마을에 정착해 살아가고 있다. 기부금은 생계비 지원 등에 사용될 예정이다.앞서 지난달 30일에는 국가보훈부의 '히어로즈 주니어' 프로그램에 장학금을 전달했다. 이 프로그램은 해외에서 독립운동을 하다가 사망하거나 귀국하지 못한 독립유공자의 후손들이 영주귀국할 때 교육·장학금·주거 등을 종합적으로 지원하는 사업이다.기부금 전달식에는 LG유플러스 임직원 중 독립유공자 후손들이 직접 참석했다. 전달식에 참여한 한성현 LG유플러스 모바일마케팅팀장은 ""가족이 겪은 고통을 사회가 기억해주는 것만으로도 큰 위로가 된다""며 ""이번 기부가 지금도 아픔 속에서 살아가는 분들에게 따뜻한 힘과 희망이 되기를 바란다""고 말했다."
https://n.news.naver.com/mnews/article/421/0008427942?sid=105,2025-08-14 09:15:14,IT/과학,"LGU+ 임직원, 일제강점기 강제동원·이주 피해 동포 지원","광복 80주년 맞아 성금 2000만원 기부(LG유플러스 제공)(서울=뉴스1) 나연준 기자 = LG유플러스(032640) 임직원들이 광복 80주년을 맞아 일제강점기 강제동원·강제이주 등으로 피해를 겪은 국내외 동포와 독립운동가 후손들을 지원하기 위해 성금 2000만 원을 기부했다.LG유플러스는 임직원들이 '천원의 사랑' 캠페인으로 조성한 기금을 대한적십자를 통해 사할린 동포, 원폭 피해자, 고려인 귀환 가정, 독립운동가 후손 등에게 전달했다고 14일 밝혔다.'천원의 사랑'은 LG유플러스 임직원들이 자발적으로 매달 급여에서 1000원씩 기부하는 사회공헌 캠페인이다.임직원들은 5일 일제에 의해 사할린으로 강제 동원된 한인들을 돕기 위해 인천사할린동포복지회관에 기부금을 전달했다. 사할린 동포들은 광복 이후에도 무국적자 상태로 귀국하지 못하다 1992년 러시아와 수교 이후 돌아올 수 있었다.11일에는 경남 합천원폭피해자복지회관에 성금을 전했다. 원폭 피해자들은 일제에 의해 강제 동원돼 고통을 겪다가 일본 히로시마와 나가사키에서 원자폭탄 피해를 당하고 귀국한 이들이다.14일에는 소련에 의해 중앙아시아로 강제 이주당한 고려인 중 귀국한 이들을 돕기 위해 광주고려인마을에 기부금을 전달했다. 지난달 30일에는 국가보훈부의 '히어로즈 주니어' 프로그램에 장학금을 전달했다.기부금 전달식에 참여한 한성현 LG유플러스 모바일마케팅팀장은 ""이번 기부가 지금도 아픔 속에서 살아가는 분들에게 따뜻한 힘과 희망이 되기를 바란다""고 말했다."
https://n.news.naver.com/mnews/article/014/0005391550?sid=105,2025-08-14 09:34:16,IT/과학,"LG U+, 광복 80주년 맞아 일제 강제 동원·이주 피해 동포 지원","(왼쪽부터) 한성현 LG유플러스 모바일마케팅팀장, 이성휴 국가보훈부 사무관, 박종술 대한적십자사 사무총장. LG유플러스 제공[파이낸셜뉴스] LG유플러스는 ‘천원의 사랑’ 캠페인으로 조성한 기금을 대한적십자사를 통해 사할린 동포, 원폭 피해자, 고려인 귀환 가정, 독립운동가 후손 등에게 전달했다고 14일 밝혔다.‘천원의 사랑’은 LG유플러스 임직원이 자발적으로 매달 급여에서 1000원씩 기부하는 사회공헌 캠페인이다.먼저 지난 5일 일제에 의해 사할린으로 강제 동원된 한인들을 돕기 위해 인천사할린동포복지회관에 기부금을 전달했다. 기부금은 노후 침상 교체 등 사할린 동포들의 복지 환경 개선에 활용될 예정이다. 사할린 동포들은 광복 후에도 무국적자 상태로 귀국하지 못했다가 지난 1992년 우리나라가 러시아와 수교한 이후에야 고국 땅을 밟았다.이어 11일에는 경남 합천원폭피해자복지회관에 성금을 전했다. 원폭 피해자들은 일제 시기 강제 동원됐다가 일본 히로시마와 나가사키에서 원폭 피해를 당하고 귀국한 이들이다. LG유플러스가 마련한 성금은 원폭 피해자 생활 개선 및 프로그램 운영 등에 사용될 계획이다. 또 14일에는 소련에 의해 중앙아시아로 강제 이주한 고려인 중 귀국자를 후원하고자 광주고려인마을에 기부금을 기탁했다. 기부금은 생계비 지원 등에 이용될 방침이다.한편 지난달 30일에는 국가보훈부 ‘히어로즈 주니어’ 프로그램에 장학금을 지급했다. 이는 해외에서 독립운동을 하다 사망하거나 귀국하지 못한 독립유공자의 후손들에게 교육·장학금·주거 등을 종합적으로 지원하는 사업이다.기부금 전달식에 참여한 한성현 LG유플러스 모바일마케팅팀장은 “가족이 겪은 고통을 사회가 기억해주는 것만으로도 큰 위로가 된다”며 “이번 기부가 지금도 아픔 속에서 살아가는 분들에게 따뜻한 힘과 희망이 되기를 바란다”고 말했다."
https://n.news.naver.com/mnews/article/092/0002386204?sid=105,2025-08-14 10:49:11,IT/과학,"LGU+ 임직원, 광복 80주년 맞아 일제강점기 피해 동포 지원","임직원 기부 통해 사할린 동포·원폭 피해자·고려인 가정·독립운동가 후손 지원LG유플러스 임직원들이 광복 80주년을 맞아 일제강점기 강제동원 강제이주 등으로 피해를 겪은 국내외 동포와 독립운동가 후손들을 지원하기 위해 성금 2천만 원을 기부했다.LG유플러스는 임직원들이 ‘천원의 사랑’ 캠페인으로 조성한 기금을 대한적십자사를 통해 사할린 동포, 원폭 피해자, 고려인 귀환 가정, 독립운동가 후손 등에게 전달했다고 14일 밝혔다.‘천원의 사랑’은 LG유플러스 임직원들이 자발적으로 매달 급여에서 1천 원씩을 기부하는 사회공헌 캠페인이다. LG유플러스 임직원들은 이번 기부를 통해 일제강점기 피해를 입은 분들에게 따뜻한 연대의 마음을 전하고자 했다.먼저 지난 5일 일제에 의해 사할린으로 강제 동원된 한인들을 돕기 위해 인천사할린동포복지회관에 기부금을 전달했다. 사할린 동포들은 광복 이후에도 무국적자 상태로 귀국하지 못한 채 고초를 겪었는데, 1992년 우리나라가 러시아가 수교한 이후에야 돌아올 수 있게 됐다. LG유플러스의 기부금은 노후 침상 교체 등 사할린 동포들의 복지 환경 개선에 활용될 예정이다.또 LG유플러스 임직원들은 지난 11일 경남 합천원폭피해자복지회관에 성금을 전했다. 원폭 피해자들은 일제에 의해 강제 동원돼 고통을 겪다가 일본 히로시마와 나가사키에서 원자폭탄 피해를 당하고 귀국한 이들이다. LG유플러스가 마련한 성금은 원폭 피해자 생활개선 및 프로그램 운영 등에 사용된다.14일에는 소련에 의해 중앙아시아로 강제 이주당한 고려인 중 귀국한 이들을 돕기 위해 광주고려인마을에 기부금을 전달했다. 이들은 1937년 스탈린의 명령으로 연해주에서 중앙아시아까지 약 6천500km를 이주해야 했으며, 척박한 환경을 일구며 멸시와 차별을 당했다. 현재는 일부가 귀국해 광주, 인천, 경기 안산 등에 위치한 고려인 마을에 정착해 살아가고 있다. 기부금은 생계비 지원 등에 사용될 예정이다.지난달 30일에는 국가보훈부의 ‘히어로즈 주니어’ 프로그램에 장학금을 전달했다. 이 프로그램은 해외에서 독립운동을 하다가 사망하거나 귀국하지 못한 독립유공자의 후손들이 영주귀국할 때 교육·장학금·주거 등을 종합적으로 지원하는 사업이다.기부금 전달식에는 LG유플러스 임직원 중 독립유공자 후손들이 직접 참석해 나눔의 의미를 더했다.전달식에 참여한 한성현 LG유플러스 모바일마케팅팀장은 “가족이 겪은 고통을 사회가 기억해주는 것만으로도 큰 위로가 된다”며 “이번 기부가 지금도 아픔 속에서 살아가는 분들에게 따뜻한 힘과 희망이 되기를 바란다”고 밝혔다.박종술 대한적십자사 사무총장은 “광복 80주년을 맞아 우리 사회가 역사 속 희생과 아픔을 잊지 않고, 미래 세대에게 올바른 기억을 전하는 것이 무엇보다 중요하다”며 “LG유플러스 임직원들의 소중한 나눔이 어려운 이웃에게 실질적인 도움이 되고, 나아가 국민 모두가 함께하는 연대의 물결로 확산되길 바란다”고 말했다."
https://n.news.naver.com/mnews/article/028/0002761140?sid=102,2025-08-14 13:18:19,사회,"‘E+ESG’, “지역경제 회복 실질 기여”","[한겨레]한겨레경제사회연구원 발표 성동구 지역회복력 종합평가 5위성수동 거리를 걷고 있는 방문객들. 성동구 제공성동구(구청장 정원오)가 2022년부터 추진해온 ‘E+ESG’(이+이에스지) 정책이 최근 한겨레경제사회연구원이 발표한 지역회복력평가에서 종합평가 전국 5위, 경제부문 전국 3위를 기록하며 코로나19 위기 이후 빠른 지역경제 회복에 실질적으로 기여한 것으로 평가됐다. 성동구는 종합평가 톱10 안에 서울 자치구로는 유일하게 포함됐다.‘E+ESG’는 기존 ESG(환경·사회·거버넌스)에 경제(Economy)를 결합한 성동구 고유의 도시 모델로 정원오 구청장이 제시한 도시정책 프레임이다. 구는 이를 정책화해 82개 정량 지표와 47개 실천 과제를 기반으로 도시 전체를 재설계해왔다.E+ESG 효과는 성수동에서 가장 뚜렷하게 나타나고 있다. 성수동 권역 외국인 관광객이 2024년 300만 명을 돌파한 데 이어 엘지유플러스(LGU+) 데이터에 따르면 2025년 상반기에만 약 300만 명인 것으로 분석됐다. 이에 따라 2025년 연간 외국인 방문객은 500만 명을 훌쩍 돌파할 것으로 예상된다.지난해 성수동의 외국인 신용카드 결제액은 1315억원으로 2023년 대비 226.3% 늘었다. 소비 품목의 95% 이상이 의류, 화장품 등 케이(K)컬처로 나타나 성수동이 외국인의 필수 쇼핑 코스로 자리 잡았다.구는 2014년부터 붉은 벽돌 지원 사업, 언더스탠드에비뉴 조성, 젠트리피케이션 방지정책, 소셜벤처 육성 등 정책을 통해 성수동을 찾는 문화예술인과 사회혁신가들의 활동을 적극적으로 뒷받침해왔다. 도시재생사업 추진으로 성수동에는 카페와 갤러리, 팝업스토어, 공방, 디자인 스튜디오 등 감각적인 공간이 들어서기 시작했고, 엠제트(MZ)세대와 관광객이 자연스럽게 몰려들었다. 이들의 창의성과 활기가 성수동만의 독특한 문화를 만들어냈다.여기에 더해 구가 추진한 기업 유치 전략도 큰 역할을 했다. 구는 ‘성수아이티(IT)산업·유통개발진흥지구’를 지정하고 용적률을 최대 560%까지 완화해 민간 투자를 유도했다. 단순한 규제 완화를 넘어 전략적 용도 지정과 고밀도 개발이 가능하도록 공간정책적 토대를 마련하고 한 달 이상 걸리던 건축 승인 절차를 최대 5일 이내로 단축했다. 태스크포스(TF)를 운영해 신속하게 진행한 결과다. 나아가 재정 지원도 병행해 구는 취득세와 재산세를 최대 50%까지 감면하는 제도를 운영 중이다. 2024년 한 해에만 15억원 규모의 기업 지원 효과가 발생했다.영국의 유명 여행문화잡지 ‘타임아웃’(Time Out) 선정 ‘세계에서 가장 아름다운 동네 4위’에 선정되는 등 대표적인 도시 브랜드가 되자 대기업과 대표 브랜드들이 성수동에 몰리고 있다. 에스엠(SM)엔터테인먼트, 무신사, 젠틀몬스터, 디올 성수, 크래프톤 등이 성수동에 거점을 마련했다. K뷰티브랜드 퓌(Fwee), 데이지크, 롬앤, 삐아 등은 성수동에 1호점을 열어 브랜드의 상징성을 확인받는 공간으로 떠오르고 있다.한편, 한겨레경제사회연구원이 발표한 ‘지역회복력 평가’는 단순한 위기 복구 수준을 넘어, 외부 충격 이후의 전환 능력, 적응력, 지속 가능한 성장 역량을 종합적으로 측정하는 공신력 있는 평가 지표다. 성동구는 이 평가에서 약 500개의 소셜벤처 및 사회적경제기업과 13만 개에 이르는 일자리 창출을 기반으로 혁신성과 포용성을 두루갖춘 회복 탄력성 높은 기초자치단체로 인정받았다.정원오 성동구청장은 “낡은 공장지대였던 성수동을 세계가 사랑하는 도시로 바꾸는 과정 자체가 E+ESG 전략이었다”며 “앞으로도 지속가능한 성장을 이어가는 도시로 자리매김하도록 노력하겠다”고 말했다.하변길 기자 seoul01@hani.co.kr서울살이 길라잡이 서울앤(www.seouland.com) 취재팀 편집"
https://n.news.naver.com/mnews/article/421/0008429192?sid=105,2025-08-14 15:18:57,IT/과학,"홍범식 LGU+ 대표, 취임 후 첫 자사주 매입…2.9억원 규모","LGU+ ""책임경영 일환""홍범식 LG유플러스 사장이 4일(현지시간) 스페인 바르셀로나의 한 호텔에서 '모바일 월드 콩그레스(MWC) 2025' 개막을 맞아 열린 기자간담회에서 취재진의 질문에 답하고 있다. 2025.3.5/뉴스1 ⓒ News1 민경석 기자(서울=뉴스1) 김정현 기자 = 홍범식 LG유플러스(032640) 대표가 자사주 2만 주를 매입했다. 지난해 12월 취임한 홍 대표의 자사주 매입은 처음이다.금융감독원 전자공시시스템에 따르면 홍 대표는 지난 13일 LG유플러스 주식 2만 주를 주당 1만 4717원에 장내 매수했다. 총 매입액은 2억 9434만 원이다.LG유플러스 관계자는 ""홍 대표가 책임경영의 일환으로 자사주를 매입했다""고 말했다.한편 LG유플러스는 주당 중간 배당금을 250원으로 확정한 바 있다. 별도 재무제표 기준 당기수이익의 40% 이상을 배당하겠다는 방침으로, 연간 현금 배당금도 지난해 수준을 유지하기로 했다.LG유플러스는 지난 8일 진행된 2분기 실적 콘퍼런스 콜에서 ""기보유 자사주 전액을 소각했으며 800억 원 규모의 자사주 매입을 추가 공시했다""고 밝힌 바 있다."
https://n.news.naver.com/mnews/article/031/0000957371?sid=105,2025-08-14 15:32:10,IT/과학,"홍범식 LGU+ 대표, 상반기 급여 7.1억⋯전 CEO는 55.5억 받아","매월 기본금 6600만원+직책수당 5300만원 지급⋯상여·기타 근로소득 無홍범식 LG유플러스 대표가 올해 상반기 보수총액으로 7억1400만원을 수령했다. 황현식 전 대표는 퇴직소득을 포함해 55억5200만원을 받았다.홍범식 LG유플러스 대표. [사진=LGU+]14일 LG유플러스가 금융감독원 전자공시시스템에 공시한 반기보고서에 따르면, 홍범식 대표는 올해 상반기 상여나 기타 근로소득 없이 급여로만 7억1400만원을 받았다.LG유플러스는 홍 대표의 급여에 대해 ""이사회에서 결정된 임원보수규정에 의거 직급(사장) 등을 고려해 기본급으로 월 평균 6600만원을 매월 지급했다""며 ""직책수당으로 직무 및 역할 중요성 등을 고려해 월 평균 5300만원을 매월 지급했다""고 설명했다.황현식 전 대표는 근로소득으로 급여 4억4900만원, 상여 6억4400만원, 기타 근로소득 800만원을 수령했다. 급여 중 기본급으로는 1월부터 3월까지 평균 6500만원을, 4월부터 6월까지 자문료로 평균 3250만원을 지급 받았다. 급여 중 직책수당으로는 1월부터 3월 중 평균 5200만원을 수령했다.LG유플러스는 황 전 대표 상여에 대해 ""전년도 회사 매출액, 영업이익 등으로 구성된 계량 지표 및 회사 중장기 기대 사항 이행, 리더십, 회사 기여도 등으로 구성된 비계량 지표를 평가해 기준연봉의 0% ~ 150% 수준 내에서 지급했다""고 설명했다.한편, 이날 홍 대표는 자사주 2만주를 장내 매수했다. 책임 경영 강화·주주가치 제고 일환이다. 총 매입액은 약 2억9434만원이다. 홍 대표가 자사주를 매입한 것은 이번이 처음이다."
https://n.news.naver.com/mnews/article/003/0013422970?sid=105,2025-08-14 15:33:55,IT/과학,"홍범식 LGU+ 대표, 자사주 2만주 매입…주주가치 제고","홍범식 대표, 3억 규모 자사주 장내 매수 결정""책임 경영 강화 및 주주가치 제고 도모할 것""[서울=뉴시스] 홍범식 LG유플러스 대표. (사진=LG유플러스 제공) 2025.03.25. photo@newsis.com *재판매 및 DB 금지[서울=뉴시스]박은비 기자 = 홍범식 LG유플러스 대표가 3억원 상당의 자사주 매입에 나섰다.LG유플러스는 홍범식 대표가 자사주 2만주를 장내 매수했다고 14일 공시했다. 평균 주당 매입가는 1만4717원으로, 총 매입액은 약 2억9434만원이다.지난해 말 취임한 홍 대표가 자사주를 매입한 건 이번이 처음이다.LG유플러스 측은 ""책임 경영을 강화하고 주주가치 제고를 도모하기 위해 자사주 매입을 결정했다""고 말했다.한편 LG유플러스는 지난달 21일 1000억원 규모의 자사주를 소각하고, 1075억원 규모의 중간배당을 발표한 바 있다. 이와 함께 약 4년 만에 800억원 가량의 자사주 추가 매입도 나설 계획이다.LG유플러스는 지난해 11월 중장기 재무 목표와 달성방안, 주주 환원 계획 등을 포함한 기업가치 제고 계획 '밸류업 플랜'을 공개했다.LG유플러스는 올해 중간배당으로 주당 250원을 지급한다. 지난해와 같은 규모로 이달 20일 지급될 예정이다."
https://n.news.naver.com/mnews/article/001/0015567245?sid=105,2025-08-14 15:49:12,IT/과학,"홍범식 LGU+ 대표, 자사주 2만주 매입…""책임 경영""","기자간담회에서 발언하는 홍범식 사장(서울=연합뉴스) 홍범식 LG유플러스 사장이 지난 4일(현지시간) 스페인 바르셀로나 인사이드 바이 멜리아 호텔에서 열린 취임 첫 기자간담회에서 발언하고 있다. 2025.3.6 [LG유플러스 제공. 재판매 및 DB 금지] photo@yna.co.kr(서울=연합뉴스) 박형빈 기자 = LG유플러스 홍범식 대표가 지난해 12월 취임한 이후 처음으로 자사주 2만 주를 매입했다.14일 금융감독원 전자공시시스템에 따르면 홍 대표는 전날 LG유플러스 주식 2만주를 주당 평균 1만4천717원에 장내 매수했다. 총매입액은 2억9천434만원이다.LG유플러스 관계자는 ""홍 대표가 책임 경영 차원에서 자사주를 매입했다""고 밝혔다.앞서 LG유플러스는 지난달 21일 주주가치 제고를 위해 1천억원 규모의 자사주를 소각하고 1천75억원 규모의 중간 배당을 발표한 바 있다.회사는 다음 달 4일부터 1년 동안 800억원가량의 자사주를 분할 매입할 계획이다. 이는 전일 종가(1만4천990원) 기준 약 533만6천891주로, 소각 전 전체 발행 주식 수 대비 1.22% 규모다.한편 LG유플러스는 올해 중간 배당금으로 지난해와 같은 주당 250원을 지급한다. 중간배당 기준일은 지난 5일이며 주주들에게는 오는 20일에 지급 예정이다.binzz@yna.co.kr"
https://n.news.naver.com/mnews/article/014/0005391879?sid=105,2025-08-14 16:01:11,IT/과학,"황현식 LGU+ 전 대표, 퇴직금만 44억.. 상반기에 55억 수령","황현식 LG유플러스 전 대표. LG유플러스 제공황현식 LG유플러스 전 대표가 44억원이 넘는 퇴직금을 포함해 올 상반기에만 55억원 이상을 수령한 것으로 나타났다.14일 LG유플러스가 금융감독원 전자공시시스템에 공시한 반기보고서에 따르면 황 전 대표는 상반기 보수로 급여 4억4900만원, 상여 6억4400만원, 기타 근로소득 800만원, 퇴직소득 44억5300만원을 받았다. 총 금액은 55억5200만원에 달한다.지난 1999년 LG유플러스의 전신인 LG텔레콤에 입사한 황 전 대표는 LG유플러스에서 25년 이상 근무하며 대표까지 역임했다. 잠시 LG그룹에서 일했지만 이른바 원클럽맨이다. LG유플러스는 황 전 대표 소득에 대해 “임원 퇴직금 지급 규정에 의거해 퇴직 시 기본연봉에 직위별 지급률 및 임원 근속기간을 고려해 산출했다”고 설명했다.현재 LG유플러스 최고경영자(CEO)인 홍범식 LG유플러스 대표는 올해 상반기 보수총액으로 7억1400만원을 수령했다. 홍 대표의 경우 별도 상여나 기타 근로소득은 없었다."
https://n.news.naver.com/mnews/article/277/0005637568?sid=105,2025-08-14 16:09:07,IT/과학,"홍범식 LGU+ 사장, 자사주 2만주 매입…""3억원 규모, 책임경영 차원""","홍범식 LG유플러스 사장(사진)이 지난해 12월 취임한 이후 처음으로 자사주 2만 주를 매입했다.14일 금융감독원 전자공시시스템에 따르면 홍 대표는 전날 LG유플러스 주식 2만주를 주당 평균 1만4717원에 장내 매수했다. 총매입액은 2억9434만원이다.LG유플러스 관계자는 ""홍 대표가 책임 경영 차원에서 자사주를 매입했다""고 밝혔다.앞서 LG유플러스는 지난달 21일 주주가치 제고를 위해 1000억원 규모의 자사주를 소각하고 1075억원 규모의 중간 배당을 발표한 바 있다.회사는 다음 달 4일부터 1년 동안 800억원가량의 자사주를 분할 매입할 계획이다. 이는 전일 종가(1만4990원) 기준 약 533만6891주로, 소각 전 전체 발행 주식 수 대비 1.22% 규모다.한편 LG유플러스는 올해 중간 배당금으로 지난해와 같은 주당 250원을 지급한다. 중간배당 기준일은 지난 5일이며 주주들에게는 오는 20일에 지급 예정이다."
https://n.news.naver.com/mnews/article/629/0000416946?sid=105,2025-08-14 16:14:17,IT/과학,"홍범식 LGU+ 사장, 첫 자사주 매입…3억원 규모","""책임 경영·주주가치 제고 차원""홍범식 LG유플러스 사장(사진)이 지난 3월10일 서울 용산 사옥에서 열린 타운홀미팅에서 '밝은 세상'의 정의와 실천방법 등을 설명하고 있다. /LG유플러스홍범식 LG유플러스 사장이 3억원 규모의 자사주를 매입했다.14일 금융감독원 전자공시시스템(DART)에 따르면 홍 사장은 전날 LG유플러스 주식 2만 주를 주당 1만4717원에 장내 매수했다. 총 매입액은 2억9434만원이다.지난해 말 취임한 홍 사장이 자사주를 매입한 건 이번이 처음이다.LG유플러스 관계자는 ""책임 경영을 강화하고 주주가치 제고를 도모하기 위해 자사주 매입을 결정했다""고 설명했다.LG유플러스는 지난달 21일 주주가치 제고를 위해 1000억원 규모의 자사주를 소각하고, 1075억원 규모의 중간배당을 발표했다. 회사는 800억원가량의 자사주 추가 매입에도 나설 예정이다.한편 LG유플러스는 올해 중간 배당금으로 주당 250원을 지급한다. 지난해와 같은 규모로, 오는 20일 지급될 예정이다.발로 뛰는 더팩트는 24시간 여러분의 제보를 기다립니다.▶카카오톡: '더팩트제보' 검색▶이메일: jebo@tf.co.kr▶뉴스 홈페이지: http://talk.tf.co.kr/bbs/report/write"
https://n.news.naver.com/mnews/article/008/0005236250?sid=105,2025-08-14 16:38:22,IT/과학,"홍범식 LGU+ 대표, 3억원 상당 자사주 매입…""책임 경영 강화""","홍범식 LG유플러스 대표. /사진=뉴스1홍범식 LG유플러스 대표가 3억원 상당의 자사주를 매입했다.LG유플러스는 홍 대표가 자사주 2만주를 장내 매수했다고 14일 공시했다. 매수 평균 단가는 1만4717원이다. 총 매입액은 약 2억9434만원이다.홍 대표가 자사주를 매입한 것은 지난해 말 취임 후 이번이 처음이다.LG유플러스 관계자는 ""책임 경영을 강화하고 주주가치 제고를 도모하기 위해 자사주 매입을 결정했다""고 말했다."
https://n.news.naver.com/mnews/article/008/0005236287?sid=105,2025-08-14 17:10:07,IT/과학,"'유심 해킹' 사태에도…SKT 유영상, 이통사 상반기 '보수킹'","SKT 유영상 26억3600만원으로 1등…이어 KT, LG U+ 순서(왼쪽부터) 유영상 SK텔레콤 대표, 김영섭 KT 대표, 홍범식 LG유플러스 대표.국내 이동통신 3사 중 상반기 가장 많은 보수를 받은 CEO(최고경영자)는 유영상 SK텔레콤 대표인 것으로 나타났다.14일 SK텔레콤, KT, LG유플러스가 공시한 반기보고서에 따르면 유 대표는 올해 상반기 총 26억3600만원의 보수를 받았다. 지난해 상반기 보수(23억8000만원) 대비 약 3억원 늘었다. 이는 상반기 급여 7억7000만원과 상여 18억2000만원, 기타근로소득 4600만원을 합한 금액이다.유 사장은 2021년 11월 신임 대표로 공식 취임한 후 4년째 회사를 이끌고 있다. 올해 4월에는 '유심(USIM) 해킹' 사고로 취임 후 가장 큰 위기를 맞기도 했다.김영섭 KT 대표는 14억3700만원의 상반기 보수를 수령했다. 급여 2억7800만원, 상여 11억5100만원, 기타근로소득 800만원 등이다. 지난해 상반기 보수(6억1700만원) 대비 2배 이상 늘었다. KT는 올해 2분기 사상 처음 영업이익 1조원을 넘기며 역대급 실적을 달성했다.홍범식 LG유플러스 대표는 7억1400만원(순수 급여)으로 3사 CEO 중 가장 낮은 보수를 받았다. 황현식 전 대표의 지난해 상반기 보수(12억9000만원)보다 5억원 적은 금액이다.지난해 11월 CEO로 취임한 홍 대표는 전날 자사주 2만주를 장내 매수했다. 매수 평균 단가는 1만4717원으로 총 매입액은 2억9434만원이다. LG유플러스 관계자는 ""책임 경영을 강화하고 주주가치 제고를 도모하기 위해 자사주 매입을 결정했다""고 말했다."
https://n.news.naver.com/mnews/article/422/0000770729?sid=101,2025-08-14 17:13:13,경제,"홍범식 LGU+ 대표, 자사주 2만주 사들여…""책임 경영 차원""","기자간담회에서 발언하는 홍범식 사장 [LG유플러스 제공. 재판매 및 DB 금지]LG유플러스 홍범식 대표가 지난해 12월 취임한 이후 처음으로 자사주 2만 주를 매입했습니다.오늘(14일) 금융감독원 전자공시시스템에 따르면 홍 대표는 전날 LG유플러스 주식 2만주를 주당 평균 1만4,717원에 장내 매수했습니다. 총매입액은 2억9,434만원입니다.LG유플러스 관계자는 ""홍 대표가 책임 경영 차원에서 자사주를 매입했다""고 밝혔습니다.앞서 LG유플러스는 지난달 21일 주주가치 제고를 위해 1천억원 규모의 자사주를 소각하고 1,075억원 규모의 중간 배당을 발표한 바 있습니다.회사는 다음 달 4일부터 1년 동안 800억원가량의 자사주를 분할 매입할 계획입니다.이는 전일 종가(1만4,990원) 기준 약 533만6,891주로, 소각 전 전체 발행 주식 수 대비 1.22% 규모입니다.한편 LG유플러스는 올해 중간 배당금으로 지난해와 같은 주당 250원을 지급합니다.중간배당 기준일은 지난 5일이며 주주들에게는 오는 20일에 지급 예정입니다.#홍범식 #LGU #자사주 #매입연합뉴스TV 기사문의 및 제보 : 카톡/라인 jebo23"
https://n.news.naver.com/mnews/article/003/0013423311?sid=105,2025-08-14 17:13:38,IT/과학,상반기 통신3사 '연봉킹' 유영상 SKT 대표…26.4억 수령,"유영상 SKT 대표, 전년 대비 10.51% 증가KT 김영섭 14억…LGU+ 홍범식 7억 받아황현식 전 대표, 퇴직금 포함 55.5억 수령[서울=뉴시스] 왼쪽부터 유영상 SK텔레콤 대표, 김영섭 KT 대표, 홍범식 LG유플러스 대표(사진=각 사) *재판매 및 DB 금지[서울=뉴시스]박은비 기자 = 올해 상반기 통신3사 현 최고경영자(CEO) 중에서 유영상 SK텔레콤 대표가 가장 많은 보수를 받은 것으로 나타났다.14일 통신3가 공시한 반기보고서에 따르면 유 대표의 상반기 보수총액은 26억3600만원이다. 전년 동기(23억8000만원) 대비 10.51% 증가한 수준이다.이 중에서 급여는 7억7000만원으로 전년 동기보다 7000만원 올라갔고, 상여는 18억2000만원으로 전년 동기 대비 1억8000만원 늘었다. 기타 근로소득은 4600만원이다.회사는 유 대표의 상여에 대해 ""지난해 통신과 인공지능(AI) 영역에 집중해 유·무선 통신과 AI 전 사업 영역의 고른 성장을 이뤘다""며 ""AI 피라미드 전략의 구체적 실행을 통해 글로벌 AI 컴퍼니로의 도약을 위한 토대를 마련했다""고 설명했다.앞서 유 대표는 지난해 연간 30억8300만원을 받으면서 지난 2023년에 이어 2년 연속 연봉킹을 이어온 바 있다.김영섭 KT 대표는 같은 기간 보수 14억3700만원을 지급받았다. 이는 급여 2억7800만원, 상여 11억5100만원, 기타 800만원으로 구성됐다.KT 측은 상여에 대해 ""전년도 성과에 대한 성과급으로 매출, 영업이익 등 사업실적, 경영진으로서의 성과와 기여도, 대내외 경영환경 등을 종합적으로 고려해 이사 보수 기준과 지급방법에 따라 성과급을 지급했다""고 밝혔다.홍범식 LG유플러스 대표는 7억1400만원을 수령했다. 지난해 11월 취임한 탓에 상여 등 기타 항목은 별도로 없었다.홍 대표 전임인 황현식 전 대표의 경우 퇴직금 44억5300만원을 포함해 55억5200만원을 받아갔다. 여기서 급여는 4억4900만원, 상여는 6억4400만원이다.통신3사 중 임직원 한 명당 평균 급여가 가장 높은 곳도 SK텔레콤이었다. 직원 1명당 평균 급여액은 9200만원으로 집계됐다.LG유플러스의 경우 직원 1명당 평균 급여액 6300만원, KT는 직원 1명당 평균 5600만원을 수령한 것으로 나타났다."
https://n.news.naver.com/mnews/article/001/0015567504?sid=105,2025-08-14 17:20:04,IT/과학,"26.3억 받은 유영상 SKT 대표, 통신사 상반기 보수 1위","KT 김영섭 14.3억, LGU+ 홍범식 7.1억 받아브리핑에서 발언하는 유영상 대표이사(서울=연합뉴스) 김성민 기자 = 유영상 SK텔레콤 대표이사가 2일 서울 중구 SKT타워에서 열린 유심 정보 유출 관련 일일 브리핑에서 발언하고 있다. 2025.5.2 ksm7976@yna.co.kr(서울=연합뉴스) 박형빈 기자 = 올해 상반기 통신 3사 최고경영자(CEO) 중 유영상 SK텔레콤 대표가 지난해에 이어 가장 많은 보수를 받은 것으로 나타났다.14일 금융감독원 전자공시시스템에 따르면 유 대표는 올해 상반기 보수로 26억3천600만원을 받았다. 지난해 상반기 보수 23억8천만원보다 10.75% 늘어난 금액이다.구성 내역은 급여가 7억7천만원, 상여가 18억2천만원이었으며, 임원 복리후생 등은 4천600만원이다.급여는 인공지능(AI) 데이터센터와 AI 전환(AIX) 등 AI 분야에서 매출이 지속해 성장한 점, 이동통신 사업 경쟁력 강화로 수익성이 증가한 점 등이 인정돼 반영됐다.환영사하는 김영섭 KT 대표이사(서울=연합뉴스) 강민지 기자 = 김영섭 KT 대표이사가 12일 서울 중구 웨스틴 조선 서울에서 열린 '정부-이통사 AI 투자협력 선언식'에서 환영사를 하고 있다. 2025.8.12 mjkang@yna.co.kr상여금은 전년도 매출·영업이익 등 계량 지표와 전략과제 수행, 리더십 등 비계량 지표를 종합해 올해 초 지급됐다.지난해 SK텔레콤은 유무선 통신과 AI 전 사업 부문이 고르게 성장하며 연결 기준 매출이 1.9%, 영업이익이 4.0% 늘었다.김영섭 KT 대표는 급여 2억7천800만원, 상여 11억5천100만원, 기타 근로소득 800만원 등 총 14억3천700만원을 받았다. KT는 상여금이 전년도 사업실적, CEO 성과·기여도, 대내외 경영환경 등을 종합해 산정됐다고 밝혔다.LGU+ 홍범식 사장, 취임 후 첫 타운홀미팅 진행(서울=연합뉴스) LG유플러스는 홍범식 사장이 취임 100일을 맞아 지난 10일 서울 용산구 본사에서 첫 타운홀미팅을 열었다고 11일 밝혔다. 사진은 홍범식 LG유플러스 사장. 2025.3.11 [LG유플러스 제공. 재판매 및 DB 금지] photo@yna.co.kr홍범식 LG유플러스 사장은 급여로 7억1천400만원을 받았다. 임원 보수 규정에 따른 월평균 6천600만원의 보수와 직책 수당 월 5천300만원을 지급받은 결과다. 상반기 상여 및 기타소득은 없었다.지난해 11월 퇴임한 황현식 전 LG유플러스 사장은 급여 4억4천900만원, 상여 6억4천400만원, 퇴직소득 44억5천300만원 등 총 55억5천200만원을 수령했다.binzz@yna.co.kr"
https://n.news.naver.com/mnews/article/031/0000957453?sid=105,2025-08-14 17:30:06,IT/과학,이통3사 CEO 연봉킹에 유영상 SKT…상반기 26.4억 수령(종합),"김영섭 KT 14.4억·홍범식 LGU+ 7.1억 순⋯유영상·김영섭, 전년比 총액 늘어유영상 SK텔레콤 대표가 올해 상반기 이동통신 3사(SK텔레콤·KT·LG유플러스) 최고경영자(CEO) 중 가장 많은 보수를 받은 것으로 나타났다.왼쪽부터 유영상 SK텔레콤 대표, 김영섭 KT 대표, 홍범식 LG유플러스 대표. [사진=각사]14일 이통 3사가 금용감독원 전자공시시스템에 각각 공시한 반기보고서에 따르면, 유영상 SK텔레콤 대표·김영섭 KT 대표·홍범식 LG유플러스 대표의 2024년 상반기 보수총액은 각각 26억3600만원, 14억3700만원, 7억1400만원이다.유영상 대표와 김영섭 대표의 보수총액은 지난해 상반기 대비 각각 10.75%, 132.9% 증가했다. 이들은 작년 상반기 보수총액으로 23억8000만원, 6억1700만원을 받았다. 홍범식 대표는 지난해 12월 취임했다.유 대표는 올해 상반기 급여 7억7000만원, 상여 18억2000만원, 기타 근로소득 4600만원을 수령했다. SK텔레콤은 유 대표 급여에 대해 ""AI 분야에서 AI DC 및 AIX 매출 지속 성장, 에이닷 주요 지표 상승세 등 성과를 창출함과 동시에 MNO 사업 경쟁력 강화를 통해 수익성도 지속 증가했다""며 ""급여로 연간 15억4000만원을 책정하고 1/12을 매월 지급했다""고 설명했다.김 대표는 상반기 보수로 급여 2억7800만원, 상여 11억5100만원, 기타 근로소득 800만원을 받았다. KT는 김 대표 급여에 대해 ""내부기준에 의거 직급, 직책, 회사기여도 등을 종합적으로 고려해 공시대상기간 중 분할해 지급했다""고 기재했다.홍 대표는 올해 상반기 상여나 기타 근로소득 없이 급여로만 7억1400만원을 받았다. LG유플러스는 홍 대표 급여에 대해 ""이사회에서 결정된 임원보수규정에 의거 직급(사장) 등을 고려해 기본급으로 월 평균 6600만원을 매월 지급했다""며 ""직책수당으로 직무 및 역할 중요성 등을 고려해 월 평균 5300만원을 매월 지급했다""고 밝혔다.한편, 황현식 전 LG유플러스 대표는 올해 상반기 급여 4억4900만원, 상여 6억4400만원, 기타 근로소득 800만원을 수령했다. 급여 중 기본급으로 1월부터 3월까지 평균 6500만원을, 4월부터 6월까지 자문료로 평균 3250만원을 지급 받았다. 급여 중 직책수당으로는 1월부터 3월 중 평균 5200만원을 수령했다. 여기에 퇴직소득을 더해 총 55억5200만원을 받았다."
https://n.news.naver.com/mnews/article/031/0000957456?sid=105,2025-08-14 17:37:10,IT/과학,단통법 폐지 이후...'보조금 전쟁' 대신 '마케팅 전쟁' 택한 이통 3사,"SKT 8월 멤버십 스타벅스·파리바게트·도미노피자 차례대로 반값 할인KT·LGU+도 맞불…""출혈경쟁보다는 진성 고객 확보""이동통신 3사가 단통법(이동통신단말장치 유통구조 개선에 관한 법률) 폐지 이후 보조금 경쟁을 하는 대신 멤버십 혜택 강화를 통한 마케팅 경쟁에 나서고 있다. 단말기 할인에 따른 과도한 출혈을 피하면서 충성 고객을 확보하려는 취지로 풀이된다.이동통신 3사가 보조금 경쟁 대신 멤버십 혜택 강화에 나서고 있다. [사진=ChatGPT]14일 통신업계에 따르면 SK텔레콤은 이달 11일부터 20일까지 전국 파리바게뜨 매장에서 자사 고객을 대상으로 50% 할인 행사를 진행한다. 앞서 1일부터 10일까지는 스타벅스 할인 이벤트를 진행했으며, 파리바게뜨 행사 종료 후인 21일부터는 도미노피자 반값 할인으로 이어갈 예정이다.KT는 전국 40만명의 고객에게 커피와 영화 무료 쿠폰을 제공하는 8월 달달혜택을 선보였다. LG유플러스는 제휴사를 52곳으로 확대하고 오션월드·롯데월드·서울랜드 등 테마파크·워터파크 할인과 숙박 할인권 제공으로 휴가철 수요를 공략한다.반면 보조금 시장은 조용하다. 단통법 폐지 시 기대했던 공짜폰은 등장하지 않고 있고, 이통사를 옮길 정도의 할인 혜택도 고객들은 체감하지 못하고 있는 상황이다. 게다가 이통 3사는 단통법 폐지 이전까지 최대 50만원을 지급하던 갤럭시S25+의 공시 지원금을 이날 20만원~17만원 수준으로 오히려 낮췄다.이는 통신사들이 단기적인 가격 인하 경쟁보다는 장기적인 충성 고객 확보를 위한 혜택 강화가 효과적이라는 판단을 내린 것으로 풀이된다.윤재웅 SK텔레콤 마케팅전략본부장은 지난 6일 컨콜에서 ""고객 (신뢰) 기반이 회사의 가장 중요한 자산인 만큼 (보조금 등 일회성 비용보다) 정교하고 개인화된 마케팅과 혜택으로 고객 회복을 진행할 것""이라고 설명했다. 여명희 최고재무책임자(CFO)도 ""과도한 마케팅 경쟁보다 본원적 서비스 경쟁력을 확보해 지속 가능한 성장 모멘텀을 유지하겠다""고 말했다.단말기 가격을 낮춰 단기적으로 가입자를 끌어오는 방식보다는 부가 서비스·콘텐츠·멤버십 혜택 등 장기적으로 수익성을 높일 수 있는 영역에 투자하겠다는 얘기다. 통신업계 관계자는 ""3사 모두 출혈 전략 보다는 충성 고객을 확보하고 ARPU(가입자당평균매출) 강화하는게 낫다고 판단한 듯하다""고 분석했다."
https://n.news.naver.com/mnews/article/014/0005391962?sid=105,2025-08-14 17:58:16,IT/과학,자사주 첫 매입한 홍범식 LGU+대표…'총 2만주' 책임경영·주주가치 제고,"LG유플러스는 홍범식 대표가 자사 주식 2만주를 장내 매수했다고 공시했다. 평균 주당 매입가는 1만 4717원이다. 총 매입액은 약 2억 9434만원이다. 홍 대표가 자사주를 매입한 것은 이번이 처음이다.LG유플러스 측은 ""책임 경영을 강화하고 주주가치 제고를 도모하기 위해 자사주 매입을 결정했다""고 설명했다.앞서 LG유플러스는 지난 7월 21일 주주가치 제고를 위해 1000억원 규모의 자사주 소각 및 1075억원 규모의 중간배당을 발표한 바 있다. LG유플러스는 4년여 만에 800억원 가량의 자사주 추가 매입에도 나설 계획이다. 이는 18일(전일 종가) 기준 1만4990원으로 산정 시 약 533만6891주이며, 소각 전 전체 발행 주식수 대비 1.22% 규모다. 매입은 내달 4일부터 1년 내에 분할로 실시된다.LG유플러스는 올해 중간배당금으로 주당 250원을 지급한다. 이는 지난해 중간배당금과 같은 규모다. 중간배당 기준일은 8월 5일이며, 주주들에게는 이달 20일에 지급 예정이다."
https://n.news.naver.com/mnews/article/374/0000457763?sid=101,2025-08-14 18:02:12,경제,"홍범식 LGU+ 대표, 취임 후 첫 자사주 매입","[홍범식 LG유플러스 사장이 지난 4일(현지시간) 스페인 바르셀로나 인사이드 바이 멜리아 호텔에서 열린 취임 첫 기자간담회에서 발언하고 있다. (사진=연합뉴스)]홍범식 LG유플러스 대표가 지난해 12월 취임한 이후 처음으로 자사주 2만 주를 매입했습니다.홍 대표는 어제(13일) LG유플러스 주식 2만주를 주당 평균 1만4천717원에 장내 매수했습니다. 총매입액은 2억9천434만원입니다.LG유플러스 관계자는 ""홍 대표가 책임 경영 차원에서 자사주를 매입했다""고 밝혔습니다.앞서 LG유플러스는 지난달 21일 주주가치 제고를 위해 1천억원 규모의 자사주를 소각하고 1천75억원 규모의 중간 배당을 발표한 바 있습니다.회사는 다음 달 4일부터 1년 동안 800억원가량의 자사주를 분할 매입할 계획입니다. 전일 종가(1만4천990원) 기준 약 533만6천891주로, 소각 전 전체 발행 주식 수 대비 1.22% 규모입니다.한편 LG유플러스는 올해 중간 배당금으로 지난해와 같은 주당 250원을 지급합니다. 중간배당 기준일은 지난 5일이며 주주들에게는 오는 20일에 지급 예정입니다.당신의 제보가 뉴스로 만들어집니다.SBS Biz는 여러분의 제보를 기다리고 있습니다.홈페이지 = https://url.kr/9pghjn"
https://n.news.naver.com/mnews/article/031/0000957544?sid=105,2025-08-15 13:10:13,IT/과학,"KT, 이통3사 상반기 R&D 투자 1위⋯전년比 85% 늘었다","KT 1932억·SKT 1823억·LGU+ 745억 순⋯SKT 투자액 나홀로 감소올해 상반기 이동통신 3사(SK텔레콤·KT·LG유플러스) 중에서 연구개발(R&D)에 가장 많은 비용을 투자한 기업은 KT인 것으로 나타났다.이동통신 3사 로고. [사진=각사]15일 이통 3사가 금용감독원 전자공시시스템에 각각 공시한 반기보고서에 따르면, KT(대표 김영섭)는 올해 상반기 연결 기준 연구개발 비용으로 1932억원을 집행했다. 이는 지난해 동기(1043억원) 대비 약 85% 증가한 액수다. 매출액에서 연구개발비가 차지하는 비중도 지난해 0.79%에서 올해 1.35%로 늘었다.SK텔레콤(대표 유영상)은 같은 기간 연구개발비로 약 1823억원을 지출하며 KT의 뒤를 이었다. 다만 이통 3사 중 유일하게 전년 대비 R&D 규모가 축소됐다. SK텔레콤은 지난해 상반기 R&D로 1901억원을 집행한 바 있다. 약 4.1% 감소한 것이다. 매출액 내 연구개발 비중도 2.14%에서 2.07%로 줄었다.LG유플러스(대표 홍범식)의 올해 상반기 R&D는 745억원(정부보조금 차감 전 기준)으로 집계됐다. 3사 중에선 액수가 가장 적지만, 전년 대비 투자 규모를 약 8.1% 늘렸다. LG유플러스는 지난해 약 690억원을 집행했다. 매출액 내 연구개발 비중은 0.98%로 동일하다.3사 R&D 투자 증감 배경에는 사업 전략의 차이가 자리하고 있다. 통신업계 관계자는 ""R&D 투자 비중 확대는 단기 실적에는 부담이지만, 장기적으로 신사업 경쟁력 확보와 네트워크 품질 고도화를 위해 필수""라면서도 ""전략의 차이는 있지만 3사 모두 AI·6G·클라우드 등 미래 먹거리 분야에 각기 대비하고 있다""고 말했다.한편, 3사의 올해 2분기 합산 영업이익은 전년 대비 28.95% 증가한 1조6576억원을 기록했다. 상반기 전체 영업이익은 지난해와 비교해 26.29% 늘어난 3조1692억원이다."
https://n.news.naver.com/mnews/article/018/0006090586?sid=105,2025-08-15 14:10:15,IT/과학,"LGU+, SKT 해킹 반사이익 정조준…단말기 구매 공격적으로 늘렸다","[마켓인]LG유플러스, 상반기 단말기구매비용 1조3925억전년 동기 대비 21.4% 증가…“이례적 증가폭”SKT 해킹 사태 따른 번호이동 수요 노린 결과이 기사는 2025년08월15일 12시10분에마켓인 프리미엄 콘텐츠로 선공개 되었습니다.[이데일리 마켓in 이건엄 기자] LG유플러스(032640)가 올해 상반기 단말기 구입비를 20% 이상 늘리면서 그 배경에 관심이 모아진다. SK텔레콤 해킹 사태로 번호이동 고객이 대거 발생할 것을 대비해 공격적으로 재고를 확보한 것이 단말기 구입비 증가로 이어졌다는 분석이다.(사진=LG유플러스)14일 LG유플러스 실적발표에 따르면 이 회사의 올해 상반기 단말기구매비용은 1조3925억원으로 전년 동기 1조1469억원 대비 21.4% 증가했다. 이동통신사의 재무제표상 단말기구입비는 자체 채널을 통해 판매하기 위해 제조사로부터 단말기를 매입하는 데 소요된 비용을 의미한다.LG유플러스의 단말기 구매비용이 이례적으로 20% 이상 증가한 것은 SK텔레콤 해킹사태에 따른 반사이익 영향이 크다. SK텔레콤 해킹 사태로 인한 번호이동 수요를 선점하기 위해 LG유플러스가 주요 인기 모델의 재고를 사전에 확보하고 신규·기존 고객 대상 단말기 지원을 확대한 결과라는 설명이다.상반기 기준 LG유플러스 무선 가입회선은 2991만7000개로 9.9% 늘었다. 2분기 SK텔레콤의 이동통신 가입자가 전문기 대비 87만명 순감할 때 LG유플러스는 41만명 순증했다.실제 SK텔레콤 해킹사태가 없었던 지난 3년 간 상반기 단말기 구매비 추이를 보면 큰 차이를 보이지 않는다. 세부적으로는 △2022년 상반기 1조1735억원 △2023년 상반기 1조2371억원 △2024년 1조2204억원 등이다.이는 실적과 마케팅비용에서도 잘 나타난다. LG유플러스는 올해 상반기 증권가 전망치를 아득히 뛰어넘는 어닝서프라이즈를 기록한 바 있다.LG유플러스의 올해 상반기 영업이익은 5599억원으로 전년 동기 대비 17.9% 증가했다. 현금창출력을 나타내는 상각전영업이익(EBITDA)도 1조8985억원으로 같은 기간 대비 5% 늘었다. 단말기 판매 호조에 따라 마케팅비용 역시 전년 동기 대비 3.5% 늘어난 5401억원을 지출했다.LG유플러스 관계자는 “단말기 단가 상승 등 다양한 요인이 구매비 증가에 영향을 미쳤다”면서도 “실질적인 증가 요인은 상반기에 발생한 통신 보안 이슈 영향이 크다”고 설명했다."
https://n.news.naver.com/mnews/article/029/0002975614?sid=105,2025-08-17 09:00:00,IT/과학,"재난·재해에도 끊김없이…LGU+, 방송중계·IPTV 국제인증 획득","LG유플러스 임직원이 IPTV 서비스 상황을 점검하고 있다. LG유플러스 제공LG유플러스가 방송중계 및 IPTV 서비스가 재난·재해 상황에서의 안정적인 운영 역량을 국제적으로 인정받았다.LG유플러스는 방송중계·IPTV 분야 서비스를 총괄하는 안양국사가 글로벌 인증 기관 DNV로부터 업무 연속성 관리 국제표준인 ISO22301(BCMS) 인증을 획득했다고 17일 밝혔다.ISO22301은 조직에 중대한 사고나 재난이 발생했을 때에도 핵심 업무를 지속할 수 있는지 여부를 판단하는 국제 표준이다. 위기 상황에 대한 대응 역량과 전사적 복구 체계의 적절성을 평가한다.특히 방송 서비스는 국민 생활과 밀접하고 대형 재난·재해 상황에서 관련 정보를 신속하게 전파하는 핵심 수단으로, 안정적인 서비스 제공이 필수적이다. 이번 인증은 LG유플러스의 방송중계·IPTV 서비스가 이러한 역할을 수행할 수 있는 체계를 갖췄다는 점을 입증했다고 회사 측은 설명했다.앞서 LG유플러스는 데이터센터인 평촌메가센터와 평촌2센터, 통신 서비스의 주요 거점인 상암국사, 대전오류국사에도 ISO22301 인증을 받은 바 있다.정하준 LG유플러스 유선플랫폼운영담당(상무)은 “앞으로도 안정적인 플랫폼 운영을 통해 고객 신뢰를 얻을 수 있도록 최선을 다하겠다”고 말했다."
https://n.news.naver.com/mnews/article/001/0015569526?sid=101,2025-08-17 09:00:01,경제,"LGU+ ""재난·재해시 안정적 방송중계 가능 국제표준 획득""","(서울=연합뉴스) 조성미 기자 = LG유플러스는 IPTV 등 방송 중계 서비스를 총괄하는 안양국사가 글로벌 인증 기관 DNV로부터 업무 연속성 관리 국제 표준인 ISO22301(BCMS) 인증을 받았다고 17일 밝혔다.이 인증은 조직에 중대한 사고나 재난이 닥쳐도 핵심 업무를 지속할 수 있는지를 판단하는 국제 표준으로 통신 인프라의 안정성과 신뢰성 기준으로 여겨진다.LG유플러스 데이터 센터인 평촌메가센터와 평촌2센터, 통신 서비스의 주요 거점인 상암국사, 대전오류국사도 이 인증을 받은 바 있다.LG유플러스 임직원이 IPTV 서비스 상황을 점검하는 모습[LG유플러스 제공. 재판매 및 DB 금지]csm@yna.co.kr"
https://n.news.naver.com/mnews/article/092/0002386414?sid=105,2025-08-17 09:01:12,IT/과학,"LGU+ ""방송중계 총괄 안양국사, ISO22301 인증""","데이터센터부터 주요 통신국사까지 안전 인증 확보LG유플러스는 방송중계와 IPTV 분야 서비스를 총괄하는 안양국사가 글로벌 인증 기관 DNV로부터 업무 연속성 관리 국제표준인 ISO22301 인증을 획득했다고 17일 밝혔다.ISO22301은 조직에 중대한 사고나 재난이 발생했을 때에도 핵심 업무를 지속할 수 있는지 여부를 판단하는 국제 표준으로, 위기 상황에 대한 대응 역량과 전사적 복구 체계의 적절성을 평가한다. 통신 인프라의 안정성과 신뢰성을 보여주는 중요한 기준으로 판단된다.특히 방송 서비스는 국민 생활과 밀접하고 대형 재난·재해 상황에서 관련 정보를 신속하게 전파하는 핵심 수단이기 때문에 안정적인 서비스 제공이 필수적이다.앞서 LG유플러스는 데이터 센터인 평촌메가센터와 평촌2센터, 통신 서비스의 주요 거점인 상암국사, 대전오류국사에도 ISO22301 인증을 받았다.안양국사에 대한 인증까지 포함해 LG유플러스는 주요 서비스 전반에 걸쳐 업무 연속성 기반의 서비스 제공 시스템을 더욱 강화할 수 있게 됐다.정하준 LG유플러스 유선플랫폼운영담당은 “이번 인증은 재난이나 재해가 발생하더라도 신속한 복구를 통해 최상의 고객 경험을 제공할 수 있는 역량을 공식적으로 확인받았다는 점에서 의미가 크다”며 “앞으로도 안정적인 플랫폼 운영을 통해 고객 신뢰를 얻을 수 있도록 최선을 다하겠다”고 말했다."
https://n.news.naver.com/mnews/article/018/0006091736?sid=105,2025-08-17 09:01:22,IT/과학,"LG U+ 방송중계·IPTV, ISO 22301 국제인증 획득","재난·재해 상황에도 끊김 없는 서비스 제공 역량 입증[이데일리 김현아 기자] LG유플러스(032640)의 방송중계 및 IPTV 서비스가 재난·재해 발생 시에도 안정적으로 운영될 수 있는 역량을 국제적으로 인정받았다.LG유플러스는 17일 방송중계·IPTV 서비스를 총괄하는 안양국사가 글로벌 인증기관 DNV로부터 업무 연속성 관리 국제표준 ISO 22301(BCMS) 인증을 획득했다고 밝혔다.LG유플러스 방송중계·IPTV 서비스가 ISO 22301 인증을 획득했다. 사진은 LG유플러스 임직원이 IPTV 서비스 상황을 점검하는 모습.재난·재해 대응 역량 공인ISO 22301은 조직이 대규모 사고나 재난 상황에서도 핵심 업무를 지속할 수 있는지, 위기 대응 및 복구 체계가 적절한지 평가하는 국제 표준이다.특히 방송 서비스는 국민 생활과 밀접하게 연결돼 있으며, 대형 재난 시 신속한 정보 전달의 핵심 수단이 되는 만큼, 안정적 서비스 제공 여부는 사회적 신뢰를 결정짓는 중요한 지표다.이번 인증으로 LG유플러스 방송중계·IPTV 서비스는 재난 상황에서도 중단 없는 방송 송출 및 서비스 제공 역량을 갖췄음을 공식적으로 입증했다.LG유플러스는 이미 데이터센터 평촌메가센터·평촌2센터와 주요 통신 거점인 상암국사·대전오류국사에 대해 ISO 22301 인증을 획득한 바 있다. 이번 안양국사 인증까지 더해지며, 회사는 데이터센터?방송중계·IPTV 전반에 걸친 업무 연속성 기반 서비스 체계를 더욱 공고히 하게 됐다.정하준 LG유플러스 유선플랫폼운영담당 상무는 “이번 인증은 재난이나 재해가 발생해도 신속한 복구를 통해 고객에게 최상의 경험을 제공할 수 있다는 점을 공식적으로 확인받은 것”이라며 “앞으로도 안정적인 플랫폼 운영과 서비스 혁신으로 고객 신뢰를 높여 나가겠다”고 말했다."
https://n.news.naver.com/mnews/article/003/0013425332?sid=105,2025-08-17 09:03:14,IT/과학,"LGU+, 방송중계·IPTV 업무연속성 국제인증 획득","DNV, LGU+ 안양국사에 ISO22301 부여""재난·재해 상황에도 안정적 서비스 제공""[사진=뉴시스] LG유플러스의 방송중계 및 IPTV 서비스가 재난·재해 상황에서의 안정적인 운영 역량을 국제적으로 인정받았다. 사진은 LG유플러스 임직원이 IPTV 서비스 상황을 점검하는 모습. (사진=LG유플러스 제공) 2025.08.17 photo@newsis.com *재판매 및 DB 금지[서울=뉴시스]박은비 기자 = LG유플러스는 방송중계·인터넷TV(IPTV) 분야 서비스를 총괄하는 안양국사가 글로벌 인증 기관(DNV)으로부터 업무 연속성 관리 국제표준인 ISO22301(BCMS) 인증을 획득했다고 17일 밝혔다.ISO22301은 조직에 중대한 사고나 재난이 발생했을 때에도 핵심 업무를 지속할 수 있는지 여부를 판단하는 국제 표준이다. 위기 상황에 대한 대응 역량과 전사적 복구 체계의 적절성을 평가한다.특히 방송 서비스는 국민 생활과 밀접하고, 대형 재난·재해 상황에서 관련 정보를 신속하게 전파하는 핵심 수단이아 안정적인 서비스 제공이 필수적이다. LG유플러스는 이번 인증으로 방송중계·IPTV 서비스가 이런 역할을 수행할 수 있는 체계를 갖췄다는 점을 입증받았다고 보고 있다.앞서 LG유플러스는 데이터 센터인 평촌메가센터와 평촌2센터, 통신 서비스의 주요 거점인 상암국사, 대전오류국사도 ISO22301 인증을 받은 바 있다.정하준 LG유플러스 유선플랫폼운영담당(상무)은 ""이번 인증은 재난이나 재해가 발생하더라도 신속한 복구를 통해 최상의 고객 경험을 제공할 수 있는 역량을 공식적으로 확인받았다는 점에서 의미가 크다""며 ""앞으로도 안정적인 플랫폼 운영을 통해 고객 신뢰를 얻을 수 있도록 최선을 다하겠다""고 말했다."
https://n.news.naver.com/mnews/article/008/0005236736?sid=105,2025-08-17 09:24:49,IT/과학,"""재난·재해에도 안정적 방송중계"" LGU+ 국제표준 인증","LG유플러스 임직원이 IPTV 서비스 상황을 점검하는 모습 /사진=LG유플러스LG유플러스는 방송중계·IPTV 분야 서비스를 총괄하는 안양국사가 글로벌 인증 기관 DNV로부터 업무 연속성 관리 국제표준인 ISO22301(BCMS) 인증을 받았다고 17일 밝혔다.ISO22301은 조직에 중대한 사고나 재난이 발생했을 때에도 핵심 업무를 지속할 수 있는지 여부를 판단하는 국제 표준이다. 위기 상황에 대한 대응 역량과 전사적 복구 체계의 적절성을 평가한다. 통신 인프라의 안정성과 신뢰성을 보여주는 기준으로 여겨진다. 특히 방송 서비스는 국민 생활과 밀접하고, 대형 재난·재해 상황에서 정보를 신속하게 전파하는 핵심 수단인 만큼 안정적인 서비스 제공이 필수적이다.앞서 LG유플러스는 데이터 센터인 평촌메가센터와 평촌2센터, 통신 서비스의 주요 거점인 상암국사, 대전오류국사에도 ISO22301 인증을 받은 바 있다. 이번 안양국사에 대한 인증까지 포함해 LG유플러스는 주요 서비스 전반에 걸쳐 업무 연속성 기반의 서비스 제공 시스템을 더욱 강화할 수 있게 됐다.정하준 LG유플러스 유선플랫폼운영담당(상무)은 ""이번 인증은 재난이나 재해가 발생하더라도 신속한 복구를 통해 최상의 고객 경험을 제공할 수 있는 역량을 공식적으로 확인받았다는 점에서 의미가 크다""며 ""앞으로도 안정적인 플랫폼 운영을 통해 고객 신뢰를 얻을 수 있도록 최선을 다하겠다""고 말했다."
https://n.news.naver.com/mnews/article/014/0005392328?sid=105,2025-08-17 09:59:13,IT/과학,"LG U+, 방송중계·IPTV, ISO 22301 국제인증 획득","LG유플러스 임직원이 IPTV 서비스 상황을 점검하고 있다. LG유플러스 제공LG유플러스는 방송중계·IPTV 분야 서비스를 총괄하는 안양국사가 글로벌 인증 기관 DNV로부터 업무 연속성 관리 국제표준인 ISO22301(BCMS) 인증을 획득했다고 17일 밝혔다.ISO22301은 조직에 중대한 사고나 재난이 발생했을 때에도 핵심 업무를 지속할 수 있는지 여부를 판단하는 국제 표준으로, 위기 상황에 대한 대응 역량과 전사적 복구 체계의 적절성을 평가한다. 통신 인프라의 안정성과 신뢰성을 보여주는 중요한 기준으로 여겨진다.특히 방송 서비스는 국민 생활과 밀접하고 대형 재난·재해 상황에서 관련 정보를 신속하게 전파하는 핵심 수단이기 때문에 안정적인 서비스 제공이 필수적이다. 이번 인증은 LG유플러스의 방송중계·IPTV 서비스가 이러한 역할을 수행할 수 있는 체계를 갖췄다는 점을 입증한 것이라고 회사 측은 전했다.앞서 LG유플러스는 데이터 센터인 평촌메가센터와 평촌2센터, 통신 서비스의 주요 거점인 상암국사, 대전오류국사에도 ISO22301 인증을 받은 바 있다.이번 안양국사에 대한 인증까지 포함해 LG유플러스는 주요 서비스 전반에 걸쳐 업무 연속성 기반의 서비스 제공 시스템을 더욱 강화할 수 있게 됐다.정하준 LG유플러스 유선플랫폼운영담당(상무)은 “이번 인증은 재난이나 재해가 발생하더라도 신속한 복구를 통해 최상의 고객 경험을 제공할 수 있는 역량을 공식적으로 확인받았다는 점에서 의미가 크다”며 “앞으로도 안정적인 플랫폼 운영을 통해 고객 신뢰를 얻을 수 있도록 최선을 다하겠다”고 말했다."
https://n.news.naver.com/mnews/article/031/0000957630?sid=105,2025-08-17 10:48:13,IT/과학,"재난·재해 상황서도 안정 운영⋯LGU+ 안양국사, 국제인증 받았다","데이터센터부터 통신국사까지 인증 확보⋯""최상 고객 경험 위해 노력""LG유플러스(대표 홍범식)는 방송중계·IPTV 분야 서비스를 총괄하는 안양국사가 글로벌 인증 기관 DNV로부터 업무 연속성 관리 국제표준인 ISO22301(BCMS) 인증을 획득했다고 17일 밝혔다.LG유플러스 임직원이 IPTV 서비스 상황을 점검하는 모습. [사진=LGU+]ISO22301은 조직에 중대한 사고나 재난이 발생했을 때에도 핵심 업무를 지속할 수 있는지 여부를 판단하는 국제 표준이다. 위기 상황에 대한 대응 역량과 전사적 복구 체계의 적절성을 평가하는 지표인 셈이다.방송 서비스는 국민 생활과 밀접하고 대형 재난·재해 상황에서 관련 정보를 신속하게 전파하는 핵심 수단으로 안정적인 서비스 제공이 필수적이다. 인증 획득은 재난·재해 상황에서의 안정적인 운영 역량을 국제적으로 인정받은 사례라고 LG유플러스는 설명했다.앞서 LG유플러스는 데이터센터인 평촌메가센터와 평촌2센터, 통신 서비스 주요 거점인 상암국사, 대전오류국사에도 ISO22301 인증을 받은 바 있다. LG유플러스는 주요 서비스 전반에 걸쳐 업무 연속성 기반 서비스 제공 시스템을 강화할 수 있게 됐다.정하준 LG유플러스 유선플랫폼운영담당(상무)은 ""이번 인증은 재난이나 재해가 발생하더라도 신속한 복구를 통해 최상의 고객 경험을 제공할 수 있는 역량을 공식적으로 확인받았다는 점에서 의미가 크다""며 ""안정적인 플랫폼 운영을 통해 고객 신뢰를 얻을 수 있도록 최선을 다하겠다""고 말했다."
https://n.news.naver.com/mnews/article/119/0002991689?sid=105,2025-08-17 12:35:09,IT/과학,"재난·재해에도 끄떡없는 LG U+…방송중계·IPTV, ISO 22301 인증","방송중계·IPTV 총괄 안양국사, 업무 연속성 관리 국제표준 인증 획득LG유플러스 직원이 IPTV 서비스 상황을 점검하고 있다. ⓒLG유플러스[데일리안 = 박영국 기자] LG유플러스 방송중계 및 IPTV 서비스가 재난·재해 상황에서의 안정적인 운영 역량을 국제적으로 인정받았다.LG유플러스는 방송중계·IPTV 분야 서비스를 총괄하는 안양국사가 글로벌 인증 기관 DNV로부터 업무 연속성 관리 국제표준인 ISO22301(BCMS) 인증을 획득했다고 17일 밝혔다.ISO22301은 조직에 중대한 사고나 재난이 발생했을 때에도 핵심 업무를 지속할 수 있는지 여부를 판단하는 국제 표준으로, 위기 상황에 대한 대응 역량과 전사적 복구 체계의 적절성을 평가한다. 통신 인프라의 안정성과 신뢰성을 보여주는 중요한 기준으로 여겨진다.특히, 방송 서비스는 국민 생활과 밀접하고, 대형 재난·재해 상황에서 관련 정보를 신속하게 전파하는 핵심 수단이기 때문에 안정적인 서비스 제공이 필수적이다. 이번 인증은 LG유플러스의 방송중계·IPTV 서비스가 이러한 역할을 수행할 수 있는 체계를 갖췄다는 점을 입증한 것이다.앞서 LG유플러스는 데이터 센터인 평촌메가센터와 평촌2센터, 통신 서비스의 주요 거점인 상암국사, 대전오류국사에도 ISO22301 인증을 받은 바 있다.이번 안양국사에 대한 인증까지 포함해 LG유플러스는 주요 서비스 전반에 걸쳐 업무 연속성 기반의 서비스 제공 시스템을 더욱 강화할 수 있게 됐다.정하준 LG유플러스 유선플랫폼운영담당(상무)은 “이번 인증은 재난이나 재해가 발생하더라도 신속한 복구를 통해 최상의 고객 경험을 제공할 수 있는 역량을 공식적으로 확인받았다는 점에서 의미가 크다”며 “앞으로도 안정적인 플랫폼 운영을 통해 고객 신뢰를 얻을 수 있도록 최선을 다하겠다”고 밝혔다."
https://n.news.naver.com/mnews/article/241/0003460238?sid=105,2025-08-17 16:10:51,IT/과학,"LGU+ 방송 중계·IPTV, 서비스 안정성 국제 인증 획득","업무 연속성 관리 국제 표준LG유플러스는 방송 중계·IPTV 분야 서비스를 총괄하는 안양국사가 글로벌 인증 기관 DNV로부터 업무 연속성 관리 국제 표준인 ISO22301(BCMS) 인증을 획득했다고 17일 밝혔다.ISO22301은 조직에 중대한 사고나 재난이 발생했을 때 핵심 업무를 지속할 수 있는지 여부를 판단하는 국제 표준이다. 위기 상황에 대한 대응 역량과 전사적 복구 체계의 적절성을 평가한다.LG유플러스 측은 ""방송 서비스는 국민 생활과 밀접하고, 대형 재난·재해 상황에서 관련 정보를 신속하게 전파하는 핵심 수단이기 때문에 안정적인 서비스 제공이 필수""라며 ""이번 인증은 LG유플러스의 방송 중계·IPTV 서비스가 이런 역할을 수행할 수 있는 체계를 갖췄다는 점을 입증한 것""이라고 설명했다.LG유플러스는 데이터센터인 평촌메가센터와 평촌2센터, 통신 서비스의 주요 거점인 상암국사, 대전오류국사에도 ISO22301 인증을 받은 바 있다.정하준 LG유플러스 유선플랫폼운영담당은 ""앞으로도 안정적인 플랫폼 운영으로 고객 신뢰를 얻을 수 있도록 최선을 다하겠다""고 말했다.정길준 기자 kjkj@edaily.co.kr"
https://n.news.naver.com/mnews/article/092/0002386458?sid=105,2025-08-17 16:39:12,IT/과학,커피·영화·여행까지 통신사 멤버십으로 알뜰하게,"SKT ‘빅3 릴레이’·KT ‘달달혜택 40만장’·LGU+ 제휴 52곳…생활형 멤버십 총출동여름 막바지, 통신 3사가 멤버십 구성을 다양한 세대와 소비 패턴에 맞춘 ‘생활 밀착형’으로 쏟아낸다.17일 업계에 따르면 SK텔레콤, KT, LG유플러스는 커피·영화 같은 일상 소비부터 테마파크·숙박·해외여행까지 선택지를 넓혔다.SK텔레콤은 ‘T멤버십 고객 감사제’의 일환으로 ‘빅 3 릴레이 할인’을 가동하고 있다. 한 달 동안 3개 제휴사를 선정해 각 10일씩 순차 진행하는 방식이다.8월 라인업 중 스타벅스 이벤트는 이미 종료됐고, 오는 20일까지 파리바게뜨에서는 전 제품 50%(최대 1만원)이 진행 중이다. 이어 도미노피자(8월 21~30일) 구간에서 배달 50%(최대 2만5천원), 방문포장 60%(최대 3만원) 쿠폰을 제공한다. 고객 감사제는 12월까지 5개월간 이어질 예정이다.해외 여행 성수기에 맞춰 글로벌 멤버십 이벤트도 강화했다. 해외에서도 국내와 동일하게 T멤버십 바코드를 제시하면 약 26만여 개 제휴처에서 할인·무료 이벤트를 받을 수 있다.8월 대상 국가는 일본으로, 오사카·후쿠오카·유후인에서 이벤트가 열린다. 오사카는 아베노 하루카스 300 전망대 50% 할인, ‘타코야키 마켓’ 타코야키 1개 무료+음료 50%, 후쿠오카는 ‘오가약국’ 500엔 할인+휴족시간 무료 증정, ‘토마토라멘’ 대표 메뉴·식후 리조토 무료 이벤트를 제공한다. 유후인에서는 ‘금상고로케’ 고로케 무료, 버스투어 50% 할인이 적용된다.9월에는 괌·인도네시아(발리), 10월에는 베트남(나트랑·푸꾸옥)·태국(방콕) 등 순차적으로 멤버십 이벤트가 진행될 예정이다.KT는 휴가철을 맞아 ‘8월 달달혜택’을 강화해 메가MGC커피와 롯데시네마 무료 쿠폰 40만장을 증정한다. 응모는 8월 21일까지 가능하며, 쿠폰은 25일 일괄 지급된다.이 밖에도 ‘달달초이스’, ‘달달스페셜’, ‘달달찬스’ 등 다양한 프로그램을 통해 외식 할인과 놀이공원·숙소 할인, 추첨형 굿즈 증정 등세분화된 멤버십 이벤트를 제공한다.달달초이스는 버거킹·다운타우너·배달의민족 등 외식 코너와 그 외 티맵 대리운전, 롯데시네마 등 할인 이벤트 중 하나를 선택해 이용할 수 있다. 달달스페셜은 모든 이벤트를 중복 이용할 수 있으며, 반올림피자·추억의 국민학교 등 외식을 비롯해 신라면세점·아고다·서울랜드·이월드 등 여행 위주로 멤버십 이벤트를 구성했다. 달달찬스에서는 스타벅스 키링, 메가박스 트위티 봉제 인형 키링 등 한정판 굿즈와 네이버페이 1만원권을 추첨 증정한다.또한 오는 9월 30일까지 가입자 대상으로 대규모 멤버십 프로그램 ‘케이티 멤버십 페스타(케멤페)’를 운영한다. 등급 제한 없이 전 고객이 참여할 수 있으며, 문화 체험부터 외식·쇼핑·레저까지 다양한 구성으로 마련했다.대표적으로 9월 6일 열리는 음악 축제 ‘보야지 투 자라섬’ 선착순 무료 예매, 뮤지컬 태양의 서커스와 영화 시사회 초청 이벤트를 진행한다. 이외에도 ‘브로드웨이 42번가’, ‘스웨그에이지’, 부산 쿠자 등 다양한 공연·전시 최대 50% 할인 이벤트도 진행한다.LG유플러스는 대표 멤버십 프로그램 ‘유플투쁠’을 통해 8월 이벤트를 운영하고 있다. 이번 8월 제휴사는 올해 최대 규모인 52개로 확대해 매일 다른 이벤트를 선보이는 중이다.18일에는 ▲오뚜기몰 전 제품 30%(최대 2만원) ▲레고랜드 1일 이용권(1+1) ▲LG생활건강 숨 화장품 최대 50% 할인 ▲교보문고 1천원 e교환권(1만원 이상 구매), 19일은 ▲전남친순대 컵순대 무료(순대 주문 시) ▲뽀로로파크 본인 66%·동반 40% ▲베어유 2주 무료 수강 쿠폰 ▲메디코치 매달 1만원 할인 등이 제공된다.슈퍼투쁠데이인 20일에는 ▲CGV 유플투쁠 세트(팝콘M+음료M) 무료 ▲스파오 5만원 이상 최대 2만원 쿠폰 ▲야놀자 국내 숙소 최대 3만원(25만원 이상)·해외 숙소 최대 3만원(30만원 이상) ▲파파존스 온라인 주문(방문 포장) 최대 50%(1판) 등이 진행된다.이어서 ▲21일 투썸플레이스·매드포갈릭·원더파크·신라인터넷면세점 ▲22일 미쏘 ▲26일 다이소·씨네Q·오붓 등 다양한 이벤트가 예정돼 있다.아울러 LG유플러스는 상시 멤버십 이벤트로 유플투쁠 운영일마다 매일 오전 11시 선착순 쿠폰(아이스 아메리카노 1잔 무료, 당일 사용)을 진행하고 있다."
https://n.news.naver.com/mnews/article/382/0001217049?sid=105,2025-08-17 17:06:13,IT/과학,“재난 상황에도 안정적”…LGU+ 방송중계·IPTV 국제인증,"LG유플러스 방송중계 및 IPTV 서비스가 재난·재해 상황에서의 안정적 운영 역량을 국제적으로 인정받았다.LG유플러스는 방송중계·IPTV 분야 서비스를 총괄하는 안양국사가 글로벌 인증 기관 DNV로부터 업무 연속성 관리 국제표준인 ISO22301(BCMS) 인증을 획득했다고 17일 밝혔다.ISO22301은 조직에 중대한 사고나 재난이 발생했을 때에도 핵심 업무를 지속할 수 있는지 여부를 판단하는 국제 표준이다. 위기 상황에 대한 대응 역량과 전사적 복구 체계의 적절성을 평가한다. 통신 인프라의 안정성과 신뢰성을 보여주는 중요한 기준으로 여겨진다.방송 서비스는 국민 생활과 밀접하고, 대형 재난·재해 상황에서 관련 정보를 신속하게 전파하는 핵심 수단이기 때문에 안정적 서비스 제공이 필수적이다. 이번 인증은 LG유플러스의 방송중계·IPTV 서비스가 이러한 역할을 수행할 수 있는 체계를 갖췄다는 점을 입증한 것이다.LG유플러스는 앞서 데이터 센터인 평촌메가센터와 평촌2센터, 통신 서비스의 주요 거점인 상암국사, 대전오류국사에도 ISO22301 인증을 받은 바 있다. 이번 안양국사에 대한 인증까지 포함해 주요 서비스 전반에 걸쳐 업무 연속성 기반의 서비스 제공 시스템을 더욱 강화할 수 있게 됐다는 것이 LG유플러스 측 설명이다.정하준 LG유플러스 유선플랫폼운영담당(상무)은 “이번 인증은 재난이나 재해가 발생하더라도 신속한 복구를 통해 최상의 고객 경험을 제공할 수 있는 역량을 공식적으로 확인받았다는 점에서 의미가 크다”며 “앞으로도 안정적인 플랫폼 운영을 통해 고객 신뢰를 얻을 수 있도록 최선을 다하겠다”고 말했다."
https://n.news.naver.com/mnews/article/011/0004521821?sid=105,2025-08-17 17:55:10,IT/과학,"AWS와 클라우드 합작…LGU+, 엑사원 자립도 높인다","■ 정영훈 기업AI사업담당데이터센터 이은 자체 생태계독자모델로 보안 강화에 방점""정부보안 인증하고 고객 확보""정영훈 LG유플러스 기업AI사업담당이 17일 서울 용산구 본사에서 서울경제신문과 인터뷰를 하고 있다.정영훈 LG유플러스 기업AI사업담당이 17일 서울 용산구 본사에서 서울경제신문과 인터뷰를 하고 있다.[서울경제]LG유플러스(032640)가 아마존웹서비스(AWS)와 손잡고 클라우드 사업에 본격 진출한다. 데이터센터에 이어 인공지능(AI) 사업을 떠받치는 핵심 기술이 된 클라우드까지 자체 확보함으로써 외부에 의존하지 않는 소버린(자립형) AI 경쟁력을 한층 높인다는 구상이다. LG유플러스는 특히 이를 통해 그룹의 독자 AI모델 ‘엑사원’이 강화한 보안을 앞세워 공공·제조·방산 등 새로운 분야로 진출하도록 집중 지원한다.정영훈(사진) LG유플러스 기업AI사업담당은 17일 서울 용산구 본사에서 진행한 서울경제신문 인터뷰에서 “AWS와 ‘소버린 클라우드’를 공동 개발해 내년 출시를 목표하고 있다”며 “AWS 기술을 숙달한 사내 엔지니어들을 태스크포스(TF)로 조직화해 양사 간 인력 교류를 확대하는 등 협력을 본격화할 계획”이라고 밝혔다. 소버린 클라우드는 양사가 올해 3월 ‘모바일월드콩그레스(MWC) 2025’에서 AI·클라우드 생태계 조성 협력을 맺은 후 준비 중인 첫 결과물이다.정 담당은 “소버린 클라우드는 1위 클라우드제공사업자(CSP)인 AWS 기술과 LG유플러스의 데이터센터와 인프라 운영·관리, 국산 보안 장비를 결합해 이용자 데이터를 우리 시스템 안에서 보관하는 ‘데이터 레지던시’를 강화하는 게 핵심”이라며 “AWS가 아닌 LG유플러스가 사업 주체로서 ‘익시’ 같은 회사 관련 브랜드명을 붙이고 정부 보안인증과 고객사 영업에 나설 예정”이라고 설명했다. 해외 CSP가 자기네 데이터센터(리전)를 통해 운영하며 데이터도 알아서 관리하는 기존 외산 클라우드와 차이가 있다.클라우드가 양사 협업 최우선 순위로 꼽힌 이유는 이 기술이 AI 유통 수단으로 떠올라서다. AI 밸류체인(가치사슬)은 데이터센터→클라우드→AI 모델→AI 서비스로 이뤄진다. AI 모델과 서비스는 대부분 클라우드에 담겨 제공된다. 국산 AI 모델이 개발된다고 해도 서비스 제공 과정에서 외산 클라우드를 쓰는 이상 데이터 해외 유출 같은 보안 우려에서 완전히 자유로울 수 없는 셈이다. 국내 클라우드 시장은 네이버·NHN 등 일부를 제외하면 AWS와 마이크로소프트(MS)·구글클라우드 등 해외 CSP 3사가 장악하고 있다.LG그룹 소버린 AI 전략에서도 클라우드는 아직 ‘빠진 고리’다. LG AI연구원이 모델 엑사원을 개발했고 LG유플러스와 LG CNS가 데이터센터와 특화모델, 서비스를 담당하지만 클라우드를 자급할 CSP 계열사는 없다. LG유플러스가 이 역할까지 새로 맡겠다는 것이다. 정 담당은 “소버린 AI 전략의 주인공은 엑사원”이라며 “소버린 클라우드를 기반으로 엑사원을 확산하는 식으로 그룹 차원 시너지가 이뤄질 것”이라고 했다.엑사원은 이를 통해 기존 외산 클라우드로는 어려웠던 공공·제조·방산 등 보안 요구가 까다로운 분야로 공급 확대를 꾀할 전망이다. 정부·공공기관은 외산 클라우드 사용을 제한하며 제조·방산 업계도 기밀 유출 우려에 스스로 꺼리는 분위기다. 정 담당은 “LG AI연구원이 사업자로 선정된 국가대표 AI 사업 ‘독자 AI 파운데이션 모델 프로젝트’에도 소버린 클라우드를 활용할 계획”이라고 했다."
https://n.news.naver.com/mnews/article/014/0005392490?sid=105,2025-08-17 18:10:16,IT/과학,"""K-엑사원, 글로벌 최고수준 모델 성능 100% 뛰어넘을것""[K-AI 인터뷰]","LG AI연구원 김유철 전략부문장LGU+·퓨리오사 참여한 컨소시엄이미 검증된 엑사원 노하우 활용연내 95% 성능의 독자모델 개발개인 넘어 산업현장 AX 속도낼것김유철 LG AI연구원 전략부문장이 17일 '엑사원' 모델의 강점에 대해 말하고 있다. LG AI연구원 제공""K-엑사원(EXAONE)은 글로벌 인공지능(AI) 모델 성능 100%를 넘어서는 것이 목표다. 엑사원 4.0은 동급 오픈 모델들 중 최고 성능을 자랑하고 심지어 10배 이상 큰 모델과도 견줄 만한 성능을 보여왔기에 LG 컨소시엄은 최고의 결과물을 만들 것이라고 자신한다.""김유철 LG AI연구원 전략부문장은 17일 파이낸셜뉴스와 인터뷰에서 ""LG 컨소시엄은 새롭게 시작하는 것이 아니라 이미 검증된 노하우를 바탕으로 즉시 성과를 낼 수 있는 준비된 팀""이라며 이 같이 말했다.LG AI연구원은 과학기술정보통신부가 주관하는 독자 AI 파운데이션 모델 프로젝트 정예팀 주관사 5곳 중 하나로 선정됐다. 글로벌 최고 수준의 국가대표 AI 모델 'K-엑사원' 개발을 천명한 LG AI연구원 컨소시엄에는 LG유플러스, LG CNS, 슈퍼브AI, 퓨리오사AI, 프렌들리AI, 이스트소프트, 이스트에이드, 한글과컴퓨터, 뤼튼테크놀로지스가 참여했다.LG AI연구원 컨소시엄은 전문성·범용성을 모두 갖춘 고성능 AI 파운데이션 모델을 개발하고 다양한 산업 현장의 AI 전환(AX) 등을 가속한다는 목표를 세웠다. 일단 올 연말까지 글로벌 프런티어 AI 모델 대비 95% 이상 성능을 내는 '독자 AI 모델'을 개발해야 한다.김 부문장은 ""AI 기술 발전 속도가 빠른 현 시점에서 최종적으로는 글로벌 모델의 95% 성능이 아닌 100% 이상을 목표로 더 큰 도전을 하려고 한다""며 ""특히 LG AI연구원은 지난 5년간 엑사원을 개발하며 학습 효율성을 높이는 연구를 지속해왔기 때문에 이를 통해 경쟁력 있는 모델을 빠르게 완성하는 데 주력할 예정""이라고 말했다.김 부문장은 K-엑사원의 방향성을 묻는 질문에 ""K-엑사원은 범용성과 전문성을 모두 갖춘 AI 모델을 목표로 한다""며 ""먼저 범용 성능을 확보한 뒤 이를 기반으로 산업별 특화 모델의 성능을 고도화해 나갈 계획""이라고 답했다. 이어 ""이렇게 개발된 'K-엑사원'은 개인 사용자부터 다양한 산업 현장까지 폭넓게 활용될 것""이라며 ""이를 통해 실질적인 성과를 창출하고, 더 많은 기업 및 기관과 협력 관계를 구축하며 국내 AI 산업 생태계 성장에 기여할 것""이라고 설명했다.김 부문장은 LG 컨소시엄의 강점으로 즉각적인 성과를 낼 수 있다는 점 등을 들었다. 그는 ""엑사원은 한국어뿐만 아니라 영어 고난도 벤치마크 평가에서도 우수한 성적을 거두며 이미 글로벌 시장에서 통용될 수 있는 기술력을 갖췄다""며 ""새로운 모델 개발에 필수적인 선행 기술 검증과 데이터 확보를 이미 완료해 준비 기간을 최소화하고 곧바로 프로젝트의 핵심 작업에 돌입할 수 있다""고 밝혔다. 그는 ""LG 컨소시엄은 엑사원을 활용 중이거나, AI 사업화 경험이 풍부한 기업들만으로 이뤄졌다""며 ""이러한 성공 사례를 바탕으로 더 많은 기업 및 기관과 협력 네트워크를 확장해 나가며 K-엑사원 생태계를 구축해 나갈 것""이라고 강조했다.정부는 정예팀으로 선발된 컨소시엄에 추가경정예산으로 확보한 그래픽처리장치(GPU) 1만장 사용을 지원할 예정이지만, 빅테크들이 보유한 GPU 수에 비하면 크게 부족한 수준이어서 향후 추가 지원이 필요하다는 의견이 힘을 얻고 있다.김 부문장은 ""새로운 기술을 빠르게 습득하고 적용하기 위해서는 충분한 컴퓨팅 자원과 고품질 데이터가 필수적이며, 이는 개발 속도와 성능 향상에 큰 영향을 줄 수 있다""며 ""LG AI연구원은 이러한 점을 고려해 계산 자원의 효율화와 경량화 연구를 지속적으로 진행해 왔으며, 앞으로도 한정된 자원 속에서 복잡한 산업 현장의 문제를 해결하기 위해 최적화된 데이터 학습법과 모델 아키텍처 등 독자적인 노하우를 활용해 모델을 더 고도화해 나갈 것""이라고 밝혔다. 그러면서 ""LG AI연구원은 제안부터 최종까지 항상 글로벌 최고 수준의 K-엑사원 모델을 생각해 왔다""며 ""좋은 결과 보여드릴 수 있도록 최선을 다하겠다""고 덧붙였다."
https://n.news.naver.com/mnews/article/014/0005392493?sid=105,2025-08-17 18:10:22,IT/과학,"LGU+ 방송, 재난상황에도 빠른 복구로 국제표준 따내","안양국사 ISO22301 인증 획득LG유플러스는 방송중계·IPTV 분야 서비스를 총괄하는 안양국사가 글로벌 인증 기관 DNV로부터 업무 연속성 관리 국제표준인 ISO22301(BCMS) 인증을 획득했다고 17일 밝혔다.ISO22301은 조직에 중대한 사고나 재난이 발생했을 때에도 핵심 업무를 지속할 수 있는지 여부를 판단하는 국제 표준으로, 위기 상황에 대한 대응 역량과 전사적 복구 체계의 적절성을 평가한다. 통신 인프라의 안정성과 신뢰성을 보여주는 중요한 기준으로 여겨진다.특히 방송 서비스는 국민 생활과 밀접하고 대형 재난·재해 상황에서 관련 정보를 신속하게 전파하는 핵심 수단이기 때문에 안정적인 서비스 제공이 필수적이다. 이번 인증은 LG유플러스의 방송중계·IPTV 서비스가 이러한 역할을 수행할 수 있는 체계를 갖췄다는 점을 입증한 것이라고 회사 측은 전했다.앞서 LG유플러스는 데이터 센터인 평촌메가센터와 평촌2센터, 통신 서비스의 주요 거점인 상암국사, 대전오류국사에도 ISO22301 인증을 받은 바 있다.이번 안양국사에 대한 인증까지 포함해 LG유플러스는 주요 서비스 전반에 걸쳐 업무 연속성 기반의 서비스 제공 시스템을 더욱 강화할 수 있게 됐다.정하준 LG유플러스 유선플랫폼운영담당(상무)은 ""이번 인증은 재난이나 재해가 발생하더라도 신속한 복구를 통해 최상의 고객 경험을 제공할 수 있는 역량을 공식적으로 확인받았다는 점에서 의미가 크다""며 ""앞으로도 안정적인 플랫폼 운영을 통해 고객 신뢰를 얻을 수 있도록 최선을 다하겠다""고 말했다."
https://n.news.naver.com/mnews/article/648/0000038898?sid=105,2025-08-18 06:30:06,IT/과학,"이통3사, 엇갈린 실적…하반기 '본격 전면전'","합산 영업익 사상 최대…SKT↓·KT·LGU+↑가입자 쟁탈전·AI 주도권 다툼 치열할 듯국내 이동통신 3사가 올해 2분기 1조6000억원이 넘는 합산 영업이익을 쓰며 수익성을 자랑했지만 통신사별 명암은 크게 엇갈렸다. 유심(USIM) 해킹 사고로 업계 1위 사업자인 SK텔레콤은 실적이 뒷걸음질 했지만 KT와 LG유플러스는 일회성·반사이익 등으로 사상 최대 이익을 올렸다.이런 상황에서 하반기 통신사 간 경쟁은 더욱 치열해질 전망이다. 이동통신 단말장치 유통구조 개선에 관한 법률(단통법)이 폐지돼 사실상 보조금 무한 경쟁이 가능한 판이 만들어진 데다 인공지능(AI) 사업 수익화를 위한 시장 선점에도 불이 붙었기 때문이다.18일 통신업계에 따르면 SK텔레콤, KT, LG유플러스 등 이통3사의 2분기 연결 기준 합산 영업이익은 1조6576억원으로 집계됐다. 이는 전년 동기보다 28.9% 급증한 수치로 분기 기준 역대 최대다.일회성 이익에 영업익 1조 시대 연 KTKT의 부동산 계열사발(發) 이익이 사실상 전체 수치를 견인한 것으로 풀이된다. KT는 2분기 무려 1조148억원에 달하는 영업이익을 거뒀다. 전년 동기보다 105.4% 급증한 규모다. 매출 또한 같은 기간 13.5% 늘어난 7조4274억원을 기록했다.부동산 계열사의 일회성 이익이 지난 분기에 이어 이번에도 주효했다. 부동산 자회사인 넥스트커넥트PFV가 서울 구의역 일대 강북본부 부지에 개발한 롯데 이스트폴 아파트가 입주를 진행하면서 분양 이익이 대거 반영된 것이다.KT는 이번 실적 발표에서 부동산 관련 이익에 대해 구체적인 규모를 밝히지는 않았다. 그러나 증권가에서는 올해 KT의 부동산 관련 일회성 영업이익을 5000억원 수준으로 추정한다. KT새노조 역시 2분기 실적에 대해 지난 13일 낸 논평에서 ""강북본부 부지 개발 관련 분양이익 약 4000억원이 반영된 결과""라고 짚었다.본업인 통신사업에서도 견조한 실적을 냈다. 경쟁사에서 이탈한 가입자 유입으로 이동통신(MNO) 가입자가 1년 전보다 11.7% 증가한 1984만명이었고, 5G(5세대 이동통신) 가입자 또한 늘어 무선사업 매출이 전년 동기보다 0.9% 증가한 1조7817억원을 기록했다. 무선 가입자당평균매출(ARPU)은 같은 기간 2.1% 증가한 3만5236원이었다.쓴맛 본 SKT, AI에선 성과SK텔레콤은 해킹 사고 여파로 실적에서 쓴맛을 봤다. 2분기 매출은 4조3388억원으로 1.9% 늘어나는데 그쳤고, 영업이익은 3383억원으로 37.1% 급감했다. 해킹에 따른 가입자 유심 교체, 대리점 손실보상 등으로 약 2500억원의 일회성 비용을 쓴 영향이다. MNO 가입자는 2분기에만 87만9000명이 순이탈했다. 0%대던 월평균 휴대폰 해지율은 1.6%로 상승했고, 시장 점유율은 40%를 밑돌았다.앞으로가 더 큰 문제다. 하반기에는 관련 비용이 더 많이 반영될 예정이어서다. 이미 연간 매출 목표치도 기존 17조8000억원에서 17조원으로 하향했다. 김양섭 SK텔레콤 최고재무책임자(CFO)는 ""하반기 책임과 약속 프로그램으로 재무적 임팩트가 가장 클 통신요금 50% 할인이 예정돼 있다""며 ""(하반기에는) 2분기보다도 실적 감소가 불가피할 것으로 예상한다""고 말했다.다만 AI 사업에서는 성과가 가시화하고 있다. 2분기 AI 데이터센터(DC) 매출이 가동률 상승으로 전년 동기보다 13.3% 증가한 1087억원, 인공지능 전환(AIX) 사업 매출은 B2B(기업 간 거래) 솔루션 판매 확대로 15.3% 늘어난 468억원을 기록해 AI 사업 전체 매출이 13.9% 성장했다. AI 에이전트 서비스 '에이닷'은 누적 가입자가 1000만명을 넘어섰다.LGU+, 통신·AI 고른 성장LG유플러스는 경쟁사들과 달리 일회성 이익이나 비용 영향없이 가장 무난하게 실적을 끌어 올렸다. 무선과 스마트홈, 기업 인프라 사업에서 모두 고른 성장을 하며 창립 이래 처음 분기 영업이익 3000억원을 돌파했다. 2분기 영업이익은 전년 동기 대비 19.9% 증가한 3045억원이다. 지난해 말 수장 자리에 오른 홍범식 대표이사 사장의 수익성 중심 경영이 통했다는 평가다. 실제 LG유플러스는 과거 6개 분기 연속 감익에서 벗어나 올해 1~2분기 연속 성장세를 보였다.무선 사업에서는 특히 가입자 유입이라는 반사이익을 톡톡히 누렸다. MNO 가입자가 2093만명으로 전년 동기 대비 5.5% 확대했다. 특히 MNO 핸드셋 가입자 가운데 5G 비중이 79.9%로 같은 기간 12.2%포인트 늘었다. 5G 핸드셋은 3G나 LTE 대비 ARPU가 높다. 덕분에 모바일 전체 서비스 매출도 4.3% 성장했다.스마트홈(초고속인터넷+IPTV)과 AI 사업도 순항 중이다. 먼저 스마트홈은 매출이 6366억원으로 전년 동기보다 2.7% 증가했다. 스미싱·피싱 등으로 금전 피해 발생 시 보상까지 제공하는 '프리미엄 안심 보상 요금제'가 출시 넉달 만에 누적 가입자 5만명을 달성하는 등 안전한 인터넷 사용 환경을 강화한 게 주효했다. AI 사업에서는 인터넷데이터센터(IDC) 매출이 고객사 입주가 많아지면서 가동률이 상승해 전년 동기보다 5% 증가한 963억원을 찍었다.단통법 폐지 후폭풍 예고…AI에도 사활이통3사의 이 같은 실적 추이는 하반기에도 크게 달라지지는 않을 전망이다. 통신사들은 마케팅비를 관리하겠다는 입장이지만 단통법이 폐지된 만큼 가입자 유치를 위한 경쟁은 한층 심화할 것으로 보인다. 특히 내달 애플 아이폰17 시리즈 등 신규 프리미엄 단말기 출시가 예고돼 지원금, 페이백 등을 통한 통신사 간 출혈 경쟁 가능성이 커졌다.AI 신사업에서 주도권을 확보하기 위한 다툼도 가속화할 것으로 관측된다. 먼저 SK텔레콤과 KT는 '빅테크 협력+자체 모델'이라는 투트랙 전략을 기본으로 가져가되, AI 인프라와 B2B, B2C(기업과 소비자 간 거래)에 힘을 싣는다는 구상이다. 유영상 SK텔레콤 대표이사 사장은 ""우리 기술력을 갖는 '자강'과 글로벌 기업과의 '협력' 두 가지를 통해 AI 사업을 추진하는 것엔 변함없지만, 세부적인 전략은 조금씩 바뀔 것""이라며 ""울산 AI DC를 포함해서 인프라 사업에서 굉장히 빠른 성과를 낼 수 있을 것""이라고 말했다.KT는 새로운 AI 서비스를 예고했다. 장민 KT CFO는 ""네트워크 관리나 미디어 서비스에 AI를 접목하는 것을 구상하고 있다""며 ""예를 들면 지니TV 셋톱박스에 MS 애저(Azure) 오픈 서비스 기반의 AI 에이전트를 적용하거나, 기지국 운영 효율화를 위해 AI를 접목하는 방식""이라고 설명했다.LG유플러스는 IDC, AI콘택센터(AICC) 두 사업을 주축으로 AI B2B 사업을 확장한다는 계획이다. AI 핵심 인프라인 IDC에서는 국내 1위 사업자 지위를 확보하고 AICC에서는 LG AI연구원의 '엑사원(EXAONE)'과 오픈AI의 '챗GPT'를 결합, 발화 인식 정확도를 높여 사업 효율성을 강화한다. 안형균 LG유플러스 기업AI사업그룹장은 ""설계·구축·운영(DBO)을 아우르는 IDC 운영으로 경쟁 우위를 확보해 고객사 기반과 매출을 확대하고, AICC에는 초거대언어모델(LLM)을 적용해 효율성을 높이고 B2B 서비스 라인업도 늘려나가겠다""고 말했다."
https://n.news.naver.com/mnews/article/008/0005236958?sid=105,2025-08-18 08:34:52,IT/과학,"""상담 대기시간 66% 줄었다""...LGU+, ARS 안내 개편효과 톡톡","LG유플러스 상담사가 고객 문의에 응대하고 있다. /사진=LG유플러스LG유플러스는 고객 편의 향상을 위해 ARS(자동응답시스템) 메뉴 맞춤 제공 서비스를 도입했다고 18일 밝혔다. 이 서비스를 통해 고객센터에 전화를 건 고객들은 상담사 연결 요청 후 대기 시간이 최대 66% 줄었다.기존에는 고객이 고객센터에 전화하면 누구에게나 같은 상담 메뉴가 제공됐다. 1번 요금 및 납부 문의, 2번 휴대폰결제 문의, 3번 요금제 및 부가서비스 문의, 4번 가입정보 확인 등의 순서였다. 고객은 자신이 원하는 메뉴를 안내받기 위해 오랜 시간 기다려야 했다.LG유플러스는 ARS를 업그레이드하면서 약정 기간 만료가 다가오는 고객이 고객센터에 전화하면 '선택약정 문의'를 1번으로 안내한다. 이전에는 2번 요금제와 할인, 데이터 등 부가서비스를 누르고 3번 선택약정 문의까지 기다려야 관련 안내를 받을 수 있었다. 이밖에 가입한 지 90일 이내 신규 고객은 요금제·부가서비스·결합 메뉴를 가장 먼저 안내받는다.보이는 ARS 또한 기존의 단순 목록을 카드 형식으로 변경해 한 화면에 다양한 정보가 보여지도록 메뉴를 개편했다. 고객 특성에 맞춘 최적화 메뉴를 최상단에 배치함과 동시에 자주 사용하는 메뉴, 최근 이용 메뉴도 제공해 고객의 탐색 시간을 줄였다.이번 서비스 개편으로 상담 요청 후 연결까지 걸리는 시간도 단축됐다. 지난해 모바일과 홈(IPTV·인터넷)에서 각각 16초, 14.7초가 걸린 상담사 연결 평균대기 시간은 지난 7월 기준 6.7초와 3.7초로 줄었다. 모바일과 홈에서 66%의 감소 효과를 거둔 셈이다. 상담사 연결 없이 셀프 처리하는 건수가 지난 3월은 일평균 868건이었으나 4월엔 3746건으로 약 4배로 늘었다.LG유플러스는 올해 안으로 품질 문의, 65세 이상 고객, 이사 철에 따른 홈 상품 이전 설치 안내 메뉴도 고객 상황에 맞게 우선 배치할 계획이다. 향후 AI 모델을 고도화해 고객이 문의할 내용을 더욱 정교하게 예측하는 '초개인화 ARS'로 발전한다는 목표도 세웠다. 고객이 전화할 때까지 기다리지 않고 고객에게 필요한 내용을 먼저 전화로 안내하는 방식 또한 포함된다.서남희 LG유플러스 CV(고객가치)담당은 ""고객이 가장 필요로 하는 정보를 ARS 메뉴의 맨 앞에 제공해 불필요한 대기 시간과 메뉴 선택의 복잡함을 해결하고자 했다""며 ""앞으로 AI 기반 초개인화 서비스로 확대하겠다""고 말했다."
https://n.news.naver.com/mnews/article/421/0008432400?sid=105,2025-08-18 09:00:00,IT/과학,"LGU+, ARS 순서 고객 맞춤형으로…""상담사 연결 시간 66% 감소""","(LGU+ 제공. 재판매 및 DB금지) /뉴스1(서울=뉴스1) 김정현 기자 = LG유플러스가 자동응답시스템(ARS) 메뉴 맞춤 제공 서비스를 도입하자 상담사 연결 대기 시간이 최대 66% 줄었다고 18일 밝혔다.이번 ARS 업그레이드로 LG유플러스 고객센터는 고객마다 안내 메뉴 순서가 달라졌다. 약정 기간 만료가 다가오는 고객이 고객센터에 전화하면 선택약정 문의를 1번으로 안내한다. 가입한 지 90일 이내 신규 고객은 요금제·부가서비스·결합 메뉴를 가장 먼저 안내받는다.이 결과 지난해 모바일과 홈(IPTV·인터넷)에서 각각 16초, 14.7초가 걸린 상담사 연결 평균 대기 시간은 지난 7월 기준 6.7초와 3.7초로 줄었다. 모바일과 홈에서 66%의 감소 효과를 거둔 셈이다.LG유플러스 측은 ""상담사 연결 없이 셀프 처리하는 건수가 늘어나 상담사의 응답 시간이 빨라진 것""이라고 설명했다.보이는 ARS도 기존의 단순 목록을 카드 형식으로 변경해 한 화면에 다양한 정보가 보여지도록 메뉴를 개편했다.LG유플러스는 ARS 개편에 고객군별 유형에 따른 행동 데이터를 활용했다. 고객이 사용한 ARS 메뉴 정보뿐만 아니라 상담사 연결 후 해결된 문제에 대한 데이터를 기반으로 메뉴 최적화를 위한 추론 기술을 적용했다.LG유플러스는 올해 안으로 품질 문의, 65세 이상 고객, 이사철에 따른 홈 상품 이전 설치 안내 메뉴도 고객 상황에 맞게 우선 배치할 계획이다.향후 AI 모델을 고도화해 고객이 문의할 내용을 더욱 정교하게 예측하는 '초개인화 ARS'로 발전시킨다는 목표도 세웠다.서남희 LG유플러스 CV담당은 ""앞으로 AI 기반 초개인화 서비스로 확대해 고객마다의 어려움을 빠르게 파악하고 해결해주는 차별적 고객경험을 제공하겠다""고 말했다."
https://n.news.naver.com/mnews/article/003/0013426232?sid=105,2025-08-18 09:00:00,IT/과학,"LGU+, ARS 안내 개편으로 고객 대기 시간 66% 줄여","약정만료 고객에 '재약정 혜택' 바로 연결하는 등 맞춤형 안내상담 요청 후 대기 시간 10초 줄어…셀프 처리 건수도 4배 증가[서울=뉴시스]LG유플러스가 고객 편의 향상을 위해 ARS(자동응답시스템) 메뉴 맞춤 제공 서비스를 도입했다고 18일 밝혔다. 사진은 LG유플러스 상담사가 고객 문의에 응대하고 있는 모습. (사진=LG유플러스 제공)[서울=뉴시스]윤현성 기자 = LG유플러스가 ARS(자동응답시스템) 안내를 개편해 고객센터에 전화를 건 고객들의 상담사 연결 요청 후 대기 시간을 최대 66% 줄인 것으로 나타났다.LG유플러스는 고객 편의 향상을 위해 ARS 메뉴 맞춤 제공 서비스를 도입했다고 18일 밝혔다.기존에는 고객이 고객센터에 전화하면 누구에게나 같은 상담 메뉴가 제공됐다. 1번 요금 및 납부 문의, 2번 휴대폰결제 문의, 3번 요금제 및 부가서비스 문의, 4번 가입정보 확인 등의 순서였다. 이로 인해 고객은 자신이 원하는 메뉴를 안내받기 위해 오랜 시간 기다려야 하는 불편이 있었다. LG유플러스는 이같은 불편을 해소하기 위해 고객 유형별 ARS 메뉴 맞춤 제공 서비스를 적용했다.LG유플러스는 ARS를 업그레이드하면서 약정 기간 만료가 다가오는 고객이 고객센터에 전화하면 '선택약정 문의'를 1번으로 안내한다. 이전에는 2번 요금제와 할인, 데이터 등 부가서비스를 누르고 3번 선택약정 문의까지 기다려야 관련 안내를 받을 수 있었다. 이밖에 가입한 지 90일 이내 신규 고객은 요금제·부가서비스·결합 메뉴를 가장 먼저 안내받는다.보이는 ARS 또한 기존의 단순 목록을 카드 형식으로 변경해 한 화면에 다양한 정보가 보여지도록 메뉴를 개편했다. 고객 특성에 맞춘 최적화 메뉴를 최상단에 배치함과 동시에 자주 사용하는 메뉴, 최근 이용 메뉴도 제공해 고객의 탐색 시간을 줄였다.LG유플러스는 이번 서비스 개편으로 상담 요청 후 연결까지 걸리는 시간도 단축됐다고 강조했다.지난해 모바일과 홈(IPTV·인터넷)에서 각각 16초, 14.7초가 걸린 상담사 연결 평균 대기 시간은 지난 7월 기준 6.7초와 3.7초로 줄었다. 모바일과 홈에서 66%의 감소 효과를 거둔 셈이다. 상담사 연결 없이 셀프 처리하는 건수가 지난 3월은 일 평균 868건이었으나 4월엔 3746건으로 약 4배로 늘면서 상담사의 응답 시간이 빨라졌다.LG유플러스는 이 같은 고객경험 혁신을 위해 고객군별 유형에 따른 행동 데이터를 활용했다. 고객이 사용한 ARS 메뉴 정보뿐만 아니라 상담사 연결 후 해결된 문제에 대한 데이터를 기반으로 메뉴 최적화를 위한 추론 기술을 적용했다.LG유플러스는 올해 안으로 품질 문의, 65세 이상 고객, 이사철에 따른 홈 상품 이전 설치 안내 메뉴도 고객 상황에 맞게 우선 배치할 계획이다. 향후 AI 모델을 고도화해 고객이 문의할 내용을 더욱 정교하게 예측하는 '초개인화 ARS'로 발전한다는 목표도 세웠다. 고객이 전화할 때까지 기다리지 않고 고객에게 필요한 내용을 먼저 전화로 안내하는 방식 또한 포함된다.서남희 LG유플러스 CV담당은 ""고객이 가장 필요로 하는 정보를 ARS 메뉴의 맨 앞에 제공해 불필요한 대기 시간과 메뉴 선택의 복잡함을 해결하고자 했다""며 ""앞으로 AI 기반 초개인화 서비스로 확대해 고객마다의 어려움을 빠르게 파악하고 해결해주는 차별적 고객경험을 제공하겠다""고 말했다."
https://n.news.naver.com/mnews/article/029/0002975819?sid=105,2025-08-18 09:00:00,IT/과학,"LGU+, ARS 안내 개편…“상담 대기시간 66% 감소”","LG유플러스가 자동응답시스템(ARS) 메뉴 맞춤 제공 서비스를 도입한 효과를 톡톡히 보고 있다. 이 서비스 도입으로 고객센터에 전화를 건 고객들이 상담사 연결을 요청한 후 실제 연결까지 대기해야 하는 시간이 66% 줄었다고 LG유플러스 측은 18일 밝혔다.LG유플러스는 ARS를 업그레이드한 이후 약정 기간 만료가 다가오는 이용자가 고객센터에 전화하면 '선택약정 문의'를 1번으로 안내한다. 이전에는 2번 요금제와 할인, 데이터 등 부가서비스를 누르고 3번 선택약정 문의까지 기다려야 관련 안내를 받을 수 있었다. 아울러 가입한 지 90일 이내 신규 가입자는 요금제·부가서비스·결합 메뉴를 가장 먼저 안내받는다.보이는 ARS 또한 기존의 단순 목록을 카드 형식으로 변경해 한 화면에 다양한 정보가 보여지도록 메뉴를 개편했다.이번 서비스 개편으로 상담 요청 후 연결까지 걸리는 시간도 단축됐다. 지난해 모바일과 홈(IPTV·인터넷)에서 각각 16초, 14.7초가 걸린 상담사 연결 평균 대기 시간은 지난 7월 기준 6.7초와 3.7초로 줄었다. 모바일과 홈에서 66%의 감소 효과를 거둔 셈이다.상담사 연결 없이 셀프 처리하는 건수가 올 3월은 일 평균 868건이었으나 4월엔 3746건으로 약 4배로 늘면서 상담사의 응답 시간이 빨라졌다.LG유플러스는 고객군별 유형에 따른 행동 데이터를 활용했다.ARS 메뉴 정보뿐만 아니라 상담사 연결 후 해결된 문제에 대한 데이터를 기반으로 메뉴 최적화를 위한 추론 기술을 적용했다.LG유플러스는 연내 품질 문의, 65세 이상 고객, 이사철에 따른 홈 상품 이전 설치 안내 메뉴도 이용자 상황에 맞게 우선 배치할 계획이다.향후 AI 모델을 고도화해 문의할 내용을 정교하게 예측하는 '초개인화 ARS'로 발전시켜 나갈 계획이다.서남희 LG유플러스 CV담당은 ""앞으로 AI 기반 초개인화 서비스로 확대해 어려움을 빠르게 파악하고 해결해주는 차별적 고객경험을 제공하겠다""고 말했다.김나인 기자 silkni@dt.co.krLG유플러스 상담사가 고객 문의에 응대하고 있다. LG유플러스 제공"
https://n.news.naver.com/mnews/article/018/0006092381?sid=105,2025-08-18 09:01:09,IT/과학,"LG U+, ARS 안내 개편해 상담 대기시간 66% 감소","자동응답시스템 메뉴 맞춤 제공 서비스 도입[이데일리 김아름 기자] LG유플러스(032640)가 고객 편의 향상을 위해 ARS(자동응답시스템) 메뉴 맞춤 제공 서비스를 도입했다고 18일 밝혔다. 이 서비스를 통해 고객센터에 전화를 건 고객들은 상담사 연결 요청 후 대기 시간이 최대 66% 줄었다.LG유플러스 상담사가 고객 문의에 응대하고 있다. (사진=LG유플러스)기존에는 고객이 고객센터에 전화하면 누구에게나 같은 상담 메뉴가 제공됐다. 1번 요금 및 납부 문의, 2번 휴대폰결제 문의, 3번 요금제 및 부가서비스 문의, 4번 가입정보 확인 등의 순서였다. 고객은 자신이 원하는 메뉴를 안내받기 위해 오랜 시간 기다려야 하는 불편이 있었다. LG유플러스는 이 같은 불편을 해소하기 위해 고객 유형별 ARS 메뉴 맞춤 제공 서비스를 적용했다.LG유플러스는 ARS를 업그레이드하면서 약정 기간 만료가 다가오는 고객이 고객센터에 전화하면 ‘선택약정 문의’를 1번으로 안내한다. 이전에는 2번 요금제와 할인, 데이터 등 부가서비스를 누르고 3번 선택약정 문의까지 기다려야 관련 안내를 받을 수 있었다. 이밖에 가입한 지 90일 이내 신규 고객은 요금제/부가서비스/결합 메뉴를 가장 먼저 안내받는다.보이는 ARS 또한 기존의 단순 목록을 카드 형식으로 변경해 한 화면에 다양한 정보가 보여지도록 메뉴를 개편했다. 고객 특성에 맞춘 최적화 메뉴를 최상단에 배치함과 동시에 자주 사용하는 메뉴, 최근 이용 메뉴도 제공해 고객의 탐색 시간을 줄였다.이번 서비스 개편으로 상담 요청 후 연결까지 걸리는 시간도 단축됐다. 지난해 모바일과 홈(IPTV/인터넷)에서 각각 16초, 14.7초가 걸린 상담사 연결 평균 대기 시간은 지난 7월 기준 6.7초와 3.7초로 줄었다. 모바일과 홈에서 66%의 감소 효과를 거둔 셈이다. 상담사 연결 없이 셀프 처리하는 건수가 지난 3월은 일 평균 868건이었으나 4월엔 3746건으로 약 4배로 늘면서 상담사의 응답 시간이 빨라진 것이다.서남희 LG유플러스 CV담당은 “고객이 가장 필요로 하는 정보를 ARS 메뉴의 맨 앞에 제공해 불필요한 대기 시간과 메뉴 선택의 복잡함을 해결하고자 했다”며 “앞으로 AI 기반 초개인화 서비스로 확대해 고객마다의 어려움을 빠르게 파악하고 해결해주는 차별적 고객경험을 제공하겠다”고 말했다."
https://n.news.naver.com/mnews/article/016/0002515342?sid=105,2025-08-18 09:01:09,IT/과학,“LGU+ 고객센터 전화 대기시간 확 줄었다”…ARS 안내 개편,"고객센터 전화시 필요한 내용부터 ‘추론’ 안내상담 요청 후 연결 대기 시간 10초 줄어셀프 처리 건수도 4배로 증가LG유플러스가 고객 편의 향상을 위해 ARS(자동응답시스템) 메뉴 맞춤 제공 서비스를 도입했다고 18일 밝혔다. 사진은 LG유플러스 상담사가 고객 문의에 응대하고 있는 모습. [LG유플러스 제공][헤럴드경제=박혜림 기자] LG유플러스가 ARS(자동응답시스템) 메뉴 맞춤 제공 서비스를 도입해 고객 편의를 대폭 증대시켰다.LG유플러스는 최근 ARS 메뉴 맞춤 제공 서비스를 도입한 결과 고객센터에 전화를 건 고객들의 상담사 연결 대기 시간을 최대 66% 줄였다고 18일 밝혔다.기존에는 고객이 고객센터에 전화하면 누구에게나 같은 상담 메뉴가 제공됐다. 1번 요금 및 납부 문의, 2번 휴대폰결제 문의, 3번 요금제 및 부가서비스 문의, 4번 가입정보 확인 등의 순서였다. 고객은 자신이 원하는 메뉴를 안내받기 위해 오랜 시간 기다려야 하는 불편이 있었다. LG유플러스는 이 같은 불편을 해소하기 위해 고객 유형별 ARS 메뉴 맞춤 제공 서비스를 적용했다.LG유플러스가 ARS를 업그레이드함에 따라, 약정 기간 만료가 다가오는 고객이 고객센터에 전화하면 ‘선택약정 문의’를 1번으로 안내한다. 이전에는 2번 요금제와 할인, 데이터 등 부가서비스를 누르고 3번 선택약정 문의까지 기다려야 관련 안내를 받을 수 있었다. 이밖에 가입한 지 90일 이내 신규 고객은 요금제, 부가서비스, 결합 메뉴를 가장 먼저 안내받는다.보이는 ARS도 기존의 단순 목록을 카드 형식으로 변경해 한 화면에 다양한 정보가 보여지도록 메뉴를 개편했다. 고객 특성에 맞춘 최적화 메뉴를 최상단에 배치함과 동시에 자주 사용하는 메뉴, 최근 이용 메뉴도 제공해 고객의 탐색 시간을 줄였다.이번 서비스 개편으로 상담 요청 후 연결까지 걸리는 시간도 단축됐다. 지난해 IPTV 및 인터넷의 모바일과 홈에서 각각 16초, 14.7초가 걸린 상담사 연결 평균 대기 시간은 지난 7월 기준 6.7초와 3.7초로 줄었다. 모바일과 홈에서 66%의 감소 효과를 거둔 셈이다. 상담사 연결 없이 셀프 처리하는 건수가 지난 3월은 일 평균 868건이었으나 4월엔 3746건으로 약 4배로 늘면서 상담사의 응답 시간이 빨라진 것이다.LG유플러스는 이 같은 고객경험 혁신을 위해 고객군별 유형에 따른 행동 데이터를 활용했다. 고객이 사용한 ARS 메뉴 정보뿐만 아니라 상담사 연결 후 해결된 문제에 대한 데이터를 기반으로 메뉴 최적화를 위한 추론 기술을 적용했다.LG유플러스는 올해 안으로 품질 문의, 65세 이상 고객, 이사철에 따른 홈 상품 이전 설치 안내 메뉴도 고객 상황에 맞게 우선 배치할 계획이다. 향후 AI 모델을 고도화해 고객이 문의할 내용을 더욱 정교하게 예측하는 ‘초개인화 ARS’로 발전한다는 목표도 세웠다. 고객이 전화할 때까지 기다리지 않고 고객에게 필요한 내용을 먼저 전화로 안내하는 방식 또한 포함된다.서남희 LG유플러스 CV담당은 “고객이 가장 필요로 하는 정보를 ARS 메뉴의 맨 앞에 제공해 불필요한 대기 시간과 메뉴 선택의 복잡함을 해결하고자 했다”며 “앞으로 AI 기반 초개인화 서비스로 확대해 고객마다의 어려움을 빠르게 파악하고 해결해주는 차별적 고객경험을 제공하겠다”고 말했다."
https://n.news.naver.com/mnews/article/014/0005392620?sid=105,2025-08-18 09:01:13,IT/과학,"""필요한 내용부터 알려드려요"" LG U+, ARS 상담 대기시간 66% 줄였다","LG유플러스 상담사가 고객 문의에 응대하고 있다. LG유플러스 제공[파이낸셜뉴스] LG유플러스는 고객 편의 향상을 위해 자동응답시스템(ARS) 메뉴 맞춤 제공 서비스를 도입했다고 18일 밝혔다.기존에는 고객이 고객센터에 전화하면 누구에게나 같은 상담 메뉴가 제공됐다. 1번 요금 및 납부 문의, 2번 휴대폰결제 문의, 3번 요금제 및 부가서비스 문의, 4번 가입정보 확인 등의 순서였다. 고객은 자신이 원하는 메뉴를 안내받기 위해 오랜 시간 기다려야 하는 불편이 있었다. LG유플러스는 이 같은 불편을 해소하기 위해 고객 유형별 ARS 메뉴 맞춤 제공 서비스를 적용했다.LG유플러스는 ARS를 업그레이드하면서 약정 기간 만료가 다가오는 고객이 고객센터에 전화하면 ‘선택약정 문의’를 1번으로 안내한다. 이전에는 2번 요금제와 할인, 데이터 등 부가서비스를 누르고 3번 선택약정 문의까지 기다려야 관련 안내를 받을 수 있었다. 이밖에 가입한 지 90일 이내 신규 고객은 요금제/부가서비스·결합 메뉴를 가장 먼저 안내받는다.보이는 ARS도 기존의 단순 목록을 카드 형식으로 변경해 한 화면에 다양한 정보가 보여지도록 메뉴를 개편했다. 고객 특성에 맞춘 최적화 메뉴를 최상단에 배치함과 동시에 자주 사용하는 메뉴, 최근 이용 메뉴도 제공해 고객의 탐색 시간을 줄였다.이번 서비스 개편으로 상담 요청 후 연결까지 걸리는 시간도 단축됐다. 지난해 모바일과 홈(IPTV·인터넷)에서 각각 16초, 14.7초가 걸린 상담사 연결 평균 대기 시간은 지난 7월 기준 6.7초와 3.7초로 줄었다. 모바일과 홈에서 66%의 감소 효과를 거둔 셈이다. 상담사 연결 없이 셀프 처리하는 건수가 지난 3월은 일 평균 868건이었으나 4월엔 3746건으로 약 4배로 늘면서 상담사의 응답 시간이 빨라진 것이다.LG유플러스는 이 같은 고객경험 혁신을 위해 고객군별 유형에 따른 행동 데이터를 활용했다. 고객이 사용한 ARS 메뉴 정보뿐만 아니라 상담사 연결 후 해결된 문제에 대한 데이터를 기반으로 메뉴 최적화를 위한 추론 기술을 적용했다.LG유플러스는 올해 안으로 품질 문의, 65세 이상 고객, 이사철에 따른 홈 상품 이전 설치 안내 메뉴도 고객 상황에 맞게 우선 배치할 계획이다. 향후 AI 모델을 고도화해 고객이 문의할 내용을 더욱 정교하게 예측하는 ‘초개인화 ARS’로 발전한다는 목표도 세웠다. 고객이 전화할 때까지 기다리지 않고 고객에게 필요한 내용을 먼저 전화로 안내하는 방식도 포함된다.서남희 LG유플러스 CV담당은 “고객이 가장 필요로 하는 정보를 ARS 메뉴의 맨 앞에 제공해 불필요한 대기 시간과 메뉴 선택의 복잡함을 해결하고자 했다”며 “앞으로 AI 기반 초개인화 서비스로 확대해 고객마다의 어려움을 빠르게 파악하고 해결해주는 차별적 고객경험을 제공하겠다”고 말했다."
https://n.news.naver.com/mnews/article/277/0005638211?sid=101,2025-08-18 09:08:54,경제,"플랜티넷, 상반기 매출 251억…전년比 51.2% 증가","플랜티넷은 2025년 상반기 연결 기준 누적 매출액 251억원, 영업이익 35억원, 당기순이익 35억 원을 기록했다고 18일 밝혔다. 전년 동기 대비 매출액은 51%, 영업이익은 309% 증가하면서 실적이 대폭 성장했다.실적 상승의 배경으로는 유해 콘텐츠 차단 매출 증가 및 자회사 알바트로스인베스트먼트 수익 개선 등이 꼽힌다.지난해 플랜티넷은 다변화하는 인터넷 환경에 대응하기 위해 사내 'AI 테크랩'을 신설하고 자체 sLLM(경량화 대형언어모델)을 구축한 바 있다. AI가 활용된 유해 콘텐츠 차단 기술을 고도화하고 다양한 범위의 유해물 차단에 대한 대응력을 갖추면서 매출이 증가했다.플랜티넷은 차세대 인터넷 통신 기반인 QUIC(Quick UDP Internet Connections) 프로토콜을 식별할 수 있는 기술에 대한 국내 및 해외 특허 출원도 진행 중이다. 출원 중인 기술과 자사 AI 딥러닝 기술을 결합해 향후 아시아태평양 지역 보안 시장 확대에도 나설 계획이다.이와 함께 자회사 플랜티엠은 디지털매거진 서비스 '모아진'의 마케팅을 강화해 실적을 더욱 확대한다는 구상이다. 실제로 지난달 28일 KT 알뜰폰 사업자인 미니게이트를 시작으로 엠모바일과 스카이라이프에서 '모아진'이 포함된 신규 요금제가 출시됐다.특히 엠모바일 요금제의 경우 출시를 기념해 연말까지 1100여종의 해외 잡지를 추가금 없이 제공하는 특별 프로모션을 진행한다. 올해 12월까지 요금제에 가입한 고객은 유지 기간 동안 국내외 1400여 종의 잡지를 무제한으로 열람할 수 있다.이와 함께 '모아진' 이용 혜택이 담긴 'NEW갤럭시 AI 구독클럽'도 마련했다. 갤럭시 보험 상품에 가입한 이용자들은 모아진을 이용할 수 있다. 플랜티엠은 KT 외에도 SKT, LG U+ 와의 다양한 구독 서비스 출시도 협업 중으로, 향후 매출 확대에 더욱 탄력이 붙을 것으로 기대된다.플랜티넷 관계자는 ""상반기 실적은 당사 주력 솔루션뿐만 아니라 신성장 동력의 가시적인 성과가 반영된 결과""라며 ""하반기에는 AI 기반 서비스 고도화와 모아진 시장 확대를 통해 한단계 더 성장하는 한 해를 만들겠다""고 말했다."
https://n.news.naver.com/mnews/article/030/0003341288?sid=105,2025-08-18 09:10:13,IT/과학,"LGU+, ARS 안내 개편…상담 대기시간 66% 줄여","LG유플러스 상담사가 고객 문의에 응대하고 있는 모습.LG유플러스는 고객 편의 향상을 위해 ARS(자동응답시스템) 메뉴 맞춤 제공 서비스를 도입했다고 18일 밝혔다. 이 서비스를 통해 고객센터에 전화를 건 고객들은 상담사 연결 요청 후 대기 시간이 최대 66% 줄었다.LG유플러스는 ARS를 업그레이드하면서 약정 기간 만료가 다가오는 고객이 고객센터에 전화하면 '선택약정 문의'를 1번으로 안내한다. 이전에는 2번 요금제와 할인, 데이터 등 부가서비스를 누르고 3번 선택약정 문의까지 기다려야 관련 안내를 받을 수 있었다. 이밖에 가입한 지 90일 이내 신규 고객은 요금제·부가서비스·결합 메뉴를 가장 먼저 안내받는다.보이는 ARS 또한 기존의 단순 목록을 카드 형식으로 변경해 한 화면에 다양한 정보가 보여지도록 메뉴를 개편했다. 고객 특성에 맞춘 최적화 메뉴를 최상단에 배치함과 동시에 자주 사용하는 메뉴, 최근 이용 메뉴도 제공해 고객의 탐색 시간을 줄였다.이번 서비스 개편으로 상담 요청 후 연결까지 걸리는 시간도 단축됐다. 지난해 모바일과 홈(IPTV·인터넷)에서 각각 16초, 14.7초가 걸린 상담사 연결 평균 대기 시간은 지난 7월 기준 6.7초와 3.7초로 줄었다. 모바일과 홈에서 66%의 감소 효과를 거둔 셈이다. 상담사 연결 없이 셀프 처리하는 건수가 지난 3월은 일 평균 868건이었으나 4월엔 3746건으로 약 4배로 늘면서 상담사의 응답 시간이 빨라졌다.LG유플러스는 이 같은 고객경험 혁신을 위해 고객군별 유형에 따른 행동 데이터를 활용했다. 고객이 사용한 ARS 메뉴 정보뿐만 아니라 상담사 연결 후 해결된 문제에 대한 데이터를 기반으로 메뉴 최적화를 위한 추론 기술을 적용했다.LG유플러스는 올해 안으로 품질 문의·65세 이상 고객·이사철에 따른 홈 상품 이전 설치 안내 메뉴도 고객 상황에 맞게 우선 배치할 계획이다. 향후 AI 모델을 고도화해 고객이 문의할 내용을 더욱 정교하게 예측하는 '초개인화 ARS'로 발전한다는 목표도 세웠다. 고객이 전화할 때까지 기다리지 않고 고객에게 필요한 내용을 먼저 전화로 안내하는 방식 또한 포함된다.서남희 LG유플러스 CV담당은 “고객이 가장 필요로 하는 정보를 ARS 메뉴의 맨 앞에 제공해 불필요한 대기 시간과 메뉴 선택의 복잡함을 해결하고자 했다”며 “앞으로 AI 기반 초개인화 서비스로 확대해 고객마다의 어려움을 빠르게 파악하고 해결해주는 차별적 고객경험을 제공하겠다”고 말했다."
https://n.news.naver.com/mnews/article/092/0002386478?sid=105,2025-08-18 09:12:11,IT/과학,"""필요한 내용 먼저 알려드려요""…LGU+, 가입자 유형별 ARS 도입","상담 대기시간 66% 감소…셀프 처리 건수도 4배로 증가LG유플러스가 가입자 편의 향상을 위해 자동응답시스템(ARS) 메뉴 맞춤 제공 서비스를 도입했다고 18일 밝혔다.이 서비스를 통해 가입자센터에 전화를 건 가입자들은 상담사 연결 요청 후 대기 시간이 최대 66% 줄었다.기존에는 가입자가 가입자센터에 전화하면 누구에게나 같은 상담 메뉴가 제공됐다. 1번 요금 및 납부 문의, 2번 휴대폰결제 문의, 3번 요금제 및 부가서비스 문의, 4번 가입정보 확인 등의 순서였다.가입자는 자신이 원하는 메뉴를 안내받기 위해 오랜 시간 기다려야 하는 불편이 있었다. 이 같은 불편을 해소하기 위해 가입자 유형별 ARS 메뉴 맞춤 제공 서비스가 도입됐다.LG유플러스는 ARS를 업그레이드하면서 약정 기간 만료가 다가오는 가입자가 가입자센터에 전화하면 ‘선택약정 문의’를 1번으로 안내한다. 이전에는 2번 요금제와 할인, 데이터 등 부가서비스를 누르고 3번 선택약정 문의까지 기다려야 관련 안내를 받을 수 있었다. 이밖에 가입한 지 90일 이내 신규 가입자는 요금제·부가서비스·결합 메뉴를 가장 먼저 안내받는다.보이는 ARS 또한 기존의 단순 목록을 카드 형식으로 변경해 한 화면에 다양한 정보가 보여지도록 메뉴를 개편했다. 가입자 특성에 맞춘 최적화 메뉴를 최상단에 배치함과 동시에 자주 사용하는 메뉴, 최근 이용 메뉴도 제공해 가입자의 탐색 시간을 줄였다.이번 서비스 개편으로 상담 요청 후 연결까지 걸리는 시간도 단축됐다. 지난해 모바일과 홈(IPTV·인터넷)에서 각각 16초, 14.7초가 걸린 상담사 연결 평균 대기 시간은 지난 7월 기준 6.7초와 3.7초로 줄었다. 모바일과 홈에서 66%의 감소 효과를 거둔 셈이다.또한 지난 3월 상담사 연결 없이 셀프 처리하는 건수는 일 평균 868건이었으나, 4월엔 3천746건으로 약 4배로 늘었다.LG유플러스는 이 같은 가입자경험 혁신을 위해 가입자별 유형에 따른 행동 데이터를 활용했다. 가입자가 사용한 ARS 메뉴 정보뿐만 아니라 상담사 연결 후 해결된 문제에 대한 데이터를 기반으로 메뉴 최적화를 위한 추론 기술을 적용했다.LG유플러스는 올해 안으로 품질 문의, 65세 이상 가입자, 이사철에 따른 홈 상품 이전 설치 안내 메뉴도 가입자 상황에 맞게 우선 배치할 계획이다. 향후 AI 모델을 고도화해 가입자가 문의할 내용을 더욱 정교하게 예측하는 ‘초개인화 ARS’로 발전한다는 목표도 세웠다. 가입자가 전화할 때까지 기다리지 않고 가입자에게 필요한 내용을 먼저 전화로 안내하는 방식 또한 포함된다.서남희 LG유플러스 CV담당은 “가입자가 가장 필요로 하는 정보를 ARS 메뉴의 맨 앞에 제공해 불필요한 대기 시간과 메뉴 선택의 복잡함을 해결하고자 했다”며 “앞으로 AI 기반 초개인화 서비스로 확대해 가입자마다의 어려움을 빠르게 파악하고 해결해주는 차별적 가입자경험을 제공하겠다”고 말했다."
https://n.news.naver.com/mnews/article/031/0000957727?sid=105,2025-08-18 09:20:15,IT/과학,"LGU+, ARS 안내 개편⋯상담 대기시간 66% 줄어","상담 요청 후 연결 대기시간 10초 줄어…셀프 처리 건수 4배 증가LG유플러스(대표 홍범식)는 ARS(자동응답시스템) 메뉴 맞춤 제공 서비스를 도입했다고 18일 밝혔다. 이를 통해 고객센터에 전화를 건 고객들은 상담사 연결 요청 후 대기시간이 최대 66% 줄었다.LG유플러스 상담사가 고객 문의에 응대하고 있는 모습. [사진=LGU+]LG유플러스는 ARS를 업그레이드하면서 약정 기간 만료가 다가오는 고객이 고객센터에 전화하면 '선택약정 문의'를 1번으로 안내한다. 이전에는 2번 요금제와 할인, 데이터 등 부가서비스를 누르고 3번 선택약정 문의까지 기다려야 관련 안내를 받을 수 있었다.가입한 지 90일 이내 신규 고객은 요금제/부가서비스/결합 메뉴를 가장 먼저 안내받도록 했다. 보이는 ARS 또한 기존의 단순 목록을 카드 형식으로 변경해 한 화면에 다양한 정보가 보여지도록 메뉴를 개편했다. 고객 특성에 맞춘 최적화 메뉴를 최상단에 배치함과 동시에 자주 사용하는 메뉴, 최근 이용 메뉴도 제공한 것이다.서비스 개편으로 상담 요청 후 연결까지 걸리는 시간이 단축됐다. 지난해 모바일과 홈(IPTV/인터넷)에서 각각 16초, 14.7초가 걸린 상담사 연결 평균 대기시간은 지난 7월 기준 6.7초와 3.7초로 줄었다. 모바일과 홈에서 66% 감소 효과를 거둔 셈이다. 상담사 연결 없이 셀프 처리하는 건수가 지난 3월 일 평균 868건이었으나, 4월 3746건으로 약 4배 늘었다.LG유플러스는 올해 품질 문의, 65세 이상 고객, 이사철에 따른 홈 상품 이전 설치 안내 메뉴도 고객 상황에 맞게 우선 배치할 계획이다. 향후 AI 모델을 고도화해 고객이 문의할 내용을 정교하게 예측하는 초개인화 ARS로 발전한다는 목표도 세웠다.서남희 LG유플러스 CV담당은 ""고객이 가장 필요로 하는 정보를 ARS 메뉴 맨 앞에 제공해 불필요한 대기시간과 메뉴 선택 복잡함을 해결하고자 했다""며 ""AI 기반 초개인화 서비스로 확대해 고객 어려움을 빠르게 파악하고 해결해주는 차별적 고객경험을 제공하겠다""고 말했다."
https://n.news.naver.com/mnews/article/374/0000457981?sid=101,2025-08-18 09:26:13,경제,"LGU+, ARS 안내 개편…""고객 대기 시간 66% 감소""","LG유플러스가 ARS(자동응답시스템) 안내를 개편해 고객센터에 전화를 건 고객들의 상담사 연결 요청 후 대기 시간을 최대 66% 줄인 것으로 나타났습니다.LG유플러스는 고객 편의 향상을 위해 ARS 메뉴 맞춤 제공 서비스를 도입했다고 오늘(18일) 밝혔습니다.기존에는 고객이 고객센터에 전화하면 누구에게나 같은 상담 메뉴가 제공됐습니다. 1번 요금 및 납부 문의, 2번 휴대폰결제 문의, 3번 요금제 및 부가서비스 문의, 4번 가입정보 확인 등의 순서였습니다. 이로 인해 고객은 자신이 원하는 메뉴를 안내받기 위해 오랜 시간 기다려야 하는 불편이 있었습니다. LG유플러스는 이같은 불편을 해소하기 위해 고객 유형별 ARS 메뉴 맞춤 제공 서비스를 적용했습니다.LG유플러스는 ARS를 업그레이드하면서 약정 기간 만료가 다가오는 고객이 고객센터에 전화하면 알아서 '선택약정 문의'를 1번으로 안내합니다. 가입한 지 90일 이내 신규 고객의 경우 요금제·부가서비스·결합 메뉴를 가장 먼저 안내받도록 했습니다.보이는 ARS 또한 기존의 단순 목록을 카드 형식으로 변경해 한 화면에 다양한 정보가 보여지도록 메뉴를 개편했습니다. 고객 특성에 맞춘 최적화 메뉴를 최상단에 배치함과 동시에 자주 사용하는 메뉴, 최근 이용 메뉴도 제공해 고객의 탐색 시간을 줄였습니다.LG유플러스는 이번 서비스 개편으로 상담 요청 후 연결까지 걸리는 시간도 단축됐다고 강조했습니다.지난해 모바일과 홈(IPTV·인터넷)에서 각각 16초, 14.7초가 걸린 상담사 연결 평균 대기 시간은 지난 7월 기준 6.7초와 3.7초로 줄었습니다. 모바일과 홈에서 66%의 감소 효과를 거둔 셈입니다. 상담사 연결 없이 셀프 처리하는 건수가 지난 3월은 일 평균 868건이었으나 4월엔 3746건으로 약 4배로 늘면서 상담사의 응답 시간이 빨라졌습니다.LG유플러스는 올해 안으로 품질 문의, 65세 이상 고객, 이사철에 따른 홈 상품 이전 설치 안내 메뉴도 고객 상황에 맞게 우선 배치할 계획입니다.서남희 LG유플러스 CV담당은 ""고객이 가장 필요로 하는 정보를 ARS 메뉴의 맨 앞에 제공해 불필요한 대기 시간과 메뉴 선택의 복잡함을 해결하고자 했다""며 ""앞으로 AI 기반 초개인화 서비스로 확대해 고객마다의 어려움을 빠르게 파악하고 해결해주는 차별적 고객경험을 제공하겠다""고 말했습니다.당신의 제보가 뉴스로 만들어집니다.SBS Biz는 여러분의 제보를 기다리고 있습니다.홈페이지 = https://url.kr/9pghjn"
https://n.news.naver.com/mnews/article/277/0005638234?sid=105,2025-08-18 09:29:11,IT/과학,"LG U+, ARS 안내 고객 맞춤형으로…대기시간 66% 줄여","고객 상황 따라 필요한 메뉴 우선 안내상담 요청 후 연결 대기 시간 10초 줄어LG유플러스는 고객 편의 향상을 위해 ARS(자동응답시스템) 메뉴 맞춤 제공 서비스를 도입했다고 18일 밝혔다. 이 서비스를 통해 고객센터에 전화를 건 고객들은 상담사 연결 요청 후 대기 시간이 최대 66% 줄어든 것으로 나타났다.기존에는 고객이 고객센터에 전화하면 모든 고객에게 같은 순서로 안내메시지가 나갔다. 1번 요금 및 납부 문의, 2번 휴대폰결제 문의, 3번 요금제 및 부가서비스 문의, 4번 가입정보 확인 등의 순서였다. 이 탓에 고객은 자신이 원하는 메뉴를 안내받기 위해 기다려야 했다.LG유플러스는 고객 편의 향상을 위해 ARS(자동응답시스템) 메뉴 맞춤 제공 서비스를 도입했다고 18일 밝혔다. LG유플러스 상담사가 고객 문의에 응대하고 있는 모습. LG유플러스 제공LG유플러스는 이 같은 불편을 해소하기 위해 고객 유형별 ARS 메뉴 맞춤 제공 서비스를 적용했다. 약정 기간 만료가 다가오는 고객이 고객센터에 전화하면 '선택약정 문의'를 1번으로 안내하는 방식이다. 가입한 지 90일 이내인 신규 고객은 요금제·부가서비스·결합 메뉴를 가장 먼저 안내받는다.보이는 ARS도 기존의 단순 목록을 카드 형식으로 변경해 한 화면에 다양한 정보가 보이도록 메뉴를 개편했다. 고객 특성에 맞춘 최적화 메뉴를 최상단에 배치하는 동시에 자주 사용하는 메뉴, 최근 이용 메뉴도 제공해 고객의 탐색 시간을 줄였다.이번 서비스 개편으로 상담 요청 후 연결까지 걸리는 시간도 줄였다. 지난해 모바일과 홈(IPTV·인터넷)에서 각각 16초와 14.7초가 걸린 상담사 연결 평균 대기 시간은 지난 7월 기준 6.7초와 3.7초로 줄었다. 모바일과 홈에서 66%의 감소 효과를 거둔 셈이다. 상담사 연결 없이 셀프 처리하는 건수는 지난 3월 일평균 868건에서 4월 3746건으로 약 4배로 늘었는데, 그만큼 상담사의 응답 시간이 빨라진 것이다.LG유플러스는 이번 개편을 위해 고객군별 유형에 따른 행동 데이터를 활용했다. 고객이 사용한 ARS 메뉴 정보뿐 아니라 상담사 연결 후 해결된 문제에 대한 데이터를 기반으로 메뉴 최적화를 위한 추론 기술을 적용했다.LG유플러스는 올해 안으로 품질 문의, 65세 이상 고객, 이사철에 따른 홈 상품 이전 설치 안내 메뉴도 고객 상황에 맞게 우선 배치할 계획이다. 향후 인공지능(AI) 모델을 고도화해 고객이 문의할 내용을 정교하게 예측하는 '초개인화 ARS'로도 발전시킨다. 고객이 전화할 때까지 기다리지 않고 고객에게 필요한 내용을 먼저 전화로 안내하는 방식도 포함된다.서남희 LG유플러스 CV담당은 ""고객이 가장 필요로 하는 정보를 ARS 메뉴의 맨 앞에 제공해 불필요한 대기 시간과 메뉴 선택의 복잡함을 해결하고자 했다""면서 ""앞으로 AI 기반 초개인화 서비스로 확대해 고객마다의 어려움을 빠르게 파악하고 해결해주는 차별적 고객 경험을 제공하겠다""고 말했다."
https://n.news.naver.com/mnews/article/119/0002991839?sid=105,2025-08-18 09:34:13,IT/과학,"LG U+, 고객군별 맞춤 ARS 제공…""상담 대기시간 66% 감소""","약정 만료 고객은 ‘재약정 혜택’, 신규 고객은 ‘요금제/부가서비스’ 먼저 안내LG유플러스 상담사가 고객 문의에 응대하고 있는 모습.ⓒLG유플러스[데일리안 = 조인영 기자] LG유플러스는 고객 편의 향상을 위해 ARS(자동응답시스템) 메뉴 맞춤 제공 서비스를 도입했다고 18일 밝혔다. 이 서비스를 통해 고객센터에 전화를 건 고객들은 상담사 연결 요청 후 대기 시간이 최대 66% 줄었다.기존에는 고객이 고객센터에 전화하면 누구에게나 같은 상담 메뉴가 제공됐다. 1번 요금 및 납부 문의, 2번 휴대폰결제 문의, 3번 요금제 및 부가서비스 문의, 4번 가입정보 확인 등의 순서였다.고객은 자신이 원하는 메뉴를 안내받기 위해 오랜 시간 기다려야 하는 불편이 있었다. LG유플러스는 이 같은 불편을 해소하기 위해 고객 유형별 ARS 메뉴 맞춤 제공 서비스를 적용했다.LG유플러스는 ARS를 업그레이드하면서 약정 기간 만료가 다가오는 고객이 고객센터에 전화하면 ‘선택약정 문의’를 1번으로 안내한다. 이전에는 2번 요금제와 할인, 데이터 등 부가서비스를 누르고 3번 선택약정 문의까지 기다려야 관련 안내를 받을 수 있었다. 이밖에 가입한 지 90일 이내 신규 고객은 요금제/부가서비스/결합 메뉴를 가장 먼저 안내받는다.보이는 ARS 또한 기존의 단순 목록을 카드 형식으로 변경해 한 화면에 다양한 정보가 보여지도록 메뉴를 개편했다. 고객 특성에 맞춘 최적화 메뉴를 최상단에 배치함과 동시에 자주 사용하는 메뉴, 최근 이용 메뉴도 제공해 고객의 탐색 시간을 줄였다.이번 서비스 개편으로 상담 요청 후 연결까지 걸리는 시간도 단축됐다. 지난해 모바일과 홈(IPTV/인터넷)에서 각각 16초, 14.7초가 걸린 상담사 연결 평균 대기 시간은 지난 7월 기준 6.7초와 3.7초로 줄었다.모바일과 홈에서 66%의 감소 효과를 거둔 셈이다. 상담사 연결 없이 셀프 처리하는 건수가 지난 3월은 일 평균 868건이었으나 4월엔 3746건으로 약 4배로 늘면서 상담사의 응답 시간이 빨라진 것이다.LG유플러스는 이 같은 고객경험 혁신을 위해 고객군별 유형에 따른 행동 데이터를 활용했다. 고객이 사용한 ARS 메뉴 정보뿐만 아니라 상담사 연결 후 해결된 문제에 대한 데이터를 기반으로 메뉴 최적화를 위한 추론 기술을 적용했다.LG유플러스는 올해 안으로 품질 문의, 65세 이상 고객, 이사철에 따른 홈 상품 이전 설치 안내 메뉴도 고객 상황에 맞게 우선 배치할 계획이다. 향후 AI 모델을 고도화해 고객이 문의할 내용을 더욱 정교하게 예측하는 ‘초개인화 ARS’로 발전한다는 목표도 세웠다. 고객이 전화할 때까지 기다리지 않고 고객에게 필요한 내용을 먼저 전화로 안내하는 방식 또한 포함된다.서남희 LG유플러스 CV담당은 “고객이 가장 필요로 하는 정보를 ARS 메뉴의 맨 앞에 제공해 불필요한 대기 시간과 메뉴 선택의 복잡함을 해결하고자 했다”며 “앞으로 AI 기반 초개인화 서비스로 확대해 고객마다의 어려움을 빠르게 파악하고 해결해주는 차별적 고객경험을 제공하겠다”고 말했다."
https://n.news.naver.com/mnews/article/082/0001340454?sid=101,2025-08-18 09:53:12,경제,"LGU+, ARS 개편해 대기시간 줄였다…66% 감소","신규 가입자 ‘요금제·부가서비스’ 우선 안내상담사 연결 요청 후 대기 시간 10초 줄어LG유플러스가 고객 편의 향상을 위해 ARS(자동응답시스템) 메뉴 맞춤 제공 서비스를 도입했다고 18일 밝혔다. 사진은 LG유플러스 상담사가 고객 문의에 응대하고 있는 모습. LG유플러스 제공LG유플러스가 ARS(자동응답시스템) 개선으로 상담사 연결 대기시간을 최대 66% 줄였다.LG유플러스는 ARS 메뉴 맞춤 제공 서비스를 도입, 고객센터에 전화를 건 가입자의 상담사 연결 요청 후 대기 시간이 대폭 줄었다고 18일 밝혔다. 기존에는 고객센터에 전화하면 누구에게나 같은 상담 메뉴가 제공됐지만 ARS를 업그레이드하면서 가입자 유형별로 맞춤 제공 서비스를 적용했다는 설명이다.ARS 개편 이후 약정 기간 만료가 다가오는 가입자가 고객센터에 전화하면 ‘선택약정 문의’를 1번으로 안내한다. 가입한 지 90일 이내 신규 고객은 요금제·부가서비스·결합 메뉴를 가장 먼저 안내받는다. ARS에서 원하는 메뉴를 안내받기 위해 오랜 시간 기다려야 하는 불편이 맞춤형 서비스로 사라진 셈이다.‘보이는 ARS’도 단순 목록을 카드 형식으로 변경해 한 화면에 더 많은 정보가 보여지도록 메뉴를 개편했다. 가입자 특성에 맞춘 최적화 메뉴를 최상단에 배치하고 자주 사용하는 메뉴, 최근 이용 메뉴도 제공해 탐색 시간을 줄였다. LG유플러스는 고객군별 유형에 따른 행동 데이터를 활용, ARS 메뉴 최적화를 위한 추론 기술을 적용했다고 설명했다.LG유플러스는 이번 서비스 개편으로 상담 요청 후 연결까지 걸리는 시간이 단축됐다고 밝혔다. 지난해 모바일과 홈(IPTV, 인터넷)에서 각각 16초, 14.7초가 걸린 상담사 연결 평균 대기 시간은 지난 7월 기준 6.7초와 3.7초로 줄었다. 모바일과 홈에서 66%의 감소 효과를 거둔 셈이다. 상담사 연결 없이 셀프 처리하는 건수도 지난 3월은 일 평균 868건이었으나 4월엔 3746건으로 약 4배로 늘면서 상담사의 응답 시간이 빨라졌다.LG유플러스는 올해 안으로 품질 문의, 65세 이상 고객, 이사철에 따른 홈 상품 이전 설치 안내 메뉴도 고객 상황에 맞게 우선 배치할 계획이라고 밝혔다. 향후 AI 모델을 고도화해 고객이 문의할 내용을 더욱 정교하게 예측하는 ‘초개인화 ARS’로 발전한다는 목표도 세웠다. 고객이 전화할 때까지 기다리지 않고 고객에게 필요한 내용을 먼저 전화로 안내하는 방식도 포함된다.서남희 LG유플러스 CV담당은 “고객이 가장 필요로 하는 정보를 ARS 메뉴의 맨 앞에 제공해 불필요한 대기 시간과 메뉴 선택의 복잡함을 해결하고자 했다”며 “앞으로 AI 기반 초개인화 서비스로 확대해 고객마다의 어려움을 빠르게 파악하고 해결해주는 차별적 고객 경험을 제공하겠다”고 말했다."
https://n.news.naver.com/mnews/article/138/0002202845?sid=105,2025-08-18 10:00:07,IT/과학,"“맞춤형 상담 기술 도입” LGU+, ARS 개편…대기시간 66% 감소","[ⓒLG유플러스][디지털데일리 오병훈기자] LG유플러스가 자동응답시스템을 개편했다.LG유플러스(대표 홍범식)는 가입자 편의 향상을 위해 자동응답시스템(ARS) 메뉴 맞춤 제공 서비스를 도입했다고 18일 밝혔다. 이 서비스를 통해 고객센터에 전화를 건 고객들은 상담사 연결 요청 후 대기 시간이 최대 66% 줄었다는 것이 회사 측 설명이다.기존에는 고객센터에 전화하면 누구에게나 같은 상담 메뉴가 제공됐다. 1번 요금 및 납부 문의, 2번 휴대폰결제 문의, 3번 요금제 및 부가서비스 문의, 4번 가입정보 확인 등 순서다. 가입자는 자신이 원하는 메뉴를 안내받기 위해 오랜 시간 기다려야 하는 불편이 있었다. LG유플러스는 이 같은 불편을 해소하기 위해 고객 유형별 ARS 메뉴 맞춤 제공 서비스를 적용했다.LG유플러스는 ARS를 업그레이드하면서 약정 기간 만료가 다가오는 가입자가 고객센터에 전화하면 ‘선택약정 문의’를 1번으로 안내한다. 이전에는 2번 요금제와 할인, 데이터 등 부가서비스를 누르고 3번 선택약정 문의까지 기다려야 관련 안내를 받을 수 있었다. 이밖에 가입한 지 90일 이내 신규 가입자는 요금제·부가서비스·결합 메뉴를 가장 먼저 안내받는다.보이는 ARS 또한 기존의 단순 목록을 카드 형식으로 변경해 한 화면에 다양한 정보가 보여지도록 메뉴를 개편했다. 가입자 특성에 맞춘 최적화 메뉴를 최상단에 배치함과 동시에 자주 사용하는 메뉴, 최근 이용 메뉴도 제공해 탐색 시간을 줄였다.이번 서비스 개편으로 상담 요청 후 연결까지 걸리는 시간도 단축됐다. 지난해 모바일과 홈(IPTV·인터넷)에서 각각 16초, 14.7초가 걸린 상담사 연결 평균 대기 시간은 지난 7월 기준 6.7초와 3.7초로 줄었다. 모바일과 홈에서 66% 감소 효과를 거둔 셈이다. 상담사 연결 없이 셀프 처리하는 건수가 지난 3월 일 평균 868건에서 4월엔 3746건으로 약 4배로 늘면서 상담사 응답 시간이 빨라진 것이다.LG유플러스는 이번 개편 과정에 가입자 유형에 따른 행동 데이터를 활용했다. 고객이 사용한 ARS 메뉴 정보뿐만 아니라 상담사 연결 후 해결된 문제에 대한 데이터를 기반으로 메뉴 최적화를 위한 추론 기술을 적용했다.LG유플러스는 올해 안으로 품질 문의, 65세 이상 고객, 이사철에 따른 홈 상품 이전 설치 안내 메뉴도 고객 상황에 맞게 우선 배치한다. 향후 AI 모델을 고도화해 가입자가 문의할 내용을 더욱 정교하게 예측하는 ‘초개인화 ARS’로 발전한다는 목표도 세웠다. 가입자가 전화할 때까지 기다리지 않고 필요한 내용을 먼저 전화로 안내하는 방식도 포함된다.서남희 LG유플러스 CV담당은 “가입자가 가장 필요로 하는 정보를 ARS 메뉴 맨 앞에 제공해 불필요한 대기 시간과 복잡함을 해결하고자 했다”며 “앞으로 인공지능(AI) 기반 초개인화 서비스로 확대해 고객마다 어려움을 빠르게 파악하고 해결해주는 차별적 서비스를 제공하겠다”고 말했다."
https://n.news.naver.com/mnews/article/016/0002515589?sid=105,2025-08-18 11:41:10,IT/과학,“LGU+ 고객센터 전화 대기시간 확 줄었다”…ARS 안내 개편,"상담 연결 대기 시간 10초 줄어셀프 처리 건수도 4배로 증가LG유플러스가 고객 편의 향상을 위해 ARS 메뉴 맞춤 제공 서비스를 도입했다고 18일 밝혔다. 사진은 LG유플러스 상담사가 고객 문의에 응대하고 있는 모습 [LG유플러스 제공]LG유플러스가 ARS(자동응답시스템) 메뉴 맞춤 제공 서비스를 도입해 고객 편의를 대폭 증대시켰다.LG유플러스는 최근 ARS 메뉴 맞춤 제공 서비스를 도입한 결과 고객센터에 전화를 건 고객들의 상담사 연결 대기 시간을 최대 66% 줄였다고 18일 밝혔다.기존에는 고객이 고객센터에 전화하면 누구에게나 같은 상담 메뉴가 제공됐다. 1번 요금 및 납부 문의, 2번 휴대폰결제 문의, 3번 요금제 및 부가서비스 문의, 4번 가입정보 확인 등의 순서였다. 고객은 자신이 원하는 메뉴를 안내받기 위해 오랜 시간 기다려야 하는 불편이 있었다. LG유플러스는 이 같은 불편을 해소하기 위해 고객 유형별 ARS 메뉴 맞춤 제공 서비스를 적용했다.LG유플러스가 ARS를 업그레이드함에 따라, 약정 기간 만료가 다가오는 고객이 고객센터에 전화하면 ‘선택약정 문의’를 1번으로 안내한다. 이전에는 2번 요금제와 할인, 데이터 등 부가서비스를 누르고 3번 선택약정 문의까지 기다려야 관련 안내를 받을 수 있었다. 이밖에 가입한 지 90일 이내 신규 고객은 요금제, 부가서비스, 결합 메뉴를 가장 먼저 안내받는다.보이는 ARS도 기존의 단순 목록을 카드 형식으로 변경해 한 화면에 다양한 정보가 보여지도록 메뉴를 개편했다. 고객 특성에 맞춘 최적화 메뉴를 최상단에 배치함과 동시에 자주 사용하는 메뉴, 최근 이용 메뉴도 제공해 고객의 탐색 시간을 줄였다.이번 서비스 개편으로 상담 요청 후 연결까지 걸리는 시간도 단축됐다. 지난해 IPTV 및 인터넷의 모바일과 홈에서 각각 16초, 14.7초가 걸린 상담사 연결 평균 대기 시간은 지난 7월 기준 6.7초와 3.7초로 줄었다. 모바일과 홈에서 66%의 감소 효과를 거둔 셈이다. 상담사 연결 없이 셀프 처리하는 건수가 지난 3월은 일 평균 868건이었으나 4월엔 3746건으로 약 4배로 늘면서 상담사의 응답 시간이 빨라진 것이다.LG유플러스는 이 같은 고객경험 혁신을 위해 고객군별 유형에 따른 행동 데이터를 활용했다. 고객이 사용한 ARS 메뉴 정보뿐만 아니라 상담사 연결 후 해결된 문제에 대한 데이터를 기반으로 메뉴 최적화를 위한 추론 기술을 적용했다.LG유플러스는 올해 안으로 품질 문의, 65세 이상 고객, 이사철에 따른 홈 상품 이전 설치 안내 메뉴도 고객 상황에 맞게 우선 배치할 계획이다.박혜림 기자"
https://n.news.naver.com/mnews/article/417/0001095950?sid=103,2025-08-18 15:31:43,생활/문화,"""취향 따라 즐겨보자""… 마운틴TV '딱이다! 산악회', 이색 산행 문화에 빠질 시간","'딱이다! 산악회'가 자신에게 꼭 맞는 산행문화를 소개한다. /사진=마운틴TV 제공마운틴TV의 맞춤형 산악회 매칭 예능 '딱이다! 산악회'가 특별 게스트들과 함께하는 색다른 산행기를 공개한다.방송인 정철욱과 인플루언서 백만송희가 바로 그 주인공이다. 이들은 각기 다른 산악회를 일일 체험하며 자신에게 꼭 맞는 산행 문화를 직접 느껴보는 시간을 가졌다.마운틴TV '딱이다! 산악회'를 통해 취향따라 즐기는 산행문화를 느낄수 있다. /사진=마운틴TV 제공개그맨 출신 방송인 정철욱은 산코디 이재훈과 함께 '등산도 레저처럼!'이라는 모토로 활동하는 '산쓰리크루'산악회 편에 참여했다. 산행은 물론 관광, 계곡 물놀이, 스노클링까지 즐기는 이 모임은, 단순한 등산을 넘어선 액티비티 중심의 친목 산악회다.정철욱은 ""등산보다 놀이가 더 많다""며 특유의 위트로 웃음을 자아냈고, 회원들과의 유쾌한 소통을 통해 산행 이상의 즐거움을 만끽했다.마운틴TV '딱이다! 산악회'를 통해 취향따라 즐기는 산행을 체험해보자. /사진=마운틴TV 제공박형민 산코디와 함께한 백만송희는 체계적인 운영 시스템과 매너 중심의 문화를 갖춘 MZ세대 산악회 '비기너마운틴'편을 일일 체험했다. 1988년생부터 2000년생까지 가입 가능한 이 산악회는, 에어테이블(데이터베이스 플랫폼)을 활용해 회원별 참석 기록 및 현황, 행사 일정 등의 주요 정보를 관리하고 있다. 또한, GPT·트랭글 등과 같은 디지털 앱을 통해 등산 코스의 정보를 제공하는 등 MZ세대다운 스마트한 운영이 특징이다.마운틴TV '딱이다! 산악회'를 통해 나만의 산행문화를 즐겨보자. /사진=마운틴TV 제공""등산이 이렇게 체계적일 줄은 몰랐다""며 놀라움을 표현한 백만송희는 이색적인 산행 경험에 매료되는 모습을 보였다. 등산을 둘러싼 철학과 분위기, 문화는 제각각이지만, 두 게스트 모두 자신에게 딱 맞는 산악회를 찾는 특별한 하루였다고 입을 모았다.레저와 놀이가 공존하는 산행부터 매너 중심의 체계적인 산행 문화까지, 다채로운 산악회 풍경 속에서 펼쳐지는 두 사람의 하루가 이번 회차의 핵심이다.마운틴TV '딱이다! 산악회'를 통해 액티비티 중심의 친목 산악회를 즐겨보자. /사진=마운틴TV 제공마운틴TV '딱이다! 산악회'는 매주 일요일 오전 8시30분에 방영되며, 16회 정철욱 편은 9월 21일(일), 22회 백만송희 편은 11월 1일(일) 순차적으로 만나볼 수 있다. SK Btv(채널 247번), LG U+ tv(채널 129번), 지니TV(채널 128번), SkyLife(채널 122번) 등 다양한 플랫폼을 통해 시청할 수 있으며, 지역 케이블 채널 번호는 마운틴TV 홈페이지에서 확인할 수 있다."
https://n.news.naver.com/mnews/article/014/0005392993?sid=101,2025-08-18 15:38:18,경제,"자담치킨, 여름 막바지 맞아 배민·LGU+ 제휴 할인 진행","8월 18일 단 하루 발급, 31일까지 사용 가능… 플랫폼 제휴 마케팅 강화치킨 프랜차이즈 자담치킨이 배달앱 배달의민족과 LG유플러스 멤버십 서비스 유플투쁠과 손잡고 8월 18일 하루 동안 최대 1만1,500원까지 할인받을 수 있는 특별 프로모션을 진행한다.할인 쿠폰은 8월 18일 당일 U+멤버십 ‘유플투쁠’ 앱 이벤트 페이지에서 발급할 수 있다. 받은 쿠폰은 배달의민족 앱 내 **‘마이배민 > 쿠폰함’**에 등록 후 사용할 수 있으며, 주문 금액이 2만2,000원 이상일 때 적용된다.등급별 할인 폭은 ▲U+ 우수고객 4,000원 ▲VIP 고객 6,000원 ▲VVIP 고객 1만1,500원이다. 쿠폰은 발급 당일 포함해 8월 31일까지 사용 가능하다.자담치킨은 2011년 브랜드 론칭 이후 동물복지 인증 원료육을 사용하는 등 재료 차별화를 내세워 ‘치즈핑치킨’, ‘맵쏘이킥치킨’ 등 다양한 메뉴를 선보여 왔다. 이번 할인 이벤트 역시 배달앱과 통신사 멤버십을 결합해 소비자가 체감할 수 있는 혜택을 강화한 사례다.프로모션과 관련된 세부 내용은 배달의민족 앱과 LGU+ 멤버십 이벤트 페이지에서 확인할 수 있다."
https://n.news.naver.com/mnews/article/050/0000095101?sid=101,2025-08-18 16:30:16,경제,"자담치킨, ‘배달의민족×U+멤버십’ 제휴... 할인 혜택 제공","치킨 프랜차이즈 자담치킨은 배달앱 ‘배달의민족’과 LG유플러스의 멤버십 서비스인 ‘유플투쁠’과 제휴를 맺고, 8월 18일 하루 동안 최대 11,500원의 할인 혜택을 제공하는 특별 프로모션을 실시한다고 밝혔다.이번 제휴 프로모션은 통신사 고객에 혜택 제공과 배달앱 내 브랜드 인지도를 높이기 위한 전략적 협업의 일환으로 기획됐다. 특히 여름방학과 휴가 시즌이 막바지에 접어들며 치킨 수요가 증가하는 시점에 맞춰 고객의 체감 혜택을 극대화하는 방식으로 구성됐다.할인 쿠폰은 8월 18일 하루 동안 U+멤버십 ‘유플투쁠’ 앱 이벤트 페이지에서 발급되며, 고객은 다운로드 받은 쿠폰을 배달의민족 앱 내 ‘마이배민 > 쿠폰함’에 등록한 후 사용할 수 있다.쿠폰은U+멤버십 회원 등급에 따라 U+ 우수고객은4천원, VIP고객은6천원, VVIP고객은 11,500원 할인쿠폰이 제공되며, 22,000원 이상 주문하면 적용할 수 있다. 발급된 쿠폰은 8월 31일까지 유효하다.2011년 브랜드를 론칭한 자담치킨은 동물복지 인증 원료육을 비롯해 차별화한 재료를 적극 채택하여 치킨을 조리하는 프랜차이즈로, ‘치즈핑치킨’, ‘맵쏘이킥치킨’, ‘마튀니치킨’ 등 인기 메뉴를 연이어 선보이고 있다.또 배달의민족, 땡겨요, 쿠팡이츠 등 주요 배달 플랫폼은 물론, LG유플러스, SK텔레콤 등 통신사 멤버십과의 협업을 통해 할인 이벤트를 정기적으로 진행하고 있으며, 최근에는 자체 주문앱 리뉴얼을 통해 각종 할인 및 회원 전용 혜택도 강화하고 있다.자세한 정보는 배달의민족 앱과 LG U+ 멤버십 이벤트 페이지에서 확인할 수 있다."
https://n.news.naver.com/mnews/article/448/0000550418?sid=101,2025-08-18 16:39:52,경제,"LGU+, 고객에 따라 ARS 번호 달라진다…상담 대기 66% 단축","LG유플러스가 ARS(자동응답시스템) 맞춤 제공 서비스를 도입한 이후 고객들의 대기 시간이 최대 66% 줄었다고 18일 밝혔다.기존에는 고객이 고객센터에 전화하면 누구에게나 같은 상담 메뉴가 제공됐다.1번 요금 및 납부 문의, 2번 휴대폰결제 문의, 3번 요금제 및 부가서비스 문의, 4번 가입정보 확인 등의 순서였다.이 때문에 고객은 자신이 원하는 메뉴가 나올 때까지 기다려야 하는 불편이 있었다.LG유플러스는 이 같은 불편을 해소하기 위해 고객 유형별 ARS 메뉴 맞춤 제공 서비스를 적용했다.약정 기간 만료가 다가오는 고객이 고객센터에 전화하면 ‘선택약정 문의’를 1번으로 안내하고 가입한 지 90일 이내 신규 고객은 요금제/부가서비스/결합 메뉴를 가장 먼저 안내받는 식이다.보이는 ARS 또한 기존의 단순 목록을 카드 형식으로 변경해 한 화면에 다양한 정보가 보여지도록 메뉴를 개편했다.고객 특성에 맞춘 최적화 메뉴를 최상단에 배치함과 동시에 자주 사용하는 메뉴, 최근 이용 메뉴도 제공해 고객의 탐색 시간을 줄였다.LG U+, ARS 안내 개편해 상담 대기시간 66% 감소이번 서비스 개편으로 상담 요청 후 연결까지 걸리는 시간도 단축됐다.지난해 모바일과 홈(IPTV/인터넷)에서 각각 16초, 14.7초가 걸린 상담사 연결 평균 대기 시간은 지난 7월 기준 6.7초와 3.7초로 줄었다. 모바일과 홈에서 66%의 감소 효과를 거둔 셈이다.상담사 연결 없이 셀프 처리하는 건수가 지난 3월은 일 평균 868건이었으나 4월엔 3746건으로 약 4배로 늘면서 상담사의 응답 시간이 빨라졌다.이 서비스엔 고객군별 유형에 따른 행동 데이터를 활용했다. 고객이 사용한 ARS 메뉴 정보뿐만 아니라 상담사 연결 후 해결된 문제에 대한 데이터를 기반으로 메뉴 최적화를 위한 추론 기술을 적용했다.LG유플러스는 올해 안으로 품질 문의, 65세 이상 고객, 이사철에 따른 홈 상품 이전 설치 안내 메뉴도 고객 상황에 맞게 우선 배치할 계획이다.앞으로 AI 모델을 고도화해 고객이 문의할 내용을 더욱 정교하게 예측하는 ‘초개인화 ARS’로 발전시킬 계획이다.서남희 LG유플러스 CV담당은 “고객이 가장 필요로 하는 정보를 ARS 메뉴의 맨 앞에 제공해 불필요한 대기 시간과 메뉴 선택의 복잡함을 해결하고자 했다”며 “앞으로 AI 기반 초개인화 서비스로 확대해 고객마다의 어려움을 빠르게 파악하고 해결해주는 차별적 고객경험을 제공하겠다”고 말했다."
https://n.news.naver.com/mnews/article/092/0002386633?sid=105,2025-08-18 17:25:12,IT/과학,"플랜티넷, AI 솔루션 덕에 상반기 실적 날았다…매출 '역대 최대'","영업익 전년比 309% 증가…자체 sLLM·QUIC 기술 특허 출원·구독 서비스로 성장 가속플랜티넷이 인공지능(AI) 솔루션 사업 확대를 통해 올 상반기 동안 큰 폭의 실적 성장을 달성했다. 매출은 역대 최대를 기록하며 새 역사를 썼다.플랜티넷은 2025년 상반기 연결 기준 누적 매출액 251억원, 영업이익 35억원, 당기순이익 35억원을 기록했다고 14일 공시를 통해 밝혔다. 전년 동기 대비 매출액은 51%, 영업이익은 309% 증가했다.실적 상승의 배경으로는 유해 콘텐츠 차단 매출 증가 및 자회사 알바트로스인베스트먼트 수익 개선 등이 꼽힌다.(사진=플랜티넷)지난해 플랜티넷은 다변화하는 인터넷 환경에 대응하기 위해 사내 'AI 테크랩'을 신설하고 자체 경량화 대형언어모델(sLLM)을 구축한 바 있다. AI가 활용된 유해 콘텐츠 차단 기술을 고도화하고 다양한 범위의 유해물 차단에 대한 대응력을 갖추면서 매출이 증가했다.플랜티넷은 차세대 인터넷 통신 기반인 'QUIC' 프로토콜을 식별할 수 있는 기술에 대한 국내 및 해외 특허 출원도 진행 중이다. 출원 중인 기술과 자사 AI 딥러닝 기술을 결합해 향후 아시아태평양 지역 보안 시장 확대에도 나설 계획이다.이와 함께 자회사 플랜티엠은 디지털매거진 서비스 '모아진'의 마케팅을 강화해 실적을 더욱 확대한다는 구상이다. 실제 지난달 28일 KT 알뜰폰 사업자인 미니게이트를 시작으로 엠모바일과 스카이라이프에서 모아진이 포함된 신규 요금제가 출시됐다.특히 엠모바일 요금제의 경우 출시를 기념해 오는 연말까지 1천100여 종의 해외 잡지를 추가금 없이 제공하는 특별 프로모션을 진행한다. 올해 12월까지 요금제에 가입한 고객은 유지 기간 동안 국내외 1천400여 종의 잡지를 무제한으로 열람할 수 있다.이와 함께 모아진 이용 혜택이 담긴 '뉴갤럭시 AI 구독클럽'도 마련했다. 갤럭시 보험 상품에 가입한 이용자들은 모아진을 이용할 수 있다. 플랜티엠은 KT 외에도 SKT, LGU+ 와의 다양한 구독 서비스 출시도 협업 중이며 향후 매출 확대에 더욱 탄력이 붙을 것으로 기대하고 있다.플랜티넷 관계자는 ""상반기 실적은 주력 솔루션뿐만 아니라 신성장 동력의 가시적인 성과가 반영된 결과""라며 ""하반기에는 AI 기반 서비스 고도화와 모아진 B2C 시장 확대를 통해 한 단계 더 성장하는 한 해를 만들겠다""고 밝혔다."
https://n.news.naver.com/mnews/article/031/0000958032?sid=105,2025-08-18 17:54:16,IT/과학,이통3사 상반기 합산 CAPEX 감소...5G 성숙기 국면 투자 위축,"5G 전국망 구축 사실상 완료⋯KT·LGU+ 두 자릿수 줄고 SKT만 소폭 증가이통 3사의 상반기 설비투자(CAPEX) 합산 금액이 작년보다 감소했다. 5G 성숙기 국면에 따른 투자 감소로 분석된다.이통3사 로고 [사진=아이뉴스24 DB]18일 통신업계에 따르면 KT의 상반기 CAPEX는 8458억 원으로 전년 9609억 원 대비 12.0% 줄었다. LG유플러스 역시 7264억 원으로 전년 9420억 원 대비 22.9% 감소했다. 두 회사는 투자 효율화를 내세우며 지출을 보수적으로 관리하는 분위기다.다만 SK텔레콤은 2025년 상반기 CAPEX로 7410억 원을 집행해 전년 동기 7050억 원 대비 5.1% 늘렸다. 이는 자회사 SK브로드밴드의 울산 AI 데이터센터 설계·구축 관련 비용이 반영되면서 한시적으로 불어난 효과라는 해석이 따른다.실제 통신 3사가 공시하는 CAPEX는 장기적으로 감소세가 뚜렷하다. 지난해 이동통신 3사의 총 CAPEX는 6조6107억 원으로, 5G 태동기였던 2019년보다 2조1686억 원 줄었다. 소비자들이 여전히 5G 속도 개선을 요구하지만, 통신사들은 고수익을 기대하기 어려운 시장 구조 속에서 투자를 줄이는 모습이다.업계 일각에서는 CAPEX 축소를 예견된 수순으로 본다. 이통 3사는 지난 4월을 기점으로 5G 전국망 구축을 사실상 완료했다. 또한 2023년 5월 SK텔레콤을 마지막으로 28㎓ 주파수를 반납하면서 별도의 추가 투자 필요도 줄었다.통신업계 관계자는 ""본래 CAPEX는 네트워크 도입 초기 투자가 늘었다가 성숙기에는 줄고, 다음 세대가 나오면 다시 증가한다""고 말했다."
https://n.news.naver.com/mnews/article/014/0005393154?sid=105,2025-08-18 18:45:19,IT/과학,LG U+ ARS 상담사 연결대기시간 66% 확 줄어,"LG유플러스는 고객 편의 향상을 위해 자동응답시스템(ARS) 메뉴 맞춤 제공 서비스를 도입한 결과 ARS 상담 대기시간을 66% 줄였다고 18일 밝혔다.기존에는 고객이 고객센터에 전화하면 누구에게나 같은 상담 메뉴가 제공됐다. 1번 요금 및 납부 문의, 2번 휴대폰결제 문의, 3번 요금제 및 부가서비스 문의, 4번 가입정보 확인 등의 순서였다.LG유플러스는 고객이 기다리는 불편을 해소하기 위해 고객 유형별 ARS 메뉴 맞춤 제공 서비스를 적용했다. 약정 기간 만료가 다가오는 고객이 고객센터에 전화하면 '선택약정 문의'를 1번으로 안내한다. 가입한 지 90일 이내 신규 고객은 요금제/부가서비스·결합 메뉴를 가장 먼저 안내받는다."
https://n.news.naver.com/mnews/article/022/0004060986?sid=101,2025-08-19 05:43:11,경제,"“퇴직하면 3년치 연봉에 애들 학자금까지?…그럼, 이제 쉬어야지” [수민이가 궁금해요]","LG전자가 인력 선순환과 경쟁력 강화를 위해 2년 만에 희망퇴직을 실시한다.서울 여의도 LG전자 사옥. 뉴스118일 업계에 따르면 LG전자는 TV사업을 맡은 MS사업본부 내 50세 이상 직원과 최근 3년 동안 성과가 낮은 직원을 대상으로 희망퇴직 신청을 받고 있다. 희망퇴직은 9월 중 진행될 예정이다. 회사는 최대 3년치 연봉과 자녀 학자금 등을 줄 예정이다.MS사업본부는 올해 2분기 1917억원의 영업손실로, 전년 동기 대비 주요 사업부 가운데 유일하게 적자 전환했다. 시장 수요 감소와 판가 인하, 중국 기업들과의 가격 경쟁으로 인한 마케팅비 증가 등이 영향을 준 것으로 풀이된다.LG전자는 ""인력 선순환 차원에서 희망 퇴직을 실시한다""며 ""젊고 힘있는 조직으로의 변화에 속도를 내고 경쟁력을 강화하기 위한 취지""라고 설명했다.LG전자는 2022년과 2023년에도 희망퇴직을 실시했다. 최근 2년 동안 3040대 직원은 2.5% 줄어든 반면 50세 이상의 직원은 23% 증가했다.LG전자는 다양한 희망퇴직 제도를 운영하고 있다.매년 만 50세 이상 구성원 가운데 희망자를 대상으로 시행하고 있는 ‘브라보마이라이프’ 제도가 대표적이다. 퇴직을 앞둔 구성원에게 1년간 근무 시간의 절반을 할애, 본인이 원하는 분야의 창업 및 기술 교육을 제공하는 제도다.LG유플러스 용산 사옥 전경. LGU+LG유플러스도 만 50세 이상 근무자를 대상으로 희망퇴직을 실시한다. 이번 희망퇴직은 2022년 이후 3년 만이다. 대상은 만 50세 이상이면서 10년 이상 근속한 자다. 이는 올해 12월 31일 기준이다.퇴직 지원금은 연봉의 최대 3배로, 출생연도에 따라 차등 지급한다. 1965년 출생자는 연봉의 20%, 1966년 출생자는 연봉의 1.1배, 1967년 출생자는 연봉의 2.1배, 1968년 1월 1일 이후 출생자는 연봉의 3배를 지원한다."
https://n.news.naver.com/mnews/article/003/0013428626?sid=105,2025-08-19 09:00:00,IT/과학,"""AI 구독 전 직접 체험""…LGU+, '유독픽 AI' 팝업 스토어 운영","LGU+, 서울 일상비일상의틈 체험 코너 마련직원 안내 따라 나에게 맞는 AI 서비스 선택[서울=뉴시스]박은비 기자 = LG유플러스는 인공지능(AI) 구독 서비스 '유독픽 AI'로 이용 가능한 라이너·캔바 등을 직접 체험할 수 있는 오프라인 공간을 운영한다고 19일 밝혔다.이달 말까지 서울 강남구 소재 일상비일상의틈을 찾은 고객은 누구나 10여종의 AI 서비스를 경험하고 자신에게 필요한 AI 서비스를 추천받을 수 있다.유독픽 AI는 고객이 원하는 AI 서비스만 골라 할인받고 매달 필요한 AI 서비스를 자유롭게 선택할 수 있는 구독형 상품이다. 통신사에 상관 없이 누구나 가입할 수 있다.대화형 검색 AI 3종 중 한 가지와 AI 서비스 7종 중 하나를 골라 2가지 AI 서비스를 최소 월 9900원에 이용 가능하다.이번 체험 공간은 AI 효용을 알리고 유독픽 AI에 대한 관심을 높이기 위해 기획됐다. 고객이 직접 유독픽 AI가 제공하는 AI 서비스를 이용해 간단한 미션을 해결하는 체험 중심이다.유독픽 AI 팝업 스토어는 LG유플러스의 복합문화공간이 일상비일상의틈 1층과 2층에 마련됐다. 누구나 자유롭게 체험할 수 있으며, 직원 안내에 따라 나에게 맞는 AI 서비스를 추천받아 이용할 수 있다.200만개 이상 템플릿으로 그래픽·콘텐츠 디자인이 가능한 캔바(Canva)로 나만의 위시카드 작성, AI 검색 정확성 평가 글로벌 1위를 기록한 라이너(Liner)와 검색 결과를 바로 시각화해 파워포인트를 자동 생성해주는 펠로(Felo) 체험, AI 추천 문제를 직접 풀어보는 교육존과 커리어 고민을 상담해주는 취업존 등을 경험 가능하다.이현승 LG유플러스 구독·옴니플랫폼담당(상무)은 ""AI 서비스가 일상 속 필수로 자리잡았지만 구독하기 전 다양한 AI를 직접 체험해보고 비교하는 자리는 많지 않다는 고객들의 의견을 듣고 팝업 스토어를 기획했다""며 ""유독픽 AI로 편리하고 차별화된 AI 경험을 제공하기 위해 노력하겠다""고 말했다."
https://n.news.naver.com/mnews/article/016/0002515976?sid=105,2025-08-19 09:00:30,IT/과학,"LGU+, ‘AI 10종’ 체험 팝업스토어 운영","31일까지 서울 강남 일상비일상의틈서 개관라이너·캔바 등…AI 고민 상담·숏폼 제작 등 활용9월 말까지 ‘유독픽 AI’ 2종 월 9900원 프로모션서울 강남구 소재 ‘일상비일상의틈’에 위치한 팝업스토어에서 LG유플러스 임직원이 인공지능(AI)을 체험하고 있다. [LG유플러스 제공][헤럴드경제=고재우 기자] LG유플러스는 국내 최초 인공지능(AI) 구독 서비스 ‘유독픽 AI’ 내 라이너·캔바 등을 직접 체험할 수 있는 팝업스토어를 운영한다고 19일 밝혔다.팝업스토어는 이달 말까지 강남구 소재 ‘일상비일상의틈’에서 운영된다. 방문자는 10여종의 AI 서비스를 경험하고, 자신에게 필요한 AI 서비스를 추천받을 수 있다.‘유독픽 AI’는 원하는 AI 서비스만 골라 할인받고, 매달 필요한 AI 서비스를 선택할 수 있는 구독형 상품이다. 통신사에 상관없이 누구나 가입할 수 있다. 대화형 검색 AI 3종 중 1종, 7종의 AI 서비스 중 1종 등 총 2종의 AI 서비스를 최소 월 9900원에 이용이 가능하다.세부적으로 유독픽 AI 팝업스토어 1층에서는 200만개 이상의 템플릿으로 그래픽 및 콘텐츠 디자인이 가능한 ‘캔바’로 위시카드를 제작할 수 있다. 현장에 있는 모바일 기기로 사진 촬영 후, 위시카드 템플릿 6종 중 1종을 골라 원하는 문구나 레이아웃으로 바꾸는 게 가능하다. 1층에서 제작한 위시카드는 3층에서 출력할 수 있다. AI 검색 정확성 평가 글로벌 1위를 기록한 ‘라이너’와 검색 결과를 바로 시각화해 PPT를 자동으로 생성해 주는 ‘펠로’도 체험할 수 있다.2층은 AI 추천 문제를 직접 풀어볼 수 있는 교육존과 커리어 고민 상담 및 영상 편집 기술을 체험할 수 있는 취업존으로 구성됐다. 교육존에서는 ▷수학대왕 ▷과학동아AiR ▷러니(국어) 등을 경험할 수 있다. 취업존에서는 ▷커리어 고민을 상담해 주는 ‘코멘토’ ▷AI로 숏폼 제작이 가능한 ‘키네마스터’ ▷AI로 영어 발음 분석 및 발표문을 작성해 주는 ‘플랭’ 등 이용이 가능하다.LG유플러스는 유독픽 AI 가입 프로모션도 진행한다. 1층에서 캔바로 제작한 위시카드 뒷면의 QR코드로 유독 웹페이지에 방문하면, 라이너+캔바 조합을 3개월간 무료로 쓸 수 있다.이현승 LG유플러스 구독·옴니플랫폼 담당은 “AI 서비스가 일상 속 필수로 자리 잡았지만 구독하기 전 다양한 AI를 직접 체험해 보고, 비교하는 자리는 많지 않다”며 “유독픽 AI로 편리하고 차별화된 AI 경험을 제공하기 위해 노력하겠다”고 말했다."
https://n.news.naver.com/mnews/article/421/0008434576?sid=105,2025-08-19 09:00:56,IT/과학,"LGU+, 유독픽 AI 체험 팝업스토어 연다…""8월 31일까지""","(LG유플러스 제공. 재판매 및 DB금지)/뉴스1(서울=뉴스1) 김정현 기자 = LG유플러스가 AI 구독 서비스 '유독픽 AI'를 통해 이용 가능한 라이너·캔바 등을 직접 체험할 수 있는 오프라인 공간을 운영한다고 19일 밝혔다.이번 유독픽 AI 팝업스토어는 오는 31일까지 서울 강남구 '일상비일상의틈' 1층과 2층에서 운영된다. 팝업스토어에서는 누구나 10여종의 AI 서비스를 경험하고, 자신에게 필요한 AI 서비스를 추천받을 수 있다.1층에서는 200만 개 이상의 템플릿으로 그래픽 및 콘텐츠 디자인이 가능한 캔바(Canva)로 나만의 위시카드를 제작할 수 있다. 1층에서 제작한 위시카드는 3층에서 출력해 무료로 받을 수 있다.AI 검색 정확성 평가 글로벌 1위를 기록한 '라이너'(Liner)와 검색 결과를 바로 시각화해 PPT를 자동으로 생성해주는 '펠로'(Felo)도 체험할 수 있다.2층은 AI 추천 문제를 직접 풀어볼 수 있는 교육존과 커리어 고민 상담 및 영상 편집 기술을 체험할 수 있는 취업존으로 구성돼 있다. 교육존에서는 △수학대왕 △과학동아AiR △러니(국어)를, 취업존에서는 △코멘토 △키네마스터 △플랭을 체험할 수 있다.LG유플러스는 팝업 스토어 운영에 맞춰 유독픽 AI 가입 프로모션도 진행한다. 1층에서 캔바로 제작한 위시카드 뒷면의 QR코드로 유독 웹페이지에 방문하면 라이너+캔바 조합을 3개월간 0원에 제공하는 혜택을 받을 수 있다.이현승 LG유플러스 구독·옴니플랫폼담당(상무)은 ""AI 서비스가 일상 속 필수로 자리 잡았지만 구독하기 전 다양한 AI를 직접 체험해보고, 비교하는 자리는 많지 않다는 고객들의 의견을 듣고 팝업 스토어를 기획하게 됐다""고 말했다."
https://n.news.naver.com/mnews/article/014/0005393298?sid=105,2025-08-19 09:01:11,IT/과학,"""AI 체험해보세요"" LG U+, AI 오프라인 팝업 스토어 운영","서울 강남구 소재 ‘일상비일상의틈’에 위치한 팝업 스토어에서 LG유플러스 임직원이 AI를 체험하고 있는 모습. LG유플러스 제공LG유플러스가 국내 최초로 선보인 인공지능(AI) 구독 서비스 ‘유독픽 AI’를 통해 이용 가능한 라이너·캔바 등을 직접 체험할 수 있는 오프라인 공간을 운영한다고 19일 밝혔다. 이달 말까지 강남구 소재 ‘일상비일상의틈’을 찾은 고객은 누구나 10여종의 AI 서비스를 경험하고 자신에게 필요한 AI 서비스를 추천받을 수 있다.‘유독픽 AI’는 고객이 원하는 AI 서비스만 골라 할인 받고 매달 필요한 AI 서비스를 자유롭게 선택할 수 있는 구독형 상품이다. 통신사에 상관없이 누구나 가입할 수 있으며, 대화형 검색 AI 3종 중 하나와 7종의 AI 서비스 중 하나를 골라 총 2종의 AI 서비스를 최소 월 9900원에 이용할 수 있다.LG유플러스는 AI의 효용을 알리고 유독픽 AI에 대한 관심을 높이기 위해 오프라인 체험공간을 기획했다. 고객이 직접 유독픽 AI가 제공하는 AI 서비스를 이용해 간단한 미션을 해결하는 체험이 중심이다.유독픽 AI 팝업 스토어는 LG유플러스의 복합문화공간인 일상비일상의틈 1층과 2층에 마련됐다. 통신사 상관없이 누구나 자유롭게 AI 체험이 가능하며, 직원의 안내에 따라 나에게 맞는 AI 서비스를 추천받고 선택해 체험할 수 있다.먼저 1층에서는 200만개 이상의 템플릿으로 그래픽 및 콘텐츠 디자인이 가능한 '캔바'로 나만의 위시카드를 제작할 수 있다. 현장에 있는 모바일 기기로 사진 촬영 후 위시카드 템플릿 6종 중 1종을 골라 원하는 문구나 레이아웃으로 바꿔가며 자유롭게 체험이 가능하다. 1층에서 제작한 위시카드는 3층에서 출력해 무료로 받을 수 있다. AI 검색 정확성 평가 글로벌 1위를 기록한 ‘라이너’와 검색 결과를 바로 시각화해 PPT를 자동으로 생성해주는 '펠로'도 체험할 수 있다.2층은 AI 추천 문제를 직접 풀어볼 수 있는 교육존과 커리어 고민 상담 및 영상 편집 기술을 체험할 수 있는 취업존으로 구성돼 있다. 교육존에서는 △수학대왕 △과학동아AiR △러니(국어)를, 취업존에서는 △커리어 고민을 상담해주는 ‘코멘토’ △AI로 숏폼 제작이 가능한 ‘키네마스터’ △AI로 영어 발음 분석 및 발표문을 작성해주는 ‘플랭’을 체험할 수 있다.LG유플러스는 팝업 스토어 운영에 맞춰 ‘유독픽 AI’ 가입 프로모션도 진행한다. 1층에서 ‘캔바’로 제작한 위시카드 뒷면의 QR 코드로 유독 웹페이지에 방문하면 ‘라이너+캔바’ 조합을 3개월간 0원에 제공하는 혜택을 받을 수 있다.이현승 LG유플러스 구독/옴니플랫폼담당(상무)은 “AI 서비스가 일상 속 필수로 자리 잡았지만 구독하기 전 다양한 AI를 직접 체험해보고 비교하는 자리는 많지 않다는 고객들의 의견을 듣고 팝업 스토어를 기획하게 됐다”며 “‘유독픽 AI’로 편리하고 차별화된 AI 경험을 제공하기 위해 노력하겠다”고 말했다."
https://n.news.naver.com/mnews/article/008/0005237628?sid=105,2025-08-19 09:10:20,IT/과학,"LGU+, 강남에 AI 체험 오프라인 팝업스토어 운영","서울 강남구 소재 ‘일상비일상의틈’에 위치한 팝업 스토어에서 LG유플러스 임직원이 AI를 체험하고 있다. /사진=LG유플러스LG유플러스는 국내 최초로 선보인 AI(인공지능) 구독 서비스 '유독픽 AI'를 통해 이용 가능한 라이너·캔바 등을 직접 체험할 수 있는 오프라인 공간을 운영한다고 19일 밝혔다.이달 말까지 강남구 소재 '일상비일상의틈'을 찾은 고객은 누구나 10여종의 AI 서비스를 경험하고, 자신에게 필요한 AI 서비스를 추천받을 수 있다.유독픽 AI는 고객이 원하는 AI 서비스만 골라 할인 받고, 매달 필요한 AI 서비스를 자유롭게 선택할 수 있는 구독형 상품이다. 통신사에 상관없이 누구나 가입할 수 있다. 대화형 검색 AI 3종 중 하나와 7종의 AI 서비스 중 하나를 골라 총 2종의 AI 서비스를 최소 월 9900원에 이용할 수 있다.LG유플러스는 AI의 효용을 알리고 유독픽 AI에 대한 관심을 높이기 위해 오프라인 체험공간을 기획했다. 고객이 직접 유독픽 AI가 제공하는 AI 서비스를 이용해 간단한 미션을 해결하는 체험이 중심이다. 유독픽 AI 팝업 스토어는 LG유플러스의 복합문화공간인 일상비일상의틈 1층과 2층에 마련됐다.LG유플러스는 팝업 스토어 운영에 맞춰 '유독픽 AI' 가입 프로모션도 진행한다. 1층에서 '캔바'로 제작한 위시카드 뒷면의 QR코드로 유독 웹페이지에 방문하면 '라이너+캔바' 조합을 3개월간 0원에 제공하는 혜택을 받을 수 있다.이현승 LG유플러스 구독·옴니플랫폼담당(상무)은 ""AI 서비스가 일상 속 필수로 자리 잡았지만 구독하기 전 다양한 AI를 직접 체험해보고, 비교하는 자리는 많지 않다는 고객들의 의견을 듣고 팝업 스토어를 기획하게 됐다""며 ""유독픽 AI로 편리하고 차별화된 AI 경험을 제공하기 위해 노력하겠다""고 말했다."
https://n.news.naver.com/mnews/article/031/0000958092?sid=105,2025-08-19 09:18:07,IT/과학,"LGU+, '유독픽 AI' 팝업스토어 운영…10종 AI 서비스 무료 체험","강남 '일상비일상의틈'서 이달 말까지 운영…최대 3개월 무료 프로모션 진행LG유플러스는 국내 최초 AI 구독 서비스 '유독픽 AI'의 오프라인 체험 공간을 운영한다고 19일 밝혔다. 서울 강남구 복합문화공간 '일상비일상의틈'에서 이달 말까지 진행되며, 방문객은 통신사 관계없이 10여종의 AI 서비스를 자유롭게 체험할 수 있다.사진은 서울 강남구 소재 ‘일상비일상의틈’에 위치한 팝업 스토어에서 LG유플러스 임직원이 AI를 체험하고 있는 모습. [사진=LGU+]'유독픽 AI'는 고객이 원하는 AI 서비스만 골라 할인받고, 매달 필요한 서비스를 자유롭게 선택할 수 있는 구독형 상품이다. 대화형 검색 AI 3종과 AI 서비스 7종 중 각각 1종씩 선택해 월 9900원부터 이용 가능하다.팝업스토어는 '일상비일상의틈' 1층과 2층에 마련됐다. 1층에서는 △디자인 플랫폼 '캔바(Canva)'를 활용한 위시카드 제작 △AI 검색 정확도 글로벌 1위 '라이너(Liner)' △자동 PPT 생성 도구 '펠로(Felo)' 등 시각 중심 서비스를 체험할 수 있다. 제작한 위시카드는 3층에서 무료 출력할 수 있다.2층은 교육 및 취업존으로 구성됐다. △수학대왕 △과학동아AiR △러니(국어) 등 교육 AI, △커리어 코칭 플랫폼 '코멘토' △영상편집 툴 '키네마스터' △영어 발표문 AI 분석 서비스 '플랭' 등을 직접 이용해볼 수 있다.체험과 연계한 가입 프로모션도 마련됐다. 현장에서 '캔바'로 제작한 위시카드 뒷면의 QR코드를 통해 유독 웹페이지에 접속하면, '라이너+캔바' 조합을 3개월간 무료로 제공받을 수 있다.이현승 LG유플러스 구독·옴니플랫폼담당(상무)은 ""'AI 서비스를 직접 체험하고 비교한 뒤 구독하고 싶다'는 고객 의견을 반영해 팝업스토어를 기획했다""며 ""'유독픽 AI'를 통해 차별화된 AI 경험을 제공하겠다""고 말했다."
https://n.news.naver.com/mnews/article/008/0005237639?sid=105,2025-08-19 09:18:17,IT/과학,'격주 4일제'에 연봉 1.8억?…삼성·LG도 제친 '월급왕' 어디,"SKT 상반기 1인당 평균급여 9200만원KT 5600만원, LGU+ 6300만원 그쳐/사진=머니투데이DBSK텔레콤이 이통3사 중 압도적인 '월급왕'인 것으로 나타났다. 올 상반기에만 직원 1인당 평균 9200만원을 받아 KT·LG유플러스와 격차를 벌렸다. 이는 삼성전자(6000만원), LG(5900만원), 현대차(4500만원) 등 주요 대기업보다도 많은 수준이다.19일 이통3사 반기보고서에 따르면 올 상반기 SKT 1인당 평균급여는 9200만원으로 전년 동기 대비 7% 인상됐다. 단순계산시 올해 급여가 1억8000만원으로 약 2억원에 육박할 전망이다. 지난해 SKT 1인당 평균급여는 1억6100만원이었다.같은 기간 KT 1인당 평균급여는 5600만원, LG유플러스는 6300만원을 기록했다.이통3사 중 업계 1위인 SKT 연봉 수준이 제일 높은 데다, 지난해 SKT만 나홀로 영업이익이 증가한 점이 영향을 미쳤다. 지난해 SKT 연결기준 영업이익(1조8234억원)은 전년 대비 4% 증가한 반면, KT는 50.9% 급감했고 LG유플러스는 13.5% 감소했다.대표이사 연봉도 SKT가 압도적이다. 올 상반기 유영상 SKT 대표는 26억3600만원의 보수를 받았다. 지난해 상반기 보수(23억8000만원)보다 약 3억원 늘었다. 김영섭 KT 대표와 홍범식 LG유플러스 대표는 각각 14억3700만원, 7억1400만원에 그쳤다.SKT는 업계 최고 연봉에 매월 둘째·넷째주 금요일은 전사 휴무하는 '해피 프라이데이' 제도도 운영해 구직자들의 선호도가 높다.한편, KT 노사는 전날 기본급을 3% 인상하고 성과급 300만원을 지급하는 2025년 임금단체협상(임단협)을 잠정 합의했다. 당초 노조가 6.3% 인상을 요구했으나 실제 인상률은 절반에 그치면서 일각에선 불만의 목소리도 나오는 것으로 전해진다. KT는 오는 21일 잠정협의안에 대한 조합원 투표를 진행할 예정이다."
https://n.news.naver.com/mnews/article/138/0002202934?sid=105,2025-08-19 09:29:10,IT/과학,"LGU+, 골라쓰는 AI 구독 ‘유독픽AI’ 체험 팝업 개최","ⓒLG유플러스[디지털데일리 오병훈기자] LG유플러스가 인공지능(AI) 구독 서비스 체험 공간을 마련했다.LG유플러스(대표 홍범식)는 AI 구독 서비스 ‘유독픽 AI’를 통해 이용 가능한 라이너·캔바 등을 직접 체험할 수 있는 오프라인 공간을 운영한다고 19일 밝혔다. 이달 말까지 강남구 소재 ‘일상비일상의틈’ 방문자 누구나 10여종의 AI 서비스를 경험하고, 자신에게 필요한 AI 서비스를 추천받을 수 있다.유독픽 AI는 이용자가 원하는 AI 서비스만 골라 할인 받고, 매달 필요한 AI 서비스를 자유롭게 선택할 수 있는 구독형 상품이다. 통신사 관계없이 누구나 가입할 수 있으며, 대화형 검색 AI 3종 중 하나와 7종의 AI 서비스 중 하나를 골라 총 2종의 AI 서비스를 최소 월 9900원에 이용할 수 있다.LG유플러스는 AI 효용을 알리고 유독픽 AI에 대한 관심을 높이기 위해 오프라인 체험공간을 기획했다. 이용자가 직접 유독픽 AI가 제공하는 AI 서비스를 이용해 간단한 미션을 해결하는 체험이 중심이다.유독픽 AI 팝업 스토어는 LG유플러스의 복합문화공간인 일상비일상의틈 1층과 2층에 마련됐다. 직원 안내에 따라 나에게 맞는 AI 서비스를 추천받고 선택해 체험할 수 있다.먼저 1층에서는 200만개 이상 템플릿으로 그래픽 및 콘텐츠 디자인이 가능한 '캔바(Canva)'로 나만의 위시카드를 제작할 수 있다. 현장에 있는 모바일 기기로 사진 촬영 후 위시카드 템플릿 6종 중 1종을 골라 원하는 문구나 레이아웃으로 바꿔가며 자유롭게 체험이 가능하다. 1층에서 제작한 위시카드는 3층에서 출력해 무료로 받을 수 있다. AI 검색 정확성 평가 글로벌 1위를 기록한 ‘라이너(Liner)’와 검색 결과를 바로 시각화해 PPT를 자동으로 생성해주는 '펠로(Felo)'도 체험할 수 있다.2층은 AI 추천 문제를 직접 풀어볼 수 있는 교육존과 커리어 고민 상담 및 영상 편집 기술을 체험할 수 있는 취업존으로 구성돼 있다. 교육존에서는 ▲수학대왕 ▲과학동아AiR ▲러니(국어)를, 취업존에서는 ▲커리어 고민을 상담해주는 ‘코멘토’ ▲AI로 숏폼 제작이 가능한 ‘키네마스터’ ▲AI로 영어 발음 분석 및 발표문을 작성해주는 ‘플랭’을 체험할 수 있다.LG유플러스는 팝업 스토어 운영에 맞춰 ‘유독픽 AI’ 가입 행사도 진행한다. 1층에서 ‘캔바’로 제작한 위시카드 뒷면의 QR코드로 유독 웹페이지에 방문하면 ‘라이너+캔바’ 조합을 3개월간 0원에 제공하는 혜택을 받을 수 있다.이현승 LG유플러스 구독·옴니플랫폼담당(상무)은 “AI 서비스가 일상 속 필수로 자리 잡았지만 구독하기 전 다양한 AI를 직접 체험해보고, 비교하는 자리는 많지 않다는 이용자 의견을 듣고 팝업 스토어를 기획하게 됐다”며 “유독픽 AI로 편리하고 차별화된 AI 경험을 제공하겠다”고 말했다."
https://n.news.naver.com/mnews/article/029/0002976159?sid=105,2025-08-19 09:29:43,IT/과학,"“나에게 맞는 AI 추천 받으세요”…LGU+, 팝업 스토어 운영","LG유플러스는 국내 최초로 선보인 인공지능(AI) 구독 서비스 '유독픽 AI'의 각종 서비스를 체험할 수 있는 오프라인 공간을 운영한다고 19일 밝혔다. LG유플러스가 서울 강남역 인근에서 운영하는 복합문화공간 '일상비일상의틈'을 찾으면 이달 말까지 누구나 10여종의 AI 서비스를 경험하고, 자신에게 필요한 AI 서비스를 추천받을 수 있다.유독픽 AI는 고객이 원하는 AI 서비스만 골라 할인 받고, 매달 필요한 AI 서비스를 자유롭게 선택할 수 있는 구독형 상품이다. 통신사에 상관없이 누구나 가입할 수 있다. 대화형 검색 AI 3종 중 하나와 7종의 AI 서비스 중 하나를 골라 총 2종의 AI 서비스를 최소 월 9900원에 이용할 수 있다.유독픽 AI 팝업 스토어는 일상비일상의틈 1층과 2층에 마련됐다. 1층에서는 200만개 이상의 템플릿으로 그래픽 및 콘텐츠 디자인이 가능한 '캔바'로 나만의 위시카드를 제작할 수 있다. 현장에 있는 모바일 기기로 사진 촬영 후 위시카드 템플릿 6종 중 1종을 골라 원하는 문구나 레이아웃으로 바꿔가며 체험이 가능하다. 1층에서 제작한 위시카드는 3층에서 출력해 무료로 받을 수 있다. AI 검색 정확성 평가 글로벌 1위를 기록한 '라이너'와 검색 결과를 시각화해 프리젠테이션 파일(PPT)을 자동으로 생성해주는 '펠로'도 체험할 수 있다.2층은 AI 추천 문제를 풀어볼 수 있는 교육존과 커리어 고민 상담 및 영상 편집 기술을 체험할 수 있는 취업존으로 구성돼 있다. 교육존에서는 수학대왕·과학동아AiR·러니(국어)를, 취업존에서는 커리어 고민을 상담해주는 '코멘토'를 체험할 수 있다. AI로 숏폼을 제작하는 '키네마스터', AI로 영어 발음을 분석하고 발표문을 작성해주는 '플랭'도 체험할 수 있다.이현승 LG유플러스 구독·옴니플랫폼담당(상무)은 ""유독픽 AI로 편리하고 차별화된 AI 경험을 제공하기 위해 노력하겠다""고 말했다.김나인 기자 silkni@dt.co.krLG유플러스가 서울 강남역 인근에서 운영하는 문화공간 ‘일상비일상의틈’ 내 팝업스토어에서 이 회사 직원이 AI를 체험하고 있다. LG유플러스 제공"
https://n.news.naver.com/mnews/article/016/0002516025?sid=103,2025-08-19 09:33:21,생활/문화,독립운동 3대가 가난..더 가난했던 고려인 돕기 봇물[함영훈의 멋·맛·쉼],"그랜드코리아레저(GKL) 한민족여행 기부LGU+,경남도의회,적십자사도 고려인돕기희망친구기아대책 잃어버린 추석 찾아주기고려인 추석나기 캠페인 대국민 알림 타이틀 이미지[헤럴드경제=함영훈 기자] 구한말~일제불법강점기에 목숨 걸고 독립운동을 벌인 ‘미스터·미즈 션샤인’ 선각자들은 해방을 맞았지만, 그후에도 오랫동안 친일매국노 그룹이 국가 상층부를 지배하는 과정에서, 유공자 인정, 보상은 커녕 핍박을 받으며 3대가 지나도록 가난의 굴레에서 벗어나지 못했다는 얘기는 이제, 우리 국민은 물론 국제사회도 안다.지금도, 상식적인 대한민국 국민이면 상상도 할 수 없는 매국적 언동, 행동들이 벌어질 때, 우리는 과거 청산 미비로 인해 잔존하고 있는 매국노 그룹을 떠올리게 된다. 물론 상당수는 개과천선해 몸과 마음 모두 우리 국민이 되었고, 잔존세력들은 악질 중의 악질 만 남았다.웃기는 점은 일본내에선 과거 정한론을 펴던 일본인 장년층 조차 한국과의 외교통상 개선을 얘기하고, 40대 이하 세대에선 한국과 진정성 있게 친해보려 하거나 한류를 동경하는 상황인데, 국내 잔존 매국노그룹만 태평양전쟁 전범들의 생각을 ‘고스란히’ 갖고 있다는 점이다.대한민국의 자주독립과 건국을 폄훼하는 행위는 위헌이므로 이에 합당한 하위 법령이 마련되어야 한다는 목소리는 지속적으로 이어져왔다.만주, 연해주, 장춘, 상해, 항주 등지에 있던 우리의 독립운동가들 중 연해주와 사할린 동포를 제외하고는 귀환하거나, 우리 땅이나 다름없었던 만주·간도 등지에 잔류했다.그러나 연해주·사할린 동포들은 러시아땅에 편입되면서 소련공산당에 의해 강제이주당하거나, 섬에 고립되게 된다. 이들 중 상당수는 독립운동에 크고 작은 손길을 보탠 사람들이다.홍범도 장군 등 중앙아시아로 강제 이주된 우리 동포를 고려인이라 부른다. 이들은 그 흔한 ‘재외동포’ 자격도 얻지 못한 채 수십년 겉돌며 가난의 굴레에서 벗어나지 못했다.머리가 똑똑해서 후손들은 러시아나 중앙아시아에서 번듯한 직장을 구하기도 했지만 강제이주 1,2세대는 여전히 가난했고, 3,4세대는 고국이 자신들을 알아봐주기를 간절히 원했다.독립운동가 후손들 중에서 가장 힘겨운 삶을 이어오던 사람들이 고려인들이다. 고려인들을 돕는 손길들이 2014년 인천아시안게임때 ‘고려인들의 고국 향한 대장정’ 이후 부쩍늘고 있다.공기업인 그랜드코리아레저(GKL)가 국내 거주중인 고려인·사할린 동포들에게 여행을 통한 모국문화 익히기 등 오랜 기간 이 분야 기부에 힘써왔다.GKL의 고려인동포 상대 여행기부올해엔 LG유플러스 임직원들이 틈틈이 모은 돈을 고려인 정착 돕기 성금으로 기부했다. 경남도의회, 경북교육청도 도내 고려인돕기에 나섰다고 밝혔다.대한적십자사, 굿네이버스도 고려인 돕기에 나섰고, 일주일 전 광주에선 고려인을 위해 써달라며 익명의 독지가가 기부금을 봉투를 두고 홀연히 사라지기도 했다.국제구호개발 NGO 희망친구 기아대책의 고려인 돕기는 명절 지원이라 특별하다. 고려인들도 설날, 추석을 전통적으로 최고 명절로 여기지만 소련 당국이 민족별 전통풍속을 제지하면서 모든 명절을 한식날로 돌렸다.본국에선 근년들어 한식날을 그냥 지나치는 4대명절 중 하나로 여기지만, 고려인들에겐 당국의 눈을 피해 설날과 추석의 모든 의미를 이날 담아 조상에게 절하고 맛있는 음식을 나눠먹으며 세시풍속을 즐겼다.희망친구의 ‘고려인 추석나기 캠페인’은 그래서 고려인들이 잃어버렸던 추석을 되찾아주는 의미도 있다. 캠페인을 통해 모금된 기금은 명절 식품키트 및 선물 지원, 고려인 센터 명절 행사 지원 등에 사용될 예정이다.고려인은 1937년 스탈린의 강제이주 정책으로 러시아 연해주에서 중앙아시아로 이주한 한인 후손들로, 카자흐스탄·우즈베키스탄 등지에 정착해 살아왔다. 현재 한국에는 약 11만 명의 고려인 동포가 거주하고 있으나, 언어·문화 장벽과 제한된 고용 기회, 불안정한 체류 신분 등 복합적인 어려움 속에서 생활하고 있다."
https://n.news.naver.com/mnews/article/117/0003977839?sid=105,2025-08-19 09:48:08,IT/과학,‘격주 4일제’에 연봉 1.8억…통신 3사 ‘월급왕’ SKT,"상반기 직원 평균 급여 9200만원…KT·LGU+와 격차 뚜렷SKT, ‘해피 프라이데이’ 제도까지 더해 취준생 선호도 상승SK텔레콤 사옥. /SK텔레콤[마이데일리 = 박성규 기자] SK텔레콤이 올해 상반기 직원 1인당 평균 급여 9200만원을 기록하며 이통 3사 중 압도적인 ‘월급왕’으로 자리했다. 단순 계산으로 연간 약 1억8000만원에 달하는 수준이다.19일 이통 3사의 반기보고서에 따르면 SK텔레콤의 상반기 평균 급여는 전년 동기 대비 7% 상승했다. 같은 기간 KT는 5600만원, LG유플러스는 6300만원을 기록해 격차가 뚜렷했다.높은 연봉에는 지난해 실적 차이가 반영됐다. SK텔레콤은 지난해 연결 기준 영업이익 1조8234억원을 기록해 전년 대비 4% 증가했다. 반면 KT는 50.9% 급감했고, LG유플러스는 13.5% 줄었다.대표이사 보수도 SK텔레콤이 앞섰다. 유영상 SK텔레콤 대표는 올해 상반기에만 26억3600만원을 받으며 지난해 같은 기간보다 약 3억원 늘었다. 김영섭 KT 대표와 홍범식 LG유플러스 대표는 각각 14억3700만원, 7억1400만원을 받는 데 그쳤다.SK텔레콤은 급여뿐 아니라 근무 환경에서도 차별화된 복지를 운영하고 있다. 매달 둘째·넷째 주 금요일을 전사 휴무일로 지정한 ‘해피 프라이데이’ 제도는 사실상 격주 4일 근무제에 해당한다.통신 업계 관계자는 “고연봉에 워라밸까지 갖춘 SK텔레콤이 채용 시장에서 경쟁 우위를 확보하고 있다”고 평가했다."
https://n.news.naver.com/mnews/article/030/0003341704?sid=105,2025-08-19 10:03:11,IT/과학,"LGU+, '유독픽 AI' 오프라인 체험 팝업 스토어 운영","서울 강남구 소재 '일상비일상의틈'에 위치한 팝업 스토어에서 LG유플러스 임직원이 AI를 체험하고 있는 모습.LG유플러스는 국내 최초로 선보인 AI 구독 서비스 '유독픽 AI'를 통해 이용 가능한 라이너·캔바 등을 직접 체험할 수 있는 오프라인 공간을 운영한다고 19일 밝혔다. 이달 말까지 강남구 소재 '일상비일상의틈'을 찾은 고객은 누구나 10여종의 AI 서비스를 경험하고, 자신에게 필요한 AI 서비스를 추천받을 수 있다.유독픽 AI는 고객이 원하는 AI 서비스만 골라 할인 받고, 매달 필요한 AI 서비스를 자유롭게 선택할 수 있는 구독형 상품이다. 통신사에 상관없이 누구나 가입할 수 있다. 대화형 검색 AI 3종 중 하나와 7종의 AI 서비스 중 하나를 골라 총 2종의 AI 서비스를 최소 월 9900원에 이용할 수 있다.유독픽 AI 팝업 스토어는 LG유플러스의 복합문화공간인 일상비일상의틈 1층과 2층에 마련됐다. 통신사 상관없이 누구나 자유롭게 AI 체험이 가능하며, 직원의 안내에 따라 나에게 맞는 AI 서비스를 추천받고 선택해 체험할 수 있다.1층에서는 200만개 이상의 템플릿으로 그래픽 및 콘텐츠 디자인이 가능한 '캔바(Canva)'로 나만의 위시카드를 제작할 수 있다. 위시카드는 3층에서 출력해 무료로 받을 수 있다. AI 검색 정확성 평가 글로벌 1위를 기록한 라이너와 검색 결과를 바로 시각화해 PPT를 자동으로 생성해주는 펠로도 체험할 수 있다.2층은 AI 추천 문제를 직접 풀어볼 수 있는 교육존과 커리어 고민 상담 및 영상 편집 기술을 체험할 수 있는 취업존으로 구성됐다. 교육존에서는 수학대왕, 과학동아AiR, 러니(국어)를, 취업존에서는 커리어 고민을 상담해주는 '코멘토', AI로 숏폼 제작이 가능한 '키네마스터', AI로 영어 발음 분석 및 발표문을 작성해주는 '플랭'을 체험할 수 있다.LG유플러스는 팝업 스토어 운영에 맞춰 유독픽 AI 가입 프로모션도 진행한다. 1층에서 캔바로 제작한 위시카드 뒷면의 QR(큐알)코드로 유독 웹페이지에 방문하면 '라이너+캔바' 조합을 3개월간 0원에 제공하는 혜택을 받을 수 있다.이현승 LG유플러스 구독·옴니플랫폼담당(상무)은 “AI 서비스가 일상 속 필수로 자리 잡았지만 구독하기 전 다양한 AI를 직접 체험해보고, 비교하는 자리는 많지 않다는 고객들의 의견을 듣고 팝업 스토어를 기획하게 됐다”며 “'유독픽 AI'로 편리하고 차별화된 AI 경험을 제공하기 위해 노력하겠다”고 말했다."
https://n.news.naver.com/mnews/article/417/0001096081?sid=105,2025-08-19 10:04:06,IT/과학,"LG U+, 'AI 10종' 체험하는 팝업 스토어 열어","오는 31일까지 서울 강남 일상비일상의틈에서 '라이너·캔바' 등 AI 10종 체험 제공LG유플러스가 국내 최초로 선보인 AI 구독 서비스 ‘유독픽 AI’를 통해 이용 가능한 라이너·캔바 등을 직접 체험할 수 있는 오프라인 공간을 운영한다. 사진은 서울 강남구 소재 ‘일상비일상의틈’에 위치한 팝업 스토어에서 LG유플러스 임직원이 AI를 체험하고 있는 모습. /사진=LG유플러스 제공LG유플러스가 국내 최초로 선보인 인공지능(AI) 구독 서비스 '유독픽 AI'를 직접 체험할 수 있는 오프라인 공간을 운영한다.LG유플러스는 19일 이달 말까지 강남구에 위치한 '일상비일상의틈'을 방문한 고객은 10여종의 AI 구독 서비스를 이용해보고 개인에게 적합한 AI 서비스를 추천받을 수 있다고 밝혔다.유독픽 AI는 고객이 원하는 AI 서비스만 골라 할인받고 매달 필요한 서비스 조합을 자유롭게 선택할 수 있는 구독형 상품이다. 통신사와 관계없이 누구나 가입할 수 있으며 대화형 검색 AI 3종 중 1종과 7종의 AI 서비스 중 1종을 선택해 총 2종을 최소 월 9900원에 이용할 수 있다.LG유플러스는 AI의 효용성을 알리고 유독픽 AI에 대한 관심을 높이기 위해 이번 오프라인 체험공간을 마련했다. 고객은 직접 AI 서비스를 활용해 간단한 미션을 수행하며 다양한 기능을 경험할 수 있다.체험존은 LG유플러스의 복합문화공간인 일상비일상의틈 1층과 2층에 운영된다. 통신사와 관계없이 누구나 참여 가능하며 현장 직원의 안내에 따라 본인에게 맞는 AI 서비스를 추천받고 직접 체험할 수 있다.1층에서는 그래픽·콘텐츠 디자인 플랫폼인 '캔바'(Canva)를 활용해 나만의 위시카드를 제작할 수 있다. 현장에서 촬영한 사진을 6종의 템플릿 중 하나에 적용해 원하는 문구와 레이아웃을 자유롭게 꾸밀 수 있으며 제작한 카드는 3층에서 출력해 무료로 받아볼 수 있다. 또 AI 검색 정확성 평가 글로벌 1위를 기록한 '라이너'(Liner), 검색 결과를 자동으로 시각화해 PPT를 생성해주는 '펠로'(Felo)도 체험 가능하다.2층은 교육존과 취업존으로 나뉜다. 교육존에서는 ▲수학대왕 ▲과학동아 AiR ▲러니(국어) 등 학습 특화 AI 서비스를 체험할 수 있고 취업존에서는 ▲커리어 상담 서비스 '코멘토' ▲AI 숏폼 영상 제작 툴 '키네마스터' ▲영어 발음 분석 및 발표문 작성 지원 서비스 '플랭'을 이용할 수 있다.LG유플러스는 팝업 스토어 운영에 맞춰 가입 프로모션도 진행한다. 1층에서 '캔바'로 제작한 위시카드 뒷면에 인쇄된 QR코드를 통해 유독픽 웹페이지에 접속하면 '라이너+캔바' 조합을 3개월 동안 무료로 이용할 수 있다.이현승 LG유플러스 구독/옴니플랫폼담당(상무)은 ""AI 서비스가 일상 속 필수로 자리 잡았지만 구독하기 전 다양한 AI를 직접 체험해보고 비교하는 자리는 많지 않다는 고객들의 의견을 듣고 팝업 스토어를 기획하게 됐다""며 ""'유독픽 AI'로 편리하고 차별화된 AI 경험을 제공하기 위해 노력하겠다""고 말했다."
https://n.news.naver.com/mnews/article/092/0002386693?sid=105,2025-08-19 10:34:16,IT/과학,"LGU+, AI 체험 팝업스토어 운영","31일까지 서울 강남 일상비일상의틈에서 ‘라이너·캔바’ 등 AI 10종 체험 제공LG유플러스가 국내 최초로 선보인 AI 구독 서비스 ‘유독픽 AI’를 통해 이용 가능한 라이너, 캔바 등을 직접 체험할 수 있는 오프라인 공간을 운영한다고 19일 밝혔다.이달 말까지 강남구 소재 ‘일상비일상의틈’을 찾은 방문객은 누구나 10여종의 AI 서비스를 경험하고, 자신에게 필요한 AI 서비스를 추천받을 수 있다.‘유독픽 AI’는 고객이 원하는 AI 서비스만 골라 할인 받고, 매달 필요한 AI 서비스를 자유롭게 선택할 수 있는 구독형 상품이다. 통신사에 상관없이 누구나 가입할 수 있으며, 대화형 검색 AI 3종 중 하나와 7종의 AI 서비스 중 하나를 골라 총 2종의 AI 서비스를 최소 월 9천900원에 이용할 수 있다.LG유플러스는 AI의 효용을 알리고 유독픽 AI에 대한 관심을 높이기 위해 오프라인 체험공간을 기획했다. 고객이 직접 유독픽 AI가 제공하는 AI 서비스를 이용해 간단한 미션을 해결하는 체험이 중심이다.유독픽 AI 팝업 스토어는 LG유플러스의 복합문화공간인 일상비일상의틈 1층과 2층에 마련됐다. 통신사 상관없이 누구나 자유롭게 AI 체험이 가능하며, 직원의 안내에 따라 나에게 맞는 AI 서비스를 추천받고 선택해 체험할 수 있다.먼저 1층에서는 200만개 이상의 템플릿으로 그래픽 및 콘텐츠 디자인이 가능한 '캔바(Canva)'로 나만의 위시카드를 제작할 수 있다. 현장에 있는 모바일 기기로 사진 촬영 후 위시카드 템플릿 6종 중 1종을 골라 원하는 문구나 레이아웃으로 바꿔가며 자유롭게 체험이 가능하다.1층에서 제작한 위시카드는 3층에서 출력해 무료로 받을 수 있다. AI 검색 정확성 평가 글로벌 1위를 기록한 ‘라이너(Liner)’와 검색 결과를 바로 시각화해 PPT를 자동으로 생성해주는 '펠로(Felo)'도 체험할 수 있다.2층은 AI 추천 문제를 직접 풀어볼 수 있는 교육존과 커리어 고민 상담 및 영상 편집 기술을 체험할 수 있는 취업존으로 구성돼 있다. 교육존에서는 ▲수학대왕 ▲과학동아AiR ▲러니(국어)를, 취업존에서는 ▲커리어 고민을 상담해주는 ‘코멘토’ ▲AI로 숏폼 제작이 가능한 ‘키네마스터’ ▲AI로 영어 발음 분석 및 발표문을 작성해주는 ‘플랭’을 체험할 수 있다.LG유플러스는 팝업 스토어 운영에 맞춰 ‘유독픽 AI’ 가입 프로모션도 진행한다. 1층에서 ‘캔바’로 제작한 위시카드 뒷면의 QR 코드로 유독 웹페이지에 방문하면 ‘라이너+캔바’ 조합을 3개월간 0원에 제공하는 혜택을 받을 수 있다.이현승 LG유플러스 구독옴니플랫폼담당은 “AI 서비스가 일상 속 필수로 자리 잡았지만 구독하기 전 다양한 AI를 직접 체험해보고, 비교하는 자리는 많지 않다는 고객들의 의견을 듣고 팝업 스토어를 기획하게 됐다”며 “‘유독픽 AI’로 편리하고 차별화된 AI 경험을 제공하기 위해 노력하겠다”고 말했다."
https://n.news.naver.com/mnews/article/082/0001340664?sid=101,2025-08-19 11:05:12,경제,"LGU+, ‘AI 체험’ 오프라인 팝업스토어 운영","서울 강남구 소재 ‘일상비일상의틈’에서 행사라이너·캔바’ 등 10종의 AI 서비스 체험 진행LG유플러스가 AI 구독 서비스 ‘유독픽 AI’를 통해 이용 가능한 라이너·캔바 등을 직접 체험할 수 있는 오프라인 공간을 운영한다. 사진은 서울 강남구 소재 ‘일상비일상의틈’에 위치한 팝업스토어에서 LG유플러스 임직원이 AI를 체험하고 있는 모습. LG유플러스 제공LG유플러스가 AI 서비스를 체험할 수 있는 오프라인 공간을 운영한다.LG유플러스는 오는 31일까지 서울 강남구 소재 ‘일상비일상의틈’에서 ‘라이너·캔바’ 등 10종의 AI 서비스 체험을 진행한다고 19일 밝혔다. 이번 행사는 가입자가 원하는 AI 서비스를 골라 할인받는 AI 구독 서비스 ‘유독픽 AI’ 홍보를 위해 마련됐다. 유독픽 AI는 통신사에 상관없이 누구나 가입할 수 있으며, 대화형 검색 AI 3종 중 하나와 7종의 AI 서비스 중 하나를 골라 총 2종의 AI 서비스를 최소 월 9900원에 이용할 수 있다.이번 체험행사는 복합문화공간인 일상비일상의틈 1층과 2층에 마련됐다. 통신사 상관없이 누구나 자유롭게 AI 체험이 가능하며, 직원의 안내에 따라 나에게 맞는 AI 서비스를 추천받고 선택해 체험할 수 있다. 1층에서는 200만 개 이상의 템플릿으로 그래픽·콘텐츠 디자인이 가능한 ‘캔바(Canva)’로 나만의 ‘위시카드’를 제작할 수 있다. 현장에 있는 모바일 기기로 사진 촬영 후 위시카드 템플릿 6종 중 1종을 골라 원하는 문구나 레이아웃으로 바꿔가며 체험이 가능하다. 1층에서 제작한 위시카드는 3층에서 출력해 무료로 받을 수 있다. AI 검색 정확성 평가 글로벌 1위를 기록한 ‘라이너(Liner)’와 검색 결과를 바로 시각화해 PPT를 자동으로 생성해주는 ‘펠로(Felo)’도 체험할 수 있다.2층은 AI 추천 문제를 직접 풀어볼 수 있는 교육존과 커리어 고민 상담 및 영상 편집 기술을 체험할 수 있는 취업존으로 구성돼 있다. 교육존에서는 수학대왕, 과학동아AiR, 러니(국어)를, 취업존에서는 커리어 고민을 상담해주는 ‘코멘토’, AI로 숏폼 제작이 가능한 ‘키네마스터’, AI로 영어 발음 분석 및 발표문을 작성해주는 ‘플랭’을 체험할 수 있다.LG유플러스는 팝업스토어 운영에 맞춰 ‘유독픽 AI’ 가입 프로모션도 진행한다. 1층에서 ‘캔바’로 제작한 위시카드 뒷면의 QR(큐알)코드로 유독 웹페이지에 방문하면 ‘라이너+캔바’ 조합을 3개월간 0원에 제공하는 혜택을 받을 수 있다. 이현승 LG유플러스 구독·옴니플랫폼담당(상무)은 “AI 서비스가 일상 속 필수로 자리 잡았지만 구독하기 전 다양한 AI를 직접 체험해 보고, 비교하는 자리는 많지 않다는 고객들의 의견을 듣고 팝업스토어를 기획하게 됐다”며 “‘유독픽 AI’로 편리하고 차별화된 AI 경험을 제공하기 위해 노력하겠다”고 말했다."
https://n.news.naver.com/mnews/article/016/0002516192?sid=105,2025-08-19 11:30:10,IT/과학,"LGU+,   ‘AI 10종’ 체험 팝업스토어 운영","31일까지 일상비일상의틈에서AI 고민 상담·숏폼 제작 등 활용9월말까지 ‘유독픽 AI’ 프로모션서울 강남구 ‘일상비일상의틈’에 위치한 팝업스토어에서 LG유플러스 임직원이 인공지능(AI)을 체험하고 있다. [LG유플러스 제공]LG유플러스는 국내 최초 인공지능(AI) 구독 서비스 ‘유독픽 AI’ 내 라이너·캔바 등을 직접 체험할 수 있는 팝업스토어를 운영한다고 19일 밝혔다.팝업스토어는 이달 말까지 서울 강남구 소재 ‘일상비일상의틈’에서 운영된다. 방문자는 10여 종의 AI 서비스를 경험하고, 자신에게 필요한 AI 서비스를 추천받을 수 있다.‘유독픽 AI’는 원하는 AI 서비스만 골라 할인받고, 매달 필요한 AI 서비스를 선택할 수 있는 구독형 상품이다. 통신사에 상관없이 누구나 가입할 수 있다. 대화형 검색 AI 3종 중 1종, 7종의 AI 서비스 중 1종 등 총 2종의 AI 서비스를 최소 월 9900원에 이용이 가능하다.세부적으로 유독픽 AI 팝업스토어 1층에서는 200만개 이상의 템플릿으로 그래픽·콘텐츠 디자인이 가능한 ‘캔바’로 위시카드를 제작할 수 있다. 현장에 있는 모바일 기기로 사진 촬영 후, 위시카드 템플릿 6종 중 1종을 골라 원하는 문구나 레이아웃으로 바꾸는 게 가능하다. 1층에서 제작한 위시카드는 3층에서 출력할 수 있다. AI 검색 정확성 평가 글로벌 1위를 기록한 ‘라이너’와 검색 결과를 바로 시각화해 PPT를 자동으로 생성해 주는 ‘펠로’도 체험할 수 있다.2층은 AI 추천 문제를 직접 풀어볼 수 있는 교육존과 커리어 고민 상담 및 영상 편집 기술을 체험할 수 있는 취업존으로 구성됐다. 교육존에서는 ▷수학대왕 ▷과학동아AiR ▷러니(국어) 등을 경험할 수 있다. 취업존에서는 ▷커리어 고민을 상담해 주는 ‘코멘토’ ▷AI로 숏폼 제작이 가능한 ‘키네마스터’ ▷AI로 영어 발음 분석 및 발표문을 작성해 주는 ‘플랭’ 등 이용이 가능하다.LG유플러스는 유독픽 AI 가입 프로모션도 진행한다. 1층에서 캔바로 제작한 위시카드 뒷면의 QR코드로 유독 웹페이지에 방문하면, 라이너+캔바 조합을 3개월간 무료로 쓸 수 있다.이현승 LG유플러스 구독·옴니플랫폼담당(상무)은 “AI 서비스가 일상 속 필수로 자리 잡았지만 구독하기 전 다양한 AI를 직접 체험해 보고, 비교하는 자리는 많지 않다”며 “유독픽 AI로 편리하고 차별화된 AI 경험을 제공하기 위해 노력하겠다”고 말했다.고재우 기자"
https://n.news.naver.com/mnews/article/021/0002730368?sid=101,2025-08-19 11:57:23,경제,LGU+ ‘AI 구독’ 팝업,LG유플러스는 자사 인공지능(AI) 구독 서비스 ‘유독픽 AI’를 통해 이용 가능한 라이너·캔바 등을 직접 체험할 수 있는 오프라인 팝업스토어를 운영한다고 19일 밝혔다. 사진은 LG유플러스 직원이 서울 강남구 ‘일상비일상의틈’에 마련된 팝업스토어를 소개하는 모습.LG유플러스 제공
https://n.news.naver.com/mnews/article/382/0001217526?sid=105,2025-08-19 15:09:10,IT/과학,"LGU+, AI 체험 팝업 운영","LG유플러스가 인공지능(AI) 구독 서비스 ‘유독픽 AI’를 통해 이용 가능한 ‘라이너’·‘캔바’ 등을 직접 체험할 수 있는 오프라인 공간을 운영한다. 이달 말까지 강남구 소재 ‘일상비일상의틈’을 찾은 고객은 누구나 10여 종의 AI 서비스를 경험하고, 서비스를 추천받을 수 있다.‘유독픽 AI’는 원하는 AI 서비스만 골라 할인 받고 매달 필요한 AI 서비스를 자유롭게 선택할 수 있는 구독형 상품이다. 통신사에 상관없이 누구나 가입할 수 있으며, 대화형 검색 AI 3종 중 하나와 7종의 AI 서비스 중 하나를 골라 총 2종의 AI 서비스를 최소 월 9900원에 이용할 수 있다.유독픽 AI 팝업 스토어는 복합문화공간 일상비일상의틈 1층과 2층에 마련됐다. 통신사 상관없이 누구나 자유롭게 AI 체험이 가능하며, 직원의 안내에 따라 나에게 맞는 AI 서비스를 추천받고 선택해 체험할 수 있다.LG유플러스는 팝업 스토어 운영에 맞춰 ‘유독픽 AI’ 가입 프로모션도 진행한다. 1층에서 ‘캔바’로 제작한 위시카드 뒷면의 QR코드로 유독 웹페이지에 방문하면 ‘라이너+캔바’ 조합을 3개월간 0원에 제공하는 혜택을 받을 수 있다.이현승 LG유플러스 구독/옴니플랫폼담당(상무)은 “AI 서비스가 일상 속 필수로 자리 잡았지만 구독하기 전 다양한 AI를 직접 체험해보고, 비교하는 자리는 많지 않다는 고객들의 의견을 듣고 팝업 스토어를 기획하게 됐다”고 말했다."
https://n.news.naver.com/mnews/article/241/0003460846?sid=105,2025-08-19 15:22:23,IT/과학,"LGU+, AI 구독 상품 팝업 스토어 마련…캔바부터 라이너까지","AI 서비스 2종 최소 9900원에LG유플러스는 AI 구독 서비스 '유독픽 AI'로 이용 가능한 AI 서비스를 체험할 수 있는 오프라인 공간을 운영한다고 19일 밝혔다. 이달 말까지 서울 강남구 '일상비일상의틈'을 찾은 고객은 10여 종의 AI 서비스를 만나볼 수 있다.유독픽 AI는 고객이 원하는 AI 서비스만 골라 할인받고, 매달 필요한 AI 서비스를 자유롭게 선택할 수 있는 구독형 상품이다. 통신사에 상관없이 가입할 수 있으며, 대화형 검색 AI 3종 중 하나와 7종의 AI 서비스 중 하나를 골라 총 2종의 AI 서비스를 최소 월 9900원에 이용할 수 있다.유독픽 AI 팝업 스토어는 LG유플러스의 복합문화공간인 일상비일상의틈 1층과 2층에 마련됐다.1층에서는 200만개 이상의 템플릿으로 그래픽 및 콘텐츠 디자인이 가능한 '캔바'로 나만의 위시카드를 제작할 수 있다. 현장의 모바일 기기로 사진을 촬영한 뒤 위시카드 템플릿 6종 중 1종을 골라 원하는 문구나 레이아웃으로 바꿔가며 체험할 수 있다. AI 검색 정확성 평가 글로벌 1위를 기록한 '라이너'와 검색 결과를 바로 시각화해 PPT를 자동으로 생성하는 '펠로'도 준비했다.2층은 AI 추천 문제를 풀어볼 수 있는 교육존과 커리어 고민 상담 및 영상 편집 기술을 체험할 수 있는 취업존으로 꾸몄다. 교육존에서는 수학대왕, 과학동아AiR, 러니(국어)를, 취업존에서는 커리어 고민을 상담해주는 '코멘토', AI로 숏폼 제작이 가능한 '키네마스터', AI로 영어 발음 분석 및 발표문을 작성해주는 '플랭'을 체험할 수 있다.LG유플러스는 유독픽 AI 가입 프로모션도 진행한다. 1층에서 캔바로 제작한 위시카드 뒷면의 QR코드로 유독 웹페이지에 방문하면 라이너와 캔바 조합을 3개월간 0원에 제공한다.이현승 LG유플러스 구독·옴니플랫폼담당은 ""AI 서비스가 일상 속 필수로 자리 잡았지만 구독하기 전 다양한 AI를 직접 체험해 보고 비교하는 자리는 많지 않다는 고객들의 의견을 듣고 팝업 스토어를 기획하게 됐다""며 ""유독픽 AI로 편리하고 차별화된 AI 경험을 제공하기 위해 노력하겠다""고 말했다.정길준 기자 kjkj@edaily.co.kr"
https://n.news.naver.com/mnews/article/014/0005393649?sid=100,2025-08-19 16:00:09,정치,"드론·해킹 동시 대비… 정부, 범국가 사이버 통합훈련 가동","대통령실은 이재명 대통령이 지난 18일 서울 용산 대통령실 청사에서 을지 국가안전보장회의(NSC)에 참석하는 모습을 19일 SNS에 공개했다. 사진=이재명 대통령 SNS[파이낸셜뉴스] 정부는 19일 '범국가 사이버 대응능력 강화'를 목표로 사이버위기 대응훈련을 2025 을지연습과 연계해 민간기업과 국가·공공기관·군이 참여한 실전형 사이버위기 대응 통합훈련으로 시행했다.이날 대통령실은 ""올해 훈련은 최근 통신사·금융사 등 민간기업과 국가·공공기관을 대상으로 발생한 사이버 사고에 대응한 민관 통합 대응의 일환으로 실시됐다""고 밝혔다.아울러 이번 훈련은 러시아-우크라이나전에서 부각된 드론의 위협성을 고려해 사이버·물리 복합 상황 조성을 통해 ‘범국가 사이버 대응능력’을 높이는데 중점을 두고 기획됐다. 이에 따라 국가안보실·국정원·행안부·과기정통부·국방부·산업부·금융위·가스공사 등 국가·공공기관과 군, 지방자치단체를 비롯해 LG U+, KT, KB 등 통신사와 금융회사를 포함한 민간기업도 훈련에 참여했다.특히 국가 주요 기반시설인 한국가스공사 삼척 LNG 저장소에 사이버 공격과 자폭 드론 테러가 동시에 발생한 복합 상황을 조성해 민관군 합동 대응조직인 국가사이버위기관리단의 신속대응팀이 출동, 해킹 조사를 진행했다. 또 지역 군부대와 경찰·소방서가 드론 공격에 대응해 테러범을 진압하는 실전훈련을 실시했다.오현주 국가안보실 3차장은 ""앞으로 정부는 이러한 통합훈련을 포함한 민관군 협력체계를 강화해 국민과 민생경제 보호를 최우선 하여 사이버 대응태세 확립에 만반의 준비를 갖추겠다""고 밝혔다."
https://n.news.naver.com/mnews/article/028/0002761904?sid=105,2025-08-19 16:08:22,IT/과학,무선 경쟁은 끝? 이통3사 새로운 엔진은 ‘AI’,"한겨레 자료 사진.5G 시장이 성숙기에 접어든 가운데 이동통신 3사가 차기 성장 동력으로 인공지능(AI)을 내세우고 있다. 주력 사업인 무선부문의 추가적인 성장 여력이 적은 가운데 아직 매출 비중은 크지 않지만 눈에 띄는 성장세를 보이는 인공지능을 앞세우는 모양새다.주력은 B2B, 데이터센터 성장세 눈길에스케이(SK)텔레콤은 대외적으로 ‘AI피라미드’라는 전략을 내세운다. 인공지능 인프라 사업인 데이터센터부터 비투비(B2B), 인공지능 에이전트까지 망라하고 있어 다루는 영역이 넓다. 에스케이텔레콤은 2025년 상반기에 인공지능을 활용한 반려동물 검진 서비스, 음성기반 음성 및 정신질환 진단 기술, 피싱 방지 기술인 ‘음성발화 언더커버 봇’ 등 기술 개발을 고도화했다.차기 주력사업으로 밀고 있는 인공지능 데이터센터(AI DC) 관련 기술 개발도 많이 이뤄졌다. 에스케이텔레콤은 데이터센터 관련 자원을 효율화할 수 있는 기술, 그래픽처리장치 임대 서비스(GPUaaS) 운영 솔루션인 ‘AI 클라우드 매니저’ 등을 개발했다. 에스케이텔레콤은 지난 6일 있었던 실적발표에서 2030년까지 누적 300MW 이상의 데이터센터 용량을 확보해 가동률을 올려 연간 1조원의 매출을 예상한다고 밝힌 바 있다.이 외에도 차세대 인공지능을 위한 연구 목표 역시 눈에 띈다. 실질적으로 인간의 작업을 대신하는 에이전틱 인공지능은 물론, 인공지능이 물리적으로 연동되어 인간의 작업을 보조하는 ‘피지컬 AI’ 영역 개발에도 착수한다. 이를 위해 인공지능이 가상 환경에서 현실을 시뮬레이션해 볼 수 있는 월드 파운데이션 모델(WFM) 개발에도 나선다.케이티(KT)는 기업이 인공지능 기술 기반을 갖출 수 있게 돕는 비투비 인공지능 전환(AX) 사업에 주력한다. 특히 클라우드 사업에 집중한다. 케이티는 이를 위해 글로벌 빅테크인 마이크로소프트와의 전략적 파트너십으로 데이터의 통제권을 강화한 한국형 ‘시큐어 퍼블릭 클라우드(SPC)’를 내놓을 계획이다. 하반기엔 인공지능 기반 데이터 분석 소프트웨어 업체인 팔란티어 테크놀로지와 함께 금융 등 주요 산업에서 사업을 전개할 채비도 마쳤다.케이티의 클라우드 담당 자회사인 케이티클라우드는 전국에서 16개의 데이터센터를 운영하고 있다. 전년 동기 대비 매출이 23% 증가하는 등 뚜렷한 성장세를 보이고 있다. 올해 하반기 내에는 26메가와트(㎿) 용량의 가산 데이터센터도 완성될 예정이다.엘지(LG)유플러스 역시 늘어나는 인공지능 관련 수요에 대응하기 위해 관련 사업을 확장한다. 엘지유플러스는 지난 5월 경기도 파주에 신규 인터넷 데이터 센터(IDC) 착공에 들어갔다.엘지유플러스도 타사와 마찬가지로 인공지능을 활용해 스팸이나 보이스피싱 등 고객 피해를 방지하는 기술을 개발했다. 화상 통화에서 얼굴을 변조해 상대를 속이는 것을 방지해주는 ‘안티 딥페이크 얼굴변조 감지 엔진’, 목소리 변조를 탐지하는 ‘안티 딥보이스 엔진’을 실제 통신 서비스에 적용했다.성숙기 접어든 무선시장, AI는 신성장동력통신사들이 인공지능 기업으로 전환하는 데 열을 올리는 건 이동통신 3사의 주력 사업인 무선통신시장이 이미 성숙기에 접어들어 새로운 성장동력이 필요하기 때문이다. 이동통신 3사의 5G 보급률은 거의 80%에 육박(SKT 77%, KT 79.5%, LGU+ 79.9%)하며, 사용자의 단말기 교체 주기 또한 장기화돼 신제품 효과도 예전만 못하다. 케이티는 2025년 반기보고서에서 “이동통신 등 주요 서비스가 성숙기에 진입하고 사업자 간 가입자 확보 경쟁으로 전반적으로 성장이 쉽지 않다”고 말했다. 실제로 지난달 22일에 이동통신단말장치 유통구조 개선에 관한 법률(단통법)이 폐지됐지만, 통신업계에 따르면 번호이동 등 시장 구도는 크게 변화하지 않았다. 통신업계 관계자는 “AI는 통신사 입장에서 새로운 성장엔진”이라며 “인공지능 분야에서 성과를 만들어 내는 게 통신사에서 중요한 과제가 되고 있다”고 말했다."
https://n.news.naver.com/mnews/article/123/0002366215?sid=100,2025-08-19 16:20:08,정치,"정부, '범국가 사이버 대응훈련' 실시…AI해킹·드론테러 대응","19일 범국가 사이버위기 대응 훈련 실시…민·관·군 통합훈련 실시해킹메일·디도스 대응 훈련, 삼척 LNG 저장기지 사이버·물리 통합방호 훈련◆…19일 서울 중구 롯데호텔에서 열린 을지연습 연계 통합방위능력 향상 관계기관 합동훈련에서 군병력이 드론을 이용한 테러 공격 상황을 가정해 훈련하고 있다. 2025.8.19 [사진=연합뉴스]정부가 19일 '범국가 사이버 대응능력 강화'를 목표로 2025 을지연습과 연계한 '사이버위기 대응훈련'을 실시했다.이번 훈련은 민간기업과 국가·공공기관, 군이 참여한 실전형 통합훈련으로, 최근 통신사·금융사 등 민간기업과 국가·공공기관을 대상으로 발생한 사이버 사고에 대응한 민관 통합 대응의 일환으로 진행됐다.특히 러시아-우크라이나전에서 부각된 드론의 위협성을 고려하여 사이버 공격과 물리적 테러가 발생하는 복합 상황 조성을 통해 '범국가 사이버 대응능력'을 높이는데 중점을 두고 기획됐다.이에 국가안보실·국정원·행안부·과기정통부·국방부·산업부·금융위·가스공사 등 국가·공공기관과 군, 지방자치단체를 비롯하여 LG U+, KT, KB 등 통신사와 금융회사를 포함한 민간기업도 생성형 AI 제작 해킹메일 대응과 디도스 공격 피해복구 훈련에 참여했다.국가 주요 기반시설인 한국가스공사 삼척 LNG 저장소에 사이버공격과 자폭드론 테러가 동시에 발생한 복합 상황을 조성하여, 민관군 합동 대응조직인 국가사이버위기관리단의 신속대응팀이 출동, 해킹 조사를 진행하고, 지역 군부대와 경찰·소방서가 드론 공격에 대응하여 테러범을 진압하는 실전훈련을 실시했다.오현주 국가안보실 3차장은 ""오늘날 사이버 위협은 민생경제와 국가안보를 아우르는 디지털 사회의 근간을 무너뜨릴 수 있는 중대한 위협""이라며 ""특히 AI가 결합되어 지능화·고도화된 기술력과 조직을 갖춘 국가배후 해킹조직의 공격은 개별 기업·기관의 역량만으로는 대응이 불가능하다""며 민관 협력을 강조했다.이어 ""앞으로 정부는 이러한 통합훈련을 포함한 민관군 협력체계를 강화하여 국민과 민생경제 보호를 최우선 하여 사이버 대응태세 확립에 만반의 준비를 갖추겠다""고 밝혔다."
https://n.news.naver.com/mnews/article/031/0000958345?sid=105,2025-08-19 17:19:09,IT/과학,"LGU+, 로봇 사업 철수…사업조정 속도 낸다","9월부터 서빙·안내·배송 로봇 신규 가입 중단⋯AI 신사업 중심으로 체질 전환 가속LG유플러스는 9월 로봇 서비스 신규 가입을 종료하며 로봇사업에서 철수한다. 로봇·드론 등 성장성이 불확실한 사업을 정리하고, AI 신사업에 역량을 집중한다는 방침이다.LG유플러스는 9월 로봇 서비스 신규 가입을 종료하며 로봇사업에서 철수한다 [사진=ChatGPT]19일 통신업계에 따르면 LG유플러스는 'U+서빙로봇', 'U+안내로봇’, ‘U+배송로봇’ 등 로봇 서비스의 신규 가입을 오는 9월부로 종료한다.회사는 서빙·안내·배송 등 반복적인 업무를 자율주행으로 수행하는 로봇 서비스를 운영해 왔으나, 신규 고객 가입은 중단하기로 했다. 다만 기존 고객은 기기 이용과 함께 A/S 등 유지보수 서비스를 정상적으로 받을 수 있다.신규 가입 종료 이후에는 'U+서빙로봇' 앱이 사라지고, 대신 LG전자의 ‘CLOi Station’ 앱을 통해 기기 설정과 관리가 가능하다.LG유플러스 관계자는 ""AX 중심의 선택과 집중 차원에서 로봇 서비스 신규 가입 종료를 결정했다""며 ""기존 고객은 기기, A/S 서비스 등을 정상적으로 이용할 수 있다""고 말했다.LG유플러스는 전임 황현식 대표 시절 로봇사업에 본격적으로 뛰어들었다. 2023년 3월 처음 소상공인과 요식업 점주 등 소호(SOHO, 소규모 사무실) 고객을 위해 'U+서빙로봇'을 도입했다. 또한 2024년 2월 기업 고객의 디지털 전환(DX) 경험 강화를 위해 'U+안내로봇'과 'U+실내배송로봇'을 출시하기도 했다.하지만 홍범식 대표가 취임하면서 성장성이 뚜렷하지 않은 사업을 접고 있다. 작년 12월 드론 배달을 목적으로 했던 'U+ 스마트드론' 서비스를 종료했다. 올해에는 화물 중개 플랫폼 '화물잇고', 초등학생 대상 홈스쿨링 서비스 '초등나라', 스포츠 플랫폼 '스포키'까지 연속적으로 정리하고 있다.LG유플러스는 향후 AI 중심 신사업 강화에 역량을 집중할 계획이다. 홍범식 대표는 ""AX 생태계 구축을 통한 구조적 경쟁력을 확보해야 한다""고 밝힌 바 있다."
https://n.news.naver.com/mnews/article/001/0015576481?sid=102,2025-08-20 15:51:14,사회,"과기정통부 ""김수키 KT·LGU+ 해킹 의혹 들여다볼 것""","미 보안 전문지, 김수키의 통신사 공격 보도…""자료 제출 받을 것""(서울=연합뉴스) 조성미 기자 = 과학기술정보통신부가 북한이 배후로 추정되는 해커 조직 '김수키'가 KT와 LG유플러스에 대해 해킹 공격을 감행했다는 의혹에 대해 통신사들로부터 자료를 제출받아 사실 파악에 나서겠다고 20일 밝혔다.류제명 과기정통부 2차관은 이날 국회 과학기술정보방송통신위원회 전체회의에 출석해 최근 미국 보안 전문지 프랙이 ""김수키가 한국 정부 및 통신사를 공격했다""고 보도한 것에 대한 최민희 위원장 질의에 이같이 밝혔다.최 위원장이 ""KT와 LG유플러스가 자체적으로 (해킹 의혹을) 확인하고 과기정통부에 보고한 내용을 신뢰할 수 있나""라고 묻자 류 차관은 ""자료를 제출받아 봐 볼 생각""이라고 대답했다.류 차관에 따르면 두 통신사 등은 사이버 침해 사실이 없다고 밝혔고 공격을 받은 곳으로 지목된 다른 한 업체는 공격 정황은 없지만 한국인터넷진흥원(KISA)의 기술 지원을 요청해 포렌식이 진행 중이다.최 위원장은 ""SKT 해킹 사태에서도 초기 1차 조사와 2차, 심화 조사에서 (사고) 범위가 굉장히 넓어졌다""며 꼼꼼한 사실 파악을 주문했다.답하는 배경훈 장관(서울=연합뉴스) 박동주 기자 = 20일 서울 여의도 국회에서 열린 과학기술정보방송통신위원회 전체회의에서 배경훈 과학기술정보통신부 장관이 질의에 답변하고 있다. 2025.8.20 pdj6635@yna.co.krcsm@yna.co.kr"
https://n.news.naver.com/mnews/article/422/0000772551?sid=105,2025-08-20 15:57:11,IT/과학,"과기정통부 ""김수키의 KT·LGU+ 해킹 의혹 들여다보겠다""","20일 서울 여의도 국회에서 열린 과학기술정보방송통신위원회 전체회의에서 배경훈 과학기술정보통신부 장관이 질의에 답변하고 있다. <저작권자(c) 연합뉴스, 무단 전재-재배포, AI 학습 및 활용 금지>과학기술정보통신부가 북한이 배후로 추정되는 해커 조직 '김수키'가 KT와 LG유플러스에 대해 해킹 공격을 감행했다는 의혹에 대해 통신사들로부터 자료를 제출받아 사실 파악에 나서겠다고 밝혔습니다.류제명 과기정통부 2차관은 오늘(20일) 국회 과학기술정보방송통신위원회 전체회의에 출석해 최근 미국 보안 전문지 프랙이 ""김수키가 한국 정부 및 통신사를 공격했다""고 보도한 것에 대한 최민희 위원장 질의에 이같이 밝혔습니다.최 위원장이 ""KT와 LG유플러스가 자체적으로 (해킹 의혹을) 확인하고 과기정통부에 보고한 내용을 신뢰할 수 있나""라고 묻자 류 차관은 ""자료를 제출받아 봐 볼 생각""이라고 대답했습니다.류 차관에 따르면 두 통신사 등은 사이버 침해 사실이 없다고 밝혔고 공격을 받은 곳으로 지목된 다른 한 업체는 공격 정황은 없지만 한국인터넷진흥원(KISA)의 기술 지원을 요청해 포렌식이 진행 중입니다.최 위원장은 ""SKT 해킹 사태에서도 초기 1차 조사와 2차, 심화 조사에서 사고 범위가 굉장히 넓어졌다""며 꼼꼼한 사실 파악을 주문했습니다.#과기정통부 #북한 #김수키 #KT #LG유플러스연합뉴스TV 기사문의 및 제보 : 카톡/라인 jebo23"
https://n.news.naver.com/mnews/article/117/0003978476?sid=105,2025-08-20 16:14:10,IT/과학,"“북한 해커 의혹, 통신사 뚫렸나”…과기정통부, 직접 들여다본다","류제명 2차관, 국회서 “KT·LGU+ 자료 제출받아 살필 것”두 통신사 “침해 사실 없다” … KISA, 별도 포렌식 진행 중배경훈 과학기술정보통신부 장관이 20일 서울 여의도 국회에서 열린 과학기술정보방송통신위원회 전체회의에서 2024년 결산보고를 하고 있다. /뉴시스[마이데일리 = 박성규 기자] 북한 해커 조직 ‘김수키’가 KT와 LG유플러스를 대상으로 공격을 시도했다는 의혹에 대해 정부가 직접 사실 확인에 나선다. 통신사 자체 조사만으로는 부족하다는 지적이 제기되자 과기정통부가 자료 확보에 착수한 것이다.20일 류제명 2차관은 국회 과학기술정보방송통신위원회 전체회의에서 “KT와 LG유플러스로부터 자료를 제출받아 살펴볼 계획”이라고 말했다.이는 미국 보안 전문지 프랙이 “김수키가 한국 정부 및 통신사를 공격했다”고 보도한 것에 대한 질의 답변 과정에서 나온 언급이다.KT와 LG유플러스는 “사이버 침해 사실은 없었다”고 해명했으며, 또 다른 지목된 업체 역시 공격 정황은 없지만 한국인터넷진흥원(KISA)에 기술 지원을 요청해 현재 포렌식 조사가 진행되고 있다.최민희 위원장은 “SKT 해킹 사태도 초기 조사 이후 사고 범위가 크게 확대됐다”며 “이번 의혹도 철저하게 확인해야 한다”고 강조했다."
https://n.news.naver.com/mnews/article/003/0013432700?sid=105,2025-08-20 16:36:00,IT/과학,"KT·LGU+ 해킹피해 의혹에…과기정통부 ""침해사실 아직 확인된 바 없어""","美 해킹 전문지 ""김수키 공격"" 주장…KT·LGU+ 침해사실 부인과방위 ""그냥 넘어가선 안돼"" 주문…류제명 차관 ""자료제출 받아 점검'[서울=뉴시스] 심지혜 기자 = 북한 정부 지원을 받는 것으로 추정되는 해커 조직 김수키가 국내 통신사들을 해킹했다는 해외 매체의 의혹보도에 대해 해당 통신사들이 침해사실을 부인한 것으로 밝혀졌다. 다만, 정부는 면밀히 사안 점검을 해보겠다는 입장이다.20일 국회 과학기술정보방송통신위원회 전체회의에서 류제명 과기정통부 2차관은 최근 미국 해킹 전문지 프랙이 제기한 북한 지원 해킹조직의 한국 통신사 해킹 의혹에 대해 ""해당 기업으로부터 침해 사실이 없다는 확인을 받았다""고 답변했다. 프랙은 최근 북한 지원을 받는 것으로 추정되는 해커 조직 김수키가 한국 통신사인 KT와 LG유플러스 등을 공격했다는 의혹을 제기한 바 있다.류 차관은 ""다른 한 업체는 (침해) 정황이 없지만 한국인터넷진흥원(KISA)의 기술 지원을 받기를 원해서 포렌식 중""이라고 부연했다.""KT와 LG유플러스가 보고한 내용을 신뢰할 수 있느냐""고 묻는 최민희 과방위원장의 물음에는 류 차관은 ""자료를 제출받아 꼼꼼하게 점검하겠다""고 했다．"
https://n.news.naver.com/mnews/article/056/0012012582?sid=105,2025-08-20 16:54:08,IT/과학,과기정통부 “‘김수키 KT·LGU+ 해킹 의혹’ 들여다볼 것”,"과학기술정보통신부가 북한이 배후로 추정되는 해커 조직 ‘김수키’가 KT와 LG유플러스에 대해 해킹을 감행했다는 의혹에 대해 사실 파악에 나서겠다고 밝혔습니다.류제명 과기정통부 2차관은 오늘(20일) 국회 과학기술정보방송통신위원회 전체회의에 출석해 최근 미국 보안 전문지 프랙이 “김수키가 한국 정부 및 통신사를 공격했다”고 보도한 것에 대한 최민희 위원장 질의에 이같이 밝혔습니다.최 위원장이 “KT와 LG유플러스가 자체적으로 (해킹 의혹을) 확인하고 과기정통부에 보고한 내용을 신뢰할 수 있나”라고 묻자 류 차관은 “자료를 제출받아 봐 볼 생각”이라고 전했습니다.류 차관에 따르면 두 통신사 등은 사이버 침해 사실이 없다고 밝혔고, 공격을 받은 곳으로 지목된 다른 한 업체는 공격 정황은 없지만 한국인터넷진흥원(KISA)의 기술 지원을 요청해 포렌식이 진행 중입니다.[사진 출처 : 연합뉴스]■ 제보하기▷ 전화 : 02-781-1234, 4444▷ 이메일 : kbs1234@kbs.co.kr▷ 카카오톡 : 'KBS제보' 검색, 채널 추가▷ 네이버, 유튜브에서 KBS뉴스를 구독해주세요!"
https://n.news.naver.com/mnews/article/119/0002993123?sid=105,2025-08-20 17:18:13,IT/과학,과기정통부 “KT·LGU+ 자료 제출받아 검토”…'김수키' 의혹 점검,"과학기술정보통신부 현판. ⓒ데일리안 DB[데일리안 = 조인영 기자] 과학기술정보통신부가 북한 연계 해킹조직으로 의심되는 '김수키'가 KT와 LG유플러스를 공격했다는 의혹과 관련해 통신사들로부터 자료를 제출받아 사실 관계 확인에 나서겠다고 20일 밝혔다.류제명 과기정통부 2차관은 이날 국회 과학기술정보방송통신위원회 전체회의에 출석해 최근 미국 보안 전문지 프랙이 ""김수키가 한국 정부와 통신사를 공격했다""고 보도한 사안에 대한 최민희 위원장 질의에 이같이 답했다.최 위원장이 ""KT와 LG유플러스가 자체적으로 (해킹 의혹을) 확인하고 보고한 내용을 신뢰할 수 있나""라고 묻자, 류 차관은 ""자료를 제출받아 볼 생각""이라고 말했다.류 차관에 따르면 두 통신사는 모두 사이버 침해 사실이 없다고 보고했다. 공격 대상으로 지목된 다른 한 업체는 공격 정황은 발견되지 않았으나 한국인터넷진흥원(KISA)에 기술 지원을 요청해 현재 포렌식 조사가 진행 중이다.최 위원장은 ""SKT 해킹 사태에서도 초기 1차 조사와 2차, 심화 조사에서 (사고) 범위가 굉장히 넓어졌다""며 철저한 사실 확인을 당부했다."
https://n.news.naver.com/mnews/article/138/0002203087?sid=105,2025-08-20 17:26:13,IT/과학,"北 김수키 KT·LGU+ 해킹 의혹…과기정통부 ""면밀히 살펴볼 것""",20일 서울 여의도 국회에서 열린 과학기술정보방송통신위원회 전체회의에서 여야 의원들이 질의 시간을 두고 설전을 벌이고 있다.[디지털데일리 강소현기자] 정부가 북한 배후 해킹조직 김수키가 국내 통신사를 해킹했다는 의혹과 관련해 면밀히 살펴보겠다는 입장을 밝혔다.류제명 과학기술정보통신부 2차관은 20일 국회 과학기술정보방송통신위원회 전체회의에서 “해당 기업들로부터 침해 사실이 없다는 확인을 받았다”라며 이 같이 밝혔다.앞서 미국 보안전문지 프랙은 북한 배후 해킹조직 중 하나인 김수키가 국내 통신사인 KT와 LG유플러스 등을 공격했다는 의혹을 제기한 바 있다.이에 대해 과기정통부는 두 통신사로부터 사이버 침해 사실이 없다는 답변을 받았다는 입장을 밝혔다. 또 지목된 업체 중 한 곳은 한국인터넷진흥원(KISA)의 기술 지원을 요청해 포렌식을 벌이고 있다고도 덧붙였다.류 차관은 “공격을 받은 곳으로 지목된 한 업체의 경우 정황은 없지만 KISA의 기술 지원을 받기를 원해서 포렌식 중”이라고 말했다. 또 'KT와 LG유플러스가 보고한 내용을 신뢰할 수 있느냐'는 최민희 위원장 질의에는 “자료를 제출받아 꼼꼼하게 점검하겠다”고 답했다.
https://n.news.naver.com/mnews/article/422/0000772762?sid=101,2025-08-21 05:59:08,경제,"과기부 ""김수키의 KT·LGU+ 해킹 의혹 들여다볼 것""","과학기술정보통신부가 북한이 배후로 추정되는 해커 조직 '김수키'가 KT와 LG유플러스에 대해 해킹 공격을 감행했다는 의혹에 대해 통신사들로부터 자료를 제출받아 사실 파악에 나서겠다고 밝혔습니다.류제명 과기정통부 2차관은 어제(20일) 국회 과방위 전체회의에 출석해 ""김수키가 한국 정부 및 통신사를 공격했다""는 최근 외신 보도에 대한 최민희 위원장 질의에 이같이 답했습니다.류 차관에 따르면 두 통신사 등은 사이버 침해 사실이 없다고 밝혔고, 공격을 받은 곳으로 지목된 다른 한 업체는 공격 정황은 없지만 한국인터넷진흥원의 기술 지원을 요청해 포렌식이 진행 중입니다.#과학기술정보통신부 #과기부 #김수키 #북한 #KT #유플러스 #해킹공격연합뉴스TV 기사문의 및 제보 : 카톡/라인 jebo23"
https://n.news.naver.com/mnews/article/056/0012013028?sid=121,2025-08-21 06:00:22,,“김수키 KT·LGU+ 해킹 의혹 볼 것” 과기정통부 국회 답변이 [이런뉴스],"과학기술정보통신부가 북한이 배후로 추정되는 해커 조직 '김수키'가 KT와 LG유플러스에 대해 해킹 공격을 감행했다는 의혹에 대해 통신사들로부터 자료를 제출받아 사실 파악에 나서겠다고 20일 밝혔습니다.류제명 과기정통부 2차관은 이날 국회 과학기술정보방송통신위원회 전체회의에 출석해 최근 미국 보안 전문지 프랙이 ""김수키가 한국 정부 및 통신사를 공격했다""고 보도한 것에 대한 최민희 위원장 질의에 이같이 밝혔습니다.최 위원장이 ""KT와 LG유플러스가 자체적으로 (해킹 의혹을) 확인하고 과기정통부에 보고한 내용을 신뢰할 수 있나""라고 묻자, 류 차관은 ""자료를 제출받아 봐 볼 생각""이라고 대답했습니다.류 차관에 따르면 두 통신사는 사이버 침해 사실이 없다고 밝혔고, 공격을 받은 곳으로 지목된 다른 한 업체는 공격 정황은 없지만 한국인터넷진흥원(KISA)의 기술 지원을 요청해 포렌식이 진행 중입니다.최 위원장은 ""SKT 해킹 사태에서도 초기 1차 조사와 2차, 심화 조사에서 (사고) 범위가 굉장히 넓어졌다""며 꼼꼼한 사실 파악을 주문했습니다.영상으로 보시죠.■ 제보하기▷ 전화 : 02-781-1234, 4444▷ 이메일 : kbs1234@kbs.co.kr▷ 카카오톡 : 'KBS제보' 검색, 채널 추가▷ 네이버, 유튜브에서 KBS뉴스를 구독해주세요!"
https://n.news.naver.com/mnews/article/031/0000958774?sid=105,2025-08-21 07:39:08,IT/과학,"국회 과방위, SKT 위증죄 공방…北 해킹·AI 사업 결과 유출 의혹도 도마에(종합)","""가입자 협박하고 국회 능멸""…SK텔레콤 위증죄 고발 주장과 여야 충돌""사이버 침해 없었다"" KT·LGU+ 보고…과방위는 김수키 의혹 추궁""사전 보고·정보 공유 없었다""…AI 파운데이션 모델 사업결과 유출 의혹 부인국회 과학기술정보방송통신위원회(과방위)에서 여야가 SK텔레콤 해킹사고 보상과 관련해 위증죄 공방을 벌였다. 북한 연계 해킹조직 '김수키'의 KT·LG유플러스 공격 의혹과 인공지능(AI) 파운데이션 모델 사업 결과 유출건도 도마에 올랐다.20일 서울 여의도 국회에서 열린 과학기술정보방송통신위원회 전체회의에서 배경훈 과학기술정보통신부 장관이 질의에 답변하고 있다. [사진=연합뉴스]""가입자 협박하고 국회 능멸""…SK텔레콤 위증죄 고발 주장과 여야 충돌20일 열린 과방위에서 이훈기 더불어민주당 의원은 ""SK텔레콤이 가입자를 협박하고 국회를 능멸했다 생각한다”며 위증죄 고발을 과방위원장에 제안했다.SK텔레콤은 지난 7월 4일 유심(USIM) 해킹사고로 서비스를 해지한 가입자에게 위약금을 면제·환급했다고 밝혔지만 실제 집행액은 700억원 수준에 불과했다. 이는 유영상 대표가 ""번호이동 위약금을 무는 경우 500만 명이 이탈해 7조 원 손실이 우려된다""고 발언한 것과는 큰 차이가 있다.이에 국민의힘 박충권 의원은 ""(예상 피해액을) 과도하게 계산했다고 볼 수도 있지만 어떻게 정확히 예측할 수 있겠느냐""며 ""단순히 위약금만이 아니라 가입자 이탈에 따른 매출 감소분이나 유치를 위한 마케팅 비용까지 합산해야 한다""고 반박했다. 같은 당 박정훈 의원도 ""상임위 차원에서 고발까지 가게 되면 국회가 기업을 과도하게 압박하는 것으로 비칠 수 있다""며 선을 그었다.""사이버 침해 없었다"" KT·LGU+ 보고…과방위는 김수키 의혹 추궁북한 연계 해킹조직 '김수키' 의혹도 도마에 올랐다. 앞서 미국 해킹전문 매체 '프랙'은 김수키 조직원이 한국 정부기관과 통신사를 공격했다고 보도했다. KT는 원격 제어 서비스에 대한 인증서와 개인키를 탈취했으며, LG유플러스는 해커가 회사에 보안 솔루션을 제공하는 회사를 해킹한 뒤 내부에 침투했다고 구체적으로 기재했다.이에 류제명 과기정통부 2차관은 ""KT와 LG유플러스로부터 침해 사실이 없다는 확인을 받았다""고 말했다. 공격 대상으로 지목된 다른 한 업체는 공격 정황은 발견되지 않았으나 한국인터넷진흥원(KISA)에 기술 지원을 요청해 현재 포렌식 조사가 진행 중이다.최민희 과방위원장은 ""SK텔레콤 해킹 사태에서도 초기 1차 조사와 2차, 심화 조사에서 (사고) 범위가 굉장히 넓어졌다""며 철저한 사실 확인을 당부했다.""사전 보고·정보 공유 없었다""…AI 파운데이션 모델 사업결과 유출 의혹 부인AI 파운데이션 모델 사업 결과가 사전에 유출됐다는 의혹도 불거졌다. 국민의힘 박충권 의원은 ""국정기획위원회 경제2분과장을 맡았던 무소속 이춘석 의원에게 사업 주체 선정 결과를 사전 보고하거나 알려준 사실이 있느냐""고 물었다. 이에 배경훈 과기정통부 장관은 ""결과에 대해 국정기획위에 알릴 의무도 없었고 이야기할 시간도 없었다""고 답했다.류제명 2차관은 ""응모 기업과 이해 상충 소지가 있어 장관에게 기피 신청을 했고 그 뒤로 장관에게 관련 보고도 하지 않았다""며, LG AI연구원장 출신인 배 장관에게도 정보를 공유하지 않았다고 강조했다. 과기정통부는 이춘석 의원이 발표 당일 네이버와 LG CNS 등 관련 주식을 거래한 정황이 드러나자 사실조사에 착수했다.한편 배 장관은 인공지능 연산용 그래픽처리장치(GPU) 확보 계획도 설명했다. 그는 ""2030년까지 GPU 5만 장을 확보할 계획이며 이 중 3만5천 장은 2년 이내에 들이려 한다""며 ""정부가 지원할 수 있는 것은 한계가 있어 초기에 마중물을 빠르게 마련하고 민간이 스스로 투자할 수 있는 환경을 조성하는 것이 중요하다""고 말했다."
https://n.news.naver.com/mnews/article/003/0013433361?sid=105,2025-08-21 09:00:00,IT/과학,"LGU+ 아동플랫폼 '키즈토피아', 글로벌 진출로 가입자 2배 성장","지난 1월 가입자 100만명에서 약 반년 만에 200만명 돌파동남아 넘어 호주·영국 등 11개국 진출…해외 접속 비중 70%[서울=뉴시스]LG유플러스의 키즈 전용 체험학습 플랫폼 '키즈토피아(KidsTopia)'가 글로벌 시장 진출에 힘입어 지난달 기준 누적 가입 고객 200만을 돌파했다. 사진은 키즈토피아 서비스를 소개하는 LG유플러스 모델의 모습. (사진=LG유플러스 제공)[서울=뉴시스]윤현성 기자 = LG유플러스가 자사의 키즈 전용 체험학습 플랫폼 '키즈토피아'가 글로벌 시장 진출에 힘입어 지난달 기준 누적 가입 고객 200만을 돌파했다고 21일 밝혔다. 지난 1월 100만을 돌파한 데 이어 약 반년 만에 가입자가 2배 이상 성장했다.키즈토피아는 가상 체험 공간에서 다양한 놀이 활동을 즐기고 AI 캐릭터와 대화하며 동물·자연·외국어 등을 학습하는 플랫폼이다. 기존의 일방향적인 동영상 학습에서 벗어나 가상공간에서 아이들이 좋아하는 체험활동, 놀이학습 등을 경험하며 재미있게 공부할 수 있는 점이 특징이다.키즈토피아는 2023년 5월 국내 출시 이후 지속적으로 서비스 제공 국가를 확대하며 글로벌 시장 공략에 속도를 내고 있다. 기존에 인기를 끌었던 말레이시아, 태국, 필리핀, 미국, 일본 등을 비롯해 최근에는 호주, 영국, 뉴질랜드 등이 추가돼 현재 총 11개국에서 키즈토피아를 이용할 수 있다.서비스 국가 확대에 따라 이용 고객 중 해외에서 접속한 비중도 지속 증가하고 있다. 키즈토피아 이용 고객 중 해외에서 접속한 비율은 지난해 6월 기준 42%에서 1년 만에 절반이 넘는 67%까지 올랐다. 특히 미국은 지난 3월에 비해 3개월 만에 이용자가 340% 가량 느는 등 가파르게 성장하고 있다.LG유플러스가 고객의 키즈토피아 이용 패턴을 분석한 결과 다른 기업 및 기관과 협업해 선보인 콘텐츠에 대한 관심이 높은 것으로 나타났다.실제로 지난 4월에 오픈한 ‘지구사랑탐사대 갯벌체험’는 필리핀, 말레이시아 등 국가에서 접속한 비율이 약 40%에 달했다. 외국에선 보기 어려운 갯벌 생태계를 간접적으로 체험할 수 있다는 점이 인기를 끈 것으로 분석된다. K-POP 걸그룹 '이프아이' 홍보관도 오픈 약 3개월 만에 누적 방문자가 13만명을 돌파하며 여러 국가에서 인기를 얻고 있다.LG유플러스는 키즈토피아 인기에 힘입어 콘텐츠를 더욱 즐겁게 이용할 수 있도록 일일미션, 도전과제 등 앱 내 게이미피케이션 요소를 이달 초 강화했다. 게이미피케이션은 게임의 작동 원리와 디자인 요소를 적용해 콘텐츠를 즐기도록 유도하는 방식을 의미한다.향후 LG유플러스는 아이들을 위한 애니메이션, ESG, 첨단과학 등 분야의 기업 및 기관과 협업해 콘텐츠를 제작할 계획이다.김민구 LG유플러스 키즈토피아TF PM은 ""해외 고객이 많이 유입되며 키즈토피아가 성장함에 따라 타 기업과의 다양한 콜라보도 진행할 수 있었다""며 ""앞으로도 아이들이 직접 경험하고 소통하는 다채로운 콘텐츠를 통해 아이들과 부모 모두가 믿고 사용할 수 있는 글로벌 체험학습 플랫폼으로 자리매김하겠다""고 전했다."
https://n.news.naver.com/mnews/article/014/0005394491?sid=105,2025-08-21 09:00:12,IT/과학,"LG U+ 키즈토피아, 글로벌 진출 효과로 가입자 2배 증가","LG유플러스 모델이 키즈토피아 서비스를 소개하고 있다. LG유플러스 제공LG유플러스는 자사 키즈 전용 체험학습 플랫폼 ‘키즈토피아’가 글로벌 시장 진출에 힘입어 지난달 기준 누적 가입 고객 200만을 돌파했다고 21일 밝혔다. 지난 1월 100만을 돌파한 데 이어 약 반년 만에 가입자가 두 배 이상 성장한 수치다.키즈토피아는 가상 체험 공간에서 다양한 놀이 활동을 즐기고 AI 캐릭터와 대화하며 동물·자연·외국어 등을 학습하는 플랫폼이다. 기존의 일방향적인 동영상 학습에서 벗어나 가상공간에서 아이들이 좋아하는 체험활동, 놀이학습 등을 경험하며 재미있게 공부할 수 있는 점이 특징이다.키즈토피아는 2023년 5월 국내 출시 이후 지속적으로 서비스 제공 국가를 확대하며 글로벌 시장 공략에 속도를 내고 있다. 기존에 인기를 끌었던 말레이시아, 태국, 필리핀, 미국, 일본 등을 비롯해 최근에는 호주, 영국, 뉴질랜드 등이 추가돼 현재 총 11개국에서 키즈토피아를 이용할 수 있다.서비스 국가 확대에 따라 이용 고객 중 해외에서 접속한 비중도 지속 증가하고 있다. 키즈토피아 이용 고객 중 해외에서 접속한 비율은 지난해 6월 기준 42%에서 1년만에 절반이 넘는 67%까지 올랐다. 특히 미국은 지난 3월에 비해 3개월 만에 이용자가 340% 가량 느는 등 가파르게 성장하고 있다.LG유플러스가 고객의 키즈토피아 이용 패턴을 분석한 결과 다른 기업 및 기관과 협업해 선보인 콘텐츠에 대한 관심이 높은 것으로 나타났다. 실제로 지난 4월에 오픈한 ‘지구사랑탐사대 갯벌체험’는 필리핀, 말레이시아 등 국가에서 접속한 비율이 약 40%에 달했다. 외국에선 보기 어려운 갯벌 생태계를 간접적으로 체험할 수 있다는 점이 인기를 끈 것으로 분석된다. K-POP 걸그룹 ‘이프아이’ 홍보관도 오픈 약 3개월만에 누적 방문자가 13만명을 돌파하며 여러 국가에서 인기를 얻고 있다.LG유플러스는 키즈토피아 인기에 힘입어 콘텐츠를 더욱 즐겁게 이용할 수 있도록 일일미션, 도전과제 등 앱 내 ‘게이미피케이션’ 요소를 이달 초 강화했다. 게이미피케이션은 게임의 작동 원리와 디자인 요소를 적용해 콘텐츠를 즐기도록 유도하는 방식을 의미한다. 향후 LG유플러스는 아이들을 위한 애니메이션, ESG, 첨단과학 등 분야의 기업 및 기관과 협업해 콘텐츠를 제작할 계획이다.김민구 LG유플러스 키즈토피아TF PM은 “해외 고객이 많이 유입되며 키즈토피아가 성장함에 따라 타 기업과의 다양한 콜라보도 진행할 수 있었다”며 “앞으로도 아이들이 직접 경험하고 소통하는 다채로운 콘텐츠를 통해 아이들과 부모 모두가 믿고 사용할 수 있는 글로벌 체험학습 플랫폼으로 자리매김하겠다”고 말했다."
https://n.news.naver.com/mnews/article/030/0003342456?sid=105,2025-08-21 09:00:13,IT/과학,"LGU+, 키즈토피아 가입자 200만 돌파…글로벌 진출 효과에 반년새 2배 늘어","키즈토피아 서비스를 소개하는 LG유플러스 모델의 모습.LG유플러스 키즈 전용 체험학습 플랫폼 '키즈토피아'가 글로벌 시장 진출에 힘입어 지난달 기준 누적 가입 고객 200만을 돌파했다. 지난 1월 100만을 돌파한 데 이어 약 6개월만에 가입자가 두 배 이상 늘었다.키즈토피아는 가상 체험 공간에서 다양한 놀이 활동을 즐기고, 인공지능(AI) 캐릭터와 대화하며 동물·자연·외국어 등을 학습하는 플랫폼이다. 기존의 일방향적인 동영상 학습에서 벗어나 가상공간에서 아이들이 좋아하는 체험활동, 놀이학습 등을 경험하며 재미있게 공부할 수 있는 점이 특징이다.키즈토피아는 2023년 5월 국내 출시 이후 지속적으로 서비스 제공 국가를 확대하며 글로벌 시장 공략에 속도를 내고 있다. 기존에 인기를 끌었던 말레이시아, 태국, 필리핀, 미국, 일본 등을 비롯해 최근에는 호주, 영국, 뉴질랜드 등이 추가돼 현재 총 11개국에서 키즈토피아를 이용할 수 있다.서비스 국가 확대에 따라 이용 고객 중 해외에서 접속한 비중도 지속 증가하고 있다. 키즈토피아 이용 고객 중 해외에서 접속한 비율은 지난해 6월 기준 42%에서 현재는 67%까지 올랐다. 특히 미국은 지난 3월에 비해 3개월만에 이용자가 340% 증가하며 가파르게 성장하고 있다.향후 LG유플러스는 아이들을 위한 애니메이션, ESG, 첨단과학 등 분야의 기업 및 기관과 협업해 콘텐츠를 제작할 계획이다.김민구 LG유플러스 키즈토피아TF PM은 “해외 고객이 많이 유입되며 키즈토피아가 성장함에 따라 타 기업과의 다양한 협업을 진행할 수 있었다”며 “앞으로도 아이들이 직접 경험하고 소통하는 다채로운 콘텐츠를 통해 아이들과 부모 모두가 믿고 사용할 수 있는 글로벌 체험학습 플랫폼으로 자리매김하겠다”고 밝혔다."
https://n.news.naver.com/mnews/article/119/0002993223?sid=105,2025-08-21 09:00:15,IT/과학,"LGU+, 키즈토피아 누적 가입 200만 돌파","동남아, 호주,영국,뉴질랜드 등11개국 진출키즈토피아 서비스를 소개하는 LG유플러스 모델의 모습.ⓒLG유플러스[데일리안 = 조인영 기자] LG유플러스는 키즈 전용 체험학습 플랫폼 ‘키즈토피아(KidsTopia)’가 글로벌 시장 진출에 힘입어 지난달 기준 누적 가입 고객 200만을 돌파했다고 21일 밝혔다. 지난 1월 100만을 돌파한 데 이어 약 반년만의 성과다.키즈토피아는 가상 체험 공간에서 다양한 놀이 활동을 즐기고, AI 캐릭터와 대화하며 동물·자연·외국어 등을 학습하는 플랫폼이다. 기존의 일방향적인 동영상 학습에서 벗어나 가상공간에서 아이들이 좋아하는 체험활동, 놀이학습 등을 경험하며 재미있게 공부할 수 있는 점이 특징이다.키즈토피아는 2023년 5월 국내 출시 이후 지속적으로 서비스 제공 국가를 확대하며 글로벌 시장 공략에 속도를 내고 있다. 기존에 인기를 끌었던 말레이시아, 태국, 필리핀, 미국, 일본 등을 비롯해 최근에는 호주, 영국, 뉴질랜드 등이 추가돼 현재 총 11개국에서 키즈토피아를 이용할 수 있다.서비스 국가 확대에 따라 이용 고객 중 해외에서 접속한 비중도 지속 증가하고 있다. 키즈토피아 이용 고객 중 해외에서 접속한 비율은 지난해 6월 기준 42%에서 1년만에 절반이 넘는 67%까지 올랐다. 특히 미국은 지난 3월에 비해 3개월 만에 이용자가 340% 가량 느는 등 가파르게 성장하고 있다.LG유플러스가 고객의 키즈토피아 이용 패턴을 분석한 결과, 다른 기업 및 기관과 협업해 선보인 콘텐츠에 대한 관심이 높은 것으로 나타났다.실제로 지난 4월에 오픈한 ‘지구사랑탐사대 갯벌체험’는 필리핀, 말레이시아 등 국가에서 접속한 비율이 약 40%에 달했다. 외국에선 보기 어려운 갯벌 생태계를 간접적으로 체험할 수 있다는 점이 인기를 끈 것으로 분석된다. K-POP 걸그룹 ‘이프아이’ 홍보관도 오픈 약 3개월만에 누적 방문자가 13만명을 돌파하며 여러 국가에서 인기를 얻고 있다.LG유플러스는 키즈토피아 인기에 힘입어 콘텐츠를 더욱 즐겁게 이용할 수 있도록 일일미션, 도전과제 등 앱 내 ‘게이미피케이션’ 요소를 이달 초 강화했다. 게이미피케이션은 게임의 작동 원리와 디자인 요소를 적용해 콘텐츠를 즐기도록 유도하는 방식을 의미한다.향후 LG유플러스는 아이들을 위한 애니메이션, ESG, 첨단과학 등 분야의 기업 및 기관과 협업해 콘텐츠를 제작할 계획이다.김민구 LG유플러스 키즈토피아TF PM은 “해외 고객이 많이 유입되며 키즈토피아가 성장함에 따라 타 기업과의 다양한 콜라보도 진행할 수 있었다”며 “앞으로도 아이들이 직접 경험하고 소통하는 다채로운 콘텐츠를 통해 아이들과 부모 모두가 믿고 사용할 수 있는 글로벌 체험학습 플랫폼으로 자리매김하겠다”고 전했다."
https://n.news.naver.com/mnews/article/016/0002517238?sid=105,2025-08-21 09:01:13,IT/과학,"글로벌 진출 대박난 LGU+ 키즈토피아,  누적 가입 ‘200만명’ 돌파","동남아, 호주, 영국, 뉴질랜드 등…세계 시장 공략 속도올해 6월 기준 해외 접속 비중 약 70%, 美 이용자 340% 증가갯벌 체험, 아이돌 등 인기…애니메이션, ESG 등 콘텐츠 계획LG유플러스 모델이 키즈토피아 서비스를 소개하고 있다. [LG유플러스 제공][헤럴드경제=고재우 기자] LG유플러스는 자사 키즈 전용 플랫폼 ‘키즈토피아’가 세계 시장 진출에 힘입어 지난달 기준 누적 가입 고객 200만명을 돌파했다고 21일 밝혔다. 올해 1월 100만을 돌파한 데 이어 약 반년 만에 가입자가 ‘두 배’ 이상 는 셈이다.키즈토피아는 가상 체험 공간에서 다양한 놀이 활동을 즐기고, 인공지능(AI) 캐릭터와 대화하며 동물·자연·외국어 등을 학습하는 플랫폼이다. 기존의 일방향적인 동영상 학습에서 벗어나 가상공간에서 양방향 학습이 가능하다는 게 특징이다.2023년 5월 국내 출시 이후 키즈토피아는 세계 시장 공략에 속도를 내고 있다. 말레이시아, 태국, 필리핀, 미국, 일본 등을 비롯해 최근에는 호주, 영국, 뉴질랜드 등 총 11개국에서 키즈토피아를 이용할 수 있다.서비스 국가가 확대되면서 이용 고객 중 해외에서 접속한 비중도 늘고 있다. LG유플러스에 따르면 키즈토피아 해외 접속 비율은 지난해 6월 기준 42%에서 1년 만에 67%까지 올랐다. 미국에서는 지난 3월에 비해 3개월 만에 이용자가 340%(올해 6월 기준)가량 늘었다.세부적으로 다른 기업 및 기관과 협업해 선보인 콘텐츠에 대한 관심이 높은 것으로 나타났다. 예를 들어 지난 4월에 오픈한 ‘지구사랑탐사대 갯벌 체험’는 필리핀, 말레이시아 등 국가에서 접속한 비율이 40%에 달했다. 외국에선 보기 어려운 갯벌 생태계를 간접적으로 체험할 수 있다는 점이 인기를 끈 요인으로 분석된다. K-POP 걸그룹 ‘이프아이’ 홍보관도 오픈 약 3개월 만에 누적 방문자가 13만명을 돌파했다.아울러 LG유플러스는 키즈토피아 콘텐츠를 즐겁게 이용할 수 있도록 일일 미션, 도전 과제 등 ‘게이미피케이션’ 요소를 강화했다. 게이미피케이션은 게임의 작동 원리와 디자인 요소를 적용해 콘텐츠를 즐기도록 유도하는 방식이다. 나아가 LG유플러스는 아이들을 위한 애니메이션, 환경·사회·지배구조(ESG), 첨단 과학 등 분야에서 콘텐츠 제작 협업을 이어갈 방침이다.김민구 LG유플러스 키즈토피아TF PM은 “키즈토피아가 성장함에 따라 타 기업과의 다양한 협업도 진행할 수 있었다”며 “앞으로도 다채로운 콘텐츠를 통해 아이들과 부모 모두가 믿고 사용할 수 있는 글로벌 체험학습 플랫폼이 되도록 노력할 것”이라고 밝혔다."
https://n.news.naver.com/mnews/article/001/0015577325?sid=105,2025-08-21 09:07:25,IT/과학,LGU+ '키즈토피아' 해외서 통했다…가입자 200만명 돌파,"[LG유플러스 제공. 재판매 및 DB 금지](서울=연합뉴스) 박형빈 기자 = LG유플러스는 키즈 전용 체험학습 플랫폼 '키즈토피아'가 글로벌 진출의 성과에 힘입어 지난달 기준 누적 가입자 200만명을 돌파했다고 21일 밝혔다.키즈토피아는 가상 체험 공간에서 다양한 놀이 활동을 즐기고, 인공지능(AI) 캐릭터와 대화하며 동물·자연·외국어 등을 학습하는 플랫폼이다.2023년 5월 국내 출시 이후 서비스 제공 국가를 확대하며 현재 미국, 일본, 호주, 영국, 뉴질랜드, 말레이시아, 태국, 필리핀 등 총 11개국에서 이용할 수 있다. 가입자는 지난 1월 100만명을 넘어선 뒤 반년 만에 두 배 이상 증가했다.서비스 국가 확대에 따라 해외 접속 비율은 지난해 6월 기준 42%에서 1년 만에 67%까지 상승했다. 특히 미국은 지난 3월에 비해 3개월 만에 이용자가 340%가량 늘었다.LG유플러스는 키즈토피아 인기에 힘입어 콘텐츠를 더욱 즐겁게 이용할 수 있도록 일일 미션, 도전과제 등 앱 내 게임 요소를 이달 초 강화했다. 향후 애니메이션, ESG, 첨단과학 등 분야 기업·기관과 협업해 콘텐츠를 확대할 예정이다.김민구 LG유플러스 키즈토피아TF PM은 ""앞으로도 아이들이 직접 경험하고 소통하는 다채로운 콘텐츠를 통해 아이들과 부모 모두가 믿고 사용할 수 있는 글로벌 체험학습 플랫폼으로 자리매김하겠다""고 말했다.binzz@yna.co.kr"
https://n.news.naver.com/mnews/article/008/0005238833?sid=105,2025-08-21 09:11:31,IT/과학,"LGU+ 키즈토피아, 가입자 200만 돌파…""67%가 해외이용자""","LG유플러스의 ‘키즈토피아(KidsTopia)’가 글로벌 시장 진출에 힘입어 지난달 기준 누적 가입 고객 200만을 돌파했다. /사진=LG유플러스LG유플러스의 키즈 전용 체험학습 플랫폼 '키즈토피아'가 글로벌 시장 진출에 힘입어 지난달 기준 누적 가입 고객 200만을 돌파했다. 지난 1월 100만을 돌파한 데 이어 약 반 년만에 가입자가 두 배로 늘었다.키즈토피아는 가상 체험 공간에서 다양한 놀이 활동을 즐기고, AI 캐릭터와 대화하며 동물·자연·외국어 등을 학습하는 플랫폼이다. 기존 일방향적인 동영상 학습에서 벗어나 가상공간에서 체험활동, 놀이학습 등을 경험하며 재미있게 공부할 수 있다.키즈토피아는 2023년 5월 국내 출시 이후 서비스 제공 국가를 확대하며 글로벌 시장 공략에 속도를 내고 있다. 기존에 인기를 끌었던 말레이시아, 태국, 필리핀, 미국, 일본 등을 비롯해 최근에는 호주, 영국, 뉴질랜드 등이 추가돼 현재 총 11개국에서 키즈토피아를 이용할 수 있다. 이용자 중 해외에서 접속한 비율도 지난해 6월 42%에서 1년 만에 절반이 넘는 67%까지 올랐다. 특히 미국은 지난 3월에 비해 3개월 만에 이용자가 340% 가량 느는 등 가파르게 성장하고 있다.특히 다른 기업 및 기관과 협업해 선보인 콘텐츠에 대한 관심이 높다는 설명이다. 지난 4월 선보인 '지구사랑탐사대 갯벌체험'는 필리핀, 말레이시아 등 국가에서 접속한 비율이 약 40%에 달했다. 외국에선 보기 어려운 갯벌 생태계를 간접적으로 체험할 수 있다는 점이 인기요인이다. K-POP 걸그룹 '이프아이' 홍보관도 오픈 약 3개월만에 누적 방문자가 13만명을 돌파했다.향후 LG유플러스는 아이들을 위한 애니메이션, ESG(환경·사회·지배구조), 첨단과학 등 분야의 기업 및 기관과 협업해 콘텐츠를 제작할 계획이다.김민구 LG유플러스 키즈토피아TF PM은 ""해외 고객이 많이 유입되며 키즈토피아가 성장함에 따라 타 기업과의 다양한 콜라보도 진행할 수 있었다""며 ""앞으로도 아이들이 직접 경험하고 소통하는 다채로운 콘텐츠를 통해 아이들과 부모 모두가 믿고 사용할 수 있는 글로벌 체험학습 플랫폼으로 자리매김하겠다""고 말했다."
https://n.news.naver.com/mnews/article/031/0000958797?sid=105,2025-08-21 09:19:09,IT/과학,LGU+ '키즈토피아' 가입자 200만명 돌파,"""믿고 사용할 수 있는 글로벌 체험학습 플랫폼 자리매김할 것""LG유플러스(대표 홍범식)는 키즈 전용 체험학습 플랫폼 키즈토피아가 글로벌 진출 성과에 힘입어 지난달 기준 누적 가입자 200만명을 돌파했다고 21일 밝혔다.LG유플러스 모델이 키즈토피아를 소개하는 모습. [사진=LGU+]키즈토피아는 가상 체험 공간에서 다양한 놀이 활동을 즐기고, 인공지능(AI) 캐릭터와 대화하며 동물·자연·외국어 등을 학습하는 플랫폼이다. 현재 미국, 일본, 호주, 영국, 뉴질랜드, 말레이시아 등 총 11개국에서 서비스를 제공하고 있다.서비스 국가 확대에 따라 해외 접속 비율은 지난해 6월 기준 42%에서 1년 만에 67%까지 증가했다. 미국은 지난 3월에 비해 3개월 만에 이용자가 약 340% 늘었다.LG유플러스는 키즈토피아 인기에 힘입어 콘텐츠를 더욱 즐겁게 이용할 수 있도록 일일 미션, 도전과제 등 앱 내 게임 요소를 이달 초 강화했다. 향후 애니메이션, ESG, 첨단과학 등 분야 기업·기관과 협업해 콘텐츠를 확대할 예정이다.김민구 LG유플러스 키즈토피아TF PM은 ""앞으로도 아이들이 직접 경험하고 소통하는 다채로운 콘텐츠를 통해 아이들과 부모 모두가 믿고 사용할 수 있는 글로벌 체험학습 플랫폼으로 자리매김하겠다""고 말했다."
https://n.news.naver.com/mnews/article/421/0008439388?sid=105,2025-08-21 09:36:25,IT/과학,LGU+ '키즈토피아' 글로벌 인기에 가입자 200만 돌파,"(LGU+ 제공. 재판매 및 DB금지) /뉴스1(서울=뉴스1) 김정현 기자 = LG유플러스가 키즈 전용 체험학습 플랫폼 키즈토피아(KidsTopia)가 글로벌 시장 진출에 힘입어 지난달 기준 누적 가입 고객 200만 명을 돌파했다고 21일 밝혔다.키즈토피아는 가상 체험 공간에서 다양한 놀이 활동을 즐기고, AI 캐릭터와 대화하며 동물·자연·외국어 등을 학습하는 플랫폼이다.지난해 2023년 5월 국내 출시 이후 지속적으로 서비스 제공 국가를 확대하며 글로벌 시장 공략에 속도를 내고 있다. 말레이시아, 태국, 필리핀, 미국, 일본 등을 비롯해 최근에는 호주, 영국, 뉴질랜드 등이 추가돼 현재 총 11개국에서 키즈토피아를 이용할 수 있다.서비스 국가 확대에 따라 이용자 중 해외 접속 비중도 지속 증가하고 있다. 키즈토피아 이용 고객 중 해외에서 접속한 비율은 지난해 6월 기준 42%에서 1년 만에 67%까지 올랐다. 특히 미국은 지난 3월에 비해 3개월 만에 이용자가 340% 가량 늘었다.LG유플러스는 8월부터 키즈토피아 콘텐츠를 더욱 즐겁게 이용할 수 있도록 일일미션, 도전과제 등 앱 내 '게이미피케이션' 요소를 강화했다. 향후 아이들을 위한 애니메이션, ESG, 첨단과학 등 분야의 기업 및 기관과 협업해 콘텐츠도 제작할 계획이다.김민구 LG유플러스 키즈토피아TF PM은 ""아이들이 직접 경험하고 소통하는 다채로운 콘텐츠를 통해 아이들과 부모 모두가 믿고 사용할 수 있는 글로벌 체험학습 플랫폼으로 자리매김하겠다""고 말했다."
https://n.news.naver.com/mnews/article/029/0002976841?sid=105,2025-08-21 09:48:07,IT/과학,"LGU+ ‘키즈토피아’, 글로벌 시장 공략…가입자 2배 늘어","LG유플러스의 키즈 전용 체험학습 플랫폼 ‘키즈토피아’가 글로벌 시장 진출에 힘입어 지난달 기준 누적 가입 고객 200만을 돌파했다. 사진은 키즈토피아 서비스를 소개하는 LG유플러스 모델의 모습. LG유플러스 제공LG유플러스는 자사 키즈 전용 체험학습 플랫폼 ‘키즈토피아’가 글로벌 시장 진출에 힘입어 지난달 기준 누적 가입 고객 200만을 돌파했다고 21일 밝혔다. 지난 1월 100만을 돌파한 데 이어 약 반년만에 가입자가 두 배 이상 성장한 수치다.키즈토피아는 가상 체험 공간에서 놀이 활동을 즐기고, AI 캐릭터와 대화하며 동물·자연·외국어 등을 학습하는 플랫폼이다. 기존의 일방향적인 동영상 학습에서 벗어나 가상공간에서 아이들이 좋아하는 체험활동, 놀이학습 등을 경험할 수 있다.키즈토피아는 2023년 5월 국내 출시 이후 서비스 제공 국가를 확대하며 글로벌 시장 공략에 속도를 내고 있다. 최근에는 호주, 영국, 뉴질랜드 등이 추가돼 현재 총 11개국에서 키즈토피아를 이용할 수 있다.서비스 국가 확대에 따라 이용 고객 중 해외에서 접속한 비중도 지속 증가하고 있다. 키즈토피아 이용자 중 해외에서 접속한 비율은 지난해 6월 기준 42%에서 1년만에 절반이 넘는 67%까지 올랐다. 특히 미국은 지난 3월에 비해 3개월 만에 이용자가 340% 가량 늘었다.LG유플러스가 고객의 키즈토피아 이용 패턴을 분석한 결과, 다른 기업 및 기관과 협업해 선보인 콘텐츠에 대한 관심이 높은 것으로 나타났다. 지난 4월에 오픈한 ‘지구사랑탐사대 갯벌체험’는 필리핀, 말레이시아 등 국가에서 접속한 비율이 약 40%에 달했다. 외국에선 보기 어려운 갯벌 생태계를 간접적으로 체험할 수 있다는 점이 인기를 끈 것으로 분석된다. K팝 걸그룹 ‘이프아이’ 홍보관도 오픈 약 3개월만에 누적 방문자가 13만명을 돌파했다.향후 LG유플러스는 아이들을 위한 애니메이션, ESG, 첨단과학 등 분야의 기업 및 기관과 협업해 콘텐츠를 제작할 계획이다.김민구 LG유플러스 키즈토피아TF PM은 “앞으로도 아이들이 경험하고 소통하는 콘텐츠를 통해 아이들과 부모 모두가 믿고 사용할 수 있는 글로벌 체험학습 플랫폼으로 자리매김하겠다”고 전했다."
https://n.news.naver.com/mnews/article/138/0002203115?sid=105,2025-08-21 09:49:13,IT/과학,"LGU+ 키즈토피아, 글로벌 진출 힘입어 가입자 2배 '쑥'","[디지털데일리 강소현기자] LG유플러스는 키즈 전용 체험학습 플랫폼 ‘키즈토피아(KidsTopia)’가 글로벌 시장 진출에 힘입어 지난달 기준 누적 가입 고객 200만을 돌파했다고 21일 밝혔다.키즈토피아는 가상 체험 공간에서 다양한 놀이 활동을 즐기고 AI 캐릭터와 대화하며 동물·자연·외국어 등을 학습하는 플랫폼이다. 기존의 일방향적인 동영상 학습에서 벗어나 가상공간에서 아이들이 좋아하는 체험활동·놀이학습 등을 경험하며 공부할 수 있는 것이 특징이다.키즈토피아는 2023년 5월 국내 출시 이후 서비스 국가를 지속 확대해왔다. 최근 호주, 영국, 뉴질랜드 등이 추가돼 현재 총 11개국에서 키즈토피아를 이용할 수 있다.이에 따라 해외 이용자 접속 비중도 증가했다. 키즈토피아 이용 고객 중 해외에서 접속한 비율은 지난해 6월(42%) 이후 1년 만에 67%까지 올랐다. 이에 가입자도 지난 1월 100만을 돌파한 데 이어 약 반년만에 두 배 이상 성장했다.향후 LG유플러스는 아이들을 위한 애니메이션이나 ESG, 첨단과학 등 분야의 기업 및 기관과 협업해 콘텐츠를 제작할 계획이다.김민구 LG유플러스 키즈토피아TF PM은 “해외 고객이 많이 유입되며 키즈토피아가 성장함에 따라 타 기업과의 다양한 콜라보도 진행할 수 있었다”며 “앞으로도 아이들이 직접 경험하고 소통하는 다채로운 콘텐츠를 통해 아이들과 부모 모두가 믿고 사용할 수 있는 글로벌 체험학습 플랫폼으로 자리매김하겠다”고 전했다."
https://n.news.naver.com/mnews/article/648/0000039041?sid=105,2025-08-21 10:25:11,IT/과학,LGU+ '키즈토피아' 가입자 200만 돌파,"글로벌 진출 힘입어 반년새 100만↑LG유플러스의 키즈 전용 체험학습 플랫폼 '키즈토피아'가 글로벌 시장 진출에 힘입어 지난달 기준 누적 가입 고객 200만명을 돌파했다./사진 제공=LG유플러스LG유플러스는 어린이 전용 체험학습 플랫폼 '키즈토피아'의 누적 가입자가 지난달 말 기준 200만명을 넘었다고 21일 밝혔다. 지난 1월 100만명을 돌파한데 이어 약 반년 만에 가입자가 갑절로 늘었다.키즈토피아는 가상 체험 공간에서 놀이활동을 즐기고, 인공지능(AI) 캐릭터와 대화하며 동물·자연·외국어 등을 학습하는 플랫폼이다. 기존의 일방향적인 동영상 학습에서 벗어나 가상공간에서 아이들이 좋아하는 체험활동, 놀이학습 등을 경험하며 재미있게 공부할 수 있는 점이 특징이다.키즈토피아는 2023년 5월 국내 출시 이후 지속적으로 서비스 제공 국가를 확대하며 글로벌 시장 공략에 속도를 내고 있다. 기존에 인기를 끌었던 말레이시아, 태국, 필리핀, 미국, 일본을 비롯해 최근에는 호주, 영국, 뉴질랜드 등을 추가해 현재 총 11개국에서 서비스를 제공 중이다.해외에서 접속하는 비중도 커지고 있다. 키즈토피아 이용 고객 중 해외 접속 비율은 지난해 6월 기준 42%에서 1년만에 절반이 넘는 67%까지 올랐다. 특히 미국은 지난 3월에 비해 3개월 만에 이용자가 340% 가량 느는 등 가파르게 성장하고 있다.LG유플러스는 키즈토피아를 더욱 즐겁게 이용할 수 있도록 이달 초 일일미션, 도전과제 등 앱 내 '게이미피케이션' 요소를 강화했다. 게이미피케이션은 게임의 작동 원리와 디자인 요소를 적용해 콘텐츠를 즐기도록 유도하는 방식을 의미한다.향후에는 아이들을 위한 애니메이션, ESG(환경·사회·지배구조), 첨단과학 분야의 기업이나 기관과 협업해 콘텐츠를 제작할 계획이다.김민구 LG유플러스 키즈토피아TF PM은 ""직접 경험하고 소통하는 다채로운 콘텐츠를 통해 아이들과 부모 모두가 믿고 사용할 수 있는 글로벌 체험학습 플랫폼으로 자리매김하겠다""고 말했다."
https://n.news.naver.com/mnews/article/092/0002387076?sid=105,2025-08-21 10:32:24,IT/과학,"LGU+, 키즈토피아 누적 가입자 200만 돌파…글로벌 진출 성과","동남아, 호주, 영국, 뉴질랜드 등 11개국 진출…글로벌 시장 공략 속도LG유플러스의 키즈 전용 체험학습 플랫폼 ‘키즈토피아’가 글로벌 시장 진출에 힘입어 지난달 누적 가입 고객 200만을 돌파했다고 21일 밝혔다. 지난 1월 100만을 돌파한 데 이어 약 반년 만에 가입자가 두 배 이상 성장했다.키즈토피아는 가상 체험 공간에서 다양한 놀이 활동을 즐기고, AI 캐릭터와 대화하며 동물·자연·외국어 등을 학습하는 플랫폼이다. 기존의 일방향적인 동영상 학습에서 벗어나 가상공간에서 아이들이 좋아하는 체험활동, 놀이학습 등을 경험하며 재미있게 공부할 수 있는 점이 특징이다.키즈토피아는 2023년 5월 국내 출시 이후 지속적으로 서비스 제공 국가를 확대하며 글로벌 시장 공략에 속도를 내고 있다. 기존에 인기를 끌었던 말레이시아, 태국, 필리핀, 미국, 일본 등을 비롯해 최근에는 호주, 영국, 뉴질랜드 등이 추가돼 현재 총 11개국에서 키즈토피아를 이용할 수 있다.서비스 국가 확대에 따라 이용 고객 중 해외에서 접속한 비중도 지속 증가하고 있다. 키즈토피아 이용 고객 중 해외에서 접속한 비율은 지난해 6월 기준 42%에서 1년 만에 절반이 넘는 67%까지 올랐다. 특히 미국은 지난 3월에 비해 3개월 만에 이용자가 약 340% 성장했다.LG유플러스가 고객의 키즈토피아 이용 패턴을 분석한 결과, 다른 기업 및 기관과 협업해 선보인 콘텐츠에 대한 관심이 높은 것으로 나타났다. 실제로 지난 4월에 오픈한 ‘지구사랑탐사대 갯벌체험’는 필리핀, 말레이시아 등 국가에서 접속한 비율이 약 40%에 달했다. K-POP 걸그룹 ‘이프아이’ 홍보관도 오픈 약 3개월 만에 누적 방문자 13만명을 돌파했다.LG유플러스는 키즈토피아 인기에 힘입어 콘텐츠를 더욱 즐겁게 이용할 수 있도록 일일미션, 도전과제 등 앱 내 ‘게이미피케이션’ 요소를 이달 초 강화했다. 게이미피케이션은 게임의 작동 원리와 디자인 요소를 적용해 콘텐츠를 즐기도록 유도하는 방식을 의미한다.향후 LG유플러스는 아이들을 위한 애니메이션, ESG, 첨단과학 등 분야의 기업 및 기관과 협업해 콘텐츠를 제작할 계획이다.김민구 LG유플러스 키즈토피아TF PM은 “해외 고객이 많이 유입되며 키즈토피아가 성장함에 따라 타 기업과의 다양한 콜라보도 진행할 수 있었다”며 “앞으로도 아이들이 직접 경험하고 소통하는 다채로운 콘텐츠를 통해 아이들과 부모 모두가 믿고 사용할 수 있는 글로벌 체험학습 플랫폼으로 자리매김하겠다”고 말했다."
https://n.news.naver.com/mnews/article/016/0002517492?sid=105,2025-08-21 11:34:08,IT/과학,"‘글로벌 인기’ LGU+ 키즈토피아, 가입자 200만명 돌파","호주·영국 등 세계 시장 공략 속도6월 기준 해외 접속 비중 약 70%갯벌 체험·아이돌 등 콘텐츠 인기모델들이 ‘키즈토피아’ 서비스를 소개하고 있다. [LG유플러스 제공]LG유플러스는 자사 키즈 전용 플랫폼 ‘키즈토피아’가 세계 시장 진출에 힘입어 지난달 기준 누적 가입 고객 200만명을 돌파했다고 21일 밝혔다. 지난 1월 100만명을 돌파한 데 이어 약 반년 만에 가입자가 두 배 이상 늘어난 셈이다.키즈토피아는 가상 체험 공간에서 다양한 놀이 활동을 즐기고, 인공지능(AI) 캐릭터와 대화하며 동물·자연·외국어 등을 학습하는 플랫폼이다. 기존의 일방향적인 동영상 학습에서 벗어나 가상공간에서 양방향 학습이 가능하다는 게 특징이다.2023년 5월 국내 출시 이후 키즈토피아는 세계 시장 공략에 속도를 내고 있다. 말레이시아, 태국, 필리핀, 미국, 일본 등을 비롯해 최근에는 호주, 영국, 뉴질랜드 등 총 11개국에서 키즈토피아를 이용할 수 있다.서비스 국가가 확대되면서 이용 고객 중 해외에서 접속한 비중도 늘고 있다.LG유플러스에 따르면 키즈토피아 해외 접속 비율은 지난해 6월 기준 42%에서 1년 만에 67%까지 올랐다. 미국에서는 지난 3월에 비해 3개월 만에 이용자가 340%(올해 6월 기준)가량 늘었다.세부적으로 다른 기업·기관과 협업해 선보인 콘텐츠에 대한 관심이 높은 것으로 나타났다. 예를 들어 지난 4월 오픈한 ‘지구사랑탐사대 갯벌 체험’는 필리핀, 말레이시아 등 국가에서 접속한 비율이 40%에 달했다. 외국에서는 보기 어려운 갯벌 생태계를 간접적으로 체험할 수 있다는 점이 인기를 끈 요인으로 분석된다. K-팝 걸그룹 ‘이프아이’ 홍보관도 오픈 약 3개월 만에 누적 방문자가 13만명을 돌파했다.아울러 LG유플러스는 키즈토피아 콘텐츠를 즐겁게 이용할 수 있도록 일일 미션, 도전 과제 등 ‘게이미피케이션’ 요소를 강화했다. 게이미피케이션은 게임의 작동 원리와 디자인 요소를 적용해 콘텐츠를 즐기도록 유도하는 방식이다. 나아가 LG유플러스는 아이들을 위한 애니메이션, 환경·사회·지배구조(ESG), 첨단 과학 등 분야에서 콘텐츠 제작 협업을 이어갈 방침이다.김민구 LG유플러스 키즈토피아TF PM은 “키즈토피아가 성장함에 따라 다른 기업과 다양한 협업도 진행할 수 있었다”며 “앞으로도 다채로운 콘텐츠를 통해 아이와 부모 모두가 믿고 사용할 수 있는 글로벌 체험학습 플랫폼이 되도록 노력할 것”이라고 밝혔다. 고재우 기자"
https://n.news.naver.com/mnews/article/366/0001101880?sid=105,2025-08-21 11:53:07,IT/과학,‘11개국 진출’ LGU+ 키즈토피아 가입자 200만명 돌파… 반년 만에 두 배 성장,"LG유플러스 모델이 키즈토피아 서비스를 소개하고 있다./LG유플러스 제공LG유플러스는 키즈 전용 체험학습 플랫폼 ‘키즈토피아’(KidsTopia)가 지난달 기준 누적 가입 고객 200만을 돌파했다고 21일 밝혔다. 지난 1월 100만을 돌파한 데 이어 약 반년 만에 가입자가 두 배 이상 성장했다. 11개국 시장에 진출한 점이 사용자 증가의 긍정적 영향을 미친 것으로 분석된다.키즈토피아는 가상 체험 공간에서 다양한 놀이 활동을 즐길 수 있는 학습 플랫폼이다. 인공지능(AI) 캐릭터와 대화하며 동물·자연·외국어 등을 배울 수 있다. 회사 측은 “기존의 일방향적인 동영상 학습에서 벗어나 가상공간에서 아이들이 좋아하는 체험활동, 놀이학습 등을 경험하며 재미있게 공부할 수 있는 점이 특징”이라고 전했다.키즈토피아는 2023년 5월 국내 출시 이후 지속적으로 서비스 제공 국가를 확대해 왔다. 말레이시아·태국·필리핀·미국·일본 등을 비롯해 최근 호주·영국·뉴질랜드 등에서도 서비스를 제공하고 있다.서비스 국가 확대에 따라 이용 고객 중 해외에서 접속한 비중도 지속 증가하고 있다. 키즈토피아 이용 고객 중 해외에서 접속한 비율은 지난해 6월 기준 42%에서 1년 만에 절반이 넘는 67%까지 올랐다. 특히 미국은 지난 3월에 비해 3개월 만에 이용자가 340%가량 느는 등 가파르게 성장하고 있다.LG유플러스가 고객의 키즈토피아 이용 패턴을 분석한 결과, 다른 기업 및 기관과 협업해 선보인 콘텐츠에 대한 관심이 높은 것으로 나타났다. 지난 4월에 오픈한 ‘지구사랑탐사대 갯벌체험’은 필리핀·말레이시아 등 국가에서 접속한 비율이 약 40%에 달했다. 외국에선 보기 어려운 갯벌 생태계를 간접적으로 체험할 수 있다는 점이 인기를 끈 것으로 분석된다. K-팝(POP) 걸그룹 ‘이프아이’ 홍보관도 오픈 약 3개월 만에 누적 방문자가 13만명을 돌파했다.LG유플러스는 키즈토피아에 일일미션·도전 과제 등 앱 내 ‘게이미피케이션’ 요소를 이달 초 강화했다. 게이미피케이션은 게임의 작동 원리와 디자인 요소를 적용해 콘텐츠를 즐기도록 유도하는 방식을 말한다. LG유플러스는 향후 아이들을 위한 애니메이션·ESG·첨단 과학 등 분야의 기업 및 기관과 협업해 콘텐츠를 제작할 계획이다.김민구 LG유플러스 키즈토피아TF PM은 “해외 고객이 많이 유입되며 키즈토피아가 성장함에 따라 타 기업과의 다양한 콜라보도 진행할 수 있었다”며 “앞으로도 아이들이 직접 경험하고 소통하는 다채로운 콘텐츠를 통해 아이들과 부모 모두가 믿고 사용할 수 있는 글로벌 체험학습 플랫폼으로 자리매김하겠다”고 말했다."
https://n.news.naver.com/mnews/article/138/0002203143?sid=105,2025-08-21 12:38:07,IT/과학,[단독] IPTV發 요금정상화 첫 시도…콘텐츠 시장 염가화 해결되나,"정부 “지난 10년 공공재 10% 인상, 유료방송은 그대로”과학기술정보통신부(이하 ‘과기정통부’)는 최근 LG유플러스가 신고한 IPTV 실속형·기본형 요금제 2종을 허가했다.[디지털데일리 강소현기자] IPTV가 요금 정상화를 시도한다. IPTV를 비롯해 케이블TV·위성방송 등 국내 유료방송 플랫폼의 이용자당평균매출(ARPU)는 OECD 국가 최하위 수준으로 알려진 가운데, 유료방송 서비스 요금 정상화를 계기로 방송시장 전반에 재원이 풀릴지도 주목된다.21일 관련업계에 따르면, 과학기술정보통신부(이하 ‘과기정통부’)는 최근 LG유플러스가 신고한 IPTV 실속형·기본형 요금제 2종을 허가했다. 실속형 요금제는 217개 채널을, 기본형 요금제는 223개 채널을 각각 제공한다. 가격은 월 1만5400원·1만6500원이다.기존 최저가 상품의 판매는 중단된다. 약관에 따르면 LG유플러스는 기존 최저가 상품이었던 ‘일반형 요금제’의 판매를 2026년 1월1일부터 중단한다. 이 요금제가 월 1만3090원에 193개 채널을 제공해온 것을 감안하면, 사실상 약 2000원~3000원 요금을 인상하는 셈이다.LG유플러스 관계자는 “2018년 이후 8년만에 신규 IPTV 요금제를 출시하면서 유사한 기존 요금제를 정리하는 것”이라며 “향후 시장 상황과 고객 니즈에 맞춰 서비스 편의를 개선해 나가겠다”라고 말했다.[ⓒ 이해민의원실][ⓒ 이해민의원실][ⓒ 이해민의원실]업계에선 정부의 유료방송 요금규제 완화 3년 만에 첫 요금 변경이라는 점에서 의미가 크다고 보고 있다.과기정통부는 2022년 7월 유료방송 요금 승인제를 신고제로 완화한다는 내용의 방송법 시행령 개정안을 마련한 바 있으나, 실제 요금을 변경한 사업자는 지난 3년 동안 전무한 것으로 나타났다. 여전히 정부의 수리를 요구하는 가운데, 사업자와 의견이 맞지 않는 경우 접수 자체를 거절하는 경우도 종종 있었던 것으로 확인됐다.이에 이번 요금제 개편에선 과기정통부의 역할도 컸던 것으로 전해진다. 글로벌온라인동영상서비스(OTT)발 미디어 생태계 변화 역시 가속화되며 연내 최악의 위기가 유료방송 업계를 덮칠 것으로 전망되는 만큼 정부의 정책 기조에도 변화가 감지된다.과기정통부 관계자는 “(IPTV 요금은) 10년 전 요금과 거의 그대로인데 같은기간 공공재 요금은 10%가 인상된데다, OTT와 같은 경쟁자들의 등장으로 무리한 가격 인상이 어려운 주변 환경들이 검토됐다”며 “상품 경쟁력 대비 가격의 적절성은 이젠 소비자가 판단할 부분”라고 말했다.학계에선 이번 IPTV 요금 재조정을 계기로 콘텐츠 시장의 염가화가 어느정도 해결될 것으로 기대하는 한편, 소비자 불만을 잠재우기 위한 차별화된 서비스 전략에 대해 함께 고민해봐야한다고 말한다.김성철 고려대학교 교수는 “(유료방송의 경우) 물가 상승에도 불구 그간 요금 자체가 낮게 설정돼 있었다는 점에서 이번 가격 인상은 부득이한 측면도 있었을 것”이라며 “IPTV 사업자는 3개사(KT·SK브로드밴드·LGU+)이지만 이들이 OTT와도 경쟁하고 있다는 점에서 무리한 가격 인상은 어려울 것”이라고 말했다.이어 “다만 이용자 불만은 불가피한 가운데 이들에게 조금 더 나은, 원하는 서비스를 제공할 수 있어야겠다. 아이를 둔 가족 가입자가 많은 유료방송의 특성을 감안하면 별도의 키즈앱을 통해 어린이 맞춤 콘텐츠를 제공하고 부모 통제 기능을 제공하는 유튜브의 사례를 참고할 수 있을 것”이라며 “정부 차원에선 주문형비디오(VOD) 매출에 의존해온 유료방송 사업자가 가입자 기반의 다른 수익모델을 개발할 수 있도록 관련 조사나 연구를 활성해주면 좋겠다”라고 덧붙였다.또 다른 전문가는 “요금이 현실화되는 것도 필요하지만 이용자 부담 측면에선 요금을 인상하되 반대급부로 어떤 좋은 서비스를 제공해줄 수 있냐라는 고민이 필요하겠다”라며 “요금 인상에 따른 차별화된 가치나 효용을 제공해줄 수 있어야할 것”이라고 말했다.한편, 과기정통부는 오는 28일 ‘유료방송 활성화 제도 개선방안’과 관련해 공청회도 개최한다. 이는 새 정부 업무보고의 일환으로, 과기정통부는 인터넷TV(IPTV)·케이블TV·위성방송 등 유료방송을 포함한 미디어 산업의 지속가능한 성장을 위한 최소･자율규제를 도입하겠다고 밝힌 바 있다. OTT와의 기울어진 운동장을 바로 잡겠다는 취지다.이번 개선안에는 유료방송 재허가･재승인 폐지와 시장점유율 규제 개선 등 고시나 시행령 단에서 해결 가능한 규제 완화 내용들이 우선적으로 담길 전망이다."
https://n.news.naver.com/mnews/article/144/0001061932?sid=105,2025-08-21 12:39:10,IT/과학,LGU+ ‘키즈토피아’ 가입자 200만명 돌파,"11개국 진출하며 글로벌 시장 공략에 속도LG유플러스는 키즈 전용 체험학습 플랫폼 ‘키즈토피아’가 글로벌 성과에 힘입어 지난달 누적 가입자 200만명을 돌파했다고 21일 밝혔다.키즈토피아는 가상 체험 공간에서 다양한 놀이 활동을 즐기고, 인공지능(AI) 캐릭터와 대화하며 동물·자연·외국어 등을 학습하는 플랫폼이다.2023년 5월 국내 출시 이후 서비스 제공 국가를 확대, 현재 미국, 일본, 호주, 영국, 뉴질랜드, 말레이시아, 태국, 필리핀 등 총 11개국에서 이용할 수 있다.서비스 국가 확대에 따라 해외 접속 비율은 지난해 6월 기준 42%에서 1년 만에 67%까지 상승했다. 특히 미국은 지난 3월에 비해 3개월 만에 이용자가 340%가량 늘었다.LG유플러스는 키즈토피아 인기에 힘입어 콘텐츠를 더욱 즐겁게 이용할 수 있도록 일일 미션, 도전과제 등 앱 내 게임 요소를 이달 초 강화했다. 향후 애니메이션, ESG, 첨단과학 등 분야 기업·기관과 협업해 콘텐츠를 확대할 예정이다.조진호 기자 ftw@kyunghyang.com"
https://n.news.naver.com/mnews/article/629/0000419064?sid=105,2025-08-22 14:32:15,IT/과학,"""AI로 보이스피싱 잡는다""…통신 3사, 차단 기술 경쟁","SKT, '스캠뱅가드' 활용 이상탐지 통합 서비스KT, 화자인식·딥보이스 탐지 상용화LGU+, 온디바이스 '안티딥보이스'통신 3사가 AI 기반 보이스피싱 차단 기술을 앞세워 고객 보호에 나섰다. /더팩트DB통신 3사가 AI 기반 보이스피싱 차단 기술을 앞세워 고객 보호에 나섰다. 통화 패턴과 음성을 실시간으로 분석해 범죄를 조기에 탐지하고 변조 음성까지 판별하는 등 AI 기술을 활용한 보안 경쟁이 본격화되고 있다.22일 업계에 따르면 SK텔레콤, KT, LG유플러스는 최근 잇따라 AI 기반 보이스피싱 탐지 기술을 상용화하거나 고도화하며 적용 범위를 넓히고 있다. 과학기술정보통신부, 개인정보보호위원회, 국립과학수사연구원 등과의 협업을 통해 신뢰성을 확보했으며, 금융권과도 연계해 실질적 피해 차단 성과를 내고 있다.우선 SK텔레콤은 자체 개발한 AI 사이버보안 기술 '스캠뱅가드'를 통해 보이스피싱과 스미싱 같은 금융사기를 차단하고 있다. AI가 미끼 문자와 피싱 채팅을 걸러내고, 통화 패턴과 본인 인증 시도를 분석해 보이스피싱 여부를 판별하는 방식이다. 이 기술은 지난 4월 통신·금융 데이터를 연계한 '이상탐지 통합 서비스'로 확장돼 IBK기업은행 보이스피싱 모니터링 시스템에 적용됐다. 2주간 사전 테스트에서는 26건의 피해를 예방하고 약 5억9000만원의 손실을 막았으며, 특히 거래 발생 전 이상 징후를 포착해 차단하는 사례도 있었다.SK텔레콤은 자사 AI 서비스 '에이닷(A.)'에도 이 기술을 적용, 한 달간 19만건의 의심 번호와의 전화 통화에 경고 메시지를 제공했다. 최근 급증한 신용카드 배송 사칭 번호도 탐지해 피해를 막았으며, 개인정보보호위원회의 사전 검토를 거쳐 개인정보 관리 체계도 강화했다.LG유플러스 직원들이 '익시오'의 안티딥보이스 기능을 소개하고 있다. /LG유플러스KT는 지난달 말 'AI 보이스피싱 탐지서비스 2.0'을 출시했다. 국내 최초로 화자인식과 딥보이스(AI 변조 음성) 탐지 기능을 통합한 실시간 서비스다. 국립과학수사연구원이 제공한 보이스피싱 범죄자의 실제 음성을 분석하고, AI 음성합성(TTS) 기술로 생성된 변조 음성까지 판별한다. 특히 화자인식 기능은 개인정보보호위원회의 엄격한 점검 및 승인을 거쳐 국내 최초로 상용화에 성공한 기술로, 기존 키워드·문장 구조 기반 탐지보다 정확도가 크게 향상됐다.KT는 올해 상반기 동안 이 서비스를 통해 약 1460만건의 통화를 분석했으며, 탐지 정확도는 91.6%로 집계됐다. 이를 통해 약 710억원의 피해를 예방한 것으로 추산된다. 초기보다 정확도가 1.3%포인트 향상됐으며, KT는 2.0 버전으로 연간 2000억원 이상 피해 예방과 탐지 정확도 95% 달성을 목표로 하고 있다.LG유플러스는 지난 6월 말 온디바이스 AI 기반 '안티딥보이스(Anti-DeepVoice)' 기술을 세계 최초로 상용화했다. 자사 AI 앱 '익시오(ixi-O)'에 적용된 이 기능은 통화 시작 5초 이내 위변조 음성을 감지하고, 대화 패턴을 분석해 1~2분 내 보이스피싱 의심 여부를 가려낸다. 회사 측은 지난달 말까지 한 달 동안 약 5500건의 위변조 음성을 탐지했으며, 보이스피싱 평균 피해액(5300만원)을 기준으로 약 2900억원의 피해를 예방한 효과가 있다고 설명했다. 특히 합성 음성 탐지 정확도도 98%에 달하는 것으로 나타났다.LG유플러스는 국립과학수사연구소에서 제공한 실제 보이스피싱 스크립트 200만건 이상을 학습해 정확도를 높였으며, 향후 범죄자 목소리 탐지 기능과 AI 기반 위험 URL·악성 앱 탐지 기능을 추가할 계획이다.한 업계 관계자는 ""AI가 보이스피싱 범죄에 악용되는 상황에서 이를 역으로 활용해 대응하고 있다""며 ""궁극적으로는 통신 서비스 신뢰도도 높이는 계기가 될 것""이라고 말했다.발로 뛰는 더팩트는 24시간 여러분의 제보를 기다립니다.▶카카오톡: '더팩트제보' 검색▶이메일: jebo@tf.co.kr▶뉴스 홈페이지: http://talk.tf.co.kr/bbs/report/write"
https://n.news.naver.com/mnews/article/123/0002366496?sid=104,2025-08-22 21:57:09,세계,KT·LGU+ 해킹 배후... 北 아닌 中 가능성 높다?,"◆…중국 천안문 광장[사진=연합]국내 이동통신사와 정부부처를 대상으로 한 대규모 해킹 사건의 배후가 북한 정찰총국 산하 조직 '김수키(Kimsuky)'가 아니라 중국 해킹 그룹일 가능성이 높다는 분석이 나왔다.22일 고려대 정보보호대학원 해킹대응기술연구실과 디지털포렌식연구센터는 성북구 정운오IT교양관에서 열린 보고회에서 최근 공개된 김수키 추정 해킹 관련 자료를 정밀 분석한 결과를 발표했다. 연구진은 ""북한 소행이라는 단정은 근거가 부족하다""며 ""작업 패턴과 정황을 종합할 때 중국 해커의 개입 가능성이 매우 높다""고 설명했다.연구팀은 소스 코드에서 중국어 주석이 발견됐고 암호화 기법이 기존 중국 해커 그룹의 방식과 유사하다는 점을 근거로 제시했다. 또 한국어 문장이 구글 번역기를 통해 중국어로 옮겨진 뒤 해독된 흔적이 있었고 중국 노동절이나 주말, 단오 등 특정 시기에는 공격이 중단된 사실도 확인됐다. 여가 시간대에는 중국 동영상 플랫폼 '에이시펀(AcFun)' 접속 기록이 반복적으로 나타난 점도 중국인 해커 정황으로 꼽혔다.김휘강 고려대 교수는 ""중국과 교류가 있는 김수키 활동일 가능성을 완전히 배제할 수는 없다""면서도 ""북한 소행이라고 보기에 증거가 충분하지 않다""고 말했다.분석 결과 KT와 LG유플러스 등 통신사뿐 아니라 한겨레를 포함한 언론사 내·외부망까지 해커의 침투 흔적이 발견됐다.또 네이버와 카카오, 연세대학교 이용자를 대상으로 한 피싱 메일 발송 로그가 확인됐으며 검찰, 한국지역정보개발원, 링네트, 방첩사령부, 라온·라온시큐어, 디지털트러스트네트워크, 인비즈넷, 옴니원 등 기관·기업의 이메일 계정 226개가 공격 대상에 올랐다. 다만 지난 4월 발생한 SK텔레콤 유심 해킹 사건이 같은 조직의 소행인지는 불분명하다고 연구팀은 밝혔다.김 교수는 국내 보안 체계 전반의 점검 필요성을 강조했다. 그는 ""한국 시스템을 깊이 이해한 해커가 장기간 탐지되지 않은 채 내부망을 드나든 정황이 드러났다""며 ""기업의 핵심 시스템 보호를 위해 탐지 체계를 한층 고도화해야 한다""고 지적했다."
https://n.news.naver.com/mnews/article/003/0013437849?sid=105,2025-08-23 09:30:00,IT/과학,스마트폰이 알아서 '그놈 목소리' 잡아낸다…갤럭시 vs 아이폰 어떻게 다를까,"갤럭시, 통화 내용 실시간 분석해 2단계 걸쳐 경고 알림아이폰, 모르는 번호 걸러내는 '스크리닝'으로 선제적 방어이통 3사도 AI 기반 대응…SKT·KT·LGU+ 모두 탐지 기술 강화[서울=뉴시스]윤현성 기자 = 삼성전자의 갤럭시 폰과 애플 아이폰이 나란히 보이스피싱과의 전쟁에 나섰다. 스마트폰 자체에 탑재된 인공지능(AI)으로 기기가 스스로 보이스피싱이나 스팸 등을 차단하는 기능 등을 점차 강화하고 있다.다만 갤럭시와 아이폰의 보이스피싱 대응 방식은 다소 다르다. 갤럭시 폰의 AI 통화 내용을 토대로 보이스피싱 여부를 판단하고 알려주는 식이라면, 아이폰은 한번도 연락한 적이 없는 모르는 번호의 연락이 올 경우 아이폰이 먼저 일종의 검문을 하는 형태다.삼성, AI가 '실시간' 보이스피싱 탐지해 알림…KISA 협력으로 스팸 차단까지"
https://n.news.naver.com/mnews/article/008/0005239941?sid=105,2025-08-24 09:00:00,IT/과학,"""대리점을 대피소로"" LGU+-경찰청, 보이스피싱 대응 '맞손'","홍범식 LG유플러스CEO(오른쪽)와 경찰청 박성주 국가수사본부장이 지난 22일 ‘AI 기술 활용 민생범죄 예방을 위한 업무협약’을 체결했다. /사진=LG유플러스LG유플러스가 경찰청과 보이스피싱 근절에 나선다. 피싱·스미싱 피해를 예방·차단하고 피해 고객을 돕기 위한 '현장 대피소'를 운영한다.LG유플러스는 지난 22일 서울 용산 사옥에서 경찰청과 'AI 기술 활용 민생범죄 예방을 위한 업무협약'을 체결했다. AI 기술을 활용한 보이스피싱 예방 협업은 이통3사 중 LG유플러스가 유일하다.이번 협업은 단순한 기술 협력이나 정보 공유를 넘어 보이스피싱을 체계적으로 차단하기 위해 추진됐다. LG유플러스는 통신 인프라에서 탐지되는 이상 패턴, 악성 앱 제어서버 로그, 의심 문자 착신번호, 중계기 단말 정보 등 보이스피싱 관련 데이터를 제공하고, 경찰청은 이를 자체 범죄 DB 및 수사 정보와 연계해 실시간 대응 체계를 강화한다.특히 LG유플러스는 AI 앱인 '익시오(ixi-O)'의 보이스피싱 탐지 기능으로 확보한 피싱 의심 데이터를 경찰청과 공유한다.또 LG유플러스 매장을 피해 고객의 '1차 대피소'로 지정하고, 초동 대응부터 경찰 인계로 이어지는 긴급 대응 프로세스를 마련한다. 경찰청의 현장 교육 프로그램으로 LG유플러스 보안전문상담사의 역량을 강화해 실질적인 대응 체계도 고도화한다. 더불어 모든 국민이 보이스피싱 수법과 피해 사례를 인지하고 예방 수칙을 생활화하도록 대국민 보안 캠페인을 공동 추진한다.LG유플러스와 경찰청은 학교폭력·스토킹·다단계 사기 등 다양한 사이버기반 범죄로 협업을 확대해 나갈 방침이다.홍범식 LG유플러스 대표는 ""피싱 스미싱 등 통신을 활용한 범죄로부터 고객을 보호해 모두가 안심할 수 있는 밝은세상을 만들기 위해 노력하고 있다""며 ""앞으로도 국민이 안심할 수 있는 사회를 만들기 위해 경찰청과 책임 있는 민간 기업의 역할을 다하겠다""고 말했다.박성주 경찰청 국가수사본부장은 ""보이스피싱 범죄는 개인의 재산적, 정신적 피해를 넘어 한 가족을 붕괴하거나 사회 전체 안전망을 훼손하는 심각한 민생 침해 범죄""라며 ""이LG유플러스와의 업무협약이 민관 협업으로 범죄를 예방하는 모범적인 사례가 될 것""이라고 말했다.한편, 이날 경찰청은 LG유플러스의 피싱·스미싱 범죄 예방 노력에 대한 감사장을 수여했다."
https://n.news.naver.com/mnews/article/138/0002203269?sid=105,2025-08-24 09:00:10,IT/과학,"LGU+, 경찰청 피싱범죄 대응 우군으로…현장 대피소 마련","지난 22일 LG유플러스 용산사옥에서 진행된 MOU에 참석한 홍범식 대표(오른쪽)와 경찰청 박성주 국가수사본부장의 모습. [ⓒLG유플러스][디지털데일리 오병훈기자] LG유플러스가 보이스피싱 피해를 예방하기 위해 경찰청과 손 잡고 현장 대응에 나선다.LG유플러스(대표 홍범식)는 피싱·스미싱 피해를 예방·차단하는 것은 물론, 피해 고객을 돕기 위한 ‘현장 대피소’ 등 긴급 대응 체계를 구축한다고 24일 밝혔다.이를 위해 LG유플러스와 경찰청은 지난 22일 서울 용산 LG유플러스 사옥에서 ‘AI 기술 활용 민생범죄 예방을 위한 업무협약’을 체결한 바 있다. 이날 협약식에는 LG유플러스 홍범식 대표와 경찰청 박성주 국가수사본부장을 비롯해 주요 임원이 참석했다.이번 협업은 단순한 기술 협력이나 정보 공유를 넘어 국민의 일상을 위협하는 보이스피싱을 체계적으로 차단하기 위해 추진됐다. 이번 협력을 통해 LG유플러스는 통신 인프라에서 탐지되는 이상 패턴, 악성 애플리케이션(이하 앱) 제어서버 로그, 의심 문자 착신번호, 중계기 단말 정보 등 보이스피싱 관련 데이터를 제공하고, 경찰청은 이를 자체 범죄 데이터베이스(DB) 및 수사 정보와 연계해 실시간 대응 체계를 강화한다.특히, LG유플러스는 AI 앱인 ‘익시오(ixi-O)’의 보이스피싱 탐지 기능을 활용해 확보한 피싱 의심 데이터를 경찰청과 공유한다. 피싱 범죄에 대한 사전 인지부터 즉각적인 대응, 사후 추적으로 이어지는 체계를 공고히 다지기 위함이다.보이스피싱·스미싱 등 피해자 보호에도 협력한다. 양측은 LG유플러스 매장을 ‘1차 대피소’로 지정하고, 추가 피해를 막기 위한 초동 대응부터 경찰 인계로 이어지는 긴급 대응 프로세스를 마련한다. 또, 경찰청 현장 교육 프로그램으로 LG유플러스 보안전문상담사 역량을 강화해 실질적인 대응 체계도 강화한다.LG유플러와 경찰청은 보이스피싱 인식 개선을 위해서도 힘을 모은다. 양측은 모든 국민이 보이스피싱 수법과 피해 사례를 인지하고, 예방 수칙을 생활화할 수 있도록 대국민 보안 캠페인을 공동 추진한다. 이를 위해 경찰 전문 인력이 출연한 정보 콘텐츠를 영상, 신문, 소셜네트워크서비스(SNS) 등 다양한 채널로 배포하고, 전국 LG유플러스 매장을 방문객에게 예방 안내 자료를 제공하는 접점 기반 캠페인을 강화한다.LG유플러스와 경찰청은 보이스피싱에 따른 피해 예방 및 대응을 넘어, 향후 학교폭력·스토킹·다단계 사기 등 다양한 사이버기반 범죄로 협업을 확대할 계획이다.홍범식 LG유플러스 대표는 “LG유플러스는 피싱 스미싱 등 통신을 활용한 범죄로부터 고객을 보호함으로써 모두가 안심할 수 있는 밝은세상을 만들기 위해 노력하고 있다”며 “앞으로도 국민이 안심할 수 있는 사회를 만들기 위해 경찰청과 함께 책임 있는 민간 기업의 역할을 다하겠다”고 말했다.박성주 경찰청 국가수사본부장은 “보이스피싱 범죄는 개인의 재산적, 정신적 피해를 넘어 한 가족을 붕괴하거나 사회 전체의 안전망을 훼손하는 심각한 민생 침해 범죄”라며 “이번 LG유플러스와 업무협약이 민관의 협업을 통해 범죄를 예방하는 모범적인 사례가 될 것”이라고 전했다.한편, 이날 LG유플러스는 피싱·스미싱 범죄 예방에 대한 노력을 인정받아 경찰청으로부터 감사장도 수여받았다."
https://n.news.naver.com/mnews/article/014/0005395581?sid=105,2025-08-24 09:00:15,IT/과학,"LG U+, 경찰청과 보이스피싱 긴급 대응 체계 만든다","지난 22일 LG유플러스 용산사옥에서 진행된 업무협약식에 참석한 홍범식 CEO(오른쪽)와 경찰청 박성주 국가수사본부장의 모습. LG유플러스 제공LG유플러스가 경찰청과 손잡고 보이스피싱 근절에 나선다.LG유플러스와 경찰청은 지난 22일 서울 용산 LG유플러스 사옥에서 ‘AI 기술 활용 민생범죄 예방을 위한 업무협약’을 체결했다고 24일 밝혔다.보이스피싱 예방 등을 위해 경찰청과 민간 기업이 협업하는 사례는 기존에도 있었지만, 인공지능(AI) 기술을 활용한 협업은 LG유플러스가 국내 통신 사업자 중 유일하다. 이날 협약식에는 LG유플러스 홍범식 대표와 경찰청 박성주 국가수사본부장을 비롯해 주요 임원이 참석했다.이번 협력을 통해 LG유플러스는 통신 인프라에서 탐지되는 이상 패턴, 악성 앱 제어서버 로그, 의심 문자 착신번호, 중계기 단말 정보 등 보이스피싱 관련 데이터를 제공하고, 경찰청은 이를 자체 범죄 데이터베이스(DB) 및 수사 정보와 연계해 실시간 대응 체계를 강화할 방침이다.특히 LG유플러스는 AI 앱인 ‘익시오(ixi-O)’의 보이스피싱 탐지 기능을 활용해 확보한 피싱 의심 데이터를 경찰청과 공유함으로써 피싱 범죄에 대한 사전 인지부터 즉각적인 대응, 사후 추적으로 이어지는 체계를 공고히 다질 계획이다.보이스피싱·스미싱 등 피해 고객 보호에도 협력한다. 양측은 LG유플러스 매장을 피해 고객의 ‘1차 대피소’로 지정하고 추가 피해를 막기 위한 초동 대응부터 경찰 인계로 이어지는 긴급 대응 프로세스를 마련한다. 또한 경찰청의 현장 교육 프로그램으로 LG유플러스 보안전문상담사의 역량을 강화해 실질적인 대응 체계도 고도화할 계획이다.LG유플러스와 경찰청은 고객들의 보이스피싱 인식 개선을 위해서도 힘을 모은다. 양측은 모든 국민이 보이스피싱 수법과 피해 사례를 인지하고 예방 수칙을 생활화할 수 있도록 대국민 보안 캠페인을 공동 추진한다. 이를 위해 경찰 전문 인력이 출연한 정보 콘텐츠를 영상, 신문, 사회관계망서비스(SNS) 등 다양한 채널로 배포하고, 전국 LG유플러스 매장을 찾는 고객에게 예방 안내 자료를 제공한다.LG유플러스와 경찰청은 보이스피싱에 따른 피해 예방 및 대응을 넘어 학교폭력·스토킹·다단계 사기 등 다양한 사이버기반 범죄로 협업을 확대해 나갈 방침이다.홍범식 LG유플러스 대표는 “LG유플러스는 피싱 스미싱 등 통신을 활용한 범죄로부터 고객을 보호함으로써 모두가 안심할 수 있는 밝은세상을 만들기 위해 노력하고 있다”며 “앞으로도 국민이 안심할 수 있는 사회를 만들기 위해 경찰청과 함께 책임 있는 민간 기업의 역할을 다하겠다”고 밝혔다.박성주 경찰청 국가수사본부장은 “보이스피싱 범죄는 개인의 재산적, 정신적 피해를 넘어 한 가족을 붕괴하거나 사회 전체의 안전망을 훼손하는 심각한 민생 침해 범죄""라며 ""이번 LG유플러스와의 업무협약이 민관의 협업을 통해 범죄를 예방하는 모범적인 사례가 될 것“이라고 말했다."
https://n.news.naver.com/mnews/article/016/0002518385?sid=102,2025-08-24 09:01:13,사회,"경찰청-LG유플러스, AI기술 활용해 보이스피싱 예방한다 [세상&]","인공지능 기반 민관 협력 강화경찰, 범행 데이터베이스 제공AI기술 범죄 예방에 적극 활용대국민 보안 캠페인 공동 진행박성주 경찰청 국가수사본부장(사진 왼쪽)과 홍범식 LG유플러스 대표이사가 22일 업무협약식에서 기념 촬영을 하고 있다. [경찰청 제공][헤럴드경제=이용경 기자] 경찰청과 LG유플러스가 보이스피싱 등 민생침해범죄를 예방하기 위해 민·관 협력을 하기로 했다.경찰청 국가수사본부는 지난 22일 LG유플러스와 서울 용산구 LG유플러스 사옥에서 ‘AI 기술 활용 전화금융사기 등 민생범죄 예방을 위한 업무협약’을 맺었다.경찰청은 LG유플러스와 협업해 ▷중계기 단말기 탐지·차단 ▷악성 앱 감염 의심 피해자 대상 구제 활동 등을 실시하고 전화금융사기 피해를 차단·예방해 왔다.경찰청은 민·관 협력 대응 체계를 강화하기 위해 ▷AI 기반 범죄 탐지·차단 기술 고도화 ▷피해자 긴급 대응 체계 구축 ▷대국민 보안 캠페인 등 내용으로 LG유플러스와 협력을 확대할 방침이다.이번 협력은 단순한 기술 협력이나 정보 공유 차원을 넘어 전화금융사기를 체계적으로 차단하기 위해 추진됐다. 이에 경찰청은 LG유플러스의 통신 기반 시설과 AI 기술에서 탐지되는 ▷이상 패턴 ▷의심 문자 착신 번호 등 전화금융사기 관련 데이터를 확대 제공받고 이를 범행 데이터베이스·수사 정보와 연계해 실시간 대응 체계를 강화할 계획이다. 현재 해당 체계는 SKT·KT·LGU+ 등 이동통신 3사와 함께 기술 개발을 진행하고 있다.특히 경찰청은 LG유플러스 AI 앱 ‘익시오(ixi-O)’의 전화금융사기 탐지·차단 기능에서 확보된 전화금융사기 의심 데이터를 공유받고 전화금융사기 범죄에 대한 사전 인지부터 즉각적인 대응, 사후 추적으로 이어지는 체계를 강화할 방침이다. 익시오는 지난해 경찰청에서 제공한 범행 데이터베이스로 학습된 AI 앱이다.경찰청과 LG유플러스는 전화금융사기·스미싱 등 피해자 보호를 위해서도 협력할 예정이다. 양측은 LG유플러스 보안 전문 매장을 범죄피해자와 악성 앱 등 감염 의심 피해자의 ‘현장 대피소’로 지정하고 보안 전문 상담사를 통해 초동 대응부터 경찰 인계로 이어지는 긴급 대응 체계를 마련한다는 계획이다.특히 전화금융사기 인식 개선을 위해서도 협업한다. 경찰청은 LG유플러스 서비스 이용자를 비롯해 모든 국민이 전화금융사기 수법과 피해 사례를 인지하고 예방 수칙을 생활화할 수 있도록 대국민 보안 캠페인을 공동 추진한다.박성주 국가수사본부장은 “전화금융사기 범죄는 개인의 재산적·정신적 피해를 넘어 한 가족을 붕괴하거나 사회 전체 안전망을 훼손하는 심각한 민생 침해 범죄”라며 “이번 업무협약이 민관 협업을 통해 범죄를 예방하는 모범적 사례가 될 것”이라고 강조했다.홍범식 LG유플러스 대표는 “피싱·스미싱 등 통신을 활용한 범죄로부터 고객을 보호해 모두가 안심할 수 있는 세상을 만들기 위해 노력하고 있다”며 “앞으로도 경찰청과 함께 책임 있는 민간 기업의 역할을 다하겠다”고 말했다."
https://n.news.naver.com/mnews/article/003/0013438463?sid=105,2025-08-24 09:12:32,IT/과학,"LGU+ 매장, 보이스피싱 대피소 된다…추가 피해 방지 지원","LGU+, 경찰청과 AI 활용, 민생범죄 예방 업무협약'익시오'로 확보한 피싱 의심 데이터 경찰청과 공유[서울=뉴시스] LG유플러스가 경기북부경찰청과 보이스피싱 범죄 예방을 위한 공동 캠페인을 진행한다. (사진=LGU+ 제공) *재판매 및 DB 금지[서울=뉴시스] 심지혜 기자 = LG유플러스 매장이 보이스피싱 피해를 돕는 현장 대피소가 된다. 휴대폰 개통이나 요금 상담뿐 아니라 금융사기 피해자가 긴급히 도움을 받을 수 있는 생활 안전망의 역할까지 맡게 된 것이다.LG유플러스는 경찰청과 ‘인공지능(AI) 기술 활용 민생범죄 예방을 위한 업무협약’을 체결했다고 24일 밝혔다.이날 협약식에는 LG유플러스 홍범식 대표와 경찰청 박성주 국가수사본부장을 비롯해 주요 임원이 참석했다.이번 협력을 통해 LG유플러스는 통신 인프라에서 탐지되는 이상 패턴, 악성 앱 제어서버 로그, 의심 문자 착신번호, 중계기 단말 정보 등 보이스피싱 관련 데이터를 제공하고, 경찰청은 이를 자체 범죄 DB 및 수사 정보와 연계해 실시간 대응 체계를 강화할 방침이다.또한 AI 앱인 ‘익시오(ixi-O)’의 보이스피싱 탐지 기능을 활용해 확보한 피싱 의심 데이터를 경찰청과 공유함으로써 피싱 범죄에 대한 사전 인지부터 즉각적인 대응, 사후 추적으로 이어지는 체계를 구축할 계획이다.보이스피싱·스미싱 등 피해 고객 보호에도 협력한다. 양측은 LG유플러스 매장을 피해 고객의 ‘1차 대피소’로 지정하고, 추가 피해를 막기 위한 초동 대응부터 경찰 인계로 이어지는 긴급 대응 프로세스를 마련한다. 경찰청의 현장 교육 프로그램으로 LG유플러스 보안전문상담사의 역량을 강화해 실질적인 대응 체계도 고도화할 계획이다.고객들의 보이스피싱 인식 개선도 함께한다. 양측은 모든 국민이 보이스피싱 수법과 피해 사례를 인지하고, 예방 수칙을 생활화할 수 있도록 대국민 보안 캠페인을 공동 추진한다. 이를 위해 경찰 전문 인력이 출연한 정보 콘텐츠를 영상, 신문, SNS 등 다양한 채널로 배포하고, 전국 LG유플러스 매장을 찾는 고객에게 예방 안내 자료를 제공하는 등 오프라인 접점 기반 캠페인을 강화한다.홍범식 LG유플러스 대표는 “LG유플러스는 피싱 스미싱 등 통신을 활용한 범죄로부터 고객을 보호함으로써 모두가 안심할 수 있는 밝은세상을 만들기 위해 노력하고 있다”며 “앞으로도 국민이 안심할 수 있는 사회를 만들기 위해 경찰청과 함께 책임 있는 민간 기업의 역할을 다하겠다”고 말했다.박성주 국가수사본부장(왼쪽)과 홍범식 LG유플러스 대표이사가 기념촬영을 하고 있다. (제공=경찰청) *재판매 및 DB 금지"
https://n.news.naver.com/mnews/article/144/0001062462?sid=105,2025-08-24 09:25:10,IT/과학,"LG U+, 경찰청과 보이스피싱 긴급 대응 체계 만든다","LG유플러스가 경찰청과 손잡고 보이스피싱 근절에 나선다.LG유플러스는 경찰청은 지난 22일 서울 용산 LG유플러스 사옥에서 ‘AI 기술 활용 민생범죄 예방을 위한 업무협약’을 체결했다고 24일 밝혔다.LG유플러스가 경찰청과 손잡고 보이스피싱 근절에 나선다. 22일 LG유플러스 용산사옥에서 진행된 MOU에 참석한 홍범식 CEO(오른쪽)와 경찰청 박성주 국가수사본부장.이번 협력을 통해 LG유플러스는 통신 인프라에서 탐지되는 이상 패턴, 악성 앱 제어서버 로그, 의심 문자 착신번호, 중계기 단말 정보 등 보이스피싱 관련 데이터를 제공하고, 경찰청은 이를 자체 범죄 DB 및 수사 정보와 연계해 실시간 대응 체계를 강화할 방침이다.특히 LG유플러스는 AI 앱인 ‘익시오(ixi-O)’의 보이스피싱 탐지 기능을 활용해 확보한 피싱 의심 데이터를 경찰청과 공유함으로써 피싱 범죄에 대한 사전 인지부터 즉각적인 대응, 사후 추적으로 이어지는 체계를 공고히 다질 계획이다.보이스피싱·스미싱 등 피해 고객 보호에도 협력한다. 양측은 LG유플러스 매장을 피해 고객의 ‘1차 대피소’로 지정하고, 추가 피해를 막기 위한 초동 대응부터 경찰 인계로 이어지는 긴급 대응 프로세스를 마련한다. 또한 경찰청의 현장 교육 프로그램으로 LG유플러스 보안전문상담사의 역량을 강화해 실질적인 대응 체계도 고도화할 계획이다.이밖에모든 국민이 보이스피싱 수법과 피해 사례를 인지하고, 예방 수칙을 생활화할 수 있도록 대국민 보안 캠페인을 공동 추진한다.LG유플러스와 경찰청은 보이스피싱에 따른 피해 예방 및 대응을 넘어, 학교폭력·스토킹·다단계 사기 등 다양한 사이버기반 범죄로 협업을 확대해 나갈 방침이다.한편, 이날 LG유플러스는 피싱·스미싱 범죄 예방에 대한 노력을 인정받아 경찰청으로부터 감사장도 수여받았다.조진호 기자 ftw@kyunghyang.com"
https://n.news.naver.com/mnews/article/029/0002977303?sid=105,2025-08-24 09:45:50,IT/과학,"LGU+, 경찰청과 AI 활용 보이스피싱 긴급 대응 체계 만든다","LG유플러스가 경찰청과 손잡고 보이스피싱 근절에 나선다.LG유플러스는 경찰청과 지난 22일 서울 용산 LG유플러스 사옥에서 'AI 기술 활용 민생범죄 예방을 위한 업무협약'을 체결했다고 24일 밝혔다. 보이스피싱 예방 등을 위해 경찰청과 민간 기업이 협업하는 사례는 기존에도 있었지만, 인공지능(AI) 기술을 활용한 협업은 LG유플러스가 국내 통신 사업자 중 유일하다.이번 협업은 보이스피싱을 체계적으로 차단하기 위해 추진됐다. LG유플러스는 통신 인프라에서 탐지되는 이상 패턴, 악성 앱 제어서버 로그, 의심 문자 착신번호, 중계기 단말 정보 등 보이스피싱 관련 데이터를 제공한다. 경찰청은 이를 자체 범죄 데이터베이스(DB) 및 수사 정보와 연계해 실시간 대응 체계를 강화할 방침이다.특히 LG유플러스는 AI 앱인 '익시오'의 보이스피싱 탐지 기능을 활용해 확보한 피싱 의심 데이터를 경찰청과 공유한다. 이를 통해 피싱 범죄에 대한 사전 인지부터 즉각 대응, 사후 추적으로 이어지는 체계를 다질 계획이다.이와 함께 양측은 LG유플러스 매장을 피해 고객의 '1차 대피소'로 지정하고, 추가 피해를 막기 위한 초동 대응부터 경찰 인계로 이어지는 긴급 대응 프로세스를 마련한다. 또한 경찰청의 현장 교육 프로그램으로 LG유플러스 보안전문상담사의 역량을 강화해 실질적인 대응 체계도 고도화할 계획이다.양측은 '대국민 보안 캠페인'도 공동 추진한다. LG유플러스와 경찰청은 보이스피싱에 따른 피해 예방 및 대응을 넘어 학교폭력·스토킹·다단계 사기 등 다양한 사이버기반 범죄로 협업을 확대할 방침이다.홍범식 LG유플러스 대표는 ""앞으로도 국민이 안심할 수 있는 사회를 만들기 위해 경찰청과 함께 책임 있는 민간 기업의 역할을 다하겠다""고 밝혔다.박성주 경찰청 국가수사본부장은 ""보이스피싱 범죄는 개인의 재산적·정신적 피해를 넘어 한 가족을 붕괴하거나 사회 전체의 안전망을 훼손하는 심각한 민생 침해 범죄""라며 ""이번 LG유플러스와의 업무협약이 민관의 협업을 통해 범죄를 예방하는 모범적인 사례가 될 것""이라고 말했다.김나인 기자 silkni@dt.co.kr홍범식(오른쪽) LG유플러스 대표와 박성주 국가수사본부장이 지난 22일 서울 용산의 LG유플러스 사옥에서 업무협약을 맺고 있다. LG유플러스 제공"
https://n.news.naver.com/mnews/article/421/0008444431?sid=105,2025-08-24 10:12:39,IT/과학,"LGU+, AI 기반 보이스피싱 예방…경찰과 대응 전주기 맞손","'익시오'로 피싱 의심데이터 공유…전국 매장 피해고객 대피소LG유플러스는 22일 용산 사옥에서 경찰과 'AI 활용 보이스피싱 예방을 위한 업무협약을 맺었다. 홍범식 LG유플러스 대표(오른쪽)와 박성주 경찰청 국가수사본부장.(LG유플러스 제공)(서울=뉴스1) 윤주영 기자 = LG유플러스(032640)가 경찰청과 손잡고 보이스피싱 근절에 나선다. 피싱·스미싱 예방·차단은 물론, 피해 고객을 지원하는 '현장 대피소' 등 긴급 대응 체계를 구축한다는 계획이다.LG유플러스는 경찰청과 22일 서울 용산 사옥에서 이런 내용으로 '인공지능(AI) 기술 활용 민생범죄 예방을 위한 업무협약'을 체결했다고 24일 밝혔다. 홍범식 LG유플러스 대표와 박성주 경찰청 국가수사본부장 등이 참석했다.AI에 기반해 경찰과 보이스피싱 근절에 나서는 건 국내 통신 사업자 중 회사가 유일하다는 설명이다.특히 이번 협업은 단순 기술 협력이나 정보 공유를 넘어, 보이스피싱을 체계적으로 차단하는 데 주안점을 뒀다.LG유플러스는 △통신 인프라에서 탐지되는 이상 패턴 △악성 애플리케이션(앱) 제어서버 로그 △의심 문자 착신번호 △중계기 단말 정보 등 보이스피싱 관련 데이터를 제공한다. 경찰청은 이를 자체 범죄 데이터베이스(DB) 및 수사 정보와 연계해 실시간 대응 체계를 강화할 방침이다.특히 회사의 AI 앱인 '익시오(ixi-O)'의 보이스피싱 탐지 기능을 통해 확보한 피싱 의심 데이터를 경찰청과 공유한다는 설명이다. 피싱 범죄의 사전 인지부터 즉각 대응, 사후 추적으로 이어지는 체계를 공고히 다질 계획이다.피해 고객 보호에도 협력한다. 양측은 LG유플러스 매장을 피해 고객의 '1차 대피소'로 지정하고, 초동 대응부터 경찰 인계로 이어지는 긴급 대응 프로세스를 마련한다. 또 경찰청의 현장 교육을 통해 LG유플러스 보안 전문상담사의 역량을 강화, 실질적인 대응 체계를 고도화할 계획이다.이들은 고객 보이스피싱 인식 개선에도 힘을 모은다. 모든 국민이 보이스피싱 수법과 피해 사례를 인지하고, 예방 수칙을 생활화할 수 있도록 대국민 보안 캠페인을 공동 추진한다.경찰 전문 인력이 출연한 정보 콘텐츠를 영상·신문·사회관계망서비스(SNS) 등 채널로 배포하는 한편, 전국 LG유플러스 매장을 찾는 고객에게는 예방 안내 자료를 제공한다.이 밖에도 양측은 학교폭력·스토킹·다단계 사기 등 다양한 사이버 기반 범죄로 협업을 확대할 방침이다.한편 회사는 피싱·스미싱 범죄 예방 노력을 인정받아 경찰청으로부터 감사장도 받았다. 경찰은 ""특히 보이스피싱 범죄 예방에 기여한 공이 크다""며 감사의 뜻을 표했다."
https://n.news.naver.com/mnews/article/028/0002762654?sid=105,2025-08-24 10:34:14,IT/과학,‘보이스피싱 의심되면 LGU+ 매장 가세요’…경찰과 대응 체계 구축,"홍범식 엘지(LG)유플러스 대표(오른쪽)와 박성주 경찰청 국가수사본부장이 지난 22일 서울 용산구 엘지유플러스 사옥에서 열린 ‘인공지능(AI) 기술 활용 민생범죄 예방을 위한 업무협약식’에서 기념사진 촬영을 하고 있다. 엘지유플러스 제공엘지(LG)유플러스가 경찰청과 손잡고 인공지능(AI) 기술을 활용한 보이스피싱 근절에 나선다. 전국 1800여개 엘지유플러스 직영점 및 대리점은 보이스피싱·스미싱 피해자를 위한 ‘1차 대피소’로 지정돼 추가 피해를 막기 위한 긴급 대응을 지원할 계획이다.엘지유플러스와 경찰청은 지난 22일 서울 용산구 엘지유플러스 사옥에서 ‘인공지능 기술 활용 민생범죄 예방을 위한 업무협약’을 체결했다고 24일 밝혔다. 이번 협업을 통해 엘지유플러스는 통신 인프라에서 탐지되는 이상 패턴이나 악성 앱 제어서버 로그, 의심 문자 착신번호, 중계기 단말 정보 등 보이스피싱 관련 정보를 제공하고, 경찰청은 이를 범죄 데이터베이스(DB) 및 수사 정보와 연계해 실시간 대응 체계를 강화할 방침이다. 특히 엘지유플러스는 ‘인공지능 통화 비서’ 앱인 ‘익시오’(ixi-O)의 보이스피싱 탐지 기능을 활용해 확보한 피싱 의심 데이터를 경찰청과 공유해 범죄의 사전 인지부터 사후 추적까지 연계하는 체계를 구축한다는 계획이다.엘지유플러스는 또 자사 오프라인 매장에 피해 고객 상담 창구도 마련한다. 가입한 통신사와 관계없이 보이스피싱 피해자가 전국 엘지유플러스 매장을 방문하면 초동 대처부터 경찰 인계까지 원스톱 지원을 하는 ‘현장 대피소’로 역할을 하게 된다. 1800여개 매장에 상주하는 보안전문상담사들도 경찰청 교육 프로그램을 이수해 대응 역량을 강화할 계획이다.한편, 엘지유플러스와 경찰청은 보이스피싱에 따른 피해 예방 및 대응을 넘어 휴대전화를 이용한 학교폭력·스토킹·다단계 사기 등 다양한 사이버 범죄 해결을 위한 협업을 확대해 나갈 방침이다."
https://n.news.naver.com/mnews/article/015/0005174714?sid=105,2025-08-24 16:41:12,IT/과학,"LGU+, 경찰과 보이스피싱 실시간 대응","통신사 첫 경찰청 제휴LG유플러스가 국내 통신사업자 최초로 경찰과 함께 인공지능(AI) 기반 보이스피싱 실시간 대응에 나선다. LG유플러스는 경찰청 국가수사본부와 이 같은 내용의 업무협약(MOU)을 맺었다고 24일 밝혔다. 이번 협약의 핵심은 LG유플러스가 보유한 통신 인프라와 AI 기술을 통해 탐지한 데이터를 경찰에 제공하는 것이다. 이상 패턴, 악성 앱 제어 서버 로그, 의심 문자 착신 번호, 중계기 단말 정보 등이 대표적이다. 경찰은 이 데이터를 범행 데이터베이스(DB)와 수사 정보에 연계해 대응 속도를 높인다는 방침이다.양측의 협력은 지난해부터 시작됐다. 경찰청은 LG유플러스에 범행 DB를 제공했고, LG유플러스는 이를 기반으로 AI 통화 에이전트 서비스 ‘익시오(ixi-O)’를 학습시켰다. 익시오가 탐지·차단한 보이스피싱 의심 데이터를 다시 경찰과 공유해 ‘사전 인지→즉각 대응→사후 추적’으로 이어지는 실시간 대응 체계를 구축했다. 이번 협약엔 피해자 보호 대책도 포함됐다.박성주 경찰청 국수본부장(왼쪽)은 “보이스피싱은 심각한 민생 침해 범죄”라며 “이번 협약이 민관 협업을 통한 범죄 예방의 모범적 사례가 될 것”이라고 강조했다. 홍범식 LG유플러스 사장(오른쪽)은 “국민이 안심할 수 있는 사회를 만들기 위해 경찰청과 함께 책임 있는 민간 기업의 역할을 다하겠다”고 말했다."
https://n.news.naver.com/mnews/article/014/0005395784?sid=105,2025-08-24 18:30:20,IT/과학,"LGU+·경찰청 ""AI기반 보이스피싱 긴급대응"" 맞손","익시오 활용 범죄의심 데이터 공유홍범식 LG유플러스 대표(오른쪽)와 박성주 경찰청 국가수사본부장이 지난 22일 LG유플러스 용산사옥에서 업무협약을 맺은 후 기념촬영하고 있다. LG유플러스 제공LG유플러스와 경찰청은 지난 22일 서울 용산 LG유플러스 사옥에서 'AI 기술 활용 민생범죄 예방을 위한 업무협약'을 체결했다고 24일 밝혔다.보이스피싱 예방 등을 위해 경찰청과 민간 기업이 협업하는 사례는 기존에도 있었지만, 인공지능(AI) 기술을 활용한 협업은 LG유플러스가 국내 통신 사업자 중 유일하다. 이날 협약식에는 LG유플러스 홍범식 대표와 경찰청 박성주 국가수사본부장을 비롯해 주요 임원이 참석했다.이번 협력을 통해 LG유플러스는 통신 인프라에서 탐지되는 이상 패턴, 악성 앱 제어서버 로그, 의심 문자 착신번호, 중계기 단말 정보 등 보이스피싱 관련 데이터를 제공하고, 경찰청은 이를 자체 범죄 데이터베이스(DB) 및 수사 정보와 연계해 실시간 대응 체계를 강화할 방침이다.특히 LG유플러스는 AI 앱인 '익시오(ixi-O)'의 보이스피싱 탐지 기능을 활용해 확보한 피싱 의심 데이터를 경찰청과 공유함으로써 피싱 범죄에 대한 사전 인지부터 즉각적인 대응, 사후 추적으로 이어지는 체계를 공고히 다질 계획이다. 보이스피싱·스미싱 등 피해 고객 보호에도 협력한다.양측은 LG유플러스 매장을 피해 고객의 '1차 대피소'로 지정하고 추가 피해를 막기 위한 초동 대응부터 경찰 인계로 이어지는 긴급 대응 프로세스를 마련한다. 또한 경찰청의 현장 교육 프로그램으로 LG유플러스 보안전문상담사의 역량을 강화해 실질적인 대응 체계도 고도화할 계획이다."
https://n.news.naver.com/mnews/article/417/0001097085?sid=105,2025-08-25 06:00:00,IT/과학,"""보안 업계 1위·벤치마킹 모델 될 것""…홍관희 LGU+ CISO의 청사진","홍관희 LG유플러스 정보보안센터장 인터뷰""통신사 역시 언제든 공격 대상이 될 수 있다""는 위기의식 속에서 LG유플러스는 보안을 회사 운영의 최우선 과제로 삼았다. 사진은 지난 20일 인터뷰를 진행하고 있는 홍관희 LG유플러스 정보보안센터장의 모습. /사진=LG유플러스최근 보안 위협이 갈수록 고도화·지능화하면서 통신사를 겨냥한 공격도 날로 늘어나고 있다. 고객 개인정보와 통신망은 물론, 수많은 협력사까지 얽혀 있어 피해가 발생하면 그 파급력이 크다. ""통신사 역시 언제든 공격 대상이 될 수 있다""는 위기의식 속에서 LG유플러스는 보안을 회사 운영의 최우선 과제로 삼았다.이 같은 변화의 중심에는 홍관희 LG유플러스 정보보안센터장이 있다. 통신·금융·IT 전반을 아우른 25년 경력의 보안 전문가인 그는 2023년 6월 LG유플러스의 정보보호 최고책임자(CISO)로 합류한 뒤 보안 거버넌스 체계부터 재정비했다. 그는 LG유플러스의 보안 혁신을 개별 기업 차원을 넘어 사회 전반의 보안 문화를 끌어올리는 촉매제로 확산시키는 것을 목표로 하고 있다.━""고객이 체감할 보안 투자""… 스팸·피싱 원스톱 대응━홍 센터장은 통신사가 해킹의 주요 표적이 될 수 있으며 그 위험도 역시 크다고 강조했다. 사진은 홍 센터장이 인터뷰를 진행하고 있는 모습. /사진=LG유플러스 제공홍 센터장은 지난 20일 서울 LG유플러스 마곡 사옥에서 진행한 인터뷰에서 SK텔레콤 해킹 사태, 예스24 랜섬웨어 공격, 서울보증보험 해킹 등 최근 동시다발적으로 발생한 국내 해킹 사고에 대해 ""언제든 LG유플러스에도 일어날 수 있다는 위기감을 가지고 있다""고 했다.홍 센터장은 통신사가 해킹의 주요 표적이 될 수 있으며 그 위험도 역시 크다고 강조했다. 그는 ""개인정보만 노린다면 온라인 업체 몇 곳을 해킹하는 것이 훨씬 쉽다""며 ""통신사가 표적이 되는 이유는 휴대폰이 24시간 손에 쥐어져 있는 기기이기 때문""이라고 설명했다. 통신사가 보유한 위치 정보, 통화 이력, 본인확인 서비스 데이터 등은 최신성이 높아 공격 가치가 크다는 것이다.이처럼 높아지는 보안 위협 속, LG유플러스는 지난 13일 국내 정보보호 분야 최고 권위의 시상식인 '제24회 정보보호 대상'을 수상했다. 그 비결에 대해 홍관희 센터장은 '보안 거버넌스 강화'를 통한 보안 실행력 제고를 첫손에 꼽았다.홍 센터장은 ""2023년 보안사고 이후에 노력해온 것들과 좋아지고 있는 것에 대해 밖에서 인정해주시는 것이 있고 구축한 거버넌스 등은 타사에서 벤치마킹하는 것도 있다""고 전했다.2023년 대규모 보안 사고 이후 LG유플러스는 최고경영자(CEO) 직속 조직인 정보보안센터를 신설하고 매주 CEO가 주재하는 보안 회의를 정례화하는 등 근본적 체질 개선에 나섰다. 홍 센터장은 ""경영 회의와는 별도로 최고재무책임자(CFO) 조직과 2주에 한 번 정례 미팅을 갖고 보안·품질·안전을 3대 기본기로 삼아 '기본기 회의'도 매주 진행한다. 경영 회의가 취소되더라도 기본기 회의는 반드시 열린다""고 설명했다.컨트롤타워 강화를 위해 인력과 예산도 대폭 확대했다. 지난해 정보보호 예산을 전년 대비 30% 늘린 828억원을 집행했고 전담 인력도 157명에서 293명으로 두 배 가까이 확대했다. 홍 센터장은 ""올해도 보안에 1200억원 이상을 투입할 계획이며 앞으로 매년 20~30%씩 확대할 계획""이라고 했다.LG유플러스가 특히 공을 들이는 분야는 보이스피싱과 스팸 차단이다. 늘어나는 보안 위협 속에서 고객이 체감할 수 있는 보안 투자를 강화하고 이를 통해 고객의 신뢰를 얻기 위한 전략이다. 홍 센터장은 ""보안 투자에 수천억원을 썼다고 해도 고객이 느끼지 못하면 의미가 없다""며 ""LG유플러스는 보이스피싱과 스팸 차단을 보안조직이 직접 맡아 원스톱으로 대응하는 유일한 통신사""라고 설명했다.이 같은 노력은 실제 성과로 이어지고 있다. LG유플러스는 국내 통신사 가운데 유일하게 보이스피싱·스미싱 조직이 운영하는 악성 앱 서버를 추적·분석해 지난 2분기(4~6월) 경찰에 접수된 보이스피싱 사건 중 약 23%가 LG유플러스가 추적해 전달한 정보에서 비롯됐다. 또 인공지능(AI) 기반 통화 보안 서비스 '익시오'(IXIO)는 통화 내용을 실시간으로 감지해 지난해 11월 출시 이후 매달 2000여건의 보이스피싱 의심 전화를 탐지하고 있다.━""보안 1위 목표…LG유플러스처럼 하니까 된다는 보안 대표 사례 될 것""━홍 센터장은 통신사 간 협력과 정부 주도의 정보 공유 체계, 즉 민관협동 정보보안 협의체 구축의 필요성을 강조했다. 사진은 20일 인터뷰를 진행하고 있는 홍관희 센터장의 모습. /사진=LG유플러스하지만 보안 수준을 높여가는 길이 순탄치만은 않다. 특히 보안 인력 부족은 업계 공통의 어려움이다. 그는 ""몇 달째 충원하지 못한 솔루션 담당 직무가 있을 정도로 인재 확보가 쉽지 않다""며 ""최근 디지털 전환 가속화와 잇따른 보안 사고로 보안 인력 수요는 늘고 있지만 과거부터 보안 인재가 충분히 배출되지 못하고 있다""고 토로했다.LG유플러스는 이에 대응해 자체 인력 파이프라인을 구축하고 있다. 홍 센터장은 ""숭실대와 함께 학과를 운영해 매년 20명씩 선발하고 있으며 이들이 졸업하면 바로 보안 현장에 투입할 수 있다""며 ""숭실대 외에도 추가로 학부생들을 지원하면서 졸업 후 채용으로 연결하는 방안을 추진 중""이라고 말했다.이 밖에도 현행 제도의 한계도 지적했다. 그는 ""통신사가 악성 사이트나 보이스피싱 IP를 발견해도 자체적으로 차단할 법적 근거가 없어 반드시 KISA를 거쳐야 한다""며 ""공문이나 메일 절차를 밟는 동안 피해자가 발생할 수 있다""고 말했다. 시급성이 중요한 보안 대응에서 이 같은 절차적 제약은 신속한 차단을 가로막는 요인이라는 설명이다.이에 홍 센터장은 통신사 간 협력과 정부 주도의 정보 공유 체계, 즉 민관협동 정보보안 협의체 구축의 필요성을 강조했다. 그는 ""보이스피싱 감염 고객이나 악성코드 관리자 페이지를 찾아내면 다른 통신사 고객 정보도 얽혀 있을 수 있는데 이런 부분을 타 통신사, 정부와 함께 실시간으로 공유할 수 있는 협의체가 필요하다""고 말했다.미국과 유럽은 금융·통신·에너지 등 주요 산업별로 사이버 위협 정보를 공유하는 ISAC(Information Sharing and Analysis Center) 체계가 있다. 이를 통해 차단 IP, 악성 도메인, 공격 패턴 등이 실시간 공유돼 선제 대응이 가능하다. 최근 국내에서도 정부 주도의 움직임이 가시화되고 있다.홍 센터장은 ""최근 통신사와의 간담회에서 정부 차원에서 협의체를 만들어보자는 말씀을 주셨기 때문에 조만간 만들어질 것이라 생각한다""며 ""통신사로 들어오는 공격 패턴, 정부 측에서 파악한 패턴 등을 실시간 공유할 수 있는 체계가 있다면 대응과 추가 피해 예방이 더 용이해질 것""이라고 했다.LG유플러스의 CISO로서 홍 센터장이 그리는 LG유플러스의 청사진은, 개별 기업을 넘어 사회 전체의 보안 문화를 끌어올리는 촉매제가 되는 것이다. 그는 ""LG유플러스가 통신 시장 3위 사업자이더라도 보안만큼은 가장 잘하는 업계 1위가 되자는 것이 가장 큰 목표""라며 ""LG유플러스처럼 하니까 보이스피싱도 줄고 보안사고도 줄어들었다는 다른 기업들의 '벤치마킹 모델'이 되고 이를 통해 보안 문화가 사회 전반으로 퍼져나가는 것이 목표""라고 했다."
https://n.news.naver.com/mnews/article/277/0005641276?sid=105,2025-08-25 06:00:00,IT/과학,"[인터뷰]""LG U+, 보안 1등 회사 만들 것…민관협력도 중요""","홍관희 LG유플러스 정보보안센터장 인터뷰합류 후 보안조직 강화…CEO 직속으로보안 투자도 늘려…향후 5년간 7000억 투자""보이스피싱 예방, 민관합동 대응 중요…협의체 필요""""LG유플러스가 이동통신 시장 3위 사업자이지만, 보안은 가장 잘하는 1위가 되는 게 제 목표입니다. 보안만큼은 다른 기업에서 벤치마킹하는 회사가 됐으면 합니다.""홍관희 LG유플러스 정보보안센터장(CISO·CPO, 전무)은 지난 20일 서울 강서구 LG유플러스 마곡 사옥에서 진행된 아시아경제와의 인터뷰에서 보안 책임자로서 목표에 대해 이렇게 말했다.홍관희 LG유플러스 정보보안센터장(CISO·CPO, 전무)가 지난 20일 서울 강서구 LG유플러스 마곡 사옥에서 아시아경제와 인터뷰하고 있다. LG유플러스 제공홍 센터장은 정보보호와 보안 분야에서 경력을 쌓아온 보안 전문가다. 넥슨에서 정보보호실장을 역임한 뒤 삼성카드와 쿠팡에서 최고정보보호책임자(CISO)직을 맡았다. LG유플러스에는 2023년 7월에 합류해 개인정보 보호와 보안 전반을 이끌고 있다.홍 센터장은 LG유플러스에 합류한 직후 보안 조직에 힘을 싣는 것부터 시작했다. 그는 ""보안 거버넌스를 구축하는 것부터 출발했다""며 ""CEO 주재로 매주 열리는 경영회의와 기본기(보안·품질·안전) 점검 회의에 직접 참여하는데, 경영회의가 취소되더라도 안전점검 회의는 매주 열리고 있다""고 설명했다.최근 LG유플러스는 과학기술정보통신부가 주최하고 한국정보보호산업협회(KISIA)가 주관하는 정보보호 대상에서 최고상인 대상을 수상했다. 올해로 24회째인 이번 시상식에서는 LG유플러스를 포함해 두 곳의 기업이 대상을 받았는데, 통신업계 가운데 대상 수상 기업은 LG유플러스가 유일하다.이처럼 LG유플러스가 보안 조직을 강화한 건 정보유출 사고라는 뼈아픈 교훈이 있었기 때문이다. 지금으로부터 2년여 전인 2023년 1월경 해킹 피해를 입으면서 약 30만건에 달하는 고객 정보가 다크웹과 같은 불법 거래 사이트로 유출됐다. 홍 전무가 LG유플러스에 합류한 것도 보안사고가 발생한 뒤 얼마 지나지 않아서였다. 그의 합류 이후 LG유플러스는 CISO 조직을 최고경영자(CEO) 직속으로 뒀다.이를 교훈 삼아 보안 관련 투자도 매년 늘려가고 있다. 사고 이전까지 매년 200억~400억원 수준이던 보안 투자 금액을 지난해 800억원 수준까지 증액했고, 올해는 1200억원까지 늘릴 예정이다. LG유플러스가 향후 5년간 정보보호 분야에 투자 예정인 금액은 7000억원에 달한다. 홍 센터장은 ""보안은 투자액이 중요한 게 아니라 투자한 걸 얼마나 잘 사용하고 있고 꼼꼼하게 챙기느냐가 더 중요하다""면서 ""사이버 공격 트렌드에 맞게 보안 장비가 최신화됐는지, 보안 인력들의 역량이 갖춰져 있는지도 중요한 문제""라고 강조했다.홍관희 LG유플러스 정보보안센터장(CISO·CPO, 전무)가 지난 20일 서울 강서구 LG유플러스 마곡 사옥에서 아시아경제와 인터뷰하고 있다. LG유플러스 제공보안 분야에서 LG유플러스가 최근 집중적으로 역량을 발휘한 곳은 보이스피싱과 스팸 문자다. 홍 센터장은 ""AI 에이전트 '익시오'로 실시간 탐지되는 보이스피싱 건수가 월 2000여건 정도""라면서 ""악성 앱을 설치한 고객에게 발송하는 악성 앱 감염 알림톡 서비스도 지난달 4500여명에게 발송됐다""고 설명했다.보이스피싱 문제는 이동통신사 한 곳의 노력만으로는 해결하기 어렵다. 홍 전무가 지난달 말 기자간담회서 민관합동 정보보안 협의체의 구성을 제안한 이유다. 홍 센터장은 ""최근 배경훈 과학기술정보통신부 장관과 통신사간 간담회에서 정부 차원에서 협의체를 만들어보자는 말씀을 하셨기에 조만간 (협의체가) 만들어질 것이라고 생각한다""며 ""통신사로 들어오는 공격 패턴과 정부 측에서 파악한 패턴 등을 실시간 공유할 수 있는 체계가 있다면 대응과 추가 피해 예방이 더 용이해질 것""이라고 강조했다.해킹 피해를 막기 위한 훈련도 주기적으로 시행 중이다. 올해 초 발생했던 타 통신사의 대규모 정보 유출 사고에 더해 랜섬웨어 사고도 최근 빈번하게 발생하고 있는데, 실제 해킹 공격에 준하는 훈련을 통해 위협 대응 능력을 키우고 있다. 홍 센터장은 ""최근에 사례들을 보면서 우리에게도 언제든지 발생할 수 있는 일이라고 생각했다""면서 ""지난 4월에도 개인정보 유출 모의 훈련을 했는데, 올해 하반기나 내년에도 훈련을 진행해보려 한다""고 말했다.이동통신 서비스 이용자들이 지켜야 할 보안 수칙에 대해서는 의심스러운 문자 링크를 누르지 않는 것과 비밀번호 관리, 인증정보 관리 등을 제시했다. 홍 센터장은 ""보이스피싱 문자는 의심을 생활화해야 한다. 우리 직원들에게 부고문자로 위장한 악성 문자로 스미싱 훈련을 했는데, 생각 외로 많이 속으셨다""면서 ""인증정보 역시 비밀번호를 통일해서 쓰는 것보다는 암호화를 강화한 비밀번호를 자동 생성해서 저장해주는 솔루션이 있는데, 이를 이용하는 것을 추천한다""고 조언했다."
https://n.news.naver.com/mnews/article/422/0000774065?sid=101,2025-08-25 06:06:11,경제,"경찰청·LGU+, AI 활용 보이스피싱 공동 대응","경찰청과 LG유플러스는 지난 22일 서울 용산 LG유플러스 사옥에서 ‘AI 기술 활용 민생범죄 예방을 위한 업무협약’을 체결했다고 밝혔습니다.이번 협력을 통해 LG유플러스는 통신 인프라에서 탐지되는 이상 패턴, 의심 문자 착신번호 등 보이스피싱 관련 데이터를 제공하고, 경찰청은 이를 자체 범죄 데이터베이스(DB) 및 수사 정보와 연계해 실시간 대응 체계를 강화할 방침입니다.박성주 경찰청 국가수사본부장은 “보이스피싱 범죄는 사회 전체의 안전망을 훼손하는 심각한 민생 침해 범죄""라고 말했고, 홍범식 LG유플러스 대표는 “국민이 안심할 수 있는 사회를 만들기 위해 책임 있는 민간 기업의 역할을 다하겠다”고 밝혔습니다.#AI #경찰청 #LG유플러스 #보이스피싱연합뉴스TV 기사문의 및 제보 : 카톡/라인 jebo23"
https://n.news.naver.com/mnews/article/008/0005240231?sid=105,2025-08-25 09:00:00,IT/과학,"LGU+, '익시오'로 노년층 보이스피싱 예방 나선다","LG유플러스 용산사옥에서 정철 LG유플러스 컨슈머영업그룹장(상무)(왼쪽)과 박노숙 한국노인종합복지관협회장이 업무협약식을 진행하는 모습. /사진=LG유플러스LG유플러스가 한국노인종합복지관협회와 시니어 대상 보이스피싱·스미싱 예방 교육에 나선다.LG유플러스는 오는 9월부터 전국 28개 노인복지관에 이스피싱·스미싱 관련 교육을 이수한 직원을 파견한다. AI 통화앱 '익시오(ixi-O)'를 교육에 활용한다. 시니어 고객들은 AI 기술을 활용해 위·변조 음성을 판별하고 보이스피싱 위험을 줄이는 익시오의 안티딥보이스(Anti-DeepVoice) 기능 안내와 시연을 통해 보이스피싱 범죄 수법을 이해하고 피해 예방 방법을 익힐 수 있다. 이밖에도 △주요 보이스피싱 수법과 예방 수칙 안내 △스마트폰 활용법 1:1 실습 등도 제공할 계획이다.LG유플러스는 보이스피싱 예방 교육을 두 차례 실시한 결과, 참여한 시니어 고객의 97%가 만족했다고 응답했다. 앞으로 교육과정을 심화하고 더 많은 복지관과 협업해 전국 단위로 교육을 확대할 계획이다.정철 LG유플러스 컨슈머영업그룹장(상무)은 ""고령층에서 보이스피싱 피해가 빈번하게 발생하는 만큼 피해를 예방하고 통신사의 사회적 책임을 다하기 위해 교육을 실시하게 됐다""며 ""앞으로도 다양한 프로그램을 개발해 보안에 진심인 통신사가 되겠다""고 말했다.박노숙 한국노인종합복지관협회장은 ""그간 노인복지관에서 보이스피싱 예방에 초점을 맞춘 교육을 진행하는 경우는 드물었다""며 ""앞으로도 LG유플러스와 지속적으로 협력해 고령층 보이스피싱 피해를 줄이는 데 기여할 것""이라고 말했다."
https://n.news.naver.com/mnews/article/003/0013439497?sid=105,2025-08-25 09:00:00,IT/과학,"LGU+, 시니어 고객 맞춤형 보이스피싱·스미싱 예방 교육","보이스피싱·스미싱 관련 교육 이수 직원 파견지역별 노인복지관서 익시오 활용 실습 교육[서울=뉴시스]박은비 기자 = LG유플러스는 한국노인종합복지관협회와 손잡고 시니어 대상 보이스피싱·스미싱 예방 교육에 나선다고 25일 밝혔다.이번 협약은 보이스피싱에 취약한 시니어 고객이 스스로 위험을 인지하고 예방할 수 있도록 관련 교육을 제공하기 위해 체결됐다. 경찰청에 따르면 올해 상반기 보이스피싱 피해자는 총 1만2339명으로 이 가운데 3800명(30.8%)이 60대 이상으로 조사됐다.복지관협회는 전국 350여개 노인복지관을 회원으로 둔 단체다. 약 300만명의 회원이 등록돼 있으며, 60세 이상 노인을 대상으로 여가·교육·상담·돌봄 등 복지서비스를 제공하고 있다.LG유플러스는 복지관협회와 함께 전국에 위치한 28개 노인복지관을 중심으로 보이스피싱 피해 예방 교육을 다음달부터 순차적으로 진행한다. 보이스피싱과 스미싱 관련 교육을 이수한 직원을 지역별 노인복지관에 파견하는 방식이다.이들 직원은 현장 대응 경험을 바탕으로 실습 중심 교육을 제공할 예정이다. 복지관협회는 교육 참여자를 모집하고 현장 운영을 지원하는 역할을 맡는다.특히 LG유플러스는 인공지능(AI) 통화애플리케이션(앱) '익시오(ixi-O)'를 교육에 활용할 방침이다. 시니어 고객들이 AI 기술을 활용해 위·변조 음성을 판별하고 보이스피싱 위험을 줄이는 익시오의 안티딥보이스 기능 안내와 시연으로 보이스피싱 범죄 수법을 쉽게 이해하고 피해를 예방할 수 있다는 게 회사 설명이다.이외에도 주요 보이스피싱 수법과 예방 수칙 안내, 스마트폰 활용법 일대일 실습 등도 제공하기로 했다. 앞서 LG유플러스가 두차례 시범 교육을 실시한 결과 참여한 시니어 고객 97%가 만족한다고 응답한 것으로 조사됐다.LG유플러스는 향후 교육 과정을 심화해 시니어 고객이 생활에서 바로 실천할 수 있는 대응법을 익힐 수 있게 꾸준히 지원하는 동시에 더 많은 복지관과 협업해 전국 단위 교육을 확대할 방침이다.정철 LG유플러스 컨슈머영업그룹장(상무)은 ""고령층에서 보이스피싱 피해가 빈번하게 발생하는 만큼 피해를 예방하고 통신사의 사회적 책임을 다하기 위해 교육을 실시하게 됐다""며 ""앞으로도 다양한 프로그램을 개발해 보안에 진심인 통신사가 되겠다""고 말했다.한편 LG유플러스는 전국 1800여개 매장을 'U+보안전문매장'으로 운영하며 보안 전문 상담사를 배치해 현장에서 고객을 지원하고 있다."
https://n.news.naver.com/mnews/article/016/0002518664?sid=105,2025-08-25 09:01:09,IT/과학,"“어르신들, 익시오로 보이스피싱 예방법 배우세요” LGU+, 시니어 대상 보이스피싱 예방 교육","한국노인종합복지관협회와 MOU 체결시니어 고객에 AI 통화앱 ‘익시오’ 통한 실습 중심 교육 제공LG유플러스 용산사옥에서 정철(왼쪽) LG유플러스 컨슈머영업그룹장(상무)과 박노숙 한국노인종합복지관협회장이 업무협약식을 진행하고 기념 촬영을 하는 모습. [LG유플러스 제공][헤럴드경제=박혜림 기자] 최근 보이스피싱·스미싱 피해가 갈수록 높아지는 가운데, LG유플러스가 노인들을 대상으로 인공지능(AI) 기술을 활용한 디지털 범죄 예방 교육에 나섰다.LG유플러스는 시니어 대상 보이스피싱·스미싱 예방 교육을 위해 한국노인종합복지관협회와 ‘시니어 디지털 밝은 세상 만들기’ 업무협약을 체결했다고 25일 밝혔다.한국노인종합복지관협회는 전국 350여 개 노인복지관을 회원으로 둔 단체다. 약 300만 명의 노인 회원이 등록돼 있으며, 60세 이상 노인을 대상으로 여가·교육·상담·돌봄 등 복지서비스를 제공한다. LG유플러스는 복지관협회와 함께 전국에 위치한 28개 노인복지관을 중심으로 보이스피싱 피해 예방 교육을 진행할 계획이다.이번 협약은 보이스피싱에 취약한 시니어 고객이 스스로 위험을 인지하고 예방할 수 있도록 관련 교육을 제공하기 위해 체결됐다. 실제로 경찰청에 따르면 올해 상반기 보이스피싱 피해자는 총 1만2339명으로, 이 가운데 3800명(30.8%)이 60대 이상으로 조사됐다.LG유플러스는 보이스피싱 예방 교육에 자사 AI 통화앱 ‘익시오(ixi-O)’를 활용할 방침이다. 시니어 고객들에게 AI 기술을 활용해 위·변조 음성을 판별하고 보이스피싱 위험을 줄이는 익시오의 안티딥보이스(Anti-DeepVoice) 기능을 소개한다. 또 시연을 통해 보이스피싱 범죄 수법을 쉽게 이해하고 피해를 사전에 예방하는 방법을 가르치겠다는 계획이다. LG유플러스는 이밖에도 ▷주요 보이스피싱 수법과 예방 수칙 안내 ▷스마트폰 활용법 1:1 실습 등도 제공할 계획이다.사전 보이스피싱 예방 교육에 대한 참여자들의 반응은 긍정적이다. LG유플러스가 두 차례 시범 교육을 실시한 결과, 참여한 시니어 고객의 97%가 만족했다고 응답했다.보이스피싱 예방 교육은 9월부터 순차적으로 진행된다. LG유플러스는 보이스피싱·스미싱 관련 교육을 이수한 직원을 지역별 노인복지관에 파견한다. 이들은 현장 대응 경험을 바탕으로 실습 중심 교육을 제공할 예정이다. 복지관협회는 교육 참여자를 모집하고 현장 운영을 지원하는 역할을 맡는다.LG유플러스는 향후 교육 과정을 심화해 시니어 고객이 생활에서 바로 실천할 수 있는 대응법을 익히도록 꾸준히 지원하는 것은 물론, 더 많은 복지관과 협업해 전국 단위로 교육을 확대할 계획이다.정철 LG유플러스 컨슈머영업그룹장(상무)은 “고령층에서 보이스피싱 피해가 빈번하게 발생하는 만큼 피해를 예방하고 통신사의 사회적 책임을 다하기 위해 교육을 실시하게 됐다”며 “앞으로도 다양한 프로그램을 개발해 보안에 진심인 통신사가 되겠다”고 말했다.박노숙 복지관협회장은 “그간 노인복지관에서 보이스피싱 예방에 초점을 맞춘 교육을 진행하는 경우는 드물었다”며 “앞으로도 LG유플러스와 지속적으로 협력해 고령층 보이스피싱 피해를 줄이는 데 기여할 것”이라고 말했다."
https://n.news.naver.com/mnews/article/119/0002994447?sid=105,2025-08-25 09:01:12,IT/과학,"LG U+, 시니어 고객 위한 보이스피싱 예방 교육 나서","한국노인종합복지관협회와 MOULG유플러스 용산사옥에서 정철 LG유플러스 컨슈머영업그룹장(상무)(왼쪽)과 박노숙 한국노인종합복지관협회장이 업무협약식을 진행하고 기념 촬영을 하는 모습.ⓒLG유플러스[데일리안 = 조인영 기자] LG유플러스는 한국노인종합복지관협회와 손잡고 시니어 대상 보이스피싱·스미싱 예방 교육에 나선다고 25일 밝혔다.이번 협약은 보이스피싱에 취약한 시니어 고객이 스스로 위험을 인지하고 예방할 수 있도록 관련 교육을 제공하기 위해 체결됐다. 실제로 경찰청에 따르면 올해 상반기 보이스피싱 피해자는 총 1만2339명으로, 이 가운데 3800명(30.8%)이 60대 이상으로 조사됐다.한국노인종합복지관협회(이하 복지관협회)는 전국 350여개 노인복지관을 회원으로 둔 단체로 약 300만명의 노인 회원이 등록돼 있으며, 60세 이상 노인을 대상으로 여가·교육·상담·돌봄 등 복지서비스를 제공한다.LG유플러스는 복지관협회와 함께 전국에 위치한 28개 노인복지관을 중심으로 보이스피싱 피해 예방 교육을 진행할 계획이다.보이스피싱 예방 교육은 9월부터 순차적으로 진행된다. LG유플러스는 보이스피싱·스미싱 관련 교육을 이수한 직원을 지역별 노인복지관에 파견한다. 이들은 현장 대응 경험을 바탕으로 실습 중심 교육을 제공할 예정이다. 복지관협회는 교육 참여자를 모집하고 현장 운영을 지원하는 역할을 맡는다.특히 LG유플러스는 AI 통화앱 ‘익시오(ixi-O)’를 교육에 활용할 방침이다. 시니어 고객들은 AI 기술을 활용해 위·변조 음성을 판별하고 보이스피싱 위험을 줄이는 익시오의 안티딥보이스(Anti-DeepVoice) 기능 안내와 시연을 통해 보이스피싱 범죄 수법을 쉽게 이해하고 피해를 사전에 예방하는 방법을 익힐 수 있다.이밖에도 LG유플러스는 ▲주요 보이스피싱 수법과 예방 수칙 안내 ▲스마트폰 활용법 1:1 실습 등도 제공할 계획이다.보이스피싱 예방 교육에 대한 참여자들의 반응도 긍정적이다. LG유플러스는 두 차례 시범 교육을 실시한 결과, 참여한 시니어 고객의 97%가 만족했다고 응답하는 등 성과를 거둔 바 있다. 이 같은 성과를 바탕으로 LG유플러스는 시니어 고객 대상 교육을 지속하기로 했다.향후 LG유플러스는 교육 과정을 심화해 시니어 고객이 생활에서 바로 실천할 수 있는 대응법을 익히도록 꾸준히 지원하는 것은 물론, 더 많은 복지관과 협업해 전국 단위로 교육을 확대할 계획이다.정철 LG유플러스 컨슈머영업그룹장(상무)은 “고령층에서 보이스피싱 피해가 빈번하게 발생하는 만큼 피해를 예방하고 통신사의 사회적 책임을 다하기 위해 교육을 실시하게 됐다”며 “앞으로도 다양한 프로그램을 개발해 보안에 진심인 통신사가 되겠다”고 말했다.박노숙 한국노인종합복지관협회장은 “그간 노인복지관에서 보이스피싱 예방에 초점을 맞춘 교육을 진행하는 경우는 드물었다”며 “앞으로도 LG유플러스와 지속적으로 협력해 고령층 보이스피싱 피해를 줄이는 데 기여할 것”이라고 전했다."
https://n.news.naver.com/mnews/article/014/0005395925?sid=105,2025-08-25 09:05:11,IT/과학,"LG U+, 시니어 고객 대상 보이스피싱 예방 교육 나선다","정철 LG유플러스 컨슈머영업그룹장(상무)(왼쪽)과 박노숙 한국노인종합복지관협회장이 LG유플러스 용산사옥에서 업무협약을 맺고 기념 촬영을 하고 있다. LG유플러스 제공LG유플러스가 한국노인종합복지관협회와 손잡고 시니어 대상 보이스피싱·스미싱 예방 교육에 나선다고 25일 밝혔다.이번 협약은 보이스피싱에 취약한 시니어 고객이 스스로 위험을 인지하고 예방할 수 있도록 관련 교육을 제공하기 위해 체결됐다. 실제로 경찰청에 따르면 올해 상반기 보이스피싱 피해자는 총 1만2339명으로, 이 가운데 3800명(30.8%)이 60대 이상으로 조사됐다.한국노인종합복지관협회는 전국 350여개 노인복지관을 회원으로 둔 단체로 약 300만 명의 노인 회원이 등록돼 있으며, 60세 이상 노인을 대상으로 여가·교육·상담·돌봄 등 복지서비스를 제공한다. LG유플러스는 복지관협회와 함께 전국에 위치한 28개 노인복지관을 중심으로 보이스피싱 피해 예방 교육을 진행할 계획이다.보이스피싱 예방 교육은 다음달부터 순차적으로 진행된다. LG유플러스는 보이스피싱·스미싱 관련 교육을 이수한 직원을 지역별 노인복지관에 파견한다. 이들은 현장 대응 경험을 바탕으로 실습 중심 교육을 제공할 예정이다. 복지관협회는 교육 참여자를 모집하고 현장 운영을 지원하는 역할을 맡는다.특히 LG유플러스는 인공지능(AI) 통화앱 ‘익시오(ixi-O)’를 교육에 활용할 방침이다. 시니어 고객들은 AI 기술을 활용해 위·변조 음성을 판별하고 보이스피싱 위험을 줄이는 익시오의 안티딥보이스 기능 안내와 시연을 통해 보이스피싱 범죄 수법을 쉽게 이해하고 피해를 사전에 예방하는 방법을 익힐 수 있다. 이밖에도 LG유플러스는 △주요 보이스피싱 수법과 예방 수칙 안내 △스마트폰 활용법 1:1 실습 등도 제공할 계획이다.보이스피싱 예방 교육에 대한 참여자들의 반응도 긍정적이다. LG유플러스는 두 차례 시범 교육을 실시한 결과 참여한 시니어 고객의 97%가 만족했다고 응답하는 등 성과를 거둔 바 있다. 이 같은 성과를 바탕으로 LG유플러스는 시니어 고객 대상 교육을 지속하기로 했다.향후 LG유플러스는 교육 과정을 심화해 시니어 고객이 생활에서 바로 실천할 수 있는 대응법을 익히도록 꾸준히 지원하는 것은 물론 더 많은 복지관과 협업해 전국 단위로 교육을 확대할 계획이다.정철 LG유플러스 컨슈머영업그룹장(상무)은 “고령층에서 보이스피싱 피해가 빈번하게 발생하는 만큼 피해를 예방하고 통신사의 사회적 책임을 다하기 위해 교육을 실시하게 됐다”며 “앞으로도 다양한 프로그램을 개발해 보안에 진심인 통신사가 되겠다”고 말했다.박노숙 한국노인종합복지관협회장은 “그간 노인복지관에서 보이스피싱 예방에 초점을 맞춘 교육을 진행하는 경우는 드물었다”며 “앞으로도 LG유플러스와 지속적으로 협력해 고령층 보이스피싱 피해를 줄이는 데 기여할 것”이라고 밝혔다."
https://n.news.naver.com/mnews/article/421/0008445378?sid=105,2025-08-25 09:06:48,IT/과학,"LGU+, '익시오'로 어르신 보이스피싱 예방 교육","한국노인종합복지관협회와 MOU…찾아가는 시니어 고객 교육 제공LG유플러스 용산사옥에서 정철 LG유플러스 컨슈머영업그룹장(상무)(왼쪽)과 박노숙 한국노인종합복지관협회장이 업무협약식을 진행하고 기념 촬영을 하는 모습. (LGU+ 제공)(서울=뉴스1) 이기범 기자 = LG유플러스(032640)는 한국노인종합복지관협회와 노년층 대상 보이스피싱·스미싱 예방 교육 업무협약(MOU)을 체결했다고 25일 밝혔다.이번 협약은 보이스피싱에 취약한 시니어 고객이 스스로 피해를 예방할 수 있도록 관련 교육을 제공하기 위해 체결됐다.실제 경찰청에 따르면 올해 상반기 보이스피싱 피해자 총 1만 2339명 중 3800명(30.8%)이 60대 이상인 것으로 집계됐다.LG유플러스는 전국 350여개 노인복지관과 약 300만 명의 노인을 회원으로 둔 한국노인종합복지관협회와 함께 전국 28개 노인복지관을 중심으로 9월부터 순차적으로 보이스피싱 피해 예방 교육을 진행한다.이번 교육에는 LG유플러스 인공지능(AI) 통화앱 '익시오'(ixi-O)가 활용된다. 고령층 고객들은 AI를 통해 위변조 음성을 판별해 보이스피싱 위험을 줄이는 기능을 통해 피해 예방법을 익히게 된다. △주요 보이스피싱 수법과 예방 수칙 안내 △스마트폰 활용법 1:1 실습 등도 제공한다.정철 LG유플러스 컨슈머영업그룹장(상무)은 ""고령층에서 보이스피싱 피해가 빈번하게 발생하는 만큼 피해를 예방하고 통신사의 사회적 책임을 다하기 위해 교육을 실시하게 됐다""며 ""앞으로도 다양한 프로그램을 개발해 보안에 진심인 통신사가 되겠다""고 말했다.박노숙 한국노인종합복지관협회장은 ""그간 노인복지관에서 보이스피싱 예방에 초점을 맞춘 교육을 진행하는 경우는 드물었다""며 ""앞으로도 LG유플러스와 지속적으로 협력해 고령층 보이스피싱 피해를 줄이는 데 기여할 것""이라고 말했다."
https://n.news.naver.com/mnews/article/018/0006098057?sid=105,2025-08-25 09:17:09,IT/과학,"LGU+, 60대 이상 보이스피싱 집중 예방 교육 진행","한국노인종합복지관협회와 MOU 체결전국 시니어 고객 위해 찾아가는 교육 제공AI 통화앱 ‘익시오’ 활용해 실습 중심 교육[이데일리 윤정훈 기자]LG유플러스(032640)가 한국노인종합복지관협회와 손잡고 시니어 대상 보이스피싱·스미싱 예방 교육에 나선다.LG유플러스가 한국노인종합복지관협회와 손잡고 시니어 대상 보이스피싱·스미싱 예방 교육에 나선다. 사진은 LG유플러스 용산사옥에서 정철 LG유플러스 컨슈머영업그룹장(상무)(왼쪽)과 박노숙 한국노인종합복지관협회장이 업무협약식에서 기념촬영을 하고 있다(사진=LG유플러스)LG유플러스는 한국노인종합복지관협회와 업무협약을 체결하고 보이스피싱에 취약한 시니어 고객이 스스로 위험을 인지하고 예방할 수 있도록 관련 교육을 제공한다고 25일 밝혔다.보이스피싱 예방 교육은 9월부터 순차적으로 진행된다. LG유플러스는 보이스피싱·스미싱 관련 교육을 이수한 직원을 지역별 노인복지관에 파견한다. 이들은 현장 대응 경험을 바탕으로 실습 중심 교육을 제공할 예정이다. 복지관협회는 교육 참여자를 모집하고 현장 운영을 지원하는 역할을 맡는다.특히 LG유플러스는 AI 통화앱 ‘익시오(ixi-O)’를 교육에 활용할 방침이다. 시니어 고객들은 AI 기술을 활용해 위·변조 음성을 판별하고 보이스피싱 위험을 줄이는 익시오의 안티딥보이스(Anti-DeepVoice) 기능 안내와 시연을 통해 보이스피싱 범죄 수법을 쉽게 이해하고 피해를 사전에 예방하는 방법을 익힐 수 있다. 이밖에도 LG유플러스는 △주요 보이스피싱 수법과 예방 수칙 안내 △스마트폰 활용법 1:1 실습 등도 제공할 계획이다.보이스피싱 예방 교육에 대한 참여자들의 반응도 긍정적이다. LG유플러스는 두 차례 시범 교육을 실시한 결과, 참여 한 시니어 고객의 97%가 만족했다고 응답하는 등 성과를 거둔 바 있다. 이 같은 성과를 바탕으로 LG유플러스는 시니어 고객 대상 교육을 지속하기로 했다.향후 LG유플러스는 교육 과정을 심화해 시니어 고객이 생활에서 바로 실천할 수 있는 대응법을 익히도록 꾸준히 지원하는 것은 물론, 더 많은 복지관과 협업해 전국 단위로 교육을 확대할 계획이다.경찰청에 따르면 올해 상반기 보이스피싱 피해자는 총 1만2339명으로, 이 가운데 3800명(30.8%)이 60대 이상으로 조사됐다.정철 LG유플러스 컨슈머영업그룹장(상무)은 “고령층에서 보이스피싱 피해가 빈번하게 발생하는 만큼 피해를 예방하고 통신사의 사회적 책임을 다하기 위해 교육을 실시하게 됐다”며 “앞으로도 다양한 프로그램을 개발해 보안에 진심인 통신사가 되겠다”고 말했다.박노숙 한국노인종합복지관협회장은 “그간 노인복지관에서 보이스피싱 예방에 초점을 맞춘 교육을 진행하는 경우는 드물었다”며 “앞으로도 LG유플러스와 지속적으로 협력해 고령층 보이스피싱 피해를 줄이는 데 기여할 것”이라고 밝혔다."
https://n.news.naver.com/mnews/article/092/0002387425?sid=105,2025-08-25 09:18:11,IT/과학,"LGU+, 전국 노인복지관서 보이스피싱 예방 교육","AI 통화앱 ‘익시오’ 활용해 실습 중심 교육 진행LG유플러스가 한국노인종합복지관협회와 협약을 맺고 시니어 대상 보이스피싱·스미싱 예방 교육을 진행한다고 25일 밝혔다.이번 협약은 보이스피싱에 취약한 시니어 가입자가 스스로 위험을 인지하고 예방할 수 있도록 관련 교육을 제공하기 위해 체결됐다. 실제로 경찰청에 따르면 올해 상반기 보이스피싱 피해자는 총 1만2천339명으로, 이 가운데 3천800명(30.8%)이 60대 이상으로 조사됐다.한국노인종합복지관협회(이하 복지관협회)는 전국 350여개 노인복지관을 회원으로 둔 단체로 약 300만명의 노인 회원이 등록돼 있으며, 60세 이상 노인을 대상으로 여가·교육·상담·돌봄 등 복지서비스를 제공한다. LG유플러스는 복지관협회와 함께 전국에 위치한 28개 노인복지관을 중심으로 보이스피싱 피해 예방 교육을 진행할 계획이다.보이스피싱 예방 교육은 9월부터 순차적으로 진행된다. LG유플러스는 보이스피싱·스미싱 관련 교육을 이수한 직원을 지역별 노인복지관에 파견한다. 이들은 현장 대응 경험을 바탕으로 실습 중심 교육을 제공할 예정이다. 복지관협회는 교육 참여자를 모집하고 현장 운영을 지원하는 역할을 맡는다.이 교육에서는 AI 통화앱 '익시오'를 활용할 방침이다. 시니어 가입자들은 AI 기술을 활용해 위·변조 음성을 판별하고 보이스피싱 위험을 줄이는 익시오의 안티딥보이스 기능 안내와 시연을 통해 보이스피싱 범죄 수법을 쉽게 이해하고 피해를 사전에 예방하는 방법을 익힐 수 있다. 이 밖에도 ▲주요 보이스피싱 수법과 예방 수칙 안내 ▲스마트폰 활용법 1:1 실습 등도 제공할 계획이다.향후 LG유플러스는 교육 과정을 심화해 시니어 가입자가 생활에서 바로 실천할 수 있는 대응법을 익히도록 꾸준히 지원하는 것은 물론, 더 많은 복지관과 협업해 전국 단위로 교육을 확대할 계획이다.정철 LG유플러스 컨슈머영업그룹장은 “고령층에서 보이스피싱 피해가 빈번하게 발생하는 만큼 피해를 예방하고 통신사의 사회적 책임을 다하기 위해 교육을 실시하게 됐다”며 “앞으로도 다양한 프로그램을 개발해 보안에 진심인 통신사가 되겠다”고 말했다.박노숙 한국노인종합복지관협회장은 “그간 노인복지관에서 보이스피싱 예방에 초점을 맞춘 교육을 진행하는 경우는 드물었다”며 “앞으로도 LG유플러스와 지속적으로 협력해 고령층 보이스피싱 피해를 줄이는 데 기여할 것”이라고 말했다."
https://n.news.naver.com/mnews/article/030/0003343314?sid=105,2025-08-25 09:27:11,IT/과학,"LG U+, 시니어 고객 대상 보이스피싱 예방 교육","LG유플러스 용산사옥에서 정철 LG유플러스 컨슈머영업그룹장(왼쪽)과 박노숙 한국노인종합복지관협회장이 업무협약식을 진행하고 기념 촬영을 하는 모습.LG유플러스는 한국노인종합복지관협회와 손잡고 시니어 대상 보이스피싱·스미싱 예방 교육에 나선다고 25일 밝혔다.이번 협약은 보이스피싱에 취약한 시니어 고객이 스스로 위험을 인지하고 예방할 수 있도록 관련 교육을 제공하기 위해 체결됐다. 경찰청에 따르면 올해 상반기 보이스피싱 피해자는 총 1만2339명으로, 이 가운데 3800명(30.8%)이 60대 이상으로 조사됐다.한국노인종합복지관협회(복지관협회)는 전국 350여개 노인복지관을 회원으로 둔 단체로 약 300만명의 노인 회원이 등록돼 있다. 60세 이상 노인을 대상으로 여가·교육·상담·돌봄 등 복지서비스를 제공한다. LG유플러스는 복지관협회와 함께 전국에 위치한 28개 노인복지관을 중심으로 보이스피싱 피해 예방 교육을 진행할 계획이다.보이스피싱 예방 교육은 9월부터 순차적으로 진행된다. LG유플러스는 보이스피싱·스미싱 관련 교육을 이수한 직원을 지역별 노인복지관에 파견한다. 이들은 현장 대응 경험을 바탕으로 실습 중심 교육을 제공할 예정이다. 복지관협회는 교육 참여자를 모집하고 현장 운영을 지원하는 역할을 맡는다.LG유플러스는 AI 통화앱 '익시오(ixi-O)'를 교육에 활용할 방침이다. 시니어 고객들은 AI 기술을 활용해 위·변조 음성을 판별하고 보이스피싱 위험을 줄이는 익시오의 안티딥보이스(Anti-DeepVoice) 기능 안내와 시연을 통해 보이스피싱 범죄 수법을 쉽게 이해하고 피해를 사전에 예방하는 방법을 익힐 수 있다. 이밖에도 LG유플러스는 주요 보이스피싱 수법과 예방 수칙 안내, 스마트폰 활용법 1:1 실습 등도 제공할 계획이다.보이스피싱 예방 교육에 대한 참여자들의 반응도 긍정적이다. LG유플러스는 두 차례 시범 교육을 실시한 결과, 참여한 시니어 고객의 97%가 만족했다고 응답하는 등 성과를 거둔 바 있다. 이 같은 성과를 바탕으로 LG유플러스는 시니어 고객 대상 교육을 지속하기로 했다.향후 LG유플러스는 교육 과정을 심화해 시니어 고객이 생활에서 바로 실천할 수 있는 대응법을 익히도록 꾸준히 지원하는 것은 물론, 더 많은 복지관과 협업해 전국 단위로 교육을 확대할 계획이다.정철 LG유플러스 컨슈머영업그룹장(상무)은 “고령층에서 보이스피싱 피해가 빈번하게 발생하는 만큼 피해를 예방하고 통신사의 사회적 책임을 다하기 위해 교육을 실시하게 됐다”며 “앞으로도 다양한 프로그램을 개발해 보안에 진심인 통신사가 되겠다”고 말했다.박노숙 한국노인종합복지관협회장은 “그간 노인복지관에서 보이스피싱 예방에 초점을 맞춘 교육을 진행하는 경우는 드물었다”며 “앞으로도 LG유플러스와 지속적으로 협력해 고령층 보이스피싱 피해를 줄이는 데 기여할 것”이라고 말했다."
https://n.news.naver.com/mnews/article/277/0005641462?sid=105,2025-08-25 09:44:15,IT/과학,"LG U+, 전국 노인복지관서 시니어 보이스피싱 예방 교육 나선다","한국노인종합복지관협회와 MOU전국 노인복지관서 '익시오' 활용 보이스피싱 예방 교육LG유플러스는 한국노인종합복지관협회와 협약을 맺고 시니어 대상 보이스피싱·스미싱 예방 교육에 나선다고 25일 밝혔다.이번 협약은 보이스피싱에 취약한 시니어 고객이 스스로 위험을 인지하고 예방할 수 있도록 관련 교육을 제공하기 위해 체결됐다. 경찰청에 따르면 올해 상반기 보이스피싱 피해자는 총 1만2339명으로, 이 가운데 3800명(30.8%)이 60대 이상으로 조사됐다.LG유플러스가 한국노인종합복지관협회와 손잡고 시니어 대상 보이스피싱·스미싱 예방 교육에 나선다. 정철 LG유플러스 컨슈머영업그룹장(상무·왼쪽)과 박노숙 한국노인종합복지관협회장이 용산사옥에서 업무협약식을 진행하고 기념 촬영을 하고 있다. LG유플러스 제공LG유플러스는 복지관협회와 함께 전국 28개 노인복지관을 중심으로 보이스피싱 피해 예방 교육을 진행할 계획이다. 복지관협회는 전국 350여개 노인복지관을 회원으로 둔 단체로, 60세 이상 노인을 대상으로 여가·교육·상담·돌봄 등 복지서비스를 제공한다. 약 300만명의 노인 회원이 등록돼 있다.보이스피싱 예방 교육은 오는 9월부터 순차적으로 진행된다. LG유플러스는 보이스피싱·스미싱 관련 교육을 이수한 직원을 지역별 노인복지관에 파견해 실습 중심 교육을 제공할 예정이다. 복지관협회는 교육 참여자를 모집하고 현장 운영을 지원한다.LG유플러스는 인공지능(AI) 통화 앱 '익시오(ixi-O)'를 교육에 활용할 방침이다. 시니어 고객들은 AI 기술을 활용해 위·변조 음성을 판별하는 익시오의 안티딥보이스 기능 안내와 시연을 통해 보이스피싱 범죄 수법을 이해하고 피해를 사전 예방하는 방법을 익힐 수 있다. 이 밖에도 ▲주요 보이스피싱 수법과 예방 수칙 안내 ▲스마트폰 활용법 1:1 실습 등도 제공할 계획이다.향후 LG유플러스는 교육 과정을 심화해 시니어 고객이 생활에서 바로 실천할 수 있는 대응법을 익히도록 지원할 계획이다.정철 LG유플러스 컨슈머영업그룹장(상무)은 ""고령층에서 보이스피싱 피해가 빈번하게 발생하는 만큼 피해를 예방하고 통신사의 사회적 책임을 다하기 위해 교육을 실시하게 됐다""며 ""앞으로도 다양한 프로그램을 개발해 보안에 진심인 통신사가 되겠다""고 말했다.박노숙 한국노인종합복지관협회장은 ""그간 노인복지관에서 보이스피싱 예방에 초점을 맞춘 교육을 진행하는 경우는 드물었다""며 ""앞으로도 LG유플러스와 지속적으로 협력해 고령층 보이스피싱 피해를 줄이는 데 기여할 것""이라고 말했다."
https://n.news.naver.com/mnews/article/031/0000959516?sid=105,2025-08-25 10:03:11,IT/과학,"LGU+, 시니어 고객 대상 보이스피싱 예방 교육 실시","""고령층서 보이스피싱 피해 빈번⋯피해 예방 사회적 책임 다할 것""LG유플러스(대표 홍범식)는 한국노인종합복지관협회와 손잡고 시니어 대상 보이스피싱·스미싱 예방 교육에 나선다고 25일 밝혔다.LG유플러스 용산사옥에서 정철 LG유플러스 컨슈머영업그룹장(왼쪽)과 박노숙 한국노인종합복지관협회장이 업무협약식을 진행하고 기념사진을 촬영하는 모습. [사진=LGU+]협약은 보이스피싱에 취약한 시니어 고객이 스스로 위험을 인지하고 예방할 수 있도록 관련 교육을 제공하기 위해 체결됐다. 실제로 경찰청에 따르면 올해 상반기 보이스피싱 피해자는 총 1만2339명으로, 이 가운데 3800명(30.8%)이 60대 이상으로 조사됐다.한국노인종합복지관협회는 전국 350여개 노인복지관을 회원으로 둔 단체다. 약 300만명의 노인 회원이 등록돼 있다. 60세 이상 노인을 대상으로 여가·교육·상담·돌봄 등 복지서비스를 제공한다.LG유플러스는 복지관협회와 함께 전국에 위치한 28개 노인복지관을 중심으로 보이스피싱 피해 예방 교육을 진행할 계획이다. 교육은 9월부터 순차적으로 진행된다. LG유플러스는 보이스피싱·스미싱 관련 교육을 이수한 직원을 지역별 노인복지관에 파견한다. 이들은 현장 대응 경험을 바탕으로 실습 중심 교육을 제공할 예정이다.LG유플러스는 AI 통화앱 익시오(ixi-O)를 교육에 활용한다. 시니어 고객들은 익시오의 안티딥보이스(Anti-DeepVoice) 기능 안내와 시연을 통해 보이스피싱 범죄를 사전에 예방하는 방법을 익힐 수 있다. 이밖에도 주요 보이스피싱 수법과 예방 수칙 안내, 스마트폰 활용법 1:1 실습 등도 제공할 계획이다.정철 LG유플러스 컨슈머영업그룹장(상무)은 """"고령층에서 보이스피싱 피해가 빈번하게 발생하는 만큼 피해를 예방하고 통신사의 사회적 책임을 다하기 위해 교육을 실시하게 됐다""며 ""다양한 프로그램을 개발해 보안에 진심인 통신사가 되겠다""고 말했다."
https://n.news.naver.com/mnews/article/029/0002977530?sid=105,2025-08-25 10:06:05,IT/과학,"LGU+, 전국 노인복지관서 보이스피싱 예방 교육","LG유플러스는 한국노인종합복지관협회와 손잡고 시니어 대상 보이스피싱·스미싱 예방 교육에 나선다고 25일 밝혔다.이번 협약은 보이스피싱에 취약한 시니어 가입자가 위험을 인지하고 예방할 수 있도록 관련 교육을 제공하기 위해 체결됐다.경찰청에 따르면 올 상반기 보이스피싱 피해자는 총 1만2339명으로, 이 가운데 3800명(30.8%)이 60대 이상으로 조사됐다.LG유플러스는 복지관협회와 함께 전국에 위치한 28개 노인복지관을 중심으로 보이스피싱 피해 예방 교육을 진행할 계획이다.보이스피싱 예방 교육은 내달부터 순차적으로 진행된다.LG유플러스는 보이스피싱·스미싱 관련 교육을 이수한 직원을 지역별 노인복지관에 파견한다. 이들은 현장 대응 경험을 바탕으로 실습 중심 교육을 제공할 예정이다. 복지관협회는 교육 참여자를 모집하고 현장 운영을 지원하는 역할을 맡는다.특히 LG유플러스는 AI 통화앱 '익시오'를 교육에 활용할 방침이다. 시니어 가입자들은 AI 기술을 활용해 위·변조 음성을 판별하고 보이스피싱 위험을 줄이는 익시오의 안티딥보이스 기능 안내와 시연을 통해 보이스피싱 범죄 수법을 이해하고 피해를 사전에 예방하는 방법을 익힐 수 있다. 이밖에도 LG유플러스는 주요 보이스피싱 수법과 예방 수칙 안내, 스마트폰 활용법 실습 등도 제공할 계획이다.향후 LG유플러스는 교육 과정을 심화하고 더 많은 복지관과 협업해 전국 단위로 교육을 확대할 계획이다.정철 LG유플러스 컨슈머영업그룹장(상무)은 ""앞으로도 다양한 프로그램을 개발해 보안에 진심인 통신사가 되겠다""고 말했다.김나인 기자 silkni@dt.co.kr정철(왼쪽) LG유플러스 컨슈머영업그룹장과 박노숙 한국노인종합복지관협회장이 서울 용산의 LG유플러스 용산사옥에서 업무협약을 체결하고 있다. LG유플러스 제공"
https://n.news.naver.com/mnews/article/648/0000039148?sid=105,2025-08-25 10:45:12,IT/과학,"LGU+, '익시오'로 시니어 고객 보이스피싱 예방 나서","복지관협회와 손잡고 교육 진행LG유플러스 용산사옥에서 정철 LG유플러스 컨슈머영업그룹장(왼쪽)과 박노숙 한국노인종합복지관협회장이 업무 협약식 진행 후 기념 촬영을 하고 있다./사진=LG유플러스 제공LG유플러스가 '익시오'를 활용해 시니어 고객을 대상으로 보이스피싱 예방 교육에 나선다.LG유플러스는 한국노인종합복지관협회와 손잡고 보이스피싱 피해 예방 교육을 진행할 계획이라고 25일 밝혔다.경찰청에 따르면 올해 상반기 보이스피싱 피해자 1만2339명 가운데 3800명(30.8%)이 60대 이상인 것으로 조사됐다. 이에 LG유플러스는 오는 9월부터 보이스피싱에 취약한 시니어 고객을 대상으로 피해 예방 교육을 진행한다.LG유플러스는 전국 28개 노인복지관에 보이스피싱·스미싱 관련 교육을 이수한 직원을 파견한다. 복지관협회는 교육 참여자를 모집하고 현장 운영을 지원한다.LG유플러스는 자사 AI 통화앱 '익시오'를 교육에 활용한다. 특히 익시오의 '안티 딥보이스' 기능 안내와 시연을 통해 시니어 고객의 이해를 돕는다. 안티 딥보이스 기능은 통화 중 대화를 실시간으로 분석해 위조, 변조된 AI 음성을 실시간으로 탐지하는 기능을 말한다.이밖에도 △주요 보이스피싱 수법과 예방 수칙 안내 △스마트폰 활용법 1:1 실습 등을 제공할 계획이다.향후 LG유플러스는 시니어 고객이 생활에서 바로 실천할 수 있는 보이스피싱 대응법을 익히도록 꾸준히 지원하고 더 많은 복지관과 협업해 전국 단위로 교육을 확대할 계획이다.박노숙 한국노인종합복지관협회장은 ""노인복지관에서 보이스피싱 예방에 초점을 맞춘 교육을 진행하는 경우는 드물었다""며 ""앞으로도 LG유플러스와 지속적으로 협력해 고령층 보이스피싱 피해를 줄이는 데 기여할 것""이라고 말했다.정철 LG유플러스 컨슈머영업그룹장은 ""고령층에서 보이스피싱 피해가 빈번하게 발생하는 만큼 피해를 예방하고 통신사의 사회적 책임을 다하기 위해 교육을 실시하게 됐다""며 ""앞으로도 다양한 프로그램을 개발해 보안 유지에 최선을 다할 것""이라고 말했다."
https://n.news.naver.com/mnews/article/144/0001062651?sid=105,2025-08-25 10:52:17,IT/과학,"LGU+, 노인복지관협회와와 보이스피싱 예방 나선다","LG유플러스가 한국노인종합복지관협회와 손잡고 시니어 대상 보이스피싱·스미싱 예방 교육에 나선다.경찰청에 따르면 올해 상반기 보이스피싱 피해자는 총 1만2339명으로, 이 가운데 3800명(30.8%)이 60대 이상으로 조사됐다.LG유플러스 컨슈머영업그룹장(상무)(왼쪽)과 박노숙 한국노인종합복지관협회장이 업무협약식을 진행하고 기념 촬영을 하고 있다.보이스피싱 예방 교육은 9월부터 순차적으로 진행된다. LG유플러스는 보이스피싱·스미싱 관련 교육을 이수한 직원을 지역별 노인복지관에 파견한다. 이들은 현장 대응 경험을 바탕으로 실습 중심 교육을 제공할 예정이다. 복지관협회는 교육 참여자를 모집하고 현장 운영을 지원하는 역할을 맡는다.특히 LG유플러스는 AI 통화앱 ‘익시오(ixi-O)’를 교육에 활용할 방침이다. 시니어 고객들은 AI 기술을 활용해 위·변조 음성을 판별하고 보이스피싱 위험을 줄이는 익시오의 안티딥보이스(Anti-DeepVoice) 기능 안내와 시연을 통해 보이스피싱 범죄 수법을 쉽게 이해하고 피해를 사전에 예방하는 방법을 익힐 수 있다. 이밖에도 LG유플러스는 ▲주요 보이스피싱 수법과 예방 수칙 안내 ▲스마트폰 활용법 1:1 실습 등도 제공할 계획이다.보이스피싱 예방 교육에 대한 참여자들의 반응도 긍정적이다. LG유플러스는 두 차례 시범 교육을 실시한 결과, 참여한 시니어 고객의 97%가 만족했다고 응답하는 등 성과를 거둔 바 있다.한편, LG유플러스는 고객들이 보이스피싱 등 금융사기 피해를 입지 않도록 다양한 서비스를 제공하고 있다. 전국 1800여 개 매장을 ‘U+보안전문매장’으로 운영하며 보안 전문 상담사를 배치해 현장에서 고객을 지원하고 있다.조진호 기자 ftw@kyunghyang.com"
https://n.news.naver.com/mnews/article/016/0002518888?sid=105,2025-08-25 11:23:21,IT/과학,"LGU+, 시니어 대상 보이스피싱 예방 교육","한국노인종합복지관협회와 MOU‘익시오’ 통한 실습 중심 교육 제공LG유플러스 용산사옥에서 정철(왼쪽) LG유플러스 컨슈머영업그룹장과 박노숙 한국노인종합복지관협회장이 업무협약식을 진행한 뒤 기념촬영하고 있다. [LG유플러스 제공]최근 보이스피싱·스미싱 피해가 갈수록 높아지는 가운데, LG유플러스가 노인들을 대상으로 인공지능(AI) 기술을 활용한 디지털 범죄 예방 교육에 나섰다.LG유플러스는 시니어 대상 보이스피싱·스미싱 예방 교육을 위해 한국노인종합복지관협회(한노협)와 ‘시니어 디지털 밝은 세상 만들기’ 업무협약을 체결했다고 25일 밝혔다. 한노협은 전국 350여 개 노인복지관을 회원으로 둔 단체다. 약 300만 명의 노인 회원이 등록돼 있으며, 60세 이상 노인을 대상으로 여가·교육·상담·돌봄 등 복지서비스를 제공한다. LG유플러스는 복지관협회와 함께 전국에 위치한 28개 노인복지관을 중심으로 보이스피싱 피해 예방 교육을 진행할 계획이다.이번 협약은 보이스피싱에 취약한 시니어 고객이 스스로 위험을 인지하고 예방할 수 있도록 관련 교육을 제공하기 위해 체결됐다. 실제로 경찰청에 따르면 올해 상반기 보이스피싱 피해자는 총 1만2339명으로, 이 중 3800명(30.8%)이 60대 이상으로 조사됐다.LG유플러스는 보이스피싱 예방 교육에 자사 AI 통화 애플리케이션 ‘익시오(ixi-O)’를 활용할 방침이다. 시니어 고객들에게 AI 기술을 활용해 위·변조 음성을 판별하고 보이스피싱 위험을 줄이는 익시오의 안티딥보이스 기능을 소개한다. 또 시연을 통해 보이스피싱 범죄 수법을 쉽게 이해하고 피해를 사전에 예방하는 방법을 가르치겠다는 계획이다. LG유플러스는 이 밖에도 주요 보이스피싱 수법과 예방 수칙 안내, 스마트폰 활용법 1대 1 실습 등도 제공할 계획이다.정철 LG유플러스 컨슈머영업그룹장(상무)은 “고령층에서 보이스피싱 피해가 빈번하게 발생하는 만큼 피해를 예방하고 통신사의 사회적 책임을 다하기 위해 교육을 실시하게 됐다”고 말했다. 박혜림 기자"
https://n.news.naver.com/mnews/article/021/0002731604?sid=101,2025-08-25 11:48:20,경제,"LGU+, 시니어보이스피싱 교육",LG유플러스는 한국노인종합복지관협회와 시니어 대상 보이스피싱·스미싱 예방 교육을 위한 협약을 체결했다고 25일 밝혔다. LG유플러스 관계자는 “인공지능(AI) 기술을 접목해 위·변조 음성을 판별하는 ‘안티딥보이스’ 기능 안내·시연을 뼈대로 한 교육이 진행될 것”이라며 “시니어 고객들이 범죄 수법을 쉽게 이해하고 피해를 사전에 예방하는 방법을 익힐 수 있을 것”이라고 말했다.LG유플러스는 보이스피싱·스미싱 관련 교육을 이수한 직원을 노인종합복지관협회 산하 전국 28개 노인복지관에 파견한다. 이어 오는 9월부터 자사 AI 통화앱 ‘익시오(ixi-O)’를 활용해 교육을 진행할 계획이다.
https://n.news.naver.com/mnews/article/008/0005240493?sid=105,2025-08-25 14:33:53,IT/과학,"""외국인에게 '통신=LGU+' 인식 만들겠다…점유율 50% 눈앞""","[인터뷰] 박준수 LGU+ 디바이스 외국인사업담당박준수 LG유플러스 디바이스 외국인사업담당이 지난 20일 머니투데이와 만나 자사 외국인 서비스에 대해 설명하고 있다. /사진=LG유플러스""외국인에게 통신 하면 LG유플러스가 떠오를 수 있도록 하겠습니다.""박준수 LG유플러스 디바이스 외국인사업담당은 지난 20일 서울 용산 사옥에서 머니투데이와 만나 ""현재 국내 체류 외국인 약 265만명(법무부 2024년말 통계 기준) 중 자사 가입자 비중이 약 46%인데, 2027년까지 50% 이상 달성이 목표""라며 이같이 말했다.LG유플러스는 지난해 12월 홍범식 대표 취임 후 포화된 내국인 시장을 넘어 외국인 고객을 새로운 성장 축으로 삼고 관련 사업에 속도를 내고 있다. 그 결과 외국인 시장 점유율은 40%를 넘어섰으며, 올해 목표치였던 45.3%도 이미 달성했다.박 담당은 ""외국인 비중이 높은 지역을 중심으로 안내 직원을 채용하는 등 오프라인 영업망에 지속적으로 투자해왔다""며 ""무엇보다 해외 시장에서 LG전자 등 LG 브랜드가 쌓아온 긍정적 이미지가 외국인 고객 유치에 크게 기여했다""고 설명했다.LG유플러스는 외국인을 단일 집단으로 보지 않고 유학생(D-2), 근로자(E-9), 재외동포(F-4) 등으로 세분화해 맞춤 전략을 세운다. 박 담당은 ""유학생은 대용량 데이터를, 근로자는 실속형 요금제를 선호한다""며 ""이에 맞춰 상품을 다양화했다""고 밝혔다.지난달 출시된 외국인 전용 요금제도 주목받는다. 외국인 전용 요금제의 원조는 KT지만, LG유플러스는 국제전화와 로밍 혜택을 확대하고 7종의 요금제를 선보이며 고객 선택권을 넓혔다. 박 담당은 ""미얀마나 네팔처럼 인터넷 기반 통신이 원활하지 않은 국가에서는 여전히 음성 통화 수요가 높다는 점에 주목했다""고 전했다.오프라인 매장 전략도 돋보인다. LG유플러스는 전국 64개의 외국인 특화 매장을 운영 중이다. 안산, 대림, 구로 등 일부 매장은 외국인 고객 비중이 80%를 넘는다. 매장에는 중국어, 베트남어, 러시아어 등 16개 언어로 된 안내물이 비치돼 있다. 현지 언어로 직접 응대도 가능하다.멤버십 등 고객 혜택 안내 방식도 개선했다. 박 담당은 ""외국인 고객 상당수가 멤버십 혜택을 몰라 사용하지 못하는 경우가 많았다""며 ""지금은 고객이 선택한 언어로 문자나 앱 알림을 제공해 만족도가 높다""고 말했다.유학생을 위한 원스톱 패키지 서비스도 도입됐다. 박 담당에 따르면 LG유플러스는 최근 제휴 대학 및 외국인 전용 앱과 연계해, 유학생이 한국 도착 전 사전 신청을 완료하고 공항에서 유심을 수령해 여권 인증 후 2~3일 내 개통이 가능한 구조를 마련했다. 통신뿐 아니라 비자·금융 서비스까지 연계해 초기 정착을 돕는다.이 같은 노력은 고객 만족도로 이어졌다. LG유플러스는 외국인 고객 대상 NPS(고객추천지수)와 만족도 조사를 정기적으로 실시한 결과를 토대로 서비스를 개선한다. 그 결과 해지율은 전년 대비 뚜렷이 감소했고, 상반기 외국인 순증 가입자 수는 전년 대비 2배 이상 늘었다.박 담당은 ""외국인이 한국에 오면 자연스럽게 LG유플러스를 떠올릴 수 있도록 외국인 시장의 지배적 사업자가 되는 것이 목표""라며 ""단순한 통신사를 넘어 외국인의 한국 정착을 돕는 생활 파트너가 되고 싶다""고 강조했다."
https://n.news.naver.com/mnews/article/241/0003462030?sid=105,2025-08-25 16:04:07,IT/과학,"LGU+, 시니어 대상 보이스피싱·스미싱 예방 교육 진행","한국노인종합복지관협회와 맞손LG유플러스는 한국노인종합복지관협회와 손잡고 시니어 대상 보이스피싱·스미싱 예방 교육을 진행한다고 25일 밝혔다.한국노인종합복지관협회는 전국 350여 개 노인복지관을 회원으로 둔 단체다. 약 300만명의 노인 회원이 등록돼 있으며, 60세 이상 어르신에게 여가·교육·상담·돌봄 등 복지서비스를 제공한다.LG유플러스는 복지관협회와 함께 전국 28개 노인복지관을 중심으로 보이스피싱 피해 예방 교육을 실시한다.교육은 9월부터 순차적으로 이뤄진다. LG유플러스는 보이스피싱·스미싱 관련 교육을 이수한 직원을 지역별 노인복지관에 파견한다. 이들은 현장 대응 경험을 바탕으로 실습 중심 교육을 제공한다. 복지관협회는 교육 참여자를 모집하고 현장 운영을 지원한다.LG유플러스는 AI 통화 앱 '익시오'를 교육에 활용한다.시니어 고객들은 AI 기술로 위·변조 음성을 판별하고 보이스피싱 위험을 줄이는 익시오의 '안티 딥보이스' 시연으로 보이스피싱 범죄 수법을 이해하고 피해를 사전에 예방하는 방법을 익힐 수 있다. LG유플러스는 주요 보이스피싱 수법과 예방 수칙 안내, 스마트폰 활용법 1대 1 실습 등도 제공할 계획이다.정철 LG유플러스 컨슈머영업그룹장은 ""고령층에서 보이스피싱 피해가 빈번하게 발생하는 만큼 피해를 예방하고 통신사의 사회적 책임을 다하기 위해 교육을 실시하게 됐다""며 ""앞으로도 다양한 프로그램을 개발해 보안에 진심인 통신사가 되겠다""고 말했다.정길준 기자 kjkj@edaily.co.kr"
https://n.news.naver.com/mnews/article/014/0005396408?sid=105,2025-08-25 18:34:15,IT/과학,LG U+ 보이스피싱 예방 교육... 내달부터 노인복지관서 진행,"LG유플러스가 한국노인종합복지관협회와 손잡고 시니어 대상 보이스피싱·스미싱 예방 교육에 나선다고 25일 밝혔다.이번 협약은 보이스피싱에 취약한 시니어 고객이 스스로 위험을 인지하고 예방할 수 있도록 관련 교육을 제공하기 위해 체결됐다. 실제로 경찰청에 따르면 올해 상반기 보이스피싱 피해자는 총 1만2339명으로, 이 가운데 3800명(30.8%)이 60대 이상으로 조사됐다.한국노인종합복지관협회는 전국 350여개 노인복지관을 회원으로 둔 단체로 약 300만 명의 노인 회원이 등록돼 있으며, 60세 이상 노인을 대상으로 여가·교육·상담·돌봄 등 복지서비스를 제공한다. LG유플러스는 복지관협회와 함께 전국에 위치한 28개 노인복지관을 중심으로 보이스피싱 피해 예방 교육을 진행할 계획이다. 보이스피싱 예방 교육은 다음달부터 순차적으로 진행된다. LG유플러스는 보이스피싱·스미싱 관련 교육을 이수한 직원을 지역별 노인복지관에 파견한다."
https://n.news.naver.com/mnews/article/008/0005240776?sid=105,2025-08-26 04:30:00,IT/과학,"""외국인 한국 오면, 통신은 LGU+ 찾게 할 것""","[인터뷰] 박준수 LGU+ 디바이스 외국인사업담당박준수 LG유플러스 디바이스 외국인사업담당이 지난 20일 머니투데이와 만나 자사 외국인 서비스에 대해 설명하고 있다. /사진=LG유플러스""외국인에게 통신 하면 LG유플러스가 떠오를 수 있도록 하겠습니다.""박준수 LG유플러스 디바이스 외국인사업담당(사진)은 최근 머니투데이와 인터뷰에서 ""현재 국내 체류하는 외국인 약 265만명(법무부 2024년말 통계 기준) 중 자사 가입자 비중이 약 46%로 추정되는데 2027년까지 50% 이상 달성이 목표""라며 이같이 말했다.LG유플러스는 지난해 12월 홍범식 대표 취임 후 포화된 내국인 시장을 넘어 외국인 고객을 새로운 성장축으로 삼고 관련 사업에 속도를 내고 있다. 그 결과 외국인 시장점유율은 40%를 넘었으며 올해 목표치였던 45%도 달성했다. 외국인을 단일집단으로 보지 않고 유학생(D-2) 근로자(E-9) 재외동포(F-4) 등으로 세분화해 맞춤전략을 세운 게 주효했다. 박 담당은 ""유학생은 대용량 데이터를, 근로자는 실속형 요금제를 선호한다""며 ""이에 맞춰 상품을 다양화했다""고 밝혔다.지난달 출시한 외국인 전용 요금제도 주목받는다. LG유플러스는 국제전화와 로밍혜택을 확대하고 7종의 요금제를 선보이며 고객의 선택권을 넓혔다. 박 담당은 ""미얀마나 네팔처럼 인터넷 기반 통신이 원활하지 않은 국가에서는 여전히 음성통화 수요가 높다는 점에 주목했다""고 설명했다.오프라인 매장전략도 돋보인다. LG유플러스는 전국 64개의 외국인 특화매장을 운영 중이다. 안산, 대림, 구로 등 일부 매장의 외국인 비중은 80%를 넘는다. 매장에는 중국어, 베트남어, 러시아어 등 16개 언어로 된 안내물을 비치하고 현지 언어로도 응대한다.멤버십 등 고객혜택 안내방식도 개선했다. 박 담당은 ""외국인 고객 상당수가 멤버십 혜택을 몰라 사용하지 못했는데 지금은 선택한 언어로 문자나 앱 알림을 제공해 만족도가 높다""고 했다.유학생을 위한 원스톱 패키지 서비스도 도입했다. 최근 제휴대학 및 외국인 전용 앱과 연계, 유학생이 한국에 도착하기 전 사전신청으로 공항에서 유심(USIM·범용가입자식별모듈) 수령 및 여권을 인증하면 2~3일 내 개통되는 구조를 마련했다. 통신뿐 아니라 비자·금융 서비스까지 연계해 초기 정착을 돕는다. 이같은 노력은 고객 만족도로 이어졌다. 해지율은 전년 대비 뚜렷이 하락했고 상반기 외국인 순증 가입자 수는 전년 대비 2배 이상 늘었다.박 담당은 ""외국인이 한국에 오면 자연스럽게 LG유플러스를 떠올릴 수 있도록 외국인 시장의 지배적 사업자가 되는 것이 목표""라며 ""단순한 통신사를 넘어 외국인의 한국 정착을 돕는 생활 파트너가 되고 싶다""고 강조했다."
https://n.news.naver.com/mnews/article/031/0000959799?sid=105,2025-08-26 07:34:11,IT/과학,"SK텔레콤, CPO 따로 선임…개인정보 보호 전문성 강화","차호범 AI 거버넌스 팀장 선임... KT·LGU+, CPO·CISO 겸직SK텔레콤은 기존의 최고정보보호책임자(CISO)가 맡던 업무에서 개인정보 관련 기능을 분리해 담당하는 최고개인정보보호책임자(CPO)를 선임했다.SK텔레콤 사옥. [사진=SKT]25일 통신업계에 따르면 SK텔레콤은 이달 초 차호범 AI거버넌스팀장을 프라이버시법무실장 겸 CPO로 선임했다.차호범 CPO [사진=SKT]앞서 아마존과 삼성전자 출신의 이종현 통합보안센터장을 CISO로 영입한 데 이어서 내부 인사를 통해 CISO와 CPO를 분리한 것이다. 이는 2019년 이후 6년 만의 분리이며 현재까지도 CISO와 CPO를 겸직하는 KT와 LG유플러스와는 다른 행보다.기술적 보안 대응을 맡는 CISO와 별도로 CPO는 '에이닷' 같은 서비스 이용자 개인정보 관리와 관련 법률 대응 등 개인정보 보호를 보다 전문적으로 담당하게 된다. 차 CPO는 지난해 AI 리스크 대응을 위해 신설된 AI거버넌스팀을 이끌며 관련 경험을 쌓은 바 있다.SK텔레콤 관계자는 ""당사는 글로벌 최고 수준의 정보보호체계 구축을 위해 지난 8월 1일자로 이종현 CISO와 법·거버넌스 전문가 차호범 CPO를 선임했다""고 전했다."
https://n.news.naver.com/mnews/article/421/0008447782?sid=105,2025-08-26 10:00:00,IT/과학,"LGU+ IPTV에 '품질 예측 AI' 도입…""고객 불만 전 문제 해결""","AI 기반 불편 예측·선제조치 시스템…2026년 중 전체 적용(LG유플러스 제공. 재판매 및 DB금지)/뉴스1(서울=뉴스1) 김정현 기자 = LG유플러스(032640)가 업계 최초로 품질 예측 AI를 도입해 고객 '불만 제로'에 나선다. 고장이나 이상 여부를 AI로 먼저 감지하고 해결해 서비스 품질을 한 단계 높인다는 전략이다.LG유플러스는 26일 서울 중구 LG서울역빌딩에서 기자간담회를 열고 자체 개발한 'AI 기반 고객 불편 예측 및 선제 조치 시스템'을 소개했다. 이 시스템은 IPTV나 공유기에서 발생하는 데이터를 AI가 분석해 이상 징후를 파악하고, 이상 발생 시 선제적으로 대응한다.강봉수 LG유플러스 품질혁신센터장(상무)은 ""고객 누구나 인정하는 최고 품질의 서비스를 위해 AI 기반의 시스템을 개발해 도입했다""며 ""향후 IPTV를 넘어 서비스 전 영역으로 AI를 확대 적용해 고객 불만 제로화에 도전할 것""이라고 말했다.이번 시스템은 △데이터 수집 △AI 학습 △이상탐지 및 조치 등 3단계로 운영된다. 최신 AI 딥러닝 기술이 적용돼 이상 여부 탐지 정확도를 높였다.고객이 IPTV 서비스를 이용하면서 발생하는 데이터를 분석해 서비스 이상 여부를 판단한다. AI가 분석하는 고객의 데이터는 매일 1조 개 이상이다. 이상이 발생하면 AI가 자체적으로 1차 해결에 나선다.일례로 실시간 방송의 화질 저하 문제가 발생한 경우, 고객이 불만을 접수하기 전에 AI가 이상을 파악하고 재부팅이나 원격 조치 등을 통해 즉시 문제를 해결할 수 있다. 이러한 조치는 고객이 셋톱박스를 사용하지 않을 때에만 이뤄진다.본격적인 시스템 도입에 앞서 진행된 시범 테스트에서는 고객의 불만 접수 건수가 약 10% 줄어든 것으로 집계됐다. 고객의 불만을 예측하는 정확도는 약 30%로 나타났다.원인 분석부터 해결까지 소요되는 시간도 크게 줄었다. 수작업으로 진행할 경우 약 7만 시간이 걸리는 데이터 분석은 6시간으로, 문제 해결에 걸리는 시간은 기존 최대 3일에서 즉시로 줄었다.향후 LG유플러스는 UHD4 셋톱박스를 이용하는 90만 가입자를 대상으로 AI 기반 고객 불편 예측 및 선제 조치 시스템을 우선 적용하고, 오는 2026년 중 400만 명에 이르는 모든 IPTV 고객으로 시스템을 확대 적용할 계획이다.또 시스템에 사용되는 딥러닝 AI 모델도 지속적으로 고도화하고, IPTV 뿐만 아니라 AP 등 홈 네트워크 단말 전반으로 시스템을 확대 적용할 예정이다.강 센터장은 ""AI 기반의 품질 관리는 고객의 서비스 만족도 향상은 물론, 업무효율성을 극대화하는 핵심 동력이 될 것""이라며 ""앞으로도 LG유플러스는 AI 등 최신 기술을 적용해 고객이 체감할 수 있는 최고의 품질 경험을 제공할 것""이라고 말했다."
https://n.news.naver.com/mnews/article/003/0013442002?sid=105,2025-08-26 10:00:00,IT/과학,"""매일 1조개 데이터 분석""…LGU+, AI로 고객 불편 사전 감지·해결","AI 기반 고객 불편 예측 시스템…AI가 데이터 분석 후 1차 해결불만 예측 정확도 30%에 불만 건수 10% 절감…분석 시간 99.9%↓UHD4 셋톱박스 우선 적용 후 내년 중 IPTV 400만 고객으로 확대[서울=뉴시스]LG유플러스가 업계 최초로 도입한 품질 예측 AI를 앞세워 고객 불만 제로화에 나선다. 사진은 LG유플러스 모델이 'AI 기반 고객 불편 예측 및 선제 조치 시스템'을 소개하는 모습. (사진=LG유플러스 제공)[서울=뉴시스]윤현성 기자 = LG유플러스가 업계 최초로 도입한 품질 예측 AI(인공지능)을 앞세워 고객 불만 제로화에 나선다. AI가 매일 고객 데이터 1조개를 분석해 고객이 불만을 체감하기 전 사전에 이상 여부를 파악하고 선조치하는 식이다.AI 불편 예측 시스템을 시험 도입한 결과 고객 불만 건수가 10% 줄었고, 데이터 분석 시간은 99.9% 단축된 것으로 나타났다. 내년 중 IPTV 400만대에 이 시스템을 적용하고 AI를 더 고도화해 완전 자율 관리 체계를 구축한다는 게 LG유플러스의 목표다.LG유플러스는 26일 서울 중구 LG서울역빌딩에서 기자간담회를 열고 자체 개발한 AI 기반 고객 불편 예측 및 선제 조치 시스템을 소개했다. 이 시스템은 IPTV나 공유기에서 발생하는 데이터를 AI가 분석해 이상 징후를 파악하고, 이상 발생 시 선제적으로 대응하는 역할을 한다.AI가 매일 270여종, 약 1조개 고객 데이터 분석 후 이상 탐지"
https://n.news.naver.com/mnews/article/008/0005240941?sid=105,2025-08-26 10:00:00,IT/과학,"LGU+, AI로 고객 불만 선제 차단한다…'고객 불만 제로' 도전","LG유플러스 모델이 'AI 기반 고객 불편 예측 및 선제 조치 시스템'을 소개하고 있다. /사진=LG유플러스LG유플러스가 업계 최초로 AI(인공지능)을 활용한 고객 불편 예측 및 선제 조치 시스템을 도입하며 통신 품질 혁신에 본격 나섰다. 고객이 불편을 느끼기 전에 먼저 문제를 감지하고 해결함으로써, 고객 체감 품질을 한층 끌어올리고 '고객 불만 제로화'에 도전하겠다는 전략이다.LG유플러스는 26일 서울 중구 LG서울역빌딩에서 기자간담회를 열고 자체 개발한 'AI 기반 고객 불편 예측 및 선제 조치 시스템'의 주요 내용과 향후 계획을 소개했다. 이 시스템은 IPTV(인터넷TV), 공유기 등에서 발생하는 다양한 품질 데이터를 AI가 분석해 이상 징후를 포착하고, 문제가 감지되면 선제적으로 대응한다.고객이 IPTV를 이용할 때 발생하는 데이터를 매일 1조개 이상 분석하며, 실시간 방송 중 화질 저하 등 문제가 감지되면 고객이 직접 불만을 접수하지 않더라도 AI가 원인을 파악해 자동으로 재부팅 하거나 원격 조치를 수행한다.특히 이러한 조치는 고객이 단말기를 사용하지 않을 때만 이뤄지므로, 사용자 경험에 방해가 가지 않도록 설계됐다. 기존 고객 불만이 접수된 후 원인을 찾아 해결하는 방식의 한계를 보완한 것이다. 고객 입장에서는 불편을 느끼기도 전에 문제를 해결받는 경험을 하게 된다.LG유플러스는 이 시스템 도입을 위해 고도화된 딥러닝 기술을 적용하고, AI 모델에 시계열 데이터 처리 기술을 최적화해 적용했다. 수작업으로 진행하면 약 7만 시간이 소요되던 데이터 분석을 6시간 만에 마무리할 수 있다. 문제 해결 시간도 최대 3일에서 '즉시 처리' 수준으로 단축됐다. 시범 운영 결과, 고객 불만 접수 건수는 약 10% 감소했고, AI의 불만 예측 정확도는 약 30%로 나타났다.AI 시스템은 △데이터 수집 △AI 학습 △문제 탐지 및 조치 등 3단계로 구성된다. 총 700여종의 데이터를 수집해 이 중 약 270종을 분석 대상으로 선별하며, 이를 통해 AI가 학습한 패턴을 바탕으로 정밀한 이상 감지를 수행한다. 실제로 시스템은 매일 지속적으로 학습하고 분석하면서 스스로 고도화되며, 서비스 이상 유무를 실시간으로 판단하고 적절한 조치를 결정한다.현재 이 시스템은 UHD4 셋톱박스를 사용하는 약 90만명의 고객에게 우선 적용되고 있으며, 내년까지 전체 400만 IPTV 가입자로 확대될 예정이다. 장기적으로는 IPTV뿐 아니라 홈 네트워크 전반으로 시스템을 확장해 사람이 개입하지 않아도 AI가 전 과정을 처리하는 '완전 자율 관리 체계'를 구축하겠다는 방침이다.강봉수 LG유플러스 품질혁신센터장(상무)은 ""AI 기반 품질 관리는 고객 서비스 만족도를 획기적으로 끌어올리는 동시에 내부 업무 효율도 극대화할 수 있는 핵심 기술""이라며 ""앞으로도 LG유플러스는 AI 기술을 중심으로 한 서비스 혁신을 통해 고객이 실질적으로 체감할 수 있는 최고 수준의 품질을 제공해 나가겠다""고 말했다."
https://n.news.naver.com/mnews/article/241/0003462121?sid=105,2025-08-26 10:00:02,IT/과학,"LGU+, 고객이 묻기 전에 AI가 문제 해결…'선제 조치 시스템' 도입","IPTV·공유기 이상 사전 탐지셋톱박스 사용 않을 때 조치내년 모든 IPTV 고객에 적용LG유플러스 직원들이 'AI 기반 고객 불편 예측 및 선제 조치 시스템'을 살펴보고 있다. LGU+ 제공LG유플러스가 업계 최초로 IPTV·인터넷 고객의 불편을 AI가 먼저 파악하고 해결하는 서비스를 도입한다.LG유플러스는 26일 서울 중구 LG서울역빌딩에서 기자간담회를 열고 자체 개발한 'AI 기반 고객 불편 예측 및 선제 조치 시스템'을 소개했다.이 시스템의 AI는 매일 1조개 이상의 데이터를 분석한다. 이상이 발생하면 자체적으로 1차 해결에 나선다.예를 들어, 실시간 방송의 화질 저하를 발견하면 고객이 불만을 접수하지 않아도 재부팅이나 원격 조치 등으로 문제를 해결한다. 해당 조치는 고객이 셋톱박스를 이용하지 않을 때 이뤄진다.기존에는 고객이 고객센터에 불만을 표시하면, 서비스 이상 여부를 인지하고 원인을 찾아 해결하는 과정을 거쳐야 했다. 회사는 이런 상황을 해소하기 위해 AI 기반 이상 탐지 기술을 개발하고 특허를 출원했다.시범 테스트를 진행한 결과, 고객의 불만 접수 건수가 약 10% 줄었다. 고객의 불만을 예측하는 정확도는 약 30%로 나타났다.원인 분석부터 해결까지 소요되는 시간도 단축했다. 수작업으로 약 7만 시간이 걸리는 데이터 분석은 6시간으로, 문제 해결에 걸리는 시간은 기존 최대 3일에서 즉시 해결이 가능해졌다.AI 선제 조치 시스템은 데이터 수집, AI 학습, 이상 탐지 및 조치 등 3단계로 운영된다.데이터 수집 단계에서는 고객이 IPTV를 시청할 때 발생하는 단말 품질 데이터를 비롯해 인터넷 공유기나 네트워크 연결 상태와 관련된 데이터 등 700여 종의 데이터를 수집한다. 그리고 이상 여부 판단에 필요한 270여 종의 데이터를 선별한 뒤 AI 분석이 가능한 형태로 가공해 사내 데이터 허브에 저장한다.이후 AI가 과거에 발생했던 서비스 이상 사례와 일반 사례를 비교·분석해 이상 탐지의 정확도를 높인다. 딥러닝 기반 최신 AI 모델인 '시계열 데이터 처리 기술'을 최적화해 서비스 내 사소한 오류도 식별 가능하도록 정밀도를 끌어올렸다.마지막으로 AI가 고객의 환경을 분석해 서비스 상태가 정상인지 판단한다. 이상 징후가 확인되면 단말기의 상태와 접속 환경을 점검하고, 재연결·재시작 등 적합한 원격 조치 방법을 결정해 문제를 해결한다.LG유플러스는 UHD4 셋톱박스를 이용하는 90만 고객을 대상으로 새로운 시스템을 우선 적용하고, 내년 중 모든 IPTV 고객으로 대상을 확대할 계획이다.향후에는 IPTV나 홈 네트워크에서 발생하는 이상을 발견하고 해결하는 모든 과정을 사람이 개입하지 않고 AI가 처리하는 '완전 자율 관리 체계'를 완성할 방침이다.강봉수 LG유플러스 품질혁신센터장은 ""AI 기반의 품질 관리는 고객의 서비스 만족도 향상은 물론, 업무 효율성을 극대화하는 핵심 동력이 될 것""이라며 ""앞으로도 AI 등 최신 기술을 적용해 고객이 체감할 수 있는 최고의 품질 경험을 제공할 것""이라고 말했다.정길준 기자 kjkj@edaily.co.kr"
https://n.news.naver.com/mnews/article/001/0015586500?sid=105,2025-08-26 10:00:02,IT/과학,"[AI픽] ""고객 신고 전 해결"" LGU+, IPTV 품질관리 AI 도입","화질 저하 등 즉시 감지해 원격 조치[LG유플러스 제공](서울=연합뉴스) 박형빈 기자 = LG유플러스가 업계 최초로 인공지능(AI) 기반 품질 예측 기술을 적용해 인터넷TV(IPTV) 고객 불편을 사전에 차단한다.LG유플러스는 26일 서울 중구 LG서울역빌딩에서 기자간담회를 열고 'AI 기반 고객 불편 예측 및 선제 조치 시스템'을 소개했다.이 시스템은 IPTV나 공유기에서 발생하는 방대한 데이터를 AI가 실시간으로 분석해 이상 징후를 조기에 파악하고, 문제가 확인되면 고객이 불만을 접수하기 전에 선제적으로 대응하는 방식이다.실시간 방송에서 화질 저하가 발생하면 AI가 이를 감지해 재부팅이나 원격 조치 등을 실시해 고객이 직접 신고하지 않도록 불편을 줄인다.구체적으로는 데이터 수집, AI 학습, 이상 탐지 및 조치 등 단계를 거친다. 데이터 수집은 고객이 IPTV를 시청할 때 발생하는 단말 품질 데이터뿐만 아니라 인터넷 공유기나 네트워크 연결 상태와 관련된 데이터 등 총 700여종의 데이터를 모은다.이 중 이상 여부 판단에 필요한 270여종의 데이터를 선별한 뒤 AI 분석이 가능한 형태로 가공해 사내 데이터 허브에 저장한다. AI가 분석하는 데이터는 하루 1조 건 이상에 달한다.AI 학습 단계에서는 과거 발생한 서비스 이상 사례와 일반적인 사례를 비교·분석해 이상 탐지의 정확도를 높인다. 특히 딥러닝 기반의 최신 AI 모델인 '시계열 데이터 처리 기술'을 최적화해 서비스 내 사소한 오류까지 식별할 수 있도록 한다.이상 징후가 확인되면 학습된 AI가 단말기의 상태와 접속 환경을 점검하고 가장 적합한 원격 조치 방법을 결정해 문제를 해결한다.LG유플러스는 시범 테스트 결과 고객의 불만 접수 건수는 약 10% 줄어들었고 불만 예측 정확도는 약 30%로 나타났다고 밝혔다.수작업으로 진행할 때는 약 7만 시간이 걸리는 데이터 분석은 6시간으로, 문제 해결에 걸리는 시간은 기존 최대 3일에서 즉시 해결 가능해졌다.LG유플러스는 UHD4 셋톱박스를 이용하는 고객 90만명을 대상으로 시스템을 우선 적용하고 내년 중 400만명의 모든 IPTV 고객으로 확대 적용할 계획이다.향후 IPTV나 홈 네트워크에서 발생하는 이상을 발견하고 해결하는 모든 과정에서 사람이 개입하지 않고 AI가 처리하는 '완전 자율 관리체계'를 완성할 방침이다.binzz@yna.co.kr"
https://n.news.naver.com/mnews/article/119/0002995043?sid=105,2025-08-26 10:01:12,IT/과학,"LG U+, AI로 IPTV 고장 사전 감지·해결…‘고객 불만 제로화’ 앞장","자체 개발한 ‘AI 기반 IPTV 불편 예측 시스템’ 도입불만 체감하기 전 AI가 사전에 이상 여부 파악 후 조치불만 예측 정확도 약 30%·불만 건수 10% 절감내년 IPTV 400만대 확대 적용LG유플러스 모델이‘AI기반 고객 불편 예측 및 선제 조치 시스템’을 소개하는 모습.ⓒLG유플러스[데일리안 = 조인영 기자] LG유플러스가 업계 최초로 도입한 품질 예측 AI를 앞세워 ‘고객 불만 제로화’에 나선다. 고장이나 이상 여부를 고객보다 먼저 감지하고 해결하는 AI를 통해 고객이 체감하는 서비스 품질을 한 단계 높인다는 전략이다.LG유플러스는 26일 서울 중구 LG서울역빌딩에서 기자간담회를 열고 자체 개발한 ‘AI 기반 고객 불편 예측 및 선제 조치 시스템’을 소개했다. 이 시스템은IPTV(인터넷TV)나 공유기에서 발생하는 데이터를 AI가 분석해 이상 징후를 파악하고, 이상 발생 시 선제적으로 대응하는 역할을 한다.LG유플러스는 통신사업자의 기본 중 하나인 ‘품질’에 집중하기 위해 이번 시스템을 개발했다. 앞서 LG유플러스 홍범식 대표는 지난해 12월 취임 이후 품질·보안·안전 등 고객 신뢰와 직결되는 3대 기본기에 대한 중요성을 강조했다. 이에 맞춰 LG유플러스는 지속적으로 3대 기본기에 집중하고 있다.강봉수 LG유플러스 품질혁신센터장(상무)은 “고객 누구나 인정하는 최고 품질의 서비스를 위해 AI 기반의 시스템을 개발해 도입했다”며 “향후 IPTV를 넘어 서비스 전 영역으로 AI를 확대 적용해 고객 불만 제로화에 도전하겠다”고 말했다.매일 270여종·약 1조개 고객 데이터 분석 후 이상 탐지…데이터 분석시간 99.9% 단축LG유플러스의 ‘AI 기반 고객 불편 예측 및 선제 조치 시스템’은 고객이 IPTV 서비스를 이용하면서 발생하는 데이터를 분석해 서비스 이상 여부를 판단한다. AI가 분석하는 고객의 데이터는 매일 1조개 이상이다. 이상이 발생하면 AI가 자체적으로 1차 해결에 나선다.가령 실시간 방송의 화질 저하 문제가 발생한 경우, 고객이 불만을 접수하지 않더라도 AI가 이상을 파악하고 재부팅이나 원격 조치 등을 통해 즉시 문제를 해결할 수 있다. 이러한 조치는 고객이 셋톱박스를 사용하지 않을 때에만 이뤄진다. 고객 입장에서는 불편이 불만으로 번지기 전, 문제가 해결되는 셈이다.기존에는 고객이 고객센터를 통해 불만을 표시한 이후, 서비스 이상 여부를 인지하고 원인을 찾아 해결하는 과정을 거쳐야 했다. 원인 분석을 위해 데이터를 확인하는 과정에서 시간이 오래 걸리는 것은 물론, 고객이 불만을 느낀 후 해결한다는 한계가 있었다. 이를 해결하기 위해 LG유플러스는 AI 기반의 이상 탐지 기술을 개발하고 특허를 출원하는 등 노력을 기울였다.본격적인 시스템 도입에 앞서 시범 테스트를 진행한 결과, 고객의 불만 접수 건수가 약 10% 줄어든 것으로 집계됐다. 고객의 불만을 예측하는 정확도는 약 30%로 나타났다. 원인 분석부터 해결까지 소요되는 시간도 크게 줄었다. 수작업으로 진행할 경우 약 7만 시간이 걸리는 데이터 분석은 6시간으로, 문제 해결에 걸리는 시간은 기존 최대 3일에서 즉시 해결 가능해졌다.데이터 수집→AI 학습→이상탐지 및 조치 3단계 구현…탐지 정확도 향상LG유플러스의 ‘AI 기반 고객 불편 예측 및 선제 조치 시스템’은 데이터 수집, AI 학습, 이상탐지 및 조치 등 3단계로 운영된다. 최신 AI 딥러닝 기술을 사용해 이상 여부 탐지 정확도를 높였다.첫 번째 ‘데이터 수집’ 단계에서는 고객이 IPTV를 시청할 때 발생하는 단말 품질 데이터뿐만 아니라, 인터넷 공유기나 네트워크 연결 상태와 관련된 데이터 등 총 700여 종의 데이터를 수집한다.이 중에서 이상 여부 판단에 필요한 270여 종의 데이터를 선별한 뒤, AI 분석이 가능한 형태로 가공해 사내 데이터 허브에 저장한다. 이 과정은 매일 반복되며 시스템이 최신 상태를 유지하고, 이상 여부를 빠르게 모니터링할 수 있도록 돕는다.LG유플러스 모델이‘AI기반 고객 불편 예측 및 선제 조치 시스템’을 소개하는 모습.ⓒLG유플러스두번째 단계는 ‘AI 학습’이다. AI가 과거에 발생했던 서비스 이상 사례와 일반적인 사례를 비교·분석해 이상 탐지의 정확도를 높인다. LG유플러스는 특히 딥러닝 기반의 최신 AI 모델인 ‘시계열 데이터 처리 기술(Transformer)’을 최적화하여 이를 통해 서비스 내 사소한 오류까지 식별 가능하도록 정밀도를 향상시켰다.마지막 단계인 ‘문제 탐지 및 조치’에서는 학습된 AI가 고객의 환경을 분석해 서비스 상태가 정상인지 판단한다. 이상 징후가 확인되면 단말기의 상태와 접속 환경을 점검하고, 재연결·재시작 등 가장 적합한 원격 조치 방법을 결정해 문제를 해결한다. 3단계 과정을 통해 LG유플러스는 매일 최적화된 AI를 활용해 고객들의 서비스 이상 여부를 모니터링한다.모든 IPTV 셋톱으로 확대 적용…AI 고도화로 완전 자율 관리 체계 구축LG유플러스는 UHD4 셋톱박스를 이용하는 90만 고객을 대상으로 ‘AI 기반 고객 불편 예측 및 선제 조치 시스템’을 우선 적용하고, 내년 중 400만에 이르는 모든 IPTV 고객으로 시스템을 확대 적용할 계획이다.시스템에 사용되는 딥러닝 AI 모델을 지속적으로 고도화해 이상 탐지 범위와 정확도를 높이고, IPTV 뿐만 아니라 AP 등 홈 네트워크 단말 전반으로 시스템을 확대 적용할 예정이다. 이를 통해 IPTV나 홈 네트워크에서 발생하는 이상을 발견하고 해결하는 모든 과정에서 사람이 개입하지 않고 AI가 처리하는 ‘완전 자율 관리체계’를 완성할 방침이다.강봉수 센터장은 “AI 기반의 품질 관리는 고객의 서비스 만족도 향상은 물론, 업무효율성을 극대화하는 핵심 동력이 될 것”이라며 ”앞으로도 LG유플러스는 AI 등 최신 기술을 적용해 고객이 체감할 수 있는 최고의 품질 경험을 제공할 것”이라고 말했다."
https://n.news.naver.com/mnews/article/092/0002387653?sid=105,2025-08-26 10:01:15,IT/과학,"""불편 느끼기 전 해결""…LGU+, AI로 IPTV 품질 잡는다","IPTV·공유기 이상 징후 자동 탐지…내년 전 가입자로 확대LG유플러스가 품질 예측 AI를 앞세워 '고객 불만 제로화'에 나선다. 고장이나 이상 여부를 가입자보다 먼저 감지하고 해결하는 AI로 고객 체감 품질을 높인다는 구상이다.LG유플러스는 26일 서울 중구 LG서울역빌딩에서 기자간담회를 열고 자체 개발한 ‘AI 기반 고객 불편 예측 및 선제 조치 시스템’을 소개했다. 이 시스템은 IPTV나 공유기에서 발생하는 데이터를 AI가 분석해 이상 징후를 파악하고, 이상 발생 시 선제적으로 대응하는 역할을 한다.회사는 통신사업자의 기본 중 하나인 ‘품질’에 집중하기 위해 이번 시스템을 개발했다고 밝혔다. 앞서 홍범식 LG유플러스 대표는 지난해 12월 취임 이후 품질·보안·안전 등 고객 신뢰와 직결되는 3대 기본기에 대한 중요성을 강조했다. 이에 맞춰 LG유플러스는 지속적으로 3대 기본기에 집중하고 있다.강봉수 LG유플러스 품질혁신센터장은 “고객 누구나 인정하는 최고 품질의 서비스를 위해 AI 기반의 시스템을 개발해 도입했다”며 “향후 IPTV를 넘어 서비스 전 영역으로 AI를 확대 적용해 고객 불만 제로화에 도전하겠다”고 말했다.데이터 분석 7만 시간에서 단 6시간…문제는 즉시 해결LG유플러스의 ‘AI 기반 고객 불편 예측 및 선제 조치 시스템’은 가입자가 IPTV 서비스를 이용하면서 발생하는 데이터를 분석해 서비스 이상 여부를 판단한다. AI가 분석하는 가입자의 데이터는 매일 1조 건 이상이다. 이상이 발생하면 AI가 자체적으로 1차 해결에 나선다.가령 실시간 방송의 화질 저하 문제가 발생한 경우, 가입자가 불만을 접수하지 않더라도 AI가 이상을 파악하고 재부팅이나 원격 조치 등을 통해 즉시 문제를 해결할 수 있다. 이러한 조치는 가입자가 셋톱박스를 사용하지 않을 때에만 이뤄진다. 가입자 입장에서는 불편이 불만으로 번지기 전, 문제가 해결되는 셈이다.아울러 LG유플러스는 이를 위해 AI 기반의 이상 탐지 기술을 개발하고 특허를 출원하는 등 노력을 기울였다.본격적인 시스템 도입에 앞서 시범 테스트를 진행한 결과, 가입자의 불만 접수 건수가 약 10% 줄어든 것으로 집계됐다. 가입자의 불만을 예측하는 정확도는 약 30%로 나타났다.원인 분석부터 해결까지 소요되는 시간도 크게 줄었다. 수작업으로 진행할 경우 약 7만 시간이 걸리는 데이터 분석은 6시간으로, 문제 해결에 걸리는 시간은 기존 최대 3일에서 즉시 해결 가능해졌다.데이터 수집→AI 학습→이상탐지…딥러닝 활용해 탐지 정확도 향상LG유플러스의 ‘AI 기반 고객 불편 예측 및 선제 조치 시스템’은 데이터 수집, AI 학습, 이상탐지 및 조치 등 3단계로 운영된다. 최신 AI 딥러닝 기술을 사용해 이상 여부 탐지 정확도를 높였다.첫 번째 ‘데이터 수집’ 단계에서는 가입자 IPTV를 시청할 때 발생하는 단말 품질 데이터뿐만 아니라, 인터넷 공유기나 네트워크 연결 상태와 관련된 데이터 등 총 700여 종의 데이터를 수집한다. 이 중에서 이상 여부 판단에 필요한 270여 종의 데이터를 선별한 뒤, AI 분석이 가능한 형태로 가공해 사내 데이터 허브에 저장한다. 이 과정은 매일 반복되며 시스템이 최신 상태를 유지하고, 이상 여부를 빠르게 모니터링할 수 있도록 돕는다.두번째 단계는 ‘AI 학습’이다. AI가 과거에 발생했던 서비스 이상 사례와 일반적인 사례를 비교·분석하여 이상 탐지의 정확도를 높인다. LG유플러스는 특히 딥러닝 기반의 최신 AI 모델인 ‘시계열 데이터 처리 기술’을 최적화해 이를 통해 서비스 내 사소한 오류까지 식별 가능하도록 정밀도를 향상시켰다.마지막 단계인 ‘문제 탐지 및 조치’에서는 학습된 AI가 가입자의 환경을 분석해 서비스 상태가 정상인지 판단한다. 이상 징후가 확인되면 단말기의 상태와 접속 환경을 점검하고, 재연결·재시작 등 가장 적합한 원격 조치 방법을 결정해 문제를 해결한다. 3단계 과정을 통해 LG유플러스는 매일 최적화된 AI를 활용해 가입자들의 서비스 이상 여부를 모니터링한다.내년까지 모든 IPTV 셋톱에 적용LG유플러스는 UHD4 셋톱박스를 이용하는 90만 가입자를 대상으로 ‘AI 기반 고객 불편 예측 및 선제 조치 시스템’을 우선 적용하고, 다음해까지 400만에 이르는 모든 IPTV 가입자로 시스템을 확대 적용할 계획이다.또한 시스템에 사용되는 딥러닝 AI 모델을 지속적으로 고도화해 이상 탐지 범위와 정확도를 높이고, IPTV 뿐만 아니라 AP 등 홈 네트워크 단말 전반으로 시스템을 확대 적용할 예정이다. 이를 통해 IPTV나 홈 네트워크에서 발생하는 이상을 발견하고 해결하는 모든 과정에서 사람이 개입하지 않고 AI가 처리하는 ‘완전 자율 관리체계’를 완성할 방침이다.강봉수 센터장은 “AI 기반의 품질 관리는 고객의 서비스 만족도 향상은 물론, 업무효율성을 극대화하는 핵심 동력이 될 것”이라며 ”앞으로도 LG유플러스는 AI 등 최신 기술을 적용해 고객이 체감할 수 있는 최고의 품질 경험을 제공할 것”이라고 말했다."
https://n.news.naver.com/mnews/article/014/0005396697?sid=105,2025-08-26 10:01:15,IT/과학,"""AI 넣으니 불만접수 10% 줄었다"" LG U+, 'AI 기반 IPTV 불편 예측 시스템' 도입","AI가 매일 1조개 데이터 분석데이터 분석 시간 99.9% 단축내년 IPTV 400만대 확대 적용LG유플러스 모델이 ‘AI 기반 고객 불편 예측 및 선제 조치 시스템’을 소개하고 있다. LG유플러스 제공[파이낸셜뉴스] LG유플러스가 업계 최초로 인터넷TV(IPTV) 품질 예측 시스템에 인공지능(AI)을 전면 도입한다. 딥러닝을 적용해 탐지 정확도를 높인 AI가 고장이나 이상 여부를 고객보다 먼저 감지하고 해결하는 방식이다. 데이터 분석시간을 종전보다 99.9%나 단축하고, 최대 3일이 걸리던 문제 해결 시간도 즉시 처리할 수 있어 고객 체감 서비스 품질이 대폭 향상될 전망이다.26일 LG유플러스는 서울 중구 LG서울역빌딩에서 기자간담회를 열고 자체 개발한 ‘AI 기반 고객 불편 예측 및 선제 조치 시스템’을 소개했다. 이 시스템은 IPTV나 공유기에서 발생하는 데이터를 AI가 분석해 이상 징후를 파악하고, 이상 발생 시 선제적으로 대응하는 역할을 한다.매일 270여종·1조개 고객 데이터 분석이 시스템에 탑재된 AI가 분석하는 고객의 데이터는 매일 1조개 이상이다. 이상이 발생하면 AI가 자체적으로 1차 해결에 나선다.가령 실시간 방송의 화질 저하 문제가 발생한 경우, 고객이 불만을 접수하지 않더라도 AI가 이상을 파악하고 재부팅이나 원격 조치 등을 통해 즉시 문제를 해결할 수 있다. 이러한 조치는 고객이 셋톱박스를 사용하지 않을 때에만 이뤄진다. 고객 입장에서는 불편이 불만으로 번지기 전, 문제가 해결되는 셈이다.기존에는 고객이 고객센터를 통해 불만을 표시한 이후, 서비스 이상 여부를 인지하고 원인을 찾아 해결하는 과정을 거쳐야 했다. 원인 분석을 위해 데이터를 확인하는 과정에서 시간이 오래 걸리는 것은 물론, 고객이 불만을 느낀 후 해결한다는 한계가 있었다. 이를 해결하기 위해 LG유플러스는 AI 기반의 이상 탐지 기술을 개발하고 관련 특허를 출원했다.본격적인 시스템 도입에 앞서 시범 테스트를 진행한 결과, 고객의 불만 접수 건수가 약 10% 줄어든 것으로 집계됐다. 고객의 불만을 예측하는 정확도는 약 30%로 나타났다. 원인 분석부터 해결까지 소요되는 시간도 크게 줄었다. 수작업으로 진행할 경우 약 7만 시간이 걸리는 데이터 분석은 6시간으로, 문제 해결에 걸리는 시간은 기존 최대 3일에서 즉시 해결 가능해졌다.딥러닝 활용해 탐지 정확도 향상시스템은 데이터 수집, AI 학습, 이상탐지 및 조치 등 3단계로 운영된다. 최신 AI 딥러닝 기술을 사용해 이상 여부 탐지 정확도를 높였다.데이터 수집 단계에서는 고객이 IPTV를 시청할 때 발생하는 단말 품질 데이터 뿐 아니라, 인터넷 공유기나 네트워크 연결 상태와 관련된 데이터 등 총 700여종의 데이터를 수집한다. 이 중에서 이상 여부 판단에 필요한 270여종의 데이터를 선별한 뒤, AI 분석이 가능한 형태로 가공해 사내 데이터 허브에 저장한다. 이 과정은 매일 반복되며 시스템이 최신 상태를 유지하고, 이상 여부를 빠르게 모니터링할 수 있도록 돕는다.AI 학습 단계에선 AI가 과거에 발생했던 서비스 이상 사례와 일반적인 사례를 비교·분석해 이상 탐지의 정확도를 높인다. LG유플러스는 특히 딥러닝 기반의 최신 AI 모델인 ‘시계열 데이터 처리 기술'을 최적화해 이를 통해 서비스 내 사소한 오류까지 식별 가능하도록 정밀도를 향상시켰다.문제 탐지 및 조치에서는 학습된 AI가 고객의 환경을 분석해 서비스 상태가 정상인지 판단한다. 이상 징후가 확인되면 단말기의 상태와 접속 환경을 점검하고, 재연결·재시작 등 가장 적합한 원격 조치 방법을 결정해 문제를 해결한다. 3단계 과정을 통해 LG유플러스는 매일 최적화된 AI를 활용해 고객들의 서비스 이상 여부를 모니터링한다.내년 모든 IPTV 셋톱으로 확대 적용LG유플러스는 UHD4 셋톱박스를 이용하는 90만 고객을 대상으로 이 시스템을 우선 적용한다. 이어 내년 400만에 이르는 모든 IPTV 고객으로 시스템을 확대 적용할 계획이다.또 시스템에 사용되는 딥러닝 AI 모델을 지속적으로 고도화해 이상 탐지 범위와 정확도를 높이고, IPTV 뿐만 아니라 AP 등 홈 네트워크 단말 전반으로 시스템을 확대 적용할 예정이다. 이를 통해 IPTV나 홈 네트워크에서 발생하는 이상을 발견하고 해결하는 모든 과정에서 사람이 개입하지 않고 AI가 처리하는 ‘완전 자율 관리체계’를 완성할 방침이다.강봉수 LG유플러스 품질혁신센터장(상무)은 “AI 기반의 품질 관리는 고객의 서비스 만족도 향상은 물론, 업무효율성을 극대화하는 핵심 동력이 될 것”이라며 ”앞으로도 LG유플러스는 AI 등 최신 기술을 적용해 고객이 체감할 수 있는 최고의 품질 경험을 제공할 것”이라고 말했다."
https://n.news.naver.com/mnews/article/016/0002519391?sid=105,2025-08-26 10:01:24,IT/과학,"고객 불만 ‘제로’ 도전…LGU+, IPTV에 ‘품질 예측 AI’ 적용","자체 개발 시스템 도입, AI 이상 여부 파악 및 조치매일 데이터 ‘1조개’ 분석…불만 예측 30%·건수 10% 절감내년 IPTV 400만대 적용, 2026년 완전 자율 관리 체계 구축강봉수 LG유플러스 품질혁신센터장이 26일 서울 중구 LG서울역빌딩에서 간담회에서 발언하고 있다. [LG유플러스 제공][헤럴드경제=고재우 기자] LG유플러스가 업계 최초로 자사 인터넷TV(IPTV) 고객을 대상으로 ‘불만 제로’에 도전한다. IPTV에 인공지능(AI) 기반 ‘고객 품질 예측 선제 조치 시스템(품질 예측 시스템)’을 적용해 고객이 체감하기 전에 불만을 해소한다는 전략이다.LG유플러스는 26일 서울 중구 LG서울역빌딩에서 기자간담회를 열고, 자체 개발한 품질 예측 시스템을 소개했다. 해당 시스템은 IPTV나 공유기에서 발생하는 데이터를 AI가 분석해 이상 징후를 파악하고, 이상 발생 시 선제적으로 대응하는 역할을 한다.이를 통해 LG유플러스는 통신사업자의 기본 중 하나인 ‘품질’에 집중한다는 방침이다. 품질은 지난해 12월 취임한 홍범식 LG유플러스 대표가 강조한 품질·보안·안전 등 3대 기본기 중 하나다.강봉수 LG유플러스 품질혁신센터장은 “고객 누구나 인정하는 최고 품질의 서비스를 위해 AI 기반의 시스템을 개발했다”며 “향후 IPTV를 넘어 서비스 전 영역으로 AI를 확대 적용해 고객 불만 제로화에 도전하겠다”고 말했다.LG유플러스 모델이 ‘AI 기반 고객 불편 예측 및 선제 조치 시스템’을 소개하고 있다. [LG유플러스 제공]▶수집→ AI 학습→ 이상 탐지 및 조치…딥러닝으로 정확도↑= 품질 예측 시스템은 데이터 수집→ AI 학습→ 이상 탐지 및 조치 등 3단계로 운영되는 게 특징이다. 여기에 최신 AI 딥러닝 기술을 사용해 이상 여부 탐지 정확도를 높였다.‘데이터 수집’ 단계에서는 고객이 IPTV를 시청할 때 발생하는 단말 품질 데이터뿐만 아니라 인터넷 공유기, 네트워크 연결 상태 관련 데이터 등 약 700종을 수집한다. 이중 이상 여부 판단에 필요한 약 270종 데이터 선별 뒤, AI 분석이 가능한 형태로 가공해 사내 데이터 허브에 저장한다. 매일 반복되는 해당 과정을 통해 시스템은 최신 상태를 유지하고, 이상 여부를 빠르게 모니터링할 수 있다.‘AI 학습’에서는 AI가 과거에 발생했던 서비스 이상 사례와 일반적인 사례를 비교·분석해 이상 탐지의 정확도를 높인다. 특히 딥러닝 기반 최신 AI 모델인 ‘시계열 데이터 처리 기술’을 통해 서비스 내 사소한 오류까지 식별 가능하도록 정밀도를 향상시켰다.‘문제 탐지 및 조치’에서는 학습된 AI가 고객의 환경을 분석해 서비스 상태가 정상인지 판단한다. 이상 징후가 확인되면 단말기의 상태와 접속 환경을 점검하고, 재연결·재시작 등 가장 적합한 원격 조치 방법을 결정해 문제를 해결한다. 3단계 과정을 통해 LG유플러스는 매일 최적화된 AI를 활용해 고객들의 서비스 이상 여부를 모니터링한다.강봉수 LG유플러스 품질혁신센터장이 26일 서울 중구 LG서울역빌딩에서 간담회에서 발언하고 있다. [LG유플러스 제공]▶일평균 약 270종·데이터 1조개 분석…내년 중 고객 ‘400만명’ 적용= 품질 예측 시스템은 일평균 약 270종, 데이터 1조개를 분석한다. 이를 바탕으로 IPTV 서비스 이상 발생 시 AI가 1차적인 해결에 나선다.예를 들어 실시간 방송에서 화질 저하 문제가 발생한 경우, 고객 불만 접수가 없더라도 AI가 이상을 파악해 재부팅이나 원격 조치 등 문제를 해결하는 식이다. 이런 조치는 고객이 셋톱박스를 사용하지 않을 때만 이뤄진다. 고객 입장에서는 불편이 불만으로 번지기 전 문제를 해결할 수 있다. 기존에는 고객이 고객센터를 통해 불만을 표시한 이후, 서비스 이상 여부를 인지하고 원인을 찾아 해결하는 과정을 거쳐야 했다.시범 테스트 결과도 나쁘지 않다. LG유플러스에 따르면 테스트 결과, 고객의 불만 접수 건수가 약 10% 줄었다. 고객의 불만을 예측하는 정확도는 약 30%로 나타났다. 원인 분석부터 해결까지 소요되는 시간도 크게 줄었다.LG유플러스는 UHD4 셋톱박스를 이용하는 고객 90만명을 대상으로 품질 예측 시스템을 우선 적용하고, 내년 중 400만명에 이르는 모든 IPTV 고객으로 시스템을 적용할 계획이다.아울러 IPTV뿐만 아니라 홈 네트워크 단말 전반에서 사람이 개입하지 않고 AI가 처리하는 ‘완전 자율 관리 체계’를 완성할 방침이다.강 센터장은 “AI 기반의 품질 관리는 고객의 서비스 만족도 향상은 물론, 업무 효율성을 극대화하는 핵심 동력이 될 것”이라며 ”앞으로도 AI 등 최신 기술을 적용해 고객이 체감할 수 있는 최고의 품질 경험을 제공할 것”이라고 말했다."
https://n.news.naver.com/mnews/article/011/0004525194?sid=105,2025-08-26 10:02:18,IT/과학,화질 떨어지면 알아서 해결…IPTV 고장 전에 AI가 살핀다,"LGU+, 고객불편 선제조치 시스템딥러닝 모델로 화면 깜빡임까지 캐치매일 데이터 1조개 6시간만에 분석내년 IPTV 400만 全가입자에 적용강봉수 LG유플러스 품질혁신센터장이 26일 서울 중구 LG서울역빌딩에서 열린 기자간담회에서 ‘AI 기반 고객 불편 예측 및 선제 조치 시스템’을 소개하고 있다. 사진 제고=LG유플러스[서울경제]화질 저하를 포함한 수백 가지 인터넷(IP)TV 품질 이상을 이용자가 알아채기 전에 인공지능(AI)이 실시간으로 감시하고 해결해주는 기술을LG유플러스(032640)가 선보였다. LG유플러스는 품질 관리 부담을 획기적으로 줄일 수 있는 이 기술을 통해 IPTV를 포함한 자사 서비스 경쟁력을 한층 끌어올릴 방침이다.LG유플러스는 26일 서울 중구 LG서울역빌딩에서 기자간담회를 열고 ‘AI 기반 고객 불편 예측 및 선제 조치 시스템’을 공개했다. IPTV나 와이파이 공유기에서 발생하는 데이터를 AI가 실시간으로 분석해 이상 징후를 파악하고 실제 문제가 발생할 경우 선제적으로 대응할 수 있는 기술이다.특히 불편을 이용자가 체감하기 전에 AI가 선제적으로 조치할 수 있다는 게 LG유플러스 설명이다. 가령 방송 화질이 일시적으로 떨어지거나 화면이 깜빡이는 등 이용자가 제품이 고장났다고 바로 판단할 수 없는 사소한 불편사항에 대해서도 AI가 셋톱박스 재부팅이나 원격 조치 등으로 문제를 해결해준다.LG유플러스는 이를 위해 단말 품질과 네트워크 연결 상태 등 IPTV 이용 과정에서 발생하는 로그(이용 흔적) 700여종, 매일 셋톱박스 1대당 4만 개에 달하는 데이터를 AI로 분석시킨다. 강봉수 LG유플러스 품질혁신센터장은 “전체 가입자로 확대하면 매일 1조 개 이상 데이터를 분석해야 한다”며 “수작업으로 7만 시간, 즉 8년이 걸리는 일을 AI가 6시간 만에 해낼 수 있다”고 설명했다. 최장 3일 걸렸던 문제 해결도 즉시 해낸다. 최근 시범 테스트에서 AI 도입 시 이용자 불만 접수가 10% 줄어든 것으로 나타났다.LG유플러스는 AI가 단순 데이터 분석을 넘어 학습을 통해 성능을 지속 고도화할 수 있다고 강조했다. 딥러닝(심층학습) AI 모델 ‘시계열 데이터 처리’를 바탕으로 과거에 발생했던 서비스 이상 사례를 비교·분석해 새로운 문제와 해결법을 빠르게 찾을 수 있으며 이 결과를 다시 학습하는 방식이다. 이 같은 AI 작업은 이용자 불편을 최소화하기 위해 셋톱박스를 이용하지 않을 때만 이뤄진다고 회사는 덧붙였다.LG유플러스는 자사 IPTV 제품 ‘UHD4 셋톱박스’를 쓰는 90만 이용자를 대상으로 신기술을 적용했다. 내년에는 400만 전체 IPTV 이용자로 기술을 확대 적용한다. 또 IPTV뿐 아니라 홈네트워크 단말 전반에 기술을 도입해 사람 개입 없이 AI가 문제를 처리하는 ‘완전 자율 관리체계’를 갖춘다는 구상이다."
https://n.news.naver.com/mnews/article/138/0002203407?sid=105,2025-08-26 10:06:17,IT/과학,"LGU+, AI로 IPTV 고장 사전 감지·해결한다","[디지털데일리 강소현기자] LG유플러스는 업계 최초로 도입한 품질 예측 인공지능(AI)을 앞세워 고객 불만 제로화에 나선다고 26일 밝혔다.LG유플러스는 26일 서울 중구 LG서울역빌딩에서 기자간담회를 열고 자체 개발한 ‘AI 기반 고객 불편 예측 및 선제 조치 시스템’을 소개했다.이 시스템은 인터넷TV(IPTV)나 공유기에서 발생하는 데이터를 AI가 분석해 이상 징후를 파악하고 이상 발생 시 선제적으로 대응하는 역할을 한다.예컨대 실시간 방송의 화질 저하 문제가 발생한 경우 고객이 불만을 접수하지 않더라도 AI가 이상을 파악하고 재부팅이나 원격 조치를 취한다. 기존에는 고객이 고객센터를 통해 불만을 표시한 뒤 서비스 이상 여부를 인지하고 원인을 찾아 해결하는 과정을 거쳐야 했다.LG유플러스에 따르면 시범 테스트 진행 결과 시스템 적용 시 고객의 불만 접수 건수가 약 10% 줄어든 것으로 집계됐다. 고객의 불만을 예측하는 정확도는 약 30%로 나타났다.원인 분석부터 해결까지 소요되는 시간도 크게 줄었다. 수작업으로 진행할 경우 약 7만 시간이 걸리는 데이터 분석은 6시간으로 문제 해결에 걸리는 시간은 기존 최대 3일에서 즉시 해결 가능해졌다.LG유플러스는 UHD4 셋톱박스를 이용하는 90만 고객을 대상으로 ‘AI 기반 고객 불편 예측 및 선제 조치 시스템’을 우선 적용하고, 내년 중 400만에 이르는 모든 IPTV 고객으로 시스템을 확대 적용할 계획이다.또 시스템에 사용되는 딥러닝 AI 모델을 지속적으로 고도화해 이상 탐지 범위와 정확도를 높이고 IPTV 뿐만 아니라 AP 등 홈 네트워크 단말 전반으로 시스템을 확대 적용할 예정이다. 이를 통해 IPTV나 홈 네트워크에서 발생하는 이상을 발견하고 해결하는 모든 과정에서 사람이 개입하지 않고 AI가 처리하는 ‘완전 자율 관리체계’를 완성할 방침이다.강봉수 LG유플러스 품질혁신센터장(상무)은 “AI 기반의 품질 관리는 고객의 서비스 만족도 향상은 물론, 업무효율성을 극대화하는 핵심 동력이 될 것”이라며 ”앞으로도 LG유플러스는 AI 등 최신 기술을 적용해 고객이 체감할 수 있는 최고의 품질 경험을 제공할 것”이라고 말했다."
https://n.news.naver.com/mnews/article/082/0001341674?sid=101,2025-08-26 10:25:14,경제,LGU+ “AI가 IPTV 이상 징후 자동 파악해 해결”,"‘AI 기반 고객 불편 예측 및 선제 조치 시스템’ 개발사용 데이터 AI가 분석해 이상 징후 파악하고 해결LG유플러스 모델이 ‘AI 기반 고객 불편 예측 및 선제 조치 시스템’을 소개하는 모습. LG유플러스 제공LG유플러스가 인공지능(AI) 기술을 활용해 인터넷TV(IPTV)나 공유기 이상 징후를 파악하고 대응하는 시스템을 개발했다. 가입자의 IPTV 이용 데이터를 분석해 서비스 이상 여부를 판단, 자체적으로 문제를 해결한다는 설명이다.LG유플러스는 26일 서울 중구 LG서울역빌딩에서 기자간담회를 열고 자체 개발한 ‘AI 기반 고객 불편 예측 및 선제 조치 시스템’을 소개했다. 이 시스템은 IPTV나 공유기에서 발생하는 데이터를 AI가 분석해 이상 징후를 파악하고, 이상 발생 시 선제적으로 대응하는 역할을 한다.AI 기반 고객 불편 예측 및 선제 조치 시스템은 가입자가 IPTV 서비스를 이용하면서 발생하는 데이터를 분석해 서비스 이상 여부를 판단한다. AI가 분석하는 가입자 이용 데이터는 매일 1조 개 이상으로 문제가 발생하면 AI가 자체적으로 1차 해결에 나선다.AI 기반 고객 불편 예측 및 선제 조치 시스템은 데이터 수집, AI 학습, 이상탐지 및 조치 등 3단계로 운영된다. 첫 번째 ‘데이터 수집’ 단계에서는 고객이 IPTV를 시청할 때 발생하는 단말 품질 데이터뿐만 아니라, 인터넷 공유기나 네트워크 연결 상태와 관련된 데이터 등 총 700여 종의 데이터를 수집한다. 이 중에서 이상 여부 판단에 필요한 270여 종의 데이터를 선별한 뒤, AI 분석이 가능한 형태로 가공해 사내 데이터 허브에 저장한다. 이 과정은 매일 반복되며 시스템이 최신 상태를 유지하고, 이상 여부를 빠르게 모니터링할 수 있도록 돕는다.두 번째 단계는 ‘AI 학습’이다. AI가 과거에 발생했던 서비스 이상 사례와 일반적인 사례를 비교·분석해 이상 탐지의 정확도를 높인다. LG유플러스는 특히 딥러닝 기반의 최신 AI 모델인 ‘시계열 데이터 처리 기술(Transformer)’을 최적화해 이를 통해 서비스 내 오류까지 식별 가능하도록 정밀도를 향상시켰다고 설명했다.마지막 단계인 ‘문제 탐지 및 조치’에서는 학습된 AI가 고객의 환경을 분석해 서비스 상태가 정상인지 판단한다. 이상 징후가 확인되면 단말기의 상태와 접속 환경을 점검하고, 재연결·재시작 등 가장 적합한 원격 조치 방법을 결정해 문제를 해결한다. 3단계 과정을 통해 LG유플러스는 매일 최적화된 AI를 활용해 고객들의 서비스 이상 여부를 모니터링한다.실시간 방송의 화질 저하 문제가 발생한 경우, 가입자가 불만을 접수하지 않더라도 AI가 이상을 파악하고 재부팅이나 원격 조치 등을 통해 문제를 해결할 수 있다. 가입자의 불편이 불만으로 번지기 전에 문제를 해결한다는 게 LG유플러스의 설명이다. 가입자가 고객센터를 통해 불만을 표시한 이후, 서비스 이상 여부를 인지하고 원인을 찾아 해결하는 기존 과정과 다르다.LG유플러스는 AI 기반의 이상 탐지 기술을 개발하고 특허를 출원하는 등 노력을 기울였다고 밝혔다. 본격적인 시스템 도입에 앞서 시범 테스트를 진행한 결과, 가입자의 불만 접수 건수가 약 10% 줄어든 것으로 집계됐다. 가입자의 불만을 예측하는 정확도는 약 30%로 나타났다. 원인 분석부터 해결까지 소요되는 시간도 크게 줄었다.LG유플러스는 UHD4 셋톱박스를 이용하는 90만 고객을 대상으로 ‘AI 기반 고객 불편 예측 및 선제 조치 시스템’을 우선 적용하고, 내년 중 400만에 이르는 모든 IPTV 고객으로 시스템을 확대 적용할 계획이다. 또 시스템에 사용되는 딥러닝 AI 모델을 지속적으로 고도화해 이상 탐지 범위와 정확도를 높이고, IPTV뿐만 아니라 AP 등 홈 네트워크 단말 전반으로 시스템을 확대 적용할 예정이라고 밝혔다.강봉수 LG유플러스 품질혁신센터장(상무)은 “고객 누구나 인정하는 최고 품질의 서비스를 위해 AI 기반의 시스템을 개발해 도입했다”며 “향후 IPTV를 넘어 서비스 전 영역으로 AI를 확대 적용해 고객 불만 제로화에 도전하겠다”고 말했다."
https://n.news.naver.com/mnews/article/374/0000459506?sid=101,2025-08-26 10:38:12,경제,"LGU+, 인공지능으로 'IPTV 고장·이상 사전 감지' 도입","[LG유플러스 제공=연합뉴스]LG유플러스가 업계 최초로 인공지능(AI) 기반 품질 예측 기술을 적용해 인터넷TV(IPTV) 고객 불편을 사전에 차단한다고 밝혔습니다.LG유플러스는 오늘(26일) 서울 중구 LG서울역빌딩에서 기자간담회를 열고 'AI 기반 고객 불편 예측 및 선제 조치 시스템'을 소개했습니다.이 시스템은 IPTV나 공유기에서 발생하는 방대한 데이터를 AI가 실시간으로 분석해 이상 징후를 조기에 파악하고, 문제가 확인되면 고객이 불만을 접수하기 전에 선제적으로 대응하는 방식입니다.실시간 방송에서 화질 저하가 발생하면 AI가 이를 감지해 재부팅이나 원격 조치 등을 실시해 고객이 직접 신고하지 않도록 불편을 줄일 수 있습니다.구체적으로는 데이터 수집, AI 학습, 이상 탐지 및 조치 등 단계를 거칩니다. 데이터 수집은 고객이 IPTV를 시청할 때 발생하는 단말 품질 데이터뿐만 아니라 인터넷 공유기나 네트워크 연결 상태와 관련된 데이터 등 총 700여종의 데이터를 모읍니다.이 중 이상 여부 판단에 필요한 270여종의 데이터를 선별한 뒤 AI 분석이 가능한 형태로 가공해 사내 데이터 허브에 저장합니다. AI가 분석하는 데이터는 하루 1조 건 이상에 달합니다.AI 학습 단계에서는 과거 발생한 서비스 이상 사례와 일반적인 사례를 비교·분석해 이상 탐지의 정확도를 높입니다. 특히 딥러닝 기반의 최신 AI 모델인 '시계열 데이터 처리 기술'을 최적화해 서비스 내 사소한 오류까지 식별할 수 있도록 합니다.이상 징후가 확인되면 학습된 AI가 단말기의 상태와 접속 환경을 점검하고 가장 적합한 원격 조치 방법을 결정해 문제를 해결합니다.LG유플러스는 시범 테스트 결과 고객의 불만 접수 건수는 약 10% 줄어들었고 불만 예측 정확도는 약 30%로 나타났다고 밝혔습니다.수작업으로 진행할 때는 약 7만 시간이 걸리는 데이터 분석은 6시간으로, 문제 해결에 걸리는 시간은 기존 최대 3일에서 즉시 해결 가능해졌습니다.LG유플러스는 UHD4 셋톱박스를 이용하는 고객 90만명을 대상으로 시스템을 우선 적용하고 내년 중 400만명의 모든 IPTV 고객으로 확대 적용할 계획입니다.향후 IPTV나 홈 네트워크에서 발생하는 이상을 발견하고 해결하는 모든 과정에서 사람이 개입하지 않고 AI가 처리하는 '완전 자율 관리체계'를 완성할 방침입니다.당신의 제보가 뉴스로 만들어집니다.SBS Biz는 여러분의 제보를 기다리고 있습니다.홈페이지 = https://url.kr/9pghjn"
https://n.news.naver.com/mnews/article/030/0003343842?sid=105,2025-08-26 11:14:14,IT/과학,"[포토] LGU+, AI로 IPTV 고객 불만 제로화 나서","김진만 LG유플러스 품질혁신센터 고객경험품질혁신담당이 26일 서울 중구 LG서울역빌딩에서 열린 기자간담회에서 'AI 기반 고객 불편 예측 및 선제 조치 시스템'을 소개하고 있다. 이 시스템은 IPTV나 공유기에서 발생하는 데이터를 AI가 분석해 이상 징후를 파악하고, 이상 발생시 선제적으로 대응하는 역할을 한다."
https://n.news.naver.com/mnews/article/030/0003343843?sid=105,2025-08-26 11:14:16,IT/과학,"[포토] LGU+, IPTV AI기반 품질 예측","강봉수 LG유플러스 품질혁신센터장이 26일 서울 중구 LG서울역빌딩에서 열린 기자간담회에서 인사말을 하고 있다. LG유플러스는 이날 IPTV나 공유기에서 발생하는 데이터를 AI가 분석해 이상 징후를 파악하고, 이상 발생시 선제적으로 대응하는 'AI 기반 고객 불편 예측 및 선제 조치 시스템'을 공개했다."
https://n.news.naver.com/mnews/article/030/0003343847?sid=105,2025-08-26 11:14:22,IT/과학,"[포토] LGU+, AI로 IPTV 고장 사전 감지","강봉수 LG유플러스 품질혁신센터장이 26일 서울 중구 LG서울역빌딩에서 열린 기자간담회에서 인사말을 하고 있다. LG유플러스는 이날 IPTV나 공유기에서 발생하는 데이터를 AI가 분석해 이상 징후를 파악하고, 이상 발생시 선제적으로 대응하는 'AI 기반 고객 불편 예측 및 선제 조치 시스템'을 공개했다."
https://n.news.naver.com/mnews/article/016/0002519531?sid=105,2025-08-26 11:31:13,IT/과학,"‘불만 제로’ 도전…LGU+,  IPTV에 품질 예측 AI 적용","자체 개발 시스템 도입 AI이상 여부 파악·원격 조치내년 IPTV 400만대 적용강봉수 LG유플러스 품질혁신센터장이 26일 서울 중구 LG서울역빌딩에서 열린 간담회에서 발언하고 있다. [LG유플러스 제공]LG유플러스가 업계 최초로 자사 인터넷TV(IPTV) 고객을 대상으로 ‘불만 제로’에 도전한다. IPTV에 인공지능(AI) 기반 ‘고객 품질 예측 선제 조치 시스템(품질 예측 시스템)’을 적용해 고객이 체감하기 전에 불만을 해소한다는 전략이다.LG유플러스는 26일 서울 중구 LG서울역빌딩에서 기자간담회를 열고, 자체 개발한 품질 예측 시스템을 소개했다. 해당 시스템은 IPTV나 공유기에서 발생하는 데이터를 AI가 분석해 이상 징후를 파악하고, 이상 발생 시 선제적으로 대응하는 역할을 한다.이를 통해 LG유플러스는 통신사업자의 기본 중 하나인 ‘품질’에 집중한다는 방침이다. 품질은 지난해 12월 취임한 홍범식 LG유플러스 대표가 강조한 품질·보안·안전 등 3대 기본기 중 하나다.강봉수 LG유플러스 품질혁신센터장(상무)은 “고객 누구나 인정하는 최고 품질의 서비스를 위해 AI 기반의 시스템을 개발했다”며 “향후 IPTV를 넘어 서비스 전 영역으로 AI를 확대 적용해 고객 불만 제로화에 도전하겠다”고 말했다.품질 예측 시스템은 데이터 수집→ AI 학습→ 이상 탐지·조치 등 3단계로 운영되는 것이 특징이다. 여기에 최신 AI 딥러닝 기술을 사용해 이상 여부 탐지 정확도를 높였다. ‘데이터 수집’ 단계에서는 고객이 IPTV를 시청할 때 발생하는 단말 품질 데이터뿐만 아니라 인터넷 공유기, 네트워크 연결 상태 관련 데이터 등 약 700종을 수집한다. 이중 이상 여부 판단에 필요한 약 270종 데이터 선별 뒤, AI 분석이 가능한 형태로 가공해 사내 데이터 허브에 저장한다. 매일 반복되는 해당 과정을 통해 시스템은 최신 상태를 유지하고, 이상 여부를 빠르게 모니터링할 수 있다.‘AI 학습’에서는 AI가 과거에 발생했던 서비스 이상 사례와 일반적인 사례를 비교·분석해 이상 탐지의 정확도를 높인다. 특히 딥러닝 기반 최신 AI 모델인 ‘시계열 데이터 처리 기술’을 통해 서비스 내 사소한 오류까지 식별 가능하도록 정밀도를 향상시켰다.‘문제 탐지·조치’에서는 학습된 AI가 고객의 환경을 분석해 서비스 상태가 정상인지 판단한다. 이상 징후가 확인되면 단말기의 상태와 접속 환경을 점검하고, 재연결·재시작 등 가장 적합한 원격 조치 방법을 결정해 문제를 해결한다. 3단계 과정을 통해 LG유플러스는 매일 최적화된 AI를 활용해 고객들의 서비스 이상 여부를 모니터링한다.품질 예측 시스템은 일평균 약 270종, 데이터 1조개를 분석한다. 이를 바탕으로 IPTV 서비스 이상 발생 시 AI가 1차적인 해결에 나선다. 예를 들어 실시간 방송에서 화질 저하 문제가 발생한 경우, 고객 불만 접수가 없더라도 AI가 이상을 파악해 재부팅이나 원격 조치 등 문제를 해결하는 식이다.LG유플러스에 따르면 테스트 결과, 고객의 불만 접수 건수가 약 10% 줄었다. 고객의 불만을 예측하는 정확도는 약 30%로 나타났다. 원인 분석부터 해결까지 소요되는 시간도 크게 줄었다.LG유플러스는 UHD4 셋톱박스를 이용하는 고객 90만명을 대상으로 품질 예측 시스템을 우선 적용하고, 내년 중 400만명에 이르는 모든 IPTV 고객으로 시스템을 적용할 계획이다. 아울러 IPTV뿐만 아니라 홈 네트워크 단말 전반에서 사람이 개입하지 않고 AI가 처리하는 ‘완전 자율 관리 체계’를 완성할 방침이다. 고재우 기자"
https://n.news.naver.com/mnews/article/021/0002731901?sid=105,2025-08-26 11:46:11,IT/과학,LG U+ ‘고객 불만 제로화’ AI로 화질저하 등 즉시대응,"LG유플러스가 업계 최초로 도입한 인공지능(AI) 기반 품질 예측 시스템을 앞세워 ‘고객 불만 제로화’에 속도를 높이고 있다.LG유플러스는 26일 서울 중구 LG서울역빌딩에서 기자간담회를 열고 자체 개발한 AI 기반 ‘고객 불편 예측 및 선제 조치 시스템’을 공개했다. 이 시스템은 인터넷TV(IPTV) 공유기에서 매일 발생하는 1조 개가량의 데이터를 AI가 스스로 분석해 이상 징후를 파악하고, 선제 대응하는 기능을 갖췄다. 예를 들어 실시간 방송의 화질 저하 문제가 발생하면 고객이 불만을 접수하지 않아도 AI가 자체 진단을 통해 재부팅·원격 조치 등을 수행한다. 시범 테스트 결과 시스템 활용 시 고객 불만 접수 건수가 약 10% 줄어들었으며 고객 불만 예측 정확도는 약 30%로 나타났다. 또 ‘원인분석-문제 해결’까지 기존 최대 3일이 걸렸지만, 이를 통하면 즉시 대응이 가능하다고 LG유플러스 측은 설명했다.LG유플러스에 따르면, 이번에 공개된 시스템은 ‘데이터 수집-AI 학습-이상탐지 및 조치’ 등 3단계로 운영된다. 우선 UHD4 셋톱박스를 이용하는 약 90만 명을 대상으로 시스템을 적용한 뒤, 내년 중 400만 명가량의 전체 IPTV 고객으로 범위를 넓힐 계획이다. 강봉수 LG유플러스 품질혁신센터장(상무)은 “향후 IPTV를 넘어 서비스 전 영역으로 AI를 확대 적용해 고객 불만 제로화에 도전하겠다”고 말했다."
https://n.news.naver.com/mnews/article/003/0013442867?sid=105,2025-08-26 13:50:14,IT/과학,"LGU+가 꿈꾸는 '마이너리티 리포트'…""AI로 품질 이슈 먼저 알고 해결""(종합)","LGU+, AI 기반 고객 불편 예측 및 선제 조치 시스템 공개매일 1조개 쌓이는 고객 데이터 AI가 분석…사전 탐지·조치7만시간 걸릴 데이터 분석 6시간만에…AI 시스템 확대 추진[서울=뉴시스]강봉수 LG유플러스 품질혁신센터장(상무)이 26일 서울 중구 LG서울역빌딩에서 기자간담회를 열고 'AI 기반 고객 불편 예측 및 선제 조치 시스템'을 소개하고 있다. (사진=LG유플러스 제공)[서울=뉴시스]윤현성 기자 = ""공상과학(SF)영화 '마이너리티 리포트'를 보면 프리 크라임이라는 치안 시스템이 범죄가 일어나기 전에 미리 예측하고 이를 해결하곤 합니다. 저희도 이처럼 인공지능(AI)을 기반으로 고객들의 불편이나 품질 문제를 선제적으로 해결하는 방법을 마련해나가려고 합니다.""강봉수 LG유플러스 품질혁신센터장(상무)은 LG유플러스가 새롭게 선보인 'AI 기반 고객 불편 예측 및 선제 조치 시스템'에 대해 이같이 밝혔다. 범죄를 사전 예측·차단하는 SF 영화 속 시스템처럼 서비스 문제를 사전 탐지·해결한다는 것. 특히 LG유플러스는 AI에게 SF영화 속에 나오는 예언자의 역할을 맡겼다. 범죄를 사전 예측하는 것처럼 AI가 자사 IPTV, 홈 네트워크 서비스에서 발생하는 장애를 탐지하고 사전 대응하는 시스템을 마련했다.향후 홈 네트워크 문제 발견·해결 과정에서 사람이 개입하지 않고 AI가 모두 처리하는 완전 자율 관리체계를 완성하는 것이 LG유플러스의 목표다.LG유플러스는 26일 서울 중구 LG서울역빌딩에서 기자간담회를 열고 자체 개발한 AI 기반 고객 불편 예측 및 선제 조치 시스템을 선보였다. IPTV나 공유기에서 발생하는 데이터를 AI가 분석해 이상 징후를 파악하고, 이상 발생 시 선제적으로 대응하는 역할을 하는 시스템이다.기존에는 고객이 고객센터를 통해 불만을 표시한 이후, 서비스 이상 여부를 인지하고 원인을 찾아 해결하는 과정을 거쳐야 했다. 원인 분석을 위해 데이터를 확인하는 과정에서 시간이 오래 걸리는 것은 물론, 고객이 불만을 느낀 후 해결한다는 한계가 있었다.IPTV나 IoT(사물인터넷) 등 홈 네트워크에서 문제가 발생하면 고객들의 사용흔적인 로그에 이상징후가 나타난 흔적이 남게 된다. 문제는 이 로그가 한 고객당 평균 4만개가 쌓인다는 점이다.이 4만개 로그를 LG유플러스 IPTV 전체 고객으로 확대하면 하루에만 약 1조개의 데이터가 쌓이게 된다. 이같은 방대한 데이터를 사람이 직접 분석한다면 약 7만 시간, 8년여의 시간이 소요된다는 게 LG유플러스의 설명이다.이에 LG유플러스는 AI를 통해 로그 데이터를 분석하는 방안을 택했다. 1조개의 데이터를 분석하는 데 AI는 단 6시간만 걸리게 된다. 문제 해결까지 필요한 시간도 기존에는 최대 3일 수준이었는데, AI는 문제를 파악하는 즉시 해결할 수 있게 했다.[서울=뉴시스]LG유플러스가 업계 최초로 도입한 품질 예측 AI를 앞세워 고객 불만 제로화에 나선다. 사진은 LG유플러스 모델이 'AI 기반 고객 불편 예측 및 선제 조치 시스템'을 소개하는 모습. (사진=LG유플러스 제공)그렇다면 AI는 어떻게 문제를 탐지하게 될까. 문제 탐지·해결 과정을 단순화해보면 데이터 수집, AI 학습, 이상탐지 및 조치 등 3단계로 운영된다.LG유플러스는 누적된 고객 데이터만 페타바이트 단위 수준이고, 지금도 하루에 수 테라바이트가 쌓이고 있는 사내 데이터 허브를 활용했다. 수집된 데이터 중 IPTV 품질을 개선하기 위해 필요한 데이터를 분류하고 이를 AI 모델에 접목한 것이다. 특히 관련 데이터 총 700여종 데이터 가운데 이상 여부 판단에 필요한 270여종의 데이터를 선별해 적용했다.AI는 이렇게 품질 데이터를 학습하고 품질이 정상 상태일 때의 기준을 확립하게 된다. 이후 IPTV 서비스에서 이상징후가 발생하면 이 기준과 실제 품질에서 차이가 발생하게 되는데, 이렇게 차이가 발생하면 AI가 이상 현상이 발생한 것으로 판단하게 되는 식이다.예컨대 실시간 방송의 화질 저하 문제가 발생한 경우 AI가 정상 상태일 때와의 품질 차이를 인지하고 재부팅이나 원격 조치 등을 통해 즉시 문제를 해결할 수 있다. 특히 이러한 조치는 고객이 셋톱박스를 사용하지 않을 때에만 이뤄져 서비스 이용에 대한 불편을 더 줄였다.LG유플러스가 이같은 AI 기반 시스템에 대한 테스트를 진행한 결과 AI가 고객 불만을 예측하는 정확도는 약 30% 수준이었고, 고객 불만 접수 건수도 10% 가량 줄어든 것으로 나타났다.AI 기반 고객 불편 예측 및 선제 조치 시스템은 UHD4 셋톱박스를 이용하는 90만 고객을 대상으로 우선 적용되고 내년 중 LG유플러스의 IPTV 400만 고객까지 확대된다. 향후 IPTV를 넘어 홈 네트워크에서 발생하는 모든 이상 탐지·해결 과정에 AI를 활용하게 된다.이를 통해 LG유플러스는 IPTV나 홈 네트워크에서 발생하는 이상을 발견하고 해결하는 모든 과정에서 사람이 개입하지 않고 AI가 처리하는 완전 자율 관리체계를 완성할 방침이다.강 센터장은 ""AI 기술을 이용한 시스템의 범위를 더 넓혀서 고객 불편을 제로화하려 한다. LG유플러스의 품질이 너무 좋아서 항상 저희 서비스만 쓰고 싶다는 고객들의 고백을 듣는 게 저희 바람""이라며 ""365일 24시간 끊기지 않게 서비스를 제공한다는 것이 고객과 약속한 기본이기 때문에 고객들이 항상 쾌적한 환경에서 저희 서비스 품질을 믿고 사용할 수 있게 하는 것이 중요하다""고 강조했다."
https://n.news.naver.com/mnews/article/030/0003343928?sid=105,2025-08-26 13:51:08,IT/과학,"불만콜 10%↓… LGU+, IPTV에 AI 품질예측 기술 도입","강봉수 LG유플러스 품질혁신센터장이 26일 서울 중구 LG서울역빌딩에서 열린 기자간담회에서 'AI 기반 고객 불편 예측 및 선제 조치 시스템'을 소개하고 있다. 이동근기자 foto@etnews.comLG유플러스가 인공지능(AI) 품질 예측 시스템을 앞세워 고객불만 제로에 도전한다. 이 시스템은 AI가 고객보다 먼저 IPTV 서비스 이상 여부를 탐지하고 자동 대응한다. 이를 통해 고객 불만콜을 10% 이상 낮추고 문제 해결 리소스를 대폭 줄인다. 내년에는 모든 IPTV 고객으로 확대 적용하고 향후 인간 개입 없는 AI 기반 '완전자율 관리체계'로 고도화한다는 방침이다.LG유플러스는 26일 기자간담회를 열고 자체 개발한 'AI 기반 불편 예측 및 선제조치 시스템'을 공개했다. IPTV나 공유기에서 발생하는 고객의 로그 데이터를 AI가 수집, 분석해 원인을 파악하고 선제 조치하는 기능을 갖췄다.강봉수 LG유플러스 품질혁신센터장은 “AI 예측 시스템은 고객 불편이 불만으로 번지기 전 미리 해소하는데 중점을 뒀다”면서 “이를 독자기술로 구축한 것은 통신사 최초며 관련 특허도 출원했다”고 밝혔다.품질 예측 시스템은 데이터 수집부터 AI 학습, 이상 탐지·조치 등 3단계로 운영된다. 먼저 매일 IPTV·공유기(AP)에서 발생하는 데이터를 수집, 선별한 뒤 AI 분석이 가능하도록 가공해 사내 데이터 허브에 저장한다. 이를 딥러닝 기반 트랜스포머(시계열 데이터 처리 기술) AI 모델로 정밀 분석한다. 방송 화질 저하 문제가 있다면 AI가 자체 진단해 재부팅·원격조치 등을 수행한다.강 센터장은 “IPTV 고객당 하루에만 4만개의 로그가 쌓인다. 고객 전체로 보면 하루 1조개가 넘는다”면서 “이를 수자업으로 분석하는데 7만시간이 걸렸다면 AI는 단 6시간만에 해결한다”고 설명했다.시범 적용 결과 고객 불만콜이 약 10% 줄었고 고객 불만 예측 정확도는 약 30%로 나타났다. 또 원인분석에서 문제해결까지 기존 최대 사흘이 걸렸던 것도 즉시 대응이 가능해졌다.강봉수 LG유플러스 품질혁신센터장이 AI 기반 고객 불편 예측 및 선제 조치 시스템'을 설명하고 있다.LG유플러스는 우선 UHD4 셋톱박스를 이용하는 약 90만명을 대상으로 시스템을 적용한 뒤, 내년 중 구형 단말을 제외한 400만명가량의 전체 IPTV 고객으로 범위를 넓힐 계획이다. 이번 AI 품질 예측 모델을 콘텐츠·플랫폼·네트워크·디바이스(CPND) 전 영역으로 확대한다는 구상이다. 이동통신 기지국 셀의 통신 품질 최적화에도 활용될 전망이다.회사 측은 이번에 개발한 AI 품질 예측 시스템이 단순히 투자수익률(ROI)를 넘어 고객경험 혁신을 위한 비용 투자 차원에서 접근했다고 강조했다. 불필요한 출동이나 상담에 들어가는 리소스를 줄이는 것 외에 쾌적한 이용 환경을 제공해 고객 가치를 높이는 선순환 효과를 기대한다는 설명이다.강 센터장은 “고객 인지후 사후조치 방식에서 고객 인지전 사전조치 방식으로 진화한 것을 넘어 2027년에는 모든 과정에 인간 개입 없이 AI가 처리하는 완전 자율 관리체계를 완성하는 것이 목표”라고 밝혔다."
https://n.news.naver.com/mnews/article/018/0006099099?sid=101,2025-08-26 14:00:17,경제,"에코프로·LGU+, 스타트업과 맞손…“오픈이노베이션 활성화”","중기부, '민관협력 오픈이노베이션 지원사업' 협약식개방형 수요기업 65곳, 스타트업 85곳 참여에코프로, 스타트업 '앰버로드'와 공정 효율화LGU+, 스타트업과 AI 요약·평론 실증 수행노용석 차관 ""개방형혁신 단계별 지원 체계 구축""[이데일리 김응태 기자] 중소벤처기업부는 ‘2025년 민관협력 오픈이노베이션(개방형 혁신) 지원 프로그램’에 참여하는 기업·기관 간 업무 협약식을 개최했다고 26일 밝혔다.사진=중소벤처기업부‘민관협력 오픈이노베이션 지원 프로그램’은 대기업과 스타트업 간 협업 수요를 발굴·연결하고 정부에서 협업 자금을 지원하는 상생협력 사업이다.이번 협약 대상은 개방형 혁신 수요기업 65개사, 협업 스타트업 85개사다. 대·중견기업 등 수요기업은 협업 과제를 통한 성과 창출을 위해 보유 자원·인프라 제공, 기업주도형 벤처캐피탈(CVC) 투자 등을 약속했다.협약에 참여하는 주요 수요기업으로는 에코프로(086520)가 꼽힌다. 에코프로는 제조 인공지능(AI) 솔루션을 제공하는 스타트업 앰버로드와 2차전지 소재 제조공정 효율화를 추진할 계획이다. LG유플러스(032640)는 AI를 활용한 시나리오 요약·평론 실증을 위해 AI 기반 콘텐츠 기획·제작 솔루션 스타트업 위시와 협업한다.특히 올해는 ‘중견기업-스타트업 오픈이노베이션 챌린지’를 통해 중견기업의 참여가 활성화했다. 중견기업 한국에자이가 초기 알츠하이머병 선별 및 예방·관리 솔루션 실증을 위해 AI 치매 진단 스타트업 뉴로엑스티와 협업할 계획이다.협업 사례를 포함한 85개 과제는 협약식을 계기로 본격 추진될 예정이다. 올해 말 통합경진대회를 통해 우수 성과 과제에 대한 포상 등 인센티브를 제공한다.이날 현장에선 ‘오픈이노베이션 정책소통 좌담회’도 개최됐다. 좌담회에선 각 기업의 오픈이노베이션 추진 동향 등을 공유하고 오픈이노베이션 생태계 활성화 방안에 대한 논의가 이뤄졌다.이재훈 에코프로파트너스 대표는 “오픈이노베이션에서 중요한 점은 협업기업 간 상호 이익”이라며 “CVC로서 현업부서·스타트업 양측 수요를 명확히 이해하고 협업을 중개해온 결과 에코프로 그룹 내 오픈이노베이션에 대한 긍정적 인식이 확산했다”고 밝혔다.고홍병 한국에자이 대표는 “스타트업과 혁신 모델 검증 시 한국에자이 전문성을 바탕으로 글로벌 협업 네트워크를 확대해나갈 계획”이라고 말했다.노용석 중기부 차관은 “장기 협업이 요구되는 개방형 혁신 특성을 감안해 매칭, 기술검증, 시장검증 등 협업단계별 성과에 기반을 둔 효과적 지원 체계를 구축하겠다”며 “다양한 기업·기관의 개방형 혁신 참여를 촉진함과 동시에, 지속 가능한 개방형 혁신 생태계를 위해 공정한 협력질서 조성에도 만전을 기하겠다”고 강조했다."
https://n.news.naver.com/mnews/article/008/0005241138?sid=105,2025-08-26 14:02:22,IT/과학,"""매일 1조 개 데이터 분석…LGU+, AI로 IPTV 품질 선제 대응 (종합)","'AI 기반 고객 불편 선제 조치 시스템' 도입UHD4 90만명 우선 적용...내년 전체 확대강봉수 LG유플러스 품질혁신센터장(상무)이 'AI 기반 고객 불편 예측 및 선제 조치 시스템'을 소개하고 있다. /사진=LG유플러스LG유플러스가 업계 최초로 AI(인공지능) 기반 고객 불편 예측 및 선제 조치 시스템을 도입하며 품질 혁신에 본격 나섰다. 고객이 불편을 느끼기 전에 먼저 문제를 감지하고 해결함으로써, 고객 체감 품질을 한층 끌어올리고 '고객 불만 제로화'에 도전하겠다는 전략이다.LG유플러스는 26일 서울 중구 LG서울역빌딩에서 기자간담회를 열고 자체 개발한 'AI 기반 고객 불편 예측 및 선제 조치 시스템'의 주요 내용과 향후 계획을 소개했다. 이 시스템은 IPTV(인터넷TV), 공유기 등에서 발생하는 다양한 품질 데이터를 AI가 분석해 이상 징후를 포착하고, 문제가 감지되면 선제적으로 대응한다.고객이 IPTV를 이용할 때 발생하는 데이터를 매일 1조개 이상 분석하며, 실시간 방송 중 화질 저하 등 문제가 감지되면 고객이 직접 불만을 접수하지 않더라도 AI가 원인을 파악해 자동으로 재부팅 하거나 원격 조치를 수행한다.특히 이러한 조치는 고객이 단말기를 사용하지 않을 때만 이뤄지므로, 사용자 경험에 방해가 가지 않도록 설계됐다. 기존 고객 불만이 접수된 후 원인을 찾아 해결하는 방식의 한계를 보완한 것이다. 고객 입장에서는 불편을 느끼기도 전에 문제를 해결받는 경험을 하게 된다.(왼쪽부터) LG유플러스의 김진만 고객경험품질혁신담당, 강봉수 품질혁신센터장(상무), 조현철 데이터사이언스 랩장(상무). /사진=LG유플러스LG유플러스는 이 시스템 도입을 위해 고도화된 딥러닝 기술을 적용하고, AI 모델에 시계열 데이터 처리 기술을 최적화해 적용했다. 수작업으로 진행하면 약 7만 시간이 소요되던 데이터 분석을 6시간 만에 마무리할 수 있다. 문제 해결 시간도 최대 3일에서 '즉시 처리' 수준으로 단축됐다. 시범 운영 결과 고객 불만 접수 건수는 약 10% 감소했고, AI의 불만 예측 정확도는 약 30%로 나타났다.AI 시스템은 △데이터 수집 △AI 학습 △문제 탐지 및 조치 등 3단계로 구성된다. 총 700여종의 데이터를 수집해 이 중 약 270종을 분석 대상으로 선별하며, 이를 통해 AI가 학습한 패턴을 바탕으로 정밀한 이상 감지를 수행한다. 실제로 시스템은 매일 지속적으로 학습하고 분석하면서 스스로 고도화하며, 서비스 이상 유무를 실시간으로 판단하고 적절한 조치를 결정한다.다만 환각(거짓정보) 문제가 발생할 수 있다는 우려에 대해 조현철 LG유플러스 데이터사이언스 랩장은 ""AI가 100% 완벽할 수 없다. 때문에 AI가 오류라고 하면 직원의 스크리닝을 먼저 거친 후 조치한다""고 설명했다.현재 이 시스템은 UHD4 셋톱박스를 사용하는 약 90만명의 고객에게 우선 적용했으며, 내년까지 전체 400만 IPTV 가입자로 확대할 예정이다. 장기적으로는 IPTV뿐 아니라 홈 네트워크 전반으로 시스템을 확장해 사람이 개입하지 않아도 AI가 전 과정을 처리하는 '완전 자율 관리 체계'를 구축하겠다는 계획이다.아울러 AI 시스템은 이동통신 서비스에도 접목할 예정이다. 김진만 LG유플러스 품질혁신센터 고객경험품질혁신담당은 ""이동통신 분야에도 적용이 가능하다""며 ""신호가 약한 부분을 전국적으로 스캔해 어떤 부분이 약한지 확인하고 어떤 부분을 강화할지 등 AI 기능을 넣어서 진행하고 있다""고 말했다.강봉수 LG유플러스 품질혁신센터장(상무)은 ""AI 기반 품질 관리는 고객 서비스 만족도를 획기적으로 끌어올리는 동시에 내부 업무 효율도 극대화할 수 있는 핵심 기술""이라며 ""앞으로도 LG유플러스는 AI 기술을 중심으로 한 서비스 혁신을 통해 고객이 실질적으로 체감할 수 있는 최고 수준의 품질을 제공해 나가겠다""고 말했다."
https://n.news.naver.com/mnews/article/020/0003656619?sid=101,2025-08-26 14:19:10,경제,"㈜웜브로 ‘러키비키’, LG U+와 MOU 체결… 가맹 매장 운영비 절감 효과 기대","무인 인형뽑기방 브랜드 ‘러키비키(LUKYVIKY)’를 운영하는 ㈜웜브로가 최근 LG U+와 전략적 업무협약(MOU)을 체결했다고 밝혔다. 이번 협약을 통해 러키비키 가맹 매장에서 필수적으로 사용하는 인터넷 및 와이파이 서비스가 특가 요금으로 공급된다. 이에따라 가맹 점주들의 운영비 부담을 줄이는 동시에 영업이익 증진에 기여할 것으로 기대된다.웜브로의 러키비키는 KC 인증을 받은 정품 기기를 전 매장에 도입하고 있으며, 화재보험과 자동 도어락, CCTV 등 안전 시스템을 구축해 안심할 수 있는 운영 환경을 마련했다. 또 카드 결제 시스템과 원격 관리 앱을 통해 현금이 필요 없는 간편한 이용 환경과 효율적인 매장 운영이 가능하다. 실제 점주들은 “앱을 통해 실시간 기기 상태 확인과 간단한 조정이 가능해 본업과 병행하기 용이하다”고 전했다.무인 인형뽑기방 운영에 있어 인터넷과 와이파이는 필수 요소지만 매월 발생하는 통신요금이 부담으로 작용해왔다. 협약을 통해 제공되는 특가 요금제는 점주들의 고정비를 절감하고, 안정적인 네트워크 환경을 기반으로 보다 원활한 매장 운영을 가능하게 할 전망이다.러키비키는 무인 오락 공간을 단순한 놀이 공간이 아닌, 추억과 즐거움을 선사하는 플랫폼으로 발전시키기 위해 노력하고 있다. 또한 웜브로가 함께 운영하는 무인 사진관 ‘포토스트리트’와의 융합을 통해 인형뽑기와 사진 촬영을 동시에 즐길 수 있는 복합 콘텐츠 공간으로의 확장도 모색하고 있다.웜브로 관계자는 “이번 LG U+와의 MOU 체결은 점주들에게 실질적인 운영 혜택을 제공할 수 있는 중요한 계기”라며 “앞으로도 가맹점과 고객 모두 만족할 수 있는 무인 오락 플랫폼으로 발전시켜 나가겠다”고 전했다."
https://n.news.naver.com/mnews/article/421/0008448698?sid=105,2025-08-26 14:25:55,IT/과학,"""마이너리티 리포트처럼""…LGU+, IPTV에 AI 품질예측 도입(종합)","이상 징후 발생 전 로그 수집·분석해 문제 탐지·조치""2026년 중 전 IPTV에 도입…2027년엔 시스템 전반으로 확대""강봉수 LG유플러스 품질혁신센터장(상무)이 26일 서울 중구 LG서울역빌딩에서 개최한 간담회에서 발언하고 있다. (LG유플러스 제공. 재판매 및 DB금지) /뉴스1(서울=뉴스1) 김정현 기자""영화 마이너리티 리포트를 보면 범죄가 일어나기 전에 미리 예측해서 해결하죠. 이번 시스템도 AI를 기반으로 고객들의 불편을 선제적으로 해결하는 방법입니다.""LG유플러스(032640)가 AI를 활용한 자사 서비스 품질 관리에 나선다. IPTV의 고장이나 이상 여부를 AI로 먼저 감지하고 선제적으로 대응하는 방식이다.강봉수 LG유플러스 품질혁신센터장(상무)는 26일 서울 중구 LG서울역빌딩에서 기자간담회를 열고 ""IPTV에 AI를 접목해 고객 불편 예측 및 선제 조치 시스템을 마련했다""며 ""내년 내후년에는 적용 범위를 IPTV 이외 서비스까지 넓혀 고객 불만 제로화를 추진할 것""이라고 말했다.(LG유플러스 제공. 재판매 및 DB금지) /뉴스1IPTV 서비스를 이용하면서 발생하는 데이터를 분석해 서비스 이상 여부를 판단하는 이번 시스템은 △데이터 수집 △AI 학습 △이상탐지 및 조치 등 3단계로 운영된다.먼저 '데이터 수집' 단계에서는 IPTV를 시청할 때 발생하는 단말 품질 데이터뿐 아니라, 인터넷 공유기나 네트워크 연결 상태와 관련된 데이터 등 총 700여 종의 데이터를 수집한다. LG유플러스는 이상 여부 판단에 필요한 270여 종의 데이터를 선별한 뒤, AI 분석이 가능한 형태로 가공해 사내 데이터 허브에 저장하도록 했다.다만 데이터 수집은 고객 개인정보가 아닌 비식별화 단말 데이터로 수집해 개인정보 문제가 없도록 했다.이어 AI 학습 단계에서는 과거에 발생했던 서비스 이상 사례와 일반적인 사례를 비교·분석하여 이상 탐지의 정확도를 높인다. 딥러닝 기반의 최신 AI 모델인 '시계열 데이터 처리 기술'(Transformer)을 최적화해, 정밀도를 높였다.강 센터장은 ""이상 징후가 발생하기 전의 서비스 사용 흔적(로그)이 한 고객당 하루에 4만 개가 쌓이고, 전체 가입자 기준으로는 1조 개가 남는다""며 ""사람이 하면 7만 시간이 걸리는 로그 분석을 AI를 이용해 단 6시간 만에 해결하도록 했다""고 설명했다마지막 단계인 '문제 탐지 및 조치'에서는 학습된 AI가 고객의 환경을 분석해 서비스 상태가 정상인지 판단한다. 이상 징후가 확인되면 단말기의 상태와 접속 환경을 점검하고, 재연결·재시작 등 가장 적합한 원격 조치 방법을 결정해 문제를 해결한다.(LG유플러스 제공. 재판매 및 DB금지) /뉴스1LG유플러스는 이번 시스템이 고객 불만 해결에 있어 패러다임을 바꾸는 것이라고 강조했다. 그동안 고객 불만과 문제 해결은 문제를 고객이 인지한 뒤 사후 조치하는 방식에서, 먼저 문제를 예측하고 사전에 조치하는 방식으로 바뀐다는 설명이다.김진만 고객경험품질혁신 담당은 ""초기에는 약 5% 정도의 불만을 예측하던 이 시스템은 현재 약 30% 수준의 불만을 예측하고 있다""며 ""실제 고객의 불만은 10% 이상 감소할 걸로 기대된다""고 했다. 문제 해결에 걸리는 시간도 기존 최대 3일에서 즉시 해결이 가능하도록 개선됐다.향후 LG유플러스는 이번 문제해결 서비스를 UHD4 셋톱박스를 이용하는 90만 가입자를 대상으로 우선 적용한 뒤, 오는 2026년 중 400만 명에 달하는 모든 IPTV 가입자까지 확대 적용할 계획이다.또 시스템에 사용되는 딥러닝 AI 모델을 지속 고도화해 이상 탐지 범위와 정확도를 높이고, IPTV 뿐만 아니라 홈 네트워크 단말 전반으로 시스템을 확대 적용한다는 방침이다.강 상무는 ""향후 IPTV를 넘어 서비스 전 영역으로 AI를 확대 적용해 고객 불만 제로화에 도전하겠다""며 ""오는 2027년부터는 (문제 해결 과정이) 사람 개입없이 완전 자율 방식으로 이뤄지도록 할 것""이라고 언급했다."
https://n.news.naver.com/mnews/article/138/0002203437?sid=105,2025-08-26 14:46:11,IT/과학,"월 데이터 1조건, 학습 어떻게?…LGU+, IPTV 고객불만 AI가 자동처리(종합)","트랜스포머 기반 AI 모델 적용…""고객 불만 제로화 목표 ""강봉수 LG유플러스 품질혁신센터장(상무)가 26일 오전 서울 중구 LG서울역빌딩에서 진행된 ‘AI 기반 고객 불편 예측 및 선제 조치 시스템’ 기자간담회를 진행하고 있다.[디지털데일리 강소현기자] LG유플러스가 업계 최초로 IPTV에 인공지능(AI) 기반 고객 불편 예측 시스템을 도입한다. 셋톱박스 뿐 아니라 네트워크 스위치 및 AP 로그데이터를 종합해 예측 정확도를 높인 것이 강점이다. 오는 2027년까진 자사 유무선 서비스로 시스템을 확대해 고객 불만을 모두 AI로 처리하는 ‘완전 자율 관리체계’를 구축한다.강봉수 LG유플러스 품질혁신센터장(상무)는 26일 오전 서울 중구 LG서울역빌딩에서 진행된 ‘AI 기반 고객 불편 예측 및 선제 조치 시스템’ 기자간담회를 열고 이 같이 밝혔다.‘AI 기반 고객 불편 예측 및 선제 조치 시스템’은 고객이 불만을 접수하기 전 AI가 이상 징후를 파악해 선제적으로 대응하는 시스템을 말한다. LG유플러스는 이러한 시스템을 업계 최초로 IPTV에 적용했다.예컨대 실시간 방송의 화질 저하 문제가 발생한 경우 고객이 불만을 접수하지 않더라도 AI가 이상을 파악하고 재부팅이나 원격 조치를 취하는 방식이다. 기존에는 고객이 고객센터를 통해 불만을 표시한 뒤 서비스 이상 여부를 인지하고 원인을 찾아 해결하는 과정을 거쳐야 했다.다만, IPTV에서 AI 기반 품질 검증 자동화 시스템을 적용하는 것은 쉽지 않았다는 설명이다. AI를 학습시키기에 셋톱박스가 생산해내는 로그데이터가 워낙 방대한데다 IPTV 오류의 원인이 꼭 셋톱박스에만 있는 것이 아니었기 때문이다.강 상무에 따르면 매일 하루 셋톱박스 한 대에서 발생하는 로그데이터는 약 4만건이다. 월 기준 1조 건 규모로, 사람이 일일이 분석하는데에는 한계가 있었다는 설명이다. 이 가운데 AI는 기존 7만 시간이 걸리던 로그데이터 분석을 단 6시간 만에 해결했다.김진만 품질혁신센터 고객경험품질혁신담당은 “사전 불만을 예측하고 선제 조치하는 것은 어렵다. 같은 증상이라도 고객의 체감품질 수준이 상이하고 분석할 데이터 리소스는 방대했기 때문”이라며 “이러한 현실적 어려움을 어떻게 극복할까 하다가 AI를 활용하게 됐다. AI에 지난 30일 간의 데이터를 분석해 향후 2~3일 내 불만을 제기할 가능성이 있는 고객을 예측해달라고 요청했다”라고 말했다.26일 오전 서울 중구 LG서울역빌딩에서 진행된 ‘AI 기반 고객 불편 예측 및 선제 조치 시스템’ 기자간담회가 진행됐다. (왼쪽부터) LG유플러스 김진만 품질혁신센터 고객경험품질혁신담당, 강봉수 LG유플러스 품질혁신센터장(상무), 조현철 AX기술그룹 데이터사이언스랩장(CTO).데이터를 다량으로 학습시킬 수 있었던 배경으론 ‘트랜스포머(Transformer) 기반 AI 모델’을 꼽았다. 시계열(순서/시간) 순으로 데이터를 학습시키는 글로벌 이동통신사와 달리, 행렬 연산 방법으로 모든 시간대의 IPTV 로그들 간 연관성을 빠른 시간에 학습시킬 수 있었다는 설명이다.특히, LG유플러스는 셋톱박스 뿐 아니라 IPTV 오류의 원인이 되는 네트워크 스위치나 AP 로그데이터를 종합적으로 학습시켜 예측도를 높였다. 시범 테스트 결과 시스템 적용 시 고객의 불만을 예측하는 정확도는 약 30%로 나타났다. 고객의 불만 접수 건수도 약 10% 줄어든 것으로 집계됐다.조현철 AX기술그룹 데이터사이언스랩장(CTO)은 “(LG유플러스는) 네트워크 스위치와 AP 데이터에 대한 AI 학습 노하우를 이미 보유하고 있어 셋톱박스만 보완하면 되는 부분이었다”라며 “즉, 개발 ROI 측면에서 가지고 있는 모델을 재활용해 비용은 물론, 개발 시간도 빠르게 단축할 수 있었다”고 말했다.향후 LG유플러스는 품질 예측 AI을 앞세워 고객 불만 제로화에 나선다는 방침이다. 내년까지 AI 기술 적용범위를 지속 확대하고 2027년엔 400만 고객 대상 완전 자율 체계로 전환하고자 한다.강 상무는 “품질은 고객과의 약속으로 365일 끊기지 않게 서비스하는 것이 중요하다고 본다”라며 “이게 고객 감동으로 이어져 선순환 체계를 구축한다면 향후 더 많은 고객 유입을 기대해볼 수 있을 것 같다”라고 말했다."
https://n.news.naver.com/mnews/article/092/0002387731?sid=105,2025-08-26 14:50:08,IT/과학,"LGU+, 유무선 전 구간 AI 품질관리…2027년 ‘완전 자율화’ 목표","IPTV 400만 단말 확대 적용… 홈·모바일 네트워크까지 단계적 확장LG유플러스가 이상 징후를 파악하고 선제적으로 해결하는 AI 품질 관리 시스템을 IPTV를 넘어 유·무선 네트워크 전반으로 확장한다. 내년부터 AI 기술을 확대 적용하고, 2027년부터 사람이 개입하지 않는 ‘완전 자율 관리 체계’ 구현을 목표로 하고 있다.강봉수 LG유플러스 품질혁신센터장은 26일 서울 중구 LG서울역빌딩에서 진행한 기자간담회에서 “2026년까지 AI 기술을 확대 적용하고, 2027년부터는 사람이 개입하지 않는 완전 자율 관리 체계를 구현할 것”이라고 말했다.이어 그는 “고객은 불편을 느끼기 전에 문제를 해결할 수 있고, 상담사와 홈매니저는 불필요한 출동이나 단순 민원을 줄여 더 고도화된 서비스를 제공할 수 있게 될 것”이라고 부연했다.강봉수 LG유플러스 품질혁신센터장이날 LG유플러스는 IPTV에 시범 적용한 AI 품질관리 시스템을 소개했다. 이 시스템은 단말 로그 데이터를 분석해 가입자가 불편을 체감하기 전 자동 복구·자가 조치 등을 실행하는 것이 핵심이다. 상황에 따라 셋톱박스가 자체적으로 자동복구하거나, 화면에 영상을 띄워 이용자에게 안내할 수도 있다.이 시스템을 본격 도입하기 전 UHD 4K 단말 약 90만대를 통해 시범 테스트를 진행한 결과, 가입자의 불만 접수 건수가 약 10% 줄어든 것으로 확인됐다.LG유플러스는 IPTV 단말 약 500만 대 중 400만 대에 순차 적용할 예정이다. 일부 구형 단말은 적용 대상에서 제외됐다.김진만 LG유플러스 고객경험품질혁신담당은 “AI 품질관리 시스템을 적용하려면 펌웨어 업그레이드라는 소프트웨어 업데이트가 필요한데, 이때 단말 최소 사양 문제가 발생한다”고 설명했다.이번 시스템 개발 과정을 통해 데이터 분석 시간이 대폭 감소했다. 하루 1조 건 이상 쌓이는 로그를 분석하던 시간은 기존 7만 시간에서 단 6시간으로 줄었다. 트랜스포머 기반 딥러닝 모델을 도입해 예측 정확도를 5%에서 30% 수준까지 약 6배 끌어올렸다. 상담 단계에서는 대규모 언어모델(LLM)을 활용해 단순 문의는 AI가 해결하고 상담 인력은 복잡한 사안에 집중할 수 있도록 고도화할 계획이다.데이터 활용과 관련한 우려에 대해서는 비식별 데이터만 사용한다는 점을 강조했다.조현철 LG유플러스 데이터사이언스랩장은 “AI가 예측하는 과정에서 고객의 신상이나 위치를 알 수는 없고, 비식별화된 단말 정보만 다룬다”며 “최근 ISO 42001 AI 윤리 거버넌스 인증을 획득해 보안·윤리적 측면에서도 검증을 받았다”고 말했다."
https://n.news.naver.com/mnews/article/018/0006099157?sid=105,2025-08-26 14:55:12,IT/과학,AI가 IPTV 오류 탐지…LGU+ ‘고객 불만 제로화’ 선언,"이상 징후 발생 전 로그수집 후 문제 탐지고객 당 하루 4만개...전체 1조개 로그 남아AI 로그 분석으로 6시간만에 해결불만접수 10% 감소...예측 정확도 30%내년 400만대 확대...내년 전체 영역 확장 방침[이데일리 윤정훈 기자]LG유플러스(032640)가 업계 최초로 IPTV 고장 및 품질 이상을 고객보다 먼저 감지해 해결하는 AI 기반 서비스 품질 관리 시스템을 도입했다. 불편이 불만으로 이어지기 전에 선제적으로 대응해 ‘고객 불만 제로화’를 실현하겠다는 전략이다.LG유플러스 강봉수 품질혁신센터장(상무)이 ‘AI 기반 고객 불편 예측 및 선제 조치 시스템‘을 소개하고 있다(사진=LG유플러스)LG유플러스는 26일 서울 중구 서울역사옥에서 기자간담회를 열고 ‘AI 기반 고객 불편 예측 및 선제 조치 시스템’을 공개했다. UHD4 셋톱박스 90만대에 우선 적용한 이 시스템은 매일 270여종, 1조개 이상의 데이터를 분석해 이상 징후를 탐지하고, 필요 시 재부팅·원격조치 등 즉각적인 대응을 수행한다.강봉수 LG유플러스 품질혁신센터장(상무)은 “이상 징후가 발생하기 전의 서비스 사용 흔적(로그)이 한 고객당 하루에 4만개가 쌓이고, 전체 가입자 기준으로는 1조 개가 남는다”며 “사람이 하면 7만 시간이 걸리는 로그 분석을 AI를 이용해 단 6시간 만에 해결하도록 했다”고 강조했다.과거에는 고객센터에 불만이 접수된 뒤 원인 분석과 조치가 이뤄져 해결까지 수일이 걸리는 경우가 많았다. 하지만 이번 시스템 도입으로 문제 감지부터 해결까지 걸리는 시간이 기존 최대 3일에서 ‘즉시’ 수준으로 단축됐다. 데이터 분석 시간도 기존 7만 시간에서 6시간으로 줄었다. 시범 적용 결과 불만 접수 건수는 약 10% 감소했으며, 불만 예측 정확도는 30% 수준을 기록했다.LG유플러스는 이 같은 성과를 바탕으로 내년 IPTV 400만대 전체로 확대 적용하고, 향후 공유기 등 홈 네트워크 단말까지 영역을 넓힐 계획이다. 2026년까지는 AI가 전 과정을 스스로 처리하는 완전 자율 관리 체계를 구축한다는 목표다.시스템은 △데이터 수집 △AI 학습 △이상 탐지 및 조치 등 3단계로 운영된다. 고객 단말기 품질 데이터와 네트워크 상태 등 700여종 데이터를 수집한 뒤, 270여종 핵심 데이터를 가공해 AI가 학습한다. LG유플러스는 최신 딥러닝 모델인 트랜스포머 기반 시계열 분석 기술을 최적화해 탐지 정밀도를 높였으며, 사소한 오류까지 식별 가능하도록 고도화했다.가령 실시간 방송 화질 저하가 발생하면 고객이 이를 인지하기 전 AI가 원인을 파악해 재연결이나 재부팅을 수행한다. 고객이 셋톱박스를 사용하지 않는 시간대를 활용해 원격조치가 이뤄지므로, 고객은 불편을 체감하기 전에 문제 해결 효과를 누리게 된다.홍범식 LG유플러스 대표는 취임 직후부터 품질·보안·안전 등 3대 기본기 강화를 강조해왔다. 이번 AI 시스템 역시 ‘품질’ 경쟁력 강화를 위한 핵심 과제로 추진됐다.강 센터장은 “AI 기반 품질 관리는 고객 만족도를 끌어올리는 동시에 업무 효율성을 극대화할 것”이라며 “앞으로 IPTV를 넘어 서비스 전 영역으로 확대해 고객 불만 제로화에 도전하겠다”고 밝혔다."
https://n.news.naver.com/mnews/article/031/0000960018?sid=105,2025-08-26 15:23:09,IT/과학,"LGU+, AI 기반 IPTV 품질 혁신…""고객 인지 전 선제 조치""(종합)","하루 1조 건 데이터 6시간 만에 분석…불만 예측 정확도 30% 달성IPTV 넘어 홈 네트워크·통신망까지 확대…2027년 완전 자율 관리 목표LG유플러스는 인공지능(AI) 품질 예측 시스템을 앞세워 IPTV 서비스 혁신에 나섰다. 고객이 불편을 느끼기 전에 AI가 문제를 탐지·조치하는 '선제 대응 체계'를 구축해 불만 콜을 줄이고 서비스 품질을 높이겠다는 구상이다.LG유플러스 강봉수 품질혁신센터장(상무)이 ‘AI 기반 고객 불편 예측 및 선제 조치 시스템'을 소개하는 모습. [사진=LGU+]26일 서울 용산 LG서울역빌딩에서 열린 기자간담회에서 LG유플러스는 업계 최초로 자체 개발한 'AI 기반 불편 예측·선제조치 시스템'을 공개했다. 우선 UHD4 셋톱박스를 이용하는 약 90만명을 대상으로 적용했으며, 내년에는 구형 단말을 제외한 400만 명 규모의 IPTV 고객으로 확대할 계획이다. IPTV 시장 정체 속에서 차별화된 고객 경험 혁신을 꾀한다는 전략이다.강봉수 LG유플러스 품질혁신센터장은 ""AI 예측 시스템은 고객 불편이 불만으로 번지기 전 미리 해소하는데 중점을 뒀다""며 ""이를 독자기술로 구축한 것은 통신사 최초며 관련 특허도 출원했다""고 전했다. 그는 이어 ""고객이 불편을 인지하기 전에 문제를 해결해, 아침에 TV를 켜면 이미 정상화된 경험을 제공하는 것이 목표""라고 강조했다.LG유플러스는 딥러닝 기반 트랜스포머(시계열 데이터 처리 기술) 모델을 도입했다. IPTV·공유기(AP)·네트워크 연결 등 700여 종의 로그 데이터를 수집·분석해 원인을 파악하고 자동 대응하는 방식이다. IPTV 고객당 하루 4만 개 전체 고객 기준 하루 1조 건이 넘는 데이터를 AI가 처리한다.조현철 LG유플러스 데이터사이언스Lab장은 ""AI는 고객 단말에서 10분마다 발생하는 방대한 데이터를 학습해 실제 고객이 체감하는 장애 수준을 확률로 계산한다""며 ""예측된 수치와 현장 경험을 결합해 품질 혁신에 적용하고 있다""고 말했다.AI 품질 예측 시스템은 △데이터 수집 △학습 △조치 등 3단계로 운영된다. 데이터 수집 단계에서는 IPTV·홈 네트워크 데이터를 취합하고, 학습 단계에서는 정상·장애 데이터를 구분해 이상 여부를 판별한다. 마지막 조치 단계에서는 고객 단말을 점검해 필요시 원격 재부팅·재연결을 진행한다.시범 적용 결과 고객 불만콜은 약 10% 줄었고, 불만 예측 정확도는 약 30%로 나타났다. 김진만 LG유플러스 품질혁신센터 고객경험품질혁신담당은 ""같은 증상이라도 고객마다 체감 강도가 달라 불만 제로화는 쉽지 않지만, 불만 콜 10% 감소는 상당히 의미 있는 성과""라며 ""향후 전 셋톱박스로 확대 적용하면 고객 불편을 더욱 줄일 수 있을 것""이라고 설명했다.(사진 왼쪽부터) 김진만 고객경험품질혁신담당, 강봉수 품질혁신센터장(상무), 조현철 데이터사이언스Lab장(상무)이 Q&A를 진행하는 모습 [사진=LGU+]LG유플러스는 IPTV를 넘어 홈 네트워크와 이동통신 기지국까지 AI 선제조치 범위를 확대할 방침이다. 인터넷 접속 장애나 와이파이 속도 저하가 발생했을 때 고객이 알아채기 전 AI가 복구하는 체계를 완성하겠다는 것이다.강 센터장은 ""고객 인지후 사후조치 방식에서 고객 인지전 사전조치 방식으로 진화한 것을 넘어 2027년에는 모든 과정에 인간 개입 없이 AI가 처리하는 완전 자율 관리체계를 완성하는 것이 목표""라고 밝혔다.LG유플러스는 데이터 프라이버시와 신뢰성 확보를 위한 안전장치도 강조했다. 조현철 데이터사이언스Lab장은 ""LG유플러스는 고객을 식별할 수 없는 비식별 데이터만 활용하며, 가입 약관에도 서비스 개선 목적의 사용이 명시돼 있다""며 ""LG유플러스가 사용하는 트랜스포머 기반 AI는 생성형이 아니라 분류형 모델이라 환각(hallucination) 우려가 없고, 오탐 발생 시에도 내부 직원이 검증 과정을 거쳐 고객에게 잘못된 조치가 적용되는 일은 없다""고 강조했다."
https://n.news.naver.com/mnews/article/029/0002978063?sid=105,2025-08-26 15:34:16,IT/과학,"AI로 IPTV 고장 사전 감지·해결… LGU+, 고객 불만 ‘제로’ 도전장","IPTV부터 적용… 전영역 확대테스트 결과 불만 접수 10% ↓2027년까지 완전자율관리 구축강봉수 LG유플러스 품질혁신센터장(상무)이 ‘AI 기반 고객 불편 예측 및 선제 조치 시스템’을 소개하고 있다. LG유플러스 제공LG유플, 불편예측시스템 공개LG유플러스가 자사 인터넷TV(IPTV) 서비스에 인공지능(AI) 기반 품질 예측과 선제 대응 시스템을 업계 최초로 도입했다. 단말, 네트워크 데이터 분석을 통해 가입자 불만 가능성을 AI가 예측하고 선제 조치로 이어지는 체계를 마련했다. LG유플러스는 IPTV를 시작으로 홈 네트워크, 무선 통신망 등 AI 기반 품질 예측을 전 영역으로 확대하고 2027년까지 ‘완전 자율 관리 체계’를 구축한다는 방침이다.LG유플러스는 26일 기자간담회를 열고 자체 개발한 ‘AI 기반 불편 예측 및 선제조치 시스템’을 공개했다. IPTV나 공유기에서 발생하는 데이터를 AI가 수집, 분석해 이상 징후와 원인을 파악하고 선제 조치하는 역할을 한다.강봉수 LG유플러스 품질혁신센터장(상무)은 “IPTV를 넘어 서비스 전 영역으로 AI를 확대 적용해 고객 불만 제로화에 도전하겠다”고 말했다.이 시스템은 IPTV 서비스를 이용하면서 발생하는 데이터를 분석해 서비스 이상 여부를 판단한다. AI가 분석하는 데이터는 매일 1조 개 이상으로, 이상이 발생하면 AI가 자체적으로 1차 해결에 나선다. 예를 들어 실시간 방송의 화질 저하 문제가 발생하면 불만을 접수하지 않아도 AI가 이상을 파악하고 재부팅이나 원격 조치 등을 통해 문제를 해결하는 식이다.LG유플러스가 시스템 도입에 앞서 시범 테스트를 진행한 결과, 불만 접수 건수가 약 10% 줄어든 것으로 집계됐다. 불만을 예측하는 정확도는 약 30%로 나타났다. 원인 분석부터 해결까지 소요되는 시간도 줄었다. 수작업으로 진행할 경우 약 7만 시간이 걸리는 데이터 분석은 6시간으로, 문제 해결에 걸리는 시간은 기존 최대 3일에서 즉시 해결 가능해졌다.김진만(왼쪽부터) LG유플러스 고객경험품질혁신담당, 강봉수 품질혁신센터장, 조현철 데이터사이언스랩장이 Q&A를 진행하고 있다. LG유플러스 제공AI 시스템은 데이터 수집, AI 학습, 이상탐지 및 조치 등 3단계로 운영된다. 최신 AI 딥러닝 기술을 사용해 이상 여부 탐지 정확도도 높였다. 데이터 수집 단계에서는 인터넷 공유기나 네트워크 연결 상태와 관련된 데이터까지 총 700여종의 데이터를 수집한다. 이 중 이상 여부 판단에 필요한 270여종 데이터를 선별하고 AI 분석이 가능한 형태로 가공해 사내 데이터 허브에 저장한다. AI 학습은 딥러닝 기반 최신 AI 모델인 ‘시계열 데이터 처리 기술’을 최적화해 정밀도를 향상시켰다.조현철 LG유플러스 데이터사이언스 랩장은 “AT&T, 스페인 텔레포니카 등 글로벌 통신사도 AI 기반 이상 탐지를 활용해 품질 관리에 나서고 있다”며 “LG유플러스는 IPTV 품질 데이터 수집시 원천 데이터 확보를 위해 네트워크, 공유기(AP), 셋톱박스까지 전체 데이터를 분석한다”고 말했다.LG유플러스는 UHD4 셋톱박스를 이용하는 90만 이용자를 대상으로 AI 기반 불편 예측 및 선제 조치 시스템을 우선 적용한다. 내년 중 400만에 이르는 모든 IPTV 가입자로 시스템을 확대 적용할 계획이다. 아울러 2027년까지 사람이 개입하지 않고 AI가 처리하는 완전 자율 관리체계를 완성할 방침이다.강 센터장은 “AI 기반의 품질 관리는 고객의 서비스 만족도 향상과 업무 효율성을 극대화하는 핵심 동력이 될 것”이라며 “앞으로도 LG유플러스는 AI 등 최신 기술을 적용해 고객이 체감할 수 있는 최고의 품질 경험을 제공할 것”이라고 말했다."
https://n.news.naver.com/mnews/article/382/0001219192?sid=105,2025-08-26 15:53:14,IT/과학,“AI로 IPTV 고장 해결”…LGU+ “고객 불만 제로화”,"LG유플러스가 업계 최초로 품질 예측 인공지능(AI)을 도입하며 ‘고객 불만 제로화’에 나선다. 고장이나 이상 여부를 고객보다 먼저 감지하고 해결하는 AI를 통해 서비스 품질을 한 단계 높인다는 전략이다.●선제적 대응 역할LG유플러스는 26일 서울 중구 LG서울역빌딩에서 기자간담회를 갖고 자체 개발한 ‘AI 기반 고객 불편 예측 및 선제 조치 시스템’을 소개했다. IPTV나 공유기에서 발생하는 데이터를 AI가 분석해 이상 징후를 파악하고, 이상이 발생하면 선제적으로 대응하는 역할을 한다. 통신사업자의 기본 중 하나인 ‘품질’에 집중하기 위해 이번 시스템을 개발했다는 게 LG유플러스측 설명이다.LG유플러스에 따르면 AI가 분석하는 고객 데이터는 매일 1조 개 이상이다. 이상이 발생하면 AI가 자체적으로 1차 해결에 나선다. 실시간 방송의 화질 저하 문제가 발생한 경우, 고객이 불만을 접수하지 않더라도 AI가 이상을 파악하고 재부팅이나 원격 조치 등을 통해 즉시 문제를 해결하는 식이다. 이런 조치는 고객이 셋톱박스를 사용하지 않을 때에만 이뤄진다. 고객 입장에선 불편이 불만으로 번지기 전에 문제가 해결되는 셈이다. 기존에는 고객이 고객센터를 통해 불만을 표시한 이후 서비스 이상 여부를 인지하고 원인을 찾아 해결하는 과정을 거쳐야 했다.LG유플러스가 시스템 도입에 앞서 시범 테스트를 진행한 결과, 고객의 불만 접수 건수가 약 10% 줄어든 것으로 집계됐다. 고객의 불만을 예측하는 정확도는 약 30%로 나타났다. 원인 분석부터 해결까지 소요되는 시간도 크게 줄었다. 수작업으로 진행할 경우 약 7만 시간이 걸리는 데이터 분석은 6시간으로, 문제 해결에 걸리는 시간은 기존 최대 3일에서 즉시 해결 가능해졌다.●“내년 모든 IPTV로 확대”LG유플러스는 ‘UHD4’ 셋톱박스를 이용하는 90만 고객을 대상으로 ‘AI 기반 고객 불편 예측 및 선제 조치 시스템’을 우선 적용한다. 내년 중 400만에 이르는 모든 IPTV 고객으로 시스템을 확대 적용할 계획이다.또 시스템에 사용되는 딥러닝 AI 모델을 지속적으로 고도화해 이상 탐지 범위와 정확도를 높이고, IPTV 뿐 아니라 AP 등 홈 네트워크 단말 전반으로 시스템을 확대 적용할 예정이다. 이를 통해 IPTV나 홈 네트워크에서 발생하는 이상을 발견하고 해결하는 모든 과정에서 사람이 개입하지 않고 AI가 처리하는 ‘완전 자율 관리체계’를 완성한다는 방침이다.강봉수 LG유플러스 품질혁신센터장(상무)은 “고객 누구나 인정하는 최고 품질의 서비스를 위해 AI 기반의 시스템을 개발해 도입했다”며 “향후 IPTV를 넘어 서비스 전 영역으로 AI를 확대 적용해 고객 불만 제로화에 도전하겠다”고 말했다."
https://n.news.naver.com/mnews/article/014/0005396991?sid=105,2025-08-26 16:00:22,IT/과학,"""AI 넣으니 불만접수 10% 줄었다"" LG U+, 'AI 불편 예측 시스템' 도입","LG유플러스 강봉수 품질혁신센터장(상무)이 26일 서울 중구 LG서울역빌딩에서 열린 기자간담회에서 ‘AI 기반 고객 불편 예측 및 선제 조치 시스템'을 소개하고 있다. LG유플러스 제공[파이낸셜뉴스] LG유플러스가 업계 최초로 인터넷TV(IPTV) 품질 예측 시스템에 인공지능(AI)을 전면 도입한다. 딥러닝을 적용해 탐지 정확도를 높인 AI가 고장이나 이상 여부를 고객보다 먼저 감지하고 해결하는 방식이다. AI를 통해 종전 7만 시간에 달하던 데이터 분석시간을 99.9% 단축해 최대 3일이 걸리던 문제 해결 시간 즉시 처리할 수 있어 고객 체감 서비스 품질이 대폭 향상될 것으로 기대된다.26일 LG유플러스 강봉수 품질혁신센터장(상무)은 서울 중구 LG서울역빌딩에서 기자간담회를 열고 자체 개발한 ‘AI 기반 고객 불편 예측 및 선제 조치 시스템’을 소개했다. 이 시스템은 IPTV나 공유기에서 발생하는 데이터를 AI가 분석해 이상 징후를 파악하고, 이상 발생 시 선제적으로 대응하는 역할을 한다.이 시스템에 탑재된 AI가 분석하는 고객의 데이터는 매일 1조개 이상이다. 이상이 발생하면 AI가 자체적으로 1차 해결에 나선다.가령 실시간 방송의 화질 저하 문제가 발생한 경우 고객이 불만을 접수하지 않더라도 AI가 이상을 파악하고 재부팅이나 원격 조치 등을 통해 즉시 문제를 해결할 수 있다. 이러한 조치는 고객이 셋톱박스를 사용하지 않을 때에만 진행된다. 기존에는 고객이 고객센터를 통해 불만을 표시한 이후, 서비스 이상 여부를 인지하고 원인을 찾아 해결하는 과정을 거쳐야 했다. 김진만 LG유플러스 고객경험품질혁신담당은 ""지난 30일 간의 고객 데이터를 분석해 향후 2~3일 내 불만을 제기할 가능성이 있는 고객을 AI가 예측한다""고 말했다.LG유플러스가 AI 도입 후 시범 테스트 결과 고객의 불만 접수 건수가 이전보다 약 10% 줄어든 것으로 조사됐다. 고객의 불만을 예측하는 정확도는 약 30%로 나타났다. 수작업으로 진행할 경우 약 7만 시간이 걸리는 데이터 분석은 6시간으로, 문제 해결에 걸리는 시간은 기존 최대 3일에서 즉시 해결 가능해졌다.시스템은 △데이터 수집 △AI 학습 △이상탐지 및 조치 등 3단계로 운영된다.데이터 수집 단계에서는 고객이 IPTV를 시청할 때 발생하는 단말 품질 데이터 뿐 아니라, 인터넷 공유기나 네트워크 연결 상태와 관련된 데이터 등 총 700여종의 데이터를 수집한다. 이 중에서 이상 여부 판단에 필요한 270여종의 데이터를 선별한 뒤 AI 분석이 가능한 형태로 가공해 사내 데이터 허브에 저장한다.AI 학습 단계에선 AI가 과거에 발생했던 서비스 이상 사례와 일반적인 사례를 비교·분석해 이상 탐지의 정확도를 높인다.문제 탐지 및 조치에서는 학습된 AI가 고객의 환경을 분석해 서비스 상태가 정상인지 판단한다. 이상 징후가 확인되면 단말기의 상태와 접속 환경을 점검하고, 재연결·재시작 등 가장 적합한 원격 조치 방법을 결정해 문제를 해결한다.LG유플러스는 UHD4 셋톱박스를 이용하는 90만 고객을 대상으로 이 시스템을 우선 적용한다. 내년에는 400만명 규모의 모든 IPTV 고객으로 시스템을 확대 적용할 계획이다."
https://n.news.naver.com/mnews/article/015/0005175792?sid=105,2025-08-26 16:51:19,IT/과학,"""고장나기 전 AI가 미리 고친다""…LGU+, 문제 예측 시스템 도입","400만 IPTV 가입자에 적용홍범식 사장의 '품질 집념'LG유플러스가 400만 인터넷TV(IPTV) 가입자를 위한 문제 예측 시스템을 도입한다. ‘인공지능(AI) 매니저’가 IPTV와 공유기에서 발생하는 1조 개 이상의 데이터를 분석해 화질 저하 등 이상을 미리 방지하는 시스템이다. 소비자 만족도를 높이는 동시에 사고 접수 등에 들어가는 비용을 대폭 줄일 수 있을 것으로 기대된다.26일 강봉수 LG유플러스 품질혁신센터장(사진)은 “IPTV나 홈 네트워크에서 발생하는 이상을 발견하고 해결하는 모든 과정에서 사람이 개입하지 않고 AI가 처리하는 ‘완전 자율 관리체계’를 완성하겠다”고 말했다.LG유플러스의 ‘AI 기반 고객 불편 예측 및 선제 조치 시스템’은 데이터 수집, AI 학습, 이상 탐지 및 조치 등 3단계로 운영된다. 사용자가 IPTV를 시청할 때 발생하는 단말기 품질 데이터, 인터넷 공유기 및 네트워크 연결 상태와 관련한 데이터 등 700여 종의 데이터를 수집해 AI에 학습시킨 뒤 AI가 문제 발생 가능성을 탐지하면 재부팅이나 원격 조치 등을 통해 즉시 문제를 해결하는 방식이다.LG유플러스 관계자는 “사전 테스트 결과 AI의 불만 예측 정확도는 약 30%에 달했다”며 “이에 따라 불만 접수 건수는 약 10% 줄어들었다”고 말했다. 원인 분석부터 해결까지 걸리는 시간도 크게 단축됐다. LG유플러스에 따르면 수작업으로 하면 약 7만 시간 걸리는 데이터 분석은 6시간으로, 문제 해결 기간도 최대 3일에서 몇 시간으로 줄었다.이번 시스템 개발은 홍범식 LG유플러스 사장의 품질에 대한 의지로 이뤄졌다.그는 지난해 12월 사장으로 취임한 직후 “통신사업자의 가장 기본은 품질”이라며 “품질, 보안, 안전 등 고객 신뢰와 직결되는 3대 기본기가 가장 중요하다”고 강조했다. LG유플러스는 UHD4 셋톱박스를 이용하는 90만 이용자를 대상으로 이번 시스템을 우선 적용하기로 했다. 내년에는 400만 가구에 달하는 모든 IPTV 사용자로 시스템을 확대 적용할 계획이다. 강 센터장은 “당장 눈앞의 투자 대비 효율(ROI)만 봤으면 절대 하지 못했을 것”이라며 “품질 혁신으로 이용자 경험이 개선되면 LG유플러스 전 영역에서 ‘충성 고객’이 늘어날 것으로 판단해 투자했다”고 설명했다."
https://n.news.naver.com/mnews/article/648/0000039206?sid=105,2025-08-26 17:04:07,IT/과학,"""고객보다 빠르게 IPTV 오류 인지할 것""","LGU+, AI 품질 최적화 시스템'자율 관리 체계' 구축이 목표김진만 LG유플러스 품질혁신센터 고객경험 품질혁신담당이 서울 중구 LG서울역빌딩에서 열린 기자간담회에서 '인공지능(AI) 기반 고객 불편 예측 및 선제 조치 시스템'에 대해 소개했다./사진=왕보경 기자LG유플러스가 인공지능(AI)을 기반으로 IPTV의 고장을 예측하고 해결하는 시스템을 구축했다. 이를 활용해 발 빠르게 서비스의 이상 징후를 판단하고 서비스 품질을 최적화하겠다는 계획이다.26일 오전 서울 중구 LG서울역빌딩에서 'AI 기반 고객 불편 예측 및 선제 조치 시스템'을 주제로 열린 기자간담회가 열렸다. 이 자리에는 LG유플러스 강봉수 품질혁신센터장, 조현철 데이터사이언스lab장, 김진만 고객경험 품질혁신담당이 참석해 'AI 기반 고객 불편 예측 및 선제 조치 시스템'을 발표했다.AI 기반 선제 조치 시스템은 AI를 활용해 고객 데이터를 분석하고 이상이 감지되면 선제적으로 문제를 해결한다. 예를 들어 IPTV의 실시간 방송 화질 저하가 발생하면 AI가 자체적으로 재부팅, 원격 조치 등을 통해 문제를 해결한다. 고객이 셋톱박스를 사용하지 않을 때만 조치가 이뤄진다는 점이 특징이다.강 센터장은 ""영화 '마이너리티 리포트'를 보면 '프리 크라임'이라는 시스템을 활용해 범죄를 미리 예측하고 이를 해결한다""면서 ""저희도 미리 IPTV의 데이터를 분석하고 예측해 문제를 예방하고자 한다""고 전했다.LG유플러스는 AI를 활용해 지속적인 데이터 분석, 학습, 반복 과정을 통해 '불만 예측 시스템'을 구축했다. 크게 3단계로 나눠 작동한다.가장 먼저 '데이터 수집' 단계에서 700여종의 데이터를 수집해 이상 여부에 필요한 데이터를 선별하고, 이를 모니터링한다. 두번째 단계에서는 'AI 학습'이 진행된다. AI가 서비스 이상 사례와 일반 사례를 비교해 분석한다. 마지막 단계에서 '문제 탐지 및 조치'가 진행된다. 학습된 AI가 고객 환경을 분석해 서비스 상태의 정상 작동 여부를 판단하고, 원격 조율을 통해 문제를 해결한다.강 센터장은 ""고객 한명당 하루에 400만개의 사용 흔적(로그)이 쌓인다. 전체 고객수로 확대하면 매일 1조개 이상의 데이터다. 기존 시스템을 통해 데이터를 분석할 경우 7만시간이 소요된다. 그러나 AI를 활용해 데이터 분석 시간을 6시간으로 단축했다""고 설명했다.IPTV 서비스에 AI를 접목하는 과정은 쉽지 않았다. 특히 고객마다 불편함을 느끼는 정도가 달라 선제적인 대응이 어려웠기 때문이다.김 담당은 ""같은 증상이라도 고객마다 체감하는 불만의 강도와 시점이 다르다. '고객의 마음을 읽어보자'라는 생각으로 단말 데이터를 활용해 사전 조치라는 신규 패러다임을 구축했다""고 말했다.그는 ""시범 테스트 결과 고객의 불만을 예측하는 정확도는 약 30%로 나타났다. 고객 불만 접수 건수도 10% 줄어든 것으로 집계됐다""며 ""지금은 AI가 예측한 데이터를 조치 시스템에 넘기는 방식이지만 향후 100% 자율 관리 체계를 구축하는 것이 목표""라고 했다.한편, LG유플러스의 AI 기반의 이상 탐지 기술은 통신사 최초로 선보인 독자적인 시스템이다. LG유플러스는 해당 기술을 특허 출원했다. AI 기반 이상 탐지 기술은 90만대의 UHD4 셋톱박스에 우선 적용된다. 내년까지 400만 고객에게 확대 적용할 계획이다."
https://n.news.naver.com/mnews/article/014/0005397067?sid=105,2025-08-26 18:09:10,IT/과학,"""고장난 적 있었나?"" LGU+ IPTV AI가 눈 깜짝할 새 고친다","품질 예측 시스템에 AI 최초 도입사용자보다 빨리 고장 여부 감지최대 3일 걸리던 문제 즉시 조치시범 결과 불만 접수량 10% 줄어내년 400만 전 고객에 적용 방침LG유플러스 강봉수 품질혁신센터장이 26일 서울 중구 LG서울역빌딩에서 열린 기자간담회에서 'AI 기반 고객 불편 예측 및 선제 조치 시스템'을 소개하고 있다. LG유플러스 제공LG유플러스가 업계 최초로 인터넷TV(IPTV) 품질 예측 시스템에 인공지능(AI)을 전면 도입한다. 딥러닝을 적용해 탐지 정확도를 높인 AI가 고장이나 이상 여부를 고객보다 먼저 감지하고 해결하는 방식이다. AI를 통해 종전 7만 시간에 달하던 데이터 분석시간을 99.9% 단축해 최대 3일이 걸리던 문제 해결 시간 즉시 처리할 수 있어 고객 체감 서비스 품질이 대폭 향상될 것으로 기대된다.26일 LG유플러스 강봉수 품질혁신센터장(상무)은 서울 중구 LG서울역빌딩에서 기자간담회를 열고 자체 개발한 'AI 기반 고객 불편 예측 및 선제 조치 시스템'을 소개했다. 이 시스템은 IPTV나 공유기에서 발생하는 데이터를 AI가 분석해 이상 징후를 파악하고, 이상 발생 시 선제적으로 대응하는 역할을 한다.이 시스템에 탑재된 AI가 분석하는 고객의 데이터는 매일 1조개 이상이다. 이상이 발생하면 AI가 자체적으로 1차 해결에 나선다. 가령 실시간 방송의 화질 저하 문제가 발생한 경우 고객이 불만을 접수하지 않더라도 AI가 이상을 파악하고 재부팅이나 원격 조치 등을 통해 즉시 문제를 해결할 수 있다. 이러한 조치는 고객이 셋톱박스를 사용하지 않을 때에만 진행된다. 기존에는 고객이 고객센터를 통해 불만을 표시한 이후, 서비스 이상 여부를 인지하고 원인을 찾아 해결하는 과정을 거쳐야 했다. 김진만 LG유플러스 고객경험품질혁신담당은 ""지난 30일 간의 고객 데이터를 분석해 향후 2~3일 내 불만을 제기할 가능성이 있는 고객을 AI가 예측한다""고 말했다.LG유플러스가 AI 도입 후 시범 테스트 결과 고객의 불만 접수 건수가 이전보다 약 10% 줄어든 것으로 조사됐다. 고객의 불만을 예측하는 정확도는 약 30%로 나타났다. 수작업으로 진행할 경우 약 7만 시간이 걸리는 데이터 분석은 6시간으로, 문제 해결에 걸리는 시간은 기존 최대 3일에서 즉시 해결 가능해졌다. 시스템은 △데이터 수집 △AI 학습 △이상탐지 및 조치 등 3단계로 운영된다. 데이터 수집 단계에서는 고객이 IPTV를 시청할 때 발생하는 단말 품질 데이터 뿐 아니라, 인터넷 공유기나 네트워크 연결 상태와 관련된 데이터 등 총 700여종의 데이터를 수집한다. 이 중에서 이상 여부 판단에 필요한 270여종의 데이터를 선별한 뒤 AI 분석이 가능한 형태로 가공해 사내 데이터 허브에 저장한다.AI 학습 단계에선 AI가 과거에 발생했던 서비스 이상 사례와 일반적인 사례를 비교·분석해 이상 탐지의 정확도를 높인다. 문제 탐지 및 조치에서는 학습된 AI가 고객의 환경을 분석해 서비스 상태가 정상인지 판단한다. 이상 징후가 확인되면 단말기의 상태와 접속 환경을 점검하고, 재연결·재시작 등 가장 적합한 원격 조치 방법을 결정해 문제를 해결한다.LG유플러스는 UHD4 셋톱박스를 이용하는 90만 고객을 대상으로 이 시스템을 우선 적용한다. 내년에는 400만명 규모의 모든 IPTV 고객으로 시스템을 확대 적용할 계획이다."
https://n.news.naver.com/mnews/article/243/0000083695?sid=101,2025-08-26 18:51:08,경제,"""IPTV, AI 자율관리 시대 온다""...LG U+, AI 불편 예측 및 조치 시스템 자체 개발","UHD4 셋톱 90만대 우선 적용내년 IPTV 400만대 확대 계획LG유플러스 강봉수 품질혁신센터장 상무가 ‘AI 기반 고객 불편 예측 및 선제 조치 시스템'을 소개하고 있다. [사진 LG유플러스][이코노미스트 라예진 기자] LG유플러스가 업계 최초로 품질 예측 AI를 활용한 ‘고객 불만 제로화’에 나선다. 고장이나 이상 여부를 소비자 보다 먼저 감지하고 해결하는 AI를 통해 서비스 품질을 한 단계 높인다는 전략이다.LG유플러스는 26일 서울 중구 LG서울역빌딩에서 기자간담회를 열고 자체 개발한 ‘AI 기반 고객 불편 예측 및 선제 조치 시스템’을 소개했다. 이 시스템은 IPTV나 공유기에서 발생하는 데이터를 AI가 분석해 이상 징후를 파악하고, 이상 발생 시 선제적으로 대응하는 역할을 한다.LG유플러스는 통신사업자의 기본 중 하나인 ‘품질’에 집중하기 위해 이번 시스템을 개발했다. 앞서 LG유플러스 홍범식 대표는 지난해 12월 취임 이후 품질·보안·안전 등 신뢰와 직결되는 3대 기본기에 대한 중요성을 강조했다.LG유플러스의 ‘AI 기반 고객 불편 예측 및 선제 조치 시스템’은 소비자가 IPTV 서비스를 이용하면서 발생하는 데이터를 분석해 서비스 이상 여부를 판단한다. AI가 분석하는 고객의 데이터는 매일 1조개 이상이다. 이상이 발생하면 AI가 자체적으로 1차 해결에 나선다.가령 실시간 방송의 화질 저하 문제가 발생한 경우, 소비자가 불만을 접수하지 않더라도 AI가 이상을 파악하고 재부팅이나 원격 조치 등을 통해 즉시 문제를 해결할 수 있다. 이러한 조치는 소비자가 셋톱박스를 사용하지 않을 때에만 이뤄진다.기존에는 소비자가 고객센터를 통해 불만을 표시한 이후, 서비스 이상 여부를 인지하고 원인을 찾아 해결하는 과정을 거쳐야 했다. 원인 분석을 위해 데이터를 확인하는 과정에서 시간이 오래 걸리는 것은 물론, 소비자가 불만을 느낀 후 해결한다는 한계가 있었다. 이를 해결하기 위해 LG유플러스는 AI 기반의 이상 탐지 기술을 개발하고 특허를 출원하는 등 노력을 기울였다.본격적인 시스템 도입에 앞서 시범 테스트를 진행한 결과, 고객의 불만 접수 건수가 약 10% 줄어든 것으로 집계됐다. 불만을 예측하는 정확도는 약 30%로 나타났다. 원인 분석부터 해결까지 소요되는 시간도 크게 줄었다. 수작업으로 진행할 경우 약 7만 시간이 걸리는 데이터 분석은 6시간으로, 문제 해결에 걸리는 시간은 기존 최대 3일에서 즉시 해결 가능해졌다.이에 LG유플러스는 UHD4 셋톱박스를 이용하는 90만 소비자를 대상으로 ‘AI 기반 고객 불편 예측 및 선제 조치 시스템’을 우선 적용하고, 내년 중 400만에 이르는 모든 IPTV 고객으로 시스템을 확대 적용할 계획이다.또한 시스템에 사용되는 딥러닝 AI 모델을 지속적으로 고도화해 이상 탐지 범위와 정확도를 높이고, IPTV 뿐만 아니라 AP 등 홈 네트워크 단말 전반으로 시스템을 확대 적용할 예정이다. 이를 통해 IPTV나 홈 네트워크에서 발생하는 이상을 발견하고 해결하는 모든 과정에서 사람이 개입하지 않고 AI가 처리하는 ‘완전 자율 관리체계’를 완성할 방침이다.강봉수 센터장은 “AI 기반의 품질 관리는 고객의 서비스 만족도 향상은 물론, 업무효율성을 극대화하는 핵심 동력이 될 것”이라며 ”앞으로도 LG유플러스는 AI 등 최신 기술을 적용해 고객이 체감할 수 있는 최고의 품질 경험을 제공할 것”이라고 말했다."
https://n.news.naver.com/mnews/article/081/0003569069?sid=105,2025-08-26 19:59:10,IT/과학,AI로 IPTV 상태 파악…LG U+ “고객 불만 제로”,"품질 예측 기술로 사전 원격 조치문제 처리 최대 3일서 즉시 해결로LG유플러스 용산 사옥 전경 LG유플러스 제공LG유플러스가 업계 최초로 인공지능(AI) 기반의 품질 예측 기술을 인터넷TV(IPTV)에 적용해 고객 불편을 사전에 차단한다.LG유플러스는 26일 서울 중구 LG서울역빌딩에서 기자간담회를 열고 ‘AI 기반 고객 불편 예측 및 선제 조치 시스템’을 소개했다. 이 시스템은 IPTV나 공유기에서 발생하는 방대한 데이터를 AI가 실시간으로 분석해 이상 징후를 일찍 파악하고, 문제가 확인되면 고객이 불만을 접수하기 전에 선제적으로 대응한다. 예컨대 실시간 방송 중에 화질 저하가 발생하면 AI가 이를 감지해 재부팅하거나 원격 조치해 고객이 직접 신고하지 않도록 하는 것이다.이 시스템은 데이터 수집, AI 학습, 이상 탐지 및 조치 단계를 거친다. 데이터 수집은 고객이 IPTV를 시청할 때 발생하는 단말 품질 데이터뿐 아니라 인터넷 공유기나 네트워크 연결 상태와 관련된 데이터 등 총 700여종의 데이터를 모은다. 이 중 이상 여부 판단에 필요한 270여종의 데이터를 선별한 뒤 AI 분석이 가능한 형태로 가공해 사내 데이터 허브에 저장한다. AI가 분석하는 데이터는 하루 1조건 이상에 달한다.LG유플러스는 시범 테스트 결과 고객의 불만 접수 건수는 약 10% 줄었고 불만 예측 정확도는 약 30%로 나타났다고 밝혔다. 수작업으로 진행할 때 약 7만 시간이 걸리던 데이터 분석은 6시간으로, 문제 해결에 걸리는 시간은 기존 최대 3일에서 즉시 해결이 가능해졌다는 설명이다.LG유플러스는 UHD4 셋톱박스를 이용하는 고객 90만명을 대상으로 시스템을 우선 적용하고 내년에 400만명의 모든 IPTV 고객으로 확대 적용할 계획이다."
https://n.news.naver.com/mnews/article/018/0006099353?sid=102,2025-08-26 20:03:12,사회,"[미리보는 이데일리 신문]李 “안미경중 이젠 끝…한미, 함께 경제 르네상스”","[이데일리 조용석 기자] 다음은 27일자 이데일리 신문 주요 기사다.△1면-李 “안미경중 이젠 끝…한미, 함께 경제 르네상스”-이재용·젠슨황 뜨거운 포옹…재계, 210조-스테이블코인 큰손 韓시장 두드리는데 손발 묶인 투자업계-글로벌 공략 나선 K메디컬뷰티, 평가와 전망-선방한 한미 첫 정상회담, 윈윈 틀 흔들림 없어야-심각한 고교학점제 현장 혼란, 보완 대책 시급하다△한미 정상회담-우려했던 농산물 논의 없었지만…러트닉 “韓 시장 더 개뱡해야”-회담 전 트럼프 ‘SNS 암박’에 철렁…덕담 오간 훈훈한 분위기에 안도△한미 정상회담-李 “한반도 피스메이커 돼달라”…트럼프 치켜세우며 남북해법 모색-트럼프 ‘안보 청구서’에…尹 “국방비 증액할 것”-안미경중에 선 그었지만…尹 “미국도 중국과 필요한 땐 협력”△한미 정상회담-정의선 ‘로봇 공장 신설’, 조원태 ‘항공기 103대 구매’…210조원 더 푼다-이재용·젠슨황 포옹…HBM 협력 불끈-‘마스가’ 닻 올렸다…조선 3사 뱃고동-원전부터 전략광물까지 협력 강화△손 놓은 스테이블코인 투자-스테이블코인 쑥쑥 크는데…투자사들 “규제에 막혀 적극 투자 못해”-“원화 스테이블코인 법제화 속도내야”-토큰증권·AI 에이전트까지…차세대 결제 인프라로 부상△종합-“기금형 퇴직연금 도입”…운용사 책임성·투명성에 달려”-1분기 일자리 증가폭 ‘역대 최저’…건설·제조업 부진 직격탄-“中企 기술탈취 뿌리 뽑는다” 기술임치 늘리고 대응단 신설-6·27 규제 약발 다했나…집값 기대심리 한 달 만에 반등△정치-‘강성 반탄’ 장동혁, 김문수 제쳐…“당 분열로 몰고 가면 결단”-당정 “재정 적극 역할”…R&D 예산 역대 최대 편성-김혜경 여사, 美 의회도서관 방문 “타지서 韓 역사·문화 연구 감명”-與, 내달 1일 尹 ‘CCTV’ 열람…법무장관 “대국민 공개는 안돼”△경제-소비심리 최고치 찍었지만…관세·물가가 변수-서학개미·코인투자자↑…해외계좌 급증-민주노총, 사회적대화 참여 여부 내달 3일 결론-동해안 몰려온 참다랑어…민관 ‘상품화’ 나선다△금융-재대출·연체율 쑥…‘빚 돌려막기’ 된 불법사금융예방대출-‘260만 외국인 잡아라’ 은행 전용상품 속속-32년간 308마리…시각장애인 빛 돼준 삼성 안내견-보험업계, 소상공인 무상보험 내놓는다△글로벌-김정은 치켜세우며 손 내민 트럼프…“자원·노벨상 노림수”-결국 연준 이사 해임한 트럼프…112년 역사상 처음-주지사 동의 없이 군 투입…美‘치안 특수부대’ 창설 논란-마크롱 비판 ‘트럼프 사돈’ 프랑스 초치에 대리인 보내-인텔 “정부 지분 투자, 사업전반 리스크 초래”△산업-한미 정상회담 기대 걸었는데…진전없는 車·철강 관세 인하-‘LG 씽큐 AI’ 유럽 둔점 돌…챗봇비 순차적 확대-불황에도 삼성그룹 채용규모 확대…JY “양질의 취업 기회 제공”-노란봉투법·더 센 상법에…이찬희 삼성 준법위 위원장 “새 환경에 적응할 시간 필요”-KG스틸 “지역사회와 상생”…소외계층 가정·한부모 돕는다-현대글로비스 가치 81% 쑥 세계 물류기업 중 21위 올라△산업-맞춤형 협동로봇·솔루션 제공…글로벌 파운드리 발돋움-대기업·스타트업 협력 지원 중기부, 오픈이노베이션 협약-저탄소 LNG·SMR 등…SK, 에너지 해법 소개한다-해외 인재 확보 나선 LG이노텍…美서 ‘이노 커넥트’ 개최△ICT-“디지털 규제는 미 기업 공격‘ 경고한 트럼프-LGU+, AI가 알아서 IPTV 고친다-‘제2 케데헌’ 나오려면…K콘텐츠 산업 세제 혜택 필요-‘月 4900원’ 우버 구독서비스 출시 “최대 10% 적립률로 차별화”△생활경제-“나도 감성 소비”…필름디카·다마고치에 ‘오픈런’-K칵테일 ‘광화문 믹사토’ 궁금하네-라면업계, 스프·소스 제조사 잇단 인수…왜-“10여년 노력의 결실”…한섬, 프랑스 대표 백화점 뚫었다△부동산- 대출 막히자 미리내집 경쟁률 ‘뚝’…비아파트형도 ‘급세’- “산재·불법하도급 막으려면…종합·전문건설 역할 재정립 시급”- GS건설 “AI 혁신 가속화”…업계 첫 기업용 챗GPT 도입△증권-눈높이 내려가는 3분기…그래도 솟아날 종목은 있다-주주환원 앞장선 22개 기업-AI거품론 커지느냐 꺼지느냐…엔비디아에 쏠린 눈-2026년 세계회계사대회 서울서 열린다-한투증권 9000억 유증…자기자본 12조 눈앞△의료·헬스-환자권리 확대 맞춰 진단병리 새 규범 제시할 것-소아·청년 2형 당뇨, 13년새 4배 ↑-갑상선 이상으로 눈 충혈·돌출…초기엔 보존치료로 개선 가능-구장에 등장한 컵육회…“여름엔 조심”△BOOK-이세돌, 인생의 수읽기-먼저 온 미래-똑똑한 보더콜리·명징한 불도그는 없다-눈뜬이와 눈먼이, 두 신경학자의 우정편지-200자 책꽂이△MICE-“K컬처 글로벌 열풍 활용…‘일+여행’ 결합한 마이스 전략 필요”-고부가가치 관광산업 키운다…17년 만에 정부 국정과제 채택된 마이스-‘축제·이벤트’ 정책 사각지대 방치…지방소멸 대응 위해 법 제정 시급-마이스 브리프△오피니언-[목멱칼럼]‘일학습병행제’의 세 가지 효과-[전문기자칼럼]韓 소비자 노리는 글로벌 OTA의 덫-고영훈 ’어제 오늘 그리고 내일-25.6‘-[기자수첩]2009년 무분규의 교훈 잊은 현대차노조△피플-철학 담은 ‘넘담’…공감으로 고객 마음 끌었죠-‘CJ 장남’ 이선호, 6년 만에 지주사 복귀-농협은행 “원화 코인으로 K팝 저작권 STO 살 수 있도록”-하나금융, 22년 만에 美 LA지점 신설-kt HCN, ‘방송인 AI 영상 공모전’ 우수상△사회-“반장선거도 스피치 학원 다녀야 붙죠”-‘더 센 특검법’ 추진에 3대특검 분주-10명 중 8명 “킬러문항 반대”-특검, 김건희 29일 구속기소-양육비 선지급제 ‘꼼수 이행’ 막는다-인천시민, 내년 3월부터 제3연륙교 통행 무료"
https://n.news.naver.com/mnews/article/081/0003569118?sid=105,2025-08-27 05:03:32,IT/과학,AI로 IPTV 상태 파악… LGU+ “고객 불만 제로”,"품질 예측 기술로 사전 원격 조치문제 처리 최대 3일서 즉시 해결로LG유플러스가 업계 최초로 인공지능(AI) 기반의 품질 예측 기술을 인터넷TV(IPTV)에 적용해 고객 불편을 사전에 차단한다.LG유플러스는 26일 서울 중구 LG서울역빌딩에서 기자간담회를 열고 ‘AI 기반 고객 불편 예측 및 선제 조치 시스템’을 소개했다. 이 시스템은 IPTV나 공유기에서 발생하는 방대한 데이터를 AI가 실시간으로 분석해 이상 징후를 일찍 파악하고, 문제가 확인되면 고객이 불만을 접수하기 전에 선제적으로 대응한다. 예컨대 실시간 방송 중에 화질 저하가 발생하면 AI가 이를 감지해 재부팅하거나 원격 조치해 고객이 직접 신고하지 않도록 하는 것이다.이 시스템은 데이터 수집, AI 학습, 이상 탐지 및 조치 단계를 거친다. 데이터 수집은 고객이 IPTV를 시청할 때 발생하는 단말 품질 데이터뿐 아니라 인터넷 공유기나 네트워크 연결 상태와 관련된 데이터 등 총 700여종의 데이터를 모은다. 이 중 이상 여부 판단에 필요한 270여종의 데이터를 선별한 뒤 AI 분석이 가능한 형태로 가공해 사내 데이터 허브에 저장한다. AI가 분석하는 데이터는 하루 1조건 이상에 달한다.LG유플러스는 시범 테스트 결과, 고객의 불만 접수 건수는 약 10% 줄었고 불만 예측 정확도는 약 30%로 나타났다고 밝혔다. 수작업으로 진행할 때 약 7만 시간이 걸리던 데이터 분석은 6시간으로, 문제 해결에 걸리는 시간은 기존 최대 3일에서 즉시 해결이 가능해졌다는 설명이다. LG유플러스는 UHD4 셋톱박스를 이용하는 고객 90만명을 대상으로 시스템을 우선 적용하고 내년에 400만명의 모든 IPTV 고객으로 시스템을 확대 적용할 계획이다."
https://n.news.naver.com/mnews/article/008/0005241421?sid=105,2025-08-27 05:30:00,IT/과학,LGU+ 인터넷TV는 AI 스스로 문제처리,"강봉수 LG유플러스 품질혁신센터장(상무)이 'AI 기반 고객 불편 예측 및 선제 조치 시스템'을 소개하고 있다. /사진=LG유플러스LG유플러스가 업계 최초로 AI(인공지능) 기반 고객불편 예측 및 선제조치 시스템을 도입하며 품질혁신에 본격 나섰다. '고객불만 제로화'에 도전한다는 전략이다.26일 LG유플러스는 서울 중구 LG서울역빌딩에서 기자간담회를 열어 자체개발한 'AI 기반 고객불편 예측 및 선제조치 시스템'의 주요 내용과 앞으로 계획을 소개했다. 이 시스템은 IPTV(인터넷TV), 공유기 등에서 발생하는 다양한 품질데이터를 AI가 분석해 이상징후를 포착하고 문제가 감지되면 선제적으로 대응한다.고객이 IPTV를 이용할 때 발생하는 데이터를 매일 1조개 이상 분석하며 실시간 방송 중 화질저하 등 문제가 감지되면 고객이 직접 불만을 접수하지 않더라도 AI가 원인을 파악해 자동으로 재부팅하거나 원격조치를 수행한다.특히 이러한 조치는 고객이 단말기를 사용하지 않을 때만 이뤄지므로 사용자 경험에 방해가 가지 않도록 설계됐다. 고객불만이 접수된 후 원인을 찾아 해결하는 기존 방식의 한계를 보완한 것이다. 시범운영 결과 고객불만 접수건수는 약 10% 감소했고 AI의 불만예측 정확도는 약 30%로 나타났다.현재 이 시스템은 UHD4(초고선명4) 셋톱박스를 사용하는 약 90만명의 고객에게 우선 적용했고 내년까지 전체 400만 IPTV 가입자로 확대할 예정이다. 장기적으론 IPTV뿐 아니라 홈네트워크 전반으로 시스템을 확장해 사람이 개입하지 않아도 AI가 전과정을 처리하는 '완전자율관리체계'를 구축한다는 계획이다. 이동통신 서비스에도 접목할 예정이다.강봉수 품질혁신센터장(사진)은 ""AI 기반 품질관리는 고객서비스 만족도를 획기적으로 끌어올리는 동시에 내부 업무효율도 극대화할 수 있는 핵심기술""이라며 ""앞으로도 LG유플러스는 AI기술을 중심으로 한 서비스 혁신을 통해 고객이 실질적으로 체감할 수 있는 최고수준의 품질을 제공해나가겠다""고 말했다.(왼쪽부터) LG유플러스의 김진만 고객경험품질혁신담당, 강봉수 품질혁신센터장(상무), 조현철 데이터사이언스 랩장(상무). /사진=LG유플러스"
https://n.news.naver.com/mnews/article/029/0002978451?sid=105,2025-08-27 18:40:42,IT/과학,"[AI 3대 강국, 3년에 달렸다] 계획부터 수행까지… ‘1인 1 AI비서’로 승부본다","SKT ‘에이닷’·다중 LLM 활용KT ‘믿:음’ 韓 소버린 AI 전략LGU+, 실생활 밀착 보안 강화④ 에이전틱AI를 선점하라‘1인 1 인공지능(AI) 비서 시대를 열어라.’전세계적인 생성형 AI 경쟁이 ‘에이전틱 AI’ 경쟁으로 넘어가고 있는 가운데 한국에서도 여러 기업들이 ‘1인 1비서’ 시대를 앞당기기 위해 속도를 내고 있다. 한국에선 특히 이동통신 기업들이 AI 비서 서비스 고도화에 힘을 쏟고 있다.에이전틱 AI는 단순한 대화형 AI를 넘어 스스로 목표를 설정하고 복잡한 작업을 수행하는 인공지능 서비스를 말한다. 통신사들은 이를 자신들의 서비스에 접목해 가입자의 일정 전반을 관리하는 ‘퍼스널 AI 비서’로 키워 나가고 있다.SK텔레콤은 ‘에이닷’을 중심으로 AI 오케스트레이션 기능을 강화하고 있고, KT는 한국적 특화 AI 모델 ‘믿:음 2.0’을 앞세워 국산 거대언어모델(LLM) 저력을 알리고 있다. LG유플러스는 AI 통화 앱 ‘익시오’를 통해 보이스피싱 차단과 생활 밀착형 기능으로 이용자 충성도를 높이고 있다. 통신사들은 각각 AI 모델과 서비스 경쟁력을 강화해 새 성장동력을 확보하고 한국형 AI 생태계 주도권을 잡겠다는 전략이다.SKT 모델이 에이닷 4.0 버전을 사용하고 있다. SKT 제공◇SKT ‘에이닷’, 숨은 의도 파악하고 목표 설정SK텔레콤의 AI 에이전트 ‘에이닷’은 단순 요청 수행을 넘어서 스스로 계획을 세우고 실행하는 AI 비서로 진화했다. 핵심은 최신 AI 기법인 ‘에이전틱 워크플로우’ 적용이다. 이를 통해 이용자의 숨은 의도를 파악하고 목표를 설정한 뒤 순차적으로 작업을 수행할 수 있다.에이닷은 지난 2022년 5월 ‘고객 일상의 디지털 메이트’라는 콘셉트의 베타 버전으로 출시됐다. 초기에는 이용자 요청을 그대로 수행하는 형태라 깊이 있는 대화나 맥락이 이어지는 대화가 어렵다는 한계가 있었다.SKT는 에이전틱 워크플로우를 에이닷 맞춤형으로 구현하면서 이용자의 요청을 분석해 그에 맞는 작업을 계획한 후 가장 적합한 하위 에이전트를 연결하는 ‘에이전트 오케스트레이터’를 도입했다. 이용자가 직접 에이전트를 설정하지 않아도 적절한 하위 에이전트를 지정해 복잡한 요구도 능동적으로 처리한다. 이와 함께 ‘다중 에이전트 협업’ 기능을 통해 뮤직이나 증권 등 하위 에이전트가 하나의 대화창에서 유기적으로 작동한다.에이닷은 글로벌 AI 모델 통합 ‘검색’ 기능으로도 주목받고 있다. 챗GPT뿐 아니라 클로드, 퍼플렉시티뿐 아니라 구글 제미나이, 국산 ‘라이너 프로’까지 6개 글로벌 AI 서비스의 18개 세부 모델을 한 앱에서 이용할 수 있다. 이에 정식 출시 22개월을 맞은 에이닷은 월간 실사용자(MAU) 810만명, 가입자 1000만명을 돌파했다.SKT는 자체 LLM인 ‘에이닷엑스’(A.X) 시리즈 개발에도 집중한다. 340억개(34B) 매개변수를 기반으로 한 ‘에이닷엑스 3.1’부터 720억개 매체변수 표준 모델과 70억개 매개변수 경량 모델 등 2종으로 구성된 ‘에이닷엑스 4.0’을 선보이면서 한국어 최적화 기술력을 고도화하고 있다.에이닷엑스 3.1은 모델의 맨 처음 단계부터 모두 직접 구축하는 방식인 ‘프롬 스크래치’식으로 만들었다. 모델 구축과 데이터 학습 등 전 단계를 직접 수행해 한국어 대화 성능을 높였고 코드와 수학 성능까지 향상시킨 버전이다. 에이닷 4.0은 한국어 처리 효율성과 데이터 보안을 고려한 설계 등이 특징이다. 이와 함께 SKT는 2019년 국내 최초의 한국어 딥러닝 언어 모델인 ‘코버트’(KoBERT)를 자체 개발해 공개하고 지난해까지 에이닷 1~3모델을 연이어 선보였다.SKT는 크래프톤, 포티투닷, 리벨리온, 서울대·KAIST 등과 컨소시엄을 구성해 정부가 선정한 ‘독자 AI 파운데이션 모델’ 정예팀에도 이름을 올렸다. 텍스트뿐 아니라 이미지, 음성, 비디오 등 다양한 형태의 데이터를 통합 처리할 수 있는 ‘옴니모달’ 기술을 적용할 예정이며, 3000억 이상의 매개변수 모델을 선보일 계획이다.KT 기술혁신부문 연구원들이 서초구 KT 우면연구센터에서 믿:음 2.0을 테스트하고 있다. KT 제공◇KT, 언어·문화 맥락 반영한 ‘믿:음 2.0’ 주력KT는 한국의 언어·문화적 맥락을 반영한 LLM ‘믿:음 2.0’을 최근 공개했다. 115억 파라미터 규모의 베이스 모델과 23억 파라미터 규모의 미니 모델로 구성되며 한국어와 영어를 지원한다. 문서 기반 질의응답, 보고서 작성 등 한국 비즈니스 환경에 최적화한 것이 특징이다.성능 평과에서 성과도 두드러진다. 믿:음 2.0은 고려대와 함께 개발한 ‘코-소버린’(Ko-Sovereign) 벤치마크에서 글로벌 모델들을 능가했고, 한국어 언어모델 평가지수에서도 우수한 성능을 기록했다. 특히 글로벌 리더보드인 ‘호랑이(Horangi) 리더보드’에서 150억 파라미터 이하 모델 중 종합 1위를 차지했다. AI 안전성 벤치마크를 한국형으로 변환한 ‘코다크벤치’(KoDarkBench) 평가에서도 1위를 기록하며 안전성과 신뢰성을 확보했다.데이터 확보에도 공을 들였다. 고려대 민족문화연구원, 두산디지털이노베이션, EBS, 한글학회 등과 ‘K 데이터 얼라이언스’를 출범해 한국적 맥락을 담은 고품질 데이터를 학습에 활용했다. 단순한 기술 개발을 넘어 학문적 연구와 산업 현장에서의 실질적 활용을 동시에 추진할 수 있는 기반을 조성한다는 계획이다.향후 KT는 금융·교육·법률 등 산업 맞춤형 AI 솔루션을 확장하고 성능을 고도화한 ‘믿:음 2.0 프로’도 선보일 계획이다. KT는 현재 믿:음 2.0 프로 모델의 1차 학습을 완료했고, ‘프라이빗 프리뷰’를 통해 완성도를 높이고 있다. 추론형 모델과 멀티모달 모델도 순차 공개할 예정이다.이와 함께 국산 AI 반도체 기업과 협업해 생태계 경쟁력을 높이고, 마이크로소프트(MS)와 손잡아 한국형 GPT 모델 개발에도 나서는 등 글로벌 영향력 확대를 꾀한다. KT 관계자는 “믿:음 2.0은 국산 기술력의 진보를 보여주는 상징적 성과”라며 글로벌 AI 무대에서도 경쟁력을 강화하겠다고 밝혔다.LG유플러스 관계자들이 ‘익시오’ 서비스를 소개하고 있다. LG유플러스 제공◇LGU+ AI 통화 앱 ‘익시오’로 보이스피싱 방지LG유플러스는 AI 기반 통화 앱 ‘익시오’를 앞세워 차별화에 나서고 있다. LG유플러스는 최근 번호이동(MNP) 고객을 대상으로 이동 이유를 조사했다. 다른 통신사에서 LG유플러스로 넘어 온 가입자 중 31%가 그 이유로 익시오를 꼽았다. 이는 ‘결합 할인’(44%)에 이어 두 번째로 높은 비율이다. ‘저렴한 요금’(19%)이나 ‘망 품질’(6%)보다 비중이 높다. AI 앱이 강력한 가입 요인이 된 셈이다.앱 충성도를 보여주는 스티키니스 지표도 약 80%로 집계돼 익시오가 일상에서 꾸준히 활용되는 서비스임이 입증됐다고 회사 측은 설명했다.특히 지난 6월 익시오에 도입된 ‘안티딥보이스’ 기능은 한 달 만에 5500여건의 변조 음성을 탐지, 약 2900억원 규모의 보이스피싱 피해 예방 효과를 거뒀다. 안티딥보이스는 통화 시작 직후 5초 이내에 변조 음성을 감지하고, 대화 패턴을 분석해 1~2분 안에 보이스피싱 의심 여부를 판별한다. 탐지 정확도는 98%에 달하며, 안드로이드와 iOS에서 별도 설치 없이 활용 가능하다.LG유플러스는 올 하반기 대화 맥락에서 등장한 장소나 상호를 실시간 인식해 지도 정보를 제공하는 기능, 위험 URL·악성 앱 탐지 기능도 선보일 예정이다. 개인정보위원회·국립과학수사연구원과 협력해 보이스피싱 범죄자 음성 탐지 기술도 탑재, 고객 안심을 강화한다는 전략이다. 또한 AI 기반의 위험 URL과 악성 앱 탐지 기능도 도입할 예정이다.현재 통신3사는 ‘3사 3색’으로 AI 비서와 이용자 생태계 확산에 나서고 있다. 요약하자면 SKT는 다중 에이전트와 자체 LLM으로 AI 기술 리더십을 확보하고, KT는 한국형 LLM ‘믿:음’으로 소버린 AI 전략을 강화한다. LG유플러스는 실생활 밀착형 보안 기능을 앞세워 차별화를 꾀한다.궁극적으로는 개인 맞춤형 AI 에이전트 경쟁이 국내 AI 기술 자립과 글로벌 경쟁력 확보로 이어진다. 때문에 에이전틱 AI는 단순 서비스 경쟁을 넘어 AI 원천 기술과 데이터, 안전성까지 아우르는 종합적 역량의 승부 무대가 되고 있다. 업계 한 관계자는 “AI 비서가 단순 대화에서 벗어나 목표 설정, 조치 실행, ·보안 강화까지 수행하고 있다”며 “통신사들의 승부는 서비스 경쟁을 넘어 한국형 AI 주도권 확보로 이어지고 있다”고 말했다."
https://n.news.naver.com/mnews/article/003/0013446624?sid=105,2025-08-28 09:00:00,IT/과학,"LGU+, IPTV 'U+tv' 레드닷 어워드 본상 수상","""콘텐츠와 조화 이룬 UX 디자인으로 고객 경험 차별화"" 평가하반기에도 콘텐츠 상세 및 구매 화면 UX 디자인 개선 예정[서울=뉴시스]LG유플러스는 자사 IPTV 서비스 'U+tv'가 2025 레드닷 디자인 어워드에서 브랜드&커뮤니케이션 디자인 부문 본상을 수상했다고 28일 밝혔다. 사진은 본상을 수상한 U+tv의 첫 진입 화면. (사진=LG유플러스 제공)[서울=뉴시스]윤현성 기자 = LG유플러스는 자사 IPTV 서비스 'U+tv'가 2025 레드닷 디자인 어워드에서 브랜드&커뮤니케이션 디자인 부문 본상을 수상했다고 28일 밝혔다.레드닷 디자인 어워드는 iF디자인 어워드, IDEA 디자인 어워드와 함께 3대 디자인 공모전으로 불리며 전세계적인 권위를 인정받고 있는 시상식이다. 국제 전문가 심사위원단이 매년 제품 디자인, 디자인 콘셉트, 브랜드·커뮤니케이션 디자인 등 3개 부문에서 디자인의 우수성, 창의성, 기능성을 평가해 수상작을 선정한다.LG유플러스가 수상한 분야는 '조작&고객 경험 디자인(Interface&User Experience Design)'이다. 빛과 투명도를 활용해 시청자의 감각을 섬세하게 자극하는 LG유플러스만의 디자인 가이드가 수상 이유로 꼽힌다. 이러한 가이드를 기반으로 ""U+tv의 다양한 콘텐츠와 자연스럽게 조화를 이루도록 설계한 UX 디자인이 차별화된 고객 경험을 제공했다""는 평을 받았다.LG유플러스는 U+tv에서 고객이 콘텐츠를 탐색할 때, 필요한 핵심 정보를 간단하고 명확하게 제공하기 위해 UX 개선 작업을 이어가고 있다. 지난해 적용된 ixi(익시) 음성검색은 기존에 명령어 기반의 검색에서 AI기반 대화형 에이전트로 진화했고, 올해 7월부터 순차 적용 중인 실시간 채널은 고객이 채널 탐색·시청에 유용한 기능들을 쉽게 발견하고 컨트롤할 수 있도록 시각화하는데 중점을 뒀다.LG유플러스는 하반기에도 고객이 탐색 과정에서 빠르게 시청 결정을 내리고, 콘텐츠에 몰입할 수 있도록 콘텐츠 상세 및 구매 화면 UX 디자인을 개선할 예정이다. 고객이 원하는 정보를 직관적인 디자인으로 제공함으로써, U+tv를 이용하는 매 순간 최고의 고객 경험을 느낄 수 있게 지속적으로 노력할 방침이다.김현민 LG유플러스 CX센터 UX담당은 ""이번 수상 결과는 고객 중심의 LG유플러스 UX 스타일 가이드를 구축하기 위해 오랜 시간 고민하고 변화한 결과""라며 ""앞으로도 U+tv를 사용하는 고객에게 새롭고 심플한 UX 디자인으로 시각적인 재미까지 전달할 수 있도록 도전과 도약을 거듭하겠다""고 말했다."
https://n.news.naver.com/mnews/article/421/0008452332?sid=105,2025-08-28 09:00:00,IT/과학,"LGU+, IPTV 서비스 '레드닷 어워드' 수상…""차별화된 고격경험""","'2025 레드닷 디자인 어워드'에서 브랜드&커뮤니케이션 디자인 부문 본상을 수상한 'U+tv'의 첫 진입 화면. (LGU+ 제공)(서울=뉴스1) 이기범 기자 = LG유플러스(032640)는 자사 IPTV 서비스 'U+tv'가 '2025 레드닷 디자인 어워드'에서 브랜드&커뮤니케이션 디자인 부문 본상을 받았다고 28일 밝혔다.레드닷 디자인 어워드는 'iF디자인 어워드', 'IDEA 디자인 어워드'와 함께 3대 디자인 공모전으로 불리는 시상식이다. 전문 심사위원단이 매년 제품 디자인, 디자인 콘셉트, 브랜드·커뮤니케이션 디자인 등 3개 부문에서 디자인 우수성, 창의성, 기능성을 평가해 수상작을 가린다.이번에 LG유플러스가 수상한 분야는 '조작&고객 경험 디자인'이다. 레드닷 어워드 측은 ""U+tv의 다양한 콘텐츠와 자연스럽게 조화를 이루도록 설계한 사용자경험(UX) 디자인이 차별화된 고객 경험을 제공했다""고 평가했다.LG유플러스는 IPTV에 AI 기반 대화형 에이전트를 도입하는 등 고객이 콘텐츠를 탐색할 때, 필요한 핵심 정보를 간단하고 명확하게 제공하기 위한 UX 개선 작업을 이어가고 있다.김현민 LG유플러스 CX센터 UX담당은 ""이번 수상 결과는 고객 중심의 LG유플러스 UX 스타일 가이드를 구축하기 위해 오랜 시간 고민하고 변화한 결과다""며 ""앞으로도 U+tv를 사용하는 고객에게 새롭고 심플한 UX 디자인으로 시각적인 재미까지 전달할 수 있도록 도전과 도약을 거듭하겠다""고 말했다."
https://n.news.naver.com/mnews/article/008/0005242041?sid=105,2025-08-28 09:00:00,IT/과학,"LGU+ IPTV, '레드닷 디자인 어워드' 수상","/사진=LG유플러스LG유플러스의 IPTV 서비스 'U+tv'가 '2025 레드닷 디자인 어워드'에서 브랜드&커뮤니케이션 디자인 부문 본상을 수상했다고 28일 밝혔다.레드닷은 △iF디자인 어워드 △IDEA 디자인 어워드와 함께 3대 디자인 공모전으로 불린다. 국제 전문가 심사위원단이 매년 제품 디자인, 디자인 콘셉트, 브랜드·커뮤니케이션 디자인 등 3개 부문에서 디자인의 우수성, 창의성, 기능성을 평가해 수상작을 선정한다.LG유플러스는 조작&고객 경험 디자인 분야에서 ""U+tv의 다양한 콘텐츠와 자연스럽게 조화를 이루도록 설계한 UX(사용자경험) 디자인이 차별화된 고객 경험을 제공했다""는 평가를 받아 수상했다.LG유플러스는 이용자의 콘텐츠 탐색 편의성을 높이기 위해 U+tv UX를 개선하고 있다. 지난해 적용된 ixi(익시) 음성검색은 기존에 명령어 기반의 검색에서 AI기반 대화형 에이전트로 진화했고, 올해 7월부터 순차 적용 중인 실시간 채널은 고객이 채널 탐색 및 시청에 유용한 기능들을 쉽게 발견하고 컨트롤할 수 있도록 시각화하는데 중점을 뒀다. 올 하반기에도 UX 디자인 개편을 이어간다.김현민 LG유플러스 CX센터 UX담당은 ""이번 수상 결과는 고객 중심의 LG유플러스 UX 스타일 가이드를 구축하기 위해 오랜 시간 고민하고 변화한 결과""라며 ""앞으로도 새롭고 간편한 UX 디자인으로 시각적인 재미까지 전달하도록 도전과 도약을 거듭하겠다""고 말했다."
https://n.news.naver.com/mnews/article/029/0002978535?sid=105,2025-08-28 09:49:52,IT/과학,"LGU+ IPTV ‘U+tv’, 레드닷 어워드 수상","수상한 ‘U+tv’의 첫 진입 화면. LG유플러스 제공LG유플러스는 자사 인터넷TV(IPTV) 서비스 ‘U+tv’가 ‘2025 레드닷 디자인 어워드’에서 브랜드&커뮤니케이션 디자인 부문 본상을 수상했다고 28일 밝혔다.‘레드닷 디자인 어워드’는 ’iF디자인 어워드‘, ’IDEA 디자인 어워드‘와 함께 3대 디자인 공모전으로 불리며 전세계적인 권위를 인정받고 있는 시상식이다. 국제 전문가 심사위원단이 매년 제품 디자인, 디자인 콘셉트, 브랜드·커뮤니케이션 디자인 등 3개 부문에서 디자인의 우수성, 창의성, 기능성을 평가해 수상작을 선정한다.LG유플러스가 수상한 분야는 ‘조작&고객 경험 디자인’이다. 빛과 투명도를 활용해 시청자의 감각을 자극하는 디자인 가이드를 기반으로 “‘U+tv’의 다양한 콘텐츠와 자연스럽게 조화를 이루도록 설계한 UX 디자인이 차별화된 고객 경험을 제공했다”는 평을 받았다.LG유플러스는 U+tv에서 콘텐츠를 탐색할 때, 필요한 핵심 정보를 명확하게 제공하기 위해 UX 개선 작업을 이어가고 있다. 지난해 적용된 ‘익시’ 음성검색은 기존에 명령어 기반의 검색에서 AI기반 대화형 에이전트로 진화했고, 지난달부터 순차 적용 중인 실시간 채널은 채널 탐색 및 시청에 유용한 기능들을 발견하고 컨트롤할 수 있도록 시각화하는데 중점을 뒀다.LG유플러스는 올 하반기에도 탐색 과정에서 빠르게 시청 결정을 내리고, 콘텐츠에 몰입할 수 있도록 콘텐츠 상세 및 구매 화면 UX 디자인을 개선할 예정이다.김현민 LG유플러스 CX센터 UX담당은 “앞으로도 새롭고 심플한 UX 디자인으로 시각적인 재미까지 전달할 수 있도록 도전과 도약을 거듭하겠다”고 말했다."
https://n.news.naver.com/mnews/article/029/0002978588?sid=105,2025-08-28 11:00:00,IT/과학,"개인정보위, SKT에 역대 최대 1348억 과징금","안전조치의무 소홀로 2324만명 개인정보 유출구글·메타 건도 크게 웃도는 과징금 액수 책정고학수 개인정보보호위원장이 지난 27일 오후 정부서울청사에서 개최된 2025년 제18회 위원회 전체회의에서 의사봉을 두드리고 있다. 개인정보보호위원회 제공해킹으로 가입자 2324만명의 유심정보 등을 유출한 SK텔레콤(SKT)이 개인정보보호법 위반에 따른 과징금을 역대 최대 규모로 맞았다.개인정보보호위원회(개인정보위)는 개인정보보호법상 안전조치의무 소홀로 이용자 개인정보가 유출된 SKT에 과징금 1347억9100만원을 부과한다고 28일 밝혔다. 회사가 이용자들에 개인정보 유출 통지를 지연한 행위에 대한 960만원의 과태료 처분도 함께 내렸다.이번에 SKT에 부과된 과징금은 단일사업자 기준으로 국내기업 중 최대였던 카카오(151억원)는 물론, 역대 최대 규모였던 구글(692억원)과 메타(308억원)의 과징금 액수도 웃돈다. 같은 이동통신사인 LG유플러스(LGU+, 68억원)의 경우 개인정보보호법 개정 전이라 관련매출 기준으로 과징금이 산정됐던 것과 달리 SKT에 대해선 전체매출을 기준으로 삼게 됐다. 다만, 현행법에서도 위반행위와 무관한 매출은 사업자 소명에 따라 산정기준에서 제외할 수 있다.SKT의 지난해 매출은 17조9406억원이고 이 중 무선통신사업은 12조7700억원을 차지했다. 개인정보위가 국민 불편 등을 고려해 “LGU+ 때와는 차원이 다를 것”이란 메시지를 내면서 무선통신사업매출의 3% 수준인 3000억원대 과징금이 매겨질 가능성도 제기된 바 있다. 규정에 따라 위반사항과 무관한 부분이 제외됐고, 회사가 취한 이득이 없는 점과 가입자 대상 보상 및 재발방지 대책 등이 감경요인으로 작용한 것으로 보인다.개인정보위와 한국인터넷진흥원(KISA)의 공동 조사 결과, SKT LTE·5G 서비스 전체 이용자 2324만4649명(알뜰폰 포함)의 휴대전화번호, 가입자식별번호(IMSI), 유심 인증키(Ki, OPc) 등 25종의 정보가 유출된 것으로 파악됐다. 전체 유출 규모인 약 2696만 건 중 법인·공공회선, 다회선, 기타 회선 등 중복을 제거한 수치다.개인정보위에 따르면 SKT는 기본적인 접근통제를 이행하지 않아 인터넷과 내부망 사이 보안운영환경이 불법적 침입에 취약한 상태였다. 침입탐지시스템의 이상행위 로그도 확인하지 않는 등 탐지·대응 조치도 소홀히 했다. 다수 서버(약 2365개)의 계정정보(약 4899개)가 저장된 파일을 관리망 서버에 암호 없이 저장·관리했고, 유심정보 유출이 일어난 가입자인증시스템(HSS)에서도 비밀번호 입력 없이 개인정보를 조회할 수 있었다.해커가 악성프로그램(BPF도어) 설치에 활용한 운영체제(OS) 보안취약점(더티카우)은 이미 2016년 보안경보와 보안패치가 있었고 상용 백신프로그램들도 최소 2020년부터 이를 탐지했으나, SKT는 유출 당시까지 해당 보안 업데이트나 백신 설치 등 보안조치를 하지 않았다. 다른 이동통신사들(KT·LGU+)과 달리 유심인증키(Ki) 2614만4363건을 암호화하지 않고 평문으로 HSS 데이터베이스(DB) 등에 저장한 사실도 확인됐다.이에 개인정보위는 전날(27일) 전체회의를 열고 SKT에 과징금·과태료 처분과 더불어 전반적인 시스템 점검 및 안전조치 강화, 개인정보보호책임자(CPO) 총괄하 전사적인 개인정보 거버넌스 체계 정비 등 시정명령도 의결했다. 유출사고가 발생한 인프라 영역의 개인정보 처리 실태 등에 대한 CPO의 관리·감독이 사실상 이뤄지지 않았다는 판단이다. 또 현재 회사가 T월드 등 일부 고객관리시스템에만 받은 개인정보보호관리체계(ISMS-P) 인증을 네트워크 시스템 전반으로 확대하도록 개선권고했다.고학수 개인정보위 위원장은 이날 브리핑에서 “SKT가 그동안 회사 입장을 적극 소명·항변해왔는데, 어제 회의에선 문제가 있었다는 점과 위원회와의 소통 및 재발 방지 노력 등에 대해 다각도로 설명했다”며 “이번 처분을 통해 대규모 개인정보를 보유하고 처리하는 사업자들이 관련 예산과 인력의 투입을 단순한 비용 지출이 아닌 필수적인 투자로 생각하는 인식의 전환이 이뤄지길 바란다”고 말했다."
https://n.news.naver.com/mnews/article/119/0002996040?sid=105,2025-08-28 11:00:09,IT/과학,"'총체적 보안 부실'…개보위 1348억 역대급 과징금에 SKT ""유감""","이동통신 핵심 네트워크 관리 소홀로 2300만명 개인정보 유출방화벽 미흡·계정 관리 부실·Ki 평문 저장 등 보호법 다수 위반 확인CPO 권한 강화·ISMS-P 인증 확대 등 3개월 내 재발방지 대책 수립 명령고학수 개인정보보호위원회 위원장이 8월 27일 오후 서울 종로구 정부서울청사에서 개최된 2025년 제18회 개인정보보호위원회 전체회의에서 의사봉을 두드리고 있다.ⓒ개인정보보호위원회[데일리안 = 조인영 기자] 개인정보보호위원회가 SK텔레콤(SKT)의 대규모 개인정보 유출 사건과 관련해 사상 최대 규모인 1348억원의 과징금과 960만원의 과태료를 부과했다. 지금까지 개인정보위의 역대 최대 과징금은 2022년 구글·메타에 부과된 총 1000억원이었다.SKT가 휴대폰 가입자 인증키(유심 인증키, Ki) 2600만여 건을 암호화하지 않고 평문으로 저장하는 등 총체적 보안 조치를 소홀히 한 점을 원인으로 지적했다.개인정보보호위원회는 지난 27일 제18회 전체회의를 열고, 개인정보 보호 법규를 위반한 SKT에 대한 과징금 1347억9100만원과 과태료 960만원을 부과하고, 전반적인 시스템 점검 및 안전조치 강화, 전사적인 개인정보 거버넌스 체계 정비 등 재발 방지를 위한 시정조치(안)을 의결했다고 28일 밝혔다.유출 사고 재발 방지를 위해 이동통신 서비스 전반의 개인정보처리 현황을 면밀히 파악해 안전조치를 강화하고, 개인정보 보호책임자(CPO)가 회사 전반의 개인정보 처리 업무를 총괄할 수 있도록 거버넌스 체계를 정비할 것도 시정명령했다.현재 일부 고객관리시스템(T World 등)에 대해서만 획득한 개인정보보호관리체계(ISMS-P) 인증 범위를 통신 이동통신 네트워크 시스템으로 확대해 회사 시스템 전반의 개인정보 안전성 확보조치 수준을 제고하도록 개선을 권고했다.안전조치 의무 위반-접근통제조치 소홀SKT는 기본적인 접근통제조차 이행하지 않아 인터넷과 내부망 사이의 보안 운영 환경이 해커의 불법적인 침입에 매우 취약한 상태로 관리·운영되고 있었다.SKT는 인터넷·관리·코어·사내망을 동일한 네트워크로 연결하여 운영하면서, 인터넷망(국내·외)에서 SKT 내부 관리망 서버로의 접근을 제한없이 허용했다.관리망 서버는 이번 유출 사고가 발생한 HSS와 상호접속이 불필요함에도 이를 허용해 해커가 인터넷망에서 HSS까지 접속하여 HSS DB내 저장된 유심 정보 등을 외부로 전송할 수 있었다.SKT는 침입탐지 시스템의 이상행위 로그도 확인하지 않는 등 불법적인 유출 시도에 대한 탐지·대응 조치를 소홀했다. 특히 SKT는 2022년 2월 해커가 HSS 서버에 접속한 사실을 확인했음에도, 비정상 통신 여부나 추가적인 악성프로그램 설치 여부, 접근통제 정책의 적절성 등을 점검하지 않아, 이번 유출 사고를 사전에 방지할 기회를 놓친 사실이 확인됐다.안전조치 의무 위반-접근권한 관리 소홀SKT는 다수 서버(약 2365개)의 계정정보(ID/비밀번호 약 4899개)가 저장된 파일을 관리망 서버에 암호 설정 등 제한 없이 저장·관리하고, HSS에서 비밀번호 입력 등 인증 절차 없이도 개인정보를 조회할 수 있도록 운영했다.해커는 획득한 계정정보를 활용하여 관리망 서버에 접속, 악성프로그램을 설치하고 HSS DB 내 개인정보를 조회·추출할 수 있었다.악성프로그램 감염 및 개인정보 유출 경위ⓒ개인정보보호위원회안전조치 의무 위반-보안 업데이트 미조치이번 사고에서 해커가 악성프로그램(BPFDoor) 설치에 활용한 운영체제(OS) 보안 취약점(DirtyCow)은 2016년 10월에 이미 보안 경보가 발령됐고 보안 패치가 공개된 사항이었다. SKT는 이를 인지하고 있었음에도 2016년 11월 이러한 보안 취약점을 가진 OS를 설치했으며, 2025년 4월 유출 당시까지도 보안 업데이트를 실시하지 않았다.최소 2020년부터 각종 상용 백신 프로그램은 해당 취약점의 실행을 탐지하고 있었으나, SKT는 2025년 4월까지 이를 설치하지 않았을 뿐만 아니라 백신 미설치를 대체하는 보안 조치마저도 소홀히해 결과적으로 이번 유출 사고를 막지 못했다.안전조치 의무 위반-유심 인증키를 암호화하지 않고 평문으로 저장SKT는 가입자 인증과 이동통신 서비스 제공에 필수적으로 사용되는 인증정보인 유심 인증키(Ki) 2614만4363건을 암호화하지 않고, 평문으로 HSS DB 등에 저장했다.이에 해커는 유심 복제에 사용될 수 있는 유심 인증키를 원본 그대로 확보할 수 있었다.특히 SKT는 2022년경 언론에서 유심 복제 등의 이슈가 제기됨에 따라 암호화 조치를 검토하면서, 타 통신사가 유심 인증키(Ki)를 암호화해 저장하고 있음을 확인했음에도(LGU+(2011년~), KT(2014년~)), 이를 조치하지 않아 유출 피해를 예방하지 못한 사실이 확인됐다.이 외 내부 관리계획 수립‧시행 및 점검 소홀, 접속기록 미보관 등 안전조치의무를 준수하지 않았고, SKT가 자체 마련한 내부규정도 다수 위반한 것으로 확인됐다.DirtyCow 취약점 실행 악성파일 정보ⓒ개인정보보호위원회개인정보 보호책임자 지정 및 업무 수행 소홀SKT는 IT 영역과 통신 인프라 영역 모두에서 이동통신 서비스 제공을 위한 개인정보를 처리함에도, 개인정보 보호책임자(Chief Privacy Officer)의 역할은 IT 영역(Tworld 등 웹·앱 서비스)에 한정되도록 구성·운영했다.이번 유출 사고가 발생한 인프라 영역은 CPO가 개인정보 처리 실태조차 파악하지 못하는 등 CPO의 관리·감독이 사실상 이루어지지 않은 것으로 확인됐다.개인정보 유출통지 지연SKT는 2025년 4월 19일경 HSS DB에 저장된 데이터가 외부로 전송된 사실을 확인해 개인정보 유출 사실을 인지하였음에도, 법령에서 정한 72시간 내 유출된 이용자를 대상으로 유출 사실을 통지하지 않아 이로 인한 사회적 혼란이 가중됐다.이에 개인정보위는 즉시 유출통지를 진행할 것을 긴급 의결(5월 2일)했으나, SKT는 5월 9일 유출 '가능성'에 대해 통지를 실시했으며, 7월 28일에서야 유출 '확정' 통지를 실시하는 등 개인정보 유출 시 이용자 피해 예방을 위해 보호법에서 규정한 최소한의 의무조차 이행하지 않았다.백신 탐지 결과ⓒ개인정보보호위원회“SKT, 2324만명 개인정보 유출”…내부망 해킹 3년 잠입 끝 HSS DB 탈취개인정보위는 지난 4월 22일 SKT가 비정상적 데이터 외부 전송 사실을 인지하고 유출 신고해옴에 따라 조사에 착수했다. 개인정보위는 사건의 중대성을 감안해 신고 당일 한국인터넷진흥원(KISA)과 함께 집중조사 태스크포스(TF)를 구성해 유출 관련 사실관계, 개인정보 보호법령 위반여부 등을 중점 조사했다.조사 결과, SKT가 제공하는 이동통신 서비스의 핵심 역할을 하는 다수 시스템에 대한 해킹으로 LTE·5G 서비스 전체 이용자 2324만4649명(알뜰폰 포함, 중복 제거)의 휴대전화번호, 가입자식별번호(IMSI), 유심 인증키(Ki, OPc) 등 25종의 정보가 유출된 것으로 확인됐다.휴대전화번호·IMSI 기준 유출 규모는 약 2696만건으로 확인되나, 법인·공공회선, 다회선, 기타 회선 등을 제외한 이용자로 산정했다.이번 사고는 개인을 식별‧인증하고 연결하는 핵심 수단으로 휴대전화가 이용되고 각종 서비스의 본인 확인이 일상화된 상황에서, 이동통신 이용에 필요한 가입자식별번호(IMSI) 및 유심 인증키가 대규모로 유출됨에 따라 이동통신 서비스의 신뢰도가 저하되고, 사회적 불안감이 확산되는 등 국민 생활에 중대한 영향을 미쳤다.해커는 ① 2021년 8월 SKT 내부망에 최초침투해 다수 서버에 악성 프로그램을 설치했으며 ② 2022년 6월 ICAS(통합고객인증시스템) 내 악성프로그램을 설치해 추가 거점을 확보했다. ③ 이후 2025년 4월 18일 HSS(홈가입자서버) DB에 저장된 이용자의 개인정보(9.82GB)를 외부로 유출했다.개인정보위, 개인정보 안전관리 체계 강화방안 내달 초 발표이번 처분에 앞서 개인정보위는 조사 결과 및 처분 방향에 대해 위원들간 논의 및 의견수렴을 위해 총 네 차례의 사전 검토회의를 거쳤고, 전체회의(8월 27일) 시 사업자가 출석해 의견 개진 및 질의·응답 등을 거친 후 최종 처분안을 확정했다.개보위는 ""조사·처분은 단순히 특정 기업에 대한 제재를 넘어, 우리 사회 전반에 개인정보 보호의 중요성을 다시 한번 환기시키는 계기가 될 것""이라며""특히 기업이 이용자 개인정보를 보호할 책임을 다하지 못해 국민이 입은 불안과 피해에 대해 국가가 엄정하게 대응함으로써 다른 기업들에게도 개인정보 관리체계 강화 및 예방적 보호 조치 마련에 대한 경각심을 줄 것으로 기대된다""고 밝혔다.개인정보위는 유사사례가 발생하지 않도록 대규모 개인정보 처리자에 대한 관리·감독을 더욱 강화하고, 개인정보 안전관리 체계 강화방안을 마련해 9월 초 발표할 예정이다.고학수 개인정보위 위원장은 “이번 사건을 계기로 대규모 개인정보를 보유·처리하는 사업자들이 관련 예산과 인력의 투입을 단순한 비용 지출이 아닌 필수적인 투자로 인식하길 바라며, 나아가 데이터 경제시대 CPO와 전담조직이 기업경영에서 차지하는 역할과 중요성을 제고해 개인정보보호 체계가 한 단계 강화되는 계기가 되길 바란다”고 말했다.이에 대해 SKT는 ""이번 결과에 무거운 책임감을 갖고 있으며, 모든 경영활동에 있어 개인정보 보호를 핵심 가치로 삼고 고객정보 보호 강화를 위해 만전을 기할 것""이라고 밝혔다.이어 ""조사 및 의결 과정에서 당사 조치 사항과 입장을 충분히 소명했음에도 결과에 반영되지 않아 유감""이라며 ""향후 의결서 수령 후에 내용을 면밀히 검토해 입장을 정할 예정""이라고 덧붙였다.개인정보위 과징금은 의결서를 받은 날로부터 90일 이내에 행정심판이나 행정소송을 제기하지 않으면 처분이 확정된다."
https://n.news.naver.com/mnews/article/640/0000075766?sid=102,2025-08-28 11:36:37,사회,Personal information watchdog fines SK Telecom $97 million over massive data leak,"SK Telecom store in Jungno District, central Seoul on July 3 [NEWS1]The Personal Information Protection Commission imposed a record fine of 134.79 billion won ($97 million) on SK Telecom over a hacking incident in April that compromised the personal data of more than 23 million users.The Personal Information Protection Commission (PIPC) said on Thursday that it decided in its 18th plenary meeting to levy the fine along with an additional 9.6 million won in penalties against SK Telecom. The regulator found that hackers accessed 25 categories of user data — including mobile phone numbers, subscriber identification numbers and USIM authentication keys — belonging to 23,244,649 LTE and 5G subscribers.The watchdog also found SK Telecom failed to notify affected customers within 72 hours, as required by law. The delay, it said, worsened public confusion. That lapse levied an additional fine.Until now, the largest fine imposed by the commission was 69.2 billion won on Google in 2022. Among telecom operators, the previous record was 6.8 billion won, against LG U+ in 2023.PIPC Chairman Ko Hak-soo said the size of SK Telecom’s fine reflected both aggravating and mitigating factors.“The company did not gain direct economic benefits, which reduced the penalty,” he said. “But it could have prevented the breach with stronger investment, which made the violation more serious.”The fallout has already weighed on SK Telecom’s business. In the second quarter, the company’s revenue slipped 1.9 percent year-on-year, while operating profit plunged 37.1 percent. About 700,000 customers have left since the hacking incident. The fine has not yet been factored into SK Telecom’s financial statements. The company has already pledged a 500 billion won compensation program for affected users.SK Telecom expressed regret over the commission's decision, saying Thursday it will review the details before issuing a formal response.“We regret that our explanations and remedial efforts were not reflected in the outcome of the investigation and deliberation,” said the telecom giant in a statement. “We will carefully review the written decision once received and determine our position accordingly.”“We take this result very seriously and will continue to prioritize personal data protection in all areas of management while doing our utmost to safeguard customer information,” added the company.Update, Aug. 28:Updated article with quotes from PIPC on decision"
https://n.news.naver.com/mnews/article/025/0003465028?sid=102,2025-08-28 11:40:00,사회,2300만명 개인정보 털린 SKT에 1348억 과징금…역대 최대,"국내 최대 이동통신사 SK텔레콤이 2300만명의 고객 정보를 유출한 것으로 확인됐다. 이에 따라 SK텔레콤은 역대 최대 규모 과징금을 부과받았다.개인정보보호위원회(개인정보위)는 “27일 제18회 전체회의에서 개인정보 보호 법규를 위반한 SK텔레콤에 대해 과징금 1347억9100만원과 과태료 960만원을 부과하는 내용의 제재처분을 의결했다”고 28일 밝혔다.개인정보위, SK텔레콤 제재처분 의결고학수 개인정보보호위원회 위원장이 28일 서울 종로구 정부서울청사에서 브리핑을 갖고 대규모 고객 유심(USIM) 정보 유출 사고가 발생한 SK텔레콤(SKT)에 대한 제재안을 발표하고 있다. [뉴스1]정부가 14인의 집중 조사 테스크포스(TF)를 꾸려 이번 사태를 조사한 결과, SK텔레콤은 LTE·5G 서비스 전체 이용자 2324만4649명의 휴대전화번호·가입자식별번호·유심인증키 등 25종의 정보를 유출했다.해커가 SK텔레콤 내부망에 처음 침투한 것은 4년 전이었다. 2021년 8월 다수의 악성 프로그램을 설치했고, 이듬해 6월 통합고객인증시스템에도 악성 프로그램을 추가로 설치했다. 이어 올해 4월엔 홈가입자서버(HSS·가입자의 이동통신망 접속을 위한 인증시스템) 데이터베이스에 저장한 이용자의 개인정보를 외부로 유출했다.이처럼 해커가 장기간 내부망을 판치고 다닐 수 있었던 배경엔 SK텔레콤의 허술한 보안 수준이 영향을 미쳤다. 고학수 개인정보위 위원장은 “SK텔레콤의 개인정보보호 관리·감독은 꽤 오래 전반적으로 매우 허술한 상태를 유지하고 있었다. 회사(SK텔레콤)가 관리를 잘못했다는 문제의식을 대부분의 위원들이 가졌다”며 “이동통신 서비스의 신뢰를 떨어뜨리고 사회적 불안감을 확산시키는 등 국민 생활에도 중대한 영향을 끼쳤다”고 말했다.2300만명 정보 털려…“매우 매우 중요 정보”고학수 개인정보보호위원회 위원장이 28일 서울 종로구 정부서울청사에서 브리핑을 갖고 대규모 고객 유심(USIM) 정보 유출 사고가 발생한 SK텔레콤(SKT)에 대한 제재안을 발표하고 있다. [뉴스1]실제로 해커는 SK텔레콤 내부 관리망은 물론 핵심 서버인 HSS까지 접속했다. HSS엔 별도의 암호도 설정되어 있지 않았다. 해커가 별도의 인증절차도 거치지 않고 2300여만명의 개인정보를 대거 유출할 수 있었던 배경이다.유심 인증키 역시 암호화되어 있지 않았다. 덕분에 해커는 유심 인증키를 원본 그대로 확보해 유심 복제에 사용할 수 있었다. 이에 비해 LG U+는 2011년부터, KT는 2014년부터 유심키를 암호화해 저장하고 있다.심지어 SK텔레콤은 이런 사태를 미연에 방지할 기회도 스스로 놓쳤다. 3년 전 이미 해커가 HSS서버에 접속한 사실을 확인했지만, 제대로 점검을 하지 않았다는 것이 개인정보위 조사 결과다. 고학수 위원장은 “꽤 긴 기간을 두고 조치를 취할 수 있는 계기가 있었는데, SK텔레콤이 그 기회를 계속 놓친 부분에서 위원들이 답답함을 느꼈다”고 말했다.개인정보보호위원회가 SK텔레콤(SKT)에 대한 제재안을 발표했다. 사진은 서울 시내 한 SK텔레콤 대리점. 연합뉴스SK텔레콤의 개인정보보호책임자(CPO)도 허수아비였다. 그간 SK텔레콤이 CPO의 역할을 정보기술(IT) 영역으로 한정해 구성·운영하면서, CPO가 개인정보 처리 실태조차 파악하지 못했다는 것이다.이에 따라 개인정보위는 SK텔레콤에 과징금 1347억9100만원을 부과했다. 과징금 산정 기준에 대해 고학수 위원장은 “연결 재무제표상 2022년~2024년 매출액 중 통신 관련 매출과 피해고객 관련 매출을 고려해 ‘기준금액’을 산정했다. 이후 중대성 판단(매우 중대)을 고려하고, 1차(위반 기간 등), 2차(시정조치, 피해보상 등) 감경사유 등을 고려해 조정하는 과정을 거쳐 최종 액수를 결정했다”며 “고시에 따라 과징금을 산정하지만 각 단계별로 구체적 액수가 얼마였는지 설명드리기는 곤란하다”고 말했다.SKT, 개인정보 유출 인지하고 19일간 입 닫아고학수 개인정보보호위원회 위원장이 28일 서울 종로구 정부서울청사에서 브리핑을 갖고 대규모 고객 유심(USIM) 정보 유출 사고가 발생한 SK텔레콤(SKT)에 대한 제재안을 발표하고 있다. [뉴스1]해킹 사태 이후 고객에게 이를 통지하는 과정도 문제였다. SK텔레콤이 고객정보의 외부 전송 사실을 확인한 시점은 4월 19일이다. 법령상 SK텔레콤은 72시간 이내에 이용자에게 유출 사실을 통지해야 했다. 하지만 SK텔레콤은 5월 9일 ‘유출 가능성’을 사전 통지했고, 지난달 28일에야 ‘유출 확정’을 통지했다.“개인정보 유출 시 이용자 피해 예방을 위해 보호법에서 규정한 최소한의 의무조차 이행하지 않았다”며 개인정보위가 별도로 960만원의 과태료를 부과한 배경이다.고학수 위원장은 “일상에서 타인과 소통하는 중요한 창구가 핸드폰인데 그 출발점은 유심 정보다. 이렇게 매우 매우 중대한 유심 정보를 국민의 절반 이용하는 통신사가 관리를 잘못해 유출했다”며 “이번 사건을 계기로 대규모 개인정보를 보유·처리하는 사업자들이 관련 예산·인력의 투입을 비용 지출이 아닌 필수 투자로 인식하길 바란다”고 말했다."
https://n.news.naver.com/mnews/article/001/0015591685?sid=105,2025-08-28 12:00:03,IT/과학,고속철도 등 통신 품질 미흡 지역 52곳 중 17곳 개선 안 돼,"과기정통부·NIA, 점검 결과 발표…SKT 81%·KT 78%·LGU+ 61% 개선율과학기술정보통신부[촬영 안 철 수, 재판매 및 DB금지](서울=연합뉴스) 나확진 기자 = 과학기술정보통신부와 한국지능정보사회진흥원(NIA)은 지난해 통신서비스 품질평가에서 전송속도가 느리거나 전파 신호 세기가 약한 것으로 확인된 52곳 가운데 17곳은 여전히 미흡한 것으로 나타났다고 28일 밝혔다.과기정통부와 NIA는 전년도 통신서비스 품질평가 시 확인된 품질 미흡 지역(구간)과 접속 미흡시설에 대한 개선 여부를 이듬해 점검해 사업자의 품질 개선 이행 여부를 확인하고 있다.올해는 연간 이용객이 1억 명이 넘는데도 지속해 품질 미흡이 지적되고 있는 고속철도에 대해 보다 면밀한 점검을 실시했다. 또한, 5G와 LTE 품질을 동시에 측정해 고속철도와 실내 시설의 품질을 점검했다.이번에 점검한 52곳 중 절반은 5G·LTE의 전송속도가 느려 데이터 전송 시 전송성공률 90% 이하인 품질 미흡 지역이고, 나머지 절반은 5G의 신호 세기가 약해 안정적으로 접속 가능한 비율이 90% 이하인 5G 접속 미흡 시설이었다.점검 결과, 5G 품질 미흡 지역은 19곳 중 8곳, LTE 품질 미흡 지역은 7곳 중 6곳이 개선됐으며, 5G 접속 미흡 시설은 26곳 중 21곳이 개선된 것으로 나타났다.통신사별 개선율은 SK텔레콤이 81%(21곳 중 17곳), KT가 74%(23곳 중 17곳), LG유플러스가 61%(31곳 중 19곳)로 확인됐다. 다만, 통신사별 중복된 지역이 있어 각각의 수치를 단순 합산한 것은 전체 수치와 다르다고 과기정통부는 설명했다.이 가운데 고속철도 품질 미흡 지역 가운데에는 5G의 경우 전체 19곳 중 11곳, LTE의 경우 7곳 중 1곳이 여전히 미흡으로 나타나 5G의 개선율이 저조한 것으로 확인됐다.구체적으로는 KTX·SRT의 경부·경전선(충청·경상권), SRT의 전라선(전라권) 구간에서 개선되지 않은 것으로 확인됐다.특히 5G 공동이용 지역에서 잦은 품질 미흡이 발생하는 것으로 확인돼 제공사업자와 이용사업자 간 협력을 통해 품질이 개선될 수 있도록 노력할 필요가 있다고 과기정통부는 전했다. 5G 공동이용 지역은 통신 3사가 농어촌 지역을 나눠 각각 통신망을 구축하고 이를 공동으로 이용해 이용사업자가 통신망을 구축하지 않은 지역에서는 다른 회사의 통신망을 이용해 5G 서비스를 제공하는 곳이다.5G 접속 미흡 시설 가운데에는 실내시설은 21곳 중 2곳이 여전히 미흡했으며, 고속철도는 5개 노선 중 3개 노선이 여전히 미흡한 것으로 확인됐다. 5G 접속 미흡시설 개선율은 KT가 92%(12곳 중 11곳), LG유플러스 81%(16곳 중 13곳), SK텔레콤 77%(13곳 중 10곳)로 확인됐다.이도규 과기정통부 통신정책관은 ""고속철도와 실내시설을 중심으로 통신서비스 품질이 개선되지 않은 곳을 다수 확인했으며, 특히 고속철도는 5G 공동이용 지역에서 품질 미흡이 잦아 통신사 간 협력을 통한 신속한 개선이 필요하다""며 ""하반기 통신서비스 품질평가에서 품질이 미개선된 지역 재점검을 통해 통신사의 지속적인 품질 개선과 인프라 투자를 유도하겠다""라고 밝혔다.rao@yna.co.kr"
https://n.news.naver.com/mnews/article/138/0002203649?sid=105,2025-08-28 17:19:08,IT/과학,"과기정통부, 통신 품질 미흡시설 재점검…“품질개선율 SKT·KT·LGU+·순”","지난해 평가에서 미흡지역·시설 52개소 중 35개소 개선[디지털데일리 오병훈기자] 정부가 지난해 통신품질 평가에서 미흡했던 부분을 재평가 결과하고 그 결과를 공개했다.과학기술정보통신부(이하 과기정통부)는 한국지능정보사회진흥원(이하 NIA)은 지난해 통신서비스 품질평가에서 전송속도가 느리거나, 전파 신호 세기가 약한 것으로 확인된 총 52개소에 대해 품질 개선 여부를 점검했다고 28일 밝혔다. 그 결과, 35개소는 개선됐으나, 17개소는 여전히 품질 및 접속 가능 비율이 미흡한 것으로 나타났다.과기정통부와 NIA는 전년도 통신서비스 품질평가 시 확인된 품질 미흡 지역(구간) 및 접속미흡시설에 대한 개선 여부를 다음 연도에 점검해 사업자 품질 개선 이행 여부를 확인하고 있다.올해는 연간 이용객이 1억명 이상임에도 지속적인 품질 미흡 지역(구간)으로 지적되고 있는 고속철도에 대해 보다 면밀한 점검을 실시했다.또, 롱텀에볼루션(LTE)망을 LTE 서비스뿐 아니라 5세대이동통신(5G) 서비스에서 함께 활용하고 있는 실제 이용 환경을 반영했다. 이를 위해 5G와 LTE 품질을 동시에 측정하는 강화된 방식을 도입해 고속철도와 실내시설의 품질을 점검했다.이번에 점검한 52개소 중 절반은 5G·LTE의 전송속도가 느렸던 곳(이하 품질 미흡 지역(구간))이고, 나머지 절반은 5G 신호 세기가 약해 안정적인 5G 이용이 곤란했던 곳(이하 5G 접속 미흡 시설)이다. 지난해 5G·LTE 품질 미흡 지역(구간)은 모두 고속철도에서 확인됐고, 5G 접속 미흡 시설은 고속철도와 실내시설에서 나타났다.점검 결과, 5G 품질 미흡 지역(구간)은 19개소 중 8개소, LTE 품질 미흡 지역(구간)은 7개소 중 6개소가 개선됐다. 5G 접속 미흡 시설은 26개소 중 21개소가 개선됐다. 통신사별 개선 결과를 살펴보면, SK텔레콤 개선율 81%(21개소 중 17개소), KT 개선율 74%(23개소 중 17개소), LG유플러스 개선율 61%(31개소 중 19개소)로 확인됐다.먼저, 모두 고속철도로 확인된 품질 미흡 지역(구간) 점검 결과를 살펴보면, 5G의 경우 전체 19개소 중 8개소, LTE의 경우 전체 7개소 중 6개소가 개선되어 5G 품질 미흡 지역(구간)의 개선율이 다소 저조한 것으로 확인됐다.품질이 미개선된 세부 지역(구간)은 KTX·SRT의 경부·경전선(충청·경상권) 및 SRT의 전라선(전라권)으로 확인됐다. 고속철도 운행 구간 중 5G 공동이용 지역에서 잦은 품질 미흡이 발생하는 것으로 확인돼 해당 지역 경우 제공사업자와 이용사업자 간 협력을 통해 품질이 개선될 수 있도록 노력할 필요가 있는 것으로 나타났다.공동이용 지역은 통신 3사가 농어촌 지역을 나누어 각각 통신망을 구축하고 이를 통신 3사가 공동으로 이용해 자사(이용사업자)가 통신망을 구축하지 않은 지역에서는 타사(제공사업자) 통신망을 이용해 5G 서비스를 제공하는 방식을 말한다.다음으로 5G 접속 미흡 시설을 점검한 결과, 실내시설은 21개소 중 19개소가 개선되었으나 2개소는 미흡하였으며, 고속철도는 5개 노선 중 2개 노선은 개선되었으나 3개 노선은 여전히 미흡한 것으로 확인되었다. 통신사별 개선 결과를 살펴보면 KT 개선율 92%(12개소 중 11개소), LG유플러스 개선율 81%(16개소 중 13개소), SK텔레콤 77%(13개소 중 10개소)로 확인됐다.이도규 과기정통부 통신정책관은 “고속철도와 실내시설을 중심으로 통신서비스 품질이 개선되지 않은 곳을 다수 확인했으며, 특히 고속철도는 5G 공동이용 지역에서 품질 미흡이 잦아 통신사 간 협력을 통한 신속한 개선이 필요하다”며 “하반기 통신서비스 품질평가에서 품질이 미개선된 지역 재점검 등을 통해 통신사의 지속적인 품질 개선과 인프라 투자를 유도하겠다”고 말했다."
https://n.news.naver.com/mnews/article/214/0001445754?sid=101,2025-08-28 20:40:37,경제,"석 달 뒤에야 ""개인정보 유출""‥SKT 역대 최대 1천3백억 원대 과징금","[뉴스데스크]◀ 앵커 ▶사실상 전 고객의 유심 정보가 유출됐던 SK텔레콤 해킹사태.정부가 SKT에 역대 최대 규모인 천3백억 원대 과징금을 부과했습니다.SKT는 거듭 고개를 숙이면서도 과징금 규모에 당혹스러워하는 분위기입니다.김윤미 기자입니다.◀ 리포트 ▶지난 4월 말, SK텔레콤 대리점 앞.개인정보가 유출됐을까 불안한 고객들이 유심칩을 교체하려고 몰려들었습니다.개인정보보호위원회는 즉시 해킹 사실을 고객들에게 통보하라고 지시했지만, SKT는 ""해킹 가능성이 있다""고 얼버무리더니, 석달이 다 돼서야 ""개인정보가 유출됐다""고 고객들에게 알렸습니다.개인정보위가 SKT에 역대 최대 규모인 1347억 9100만 원의 과징금을 부과했습니다.사안이 매우 중대하다는 점을 고려해, 크게 강화된 개인정보보호법 과징금 조항을 적용했습니다.[고학수/개인정보보호위원장]""2천3백만이 넘는 이용자의 정보가 유출된 것도 굉장히 중대하고, 몇 년에 걸쳐 취약한 상태에 노출되고 있었다…""개인정보위는 SKT가 2천여 대 서버의 계정 정보를 암호 없이 저장하는 등 외부 침입에 무방비 상태였고, KT, LGU+와 달리 유심키 2천 600만 건을 암호화하지도 않았다고 지적했습니다.유심 정보만으로 사용자를 특정할 수 없다는 항변에 대해선 ""유심 정보는 주민등록번호 못지 않게 중요한 개인정보""라고 일축했습니다.[고학수/개인정보보호위원장]""24시간 옆에 두고 있는 것이 핸드폰인데, 가장 핵심적인 정보라고 할 만한 정보가 유출됐기 때문에…""SKT는 ""무거운 책임감을 갖고 고객 정보보호 강화에 나서겠다""면서도, 역대 최대 규모의 과징금 액수에는 당혹스러운 분위기입니다.이미 고객들에게 계약해지 위약금을 환급하고, 무료 데이터 제공 등 보상도 진행했는데, 이 조치들이 전혀 반영되지 않았다는 겁니다.내부적으로 법적 대응 가능성도 검토하고 있는 것으로 전해졌습니다.앞서 방송통신위원회는 SKT의 해지 위약금 면제를 연말까지 연장하라고도 권고했지만, SKT는 아직 입장을 밝히지 않고 있습니다.강제적인 조치는 아니지만 SKT이 불복할 경우 개별 고객들이 별도 민사소송 등 법적 대응에 나설 수도 있습니다.MBC뉴스 김윤미입니다.영상취재 : 송록필 / 영상편집 : 나경민MBC 뉴스는 24시간 여러분의 제보를 기다립니다.▷ 전화 02-784-4000▷ 이메일 mbcjebo@mbc.co.kr▷ 카카오톡 @mbc제보"
https://n.news.naver.com/mnews/article/015/0005177097?sid=101,2025-08-28 23:31:11,경제,"[포토] LG U+ 유쓰, '2025 올해의 브랜드 대상' 20대전용 통신서비스 부문 수상","한국소비자브랜드위원회가 주최하고 한국경제신문, 한국소비자포럼이 주관하는 '2025 올해의 브랜드 대상' 시상식이 28일 오전 서울 장충동 신라호텔에서 열렸다. 올해의 20대전용 통신서비스 부문을 수상한 LG유플러스 (브랜드명 LG U+ 유쓰) 정혜윤 상무(오른쪽)가 전우형 한국경제신문 국장과 포즈를 취하고 있다.'올해의 브랜드 대상'은 매년 대국민 소비자 투표를 통해 한 해를 빛낸 최고의 브랜드를 선정하고 시상하는 행사다."
https://n.news.naver.com/mnews/article/015/0005177098?sid=101,2025-08-28 23:32:15,경제,"[포토] LG U+, '2025 올해의 브랜드 대상' 이동통신 부문 수상","한국소비자브랜드위원회가 주최하고 한국경제신문, 한국소비자포럼이 주관하는 '2025 올해의 브랜드 대상' 시상식이 28일 오전 서울 장충동 신라호텔에서 열렸다. 올해의 이동통신 부문을 수상한 LG유플러스 (브랜드명 LG U+) 정혜윤 상무(오른쪽)가 전우형 한국경제신문 국장과 포즈를 취하고 있다.'올해의 브랜드 대상'은 매년 대국민 소비자 투표를 통해 한 해를 빛낸 최고의 브랜드를 선정하고 시상하는 행사다."
https://n.news.naver.com/mnews/article/421/0008454691?sid=105,2025-08-29 09:00:00,IT/과학,"LGU+, 'ICT 어워드 코리아'서 2년 연속 금상","디지털 콘텐츠 '보안플러스' 캠페인 호평LG유플러스가 국내 최대 ICT 시상식인 'ICT 어워드 코리아 2025'에서 IT기기 & 통신 분야 금상을 수상했다고 29일 밝혔다. 사진은 시상식에서 LG유플러스 임직원이 기념 촬영하는 모습. (LGU+ 제공)(서울=뉴스1) 이기범 기자 = LG유플러스(032640)가 국내 최대 ICT 시상식인 'ICT 어워드 코리아 2025'에서 IT기기&통신 분야 금상을 받았다고 29일 밝혔다. 지난해에 이은 2년 연속 수상이다.올해 22회째를 맞은 ICT 어워드 코리아는 웹·앱·디지털 플랫폼 등 ICT 서비스를 대상으로 하는 국내 최대 규모의 시상식이다.LG유플러스는 자사 웹사이트와 앱을 통해 제공하는 콘텐츠인 '보안플러스' 시리즈로 이번 상을 받았다. 보안을 소재로 다룬 콘텐츠는 해킹 및 피싱 예방법을 쉽고 친근하게 소개하는 데 중점을 두고 무료 보안 서비스 혜택과 연계하는 방식으로 구성됐다.이를 통해 ""고객이 안심할 수 있도록 보안 예방법과 시즌별 혜택을 체계적으로 안내함으로써 신뢰감을 주었다""는 평가를 받았다.전경혜 LG유플러스 디지털CX/성장담당(상무)은 ""보안플러스를 통해 고객 인식을 제고하고 적극적으로 소통한 노력을 인정받아 뿌듯하다""며 ""앞으로도 차별화된 콘텐츠로 신뢰와 안심이란 고객가치를 전달하도록 노력하겠다""고 밝혔다."
https://n.news.naver.com/mnews/article/003/0013449340?sid=105,2025-08-29 09:00:00,IT/과학,"LGU+ '보안플러스', ICT 어워드 코리아 금상 수상","지난해 이어 2년 연속…""차별화 콘텐츠 제공""[서울=뉴시스] LG유플러스는 국내 최대 정보통신기술(ICT) 시상식인 'ICT 어워드 코리아 2025'에서 IT기기 & 통신 분야 금상을 수상했다고 29일 밝혔다. 사진은 시상식에서 LG유플러스 임직원이 기념 촬영하는 모습. (사진=LG유플러스 제공) 2025.08.29. photo@newsis.com *재판매 및 DB 금지[서울=뉴시스]박은비 기자 = LG유플러스는 국내 최대 정보통신기술(ICT) 시상식인 'ICT 어워드 코리아 2025'에서 IT기기 & 통신 분야 금상을 수상했다고 29일 밝혔다. 지난해에 이어 2연 연속 수상이다.LG유플러스는 공식 웹사이트 유플러스닷컴과 공식 애플리케이션(앱) 당신의 U+에서 콘텐츠와 혜택을 제공하는 디지털 채널 유잼을 운영 중이다. 올해는 보안에 대한 관심이 높아져 새롭게 추가한 보안플러스 시리즈로 수상자 명단에 이름을 올렸다.LG유플러스는 보안 콘텐츠를 제공하면서 불안을 안심으로 전환한다는 목표로 1단계 문자·푸시 메시지로 정보를 알리고, 2단계 일상에 도움이 되는 콘텐츠 게시, 3단계 무료 보안 서비스 혜택을 제공하고 있다.전경혜 LG유플러스 디지털고객경험(CX)·성장담당(상무)은 ""보안플러스를 통해 고객 인식을 제고하고 적극적으로 소통한 노력을 인정받았다""며 ""앞으로도 차별화된 콘텐츠로 신뢰와 안심이라는 고객가치를 전달하기 위해 노력하겠다""고 말했다."
https://n.news.naver.com/mnews/article/008/0005242725?sid=105,2025-08-29 09:00:00,IT/과학,"LGU+, 국내 최대 ICT 시상식서 2년 연속 '금상' 수상","시상식에서 LG유플러스 임직원이 기념 촬영하고 있다. /사진=LG유플러스LG유플러스는 국내 최대 ICT(정보통신기술) 시상식인 'ICT 어워드 코리아 2025'에서 IT(정보기술)기기&통신 분야 금상을 수상했다고 29일 밝혔다. 지난해에 이어 2년 연속 수상이다.올해로 22회를 맞은 ICT 어워드 코리아는 웹·앱·디지털 플랫폼 등 ICT 서비스를 대상으로 하는 국내 최대 시상식이다. 디지털 혁신을 선도하는 각 분야의 전문가들이 혁신성, 시장성, 창의성, 실용성, 공공성을 평가해 수상작을 선정한다.LG유플러스는 공식 웹사이트 '유플러스닷컴'과 공식 앱 '당신의 U+'에서 콘텐츠 및 혜택을 제공하는 디지털 채널 '유잼'을 운영하고 있다. 올해는 보안에 대한 관심이 높아짐에 따라 새롭게 추가한 '보안플러스' 시리즈로 수상의 영광을 안았다.보안플러스 콘텐츠를 제작할 때는 해킹 및 피싱 예방법을 쉽고 친근하게 소개하는 데 중점을 뒀다. 이를 통해 고객이 안심할 수 있도록 보안 예방법과 시즌별 혜택을 체계적으로 안내함으로써 신뢰감을 줬다는 평가를 받았다.혜택 또한 복잡한 문의 없이 고객 스스로 가입할 수 있는 무료 보안 서비스인 '유심보호서비스, 번호도용 문자차단, 이중계정 인증, U+스팸 차단 기능'을 콘텐츠와 연계했다.전경혜 LG유플러스 디지털CX·성장담당(상무)은 ""보안플러스를 통해 고객 인식을 제고하고 적극적으로 소통한 노력을 인정받아 뿌듯하다""며 ""앞으로도 차별화된 콘텐츠로 신뢰와 안심이란 고객가치를 전달하도록 노력하겠다""고 말했다."
https://n.news.naver.com/mnews/article/417/0001098137?sid=105,2025-08-29 09:00:00,IT/과학,"LGU+, 국내 최대 ICT 시상식 2년 연속 '금상'","LG유플러스가 국내 최대 ICT 시상식인 ‘ICT 어워드 코리아 2025’에서 IT기기 & 통신 분야 금상을 수상했다. /사진=LG유플러스LG유플러스는 국내 최대 ICT(정보통신기술) 시상식인 'ICT 어워드 코리아 2025'(ICT AWARD KOREA 2025)에서 IT(정보기술)기기 & 통신 분야 금상을 수상했다고 29일 밝혔다. 지난해 이어 2년 연속 수상이다.올해 22회를 맞은 ICT 어워드 코리아는 웹·앱(애플리케이션)·디지털 플랫폼 등 ICT 서비스를 대상으로 하는 국내 최대 시상식이다. 디지털 혁신을 선도하는 각 분야의 전문가들이 ▲혁신성 ▲시장성 ▲창의성 ▲실용성 ▲공공성을 평가해 수상작을 선정한다.LG유플러스는 공식 웹사이트 '유플러스닷컴'과 공식 앱 '당신의 U+'에서 콘텐츠와 혜택을 제공하는 디지털 채널 '유잼'을 운영한다. 올해는 보안에 대한 관심이 높아짐에 따라 새롭게 추가한 '보안플러스' 시리즈로 수상했다.LG유플러스는 보안 콘텐츠를 제공하면서 '불안을 안심으로 전환한다'는 목표 아래 3단계 소통 전략을 활용했다. 1단계로는 문자·푸시 메시지로 정보를 알리고 2단계에선 일상에 도움이 되는 콘텐츠를 게시하고 3단계에선 무료 보안 서비스 혜택을 제시했다.보안플러스 콘텐츠를 제작할 때는 해킹 및 피싱 예방법을 쉽고 친근하게 소개하는 데 중점을 뒀다. 이를 통해 ""고객이 안심할 수 있도록 보안 예방법과 시즌별 혜택을 체계적으로 안내함으로써 신뢰감을 주었다""는 평가를 받았다.혜택 또한 복잡한 문의 없이 고객 스스로 가입할 수 있는 무료 보안 서비스인 '유심보호서비스, 번호도용 문자차단, 이중계정 인증, U+스팸 차단 기능'을 콘텐츠와 연계했다.LG유플러스는 앞으로도 고객이 실생활에서 겪을 수 있는 디지털 범죄를 AI 신기술로 사전에 막을 수 있게 보안 체계를 고도화 하고 고객이 이해하기 쉬운 콘텐츠로 제작해 일상에 꼭 필요한 정보와 혜택을 제공할 예정이다.전경혜 LG유플러스 디지털CX·성장담당(상무)은 ""보안플러스를 통해 고객 인식을 제고하고 적극적으로 소통한 노력을 인정받아 뿌듯하다""며 ""앞으로도 차별화된 콘텐츠로 신뢰와 안심이란 고객가치를 전달하도록 노력하겠다""고 말했다."
https://n.news.naver.com/mnews/article/277/0005643863?sid=105,2025-08-29 09:01:00,IT/과학,"LG U+, 국내 최대 ICT 시상식서 2년 연속 금상…""고객 신뢰감 높여""","디지털 콘텐츠 '보안플러스' 캠페인 시리즈로 수상LG유플러스는 국내 최대 ICT 시상식인 'ICT 어워드 코리아 2025'에서 IT기기 & 통신 분야 금상을 2년 연속으로 수상했다고 29일 밝혔다.올해로 22회를 맞은 ICT 어워드 코리아는 웹 ,앱, 디지털 플랫폼 등 ICT 서비스를 대상으로 하는 국내 최대 규모의 시상식이다. 각 분야의 전문가들이 혁신성, 시장성, 창의성, 실용성, 공공성을 평가해 수상작을 선정한다.LG유플러스가 국내 최대 ICT 시상식인 ‘ICT 어워드 코리아 2025’에서 IT기기 & 통신 분야 금상을 수상했다고 29일 밝혔다. 시상식에서 LG유플러스 임직원이 기념 촬영을 하고 있다. LG유플러스 제공LG유플러스는 공식 웹사이트 '유플러스닷컴'과 공식 애플리케이션 '당신의 U+'에서 콘텐츠와 혜택을 제공하는 디지털 채널 '유잼'을 운영하고 있다. 올해는 보안에 대한 관심이 높아짐에 따라 새롭게 추가한 '보안플러스' 시리즈로 수상했다.LG유플러스는 보안 콘텐츠를 제공하면서 '불안을 안심으로 전환한다'는 목표 아래 3단계 커뮤니케이션 전략을 활용했다. 1단계로는 문자·푸시 메시지로 정보를 알리고 2단계에서는 일상에 도움이 되는 콘텐츠를 게시했다. 3단계서는 무료 보안 서비스 혜택을 제시했다.보안플러스 콘텐츠를 제작할 때는 해킹 및 피싱 예방법을 쉽고 친근하게 소개하는 데 중점을 뒀다. 이를 통해 '고객이 안심할 수 있도록 보안 예방법과 시즌별 혜택을 체계적으로 안내해 신뢰감을 줬다'는 평가를 받았다.혜택 또한 고객 스스로 가입할 수 있는 무료 보안 서비스인 유심보호서비스, 번호도용 문자차단, 이중계정 인증, U+스팸 차단 기능을 콘텐츠와 연계했다.LG유플러스는 앞으로도 고객이 실생활에서 겪을 수 있는 디지털 범죄를 인공지능(AI) 신기술로 사전에 막을 수 있도록 보안 체계를 고도화할 방침이다. 이를 고객이 이해하기 쉬운 콘텐츠로 제작해 일상에 꼭 필요한 정보와 혜택을 제공할 예정이다.전경혜 LG유플러스 디지털CX·성장담당(상무)은 ""보안플러스를 통해 고객 인식을 제고하고 적극적으로 소통한 노력을 인정받아 뿌듯하다""면서 ""앞으로도 차별화된 콘텐츠로 신뢰와 안심이란 고객가치를 전달하도록 노력하겠다""고 밝혔다."
https://n.news.naver.com/mnews/article/031/0000960913?sid=105,2025-08-29 09:01:08,IT/과학,"LGU+, 국내 최대 ICT 시상식서 2년 연속 금상","무료 보안 서비스와 연계해 인식 제고…""차별화된 콘텐츠 제공""LG유플러스(대표 홍범식)는 국내 최대 ICT 시상식인 ICT 어워드 코리아 2025에서 IT기기·통신 분야 금상을 수상했다고 29일 밝혔다. 지난해 이어 2년 연속 수상이다.시상식에서 LG유플러스 임직원이 기념 촬영하는 모습. [사진=LGU+]ICT 어워드 코리아는 웹·앱·디지털 플랫폼 등 ICT 서비스를 대상으로 하는 국내 최대 시상식이다. 올해로 22회를 맞이했다.ICT 어워드 코리아는 각 분야 전문가들이 △혁신성 △시장성 △창의성 △실용성 △공공성을 평가해 수상작을 선정한다. LG유플러스는 올해 보안플러스 시리즈로 수상의 영광을 안았다.LG유플러스는 고객이 일상 생활에서 겪을 수 있는 디지털 범죄를 AI 신기술로 사전에 막을 수 있도록 보안 체계를 고도화할 방침이다.전경혜 LG유플러스 디지털CX/성장담당(상무)은 ""보안플러스를 통해 고객 인식을 제고하고 적극적으로 소통한 노력을 인정받아 뿌듯하다""며 ""차별화된 콘텐츠로 신뢰와 안심이란 고객가치를 전달하도록 노력하겠다""고 말했다."
https://n.news.naver.com/mnews/article/119/0002996422?sid=105,2025-08-29 09:01:09,IT/과학,"LG U+, 'ICT 어워드 코리아 2025' 2년 연속 금상 수상","유플러스닷컴·당신의 U+에 디지털 콘텐츠 ‘보안플러스’ 캠페인 진행“고객이 안심할 수 있게 보안 예방법을 체계적으로 안내했다” 호평LG유플러스 관계자들이 'ICT 어워드 코리아 2025'에서 IT기기 & 통신 분야 금상을 수상한 뒤 기념촬영하고 있다. ⓒLG유플러스[데일리안 = 박영국 기자] LG유플러스는 국내 최대 ICT 시상식인 ‘ICT 어워드 코리아 2025(ICT AWARD KOREA 2025)’에서 IT기기 & 통신 분야 금상을 수상했다고 29일 밝혔다. 지난해에 이어 2년 연속 수상이다.올해로 22회를 맞은 ICT 어워드 코리아는 웹·앱·디지털 플랫폼 등 ICT 서비스를 대상으로 하는 국내 최대 시상식이다. 디지털 혁신을 선도하는 각 분야의 전문가들이 ▲혁신성 ▲시장성 ▲창의성 ▲실용성 ▲공공성을 평가해 수상작을 선정한다.LG유플러스는 공식 웹사이트 ‘유플러스닷컴’과 공식 애플리케이션 ‘당신의 U+’에서 콘텐츠와 혜택을 제공하는 디지털 채널 ‘유잼’을 운영하고 있다. 올해는 보안에 대한 관심이 높아짐에 따라 새롭게 추가한 ‘보안플러스’ 시리즈로 수상했다.LG유플러스는 보안 콘텐츠를 제공하면서 ‘불안을 안심으로 전환한다’는 목표 아래 3단계 커뮤니케이션 전략을 활용했다. 1단계로는 문자·푸시 메시지로 정보를 알리고, 2단계에선 일상에 도움이 되는 콘텐츠를 게시하고, 3단계에선 무료 보안 서비스 혜택을 제시했다.보안플러스 콘텐츠를 제작할 때는 해킹 및 피싱 예방법을 쉽고 친근하게 소개하는 데 중점을 뒀다. 이를 통해 “고객이 안심할 수 있도록 보안 예방법과 시즌별 혜택을 체계적으로 안내함으로써 신뢰감을 주었다”는 평가를 받았다. 혜택 또한 복잡한 문의 없이 고객 스스로 가입할 수 있는 무료 보안 서비스인 ‘유심보호서비스, 번호도용 문자차단, 이중계정 인증, U+스팸 차단 기능’을 콘텐츠와 연계했다.LG유플러스는 앞으로도 고객이 실생활에서 겪을 수 있는 디지털 범죄를 AI 신기술로 사전에 막을 수 있게 보안 체계를 고도화할 방침이다. 이 또한 고객이 이해하기 쉬운 콘텐츠로 제작해 일상에 꼭 필요한 정보와 혜택을 제공할 예정이다.전경혜 LG유플러스 디지털CX/성장담당(상무)은 “보안플러스를 통해 고객 인식을 제고하고 적극적으로 소통한 노력을 인정받아 뿌듯하다”며 “앞으로도 차별화된 콘텐츠로 신뢰와 안심이란 고객가치를 전달하도록 노력하겠다”고 밝혔다."
https://n.news.naver.com/mnews/article/016/0002521126?sid=105,2025-08-29 09:01:12,IT/과학,"LGU+, 국내 ICT 시상식서 2년 연속 금상 수상…“보안 안내 호평”","‘보안플러스’ 시리즈로 수상 영광“보안 예방법 체계적으로 안내했다” 평가LG유플러스 임직원이 ‘ICT 어워드 코리아 2025’에서 IT기기 & 통신 분야 금상을 수상한 후 기념 사진을 찍고 있다. [LG유플러스 제공][헤럴드경제=박세정 기자] LG유플러스는 국내 최대 ICT 시상식인 ‘ICT 어워드 코리아 2025(ICT AWARD KOREA 2025)’에서 IT기기＆통신 분야 금상을 수상했다고 29일 밝혔다. 이는 지난해에 이어 2년 연속 수상이다.올해로 22회를 맞은 ICT 어워드 코리아는 웹·앱·디지털 플랫폼 등 ICT 서비스를 대상으로 하는 국내 최대 시상식이다. 각 분야의 전문가들이 ▷혁신성 ▷시장성 ▷창의성 ▷실용성 ▷공공성을 평가해 수상작을 선정한다.LG유플러스는 공식 웹사이트 ‘유플러스닷컴’과 공식 애플리케이션 ‘당신의 U+’에서 콘텐츠와 혜택을 제공하는 디지털 채널 ‘유잼’을 운영하고 있다. 올해는 새롭게 추가한 ‘보안플러스’ 시리즈로 수상의 영광을 안았다.LG유플러스는 보안 콘텐츠를 제공하면서 ‘불안을 안심으로 전환한다’는 목표 아래 3단계 커뮤니케이션 전략을 활용했다. 1단계로는 문자·푸시 메시지로 정보를 알린다. 2단계에선 일상에 도움이 되는 콘텐츠를 게시한다. 3단계에선 무료 보안 서비스 혜택을 제시했다.LG유플러스 용산 사옥 [LG유플러스 제공]보안플러스 콘텐츠를 제작할 때는 해킹 및 피싱 예방법을 쉽고 친근하게 소개하는 데 중점을 뒀다. 이를 통해 “고객이 안심할 수 있도록 보안 예방법과 시즌별 혜택을 체계적으로 안내함으로써 신뢰감을 주었다”는 평가를 받았다. 혜택 또한 복잡한 문의 없이 고객 스스로 가입할 수 있는 무료 보안 서비스인 ‘유심보호서비스, 번호도용 문자차단, 이중계정 인증, U+스팸 차단 기능’을 콘텐츠와 연계했다.LG유플러스는 앞으로도 고객이 실생활에서 겪을 수 있는 디지털 범죄를 인공지능(AI) 신기술로 사전에 막을 수 있게 보안 체계를 고도화할 방침이다. 고객이 이해하기 쉬운 콘텐츠로 제작해 일상에 꼭 필요한 정보와 혜택을 제공할 예정이다.전경혜 LG유플러스 디지털CX/성장담당(상무)은 “보안플러스를 통해 고객 인식을 제고하고 적극적으로 소통한 노력을 인정받아 뿌듯하다”며 “앞으로도 차별화된 콘텐츠로 신뢰와 안심이란 고객가치를 전달하도록 노력하겠다”고 밝혔다."
https://n.news.naver.com/mnews/article/030/0003345103?sid=105,2025-08-29 09:41:12,IT/과학,"LGU+, ICT 어워드 코리아 2년 연속 금상 수상","'ICT 어워드 코리아 2025' 시상식에서 LG유플러스 임직원이 기념 촬영하는 모습.LG유플러스가 국내 최대 정보통신기술(ICT) 시상식인 'ICT 어워드 코리아 2025'에서 IT기기·통신분야 금상을 수상했다. 지난해에 이어 2년 연속 수상이다.올해로 22회를 맞은 ICT 어워드 코리아는 웹·앱·디지털 플랫폼 등 ICT 서비스를 대상으로 하는 국내 최대 시상식이다.LG유플러스는 공식 웹사이트 '유플러스닷컴'과 공식 애플리케이션 '당신의 U+'에서 콘텐츠와 혜택을 제공하는 디지털 채널 '유잼'을 운영하고 있다. 올해는 보안에 대한 관심이 높아짐에 따라 새롭게 추가한 '보안플러스' 시리즈로 수상의 영광을 안았다.LG유플러스는 보안 콘텐츠를 제공하면서 '불안을 안심으로 전환한다'는 목표 아래 3단계 커뮤니케이션 전략을 활용했다. 1단계로는 문자·푸시 메시지로 정보를 알리고, 2단계에선 일상에 도움이 되는 콘텐츠를 게시하고, 3단계에선 무료 보안 서비스 혜택을 제시했다.보안플러스 콘텐츠를 제작할 때는 해킹 및 피싱 예방법을 쉽고 친근하게 소개하는 데 중점을 뒀다. 이를 통해 고객이 안심할 수 있도록 보안 예방법과 시즌별 혜택을 체계적으로 안내함으로써 신뢰감을 줬다는 평가를 받았다.LG유플러스는 앞으로도 고객이 실생활에서 겪을 수 있는 디지털 범죄를 AI 신기술로 사전에 막을 수 있게 보안 체계를 고도화할 방침이다. 이 또한 고객이 이해하기 쉬운 콘텐츠로 제작해 일상에 꼭 필요한 정보와 혜택을 제공할 예정이다.전경혜 LG유플러스 디지털CX/성장담당은 “보안플러스를 통해 고객 인식을 제고하고 적극적으로 소통한 노력을 인정받아 뿌듯하다”며 “앞으로도 차별화된 콘텐츠로 신뢰와 안심이란 고객가치를 전달하도록 노력하겠다”고 밝혔다."
https://n.news.naver.com/mnews/article/014/0005398582?sid=105,2025-08-29 09:42:16,IT/과학,"LG U+, 국내 최대 ICT 시상식서 2년 연속 ‘금상’ 수상","‘ICT 어워드 코리아 2025’에서 LG유플러스 임직원이 기념촬영을 하고 있다. LG유플러스 제공[파이낸셜뉴스] LG유플러스는 국내 최대 정보통신기술(ICT) 시상식인 ‘ICT 어워드 코리아 2025’에서 정보기술(IT)기기 앤 통신 분야 금상을 수상했다고 29일 밝혔다. 지난해에 이어 2년 연속 수상이다.올해로 22회를 맞은 ICT 어워드 코리아는 웹·앱·디지털 플랫폼 등 ICT 서비스를 대상으로 하는 국내 최대 시상식이다. 디지털 혁신을 선도하는 각 분야의 전문가들이 △혁신성 △시장성 △창의성 △실용성 △공공성을 평가해 수상작을 선정한다.LG유플러스는 공식 웹사이트 ‘유플러스닷컴’과 공식 애플리케이션 ‘당신의 U+’에서 콘텐츠와 혜택을 제공하는 디지털 채널 ‘유잼’을 운영하고 있다. 올해는 보안에 대한 관심이 높아짐에 따라 새롭게 추가한 ‘보안플러스’ 시리즈로 수상했다.LG유플러스는 보안 콘텐츠를 제공하면서 ‘불안을 안심으로 전환한다’는 목표 아래 3단계 커뮤니케이션 전략을 활용했다.1단계는 문자·푸시 메시지로 정보를 알리고 2단계에선 일상에 도움이 되는 콘텐츠를 게시하며 3단계에선 무료 보안 서비스 혜택을 제시했다.보안플러스 콘텐츠를 제작할 때는 해킹 및 피싱 예방법을 쉽고 친근하게 소개하는 데 중점을 뒀다. 혜택도 복잡한 문의 없이 고객 스스로 가입할 수 있는 무료 보안 서비스인 ‘유심보호서비스, 번호도용 문자차단, 이중계정 인증, U+스팸 차단 기능’을 콘텐츠와 연계했다.LG유플러스는 앞으로도 고객이 실생활에서 겪을 수 있는 디지털 범죄를 AI 신기술로 사전에 막을 수 있게 보안 체계를 고도화할 방침이다. 고객이 이해하기 쉬운 콘텐츠로 제작해 일상에 꼭 필요한 정보와 혜택을 제공할 예정이다."
https://n.news.naver.com/mnews/article/092/0002388206?sid=105,2025-08-29 10:12:11,IT/과학,"LGU+, ‘ICT 어워드 코리아 2025’ 2년 연속 금상 수상","‘보안플러스’ 콘텐츠로 가입자 불안 해소…신뢰·안심 가치 전달LG유플러스가 국내 최대 ICT 시상식인 ‘ICT 어워드 코리아 2025’에서 IT기기&통신 분야 금상을 수상했다고 29일 밝혔다. 이는 지난해에 이어 2년 연속 수상이다.올해로 22회를 맞은 ICT 어워드 코리아는 웹·앱·디지털 플랫폼 등 ICT 서비스를 대상으로 하는 국내 최대 시상식이다. 디지털 혁신을 선도하는 각 분야의 전문가들이 ▲혁신성 ▲시장성 ▲창의성 ▲실용성 ▲공공성을 평가해 수상작을 선정한다.LG유플러스는 공식 웹사이트 ‘유플러스닷컴’과 공식 애플리케이션 ‘당신의 U+’에서 콘텐츠와 프로모션을 제공하는 디지털 채널 ‘유잼’을 운영하고 있다. 올해는 보안에 대한 관심이 높아짐에 따라 새롭게 추가한 ‘보안플러스’ 시리즈로 수상의 영광을 안았다.LG유플러스는 보안 콘텐츠를 제공하면서 ‘불안을 안심으로 전환한다’는 목표 아래 3단계 커뮤니케이션 전략을 활용했다. 1단계로는 문자·푸시 메시지로 정보를 알리고, 2단계에선 일상에 도움이 되는 콘텐츠를 게시한다. 3단계에선 유심보호서비스, 번호도용 문자차단, 이중계정 인증, U+스팸 차단 기능 등 무료 보안 서비스를 제시했다. 회사는 해킹·피싱 예방법을 쉽고 친근하게 소개하는 데 중점을 뒀다고 설명했다.이에 심사에서는 “가입자가 안심할 수 있도록 보안 예방법과 시즌별 혜택을 체계적으로 안내함으로써 신뢰감을 주었다”는 평가를 받았다.LG유플러스는 앞으로도 가입자가 실생활에서 겪을 수 있는 디지털 범죄를 AI 신기술로 사전에 막을 수 있게 보안 체계를 고도화할 방침이다. 이 또한 가입자가 이해하기 쉬운 콘텐츠로 제작해 일상에 꼭 필요한 정보와 프로모션을 제공한다.전경혜 LG유플러스 디지털CX/성장담당은 “보안플러스를 통해 가입자 인식을 제고하고 적극적으로 소통한 노력을 인정받아 뿌듯하다”며 “앞으로도 차별화된 콘텐츠로 신뢰와 안심이란 가입자가치를 전달하도록 노력하겠다”고 밝혔다."
https://n.news.naver.com/mnews/article/016/0002521354?sid=105,2025-08-29 11:42:23,IT/과학,“LGU+ ‘보안플러스’로 고객 안심” ‘ICT 어워드코리아’ 2년연속 금상,"생활맞춤 보안 예방법 안내 호평무료 서비스 연계로 신뢰도 강화LG유플러스 임직원이 ‘ICT 어워드 코리아 2025’에서 IT기기 & 통신 분야 금상을 수상한 후 기념 사진을 찍고 있다. [LG유플러스 제공]LG유플러스는 국내 최대 ICT 시상식인 ‘ICT 어워드 코리아 2025(ICT AWARD KOREA 2025)’에서 IT기기＆통신 분야 금상을 수상했다고 29일 밝혔다. 이는 지난해에 이어 2년 연속 수상이다.올해로 22회를 맞은 ICT 어워드 코리아는 웹·앱·디지털 플랫폼 등 ICT 서비스를 대상으로 하는 국내 최대 시상식이다. 각 분야의 전문가들이 ▷혁신성 ▷시장성 ▷창의성 ▷실용성 ▷공공성을 평가해 수상작을 선정한다.LG유플러스는 공식 웹사이트 ‘유플러스닷컴’과 공식 애플리케이션 ‘당신의 U+’에서 콘텐츠와 혜택을 제공하는 디지털 채널 ‘유잼’을 운영하고 있다. 올해는 새롭게 추가한 ‘보안플러스’ 시리즈로 수상의 영광을 안았다.LG유플러스는 보안 콘텐츠를 제공하면서 ‘불안을 안심으로 전환한다’는 목표 아래 3단계 커뮤니케이션 전략을 활용했다. 1단계로는 문자·푸시 메시지로 정보를 알린다. 2단계에선 일상에 도움이 되는 콘텐츠를 게시한다. 3단계에선 무료 보안 서비스 혜택을 제시했다.보안플러스 콘텐츠를 제작할 때는 해킹 및 피싱 예방법을 쉽고 친근하게 소개하는 데 중점을 뒀다. 이를 통해 “고객이 안심할 수 있도록 보안 예방법과 시즌별 혜택을 체계적으로 안내함으로써 신뢰감을 주었다”는 평가를 받았다. 혜택 또한 복잡한 문의 없이 고객 스스로 가입할 수 있는 무료 보안 서비스인 ‘유심보호서비스, 번호도용 문자차단, 이중계정 인증, U+스팸 차단 기능’을 콘텐츠와 연계했다.LG유플러스는 앞으로도 고객이 실생활에서 겪을 수 있는 디지털 범죄를 인공지능(AI) 신기술로 사전에 막을 수 있게 보안 체계를 고도화할 방침이다. 고객이 이해하기 쉬운 콘텐츠로 제작해 일상에 꼭 필요한 정보와 혜택을 제공할 예정이다.전경혜 LG유플러스 디지털CX/성장담당(상무)은 “보안플러스를 통해 고객 인식을 제고하고 적극적으로 소통한 노력을 인정받아 뿌듯하다”며 “앞으로도 차별화된 콘텐츠로 신뢰와 안심이란 고객가치를 전달하도록 노력하겠다”고 밝혔다. 박세정 기자"
https://n.news.naver.com/mnews/article/366/0001104024?sid=105,2025-08-29 17:05:11,IT/과학,[비즈톡톡] 해킹 공격 당한 SK텔레콤에 역대 최대 과징금 폭탄… 신고 줄고 피해 사실 숨기는 기업 늘 수도,"자진 신고했지만 역대급 과징금 맞은 SK텔레콤기업들 신고 회피하는 부정적 선례될 수도선진국은 신속한 자진 신고 시 과징금 감면 제도 도입영국은 최대 90%까지 감경… 미국은 72시간 이내 신고 시 면제도 가능“한국은 늦게 신고하면 제재 한다는 규정만 있다”는 지적도그래픽=손민균해킹 공격을 받은 SK텔레콤이 개인정보보호위원회(이하 개인정보위)로부터 1300억원이 넘는 과징금 폭탄을 맞았습니다. 피해 사실 인지 후 자진 신고까지 마쳤지만 2011년 개인정보위 출범 이래 가장 많은 과징금이 부과된 겁니다. 업계 안팎에선 과징금 감경 없이 역대급 과징금이 부과된 점은 나쁜 선례가 돼 향후 기업들이 해킹 피해를 입어도 이를 숨기기에 급급해질 것이라는 우려가 확산되고 있습니다.자진 신고 후 과징금 폭탄 맞은 SKT… “해킹 피해 숨겨야 산다” 우려 확산개인정보위는 지난 28일 해킹 사고를 겪은 SK텔레콤에 과징금 1347억9100만원을 부과했습니다. 가입자식별번호(IMSI), 휴대전화 번호, 유심 인증키 등 25종의 개인정보가 유출된 책임을 SK텔레콤에 물은 겁니다.해킹 피해를 자진 신고하고 후속 조치 등에 1조원 가까운 비용을 쓴 SK텔레콤에 역대 최대 과징금이 부과되자, 앞으로는 기업들이 해킹 피해를 정부에 즉각 신고하지 않고 피해 사실을 최대한 감추는 쪽으로 대응할 것이라는 우려가 확산되고 있습니다.이를 방지하기 위해 영국과 미국 등 선진국에선 신속한 자진 신고와 후속조치 이행을 과징금 감경 사유로 명시하고 있습니다. 영국은 개인정보보호법(GDPR)에서 해킹 사고를 신속히 보고하고 후속 조치가 적절히 이뤄지면 과징금을 90%까지 감경하도록 규정하고 있습니다. 2018년 영국항공은 43만명의 고객정보 유출로 당국으로부터 3446억원의 과징금 부과 예고를 받았지만, 신속한 자진 신고와 적절한 후속조치를 인정받아 약 90% 감액된 375억원의 과징금만 낸 사례가 있습니다. 미국은 올해 10월부터 시행 예정인 ‘사이버 사고 신고법(CIRCIA)’에 기업이 사이버 침해 사실을 72시간 이내에 보고하면 일정 수준의 법적 책임을 면제한다는 내용을 담았습니다.이와 달리 한국은 자진 신고 시 감경 규정은 없고, 자진 신고가 늦으면 제재한다는 규정만 있다는 지적이 나옵니다. 현행법에 따르면 개인정보 유출 신고(개인정보보호법 제34조)는 이를 인지한 후 72시간 안에 개인정보위에 신고해야 합니다. 미신고 시 과태료가 부과됩니다. SK텔레콤은 해킹 사실 인지 41시간 만에 개인정보위에 개인정보 유출 신고를 완료했습니다.장항배 중앙대 산업보안학과 교수는 “SK텔레콤 과징금 사례가 자칫 자진 신고 시 불이익을 본다는 잘못된 선례로 작용될 우려도 있다”면서 “해외처럼 자진 신고 시 과징금을 감경해주는 제도적 보완이 필요하다”라고 했습니다.자진 신고한 SKT만 과징금 폭탄… KT·LGU+는 솜방망이 처분과거 해킹 등으로 고객정보 유출 사태를 겪은 KT와 LG유플러스의 과징금과 비교하면 SK텔레콤의 과징금 처분이 형평성이 맞지 않다는 비판도 나옵니다.2023년 LG유플러스는 고객정보 30만여 건이 유출돼 개인정보위로부터 68억원의 과징금을 받았습니다. 2012년, 2014년, 2016년 세 차례에 걸쳐 고객정보가 유출된 KT는 개인정보위로부터 과징금 처분을 한 번만 받았습니다. 2021년 개인정보위는 2014년 개인정보 유출 사고에 대한 책임을 물어 KT에 5000만원의 과징금을 부과했습니다. 통신업계에 따르면 당시 KT는 경찰로부터, LG유플러스는 한국인터넷진흥원(KISA)로부터 고객정보 유출 사실을 전달받았던 것으로 알려져 있습니다. 이와 달리 해킹 피해를 스스로 인지해 자진 신고까지 마친 SK텔레콤에만 1300억원대의 과징금을 부과한 건 형평성 측면에서 문제라는 지적이 적지 않습니다.그래픽=손민균미국 통신사보다 6배 많은 과징금 액수도 논란해외에서도 개인정보 유출로 인해 단일 기업이 1000억원대 과징금을 부과받은 사례는 없습니다. 2021년 5400만명의 고객정보가 유출된 미국 통신사 티모바일(T-Mobile)이 받은 과징금은 216억원에 불과했습니다. 당시 미국 통신사 AT&T도 178억원의 과징금을 받는 데 그쳤습니다. 통신업계 한 관계자는 “SK텔레콤과 유사한 일을 겪은 미국 이동통신사 사례와 비교해도 6배 이상 많은 과징금 폭탄을 맞은 것”이라고 했습니다.심지어 한국에서 고의로 고객 동의 없이 개인 정보를 광고에 활용한 구글과 메타에 부과한 개인정보위 과징금도 1000억원을 넘지 않았습니다. 2022년 개인정보위는 구글에 692억원, 메타에 308억원의 과징금을 부과하는 데 그쳤습니다."
https://n.news.naver.com/mnews/article/031/0000961185?sid=105,2025-08-29 18:13:09,IT/과학,"'그놈목소리' 잡는다…이통3사, ai 내세워 보이스피싱 전면전","KT 화자인식·딥보이스 탐지 상용화⋯SKT '스캠뱅가드'·LGU+ '안티딥보이스'로 대응 강화통신 기반 금융 사기가 갈수록 지능화되자 이동통신 3사가 인공지능(AI)을 앞세워 보안 전면전에 나섰다. 스팸·스미싱·보이스피싱 등 사이버 범죄를 막기 위해 화자 인식, 음성 변조 탐지, 이상 통화 감지 등 AI 보안 기술을 고도화하고 있다.모델이 KT AI 보이스피싱 탐지 서비스 2.0을 소개하고 있다. [사진=KT]KT는 범죄자의 목소리까지 식별하는 AI 보안 서비스를 내놨다. '화자 인식'과 '딥보이스(AI 변조 음성) 탐지'를 결합한 'AI 보이스피싱 탐지서비스 2.0'을 상용화한 것이다. 국립과학수사연구원이 제공한 '그놈목소리' 데이터를 기반으로 성능을 끌어올렸고, 개인정보보호위원회와 과기정통부의 규제 검토와 기술 검증을 거쳐 안정성을 확보했다. KT는 ""올해 상반기 이 서비스가 91.6%의 탐지 정확도로 약 710억 원의 피해를 막았다""고 전했다. 회사는 탐지율을 95%까지 높이고 금융권 이상거래탐지시스템(FDS)과 연계해 피해 차단 효과를 키운다는 계획이다.SKT 구성원들이 AI 사이버보안 기술인 '스캠뱅가드'를 점검하고 있다. [사진=SKT]SK텔레콤은 자사의 AI 보안 기술 '스캠뱅가드'를 AI 에이전트 '에이닷(A.)'에 적용했다. '스캠뱅가드'는 피싱 문자나 사기 채팅을 탐지하는 기술로, 보이스피싱 통화 패턴과 명의 도용 인증 시도를 분석한다. 아울러 KISA·경찰청·금융보안원과 협력해 보이스피싱 번호 차단에도 나서고 있다. KISA 블랙리스트 번호와 경찰청 신고 번호를 자동 차단하고, 범죄 연관 통화 패턴을 분석해 '에이닷' 전화에 실시간 이상 징후를 반영해 피해 예방을 돕는다.사진은 LG유플러스 직원이 익시오의 안티딥보이스 기능을 소개하는 모습. [사진=LGU+]LG유플러스는 보이스피싱·스미싱 대응을 위한 AI 보안 풀 패키지를 마련했다. 고객 서비스 과정을 모니터링·범행 대응·긴급 대응 3단계로 나눠 관리한다. 모니터링 단계에서는 스팸 문자와 악성 URL을 AI가 24시간 탐지한다. 범행 대응 단계에서는 AI 통화 에이전트 '익시오'가 보이스피싱 전화를 잡아내고, '안티딥보이스' 기술이 변조 음성을 구분한다. 긴급 대응 단계에서는 악성 앱 감염이 확인되면 알림톡을 통해 고객을 보안 상담사나 경찰과 즉시 연결한다."
https://n.news.naver.com/mnews/article/421/0008456933?sid=105,2025-08-31 09:00:00,IT/과학,"LGU+, 전국민 AI 접근성 높이는 'AI 유니버스' 출범","(LGU+ 제공. 재판매 및 DB금지)/뉴스1(서울=뉴스1) 김정현 기자 = LG유플러스가 국민들의 AI 접근성을 강화하기 위해 국내외 AI 제휴사 및 단체와 손잡고 'AI 유니버스'를 출범한다.LG유플러스는 지난 29일 서울 강남 일상비일상의틈에서 AI 유니버스 출범을 위한 업무협약을 체결했다고 31일 밝혔다.이날 협약식에는 LG유플러스와 과실연 AI미래포럼을 비롯해 유독픽AI에 참여하는 국내외 AI 제휴사 10곳(라이너, 캔바코리아, 펠로, 모블디, 튜링, 동아사이언스, 아티피셜 소사이어티, 플랭, 코멘토, 키네마스터)의 관계자가 참석했다.AI 유니버스는 국민 누구나 AI를 보다 쉽게 접하고 경험할 수 있도록 다양한 캠페인과 체험 프로그램을 추진하는 협업체다. AI 유니버스에 참여하는 기관과 기업들은 각사의 서비스와 역량을 활용해 AI 리터러시(AI Literacy)를 위한 교육 및 콘텐츠 제작을 공동 추진할 방침이다.LG유플러스는 자사가 보유한 AI 기술과 서비스를 기반으로 온·오프라인 캠페인과 콘텐츠 기획 및 제작 등을 지원한다.특히 지난달 출시한 국내 최초 구독형 AI 서비스 유독픽(Pick) AI를 중심으로 국민 누구나 쉽고 편하게 AI 서비스를 경험할 수 있도록 접근성을 높일 계획이다.과실연 AI미래포럼은 AI 전문성과 네트워크를 활용해 대중과 소통할 수 있는 토크콘서트·강연 등 체험 중심의 프로그램을 제공한다.유독픽AI 제휴사들은 각사가 보유한 AI 서비스와 기술 인프라를 활용한 공동 캠페인을 각각 담당할 예정이다.AI 유니버스는 지속적인 콘텐츠 개발 및 확산을 통해 대중과 소통하며 AI 리터러시 제고 및 사회적 확산을 위해 노력할 계획이다.정혜윤 LG유플러스 마케팅그룹장(상무)은 ""국내 AI 시장 성장에 맞춰 국민 누구나 AI를 쉽고 가깝게 체감할 수 있도록 다양한 AI 기관 및 제휴사들과 손을 잡았다""며 ""앞으로도 LG유플러스는 다양한 AI 사업자들과 협업해 AI 유니버스를 확장하고 AI 서비스를 국민들의 생활 속으로 확산시켜 나가겠다""고 말했다."
https://n.news.naver.com/mnews/article/001/0015595827?sid=105,2025-08-31 09:00:05,IT/과학,"[AI픽] ""국민 누구나 AI 쉽게""…LGU+ 'AI 유니버스' 가동","과실연·유독픽 제휴사와 협업해 AI 체험 캠페인 추진[LG유플러스 제공](서울=연합뉴스) 박형빈 기자 = LG유플러스는 국내외 인공지능(AI) 제휴사와 사단법인 바른 과학기술 사회 실현을 위한 국민연합(과실연) AI미래포럼 등과 함께 민간 협업체 'AI 유니버스'를 발족했다고 31일 밝혔다.AI 유니버스는 국민 누구나 AI를 보다 쉽게 접하고 경험할 수 있도록 다양한 캠페인과 체험 행사를 추진하는 협업 플랫폼이다.LG유플러스와 과실연 AI미래포럼을 비롯해 LG유플러스의 구독형 AI 서비스 '유독픽' 제휴사 10곳이 참여했다.이들은 지난 29일 업무협약을 맺고 각 사의 서비스와 역량을 활용해 AI 리터러시를 위한 교육 및 콘텐츠 제작을 공동 추진하기로 했다.LG유플러스는 유독픽을 중심으로 AI 접근성을 높이고, 참여 기업을 단계적으로 확대해 AI 생태계 조성에 나선다는 방침이다.한편 LG유플러스에 따르면 유독픽은 출시 한 달 만에 약 2만명의 가입자를 확보했다.이용자들이 가장 많이 선택한 서비스는 검색 정확도가 높은 '라이너'와 그래픽·콘텐츠 디자인 지원 툴 '캔바'였다.정혜윤 LG유플러스 마케팅그룹장(상무)은 ""국내 AI 시장 성장에 맞춰 국민 누구나 AI를 쉽고 가깝게 체감할 수 있도록 다양한 AI 기관 및 제휴사들과 손을 잡았다""며 ""AI 유니버스를 확장하고 AI 서비스를 국민들의 생활 속으로 확산시켜 나가겠다""고 말했다.binzz@yna.co.kr"
https://n.news.naver.com/mnews/article/119/0002996908?sid=105,2025-08-31 09:00:12,IT/과학,"LG U+, 전국민 AI 접근성 높이는 민간 협업체 'AI 유니버스' 이끈다","과실연 AI미래포럼 및 제휴사 손잡고 'AI 유니버스' 출범…AI 리터러시 위해 협업유독픽AI 기반으로 AI 서비스 접근성 제고…토크콘서트·강연·마케팅 공동 진행다양한 기업과 제휴로 AI 유니버스 확대…""국민 생활 속으로 AI 서비스 확산""LG유플러스와 과실연 AI미래포럼 및 국내외 AI 제휴사 관계자들이 29일 서울 강남 소재 복합문화공간인 일상비일상의틈에서 'AI 유니버스 출범을 위한 업무협약'을 체결한 뒤 기념촬영을 하고 있다. ⓒLG유플러스[데일리안 = 박영국 기자] LG유플러스가 국민들의 AI 접근성을 강화하기 위해 국내외 AI 제휴사 및 단체와 손잡고 ‘AI 유니버스’를 출범한다. 각사가 보유한 AI 역량을 하나로 결집해 시너지를 창출하고 국민들의 AI 이해도를 높임으로써, 빠르게 성장하는 국내 AI 시장을 선도하겠다는 전략이다.LG유플러스는 지난 29일 서울 강남 소재 복합문화공간인 일상비일상의틈에서 ‘AI 유니버스 출범을 위한 업무협약’을 체결했다고 31일 밝혔다.협약식에는 LG유플러스와 국내 대표 AI 단체인 과실연 AI미래포럼을 비롯, 유독픽AI에 참여하는 국내외 AI 제휴사 ㈜라이너, 캔바코리아, 펠로, ㈜모블디, ㈜튜링, ㈜동아사이언스, ㈜아티피셜 소사이어티, ㈜플랭, ㈜코멘토, ㈜키네마스터 관계자들이 참석했다.‘AI 유니버스’는 국민 누구나 AI를 보다 쉽게 접하고 경험할 수 있도록 다양한 캠페인과 체험 프로그램을 추진하는 협업체다. AI 유니버스에 참여하는 기관과 기업들은 각사의 서비스와 역량을 활용해 AI 리터러시(AI Literacy)를 위한 교육 및 콘텐츠 제작을 공동 추진할 방침이다.LG유플러스는 자사가 보유한 AI 기술과 서비스를 기반으로, 온·오프라인 캠페인과 콘텐츠 기획 및 제작 등을 지원한다. 특히 지난달 출시한 국내 최초 구독형 AI 서비스인 ‘유독픽(Pick) AI’를 중심으로 국민 누구나 쉽고 편하게 AI 서비스를 경험할 수 있도록 접근성을 높일 계획이다.LG유플러스의 유독픽 AI는 고객이 원하는 AI 서비스만 골라 할인을 받고, 매달 필요한 AI 서비스를 자유롭게 선택할 수 있는 구독형 상품이다. 유독픽 AI는 출시 한 달 만에 약 2만 명의 가입자를 확보하며 성장을 이어가고 있다. 고객들이 가장 많이 선택한 AI 서비스는 정확도가 높은 검색 결과를 제공하는 '라이너(Liner)'와 그래픽 및 콘텐츠 디자인 지원 서비스 '캔바(Canva)'로 나타났다.이밖에도 과실연 AI미래포럼은 AI 전문성과 네트워크를 활용해 대중과 소통할 수 있는 토크콘서트·강연 등 체험 중심의 프로그램을, 유독픽AI 제휴사들은 각사가 보유한 AI 서비스와 기술 인프라를 활용한 공동 캠페인을 각각 담당할 예정이다. 이를 통해 AI 유니버스는 생활 속에서 활용될 수 있는 AI 서비스를 대중에게 소개하고, AI에 대한 친숙함과 신뢰를 높여 나간다는 방침이다.AI 유니버스는 지속적인 콘텐츠 개발 및 확산을 통해 대중과 소통하며 AI 리터러시 제고 및 사회적 확산을 위해 노력할 계획이다. 아울러 AI에 대한 관심이 경쟁력 있는 AI 서비스 개발 및 고도화로 이어질 수 있도록 AI 유니버스에 참가하는 기업을 확대해 나갈 예정이다.정혜윤 LG유플러스 마케팅그룹장(상무)은 “국내 AI 시장 성장에 맞춰 국민 누구나 AI를 쉽고 가깝게 체감할 수 있도록 다양한 AI 기관 및 제휴사들과 손을 잡았다”며 “앞으로도 LG유플러스는 다양한 AI 사업자들과 협업해 AI 유니버스를 확장하고 AI 서비스를 국민들의 생활 속으로 확산시켜 나가겠다”고 말했다."
https://n.news.naver.com/mnews/article/031/0000961266?sid=105,2025-08-31 09:01:10,IT/과학,"LGU+, 국내외 제휴사·단체 손잡고 'AI 유니버스' 출범","AI 리터러시 위해 협업⋯""생활 속으로 AI 서비스 확산시킬 것""LG유플러스가 누구나 AI(인공지능)를 쉽고 가깝게 경험할 수 있도록 돕는 협업체인 'AI 유니버스'를 출범했다. 빠르게 성장하는 국내 AI 시장에서 접근성과 이해도를 동시에 끌어올려 AI 대중화를 선도하겠다는 취지다.29일 서울 강남 일상비일상의틈에서 진행된 AI 유니버스 출범을 위한 업무협약식에 참석한 정혜윤 LG유플러스 마케팅그룹장(왼쪽에서 8번째)과 류정혜 과실연 AI미래포럼 공동의장(왼쪽에서 11번째), 김승일 AI미래포럼 대표의장(왼쪽에서 12번째)을 비롯한 제휴사 관계자가 기념촬영을 하는 모습. [사진=LGU+]LG유플러스(대표 홍범식)는 지난 29일 서울 강남 복합문화공간인 일상비일상의틈에서 국내외 제휴사·단체와 AI 유니버스 출범 업무협약을 체결했다. 협약식에는 과실연 AI미래포럼, 구독형 AI 서비스 유독픽 AI에 참여하는 국내외 제휴사 10곳 등이 참석했다.AI 유니버스는 참여 기업·기관이 보유한 AI 역량을 결집해 캠페인, 체험 프로그램, 교육 콘텐츠 등을 공동으로 추진하는 협업체다. LG유플러스는 AI 기술과 서비스를 기반으로 온·오프라인 캠페인을 지원하고 지난달 출시한 구독형 AI 서비스 유독픽 AI를 중심으로 접근성을 높일 계획이다.유독픽 AI는 고객이 원하는 AI 서비스를 선택해 할인받고 매달 자유롭게 구독할 수 있는 상품이다. 출시 한 달 만에 가입자 약 2만명을 확보했다. 라이너(Liner)와 캔바(Canva)가 가장 인기 있는 서비스로 꼽혔다.과실연 AI미래포럼은 강연·토크콘서트 등 체험형 프로그램을, 제휴사는 각사 AI 서비스와 인프라를 활용한 공동 캠페인을 맡는다. 이를 통해 생활 밀착형 AI 서비스 확산과 함께 대중의 AI 친숙도와 신뢰도를 높여간다는 구상이다.LG유플러스는 향후 AI 유니버스 참여 기업을 확대하고, 지속적인 콘텐츠 개발로 AI 리터러시 확산에 기여할 방침이다.정혜윤 LG유플러스 마케팅그룹장(상무)은 ""국민 누구나 AI를 쉽고 가깝게 체감할 수 있도록 다양한 AI 기관·제휴사들과 협력하게 됐다""며 ""앞으로도 AI 유니버스를 확장해 AI 서비스를 국민 생활 속으로 확산시켜 나가겠다""고 말했다."
https://n.news.naver.com/mnews/article/014/0005399021?sid=105,2025-08-31 09:01:15,IT/과학,"LG U+, 전국민 AI 접근성 높이는 민간 협업체 'AI 유니버스' 출범","지난 29일 서울 강남 일상비일상의틈에서 진행된 AI 유니버스 출범을 위한 업무협약식에 참석한 LG유플러스 정혜윤 마케팅그룹장(왼쪽 8번째)과 과실연 AI미래포럼 류정혜 공동의장(왼쪽 11번째), AI미래포럼 김승일 대표의장(왼쪽 12번째)을 비롯한 제휴사 관계자들이 기념촬영을 하고 있다. LG유플러스 제공LG유플러스는 지난 29일 서울 강남 소재 복합문화공간인 일상비일상의틈에서 ‘AI 유니버스 출범을 위한 업무협약’을 체결했다고 31일 밝혔다. 이날 협약식에는 LG유플러스와 국내 대표 AI 단체인 바른 과학기술사회 실현을 위한 국민연합(과실연) AI미래포럼을 비롯해 유독픽AI에 참여하는 국내외 AI 제휴사 10곳의 관계자가 참석했다.‘AI 유니버스’는 국민들이 AI를 쉽게 경험할 수 있도록 체험 프로그램을 추진하는 협업체다. AI 유니버스에 참여하는 기관과 기업들은 각사의 서비스와 역량을 활용해 AI 리터러시를 위한 교육 및 콘텐츠 제작을 공동 추진할 방침이다.LG유플러스는 보유한 AI 기술과 서비스를 기반으로, 온·오프라인 캠페인과 콘텐츠 기획 및 제작 등을 지원한다. 특히 지난달 출시한 국내 최초 구독형 AI 서비스인 ‘유독픽(Pick) AI’를 중심으로 국민 누구나 쉽고 편하게 AI 서비스를 경험할 수 있도록 접근성을 높일 계획이다. LG유플러스의 유독픽 AI는 고객이 원하는 AI 서비스만 골라 할인을 받고, 매달 필요한 AI 서비스를 자유롭게 선택할 수 있는 구독형 상품이다. 유독픽 AI는 출시 한 달 만에 약 2만 명의 가입자를 확보하며 성장을 이어가고 있다. 고객들이 가장 많이 선택한 AI 서비스는 정확도가 높은 검색 결과를 제공하는 '라이너'와 그래픽 및 콘텐츠 디자인 지원 서비스 '캔바'로 나타났다. 과실연 AI미래포럼은 토크콘서트·강연 등 체험 중심의 프로그램을, 유독픽AI 제휴사들은 각사가 보유한 AI 서비스와 기술 인프라를 활용한 공동 캠페인을 각각 담당할 예정이다. 이를 통해 AI 유니버스는 생활 속에서 활용될 수 있는 AI 서비스를 대중에 소개하고 AI에 대한 친숙함과 신뢰를 높여 나간다는 방침이다. 정혜윤 LG유플러스 마케팅그룹장은 “국내 AI 시장 성장에 맞춰 국민 누구나 AI를 쉽고 가깝게 체감할 수 있도록 다양한 AI 기관 및 제휴사들과 손을 잡았다”며 “앞으로도 LG유플러스는 다양한 AI 사업자들과 협업해 AI 유니버스를 확장하고 AI 서비스를 국민들의 생활 속으로 확산시켜 나가겠다”고 말했다.#LG유플러스 #인공지능 #AI 유니버스"
https://n.news.naver.com/mnews/article/241/0003463082?sid=105,2025-08-31 09:07:53,IT/과학,국민 일상에 AI를…LGU+ 'AI 유니버스' 출범,"AI 체험 프로그램 추진LG유플러스는 국민의 AI 접근성을 강화하기 위해 'AI 유니버스'를 출범한다고 31일 밝혔다.LG유플러스의 AI 유니버스에는 과학기술 시민단체 과실연 AI미래포럼을 비롯해 AI 구독 상품 '유독픽 AI'에 참여하는 라이너, 캔바코리아, 펠로, 모블디, 튜링, 동아사이언스, 아티피셜 소사이어티, 플랭, 코멘토, 키네마스터가 이름을 올렸다.AI 유니버스는 국민 누구나 AI를 쉽게 접하고 경험할 수 있도록 다양한 캠페인과 체험 프로그램을 추진하는 협업체다. AI 리터러시를 위한 교육 및 콘텐츠 제작을 공동 추진할 방침이다.LG유플러스는 AI 기술과 서비스를 기반으로 온·오프라인 캠페인과 콘텐츠 기획 및 제작 등을 지원한다. 지난달 출시한 구독형 AI 서비스인 유독픽 AI를 중심으로 AI 서비스 접근성을 높일 계획이다.과실연 AI미래포럼은 AI 전문성과 네트워크를 활용해 대중과 소통할 수 있는 토크콘서트·강연 등 체험 중심의 프로그램을, 유독픽 AI 제휴사들은 각사가 보유한 AI 서비스와 기술 인프라를 접목한 공동 캠페인을 담당한다.정혜윤 LG유플러스 마케팅그룹장은 ""앞으로도 다양한 AI 사업자들과 협업해 AI 유니버스를 확장하고 AI 서비스를 국민의 생활 속으로 확산시켜 나가겠다""고 말했다.정길준 기자 kjkj@edaily.co.kr"
https://n.news.naver.com/mnews/article/277/0005644407?sid=105,2025-08-31 09:11:08,IT/과학,"LG U+ ""제휴사들과 '모두의 AI' 실천""…캠페인·프로그램 추진","과실연 AI미래포럼 및 제휴사 10곳 협력'AI 유니버스' 출범…다양한 교육·콘텐츠유독픽AI로 쉽고 편하게 AI 서비스 경험LG유플러스가 인공지능(AI) 대중화를 위해 국내외 AI 제휴사, 단체와 손잡고 'AI 유니버스'를 출범한다. 각사가 보유한 AI 역량을 하나로 결집해 시너지를 창출하고 국민들의 AI 이해도를 높임으로써 국내 AI 시장을 선도하겠다는 전략이다.LG유플러스가 국내외 AI 제휴사 및 단체와 손잡고 ‘AI 유니버스’를 출범한다. 지난 29일 AI 유니버스 출범을 위한 업무협약식에 참석한 정혜윤 LG유플러스 마케팅그룹장(왼쪽에서 8번째)과 류정혜 과실연 AI미래포럼 류정혜(왼쪽에서 11번째), 김승일 AI미래포럼 대표의장(왼쪽에서 12번째)을 비롯한 제휴사 관계자가 기념촬영을 하는 모습. LG유플러스 제공LG유플러스는 지난 29일 서울 강남 소재 복합 문화 공간인 일상비일상의틈에서 'AI 유니버스 출범을 위한 업무협약'을 체결했다. 이날 협약식에는 LG유플러스와 국내 대표 AI 단체인 과실연 AI미래포럼을 비롯해 유독픽AI에 참여하는 국내외 AI 제휴사 10곳의 관계자가 참석했다. 제휴사는 라이너, 캔바코리아, 펠로, 모블디, 튜링, 동아사이언스, 아티피셜 소사이어티, 플랭, 코멘토, 키네마스터다.AI 유니버스는 국민 누구나 AI를 보다 쉽게 접하고 경험할 수 있도록 다양한 캠페인과 체험 프로그램을 추진하는 협업체다. AI 유니버스에 참여하는 기관과 기업들은 각사의 서비스와 역량을 활용해 AI 리터러시를 위한 교육 및 콘텐츠 제작을 공동 추진할 방침이다.LG유플러스는 온·오프라인 캠페인과 콘텐츠 기획 및 제작 등을 지원한다. 특히 지난달 출시한 국내 최초 구독형 AI 서비스인 '유독픽(Pick) AI'를 중심으로 국민 누구나 쉽고 편하게 AI 서비스를 경험할 수 있도록 접근성을 높일 계획이다.유독픽 AI는 고객이 원하는 AI 서비스만 골라 할인을 받고, 매달 필요한 AI 서비스를 자유롭게 선택할 수 있는 구독형 상품이다.이밖에도 과실연 AI미래포럼은 토크콘서트·강연 등 체험 중심의 프로그램을, 유독픽AI 제휴사들은 각사가 보유한 AI 서비스와 기술 인프라를 활용한 공동 캠페인을 각각 담당할 예정이다. 이를 통해 AI 유니버스는 생활 속에서 활용될 수 있는 AI 서비스를 대중에게 소개하고, AI에 대한 친숙함과 신뢰를 높여 나간다는 방침이다.AI 유니버스는 지속적인 콘텐츠 개발 및 확산을 통해 대중과 소통하며 AI 리터러시 제고 및 사회적 확산을 위해 노력할 계획이다. 아울러 AI에 대한 관심이 경쟁력 있는 AI 서비스 개발 및 고도화로 이어질 수 있도록 AI 유니버스에 참가하는 기업을 확대해 나갈 예정이다.정혜윤 LG유플러스 마케팅그룹장(상무)은 ""앞으로도 다양한 AI 사업자들과 협업해 AI 유니버스를 확장하고 AI 서비스를 국민들의 생활 속으로 확산시켜 나가겠다""고 말했다."
https://n.news.naver.com/mnews/article/008/0005243277?sid=105,2025-08-31 09:21:32,IT/과학,"LG U+, AI 접근성 높이는 'AI 유니버스' 출범…제휴사와 시너지 노려","LG유플러스는 지난 29일 서울 강남 소재 복합문화공간 일상비일상의틈에서 'AI 유니버스 출범을 위한 업무협약'을 체결했다고 31일 밝혔다./사진제공=LG유플러LG유플러스가 국민들의 AI(인공지능) 접근성을 강화하기 위해 국내외 AI 제휴사 및 단체와 손잡고 'AI 유니버스'를 출범한다. 이들이 보유한 AI 역량을 하나로 결집해 시너지를 창출하고 국내 AI 시장을 선도하겠다는 전략이다.LG유플러스는 지난 29일 서울 강남 소재 복합문화공간 일상비일상의틈에서 'AI 유니버스 출범을 위한 업무협약'을 체결했다고 31일 밝혔다. 이날 협약식에는 LG유플러스와 국내 대표 AI 단체인 과실연 AI미래포럼을 비롯해 라이너, 캔바코리아 등 유독픽AI에 참여하는 국내외 AI 제휴사 10곳의 관계자가 참석했다.'AI 유니버스'는 국민 누구나 AI를 보다 쉽게 접하고 경험할 수 있도록 다양한 캠페인과 체험 프로그램을 추진하는 협업체다. AI 유니버스에 참여하는 기관과 기업들은 각사의 서비스와 역량을 활용해 AI 리터러시 교육 및 콘텐츠 제작을 공동 추진할 방침이다.구체적으로 LG유플러스는 자사가 보유한 AI 기술과 서비스를 기반으로, 온·오프라인 캠페인과 콘텐츠 기획 및 제작 등을 지원한다. 특히 지난달 출시한 국내 최초 구독형 AI 서비스인 '유독픽(Pick) AI'를 중심으로 국민 누구나 쉽고 편하게 AI 서비스를 경험할 수 있도록 접근성을 높일 계획이다.LG유플러스의 유독픽 AI는 고객이 원하는 AI 서비스만 골라 할인을 받고, 매달 필요한 AI 서비스를 자유롭게 선택할 수 있는 구독형 상품이다. 유독픽 AI는 출시 한 달 만에 약 2만명의 가입자를 확보하며 성장을 이어가고 있다.이 밖에도 과실연 AI미래포럼은 AI 전문성과 네트워크를 활용해 대중과 소통할 수 있는 토크콘서트·강연 등 체험 중심의 프로그램을, 유독픽AI 제휴사들은 각사가 보유한 AI 서비스와 기술 인프라를 활용한 공동 캠페인을 각각 담당할 예정이다.정혜윤 LG유플러스 마케팅그룹장(상무)은 ""국내 AI 시장 성장에 맞춰 국민 누구나 AI를 쉽고 가깝게 체감할 수 있도록 다양한 AI 기관 및 제휴사들과 손을 잡았다""며 ""앞으로도 다양한 AI 사업자들과 협업해 AI 유니버스를 확장하고 국민 생활 속으로 확산시키겠다""고 말했다."
https://n.news.naver.com/mnews/article/030/0003345362?sid=105,2025-08-31 09:22:20,IT/과학,"LGU+ '익시오', 아시아 법과학 총회 참가…보이스피싱 대응 기술 공개","LG유플러스 AI 통화 에이전트 '익시오'.LG유플러스가 국립과학수사연구원 등 국가기관과 협력해 개발한 인공지능(AI) 기반 범죄 예방 기술을 국제 과학수사 무대에 선보인다.31일 업계에 따르면 LG유플러스는 9월 15일부터 19일까지 인천광역시 중구 인스파이어 리조트에서 열리는 2025 한-아시아 법과학·법의학 총회(AFSN & APMLA KOREA 2025)에 전시 부스를 꾸리고 메인 발표를 진행한다.한-아시아 법과학·법의학 총회는 아시아 지역 국립과학수사연구원(NFS·국과수)과 유사한 법과학·법의학 기관들이 참여하는 정기 국제회의다. 최신 사례와 연구 성과를 공유하고 각국 전문가 간 네트워크를 강화하기 위해 마련된다. 아시아 각국 법의학 기관장, 법의학자 등 약 1200명의 전문가들이 모일 예정이다.LG유플러스는 이번 총회에 국내 이동통신사 최초로 후원사로 참여한다. 최상 스폰서인 골드 등급 스폰서에는 LG유플러스와 함께 생명과학기업 SCIEX, 지멘스, 써모피셔 사이언티픽, 현대자동차그룹이 이름을 올렸다.LG유플러스는 행사 기간 동안 부스 운영을 통해 인공지능(AI) 통화애플리케이션(앱)'익시오'(ixi-O)의 범죄 탐지 기능 및 실제 대응 사례를 소개한다.익시오 앱은 통화 중 실시간으로 위·변조된 음성을 감지하고, AI가 5초 내 의심 대화를 포착해 보이스피싱을 경고하는 기능을 탑재하고 있다. 회사에 따르면지난 6월 익시오에 도입된 '안티딥보이스'는 한달 만의 5500여건의 음성 변조를 탐지했고,약 2900억원 규모의 피해 예방 효과를 거둔 것으로 추산된다.행사 셋째날인 17일오후에는 메인 컨퍼런스 키노트 세션에서 '범죄 예방으로 활용되는 AI 테크 익시오'를 주제 발표도 진행한다.LG유플러스가 과학수사 데이터를 기반으로 한 AI 실시간 분석 기술의 적용 사례와 향후 발전 방향, 테크 기반 범죄 예방 전략 등을 중심으로 다뤄질 예정이다.LG유플러스 관계자는 “AI 기술을 통한 보이스 피싱 및 스미싱 방지를 위해 노력하는 부분을 알리기 위해 행사에 참여한다”면서 “앞으로 국민이 안심하고 생활할 수 있도록 관련 기술 고도화해 나갈 예정”이라고 말했다."
https://n.news.naver.com/mnews/article/029/0002978996?sid=105,2025-08-31 09:28:23,IT/과학,"AI 접근성 높인다…LGU+, ‘AI 유니버스’ 출범","정혜윤(왼쪽 여덟번째) LG유플러스 마케팅그룹장, 류정혜(오른쪽 네번째) 과실연 AI미래포럼 공동의장, 김승일(오른쪽 세번째) AI미래포럼 대표의장 등이 29일 서울 강남 일상비일상의틈에서 열린 AI 유니버스 출범 업무협약식에서 기념촬영을 하고 있다. LG유플러스 제공LG유플러스가 국민들의 인공지능(AI) 접근성을 강화하기 위해 국내외 AI 제휴사 및 단체와 손잡고 ‘AI 유니버스’를 출범시킨다. 참여 기업·단체 각자가 보유한 AI 역량을 하나로 결집해 시너지를 창출하고 국민 AI 이해도를 높인다는 전략이다.LG유플러스는 지난달 29일 서울 강남 소재 복합문화공간인 일상비일상의틈에서 ‘AI 유니버스 출범을 위한 업무협약’을 체결했다고 31일 밝혔다. 라이너, 캔바코리아, 펠로, 모블디, 튜링, 동아사이언스, 아티피셜 소사이어티, 플랭, 코멘토, 키네마스터 등이 AI 제휴사로 참여했다.AI 유니버스는 국민 누구나 AI를 접하고 경험할 수 있도록 다양한 캠페인과 체험 프로그램을 추진하는 협업체다. 참여 기관·기업들은 각자의 서비스와 역량을 활용해 AI 리터러시를 위한 교육 및 콘텐츠 제작을 공동 추진할 방침이다.구체적으로 LG유플러스는 자사가 보유한 AI 기술과 서비스를 기반으로 온·오프라인 캠페인과 콘텐츠 기획·제작 등을 지원한다. 특히 지난달 출시한 국내 최초 구독형 AI 서비스인 ‘유독픽 AI’를 중심으로 국민 누구나 AI 서비스를 경험할 수 있도록 접근성을 높일 계획이다.바른과학기술사회실현을위한국민연합(과실연) AI미래포럼은 AI 전문성과 네트워크를 활용해 대중과 소통할 수 있는 토크콘서트·강연 등 체험 중심의 프로그램을 만든다. 유독픽AI 제휴사들은 각사가 보유한 AI 서비스와 기술 인프라를 활용한 공동 캠페인을 담당할 예정이다.정혜윤 LG유플러스 마케팅그룹장은 “앞으로도 다양한 AI 사업자들과 협업해 AI 유니버스를 확장하고 AI 서비스를 국민들의 생활 속으로 확산시키겠다“고 말했다."
https://n.news.naver.com/mnews/article/003/0013451665?sid=101,2025-08-31 09:28:58,경제,"LGU+, 'AI 유니버스' 출범…""국민 누구나 AI 손쉽게 체험""","과실연 AI미래포럼 및 제휴사 손잡고 'AI 유니버스' 출범…AI 리터러시 위해 협업'유독픽AI' 기반으로 AI 서비스 접근성 제고…토크콘서트·강연·마케팅 공동 진행LG유플러스가 국민들의 AI 접근성을 강화하기 위해 국내외 AI 제휴사 및 단체와 손잡고 ‘AI 유니버스’를 출범한다. 사진은 29일 서울 강남 일상비일상의틈에서 진행된 AI 유니버스 출범을 위한 업무협약식에 참석한 LG유플러스 정혜윤 마케팅그룹장(왼쪽에서 8번째)과 과실연 AI미래포럼 류정혜 공동의장(왼쪽에서 11번째), AI미래포럼 김승일 대표의장(왼쪽에서 12번째)을 비롯한 제휴사 관계자가 기념촬영을 하는 모습.(사진=LG유플러스 제공) *재판매 및 DB 금지[서울=뉴시스]송혜리 기자 = LG유플러스는 인공지능(AI) 기술에 대한 대중의 접근성을 높이기 위해 국내외 AI 제휴사·단체와 함께 'AI 유니버스'를 출범한다고 31일 밝혔다.회사는 참여 기업들이 보유한 AI 역량을 결집해 시너지를 창출하고 AI 기술을 보다 쉽고 폭넓게 활용할 수 있는 환경을 조성함으로써 빠르게 성장하는 국내 AI 시장을 선도하겠다는 방침이다.LG유플러스는 지난 29일 서울 강남 소재 복합문화공간인 일상비일상의틈에서 'AI 유니버스' 출범을 위한 업무협약'을 체결했다.이날 협약식에는 LG유플러스는 물론 'AI 유니버스'에 참여는 바른 과학기술사회 실현을 위한 국민연합(과실연) AI미래포럼을 비롯해 라이너, 캔바코리아, 펠로, 모블디, 튜링, 동아사이언스, 아티피셜 소사이어티, 플랭, 코멘토, 키네마스터 등 10곳의 관계자가 참석했다.앞으로 'AI 유니버스'는 국민 누구나 AI를 보다 쉽게 접하고 경험할 수 있도록 다양한 캠페인과 체험 프로그램을 추진한다. AI 유니버스에 참여하는 기관과 기업들은 각사의 서비스와 역량을 활용해 AI 리터러시(AI Literacy)를 위한 교육 및 콘텐츠 제작을 공동 추진할 방침이다.구체적으로 LG유플러스는 자사가 보유한 AI 기술과 서비스를 기반으로 온·오프라인 캠페인과 콘텐츠 기획 및 제작 등을 지원한다. 특히 지난달 출시한 구독형 AI 서비스인 '유독픽 A'를 중심으로 국민 누구나 쉽고 편하게 AI 서비스를 경험할 수 있도록 접근성을 높일 계획이다.과실연 AI미래포럼은 AI 전문성과 네트워크를 활용해 대중과 소통할 수 있는 토크콘서트·강연 등 체험 중심의 프로그램을, 유독픽AI 제휴사들은 각사가 보유한 AI 서비스와 기술 인프라를 활용한 공동 캠페인을 각각 담당할 예정이다.정혜윤 LG유플러스 마케팅그룹장(상무)은 ""국내 AI 시장 성장에 맞춰 국민 누구나 AI를 쉽고 가깝게 체감할 수 있도록 다양한 AI 기관 및 제휴사들과 손을 잡았다""며 ""앞으로도 LG유플러스는 다양한 AI 사업자들과 협업해 AI 유니버스를 확장하고 AI 서비스를 국민들의 생활 속으로 확산시켜 나가겠다""고 말했다."
https://n.news.naver.com/mnews/article/144/0001064034?sid=105,2025-08-31 09:41:09,IT/과학,"LGU+, 민간 협업체 ‘AI 유니버스’ 출범","LG유플러스는 국내외 인공지능(AI) 제휴사와 사단법인 바른 과학기술 사회 실현을 위한 국민연합(과실연) AI미래포럼 등과 함께 민간 협업체 ‘AI 유니버스’를 발족했다고 31일 밝혔다.LG유플러스가 국민들의 AI 접근성을 강화하기 위해 국내외 AI 제휴사 및 단체와 손잡고 ‘AI 유니버스’를 출범한다.AI 유니버스는 누구나 AI를 보다 쉽게 접하고 경험할 수 있도록 다양한 캠페인과 체험 행사를 추진하는 협업 플랫폼이다.LG유플러스와 과실연 AI미래포럼을 비롯해 LG유플러스의 구독형 AI 서비스 ‘유독픽’ 제휴사 10곳이 참여했다.이들은 지난 29일 업무협약을 맺고 각 사의 서비스와 역량을 활용해 AI 리터러시를 위한 교육 및 콘텐츠 제작을 공동 추진하기로 했다.LG유플러스는 유독픽을 중심으로 AI 접근성을 높이고, 참여 기업을 단계적으로 확대해 AI 생태계 조성에 나선다는 방침이다.구체적으로 LG유플러스는 자사가 보유한 AI 기술과 서비스를 기반으로, 온·오프라인 캠페인과 콘텐츠 기획 및 제작 등을 지원한다. 특히 지난달 출시한 국내 최초 구독형 AI 서비스인 ‘유독픽(Pick) AI’를 중심으로 국민 누구나 쉽고 편하게 AI 서비스를 경험할 수 있도록 접근성을 높일 계획이다.LG유플러스에 따르면 유독픽은 출시 한 달 만에 약 2만명의 가입자를 확보했다.이용자들이 가장 많이 선택한 서비스는 검색 정확도가 높은 ‘라이너’와 그래픽·콘텐츠 디자인 지원 툴 ‘캔바’였다.정혜윤 LG유플러스 마케팅그룹장(상무)은 “AI 유니버스를 확장하고 AI 서비스를 국민들의 생활 속으로 확산시켜 나가겠다”고 말했다.<생활경제부>"
https://n.news.naver.com/mnews/article/648/0000039334?sid=105,2025-08-31 11:00:07,IT/과학,"LGU+, 'AI 유니버스' 출범…접근성 높인다","과실연 AI미래포럼·제휴사와 AI 리터러시 협업유독픽 AI 지원…토크콘서트·강연도 함께 진행LG유플러스가 전 국민의 인공지능(AI) 접근성을 강화하기 위해 국내외 AI 제휴사·단체와 손잡고 'AI 유니버스'를 출범한다. 각사가 보유한 AI 역량을 하나로 결집해 시너지를 창출하고 국민의 AI 이해도를 높여 빠르게 성장하는 국내 AI 시장을 선도한다는 구상이다.LG유플러스는 지난 29일 서울 강남 소재 복합문화공간인 일상비일상의틈에서 'AI 유니버스 출범을 위한 업무협약'을 체결했다고 31일 밝혔다. 이날 협약식에는 바른과학기술실현을위한국민연합(과실연) AI 미래포럼을 비롯해 LG유플러스 구독형 AI 서비스인 '유독픽' AI에 참여하는 제휴사 10곳의 관계자가 함께했다.AI 유니버스는 국민 누구나 AI를 쉽게 접하고 경험할 수 있게 다양한 캠페인과 체험 프로그램을 추진하는 협업체다. 이번 참여 기관·기업들은 각자의 서비스와 역량을 활용해 AI 리터러시를 위한 교육·콘텐츠 제작을 추진한다.구체적으로 LG유플러스는 자체 보유한 AI 기술과 서비스를 기반으로 온·오프라인 캠페인과 콘텐츠 기획·제작 등을 지원한다. 특히 원하는 AI 서비스만 골라 할인 받고 매달 필요한 AI 서비스를 자유롭게 선택하는 유독픽 AI를 중심으로 국민 누구나 쉽고 편하게 AI 서비스를 경험할 수 있도록 접근성을 높인다. 여기에는 정확도가 높은 검색 결과를 제공하는 '라이너(Liner)'와 그래픽·콘텐츠 디자인 지원 서비스 '캔바(Canva)'가 포함된다.과실연 AI미래포럼은 AI 전문성과 네트워크를 활용해 대중과 소통할 수 있는 토크콘서트·강연 등 체험 중심의 프로그램을 진행한다. 유독픽 AI 제휴사들은 각사가 보유한 AI 서비스와 기술 인프라를 활용한 공동 캠페인을 각각 담당할 예정이다. 이를 통해 AI 유니버스는 생활 속에서 활용될 수 있는 AI 서비스를 대중에게 소개하고, AI에 대한 친숙함과 신뢰를 높여 나간다는 방침이다.AI 유니버스는 지속적인 콘텐츠 개발 및 확산을 통해 대중과 소통하며 AI 리터러시 제고 및 사회적 확산을 위해 노력할 계획이다. 아울러 AI에 대한 관심이 경쟁력 있는 AI 서비스 개발 및 고도화로 이어질 수 있도록 AI 유니버스에 참가하는 기업을 확대해 나갈 예정이다.정혜윤 LG유플러스 마케팅그룹장(상무)은 ""국내 AI 시장 성장에 맞춰 국민 누구나 AI를 쉽고 가깝게 체감할 수 있도록 다양한 AI 기관·제휴사들과 손 잡았다""며 ""앞으로도 다양한 AI 사업자들과 협업해 AI 유니버스를 확장하고 AI 서비스를 국민들의 생활 속으로 확산시키겠다""고 말했다.과실연 AI미래포럼·제휴사와 AI 리터러시 협업 유독픽 AI 지원…토크콘서트·강연도 함께 진행"
https://n.news.naver.com/mnews/article/009/0005550208?sid=105,2025-08-31 11:04:07,IT/과학,"LGU+, 국민 대상 AI 협업체 ‘AI 유니버스’ 출범","LG유플러스가 국민 누구나 인공지능(AI)을 쉽게 접하고 활용할 수 있도록 민간 협업체 ‘AI 유니버스’를 출범했다. AI 서비스 대중화를 위한 체험 프로그램과 교육 콘텐츠를 공동 추진해 AI 리터러시 확산에 나선다는 계획이다.LG유플러스는 지난 29일 서울 강남 복합문화공간 일상비일상의틈에서 과실연 AI미래포럼, 유독픽 AI 제휴사 10곳과 함께 업무협약을 체결했다. 이번 협약에는 △라이너 △캔바코리아 △펠로 △모블디 △튜링 △동아사이언스 △아티피셜 소사이어티 △플랭 △코멘토 △키네마스터 등이 참여했다.29일 진행된 AI 유니버스 출범을 위한 업무 협약식에 참석한 정혜윤 LG유플러스 마케팅그룹장(왼쪽에서 8번째)과 류정혜 과실연 AI미래포럼 공동의장(왼쪽에서 11번째), 김승 일 AI미래포럼 대표의장(왼쪽에서 12번째)을 비롯한 제휴사 관계자가 기념촬영을 하는 모습. <LG유플러스>AI 유니버스는 각 기관의 서비스와 기술을 활용해 국민 누구나 AI를 직접 체험하고 학습할 수 있는 온·오프라인 프로그램을 운영한다. 과실연 AI미래포럼은 강연·토크콘서트를 주관하고, 제휴사들은 각자의 AI 서비스와 인프라를 활용해 공동 캠페인을 진행한다. LG유플러스는 콘텐츠 제작과 플랫폼 운영을 지원한다.특히 이번 협력의 중심에는 LG유플러스가 지난달 출시한 구독형 AI 서비스 ‘유독픽(Pick) AI’가 있다. 고객이 원하는 AI 서비스를 자유롭게 골라 할인된 가격에 이용할 수 있는 상품으로, 출시 한 달 만에 약 2만 명의 가입자를 확보했다. 가장 많이 이용된 서비스는 검색 정확도가 높은 ‘라이너’와 그래픽·디자인 지원 툴 ‘캔바’였다.LG유플러스는 앞으로 AI 유니버스를 통해 참여 기업을 확대하고 다양한 체험 행사를 이어가며 생활 속 AI 서비스 확산을 추진할 방침이다. 정혜윤 LG유플러스 마케팅그룹장은 “국내 AI 시장 성장에 맞춰 국민 누구나 AI를 쉽고 가깝게 체감할 수 있도록 다양한 AI 기관 및 제휴사들과 협력했다”며 “AI 유니버스를 지속적으로 확장해 국민 생활 속에 AI 서비스를 안착시키겠다”고 말했다."
https://n.news.naver.com/mnews/article/138/0002203763?sid=105,2025-08-31 13:12:13,IT/과학,"LGU+, 전국민 대상 AI 접근성 높이는 'AI 유니버스' 출범","유독픽AI 기반으로 AI 서비스 접근성 제고…토크콘서트 등 공동 진행[디지털데일리 강소현기자] LG유플러스는 국민의 인공지능(AI) 접근성 강화를 위해 국내외 AI 제휴사 및 단체와 손잡고 ‘AI 유니버스’를 출범한다고 31일 밝혔다.‘AI 유니버스’는 국민 누구나 AI를 보다 쉽게 접하고 경험할 수 있도록 다양한 캠페인과 체험 프로그램을 추진하는 협업체다. AI 유니버스에 참여하는 기관과 기업들은 각사의 서비스와 역량을 활용해 AI 리터러시(AI Literacy)를 위한 교육 및 콘텐츠 제작을 공동 추진할 방침이다.협업체는 국내 대표 AI 단체인 과실연 AI미래포럼을 비롯해 유독픽AI에 참여하는 국내외 AI 제휴사가 참여한다. 제휴사는 ▲라이너 ▲캔바코리아 ▲펠로 ▲모블디 ▲튜링 ▲동아사이언스 ▲아티피셜 소사이어티 ▲플랭 ▲코멘토 ▲키네마스터 등 10곳이다.먼저, LG유플러스는 자사가 보유한 AI 기술과 서비스를 기반으로 온·오프라인 캠페인과 콘텐츠 기획 및 제작 등을 지원한다. 특히 지난달 출시한 국내 최초 구독형 AI 서비스인 ‘유독픽(Pick) AI’를 중심으로 국민 누구나 쉽고 편하게 AI 서비스를 경험할 수 있도록 접근성을 높일 계획이다.또 과실연 AI미래포럼은 AI 전문성과 네트워크를 활용해 대중과 소통할 수 있는 토크콘서트·강연 등 체험 중심의 프로그램을, 유독픽AI 제휴사들은 각사가 보유한 AI 서비스와 기술 인프라를 활용한 공동 캠페인을 각각 담당할 예정이다. 이를 통해 AI 유니버스는 생활 속에서 활용될 수 있는 AI 서비스를 대중에게 소개하고 AI에 대한 친숙함과 신뢰를 높여 나간다는 방침이다.정혜윤 LG유플러스 마케팅그룹장(상무)은 “국내 AI 시장 성장에 맞춰 국민 누구나 AI를 쉽고 가깝게 체감할 수 있도록 다양한 AI 기관 및 제휴사들과 손을 잡았다”며 “앞으로도 LG유플러스는 다양한 AI 사업자들과 협업해 AI 유니버스를 확장하고 AI 서비스를 국민들의 생활 속으로 확산시켜 나가겠다”고 말했다."
https://n.news.naver.com/mnews/article/009/0005550235?sid=101,2025-08-31 13:20:14,경제,“내 소득이면 어떤 카드가 좋을까?”…직장인 ‘월급별 돈 버는 카드’ 따로 있다,"전월 실적 조건 30만원 이하 유리고정비 비중 커…특화 할인카드 활용[사진 출처 = 픽사베이]연령, 생활패턴, 성향 등 자신에게 적합한 신용카드를 고르는 다양한 기준이 있지만, 그 중 가장 수치적으로 명확하게 카드를 고르는 데 도움이 되는 기준은 ‘연봉’이다. 중소기업 재직자나 아직 재정관리에 서툴고 매달 가용소득이 적은 사회초년생들에게 적합한 ‘저연봉 직장인’ 맞춤형 카드 고르는 꿀팁들을 매경AX가 정리해봤다.29일 카드업계에 따르면 신용카드의 월 적정 사용량은 카드 한도 대비 약 30% 이하를 유지하는 것이 신용점수 관리와 재무 건전성 유지 측면에서 바람직하다고 평가된다.월급 200만원 직장인의 경우, 적정 월 카드 사용액은 60만원인 셈이다.이러한 경우 전월 실적 조건이 30만원 이하인 보급형 카드를 활용해 카드 혜택을 누리는 것이 유용하다. 신용카드에는 전월실적 제외 항목이 존재해 전달 카드 사용액 30만원을 달성했더라도 제외 항목을 거르면 실적이 충족되지 않을 수 있기 때문이다.카드사 관계자는 “전월 실적을 충족하기 위해선 상품 소개서에 기재된 전월실적 금액보다 10~20만원 정도 더 사용액을 확보해두는 것이 효율적”이라고 말했다.월급 200만원 기준, 적정 카드 월 사용액이 60만원이라고 가정했을 때, 해당 사용량을 ‘전월 실적 조건 30만원’ 카드로 채우면 실적을 달성하기에 용이하단 계산이 나온다.또 보급형 카드는 실적 관리가 어렵지 않은 데다, 연회비는 대부분 1~2만원대로 사회초년생이 감당하기에 적합한 편이다.연봉 낮을수록 ‘고정비 할인 카드’ 활용 용이[사진 출처 = 연합뉴스]월급 200만원대 직장인들의 월 지출액 중 절반가량은 ‘고정지출’인 경우가 많다. 고정비 항목에는 공과금, 교통비, 주유비, 통신비, 구독료 등이 속한다.고정비를 할인해주는 데 기능 초점을 맞춘 대표 카드 중 하나로 ‘삼성 iD ON카드‘가 꼽힌다. 이 카드는 통신비, 교통비, 스트리밍 구독료 결제 금액을 합산해 월 1~2만원까지 할인된다. 세 영역에서 월 10만원 지출하면 월 1만원까지, 월 20만원 지출하면 월 2만원까지 최대로 혜택을 챙길 수 있다. 통신비에는 SKT, KT, LG U+ 이용요금에 알뜰폰까지 포함된다.‘BC 바로 클리어 플러스’는 연회비 5000원, 전월실적 조건이 15만원으로 월 카드 지출액이 크지 않은 사람들에게 각광받는 가성비 카드다. 매일 할인영역으로 대중교통, 배달앱, 점심 (전국 식당 및 레스토랑)에서 7% 할인이 적용된다.아예 전월 실적 조건이 없는 ‘무조건’(무실적) 카드도 있다.’신한카드 Point Plan‘은 전월 실적 조건이 없으며 ‘필수 생활비 적립 서비스’도 갖췄다. 도시가스 및 전기요금, 이동통신요금 자동납부 시 2만원당 1000마이신한포인트 적립해주는 식이다.‘MG+ 신용카드 Primo 하나카드’도 전월 실적 조건이 없다. 이 카드는 국내외 전 가맹점 결제 시 0.5% 청구할인 혜택 적용되며 대중교통 이용 시 5% 청구할인 혜택이 주어진다. 생활요금(자동납부) 납부 시 5% 청구할인 혜택 역시 적용된다."
https://n.news.naver.com/mnews/article/011/0004527183?sid=105,2025-08-31 14:24:17,IT/과학,"LGU+, 전국민 AI 접근성 높이는 'AI 유니버스' 출범","29일 서울 강남 일상비일상의틈에서 진행된 AI 유니버스 출범을 위한 업무협약식에 참석자들이 기념 촬영을 하고 있다. 사진제공=LG유플러스[서울경제]LG유플러스가 국민들의 인공지능(AI) 진입 문턱을 낮추기 위해 국내외 AI 제휴사 및 단체와 손잡고 'AI 유니버스'를 만들었다.LG유플러스는 29일 서울 강남 일상비일상의틈에서 AI 유니버스 출범을 위한 업무협약을 체결했다고 31일 밝혔다. 협약식에는 바른 과학기술 사회 실현을 위한 국민연합(과실연 AI미래포럼)을 비롯해 LG유플러스의 AI 구독 서비스 '유독픽 AI'에 참여하는 국내외 AI 제휴사 10곳 관계자들이 참석했다. 제휴사 10곳은 라이너, 캔바코리아, 펠로, 모블디, 튜링, 동아사이언스, 아티피셜 소사이어티, 플랭, 코멘토, 키네마스터 등이다.AI 유니버스는 국민 누구나 AI를 쉽게 접하고 경험할 수 있도록 다양한 캠페인과 체험 프로그램을 추진하는 협업체다. AI 유니버스에 참여하는 기관과 기업들은 각사의 서비스와 역량을 활용해 AI 리터러시(AI 이해력)를 위한 교육 및 콘텐츠 제작을 공동 추진할 방침이다. 특히 LG유플러스는 AI 기술과 서비스를 기반으로 온·오프라인 캠페인과 콘텐츠 기획 및 제작 등을 지원할 예정이다. 이를 통해 유독픽 AI를 중심으로 국민 누구나 쉽고 편하게 AI 서비스를 경험할 수 있도록 접근성을 높일 계획이다.정혜윤 LG유플러스 마케팅그룹장(상무)은 ""국내 AI 시장 성장에 맞춰 국민 누구나 AI를 쉽고 가깝게 체감할 수 있도록 다양한 AI 기관 및 제휴사들과 손을 잡았다""며 ""앞으로도 LG유플러스는 다양한 AI 사업자들과 협업해 AI 유니버스를 확장하고 AI 서비스를 국민들의 생활 속으로 확산시켜 나가겠다""고 말했다."
https://n.news.naver.com/mnews/article/016/0002521754?sid=105,2025-08-31 14:41:10,IT/과학,"“시청률 20%→4%, 처참한 추락” 식상한 드라마 만들었다가…통신사 ‘낭패’","‘트웰브’ [LGU+ 스튜디오 X+U][헤럴드경제= 박영훈 기자] “너무 식상하다 했더니?”통신사 LG유플러스 ‘스튜디오 X+U’가 만든 야심작 ‘트웰브’가 시청률이 4%대까지 추락 비상이 걸렸다.1000만 영화를 세편이나 만든 ‘흥행보증수표’ 마동석을 내세워 큰 기대를 모았지만, 결과는 참담하다. ‘트웰브’는 마동석이 주연 배우는 물론 제작과 각본에도 참여했다.‘트웰브’는 OTT 플랫폼 디즈니+와 KBS 2 지상파에도 편성됐다. 토, 일 주말 황금 시간대 편성된 드라마는 시청률이 상대적으로 높다. 최근 종영한 ‘독수리 5형제를 부탁해!’는 평균 시청률이 20%에 달했고, 못해도 10%는 넘는다.‘트웰브’도 많은 기대 속에 베일을 벗은 만큼 첫 방송 시청률은 선방했지만, 호불호가 크게 갈리며 시청률이 계속 추락하고 있다.‘트웰브’ [LGU+ 스튜디오 X+U]31일 시청률조사기관 닐슨코리아에 따르면 지난 30일 방송된 ‘트웰브’ 3회는 전국 기준 4.2%를 기록했다. 이는 전 회차인 2회 5.9%보다 1.7%포인트 낮은 수치다. ‘트웰브’는 지난 23일 첫 회 8.1%를 기록하며 눈길을 모았으나, 2회 만에 큰 폭으로 하락했다.‘트웰브’는 인간을 수호하기 위해 인간의 모습으로 살아가는 12천사들이 악의 무리에 맞서 싸우는 이야기를 담은 액션 판타지 히어로물이다. 배우 마동석, 박형식, 서인국 등 유명 배우들이 대거 출연한다. 마동석이 9년 만에 안방에 복귀하는 작품으로 화제를 모았다.‘금쪽같은 내 스타’ [KT 스튜디어지니]KT, LG유플러스 등 통신사들이 드라마, 예능 콘텐츠 제작에 뛰어들면서 ‘낭패’를 보고 있다. 통신사들이 만든 콘텐츠 성적이 처참하다. ‘KT 스튜디어지니’에서 만든 ENA 월화드라마 ‘금쪽같은 내 스타’ 시청률도 1~3%대다. ‘금쪽같은 내 스타’는 유료 방송이라는 플랫폼의 한계를 감안하면, 그나마 시청률이 높은 편이다. 올해 KT가 선보인 드라마 시청률이 1~2%대를 벗어나지 못했다.SK텔레콤은 OTT 웨이브를 만들었다가 수천억 원의 적자만 내고, 결국 티빙에 넘겨줬다.넷플릭스 등 OTT 시대 플랫폼의 한계라는 지적도 있지만 출연자와 포맷의 식상함이 시청자를 끌어들이기는 역부족이라는 지적이다. 과거 방송 드라마 시청률 20%는 기본이었다. 선택권이 많지 않던 시절 대중은 무조건 TV 앞에 앉았기 때문이다. 하지만 넷플릭스 등 OTT의 등장으로 식상한 콘텐츠는 철저하게 외면받고 있다."
https://n.news.naver.com/mnews/article/092/0002388378?sid=105,2025-08-31 17:10:19,IT/과학,"LGU+, ‘AI 유니버스’ 출범…국민 AI 접근성 강화","과실연 AI미래포럼 및 국내외 AI 제휴사 10곳 합류LG유플러스가 국민들의 AI 접근성을 강화하기 위해 국내외 AI 제휴사 및 단체와 손잡고 ‘AI 유니버스’를 출범한다고 31일 밝혔다. 각 사가 보유한 AI 역량을 하나로 결집해 시너지를 창출하고 국민들의 AI 이해도를 높임으로써, 빠르게 성장하는 국내 AI 시장을 선도하겠다는 전략이다.LG유플러스는 지난 29일 서울 강남 소재 복합문화공간인 일상비일상의틈에서 ‘AI 유니버스 출범을 위한 업무협약’을 체결했다.이날 협약식에는 LG유플러스와 국내 대표 AI 단체인 과실연 AI미래포럼을 비롯해 유독픽AI에 참여하는 라이너, 캔바코리아, 펠로, 모블디, 튜링, 동아사이언스, 아티피셜 소사이어티, 플랭, 코멘토, 키네마스터 등 10곳 관계자가 참석했다.‘AI 유니버스’는 국민 누구나 AI를 보다 쉽게 접하고 경험할 수 있도록 다양한 캠페인과 체험 프로그램을 추진하는 협업체다. AI 유니버스에 참여하는 기관과 기업들은 각사의 서비스와 역량을 활용해 AI 리터러시를 위한 교육 및 콘텐츠 제작을 공동 추진할 방침이다.구체적으로 LG유플러스는 자사가 보유한 AI 기술과 서비스를 기반으로, 온·오프라인 캠페인과 콘텐츠 기획 및 제작 등을 지원한다. 특히 지난달 출시한 국내 최초 구독형 AI 서비스인 ‘유독픽 AI’를 중심으로 국민 누구나 쉽고 편하게 AI 서비스를 경험할 수 있도록 접근성을 높일 계획이다.LG유플러스의 유독픽 AI는 이용자가 원하는 AI 서비스만 골라 할인을 받고, 매달 필요한 AI 서비스를 자유롭게 선택할 수 있는 구독형 상품이다. 유독픽 AI는 출시 한 달 만에 약 2만명의 가입자를 확보하며 성장을 이어가고 있다. 이용자들이 가장 많이 선택한 AI 서비스는 정확도가 높은 검색 결과를 제공하는 '라이너'와 그래픽‧콘텐츠 디자인 지원 서비스 '캔바'로 나타났다.과실연 AI미래포럼은 AI 전문성과 네트워크를 활용해 대중과 소통할 수 있는 토크콘서트·강연 등 체험 중심의 프로그램을 마련한다. 유독픽AI 제휴사들은 각사가 보유한 AI 서비스와 기술 인프라를 활용한 공동 캠페인을 각각 담당할 예정이다. AI 유니버스는 이를 통해 생활 AI 서비스를 대중에게 소개하고, AI에 대한 친숙함과 신뢰를 높여 나간다는 방침이다.또한 AI 유니버스는 지속적인 콘텐츠 개발 및 확산을 통해 대중과 소통하며 AI 리터러시 제고 및 사회적 확산을 위해 노력할 계획이다. 아울러 AI에 대한 관심이 경쟁력 있는 AI 서비스 개발 및 고도화로 이어질 수 있도록 AI 유니버스에 참가하는 기업을 확대해 나갈 예정이다.정혜윤 LG유플러스 마케팅그룹장은 “국내 AI 시장 성장에 맞춰 국민 누구나 AI를 쉽고 가깝게 체감할 수 있도록 다양한 AI 기관 및 제휴사들과 손을 잡았다”며 “앞으로도 LG유플러스는 다양한 AI 사업자들과 협업해 AI 유니버스를 확장하고 AI 서비스를 국민들의 생활 속으로 확산시켜 나가겠다”고 말했다."
https://n.news.naver.com/mnews/article/014/0005399221?sid=105,2025-08-31 18:37:14,IT/과학,LGU+ 민간협업 AI유니버스 첫발… 유독픽 대중화,"LG유플러스는 지난 29일 서울 강남 소재 복합문화공간인 일상비일상의틈에서 'AI 유니버스 출범을 위한 업무협약'을 체결했다고 31일 밝혔다. 이날 협약식에는 LG유플러스와 국내 대표 AI 단체인 바른 과학기술사회 실현을 위한 국민연합(과실연) AI미래포럼을 비롯해 유독픽AI에 참여하는 국내외 AI 제휴사 10곳의 관계자가 참석했다.'AI 유니버스'는 국민들이 AI를 쉽게 경험할 수 있도록 체험 프로그램을 추진하는 협업체다. AI 유니버스에 참여하는 기관과 기업들은 각사의 서비스와 역량을 활용해 AI 리터러시를 위한 교육 및 콘텐츠 제작을 공동 추진할 방침이다. LG유플러스는 보유한 AI 기술과 서비스를 기반으로, 온·오프라인 캠페인과 콘텐츠 기획 및 제작 등을 지원한다. 특히 지난달 출시한 국내 최초 구독형 AI 서비스인 '유독픽(Pick) AI'를 중심으로 국민 누구나 쉽고 편하게 AI 서비스를 경험할 수 있도록 접근성을 높일 계획이다. 구자윤 기자"
