link,pubdate,category,title,body
https://n.news.naver.com/mnews/article/421/0008578741?sid=105,2025-11-01 06:00:00,IT/과학,해킹 사태 여파에 수장 교체 나선 통신사들,"사상 첫 적자에 인적쇄신 SKT…판사 출신 정재헌 신임 CEO 선임소액결제 사태로 위기의 김영섭호 KT…리더십 시험대 LGU+ 홍범식김영섭 KT 대표(왼쪽부터), 유영상 SK텔레콤 대표, 홍범식 LG유플러스 대표가 21일 서울 여의도 국회 과학기술정보방송통신위원회에서 열린 정보통신산업진흥원 등에 대한 국정감사에서 의원 질의에 답변하고 있다. 2025.10.21/뉴스1 ⓒ News1 신웅수 기자(서울=뉴스1) 이기범 기자 = 대규모 해킹 사태 여파에 이동통신 3사의 리더십이 흔들리고 있다. 경영진 책임론이 커지면서 수장 교체 등 인적 쇄신도 단행하고 있다. 첫 주자는 SK텔레콤(017670)이다. SK텔레콤은 판사 출신 정재헌 대외협력 사장을 신임 최고경영자(CEO)로 선임했다.KT(030200) 역시 리더십이 흔들리고 있다. 소액결제 사태로 국회 국정감사 기간 집중포화를 받은 김영섭 KT 대표는 조만간 이사회에 연임 여부를 놓고 입장을 밝힐 예정이다. LG유플러스(032640)는 대표 교체 가능성은 작다. 그러나 국감 기간 서버 폐기 등 각종 의혹이 제기되자 뒤늦게 당국 신고 절차를 밟는 등 리더십이 시험대에 올랐다.사상 첫 적자 발표와 함께 리더십 교체한 SKTSK텔레콤은 지난달 30일 올해 3분기 실적 발표와 함께 대표를 교체하는 강수를 뒀다. 인적 쇄신을 통해 대규모 해킹 사태 영향을 최소화하고, 올해 4분기부터 반등을 노리겠다는 구상으로 풀이된다.SK텔레콤은 올해 3분기 별도 기준 522억 원의 영업적자를 기록했다. 매출은 2조 6647억 원으로 전년 동기 대비 16.81% 감소했다. 금융감독원에 분기보고서를 제출하기 시작한 2000년 1분기 이후 첫 적자 전환이다. 실적 악화에 따라 3분기 배당도 하지 않기로 결정했다.이번 실적 악화의 직접적인 원인은 4월 발생한 대규모 유심 해킹 사고 수습에 따른 일회성 비용이 크게 증가한 결과다. 5000억 원대 고객 보상안, 위약금 면제, 개인정보보호위원회로부터 부과받은 약 1348억 원의 과징금이 악영향을 미쳤다.새로 선임된 정 CEO는 SK텔레콤의 첫 법조인 출신 수장이다. 서울중앙지방법원 부장판사를 역임하는 등 20년간 법조계에 몸을 담았다. 직전에는 대외협력 부문 사장을 맡았다는 점에서 대규모 해킹 사태 이후 리스크 관리에 역점을 둔 인사로 평가된다.SK그룹은 ""정 사장은 회사의 컴플라이언스 역량을 높이고, 거버넌스 체계 지속 고도화를 통해 고객 신뢰를 높일 계획""이라고 설명했다.4년간 임기를 이어오던 유영상 SK텔레콤 대표는 SK수펙스추구협의회 AI위원회 위원장으로 자리를 옮겼다.김영섭 KT 대표가 11일 서울 광화문KT지사에서 열린 소액결제 피해 관련 브리핑에서 고개 숙여 사과하고 있다. (공동취재)2025.9.11/뉴스1 ⓒ News1 박지혜 기자위기의 김영섭호 KT…리더십 시험 LGU+ 홍범식KT의 리더십도 위기 상황이다. 김영섭 KT 대표는 이번 국감 기간 가장 많은 질타를 받았다. 세 차례에 걸친 언론 브리핑 과정에서 갈수록 소액결제 피해 규모가 커지면서 책임론이 커졌고, 정부 조사 방해 의혹으로 경찰 입건 전 조사(내사)를 받고 있는 점도 사퇴 요구로 이어졌다.이 같은 상황에서 KT 이사회는 이달 초부터 CEO 선임 공모를 시작할 예정이다. 김 대표는 임기는 내년 3월 주주총회까지로, 당초 주가 상승 및 실적 개선, 구조 조정 등 성과를 바탕으로 연임 도전에 나설 것으로 관측됐다.이와 관련해 김 대표는 지난 29일 국회 과학기술정보방송통신위원회 종합감사에 출석해 ""총체적 경영책임은 CEO한테 있고, 여러 사고도 생겨 이에 대한 합당한 책임을 지는 게 마땅하다""고 말했다. 연임 포기 가능성을 내비친 것으로 풀이된다.김 대표는 이달 열리는 이사회를 통해 자신의 거취를 밝힐 예정이다.LG유플러스는 상대적으로 타 통신사에 비해 안정적인 리더십을 가져갈 전망이다. 서버 해킹 정황은 있지만, 이에 따른 피해 사실은 확인되지 않았기 때문이다. 홍범식 대표의 재임 기간도 1년 정도로 짧은 편이다. 사실상 대표 교체 가능성은 낮다.그러나 해킹 정황 축소, 서버 폐기 등 국감 기간 불거진 각종 의혹에 ""침해 정황이 없다""며 버티던 당국 신고 절차를 밟았다. 홍 대표는 지난 21일 국감장에서 직접 ""한국인터넷진흥원(KISA)에 신고하겠다""는 입장을 밝혔고, LG유플러스는 이틀 뒤인 23일 KISA에 해킹 의심 정황을 신고했다.홍범식 LGU+ 대표가 21일 서울 여의도 국회 과학기술정보방송통신위원회에서 열린 정보통신산업진흥원 등에 대한 국정감사에 출석해 의원 질의에 답변하고 있다. 2025.10.21/뉴스1 ⓒ News1 이승배 기자"
https://n.news.naver.com/mnews/article/031/0000977118?sid=105,2025-11-01 07:01:08,IT/과학,SKT '에어'·KT '요고'·LGU+ '너겟'…통신 3사 온라인 요금제 경쟁,"비대면 개통·OTT 혜택 앞세워 온라인 전용 요금제 경쟁 가열SK텔레콤이 자급제 요금제 에어를 출시하며 KT의 요고, LG유플러스의 너겟과 함께 이통3사의 온라인 전용 요금제 경쟁이 한층 치열해지고 있다. 각사가 자급제폰 확산과 비대면 개통 수요 증가에 대응해 요금제 혁신에 속도를 내는 모습이다.모델이 SK텔레콤의 자급제 전용 통신 브랜드 '에어'(air)를 소개하고 있는 모습. [사진=SKT]1일 통신업계에 따르면 SK텔레콤의 자급제 요금제 에어는 지난 9월 출시 직후 파격적인 프로모션으로 인기를 끌고 있다. 첫 달에는 웰컴 혜택으로 1만포인트를 제공하고, 추가로 보너스 포인트 중 5000포인트를 요금에서 차감할 수 있어 총 1만5000원의 할인을 받을 수 있다. 이후 두 번째 달부터는 5000원의 할인 혜택이 이어진다. 가입부터 개통까지 모든 과정을 애플리케이션(앱)으로 처리할 수 있으며, e심 즉시 개통과 유심(USIM) 무료 발급·배송 서비스를 제공해 디지털 기반의 편의성을 강화했다.KT는 온라인 무약정 요금제 요고의 시즌2를 운영하고 있다. '요고 시즌2'는 대부분의 요금제에 온라인동영상서비스(OTT) 혜택을 기본 탑재한 것이 특징이다. 3만원대 요금제에서도 티빙 광고형 스탠다드를 기본 제공하며, 고가 요금제에서는 디즈니플러스나 유튜브 프리미엄 중 선택이 가능하다.LG유플러스는 지난해 출시한 온라인 전용 요금제 너겟을 18종으로 확대하며 데이터 제공량을 대폭 늘렸다. 2만6000원 요금제에서도 데이터 6GB를 제공하고, 19~34세 가입자에게는 매월 최대 30GB의 추가 데이터를 지급한다. 최근에는 신혼부부를 대상으로 한 프로모션 요금제를 '너겟 라이트'로 정식 출시하며 상품 라인업을 세분화했다.이통 3사가 자급제·온라인 전용 요금제에 공을 들이는 이유는 스마트폰 구매와 통신 서비스 이용 패턴이 급격히 변하고 있기 때문이다. 자급제폰 확산으로 통신사 약정에 얽매이지 않으려는 소비자가 늘고 있고, 비대면 개통과 OTT 소비가 일상화된 MZ세대를 중심으로 '직접 선택형 요금제' 수요가 빠르게 커지고 있다. 통신업계 관계자는 ""통신사들이 고객들이 다양해지는 통신 이용패턴에 맞게 유연한 요금제를 출시하는게 트렌드""라고 설명했다."
https://n.news.naver.com/mnews/article/001/0015718770?sid=105,2025-11-02 09:00:00,IT/과학,"[테크스냅] LGU+ 새 슬로건 '심플리 유플러스'…""오늘을 심플하게""","넷플릭스·한국콘텐츠진흥원, 자막 현지화·글로벌 진출 워크숍▲ LG유플러스가 새로운 브랜드 슬로건 '심플리 유플러스(Simply. U+)' TV 광고를 시작하며 고객 중심 브랜드 캠페인에 나선다고 2일 밝혔다. 신규 광고 '오늘을 심플하게'편은 기술을 사람이 따라가기 바쁜 현실을 상기시키며 사람이 중심에 설 때 기술이 더 쉬워지고 복잡함을 덜어낼 수 있다고 소개한다. 이 회사가 고객이 느끼는 모든 복잡함을 없애고 불편함을 줄이겠다는 의지를 담았다. 아울러 LG유플러스는 고객 참여형 프로그램 '심플 랩'을 시작했다.LG유플러스의 새로운 브랜드 슬로건 '심플리 유플러스'[LG유플러스 제공. 재판매 및 DB 금지]▲ 넷플릭스가 한국의 다양한 언어, 문화를 담은 K콘텐츠가 전 세계 시청자의 마음을 사로잡게 된 자막 현지화 노하우를 공개했다고 2일 밝혔다. 넷플릭스는 지난달 31일 문화체육관광부, 한국콘텐츠진흥원이 연 '모두를 위한 엔터테인먼트: 자막으로 세상을 즐겁게' 콘퍼런스에서 콘텐츠 글로벌화 전략을 소개했다. 넷플릭스 시리즈 '폭싹 속았수다'를 중심으로 제주 방언 등 지역 언어를 33개 언어를 쓰는 글로벌 시청자에게 자연스럽게 전달한 현지화 전략이 논의됐다. (서울=연합뉴스)넷플릭스-한국콘텐츠진흥원, 글로벌 자막 현지화 워크숍[넷플릭스 제공. 재판매 및 DB 금지]"
https://n.news.naver.com/mnews/article/001/0015718771?sid=105,2025-11-02 09:00:00,IT/과학,"[AI픽] KT, AI랜 글로벌 허브 구축…""6G 대비 네트워크 혁신""","엔비디아-SKT-LGU+ 등과 AI 네트워크 기술 상용화 협약엔비디아와 KT 등 국내 통신업계·학계 업무협약[KT 제공. 재판매 및 DB 금지](서울=연합뉴스) 조성미 기자 = KT가 엔비디아가 삼성전자, 한국전자통신연구원(ETRI), 연세대와 국내 통신 3사와 맺은 인공지능 기반 기지국(AI랜) 구축을 위한 업무협약을 통해 AI 네트워크 기술 상용화 및 국제 표준화를 추진한다고 2일 밝혔다.기지국과 네트워크 서버 사이에 오가는 트래픽 데이터를 실시간으로 분석해 최적의 네트워크 환경을 제공하는 AI랜은 자율주행·로보틱스 등 차세대 AI 기술의 핵심 인프라로 꼽힌다.KT는 지난 1월 글로벌 주요 통신사와 학계가 참여하는 AI랜 얼라이언스에 가입해 AI 네이티브 네트워크 기술에 대한 연구개발 활동을 시작했다.KT는 지난 9월 삼성전자와 공동 개발 중인 '사용자 맞춤형 이동성 및 연결 안정화' 기술을 AI랜 얼라이언스 작업반 1에 신규 연구 아이템으로 제안했다.이 기술은 사용자의 이동 경로와 네트워크 환경을 AI로 실시간 분석해 문제 발생 가능성을 예측하고 사용자별 최적 네트워크 설정을 자동으로 적용한다.기존 셀 단위 설정의 한계를 극복해 다양한 환경에서도 안정적이고 빠른 통신 품질을 제공할 수 있도록 설계됐다.KT는 이달 초 미국 보스턴에서 열리는 AI랜 얼라이언스 회의에서 연구 개발 성과와 실증 결과를 발표할 예정이다.csm@yna.co.kr"
https://n.news.naver.com/mnews/article/421/0008579629?sid=105,2025-11-02 09:00:00,IT/과학,"KT, 엔비디아와 AI-RAN 글로벌 허브 구축 협력","(서울=뉴스1) = KT가 엔비디아를 비롯해 삼성전자, SK텔레콤, LG유플러스, ETRI, 연세대학교 등과 'AI-RAN 기술 및 서비스의 공동 연구 개발 및 글로벌 확산'을 위한 다자간 업무협약을 체결했다고 2일 밝혔다.연세대 홍종일 연구처장(왼쪽부터), ETRI 백용순 입체통신연구소장, KT 미래네트워크연구소장 이종식 전무, NVDIA 김회준 전무, 과학기술정보통신부 최우혁 네트워크정책실장, LGU+ 네트워크선행개발담당 이상헌 상무, SKT 인프라기술본부장 류탁기 전무, 삼성전자 네트워크사업부 김승일 상무가 기념 촬영을 하고 있다. (KT 제공. 재판매 및 DB 금지) 2025.11.2/뉴스1"
https://n.news.naver.com/mnews/article/241/0003474898?sid=105,2025-11-02 09:00:05,IT/과학,'고객을 위해 심플하게' LGU+ 신규 광고 론칭,"LG유플러스는 새로운 브랜드 슬로건 '심플리. U+' TV 광고를 론칭했다고 2일 밝혔다.이번 광고는 LG유플러스가 최근 공개한 브랜드 철학을 담고 있다. 고객이 느끼는 모든 복잡함을 없애고 불편함을 줄여 신뢰할 수 있는 경험을 제공하겠다는 새로운 고객 중심의 혁신 전략이다. LG유플러스는 복잡한 통신에서 본질에만 집중한 상품, 투명한 가입과 사용 조건, 쉬운 접근성, 이해하기 쉬운 메시지로 고객들이 심플한 통신을 경험하게 만들겠다는 목표를 세웠다.또 LG유플러스는 고객 참여형 프로그램 '심플 랩'을 선보였다. 심플 번역기, 버킷리스트 등 프로모션도 기획했다.심플 랩 광고는 자신의 어린 시절을 지켜준, 모르는 것 하나 없었던 아빠가 통신사 앱 사용법에 어려움을 겪으며 도움을 요청하는 모습을 그렸다. 아빠를 못 챙기던 딸은 뒤늦게 어린 시절을 회상하며 미안한 마음으로 '아빠가 원하는 메뉴를 쉽게 찾을 수 있고 필요한 건 알아서 챙겨주는 심플한 통신 앱을 만들어 주세요'라는 제안을 심플 랩에 남긴다.심플 랩에는 '이달의 주제'와 '자유 주제'를 제안할 수 있으며 가장 많은 공감을 받은 아이디어를 우선 검토한다. 서비스 개시 사흘 만에 2000여 건이 접수됐다.심플 번역기는 50자에서 300자 정도의 글을 입력하면 한마디로 정리하는 기능이다. 버킷리스트 이벤트는 고객 5명의 소원을 이뤄주고, 그 과정을 영상으로 담는 프로젝트다.장준영 LG유플러스 마케팅전략담당은 ""심플의 가치를 고객이 공감하도록 캠페인을 지속하면서 고객 경험을 진정으로 혁신하겠다""고 말했다.정길준 기자 kjkj@edaily.co.kr"
https://n.news.naver.com/mnews/article/001/0015718783?sid=101,2025-11-02 09:00:11,경제,"KT, 엔비디아와 AI-RAN 글로벌 허브 구축 협력 체결","(서울=연합뉴스) KT가 엔비디아를 비롯해 삼성전자, SK텔레콤, LG유플러스, ETRI, 연세대학교 등과 'AI-RAN 기술 및 서비스의 공동 연구 개발 및 글로벌 확산'을 위한 다자간 업무협약을 체결했다고 2일 밝혔다.홍종일 연세대 연구처장(왼쪽부터), 백용순 ETRI 입체통신연구소장, 이종식 KT 미래네트워크연구소장 전무, 김회준 엔비디아 전무, 최우혁 과학기술정보통신부 네트워크정책실장, 이상헌 LGU+ 네트워크선행개발담당 상무, 류탁기 SKT 인프라기술본부장 전무, 김승일 삼성전자 네트워크사업부 상무가 기념 촬영하고 있다. 2025.11.2 [KT 제공. 재판매 및 DB 금지]photo@yna.co.kr"
https://n.news.naver.com/mnews/article/029/0002990833?sid=105,2025-11-02 09:00:24,IT/과학,"복잡한 절차 간편하게…LGU+, 고객 중심 브랜드 캠페인 전개","LG유플러스는 새 브랜드 슬로건 '심플리 유플러스'(Simply. U+) TV 광고를 론칭하며 브랜드 캠페인에 나선다고 2일 밝혔다.신규 광고 '오늘을 심플하게'편은 기술이 사람들의 일상 속에서 새 이야기를 쏟아내는 데 비해 사람들은 따라가기 바쁜 현실을 상기시킨다. 사람이 중심에 설 때 기술은 더 쉬워지고 복잡함을 덜어낼 때 오늘이 더 심플해진다는 내용을 소개한다.이번 광고는 LG유플러스가 최근 공개한 브랜드 철학을 담고 있다. 심플리 유플러스는 모든 복잡함을 없애고 불편함을 줄여 신뢰할 수 있는 경험을 제공하겠다는 새 고객 중심의 혁신 전략이다. LG유플러스는 복잡한 통신에서 본질에만 집중한 상품, 투명한 가입과 사용 조건, 쉬운 접근성, 이해하기 쉬운 메시지로 고객들이 심플한 통신을 경험하게 만들겠다는 목표를 세웠다.LG유플러스는 '오늘을 심플하게'편 외에도 고객 참여형 프로그램 심플 랩(Simple. Lab)을 론칭했다. 이밖에 심플 번역기, 버킷리스트 등 다양한 프로모션을 기획했다.심플 랩 광고는 자신의 어린 시절을 지켜준, 모르는 것 하나 없었던 아빠가 통신사 앱 사용법에 어려움을 겪으며 도움을 요청하는 모습을 담았다. 바쁜 업무로 아빠의 요청을 잘 못 챙기던 딸은 뒤늦게 어린 시절을 회상하며 미안한 마음으로 '아빠가 원하는 메뉴를 쉽게 찾을 수 있고 필요한 건 알아서 챙겨주는 심플한 통신 앱을 만들어 주세요'라는 제안을 심플 랩에 남긴다.심플 랩은 U+one에 신규 추가된 서비스다. 통신 생활에 도움이 될 아이디어를 고객으로부터 받아 실제 구현되는 과정을 공유해 나간다. 매달 제시되는 '이달의 주제'와 '자유 주제'를 제안할 수 있으며 가장 많은 공감을 받은 아이디어를 우선 검토한다.LG유플러스는 반영된 아이디어와 연구 중 아이디어 수를 주기적으로 공유하고 고객 제안으로 만들어진 상품, 기능을 알릴 계획이다.향후 LG유플러스는 신규 브랜드 철학인 심플리 유플러스를 다양한 채널에서 전개하며 고객에게 심플의 가치를 적극 알릴 계획이다.장준영 LG유플러스 마케팅전략담당(상무)은 ""심플리 유플러스는 고객에 대한 깊은 이해와 높은 기술력이 있어야만 가능한 고객 지향의 정점""이라며 ""심플의 가치를 고객이 공감하도록 캠페인을 지속하면서 고객 경험을 진정으로 혁신하겠다""고 말했다.김나인 기자 silkni@dt.co.krLG유플러스가 새로운 브랜드 슬로건 ‘Simply. U+’ TV 광고를 론칭하며 본격적인 고객 중심 브랜드 캠페인에 나선다고 2일 밝혔다. 사진은 신규 TV 광고 스틸 이미지. LG유플러스 제공"
https://n.news.naver.com/mnews/article/092/0002396484?sid=105,2025-11-02 09:01:08,IT/과학,"""오늘을 심플하게""…LGU+, 'Simply. U+' 캠페인 전개","‘심플한 통신’ 철학 강조…아이디어 직접 제안하는 '심플 랩' 광고도 선보여LG유플러스는 새로운 브랜드 슬로건 ‘Simply. U+’ TV 광고를 선보이며 가입자 중심 브랜드 캠페인을 시작한다고 2일 밝혔다.신규 광고 ‘오늘을 심플하게’편은 바쁜 현실 속에서도 기술이 아닌 사람이 중심이 될 때, 기술이 더 쉬워지고 복잡함이 줄어든다는 메시지를 전한다.Simply. U+는 가입자가 느끼는 번거로움을 없애고 불편을 줄여 신뢰할 수 있는 경험을 제공하겠다는 브랜드 철학을 담고 있다. 이에 회사는 본질에 집중한 상품, 투명한 조건, 쉬운 접근성과 명확한 메시지를 통해 가입자가 ‘단순한 통신’을 경험하도록 한다는 목표다.이와 함께 참여형 프로그램 ‘심플 랩’을 출시했다. 이 서비스는 고객센터·멤버십 통합앱 'U+one'에서 아이디어를 받아 실제 서비스로 구현하는 공간이다. 개시 3일 만에 2천여 건의 제안이 접수됐으며, 채택된 아이디어와 개발 현황을 주기적으로 공개된다.심플 랩 광고는 통신사 앱 사용에 어려움을 겪는 아버지와 그런 모습을 떠올리며 미안함을 느낀 딸의 이야기를 담았다. 바쁜 업무로 아버지를 돕지 못하는 딸은 “아빠가 원하는 메뉴를 쉽게 찾을 수 있는 단순·간편한 통신 앱을 만들어 달라”는 제안을 심플 랩에 남긴다.이 밖에도 50~300자 글을 위트 있게 한 문장으로 요약하는 ‘심플 번역기’, 가입자 소원을 실현하는 ‘버킷리스트 프로젝트’ 등 행사를 진행한다.LG유플러스는 이번 캠페인을 통해 심플, 맞춤, 연결의 가치를 브랜드 전반에 확산하고, 가입자가 체감할 수 있는 경험 혁신을 이어갈 계획이다.장준영 LG유플러스 마케팅전략담당은 “Simply. U+는 고객에 대한 깊은 이해와 높은 기술력이 있어야만 가능한 고객 지향의 정점”이라며 “심플의 가치를 공감하도록 캠페인을 지속하면서 고객 경험을 진정으로 혁신하겠다”고 말했다."
https://n.news.naver.com/mnews/article/014/0005428075?sid=105,2025-11-02 09:01:10,IT/과학,"LG U+, 심플리. U+ ‘고객 중심’ 브랜드 캠페인 전개","LG유플러스 신규 TV 광고 스틸 이미지. LG유플러스 제공LG유플러스가 새로운 브랜드 슬로건 ‘심플리(Simply). U+’ TV 광고를 론칭하며 본격적인 고객 중심 브랜드 캠페인에 나선다고 2일 밝혔다.신규 광고 ‘오늘을 심플하게’편은 기술이 사람들 일상 속에서 새로운 이야기를 쏟아내는 데 비해 사람들은 따라가기 바쁜 현실을 상기시키며, 사람이 중심에 설 때 기술은 더 쉬워지고 복잡함을 덜어낼 때 오늘이 더 심플해진다는 내용을 소개한다.이번 광고는 LG유플러스가 최근 공개한 브랜드 철학을 담고 있다. 심플리. U+는 고객이 느끼는 모든 복잡함을 없애고 불편함을 줄여 신뢰할 수 있는 경험을 제공하겠다는 새로운 고객 중심의 혁신 전략이다. LG유플러스는 복잡한 통신에서 본질에만 집중한 상품, 투명한 가입과 사용 조건, 쉬운 접근성, 이해하기 쉬운 메시지로 고객들이 심플한 통신을 경험하게 만들겠다는 목표를 세웠다.LG유플러스는 ‘오늘을 심플하게’편 외에도 고객 참여형 프로그램 심플 랩(Simple. Lab)을 론칭했다. 이밖에 심플 번역기, 버킷리스트 등 다양한 프로모션을 기획했다.심플 랩 광고는 자신의 어린 시절을 지켜준, 모르는 것 하나 없었던 아빠가 통신사 앱 사용법에 어려움을 겪으며 도움을 요청하는 모습을 담았다. 바쁜 업무로 아빠의 요청을 잘 못 챙기던 딸은 뒤늦게 어린 시절을 회상하며 미안한 마음으로 ‘아빠가 원하는 메뉴를 쉽게 찾을 수 있고 필요한 건 알아서 챙겨주는 심플한 통신 앱을 만들어 주세요’라는 제안을 심플 랩에 남긴다.심플 랩은 U+one에 신규 추가된 서비스다. 통신 생활에 도움이 될 아이디어를 고객으로부터 받아 실제 구현되는 과정을 공유해 나간다. 매달 제시되는 ‘이달의 주제’와 ‘자유 주제’를 제안할 수 있으며 가장 많은 공감을 받은 아이디어를 우선 검토한다. 클릭 한 번으로 쉽게 아이디어를 낼 수 있어 서비스 개시 사흘 만에 2000여건이 접수되는 등 다양한 의견이 모이고 있다. LG유플러스는 반영된 아이디어와 연구 중 아이디어 수를 주기적으로 공유하고 고객 제안으로 만들어진 상품, 기능을 적극적으로 알릴 계획이다.심플 번역기는 50자에서 300자 정도의 글을 입력하면 위트 있게 한마디로 정리해주는 기능이다. U+one 출시를 기념한 버킷리스트 이벤트는 고객 5명의 소원을 이뤄주고 그 과정을 영상으로 담는 프로젝트다. 이처럼 심플 번역기, 버킷리스트, 심플 랩은 LG유플러스가 브랜드 캠페인에서 추구하는 심플, 맞춤, 연결의 가치를 각각 구현한다는 데 의미가 있다.장준영 LG유플러스 마케팅전략담당(상무)은 “Simply. U+는 고객에 대한 깊은 이해와 높은 기술력이 있어야만 가능한 고객 지향의 정점”이라며 “심플의 가치를 고객이 공감하도록 캠페인을 지속하면서 고객 경험을 진정으로 혁신하겠다”고 말했다."
https://n.news.naver.com/mnews/article/003/0013575161?sid=105,2025-11-02 09:03:33,IT/과학,"""고객이 느끼는 모든 복잡함 없앤다""…LGU+, '심플리 U+' 슬로건 론칭","신규 브랜드 슬로건 Simply. U+…심플하고 밝은 세상 구현 목표고객 참여형 프로그램 '심플 랩'도 선봬…고객 아이디어 실제 구현[서울=뉴시스]LG유플러스가 새로운 브랜드 슬로건 'Simply. U+(심플리 유플러스)' TV 광고를 론칭하며 본격적인 고객 중심 브랜드 캠페인에 나선다고 2일 밝혔다. 사진은 신규 TV 광고 스틸 이미지. (사진=LG유플러스 제공)[서울=뉴시스]윤현성 기자 = LG유플러스가 새로운 브랜드 슬로건 'Simply. U+(심플리 유플러스)' TV 광고를 론칭하며 본격적인 고객 중심 브랜드 캠페인에 나선다고 2일 밝혔다.신규 광고 '오늘을 심플하게' 편은 기술이 사람들의 일상 속에서 새로운 이야기를 쏟아내는 데 비해 사람들은 따라가기 바쁜 현실을 상기시키며, 사람이 중심에 설 때 기술은 더 쉬워지고 복잡함을 덜어낼 때 오늘이 더 심플해진다는 내용을 소개한다.이번 광고는 LG유플러스가 최근 공개한 브랜드 철학을 담고 있다. Simply. U+는 고객이 느끼는 모든 복잡함을 없애고 불편함을 줄여 신뢰할 수 있는 경험을 제공하겠다는 새로운 고객 중심의 혁신 전략이다.LG유플러스는 복잡한 통신에서 본질에만 집중한 상품, 투명한 가입과 사용 조건, 쉬운 접근성, 이해하기 쉬운 메시지로 고객들이 심플한 통신을 경험하게 만들겠다는 목표를 세웠다.LG유플러스는 오늘을 심플하게 편 외에도 고객 참여형 프로그램 Simple. Lab(심플 랩)을 론칭했다. 이밖에 심플 번역기, 버킷리스트 등 다양한 프로모션을 기획했다.심플 랩 광고는 자신의 어린 시절을 지켜준, 모르는 것 하나 없었던 아빠가 통신사 앱 사용법에 어려움을 겪으며 도움을 요청하는 모습을 담았다. 바쁜 업무로 아빠의 요청을 잘 못 챙기던 딸은 뒤늦게 어린 시절을 회상하며 미안한 마음으로 '아빠가 원하는 메뉴를 쉽게 찾을 수 있고 필요한 건 알아서 챙겨주는 심플한 통신 앱을 만들어 주세요'라는 제안을 심플 랩에 남긴다.심플 랩은 U+원(one)에 신규 추가된 서비스다. 통신 생활에 도움이 될 아이디어를 고객으로부터 받아 실제 구현되는 과정을 공유해 나간다. 매달 제시되는 '이달의 주제'와 '자유 주제'를 제안할 수 있으며 가장 많은 공감을 받은 아이디어를 우선 검토한다.클릭 한 번으로 쉽게 아이디어를 낼 수 있어 서비스 개시 사흘 만에 2000여건이 접수되는 등 다양한 의견이 모이고 있다. LG유플러스는 반영된 아이디어와 연구 중 아이디어 수를 주기적으로 공유하고 고객 제안으로 만들어진 상품, 기능을 적극적으로 알릴 계획이다.심플 번역기는 50자에서 300자 정도의 글을 입력하면 위트 있게 한마디로 정리해주는 기능이다. U+원 출시를 기념한 버킷리스트 이벤트는 고객 5명의 소원을 이뤄주고 그 과정을 영상으로 담는 프로젝트다.이처럼 심플 번역기, 버킷리스트, 심플 랩은 LG유플러스가 브랜드 캠페인에서 추구하는 심플, 맞춤, 연결의 가치를 각각 구현한다는 데 의미가 있다. LG유플러스는 앞으로 신규 브랜드 철학인 심플리 유플러스를 다양한 채널에서 전개하며 고객에게 심플의 가치를 적극 알릴 계획이다.장준영 LG유플러스 마케팅전략담당(상무)은 ""Simply. U+는 고객에 대한 깊은 이해와 높은 기술력이 있어야만 가능한 고객 지향의 정점""이라며 ""심플의 가치를 고객이 공감하도록 캠페인을 지속하면서 고객 경험을 진정으로 혁신하겠다""고 말했다."
https://n.news.naver.com/mnews/article/144/0001077215?sid=105,2025-11-02 10:06:14,IT/과학,LGU+ 새 슬로건 ‘심플리 유플러스’ 전개,"LG유플러스가 새로운 브랜드 슬로건 ‘심플리 유플러스(Simply. U+)’ TV 광고를 시작하며 고객 중심 브랜드 캠페인에 나선다고 2일 밝혔다.신규 광고 ‘오늘을 심플하게’편은 기술을 사람이 따라가기 바쁜 현실을 상기시키며, 사람이 중심에 설 때 기술은 더 쉬워지고 복잡함을 덜어낼 때 오늘이 더 심플해진다는 내용을 소개한다.이번 광고는 고객이 느끼는 모든 복잡함을 없애고 불편함을 줄여 신뢰할 수 있는 경험을 제공하겠다는 새로운 고객 중심의 브랜드 철학을 담고 있다. LG유플러스는 복잡한 통신에서 본질에만 집중한 상품, 투명한 가입과 사용 조건, 쉬운 접근성, 이해하기 쉬운 메시지로 고객들이 심플한 통신을 경험하게 만들겠다는 목표를 세웠다.LG유플러스는 ‘오늘을 심플하게’편 외에도 고객 참여형 프로그램 Simple. Lab(심플 랩)을 론칭했다. 이밖에 심플 번역기, 버킷리스트 등 다양한 프로모션을 기획했다.심플 랩은 U+one에 신규 추가된 서비스다. 통신 생활에 도움이 될 아이디어를 고객으로부터 받아 실제 구현되는 과정을 공유해 나간다. 매달 제시되는 ‘이달의 주제’와 ‘자유 주제’를 제안할 수 있으며 가장 많은 공감을 받은 아이디어를 우선 검토한다. 클릭 한 번으로 쉽게 아이디어를 낼 수 있어 서비스 개시 사흘 만에 2000여건이 접수되는 등 다양한 의견이 모이고 있다.<생활경제부>"
https://n.news.naver.com/mnews/article/031/0000977179?sid=105,2025-11-02 11:37:07,IT/과학,"LGU+, 동반성장지수 7년 연속 '최우수' 등급 유지","중소 협력사 대상 금융·기술·경영 전방위 지원 성과LG유플러스는 '2024년 동반성장지수 평가'에서 최우수 기업으로 선정돼 7년 연속 최고 등급을 유지했다고 2일 밝혔다.LG유플러스는 다가오는 설을 맞아 1300여 중소 협력사들이 안정적으로 자금 유동성을 확보할 수 있도록 납품대금 200억원을 100% 현금으로 조기 지급한다고 밝혔다. 사진은 LGU+ 용산사옥. [사진=LGU+]동반성장위원회가 매년 발표하는 동반성장지수는 국내 230개 기업을 대상으로 동반성장 수준을 상대 평가해 '최우수' '우수' '양호' '보통' '미흡'의 5단계로 구분하는 지표다. 올해 평가에서 최우수 등급을 받은 기업은 LG유플러스를 포함해 총 40곳이다.LG유플러스는 중소 협력사와의 상생을 위해 △금융 △기술개발 △경영 지원 등 다양한 분야에서 지원책을 운영 중이다. 거래대금은 월 4회, 전액 현금으로 지급하고 있으며, 자금 사정이 어려운 협력사에는 납품 대금을 조기 지급해 유동성 확보와 재무 안정화에 기여하고 있다. 또 금융기관과 협력해 '동반성장펀드' '네트워크론' '상생결제제도' 등 실질적인 재정 지원도 제공하고 있다.기술 지원 측면에서도 'NW장비 테스트베드' 'IoT 인증센터' 등을 통해 개발 인프라가 부족한 협력사에 장소와 장비를 지원하고 있으며, '기술자료 임치제도' '영업비밀 원본증명서비스' 등으로 기술 보호도 돕고 있다.아울러 공정한 거래 문화 정착을 위해 공정거래위원회가 제정한 '하도급 법규 준수를 위한 4대 실천사항'을 도입해 이행하고 있으며, 노동·안전·환경·개인정보·윤리 등 ESG 영역에 대한 행동 규범도 협력사에 요구하고 있다.이와 함께 업종별 주요 협력사로 구성된 협의체 '동반성장보드'를 2013년부터 운영하고 있으며, 매년 현장에서 협력사의 의견을 직접 청취하는 동반성장간담회도 열고 있다.한상언 LG유플러스 동반성장·전략구매담당은 ""대내외 어려운 경영환경 속에서도 LG유플러스와 함께 성장해 준 협력사 덕분에 최우수 기업으로 선정될 수 있었다""며 ""7년 연속 동반성장지수 최우수 기업으로서 앞으로도 중소 협력사와 함께 상생할 수 있도록 지속적으로 커뮤니케이션하며 다양한 지원책을 제공할 것""이라고 말했다."
https://n.news.naver.com/mnews/article/277/0005673182?sid=105,2025-11-02 11:53:50,IT/과학,"LGU+, 새 브랜드 슬로건 '심플리 유플러스'…TV 광고 선봬","고객 참여형 프로그램 '심플 랩' 출시LG유플러스가 선보인 새로운 브랜드 슬로건 ‘심플리 유플러스’ TV 광고.LG유플러스가 새로운 브랜드 슬로건 '심플리 유플러스' TV 광고를 선보이며, 고객 중심 브랜드 캠페인에 나선다고 2일 밝혔다.신규 광고 '오늘을 심플하게' 편은 사람들이 기술을 따라가기 바쁜 현실을 상기시키며, 사람이 중심에 설 때 기술은 더 쉬워지고 복잡함을 덜어낼 때 오늘이 더 심플해진다는 내용을 소개한다.이번 광고는LG유플러스가 최근 공개한 브랜드 철학을 담고 있다. 심플리 유플러스는 고객이 느끼는 모든 복잡함을 없애고 불편함을 줄여 신뢰할 수 있는 경험을 제공하겠다는 새로운 고객 중심의 혁신 전략이다.LG유플러스는 고객 참여형 프로그램 '심플 랩'도 출시했다. 심플 랩 광고는 자신의 어린 시절을 지켜준, 모르는 것 하나 없었던 아빠가 통신사 애플리케이션(앱) 사용법에 어려움을 겪으며 도움을 요청하는 모습을 담았다.통신 생활에 도움이 될 아이디어를 고객으로부터 받아 실제 구현되는 과정을 공유해 나간다. LG유플러스는 반영된 아이디어와 연구 중 아이디어 수를 주기적으로 공유하고 고객 제안으로 만들어진 상품, 기능을 적극적으로 알릴 계획이다.장준영 LG유플러스 마케팅전략담당(상무)은 ""심플의 가치를 고객이 공감하도록 캠페인을 지속하면서 고객 경험을 혁신하겠다""고 말했다."
https://n.news.naver.com/mnews/article/018/0006154131?sid=105,2025-11-02 13:47:10,IT/과학,"KT, 엔비디아와 6G 시대 대비 협력...‘AI-RAN’ 글로벌 허브 구축","AI-RAN 글로벌 허브 구축 및 AI 네트워크 기술 상용화 협력국내외 주요 기업과 연구기관이 참여한 포괄적 협력 체계 구축AI-RAN 얼라이언스에서 글로벌 표준화 및 기술 검증 기여[이데일리 윤정훈 기자]KT(030200)가 엔비디아를 비롯해 삼성전자(005930), SK텔레콤(017670), LG유플러스(032640), ETRI, 연세대학교 등과 ‘AI-RAN 기술 및 서비스의 공동 연구 개발 및 글로벌 확산’을 위한 다자간 업무협약(MOU)을 체결했다고 2일 밝혔다.NVIDIA와 KT를 포함한 국내 6개사가 업무협약을 맺었다.(왼쪽부터) 연세대 홍종일 연구처장, ETRI 백용순 입체통신연구소장, KT 미래네트워크연구소장 이종식 전무, NVDIA 김회준 전무, 과학기술정보통신부 최우혁 네트워크정책실장, LGU+ 네트워크선행개발담당 이상헌 상무, SKT 인프라기술본부장 류탁기 전무, 삼성전자 네트워크사업부 김승일 상무가 기념촬영을 하고 있다(사진=KT)AI-RAN(Artificial Intelligence Radio Access Network)은 기지국과 네트워크 서버사이에 오가는 트래픽 데이터를 실시간으로 분석해 최적의 네트워크 환경을 제공하는 차세대 통신망 기술이다. 이번 협약은 한국을 AI-RAN 글로벌 허브로 육성하는 동시에 AI 네트워크 기술 상용화 및 국제 표준화에 기여하기 위한 것이다.특히 국내외 주요 기업과 연구기관이 협력해 공동 연구·개발 및 실증, 글로벌 확산, 국제 표준화까지 아우르는 포괄적 협력 체계를 구축했다는 점에서 의미가 크다. 엔비디아와 KT를 국내 6개사는 AI-RAN 기술의 상용화와 글로벌 시장 진출을 위해 단계별 협력, 공동 워킹그룹 운영, 실증 테스트베드 구축 등 다양한 활동을 추진할 예정이다.KT는 지난 1월 AI-RAN 얼라이언스에 가입해 AI 네이티브 네트워크 기술에 대한 연구개발 활동을 본격적으로 시작했다. 이 협의체는 글로벌 주요 통신사와 IT 기업, 학계가 참여해 AI와 무선망(RAN) 기술을 융합해 차세대 네트워크 혁신과 표준화를 추진하고 있다. 현재 엔비디아, Softbank를 포함한 110여 개 회원사가 활발히 협력 중이며, KT는 글로벌 표준화 및 기술 검증에 적극 기여 중이다.이러한 노력의 일환으로 KT는 지난 9월 삼성전자와 공동 개발 중인 ‘사용자 맞춤형 이동성 및 연결 안정화’ 기술을 AI-RAN 얼라이언스의 Working Group 1 (AI를 통해 RAN의 성능과 효율을 직접 향상하는 기술을 연구하는 작업 그룹)에 신규 연구 아이템으로 제안했으며, 현재 관련 작업이 진행 중이다.이 기술은 사용자의 이동 경로와 네트워크 환경을 AI로 실시간 분석해 문제 발생 가능성을 예측하고, 사용자별 최적 네트워크 설정을 자동 적용하는 것이 특징이다. 기존 셀 단위 설정의 한계를 극복해 다양한 환경에서도 안정적이고 빠른 통신 품질을 제공할 수 있도록 설계되었다. KT는 11월 초 미국 보스턴에서 열리는 AI-RAN 얼라이언스 전체 미팅에서 지금까지의 연구 개발 성과와 실증 결과를 발표할 예정이다.또한 KT는 지난 8월 국내 최초로 상용 5G 네트워크에 AI-RAN 기술을 적용해 고객 체감속도품질을 향상시키는 검증을 완료한 바 있다. 이 외에도 아시아 최대 통신사업자 전략 협의체인 SCFA(Strategic Cooperation Framework Agreement)를 통해 NTT 도코모, 차이나모바일 등과 AI 네이티브 네트워크 분야에서 협력을 강화하는 등 다양한 방면으로 글로벌 파트너들과의 연구 협력을 지속하고 있다.이종식 KT 미래네트워크연구소장(전무)은 “이번 MOU와 AI-RAN 얼라이언스 활동을 통해 KT는 글로벌 네트워크 혁신을 선도하고, 6G 시대를 대비한 AI 기반 차세대 통신 인프라 구축에 박차를 가할 것”이라며, “앞으로도 국내외 주요 파트너들과 긴밀히 협력해 AI 네트워크 기술의 상용화와 글로벌 확산에 앞장서겠다”고 말했다."
https://n.news.naver.com/mnews/article/018/0006154133?sid=105,2025-11-02 13:52:15,IT/과학,"LG U+, Simply. U+ ‘고객 중심’ 브랜드 캠페인 TV 광고 전개","‘Simply. U+’로 심플하고 밝은 세상 만들겠다는 의지 담아고객 제안 아이디어 담은 ‘Simple. Lab’ 론칭“고객이 심플의 가치에 공감하도록 지속 캠페인 전개”[이데일리 윤정훈 기자]LG유플러스(032640)가 새로운 브랜드 슬로건 ‘Simply. U+’ TV 광고를 론칭하며 본격적인 고객 중심 브랜드 캠페인에 나선다고 2일 밝혔다.LG U+, Simply. U+ ‘고객 중심’ 브랜드 캠페인 본격 전개(사진=LGU+)신규 광고 ‘오늘을 심플하게’편은 기술이 사람들의 일상 속에서 새로운 이야기를 쏟아내는 데 비해 사람들은 따라가기 바쁜 현실을 상기시키며, 사람이 중심에 설 때 기술은 더 쉬워지고 복잡함을 덜어낼 때 오늘이 더 심플해진다는 내용을 소개한다.이번 광고는 LG유플러스가 최근 공개한 브랜드 철학을 담고 있다. Simply. U+는 고객이 느끼는 모든 복잡함을 없애고 불편함을 줄여 신뢰할 수 있는 경험을 제공하겠다는 새로운 고객 중심의 혁신 전략이다. LG유플러스는 복잡한 통신에서 본질에만 집중한 상품, 투명한 가입과 사용 조건, 쉬운 접근성, 이해하기 쉬운 메시지로 고객들이 심플한 통신을 경험하게 만들겠다는 목표를 세웠다.LG유플러스는 오늘을 심플하게 편 외에도 고객 참여형 프로그램 Simple. Lab(심플 랩)을 론칭했다. 이밖에 심플 번역기, 버킷리스트 등 다양한 프로모션을 기획했다.심플 랩 광고는 자신의 어린 시절을 지켜준, 모르는 것 하나 없었던 아빠가 통신사 앱 사용법에 어려움을 겪으며 도움을 요청하는 모습을 담았다. 바쁜 업무로 아빠의 요청을 잘 못 챙기던 딸은 뒤늦게 어린 시절을 회상하며 미안한 마음으로 ‘아빠가 원하는 메뉴를 쉽게 찾을 수 있고 필요한 건 알아서 챙겨주는 심플한 통신 앱을 만들어 주세요’라는 제안을 심플 랩에 남긴다.심플 랩은 U+one에 신규 추가된 서비스다. 통신 생활에 도움이 될 아이디어를 고객으로부터 받아 실제 구현되는 과정을 공유해 나간다. 매달 제시되는 ‘이달의 주제’와 ‘자유 주제’를 제안할 수 있으며 가장 많은 공감을 받은 아이디어를 우선 검토한다. 클릭 한 번으로 쉽게 아이디어를 낼 수 있어 서비스 개시 사흘 만에 2000만 건이 접수되는 등 다양한 의견이 모이고 있다. LG유플러스는 반영된 아이디어와 연구 중 아이디어 수를 주기적으로 공유하고 고객 제안으로 만들어진 상품, 기능을 적극적으로 알릴 계획이다.심플 번역기는 50자에서 300자 정도의 글을 입력하면 위트 있게 한마디로 정리해주는 기능이다. U+one 출시를 기념한 버킷리스트 이벤트는 고객 5명의 소원을 이뤄주고 그 과정을 영상으로 담는 프로젝트다.이처럼 심플 번역기, 버킷리스트, 심플 랩은 LG유플러스가 브랜드 캠페인에서 추구하는 심플, 맞춤, 연결의 가치를 각각 구현한다는 데 의미가 있다. LG유플러스는 앞으로 신규 브랜드 철학인 심플리 유플러스를 다양한 채널에서 전개하며 고객에게 심플의 가치를 적극 알릴 계획이다.장준영 LG유플러스 마케팅전략담당(상무)은 “Simply. U+는 고객에 대한 깊은 이해와 높은 기술력이 있어야만 가능한 고객 지향의 정점”이라며 “심플의 가치를 고객이 공감하도록 캠페인을 지속하면서 고객 경험을 진정으로 혁신하겠다”고 말했다."
https://n.news.naver.com/mnews/article/014/0005428238?sid=105,2025-11-02 18:00:17,IT/과학,쪼그라든 통신시장… AI투자·인력 재배치 올인,"SKT 해킹 리스크 관리에 총력전KT·LGU+ 희망퇴직 등 비용 절감국내 통신업계가 비용 절감을 위한 인력 효율화에 속도를 내고 있다. 핵심 사업인 이동통신시장이 포화 상태에 접어들고, 인공지능(AI) 투자 비용이 급격히 치솟자 허리띠를 바짝 졸라매고 있다는 분석이다.2일 업계에 따르면 LG헬로비전이 오는 12월 초 서울 마포구 상암동 본사에서 경기 고양시 삼송지구 내 MBN 미디어센터로 사옥을 이전하는 가운데 LG유플러스는 서울역 빌딩에서 근무 중인 자사 인력의 근무지를 LG헬로비전이 쓰던 상암 트림타워로 옮기는 안을 최근 검토했다. 비교적 임대료 부담이 덜한 상암으로 인력을 재배치함으로써 고정 비용 지출을 최소화하려는 행보로 풀이된다. LG유플러스는 LG헬로비전 지분 58.61%를 보유한 최대주주다. 다만 임직원 반발이 잇따르자 해당 계획을 유보했다. LG유플러스는 올해 들어 고강도 비용 절감 기조를 이어가고 있다.지난 8월에는 만 50세 이상, 근속 10년 이상 직원을 대상으로 최대 4억~5억원대 위로금과 자녀 학자금 지원 등 파격적 지원을 내걸고 희망퇴직을 실시했다. 이번에 희망퇴직 실시로 반영되는 일회성 비용은 약 1500억원에 달해 당장 올해 3·4분기 실적에 악재로 작용할 것으로 보인다. 금융정보업체 에프앤가이드에 따르면 LG유플러스 3·4분기 영업이익 추정치는 1837억원으로, 전년 동기 대비 25.3% 감소할 전망이다. 하지만 내년에는 500억∼600억원 수준의 인건비를 절감하며 중장기 실적 개선에 기여할 것으로 예상된다.SK텔레콤도 최근 인공지능(AI) 사업을 전담하는 사내독립기업(CIC) 전 구성원을 대상으로 특별 퇴직 프로그램을 시행했다. 기존 사내 흩어진 AI 기능과 조직을 AI CIC로 일원화하는 과정에서 발생한 업무·기능 중복을 해소하고 조직 운영 효율을 높이기 위해 인력 재배치에 나선 것으로 분석된다. SK텔레콤은 해킹 여파로 실적이 크게 악화돼 당분간 긴축 기조를 이어갈 것으로 관측된다. 올해 3·4분기 SK텔레콤의 연결 영업이익은 484억원으로, 전년 동기 대비 90.9% 급감했다. 업계 관계자는 ""실적에 큰 비중을 차지하는 통신사업 성장성이 꺾인 상황에서 신사업이 수익원으로 기여할 때까지 통신업계가 비용 절감 노력을 지속할 것""이라고 말했다. 앞서 KT는 지난해 연말 2800여명의 희망퇴직을 받은 바 있다. 이 시기에 KT는 조직 슬림화와 함께 마이크로소프트와 클라우드 사업과 AI사업 동맹을 맺으며 신사업을 강화했다."
https://n.news.naver.com/mnews/article/014/0005428239?sid=105,2025-11-02 18:00:18,IT/과학,통신앱 사용 더 쉽게… LGU+ 새 슬로건 '심플리',"신규 TV 광고 스틸 이미지 LG유플러스 제공LG유플러스가 새로운 브랜드 슬로건 '심플리(Simply). U+' TV 광고를 론칭하며 본격적인 고객 중심 브랜드 캠페인에 나선다고 2일 밝혔다.신규 광고 '오늘을 심플하게'편은 사람이 중심에 설 때 기술은 더 쉬워지고 복잡함을 덜어낼 때 오늘이 더 심플해진다는 내용을 강조한다. LG유플러스는 '오늘을 심플하게'편 외에도 고객 참여형 프로그램 심플 랩(Simple. Lab)을 론칭했다. 이밖에 심플 번역기, 버킷리스트 등 다양한 프로모션을 기획했다.심플 랩 광고는 아빠가 통신사 앱 사용법에 어려움을 겪자 딸이 도움을 요청하는 모습을 담았다. 바쁜 업무로 아빠의 요청을 잘 못 챙기던 딸은 뒤늦게 어린 시절을 회상하며 미안한 마음으로 '아빠가 원하는 메뉴를 쉽게 찾을 수 있고 필요한 건 알아서 챙겨주는 심플한 통신 앱을 만들어 주세요'라는 제안을 심플 랩에 남긴다. 심플 랩은 U+one에 신규 추가된 서비스다. 통신 생활에 도움이 될 아이디어를 고객으로부터 받아 실제 구현되는 과정을 공유해 나간다. 매달 제시되는 '이달의 주제'와 '자유 주제'를 제안할 수 있으며 가장 많은 공감을 받은 아이디어를 우선 검토한다. 클릭 한 번으로 쉽게 아이디어를 낼 수 있어 서비스 개시 사흘 만에 2000여건이 접수되는 등 다양한 의견이 모이고 있다."
https://n.news.naver.com/mnews/article/003/0013576278?sid=105,2025-11-03 09:00:00,IT/과학,"""순직 소방관 기억하겠습니다""…LGU+, 추모 마라톤 개최","119메모리얼런…참가자들, 순직 소방관 이름 달고 참여AI로 복원한 소방관 목소리로 국민의례…추모문화제도 실시[서울=뉴시스] LG유플러스가 소방청과 함께 개최한 순직소방관 추모 마라톤 '119메모리얼런'을 개최했다. (사진=LGU+ 제공) *재판매 및 DB 금지[서울=뉴시스] 심지혜 기자 = LG유플러스는 소방청과 함께 개최한 순직소방관 추모 마라톤 '119메모리얼런'을 개최했다고 3일 밝혔다.지난 2일 세종시 세종중앙공원에서 열린 행사에는 2300여명이 참여했다. 참가자들이 자신의 이름과 함께 순직 소방관 1명의 이름 및 순직일이 적힌 배번표를 달고 달리며 추모의 의미를 되새기는 방식으로 진행됐다.코스는 소방을 상징하는 11.9km와 초심자를 위한 5km로 구성됐는데, 참가자 중 약 80%가 11.9km를 선택했다.이번 마라톤에는 현직 소방관 119명도 함께 참여해 순직한 동료를 추모했다. 이날 행사에 참여한 김동현 세종북부소방서 소방장은 2020년 충북 충주시 수해현장에 출동했다가 순직한 고 송성한 소방교를 추모하며 “5년이 넘은 지금까지도 저희 동기들은 그가 떠났다는 것이 믿기지 않고 그를 생각하면 눈물이 먼저 앞선다""고 말하기도 했다. 김 소방장은 배번표에 송 소방교의 이름을 달고 코스를 완주했다.행사 시작 전 국민의례에서는 LG유플러스의 AI 음성합성 기술을 활용해 복원된 순직 소방관들의 목소리로 국기에 대한 경례가 진행됐다. 이날 목소리는 지난해 1월 경북 문경시의 한 공장에서 화재를 진압하던 중 순직한 고 김수광 소방장과 지난 2019년 독도에서 응급환자를 이송하던 중 헬기가 추락하면서 순직한 고 박단비 소방교의 생전 음성을 기반으로 제작됐다.LG유플러스와 소방청은 이날 행사를 통해 모은 참가비 전액을 순직 소방관 유가족 단체 '소방가족 희망나눔'에 전달할 예정이다. 이 금액은 순직 소방관을 위한 다양한 활동 및 유가족 지원 등에 활용될 예정이다.119메모리얼런은 순직소방관 추모문화제 '119메모리얼데이'와 같은 공간에서 진행됐다. 국민참여형 추모문화제로 꾸며진 119메모리얼데이에는 전시·콘서트·소방안전체험 등 다양한 행사가 열렸다.박경중 LG유플러스 대외협력담당(상무)은 ""국민의 생명을 지키다 순직한 소방관들의 숭고한 희생을 모두가 함께 기억하는 문화가 확산되길 바란다""며 ""소방관들의 헌신에 보답하는 길에 LG유플러스가 앞장서겠다""고 말했다."
https://n.news.naver.com/mnews/article/008/0005272274?sid=105,2025-11-03 09:00:00,IT/과학,"LGU+, 순직소방관 추모 마라톤…2300명 함께 달렸다","119메모리얼런 대회 참가자들이 전력 질주하고 있다. /사진=LG유플러스순직 소방관 1명의 이름과 순직일이 적힌 배번표를 달고 이들을 추모하는 마라톤 행사가 열렸다.LG유플러스와 소방청은 지난 2일 세종시 세종중앙공원에서 개최한 순직소방관 추모 마라톤 '119메모리얼런'에 2300여명의 참가자가 모였다고 3일 밝혔다. 참가자들은 자신의 이름과 함께 순직 소방관 1명의 이름과 순직일이 적힌 배번표를 달고 달리며 추모의 의미를 되새겼다.코스는 소방을 상징하는 11.9㎞와 초심자를 위한 5㎞로 구성했는데, 참가자의 약 80%가 11.9㎞를 선택했다.특히 이번 마라톤에는 현직 소방관 119명도 함께 참여해 순직한 동료를 추모했다. 이날 행사에 참여한 김동현 세종북부소방서 소방장은 2020년 충북 충주시 수해현장에 출동했다가 순직한 고(故) 송성한 소방교를 추모하며 ""5년이 넘은 지금까지도 저희 동기들은 그가 떠났다는 것이 믿기지 않고 그를 생각하면 눈물이 먼저 앞선다""고 말했다. 김 소방장은 배번표에 송 소방교의 이름을 달고 코스를 완주했다.행사 시작 전 국민의례에서는 LG유플러스의 AI(인공지능) 음성합성 기술을 활용해 복원된 순직 소방관들의 목소리로 국기에 대한 경례가 진행됐다. 이날 목소리는 지난해 1월 경북 문경시의 한 공장에서 화재를 진압하던 중 순직한 고 김수광 소방장과 2019년 독도에서 응급환자를 이송하던 중 헬기가 추락하면서 순직한 고 박단비 소방교의 생전 음성을 기반으로 제작됐다.마라톤 참가자들은 HSAD의 재능기부로 디자인된 추모 티셔츠, 소방관 폐방화복을 재활용해 제작한 기능성 양말, 119메모리얼데이가 새겨진 완주 메달 등을 기념품으로 받았다. 완주 메달에는 완주자 이름과 기록 등을 각인할 수 있도록 별도의 부스도 운영됐다.LG유플러스와 소방청은 이날 행사를 통해 모은 참가비 전액을 순직 소방관 유가족 단체 '소방가족 희망나눔'에 전달할 예정이다. 이 금액은 순직 소방관을 위한 다양한 활동 및 유가족 지원 등에 활용된다.박경중 LG유플러스 대외협력담당(상무)은 ""국민의 생명을 지키다 순직한 소방관들의 숭고한 희생을 모두가 함께 기억하는 문화가 확산되길 바란다""며 ""소방관들의 헌신에 보답하는 길에 LG유플러스가 앞장서겠다""고 말했다."
https://n.news.naver.com/mnews/article/421/0008580600?sid=105,2025-11-03 09:00:00,IT/과학,"LGU+, 순직 소방관 추모 마라톤에 2300명 참여","LG유플러스는 지난 2일 소방청과 함께 순직소방관 추모 마라톤 '119메모리얼런'을 성황리에 마쳤다. 사진은 실제 소방복을 입고 대회에 나선 현직 소방관들의 모습. (LGU+ 제공)(서울=뉴스1) 이기범 기자 = LG유플러스(032640)는 소방청과 공동 개최한 순직소방관 추모 마라톤이 2300여명이 참가한 가운데 성황리에 마쳤다고 3일 밝혔다.지난 2일 세종시 세종중앙공원에서 열린 '119메모리얼런'은 참가자들이 자신의 이름과 함께 순직 소방관 1명의 이름 및 순직일이 적힌 배번표를 달고 달리며 추모하는 방식으로 진행됐다.특히 이번 마라톤에는 현직 소방관 119명도 함께 참여해 순직한 동료를 추모했다.이날 행사에 참여한 김동현 세종북부소방서 소방장은 2020년 충북 충주시 수해현장에 출동했다가 순직한 고(故) 송성한 소방교를 추모하며 ""5년이 넘은 지금까지도 저희 동기들은 그가 떠났다는 것이 믿기지 않고 그를 생각하면 눈물이 먼저 앞선다""고 말했다.행사 시작 전 국민의례에서는 LG유플러스의 AI 음성합성 기술을 활용해 복원된 순직 소방관들의 목소리로 국기에 대한 경례가 진행됐다. 이날 목소리는 지난해 1월 경북 문경시의 한 공장에서 화재를 진압하던 중 순직한 고 김수광 소방장과 2019년 독도에서 응급환자를 이송하던 중 헬기가 추락하면서 순직한 고 박단비 소방교의 음성을 기반으로 제작됐다.LG유플러스와 소방청은 이날 행사를 통해 모은 참가비 전액을 순직 소방관 유가족 단체 '소방가족 희망나눔'에 전달할 예정이다. 이 금액은 순직 소방관을 위한 활동 및 유가족 지원에 활용될 예정이다.LG유플러스는 소방청과 협력해 소방관을 위한 복지·교육·추모 지원 등 사회공헌 활동을 확대해 나갈 계획이다.박경중 LG유플러스 대외협력담당(상무)은 ""국민의 생명을 지키다 순직한 소방관들의 숭고한 희생을 모두가 함께 기억하는 문화가 확산되길 바란다""고 말했다."
https://n.news.naver.com/mnews/article/138/0002208440?sid=105,2025-11-03 09:00:08,IT/과학,[현장] 소방영령과 함께 달린 11.9km…LGU+ ‘119메모리얼런’ 가보니,"LG유플러스와 소방청이 함께 주최한 '119메모리얼런' 마라톤에 산소통과 방화복을 착용한 채 참가한 현직 소방관이 준비 운동을 하고 있다.[세종=오병훈기자]“여러분 배번표에 적힌 순직 소방관들의 이름을 기리며 힘차게 달려주시면 되겠습니다”2일 오전 9시 세종 중앙공원에서 열린 마라톤 행사장에서 사회자는 행사 의미를 언급하며 이같이 말했다. LG유플러스에서 소방청과 함께 개최한 추모 마라톤 ‘119메모리얼런’ 현장이다.이날 마라톤 참가자들이 배정 받은 배번표에는 참가자 이름과 더불어 순직 소방관 이름이 함께 표기됐다. ‘기억을 달립니다. 추모를 연결합니다’라는 문구도 표기돼 순직 소방관들 추모 의미를 더했다.행사 시작 전 국민의례에서는 LG유플러스 AI 음성합성 기술을 활용해 복원된 순직 소방관 목소리로 국기에 대한 경례가 진행됐다. 이날 목소리는 지난해 1월 경북 문경시 한 공장에서 화재를 진압하던 중 순직한 고 김수광 소방장과 지난 2019년 독도에서 응급환자를 이송하던 중 헬기가 추락하면서 순직한 고 박단비 소방교의 생전 음성을 기반으로 제작됐다.시작 시간이 다가오자 2300여명 참가자들이 마라톤 출발지점을 가득 메웠다. 마라톤 코스는 소방을 상징하는 11.9km와 초심자를 위한 5km로 구성됐는데 참가자 중 약 80%가 11.9km를 선택했다.이번 마라톤에는 현직 소방관 119명도 함께 참여해 순직한 동료를 추모했다. 일부 대원들은 추모 의미를 담아 무거운 방화복과산소통을 착용한 채 참여해 눈길을 끌었다.김동현 세종북부소방서 소방장은 지난 2020년 충북 충주시 수해현장에 출동했다가 순직한 고(故) 송성한 소방교를 추모하며 “5년이 넘은 지금까지도 저희 동기들은 그가 떠났다는 것이 믿기지 않고 그를 생각하면 눈물이 먼저 앞선다”고 말했다.119메모리얼런 마라톤 출발지점에 참가자들이 모여있다.출발 신호와함께 마라톤이 시작됐다. 초입에서는 의료지원을 나온 구급대원들과 자원봉사자들의 응원이 이어졌다. 기자와 함께 달린 순직 소방관은 이병곤 소방경이다. 그는 경기도 평택소방서에서 근무하다 지난 2015년 12월3일 화재 현장 활동 중 순직했다.숨가쁜 완주 이후에는 이날 마라톤을 추억할 수 있는 기념품을 지급받았다. 마라톤 완주 참가자에게는 119메모리얼데이 글씨가 새겨진 완주 메달과 수건 등이 지급됐다. 완주 메달에는 완주자 이름과 기록 등을 각인할 수 있도록 별도의 부스도 운영됐다.참가자 전원에게는 마라톤 시작 전 에이치에스애드(HSAD)의 재능기부로 디자인된 추모 티셔츠가 지급됐다. 소방관 폐방화복을 재활용해 제작한 기능성 양말도 함께 받을 수 있었다.마라톤을 마친 이후에는 본격적으로 세종 중앙공원에서 열리는 순직소방관 추모문화제 '119메모리얼데이' 현장을 둘러볼 수 있었다. 국민참여형 추모문화제로 꾸며진 119메모리얼데이에는 전시·콘서트·소방안전체험 등 다양한 행사가 열렸다.119메모리얼데이 현장에 마련된 화재 대피 체험 부스심폐소생술 강습 공간과 각종 추모 갤러리 등 다양한 부대 행사도 준비돼 있었다. 참가자들 시선을 가장 많이 끌었던 곳은 바로 어린이 대상 화재 대피 체험 부스였다. 에어매트로 제작된 놀이터를 화재 건축물로 가정해 어린이들에게 대피 요령을 가르쳐주는 곳이었다. 방화복 빠르게 입기, 소방견과 기념 사진 촬영 등 다채로운 체험 공간도 참가자들 관심을 끌었다.부스체험 이외 다양한 볼거리도 제공됐다. 웹툰작가 키크니가 소방관 사연을 모아 제작한 ‘사연툰’ 전시와 가수 백지영·홍경민·BMK·유리상자 이 참석하는 콘서트도 열렸다.한편, LG유플러스와 소방청은 이날 행사를 통해 모은 참가비 전액을 순직 소방관 유가족 단체 ‘소방가족 희망나눔’에 전달할 예정이다. 이 금액은 순직 소방관을 위한 다양한 활동 및 유가족 지원 등에 활용된다. LG유플러스는 향후에도 소방청과 협력해 소방관을 위한 복지·교육·추모 지원 등 사회공헌 활동을 확대한다.박경중 LG유플러스 대외협력담당(상무)은 “국민 생명을 지키다 순직한 소방관의 숭고한 희생을 모두가 함께 기억하는 문화가 확산되길 바란다”며 “소방관 헌신에 보답하는 길에 LG유플러스가 앞장서겠다”고 말했다."
https://n.news.naver.com/mnews/article/016/0002551434?sid=105,2025-11-03 09:01:16,IT/과학,"LGU+-소방청, ‘119메모리얼런’ 개최…순직 소방관 추모","순직소방관 이름 가슴에 달고 뛰는 마라톤2300명 참여, 성료…참가비 전액 기부AI로 복원한 순직소방관 목소리로 국민의례LG유플러스는 지난 2일 소방청과 함께 순직소방관 추모 마라톤 ‘119메모리얼런’을 개최했다. 사진은 119메모리얼런 대회 참가자들이 전력 질주하고 있는 모습. [LG유플러스 제공][헤럴드경제=박혜림 기자] LG유플러스가 소방청과 함께 순직한 소방관들을 추모하는 행사를 개최했다.LG유플러스는 소방청과 함께 개최한 순직소방관 추모 마라톤 ‘119메모리얼런’이 2300여명의 참가자를 모으며 성황리에 종료됐다고 3일 밝혔다.119메모리얼런은 지난 2일 세종시 세종중앙공원에서 열렸다. 참가자들이 자신의 이름과 함께 순직 소방관 1명의 이름 및 순직일이 적힌 배번표를 달고 달리며 추모의 의미를 되새기는 방식으로 진행됐다.코스는 소방을 상징하는 11.9㎞와 초심자를 위한 5㎞로 구성됐다. 참가자 가운데 약 80%는 11.9㎞를 선택하며 추모의 의미를 더했다.이날 마라톤에는 현직 소방관 119명도 함께 참여해 순직한 동료를 추모했다. 행사에 참여한 김동현 세종북부소방서 소방장은 2020년 충북 충주시 수해현장에 출동했다가 순직한 고(故) 송성한 소방교를 추모하며 “5년이 넘은 지금까지도 저희 동기들은 그가 떠났다는 것이 믿기지 않고 그를 생각하면 눈물이 먼저 앞선다”고 말하기도 했다. 김 소방장은 배번표에 송 소방교의 이름을 달고 코스를 완주했다.LG유플러스는 지난 2일 소방청과 함께 순직소방관 추모 마라톤 ‘119메모리얼런’을 개최했다. 사진은 실제 소방복을 입고 대회에 나선 현직 소방관들의 모습. [LG유플러스 제공]행사 시작 전 국민의례에서는 LG유플러스의 AI 음성합성 기술을 활용해 복원된 순직 소방관들의 목소리로 국기에 대한 경례가 진행됐다. 이날 목소리는 지난해 1월 경북 문경시의 한 공장에서 화재를 진압하던 중 순직한 고 김수광 소방장과 지난 2019년 독도에서 응급환자를 이송하던 중 헬기가 추락하면서 순직한 고 박단비 소방교의 생전 음성을 기반으로 제작됐다.마라톤 참가자들은 HSAD의 재능기부로 디자인된 추모 티셔츠, 소방관 폐방화복을 재활용해 제작한 기능성 양말, ‘119메모리얼데이’가 새겨진 완주 메달 등을 기념품으로 받았다. 완주 메달에는 완주자 이름과 기록 등을 각인할 수 있도록 별도의 부스도 운영됐다.LG유플러스와 소방청은 이날 행사를 통해 모은 참가비 전액을 순직 소방관 유가족 단체 ‘소방가족 희망나눔’에 전달할 예정이다. 이 금액은 순직 소방관을 위한 다양한 활동 및 유가족 지원 등에 활용될 예정이다.LG유플러스는 지난 2일 소방청과 함께 순직소방관 추모 마라톤 ‘119메모리얼런’을 개최했다. 사진은 순직 소방관들의 이름이 적힌 현수막을 들고 달리는 소방관들의 모습. [LG유플러스 제공]이날 행사는 마라톤 외에도 순직소방관 추모문화제 119메모리얼데이가 함께 진행됐다. 국민참여형 추모문화제로 꾸며진 119메모리얼데이에는 전시·콘서트·소방안전체험 등 다양한 행사가 열렸다.▷웹툰작가 키크니가 소방관들의 사연을 모은 ‘사연툰’ 전시 ▷가수 백지영, 홍경민, BMK, 유리상자 등의 뮤직콘서트 ▷방화복 체험과 같은 소방 체험 행사가 진행됐다.LG유플러스는 향후에도 소방청과 협력해 소방관을 위한 복지·교육·추모 지원 등 사회공헌 활동을 확대해 나갈 계획이다.박경중 LG유플러스 대외협력담당(상무)은 “국민의 생명을 지키다 순직한 소방관들의 숭고한 희생을 모두가 함께 기억하는 문화가 확산되길 바란다”며 “소방관들의 헌신에 보답하는 길에 LG유플러스가 앞장서겠다”고 말했다."
https://n.news.naver.com/mnews/article/018/0006154466?sid=105,2025-11-03 09:13:11,IT/과학,"LG U+, 순직소방관 추모 마라톤 개최...2300명 참여","‘119메모리얼런’ 진행…참가비 전액 기부AI로 복원한 순직소방관 목소리로 국민의례[이데일리 윤정훈 기자]LG유플러스(032640)는 소방청과 함께 개최한 순직소방관 추모 마라톤 ‘119메모리얼런’이 2300여명 참가자를 모으며 성황리에 종료됐다고 3일 밝혔다.(사진=LG유플러스)지난 2일 세종시 세종중앙공원에서 열린 ‘119메모리얼런’은 참가자들이 자신의 이름과 함께 순직 소방관 1명의 이름 및 순직일이 적힌 배번표를 달고 달리며 추모의 의미를 되새기는 방식으로 진행됐다.코스는 소방을 상징하는 11.9km와 초심자를 위한 5km로 구성됐는데, 참가자 중 약 80%가 11.9km를 선택했다.이번 마라톤에는 현직 소방관 119명도 함께 참여해 순직한 동료를 추모했다. 이날 행사에 참여한 김동현 세종북부소방서 소방장은 2020년 충북 충주시 수해현장에 출동했다가 순직한 고(故) 송성한 소방교를 추모하며 “5년이 넘은 지금까지도 저희 동기들은 그가 떠났다는 것이 믿기지 않고 그를 생각하면 눈물이 먼저 앞선다“고 말하기도 했다.행사 시작 전 국민의례에서는 LG유플러스의 AI 음성합성 기술을 활용해 복원된 순직 소방관들의 목소리로 국기에 대한 경례가 진행됐다. 이날 목소리는 지난해 1월 경북 문경시의 한 공장에서 화재를 진압하던 중 순직한 고 김수광 소방장과 지난 2019년 독도에서 응급환자를 이송하던 중 헬기가 추락하면서 순직한 고 박단비 소방교의 생전 음성을 기반으로 제작됐다.마라톤 참가자들은 HSAD의 재능기부로 디자인된 추모 티셔츠, 소방관 폐방화복을 재활용해 제작한 기능성 양말, ‘119메모리얼데이’가 새겨진 완주 메달 등을 기념품으로 받았다. 완주 메달에는 완주자 이름과 기록 등을 각인할 수 있도록 별도의 부스도 운영됐다.LG유플러스와 소방청은 이날 행사를 통해 모은 참가비 전액을 순직 소방관 유가족 단체 ‘소방가족 희망나눔’에 전달할 예정이다. 이 금액은 순직 소방관을 위한 다양한 활동 및 유가족 지원 등에 활용될 예정이다.119메모리얼런은 순직소방관 추모문화제 ‘119메모리얼데이’와 같은 공간에서 진행됐다. 국민참여형 추모문화제로 꾸며진 119메모리얼데이에는 전시·콘서트·소방안전체험 등 다양한 행사가 열렸다.추모문화제에서는 △웹툰작가 키크니가 소방관들의 사연을 모은 ‘사연툰’ 전시 △가수 백지영, 홍경민, BMK, 유리상자 등의 뮤직콘서트, △방화복 체험과 같은 소방 체험 행사가 진행됐다.LG유플러스는 향후에도 소방청과 협력해 소방관을 위한 복지·교육·추모 지원 등 사회공헌 활동을 확대해 나갈 계획이다.박경중 LG유플러스 대외협력담당(상무)은 ”국민의 생명을 지키다 순직한 소방관들의 숭고한 희생을 모두가 함께 기억하는 문화가 확산되길 바란다”며 “소방관들의 헌신에 보답하는 길에 LG유플러스가 앞장서겠다”고 말했다."
https://n.news.naver.com/mnews/article/031/0000977240?sid=105,2025-11-03 09:19:08,IT/과학,"LGU+·소방청, '119메모리얼런' 성료…2300명 추모 발걸음","세종중앙공원서 개최…AI 복원 음성·소방관 체험·콘서트 등 다채LG유플러스는 2일 소방청과 함께 세종시 세종중앙공원에서 순직소방관 추모 마라톤 '119메모리얼런'을 개최하고 약 2300명의 참가자와 함께 행사를 성황리에 마쳤다.실제 소방복을 입고 대회에 나선 현직 소방관들의 모습 [사진=LGU+]'119메모리얼런'은 참가자가 자신의 이름과 함께 순직 소방관 1명의 이름과 순직일이 적힌 배번표를 달고 달리는 추모 행사다. 소방을 상징하는 11.9km와 초심자를 위한 5km 등 두 개 코스로 운영됐으며, 참가자 10명 중 8명가량이 11.9km 코스를 선택했다.행사에는 현직 소방관 119명이 함께해 의미를 더했다. 김동현 세종북부소방서 소방장은 2020년 충북 충주시 수해 현장에서 순직한 고 송성한 소방교를 기리며 배번표에 고인의 이름을 달고 완주했다. 그는 ""5년이 지난 지금까지도 동기들은 그의 부재를 실감하지 못한다""며 ""그를 생각하면 눈물이 앞선다""고 말했다.이날 국민의례에는 LG유플러스 AI 음성합성 기술로 복원한 순직 소방관의 목소리가 사용됐다. 음성은 지난해 1월 경북 문경시 화재 진압 중 순직한 고 김수광 소방장과 지난 2019년 독도 응급환자 이송 중 헬기 추락으로 순직한 고 박단비 소방교의 생전 육성을 기반으로 제작됐다.마라톤 참가자 전원에게는 HSAD의 재능기부로 디자인된 추모 티셔츠와 소방관 폐방화복을 재활용한 기능성 양말, '119메모리얼데이' 문구가 새겨진 완주 메달이 제공됐다. 완주 메달에 이름과 기록을 각인하는 부스도 운영됐다.이번 행사를 통해 모인 참가비 전액은 순직 소방관 유가족 단체 '소방가족 희망나눔'에 전달된다. 해당 기금은 유가족 지원과 순직 소방관 추모 활동에 사용될 예정이다.'119메모리얼런'은 순직소방관 추모문화제 '119메모리얼데이'와 함께 진행됐다. 이날 문화제에서는 △웹툰작가 키크니의 '사연툰' 전시 △가수 백지영·홍경민·BMK·유리상자 등 참여 콘서트 △방화복 체험 등 다양한 추모·체험 행사가 마련됐다.LG유플러스는 앞으로도 소방청과 함께 소방관을 위한 복지·교육·추모 지원 등 사회공헌 활동을 확대할 계획이다.박경중 LG유플러스 대외협력담당 상무는 ""국민의 생명을 지키다 순직한 소방관들의 숭고한 희생을 모두가 기억하길 바란다""며 ""소방관들의 헌신에 보답하는 길에 LG유플러스가 앞장서겠다""고 말했다."
https://n.news.naver.com/mnews/article/014/0005428440?sid=105,2025-11-03 09:23:11,IT/과학,"LG U+, 순직소방관 추모 마라톤 성료","119메모리얼런 대회 참가자들이 전력 질주하고 있는 모습. LG유플러스 제공LG유플러스는 소방청과 함께 개최한 순직소방관 추모 마라톤 '119메모리얼런'이 2300여명의 참가자를 모으며 성황리에 종료됐다고 3일 밝혔다.지난 2일 세종시 세종중앙공원에서 열린 ‘119메모리얼런’은 참가자들이 자신의 이름과 함께 순직 소방관 1명의 이름 및 순직일이 적힌 배번표를 달고 달리며 추모의 의미를 되새기는 방식으로 진행됐다. 코스는 소방을 상징하는 11.9km와 초심자를 위한 5km로 구성됐는데, 참가자 중 약 80%가 11.9km를 선택했다.특히 이번 마라톤에는 현직 소방관 119명도 함께 참여해 순직한 동료를 추모했다. 이날 행사에 참여한 김동현 세종북부소방서 소방장은 2020년 충북 충주시 수해현장에 출동했다가 순직한 고(故) 송성한 소방교를 추모하며 “5년이 넘은 지금까지도 저희 동기들은 그가 떠났다는 것이 믿기지 않고 그를 생각하면 눈물이 먼저 앞선다""고 말하기도 했다. 김 소방장은 배번표에 송 소방교의 이름을 달고 코스를 완주했다.행사 시작 전 국민의례에서는 LG유플러스의 AI 음성합성 기술을 활용해 복원된 순직 소방관들의 목소리로 국기에 대한 경례가 진행됐다. 이날 목소리는 지난해 1월 경북 문경시의 한 공장에서 화재를 진압하던 중 순직한 고 김수광 소방장과 지난 2019년 독도에서 응급환자를 이송하던 중 헬기가 추락하면서 순직한 고 박단비 소방교의 생전 음성을 기반으로 제작됐다.마라톤 참가자들은 HSAD의 재능기부로 디자인된 추모 티셔츠, 소방관 폐방화복을 재활용해 제작한 기능성 양말, '119메모리얼데이'가 새겨진 완주 메달 등을 기념품으로 받았다. 완주 메달에는 완주자 이름과 기록 등을 각인할 수 있도록 별도 부스도 운영됐다.LG유플러스와 소방청은 이날 행사를 통해 모은 참가비 전액을 순직 소방관 유가족 단체 '소방가족 희망나눔'에 전달할 예정이다. 이 금액은 순직 소방관을 위한 다양한 활동 및 유가족 지원 등에 활용될 예정이다. 119메모리얼런은 순직소방관 추모문화제 '119메모리얼데이'와 같은 공간에서 진행됐다. 국민참여형 추모문화제로 꾸며진 119메모리얼데이에는 전시·콘서트·소방안전체험 등 다양한 행사가 열렸다.추모문화제에서는 △웹툰작가 키크니가 소방관들의 사연을 모은 '사연툰' 전시 △가수 백지영, 홍경민, BMK, 유리상자 등의 뮤직콘서트 △방화복 체험과 같은 소방 체험 행사가 진행됐다. LG유플러스는 향후에도 소방청과 협력해 소방관을 위한 복지·교육·추모 지원 등 사회공헌 활동을 확대해 나갈 계획이다.박경중 LG유플러스 대외협력담당(상무)은 ""국민의 생명을 지키다 순직한 소방관들의 숭고한 희생을 모두가 함께 기억하는 문화가 확산되길 바란다”며 “소방관들의 헌신에 보답하는 길에 LG유플러스가 앞장서겠다”고 말했다."
https://n.news.naver.com/mnews/article/001/0015719959?sid=105,2025-11-03 09:41:59,IT/과학,"[테크스냅] LGU+, 순직소방관 추모 마라톤 성공 개최","KT, 시니어 맞춤 가전 구독 서비스 'LG 이지 TV' 출시[LG유플러스 제공. 재판매 및 DB 금지]▲ LG유플러스는 소방청과 함께 지난 2일 개최한 순직소방관 추모 마라톤 '119메모리얼런'을 2천300명이 참여한 가운데 세종시 세종중앙공원에서 성공적으로 열었다고 3일 밝혔다. 참가비 전액은 순직 소방관 유가족 단체에 전달돼 순직 소방관을 위한 다양한 활동 및 유가족 지원 등에 활용된다.[KT 제공. 재판매 및 DB 금지]▲ KT는 시니어 고객을 위한 맞춤형 가전 구독 서비스 'LG 이지 TV' 시니어 패키지를 출시한다고 3일 밝혔다. KT가 추진 중인 가전 구독 라인업의 일환으로, 초기 구매 부담을 낮추고 품질보장과 사후 관리를 결합한 구독형 서비스 모델이다. 시니어 모델에 맞게 복잡한 조작 없는 TV 사용, 운동·복약 등 생활 알리미 기능, 원격제어 및 도움 요청 등이 가능하다. 현대해상과의 제휴를 통해 3년간 무료 보험 서비스도 제공한다. (서울=연합뉴스)"
https://n.news.naver.com/mnews/article/047/0002493560?sid=102,2025-11-03 10:44:14,사회,내 정보가 동의 없이 기업 연구에 쓰이는데 막을 방법 없다,"[광장에 나온 판결] SKT 가입자들의 개인정보 가명처리 정지 요구 소송에 대한 대법원의 파기환송 판결나의 정보가 동의 없이 기업의 연구에 사용된다면 어떨까요? 2020년 개인정보 보호법 개정으로 가명처리만 하면 정보주체인 우리의 동의 없이 개인정보를 과학적 연구나 통계작성에 활용할 수 있게 되었습니다. 기업의 사익을 위한 연구도 '과학적 연구'에 포함됐죠. 내 정보가 마구잡이로 활용되지 않도록 막을 수 있는 유일한 방법은, 동의 없는 활용의 전제인 '가명처리' 단계에서 처리 정지를 요구하는 것입니다.하지만 SKT는 처리정지 요구를 거부했고, 시민사회단체 활동가들은 정보주체의 '처리정지권'을 보장하라며 소송을 내기에 이르렀습니다. 1심과 2심 법원은 모두 정보주체의 손을 들어주며, 처리정지권을 인정해야 한다고 밝혔습니다. 그러나 대법원은 '데이터 신산업 육성'을 이유로 들며, 정보주체의 기본권을 봉쇄하는 파기환송 판결을 내렸습니다. 11월 7일 파기환송심 선고를 앞둔 지금, 정보주체의 권리를 위한 정의로운 판결을 요구하며 오병일 디지털정의네트워크 대표가 대법원 파기환송 판결의 문제점을 짚어봅니다.대법원 마용주(재판관), 서경환(주심), 노태악, 신숙희 대법관 2025.7.18. 선고 2024다210554정보주체에게 '처리정지권'이 중요한 이유2020년에 개인정보 보호법은 크게 개정되었다. 개인정보 감독기구인 개인정보보호위원회를 중앙행정기관으로 격상함으로써 개인정보 보호를 강화하는 동시에, 과학적 연구, 통계작성 등의 목적으로 정보주체의 동의 없이 가명처리된 개인정보를 활용할 수 있도록 허용하였다.그러나 개정법은 빅데이터 산업 육성을 위해 개인정보 보호 수준을 지나치게 완화한 것으로 비판받았다. 첫째, 개정법은 과학적 연구를 '과학적 방법을 적용하는 연구'로 정의함으로써, 신상품 개발을 위한 기업의 연구를 포함하여 연구라고 주장하는 모든 연구로 동의 없는 활용 범위를 확대했다.둘째, 유럽연합의 경우 과학적 연구 목적으로 활용할 경우에도 가능할 경우 정보주체의 권리를 보장하도록 했지만, 개정법은 정보주체의 권리(예를 들어, 수집출처 등 고지받을 권리, 개인정보 파기, 개인정보 유출통지, 열람권, 정정·삭제에 관한 권리, 처리정지 요구권 등)를 아예 제한하였다.그런데 정보주체인 이용자는 아무리 과학적 연구 목적이라고 할지라도, 자신의 개인정보가 자신의 가치관에 위배되는 방식으로 활용되는 것을 원하지 않을 수 있다.예를 들어, 자신의 개인정보가 시민과 노동자를 감시하거나 사회적 소수자를 차별하는 기술 개발에 활용되는 것을 원하지 않을 수 있고, 또는 가명정보가 제3자에게 제공되어 남용될 가능성을 우려할 수도 있다.하지만 현행 개인정보 보호법은 개인정보 처리자가 자신의 개인정보를 가명처리하여 과학적 연구 목적으로 활용하고자 할 경우, 정보주체가 이에 대해 동의할지 여부를 선택할 수 없을 뿐만 아니라, 가명정보에 대해서는 자신의 개인정보를 처리하지 말아 달라고 거부할 권리도 제한하고 있는 것이다.이러한 상황에서 이용자가 선택할 수 있는 유일한 방법은 '사전에' 자신의 개인정보를 과학적 연구 목적 활용을 위해 가명처리하지 말아 달라고 요구하는 것뿐이다. 개인정보 보호법 제37조는 정보주체가 개인정보처리자에 대하여 자신의 개인정보 처리의 정지를 요구할 권리(처리정지권)를 보장하고 있다.SKT에 대한 처리정지권 소송의 경과2020년 개인정보 보호법 개정 이후, 과학적 연구를 명분으로 한 개인정보의 목적 외 활용에 대응하기 위한 수단으로 시민사회단체 활동가들은 통신 3사에 대해 자신의 개인정보를 과학적 연구 목적으로 가명처리하는 것에 대한 처리정지를 청구하였다.그러나 통신 3사 모두 이 요구를 거부했으며, 이에 KT에 대해서는 분쟁조정 신청을, LGU+에 대해서는 개인정보 침해신고를, SKT에 대해서는 처리정지이행청구 소송을 제기하였다.개인정보 분쟁조정위원회는 개인정보의 가명처리 정지를 이행하도록 조정하였고, KT는 이 조정안을 수락하였다. 그러나 LGU+의 경우에는 활동가들의 개인정보 침해신고를 접수한 개인정보 침해신고센터가 정보주체의 권리를 제대로 구제하지 못하는 엉뚱한 답변을 했기 때문에 제대로 해결되지 못했다.SKT에 제기된 소송의 경우 1심(서울중앙지방법원 2023. 1. 9. 선고 2021가합509722)과 항소심(서울고등법원 2023.12.20 선고 2023나2009236) 모두 정보주체의 손을 들어주었다. 항소심 재판부는 가명처리가 되지 않은 개인정보에 대해서는 처리정지권이 배제되지 않는다는 것과, 이를 인정하지 않을 경우 ""정보주체가 개인정보처리자에 대하여 가명정보에 대한 개인정보자기결정권을 행사할 수 있는 방법이 원천적으로 봉쇄되는 부당한 결론에 이르게 된다""는 점을 지적하였다.그런데 2025년 7월 18일 대법원은 원심 법원의 판결을 뒤집으며 파기환송하였다. ""정보주체가 가명정보에 대한 개인정보자기결정권을 행사할 수 있는 방법을 원천적으로 봉쇄하는 부당한 결론""을 낸 것이다.'가명처리'는 개인정보 처리가 아니다?대법원이 원심 판결을 뒤집기 위해 무슨 대단한 논거를 제시한 것도 아니다. 대법원은 개인정보의 '처리'와 '가명처리'는 개념적으로 구분되며, 따라서 제37조에서 처리정지 요구의 대상으로 정한 개인정보의 '처리'에 해당하지 않는다고 본 것이다.판결문 제3쪽 내지 제4쪽그러나 원심의 판단은 다음과 같은 이유에서 그대로 수긍하기 어렵다.1) … (중략) … 같은 법 제2조는 ""가명정보""를 '가명처리함으로써 원래의 상태로 복원하기 위한 추가 정보의 사용ㆍ결합 없이는 특정 개인을 알아볼 수 없는 정보'(제1호 다목)로, ""가명처리""를 '개인정보의 일부를 삭제하거나 일부 또는 전부를 대체하는 등의 방법으로 추가 정보가 없이는 특정 개인을 알아볼 수 없도록 처리하는 것'(제1의2호)으로 정의함으로써 ""가명처리""를 같은 법 제2조 제2호의 ""처리""와는 별도로 규정하였다.2) ""가명처리""는 그 개념적 정의에 의하더라도 개인정보에 대한 식별의 위험성을 낮추는 방법이므로, 정보주체에 대한 권리 또는 사생활 침해의 위험을 발생시킬 수 있는 ｢개인정보 보호법｣ 제2조 제2호에서 규정한 여러 유형의 개인정보 ""처리""와는 구별된다.… (중략) …이러한 사정에다가 데이터 관련 신산업 육성이 범국가적 과제로 대두되고 인공지능, 클라우드, 사물인터넷 등 신기술을 활용한 데이터 이용이 필요한 상황에서 데이터의 이용을 활성화하기 위한 가명정보조항의 입법취지를 고려하면, ""가명처리""는 ｢개인정보 보호법｣ 제37조 제1항 제1문에서 처리정지 요구의 대상으로 정한 개인정보 ""처리""에 해당하지 않는다고 보아야 한다.개인정보의 '처리'란 ""개인정보의 수집, 생성, 연계, 연동, 기록, 저장, 보유, 가공, 편집, 검색, 출력, 정정(訂正), 복구, 이용, 제공, 공개, 파기(破棄), 그 밖에 이와 유사한 행위""를 말한다.(제2조 제2호) 즉, 개인정보에 대한 모든 형태의 활용과 변경을 포함한다.당연히 '가명처리'는 이러한 '처리' 양태의 하나이다. 실제로 '가명처리'의 정의를 보면 ""개인정보의 일부를 삭제하거나 일부 또는 전부를 대체하는 등의 방법으로 추가 정보가 없이는 특정 개인을 알아볼 수 없도록 처리하는 것""이라고 정의(제2조 제1의2호)하고 있어, 가명처리 역시 특정한 방식의 개인정보 처리임을 표현하고 있다.비단 우리나라 개인정보 보호법만 그런 것이 아니다. 우리 개인정보 보호법이 과학적 연구 목적의 개인정보 처리 규정을 차용해 온 유럽연합 개인정보 보호법(GDPR) 제4조 제5호는 '가명처리(pseudonymisation)'를 다음과 같이 특정한 방식의 개인정보 처리로 정의하고 있다.'가명처리(pseudonymisation)'란 개인정보가 추가 정보 없이는 특정한 정보주체에게 더 이상 연결될 수 없도록 개인정보를 처리하는 것을 말하며, 이때 그 추가 정보는 별도로 보관되고, 개인정보가 식별되거나 식별 가능한 자연인에게 귀속되지 않도록 보장하기 위한 기술적 및 조직적 조치의 적용을 받는 것을 의미한다.'pseudonymisation' means the processing of personal data in such a manner that the personal data can no longer be attributed to a specific data subject without the use of additional information, provided that such additional information is kept separately and is subject to technical and organisational measures to ensure that the personal data are not attributed to an identified or identifiable natural person;따라서 가명처리는 개인정보 처리의 부분집합이며, 개인정보에 대한 처리정지권은 가명처리에도 적용되어야 한다. 개인정보의 처리와 가명처리가 구별된다는 것은 억지에 불과하다.대법원이 엄밀하게 논증하지는 않았지만 가명처리는 '개인정보에 대한 식별의 위험성을 낮추는 방법'이고 정보주체의 권리를 보호하기 위한 것이므로, 정보주체가 그 처리정지를 요구할 실익이 없다고 주장할 수도 있다. 실제 피고들은 이러한 주장을 펴왔다.그러나 원고들이 처리정지를 요구했던 가명처리는 내 개인정보를 더 안전하게 보관하기 위한 가명처리가 아니었다. 내 개인정보를 과학적 연구라는 명분으로 내 동의 없이 사용하기 위한 사전 요건으로서의 가명처리를 의미한 것이었다. 즉, 핵심은 내 개인정보를 과학적 연구를 명분으로, 애초 수집 목적 외로 처리하지 말라는 것이다.'데이터 신산업 육성' 이유로 정보주체의 기본권 봉쇄한 대법원왜 대법원이 이처럼 허술한 논리로 판결을 했는지 짐작할 수 있는 이유가 판결문에 포함되어 있다. ""데이터 관련 신산업 육성이 범국가적 과제로 대두되고 인공지능, 클라우드, 사물인터넷 등 신기술을 활용한 데이터 이용이 필요한 상황에서 데이터의 이용을 활성화하기 위한 가명정보조항의 입법취지를 고려""했기 때문이다. 우리나라 데이터 산업 발전을 위해 발벗고 나선 대법관님들의 노력이 가상하다고 해야 할까? 하지만 자신의 기본권을 봉쇄당한 이용자들은 어디에 호소를 해야 할까.올해 SKT에서 2700만여 건에 달하는 유심정보가 유출되어 전 국민의 공분을 샀다. 이미 오래전부터 공격자에 의해 악성코드가 심어져 있었음에도 불구하고 SKT는 이를 인지하지 못했다. 이용자의 개인정보를 어떻게 활용하여 수익을 낼 것인가에만 관심이 있을 뿐, 이용자 개인정보 보호에는 제대로 투자하지 않은 것이다.처리정지권 소송만 보더라도, 일부 정보주체의 요구를 수용하는 데 들었을 비용보다 훨씬 더 많은 변호사 비용을 지불하면서 소송을 대법원까지 끌고 간 것을 보면, 정보주체의 권리는 도저히 인정하지 못하겠다는 SKT의 아주 강력한 의지를 읽을 수 있다. 그리고 대법원은 파렴치한 통신사의 손을 들어주었다.사실 대법원은 국회의 입법취지를 잘못 이해하고 있다. '가명정보 처리에 관한 특례'가 개인정보인 데이터의 이용을 활성화하기 위한 목적인 것은 맞지만, 처음에 발의되었던 안은 '가명정보의 처리'에 대한 정보주체의 권리를 제한(제28조의7)했을 뿐 아니라, '가명처리'에 대해서도 정보주체의 권리를 제한하는 조항을 포함하고 있었다.국회 논의 과정에서 이 부분이 삭제되었다는 것은 가명처리는 개인정보의 처리이기 때문에, 개인정보에 대해서는 정보주체의 권리를 인정하겠다는 것이 입법자들의 의도라는 점을 시사한다.또한, 입법자의 의도와 상관없이, 이처럼 정보주체의 기본권을 완전히 봉쇄하는 것이 헌법적으로 정당한 것인지 의문이다. 일부 정보주체의 처리정지 요구를 수용한다고 해서, 그러한 요구를 하지 않는 대다수 정보주체의 가명정보를 과학적 연구 목적으로 활용할 수 없는 것은 아니기 때문이다. (사실상 큰 영향이 없기 때문에 KT는 분쟁조정위원회의 조정을 수용했을 것이다.)백번 양보하여 만일 연구 결과값이 왜곡될 정도로 많은 정보주체가 처리정지를 요구하는 상황이라면, 그 정도로 이용자의 반발을 야기하는 연구는 수행하지 않는 것이 타당할 것이다.[1심 판결 비평 보기] '가명처리'는 안전조치로 도입되어야 했다 https://omn.kr/22tb3덧붙이는 글 |이 기사는 참여연대 홈페이지와 슬로우뉴스에도 실립니다.글쓴이는 오병일 디지털정의네트워크 대표입니다."
https://n.news.naver.com/mnews/article/016/0002551664?sid=105,2025-11-03 11:16:14,IT/과학,"LGU+, 순직 소방관 추모 ‘119메모리얼런’ 개최","순직소방관 이름 달고 뛰는 마라톤소방청과 공동개최…2300명 참여LG유플러스는 지난 2일 소방청과 함께 순직소방관 추모 마라톤 ‘119메모리얼런’을 개최했다. 대회 참가자들이 전력 질주하고 있다. [LG유플러스 제공]LG유플러스가 소방청과 함께 순직한 소방관들을 추모하는 행사를 개최했다. LG유플러스는 소방청과 함께 개최한 순직소방관 추모 마라톤 ‘119메모리얼런’이 2300여 명의 참가자를 모으며 성황리에 종료됐다고 3일 밝혔다.119메모리얼런은 지난 2일 세종시 세종중앙공원에서 열렸다. 참가자들이 자신의 이름과 함께 순직 소방관 1명의 이름과 순직일이 적힌 배번표를 달고 달리며 추모의 의미를 되새기는 방식으로 진행됐다.코스는 소방을 상징하는 11.9㎞와 초심자를 위한 5㎞로 구성됐다. 참가자 가운데 약 80%는 11.9㎞를 선택하며 추모의 의미를 더했다.이날 마라톤에는 현직 소방관 119명도 함께 참여해 순직한 동료를 추모했다. 행사에 참여한 김동현 세종북부소방서 소방장은 2020년 충북 충주시 수해현장에 출동했다가 순직한 고(故) 송성한 소방교를 추모하며 “5년이 넘은 지금까지도 저희 동기들은 그가 떠났다는 것이 믿기지 않고 그를 생각하면 눈물이 먼저 앞선다”고 말하기도 했다. 김 소방장은 배번표에 송 소방교의 이름을 달고 코스를 완주했다.행사 시작 전 국민의례에서는 LG유플러스의 AI 음성합성 기술을 활용해 복원된 순직 소방관들의 목소리로 국기에 대한 경례가 진행됐다. 이날 목소리는 지난해 1월 경북 문경시의 한 공장에서 화재를 진압하던 중 순직한 고 김수광 소방장과 2019년 독도에서 응급환자를 이송하던 중 헬기가 추락하면서 순직한 고 박단비 소방교의 생전 음성을 기반으로 제작됐다.마라톤 참가자들은 HSAD의 재능기부로 디자인된 추모 티셔츠, 소방관 폐방화복을 재활용해 제작한 기능성 양말, ‘119메모리얼데이’가 새겨진 완주 메달 등을 기념품으로 받았다. 완주 메달에는 완주자 이름과 기록 등을 각인할 수 있도록 별도의 부스도 운영됐다.박경중 LG유플러스 대외협력담당(상무)은 “국민의 생명을 지키다 순직한 소방관들의 숭고한 희생을 모두가 함께 기억하는 문화가 확산되길 바란다”고 말했다. 박혜림 기자"
https://n.news.naver.com/mnews/article/003/0013577427?sid=105,2025-11-03 14:12:04,IT/과학,"""해킹 후폭풍에"" KT·LGU+, 돌아선 가입자…번호이동 이탈","SKT 순증 유지했지만 규모 축소…알뜰폰, 순증 전환뒤늦게 해킹 사태 부각된 KT·LGU+ 가입자 순감[서울=뉴시스] 배훈식 기자 = 지난 7월 13일 서울 서대문구의 한 이동통신 판매점에 이동통신 3사 로고가 붙어 있다. 2025.07.13. dahora83@newsis.com[서울=뉴시스]박은비 기자 = 뒤늦게 해킹 사태가 수면 위로 드러난 KT와 LG유플러스의 지난 10월 번호이동 가입자가 순감한 것으로 나타났다. 상반기 유심 정보 해킹 사고로 먼저 뭇매를 맞은 SK텔레콤은 회복세를 이어가고 있지만 직전달보다 증가세가 완만해졌다.3일 한국통신사업자연합회(KTOA)의 이동전화 번호이동자수 현황에 따르면 지난달 이동통신3사 이동건수는 60만66건에 그쳤다. 전월(64만3875건) 대비 4만3809명(6.8%) 줄어든 수치다.올해 4월 SK텔레콤 유심 해킹 사고로 크게 들썩였던 번호이동 시장은 지난 7월 95만명 넘게 통신사를 옮긴 뒤 이탈세가 잦아들고 있다. 이는 시장 경쟁 약화로 받아들여진다. 이동통신사들이 현 시점에 굳이 막대한 마케팅 비용을 들여 타사 가입자를 뺏어올 필요성을 느끼지 못한다는 의미다.사업자별로 살펴보면 해킹 후폭풍이 일부 반영되면서 엇갈린 흐름을 보였다. 당초 알려진 것보다 무단 소액결제 피해가 확산된 KT의 경우 순감 규모가 확대됐다. 지난 9월 2992명 순감했던 KT는 지난달 6523명 순감한 것으로 나타났다.뒤늦게 해킹 정황을 신고한 LG유플러스도 199명 순감 전환했다. LG유플러스는 미 보안 전문지 프랙이 지난 8월 의혹을 제기한 계정 권한 관리 시스템(APPM) 침해 사실이 없다고 했다가 오해를 해소하는 차원에서 지난달 23일 한국인터넷진흥원(KISA)에 신고서를 접수했다고 밝힌 바 있다.이통3사 중 SK텔레콤만 순증세를 이어갔다. 다만 지난달 4389명이 늘었지만 직전달(1만3224명)보다 순증 규모는 줄었다. SK텔레콤은 KT와 LG유플러스가 주춤하는 사이 중저가 단말 대상 보조금을 기존보다 2배 이상 늘리는 방식으로 일부 마케팅에 나섰던 것으로 전해졌다.지난달 사업자별 번호이동 점유율은 SK텔레콤, KT, LG유플러스, 알뜰폰이 각 18.8%, 17.6%, 18.1%, 45.5%로 집계됐다. 알뜰폰으로의 이동이 많지만 비교적 균일한 점유율을 보이고 있다는 게 협회 설명이다.직전달 1만5000명 가까이 순감했던 알뜰폰은 지난달 6만8271명이 유입돼 2333명 순증했다.이와 관련 알뜰폰 업계 관계자는 ""직전달 (가입자수가) 떨어진 게 있어서 알뜰폰 사업자 전체적으로 요금제가 저렴하게 인식되게끔 활동을 한 것으로 안다""며 ""특별한 정책적인 변화가 있었던 건 아니었다""고 설명했다．"
https://n.news.naver.com/mnews/article/241/0003475218?sid=105,2025-11-03 15:15:20,IT/과학,LGU+ 순직 소방관 추모 마라톤 성료…2300여 명 참여,"LG유플러스는 소방청과 함께 개최한 순직 소방관 추모 마라톤 '119메모리얼런'에 2300여 명이 몰리며 성료했다고 3일 밝혔다.지난 2일 세종시 세종중앙공원에서 열린 '119메모리얼런'은 참가자들이 자신의 이름과 함께 순직 소방관 1명의 이름 및 순직일이 적힌 배번표를 달고 달리며 추모의 의미를 되새기는 방식으로 진행됐다.코스는 소방을 상징하는 11.9㎞와 초심자를 위한 5㎞로 구성됐는데, 참가자 중 약 80%가 11.9㎞를 선택했다.이번 마라톤에는 현직 소방관 119명도 참여했다. 김동현 세종북부소방서 소방장은 2020년 충북 충주시 수해 현장에 출동했다가 순직한 고 송성한 소방교를 추모하며 ""5년이 지난 지금까지도 그가 떠났다는 것이 믿기지 않고, 그를 생각하면 눈물이 먼저 앞선다""고 전했다. 김 소방장은 배번표에 송 소방교의 이름을 달고 코스를 완주했다.마라톤 참가자들은 HSAD의 재능 기부로 디자인된 추모 티셔츠, 소방관 폐방화복을 재활용해 제작한 기능성 양말, '119메모리얼데이'가 새겨진 완주 메달 등을 기념품으로 받았다.LG유플러스와 소방청은 이날 행사로 모은 참가비 전액을 순직 소방관 유가족 단체 '소방가족 희망나눔'에 전달할 예정이다.박경중 LG유플러스 대외협력담당은 ""국민의 생명을 지키다 순직한 소방관들의 숭고한 희생을 모두가 함께 기억하는 문화가 확산되길 바란다""며 ""소방관들의 헌신에 보답하는 길에 LG유플러스가 앞장서겠다""고 말했다.정길준 기자 kjkj@edaily.co.kr"
https://n.news.naver.com/mnews/article/092/0002396650?sid=105,2025-11-03 15:18:07,IT/과학,"""순직 소방관을 가슴에""…LGU+·소방청 ‘119메모리얼런’ 가보니","시민 2천300명·현직 소방관 119명 마라톤 동참…참가비 전액 '소방가족 희망나눔' 전달순직 소방관의 숭고한 희생을 기리는 뜻깊은 마라톤 행사가 열려 2천명이 넘는 시민들이 동참했다. 현장에 모인 100명이 넘는 현직 소방관들은 안타깝게 세상을 떠난 동료들을 추모해 행사의 의미와 감동을 더했다.지난 2일 오전 세종 중앙공원에서는 LG유플러스와 소방청이 공동 주최한 '119메모리얼런' 행사가 진행됐다. 이날 현장에는 약 2천300명의 시민과 119명의 현직 소방관이 참여했다. 이들은 자신의 이름과 함께 순직 소방관 1명의 이름·순직일이 적힌 배번표를 달고 달리며 추모의 의미를 되새겼다.LG유플러스는 지난 2일 세종 중앙공원에서 소방청과 순직소방관 추모 마라톤 '119메모리얼런'을 개최했다.행사 시작 전 국민의례에서는 LG유플러스의 AI 음성합성 기술을 활용해 복원된 순직 소방관들의 목소리로 국기에 대한 경례가 진행됐다.이날 목소리는 지난해 1월 경북 문경시의 한 공장에서 화재를 진압하던 중 순직한 고 김수광 소방장과 지난 2019년 독도에서 응급환자를 이송하던 중 헬기가 추락하면서 순직한 고 박단비 소방교의 생전 음성을 기반으로 제작됐다.이날 코스는 소방을 상징하는 11.9km와 초심자를 위한 5km로 구성됐다. 참가자 중 약 80%는 11.9km를 선택했다.이번 행사에서는 현직 소방관들의 참여가 특히 눈에 띄었다. 이들은 마라톤 행사에 맞춰 가벼운 복장으로 나선 시민들과 달리, 소방관들은 방한복, 산소통 등 실제 현장 복장을 착용한 채 코스에 나섰다.김동현 세종북부소방서 소방장은 2020년 충북 충주시 수해현장에 출동했다가 순직한 고(故) 송성한 소방교를 추모하며 “5년이 넘은 지금까지도 저희 동기들은 그가 떠났다는 것이 믿기지 않고 그를 생각하면 눈물이 먼저 앞선다”고 말했다.시민과 함께 실제 근무 복장을 착용한 현직 소방관이 달리고 있다.“함께 해주셔서 감사합니다. 안전하게 완주하시길 응원합니다”오전 9시, 출발선에 선 참가자들은 서로에게 격려의 말을 나누며 출발 신호를 기다렸다. 신호음이 울리자, 이들은 순직 소방관의 이름과 함께 달렸다.마라톤을 완주한 참가자에게는 에이치에스애드(HSAD)의 재능기부로 디자인된 추모 티셔츠, 소방관 폐방화복을 재활용해 제작한 기능성 양말, '119메모리얼데이'가 새겨진 완주 메달 등이 기념품으로 제공됐다.시민들이 '미션 방화복 입기' 부스에서 체험하고 있는 모습.같은 날 현장에서는 마라톤 행사 외에도 순직 소방관 추모문화제 ‘119메모리얼데이’가 개최됐다. 이 행사는 각종 전시, 콘서트, 체험 부스 등 참여형 프로그램으로 구성됐다.행사장 중앙에는 ‘메모리얼 갤러리’가 운영돼 웹툰작가 키크니가 소방관들의 사연을 모은 '사연툰'과 다양한 작품들이 전시됐다.이외에도 소방 구조견을 만날 수 있는 부스를 비롯한 소방특수장비 체험, 미션 방화복 입기 등 다채로운 체험 공간들은 가족·친구·연인 단위로 방문한 시민들의 눈길을 끌었다.LG유플러스와 소방청은 이날 행사를 통해 모은 참가비 전액을 순직 소방관 유가족 단체 '소방가족 희망나눔'에 전달할 예정이다. 이 금액은 순직 소방관을 위한 다양한 활동 및 유가족 지원 등에 활용된다.박경중 LG유플러스 대외협력담당은 ""국민의 생명을 지키다 순직한 소방관들의 숭고한 희생을 모두가 함께 기억하는 문화가 확산되길 바란다”며 “소방관들의 헌신에 보답하는 길에 LG유플러스가 앞장서겠다”고 말했다."
https://n.news.naver.com/mnews/article/117/0004005012?sid=105,2025-11-03 16:17:08,IT/과학,"해킹에도 요지부동…10월 통신시장, 번호이동 6.8% 감소","통신 3사 해킹 사태에도 시장 안정…알뜰폰은 6만명 유입SKT 중저가 단말 보조금 확대, KT·LGU+는 소폭 순감서울시내 한 휴대폰 대리점 앞으로 시민이 지나가고 있다. /뉴시스[마이데일리 = 박성규 기자] 잇따른 해킹 사태에도 10월 이동통신 시장은 큰 변동 없이 잠잠했다. 통신 3사 모두 보안 논란을 겪었지만, 이용자 이탈이나 번호이동 쏠림 현상은 나타나지 않았다.3일 한국통신사업자연합회(KTOA)에 따르면 10월 휴대폰 번호이동 건수는 60만66건으로, 9월 64만3875건보다 6.8%(4만3809명) 줄었다. 통신 시장이 해킹 여파보다 안정적 소비 행태를 보였다는 분석이다.KT는 무단 소액결제 사태 이후 6523명 순감했다. LG유플러스도 해킹 정황 신고가 늦어진 영향으로 199명 감소하며 소폭 순감세를 보였다. 다만 이는 지난 4월 SK텔레콤이 해킹 사고 후 전 가입자 위약금 면제 조치로 95만명 이상 이탈했던 당시와 비교하면 미미한 수준이다.SK텔레콤만 유일하게 가입자 증가세를 이어갔다. 10월 순증 규모는 4389명으로, 직전달(1만3224명)보다 절반가량 줄었지만 여전히 플러스 전환을 유지했다. 업계에 따르면 SK텔레콤은 중저가 단말 보조금을 두 배 가까이 늘리며 시장 점유율 방어에 나선 것으로 전해졌다.사업자별 번호이동 점유율은 SK텔레콤 18.8%, KT 17.6%, LG유플러스 18.1%, 알뜰폰 45.5%로 집계됐다. 특히 9월 1만5000명 가까이 빠져나갔던 알뜰폰은 지난달 6만8271명 신규 유입으로 전환하며 2333명 순증했다.통신업계 관계자는 “통신 보안 이슈가 잇따랐지만, 이용자들이 당장 이탈로 움직이진 않았다”며 “소비자들은 해킹 대응보다 요금제·단말 혜택을 더 중요하게 판단하는 경향이 뚜렷해지고 있다”고 말했다."
https://n.news.naver.com/mnews/article/421/0008582438?sid=105,2025-11-03 17:28:12,IT/과학,10월 번호이동 KT·LGU+ 순감…SKT 증가세,"이통 3사 대리점 2022.12.23/뉴스1(서울=뉴스1) 김민수 기자 = KT와 LG유플러스의 지난 10월 번호이동 가입자가 순감했다. SK텔레콤은 회복세를 이어갔지만, 직전 달 대비 증가세가 완만해졌다.3일 한국통신사업자연합회(KTOA)의 이동전화 번호이동자수 현황에 따르면 지난달 이동통신3사 이동 건수는 60만 66건으로 집계됐다. 이는 직전 달(64만 3975건) 대비 4만 3809명(6.8%) 감소한 수치다.사업자별로 살펴보면 무단 소액결제 사태를 겪은 KT의 순감 규모는 커졌다. 지난 9월 2992명 순감했던 KT는 10월에는 6523명 순감한 것으로 나타났다. 해킹 정황을 뒤늦게 신고한 LG유플러스는 199명 순감으로 돌아섰다.SK텔레콤은 순증세를 이어갔다. 다만 지난달 4389명 늘었지만, 지난 9월(1만 3224명)보다 순증 규모가 감소했다.사업자별 번호이동 점유율은 SK텔레콤, KT, LG유플러스, 알뜰폰이 각 18.8%, 17.6%, 18.1%, 45.5%로 나타났다. 지난 9월 1만 5000명 가까이 순감한 알뜰폰은 지난달 6만 8271명이 유입되면서 2333명 순증했다."
https://n.news.naver.com/mnews/article/014/0005428969?sid=105,2025-11-03 18:16:21,IT/과학,LGU+ 순직소방관 추모 마라톤 2300여명 완주,"LG유플러스는 소방청과 함께 개최한 순직소방관 추모 마라톤 '119메모리얼런'이 2300여명의 참가자를 모으며 성황리에 종료됐다고 3일 밝혔다.지난 2일 세종시 세종중앙공원에서 열린 '119메모리얼런'은 참가자들이 자신의 이름과 함께 순직 소방관 1명의 이름 및 순직일이 적힌 배번표를 달고 달리며 추모의 의미를 되새기는 방식으로 진행됐다. 코스는 소방을 상징하는 11.9km와 초심자를 위한 5km로 구성됐는데, 참가자 중 약 80%가 11.9km를 선택했다. 특히 이번 마라톤에는 현직 소방관 119명도 함께 참여해 순직한 동료를 추모했다. 이날 행사에 참여한 김동현 세종북부소방서 소방장은 2020년 충북 충주시 수해현장에 출동했다가 순직한 고(故) 송성한 소방교를 추모하며 ""5년이 넘은 지금까지도 저희 동기들은 그가 떠났다는 것이 믿기지 않고 그를 생각하면 눈물이 먼저 앞선다""고 말하기도 했다. 김 소방장은 배번표에 송 소방교의 이름을 달고 코스를 완주했다.행사 시작 전 국민의례에서는 LG유플러스의 AI 음성합성 기술을 활용해 복원된 순직 소방관들의 목소리로 국기에 대한 경례가 진행됐다. 이날 목소리는 지난해 1월 경북 문경시의 한 공장에서 화재를 진압하던 중 순직한 고 김수광 소방장과 지난 2019년 독도에서 응급환자를 이송하던 중 헬기가 추락하면서 순직한 고 박단비 소방교의 생전 음성을 기반으로 제작됐다.마라톤 참가자들은 HSAD의 재능기부로 디자인된 추모 티셔츠, 소방관 폐방화복을 재활용해 제작한 기능성 양말, '119메모리얼데이'가 새겨진 완주 메달 등을 기념품으로 받았다. 완주 메달에는 완주자 이름과 기록 등을 각인할 수 있도록 별도 부스도 운영됐다."
https://n.news.naver.com/mnews/article/011/0004551533?sid=105,2025-11-04 08:59:09,IT/과학,LG트윈스 통합우승 모자 경품 떴다…‘역대급 이벤트’ 나선 LGU+,"윈윈 페스티벌 등 진행11월 11일 ‘윈윈데이’에 제공하는 대표 혜택 ‘파리바게뜨’ 매장에서 모델이 LG트윈스 우승을 축하하고 있다. 사진제공=LG유플러스[서울경제]LG유플러스가 LG트윈스의 프로야구 한국시리즈 우승을 기념해 ‘윈윈 페스티벌’을 포함한 다양한 이벤트와 혜택을 준비했다고 4일 밝혔다.이번 윈윈 페스티벌에서는 통합 우승 모자를 경품으로 준비해 이벤트 진행 전부터 팬들의 기대를 받고 있다. 참여 방법은 오는 28일까지 LG유플러스의 고객센터·멤버십 통합 앱 ‘U+One(유플러스원)’ 유플투쁠 이벤트 페이지에 우승 기념 소감을 남기면 된다.이벤트 참여 대상은 LG유플러스 모바일을 5년 이상 이용한 장기 고객 및 멤버십 등급 VIP 이상 고객이다. 응모 고객 대상으로 추첨을 통해 △2025 LG트윈스 어센틱 정규시즌 우승 모자(50명)를 포함해 △LG생활건강 벨먼 센티드모먼트플로럴 세트(1만명) △LG생활건강 풋샴푸(1만명) △컴포즈커피 아메리카노 1인당 10장(1.5만명)과 같은 풍성한 경품을 선물한다.LG유플러스 멤버십 프로그램 ‘유플투쁠’도 LG트윈스 우승에 맞춰 11월 11일을 윈윈데이 지정하고, 풍성한 혜택을 준비했다. 그동안 등급별로 혜택을 나눠 제공하던 것을 2025년 우승을 기념해 등급 구분 없이 모든 등급 동일하게 ‘25혜택’을 제공한다. 상세 혜택으로는 △아웃백 25% 할인 △파리바게뜨 25% 할인 △공차 2500원 할인 △다이소 2500원 금액권 등이 있다.11월 유플투쁠데이에는 LG트윈스 우승 기념 축하 자리에서 사용할 수 있는 쿠폰을 증정하는 ‘외식 페스타’도 함께 진행한다. 대표적인 외식 혜택으로는 △17일 ‘배달의 민족X이삭토스트(8000원 할인)’ △18일 ‘매드포갈릭(고르곤졸라 피자 무료)’ △19일 ‘스타벅스(별 리워드 8개 제공) △20일 ‘청기와타운(육회 1인분 무료 제공)’ 등이 있다.장준영 LG유플러스 마케팅전략담당(상무)은 “2년 만에 LG트윈스가 통합 우승해 이 기쁨을 LG유플러스 고객들과 나눌 수 있어 기쁘다”며 “LG트윈스 팬들과 LG유플러스 고객 모두가 좋아할 만한 혜택으로 준비했으니 새롭게 선보인 U+One(유플러스원)에서 풍성한 멤버십 혜택을 경험해보시길 바란다”고 말했다."
https://n.news.naver.com/mnews/article/417/0001111017?sid=105,2025-11-04 09:00:00,IT/과학,'LG트윈스 우승' 기념 LG U+가 쏜다… '윈윈 페스티벌',"11일 '윈윈데이' 멤버십 등급 구분 없이 아웃백·다이소·파리바게뜨 '25혜택' 제공LG유플러스가 LG트윈스의 프로야구 한국시리즈 우승을 기념해 ‘윈윈 페스티벌’을 포함한 다양한 이벤트와 혜택을 준비했다. 사진은 11월11일 ‘윈윈데이’에 제공하는 대표 혜택 ‘파리바게뜨’ 매장에서 LG트윈스 우승을 축하하는 모습. /사진=LG유플러스LG유플러스가 LG트윈스의 프로야구 한국시리즈 우승을 기념해 '윈윈 페스티벌'을 포함한 다양한 이벤트와 혜택을 준비했다.이번 윈윈 페스티벌에서는 통합 우승 모자를 경품으로 준비해 이벤트 진행 전부터 팬들의 기대를 받고 있다. 해당 모자는 29년 만에 통합 우승을 했던 2023년 당시 품절 대란까지 일어난 바 있다. 참여 방법은 이번달 28일까지 LG유플러스의 고객센터·멤버십 통합 앱 'U+One(유플러스원)' 유플투쁠 이벤트 페이지에 우승 기념 소감을 남기면 된다.이벤트 참여 대상은 LG유플러스 모바일을 5년 이상 이용한 장기 고객 및 멤버십 등급 VIP 이상 고객이다. 응모 고객 대상으로 추첨을 통해 ▲2025 LG트윈스 어센틱 정규시즌 우승 모자(50명)를 포함해 ▲LG생활건강 벨먼 센티드모먼트플로럴 세트(1만명) ▲LG생활건강 풋샴푸(1만명) ▲컴포즈커피 아메리카노 1인당 10장(1.5만명)과 같은 풍성한 경품을 선물한다.LG유플러스 멤버십 프로그램 '유플투쁠'도 LG트윈스 우승에 맞춰 11월11일을 윈윈데이 지정하고 풍성한 혜택을 준비했다. 그동안 등급별로 혜택을 나눠 제공하던 것을 2025년 우승을 기념해 등급 구분 없이 모든 등급 동일하게 '25혜택'을 제공한다. 상세 혜택으로는 ▲아웃백 25% 할인 ▲파리바게뜨 25% 할인 ▲공차 2500원 할인 ▲다이소 2500원 금액권 등이 있다.윈윈데이뿐만 아니라 11월 유플투쁠데이에는 LG트윈스 우승 기념 축하 자리에서 사용할 수 있는 쿠폰을 증정하는 '외식 페스타'도 함께 진행한다. 대표적인 외식 혜택으로는 ▲17일 '배달의 민족X이삭토스트(8000원 할인)' ▲18일 '매드포갈릭(고르곤졸라 피자 무료)' ▲19일 '스타벅스(별 리워드 8개 제공) ▲20일 '청기와타운(육회 1인분 무료 제공)' 등이 있다.가을 야구가 끝나 아쉬운 팬들을 위해 가을 나들이 혜택도 함께 준비했다. 상세 혜택은 ▲11일 '서울랜드(파크이용권 55%할인)' ▲17일 '판타와 지노의 공룡탐험전(30% 할인)' ▲27일 'NOL티켓 (공연/전시 35% 할인)' ▲27일 '아니메쥬와 지브리전(30% 할인)' 등이 있다.11월에 새롭게 추가된 제휴사도 있다. ▲19일 '리디(포인트 3000원 증정)' ▲21일 '오피스디포(오프라인 직영점 5000원 할인)' ▲25일 '마켓비(가구/리빙 기획전 제품 최대 20% 할인)' 등 고객의 일상에 도움이 되는 혜택으로 준비했다.장준영 LG유플러스 마케팅전략담당(상무)은 ""2년 만에 LG트윈스가 통합 우승해 이 기쁨을 LG유플러스 고객들과 나눌 수 있어 기쁘다""며 ""LG트윈스 팬들과 LG유플러스 고객 모두가 좋아할 만한 혜택으로 준비했으니 새롭게 선보인 U+One(유플러스원)에서 풍성한 멤버십 혜택을 경험해보시길 바란다""고 말했다."
https://n.news.naver.com/mnews/article/008/0005272919?sid=105,2025-11-04 09:00:00,IT/과학,"LGU+, AWS와 AI로 네트워크 소프트웨어 자동 설치 기술 개발","LG유플러스 직원들이 Agentic AI를 활용해 클라우드 네이티브 네트워크 소프트웨어를 설치하고 있다. /사진=LG유플러스LG유플러스가 AWS(아마존웹서비스)와 협력해 스스로 판단하고 실행하는 '에이전틱 AI(인공지능)' 기반의 네트워크 소프트웨어 자동 설치 기술을 개발했다고 4일 밝혔다. 이번 기술은 설치 시간을 기존 대비 최대 80%까지 단축할 수 있을 것으로 기대되며, 네트워크 자동화의 새 전기를 마련했다는 평가다.양사가 개발한 기술은 클라우드 환경에서 네트워크 장비처럼 작동하는 '클라우드 네이티브 네트워크 소프트웨어'를 대상으로 한다. 기존에는 각 영역의 전문 엔지니어가 수작업으로 설치 과정을 진행했다. 새롭게 적용된 에이전틱 AI는 설계 문서를 사전 학습하고 사람이 개입하지 않아도 클라우드 인프라 구축부터 설치, 설정, 오류 해결까지 전 과정을 자동으로 수행한다.이번 기술 개발에는 AWS의 생성형 AI 플랫폼 'Amazon Bedrock'과 'Strands-Agents SDK'가 활용됐다. 여러 AI 에이전트가 협력해 복잡한 소프트웨어 설치 작업을 분담하고 반복 테스트를 자동화함으로써, 개발과 검증에 소요되는 시간과 리소스를 대폭 줄일 수 있었다는 설명이다.특히 에이전틱 AI는 단순 지시 응답을 넘어서 스스로 목적을 설정하고 판단해 실행하는 지능형 AI 기술로, 자율 네트워크 구현의 핵심 기술로 주목받고 있다. LG유플러스는 이를 활용해 향후 '자율 네트워크(Autonomous Network)' 시대를 선도하겠다는 계획이다.이번 기술은 글로벌 네트워크 시장의 AI·클라우드 기반 자율 운영 트렌드에 부합하는 것으로, 특히 기술 지원 역량이 부족한 중소 협력사의 경쟁력 강화에도 기여할 수 있을 것으로 기대된다. 양사는 향후 다양한 파트너사와의 협업을 통해 생태계 확장에도 박차를 가할 계획이다.이상헌 LG유플러스 NW선행개발담당은 ""자율 네트워크의 핵심 기술인 에이전틱 AI를 기반으로 고객 품질 혁신을 한 단계 끌어올릴 수 있을 것으로 기대한다""며 ""앞으로도 고객 중심의 미래 네트워크 기술을 지속 개발해 나가겠다""고 말했다."
https://n.news.naver.com/mnews/article/014/0005429117?sid=105,2025-11-04 09:00:17,IT/과학,"LG U+, AWS와 AI 기반 네트워크 소프트웨어 자동 설치 기술 개발","LG유플러스 직원들이 에이전틱 AI를 활용해 클라우드 네이티브 네트워크 소프트웨어를 설치하는 모습. LG유플러스 제공LG유플러스가 아마존웹서비스(AWS)와 손잡고 스스로 추론하고 판단하는 에이전틱 인공지능(AI)을 활용해 복잡한 클라우드 네이티브 네트워크 소프트웨어를 자동으로 설치하는 기술을 개발했다고 4일 밝혔다. 이 기술을 활용하면 소프트웨어 설치에 걸리는 시간이 기존 대비 최대 80% 가량 단축할 것으로 기대된다는 것이 회사 측 설명이다.‘클라우드 네이티브 네트워크 소프트웨어’는 클라우드 환경에서 실제 네트워크 장비처럼 동작할 수 있도록 코드로 구현된 일종의 가상 장비로, 양사가 새롭게 개발한 기술은 네트워크 장비 소프트웨어를 에이전틱AI가 자동으로 설치하는 것이 핵심이다.양사는 여러 AI 에이전트가 협력해 복잡한 네트워크 소프트웨어 설치 과정을 자동화할 수 있도록 AWS가 제공하는 ‘아마존 베드록’과 ‘스트랜즈-에이전트 SDK’를 활용했다. 이를 통해 개발 및 반복적인 테스트에 소요되는 시간을 단축하고 다양한 AI 동작 시나리오를 빠르게 검증했다.‘에이전틱AI’는 단순 응답을 넘어 스스로 판단하고 행동하는 AI 기술이다. 양사는 신기술에 에이전틱AI를 활용하기 위해 소프트웨어의 설계 문서를 사전에 학습시켰다. 그 결과 사람 개입 없이도 클라우드 인프라 구축부터 네트워크 장비의 파라미터 수집·설정·설치·문제 해결까지 전체 과정을 알아서 수행한다. 기존 각 영역별 전문 엔지니어가 모여 수동으로 장비를 설치하는 과정을 AI가 대체하기 때문에 총 소요 시간을 크게 단축할 수 있으며 수작업에서 발생할 수 있는 오류도 최소화할 수 있다.양사는 전세계적으로 클라우드 네이티브 기반 인프라 전환이 가속화되고 있다는 배경을 고려할 때 새롭게 개발한 기술의 효용이 클 것으로 기대했다. 실제로 글로벌 시장은 네트워크의 지능화 및 자율화를 실현하기 위해 클라우드 기반으로 네트워크를 확대하고 있으며 AI를 활용한 자율 운영 체제로 전환을 가속하고 있다.향후 LG유플러스는 다양한 AI 에이전트 기반 기술을 확보해 ‘자율 네트워크’ 시대를 선도할 계획이다. 자율 네트워크는 AI가 네트워크 장비 설치부터 오류 개선까지 모두 자율적으로 수행하는 시스템을 의미한다.이상헌 LG유플러스 NW선행개발담당은 “자율 네트워크의 핵심 기술인 에이전틱 AI를 활용해 한 단계 업그레이드된 고객 품질 혁신이 가능할 것으로 기대된다”며 “고객에 대한 깊은 이해와 높은 기술력으로 고객에게 가장 필요한 핵심 미래 네트워크 기술을 확보하여 밝고 지속 가능한 세상을 만들도록 노력하겠다”고 말했다."
https://n.news.naver.com/mnews/article/016/0002552143?sid=105,2025-11-04 09:00:35,IT/과학,"“설치 시간 80% 단축”…LGU+, AWS와 AI 기반 네트워크 SW 자동 설치 기술 개발","클라우드 네이티브 네트워크 SW 자동설치에이전틱AI 활용총 소요시간 80% 단축, 수작업 오류도 최소화LG유플러스 직원들이 에이전틱AI를 활용해 클라우드 네이티브 네트워크 소프트웨어를 설치하고 있다. [LG유플러스 제공][헤럴드경제=박세정 기자] LG유플러스는 아마존웹서비스(이하 AWS)와 손잡고 스스로 추론하고 판단하는 에이전틱 인공지능(AI)을 활용해 복잡한 클라우드 네이티브 네트워크 소프트웨어를 자동으로 설치하는 기술을 개발했다고 4일 밝혔다.이 기술을 활용하면 소프트웨어 설치에 걸리는 시간이 기존 대비 최대 80%가량 단축할 것으로 회사 측은 기대했다.‘클라우드 네이티브 네트워크 소프트웨어’는 클라우드 환경에서 실제 네트워크 장비처럼 동작할 수 있도록 코드로 구현된 일종의 가상 장비이다. 양사가 새롭게 개발한 기술은 네트워크 장비 소프트웨어를 에이전틱AI가 자동으로 설치하는 것이 핵심이다.양사는 여러 AI 에이전트가 협력해 복잡한 네트워크 소프트웨어 설치 과정을 자동화할 수 있도록 AWS가 제공하는 ‘아마존 베드록(Amazon Bedrock)’과 ‘스트랜드 에이전트(Strands-Agents) SDK’를 활용했다. 이를 통해 개발 및 반복적인 테스트에 소요되는 시간을 단축하고, 다양한 AI 동작 시나리오를 검증했다.‘에이전틱AI’는 단순 응답을 넘어 스스로 판단하고 행동하는 AI 기술이다. 양사는 신기술에 에이전틱AI를 활용하기 위해 소프트웨어의 설계 문서를 사전에 학습시켰다. 그 결과 사람의 개입 없이도 클라우드 인프라 구축부터 네트워크 장비의 파라미터 수집·설정·설치·문제 해결까지 전체 과정을 알아서 수행한다.기존 각 영역별 전문 엔지니어가 모여 수동으로 장비를 설치하는 과정을 AI가 대체하기 때문에 총 소요 시간을 크게 단축할 수 있으며, 수작업에서 발생할 수 있는 오류도 최소화할 수 있다고 회사 측은 설명했다.LG유플러스 직원들이 에이전틱AI를 활용해 클라우드 네이티브 네트워크 소프트웨어를 설치하고 있다. [LG유플러스 제공]회사는 이 기술이 중소 회사의 경쟁력 강화에도 도움이 될 것으로 기대했다. 이번 신기술을 활용하면 기술 장벽이 대폭 낮춰지는 만큼 다양한 파트너사를 발굴하는 데 도움이 될 것으로 예상했다.아울러 양사는 전세계적으로 클라우드 네이티브 기반 인프라 전환이 가속화되고 있는 만큼 새롭게 개발한 기술의 효용이 클 것으로 기대했다. 실제로 글로벌 시장은 클라우드 기반으로 네트워크를 확대하고 있으며, AI를 활용한 자율 운영 체제로 전환을 가속하고 있다.향후 LG유플러스는 이번 기술 이외에도 다양한 AI 에이전트 기반 기술을 확보해 ‘자율 네트워크(Autonomous Network)’ 시대를 선도할 계획이다. 자율 네트워크는 AI가 네트워크 장비 설치부터 오류 개선까지 모두 자율적으로 수행하는 시스템이다.이상헌 LG유플러스 NW선행개발담당은 “자율 네트워크의 핵심 기술인 에이전틱AI를 활용해 한 단계 업그레이드된 고객 품질 혁신이 가능할 것으로 기대된다”며 “고객에 대한 깊은 이해와 높은 기술력으로 고객에게 가장 필요한 핵심 미래 네트워크 기술을 확보하여 밝고 지속 가능한 세 상을 만들도록 노력하겠다”고 밝혔다."
https://n.news.naver.com/mnews/article/008/0005272925?sid=105,2025-11-04 09:00:42,IT/과학,"LGU+, LG트윈스 우승 기념 '윈윈 페스티벌'…멤버십 혜택도 강화","11월 11일 ‘윈윈데이’에 제공하는 대표 혜택 ‘파리바게뜨’ 매장에서 LG트윈스 우승을 축하하는 모습. /사진=LG유플러스LG유플러스는 프로야구 LG트윈스의 통합 우승을 기념해 다양한 고객 감사 이벤트와 멤버십 혜택을 담은 '윈윈 페스티벌'을 진행한다고 3일 밝혔다.2023년 29년 만의 통합 우승을 했을 때 품절 대란이 발생한 '통합 우승 모자'를 경품으로 증정해 야구팬들의 기대감이 높다.오는 28일까지 LG유플러스의 고객센터·멤버십 통합 앱 'U+One(유플러스원)' 유플투쁠 이벤트 페이지에 우승 기념 소감을 남기면 참여할 수 있다. 참여 대상은 LG유플러스 모바일을 5년 이상 이용한 장기 고객 및 VIP 등급 이상 멤버십 고객이다.경품으로는 △2025 LG트윈스 어센틱 정규시즌 우승 모자(50명)를 비롯해 △LG생활건강 벨먼 플로럴 세트(1만명) △풋샴푸(1만명) △컴포즈커피 아메리카노 쿠폰 10매(1만5000명) 등이 준비됐다.멤버십 프로그램 '유플투쁠'도 이번 우승을 맞아 특별한 혜택을 선보인다. 오는 11일을 '윈윈데이'로 지정하고, 멤버십 등급에 관계없이 모두에게 '25혜택'을 제공한다. 주요 혜택은 △아웃백·파리바게뜨 25% 할인 △공차 2500원 할인 △다이소 2500원 금액권 등이다.또 11월 유플투쁠데이에는 외식 쿠폰을 제공하는 '외식 페스타'가 진행된다. △17일 배달의민족X이삭토스트 8000원 할인 △18일 매드포갈릭 고르곤졸라 피자 무료 △19일 스타벅스 별 8개 지급 △20일 청기와타운 육회 1인분 무료 등 다양한 제휴가 포함됐다.아울러 가을 나들이를 위한 제휴 할인 혜택도 마련됐다. △서울랜드(11일) 55% 할인 △공룡탐험전(17일) 30% 할인 △NOL티켓(27일) 35% 할인 △지브리전(27일) 30% 할인 등이다.11월 새롭게 추가된 제휴사 혜택도 있다. △리디(19일) 3000 포인트 증정 △오피스디포(21일) 5000원 할인 △마켓비(25일) 최대 20% 할인 등 고객 일상에 실질적인 도움이 되는 혜택으로 구성됐다.장준영 LG유플러스 마케팅전략 담당(상무)은 ""2년 만에 LG트윈스가 통합 우승한 기쁨을 고객들과 나눌 수 있어 뜻깊다""며 ""U+One 앱을 통해 풍성한 멤버십 혜택을 직접 체험해보시길 바란다""고 말했다."
https://n.news.naver.com/mnews/article/030/0003366380?sid=105,2025-11-04 09:01:13,IT/과학,"LGU+, AWS와 AI 기반 네트워크 SW 자동설치 기술 개발","LG유플러스 직원들이 Agentic AI를 활용해 클라우드 네이티브 네트워크 소프트웨어를 설치하는 모습LG유플러스가 아마존웹서비스(AWS)와 인공지능(AI) 기반 클라우드 네이티브 네트워크 소프트웨어 자동 설치 기술을 개발했다. 소프트웨어 설치에 걸리는 시간이 기존 대비 최대 80%가량 단축할 것으로 기대된다.이번 '클라우드 네이티브 네트워크 소프트웨어'는 클라우드 환경에서 실제 네트워크 장비처럼 동작할 수 있도록 코드로 구현된 일종의 가상 장비다.스스로 추론하고 판단하는 에이전틱AI를 활용해 네트워크 장비 소프트웨어를 자동으로 설치하는 것이 핵심이다.양사는 여러 AI 에이전트가 협력해 복잡한 네트워크 소프트웨어 설치 과정을 자동화할 수 있도록 AWS가 제공하는 'Amazon Bedrock'과 'Strands-Agents SDK'를 활용했다. 이를 통해 개발 및 반복적인 테스트에 소요되는 시간을 단축하고, 다양한 AI 동작 시나리오를 빠르게 검증했다.양사는 신기술에 에이전틱AI를 활용하기 위해 소프트웨어의 설계 문서를 사전에 학습시켰다. 그 결과 사람의 개입 없이도 클라우드 인프라 구축부터 네트워크 장비의 파라미터 수집·설정·설치·문제 해결까지 전체 과정을 알아서 수행한다.기존 각 영역별 전문 엔지니어가 모여 수동으로 장비를 설치하는 과정을 AI가 대체하기 때문에 총 소요 시간을 크게 단축할 수 있으며, 수작업에서 발생할 수 있는 오류도 최소화할 수 있다.이상헌 LG유플러스 NW선행개발담당은 “자율 네트워크의 핵심 기술인 Agentic AI를 활용해 한 단계 업그레이드된 고객 품질 혁신이 가능할 것으로 기대된다”며 “고객에 대한 깊은 이해와 높은 기술력으로 고객에게 가장 필요한 핵심 미래 네트워크 기술을 확보하여 밝고 지속 가능한 세상을 만들도록 노력하겠다”고 밝혔다."
https://n.news.naver.com/mnews/article/003/0013578705?sid=105,2025-11-04 09:04:03,IT/과학,"LGU+, LG트윈스 한국시리즈 우승 기념 '통합 우승 모자' 경품","5년 가입·VIP 멤버십 대상…LG생건 상품 등도 증정11일엔 등급 구분 없이 아웊백·파바 등 25% 할[서울=뉴시스] 황준선 기자 = LG트윈스 주장 박해민(왼쪽부터), 염경엽 감독, 임찬규가 1일 서울 송파구 잠실야구장에서 열린 '한국시리즈 통합우승 IN 잠실' 행사에서 트로피를 들어올리고 있다. 2025.11.01. hwang@newsis.com[서울=뉴시스] 심지혜 기자 = LG유플러스가 LG트윈스의 프로야구 한국시리즈 우승을 기념해 통합 우승 모자를 경품으로 내걸었다.LG유플러스는 '윈윈 페스티벌'을 진행한다고 4일 밝혔다.행사에서는 통합 우승 모자를 경품으로 증정한다. 29년 만에 통합 우승을 했던 2023년 당시에는 품절 대란이 일기도 했다.대상은 LG유플러스 모바일을 5년 이상 이용한 장기 고객 및 멤버십 등급 VIP 이상 고객이다. 이번 달 28일까지 LG유플러스의 고객센터·멤버십 통합 앱 ‘U+One(유플러스원)’ 유플투쁠 이벤트 페이지에 우승 기념 소감을 남기면 된다.LG유플러스는 추첨을 통해 ▲2025 LG트윈스 어센틱 정규시즌 우승 모자(50명)를 포함해 ▲LG생활건강 벨먼 센티드모먼트플로럴 세트(1만명) ▲LG생활건강 풋샴푸(1만명) ▲컴포즈커피 아메리카노 1인당 10장(1만5000명)을 증정한다.LG유플러스 멤버십 프로그램 ‘유플투쁠’도 LG트윈스 우승에 맞춰 11월 11일을 윈윈데이로 지정했다. 등급별로 혜택을 나눠 제공하던 것을 2025년 우승을 기념해 등급 구분 없이 모든 등급 동일하게 제공한다. 구체적으로 ▲아웃백 25% 할인 ▲파리바게뜨 25% 할인 ▲공차 2500원 할인 ▲다이소 2500원 금액권 등이 있다.아울러 ‘외식 페스타’도 함께 진행한다. 대표적인 외식 혜택으로는 ▲17일 ‘배달의 민족X이삭토스트(8000원 할인)’ ▲18일 ‘매드포갈릭(고르곤졸라 피자 무료)’ ▲19일 ‘스타벅스(별 리워드 8개 제공) ▲20일 ‘청기와타운(육회 1인분 무료 제공)’ 등이 있다.야외 활동을 위해 ▲11일 ‘서울랜드(파크이용권 55%할인)’ ▲17일 ‘판타와 지노의 공룡탐험전(30% 할인)’ ▲27일 ‘NOL티켓 (공연·전시 35% 할인)’ ▲27일 ‘아니메쥬와 지브리전(30% 할인)’ 등도 마련했다.장준영 LG유플러스 마케팅전략담당(상무)은 ""2년 만에 LG트윈스가 통합 우승해 이 기쁨을 LG유플러스 고객들과 나눌 수 있어 기쁘다”고 말했다."
https://n.news.naver.com/mnews/article/003/0013578724?sid=101,2025-11-04 09:08:47,경제,"LGU+, AWS와 AI 기반 '네트워크 SW 자동 설치' 기술 개발","LGU+, 기술 개발로 SW 설치 시간 기존보다 80% 단축수작업 발생 오류 최소화…중소 장비회사 경쟁력 제고""AI 에이전트 기반 기술 확보…자율 네트워크 선도할 것""[서울=뉴시스]박은비 기자 = LG유플러스는 아마존웹서비스(AWS)와 스스로 추론하고 판단하는 에이전틱AI로 클라우드 네이티브 네트워크 소프트웨어를 자동으로 설치하는 기술을 개발했다고 4일 밝혔다. 이 기술을 활용하면 소프트웨어 설치에 걸리는 시간이 기존 대비 최대 80% 가량 단축할 수 있다.클라우드 네이티브 네트워크 소프트웨어는 클라우드 환경에서 실제 네트워크 장비처럼 동작할 수 있도록 코드로 구현된 일종의 가상 장비다. 두 회사가 새롭게 개발한 기술은 네트워크 장비 소프트웨어를 에이전틱AI가 자동으로 설치하는 게 핵심이다.LG유플러스와 AWS는 여러 AI 에이전트가 협력해 복잡한 네트워크 소프트웨어 설치 과정을 자동화할 수 있도록 AWS가 제공하는 아마존 베드록(Amazon Bedrock)과 스트랜즈 에이전트(Strands-Agents) SDK를 활용했다.에이전틱AI는 단순 응답을 넘어 스스로 판단하고 행동하는 AI 기술이다. 양사는 신기술에 에이전틱AI를 활용하기 위해 소프트웨어의 설계 문서를 사전에 학습시켰다. 그 결과 사람이 개입하지 않아도 클라우드 인프라 구축부터 네트워크 장비의 파라미터 수집·설정·설치·문제 해결까지 전체 과정을 알아서 수행한다.기존 각 영역별 전문 엔지니어가 모여 수동으로 장비를 설치하는 과정을 AI가 대체하기 때문에 총 소요 시간을 크게 단축할 수 있는 게 특징이다. 수작업에서 발생할 수 있는 오류도 최소화할 수 있다. 이 기술은 중소 장비회사의 기술 장벽을 낮춰 다양한 파트너사를 발굴하는 등 경쟁력 강화에도 도움이 될 것으로 기대된다.두 회사는 전세계적으로 클라우드 네이티브 기반 인프라 전환이 가속화되는 상황에서 이번에 개발한 기술 활용도가 클 것으로 기대하고 있다. 실제로 글로벌 시장은 네트워크의 지능화·자율화를 위해 클라우드 기반으로 네트워크를 확대하면서 AI를 활용한 자율 운영 체제로 전환하는 추세다.향후 LG유플러스는 다양한 AI 에이전트 기반 기술을 확보해 자율 네트워크 시대를 선도하겠다는 포부다. 자율 네트워크는 AI가 네트워크 장비 설치부터 오류 개선까지 모두 자율적으로 수행한다.이상헌 LG유플러스 네트워크(NW)선행개발담당은 ""자율 네트워크의 핵심 기술인 에이전틱 AI를 활용해 한 단계 업그레이드된 고객 품질 혁신이 가능할 것으로 기대된다""며 ""고객에 대한 깊은 이해와 높은 기술력으로 고객에게 가장 필요한 핵심 미래 네트워크 기술을 확보하겠다”고 말했다."
https://n.news.naver.com/mnews/article/092/0002396744?sid=105,2025-11-04 09:10:10,IT/과학,"LGU+, AWS와 NW 소프트웨어 자동 설치 기술 개발","Agentic AI로 클라우드 네이티브 네트워크 소프트웨어 설치하는 기술 개발LG유플러스가 아마존웹서비스(AWS)와 스스로 추론하고 판단하는 에이전틱AI를 활용해 복잡한 클라우드 네이티브 네트워크 소프트웨어를 자동으로 설치하는 기술을 개발했다고 4일 밝혔다.이 기술을 활용하면 소프트웨어 설치에 걸리는 시간이 기존 대비 최대 80%가량 단축될 전망이다.‘클라우드 네이티브 네트워크 소프트웨어’는 클라우드 환경에서 실제 네트워크 장비처럼 동작할 수 있도록 코드로 구현된 일종의 가상 장비이다. 양사가 새롭게 개발한 기술은 네트워크 장비 소프트웨어를 에이전틱AI가 자동으로 설치하는 것이 핵심이다.양사는 여러 AI 에이전트가 협력해 복잡한 네트워크 소프트웨어 설치 과정을 자동화할 수 있도록 AWS가 제공하는 아마존베드락과 스탠다드에이전트 SDK를 활용했다. 이를 통해 개발 및 반복적인 테스트에 소요되는 시간을 단축하고, 다양한 AI 동작 시나리오를 빠르게 검증했다.에이전틱AI는 단순 응답을 넘어 스스로 판단하고 행동하는 AI 기술이다. 양사는 신기술에 에이전틱AI를 활용하기 위해 소프트웨어의 설계 문서를 사전에 학습시켰다. 그 결과 사람의 개입 없이도 클라우드 인프라 구축부터 네트워크 장비의 파라미터 수집, 설정, 설치, 문제 해결까지 전체 과정을 알아서 수행한다.기존 각 영역별 전문 엔지니어가 모여 수동으로 장비를 설치하는 과정을 AI가 대체하기 때문에 총 소요 시간을 크게 단축할 수 있으며, 수작업에서 발생할 수 있는 오류도 최소화할 수 있다.이 기술은 중소 회사의 경쟁력 강화에도 도움이 될 것으로 기대된다. 국내 관련 중소 회사의 경우 글로벌 대기업에 비해 상대적으로 고객사에 기술 지원이 어려운 상황이지만, 이번 신기술을 활용하면 기술 장벽이 대폭 낮춰지는 만큼 다양한 파트너사를 발굴하는 데 도움이 될 것으로 예상된다.양사는 전세계적으로 클라우드 네이티브 기반 인프라 전환이 가속화되고 있다는 배경을 고려할 때 새롭게 개발한 기술의 효용이 클 것으로 기대했다. 실제로 글로벌 시장은 네트워크의 지능화 및 자율화를 실현하기 위해 클라우드 기반으로 네트워크를 확대하고 있으며, AI를 활용한 자율 운영 체제로 전환을 가속하고 있다.이상헌 LG유플러스 NW선행개발담당은 “자율 네트워크의 핵심 기술인 에이전틱AI를 활용해 한 단계 업그레이드된 고객 품질 혁신이 가능할 것으로 기대된다”며 “고객에 대한 깊은 이해와 높은 기술력으로 고객에게 가장 필요한 핵심 미래 네트워크 기술을 확보하여 밝고 지속 가능한 세상을 만들도록 노력하겠다”고 말했다."
https://n.news.naver.com/mnews/article/014/0005429128?sid=105,2025-11-04 09:10:16,IT/과학,"LG U+, LG트윈스 우승 기념 '윈윈 페스티벌' 진행","11월 11일 ‘윈윈데이’에 제공하는 대표 혜택 ‘파리바게뜨’ 매장에서 LG트윈스 우승을 축하하는 모습. LG유플러스 제공LG유플러스가 LG트윈스의 프로야구 한국시리즈 우승을 기념해 ‘윈윈 페스티벌’을 포함한 다양한 이벤트와 혜택을 준비했다고 4일 밝혔다.이번 윈윈 페스티벌에서는 통합 우승 모자를 경품으로 준비해 이벤트 진행 전부터 팬들의 기대를 받고 있다. 해당 모자는 29년 만에 통합 우승을 했던 2023년 당시 품절 대란까지 일어났었다. 참여 방법은 오는 28일까지 LG유플러스 고객센터·멤버십 통합 앱 ‘유플러스원(U+One)’ 유플투쁠 이벤트 페이지에 우승 기념 소감을 남기면 된다.이벤트 참여 대상은 LG유플러스 모바일을 5년 이상 이용한 장기 고객 및 멤버십 등급 VIP 이상 고객이다. 응모 고객 대상으로 추첨을 통해 △2025 LG트윈스 어센틱 정규시즌 우승 모자(50명)를 포함해 △LG생활건강 벨먼 센티드모먼트플로럴 세트(1만명) △LG생활건강 풋샴푸(1만명) △컴포즈커피 아메리카노 1인당 10장(1.5만명)과 같은 풍성한 경품을 선물한다.LG유플러스 멤버십 프로그램 ‘유플투쁠’도 LG트윈스 우승에 맞춰 오는 11일을 윈윈데이 지정하고 풍성한 혜택을 준비했다. 그동안 등급별로 혜택을 나눠 제공하던 것을 2025년 우승을 기념해 등급 구분 없이 모든 등급 동일하게 ‘25혜택’을 제공한다. 상세 혜택으로는 △아웃백 25% 할인 △파리바게뜨 25% 할인 △공차 2500원 할인 △다이소 2500원 금액권 등이 있다.아울러 11월 유플투쁠데이에는 LG트윈스 우승 기념 축하 자리에서 사용할 수 있는 쿠폰을 증정하는 ‘외식 페스타’도 함께 진행한다. 대표적인 외식 혜택으로는 △17일 ‘배달의 민족X이삭토스트(8000원 할인)’ △18일 ‘매드포갈릭(고르곤졸라 피자 무료)’ △19일 ‘스타벅스(별 리워드 8개 제공) △20일 ‘청기와타운(육회 1인분 무료 제공)’ 등이 있다.또한 가을 야구가 끝나 아쉬운 팬들을 위해 가을 나들이 혜택도 함께 준비했다. 상세 혜택은 △11일 ‘서울랜드(파크이용권 55%할인)’ △17일 ‘판타와 지노의 공룡탐험전(30% 할인)’ △27일 ‘NOL티켓 (공연/전시 35% 할인)’ △27일 ‘아니메쥬와 지브리전(30% 할인)’ 등이 있다.11월에 새롭게 추가된 제휴사도 있다. △19일 ‘리디(포인트 3000원 증정)’ △21일 ‘오피스디포(오프라인 직영점 5000원 할인)’ △25일 ‘마켓비(가구/리빙 기획전 제품 최대 20% 할인)’ 등 고객의 일상에 도움이 되는 혜택으로 준비했다.장준영 LG유플러스 마케팅전략담당(상무)은 ""2년 만에 LG트윈스가 통합 우승해 이 기쁨을 LG유플러스 고객들과 나눌 수 있어 기쁘다”며 “LG트윈스 팬들과 LG유플러스 고객 모두가 좋아할 만한 혜택으로 준비했으니 새롭게 선보인 유플러스원에서 풍성한 멤버십 혜택을 경험해보시길 바란다”고 말했다."
https://n.news.naver.com/mnews/article/092/0002396746?sid=105,2025-11-04 09:13:10,IT/과학,"LG트윈스 통합 우승...LGU+, 장기가입자에 우승 모자 푼다","11일 ‘윈윈데이’에는 멤버십 등급 구분 없이 아웃백·다이소·파리바게뜨 ‘25혜택’ 제공LG유플러스가 LG트윈스의 프로야구 한국시리즈 우승을 기념해 ‘윈윈 페스티벌’을 포함한 다양한 이벤트를 진행한다.윈윈 페스티벌에서는 통합 우승 모자를 경품으로 준비했다. 이 모자는 29년 만에 통합 우승을 했던 2023년 당시 품절 대란까지 일어났었다. 참여 방법은 이번 달 28일까지 LG유플러스의 고객센터·멤버십 통합 앱 ‘U+One’ 유플투쁠 이벤트 페이지에 우승 기념 소감을 남기면 된다.이벤트 참여 대상은 LG유플러스 모바일을 5년 이상 이용한 장기 가입자와 멤버십 등급 VIP 이상 가입자다. 응모 가입자 대상으로 추첨을 통해 ▲2025 LG트윈스 어센틱 정규시즌 우승 모자(50명)를 포함해 ▲LG생활건강 벨먼 센티드모먼트플로럴 세트(1만명) ▲LG생활건강 풋샴푸(1만명) ▲컴포즈커피 아메리카노 1인당 10장(1.5만명)과 같은 풍성한 경품을 선물한다.LG유플러스 멤버십 프로그램 ‘유플투쁠’도 LG트윈스 우승에 맞춰 11월11일을 윈윈데이 지정했다. 그동안 등급별로 혜택을 나눠 제공하던 것을 2025년 우승을 기념해 등급 구분 없이 모든 등급 동일하게 ‘25혜택’을 제공한다. 상세 혜택으로는 ▲아웃백 25% 할인 ▲파리바게뜨 25% 할인 ▲공차 2500원 할인 ▲다이소 2500원 금액권 등이 있다.11월 유플투쁠데이에는 LG트윈스 우승 기념 축하 자리에서 사용할 수 있는 쿠폰을 증정하는 ‘외식 페스타’도 함께 진행한다. 대표적인 외식 혜택으로는 ▲17일 ‘배달의 민족X이삭토스트(8천원 할인)’ ▲18일 ‘매드포갈릭(고르곤졸라 피자 무료)’ ▲19일 ‘스타벅스(별 리워드 8개 제공) ▲20일 ‘청기와타운(육회 1인분 무료 제공)’ 등이 있다.또한, 가을 야구가 끝나 아쉬운 팬들을 위해 가을 나들이 혜택도 함께 준비했다. 상세 혜택은 ▲11일 ‘서울랜드(파크이용권 55%할인)’ ▲17일 ‘판타와 지노의 공룡탐험전(30% 할인)’ ▲27일 ‘NOL티켓 (공연/전시 35% 할인)’ ▲27일 ‘아니메쥬와 지브리전(30% 할인)’ 등이 있다.11월에 새롭게 추가된 제휴사도 있다. ▲19일 ‘리디(포인트 3천원 증정)’ ▲21일 ‘오피스디포(오프라인 직영점 5천원 할인)’ ▲25일 ‘마켓비(가구/리빙 기획전 제품 최대 20% 할인)’ 등 고객의 일상에 도움이 되는 혜택으로 준비했다.장준영 LG유플러스 마케팅전략담당(상무)은 ""2년 만에 LG트윈스가 통합 우승해 이 기쁨을 LG유플러스 고객들과 나눌 수 있어 기쁘다”며 “LG트윈스 팬들과 LG유플러스 고객 모두가 좋아할 만한 혜택으로 준비했으니, 새롭게 선보인 유플러스원에서 풍성한 멤버십 혜택을 경험해보시길 바란다”고 말했다."
https://n.news.naver.com/mnews/article/277/0005674021?sid=105,2025-11-04 09:14:41,IT/과학,"LG U+, AWS와 AI 기반 네트워크 SW 자동설치 기술 개발","에이전틱 AI 활용…설치 시간 최대 80% 단축 기대LG유플러스는 아마존웹서비스(AWS)와 손잡고 에이전틱 인공지능(AI)을 활용해 클라우드 네이티브 네트워크 소프트웨어(SW)를 자동으로 설치하는 기술을 개발했다고 4일 밝혔다.LG유플러스는 스스로 추론하고 판단하는 AI인 에이전틱 AI를 기술을 활용, SW 설치에 걸리는 시간이 최대 80% 줄어들 것으로 기대하고 있다.LG유플러스 직원들이 에이전틱 AI를 활용해 클라우드 네이티브 네트워크 소프트웨어를 설치하고 있다. LG유플러스 제공클라우드 네이티브 네트워크 SW는 클라우드 환경에서 실제 네트워크 장비처럼 동작할 수 있도록 코드로 구현된 일종의 가상 장비다. LG유플러스가 AWS와 새롭게 개발한 기술은 네트워크 장비 SW를 에이전틱 AI가 자동으로 설치하는 것이 핵심이다.양사는 여러 AI 에이전트가 협력해 네트워크 SW 설치 과정을 자동화할 수 있도록 AWS가 제공하는 생성형 AI 플랫폼 '아마존 베드록'과 AI 에이전트 개발 도구 'Strands-Agents SDK'를 활용했다. 이를 통해 개발과 테스트에 드는 시간을 줄이고 AI 동작을 빠르게 검증했다.에이전틱 AI는 단순 응답을 넘어 스스로 판단하고 행동하는 AI 기술이다. 양사는 신기술에 에이전틱 AI를 활용하기 위해 SW의 설계 문서를 사전 학습시켰다. 그 결과, 사람의 개입 없이도 클라우드 인프라 구축부터 네트워크 장비의 설정과 문제 해결 등 전체 과정을 AI가 알아서 수행했다.영역별 전문 엔지니어가 모여 수동으로 장비를 설치하는 과정을 AI가 대체해 설치에 걸리는 시간을 줄이는 동시에 수작업에서 발생할 수 있는 오류도 최소화할 수 있다는 게 LG유플러스의 설명이다.LG유플러스는 향후 다양한 AI 에이전트 기반 기술을 확보해 '자율 네트워크' 시대를 연다는 계획이다. 자율 네트워크는 AI가 네트워크 장비 설치부터 오류 개선까지 자율적으로 수행하는 시스템을 의미한다.이상헌 LG유플러스 NW선행개발담당은 ""자율 네트워크의 핵심 기술인 에이전틱 AI를 활용해 한 단계 업그레이드된 고객 품질 혁신이 가능할 것으로 기대된다""면서 ""고객에 대한 깊은 이해와 높은 기술력으로 고객에게 가장 필요한 핵심 미래 네트워크 기술을 확보해 밝고 지속 가능한 세상을 만들도록 노력하겠다""고 말했다."
https://n.news.naver.com/mnews/article/001/0015722141?sid=105,2025-11-04 09:21:12,IT/과학,"[AI픽] LGU+, AWS와 'AI 네트워크 자동 설치' 기술 개발","에이전틱AI 기반…설치 시간 80% 단축, 중소기업도 활용 가능[LG유플러스 제공. 재판매 및 DB 금지]서울=연합뉴스) 박형빈 기자 = LG유플러스가 아마존웹서비스(AWS)와 함께 에이전틱AI를 활용해 클라우드 네이티브 네트워크 소프트웨어를 자동 설치하는 기술을 개발했다고 4일 밝혔다.클라우드 네이티브 네트워크 소프트웨어는 클라우드 환경에서 실제 네트워크 장비처럼 동작할 수 있도록 코드로 구현된 가상 장비이다.양사가 개발한 기술은 이를 에이전틱AI가 자동으로 설치해주며 설치 시간은 기존 대비 최대 80% 단축된다. AI가 네트워크 설계 문서를 학습해 설치와 설정, 문제 해결까지 스스로 수행한다.AI가 수작업을 대체하면서 오류를 줄이고 중소 네트워크 기업의 기술 지원 한계도 완화할 것으로 기대된다.LG유플러스는 이번 기술을 통해 클라우드 인프라 구축 효율성과 산업 전반의 경쟁력을 높인다는 계획이다.이상헌 LG유플러스 NW선행개발담당은 ""고객에 대한 깊은 이해와 높은 기술력으로 고객에게 가장 필요한 핵심 미래 네트워크 기술을 확보하여 밝고 지속 가능한 세상을 만들도록 노력하겠다""고 밝혔다.binzz@yna.co.kr"
https://n.news.naver.com/mnews/article/421/0008583138?sid=105,2025-11-04 09:31:46,IT/과학,"LGU+, AWS와 AI 기반 네트워크 소프트웨어 자동 설치 기술 개발","설치 소요 시간 단축·오류 최소화LG유플러스 직원들이 에이전틱 AI를 활용해 클라우드 네이티브 네트워크 소프트웨어를 설치하는 모습. (LG유플러스 제공)(서울=뉴스1) 나연준 기자 = LG유플러스(032640)는 아마존웹서비스(AWS)와 함께 인공지능(AI)을 활용해 '클라우드 네이티브 네트워크 소프트웨어' 설치 시간을 단축하고 오류를 최소화할 수 있는 기술을 개발했다고 4일 밝혔다.'클라우드 네이티브 네트워크 소프트웨어'는 클라우드 환경에서 실제 네트워크 장비처럼 동작할 수 있도록 코드로 구현된 일종의 가상 장비이다. 양사가 새롭게 개발한 기술은 네트워크 장비 소프트웨어를 에이전틱 AI가 자동으로 설치하는 것이 핵심이다.소프트웨어 설계 문서를 사전 학습한 에이전틱 AI는 사람의 개입 없이도 클라우드 인프라 구축부터 네트워크 장비의 파라미터 수집·설정·설치·문제 해결까지 전체 과정을 알아서 수행할 수 있게 됐다.장비 설치 과정을 AI가 대체하면서 설치 필요한 시간도 기존 대비 최대 80%가량 단축할 수 있고, 수작업에서 발생할 수 있는 오류도 최소화할 수 있을 것으로 기대된다.이상헌 LG유플러스 NW선행개발담당은 ""자율 네트워크의 핵심 기술인 에이전틱 AI를 활용해 한 단계 업그레이드된 고객 품질 혁신이 가능할 것으로 기대된다""며 ""고객에게 가장 필요한 핵심 미래 네트워크 기술을 확보하여 밝고 지속 가능한 세상을 만들도록 노력하겠다""고 말했다."
https://n.news.naver.com/mnews/article/421/0008583141?sid=105,2025-11-04 09:32:09,IT/과학,"LGU+, 프로야구 우승 기념 '윈윈 페스티벌'","장기·VIP고객 대상 '정규시즌 우승 모자' 증정 이벤트11일에는 멤버십 등급 구분 없이 혜택 제공(LGU+ 제공)(서울=뉴스1) 이기범 기자 = LG유플러스(032640)가 LG트윈스의 프로야구 한국시리즈 우승을 기념해 다양한 이벤트와 할인 혜택을 제공한다고 4일 밝혔다.이번에 LG유플러스가 진행하는 '윈윈 페스티벌'에서는 추첨을 통해 '통합 우승 모자'를 경품으로 제공한다. 참여 대상은 LG유플러스 모바일을 5년 이상 이용한 장기 고객 및 멤버십 등급 VIP 이상 고객이다.오는 28일까지 LG유플러스 고객센터·멤버십 통합 앱 'U+One'(유플러스원) 이벤트 페이지에 우승 기념 소감을 남기면 추첨을 통해 △2025 LG트윈스 어센틱 정규시즌 우승 모자(50명) △LG생활건강 벨먼 센티드모먼트플로럴 세트(1만명) △LG생활건강 풋샴푸(1만명) △컴포즈커피 아메리카노 1인당 10장(1.5만명) 등의 경품을 제공한다.아울러 11월 11일을 '윈윈데이'로 지정해 이날 멤버십 등급 구분 없는 혜택을 제공한다. △아웃백 25% 할인 △파리바게뜨 25% 할인 △공차 2500원 할인 △다이소 2500원 금액권 등이다.11월 외식 혜택도 제공한다. △17일 배달의 민족X이삭토스트(8000원 할인) △18일 매드포갈릭(고르곤졸라 피자 무료) △19일 스타벅스(별 리워드 8개 제공) △20일 청기와타운(육회 1인분 무료 제공) 등이다.이 밖에도 가을 나들이 혜택이 마련됐으며, 멤버십 제휴사가 추가됐다.장준영 LG유플러스 마케팅전략담당(상무)은 ""2년 만에 LG트윈스가 통합 우승해 이 기쁨을 LG유플러스 고객들과 나눌 수 있어 기쁘다""며 ""LG트윈스 팬들과 LG유플러스 고객 모두가 좋아할 만한 혜택으로 준비했으니, 새롭게 선보인 유플러스원에서 풍성한 멤버십 혜택을 경험해 보시길 바란다""고 말했다."
https://n.news.naver.com/mnews/article/082/0001351949?sid=101,2025-11-04 09:33:11,경제,"LGU+, LG트윈스 우승 기념 ‘윈윈 페스티벌’","장기 고객 대상 ‘정규시즌 우승 모자’ 증정‘공연·전시·야외활동’ 등 나들이 혜택 추가LG유플러스가 LG트윈스의 프로야구 한국시리즈 우승을 기념해 ‘윈윈 페스티벌’ 등 이벤트를 진행한다. 사진은 11월 11일 ‘윈윈데이’에 제공하는 대표 혜택 ‘파리바게뜨’ 매장에서 LG트윈스 우승을 축하하는 모습. LG유플러스 제공LG유플러스가 LG트윈스의 프로야구 한국시리즈 우승을 기념 이벤트를 진행한다.LG유플러스는 LG트윈스의 프로야구 한국시리즈 우승을 기념해 ‘윈윈 페스티벌’을 포함한 이벤트와 혜택을 준비했다고 4일 밝혔다. 이번 윈윈 페스티벌에서는 통합 우승 모자를 경품으로 제공한다. 우승 모자는 29년 만에 통합 우승을 했던 2023년 당시 품절 대란이 발생했던 인기 상품이다. 이벤트 참여 방법은 오는 28일까지 LG유플러스의 고객센터·멤버십 통합 앱 ‘U+One(유플러스원)’ 유플투쁠 이벤트 페이지에 우승 기념 소감을 남기면 된다.이벤트 참여 대상은 LG유플러스 모바일을 5년 이상 이용한 장기 고객 및 멤버십 등급 VIP 이상 고객이다. 응모자를 대상으로 추첨을 진행, 2025 LG트윈스 어센틱 정규시즌 우승 모자(50명)를 포함해 LG생활건강 벨먼 센티드모먼트플로럴 세트(1만 명), LG생활건강 풋샴푸(1만 명), 컴포즈커피 아메리카노 1인당 10장(1만 5000명) 등의 경품을 선물한다.LG유플러스 멤버십 프로그램 ‘유플투쁠’도 LG트윈스 우승에 맞춰 오는 11일을 ‘윈윈데이’로 지정, 혜택을 제공한다. 그동안 등급별로 혜택을 나눠 제공하던 것을 2025년 우승을 기념해 등급 구분 없이 모든 등급 동일하게 ‘25혜택’을 제공한다. 상세 혜택으로는 아웃백 25% 할인, 파리바게뜨 25% 할인, 공차 2500원 할인, 다이소 2500원 금액권 등이 있다.11월 유플투쁠데이에는 LG트윈스 우승 기념 축하 자리에서 사용할 수 있는 쿠폰을 증정하는 ‘외식 페스타’도 함께 진행한다. 외식 혜택으로는 17일 ‘배달의 민족X이삭토스트(8000원 할인)’, 18일 ‘매드포갈릭(고르곤졸라 피자 무료)’, 19일 ‘스타벅스(별 리워드 8개 제공), 20일 ‘청기와타운(육회 1인분 무료 제공)’ 등이 있다.가을 나들이 혜택도 제공된다. 오는 11일 ‘서울랜드(파크이용권 55%할인)’, 17일 ‘판타와 지노의 공룡탐험전(30% 할인)’, 27일 ‘NOL티켓 (공연/전시 35% 할인)’, 27일 ‘아니메쥬와 지브리전(30% 할인)’ 등이 있다. 11월에 새롭게 추가된 제휴사도 있다. 19일 ‘리디(포인트 3000원 증정)’, 21일 ‘오피스디포(오프라인 직영점 5000원 할인)’, 25일 ‘마켓비(가구·리빙 기획전 제품 최대 20% 할인)’ 등 혜택이 제공된다.장준영 LG유플러스 마케팅전략담당(상무)은 “2년 만에 LG트윈스가 통합 우승해 이 기쁨을 LG유플러스 고객들과 나눌 수 있어 기쁘다”며 “LG트윈스 팬들과 LG유플러스 고객 모두가 좋아할 만한 혜택으로 준비했으니, 새롭게 선보인 U+One(유플러스원)에서 풍성한 멤버십 혜택을 경험해보시길 바란다”고 말했다."
https://n.news.naver.com/mnews/article/031/0000977665?sid=105,2025-11-04 10:02:13,IT/과학,"LGU+, LG트윈스 통합 우승 기념 '윈윈 페스티벌' 진행","5년 이상 장기·VIP 대상 '정규시즌 우승 모자' 증정 이벤트LG유플러스(대표 홍범식)는 LG트윈스 프로야구 한국시리즈 우승을 기념해 윈윈 페스티벌을 포함한 이벤트·혜택을 준비했다고 4일 밝혔다.모델이 파리바게뜨 매장에서 LG트윈스 우승을 축하하는 모습. [사진=LGU+]LG유플러스는 윈윈 페스티벌 행사를 통해 통합 우승 모자를 경품으로 증정한다. 이 모자는 29년 만에 통합 우승을 했던 2023년 당시 품절 대란을 겪었다. 참여 방법은 오는 28일까지 LG유플러스 고객센터·멤버십 통합 앱 U+One(유플러스원) 유플투쁠 이벤트 페이지에 우승 기념 소감을 남기면 된다.이벤트 참여 대상은 LG유플러스 모바일을 5년 이상 이용한 장기 고객 및 멤버십 등급 VIP 이상 고객이다. 추첨을 통해 2025 LG트윈스 어센틱 정규시즌 우승 모자(50명), LG생활건강 벨먼 센티드모먼트플로럴 세트(1만명), LG생활건강 풋샴푸(1만명), 컴포즈커피 아메리카노 1인당 10장(1.5만명) 등 경품을 선물한다.LG유플러스 멤버십 프로그램인 유플투쁠도 혜택을 준비했다. 등급별로 혜택을 나눠 제공하던 것을 2025년 우승을 기념해 등급 구분 없이 모든 등급 동일하게 혜택을 제공한다. 상세 혜택으로는 아웃백 25% 할인, 파리바게뜨 25% 할인, 공차 2500원 할인, 다이소 2500원 금액권 등이 있다.11월 유플투쁠데이에는 LG트윈스 우승 기념 축하 자리에서 사용할 수 있는 쿠폰을 증정하는 외식 페스타도 진행한다. 대표적인 외식 혜택으로는 17일 배달의 민족X이삭토스트(8000원 할인), 18일 매드포갈릭(고르곤졸라 피자 무료), 19일 스타벅스(별 리워드 8개 제공), 20일 청기와타운(육회 1인분 무료 제공) 등이 있다.장준영 LG유플러스 마케팅전략담당(상무)은 ""2년 만에 LG트윈스가 통합 우승해 이 기쁨을 LG유플러스 고객들과 나눌 수 있어 기쁘다""며 새롭게 선보인 유플러스원에서 풍성한 멤버십 혜택을 경험해보시길 바란다""고 말했다."
https://n.news.naver.com/mnews/article/030/0003366508?sid=105,2025-11-04 11:09:12,IT/과학,"LGU+, 트윈스 통합 우승 기념 '윈윈 페스티벌'","11월 11일 '윈윈데이'에 제공하는 대표 혜택 '파리바게뜨' 매장에서 LG트윈스 우승을 축하하는 모습.LG유플러스는 LG트윈스의 프로야구 한국시리즈 우승을 기념해 '윈윈 페스티벌'을 포함한 다양한 이벤트와 혜택 행사를 진행한다고 4일 밝혔다.이번 윈윈 페스티벌에서는 통합 우승 모자를 경품으로 준비해 이벤트 진행 전부터 팬들의 기대를 받고 있다. 해당 모자는 29년 만에 통합 우승을 했던 2023년 당시 품절 대란까지 일어났었다. 참여 방법은 이번 달 28일까지 LG유플러스의 고객센터·멤버십 통합 앱 'U+One(유플러스원)' 유플투쁠 이벤트 페이지에 우승 기념 소감을 남기면 된다.이벤트 참여 대상은 LG유플러스 모바일을 5년 이상 이용한 장기 고객 및 멤버십 등급 VIP 이상 고객이다. 응모 고객 대상으로 추첨을 통해 2025 LG트윈스 어센틱 정규시즌 우승 모자(50명)를 포함해 LG생활건강 벨먼 센티드모먼트플로럴 세트(1만명), LG생활건강 풋샴푸(1만명), 컴포즈커피 아메리카노 1인당 10장(1만5000명)과 같은 풍성한 경품을 선물한다.LG유플러스 멤버십 프로그램 '유플투쁠'도 LG트윈스 우승에 맞춰 11월 11일을 윈윈데이 지정하고, 혜택을 준비했다. 그동안 등급별로 혜택을 나눠 제공하던 것을 2025년 우승을 기념해 등급 구분 없이 모든 등급 동일하게 '25혜택'을 제공한다. 상세 혜택으로는 아웃백 25% 할인, 파리바게뜨 25% 할인, 공차 2500원 할인, 다이소 2500원 금액권 등이 있다.11월 유플투쁠데이에는 LG트윈스 우승 기념 축하 자리에서 사용할 수 있는 쿠폰을 증정하는 '외식 페스타'도 함께 진행한다. 대표적인 외식 혜택으로는 17일 '배달의 민족X이삭토스트(8000원 할인)', 18일 '매드포갈릭(고르곤졸라 피자 무료)', 19일 '스타벅스(별 리워드 8개 제공), 20일 '청기와타운(육회 1인분 무료 제공)' 등이 있다.가을 혜택도 있다. 상세 혜택은 11일 '서울랜드(파크이용권 55%할인)', 17일 '판타와 지노의 공룡탐험전(30% 할인)', 27일 'NOL티켓 (공연/전시 35% 할인)', 27일 '아니메쥬와 지브리전(30% 할인)' 등이 있다.11월에 새롭게 추가된 제휴사도 있다. 19일 '리디(포인트 3000원 증정)', 21일 '오피스디포(오프라인 직영점 5000원 할인)', 25일 '마켓비(가구/리빙 기획전 제품 최대 20% 할인)' 등이다.장준영 LG유플러스 마케팅전략담당(상무)은 “2년 만에 LG트윈스가 통합 우승해 이 기쁨을 LG유플러스 고객들과 나눌 수 있어 기쁘다”며 “LG트윈스 팬들과 LG유플러스 고객 모두가 좋아할 만한 혜택으로 준비했으니, 새롭게 선보인 U+One(유플러스원)에서 풍성한 멤버십 혜택을 경험해보시길 바란다”고 말했다."
https://n.news.naver.com/mnews/article/138/0002208586?sid=105,2025-11-04 11:13:07,IT/과학,"LGU+, '자율 네트워크' 시대 선도한다…AWS와 맞손",에이전틱 AI로 네트워크 소프트웨어 설치 자동화[디지털데일리 강소현기자] LG유플러스는 아마존웹서비스(AWS)와 손잡고 복잡한 클라우드 네이티브 네트워크 소프트웨어를 자동으로 설치하는 인공지능(AI) 기술을 개발했다고 4일 밝혔다.‘클라우드 네이티브 네트워크 소프트웨어’는 클라우드 환경에서 구현한 일종의 가상 네트워크 장비다. 양사는 여기에 에이전틱AI를 더해 복잡한 네트워크 소프트웨어 설치 과정을 자동화했다.‘에이전틱AI’는 단순 응답을 넘어 스스로 판단하고 행동하는 AI 기술이다. 양사는 신기술에 에이전틱AI를 활용하기 위해 소프트웨어의 설계 문서를 사전에 학습시켰다. 그 결과 소프트웨어 설치에 걸리는 시간은 기존 대비 최대 80%가량 단축됐다. 수작업에서 발생할 수 있는 오류도 최소화할 수 있을 것으로 기대됐다.향후 LG유플러스는 이번 기술 이외에도 다양한 AI 에이전트 기반 기술을 확보해 ‘자율 네트워크’ 시대를 선도한다는 계획이다. 자율 네트워크는 AI가 네트워크 장비 설치부터 오류 개선까지 모두 자율적으로 수행하는 시스템을 의미한다.이상헌 LG유플러스 네트워크(NW)선행개발담당은 “자율 네트워크의 핵심 기술인 에이전틱 AI를 활용해 한 단계 업그레이드된 고객 품질 혁신이 가능할 것으로 기대된다”며 “고객에 대한 깊은 이해와 높은 기술력으로 고객에게 가장 필요한 핵심 미래 네트워크 기술을 확보해 밝고 지속 가능한 세상을 만들도록 노력하겠다”고 밝혔다.
https://n.news.naver.com/mnews/article/016/0002552387?sid=105,2025-11-04 11:20:12,IT/과학,"LGU+,  AI 기반 네트워크 SW 자동 설치 기술 개발","AWS와…에이전틱 AI 활용총 설치 소요시간 80% 단축LG유플러스 직원들이 에이전틱 AI를 활용해 클라우드 네이티브 네트워크 소프트웨어를 설치하고 있다. [LG유플러스 제공]LG유플러스는 아마존웹서비스(AWS)와 손잡고 스스로 추론하고 판단하는 ‘에이전틱 인공지능(AI)’을 활용해 복잡한 ‘클라우드 네이티브 네트워크 소프트웨어’를 자동으로 설치하는 기술을 개발했다고 4일 밝혔다.이 기술을 활용하면 소프트웨어 설치에 걸리는 시간이 기존 대비 최대 80%가량 단축할 것으로 LG유플러스는 기대했다.클라우드 네이티브 네트워크 소프트웨어는 클라우드 환경에서 실제 네트워크 장비처럼 동작할 수 있도록 코드로 구현된 일종의 가상 장비이다. 양사가 새롭게 개발한 기술은 네트워크 장비 소프트웨어를 에이전틱AI가 자동으로 설치하는 것이 핵심이다.양사는 여러 AI 에이전트가 협력해 복잡한 네트워크 소프트웨어 설치 과정을 자동화할 수 있도록 AWS가 제공하는 ‘아마존 베드록(Amazon Bedrock)’과 ‘스트랜드 에이전트(Strands-Agents) SDK’를 활용했다. 이를 통해 개발과 반복적인 테스트에 소요되는 시간을 단축하고, 다양한 AI 동작 시나리오를 검증했다.에이전틱 AI는 단순 응답을 넘어 스스로 판단하고 행동하는 AI 기술이다. 양사는 신기술에 에이전틱AI를 활용하기 위해 소프트웨어의 설계 문서를 사전에 학습시켰다. 그 결과 사람의 개입 없이도 클라우드 인프라 구축부터 네트워크 장비의 파라미터 수집·설정·설치·문제 해결까지 전체 과정을 알아서 수행한다.기존 영역별 전문 엔지니어가 모여 수동으로 장비를 설치하는 과정을 AI가 대체하기 때문에 총 소요 시간을 크게 단축할 수 있으며, 수작업에서 발생할 수 있는 오류도 최소화할 수 있다고 LG유플러스는 설명했다.LG유플러스는 이 기술이 중소 회사의 경쟁력 강화에도 도움이 될 것으로 기대했다. 이번 신기술을 활용하면 기술 장벽이 대폭 낮춰지는 만큼 다양한 파트너사를 발굴하는 데 도움이 될 것으로 예상했다.아울러 양사는 전세계적으로 클라우드 네이티브 기반 인프라 전환이 가속화되고 있는 만큼 새롭게 개발한 기술의 효용이 클 것으로 기대했다.향후 LG유플러스는 이번 기술 이외에도 다양한 AI 에이전트 기반 기술을 확보해 ‘자율 네트워크’ 시대를 선도할 계획이다. 자율 네트워크는 AI가 네트워크 장비 설치부터 오류 개선까지 모두 자율적으로 수행하는 시스템이다.이상헌 LG유플러스 NW선행개발담당(상무)은 “자율 네트워크의 핵심 기술인 에이전틱 AI를 활용해 한 단계 업그레이드된 고객 품질 혁신이 가능할 것으로 기대된다”고 밝혔다.박세정 기자"
https://n.news.naver.com/mnews/article/021/0002747473?sid=101,2025-11-04 11:55:17,경제,"LGU+, 파바 25% 할인",LG유플러스는 LG트윈스의 한국시리즈 우승을 기념해 이달 말까지 통합 우승 모자를 경품으로 내건 ‘윈윈 페스티벌’ 등 다양한 이벤트와 멤버십 혜택을 마련했다고 4일 밝혔다. 사진은 오는 11일 멤버십 고객 전원에게 25% 할인이 제공되는 파리바게뜨 매장에서 모델이 LG트윈스 우승 축하 이벤트를 소개하는 모습.LG유플러스 제공
https://n.news.naver.com/mnews/article/001/0015723138?sid=102,2025-11-04 11:59:44,사회,"IPTV 3사, TV시청 데이터 분석 설루션 'TV 인덱스' 마련","KT·SKB·LG U+, 아이지에이웍스와 함께 1천800만 셋톱박스 데이터 분석(왼쪽부터) 아이지에이웍스 데이터사업부문 이철환 대표, LG유플러스 엄상현 홈사업그룹 미디어제휴담당, SK브로드밴드 미디어사업본부 이창훈 콘텐츠전략담당, KT 최광철 미디어부문 IPTV 사업본부장, LG유플러스 박찬승 컨슈머부문 홈사업그룹장, 아이지에이웍스 마국성 대표. [아이지에이웍스 제공. 재판매 및 DB 금지](서울=연합뉴스) 나확진 기자 = KT·SK브로드밴드·LG유플러스 등 국내 IPTV(인터넷TV) 3사가 협력해 30년 넘게 유지돼 온 TV 시청률 조사 방식을 근본적으로 바꾸는 새로운 표준 마련에 나섰다고 데이터 테크 기업 아이지에이웍스가 4일 밝혔다.이들 IPTV 3사는 전국 1천800만 대 셋톱박스에서 발생하는 실제 시청 데이터를 기반으로, 광고주와 방송사가 바로 활용할 수 있는 분석 설루션 'TV 인덱스'를 아이지에이웍스와 함께 선보였다.아이지에이웍스는 그동안 TV 시청률이 30년 넘게 전국 4천 가구 패널 조사 결과를 전체 시청으로 확대하는 방식으로 측정돼 시청자가 실제로 얼마나 보고 있는지 정확하게는 알 수 없었다며, TV 인덱스는 이러한 한계를 극복해 종래 단순 비율로만 표시되던 시청률 대신 실제 시청자 수와 시청 시간을 함께 제공한다고 전했다.이전에는 '시청률 1.5%'라는 숫자만 확인할 수 있었다면, TV 인덱스에서는 '55만명이 하루 평균 1.1시간 시청했다'처럼 규모와 몰입도를 직관적으로 이해할 수 있다는 설명이다.아이지에이웍스는 IPTV 3사가 제공하는 국내 최대 규모의 셋톱박스 시청 데이터를 통합하고 AI(인공지능)로 분석해 방송사·광고주·중소 채널 모두가 신뢰할 수 있는 지표 체계를 구축했다고 전했다.이를 통해 방송사는 채널과 프로그램의 성과를 객관적으로 입증해 광고 단가 협상이나 편성 전략에 활용할 수 있고, 그동안 데이터 부족으로 어려움을 겪던 중소 PP(방송채널사용사업자)나 비인기 채널 역시 구체적인 수치를 근거로 광고주를 설득할 수 있게 됐다고 덧붙였다.개인정보 침해와 관련해서는 TV인덱스는 개인을 식별할 수 없는 통계 데이터를 기반으로 해 안전하게 활용할 수 있다고 소개했다.TV 인덱스는 공식 홈페이지에서 확인할 수 있다. 현재 공개 버전은 채널 단위 성과와 시청 패턴을 보여주며, 앞으로는 프로그램·광고·성별·연령대 등 세분된 시청자 그룹 단위까지 확장돼 TV 시청도 디지털처럼 정밀하게 측정할 수 있게 된다.마국성 아이지에이웍스 마국성 대표는 ""IPTV 3사가 공동 표준을 마련하고 아이지에이웍스와 전략적 데이터 파트너십을 구축해, 업계가 실제 의사결정에 활용할 수 있는 지표를 완성했다""며 ""기관마다 달라 혼란을 키웠던 기존 시청률 대신, 업계가 함께 신뢰할 수 있는 새로운 표준이 자리 잡으면서, TV 광고 시장이 다시 성장할 발판을 마련하게 된 것""이라고 말했다.rao@yna.co.kr"
https://n.news.naver.com/mnews/article/241/0003475488?sid=105,2025-11-04 15:06:31,IT/과학,"LGU+, LG트윈스 우승 기념 혜택 마련","LG유플러스는 LG트윈스의 프로야구 한국시리즈 우승을 기념해 이벤트와 혜택을 마련했다고 4일 밝혔다.먼저 '윈윈 페스티벌'은 통합 우승 모자를 경품으로 준비했다. 오는 28일까지 LG유플러스 고객센터·멤버십 통합 앱 '유플러스원' 이벤트 페이지에 우승 기념 소감을 남기면 된다.이벤트 참여 대상은 LG유플러스 모바일을 5년 이상 이용한 장기 고객 및 멤버십 등급 VIP 이상 고객이다. 추첨으로 ▲2025 LG트윈스 어센틱 정규 시즌 우승 모자(50명) ▲LG생활건강 벨먼 센티드모먼트플로럴 세트(1만명) ▲LG생활건강 풋샴푸(1만명) ▲컴포즈커피 아메리카노 1인당 10장(1만5000명) 등 경품을 선물한다.LG유플러스 멤버십 프로그램 '유플투쁠'도 LG트윈스 우승에 맞춰 11월 11일을 윈윈데이 지정했다. 등급 구분 없이 '25혜택'을 제공한다. 상세 혜택은 ▲아웃백 25% 할인 ▲파리바게뜨 25% 할인 ▲공차 2500원 할인 ▲다이소 2500원 금액권 등이다.11월 유플투쁠데이는 LG트윈스 우승 기념 축하 자리에서 사용할 수 있는 쿠폰을 증정하는 '외식 페스타'도 진행한다. 외식 혜택으로 ▲17일 '배달의 민족X이삭토스트(8000원 할인)' ▲18일 '매드포갈릭(고르곤졸라 피자 무료)' ▲19일 '스타벅스(별 리워드 8개)' ▲20일 '청기와타운(육회 1인분 무료 제공)' 등을 제공한다.가을 나들이 혜택도 뒷받침한다.▲11일 '서울랜드(파크이용권 55% 할인)' ▲17일 '판타와 지노의 공룡탐험전(30% 할인)' ▲27일 'NOL티켓 (공연·전시 35% 할인)' ▲27일 '아니메쥬와 지브리전(30% 할인)' 등이다.이달 추가된 제휴사도 있다. ▲19일 '리디(포인트 3000원 증정)' ▲21일 '오피스디포(오프라인 직영점 5000원 할인)' ▲25일 '마켓비(가구·리빙 기획전 제품 최대 20% 할인)' 등이다.장준영 LG유플러스 마케팅전략담당은 ""LG트윈스 팬들과 LG유플러스 고객 모두가 좋아할 만한 혜택으로 준비했다. 새롭게 선보인 유플러스원에서 멤버십 혜택을 경험해보길 바란다""고 말했다.정길준 기자 kjkj@edaily.co.kr"
https://n.news.naver.com/mnews/article/029/0002991486?sid=105,2025-11-04 16:23:33,IT/과학,"“도메인별로 뾰족하게 깎은 AI”…  LGU+, ‘익시젠’으로 한국형 sLLM 전략 본격화","LGU+ ‘익시젠’ 논문, ‘EMNLP 2025’서 채택통신·금융서 성능 향상… 실용성 인정받아김기현 연구위원, 박성익 팀장 인터뷰김기현(오른쪽) LG유플러스 CTO AX기술그룹 연구위원과 박성익 LG유플러스 CTO AX기술그룹 AI테크랩 기술팀장이 디지털타임스와 인터뷰하고 있다. LG유플러스 제공“인공지능(AI) 경쟁의 핵심은 크기가 아니라 ‘뾰족함’입니다. 산업마다 특화된 영역을 얼마나 잘 깎아내느냐가 관건이죠.”김기현 LG유플러스 CTO AX기술그룹 연구위원은 4일 디지털타임스와의 인터뷰에서 초거대언어모델(LLM)의 크기를 키우는 경쟁이 한계에 다다랐다고 지적했다. 대신 그래픽처리장치(GPU) 인프라·비용·데이터 보안 등 한국 기업이 맞닥뜨린 현실적 제약 속에서 작지만 정밀한 소형언어모델(sLLM)을 도메인별로 최적화하는 전략이 실효성 있다고 강조했다.LG유플러스가 자체 생성형 AI 모델 ‘익시젠’을 기반으로 작성한 한 논문이 세계적 자연어처리(NLP) 학회 ‘EMNLP 2025’에 최근 채택됐다.논문은 산업 데이터를 지속적으로 학습하면서도 범용 언어 능력을 유지하는 ‘도메인 특화 학습’(DACP) 기법을 제안했다. 박성익 LG유플러스 CTO AX기술그룹 AI테크랩 기술팀장은 “GPU 자원이 한정된 기업이 작은 모델로 큰 모델 수준의 성능을 내는 방법을 제시한 점이 높은 평가를 받았다”며 “가성비 높은 산업형 AI 전략의 가능성을 보여준 논문”이라고 설명했다.핵심은 도메인 특화 학습이다. 기존 기업들이 사전학습된 범용 LLM을 가져와 소량의 도메인 데이터로 미세조정(파인튜닝)하는 데 그쳤다면, LG유플러스는 약 300기가바이트(GB) 규모의 산업 데이터를 사전학습 단계부터 주입했다. 김 연구위원은 “파인튜닝의 미세 조정이 아니라 지식 자체를 각인시키는 접근”이라며 “산업 언어에 둔감한 범용 모델의 한계를 넘었다”고 말했다.김기현(오른쪽) LG유플러스 CTO AX기술그룹 연구위원과 박성익 LG유플러스 CTO AX기술그룹 AI테크랩 기술팀장이 디지털타임스와 인터뷰 하고 있다. LG유플러스 제공박 팀장은 “작은 모델로도 큰 모델 수준의 체감 성능을 내자, 비용과 인프라 부담이 큰 기업 고객의 반응이 즉각적이었다”며 “실제 서비스 환경에서 재현 가능한 결과라 EMNLP에서도 산업적 실용성을 인정했다”고 설명했다.LG유플러스는 LLM 경쟁 대신 ‘작고 효율적인 AI’ 전략에 속도를 낸다. 김 연구위원은 “빅테크는 돈이 많지만 국내 기업들은 현실적으로 인프라와 비용 한계가 있다”며 “한국 시장에서는 작은 모델을 도메인별로 정밀하게 다듬는 방식이 현실적”이라고 말했다.연구팀은 DACP를 자사 통신 상담 및 금융 영역에 적용해 실제 성능을 검증했다. 김 연구위원은 “통신 분야에서 평균 56%, 금융 분야에서 39%의 성능 향상을 확인했다”며 “특정 도메인 데이터를 학습하면서 기존 지식을 잊지 않도록 리플레이(replay) 학습을 병행했다”고 말했다.LG유플러스는 통신을 넘어 금융, 교육, 법률, 의료 등으로 적용 영역을 확장할 계획이다. 박 팀장은 “DACP는 통신 전용 레시피가 아니라 여러 산업에 이식 가능한 표준 파이프라인”이라며 “특히 온프레미스·보안 요구가 높은 업종에서 장점이 크다”고 말했다.김 연구위원은 “클라우드 비용, 보안, 데이터 이전 규제 같은 현실 제약을 정면 돌파하려면 거대 모델 숭배에서 벗어나 산업 현장의 문제를 해결하는 게 진짜 혁신”이라며 “한국형 AI 생태계의 현실적 해법은 ‘작지만 뾰족한 AI’”라고 강조했다."
https://n.news.naver.com/mnews/article/382/0001233780?sid=105,2025-11-04 16:35:10,IT/과학,"“AI가 네트워크 SW 설치”…LGU+, AWS와 협력","LG유플러스가 아마존웹서비스(AWS)와 스스로 추론하고 판단하는 ‘에이전틱 인공지능(AI)’를 활용해 복잡한 클라우드 네이티브 네트워크 소프트웨어를 자동으로 설치하는 기술을 개발했다. 이 기술을 활용하면 소프트웨어 설치에 걸리는 시간을 기존보다 최대 80%가량 단축할 것으로 기대된다.‘클라우드 네이티브 네트워크 소프트웨어’는 클라우드 환경에서 실제 네트워크 장비처럼 동작할 수 있도록 코드로 구현된 일종의 가상 장비다. 양사가 새롭게 개발한 기술은 네트워크 장비 소프트웨어를 에이전틱AI가 자동으로 설치하는 것이 핵심이다.양사는 여러 AI에이전트가 협력해 복잡한 네트워크 소프트웨어 설치 과정을 자동화할 수 있도록 AWS가 제공하는 기술과 서비스를 활용했다. 이를 통해 개발 및 반복적인 테스트에 소요되는 시간을 단축하고, 다양한 AI 동작 시나리오를 빠르게 검증했다.에이전틱AI는 단순 응답을 넘어 스스로 판단하고 행동하는 AI 기술이다. 양사는 신기술에 에이전틱AI를 활용하기 위해 소프트웨어의 설계 문서를 사전에 학습시켰다. 그 결과 사람의 개입 없이도 클라우드 인프라 구축부터 네트워크 장비의 파라미터 수집·설정·설치·문제 해결까지 전체 과정을 알아서 수행한다. 기존 각 영역별 전문 엔지니어가 모여 수동으로 장비를 설치하는 과정을 AI가 대체하기 때문에 총 소요 시간을 크게 단축할 수 있으며, 수작업에서 발생할 수 있는 오류도 최소화할 수 있다.이 기술은 중소 회사의 경쟁력 강화에도 도움이 될 것으로 기대된다. 신기술을 활용하면 기술 장벽이 대폭 낮춰지는 만큼 다양한 파트너사를 발굴하는 데 도움이 될 것으로 예상된다.LG유플러스는 이번 기술 이외에도 다양한 AI에이전트 기반 기술을 확보해 ‘자율 네트워크’ 시대를 선도할 계획이다. 자율 네트워크는 AI가 네트워크 장비 설치부터 오류 개선까지 모두 자율적으로 수행하는 시스템을 의미한다."
https://n.news.naver.com/mnews/article/031/0000977931?sid=105,2025-11-04 17:27:09,IT/과학,'와탭 옵저브 서밋 2025' 개최…AWS·카카오·LGU+ 한자리,"AI 네이티브 시대, IT 운영 혁신 사례와 전략 공유국내 옵저버빌리티 선도 기업 와탭랩스는 오는 21일 서울 삼성동 코엑스에서 ‘와탭 옵저브 서밋 2025’를 개최한다고 4일 밝혔다.'와탭 옵저브 서밋 2025' 포스터. [사진=와탭랩스]와탭 옵저브 서밋은 IT 개발자, 운영자, 엔지니어 등을 위한 옵저버빌리티 특화 행사다. 올해는 ‘옵저버빌리티와 AI, 새로운 IT 운영의 미래를 열다’를 주제로, AI 네이티브 시대의 AI·GPU 인프라 운영 전략과 최신 기술 트렌드, 옵저버빌리티 기반의 IT 운영 혁신 사례 등을 폭넓게 다룬다.행사는 이동인 와탭랩스 대표의 개회사에 이어 김성조 와탭랩스 CTO가 기조연설을 통해 창립 10주년을 맞은 와탭랩스의 혁신 여정과 최신 기술력, 향후 발전 방향에 대해 발표한다.송주영 LG유플러스 DAX팀 리더가 옵저버빌리티의 진화와 모던 옵저버빌리티 구현 방안을 소개하고, 임성현 AWS 프로페셔널 서비스 매니저는 옵저버빌리티를 활용한 비즈니스 성장 전략과 향후 로드맵을 제시한다.오후 트랙 세션에서는 국내외 주요 테크 기업 전문가들이 실제 운영 경험을 기반으로 한 전략과 노하우를 발표한다. 세션은 △GPU·AI △테크 △비즈니스 세 가지 트랙으로 구성된다.문수영 마이크로소프트 AI·HPC 솔루션 엔지니어는 HPC와 AI의 융합을 위한 애저(Azure) 솔루션의 현황과 발전 방향을, 이종호 카카오 전사 사업개발 총괄은 자사의 AI 전략과 GPU 효율화를 위한 AI 인프라 관리 방안을 발표한다.와탭 옵저브 서밋 2025는 무료로 참여할 수 있으며, 참가 신청 및 자세한 사항은 와탭랩스 공식 홈페이지에서 확인할 수 있다."
https://n.news.naver.com/mnews/article/014/0005429657?sid=105,2025-11-04 18:22:16,IT/과학,LGU+·AWS 'AI 네트워크 자동설치 기술' 공동 개발,"에이전틱AI 고도화한 가상 장비소프트웨어 설치시간 80% 줄여LG유플러스 직원들이 에이전틱 AI를 활용해 클라우드 네이티브 네트워크 소프트웨어를 설치하는 모습. LG유플러스 제공LG유플러스가 아마존웹서비스(AWS)와 손잡고 에이전틱 인공지능(AI)을 활용해 복잡한 클라우드 네이티브 네트워크 소프트웨어를 자동 설치하는 기술을 개발했다고 4일 밝혔다. 자동 설치 기술을 통해 소프트웨어 설치에 걸리는 시간이 기존 대비 최대 80% 가량 줄어들 것으로 기대된다.'클라우드 네이티브 네트워크 소프트웨어'는 클라우드 환경에서 실제 네트워크 장비처럼 동작하는 가상 장비로, 양사가 새롭게 개발한 기술은 네트워크 장비 소프트웨어를 에이전틱 AI가 자동 설치하는 것이 핵심이다. 양사는 여러 AI 에이전트가 협력해 복잡한 네트워크 소프트웨어 설치 과정을 자동화할 수 있도록 AWS가 제공하는 '아마존 베드록'과 '스트랜즈-에이전트 SDK'를 활용했다. 이를 통해 개발 및 반복 테스트에 소요되는 시간을 단축하고 다양한 AI 동작 시나리오를 빠르게 검증했다. '에이전틱 AI'는 스스로 판단하고 행동하는 AI 기술이다. 양사는 신기술에 소프트웨어 설계 문서를 에이전틱 AI에 학습시켰다. 그 결과 에이전틱 AI가 클라우드 인프라 구축부터 네트워크 장비의 파라미터 수집·설정·설치·문제 해결까지 전체 과정을 스스로 수행한다. 기존 각 영역별 전문 엔지니어가 모여 수동으로 장비를 설치하는 과정을 AI가 대체하기 때문에 총 소요 시간을 크게 줄일 수 있고, 수작업에서 발생할 수 있는 오류도 최소화할 수 있다.양사는 전세계적으로 클라우드 네이티브 기반 인프라 전환이 가속화되고 있다는 배경을 고려할 때 새롭게 개발한 기술의 효용이 클 것으로 기대했다. 실제로 글로벌 시장은 네트워크의 지능화 및 자율화를 실현하기 위해 클라우드 기반으로 네트워크를 확대하고 있으며 AI를 활용한 자율 운영 체제로 전환을 가속하고 있다. 향후 LG유플러스는 다양한 AI 에이전트 기반 기술을 확보해 '자율 네트워크' 시대를 선도할 계획이다. 자율 네트워크는 AI가 네트워크 장비 설치부터 오류 개선까지 모두 자율적으로 수행하는 시스템을 의미한다.이상헌 LG유플러스 NW선행개발담당은 ""자율 네트워크의 핵심 기술인 에이전틱 AI를 활용해 한 단계 업그레이드된 고객 품질 혁신이 가능할 것으로 기대된다""고 말했다."
https://n.news.naver.com/mnews/article/022/0004080325?sid=101,2025-11-05 06:04:34,경제,"LGU+, 네트워크 SW 자동설치 기술 개발","AWS 협업 ‘에이전틱 AI’ 구현설치 시간 80% ↓·오류 최소화LG유플러스가 아마존웹서비스(AWS)와 손잡고 인공지능(AI)을 활용해 클라우드 네이티브 네트워크 소프트웨어를 자동 설치하는 기술을 개발했다고 4일 밝혔다.클라우드 네이티브 네트워크 소프트웨어는 클라우드 환경에서 실제 네트워크 장비처럼 작동하도록 코드로 구현한 가상 장비다. 양사는 스스로 추론해 최적의 판단을 내리는 ‘에이전틱 AI’가 이를 자동으로 설치하는 기술을 만들어냈다. AI가 소프트웨어 설계 문서를 학습해 설치와 설정, 문제 해결까지 알아서 수행한다.자동 설치 기술로 소요시간을 단축하고, 수작업에서 발생할 수 있는 오류도 최소화할 수 있다는 게 회사 측 설명이다. 새 기술을 활용하면 설치시간은 80%까지 줄어든다. LG유플러스는 AI 에이전트 기술을 통해 클라우드 기반 네트워크를 확대하고 네트워크 지능·자율화에도 속도를 낼 계획이다.이상헌 LG유플러스 NW선행개발담당은 “자율 네트워크의 핵심 기술인 에이전틱 AI를 활용해 한 단계 업그레이드된 고객 품질 혁신이 가능할 것으로 기대된다”고 말했다."
https://n.news.naver.com/mnews/article/008/0005273619?sid=105,2025-11-05 09:00:00,IT/과학,지구 반바퀴 도는 '올림픽 영상'…LGU+ 끊김 없는 중계 비결은?,"LGU+, 도쿄·파리 이어 밀라노 올림픽도 국내 단독 중계약 한 달간 60번 끊기는 신호…""3가지 대책 세워 만반의 준비""정하준 LG유플러스 유선플랫폼운영담당이 4일 안양사옥에서 밀라노 동계올림픽의 끊김없는 방송중계를 위한 3가지 대비책을 설명하고 있다./사진=LG유플러스""올림픽 기간 중 방송신호가 단절·차단되는 '케이블 컷'이 40~60회 발생합니다. 2009년 런던 올림픽 땐 개막식 화면이 몇 번씩 깜빡거렸습니다. 이에 국제 전송 회선이 끊어지더라도 중계 서비스에 영향이 없도록 3단계 대비책을 세웠습니다.""정하준 LG유플러스 유선플랫폼운영담당(상무)은 4일 안양사옥에서 밀라노 동계올림픽 방송중계 준비 상황을 설명하며 이같이 말했다. 안양사옥은 방송중계·IPTV 등 유선 플랫폼 서비스의 컨트롤타워로, 다수의 국제 스포츠 이벤트 실시간 중계를 맡아왔다. 2021년 도쿄올림픽과 지난해 파리올림픽도 국내 단독 중계를 맡아 주관방송사로부터 호평받았다.국제 스포츠 대회 방송중계 회선 사업은 KT와 LG유플러스가 경쟁하는 형국이다. 내년 밀라노 동계올림픽 방송중계는 LG유플러스가 우선협상대상자로 선정됐다. LG유플러스는 그간 쌓아온 노하우에 첨단 기술을 결합해 '무결점 중계'에 도전한다. 안양사옥에 전담직원 18명, 밀라노 현지에 6명을 배치하고 해외 사업자와도 실시간 협업 체계를 구축할 예정이다.━""2만㎞ 중계도 문제없다"" 무결점 서비스 '자신'━이동일 LG유플러스 방송중계팀 책임이 히트리스 프로텍션 기술을 소개하고 있다. /사진=LG유플러스밀라노에서 촬영한 영상은 국제방송센터(IBC)를 거쳐 각국 해저케이블을 통해 안양사옥까지 약 2만㎞를 이동한다. 지구 반 바퀴를 도는 동안 해저케이블 손상, 정전 등 수많은 변수가 발생한다. 이로 인한 잠깐의 끊김도 실시간 중계에선 치명적인 만큼 △해저케이블 4원화 △히트리스 프로텍션(Hitless Protection) 도입 △대체 전송체계 구축 등 3단계 방지책을 마련했다.해저케이블은 밀라노에서 파리-뉴욕-LA-일본을 거쳐 우리나라로 오는 경로 2개(2만1400㎞), 싱가포르-홍콩을 거쳐 오는 경로 2개(1만5700㎞) 등 총 4개 회선을 임차했다. 정 상무는 ""하나의 회선에 문제가 발생하면 다른 회선으로 즉시 전환해 장애에 대응할 수 있다""고 말했다. 다만 회선 전환(보호절체) 과정에서 약간의 끊김이 발생한다.이를 막는 기술이 히트리스 프로텍션이다. 주 회선과 예비 회선에서 전송되는 신호를 모두 분석해 한쪽에서 장애가 감지될 경우 다른 회선으로 전환한다. 이동일 방송중계팀 책임은 ""국내에서 히트리스를 첫 적용 했다""며 ""이번에는 전 구간에 히트리스를 적용하고, 영상뿐 아니라 음성·인터넷 신호로 확대해 국제 회선이 흔들려도 서비스에 이상이 없을 것""이라고 자신했다.실제 이날 시연에서 주 회선이 끊기자 예비 회선으로 전환하는 과정에서 약 5초간 방송 화면이 멈추거나 깜빡이는 현상이 감지됐다. 그러나 히트리스가 적용된 화면에선 장애가 있었는지 맨눈으로 확인하기 어려웠다.국제 스포츠 경기 중계시 주 회선이 끊어졌을 때를 가정한 시연 장면. 상단 오른쪽 히트리스 기술을 적용한 화면엔 끊김이 없지만, 하단 왼쪽의 보호절체(회선 전환) 기술은 일정 부분 화면이 멈춘다. 아무 기술도 적용하지 않은 하단 오른쪽 화면은 아예 멈췄다. /사진=윤지혜 기자━해저케이블 4개 다 끊기면? '백팩' 투입…""만반의 준비 갖췄다""━LG유플러스는 4개 회선에서 모두 장애가 발생한 상황에도 대비한다.밀라노 현지 인터넷망에 SRT(Secure Reliable Transport) 프로토콜로 영상을 보내는 체계를 구축한다. 오류가 발생하더라도 자체 보정 및 재전송을 통해 상대적으로 안정적인 콘텐츠 전송이 가능하다. 또 '백팩' 형태인 MNG(Mobile News Gathering) 장비를 활용해 현지 모바일망을 통한 무선 전송 시스템도 준비한다. 인근 기지국을 연결해 필요한 콘텐츠를 긴급 송출할 수 있다.LG유플러스 안양사옥 7층 통합 상황실. /사진=윤지혜 기자안양사옥 7층 상황실 벽면은 50개의 대형 모니터로 가득 찼다. 국제 전송 회선부터 네트워크 장비 등 통신 인프라 전 구간에 대한 점검 상황을 24시간 공유하며 대처한다. 실시간 모니터링 대시보드를 통해 국내외 위치한 전 구간 네트워크 장비를 한눈에 관제한다. 이곳에 방송중계·IPTV 등 유선 서비스 품질이 달린 셈이다.정 담당은 ""서비스 장애가 발생할 때 얼마나 신속히 복구하느냐가 핵심 미션""이라며 ""우리나라 국가대표 선수들의 활약상을 찰나의 순간도 놓치지 않도록 최고 품질의 방송중계 서비스를 제공하겠다. 국제 스포츠 이벤트 중계 분야에서 LG유플러스의 역량을 다시 한번 입증하겠다""고 말했다."
https://n.news.naver.com/mnews/article/003/0013581502?sid=105,2025-11-05 09:00:00,IT/과학,"LGU+, '지구 반바퀴' 해저케이블 중계 문제 없다…""밀라노올림픽 중계 이상 無""","LGU+ 안양사옥, 밀라노 동계올림픽 방송중계 컨트롤타워 맡아""재난 상황 언제든 발생할 수 있어…이번에도 무결점 중계 준비""통합운영근무체계로 유기적인 대응…전 서비스 '히트리스' 적용해저 케이블 회선 4원화에 SRT 프로토콜, MNG 장비 백업 갖춰[서울=뉴시스] 박은비 기자 = 정하준 LG유플러스 유선플랫폼운영담당(상무)이 지난 4일 LG유플러스 안양사옥에서 취재진의 질문에 답하고 있다. 2025.11.04. silverline@newsis.com *재판매 및 DB 금지[서울=뉴시스]박은비 기자 = ""내년 밀라노 동계올림픽 주관방송사로 JTBC가 선정됐는데 LG유플러스도 밀라노로 갑니다. 밀라노에서 안양까지 방송신호를 받는 방법이 부산으로 가서 해저케이블을 이용하는 방법인데요. 주 회선뿐만 아니라 예비 회선도 확보했습니다. 과거 (성공적으로 중계를 마친) 경험을 살려서 밀라노 동계올림픽도 잘 끝낼 수 있도록 전문인력이 준비 중입니다.""LG유플러스가 내년 2월 이탈리아 밀라노 동계올림픽 방송 중계 준비에 박차를 가하고 있다. 지난 4일 찾은 LG유플러스 안양사옥은 방송중계·인터넷TV(IPTV) 등 유선플랫폼 서비스 컨트롤타워 역할을 하고 있다. 안양사옥에 유선 서비스가 집중된 건 문제가 생겼을 때 유기적으로 대응하고 신속하게 처리하기 위해서다.안양사옥에서 만난 정하준 LG유플러스 유선플랫폼운영담당(상무)은 ""LG유플러스에서 많은 신규 서비스를 하고 있지만 통신회사 본질은 무선서비스와 유선서비스 두갈래로 나뉜다""며 ""여기서 맡고 있는 서비스는 유선으로 인터넷과 IPTV, 070 전화까지 하고 있고, 이 곳에서 문제가 생기면 전국 단위 장애가 발생한다""고 소개했다.정 상무는 ""최근 사례를 보면 재난 상황이 꽤 있어서 항상 언제든 장애가 발생할 수 있다는 긴장감 속에 살고 있다""며 ""(발생 요인은) 내적 요소도 있지만 외적 요소에서도 이벤트가 생기는데 여기 있는 전문가들이 얼마나 신속하게 복구하느냐, 그게 우리 핵심 미션인 것이고 현재까지는 어느 정도 잘해왔다고 본다. 앞으로도 잘하겠다""고 설명했다.안양사옥은 올해 ISO22301 국제인증을 취득했다. 중대 사고 발생시 핵심 업무를 수행할 수 있는지 확인해주는 인증이다. 앞서 지난 2023년 평촌 데이터센터를 시작으로 지난해 무선플랫폼을 담당하는 상암사옥, 대전사옥이 해당 인증을 취득했다.[서울=뉴시스] 박은비 기자 = 지난 4일 LG유플러스 안양사옥 상황실에서 직원들이 실시간 모니터링하고 있는 모습. 2025.11.04. silverline@newsis.com *재판매 및 DB 금지LG유플러스는 밀라노 동계올림픽도 국제방송중계 서비스 우선협상대상자로 선정돼 무결점 중계에 도전한다는 각오다. 국내 프로야구, 축구, 농구, 골프 등 주요 스포츠를 비롯해 지난 2021년 도쿄올림픽, 지난해 파리올림픽 등 국내 단독 중계를 맡아왔다.밀라노 현지에서 촬영된 경기 영상은 국제방송센터(IBC)에서 각국 해저케이블을 통해 LG유플러스 안양사옥까지 약 2만1400㎞를 이동한다. 지구 반바퀴를 도는 여정에 해저케이블 손상, 정전 등 수많은 변수가 존재하는데, 찰나의 끊김도 실시간 중계에는 치명적일 수 밖에 없다. 이를 원천 차단하기 위해 LG유플러스는 3단계 시스템을 구축했다.먼저 밀라노에서 안양사옥까지 이어지는 해저케이블을 4원화한다. 밀라노에서 지중해와 인도양, 남중국해를 거쳐 우리나라로 오는 경로에 2개 주 회선, 대서양을 지나 미국을 통해 태평양을 통하는 경로에 2개 예비 회선을 임차했다. 하나의 회선에서 문제가 발생해도 다른 회선으로 즉시 전환해 장애에 대응하기 위해서다.LG유플러스는 전 구간에 '히트리스 프로텍션(Hitless Protection)' 기술을 적용할 계획이다. 히트리스 프로텍션은 주 회선과 예비 회선에서 전송되는 신호를 모두 수신하면서 실시간으로 패킷을 분석한다. 회선에서 장애가 감지되면 다른 회선으로 자연스럽게 전환하는 방식이다.이는 국제 표준 규격으로 LG유플러스가 국내에서는 처음 국제 이벤트 중계에 적용했다. 이번에 밀라노 동계올림픽 주관방송사를 맡은 JTBC에 히트리스를 제공하는 전송장비도 최신 장비로 신규 구매한 상태다.[서울=뉴시스] 박은비 기자 = 이동일 LG유플러스 방송중계팀 책임이 지난 4일 LG유플러스 안양사옥에서 밀라노 동계올림픽 방송중계를 위한 '히트리스 프로텍션' 기술을 시연하고 있다. 2025.11.04. silverline@newsis.com *재판매 및 DB 금지이날 장애 상황을 가정한 시연에서 해당 기술 없이 주 회선에서 예비 회선으로 전환하면 약 5초 가량 방송 화면이 멈추거나 깜빡이는 현상이 감지됐지만, 기술이 적용된 뒤에는 장애가 있었는지 육안으로 확인하기 어려운 걸 확인할 수 있었다.여기서 끝난 게 아니다. LG유플러스는 4개 회선에서 모두 장애가 발생하는 상황에 대한 대비책도 마련했다. 밀라노 현지 인터넷망을 활용해 SRT(Secure Reliable Transport) 프로토콜로 영상을 보내는 체계를 구축할 예정이다. SRT 프로토콜을 활용하면 오류가 있어도 자체 보정 및 재전송을 통해 상대적으로 안정적인 콘텐츠 전송이 가능하다.아울러 이조차 되지 않을 경우 MNG(Mobile News Gathering) 장비를 활용해 현지 모바일망을 통해 무선 전송하는 시스템도 준비하고 있다. MNG는 백팩에 약 1㎏ 무게의 휴대형 네트워크 장비를 실어 인근 기지국을 연결하고 필요한 콘텐츠를 비상 송출하는 방식이다. 이를 통해 실시간으로 유연하게 대응할 수 있을 것으로 보고 있다.[서울=뉴시스] 박은비 기자 = LG유플러스가 방송중계 회선 문제시 활용하기 위해 구비해둔 MNG(Mobile News Gathering) 장비. 현지 모바일망을 통해 무선 전송하는 시스템이다. 2025.11.04. silverline@newsis.com *재판매 및 DB 금지LG유플러스 안양사옥은 국제 전용 회선부터 네트워크 장비 등 통신 인프라 전 구간에 대한 점검 상황을 24시간 유기적으로 공유하면서 대처하고 있다. 직원들은 교대근무로 실시간 모니터링 중이다. 이날 상황실에서 본 대시보드에는 이상 상황에 즉각 대응하기 위한 전 구간 네트워크 현황이 한눈에 들어왔다.LG유플러스는 밀라노 동계올림픽에 대비해 안양사옥에 전담직원 18명, 밀라노 현지에 6명을 배치하고, 해외 사업자와도 실시간 협업 체계를 구축하기로 했다.정 상무는 ""우리나라 국가대표 선수들의 활약상을 찰나의 순간도 놓치지 않고 최고 품질의 방송중계 서비스를 제공할 것""이라며 ""국제 스포츠 이벤트 중계 분야에서 LG유플러스 역량을 다시 한 번 입증하겠다""고 말했다."
https://n.news.naver.com/mnews/article/014/0005429781?sid=105,2025-11-05 09:00:31,IT/과학,"""케이블 빼도 끊김 없네""…LG U+, 밀라노 올림픽 단독 중계","LG유플러스 안양사옥에서 최범식 책임이 방송 중계 시스템을 설명하고 있다. 사진=장민권 기자[파이낸셜뉴스] LG유플러스 안양사옥 7층에 마련된 방송중계 상황실에 설치된 중계 장비에서 이동일 방송중계팀 책임이 수신 케이블을 뽑자 일반 전송 화면이 깜빡거리며 영상이 곧장 끊겼다. 한눈에 봐도 방송 중계에 문제가 생겼다는 것을 인지할 수 있었다. 반면 '히트리스 프로텍션'이 적용된 화면은 장애 발생을 눈치채기 어려울 만큼 정상 화면과 거의 동일했다. 이 책임은 ""히트리스 프로텍션이 적용되면 육안으로는 장애가 있었는지조차 확인이 어렵다""고 말했다.지난 4일 방문한 LG유플러스 안양 사옥은 내년 2월 이탈리아 밀라노 동계올림픽 중계 준비에 한창이었다. LG유플러스 안양사옥은 방송중계·인터넷TV(IPTV) 서비스 컨트롤타워다. LG유플러스는 내년 2월 열리는 밀라노 동계올림픽 중계 회선을 단독으로 제공한다. 2021년 도쿄올림픽, 2024년 파리올림픽도 이 곳에서 단독으로 중계했다.올림픽 경기 영상은 밀라노 현지에서 촬영돼 국제방송센터(IBC)에서 각국 해저케이블을 거쳐 LG유플러스 안양사옥까지 도달한다. 이동 거리만 지구 반바퀴에 해당하는 약 2만㎞다. 해저케이블 손상, 정전 등 중계 끊김을 유발할 무수히 많은 변수도 존재한다. LG유플러스는 찰나의 끊김도 실시간 중계에서 치명적 품질 문제로 번질 수 있는 만큼 끊김 현상을 방지하기 위해 △해저케이블 4원화 △오류 발생 시 현지 인터넷망에서 영상 전송 △현지 모바일망을 통한 무선 전송 시스템 등 3단계 시스템을 구축했다.LG유플러스는 밀라노에서 지중해와 인도양, 남중국해를 거쳐 우리나라로 오는 경로에 2개 회선, 대서양을 지나 미국을 통해 태평양을 통하는 경로에 2개 회선을 확보했다. 하나의 회선에 문제가 생겨도 다른 회선으로 즉시 전환해 장애에 대응이 가능하다. 이를 가능케 하는 기술이 '히트리스 프로텍션'이다. 이 기술은 주 회선과 예비 회선에서 전송되는 신호를 모두 수신하며 전기 신호 형태의 '패킷'을 실시간으로 분석한다.LG유플러스는 4개 회선에 모두 장애가 발생하는 상황에서도 중계가 가능하도록 대비책을 마련했다. 밀라노 현지 인터넷망에서 시큐어 릴라이어블 트랜스포트(Secure Reliable Transport) 프로토콜로 영상을 보내는 체계를 구축한다. SRT 프로토콜을 활용하면 오류가 발생해도 자체 보정 및 재전송을 통해 안정적으로 콘텐츠 전송이 가능하다.LG유플러스 안양사옥에서 신성일 IPTV 운영팀장이 방송 중계 시스템을 설명하고 있다. 사진=장민권 기자LG유플러스는 모바일 뉴스 게더링(MNG) 장비를 활용해 현지 모바일망을 통한 무선 전송 시스템도 준비하고 있다. MNG는 등에 멜 수 있는 약 1㎏ 무게의 휴대형 네트워크 장비다. 인근 기지국을 연결해 필요한 콘텐츠를 긴급 송출할 수 있다. 무선 품질 환경에 실시간으로 유연하게 대응해 끊김없는 방송 신호를 제공한다.LG유플러스 안양사옥은 통신 인프라 전 구간에 대한 점검 상황을 24시간 유기적으로 공유하며 이상 상황에 즉각 대처한다. 실시간 모니터링 대시보드를 통해 현지 및 국내에 위치한 전 구간 네트워크 장비를 한눈에 관제한다. LG유플러스 신성일 IPTV 운영팀장은 ""방송중계 상황실에 마련된 40여개의 월 모니터별로 30채널에서 최대 60개의 분할 화면을 제공한다""고 설명했다.실제 LG유플러스는 지난해 파리올림픽에서도 끊김 없는 무결점 중계를 수행했다. LG유플러스는 밀라노 올림픽을 대비해 안양사옥에 전담직원 18명, 밀라노 현지에 6명을 배치하는 한편, 해외 사업자와 실시간 협업 체계를 구축해 다시 한 번 방송 중계를 무결점으로 마친다는 구상이다.정하준 LG유플러스 유선플랫폼운영담당(상무)은 ""국민들이 우리나라 국가대표 선수들의 활약상을 찰나의 순간도 놓치지 않도록 최고 품질의 방송 중계 서비스를 제공할 것""이라고 전했다."
https://n.news.naver.com/mnews/article/119/0003021093?sid=105,2025-11-05 09:01:07,IT/과학,"LGU+, 밀라노 올림픽 ‘무결점 방송’ 3단계 체계 구축","회선4원화와 전 서비스‘히트리스’…SRT프로토콜·MNG등 총3단계 뒷받침LG유플러스 임직원이 안양사옥 방송센터에서 ‘히트리스 프로텍션’ 기술을 시연하고 있는 모습ⓒLG유플러스[데일리안 = 조인영 기자] LG유플러스는 내년 2월 이탈리아 밀라노 동계올림픽의 열기를 있는 그대로 국내에 전달하도록 방송 중계 준비에 박차를 가하고 있다고 5일 밝혔다.2026 밀라노 동계올림픽 국제방송중계 서비스 우선협상대상자로 선정된 LG유플러스는 그간 쌓아온 노하우에 첨단 기술을 결합해 ‘무결점 중계’에 도전한다는 각오다.밀라노부터 2만km, 끊김없는 무결점 중계 위한 ‘3단계 체계’LG유플러스는 자사 방송중계·IPTV 등 유선플랫폼 서비스의 컨트롤타워인 안양사옥에서 밀라노 동계올림픽 방송중계 준비에 매진하고 있다.안양사옥은 다수의 국제 스포츠 이벤트 실시간 중계를 안정적으로 담당해 온 장소다. 대표적으로 지난 2021년 열린 도쿄올림픽과 지난해 파리올림픽도 국내 단독 중계를 맡아 주관방송사로부터 호평을 받은 바 있다.이번 밀라노 동계올림픽에도 국내에 단독으로 중계 회선을 제공할 예정이다.밀라노 현지에서 촬영된 경기 영상은 국제방송센터(IBC)에서 각국 해저케이블을 통해 LG유플러스 안양사옥까지 약 2만km를 이동한다.지구 반바퀴를 도는 이 여정에는 해저케이블 손상, 정전 등 수많은 변수가 존재한다. 이로 인한 찰나의 끊김도 실시간 중계에서는 치명적인 품질 문제로 번질 수 있다.LG유플러스는 밀라노 동계올림픽 방송 중계에서 끊김 현상을 원천 차단하기 위해 3단계 시스템을 구축하기로 했다.밀라노에서 우리나라 안양사옥까지 이어지는 해저케이블을 4원화한다. 밀라노에서 지중해와 인도양, 남중국해를 거쳐 우리나라로 오는 경로에 2개 회선, 대서양을 지나 미국을 통해 태평양을 통하는 경로에 2개 회선을 확보했다. 이에 하나의 회선에 문제가 발생하더라도 다른 회선으로 즉시 전환해 장애에 대응할 수 있다.이 과정에서 적용된 기술이 ‘히트리스 프로텍션(Hitless Protection)’ 이다. 끊김 현상을 방지하기 위해 전 구간에 기술을 적용할 계획이다. 히트리스 프로텍션은 주 회선과 예비 회선에서 전송되는 신호를 모두 수신하며 실시간으로 패킷을 분석해, 한 쪽 회선에서 장애가 감지될 경우 다른 회선으로 전환해 끊김을 없게 만드는 방식이다.이날 장애 상황을 가정한 시연에서, 히트리스 프로텍션 기술 없이 주 회선에서 예비 회선으로 전환했을 때에는 약 5초가량 방송 화면이 멈추거나 깜빡이는 현상 등이 감지됐지만, 히트리스 프로텍션이 적용된 경우에는 육안으로는 장애가 있었는지 확인하기 어려웠다.또 LG유플러스는 4개 회선에 모두 장애가 발생하는 상황에도 중계가 가능하도록 대비책을 마련한다. 밀라노 현지 인터넷망에서 SRT(Secure Reliable Transport) 프로토콜로 영상을 보내는 체계를 구축할 계획이다. SRT 프로토콜을 활용할 경우, 오류가 발생하더라도 자체 보정 및 재전송을 통해 상대적으로 안정적인 콘텐츠 전송이 가능하다.마지막으로 MNG(Mobile News Gathering) 장비를 활용해 현지 모바일망을 통한 무선 전송 시스템도 준비하고 있다. MNG는 등에 멜 수 있는 약 1kg 무게의 휴대형 네트워크 장비로, 인근 기지국을 연결해 필요한 콘텐츠를 긴급 송출할 수 있다. 무선 품질 환경에 실시간으로 유연하게 대응해 끊김없는 방송 신호를 제공할 수 있다.유기적 모니터링 통해 실시간 대응 “찰나의 순간도 놓치지 않게”LG유플러스 안양사옥은 국제 전송 회선부터 네트워크 장비 등 통신 인프라 전 구간에 대한 점검 상황을 24시간 유기적으로 공유하며 대처하고 있다. 또 실시간 모니터링 대시보드를 통해 현지 및 국내에 위치한 전 구간 네트워크 장비를 한눈에 관제하면서 이상 상황에 즉각 대응하는 체계를 갖췄다.이러한 역량에 기반해 LG유플러스는 지난 파리올림픽에서 무결점 중계를 수행했다. 이번 밀라노 동계올림픽에서도 완벽한 중계를 수행하기 위해 안양사옥에 전담직원 18명, 밀라노 현지에 6명을 배치한다. 해외 사업자와도 실시간 협업 체계를 구축할 예정이다.정하준 LG유플러스 유선플랫폼운영담당(상무)은 “국민들이 우리나라 국가대표 선수들의 활약상을 찰나의 순간도 놓치지 않도록 최고 품질의 방송중계 서비스를 제공할 것”이라며 “국제 스포츠 이벤트 중계 분야에서 LG유플러스의 역량을 다시 한번 입증하겠다”고 강조했다."
https://n.news.naver.com/mnews/article/092/0002396966?sid=105,2025-11-05 09:01:08,IT/과학,"LGU+, 밀라노 올림픽 3단계 중계 시스템 구축","지구 반바퀴 해저케이블 중계...회선 4원화와 전 서비스 ‘히트리스’LG유플러스가 내년 2월 이탈리아 밀라노 동계올림픽 방송 무결점 중계에 도전한다고 밝혔다.회사는 유선플랫폼 서비스의 컨트롤타워인 안양사옥에서 밀라노 동계올림픽 방송중계 준비에 매진하고 있다. 안양사옥은 다수의 국제 스포츠 이벤트 실시간 중계를 안정적으로 담당해 온 장소다. 지난 2021년 열린 도쿄올림픽과 지난해 파리올림픽도 국내 단독 중계를 맡았다.밀라노 현지에서 촬영된 경기 영상은 국제방송센터(IBC)에서 각국 해저케이블을 통해 LG유플러스 안양사옥까지 약 2만km를 이동한다. 지구 반바퀴를 도는 이 여정에는 해저케이블 손상, 정전 등 수많은 변수가 존재한다. 이로 인한 찰나의 끊김도 실시간 중계에서는 치명적인 품질 문제로 번질 수 있다.이에 따라, LG유플러스는 밀라노 동계올림픽 방송 중계에서 끊김 현상을 원천 차단하기 위해 3단계 시스템을 구축하기로 했다.먼저 밀라노에서 우리나라 안양사옥까지 이어지는 해저케이블을 4원화한다. 밀라노에서 지중해와 인도양, 남중국해를 거쳐 우리나라로 오는 경로에 2개 회선, 대서양을 지나 미국을 통해 태평양을 통하는 경로에 2개 회선을 확보했다. 이에 하나의 회선에 문제가 발생하더라도 다른 회선으로 즉시 전환해 장애에 대응할 수 있다.이 과정에서 적용된 기술이 ‘히트리스 프로텍션(Hitless Protection)’ 이다. 끊김 현상을 방지하기 위해 전 구간에 기술을 적용할 계획이다. 히트리스 프로텍션은 주 회선과 예비 회선에서 전송되는 신호를 모두 수신하며 실시간으로 패킷을 분석해, 한 쪽 회선에서 장애가 감지될 경우 다른 회선으로 전환해 끊김을 없게 만드는 방식이다.또 LG유플러스는 4개 회선에 모두 장애가 발생하는 상황에도 중계가 가능하도록 대비책을 마련한다. 밀라노 현지 인터넷망에서 SRT 프로토콜로 영상을 보내는 체계를 구축할 계획이다. SRT 프로토콜을 활용할 경우, 오류가 발생하더라도 자체 보정 및 재전송을 통해 상대적으로 안정적인 콘텐츠 전송이 가능하다.마지막으로 MNG 장비를 활용해 현지 모바일망을 통한 무선 전송 시스템도 준비하고 있다. MNG는 등에 멜 수 있는 약 1kg 무게의 휴대형 네트워크 장비로, 인근 기지국을 연결해 필요한 콘텐츠를 긴급 송출할 수 있다. 무선 품질 환경에 실시간으로 유연하게 대응해 끊김없는 방송 신호를 제공할 수 있다.또 LG유플러스 안양사옥은 국제 전송 회선부터 네트워크 장비 등 통신 인프라 전 구간에 대한 점검 상황을 24시간 유기적으로 공유하고, 실시간 모니터링 대시보드를 통해 현지 및 국내에 위치한 전 구간 네트워크 장비를 한눈에 관제하면서 이상 상황에 즉각 대응하는 체계를 갖췄다.이러한 역량에 기반해 LG유플러스는 지난 파리올림픽에서 무결점 중계를 수행했다. 이번 밀라노 동계올림픽에서도 완벽한 중계를 수행하기 위해 안양사옥에 전담직원 18명, 밀라노 현지에 6명을 배치한다. 해외 사업자와도 실시간 협업 체계를 구축할 예정이다.정하준 LG유플러스 유선플랫폼운영담당은 “국민들이 우리나라 국가대표 선수들의 활약상을 찰나의 순간도 놓치지 않도록 최고 품질의 방송중계 서비스를 제공할 것”이라며 “국제 스포츠 이벤트 중계 분야에서 LG유플러스의 역량을 다시 한번 입증하겠다”고 말했다."
https://n.news.naver.com/mnews/article/016/0002552820?sid=105,2025-11-05 09:01:09,IT/과학,"“찰나의 끊김도 용납 못 한다”…LGU+, 밀라노 올림픽 ‘만전’","방송중계 컨트롤타워 LGU+ 안양 사옥 르포해저케이블 4원화·SRT 프로토콜·MNG 등통신 인프라 전 구간 모니터링 등 대비[헤럴드경제=고재우 기자] 지난 4일 오후 3시께, LG유플러스 안양 사옥 7층 유선플랫폼운영상황실. 4분할 된 화면에서 펼쳐지는 시연에 시선이 쏠렸다. 만약의 사태를 가정해 회선 하나를 분리하자, 네 개의 화면 중 한 화면(일반전송)이 멈췄다. 화면 속 한 여자 프로농구 선수는 슛 동작 도중 공중에 뜬 채 좀처럼 착지할 줄 몰랐다.올림픽이었다면 손흥민 선수가 골을 넣는 순간에 중계가 멈추는 ‘대형사고’인 셈이다. 잘하면 당연하고, 못 하면 국민적 비난을 받는 계륵에 LG유플러스가 다시 도전장을 내밀었다. 지난해 파리올림픽에 이어 내년 밀라노 동계올림픽 국제 방송중계 서비스 우선협상대상자로 선정됐다.LG유플러스는 이날 자사 방송중계·인터넷TV(IPTV) 등 유선플랫폼 서비스 컨트롤타워인 안양 사옥에서 ‘무결점 중계’를 위한 전략을 공개했다.LG유플러스 임직원이 ‘히트리스 프로텍션’ 기술을 시연하고 있다. [LG유플러스 제공]▶만약, 또 만약을 위한 대비…끊김 현상 원천 차단= 밀라노 현지에서 촬영된 경기 영상은 국제방송센터(IBC)에서 각국 해저케이블을 통해 LG유플러스 안양 사옥으로 지구 반 바퀴를 이동한다.물론 이동 과정에 수많은 변수가 존재한다. 해저케이블 손상, 정전 등이 대표적이다. 이로 인한 찰나의 끊김은 실시간 중계에서 치명적인 결과로 돌아온다. 이에 LG유플러스는 끊김 현상 원천 차단을 위한 3단계 시스템을 구축했다.우선 해저케이블 ‘4원화’다. 한국-일본-LG-뉴욕-파리-밀라노(2만1400㎞), 한국-홍콩-싱가포르-밀라노(1만5700㎞) 등 경로에 각각 2개의 회선을 확보했다. 하나의 회선에서 문제가 발생하더라도, 다른 회선으로 즉시 전환해 대응하겠다는 것이다.특히 모든 회선에는 ‘히트리스 프로텍션’ 기술이 적용된다. 히트리스 프로텍션은 주 회선과 예비 회선에서 전송되는 신호를 모두 수신한다. 주 회선에서 문제 발생 시 예비 회선으로 전환하기 위해서다. 이 경우 육안으로 장애가 있었는지조차 확인하기 어려울 정도로 빠르고 매끄럽게 중계가 이어진다.4개 회선에서 모두 장애가 발생한 경우에도 대비한다. 밀라노 현지 인터넷망에 SRT 프로토콜을 활용한 영상 전송 체계 구축을 통해서다. SRT 프로토콜 이용 시 오류 발생에도 자체 보정 및 재전송을 통해 안정적인 콘텐츠 전송이 가능하다.마지막으로 이동식취재장비(MNG)도 갖출 계획이다. MNG는 1㎏가량의 휴대형 네트워크 장비다. 인근 기지국에 연결해 콘텐츠를 긴급 송출할 수 있다. 이를 통해 유사시 현지 모바일 망을 활용한 무선 전송 시스템을 활용하겠다는 복안이다.정하준 LG유플러스 유선플랫폼운영담당이 4일 LG유플러스 안양 사옥에서 밀라노 동계올림픽 준비 상황에 대해 설명하고 있다. [LG유플러스 제공]▶24시간 실시간 모니터링…이상 상황 즉각 대응= 지난 1997년 문을 연 LG유플러스 안양 사옥은 유선플랫폼 서비스 품질 노하우가 집약된 거점이다.최근에는 업무 연속성 관리 국제표준인 ISO22301(BCMS) 인증을 획득하기도 했다. 이는 재난·재해 상황에서도 안정적 서비스를 제공할 수 있는 역량을 갖췄다는 일종의 훈장이다.기술적인 완성에 인력도 더했다. LG유플러스 안양 사옥에서는 국제 전송 회선부터 네트워크 장비 등 통신 인프라 전 구간에 대한 24시간 점검이 이뤄진다. 실시간 모니터링 대시보드를 통해 현지 및 국내에 위치한 전 구간 네트워크 장비를 감시한다.이 같은 노력은 지난해 파리올림픽 무결점 중계라는 성과로 이어졌다. LG유플러스는 밀라노 동계올림픽에도 안양 사옥 내 전담 직원 18명, 밀라노 현지 6명 등을 배치할 계획이다.정하준 LG유플러스 유선플랫폼운영담당은 “국민이 국가대표 선수들의 활약 순간을 놓치지 않도록 최고 품질의 방송중계 서비스를 제공할 것”이라며 “국제 스포츠 이벤트 중계 분야에서 LG유플러스의 역량을 입증할 것”이라고 말했다."
https://n.news.naver.com/mnews/article/277/0005674654?sid=105,2025-11-05 09:04:00,IT/과학,"LGU+, 밀라노 동계올림픽 중계 ""이상 無""…안양사옥 준비 상황은?","2만㎞ 이동하는 올림픽 경기 영상해저케이블 4원화로 끊김 차단SRT 프로토콜·MNG 장비 이용LG유플러스는 내년 2월 이탈리아 밀라노 동계올림픽 중계 준비에 박차를 가하고 있다고 4일 밝혔다. LG유플러스는 2026년 밀라노 동계올림픽 국제 방송 중계 서비스 우선협상대상자로 선정됐다.LG유플러스가 내년 2월 이탈리아 밀라노에서 열리는 동계올림픽 방송 중계 준비에 박차를 가하고 있다고 5일 밝혔다. 사진은 LG유플러스 직원이 안양사옥 방송센터에서 ‘히트리스 프로텍션’ 기술을 시연하고 있는 모습. LG유플러스 제공LG유플러스는 안양사옥에서 밀라노 동계올림픽 방송중계 준비에 매진하고 있다. 안양사옥은 다수의 국제 스포츠 이벤트 실시간 중계를 안정적으로 담당해 온 장소다. 2021년 열린 도쿄올림픽과 지난해 파리올림픽도 국내 단독 중계를 맡은 바 있다.밀라노 현지에서 촬영된 경기 영상은 국제방송센터(IBC)에서 각국 해저케이블을 통해 LG유플러스 안양사옥까지 약 2만㎞를 이동한다. 지구 반바퀴를 도는 이 여정에는 해저케이블 손상, 정전 등 수많은 변수가 존재한다. 이로 인한 찰나의 끊김도 실시간 중계에서는 치명적인 품질 문제로 번질 수 있다.LG유플러스는 끊김 현상을 차단하기 위해 3단계 시스템을 구축하기로 했다. 먼저 밀라노에서 우리나라 안양사옥까지 이어지는 해저케이블을 4원화한다. 밀라노에서 지중해와 인도양, 남중국해를 거쳐 우리나라로 오는 경로에 2개 회선, 대서양을 지나 미국을 통해 태평양을 통하는 경로에 2개 회선을 확보했다. 이에 하나의 회선에 문제가 발생하더라도 다른 회선으로 즉시 전환해 장애에 대응할 수 있다.이 과정에서 전 구간에 '히트리스 프로텍션' 기술을 적용해 한쪽 회선에서 장애가 감지될 경우 다른 회선으로 전환해 끊김을 없게 만든다.LG유플러스는 4개 회선에 모두 장애가 발생하는 상황에도 중계가 가능하도록 대비책을 마련한다. 밀라노 현지 인터넷망에서 SRT(Secure Reliable Transport) 프로토콜로 영상을 보내는 체계를 구축할 계획이다. SRT 프로토콜을 활용할 경우 오류가 발생하더라도 자체 보정 및 재전송을 통해 상대적으로 안정적인 콘텐츠 전송이 가능하다.마지막으로 MNG(Mobile News Gathering) 장비를 활용해 현지 모바일망을 통한 무선 전송 시스템도 준비하고 있다. MNG는 1kg 무게의 휴대형 네트워크 장비로, 인근 기지국을 연결해 필요한 콘텐츠를 긴급 송출할 수 있다.LG유플러스는 안양사옥에 전담직원 18명, 밀라노 현지에 6명을 배치한다. 해외 사업자와도 실시간 협업 체계를 구축할 예정이다.정하준 LG유플러스 유선플랫폼운영담당(상무)은 ""국민들이 우리나라 국가대표 선수들의 활약상을 찰나의 순간도 놓치지 않도록 최고 품질의 방송중계 서비스를 제공할 것""이라고 강조했다."
https://n.news.naver.com/mnews/article/138/0002208703?sid=105,2025-11-05 09:31:06,IT/과학,“지구 반바퀴 실시간 방송 대비” LGU+ 올림픽 중계 준비 총력,"LG유플러스 임직원이 안양사옥 방송센터에서 ‘히트리스 프로텍션’ 기술을 시연하고 있는 모습.[ⓒLG유플러스][디지털데일리 오병훈기자] LG유플러스가 오는 2026년 2월 이탈리아 밀라노에서 개최되는 동계올림픽 중계 방송 품질 향상을 위한 작업에 돌입한다.LG유플러스는 2026 밀라노 동계올림픽 국제방송중계 서비스 우선협상대상자로 선정됐으며 그간 쌓아온 노하우에 첨단 기술을 결합해 안정적인 중계 준비를 이어가고 있다고 5일 밝혔다.자사 방송중계·인터넷TV(IPTV) 등 유선플랫폼 서비스 컨트롤타워인 안양사옥에서 밀라노 동계올림픽 방송중계 대비 작업을 하고 있다는 설명이다.안양사옥은 다수 국제 스포츠 실시간 중계를 담당해 온 곳이다. 대표적으로 지난 2021년 열린 도쿄올림픽과 지난해 파리올림픽도 국내 단독 중계를 맡았다. 이번 밀라노 동계올림픽에도 국내에 단독으로 중계 회선을 제공한다.밀라노 현지에서 촬영된 경기 영상은 국제방송센터(IBC)에서 각국 해저케이블을 통해 LG유플러스 안양사옥까지 약 2만km를 이동한다. 지구 반바퀴를 도는 이 여정에는 해저케이블 손상과 정전 등 변수가 존재한다. 이로 인한 끊김은 실시간 중계 품질 문제로 번질 수 있다.LG유플러스는 밀라노 동계올림픽 방송 중계에서 끊김 현상을 원천 차단하기 위해 3단계 시스템을 구축하기로 했다.먼저 밀라노에서 우리나라 안양사옥까지 이어지는 해저케이블을 4원화한다. 밀라노-지중해-인도양-남중국해를 거치는 경로에 2개 회선을 확보했다. 대서양을 지나 미국을 통해 태평양을 통하는 경로에는 2개 회선을 준비했다. 하나의 회선에 문제가 발생하더라도 다른 회선으로 즉시 전환해 장애에 대응한다.이 과정에서 적용된 기술이 ‘히트리스 프로텍션(Hitless Protection)’이다. 끊김 현상을 방지하기 위해 전 구간에 기술을 적용한다. 히트리스 프로텍션은 주 회선과 예비 회선에서 전송되는 신호를 모두 수신하며 실시간으로 패킷을 분석한다. 한 쪽 회선에서 장애가 감지될 경우 다른 회선으로 전환해 끊김을 없게 만드는 방식이다.실제 장애 상황을 가정한 시연에서 히트리스 프로텍션 기술 없이 주 회선에서 예비 회선으로 전환했을 때에는 약 5초가량 방송 화면이 멈추거나 깜빡이는 현상 등이 감지됐다. 반면 히트리스 프로텍션이 적용된 경우에는 육안으로는 장애가 있었는지조차 확인하기 어려웠다.LG유플러스는 4개 회선에 모두 장애가 발생하는 상황에도 중계가 가능하도록 대비책을 마련한다. 밀라노 현지 인터넷망에서 보안신뢰전송(SRT) 프로토콜로 영상을 보내는 체계를 구축할 계획이다. SRT 프로토콜을 활용할 경우 오류가 발생하더라도 자체 보정 및 재전송을 통해 상대적으로 안정적인 전송이 가능하다.모바일송출식(MNG) 장비를 활용해 현지 모바일망을 통한 무선 전송 시스템도 준비 중이다. MNG는 등에 멜 수 있는 약 1kg 무게의 휴대형 네트워크 장비로, 인근 기지국을 연결해 필요한 콘텐츠를 긴급 송출할 수 있다. 무선 품질 환경에 실시간으로 유연하게 대응해 끊김없는 방송 신호를 제공할 수 있다.LG유플러스 안양사옥은 국제 전송 회선부터 네트워크 장비 등 통신 인프라 전 구간에 대한 점검 상황을 24시간 유기적으로 공유하고 있다. 실시간 모니터링 대시보드를 통해 현지 및 국내에 위치한 전 구간 네트워크 장비를 한눈에 관제하면서 이상 상황에 즉각 대응하는 체계를 갖췄다.LG유플러스는 이러한 역량에 기반해 지난 파리올림픽에서도 중계를 수행했다. 밀라노 동계올림픽 때는 안양사옥에 전담직원 18명과 밀라노 현지에 6명을 배치한다. 해외 사업자와도 실시간 협업 체계를 구축한다.정하준 LG유플러스 유선플랫폼운영담당(상무)은 “국민들이 우리나라 국가대표 선수 활약상을 놓치지 않도록 최고 품질 방송중계 서비스를 제공할 것”이라며 “국제 스포츠 중계 분야에서 LG유플러스 역량을 다시 한번 입증하겠다”고 말했다."
https://n.news.naver.com/mnews/article/031/0000978061?sid=105,2025-11-05 09:40:06,IT/과학,"LGU+, 2026 밀라노 동계올림픽 중계 준비 박차","히트리스 프로텍션 기반 3단계 무결점 중계 체계 구축LG유플러스는 2026년 2월 열리는 이탈리아 밀라노 동계올림픽의 열기를 국내에 생생히 전달하기 위해 방송중계 준비에 속도를 내고 있다고 5일 밝혔다.사진은 LG유플러스 임직원이 안양사옥 방송센터에서 방송중계 장비를 조작하고 있는 모습 [사진=LGU+]국제방송중계 서비스 우선협상대상자로 선정된 LG유플러스는 그동안 축적한 기술력과 노하우를 바탕으로 이번 대회에서도 끊김 없는 고품질 중계에 도전한다.LG유플러스는 자사 유선플랫폼 서비스 컨트롤타워인 안양사옥을 중심으로 중계 준비를 진행 중이며, 이번에도 국내 단독 중계 회선을 제공할 계획이다. 앞서 LG유플러스는 도쿄올림픽과 파리올림픽에서도 주관방송사로부터 호평을 받으며 중계 품질을 입증한 바 있다.밀라노에서 촬영된 영상은 국제방송센터(IBC)에서 해저케이블을 통해 약 2만km 떨어진 LG유플러스 안양사옥까지 실시간으로 전송된다. 이에 따라 LG유플러스는 끊김 현상을 원천 차단하기 위한 3단계 시스템을 구축했다.우선 해저케이블 4원화다. 지중해·인도양·남중국해를 경유하는 회선 2개, 대서양·미국·태평양을 통하는 회선 2개를 확보해 하나의 회선에 문제가 생겨도 즉시 대체 회선으로 전환이 가능하다.여기에 전 구간에 '히트리스 프로텍션' 기술을 적용해 실시간으로 패킷을 분석, 장애 발생 시 육안으로도 인지되지 않을 정도의 자연스러운 회선 전환을 구현한다. 실제 시연에서는 일반 전환 대비 최대 5초간 발생할 수 있는 화면 멈춤이나 깜빡임 현상이 관찰되지 않았다.또 4개 회선 모두에 장애가 발생할 경우를 대비해, 밀라노 현지 인터넷망을 활용한 SRT 기반 예비 전송망도 준비 중이다. SRT 기술은 자체 보정 및 재전송을 통해 안정적인 콘텐츠 전달을 지원한다.LG유플러스는 24시간 통합 모니터링 체계를 가동해 국제 전송 회선과 국내 통신 인프라 전 구간의 상태를 실시간 점검한다. 안양사옥에는 전담 직원 18명, 밀라노 현지에는 6명을 배치해 해외 사업자와의 실시간 협업 체계도 운영할 계획이다.정하준 LG유플러스 유선플랫폼운영담당 상무는 ""국민들이 국가대표 선수들의 활약을 한순간도 놓치지 않도록 최고 품질의 중계를 제공하겠다""며 ""국제 스포츠 이벤트 중계 분야에서 LG유플러스의 기술력을 다시 한번 입증하겠다""고 말했다."
https://n.news.naver.com/mnews/article/421/0008585874?sid=105,2025-11-05 09:51:51,IT/과학,"LGU+, 밀라노 동계올림픽 대비 돌입…2만㎞ 무결점 중계 도전","해저케이블 4원화·히트리스 프로텍션 적용SRT 프로토콜로 안정성 강화…24시간 모니터링LG유플러스가 내년 2월 이탈리아 밀라노에서 개최되는 동계올림픽 방송 중계 준비에 돌입했다. 사진은 LG유플러스 임직원이 안양사옥 방송센터에서 ‘히트리스 프로텍션’ 기술을 시연하고 있는 모습(서울=뉴스1) 김민수 기자 = LG유플러스(032640)가 내년 2월 이탈리아에서 열리는 밀라노 동계올림픽 현장을 국내에 끊김이 없이 전달하기 위한 방송중계 준비에 5일 돌입했다.밀라노에서 촬영된 영상은 국제방송센터(IBC)를 거쳐 해저케이블로 약 2만㎞를 이동해 안양사옥에 도착한다. LG유플러스는 중계 과정에서 발생할 수 있는 끊김을 방지하기 위해 3단계 안정화 체계를 구축했다.먼저 밀라노에서 우리나라 안양사옥까지 이어지는 해저케이블을 4원화한다. 밀라노에서 지중해와 인도양, 남중국해를 거쳐 우리나라로 오는 경로에 2개 회선, 대서양을 지나 미국을 통해 태평양을 통하는 경로에 2개 회선을 확보했다.이 과정에서 적용된 기술은 '히트리스 프로텍션(Hitless Protection)' 이다. 끊김 현상을 방지하기 위해 전 구간에 기술을 적용할 계획이다. 히트리스 프로텍션은 주 회선과 예비 회선에서 전송되는 신호를 모두 수신하며 실시간으로 패킷을 분석해, 한쪽 회선에서 장애가 감지될 경우 다른 회선으로 전환해 끊김을 없게 만드는 방식이다.LG유플러스는 4개 회선에 모두 장애가 발생하는 상황에도 중계가 가능하도록 밀라노 현지 인터넷망에서 SRT(Secure Reliable Transport) 프로토콜로 영상을 보내는 체계를 구축한다. SRT 프로토콜을 활용할 경우, 오류가 발생하더라도 자체 보정·재전송을 통해 상대적으로 안정적인 콘텐츠 전송이 가능하다.LG유플러스 안양사옥은 국제회선과 장비 상태를 24시간 모니터링 하며, 안양사옥에 18명, 밀라노 현지에 6명의 전담 인력을 투입하는 등 완벽한 중계를 목표로 하고 있다. 해외 사업자와도 실시간 협업 체계를 구축할 예정이다."
https://n.news.naver.com/mnews/article/016/0002552896?sid=105,2025-11-05 09:55:07,IT/과학,"LGU+, 올해 3분기 매출 약 4조…전년 比 5.5% 증가","희망퇴직 비용 ‘1500억’ 여파…영업익, 34.3%↓무선 사업 5.6%, 스마트홈 3.5%, 기업인프라 1.8%↑LG유플러스 용산 사옥 전경. [LG유플러스 제공][헤럴드경제=고재우 기자] LG유플러스 올해 3분기 영업이익이 약 600명 희망퇴직 여파로 전 분기 대비 ‘35%’ 가까이 쪼그라들었다. 이는 시장 평균 전망치보다 크게 낮은 수치다.단 장기적으로는 희망퇴직으로 인한 인력비용 등 절감이 예상된다. 또 모바일, 스마트홈, AI데이터센터(AIDC) 등 기업인프라에서는 고른 성장세를 보였다.5일 공시에 따르면 LG유플러스 올해 3분기(연결 기준) 매출 4조108억원, 영업이익 1617억원으로 집계됐다. 매출에서 단말기 수익을 제외한 매출(서비스 수익) 규모는 3조1166억원이었다.지난해 같은 기간보다 매출은 5.5% 늘었으나, 영업이익은 34.3% 감소했다. 희망퇴직에 따른 일회성 비용 약 1500억원이 반영됐기 때문이다.마케팅비용은 전년 동기 대비 5.2% 늘어난 5852억원이었다. 동기간 서비스 수익 대비 마케팅비용 비중은 20.1%였다. 설비투자(CAPEX) 비용은 4381억원으로 2.2% 감소했다.▶무선 사업 5.6%↑, 스마트홈 부문 3.5% 매출 상승 견인= 올해 3분기 매출 상승은 무선 사업, 스마트홈 부문 등이 견인했다.세부적으로 무선 사업은 이동통신(MNO) 및 알뜰폰(MVNO) 가입 회선 증가로 전년 동기 대비 5.6% 증가한 1조7114억원을 기록했다. 무선 가입 회선은 약 3025만9000개로, 사상 최초 총가입 회선 3000만개를 돌파했다. 5G 핸드셋 가입자 비중도 처음으로 80%를 넘긴 81.6%로 나타났다.인터넷과 인터넷TV(IPTV) 등으로 구성된 스마트홈 부문은 기가인터넷 가입자의 증가로 작년 동기 대비 3.5% 상승한 6734억원의 매출을 달성했다. 기가인터넷 가입자 비중은 지난해 3분기 대비 5% 포인트 증가했다. 같은 기간 인터넷 매출은 8.4% 성장한 3113억원이었다. 가입자도 4.3% 늘었다. IPTV 사업은 가입자가 3.3% 증가에도, 전체 매출은 0.4% 감소한 3342억원이었다.▶AIDC 사업 매출 14.5%↑, 기업인프라 성장 견조= 기업인프라 부문 매출도 AIDC 사업 성장에 힘입어 지난해 같은 기간 대비 1.8% 증가한 4279억원으로 나타났다.AIDC 매출은 평촌 2센터 신규 고객사 입주, 데이터센터 설계·구축·운영(DBO) 사업 진출 등으로 지난해 같은 기간보다 14.5% 늘어난 1031억원을 달성했다.LG유플러스는 AIDC 사업 강화를 위해 파주에 신규 AI데이터센터를 구축하고 있다. 또 코람코자산운용과 협업해 DBO 사업에 진출하는 등 사업 영역을 넓혀가고 있다. LG유플러스는 AIDC를 중심으로, 설루션과 인프라 경쟁력을 강화해 인공지능 전환(AX)을 선도할 계획이다.반면 인공지능 컨택센터(AICC)·스마트모빌리티 등 기업 간 거래(B2B) 신사업 영역인 ‘설루션’ 부문과 기업용 인터넷 전용회선 사업인 ‘기업회선’ 부문 매출은 감소했다. 올해 3분기 설루션 사업 매출은 전기차 충전 사업 양도 등 영향으로 전년 동기 대비 0.7% 감소했고, 기업 회선 매출도 2.2% 줄었다.여명희 LG유플러스 최고재무책임자는 “올해 3분기에는 희망퇴직에 따른 일회성 인건비 지급에도 불구하고, 모바일 부문의 성장세에 힘입어 견조한 실적을 기록했다”며 “앞으로도 AI 서비스 차별화를 통해 본원적 경쟁력 강화에 집중할 것”이라고 말했다."
https://n.news.naver.com/mnews/article/008/0005273674?sid=105,2025-11-05 09:57:27,IT/과학,"LGU+, 3분기 영업익 1617억원...전년比 34.3%↓(1보)","LG유플러스는 올해 3분기 연결 기준 매출 4조108억원, 영업이익 1617억원을 기록했다고 5일 공시했다. 전년 동기 대비 매출은 5.5% 증가했으나, 영업이익은 34.3% 감소했다. 전기 대비로도 매출은 4.3% 증가했지만, 영업이익은 46.9% 감소했다."
https://n.news.naver.com/mnews/article/421/0008585902?sid=105,2025-11-05 09:58:18,IT/과학,"[속보]LGU+, 3분기 영업이익 1617억원…전년比 -34.3% 급감","LG유플러스 용산사옥 2020.08.24/뉴스1(서울=뉴스1) 이기범 기자 = LG유플러스(032640)가 올해 3분기 연결 기준 매출 4조 108억 원, 영업이익 1617억 원을 기록했다고 5일 공시했다. 각각 전년 동기 대비 5.5% 증가, 34.3% 감소한 수치다. 600명 수준으로 알려진 희망퇴직으로 인해 약 1500억 원의 일회성 명퇴 비용이 영향을 미친 것으로 풀이된다.시장전망치는 매출은 3조 8958억 원, 영업이익은 1983억 원 수준이었다."
https://n.news.naver.com/mnews/article/003/0013581738?sid=105,2025-11-05 09:58:57,IT/과학,"[속보]LGU+, 3분기 영업익 1617억…전년 비 34.3% 감소",[서울=뉴시스]윤현성 기자 = LG유플러스는은 3분기 연결기준 영업이익이 1617억원으로 전년 동기 대비 34.3% 줄었다고 5일 공시했다. 같은 기간 매출액은 4조108억원으로 5.5% 증가했다．
https://n.news.naver.com/mnews/article/031/0000978089?sid=105,2025-11-05 10:02:07,IT/과학,"[속보] LGU+, 3분기 영업익 1617억…전년 대비 34% 감소",LG유플러스는 2025년 3분기 연결기준 영업이익 1617억원을 기록했다고 5일 공시했다. 전년 동기(2460억원) 대비 34.3% 감소한 수치다. 같은 기간 매출액은 4조108억원으로 전년 대비 5.5% 늘었다.[사진=아이뉴스24 DB]
https://n.news.naver.com/mnews/article/018/0006156529?sid=105,2025-11-05 10:02:10,IT/과학,"LGU+, 3Q 영업익 1617억...전년比 34.3% 감소","[이데일리 윤정훈 기자]LG유플러스는 올해 3분기 연결재무제표 기준 매출액은 4조108억원, 영업이익은 1617억원을 기록했다고 밝혔다. 매출액은 전년 동기 대비 5.5% 증가했고, 같은 기간 영업이익은 34.3% 감소했다.(사진=LGU+)"
https://n.news.naver.com/mnews/article/001/0015724875?sid=101,2025-11-05 10:02:27,경제,LGU+ 3분기 영업익 1천617억원…작년 동기 대비 34.3%↓,시장 전망치 13.4% 상회KISA에 해킹 정황 신고한 LG유플러스(서울=연합뉴스) 김성민 기자 = LG유플러스가 서버 해킹 정황을 사이버 보안 당국에 신고했다. LG유플러스는 23일 한국인터넷진흥원(KISA)에 서버 해킹 피해와 관련한 신고서를 제출했다.사진은 이날 서울 용산구 LG유플러스 용산 사옥의 모습. 2025.10.23 ksm7976@yna.co.kr(서울=연합뉴스) 코스피 상장사 LG유플러스는 연결 기준 3분기 영업이익이 1천617억원으로 지난해 동기보다 34.3% 감소한 것으로 잠정 집계됐다고 5일 공시했다.이번 영업이익은 연합인포맥스가 집계한 시장 전망치 1천425억원을 13.4% 상회했다.매출은 4조108억원으로 작년 동기 대비 5.5% 증가했다. 순이익은 491억원으로 63.6% 줄었다.stock_news@yna.co.kr
https://n.news.naver.com/mnews/article/030/0003366920?sid=105,2025-11-05 10:04:13,IT/과학,"LGU+, 3분기 영업익 1617억원…전년비 34.3% 감소",LG유플러스 3분기 실적이 희망퇴직 등 일회성 비용 영향으로 다소 주춤했다.5일 금융감독원 전자공시에 따르면 LG유플러스의 올 3분기 연결기준 영업이익은 1617억원으로 작년 동기대비 34.3% 줄었다. 같은 기간 매출은 5.5% 증가한 4조108억원으로 집계됐다.
https://n.news.naver.com/mnews/article/001/0015724899?sid=105,2025-11-05 10:07:24,IT/과학,"LGU+ ""2만㎞ 여정 밀라노 동계올림픽 중계 철저 준비""","안양 사옥서 회선 4원화 등 끊김 없는 중계 준비에 만전LG유플러스, 밀라노 동계올림픽 중계 준비[LG유플러스 제공. 재판매 및 DB 금지](서울=연합뉴스) 조성미 기자 = LG유플러스는 내년 2월 이탈리아 밀라노 동계올림픽을 생생하게 전달하도록 방송중계 준비에 박차를 가하고 있다고 5일 밝혔다.2026 밀라노 동계올림픽 국제방송중계 서비스 우선협상대상자로 선정된 LG유플러스는 방송중계 노하우에 첨단 기술을 결합해 밀라노부터 2만㎞ '무결점 중계'에 도전한다고 설명했다.이 회사는 유선 플랫폼 서비스의 지휘소인 안양 사옥에서 밀라노 동계올림픽 방송중계를 준비 중이다. 안양 사옥은 2021년 도쿄올림픽, 2024년 파리올림픽 등 다수 국제 스포츠 이벤트의 실시간 중계가 진행됐다.LG유플러스는 이번 밀라노 동계올림픽에도 국내에 단독으로 중계 회선을 제공할 예정이다.밀라노에서 촬영된 경기 영상은 국제방송센터(IBC)에서 각국 해저케이블을 통해 LG유플러스 안양 사옥까지 약 2만㎞를 이동한다.지구 반바퀴를 도는 여정에는 해저케이블 손상, 정전 등 수많은 변수가 존재해 찰나의 끊김도 실시간 중계에서는 치명적인 품질 문제로 번질 수 있다는 설명이다.LG유플러스는 밀라노 동계올림픽 방송 중계에서 끊김 현상을 원천 차단하기 위해 해저케이블 4원화, 끊김 현상을 방지하는 '히트리스 프로텍션' 등 대비 시스템을 구축하기로 했다.LG유플러스는 4개 회선에 모두 장애가 발생하는 상황에도 중계가 가능하도록 밀라노 현지 인터넷망에서 영상을 보내는 체계를 마련하고 등에 멜 수 있는 약 1㎏ 무게의 휴대형 네트워크 장비(MNG)를 동원해 현지 모바일 망을 통한 무선 전송 시스템도 준비한다.정하준 LG유플러스 유선플랫폼운영담당은 ""국민들이 우리나라 국가대표 선수들의 활약상을 찰나의 순간도 놓치지 않도록 최고 품질의 방송중계 서비스를 제공할 것""이라고 말했다.csm@yna.co.kr"
https://n.news.naver.com/mnews/article/003/0013581821?sid=105,2025-11-05 10:16:45,IT/과학,"LGU+, 3분기 영업익 34.3% 감소…희망퇴직 비용 1500억 반영 영향","3분기 매출 전년 比 5.5% 증가한 4조108억…영업익은 1617억 집계희망퇴직 비용 제외하면 영업이익 전년보다 26.7% 증가한 3117억경쟁사 '가입자 엑소더스' 효과…무선 가입 회선 3000만 첫 돌파[서울=뉴시스]LG유플러스 용산사옥 전경. (사진=LG유플러스 제공)[서울=뉴시스]윤현성 기자 = LG유플러스의 3분기 영업이익이 전년 대비 34.3% 감소했다. 직원 수백여명의 희망퇴직에 따른 약 1500억원의 일회성 비용이 반영된 탓이다.희망퇴직 비용을 제외한 영업이익은 26.7% 늘어난 수준이다. 특히 최근 경쟁사에서 발생한 해킹 사고 등으로 이통사 간 '가입자 엑소더스(대이동)' 현상이 나타나면서 LG유플러스 전체 무선 가입회선이 처음으로 3000만개를 넘어서기도 했다.LG유플러스는 2025년 3분기 연결재무제표 기준 매출 4조108억원, 서비스수익(매출-단말수익) 3조1166억원, 영업이익 1617억원을 기록했다고 5일 밝혔다.매출과 서비스수익은 모바일 부문의 성장세에 힘입어 각각 전년 동기 대비 5.5%, 4.2% 늘어났다. 또한 전사 AI 에이전트 확산 적용을 통한 업무 효율화 및 생산성 향상, AIDC(AI데이터센터) 사업의 가시적인 성과 등도 견조한 실적의 배경으로 지목된다.영업이익은 희망퇴직에 따른 일회성 인건비 지급의 영향으로 지난해 3분기에 비해 34.3% 감소했다. 다만 희망퇴직에 소요된 1500억원을 제외하면 3분기 영업이익은 지난해 같은 기간 대비 26.7% 늘어난 3117억원으로 상반기에 이어 개선된 흐름이 지속되고 있다.마케팅비용은 가입자 증가에 따라 전년 동기 대비 5.2% 늘어난 5852억원을 기록했다. 서비스 수익대비 마케팅비용 비중은 지난해 3분기와 거의 유사한 20.1%로 효율적으로 비용을 집행하고 있다. CAPEX(설비투자)는 4381억원으로 지난해 같은 기간 대비 2.2% 감소했다.무선 가입 회선 사상 최초 3000만 돌파…5G 핸드셋 가입자 비중 80% 돌파"
https://n.news.naver.com/mnews/article/421/0008586010?sid=105,2025-11-05 10:22:42,IT/과학,"LGU+, 3분기 영업익 1617억원…희망퇴직 비용 반영","희망퇴직 비용 1500억원…비용 제외하면 3117억원LG유플러스 용산사옥 2020.08.24/뉴스1(서울=뉴스1) 김민수 기자 = LG유플러스(032640)의 올해 3분기 영업이익이 희망퇴직에 따른 비용 증가로 인해 감소했다.5일 업계에 따르면 LG유플러스는 올해 3분기 연결재무제표 기준 매출 4조 108억원, 서비스수익 3조 1166억원, 영업이익 1617억원을 기록했다.영업이익은 희망퇴직에 따른 일회성 인건비 지급의 영향으로 전년 동기 대비 34.3% 감소했다. 다만 희망퇴직에 소요된 1500억원을 제외하면 3분기 영업이익은 지난해 동기 대비 26.7% 늘어난 3117억원으로 상반기에 이어 개선된 흐름이 지속되고 있다고 회사는 설명했다.무선사업 매출은 1조 7114억 원으로 전년 동기 대비 5.6% 증가했다. 접속수익을 제외한 모바일 서비스수익은 1조 6272억 원으로 5.2% 늘었다.3분기 무선 사업은 5G 핸드셋 가입 비중과 MNO 및 MVNO 가입 회선 증가에 힘입어 전년 동기 대비 5.6% 증가한 1조 7114억원을 기록했다. 접속수익을 제외한 모바일 서비스수익은 1조 6272억원으로 지난해 대비 5.2% 늘었다.인터넷과 IPTV 사업으로 구성된 스마트홈 부문은 기가인터넷 가입자의 증가로 지난해 동기 대비 3.5% 상승한 6734억원의 매출을 달성했다.인터넷 매출은 3113억원으로 지난해 같은 기간 대비 8.4% 성장했다. IPTV 사업은 가입회선을 꾸준히 확보해 지난해 동기 대비 가입자가 3.3% 증가했으나 전체 매출은 0.4% 감소한 3342억원을 기록했다.AIDC, 솔루션, 기업회선 등 사업이 포함된 기업인프라 부문 매출은 AIDC 사업은 지난해 같은 기간 대비 1.8% 증가한 4279억원을 기록했다.AIDC 매출은 평촌 2센터 신규 고객사 입주에 따른 가동률 상승과 데이터센터 설계·구축·운영(DBO) 사업 진출 등 영향으로 전년 동기 대비 14.5% 늘어난 1031억원을 달성했다.같은 기간 AICC·스마트모빌리티 등 B2B 신사업 영역인 '솔루션' 부문과 기업용 인터넷 전용회선 사업인 '기업회선' 부문 매출은 소폭 감소했다. 올해 3분기 솔루션 사업 매출은 전기차충전사업 양도 등의 영향으로 전년 동기 대비 0.7% 감소했으며, 기업회선 매출은 2.2% 줄었다."
https://n.news.naver.com/mnews/article/629/0000440695?sid=105,2025-11-05 10:23:10,IT/과학,"LGU+, 3분기 영업익 1617억원…전년比 34.3%↓","희망퇴직으로 일시적 비용 발생무선 가입회선 3000만 개 돌파LG유플러스가 올해 3분기 연결 매출액 4조108억원, 영업이익 1617억원을 기록했다. /더팩트 DBLG유플러스는 올해 3분기 연결 영업이익이 1617억원으로 지난해 3분기 대비 34.3% 감소했다고 5일 공시했다. 같은 기간 매출액은 5.5% 늘어난 4조108억원을 기록했다.LG유플러스에 따르면 희망퇴직 인건비 1500억원을 반영하면 실질적 영업이익은 3117억원으로 전년 동기 대비 26.7% 증가했다.사업별로 보면 3분기 무선사업 매출액은 1조7114억원으로 전년 동기 대비 5.6% 증가했다. 모바일 서비스수익은 1조6272억원으로 5.2% 늘었다. 전체 무선 가입회선은 3025만9000여개로 사상 처음 3000만을 돌파했다. MNO 가입회선은 2120만개, MVNO 가입회선은 905만개로 각각 5.4%, 16.8% 증가했다. 전체 MNO 핸드셋 중 5G 가입자 비중은 81.6%로 처음 80%를 넘어섰다.스마트홈 부문은 기가인터넷 가입자 증가에 힘입어 매출액 6734억원으로 전년 동기 대비 3.5% 늘었다. 인터넷 매출은 3113억원으로 8.4% 증가했고 IPTV 매출은 3342억원으로 0.4% 감소했다.기업인프라 부문 매출은 4279억원으로 전년 동기 대비 1.8% 증가했다. 특히 AIDC 매출은 평촌2센터 신규 고객 입주와 데이터센터 설계·구축·운영(DBO) 사업 진출 영향으로 14.5% 늘어난 1031억원을 기록했다. 직전 분기 대비 7.1% 증가한 수준으로 AI 클라우드 수요 확대로 지속적인 성장세가 기대된다는 설명이다.여명희 LG유플러스 CFO는 ""희망퇴직에 따른 일회성 인건비 지급에도 불구하고 모바일 부문 성장세에 힘입어 견조한 실적을 거뒀다""며 ""AI 서비스 차별화를 통한 경쟁력 강화와 수익성 제고, 주주환원 확대를 통해 지속 가능한 기업가치를 높이겠다""고 말했다.발로 뛰는 더팩트는 24시간 여러분의 제보를 기다립니다.▶카카오톡: '더팩트제보' 검색▶이메일: jebo@tf.co.kr▶뉴스 홈페이지: http://talk.tf.co.kr/bbs/report/write"
https://n.news.naver.com/mnews/article/001/0015724991?sid=101,2025-11-05 10:25:05,경제,LGU+ 3분기 영업익 작년 동기비 34.3%↓…희망퇴직 영향(종합),"순이익도 63.6% 급감…무선 가입 회선은 3천만 첫 돌파LG유플러스[LG유플러스 제공. 재판매 및 DB 금지](서울=연합뉴스) 박형빈 기자 = LG유플러스는 연결 기준 3분기 영업이익이 1천617억원으로 지난해 동기보다 34.3% 감소했다고 5일 밝혔다.이번 영업이익은 연합인포맥스가 집계한 시장 전망치 1천425억원을 13.4% 상회했다.매출은 4조108억원으로 작년 동기 대비 5.5% 늘어났다. 당기순이익은 491억원으로 63.6% 줄었다.LG유플러스는 전사 인공지능(AI) 에이전트 확산 적용을 통한 업무 효율화 및 생산성 향상, AI 데이터센터(DC) 사업의 성과 등이 매출 증가 배경이라고 분석했다.영업이익은 감소했으나 희망퇴직에 투입된 1천500억원을 제외할 경우 지난해 같은 기간 대비 26.7% 늘어난 3천117억원으로 상반기에 이어 개선된 흐름을 이어가고 있다고 설명했다.3분기 무선 사업은 5G 핸드셋 가입 비중과 이동통신(MNO)·알뜰폰(MVNO) 가입 회선 증가에 힘입어 작년 동기 대비 5.6% 증가한 1조7천114억원을 기록했다. 접속수익을 제외한 모바일 서비스수익은 1조6천272억원으로 지난해 대비 5.2% 증가했다.전체 무선 가입 회선은 작년 3분기 대비 8.6% 늘어난 3천25만9천여개로, 처음으로 3천만개를 돌파했다. MNO 가입 회선은 지난해 같은 기간 대비 5.4% 증가한 2천120만여개, MVNO 가입 회선은 16.8% 증가한 905만여개로 집계됐다.인터넷과 IPTV 사업으로 구성된 스마트홈 부문 매출은 기가인터넷 가입자 증가로 작년 동기 대비 3.5% 늘어난 6천734억원을 달성했다.인터넷 매출은 3천113억원으로 지난해 같은 기간 대비 8.4% 성장했으며, 가입자 또한 4.3% 늘었다. IPTV 사업은 가입자가 지난해 동기 대비 3.3% 증가했으나 전체 매출은 0.4% 감소한 3천342억원을 기록했다.AI DC, 솔루션, 기업 회선 등 사업이 포함된 기업 인프라 부문 매출은 AI DC 사업의 성장에 힘입어 1.8% 증가한 4천279억원을 기록했다.AIDC 매출은 평촌 2센터 신규 고객사 입주에 따른 가동률 상승과 데이터센터 설계·구축·운영(DBO) 사업 진출 등 영향으로 작년 동기 대비 14.5%, 직전 분기 대비 7.1% 늘어난 1천31억원을 달성했다.LG유플러스는 AI DC 사업 강화를 위해 파주에 신규 AI DC를 구축하고 있으며, 코람코자산운용과 협업해 DBO 사업에 진출하는 등 관련 사업 영역을 넓혀갈 방침이다.마케팅 비용은 가입자 증가에 따라 작년 동기 대비 5.2% 늘어난 5천852억원을 기록했다. 서비스 수익 대비 마케팅 비용 비중은 지난해 3분기와 유사한 20.1%로 나타났다. CAPEX(설비투자)는 4천381억원으로 지난해 같은 기간 대비 2.2% 감소했다.여명희 LG유플러스 최고재무책임자·최고리스크책임자(CFO·CRO)는 ""일회성 인건비 지급에도 모바일 부문 성장세에 힘입어 견조한 실적을 기록했다""며 ""앞으로도 AI 서비스 차별화를 통한 본원적 경쟁력 강화에 집중하고, 수익성 제고와 주주환원 강화를 통해 지속 가능한 기업가치 제고를 지향하겠다""고 말했다.[LG유플러스 제공. 재판매 및 DB 금지]binzz@yna.co.kr"
https://n.news.naver.com/mnews/article/138/0002208720?sid=105,2025-11-05 10:25:07,IT/과학,LGU+ 3분기 영업익 1617억원 전년比 34%↓“퇴직금 지급 영향”,"LG유플러스 사옥[디지털데일리 오병훈기자] LG유플러스의 올해 3분기 영업이익이 희망퇴직 실시에 따른 퇴직금 지급 등 영향으로 감소했다.LG유플러스는 2025년 3분기 연결재무제표 기준 매출 4조 108억원, 영업이익 1617억원을 기록했다고 5일 공시했다. 영업수익에서 단말 수익을 제외한 매출인 서비스 수익 3조 1166억원으로 나타났다. 매출은 전년 동기와 비교해 5.5% 증가했으나 영업이익은 34.3% 감소했다. 서비스 수익은 4.2% 늘어났다.영업이익은 희망퇴직에 따른 일회성 인건비 지급의 영향으로 감소했다. 희망퇴직에 소요된 1500억원을 제외하면 3분기 영업이익은 지난해 같은 기간 대비 26.7% 늘어난 3117억원을 기록했다는 것이 LG유플러스 측 설명이다.마케팅비용은 가입자 증가에 따라 전년 같은 기간과 비교해 5.2% 늘어난 5852억원을 기록했다. 서비스 수익대비 마케팅비용 비중은 지난해 3분기와 거의 유사한 20.1% 나타났다. 설비투자(CAPEX)는 4381억원으로 지난해 같은 기간과 비교해 2.2% 감소했다.◆무선 가입 회선 3000만 돌파 5G 핸드셋 가입자 비중은 80% 넘겨3분기 무선 사업은 5G단말기 가입 비중과 이동통신(MNO) 및 알뜰폰(MVNO) 가입 회선 증가에 힘입어 전년 동기 대비 5.6% 증가한 1조7114억원을 기록했다. 접속수익을 제외한 모바일 서비스수익은 1조 6272억원으로 지난해 대비 5.2% 증가했다.MNO와 MVNO를 합한 전체 무선 가입회선은 작년 3분기 대비 8.6% 늘어난 3026만여개로 사상 최초 총 가입회선 3000만개를 달성했다. MNO 가입회선은 지난해 같은 기간 대비 5.4% 증가한 2120만여개로 나타났으며 MVNO 가입회선은 16.8% 증가한 905만여개로 집계됐다.전체 MNO 단말기 가입자 대비 5G 단말기 가입자 비중도 처음으로 80%를 넘겨 81.6%를 기록했다. 이는 작년 동기 대비 11.4%p(포인트) 늘어난 수치다. 또한 지난해 같은 기간 대비 5G 핸드셋 가입자 증가폭은 MVNO 가입회선의 증가폭보다 더 큰 19.1%를 기록했다.LG유플러스는 AI 검색 기능이 추가된 통합앱 ‘유플러스 원(U+ONE)’을 출시했다. 개인 맞춤형 기능을 강화한 익시오(ixi-O)2.0 업데이트도 실시하는 등 MNO 가입자를 위한 다양한 AI 서비스를 개발했다. 한국표준협회(KSA)가 주관하는 ‘2025년 디지털고객경험지수’에서 2년 연속 이동통신부문 1위를 차지하는 등 고객의 디지털 경험을 지속 강화하고 있다는 설명이다.◆기가인터넷 및 500M 속도 이상 가입자 증가, 스마트홈 부문 3.5% 상승인터넷과 인터넷TV(IPTV) 사업으로 구성된 스마트홈 부문은 기가인터넷 가입자의 증가로 작년 동기 대비 3.5% 상승한 6734억원 매출을 달성했다. 기가인터넷 가입자 비중은 지난해 3분기 대비 5%p 증가했다. 500M 속도 이상 상품에 가입한 회선의 누적 비중도 1.5%p 늘어나 81.8%를 기록했다.인터넷 매출은 3113억원으로 지난해 같은 기간 대비 8.4% 성장했다. 가입자도 4.3% 늘었다. IPTV 사업에서 가입회선은 지난해 동기 대비 3.3% 증가했으나 전체 매출은 0.4% 감소한 3342억원을 기록했다.LG유플러스는 가입자에게 고품질서비스를 제공하기 위해 스마트홈 부문에도 AI를 적용했다. 와이파이(Wi-Fi) 품질을 분석해 고객 품질을 사전에 탐지하고 자가 조치하는 AI를 인터넷 분야에 도입했으며 홈서비스 설치 및 사후서비스(A/S) 현장에는 AI 업무 비서를 도입했다.◆가동률 상승 및 DBO 사업 진출…AIDC 사업 매출 14.5%↑인공지능데이터센터(AIDC)와 솔루션·기업회선 등 사업이 포함된 기업인프라 부문 매출은 AIDC 사업 성장에 힘입어 지난해 같은 기간 대비 1.8% 증가한 4279억원을 기록했다.구체적으로 AIDC 매출은 평촌 2센터 신규 고객사 입주에 따른 가동률 상승과 데이터센터 설계·구축·운영(DBO) 사업 진출 등 영향으로 전년 동기 대비 14.5% 늘어난 1031억원을 달성했다. 직전 분기 대비해서도 7.1% 증가한 금액이다.같은 기간 인공지능콘택트센터(AICC)·스마트모빌리티 등 기업 간 거래(B2B) 신사업 영역인 ‘솔루션’ 부문과 기업용 인터넷 전용회선 사업인 ‘기업회선’ 부문 매출은 소폭 감소했다. 올 3분기 솔루션 사업 매출은 전기차충전사업 양도 등 영향으로 전년 동기 대비 0.7% 감소했으며 기업회선 매출은 2.2% 줄었다.LG유플러스는 AIDC 사업 강화를 위해 파주에 신규 AI데이터센터를 구축하고 있으며 코람코자산운용과 협업해 DBO 사업에 진출하는 등 관련 사업 영역을 넓혀가고 있다. 앞으로도 LG유플러스는 AIDC 성장 핵심 축으로 솔루션과 인프라 경쟁력을 강화해 인공지능전환(AX)시대를 선도하는 B2B 파트너로 성장하겠다는 구상이다.여명희 LG유플러스 최고재무책임자 겸 최고리스크책임자(CFO/CRO)는 “이번 분기에는 희망퇴직에 따른 일회성 인건비 지급에도 불구하고, 모바일 부문의 성장세에 힘입어 견조한 실적을 기록했다”며 “앞으로도 AI 서비스 차별화를 통한 본원적 경쟁력 강화에 집중하고 수익성 제고와 주주환원 강화를 통해 지속 가능한 기업가치 제고를 지향하겠다”고 말했다."
https://n.news.naver.com/mnews/article/092/0002397005?sid=105,2025-11-05 10:32:14,IT/과학,"LGU+, 3분기 영업익 1617억원...전년비 34.3%↓","희망퇴직 비용 1500억 반영...모바일 부문 매출 5.6% 증가LG유플러스는 연결기준 지난 3분기 매출 4조108억원, 서비스매출 3조1천166억원, 영업이익 1천617억원을 기록했다고 5일 공시했다.모바일 부문의 성장세로 매출은 전년 동기 대비 5.5% 늘었다.다만, 영업이익은 희망퇴직에 따른 일회성 인건비 지급의 영향으로 지난해 3분기 대비 34.3% 감소했다.희망퇴직에 소요된 1천500억원을 제외하면 3분기 영업이익은 지난해 같은 기간 대비 26.7% 늘어난 3천117억원으로 상반기에 이어 개선된 흐름이 지속되고 있다.마케팅비용은 가입자 증가에 따라 전년 동기 대비 5.2% 늘어난 5천852억원을 기록했다. 서비스 매출 대비 마케팅비용 비중은 지난해 3분기 수준인 20.1%다.설비투자(CAPEX)는 4천381억원으로 지난해 같은 기간 대비 2.2% 감소했다.3분기 무선 사업은 5G 핸드셋 가입 비중과 MNO, MVNO 가입 회선 증가에 따라 전년 동기 대비 5.6% 증가한 1조7천114억원을 기록했다. 접속매출을 제외한 모바일 서비스매출은 1조 6천272억원으로 지난해 대비 5.2% 증가했다.MNO와 MVNO를 합한 전체 무선 가입회선은 작년 3분기 대비 8.6% 늘어난 3천25만9천여개로, 사상 최초 총 가입회선 3천만을 넘어섰다. MNO 가입회선은 지난해 같은 기간 대비 5.4% 증가한 2천120만여개, MVNO 가입회선은 16.8% 증가한 905만여개로 집계됐다.전체 MNO 핸드셋 가입자 대비 5G 핸드셋 가입자 비중도 처음으로 80%를 넘겨 81.6%를 기록했다. 전년 동기 대비 11.4% 포인트 늘어난 수치다. 또한 지난해 같은 기간 대비 5G 핸드셋 가입자 증가폭은 MVNO 가입회선의 증가폭보다 더 큰 19.1%를 기록하며 질적 성장을 이어가고 있다.인터넷과 IPTV 사업으로 구성된 스마트홈 부문은 기가인터넷 가입자의 증가로 전년 동기 대비 3.5% 상승한 6천734억원의 매출을 달성했다. 기가인터넷 가입자 비중은 지난해 3분기 대비 5.0% 포인트 증가하고, 500M 속도 이상 상품에 가입한 회선의 누적 비중도 1.5% 포인트 늘어나 81.8%를 기록하며 스마트홈 부문 성장을 견인했다.인터넷 매출은 3천113억원으로 지난해 같은 기간 대비 8.4% 성장했으며, 가입자 또한 4.3% 늘었다. IPTV 사업은 가입회선을 꾸준히 확보해 지난해 동기 대비 가입자가 3.3% 증가했으나 전체 매출은 0.4% 감소한 3천342억원을 기록했다.AIDC, 솔루션, 기업회선 등 사업이 포함된 기업인프라 부문 매출은 AIDC 사업의 견조한 성장에 힘입어 지난해 같은 기간 대비 1.8% 증가한 4천279억원을 기록했다.AIDC 매출은 평촌 2센터 신규 고객사 입주에 따른 가동률 상승과 데이터센터 설계 구축 운영(DBO) 사업 진출 등 영향으로 전년 동기 대비 14.5% 늘어난 1천31억원을 달성했다. 직전 분기와 비교해도 7.1% 증가한 수치로, 시장 내 AI 클라우드 수요가 늘어날 것으로 전망되는 만큼 AIDC 매출 역시 지속적인 상승이 기대된다.AICC, 스마트모빌리티 등 B2B 신사업 영역인 솔루션 부문과 기업용 인터넷 전용회선 사업인 기업회선 부문 매출은 소폭 감소했다. 올 3분기 솔루션 사업 매출은 전기차충전사업 양도 등의 영향으로 전년 동기 대비 0.7% 감소했으며, 기업회선 매출은 2.2% 줄었다.여명희 LG유플러스 최고재무책임자(CFO)는 “이번 분기에는 희망퇴직에 따른 일회성 인건비 지급에도 불구하고, 모바일 부문의 성장세에 힘입어 견조한 실적을 기록했다”며 “앞으로도 AI 서비스 차별화를 통한 본원적 경쟁력 강화에 집중하고, 수익성 제고와 주주환원 강화를 통해 지속 가능한 기업가치 제고를 지향하겠다”고 말했다."
https://n.news.naver.com/mnews/article/018/0006156571?sid=105,2025-11-05 10:35:10,IT/과학,"LGU+, 3Q 매출 4조 돌파...‘AIDC·모바일’ 동반 성장","전년比 영업수익 5.5%↑, 서비스수익 4.2%↑모바일 부문 성장세, AIDC 사업 성과희망퇴직 일회성 비용 제외 영업익 전년比 26% ↑무선사업 5.6%, 스마트홈 3.5%, 기업인프라 1.8% 증가[이데일리 윤정훈 기자]LG유플러스(032640)는 2025년 3분기 연결재무제표 기준 영업수익 4조 108억원, 서비스수익1) 3조 1166억원, 영업이익 1617억원을 기록했다고 5일 밝혔다.영업수익과 서비스수익은 모바일 부문의 성장세에 힘입어 각각 전년 동기 대비 5.5%, 4.2% 늘어났다. 또한 전사 AI 에이전트 확산 적용을 통한 업무 효율화 및 생산성 향상, AIDC 사업의 가시적인 성과 등도 견조한 실적의 배경으로 지목된다.영업이익은 희망퇴직에 따른 일회성 인건비 지급의 영향으로 지난해 3분기에 비해 34.3% 감소했다. 다만 희망퇴직에 소요된 1500억원을 제외하면 3분기 영업이익은 지난해 같은 기간 대비 26.7% 늘어난 3117억원으로 상반기에 이어 개선된 흐름이 지속되고 있다.설비투자(CAPEX)는 4381억원으로 지난해 같은 기간 대비 2.2% 감소했다.2025년 3분기 영업이익(사진=LG유플러스)무선 가입 회선 3000만 돌파...5G 80% 넘어3분기 무선 사업은 5G 핸드셋 가입 비중과 MNO 및 MVNO 가입 회선 증가에 힘입어 전년 동기 대비 5.6% 증가한 1조 7114억원을 기록했다. 접속수익을 제외한 모바일 서비스수익은 1조 6272억원으로 지난해 대비 5.2% 증가했다.MNO와 MVNO 를 합한 전체 무선 가입회선은 작년 3분기 대비 8.6% 늘어난 3025만 9000여개로, 사상 최초 총 가입회선 3000만개를 달성했다. MNO 가입회선은 지난해 같은 기간 대비 5.4% 증가한 2120만여개, MVNO 가입회선은 16.8% 증가한 905만여개로 집계됐다.전체 MNO 핸드셋 가입자 대비 5G 핸드셋 가입자 비중도 처음으로 80%를 넘겨 81.6%를 기록했다.(사진=LG유플러스)500M 이상 인터넷 수요↑...스마트홈 부문 3.5% 상승인터넷과 IPTV 사업으로 구성된 스마트홈 부문은 기가인터넷 가입자의 증가로 작년 동기 대비 3.5% 상승한 6734억원의 매출을 달성했다. 기가인터넷 가입자 비중은 지난해 3분기 대비 5.0%p 증가하고, 500M 속도 이상 상품에 가입한 회선의 누적 비중도 1.5%p 늘어나 81.8%를 기록하며 스마트홈 부문 성장을 견인했다.인터넷 매출은 3113억원으로 지난해 같은 기간 대비 8.4% 성장했으며, 가입자 또한 4.3% 늘었다. IPTV 사업은 가입회선을 꾸준히 확보해 지난해 동기 대비 가입자가 3.3% 증가했으나 전체 매출은 0.4% 감소한 3342억원을 기록했 다.AIDC, 솔루션, 기업회선 등 사업이 포함된 기업인프라 부문 매출은 AIDC 사업의 견조한 성장에 힘입어 지난해 같은 기간 대비 1.8% 증가한 4279억원을 기록했다.구체적으로 AIDC 매출은 평촌 2센터 신규 고객사 입주에 따른 가동률 상승과 데이터센터 설계·구축·운영(DBO) 사업 진출 등 영향으로 전년 동기 대비 14.5% 늘어난 1031억원을 달성했다. 이는 직전 분기 대비해서도 7.1% 증가한 금액으로, 시장 내 AI 클라우드 수요가 늘어날 것으로 전망되는 만큼 AIDC 매출 역시 지속적인 상승이 기대된다.LG유플러스는 AIDC 사업 강화를 위해 파주에 신규 AI데이터센터를 구축하고 있으며, 코람코자산운용과 협업해 DBO 사업에 진출하는 등 관련 사업 영역을 넓혀가고 있다. 앞으로도 LG유 플러스는 AIDC를 성장의 핵심 축으로, 솔루션과 인프라 경쟁력을 강화해 AX시대를 선도하는 B2B 파트너로 성장한다는 계획이다.여명희 LG유플러스 최고재무책임자(CFO) 겸 최고리스크책임자(CRO)는 “이번 분기에는 희망퇴직에 따른 일회성 인건비 지급에도 불구하고, 모바일 부문의 성장세에 힘입어 견조한 실적을 기록했다”며 “앞으로도 AI 서비스 차별화를 통한 본원적 경쟁력 강화에 집 중하고, 수익성 제고와 주주환원 강화를 통해 지속 가능한 기업가치 제고를 지향하겠다”고 말했다."
https://n.news.naver.com/mnews/article/082/0001352179?sid=101,2025-11-05 10:37:10,경제,"LGU+, 3분기 영업이익 1617억 원…전년 대비 34% 감소","매출은 4조 108억 원으로 5.5% 증가“영업이익 감소는 희망퇴직 비용 때문”LG유플러스는 3분기 연결재무제표 기준 매출 4조 108억 원, 영업이익 1617억 원을 기록했다고 5일 밝혔다. LG유플러스 제공LG유플러스가 3분기에 영업이익 1617억 원을 기록했다. 지난해 같은 기간에 비해 34.3% 감소한 수치다. LG유플러스는 영업이익 감소에 대해 희망퇴직에 따른 일회성 비용 때문이라고 설명했다.LG유플러스는 3분기 연결재무제표 기준 매출 4조 108억 원, 영업이익 1617억 원을 기록했다고 5일 밝혔다. 매출은 전년 동기 대비 5.5% 늘었지만 영업이익은 34.3% 줄었다. LG유플러스는 영업이익 감소에 대해 “희망퇴직에 따른 일회성 인건비 지급의 영향”이라고 밝혔다. 희망퇴직에 소요된 1500억 원을 제외하면 3분기 영업이익은 지난해 같은 기간 대비 26.7% 늘어난 3117억 원으로 상반기에 이어 개선된 흐름이라는 설명이다. 3분기 마케팅비용은 가입자 증가에 따라 전년 동기 대비 5.2% 늘어난 5852억 원을 기록했다. 설비투자(CAPEX)는 4381억 원으로 지난해 같은 기간 대비 2.2% 감소했다.LG유플러스의 3분기 무선 사업은 5G 단말기 가입 비중과 MNO(이동전화), MVNO(알뜰폰) 가입 회선 증가에 힘입어 전년 동기 대비 5.6% 증가한 1조 7114억 원을 기록했다. 접속수익을 제외한 모바일 서비스 수익은 1조 6272억 원으로 지난해 대비 5.2% 증가했다. MNO와 MVNO를 합한 전체 무선 가입회선은 작년 3분기 대비 8.6% 늘어난 3025만 9000여 개로, 사상 최초 총 가입회선 3000만 개를 달성했다. MNO 가입회선은 지난해 같은 기간 대비 5.4% 증가한 2120만여 개, MVNO 가입회선은 16.8% 증가한 905만여 개로 집계됐다.전체 MNO 단말기 가입자 대비 5G 단말기 가입자 비중도 처음으로 80%를 넘겨 81.6%를 기록했다. 이는 작년 동기 대비 11.4%포인트(P) 늘어난 수치다. 또한 지난해 같은 기간 대비 5G 핸드셋 가입자 증가폭은 MVNO 가입회선의 증가폭보다 더 큰 19.1%를 기록했다.인터넷과 IPTV 사업으로 구성된 스마트홈 부문은 기가인터넷 가입자의 증가로 작년 동기 대비 3.5% 상승한 6734억 원의 매출을 기록했다. 기가인터넷 가입자 비중은 지난해 3분기 대비 5.0%P 증가하고, 500M 속도 이상 상품에 가입한 회선의 누적 비중도 1.5%P 늘어나 81.8%를 기록하며 스마트홈 부문 성장을 견인했다.인터넷 매출은 3113억 원으로 지난해 같은 기간 대비 8.4% 성장했으며, 가입자 또한 4.3% 늘었다. IPTV 사업은 가입회선을 확보해 지난해 동기 대비 가입자가 3.3% 증가했으나 전체 매출은 0.4% 감소한 3342억 원을 기록했다. AIDC(인공지능 데이터센터), 솔루션, 기업회선 등 사업이 포함된 기업인프라 부문 매출은 AIDC 사업의 성장에 힘입어 지난해 같은 기간 대비 1.8% 증가한 4279억 원을 기록했다.AIDC 매출은 평촌 2센터 신규 고객사 입주에 따른 가동률 상승과 데이터센터 설계·구축·운영(DBO) 사업 진출 등 영향으로 전년 동기 대비 14.5% 늘어난 1031억 원을 기록했다. 이는 직전 분기 대비해서도 7.1% 증가한 금액이다. 같은 기간 AICC(인공지능 상담센터)·스마트모빌리티 등 B2B 신사업 영역인 ‘솔루션’ 부문과 기업용 인터넷 전용회선 사업인 ‘기업회선’ 부문 매출은 소폭 감소했다. 올 3분기 솔루션 사업 매출은 전기차충전사업 양도 등의 영향으로 전년 동기 대비 0.7% 감소했으며, 기업회선 매출은 2.2% 줄었다.여명희 LG유플러스 최고재무책임자·최고리스크책임자(CFO·CRO)는 “이번 분기에는 희망퇴직에 따른 일회성 인건비 지급에도 불구하고, 모바일 부문의 성장세에 힘입어 견조한 실적을 기록했다”며 “앞으로도 AI 서비스 차별화를 통한 본원적 경쟁력 강화에 집중하고, 수익성 제고와 주주환원 강화를 통해 지속 가능한 기업가치 제고를 지향하겠다”고 말했다."
https://n.news.naver.com/mnews/article/014/0005429904?sid=105,2025-11-05 10:42:14,IT/과학,"LG U+, 3Q 영업익 1617억원.. ""희망퇴직 비용 영향""","LG유플러스는 연결 기준 3·4분기 영업이익이 1617억원으로 지난해 동기보다 34.3% 감소한 것으로 잠정 집계됐다고 5일 밝혔다.매출은 4조108억원으로 작년 동기 대비 5.5% 늘어났다. 당기순이익은 491억원으로 63.6% 줄었다.LG유플러스는 전사 인공지능(AI) 에이전트 확산 적용을 통한 업무 효율화 및 생산성 향상, AI 데이터센터(DC) 사업의 성과 등이 매출 증가 배경이라고 분석했다. 영업이익은 감소했으나 희망퇴직에 투입된 1500억원을 제외할 경우 지난해 같은 기간 대비 26.7% 늘어난 3117억원으로 상반기에 이어 개선된 흐름을 이어가고 있다고 전했다.3·4분기 무선 사업은 5G 핸드셋 가입 비중과 이동통신(MNO)·알뜰폰(MVNO) 가입 회선 증가에 힘입어 작년 동기 대비 5.6% 증가한 1조7114억원을 기록했다. 접속수익을 제외한 모바일 서비스수익은 1조6272억원으로 지난해 대비 5.2% 증가했다.전체 무선 가입 회선은 작년 3분기 대비 8.6% 늘어난 3025만9000여개로, 처음으로 3000만개를 돌파했다. MNO 가입 회선은 지난해 같은 기간 대비 5.4% 증가한 2120만여개, MVNO 가입 회선은 16.8% 증가한 905만여개로 집계됐다.인터넷과 IPTV 사업으로 구성된 스마트홈 부문 매출은 기가인터넷 가입자 증가로 작년 동기 대비 3.5% 늘어난 6734억원을 달성했다.인터넷 매출은 3천113억원으로 지난해 같은 기간 대비 8.4% 성장했으며 가입자도 4.3% 늘었다. IPTV 사업은 가입자가 지난해 동기 대비 3.3% 증가했으나 전체 매출은 0.4% 감소한 3342억원을 기록했다.AI DC, 솔루션, 기업 회선 등 사업이 포함된 기업 인프라 부문 매출은 AI DC 사업의 성장에 힘입어 1.8% 증가한 4279억원을 기록했다. AIDC 매출은 평촌 2센터 신규 고객사 입주에 따른 가동률 상승과 데이터센터 설계·구축·운영(DBO) 사업 진출 등 영향으로 작년 동기 대비 14.5%, 직전 분기 대비 7.1% 늘어난 1031억원을 달성했다. LG유플러스는 AI DC 사업 강화를 위해 파주에 신규 AI DC를 구축 중이며 코람코자산운용과 협업해 DBO 사업에 진출하는 등 관련 사업 영역을 넓혀갈 방침이다.마케팅 비용은 가입자 증가에 따라 작년 동기 대비 5.2% 늘어난 5852억원을 기록했다. 서비스 수익 대비 마케팅 비용 비중은 지난해 3·4분기와 유사한 20.1%로 나타났다. CAPEX(설비투자)는 4천381억원으로 지난해 같은 기간 대비 2.2% 감소했다.여명희 LG유플러스 최고재무책임자·최고리스크책임자(CFO·CRO)는 ""일회성 인건비 지급에도 모바일 부문 성장세에 힘입어 견조한 실적을 기록했다""며 ""앞으로도 AI 서비스 차별화를 통한 본원적 경쟁력 강화에 집중하고 수익성 제고와 주주환원 강화를 통해 지속 가능한 기업가치 제고를 지향하겠다""고 말했다."
https://n.news.naver.com/mnews/article/011/0004552168?sid=105,2025-11-05 10:43:10,IT/과학,"LGU+, 희망퇴직 영향에 3분기 영업익 34%↓…AIDC 고성장","데이터센터 두자릿수 성장무선 가입자 3000만 돌파LG유플러스 용산사옥 전경. 사진제공=LG유플러스[서울경제]LG유플러스(032640)가 희망퇴직에 따른 인건비 부담으로 실적이 크게 악화했다. 회사는 비용을 줄이고 인공지능(AI) 신사업을 성장시켜 수익성 개선에 나설 방침이다.LG유플러스는 올해 3분기 연결 기준 영업이익이 1617억 원으로 지난해 동기 대비 34.3% 감소했다고 5일 밝혔다. 앞서 희망퇴직을 실시하며 1500억 원가량의 일회성 인건비가 발생하면서다. 이 변수를 제외하면 영업이익이 오히려 지난해보다 26.7% 늘었다는 게 LG유플러스 설명이다.3분기 매출은 4조 108억 원으로 같은 기간 5.5% 증가했다. 주력인 무선 사업은 가입자를 1년 전보다 8.6% 많은 3025만 9000여명으로 늘리며 매출도 5.6% 증가한 1조 7114억 원을 기록했다. LG유플러스 무선 가입자 수가 가입회선 기준 3000만 명을 넘어선 것은 이번이 처음이다. 알뜰폰(MVNO) 회선이 증가율 16.8%로 특히 늘었다. 5세대 이동통신(5G) 가입 비중은 처음으로 80%를 넘겼다. 인터넷과 인터넷(IP)TV 등 스마트홈 사업은 전년 대비 3.5% 성장한 6734억 원의 매출을 거뒀다.AI 수요 급증에 힘입어 신사업인 AI 데이터센터 매출 성장이 특히 두드러졌다. AI 데이터센터 사업 매출은 평촌 2센터 신규 고객사 입주에 따른 가동률 상승과 설계·구축·운영(DBO) 사업 진출 등 영향으로 14.5% 늘어난 1031억원을 달성했다. 이를 포함한 기업인프라 부문 매출은 4279억 원이다. LG유플러스는 AI 데이터센터 사업 강화를 위해 파주에 신규 AI데이터센터를 구축하고 있다. 코람코자산운용과 협업해 DBO 사업에 진출하는 등 관련 사업 영역을 넓혀가고 있다.여명희 LG유플러스 최고재무책임자(CFO) 겸 최고리스크책임자(CRO)는 “이번 분기에는 희망퇴직에 따른 일회성 인건비 지급에도 불구하고 모바일 부문의 성장세에 힘입어 견조한 실적을 기록했다”며 “앞으로도 AI 서비스 차별화를 통한 본원적 경쟁력 강화에 집중하고, 수익성 제고와 주주환원 강화를 통해 지속 가능한 기업가치 제고를 지향하겠다”고 말했다."
https://n.news.naver.com/mnews/article/421/0008586158?sid=105,2025-11-05 10:52:18,IT/과학,"LGU+, 3분기 영업익 34.3% 급감…""희망퇴직 인건비 영향""(종합)","LGU+, 3분기 매출 4조108억원·영업이익 1617억원 기록5G 가입 비중 80% 돌파…AIDC 두 자릿수 성장세 나타내LG유플러스 용산사옥 2020.08.24/뉴스1(서울=뉴스1) 이기범 김민수 기자 = LG유플러스(032640)가 대규모 희망퇴직에 따른 인건비 영향으로 3분기 저조한 실적을 나타냈다.LG유플러스는 5일 올해 3분기 연결 기준 매출 4조 108억 원, 영업이익 1617억 원을 기록했다고 공시했다. 매출은 전년 동기 대비 5.5% 증가, 영업이익은 34.3% 감소한 수치다. 600명 수준으로 알려진 희망퇴직으로 인해 약 1500억 원의 일회성 명퇴 비용이 영향을 미친 것으로 풀이된다.시장전망치는 매출은 3조 8958억 원, 영업이익은 1983억 원 수준이었다. 매출에서 단말수익을 제외한 서비스수익은 3조 1166억 원을 기록했다.LG유플러스는 ""영업이익은 희망퇴직에 따른 일회성 인건비 지급의 영향으로 감소했다""며 ""다만 희망퇴직에 소요된 1500억 원을 제외하면 3분기 영업이익은 지난해 같은 기간 대비 26.7% 늘어난 3117억 원으로 상반기에 이어 개선된 흐름이 지속되고 있다""고 설명했다.유무선 사업, AI데이터센터(AIDC) 등 기업인프라 사업에서는 고른 성장세를 나타냈다.무선 사업 5.6% 성장…3000만 가입자 돌파무선 사업 매출은 5G 가입 비중과 이동통신(MNO) 및 알뜰폰(MVNO) 가입 회선 증가에 힘입어 전년 동기 대비 5.6% 증가한 1조 7114억 원을 기록했다.무선 가입자는 처음으로 3000만을 돌파했다. MNO와 MVNO를 합한 전체 무선 가입회선은 전년 동기 대비 8.6% 증가한 3025만 9000여개를 기록했다. 이 중 MNO는 2120만여개, MVNO 905만여개로 집계됐다. 전년 동기 대비 각각 5.4%, 16.8% 늘었다.5G 가입자 비중도 처음으로 80%를 넘어섰다. 전체 MNO 핸드셋 가입자 대비 5G 핸드셋 가입자 비중은 81.6%를 기록했다. 전년 동기 대비 11.4%포인트(p) 늘었다.인터넷·IPTV 사업 등 스마트홈 부문에서는 기가인터넷 가입자 증가로 전년 동기 대비 3.5% 증가한 6734억 원의 매출을 기록했다.마케팅비용은 가입자 증가에 따라 전년 동기 대비 5.2% 늘어난 5852억 원을 기록했다. 설비투자비용(CAPEX)는 4381억 원으로 전년 동기 대비 2.2% 감소했다.AIDC 사업 성장세 지속…매출 14.5% 증가AIDC, 솔루션, 기업회선 등 기업인프라 부문 매출은 전년 동기 대비 1.8% 증가한 4279억 원을 기록했다.특히 AIDC 사업 성장세가 해당 부문 실적을 견인했다. AIDC 매출은 전년 동기 대비 14.5% 증가한 1031억 원이다. 직전 분기 대비해서도 7.1% 늘었다. 평촌 2센터 신규 고객사 입주에 따른 가동률 상승과 데이터센터 설계·구축·운영(DBO) 사업 진출 등이 영향을 미쳤다.LG유플러스는 AIDC를 성장의 핵심 축으로, 솔루션·인프라 경쟁력을 강화해 AI 전환(AX) 시대를 선도하는 B2B 파트너로 자리매김하겠다는 방침이다. 현재 LG유플러스는 AIDC 사업 강화를 위해 파주에 신규 AIDC를 구축 중이다.여명희 LG유플러스 최고재무책임자/최고리스크책임자(CFO/CRO)는 ""이번 분기에는 희망퇴직에 따른 일회성 인건비 지급에도 불구하고, 모바일 부문의 성장세에 힘입어 견조한 실적을 기록했다""며 ""앞으로도 AI 서비스 차별화를 통한 본원적 경쟁력 강화에 집중하고, 수익성 제고와 주주환원 강화를 통해 지속 가능한 기업가치 제고를 지향하겠다""고 말했다."
https://n.news.naver.com/mnews/article/008/0005273756?sid=105,2025-11-05 10:52:54,IT/과학,"LGU+, 3분기 영업익 34.3% 감소...희망퇴직 1500억 반영 (상보)","매출은 전년비 5.5% 증가한 4조108억원LG유플러스가 올해 3분기 통신과 비통신 분야의 고른 성장에도 대규모 희망퇴직에 따른 일회성 비용이 반영되면서 부진한 실적을 냈다.5일 LG유플러스는 3분기 실적발표를 통해 연결기준 매출 4조108억원, 영업이익 1617억원을 기록했다고 밝혔다. 전년 동기 대비 매출은 5.5% 증가했으나 영업이익은 34.3% 감소했다. 전기 대비로도 매출은 4.3% 증가했지만, 영업이익은 46.9% 감소했다. 특히 영업이익의 경우 컨센서스(증권사 평균 전망치, 1837억원)를 하회했다.영업이익 감소는 희망퇴직 시행에 따른 1500억원의 일회성 인건비 지급이 반영된 결과다. 다만 이를 제외하면 3분기 영업이익은 전년 동기 대비 26.7% 증가한 3117억원을 기록했다고 LG유플러스는 설명했다.마케팅 비용은 가입자 증가에 따라 전년 동기 대비 5.2% 늘어난 5852억원이다. 서비스수익(영업수익에서 단말수익을 제외한 매출) 대비 마케팅 비용 비중은 지난해 3분기와 거의 비슷한 20.1%다. CAPEX(설비투자)는 4381억원으로 지난해 같은 기간 대비 2.2% 감소했다.사업 부문별로 보면 주력인 '모바일' 매출이 전년 동기 대비 5.6% 증가한 1조7114억원을 기록했다. 이 중 접속수익을 제외한 서비스매출(무선 서비스 기본료, 통화료, 데이터 등 합산)은 1조6272억원으로 지난해 대비 5.2% 증가했다.MNO(이동통신)와 MVNO(알뜰폰)를 합한 전체 무선 가입회선은 전년 동기 대비 8.6% 증가한 3025만9000여개로 가입 회선 첫 3000만개를 달성했다. MNO 가입회선은 지난해 같은 기간 대비 5.4% 증가한 2120만여개, MVNO 가입회선은 16.8% 증가한 905만여개다.전체 MNO 핸드셋 가입자 대비 5G 핸드셋 가입자 비중도 처음으로 80%를 넘겨 81.6%를 기록했다. 이는 전년 동기 대비 11.4%포인트 늘어난 수치다. 또 지난해 같은 기간 대비 5G 핸드셋 가입자 증가 폭은 MVNO 가입회선의 증가 폭보다 더 큰 19.1%를 기록하며 질적 성장을 이어가고 있다.초고속인터넷과 IPTV(인터넷TV)로 구성된 '스마트홈' 부문은 전년 대비 3.5% 증가한 6734억원의 매출을 거뒀다. 이 중 초고속인터넷 사업 매출은 8.4% 증가한 3113억원이다. 가입자 또한 4.3% 늘었다. IPTV 사업 매출은 0.4% 감소한 3342억원이지만, 가입자는 3.3% 증가했다.기업회선, 솔루션, AIDC(인공지능 데이터센터) 등이 포함된 '기업인프라' 부문은 전년 대비 1.8% 증가한 4279억원의 매출을 올렸다. AIDC 매출은 평촌 2센터 신규 고객사 입주에 따른 가동률 상승과 데이터센터 설계·구축·운영(DBO) 사업 진출 등 영향으로 전년 동기 대비 14.5% 증가한 1031억원이다. 시장 내 AI(인공지능) 클라우드 수요가 늘어날 것으로 전망되는 만큼 AIDC 매출 역시 지속 상승이 기대된다.AICC(인공지능 컨택센터)·스마트모빌리티 등 B2B(기업 간 거래) 신사업 영역인 솔루션 부문과 기업용 인터넷 전용회선 사업인 기업회선 부문 매출은 각각 0.7%, 2.2% 감소했다. 솔루션 사업 매출 감소는 전기차충전사업 양도 등의 영향이다.LG유플러스는 AIDC 사업 강화를 위해 파주에 신규 AIDC를 구축하고 있으며, 코람코자산운용과 협업해 DBO 사업에 진출하는 등 관련 사업 영역을 넓혀가고 있다. 앞으로도 LG유플러스는 AIDC를 성장의 핵심 축으로, 솔루션과 인프라 경쟁력을 강화해 AX(인공지능 전환) 시대를 선도하는 B2B 파트너로 성장한다는 계획이다.여명희 LG유플러스 CFO(최고재무책임자)는 ""이번 분기에는 희망퇴직에 따른 일회성 인건비 지급에도 불구하고, 모바일 부문의 성장세에 힘입어 견조한 실적을 기록했다""며 ""앞으로도 AI 서비스 차별화를 통한 본원적 경쟁력 강화에 집중하고, 수익성 제고와 주주환원 강화를 통해 지속 가능한 기업가치 제고를 지향하겠다""고 말했다."
https://n.news.naver.com/mnews/article/029/0002991635?sid=105,2025-11-05 10:55:34,IT/과학,"6G 포럼, 모바일코리아 2025 성황리에 개최… 26년에는 6G R&D 전시와 함께 확대 추진","차세대 이동통신과 AI 융합이 이끄는 미래 혁신의 장6G 기술, AI 네트워크, 피지컬 AI 등 핵심 트렌드 공유6G 포럼 제공6G 포럼은 지난 10월 27일부터 30일까지 4일간 서울특별시 강서구 LG 사이언스 파크에서 ｢모바일 코리아 2025｣를 성황리에 개최했다고 밝혔다.이번 행사는 6G 기술과 산업·정책의 미래 방향을 논의하는 국내 최대 규모의 국제 행사로 진행되었으며 17개국에서 총 970여 명이 참여하였다.모바일 코리아 2025는 △6G Global 2025(제6회) △5G Vertical Summit 2025(제12회) △Regional Workshop(제9회) 등 국내 주요 이동통신 컨퍼런스를 통합한 세계 최대 5G·6G 협력 플랫폼으로, 과학기술정보통신부가 주최하고 6G 포럼, ETRI, IITP, TTA, NIA, RAPA, SatComForum, NGMA 등이 공동 주관했다.개회식은 27일 오전 LG사이언스파크 컨버전스홀에서 열렸으며, 류제명 과학기술정보통신부 제2차관을 비롯해 이상엽 6G 포럼 대표의장(LGU+, CTO), 글로벌 6G 단체 의장, 글로벌 기업 임원, 튀르키예 오메르 압둘라 카라괴조을루(Ömer Abdullah KARAGÖZOĞLU) 정보통신청장 등 국내외 ICT 인사 약 310명이 참석했다.개회사는 6G 포럼 이상엽 대표의장이 맡아 “모바일 코리아는 대한민국이 세계 6G 표준화 논의의 중심에 서 있음을 보여주는 자리”라고 강조했으며, 류제명 과기정통부 제2차관의 축사를 시작으로, 국회 과학기술정보방송통신위원회 최민희 위원장, 김현 간사, 최형두 간사, 황정아 의원의 영상축사로 이어졌다.이어 차세대 네트워크 분야 유공자 시상식에서는 산업 발전에 기여한 유공자들에게 부총리 겸 과기정통부 장관 표창이 수여됐다.개회식 말미에는 한국의 6G 포럼과 EU 6G-IA 간 양해각서(MoU)가 체결되어, 양측은 향후 연구협력·기술교류·국제표준화 협력 등을 강화하기로 했다.개회식 이후 4일간 진행된 컨퍼런스에서는 △6G Global △5G Vertical Summit △Regional Workshop 등 세부 프로그램으로 이어졌다.6G 포럼 제공｢6G Global｣에서는 ‘Towards AI-Agentic Network’라는 슬로건을 중심으로 주요국의 벤더, 통신사업자, 산업계, 학계, 연구소의 6G 비전 및 준비 현황을 공유했다.｢5G Vertical Summit｣에서는 ‘5G+X: Driving the Future to 6G’를 주제로, AI-RAN, Hyper AI Network, Foundation AI, Physical AI 등 AI 기반 네트워크 진화 방향이 집중적으로 다뤄졌다. 특히, AI 서비스 활성화를 위한 네트워크의 역할과 차세대 AI 네트워크로의 진화에 대한 논의로 좌담회가 진행되었으며, LG전자 김유철 전략부문장과 6G 포럼 장경희 집행위원장(인하대, 교수)이 심도 있는 토론을 진행하였다.｢Regional Workshop｣에서는 ‘Regional Partnerships Driving AI-Empowered Networks’를 주제로 헝가리, 인도, 대만 등 여러 국가의 정부 관계자, 산업계, 연구기관 등이 참여해 지역별 5G/5G-A 도입 현황을 공유했다. 특히, 헝가리 리카르도 시바도시 국가경제부 차관은 ‘헝가리의 디지털 미래를 위한 5G 실행계획’을 발표 하였다.이를 통해 국내외 전문가들은 AI 기반 네트워크 진화, 산업별 활용 모델, 글로벌 파트너십 강화를 중심으로 6G 기술 발전 방향에 대한 구체적 협력 의지를 모았다.한편, 차기 행사인 ｢모바일 코리아 2026｣은 ‘6G Vision Fest’와 함께 ‘26년 12월 8일(화)부터 11일(금)까지 인천 송도 컨벤시아 제1전시홀과 프리미어볼룸에서 개최될 예정이다.전시홀의 메인부스에서는 대한민국의 6G R&D 성과 전시와 함께 다양한 6G 기술사례를 시연할 예정이며, 주요 이동통신사, 대기업, 중소·중견기업, 글로벌 벤더들이 참여하여 민간 주도의 6G 서비스와 기술에 대해 전시할 예정이다.특히, AI가 네트워크 안으로 들어오며 등장하게 될 다양한 서비스들을 대국민 6G 공모전을 통해 발굴하고, 체험 부스 운영을 통해 참관객들이 미래 서비스를 체험할 수 있도록 준비할 예정이다.6G 포럼 장경희 집행위원장(인하대, 교수)은 “대한민국을 대표하는 글로벌 단체인 우리 포럼은 그 동안 기술변화와 시장변화에 대응하며 지속적으로 발전해왔다”면서 “오는 ‘26년에 세계에서 최초로 6G의 시연이 이루어질 것으로 기대되며, 앞으로 AI로 촉발되어 전 세계적으로 변화되는 네트워크 기술을 우리나라가 이끌어나갈 수 있도록 민-관 협력을 통해 지원 하겠다”고 말했다."
https://n.news.naver.com/mnews/article/031/0000978123?sid=105,2025-11-05 10:59:07,IT/과학,"LGU+, 영업익 34.3% 감소⋯""1500억원 희망퇴직 비용 영향""(종합)","매출 5.6% 상승⋯""AIDC 사업 본격적인 성과""무선 가입 회선 3000만 돌파⋯무선사업 5.6%↑기가인터넷·500M 속도 이상 가입자 누적 비중 증가⋯스마트홈 부문 3.5% 상승가동률 상승과 DBO 사업 진출⋯AIDC 사업 매출 14.5% 성장LG유플러스는 2025년 3분기 연결재무제표 기준 매출 4조 108억원, 영업이익 1617억원을 기록했다고 5일 밝혔다. 매출은 전년 동기 대비 5.5% 늘었고 영업이익은 34.3% 줄었다.사진은 LG유플러스 사옥. [사진=LGU+]회사측은 급격한 영업이익 감소 원인으로 1500원 규모의 희망퇴직 비용을 들었다. 희망퇴직에 소요된 비용을 제외하면 전년 동기 대비 26.7% 늘어난 3117억원으로 상반기에 이어 개선된 흐름이 지속되고 있다고 자평했다.매출의 경우 전사 AI Agent 확산 적용을 통한 업무 효율화와 생산성 향상, AIDC 사업의 가시적인 성과 등으로 상승했다.마케팅비용은 가입자 증가에 따라 전년 동기 대비 5.2% 늘어난 5852억원을 기록했다. 설비투자(CAPEX)는 4381억원으로 지난해 같은 기간 대비 2.2% 감소했다.무선 가입 회선 3000만 돌파⋯무선사업 5.6%↑3분기 무선 사업은 5G 핸드셋 가입 비중과 이동통신(MNO)·알뜰폰(MVNO) 가입 회선 증가에 힘입어 전년 동기 대비 5.6% 증가한 1조 7114억원을 기록했다. 접속수익을 제외한 모바일 서비스수익은 1조 6272억원으로 지난해 대비 5.2% 증가했다.MNO와 MVNO를 합한 전체 무선 가입회선은 작년 3분기 대비 8.6% 늘어난 3025만 9000여개로, 사상 최초 총 가입회선 3000만개를 달성했다. MNO 가입회선은 지난해 같은 기간 대비 5.4% 증가한 2120만여개, MVNO 가입회선은 16.8% 증가한 905만여개로 집계됐다.전체 MNO 핸드셋 가입자 대비 5G 핸드셋 가입자 비중도 처음으로 80%를 넘겨 81.6%를 기록했다. 이는 작년 동기 대비 11.4%p(포인트) 늘어난 수치다. 지난해 같은 기간 대비 5G 핸드셋 가입자 증가폭은 MVNO 가입회선의 증가폭보다 더 큰 19.1%를 기록하며 질적 성장을 이어가고 있다.LG유플러스는 AI 검색 기능이 추가된 통합앱 'U+ONE'을 출시하고, 개인 맞춤형 기능을 강화한 익시오(ixi-O) 2.0 업데이트를 실시하는 등 MNO 고객을 위한 다양한 AI 서비스를 개발했다. 또한 한국표준협회(KSA)가 주관하는 ‘2025년 디지털고객경험지수’에서 2년 연속 이동통신부문 1위를 차지하는 등 고객의 디지털 경험을 지속 강화하고 있다.기가인터넷·500M 속도 이상 가입자 누적 비중 증가⋯스마트홈 부문 3.5% 상승인터넷과 IPTV 사업으로 구성된 스마트홈 부문은 기가인터넷 가입자의 증가로 작년 동기 대비 3.5% 상승한 6734억원의 매출을 달성했다. 기가인터넷 가입자 비중은 지난해 3분기 대비 5.0%p 증가하고, 500M 속도 이상 상품에 가입한 회선의 누적 비중도 1.5%p 늘어나 81.8%를 기록하며 스마트홈 부문 성장을 견인했다.인터넷 매출은 3113억원으로 지난해 같은 기간 대비 8.4% 성장했으며, 가입자 또한 4.3% 늘었다. IPTV 사업은 가입회선을 꾸준히 확보해 지난해 동기 대비 가입자가 3.3% 증가했으나 전체 매출은 0.4% 감소한 3342억원을 기록했다.LG유플러스는 고객에게 업계 최고 수준의 서비스 품질과 경험을 제공하기 위해 스마트홈 부문에도 AI를 적용했다. Wi-Fi 품질을 분석해 고객 품질을 사전에 탐지하고 자가 조치하는 AI를 인터넷 분야에 도입했으며, 홈서비스 설치와 A/S 현장에는 AI 업무 비서를 도입해 업무 효율성을 끌어올렸다.가동률 상승과 DBO 사업 진출⋯AIDC 사업 매출 14.5% 성장AIDC, 솔루션, 기업회선 등 사업이 포함된 기업인프라 부문 매출은 AIDC 사업의 견조한 성장에 힘입어 지난해 같은 기간 대비 1.8% 증가한 4279억원을 기록했다.구체적으로 AIDC 매출은 평촌 2센터 신규 고객사 입주에 따른 가동률 상승과 데이터센터 설계·구축·운영(DBO) 사업 진출 등 영향으로 전년 동기 대비 14.5% 늘어난 1031억원을 달성했다. 이는 직전 분기 대비해서도 7.1% 증가한 금액으로, 시장 내 AI 클라우드 수요가 늘어날 것으로 전망되는 만큼 AIDC 매출 역시 지속적인 상승이 기대된다.여명희 LG유플러스 최고재무책임자/최고리스크책임자(CFO/CRO)는 ""이번 분기에는 희망퇴직에 따른 일회성 인건비 지급에도 불구하고, 모바일 부문의 성장세에 힘입어 견조한 실적을 기록했다""며 ""앞으로도 AI 서비스 차별화를 통한 본원적 경쟁력 강화에 집중하고, 수익성 제고와 주주환원 강화를 통해 지속 가능한 기업가치 제고를 지향하겠다""고 말했다."
https://n.news.naver.com/mnews/article/009/0005584883?sid=105,2025-11-05 11:11:07,IT/과학,밀라노 동계올림픽 중계 회선 맡은 LGU+ “화면 끊김없는 무결점 중계 준비”,"국내 단독회선 제공할 안양 센터 가보니밀라노→안양 2만km...해저케이블 4원화장애 시 즉시 회선 전환...케이블 끊겨도 화면 깜빡거림 없어정하준 LG유플러스 유선플랫폼운영담당(상무)이 지난 4일 LG유플러스 안양 사옥에서 밀라노 동게 올림픽 중계를 위한 유선 기술에 대해 소개하고 있다. [사진 = LG유플러스]“스포츠 중계를 보다가 화면이 잠시 깜빡거렸던 적이 있을 겁니다. 방송 신호가 이동하는 해저 케이블이 잠시 끊겼기 때문입니다. LG유플러스는 어떠한 장애에도 흔들리지 않는 무결점 서비스를 준비하고 있습니다.”지난 4일 찾은 경기 안양시 LG유플러스 안양 센터. 방송 중계부터 IPTV, 인터넷망을 총괄하는 이 센터의 직원들은 내년 2월 6일부터 열리는 2026 밀라노 코르티나 동계올림픽을 앞두고 방송 장비 점검으로 한창 분주한 모습이었다.유선 중계 기술력을 고도화하고 있는 LG유플러스는 지난해 파리 올림픽에 이어 내년 밀라노 올림픽까지 국내 단독으로 중계 회선을 제공하는 사업자로 선정됐다. 국내서 방송사를 통해 시청하게 될 올림픽 경기의 방송 중계 전송이 LG유플러스에 달려있는 셈이다.정하준 LG유플러스 유선플랫폼운영담당(상무)은 “밀라노에서 안양까지 방송 신호를 받는 과정에서는 부산에서 이어지는 해저 케이블을 활용하는데, LG유플러스는 태평양을 통하는 경로, 인도양을 거치는 경로의 두 가지 경로를 확보했으며, 각각 예비 경로까지 마련했다”며 “만약을 대비해 회선을 4원화했다”고 설명했다.4개 경로 중 3개에 장애가 발생해도 1개 회선을 통해 방송 중계가 차질 없이 이어지게 되는 것이다. 밀라노에서 부산까지 해저케이블 길이가 약 2만km에 달하는 만큼 케이블 장애에 대한 대비책을 이같이 강화했다.이동일 LG유플러스 방송중계팀 책임이 4일 LG유플러스 안양 사옥에서 2026 동계올림픽 방송 중계에 적용될 ‘히트리스 프로텍션’ 기술을 설명하고 있다. [사진 = LG유플러스]장애 시 다른 회선으로 전환하는 과정에서는 찰나의 끊김을 방지하기 위해 ‘히트리스 프로텍션’ 기술을 적용했다. 예비 회선을 대기 상태로 두는 것이 아니라, 주 회선과 예비 회선에서 전송되는 신호를 모두 수신하면서 실시간으로 장애를 감지하면 즉시 전환하는 기술이다.실제 시연에서 LG유플러스 직원이 장비에 연결된 회선 하나를 뽑자 다른 이원화 기술이 적용된 화면에서는 3~4초가량 멈춤이 발생했지만, 히트리스 프로텍션이 적용된 화면에서는 육안으로 끊김을 파악하기가 어려웠다.이동일 LG유플러스 방송중계팀 책임은 “히트리스 프로텍션은 국제 표준 규격으로 국내에서는 LG유플러스가 가장 먼저 국제 행사 중계에 적용했다”며 “파리 올림픽에서는 방송 신호에만 부분적으로 활용했다면 이번 밀라노 올림픽에선 인터넷과 오디오 신호까지 모두 히트리스 기술을 적용한다”고 강조했다.만약 해저케이블의 모든 회선이 먹통이 된다면 어떻게 될까. LG유플러스는 이같은 최악의 상황에도 대비해 배낭 형태의 MNG 장비를 밀라노 현장에 투입한다.MNG는 사람이 등에 멜 수 있는 1kg가량의 휴대형 네트워크 장비다. 현지 모바일망을 통해 인근 기지국에 연결한 뒤 필요한 콘텐츠를 긴급 송출할 수 있도록 하는 역할을 담당한다.LG유플러스는 MNG 투입과 함께 밀라노 현지에 전담 직원 6명을 배치하고, 안양 사옥에도 18명의 전담팀을 둬 원활한 중계를 제공한다는 계획이다."
https://n.news.naver.com/mnews/article/030/0003366988?sid=105,2025-11-05 11:14:18,IT/과학,"무선사업 호조 LGU+, 희망퇴직 여파에도 실적 타격 최소화",홍범식 LG유플러스 대표LG유플러스가 희망퇴직에 따른 인건비 지급 영향에도 모바일 부문 성장세에 힘입어 실적 타격을 최소화했다. 무선 가입회선이 처음으로 3000만개를 넘겼고 5G 보급률도 80%를 돌파했다. 회사는 무선사업과 인공지능(AI) 신사업을 앞세워 견조한 실적 개선 흐름을 이어간다는 방침이다.5일 금융감독원 전자공시에 따르면 LG유플러스의 올 3분기 영업이익은 작년 동기대비 34.3% 감소한 1617억원으로 집계됐다.영업이익 감소는 임직원 600여명의 희망퇴직에 따른 1500억원의 일회성 비용이 반영된 영향이다. 이를 제외하면 영업이익은 26.7% 증가한 3117억원 수준이다. 매출은 5.5% 늘어난 4조108억원이다.실적 선방 배경으로는 무선 가입자 증가가 꼽힌다. MNO와 MVNO를 합한 무선 가입회선은 전년보다 8.6% 늘어난 3025만9000여개로 처음으로 3000만개를 넘어섰다. 경쟁사 해킹 사태에 따른 반사이익이 주효했다. 특히 객단가(ARPU)가 높은 5G 가입자 비중이 11.4%p(포인트) 늘며 수익성을 끌어올렸다. LG유플러스 5G 보급률은 81.6%에 달한다.인터넷과 IPTV 사업으로 구성된 스마트홈 부문도 작년 동기대비 3.5% 증가한 6734억원의 매출을 달성하며 외형 성장을 뒷받침했다. 유무선 가입자 증가로 마케팅비용은 5.2% 늘었지만 설비투자비용(CAPEX)을 2.2% 줄이는 등 효율적 비용 집행으로 수익 감소를 최소화했다.LG유플러스 3분기 IR새 먹거리로 키우는 AI 데이터센터(AIDC)도 가시적 성과를 냈다. AIDC 매출은 평촌 2센터 신규 고객사 입주에 따른 가동률 상승과 데이터센터 설계·구축·운영(DBO) 사업 진출 등 영향으로 14.5% 늘어난 1031억원을 달성했다. 덕분에 기업인프라 부문 매출도 성장세를 유지했다.LG유플러스는 AX 추진 전략을 가속해 실적 개선에 속도를 낸다는 방침이다. B2C 시장에서는 AI 검색 기능이 추가된 통합앱 'U+ONE'을 출시하고 개인 맞춤형 기능을 강화한 익시오 2.0 업데이트를 실시했다. 통신 인접 영역을 중심으로 AX 사업모델을 확장한다는 방침이다. B2B 시장에서는 AIDC를 성장의 핵심 축으로 솔루션과 인프라 경쟁력을 강화한다.다만 기대했던 '1조 클럽' 복귀는 무산될 공산이 커졌다. LG유플러스는 올 상반기 역대 최대 실적을 거두며 3년 만에 연간 영업이익 1조원 달성을 노렸지만 일회성 인건비 여파로 목표 달성에 비상등이 켜졌다. 회사는 이달 내 기업가치 제고 계획 이행현황을 공시할 예정이다.여명희 LG유플러스 최고재무책임자·최고리스크책임자(CFO·CRO)는 “이번 분기에는 희망퇴직에 따른 일회성 인건비 지급에도 불구하고 모바일 부문의 성장세에 힘입어 견조한 실적을 기록했다”며 “앞으로도 AI 서비스 차별화를 통한 본원적 경쟁력 강화에 집중하고 수익성 제고와 주주환원 강화를 통해 지속 가능한 기업가치 제고를 지향하겠다”고 말했다.
https://n.news.naver.com/mnews/article/241/0003475629?sid=105,2025-11-05 11:19:20,IT/과학,"LGU+, 3분기 영업익 34.3%↓…희망퇴직 인건비 영향","총 가입 회선은 처음 3000만개 넘겨LG유플러스 서울 용산 사옥LG유플러스가 희망퇴직 인건비 지출 영향으로 3분기 수익성이 하락했다.LG유플러스는 2025년 3분기 영업이익이 1617억원으로 전년 동기 대비 34.3% 줄었다고 5일 밝혔다. 매출은 3조1166억원으로 5.5% 늘었다.LG유플러스 측은 ""영업이익은 희망퇴직에 따른 일회성 인건비 지급의 영향으로 감소했다""며 ""희망퇴직에 소요된 1500억원을 제외하면 지난해 같은 기간보다 26.7% 늘어난 3117억원으로 개선된 흐름이 지속되고 있다""고 설명했다.3분기 무선 사업은 5G 핸드셋 가입자와 MNO(이동통신) 및 MVNO(알뜰폰) 가입 회선 증가에 덕에 전년 동기 대비 5.6% 증가한 1조7114억원을 기록했다.MNO와 MVNO를 합한 전체 무선 가입 회선은 8.6% 늘어난 3025만9000여 개다. 이번에 처음으로 총 가입 회선 3000만개를 넘어섰다. 전체 MNO 핸드셋 가입자 대비 5G 핸드셋 가입자 비중도 처음으로 80%를 넘겨 81.6%를 기록했다.인터넷과 IPTV 사업으로 구성된 스마트홈 부문은 기가인터넷 가입자의 증가로 전년 동기 대비 3.5% 상승한 6734억원의 매출을 달성했다.AIDC, 솔루션, 기업회선 등 사업이 포함된 기업인프라 부문 매출은 AIDC 사업의 성장으로 지난해 같은 기간 대비 1.8% 증가한 4279억원을 기록했다.여명희 LG유플러스 최고재무책임자·최고리스크책임자(CFO·CRO)는 ""앞으로도 AI 서비스 차별화로 본원적 경쟁력 강화에 집중하고, 수익성 제고와 주주 환원 강화로 지속 가능한 기업 가치 제고를 지향하겠다""고 말했다.정길준 기자 kjkj@edaily.co.kr"
https://n.news.naver.com/mnews/article/469/0000895790?sid=101,2025-11-05 11:31:08,경제,"LGU+, 무선 가입 회선 첫 3,000만 넘었다","3분기 영업이익 34% 급감희망 퇴직 비용 1,500억원 반영순이익도 63.6% 급감2025년 10월 23일 서울 LG유플러스 용산 사옥. 뉴스1LG유플러스는 3분기(7~9월) 영업이익(연결 기준)이 1,617억 원으로 2024년 같은 기간과 비교해 34.3% 감소했다고 5일 밝혔다. 희망퇴직 비용이 반영된 영향이다. 매출은 4조108억 원으로 지난해 동기 대비 5.5% 늘어났다. 당기순이익은 491억 원으로 63.6% 줄었다.LG유플러스는 전사 인공지능(AI) 에이전트 확산 적용을 통한 업무 효율화 및 생산성 향상, AI 데이터센터(DC) 사업의 성과 등으로 매출이 증가했다고 분석했다.영업이익은 감소했지만 희망퇴직에 투입된 비용(1,500억 원)을 빼면 3,117억 원으로 지난해 같은 기간 대비 26.7% 늘어났다고 설명했다.3분기 무선 사업은 5G 핸드셋 가입 비중과 이동통신(MNO)·알뜰폰(MVNO) 가입 회선 증가에 힘입어 지난해 같은 기간 대비 5.6% 증가한 1조7,114억 원을 기록했다. 접속 수익을 뺀 모바일 서비스 수익은 1조6,272억 원으로 지난해 대비 5.2% 증가했다.전체 무선 가입 회선은 지난해 3분기 대비 8.6% 늘어난 3,025만9,000여 개로 처음으로 3,000만 개를 돌파했다. MNO 가입 회선은 지난해 같은 기간 대비 5.4% 증가한 2,120만여 개, MVNO 가입 회선은 16.8% 증가한 905만여 개로 집계됐다.인터넷과 IPTV 사업으로 구성된 스마트홈 부문 매출은 기가인터넷 가입자 증가로 작년 동기 대비 3.5% 늘어난 6,734억 원을 달성했다. 인터넷 매출은 3,113억 원으로 지난해 같은 기간 대비 8.4% 성장했으며 가입자 또한 4.3% 늘었다. IPTV 사업은 가입자가 지난해 동기 대비 3.3% 증가했지만 전체 매출은 0.4% 감소한 3,342억 원을 기록했다.인터넷데이터센터(IDC), 설루션, 기업 회선 등 사업이 포함된 기업 인프라 부문 매출은 AIDC 사업의 성장에 힘입어 1.8% 증가한 4,279억 원을 기록했다. AIDC 매출은 경기 평촌2센터 신규 고객사 입주에 따른 가동률 상승과 IDC 설계·구축·운영(DBO) 사업 진출 등 영향으로 지난해 동기 대비 14.5%, 직전 분기 대비 7.1% 늘어난 1,031억 원을 달성했다. LG유플러스는 AIDC 사업 강화를 위해 경기 파주에 신규 AIDC를 구축하고 있으며 코람코자산운용과 협업해 DBO 사업에 진출하는 등 관련 사업 영역을 넓혀갈 방침이다.마케팅 비용은 가입자 증가에 따라 지난해 동기 대비 5.2% 늘어난 5,852억 원을 기록했다. 서비스 수익 대비 마케팅 비용 비중은 지난해 3분기와 유사한 20.1%로 나타났다. CAPEX(설비투자)는 4,381억 원으로 지난해 같은 기간 대비 2.2% 감소했다."
https://n.news.naver.com/mnews/article/028/0002774766?sid=105,2025-11-05 11:32:10,IT/과학,"LGU+, 희망퇴직 영향 3분기 영업익 34%↓…AI데이터센터는 성장","엘지유플러스 용산 사옥. 엘지유플러스 제공엘지유플러스(LGU+) 3분기 영업이익이 희망퇴직 영향으로 지난해 동기 대비 34.3% 감소한 1617억원을 기록했다. 다만 주력 신사업 영역인 인공지능 데이터센터(AI DC) 관련 매출은 두 자릿수 성장세를 기록했다.엘지유플러스가 5일 공시한 내용을 보면, 3분기 연결 기준 매출과 영업이익은 각각 4조108억원, 1617억원으로 집계됐다. 매출은 전년 동기 대비 5.5% 늘었으나 영업이익은 34.3% 감소했다. 희망퇴직에 따른 일회성 인건비 지급의 영향이다.영업이익은 하락했으나, 무선가입자수가 3천만명을 돌파하고 5G 가입자 비중이 높아지는 등 핵심 사업인 무선 부문은 견조한 실적을 유지했다. 희망퇴직에 소요된 1500억원을 제외하면 영업이익은 지난해 같은 기간 대비 26.7% 늘어난 3117억원으로 개선된 흐름을 이어가고 있다.3분기 무선 사업 매출은 5G 핸드셋 가입비중과 이동통신 및 알뜰폰(MVNO) 가입 회선 증가에 힘입어 전년 동기 대비 5.6% 증가한 1조7114억원을 기록했다.전체 무선 가입회선은 지난해 같은 기간 대비 8.6% 늘어난 3025만9000개로, 엘지유플러스 사상 최초로 총 가입회선 3천만개를 달성했다. 이동통신 가입회선이 지난해 같은 기간 대비 5.4% 증가한 2120만개를 기록했고, 알뜰폰 가입회선도 16.8% 증가한 905만개로 집계됐다. 가입자당평균매출(ARPU)이 높은 5G 가입자 비중은 전체 가입자의 80%를 넘겨 81.6%를 기록했다.인터넷과 아이피티브이(IPTV) 사업으로 구성된 스마트홈 부문은 인터넷 가입자의 증가로 전년 동기 대비 3.5% 상승한 6734억원의 매출을 달성했다. 인터넷 매출이 3113억원으로 지난해 같은 기간 대비 8.4% 늘었고, 아이피티브이 사업 매출은 0.4% 감소한 3342억원을 기록했다.인공지능 데이터센터 등 신성장 사업이 포함된 기업 인프라 부문 매출은 지난해 같은 기간 대비 1.8% 증가한 4279억원을 기록했다. 기업간거래(B2B) 신사업 영역인 ‘솔루션’ 사업 매출과 기업회선 매출은 줄었으나, 인공지능 데이터센터 사업 매출이 고객사 입주에 따른 가동률 상승과 데이터센터 설계∙구축∙운영(DBO) 사업 진출로 전년 동기 대비 14.5% 늘어난 1031억원을 달성했다.엘지유플러스는 “인공지능 데이터센터를 성장의 핵심축으로, 솔루션과 인프라 경쟁력을 강화해 인공지능 전환(AX)시대를 선도하는 비투비 파트너로 성장하겠다”고 밝혔다."
https://n.news.naver.com/mnews/article/016/0002553065?sid=105,2025-11-05 11:42:14,IT/과학,"“찰나 끊김도 용납못해”…LGU+, 밀라노올림픽 준비 분주","중계 컨트롤타워 안양사옥 르포해저케이블 4원화·SRT 프로토콜통신 인프라 전 구간 모니터링 대비LG유플러스 임직원이 ‘히트리스 프로텍션’ 기술을 시연하고 있다. [LG유플러스 제공]지난 4일 오후 3시께 LG유플러스 안양사옥 7층 유선플랫폼운영상황실. 4분할된 화면에서 펼쳐지는 시연에 시선이 쏠렸다. 만약의 사태를 가정해 회선 하나를 분리하자, 네 개의 화면 중 한 화면(일반전송)이 멈췄다. 화면 속 한 여자 프로농구 선수는 슛 동작 도중 공중에 뜬 채 좀처럼 착지할 줄 몰랐다.올림픽이었다면 축구 국가대표 손흥민이 골을 넣는 순간에 중계가 멈추는 ‘대형사고’인 셈이다. 잘하면 당연하고, 못 하면 국민적 비난을 받는 계륵에 LG유플러스가 다시 도전장을 내밀었다. 지난해 파리 올림픽에 이어 내년 밀라노 동계올림픽 국제 방송중계 서비스 우선협상대상자로 선정됐다.LG유플러스는 지난 4일 자사 방송중계·인터넷TV(IPTV) 등 유선플랫폼 서비스 컨트롤타워인 안양사옥에서 ‘무결점 중계’를 위한 전략을 공개했다.▶만약, 또 만약을 위한 대비…끊김 현상 원천 차단=밀라노 현지에서 촬영된 경기 영상은 국제방송센터(IBC)에서 각국 해저케이블을 통해 LG유플러스 안양 사옥으로 지구 반 바퀴를 이동한다. 물론 이동 과정에 수많은 변수가 존재한다. 해저케이블 손상, 정전 등이 대표적이다. 이로 인한 찰나의 끊김은 실시간 중계에서 치명적인 결과로 돌아온다. 이에 LG유플러스는 끊김 현상 원천 차단을 위한 3단계 시스템을 구축했다.우선 해저케이블 ‘4원화’다. 한국-일본-LG-뉴욕-파리-밀라노(2만1400㎞), 한국-홍콩-싱가포르-밀라노(1만5700㎞) 등 경로에 각각 2개의 회선을 확보했다. 하나의 회선에서 문제가 발생하더라도, 다른 회선으로 즉시 전환해 대응하겠다는 것이다.모든 회선에는 ‘히트리스 프로텍션’ 기술이 적용된다. 히트리스 프로텍션은 주 회선과 예비 회선에서 전송되는 신호를 모두 수신한다. 주 회선에서 문제 발생 시 예비 회선으로 전환하기 위해서다. 이 경우 육안으로 장애가 있었는지조차 확인하기 어려울 정도로 빠르고 매끄럽게 중계가 이어진다.4개 회선에서 모두 장애가 발생한 경우에도 대비한다. 밀라노 현지 인터넷망에 SRT 프로토콜을 활용한 영상 전송 체계 구축을 통해서다. SRT 프로토콜 이용 시 오류 발생에도 자체 보정 및 재전송을 통해 안정적인 콘텐츠 전송이 가능하다.마지막으로 이동식취재장비(MNG)도 갖출 계획이다. MNG는 1㎏가량의 휴대형 네트워크 장비다. 인근 기지국에 연결해 콘텐츠를 긴급 송출할 수 있다. 이를 통해 유사시 현지 모바일 망을 활용한 무선 전송 시스템을 활용하겠다는 복안이다.▶24시간 실시간 모니터링…이상 상황 즉각 대응=1997년 문을 연 LG유플러스 안양사옥은 유선플랫폼 서비스 품질 노하우가 집약된 거점이다.최근에는 업무 연속성 관리 국제표준인 ISO22301(BCMS) 인증을 획득하기도 했다. 이는 재난·재해 상황에서도 안정적 서비스를 제공할 수 있는 역량을 갖췄다는 일종의 훈장이다.기술적인 완성에 인력도 더했다. LG유플러스 안양사옥에서는 국제 전송 회선부터 네트워크 장비 등 통신 인프라 전 구간에 대한 24시간 점검이 이뤄진다. 실시간 모니터링 대시보드를 통해 현지 및 국내에 위치한 전 구간 네트워크 장비를 감시한다.이 같은 노력은 지난해 파리 올림픽 무결점 중계라는 성과로 이어졌다. LG유플러스는 밀라노 동계올림픽에도 안양사옥 내 전담 직원 18명, 밀라노 현지 6명 등을 배치할 계획이다.정하준 LG유플러스 유선플랫폼운영담당(상무)은 “국민이 국가대표 선수들의 활약 순간을 놓치지 않도록 최고 품질의 방송중계 서비스를 제공할 것”이라며 “국제 스포츠 이벤트 중계 분야에서 LG유플러스의 역량을 입증할 것”이라고 말했다. 고재우 기자"
https://n.news.naver.com/mnews/article/056/0012060252?sid=105,2025-11-05 12:01:48,IT/과학,"LGU+, 3분기 영업이익 34% 감소…“희망퇴직 영향”","﻿LG유플러스가 올해 3분기 영업이익이 1,617억 원으로 지난해 같은 기간보다 34.3% 감소했다고 오늘(5일) 밝혔습니다.매출은 4조 108억 원으로 지난해 같은 기간보다 5.5% 늘어났고, 당기순이익은 63.6%(491억 원) 줄었습니다.LG유플러스는 인공지능(AI) 에이전트 확산 적용을 통한 업무 효율화와 AI 데이터센터(DC) 사업의 성과 등이 매출 증가에 영향을 줬다고 분석했습니다.또, 영업이익은 줄었지만 희망퇴직에 투입된 1천 500억 원을 제외할 경우 지난해 같은 기간 대비 26.7% 늘어난 3,117억 원 수준이라며 상반기에 이어 개선된 흐름이 이어졌다고 설명했습니다.3분기 무선 사업은 5G 핸드셋 가입 비중과 이동통신(MNO)·알뜰폰(MVNO) 가입 회선 증가로 5.6% 증가한 1조 7,114억원을 기록했습니다.인터넷과 IPTV 사업으로 구성된 스마트홈 부문 매출은 기가인터넷 가입자 증가로 지난해 동기 대비 3.5% 늘어난 6,734억 원을 달성했습니다.인터넷 매출은 3,113억 원으로 지난해 같은 기간 대비 8.4% 성장했고, 가입자도 4.3% 늘었습니다.IPTV 사업은 가입자는 증가했지만, 전체 매출은 0.4% 감소한 3,342억 원을 기록했습니다.AI DC, 솔루션, 기업 회선 등 기업 인프라 부문 매출은 AI DC 사업의 성장에 힘입어 1.8% 증가한 4,279억 원을 찍었습니다.LG유플러스는 AI DC 사업 강화를 위해 파주에 신규 AI DC를 구축하는 한편, 코람코자산운용과 협업해 데이터센터 설계·구축·운영(DBO) 사업에 진출하는 등 관련 사업 영역을 넓혀갈 계획이라고 밝혔습니다.[사진 출처 : 연합뉴스]■ 제보하기▷ 전화 : 02-781-1234, 4444▷ 이메일 : kbs1234@kbs.co.kr▷ 카카오톡 : 'KBS제보' 검색, 채널 추가▷ 네이버, 유튜브에서 KBS뉴스를 구독해주세요!"
https://n.news.naver.com/mnews/article/138/0002208769?sid=105,2025-11-05 13:54:09,IT/과학,LGU+ 3분기 '숨 고르기'…AI 체력 다지기 집중(종합),"희망퇴직 일회성 비용에 이익 감소…매출채권 현금화로 투자 여력 확보[디지털데일리 강소현기자] LG유플러스가 올 3분기 숨 고르기에 들어간 모습이다. 상반기 SK텔레콤과 KT에서 발생한 사이버 침해사고의 반사이익을 얻었지만 가입자 확보 경쟁에 따른 마케팅 비용 증가로 실질적인 수익 개선 폭은 제한적이었다는 평가다.전 사업 부문에서의 성장세도 다소 둔화됐다. 새로운 성장동력으로 주목받던 기업 인프라 부문 매출 역시 주춤했다. 여기에 희망퇴직에 따른 일회성 비용이 반영되면서 실적은 시장 전망치를 밑돌았다.다만 인공지능(AI) 데이터센터(AIDC)를 중심으로 한 AI 사업 성과는 점차 가시화되고 있다. 설비투자비용(CAPEX)을 줄이는 대신 투자 여력을 의미하는 현금성 자산을 일정 수준 확보하며 다음 분기부터 AI 중심의 신사업 투자를 본격화될 전망이다.◆ 모바일 매출 안정적 성장세…5G 가입자 비중 전년比 11%p↑LG유플러스는 지난 3분기 매출 3조1166억원, 영업이익 1617억원을 기록했다고 5일 밝혔다. 전년보다 매출은 4.2% 증가한 반면, 영업이익은 희망퇴직에 따른 일회성 비용의 반영으로 34.3% 감소했다.이는 시장 전망치를 크게 하회하는 성적이다. 증권가에선 앞서 LG유플러스의 3분기 매출과 영업이익이 각각 3조9000억원, 18000억원 전후를 기록할 것으로 예상됐다.이번 실적은 유·무선 통신과 기업 인프라 부문이 견조하게 버텨준 결과다.5G 보급률과 해지율 등 이동통신(MNO) 사업의 질적 성장과 알뜰폰(MVNO)의 양적 확대와 더불어 IDC·기업회선 등이 포함된 기업인프라 부문 매출 증대가 주효했다는 평가다.먼저 지난해 모바일 매출은 전년 대비 5.6% 증가한 1조7114억원을 달성했다. 접속매출을 제외한 순수 무선서비스매출은 5.2% 성장한 1조6272억원이었다. 통상 매출 증가율이 2%대에 머물렀던 점을 고려하면 이번 성장은 매우 이례적인 수준이다모바일 매출 성장은 이동통신과 알뜰폰 가입자의 증가와 해지율 감소 등 질적 개선이 견인한 것으로 나타났다. 특히 전체 가입자 가운데 가입자당평균매출(ARPU)가 높은 5G 가입자가 눈에 띄게 증가했다.이동통신과 알뜰폰를 합한 전체 무선 가입 회선 수는 3025만9000개로 전년보다 8.6% 늘었다. 이 중 이동통신 가입회선은 전년 대비 5.4% 늘어난 2120만개였다. 특히 핸드셋 기준 전체 가입자 중 5G고객 비중은 81.6%로 전년보다 11.4%포인트(p) 증가하며 모바일 사업의 질적 성장을 입증했다. MVNO 가입회선도 전년 775만3000개에서 16.8%늘어난 905만5000개로 가파른 증가세를 지속했다.◆기업 인프라 매출 성장세 주춤…AIDC는 수주 확대 힘입어 견조한 흐름솔루션과 AIDC·기업회선 등이 포함된 기업 인프라 부문 매출은 전년보다 1.8% 증가한 4279억원을 기록했다.AIDC 사업 매출 증가폭이 가장 컸다. AIDC 사업 매출은 평촌2센터 가동율 증가 및 DBO 사업 진출로 14.5% 늘어난 1031억원으로 집계됐다. 같은 기간 솔루션 매출은 0.7% 감소한 1203억원, 기업회선은 2.2% 감소한 2045억원이었다.스마트홈 부문 매출은 인터넷TV(IPTV)와 초고속인터넷의 고른 성장으로, 전년 대비 3.5% 상승한 6734억원으로 집계됐다.먼저 초고속인터넷 사업 매출은 전년 대비 8.4% 증가한 3113억원으로 견조한 매출 성장세를 유지했다.초고속인터넷 가입자는 554만1000명으로 전년 대비 4.3% 늘어났다. 특히, 고가치 가입자 비중이 늘었다. 500M급 상품과 1G급 상품을 이용하는 가입자의 누적 비중은 81.8%, 31.6%였다. 이는 전년보다 각각 1.5%포인트, 5.0%포인트 증가한 수치다.반면 IPTV사업 매출은 전년 대비 0.4% 감소한 3342억원을 기록했다. 가입자 증가에도 불구 홈쇼핑 송출 수수료가 증가하고 주문형비디어(VOD) 매출이 감소한 데 따른 영향이다. IPTV 가입자는 전년 대비 3.3% 상승한 572만9000명이다.◆ 현금성 자산 확보…AI 투자 본격화되나특히 지난 3분기 LG유플러스 AI 사업을 위한 여유 자금 확보에 나선 것으로 나타났다.LG유플러스의 투자 여력을 의미하는 현금성 자산은 6650억원으로 전 분기보다 31.1% 줄어든 반면, 다음 분기 현금성 자산 확보를 위해 모두 운전자본의 효율성을 높이는 흐름을 보였다.채권 형태로 쌓아뒀던 자산인 매출채권(받아야 할 돈)을 일부 현금화한 것이다. 지난 3분기 LG유플러스는 2379억원을 털어낸 것으로 나타났다.설비투자비용(CAPEX)도 줄였다. LG유플러스의 CAPEX는 전년보다 각각 2.2 감소한 4381억원으로 집계됐다.이렇게 확보된 여유자금의 상당 규모는 AI 사업 투자에 쓰일 것으로 전망된다. LG유플러스는 AIDC 사업 강화를 위해 파주에 신규 AI데이터센터를 구축하고 있으며, 코람코자산운용과 협업해 DBO 사업에 진출하는 등 관련 사업 영역을 넓혀가고 있다.앞으로도 LG유플러스는 AIDC를 성장의 핵심 축으로 솔루션과 인프라 경쟁력을 강화해 AX시대를 선도하는 B2B 파트너로 성장한다는 계획이다.여명희 LG유플러스 최고재무책임자·최고리스크책임자(CFO·CRO)는 “이번 분기에는 희망퇴직에 따른 일회성 인건비 지급에도 불구하고 모바일 부문의 성장세에 힘입어 견조한 실적을 기록했다”며 “앞으로도 AI 서비스 차별화를 통한 본원적 경쟁력 강화에 집중하고 수익성 제고와 주주환원 강화를 통해 지속 가능한 기업가치 제고를 지향하겠다”고 말했다."
https://n.news.naver.com/mnews/article/144/0001078008?sid=105,2025-11-05 14:08:18,IT/과학,LGU+ “밀라노 동계올림픽 방송중계 준비 철저”,"LG유플러스는 내년 2월 이탈리아 밀라노 동계올림픽 방송중계 준비에 박차를 가하고 있다고 5일 밝혔다.LG유플러스 임직원이 안양사옥 방송센터에서 ‘히트리스 프로텍션’ 기술을 시연하고 있는 모습(1)과 방송중계 장비를 조작하고 있는 모습.‘2026 밀라노 동계올림픽’ 국제방송중계 서비스 우선협상대상자로 선정된 LG유플러스는 방송중계 노하우에 첨단 기술을 결합해 밀라노부터 2만㎞ ‘무결점 중계’에 도전한다고 설명했다.LG유플러스는 밀라노 동계올림픽에 국내에 단독으로 중계 회선을 제공할 예정이다.밀라노에서 촬영된 경기 영상은 국제방송센터(IBC)에서 각국 해저케이블을 통해 LG유플러스 안양 사옥까지 약 2만㎞를 이동한다.지구 반바퀴를 도는 여정에는 해저케이블 손상, 정전 등 수많은 변수가 존재해 찰나의 끊김도 실시간 중계에서는 치명적인 품질 문제로 번질 수 있다는 설명이다.LG유플러스는 밀라노 동계올림픽 방송 중계에서 끊김 현상을 원천 차단하기 위해 해저케이블 4원화, 끊김 현상을 방지하는 ‘히트리스 프로텍션’ 등 대비 시스템을 구축하기로 했다.LG유플러스는 4개 회선에 모두 장애가 발생하는 상황에도 중계가 가능하도록 밀라노 현지 인터넷망에서 영상을 보내는 체계를 마련하고 등에 멜 수 있는 약 1㎏ 무게의 휴대형 네트워크 장비(MNG)를 동원해 현지 모바일 망을 통한 무선 전송 시스템도 준비한다.정하준 LG유플러스 유선플랫폼운영담당은 “국민들이 우리나라 국가대표 선수들의 활약상을 찰나의 순간도 놓치지 않도록 최고 품질의 방송중계 서비스를 제공할 것”이라고 말했다.<생활경제부>"
https://n.news.naver.com/mnews/article/421/0008587079?sid=105,2025-11-05 15:16:53,IT/과학,"[IR]LGU+ ""희망퇴직은 디지털전환 일환…사업구조 경량화 지속""","LG유플러스 용산사옥 2020.08.24/뉴스1(서울=뉴스1) 이기범 기자 = 여명희 LG유플러스(032640) 최고재무책임자/최고리스크책임자(CFO/CRO)는 5일 올해 3분기 실적 발표 콘퍼런스 콜을 통해 희망퇴직 인건비에 의한 영업이익 감소를 언급하며 ""이번 희망퇴직은 디지털 전환 가속화의 일환으로, 구성원이 자발적으로 참여했다""며 ""앞으로도 디지털 혁신을 위한 사업 구조 경량화에 나설 것""이라고 말했다."
https://n.news.naver.com/mnews/article/003/0013583215?sid=105,2025-11-05 15:23:58,IT/과학,"[컨콜]LGU+ ""디지털 전환 위한 자발적 희망퇴직 진행…사업구조 경량화 지속""","[서울=뉴시스]윤현성 기자 = 여명희 LG유플러스 최고재무책임자/최고리스크책임자(CFO/CRO)는 5일 진행된 3분기 실적발표 컨퍼런스콜에서 ""희망퇴직에 따른 일시적인 인건비 지급이 있었으나 해당 일회성 요인을 제외하면 영업이익은 상반기에 이어서 전년 대비 개선된 흐름이 됐다""고 밝혔다.이어 ""이번 희망퇴직은 디지털 전환 가속화의 일환으로 구성원들의 자발적인 참여에 의해 진행됐다. 앞으로도 디지털 혁신을 통한 사업구조 경량화를 계속 추진해 수익성 개선 효과가 가시화될 수 있도록 하겠다""고 덧붙였다."
https://n.news.naver.com/mnews/article/025/0003480577?sid=105,2025-11-05 15:30:27,IT/과학,"지구 반바퀴 도는 밀라노올림픽 중계, LGU+ ""무결점 중계 도전""","LG유플러스가 내년 2월 열리는 이탈리아 밀라노 동계올림픽 관련 ‘무결점 중계’에 나선다.밀라노 동계올림픽 국제방송중계 서비스 우선협상대상자인 LG유플러스는 5일 “유선 플랫폼 서비스를 주관하는 안양 사옥에서 방송 중계를 전담할 예정”이라고 밝혔다. 안양 사옥은 2021년 도쿄 올림픽, 2024년 파리 올림픽 등 다수의 국제 스포츠 이벤트 실시간 중계를 진행해온 곳이다.LG유플러스는 내년 2월 이탈리아 밀라노 동계올림픽을 생생하게 전달하도록 방송중계 준비에 박차를 가하고 있다고 5일 밝혔다. LG유플러스 임직원이 안양사옥 방송센터에서 '히트리스 프로텍션' 기술을 시연하고 있다. LG유플러스회사 측에 따르면 밀라노 현지 촬영 경기 영상은 국제방송센터(IBC)에서 각국 해저케이블을 통해 안양 사옥까지 약 2만㎞를 이동한다. 지구 반 바퀴를 도는 터라, 해저 케이블 손상, 정전 등 변수가 발생할 수 있고, 이는 실시간 중계에서 치명적인 품질 저하 문제로 이어질 수 있다.LG유플러스는 이에 대한 대비책으로 해저 케이블을 4원화한다. 밀라노에서 지중해와 인도양 등을 거쳐 한국으로 오는 경로에 2개 회선, 대서양과 미국, 태평양을 통하는 경로에 2개 회선을 확보했다. 만약 장애가 감지될 경우 다른 회선으로 전환할 수 있다. 이 과정에서 끊김을 막는 ‘히트리스 프로텍션’ 시스템도 구축했다. 주 회선과 예비 회선에서 전송되는 신호를 모두 수신한 뒤 실시간으로 분석해, 한 쪽 회선에서 장애가 감지될 경우 다른 회선으로 전환해 끊김을 없게 만드는 시스템이다.4개 회선에 모두 장애가 발생하는 상황에 대한 대비책도 마련한다. 밀라노 현지 인터넷망에서 SRT(Secure Reliable Transport) 프로토콜로 영상을 보내는 체계를 구축할 계획이다. SRT 프로토콜을 활용할 경우, 오류가 발생하더라도 자체 보정 및 재전송을 통해 상대적으로 안정적인 콘텐트 전송이 가능하다. 정하준 LG유플러스 유선플랫폼운영담당은 ""국민들이 우리나라 국가대표 선수들의 활약상을 한 순간도 놓치지 않게 고품질의 방송중계 서비스를 제공할 것""이라고 말했다."
https://n.news.naver.com/mnews/article/003/0013583232?sid=105,2025-11-05 15:33:44,IT/과학,"[컨콜]LGU+ ""인건비 절감 등 효과 생기는 내년부터 배당 확대 기대""","[서울=뉴시스]윤현성 기자 = 여명희 LG유플러스 최고재무책임자/최고리스크책임자(CFO/CRO)는 5일 진행된 3분기 실적발표 컨퍼런스콜에서 ""영업실적 개선에 기반한 배당 확대는 인건비 절감 등 구조적 비용 효율화 효과가 추가적으로 반영되는 2026년부터 가시화될 것으로 기대된다""고 말했다.또 ""자사주 매입 및 소각을 병행해 주주가치를 극대화하고자 한다. 유통 주식 수 감소로 인해 배당금 추가 상승 여력이 배당 총액을 축소하지 않는 방향으로 정책을 유지할 계획""이라고 덧붙였다."
https://n.news.naver.com/mnews/article/421/0008587176?sid=105,2025-11-05 15:34:38,IT/과학,"[IR]LGU+ ""단통법 폐지에도 시장 안정…마케팅 효율화""","LG유플러스 용산사옥 2020.08.24/뉴스1(서울=뉴스1) 이기범 기자 = 여명희 LG유플러스(032640) 최고재무책임자/최고리스크책임자(CFO/CRO)는 5일 올해 3분기 실적 발표 콘퍼런스 콜을 통해 ""3분기 통신 업계에서는 제도 변화 및 외부 요인에 따라 전반적 불확실성이 이어졌다""며 ""지난 7월 이동통신단말장치 유통구조 개선에 관한 법률(단통법) 폐지로 경쟁 심화 우려가 있었지만, 시장 안정 국면에 접어들며 완화된 흐름이 지속됐다""고 말했다.이어 ""면밀한 분석으로 마케팅 비용 집행 효율성 확대, 서비스 차별화, 디지털 유통 구조 혁신을 통해 본원적 경쟁력을 강화하고자 한다""고 덧붙였다."
https://n.news.naver.com/mnews/article/031/0000978246?sid=105,2025-11-05 15:40:06,IT/과학,"[컨콜] LGU+ ""이번 희망퇴직, 구성원들 자발적 참여""","여명희 LG유플러스 최고재무책임자/최고리스크책임자(CFO/CRO)는 5일 3분기 실적발표 컨퍼런스콜에서 ""이번 희망퇴직은 디지털 전환 가속화의 일환으로 구성원들의 자발적인 참여에 의해 진행됐다""고 말했다.사진은 LG유플러스 사옥. [사진=LGU+]이어 ""앞으로도 디지털 혁신을 통한 사업구조 경량화를 계속 추진해 수익성 개선 효과가 가시화될 수 있도록 하겠다""고 설명했다."
https://n.news.naver.com/mnews/article/003/0013583264?sid=105,2025-11-05 15:40:32,IT/과학,"[컨콜]LGU+ ""전체 인력 6%인 600여명 희망퇴직 진행""","[서울=뉴시스]윤현성 기자 = 여명희 LG유플러스 최고재무책임자/최고리스크책임자(CFO/CRO)는 5일 진행된 3분기 실적발표 컨퍼런스콜에서 ""전체 인력이 1만명 정도인데, 약 6%인 600여명 정도가 퇴직했다. 이 희망퇴직에 따른 일회성 인건비가 1500억원이 발생했는데, 이를 기반으로 (퇴직자) 평균 임금을 산출할 수 있을 것""이라며 ""이 비용이 내년에 줄어든다고 보면 된다""고 말했다．"
https://n.news.naver.com/mnews/article/008/0005273973?sid=105,2025-11-05 15:50:21,IT/과학,"[컨콜] LGU+ ""배당 확대, 비용 효율화 효과 나타날 내년부터 가시화""","LG유플러스는 5일 진행된 올해 3분기 실적 발표 컨퍼런스콜에서 ""주주환원 정책과 관련해 주주환원율을 점진적으로 높이고, 자사주 매입 및 소각을 병행해 주주가치를 극대화할 것""이라고 밝혔다.이어 ""유통 주식 수 감소로 주당 배당금의 추가 상승 여력이 생기며, 배당 총액을 축소하지 않는 방향으로 정책을 유지할 계획""이라고 덧붙였다.또한 ""영업실적 개선에 기반한 배당 확대는 인건비 절감 등 구조적 비용 효율화 효과가 반영되는 내년부터 본격적으로 가시화될 것으로 기대한다""고 설명했다."
https://n.news.naver.com/mnews/article/008/0005273975?sid=105,2025-11-05 15:51:15,IT/과학,"[컨콜] LGU+ ""희망퇴직자 600여명…전체 임직원의 6% 수준""","LG유플러스는 5일 진행된 올해 3분기 실적발표 컨퍼런스콜에서 ""3분기 희망퇴직 시행으로 약 1500억원의 인건비가 발생했다""며 ""전체 임직원 약 1만명 중 약 6%인 600여명이 퇴직했다""고 밝혔다.이어 ""퇴직자들의 평균 임금 수준을 고려하면, 해당 비용은 내년부터 인건비 절감 효과로 이어질 것으로 예상한다""고 덧붙였다."
https://n.news.naver.com/mnews/article/421/0008587228?sid=105,2025-11-05 15:54:22,IT/과학,"[IR]LGU+ ""2026년 인건비 절감 효과…배당 확대 계획""","LG유플러스 용산사옥 2020.08.24/뉴스1(서울=뉴스1) 이기범 기자 = 여명희 LG유플러스(032640) 최고재무책임자/최고리스크책임자(CFO/CRO)는 5일 올해 3분기 실적 발표 콘퍼런스 콜을 통해 ""주주 환원과 관련해 점진적으로 상향될 거고, 자사주 매입 및 소각을 통해 주주 가치를 극대화하고자 한다""며 ""주당 배당금 상승 여지가 있고, 배당 총액이 줄진 않을 거다. 실적 개선에 기반한 배당 확대는 인건비 절감 등이 가시화되는 2026년부터 본격화될 것""이라고 밝혔다."
https://n.news.naver.com/mnews/article/031/0000978253?sid=105,2025-11-05 16:01:11,IT/과학,"[컨콜] LGU+ ""주주환원율 점진적 상향⋯배당 증가는 2026년부터""","여명희 LG유플러스 최고재무책임자/최고리스크책임자(CFO/CRO)는 5일 열린 2025년 3분기 실적발표 컨퍼런스콜에서 ""주주환원율을 점진적으로 상향하고 자사주 매입 및 소각을 병행하여 주주가치를 극대화하고자 한다""며 ""유통 주식 수 감소로 인해 주당 배당금의 추가 상승 여력이 확보될 수 있으며, 배당 총액을 축소하지 않는 방향으로 정책을 유지할 계획""이라고 설명했다.사진은 LG유플러스 사옥. [사진=LGU+]이어 ""영업 실적 개선에 기반한 배당 증가는 인건비 절감 등 구조적 비용 효율화 효과가 추가적으로 반영되는 2026년부터 가시화될 수 있을 것으로 기대하고 있다""고 덧붙였다."
https://n.news.naver.com/mnews/article/092/0002397087?sid=105,2025-11-05 16:01:17,IT/과학,"LGU+, 무선사업 폭풍 성장...모바일 회선 3천만 돌파","2분기 5G 가입자 유치 효과, 3분기 실적에서 후광LG유플러스가 희망퇴직 시행에 따라 일시적으로 수익성이 악화됐으나 주력 사업인 무선 분야에서 괄목할 성장을 일궜다. 5G 핸드셋 가입자를 빠르게 늘리면서 무선 요금 매출이 큰 폭으로 증가했다.LG유플러스는 연결기준 지난 3분기 매출 4조108억원, 영업이익 1천617억원을 기록했다고 5일 공시했다.매출은 전년 동기 대비 5.5% 늘어난 수치다.무선 분야만 살펴보면 3분기 매출은 1조7천114억원으로 전년 대비 5.6% 증가했다. 접속 매출을 제외한 무선 서비스 매출은 1조6천272억원으로 전년 대비 5.2%, 직전 분기 대비 2.6% 늘어난 기록을 내놨다.무선 매출의 증가는 모바일 가입 회선이 연간 8.6%나 증가한 영향으로, 접속 제외 서비스 매출만 비교하면 업계 선두인 SK텔레콤과 약 5천억원 차이까지 좁힌 셈이 됐다.SK텔레콤이 8월 50% 요금 감면을 시행한 영향이 크지만 LG유플러스의 무선 매출 증가도 적지 않은 수준이란 평가다.모바일 전체 가입자 순증 폭을 보면 3분기가 최근 1년 사이 가장 작은 편에 속하는데, 매출 증가가 급격히 이뤄진 점을 고려하면 5G 고가 요금제 중심의 가입자 질적 성장을 일군 것으로 분석된다.실제 IoT를 제외한 MNO 서비스 가입자당평균매출(ARPU)이 3분기 들어 큰 폭으로 성장했다. 그간 3만5천원대 초반에 머물던 ARPU가 올해 3분기 들어 3만6천원대에 올라섰다.아울러 LG유플러스는 올해 3분기 들어 5G 보급률이 80%를 넘겨 81.6%를 기록했다. 회사 측은 5G 핸드셋 가입자 증가폭이 MVNO 회선 증가폭보다 큰 19.1%를 기록했다는 점에 주목했다.유심 기준 5G 핸드셋 가입 회선 수는 905만5천이다.특히 무선 전체 가입 회선 수는 3천25만9천을 기록하면서 처음으로 3천만을 넘어섰다."
https://n.news.naver.com/mnews/article/031/0000978257?sid=105,2025-11-05 16:11:08,IT/과학,"[컨콜] LGU+ ""7월 단통법 폐지에도 시장 안정국면""","여명희 LG유플러스최고재무책임자/최고리스크책임자(CFO/CRO)는 5일 열린 2025년 3분기 실적발표 컨퍼런스콜에서 ""지난 7월 이동통신단통법 폐지로 경쟁 심화 우려가 있었지만, 시장 안정 국면에 접어들며 완화된 흐름이 지속됐다""고 밝혔다.사진은 LG유플러스 사옥. [사진=LGU+]"
https://n.news.naver.com/mnews/article/138/0002208797?sid=105,2025-11-05 16:16:12,IT/과학,"[컨콜] LGU+ ""연간 가이던스, 충분히 달성…배당 확대는 내년""","[ⓒLG유플러스][디지털데일리 강소현기자] LG유플러스가 올 3분기 영업이익 감소에도 불구, 연간 가이던스를 충분히 달성할 수 있을 것으로 전망했다. 배당금 확대는 구조적 재편 효과가 가시화되는 내년 가능할 것으로 예상됐다.여명희 LG유플러스 최고재무책임자·최고리스크책임자(CFO·CRO)는 5일 3분기 실적 발표 직후 진행된 컨퍼런스 콜에서 이 같이 밝혔다.LG유플러스는 지난 3분기 매출 3조1166억원, 영업이익 1617억원을 기록했다. 전년보다 매출은 4.2% 증가한 반면 영업이익은 600명 규모 희망퇴직에 따른 일회성 비용 약 1500억원의 반영으로 34.3% 감소했다.다만 연간 가이던스 달성에는 무리가 없을 것으로 봤다. 앞서 LG유플러스는 올해 연결기준 서비스매출 가이던스로 2% 성장을 제시했다.여 CFO는 “서비스 수익 기준으로는 이미 가이던스를 충족했다”며 “희망퇴직에 따른 일회성 비용을 제외하면 영업이익도 지난 분기와 유사하게 두자릿수 이상 개선되는 흐름이 지속됐다”고 밝혔다.이어 “남은 4분기에도 3분기 안정적인 탑라인 성장과 더불어 비핵심 사업의 효율적인 재편, 자원 배분의 최적화 등 사업 전반에서 효율성을 극대화하는 전략을 가져갈 것”이라며 “장기적으로는 인공지능(AI) 기술 적극 도입과 디지털 전환을 가속하는 원가 경쟁력을 강화해 사업 구조를 한층 더 혁신해 미래 성장기반을 다져나가겠다”고 덧붙였다.주당 배당금은 내년 상향 가능할 것으로 전망됐다. LG유플러스는 별도 재무제표 기준 당기순이익 40% 이상을 배당하는 정책을 유지하고 있다. 영업실적 개선에 기반한 배당 확대는 인건비 절감 등 구조적 비용 효과가 반영되는 내년부터 가시화될 것으로 봤다.여 CFO는 “이달 중 기업가치 제고계획 이행 현황 공시를 준비 중”이라며 “지속 가능한 주주 가치와 기업 가치를 높이는 방향성엔 변화가 없으며 유통 주식 수 감소로 주당 배당금 상향 여력이 추가 확보될 수 있어 배당 총액을 축소하지 않는 방향을 유지할 계획”이라고 말했다."
https://n.news.naver.com/mnews/article/092/0002397092?sid=105,2025-11-05 16:16:13,IT/과학,"여명희 LGU+ ""번호이동 안정화…비용효율 극대화 집중""","자사주 매입·소각 병행…2026년부터 배당 확대 가시화 전망LG유플러스가 단통법 폐지에도 불구하고 통신 시장 내 번호이동(MNP)이 안정화됨에 따라, 투자수익률(ROI)을 기반으로 한 효율 경영에 집중한다는 전략을 세웠다.이를 통해 본질적 경쟁력을 강화하고, 향후 주주환원율을 점진적으로 상향하고, 자사주 매입·소각을 병행해 주주 가치를 극대화한다는 방침이다.여명희 LG유플러스 최고재무책임자·최고리스크책임자(CFO·CRO)는 5일 열린 3분기 실적 발표 컨퍼런스콜에서 “지난 7월 단말기유통구조개선법(단통법) 폐지로 경쟁 심화될 우려가 있었으나 7월 이후 통신 시장이 안정 국면에 접어들었다”며 “면밀한 ROI 분석을 기반으로 마케팅 비용 효율을 극대화하겠다”고 밝혔다.이어 그는 “서비스 차별화와 디지털 기반 유통 구조 혁신을 통해 본원적 경쟁력 강화에 집중할 계획”이라고 말했다.엘지유플러스 용산 사옥(사진=LG유플러스)LG유플러스는 지난해 발표한 기업가치 제고 계획의 이행 현황을 이달 중 공시할 예정이다.여 CFO는 “수익성 제고와 주주환원 강화를 통해 지속 가능한 성장 구조를 확립하겠다”며 “이 방향성은 변함이 없다”고 말했다.회사는 주주환원율을 점진적으로 상향하고, 자사주 매입 및 소각을 병행해 주주 가치를 극대화할 계획이다.여 CFO는 “유통 주식 수 감소로 인해 주당 배당금의 추가 상승 여력이 확보될 것”이라면서 “배당 총액을 축소하지 않는 방향으로 정책을 유지할 것”이라고 설명했다. 또 “영업 실적 개선에 기반한 배당 확대는 인건비 절감 등 구조적 비용 효율화 효과가 반영되는 2026년부터 가시화될 것”이라고 전망했다.여 CFO는 “남은 4분기에도 품질·안전·보안의 기본기를 더욱 견고히 다지고, 핵심 사업의 수익성 중심 운영과 인공지능 전환(AX)를 통한 혁신을 이어가겠다”고 했다.LG유플러스는 연결 기준 올해 3분기 매출 4조108억원을 기록했다. 전년 동기 대비 5.5% 증가한 수치다. 영업이익은 1천617억원, 당기순이익은 491억원으로 각각 34.3%, 63.6% 줄었다."
https://n.news.naver.com/mnews/article/138/0002208798?sid=105,2025-11-05 16:21:06,IT/과학,LGU+ AIDC 수익 본격화…데이터센터 사업 '풀가동',"[컨콜] 평촌2센터 대형고객사 입주, 데이터센터 위탁운영 수익 가시화LG유플러스 평촌2센터 조감도[ⓒLG유플러스][디지털데일리 오병훈기자] LG유플러스가 자체 인공지능데이터센터(AIDC) 추가확보와 데이터센터 설계·구축·운영(DBO) 사업을 통해 관련 수익 확장에 속도를 낸다.5일 안형균 LG유플러스 기업AI사업그룹장(상무)는 이날 오후 진행된 2025년 3분기 실적발표 컨퍼런스 콜에서 “AI인프라 사업을 기업 인프라 사업 핵심축으로 삼고 성장성과 수익성을 강화할 계획”이라고 말했다.LG유플러스는 AI 모델 학습 수요 급증 추세에 맞춰 관련 인프라 제공 사업 확장에 속도를 내고 있다. 올해 초 AIDC 평촌2센터에 대형 고객 신규 입주로 관련 수익을 확장했고 이어 6월에는 코람코자산운용과 데이터센터 DBO 계약을 체결했다. 코람코자산운용과 체결한 계약에 따른 사업 수익은 3분기 실적에 처음 반영됐다.LG유플러스의 솔루션과 AIDC·기업회선 등이 포함된 기업 인프라 부문 매출은 전년보다 1.8% 증가한 4279억원을 기록했다. 이중 AIDC 사업 매출 증가폭이 가장 컸다. AIDC 사업 매출은 평촌2센터 가동율 증가 와 DBO 사업 진출로 14.5% 늘어난 1031억원으로 집계됐다.안 그룹장은 “AIDC 매출은 평촌2센터 신규 고객사 입주에 따라 가동률 상승과 DBO 사업 신규 매출 인식에 따라 전년 동기 대비 크게 상승했다”며 “AI 클라우드 수요 확대에 따라 데이터센터 인프라에 대한 시장 관심과 수요가 꾸준히 증가하고 있다”고 말했다.이어 파주 AIDC 건설을 통해 자체 인프라를 확대하는 한편 코람코자산운용과 계약에 따른 DBO 사업 매출이 지속되면서 오는 4분기도 AI 인프라 사업의 성장이 기대된다는 것이 LG유플러스 측 설명이다.안 그룹장은 “LG유플러스는 파주에 신규 AIDC를 직접 구축하며 코로케이션 사업(데이터센터 임대 사업) 여력을 지속 확대하고 있다”며 “향후 코람코자산운용이 추진하는 복수 데이터센터 시설 설계 및 구축 운영 사업에 협업하며 AIDC 사업을 더욱 확장할 예정”이라고 말했다.그러면서 “AI 중심으로 빠르게 변화하는 시장 속에서 인프라 경쟁력과 디지털 역량을 기반으로 기업 고객사 요구에 유연하게 대응하며 인공지능 전환(AX) 시장에서 차별화된 기업 간 거래(B2B) 파트너로 성장하겠다”고 강조했다."
https://n.news.naver.com/mnews/article/001/0015726360?sid=101,2025-11-05 16:28:38,경제,LGU+ 3분기 영업이익 34.3% 감소…희망퇴직 영향(종합2보),"순이익도 작년동기비 63.6% 급감…무선 가입 회선은 3천만 첫 돌파LG유플러스[LG유플러스 제공. 재판매 및 DB 금지](서울=연합뉴스) 박형빈 기자 = LG유플러스는 연결 기준 3분기 영업이익이 1천617억원으로 지난해 동기보다 34.3% 감소했다고 5일 밝혔다.이번 영업이익은 연합인포맥스가 집계한 시장 전망치 1천425억원을 13.4% 상회했다.매출은 4조108억원으로 작년 동기 대비 5.5% 늘어났다. 당기순이익은 491억원으로 63.6% 줄었다.LG유플러스는 전사 인공지능(AI) 에이전트 확산 적용을 통한 업무 효율화 및 생산성 향상, AI 데이터센터(DC) 사업의 성과 등이 매출 증가 배경이라고 분석했다.영업이익은 감소했으나 600여명 희망퇴직에 투입된 1천500억원을 제외할 경우 지난해 같은 기간 대비 26.7% 늘어난 3천117억원으로 상반기에 이어 개선된 흐름을 이어가고 있다고 설명했다.3분기 무선 사업은 5G 핸드셋 가입 비중과 이동통신(MNO)·알뜰폰(MVNO) 가입 회선 증가에 힘입어 작년 동기 대비 5.6% 증가한 1조7천114억원을 기록했다. 접속수익을 제외한 모바일 서비스수익은 1조6천272억원으로 지난해 대비 5.2% 증가했다.전체 무선 가입 회선은 작년 3분기 대비 8.6% 늘어난 3천25만9천여개로, 처음으로 3천만개를 돌파했다. MNO 가입 회선은 지난해 같은 기간 대비 5.4% 증가한 2천120만여개, MVNO 가입 회선은 16.8% 증가한 905만여개로 집계됐다.인터넷과 IPTV 사업으로 구성된 스마트홈 부문 매출은 기가인터넷 가입자 증가로 작년 동기 대비 3.5% 늘어난 6천734억원을 달성했다.인터넷 매출은 3천113억원으로 지난해 같은 기간 대비 8.4% 성장했으며, 가입자 또한 4.3% 늘었다. IPTV 사업은 가입자가 지난해 동기 대비 3.3% 증가했으나 전체 매출은 0.4% 감소한 3천342억원을 기록했다.AI DC, 솔루션, 기업 회선 등 사업이 포함된 기업 인프라 부문 매출은 AI DC 사업의 성장에 힘입어 1.8% 증가한 4천279억원을 기록했다.AI DC 매출은 평촌 2센터 신규 고객사 입주에 따른 가동률 상승과 데이터센터 설계·구축·운영(DBO) 사업 진출 등 영향으로 작년 동기 대비 14.5%, 직전 분기 대비 7.1% 늘어난 1천31억원을 달성했다.LG유플러스는 AI DC 사업 강화를 위해 파주에 신규 AI DC를 구축하고 있으며, 코람코자산운용과 협업해 DBO 사업에 진출하는 등 관련 사업 영역을 넓혀갈 방침이다.마케팅 비용은 가입자 증가에 따라 작년 동기 대비 5.2% 늘어난 5천852억원을 기록했다. 서비스 수익 대비 마케팅 비용 비중은 지난해 3분기와 유사한 20.1%로 나타났다. CAPEX(설비투자)는 4천381억원으로 지난해 같은 기간 대비 2.2% 감소했다.여명희 최고재무책임자·최고리스크책임자(CFO·CRO)는 컨퍼런스콜에서 ""지난 7월 단통법 폐지로 경쟁 심화에 대한 우려가 있었으나 시장이 안정 국면에 접어들어 완화된 흐름이 지속되고 있다""며 ""면밀한 투자수익률 분석을 바탕으로 마케팅 비용의 집행 효율성을 극대화하고 서비스 차별화·디지털 기반 유통 구조 혁신을 통한 경쟁력 강화에 집중하겠다""고 밝혔다.이어 ""영업실적 개선에 기반한 배당 확대는 인건비 절감 등 구조적 비용 효율화 효과가 추가로 반영되는 내년부터 가시화될 수 있을 것""이라며 ""주주 환원율은 점진적으로 상향하고 자사주 매입 및 소각을 병행해 주주 가치를 극대화하고자 한다""고 했다.하반기 데이터센터 사업과 관련해선 자사 데이터센터 가동률 상승과 외부 데이터센터 DBO 사업 효과 등으로 상반기 대비 매출이 큰 폭으로 늘어날 것으로 예상했다.[LG유플러스 제공. 재판매 및 DB 금지]binzz@yna.co.kr"
https://n.news.naver.com/mnews/article/008/0005274024?sid=105,2025-11-05 16:34:42,IT/과학,"""600명 퇴직, 인건비 1.5억""…LGU+ 영업익 뚝, 내년 반등 기대 (종합)","희망퇴직 일회성 비용, 3Q 영업익 34.3%↓인건비 절감 효과로 내년엔 실적 개선 전망/그래픽=김지영 디자인 기LG유플러스가 올해 3분기 통신과 비통신 분야의 고른 성장에도 대규모 희망퇴직에 따른 일회성 비용이 반영되면서 부진한 실적을 냈다. 다만 인건비 절감 효과가 내년부터 본격 반영되면서 실적 반등에 대한 기대감이 커지고 있다.5일 LG유플러스는 3분기에 연결기준 매출 4조108억원, 영업이익 1617억원을 기록했다고 밝혔다. 전년 동기 대비 매출은 5.5% 증가했으나 영업이익은 34.3% 감소했다. 전기 대비로도 매출은 4.3% 증가했지만, 영업이익은 46.9% 감소했다. 특히 영업이익의 경우 컨센서스(증권사 평균 전망치, 1837억원)를 하회했다.영업이익 감소는 희망퇴직 시행에 따른 1500억원의 인건비 지급이 반영된 결과다. 희망퇴직자 수는 전체 임직원 1만여명 중 6% 수준인 600명이다. 해당 비용은 내년부터 인건비 절감 효과로 이어질 전망이다. 다만 이번 일회성 비용을 제외하면 3분기 영업이익은 전년 동기 대비 26.7% 증가한 3117억원을 기록했다고 LG유플러스는 설명했다.마케팅 비용은 가입자 증가에 따라 전년 동기 대비 5.2% 늘어난 5852억원이다. 서비스수익(영업수익에서 단말수익을 제외한 매출) 대비 마케팅 비용 비중은 지난해 3분기와 거의 비슷한 20.1%다. CAPEX(설비투자)는 4381억원으로 지난해 같은 기간 대비 2.2% 감소했다.사업 부문별로 보면 주력인 '모바일' 매출이 전년 동기 대비 5.6% 증가한 1조7114억원을 기록했다. 이 중 접속수익을 제외한 서비스매출(무선 서비스 기본료, 통화료, 데이터 등 합산)은 1조6272억원으로 지난해 대비 5.2% 증가했다.MNO(이동통신)와 MVNO(알뜰폰)를 합한 전체 무선 가입회선은 전년 동기 대비 8.6% 증가한 3025만9000여개로 가입 회선 첫 3000만개를 달성했다. MNO 가입회선은 지난해 같은 기간 대비 5.4% 증가한 2120만여개, MVNO 가입회선은 16.8% 증가한 905만여개다.전체 MNO 핸드셋 가입자 대비 5G 핸드셋 가입자 비중도 처음으로 80%를 넘겨 81.6%를 기록했다. 이는 전년 동기 대비 11.4%포인트 늘어난 수치다. 또 지난해 같은 기간 대비 5G 핸드셋 가입자 증가 폭은 MVNO 가입회선의 증가 폭보다 더 큰 19.1%를 기록하며 질적 성장을 이어가고 있다.초고속인터넷과 IPTV(인터넷TV)로 구성된 '스마트홈' 부문은 전년 대비 3.5% 증가한 6734억원의 매출을 거뒀다. 이 중 초고속인터넷 사업 매출은 8.4% 증가한 3113억원이다. 가입자 또한 4.3% 늘었다. IPTV 사업 매출은 0.4% 감소한 3342억원이지만, 가입자는 3.3% 증가했다.기업회선, 솔루션, AIDC(인공지능 데이터센터) 등이 포함된 '기업인프라' 부문은 전년 대비 1.8% 증가한 4279억원의 매출을 올렸다. AIDC 매출은 평촌 2센터 신규 고객사 입주에 따른 가동률 상승과 데이터센터 설계·구축·운영(DBO) 사업 진출 등 영향으로 전년 동기 대비 14.5% 증가한 1031억원이다. 시장 내 AI(인공지능) 클라우드 수요가 늘어날 것으로 전망되는 만큼 AIDC 매출 역시 지속 상승이 기대된다.AICC(인공지능 컨택센터)·스마트모빌리티 등 B2B(기업 간 거래) 신사업 영역인 솔루션 부문과 기업용 인터넷 전용회선 사업인 기업회선 부문 매출은 각각 0.7%, 2.2% 감소했다. 솔루션 사업 매출 감소는 전기차충전사업 양도 등의 영향이다.LG유플러스는 AIDC 사업 강화를 위해 파주에 신규 AIDC를 구축하고 있으며, 코람코자산운용과 협업해 DBO 사업에 진출하는 등 관련 사업 영역을 넓혀가고 있다. 앞으로도 LG유플러스는 AIDC를 성장의 핵심 축으로, 솔루션과 인프라 경쟁력을 강화해 AX(인공지능 전환) 시대를 선도하는 B2B 파트너로 성장한다는 계획이다.여명희 LG유플러스 CFO(최고재무책임자)는 ""이번 분기에는 희망퇴직에 따른 일회성 인건비 지급에도 불구하고, 모바일 부문의 성장세에 힘입어 견조한 실적을 기록했다""며 ""앞으로도 AI 서비스 차별화를 통한 본원적 경쟁력 강화에 집중하고, 수익성 제고와 주주환원 강화를 통해 지속 가능한 기업가치 제고를 지향하겠다""고 말했다.한편 주주환원 정책과 관련해 여 CFO는 ""주주환원율을 점진적으로 높이고, 자사주 매입 및 소각을 병행해 주주가치를 극대화할 것""이라며 ""유통 주식 수 감소로 주당 배당금의 추가 상승 여력이 생기며, 배당 총액을 축소하지 않는 방향으로 정책을 유지할 계획""이라고 설명했다. 이어 ""영업실적 개선에 기반한 배당 확대는 인건비 절감 등 구조적 비용 효율화 효과가 반영되는 내년부터 본격 가시화될 것""이라고 덧붙였다."
https://n.news.naver.com/mnews/article/421/0008587397?sid=105,2025-11-05 16:35:10,IT/과학,"LGU+ ""영업익 하락은 희망퇴직 영향…디지털 혁신 위한 것""","[IR종합] 여명희 LGU+ CFO ""사업구조 경량화 지속""서울 LG유플러스 용산 사옥. 2025.10.23/뉴스1 ⓒ News1 안은나 기자(서울=뉴스1) 이기범 기자 = LG유플러스(032640)가 올해 3분기 영업이익이 30% 이상 급감한 것을 놓고 희망퇴직에 따른 일회성 인건비 지급의 영향이라며, 희망퇴직으로 인한 조직 경량화가 장기적으로 디지털 전환 및 수익성 강화에 긍정적 영향을 미칠 거라고 밝혔다.LG유플러스는 5일 올해 3분기 연결 기준 매출 4조 108억 원, 영업이익 1617억 원을 기록했다고 공시했다. 매출은 전년 동기 대비 5.5% 증가, 영업이익은 34.3% 감소한 수치다. 600명 수준으로 알려진 희망퇴직으로 인해 약 1500억 원의 일회성 비용이 영향을 미쳤다.이날 여명희 LG유플러스(032640) 최고재무책임자/최고리스크책임자(CFO/CRO)는 콘퍼런스 콜을 통해 희망퇴직 인건비에 의한 영업이익 감소를 언급하며 ""이번 희망퇴직은 디지털 전환 가속화의 일환으로, 구성원이 자발적으로 참여했다""며 ""앞으로도 디지털 혁신을 위한 사업 구조 경량화를 지속 추진해 수익성 개선 효과가 가시화될 수 있도록 하겠다""고 말했다.LG유플러스는 희망퇴직에 따른 일회성 인건비 영향을 제외하면 3분기 영업이익은 전년 동기 대비 26.7% 늘어난 3117억 원을 기록, 개선된 흐름이 지속되고 있다고 강조했다.여 CFO는 ""남은 4분기에도 안정적인 탑라인 성장과 더불어 비핵심사업 효율적 재편, 자원 배분 최적화, 사업 전반의 효율성을 높이는 전략을 계획하고 있다""며 ""AI 기술을 적극 도입하고 디지털 전환 가속화가 원가 경쟁력 강화에 중요 동력이 될 거다. 사업 구조를 변화시켜 수익성을 높이고 미래 성장 기반을 다져나가겠다""고 말했다.아울러 희망퇴직이 주주 환원 정책에도 긍정적 영향을 미칠 거라고도 언급했다. 임직원 수 감소로 내년부터는 인건비 절감 효과가 발생하고 이에 기반한 실적 개선을 토대로 주주 배당을 늘리겠다는 계획이다.여 CFO는 ""주주 환원과 관련해 주주 환원율을 점진적으로 상향하고, 자사주 매입 및 소각을 병행해 주주 가치를 극대화하고자 한다""며 ""유통 주식 수 감소로 인해 주당 배당금 추가 상승 여력이 확보될 수 있고, 배당 총액을 축소하지 않는 방향으로 정책을 유지할 계획""이라고 말했다.이어 ""영업 실적 개선에 기반한 배당 확대는 인건비 절감 등 구조적 비용 효율화 효과가 추가로 반영되는 2026년부터 가시화될 수 있을 것으로 기대한다""고 설명했다.LG유플러스의 3분기 마케팅비용은 전년 동기 대비 5.2% 늘어난 5852억 원을 기록했다. 설비투자비용(CAPEX)은 4381억 원으로 전년 동기 대비 2.2% 감소했다.이를 두고 LG유플러스 측은 '단통법 폐지'에 따른 마케팅 경쟁이 크지 않았다고 언급했다.여 CFO는 ""지난 7월 이동통신단말장치 유통구조 개선에 관한 법률(단통법) 폐지로 경쟁 심화 우려가 있었지만, 시장 안정 국면에 접어들며 완화된 흐름이 지속됐다""며 ""면밀한 분석으로 마케팅 비용 집행 효율성 확대, 서비스 차별화, 디지털 유통 구조 혁신을 통해 본원적 경쟁력을 강화하고자 한다""고 말했다.<용어설명>■ 단통법이동통신단말장치 유통구조 개선에 관한 법률. 2014년 10월 휴대폰 구매 시 보조금 차등 지급을 막겠다는 명분으로 만들어졌으나, 끊임없이 부작용이 지적된 끝에 2025년 7월 22일 폐지됐다."
https://n.news.naver.com/mnews/article/422/0000798568?sid=105,2025-11-05 17:02:15,IT/과학,"LGU+, 3분기 영업이익 34.3% 감소…희망퇴직 여파","해킹 정황 신고한 LG유플러스 <저작권자(c) 연합뉴스, 무단 전재-재배포, AI 학습 및 활용 금지>LG유플러스는 연결 기준 올해 3분기 영업이익이 1,617억원으로 지난해 같은 기간보다 34.3% 줄었다고 오늘(5일) 밝혔습니다. 다만 이는 시장 전망치 1,425억원을 13.4% 웃도는 수준입니다.매출은 4조108억원으로 전년 동기 대비 5.5% 증가했습니다. 당기순이익은 491억원으로 63.6% 감소했습니다. 회사는 전사 인공지능(AI) 에이전트 적용 확대와 AI 데이터센터(DC) 사업 성장 등이 매출 증가를 이끌었다고 설명했습니다.영업이익 감소에는 600여명 희망퇴직에 따른 1,500억원의 일시 비용이 반영됐습니다. 이를 제외할 경우 영업이익은 3,117억원으로 전년 동기 대비 26.7% 늘어나며 개선 흐름을 이어갔습니다.무선 사업 매출은 1조7,114억원으로 5.6% 증가했습니다. 5세대(5G) 가입자 확대와 이동통신(MNO)·알뜰폰(MVNO) 회선 증가가 주요 요인으로 꼽혔습니다. 전체 무선 가입 회선은 3,025만9,000여개로 전년 대비 8.6% 늘며 처음으로 3,000만개를 넘어섰습니다.스마트홈 부문 매출은 기가인터넷 가입자 확대에 힘입어 6,734억원으로 3.5% 증가했습니다. 인터넷 매출은 3,113억원으로 8.4% 성장했으며, IPTV 매출은 3,342억원으로 0.4% 감소했습니다.기업 인프라 부문 매출은 AI DC 사업 성장으로 4,279억원을 기록하며 1.8% 증가했습니다. AI DC 매출은 신규 고객사 입주와 데이터센터 설계·운영(DBO) 사업 진출 효과로 14.5% 늘어난 1,031억원을 달성했습니다. LG유플러스는 파주에 신규 AI DC를 구축하고 코람코자산운용과 협력해 DBO 사업을 확대할 계획입니다.마케팅 비용은 가입자 증가에 따라 5,852억원으로 5.2% 늘었습니다. 서비스 수익 대비 비중은 20.1%로 전년과 유사했습니다. 설비투자(CAPEX)는 4,381억원으로 2.2% 감소했습니다.여명희 최고재무책임자(CFO)는 컨퍼런스콜에서 “단말기유통구조개선법(단통법) 폐지 이후 경쟁 심화 우려가 있었으나 시장이 안정 국면에 들어섰다”며 “투자수익률 분석을 기반으로 마케팅 효율성을 높이고 서비스 차별화 및 디지털 유통 혁신에 집중하겠다”고 말했습니다.또한 “영업실적 개선과 비용 효율화 효과가 반영되는 내년부터 배당 확대가 가시화될 것”이라며 “자사주 매입과 소각을 병행해 주주가치를 높이겠다”고 밝혔습니다. 회사는 하반기 데이터센터 가동률 상승과 외부 DBO 사업 확대로 관련 매출이 상반기보다 크게 증가할 것으로 예상했습니다.#LG유플러스연합뉴스TV 기사문의 및 제보 : 카톡/라인 jebo23"
https://n.news.naver.com/mnews/article/138/0002208812?sid=105,2025-11-05 17:16:19,IT/과학,"비용효율 집중한 LGU+ “통신 받쳐주고, AIDC 보태고” [컨콜 종합]","[ⓒLG유플러스][디지털데일리 강소현 오병훈기자] LG유플러스는 지난 3분기 안정적인 이동통신(MNO) 매출 달성과 비용효율화에 집중했다. LG유플러스는 이를 기반으로 인공지능(AI) 인프라 사업 수익 확대에 속도를 낸다.견조한 통신 매출 성장으로 매출은 증가했지만 퇴직금 지급 등 일회성 비용 지출로 3분기 영업이익은 전년 동기 대비 크게 하락했다. 안정적인 핵심 사업을 뒷배 삼아 AIDC 코로케이션사업(데이터센터 임대사업) 및 설계·운영·구축(DBO) 사업 등으로 AI 인프라 신규 수익 창구를 확장하겠다는 구상이다.여명희 LG유플러스 최고재무책임자(CFO)는 5일 개최된 실적발표 컨퍼런스콜에서 “면밀한 투자수익률(ROI) 분석을 기반으로 마케팅 비용 집행 효율성을 극대화하는 등 본원적 경쟁력 강화에 집중하겠다”고 말했다.LG유플러스는 지난 3분기 매출 3조1166억원, 영업이익 1617억원을 기록했다. 전년 같은 기간보다 매출은 4.2% 증가한 반면 영업이익은 같은 기간 34.3% 감소했다.◆연간 가이던스 달성 ‘이상무’...배당 확대는 내년에LG유플러스는영업이익 급감원인으로 최근 실시한 희망퇴직에 따른 퇴직금 지급 영향을 꼽았다.여 CFO는 “희망퇴직에 따른 일시적인 인건비 지급이 있었으나 일회성 요인을 제외하면 영업이익은 상반기에 이어서 전년 대비 개선된 흐름이 지속됐다”며 “이번 희망퇴직은 디지털 전환 가속화 일환으로 구성원들의 자발적인 참여에 의해 진행됐으며 앞으로도 디지털 혁신을 통한 사업 구조 경량화를 추진해 수익성 개선 효과가 가시화될 수 있도록 하겠다”고 말했다.LG유플러스는 이 기간 통신서비스 사업 호조로 매출 성장을 기록했다. 5G 보급률과 해지율 등 이동통신(MNO) 사업의 질적 성장과 알뜰폰(MVNO)의 양적 확대와 더불어 IDC·기업회선 등이 포함된 기업인프라 부문 매출 증대가 주효했다는 평가다.핵심이 되는 모바일 매출은 전년 대비 5.6% 증가한 1조7114억원을 달성했다. 이동통신과 알뜰폰를 합한 전체 무선 가입 회선 수는 3025만9000개로 전년보다 8.6% 늘었다.덕분에 연간 목표치(가이던스) 달성에는 큰 문제가 없다는 게 여 CFO 설명이다. 앞서 LG유플러스는 올해 연결기준 서비스매출 가이던스로 2% 성장을 제시했다.여 CFO는 “남은 4분기에도 3분기 안정적인 탑라인 성장과 더불어 비핵심 사업의 효율적 재편과 자원 배분 최적화 등 사업 전반에서 효율성을 극대화하는 전략을 가져갈 것”이라며 “장기적으로는 AI 기술 적극 도입으로 원가 경쟁력을 강화해 사업 구조를 한층 더 혁신하겠다”고 말했다.주당 배당금은 내년에 높일 수 있을 것으로 전망했다. LG유플러스는 별도 재무제표 기준 당기순이익 40% 이상을 배당하는 정책을 유지하고 있다. 영업실적 개선에 기반한 배당 확대는 인건비 절감 등 구조적 비용 효과가 반영되는 내년부터 가시화될 것으로 전망했다.여 CFO는 “이달 중 기업가치 제고계획 이행 현황 공시를 준비 중”이라며 “지속 가능한 주주 가치와 기업 가치를 높이는 방향성엔 변화가 없으며 유통 주식 수 감소로 주당 배당금 상향 여력이 추가 확보될 수 있어 배당 총액을 축소하지 않는 방향을 유지할 계획”이라고 말했다.◆AIDC 수요 확대…임대·위탁 사업 정조준안정적인 통신 매출과 비용효율화에 힘입어 AI인프라 사업을 새먹거리로 삼겠다는 것이 LG유플러스 전략이다.LG유플러스는 AI 모델 학습 수요 급증 추세에 맞춰 관련 인프라 제공 사업 확장에 속도를 내고 있다. 올해 초 AIDC 평촌2센터에 대형 고객 신규 입주로 관련 수익이 증가했고 이어 6월에는 코람코자산운용과 데이터센터 DBO 계약을 체결했다. 코람코자산운용과 체결한 계약에 따른 사업 수익은 3분기 실적에 처음 반영됐다.덕분에 LG유플러스 솔루션과 AIDC·기업회선 등이 포함된 기업 인프라 부문 매출은 전년보다 1.8% 증가한 4279억원을 기록했다. 이중 AIDC 사업 매출 증가폭이 가장 컸다. AIDC 사업 매출은 평촌2센터 가동율 증가 와 DBO 사업 진출로 14.5% 늘어난 1031억원으로 집계됐다.안형균 LG유플러스 기업AI사업그룹장(상무)는 실적발표 컨퍼런스콜에서 “AIDC 매출은 평촌2센터 신규 고객사 입주에 따라 가동률 상승과 DBO 사업 신규 매출 인식에 따라 전년 동기 대비 크게 늘었다”며 “AI 클라우드 수요 확대에 따라 데이터센터 인프라에 대한 시장 관심과 수요가 꾸준히 증가하고 있다”고 말했다.그러면서 “LG유플러스는 파주에 신규 AIDC를 직접 구축하며 코로케이션 사업(데이터센터 임대 사업) 여력을 지속 확대하고 있다”며 “향후 코람코자산운용이 추진하는 복수 데이터센터 시설 설계 및 구축 운영 사업에 협업해 AIDC 사업을 더욱 확장할 예정”이라고 강조했다."
https://n.news.naver.com/mnews/article/092/0002397116?sid=105,2025-11-05 17:17:07,IT/과학,"LGU+ ""올해 매출 성장률 목표 조기 달성...4분기는 효율 집중""","연간 수익 목표 2%, 3분기 누적 2.8%...""사업 전반 효율성 극대화할 것""LG유플러스가 올해 매출 성장률 목표를 3분기에 조기 달성하면서, 남은 4분기 효율 경영에 집중할 방침이다. 비핵심 사업은 정리하고, AI 등 기술을 활용해 원가 경쟁력을 높이는 등 수익성 중심의 성장 기반을 강화한다는 전략이다.여명희 LG유플러스 최고재무책임자 겸 최고리스크책임자(CFO·CRO)는 5일 열린 3분기 실적발표 컨퍼런스콜에서 “올해 연간 가이던스는 연결 기준 서비스 수익 2% 이상 성장으로 제시했으며, 3분기 누적 기준 2.8%를 기록해 목표 달성이 가능할 것”이라고 밝혔다.용산사옥 전경.여 CFO는 “사업 부문별로는 모바일 서비스 매출이 전년 동기 대비 5.2% 성장하며 2021년 이후 가장 높은 수준을 기록했다”면서 “스마트홈은 고가치 인터넷 가입자 증가로 3.5% 성장했다”고 설명했다.그러면서 “기업 인프라 부문은 AI 데이터센터(AIDC) 사업 내 설계·시공·운영(DBO) 사업 확장과 가동률 상승으로 견조한 흐름을 이어갔다”고 덧붙였다.영업이익에 대해서는 “3분기 (희망퇴직에 따른) 일회성 인건비 1천500억원이 발생해 영업이익이 일시적으로 감소했지만, 이를 제외하면 2분기와 유사한 수준으로 전년 대비 두 자릿수 개선세를 유지했다”고 말했다.여 CFO는 4분기 사업 전략에 대해 “안정적인 탑라인 성장, 비핵심 사업의 효율화, 자원 배분 최적화 등을 통해 사업 전반의 효율성을 극대화할 것”이라며 “AI 기술 도입과 디지털 전환 가속화를 통해 원가 경쟁력을 높이고 수익성 중심의 성장 기반을 강화하겠다”고 자신했다.LG유플러스는 연결 기준으로 올해 3분기 매출 4조108억원을 기록했다. 전년 동기 대비 5.5% 증가한 수치다. 반면 영업이익은 1천617억원, 당기순이익은 491억원으로 각각 34.3%, 63.6% 줄었다."
https://n.news.naver.com/mnews/article/009/0005585238?sid=105,2025-11-05 17:35:12,IT/과학,"LGU+ ""장애 발생해도 화면은 절대 끊기지 않죠""","2026 동계올림픽 중계회선 맡아4중 회선·무중단 전환 기술로무결점 올림픽 방송중계 도전이동일 책임이 '2026 동계올림픽' 방송 중계에 적용될 신기술을 설명하고 있다. LG유플러스""스포츠 중계를 보다가 화면이 잠시 깜빡거렸던 적이 있을 겁니다. 이동하는 해저 케이블 탓에 방송 신호가 잠시 끊겼기 때문이죠. LG유플러스는 어떠한 장애에도 흔들리지 않는 무결점 서비스를 준비하고 있습니다.""지난 4일 찾은 경기 안양시 LG유플러스 안양 센터. 방송 중계부터 IPTV와 인터넷망을 총괄하는 이 센터 직원들은 내년 2월 6일부터 열리는 2026 밀라노 코르티나 동계올림픽을 앞두고 방송장비 점검으로 한창 분주한 모습이었다.유선 중계 기술력을 고도화하고 있는 LG유플러스는 지난해 파리 올림픽에 이어 내년 밀라노 올림픽까지 국내 단독으로 중계 회선을 제공하는 사업자로 선정됐다. 국내에서 방송사를 통해 시청하게 될 올림픽 경기의 방송 중계 전송이 LG유플러스에 달려 있는 셈이다.정하준 LG유플러스 유선플랫폼운영담당(상무)은 ""밀라노에서 안양까지 방송 신호를 받을 때 부산에서 이어지는 해저 케이블을 활용하는데, LG유플러스는 태평양을 통하는 경로와 인도양을 거치는 경로 두 가지를 확보했고 각각 예비 경로까지 마련했다""며 ""만약을 대비해 회선을 4원화했다""고 설명했다. 4개 경로 중 3개에 장애가 발생해도 1개 회선을 통해 방송 중계가 차질 없이 이어진다. 밀라노부터 부산까지 해저 케이블 길이가 약 2만㎞에 달하는 만큼 케이블 장애에 대한 대비책을 이같이 강화한 것이다.장애 시 다른 회선으로 전환하는 과정에서는 찰나의 끊김을 방지하기 위해 '히트리스 프로텍션' 기술을 적용했다. 이는 예비 회선을 대기 상태로 두는 것이 아니라 주 회선과 예비 회선에서 전송되는 신호를 모두 수신하면서 실시간으로 장애를 감지하면 즉시 전환하는 기술이다.[정호준 기자]"
https://n.news.naver.com/mnews/article/015/0005207495?sid=101,2025-11-05 17:40:15,경제,"보험·통신·바이오 선방…""당분간 방어주로 피신해야""","변동성 장세 대응 전략은삼성화재 5%·LGU+ 3% 올라디앤디파마텍 6%·HLB 1% 상승개별 재료 갖춘 바이오주도 인기자사주 의무 소각 등 정책 기대연말까지 금융·배당주 담아볼 만사진=게티이미지뱅크인공지능(AI) 투자 과열 우려로 국내 증시가 큰 폭의 조정을 받은 가운데 금융, 보험, 통신 등 방어주와 우량 바이오주가 상대적으로 선방했다. 기관투자가들이 최근 급등한 반도체 등 대형주를 팔고 정책 수혜 가능성이 높은 금융·배당주로 이동한 결과라는 분석이 나온다. 전문가들은 변동성이 커진 상황에서 경기에 덜 민감하고 주가 하락폭이 작은 방어주로 대응하라고 조언했다.◇ 급등주 팔고 금융주 담은 기관5일 한국거래소에 따르면 이날 KRX 보험지수는 전 거래일 대비 1.52% 상승했다. 은행지수는 0.98% 하락하는 데 그쳤다. 코스피지수와 코스닥지수가 각각 2.85%, 2.66% 급락한 가운데 선방한 것이다. 보험지수에서 비중이 가장 큰 삼성화재는 이날 5.51% 급등했고, 은행지수 내 KB금융과 하나금융지주는 각각 0.25%, 1.14% 하락에 머물렀다. ‘밸류업 모범생’ 메리츠금융지주도 0.53% 상승하는 등 다른 금융주도 방어주 역할을 톡톡히 했다.통신·배당주도 마찬가지다. KRX 방송통신지수는 이날 0.27% 올랐다. 이 지수에 속한 LG유플러스, SK텔레콤, KT는 각각 2.89%, 0.57%, 0.1% 상승했다. KT&G는 0.29% 하락하는 데 그쳤다.이들 종목의 선전은 기관 자금 이동의 결과다. 이날 장이 급락하자 기관들은 최근 급등한 종목을 매도하고 금융·통신주를 중심으로 매수에 나섰다. 기관은 이날 삼성전자(-1056억원), 두산에너빌리티(-668억원)를 가장 많이 순매도하고 KB금융(553억원), 메리츠금융지주(201억원), 신한지주(192억원), KT&G(122억원), 우리금융지주(107억원) 등을 순매수했다.급락의 원인이 AI 버블 우려인 만큼 여전히 동력이 남은 정책 수혜주로 자금을 피신시키려는 움직임으로 해석된다. 그간 국내 증시 상승은 AI 투자 사이클에 따른 반도체 종목이 주도했다. 지난 6월부터 이날까지 SK하이닉스가 183.13% 오를 때 KB금융은 16.59% 상승하는 데 그쳤다. 메리츠금융지주는 같은 기간 1.97% 올라 사실상 제자리걸음을 했다.하지만 연말로 갈수록 배당소득 분리과세 조정, 자사주 의무 소각 등 정책이 가시화하면서 금융·배당주가 다시 움직일 것이란 전망이 많다. 한 펀드매니저는 “정책 수혜에 따른 동력은 여전히 유효하다”며 “금융·배당주로의 피신이 안전한 선택이 될 수 있다”고 말했다.◇ 성장성 남은 바이오도 선방제약·바이오 종목도 비교적 선방했다. 이날 KRX 헬스케어지수는 1.53% 하락해 다른 지수에 비해 낙폭이 작았다. 디앤디파마텍이 6.3% 상승했고 HLB는 1.49% 올랐다. 유가증권시장 대형주인 셀트리온은 0.79% 하락하는 데 그쳤다. 헬스케어지수는 6월 이후 이날까지 23.07% 상승했는데 같은 기간 반도체지수는 88.67% 올랐다.한 자산운용사 관계자는 “전날까지 바이오 업종으로 자금이 유입되고 있었다”며 “반도체 종목이 너무 많이 오른 만큼 바이오 종목을 저점 매수하는 전략이 가능하다”고 설명했다. 최근 1주일간 주식형 상장지수펀드(ETF) 수익률 1위와 2위는 각각 ‘TIMEFOLIO K바이오액티브’(11.36%)와 ‘KoAct 바이오헬스케어액티브’(9.57%)가 차지했다. 기관들은 이날 알테오젠(329억원), 올릭스(92억원) 등 우량 바이오 종목도 순매수했다.다만 AI 버블론에 따른 변동성이 단기에 그치면 다시 수급이 반도체 등 기존 주도주로 쏠릴 가능성도 있다. 한 펀드매니저는 “AI가 버블이라고 단정 짓기엔 이른 상황”이라며 “시장이 반등하면 메모리 반도체, 전력기기 등 기존 AI 관련 주도주에서 강한 회복이 나올 수 있다”고 말했다."
https://n.news.naver.com/mnews/article/011/0004552404?sid=105,2025-11-05 17:41:08,IT/과학,"""회선 끊겨도 영상 이상 無""…LGU+ '무결점 중계' 준비","[밀라노올림픽 대비 LG유플러스 안양사옥 가보니]모든 중계 영상에 최신기술 적용회선 장애 발생해도 매끄럽게 송출인도양 등 4중 해저케이블 구축""찰나의 순간도 놓치지 않게 할것""이동일 LG유플러스 책임이 4일 안양사옥에서 끊김 없는 스포츠 중계를 구현하는 히트리스 프로텍션 기술에 대해 설명하고 있다. 사진제공=LG유플러스[서울경제]4일 찾은LG유플러스(032640)안양사옥에선 내년 2월 개최 예정인 밀라노 동계올림픽 중계 대비가 한창이었다. 사옥 7층에 자리 잡은 통합관제센터에선 ‘히트리스 프로텍션’ 기술을 통해 농구 경기가 송출되고 있었다. 히트란 방송 송출 경로에서 발생할 수 있는 장애를 뜻한다. 이 기술은 주 회선과 예비 회선에서 전송되는 신호를 모두 수신하고 한 쪽 회선에서 장애가 감지될 경우 다른 회선으로 전환해 영상 끊김을 막아준다.실제로 이날 성능 테스트를 위해 한 회선과의 접속을 차단하자 일반 화면에선 영상이 바로 멈춘 반면 히트리스 프로텍션 기술이 적용된 화면에선 중계가 매끄럽게 이어졌다. 이동일 LG유플러스 책임은 “이번 밀라노 동계올림픽에서 송출될 모든 영상에는 히트리스 프로텍션 기술이 적용된다”며 “회선에 어떤 문제가 생겨도 방송이 끊기지 않도록 설계된 셈”이라고 설명했다.밀라노 동계올림픽 국제방송중계 서비스 우선협상대상자로 선정된 LG유플러스는 그동안 쌓아온 노하우에 첨단 기술을 결합해 ‘무결점 중계’에 도전한다는 각오다. 이를 위한 대비책은 여기서 그치지 않는다. 밀라노에서 안양사옥까지 약 2만㎞에 달하는 해저케이블을 4원화한 것이다. LG유플러스는 밀라노에서 지중해와 인도양, 남중국해를 거쳐 한국으로 오는 경로에 2개 회선, 대서양을 지나 미국을 통해 태평양을 통하는 경로에 2개 회선을 확보했다. 총 4개 회선을 갖춘 만큼 하나의 회선에 문제가 발생하더라도 다른 회선으로 즉시 전환해 장애에 대응할 수 있게 됐다.방송중계 컨트롤타워인 안양사옥은 국내 유일 통합운영근무체계를 갖춘 것이 특징이다. 통합관제센터에선 방송중계는 물론 IPTV·기간망 등 유선 서비스 전 구간을 실시간 관리하고 있었다. 실시간 모니터링 대시보드를 통해 현지와 국내에 있는 전 구간 네트워크 장비를 한눈에 관제하며 이상 상황에 즉각 대응하는 체계를 갖춘 것이다. 밀라노 동계올림픽에는 안양사옥에 전담 직원 18명, 밀라노 현지에 6명을 배치하기로 했다. 앞서 LG유플러스는 2021년 열린 도쿄올림픽과 지난해 파리올림픽의 국내 단독 중계를 성공적으로 마친 바 있다.정하준 LG유플러스 유선플랫폼운영담당(상무)이 4일 안양사옥에서 밀라노 동계올림픽 중계를 위한 준비 현황을 설명하고 있다. 사진제공=LG유플러스정하준 LG유플러스 유선플랫폼운영담당(상무)은 “국민들이 우리나라 국가대표 선수들의 활약상을 찰나의 순간도 놓치지 않도록 최고 품질의 방송중계 서비스를 제공할 것”이라며 “국제 스포츠 이벤트 중계 분야에서 LG유플러스의 역량을 다시 한번 입증하겠다”고 강조했다."
https://n.news.naver.com/mnews/article/031/0000978338?sid=105,2025-11-05 17:46:07,IT/과학,"[컨콜 종합] LGU+ ""3분기 영업익 감소에도 연간 가이던스 달성 가능…AIDC 성장세 지속""","서비스 매출 가이던스 이미 충족…내년 비용 절감·배당 상향 여력 확보LG유플러스가 3분기 영업이익 감소에도 불구하고 연간 매출 가이던스 달성에는 무리가 없을 것이라고 판단했다. 인공지능(AI) 인프라 사업 확대를 통해 성장세를 유지한다는 전략이다.사진은 LG유플러스 사옥. [사진=LGU+]여명희 LG유플러스 최고재무책임자/최고리스크책임자(CFO/CRO)는 5일 열린 3분기 실적발표 컨퍼런스콜에서 ""희망퇴직에 따른 일시적인 인건비 지급이 있었으나 해당 일회성 요인을 제외하면 영업이익은 상반기에 이어 전년 대비 개선된 흐름이 됐다""고 했다.이어 ""이번 희망퇴직은 디지털 전환 가속화의 일환으로 구성원 자발적 참여에 의해 진행됐다""며 ""사업 구조 경량화를 계속 추진해 수익성 개선 효과가 가시화되도록 하겠다""고 말했다.LG유플러스의 3분기 실적은 매출 4조108억원 영업이익 1617억원이다. 희망퇴직 관련 비용 1200억원이 반영되면서 영업이익은 전년 대비 34.3% 감소했다.영업 적자에도 연간 가이던스 달성은 문제가 없다는 입장이다. 여 CFO는 ""서비스 수익 기준으로는 이미 가이던스를 충족했다""며 ""희망퇴직 비용을 제외하면 영업이익도 지난 분기와 유사하게 두자릿수 이상 개선 흐름이 지속됐다""고 말했다. 앞서 LG유플러스는 올해 연결기준 서비스 매출 가이던스로 2% 성장을 제시했다.4분기 전략에 대해선 ""비핵심 사업의 효율 재편과 자원 배분 최적화를 통해 전사적으로 효율을 극대화할 것""이라며 ""AI 기술 도입과 디지털 전환 가속을 통해 원가 경쟁력을 강화하고 미래 성장 기반을 확보하겠다""고 설명했다.특히 AI 인프라 사업을 통해 성장세를 유지할 의지를 내비쳤다. 안형균 LG유플러스 기업AI사업그룹장(상무)은 ""평촌2센터 가동률 증가와 가산IDC DBO 매출 인식으로 3분기 AIDC 사업 매출이 전년 대비 14.5% 성장했다""며 ""AI 클라우드 수요 확대에 따라 데이터센터 인프라에 대한 시장 관심과 수요가 꾸준히 증가하고 있다""고 설명했다.그러면서 ""LG유플러스는 파주에 신규 AIDC를 직접 구축하며 코로케이션 사업(데이터센터 임대 사업) 여력을 지속 확대하고 있다""며 ""향후 코람코자산운용이 추진하는 복수 데이터센터 시설 설계 및 구축 운영 사업에 협업해 AIDC 사업을 더욱 확장할 예정""이라고 강조했다.한편 배당 확대 시점은 구조적 비용 효과가 반영되는 내년으로 전망했다. 여 CFO는 ""LG유플러스는 주주환원율을 점진적으로 상향하고 자사주 매입 및 소각을 병행하여 주주가치를 극대화하고자 한다""며 ""영업 실적 개선에 기반한 배당 증가는 인건비 절감 등 구조적 비용 효율화 효과가 추가적으로 반영되는 2026년부터 가시화될 수 있을 것으로 기대하고 있다""고 했다."
https://n.news.naver.com/mnews/article/088/0000979628?sid=102,2025-11-06 06:31:11,사회,"[출향인을 만나다] 에치에프알(HFR) 정해관 모바일 사업부문장…'AI 하이웨이' 중심될 것""","SK텔레콤 입사, 단문메시지(SMS) 서비스 개발, 세계 첫 상용화통신 업체 '콘텔라' 창업, 현재 유무선 통신장비 기업 HFR 몸 담아HFR 맞춤형 네트워크 '프라이빗5G' 주요 제품, 5세대 통신 기술 강점 보유올해 10월 '차세대 네트워크 구축 유공자'로 과기정통부 장관 표창 받아정보 통신망은 수많은 데이터가 오고가는 '하이웨이'에 비유되곤 한다. 요즘 각광 받는 인공지능(AI), 자율주행, 제조로봇 등 첨단 기술이 제대로 가동하려면, 대용량 데이터가 더 빠르고 원활하게 움직일 수 있도록 통신 장비 및 기술이 그에 맞춰 뒷받침돼야 함은 물론이다.정해관(56) '에치에프알(HFR)' 모바일 사업부문장은 정보통신 업계에서 30년을 종사한 이분야 전문가다. SK텔레콤 입사 1년 만인 1996년 단문메시지(SMS) 서비스 개발을 이끌어 세계 최초로 상용화하고, 2000년에는 SK텔레콤 사내벤처 '콘텔라'를 창업하는 등 통신 분야 사업의 잠재력에 눈떴다. 현재는 기업·기관 맞춤형 특화망인 '프라이빗5G'를 내세운 유·무선 정보통신 장비 기업 HFR에서 모바일 부문 사업을 이끌고 있다.정해관 '에치에프알(HFR)' 모바일 사업부문장은 기업·기관 특화망인 자사 '프라이빗5G' 기술을 앞세워 일본과 미국 시장에 수출하는 등 괄목할만한 성과를 거두고 있다. 이무성 객원기자- 창업 등 정보통신 업계에서만 30년 간 몸담고 있다.▶경북대 전자공학과에서 학사와 석사 과정을 마친 뒤, 1995년 SK텔레콤 중앙연구원에 입사했습니다. 입사 후에는 2세대 디지털 이동통신(CDMA)의 단문메시지(SMS) 서비스 개발을 총괄해 1996년 세계 최초로 상용화했습니다. 이후에는 재난문자 서비스 개발을 맡아 1998년 역시 세계 처음으로 상용화했습니다.1996년 이전까지만 해도 휴대전화는 음성통화만 가능했지만, 단문메시지 서비스의 등장으로 문자 소통의 시대가 열렸습니다. 30년 가까이 지난 지금도 단문메시지는 일상적인 휴대전화 문자, 재난문자 서비스, 방송국 이벤트 문자 등으로 폭넓게 사용되고 있습니다.1999년에는 홍릉KAIST 단기MBA 과정을 수료하며 경영 시야를 넓혔고, IT붐이 한창이던 2000년에는 SK텔레콤에서 함께 일하던 동료들과 함께 청운의 꿈을 품고 '콘텔라'를 창업했습니다. 콘텔라 창업 멤버로서 IP기반 CDMA(2세대) 기지국과 WCDMA(3세대), LTE(4세대) 소형 기지국을 세계 최초로 상용화해 일본, 미국 등 해외 시장에 수출했습니다.2019년에 콘텔라와 함께 SK텔레콤 사내벤처로 출범한 'HFR(에치에프알)'에 합류해 현재는 프라이빗5G(이음5G 특화망), 인공지능 기지국, 위성통신 등 신사업을 총괄하고 있습니다.올해 10월에는 이런 공로를 인정받아 과학기술정보통신부로부터 '차세대 네트워크 구축 유공자'로 선정돼 장관 표창을 받기도 했습니다.- 에치에프알(HFR)은 어떤 회사?▶HFR은 2000년S K텔레콤 사내벤처로 시작해 2018년 코스닥에 상장한 유·무선 통신장비 전문기업입니다. 주요 사업 분야는 ▷모바일 액세스 ▷브로드밴드 액세스 ▷프라이빗5G 세 부문으로 나뉩니다.모바일 액세스는 SKT, KT, LGU+ 등 주요 이동통신사를 대상으로 프론트홀 먹스 등 기지국 관련 장비를, 브로드밴드 액세스는 초고속 인터넷 서비스 장비를, 프라이빗5G 부문은 기업·정부·공공기관 등에 5G망 자가망용 기지국 등을 공급하고 있습니다.현재 매출의 대부분은 모바일 액세스와 브로드밴드 액세스 부문에서 발생하지만, 회사는 폭발적인 성장 잠재력을 가진 프라이빗5G 사업을 미래 핵심 사업으로 정하고 전략적으로 투자하고 있습니다.정해관 '에치에프알(HFR)' 모바일 사업부문장은 기업·기관 특화망인 자사 '프라이빗5G' 기술을 앞세워 일본과 미국 시장에 수출하는 등 괄목할만한 성과를 거두고 있다. 이무성 객원기자- 해외 시장 개척에 앞장서고 있는데.▶HFR의 프론트홀 먹스 제품은 한국의 SK 텔레콤, 일본의 NTT 도코모, 미국의 Verizon, AT&T 등 한·미·일 주요 이동통신사에 공급되고 있습니다.프라이빗5G 제품은 한국수력원자력 발전소, 스마트팩토리, 건설현장, 한양대병원, 성균관대학교 등 국내 많은 기관과 현장에서 성공적인 구축 사례가 있습니다. 이러한 국내 경험을 바탕으로 일본의 한신철도 스마트빌딩 프로젝트 등 해외 시장으로 진출할 수 있었습니다.HFR은 2022년에 2천600억 원의 수출 실적을 기록했으며, 미국과 일본 등으로의 수출을 통해 수출 주도형 글로벌 기업으로 자리매김했습니다.- 주요 제품인 프라이빗5G 솔루션은?▶프라이빗5G는 국내에선 '이음5G 특화망' 으로 불리는데, 기업·공공기관이 자체적으로 구축하는 맞춤형5G 네트워크입니다. 5세대 통신 기술이 가지는 초고속·초저지연·초연결의 강점을 바탕으로, 국방·제조공장·물류센터·공항·항만·스마트시티 등의 분야에서 폭넓게 활용됩니다.인구 감소로 인한 인력난과 생산성 향상이 중요한 시대에, 프라이빗5G는 협동로봇, 물류로봇, 휴머노이드 로봇, 자율주행 시스템 등을 연결하는 핵심 인프라입니다. 세계 각국은 공장, 병원, 공공기관 등에서 사용할 수 있는 전용 주파수를 별도로 할당하고 있으며, 이 주파수를 활용해 스마트팩토리, 원격의료, 디지털트윈, 메타버스 등의 서비스를 가능하게 합니다.HFR은 이러한 프라이빗5G 구축에 필요한 기지국, 교환기, 네트워크 관리시스템 등 '엔드투엔드(End-to-End) 솔루션'을 공급해 기업이 손쉽게 구축하고 운영할 수 있도록 지원하고 있습니다.정해관 '에치에프알(HFR)' 모바일 사업부문장은 기업·기관 특화망인 자사 '프라이빗5G' 기술을 앞세워 일본과 미국 시장에 수출하는 등 괄목할만한 성과를 거두고 있다. 이무성 객원기자- 인공지능(AI) 발달에 맞춰 회사의 주안점은?▶AI의 핵심은 학습과 추론입니다. 공장 설비, 차량, 카메라, 센서 등 다양한 지능형 장비가 만들어내는 방대한 데이터를 초저지연 네트워크를 통해 AI 서버로 전송하면, 서버는 이를 실시간으로 학습·분석하고 판단을 합니다. 이렇게 현장과 클라우드를 끊김 없이 연결해주는 인프라가 바로 프라이빗5G입니다.HFR은 이러한 AI 시대에 발맞춰 AI 데이터가 자유롭게 흐르는 'AI 하이웨이' 구축의 중심 역할을 하고 있습니다.- 회사 설립 이후 힘들었던 점은?▶이동통신 장비 산업은 기술 장벽이 높고, 인재와 자본이 동시에 필요한 분야입니다. 한국에서 뛰어난 엔지니어들과 함께 제품을 개발했지만, 국내 시장 규모만으로는 투자비를 모두 회수하기 어려워 해외 진출은 필연적인 선택이었습니다.초창기에는 글로벌 네트워크 부족으로 많은 어려움을 겪었지만, 현지 법인 설립과 파트너 발굴, 고객 맞춤형 대응을 통해 신뢰를 쌓으며 수출 기반을 마련했습니다.문화적·지리적으로 가까운 일본 시장을 먼저 개척했고, 이후 미국 시장으로 확대했습니다. 현재는 한국·일본·미국을 중심으로 글로벌 네트워크를 확장하고 있습니다.세계 프라이빗5G 시장은 2030년 약33조 원, 한국 시장은 약2조5천억 원 규모로 성장할 전망입니다. HFR은 이러한 기반 위에서 글로벌 시장 점유율 10% 달성을 목표로 하고 있습니다.- 지방 청년들에게 주고 싶은 당부는?▶자신이 진심으로 하고 싶은 일을 하라고 이야기하고 싶습니다. 자만하지 않고 항상 배우는 자세로 좋아하는 일에 끈기를 가지고 몰입하길 바랍니다.제가 처음SK텔레콤에 입사했을 때는 통신산업이 가장 유망한 분야였습니다. 그러나 지금은 산업 환경이 많이 달라졌습니다. 또 제가 대학원 시절 배웠던 뉴럴 네트워크(Neural Network)는 당시에는 크게 기술이 확대되지 못했지만, GPU의 등장 등 주변 기술의 발전과 함께 오늘날 인공지능(AI)을 가능하게 한 핵심 기술로 자리 잡았습니다. 단기간에 좋아 보이는 분야를 따라가기 보다는, 자신이 좋아하는 일을 꾸준히 하라고 말씀드리고 싶습니다.정해관 '에치에프알(HFR)' 모바일 사업부문장은 기업·기관 특화망인 자사 '프라이빗5G' 기술을 앞세워 일본과 미국 시장에 수출하는 등 괄목할만한 성과를 거두고 있다. 이무성 객원기자"
https://n.news.naver.com/mnews/article/003/0013584168?sid=105,2025-11-06 09:00:00,IT/과학,"LGU+, 3040 직장인 200명과 AI 시대 커리어 고민 나눠","AI 유니버스 첫 프로젝트로 'AI 미래토크' 토크콘서트 개최김경훈 오픈AI 총괄 대표 등이 AI 시대 커리어 특강 등 진행[서울=뉴시스]LG유플러스가 직장인의 AI 활용 역량을 높이고 일상 속 AI 경험을 확대하기 위해 토크콘서트 'AI 미래토크'를 개최했다. 사진은 김경훈 오픈AI코리아 총괄 대표가 메인 세션에서 발표하는 모습. (사진=LG유플러스 제공)[서울=뉴시스]윤현성 기자 = LG유플러스가 직장인 200여명과 만나 인공지능(AI) 시대 커리어 고민을 함께 논의하고 다양한 최신 AI 서비스를 직접 체험해볼 수 있는 자리를 마련했다.LG유플러스는 직장인의 AI 활용 역량을 높이고 일상 속 AI 경험을 확대하기 위해 토크콘서트 'AI 미래토크'를 개최했다고 6일 밝혔다. 지난 5일 서울 역삼동에서 진행된 행사에는 선착순으로 모집한 3040 직장인 200여명이 참석하며 성황리에 마무리됐다.AI 미래토크는 LG유플러스와 국내 대표 AI 단체인 바른 과학기술사회 실현을 위한 국민연합(과실연) AI미래포럼이 공동으로 개최한 행사다. 커리어와 미래에 대한 고민을 가진 직장인들이 최신 AI 트렌드를 파악하고 현장에서 직접 다양한 AI 서비스를 이용해볼 수 있도록 기획됐다. 행사에는 LG유플러스 AI 구독 서비스 '유독픽AI'에 참여하는 국내외 AI 제휴사 10곳이 함께 참여했다.이번 행사는 'AI 유니버스' 활동의 첫 단계로 기획됐다. LG유플러스는 지난 9월 국민들의 AI 접근성을 강화하기 위해 과실연 AI미래포럼, 유독픽AI에 참여하는 국내외 AI 제휴사 10곳과 손잡고 AI 유니버스를 출범시킨 바 있다. 각사가 보유한 역량을 결집해 시너지를 창출하고 국민들의 AI 이해도를 높여나간다는 목표다.AI 미래토크는 '퇴근 후 만나는 AI 레벨업 찬스'를 주제로 AI를 활용해 업무 효율을 높이면서도 개인이 성장할 수 있는 방법에 대한 강연이 진행됐다.메인 세션 강연자로는 김경훈 오픈AI코리아 총괄 대표가 참석했다. 25년 이상 글로벌 IT·컨설팅 업계를 이끌어온 김 대표는 국내 광고·디지털 사업 확대와 스타트업 지원 프로그램 운영 등을 통해 AI 생태계 활성화를 주도해온 인물이다. 김 대표는 강연을 통해 AI 시대 훌륭한 커리어를 만들기 위한 인재상과 필요 역량에 대해 참가자들에게 공유하는 시간을 가졌다.이어 김승일 과실연 AI미래포럼 대표의장과 류정혜 과실연 AI미래포럼 공동의장도 연사로 참여했다. 이들은 ▲AI로 일의 효율을 높이는 방법 ▲변화에 대응하는 마인드셋 ▲직장인이 실무에 바로 적용할 수 있는 활용 사례 등을 중심으로 강연을 진행했다. 강연 후에는 연사와 참가자들이 자유로운 질의응답 시간을 가지고 AI를 실무와 일상에 접목할 수 있는 현실적인 방안과 경험을 나눴다.LG유플러스는 행사 현장에서 유독픽AI 체험존을 마련해 참가자들이 다양한 AI 서비스를 직접 사용해 볼 수 있도록 했다. 유독픽AI는 10종의 다양한 AI 서비스 중 고객이 원하는 AI 서비스만 골라 할인을 받고, 매달 필요한 AI 서비스를 자유롭게 선택할 수 있는 구독형 상품이다.참가자들은 체험존에서 ▲정확한 출처 기반 검색이 가능한 '라이너(Liner)' ▲다국어 자료 검색에 특화된 '펠로(Felo)' ▲다양한 AI 모델을 통합 제공하는 '우수AI' 등 대화형 AI 3종과 특화 AI 서비스 7종을 포함해 총 10종의 AI 서비스를 체험했다. LG유플러스는 이날 행사에 참석한 고객 전원에게 유독픽 AI 서비스 중 직장인이 유용하게 활용할 수 있는 ‘유독픽AI’ 1개월 무료 체험권을 선물했다.정혜윤 LG유플러스 마케팅그룹장(상무)은 ""AI 미래토크는 LG유플러스가 다양한 파트너와 함께 AI 생태계를 조성하기 위해 기획한 행사""라며 ""앞으로도 기업, 학계, 기술 전문가 등 다양한 분야와 협력해 국민들의 AI 접근성을 높이기 위해 힘쓰겠다""고 말했다."
https://n.news.naver.com/mnews/article/421/0008588099?sid=105,2025-11-06 09:00:00,IT/과학,"LGU+, 네트워크 우수 협력사 44곳에 감사패 전달","매년 우수 협력사 초청…동반성장 위해 주기적 현안 논의지난 5일 서울 마곡 LG사이언스파크에서 열린 'NW 우수 협력사 초청의 날'에서 참석자들이 기념촬영을 하고 있는 모습. (LGU+ 제공)(서울=뉴스1) 이기범 기자 = LG유플러스(032640)가 네트워크 서비스 품질 개선을 위해 노력한 협력사를 초청해 감사패를 전달했다고 6일 밝혔다.LG유플러스는 협력사 성과를 공유하고 동반성장을 독려하기 위해 매년 우수 협력사 초청 행사를 진행하고 있다.전날 서울 마곡 LG사이언스파크에서 열린 이번 행사에서 LG유플러스는 총 44개 협력사에 감사패를 전달했다. △IP·전송·중계기·SW 등에 우수 역량을 보유한 장비 협력사 9곳 △유선·무선·특수 공사 분야의 우수 시공 협력사 12곳 △안전관리 BP(Best Practice) 경진대회에서 우수한 성과를 거둔 협력사 3곳을 선정했다.우수 협력사 초청 행사 외에도 LG유플러스는 주기적으로 현안을 논의하는 협력사 간담회와 안전관리 BP 경진대회를 열고 있으며, 향후에도 동반성장 프로그램을 강화해 나갈 계획이다.LG유플러스는 동반성장위원회가 매년 발표하는 동반지수 평가에서 7년 연속 최우수 기업으로 선정된 바 있다.권준혁 LG유플러스 네트워크부문장(부사장)은 ""고객 신뢰를 강화하기 위한 여정에 적극적으로 동참해 준 우수 협력사에 감사드린다""며 ""앞으로도 협력사의 성장이 우리의 성장이라는 마음가짐으로 함께 발전하기 위해 노력하겠다""고 말했다."
https://n.news.naver.com/mnews/article/003/0013584167?sid=105,2025-11-06 09:00:00,IT/과학,"LGU+, 네트워크 운영 우수 협력사 44곳 감사패 전달","LGU+ 우수 협력사, 전년 대비 13곳 더 늘어애로사항 청취 위한 협력사 간담회도 마련[서울=뉴시스] LG유플러스는 서비스 품질 강화와 안정적 네트워크 운영을 위해 함께 노력한 협력사에 감사패를 전달했다고 6일 밝혔다. 사진은 지난 5일 서울 마곡 LG사이언스파크에서 열린 'NW 우수 협력사 초청의 날'에 권준혁 LG유플러스 네트워크부문장(부사장)이 인살말하는 모습. (사진=LG유플러스 제공) 2025.11.06. photo@newsis.com *재판매 및 DB 금지[서울=뉴시스]박은비 기자 = LG유플러스는 서비스 품질 강화와 안정적 네트워크 운영을 위해 함께 노력한 44개 협력사에 감사패를 전달했다고 6일 밝혔다.LG유플러스는 네트워크 서비스 품질 개선을 위해 노력한 협력사 성과를 공유하고, 동반성장하기 위해 매년 우수 협력사 초청 행사를 열고 있다.지난 5일 서울 마곡 LG사이언스파크에서 진행된 행사에서 LG유플러스는 IP·전송·중계기·SW 등 우수 역량을 보유한 장비 협력사 9곳, 유선·무선·특수 공사 분야 우수 시공 협력사 12곳, 안전관리 BP(Best Practice) 경진대회 우수 성과 협력사 3곳을 선정해 감사의 뜻을 전했다.이밖에 품질 경쟁력 및 고객 서비스 안정화, 신속한 장애 복구를 통한 안정적 망 운영, 교통 인프라 구간 내 공사 적기수행 및 품질 개선 등에 기여한 협력사 20곳은 특별 공로패를 받았다. 감사패를 받는 협력사는 지난해보다 13곳 늘어났다.LG유플러스는 초청 행사 외에도 협력사들과의 동반성장을 위해 주기적으로 현안을 논의하면서 애로사항을 청취하는 협력사 간담회를 진행하고 있다. 앞으로도 협력사들의 역량 개발을 뒷받침하고 고객 체감 품질을 높이기 위한 동반성장 프로그램을 강화할 계획이다.권준혁 LG유플러스 네트워크부문장(부사장)은 ""고객 신뢰를 강화하기 위한 여정에 적극적으로 동참해준 우수 협력사에 감사드린다""며 ""앞으로도 협력사 성장이 우리의 성장이라는 마음가짐으로 함께 발전하기 위해 노력하겠다""고 말했다."
https://n.news.naver.com/mnews/article/014/0005430455?sid=105,2025-11-06 09:01:12,IT/과학,"LG U+·과실연, 일상 속 AI 확대 위한 'AI 미래토크' 성료","김경훈 오픈AI코리아 총괄 대표가 지난 5일 서울 강남구에서 진행된 'AI 미래토크'에서 발표하고 있다. LG유플러스 제공LG유플러스는 직장인의 인공지능(AI) 활용 역량을 높이고 일상 속 AI 경험을 확대하기 위해 토크콘서트 ‘AI 미래토크’를 개최했다고 6일 밝혔다. 전날 서울 강남구에서 진행된 행사에는 선착순으로 모집한 3040 직장인 200여명이 참석하며 성황리에 마무리됐다.AI 미래토크는 LG유플러스와 국내 대표 AI 단체인 바른 과학기술사회 실현을 위한 국민연합 AI미래포럼이 공동으로 개최한 행사다. 커리어와 미래에 대한 고민을 가진 직장인들이 최신 AI 트렌드를 파악하고 현장에서 직접 다양한 AI 서비스를 이용해볼 수 있도록 기획됐다. 행사에는 LG유플러스 AI 구독 서비스 ‘유독픽AI’에 참여하는 국내외 AI 제휴사 10곳이 함께 참여했다.이번 행사는 ‘AI 유니버스’ 활동의 첫 단계로 기획됐다. 앞서 LG유플러스는 지난 9월 국민들의 AI 접근성을 강화하기 위해 과실연 AI미래포럼과 유독픽AI에 참여하는 국내외 AI 제휴사 10곳과 손잡고 ‘AI 유니버스’를 출범하며 각 사가 보유한 역량을 결집해 시너지를 창출하고 국민들의 AI 이해도를 높이겠다고 밝힌 바 있다.AI 미래토크는 ‘퇴근 후 만나는 AI 레벨업 찬스’를 주제로 AI를 활용해 업무 효율을 높이면서도 개인이 성장할 수 있는 방법에 대한 강연이 진행됐다. 메인 세션 강연자로는 김경훈 오픈AI코리아 총괄 대표가 참석했다. 25년 이상 글로벌 IT·컨설팅 업계를 이끌어온 김 대표는 국내 광고·디지털 사업 확대와 스타트업 지원 프로그램 운영 등을 통해 AI 생태계 활성화를 주도해온 인물이다. 김 대표는 강연을 통해 AI 시대 훌륭한 커리어를 만들기 위한 인재상과 필요 역량에 대해 참가자들에게 공유하는 시간을 가졌다.이어 김승일 과실연 AI미래포럼 대표의장과 류정혜 과실연 AI미래포럼 공동의장도 연사로 참여했다. 이들은 △AI로 일의 효율을 높이는 방법 △변화에 대응하는 마인드셋 △직장인이 실무에 바로 적용할 수 있는 활용 사례 등을 중심으로 강연을 진행했다. 강연 후에는 연사와 참가자들이 자유로운 질의응답 시간을 갖고 AI를 실무와 일상에 접목할 수 있는 현실적인 방안과 경험을 나눴다.LG유플러스는 행사 현장에서 유독픽AI 체험존을 마련해 참가자들이 다양한 AI 서비스를 직접 사용해 볼 수 있도록 했다. 유독픽AI는 10종의 다양한 AI 서비스 중 고객이 원하는 AI 서비스만 골라 할인을 받고 매달 필요한 AI 서비스를 자유롭게 선택할 수 있는 구독형 상품이다.참가자들은 체험존에서 △정확한 출처 기반 검색이 가능한 ‘라이너’ △다국어 자료 검색에 특화된 ‘펠로’ △다양한 AI 모델을 통합 제공하는 ‘우수AI’ 등 대화형 AI 3종과 특화 AI 서비스 7종을 포함해 총 10종의 AI 서비스를 체험했다. LG유플러스는 이날 행사에 참석한 고객 전원에게 유독픽 AI 서비스 중 직장인이 유용하게 활용할 수 있는 ‘유독픽AI’ 1개월 무료 체험권을 선물했다.정혜윤 LG유플러스 마케팅그룹장(상무)은 “AI 미래토크는 LG유플러스가 다양한 파트너와 함께 AI 생태계를 조성하기 위해 기획한 행사”라며 “앞으로도 기업, 학계, 기술 전문가 등 다양한 분야와 협력해 국민들의 AI 접근성을 높이기 위해 힘쓰겠다”고 말했다."
https://n.news.naver.com/mnews/article/014/0005430456?sid=105,2025-11-06 09:01:14,IT/과학,"LG U+, 네트워크 우수 협력사에 감사패 전달","지난 5일 서울 마곡 LG사이언스파크에서 열린 '네트워크(NW) 우수 협력사 초청의 날'에서 참석자들이 기념촬영을 하고 있다. LG유플러스 제공LG유플러스는 서비스 품질 강화와 안정적 네트워크 운영을 위해 함께 노력한 협력사를 초청해 감사패를 전달했다고 6일 밝혔다.LG유플러스는 네트워크 서비스 품질 개선을 위해 노력한 협력사의 성과를 공유하고 동반성장으로 나아가기 위해 매년 우수 협력사 초청 행사를 열고 있다.전날 서울 마곡 LG사이언스파크에서 열린 행사에서 LG유플러스는 지난해보다 13곳이 증가한 총 44개 협력사에 감사패를 전달했다. LG유플러스는 △IP·전송·중계기·소프트웨어(SW) 등에 우수 역량을 보유한 장비 협력사 9곳 △유선·무선·특수 공사 분야의 우수 시공 협력사 12곳 △안전관리 BP(Best Practice) 경진대회에서 우수한 성과를 거둔 협력사 3곳을 선정해 감사패를 전했다. 이 밖에 △품질 경쟁력 및 고객 서비스 안정화 △신속한 장애 복구를 통한 안정적 망 운영 △교통 인프라 구간 내 공사 적기수행 및 품질 개선 등에 기여한 협력사 20곳은 특별공로패를 받았다.우수 협력사 초청 행사 외에도 LG유플러스는 협력사들과의 동반성장을 위해 주기적으로 현안을 논의하며 애로사항을 청취하는 협력사 간담회를 진행하고 있다. 또 안전관리 BP 경진대회도 개최해 작업 과정의 안전 문화 정착을 돕고 있다. LG유플러스는 앞으로도 협력사들의 역량 개발을 뒷받침하고 고객 체감품질을 높이기 위한 동반성장 프로그램을 강화해나갈 계획이다.권준혁 LG유플러스 네트워크부문장(부사장)은 “고객 신뢰를 강화하기 위한 여정에 적극적으로 동참해 준 우수 협력사에게 감사드린다""며 ""앞으로도 협력사의 성장이 우리의 성장이라는 마음가짐으로 함께 발전하기 위해 노력하겠다""고 말했다."
https://n.news.naver.com/mnews/article/001/0015726981?sid=105,2025-11-06 09:03:28,IT/과학,"LGU+, 직장인 200명과 AI 시대 커리어 고민 나눠","김경훈 오픈AI코리아 대표, AI 시대 인재상 공유LG유플러스, 토크콘서트 'AI 미래토크' 개최[LG유플러스 제공. 재판매 및 DB 금지](서울=연합뉴스) 조성미 기자 = LG유플러스가 30∼40대 직장인 200명을 대상으로 인공지능(AI) 활용 역량을 높이고 일상 속 AI 경험을 확대하기 위한 토크콘서트 'AI 미래토크'를 진행했다고 6일 밝혔다.AI 미래토크는 LG유플러스와 '바른 과학기술사회 실현을 위한 국민연합'(과실연) AI미래포럼이 공동으로 개최했다.행사에서는 업무 효율을 높이면서도 개인이 성장할 수 있는 방법에 대해 김경훈 오픈AI 코리아 총괄 대표가 강연했다.김 대표는 AI 시대 훌륭한 커리어를 만들기 위한 인재상과 필요한 역량에 관해 설명했다.이어 김승일 과실연 AI미래포럼 대표의장과 류정혜 과실연 AI미래포럼 공동의장이 AI로 일의 효율을 높이는 방법, 변화에 대응하는 마음가짐, 직장인이 실무에 바로 적용할 수 있는 활용 사례 등을 중심으로 강연했다.참가자들은 체험 공간에서 출처 기반 검색이 가능한 AI 서비스 라이너, 다국어 자료 검색에 특화된 펠로 등 10종의 AI 서비스를 직접 써봤다.LG유플러스는 행사 참석자 전원에게 직장인이 유용하게 활용할 수 있는 '유독픽 AI' 1개월 무료 체험권을 선물했다.csm@yna.co.kr"
https://n.news.naver.com/mnews/article/011/0004552599?sid=105,2025-11-06 09:06:10,IT/과학,"LG U+, 네트워크 우수 협력사에 감사패…동반성장 앞장","매년 우수 협력사 초청·안전관리 BP 경진대회 진행5일 서울 마곡 LG사이언스파크에서 열린 LG유플러스 주최 'NW 우수 협력사 초청의 날'에서 참석자들이 기념촬영을 하고 있다. 사진제공=LG유플러스[서울경제]LG유플러스(032640)는 서비스 품질 강화와 안정적 네트워크 운영을 위해 함께 노력한 협력사를 초청해 감사패를 전달했다고 6일 밝혔다.LG유플러스는 네트워크 서비스 품질 개선을 위해 노력한 협력사의 성과를 공유하고, 동반성장으로 나아가기 위해 매년 우수 협력사 초청 행사를 열고 있다. 지난 5일 서울 마곡 LG사이언스파크에서 열린 행사에서 LG유플러스는 지난해보다 13곳이 증가한 총 44개 협력사에 감사패를 전달했다.LG유플러스는 협력사들과의 동반성장을 위해 주기적으로 현안을 논의하며 애로사항을 청취하는 협력사 간담회를 진행하고 있다. 또 안전관리 BP 경진대회도 개최해 작업 과정의 안전 문화 정착을 돕고 있다. 앞으로도 협력사들의 역량 개발을 뒷받침하고 고객 체감품질을 높이기 위한 동반성장 프로그램을 강화해나갈 계획이다.LG유플러스는 동반성장위원회가 매년 발표하는 동반지수 평가에서 7년 연속 최우수 기업으로 선정돼 최고 등급을 유지하고 있다. 권준혁 LG유플러스 네트워크부문장(부사장)은 “고객 신뢰를 강화하기 위한 여정에 적극적으로 동참해 준 우수 협력사에게 감사드린다""며 ""앞으로도 협력사의 성장이 우리의 성장이라는 마음가짐으로 함께 발전하기 위해 노력하겠다""고 말했다."
https://n.news.naver.com/mnews/article/030/0003367402?sid=105,2025-11-06 09:07:10,IT/과학,"LGU+, 네트워크 우수 협력사 44곳에 감사패…동반성장 앞장","서울 마곡 LG사이언스파크에서 열린 'NW 우수 협력사 초청의 날'에서 참석자들이 기념촬영을 하고 있는 모습LG유플러스는 서비스 품질 강화와 안정적 네트워크 운영을 위해 함께 노력한 협력사를 초청해 감사패를 전달했다.지난 5일 서울 마곡 LG사이언스파크에서 열린 행사에서 LG유플러스는 지난해보다 13곳이 증가한 총 44개 협력사에 감사패를 전달했다.LG유플러스는 IP·전송·중계기·SW 등에 우수 역량을 보유한 장비 협력사 9곳, 유선·무선·특수 공사 분야의 우수 시공 협력사 12곳, 안전관리 BP 경진대회에서 우수한 성과를 거둔 협력사 3곳을 선정해 감사패를 전했다.이밖에 품질 경쟁력 및 고객 서비스 안정화, 신속한 장애 복구를 통한 안정적 망 운영, 교통 인프라 구간 내 공사 적기수행 및 품질 개선 등에 기여한 협력사 20곳은 특별공로패를 받았다.우수 협력사 초청 행사 외에도 LG유플러스는 협력사들과의 동반성장을 위해 주기적으로 현안을 논의하며 애로사항을 청취하는 협력사 간담회를 진행하고 있다. 또 안전관리 BP 경진대회도 개최해 작업 과정의 안전 문화 정착을 돕고 있다.LG유플러스는 앞으로도 협력사들의 역량 개발을 뒷받침하고 고객 체감품질을 높이기 위한 동반성장 프로그램을 강화해나갈 계획이다.권준혁 LG유플러스 네트워크부문장(부사장)은 “고객 신뢰를 강화하기 위한 여정에 적극적으로 동참해 준 우수 협력사에게 감사드린다“며 ”앞으로도 협력사의 성장이 우리의 성장이라는 마음가짐으로 함께 발전하기 위해 노력하겠다“고 말했다."
https://n.news.naver.com/mnews/article/031/0000978406?sid=105,2025-11-06 09:14:12,IT/과학,"LGU+, 우수 협력사에 감사패…동반성장 의지 재확인","올해 44개 협력사 선정…안전·품질·신속성 등 성과 인정LG유플러스는 5일 서울 마곡 LG사이언스파크에서 열린 '2025년 우수 협력사 초청 행사'에서 총 44개 협력사에 감사패를 전달했다.사진은 지난 5일 서울 마곡 LG사이언스파크에서 열린 'NW 우수 협력사 초청의 날'에서 참석자들이 기념촬영을 하고 있는 모습 [사진=LGU+]이번 행사는 네트워크 서비스 품질 향상과 안정적인 망 운영에 기여한 협력사에 감사를 전하고, 상생 협력을 강화하기 위해 마련됐다.올해 감사패 수상 기업은 지난해보다 13곳 늘어난 44개사다. △IP·전송·중계기·소프트웨어(SW) 분야에서 기술력이 뛰어난 장비 협력사 9곳 △유선·무선·특수 공사 부문의 시공 우수 협력사 12곳 △안전관리 우수사례(Best Practice) 경진대회에서 뛰어난 성과를 낸 협력사 3곳 등이 포함됐다.이와 함께 품질 경쟁력 강화, 고객 서비스 안정화, 신속한 장애 복구, 교통 인프라 구간 내 공사의 적기 수행 등에 기여한 협력사 20곳에는 특별공로패가 수여됐다.LG유플러스는 협력사와의 지속적인 소통을 위해 정기 간담회를 열고 현안을 공유하고 있으며, 작업 현장의 안전문화 정착을 위해 안전관리 BP 경진대회도 개최하고 있다.LG유플러스는 앞으로도 고객 체감 품질 제고와 협력사의 역량 강화를 위한 동반성장 프로그램을 지속 확대할 방침이다. 회사는 동반성장위원회가 발표하는 동반성장지수 평가에서 7년 연속 최우수 등급을 유지하고 있다.권준혁 LG유플러스 네트워크부문장(부사장)은 ""고객 신뢰를 높이기 위한 여정에 함께해 준 협력사들께 감사드린다""며 ""협력사의 성장을 곧 우리의 성장으로 여기고 함께 발전해 나가겠다""고 말했다."
https://n.news.naver.com/mnews/article/016/0002553497?sid=105,2025-11-06 09:16:25,IT/과학,"AI 시대 커리어 고민 공유…LGU+, 토크콘서트 개최","‘AI 유니버스’ 첫 프로젝트, 직장인 200명 대상김경훈 오픈AI 코리아 총괄 대표 등 실시간 Q&A김경훈 오픈AI 코리아 총괄 대표가 최근 LG유플러스가 직장인을 대상으로 개최한 ‘AI 미래토크’ 세션에서 발표하고 있다. [LG유플러스 제공][헤럴드경제=고재우 기자] LG유플러스는 지난 5일 서울 역삼동에서 직장인 약 200명을 대상으로 인공지능(AI) 활용 역량을 높이고, 일상 속 AI 경험 확대를 위한 ‘AI 미래토크’를 개최했다고 6일 밝혔다.AI 미래토크는 LG유플러스와 바른 과학기술사회실현을 위한국민연합(과실연) AI미래포럼이 공동으로 개최하는 토크콘서트다.커리어와 미래에 대한 고민을 가진 직장인들이 최신 AI 트렌드를 파악하고, 현장에서 다양한 AI 서비스를 이용해 볼 수 있도록 기획됐다. 행사에는 LG유플러스 AI 구독 서비스 ‘유독픽AI’에 참여하는 국내외 AI 제휴사 10곳도 함께 했다.AI 미래토크는 ‘AI 유니버스’ 활동의 첫 단계다. 지난 9월 LG유플러스는 국민의 AI 접근성 강화를 위해 과실연 AI미래포럼, 유독픽AI 참여 국내외 AI 제휴사 10곳 등과 ‘AI 유니버스’를 출범한 바 있다. 각 사가 보유한 역량을 결집해 시너지를 창출하고, 국민의 AI 이해도를 높이자는 취지다.여기서는 ‘퇴근 후 만나는 AI 레벨업 찬스’를 주제로 강연이 진행됐다. 메인 세션 강연자로는 김경훈 오픈AI 코리아 총괄 대표가 참석했다. 김 대표는 국내 광고·디지털 사업 확대와 스타트업 지원 프로그램 운영 등을 통해 AI 생태계 활성화를 주도해 왔다. 그는 강연을 통해 AI 시대 훌륭한 커리어를 만들기 위한 인재상, 필요 역량 등을 참가자들에게 공유했다.최근 LG유플러스가 직장인을 대상으로 개최한 ‘AI 미래토크’에서 류정혜(왼쪽부터) 과실연 AI 미래포럼 공동의장, 김승일 과실연 AI 미래포럼 의장, 김경훈 오픈AI코리아 총괄 대표 등이 발언하고 있다. [LG유플러스 제공]김승일 과실연 AI 미래포럼 의장, 류정혜 과실연 AI 미래포럼 공동의장도 연사로 참여했다. 이들은 ▷AI로 일의 효율을 높이는 방법 ▷변화에 대응하는 마음가짐 ▷직장인이 실무에 바로 적용할 수 있는 활용 사례 등을 중심으로 강연했다.강연 후에는 연사와 참가자들이 자유로운 질의응답 시간을 갖고, AI를 실무와 일상에 접목할 수 있는 현실적인 방안과 경험을 나눴다.아울러 LG유플러스는 행사 현장에서 참가자들이 다양한 AI 서비스를 사용해 볼 수 있도록 했다. 참가자들은 ▷정확한 출처 기반 검색이 가능한 ‘라이너’ ▷다국어 자료 검색에 특화된 ‘펠로’ ▷다양한 AI 모델을 통합 제공하는 ‘우수AI’ 등 대화형 AI 3종, 특화 AI 서비스 7종 등 총 10종의 AI 서비스를 체험했다.정혜윤 LG유플러스 마케팅그룹장은 “AI 미래토크는 LG유플러스가 다양한 파트너와 함께 AI 생태계를 조성하기 위해 기획한 행사”라며 “앞으로도 기업, 학계, 기술 전문가 등 다양한 분야와 협력해 국민의 AI 접근성을 높이기 위해 힘쓰겠다”고 말했다."
https://n.news.naver.com/mnews/article/031/0000978410?sid=105,2025-11-06 09:17:07,IT/과학,"LGU+, 직장인 대상 'AI 미래토크' 개최…3040 직장인 200여명 참여","유독픽AI 체험·AI 커리어 전략 공유…AI 유니버스 본격 시동LG유플러스는 직장인의 인공지능(AI) 활용 역량 강화를 위해 5일 서울 역삼동에서 'AI 미래토크'를 개최했다. 이번 행사는 선착순 모집된 3040 직장인 200여명이 참여하며 성황리에 마무리됐다.LG유플러스가 직장인의 AI 활용 역량을 높이고 일상 속 AI 경험을 확대하기 위해 토크콘서트 ‘AI 미래토크’를 개최했다. 김경훈 OpenAI코리아 총괄 대표가 메인 세션에서 발표하는 모습. [사진=LGU+]'AI 미래토크'는 LG유플러스와 바른 과학기술사회 실현을 위한 국민연합(과실연) AI미래포럼이 공동 주최한 행사로, 커리어와 미래에 대한 고민이 많은 직장인들이 최신 AI 트렌드를 이해하고 실제 서비스를 체험할 수 있도록 기획됐다. 현장에는 LG유플러스의 AI 구독 서비스 '유독픽AI'에 참여 중인 국내외 AI 제휴사 10곳도 함께했다.행사는 '퇴근 후 만나는 AI 레벨업 찬스'를 주제로 △업무 효율을 높이는 AI 활용법 △AI 시대 인재상과 역량 △직장인 맞춤 실무 사례 등을 중심으로 강연과 토크가 진행됐다. 메인 세션에는 김경훈 OpenAI코리아 총괄 대표가 참여해 AI 기반 커리어 전략을 공유했다. 이어 김승일 과실연 AI미래포럼 대표의장과 류정혜 공동의장이 연사로 나서 AI 실무 적용 방안을 소개했다.현장에는 유독픽AI 체험존도 마련돼 참가자들이 다양한 AI 서비스를 직접 사용해 보는 시간도 제공됐다. 참가자들은 출처 기반 검색 '라이너', 다국어 검색 특화 '펠로', AI 모델 통합 서비스 '우수AI' 등을 체험하며 논문 요약, 제안서 디자인 등 실무 적용 사례를 직접 경험했다. 참석자 전원에게는 '유독픽AI' 1개월 무료 체험권이 제공됐다.이번 행사는 LG유플러스가 지난 9월 출범한 'AI 유니버스' 활동의 일환으로, 향후 다양한 단체와 협업해 AI 관련 프로그램을 확대할 계획이다.정혜윤 LG유플러스 마케팅그룹장(상무)은 ""AI 미래토크는 AI 생태계를 구축하고 국민의 접근성을 높이기 위한 노력의 일환""이라며 ""앞으로도 기업, 학계, 전문가와 협력해 일상 속 AI 활용을 확대해 나가겠다""고 말했다."
https://n.news.naver.com/mnews/article/092/0002397184?sid=105,2025-11-06 09:25:09,IT/과학,"LGU+, 직장인 200명과 AI 시대 커리어 고민 논의","9월 출범한 ‘AI 유니버스’ 첫 프로젝트LG유플러스가 직장인의 AI 활용 역량을 높이고 일상 속 AI 경험을 확대하기 위해 토크콘서트 ‘AI 미래토크’를 열었다고 6일 밝혔다.3040 직장인 200여명이 참석한 AI 미래토크는 LG유플러스와 국내 대표 AI 단체인 바른과학기술사회실현을위한국민연합 AI미래포럼이 공동으로 개최한 행사다.커리어와 미래에 대한 고민을 가진 직장인들이 최신 AI 트렌드를 파악하고 현장에서 직접 다양한 AI 서비스를 이용해볼 수 있도록 기획됐다. 행사에는 LG유플러스 AI 구독 서비스 ‘유독픽AI’에 참여하는 국내외 AI 제휴사 10곳이 함께 참여했다.이 행사는 ‘AI 유니버스’ 활동의 첫 단계로 기획됐다. 앞서 LG유플러스는 지난 9월 국민들의 AI 접근성을 강화하기 위해 과실연 AI미래포럼과 유독픽AI에 참여하는 국내외 AI 제휴사 10곳과 손잡고 ‘AI 유니버스’를 출범했다.AI 미래토크는 ‘퇴근 후 만나는 AI 레벨업 찬스’를 주제로 AI를 활용해 업무 효율을 높이면서도 개인이 성장할 수 있는 방법에 대한 강연이 진행됐다. 메인 세션 강연자로는 김경훈 오픈AI코리아 총괄 대표가 참석했다. 25년 이상 글로벌 IT 컨설팅 업계를 이끌어온 김경훈 총괄 대표는 국내 광고·디지털 사업 확대와 스타트업 지원 프로그램 운영 등을 통해 AI 생태계 활성화를 주도해온 인물이다. 김 대표는 강연을 통해 AI 시대 훌륭한 커리어를 만들기 위한 인재상과 필요 역량에 대해 참가자들에게 공유하는 시간을 가졌다.이어 김승일 과실연 AI미래포럼 대표의장과 류정혜 과실연 AI미래포럼 공동의장도 연사로 참여했다. 이들은 ▲AI로 일의 효율을 높이는 방법 ▲변화에 대응하는 마인드셋 ▲직장인이 실무에 바로 적용할 수 있는 활용 사례 등을 중심으로 강연을 진행했다. 강연 후에는 연사와 참가자들이 자유로운 질의응답 시간을 가지고 AI를 실무와 일상에 접목할 수 있는 현실적인 방안과 경험을 나눴다.LG유플러스는 행사 현장에서 유독픽AI 체험존을 마련해 참가자들이 다양한 AI 서비스를 직접 사용해 볼 수 있도록 했다. 유독픽AI는 10종의 다양한 AI 서비스 중 고객이 원하는 AI 서비스만 골라 할인을 받고, 매달 필요한 AI 서비스를 자유롭게 선택할 수 있는 구독형 상품이다.참가자들은 체험존에서 ▲정확한 출처 기반 검색이 가능한 ‘라이너(Liner)’ ▲다국어 자료 검색에 특화된 ‘펠로(Felo)’ ▲다양한 AI 모델을 통합 제공하는 ‘우수AI’ 등 대화형 AI 3종과 특화 AI 서비스 7종을 포함해 총 10종의 AI 서비스를 체험했다. 이들은 라이너로 논문 내용을 요약하고, 캔바로 제안서 디자인을 수정하는 등 업무에 바로 활용할 수 있는 AI 서비스를 직접 사용해보며 이를 실제 업무에 적용할 방법에 대해 고민했다. LG유플러스는 이날 행사에 참석한 고객 전원에게 유독픽 AI 서비스 중 직장인이 유용하게 활용할 수 있는 ‘유독픽AI’ 1개월 무료 체험권을 선물했다.정혜윤 LG유플러스 마케팅그룹장은 “AI 미래토크는 LG유플러스가 다양한 파트너와 함께 AI 생태계를 조성하기 위해 기획한 행사”라며 “앞으로도 기업, 학계, 기술 전문가 등 다양한 분야와 협력해 국민들의 AI 접근성을 높이기 위해 힘쓰겠다”고 말했다."
https://n.news.naver.com/mnews/article/421/0008588176?sid=105,2025-11-06 09:26:27,IT/과학,"LGU+, 3040 직장인 200명과 AI 시대 커리어 고민 나눠","5일 토크콘서트 'AI 미래토크' 개최김경훈 OpenAI코리아 총괄 대표가 AI 미래토크 메인 세션에서 발표하는 모습. (LG유플러스 제공)(서울=뉴스1) 나연준 기자 = LG유플러스(032640)는 인공지능(AI) 시대를 맞아 직장인들이 갖고 있는 커리어 고민을 나누고 최신 AI 트렌드를 접해볼 수 있는 토크콘서트 'AI 미래토크'를 개최했다고 6일 밝혔다.LG유플러스와 바른 과학기술사회 실현을 위한 국민연합(과실연) AI 미래포럼이 공동으로 5일 서울 역삼동에서 개최한 토크콘서트에는 3040 직장인 200여명이 참석했다.AI 미래토크는 '퇴근 후 만나는 AI 레벨업 찬스'를 주제로 AI를 활용해 업무 효율을 높이면서도 개인이 성장할 수 있는 방법과 관련된 강연이 진행됐다.메인 세션 강연자로 나선 김경훈 OpenAI코리아 총괄 대표는 AI 시대 훌륭한 커리어를 만들기 위한 인재상과 필요 역량을 참가자들에게 공유하는 시간을 가졌다.김승일 과실연 AI미래포럼 대표의장과 류정혜 과실연 AI미래포럼 공동의장도 연사로 참여했다. 이들은 △AI로 일의 효율을 높이는 방법 △변화에 대응하는 마인드셋 △직장인이 실무에 바로 적용할 수 있는 활용 사례 등을 소개했다.행사 현장에는 LG유플러스의 AI 구독 서비스 '유독픽AI' 체험존을 꾸려 △정확한 출처 기반 검색이 가능한 '라이너(Liner)' △다국어 자료 검색에 특화된 '펠로(Felo)' △다양한 AI 모델을 통합 제공하는 '우수AI' 등 대화형 AI 3종과 특화 AI 서비스 7종 등을 경험할 수 있게 했다. LG유플러스는 이날 행사에 참석한 고객 전원에게 '유독픽AI' 1개월 무료 체험권을 선물했다.정혜윤 LG유플러스 마케팅그룹장(상무)은 ""앞으로도 기업, 학계, 기술 전문가 등 다양한 분야와 협력해 국민들의 AI 접근성을 높이기 위해 힘쓰겠다""고 말했다."
https://n.news.naver.com/mnews/article/092/0002397188?sid=105,2025-11-06 09:28:13,IT/과학,"LGU+, 네트워크 우수 협력사에 감사패 전달","44개 협력사에 감사패 전달LG유플러스는 서비스 품질 강화와 안정적 네트워크 운영을 위해 함께 노력한 협력사를 초청해 감사패를 전달했다고 6일 밝혔다.LG유플러스는 네트워크 서비스 품질 개선을 위해 노력한 협력사의 성과를 공유하고, 동반성장으로 나아가기 위해 매년 우수 협력사 초청 행사를 열고 있다. 지난 5일 서울 마곡 LG사이언스파크에서 열린 행사에서 LG유플러스는 지난해보다 13곳이 증가한 총 44개 협력사에 감사패를 전달했다.LG유플러스는 ▲IP, 전송, 중계기, SW 등에 우수 역량을 보유한 장비 협력사 9곳 ▲유무선 특수 공사 분야의 우수 시공 협력사 12곳 ▲안전관리 BP 경진대회에서 우수한 성과를 거둔 협력사 3곳 등을 선정해 감사패를 전했다.이밖에 품질 경쟁력 및 고객 서비스 안정화, 신속한 장애 복구를 통한 안정적 망 운영, 교통 인프라 구간 내 공사 적기수행 및 품질 개선 등에 기여한 협력사 20곳은 특별공로패를 수여했다.우수 협력사 초청 행사 외에도 LG유플러스는 협력사들과의 동반성장을 위해 주기적으로 현안을 논의하며 애로사항을 청취하는 협력사 간담회를 진행하고 있다. 또 안전관리 BP 경진대회도 개최해 작업 과정의 안전 문화 정착을 돕고 있다.LG유플러스는 앞으로도 협력사들의 역량 개발을 뒷받침하고 고객 체감품질을 높이기 위한 동반성장 프로그램을 강화해나갈 계획이다.한편, LG유플러스는 동반성장위원회가 매년 발표하는 동반지수 평가에서 7년 연속 최우수 기업으로 선정돼 최고 등급을 유지하고 있다.권준혁 LG유플러스 네트워크부문장은 “고객 신뢰를 강화하기 위한 여정에 적극적으로 동참해 준 우수 협력사에게 감사드린다”며 “앞으로도 협력사의 성장이 우리의 성장이라는 마음가짐으로 함께 발전하기 위해 노력하겠다”고 말했다."
https://n.news.naver.com/mnews/article/030/0003367418?sid=105,2025-11-06 09:33:15,IT/과학,"LGU+, AI 유니버스 프로젝트 'AI 미래토크' 개최","LG유플러스가 직장인의 AI 활용 역량을 높이고 일상 속 AI 경험을 확대하기 위해 토크콘서트 'AI 미래토크'를 개최했다. 김경훈 오픈AI 코리아 총괄 대표가 메인 세션에서 발표하고 있다.LG유플러스는 직장인의 AI 활용 역량을 높이고 일상 속 AI 경험을 확대하기 위해 토크콘서트 'AI 미래토크'를 개최했다고 6일 밝혔다. 지난 5일 서울 역삼동에서 진행된 행사에는 선착순으로 모집한 3040 직장인 200여명이 참석하며 성황리에 마무리됐다.AI 미래토크는 LG유플러스와 국내 대표 AI 단체인 바른 과학기술사회 실현을 위한 국민연합(과실연) AI미래포럼이 공동으로 개최한 행사다. 커리어와 미래에 대한 고민을 가진 직장인들이 최신 AI 트렌드를 파악하고 현장에서 직접 다양한 AI 서비스를 이용해볼 수 있도록 기획됐다. 행사에는 LG유플러스 AI 구독 서비스 '유독픽AI'에 참여하는 국내외 AI 제휴사 10곳이 함께 참여했다.AI 미래토크는 '퇴근 후 만나는 AI 레벨업 찬스'를 주제로 AI를 활용해 업무 효율을 높이면서도 개인이 성장할 수 있는 방법에 대한 강연이 진행됐다. 메인 세션 강연자로는 김경훈 오픈 AI코리아 총괄 대표가 참석했다. 25년 이상 글로벌 IT·컨설팅 업계를 이끌어온 김경훈 총괄 대표는 국내 광고·디지털 사업 확대와 스타트업 지원 프로그램 운영 등을 통해 AI 생태계 활성화를 주도해온 인물이다. 김 대표는 강연을 통해 AI 시대 훌륭한 커리어를 만들기 위한 인재상과 필요 역량에 대해 참가자들에게 공유하는 시간을 가졌다.이어 김승일 과실연 AI미래포럼 대표의장과 류정혜 과실연 AI미래포럼 공동의장도 연사로 참여했다. 이들은 AI로 일의 효율을 높이는 방법, 변화에 대응하는 마인드셋, 직장인이 실무에 바로 적용할 수 있는 활용 사례 등을 중심으로 강연을 진행했다. 강연 후에는 연사와 참가자들이 자유로운 질의응답 시간을 가지고 AI를 실무와 일상에 접목할 수 있는 현실적인 방안과 경험을 나눴다.LG유플러스는 행사 현장에서 유독픽AI 체험존을 마련해 참가자들이 다양한 AI 서비스를 직접 사용해 볼 수 있도록 했다. 유독픽AI는 10종의 다양한 AI 서비스 중 고객이 원하는 AI 서비스만 골라 할인을 받고, 매달 필요한 AI 서비스를 자유롭게 선택할 수 있는 구독형 상품이다.향후 LG유플러스는 다양한 단체와 협업하며 AI 유니버스를 포함한 AI 관련 프로그램을 기획해 고객들이 일상 속에서 쉽고 친숙하게 AI를 활용할 수 있도록 지원할 예정이다.정혜윤 LG유플러스 마케팅그룹장(상무)은 “AI 미래토크는 LG유플러스가 다양한 파트너와 함께 AI 생태계를 조성하기 위해 기획한 행사”라며 “앞으로도 기업, 학계, 기술 전문가 등 다양한 분야와 협력해 국민들의 AI 접근성을 높이기 위해 힘쓰겠다”고 말했다."
https://n.news.naver.com/mnews/article/082/0001352351?sid=101,2025-11-06 09:40:10,경제,"LGU+, 직장인 200명 만나 ‘AI 토크’ 행사","김경훈 OpenAI코리아 총괄 대표 등 참여참가자에 유독픽 1개월 무료 체험권 제공LG유플러스가 직장인의 AI 활용 역량을 높이고 일상 속 AI 경험을 확대하기 위해 토크콘서트 ‘AI 미래토크’를 개최했다. 사진은 김경훈 OpenAI코리아 총괄 대표가 메인 세션에서 발표하는 모습. LG유플러스 제공LG유플러스가 직장인들이 참여하는 토크콘서트 ‘AI 미래토크’를 개최했다.LG유플러스는 지난 5일 서울 역삼동에서 3040 직장인 200여 명이 참석한 AI 미래토크 행사를 진행했다고 6일 밝혔다. AI 미래토크는 LG유플러스와 국내 대표 AI 단체인 바른 과학기술사회 실현을 위한 국민연합(과실연) AI미래포럼이 공동으로 개최한 행사다. 미래에 대한 고민을 가진 직장인들이 최신 AI 트렌드를 파악하고 현장에서 직접 다양한 AI 서비스를 이용해 볼 수 있도록 기획됐다. 행사에는 LG유플러스 AI 구독 서비스 ‘유독픽AI’에 참여하는 국내외 AI 제휴사 10곳이 함께 참여했다.이번 AI 미래토크는 ‘퇴근 후 만나는 AI 레벨업 찬스’를 주제로 AI를 활용해 업무 효율을 높이면서도 개인이 성장할 수 있는 방법에 대한 강연이 진행됐다. 메인 세션 강연자로는 김경훈 OpenAI코리아 총괄 대표가 참석했다. 25년 이상 글로벌 IT·컨설팅 업계를 이끌어온 김경훈 총괄 대표는 국내 광고·디지털 사업 확대와 스타트업 지원 프로그램 운영 등을 통해 AI 생태계 활성화를 주도해온 인물이다. 김 대표는 강연을 통해 AI 시대 훌륭한 커리어를 만들기 위한 인재상과 필요 역량에 대해 참가자들에게 공유하는 시간을 가졌다.이어 김승일 과실연 AI미래포럼 대표의장과 류정혜 과실연 AI미래포럼 공동의장도 연사로 참여했다. 이들은 AI로 일의 효율을 높이는 방법, 변화에 대응하는 마인드셋, 직장인이 실무에 바로 적용할 수 있는 활용 사례 등을 중심으로 강연을 진행했다. 강연 후에는 연사와 참가자들이 자유로운 질의응답 시간을 가지고 AI를 실무와 일상에 접목할 수 있는 현실적인 방안과 경험을 나눴다.참가자들은 체험존에서 정확한 출처 기반 검색이 가능한 ‘라이너(Liner)’, 다국어 자료 검색에 특화된 ‘펠로(Felo)’, 다양한 AI 모델을 통합 제공하는 ‘우수AI’ 등 대화형 AI 3종과 특화 AI 서비스 7종을 포함해 총 10종의 AI 서비스를 체험했다. LG유플러스는 이날 행사에 참석한 고객 전원에게 유독픽 AI 서비스 중 직장인이 유용하게 활용할 수 있는 ‘유독픽AI’ 1개월 무료 체험권을 선물했다.정혜윤 LG유플러스 마케팅그룹장(상무)은 “AI 미래토크는 LG유플러스가 다양한 파트너와 함께 AI 생태계를 조성하기 위해 기획한 행사”라며 “앞으로도 기업, 학계, 기술 전문가 등 다양한 분야와 협력해 국민들의 AI 접근성을 높이기 위해 힘쓰겠다”고 말했다."
https://n.news.naver.com/mnews/article/011/0004552641?sid=105,2025-11-06 10:02:09,IT/과학,"LG U+, 직장인 200명 만나 AI 시대 커리어 고민 나눴다",‘AI 미래토크’ 개최김경훈 오픈AI코리아 총괄 대표가 5일 서울 역삼동에서 열린 ‘AI 미래토크’에서 강연하고 있다. 사진제공=LG유플러스[서울경제]LG유플러스가 직장인의 인공지능(AI) 활용 역량을 높이고 일상 속 AI 경험을 확대하기 위해 토크콘서트 ‘AI 미래토크’를 개최했다고 6일 밝혔다.전날 서울 역삼동에서 진행된 행사에는 선착순으로 모집한 3040 직장인 200여명이 참석하며 성황리에 마무리됐다. AI 미래토크는 LG유플러스와 국내 대표 AI 단체인 바른 과학기술사회 실현을 위한 국민연합(이하 과실연) AI미래포럼이 공동으로 개최한 행사다. 커리어와 미래에 대한 고민을 가진 직장인들이 최신 AI 트렌드를 파악하고 현장에서 직접 다양한 AI 서비스를 이용해볼 수 있도록 기획됐다. 행사에는 LG유플러스 AI 구독 서비스 ‘유독픽AI’에 참여하는 국내외 AI 제휴사 10곳이 함께 참여했다.AI 미래토크는 ‘퇴근 후 만나는 AI 레벨업 찬스’를 주제로 AI를 활용해 업무 효율을 높이면서도 개인이 성장할 수 있는 방법에 대한 강연이 진행됐다. 메인 세션 강연자로 나선 김경훈 오픈AI코리아 총괄 대표는 AI 시대 훌륭한 커리어를 만들기 위한 인재상과 필요 역량에 대해 참가자들에게 공유하는 시간을 가졌다. 이어 김승일 과실연 AI미래포럼 대표의장과 류정혜 과실연 AI미래포럼 공동의장도 연사로 참여했다. 이들은 △AI로 일의 효율을 높이는 방법 △변화에 대응하는 마인드셋 △직장인이 실무에 바로 적용할 수 있는 활용 사례 등을 중심으로 강연을 진행했다. 강연 후에는 연사와 참가자들이 자유로운 질의응답 시간을 가지고 AI를 실무와 일상에 접목할 수 있는 현실적인 방안과 경험을 나눴다.
https://n.news.naver.com/mnews/article/018/0006157466?sid=105,2025-11-06 11:20:10,IT/과학,"LG U+, ‘AI미래토크’ 개최...200명 직장민 고민 나눴다","9월 출범 ‘AI 유니버스’ 첫 프로젝트과실연 AI미래포럼과 공동 개최김경훈 OpenAI코리아 총괄 대표 강연참가자 대상 ‘라이너·캔바’ 유독픽 1개월권 제공[이데일리 윤정훈 기자]LG유플러스(032640)가 직장인의 AI 활용량을 높이고 일상 속 AI 경험을 확대하기 위해 토크콘서트 ‘AI 미래토크’를 개최했다고 6일 밝혔다. 지난 5일 서울 역삼동에서 진행된 행사에는 선착순으로 모집한 3040 직장인 200여명이 참석하며 성황리에 마무리됐다.김경훈 오픈AI코리아 총괄 대표가 강연을 하고 있다(사진=LG유플러스)AI 미래토크는 LG유플러스와 국내 대표 AI 단체인 바른 과학기술사회 실현을 위한 국민연합(이하 과실연) AI미래포럼이 공동으로 개최한 행사다. 커리어와 미래에 대한 고민을 가진 직장인들이 최신 AI 트렌드를 파악하고 현장에서 직접 다양한 AI 서비스를 이용해볼 수 있도록 기획됐다. 행사에는 LG유플러스 AI 구독 서비스 ‘유독픽AI’에 참여하는 국내외 AI 제휴사 10곳이 함께 참여했다.이번 행사는 ‘AI 유니버스’ 활동의 첫 단계로 기획됐다. 앞서 LG유플러스는 지난 9월 국민들의 AI 접근성을 강화하기 위해 과실연 AI미래포럼과 유독픽AI에 참여하는 국내외 AI 제휴사 10곳과 손잡고 ‘AI 유니버스’를 출범, 각사가 보유한 역량을 결집해 시너지를 창출하고 국민들의 AI 이해도를 높이겠다고 밝힌 바 있다.AI 미래토크는 ‘퇴근 후 만나는 AI 레벨업 찬스’를 주제로 AI를 활용해 업무 효율을 높이면서도 개인이 성장할 수 있는 방법에 대한 강연이 진행됐다. 메인 세션 강연자로는 김경훈 OpenAI코리아 총괄 대표가 참석했다. 25년 이상 글로벌 IT·컨설팅 업계를 이끌어온 김경훈 총괄 대표는 국내 광고·디지털 사업 확대와 스타트업 지원 프로그램 운영 등을 통해 AI 생태계 활성화를 주도해온 인물이다. 김 대표 강연을 통해 AI 시대 훌륭한 커리어를 만들기 위한 인재상과 필요 역량에 대해 참가자들에게 공유하는 시간을 가졌다.이어 김승일 과실연 AI미래포럼 대표의장과 류정혜 과실연 AI미래포럼 공동의장도 연사로 참여했다. 이들은 △AI로 일의 효율을 높이는 방법 △변화에 대응하는 마인드셋 △직장인이 실무에 바로 적 용할 수 있는 활용 사례 등을 중심으로 강연을 진행했다. 강연 후에는 연사와 참가자들이 자유로운 질의응답 시간을 가지고 AI를 실무와 일상에 접목할 수 있는 현실적인 방안과 경험을 나눴다.LG유플러스는 행사 현장에서 유독픽AI 체험존을 마련해 참가자들이 다양한 AI 서비스를 직접 사용해 볼 수 있도록 했다. 유독픽AI는 10종의 다양한 AI 서비스 중 고객이 원하는 AI 서비스만 골라 할인을 받고, 매달 필요한 AI 서비스를 자유롭게 선택할 수 있는 구독형 상품이다.LG유플러스는 이날 행사에 참석한 고객 전원에게 유독픽 AI 서비스 중 직장인이 유용하게 활용할 수 있는 ‘유독픽AI’ 1개월 무료 체험권을 선물했다.정혜윤 LG유플러스 마케팅그룹장(상무)은 “AI 미래토크는 LG유플러스가 다양한 파트너와 함께 AI 생태계를 조성하기 위해 기획한 행사”라며 “앞으로도 기업, 학계, 기술 전문가 등 다양한 분야와 협력해 국민들의 AI 접근성을 높이기 위해 힘쓰겠다”고 말했다."
https://n.news.naver.com/mnews/article/016/0002553737?sid=105,2025-11-06 11:36:10,IT/과학,"AI시대 커리어 고민 공유 LGU+, 토크콘서트 개최","‘AI 유니버스’ 첫 프로젝트직장인 200명 대상 진행김경훈 오픈AI 코리아 총괄 대표가 최근 LG유플러스가 직장인을 대상으로 개최한 ‘AI 미래토크’ 세션에서 발표하고 있다. [LG유플러스 제공]LG유플러스는 지난 5일 서울 강남구 역삼동에서 직장인 약 200명을 대상으로 인공지능(AI) 활용 역량을 높이고, 일상 속 AI 경험 확대를 위한 ‘AI 미래토크’를 개최했다고 6일 밝혔다.AI 미래토크는 LG유플러스와 바른 과학기술사회실현을 위한국민연합(과실연) AI미래포럼이 공동으로 개최하는 토크콘서트다.커리어와 미래에 대한 고민을 가진 직장인들이 최신 AI 트렌드를 파악하고, 현장에서 다양한 AI 서비스를 이용해 볼 수 있도록 기획됐다. 행사에는 LG유플러스 AI 구독 서비스 ‘유독픽AI’에 참여하는 국내외 AI 제휴사 10곳도 함께했다.AI 미래토크는 ‘AI 유니버스’ 활동의 첫 단계다. 지난 9월 LG유플러스는 국민의 AI 접근성 강화를 위해 과실연 AI미래포럼, 유독픽AI 참여 국내외 AI 제휴사 10곳 등과 ‘AI 유니버스’를 출범한 바 있다.각 사가 보유한 역량을 결집해 시너지를 창출하고, 국민의 AI 이해도를 높이자는 취지다.여기에서는 ‘퇴근 후 만나는 AI 레벨업 찬스’를 주제로 강연이 진행됐다. 메인 세션 강연자로는 김경훈 오픈AI 코리아 총괄 대표가 참석했다.김 대표는 국내 광고·디지털 사업 확대와 스타트업 지원 프로그램 운영 등을 통해 AI 생태계 활성화를 주도해 왔다. 그는 강연을 통해 AI 시대 훌륭한 커리어를 만들기 위한 인재상, 필요 역량 등을 참가자들에게 공유했다.과실연 AI 미래포럼 김승일 대표의장, 류정혜 공동의장도 연사로 참여했다. 이들은 ▷AI로 일의 효율을 높이는 방법 ▷변화에 대응하는 마음가짐 ▷직장인이 실무에 바로 적용할 수 있는 활용 사례 등을 중심으로 강연했다.강연 후에는 연사와 참가자들이 자유로운 질의응답 시간을 갖고, AI를 실무와 일상에 접목할 수 있는 현실적인 방안과 경험을 나눴다.아울러 LG유플러스는 행사 현장에서 참가자들이 다양한 AI 서비스를 사용해 볼 수 있도록 했다. 참가자들은 ▷정확한 출처 기반 검색이 가능한 ‘라이너’ ▷다국어 자료 검색에 특화된 ‘펠로’ ▷다양한 AI 모델을 통합 제공하는 ‘우수AI’ 등 대화형 AI 3종, 특화 AI 서비스 7종 등 총 10종의 AI 서비스를 체험했다.정혜윤 LG유플러스 마케팅그룹장은 “AI 미래토크는 LG유플러스가 다양한 파트너와 함께 AI 생태계를 조성하기 위해 기획한 행사”라며 “앞으로도 기업, 학계, 기술 전문가 등 다양한 분야와 협력해 국민의 AI 접근성을 높이기 위해 힘쓰겠다”고 말했다. 고재우 기자"
https://n.news.naver.com/mnews/article/030/0003367600?sid=105,2025-11-06 13:02:18,IT/과학,"LGU+, 세계 최고 권위 AI 학회에 익시젠 논문 채택…“산업 특화 기술력 입증”","이번 논문 집필에 참여한 LG유플러스 구성원들.LG유플러스가 자체 개발한 생성형 인공지능(AI) 기술로 세계 최고 권위 자연어처리(NLP) 학회인 'EMNLP 2025'에 이름을 올렸다. 거대언어모델(LLM)에 비해 작지만, 특정 산업에서 더 강력한 성능을 구현할 수 있는 소형언어모델(sLLM)의 잠재력을 입증한 셈이다.EMNLP는 국제언어학회(ACL) 산하에서 주관하는 세계 3대 NLP 학회 중 하나다. 산업과 학계에서 최신 AI 연구 성과의 등용문으로 꼽힌다. 올해 학회는 중국 쑤저우에서 11월 4일부터 9일까지 열린다.LG유플러스의 논문은 '도메인 특화 학습을 통한 산업 특화 소형 언어모델 고도화'다. 자체 AI 기술 '익시젠(ixi-GEN)'에 적용된 핵심 기법을 다뤘다. 논문에서 소개한 '도메인 특화 학습(DACP)'은 산업 현장에서 사용하는 전문 용어와 문맥을 대규모 데이터로 추가 학습시키는 기술이다. 기존의 소규모 파인튜닝보다 깊이 있는 지식 주입이 가능하고, 범용 언어 능력 손실도 최소화할 수 있다는 점에서 차별성을 인정받았다.박성익 LG유플러스 LLM기술1팀 팀장(왼쪽)과 김기현 LG유플러스 CTO 산하 AX기술그룹 연구위원이 본지와 인터뷰를 하고 있다.LG유플러스는 DACP 기법의 효과를 실제 산업 환경에서 검증했다. 통신·금융 분야에 특화된 데이터를 각각 적용해 학습한 결과, 통신 분야에서는 약 56%, 금융 분야에서는 약 39%의 성능 향상이 나타났다. 특히 산업 데이터를 주입하면서도 기존 모델이 보유한 일반 언어 능력을 유지하기 위해 '파괴적 망각(Catastrophic Forgetting)' 방지 기법을 병행한 점도 높은 평가를 받았다.박성익 LG유플러스 LLM기술1팀 팀장은 “sLLM 자체가 LLM보다 작은 모델이라, 모든 분야에서 뛰어난 성능을 내긴 어렵다”면서도 “오히려 통신처럼 특정 산업에서는 꼭 필요한 기능만 뾰족하게 잘 다듬으면 충분한 경쟁력을 발휘할 수 있다”고 설명했다.DACP는 교육, 법률, 의료 등 보안과 전문성이 요구되는 다양한 산업군에서도 활용 가능하다. 산업별 고유 데이터를 효과적으로 반영할 수 있어 실제 업무 환경에 밀착된 AI 서비스를 구현할 수 있다. 초거대 모델을 직접 운영하기 어려운 기업들도 비용과 인프라 부담 없이 산업 맞춤형 AI를 구축할 수 있다. 다양한 GPU 환경에 맞춰 모델을 경량화하거나 고도화할 수 있는 구조로 진화하고 있어, 중소기업을 포함한 산업계 전반에 실질적인 도움이 될 수 있다.김기현 LG유플러스 CTO 산하 AX기술그룹 연구위원은 “GPU 메모리 크기에 따라 사용할 수 있는 모델이 제한되는 상황에서, 모델을 상황에 맞게 스케일 업하거나 다운시키는 기술은 특히 예산이 적은 산업 현장이나 중소기업 환경에서 더 실용적일 수 있다”며 “이 기술이 하드웨어 접근성 측면에서도 큰 의미가 있다고 생각한다”고 말했다.박 팀장은 “이번 논문은 단순한 연구 성과를 넘어, 실제 서비스 환경에 적용한 결과를 기반으로 한다는 점에서 더 큰 의미가 있다”며 “국내 기업들도 많은 데이터를 가지고 있지만, 이를 AI에 어떻게 잘 녹여내느냐는 여전히 풀어야 할 숙제”라고 말했다. 그는 “LG유플러스는 산업 데이터를 수집하고, 이를 모델 학습과 서비스 운영까지 연결하는 전 과정을 직접 설계하고 수행해 의미 있는 성과를 만들어냈다”고 강조했다."
https://n.news.naver.com/mnews/article/009/0005585719?sid=101,2025-11-06 14:21:08,경제,"“연결된 경험이 성장을 만든다”, Asia CSCON 2025 성황리 폐막","2500명 참석, K매니지먼트·K테크·K푸드·K컬처·K레저 융합한 차별화된 강연과 체험 제공< 사진 제공 : 한국능률협회컨설팅(KMAC) >한국능률협회컨설팅(대표이사 한수희, 이하 KMAC)이 지난 4일 일산 킨텍스에서 개최한 ‘Asia CSCON 2025’가 단순한 컨퍼런스를 넘어 글로벌 경영혁신 플랫폼으로 진화했다는 평가를 받으며 성황리에 막을 내렸다.이번 컨퍼런스에는 국내외 500개 이상 기업에서 2500여 명이 참석해 높은 관심을 보였다. 지난 30여년간 대한민국 최대 규모 지식 교류의 위상을 확보하고 있으며, 지난 2024년도부터 ASIA CSCON으로 명칭을 변경해 아시아 주요 국가 대표단들이 참여한 아시아 지식 플랫폼으로 도약하였다.올해는 일본 60여 명의 기업 대표단을 포함하여 베트남·인도네시아·중국 등 아시아 각국 대표단과 기업 관계자들이 다수 참여했으며, KMAC 해외 주요 파트너 기업인 The Vietnam National Innovation Center(베트남), SHRM(APAC&MENA), Telkomsigma(인도네시아)의 축하 영상으로 시작해 아시아 컨퍼런스로서의 분위기를 더했다.올해 컨퍼런스는 ‘Xs-Chain: Accelerating Growth Through Connected Experience(연결된 경험을 통한 성장 가속화)’를 주제로, 경험 혁신의 시대에서 다양한 경험의 연결을 통해 기업 성장의 방향성을 70여 개 강연에서 제시했으며 더불어 혁신 기술 체험, 문화 콘텐츠 등을 결합한 차별화된 경험을 제공했다.오전에 진행된 기조강연에서는 야놀자클라우드 김종윤 대표가 버티컬 AI가 여는 파괴적 혁신과 연결된 경험의 중요성을 강조했다. 이어진 송길영 마인드마이너 작가의 강연은 경량 문명 시대 연결의 가속도에 대한 인사이트를 제시하며 참석자들의 큰 호응을 얻었다.오후에는 CX(고객 경험), EX(직원 경험), DX(디지털 전환), AX(AI 전환), BX/SX(비즈니스 전환·지속가능경영), PX(공공 경험) 등 6개 테마로 구성된 21개 트랙에서 SK텔레콤, LG U+, 현대자동차, 한화오션, 세븐뱅크 등 국내외 리딩 기업들이 실질적 혁신 사례를 공유했다.특히 올해는 4개의 스페셜 트랙이 주목받았다. ‘2026 Trend Forecasting’ 트랙에서는 송기홍 리멤버 대표, 트렌드코리아 권정윤 박사, VAIV 생활변화관측소 박현영 소장이 다양한 데이터 관점에서 2026 트렌드를 전망했다. 이외에도 K-브랜드를 선도한 노희영 FNB LAB 대표와 붉닭 신화를 창조한 삼양식품 강연으로 구성된 ‘K-Food to Global’ 트랙, 대한민국 국민과 내한 외국인들을 열광시키고 있는 성심당, 삼진어묵, 배달의민족 사례로 구성된 ‘Global Attraction to Korea’ 트랙 등 다양한 인사이트를 공유하며 큰 호응을 얻었다.< 사진 제공 : 한국능률협회컨설팅(KMAC) >이번 컨퍼런스의 차별화 포인트는 강연장 밖에서도 이어졌다. 신한은행, 신한카드, 삼성화재, 법무법인(유한) 린, 리멤버 등의 다양한 기업 부스 체험이 진행되었으며, AI 기반 K-pop 댄스 체험(텐씨엘), AI 홈 피트니스 솔루션(아이픽셀) 등 문화와 기술을 접목한 혁신 스타트업들의 K-Tech Zone과 아웃 레저 제품(스노우라인) 등이 전시된 K-Leisure Zone 등 다양한 체험 공간도 마련되었다.KMAC 송광호 가치혁신그룹장은 “경험 혁신이라는 단어가 기업 경영의 핵심 가치로 자리 잡은 현시점에서 경험의 연결이 어떻게 성장의 사슬이 되어 새로운 혁신을 만들어낼 수 있는지, 그리고 그 흐름 속에서 기업들이 어떠한 방향으로 나아가야 하는지를 조망해 볼 수 있는 기회를 제공하고자 금년도 컨퍼런스 주제를 Xs-Chain으로 설정하였다”라며, “Asia CSCON은 앞으로도 단순한 컨퍼런스가 아닌 경영 혁신, 기술 체험, 문화 교류가 융합된 아시아 대표 지식 플랫폼으로 발전해 나갈 것”이라고 말했다."
https://n.news.naver.com/mnews/article/020/0003672539?sid=101,2025-11-06 14:29:08,경제,"‘Xs-Chain: 경험의 연결이 성장이다’, Asia CSCON 2025 성료","일본·베트남·인도네시아 등 각국 대표단 참가강연·체험 통한 실질적 인사이트 제공사진=한국능률협회컨설팅 제공지난 4일 일산 킨텍스에서 한국능률협회컨설팅(대표 한수희, 이하 KMAC)이 개최한 ‘Asia CSCON 2025’가 국내외 500여 개 기업에서 2,500여 명이 참석한 가운데 성황리에 막을 내렸다.지난 30여 년 동안 대한민국 최대 규모의 지식 교류 행사로 자리매김한 ASIA CSCON이 2024년부터 이름을 새롭게 바꾸고, 아시아 주요 국가 대표단이 참여하는 대표 지식 플랫폼으로 성장했다.이번 컨퍼런스에는 일본 60여 명의 기업 대표단을 비롯해 베트남·인도네시아·중국 등 아시아 각국 대표단과 기업 관계자들이 다수 참석했다. 또 KMAC 해외 파트너사인 The Vietnam National Innovation Center(베트남), SHRM(APAC&MENA), Telkomsigma(인도네시아)의 축하 영상으로 아시아 컨퍼런스의 분위기를 고조시켰다.이번 컨퍼런스는 ‘Xs-Chain: Accelerating Growth Through Connected Experience(연결된 경험을 통한 성장 가속화)’를 주제로, 경험 혁신 시대에서 다양한 경험의 연결을 통해 기업 성장 전략을 70여 개 강연에서 제시했다. 또한 혁신 기술 체험과 문화 콘텐츠를 결합한 차별화된 경험을 제공했다.사진=한국능률협회컨설팅 제공오전 기조강연에서는 야놀자클라우드 김종윤 대표가 버티컬 AI가 가져올 파괴적 혁신과 연결 경험의 중요성을 강조했으며, 이어진 송길영 마인드마이너 작가 강연에서는 경량문명 시대 연결 가속도의 인사이트를 전달했다.오후에는 CX, EX, DX, AX, BX/SX, PX 등 6개 테마, 총 21개 트랙에서 SK텔레콤, LG U+, 현대자동차, 한화오션, 세븐뱅크 등 국내외 주요 기업들이 실질적 혁신 사례를 공유했다.특히 올해는 4개의 스페셜 트랙이 주목받았다. ‘2026 Trend Forecasting’ 트랙에서는 송기홍 리멤버 대표, 트렌드코리아 권정윤 박사, VAIV 생활변화관측소 박현영 소장이 데이터를 기반으로 2026 트렌드를 전망했으며, ‘K-Food to Global’ 트랙에서는 노희영 FNB LAB 대표와 삼양식품 강연을 통해 K브랜드 전략을, ‘Global Attraction to Korea’ 트랙에서는 성심당, 삼진어묵, 배달의민족 사례를 공유하며 풍부한 인사이트를 제공했다.강연장 외부에서도 차별화된 경험이 이어졌다. 신한은행, 신한카드, 삼성화재, 법무법인(유한) 린, 리멤버 등의 기업 부스 체험과, AI 기반 K-pop 댄스 체험(텐씨엘), AI 홈 피트니스 솔루션(아이픽셀) 등 기술과 문화가 접목된 K-Tech Zone, 아웃레저 제품(스노우라인) 전시가 이루어진 K-Leisure Zone 등 다양한 체험 공간이 마련됐다.송광호 KMAC 가치혁신그룹장은 “경험 혁신이 기업 경영 핵심 가치로 자리 잡은 현재, 경험의 연결이 성장의 사슬을 형성하고 기업들이 나아가야 할 방향을 제시할 수 있도록 올해 주제를 Xs-Chain으로 설정했다”며, “Asia CSCON은 앞으로도 경영 혁신, 기술 체험, 문화 교류가 결합된 아시아 대표 지식 플랫폼으로 발전할 것”이라고 말했다."
https://n.news.naver.com/mnews/article/366/0001120765?sid=101,2025-11-06 14:51:09,경제,"﻿KMAC, ‘Asia CSCON 2025’ 글로벌 경영혁신 콘퍼런스 성료","일본·베트남·인도네시아 등 아시아 대표단 다수 참석… K-문화 경험 혁신의 장 마련한국능률협회컨설팅(대표이사 한수희, 이하 KMAC)이 11월 4일 일산 킨텍스에서 개최한 ‘Asia CSCON 2025’가 글로벌 경영 혁신 플랫폼으로 진화했다는 평가 속에 성황리에 마무리됐다.이번 콘퍼런스에는 국내외 500여 개 기업에서 2500명이 참석하며 뜨거운 관심을 보였다. 지난 30여 년간 대한민국 최대 규모 지식 교류의 장으로 자리매김했으며, 2024년도부터 ASIA CSCON으로 명칭을 바꾸고 아시아 주요 국가 대표단 참여를 통해 아시아 지식 플랫폼으로 한 단계 성장했다.올해는 일본 60여 명의 기업 대표단을 포함해 베트남·인도네시아·중국 등 아시아 각국 대표단과 관계자들이 다수 참석했으며, KMAC 해외 파트너사인 The Vietnam National Innovation Center(베트남), SHRM(APAC&MENA), Telkomsigma(인도네시아)의 축하 영상으로 아시아 콘퍼런스 분위기를 한층 고조시켰다.‘Xs-Chain: Accelerating Growth Through Connected Experience(연결된 경험을 통한 성장 가속화)’를 주제로 진행된 올해 컨퍼런스에서는 경험 혁신 시대에서 다양한 경험을 연결해 기업 성장을 촉진하는 방향성을 70여 개 강연을 통해 제시했다. 또한 혁신 기술 체험과 문화 콘텐츠가 결합된 차별화된 경험을 제공했다.오전 기조 강연에서는 야놀자클라우드 김종윤 대표가 버티컬 AI가 가져올 파괴적 혁신과 연결된 경험의 중요성을 강조했으며, 송길영 마인드마이너 작가의 강연에서는 경량 문명 시대 연결 가속도의 인사이트를 전달해 참석자들의 큰 호응을 얻었다.오후에는 CX, EX, DX, AX, BX/SX, PX 등 6개 테마, 총 21개 트랙에서 SK텔레콤, LG U+, 현대자동차, 한화오션, 세븐뱅크 등 국내외 리딩 기업들이 실무 혁신 사례를 공유했다.특히 4개의 스페셜 트랙이 눈길을 끌었다. ’2026 Trend Forecasting' 트랙에서는 송기홍 리멤버 대표, 트렌드코리아 권정윤 박사, VAIV 생활변화관측소 박현영 소장이 데이터를 기반으로 2026년 트렌드를 전망했으며, ‘K-Food to Global’ 트랙에서는 노희영 FNB LAB 대표와 삼양식품 강연을 통해 K브랜드 전략을, ‘Global Attraction to Korea’ 트랙에서는 성심당, 삼진어묵, 배달의민족 사례를 공유하며 다양한 인사이트를 제공했다.강연장 외부에서도 차별화 포인트가 돋보였다. 신한은행, 신한카드, 삼성화재, 법무법인(유한) 린, 리멤버 등의 기업 부스 체험과 함께, AI 기반 K-pop 댄스 체험(텐씨엘), AI 홈 피트니스 솔루션(아이픽셀) 등 기술과 문화가 접목된 K-Tech Zone, 아웃레저 제품(스노우라인) 전시가 진행된 K-Leisure Zone 등 다양한 체험 공간이 마련됐다.송광호 KMAC 가치혁신그룹장은 “경험 혁신이 기업 경영 핵심 가치로 자리 잡은 현재, 경험의 연결이 어떻게 성장 사슬을 만들어 내는지, 기업들이 어느 방향으로 나아가야 하는지를 조망하고자 올해 주제를 Xs-Chain으로 설정했다”며 “Asia CSCON은 앞으로도 경영 혁신, 기술 체험, 문화 교류가 융합된 아시아 대표 지식 플랫폼으로 발전할 것”이라고 말했다."
https://n.news.naver.com/mnews/article/015/0005207886?sid=101,2025-11-06 15:06:15,경제,"KMAC, 경험 혁신 플랫폼 'Asia CSCON 2025' 컨퍼런스 성료","한국능률협회컨설팅(대표이사 한수희, 이하 KMAC)은 지난 4일 일산 킨텍스에서 개최한 ‘Asia CSCON 2025’가 성황리에 막을 내렸다고 6일 밝혔다. 이번 컨퍼런스에는 국내외 500개 이상 기업에서 2500여 명이 참석했다.‘Asia CSCON 2025’는 지난 30여 년간 대한민국 최대 규모 지식 교류의 위상을 확보하고 있으며, 지난 2024년도부터 ASIA CSCON으로 명칭을 변경해 아시아 주요 국가 대표단들이 참여한 아시아 지식 플랫폼으로 도약했다. KMAC는 이번 컨퍼런스가 단순한 컨퍼런스를 넘어 글로벌 경영혁신 플랫폼으로 진화했다는 평가를 받았다고 전했다.올해는 일본 60여 명의 기업 대표단을 포함해 베트남·인도네시아·중국 등 아시아 각국 대표단과 기업 관계자들이 다수 참여했으며, 개회식은 KMAC 해외 주요 파트너 기업인 The Vietnam National Innovation Center(베트남), SHRM(APAC&MENA), Telkomsigma(인도네시아)의 축하 영상으로 시작됐다.올해 컨퍼런스는 ‘Xs-Chain: Accelerating Growth Through Connected Experience(연결된 경험을 통한 성장 가속화)’를 주제로, 경험 혁신의 시대에서 다양한 경험의 연결을 통해 기업 성장의 방향성을 70여 개 강연에서 제시했으며, 혁신 기술 체험, 문화 콘텐츠 등을 결합한 차별화된 경험을 제공했다.오전에 진행된 기조강연에서는 야놀자클라우드 김종윤 대표가 버티컬 AI가 여는 파괴적 혁신과 연결된 경험의 중요성을 강조했다. 이어진 송길영 마인드마이너 작가는 경량문명 시대 연결의 가속도에 대한 인사이트를 제시했다.오후에는 CX(고객경험), EX(직원경험), DX(디지털 전환), AX(AI 전환), BX/SX(비즈니스 전환·지속가능경영), PX(공공경험) 등 6개 테마로 구성된 21개 트랙에서 SK텔레콤, LG U+, 현대자동차, 한화오션, 세븐뱅크 등 국내외 리딩 기업들이 실질적 혁신 사례를 공유했다.특히 올해는 4개의 스페셜 트랙이 주목받았다. ‘2026 Trend Forecasting’ 트랙에서는 송기홍 리멤버 대표, 트렌드코리아 권정윤 박사, VAIV 생활변화관측소 박현영 소장이 다양한 데이터 관점에서 2026 트렌드를 전망했다. 이외에도 노희영 FNB LAB 대표와 붉닭 신화를 창조한 삼양식품 강연으로 구성된 ‘K-Food to Global’ 트랙, 성심당, 삼진어묵, 배달의민족 사례로 구성된 ‘Global Attraction to Korea’ 트랙 등 다양한 인사이트를 공유했다.행사장 외부에는 신한은행, 신한카드, 삼성화재, 법무법인(유한) 린, 리멤버 등의 기업 부스 체험이 진행됐으며, AI 기반 K-pop 댄스 체험(텐씨엘), AI 홈 피트니스 솔루션(아이픽셀) 등 문화와 기술을 접목한 혁신 스타트업들의 K-Tech Zone과 아웃레저 제품(스노우라인) 등이 전시된 K-Leisure Zone 등 다양한 체험 공간도 마련됐다.송광호 KMAC 가치혁신그룹장은 “경험 혁신이라는 단어가 기업 경영의 핵심 가치로 자리 잡은 현 시점에서 경험의 연결이 어떻게 성장의 사슬이 되어 새로운 혁신을 만들어낼 수 있는지, 그리고 그 흐름 속에서 기업들이 어떠한 방향으로 나아가야 하는지를 조망해볼 수 있는 기회를 제공하고자 금년도 컨퍼런스 주제를 Xs-Chain으로 설정했다”며, “Asia CSCON은 앞으로도 단순한 컨퍼런스가 아닌 경영 혁신, 기술 체험, 문화 교류가 융합된 아시아 대표 지식 플랫폼으로 발전해 나갈 것”이라고 말했다.한경닷컴 뉴스룸 open@hankyung.com"
https://n.news.naver.com/mnews/article/468/0001192255?sid=101,2025-11-06 16:18:19,경제,"LGU+, 직장인 AI 역량 ‘레벨업’…전문가와 직접 체험","200여 명 대상 ‘AI 미래토크’ 진행‘AI 유니버스’ 첫 프로젝트…과실연 AI미래포럼과 공동 개최유독픽 AI 체험존 운영…유독픽 1개월 무료 체험권지난 5일 LG유플러스와 과실연 AI미래포럼이 공동 개최한 ‘AI 미래토크’에서 (왼쪽부터)과실연 류정혜 AI미래포럼 공동의장, 김승일 AI미래포럼 대표의장, OpenAI코리아 김경훈 총괄 대표가 토크콘서트를 진행하고 있다. 사진 | LG유플러스[스포츠서울 | 표권향 기자] LG유플러스가 직장인 200명을 만나 AI 시대 커리어 고민을 나눴다고 밝혔다.LG유플러스는 지난 5일 서울 강남구 역삼동에서 3040 직장인 200여 명을 대상으로 토크콘서트 ‘AI 미래토크’를 진행했다. 이번 행사는 회사와 국내 대표 AI 단체인 바른 과학기술사회 실현을 위한 국민연합(이하 과실연) AI미래포럼이 공동 개최, LG유플러스 AI 구독 서비스 ‘유독픽AI’에 참여하는 국내외 AI 제휴사 10곳이 함께했다.이날 ‘퇴근 후 만나는 AI 레벨업 찬스’를 주제로 직장인의 AI 활용 역량을 높이고 일상 속 AI 경험을 확대하는 자리로 운영됐다. 커리어와 미래에 대한 고민을 가진 직장인들은 최신 AI 트렌드를 파악했다.특히 체험존에서 ▲정확한 출처 기반 검색이 가능한 ‘라이너(Liner)’ ▲다국어 자료 검색에 특화된 ‘펠로(Felo)’ ▲다양한 AI 모델을 통합 제공하는 ‘우수AI’ 등 대화형 AI 3종과 특화 AI 서비스 7종을 포함해 총 10종의 AI 서비스 등 다양한 AI 서비스를 직접 체험할 수 있도록 기획했다.이들은 라이너로 논문 내용을 요약하고, 캔바로 제안서 디자인을 수정하는 등 업무에 바로 활용 가능한 AI 서비스를 통해 실제 업무에 적용할 방법을 고민했다.LG유플러스는 이날 참석한 고객 전원에게 유독픽 AI 서비스 중 직장인이 유용하게 활용할 수 있는 ‘유독픽AI’ 1개월 무료 체험권을 선물했다.LG유플러스 김경훈 OpenAI코리아 총괄 대표가 지난 5일 ‘AI 미래토크’에서 메인 세션에서 발표하고 있다. 사진 | LG유플러스‘AI 미래토크’는 ‘AI 유니버스’ 활동의 첫 단계다. LG유플러스는 지난 9월 국민의 AI 접근성 강화를 위해 과실연 AI미래포럼과 국내외 AI 제휴사와 함께 ‘AI 유니버스’를 출범했다. 이를 통해 각 사가 보유한 역량을 결집해 시너지를 창출과 국민의 AI 이해도를 높이겠다는 뜻을 모았다.향후 LG유플러스는 다양한 단체와 협업하며 AI 유니버스를 포함한 AI 관련 프로그램을 기획, 고객들이 일상에서 쉽고 친숙하게 AI를 활용할 수 있도록 지원할 예정이다.LG유플러스 정혜윤 마케팅그룹장(상무)은 “AI 미래토크는 LG유플러스가 다양한 파트너와 함께 AI 생태계를 조성하기 위해 기획한 행사”라며 “앞으로도 기업, 학계, 기술 전문가 등 다양한 분야와 협력해 국민의 AI 접근성을 높이기 위해 힘쓰겠다”고 말했다. gioia@sportsseoul.com"
https://n.news.naver.com/mnews/article/374/0000473339?sid=101,2025-11-06 16:40:15,경제,"[머니줌인] 어제, 코스피·코스닥 사이드카 동시 발동 충격","■ 머니쇼+ '머니줌인' - 황유현 신한투자증권 PB팀장무섭게 오르는 국내증시였는데요. 어제(5일) 하루에만 국내 증시에서 무려 111조 원이 증발했습니다. 사이드카까지 발동되며 투자자들, 정말 숨죽인 하루였죠. 지금 시장은 강세장 속 당연한 숨 고르기냐, 버블의 시작이냐 의견이 엇갈리고 있는 것 같아요? 오늘(6일)은 이런 변동성 장이 단순 조정인지, 변곡점의 신호인지 짚어보겠습니다. 황유현 신한투자증권 PB팀장님 모시고 자세한 이야기 나눠보겠습니다.Q. 어제 하루에만 국내증시 111조 원이 증발했습니다. 코스피·코스닥 사이드카 발동하며 큰 변동성 장세였는데요? 국내 증시에서 일각에서는 숨 고르기다, AI 버블 초입이다 말이 많은데요? 팀장은 어떻게 보셨어요?- 하루 새 증시 111조 증발…AI 거품론 직격탄- 코스피 시총 97조 증발·코스닥 13조 증발- 코스피·코스닥 사이드카 동시 발동 충격- 전체 종목 74% 하락…투자심리 '패닉'- AI주 급락 직격탄…삼성·하이닉스 동반 추락- 강달러·AI 거품론에 증시 전방위 급락- 외국인 이틀째 1조 순매도…차익실현 본격화- ""AI 버블 꺼지나""…투자심리 급속 냉각- 하루 새 111조 증발…코스피 3900선 붕괴- 코스피 장중 6% 급락…3900선 붕괴 충격- 외국인 2조6천억 매도…4000선 겨우 방어- AI 버블·밸류 부담 겹치며 급락세 심화- 삼성전자 9.7%↓·하이닉스 5%↓ 급락- ""추세 전환 아냐""…강세장 속 숨 고르기- 팔란티어 호실적에도 급락…AI 과열 신호- ""밸류 부담·차익 매물 탓""…단기 조정 진단- 전문가 ""12월 반등 가능성 높다"" 진단- 정부 성장정책·연기금 매입 기대감 여전- ""AI·반도체 모멘텀 견조""…12월 랠리 전망- '빅쇼트' 버리, 엔비디아 풋옵션 베팅- 엔비디아·팔란티어 급락…AI 버블 우려- 코스피·코스닥 동반 사이드카 발동- 외국인 4조7천억 매도…개인 저가매수- 골드만 ""기술주 포화…20% 조정 가능성""- ""AI 거품 아니다""…""강세장 지속"" 의견도- AI 열풍, 신기루인가…변곡점 선 증시Q. 급락장에서도 개인투자자들은 '매수 버튼'을 눌렀습니다. 어제 5일 하루에만 2조 5천억 원 넘게 순매수해서 코스피 4000선을 가까스로 지켜냈는데요. 그동안 코스피 상승을 주도했던 건 외국인이었잖아요? 시장이 건강해지는 신호일까요? 하락장 무마한 걸까요?- '검은 수요일'에도 개미는 매수 버튼 눌렀다- 코스피 급락 속 개인 2조5천억 순매수- SK하이닉스 이틀간 2조3천억 쓸어담아- 하이닉스 장중 9% 급락…개미가 방어- 삼성전자도 3천억 매수…'10만전자' 방어전- ""AI 슈퍼사이클 시작"" 기대감에 반도체 집중- 외국인 매도→개미 매수…시장 버팀목 부각- 두산에너빌리티, 원전 모멘텀에 2천억 순매수- LG CNS·한화솔루션도 개인 매수 상위- 공포장서 과감한 매수…""개미의 신의 한 수?""- 급락장에도 개인 2.5조 순매수…공포장서 매수- 지난달 순매도서 '매수 전환'…개미 귀환 신호- ""일시적 조정일 뿐""…저가매수 심리 확산- 하이닉스·삼성전자 집중 매수…AI 기대 지속- 두산에너빌리티·LG CNS 등 미래테마주 매수- 주식 활동계좌 9500만 개 돌파 '1억 눈앞'- 예탁금 86조 사상 최대…증시 대기자금 급증- 신용융자 25조 돌파…'빚투 열기'도 재점- ""공포장서 기회 포착""…개미 랠리 부활 예고Q. 그런데 강세장에선 '200일 사이클'이란 게 있더라고요? 지금 국내증시, 강세장이 4월에 시작됐다면 이미 200일이 지난 건데요. 과거 세 번의 강세장, 즉 1998년·2009년·2020년에도 200일 지점에서 -14% 조정 후 반등이 있었다고 하더라고요?- ""코스피 조정은 대세 상승장의 쉼표""- ""과거 강세장도 200일 후 단기 조정""- ""조정 폭 평균 -14%, 이후 급반등""- ""1984년 3저 호황기와 유사한 국면""- ""AI 버블론 시기상조…닷컴과 다르다""- ""AI PER 30배…닷컴버블 절반 수준""- ""AI는 PC·모바일 이은 세번째 혁명""- ""코스피 5000→최대 7500 가능 전망“- 내년 영업익 401조…반도체·전력 견인“- ""삼성·하이닉스·두산에너빌리티 최선호주""Q. 최근 코스피가 단기 급등 부담에 조정을 받으면서 '배당주'가 다시 주목받고 있더라고요? 어제 5일 코스피가 2.85% 떨어졌지만 금융·통신·보험 등 전통 배당주는 선방하는 모습이었는데요. 이런 시기일수록 '역시 배당주'일까요?- 코스피 조정 속 ‘배당주’ 다시 주목받는다- 금융·통신·보험주 선방…“역시 배당주”- 삼성화재 5.5%↑…SKT·LGU+도 상승 마감- “안정 수익 선호”…현금흐름주에 눈돌린 투자자- 배당주 펀드 일주일새 685억 유입 재개- 급등장 소외됐던 배당주 ‘낙폭 과대주’ 부상- 배당소득 분리과세 완화 논의…투심 자극- 자사주 소각 의무화 추진…정책 모멘텀 기대- “AI주 쉬어갈 때 금융·배당주 주목하라”- “성장주→현금흐름주”…시장 균형 이동 조짐Q. 네이버가 3분기 매출 3조 원 돌파했는데요. 눈에 띄는 것이 AI 인프라에도 '1조 원 이상' 투자한다고 하더라고요? 'AI의 쌀'로 불리는 GPU 확보에도 힘을 쏟는다고 하던데, 네이버는 중장기적으로 어떻게 봐야 할까요?- 네이버, AI 덕에 분기 매출 첫 3조 돌파- 영업이익 5,706억…역대 최대 실적 달성- ""온서비스 AI 전략 성과""…검색광고 매출↑- AI브리핑 이용자 3천만명 돌파 'AI 효과'- 커머스 매출 36% 급등…AI 개인화 강화- GPU 클라우드 매출 1,500억 '신성장 축'- 내년 봄 'AI 에이전트' 도입…검색 전면 개편- GPU 투자 연 1조 돌파…'AI 인프라 총력전'- AI로 외부 서비스 연결…통합 플랫폼 진화- ""AI 기반 성장 본격화""…네이버, 초격차 시동(자세한 내용은 동영상을 시청하시기 바랍니다.)당신의 제보가 뉴스로 만들어집니다.SBS Biz는 여러분의 제보를 기다리고 있습니다.홈페이지 = https://url.kr/9pghjn"
https://n.news.naver.com/mnews/article/015/0005208197?sid=101,2025-11-07 09:01:12,경제,"ICT폴리텍대학, 2026학년도 수시 2차 신입생 모집","국내 정보통신기술(ICT)·인공지능(AI) 특성화 대학인 ICT폴리텍대학이 2026학년도 수시 2차 신입생 모집을 진행한다고 7일 밝혔다.ICT폴리텍대학은 과학기술정보통신부와 고용노동부의 정책적 지원과 한국정보통신공사협회의 출연을 기반으로 2002년에 설립된 대학으로, 고등학교 졸업자(졸업예정자 포함) 또는 이와 동등 이상의 학력이 있는 자는 연령 및 성별 제한 없이 누구나 지원 가능하다.이번 수시 2차 모집 원서접수는 오늘(7일)부터 21일까지 진행되며, 합격자 발표는 다음달 4일이다.모집 학과는 ▲AI네트워크학과 ▲IT융합학과 ▲AI소프트웨어학과 ▲정보보안학과 ▲정보통신학과 총 5개 학과로, 정보통신 전반에 걸친 전문 교육과정을 운영하고 있다.ICT폴리텍대학은 현장 실무 중심의 커리큘럼과 파격적인 장학 혜택을 통해 정보통신 산업현장에 바로 투입 가능한 ‘현장형 전문 인재’를 양성하는 데 주력하고 있다.특히, 신입생 전원에게 2년간 등록금 100%를 장학금으로 지원하는 ‘미래인재장학금’ 제도를 운영 중이다. 이는 국가장학금 신청 및 직전 학기 성적 3.0 이상 유지 시에 지급된다.또한, 산업체 재직자를 위한 2년 과정의 주말 대면 수업 및 평일 온라인 수업 병행 과정도 함께 운영하여, 정보통신 산업현장에 재직하고 있는 재직자들의 학업 참여 기회를 확대하고 있다.모든 학과는 첨단 ICT 실습 장비를 갖춘 특성화 실습실을 운영하며, 실습 위주의 교육을 통해 국가기술자격증 취득 및 취업률 제고에 나서고 있다. 졸업생들은 KT, SKT, LGU+ 등 주요 기간통신사업체 및 그룹사, 공공기관, 그리고 전국 1만여 정보통신공사업체, 방송·통신, 소프트웨어 관련 기업 등 다양한 분야에 진출하고 있다.ICT폴리텍대학은 지난 2022년 10월 KT와 정보통신 분야 일자리 창출을 위한 MOU를 체결했으며, 협약 이후 KT 그룹사에 다수의 졸업생이 취업했다. 또한, 유관기관인 한국정보통신공사협회에도 꾸준히 인재를 공급하고 있으며, 취업의 다변화와 안정화를 위해 재학생 및 졸업생들에게 다양한 취업 및 진로를 제안하고 있다. 그 결과 2022년, 2024년 방송통신직 지역인재 국가공무원을 배출하는 성과도 거뒀다.ICT폴리텍대학 교학처의 임정희 처장은 “우리 대학은 정부 지원을 받는 국내 유일의 ICT 특성화 대학으로서, 단순한 이론 교육에 머물지 않고 산업현장에서 즉시 활용할 수 있는 실무 중심 교육을 통해 현장형 인재를 양성하고 있다”고 밝혔다.또한 “멘토·멘티 제도와 교수진의 인성 중심 교수법은 학생들의 태도와 사고를 바꾸는 핵심 동력이다. 이를 바탕으로 학생 본인은 물론, 부모님과 기업 모두가 만족하는 교육 성과를 이루는 것이 ICT폴리텍대학의 가장 큰 경쟁력이며, 앞으로도 기술력과 인성을 함께 갖춘 실무형 ICT 전문인재 양성에 최선을 다하겠다”고 말했다.ICT폴리텍대학은 경기도 광주시 역동에 위치해 있으며, 경강선 경기광주역에서 도보 5분 거리에 있다. 자세한 사항은 홈페이지를 통해 확인 가능하다.한경닷컴 뉴스룸 open@hankyung.com"
https://n.news.naver.com/mnews/article/031/0000978996?sid=105,2025-11-07 14:46:15,IT/과학,해킹·구조조정 직격탄…이통3사 3분기 영업익 1조 붕괴(종합),"SKT, 해킹 사태로 영업익 90% 급감⋯AI 사업이 버팀목KT, 그룹 포트폴리오와 부동산 이익이 실적 지탱LGU+. 희망퇴직 비용으로 영업익 감소이통3사의 3분기 합산 영업이익이 1조원 밑으로 떨어졌다. SK텔레콤은 해킹 사태 이후 가입자 이탈과 보상 비용이 겹치며 영업이익이 90% 이상 감소했다. LG유플러스도 희망퇴직 비용 반영 여파로 영업이익이 줄었다. KT만 그룹 포트폴리오와 부동산 이익이 실적을 지지하며 비교적 안정적인 흐름을 유지했다.지난 2일 서울 시내의 한 SK텔레콤 대리점에 유심 재고 소진 안내문이 붙어 있다. [사진=연합뉴스]7일 통신업계에 따르면 3분기 연결 기준 이통3사 합산 영업이익은 7483억원이다. 전년 3분기 합산 영업이익이 1조2259억원인 것을 고려하면 39% 감소한 것이다.SKT, 해킹 사태로 영업익 90% 급감⋯AI 사업이 버팀목SK텔레콤은 매출 3조9781억원 영업이익 484억원을 기록했다. 전년 동기 대비 매출은 12.2% 줄었고 영업이익은 90.9% 급감했다. 해킹 사고 이후 진행된 가입자 이탈과 보상 때문이다.해킹 사태 이후 가입자 약 70만명 이상이 빠져나가면서 통신 본업에 직접적인 타격이 발생했다. SK텔레콤은 고객 신뢰 회복을 위해 8월부터 12월까지 요금 50% 감면 등 1조원 규모의 보상 프로그램을 시행하고 있다. 이 과정에서 이동전화 매출이 줄었고 수익성이 크게 낮아졌다. 여기에 개인정보보호위원회가 부과한 1300억원대 과징금도 반영됐다.다만 AI 사업은 성장세를 이어갔다. AI 데이터센터 부문 매출은 1498억원이다. GPU 임차지원 사업과 판교 데이터센터 인수 효과가 반영됐다.김양섭 SK텔레콤 CFO는 ""SK텔레콤은 고객 신뢰 회복을 최우선으로 두고 AI 사업에서 본격적인 성과를 창출하는 등 위기를 기회로 삼아 더 단단한 회사로 나아가겠다""고 말했다.KT, 그룹 포트폴리오와 부동산 이익이 실적 지탱KT는 매출 7조1267억원 영업이익 5382억원 순이익 4453억원을 기록했다. 전년 동기 대비 매출은 7.1% 영업이익은 16.0% 순이익은 16.2% 증가했다.최근 소액결제 해킹 사고로 고객 신뢰 회복 과제가 커졌지만 3분기 실적에 직접적인 충격은 제한됐다. 가입자 이탈 규모가 크지 않은 것이다. 그룹 포트폴리오의 성장세가 이어졌고 부동산 개발 이익이 실적을 뒷받침했다.AX 사업과 AI 데이터센터 사업도 성장세를 유지하고 있다. KT는 독자 LLM 기반 AI 서비스 경쟁력을 강화하고 기업 디지털 전환 수요 대응을 확대하고 있다.하지만 이번 사태로 가입자 이탈이 계속되면 향후 실적 하락 폭이 더 커질 수 있다. 업계는 KT가 위약금을 전면 면제할 경우 수천억원 수준의 비용 부담이 발생할 것으로 보고 있다.장민 KT CFO는 ""고객 신뢰 회복을 최우선 과제로 삼고 고객 보호 조치를 신속히 이행하는 동시에 정보보호 체계와 네트워크 관리 강화에 최선을 다하겠다""며 ""통신 본업과 AX 사업 성장을 통해 지속적인 기업가치 제고에 힘쓰겠다""고 말했다.LGU+. 희망퇴직 비용으로 영업익 감소LG유플러스는 매출 4조108억원 영업이익 1617억원을 기록했다. 매출은 5.5% 증가했으나 영업이익은 34.3% 줄었다. 3분기 희망퇴직 비용 약 1500억원이 반영됐기 때문이다.희망퇴직 비용을 제외하면 영업이익은 3117억원이다. 전년 동기 대비 26.7% 늘어난 수치다. 올 상반기부터 이어진 수익성 개선 흐름이 유지되고 있다는 회사의 판단이다.매출 증가는 전사 AI Agent 확산 적용을 통한 업무 효율화와 생산성 향상, AIDC 사업의 가시적인 성과 등도 견조한 실적의 배경으로 지목된다.여명희 LG유플러스 최고재무책임자/최고리스크책임자(CFO/CRO)는 ""앞으로 AI 서비스 차별화를 통한 본원적 경쟁력 강화에 집중하고, 수익성 제고와 주주환원 강화를 통해 지속 가능한 기업가치 제고를 지향하겠다""고 말했다."
https://n.news.naver.com/mnews/article/640/0000079648?sid=101,2025-11-07 14:46:59,경제,Voluntary resignations favored over layoffs for corporate restructuring,"A tired office worker. Image is unrelated to the story. [GETTY IMAGES BANK]Voluntary resignations are increasingly replacing layoffs as the standard method of work force restructuring at large companies.Amid sluggish domestic demand and worsening business conditions, companies are choosing to induce voluntary departures instead of implementing layoffs, which entail significant legal and social risks. However, these programs often fall short of expectations in participation, limiting their effectiveness in reducing headcount.None of Korea’s major conglomerates implemented forced layoffs this year, despite difficult business environments across sectors, according to industry sources on Thursday.Major players such as LG Chem in petrochemicals, Hyundai Steel in steel, LG Electronics in home appliances, SK Telecom and LG U+ in telecommunications, and Hyundai Duty Free and 11Street in retail conducted restructuring through voluntary retirement programs under the pretense of business reorganization or profitability-focused rebalancing.Several companies, such as 7-Eleven, LG Display and LG HelloVision, offered such programs for the second year in a row. Banks have also institutionalized voluntary retirement programs, targeting around 2,000 employees annually to cut labor costs and streamline operations.“Even with low application rates, companies feel they have no choice but to maintain the appearance of voluntary resignations,” said one industry official.Legal hurdles make layoffs nearly impossible, as companies must prove “urgent managerial necessity” under the Labor Standards Act and show evidence of efforts to avoid layoffs, such as wage freezes and the elimination of overtime.Employers are also required to first attempt voluntary resignations, select layoff targets based on objective criteria, and notify and consult with unions or employee representatives at least 50 days in advance.Companies are still haunted by past mass layoff controversies. In 2009, SsangYong Motor's large-scale downsizing — 1,666 voluntary resignations and 980 forced layoffs — escalated into a prolonged strike and lawsuits over damages. Such precedents have made companies extremely wary of layoffs.In particular, when only a specific business unit — not the entire company — is operating in the red, it becomes difficult to prove that layoff targets were selected fairly, even if the court acknowledges that there is an urgent managerial necessity.Kim Deuk-jung, head of Ssangyong Motor's chapter of the Korean Metal Workers' Union, speaks during a press conference in front of the Supreme Court in Seocho District, southern Seoul, on June 15, 2023. [NEWS1]Consequently, severance packages for voluntary resignations have become far more generous than in the past. On average, compensation is equivalent to three years of salary, with some companies offering up to 400 million to 500 million won ($275,000 to $340,000) in severance plus tuition support for children. Yet participation remains limited, as poor job market conditions make reemployment difficult even with large payouts.Hyundai Steel’s Pohang plant offered severance equivalent to up to three years of salary and educational support to 1,200 technical staff — but only about 10 employees applied. KT, however, saw about 2,800 employees take the offer, which included packages worth up to 430 million won. Some observers cited pressure stemming from KT’s spinoff plans as a driving factor behind the higher participation.“Even with generous packages, it’s hard to survive outside the company in a downturn,” said an source at a manufacturing conglomerate.“Only junior employees with reemployment potential or those with succession plans for family businesses tend to leave.” Another noted, “Ironically, it's often the high-performing young talent who opt to leave, while the high-salary, low-productivity employees who should be the targets of restructuring stay put. But layoffs are simply not an option.”“The legal requirements for layoffs are so strict that large corporations can’t easily resort to them,” Cho Sang-wook, a labor attorney at law firm Yulchon, said. “Voluntary resignations with compensation remain the legally safer alternative.”“Rather than repeatedly using work force restructuring to cut costs, companies should establish a virtuous cycle by hiring new employees alongside voluntary retirements,” labor consultant Kim Jae-min added.This article was originally written in Korean and translated by a bilingual reporter with the help of generative AI tools. It was then edited by a native English-speaking editor. All AI-assisted translations are reviewed and refined by our newsroom."
https://n.news.naver.com/mnews/article/586/0000115493?sid=101,2025-11-07 17:00:14,경제,SKT도 KT도 수장 교체…해킹이 불러온 통신 업계 파장,"[김용수 시사저널e. 기자 yong0131@sisajournal-e.com]KT, 김영섭 연임 포기로 차기 CEO 공모…SKT, 판사 출신 정재헌 선임취임 1년 안 된 LGU+ 홍범식은 자리 유지할 듯국내 통신 업계에 경영진 교체 바람이 불고 있다. 대규모 가입자 유심 정보 유출 사고를 낸 SK텔레콤은 4년 만에 유영상 사장 체제가 막을 내리고, 정재헌 사장을 대표로 선임했다. 사상 첫 법조인 출신을 CEO로 발탁해 사법 리스크 관리에 나선 모습이다. KT는 김영섭 대표의 연임 포기로 차기 CEO 선임 절차에 착수했다. 다만 홍범식 LG유플러스 대표는 취임한 지 1년이 채 되지 않아 자리를 지킬 것으로 보인다.통신 업계에 따르면, KT 이사후보추천위원회(추천위)는 11월4일 오후 차기 CEO 후보군 구성 방안 논의를 시작으로 차기 CEO 선임 절차를 공식 개시했다. 김영섭 KT 대표는 이날 이사회에서 연임을 포기하겠다는 의사를 전했다.김 대표 임기는 내년 3월 정기 주주총회까지로, KT 정관에 따르면 대표 임기 만료 3개월 전까지 8명 사외이사로 구성된 '이사후보추천위원회'를 꾸려 CEO 후보군을 구성하고 정기 주총 공고 전까지 CEO 후보 1인을 확정해야 한다. 이번 공모는 11월5일부터 16일 오후 6시까지 진행되며, 추천위는 △외부 전문기관 추천 △공개 모집 △주주 추천(전체 주식의 0.5% 이상 6개월 이상 보유 주주) △관련 규정에 따른 사내 후보로 CEO 후보군을 구성할 예정이다. KT 추천위가 CEO 후보군을 대상으로 서류 검토와 면접·프레젠테이션 등을 통해 숏리스트(3~4명)를 추린 뒤, 이사회가 심층 면접과 추가 프레젠테이션 등을 거쳐 최종 후보를 선정해 주총에 선임 안건을 올리는 방식으로 진행된다.재임 기간에 KT 실적을 큰 폭으로 개선하고 주가 부양 및 사업 구조 개편 등 성과를 거둔 김 대표는 당초 연임 의지를 보여왔다. 다만 이재명 정부 출범에 따라 윤석열 정부에서 선임된 그의 연임 가능성은 낮게 평가됐고, 여기에 최근 무단 소액결제 및 해킹 사태까지 겹치며 책임론이 불거졌다.정재헌 신임 SK텔레콤 대표, 김영섭 KT 대표, 홍범식 LG유플러스 대표 ⓒ연합뉴스·시사저널 임준선·시사저널 박은숙해킹 사태로 빛 바랜 실적 개선이렇다 보니 차기 KT CEO에게는 무단 소액결제 사태에 따른 대내외적인 신뢰도 하락 만회, 보안 체계 재정립 등이 과제로 주어질 전망이다. 여기에 통신(MNO) 네트워크 및 인공지능(AI) 전문성도 차기 CEO에게 요구되는 역량이다. 한 KT 임원은 ""KT와 통신업에 대한 이해도가 높은 것은 기본이고, 역대 CEO들처럼 내부 파벌을 만들지 않는 CEO가 선임되는 것이 바람직하다""며 ""또 연임에도 연연하지 않는 인물이 와야 외풍에 휩싸이지 않을 것""이라고 말했다.SK텔레콤은 10월30일 신임 CEO로 정재헌 SK텔레콤 대외협력 사장을 선임했다. 회사의 'AI 컴퍼니' 전략을 진두지휘해온 유영상 대표는 회사가 ""창사 이래 최대 위기""라고 규정한 대규모 유심 정보 유출 사태에 책임을 지고 4년 만에 수장 자리에서 내려왔다. 정 신임 대표는 SK텔레콤 사상 첫 법조인 출신 CEO로서 해킹 사태 후 이어진 사법 리스크 관리에 전력을 다할 것으로 보인다.다만 '통신 비전문가'가 국내 1위 이동통신사를 이끌게 된 데 대해서는 일부 우려도 나온다. 이를 보완하기 위해 SK텔레콤은 신설 '통신 CIC' 수장에 한명진 SK스퀘어 사장을 선임했다.정 대표는 11월3일 서울 강남구 코엑스에서 'AI Now & Nex'를 주제로 열린 'SK AI 서밋' 참석 후 기자들과 만난 자리에서 ""AI 인프라를 중심으로 AI 솔루션까지 확대하는 방향으로 사업이 진행돼 왔다. 그 기조엔 변함이 없고, 여러 사업을 잘 보고 피버팅(사업방향 전환) 하겠다""며 ""이동통신(MNO)은 본질적인 경쟁력 확보에 집중하겠다. MNO 경쟁력은 고객에게 있다고 생각한다. 고객 신뢰를 확보하고 (서비스가) 안정되게 공급될 수 있도록 열심히 준비하겠다""고 경영 방향을 밝혔다.""단기 실적 중심 경영 방식 벗어나야""통신 업계 3위 LG유플러스도 해킹 사고가 발생했지만, 알려진 피해가 아직 구체적이지 않은 데다 홍범식 대표가 취임한 지 1년이 채 되지 않아 CEO 교체 가능성은 낮다. 앞서 LG유플러스는 10월23일 한국인터넷진흥원(KISA)에 서버 해킹 피해 관련 신고서를 제출했다. 지난 7월 화이트해커로부터 LG유플러스에서 내부자 계정을 관리하는 계정권한관리시스템(APPM) 서버에 해킹이 있었다는 제보를 받은 KISA가 관련 내용을 전달한 지 약 3개월 만이다.화이트해커를 인용한 미국 보안 전문매체 프랙은 해커 집단이 외주 보안업체 시큐어키를 해킹해 얻은 계정 정보로 LG유플러스 내부망에 침투해 8938대의 서버 목록(서버명·IP), 4만2256개 계정, 167명의 직원 정보를 빼돌렸다고 보도했다. 당시 LG유플러스는 자체 점검을 벌인 뒤 지난 8월 사이버 침해 정황이 없다고 주무부처인 과학기술정보통신부에 통보한 바 있다.LG유플러스가 당국으로부터 해킹 정황을 통보받은 뒤 APPM과 관련되는 서버 OS를 업데이트하거나 관련 서버를 물리적으로 폐기해 흔적을 지우려 했다는 비판이 국정감사에서 제기되기도 했다. 현재 경찰청 국가수사본부는 LG유플러스 서버 해킹 정황과 관련해 입건 전 조사(내사)를 벌이고 있다.통신 업계 관계자는 ""통신사들의 통신망에 대한 투자 규모가 이전에 비해 줄어들면서 반복된 통신망 장애 사고와 보안 문제로 기업 신뢰도 추락, 기업 실적 악화가 이어지고 있다""며 ""3사 모두 단기 실적 중심의 경영 방식에서 벗어나야 한다""고 지적했다."
https://n.news.naver.com/mnews/article/421/0008592101?sid=105,2025-11-08 08:00:00,IT/과학,해킹 충격에 통신 3사 합산 영업익 1조 밑으로 '뚝'…3개 분기만,"올해 3분기 통신 3사 합산 영업이익 총 7483억 원으로 집계해킹 사태 및 보상 비용이 발목…SKT, 사상 첫 적자 전환서울 시내 휴대폰 대리점 모습. 2023.10.23/뉴스1 ⓒ News1 김민지 기자(서울=뉴스1) 이기범 김민수 기자 = 연이은 해킹 사태 여파로 통신 3사의 올해 3분기 합산 영업이익이 1조 원 밑으로 급감했다.8일 통신 업계에 따르면 SK텔레콤(017670)과 KT(030200), LG유플러스(032640)의 3분기 합산 영업이익(연결 기준)은 총 7483억 원에 그쳤다. 지난해 같은 기간 통신 3사 합산 영업이익 1조 2434억 원 대비 39.82% 감소한 수치다.통신 3사 분기 합산 영업이익이 1조원 밑으로 떨어진 건 지난해 4분기 이후 3개 분기만이다. 해킹 사태와 이에 따른 보상 비용이 발목을 잡았다.SKT, 사상 첫 적자 전환…""창사 이래 가장 힘든 시간”SK텔레콤은 별도 기준으로 사상 첫 적자 전환을 기록했다. 영업적자 522억 원이다. 연결 기준 영업이익 484억 원을 기록했지만, 전년 동기 대비 90.92% 급감했다.4월 발생한 대규모 유심 해킹 사고 수습에 따른 일회성 비용이 크게 증가한 결과다.해킹 사태로 SK텔레콤은 5000억 원대 고객 보상안을 발표하고, 위약금을 면제하라는 정부의 판단도 수용하면서 실적이 급격히 악화됐다. 개인정보보호위원회로부터 약 1348억 원의 과징금도 부과받았다. 개인정보보호법 위반 과징금 중 역대 최대 규모다. 고객 보상안은 매출에, 과징금은 영업이익에 반영됐다.서울 도심의 SK텔레콤 대리점 앞에서 한 시민이 전화 통화를 하고 있다. 2025.8.28/뉴스1 ⓒ News1 박정호 기자'땅'으로 돈 번 KT…소액결제 사태 영향은 4분기에KT는 상대적으로 양호한 실적을 나타냈다. 연결 기준 매출 7조 1267억 원, 영업이익 5382억 원을 기록했으며, 각각 전년 동기 대비 7.1%, 16% 증가한 수치다.클라우드·데이터센터(DC)·부동산 등 주요 그룹사 중심의 성장과 강북본부 부지 개발에 따른 일회성 부동산 분양이익이 영업이익에 반영되면서 이번 실적을 이끌었다.소액결제 사태는 4분기부터 영향을 미칠 것으로 예상된다. 과징금 및 위약금 면제 범위가 SK텔레콤의 전례를 따를 것으로 예상되는 만큼 실적 부침은 불가피할 전망이다.서울 KT 사옥 모습. 2025.11.6/뉴스1 ⓒ News1 김민지 기자영업익 34.3% 급감한 LGU+…""희망퇴직 인건비 영향""LG유플러스는 대규모 희망퇴직에 따른 인건비 영향으로 3분기 저조한 실적을 나타냈다.올해 3분기 연결 기준 영업이익은 전년 대비 34.3% 줄어든 1617억 원이다. 600명 수준으로 알려진 희망퇴직으로 인해 약 1500억 원의 일회성 명퇴 비용이 영향을 미쳤다.LG유플러스는 ""다만 희망퇴직에 소요된 1500억 원을 제외하면 3분기 영업이익은 지난해 같은 기간 대비 26.7% 늘어난 3117억 원으로 집계됐다""고 설명했다.증권가에서는 올해 4분기에도 통신사들의 악재가 지속될 것으로 내다보고 있다.김홍식 하나증권 연구원은 최근 보고서를 통해 ""KT와 LG유플러스 해킹 관련 비용을 여전히 예측하기 어려운 상황""이라며 ""SK텔레콤 단기 배당 축소 우려 및 KT 거버넌스 리스크가 부각되고 있다는 점도 부담이다""고 분석했다."
https://n.news.naver.com/mnews/article/003/0013588600?sid=105,2025-11-08 13:01:00,IT/과학,KT 해킹 위약금 면제 여부 촉각…번호이동 시장 또다시 격변?,"43대 서버 악성코드 감염·은폐 확인…전 고객 위약금 면제 요구 확산SKT 유심 해킹 후 번호이동 95만건 급증…사태 재현 여부 주목SKT서 얻은 가입자, 이번엔 KT가 내줄 판…LGU+ 어부지리 얻나[서울=뉴시스] 김선웅 기자 = KT가 4일 이사회를 열고 무단 소액결제 사고 관련 전 고객 대상 유심(USIM) 교체 여부 및 김영섭 대표 거취를 결정한다. KT는 이날 이사회에서 차기 대표이사 선임 추진 안건을 의결할 것으로 알려졌다. 사진은 4일 서울 종로구 KT 본사의 모습. 2025.11.04. mangusta@newsis.com[서울=뉴시스] 심지혜 기자 = KT가 지난 9월 발생한 무단 소액결제 해킹 사고를 축소·은폐했다는 의혹과 관련해 위약금 면제 정책 실시 여부에 귀추가 주목되고 있다.정부 조사 과정에서 KT가 지난해 3월부터 7월까지 'BPF도어' 등 악성코드에 감염된 서버 43대를 발견하고도 정부에 신고하지 않고 자체 조치했던 사실이 확인됐다. 여기에 망 관리 부실로 불법 펨토셀 접속을 방치한 정황까지 추가로 드러났다.상황이 이렇자 KT를 향한 위약금 면제 요구가 거세지고 있다. 시민단체 YMCA는 ""KT가 작년에 이와 같은 악성코드 감염 사실을 자진신고하고 투명하게 공개했다면, 올해 발생한 소액결제 피해 및 일련의 사이버 침해사고를 미연에 방지하거나 보다 신속히 대응할 수 있었을 것""이라며 ""이러한 사건 은폐 행태는 단순한 실수나 대응 지연이 아닌, 해킹 사실을 숨기고 이용자와 정부를 기만한 불법과 탈법으로 점철된 부도덕한 기업 운영의 결정체""라고 비판했다.이어 ""일련의 사태에 적극 책임져야 하며, 전 고객 위약금을 즉시 면제해야 한다""고 촉구했다.SKT 사태로 '특수' 누린 KT…악성코드 발각에 가입자 이탈 위기앞서 SK텔레콤 해킹 사고 발생 이후 번호이동 시장 규모가 급격히 커졌다. 올해 4월 69만954건에서 5월 93만3509건으로 급증했고, 6월에는 66만6618건을 기록했다. 특히 SK텔레콤이 위약금 면제를 결정한 7월에는 95만6863건으로 또 한 번 치솟았다.올해 4월 말 발생한 SK텔레콤의 유심 해킹 사고로 SK텔레콤은 번호이동으로 가입자가 대거 이탈했다. 2분기에 74만5000명, 3분기에 9만3000명이 빠져나가며 40%를 상회하던 점유율이 10년 만에 30%대로 떨어지는 초유의 사태가 발생했다.KT는 이 기회를 놓치지 않았다. SK텔레콤 해킹 사태가 한창이었던 올해 2분기에 65만6000명, 3분기에 42만9000명을 순증하며 2개 분기 동안 108만5000명의 가입자를 확보했다. 3분기 기준 KT 가입자 수는 2027만1000명에 달했다. 이로 인해 가입자당평균매출(ARPU)도 각각 2분기 380원, 3분기 59원씩 증가했다.그러나 이제 상황이 급반전됐다. 더 심각한 문제는 KT가 SK텔레콤 사태 당시 자사의 악성코드 감염 사실을 인지하고 있었음에도 이를 숨긴 채 가입자를 유치하기 위한 마케팅을 실시했다는 비난을 받고 있다.이에 자칫하면 2개 분기 동안 쌓아올린 가입자 순증 성과가 수포로 돌아갈 수도 있는 위기에 직면한 상황이다.'어부지리' LGU+…SKT 이어 KT 사고로 또 이익 얻나SK텔레콤과 KT의 연이은 보안 사태 틈을 타고 LG유플러스는 조용히 반사이익을 누리고 있다. SK텔레콤 가입자 이탈에 힘입어 LG유플러스는 2분기 22만3000명, 3분기 4만4000명이 순증했다. 가입자도 늘었지만 ARPU 상승폭이 더욱 두드러진다. 2분기에 165원, 3분기에 430원이 증가하며 알짜 고객 확보에 성공한 것으로 분석된다.이에 더해 KT도 위약금 면제 결정을 내릴 경우 가입자 추가 확보가 가속화될 전망이다.다만 LG유플러스도 미국 보안 전문지 프랙이 해킹 의혹을 제기 상황이라 의혹의 눈초리가 가시지 않고 있다. LG유플러스는 최근 침해 사실을 한국인터넷진흥원(KISA)에 신고하면서도 ""침해사고 발생 여부는 확인되지 않았다""고 주장했다.또 앞서 KT와 함께 과기정통부가 BPF도어 감염 여부를 점검할 때에도 해킹 정황이 없다고 보고했다. 하지만 KT처럼 뒤늦게 침해 사실이 드러나는 것 아니냐는 관측이 제기된다．"
https://n.news.naver.com/mnews/article/003/0013588888?sid=105,2025-11-09 09:00:00,IT/과학,"LGU+, 우수 대리점 협력사 시상…""동반성장 가속화 원년""","LG유플러스, 기업부문 파트너 컨벤션 개최연평균 30% 매출 성장한 비플, 대상 수상""파트너사와 새로운 성장 전환점 만들 것""[서울=뉴시스] LG유플러스는 대리점 파트너사와 함께 성장 비전을 공유하고 상생 협력 의지를 다지는 '2025 기업부문 파트너 컨벤션'을 개최했다고 9일 밝혔다. 사진은 지난 7일 서울 송파구 시그니엘 서울에서 열린 행사에서 (왼쪽부터) 홍범식 LG유플러스 사장, 송종희 온파워네트웍스 대표, 김찬국 비엔에프 대표, 이상범 비플 대표, 류수석 엑티브아이티 대표, 김성남 드레니 대표, 권용현 LG유플러스 기업부문장이 기념 촬영하는 모습. (사진=LG유플러스 제공) 2025.11.09. photo@newsis.com *재판매 및 DB 금지[서울=뉴시스]박은비 기자 = LG유플러스는 대리점 파트너사와 함께 성장 비전을 공유하고 상생 협력 의지를 다지는 '2025 기업부문 파트너 컨벤션'을 개최했다고 9일 밝혔다.지난 7일 오후 서울 송파구 시그니엘서울 그랜드볼룸에서 열린 이번 행사는 한 해 동안 기업파트너사들의 성과를 격려하고 우수 영업 사례를 공유하는 자리로 마련됐다.이번 컨벤션에는 전국 주요 기업파트너사 대표 70여명과 LG유플러스 임직원 등 약 100여명이 참석했다. 이날 특별강연을 맡은 박용준 삼진어묵 대표는 기업가 정신을 주제로 ""지속 가능한 성장은 끊임 없는 실험과 실행에서 비롯된다""며 ""고객의 변화를 기회로 삼는 자세가 필요하다""고 강조했다.시상식에서는 연평균 30% 매출 성장을 달성한 비플의 이상범 대표가 기업파트너 대상을, 교육시장 고객사 확보에 앞장선 온파워네트웍스의 송종희 대표가 최우수상을 수상했다. LG유플러스는 수상자에게 마스터스 재킷을 모티브로 특별 시상을 진행했다.또 LG유플러스의 차량 관제 디지털전환(DX) 솔루션 'U+ 커넥트'를 수주한 드레니와 기업용 통화 솔루션 '인공지능(AI)비즈콜 by ixi' 고객사 확보에 앞장선 비엔에프가 우수 사례를 공유했다.LG유플러스는 이번 행사에서 기업파트너사와의 지속적인 협력 관계를 강화하고, 공동의 성장 목표를 향해 나아가겠다는 의지를 다졌다. 회사는 올해를 '동반성장 가속화 원년'으로 삼아 영업 지원 프로그램 고도화, AI 기반 영업도구 도입, 파트너 역량 강화 교육 등 다양한 상생 전략을 추진하고 있다.권용현 LG유플러스 기업부문장(전무)은 ""고객가치 실현의 최전선에 있는 기업파트너사 대표들의 헌신에 깊이 감사드린다""며 ""파트너사와 함께 새로운 성장의 전환점을 만들어가며 더 큰 도약을 이루겠다""고 말했다．"
https://n.news.naver.com/mnews/article/014/0005431554?sid=105,2025-11-09 09:01:12,IT/과학,"LG U+, 우수 파트너사와 2025 성장 비전 공유","홍범식 LG유플러스 사장, 송종희 온파워네트웍스 대표, 김찬국 비엔에프 대표, 이상범 비플 대표, 류수석 엑티브아이티 대표, 김성남 드레니 대표, 권용현 LG유플러스 기업부문장(왼쪽부터)이 지난 7일 서울 송파구 시그니엘서울 그랜드볼룸에서 열린 기업 딜러컨벤션 행사에서 기념촬영을 하고 있는 모습. LG유플러스 제공LG유플러스는 기업 고객 비즈니스의 핵심 대리점 파트너사와 함께 성장 비전을 공유하고 상생 협력의 의지를 다지는 ‘2025 기업부문 파트너 컨벤션’을 개최했다고 9일 밝혔다.지난 7일 오후 서울 송파구 시그니엘서울 그랜드볼룸에서 열린 이번 행사는 한 해 동안 기업파트너사들의 성과를 격려하고 우수 영업 사례를 공유하며 상호 성장의 기반을 다지는 자리로 마련됐다.이번 컨벤션에는 전국 주요 기업파트너사 대표 70여명과 LG유플러스 임직원 등 약 100여명이 참석했으며 초청 강연과 성과 리뷰, 시상식, 만찬, 축하 공연 등 다채로운 프로그램이 진행됐다.특히 삼진어묵 박용준 대표가 ‘기업가 정신’을 주제로 진행한 특강은 도전과 혁신을 강조하며 큰 호응을 얻었다. 박 대표는 “지속 가능한 성장은 끊임없는 실험과 실행에서 비롯된다”며 “고객의 변화를 기회로 삼는 자세가 필요하다”고 전했다.시상식에서는 연 평균 30% 매출 성장을 달성한 비플 이상범 대표가 기업파트너 대상을, 교육시장 고객사 확보에 앞장선 온파워네트웍스 송종희 대표가 최우수상을 각각 수상했다. LG유플러스는 수상자에게 ‘마스터스 재킷’을 모티브로 한 특별 시상을 진행해 협력의 의미를 더했다.또한 LG유플러스 차량 관제 디지털전환(DX) 솔루션 ‘U+커넥트’ 수주에 성공한 드레니와 기업용 통화 솔루션 ‘AI비즈콜 by ixi’ 고객사 확보에 앞장선 비엔에프가 영업 우수 사례를 공유했다.LG유플러스는 이번 행사를 통해 기업파트너사와의 지속적인 협력 관계를 강화하고 공동의 성장 목표를 향해 나아가겠다는 의지를 밝혔다. 회사는 올해를 ‘동반성장 가속화의 원년’으로 삼아 영업 지원 프로그램 고도화, 인공지능(AI) 기반 영업도구 도입, 파트너 역량 강화 교육 등 다양한 상생 전략을 추진할 계획이다.권용현 LG유플러스 기업부문장(전무)은 “고객가치 실현의 최전선에 있는 기업파트너사 대표님들의 헌신에 깊이 감사드린다”며 “파트너와 함께 새로운 성장의 전환점을 만들어가며 더 큰 도약을 이루겠다”고 말했다."
https://n.news.naver.com/mnews/article/092/0002397572?sid=105,2025-11-09 09:19:10,IT/과학,"""파트너와 함께 성장""…LGU+, B2B 상생 비전 공유","전국 주요 기업파트너사 70여 곳 참여…성과 공유·우수사례 시상LG유플러스는 서울 송파구 시그니엘서울에서 ‘2025 기업부문 파트너 컨벤션’을 열고 주요 B2B 대리점 파트너사와 성장 비전을 공유했다고 9일 밝혔다.지난 7일에 개최한 이번 행사는 한 해 동안의 성과를 격려하고 우수 사례를 공유하기 위해 마련됐다. 전국 주요 기업파트너사 대표 70여명과 LG유플러스 임직원 등 약 100명이 참석했으며, 초청 강연·성과 리뷰·시상식·만찬·축하 공연 등이 진행됐다.박용준 삼진어묵 대표는 ‘기업가 정신’을 주제로 강연을 진행해 “지속 가능한 성장은 끊임없는 실험과 실행에서 비롯된다”며 “고객의 변화를 기회로 삼는 자세가 필요하다”고 말했다.시상식에서는 연평균 30% 매출 성장을 이룬 이상범 비플 대표가 기업파트너 대상을, 교육시장 고객사 확대에 기여한 송종희 온파워네트웍스 대표가 최우수상을 받았다. 수상자에게는 ‘마스터스 재킷’을 모티브로 한 특별 시상이 이뤄졌다.또 차량 관제 디지털전환(DX) 솔루션 ‘U+커넥트’ 수주에 성공한 드레니와 기업용 통화 솔루션 ‘AI비즈콜 by ixi’ 영업을 주도한 비엔에프가 영업 우수 사례를 발표했다.LG유플러스는 올해를 ‘동반성장 가속화의 원년’으로 삼고 영업 지원 프로그램 고도화, AI 기반 영업도구 도입, 파트너 역량 강화 교육 등을 추진할 계획이다.권용현 LG유플러스 기업부문장은 “고객가치 실현의 최전선에 있는 기업파트너사 대표님들의 헌신에 깊이 감사드린다”며 “파트너와 함께 새로운 성장의 전환점을 만들어가며 더 큰 도약을 이루겠다”고 말했다."
https://n.news.naver.com/mnews/article/008/0005275407?sid=105,2025-11-09 10:00:00,IT/과학,"이통3사 3Q 영업익 7483억, 전년比 40% 급감... 커지는 불확실성","3Q 기준 이통3사 영업익 합계, 2020년 이후 5년만에 1조 하회SKT 4Q에도 매출감소 지속 전망KT·LGU+ 경찰수사 등 해킹 변수 여전(서울=뉴스1) 이호윤 기자 = SK텔레콤(SKT)의 대규모 고객 유심(USIM) 정보 해킹사태에 대해 개인정보 분쟁조정위원회가 분쟁조정 신청인들에게 각 30만 원의 손해배상금을 지급하라는 조정안을 밝힌 4일 서울 도심의 한 SK텔레콤(SKT) 매장 앞으로 시민들이 지나가고 있다. 2025.11.4/뉴스1 Copyright (C) 뉴스1. All rights reserved. 무단 전재 및 재배포, AI학습 이용 금지. /사진=(서울=뉴스1) 이호윤 기자SK텔레콤, KT, LG유플러스 등 이동통신 3사의 3분기 영업이익 합계가 1조원 밑으로 떨어졌다. 3분기 기준 이통 3사 영업이익 합계가 1조원 밑으로 떨어진 것은 2020년 이후 5년만에 처음이다. SK텔레콤이 해킹 사태로 매출 감소에 비용 증가로 이익이 급감한 데다 LG유플러스가 희망퇴직으로 인한 비용이 증가한 영향이다.4분기 이후에도 해킹 등에 따른 불확실성이 이통 3사 실적의 발목을 잡을 것으로 보인다. KT가 상대적으로 양호한 실적 흐름을 이어가고 있지만 해킹 사태와 관련한 민관합동조사단의 조사나 경찰 수사 결과가 어떻게 나올지에 따라 추후 과징금 및 손해배상 소송 등의 규모가 정해질 전망이다.9일 통신업계에 따르면 이통3사의 3분기 연결 기준 영업이익 합계는 7483억원으로 전년 동기(1조2434억원) 대비 39.82% 줄었다. 이통 3사 3분기 영업이익 합계가 1조원을 밑돈 것은 2020년 3분기(9050억원) 이후 5년만이다.7월부터 대규모 고객 보상 프로그램을 운영하고 있는 SK텔레콤이 가입자 이탈에 따른 매출 감소에 대규모 프로모션에 따른 비용 증가 등 영향으로 영업이익이 전년 동기 대비 90.92% 감소한 484억원을 기록한 영향이 크다. LG유플러스도 희망퇴직 영향으로 1500억원의 일회성 인건비 비용이 발생해 영업이익이 전년 동기 대비 34.27% 감소했다.KT만 부동산 일회성 이익 반영과 자회사 KT클라우드 등의 선전 등에 힘입어 전년 동기 대비 15.97% 증가한 5382억원의 영업이익을 기록했다.투자정보업체 에프앤가이드가 집계한 컨센서스(증권사 전망치 평균)에 따르면 올 4분기 이통 3사 영업이익 합계는 8297억원으로 예상된다. 지난해 4분기 KT가 대규모 구조조정을 단행한 영향으로 6551억원의 영업손실이 발생했을 당시 3사 영업이익 합계는 마이너스(-) 2588억원이었다.[서울=뉴시스] 정병혁 기자 = 해커가 불법 KT 펨토셀을 이용해 단말기와 통신망 사이 암호화 체계를 뚫고 소액결제 인증정보를 빼냈던 것으로 나타났다. 과학기술정보통신부는 KT 침해사고 민관합동조사단의 중간조사 결과를 6일 발표했다. 조사단은 불법 펨토셀을 통해 결제 인증정보 뿐만 아니라 문자, 음성통화 탈취가 가능한지에 대해서도 전문가 자문 및 추가 실험 등을 통해 조사해 나갈 계획이다. 사진은 6일 서울시내 KT 대리점. 2025.11.06. /사진=정병혁문제는 이같은 전망이 불확실하다는 데 있다. KT와 LG유플러스의 컨센서스에는 최근 불거진 해킹과 관련한 영향이 반영되지 않았다. 지난 7일 KT의 3분기 실적 발표와 함께 진행된 컨퍼런스콜에서 장민 KT 재무실장은 ""3분기까지 안정적 실적을 보여왔고 2025년 연간으로도 매출 성장, 수익성 개선 노력, 각종 일회성 이익들, 핵심 그룹사 성장 등을 고려할 때 연결·별도 기준 모두 전년 대비 성장할 것""이라면서도 배당이나 자사주 매입 등 기존 주주가치 제고 계획이 현 수준으로 유지될 수 있을지에 대해서는 말을 아꼈다. LG유플러스 컨퍼런스콜에서도 해킹 영향과 관련한 언급은 없었다.그러나 KT는 해킹 정황이 남아 있었을 것으로 추정되는 서버를 무단으로 폐기했다는 의혹으로 경찰 수사를 받고 있다. 또 과학기술정보통신부는 민관합동 조사단을 꾸려 KT의 침해사고 관련 조사를 진행 중이다. 이미 지난 6일 중간 조사결과를 통해 KT가 악성코드에 감염된 서버를 자체 조치했다는 사실이 밝혀졌고 해당 서버에 성명, 전화번호, 이메일주소, IMEI(단말기 식별번호) 등 정보가 저장돼 있다는 사실도 확인됐다. 아울러 KT는 전체 고객에 대한 유심 무료 교체를 진행 중이다. 증권가에서는 해당 비용이 800억~1000억원에 이를 것으로 추정했다. 여기에 개인정보보호위원회 등 당국의 과징금 제재 등 불확실성도 있다.LG유플러스는 상대적으로 해킹 관련 리스크가 크지 않지만 역시 해킹 정황이 발생한 서버를 폐기하거나 운영체제를 재설치한 정황이 있어 논란이 일고 있다. LG유플러스도 현재 경찰로부터 입건 전 조사를 받고 있어 불확실성이 남아 있는 상황이다.한편 SK텔레콤은 4분기 4조3091억원의 매출에 1999억원의 영업이익을 기록할 것으로 예상된다. 각각 전년 동기 대비 4.49%, 21.33% 감소한 수준이다. 김양섭 SK텔레콤 CFO(최고재무책임자)는 지난달 30일 컨퍼런스콜 당시 ""지난 8월 50% 요금할인이 3분기 실적 부진에 영향이 가장 컸다""고 설명했다. 김 CFO는 ""4분기에도 일정 부분 매출 감소를 예상하지만 3분기보다 부정적 영향이 현저히 줄어들 것""이라고 밝혔다."
https://n.news.naver.com/mnews/article/031/0000979168?sid=105,2025-11-09 10:03:08,IT/과학,"LGU+, 우수 파트너사와 2025 성장 비전 공유","파트너사 대표·LGU+ 임직원 등 약 100여명 참석LG유플러스는 기업 고객 비즈니스의 핵심 대리점 파트너사와 함께 성장 비전을 공유하고 상생 협력의 의지를 다지는 2025 기업부문 파트너 컨벤션을 개최했다고 9일 밝혔다.왼쪽부터 홍범식 LG유플러스 대표, 송종희 온파워네트웍스 대표, 김찬국 비엔에프 대표, 이상범 비플 대표, 류수석 엑티브아이티 대표, 김성남 드레니 대표, 권용현 LG유플러스 기업부문장이 지난 7일 서울 송파구 시그니엘서울 그랜드볼룸에서 열린 기업 딜러컨벤션 행사에서 기념촬영을 하고 있는 모습. [사진=LGU+]이 행사는 한 해 동안 기업파트너사들의 성과를 격려하고 우수 영업 사례를 공유하며 상호 성장의 기반을 다지는 자리로 마련됐다. 전국 주요 기업파트너사 대표 70여명과 LG유플러스 임직원 등 약 100여명이 참석했다. 초청 강연과 성과 리뷰, 시상식, 만찬, 축하 공연 등이 진행됐다.시상식에서는 연 평균 30% 매출 성장을 달성한 비플 이상범 대표가 기업파트너 대상을, 교육시장 고객사 확보에 앞장선 온파워네트웍스 송종희 대표가 최우수상을 각각 수상했다. LG유플러스는 수상자에게 마스터스 재킷을 모티브로 한 특별 시상을 진행해 협력의 의미를 더했다.LG유플러스는 기업파트너사와의 지속적인 협력 관계를 강화하고 공동의 성장 목표를 향해 나아가겠다는 의지를 밝혔다. 회사는 올해를 동반성장 가속화의 원년으로 삼아 영업 지원 프로그램 고도화, 인공지능(AI) 기반 영업도구 도입, 파트너 역량 강화 교육 등 다양한 상생 전략을 추진할 계획이다.권용현 LG유플러스 기업부문장(전무)은 ""고객가치 실현의 최전선에 있는 기업파트너사 대표님들의 헌신에 깊이 감사드린다""며 ""파트너와 함께 새로운 성장의 전환점을 만들어가며 더 큰 도약을 이루겠다""고 말했다."
https://n.news.naver.com/mnews/article/138/0002209096?sid=105,2025-11-09 12:32:14,IT/과학,"LGU+, 우수 파트너사와 2025 성장 비전 공유","[디지털데일리 강소현기자] LG유플러스는 기업 고객 비즈니스의 핵심 대리점 파트너사와 성장 비전을 공유하는 ‘2025 기업부문 파트너 컨벤션’을 개최했다고 9일 밝혔다.지난 7일 오후 서울 송파구 시그니엘서울 그랜드볼룸에서 열린 이번 행사는 한 해 동안 기업파트너사들의 성과를 격려하고, 우수 영업 사례를 공유하며 상호 성장의 기반을 다지기 위해 마련됐다.이번 컨벤션에는 전국 주요 기업파트너사 대표 70여 명과 LG유플러스 임직원 등 약 100여 명이 참석했다.시상식에선 연평균 30% 매출 성장을 달성한 비플 이상범 대표가 기업파트너 대상을, 교육시장 고객사 확보에 앞장선 온파워네트웍스 송종희 대표가 최우수상을 각각 수상했다.LG유플러스는 수상자에게 ‘마스터스 재킷’을 모티브로 한 특별 시상을 진행해 협력의 의미를 더했다.또 LG유플러스의 차량 관제 디지털전환(DX) 솔루션 ‘U+커넥트’의 수주에 성공한 드레니와 기업용 통화 솔루션 ‘AI비즈콜 by ixi’ 고객사 확보에 앞장선 비엔에프가 영업 우수 사례를 공유했다.LG유플러스는 이번 행사를 통해 기업파트너사와의 지속적인 협력 관계를 강화하고 공동의 성장 목표를 향해 나아가겠다는 의지를 밝혔다.회사는 올해 동반성장 가속화의 원년으로 삼아 영업 지원 프로그램 고도화와 AI 기반 영업도구 도입, 파트너 역량 강화 교육 등 다양한 상생 전략을 추진할 계획이다.권용현 LG유플러스 기업부문장(전무)은 “고객가치 실현의 최전선에 있는 기업파트너사 대표님들의 헌신에 깊이 감사드린다”며 “파트너와 함께 새로운 성장의 전환점을 만들어가며 더 큰 도약을 이루겠다”고 말했다."
https://n.news.naver.com/mnews/article/382/0001234669?sid=105,2025-11-09 17:00:13,IT/과학,"LGU+, 우수 파트너사와 성장 비전 공유","LG유플러스는 기업 고객 비즈니스 핵심 대리점 파트너사와 함께 성장 비전을 공유하고 상생 협력 의지를 다지는 ‘2025 기업 부문 파트너 컨벤션’을 서울 송파 시그니엘서울 그랜드볼룸에서 7일 개최했다. 기업파트너사들의 성과를 격려하고, 우수 영업 사례를 공유하며 상호 성장 기반을 다지는 자리로 마련했다.이번 컨벤션에는 전국 주요 기업파트너사 대표 70여 명과 LG유플러스 임직원 등 100여 명이 참석했다. 초청 강연과 성과 리뷰, 시상식, 만찬, 축하 공연 등 다양한 프로그램이 진행됐다. 특히, 삼진어묵 박용준 대표가 ‘기업가 정신’을 주제로 진행한 특강이 큰 호응을 얻었다. 박 대표는 “지속 가능한 성장은 끊임없는 실험과 실행에서 비롯된다”며 “고객의 변화를 기회로 삼는 자세가 필요하다”고 말했다.시상식에선 연평균 30% 매출 성장을 달성한 비플 이상범 대표가 기업파트너 대상을, 교육시장 고객사 확보에 앞장선 온파워네트웍스 송종희 대표가 최우수상을 각각 받았다.또 LG유플러스의 차량 관제 DX(디지털전환) 솔루션 ‘U+커넥트’의 수주에 성공한 드레니와 기업용 통화 설루션 ‘AI비즈콜 by ixi’ 고객사 확보에 앞장선 비엔에프가 영업 우수 사례를 공유했다.LG유플러스는 이번 행사를 통해 기업파트너사와의 지속적인 협력 관계를 강화하고, 공동의 성장 목표를 향해 나아가겠다는 의지를 밝혔다. 올해를 ‘동반성장 가속화의 원년’으로 삼아 영업 지원 프로그램 고도화, AI 기반 영업 도구 도입, 파트너 역량 강화 교육 등 다양한 상생 전략을 추진할 계획이다.권용현 LG유플러스 기업부문장(전무)은 “파트너와 함께 새로운 성장의 전환점을 만들어가며 더 큰 도약을 이루겠다”고 말했다."
https://n.news.naver.com/mnews/article/014/0005431717?sid=105,2025-11-09 18:10:22,IT/과학,"LG U+, 우수 파트너사와 성장 비전 공유","기업부문 파트너 컨벤션 열어LG유플러스는 기업 고객 비즈니스의 핵심 대리점 파트너사와 함께 성장 비전을 공유하고 상생 협력의 의지를 다지는 '2025 기업부문 파트너 컨벤션'을 개최했다고 9일 밝혔다.지난 7일 오후 서울 송파구 시그니엘서울 그랜드볼룸에서 열린 이번 행사는 한 해 동안 기업파트너사들의 성과를 격려하고 우수 영업 사례를 공유하며 상호 성장의 기반을 다지는 자리로 마련됐다.이번 컨벤션에는 전국 주요 기업파트너사 대표 70여명과 LG유플러스 임직원 등 약 100여명이 참석했으며 초청 강연과 성과 리뷰, 시상식, 만찬, 축하 공연 등 다채로운 프로그램이 진행됐다. 특히 삼진어묵 박용준 대표가 '기업가 정신'을 주제로 진행한 특강은 도전과 혁신을 강조하며 큰 호응을 얻었다. 박 대표는 ""지속 가능한 성장은 끊임없는 실험과 실행에서 비롯된다""며 ""고객의 변화를 기회로 삼는 자세가 필요하다""고 전했다.시상식에서는 연 평균 30% 매출 성장을 달성한 비플 이상범 대표가 기업파트너 대상을, 교육시장 고객사 확보에 앞장선 온파워네트웍스 송종희 대표가 최우수상을 각각 수상했다."
https://n.news.naver.com/mnews/article/008/0005275565?sid=105,2025-11-10 04:09:00,IT/과학,"'해킹 후폭풍' 이통3사, 영업익 40% 급감","SKT 가입자 이탈, LGU+ 희망퇴직 비용 등 여파KT만 부동산 이익 등 선방… 4분기 불확실성 여전이통3사 3/그래픽=김현정SK텔레콤, KT, LG유플러스 이동통신 3사의 올해 3분기 영업이익 합계가 40% 가까이 급감하며 1조원 밑으로 떨어졌다. 이후에도 해킹 등에 따른 불확실성이 실적의 발목을 잡을 것으로 보인다.9일 통신업계에 따르면 이통3사의 3분기 연결기준 영업이익 합계는 7483억원으로 전년 동기(1조2434억원) 대비 39.82% 감소했다. 3분기 기준 3사 영업이익 합계가 1조원 밑으로 떨어진 것은 2020년(3분기 9050억원) 이후 5년 만에 처음이다. SK텔레콤이 해킹사태에 따른 매출감소와 비용증가로 이익이 급감한 데다 LG유플러스는 희망퇴직으로 비용이 증가한 영향이다.SK텔레콤은 가입자 이탈에 따른 매출감소와 대규모 프로모션 비용증가 등으로 영업이익이 90.92% 줄어든 484억원을 기록했다. LG유플러스는 희망퇴직 영향으로 1500억원의 일회성 인건비가 발생하며 영업이익이 34.27% 줄었다. KT만 부동산 일회성 이익반영과 자회사 KT클라우드 등의 선전에 힘입어 15.97% 증가한 5382억원의 영업이익을 기록했다.4분기 이후에도 해킹 등에 따른 불확실성이 실적의 발목을 잡을 전망이다. 에프앤가이드가 집계한 컨센서스(증권사 전망치 평균)에 따르면 올 4분기 이통3사의 영업이익 합계는 8297억원으로 예상된다. 하지만 이 수치에는 KT의 해킹사태와 관련한 민관합동조사단의 조사나 경찰 수사결과에 따른 과징금 및 손해배상 소송 등의 영향이 반영되지 않았다.지난 7일 KT의 3분기 실적발표와 함께 진행된 콘퍼런스콜에서 장민 재무실장은 ""3분기까지 안정적 실적을 보여왔고 2025년 연간으로도 매출성장, 수익성 개선노력, 각종 일회성 이익, 핵심그룹사 성장 등을 고려할 때 연결·별도기준 모두 전년 대비 성장할 것""이라면서도 배당이나 자사주 매입 등 기존 주주가치 제고계획이 현 수준으로 유지될 수 있을지에 대해서는 말을 아꼈다.KT는 해킹정황이 남아 있을 것으로 추정되는 서버를 무단폐기했다는 의혹으로 경찰 수사를 받고 있다.과학기술정보통신부가 꾸린 민관합동조사단이 지난 6일 발표한 중간조사 결과에 따르면 KT는 악성코드에 감염된 서버를 자체조치했는데 해당 서버에 성명, 전화번호, 이메일주소, IMEI(단말기식별번호) 등 정보가 저장돼 있었다. KT는 현재 전체 고객을 대상으로 유심(범용가입자식별모듈) 무료교체를 진행 중이다. 증권가에서는 해당 비용이 800억~1000억원에 이를 것이라고 추정했다. 개인정보보호위원회 등 당국의 과징금 제재 등도 예상된다. LG유플러스도 해킹정황이 발생한 서버를 폐기하거나 운영체제를 재설치한 정황으로 인해 경찰로부터 입건 전 조사를 받고 있어 불확실성이 커진 상황이다.SK텔레콤은 4분기에 4조3091억원의 매출과 1999억원의 영업이익이 예상된다. 각각 전년 동기 대비 4.49%, 21.33% 감소한 수준이다. 김양섭 SK텔레콤 CFO(최고재무책임자)는 지난달 30일 열린 콘퍼런스콜에서 ""지난 8월 50% 요금할인이 3분기 실적부진에 가장 큰 영향을 줬다""며 ""4분기에는 부정적 영향이 현저히 줄어들 것""이라고 밝혔다."
https://n.news.naver.com/mnews/article/003/0013589904?sid=105,2025-11-10 09:00:00,IT/과학,"""즉감력? 에이밍?""…LGU+, 내년 20대 트렌드 키워드 선정","LGU+ 20대 통신 브랜드 유쓰, 내년 키워드 5가지나다움 복수전공, 1인분의 낭만 등의 트렌드 발표[서울=뉴시스]박은비 기자 = LG유플러스의 20대 전용 통신 브랜드 유쓰(Uth)가 내년 대학생 트렌드 대표 키워드로 '나다움 복수전공'을 선정했다고 10일 밝혔다.나다움 복수전공은 최근 어른이 된 대학생들의 주된 고민인 나다운 모습을 찾는 것에서 파생됐다. 남이 말하는 이상적인 삶 대신 본 전공 외에 복수전공, 대외활동을 하며 나만의 서사를 쌓고 다양한 방향으로 자신만의 자아를 찾아간다는 의미다.유스는 지난해부터 다가올 트렌드를 정의하고 트렌드를 이끌 키워드를 선정해 발표하고 있다. 유쓰는 나다움 복수전공 외에도 ▲1인분의 낭만 ▲안티-퍼펙트 ▲즉감력 ▲AI-Me-ing(에이밍) 등을 트렌드 키워드로 공개했다.1인분의 낭만은 온전히 나를 만족시키는 경험과 극복 속에 성취감과 낭만을 느끼는 것을 말한다. 단순히 개인의 권리와 자율성을 우선하는 개인주의와는 달리 혼자 여행 계획을 세우고, 나만의 공간을 만드는 등 나 혼자도 할 수 있다는 자신감과 함께 나만의 삶을 가꿔내는 방법이다.완벽하지 않은 상태라도 공감이 되면 귀엽다고 생각하는 문화에서 파생된 안티-퍼펙트를 비롯해 10분 달리기나 하루에 한 문장 쓰기 등 긴 목표 대신 짧은 실행과 빠른 결과를 통해 스스로 동기부여하는 20대를 표현한 즉감력도 선정됐다.마지막 키워드는 에이밍이다. 대학생들은 인공지능(AI)이 나를 더 잘 도울 수 있도록 학습시키고, 학업·업무 등 외적인 것 외에 내적인 고민까지 위로해줄 수 있게 학습시키는 등 나를 닮은 도구로 일상 속에서 사용하고 있는 모습을 키워드에 담아냈다.LG유플러스는 이 키워드로 내년 유쓰 브랜드 방향성을 설정하고 20대를 타깃으로 한 마케팅 캠페인에 적극 활용하기로 했다.김다림 LG유플러스 IMC담당은 ""올해는 특히 AI 기반으로 실제 20대들이 많이 언급하는 키워드를 중심으로 다양한 이야기를 분석해 트렌드 키워드를 발표했다""며 ""내년에도 AI를 기반으로 20대 일상이 심플해지는 마케팅을 이어가겠다""고 말했다."
https://n.news.naver.com/mnews/article/001/0015732540?sid=105,2025-11-10 09:00:00,IT/과학,LGU+가 뽑은 내년 대학생 키워드는 '나다움 복수전공',"5가지 키워드 선정…'유쓰' 브랜드 마케팅 활용[LG유플러스 제공. 재판매 및 DB 금지](서울=연합뉴스) 박형빈 기자 = LG유플러스의 20대 전용 통신 브랜드 '유쓰'는 오는 2026년 대학생 대표 트렌드 키워드로 '나다움 복수전공' 등 5개를 선정했다고 10일 밝혔다.나다움 복수전공은 최근 어른이 된 대학생들이 남이 말하는 이상적 삶 대신 본 전공뿐만 아니라 복수전공, 대외활동을 하며 다양한 방향으로 자신만의 자아를 찾아간다는 의미에서 꼽았다.이외에는 ▲ 1인분의 낭만 ▲ 안티-퍼펙트 ▲ 즉감력 ▲ AI-ME-ing(에이밍) 등이 선정됐다.LG유플러스는 소셜 미디어에서 관측된 약 2천만건의 데이터를 기반으로 LG유플러스 대학생 서포터즈 '유쓰피릿'과 생활변화관측소·대학내일 등과 협업해 결과를 발표했다.LG유플러스는 이 키워드로 내년 유쓰의 브랜드 방향성을 설정하고 20대를 타깃으로 한 마케팅 캠페인에 적극 활용할 계획이다.binzz@yna.co.kr"
https://n.news.naver.com/mnews/article/092/0002397635?sid=105,2025-11-10 09:01:11,IT/과학,LGU+ 유쓰가 뽑은 대학생 트렌드 키워드는 ‘나다움 복수전공’,"나다움 복수전공·1인분의 낭만·안티-퍼펙트·즉감력·에이밍 등 5가지 키워드 선정LG유플러스 20대 전용 통신 브랜드 ‘유쓰(Uth)’가 선정한 2026년 대학생 트렌드 키워드에 ‘나다움 복수전공’이 꼽혔다.‘나다움 복수전공’은 최근 어른이 된 대학생들의 주된 고민인 ‘나다운 모습’을 찾는 것에서 파생됐다. 남이 말하는 이상적 삶 대신 본 전공뿐만 아니라 복수전공, 대외활동을 하며 나만의 서사를 구축하고 다양한 방향으로 자신만의 자아를 찾아간다는 의미에서 꼽았다.유쓰는 나다움 복수전공 외에도 #1인분의 낭만, #안티-퍼펙트, #즉감력, #AI-Me-ing(에이밍) 등 총 5가지를 2026년 대학생 트렌드 키워드로 선정했다.#1인분의 낭만은 온전히 나를 만족시키는 경험과 극복 속에 ‘성취감’과 ‘낭만’을 느끼는 형태를 말한다. 단순히 개인의 권리와 자율성을 우선하는 개인주의와는 다르게 혼자 여행 계획을 세우고, 나만의 공간을 만드는 등 나 혼자도 할 수 있다는 자신감과 함께 ‘나만의 삶’을 가꿔내는 방법이다.또 완벽하지 않은 상태여도 공감이 되면 ‘귀엽다’고 생각하는 문화에서 파생된 #안티-퍼펙트, 불확실한 시대에서 ‘10분 달리기’나 ‘하루에 한 문장 쓰기’ 등 긴 목표보다 짧은 실행과 빠른 결과를 통해 스스로 동기부여하는 20대를 표현한 #즉감력도 선정됐다.마지막 키워드는 #AI-Me-ing(에이밍)이다. 대학생들은 AI가 나를 더 잘 도울 수 있도록 학습시키고, 학업/업무 등 외적인 것 외에 내적인 고민까지 위로해줄 수 있게 학습시키는 등 ‘나’를 닮은 도구로 일상 속에서 사용하고 있다.2026년 5가지 키워드는 더 정확한 분석을 위해 소셜 미디어에서 관측된 약 2천만 건의 데이터를 기반으로 ▲LG유플러스 대학생 서포터즈 ‘유쓰피릿’ ▲AI와 빅데이터로 트렌드를 분석하는 ‘생활변화관측소’ ▲20대 전문 종합 에이전시 ‘대학내일’과 협업해 결과를 발표했다.LG유플러스는 이 키워드로 2026년 유쓰의 브랜드 방향성을 설정하고 20대를 타깃으로 한 마케팅 캠페인에 적극 활용할 계획이다.김다림 LG유플러스 IMC담당은 “올해는 특히 AI 기반으로 실제 20대들이 많이 언급하는 키워드를 중심으로 다양한 이야기를 분석해 트렌드 키워드를 발표했다”며 “2026년에도 AI 기반으로 20대의 일상이 심플해지는 마케팅을 이어가겠다”고 말했다."
https://n.news.naver.com/mnews/article/016/0002555031?sid=105,2025-11-10 09:01:14,IT/과학,"LGU+, 2026년 대학생 트렌드 키워드로 ‘나다움 복수전공’ 선정","20대 전용 통신 브랜드 ‘유쓰’ 빅데이터 분석“나다운 모습 고민·다양한 방향으로 탐구”키워드 활용해 대학생 겨냥 마케팅 진행LG유플러스 대학생 서포터즈인 ‘유쓰피릿’이 2026년 트렌드 키워드를 소개하고 있는 모습. [LG유플러스 제공][헤럴드경제=권제인 기자] LG유플러스의 20대 전용 통신 브랜드 ‘유쓰(Uth)’가 2026년 대학생 트렌드 키워드로 ‘나다움 복수전공’을 선정했다고 10일 밝혔다.‘나다움 복수전공’은 최근 어른이 된 대학생들의 주된 고민인 ‘나다운 모습’을 찾는 것에서 파생됐다. 남이 말하는 이상적 삶 대신 본 전공뿐만 아니라 복수전공, 대외활동을 하며 나만의 서사를 구축하고 다양한 방향으로 자신만의 자아를 찾아간다는 의미에서 꼽았다.유쓰는 나다움 복수전공 외에도 ▷1인분의 낭만 ▷안티-퍼펙트 ▷즉감력 ▷AI-Me-ing(에이밍) 등 총 5가지를 2026년 대학생 트렌드 키워드로 선정했다.‘1인분의 낭만’은 온전히 나를 만족시키는 경험과 극복 속에 성취감과 낭만을 느끼는 형태를 말한다. 단순히 개인의 권리와 자율성을 우선하는 개인주의와는 다르게 혼자 여행 계획을 세우고, 나만의 공간을 만드는 등 나 혼자도 할 수 있다는 자신감과 함께 나만의 삶을 가꿔내는 방법이다.또 완벽하지 않은 상태여도 공감이 되면 귀엽다고 생각하는 문화에서 파생된 ‘안티-퍼펙트’, 불확실한 시대에서 10분 달리기나 하루에 한 문장 쓰기 등 긴 목표보다 짧은 실행과 빠른 결과를 통해 스스로 동기부여하는 20대를 표현한 ‘즉감력’도 선정됐다.마지막 키워드는 ‘AI-Me-ing’이다. 대학생들은 인공지능(AI)이 나를 더 잘 도울 수 있도록 학습시키고, 학업·업무 등 외적인 것 외에 내적인 고민까지 위로해줄 수 있게 학습시키는 등 나를 닮은 도구로 일상에서 사용하고 있다.유쓰는 2024년부터 트렌드를 이끌 키워드를 선정해 발표하고 있다. 올해에는 더 정확한 분석을 위해 소셜 미디어에서 관측된 약 2000만건의 데이터를 기반으로 ▷LG유플러스 대학생 서포터즈 ‘유쓰피릿’ ▷AI와 빅데이터로 트렌드를 분석하는 ‘생활변화관측소’ ▷20대 전문 종합 에이전시 ‘대학내일’과 협업해 결과를 발표했다.LG유플러스는 이 키워드로 2026년 유쓰의 브랜드 방향성 설정하고 20대를 타깃으로 한 마케팅 캠페인에 적극 활용할 계획이다.김다림 LG유플러스 IMC담당은 “올해는 특히 AI 기반으로 실제 20대들이 많이 언급하는 키워드를 중심으로 다양한 이야기를 분석해 트렌드 키워드를 발표했다”며 “2026년에도 AI 기반으로 20대의 일상이 심플해지는 마케팅을 이어가겠다”고 말했다."
https://n.news.naver.com/mnews/article/119/0003022871?sid=105,2025-11-10 09:01:15,IT/과학,"'나다움 복수전공·즉감력'…LGU+, 2026 MZ 캠퍼스 트렌드 제시","생활변화관측소와 협업해AI로 빅데이터 분석LG유플러스 대학생 서포터즈인‘유쓰피릿’이2026년 트렌드 키워드를 소개하고 있는 모습.ⓒLG유플러스[데일리안 = 조인영 기자] LG유플러스는 20대 전용 통신 브랜드 ‘유쓰(Uth)’가 2026년 대학생 트렌드 키워드를 선정했다고 10일 밝혔다. 2024년부터 유쓰는 다가올 트렌드를 정의하고, 트렌드를 이끌 키워드를 선정해 발표하고 있다.대표 키워드는 ‘나다움 복수전공’이다. ‘나다움 복수전공’은 최근 어른이 된 대학생들의 주된 고민인 ‘나다운 모습’을 찾는 것에서 파생됐다. 남이 말하는 이상적 삶 대신 본 전공뿐만 아니라 복수전공, 대외활동을 하며 나만의 서사를 구축하고 다양한 방향으로 자신만의 자아를 찾아간다는 의미에서 꼽았다.유쓰는 나다움 복수전공 외에도 #1인분의 낭만, #안티-퍼펙트, #즉감력, #AI-Me-ing(에이밍) 등 총 5가지를 2026년 대학생 트렌드 키워드로 선정했다.#1인분의 낭만은 온전히 나를 만족시키는 경험과 극복 속에 ‘성취감’과 ‘낭만’을 느끼는 형태를 말한다. 단순히 개인의 권리와 자율성을 우선하는 개인주의와는 다르게 혼자 여행 계획을 세우고, 나만의 공간을 만드는 등 나 혼자도 할 수 있다는 자신감과 함께 ‘나만의 삶’을 가꿔내는 방법이다.완벽하지 않은 상태여도 공감이 되면 ‘귀엽다’고 생각하는 문화에서 파생된 #안티-퍼펙트, 불확실한 시대에서 ‘10분 달리기’나 ‘하루에 한 문장 쓰기’ 등 긴 목표보다 짧은 실행과 빠른 결과를 통해 스스로 동기부여하는 20대를 표현한 #즉감력도 선정됐다.마지막 키워드는 #AI-Me-ing(에이밍)이다. 대학생들은 AI가 나를 더 잘 도울 수 있도록 학습시키고, 학업/업무 등 외적인 것 외에 내적인 고민까지 위로해줄 수 있게 학습시키는 등 ‘나’를 닮은 도구로 일상 속에서 사용하고 있다.2026년 5가지 키워드는 더 정확한 분석을 위해 소셜 미디어에서 관측된 약 2000만 건의 데이터를 기반으로 ▲LG유플러스 대학생 서포터즈 ‘유쓰피릿’, ▲AI와 빅데이터로 트렌드를 분석하는 ‘생활변화관측소’, ▲20대 전문 종합 에이전시 ‘대학내일’과 협업해 결과를 발표했다.LG유플러스는 이 키워드로 2026년 유쓰의 브랜드 방향성을 설정하고 20대를 타깃으로 한 마케팅 캠페인에 적극 활용할 계획이다.김다림 LG유플러스 IMC담당은 “올해는 특히 AI 기반으로 실제 20대들이 많이 언급하는 키워드를 중심으로 다양한 이야기를 분석해 트렌드 키워드를 발표했다”며 “2026년에도 AI 기반으로 20대의 일상이 심플해지는 마케팅을 이어가겠다”고 말했다."
https://n.news.naver.com/mnews/article/014/0005431864?sid=105,2025-11-10 09:03:11,IT/과학,LG U+ 유쓰 대학생 트렌드 키워드는 ‘나다움 복수전공’,"LG유플러스 대학생 서포터즈인 ‘유쓰피릿’이 2026년 트렌드 키워드를 소개하고 있는 모습. LG유플러스 제공LG유플러스는 자사 20대 전용 통신 브랜드 ‘유쓰’가 2026년 대학생 트렌드 키워드를 선정했다고 10일 밝혔다.대표 키워드는 ‘나다움 복수전공’이다. ‘나다움 복수전공’은 최근 어른이 된 대학생들의 주된 고민인 ‘나다운 모습’을 찾는 것에서 파생됐다. 남이 말하는 이상적 삶 대신 본 전공뿐만 아니라 복수전공, 대외활동을 하며 나만의 서사를 구축하고 다양한 방향으로 자신만의 자아를 찾아간다는 의미에서 꼽았다.유쓰는 나다움 복수전공 외에도 #1인분의 낭만, #안티-퍼펙트, #즉감력, #AI-Me-ing(에이밍) 등 총 5가지를 2026년 대학생 트렌드 키워드로 선정했다.#1인분의 낭만은 온전히 나를 만족시키는 경험과 극복 속에 ‘성취감’과 ‘낭만’을 느끼는 형태를 말한다. 단순히 개인의 권리와 자율성을 우선하는 개인주의와는 다르게 혼자 여행 계획을 세우고 나만의 공간을 만드는 등 나 혼자도 할 수 있다는 자신감과 함께 ‘나만의 삶’을 가꿔내는 방법이다.또 완벽하지 않은 상태여도 공감이 되면 ‘귀엽다’고 생각하는 문화에서 파생된 #안티-퍼펙트, 불확실한 시대에서 ‘10분 달리기’나 ‘하루에 한 문장 쓰기’ 등 긴 목표보다 짧은 실행과 빠른 결과를 통해 스스로 동기부여하는 20대를 표현한 #즉감력도 선정됐다.마지막 키워드는 #AI-Me-ing(에이밍)이다. 대학생들은 AI가 나를 더 잘 도울 수 있도록 학습시키고 학업/업무 등 외적인 것 외에 내적인 고민까지 위로해줄 수 있게 학습시키는 등 ‘나’를 닮은 도구로 일상 속에서 사용하고 있다.2026년 5가지 키워드는 더 정확한 분석을 위해 소셜 미디어에서 관측된 약 2000만 건의 데이터를 기반으로 △LG유플러스 대학생 서포터즈 ‘유쓰피릿’ △AI와 빅데이터로 트렌드를 분석하는 ‘생활변화관측소’ △20대 전문 종합 에이전시 ‘대학내일’과 협업해 결과를 발표했다.LG유플러스는 이 키워드로 2026년 유쓰의 브랜드 방향성을 설정하고 20대를 타깃으로 한 마케팅 캠페인에 적극 활용할 계획이다.김다림 LG유플러스 IMC담당은 “올해는 특히 AI 기반으로 실제 20대들이 많이 언급하는 키워드를 중심으로 다양한 이야기를 분석해 트렌드 키워드를 발표했다”며 “2026년에도 AI 기반으로 20대의 일상이 심플해지는 마케팅을 이어가겠다”고 말했다."
https://n.news.naver.com/mnews/article/421/0008593865?sid=105,2025-11-10 09:05:52,IT/과학,대학생이 뽑은 2026년 트렌드 '나다움 복수전공',"LGU+, AI 분석 기반 5대 키워드 발표LG유플러스 대학생 서포터즈인 '유쓰피릿'이 2026년 트렌드 키워드를 소개하고 있는 모습.(서울=뉴스1) 김민수 기자 = LG유플러스의 20대 전용 통신 브랜드 ‘유쓰(Uth)’가 10일 2026년 대학생 트렌드 키워드로 '나다움 복수전공'을 선정했다.'나다움 복수전공'은 어른이 된 대학생들이 남이 정한 이상적 삶 대신 본전공 외에 복수전공, 대외활동 등 다양한 경험을 통해 자신만의 서사를 구축하며 나다운 모습을 찾아가는 흐름을 반영한 키워드다.유쓰는 이 밖에도 △1인분의 낭만 △안티-퍼펙트 △즉감력 △AI-Me-ing(에이밍) 등 총 5가지를 2026년 대학생 트렌드 키워드로 선정했다.이번 키워드는 약 2000만 건의 소셜미디어 데이터를 기반으로 △LG유플러스 대학생 서포터즈 '유쓰피릿' △AI·빅데이터 분석 기관 '생활변화관측소' △20대 전문 에이전시 '대학내일'이 함께 분석해 도출했다.LG유플러스는 이 결과를 바탕으로 2026년 '유쓰' 브랜드 방향성과 20대 대상 마케팅 캠페인을 전개할 계획이다.김다림 LG유플러스 IMC담당은 ""올해는 특히 AI 기반으로 실제 20대들이 많이 언급하는 키워드를 중심으로 다양한 이야기를 분석해 트렌드 키워드를 발표했다""며 ""2026년에도 AI 기반으로 20대의 일상이 심플해지는 마케팅을 이어가겠다""고 말했다."
https://n.news.naver.com/mnews/article/031/0000979293?sid=105,2025-11-10 09:18:09,IT/과학,"LGU+, 2026년 대학생 트렌드 키워드 발표…'나다움 복수전공' 주목","'AI-Me-ing'·'1인분의 낭만' 등 5대 키워드 선정…20대 겨냥 마케팅에 활용LG유플러스는 2026년 대학생 트렌드 주요 키워드로 '나다움 복수전공'을 선정했다.사진은 LG유플러스 대학생 서포터즈인 ‘유쓰피릿’이 2026년 트렌드 키워드를 소개하고 있는 모습. [사진=LGU+]10일 LG유플러스는 20대 전용 통신 브랜드 '유쓰(Uth)'를 통해 선정한 2026년 대학생 트렌드 키워드를 이같이 발표했다.'나다움 복수전공'은 '나다운 삶'에 대한 고민이 깊어진 20대들이 본 전공 외에도 복수전공, 대외활동 등을 통해 자신만의 자아를 찾아가는 흐름을 반영한 표현이다.이 외에도 △1인분의 낭만 △안티-퍼펙트 △즉감력 △AI-Me-ing 등 총 5가지 키워드를 선정했다.'1인분의 낭만'은 혼자만의 계획과 실행을 통해 만족과 성취를 찾는 방식이다. 이는 단순한 개인주의가 아닌, '나만의 삶'을 주체적으로 설계하고 실천하는 20대의 자세를 나타낸다. '안티-퍼펙트'는 완벽하지 않아도 공감이 되면 매력으로 받아들이는 분위기를, '즉감력'은 단기적인 실행을 통해 즉각적인 동기를 부여받는 성향을 의미한다. 'AI-Me-ing'은 AI를 나와 닮은 도구로 학습시키고 활용하는 대학생들의 디지털 친화적 태도를 반영했다.이번 키워드는 약 2000만 건의 소셜미디어 데이터를 기반으로 △LG유플러스 대학생 서포터즈 '유쓰피릿' △AI·빅데이터 기반 분석 플랫폼 '생활변화관측소' △20대 전문 에이전시 '대학내일'과 협업해 선정됐다.LG유플러스는 이번 키워드를 바탕으로 유쓰 브랜드의 중장기 방향을 설정하고, 20대를 겨냥한 맞춤형 마케팅 캠페인을 전개할 계획이다.김다림 LG유플러스 IMC담당은 ""올해는 AI 기반 분석을 통해 20대가 실제로 언급한 키워드를 중심으로 도출했다""며 ""2026년에도 AI 기반으로 20대의 일상을 단순화하는 마케팅을 지속하겠다""고 말했다."
https://n.news.naver.com/mnews/article/011/0004553872?sid=105,2025-11-10 09:47:10,IT/과학,“내년  대학생 트렌드 키워드는 나다움 복수전공·즉감력·에이밍”,"LG U+ 유쓰 선정 발표LG유플러스 대학생 서포터즈인 ‘유쓰피릿’이 2026년 트렌드 키워드를 소개하고 있다. 사진제공=LG유플러스G유플러스 대학생 서포터즈인 ‘유쓰피릿’이 2026년 트렌드 키워드를 소개하고 있다. 사진제공=LG유플러스[서울경제]LG유플러스(032640)의 20대 전용 통신 브랜드 ‘유쓰(Uth)’가 2026년 대학생 트렌드 키워드를 선정했다. 2024년부터 유쓰는 다가올 트렌드를 정의하고 트렌드를 이끌 키워드를 선정해 발표하고 있다.대표 키워드는 ‘나다움 복수전공’이다. ‘나다움 복수전공’은 최근 어른이 된 대학생들의 주된 고민인 ‘나다운 모습’을 찾는 것에서 파생됐다. 남이 말하는 이상적 삶 대신 본 전공뿐만 아니라 복수전공, 대외활동을 하며 나만의 서사를 구축하고 다양한 방향으로 자신만의 자아를 찾아간다는 의미에서 꼽았다.유쓰는 나다움 복수전공 외에도 △1인분의 낭만 △안티-퍼펙트 △즉감력 △AI-Me-ing(에이밍) 등 총 5가지를 2026년 대학생 트렌드 키워드로 선정했다. 1인분의 낭만은 온전히 나를 만족시키는 경험과 극복 속에 ‘성취감’과 ‘낭만’을 느끼는 형태를 말한다. 단순히 개인의 권리와 자율성을 우선하는 개인주의와는 다르게 혼자 여행 계획을 세우고, 나만의 공간을 만드는 등 나 혼자도 할 수 있다는 자신감과 함께 ‘나만의 삶’을 가꿔내는 방법이다. 완벽하지 않은 상태여도 공감이 되면 ‘귀엽다’고 생각하는 문화에서 파생된 안티-퍼펙트, 불확실한 시대에서 ‘10분 달리기’나 ‘하루에 한 문장 쓰기’ 등 긴 목표보다 짧은 실행과 빠른 결과를 통해 스스로 동기부여하는 20대를 표현한 즉감력도 선정됐다. 마지막 키워드는 에이밍이다. 대학생들은 AI가 나를 더 잘 도울 수 있도록 학습시키고, 학업·업무 등 외적인 것 외에 내적인 고민까지 위로해줄 수 있게 학습시키는 등 ‘나’를 닮은 도구로 일상 속에서 사용하고 있다.2026년 5가지 키워드는 더 정확한 분석을 위해 소셜 미디어에서 관측된 약 2000만 건의 데이터를 기반으로 LG유플러스 대학생 서포터즈 ‘유쓰피릿’, AI와 빅데이터로 트렌드를 분석하는 ‘생활변화관측소’, 20대 전문 종합 에이전시 ‘대학내일’과 협업해 결과를 발표했다.LG유플러스는 이 키워드로 2026년 유쓰의 브랜드 방향성을 설정하고 20대를 타깃으로 한 마케팅 캠페인에 적극 활용할 계획이다. 김다림 LG유플러스 IMC담당은 “올해는 특히 AI 기반으로 실제 20대들이 많이 언급하는 키워드를 중심으로 다양한 이야기를 분석해 트렌드 키워드를 발표했다”며 “2026년에도 AI 기반으로 20대의 일상이 심플해지는 마케팅을 이어가겠다”고 말했다."
https://n.news.naver.com/mnews/article/030/0003368375?sid=105,2025-11-10 10:23:13,IT/과학,LGU+ “내년 대학생 트렌드 키워드는 '나다움 복수전공'”,"LG유플러스 대학생 서포터즈인 '유쓰피릿'이 2026년 트렌드 키워드를 소개하고 있는 모습.'나다움 복수전공', '1인분의 낭만', '안티-퍼펙트', '즉감력', '에이밍'LG유플러스는 20대 전용 통신 브랜드 '유쓰(Uth)'가 선정한 2026년 대학생 트렌드 키워드를 10일 발표했다.대표 키워드는 '나다움 복수전공'이다. 이 키워드는 최근 어른이 된 대학생들의 주된 고민인 '나다운 모습'을 찾는 것에서 파생됐다. 남이 말하는 이상적 삶 대신 본 전공뿐만 아니라 복수전공, 대외 활동을 하며 나만의 서사를 구축하고 다양한 방향으로 자신만의 자아를 찾아간다는 의미에서 꼽았다.유쓰는 나다움 복수전공 외에도 1인분의 낭만, 안티-퍼펙트, 즉감력, AI-Me-ing(에이밍) 등 총 5가지를 2026년 대학생 트렌드 키워드로 선정했다.1인분의 낭만은 온전히 나를 만족시키는 경험과 극복 속에 '성취감'과 '낭만'을 느끼는 형태를 말한다. 단순히 개인의 권리와 자율성을 우선하는 개인주의와는 다르게 혼자 여행 계획을 세우고, 나만의 공간을 만드는 등 나 혼자도 할 수 있다는 자신감과 함께 '나만의 삶'을 가꿔내는 방법이다.완벽하지 않은 상태여도 공감이 되면 '귀엽다'고 생각하는 문화에서 파생된 안티-퍼펙트, 불확실한 시대에서 '10분 달리기'나 '하루에 한 문장 쓰기' 등 긴 목표보다 짧은 실행과 빠른 결과를 통해 스스로 동기부여하는 20대를 표현한 즉감력도 선정됐다.마지막 키워드는 AI-Me-ing(에이밍)이다. 대학생들은 AI가 나를 더 잘 도울 수 있도록 학습시키고, 학업·업무 등 외적인 것 외에 내적인 고민까지 위로해 줄 수 있게 학습시키는 등 '나'를 닮은 도구로 일상에서 사용하고 있다.2026년 5가지 키워드는 소셜 미디어에서 관측된 약 2000만건의 데이터를 기반으로 LG유플러스 대학생 서포터즈 '유쓰피릿', AI와 빅데이터로 트렌드를 분석하는 '생활 변화관측소', 20대 전문 종합 에이전시 '대학내일'과 협업해 만들어졌다.LG유플러스는 이 키워드로 2026년 유쓰의 브랜드 방향성을 설정하고 20대를 타깃으로 한 마케팅 캠페인에 적극 활용할 계획이다.김다림 LG유플러스 IMC담당은 “올해는 특히 AI 기반으로 실제 20대들이 많이 언급하는 키워드를 중심으로 다양한 이야기를 분석해 트렌드 키워드를 발표했다”며 “2026년에도 AI 기반으로 20대의 일상이 심플해지는 마케팅을 이어가겠다”고 말했다."
https://n.news.naver.com/mnews/article/417/0001112205?sid=105,2025-11-10 10:39:10,IT/과학,LG U+ 2026년 대학생 트렌드 키워드 '나다움 복수전공',"LG유플러스의 20대 전용 통신 브랜드 ‘유쓰'(Uth)가 뽑은 2026년 대표 키워드는 ‘나다움 복수전공’으로 선정됐다. 사진은 LG유플러스 대학생 서포터즈인 ‘유쓰피릿’이 2026년 트렌드 키워드를 소개하고 있는 모습. /사진=LG유플러스LG유플러스의 20대 전용 통신 브랜드 '유쓰(Uth)'가 2026년 대학생 트렌드 키워드로 '나다움 복수전공'을 선정했다. '나다움 복수전공'은 대학생들의 주된 고민인 '나다운 모습'을 찾는 것에서 파생됐다. 대학생들이 다양한 활동으로 나만의 서사를 구축하고 자신만의 자아를 찾아간다는 의미를 담았다.유쓰는 나다움 복수전공 외에도 '1인분의 낭만', '안티-퍼펙트', '즉감력', 'AI-Me-ing'(에이밍) 등 총 5가지를 2026년 대학생 트렌드 키워드로 선정했다.'1인분의 낭만'은 온전히 나를 만족시키는 경험과 극복 속에서 '성취감'과 '낭만'을 느끼는 형태를 말한다. 개인의 권리와 자율성을 우선하는 개인주의와는 다르게 혼자 여행 계획을 세우고, 나만의 공간을 만드는 등 자신감과 함께 '나만의 삶'을 가꿔내는 방법이다.또 완벽하지 않은 상태여도 공감이 되면 귀엽다고 생각하는 문화에서 파생된 '안티-퍼펙트', 불확실한 시대에서 10분 달리기나 하루에 한 문장 쓰기 등 긴 목표보다 짧은 실행과 빠른 결과를 통해 스스로 동기부여하는 20대를 표현한 '즉감력'도 선정됐다. 'AI-Me-ing'(에이밍)은 대학생들이 AI가 나를 더 잘 도울 수 있도록 학습시키는 데서 파생됐다.5가지 키워드는 소셜 미디어에서 관측된 약 2000만 건의 데이터를 기반으로 ▲LG유플러스 대학생 서포터즈 '유쓰피릿' ▲AI와 빅데이터로 트렌드를 분석하는 '생활변화관측소' ▲20대 전문 종합 에이전시 '대학내일'과 협업해 결과를 발표했다.김다림 LG유플러스 IMC담당은 ""올해는 특히 AI 기반으로 실제 20대들이 많이 언급하는 키워드를 중심으로 다양한 이야기를 분석해 트렌드 키워드를 발표했다""며 ""2026년에도 AI 기반으로 20대의 일상이 심플해지는 마케팅을 이어가겠다""고 말했다."
https://n.news.naver.com/mnews/article/421/0008594267?sid=101,2025-11-10 11:00:00,경제,'AI 서울 서밋&엑스포' 10~11일 개최…콘퍼런스·전시 결합,"ⓒ News1 김지영 디자이너(서울=뉴스1) 박주평 기자 = 한국무역협회는 10~11일 서울 강남구 코엑스에서 '인공지능(AI) 서밋 서울 앤 엑스포 2025'(AI Summit Seoul & Expo 2025)를 개최한다고 밝혔다.이번 행사는 DMK글로벌이 주관해 온 AI 콘퍼런스 'AI 서밋 서울'에 전시를 연계한 최초의 AI 비즈니스 전문 전시회로, 국내 최대 규모의 AI 컨펙스(Conference+Exhibition) 행사가 될 전망이다. 행사 기간 코엑스 그랜드볼룸에서는 AI 전문 콘퍼런스, B홀에서는 국내외 AI 대표기업의 전시가 진행된다.이번 전시에는 구글 클라우드, KT, LGU+, IBM, 시스코 등 국내외 대표 AI 기업들이 참여해 설루션을 선보인다. 특히 AI 설루션 기업과 수요기업을 연결하는 비즈니스 커넥팅 행사에서는 AI 기업 35개 사와 국내외 바이어 55개 사 간 총 250여 건의 비즈니스 매칭이 진행된다.콘퍼런스에서는 전 세계적으로 주목받는 AI 에이전트 '젠스파크'의 공동창업자인 웬 상이 국내 최초로 강연자로 나섰다. 르노 그룹의 최고전략책임자(CSO) 루크 줄리아 박사, 한국마이크로소프트 조원우 대표 등 국내외 전문가가 연사로 참여해 총 23개의 강연이 진행될 예정이다.이명자 무협 해외마케팅본부장은 ""업계의 AI 기술 적용과 확산을 지원하고자 B2B 중심의 전시와 콘퍼런스를 연계한 행사를 기획했다""며 ""본 행사가 국내 AI 산업 성장을 견인하는 대표적인 글로벌 비즈니스 플랫폼으로 자리매김할 수 있도록 노력하겠다""고 밝혔다."
https://n.news.naver.com/mnews/article/016/0002555217?sid=101,2025-11-10 11:00:28,경제,국내 최대 AI 컨펙스 행사 ‘AI Summit Seoul & Expo’ 개막,"코엑스·DMK글로벌과 AI 전시회 공동 개최컨퍼런스와 전시회 동시 진행23개 강연 및 250여 건의 기업 비즈니스 매칭[헤럴드경제=김성우 기자] 한국무역협회(KITA)는 10~11일 양일간 서울시 강남구 삼성동 코엑스에서 ㈜코엑스(대표 조상현), DMK글로벌(대표 박세정)과 공동으로 ‘AI 서밋 서울 앤 엑스포 2025(AI Summit Seoul & Expo 2025)’을 개최한다고 밝혔다.이번 행사는 DMK글로벌이 주관해 온 AI 컨퍼런스 ‘AI 서밋 서울(AI Summit Seoul)’에 전시를 연계한 최초의 AI 비즈니스 전문 전시회로, 국내 최대 규모의 AI 컨펙스(Conference+Exhibition) 행사가 될 전망이다. 동기간 코엑스 그랜드볼룸에서는 AI 전문 컨퍼런스, B홀에서는 국내외 AI 대표기업의 전시가 진행된다.이번 전시에는 구글 클라우드, KT, LGU+, IBM, 시스코(Cisco), 노션(Notion), 페르소나 AI(PERSONA AI) 등 국내외 대표 AI 기업들이 참여하여 솔루션을 선보인다. 특히, AI 솔루션 기업과 수요기업을 연결하는 ‘비즈니스 커넥팅’ 행사에서는 AI 기업 35개 사와 국내외 바이어 55개 사 간 총 250여 건의 비즈니스 매칭이 진행된다. 이와 함께 실제 업무에 활용 가능한 ‘AI 실무 적용 워크숍’, ‘AI 솔루션 데모 스테이지’ 등 기업 맞춤형 부대행사도 마련되어 행사의 실질적인 효용성을 높인다.한편, 컨퍼런스에서는 전 세계적으로 주목받는 AI 에이전트 ‘젠스파크(Genspark)’의 공동창업자인 웬 상(Wen Sang)이 국내 최초로 강연자로 나섰다. 또한, 르노 그룹(Renault Group)의 CSO 루크 줄리아(Luc Julia) 박사, 한국마이크로소프트 조원우 대표 등 국내외 전문가가 연사로 참여해 ▷최신 AI 트렌드 ▷AI 활용 사례 등을 주제로 총 23개의 강연이 진행될 예정이다.박세정 DMK글로벌 대표는 “올해는 AI 에이전트와 AI+X, 산업별 실증 사례에 집중해 국내외 산업 현장을 연결하는 지식 교류의 장을 만들었다”고 말했다.이명자 한국무역협회 해외마케팅본부장은 “국가 전략산업으로서 AI의 중요성이 커짐에 따라 업계의 AI 기술 적용과 확산을 적극 지원하고자 B2B 중심의 전시와 컨퍼런스를 연계한 행사를 기획했다”라며, “본 행사가 국내 AI 산업 성장을 견인하는 대표적인 글로벌 비즈니스 플랫폼으로 자리매김할 수 있도록 노력하겠다”고 밝혔다."
https://n.news.naver.com/mnews/article/011/0004553937?sid=101,2025-11-10 11:01:11,경제,"한국무역협회, 'AI 서밋 서울 앤 엑스포 2025' 개최","오는 11일까지 이틀 간 삼성동 코엑스서[서울경제]한국무역협회가 10일 코엑스, DMK글로벌과 공동으로 ‘인공지능(AI) 서밋 서울 앤 엑스포 2025’를 11일까지 이틀간 서울 삼성동 코엑스에서 개최한다고 밝혔다.DMK글로벌의 컨퍼런스인 ‘AI 서밋 서울’에 전시를 연계한 이번 행사는 국내 최대 규모의 AI 컨펙스(Conference+Exhibition) 행사로 국내 AI 산업 성장을 견인할 글로벌 비즈니스 플랫폼으로 기대를 모으고 있다.엑스포 기간 코엑스 그랜드볼룸에서는 AI 전문 컨퍼런스가, B홀에서는 국내외 AI 대표기업의 전시가 진행된다. 이번 전시에는 구글 클라우드, KT, LGU+, IBM, 시스코, 노션, 페르소나 AI 등 국내외 주요 AI 기업들이 참여해 최신 솔루션을 선보인다.특히 AI 솔루션 기업과 수요기업을 연결하는 ‘비즈니스 커넥팅’ 행사가 마련되어 AI 기업 35개 사와 국내외 바이어 55개 사 간 총 250여 건의 비즈니스 매칭이 진행된다. 이와 함께 실무 적용도를 높이는 ‘AI 실무 적용 워크숍’, ‘AI 솔루션 데모 스테이지’ 등 기업 맞춤형 부대행사도 마련되어 행사의 실질적인 효용성을 높였다.컨퍼런스에서는 전 세계적으로 주목받는 AI 에이전트 ‘젠스파크’의 공동창업자인 웬 상이 국내 최초로 강연자로 나섰으며, 르노 그룹의 CSO인 루크 줄리아 박사, 조원우 한국마이크로소프트 대표 등 국내·외 전문가가 연사로 참여한다. 총 23개의 강연은 △최신 AI 트렌드 △AI 활용 사례 등을 주제로 구성되어 산업 현장의 지식 교류를 이끌 예정이다.이명자 한국무역협회 해외마케팅본부장은 “국가 전략산업으로서 AI의 중요성이 커짐에 따라 업계의 AI 기술 적용과 확산을 적극 지원하고자 B2B 중심의 전시와 컨퍼런스를 연계한 행사를 기획했다”며 “국내 AI 산업 성장을 견인하는 대표적인 글로벌 비즈니스 플랫폼으로 자리매김할 수 있도록 노력하겠다”고 말했다."
https://n.news.naver.com/mnews/article/018/0006160754?sid=101,2025-11-10 11:01:11,경제,"무협, 국내 최대 AI 컨펙스 행사 개최","코엑스·DMK글로벌과 공동 개최23개 강연 및 250여 건의 비즈니스 매칭[이데일리 김성진 기자] 한국무역협회가 10~11일 양일간 서울시 강남구 삼성동 코엑스에서 ㈜코엑스, DMK글로벌과 공동으로 ‘AI 서밋 서울 앤 엑스포 2025’을 개최한다.이번 행사는 DMK글로벌이 주관해 온 AI 컨퍼런스 ‘AI 서밋 서울’에 전시를 연계한 최초의 AI 비즈니스 전문 전시회로, 국내 최대 규모의 AI 컨펙스 행사가 될 전망이다. 동기간 코엑스 그랜드볼룸에서는 AI 전문 컨퍼런스, B홀에서는 국내외 AI 대표기업의 전시가 진행된다.이번 전시에는 구글 클라우드, KT, LGU+, IBM, 시스코, 노션, 페르소나 AI 등 국내외 대표 AI 기업들이 참여하여 솔루션을 선보인다. 특히, AI 솔루션 기업과 수요기업을 연결하는 ‘비즈니스 커넥팅’ 행사에서는 AI 기업 35개 사와 국내외 바이어 55개 사 간 총 250여 건의 비즈니스 매칭이 진행된다. 이와 함께 실제 업무에 활용 가능한 ‘AI 실무 적용 워크숍’, ‘AI 솔루션 데모 스테이지’ 등 기업 맞춤형 부대행사도 마련되어 행사의 실질적인 효용성을 높인다.컨퍼런스에서는 전 세계적으로 주목받는 AI 에이전트 ‘젠스파크’의 공동창업자인 웬 상이 국내 최초로 강연자로 나섰다. 또한 르노 그룹의 CSO 루크 줄리아 박사, 한국마이크로소프트 조원우 대표 등 국내외 전문가가 연사로 참여해 △최신 AI 트렌드 △AI 활용 사례 등을 주제로 총 23개의 강연이 진행될 예정이다.컨퍼런스 주최사이자 전시회 공동 주최사인 DMK글로벌의 박세정 대표는 “올해는 AI 에이전트와 AI+X, 산업별 실증 사례에 집중해 국내외 산업 현장을 연결하는 지식 교류의 장을 만들었다”고 말했다.이명자 한국무역협회 해외마케팅본부장은 “국가 전략산업으로서 AI의 중요성이 커짐에 따라 업계의 AI 기술 적용과 확산을 적극 지원하고자 B2B 중심의 전시와 컨퍼런스를 연계한 행사를 기획했다”라며, “본 행사가 국내 AI 산업 성장을 견인하는 대표적인 글로벌 비즈니스 플랫폼으로 자리매김할 수 있도록 노력하겠다”고 밝혔다.서울 강남구에 위치한 한국무역협회 트레이드센터 빌딩.(사진=뉴스1.)"
https://n.news.naver.com/mnews/article/029/0002992501?sid=105,2025-11-10 11:23:33,IT/과학,"LGU+ 유쓰, 대학생 트렌드로 ‘나다움 복수전공’ 선정","1인분의 낭만·안티-퍼펙트·즉감력·에이밍 등 5가지LG유플러스 대학생 서포터즈인 ‘유쓰피릿’이 2026년 트렌드 키워드를 소개하고 있다. LG유플러스 제공LG유플러스(LGU+)의 20대 전용 통신 브랜드 ‘유쓰’(Uth)가 2026년 대학생 트렌드 키워드를 선정했다.LGU+ 유쓰는 대학생 대표 키워드로 ‘나다움 복수전공’을 꼽았다고 10일 밝혔다. 나다움 복수전공은 최근 어른이 된 대학생들의 주된 고민인 ‘나다운 모습’을 찾는 것에서 파생됐다. 남이 말하는 이상적 삶 대신 본 전공뿐 아니라 복수전공, 대외 활동을 하며 나만의 서사를 구축하고 다양한 방향으로 자신만의 자아를 찾아간다는 의미를 담았다.이 외에도 ‘1인분의 낭만’, ‘안티-퍼펙트’, ‘즉감력’, ‘에이밍’(AI-Me-ing) 등 5가지를 2026년 대학생 트렌드 키워드로 뽑았다.1인분의 낭만은 온전히 나를 만족시키는 경험과 극복 속 ‘성취감’과 ‘낭만’을 느끼는 형태를 말한다. 단순히 개인의 권리와 자율성을 우선하는 개인주의와는 달리 혼자 여행 계획을 세우고, 나만의 공간을 만드는 등 나 혼자도 할 수 있다는 자신감과 함께 ‘나만의 삶’을 가꿔내는 방법이다.완벽하지 않은 상태여도 공감이 되면 ‘귀엽다’고 생각하는 문화에서 파생된 안티-퍼펙트, 불확실한 시대에서 ‘10분 달리기’나 ‘하루에 한 문장 쓰기’ 등 긴 목표보다 짧은 실행과 빠른 결과를 통해 스스로 동기부여하는 20대를 표현한 즉감력도 선정됐다.마지막 키워드는 에이밍이다. 대학생들은 AI가 나를 더 잘 도울 수 있도록 학습시키고, 학업·업무 등 외적인 것 외에 내적인 고민까지 위로해줄 수 있도록 학습시키는 등 ‘나’를 닮은 도구로 일상에서 사용하고 있다.LGU+는 이 키워드로 2026년 유쓰의 브랜드 방향성을 설정하고 20대를 타깃으로 한 마케팅 캠페인에 적극 활용할 계획이다.김다림 LGU+ 통합마케팅커뮤니케이션(IMC)담당은 “올해는 특히 AI 기반으로 실제 20대들이 많이 언급하는 키워드를 중심으로 다양한 이야기를 분석해 트렌드 키워드를 발표했다”며 “2026년에도 AI 기반으로 20대의 일상이 심플해지는 마케팅을 이어가겠다”고 말했다."
https://n.news.naver.com/mnews/article/119/0003023037?sid=105,2025-11-10 11:24:14,IT/과학,침해사고 여파 속 연말 인사…통신 3사 내년 키워드는 '회복',"해킹·보안 리스크에 재무 타격…유·무선 성장 둔화 속 '돈 버는 AI' 핵심 과제SKT 유료 모델·KT AX 수익화·LGU+ AIDC 확장 등서울 시내 전자상가 휴대폰 판매점에 붙은 이동통신 3사 로고. ⓒ연합뉴스[데일리안 = 조인영 기자] 연말 인사에 돌입한 통신 3사의 내년 사업 전략은 '회복'이 최우선 과제가 될 전망이다.올 상반기 해킹 사고와 비용 부담으로 실적이 흔들린 SK텔레콤을 비롯해 KT와 LG유플러스도 하반기 악재와 조직 변화에 대응해야 한다. 성장률 둔화가 지속되는 유·무선 보다는 AI 사업의 수익화에 초점을 둘 것으로 예상된다.10일 업계에 따르면 SK그룹은 이르면 이번주 임원 인사를 단행할 것으로 관측된다. 지난달 말 최고경영책임자(CEO), 통신·AI CIC장을 새로 선임한 SK텔레콤은 임원들에게 퇴직·보직 변경 등 인사 내용을 통보하기 시작한 것으로 전해졌다.경영진 구성을 앞당겨 새 체제를 조기에 안착시키려는 의도로 풀이된다. LG그룹도 지난해와 마찬가지로 이달 중하순께 인사를 발표할 것으로 알려졌다.KT는 이사후보추천위원회가 차기 CEO 후보를 16일 오후 6시까지 공개 모집하며, 연내 최종 후보 1인을 결정할 예정이다. 수장이 교체되면 그에 따른 임원진 재편도 불가피하다. 이에 따라 한 달 내 통신 3사의 경영진 체제가 모두 새로 짜일 전망이다.해킹·보안 리스크에 재무 타격SK텔레콤을 시작으로 KT와 LG유플러스까지 보안 리스크가 번진만큼 경영진은 내년을 혼란한 조직을 정비하고 실적 회복해야하는 원년으로 삼아야 할 과제를 떠안게 됐다.특히 SK텔레콤은 침해 사고로 개인정보보호위원회 과징금, 요금 감면 등 마케팅 비용 확대로 실적이 타격을 입었다.별도 기준 3분기 영업손실과 당기순손실은 각각 522억원, 2066억원으로 전년 동기 대비 적자전환했다. 4분기에도 ‘고객 감사 패키지’에 따른 요금 감면과 데이터 추가 제공 등이 이어져 매출 감소가 불가피하다.KT도 사실상 클라우드와 부동산 이익이 그룹 전체 실적을 견인하며 연결 기준 16.0% 증가한 5382억원을 기록했다. 그러나 별도 기준으로는 3409억원으로 전년 동기와 견줘 0.6% 소폭 오르는 데 그쳤다. 4분기는 '무단 소액 결제' 사고에 따른 유심 교체, 데이터 지원 등 고객 보상안 비용이 반영돼 실적 부담이 예상된다.LG유플러스에 대해 김홍식 하나증권 연구원은 ""2025년 연결 영업이익 증가는 다소 불투명해졌다""면서 ""SKT와 KT 사례로 보면 LGU+ 역시 4분기 해킹 관련 비용 발생을 배제할 수 없는 상황""이라고 말했다.재무 타격이 최소 연말까지 이어질 것으로 예상되면서 통신사 경영진은 예년 수준의 회복에 방점을 두고 조직 정비에 나설 것으로 보인다.유·무선 성장 둔화 속 '돈 버는 AI' 핵심 과제3사는 공통적으로 AI 데이터센터(AI DC)·거대언어모델(LLM)·AI 콘택트센터(AICC) 등 주요 AI 사업 기반을 구축한 성과를 강조했다. 따라서 내년에는 이를 실제 매출로 연결하는 데 집중할 것으로 관측된다.이 일환으로 SKT는 전사 AI 역량을 AI CIC(Company in Company)로 재편, AI 중심 사업 구조 전환을 가속화하도록 조직을 개편했다. 이를 위해 AI CIC장에 유경상 Corp. Strategy센터장과 정석근 GPAA사업부장을 공동 선임했다.SKT는 AI 에이전트 '에이닷' 성장세에 힘입어 B2C(기업과 소비자간 거래) 유료 모델의 내년 상반기 출시를 목표로 하고 있다. 방식은 구독 상품 또는 결합 상품 형태가 예상된다. 에이닷은 9월 기준 월간 활성 사용자 수(MAU)가 1000만명을 돌파했다.B2B(기업간거래) 수익 모델의 경우 이미 올 4분기부터 매출 발생을 예상하고 있다.AI DC(AI 데이터센터) 사업은 주력 AI 사업의 한축이다. SK텔레콤은 AWS(아마존웹서비스)와 추진중인 울산 AI 데이터센터를 비롯해 서울 구로 지역에도 AI DC 건설을 추진중이다.KT는 자체 LLM과 마이크로소프트 협력을 기반으로 AI·AX 사업의 수익화 모델을 다각화하는 전략으로 매출 확대에 나설 전망이다. 3분기 AI·IT 매출은 전년 동기 대비 5.7% 줄어든 2943억원을 나타냈다.KT는 3분기부터 AI 멀티모델 전략의 모델 라인업을 출시하며 한국적 LLM을 선보이고 있다. 7월에는 독자 개발 모델 ‘믿:음 K 2.0’을 공개했고, 9월에는 마이크로소프트 협력 기반의 ‘SOTA K(State of the Art)’와 메타 오픈소스를 활용한 ‘Llama K’를 순차적으로 출시했다.최근에는 마이크로소프트와 협력해 산업별 맞춤형 AX 로드맵을 컨설팅하는 ‘KT 이노베이션 허브(Innovation Hub)’를 개소하는 등 산업 맞춤형 지원 거점으로 운영하겠다는 뜻도 밝혔다.LG유플러스도 AI 에이전트, AIDC 사업 성과 등에 집중하고 있다. 3분기 AIDC, 솔루션, 기업회선 등 사업이 포함된 기업인프라 부문 매출은 전년 동기 대비 1.8% 증가한 4279억원을 기록했다.구체적으로 AIDC는 평촌 2센터 신규 고객사 입주로 가동률이 늘었고, 데이터센터 설계·구축·운영(DBO) 사업에서도 매출이 증가했다. AIDC 사업 강화를 위해 LG유플러스는 파주에 신규 AI데이터센터를 구축하고 있으며, 코람코자산운용과 협업해 DBO 사업에 진출하는 등 관련 사업 영역을 넓혀가고 있다.AI 에이전트 '익시오'의 경우 연내 100만명, 3년 내 600만명 이용자 확보 목표를 달성한 뒤 단계적으로 유료화를 시도하겠다는 목표다.AI 사업 드라이브 외에도 저수익 사업 정리와 고정비 절감 등으로 AI 사업 투자 재원 마련 등에 나설 것으로 보인다.SK텔레콤은 지난달 30일 판교 사옥을 매각한다고 공시했다. 이에 대해 회사측은 ""자산 유동화 차원이며 미래 성장 투자 재원 마련 목적""이라고 했다. LG유플러스는 3분기 조직 효율화를 위한 희망퇴직을 단행, 600명이 퇴직했다."
https://n.news.naver.com/mnews/article/016/0002555300?sid=105,2025-11-10 11:37:09,IT/과학,"LGU+, 내년 대학생 키워드 “나다움 복수전공” 선정","20대 전용 ‘유쓰’ 빅데이터 분석“나다운 모습 고민·다양한 탐구”키워드 활용…대학생 겨냥 마케팅LG유플러스 대학생 서포터즈인 ‘유쓰피릿’이 2026년 트렌드 키워드를 소개하고 있다.[LG유플러스 제공]LG유플러스의 20대 전용 통신 브랜드 ‘유쓰(Uth)’는 내년 대학생 트렌드 키워드로 ‘나다움 복수전공’을 선정했다고 10일 밝혔다.나다움 복수전공은 최근 어른이 된 대학생들의 주된 고민인 ‘나다운 모습’을 찾는 것에서 파생됐다. 남이 말하는 이상적 삶 대신 본 전공뿐만 아니라 복수전공과 대외활동을 하며 나만의 서사를 구축하고 다양한 방향으로 자신만의 자아를 찾아간다는 의미에서 꼽았다.유쓰는 나다움 복수전공 외에도 ▷1인분의 낭만 ▷안티-퍼펙트 ▷즉감력 ▷AI-Me-ing(에이밍) 등 총 5가지를 내년 대학생 트렌드 키워드로 선정했다.‘1인분의 낭만’은 온전히 나를 만족시키는 경험과 극복 속에 성취감과 낭만을 느끼는 형태를 말한다. 단순히 개인의 권리와 자율성을 우선하는 개인주의와는 다르게 혼자 여행 계획을 세우고, 나만의 공간을 만드는 등 나 혼자도 할 수 있다는 자신감과 함께 나만의 삶을 가꿔내는 방법이다.또 완벽하지 않은 상태여도 공감이 되면 귀엽다고 생각하는 문화에서 파생된 ‘안티-퍼펙트’, 불확실한 시대에서 10분 달리기나 하루에 한 문장 쓰기 등 긴 목표보다 짧은 실행과 빠른 결과를 통해 스스로 동기부여하는 20대를 표현한 ‘즉감력’도 선정됐다.마지막 키워드는 ‘AI-Me-ing’이다. 대학생들은 인공지능(AI)이 나를 더 잘 도울 수 있도록 학습시키고, 학업·업무 등 외적인 것 외에 내적인 고민까지 위로해줄 수 있게 학습시키는 등 나를 닮은 도구로 일상에서 사용하고 있다.유쓰는 지난해부터 트렌드를 이끌 키워드를 선정해 발표하고 있다. 올해에는 더 정확한 분석을 위해 소셜 미디어에서 관측된 약 2000만건의 데이터를 기반으로 ▷LG유플러스 대학생 서포터즈 ‘유쓰피릿’ ▷AI와 빅데이터로 트렌드를 분석하는 ‘생활변화관측소’ ▷20대 전문 종합 에이전시 ‘대학내일’과 협업해 결과를 발표했다.LG유플러스는 이 키워드로 내년 유쓰의 브랜드 방향성 설정하고 20대를 타깃으로 한 마케팅 캠페인에 적극 활용할 계획이다.김다림 LG유플러스 IMC담당은 “올해는 특히 AI 기반으로 실제 20대들이 많이 언급하는 키워드를 중심으로 다양한 이야기를 분석해 트렌드 키워드를 발표했다”며 “내년에도 AI 기반으로 20대의 일상이 심플해지는 마케팅을 이어가겠다”고 말했다.권제인 기자"
https://n.news.naver.com/mnews/article/421/0008595161?sid=105,2025-11-10 14:55:36,IT/과학,[뉴스1 PICK]국내 최대 AI 컨펙스 'AI 서밋 서울 & 엑스포' 개막,"오는 11일까지 이틀 간 삼성동 코엑스서 열려구글 클라우드·KT·LGU+·IBM·시스코 등 대표 AI 기업 참여10일 서울 강남구 코엑스에서 열린 2025 AI서밋서울앤엑스포가 관람객들로 붐비고 있다. 2025.11.10/뉴스1 ⓒ News1 김민지 기자10일 서울 강남구 코엑스에서 열린 2025 AI서밋서울앤엑스포에서 관람객들이 참가 부스를 둘러보고 있다. 2025.11.10/뉴스1 ⓒ News1 김민지 기자10일 서울 강남구 코엑스에서 열린 2025 AI서밋서울앤엑스포에서 관람객들이 참가 부스를 둘러보고 있다. 2025.11.10/뉴스1 ⓒ News1 김민지 기자10일 서울 강남구 코엑스에서 열린 2025 AI서밋서울앤엑스포에서 관람객들이 참가 부스를 둘러보고 있다. 2025.11.10/뉴스1 ⓒ News1 김민지 기자10일 서울 강남구 코엑스에서 열린 2025 AI서밋서울앤엑스포에서 관람객들이 참가 부스를 둘러보고 있다. 2025.11.10/뉴스1 ⓒ News1 김민지 기자10일 서울 강남구 코엑스에서 열린 2025 AI서밋서울앤엑스포에서 관람객들이 참가 부스를 둘러보고 있다. 2025.11.10/뉴스1 ⓒ News1 김민지 기자10일 서울 강남구 코엑스에서 열린 2025 AI서밋서울앤엑스포에서 관람객들이 참가 부스를 둘러보고 있다. 2025.11.10/뉴스1 ⓒ News1 김민지 기자(서울=뉴스1) 김민지 기자 = 10일 서울 강남구 코엑스에서 '인공지능(AI) 서밋 서울 앤 엑스포 2025'가 열렸다.오는 11일까지 열리는 이번 행사는 DMK글로벌이 주관해 온 AI 콘퍼런스 'AI 서밋 서울'에 전시를 연계한 최초의 AI 비즈니스 전문 전시회로, 국내 최대 규모의 AI 컨펙스 행사가 될 전망이다. 행사 기간 코엑스 그랜드볼룸에서는 AI 전문 콘퍼런스, B홀에서는 국내외 AI 대표기업의 전시가 진행된다.이번 전시에는 구글 클라우드, KT, LGU+, IBM, 시스코 등 국내외 대표 AI 기업들이 참여해 설루션을 선보인다. 특히 AI 설루션 기업과 수요기업을 연결하는 비즈니스 커넥팅 행사에서는 AI 기업 35개 사와 국내외 바이어 55개 사 간 총 250여 건의 비즈니스 매칭이 진행된다.10일 서울 강남구 코엑스에서 열린 2025 AI서밋서울앤엑스포에서 관람객들이 참가 부스를 둘러보고 있다. 2025.11.10/뉴스1 ⓒ News1 김민지 기자10일 서울 강남구 코엑스에서 열린 2025 AI서밋서울앤엑스포에서 관람객들이 참가 부스를 둘러보고 있다. 2025.11.10/뉴스1 ⓒ News1 김민지 기자10일 서울 강남구 코엑스에서 열린 2025 AI서밋서울앤엑스포에서 관람객들이 참가 부스를 둘러보고 있다. 2025.11.10/뉴스1 ⓒ News1 김민지 기자10일 서울 강남구 코엑스에서 열린 2025 AI서밋서울앤엑스포에서 관람객들이 참가 부스를 둘러보고 있다. 2025.11.10/뉴스1 ⓒ News1 김민지 기자10일 서울 강남구 코엑스에서 열린 2025 AI서밋서울앤엑스포에서 관람객들이 참가 부스를 둘러보고 있다. 2025.11.10/뉴스1 ⓒ News1 김민지 기자"
https://n.news.naver.com/mnews/article/056/0012063211?sid=101,2025-11-10 15:11:18,경제,서울 코엑스서 ‘AI 서밋 서울 앤 엑스포 2025’ 개최,"한국무역협회가 오늘(10일)부터 이틀간 코엑스, DMK글로벌과 공동으로 ‘인공지능(AI) 서밋 서울 앤 엑스포 2025’를 서울 삼성동 코엑스에서 엽니다.DMK글로벌의 컨퍼런스인 ‘AI 서밋 서울’에 전시를 연계한 이번 행사는 국내 최대 규모의 AI 컨펙스(Conference+Exhibition) 행사입니다.행사 기간 코엑스 그랜드볼룸에서는 AI 전문 컨퍼런스가, B홀에서는 국내외 AI 대표기업의 전시가 열립니다. 전시에는 구글 클라우드, KT, LGU+, IBM, 시스코, 노션, 페르소나 AI 등 국내외 주요 AI 기업들이 참여합니다.특히 AI 솔루션 기업과 수요 기업을 연결하는 ‘비즈니스 커넥팅’ 행사가 마련되어 AI 기업 35개 사와 국내외 바이어 55개 사 간 총 250여 건의 비즈니스 매칭이 진행될 예정입니다.실무 적용도를 높이는 ‘AI 실무 적용 워크숍’, ‘AI 솔루션 데모 스테이지’ 등 기업 맞춤형 부대행사도 마련됩니다.컨퍼런스에서는 AI 에이전트 ‘젠스파크’의 공동창업자인 웬 상이 국내 최초로 강연자로 나섭니다. 르노 그룹의 CSO인 루크 줄리아 박사, 조원우 한국마이크로소프트 대표 등 국내·외 전문가가 연사로 참여합니다.이명자 한국무역협회 해외마케팅본부장은 “국내 AI 산업 성장을 견인하는 대표적인 글로벌 비즈니스 플랫폼으로 자리매김할 수 있도록 노력하겠다”고 말했습니다.[사진 출처 : 코엑스 홈페이지 제공]■ 제보하기▷ 전화 : 02-781-1234, 4444▷ 이메일 : kbs1234@kbs.co.kr▷ 카카오톡 : 'KBS제보' 검색, 채널 추가▷ 네이버, 유튜브에서 KBS뉴스를 구독해주세요!"
https://n.news.naver.com/mnews/article/016/0002555477?sid=101,2025-11-10 15:43:10,경제,"국내 최대 AI 컨펙스 행사 개막…무협, 코엑스·DMK글로벌과 AI 전시회 공동 개최","한국무역협회가 코엑스, DMK글로벌과 공동으로 개최한 ‘AI 서밋 서울 앤 엑스포 2025(AI Summit Seoul & Expo 2025)’에서 윤진식(오른쪽) 한국무역협회 회장이 참가기업 부스를 둘러보고 있다. [무협 제공][헤럴드경제=양대근 기자] 한국무역협회(회장 윤진식)는 10~11일 양일간 서울시 강남구 삼성동 코엑스에서 ㈜코엑스(대표 조상현), DMK글로벌(대표 박세정)과 공동으로 ‘AI 서밋 서울 앤 엑스포 2025(AI Summit Seoul & Expo 2025)’을 개최한다고 밝혔다.이번 행사는 DMK글로벌이 주관해 온 AI 컨퍼런스 ‘AI 서밋 서울’에 전시를 연계한 최초의 AI 비즈니스 전문 전시회로, 국내 최대 규모의 AI 컨펙스 행사가 될 전망이다. 동기간 코엑스 그랜드볼룸에서는 AI 전문 컨퍼런스, B홀에서는 국내외 AI 대표기업의 전시가 진행된다.컨펙스는 컨퍼런스(Conference)와 전시회(Exhibition)가 통합된 형태의 비즈니스 이벤트를 말한다.이번 전시에는 구글 클라우드, KT, LGU+, IBM, 시스코, 노션, 페르소나 AI 등 국내외 대표 AI 기업들이 참여하여 솔루션을 선보인다. 특히, AI 솔루션 기업과 수요기업을 연결하는 ‘비즈니스 커넥팅’ 행사에서는 AI 기업 35개 사와 국내외 바이어 55개 사 간 총 250여 건의 비즈니스 매칭이 진행된다. 이와 함께 실제 업무에 활용 가능한 ‘AI 실무 적용 워크숍’, ‘AI 솔루션 데모 스테이지’ 등 기업 맞춤형 부대행사도 마련되어 행사의 실질적인 효용성을 높인다.한편, 컨퍼런스에서는 전 세계적으로 주목받는 AI 에이전트 ‘젠스파크’의 공동창업자인 웬 상이 국내 최초로 강연자로 나섰다. 또한, 르노 그룹의 CSO 루크 줄리아 박사, 한국마이크로소프트 조원우 대표 등 국내외 전문가가 연사로 참여해 ▲최신 AI 트렌드 ▲AI 활용 사례 등을 주제로 총 23개의 강연이 진행될 예정이다.컨퍼런스 주최사이자 전시회 공동 주최사인 DMK글로벌의 박세정 대표는 “올해는 AI 에이전트와 AI+X, 산업별 실증 사례에 집중해 국내외 산업 현장을 연결하는 지식 교류의 장을 만들었다”고 말했다.무역협회 이명자 해외마케팅본부장은 “국가 전략산업으로서 AI의 중요성이 커짐에 따라 업계의 AI 기술 적용과 확산을 적극 지원하고자 B2B 중심의 전시와 컨퍼런스를 연계한 행사를 기획했다”며 “본 행사가 국내 AI 산업 성장을 견인하는 대표적인 글로벌 비즈니스 플랫폼으로 자리매김할 수 있도록 노력하겠다”고 밝혔다."
https://n.news.naver.com/mnews/article/029/0002992604?sid=105,2025-11-10 16:12:24,IT/과학,"[인터뷰] 방화복 입고 마라톤 완주한 소방관·AI 목소리 복원까지… LGU+, ‘119 메모리얼런’ 연 이유는","‘119 메모리얼런’으로 추모 방식 바꾼 LG유플러스기술로 공공안전 지킨다국내 첫 ‘소방 우선 우선접속권’ 가시화실제 소방복을 입고 '119 메모리얼런' 대회에 나선 현직 소방관들이 코스를 달리고 있다. LG유플러스 제공방화복과 11kg 산소통을 메고 11.9㎞를 완주한 소방관, 배번표 아래 적힌 순직 소방관의 이름을 끝까지 지켜서 뛴 시민 참가자들, 행사장에 울려 퍼진 순직 소방관의 생전 목소리까지.LG유플러스가 지난 2일 세종시의 세종중앙공원에서 연 '119 메모리얼런'은 단순한 마라톤이 아니라 잊히지 않아야 할 사람들을 기억하게 만드는 행사로 울림을 남겼다.이 행사 뒤에는 LG유플러스가 올해 전략적으로 추진하고 있는 '공공안전 리스펙트 프로젝트'가 있다. 잘 터질 때보다 오히려 잘 터지지 않을 때 중요성을 깨닫게 되는 통신과 같이 공공안전도 '연결'이라는 가치를 담은 만큼 관련 종사자들을 지원하겠다는 의지다.이명섭 LG유플러스 대외협력담당 ESG추진팀장이 디지털타임스와 인터뷰 하고 있다. LG유플러스 제공행사를 총괄한 이명섭 LG유플러스 대외협력담당 ESG추진팀장은 10일 디지털타임스와의 인터뷰에서 ""추모는 무겁고 엄숙해야 한다는 고정관념을 깨고 싶었다""며 ""기억을 행동으로 전환하면 감정이 퍼져나가 '기억의 문화'가 만들어지는 만큼 달리기를 선택했다""고 말했다.119 메모리얼런에 참가한 2300여명은 500여명의 순직 소방관 가운데 한 명의 이름과 순직일이 적힌 배번표를 받았다. 이들은 각자 순직 소방관의 이름을 품고 달렸고, 현직 소방관 참가자들은 자신의 배번에 직접 손글씨로 동료의 이름을 더 적어 넣었다. 이날 행사에서 뛴 현직 소방관은 119명이다.소셜네트워크서비스(SNS) 반응은 뜨거웠다. 방화복을 입고 뛴 소방관의 영상, 동료들의 이름이 적힌 배번표 인증샷, 산소통을 메고 완주한 기록이 확산하면서 순직 소방관들을 기리는 '기억의 장면'이 남았다. 참가자들은 ""누군가의 이름을 기억하고 지키기 위해 뛴 기분을 잊을 수 없었다""는 소감을 밝혔다.행사장에는 인공지능(AI)으로 복원한 순직 소방관들의 목소리도 울렸다. LG유플러스는 지난 5월 티웨이항공과 협업해 순직 소방관의 생전 목소리를 자체 개발한 AI 음성합성(TTS)으로 살려 기내 안내 방송을 만든 바 있다. 이번 메모리얼런에서도 행사 시작 전 국민의례에서 일부 순직 소방관의 목소리를 복원했다.지난 2019년 독도에서 응급환자를 이송하던 중 헬기 추락사고로 세상을 떠난 고(故) 박단비 소방관의 부모는 행사장에 찾아와 ""딸의 목소리를 다시 들을 수 있게 해줘서 고맙다""며 눈시울을 붉혔다.이명섭 LG유플러스 대외협력담당 ESG추진팀장이 디지털타임스와 인터뷰 하고 있다. LG유플러스 제공이 팀장은 ""순직 소방관의 유가족들이 가장 절절하게 말하는 건 '기억이 오래 남아 있으면 좋겠다'는 점이었다""며 ""기억을 행동으로 전환해보자는 데서 메모리얼런이 시작됐다""고 설명했다.LG유플러스는 소방관들의 업무를 돕는 기술도 개발 중이다. 재난 상황에서 모바일 트래픽이 폭주하면 민간망이 지연되고, 기존 'PS-LTE' 단말기만으로는 영상이나 사진, 정보 공유가 어려워 소방관들은 일반 스마트폰을 병행 사용하는 현실을 고려했다. 이 팀장은 ""전국 소방서 법인 회선에 한정해 '재난 상황 우선 접속'을 부여하는 방식으로 소방청, 과학기술정보통신부 등과 세부 방안을 논의 중""이라고 말했다. 재난이나 대형 행사 등으로 트래픽이 폭주할 때 소방관의 폰이 일반 고객보다 먼저 네트워크에 접속하도록 해 공공안전 통신을 보장하는 방식이다."
https://n.news.naver.com/mnews/article/648/0000041633?sid=101,2025-11-10 16:27:10,경제,국내 최대 AI 컨펙스 행사 개막…글로벌 혁신 기업 집결,"[포토]무역협회, 코엑스·DMK글로벌과 AI 전시회 개최10일 서울시 강남구 삼성동 코엑스에서 '인공지능(AI) 서밋 서울 앤 엑스포 2025(AI Summit Seoul & Expo 2025)'가 개최되고 있다./사진=이명근 기자 qwe123@한국무역협회가 10일 서울시 강남구 삼성동 코엑스에서 코엑스, DMK글로벌과 공동으로 '인공지능(AI) 서밋 서울 앤 엑스포 2025(AI Summit Seoul & Expo 2025)'을 개최했다.이번 행사는 DMK글로벌이 주관해 온 AI 컨퍼런스 'AI 서밋 서울'에 전시를 연계한 최초의 AI 비즈니스 전문 전시회다. 같은 기간 코엑스 그랜드볼룸에서는 AI 전문 컨퍼런스, B홀에서는 국내외 AI 대표기업의 전시가 진행된다.10일 서울시 강남구 삼성동 코엑스에서 열린 '인공지능(AI) 서밋 서울 앤 엑스포 2025(AI Summit Seoul & Expo 2025)'에 참석한 관람객들이 3D스캐닝 AI 광고제작이 가능한 SKAI 부스 체험을 하고 있다./사진=이명근 기자 qwe123@이번 전시에는 구글 클라우드, KT, LGU+, IBM, 시스코(Cisco), 노션(Notion), 페르소나 AI(PERSONA AI) 등 국내외 대표 AI 기업들이 참여했다.AI 솔루션 기업과 수요기업을 연결하는 '비즈니스 커넥팅' 행사에서는 AI 기업 35개 사와 국내외 바이어 55개 사 간 총 250여 건의 비즈니스 매칭이 진행된다. 실제 업무에 활용 가능한 'AI 실무 적용 워크숍', 'AI 솔루션 데모 스테이지' 등 기업 맞춤형 부대 행사도 마련된다.컨퍼런스에서는 전 세계적으로 주목받는 AI 에이전트 '젠스파크(Genspark)'의 공동창업자인 웬 상이 국내 최초로 강연자로 나섰다. 또한 르노 그룹의 CSO 루크 줄리아 박사, 조원우 한국마이크로소프트 대표 등 국내외 전문가가 연사로 참여한다. 최신 AI 트렌드, AI 활용 사례 등을 주제로 총 23개의 강연이 진행될 예정이다.10일 서울시 강남구 삼성동 코엑스에서 열린 '인공지능(AI) 서밋 서울 앤 엑스포 2025(AI Summit Seoul & Expo 2025)'에 참석한 관람객들이 인터넷 없이 구동이 가능한 페르소나AI PC 체험을 하고 있다./사진=이명근 기자 qwe123@10일 서울시 강남구 삼성동 코엑스에서 열린 '인공지능(AI) 서밋 서울 앤 엑스포 2025(AI Summit Seoul & Expo 2025)'에 참석한 관람객들이 인공지능 휴먼을 체험을 하고 있다./사진=이명근 기자 qwe123@10일 서울시 강남구 삼성동 코엑스에서 열린 '인공지능(AI) 서밋 서울 앤 엑스포 2025(AI Summit Seoul & Expo 2025)'에 참석한 관람객들이 KT크루AI 부스 체험을 하고 있다./사진=이명근 기자 qwe123@"
https://n.news.naver.com/mnews/article/421/0008595588?sid=101,2025-11-10 16:40:27,경제,"무협, 'AI 서밋 서울 2025' 개막…글로벌 AI 기업 총집결","콘퍼런스+전시…기술전시·젠스파크 창업자 등 23개 강연 열려한국무역협회가 코엑스, DMK글로벌과 공동으로 개최한 'AI 서밋 서울 앤 엑스포 2025'에서 윤진식 한국무역협회 회장(오른쪽)이 참가기업 부스를 둘러보고 있다. (KITA 제공)(서울=뉴스1) 박기범 기자 = 한국무역협회(KITA)는 10일 서울시 강남구 삼성동 코엑스에서 코엑스, DMK글로벌과 공동으로 'AI 서밋 서울 앤 엑스포 2025'을 개최했다. 11일까지 열리는 이번 행사는 인공지능(AI) 콘퍼런스 'AI 서밋 서울'에 전시를 연계한 컨펙스(Conference+Exhibition) 행사로, 코엑스 그랜드볼룸에서는 AI 전문 콘퍼런스가, B홀에서는 국내외 AI 대표기업의 전시가 진행된다.전시에는 구글 클라우드, KT, LGU+, IBM, 시스코, 노션, 페르소나 AI 등 국내외 대표 AI 기업들이 참여한다. 행사 기간 AI 설루션 기업과 수요기업을 연결하는 '비즈니스 커넥팅'을 비롯해 'AI 실무 적용 워크숍', 'AI 설루션 데모 스테이지' 등 다양한 행사가 진행된다.콘퍼런스에서는 AI 에이전트 젠스파크의 공동창업자인 웬 상의 국내 최초 강연을 비롯해 르노 그룹의 CSO(최고 전략 책임자) 루크 줄리아 박사, 한국마이크로소프트 조원우 대표 등이 연사로 참여해 최신 AI 트렌드, AI 활용 사례 등을 주제로 총 23개의 강연을 진행한다.이명자 한국무역협회 해외마케팅본부장은 ""국가 전략산업으로서 AI의 중요성이 커짐에 따라 업계의 AI 기술 적용과 확산을 적극 지원하고자 B2B 중심의 전시와 콘퍼런스를 연계한 행사를 기획했다""며 ""행사가 국내 AI 산업 성장을 견인하는 대표적인 글로벌 비즈니스 플랫폼으로 자리매김할 수 있도록 노력하겠다""고 밝혔다."
https://n.news.naver.com/mnews/article/008/0005276033?sid=101,2025-11-10 16:58:56,경제,"옵트에이아이, 온디바이스AI 최적화 '옵트핸서' CES 2026 혁신상","사진제공=옵트에이아이옵트에이아이(대표 이재호)가 자체 개발한 온디바이스 AI(인공지능) 최적화 플랫폼 '옵트핸서'(OptHancer)로 'CES 2026 혁신상'을 수상했다고 10일 밝혔다.옵트핸서는 리소스가 제한된 기기에서 대규모 AI 모델을 구동할 때 발생하는 병목 현상을 해결하도록 설계된 엔드투엔드(End-to-End) 온디바이스 AI 솔루션이다.회사 측은 ""국내 주요 통신사와 협력해 특정 대규모언어모델(LLM)을 최신 모바일 프로세서에 최적화하는 데 성공했다""면서 ""상용 서비스를 목표로 베타 테스트를 준비 중""이라고 말했다.이어 ""엑사원 3.5, 4.0(EXAONE 3.5, 4.0), 라마 3(LLaMA 3), 젬마 2(Gemma 2), 큐웬 2.5(Qwen 2.5) 등 거대 언어 모델과 DeTR·YOLO 계열의 비전 모델, Qwen2-VL·라바(LLaVA) 멀티모달 모델에 대한 최적화 역량을 확보했다""며 ""퀄컴 스냅드래곤8 2세대·3세대·엘리트 등 최신 NPU(신경망처리장치) 칩셋에서의 최적화 결과를 통해 언어, 비전, 멀티모달 전 분야에서 기술력을 입증했다""고 덧붙였다.해외 진출과 CES 2026 혁신상 프로젝트를 주도한 서준영 옵트에이아이 최고운영책임자(COO)는 ""이번 수상은 클라우드 의존성에서 벗어나 온디바이스 AI의 미래를 제시하고자 하는 노력이 인정받은 결과""라며 ""'Any Model, Any Device'(세상의 모든 AI 모델을, 모든 디바이스에 담는 기술)라는 당사의 비전이 세계 무대에서 기술적 성과로 이어졌다""고 말했다.옵트에이아이는 LG전자, LGU+, 한화에어로스페이스 등의 기업들과 협력 중이며 LG전자, 퓨처플레이, 매쉬업벤처스, HL만도 등으로부터 투자를 유치한 바 있다."
https://n.news.naver.com/mnews/article/008/0005276069?sid=101,2025-11-10 17:46:17,경제,"크랩스, AI 프로듀서 '와카와카' 정식 출시... ""AI, 이해를 넘어 제작의 시대로""","전문가 3시간 걸릴 숏폼 제작, AI가 15분 만에 완성GS리테일·LGU+ PoC서 하이라이트 정확도 74%... 글로벌 빅테크 AI 대비 2배 성능와카와카./사진제공=크랩스AI 영상 스타트업 크랩스(CRABs, 대표 김태영)가 AI 에이전트 기반 숏폼(Short-form) 제작 서비스 '와카와카(WakaWaka)'를 이달 정식 출시했다. 크랩스는 ""AI가 영상을 단순히 '이해'하는 단계를 넘어, 사용자의 목적에 맞춰 직접 '제작'하는 새로운 시대를 열겠다""고 밝혔다.'와카와카'는 영상 속 장면, 대사, 사운드, 맥락 등 모든 요소를 AI가 자동 분석해 사용자의 목적에 맞는 숏폼 영상을 완성하는 AI 프로듀서형 서비스다. 기존 편집 툴이 컷 편집과 자막 삽입 등 기능 중심에 머물렀다면, 와카와카는 영상의 의미를 이해하고 의도에 따라 재구성하는 지능형 에이전트 기술을 핵심으로 한다.와카와카의 기술력은 주요 기업과의 PoC(기술 검증)를 통해 입증됐다. 크랩스가 GS리테일과 LG유플러스 등과 진행한 PoC 결과, 전문가가 3시간 걸리던 숏폼 영상을 와카와카는 15분 만에 완성, 제작 시간을 92% 단축했다.홈쇼핑 영상 테스트에서는 사용자가 원하는 장면을 95% 정확도로 선별했으며, 드라마·예능의 하이라이트 추출 테스트에서는 정확도 74%를 기록해 글로벌 빅테크 AI 모델(42%) 대비 약 2배 높은 성능을 보였다.이 같은 성과는 크랩스가 자체 개발한 세 가지 핵심 AI 기술이 유기적으로 작동한 결과다. 첫 번째는 '세먼틱 클립 스트럭처링(Semantic Clip Structuring)' 기술로, AI가 책의 챕터를 이해하듯 영상의 의미 단위를 자동 구조화해 제작의 기초를 다진다. 두 번째는 '컨텍스트 엔지니어링(Context Engineering)'으로, AI가 전문 PD처럼 사용자의 목적과 맥락을 이해하고 장면의 가치를 판단한다. 단순히 '바이럴 장면'을 찾는 수준을 넘어 ""이 장면은 포함"", ""이 내용은 생략"", ""이 부분을 강조""와 같은 실제 제작 지시를 수행한다.마지막으로 '하이브리드 추론 검색(Hybrid Reasoning Search)'은 ""느낌 좋은 장면""처럼 모호한 감성 요청을 ""'따뜻한 햇살', '웃는 얼굴'"" 등 구체적인 영상 언어로 재해석해 찾아내는 기술이다.크랩스는 IBK창공(創工) 광주 2기 선정 기업으로, 와카와카 정식 출시와 함께 광주 시민을 대상으로 한 실증 사업도 진행 중이다.김태영 대표는 ""AI 영상 제작은 단순한 자동화가 아니라 사용자의 비즈니스 목적을 이해하고 직접 실행하는 단계로 진화하고 있다""며 ""숏폼 제작을 넘어 영상 자산 관리와 분석까지 아우르는 '영상 인텔리전스(Video Intelligence)' 솔루션으로 확장할 계획""이라고 전했다.현재 크랩스는 공식 홈페이지를 통해 베타 서비스를 무료 제공 중이다."
https://n.news.naver.com/mnews/article/003/0013592321?sid=105,2025-11-11 09:00:00,IT/과학,"""이 드라마는 어때?""…U+tv, AI 기반 음성 검색 기능 개선","LGU+, IPTV 음성 검색 '익시' 기반 업데이트AI와 대화하듯 물으면서 바로 화면에 적용[서울=뉴시스]박은비 기자 = LG유플러스는 인터넷TV(IPTV) 음성 검색 기능을 인공지능(AI) 시스템 익시(ixi) 기반으로 업데이트했다고 11일 밝혔다. 이번 업데이트는 콘텐츠를 검색할 때 대화 형태로 할 수 있는 게 특징이다.기존에는 고객이 단순 키워드로만 원하는 콘텐츠 검색만 가능했다. 하지만 이번 업데이트 이후에는 고객이 원하는 콘텐츠를 검색할 때 음성으로 대화하듯 ""이 중에 한국 영화는?""처럼 필터링을 걸거나 ""액션 말고 로맨스""와 같이 조건을 변경할 수 있다. ""다른 재밌는 게 뭘까"" 등을 물으면서 재검색도 가능하다.AI는 고객과 대화하면서 현재 맥락을 파악하고 고객 눈높이에 맞는 콘텐츠 정보를 빠르게 제공한다. 특히 이번 업데이트에서 AI는 정보를 제공하는 것에서 한 단계 더 나아가 고객에게 ""이 드라마는 어때?""처럼 볼만한 콘텐츠를 먼저 제안할 수 있다.이번 업데이트는 '한 번만 묻고 답하는' 단순 검색을 넘어 자연스러운 대화를 통해 고객이 찾는 콘텐츠가 불명확해도 질문과 답변을 통해 구체화할 수 있다. 고객 입장에서 효율적으로 콘텐츠를 찾을 수 있다는 게 회사 설명이다.업데이트를 한 고객은 실시간TV와 주문형비디오(VOD) 플레이어 화면에서 시청 중간에도 음성으로 원하는 설정이 가능하다. LG유플러스 U+tv 사용 데이터에 따르면 VOD 시청 도중에 다음 회차를 보려면 평균 8번의 리모컨 클릭을 했어야 했다. 또 배속 설정을 하려면 6번, 자막 설정을 하려면 9번 리모컨 클릭을 해야 가능했다.LG유플러스는 해당 데이터를 바탕으로 고객 불편을 개선하기 위해 시청 도중 원하는 설정을 할 수 있도록 '말로 하는 설정' 기능을 도입했다. 예를 들어 VOD 플레이어 화면에서 시청 도중 리모컨에 있는 마이크 버튼을 누르고 ""자막 켜줘"", ""2회 틀어줘"", ""2배속으로 보여줘"", ""1시간 10분부터 보여줘"" 등을 말하면 바로 화면에 적용할 수 있다.한편 시청 편의 기능 외에도 자녀 보호를 위한 연령별·성인 콘텐츠 제한, 실시간 해설 방송, 시각장애인을 위한 특화 기능 등도 말로 설정할 수 있다.정진이 LG유플러스 미디어사업트라이브장(담당)은 ""음성 검색 고도화를 통해 고객에게 최고의 시청 경험만이 아니라 편리함까지 제공할 수 있게 돼 매우 기쁘다""며 ""LG유플러스의 AI 익시를 활용해 고객에게 차별화된 경험을 제공하기 위해 앞으로도 노력하겠다""고 말했다．"
https://n.news.naver.com/mnews/article/014/0005432497?sid=105,2025-11-11 09:01:12,IT/과학,"LG U+, AI '익시' 기반 음성 검색 기능 업데이트","LG유플러스 직원이 ‘U+tv’의 음성 검색 기능을 소개하는 모습. LG유플러스 제공LG유플러스가 인터넷TV(IPTV) 서비스 ‘U+tv’의 음성 검색 기능을 인공지능(AI) 시스템 익시(ixi) 기반으로 업데이트했다고 11일 밝혔다. 이번 업데이트는 콘텐츠를 검색할 때 대화 형태로 할 수 있는 것이 특징이다.기존에는 고객이 단순 키워드로만 원하는 콘텐츠 검색이 가능했었다. 이번에 업데이트한 고객은 원하는 콘텐츠를 검색할 때 음성으로 대화하듯이 △""이 중에 한국 영화는?""처럼 필터링를 걸거나 △""액션 말고 로맨스""와 같이 조건을 변경할 수 있고 △""다른 재밌는 게 뭘까?"" 물으면서 재검색할 수 있다.AI는 고객과 대화하면서 현재의 맥락을 파악하고 고객 눈높이에 맞는 콘텐츠 정보를 빠르게 제공한다. 특히 이번 업데이트를 통해 AI는 정보를 제공하는 것에서 한 단계 더 나아가 고객에게 “이 드라마는 어때?”처럼 볼만한 콘텐츠를 먼저 제안까지 할 수 있다.이번 업데이트는 ‘한 번만 묻고 답하는’ 단순 검색을 넘어 자연스러운 ‘대화’를 통해 고객이 찾는 콘텐츠가 불명확해도 질문과 답변을 통해 구체화할 수 있게 됐다.업데이트한 고객은 콘텐츠 검색 화면뿐만 아니라 실시간TV 및 주문형비디오(VOD) 플레이어 화면에서 시청 중간에도 음성으로 원하는 설정이 가능하다. LG유플러스 U+tv 사용 데이터에 따르면 VOD 시청 도중에 다음 회차를 보려면 평균 8번의 리모컨 클릭을 했어야 했다. 더불어 배속 설정을 하려면 6번, 자막 설정을 하려면 9번의 리모컨 클릭을 해야 가능했다.LG유플러스는 해당 데이터를 바탕으로 고객의 불편을 개선하고자 시청 도중 원하는 설정을 할 수 있도록 ‘말로하는 설정’ 기능을 도입했다. 예를 들어 설정이 필요한 고객은 VOD 플레이어 화면에서 시청 도중 리모컨에 있는 마이크 버튼을 누르고 “자막 켜줘”, “2회 틀어줘”, “2배속으로 보여줘”, “1시간 10분부터 보여줘” 등을 말하면 바로 화면에 적용할 수 있다.시청 편의 기능 외에도 △자녀 보호를 위한 연령별/성인 콘텐츠 제한 △실시간 해설 방송 △시각장애인을 위한 특화 기능 등 고객이 안심하고 편리하게 U+tv를 이용할 수 있는 설정들을 말로 할 수 있다.정진이 LG유플러스 미디어사업트라이브장(담당)은 ""음성 검색 고도화를 통해 고객에게 최고의 시청 경험뿐만 아니라 편리함까지 제공할 수 있게 돼 매우 기쁘다”며 “LG유플러스의 AI ‘익시’를 활용해 고객에게 차별화된 고객 경험을 전달하기 위해 앞으로도 노력하겠다”고 말했다."
https://n.news.naver.com/mnews/article/421/0008596269?sid=105,2025-11-11 09:06:29,IT/과학,"LGU+, IPTV에도 ‘익시’ AI 적용…""음성검색 개선""","""대화 형태로 콘텐츠 검색 쉽게""(LGU+ 제공)(서울=뉴스1) 이기범 기자 = LG유플러스(032640)가 자사 IPTV 서비스 'U+tv'에 인공지능(AI) 시스템 '익시'(ixi)를 적용해 음성 검색 기능을 개선했다고 11일 밝혔다.LG유플러스는 이번 업데이트로 콘텐츠 검색을 단순 키워드가 아닌 대화 형태로 할 수 있게 됐다고 설명했다.예를 들어 ""이 중에 한국 영화는?""처럼 필터링을 걸거나 ""액션 말고 로맨스""와 같이 조건을 변경할 수 있다. 또 ""다른 재밌는 게 뭘까?"" 물으면서 재검색할 수 있다.아울러 고객에게 ""이 드라마는 어때?""라며 콘텐츠를 먼저 제안할 수 있게 됐다.콘텐츠 검색뿐만 아니라 음성으로 원하는 설정도 가능해졌다. 기존에 평균 6~9번 정도 리모컨 클릭을 해야 했던 배속, 자막 설정 등을 '말로 하는 설정' 기능을 통해 쉽게 할 수 있게 됐다.정진이 LG유플러스 미디어사업트라이브장(담당)은 ""음성 검색 고도화를 통해 고객에게 최고의 시청 경험뿐만 아니라 편리함까지 제공할 수 있게 돼 매우 기쁘다""며 ""LG유플러스의 AI '익시'를 활용해 고객에게 차별화된 고객 경험을 전달하기 위해 앞으로도 노력하겠다""고 말했다."
https://n.news.naver.com/mnews/article/018/0006161365?sid=105,2025-11-11 09:08:15,IT/과학,"LGU+ ‘U+tv’, 말 한마디로 콘텐츠 찾는다...음성 AI 대폭 개선","콘텐츠 검색 시 리모컨 클릭 없이 음성‘필터링·조건 변경·재검색’ 바로 적용음성으로 ‘배속·자막·회차’ 설정 가능[이데일리 윤정훈 기자]LG유플러스(032640)가 IPTV 서비스 ‘U+tv’의 음성 검색 기능을 AI 시스템 익시(ixi) 기반으로 업데이트했다고 11일 밝혔다. 이번 업데이트는 콘텐츠를 검색할 때 대화 형태로 할 수 있는 것이 특징이다.(사진=LGU+)기존에는 고객이 단순 키워드로만 원하는 콘텐츠 검색이 가능했었다. 이번에 업데이트를 한 고객은 원하는 콘텐츠를 검색할 때, 음성으로 대화하듯이 △”이 중에 한국 영화는?”처럼 필터링를 걸거나 △”액션 말고 로맨스”와 같이 조건을 변경할 수 있고 △”다른 재밌는 게 뭘까?” 물으면서 재검색할 수 있다.AI는 고객과 대화하면서 현재의 맥락을 파악하고 고객 눈높이에 맞는 콘텐츠 정보를 빠르게 제공한다. 특히, 이번 업데이트를 통해 AI는 정보를 제공하는 것에서 한 단계 더 나아가 고객에게 “이 드라마는 어때?”처럼 볼만한 콘텐츠를 먼저 제안까지 할 수 있다.이번 업데이트는 ‘한 번만 묻고 답하는’ 단순 검색을 넘어 자연스러운 ‘대화’를 통해 고객이 찾는 콘텐츠가 불명확해도 질문과 답변을 통해 구체화할 수 있게 됐다. 이는 고객 입장에서 더욱 효율적으로 콘텐츠를 찾을 수 있게 된 것이다.이번 업데이트를 한 고객은 콘텐츠 검색 화면뿐만 아니라 실시간TV 및 VOD 플레이어 화면에서 시청 중간에도 음성으로 원하는 설정이 가능하다. LG유플러스 U+tv 사용 데이터에 따르면, VOD 시청 도중에 다음 회차를 보려면 평균 8번의 리모컨 클릭을 했어야 했다. 더불어, 배속 설정을 하려면 6번, 자막 설정을 하려면 9번의 리모컨 클릭을 해야 가능했다.LG유플러스는 해당 데이터를 바탕으로 고객의 불편을 개선하고자 시청 도중 원하는 설정을 할 수 있도록 ‘말로하는 설정’ 기능을 도입했다. 예를 들어, 설정이 필요한 고객은 VOD 플레이어 화면에서 시청 도중 리모컨에 있는 마이크 버튼을 누르고 “자막 켜줘”, “2회 틀어줘”, “2배속으로 보여줘”, “1시간 10분부터 보여줘” 등을 말하면 바로 화면에 적용할 수 있다.시청 편의 기능 외에도 △자녀 보호를 위한 연령별·성인 콘텐츠 제한 △실시간 해설 방송 △시각장애인을 위한 특화 기능 등 고객이 안심하고 편리하게 U+tv를 이용할 수 있는 설정들을 말로 할 수 있다.정진이 LG유플러스 미디어사업트라이브장(담당)은 “음성 검색 고도화를 통해 고객에게 최고의 시청 경험뿐만 아니라 편리함까지 제공할 수 있게 돼 매우 기쁘다”며 “LG유플러스의 AI ‘익시’를 활용해 고객에게 차별화된 고객 경험을 전달하기 위해 앞으로도 노력하겠다”고 말했다."
https://n.news.naver.com/mnews/article/001/0015734628?sid=105,2025-11-11 09:13:08,IT/과학,"[AI픽] LGU+, AI 기반으로 'U+tv' 음성 검색 기능 개선","[LG유플러스 제공. 재판매 및 DB 금지](서울=연합뉴스) 박형빈 기자 = LG유플러스는 IPTV 서비스 'U+tv'의 음성 검색 기능을 인공지능(AI) 시스템 익시(ixi) 기반으로 업데이트했다고 11일 밝혔다.기존에는 고객이 단순 키워드로만 원하는 콘텐츠를 검색할 수 있었지만, 이번 업데이트를 통해 음성으로 대화하듯이 물어볼 수 있게 됐다.AI는 고객과 대화하면서 현재의 맥락을 파악하고 고객 눈높이에 맞는 콘텐츠 정보를 빠르게 제공하고 고객에게 볼만한 콘텐츠를 먼저 제안하기도 한다.시청 도중 원하는 설정도 음성으로 변경할 수 있고 실시간 해설방송, 시각장애인 특화 기능 등도 고객이 안심하고 편리하게 이용할 수 있게 한다.정진이 LG유플러스 미디어사업트라이브장(담당)은 ""LG유플러스의 AI '익시'를 활용해 고객에게 차별화된 고객 경험을 전달하기 위해 앞으로도 노력하겠다""고 말했다.binzz@yna.co.kr"
https://n.news.naver.com/mnews/article/031/0000979715?sid=105,2025-11-11 09:16:15,IT/과학,"LGU+, IPTV 'U+tv' 음성 검색에 대화형 AI 적용","고객 맞춤형 콘텐츠 추천부터 자막·배속 설정까지 음성으로 처리LG유플러스는 IPTV 서비스 'U+tv'의 음성 검색 기능을 AI 시스템 '익시(ixi)' 기반으로 고도화했다고 11일 밝혔다. 이번 업데이트는 단순 키워드 중심의 기존 검색 방식에서 벗어나 자연스러운 대화형 검색이 가능해진 것이 특징이다.LG유플러스가 IPTV 서비스 ‘U+tv’의 음성 검색 기능을 AI 시스템 익시(ixi) 기반으로 업데이트했다고 11일 밝혔다. [사진=LGU+]업데이트된 기능을 이용하면 고객은 콘텐츠를 찾을 때 ""이 중에 한국 영화는?"", ""액션 말고 로맨스"", ""다른 재밌는 게 뭘까?""처럼 대화하듯 질문하고 조건을 수정하거나 필터링할 수 있다. AI는 이러한 맥락을 실시간으로 파악해 고객이 원하는 콘텐츠를 빠르게 제안하며, 나아가 ""이 드라마는 어때?""처럼 추천까지 가능하다.기존 음성 검색은 한 번 묻고 답하는 형태였지만, 이번 개편으로 여러 차례 질의응답을 주고받는 방식으로 콘텐츠 탐색이 가능해졌다. 검색 대상이 불명확할 경우에도 대화를 통해 범위를 좁혀나갈 수 있어 편의성이 높아졌다는 평가다.또한 고객은 실시간TV 및 VOD 콘텐츠 시청 중에도 마이크 버튼을 누르고 ""자막 켜줘"", ""2회 틀어줘"", ""2배속으로 보여줘"", ""1시간 10분부터 보여줘"" 등 원하는 설정을 음성으로 직접 수행할 수 있다. 기존에는 VOD 시청 중 다음 회차 시청까지 평균 8번, 배속 설정은 6번, 자막 설정은 9번의 리모컨 클릭이 필요했다.이와 함께 △연령별·성인 콘텐츠 제한 △실시간 해설 방송 △시각장애인 특화 기능 등 다양한 시청 편의 설정도 음성으로 제어할 수 있다.정진이 LG유플러스 미디어사업트라이브장은 ""음성 검색 고도화를 통해 고객에게 최고의 시청 경험과 편리함을 동시에 제공할 수 있어 기쁘다""며 ""앞으로도 AI '익시'를 중심으로 차별화된 고객 경험을 지속 확대하겠다""고 말했다."
https://n.news.naver.com/mnews/article/092/0002397857?sid=105,2025-11-11 09:33:12,IT/과학,"LGU+ ""IPTV에서 대화하듯이 검색하세요""","LG유플러스가 IPTV 서비스 ‘U+tv’의 음성 검색 기능을 AI 시스템 익시(ixi) 기반으로 업데이트했다고 11일 밝혔다.기존에는 단순 키워드로만 원하는 콘텐츠 검색이 가능했으나 업데이트를 통해 음성으로 대화하듯이 ▲”이 중에 한국 영화는?”처럼 필터링를 걸거나 ▲”액션 말고 로맨스”와 같이 조건을 변경할 수 있고 ▲”다른 재밌는 게 뭘까?” 물으면서 재검색이 가능해졌다.AI는 고객과 대화하면서 현재의 맥락을 파악하고 고객 눈높이에 맞는 콘텐츠 정보를 빠르게 제공한다. 특히 이번 업데이트를 통해 AI는 정보를 제공하는 것에서 한 단계 더 나아가 고객에게 “이 드라마는 어때?”처럼 볼만한 콘텐츠를 먼저 제안까지 할 수 있다.‘한 번만 묻고 답하는’ 단순 검색을 넘어 자연스러운 ‘대화’를 통해 고객이 찾는 콘텐츠가 불명확해도 질문과 답변을 통해 구체화할 수 있게 됐다.콘텐츠 검색 화면뿐만 아니라 실시간TV 및 VOD 플레이어 화면에서 시청 중간에도 음성으로 원하는 설정이 가능하다. LG유플러스 U+tv 사용 데이터에 따르면, VOD 시청 도중에 다음 회차를 보려면 평균 8번의 리모컨 클릭을 했어야 했다. 더불어, 배속 설정을 하려면 6번, 자막 설정을 하려면 9번의 리모컨 클릭을 해야 가능했다.LG유플러스는 이 데이터를 바탕으로 고객의 불편을 개선하고자 시청 도중 원하는 설정을 할 수 있도록 ‘말로하는 설정’ 기능을 도입했다. 예컨대 설정이 필요한 고객은 VOD 플레이어 화면에서 시청 도중 리모컨에 있는 마이크 버튼을 누르고 “자막 켜줘”, “2회 틀어줘”, “2배속으로 보여줘”, “1시간 10분부터 보여줘” 등을 말하면 바로 화면에 적용할 수 있다.정진이 LG유플러스 미디어사업트라이브장은 “음성 검색 고도화를 통해 고객에게 최고의 시청 경험뿐만 아니라 편리함까지 제공할 수 있게 돼 매우 기쁘다”며 “LG유플러스의 AI ‘익시’를 활용해 고객에게 차별화된 고객 경험을 전달하기 위해 앞으로도 노력하겠다”고 말했다."
https://n.news.naver.com/mnews/article/008/0005276292?sid=105,2025-11-11 09:44:04,IT/과학,"""이 드라마 어때?""...LGU+, IPTV 음성 검색 AI 업데이트","LG유플러스 직원이 ‘U+tv’의 음성 검색 기능을 소개하고 있다. /사진=LG유플러스LG유플러스는 IPTV(인터넷TV) 서비스 'U+tv'의 음성 검색 기능을 AI(인공지능) 시스템 익시(ixi) 기반으로 업데이트했다고 11일 밝혔다. 이번 업데이트는 콘텐츠를 검색할 때 대화 형태로 할 수 있는 것이 특징이다.기존에는 고객이 단순 키워드로만 원하는 콘텐츠 검색이 가능했었다. 이번에 업데이트를 한 고객은 원하는 콘텐츠를 검색할 때, 음성으로 대화하듯이 ""이 중에 한국 영화는?""처럼 필터링를 걸거나, ""다른 재밌는 게 뭘까?"" 물으면서 재검색할 수 있다.AI는 고객과 대화하면서 현재의 맥락을 파악하고 고객 눈높이에 맞는 콘텐츠 정보를 빠르게 제공한다. 특히 이번 업데이트를 통해 AI는 정보를 제공하는 것에서 한 단계 더 나아가 고객에게 ""이 드라마는 어때?""처럼 볼만한 콘텐츠를 먼저 제안까지 할 수 있다.업데이트를 한 고객은 콘텐츠 검색 화면뿐만 아니라 실시간TV 및 VOD(다시보기) 플레이어 화면에서 시청 중간에도 음성으로 원하는 설정이 가능하다.LG유플러스는 시청 도중 원하는 설정을 할 수 있도록 '말로하는 설정' 기능도 도입했다. 예를 들어, 설정이 필요한 고객은 VOD 플레이어 화면에서 시청 도중 리모컨에 있는 마이크 버튼을 누르고 ""자막 켜줘"" ""2회 틀어줘"" 등을 말하면 바로 화면에 적용할 수 있다.정진이 LG유플러스 미디어사업트라이브장(담당)은 ""음성 검색 고도화를 통해 고객에게 최고의 시청 경험뿐만 아니라 편리함까지 제공할 수 있게 돼 매우 기쁘다""며 ""LG유플러스의 AI '익시'를 활용해 고객에게 차별화된 고객 경험을 전달하기 위해 앞으로도 노력하겠다""고 말했다."
https://n.news.naver.com/mnews/article/138/0002209242?sid=105,2025-11-11 10:51:06,IT/과학,"LGU+ U+tv’, AI 기반 음성검색 기능 개선","[디지털데일리 강소현기자] LG유플러스는 인터넷TV(IPTV) 서비스 ‘U+tv’의 음성 검색 기능을 업데이트했다고 11일 밝혔다.이번 업데이트로 U+tv에는 인공지능(AI) 시스템 익시(ixi)가 적용됐다. 콘텐츠를 검색할 때 대화 형태로 할 수 있는 것이 특징이다. 기존에는 고객이 단순 키워드로만 원하는 콘텐츠 검색이 가능했다.예컨대 고객은 “이 중에 한국 영화는?” “액션 말고 로맨스” 등 음성으로 대화하듯이 검색 조건을 변경할 수 있다. 또 ""다른 재밌는 게 뭘까?""라고 물으면 재검색이 이뤄진다.시청 중간에도 음성으로 원하는 설정이 가능하다. LG유플러스는 고객의 불편을 개선하고자 시청 도중 원하는 설정을 할 수 있도록 ‘말로하는 설정’ 기능을 도입했다. 시청 도중 리모컨에 있는 마이크 버튼을 누르고 “자막 켜줘” “2배속으로 보여줘” 등을 말하면 바로 화면에 반영된다.정진이 LG유플러스 미디어사업트라이브장(담당)은 ""음성 검색 고도화를 통해 고객에게 최고의 시청 경험뿐만 아니라 편리함까지 제공할 수 있게 돼 매우 기쁘다”며 “LG유플러스의 AI ‘익시’를 활용해 고객에게 차별화된 고객 경험을 전달하기 위해 앞으로도 노력하겠다”고 말했다."
https://n.news.naver.com/mnews/article/016/0002555974?sid=105,2025-11-11 11:35:07,IT/과학,"LGU+, AI 기반으로 ‘U+tv’ 음성 검색 개선","리모컨 클릭 없이 콘텐츠 검색시청 중 음성으로 배속·자막 설정“‘익시’ 기반 차별화된 고객 경험”LG유플러스 직원들이 ‘U+tv’의 음성 검색 기능을 소개하고 있다. [LG유플러스 제공]LG유플러스는 IPTV 서비스 ‘U+tv’의 음성 검색 기능을 인공지능(AI) 시스템 ‘익시(ixi)’ 기반으로 업데이트했다고 11일 밝혔다. 이번 업데이트는 콘텐츠를 검색할 때 대화 형태로 할 수 있는 것이 특징이다.이번 업데이트를 통해 고객은 단순 키워드 검색을 넘어 원하는 콘텐츠를 대화하듯 질문할 수 있게 됐다. 고객은 “이 중에 한국 영화는?”처럼 필터링를 걸거나, “액션 말고 로맨스”와 같이 조건을 변경할 수 있다. “다른 재밌는 게 뭘까?” 물으면서 재검색하는 것도 가능하다.AI는 고객과 대화하면서 현재의 맥락을 파악하고 고객 눈높이에 맞는 콘텐츠 정보를 빠르게 제공한다. 특히, AI는 정보를 제공하는 것에서 한 단계 더 나아가 고객에게 “이 드라마는 어때”처럼 볼만한 콘텐츠를 먼저 제안까지 할 수 있다.이번 업데이트는 ‘한 번만 묻고 답하는’ 단순 검색을 넘어 자연스러운 ‘대화’를 통해 고객이 찾는 콘텐츠가 불명확해도 질문과 답변을 통해 구체화할 수 있게 됐다. 고객 입장에서 더욱 효율적으로 콘텐츠를 찾을 수 있게 된 것이다.콘텐츠 검색 화면뿐만 아니라 실시간TV와 VOD 플레이어 화면에서도 음성으로 원하는 설정이 가능하다. LG유플러스 U+tv 사용 데이터에 따르면 VOD 시청 도중에 다음 회차를 보려면 평균 8번의 리모컨 클릭을 해야 했다. 더불어 배속 설정을 하려면 6번, 자막 설정을 하려면 9번의 리모컨 클릭을 해야 가능했다.LG유플러스는 해당 데이터를 바탕으로 고객의 불편을 개선하고자 ‘말로 하는 설정’ 기능을 도입했다.정진이 LG유플러스 미디어사업트라이브장(담당)은 “음성 검색 고도화를 통해 고객에게 최고의 시청 경험뿐만 아니라 편리함까지 제공할 수 있게 돼 매우 기쁘다”며 “LG유플러스의 AI ‘익시’를 활용해 고객에게 차별화된 고객 경험을 전달하기 위해 앞으로도 노력하겠다”고 말했다. 권제인 기자"
https://n.news.naver.com/mnews/article/016/0002555989?sid=101,2025-11-11 11:39:11,경제,"코스피 외면한 외인, 배당주는 담았다","통신·금융 중심 고배당주 선호LGU+ 외인 지분율 올해 최고NH투증·기업은행주도 순매수세제완화로 고배당 선호 지속외국인 투자자들이 4000선을 회복한 코스피를 외면하면서도 배당주는 담는 선별적 매수세를 이어가고 있다. 코스피를 둘러싸고 변동성 우려와 상승 전망이 혼재하는 시기에 전반적인 관망세를 유지하면서 배당을 노리는 투자법으로 풀이된다.11일 한국거래소에 따르면 전날 LG유플러스의 외국인 지분율 41.63%를 기록하며 올해 최대치로 집계됐다. LG유플러스는 배당수익률이 6%를 넘는 대표적인 배당주다. 외국인은 이달 6거래일 내내 코스피를 7조3400억원 넘게 순매도하면서도 LG유플러스는 130억원 사들였다.외국인 매수세로 외국인 한도 소진율 역시 올해 최대치(84.95%)를 기록했다. 국내 전기통신사업법은 LG유플러스를 비롯한 6개 통신주에 대해 외국인의 취득 규모를 발행주식 전체의 49%로 제한한다. 즉 올해 외국인이 LG유플러스를 사들일 수 있는 남은 주식 한도는 가장 적은 수준이라는 의미다.대표적인 배당주 KT 역시 올해 외국인 수량 품절 행진을 이어가고 있다. KT는 지난 2월 19일 이후 9개월 여간 외국인 한도 소진율 100%를 유지하고 있다. 외국인 보유 가능 지분을 가득 채워 더 이상 매수가 불가능한 상황이다. KT는 배당수익률 4.56%로 상위 20위권에 위치한 고배당주다. SK텔레콤은 해킹 사태 여파에 따른 주가 부진과 3분기 배당 미지급으로 외국인 지분율이 하락했지만, 이달 외국인은 18억원어치 순매수했다.외국인의 배당주 선별 매수세는 통신주에 국한되지 않는다. 배당수익률이 높은 종목들인 은행과 증권 종목을 사들이고 있다.외국인은 이달 NH투자증권과 기업은행을 각각 342억원, 160억원 순매수했다. 두 종목은 각각 배당수익률 6.81%, 7.43%로 전날 코스콤체크 기준 상위 5위권에 위치했다. 배당수익률이 7%를 넘어가는 삼성카드 역시 54억원을 사들였으며 6%대인 키움증권과 하나금융지주도 각각 24억원, 18억원 순매수했다.금융은 대표적인 고배당 업종으로 정책 효과에 따른 밸류에이션(기업가치) 정상화 수혜가 기대된다. 증권 업종 역시 정부 정책 수혜와 최근 주식시장 호황에 따른 실적 개선이 맞물리며 주가 상승 여력이 크다는 평가가 나온다. 당정이 배당소득 최고세율을 완화하면서 외국인의 고배당주 선호 흐름은 지속될 걸로 관측된다.전통적 고배당주인 통신주 역시 낙관적 전망이 나온다.김장원 BNK투자증권 연구원은 LG유플러스에 대해 “가입자 시장이 안정되는 4분기 이후에 가입자는 유지된 채 비용이 줄어드는 셈이니 수익성이 개선되고 인력 감축 효과까지 더해져 더 큰 효과가 발생하게 될 전망이다”며 “비용 집행이 많은 4분기보다는 내년 초에 뚜렷이 나타날 것으로 예상하는 가운데 4분기도 작년보다는 좋을 것으로 예상된다”고 했다.정지수·박건영 메리츠증권 연구원은 SK텔레콤에 대해 “신임 대표이사 선임에 따른 4분기 실적 빅베스(Big Bath)와 연말 배당 불확실성이 실적과 주가에 마지막 허들“이라며 ”2026년부터 ‘경영+실적+배당 정상화’를 예상한다“고 했다. 유동현 기자"
https://n.news.naver.com/mnews/article/009/0005588468?sid=105,2025-11-11 17:41:11,IT/과학,"LGU+, IPTV에 AI 음성 검색 도입","자막 설정·특정 회차 재생 등AI에 대화로 명령해 실행 가능LG유플러스가 자사 IPTV에 인공지능(AI)을 활용한 대화형 음성 검색을 도입했다. LG유플러스는 IPTV 서비스 'U+tv'의 음성 검색 기능을 자사 AI 시스템 '익시(ixi)' 기반으로 업데이트했다고 11일 밝혔다.기존에도 음성 검색은 제공됐으나 일회성의 키워드 기반 검색만 가능했다. 이번 업데이트를 통해서는 1차 검색 후 ""이 중에 한국 영화만 보여줘""처럼 대화를 하며 조건을 추가하거나 ""액션 말고 로맨스""와 같이 조건을 바꿔 질문하는 것이 가능해졌다.또한 AI가 대화 맥락에 따라 ""이 드라마는 어때?""라고 이용자에게 먼저 콘텐츠를 제안하는 기능도 포함됐다.주문형비디오(VOD)를 시청할 때도 대화를 통해 시청을 제어할 수 있다. 리모컨 마이크 버튼을 누르고 ""자막 켜줘"" ""2회 틀어줘"" ""1시간10분부터 재생해""와 같이 원하는 설정을 요청하면 AI가 이를 인식해 바로 적용한다.[정호준 기자]"
https://n.news.naver.com/mnews/article/417/0001112665?sid=105,2025-11-12 08:39:38,IT/과학,"LG U+, 올인원 알뜰폰 서비스 '알닷 2.0' 공개","LG유플러스가 올인원 알뜰폰 서비스 ‘알닷’의 기능을 개편한 ‘알닷 2.0’을 선보인다고 12일 밝혔다. 사진은 모델이 새롭게 개편한 알닷 2.0을 소개하고 있는 모습. /사진=LG유플러스LG유플러스가 올인원 알뜰폰 서비스 '알닷 2.0'을 선보인다고 12일 밝혔다.지난해 5월 출시한 알닷은 약 900여 개의 알뜰폰 요금제를 비교하고 비대면 셀프 개통을 지원하는 온라인 서비스로 시작해 올해 10월까지 누적 이용자 수 300만명을 돌파했다.LG유플러스는 알뜰폰의 대중화로 꾸준히 증가하는 알닷의 이용자들에게 더 편리한 서비스를 제공하고자 대규모 개편을 진행했다. 알닷 2.0은 알뜰폰 고객이 변경·해지·개통 등의 업무를 온라인에서 직접 처리할 수 있는 게 특징이다.알닷 2.0에 추가된 기능으로는 ▲알닷케어 셀프 처리 서비스 ▲선불요금제 유심·eSIM 셀프 개통·충전 ▲부가서비스 가입·조회·변경 ▲인터넷·IPTV 결합 상담 신청 등이 있다.이번 2.0 개편의 핵심은 알닷케어 셀프 처리 서비스다. 알닷케어는 알뜰폰 관련 문의를 할 수 있는 온라인 통합 고객센터로 지난해 12월 알닷에 추가됐다. UI·UX도 고객 친화적으로 개편해 첫 화면에서 실시간 사용량, 요금제 사용기간, 부가서비스 정보, 홈 결합 정보 등을 한눈에 확인할 수 있다.LG유플러스는 국내 통신사 중 최초로 알뜰폰 선불 요금제 유심·eSIM 셀프 개통 서비스를 신규 론칭했다. 기존에 LG유플러스 알뜰폰을 셀프 개통하려면 사업자 홈페이지에서 유심으로만 가능했지만 최근 선불 요금제 누적 가입자 수가 100만을 돌파하는 등 이용 고객이 늘면서 알닷에서 유심과 eSIM 중 선택해 개통할 수 있게 됐다.사업자 고객센터에서만 가입·해지가 가능했던 부가서비스도 이번 개편으로 60가지의 서비스 모두 알닷에서 직접 조회·변경·해지할 수 있다..강진욱 모바일/디지털혁신그룹장(상무)은 ""470만명 LG유플러스 알뜰폰 고객이 알닷으로 편리하게 알뜰폰을 사용하도록 개편하고 알뜰폰 사업자도 고객 상담(CS) 부담을 덜 수 있도록 알닷 2.0으로 개편했다""며 ""앞으로도 차별화된 기능을 추가해 알뜰폰 이용 경험을 혁신해 나가겠다""고 말했다."
https://n.news.naver.com/mnews/article/421/0008598635?sid=105,2025-11-12 09:00:00,IT/과학,'알뜰폰도 클릭 한 번으로 끝'…LGU+ '알닷 2.0' 공개,"요금 납부·유심 변경·분실폰 찾기까지 온라인 처리선불 eSIM 셀프 개통 첫 도입LG유플러스가 올인원 알뜰폰 서비스 '알닷'의 기능을 개편한 '알닷 2.0'을 12일 공개했다. 사진은 모델이 새롭게 개편한 알닷 2.0을 소개하고 있는 모습. 2025.11.12/뉴스1(LG유플러스 제공)(서울=뉴스1) 김민수 기자 = LG유플러스(032640)가 12일 올인원 알뜰폰 서비스 '알닷'의 기능을 개편한 '알닷 2.0'을 공개했다.지난해 5월 출시한 알닷은 900여 개의 알뜰폰 요금제를 비교하고, 비대면 자가 개통을 지원하는 온라인 서비스다. 올해 10월까지 누적 이용자 수 300만 명을 넘어섰다.개편된 알닷 2.0은 알뜰폰 고객이 변경·해지·개통 등의 업무를 온라인에서 직접 처리할 수 있는 게 특징이다. 추가된 기능은 △알닷케어 셀프 처리 서비스 △선불요금제 유심·이심(eSIM) 셀프 개통·충전 △부가서비스 가입·조회·변경 △인터넷·IPTV 결합 상담 신청 등이다.알닷케어 셀프 처리 서비스가 이번 개편의 핵심이다. 알닷케어는 알뜰폰 관련 문의를 할 수 있는 온라인 통합 고객센터로 지난해 12월 알닷에 추가됐다. 알닷케어 출시 당시에는 사용 현황과 요금·납부 등 기본 업무만 가능했다.하지만 이번 2.0에선 △증명서 발급 △번호 변경 △사용 요금 즉시 납부 △유심·이심변경 및 부가서비스 가입·조회·변경 △분실폰 위치 찾기 기능이 추가됐다.또한 알닷에서는 알뜰폰 선불 요금제 유심·이심 자가 개통 서비스를 신규 발매했다. 이심 선불 요금제 자가 개통 서비스는 국내 통신사 중 최초다. 기존에 사업자 고객센터에서만 가입·해지가 가능했던 부가서비스도 이번 개편으로 60가지의 서비스 모두 알닷에서 직접 조회·변경·해지할 수 있다.LG유플러스는 이번 개편에 맞춰 프로모션도 진행한다. 알닷에 처음으로 휴대폰 정보를 등록한 선착순 1000명과 개편 내용에 관한 O/X 퀴즈에 참여한 고객 1000명에게 커피 기프티콘을 선물한다."
https://n.news.naver.com/mnews/article/277/0005677997?sid=105,2025-11-12 09:00:00,IT/과학,"LGU+, 알뜰폰 플랫폼 '알닷 2.0' 선보여…선불 이심 셀프 개통 도입","셀프 개통·해지·변경까지 한 번에…알뜰폰 고객 편의 대폭 강화LG유플러스가 올인원 알뜰폰 서비스 ‘알닷’의 기능을 개편한 ‘알닷 2.0’을 선보인다고 12일 밝혔다. 사진은 모델이 새롭게 개편한 알닷 2.0을 소개하고 있는 모습. 사진제공=LG유플러스LG유플러스가 알뜰폰 고객을 위한 온라인 통합 플랫폼 '알닷'을 개편한 '알닷 2.0'을 선보인다고 12일 밝혔다. 지난해 5월 출시된 알닷은 900여개의 알뜰폰 요금제를 비교하고 비대면 셀프 개통을 지원하는 서비스로, 올해 10월 누적 이용자 300만명을 돌파했다.이번 개편은 꾸준히 늘고 있는 알뜰폰 이용자에게 보다 편리한 서비스를 제공하기 위한 것으로, 고객이 개통·변경·해지 등 업무를 온라인에서 직접 처리할 수 있도록 한 점이 핵심이다.새롭게 추가된 주요 기능은 ▲알닷케어 셀프 처리 서비스 ▲선불요금제 유심·이심(eSIM) 셀프 개통·충전 ▲부가서비스 가입·조회·변경 ▲인터넷·IPTV 결합 상담 신청 등이다.특히 '알닷케어 셀프 처리 서비스'는 이번 개편의 중심 기능으로, LG유플러스 망을 사용하는 27개 알뜰폰 사업자 고객이 온라인에서 통합 고객센터 기능을 이용할 수 있도록 했다. 기존에는 요금·납부 확인 등 기본 업무만 가능했지만, 이번 2.0 버전에서는 ▲증명서 발급 ▲번호 변경 ▲유심·이심 변경 ▲부가서비스 관리 ▲분실폰 위치 찾기 등으로 확대됐다. UI·UX도 개선돼 첫 화면에서 실시간 사용량, 요금제 기간, 부가서비스, 홈 결합 정보 등을 한눈에 확인할 수 있도록 했다.또한 국내 통신사 중 처음으로 이심 선불 요금제 셀프 개통 서비스도 도입됐다. 그동안 유심 방식만 지원됐던 셀프 개통 절차에 이심이 추가되면서, 선불 요금제 이용자 증가세에 대응한 유연한 개통 환경을 마련했다.아울러 기존에 사업자 고객센터를 통해서만 가능했던 60여종의 부가서비스 가입·조회·해지도 알닷 2.0에서 직접 처리할 수 있게 됐다.강진욱 LG유플러스 모바일/디지털혁신그룹장(상무)은 ""470만명에 달하는 LG유플러스 알뜰폰 고객이 알닷을 통해 보다 편리하게 서비스를 이용할 수 있도록 개편했다""며 ""알뜰폰 사업자의 고객 상담 부담도 덜고, 앞으로도 차별화된 기능으로 이용 경험을 혁신해 나가겠다""고 말했다.한편, LG유플러스는 이번 개편을 기념해 프로모션도 진행한다. 알닷에 처음 휴대폰 정보를 등록한 선착순 1000명과 개편 관련 O/X 퀴즈에 참여한 고객 1000명에게 각각 커피 기프티콘을 증정한다."
https://n.news.naver.com/mnews/article/003/0013594842?sid=105,2025-11-12 09:00:00,IT/과학,"""300만 이용하는 알뜰폰 올인원 서비스""…LGU+, '알닷 2.0' 공개","알닷 2.0, 알뜰폰 개통·변경·해지 등 셀프 처리알뜰폰 파트너사 27곳 고객 누구나 이용 가능분실폰 위치 찾기 등 실용성 높은 기능도 추가[서울=뉴시스]박은비 기자 = LG유플러스는 올인원 알뜰폰 서비스 알닷 기능을 개편한 '알닷 2.0'을 선보인다고 12일 밝혔다.지난해 5월 출시한 알닷은 약 900여개 알뜰폰 요금제를 한 번에 비교하고, 비대면 셀프 개통을 지원하는 온라인 서비스로 시작했다. 올해 10월까지 누적 이용자수 300만명을 돌파한 상태다.알닷 2.0은 알뜰폰 고객이 개통·변경·해지 등 업무를 온라인에서 직접 처리할 수 있는 게 특징이다. 이번 알닷 2.0에 추가된 기능으로는 ▲알닷케어 셀프 처리 서비스 ▲선불요금제 유심·이심(eSIM) 셀프 개통·충전 ▲부가서비스 가입·조회·변경 ▲인터넷·인터넷TV(IPTV) 결합 상담 신청 등이 있다.알닷케어는 알뜰폰 관련 문의를 할 수 있는 온라인 통합 고객센터로 지난해 12월 알닷에 추가됐다. LG유플러스 망으로 알뜰폰 사업을 하는 27개 파트너사 고객이라면 누구나 이용 가능하다.알닷케어 출시 당시에는 사용 현황과 요금·납부 등 기본 업무만 가능했다면 이번 2.0에서는 증명서 발급, 번호 변경, 사용 요금 즉시 납부, 유심·eSIM 변경 및 부가서비스 가입·조회·변경, 분실폰 위치 찾기 등 실용성 높은 기능을 추가했다.사용자인터페이스(UI)·사용자경험(UX)도 고객 친화적으로 개편해 첫 화면에서 실시간 사용량, 요금제 사용기간, 부가서비스 정보, 홈 결합 정보 등을 한 눈에 확인할 수 있다.더불어 알닷에서는 알뜰폰 선불 요금제 유심·eSIM 셀프 개통 서비스를 신규 론칭했다. eSIM 선불 요금제를 셀프 개통하는 서비스는 국내 통신사 중에서 처음이라는 게 회사 설명이다.기존에 LG유플러스 알뜰폰을 셀프 개통하려면 사업자 홈페이지에서 유심으로만 가능했다. 하지만 최근 선불 요금제 누적 가입자수가 100만명을 돌파하는 등 이용 고객이 늘면서 LG유플러스 알뜰폰 고객은 알닷에서 유심과 eSIM 중 선택해 개통할 수 있게 됐다.기존에 사업자 고객센터에서만 가입·해지가 가능했던 부가서비스도 이번 개편으로 60가지 서비스 모두 알닷에서 직접 조회·변경·해지 가능하다.강진욱 LG유플러스 모바일·디지털혁신그룹장(상무)은 ""LG유플러스 알뜰폰 고객 470만명이 알닷으로 편리하게 알뜰폰을 사용하도록 개편하고, 알뜰폰 사업자도 고객 상담(CS) 부담을 덜 수 있도록 알닷 2.0으로 개편했다""며 ""앞으로도 차별화된 기능을 추가해 알뜰폰 이용 경험을 혁신해 나가겠다""고 말했다．"
https://n.news.naver.com/mnews/article/008/0005276866?sid=105,2025-11-12 09:00:00,IT/과학,"LGU+, 알뜰폰 서비스 '알닷 2.0' 공개...""변경·해지·개통 한 번에""","LG유플러스 모델이 새롭게 개편한 알닷 2.0을 소개하고 있다. /사진=LG유플러스LG유플러스는 올인원 알뜰폰 서비스 '알닷'의 기능을 개편한 '알닷 2.0'을 선보인다고 12일 밝혔다.지난해 5월 출시한 알닷은 약 900여개의 알뜰폰 요금제를 한눈에 비교하고, 비대면 셀프 개통을 지원하는 온라인 서비스로 시작해 올해 10월까지 누적 이용자 수 300만명을 돌파했다.알닷 2.0은 알뜰폰 고객이 변경·해지·개통 등의 업무를 온라인에서 직접 처리할 수 있는 게 특징이다. 새로 추가된 기능으로는 △알닷케어 셀프 처리 서비스 △선불요금제 유심·eSIM 셀프 개통·충전 △부가서비스 가입·조회·변경 △인터넷·IPTV 결합 상담 신청 등이 있다.알닷케어 셀프 처리 서비스는 이번 2.0 개편의 핵심이다. 알닷케어는 알뜰폰 관련 문의를 할 수 있는 온라인 통합 고객센터로 지난해 12월 알닷에 추가됐다. LG유플러스 망으로 알뜰폰 사업을 하는 27개 파트너사 고객이라면 누구나 이용 가능하다.알닷케어 출시 당시에는 사용 현황 및 요금·납부 등 기본 업무만 가능했다면, 2.0에서는 △증명서 발급 △번호 변경 △사용 요금 즉시 납부 △유심·eSIM 변경 및 부가서비스 가입·조회·변경 △분실폰 위치 찾기 등 실용성 높은 기능을 추가했다. UI(사용자인터페이스)도 고객 친화적으로 개편했다.강진욱 LG유플러스 모바일·디지털혁신그룹장(상무)은 ""470만명 LG유플러스 알뜰폰 고객이 알닷으로 편리하게 알뜰폰을 사용하도록 개편하고, 알뜰폰 사업자도 CS(고객상담) 부담을 덜 수 있도록 알닷 2.0으로 개편했다""며 ""앞으로도 차별화된 기능을 추가해 알뜰폰 이용 경험을 혁신해 나가겠다""고 말했다."
https://n.news.naver.com/mnews/article/029/0002992996?sid=102,2025-11-12 09:00:01,사회,"ICT폴리텍대학, 2026학년도 수시 2차 신입생 모집… 현장 실무 중심 교육으로 정보통신 인재 양성에 박차","11월 21일까지 2026학년도 수시 2차 원서접수 진행국내 유일 정보통신·인공지능(AI) 특성화 대학신입생 전원 2년간 등록금 100% 장학금 지급사진 제공= ICT폴리텍대학국내 유일의 정보통신기술(ICT)·인공지능(AI) 특성화 대학인 ICT폴리텍대학이 2026학년도 수시 2차 신입생을 모집하며, 현장 실무 중심의 ICT 전문 인재 양성에 박차를 가하고 있다. 원서접수는 11월 7일(금)부터 11월 21일(금)까지 진행되며, 합격자 발표는 12월 4일(목)으로 예정되었다.ICT폴리텍대학은 과학기술정보통신부와 고용노동부의 정책적 지원 및 한국정보통신공사협회의 출연을 기반으로 2002년에 설립되었다. 고등학교 졸업자(졸업예정자 포함) 또는 이와 동등 이상의 학력이 있는 자라면 연령 및 성별 제한 없이 누구나 지원할 수 있다.모집 학과는 △AI네트워크학과 △IT융합학과 △AI소프트웨어학과 △정보보안학과 △정보통신학과 총 5개 학과로, 정보통신 전반에 걸친 전문 교육과정을 운영하고 있다.대학은 현장 실무 중심의 커리큘럼과 파격적인 장학 혜택을 통해 산업현장에 즉시 투입 가능한 ‘현장형 전문 인재’를 양성하는 데 주력한다. 특히, 신입생 전원에게 2년간 등록금 100%를 장학금으로 지원하는 ‘미래인재장학금’ 제도를 운영 중이다. 이 장학금은 국가장학금 신청 및 직전 학기 성적 3.0 이상 유지 시에 지급되며, 재학생 대다수가 혜택을 받고 있어 학생들의 학습 몰입도를 높이는 데 기여하고 있다.또한, 산업체 재직자들의 학업 참여 기회를 확대하기 위해 2년 과정의 주말 대면 수업과 평일 온라인 수업을 병행하는 과정도 함께 운영하고 있다.모든 학과는 첨단 ICT 실습 장비를 갖춘 특성화 실습실을 운영하며, 실습 위주의 교육을 통해 국가기술자격증 취득과 함께 높은 취업률을 달성했다. 졸업생들은 KT, SKT, LGU+ 등 주요 기간통신사업체 및 그룹사, 공공기관, 그리고 전국 1만여 정보통신공사업체, 방송·통신, 소프트웨어 관련 기업 등 다양한 분야로 진출하고 있다.ICT폴리텍대학은 우수 취업처 발굴을 위해 꾸준히 노력해 왔으며, 지난 2022년 10월에는 주식회사 KT와 정보통신 분야 일자리 창출을 위한 MOU를 체결하기도 했다. 협약 체결의 후속 사항으로 주식회사 KT 그룹사에 졸업생 다수가 취업하는 성과를 거두었다. 거기에 더해 유관기관인 한국정보통신공사협회에도 꾸준히 인재를 공급하고 있으며, 취업의 다변화와 안정화를 위해 재학생 및 졸업생들에게 다양한 취업 및 진로를 제안하고 있다. 그 결과 2022년, 2024년 방송통신직 지역인재 국가공무원을 배출하는 성과를 이루었다.ICT폴리텍대학 교학처의 임정희 처장은 “우리 대학은 정부 지원을 받는 국내 유일의 ICT 특성화 대학으로서, 단순한 이론 교육에 머물지 않고 산업현장에서 즉시 활용할 수 있는 실무 중심 교육을 통해 현장형 인재를 양성하고 있다“고 밝혔다. 또한 “멘토·멘티 제도와 교수진의 인성 중심 교수법은 학생들의 태도와 사고를 바꾸는 핵심 동력이다. 이를 바탕으로 학생 본인과 부모님, 기업 모두가 만족하는 교육 성과를 이루는 것이 우리 대학의 가장 큰 경쟁력이며, 앞으로도 기술력과 인성을 함께 갖춘 실무형 ICT 전문인재 양성에 최선을 다하겠다”고 말했다.ICT폴리텍대학은 경기도 광주시 역동에 위치하며, 경강선 ‘경기광주’역에서 도보 5분 거리에 위치하여 교통 접근성이 우수하다. 자세한 사항은 홈페이지를 통해 확인 가능하다."
https://n.news.naver.com/mnews/article/119/0003023916?sid=105,2025-11-12 09:01:09,IT/과학,"LGU+, 알뜰폰 ‘알닷 2.0’ 공개…상담·변경·해지까지 셀프 처리","온라인 고객센터 알닷케어에‘사용 요금 즉시 납부·분실폰 위치 찾기’등 추가모델이 새롭게 개편한 알닷2.0을 소개하고 있는 모습.ⓒLG유플러스[데일리안 = 조인영 기자] LG유플러스는 올인원 알뜰폰 서비스 ‘알닷’의 기능을 개편한 ‘알닷 2.0’을 선보인다고 12일 밝혔다.지난해 5월 출시한 알닷은 약 900여 개의 알뜰폰 요금제를 한눈에 비교하고, 비대면 셀프 개통을 지원하는 온라인 서비스로 시작해 올해 10월까지 누적 이용자 수 300만명을 돌파했다.LG유플러스는 알뜰폰의 대중화로 꾸준히 증가하는 알닷의 이용자들에게 더 편리한 서비스를 제공하고자 개편을 진행했다. 알닷 2.0은 알뜰폰 고객이 변경·해지·개통 등의 업무를 온라인에서 직접 처리할 수 있는 게 특징이다.이번 알닷 2.0에 추가된 기능으로는 ▲알닷케어 셀프 처리 서비스 ▲선불요금제 유심·eSIM 셀프 개통·충전 ▲부가서비스 가입·조회·변경 ▲인터넷·IPTV 결합 상담 신청 등이 있다.알닷케어 셀프 처리 서비스는 이번 2.0 개편의 핵심이다. 알닷케어는 알뜰폰 관련 문의를 할 수 있는 온라인 통합 고객센터로 지난해 12월 알닷에 추가됐다. LG유플러스 망으로 알뜰폰 사업을 하는 27개 파트너사 고객이라면 누구나 이용 가능하다.알닷케어 출시 당시에는 사용 현황 및 요금·납부 등 기본 업무만 가능했다면 이번 2.0에서는 ▲증명서 발급 ▲번호 변경 ▲사용 요금 즉시 납부 ▲유심·eSIM 변경 및 부가서비스 가입·조회·변경 ▲분실폰 위치 찾기 등 실용성 높은 기능을 추가했다.UI·UX도 고객 친화적으로 개편해 첫 화면에서 실시간 사용량, 요금제 사용기간, 부가서비스 정보, 홈 결합 정보 등을 한눈에 확인할 수 있다.알닷에서는 알뜰폰 선불 요금제 유심·eSIM 셀프 개통 서비스를 신규 론칭했다. eSIM 선불 요금제를 셀프 개통하는 서비스는 국내 통신사 중 최초다.기존에 LG유플러스 알뜰폰을 셀프 개통하려면 사업자 홈페이지에서 유심으로만 가능했다. 하지만 최근 선불 요금제 누적 가입자 수가 100만을 돌파하는 등 이용 고객이 늘면서 LG유플러스 알뜰폰 고객은 알닷에서 유심과 eSIM 중 선택해 개통할 수 있게 됐다.기존에 사업자 고객센터에서만 가입·해지가 가능했던 부가서비스도 이번 개편으로 60가지의 서비스 모두 알닷에서 직접 조회·변경·해지할 수 있다.강진욱 LG유플러스 모바일/디지털혁신그룹장(상무)은 “470만명 LG유플러스 알뜰폰 고객이 알닷으로 편리하게 알뜰폰을 사용하도록 개편하고, 알뜰폰 사업자도 고객 상담(CS) 부담을 덜 수 있도록 알닷 2.0으로 개편했다”며 “앞으로도 차별화된 기능을 추가해 알뜰폰 이용 경험을 혁신해 나가겠다”고 말했다.LG유플러스는 이번 개편에 맞춰 프로모션도 진행한다. 알닷에 처음으로 휴대폰 정보를 등록한 선착순 1000명과 개편 내용에 관한 O/X 퀴즈에 참여한 고객 1000명에게 각각 커피 기프티콘을 선물한다."
https://n.news.naver.com/mnews/article/018/0006162175?sid=105,2025-11-12 09:01:11,IT/과학,"LG U+, 올인원 알뜰폰 서비스 ‘알닷 2.0’ 공개...누적 이용자 300만 돌파","변경·해지·개통 등 온라인에서 직접 처리누적 이용자 수 300만명 돌파온라인 고객센터 알닷케어에 ‘사용 요금 즉시 납부·분실폰 위치 찾기’ 추가통신사 최초 eSIM 선불 요금제 셀프 개통·충전 서비스 론칭[이데일리 윤정훈 기자]LG유플러스(032640)가 올인원 알뜰폰 서비스 ‘알닷’의 기능을 개편한 ‘알닷 2.0’을 선보인다고 12일 밝혔다.(사진=LG유플러스)지난해 5월 출시한 알닷은 약 900여 개의 알뜰폰 요금제를 한눈에 비교하고, 비대면 셀프 개통을 지원하는 온라인 서비스로 시작해 올해 10월까지 누적 이용자 수 300만명을 돌파했다.LG유플러스는 알뜰폰의 대중화로 꾸준히 증가하는 알닷의 이용자들에게 더 편리한 서비스를 제공하고자 대규모 개편을 진행했다. 알닷 2.0은 알뜰폰 고객이 변경·해지·개통 등의 업무를 온라인에서 직접 처리할 수 있는 게 특징이다.이번 알닷 2.0에 추가된 기능으로는 △알닷케어 셀프 처리 서비스 △선불요금제 유심·eSIM 셀프 개통·충전 △부가서비스 가입&midd ot;조회·변경 △인터넷·IPTV 결합 상담 신청 등이 있다.알닷케어 셀프 처리 서비스는 이번 2.0 개편의 핵심이다. 알닷케어는 알뜰폰 관련 문의를 할 수 있는 온라인 통합 고객센터로 지난해 12월 알닷에 추가됐다. LG유플러스 망으로 알뜰폰 사업을 하는 27개 파트너사 고객이라면 누구나 이용 가능하다.알닷케어 출시 당시에는 사용 현황 및 요금·납부 등 기본 업무만 가능했다면 이번 2.0에서는 △증명서 발급 △번호 변경 △사용 요금 즉시 납부 △유심·eSIM 변경 및 부가서비스 가입·조회·변경 △분실폰 위치 찾기 등 실용성 높은 기능을 추가했다. UI·UX도 고객 친화적으로 개편해 첫 화면에서 실시간 사용량, 요금제 사용기간, 부가서비스 정보, 홈 결합 정보 등을 한눈에 확인할 수 있다.더불어 알닷에서는 알뜰폰 선불 요금제 유심·eSIM 셀프 개통 서비스를 신규 론칭했다. eSIM 선불 요금제를 셀프 개통하는 서비스는 국내 통신사 중 최초다. 기존에 LG유플러스 알뜰폰을 셀프 개통하려면 사업자 홈페이지에서 유심으로만 가능했다. 하지만 최근 선불 요금제 누적 가입자 수가 100만을 돌파하는 등 이용 고객이 늘면서 LG유플러스 알뜰폰 고객은 알닷에서 유심과 eSIM 중 선택해 개통할 수 있게 됐다.기존에 사업자 고객센터에서만 가입·해지가 가능했던 부가서비스도 이번 개편으로 60가지의 서비스 모두 알닷에서 직접 조회·변경·해지할 수 있다.강진욱 LG유플러스 모바일/디지털혁신그룹장(상무)은 “470만명 LG유플러스 알뜰폰 고객이 알닷으로 편리하게 알뜰폰을 사용하도록 개편하고, 알뜰폰 사업자도 고객 상담(CS) 부담을 덜 수 있도록 알닷 2.0으로 개편했다”며 “앞으로도 차별화된 기능을 추가해 알뜰폰 이용 경험을 혁신해 나가겠다”고 말했다."
https://n.news.naver.com/mnews/article/629/0000442796?sid=105,2025-11-12 09:09:09,IT/과학,"LGU+, 알뜰폰 요금제 강화…'알닷 2.0' 공개","요금제 비교 플랫폼, 고객관리 기능 확장이심 선불 셀프 개통 국내 도입LG유플러스가 알뜰폰 서비스 '알닷'의 기능을 대폭 개편한 '알닷 2.0'을 출시했다. /LG유플러스LG유플러스는 알뜰폰 서비스 '알닷'의 기능을 대폭 개편한 '알닷 2.0'을 출시했다고 12일 밝혔다.알닷은 지난해 5월 출시된 온라인 알뜰폰 비교·개통 서비스로 900여 개 요금제를 한눈에 비교하고 비대면 개통을 지원해왔다. 올해 10월까지 누적 이용자 수는 300만명을 돌파했다.LG유플러스는 알뜰폰 고객의 편의성을 높이기 위해 이번 개편을 단행했다. 알닷 2.0은 이용자가 요금제 변경·해지·개통 등 주요 업무를 온라인에서 직접 처리할 수 있도록 설계됐다.새롭게 추가된 기능은 △알닷케어 셀프 처리 서비스 △선불요금제 유심·이심(eSIM) 셀프 개통 및 충전 △부가서비스 가입·조회·변경 △인터넷·IPTV 결합 상담 신청 등이다.핵심 기능인 알닷케어 셀프 처리 서비스는 온라인 통합 고객센터로 LG유플러스 망을 사용하는 27개 알뜰폰 사업자 고객이 모두 이용할 수 있다. 기존에는 요금 조회와 납부 등 기본 업무만 가능했으나 이번 개편을 통해 증명서 발급·번호 변경·실시간 요금 납부·유심·eSIM 변경·분실폰 위치 찾기 등 실용 기능이 추가됐다.UI·UX도 새롭게 바뀌었다. 고객은 첫 화면에서 사용량·요금제 사용기간·부가서비스·홈 결합 정보 등을 한눈에 확인할 수 있다.또한 알뜰폰 선불 요금제의 eSIM 셀프 개통 서비스가 국내 통신사 중 처음으로 도입됐다. 기존에는 유심으로만 개통 가능했으나 선불 요금제 가입자가 100만명을 넘어선 점을 반영해 eSIM 선택이 가능하도록 했다.부가서비스는 기존 사업자 고객센터를 거치지 않고 알닷 내에서 직접 조회·변경·해지가 가능해졌다. 총 60여 종의 서비스가 대상이다.강진욱 LG유플러스 모바일·디지털혁신그룹장은 ""편리하게 서비스를 이용할 수 있도록 개선해 알뜰폰 사업자도 상담 부담을 덜 수 있을 것""이라며 ""앞으로도 이용 경험을 혁신하는 기능을 지속적으로 선보이겠다""고 말했다.발로 뛰는 더팩트는 24시간 여러분의 제보를 기다립니다.▶카카오톡: '더팩트제보' 검색▶이메일: jebo@tf.co.kr▶뉴스 홈페이지: http://talk.tf.co.kr/bbs/report/write"
https://n.news.naver.com/mnews/article/031/0000980085?sid=105,2025-11-12 09:18:06,IT/과학,"LGU+, 올인원 알뜰폰 서비스 '알닷 2.0' 공개","사용 요금 즉시 납부·분실폰 위치 찾기 등 기능 추가LG유플러스(대표 홍범식)는 올인원 알뜰폰 서비스 알닷 기능을 개편한 알닷 2.0을 선보인다고 12일 밝혔다.모델이 새롭게 개편한 알닷 2.0을 소개하고 있는 모습. [사진=LGU+]알닷은 약 900여개 알뜰폰 요금제를 한눈에 비교하고 비대면 셀프 개통을 지원하는 온라인 서비스다. 지난해 5월 출시됐다. 올해 10월까지 누적 이용자 수 300만명을 돌파했다.LG유플러스는 알닷 이용자에게 더 편리한 서비스를 제공하고자 개편을 진행했다. 알닷 2.0은 알뜰폰 이용자가 변경·해지·개통 등 업무를 온라인에서 직접 처리할 수 있는 게 특징이다.알닷 2.0에 추가된 기능은 △알닷케어 셀프 처리 서비스 △선불요금제 유심·eSIM 셀프 개통·충전 △부가서비스 가입·조회·변경 △인터넷·IPTV 결합 상담 신청 등이다.알닷케어 셀프 처리 서비스는 2.0 개편 핵심이다. 알뜰폰 관련 문의를 할 수 있는 온라인 통합 고객센터로 지난해 12월 알닷에 추가됐다. LG유플러스 망으로 알뜰폰 사업을 하는 27개 파트너사 고객이라면 누구나 이용 가능하다.알닷케어 출시 당시에는 사용 현황 및 요금·납부 등 기본 업무만 가능했다면 2.0에서는 증명서 발급, 번호 변경, 사용 요금 즉시 납부, 유심·eSIM 변경 및 부가서비스 가입·조회·변경, 분실폰 위치 찾기 등 실용성 높은 기능이 추가됐다.UI·UX도 개편해 첫 화면에서 실시간 사용량, 요금제 사용기간, 부가서비스 정보, 홈 결합 정보 등을 한눈에 확인할 수 있도록 했다. 기존에 사업자 고객센터에서만 가입·해지가 가능했던 부가서비스도 이번 개편으로 60가지의 서비스 모두 알닷에서 직접 조회·변경·해지할 수 있다.강진욱 LG유플러스 모바일·디지털혁신그룹장(상무)은 ""470만명 LG유플러스 알뜰폰 고객이 알닷으로 편리하게 알뜰폰을 사용하도록 개편하고, 알뜰폰 사업자도 고객 상담(CS) 부담을 덜 수 있도록 알닷 2.0으로 개편했다""며 ""차별화된 기능을 추가해 알뜰폰 이용 경험을 혁신해 나가겠다""고 말했다."
https://n.news.naver.com/mnews/article/030/0003369222?sid=105,2025-11-12 09:34:15,IT/과학,"LGU+, '알닷 2.0' 공개…알뜰폰 셀프 개통·변경 지원","모델이 새롭게 개편한 알닷 2.0을 소개하고 있는 모습LG유플러스가 올인원 알뜰폰 서비스 '알닷'의 기능을 개편한 '알닷 2.0'을 선보인다.지난해 5월 출시한 알닷은 900여개 알뜰폰 요금제를 한눈에 비교하고 비대면 셀프 개통을 지원하는 온라인 서비스로 시작해 지난달 기준 누적 이용자 수 300만명을 돌파했다.알닷 2.0은 알뜰폰 고객이 변경·해지·개통 등의 업무를 온라인에서 직접 처리할 수 있는 게 특징이다. 추가된 기능으로는 알닷케어 셀프 처리 서비스. 선불요금제 유심·eSIM 셀프 개통·충전, 부가서비스 가입·조회·변경, 인터넷·IPTV 결합 상담 신청 등이 있다.알닷케어 셀프 처리 서비스는 이번 2.0 개편 핵심이다. 알닷케어는 알뜰폰 관련 문의를 할 수 있는 온라인 통합 고객센터다. LG유플러스 망으로 알뜰폰 사업을 하는 27개 파트너사 고객이라면 누구나 이용 가능하다.알닷케어 출시 당시에는 사용 현황 및 요금·납부 등 기본 업무만 가능했다면 이번 2.0에서는 증명서 발급, 번호 변경, 사용 요금 즉시 납부, 유심·eSIM 변경 및 부가서비스 가입·조회·변경, 분실폰 위치 찾기 등 실용성 높은 기능을 추가했다.더불어 알닷에서는 알뜰폰 선불 요금제 유심·eSIM 셀프 개통 서비스를 신규 론칭했다. eSIM 선불 요금제를 셀프 개통하는 서비스는 국내 통신사 중 최초다.기존에 LG유플러스 알뜰폰을 셀프 개통하려면 사업자 홈페이지에서 유심으로만 가능했다. 하지만 최근 선불 요금제 누적 가입자 수가 100만을 돌파하는 등 이용 고객이 늘면서 LG유플러스 알뜰폰 고객은 알닷에서 유심과 eSIM 중 선택해 개통할 수 있게 됐다.기존에 사업자 고객센터에서만 가입·해지가 가능했던 부가서비스도 이번 개편으로 60가지의 서비스 모두 알닷에서 직접 조회·변경·해지할 수 있다.강진욱 LG유플러스 모바일·디지털혁신그룹장(상무)은 “470만명 LG유플러스 알뜰폰 고객이 알닷으로 편리하게 알뜰폰을 사용하도록 개편하고, 알뜰폰 사업자도 고객 상담(CS) 부담을 덜 수 있도록 알닷 2.0으로 개편했다”며 “앞으로도 차별화된 기능을 추가해 알뜰폰 이용 경험을 혁신해 나가겠다”고 말했다."
https://n.news.naver.com/mnews/article/016/0002556436?sid=101,2025-11-12 09:46:07,경제,‘AI 서밋 서울 앤 엑스포 2025’ 성료…이틀간 1만5000명 방문,"코엑스 제공[헤럴드경제=양대근 기자] 코엑스(사장 조상현)는 지난 10일과 11일 양일간 서울 삼성동 코엑스에서 한국무역협회(회장 윤진식), DMK글로벌(대표 박세정)과 공동으로 개최한 ‘AI 서밋 서울 앤 엑스포 2025(AI Summit Seoul & Expo 2025)’가 1만5000명의 참관객이 방문하며 성황리에 막을 내렸다고 12일 밝혔다.이번 행사는 올해 처음으로 AI 컨퍼런스 ‘AI 서밋 서울(AI Summit Seoul)’과 전시회를 연계한 국내 최대 규모의 AI 컨펙스(Conference+Exhibition)행사로 확장하여 개최되었다.전시회에는 구글 클라우드, KT, LG U+, 시스코(Cisco), IBM, 페르소나 AI(PERSONA AI) 등 5개국 71개사 200부스 규모가 참여했다. 특히 전시장 내 마련된 컨퍼런스 프로그램인 ‘AI 토크 & 데모(AI Talk & Demo)’에서는 23개 AI 전문 세션이 전석 마감되는 등 AI 최신 산업 트렌드에 대한 참가자들의 뜨거운 관심을 엿볼 수 있었다. 또한 1천 명 규모의 컨퍼런스인 AI 서밋 서울은 개막 전부터 전 세션이 사전 완판되어 국내 대표 AI 산업 행사로서 입지를 확고히 했다.특히 젠스파크(Genspark)의 공동 창업자 겸 COO 웬 상(Wen Sang)이 국내 최초로 강연에 나서며 큰 주목을 받았다. 해당 세션은 시작 전부터 전석이 마감되어 AI 최신 트렌드에 대한 참관객들의 높은 관심과 열기를 보여줬다.젠스파크의 정현수 이벤트 매니저는 “이틀간 약 300여 명이 부스를 방문해 AI 검색, 콘텐츠 생성, 데이터 분석 등 다양한 AI 기능을 직접 체험했다”라며“AI 혼합 에이전트 플랫폼인 MOA(Manus Operated Agent System) 시스템과 올인원 (All-in-One) AI 플랫폼에 대한 한국 유저들의 높은 관심을 통해 AI 기술의 실무 적용 가능성에 대한 기대를 확인할 수 있었다”라고 말했다.글로벌 AI 참가 기업 중 싱가포르에 본사를 둔 자율형 AI 에이전트 플랫폼인 마누스 AI(Manus AI) 코리아의 아이디아 천(Idea Chen) 마케팅 매니저는 “행사 기간 동안 약 1천여 명이 부스를 방문했으며 200여 건이 넘는 기업 제휴 문의와 미팅 요청을 받았다”라며, “부스 상담과 제휴 문의가 당초 예상을 뛰어넘어 한국 시장 내 AI 솔루션 수요의 확장 속도를 실감했다”라고 말했다.특히 1대1 비즈 매칭 상담회인 ‘비즈니스 커넥팅(Business Connecting)’ 프로그램에서는 국내외 40개 기업과 55개사 바이어가 참여하여, 총 250여 건의 비즈매칭 상담 성과를 거뒀다.코엑스 김한주 전시사업본부장은“한국이 글로벌 AI 3대 강국을 지향하는 현시점에서 AI Summit Seoul & Expo는 국내 AI 기업들이 글로벌 혁신 기업과 함께 AI 생태계의 새로운 비즈니스 모델을 창출하고, 기술·산업 전반에서 스케일 업할 수 있는 가장 핵심적인 무대가 될 것”이라며 “2026년에는 행사기간을 3일로 확장하여 글로벌 AI 생태계와의 연계와 최신 AI 산업을 선도해 나갈 수 있도록 적극 지원하겠다”고 밝혔다."
https://n.news.naver.com/mnews/article/082/0001353225?sid=101,2025-11-12 09:50:12,경제,"LGU+, 알뜰폰 서비스 ‘알닷’ 개편…‘알닷 2.0’ 선보여","변경·해지·개통 등 온라인 직접 처리알닷 누적 이용자 수 300만 명 돌파LG유플러스가 올인원 알뜰폰 서비스 ‘알닷’의 기능을 개편한 ‘알닷 2.0’을 선보인다고 12일 밝혔다. 사진은 모델이 새롭게 개편한 알닷 2.0을 소개하고 있는 모습. LG유플러스 제공LG유플러스가 알뜰폰 서비스 ‘알닷’의 기능을 개편한 ‘알닷 2.0’을 선보인다.LG유플러스가 지난해 5월 출시한 알닷은 약 900여 개의 알뜰폰 요금제를 비교하고, 비대면 셀프 개통을 지원하는 온라인 서비스다. 알닷은 올해 10월까지 누적 이용자 수 300만 명을 돌파했다.LG유플러스는 이번에 알닷의 대규모 개편을 진행했다고 12일 밝혔다. 알닷 2.0은 알뜰폰 가입자의 변경·해지·개통 등의 업무를 온라인에서 직접 처리할 수 있다. 이번에 추가된 기능으로는 알닷케어 셀프 처리 서비스, 선불요금제 유심·eSIM 셀프 개통·충전, 부가서비스 가입·조회·변경, 인터넷·IPTV 결합 상담 신청 등이 있다.알닷케어는 알뜰폰 관련 문의를 할 수 있는 온라인 통합 고객센터로 지난해 12월 알닷에 추가됐다. LG유플러스 망으로 알뜰폰 사업을 하는 27개 파트너사 가입자라면 누구나 이용 가능하다. 알닷케어는 이번 개편을 통해 증명서 발급, 번호 변경, 사용 요금 즉시 납부, 유심·eSIM 변경 및 부가서비스 가입·조회·변경, 분실폰 위치 찾기 등 기능을 추가했다. 사용자 인터페이스(UI·UX)도 개편해 첫 화면에서 실시간 사용량, 요금제 사용기간, 부가서비스 정보, 홈 결합 정보 등을 한눈에 확인할 수 있다.알닷에서는 알뜰폰 선불 요금제 유심·eSIM 셀프 개통 서비스를 신규 선보였다. eSIM 선불 요금제를 셀프 개통하는 서비스는 국내 통신사 중 최초다. 기존에 LG유플러스 알뜰폰을 셀프 개통하려면 사업자 홈페이지에서 유심으로만 가능했다. 기존에 사업자 고객센터에서만 가입·해지가 가능했던 부가서비스도 이번 개편으로 60가지의 서비스 모두 알닷에서 직접 조회·변경·해지할 수 있다.강진욱 LG유플러스 모바일·디지털혁신그룹장(상무)은 “470만 명 LG유플러스 알뜰폰 고객이 알닷으로 편리하게 알뜰폰을 사용하도록 개편하고, 알뜰폰 사업자도 고객 상담(CS) 부담을 덜 수 있도록 알닷 2.0으로 개편했다”며 “앞으로도 차별화된 기능을 추가해 알뜰폰 이용 경험을 혁신해 나가겠다”고 말했다. LG유플러스는 이번 개편에 맞춰 프로모션도 진행한다. 알닷에 처음으로 휴대폰 정보를 등록한 선착순 1000명과 개편 내용에 관한 O/X 퀴즈에 참여한 고객 1000명에게 각각 커피 기프티콘을 선물한다."
https://n.news.naver.com/mnews/article/138/0002209332?sid=105,2025-11-12 10:13:07,IT/과학,"LGU+, 올인원 알뜰폰 서비스 ‘알닷 2.0’ 공개",통신사 최초 eSIM 셀프 개통·충전 서비스 론칭[디지털데일리 강소현기자] LG유플러스는 올인원 알뜰폰 서비스 ‘알닷’의 기능을 개편한 ‘알닷 2.0’을 선보인다고 12일 밝혔다.지난해 5월 출시한 알닷은 약 900여 개의 알뜰폰 요금제를 한눈에 비교하고 비대면 셀프 개통을 지원하는 온라인 서비스다. 올해 10월까지 누적 이용자 수 300만명을 돌파했다.알닷 2.0은 알뜰폰 고객이 변경·해지·개통 등의 업무를 온라인에서 직접 처리할 수 있는 게 특징이다.이번 2.0에는 ▲알닷케어 셀프 처리 서비스 ▲선불요금제 유심·이심(eSIM) 셀프 개통·충전 ▲부가서비스 가입·조회·변경 ▲인터넷·IPTV 결합 상담 신청 등이 기능이 추가됐다.알닷케어 셀프 처리 서비스가 이번 2.0 개편의 핵심이다. 알닷케어는 알뜰폰 관련 문의를 할 수 있는 온라인 통합 고객센터로 지난해 12월 알닷에 추가됐다.알뜰폰 선불 요금제 유심·eSIM 셀프 개통 서비스도 신규 론칭했다. eSIM 선불 요금제를 셀프 개통하는 서비스는 국내 통신사 중 최초다.강진욱 LG유플러스 모바일/디지털혁신그룹장(상무)은 “470만명 LG유플러스 알뜰폰 고객이 알닷으로 편리하게 알뜰폰을 사용하도록 개편하고 알뜰폰 사업자도 고객 상담(CS) 부담을 덜 수 있도록 알닷 2.0으로 개편했다”며 “앞으로도 차별화된 기능을 추가해 알뜰폰 이용 경험을 혁신해 나가겠다”고 말했다.한편 LG유플러스는 이번 개편에 맞춰 프로모션도 진행한다. 알닷에 처음으로 휴대폰 정보를 등록한 선착순 1000명과 개편 내용에 관한 O/X 퀴즈에 참여한 고객 1000명에게 각각 커피 기프티콘을 선물한다.
https://n.news.naver.com/mnews/article/014/0005433186?sid=105,2025-11-12 10:17:12,IT/과학,"""온라인에서 변경·해지·개통 직접 처리"" LG U+, ‘알닷 2.0’공개","LG유플러스 모델이 새롭게 개편한 알닷 2.0을 소개하고 있다. LG유플러스 제공[파이낸셜뉴스] LG유플러스는 올인원 알뜰폰 서비스 ‘알닷’의 기능을 개편한 ‘알닷 2.0’을 선보인다고 12일 밝혔다.지난해 5월 출시한 알닷은 약 900여개의 알뜰폰 요금제를 한눈에 비교하고, 비대면 셀프 개통을 지원하는 온라인 서비스로 시작해 올해 10월까지 누적 이용자 수 300만명을 돌파했다.LG유플러스는 알뜰폰의 대중화로 꾸준히 증가하는 알닷의 이용자들에게 더 편리한 서비스를 제공하고자 대규모 개편을 진행했다. 알닷 2.0은 알뜰폰 고객이 변경·해지·개통 등의 업무를 온라인에서 직접 처리할 수 있는 게 특징이다.이번 알닷 2.0에 추가된 기능으로는 △알닷케어 셀프 처리 서비스 △선불요금제 유심·e심 셀프 개통·충전 △부가서비스 가입·조회·변경 △인터넷·인터넷TV(IPTV) 결합 상담 신청 등이 있다.알닷케어 셀프 처리 서비스는 이번 2.0 개편의 핵심이다. 알닷케어는 알뜰폰 관련 문의를 할 수 있는 온라인 통합 고객센터로 지난해 12월 알닷에 추가됐다. LG유플러스 망으로 알뜰폰 사업을 하는 27개 파트너사 고객이라면 누구나 이용 가능하다.알닷케어 출시 당시에는 사용 현황 및 요금·납부 등 기본 업무만 가능했다면 이번 2.0에서는 △증명서 발급 △번호 변경 △사용 요금 즉시 납부 △유심·e심 변경 및 부가서비스 가입·조회·변경 △분실폰 위치 찾기 등 실용성 높은 기능을 추가했다. 사용자 인터페이스(UI)·사용자경험(UX)도 고객 친화적으로 개편해 첫 화면에서 실시간 사용량, 요금제 사용기간, 부가서비스 정보, 홈 결합 정보 등을 한눈에 확인할 수 있다.알닷에서는 알뜰폰 선불 요금제 유심·e심 셀프 개통 서비스를 신규 론칭했다. e심 선불 요금제를 셀프 개통하는 서비스는 국내 통신사 중 최초다. 기존에 LG유플러스 알뜰폰을 셀프 개통하려면 사업자 홈페이지에서 유심으로만 가능했다. 하지만 최근 선불 요금제 누적 가입자 수가 100만명을 돌파하는 등 이용 고객이 늘면서 LG유플러스 알뜰폰 고객은 알닷에서 유심과 e심 중 선택해 개통할 수 있게 됐다.기존에 사업자 고객센터에서만 가입·해지가 가능했던 부가서비스도 이번 개편으로 60가지의 서비스 모두 알닷에서 직접 조회·변경·해지할 수 있다.한편, LG유플러스는 이번 개편에 맞춰 프로모션도 진행한다. 알닷에 처음으로 휴대폰 정보를 등록한 선착순 1000명과 개편 내용에 관한 OX 퀴즈에 참여한 고객 1000명에게 각각 커피 기프티콘을 선물한다."
https://n.news.naver.com/mnews/article/001/0015737322?sid=105,2025-11-12 10:45:10,IT/과학,"""알뜰폰 개통·해지 간편하게""…LGU+, '알닷 2.0' 공개","""통신사 최초 eSIM 선불 요금제 셀프 개통·충전 서비스""LG유플러스 올인원 알뜰폰 서비스 '알닷 2.0' 공개[LG유플러스 제공. 재판매 및 DB 금지](서울=연합뉴스) 나확진 기자 = LG유플러스가 올인원 알뜰폰 서비스 '알닷' 기능을 개편한 '알닷 2.0'을 선보인다고 12일 밝혔다.지난해 5월 출시된 알닷은 900여개 알뜰폰 요금제 비교와 비대면 셀프 개통을 지원하는 온라인 서비스로 지난달 누적 이용자 수 300만명을 돌파했다.개편된 알닷 2.0은 알닷케어 셀프 처리 서비스, 선불요금제 유심·eSIM 셀프 개통·충전, 부가서비스 가입·조회·변경, 인터넷·IPTV 결합 상담 신청 등 기능이 추가돼 알뜰폰 고객이 변경·해지·개통 등 업무를 온라인에서 직접 처리할 수 있는 게 특징이라고 LG유플러스는 소개했다.알닷케어 셀프 처리 서비스는 2.0 개편의 핵심으로, 증명서 발급과 번호 변경, 사용 요금 즉시 납부, 유심·eSIM 변경 및 부가서비스 가입·조회·변경, 분실폰 위치 찾기 등이 가능하다. 종전 알닷케어에서 사용 현황과 요금·납부 등 기본 업무만 가능했던 것보다 기능이 늘어났다.UI·UX(사용자 환경·경험)도 고객 친화적으로 바꿔 첫 화면에서 실시간 사용량, 요금제 사용기간, 부가서비스 정보, 홈 결합 정보 등을 한눈에 확인할 수 있다고 회사는 설명했다.특히 이번에 새로 도입된 기능 중 eSIM 선불 요금제를 스스로 개통하는 서비스는 국내 통신사 중 최초라고 덧붙였다.LG유플러스는 알닷에 처음으로 휴대전화 정보를 등록한 선착순 1천명과 개편 내용에 관한 O/X 퀴즈에 참여한 고객 1천명에게 각각 커피 기프티콘을 선물하는 프로모션도 진행한다.강진욱 LG유플러스 모바일/디지털혁신그룹장(상무)은 ""470만명 LG유플러스 알뜰폰 고객이 알닷으로 편리하게 알뜰폰을 사용하도록 개편하고, 알뜰폰 사업자도 고객 상담(CS) 부담을 덜 수 있도록 알닷 2.0으로 개편했다""며 ""앞으로도 차별화된 기능을 추가해 알뜰폰 이용 경험을 혁신해 나가겠다""고 말했다.rao@yna.co.kr"
https://n.news.naver.com/mnews/article/018/0006162397?sid=105,2025-11-12 11:20:07,IT/과학,"LG헬로비전 노조, 11월 17일 창사 이래 첫 총파업","추석 앞두고 일방적 본사 이전에 희망퇴직 발표노조 “경영진 퇴진, LGU+ 합병해야” 주장사옥 이전 대책도 마련해줘야[이데일리 윤정훈 기자]민주노총 공공운수노조 LG헬로비전 지부가 오는 17일 총파업에 돌입한다고 12일 밝혔다.(사진=LG헬로비전)LG헬로비전 지부는 “이번 총파업은 경영실패에 대한 경영진의 사퇴와 함께 회사 경영을 파탄으로 내몰고 투자 약속을 지키지 않은 LG유플러스의 합병을 요구하기 위함”이라고 밝혔다.노조는 △경영진 사퇴 △LG유플러스의 LG헬로비전 합병 △4.4%의 임금인상 △본사 사옥 이전 대책 등을 요구하고 있다.지난 10월 초 추석 연휴를 앞두고 LG헬로비전이 본사 사옥 이전과 희망퇴직을 일방적으로 발표하면서 노조는 파업을 결정했다.노조 측은 회사가 지난 4월 4일을 시작으로 11차례에 걸쳐 임금 교섭을 진행했지만 0.9% 인상 조정 외에는 조치가 없었다고 주장했다.노조 관계자는 “LG유플러스(032640)는 2019년 LG헬로비전을 매입하면서 6200억 원의 네트워크 투자를 약속했지만 투자는커녕 오히려 LG헬로비전의 자가망 포기를 통해 유무선 전송망 임차 비용 등 막대한 수익을 올리고 있다”며 “유료방송을 자회사로 귀속시킨 통신재벌이 자회사 노동자를 구조조정으로 내몰고 있다”고 설명했다.정부에 대해서도 비판했다. 노조는 제2의 조세에 해당하는 방송통신발전기금(방발기금)을 케이블TV산업 전체 영업이익의 1.7배나 부과해 경영을 악화시키고 있다고 밝혔다. 방송사업 매출액의 1.5%라는 징벌적 방발기금은 유료방송산업의 경영을 악화시키고, 이는 방송 노동자의 구조조정으로 이어지고 있다는 뜻이다.노조 관계자는 “이재명 정부는 국가대표AI사업이라는 미명하에 방송통신 노동자들을 희생시키고 있는 것”이라며 “LG헬로비전 지부는 창사 이래 최초의 총파업을 선언하고 저항의 시작을 알린다”고 말했다."
https://n.news.naver.com/mnews/article/092/0002398073?sid=105,2025-11-12 11:48:10,IT/과학,LGU+ 알닷에서 알뜰폰 e심 개통 가능,"LG유플러스가 올인원 알뜰폰 서비스 알닷 기능을 개편한 ‘알닷 2.0’을 선보인다고 12일 밝혔다.지난해 5월 출시한 알닷은 약 900여 개의 알뜰폰 요금제를 한눈에 비교하고, 비대면 셀프 개통을 지원하는 온라인 서비스로 시작해 올해 10월까지 누적 이용자 수 300만명을 돌파했다.LG유플러스는 알뜰폰의 대중화로 꾸준히 증가하는 알닷의 이용자들에게 더 편리한 서비스를 제공하고자 대규모 개편을 진행했다. 알닷 2.0은 알뜰폰 고객이 변경, 해지, 개통 등의 업무를 온라인에서 직접 처리할 수 있는 게 특징이다.알닷 2.0에 추가된 기능으로는 ▲알닷케어 셀프 처리 서비스 ▲선불요금제 유심, eSIM 셀프 개통, 충전 ▲부가서비스 가입, 조회, 변경 ▲인터넷, IPTV 결합 상담 신청 등이 있다.알닷케어 셀프 처리 서비스는 2.0 개편의 핵심이다. 알닷케어는 알뜰폰 관련 문의를 할 수 있는 온라인 통합 고객센터로 지난해 12월 알닷에 추가됐다. LG유플러스 망으로 알뜰폰 사업을 하는 27개 파트너사 고객이라면 누구나 이용 가능하다.알닷케어 출시 당시에는 사용 현황과 요금, 납부 등 기본 업무만 가능했다면 2.0에서는 ▲증명서 발급 ▲번호 변경 ▲사용 요금 즉시 납부 ▲유심, eSIM 변경 및 부가서비스 가입, 조회, 변경 ▲분실폰 위치 찾기 등 실용성 높은 기능을 추가했다.UI와 UX도 고객 친화적으로 개편해 첫 화면에서 실시간 사용량, 요금제 사용기간, 부가서비스 정보, 홈 결합 정보 등을 한눈에 확인할 수 있다.강진욱 LG유플러스 모바일/디지털혁신그룹장은 “470만명 LG유플러스 알뜰폰 고객이 알닷으로 편리하게 알뜰폰을 사용하도록 개편하고, 알뜰폰 사업자도 고객 상담(CS) 부담을 덜 수 있도록 알닷 2.0으로 개편했다”며 “앞으로도 차별화된 기능을 추가해 알뜰폰 이용 경험을 혁신해 나가겠다”고 말했다."
https://n.news.naver.com/mnews/article/119/0003024074?sid=105,2025-11-12 11:56:09,IT/과학,"최우혁 조사단장 ""KT 침해사고 조사, 서버 다 포렌식해야…최대한 서두를 것""","“KT 검증 내용 다시 검증 중…새 피해 발생 시 공개”…LGU+ 해킹 피해 조사도 병행12일 오전 서울 코엑스에서 열린 ‘전파산업인의 날(KRS 2025)’ 전시 투어에서 홍범식 한국전파진흥협회장(왼쪽에서 네 번째)와 최우혁 과학기술정보통신부 네트워크정책실장(왼쪽에서 다섯번째)이 전시관을 둘러보고 있다.ⓒ데일리안 조인영 기자[데일리안 = 조인영 기자] KT 침해사고 민관합동조사단장인 최우혁 과학기술정보통신부 네트워크정책실장은 KT 침해사고 조사 경과에 대해 ""(KT) 서버를 가져다가 다 포렌식을 해야 한다""면서 ""시간이 많이 걸리지만, 기관과 협력하고 리소스(인력)을 투입해 최대한 서두르려고 한다""고 12일 밝혔다.최 실장은 이날 서울 코엑스에서 열린 ‘전파산업인의 날(KRS 2025)’ 전시 투어 직후 기자들의 질의에 이같이 말했다.앞서 조사단은 지난 6일 가진 ‘KT 침해사고에 대한 중간 발표’에서 경찰과 협력해 검거된 무단 소액결제 피의자로부터 압수한 불법 장비를 분석중이며, 개인정보위와 협력해 무단 소액결제에 필요한 개인정보를 어떻게 확보했는지 조사하겠다고 밝힌 바 있다.그는 ""KT가 검증한 것을 다시 검증하고 있다""면서 ""최종 결과에 가까워지거나 새로운 피해자가 생긴다면 투명하게 말씀드리겠다""고 말했다.이어 ""경찰과는 불법 장비(펨토셀) 관련 조사를, 개인정보보호위원회와는 개인정보 관리 협조를 진행하고 있다""면서 ""불법 장비는 직접 보고 있다""고 덧붙였다.최 실장은 LG유플러스 서버 해킹 피해 신고에 대해서도 조사하고 있다고 밝혔다. 앞서 LG유플러스는 지난달 23 오전 한국인터넷진흥원(KISA)에 서버 해킹 피해와 관련한 신고서를 제출했다.최민희 국회 과방위원장(더불어민주당)실에 따르면, 과기정통부는 7월 18일 LG유플러스의 APPM 소스코드와 데이터베이스가 해킹당했다는 화이트해커의 제보를 접수했다.당시 유출된 정보에는 총 8938대의 서버 정보, 4만2526개 계정, 167명의 직원 및 협력사 ID·실명 등이 포함된 것으로 전해졌다."
https://n.news.naver.com/mnews/article/382/0001235399?sid=105,2025-11-12 13:32:14,IT/과학,"LGU+, 알뜰폰 서비스 ‘알닷 2.0’ 공개","LG유플러스가 올인원 알뜰폰 서비스 ‘알닷’의 기능을 개편한 ‘알닷 2.0’(사진)을 선보인다. 지난해 5월 출시한 알닷은 900여 개의 알뜰폰 요금제를 비교하고, 비대면 셀프 개통을 지원하는 온라인 서비스다. 올해 10월까지 누적 이용자 수 300만 명을 돌파했다.‘알닷 2.0’은 알뜰폰 고객이 변경·해지·개통 등의 업무를 온라인에서 직접 처리할 수 있는 게 특징이다. 이번 알닷 2.0에 추가된 기능으로는 ▲알닷케어 셀프 처리 서비스 ▲선불요금제 유심·이심 셀프 개통·충전 ▲부가서비스 가입·조회·변경 ▲인터넷·IPTV 결합 상담 신청 등이 있다.알닷케어 셀프 처리 서비스는 2.0 개편의 핵심이다. 알닷케어는 알뜰폰 관련 문의를 할 수 있는 온라인 통합 고객센터로 지난해 12월 알닷에 추가됐다. LG유플러스 망으로 알뜰폰 사업을 하는 27개 파트너사 고객이라면 누구나 이용 가능하다. 출시 당시에는 사용 현황 및 요금·납부 등 기본 업무만 가능했다면 이번 2.0에서는 ▲증명서 발급 ▲번호 변경 ▲사용 요금 즉시 납부 ▲유심·eSIM 변경 및 부가서비스 가입·조회·변경 ▲분실폰 위치 찾기 등 실용성 높은 기능을 추가했다."
https://n.news.naver.com/mnews/article/119/0003024117?sid=105,2025-11-12 13:36:13,IT/과학,[현장] “사람인가 AI인가”…전파대전 달군 LGU+ ‘익시오’,"전파 기반 AI·WPT·국방 기술 한자리에…국내외 58개사 참여홍범식 협회장 등 AI, WPT, 위성통신 등 중소기업 기술 직접 살펴12일 서울 코엑스에서 열린 ‘2025 대한민국전파산업대전(KRS 2025)’ 행사에서 과기정통부 최우혁 네트워크정책실장(왼쪽에서 첫번째), 한국전파진흥협회 홍범식 회장(LG유플러스 CEO, 왼쪽에서 두 번째) 등이 LIG넥스원의 자회사 이노와이어리스 관계자의 설명을 듣고 있다.ⓒ데일리안 조인영 기자[데일리안 = 조인영 기자] ‘2025 대한민국전파산업대전(KRS 2025)’ 행사장은 오픈 시간인 오전 10시 이전부터 전파 산업계의 미래를 직접 체감하려는 사람들로 북적였다.‘전파 중심의 AI·에너지·위성·국방산업 미래를 잇다’를 주제로 열린 이번 ‘KRS 2025’ 전시회에는 전파를 기반으로 한 인공지능(AI), 무선전력전송(WPT), 6세대 이동통신(6G), 위성통신, 국방 등 첨단 기술이 한자리에 모였다.올해 전시회에는 국내외 58개사, 109개 부스가 참여했으며, 현장에는 과기정통부 최우혁 네트워크정책실장, 방송미디어통신위원회 김영관 사무처장 전담직무대리, 한국방송통신전파진흥원 이상훈 원장, 한국전파진흥협회 홍범식 회장(LG유플러스 CEO), 한국전자파학회 이재성 회장, KT스카이라이프 최영범 대표이사 등이 참석했다.민·관 관계자들은 국방 버티컬 AI 전문기업 펀진, LIG넥스원의 자회사 이노와이어리스, 대형 건축물 내 이동통신 설비 설치를 지원하는 이동통신설비구축지원센터 등 주요 부스를 둘러보며 기술 설명을 들었다.검은색 정장에 하늘색 넥타이를 맨 홍범식 협회장은 각 부스를 둘러보며 관계자들의 설명을 경청했다. 중간중간 고개를 끄덕이며 전파 산업 기술에 관심을 보였다.전파 우수제품 특가전 부스에서는 다양한 기술 제품을 직접 체험할 수 있는 자리가 마련돼 눈길을 끌었다.주관 기관인 전자파기술원(한국전파진흥협회)은 전자파 문제 해결과 제품 경쟁력 강화를 지원하고 있다. 기술원 관계자는 ""과학기술정보통신부와 전파 기반 중소기업 전파 기술 지원 사업을 운영하고 있다""고 설명했다.이 사업의 지원을 받은 기업 중 하나인 지온메디텍이 얼굴 탄력 개선 기기를 선보이자, 홍범식 협회장은 최우혁 실장에게 직접 체험해볼 것을 권유했고, 최 실장은 ""마음은…""이라고 답해 좌중의 웃음을 자아냈다.이어 전시장 한켠에 부스를 마련한 LG유플러스는 온디바이스 AI와 최신 거대언어모델(LLM)을 기반으로 한 AI 서비스 ‘익시오’를 소개했다.LG유플러스 관계자는 ""고객에게 보안, AI 비서 두 가지 측면에서 가치를 제공하고 있다""면서 익시오가 실제 사람과 AI 음성을 구별하는 상황을 시연했다.상대방의 통화 습관 분석 예시로 김진수 상무의 통화 내역이 화면에 뜨자, 좌중에서 웃음이 터졌다. 이 자리에서는 ""녹음 기능이 켜져 있어야 하나"" ""노이즈 패턴은 어떻게 인식하나"" 등의 질의가 오가기도 했다.LG유플러스 CEO인 홍범식 협회장은 자사 부스 전시 시간에는 한 발 물러서 관계자들의 의견에 귀를 기울이는 모습을 보였다.12일 서울 코엑스에서 열린 ‘2025 대한민국전파산업대전(KRS 2025)’ 행사에서 과기정통부 최우혁 네트워크정책실장(왼쪽에서 첫번째), 한국전파진흥협회 홍범식 회장(LG유플러스 CEO, 왼쪽에서 두 번째) 등이 지온메디텍 관계자의 설명을 듣고 있다.ⓒ데일리안 조인영 기자이후 웨스틴 서울 파르나스에서 열린 ‘전파산업인의 날’ 기념행사에서 그는 ""전파는 보이지 않지만 세상을 움직이는 국가의 핵심 인프라""라며 적극적인 기술 개발과 지속 가능한 전파 정책, 글로벌 경쟁력 확보를 주문했다.홍 협회장은 ""협회는 디지털 전환과 AI 시대 흐름에 발맞춰 산업계, 학계, 연구계, 정부가 긴밀히 협력해 도약할 기반을 더욱 굳건히 다지겠다""고 강조했다. 구체적으로 전파 자원의 효율적 활용, 산업 인력 양성, 국제 협력 확대 등 산업의 미래를 위한 역할에 나서겠다는 계획이다.최우혁 과기정통부 네트워크정책실장은 “전파는 눈에 보이지 않지만, 모든 디지털 혁신의 근간이 되는 핵심 자원으로, AI·디지털 시대를 이끌 6G, 위성통신, 로봇 등 우리가 꿈꾸는 미래의 연결은 모두 전파 위에서 실현”되고 있다며 전파의 중요성과 가치를 강조했다.이어 “우리나라가 글로벌 전파 리더 국가로 도약하는 그날까지, 정부는 현장과 충분히 소통하며 산업계 수요에 발맞춰 적기에 주파수와 기술기준을 마련하는 등 정책적인 지원을 아끼지 않겠다”고 밝혔다.‘전파산업인의 날’ 기념행사에는 과학기술정보통신부와 한국방송통신전파진흥원, 한국전파진흥협회, 한국전자파학회 등 전파 분야 산·학·연 종사자들이 한자리에 모였다. 이 행사는 대한민국 전파산업계의 전망을 확인하고 결속을 다지는 진흥주간의 대표적인 교류 행사다.기념행사는 ▲격려사(과기정통부 네트워크정책실장) ▲영상축사(최민희 과학기술정보방송통신위원회 위원장 김현 더불어민주당 간사, 최형두 국민의힘 간사) ▲전파방송기술대상 등 각종 시상식 ▲폐회 식 순으로 진행됐으며, 행사장 인근 코엑스에 ▲전파산업 컨퍼런스 ▲대한민국 전파산업대전 등 다양한 부대행사가 마련됐다.LG유플러스 전시 부스ⓒ데일리안 조인영 기자"
https://n.news.naver.com/mnews/article/030/0003369454?sid=105,2025-11-12 15:06:21,IT/과학,KT지니뮤직 3분기 영업익 57억원…전년비 68% 증가,"KT지니뮤직KT지니뮤직은 12일 공시를 통해 3분기 연결기준 매출 830억원, 영업이익 57억원을 기록했다고 밝혔다.3분기 연결기준 매출은 830억원으로 전년동기(802억원) 대비 3.54% 증가했고, 영업이익은 57억원으로 전년동기(34억원)보다 68% 늘었다. 전분기 대비 매출과 영업이익도 각각13% 이상 증가했다. 특히, KT지니뮤직 3분기 연결기준 실적은 KT지니뮤직의 통신사 제휴상품 등 B2B 음악서비스 사업 성장과 연결 자회사 KT밀리의서재의 전자책 구독사업 매출 성장이 긍정적인 요인으로 반영됐다.또한 KT지니뮤직은 3분기 연결기준 누적 매출 2258억원을 달성했고 누적 영업이익 148억원을 기록했다.KT지니뮤직은 '25년 9월 국내 음악플랫폼 업계 최초로 대화형 AI 음악서비스 'AI DJ'를 런칭하면서 고객의 음악경험을 강화했고, KT, LGU+ 통신사 제휴 기반 B2B 음악상품 판매 확대로 고객이 증가하는 성과를 기록했다. 또한 버추얼 아티스트 협업, 음악유통사업 확대, 공연IP투자 등을 통해서도 사업영역 확장을 추진해왔다. 연결 자회사 KT밀리의서재는 3분기 B2B2C 전자책 정기구독 가입자 성장으로 매출 성장을 이뤄내며 3분기 연결실적 개선효과를 창출했다.KT지니뮤직 관계자는 “당사 및 자회사의 지속적인 사업 확장을 통한 수익성 향상이 3분기 연결기준 실적 성장을 이끌었다”며 “앞으로 당사는 중장기 성장동력 확보를 위해 음악플랫폼 사업을 기반으로 버추얼IP, 게임IP 등 다양한 콘텐츠와의 연계를 통한 음악유통 사업 확장 및 공연사업 경쟁력 강화를 지속적으로 추진하고, 자회사 KT밀리의서재와의 사업 협력도 확대해 나갈 것” 이라고 말했다."
https://n.news.naver.com/mnews/article/015/0005210433?sid=101,2025-11-12 15:41:12,경제,"KT지니뮤직, 3분기 영업익 57억…전년 대비 68% '껑충'","사진=KT지니뮤직KT지니뮤직(대표 서인욱)은 12일 공시를 통해 3분기 연결기준 매출 830억원, 영업이익 57억원을 기록했다고 밝혔다. 전년 동기 대비 매출과 영업이익은 각각 3.54%, 68% 늘었다. 당기순이익은 19.6% 증가한 39억 6600만원으로 잠정 집계됐다.3분기 연결기준 실적은 KT지니뮤직의 통신사 제휴상품 등 B2B 음악서비스 사업 성장과 연결 자회사 KT밀리의서재의 전자책 구독사업 매출 성장이 긍정적인 요인으로 작용했다.KT지니뮤직은 지난 9월 국내 음악플랫폼 업계 최초로 대화형 AI 음악서비스 'AI DJ'를 론칭하며 고객의 음악경험을 강화했고, KT, LGU+ 통신사 제휴 기반 B2B 음악상품 판매 확대로 고객을 유입했다.또한 버추얼 아티스트 협업, 음악 유통사업 확대, 공연 IP 투자 등 사업영역 확장을 추진해왔다. 연결 자회사 KT밀리의서재는 3분기 B2B2C 전자책 정기구독 가입자 성장으로 매출 성장을 이뤄내며 3분기 연결실적 개선효과를 창출했다.KT지니뮤직 관계자는 ""당사 및 자회사의 지속적인 사업 확장을 통한 수익성 향상이 3분기 연결기준 실적 성장을 이끌었다. 앞으로 중장기 성장동력 확보를 위해 음악플랫폼 사업을 기반으로 버추얼 IP, 게임 IP 등 다양한 콘텐츠와의 연계를 통한 음악유통 사업 확장 및 공연사업 경쟁력 강화를 지속적으로 추진하고, 자회사 KT밀리의서재와의 사업 협력도 확대해 나갈 것""이라고 밝혔다."
https://n.news.naver.com/mnews/article/003/0013596692?sid=102,2025-11-12 16:51:59,사회,울산서 영·호남 AI 확산 기술교류회 마무리,"제조·농업 분야 AI 혁신 사례 공유1대1 비즈니스 매칭 성과 확산[울산=뉴시스] *재판매 및 DB 금지[울산=뉴시스] 조현철 기자 = 울산시와 울산정보산업진흥원은 12일 울산전시컨벤션센터(UECO)에서 2025년도 제2차 영남·호남 AI 확산 기술교류회를 개최했다.이번 행사는 과학기술정보통신부가 추진하는 인공지능(AI) 지역확산 사업(제조업 AI융합 기반조성사업)의 일환으로, 정보통신산업진흥원(NIPA), 영남·호남권 SW진흥기관, 사업 참여 AI 솔루션 개발기업과 AI 전환에 관심 있는 수요기업 등 100여 명이 참석해 성황리에 진행됐다.1부에서는 영남권 제조 분야와 호남권 농업 분야에서 개발·실증된 AI 솔루션 성과가 공유됐다. 비츠로시스, 제이엔이웍스, 감소프트, 마크로버 등 4개 기업이 공정 관리, 설비 모니터링, 안전관리 등 산업 현장 적용 사례를 발표했으며, SK에너지, HD현대중공업, 한국선박관리산업협회, LG U+ 등 주요 기업이 산업별 AI 수요와 현장 맞춤형 협업 방안을 소개했다.2부에서는 SK에너지, HD한국조선해양, 한화에어로스페이스, LG U+, 이수스페셜티케미컬, 두손화학, 동성화인텍, 부원산업 등 15개 대표 기업이 참여한 1대1 기술상담과 비즈니스 매칭이 진행됐다. 총 45건의 기술 매칭이 성사됐으며, 일부 기업은 기술 실증(PoC)과 공동연구 추진 의향을 밝히는 등 실질적인 협업 성과도 나왔다.울산정보산업진흥원 장병태 원장은 ""이번 교류회는 영·호남 간 산업별 AI 기술역량을 교류하고 수요·공급 간 실질적인 협업 기반을 마련한 의미 있는 자리였다""며 ""앞으로 울산을 중심으로 한 AI 산업 거점화를 통해 지역 균형 발전과 산업 디지털 전환을 선도해 나가겠다""고 말했다."
https://n.news.naver.com/mnews/article/003/0013596762?sid=105,2025-11-12 17:17:51,IT/과학,"LG헬로 노조, 17일 창사 첫 파업…""본사이전·희망퇴직 일방적""","""이전 예정일 2개월 전 갑작 통보…노동자 생활에 상당 부담""""네트워크 투자 미이행 LGU+ 합병 해야…방발기금 부담도 호소""[서울=뉴시스]LG헬로비전 사옥. (사진=LG헬로비전 제공)[서울=뉴시스] 심지혜 기자 = LG헬로비전 노동조합이 오는 17일 창사 이래 첫 총파업을 예고했다. 11차례 임금교섭에도 임금 인상률을 두고 입장차를 좁히지 못한 가운데, 사측이 희망퇴직과 본사 사옥 이전을 일방적으로 추진하면서 노조의 반발이 거세지고 있다.LG헬로비전 노조는 오는 17일 오후 서울 중구 본사 앞에서 총파업 결의대회를 연다고 12일 밝혔다.노조에 따르면 회사는 지난 4월부터 11차례에 걸쳐 임금교섭을 진행했지만, 회사 측은 0.9% 인상안 외 추가 제시가 없었다. 중앙노동위원회의 조정안마저 거부하면서 교섭이 최종 결렬됐다.반면 회사는 지난 10월 추석연휴를 앞두고 본사 이전 계획을 전격 발표했다. 이는 이전 예정일을 약 2개월 남기고 발표한 일방적 계획으로 노동자의 생활에 상당한 부담이 된다고 주장했다.노조는 ""본사 사옥은 30년 장기임차 계약 중으로 향후 20년간 이동이 없을 것으로 보고 인근에 정착한 직원들이 많다""며 ""갑작스러운 이전 통보로 노동자의 생활을 위협하고 있다""고 지적했다.노조는 ""사옥 이전과 희망퇴직은 수십억 원의 비용이 필요할 뿐 아니라 지난 몇 년간 신규채용이 없었던 상황에서 지속적인 결원 발생으로 업무하중이 늘어나고 서비스 품질 하락이 우려되는 상황에서 불필요한 조치""라고 꼬집었다.노조는 LG유플러스의 책임도 함께 거론했다. LG유플러스가 2019년 LG헬로비전을 인수하며 6200억원 규모의 네트워크 투자를 약속했지만, 이행되지 않았다는 것. 오히려 자가망 포기로 유무선 전송망 임차비 수익을 챙기고 있다고 주장했다. 그러면서 합병을 촉구했다.방송통신발전기금 제도에 대한 비판도 제기됐다. 노조는 ""방송사업 매출의 1.5%를 징수하는 방발기금이 케이블TV 산업의 영업이익의 1.7배에 달한다""며 ""이로 인해 경영 부담이 커지고, 결국 노동자 구조조정으로 이어지고 있다""고 말했다.LG헬로비전 노조는 이번 총파업을 통해 경영실패에 따른 경영진 사퇴, 임금 4.4% 인상, 본사 이전에 따른 단체협약 개정 등을 요구하며 투쟁을 이어간다는 방침이다."
https://n.news.naver.com/mnews/article/014/0005433528?sid=105,2025-11-12 18:15:22,IT/과학,LGU+ 알뜰폰 서비스 '알닷 2.0' 개통·해지까지 온라인으로 가능,"LG유플러스는 올인원 알뜰폰 서비스 '알닷'의 기능을 개편한 '알닷 2.0'을 선보인다고 12일 밝혔다. 지난해 5월 출시한 알닷은 약 900여개의 알뜰폰 요금제를 한눈에 비교하고, 비대면 셀프 개통을 지원하는 온라인 서비스로 시작해 올해 10월까지 누적 이용자 수 300만명을 돌파했다.LG유플러스는 알뜰폰의 대중화로 꾸준히 증가하는 알닷의 이용자들에게 더 편리한 서비스를 제공하고자 대규모 개편을 진행했다. 알닷 2.0은 알뜰폰 고객이 변경·해지·개통 등의 업무를 온라인에서 직접 처리할 수 있는 게 특징이다. 이번 알닷 2.0에 추가된 기능으로는 △알닷케어 셀프 처리 서비스 △선불요금제 유심·e심 셀프 개통·충전 △부가서비스 가입·조회·변경 △인터넷·인터넷TV(IPTV) 결합 상담 신청 등이 있다."
https://n.news.naver.com/mnews/article/011/0004555214?sid=103,2025-11-13 07:01:26,생활/문화,"KT지니뮤직, 3분기 매출액 830억원·영업이익 57억원","KT지니뮤직, 제휴음악사업 확대·자회사 성장으로 연결실적 성장·수익성 강화대화형 AI음악서비스 ‘AI DJ’ 서비스 론칭, 지니 고객경험 강화·신규 고객 증가연결 자회사 KT밀리의서재, 전자책 구독자 확대에 힘입어 매출 성장 지속KT 지니 뮤직 CI. 사진 제공=KT지니뮤직[서울경제]KT지니뮤직(043610)은 올해 3분기 연결기준 매출액은 전년 동기 대비 3.54% 증가한 830억 원, 영업이익은 68% 증가한 57억 원을 기록했다고 12일 공시했다.전분기 대비 매출과 영업이익도 각각13% 이상 증가했다. 특히, KT지니뮤직 3분기 연결기준 실적은 KT지니뮤직의 통신사 제휴상품 등 B2B 음악서비스 사업 성장과 연결 자회사 KT밀리의서재의 전자책 구독사업 매출 성장이 긍정적인 요인으로 반영됐다.또한 KT지니뮤직은 3분기 연결기준 누적 매출 2258억원을 달성했고 누적 영업이익 148억원을 기록했다.KT지니뮤직은 올해 9월 국내 음악플랫폼 업계 최초로 대화형 AI 음악서비스 ’AI DJ’를 론칭하면서 고객의 음악경험을 강화했고, KT, LGU+ 통신사 제휴 기반 B2B 음악상품 판매 확대로 고객이 증가하는 성과를 기록했다. 또한 버추얼 아티스트 협업, 음악유통사업 확대, 공연IP투자 등을 통해서도 사업영역 확장을 추진해왔다. 연결 자회사 KT밀리의서재는 3분기 B2B2C 전자책 정기구독 가입자 성장으로 매출 성장을 이뤄내며 3분기 연결실적 개선효과를 창출했다.KT지니뮤직 관계자는 “당사 및 자회사의 지속적인 사업 확장을 통한 수익성 향상이 3분기 연결기준 실적 성장을 이끌었다”며 “앞으로 당사는 중장기 성장동력 확보를 위해 음악플랫폼 사업을 기반으로 버추얼IP, 게임IP 등 다양한 콘텐츠와의 연계를 통한 음악유통 사업 확장 및 공연사업 경쟁력 강화를 지속적으로 추진하고, 자회사 KT밀리의서재와의 사업 협력도 확대해 나갈 것” 이라고 말했다."
https://n.news.naver.com/mnews/article/015/0005210794?sid=101,2025-11-13 09:53:16,경제,스마트홈 전문기업 아카라라이프의 혁신,"공간디자인의 강력한 툴로써 각광받고 있는 스마트홈 솔루션아카라라이프, 다양한 제품군과 지그비 기반 통합 관리, 국내 대기업 협업으로 경쟁력 입증사용자 경험 강화하며 국내외 시장 확장 본격화… 사후관리•유지보수 혁신까지스마트홈 시장이 급성장하면서 인테리어·리모델링 업계의 핵심 키워드로 자리 잡고 있다. 글로벌 시장조사기관 스태티스타(Statista)에 따르면 세계 스마트홈 시장은 2023년 약 1천580억 달러(약 212조원)에서 2030년 약 3천370억 달러(약 453조원) 규모로 확대될 전망이다. 연평균 성장률(CAGR)은 11% 이상으로, 가전·건설·인테리어 산업 가운데 가장 빠른 성장세를 보이고 있다. 국내 역시 한국스마트홈산업협회 조사에 따르면 2022년 27% 수준이던 보급률이 2025년에는 40% 이상으로 확대될 것으로 예상된다.이 같은 흐름 속에서 국내 스마트홈 전문기업 아카라라이프가 제품 라인업, 디자인 경쟁력, 품질 안정성을 앞세우며 프리미엄 시장에서 입지를 강화하고 있다.사진=아카라라이프 제품 라인업 포스터 이미지아카라라이프는 현재 50여 종 이상의 스마트홈 기기를 보유해 업계 최다 수준의 라인업을 구축했다. 특히 스마트홈 인테리어의 핵심인 스마트 조명 라인업이 탄탄하다. 이 밖에 스마트 도어락, 센서, AI 카메라, 스마트 커튼, 스마트 플러그 등으로 집안 전 영역을 커버할 수 있다. 지그비(Zigbee) 기반의 자체 통합 관리 시스템 뿐 아니라 글로벌 표준 매터(Matter) 직결 제품 라인업도 확장하여 다양한 기기와의 연동성을 확보, 사용자의 선택 폭을 넓혔다.예컨대 현관문이 열리면 자동으로 거실 조명이 켜지고, 동시에 에어컨이 가동되며, 지정된 음악이 스피커에서 재생되는 식이다. 사용자는 상황(When), 조건(And), 실행(Then)을 자유롭게 조합해 자신만의 생활 패턴에 맞는 자동화를 구현할 수 있어, 스마트홈의 편의성과 몰입감을 극대화할 수 있다.스마트홈 기기가 늘어나면서 디자인 일체감은 소비자 선택의 중요한 기준이 되고 있다. 글로벌 아카라 제품은 iF, 레드닷 등 유명 디자인 어워드에서 꾸준히 수상하며, 디자인 완성도를 입증해왔다. 미니멀한 디자인으로 집안 어디에 두어도 인테리어를 해치지 않는 점은 많은 소비자와 공간 디자이너들이 아카라 제품을 찾는 큰 이유다.사진=스마트 도어락 L100 아이폰 출입 이미지글로벌 아카라 제품은 삼성 스마트싱스(SmartThings), 애플 홈(Apple Home), 구글 홈(Google Home) 등 다양한 플랫폼과의 호환성을 자랑한다. 특히 전세계적으로 가장 많은 애플 홈 지원 디바이스를 보유한 브랜드 중 하나로 310종 이상의 제품이 호환된다. 아카라라이프의 베스트셀러 스마트 도어락 ‘K100’과 ‘L100’ 역시 애플 홈키(Apple HomeKey) 기능이 적용돼, 아이폰이나 애플워치로 손쉽게 출입할 수 있다.아카라라이프는 국내 대기업과의 협업을 통해 솔루션의 품질과 안정성을 유지하고 있다. LG U+와는 2020년부터 스마트홈 보안 패키지 구독 서비스 ‘우리집 지킴이 Easy’의 디바이스 키트를 공급해왔으며, 누적 공급 규모는 약 45만 9천 키트에 이른다. 삼성물산 건설부문과는 매터(Matter) 기반 스마트 기기 연동을 위한 협약을 체결해, 아파트 앱에서 글로벌 표준 프로토콜을 지원했다. 이를 통해 입주자는 매터 기반의 다양한 IoT 기기를 손쉽게 제어할 수 있게 되었으며, 스마트홈 사용 경험이 한층 개선됐다.또한 아카라라이프는 자체 품질 조직과 고객센터를 갖추고 있어 구매 후 유지보수까지 신속한 대응 체계를 갖추고 있다. 고객 커뮤니티 운영으로 사용 경험과 노하우를 공유할 수 있도록 지원하며, 펌웨어 업데이트 및 원격 진단 서비스로 안정적인 디바이스 사용 경험을 보장한다.아카라라이프 이상헌 대표는 “스마트홈은 더 이상 미래의 기술이 아니라 현재 생활을 바꾸는 필수 요소”라며 “아카라라이프는 업계 최다 라인업과 검증된 품질·디자인 경쟁력을 기반으로 고객의 신뢰를 받아왔다. 앞으로는 아카라라이프가 구축한 스마트홈 인테리어 표준을 통해 인테리어 시장의 새로운 기준을 제시하고, 보다 많은 공간이 스마트하게 진화할 수 있도록 이끌어가겠다”고 말했다.한경닷컴 뉴스룸 open@hankyung.com"
https://n.news.naver.com/mnews/article/008/0005277544?sid=105,2025-11-13 10:00:00,IT/과학,"LGU+, 구글과 '익시오 AI 비서' 공개…맞춤 지능 전략 본격화","LG유플러스 모델이 익시오 AI 비서를 소개하고 있다. /사진=LG유플러스LG유플러스가 고객의 통화 상황을 실시간으로 이해하고 필요한 정보를 즉시 제공하는 차세대 AI(인공지능) 서비스 '익시오(ixi-O) AI 비서'를 공개했다. 구글 클라우드의 최신 생성형 모델을 기반으로 한 이 서비스는 고객의 편의를 높이는 맞춤형 AI 경험을 제공하고, LG유플러스 '맞춤 지능(Adaptive Intelligence)' 전략의 핵심 요소로 자리 잡게 된다.LG유플러스는 13일 서울 종로구에서 기자간담회를 열고 차세대 AI 전략과 익시오 AI 비서를 소개했다. 행사에는 이재원 LG유플러스 컨슈머부문장(부사장)과 캐런 티오 구글 아시아·태평양 플랫폼·디바이스 파트너십 부사장 등 양사 관계자가 참석해 협력의 의미와 향후 계획을 공유했다.익시오 AI 비서는 통화 중 ""헤이, 익시""라고 호출하면 AI가 즉시 대화에 참여해 대화 맥락을 분석하고 필요한 정보를 검색해 제공하는 것이 특징이다. 예를 들어 통화 중 주말 일정에 대해 이야기하다 ""이번 주말 날씨가 어떻게 돼?""라고 물으면 AI가 검색을 수행해 음성으로 결과를 알려주며, 통화 상대방 역시 해당 정보를 동시에 들을 수 있다. LG유플러스는 AI 호출과 정보 검색, 핵심 요약, 음성·텍스트 동시 제공, 상대방과 정보 공유까지의 과정을 통화 흐름을 방해하지 않도록 최적화했다.또한 프라이버시 보호를 위해 온디바이스 기반 STT(음성 텍스트 변화)를 적용했다. AI 호출 전에는 통화 내용이 서버로 전송되지 않으며, 호출 후 발화된 내용만 검색에 사용된다. LG유플러스는 올해 말까지 일부 고객을 대상으로 베타 서비스를 운영하며 기능을 고도화하고, 내년 상반기에는 모든 익시오 이용 고객에게 AI 비서를 제공할 예정이다.이번 서비스는 구글의 최신 LLM(거대언어모델) '제미나이2.5 플레시 라이브'를 기반으로 개발됐다. 초저지연 스트리밍 AI 기술 덕분에 통화 중 흐름을 끊지 않고 실시간 응답이 가능하며, '구글 검색 기반 그라운딩' 기술이 적용돼 생성형 AI의 이해력에 실제 검색 정보를 결합함으로써 정확성과 신뢰도를 높였다.LG유플러스는 자체 개발한 온디바이스 모델과 제미나이의 문맥 이해 기능을 결합해 통화 요약, 해야 할 일 정리, 감정 분석을 통한 커뮤니케이션 팁 제공 등 확장 기능도 구현했다. 앞으로 LG유플러스는 통화 중 언급된 일정·장소·예약 등을 바로 실행할 수 있는 '액셔너블 AI'로 기능을 확장할 계획이다.LG유플러스는 익시오 2.0을 통해 AI가 '나를 지켜주는 기술'을 넘어 '나를 대신하는 기술'로 진화하고 있다고 설명했다. 익시오는 출시 이후 통화 녹음·요약, 보이는 전화, AI 전화 대신 받기 등 실질적인 불편을 해결하는 기능으로 약 100만명의 사용자를 확보했다. 이번 업데이트로 실시간 정보 제공과 맞춤형 대화 요약 기능을 더해 더욱 편리한 AI 경험을 제공하게 됐다.이 부사장은 ""고객의 시간을 아끼고 일상을 단순하게 만들어주는 AI 서비스를 통해 'Simply. U+'의 브랜드 철학을 실천하겠다""며 ""익시오를 통해 누구나 신뢰할 수 있는 심플한 AI의 가치를 체감할 수 있도록 경쟁력을 강화해 나가겠다""고 강조했다."
https://n.news.naver.com/mnews/article/277/0005678675?sid=105,2025-11-13 10:00:00,IT/과학,"통화 중 날씨 물어보면 AI가 답한다…LG U+, '익시오 AI 비서' 공개","통화 중 '헤이 익시' 부르면 AI 비서 호출AI가 실시간 정보 제공…통화 상대방에도 공유구글 클라우드와 협력…제미나이 LLM 활용예약까지 해주는 '액셔너블 AI'로 고도화LG유플러스가 인공지능(AI)을 기반으로 통화 중에도 사용할 수 있는 AI 에이전트 서비스인 '익시오 AI 비서'를 공개했다. LG유플러스가 구글 클라우드와 함께 개발한 이 기능은 AI가 사용자의 통화 맥락을 이해해 필요한 정보를 제공하는 게 특징인데, 이를 통해 본격적인 '고객 맞춤형 AI' 시대를 열겠다는 목표다.이재원 LG유플러스 컨슈머부문장(부사장)은 13일 오전 서울 종로구에서 진행된 기자간담회에서 ""익시오는 지난 1년간 고객에게 안심을 제공하며 AI의 실질적 가치를 증명해왔다""면서 ""이제는 고객의 시간을 아끼고 삶을 편하게 지원하는 맞춤형 AI로 더 빠르게 진화할 것""이라며 AI 비서 기능을 소개했다.LG유플러스가 인공지능(AI)을 기반으로 통화 중에도 사용할 수 있는 AI 에이전트 서비스인 '익시오 AI 비서'를 공개했다. LG유플러스 모델이 익시오 AI 비서를 소개하고 있다. LG유플러스 제공이날 행사에는 이 부사장과 캐런 티오 구글 아시아태평양 플랫폼·디바이스 파트너십 부사장, 양사 관계자가 참석했다.익시오 AI 비서는 이용자의 통화 중 대화 맥락을 실시간으로 이해해 필요한 정보를 제공한다. 익시오 앱으로 통화하는 고객이 통화 중 '헤이, 익시'라고 부르거나 호출 버튼을 누르면 AI가 통화에 참여해 정보를 찾아준다. 친구와 통화로 주말 계획을 세우는 과정에서 '헤이 익시, 이번 주말 날씨가 어떻게 돼'라고 물으면 AI가 날씨 정보를 검색하고 결과를 음성으로 알려주는 식이다. AI가 제안한 정보는 통화 상대방도 함께 들을 수 있다.AI 비서를 사용하는 과정에서 고객 개인정보 보호도 고려했다. 익시오 AI 비서는 서버를 거치지 않고 스마트폰 내부에서 정보를 처리하는 '온디바이스' 기반 음성 인식(STT) 기술을 적용했다. AI 비서 호출 전 통화 내용은 서버에 전송하지 않고 호출 후 사용자가 말한 내용만 AI 검색에 활용한다.LG유플러스는 AI 비서 기능 개발을 위해 구글 클라우드와 손잡았다. 익시오 AI 비서는 구글의 최신 거대언어모델(LLM)인 '제미나이 2.5 플래시 라이브'를 활용해 개발됐다. 이 모델을 활용, 초저지연 스트리밍 AI가 적용돼 대화 흐름을 끊지 않고 질문 의도를 파악해 답변을 제공할 수 있다. 여기에 AI가 답한 내용을 구글 검색 정보와 교차 검증해 정확도를 높였다. 여기에 LG유플러스가 자체 개발한 온디바이스 언어·분류 모델과 제미나이 모델의 문맥 이해 기술을 결합해 통화 이력 기반의 AI 대화 검색 기능을 구현했다.향후 LG유플러스는 구글 클라우드와의 협력을 기반으로 통화 중 언급된 일정·장소·예약 등을 바로 실행할 수 있는 '액셔너블 AI'로 기능을 확장할 계획이다. AI가 이해한 대화 내용을 식당 예약과 같은 실제 행동으로 연결해 고객의 편의를 높인다는 목표다.LG유플러스는 올해 말까지 일부 고객을 대상으로 AI 비서 기능의 베타 서비스를 운영한 뒤 내년 상반기 전체 고객들에게 확대할 예정이다. 아울러 익시오 2.0의 핵심 기능인 AI 비서를 중심으로 고객 편의에 집중한 '맞춤 지능' 전략을 본격 추진할 방침이다. 맞춤 지능은 LG유플러스가 올해 초 모바일월드콩그레스(MWC) 2025에서 공개한 4A 인텔리전스 전략의 두 번째 단계로, 고객 편의에 집중한 AI를 선보인다는 계획이다.캐런 티오 구글 아시아태평양 플랫폼·디바이스 파트너십 부사장은 ""LG유플러스와의 협력은 공유된 비전을 가진 두 기업이 힘을 합쳤을 때 무엇을 이룰 수 있는지 보여주는 증거""라며 ""이는 단일 제품을 넘어 소비자, 기업, 인프라 사업 전반을 아우르는 깊고 전략적인 동맹""이라고 강조했다.이 부사장은 ""나를 이해하고 내 일상의 편의를 돕는 AI 서비스를 통해 고객 누구에게나 편하고 단순한 일상을 제공하겠다는 브랜드 철학인 '심플리 U+'의 가치를 전달할 것""이라며 ""익시오를 통해 심플한 AI의 효용을 느낄 수 있도록 AI 경쟁력을 높여나가겠다""고 말했다.LG유플러스의 익시오 고도화 로드맵. LG유플러스 제공"
https://n.news.naver.com/mnews/article/003/0013597848?sid=105,2025-11-13 10:00:00,IT/과학,"LGU+ 전화앱 '익시오' AI 비서로 진화…통화중  ""날씨어때"", ""좋아요"" 대답","'헤이 익시' 한 마디로 AI 비서 구동…AI가 검색 결과 알려줘구글 클라우드 협업…향후 예약까지 해주는 기능으로 고도화[서울=뉴시스] LG유플러스가 구글 클라우드와 개발한 '익시오AI 비서'를 출시했다. (사진=LGU+ 제공) *재판매 및 DB 금지[서울=뉴시스] 심지혜 기자 = LG유플러스의 인공지능(AI) 기반 전화앱 '익시오(ixi-O)' 역할이 확대된다. 통화 내용을 요약해 주고 대화 내용을 검색하는 기능을 제공했다면 앞으로는 통화 중에도 사용자가 원하는 정보를 검색하고 확인해준다.LG유플러스는 13일 개최한 기자간담회에서 '익시오AI 비서'를 발표했다. 이는 구글 클라우드와의 협력으로 개발한 기능으로 협력을 지속 확대한다는 계획이다.통화 중에도 원하는 정보 확인 척척익시오 AI 비서는 통화 중 대화 맥락을 실시간으로 이해하고 필요한 정보를 즉시 제공하는 기능이다. 익시오를 사용하는 고객이 통화 중 ""헤이, 익시""라고 부르거나 호출 버튼을 누르면 AI가 통화에 참여해 정보를 찾고 결과를 공유한다.일례로 친구와 통화로 주말 계획을 세우는 중 ""헤이 익시, 이번 주말 날씨가 어떻게 돼""라고 질문하면 AI가 정보를 검색하고 결과를 음성으로 알려주는 방식이다.이 서비스를 위해 LG유플러스는 ▲통화 연결 상태에서 AI 호출 ▲필요한 정보 검색 및 핵심 요약 ▲음성과 텍스트로 동시에 제공 ▲상대방에게도 정보 즉시 공유 등 과정을 거쳐 실제 대화 흐름에 방해가 되지 않도록 AI를 고도화했다. AI가 제안한 정보는 통화 상대방도 함께 들을 수 있다.대화 내용 외부 유출 방지를 위해 온디바이스(On-device) 기반 음성 인식(STT) 기술을 적용해 호출 전 통화 내용은 서버에 전송하지 않고, 호출 후 발화 내용만 AI 검색에 활용한다.LG유플러스는 올해 말까지 일부 고객을 대상으로 베타 서비스를 운영하며 발생한 피드백을 적용해 익시오 AI 비서의 기능을 고도화할 계획이다. 이후 내년 상반기 모든 익시오 이용 고객에게 AI 비서 기능을 오픈할 예정이다.이재원 LG유플러스 컨슈머부문장(부사장)은 ""익시오는 지난 1년간 고객에게 안심을 제공하며 AI의 가치를 증명해왔다”며 ""이제는 고객의 시간을 아끼고 삶을 편하게 지원하는 맞춤형 AI로 더 빠르게 진화할 것""이라고 말했다.구글 클라우드와 제미나이 기반 통화 앱 상용화LG유플러스는 AI 서비스에서 글로벌 빅테크 기업인 구글 클라우드와 협력하고 있다. 이날 선보인 익시오 AI 비서는 구글의 최신 거대언어모델(LLM) ‘제미나이 2.5 플래시 라이브(Gemini 2.5 Flash Live)’를 활용해 개발됐다.LG유플러스는 초저지연 스트리밍 AI 적용을 통해 대화 흐름을 끊지 않고 질문 의도를 파악하고, 구글 검색 기반 그라운딩 기능을 활용해 AI 검색의 정확도와 신뢰도를 높였다고 설명했다.이뿐 아니라 익시오는 통화 내용을 요약하고 해야할 일을 정리하는 것은 물론, 통화 상대의 대화 방식과 감정 흐름을 분석해 관계 개선을 위한 커뮤니케이션 팁을 제공할 수도 있다.향후 LG유플러스는 구글 클라우드와의 협력을 기반으로 통화 중 언급된 일정·장소·예약 등을 바로 실행할 수 있는 방식으로 기능을 확장할 계획이다.LG유플러스는 익시오 2.0의 핵심 기능인 AI 비서를 중심으로 고객 편의에 집중한 ‘맞춤 지능(Adaptive Intelligence)’ 전략을 본격 추진할 방침이다.캐런 티오(Karen Teo) 구글 아시아태평양 플랫폼·디바이스 파트너십 부사장은 ""LG유플러스와의 협력은 공유된 비전을 가진 두 기업이 힘을 합쳤을 때 무엇을 이룰 수 있는지 보여주는 증거""라며 ""이는 단일 제품을 넘어 소비자, 기업, 인프라 사업 전반을 아우르는 깊고 전략적인 동맹""이라고 강조했다."
https://n.news.naver.com/mnews/article/421/0008601621?sid=105,2025-11-13 10:00:00,IT/과학,"LGU+, 구글 손잡고 개발한 '익시오 AI 비서' 공개","고객 편의 제공하는 '맞춤 지능'으로 AI 전략 전환(LGU+ 제공)(서울=뉴스1) 이기범 기자 = LG유플러스(032640)가 구글 클라우드와 손잡고 개발한 인공지능(AI) 서비스 '익시오(ixi-O) AI 비서'를 공개했다.LG유플러스는 13일 차세대 AI 전략인 '맞춤 지능'(Adaptive Intelligence)의 청사진과 핵심 서비스인 '익시오 AI 비서'를 발표했다.LG유플러스는 익시오 AI 비서를 시작으로 AI 전략을 맞춤 지능 중심으로 전환할 방침이다. 이를 통해 고객 편의에 집중한 AI를 선보인다는 계획이다.익시오 AI 비서는 통화 중 대화 맥락을 실시간으로 이해하고 필요한 정보를 제공하는 기능이다. 익시오를 사용하는 고객이 통화 중 ""헤이, 익시""라고 부르거나 호출 버튼을 누르면 AI가 통화에 참여해 정보를 찾고 결과를 공유한다.예를 들어 친구와 통화로 주말 계획을 세우는 중 ""헤이 익시, 이번 주말 날씨가 어떻게 돼""라고 질문하면 AI가 정보를 검색하고 결과를 음성으로 알려주는 방식이다. AI가 제안한 정보는 통화 상대방도 함께 들을 수 있다.프라이버시 보호도 강화했다. 익시오 AI 비서는 온디바이스 기반 음성 인식(STT) 기술을 적용해 호출 전 통화 내용은 서버에 전송하지 않고, 호출 후 발화 내용만 AI 검색에 활용한다.LG유플러스는 올해 말까지 일부 고객을 대상으로 베타 서비스를 운영하며 발생한 피드백을 적용해 익시오 AI 비서의 기능을 고도화할 계획이다. 이후 내년 상반기 모든 익시오 이용 고객에게 AI 비서 기능을 오픈할 방침이다.이날 선보인 익시오 AI 비서는 구글의 최신 LLM 모델인 '제미나이 2.5 플래시 라이브' 기반으로 개발됐다. 여기에 LG유플러스는 자체 개발한 온디바이스 언어/분류 모델과 제미나이 모델의 문맥 이해 기술을 결합해 통화 이력 기반의 AI 대화 검색 기능을 구현했다.향후 LG유플러스는 구글 클라우드와의 협력을 기반으로 통화 중 언급된 일정·장소·예약 등을 바로 실행할 수 있는 기능을 선보일 계획이다."
https://n.news.naver.com/mnews/article/018/0006163158?sid=105,2025-11-13 10:01:10,IT/과학,"“헤이 익시” LGU+, 통화 중 AI 호출…AI비서 기능 공개","AI가 검색 결과 알려 주고 통화 상대방과 공유예약까지 해주는 ‘액셔너블 AI’로 고도화구글 클라우드와 AI 협력으로 경쟁력↑[이데일리 윤정훈 기자]LG유플러스(032640)가 안심할 수 있는 AI를 기반으로 고객의 편의를 증진하는 서비스인 ‘익시오(ixi-O) AI 비서’를 공개했다. 구글 클라우드와 손잡고 개발한 AI 서비스를 통해 본격적인 고객 맞춤형 AI 시대를 열겠다는 전략이다.(사진=LGU+)LG유플러스는 13일 서울 종로구에서 기자간담회를 열고 차세대 AI 전략인 ‘맞춤 지능(Adaptive Intelligence)’의 청사진과 핵심 서비스인 ‘익시오 AI 비서’를 소개했다. 이날 행사에는 이재원 LG유플러스 컨슈머부문장(부사장)과 캐런 티오 구글 아시아태평양 플랫폼·디바이스 파트너십 부사장 등 양사 관계자가 참석했다.LG유플러스는 구글 클라우드와 협업한 ‘익시오 AI 비서’를 시작으로 AI 전략을 맞춤 지능 중심으로 전환할 방침이다. 맞춤 지능은 올해 초 MWC를 통해 공개한 4A 인텔리전스 전략의 두번째 단계로, 고객 편의에 집중한 AI를 선보인다는 계획이다.이재원 LG유플러스 컨슈머부문장 (부사장)은 “익시오는 지난 1년간 고객에게 안심을 제공하며 AI의 실질적 가치를 증명해왔다”며 “이제는 고객의 시간을 아끼고 삶을 편하게 지원하는 맞춤형 AI로 더 빠르게 진화할 것”이라고 말했다.내 말 알아듣고 검색하는 AI로 고객 편의 향상익시오 AI 비서는 통화 중 대화 맥락을 실시간으로 이해하고 필요한 정보를 즉시 제공하는 기능이다. 익시오를 사용하는 고객이 통화 중 “헤이, 익시”라고 부르거나 호출 버튼을 누르면 AI가 통화에 참여해 정보를 찾고 결과를 공유한다. 가령 친구와 통화로 주말 계획을 세우는 중 “헤이 익시, 이번 주말 날씨가 어떻게 돼”라고 질문하면 AI가 정보를 검색하고 결과를 음성으로 알려주는 방식이다.이 서비스를 위해 LG유플러스는 △통화 연결 상태에서 AI 호출 △필요한 정보 검색 및 핵심 요약 △음성과 텍스트로 동시에 제공 ▲상대방에게도 정보 즉시 공유 등 과정을 거쳐 실제 대화 흐름에 방해가 되지 않도록 AI를 고도화했다. AI가 제안한 정보는 통화 상대방도 함께 들을 수 있다.LG유플러스는 고객이 안심하고 익시오 AI 비서를 이용할 수 있도록 프라이버시 보호도 강화 했다. 익시오 AI 비서는 온디바이스(On-device) 기반 음성 인식(STT) 기술을 적용해 호출 전 통화 내용은 서버에 전송하지 않고, 호출 후 발화 내용만 AI 검색에 활용한다.LG유플러스는 올해 말까지 일부 고객을 대상으로 베타 서비스를 운영하며 발생한 피드백을 적용해 익시오 AI 비서의 기능을 고도화할 계획이다. 이후 내년 상반기 모든 익시오 이용 고객에게 AI 비서 기능을 오픈할 방침이다.제미나이 기반 통화 앱 상용화…‘실행적 AI’로 영역 확장LG유플러스는 고객 편의를 강화한 AI 서비스를 위해 글로벌 빅테크 기업인 구글 클라우드와 긴밀한 협업을 이어가고 있다. 이날 선보인 익시오 AI 비서는 구글의 최신 LLM 모델인 ‘제미나이 2.5 플래시 라이브(Gemini 2.5 Flash Live)’를 활용해 개발됐다.제미나이 2.5 플래시 라이브 기반의 익시오 AI 비서는 초저지연 스트리밍 AI가 적용돼 대화 흐름을 끊지 않고 질문 의도를 파악해 답변을 제공할 수 있다. 또 구글 검색 기반 그라운딩 기능(Grounding with Google Search)과 결합, 생성형 모델의 이해력을 유지하면서도 실제 구글 검색 정보와 교차 검증을 거쳐 AI 검색의 정확도 및 신뢰도를 높였다.여기에 LG유플러스는 자체 개발한 온디바이스 언어·분류 모델과 제미나이 모델의 문맥 이해 기술을 결합해 통화 이력 기반의 AI 대화 검색 기능을 구현했다. 이를 통해 익시오는 통화 내용을 요약하고 해야할 일을 정리하는 것은 물론, 통화 상대의 대화 방식과 감정 흐름을 분석해 관계 개선을 위한 커뮤니케이션 팁을 제공할 수도 있다.향후 LG유플러스는 구글 클라우드와의 협력을 기반으로 통화 중 언급된 일정·장소·예약 등을 바로 실행할 수 있는 ‘Actionable AI’로 기능을 확장할 계획이다. AI가 이해한 대화를 실제 행동으로 연결해, 고객의 커뮤니케이션을 보다 편리하게 지원한다는 계획이다.캐런 티오(Karen Teo) 구글 아시아태평양 플랫폼·디바이스 파트너십 부사장은 “LG유플러스와의 협력은 공유된 비전을 가진 두 기업이 힘을 합쳤을 때 무엇을 이룰 수 있는지 보여주는 증거”라며 “이는 단일 제품을 넘어 소비자, 기업, 인프라 사업 전반을 아우르는 깊고 전략적인 동맹”이라고 강조했다.LG유플러스는 익시오 2.0의 핵심 기능인 AI 비서를 중심으로 고객 편의에 집중한 ‘맞춤 지능(Adaptive Intelligence)’ 전략을 본격 추진할 방침이다. 앞서 익시오는 지난해 11월 출시 이후 통화 녹음·요약, 보이는 전화, AI 전화 대신 받기 등 고객의 실제 불편을 해결하는 기능을 중심으로 약 100만명의 고객이 사용하는 통화 앱으로 성장했다.이 부사장은 “나를 이해하고 내 일상의 편의를 돕는 AI 서비스를 통해 고객 누구에게 나 편하고 단순한 일상을 제공하겠다는 브랜드 철학인 Simply. U+의 가치를 전달할 것”이라며 ”익시오를 통해 심플한 AI의 효용을 느낄 수 있도록 AI 경쟁력을 높여나가겠다”고 말했다."
https://n.news.naver.com/mnews/article/031/0000980542?sid=105,2025-11-13 10:01:10,IT/과학,"""통화 중에도 AI가 정보 제공""⋯LGU+, 익시오 AI 비서 공개","'헤이 익시' 한 마디로 구동…AI 검색 결과 통화 상대방과 공유LGU+, 차세대 AI 전략으로 '맞춤 지능' 제시…심플한 AI 구현""헤이 익시(ixi), 이번 주말 날씨가 어떻게 돼?""친구·지인·가족 등과 통화 중에 AI 통화 에이전트를 호출하고 음성으로 정보를 제공받는 일이 가능해졌다. LG유플러스의 통화 에이전트 서비스 익시오(ixi-O) AI 비서가 주인공이다.LG유플러스 모델이 익시오 AI 비서를 소개하는 모습. [사진=LGU+]LG유플러스는 13일 서울 종로구에서 기자간담회를 열고 차세대 AI 전략으로 '맞춤 지능'(Adaptive Intelligence)을 제시하며 핵심 서비스인 익시오 AI 비서를 소개했다. 이날 행사에는 이재원 LG유플러스 컨슈머부문장(부사장)과 캐런 티오 구글 아시아태평양 플랫폼·디바이스 파트너십 부사장 등 양사 관계자가 참석했다.익시오 AI 비서는 통화 중 대화 맥락을 실시간으로 이해하고 필요한 정보를 즉시 제공하는 기능이다. LG유플러스-구글 클라우드 간 협업으로 탄생했다.익시오 AI 비서, 올해 말까지 베타 서비스⋯내년 상반기 공식 오픈사용 방법은 간단하다. 익시오를 사용하는 고객이 통화 중 ""헤이, 익시""라고 부르거나 호출 버튼을 누르면 AI가 통화에 참여한다. 이후 정보를 찾고 결과를 공유한다.가령 친구와 통화로 주말 계획을 세우는 중 ""헤이 익시, 이번 주말 날씨가 어떻게 돼""라고 질문하면 AI가 정보를 검색하고 결과를 음성으로 알려주는 방식이다. AI가 제안한 정보는 사용자는 물론 통화 상대방도 함께 들을 수 있다.LG유플러스는 이 서비스를 위해 △통화 연결 상태에서 AI 호출 △필요한 정보 검색 및 핵심 요약 △음성과 텍스트로 동시 제공 △상대방에게도 정보 즉시 공유 등 과정을 거쳐 실제 대화 흐름에 방해가 되지 않도록 AI를 고도화했다.LG유플러스는 고객이 안심하고 익시오 AI 비서를 이용할 수 있도록 프라이버시 보호도 강화했다. 익시오 AI 비서는 온디바이스(On-device) 기반 음성 인식(STT) 기술을 적용해 호출 전 통화 내용은 서버에 전송하지 않고, 호출 후 발화 내용만 AI 검색에 활용한다.LG유플러스는 올해 말까지 일부 고객을 대상으로 베타 서비스를 운영하며 발생한 피드백을 적용해 익시오 AI 비서의 기능을 고도화할 계획이다. 이후 내년 상반기 모든 익시오 이용 고객에게 AI 비서 기능을 오픈할 방침이다.구글 클라우드와 협업⋯제미나이 기반 통화 앱 상용화LG유플러스는 고객 편의를 강화한 AI 서비스를 위해 글로벌 빅테크 기업인 구글 클라우드와 협업을 이어가고 있다. 익시오 AI 비서는 구글의 최신 LLM 모델인 제미나이 2.5 플래시 라이브(Gemini 2.5 Flash Live)를 활용해 개발됐다.제미나이 2.5 플래시 라이브 기반 익시오 AI 비서는 초저지연 스트리밍 AI가 적용돼 대화 흐름을 끊지 않고 질문 의도를 파악해 답변을 제공할 수 있다. 구글 검색 기반 그라운딩 기능과 결합, 생성형 모델 이해력을 유지하면서도 실제 구글 검색 정보와 교차 검증을 거쳐 AI 검색의 정확도 및 신뢰도를 높였다.LG유플러스는 자체 개발한 온디바이스 언어·분류 모델과 제미나이 모델 문맥 이해 기술을 결합해 통화 이력 기반의 AI 대화 검색 기능을 구현했다. 익시오는 통화 내용을 요약하고 해야할 일을 정리하는 것은 물론, 통화 상대 대화 방식과 감정 흐름을 분석해 관계 개선을 위한 커뮤니케이션 팁을 제공할 수 있다.향후 LG유플러스는 구글 클라우드와의 협력을 기반으로 통화 중 언급된 일정·장소·예약 등을 바로 실행할 수 있는 액셔너블 AI(Actionable AI)로 기능을 확장할 계획이다.이재원 LG유플러스 컨슈머부문장(부사장)은 ""나를 이해하고 내 일상의 편의를 돕는 AI 서비스를 통해 고객 누구에게나 편하고 단순한 일상을 제공하겠다는 브랜드 철학인 Simply. U+의 가치를 전달할 것""이라며 ""익시오를 통해 심플한 AI의 효용을 느낄 수 있도록 AI 경쟁력을 높여나가겠다""고 말했다.캐런 티오(Karen Teo) 구글 아시아태평양 플랫폼·디바이스 파트너십 부사장은 ""LG유플러스와의 협력은 공유된 비전을 가진 두 기업이 힘을 합쳤을 때 무엇을 이룰 수 있는지 보여주는 증거""라며 ""이는 단일 제품을 넘어 소비자, 기업, 인프라 사업 전반을 아우르는 깊고 전략적인 동맹""이라고 강조했다."
https://n.news.naver.com/mnews/article/119/0003024512?sid=105,2025-11-13 10:01:11,IT/과학,"통화 중 ""헤이 익시"" 부르면 AI가 답한다…LGU+, ‘익시오 AI 비서’ 공개","""헤이 익시""한 마디로AI비서 구동…AI가 검색 결과 알려 주고 통화 상대방과 공유LG유플러스 모델이 익시오 AI 비서를 소개하는 모습.ⓒLG유플러스[데일리안 = 조인영 기자] LG유플러스가 AI를 기반으로 고객의 편의를 증진하는 서비스인 ‘익시오(ixi-O) AI 비서’를 공개했다. 구글 클라우드와 손잡고 개발한 AI 서비스를 통해 본격적인 고객 맞춤형 AI 시대를 열겠다는 전략이다.LG유플러스는 13일 서울 종로구에서 기자간담회를 열고 차세대 AI 전략인 ‘맞춤 지능(Adaptive Intelligence)’의 청사진과 핵심 서비스인 ‘익시오 AI 비서’를 소개했다고 밝혔다.이날 행사에는 이재원 LG유플러스 컨슈머부문장(부사장)과 캐런 티오 구글 아시아태평양 플랫폼·디바이스 파트너십 부사장 등 양사 관계자가 참석했다.LG유플러스는 구글 클라우드와 협업한 ‘익시오 AI 비서’를 시작으로 AI 전략을 맞춤 지능 중심으로 전환할 방침이다. 맞춤 지능은 올해 초 MWC를 통해 공개한 4A 인텔리전스 전략의 두번째 단계로, 고객 편의에 집중한 AI를 선보인다는 계획이다.이재원 LG유플러스 컨슈머부문장(부사장)은 “익시오는 지난 1년간 고객에게 안심을 제공하며 AI의 실질적 가치를 증명해왔다”며 “이제는 고객의 시간을 아끼고 삶을 편하게 지원하는 맞춤형 AI로 더 빠르게 진화할 것”이라고 말했다.내 말 알아듣고 검색하는 AI로 고객 편의 향상익시오 AI 비서는 통화 중 대화 맥락을 실시간으로 이해하고 필요한 정보를 즉시 제공하는 기능이다. 익시오를 사용하는 고객이 통화 중 “헤이, 익시”라고 부르거나 호출 버튼을 누르면 AI가 통화에 참여해 정보를 찾고 결과를 공유한다.가령 친구와 통화로 주말 계획을 세우는 중 “헤이 익시, 이번 주말 날씨가 어떻게 돼”라고 질문하면 AI가 정보를 검색하고 결과를 음성으로 알려주는 방식이다.이 서비스를 위해 LG유플러스는 ▲통화 연결 상태에서 AI 호출 ▲필요한 정보 검색 및 핵심 요약 ▲음성과 텍스트로 동시에 제공 ▲상대방에게도 정보 즉시 공유 등 과정을 거쳐 실제 대화 흐름에 방해가 되지 않도록 AI를 고도화했다. AI가 제안한 정보는 통화 상대방도 함께 들을 수 있다.LG유플러스는 고객이 안심하고 익시오 AI 비서를 이용할 수 있도록 프라이버시 보호도 강화했다. 익시오 AI 비서는 온디바이스(On-device) 기반 음성 인식(STT) 기술을 적용해 호출 전 통화 내용은 서버에 전송하지 않고, 호출 후 발화 내용만 AI 검색에 활용한다.LG유플러스는 올해 말까지 일부 고객을 대상으로 베타 서비스를 운영하며 발생한 피드백을 적용해 익시오 AI 비서의 기능을 고도화할 계획이다. 이후 내년 상반기 모든 익시오 이용 고객에게 AI 비서 기능을 오픈할 방침이다.구글 클라우드와 협업해 제미나이 기반 통화 앱 상용화LG유플러스는 고객 편의를 강화한 AI 서비스를 위해 글로벌 빅테크 기업인 구글 클라우드와 긴밀한 협업을 이어가고 있다. 이날 선보인 익시오 AI 비서는 구글의 최신 LLM 모델인 ‘제미나이 2.5 플래시 라이브(Gemini 2.5 Flash Live)’를 활용해 개발됐다.제미나이 2.5 플래시 라이브 기반의 익시오 AI 비서는 초저지연 스트리밍 AI가 적용돼 대화 흐름을 끊지 않고 질문 의도를 파악해 답변을 제공할 수 있다. 또 구글 검색 기반 그라운딩 기능(Grounding with Google Search)과 결합, 생성형 모델의 이해력을 유지하면서도 실제 구글 검색 정보와 교차 검증을 거쳐 AI 검색의 정확도 및 신뢰도를 높였다.여기에 LG유플러스는 자체 개발한 온디바이스 언어/분류 모델과 제미나이 모델의 문맥 이해 기술을 결합해 통화 이력 기반의 AI 대화 검색 기능을 구현했다. 이를 통해 익시오는 통화 내용을 요약하고 해야할 일을 정리하는 것은 물론, 통화 상대의 대화 방식과 감정 흐름을 분석해 관계 개선을 위한 커뮤니케이션 팁을 제공할 수도 있다.향후 LG유플러스는 구글 클라우드와의 협력을 기반으로 통화 중 언급된 일정·장소·예약 등을 바로 실행할 수 있는 ‘Actionable AI’로 기능을 확장할 계획이다. AI가 이해한 대화를 실제 행동으로 연결해, 고객의 커뮤니케이션을 보다 편리하게 지원한다는 계획이다.캐런 티오(Karen Teo) 구글 아시아태평양 플랫폼·디바이스 파트너십 부사장은 “LG유플러스와의 협력은 공유된 비전을 가진 두 기업이 힘을 합쳤을 때 무엇을 이룰 수 있는지 보여주는 증거”라며 “이는 단일 제품을 넘어 소비자, 기업, 인프라 사업 전반을 아우르는 깊고 전략적인 동맹”이라고 강조했다.맞춤 지능 시대…”심플한 AI 통해 누구나 편하고 단순한 일상”LG유플러스는 익시오 2.0의 핵심 기능인 AI 비서를 중심으로 고객 편의에 집중한 ‘맞춤 지능(Adaptive Intelligence)’ 전략을 본격 추진할 방침이다. 앞서 익시오는 지난해 11월 출시 이후 통화 녹음·요약, 보이는 전화, AI 전화 대신 받기 등 고객의 실제 불편을 해결하는 기능을 중심으로 약 100만명의 고객이 사용하는 통화 앱으로 성장했다.이같은 성과를 바탕으로 LG유플러스의 익시오는 ‘나를 지켜주는 AI를 넘어 나를 대신해주는 AI’로 나아가고 있다. 익시오 2.0은 통화 중 실시간으로 필요한 정보를 제공하고, 통화 내용을 맞춤형으로 요약하는 기능 등으로 서비스를 확장하고 있다. 이를 통해 고객의 복잡함은 덜어내고, 신뢰할 수 있는 AI 경험을 제공한다는 계획이다.이재원 LG유플러스 컨슈머부문장(부사장)은 “나를 이해하고 내 일상의 편의를 돕는 AI 서비스를 통해 고객 누구에게나 편하고 단순한 일상을 제공하겠다는 브랜드 철학인 Simply. U+의 가치를 전달할 것”이라며 ”익시오를 통해 심플한 AI의 효용을 느낄 수 있도록 AI 경쟁력을 높여나가겠다”고 말했다."
https://n.news.naver.com/mnews/article/082/0001353457?sid=101,2025-11-13 10:15:10,경제,"LGU+, 통화 에이전트 ‘익시오 AI 비서’ 기능 공개","‘헤이 익시’ 한마디로 AI 비서 구동해AI가 검색 결과 알려 주고 상대와 공유LG유플러스가 안심할 수 있는 AI를 기반으로 고객의 편의를 증진하는 서비스인 ‘익시오(ixi-O) AI 비서’를 공개했다. 사진은 LG유플러스 모델이 익시오 AI 비서를 소개하는 모습. LG유플러스 제공LG유플러스가 인공지능(AI) 서비스인 ‘익시오(ixi-O) AI 비서’를 공개했다. 통화 중 ‘헤이 익시’라고 말하면 AI가 날씨부터 인기 영화까지 알려준다는 게 LG유플러스의 설명이다. 익시오 AI 비서는 올해 베타 서비스 이후 내년 상반기에 본격 서비스된다.LG유플러스는 13일 서울 종로구에서 기자간담회를 열고 차세대 AI 전략인 ‘맞춤 지능(Adaptive Intelligence)’의 청사진과 핵심 서비스인 ‘익시오 AI 비서’를 소개했다. 이재원 LG유플러스 컨슈머부문장(부사장)은 이날 행사에서 “익시오는 지난 1년간 고객에게 안심을 제공하며 AI의 실질적 가치를 증명해 왔다”며 “이제는 고객의 시간을 아끼고 삶을 편하게 지원하는 맞춤형 AI로 더 빠르게 진화할 것”이라고 말했다.익시오 AI 비서는 통화 중 대화 맥락을 실시간으로 이해하고 필요한 정보를 즉시 제공하는 기능이다. 익시오를 사용하는 고객이 통화 중 “헤이, 익시”라고 부르거나 호출 버튼을 누르면 AI가 통화에 참여해 정보를 찾고 결과를 공유한다. 친구와 통화로 주말 계획을 세우는 중 “헤이 익시, 이번 주말 날씨가 어떻게 돼”라고 질문하면 AI가 정보를 검색하고 결과를 음성으로 알려주는 방식이다.LG유플러스는 이 서비스를 위해 통화 연결 상태에서 AI 호출, 필요한 정보 검색 및 핵심 요약, 음성과 텍스트로 동시에 제공, 상대방에게도 정보 즉시 공유 등 과정을 거쳐 실제 대화 흐름에 방해가 되지 않도록 AI를 고도화했다고 밝혔다. AI가 제안한 정보는 통화 상대방도 함께 들을 수 있다.LG유플러스는 가입자가 안심하고 익시오 AI 비서를 이용할 수 있도록 프라이버시 보호도 강화했다고 밝혔다. 익시오 AI 비서는 온디바이스(On-device) 기반 음성 인식(STT) 기술을 적용해 호출 전 통화 내용은 서버에 전송하지 않고, 호출 후 발화 내용만 AI 검색에 활용한다. LG유플러스는 올해 말까지 일부 고객을 대상으로 베타 서비스를 운영하며 발생한 피드백을 적용해 익시오 AI 비서의 기능을 고도화할 계획이다. 이후 내년 상반기 모든 익시오 이용 고객에게 AI 비서 기능을 오픈할 방침이다.LG유플러스는 사용자의 편의를 강화한 AI 서비스를 위해 구글 클라우드와 긴밀한 협업을 이어가고 있다고 밝혔다. 이날 선보인 익시오 AI 비서는 구글의 최신 LLM 모델인 ‘제미나이 2.5 플래시 라이브(Gemini 2.5 Flash Live)’를 활용해 개발됐다.제미나이 2.5 플래시 라이브 기반의 익시오 AI 비서는 초저지연 스트리밍 AI가 적용돼 대화 흐름을 끊지 않고 질문 의도를 파악해 답변을 제공할 수 있다. 또 구글 검색 기반 그라운딩 기능(Grounding with Google Search)과 결합, 생성형 모델의 이해력을 유지하면서도 실제 구글 검색 정보와 교차 검증을 거쳐 AI 검색의 정확도 및 신뢰도를 높였다.LG유플러스는 자체 개발한 온디바이스 언어·분류 모델과 제미나이 모델의 문맥 이해 기술을 결합해 통화 이력 기반의 AI 대화 검색 기능을 구현했다고 밝혔다. 이를 통해 익시오는 통화 내용을 요약하고 해야 할 일을 정리하는 것은 물론, 통화 상대의 대화 방식과 감정 흐름을 분석해 관계 개선을 위한 커뮤니케이션 팁을 제공할 수 있다는 설명이다.캐런 티오 구글 아시아태평양 플랫폼·디바이스 파트너십 부사장은 “LG유플러스와의 협력은 공유된 비전을 가진 두 기업이 힘을 합쳤을 때 무엇을 이룰 수 있는지 보여주는 증거”라며 “이는 단일 제품을 넘어 소비자, 기업, 인프라 사업 전반을 아우르는 깊고 전략적인 동맹”이라고 강조했다.이재원 부사장은 “나를 이해하고 내 일상의 편의를 돕는 AI 서비스를 통해 고객 누구에게나 편하고 단순한 일상을 제공하겠다는 브랜드 철학인 심플리 유플러스(Simply. U+)의 가치를 전달할 것”이라며 ”익시오를 통해 심플한 AI의 효용을 느낄 수 있도록 AI 경쟁력을 높여나가겠다”고 말했다."
https://n.news.naver.com/mnews/article/092/0002398228?sid=105,2025-11-13 10:20:11,IT/과학,전화 통화 알아듣는 AI...검색부터 예약까지 도와준다,"LGU+, 구글과 공동개발한 통화 에이전트 '익시오 AI비서' 공개LG유플러스가 구글 클라우드와 함께 개발한 ‘익시오(ixi-O) AI비서’ 서비스를 내놨다. “헤이 익시” 한 마디로 통화 중에 검색 결과를 알려주고 직접 업무를 수행하는 비서 역할까지 해낸다.익시오 AI비서를 시작으로 네 단계에 걸친 LG유플러스의 4A 인텔리전스 전략 두 번째 단계로 도약을 선언했다. 맞춤형 이용자 편의에 집중하는 AI를 선보이겠다는 계획이다.LG유플러스는 13일 서울 종로구에서 기자간담회를 열고 차세대 AI 전략인 ‘맞춤 지능’ 청사진과 핵심 서비스인 ‘익시오 AI비서’를 소개했다.내 말 알아듣고 검색하는 AI로 편의 향상익시오 AI비서는 통화 중 대화 맥락을 실시간으로 이해하고 필요한 정보를 즉시 제공하는 기능을 제공한다. 음성으로 익시를 부르거나 호출 버튼을 누르면 AI가 통화에 참여해 정보를 찾고 결과를 공유한다.예컨대 친구와 통화 중에 “헤이 익시, 이번 주말 날씨가 어떻게 돼”라고 질문하면 AI가 정보를 검색하고 결과를 음성으로 알려준다.이를 위해 LG유플러스는 ▲통화 연결 상태에서 AI 호출 ▲필요한 정보 검색 및 핵심 요약 ▲음성과 텍스트로 동시에 제공 ▲상대방에게도 정보 즉시 공유 등 과정을 거쳐 실제 대화 흐름에 방해가 되지 않도록 AI를 고도화했다.AI가 제안한 정보는 통화 상대방도 함께 들을 수 있다.LG유플러스는 이용자가 안심하고 익시오 AI비서를 이용할 수 있도록 프라이버시 보호도 강화했다. 익시오 AI비서는 온디바이스 기반 음성 인식(STT) 기술을 적용해 호출 전 통화 내용은 서버에 전송하지 않고, 호출 후 발화 내용만 AI 검색에 활용한다.이 서비스는 연내 베타서비스를 거쳐 내년 상반기 모든 익시오 이용자에게 AI 비서 기능을 공개할 예정이다.구글 제미나이 기반 통화 앱 상용화, 액셔너블 AI로 확장이날 선보인 익시오 AI비서는 구글의 최신 LLM 모델인 ‘제미나이 2.5 플래시 라이브’를 활용해 개발됐다. 초저지연 스트리밍 AI가 적용돼 대화 흐름을 끊지 않고 질문 의도를 파악해 답변을 제공할 수 있다. 또 구글 검색 기반 그라운딩 기능과 결합해 생성형 모델의 이해력을 유지하면서도 실제 구글 검색 정보와 교차 검증을 거쳐 AI 검색의 정확도와 신뢰도를 높였다.아울러 LG유플러스는 자체 개발한 온디바이스 언어 분류 모델과 제미나이 모델의 문맥 이해 기술을 결합해 통화 이력 기반의 AI 대화 검색 기능을 구현했다. 이를 통해 익시오는 통화 내용을 요약하고 해야할 일을 정리하고 통화 상대의 대화 방식과 감정 흐름을 분석해 관계 개선을 위한 커뮤니케이션 팁을 제공할 수 있다.향후 LG유플러스는 구글 클라우드와의 협력을 기반으로 통화 중 언급된 일정, 장소, 예약 등을 바로 실행할 수 있는 액셔너블AI로 기능을 확장할 계획이다.캐런 티오 구글 아시아태평양 플랫폼디바이스파트너십 부사장은 “LG유플러스와의 협력은 공유된 비전을 가진 두 기업이 힘을 합쳤을 때 무엇을 이룰 수 있는지 보여주는 증거”라며 “이는 단일 제품을 넘어 소비자, 기업, 인프라 사업 전반을 아우르는 깊고 전략적인 동맹”이라고 강조했다.이재원 LG유플러스 컨슈머부문장은 “익시오는 지난 1년간 고객에게 안심을 제공하며 AI의 실질적 가치를 증명해왔다”며 “이제는 고객의 시간을 아끼고 삶을 편하게 지원하는 맞춤형 AI로 더 빠르게 진화할 것”이라고 말했다."
https://n.news.naver.com/mnews/article/144/0001079751?sid=105,2025-11-13 10:30:08,IT/과학,"LGU+, 통화 도우미 ‘익시오 AI 비서’ 공개","통화 중 ‘헤이 익시’ 한마디면 AI가 날씨부터 인기 영화까지···LG유플러스가 인공지능(AI)이 통화를 돕는 ‘익시오 AI 비서’ 기능을 13일 공개했다. 구글 클라우드와 손잡고 개발한 AI 서비스를 통해 본격적인 고객 맞춤형 AI 시대를 열겠다는 전략이다.LG유플러스는 13일 서울 종로구에서 기자간담회를 열고 차세대 AI 전략인 ‘맞춤 지능’의 청사진과 핵심 서비스인 ‘익시오 AI 비서’를 소개했다.LG유플러스 모델이 익시오 AI 비서를 소개하는 모습.익시오 AI 비서는 통화 중 대화 맥락을 실시간으로 이해하고 필요한 정보를 제공하는 기능이다. 이용자가 통화 중 “헤이, 익시”라고 부르거나 호출 버튼을 누르면 AI가 통화에 참여해 정보를 찾고 결과를 공유한다.예를 들어, 친구와 통화로 주말 계획을 세우는 중 “헤이 익시, 이번 주말 날씨가 어떻지”라고 질문하면 AI가 정보를 검색하고 결과를 음성으로 알려주는 방식이다.이 서비스를 위해 LG유플러스는 ▲통화 연결 상태에서 AI 호출 ▲필요한 정보 검색 및 핵심 요약 ▲음성과 텍스트로 동시에 제공 ▲상대방에게도 정보 즉시 공유 등 과정을 거쳐 실제 대화 흐름에 방해가 되지 않도록 AI를 고도화했다. AI가 제안한 정보는 통화 상대방도 함께 들을 수 있다.흐름을 끊지 않고 질문 의도를 파악해 답변을 제공하는 등의 기능에는 구글의 최신 언어 모델인 ‘제미나이 2.5 플래시 라이브’가 활용됐다.LG유플러스는 고객이 안심하고 익시오 AI 비서를 이용할 수 있도록 개인정보 보호도 강화했다고 밝혔다.AI 호출 전 대화 내용은 서버에 전송되지 않고 휴대전화에서 처리되는 온디바이스 기반 음성 인식(STT) 기술을 적용했고 호출 후 발화 내용만 AI 검색에 활용한다.LG유플러스는 올해 말까지 일부 고객을 대상으로 베타 서비스를 운영, AI 비서의 기능을 고도화 한 후 내년 상반기 모든 익시오 이용 고객에게 AI 비서 기능을 제공할 계획이다.캐런 티오 구글 아시아태평양 플랫폼·디바이스 파트너십 부사장은 “LG유플러스와 단일 제품을 넘어 소비자, 기업, 인프라 사업 전반을 아우르는 깊고 전략적인 협업을 지속할 것”이라고 말했다.이재원 LG유플러스 컨슈머부문장(부사장)은 “익시오는 지난 1년간 고객에게 안심을 제공하며 AI의 실질적 가치를 증명해왔다”며 “이제는 고객의 시간을 아끼고 삶을 편하게 지원하는 맞춤형 AI로 빠르게 진화할 것”이라고 강조했다.조진호 기자 ftw@kyunghyang.com"
https://n.news.naver.com/mnews/article/079/0004085461?sid=105,2025-11-13 10:46:15,IT/과학,"LGU+, 구글과 손잡고 통화형 '익시오 AI 비서' 공개","구글 제미나이 기반…통화 중 실시간 정보 제공온디바이스 STT로 프라이버시 강화, 내년 상반기 전면 적용LG유플러스가 안심할 수 있는 AI를 기반으로 고객의 편의를 증진하는 서비스인 '익시오(ixi-O) AI 비서'를 공개했다. 사진은 LG유플러스 모델이 익시오 AI 비서를 소개하는 모습. LG유플러스 제공LG유플러스가 구글 클라우드와 함께 개발한 '익시오(ixi-O) AI 비서'를 공개하며 통화 기반 맞춤형 AI 시대를 본격 개막했다.LG유플러스는 13일 기자간담회에서 차세대 AI 전략 '맞춤 지능(Adaptive Intelligence)'을 소개하고, 이를 구현한 핵심 서비스로 익시오 AI 비서를 선보였다.익시오 AI 비서는 통화 중 대화 맥락을 실시간 이해해 필요한 정보를 바로 제공하는 것이 특징이다.""헤이 익시""라고 부르면 통화에 자연스럽게 참여해 날씨·장소·정보 검색 등을 곧바로 수행하고, 결과는 통화 상대에게도 함께 공유된다.온디바이스 기반 음성 인식(STT)을 적용해 호출 전 통화 내용은 서버에 저장되지 않도록 프라이버시도 강화했다.서비스 개발에는 구글의 최신 모델 '제미나이 2.5 플래시 라이브'를 활용했다. 초저지연 스트리밍 AI로 대화 흐름을 끊지 않고 답변을 제공하며, 구글 검색과의 결합으로 정확도를 높였다는 설명이다.LG유플러스는 자체 온디바이스 모델과 제미나이의 문맥 이해 기술을 접목해 통화 요약, 할 일 정리, 감정 분석 기반 커뮤니케이션 팁 제공 등 기능도 구현했다.향후 일정·장소·예약 등을 통화 맥락에서 바로 처리하는 'Actionable AI'로 확장할 계획이다. LG유플러스는 연말까지 베타 서비스를 운영한 뒤 내년 상반기 모든 익시오 고객에 AI 비서를 적용한다는 방침이다.이재원 LG유플러스 컨슈머부문장(부사장)은 ""나를 이해하고 내 일상의 편의를 돕는 AI 서비스를 통해 고객 누구에게나 편하고 단순한 일상을 제공하겠다는 브랜드 철학인 Simply. U+의 가치를 전달할 것""이라며 ""익시오를 통해 심플한 AI의 효용을 느낄 수 있도록 AI 경쟁력을 높여나가겠다""고 말했다.※CBS노컷뉴스는 여러분의 제보로 함께 세상을 바꿉니다. 각종 비리와 부당대우, 사건사고와 미담 등 모든 얘깃거리를 알려주세요.이메일 :jebo@cbs.co.kr카카오톡 :@노컷뉴스사이트 :https://url.kr/b71afn"
https://n.news.naver.com/mnews/article/001/0015739855?sid=105,2025-11-13 10:48:38,IT/과학,"[AI픽] LGU+ '익시오 AI 비서'…""통화중 무엇이든 물어보세요""(종합)","통화 중 정보 찾는 이용자 LGU+서만 하루 135만명…""8초서 3초로 단축""예약까지 하는 '행동 AI'로 고도화…구글 연계 통합·단독요금제 출시익시오 고도화 로드맵[ LG유플러스 제공. 재판매 및 DB 금지](서울=연합뉴스) 조성미 기자 = LG유플러스가 인공지능(AI)이 통화를 돕는 '익시오 AI 비서' 기능을 13일 공개했다.이 회사는 이날 서울 종로구에서 기자간담회를 열어 구글 클라우드와 손잡고 고객 맞춤형 AI 시대를 열겠다는 전략을 밝혔다.익시오 AI 비서는 통화 중 대화 맥락을 실시간으로 이해하고 필요한 정보를 제공하는 기능이다. 이용자가 통화 중 ""헤이, 익시""라고 부르거나 호출 버튼을 누르면 AI가 통화에 참여해 정보를 찾고 결과를 공유한다.가령 친구와 통화로 주말 계획을 세우는 중 ""헤이 익시, 이번 주말 날씨가 어떻지""라고 질문하면 AI가 정보를 검색하고 결과를 음성으로 알려주는 방식이다.LG유플러스는 통화 연결 상태에서 AI 호출, 필요한 정보 검색 및 핵심 요약, 음성과 텍스트 동시 제공, 상대방에게도 정보 즉시 공유, 실제 대화 흐름에 방해가 되지 않는 개입 등 AI 기능을 고도화했다.흐름을 끊지 않고 질문 의도를 파악해 답변을 제공하는 등의 기능에 구글의 최신 언어 모델인 '제미나이 2.5 플래시 라이브'가 활용됐다.이상엽 최고기술책임자(CTO)는 ""기존의 거대언어모델(LLM)을 썼을 경우 AI 호출·검색·정보 제공 등 과정에 8초 이상이 소요됐지만, 세계 최초 수준으로 '보이스 투 보이스' 모델을 적용함으로써 3초로 단축했다""고 설명했다.통화 중 검색, 다른 애플리케이션 작동 등을 하는 경우가 이 회사 이용자 가운데서만 하루 135만명에 달하는 것으로 조사됐다.LG유플러스는 정보 검색, 상대방과 공유 등을 위해 통화를 끊거나 통화 앱을 이탈하지 않아도, 양손이 자유롭지 못한 상황에서도 익시오 AI 비서가 유용할 것으로 기대했다.LG유플러스는 고객이 안심하고 익시오 AI 비서를 이용할 수 있도록 개인정보 보호도 강화했다고 밝혔다.AI 호출 전 대화 내용은 서버에 전송되지 않고 휴대전화에서 처리되는 온디바이스 기반 음성 인식(STT) 기술을 적용했고 호출 후 발화 내용만 AI 검색에 활용한다.LG유플러스는 올해 말까지 일부 고객을 대상으로 베타 서비스를 운영하며 피드백을 적용해 익시오 AI 비서의 기능을 고도화한다. 내년 상반기 모든 익시오 이용 고객에게 AI 비서 기능을 제공한다.아울러 구글 클라우드와 협력을 기반으로 통화 중 언급된 일정·장소·예약 등을 바로 실행할 수 있는 '활동 가능 AI'로 확장, 익시오를 '나를 대신해주는 AI'로 만든다는 계획이다.이날 공개된 향후 출시될 AI 서비스를 묘사한 영상에서는 출산이 임박한 아내를 위해 배우자가 익시오 AI 비서로 택시를 잡아주고 본인도 병원으로 빠르게 이용하는 경로 등을 AI로부터 안내받는 모습이 그려졌다.이재원 LG유플러스 컨슈머부문장(부사장)은 ""익시오는 지난 1년간 고객에게 안심을 제공하며 AI의 실질적 가치를 증명해왔다""며 ""이제는 고객의 시간을 아끼고 삶을 편하게 지원하는 맞춤형 AI로 빠르게 진화할 것""이라고 강조했다.캐런 티오 구글 아시아태평양 플랫폼·디바이스 파트너십 부사장은 ""구글 원 및 AI 프로 요금제와 통합을 통해 익시오 사용자들에게 더 넉넉한 저장 공간과 최고의 AI 기능을 함께 이용할 수 있도록 할 것""이라고 말했다.LG유플러스는 구글 드라이브 서비스와 기존 통신 요금제를 연계하거나 또는 단독으로 구성한 통합(번들) 요금제를 공개하겠다고 덧붙였다.csm@yna.co.kr"
https://n.news.naver.com/mnews/article/003/0013598093?sid=105,2025-11-13 10:56:46,IT/과학,"LG U+, '익시오 AI 비서' 공개",[서울=뉴시스] 박주성 기자 = 13일 서울 종로구 센트로폴리스에서 LG유플러스가 안심할 수 있는 AI를 기반으로 고객의 편의를 증진하는 서비스인 '익시오(ixi-O) AI 비서'를 공개해 모델들이 익시오 AI 비서를 소개하고 있다. 2025.11.13. park7691@newsis.com
https://n.news.naver.com/mnews/article/003/0013598087?sid=105,2025-11-13 10:56:46,IT/과학,"LG U+, 통화 에이전트 '익시오 AI 비서' 기능 공개",[서울=뉴시스] 박주성 기자 = 13일 서울 종로구 센트로폴리스에서 LG유플러스가 안심할 수 있는 AI를 기반으로 고객의 편의를 증진하는 서비스인 '익시오(ixi-O) AI 비서'를 공개해 모델들이 익시오 AI 비서를 소개하고 있다. 2025.11.13. park7691@newsis.com
https://n.news.naver.com/mnews/article/003/0013598090?sid=105,2025-11-13 10:56:46,IT/과학,"LG U+, '익시오 AI 비서' 공개",[서울=뉴시스] 박주성 기자 = 13일 서울 종로구 센트로폴리스에서 LG유플러스가 안심할 수 있는 AI를 기반으로 고객의 편의를 증진하는 서비스인 '익시오(ixi-O) AI 비서'를 공개해 모델들이 익시오 AI 비서를 소개하고 있다. 2025.11.13. park7691@newsis.com
https://n.news.naver.com/mnews/article/003/0013598089?sid=105,2025-11-13 10:56:46,IT/과학,"LG U+, '익시오 AI 비서' 공개",[서울=뉴시스] 박주성 기자 = 13일 서울 종로구 센트로폴리스에서 LG유플러스가 안심할 수 있는 AI를 기반으로 고객의 편의를 증진하는 서비스인 '익시오(ixi-O) AI 비서'를 공개해 모델들이 익시오 AI 비서를 소개하고 있다. 2025.11.13. park7691@newsis.com
https://n.news.naver.com/mnews/article/003/0013598094?sid=105,2025-11-13 10:56:46,IT/과학,"LG U+, 통화 에이전트 '익시오 AI 비서' 기능 공개",[서울=뉴시스] 박주성 기자 = 13일 서울 종로구 센트로폴리스에서 LG유플러스가 안심할 수 있는 AI를 기반으로 고객의 편의를 증진하는 서비스인 '익시오(ixi-O) AI 비서'를 공개해 모델들이 익시오 AI 비서를 소개하고 있다. 2025.11.13. park7691@newsis.com
https://n.news.naver.com/mnews/article/003/0013598092?sid=105,2025-11-13 10:56:46,IT/과학,"LG U+, 통화 에이전트 '익시오 AI 비서' 기능 공개",[서울=뉴시스] 박주성 기자 = 13일 서울 종로구 센트로폴리스에서 LG유플러스가 안심할 수 있는 AI를 기반으로 고객의 편의를 증진하는 서비스인 '익시오(ixi-O) AI 비서'를 공개해 모델들이 익시오 AI 비서를 소개하고 있다. 2025.11.13. park7691@newsis.com
https://n.news.naver.com/mnews/article/003/0013598091?sid=105,2025-11-13 10:56:46,IT/과학,"LG U+, 통화 에이전트 '익시오 AI 비서' 기능 공개",[서울=뉴시스] 박주성 기자 = 13일 서울 종로구 센트로폴리스에서 LG유플러스가 안심할 수 있는 AI를 기반으로 고객의 편의를 증진하는 서비스인 '익시오(ixi-O) AI 비서'를 공개해 모델들이 익시오 AI 비서를 소개하고 있다. 2025.11.13. park7691@newsis.com
https://n.news.naver.com/mnews/article/001/0015739948?sid=105,2025-11-13 11:11:56,IT/과학,"LGU+, '익시오 AI 비서' 공개","(서울=연합뉴스) 최재구 기자 = 13일 서울 센트로폴리스에서 열린 LGU+, 통화 도우미 '익시오 AI 비서' 공개 행사에서 모델들이 '익시오 AI 비서'를 소개하고 있다. 2025.11.13jjaeck9@yna.co.kr"
https://n.news.naver.com/mnews/article/001/0015739955?sid=105,2025-11-13 11:12:18,IT/과학,"LGU+, '익시오 AI 비서' 공개","(서울=연합뉴스) 최재구 기자 = 13일 서울 센트로폴리스에서 열린 LGU+, 통화 도우미 '익시오 AI 비서' 공개 행사에서 모델들이 '익시오 AI 비서'를 소개하고 있다. 2025.11.13jjaeck9@yna.co.kr"
https://n.news.naver.com/mnews/article/001/0015739957?sid=105,2025-11-13 11:12:24,IT/과학,"LGU+, '익시오 AI 비서' 공개","(서울=연합뉴스) 최재구 기자 = 13일 서울 센트로폴리스에서 열린 LGU+, 통화 도우미 '익시오 AI 비서' 공개 행사에서 모델들이 '익시오 AI 비서'를 소개하고 있다. 2025.11.13jjaeck9@yna.co.kr"
https://n.news.naver.com/mnews/article/001/0015739959?sid=105,2025-11-13 11:12:27,IT/과학,"LGU+, '익시오 AI 비서' 공개","(서울=연합뉴스) 최재구 기자 = 13일 서울 센트로폴리스에서 열린 LGU+, 통화 도우미 '익시오 AI 비서' 공개 행사에서 모델들이 '익시오 AI 비서'를 소개하고 있다. 2025.11.13jjaeck9@yna.co.kr"
https://n.news.naver.com/mnews/article/001/0015739962?sid=105,2025-11-13 11:12:40,IT/과학,"똑똑해진 LGU+, '익시오 AI 비서'","(서울=연합뉴스) 최재구 기자 = 13일 서울 센트로폴리스에서 열린 LGU+, 통화 도우미 '익시오 AI 비서' 공개 행사에서 모델들이 '익시오 AI 비서'를 소개하고 있다. 2025.11.13jjaeck9@yna.co.kr"
https://n.news.naver.com/mnews/article/001/0015739963?sid=105,2025-11-13 11:12:43,IT/과학,"똑똑해진 LGU+, '익시오 AI 비서'","(서울=연합뉴스) 최재구 기자 = 13일 서울 센트로폴리스에서 열린 LGU+, 통화 도우미 '익시오 AI 비서' 공개 행사에서 모델들이 '익시오 AI 비서'를 소개하고 있다. 2025.11.13jjaeck9@yna.co.kr"
https://n.news.naver.com/mnews/article/015/0005210886?sid=101,2025-11-13 11:20:19,경제,"LG U+, '익시오 AI 비서' 공개",13일 서울 종로구 센트로폴리스에서 열린 LG유플러스 '익시오(ixi-O) AI 비서' 공개 행사에서 모델들이 '익시오 AI 비서'를 소개하고 있다. 익시오 AI 비서는 통화 중 대화 맥락을 실시간으로 이해하고 필요한 정보를 즉시 제공하는 기능이다.
https://n.news.naver.com/mnews/article/016/0002557227?sid=105,2025-11-13 11:21:15,IT/과학,구글과 손잡은 LGU+ ‘익시오 AI 비서’ 공개,"통화 중 정보검색, 상대방과 공유예약가능 ‘액셔너블 AI’로 고도화차세대 AI 전략 ‘맞춤지능’ 청사진13일 LG유플러스 ‘익시오(ixi-O) AI 비서’ 공개 행사에 참석한 이상엽(왼쪽부터) LG유플러스 CTO(전무), 캐런 티오 구글 아시아태평양 플랫폼 디바이스 파트너십 부사장, 이재원 LG유플러스 컨슈머부문장(부사장)이 기념촬영을 하고 있다. [LG유플러스 제공]“고객의 시간을 아끼고 삶을 지원하는 맞춤형 인공지능(AI)으로 진화할 것입니다.”(이재원 LG유플러스 컨슈머부문장)LG유플러스가 구글 클라우드와 손잡고 개발한 AI 서비스 ‘익시오(ixi-O) AI 비서’를 공개했다. 통화 중에도 손쉽게 AI 비서를 호출하고, 필요한 정보를 즉시 제공하는 기능이다. LG유플러스는 익시오 AI 비서를 시작으로 맞춤형 AI 시대를 열겠다는 구상을 밝혔다.LG유플러스는 13일 서울 종로구에서 기자간담회를 열고 차세대 AI 전략인 ‘맞춤 지능(Adaptive Intelligence)’의 청사진과 핵심 서비스인 ‘익시오 AI 비서’를 소개했다. 이날 행사에는 이재원 부문장(부사장)과 캐런 티오 구글 아시아태평양 플랫폼·디바이스 파트너십 부사장 등 양사 관계자가 참석했다.맞춤 지능은 올해 초 모바일월드콩그레스(MWC)를 통해 공개한 ‘4A 인텔리전스 전략’의 두 번째 단계로, 고객 편의에 집중한 AI다. 4A 인텔리전스 전략은 신뢰하고 안심할 수 있는(Assured), 딱 맞는(Adaptive), 일상과 함께 하는(Accompanied), 이타적인(Altruistic) AI 기술을 만들겠다는 구상이다.이재원 부문장은 “익시오는 지난 1년간 고객에게 안심을 제공하며 AI의 실질적 가치를 증명해왔다”며 “이제는 고객의 시간을 아끼고 삶을 편하게 지원하는 맞춤형 AI로 더 빠르게 진화할 것”이라고 말했다.▶통화 중에도 AI 호출해 검색…온디바이스로 프라이버시 보호=익시오 AI 비서는 통화 중 대화 맥락을 실시간으로 이해하고 필요한 정보를 즉시 제공한다.익시오를 사용하는 고객이 통화 중 “헤이, 익시”라고 부르거나 호출 버튼을 누르면 AI가 통화에 참여해 정보를 찾고 결과를 공유한다. 가령 친구와 통화로 주말 계획을 세우는 중 “헤이 익시, 이번 주말 날씨가 어떻게 돼”라고 질문하면 AI가 정보를 검색하고 결과를 음성으로 알려준다. AI가 제안한 정보는 통화 상대방도 함께 들을 수 있다.이 서비스를 위해 LG유플러스는 ▷통화 연결 상태에서 AI 호출 ▷필요한 정보 검색 및 핵심 요약 ▷음성과 텍스트로 동시에 제공 ▷상대방에게도 정보 즉시 공유 등 과정을 거쳐 실제 대화 흐름에 방해가 되지 않도록 AI를 고도화했다고 설명했다.LG유플러스는 고객이 안심하고 익시오 AI 비서를 이용할 수 있도록 프라이버시 보호도 강화했다고 강조했다. 익시오 AI 비서는 온디바이스(On-device) 기반 음성 인식(STT) 기술을 적용해 호출 전 통화 내용은 서버에 전송하지 않고, 호출 후 발화 내용만 AI 검색에 활용한다.LG유플러스는 올해 말까지 일부 고객을 대상으로 베타 서비스를 운영하며 익시오 AI 비서의 기능을 고도화할 계획이다. 이후 내년 상반기 모든 익시오 이용 고객에게 AI 비서 기능을 오픈할 방침이다.▶구글 클라우드와 협업해 ‘액셔너블 AI’로 영역 확장=LG유플러스는 AI 서비스 개발을 위해 구글 클라우드와 협업을 이어나간다. 이날 선보인 익시오 AI 비서는 구글의 최신 LLM 모델인 ‘제미나이 2.5 플래시 라이브(Gemini 2.5 Flash Live)’를 활용해 개발됐다.제미나이 2.5 플래시 라이브 기반의 익시오 AI 비서는 초저지연 스트리밍 AI가 적용돼 대화 흐름을 끊지 않고 질문 의도를 파악해 답변을 제공할 수 있다. 또 구글 검색 기반 그라운딩 기능과 결합해 생성형 모델의 이해력을 유지하면서도 실제 구글 검색 정보와 교차 검증을 거쳐 AI 검색의 정확도와 신뢰도를 높였다.여기에 LG유플러스는 자체 개발한 온디바이스 언어·분류 모델과 제미나이 모델의 문맥 이해 기술을 결합해 통화 이력 기반의 AI 대화 검색 기능을 구현했다. 이를 통해 익시오는 통화 내용을 요약하고 해야할 일을 정리하는 것은 물론, 통화 상대의 대화 방식과 감정 흐름을 분석해 커뮤니케이션 팁을 제공할 수도 있다.향후 LG유플러스는 구글 클라우드와의 협력을 기반으로 통화 중 언급된 일정·장소·예약 등을 바로 실행할 수 있는 ‘액셔너블(Actionable) AI’로 기능을 확장할 계획이다.캐런 티오 부사장은 “LG유플러스와 협력은 공유된 비전을 가진 두 기업이 힘을 합쳤을 때 무엇을 이룰 수 있는지 보여준다”며 “이는 단일 제품을 넘어 소비자, 기업, 인프라 사업 전반을 아우르는 깊고 전략적인 동맹”이라고 강조했다.LG유플러스는 AI 비서를 중심으로 고객 편의에 집중한 맞춤 지능 전략을 본격 추진한다. 앞서 익시오는 지난해 11월 출시 이후 통화 녹음·요약, 보이는 전화, AI 전화 대신 받기 등 고객의 실제 불편을 해결하는 기능을 중심으로 약 100만명의 고객이 사용하는 통화 앱으로 성장했다. 권제인 기자"
https://n.news.naver.com/mnews/article/422/0000801185?sid=105,2025-11-13 11:34:11,IT/과학,'통화 중 무엇이든 제공'…LGU+ '익시오 AI 비서' 공개,"LG유플러스가 통화 중 사용자를 돕는 인공지능 '익시오 AI 비서'를 공개했습니다.LG유플러스는 서울 종로구에서 기자간담회를 열고, 구글 클라우드와 손잡고 고객 맞춤형 AI 시대를 열겠다는 전략을 밝혔습니다.익시오 AI 비서는 통화 중 대화 맥락을 실시간으로 이해하고 필요한 정보를 제공하는 기능입니다.이용자가 통화 중 ""헤이, 익시""라고 부르거나 호출 버튼을 누르면 AI가 통화에 참여해 정보를 찾고 결과를 공유합니다.가령 친구와 통화로 주말 계획을 세우는 중 ""헤이 익시, 이번 주말 날씨가 어떻지""라고 질문하면 AI가 정보를 검색하고 결과를 음성으로 알려주는 방식입니다.LG유플러스는 통화 연결 상태에서 AI 호출, 필요한 정보 검색 및 핵심 요약, 음성과 텍스트 동시 제공, 상대방에게도 정보 즉시 공유, 실제 대화 흐름에 방해가 되지 않는 개입 등 AI 기능을 고도화했습니다.흐름을 끊지 않고 질문 의도를 파악해 답변을 제공하는 등의 기능에 구글의 최신 언어 모델인 '제미나이 2.5 플래시 라이브'가 활용됐습니다.이상엽 최고기술책임자(CTO)는 ""기존의 거대언어모델(LLM)을 썼을 경우 AI 호출·검색·정보 제공 등 과정에 8초 이상이 소요됐지만, 세계 최초 수준으로 '보이스 투 보이스' 모델을 적용함으로써 3초로 단축했다""고 설명했습니다.통화 중 검색, 다른 애플리케이션 작동 등을 하는 경우가 이 회사 이용자 가운데서만 하루 135만명에 달하는 것으로 조사됐습니다.LG유플러스는 정보 검색, 상대방과 공유 등을 위해 통화를 끊거나 통화 앱을 이탈하지 않아도, 양손이 자유롭지 못한 상황에서도 익시오 AI 비서가 유용할 것으로 기대했습니다.LG유플러스는 고객이 안심하고 익시오 AI 비서를 이용할 수 있도록 개인정보 보호도 강화했다고 밝혔습니다.AI 호출 전 대화 내용은 서버에 전송되지 않고 휴대전화에서 처리되는 온디바이스 기반 음성 인식(STT) 기술을 적용했고 호출 후 발화 내용만 AI 검색에 활용합니다.LG유플러스는 올해 말까지 일부 고객을 대상으로 베타 서비스를 운영하며 피드백을 적용해 익시오 AI 비서의 기능을 고도화한다. 내년 상반기 모든 익시오 이용 고객에게 AI 비서 기능을 제공합니다.아울러 구글 클라우드와 협력을 기반으로 통화 중 언급된 일정·장소·예약 등을 바로 실행할 수 있는 '활동 가능 AI'로 확장, 익시오를 '나를 대신해주는 AI'로 만든다는 계획입니다.이날 공개된 향후 출시될 AI 서비스를 묘사한 영상에서는 출산이 임박한 아내를 위해 배우자가 익시오 AI 비서로 택시를 잡아주고 본인도 병원으로 빠르게 이용하는 경로 등을 AI로부터 안내받는 모습이 그려졌습니다.이재원 LG유플러스 컨슈머부문장(부사장)은 ""익시오는 지난 1년간 고객에게 안심을 제공하며 AI의 실질적 가치를 증명해왔다""며 ""이제는 고객의 시간을 아끼고 삶을 편하게 지원하는 맞춤형 AI로 빠르게 진화할 것""이라고 강조했습니다.캐런 티오 구글 아시아태평양 플랫폼·디바이스 파트너십 부사장은 ""구글 원 및 AI 프로 요금제와 통합을 통해 익시오 사용자들에게 더 넉넉한 저장 공간과 최고의 AI 기능을 함께 이용할 수 있도록 할 것""이라고 말했습니다.LG유플러스는 구글 드라이브 서비스와 기존 통신 요금제를 연계하거나 또는 단독으로 구성한 통합(번들) 요금제를 공개하겠다고 덧붙였습니다.똑똑해진 LGU+, '익시오 AI 비서' 똑똑해진 LGU+, '익시오 AI 비서'(서울=연합뉴스) 최재구 기자 = 13일 서울 센트로폴리스에서 열린 LGU+, 통화 도우미 '익시오 AI 비서' 공개 행사에서 모델들이 '익시오 AI 비서'를 소개하고 있다. 2025.11.13jjaeck9@yna.co.kr(끝)<저작권자(c) 연합뉴스, 무단 전재-재배포, AI 학습 및 활용 금지>#LG유플러스 #익시오 #AI #비서연합뉴스TV 기사문의 및 제보 : 카톡/라인 jebo23"
https://n.news.naver.com/mnews/article/021/0002749760?sid=101,2025-11-13 11:56:18,경제,“헤이 익시” 통화중 부르면 AI가 답해준다,"■ LGU+ ‘익시오 비서’ 선봬구글 최신 모델 제미나이 탑재전화 맥락까지 실시간으로 이해날씨 등 검색 결과 음성 알려줘서버 저장 안돼 개인정보 안심LG유플러스가 구글의 거대언어모델(LLM) 제미나이를 탑재한 통화 에이전트 ‘익시오(ixi-O) 인공지능 비서’를 선보였다. 스마트폰 전화앱에 최신 제미나이를 탑재한 것은 국내 처음이다.전화앱이 단순 통화 기능을 넘어 사용자의 통화 맥락을 이해하고 답변까지 제공하는 스마트 앱으로 진화하고 있다.LG유플러스는 13일 서울 종로구 센트로폴리스 콘퍼런스에서 기자간담회를 열고 이 같은 내용을 담은 차세대 AI 전략인 ‘맞춤 지능’ 청사진을 공개했다.익시오 AI 비서는 통화 중 대화 맥락을 실시간으로 이해하고 필요한 정보를 즉시 제공한다. 익시오 사용자가 통화 중 “헤이, 익시”라고 부르거나 호출 버튼을 누르면 AI가 통화에 참여해 정보를 찾고 결과를 공유한다. 가령 친구와 통화로 주말 계획을 세우는 중 “헤이 익시, 이번 주말 날씨가 어떻게 돼”라고 질문하면 AI가 정보를 검색하고 결과를 음성으로 알려주는 방식이다.익시오 AI 비서는 구글의 최신 LLM 모델인 ‘제미나이 2.5 플래시 라이브’를 활용해 개발했다. 초저지연 스트리밍 AI가 적용돼 대화 흐름을 끊지 않고 질문 의도를 파악해 답변을 제공한다. 또 구글 기반 그라운딩(실시간 웹 검색) 기능과 결합, 생성형 모델의 이해력을 유지하면서도 실제 정보와 교차 검증을 거쳐 AI 검색의 정확도 및 신뢰도를 높였다.LG유플러스 제공사용자들이 안심하고 익시오 AI 비서를 이용할 수 있도록 개인정보보호도 강화했다. 익시오 AI 비서는 온디바이스(On-device) 기반 음성 인식(STT) 기술을 적용해 호출 전 통화 내용은 서버에 전송하지 않고 호출 후 발화 내용만 AI 검색에 활용한다.LG유플러스는 올해 말까지 선도 사용자를 대상으로 베타 서비스를 운영하며 익시오 AI 비서의 기능을 고도화해 나갈 계획이다. 이를 통해 내년 상반기에는 익시오 사용자가 AI 비서 기능을 이용할 수 있게 할 방침이다. 이재원 LG유플러스 컨슈머부문장(부사장)은 “익시오는 지난 1년간 사용자에게 AI의 실질적 가치를 증명해왔다”며 “익시오를 통해 간편한 AI의 효용을 느낄 수 있도록 경쟁력을 높여나가겠다”고 말했다.한편 맞춤 지능 프로젝트는 올해부터 본격 추진하고 있는 ‘4A’(Assured·Adaptive·Accompanied·Altrustic) AI 전략 중 두 번째 단계로, 사용자 편의성을 극대화한 맞춤형 AI 서비스 개발에 초점을 맞추고 있다.13일 LG유플러스가 선보인 통화 에이전트 ‘익시오 인공지능(AI) 비서’를 이상엽(왼쪽) LG유플러스 최고기술책임자와 캐런 티오(가운데) 구글 아시아태평양 플랫폼·디바이스 파트너십 부사장, 이재원(오른쪽) LG유플러스 컨슈머부문장이 소개하고 있다. LG유플러스 제공"
https://n.news.naver.com/mnews/article/003/0013598400?sid=105,2025-11-13 12:30:22,IT/과학,"LGU+ AI 익시오, 통화중 궁금증 '말로 물어보면 대답'…상대에도 공유(종합)","구글 협업 '익시오 AI 비서' 내달 출시…통화 중 실시간 AI 검색 첫 서비스통화 화면 이탈 없이 말로 물어보면 검색 수행, 상대에도 결과 공유통화 내용 암호화…향후 통화 중 예약 가능한 서비스로 진화LG유플러스가 AI를 기반으로 고객의 편의를 증진하는 서비스인 ‘익시오(ixi-O) AI 비서’를 선보인다. 사진 왼쪽부터 캐런 티오 구글 아시아 태평양 플랫폼·디바이스 파트너십 총괄(부사장)과 이재원 LG유플러스 Consumer부문장(부사장), 이상엽 LG유플러스 CTO(전무). (사진=LGU+ 제공) *재판매 및 DB 금지[서울=뉴시스] 심지혜 기자 =A씨-“우리 이번주 말 등산 하기로 했지?, 지금 비가 오는데 날씨 괜찮을까?”B씨-“아마 괜찮을걸요?, ‘헤이 익시’ 이번주 토요일 인왕산 날씨 알려줘”익시오-“이번주 토요일인 11월15일 인왕산 날씨는 맑고 최저 섭씨4도, 최고 섭씨14도가 예상됩니다. 강수 확률은 10%입니다”A씨-“날씨 괜찮네, 그럼9시에 만나자”통화중 궁금증, '익시오'와 대화로 즉시 해결LG유플러스 인공지능(AI) 전화앱 ‘익시오’가 통화 내용 요약을 넘어 통화 중에도 궁금한 정보를 말로 물어보면 이용자는 물론 통화 상대방까지 내용을 공유하는 기능을 다음달 공식 선보인다.LG유플러스는 13일 기자간담회를 열고 구글 클라우드와 함께 개발한 ‘익시오 AI 비서’를 발표했다. 이처럼 통화 중에 실시간으로 AI가 정보를 검색해 안내하는 서비스는 세계 최초라는 게 회사 측 설명이다.익시오 AI 비서는 통화 중 대화 맥락을 실시간으로 이해하고 필요한 정보를 즉시 제공하는 기능이다. 기존에는 통화화면을 이탈해 앱을 실행해 검색을 수행하고 화면 캡처를 하거나 복사해 메신저 실행 후 이를 공유한 다음, 통화 화면으로 복귀하는 복잡한 과정을 거쳐야 했다.LG유플러는 이러한 불편을 줄이기 위해 익시오를 사용하는 고객이 통화 중 “헤이, 익시”라고 부르거나 호출 버튼을 누르면 AI가 통화에 참여해 정보를 찾고 결과를 공유하는 기능을 신설했다. 일례로 친구와 금융 관련 이야기를 나누다 “오늘 미국 환율이 어떻게 돼“라고 질문하면 익시오가 정보를 검색하고 결과를 공유해 준다. 검색 결과는 익시오 이용자 뿐 아니라 통화 상대방에게도 들려 준다.[서울=뉴시스] 심지혜 기자= LG유플러스 인공지능(AI) 전화앱 ‘익시오’가 통화 내용 요약을 넘어 통화 중에도 궁금한 정보를 말로 물어보면 이용자는 물론 통화 상대방까지 내용을 공유하는 기능을 새롭게 선보인다. *재판매 및 DB 금지구글 클라우드 협력…단순 검색 넘어 '예약' 기능 확대익시오 AI 비서는 구글의 최신 거대언어모델(LLM)인 ‘제미나이 2.5 플래시 라이브(Gemini 2.5 Flash Live)’를 활용해 개발됐다.특히 AI가 정보를 처리해서 결과를 안내하기까지 시간을 단축하기 위해 제미나이 플래시 기술을 활용, ‘보이스 투 보이스’ 기술을 처음으로 적용했다.이상엽 CTO는 ”고객의 대화 내용을 안전한 자연어 검색 기술을 바탕으로 검색하는 기능은 국내 최초일 것“이라며 ”LLM 모델을 쓰면 8초 이상의 시간이 소요되는데, 이 경우 지연 시간이 너무 길다고 판단, 음성을 텍스트로 바꾸고 의도를 분석한 뒤 다시 이를 음성으로 바꾸는 게 아닌 음성을 바로 음성으로 바꿀 수 있는 모델을 구글과 구현했다“고 설명했다.LG그룹이 AI 모델 엑사원을 갖고 있지만 LG유플러스는 구글이 검색 측면에서 앞선다고 판단, 제미나이를 선택했다. 이 CTO는 ""보이스투보이스 측먼에서 제미나이 기술이 좀 더 앞선다고 판단했다""며 ""구글은 검색에 있어 굉장히 좋은 인프라라 비서 서비스에 있어서는 구글의 기술을 활용하는 게 좋다고 판단했다""고 말했다.특히 보안을 위해 온디바이스(On-device) 기반 음성 인식(STT) 기술을 적용, 호출 전 통화 내용은 서버에 전송하지 않고, 호출 후 발화 내용만 AI 검색에 활용하도록 했다.이 CTO는 ”호출 전 대화 내용은 내 기기에서 처리하고 검색에 한해서 서버에서 처리하도록 한 다음, 바로 삭제한다“고 했다.이에 더해 다음달에는 기기 내에 저장한 통화 내용도 암호화해, 기기가 해킹 되더라도 대화 내용이 유출되지 않도록 한다는 방침이다. 이외에 고객의 동의를 받은 경우에만 음성을 서버에 올리는데, 이 역시 비식별화 처리를 한 다음 실시한다.익시오 수익화와 관련해서는 ""기본적으로 보안 관련 서비스에 대해서는 과금을 할 생각이 없다""면서도 ""수익화를 생각하고 잇지만 고객이 서비스에 대해 보다 많은 가치를 느끼고, 많이 사용할 때 할 것""이라고 했다.LG유플러스는 이번 익시오 AI 비서를 단순 검색에서 벗어나 향후에는 통화 중 언급된 일정·장소 예약 등 보다 다양하게 사용할 수 있도록 사용 영역을 넓히겠다는 목표를 제시했다.또 LG 엑사원과는 온디바이스 소형언어모델(sLM)에서 협력, 관계 추론, 개인화된 AI 검색, 에이전트 빌더 등 초개인화된 AI 에이전트 비서로 만들어 나간다는 방침이다．"
https://n.news.naver.com/mnews/article/117/0004008301?sid=105,2025-11-13 13:23:09,IT/과학,"[현장] LGU+ ‘익시오 AI 비서’, 통화 분석해 메일 전송까지 ‘척척’…통화 AI 혁신 선도 (영상)","‘헤이 익시’ 한 마디로 구동…통화 중 실시간 정보 공유구글 클라우드와 협업 개발…최신 ‘제미나이’ 기능 탑재‘맞춤 지능’으로 전환 본격화…고객 편의 집중 지원 나서(왼쪽부터) 캐런 티오 구글 아시아 태평양 플랫폼·디바이스 파트너십 총괄(부사장)과 이상엽 LG유플러스 CTO(전무), 이재원 LG유플러스 컨슈머부문장(부사장)이 익시오 AI 비서를 소개하고 있다. /LG유플러스[마이데일리 = 심지원 기자] “헤이, 익시, 이번 주말 날씨 어때?”친구와 주말 약속을 잡기 위해 통화 중 말하면, AI가 실시간으로 검색 결과를 음성으로 알려준다. 통화 흐름을 방해하지 않도록 상대방에게도 정보를 공유하고, 통화 종료 후에는 텍스트로 기록까지 남긴다. LG유플러스가 새롭게 선보인 차세대 인공지능(AI) 서비스 ‘익시오 AI 비서’ 이야기다.LG유플러스는 13일 서울 종로구에서 기자간담회을 열고 익시오 AI 비서를 최초 공개했다.익시오 AI 비서는 지난해 11월 출시한 통화 앱 익시오에 AI 비서 기능을 강화한 서비스다. 통화 중 대화 맥락을 실시간으로 이해하고 필요한 정보를 즉시 제공한다. 사용자가 통화 중 “헤이, 익시”라고 부르거나 호출 버튼을 누르면 AI가 대화에 참여해 정보를 검색하고 결과를 공유한다.AI가 제안한 정보는 통화 상대방도 함께 들을 수 있다. △통화 연결 상태에서 AI 호출 △필요한 정보 검색 및 핵심 요약 △음성과 텍스트로 동시에 제공 △상대방에게도 정보 즉시 공유 등 과정을 거쳐 실제 대화 흐름에 방해가 되지 않도록 AI를 고도화한 데 따른 기능이다.최윤호 컨슈머부문 AI 에이전트 추진그룹장은 “하루 평균 135만명의 고객분들이 통화 중에 휴대폰을 화면을 보면서 무언가 확인하거나 검색하는 등 통화 이탈 경험을 한다”며 “익시오를 활용하면 고객은 통화 중 실시간으로 AI 호출하고 음성으로 간편하게 명령할 수 있어 대화의 맥락을 방해받지 않고 필요한 정보를 제공받을 수 있다”고 강조했다.물론 프라이버시 보호 기능이 탑재됐다. 익시오 AI 비서는 온디바이스 기반 음성 인식(STT) 기술을 적용해 호출 전 통화 내용은 서버로 전송하지 않고, 호출 이후 발화된 내용만 AI 검색에 활용한다.이처럼 익시오 AI 비서가 수준 높은 완성도를 자랑하는 데에는 구글과의 협력이 기반이 됐다. 구글의 최신 LLM 모델인 ‘제미나이 2.5 플래시 라이브’를 기반으로 개발했기 때문이다. 그 결과 초저지연 스트리밍 AI를 토대로 대화 흐름을 끊지 않고 실시간으로 질문 의도를 파악하고, 구글 검색 기반의 ‘그라운딩’ 기능을 통해 생성형 AI의 정확도와 신뢰도를 높일 수 있게 됐다.이재원 LG유플러스 컨슈머부문장(부사장)은 “익시오 출시 1년 만에 가입자 100만명, 충성도 73%를 달성했다”며 “고객이 일상 속에서 더 차별화된 AI 경험을 누릴 수 있도록 구글과 협력을 강화했다”고 말했다.캐런 티오 구글 아시아태평양 플랫폼·디바이스 파트너십 부사장은 “LG유플러스와의 협력은 공유된 비전을 가진 두 기업이 힘을 합쳤을 때 무엇을 이룰 수 있는지 보여주는 증거”라며 “구글 클라우드·플레이 등 전 부문이 협력해 익시오 사용자에게 보안·저장공간·AI 기술을 통합 제공할 계획이며, 앞으로도 LG유플러스와 함께 한국은 물론, 차세대 AI 혁신을 함께 글로벌 시장에 선보이기를 기대하고 있다”고 말했다.‘익시오 AI 비서’가 통화 내용을 분석한 뒤 지메일로 보내는 에이전트를 만들고 있다. /심지원 기자특히 LG유플러스는 익시오 AI 비서 개발 과정에서 사용자 경험 개선을 위해 기술적 완성도를 높이는 데 집중했다. 자체 개발한 온디바이스 언어·분류 모델과 제미나이 모델의 문맥 이해 기술을 결합해 통화 이력 기반의 AI 대화 검색 기능을 구현했다. 이를 통해 익시오는 통화 내용을 요약하고 해야할 일을 정리하는 것은 물론, 통화 상대의 대화 방식과 감정 흐름을 분석해 관계 개선을 위한 커뮤니케이션 팁을 제공할 수도 있다.LG유플러스는 대화 기반 AI를 넘어, 실제 행동까지 연결되는 서비스로 익시오 AI 비서를 발전시킬 계획이다. 구글 클라우드와의 협력을 기반으로 통화 중 언급된 일정·장소·예약 등을 바로 실행할 수 있는 ‘액셔너블(Actionable) AI’로 기능을 확장하겠다는 목표다.최윤호 그룹장은 “앞으로 익시오가 통화 중 고객의 의도를 이해하고 필요한 행동으로 옮길 수 있도록 발전시킬 것”이라며 “LG유플러스가 그리는 AI 비서는 단순히 대화에 참여하는 맞춤형 검색을 넘어, 고객의 일상을 실질적으로 돕는 것이 궁극적인 목표이며 그 미래는 머지않아 현실로 다가올 것”이라고 말했다.또 차세대 익시오 3.0 모델에는 소규모언어모델(SLM)을 기반으로 초개인화·관계 추론 기능을 도입할 예정이며, 사투리·억양 인식 등의 언어 다양성은 구글과의 협력을 통해 보완할 계획이다.한편 익시오 AI 비서는 올해 말까지 일부 고객을 대상으로 베타 서비스를 운영한다. LG유플러스는 베터 서비스에서 발생한 피드백을 적용해 익시오 AI 비서의 기능을 고도화한다는 방침이다. 이후 내년 상반기 모든 익시오 이용 고객에게 AI 비서 기능을 오픈할 예정이다."
https://n.news.naver.com/mnews/article/629/0000443382?sid=105,2025-11-13 13:44:18,IT/과학,LGU+의 '익시오 실험'…AI가 통화에 참여해 정보 알려준다,"LG유플러스, '익시오 AI 비서' 서비스 공개차별화된 AI 기능…고객 반응은 지켜봐야이재원 LG유플러스 컨슈머부문장(부사장)이 13일 서울 종로구 센트로폴리스에서 열린 기자간담회에서 '익시오' 전략에 관해 설명하고 있다. /이성락 기자[더팩트ㅣ종로구=이성락 기자] LG유플러스가 통화 도중 인공지능(AI)을 불러 원하는 정보를 얻을 수 있는 '익시오(ixi-O) AI 비서'를 공개했다. 통화 요약, 통화 후 검색 등 기존 기능과 다른 새로운 서비스를 내놓은 것인데, 고객이 해당 서비스의 필요성에 대해 어떠한 반응을 보일지 귀추가 주목된다.LG유플러스는 13일 서울 종로구 센트로폴리스에서 기자간담회를 열고 차세대 AI 전략인 '맞춤 지능'의 청사진과 핵심 서비스인 '익시오 AI 비서'를 소개했다.'익시오 AI 비서'는 통화 중 대화 맥락을 실시간으로 이해하고 필요한 정보를 즉시 제공하는 기능이다. '익시오'를 사용하는 고객이 통화 중 ""헤이, 익시""라고 부르거나 호출 버튼을 누르면 AI가 통화에 참여해 정보를 찾고 결과를 공유한다. 가령 친구와 통화로 주말 계획을 세우는 중 ""헤이 익시, 이번 주말 날씨가 어떻게 돼""라고 질문하면 AI가 정보를 검색하고 결과를 음성으로 알려주는 방식이다.LG유플러스는 이 서비스를 위해 △통화 연결 상태에서 AI 호출 △필요한 정보 검색 및 핵심 요약 △음성과 텍스트 동시 제공 △상대방에게도 정보 즉시 공유 등의 과정을 거쳐 실제 대화 흐름에 방해가 되지 않도록 AI를 고도화했다. AI가 제안한 정보는 통화 상대방도 함께 들을 수 있다.고객이 안심하고 '익시오 AI 비서'를 이용할 수 있도록 프라이버시 보호도 강화했다는 게 LG유플러스의 설명이다. '익시오 AI 비서'는 온디바이스 기반 음성 인식(STT) 기술을 적용해 호출 전 통화 내용은 서버에 전송하지 않고, 호출 후 발화 내용만 AI 검색에 활용한다.LG유플러스는 고객 편의를 강화한 AI 서비스를 위해 글로벌 빅테크 기업인 구글 클라우드와 긴밀한 협업을 이어가고 있다. 이날 선보인 '익시오 AI 비서'는 구글의 최신 거대언어모델(LLM)인 제미나이 2.5 플래시 라이브를 활용해 개발됐다.제미나이 2.5 플래시 라이브 기반의 '익시오 AI 비서'는 초저지연 스트리밍 AI가 적용돼 대화 흐름을 끊지 않고 질문 의도를 파악해 답변을 제공할 수 있다. 또 구글 검색 기반 그라운딩 기능과 결합, 생성형 모델의 이해력을 유지하면서도 실제 구글 검색 정보와 교차 검증을 거쳐 AI 검색의 정확도·신뢰도를 높였다.통화 도중 '익시오 AI 비서'가 날씨 정보를 제공하고 있다. /이성락 기자여기에 LG유플러스는 자체 개발한 온디바이스 언어·분류 모델과 제미나이 모델의 문맥 이해 기술을 결합해 통화 이력 기반의 AI 대화 검색 기능을 구현했다. 이를 통해 '익시오'는 통화 내용을 요약하고 해야 할 일을 정리하는 것은 물론, 통화 상대의 대화 방식과 감정 흐름을 분석해 관계 개선을 위한 커뮤니케이션 팁을 제공할 수도 있다.LG유플러스는 '익시오 AI 비서'를 시작으로 AI 전략을 맞춤 지능 중심으로 전환할 방침이다. 앞서 '익시오'는 지난해 11월 출시 이후 통화 녹음·요약, 보이는 전화, AI 전화 대신 받기 등 고객의 실제 불편을 해결하는 기능을 중심으로 약 100만명의 고객이 사용하는 통화 앱으로 성장했다.캐런 티오 구글 아시아태평양 플랫폼·디바이스 파트너십 부사장은 ""LG유플러스와의 협력은 공유된 비전을 가진 두 기업이 힘을 합쳤을 때 무엇을 이룰 수 있는지 보여주는 증거""라며 ""이는 단일 제품을 넘어 소비자, 기업, 인프라 사업 전반을 아우르는 깊고 전략적인 동맹""이라고 말했다.이재원 LG유플러스 컨슈머부문장(부사장)은 ""나를 이해하고 내 일상의 편의를 돕는 AI 서비스를 통해 고객 누구에게나 편하고 단순한 일상을 제공하겠다는 브랜드 가치를 전달할 것""이라며 ""'익시오'를 통해 심플한 AI의 효용을 느낄 수 있도록 AI 경쟁력을 높여나가겠다""고 밝혔다.이날 LG유플러스가 공개한 '익시오 AI 비서'에 대해 고객이 긍정적인 반응을 보일지는 미지수다. 차별화된 서비스이지만, 대중화와 관련해 걸림돌이 없진 않다는 게 업계 판단이다.먼저 프라이버시 보호를 강화했더라도, 통화 중 언급되는 민감한 개인 정보를 누군가가 듣고 있다는 거부감을 지울 수 없다. 연동·제휴 문제가 해결되지 않아 서비스 활용에 한계가 있고, AI 답변을 듣기만 하는 다른 통신사 고객의 경우 항상 수동적인 위치에 놓일 수밖에 없다. 회사 입장에서 궁극적으로는 수익화 문제가 남아 있다.LG유플러스는 올해 말까지 일부 고객을 대상으로 베타 서비스를 운영하며 발생한 피드백을 적용해 '익시오 AI 비서'의 기능을 고도화한다는 계획이다. 수익화 문제에 대해서는 ""수익보단 고객이 일상생활에서 '익시오' 관련 서비스가 반드시 필요하다고 느낄 수 있게 하는 게 먼저""라는 입장이다.발로 뛰는 더팩트는 24시간 여러분의 제보를 기다립니다.▶카카오톡: '더팩트제보' 검색▶이메일: jebo@tf.co.kr▶뉴스 홈페이지: http://talk.tf.co.kr/bbs/report/write"
https://n.news.naver.com/mnews/article/277/0005678889?sid=105,2025-11-13 13:44:19,IT/과학,구글 손잡은 LG U+…제미나이 활용한 '익시오 AI 비서' 공개(종합),"통화 중 '헤이 익시' 부르면 AI 비서 호출AI가 실시간 정보 제공…통화 상대방에도 공유구글 클라우드와 협력…제미나이 LLM 활용구글 드라이브 등 연계 요금제도 공개 예정예약까지 해주는 '액셔너블 AI'로 고도화LG유플러스가 인공지능(AI)을 기반으로 통화 중에도 사용할 수 있는 AI 에이전트 서비스인 '익시오 AI 비서'를 공개했다. LG유플러스가 구글 클라우드의 모델을 활용해 개발한 이 기능은 AI가 사용자의 통화 맥락을 이해해 필요한 정보를 제공하는 게 특징인데, 이를 통해 본격적인 '고객 맞춤형 AI' 시대를 열겠다는 목표다.이재원 LG유플러스 컨슈머부문장(부사장)은 13일 오전 서울 종로구에서 진행된 기자간담회에서 ""익시오는 지난 1년간 고객에게 안심을 제공하며 AI의 실질적 가치를 증명해왔다""면서 ""이제는 고객의 시간을 아끼고 삶을 편하게 지원하는 맞춤형 AI로 더 빠르게 진화할 것""이라며 AI 비서 기능을 소개했다.이재원 LG유플러스 컨슈머부문장(부사장)이 기자간담회에서 4A 인텔리전스 전략에 대해 소개하고 있다. LG유플러스 제공이날 행사에는 이 부사장과 캐런 티오 구글 아시아태평양 플랫폼·디바이스 파트너십 부사장, 양사 관계자가 참석했다.익시오 AI 비서는 이용자의 통화 중 대화 맥락을 실시간으로 이해해 필요한 정보를 제공한다. 익시오 앱으로 통화하는 고객이 통화 중 '헤이, 익시'라고 부르거나 호출 버튼을 누르면 AI가 통화에 참여해 정보를 찾아준다. 친구와 통화로 주말 계획을 세우는 과정에서 '헤이 익시, 이번 주말 날씨가 어떻게 돼'라고 물으면 AI가 날씨 정보를 검색하고 결과를 음성으로 알려주는 식이다. AI가 제안한 정보는 통화 상대방도 함께 들을 수 있다.이상엽 LG유플러스 최고기술책임자(CTO)는 ""기존의 거대언어모델(LLM)을 썼을 경우 AI 호출·검색·정보 제공 등 과정에 8초 이상이 소요됐지만, 세계 최초 수준으로 '보이스 투 보이스(V2V)' 모델을 적용해 3초로 줄였다""고 강조했다.AI 비서를 사용하는 과정에서 고객 개인정보 보호도 고려했다. 익시오 AI 비서는 서버를 거치지 않고 스마트폰 내부에서 정보를 처리하는 '온디바이스' 기반 음성 인식(STT) 기술을 적용했다. AI 비서 호출 전 통화 내용은 서버에 전송하지 않고 호출 후 사용자가 말한 내용만 AI 검색에 활용한다.이상엽 LG유플러스 CTO(전무), ,캐런 티오 구글 아시아 태평양 플랫폼·디바이스 파트너십 총괄(부사장), 이재원 LG유플러스 Consumer부문장(부사장)이 익시오 AI 비서를 소개하고 있다. (왼쪽부터) LG유플러스 제공LG유플러스는 AI 비서 기능 개발을 위해 구글 클라우드와 손잡았다. 익시오 AI 비서는 구글의 최신 LLM인 '제미나이 2.5 플래시 라이브'를 활용해 개발됐다. 이 모델을 활용, 초저지연 스트리밍 AI가 적용돼 대화 흐름을 끊지 않고 질문 의도를 파악해 답변을 제공할 수 있다. 여기에 AI가 답한 내용을 구글 검색 정보와 교차 검증해 정확도를 높였다. LG유플러스는 자체 개발한 온디바이스 언어·분류 모델과 제미나이 모델의 문맥 이해 기술을 결합해 통화 이력 기반의 AI 대화 검색 기능을 구현했다.LG유플러스는 익시오 AI 비서의 빠른 응답을 위해 제미나이 모델을 활용한다고 설명했다. 이 CTO는 ""통화 중 검색 기능은 음성을 입력받아 바로 음성으로 전달해주는 보이스 투 보이스 언어모델이 필요한데,현재 제미나이의 보이스 투 보이스 기술이 앞서있다""면서 ""구글이 검색에서 좋은 인프라를 가지고 있다는 점도 고려했다""고 말했다.향후 LG유플러스는 구글 클라우드와의 협력을 기반으로 통화 중 언급된 일정·장소·예약 등을 바로 실행할 수 있는 '액셔너블 AI'로 기능을 확장할 계획이다. AI가 이해한 대화 내용을 식당 예약과 같은 실제 행동으로 연결해 고객의 편의를 높인다는 목표다.아울러 구글의 유료 구독 서비스인 '구글 원' 등과 연계한 상품도 내놓을 계획이다. 상품은 기존 통신 요금제와 연계하거나 또는 단독으로 구성할 예정이다.LG유플러스는 올해 말까지 일부 고객을 대상으로 AI 비서 기능의 베타 서비스를 운영한 뒤 내년 상반기 전체 고객들에게 확대할 예정이다. 베타 서비스는 지난 12일부터 시작됐다.아울러 익시오 2.0의 핵심 기능인 AI 비서를 중심으로 고객 편의에 집중한 '맞춤 지능' 전략을 본격 추진할 방침이다. 맞춤 지능은 LG유플러스가 올해 초 모바일월드콩그레스(MWC) 2025에서 공개한 4A 인텔리전스 전략의 두 번째 단계로, 고객 편의에 집중한 AI를 선보인다는 계획이다.캐런 티오 구글 아시아태평양 플랫폼·디바이스 파트너십 부사장은 ""LG유플러스와의 협력은 공유된 비전을 가진 두 기업이 힘을 합쳤을 때 무엇을 이룰 수 있는지 보여주는 증거""라며 ""이는 단일 제품을 넘어 소비자, 기업, 인프라 사업 전반을 아우르는 깊고 전략적인 동맹""이라고 강조했다.이 부사장은 ""나를 이해하고 내 일상의 편의를 돕는 AI 서비스를 통해 고객 누구에게나 편하고 단순한 일상을 제공하겠다는 브랜드 철학인 '심플리 U+'의 가치를 전달할 것""이라며 ""익시오를 통해 심플한 AI의 효용을 느낄 수 있도록 AI 경쟁력을 높여나가겠다""고 말했다.LG유플러스가 인공지능(AI)을 기반으로 통화 중에도 사용할 수 있는 AI 에이전트 서비스인 '익시오 AI 비서'를 공개했다. LG유플러스 모델이 익시오 AI 비서를 소개하고 있다. LG유플러스 제공"
https://n.news.naver.com/mnews/article/138/0002209485?sid=105,2025-11-13 14:02:18,IT/과학,"[일문일답] “LGU+, 세계 최초 통화 중 실시간 AI 기능 구현”","통화 중 이탈없이 AI 비서 부른다…구글 보이스투보이스 모델 적용(왼쪽부터) LG유플러스 이진혁 ixi-O개발Task(상무), 이상엽 CTO(전무), 이재원 Consumer부문장(부사장), 최윤호 AI Agent추진그룹장(상무)이 기자들과 질의응답을 진행하고 있다. [사진=LG유플러스][디지털데일리 강소현기자]“통화 중 이탈 없이 인공지능(AI) 비서를 불러 실시간 검색이 가능합니다”13일 LG유플러스가 구글과 협력해 ‘익시오(ixi-O) AI 비서’를 선보였다. 이는 통화 중 실시간 AI 기능을 실제 고객 서비스로 구현한 세계 최초 사례다.‘익시오 AI 비서’는 통화 중 실시간으로 AI 기능을 제공한다. 기존 타사 AI 비서가 통화 종료 후 요약에 초점을 맞췄다면, 익시오는 통화 중에도 AI 호출이 가능하다는 점에서 차별화됐다.이용자는 통화 중 “헤이, 익시(Hey, ixi)”라고 부르거나 호출 버튼을 눌러 AI 비서를 활성화할 수 있다. 예컨대 날씨를 물으면 AI가 정보를 검색해 음성으로 알려주며 검색 결과는 통화 상대방도 함께 들을 수 있다.LG유플러스는 온디바이스(On-device) 기반 음성 인식(STT) 기술을 적용해 처리 속도를 기존 8초에서 3초로 단축했다. 이는 음성 데이터를 서버로 전송하지 않고 기기 내에서 실시간으로 인식·추론하도록 한 결과다.기존 STT(음성→텍스트) → LLM(텍스트 추론) → TTS(텍스트→음성) 구조를 거치지 않고, 음성 자체를 그대로 AI가 이해하고 음성으로 응답할 수 있도록 설계한 것도 주목할 만하다. 이 과정에서 구글과의 기술 협력이 이뤄졌다.이진혁 ixi-O개발Task(상무)는 “오디오 데이터는 스트리밍 형태로 구글 제미나이(Gemini) 서버에 전송되며, 추론(인퍼런스)과 검색은 제미나이 API를 통해 처리된다”며 “온디바이스 STT 모델은 LG유플러스 앱 내에서 수행되며, 상대방 음성은 서버로 전송되지 않는다. 질문 시점에만 일시적으로 연결되는 구조”라고 설명했다.이어 “통화 중 검색 기능에는 보이스투보이스(Voice-to-Voice) 모델이 중요하다”며 “이 분야에서 제미나이 기술이 고객 경험 측면에서 가장 앞서 있다고 판단해 협력했다”고 덧붙였다.현재는 베타서비스 단계로, 내년 상반기 중 모든 AI 비서 기능을 오픈한다. 현재로서 과금 계획은 없다는 입장이다.이재원 커스터머(Consumer)부문장(부사장)은 “성장률과 고객 만족도 모두 긍정적으로 평가된다”며 “고객 반응을 반영해 빠르게 업데이트할 계획이다”고 말했다.다음은 LG유플러스 이진혁 ixi-O개발Task(상무), 이상엽 CTO(전무), 이재원 Consumer부문장(부사장), 최윤호 AI Agent추진그룹장(상무) 일문일답.Q. 타사 서비스와의 차별점은 무엇인지.A:통화 종료 후 요약 기능은 다른 서비스에도 존재하지만, 통화 중 이탈 없이 실시간 검색이 가능한 서비스는 세계 최초라는 점에서 차별화됐다.Q. 보이스투보이스(Voice-to-Voice) 모델의 추론이 어디서 수행되는지.A: 오디오 데이터는 스트리밍 형태로 구글 제미나이 서버에 전송된다. 추론(인퍼런스)과 검색은 구글 제미나이 API를 통해 처리되고, 온디바이스 STT 모델은 LG유플러스 앱 내에서 수행된다. 상대방 음성은 서버로 전송되지 않으며 질문 시점에만 일시적으로 열렸다 닫히는 구조다.Q. 통신망 환경에서 레이턴시 발생 시 품질을 어떻게 관리하는지A: 네트워크 환경에 따라 최대 3초 정도의 지연이 발생할 수 있다. 이를 최소화하기 위해 망·앱·서버 구간별 최적화와 제미나이 서버 롤오버 구조를 적용했다. 지연이 발생하는 구간은 디버깅을 통해 지속적으로 개선하고 있다. 1.0 모델부터 전용 베어러 채널을 만들어 무선망 QoS(서비스 품질)를 보장하려는 노력도 이어왔다.Q. 구글 제미나이와 협력하게 된 이유와 추가 제휴 계획은.A: 멀티 LLM 서비스로 구글의 제미나이만 사용된 것은 아니었다. 다만 ‘통화 중 검색’ 기능에는 보이스-투-보이스(V2V) 모델이 굉장히 중요하데, 해당 분야에서 제미나이 기술이 고객 관점에서 가장 앞서 있다고 판단해 협력했다. 검색 인프라가 강점인 구글의 기술을 비서 서비스에 접목하는 것이 효율적이라 판단했다. 개인화 영역은 LG AI연구원 모델과 함께 서비스를 운영할 계획이다. 구글과 추가 제휴는 서비스 반응과 기술 트렌드에 따라 API 개방형이나 A2A(Agent-to-Agent) 연동 형태로 확대할 예정이다.Q. 구글과 통합 요금제를 출시할 계획이 있는지.A: 구글과 번들 요금제를 준비 중이며 이달 중 출시를 목표로 하고 있다. 기존 요금제와 결합된 형태와 단독형 두 가지 버전으로 제공할 예정이며, 단순 번들이 아닌 구글 드라이브 등과 연동되는 형태의 서비스형 요금제로 기획했다.Q. 익시오(ixi-O) AI 비서의 수익화 계획이 있는지.A: 현재 고객에게 별도의 과금을 적용할 계획은 없다. 우선은 고객이 편의성과 가치를 체감하도록 만드는 것에 집중하고 있다.Q. 통화 기록 보안 체계가 어떻게 되는지.A: 엔진 학습을 위해서는 고객 동의가 있을 때만 통화 데이터가 서버로 전송되며, 그 경우에도 민감 정보는 모두 비식별화 처리된다. AI 비서의 경우 질문이 오가는 순간에만 통화 데이터가 일시적으로 서버에 전송되고 답변이 완료되면 즉시 삭제되는 구조로 운영된다. 연내에는 음성 통화 자체를 암호화해 저장하는 기능을 선보일 예정이다.Q. 직업군별 특화 요약 기능 고도화 계획이 있는지.A: 직장인, 특히 부동산 중개업 등 고객 응대가 많은 직군에서 통화 요약과 회의록 자동 생성 수요가 높았다. 이에 따라 향후 직업군·지역별 세분화된 회의록을 제공할 계획이다.Q. 구글과의 추가 서비스 로드맵이 있는지.A: ‘익시(ixi) AI 비서’의 가장 큰 차별점은 통화 중 이탈하지 않고 검색이 가능하다는 점이다. 현재는 베타 서비스 단계이며 고객 반응을 반영해 빠르게 업데이트할 계획이다. 서비스 완성도가 높아지면 추후 간담회를 통해 추가 로드맵을 공개할 예정이다.Q. MNO 대비 익시오 가입자 수가 적은 이유가 있는지.A: 아직 안드로이드 서비스가 본격화되지 않았으나 성장률과 고객 만족도 모두 긍정적으로 평가됐다.Q. 글로벌 시장 진출 계획이 있는지.A: 동남아의 통신사들과 협의 중이며, 구체적인 결과가 나오면 별도로 공유할 예정이다. 이번 모델은 단발성 구축 사업이 아닌 리커링(Recurring)이 가능한 SaaS 모델로 기획됐다."
https://n.news.naver.com/mnews/article/008/0005277732?sid=105,2025-11-13 14:18:34,IT/과학,"""헤이, 익시"" 부르면 AI가 응답…LGU+, 통화 중 정보 도우미 공개","(종합)구글 최신 생성형 AI 기반 '익시오 2.0' 발표통화 중 실시간 검색·요약·정보 공유 한 번에이재원 LG유플러스 컨슈머부문장(부사장)이 13일 기자간담회에서 AI 인텔리전스 전략에 대해 소개하고 있다. /사진=LG유플러스LG유플러스가 고객의 통화 상황을 실시간으로 이해하고 필요한 정보를 즉시 제공하는 차세대 AI(인공지능) 서비스 '익시오(ixi-O) AI 비서'를 공개했다. 구글 클라우드의 최신 생성형 모델을 기반으로 한 이 서비스는 고객의 편의를 높이는 맞춤형 AI 경험을 제공하고, LG유플러스 '맞춤 지능(Adaptive Intelligence)' 전략의 핵심 요소로 자리잡게 된다.LG유플러스는 13일 서울 종로구에서 기자간담회를 열고 차세대 AI 전략과 익시오 AI 비서를 소개했다. 행사에는 이재원 LG유플러스 컨슈머부문장(부사장)과 캐런 티오 구글 아시아·태평양 플랫폼·디바이스 파트너십 부사장 등 양사 관계자가 참석해 협력의 의미와 향후 계획을 공유했다.전날 출시한 익시오 AI 비서는 통화 중 ""헤이, 익시""라고 호출하면 AI가 즉시 대화에 참여해 대화 맥락을 분석하고 필요한 정보를 검색해 제공하는 것이 특징이다. 예를 들어 통화 중 주말 일정에 대해 이야기하다 ""이번 주말 날씨가 어떻게 돼?""라고 물으면 AI가 검색을 수행해 음성으로 결과를 알려주며, 통화 상대방 역시 해당 정보를 동시에 들을 수 있다. LG유플러스는 AI 호출과 정보 검색, 핵심 요약, 음성·텍스트 동시 제공, 상대방과 정보 공유까지의 과정을 통화 흐름을 방해하지 않도록 최적화했다.최윤호 LG유플러스 AI 에이전트추진그룹장(상무)은 ""통화 중 통화를 이탈하지 않고 검색을 할 수 있는 것은 LG유플러스가 세계 최초라 해도 과언이 아니다""며 ""이게 우리 서비스의 가장 큰 차별점""이라고 강조했다.(왼쪽부터) 이진혁 익시오개발테스크(상무), 이상엽 CTO(전무), 이재원 컨슈머부문장(부사장), 최윤호 AI 에이전트추진그룹장(상무)이 기자들과 질의응답을 진행하고 있다. /사진=LG유플러스또한 프라이버시 보호를 위해 온디바이스 기반 STT(음성 텍스트 변화)를 적용했다. AI 호출 전에는 통화 내용이 서버로 전송되지 않으며, 호출 후 발화된 내용만 검색에 사용된다. 현재 LG유플러스는 익시오 AI 비서의 테스트 고객을 신청받고 있으며, 해당 고객을 대상으로 올해 말까지 베타 서비스를 진행한다. 이를 통해 기능을 고도화하고 내년 상반기 모든 고객에게 서비스를 제공할 예정이다.이번 서비스는 구글의 최신 LLM(거대언어모델) '제미나이2.5 플레시 라이브'를 기반으로 개발됐다. 초저지연 스트리밍 AI 기술 덕분에 통화 중 흐름을 끊지 않고 실시간 응답이 가능하며, '구글 검색 기반 그라운딩' 기술이 적용돼 생성형 AI의 이해력에 실제 검색 정보를 결합함으로써 정확성과 신뢰도를 높였다.LG유플러스는 자체 개발한 온디바이스 모델과 제미나이의 문맥 이해 기능을 결합해 통화 요약, 해야 할 일 정리, 감정 분석을 통한 커뮤니케이션 팁 제공 등 확장 기능도 구현했다. 앞으로 LG유플러스는 통화 중 언급된 일정·장소·예약 등을 바로 실행할 수 있는 '액셔너블 AI'로 기능을 확장할 계획이다.LG유플러스는 익시오 2.0을 통해 AI가 '나를 지켜주는 기술'을 넘어 '나를 대신하는 기술'로 진화하고 있다고 설명했다. 익시오는 출시 이후 통화 녹음·요약, 보이는 전화, AI 전화 대신 받기 등 실질적인 불편을 해결하는 기능으로 약 100만명의 사용자를 확보했다. 이번 업데이트로 실시간 정보 제공과 맞춤형 대화 요약 기능을 더해 더욱 편리한 AI 경험을 제공하게 됐다.익시오의 수익화와 관련해서 이재원 부사장은 ""보안이나 고객의 신뢰에 대한 서비스는 별도로 과금할 생각이 없다""며 ""다만 더 나아가 고객 편의성이나 생산성에 대해서는 어떻게 과금 모델을 만들고 수익화할까 고민하고 있다""고 말했다. 그러면서 ""우선적으로 집중해야 할 것은 이런 서비스를 얼마나 고객이 잘 사용하고 진짜 필요한 서비스라고 느끼게 하는 데 전념하는 것""이라고 덧붙였다.아울러 그는 ""고객의 시간을 아끼고 일상을 단순하게 만들어주는 AI 서비스를 통해 'Simply. U+'의 브랜드 철학을 실천하겠다""며 ""익시오를 통해 누구나 신뢰할 수 있는 심플한 AI의 가치를 체감할 수 있도록 경쟁력을 강화해 나가겠다""고 강조했다."
https://n.news.naver.com/mnews/article/015/0005210968?sid=105,2025-11-13 14:29:13,IT/과학,매일 135만명 전화하다가 '이 행동'…'통화중 AI검색' 선보인 LGU+,"LG유플러스, '익시오 AI 비서' 공개세계 최초 통화 도중 AI 검색 지원통화하면서 AI 음성으로 정보 확인구글 제미나이 최신 모델 기반 개발심한 사투리 쓸 경우 인식 못할 수도사진=LG유플러스 인공지능(AI) 통화 앱 '익시오' 홍보영상 갈무리""(LG유플러스) 고객은 검색을 위해 통화를 끊거나 앱을 전환할 필요가 없습니다."" 최윤호 LG유플러스 AI에이전트추진그룹장(상무)은 13일 자사 인공지능(AI) 통화 앱 '익시오' 신규 기능을 소개하면서 이 같이 말했다. 통화 도중 실시간으로 AI를 연결해 필요한 정보를 찾고 음성 답변을 받을 수 있는 서비스는 LG유플러스가 세계 최초라는 설명이다.LG유플러스 '세계 최초' 통화 중 AI 비서 지원LG유플러스는 이날 서울 종로구 센트로폴리스에서 기자간담회를 열고 AI 통화 에이전트 '익시오 AI 비서' 기능을 공개했다. 익시오 AI 비서는 AI 통화 앱 익시오 사용자에게만 지원되는 기능이다. 익시오 사용자가는 상대방과 통화 도중 필요한 정보가 있거나 궁금한 내용이 있을 때 ""헤이, 익시""라고 호출하면 이 기능을 사용할 수 있다.예컨대 연인과 통화로 주말 데이트 일정을 잡던 중 '익시'를 호출한 다음 ""주말 날씨 어때""라고 물으면 ""주말은 맑겠고 최고기온은 26도""라는 답을 음성으로 들을 수 있다. 익시오 가입자만 질문이 가능하고 비가입자의 경우 듣는 것만 가능하다.LG유플러스는 회사 상사와 부하 직원이 통화하면서 익시오를 활용해 등산 일정을 조정하는 연출된 음성을 공개하기도 했다. 통화 속 최 상무는 경복궁역에서 인왕산 정상을 오르는 시간을 확인했고 ""1시간~1시간30분 정도 걸린다""는 답이 나오자 일정을 주말 오전 9시로 늦췄다.LG유플러스는 이를 통해 날씨와 이동시간을 확인해야 할 때 통화 화면에서 이탈하거나 연결을 끊은 뒤 검색하지 않아도 된다는 점을 강조했다. AI가 통화 맥락 속에서 실시간으로 정보를 제공하는 기능이 생산성 도구로 활용될 수 있다는 예시도 제시한 셈이다.캐런 티오 구글 아시아 태평양 플랫폼·디바이스 파트너십 총괄(부사장·왼쪽부터)과 이재원 LG유플러스 Consumer부문장(부사장), 이상엽 LG유플러스 CTO(전무)가 익시오 AI 비서를 소개하고 있다. 사진=LG유플러스 제공하루 평균 135만명, 통화하다 '정보 검색' 위해 이탈LG유플러스가 이 기능을 선보인 이유는 사용자들이 실제 통화 과정에서 정보를 확인하거나 검색을 하기 위해 다른 행동을 하는 횟수가 적지 않아서다.LG유플러스는 통화 도중 이 같은 행동을 하는 자사 가입자가 하루 평균 135만명에 이른다고 밝혔다. 매일 135만명이 '통화 화면 이탈-앱 실행·검색 수행-화면 캡처·복사-메신저 실행 공유-통화 화면 복귀' 등의 과정을 반복한 것이다. 실제로 통화 상대방에게 ""끊지 말고 기다려봐""라고 말한 뒤 다른 앱을 켜는 사용자들을 심심치 않게 볼 수 있다.최 상무는 ""업무 통화를 하면서 빠르게 정보를 확인하고 공유해야 하는 상황이 발생해 통화를 끊거나 또는 (통화 화면을) 이탈한 후 정보를 공유한 경험을 해봤을 것이고 특히 운전 중이거나 양손이 자유롭지 못한 상황에선 검색과 공유가 더욱더 곤란했을 것""이라며 ""익시오 AI 비서는 통화 중 실시간으로 AI를 연결해 정보를 검색하는 세계 최초 사례 중 하나""라고 말했다.LG유플러스는 이 서비스를 위해 '보이스 투 보이스(VTV)' 기술을 개발했다. 기존 거대언어모델(LLM)을 활용해 익시오 AI 비서를 구현하려면 약 8초의 시간이 걸리는 것으로 나타났다. 음성을 텍스트로 변환한 다음 LLM으로 보낸 뒤 다시 텍스트를 음성으로 바꿔야 하는 과정을 거쳐야 해서다. 통화 도중 실시간으로 정보가 필요한 상황에선 오히려 방해가 될 수 있는 것.익시오 AI 비서엔 음성을 곧바로 음성으로 인식·변환하는 기술을 적용했다. 이를 위해 구글의 최신 LLM 모델인 '제미나이 2.5 플래시 라이브'를 활용했다. LG AI연구원에서 개발한 엑사원보다 구글 모델이 ""고객 관점에서 앞서 있는 게 사실이고 검색에선 좋은 인프라를 갖고 있다""는 이유다.사투리 심하면 인식 불투명…답변 끝나면 질문 '삭제'사투리가 심한 사용자의 경우 당장은 불편을 겪을 수 있다. 익시오 AI 비서는 구글 모델을 활용하는 만큼 표준어를 기반으로 작동한다.이진혁 LG유플러스 익시오 개발테스크장(상무)은 ""VTV는 제미나이 라이브 모델을 쓰다 보니 어떤 모델을 기반으로 학습을 했는지가 관건""이라며 ""표준 한국어의 경우 표준어를 기반으로 학습이 되다 보니 사투리가 심한 경우엔 인식을 잘 못하는 경우가 발생하는데 이건 구글하고 협력을 통해 모델 학습을 할 수밖에 없을 것 같다""고 했다.익시오 AI 비서는 익시 호출 전 통화 내용의 경우 서버에 전송하지 않는다. 호출 후 발화 내용만 AI 검색에 활용하는 구조다. 질문에 대한 답변이 끝나는 순간 서버에서 해당 질문도 삭제된다. LG유플러스 온디바이스 기반 음성인식(STT) 기술을 적용해 프라이버시 보호를 강화했다는 설명이다.사진=LG유플러스 제공내년 상반기 모든 익시오 가입자에 신규 기능 지원익시오는 지난해 11월 출시된 이후 1년 만에 가입자 약 100만명을 확보했다. 충성도는 73%로 익시오 가입자 10명 중 7명이 계속해서 서비스를 사용한다는 의미다. LG유플러스는 내년 안으로 가입자 300만명을 달성하겠다는 계획이다.이재원 LG유플러스 컨슈머부문장(부사장)은 ""보안이나 고객 신뢰에 관한 서비스들은 고객한테 별도로 과금을 할 생각은 없다""면서도 ""고객 편의성이나 생산성에 대해선 어떻게 과금 모델을 만들고 수익화할까에 대한 고민을 하면서 준비하고 있지만 지금은 이런 서비스들을 고객들이 얼마나 잘 사용하고 진짜 필요한 서비스라고 느끼는지에 전념하고 있다""고 말했다.LG유플러스는 익시오 AI 비서를 '익시오 2.0' 핵심 기능으로 꼽았다. 익시오 3.0에선 사용자가 여러 관계 속에서 다양한 페르소나를 가질 수 있다는 점을 고려한 초개인화 전략, 검색 이후 사용자가 원하는 행동으로 나아갈 수 있는 AI 에이전틱 등의 가치를 구현한다는 목표다.익시오 AI 비서는 올해 말까지 일부 고객에게 시범 서비스 형태로 운영된다. 내년 상반기엔 모든 익시오 가입자가 이 기능을 사용할 수 있다.이날 행사엔 캐런 티오 구글 아시아태평양 플랫폼·디바이스 파트너십 부사장도 참석했다. 그는 ""LG유플러스와의 협력은 공유된 비전을 가진 두 기업이 힘을 합쳤을 때 무엇을 이룰 수 있는지 보여주는 증거""라며 ""이는 단일 제품을 넘어 소비자, 기업, 인프라 사업 전반을 아우르는 깊고 전략적인 동맹""이라고 강조했다."
https://n.news.naver.com/mnews/article/052/0002272646?sid=101,2025-11-13 14:46:07,경제,[기업] 통화 중 실시간 검색...LGU+ '익시오 AI 비서' 공개,LG유플러스는 인공지능이 실시간으로 통화에 참여해 정보 검색을 도와주는 '익시오 AI 비서' 기능을 공개했습니다.예를 들어 친구와 주말 계획을 세우다가 주말 날씨를 물으면 인공지능이 정보를 검색하고 결과를 음성으로 알려주는 방식입니다.LG유플러스는 고객이 안심하고 이용할 수 있도록 인공지능 호출 전 대화 내용은 서버에 전송되지 않고 호출 뒤 내용만 검색에 활용된다고 밝혔습니다.'익시오 AI 비서'는 구글의 최신 언어 모델인 '제미나이 2.5 플래시 라이브'를 활용해 개발됐습니다.올해 말까지 일부 고객을 대상으로 시험 서비스를 거친 뒤 내년 상반기부터 모든 익시오 이용 고객에게 제공될 예정입니다.※ '당신의 제보가 뉴스가 됩니다'[카카오톡] YTN 검색해 채널 추가[전화] 02-398-8585[메일] social@ytn.co.kr
https://n.news.naver.com/mnews/article/421/0008602713?sid=105,2025-11-13 15:00:36,IT/과학,"통화 중에도 실시간 AI 호출…LGU+, 구글 손잡은 'AI 비서' 공개","구글 제미나이 적용…""통화 중 실시간 AI 호출 최초 사례""AI 통화 앱에서 초개인화 AI 비서로…'맞춤 지능' 전략 본격화(왼쪽부터) 캐런 티오 구글 아시아 태평양 플랫폼·디바이스 파트너십 총괄(부사장)과 이재원 LG유플러스 컨슈머부문장(부사장), 이상엽 LG유플러스 CTO(전무)가 익시오 AI 비서를 소개하고 있다. (LGU+ 제공)(서울=뉴스1) 이기범 기자""'익시오 AI 비서'(ixi-O)는 통화 중 실시간으로 AI 호출에 정보 공유하는 세계 최초 사례다.""LG유플러스(032640)가 구글 클라우드와 손잡고 개발한 인공지능(AI) 서비스 익시오 AI 비서를 공개했다. 통화 중에 실시간으로 AI를 호출해 통화를 끊지 않고 필요한 정보를 얻을 수 있는 점이 특징이다.LG유플러스는 13일 서울 종로구 센트로폴리스에서 기자간담회를 열고 차세대 AI 전략인 '맞춤 지능'(Adaptive Intelligence)의 청사진과 핵심 서비스인 익시오 AI 비서를 발표했다. 이날 행사에는 이재원 LG유플러스 컨슈머부문장(부사장)과 캐런 티오 구글 아시아태평양 플랫폼·디바이스 파트너십 부사장 등 양사 관계자가 참석했다.이날 이 부사장은 ""LG유플러스는 익시오 성장을 발판 삼아 AI가 고객의 맥락을 이해하고 상황에 맞게 반응하는 '어댑티브 인텔리전스'로 진화하고자 한다""며 ""고객이 일상 속에서 차별화된 AI 경험을 누릴 수 있도록 구글과 협력했다""고 강조했다.익시오 AI 비서는 통화 중 대화 맥락을 실시간으로 이해하고 필요한 정보를 제공하는 기능이다. 익시오를 사용하는 고객이 통화 중 ""헤이, 익시""라고 부르거나 호출 버튼을 누르면 AI가 통화에 참여해 정보를 찾고 결과를 공유한다.예를 들어 친구와 통화로 주말 계획을 세우는 중 ""헤이 익시, 이번 주말 날씨가 어떻게 돼""라고 질문하면 AI가 정보를 검색하고 결과를 음성으로 알려주는 방식이다. AI가 제안한 정보는 통화 상대방도 함께 들을 수 있다.프라이버시 보호도 강화했다. 익시오 AI 비서는 온디바이스 기반 음성 인식(STT) 기술을 적용해 호출 전 통화 내용은 서버에 전송하지 않고, 호출 후 발화 내용만 AI 검색에 활용한다.LG유플러스는 올해 말까지 일부 고객을 대상으로 베타 서비스를 운영하며 발생한 피드백을 적용해 익시오 AI 비서의 기능을 고도화할 계획이다. 이후 내년 상반기 모든 익시오 이용 고객이 AI 비서 기능을 이용할 수 있도록 할 방침이다.이재원 LG유플러스 컨슈머부문장(부사장)이 13일 기자간담회에서 차세대 AI 전략인 '맞춤 지능'(Adaptive Intelligence)의 청사진과 핵심 서비스인 익시오 AI 비서를 발표하고 있다. (LGU+ 제공)이날 선보인 익시오 AI 비서는 구글의 최신 LLM 모델인 '제미나이 2.5 플래시 라이브' 기반으로 개발됐다. 여기에 LG유플러스는 LG AI 연구원의 '엑사원'을 기반으로 자체 개발한 온디바이스 언어/분류 모델과 제미나이 모델의 문맥 이해 기술을 결합해 통화 이력 기반의 AI 대화 검색 기능을 구현했다.캐런 티오 구글 부사장은 ""제미나이 API에 기반한 익시오 AI 비서는 사용자에게 직관적이고 유용한 대화형 AI 경험을 제공한다. 사람들의 생산성과 창의성을 얼마나 확장시킬지 기대가 크다""며 ""AI 시대 선도 기업으로 도약하려는 LG유플러스 비전은 매우 인상적이며, 이 여정에 구글이 함께 할 수 있어 큰 자부심을 갖는다""고 말했다.향후 LG유플러스는 구글 클라우드와의 협력을 기반으로 통화 중 언급된 일정·장소·예약 등을 바로 실행할 수 있는 기능을 선보일 계획이다.특히 LG유플러스는 현재 100만 가입자를 확보 AI 통화 앱인 익시오에 개인 맞춤형 기능을 더해 AI 에이전트로 고도화하겠다는 방침이다. 지난달에는 '익시오 2.0'을 선보이며 통화 이력을 기반으로 대화 내용을 검색하거나 요약해주는 기능을 추가했다.이번 AI 비서 기능을 중심으로 고객 편의에 집중한 '맞춤 지능' 전략을 본격적으로 추진할 방침이다.이날 최윤호 LG유플러스 AI에이전트추진그룹장은 ""익시오 AI 비서는 통화 중 궁금한 정보를 빠르게 찾아주는 수준의 단계로, 앞으론 고객 의도를 이해하고 필요한 행동까지 대신 수행하는 초개인화 AI 비서로 진화할 계획""이라며 ""공항 도착에 맞춰 택시를 불러주거나 설명하지 않아도 딱 맞는 숙소를 제안하는 등 맞춤형 검색을 제공하는 수준을 넘어 고객을 이해하고 일상을 공유하는 AI로 성장할 것""이라고 말했다."
https://n.news.naver.com/mnews/article/031/0000980702?sid=105,2025-11-13 15:03:11,IT/과학,"""헤이 익시"" 한마디면 끝…LGU+, 통화 한복판에 AI 넣었다 [일문일답]","구글 제미나이 기반 통화 중 AI 정보 제공…세계 최초온디바이스로 프라이버시 방어⋯감정 분석까지 확대""내년 300만 사용자 목표…B2B·글로벌 SaaS도 본격화""LG유플러스가 통화 중 호출하면 즉시 검색·요약을 제공하는 익시오(ixi-O) AI 비서 서비스를 공개했다. 통화 도중 ""헤이, 익시""라고 부르면 AI가 통화에 참여해 필요한 정보를 찾아준다.왼쪽부터 캐런 티오 구글 아시아 태평양 플랫폼·디바이스 파트너십 총괄(부사장)과 이상엽 LG유플러스 CTO(전무), 이재원 LG유플러스 Consumer부문장(부사장)이 익시오 AI 비서를 소개하고 있다. [사진=LGU+]13일 LG유플러스는 서울 종로구에서 기자간담회를 열고 차세대 AI 전략인 맞춤지능을 소개하며 핵심 서비스인 익시오 AI 비서를 소개했다. 익시오 AI 비서는 구글 클라우드와 협업해 제미나이 2.5 플래시 라이브를 활용해 개발됐다.이용 방식은 간단하다. 친구와 통화로 주말 계획을 세우는 중 ""헤이 익시, 이번 주말 날씨가 어떻게 돼?""라고 질문하면 AI가 정보를 검색하고 결과를 음성으로 알려준다. 이 서비스를 위해 LG유플러스는 △통화 연결 상태에서 AI 호출 △필요한 정보 검색 및 핵심 요약 △음성과 텍스트로 동시에 제공 △상대방에게도 정보 즉시 공유 등을 거쳤다.통화 상대방도 같은 정보를 함께 들을 수 있어 일정·장소 공유 등이 이뤄지도록 했다. 통화 요약, 해야 할 일 정리, 대화 방식·감정 흐름 분석 등 기능 확장도 예고했다. 온디바이스 기반 음성 인식(STT) 기술을 적용해 호출 전 통화 내용은 단말 안에만 머무르게 해 프라이버시 보호를 강화했다.이용 방식은 간단하다. 친구와 통화로 주말 계획을 세우는 중 ""헤이 익시, 이번 주말 날씨가 어떻게 돼""라고 질문하면 AI가 정보를 검색하고 결과를 음성으로 알려주는 방식이다. 이 서비스를 위해 LG유플러스는 △통화 연결 상태에서 AI 호출 △필요한 정보 검색 및 핵심 요약 △음성과 텍스트로 동시에 제공 △상대방에게도 정보 즉시 공유 등을 거쳤다.다음은 이진혁 ixi-O개발Task(상무), 이상엽 CTO(전무), 이재원 Consumer부문장(부사장), 최윤호 AI Agent추진그룹장(상무)과의 일문일답이다.왼쪽부터 이진혁 ixi-O개발Task(상무), 이상엽 CTO(전무), 이재원 Consumer부문장(부사장), 최윤호 AI Agent추진그룹장(상무)이 기자들과 질의응답을 진행하고 있다. [사진=LGU+]-글로벌 진출·B2B 사업 모델은 어떻게 구상하고 있나.(최윤호 상무) 글로벌 진출은 동남아 통신사 대상으로 논의 중이다. 한 번 구축하고 끝나는 게 아니라 SaaS 모델로 기획·협의하고 있다. 더 좋은 성과가 구체화되면 향후 다시 설명드리도록 하겠다.(이상엽 전무) 익시오에서 쓰는 기본적인 AX 테크 플랫폼은 B2B도 공용이다. 특히 B2B에선 고객센터 쪽 AICC 사업에 신경을 쓰고 있다. 지금까지 고객센터 대부분이 룰 베이스 상담 시나리오였다면 우리는 LLM 베이스로 바꾸고 있고, 이걸 구독형 모델로 발전시켜 B2B 사업을 진행할 예정이다.-왜 구글 제미나이와 손잡았나. 외부 플랫폼 제휴는.(이상엽 전무) 우리는 기본적으로 멀티 LLM 서비스다. 구글 제미나이 라지 랭귀지 모델만 쓰는 게 아니다. 다만 통화 중 검색은 보이스-투-보이스(v2v) 랭귀지 모델이 필요하다. 이 v2v 모델은 현재 제미나이 기술이 고객 관점에서 앞서 있는 게 사실이다. 구글은 검색 인프라가 강하다. 비서 서비스에는 구글의 앞선 기술을 활용하는 게 좋다고 봤다.(최윤호 상무) 이번에 나오는 AI 비서에는 아직 다른 서비스 연동이 되어 있지 않다.다만 AI가 A2A 에이전트 AI로 발전하면서 제휴를 위한 기술도 성숙해지고 있다. 서비스를 먼저 내고 고객 반응을 본 뒤 기술 트렌드와 함께 보면서 제휴처를 늘려갈 계획이다.-익시오 AI 비서의 가장 큰 차별점은. 향후 로드맵은.(최윤호 상무) 차별점은 통화가 끝나고 난 뒤 검색은 다른 서비스에도 있다. 저희는 통화 중에 통화를 이탈하지 않고 검색할 수 있다. 거의 세계 최초라고 해도 과언이 아니다. 가장 큰 차별이라고 말씀드린다.로드맵은 이번에 우선 베타 서비스로 나가게 된다. 고객 반응에 맞춰 빠르게 진화시킬 계획이다.-사투리나 발음 편차에 따라 인식·요약이 달라질 수 있는데 보완책은.(이진혁 상무) 우리가 쓰는 구글 보이스-투-보이스 엔진은 제미나이 라이브를 기반으로 한다. 모델이 어떤 데이터로 학습됐느냐가 관건인데, 표준 한국어 중심 학습이다 보니 사투리가 심하면 인식을 잘 못하는 경우가 발생한다. 이 부분은 구글과 협력해 모델 학습을 보완할 수밖에 없다.-구글 통합 번들 요금제는 어떻게 나오나.구글과의 번들 요금제를 준비 중이다. 11월 중 출시를 목표로 하고 있다. 기존 통신 요금제와 엮인 번들 요금제, 그리고 단독 요금제를 모두 준비 중이다. 단순 번들이 아니라 구글 드라이브와 우리 서비스가 연계되는 방향까지 고민해 준비 중에 있다.-감정 흐름 분석은 구체적으로 어떻게 하나. 텍스트만으로 가능한가.(이상엽 전무) 텍스트만으로는 한계가 있다. '됐어'라고 해도 어떻게 말하느냐에 따라 감정이 다르다. 그래서 보이스-투-보이스 모델을 활용해 직접적인 감정 인식을 하는 리서치를 하고 있다.중요한 것은 통화 데이터가 한 달 이상 쌓이면 관계에서 생기는 페르소나의 다양성을 추론할 수 있다. 현재도 기본적인 분석은 가능하지만, 앞으로 리서치와 구글 리서치를 합치면 더 정확한 관계·감정 분석이 가능할 걸로 보고 있다.-익시오 가입자 100만명은 많지 않아 보인다. 2.0 이후 목표는. 디스커버 2.0은 무엇인가.(최윤호 상무) 작년 11월에 iOS 대상으로 했고 올해 5월 안드로이드 대상으로 열었다. iOS 비중은 약 30%, 안드로이드는 70%인데 안드로이드를 늦게 열다 보니 그렇게 보일 수 있다. 성장률을 보면 지속적으로 올라가고 있다. 충성도 73%로 10명 중 7명은 계속 쓰고 계신다. 내년에는 300만명, 그 다음 해에는 고객 대다수가 사용하는 서비스로 만드는 게 목표다.디스커버는 AI 스마트 요약·AI 검색을 더 편집해서 개인화까지 할 계획이다. 각 고객에게 가장 필요한 기능을 가장 먼저 보여주는 형태로 제공하고자 한다.-v2v 추론은 어디서 수행하나. 레이턴시(지연)는 어떻게 관리하나.(이진혁 상무) 우리가 쓰는 v2v는 오디오 스트리밍만 제미나이로 보낸다. 추론·검색은 모두 제미나이 플래시 라이브 API, 즉 구글 플랫폼에서 한다. 레이턴시는 3초 정도로 맞추고 있다. 네트워크 환경에 따라 3초 이상 걸릴 수 있는데, 이건 앱만의 문제가 아니다. 망 최적화, 앱 최적화, 제미나이 구간, 서버 상태도 있다. 전체를 모니터링하고 있다. 가장 레이턴시가 많이 걸리는 케이스를 잡아서 풀어나가려고 한다.-익시오 수익화 계획은. 에이전트 빌더 형태로 수익을 가져가는 것인지.(이재원 부사장) 보안·신뢰 영역은 과금 계획이 없다. 다만 고객의 편의·생산성은 수익화 모델을 고민하고 있지만 그것보다 우선적인 것은 고객이 가치를 느끼면서 많이 써야 한다고 생각한다. 수익화 모델 준비는 하고 있지만 얼마나 고객이 잘 사용하고 필요한 서비스라고 느끼게 하는지 그 부분에 전념하고 있다."
https://n.news.naver.com/mnews/article/138/0002209510?sid=105,2025-11-13 16:54:10,IT/과학,"“헤이, 익시” 부르면 통화 중 AI가 답한다 (종합)","제미나이 품은 익시오…LGU+ 통화 중 실시간 AI 기능 첫 구현이재원 LG유플러스 Consumer부문장(부사장)이 13일 기자간담회에서 4A 인텔리전스 전략에 대해 소개하고 있다. [사진=LG유플러스][디지털데일리 강소현기자]#. ‘지난번 전화로 추천해준 국립박물관 굿즈가 뭐였지?’. 이용자가 자연어로 물으면 AI가 대화검색 기능을 통해 즉시 찾아준다. 이제는 통화 녹음을 일일이 되짚지 않아도 된다. 통화 중 궁금한 내용이 생기면 AI 비서를 불러 대화를 이어갈 수도 있다. 예컨대 “이번 주 토요일 인왕산 날씨 알려줘”라고 말하면, AI가 실시간 검색을 통해 정보를 바로 제공한다.LG유플러스가 13일 서울 종로구에서 기자간담회를 열고 ‘익시오(ixi-O) AI 비서’를 소개했다. 기존 타사 AI 비서가 통화 종료 후 요약에 초점을 맞췄다면 익시오는 통화 중에도 AI 호출이 가능하다는 점에서 차별화됐다. 이는 통화 중 실시간 AI 기능을 실제 고객 서비스로 구현한 세계 최초 사례다.이용자는 통화 중 “헤이, 익시(Hey, ixi)”라고 부르거나 호출 버튼을 눌러 AI 비서를 활성화할 수 있다. 예컨대 날씨를 물으면 AI가 정보를 검색해 음성으로 알려주며 검색 결과는 통화 상대방도 함께 들을 수 있다.특히 LG유플러스는 온디바이스(On-device) 기반 음성 인식(STT) 기술을 적용해 처리 속도를 기존 8초에서 3초로 단축했다. 음성 데이터를 서버로 전송하지 않고 기기 내에서 실시간으로 인식·추론하도록 한 결과다.LG유플러스 이상엽 CTO는 “익시오 론칭 이후 1년 동안 고객의 니즈에 맞춰 서비스를 지속적으로 고도화해왔다”며 “방대한 통화 데이터를 보기 쉽게 요약해 제공하고, 온디바이스 AI 기반으로 통화 중 궁금한 내용을 자연어로 안전하게 검색할 수 있도록 하는 등 5157건의 크고 작은 변화를 익시오에서 이뤄냈다”고 강조했다.기존 STT(음성→텍스트) → LLM(텍스트 추론) → TTS(텍스트→음성) 구조를 거치지 않고, 음성 자체를 그대로 AI가 이해하고 음성으로 응답할 수 있도록 설계한 것도 주목할 만하다.(왼쪽부터) 캐런 티오 구글 아시아 태평양 플랫폼·디바이스 파트너십 총괄(부사장)과 이상엽 LG유플러스 CTO(전무), 이재원 LG유플러스 Consumer부문장(부사장)이 익시오 AI 비서를 소개하고 있다. [사진=LG유플러스]이 과정에서 구글과의 기술 협력이 이뤄졌다. 이날 선보인 ‘익시오 AI 비서’에는 구글의 최신 LLM 모델인 ‘제미나이 2.5 플래시 라이브(Gemini 2.5 Flash Live)’가 활용됐다.제미나이 2.5 플래시 라이브 기반의 익시오 AI 비서는 초저지연 스트리밍 AI가 적용돼 대화 흐름을 끊지 않고 질문 의도를 파악해 답변을 제공할 수 있다. 또 구글 검색 기반 그라운딩 기능(Grounding with Google Search)과 결합, 생성형 모델의 이해력을 유지하면서도 실제 구글 검색 정보와 교차 검증을 거쳐 AI 검색의 정확도 및 신뢰도를 높였다.이진혁 ixi-O개발Task(상무)는 “오디오 데이터는 스트리밍 형태로 구글 제미나이(Gemini) 서버에 전송되며, 추론(인퍼런스)과 검색은 제미나이 API를 통해 처리된다”며 “온디바이스 STT 모델은 LG유플러스 앱 내에서 수행되며, 상대방 음성은 서버로 전송되지 않는다. 질문 시점에만 일시적으로 연결되는 구조”라고 설명했다.이어 “통화 중 검색 기능에는 보이스투보이스(Voice-to-Voice) 모델이 중요하다”며 “이 분야에서 제미나이 기술이 고객 경험 측면에서 가장 앞서 있다고 판단해 협력했다”고 덧붙였다.LG유플러스는 고객이 안심하고 익시오 AI 비서를 이용할 수 있도록 프라이버시 보호도 강화했다. 호출 전 통화 내용은 서버에 전송하지 않고, 호출 후 발화 내용만 AI 검색에 활용한다는 설명이다.이상엽 CTO는 “엔진 학습을 위해서는 고객 동의가 있을 때만 통화 데이터가 서버로 전송되며, 그 경우에도 민감 정보는 모두 비식별화 처리된다”며 “AI 비서의 경우 질문이 오가는 순간에만 통화 데이터가 일시적으로 서버에 전송되고 답변이 완료되면 즉시 삭제되는 구조로 운영된다. 연내에는 음성 통화 자체를 암호화해 저장하는 기능을 선보일 예정이다”고 말했다.LG유플러스는 올해 말까지 일부 고객을 대상으로 베타 서비스를 운영하며 발생한 피드백을 적용해 익시오 AI 비서의 기능을 고도화할 계획이다. 이후 내년 상반기 모든 익시오 이용 고객에 AI 비서 기능을 오픈한다는 방침이다. 현재로서 과금 계획은 없다는 입장이다.이재원 커스터머(Consumer)부문장(부사장)은 “성장률과 고객 만족도 모두 긍정적으로 평가된다”며 “고객 반응을 반영해 빠르게 업데이트할 계획이다”고 말했다.구글과의 협력도 확대한다. 구글과 번들 요금제를 준비 중이며 이달 중 출시를 목표로 하고 있다. 기존 요금제와 결합된 형태와 단독형 두 가지 버전으로 제공할 예정이며, 단순 번들이 아닌 구글 드라이브 등과 연동되는 형태의 서비스형 요금제로 기획될 전망이다.(왼쪽부터) 이진혁 ixi-O개발Task(상무), 이상엽 CTO(전무), 이재원 Consumer부문장(부사장), 최윤호 AI Agent추진그룹장(상무)이 기자들과 질의응답을 진행하고 있다. [사진=LG유플러스]향후 LG유플러스는 ‘익시오 AI 비서’를 시작으로 AI 전략을 맞춤 지능(Adaptive Intelligence) 중심으로 전환한다.이러한 맥락에서 구글 클라우드와의 협력을 기반으로 통화 중 언급된 일정·장소·예약 등을 바로 실행할 수 있는 ‘Actionable AI’로 기능을 확장할 계획이다. AI가 이해한 대화를 실제 행동으로 연결해 고객의 커뮤니케이션을 보다 편리하게 지원한다는 방침이다.최윤호 LG유플러스 AI에이전트추진그룹장은 “익시오 AI 비서를 고객 의도를 이해하고 필요한 행동까지 대신 수행하는 초개인화 AI 비서로 진화시킬 계획”이라며 “공항 도착에 맞춰 택시를 불러주거나 설명하지 않아도 딱 맞는 숙소를 제안하는 등 맞춤형 검색을 제공하는 수준을 넘어 고객을 이해하고 일상을 공유하는 AI로 성장할 것”이라고 말했다.캐런 티오(Karen Teo) 구글 아시아태평양 플랫폼·디바이스 파트너십 부사장은 “제미나이 API에 기반한 익시오 AI 비서는 사용자에게 직관적이고 유용한 대화형 AI 경험을 제공한다”며 “AI 시대 선도 기업으로 도약하려는 LG유플러스 비전은 매우 인상적이며 이 여정에 구글이 함께 할 수 있어 큰 자부심을 갖는다""고 말했다."
https://n.news.naver.com/mnews/article/032/0003408589?sid=101,2025-11-13 16:55:00,경제,“통화 중 ‘AI 비서’ 불러 물어보세요”…LGU+ ‘익시오 AI 비서’ 공개,"이상엽 LG유플러스 CTO(전무), 캐런 티오 구글 아시아 태평양 플랫폼·디바이스 파트너십 총괄(부사장), 이재원 LG유플러스 Consumer부문장(부사장·사진 왼쪽부터)이 익시오 AI 비서를 소개하고 있다. LG유플러스 제공LG유플러스가 인공지능(AI)이 통화 중 정보 검색 등을 지원하는 ‘익시오 AI 비서’를 공개했다.LG유플러스는 13일 서울 종로구에서 기자간담회를 열고 구글 클라우드와 공동 개발한 ‘익시오 AI 비서’를 선보이며 “고객 맞춤형 AI 시대를 열겠다”고 밝혔다. 익시오는 LG유플러스가 지난해 11월 출시한 통화 보조 애플리케이션(앱)으로, 통화 녹음·요약, 대신 받기 등의 기능을 제공한다. 이번에 공개된 ‘익시오 AI 비서’는 ‘통화 비서’로서의 기능을 한 단계 확장했다.이날 공개된 익시오 AI 비서는 통화 중 대화 맥락을 이해하고 필요한 정보를 즉시 제공하는 것이 핵심이다. 예를 들어 친구와 통화하며 주말 일정을 논의할 때 “헤이 익시, 이번 주말 날씨 어때?”라고 물으면, AI가 검색을 통해 관련 정보를 찾아 음성으로 안내한다. 사용자는 통화 연결 상태에서 바로 AI를 호출할 수 있으며, 검색 결과는 음성과 텍스트 형태로 제공돼 통화 상대에게도 즉시 공유할 수 있다.LG유플러스에 따르면 통화 중 검색을 하거나 다른 앱을 여는 이용자는 하루 평균 135만명에 달한다. 회사 측은 익시오 AI 비서가 이러한 이용 행태를 반영해 통화 중 정보 검색과 공유의 편의성을 높일 것으로 기대하고 있다.익시오 AI 비서는 구글의 ‘제미나이 2.5 플래시 라이브’를 기반으로 구현됐다. 이상엽 LG유플러스 최고기술책임자(CTO)는 “기존 거대언어모델(LLM)을 활용하면 AI 호출부터 정보 제공까지 최소 8초 이상 걸렸지만, ‘보이스 투 보이스’ 모델을 세계 최초 수준으로 적용해 이를 약 3초로 단축했다”고 말했다.LG유플러스는 프라이버시 보호 기능도 강화했다고 밝혔다. 온디바이스 기반 음성 인식 기술을 적용해 익시오 호출 전 통화 내용은 서버로 전송하지 않고, 호출 이후의 발화 내용만 AI 검색에 활용하는 방식이다.익시오 AI 비서는 올해 말까지 일부 고객을 대상으로 베타 서비스 형태로 제공되며, 이용자 의견을 반영해 기능을 고도화한 뒤 내년 상반기 모든 익시오 이용 고객에게 확대 적용할 예정이다. LG유플러스는 향후 구글과 협력해 통화 중 언급된 예약 등을 바로 실행할 수 있는 기능도 추가할 계획이다."
https://n.news.naver.com/mnews/article/015/0005211160?sid=105,2025-11-13 18:00:11,IT/과학,"LGU+, 구글 손잡고 익시오 AI 비서 공개","LG유플러스가 구글과 손잡고 개발한 ‘익시오(ixi-O) 인공지능(AI) 비서’를 13일 공개했다. 익시오 AI 비서는 통화 중 대화 맥락을 실시간으로 파악해 필요한 정보를 즉시 제공한다. 고객이 통화 중 ‘헤이, 익시’라고 부르거나 호출 버튼을 누르면 AI가 통화에 참여해 정보를 찾고 결과를 공유한다. 가령 친구와 통화로 주말 계획을 세우다가 “헤이 익시, 이번 주말 날씨가 어떻게 돼?”라고 질문하면 AI가 정보를 찾아 결과를 음성으로 알려주는 식이다.회사는 고객이 안심하고 쓸 수 있도록 정보 보호를 한층 강화했다고 강조했다. 익시오 AI 비서는 온디바이스 기반 음성인식(STT) 기술을 적용해 호출 전 통화 내용은 서버에 전송하지 않고 호출했을 때의 내용만 AI 검색에 활용한다. LG유플러스는 올해 말까지 일부 고객을 대상으로 베타 서비스를 운영하며 서비스 기능을 고도화할 계획이다. 내년 상반기부터는 모든 익시오 이용 고객에게 AI 비서 기능을 제공한다.익시오 AI 비서는 구글 클라우드와의 협업으로 개발됐다. 구글의 최신 대규모언어모델(LLM)인 ‘제미나이 2.5 플래시 라이브’를 활용해 대화 흐름이 끊기지 않고 질문 의도를 파악해 답변하도록 했다."
https://n.news.naver.com/mnews/article/014/0005434189?sid=105,2025-11-13 18:29:12,IT/과학,"""헤이, 익시"" 부르자 통화 중 꿀팁 술술… 대화형 AI 비서 뜬다","LGU+ '익시오 2.0' 내년 출시전화 끊지않고 대화에 AI 참여날씨·장소 등 일정 계획 세워줘제미나이 V2V 국내 최초 적용행동 연결 액셔너블 AI로 진화최윤호 LG유플러스 AI 에이전트 추진그룹장(상무)이 13일 서울 종로구에서 열린 기자간담회에서 '익시오 AI 비서' 기능을 소개하고 있다. 사진=최혜림 기자#.""헤이, 익시. 이번주 토요일 인왕산 날씨좀 알려줘"". 최윤호 LG유플러스 AI 에이전트 추진그룹장이 통화중 이렇게 말하자 LG유플러스의 인공지능(AI) 비서 '익시오'가 끼어들었다. 익시오는 최 그룹장의 말에 ""토요일 인왕산 날씨는 맑고 최저 4도, 최고 14도일 것으로 예상됩니다. 강수 확률은 10%입니다""라고 답했다. PC나 스마트폰에서 쓰는 AI비서를 통화중 호출해 이용한 셈이다. LG유플러스는 향후 통화중 음성요청만으로 택시를 호출하는 등 작업을 수행하는 AI서비스까지 발전시킬 예정이다.LG유플러스는 13일 서울 종로구에서 기자간담회를 열고 구글 클라우드와 함께 개발한 '익시오(ixi-O) AI 비서'를 공개했다.최윤호 LG유플러스 AI 에이전트 추진그룹장(상무)은 ""익시오 AI 비서를 사용하면 '헤이, 익시' 한마디로 통화중에 검색 앱을 따로 켜지 않고도 필요한 모든 정보를 얻을 수 있다""고 강조했다.내년 상반기 선보일 익시오 AI 비서는 LG 유플러스가 구글 클라우드와 협업해 만든 익시오 2.0 서비스다. '헤이, 익시'라고 부르거나 호출 버튼을 누르면 AI가 통화에 참여해 필요한 정보를 즉시 제공한다. 최 그룹장은 ""통화를 하던 도중 화면을 나가 검색 어플을 실행하는 하루 이용자 수가 135만명""이라며 ""대화 맥락이 끊기는 불편함을 익시오 AI 비서가 해소할 것""이라고 설명했다. 최 그룹장은 직접 통화중 익시오 AI 비서를 호출하는 시연을 했다.그가 통화중 ""경복궁역에서 인왕산 정상까지 얼마나 걸리냐""고 묻자 익시오는 ""1시간에서 1시간 30분가량 소요된다""고 말했다. 최 그룹장은 이를 활용해 통화 상대방에게 ""오전 9시에 만나 경복궁역에서 출발해 인왕산을 들렀다 12시까지 돌아오자""며 계획을 세울 수 있었다.익시오 2.0에는 구글의 대규모 언어 모델(LLM) '제미나이 2.5 플래시 라이브'를 기반으로 한다. 이상엽 LG유플러스 최고기술책임자(CTO)는 ""제미나이 플래시 라이브를 바탕으로 국내 최초로 '텍스트 변경 없는 음성출력(V2V)' 모델을 적용했다""며 ""다른 AI는 음성 요청을 텍스트로 바꿔 이해하고 음성으로 응답하는데 8초 이상이 걸리지만 V2V 모델은 음성 요청을 받은후 다시 목소리로 제공하기 때문에 3초밖에 걸리지 않는다""고 설명했다.이 CTO는 개인정보가 침해 우려도 적다고 강조했다. 그는 ""사용자의 음성 요청은 온디바이스 기반 음성인식 기술을 적용하기 때문에 클라우드에 저장되지 않고 스마트폰 내부에서 처리된다""면서 ""호출 전 통화 내용은 서버에 전송하지 않고 호출 후 발화 내용만 AI 검색에 활용한다""고 강조했다.AI에게 질문하는 내용만 서버에 올라가고, 답변이 끝나는 순간 질문 내용은 즉시 삭제된다는 것이다.앞으로 LG유플러스는 AI가 이해한 대화를 실제 행동으로 연결하는 '액셔너블 AI', 즉 익시오 3.0으로 서비스를 확장할 계획이다. 통화 중 이용자가 공항에 도착하는 시간을 AI가 파악하고 택시를 미리 호출하거나 취향에 맞는 여행지 숙소 정보를 제공하는 등의 방식이다. 이 CTO는 ""사용자 요청을 실행으로 옮기는 에이전트 빌더 기술을 통해 '나를 누구보다 잘 아는 비서' 서비스로 진화할 것""이라고 포부를 밝혔다."
https://n.news.naver.com/mnews/article/081/0003591552?sid=101,2025-11-13 21:33:12,경제,"“헤이, 익시” LG U+, 통화 에이전트 ‘익시오 AI 비서’ 공개","LGU+, ‘익시오 AI 비서’ - 13일 서울 중구 센트로폴리스에서 열린 LG유플러스의 ‘익시오 AI 비서’ 공개 행사에서 모델들이 ‘익시오 AI 비서’를 소개하고 있다. 연합뉴스“헤이, 익시”호출어 한마디로 통화 중에도 실시간 정보 검색이 가능한 새로운 인공지능(AI) 비서 시대가 열렸다. LG유플러스는 13일 기자간담회를 열고 차세대 AI 전략인 ‘맞춤 지능’의 청사진과 핵심 서비스인 통화 에이전트 ‘익시오(ixi-O) AI 비서’ 기능을 공개했다. 스마트폰 전화앱에 최신 거대언어모델(LLM) 제미나이를 탑재한 것은 국내 이동통신사로서는 처음이다.익시오 AI 비서는 통화 중 질문을 받으면 즉시 날씨, 장소 등 필요한 정보를 검색하고 그 결과를 음성과 텍스트로 통화 상대방에게도 공유한다. 통화 흐름을 끊지 않고 평소 대화하듯 질문하고 답을 얻는 건 익시오 AI 비서가 처음이다. 사생활 보호를 위해 AI 호출 전까지 대화 내용은 서버에 전송되지 않고, 모든 데이터 처리는 고객의 휴대폰 안에서만 이루어지는(온디바이스) 기술을 적용했다.이러한 서비스를 가능하게 만든 건 구글 클라우드와의 전략적 협력이다. LG유플러스는 통화 중 즉시 질문을 이해하고 음성으로 답하는 데 적합한 ‘제미나이 2.5 플래시 라이브’ 모델을 선택했다. 이상엽 최고기술책임자(CTO)는 “기존 LLM 사용 시 8초 이상이 소요됐지만, 보이스 투 보이스 모델 적용으로 3초로 단축했다”고 설명했다.LG유플러스는 내년 상반기에 모든 고객을 대상으로 AI 비서 기능을 정식으로 제공할 계획이다. 현재 100만명인 익시오의 고객 수를 내년에 300만명 이상 확보하는 게 목표다. 향후 통화 중 언급된 일정·예약 등을 바로 실행할 수 있는 ‘활동 가능 AI’(액셔너블 AI)로 기능을 확장할 계획이다."
https://n.news.naver.com/mnews/article/008/0005278024?sid=105,2025-11-14 04:29:00,IT/과학,"통화중 궁금증 ""헤이 익시"" 불러만 주세요","LGU+ '익시오 AI 비서' 공개[서울=뉴시스] 박주성 기자 = 13일 서울 종로구 센트로폴리스에서 LG유플러스가 안심할 수 있는 AI를 기반으로 고객의 편의를 증진하는 서비스인 '익시오(ixi-O) AI 비서'를 공개해 모델들이 익시오 AI 비서를 소개하고 있다. 2025.11.13. park7691@newsis.com /사진=LG유플러스가 고객의 통화상황을 실시간 이해하고 필요한 정보를 즉시 제공하는 차세대 AI(인공지능) 서비스 '익시오(ixi-O) AI 비서'를 공개했다. 구글 클라우드의 최신 생성형 모델을 기반으로 한 이 서비스는 고객 맞춤형 AI 경험을 제공하고 LG유플러스 '맞춤 지능' 전략의 핵심요소로 자리잡게 된다.LG유플러스는 13일 기자간담회를 열어 차세대 AI 전략과 '익시오 AI 비서'를 소개했다. 전날 출시한 '익시오 AI 비서'는 통화 중에 ""헤이, 익시""라고 호출하면 AI가 즉시 대화에 참여해 대화의 맥락을 분석하고 필요한 정보를 검색, 제공한다.예를 들어 통화 중 주말일정에 대해 이야기하다 ""주말날씨가 어떻게 돼""라고 물으면 AI가 검색해 음성으로 결과를 알려주며 통화 상대방도 해당 정보를 동시에 들을 수 있다. LG유플러스는 AI 호출과 정보검색, 핵심요약, 음성·텍스트 동시제공, 상대방과 정보공유까지 과정을 통화흐름을 방해하지 않도록 최적화했다.최윤호 LG유플러스 AI에이전트추진그룹장(상무)은 ""통화 중 통화를 이탈하지 않고 검색할 수 있는 것은 LG유플러스가 세계 최초라 해도 과언이 아니다""라며 ""우리 서비스의 가장 큰 차별점""이라고 강조했다.프라이버시 보호를 위해 온디바이스 기반 STT(음성텍스트 변화)도 적용했다. AI 호출 전에는 통화내용이 서버로 전송되지 않으며 호출 후 발화된 내용만 검색에 사용된다. LG유플러스는 '익시오 AI 비서'의 테스트 고객을 대상으로 연말까지 베타서비스를 진행한다. 이를 통해 기능을 고도화하고 내년 상반기에 모든 고객에게 서비스를 제공할 예정이다.이번 서비스는 구글의 최신 LLM(거대언어모델) '제미나이 2.5 플레시 라이브'를 기반으로 개발됐다. 초저지연 스트리밍 AI기술 덕분에 통화 중 흐름을 끊지 않고 실시간 응답이 가능하며 '구글 검색 기반 그라운딩' 기술이 적용돼 생성형 AI의 이해력에 실제 검색정보를 결합함으로써 정확성과 신뢰도를 높였다.LG유플러스는 자체개발한 온디바이스 모델과 제미나이의 문맥이해 기능을 결합해 통화요약, 해야 할 일 정리, 감정분석을 통한 커뮤니케이션 팁 제공 등 확장기능도 구현했다. 통화 중 언급된 일정·장소·예약 등을 바로 실행할 수 있는 '액셔너블 AI'로 기능을 확장할 계획이다.LG유플러스는 '익시오 2.0'을 통해 AI가 '나를 지켜주는 기술'을 넘어 '나를 대신하는 기술'로 진화한다고 설명했다. 익시오는 출시 후 통화녹음·요약, 보이는 전화, AI 전화 대신 받기 등의 기능으로 약 100만명의 이용자를 확보했다. 이번 업데이트로 실시간 정보제공과 맞춤형 대화요약 기능을 더해 더욱 편리한 AI 경험을 제공하게 됐다.익시오 수익화와 관련, 이재원 LG유플러스 컨슈머부문장(부사장)은 ""보안이나 고객신뢰에 대한 서비스는 별도 과금할 생각이 없다""며 ""다만 고객의 편의성이나 생산성에 대해서는 어떻게 과금모델을 만들고 수익화할까 고민하고 있다""고 말했다. 그러면서 ""우선 집중해야 할 것은 고객이 서비스를 잘 이용하고 진짜 필요하다고 느낄 수 있게 하는 것""이라고 덧붙였다.이재원 LG유플러스 컨슈머부문장(부사장)이 13일 기자간담회에서 AI 인텔리전스 전략에 대해 소개하고 있다. /사진=LG유플러스"
https://n.news.naver.com/mnews/article/469/0000897505?sid=101,2025-11-14 05:00:06,경제,[New & Good]LGU+의 AI 비서는 통화 중에 실시간으로 말한다,"LG유플러스 음성기반 AI '익시오 AI 비서' 공개구글 클라우드와 손잡고 고객 맞춤형 AI 선보여세계 최초로 실시간 통화 안에서 AI 비서 사용캐런 티오(왼쪽부터) 구글 아시아태평양 플랫폼·디바이스 파트너십 총괄 부사장과 이재원 LG유플러스 컨슈머부문장 부사장, 이상엽 LG유플러스 최고기술책임자(CTO)가 익시오 AI 비서를 소개하고 있다. LG유플러스 제공LG유플러스가 구글 클라우드와 손잡고 고객 맞춤형 음성 기반 인공지능(AI) '익시오 AI 비서'를 공개했다. 통화 맥락 실시간 이해와 정보 검색, 요약 등 모든 AI 처리가 자연스럽게 실시간 통화 안에서 이루어지는 세계 최초 서비스다.LG유플러스는 13일 서울 종로구 센트로폴리스에서 기자간담회를 열고 새로운 AI 전략 '맞춤 지능'과 핵심 서비스 '익시오 AI 비서'를 공개했다. 이날 공개된익시오 AI 비서는 통화 화면을 다른 화면으로 바꿔 검색한 뒤 정보를 공유하는 방식과 달리 통화 중 '헤이 익시'라고 부르거나 호출 버튼을 누르면 AI가 통화에 실시간으로 참여해 정보를 찾고 결과를 공유하는 기능을 핵심으로한다. 호출 후 궁금한 사항을 질문하면 음성으로 답변이 나오며 검색 결과는 통화 상대방에게도 들린다. 이재원 컨슈머부문장 부사장은 ""LG유플러스는 익시오 성장을 발판 삼아AI가 고객의 맥락을 이해하고 상황에 맞게 반응하는 '어댑티브 인텔리전스(맞춤 지능)'로 진화하고자 한다""며 ""고객이 일상에서 차별화된 AI 경험을 누릴 수 있도록 구글과 협력했다""고 밝혔다.LG유플러스는 구글 클라우드와의 기술 협력을 통해 AI 기술을 한 단계 끌어올렸다.익시오 AI 비서에는 구글의 최신 대규모언어모델(LLM) '제미나이 2.5 플래시 라이브'가 들어있다. 음성을 바로 음성으로 처리하는 '보이스 투 보이스' 모델도 국내 최초로 쓰여 기존 LLM 대비 응답 속도를 3초 수준으로 줄였다. 이상엽 최고기술책임자(CTO)는""고객의 대화 내용을 안전한 자연어 검색 기술을 바탕으로 검색하는 기능은 국내 최초일 것""이라고 했다. 그는 ""LLM 모델을 쓰면 8초 이상의 시간이 필요하다""며 ""이 경우 지연 시간이 너무 길다고 판단, 음성을 텍스트로 바꾸고 의도를 분석한 뒤 다시 이를 음성으로 바꾸는 게 아닌음성을 바로 음성으로 바꿀 수 있는 모델을 구글과 구현했다""고 설명했다.구글과 손잡고 궁금증 해결 넘어 '액셔너블 AI' 도입도 추진이재원 LG유플러스 컨슈머r부문장 부사장이 13일 서울 종로구 센트로폴리스에서 열린 기자간담회에서 LG유플러스의 AI 전략에 대해 소개하고 있다. LG유플러스 제공LG유플러스와 구글은 단순 궁금증 해결을 넘어 통화 중 언급한 일정·장소·예약까지 실시간으로 자동 진행하는 '액셔너블 AI' 기능 도입도 공동 추진한다. 최윤호 LG유플러스 AI에이전트추진그룹장은 ""익시오 AI 비서는 통화 중 궁금한 정보를 빠르게 찾아주는 수준의 단계로 앞으론 고객 의도를 이해하고 필요한 행동까지 대신 수행하는 초개인화 AI 비서로 진화할 계획""이라며""공항 도착에 맞춰 택시를 불러주거나 설명하지 않아도 딱 맞는 숙소를 제안하는 등 맞춤형 검색을 제공하는 수준을 넘어 고객을 이해하고 일상을 공유하는 AI로 성장할 것""이라고 말했다.캐런 티오 구글 아시아태평양 플랫폼·디바이스 파트너십 부사장은 ""제미나이 API에 기반한 익시오 AI 비서는 사용자에게 직관적이고 유용한 대화형 AI 경험을 제공한다. 사람들의 생산성과 창의성을 얼마나 확장시킬지 기대가 크다""며 ""AI 시대 선도 기업으로 도약하려는 LG유플러스 비전은 매우 인상적이며 이 여정에 구글이 함께할 수 있어 큰 자부심을 갖는다""고 말했다."
https://n.news.naver.com/mnews/article/081/0003591601?sid=105,2025-11-14 05:03:33,IT/과학,"“헤이, 익시”… 이젠 통화 중 AI 검색 시대","LGU+ ‘익시오 AI 비서’ 기능 공개13일 서울 종로구 센트로폴리스에서 열린 LG유플러스의 ‘익시오(ixi-O) AI 비서’ 공개 행사에서 모델들이 스마트폰을 들어보이며 해당 서비스를 소개하고 있다. 연합뉴스“헤이, 익시”호출어 한마디로 통화 중에도 실시간 정보 검색이 가능한 새로운 인공지능(AI) 비서 시대가 열렸다. LG유플러스는 13일 기자간담회를 열고 차세대 AI 전략인 ‘맞춤 지능’의 청사진과 핵심 서비스인 통화 에이전트 ‘익시오(ixi-O) AI 비서’ 기능을 공개했다. 스마트폰 전화앱에 최신 거대언어모델(LLM) 제미나이를 탑재한 것은 국내 이동통신사로서는 처음이다.익시오 AI 비서는 통화 중 질문을 받으면 즉시 날씨, 장소 등 필요한 정보를 검색하고 그 결과를 음성과 텍스트로 통화 상대방에게도 공유한다. 통화 흐름을 끊지 않고 평소 대화하듯 질문하고 답을 얻는 건 익시오 AI 비서가 처음이다. 사생활 보호를 위해 AI 호출 전까지 대화 내용은 서버에 전송되지 않고, 모든 데이터 처리는 고객의 휴대폰 안에서만 이루어지는(온디바이스) 기술을 적용했다.이러한 서비스를 가능하게 만든 건 구글 클라우드와의 전략적 협력이다. LG유플러스는 통화 중 즉시 질문을 이해하고 음성으로 답하는 데 적합한 ‘제미나이 2.5 플래시 라이브’ 모델을 선택했다. 이상엽 최고기술책임자(CTO)는 “기존 LLM 사용 시 8초 이상이 소요됐지만, 보이스 투 보이스 모델 적용으로 3초로 단축했다”고 설명했다.LG유플러스는 내년 상반기에 모든 고객을 대상으로 AI 비서 기능을 정식으로 제공할 계획이다. 현재 100만명인 익시오의 고객 수를 내년에 300만명 이상 확보하는 게 목표다. 향후 통화 중 언급된 일정·예약 등을 바로 실행할 수 있는 ‘활동 가능 AI’(액셔너블 AI)로 기능을 확장할 계획이다."
https://n.news.naver.com/mnews/article/003/0013600027?sid=105,2025-11-14 09:00:00,IT/과학,"""통신사 상관 없이 '익시오' 쓴다""…LGU+, AI 통화앱 체험단 5000명 모집","U+ 공식 온라인스토어에서 통신사 상관 없이 신청이심 비용·통신비 전액 환급…신규 AI 기능도 이용[서울=뉴시스]박은비 기자 = LG유플러스는 인공지능(AI) 통화앱 '익시오(ixi-O)'를 알리기 위해 체험단 5000명을 모집한다고 14일 밝혔다.사용 중인 통신사와 관계 없이 신청할 수 있으며, 참여 고객은 익시오가 제공하는 통화 요약, 보이스피싱 탐지, 안티딥보이스 등 차별화된 기능을 체험할 수 있다.LG유플러스는 자사 고객뿐만 아니라 타사 고객도 익시오가 제공하는 다양한 기능을 이용해볼 수 있도록 이번 프로그램을 기획했다. 참여를 원하는 고객은 이달 21일까지 U+공식 온라인스토어 내 전용 페이지에서 이심(eSIM)을 구매·개통하면 된다.체험단 참여 고객은 '너겟35 요금제' 비용과 이심 비용 전액을 네이버페이로 환급받아 비용 부담 없이 이용할 수 있다. 너겟35 요금제는 LG유플러스의 무약정 5G 온라인 전용 요금제 중 하나로 한 달에 3만5000원씩 데이터 17GB(모두 소진시 최대 1Mbps)를 제공하는 요금제다.이심 개통 후 익시오를 내려받아 자유롭게 활용하면 된다. 익시오는 실시간 보이스피싱 탐지, 보이는 전화, 전화 대신 받기, 통화 녹음 및 요약 등 다양한 기능을 제공하는 LG유플러스 통화앱이다. 위·변조된 목소리를 판별해 보이스피싱 피해를 예방하는 안티딥보이스 기능도 탑재돼 있다.또한 체험단 참여 고객을 대상으로 내년 중 출시하는 익시오의 신규 AI 기능 'AI 비서'도 먼저 사용해볼 수 있게 했다. 고객이 통화 중 궁금한 내용을 질문하면 통화 중 맥락을 실시간으로 이해한 AI가 검색 결과를 음성으로 알려주는 기능이다.LG유플러스는 이번 체험단 모집을 시작으로 보다 다양한 고객들에게 자사 서비스 체험 기회를 제공해 고객 접점을 확대할 계획이다. 김탁형 LG유플러스 디지털트라이브장(상무)은 ""앞으로도 차별화된 고객 경험을 제공하기 위해 다양한 프로그램을 지속 선보일 것""이라고 말했다．"
https://n.news.naver.com/mnews/article/119/0003025015?sid=105,2025-11-14 09:01:14,IT/과학,"LG유플러스, ‘익시오’ eSIM 체험단 5000명 운영","eSIM 비용·통신비 전액 환급…U+공식온라인스토어서 통신사 관계없이 신청LG유플러스 직원이 익시오를 소개하는 모습.ⓒLG유플러스[데일리안 = 조인영 기자] LG유플러스는 AI 통화앱인 ‘익시오(ixi-O)’를 알리기 위해 5000명을 대상으로 체험단을 운영한다고 14일 밝혔다.사용 중인 통신사와 관계없이 신청할 수 있으며, 참여 고객은 익시오가 제공하는 통화 요약, 보이스피싱 탐지, 안티딥보이스 등 차별화된 기능을 직접 체험할 수 있다.LG유플러스는 자사 고객뿐만 아니라 타사 고객도 익시오가 제공하는 다양한 기능을 이용해 볼 수 있도록 이번 체험단 프로그램을 기획했다. 참여를 원하는 고객은 이달 21일까지 LG유플러스 공식 홈페이지 U+공식온라인스토어 내 전용 페이지에서 eSIM을 구매·개통하면 된다.eSIM은 이달 27일까지 이용할 수 있고, 고객은 ‘너겟35 요금제’ 비용과 eSIM 비용 전액을 네이버페이로 환급받아 비용 부담 없이 이용할 수 있다.너겟35 요금제는 LG U+의 무약정 5G 온라인 전용 요금제 중 하나로, 한달 3만5000원에 데이터 17GB(모두 소진 시 최대 1Mbps)를 제공하는 요금제다.체험단 참여 고객은 eSIM 개통 후 LG유플러스의 AI 통화앱 ‘익시오’를 내려받아 자유롭게 활용할 수 있다. 익시오는 실시간 보이스피싱 탐지, 보이는 전화, 전화 대신 받기, 통화 녹음 및 요약 등 다양한 기능을 제공하는 LG유플러스의 통화앱으로, 위·변조된 목소리를 판별해 보이스피싱 피해를 예방하는 ‘안티딥보이스’ 기능도 탑재돼 있다.LG유플러스 체험단 참여 고객을 대상으로 내년 중 출시 예정인 익시오의 신규 AI 기능도 먼저 사용해 볼 수 있도록 했다. 고객이 통화 중 궁금한 내용을 질문하면, 통화 중 맥락을 실시간으로 이해한 AI가 검색 결과를 음성으로 알려주는 방식이다.LG유플러스는 익시오 기능을 체험하고 후기 제출 링크에 후기를 업로드한 고객들에게 공식 활동 수료증과 함께 스타벅스 달콤한 가나슈세트 기프티콘이 증정된다. 또한 우수 후기 작성 고객 50명에게는 에어팟4 ANC가 제공된다.김탁형 LG유플러스 디지털트라이브장(상무)은 “이번 eSIM 체험단 모집을 통해 AI 통화앱 ‘익시오’를 포함한 다양한 서비스를 보다 많은 고객들이 체험할 수 있도록 할 것”이라며 “앞으로도 차별화된 고객 경험을 제공하기 위해 다양한 프로그램을 지속 선보일 것”이라고 말했다."
https://n.news.naver.com/mnews/article/016/0002557630?sid=105,2025-11-14 09:03:08,IT/과학,"“통신사 관계없이 누구나”…LGU+, AI 통화앱 ‘익시오’ 체험단 5000명 모집","eSIM·통신비 전액 환급…온라인스토어 신청보이스피싱 탐지·통화 요약·AI 비서 기능 제공우수 고객에 에어팟4 ANC 등 증정LG유플러스 직원이 익시오를 소개하는 모습. [LG유플러스 제공][헤럴드경제=권제인 기자] LG유플러스가 인공지능(AI) 통화앱인 ‘익시오(ixi-O)’를 알리기 위해 5000명을 대상으로 체험단을 운영한다고 14일 밝혔다. 사용 중인 통신사와 관계없이 신청할 수 있으며, 참여 고객은 익시오가 제공하는 통화 요약, 보이스피싱 탐지, 안티딥보이스 등 차별화된 기능을 직접 체험할 수 있다.LG유플러스는 자사 고객뿐만 아니라 타사 고객도 익시오를 이용해 볼 수 있도록 이번 체험단 프로그램을 기획했다. 참여를 원하는 고객은 오는 21일까지 LG유플러스 공식 홈페이지 U+공식온라인스토어 내 전용 페이지에서 이심(eSIM)을 구매·개통하면 된다. eSIM은 이달 27일까지 이용할 수 있고, 고객은 ‘너겟35 요금제’* 비용과 eSIM 비용 전액을 네이버페이로 환급받을 수 있다.체험단 참여 고객은 eSIM 개통 후 LG유플러스의 AI 통화앱 ‘익시오’를 내려받아 자유롭게 활용할 수 있다. 익시오는 실시간 보이스피싱 탐지, 보이는 전화, 전화 대신 받기, 통화 녹음 및 요약 등 다양한 기능을 제공하는 LG유플러스의 통화앱으로, 위·변조된 목소리를 판별해 보이스피싱 피해를 예방하는 ‘안티딥보이스’ 기능도 탑재돼 있다.LG유플러스 직원이 익시오를 소개하는 모습. [LG유플러스 제공]또한 LG유플러스 체험단 참여 고객을 대상으로 내년 중 출시 예정인 익시오의 신규 AI 기능도 먼저 사용해 볼 수 있도록 했다. 고객이 통화 중 궁금한 내용을 질문하면, 통화 중 맥락을 실시간으로 이해한 AI가 검색 결과를 음성으로 알려주는 방식이다.LG유플러스는 익시오 기능을 체험하고 후기 제출 링크에 후기를 업로드한 고객들에게 공식 활동 수료증과 함께 스타벅스 달콤한 가나슈세트 기프티콘이 증정된다. 또한 우수 후기 작성 고객 50명에게는 에어팟4 ANC가 제공된다.LG유플러스는 이번 체험단 모집을 시작으로 자사 서비스 체험 기회를 보다 다양한 고객들에게 제공함으로써 고객 접점을 확대할 계획이다.김탁형 LG유플러스 디지털트라이브장(상무)은 “이번 eSIM 체험단 모집을 통해 AI 통화앱 ‘익시오’를 포함한 다양한 서비스를 보다 많은 고객들이 체험할 수 있도록 할 것”이라며 “앞으로도 차별화된 고객 경험을 제공하기 위해 다양한 프로그램을 지속 선보이겠다”고 말했다."
https://n.news.naver.com/mnews/article/422/0000801500?sid=105,2025-11-14 09:05:12,IT/과학,"LG U+, AI 통화앱 ‘익시오 체험단’ 5천명 모집","LG U+, AI 통화앱 ‘익시오(ixi-O) 체험단’ 5천명 모집 [LG U+ 제공]LG유플러스가 AI 통화앱 ‘익시오’를 알리기 위해 이달 21일까지 5천명 규모의 체험단을 모집합니다. 이번 프로그램은 통신사와 관계없이 신청할 수 있어 이용자 접근성이 확대됩니다.체험을 원하는 고객은 LG유플러스 공식 온라인스토어 전용 페이지에서 eSIM을 구매·개통하면 됩니다. eSIM은 이달 27일까지 사용할 수 있으며, 너겟35 요금제 이용료 3만5천원과 eSIM 비용 전액은 네이버페이로 환급됩니다. 너겟35 요금제는 월 17GB를 제공하는 무약정 5G 온라인 전용 요금제입니다.참여 고객은 eSIM 개통 후 익시오 앱을 내려받아 보이스피싱 탐지, 보이는 전화, 통화 녹음·요약, 안티딥보이스 등 기능을 이용할 수 있습니다. 위·변조 음성을 판별하는 보안 기능을 통해 통화 안전성을 높일 수 있습니다.LG유플러스는 체험단에게 내년 출시 예정인 신규 AI 기능도 선제적으로 제공합니다. 통화 중 질문 시 AI가 대화 맥락을 분석해 검색 결과를 음성으로 안내하는 방식입니다.체험단이 기능을 사용한 뒤 후기를 제출하면 수료증과 함께 음료 기프티콘이 제공되며, 우수 후기 작성자 50명에게는 에어팟4 ANC가 지급됩니다.LG유플러스는 이번 모집을 통해 비(非)고객까지 체험 범위를 넓혀 서비스 접점을 확대할 계획입니다.김탁형 LG유플러스 디지털트라이브장(상무)은 “이번 eSIM 체험단 모집을 통해 AI 통화앱 ‘익시오’를 포함한 다양한 서비스를 보다 많은 고객들이 체험할 수 있도록 할 것”이라며 “앞으로도 차별화된 고객 경험을 제공하기 위해 다양한 프로그램을 지속 선보일 것”이라고 말했습니다.#LG유플러스 #AI #익시오연합뉴스TV 기사문의 및 제보 : 카톡/라인 jebo23"
https://n.news.naver.com/mnews/article/011/0004555768?sid=105,2025-11-14 09:07:09,IT/과학,"“통신사 관계없이 누구나 환영”…LG U+, AI 통화앱 ‘익시오 체험단’ 모집","eSIM 비용·통신비 전액 환급공식온라인스토어서 신청LG유플러스 직원이 익시오를 소개하고 있다. 사진제공=LG유플러스[서울경제]LG유플러스(032640)가 인공지능(AI) 통화앱인 ‘익시오(ixi-O)’를 알리기 위해 5000명을 대상으로 체험단을 운영한다고 14일 밝혔다. 사용 중인 통신사와 관계없이 신청할 수 있으며, 참여 고객은 익시오가 제공하는 통화 요약, 보이스피싱 탐지, 안티딥보이스 등 차별화된 기능을 직접 체험할 수 있다.LG유플러스는 자사 고객뿐만 아니라 타사 고객도 익시오가 제공하는 다양한 기능을 이용해 볼 수 있도록 이번 체험단 프로그램을 기획했다. 참여를 원하는 고객은 이달 21일까지 LG유플러스 공식 홈페이지 U+공식온라인스토어 내 전용 페이지에서 eSIM을 구매·개통하면 된다. eSIM은 이달 27일까지 이용할 수 있으며 고객은 ‘너겟35 요금제’ 비용과 eSIM 비용 전액을 네이버페이로 환급받아 비용 부담 없이 이용할 수 있다.체험단 참여 고객은 eSIM 개통 후 LG유플러스의 AI 통화앱 ‘익시오’를 내려받아 자유롭게 활용할 수 있다. 익시오는 실시간 보이스피싱 탐지, 보이는 전화, 전화 대신 받기, 통화 녹음 및 요약 등 다양한 기능을 제공하는 LG유플러스의 통화앱으로, 위·변조된 목소리를 판별해 보이스피싱 피해를 예방하는 ‘안티딥보이스’ 기능도 탑재돼 있다.또한 LG유플러스 체험단 참여 고객을 대상으로 내년 중 출시 예정인 익시오의 신규 AI 기능도 먼저 사용해 볼 수 있도록 했다. 고객이 통화 중 궁금한 내용을 질문하면 통화 중 맥락을 실시간으로 이해한 AI가 검색 결과를 음성으로 알려주는 방식이다. LG유플러스는 익시오 기능을 체험하고 후기 제출 링크에 후기를 업로드한 고객들에게 공식 활동 수료증과 함께 스타벅스 달콤한 가나슈세트 기프티콘을 증정한다. 또한 우수 후기 작성 고객 50명에게는 에어팟4 ANC를 제공한다.김탁형 LG유플러스 디지털트라이브장(상무)은 “이번 eSIM 체험단 모집을 통해 AI 통화앱 ‘익시오’를 포함한 다양한 서비스를 보다 많은 고객들이 체험할 수 있도록 할 것”이라며 “앞으로도 차별화된 고객 경험을 제공하기 위해 다양한 프로그램을 지속 선보일 것”이라고 말했다."
https://n.news.naver.com/mnews/article/144/0001079953?sid=105,2025-11-14 09:20:17,IT/과학,"LG U+, AI 통화앱 ‘익시오(ixi-O) 체험단’ 5천명 모집","LG유플러스가 AI 통화앱인 ‘익시오(ixi-O)’를 알리기 위해 체험단 5000명을 모집한다.사용 중인 통신사와 관계없이 신청할 수 있으며, 참여 고객은 익시오가 제공하는 통화 요약, 보이스피싱 탐지, 안티딥보이스 등 차별화된 기능을 직접 체험할 수 있다.참여를 원하는 고객은 이달 21일까지 LG유플러스 공식 홈페이지 U+공식온라인스토어 내 전용 페이지에서 eSIM을 구매·개통하면 된다. eSIM은 이달 27일까지 이용할 수 있고, 고객은 ‘너겟35 요금제’* 비용과 eSIM 비용 전액을 네이버페이로 환급받아 비용 부담 없이 이용할 수 있다.익시오는 실시간 보이스피싱 탐지, 보이는 전화, 전화 대신 받기, 통화 녹음 및 요약 등 다양한 기능을 제공하는 LG유플러스의 통화앱으로, 위·변조된 목소리를 판별해 보이스피싱 피해를 예방하는 ‘안티딥보이스’ 기능도 탑재돼 있다.LG유플러스는 또 체험단 참여 고객을 대상으로 내년 중 출시 예정인 익시오의 신규 AI 기능도 먼저 사용해 볼 수 있도록 했다. 고객이 통화 중 궁금한 내용을 질문하면, 통화 중 맥락을 실시간으로 이해한 AI가 검색 결과를 음성으로 알려주는 방식이다.LG유플러스는 익시오 기능을 체험하고 후기 제출 링크에 후기를 업로드한 고객들에게 공식 활동 수료증과 함께 스타벅스 달콤한 가나슈세트 기프티콘이 증정된다. 또한 우수 후기 작성 고객 50명에게는 에어팟4 ANC가 제공된다.조진호 기자 ftw@kyunghyang.com"
https://n.news.naver.com/mnews/article/092/0002398385?sid=105,2025-11-14 09:27:12,IT/과학,"LGU+, 통화앱 익시오 체험단 5000명 모집","LG유플러스가 AI 통화앱인 ‘익시오’를 알리기 위해 5천명을 대상으로 체험단을 운영한다.사용 중인 통신사와 관계없이 신청할 수 있으며 참여자는 익시오가 제공하는 통화 요약, 보이스피싱 탐지, 안티딥보이스 등 차별화된 기능을 직접 체험할 수 있다.참여를 원하면 이달 21일까지 LG유플러스 공식 홈페이지 U+공식온라인스토어 내 전용 페이지에서 eSIM을 구매, 개통하면 된다.eSIM은 이달 27일까지 이용할 수 있고, 고객은 ‘너겟35 요금제’ 비용과 eSIM 비용 전액을 네이버페이로 환급받아 비용 부담 없이 이용할 수 있다.체험단은 eSIM 개통 후 LG유플러스의 AI 통화앱 ‘익시오’를 내려받아 자유롭게 활용할 수 있다. 익시오는 실시간 보이스피싱 탐지, 보이는 전화, 전화 대신 받기, 통화 녹음 및 요약 등 다양한 기능을 제공하는 LG유플러스의 통화앱으로, 위·조된 목소리를 판별해 보이스피싱 피해를 예방하는 ‘안티딥보이스’ 기능도 탑재돼 있다.아울러 내년 중 출시 예정인 익시오의 신규 AI 기능도 먼저 사용해 볼 수 있도록 했다. 통화 중 궁금한 내용을 질문하면, 통화 중 맥락을 실시간으로 이해한 AI가 검색 결과를 음성으로 알려주는 방식이다.LG유플러스는 익시오 기능을 체험하고 후기 제출 링크에 후기를 업로드하면 공식 활동 수료증과 함께 스타벅스 달콤한 가나슈세트 기프티콘이 증정된다. 또한 우수 후기 작성 고객 50명에게는 에어팟4 ANC가 제공된다.김탁형 LG유플러스 디지털트라이브장은 “이번 eSIM 체험단 모집을 통해 AI 통화앱 ‘익시오’를 포함한 다양한 서비스를 보다 많은 고객들이 체험할 수 있도록 할 것”이라며 “앞으로도 차별화된 고객 경험을 제공하기 위해 다양한 프로그램을 지속 선보일 것”이라고 말했다."
https://n.news.naver.com/mnews/article/421/0008603920?sid=105,2025-11-14 09:27:50,IT/과학,"""통신사 상관 없이 사용""…LGU+, '익시오' 체험단 5000명 모집","eSIM·요금 전액 환급 제공…보이스피싱 탐지·통화요약 등 체험우수 후기 작성자 50명 '에어팟4 ANC' 지급LG유플러스가 AI 통화앱인 '익시오(ixi-O)'를 알리기 위해 5000명을 대상으로 체험단을 운영한다. 사진은 LG유플러스 직원이 익시오를 소개하는 모습. 2025.11.14/뉴스1(LG유플러스 제공)(서울=뉴스1) 김민수 기자 = LG유플러스(032640)가 14일 인공지능(AI) 통화앱 '익시오(ixi-O)'를 알리기 위해 5000명 규모의 체험단을 모집한다.체험단은 현재 이용 중인 통신사가 어디든 상관없이 신청할 수 있다. 체험단에 참가하면 익시오가 제공하는 통화 요약, 실시간 보이스피싱 탐지, 안티딥보이스(위·변조 음성 판별) 등 AI 기반 통화 보조 기능을 직접 써볼 수 있다.신청은 이달 21일까지 LG유플러스 공식 온라인몰(U+공식온라인스토어) 전용 페이지에서 이심(eSIM)을 구매·개통하는 방식으로 이뤄진다. 이심은 이달 27일까지 이용할 수 있다. 고객은 이심 비용과 '너겟35' 요금제 이용료 전액을 네이버페이로 환급받는다.너겟35는 LG유플러스의 무약정 5G 온라인 전용 요금제다. 월 3만 5000원에 데이터 17GB를 제공한다(소진 시 최대 1Mbps).LG유플러스는 이번 프로그램에 참여한 고객에게 내년 출시 예정인 신규 AI 기능도 사전 체험할 수 있도록 제공한다. 통화 중 궁금한 내용을 물으면 AI가 통화 맥락을 파악해 관련 정보를 실시간으로 검색·음성 안내하는 기능이다.체험단은 이용 후기를 제출하면 스타벅스 기프티콘과 공식 활동 수료증을 받을 수 있다. 우수 후기 작성자 50명에게는 애플 '에어팟4 노이즈 캔슬링(ANC)'이 지급된다."
https://n.news.naver.com/mnews/article/008/0005278103?sid=105,2025-11-14 09:30:05,IT/과학,"LGU+ ""통신사 관계없이 AI 통화앱 '익시오' 체험""","/사진=LG유플러스LG유플러스가 AI 통화앱인 '익시오'(ixi-O) 체험단 5000명을 모집한다고 14일 밝혔다. 타 통신사 가입자도 참여해 익시오의 통화 요약, 보이스피싱 탐지, 안티딥보이스 등 차별화된 기능을 체험할 수 있다.오는 21일까지 LG유플러스 공식 홈페이지 U+공식온라인스토어 내 전용 페이지에서 eSIM을 구매·개통하면 참여할 수 있다. eSIM은 이달 27일까지 이용할 수 있고, 고객은 '너겟35 요금제' 비용과 eSIM 비용 전액을 네이버페이로 환급받아 비용 부담이 없다.체험단은 내년 출시 예정인 익시오의 신규 AI 기능도 먼저 사용해 볼 수 있다. 고객이 통화 중 궁금한 내용을 질문하면 AI가 통화 중 맥락을 실시간으로 이해해 검색 결과를 음성으로 알려주는 방식이다.김탁형 LG유플러스 디지털트라이브장(상무)은 ""이번 eSIM 체험단 모집을 통해 AI 통화앱 '익시오'를 포함한 다양한 서비스를 보다 많은 고객들이 체험할 수 있도록 할 것""이라며 ""차별화된 고객 경험을 제공하기 위해 다양한 프로그램을 지속 선보이겠다""고 말했다."
https://n.news.naver.com/mnews/article/030/0003370240?sid=105,2025-11-14 09:47:11,IT/과학,"LGU+, AI 통화앱 '익시오' 체험단 5000명 모집","LG유플러스 직원이 익시오를 소개하는 모습.LG유플러스가 인공지능(AI) 통화앱인 '익시오'를 알리기 위해 5000명을 대상으로 체험단을 운영한다. 참여 고객은 익시오가 제공하는 통화 요약, 보이스피싱 탐지, 안티딥보이스 등 차별화된 기능을 직접 체험할 수 있다.LG유플러스는 자사 고객뿐만 아니라 타사 고객도 익시오가 제공하는 다양한 기능을 이용해 볼 수 있도록 이번 체험단 프로그램을 기획했다.참여를 원하는 고객은 이달 21일까지 LG유플러스 공식 홈페이지 U+공식온라인스토어 내 전용 페이지에서 eSIM을 구매·개통하면 된다. 고객의 '너겟35 요금제' 비용과 eSIM 비용은 전액 네이버페이로 환급한다.LG유플러스는 체험단 대상으로 내년 중 출시 예정인 익시오의 신규 AI 기능도 먼저 사용해 볼 수 있도록 했다. 고객이 통화 중 궁금한 내용을 질문하면, 통화 중 맥락을 실시간으로 이해한 AI가 검색 결과를 음성으로 알려주는 방식이다.LG유플러스는 익시오 기능을 체험하고 후기 제출 링크에 후기를 업로드한 고객에게 공식 활동 수료증과 함께 스타벅스 달콤한 가나슈세트 기프티콘을 증정한다.김탁형 LG유플러스 디지털트라이브장(상무)은 “이번 eSIM 체험단 모집을 통해 AI 통화앱 '익시오'를 포함한 다양한 서비스를 보다 많은 고객들이 체험할 수 있도록 할 것”이라며 “앞으로도 차별화된 고객 경험을 제공하기 위해 다양한 프로그램을 지속 선보일 것”이라고 말했다."
https://n.news.naver.com/mnews/article/014/0005434415?sid=105,2025-11-14 09:49:11,IT/과학,"""통신사 관계없이 쓰세요"" LG U+, '익시오' 체험단 모집","eSIM 비용·통신비 전액 환급보이스피싱 탐지·통화 요약신규 기능 'AI 비서' 체험도LG유플러스 직원이 인공지능(AI) 통화 앱 '익시오(ixi-O)'를 소개하고 있다. LG유플러스 제공[파이낸셜뉴스] LG유플러스는 인공지능(AI) 통화 앱 '익시오(ixi-O)'를 알리기 위해 5000명을 대상으로 체험단을 운영한다고 14일 밝혔다. 사용 중인 통신사와 관계없이 신청할 수 있으며 참여 고객은 익시오가 제공하는 통화 요약, 보이스피싱 탐지, 안티딥보이스 등 기능을 직접 체험할 수 있다.LG유플러스는 자사 고객뿐만 아니라 타사 고객도 익시오가 제공하는 다양한 기능을 이용해 볼 수 있도록 이번 체험단 프로그램을 기획했다. 참여를 원하는 고객은 오는 21일까지 LG유플러스 공식 홈페이지 유플러스 공식 온라인스토어 내 전용 페이지에서 이심(eSIM)을 구매·개통하면 된다. eSIM은 오는 27일까지 이용할 수 있다. 고객은 '너겟35 요금제' 비용과 eSIM 비용 전액을 네이버페이로 환급받아 비용 부담 없이 이용할 수 있다.익시오는 실시간 보이스피싱 탐지, 보이는 전화, 전화 대신 받기, 통화 녹음 및 요약 등 기능을 제공한다. 위·변조된 목소리를 판별해 보이스피싱 피해를 예방하는 안티딥보이스 기능도 탑재돼 있다.LG유플러스 체험단 참여 고객은 내년 중 출시 예정인 익시오의 신규 AI 기능도 먼저 사용해 볼 수 있다. 고객이 통화 중 궁금한 내용을 질문하면 통화 중 맥락을 실시간으로 이해한 AI가 검색 결과를 음성으로 알려주는 방식이다.LG유플러스는 익시오 기능을 체험하고 후기 제출 링크에 후기를 업로드한 고객들에게 공식 활동 수료증과 함께 '스타벅스 달콤한 가나슈 세트' 기프티콘을 증정한다. 또 우수 후기 작성 고객 50명에게는 '에어팟4 액티브 노이즈 캔슬링(ANC)'을 제공한다.LG유플러스는 이번 체험단 모집을 시작으로 자사 서비스 체험 기회를 보다 다양한 고객들에게 제공함으로써 고객 접점을 확대할 계획이다.김탁형 LG유플러스 디지털트라이브장은 ""앞으로도 차별화된 고객 경험을 제공하기 위해 다양한 프로그램을 지속 선보일 것""이라고 말했다."
https://n.news.naver.com/mnews/article/031/0000980921?sid=105,2025-11-14 10:06:08,IT/과학,"LGU+, AI 통화앱 익시오 체험단 5000명 모집","이심 비용·통신비 전액 환급…통신사 관계없이 신청 가능LG유플러스(대표 홍범식)는 AI 통화앱인 익시오(ixi-O)를 알리기 위해 5000명을 대상으로 체험단을 운영한다고 14일 밝혔다.LG유플러스 직원이 익시오를 소개하는 모습. [사진=LGU+]LG유플러스는 타 통신사 가입자도 익시오가 제공하는 다양한 기능을 이용해 볼 수 있도록 체험단 프로그램을 기획했다.참여 희망자는 오는 21일까지 LG유플러스 공식 홈페이지 U+공식온라인스토어 내 전용 페이지에서 이심(eSIM)을 구매·개통하면 된다.이심은 이달 27일까지 이용할 수 있다. 이용자는 너겟35 요금제 비용과 이심 비용 전액을 네이버페이로 환급받는다.체험단 참여자는 이심 개통 후 익시오를 내려받아 자유롭게 활용할 수 있다. 익시오는 실시간 보이스피싱 탐지, 보이는 전화, 전화 대신 받기, 통화 녹음 및 요약 등 기능을 제공하는 LG유플러스 통화앱이다.LG유플러스는 익시오 기능을 체험하고 후기를 업로드한 이용자에게 공식 활동 수료증과 함께 스타벅스 달콤한 가나슈세트 기프티콘을 증정한다. 우수 후기 작성 고객 50명에게는 에어팟4 ANC를 제공한다.김탁형 LG유플러스 디지털트라이브장(상무)은 ""체험단 모집을 통해 AI 통화앱 익시오를 포함한 다양한 서비스를 보다 많은 고객들이 체험할 수 있도록 할 것""이라며 ""차별화된 고객 경험을 제공하기 위해 다양한 프로그램을 지속 선보이겠다""고 말했다."
https://n.news.naver.com/mnews/article/277/0005679401?sid=105,2025-11-14 10:55:31,IT/과학,"""사고 연달아 터져, 본격 칼바람 시작""…'임원 30% 감축' 초긴장 통신업계","""이제부터 시작"" 위기감 확산'해킹 직격탄' KT에도 긴장감새 대표 인선 등 해 넘길 수도LGU+도 조직 재정비 가능성올해 연달아 터진 해킹 사고 여파가 통신업계 연말 인사철로 번지며 KT와 LG유플러스가 긴장감 속에 연말을 맞고 있다. SK텔레콤이 전날 임원 30% 감축이라는 초강도 인사를 단행한 뒤 업계 전반에 ""이제부터가 본격적인 재편의 시작""이라는 위기감이 확산하고 있다.특히 해킹 직격탄을 맞은 KT는 침체된 분위기다. 불법 초소형 기지국(펨토셀)으로 인한 무단 소액결제 사고, 해킹 사실 은폐 의혹 등 하반기 내내 보안 리스크가 이어지면서 책임 인사 가능성이 꾸준히 거론돼 왔다. 김영섭 대표가 이번 사태의 책임을 지고 연임을 포기했고, 경영 책임론은 이사회까지 번지며 이사회 의장 교체로까지 이어졌다. KT는 오는 16일까지 차기 대표이사(CEO) 후보를 공개 모집한다.무거운 내부 기류는 해를 넘길 예정이다. 통상 KT는 매년 11월 말 임원 인사를 발표하지만, 새 수장을 맞기 전까지는 인사를 최소화하는 관행이 있어 올해 연말 인사는 새해로 미뤄질 가능성이 높다는 전망이 나온다. 게다가 KT는 인공지능(AI) 사업마저 존재감이 약한 상황이라 SKT의 대규모 감축이 촉발한 조직 슬림화 기조가 조직에 적지 않은 압박으로 작용하고 있다. 통신업계 관계자는 ""통신은 이미 성숙 시장""이라며 ""통신사들이 AI 전환을 위한 여력 확보에 집중하고 있는데, AI가 당장 매출을 만드는 단계가 아닌 만큼 지금은 투자보다 비용 감축으로 체력을 비축하는 흐름""이라고 설명했다.LG유플러스도 안심하긴 이르다. 홍범식 대표 취임이 1년도 되지 않은 만큼 대규모 인사 변동은 제한적일 것이란 관측이 우세하나, 해킹 정황을 한국인터넷진흥원(KISA)에 신고한 뒤 3사 중 유일하게 아직 사실관계가 완전히 규명되지 않은 상태라는 점이 부담으로 남는다. LG유플러스는 내주 초 예정된 사업보고회에서 올해 사업 성과와 내년 전략 방향을 공유할 예정인데, 이 자리에서 일부 조직 재정비 신호가 나올 가능성도 제기된다.업계는 SKT의 대규모 임원 감축을 '통신업계 구조조정 신호탄'으로 해석하고 있다. 임원 축소는 하위 조직 재편까지 이어질 수 있다는 의미로, 해킹 리스크와 성장 둔화가 겹친 상황에서 통신 3사 모두 '방어적 인사'를 피하기 어려운 국면에 접어들었다는 분석이다. 연말·연초에 이뤄질 인사와 조직 개편 규모는 잇단 해킹 사고를 맞은 각 사가 위기를 극복하고, 체질개선으로 조직 분위기를 전환할지 드러낼 중요한 분기점이 될 전망이다."
https://n.news.naver.com/mnews/article/138/0002209591?sid=105,2025-11-14 11:10:06,IT/과학,"LGU+, AI 통화앱 ‘익시오 체험단’ 모집","[디지털데일리 강소현기자] LG유플러스는 AI 통화앱인 ‘익시오(ixi-O)’를 알리기 위해 체험단을 운영한다고 14일 밝혔다.익시오는 실시간 보이스피싱 탐지, 보이는 전화, 전화 대신 받기, 통화 녹음 및 요약 등 기능을 제공하는 LG유플러스의 통화앱이다. 위·변조된 목소리를 판별해 보이스피싱 피해를 예방하는 ‘안티딥보이스’ 기능도 탑재돼 있다.체험단은 사용 중인 통신사와 관계없이 신청할 수 있다. 참여를 원하는 고객은 이달 21일까지 LG유플러스 공식 홈페이지에서 eSIM을 구매·개통하면 된다.eSIM은 이달 27일까지 이용할 수 있다. ‘너겟35 요금제’비용과 eSIM 비용 전액을 네이버페이로 환급된다.또 LG유플러스 체험단 참여 고객을 대상으로 내년 중 출시 예정인 익시오의 신규 AI 기능도 먼저 사용해 볼 수 있도록 했다. 고객이 통화 중 궁금한 내용을 질문하면 통화 중 맥락을 실시간으로 이해한 AI가 검색 결과를 음성으로 알려주는 방식이다.익시오 기능을 체험하고 후기 제출 링크에 후기를 업로드한 고객들에게 공식 활동 수료증과 함께 스타벅스 달콤한 가나슈세트 기프티콘도 증정한다. 또한 우수 후기 작성 고객 50명에게는 에어팟4 ANC가 제공된다.LG유플러스는 이번 체험단 모집을 시작으로 자사 서비스 체험 기회를 보다 다양한 고객들에게 제공함으로써 고객 접점을 확대할 계획이다.김탁형 LG유플러스 디지털트라이브장(상무)은 “이번 eSIM 체험단 모집을 통해 AI 통화앱 ‘익시오’를 포함한 다양한 서비스를 보다 많은 고객들이 체험할 수 있도록 할 것”이라며 “앞으로도 차별화된 고객 경험을 제공하기 위해 다양한 프로그램을 지속 선보일 것”이라고 말했다."
https://n.news.naver.com/mnews/article/016/0002557882?sid=105,2025-11-14 11:41:14,IT/과학,"LGU+, AI 통화앱 ‘익시오’ 체험단 5000명 모집","이심·통신비 전액 환급 가능통화 요약·AI 비서 기능 등 제공LG유플러스 직원들이 ‘익시오’를 소개하고 있다. [LG유플러스 제공]LG유플러스는 인공지능(AI) 통화앱인 ‘익시오(ixi-O)’를 알리기 위해 5000명을 대상으로 체험단을 운영한다고 14일 밝혔다. 사용 중인 통신사와 관계없이 신청할 수 있으며, 참여 고객은 익시오가 제공하는 통화 요약, 보이스피싱 탐지, 안티딥보이스 등 차별화된 기능을 직접 체험할 수 있다.LG유플러스는 자사 고객뿐만 아니라 타사 고객도 익시오를 이용해 볼 수 있도록 이번 체험단 프로그램을 기획했다. 참여를 원하는 고객은 오는 21일까지 LG유플러스 공식 홈페이지 U+공식온라인스토어 내 전용 페이지에서 이심(eSIM)을 구매·개통하면 된다. eSIM은 오는 27일까지 이용할 수 있고, 고객은 ‘너겟35 요금제’ 비용과 eSIM 비용 전액을 네이버페이로 환급받을 수 있다.체험단 참여 고객은 eSIM 개통 후 LG유플러스의 AI 통화앱 익시오를 내려받아 자유롭게 활용할 수 있다. 익시오는 실시간 보이스피싱 탐지, 보이는 전화, 전화 대신 받기, 통화 녹음·요약 등 다양한 기능을 제공하는 LG유플러스의 통화앱으로, 위·변조된 목소리를 판별해 보이스피싱 피해를 예방하는 ‘안티딥보이스’ 기능도 탑재돼 있다.또 LG유플러스 체험단 참여 고객을 대상으로 내년 중 출시 예정인 익시오의 신규 AI 기능도 먼저 사용해 볼 수 있도록 했다. 고객이 통화 중 궁금한 내용을 질문하면, 통화 중 맥락을 실시간으로 이해한 AI가 검색 결과를 음성으로 알려주는 방식이다.김탁형 LG유플러스 디지털트라이브장(상무)은 “이번 eSIM 체험단 모집을 통해 AI 통화앱 ‘익시오’를 포함한 다양한 서비스를 보다 많은 고객들이 체험할 수 있도록 할 것”이라며 “앞으로도 차별화된 고객 경험을 제공하기 위해 다양한 프로그램을 지속 선보이겠다”고 말했다. 권제인 기자"
https://n.news.naver.com/mnews/article/008/0005278693?sid=105,2025-11-16 09:00:00,IT/과학,"""강남 한복판에 뜬 거장의 작품""…LGU+ '틈', 미술관으로","LG유플러스의 복합문화공간인 ‘일상비일상의틈byU+(이하 틈)’이 현대 미술을 감상할 수 있는 전시공간으로 거듭난다. /사진=LG유플러스LG유플러스는 서울 강남대로의 '일상비일상의틈byU+(이하 틈)'에서 이우환, 이세현 작가 등 9명의 작품을 전시한다고 16일 밝혔다.2020년 9월 개관한 틈은 LG유플러스의 복합문화공간으로, 매번 새로운 주제로 팝업 전시를 진행한다. 최근 MZ세대가 예술 작품 감상에 관심이 높다는 점에 착안해 젊은 작가들과 협업해온 '갤러리호튼'과 이번 전시를 준비했다. 연말까지 진행되는 전시 주제는 '창조의 경제: AI와 인간 그리고 예술'로, 이우환·이세현·양정욱·박서보·유화수·윤석원·장진승·에디람·박한샘 등 9명 작가가 참여한다.LG유플러스는 층마다 다른 주제로 작품을 전시해 고객들이 다양한 방식으로 작품을 즐길 수 있도록 했다. 1층에는 동양적인 느낌을 주는 작품을 전시하고 2층과 지하 1층에는 AI를 접목한 작품들을 선보인다.LG유플러스는 틈을 고객이 브랜드를 경험하는 공간을 넘어 예술과 일상이 만나는 문화 공간으로 발전시킨다는 방침이다.정혜윤 LG유플러스 마케팅그룹장(상무)은 ""현대미술 작가들과의 협업을 통해 틈에서 예술과 기술을 결합한 전시를 준비했다""며 ""앞으로도 틈과 예술 분야 협업을 확대해 고객들이 일상에서 LG유플러스를 보다 쉽게 접할 수 있도록 할 것""이라고 말했다."
https://n.news.naver.com/mnews/article/008/0005278694?sid=105,2025-11-16 09:00:00,IT/과학,"LGU+, 서울 지하철 9호선에 'LTE-R' 구축…운행 안전성↑","서울 강서구 서울시메트로9호선 사옥에서 열린 구축 완료 보고회에서 박성주 서울메트로9호선 대표이사(왼쪽 여섯번째)와 임장혁 LG유플러스 기업고객그룹장을 비롯한 양사 관계자들이 기념촬영을 하고 있는 모습. /사진=LG유플러스LG유플러스는 서울 지하철 9호선 전 구간에 'LTE-R'(철도통합무선망) 구축을 완료했다고 16일 밝혔다.2023년 착수한 1단계 사업(개화~신논현, 27㎞ 25개 역)에 이어 2·3단계(언주~중앙보훈병원, 13개 역)도 마무리되면서 총 38개 역사 약 40㎞ 구간이 하나의 통신망으로 연결됐다.LTE-R은 철도 운행용으로 설계된 차세대 무선통신망이다. 기관사·종합관제센터·안전관리실 간 음성과 영상, 운행 데이터를 실시간으로 주고받을 수 있다. 기존 통신기술(TRS·VHF)에 비해 전송 속도와 안정성이 높아, 기관사는 열차가 역사에 진입하기 전 약 400m 거리에서 승강장 상황을 미리 확인할 수 있고 종합관제센터는 여러 열차의 운행 상태를 동시 모니터링하며 지시를 내릴 수 있다.하루 평균 70만 명 이상이 이용하는 서울 지하철 9호선은 이번 LTE-R 구축으로 비상상황 대응 속도와 운행 안전성이 강화될 전망이다. 노선 전체가 단일 무선망으로 통합되면서 통신 품질과 유지보수 효율성도 높아졌다.LG유플러스는 앞서 서울 지하철 1·2·3·4·5·7·8호선과 신림선 경전철, 서해선(소사~원시선) 등 다수 노선에서 LTE-R 구축을 완료하며 철도 무선통신 분야의 기술력을 축적했다. 특히 국내 최초로 'LTE-R 간 양방향 무선망기지국'(RAN) 기술을 9호선에 적용했다. 환승 구간의 전파 간섭 문제를 해결하고 안정적인 통신 품질을 확보했다는 설명이다. 특히 김포공항역 구간에서 기지국 상호 공유로 망 운용 효율성을 높였으며, 향후 전국 도시철도 LTE-R 구간의 전파 간섭 문제해소에 확산할 수 있을 것으로 기대된다.임장혁 LG유플러스 기업고객그룹장(전무)는 ""서울시와 함께 시민의 발이 되는 9호선의 운행 안전을 높일 수 있어 의미가 크다""며 ""축적된 통신 기술과 운영 경험을 바탕으로 도시철도와 공공 인프라의 안전성을 지속적으로 강화하겠다""고 말했다."
https://n.news.naver.com/mnews/article/277/0005679834?sid=105,2025-11-16 09:00:00,IT/과학,"""강남 한복판서 이우환 작품을""…일상비일상의틈, 현대미술 전시 공간으로 변신","LGU+ ‘틈’, 현대미술 갤러리로 재구성…이우환·박서보 등 9인 참여14일~12월 31일 전시LG유플러스의 복합문화공간인 ‘일상비일상의틈byU+(이하 틈)’이 현대 미술을 감상할 수 있는 전시공간으로 거듭난다. 사진은 LG유플러스 모델이 전시공간을 소개하는 모습. 사진=LG유플러스LG유플러스가 운영하는 복합문화공간 '일상비일상의틈byU+'(이하 틈)가 현대미술 전시 공간으로 새롭게 단장한다. 이번 전시는 '갤러리호튼'과의 협업으로 마련됐으며, 점·선·면 작업으로 알려진 이우환 작가와 '붉은 산수'로 유명한 이세현 작가를 포함한 9명의 작품이 관람객을 맞는다고 16일 LG유플러스는 밝혔다.2020년 9월 문을 연 '틈'은 서울 강남대로에 자리한 소통형 문화 공간으로, 다양한 브랜드와 협업해 팝업 전시를 선보여왔다. LG트윈스, 레고코리아 등과 함께 진행한 프로젝트로 MZ세대의 발길을 끈 바 있다.LG유플러스는 전시 완성도를 높이기 위해 젊은 예술가들과 꾸준히 협업해온 갤러리호튼과 손잡았다. 양측은 작품 선정부터 공간 배치까지 전 과정에 함께 참여해, 방문객이 편안한 분위기에서 작품에 집중할 수 있는 전시 구성을 완성했다.전시는 14일부터 12월 31일까지 '창조의 경제: AI와 인간 그리고 예술'을 주제로 열린다. 참여 작가는 이우환, 이세현, 양정욱, 박서보, 유화수, 윤석원, 장진승, 에디람, 박한샘 등 총 9명이다.층별 구성도 차별화됐다. 1층에서는 동양적 감성을 담은 작품들로 안정적인 분위기를 연출했고, 2층과 지하 1층에는 AI 요소를 활용한 작품들을 배치해 현대적인 감각을 강조했다.전시를 기획한 최윤정 기획자는 ""이번 프로젝트는 단순한 작품 전시를 넘어 예술적 사고를 확장하는 작업""이라며 ""공간 전체를 하나의 캔버스로 보고 인간·기술·예술 사이의 경계를 넘나드는 새로운 창조 가능성을 보여줄 것""이라고 설명했다.LG유플러스는 앞으로도 '틈'을 브랜드 체험 공간을 넘어 예술과 일상이 자연스럽게 이어지는 문화 플랫폼으로 발전시킬 계획이다. 정혜윤 LG유플러스 마케팅그룹장(상무)은 ""현대미술 작가들과 함께 예술과 기술을 결합한 전시를 선보이게 됐다""며 ""앞으로도 다양한 예술 협업을 통해 고객이 일상 속에서 LG유플러스를 더 가까이 느낄 수 있도록 하겠다""고 말했다."
https://n.news.naver.com/mnews/article/421/0008606714?sid=105,2025-11-16 09:00:00,IT/과학,"LGU+, 지하철 9호선 전 구간에 LTE-R 구축…안정성 향상","(LG유플러스 제공)(서울=뉴스1) 나연준 기자 = LG유플러스(032640)가 서울 지하철 9호선 전 구간에 단일 통신망 구축해 철도 운행 안정성을 높였다.LG유플러스는 서울시메트로9호선, 서울교통공사 9호선운영부문과 함께 서울 지하철 9호선 전 구간에 'LTE-R(철도통합무선망)' 구축을 완료했다고 16일 밝혔다.2023년 착수한 1단계(개화~신논현, 27㎞ 25개 역)에 이어 2·3단계(언주~중앙보훈병원, 13개 역) 사업이 마무리되면서 총 38개 역사 약 40㎞ 구간이 하나의 통신망으로 연결됐다.LTE-R은 철도 운행용으로 설계된 차세대 무선통신망으로, 기관사·종합관제센터·안전관리실 간 음성과 영상, 운행 데이터를 실시간으로 주고받을 수 있다. 기존 통신기술(TRS·VHF)에 비해 전송 속도와 안정성이 높다.기관사는 열차가 역사에 진입하기 전 약 400m 거리에서 승강장 상황을 미리 확인할 수 있고, 종합관제센터는 동시에 여러 열차의 운행 상태를 모니터링하며 신속하게 지시를 내릴 수 있다.서울 9호선은 하루 평균 70만 명 이상이 이용하는 핵심 도시철도 노선이다. LTE-R 구축을 통해 비상상황 대응 속도와 운행 안전성이 한층 강화될 전망이다. 노선 전체가 단일 무선망으로 통합되면서 통신 품질과 유지보수 효율성도 높아졌다.임장혁 LG유플러스 기업고객그룹장(전무)은 “서울시와 함께 시민의 발이 되는 9호선의 운행 안전을 높일 수 있어 의미가 크다""며 ""축적된 통신 기술과 운영 경험을 바탕으로 도시철도와 공공 인프라의 안전성을 지속적으로 강화하겠다""고 말했다."
https://n.news.naver.com/mnews/article/138/0002209701?sid=105,2025-11-16 09:00:13,IT/과학,“도시 한복판 예술전시 감상해볼까” LGU+ 미술 전시 행사,"LG유플러스 모델이 전시공간을 소개하는 모습. [사진=LG유플러스][디지털데일리 오병훈기자] LG유플러스가 운영 중인 복합문화공간 ‘일상비일상의틈byU+(틈)’에서 미술 전시 행사가 열린다.LG유플러스는 ‘갤러리호튼’과 협업해 점·선·면 시리즈로 유명한 이우환과 ‘붉은 산수’ 화가로 이름을 알린 이세현 등 9명 작가 작품을 틈에 전시한다고 16일 밝혔다.서울 강남대로에 위치한 틈은 LG유플러스가 지난 2020년 9월 개관한 복합문화공간이자 소통 커뮤니티다. 매번 새로운 주제로 팝업 전시가 진행된다. 틈은 그간 LG트윈스 및 레고코리아 등과 팝업을 진행했다. MZ세대(밀레니얼+Z세대)를 겨냥한 홍보 활동이다.LG유플러스는 최근 MZ세대를 중심으로 예술 작품 감상 등 문화생활에 대한 관심이 높다는 점에 착안해 이번 전시를 기획했다. 전시 완성도를 높이기 위해 젊은 작가들과 협업하는 프로그램을 다수 경험한 ‘갤러리호튼’과 협업했다. LG유플러스는 갤러리호튼과 함께 이번 전시를 위한 작품 선정부터 작품 배치 등 기획 전반에서 협업을 진행했다.지난 14일부터 다음달 31일까지 진행되는 전시 주제는 ‘창조의 경제: AI와 인간 그리고 예술’이다. 참여하는 작가는 이우환, 이세현, 양정욱, 박서보, 유화수, 윤석원, 장진승, 에디람, 박한샘 등 9명이다.LG유플러스는 층마다 다른 주제로 작품을 전시해 고객들이 다양한 방식으로 작품을 즐길 수 있도록 했다. 1층에는 동양적인 느낌을 주는 작품을 전시했다. 2층과 지하 1층에는 AI를 접목한 작품들을 전시했다.전시를 준비한 최윤정 기획자는 이번 프로젝트에서 예술과 기술이 공존하는 새로운 감각적 공간을 구현하는 데 주력했다.최윤정 기획자는 “이번 프로젝트는 단순한 전시 기획이 아니라 예술적 사고 확장”이라며 “작품을 넘어 공간 전체를 하나의 캔버스로 해석하는 전시를 통해 인간과 기술 예술이 경계를 넘어 새로운 창조 가능성을 보여줄 것”이라고 설명했다.LG유플러스는 틈을 단순 경험 공간을 넘어 예술과 일상이 만나는 문화 공간으로 발전시킨다는 구상이다.정혜윤 LG유플러스 마케팅그룹장(상무)은 “현대미술 작가들과 협업을 통해 틈에서 예술과 기술을 결합한 전시를 준비했다”며 “앞으로도 틈과 예술 분야 협업을 확대해 고객들이 일상 속에서 LG유플러스를 보다 쉽게 접할 수 있도록 할 것”이라고 말했다."
https://n.news.naver.com/mnews/article/138/0002209702?sid=105,2025-11-16 09:00:16,IT/과학,"LGU+, 9호선 철도무선망 구축 完 “속도·안정성 높여”","서울 강서구 서울시메트로9호선 사옥에서 열린 구축 완료 보고회에서 박성주 서울메트로9호선 대표(왼쪽 여섯번째)와 임장혁 LG유플러스 기업고객그룹장을 비롯한 양사 관계자들이 기념촬영을 하고 있는 모습.[사진=LG유플러스][디지털데일리 오병훈기자] LG유플러스가 서울 지하철 9호선 구간에 철도 운행 데이터를 송수신하는 통신망 구축을 완료했다.LG유플러스는 서울시메트로9호선 및 서울교통공사 9호선운영부문과 함께 서울 지하철 9호선 전 구간에 ‘철도통합무선망(LTE-R)’ 구축을 완료했다고 16일 밝혔다.지난 2023년 착수한 1단계(개화~신논현, 27㎞ 25개역)에 이어 2·3단계(언주~중앙보훈병원, 13개역) 사업이 마무리되면서 총 38개 역사 약 40㎞ 구간이 하나의 통신망으로 연결됐다.LTE-R은 철도 운행용으로 설계된 차세대 무선통신망으로 기관사·종합관제센터·안전관리실 간 음성 영상 및 운행 데이터를 실시간으로 주고받을 수 있다. 기존 통신기술(TRS·VHF)에 비해 전송 속도와 안정성이 높아 기관사 입장에서 열차가 역사에 진입하기 전 약 400m 거리에서 승강장 상황을 미리 확인할 수 있다. 종합관제센터는 동시에 여러 열차 운행 상태를 모니터링하며 신속하게 지시를 내릴 수 있다.서울 9호선은 하루 평균 70만명 이상이 이용하는 핵심 도시철도 노선이다. LTE-R 구축을 통해 비상상황 대응 속도와 운행 안전성이 한층 강화될 것이라는 게 LG유플러스 설명이다. 노선 전체가 단일 무선망으로 통합되면서 통신 품질과 유지보수 효율성도 높였다.LG유플러스는 앞서 서울 지하철 1·2·3·4·5·7·8호선, 신림선 경전철, 서해선(소사~원시선) 등 다수 노선에서 LTE-R 구축을 완료했다. 특히 서울교통공사와 협력해 1호선부터 8호선까지 노후 무선설비를 LTE-R로 전환한 경험을 가지고 있다.‘LTE-R 간 양방향 무선망기지국(RAN, Radio Access Network Sharing)’ 기술을 9호선에 적용했다. 이를 통해 환승 구간 전파 간섭 문제를 근본적으로 해결했다. 특히 김포공항역 구간에서 기지국 상호 공유로 망 운용 효율성을 높였다. 이를 통해 향후 전국 도시철도 LTE-R 구간 전파 간섭 문제해소에도 기여한다는 구상이다.임장혁 LG유플러스 기업고객그룹장(전무)는 “서울시와 함께 시민의 발이 되는 9호선 운행 안전을 높일 수 있어 의미가 크다”며 “축적된 통신 기술과 운영 경험을 바탕으로 도시철도와 공공 인프라 안전성을 지속적으로 강화하겠다”고 말했다."
https://n.news.naver.com/mnews/article/119/0003025529?sid=105,2025-11-16 09:00:17,IT/과학,"LGU+, 9호선에 차세대 철도무선망 완성…기관사 400m 전부터 본다","기관사·종합관제센터간 실시간 정보 공유서울 강서구 서울시메트로9호선 사옥에서 열린 구축 완료 보고회에서 박성주 서울메트로9호선 대표이사(왼쪽 여섯번째)와 임장혁 LG유플러스 기업고객그룹장을 비롯한 양사 관계자들이 기념촬영을 하고 있는 모습.ⓒLG유플러스[데일리안 = 조인영 기자] LG유플러스는 서울시메트로9호선㈜, 서울교통공사 9호선운영부문과 함께 서울 지하철 9호선 전 구간에 ‘LTE-R(철도통합무선망)’ 구축을 완료했다고 16일 밝혔다.2023년 착수한 1단계(개화~신논현, 27㎞ 25개 역)에 이어 2·3단계(언주~중앙보훈병원, 13개 역) 사업이 마무리되면서 총 38개 역사 약 40㎞ 구간이 하나의 통신망으로 연결됐다.LTE-R은 철도 운행용으로 설계된 차세대 무선통신망으로, 기관사·종합관제센터·안전관리실 간 음성과 영상, 운행 데이터를 실시간으로 주고받을 수 있다.기존 통신기술(TRS·VHF)에 비해 전송 속도와 안정성이 높아, 기관사는 열차가 역사에 진입하기 전 약 400m 거리에서 승강장 상황을 미리 확인할 수 있고, 종합관제센터는 동시에 여러 열차의 운행 상태를 모니터링하며 신속하게 지시를 내릴 수 있다.서울 9호선은 하루 평균 70만 명 이상이 이용하는 핵심 도시철도 노선으로, LTE-R 구축을 통해 비상상황 대응 속도와 운행 안전성이 한층 강화될 전망이다. 노선 전체가 단일 무선망으로 통합되면서 통신 품질과 유지보수 효율성도 높아졌다.LG유플러스는 앞서 서울 지하철 1·2·3·4·5·7·8호선과 신림선 경전철, 서해선(소사~원시선) 등 다수 노선에서 LTE-R 구축을 완료하며 철도 무선통신 분야의 기술력을 축적했다.특히 서울교통공사와 협력해 1호선부터 8호선까지 노후 무선설비를 LTE-R로 전환한 경험을 바탕으로, 이번 9호선 사업에서도 안정적인 품질을 확보했다.국내 최초로 ‘LTE-R 간 양방향 무선망기지국(RAN, Radio Access Network Sharing)’ 기술을 9호선에 적용했다. 이를 통해 환승 구간의 전파 간섭 문제를 근본적으로 해결하고, 안정적인 통신 품질을 확보한 혁신적 사례로 평가받았다.김포공항역 구간에서 기지국 상호 공유로 망 운용 효율성을 높임으로써, 향후 전국 도시철도 LTE-R 구간의 전파 간섭 문제해소에 확산할 수 있을 것으로 기대를 모은다.임장혁 LG유플러스 기업고객그룹장(전무)는 “서울시와 함께 시민의 발이 되는 9호선의 운행 안전을 높일 수 있어 의미가 크다”며 “축적된 통신 기술과 운영 경험을 바탕으로 도시철도와 공공 인프라의 안전성을 지속적으로 강화하겠다”고 말했다."
https://n.news.naver.com/mnews/article/119/0003025530?sid=105,2025-11-16 09:01:09,IT/과학,"LGU+ 복합문화공간 틈, 이우환·이세현 작품 전시","고객 접점 확대 위한 이색 전시 기획LG유플러스 모델이 전시공간을 소개하는 모습.ⓒLG유플러스[데일리안 = 조인영 기자] LG유플러스는 복합문화공간인 ‘일상비일상의틈byU+(이하 틈)’이 현대 미술을 감상할 수 있는 전시공간으로 거듭난다고 16일 밝혔다.‘갤러리호튼’과 협업해 진행되는 이번 현대 미술 전시에는 점·선·면 시리즈로 유명한 이우환 작가, ‘붉은 산수’ 화가로 이름을 알린 이세현 작가를 비롯한 작가 9명의 작품이 전시된다.서울 강남대로에 위치한 틈은 LG유플러스가 지난 2020년 9월 개관한 복합문화공간이자 소통 커뮤니티로, 매번 새로운 주제로 팝업 전시가 진행된다. 틈은 그간 LG트윈스, 레고코리아 등과 협업해 팝업을 진행, MZ세대 고객들의 관심을 끈 바 있다.전시의 완성도를 높이기 위해 LG유플러스는 젊은 감각의 작가들과 협업하는 프로그램을 다수 진행해온 ‘갤러리호튼’과 협업했다.LG유플러스는 갤러리호튼과 함께 이번 전시를 위한 작품 선정부터 작품 배치 등 기획 전반에서 협업을 진행해 틈 방문 고객 누구나 편안한 분위기와 환경에서 작품에 집중할 수 있도록 구성했다.14일부터 12월 31일까지 진행되는 전시의 주제는 ‘창조의 경제: AI와 인간 그리고 예술’이다. 참여하는 작가는 이우환, 이세현, 양정욱, 박서보, 유화수, 윤석원, 장진승, 에디람, 박한샘 등 9명이다.LG유플러스는 층마다 다른 주제로 작품을 전시해 고객들이 다양한 방식으로 작품을 즐길 수 있도록 했다. 1층에는 동양적인 느낌을 주는 작품을 전시해 안정감 있는 전시 공간을 마련했다. 2층과 지하 1층에는 AI를 접목한 작품들을 전시해 현대적 감각을 살렸다.최윤정 기획자는 ""이번 프로젝트는 단순한 전시 기획이 아니라 예술적 사고의 확장""이라며 ""작품을 넘어 공간 전체를 하나의 캔버스로 해석하는 전시를 통해 인간과 기술, 그리고 예술이 서로의 경계를 넘어 새로운 창조의 가능성을 보여줄 것""이라고 기획 배경을 설명했다.정혜윤 LG유플러스 마케팅그룹장(상무)은 “현대미술 작가들과의 협업을 통해 틈에서 예술과 기술을 결합한 전시를 준비했다”며 “앞으로도 틈과 예술 분야 협업을 확대해 고객들이 일상 속에서 LG유플러스를 보다 쉽게 접할 수 있도록 할 것”이라고 말했다."
https://n.news.naver.com/mnews/article/092/0002398579?sid=105,2025-11-16 09:01:10,IT/과학,"LGU+, 서울 지하철 9호선 전 구간 최신 무선망 구축 완료","통신 품질·유지보수 효율성 강화LG유플러스는 서울시메트로9호선, 서울교통공사 9호선운영부문과 함께 서울 지하철 9호선 전 구간에 ‘철도통합무선망(LTE-R)’ 구축을 완료했다고 16일 밝혔다.이를 통해 2023년 착수한 1단계(개화~신논현, 27㎞ 25개 역)에 이어 2·3단계(언주~중앙보훈병원, 13개 역) 사업이 마무리되면서 총 38개 역사 약 40㎞ 구간이 하나의 통신망으로 연결됐다.LTE-R은 철도 운행용으로 설계된 차세대 무선통신망이며 기관사·종합관제센터·안전관리실 간 음성과 영상, 운행 데이터를 실시간으로 주고받을 수 있다. 기존 통신기술(TRS·VHF)에 비해 전송 속도와 안정성이 높아, 기관사는 열차가 역사에 진입하기 전 약 400m 거리에서 승강장 상황을 미리 확인할 수 있다. 종합관제센터는 동시에 여러 열차의 운행 상태를 모니터링하며 신속하게 지시를 내릴 수 있다.서울 9호선은 하루 평균 70만명 이상이 이용하는 핵심 도시철도 노선으로, LTE-R 구축을 통해 비상상황 대응 속도와 운행 안전성이 한층 강화될 전망이다. 노선 전체가 단일 무선망으로 통합되면서 통신 품질과 유지보수 효율성도 높아졌다.LG유플러스는 앞서 서울 지하철 1·2·3·4·5·7·8호선과 신림선 경전철, 서해선(소사~원시선) 등 다수 노선에서 LTE-R 구축을 완료하며 철도 무선통신 분야의 기술력을 축적했다. 특히 서울교통공사와 협력해 1호선부터 8호선까지 노후 무선설비를 LTE-R로 전환한 경험을 바탕으로, 이번 9호선 사업에서도 안정적인 품질을 확보했다.또 ‘LTE-R 간 양방향 무선망기지국(RAN)’ 기술을 9호선에 적용했다. 이를 통해 환승 구간의 전파 간섭 문제를 근본적으로 해결하고, 안정적인 통신 품질을 확보한 혁신적 사례로 평가받았다.임장혁 LG유플러스 기업고객그룹장은 “서울시와 함께 시민의 발이 되는 9호선의 운행 안전을 높일 수 있어 의미가 크다”며 “축적된 통신 기술과 운영 경험을 바탕으로 도시철도와 공공 인프라의 안전성을 지속적으로 강화하겠다”고 말했다."
https://n.news.naver.com/mnews/article/092/0002398580?sid=105,2025-11-16 09:01:13,IT/과학,"LGU+ '틈', 갤러리 호튼과 9인 작가 현대미술 전시","12월31일까지…층별로 동양적 정서·AI 기반 작품 구성LG유플러스가 갤러리호튼과 협업해 자사 복합문화공간인 ‘일상비일상의틈byU+(이하 틈)’에서 현대 미술을 감상할 수 있는 전시공간을 마련했다고 16일 밝혔다.이번 전시는 점·선·면 시리즈로 유명한 이우환 작가, ‘붉은 산수’ 화가로 이름을 알린 이세현 작가를 비롯한 작가 9명의 작품이 전시된다.서울 강남대로에 위치한 틈은 LG유플러스가 2020년 9월 개관한 복합문화공간이자 소통 커뮤니티로, 매번 새로운 주제로 팝업 전시가 진행된다. 그간 LG트윈스, 레고코리아 등과 협업해 팝업을 열어왔다.회사는 최근 MZ세대를 중심으로 예술 작품 감상 등 문화생활에 대한 관심이 높다는 점에 착안해 이번 전시를 기획했다.아울러 LG유플러스는 전시의 완성도를 높이기 위해 젊은 감각의 작가들과 협업하는 프로그램을 다수 진행해온 ‘갤러리호튼’과 협업했다. 이번 전시를 위한 작품 선정부터 작품 배치 등 기획 전반에서 협업을 진행해 틈 방문객 누구나 편안한 분위기와 환경에서 작품에 집중할 수 있도록 구성했다.11월 14일부터 12월 31일까지 진행되는 전시의 주제는 ‘창조의 경제: AI와 인간 그리고 예술’이다. 참여하는 작가는 이우환·이세현·양정욱·박서보·유화수·윤석원·장진승·에디람·박한샘 등 9명이다.이번 전시는 층마다 다른 주제로 작품을 전시해 방문객들이 다양한 방식으로 작품을 즐길 수 있도록 구성했다. 1층에는 동양적인 느낌을 주는 작품을 전시해 안정감 있는 전시 공간을 마련했다. 2층과 지하 1층에는 AI를 접목한 작품들을 전시해 현대적 감각을 살렸다.전시를 준비한 최윤정 기획자는 이번 프로젝트에서 예술과 기술이 공존하는 새로운 감각적 공간을 구현하는 데 주력했다.그는 ""이번 프로젝트는 단순한 전시 기획이 아니라 예술적 사고의 확장""이라며 ""작품을 넘어 공간 전체를 하나의 캔버스로 해석하는 전시를 통해 인간과 기술, 그리고 예술이 서로의 경계를 넘어 새로운 창조의 가능성을 보여줄 것""이라고 기획 배경을 설명했다.LG유플러스는 앞으로도 틈을 단순 브랜드 경험 공간을 넘어 예술과 일상이 만나는 문화 공간으로 발전시킬 방침이다.정혜윤 LG유플러스 마케팅그룹장은 “현대미술 작가들과의 협업을 통해 틈에서 예술과 기술을 결합한 전시를 준비했다”며 “틈과 예술 분야 협업을 확대해 고객들이 일상 속에서 LG유플러스를 보다 쉽게 접할 수 있도록 할 것”이라고 말했다."
https://n.news.naver.com/mnews/article/018/0006165028?sid=105,2025-11-16 09:28:11,IT/과학,"LG U+ ‘틈’, 현대미술 전시공간으로 변신","MZ세대 문화 관심 반영9인 작가 참여 ‘AI와 인간의 공존’ 전시 개막[이데일리 김현아 기자] LG유플러스(032640)의 복합문화공간 ‘일상비일상의틈byU+(이하 틈)’이 현대미술 전시공간으로 새롭게 변신한다.서울 강남대로 중심에 위치한 ‘틈’은 젊은 세대를 겨냥한 팝업·전시 공간으로 활용돼 왔으며, 이번에는 국내 대표 작가 9인의 작품을 한 자리에서 감상할 수 있는 현대미술 전시를 선보인다.LG유플러스는 최근 MZ세대를 중심으로 예술·전시 관람 수요가 높아지고 있는 점에 착안해, 젊은 감각의 전시 기획으로 알려진 ‘갤러리호튼’과 협업해 이번 프로젝트를 마련했다.전시는 작품 선정부터 배치, 공간 구성까지 두 기관이 공동으로 진행해 관람객이 편안하게 작품에 집중할 수 있는 환경을 조성했다.LG유플러스의 복합문화공간인 ‘일상비일상의 틈byU+(이하 틈)’이 현대 미술을 감상할 수 있는 전시공간으로 거듭난다. 사진은 LG유플러스 모델이 전시공간을 소개하는 모습.이우환·이세현 등 9인 참여…주제는 ‘창조의 경제: AI와 인간 그리고 예술’14일부터 12월 31일까지 진행되는 이번 전시에는 점·선·면 시리즈로 알려진 이우환, ‘붉은 산수’로 유명한 이세현을 비롯해 양정욱, 박서보, 유화수, 윤석원, 장진승, 에디람, 박한샘 등 총 9명의 작가가 참여한다.전시 주제는 ‘창조의 경제: AI와 인간 그리고 예술’로, 인간의 창작성과 기술의 확장성을 다양한 작품을 통해 보여준다.‘틈’은 층별로 다른 콘셉트를 적용했다. 1층은 동양적 느낌의 작품을 배치해 안정감 있는 분위기를 구현했고, 2층과 지하 1층에는 AI 기술을 접목한 작품을 전시해 현대적 감각을 강조했다.전시 기획을 맡은 최윤정 기획자는 “이번 프로젝트는 단순한 작품 전시가 아니라 예술적 사고를 확장하는 시도였다”며 “공간 전체를 하나의 캔버스로 바라보는 구성으로 인간과 기술, 예술이 새로운 창조 가능성을 보여줄 것”이라고 말했다.LG유플러스는 ‘틈’을 단순한 브랜딩 공간을 넘어, 고객이 예술과 일상을 자연스럽게 경험하는 문화 플랫폼으로 발전시키겠다는 계획이다.정혜윤 LG유플러스 마케팅그룹장(상무)은 “현대미술 작가들과의 협업으로 새로운 문화 경험을 마련했다”며 “앞으로도 예술 분야와의 협업을 확대해 고객이 일상 속에서 LG유플러스를 쉽게 접할 수 있도록 하겠다”고 말했다."
https://n.news.naver.com/mnews/article/003/0013602761?sid=101,2025-11-16 09:35:41,경제,"LGU+, 서울 지하철 9호선 전 구간 단일 통신망 구축","철도통합무선망 구축 완료…운행 안정성, 대응 속도 향상기관사·종합관제센터 간 실시간 정보 공유 가능[서울=뉴시스] LG유플러스는 서울시메트로9호선, 서울교통공사 9호선운영부문과 함께 서울 지하철 9호선 전 구간에 '철도통합무선망(LTE-R)' 구축을 완료했다고 16일 밝혔다. (사진=LG유플러스 제공) *재판매 및 DB 금지[서울=뉴시스]윤정민 기자 = LG유플러스는 서울시메트로9호선, 서울교통공사 9호선운영부문과 함께 서울 지하철 9호선 전 구간에 '철도통합무선망(LTE-R)' 구축을 완료했다고 16일 밝혔다.2023년 착수한 1단계(개화~신논현, 27㎞ 25개역)에 이어 2·3단계(언주~중앙보훈병원, 13개역) 사업이 마무리되면서 총 38개 역사 약 40㎞ 구간이 하나의 통신망으로 연결됐다.LTE-R은 철도 운행용으로 설계된 차세대 무선통신망이다. 기관사과 종합관제센터, 안전관리실 간 음성과 영상, 운행 데이터를 실시간으로 주고받을 수 있다.기존 통신기술(TRS·VHF)에 비해 전송 속도와 안정성이 높아 기관사는 열차가 역사에 진입하기 전 약 400m 거리에서 승강장 상황을 미리 확인할 수 있다. 종합관제센터는 동시에 여러 열차의 운행 상태를 모니터링하며 신속하게 지시를 내릴 수 있다.서울 9호선은 하루 평균 70만명 이상이 이용하는 핵심 도시철도 노선이다. LTE-R 구축을 통해 비상상황 대응 속도와 운행 안전성이 한층 강화될 전망이다. LG유플러스는 노선 전체가 단일 무선망으로 통합되면서 통신 품질과 유지보수 효율성도 높아졌다고 강조했다.LG유플러스는 앞서 서울 지하철 1·2·3·4·5·7·8호선과 신림선 경전철, 서해선(소사~원시선) 등 다수 노선에서 LTE-R 구축을 완료했다. 특히 서울교통공사와 협력해 1호선부터 8호선까지 노후 무선설비를 LTE-R로 전환한 경험을 바탕으로 이번 9호선 사업에서도 안정적인 품질을 확보했다고 전했다.국내 최초로 'LTE-R 간 양방향 무선망기지국(RAN)' 기술을 9호선에 적용했다. 이를 통해 환승 구간의 전파 간섭 문제를 근본적으로 해결하고 안정적인 통신 품질을 확보한 혁신적 사례로 평가받았다.특히 김포공항역 구간에서 기지국 상호 공유로 망 운용 효율성을 높였으며 향후 전국 도시철도 LTE-R 구간의 전파 간섭 문제해소에 확산할 전망이다.임장혁 LG유플러스 기업고객그룹장(전무)는 ""서울시와 함께 시민의 발이 되는 9호선의 운행 안전을 높일 수 있어 의미가 크다""며 ""축적된 통신 기술과 운영 경험을 바탕으로 도시철도와 공공 인프라의 안전성을 지속적으로 강화하겠다""고 말했다."
https://n.news.naver.com/mnews/article/003/0013602762?sid=101,2025-11-16 09:35:59,경제,"LGU+ 문화공간 '틈', AI·인간 공존 주제로 미술 전시","고객 접점 확대 위한 이색 전시 기획이우환·이세현 등 작가 9인 참여[서울=뉴시스] LG유플러스는 갤러리호튼과 협업해 이우환, 이세현 등 작가 9명의 작품을 서울 강남구 일상비일상의틈byU+에 전시한다고 16일 밝혔다. (사진=LG유플러스 제공) *재판매 및 DB 금지[서울=뉴시스]윤정민 기자 = LG유플러스 복합문화공간 '일상비일상의틈byU+'(이하 틈)이 현대 미술을 감상할 수 있는 전시공간으로 바뀐다.LG유플러스는 갤러리호튼과 협업해 이우환, 이세현 등 작가 9명의 작품을 서울 강남구 틈에 전시한다고 16일 밝혔다.LG유플러스는 최근 MZ세대를 중심으로 예술 작품 감상 등 문화생활에 대한 관심이 높다는 점에 착안해 이번 전시를 기획했다고 설명했다.갤러리호튼과 함께 작품 선정, 배치 등 기획 전반에서 협업을 진행했다. 틈 방문 고객 누구나 편안한 분위기와 환경에서 작품에 집중할 수 있도록 구성했다.다음 달 31일까지 진행되는 이 전시 주제는 '창조의 경제: AI와 인간 그리고 예술'이다. 참여하는 작가는 이우환, 이세현, 양정욱, 박서보, 유화수, 윤석원, 장진승, 에디람, 박한샘 등 9명이다.LG유플러스는 층마다 다른 주제로 작품을 전시해 고객들이 다양한 방식으로 작품을 즐길 수 있도록 했다. 1층에는 동양적인 느낌을 주는 작품을 전시해 안정감 있는 전시 공간을 마련했다. 2층과 지하 1층에는 인공지능(AI)을 접목한 작품들을 전시해 현대적 감각을 살렸다.전시를 준비한 최윤정 기획자는 이번 프로젝트에서 예술과 기술이 공존하는 새로운 감각적 공간을 구현하는 데 주력했다고 말했다. 그는 ""이번 프로젝트는 단순한 전시 기획이 아니라 예술적 사고의 확장""이라며 ""작품을 넘어 공간 전체를 하나의 캔버스로 해석하는 전시를 통해 인간과 기술, 그리고 예술이 서로의 경계를 넘어 새로운 창조의 가능성을 보여줄 것""이라고 설명했다.LG유플러스는 앞으로도 틈을 고객이 브랜드를 경험하는 공간을 넘어 예술과 일상이 만나는 문화 공간으로 발전시킨다는 방침이다.정혜윤 LG유플러스 마케팅그룹장(상무)은 ""현대미술 작가들과의 협업을 통해 틈에서 예술과 기술을 결합한 전시를 준비했다""며 ""앞으로도 틈과 예술 분야 협업을 확대해 고객들이 일상 속에서 LG유플러스를 보다 쉽게 접할 수 있도록 할 것""이라고 말했다."
https://n.news.naver.com/mnews/article/421/0008606784?sid=105,2025-11-16 10:01:46,IT/과학,LG U+ 강남 '일상비일상의틈'에서 연말까지 현대미술 전시,"갤러리호튼 협업…이우환·이세현 작가 등 9명 작품LG유플러스 모델이 전시공간을 소개하는 모습.(LG유플러스 제공)(서울=뉴스1) 윤주영 기자 = LG유플러스(032640)는 갤러리호튼과의 협업으로 서울 강남 복합문화공간 '일상비일상의틈byU+'(틈)에서 현대 미술 전시를 진행한다고 16일 밝혔다.전시는 오는 12월 31일까지 열린다. 주제는 '창조의 경제: 인공지능(AI)과 인간 그리고 예술'이다.점·선·면 시리즈로 유명한 이우환 작가, '붉은 산수' 화가로 이름을 알린 이세현 작가 등 9명의 작품이 전시된다.LG유플러스는 갤러리호튼과 작품 선정부터 작품 배치 등 기획 전반에서 협업했다. 층마다 다른 주제로 전시를 기획, 고객들이 다양한 방식으로 작품을 즐길 수 있도록 했다. 1층에는 동양적인 느낌의 작품이 주를 이루고. 2층 및 지하 1층에는 AI를 접목한 작품들을 전시해 현대적 감각을 살렸다.한편 강남 틈은 LG유플러스가 2020년 9월 개관한 복합문화공간이다. LG트윈스, 레고코리아 등과의 협업으로 다양한 팝업을 열어 MZ세대 관심을 끌었다. 앞으로 예술분야 협업도 확대하겠다는 방침이다."
https://n.news.naver.com/mnews/article/030/0003370545?sid=105,2025-11-16 10:55:11,IT/과학,"LGU+, 지하철 9호선 전 구간에 LTE-R 구축 완료","서울 강서구 서울시메트로9호선 사옥에서 열린 구축 완료 보고회에서 박성주 서울메트로9호선 대표(왼쪽 여섯번째)와 임장혁 LG유플러스 기업고객그룹장(왼쪽 일곱번째)을 비롯한 양사 관계자들이 기념촬영을 하고 있는 모습.LG유플러스가 서울 지하철 9호선 전 구간에 'LTE-R(철도통합무선망)' 구축을 완료했다.2023년 착수한 1단계(개화~신논현, 27㎞ 25개역)에 이어 2·3단계(언주~중앙보훈병원, 13개역) 사업이 마무리되면서 총 38개 역사 약 40㎞ 구간이 하나의 통신망으로 연결됐다.LTE-R은 철도 운행용으로 설계된 차세대 무선통신망이다. 기관사·종합관제센터·안전관리실 간 음성과 영상, 운행 데이터를 실시간으로 주고받을 수 있다.기존 통신기술(TRS·VHF)에 비해 전송 속도와 안정성이 높아 기관사는 열차가 역사에 진입하기 전 약 400m 거리에서 승강장 상황을 미리 확인할 수 있고, 종합관제센터는 동시에 여러 열차의 운행 상태를 모니터링하며 신속하게 지시를 내릴 수 있다.LG유플러스는 앞서 서울 지하철 1·2·3·4·5·7·8호선과 신림선 경전철, 서해선(소사~원시선) 등 다수 노선에서 LTE-R 구축을 완료하며 철도 무선통신 분야의 기술력을 축적했다. 국내 최초로 'LTE-R 간 양방향 무선망기지국(RAN)' 기술도 9호선에 적용한 바 있다.임장혁 LG유플러스 기업고객그룹장(전무)는 “서울시와 함께 시민의 발이 되는 9호선의 운행 안전을 높일 수 있어 의미가 크다”며 “축적된 통신 기술과 운영 경험을 바탕으로 도시철도와 공공 인프라의 안전성을 지속적으로 강화하겠다”고 말했다."
https://n.news.naver.com/mnews/article/031/0000981260?sid=105,2025-11-16 13:29:06,IT/과학,"LGU+ ""지하철 9호선 전 구간에 LTE-R 구축 완료""","9호선 전 구간 단일 통신망 구축으로 철도 안전 인프라 완성LG유플러스(대표 홍범식)는 서울시메트로9호선, 서울교통공사 9호선운영부문과 서울 지하철 9호선 전 구간에 'LTE-R(철도통합무선망)' 구축을 완료했다고 16일 밝혔다.서울 강서구 서울시메트로9호선 사옥에서 열린 구축 완료 보고회에서 박성주 서울메트로9호선 대표, 임장혁 LG유플러스 기업고객그룹장 등을 비롯한 양사 관계자들이 기념사진을 촬영하고 있는 모습. [사진=LGU+]LTE-R은 철도 운행용으로 설계된 차세대 무선통신망이다. 기관사·종합관제센터·안전관리실 간 음성과 영상이나 운행 데이터 등을 실시간 주고받을 수 있다. 기존 통신기술(TRS·VHF)에 비해 전송 속도와 안정성이 높다. 기관사는 열차가 역사에 진입하기 전 약 400m 거리에서 승강장 상황을 미리 확인할 수 있다.서울 9호선은 하루 평균 70만명 이상 이용하는 도시철도 노선이다. LTE-R 구축을 통해 비상상황 대응 속도와 운행 안전성이 한층 강화될 전망이다. 노선 전체가 단일 무선망으로 통합되면서 통신 품질과 유지보수 효율성도 높아졌다.LG유플러스는 앞서 서울 지하철 1·2·3·4·5·7·8호선과 신림선 경전철, 서해선(소사~원시선) 등 다수 노선에서 LTE-R 구축을 완료하며 철도 무선통신 분야 기술력을 축적했다. 서울교통공사와 협력해 1호선부터 8호선까지 노후 무선설비를 LTE-R로 전환한 경험을 바탕으로 9호선 사업에서도 안정적인 품질을 확보했다는 설명이다.국내 최초로 LTE-R 간 양방향 무선망기지국(RAN, Radio Access Network Sharing) 기술을 9호선에 적용했다. 환승 구간 전파 간섭 문제를 근본적으로 해결하고 안정적인 통신 품질을 확보했다. 김포공항역 구간에서 기지국 상호 공유로 망 운용 효율성을 높였다.임장혁 LG유플러스 기업고객그룹장(전무)은 ""서울시와 함께 시민의 발이 되는 9호선의 운행 안전을 높일 수 있어 의미가 크다""며 ""축적된 통신 기술과 운영 경험을 바탕으로 도시철도와 공공 인프라의 안전성을 지속적으로 강화하겠다""고 말했다."
https://n.news.naver.com/mnews/article/014/0005434989?sid=105,2025-11-16 14:09:09,IT/과학,"LGU+, 서울 지하철 9호선 전 구간 단일 통신망 구축","박성주 서울메트로9호선 대표이사(왼쪽 여섯번째), 임장혁 LG유플러스 기업고객그룹장(왼쪽 일곱번째) 등 관계자들이 지난 10일 서울 지하철 9호선 전 구간 '철도통합무선망(LTE-R)' 구축 완료 보고회에서 기념촬영을 하고 있다. LG유플러스 제공[파이낸셜뉴스] LG유플러스는 서울시메트로9호선, 서울교통공사 9호선운영부문과 함께 서울 지하철 9호선 전 구간에 '철도통합무선망(LTE-R)' 구축을 완료했다고 16일 밝혔다.2023년 착수한 1단계(개화~신논현, 27㎞ 25개역)에 이어 2·3단계(언주~중앙보훈병원, 13개역) 사업이 마무리되면서 총 38개 역사 약 40㎞ 구간이 하나의 통신망으로 연결됐다.LTE-R은 철도 운행용으로 설계된 차세대 무선통신망이다. 기관사과 종합관제센터, 안전관리실 간 음성과 영상, 운행 데이터를 실시간으로 주고받을 수 있다. 기존 통신기술(TRS·VHF)에 비해 전송 속도와 안정성이 높아 기관사는 열차가 역사에 진입하기 전 약 400m 거리에서 승강장 상황을 미리 확인할 수 있다. 종합관제센터는 동시에 여러 열차의 운행 상태를 모니터링하며 신속하게 지시를 내릴 수 있다.서울 9호선은 하루 평균 70만명 이상이 이용하는 핵심 도시철도 노선이다. LTE-R 구축을 통해 비상상황 대응 속도와 운행 안전성이 한층 강화될 전망이다. LG유플러스는 노선 전체가 단일 무선망으로 통합되면서 통신 품질과 유지보수 효율성도 높아졌다고 강조했다.LG유플러스는 앞서 서울 지하철 1·2·3·4·5·7·8호선과 신림선 경전철, 서해선(소사~원시선) 등 다수 노선에서 LTE-R 구축을 완료했다. 특히 서울교통공사와 협력해 1호선부터 8호선까지 노후 무선설비를 LTE-R로 전환한 경험을 바탕으로 이번 9호선 사업에서도 안정적인 품질을 확보했다고 전했다.국내 최초로 'LTE-R 간 양방향 무선망기지국(RAN)' 기술을 9호선에 적용했다. 이를 통해 환승 구간의 전파 간섭 문제를 근본적으로 해결하고 안정적인 통신 품질을 확보한 혁신적 사례로 평가받았다. 특히 김포공항역 구간에서 기지국 상호 공유로 망 운용 효율성을 높였으며 향후 전국 도시철도 LTE-R 구간의 전파 간섭 문제해소에 확산할 전망이다.임장혁 LG유플러스 기업고객그룹장(전무)는 ""서울시와 함께 시민의 발이 되는 9호선의 운행 안전을 높일 수 있어 의미가 크다""며 ""축적된 통신 기술과 운영 경험을 바탕으로 도시철도와 공공 인프라의 안전성을 지속적으로 강화하겠다""고 말했다."
https://n.news.naver.com/mnews/article/468/0001194823?sid=103,2025-11-16 16:56:13,생활/문화,"MZ세대 관심사 ‘예술’…LGU+, ‘AI와 인간의 공존’ 전시","일상비일상의틈byU+, 12월31일까지 공개국내 대표 9명 작가…동양·현대 미술 층별 구성LG유플러스의 복합문화공간인 ‘일상비일상의틈byU+’이 현대 미술을 감상할 수 있는 전시공간으로 마련된다. 사진 | LG유플러스[스포츠서울 | 표권향 기자] LG유플러스의 복합문화공간 ‘일상비일상의틈byU+(이하 틈)’이 현대 미술을 감상할 수 있는 전시공간으로 거듭난다. ‘갤러리호튼’과 협업한 이번 현대 미술 전시에는 점·선·면 시리즈로 이우환 작가, 이세현 작가 등 9명의 작품을 전시한다.서울 강남대로에 있는 틈은 LG유플러스가 2020년 9월 개관한 복합문화공간이자 소통 커뮤니티로, 새로운 주제로 팝업 전시를 이어가고 있다. 특히 프로야구 LG트윈스, 레고코리아 등과 협업하며 MZ세대는 물론 전 연령대 고객들을 맞이하고 있다.LG유플러스는 최근 MZ세대를 중심으로 예술 작품 감상 등 문화생활에 대한 관심이 높다는 점에 착안해 이번 전시를 기획했다. 전시의 완성도를 높이기 위해 젊은 감각의 작가들과의 협업 프로그램을 다수 진행해온 ‘갤러리호튼’과 작품 선정부터 작품 배치 등 기획 전반에서 협업을 진행했다.LG유플러스의 복합문화공간 ‘일상비일상의틈byU+’이 12월31일까지 ‘창조의 경제: AI와 인간 그리고 예술’를 주제로 현대 미술을 전시한다. 사진 | LG유플러스이번 전시는 지난 14일부터 12월31일까지 ‘창조의 경제: AI와 인간 그리고 예술’를 주제로 펼쳐진다. 참여하는 작가는 이우환·이세현·양정욱·박서보·유화수·윤석원·장진승·에디람·박한샘 등 9명이다.LG유플러스는 층마다 다른 주제의 작품들로 구성했다. 1층은 동양적인 느낌의 작품으로 안정감 있는 전시 공간을 마련했다. 2층과 지하 1층은 AI를 접목한 작품들로 현대적 감각을 살렸다.최윤정 기획자는 이번 프로젝트에서 예술과 기술이 공존하는 새로운 감각적 공간을 구현하는 데 주력했다. 그는 “이번 프로젝트는 단순한 전시 기획이 아니라 예술적 사고의 확장”이라며 “작품을 넘어 공간 전체를 하나의 캔버스로 해석하는 전시를 통해 인간과 기술, 그리고 예술이 서로의 경계를 넘어 새로운 창조의 가능성을 보여줄 것”이라고 설명했다.LG유플러스는 앞으로도 틈을 고객이 브랜드를 경험하는 공간을 넘어 예술과 일상이 만나는 문화 공간으로 발전시킬 계획이다.LG유플러스 정혜윤 마케팅그룹장(상무)은 “현대미술 작가들과의 협업을 통해 틈에서 예술과 기술을 결합한 전시를 준비했다”며 “앞으로도 틈과 예술 분야 협업을 확대해 고객들이 일상 속에서 LG유플러스를 보다 쉽게 접할 수 있도록 할 것”이라고 말했다. gioia@sportsseoul.com"
https://n.news.naver.com/mnews/article/011/0004556435?sid=105,2025-11-16 17:09:09,IT/과학,"""AI 인재 직접 길러 확보"" 판교에 캠퍼스 차린 KT","최대 300명 수강 시설 만들어오픈 앞두고 파일럿 커리큘럼SKT·LGU+도 선점 경쟁 나서서울 종로구 KT 광화문빌딩 웨스트 사옥. 사진 제공=KT[서울경제]KT(030200)가 인공지능(AI) 인재 선점을 위한 오프라인 교육 거점을 마련했다. 직장인과 대학생 등 일반인에게 직접 AI를 가르쳐 자사 기술을 알리고 인재 확보까지 연계하려는 구상이다. 특히 정보기술(IT) 기업이 밀집한 경기 성남시 판교에 거점을 둠으로써 인근 개발자 커뮤니티를 적극 공략할 방침이다.16일 통신업계에 따르면 KT는 판교 사옥에 최대 300명이 동시 수강 할 수 있는 오프라인 교육시설 ‘AI 캠퍼스’를 조만간 개관한다. 일반인을 대상으로 AI 관련 교육과정을 운영하는 공간으로 현재 개관에 앞서 파일럿 커리큘럼(시범 교육과정)이 진행 중이다.교육과정은 AI 개념을 배우고 체험하는 입문과정 ‘AI 리터러시’부터 생성형 AI로 콘텐츠를 생성하고 응용 서비스를 개발하는 등 실무를 배우는 ‘생성형 AI’, 데이터 수집 및 정제, 기초 통계 및 탐색적 분석(EDA) 등 심화 개념을 배우는 ‘분석형 AI’까지 난이도별 세 단계로 구성될 예정이다. 마이크로소프트(MS)와 협력해 ‘코파일럿’ 등 회사의 AI 솔루션 활용법을 배우는 별도 교육과정도 마련된다.AI 캠퍼스는 앞서 3월 KT가 MS와의 협력 일환으로 발표한 전국민 대상 ‘AI 스킬링 이니셔티브’ 추진과 ‘AI 교육센터’ 설립 계획을 구체화한 것이다. KT는 AI 기업 전환을 위해 내부 임직원 중심으로 AI 교육을 강화해왔는데 더 나아가 외부에도 자사 기술을 적극 확산하겠다는 것이다. KT 관계자는 “AI 인재 풀을 주도적으로 확보해야 향후 채용과 사업 협력에서 유리해질 수 있다”고 말했다.다른 통신사들도 AI 교육 프로그램을 확대 중이다. 통신사들이 자체 모델과 인프라를 갖추는 등 AI 기업으로서 어느 정도 경쟁력을 확보하면서 이제 빅테크 기업처럼 개발자 생태계 선점에도 뛰어들기 시작한 것이다.LG유플러스(032640)는 9월 전국민 대상 AI 교육·체험 프로그램을 추진하기 위한 협력체 ‘AI 유니버스’를 출범했다. 첫 활동으로 이달 9일 김경훈 오픈AI코리아 대표 등을 연사로 초청해 직장인 대상 AI 토크콘서트를 진행했다.SK텔레콤(017670)은 통신업계에서 가장 먼저 ‘플라이(FLY) AI’ 프로그램을 운영해왔다."
https://n.news.naver.com/mnews/article/014/0005435065?sid=105,2025-11-16 18:14:19,IT/과학,LGU+ 지하철 9호선 전 구간에 단일 통신망 구축,"38개 역사 40㎞ 'LTE-R'로 연결LG유플러스는 서울시메트로9호선, 서울교통공사 9호선운영부문과 함께 서울 지하철 9호선 전 구간에 '철도통합무선망(LTE-R)' 구축을 완료했다고 16일 밝혔다.2023년 착수한 1단계(개화~신논현, 27㎞ 25개역)에 이어 2·3단계(언주~중앙보훈병원, 13개역) 사업이 마무리되면서 총 38개 역사 약 40㎞ 구간이 하나의 통신망으로 연결됐다.LTE-R은 철도 운행용으로 설계된 차세대 무선통신망이다. 기관사과 종합관제센터, 안전관리실 간 음성과 영상, 운행 데이터를 실시간으로 주고받을 수 있다. 기존 통신기술(TRS·VHF)에 비해 전송 속도와 안정성이 높아 기관사는 열차가 역사에 진입하기 전 약 400m 거리에서 승강장 상황을 미리 확인할 수 있다. 종합관제센터는 동시에 여러 열차의 운행 상태를 모니터링하며 신속하게 지시를 내릴 수 있다.서울 9호선은 하루 평균 70만명 이상이 이용하는 핵심 도시철도 노선이다. LTE-R 구축을 통해 비상상황 대응 속도와 운행 안전성이 한층 강화될 전망이다. LG유플러스는 노선 전체가 단일 무선망으로 통합되면서 통신 품질과 유지보수 효율성도 높아졌다고 강조했다.LG유플러스는 앞서 서울 지하철 1·2·3·4·5·7·8호선과 신림선 경전철, 서해선(소사~원시선) 등 다수 노선에서 LTE-R 구축을 완료했다. 특히 서울교통공사와 협력해 1호선부터 8호선까지 노후 무선설비를 LTE-R로 전환한 경험을 바탕으로 이번 9호선 사업에서도 안정적인 품질을 확보했다고 전했다."
https://n.news.naver.com/mnews/article/020/0003674816?sid=101,2025-11-17 03:03:24,경제,"[경제계 단신]LGU+, 지하철 9호선 전 구간에 ‘LTE-R’ 구축 外","■ LGU+, 지하철 9호선 전 구간에 ‘LTE-R’ 구축LG유플러스는 서울시 메트로9호선, 서울교통공사 9호선 운영부문과 함께 서울 지하철 9호선 전 구간에 ‘LTE-R’(철도통합무선망) 구축을 완료했다고 16일 밝혔다. 이번 구축으로 개화역부터 중앙보훈병원역까지 총 38개 역사, 40km 구간이 하나의 통신망으로 연결됐다. LTE-R은 철도 운행용으로 설계된 차세대 무선통신망으로 LG유플러스는 앞서 1∼8호선의 노후 무선설비를 LTE-R로 전환했다.■ 롯데홈쇼핑, ‘작은도서관’ 100호 특별관 개관롯데홈쇼핑은 서울시 어린이병원 발달센터에 ‘작은도서관’ 100호 특별관을 개관했다고 16일 밝혔다. 100호 특별관에는 직원들이 기증한 도서 1000여 권, 의류를 업사이클링한 책상과 책장 등이 비치됐다. 13일 열린 개관식에는 김재겸 롯데홈쇼핑 대표와 남민 어린이병원 원장, 김병윤 구세군 한국군국 사령관 등이 참석했다. 작은도서관은 롯데홈쇼핑과 구세군 한국군국이 2013년부터 12년 동안 이어온 사회공헌사업이다. 현재까지 누적 기부금은 30억 원 이상으로 20만 권의 도서를 지원해 왔다.■ KOTRA, 미국서 ‘한-미 드론 로드쇼’ 열어KOTRA는 11월 12∼14일(현지 시간) 미국 오클라호마에서 항공안전기술원과 함께 ‘한-미 드론 로드쇼’를 개최했다고 16일 밝혔다. 이번 행사는 연평균 9.2% 성장하고 있는 미국 드론 시장을 공략하기 위해 마련됐다. 이번 행사에는 국내 드론 기업 8개사가 드론 본체와 부품, 자율비행 솔루션 등을 앞세워 참가했다. 이들은 현지 바이어 20개사와 총 56건, 1500만 달러 규모의 기업 간 거래(B2B) 상담을 진행했다."
https://n.news.naver.com/mnews/article/421/0008607846?sid=101,2025-11-17 08:58:00,경제,"아톤, 과기정통부 부총리 겸 장관 표창 '수상'","'2025 대한민국 Digital Innovation Award' 부총리 겸 장관 표창 수상간편인증서 대중화 선도를 통해 핀테크 혁신에 공헌(서울=뉴스1) 이재상 기자 = 핀테크 보안기업 아톤(대표이사 김종서, 우길수)은 디지털 금융 인증기술 혁신을 통해 국내 디지털 경제∙사회 구현에 기여한 공로를 인정받아 과학기술정보통신부로부터 부총리 겸 장관 표창을 받았다고 17일 밝혔다.왼쪽 두번째 우길수 아톤 대표이사, 가운데 이도규 과기정통부 정보통신정책실장 / 사진=아톤 제공아톤은 지난 14일 서울 강남구 슈피겐홀에서 열린 '2025 대한민국 디지털 이노베이션 어워드' 시상식에서 표창을 받았다.정부로부터 모바일OTP, 간편인증, PASS인증서 등 핀테크 인증 기술로 국내 디지털 금융 시장에 혁신을 가져오고 솔루션의 해외 공급을 통해 K-디지털 위상 제고에 기여한 점을 인정받았다.아톤은 2017년 KB국민은행에 국내 최초로 민간인증서를 공급하며 간편인증 시대를 열었다. 이후 신한은행, IBK기업은행, NH농협은행 등 주요 대형은행과 증권사에 사설인증서를 확대 공급하며 안전하고 편리한 간편인증 서비스 구축을 주도했다.특히 2019년 통신 3사(SKT, KT, LGU+)와 함께 선보인 패스(PASS) 인증서는 현재까지 누적 발급 건수 1억 건을 돌파하며 국민 인증서로 자리매김했다.스마트폰 내에서 간편한 본인 인증과 전자서명이 가능해 2600개에 달하는 민간 및 공공기관에서 폭넓게 활용되고 있다.아톤의 모바일OTP는 국내 시장 발급 건수 5000만 건을 넘어 해외 시장에서도 주목받고 있다. 2017년 베트남을 시작으로 일본, 인도네시아, 인도, 캄보디아, 캐나다, 미국 등 7개국 현지 은행 및 증권사에 공급을 확장했다.또한 아톤은 디지털 금융 환경 변화에 맞춰 차세대 보안 솔루션 개발에도 앞장서고 있다. 양자컴퓨팅 시대에 대응하기 위해 양자내성암호(PQC) 기반 인증·보안 솔루션 4종을 개발해 2025년 상용화했다.해당 솔루션은 입력→인증→전송→저장 전 과정의 보안을 제공하며 금융뿐만 아니라 의료·제조·국방 등 고도의 보안이 요구되는 분야에서 활용이 가능하다.이외에도 아톤은 올해 한국은행 주도의 중앙은행디지털화폐(CBDC) 실증사업에 참여해 민간 은행 대응 시스템을 구축했다.최근 NH농협은행 및 뮤직카우와 협력해 K-POP 콘텐츠 기반의 문화투자 상품과 원화 스테이블코인의 융합모델 개발을 추진하는 등 디지털자산 관련 비즈니스에 대응하고 있다.우길수 아톤 대표이사는 ""이번 수상은 아톤이 국내 디지털 금융 인증 기술 혁신을 선도해 온 노력을 인정받았다는 점에서 큰 의미가 있다""며 ""앞으로도 AI 기반 클라우드 보안, 양자보안 등 차세대 인증·보안 기술의 시장 공급에 집중하고, 세계 시장 진출을 가속해 디지털 금융 생태계 발전에 기여하는 기업으로 성장해 나가겠다""고 말했다."
https://n.news.naver.com/mnews/article/421/0008607864?sid=105,2025-11-17 09:00:00,IT/과학,"'단말 없어도 사람·사물 감지'…LGU+, 2025 6G 백서 발간","6G 핵심 기술 'ISAC' 원리·구조 설명LG유플러스는 6G 시대의 핵심 기술로 주목받는 통신·센싱 융합 기술(ISAC)을 주제로 '2025년 6G 백서'를 17일 발간했다.. 6G 백서 표지를 모델이 선보이고 있는 모습을 AI로 생성한 이미지. 2025.11.17/뉴스1(LG유플러스 제공)(서울=뉴스1) 김민수 기자 = LG유플러스(032640)가 6G 시대 핵심 기술로 주목받는 통신·센싱 융합 기술(ISAC·Integrated Sensing and Communication)을 주제로 '2025년 6G 백서'를 17일 발간했다.ISAC은 기존 통신 인프라를 센서처럼 활용해 기기를 가지고 있지 않은 사람이나 사물도 감지할 수 있는 기술이다. 스마트폰을 들고 있지 않은 보행자의 움직임이나 도로 위 장애물, 공장 기계의 미세한 진동까지도 통신망을 통해 인식할 수 있다.백서에서는 ISAC 기술의 원리와 구조를 설명하며, 기존 레이더와 5G 기지국 안테나의 유사성을 기반으로 센싱 기능을 통신망에 통합하는 방식과, ISAC 기술의 단일 위치 센싱(Monostatic), 이중 위치 센싱(Bistatic), 다중 위치 센싱(Multistatic) 등 다양한 센싱 구조를 다뤘다. 또한 데이터를 여러 주파수로 나눠 전송하는 직교 주파수 분할 다중화(OFDM) 기반 센싱 시그널을 활용해 통신 성능 저하 없이 센싱 기능을 구현하는 최신 기술 동향도 담겼다.백서는 △센싱 기반 네트워크 최적화 △통신 기반 센싱 확장 △통신·센싱 융합 서비스 등 주요 활용 시나리오도 제시했다. 도심 교차로에서 보행자를 10㎝ 이하 정밀도로 감지하거나, 스마트팩토리 내 로봇·작업자의 위치를 실시간 파악해 디지털 트윈을 구성하는 방식 등이 포함됐다.기술 기반으로는 △통신·센싱 융합 물리채널 △AI 기반 자원 최적화 △차세대 RF·안테나 기술 △센싱 전용 시스템 아키텍처 △AI/머신러닝 기반 예측 기술 등이 제안됐다. 특히 엣지 기반 분산 처리 구조는 ISAC의 실시간성 확보의 핵심으로 평가됐다.2025 6G 백서는 LG유플러스 뉴스룸에서 내려받을 수 있다."
https://n.news.naver.com/mnews/article/003/0013603670?sid=105,2025-11-17 09:00:00,IT/과학,"LGU+, '올해 6G 백서' 발간…핵심 기술 ISAC 주목","LGU+, 6G 시대의 지능형 플랫폼 진화 방향 제시""ISAC 기술 개발, 표준화 활동으로 6G 시대 선도""[서울=뉴시스]박은비 기자 = LG유플러스는 6G 시대 핵심 기술로 주목받는 통신·센싱 융합 기술(ISAC)을 중심으로 '2025년 6G 백서'를 발간했다고 17일 밝혔다.이번 백서는 LG유플러스가 지난 2023년부터 낸 6G 백서 후속판이다. 6G 시대 통신 네트워크가 단순한 연결을 넘어 환경을 인지하고 상호작용하는 지능형 플랫폼으로 진화하는 방향을 제시한다.ISAC는 기존 통신 인프라를 센서처럼 활용해 기기를 갖고 있지 않은 사람이나 사물도 감지할 수 있는 기술이다. 예를 들어 스마트폰을 들고 있지 않은 보행자 움직임이나 도로 위 장애물, 공장 기계의 미세한 진동까지 통신망을 통해 인식할 수 있다.이는 통신망이 단순히 데이터를 주고받는 역할을 넘어 주변을 보고 느끼는 센서처럼 작동하는 것을 의미한다.백서에서는 ISAC 기술 원리와 구조를 설명하며 ISAC 기술 단일 위치 센싱, 이중 위치 센싱, 다중 위치 센싱 등 다양한 센싱 구조를 소개했다. 또한 데이터를 여러 주파수로 나눠 전송하는 직교 주파수 분할 다중화(OFDM) 기반 센싱 시그널을 활용해 통신 성능 저하 없이 센싱 기능을 구현하는 최신 기술 동향도 함께 다뤘다.특히 LG유플러스는 통신 네트워크가 단순한 데이터 전달을 넘어 지능형 환경 인지와 실시간 상호작용이 가능한 인프라로 진화할 수 있다고 보고 있다. 이를 통해 통신사는 스마트시티, 자율주행, 확장현실(XR) 등 고부가가치 산업 영역으로 확장이 가능하며, 기존 인프라를 활용한 서비스형 센싱 모델로 새로운 수익 창출을 기대할 수 있다는 판단이다.백서에서는 ISAC 주요 활용 시나리오로 센싱 기반 통신 최적화, 통신 기반 센싱 확장, 통신·센싱 융합 서비스 구현을 제시하면서 각 시나리오별 KPI(위치 정확도, 지연 시간, 데이터 용량 등)를 구체적으로 설명했다. 예를 들어 도심 교차로에서 보행자 위치를 10㎝ 이하 정밀도로 감지하거나 스마트팩토리에서 로봇과 작업자 실시간 위치를 파악해 디지털 트윈을 구현하는 사례가 포함됐다.이혜진 LG유플러스 기술전략담당은 ""ISAC는 6G 시대 게임 체인저로 통신 네트워크가 단순한 데이터 파이프를 넘어 세상을 감지하고 이해하는 지능형 인프라로 진화할 수 있는 기반 기술""이라며 ""LG유플러스는 ISAC 기술 개발과 글로벌 표준화 활동으로 6G 시대를 선도해 나가겠다""고 말했다."
https://n.news.naver.com/mnews/article/008/0005278970?sid=105,2025-11-17 09:00:00,IT/과학,"LGU+, ISAC 기반 6G 전략 공개...미래 네트워크 사업 로드맵 제시","2025년 6G 백서 발간6G 백서 표지를 모델이 선보이고 있다. /사진=LG유플러스LG유플러스가 차세대 이동통신 시대를 앞두고 핵심 기술로 꼽히는 통신·센싱 융합(ISAC, Integrated Sensing and Communication) 기술 개발에 속도를 내고 있다. 회사는 이러한 기술적 방향성을 담은 '2025년 6G 백서'를 발간했다고 17일 밝혔다.이번 백서는 LG유플러스가 2023년부터 발간한 6G 백서의 후속판으로, 6G 시대의 통신 네트워크가 단순한 연결을 넘어 환경을 인지하고 상호작용하는 지능형 플랫폼으로 진화하는 방향을 제시한다.ISAC은 기존 통신 인프라를 센서처럼 활용해 기기를 가지고 있지 않은 사람이나 사물도 감지할 수 있는 기술이다. 예를 들어 스마트폰을 들고 있지 않은 보행자의 움직임이나 도로 위 장애물, 공장 기계의 미세한 진동까지도 통신망을 통해 인식할 수 있다. 이는 통신망이 단순히 데이터를 주고받는 역할을 넘어서, 주변을 '보고 느끼는' 센서처럼 작동하는 것을 의미한다.백서에서는 ISAC 기술의 원리와 구조를 설명하며, 기존 레이더와 5G 기지국 안테나의 유사성을 기반으로 센싱 기능을 통신망에 통합하는 방식과, ISAC 기술의 단일 위치 센싱(Monostatic), 이중 위치 센싱(Bistatic), 다중 위치 센싱(Multistatic) 등 다양한 센싱 구조를 소개했다. 또 데이터를 여러 주파수로 나눠 전송하는 직교 주파수 분할 다중화 기반 센싱 시그널을 활용해 통신 성능 저하 없이 센싱 기능을 구현하는 최신 기술 동향도 함께 다뤘다.백서에서는 ISAC의 주요 활용 시나리오로 △센싱 기반 통신 최적화 △통신 기반 센싱 확장 △통신·센싱 융합 서비스 구현을 제시하며, 각 시나리오별 KPI(위치 정확도, 지연 시간, 데이터 용량 등)를 구체적으로 설명했다. 예를 들어 도심 교차로에서 보행자 위치를 10㎝ 이하의 정밀도로 감지하거나, 스마트팩토리에서 로봇과 작업자의 실시간 위치를 파악해 디지털 트윈을 구현하는 사례가 포함됐다.이혜진 LG유플러스 기술전략담당은 ""ISAC는 6G 시대의 게임 체인저로, 통신 네트워크가 단순한 데이터 파이프를 넘어 세상을 감지하고 이해하는 지능형 인프라로 진화할 수 있는 기반 기술""이라며, ""LG유플러스는 ISAC 기술 개발과 글로벌 표준화 활동으로 6G 시대를 선도해 나가겠다""고 말했다."
https://n.news.naver.com/mnews/article/031/0000981352?sid=105,2025-11-17 09:01:13,IT/과학,"LGU+, 통신·센싱 융합한 '2025년 6G 백서' 발간","스마트시티·자율주행 위한 ISAC 기술 발전 방향 제시LG유플러스는 6G 핵심 기술로 주목받는 통신·센싱 융합 기술(ISAC)을 주제로 한 '2025년 6G 백서'를 17일 발간했다.6G 백서 표지를 모델이 선보이고 있는 모습을 AI로 생성한 이미지. [사진=LGU+]이번 백서는 지난해 발간된 6G 백서의 후속판으로, 6G 시대의 네트워크가 단순한 연결 기능을 넘어 환경을 인지하고 상호작용하는 지능형 플랫폼으로 진화하는 방향을 제시했다.ISAC는 기존 통신 인프라를 센서처럼 활용해 스마트폰을 소지하지 않은 사람이나 사물도 인식할 수 있는 기술이다. 이를 통해 통신망이 단순히 데이터를 주고받는 역할을 넘어, 보행자의 움직임, 도로 위 장애물, 공장 설비의 미세 진동 등도 감지할 수 있다.백서는 ISAC 기술의 구조와 동작 원리를 소개하며 △기존 레이더와 통신 기지국 안테나의 유사성을 활용한 센싱 기능 통합 방식 △단일 위치(Monostatic)·이중 위치(Bistatic)·다중 위치(Multistatic) 등 다양한 센싱 구조 △OFDM 기반 센싱 시그널 등 통신 성능 저하 없이 센싱을 구현하는 최신 기술 동향을 설명했다.LG유플러스는 통신망이 지능형 인프라로 진화하면 스마트시티, 자율주행, 확장현실(XR) 등 고부가가치 산업으로의 확장이 가능하다고 강조했다. 특히 기존 인프라를 기반으로 한 '서비스형 센싱(Sensing-as-a-Service)' 모델을 통해 새로운 수익 창출도 기대할 수 있다고 밝혔다.이와 함께 △센싱 기반 통신 최적화 △통신 기반 센싱 확장 △통신·센싱 융합 서비스 구현 등 세 가지 주요 활용 시나리오와 각 시나리오별 KPI(위치 정확도, 지연 시간, 데이터 용량 등)도 제시됐다. 예를 들어 도심 교차로에서 10㎝ 이하의 정밀도로 보행자를 감지하거나, 스마트팩토리에서 로봇과 작업자의 위치를 실시간 파악해 디지털 트윈을 구현하는 방식이다.이혜진 LG유플러스 기술전략담당은 ""ISAC는 6G 시대의 게임 체인저로, 통신망이 세상을 감지하고 이해하는 지능형 인프라로 진화할 수 있는 기반 기술""이라며 ""LG유플러스는 ISAC 기술 개발과 글로벌 표준화 활동을 통해 6G 시대를 선도하겠다""고 말했다."
https://n.news.naver.com/mnews/article/092/0002398626?sid=105,2025-11-17 09:01:13,IT/과학,"LGU+, 6G 시대 통신·센싱 융합 청사진 제시","ISAC 주제로 6G 백서 발간LG유플러스는 6G 시대의 핵심기술로 주목받는 통신 센싱 융합 기술(ISAC)을 주제로 ‘2025년 6G 백서’를 발간했다고 17일 밝혔다.백서는 LG유플러스가 2023년부터 발간한 6G 백서의 후속판으로, 6G 시대의 통신 네트워크가 단순한 연결을 넘어 환경을 인지하고 상호작용하는 지능형 플랫폼으로 진화하는 방향을 제시한다.ISAC은 기존 통신 인프라를 센서처럼 활용해 기기를 가지고 있지 않은 사람이나 사물도 감지할 수 있는 기술이다. 예컨대 스마트폰을 들고 있지 않은 보행자의 움직임이나 도로 위 장애물, 공장 기계의 미세한 진동까지도 통신망을 통해 인식할 수 있다. 이는 통신망이 단순히 데이터를 주고받는 역할을 넘어서, 주변을 ‘보고 느끼는’ 센서처럼 작동하는 것을 의미한다.백서에서는 ISAC 기술의 원리와 구조를 설명하며 기존 레이더와 5G 기지국 안테나의 유사성을 기반으로 센싱 기능을 통신망에 통합하는 방식과 ISAC 기술의 단일 위치 센싱, 이중 위치 센싱, 다중 위치 센싱 등 다양한 센싱 구조를 소개했다.또한 데이터를 여러 주파수로 나눠 전송하는 직교 주파수 분할 다중화(OFDM) 기반 센싱 시그널을 활용해 통신 성능 저하 없이 센싱 기능을 구현하는 최신 기술 동향도 함께 다뤘다.특히 LG유플러스는 통신 네트워크가 단순한 데이터 전달을 넘어 지능형 환경 인지와 실시간 상호작용이 가능한 인프라로 진화할 수 있다고 강조했다. 이를 통해 통신사는 스마트시티, 자율주행, XR 등 고부가가치 산업 영역으로의 확장이 가능하며 기존 인프라를 활용한 서비스형 센싱 모델을 통해 새로운 수익 창출을 기대할 수 있다.백서에서는 ISAC의 주요 활용 시나리오로 ▲센싱 기반 통신 최적화 ▲통신 기반 센싱 확장 ▲통신 센싱 융합 서비스 구현을 제시하며, 각 시나리오별 KPI를 구체적으로 설명했다. 기술적 기반으로는 ▲통신 센싱 융합을 위한 물리채널 설계 ▲AI 기반 자원 최적화 ▲차세대 RF 및 안테나 기술 ▲센싱 전용 시스템 아키텍처 ▲AI/머신러닝 기반 예측 기술 등이 제시됐다. 특히, AI를 활용한 자원 할당 최적화와 엣지 기반 분산 처리 구조는 ISAC의 실시간성과 효율성을 높이는 핵심 요소로 평가된다.이혜진 LG유플러스 기술전략담당은 “ISAC는 6G 시대의 게임 체인저로, 통신 네트워크가 단순한 데이터 파이프를 넘어 세상을 감지하고 이해하는 지능형 인프라로 진화할 수 있는 기반 기술”이라며, “LG유플러스는 ISAC 기술 개발과 글로벌 표준화 활동으로 6G 시대를 선도해 나가겠다”고 말했다."
https://n.news.naver.com/mnews/article/119/0003025718?sid=103,2025-11-17 09:01:14,생활/문화,"착한의사, LG U+ 멤버십 제휴 체결…고객 대상 건강검진 혜택 강화","일상 속 건강검진을 연결하는 디지털 헬스케어 생태계 구축 목표U+ 멤버십 내 쿠폰 찾기 Flow. ⓒ비바이노베이션[데일리안 = 박영민 기자] 건강검진 플랫폼 ‘착한의사’ 운영사 비바이노베이션은 LG유플러스 멤버십 고객을 대상으로 건강검진 혜택을 제공하는 제휴를 체결했다고 밝혔다.멤버십 고객은 LG U+ 멤버십 앱 ‘U+one’을 통해 멤버십 혜택 사용 절차로 간편하게 서비스를 이용할 수 있고, 종합건강검진 최대 49% 할인, 서비스 이용료 15,000원 할인 등 다양한 쿠폰 혜택을 받을 수 있다.이번 제휴로 LG U+ 멤버십 고객은 전국 430여 제휴 검진센터와 2만여 종의 검진상품 중 원하는 건강검진을 합리적인 비용으로 예약할 수 있게 됐다.착한의사 플랫폼 운영사인 비바이노베이션 오정일 최고고객책임자(CCO)는 “착한의사 비즈(Biz)는 기업 담당자에게는 맞춤형으로 적용 가능한 서비스로 기업 플랫폼 이용자에게 개인 건강검진 데이터를 통한 건강관리가 가능한 헬스케어 서비스”라며 “건강관리의 출발점인 건강검진을 누구나 쉽고 합리적으로 이용할 수 있도록 다양한 기업 플랫폼과의 제휴를 확대해 나가겠다”고 밝혔다.한편 ‘착한의사’는 건강검진 시장에서 국내 최초로 개인(B2C) 거래 서비스를 제공하며 국내 최다 200만 명의 이용자를 확보하고 있으며, 종합건강검진외에도 국가/특수/채용 건강검진 서비스로의 영역 확대 및 기업(B2B)/공공기관(B2G) 등 서비스 제공처를 공격적으로 확대하며 빠르게 성장하고 있는 건강검진 전문 플랫폼으로 검사추천, 예약·결제, 결과확인, 검진 사후 추적관찰 등 건강검진 여정 전체를 케어하고 있다."
https://n.news.naver.com/mnews/article/011/0004556630?sid=105,2025-11-17 09:23:09,IT/과학,"""보행자까지 감지…6G 시대 '지능형 통신망' 구현""","◆LGU+, 6G 백서 발간통신-센싱 융합기술·최신 기술 동향 담아통신업·자율주행 등 미래 인프라 비전 제시6G 백서 표지를 모델이 선보이고 있는 모습을 AI로 생성한 이미지. 사진제공=LG유플러스[서울경제]6세대(6G) 기술이 보급되면 통신망 인프라가 데이터를 주고받는 역할을 넘어 주변을 보고 느끼는 센서로 진화할 것이라는 전망이 나왔다. 도심 교차로에서 보행자 위치를 10㎝ 이하의 정밀도로 감지하는 등 기술 발전을 통해 통신업과 자율주행 등 고부가가치 산업 간 시너지가 강화될 것이란 관측이 나온다.LG유플러스는 이 같은 내용을 담아 통신·센싱 융합 기술(ISAC)을 주제로 ‘2025년 6G 백서’를 발간했다고 17일 밝혔다. 이번 백서는 LG유플러스가 2023년부터 발간한 6세대(6G) 백서의 후속판이다.6G 시대의 핵심 기술로 주목받는 ISAC은 기존 통신 인프라를 센서처럼 활용해 기기를 가지고 있지 않은 사람이나 사물도 감지할 수 있는 기술이다. 예를 들어 스마트폰을 들고 있지 않은 보행자의 움직임이나 도로 위 장애물, 공장 기계의 미세한 진동까지도 통신망을 통해 인식할 수 있다. 스마트팩토리에선 로봇과 작업자의 실시간 위치를 기반으로 디지털 트윈이 구현된다.백서에서는 ISAC 기술의 원리와 구조를 설명하며 다양한 센싱 구조를 소개했다. 또한 통신 성능 저하 없이 센싱 기능을 구현하는 최신 기술 동향도 함께 다뤘다. LG유플러스는 통신 네트워크가 단순한 데이터 전달을 넘어 지능형 환경 인지와 실시간 상호작용이 가능한 인프라로 진화할 수 있다고 강조했다. 이를 통해 통신사는 스마트시티, 자율주행 등 고부가가치 산업 영역으로의 확장이 가능하며 기존 인프라를 활용한 서비스형 센싱 모델을 통해 새로운 수익 창출을 기대할 수 있다.백서에서는 ISAC의 주요 활용 시나리오로 △센싱 기반 통신 최적화 △통신 기반 센싱 확장 △통신·센싱 융합 서비스 구현을 제시한다. 특히 인공지능(AI)을 활용한 자원 할당 최적화와 엣지 기반 분산 처리 구조는 ISAC의 실시간성과 효율성을 높이는 핵심 요소로 평가된다.이혜진 LG유플러스 기술전략담당은 “ISAC는 6G 시대의 게임 체인저로 통신 네트워크가 단순한 데이터 파이프를 넘어 세상을 감지하고 이해하는 지능형 인프라로 진화할 수 있는 기반 기술”이라며 “LG유플러스는 ISAC 기술 개발과 글로벌 표준화 활동으로 6G 시대를 선도해 나가겠다”고 말했다."
https://n.news.naver.com/mnews/article/030/0003370697?sid=105,2025-11-17 09:37:14,IT/과학,"LGU+, 6G 백서 발간…통신·센싱 융합기술 비전 담아","모델이 6G 백서 표지를 선보이고 있는 모습을 AI로 생성한 이미지LG유플러스는 6G 시대 핵심기술로 주목받는 통신·센싱 융합기술(ISAC)을 주제로 '2025년 6G 백서'를 발간했다.백서에서는 6G 시대의 통신 네트워크가 단순한 연결을 넘어 환경을 인지하고 상호작용하는 지능형 플랫폼으로 진화하는 방향을 제시한다.ISAC은 기존 통신 인프라를 센서처럼 활용해 기기를 가지고 있지 않은 사람이나 사물도 감지할 수 있는 기술이다. 일례로 스마트폰을 들고 있지 않은 보행자의 움직임이나 도로 위 장애물, 공장 기계의 미세한 진동까지도 통신망을 통해 인식할 수 있다.백서에서는 ISAC 기술의 원리와 구조를 설명한다. 기존 레이더와 5G 기지국 안테나의 유사성을 기반으로 센싱 기능을 통신망에 통합하는 방식과, ISAC 기술의 단일 위치 센싱, 이중 위치 센싱, 다중 위치 센싱 등 다양한 센싱 구조를 소개했다.데이터를 여러 주파수로 나눠 전송하는 직교 주파수 분할 다중화(OFDM) 기반 센싱 시그널을 활용해 통신 성능 저하 없이 센싱 기능을 구현하는 최신 기술 동향도 함께 다뤘다.특히 LG유플러스는 통신 네트워크가 단순한 데이터 전달을 넘어 지능형 환경 인지와 실시간 상호작용이 가능한 인프라로 진화할 수 있다고 강조했다. 이를 통해 통신사는 스마트시티, 자율주행, XR 등 고부가가치 산업 영역으로의 확장이 가능하며, 기존 인프라를 활용한 서비스형 센싱 모델을 통해 새로운 수익 창출을 기대할 수 있다.백서에서는 ISAC의 주요 활용 시나리오로 센싱 기반 통신 최적화, 통신 기반 센싱 확장, 통신·센싱 융합 서비스 구현을 제시했다. 각 시나리오별 KPI(위치 정확도, 지연 시간, 데이터 용량 등)를 구체적으로 설명했다. 기술적 기반으로는 통신·센싱 융합을 위한 물리채널 설계, AI 기반 자원 최적화 등이 제시됐다.이혜진 LG유플러스 기술전략담당은 “ISAC는 6G 시대 게임 체인저로 통신 네트워크가 단순한 데이터 파이프를 넘어 세상을 감지하고 이해하는 지능형 인프라로 진화할 수 있는 기반 기술”이라며, “LG유플러스는 ISAC 기술 개발과 글로벌 표준화 활동으로 6G 시대를 선도해 나가겠다”고 말했다."
https://n.news.naver.com/mnews/article/082/0001353956?sid=101,2025-11-17 09:44:14,경제,"LGU+, 통신-센싱 융합 기술 주제 ‘6G 백서’ 발간","통신망을 센서로 활용, 고부가 서비스 창출통신사업자의 역할 확장, 수익 다변화 가능LG유플러스는 6G 시대의 핵심 기술로 주목받는 통신·센싱 융합 기술(ISAC)을 주제로 ‘2025년 6G 백서’를 발간했다고 17일 밝혔다. 6G 백서 표지를 모델이 선보이고 있는 모습을 AI로 생성한 이미지. LG유플러스 제공LG유플러스가 6G 시대의 핵심 기술로 주목받는 통신·센싱 융합 기술(ISAC, Integrated Sensing and Communication)을 주제로 ‘2025년 6G 백서’를 발간했다고 17일 밝혔다.ISAC은 기존 통신 인프라를 센서처럼 활용해 기기를 가지고 있지 않은 사람이나 사물도 감지할 수 있는 기술이다. 예를 들어, 스마트폰을 들고 있지 않은 보행자의 움직임이나 도로 위 장애물, 공장 기계의 미세한 진동까지도 통신망을 통해 인식할 수 있다. 통신망이 단순히 데이터를 주고받는 역할을 넘어서, 주변을 ‘보고 느끼는’ 센서처럼 작동하는 것을 의미한다.백서에서는 ISAC 기술의 원리와 구조를 설명하며, 기존 레이더와 5G 기지국 안테나의 유사성을 기반으로 센싱 기능을 통신망에 통합하는 방식과, ISAC 기술의 단일 위치 센싱(Monostatic), 이중 위치 센싱(Bistatic), 다중 위치 센싱(Multistatic) 등 다양한 센싱 구조를 소개했다. 데이터를 여러 주파수로 나눠 전송하는 직교 주파수 분할 다중화(OFDM) 기반 센싱 시그널을 활용해 통신 성능 저하 없이 센싱 기능을 구현하는 최신 기술 동향도 함께 다뤘다.LG유플러스는 통신 네트워크가 단순한 데이터 전달을 넘어 지능형 환경 인지와 실시간 상호작용이 가능한 인프라로 진화할 수 있다고 강조했다. 이를 통해 통신사가 스마트시티, 자율주행 등 고부가가치 산업 영역으로의 확장, 서비스형 센싱(Sensing-as-a-Service) 모델을 통해 새로운 수익을 창출할 수 있다고 지적했다.백서에서는 ISAC의 주요 활용 시나리오로 센싱 기반 통신 최적화, 통신 기반 센싱 확장, 통신·센싱 융합 서비스 구현을 제시하며, 각 시나리오별 KPI(위치 정확도, 지연 시간, 데이터 용량 등)를 설명했다. 예를 들어, 도심 교차로에서 보행자 위치를 10㎝ 이하의 정밀도로 감지하거나, 스마트팩토리에서 로봇과 작업자의 실시간 위치를 파악해 디지털 트윈을 구현하는 사례가 포함됐다.이혜진 LG유플러스 기술전략담당은 “ISAC는 6G 시대의 게임 체인저로, 통신 네트워크가 단순한 데이터 파이프를 넘어 세상을 감지하고 이해하는 지능형 인프라로 진화할 수 있는 기반 기술”이라며, “LG유플러스는 ISAC 기술 개발과 글로벌 표준화 활동으로 6G 시대를 선도해 나가겠다”고 말했다."
https://n.news.naver.com/mnews/article/018/0006165835?sid=105,2025-11-17 10:04:14,IT/과학,"아톤, 과기정통부 부총리 겸 장관 표창 수상… ""대한민국 디지털 경제·사회 구현에 기여""","'2025 대한민국 Digital Innovation Award' 부총리 겸 장관 표창 수상간편인증서 대중화 선도를 통해 핀테크 혁신에 공헌[이데일리 이윤정 기자] 핀테크 보안기업 아톤은 디지털 금융 인증기술 혁신을 통해 국내 디지털 경제·사회 구현에 기여한 공로를 인정받아 과학기술정보통신부로부터 부총리 겸 장관 표창을 수상했다고 17일 밝혔다.왼쪽 두번째 우길수 아톤 대표이사, 가운데 이도규 과기정통부 정보통신정책실장지난 14일 서울 강남구 슈피겐홀에서 열린 ‘2025 대한민국 디지털 이노베이션 어워드’ 시상식에서 정부는 아톤이 모바일OTP, 간편인증, PASS인증서 등 핀테크 인증 기술로 국내 디지털 금융 시장에 혁신을 가져오고 솔루션의 해외 공급을 통해 K-디지털 위상 제고에 기여한 점을 높이 평가하며 표창을 수여했다.아톤은 2017년 KB국민은행에 국내 최초로 민간인증서를 공급하며 간편인증 시대의 포문을 열었다. 이후 신한은행, IBK기업은행, NH농협은행 등 주요 대형은행과 증권사에 사설인증서를 확대 공급하며 안전하고 편리한 간편인증 서비스 구축을 주도했다.특히 2019년 통신 3사(SKT, KT, LGU+)와 함께 선보인 패스(PASS) 인증서는 현재까지 누적 발급 건수 1억 건을 돌파하며 국민 인증서로 자리매김했다. 스마트폰 내에서 간편한 본인 인증과 전자서명이 가능해 2,600개에 달하는 민간 및 공공기관에서 폭넓게 활용되고 있다.아톤의 모바일OTP는 국내 시장 발급 건수 5,000만 건을 넘어 해외 시장에서도 주목받고 있다. 2017년 베트남을 시작으로 일본, 인도네시아, 인도, 캄보디아, 캐나다, 미국 등 7개국 현지 은행 및 증권사에 공급을 확장했다.또한 아톤은 디지털 금융 환경 변화에 맞춰 차세대 보안 솔루션 개발에도 앞장서고 있다. 양자컴퓨팅 시대에 대응하기 위해 양자내성암호(PQC) 기반 인증·보안 솔루션 4종을 개발해 2025년 상용화했다. 해당 솔루션은 입력→인증→전송→저장 전 과정의 보안을 제공하며, 금융뿐만 아니라 의료·제조·국방 등 고도의 보안이 요구되는 분야에서 활용이 가능하다.이외에도 아톤은 올해 한국은행 주도의 중앙은행디지털화폐(CBDC) 실증사업에 참여해 민간 은행 대응 시스템을 구축했으며, 최근 NH농협은행 및 뮤직카우와 협력해 K-POP 콘텐츠 기반의 문화투자 상품과 원화 스테이블코인의 융합모델 개발을 추진하는 등 디지털자산 관련 비즈니스를 대응하고 있다..우길수 아톤 대표이사는 “이번 수상은 아톤이 국내 디지털 금융 인증 기술 혁신을 선도해 온 노력을 인정받았다는 점에서 큰 의미가 있다”며 “앞으로도 AI 기반 클라우드 보안, 양자보안 등 차세대 인증·보안 기술의 시장 공급에 집중하고, 글로벌 시장 진출을 가속화해 디지털 금융 생태계 발전에 기여하는 기업으로 성장해 나가겠다”고 말했다."
https://n.news.naver.com/mnews/article/014/0005435312?sid=105,2025-11-17 10:35:09,IT/과학,"LG U+, 통신·센싱 융합 6G 미래 인프라 비전 제시","6G 백서 표지를 모델이 선보이고 있는 모습을 AI로 생성한 이미지. LG유플러스 제공[파이낸셜뉴스] LG유플러스는 6세대(G) 시대의 핵심 기술로 주목받는 통신·센싱 융합 기술(ISAC)을 주제로 ‘2025년 6G 백서’를 발간했다고 17일 밝혔다.이번 백서는 LG유플러스가 2023년부터 발간한 6G 백서의 후속판으로, 6G 시대의 통신 네트워크가 단순한 연결을 넘어 환경을 인지하고 상호작용하는 지능형 플랫폼으로 진화하는 방향을 제시한다.ISAC은 기존 통신 인프라를 센서처럼 활용해 기기를 가지고 있지 않은 사람이나 사물도 감지할 수 있는 기술이다. 예를 들어, 스마트폰을 들고 있지 않은 보행자의 움직임이나 도로 위 장애물, 공장 기계의 미세한 진동까지도 통신망을 통해 인식할 수 있다. 이는 통신망이 단순히 데이터를 주고받는 역할을 넘어서, 주변을 ‘보고 느끼는’ 센서처럼 작동하는 것을 의미한다.백서에서는 ISAC 기술의 원리와 구조를 설명하며, 기존 레이더와 5G 기지국 안테나의 유사성을 기반으로 센싱 기능을 통신망에 통합하는 방식과, ISAC 기술의 단일 위치 센싱, 이중 위치 센싱, 다중 위치 센싱 등 다양한 센싱 구조를 소개했다. 또 데이터를 여러 주파수로 나눠 전송하는 직교 주파수 분할 다중화(OFDM) 기반 센싱 시그널을 활용해 통신 성능 저하 없이 센싱 기능을 구현하는 최신 기술 동향도 함께 다뤘다.특히 LG유플러스는 통신 네트워크가 단순한 데이터 전달을 넘어 지능형 환경 인지와 실시간 상호작용이 가능한 인프라로 진화할 수 있다고 강조했다. 이를 통해 통신사는 스마트시티, 자율주행, 확장현실(XR) 등 고부가가치 산업 영역으로의 확장이 가능하며, 기존 인프라를 활용한 서비스형 센싱 모델을 통해 새로운 수익 창출을 기대할 수 있다.백서에서는 ISAC의 주요 활용 시나리오로 △센싱 기반 통신 최적화 △통신 기반 센싱 확장 △통신·센싱 융합 서비스 구현을 제시하며, 각 시나리오별 KPI(위치 정확도, 지연 시간, 데이터 용량 등)를 구체적으로 설명했다. 예를 들어, 도심 교차로에서 보행자 위치를 10㎝ 이하의 정밀도로 감지하거나, 스마트팩토리에서 로봇과 작업자의 실시간 위치를 파악해 디지털 트윈을 구현하는 사례가 포함됐다.기술적 기반으로는 △통신·센싱 융합을 위한 물리채널 설계 △AI 기반 자원 최적화 △차세대 RF 및 안테나 기술 △센싱 전용 시스템 아키텍처 △인공지능(AI)·머신러닝 기반 예측 기술 등이 제시됐다. 특히 AI를 활용한 자원 할당 최적화와 엣지 기반 분산 처리 구조는 ISAC의 실시간성과 효율성을 높이는 핵심 요소로 평가된다.이혜진 LG유플러스 기술전략담당은 “ISAC는 6G 시대의 게임 체인저로, 통신 네트워크가 단순한 데이터 파이프를 넘어 세상을 감지하고 이해하는 지능형 인프라로 진화할 수 있는 기반 기술”이라며 “LG유플러스는 ISAC 기술 개발과 글로벌 표준화 활동으로 6G 시대를 선도해 나가겠다”고 말했다."
https://n.news.naver.com/mnews/article/138/0002209762?sid=105,2025-11-17 10:45:06,IT/과학,“통신망이 센서역할까지” LGU+ 6G 기술 백서 발간,"6G 백서 표지를 모델이 선보이고 있는 모습을 AI로 생성한 이미지.[ⓒLG유플러스][디지털데일리 오병훈기자] LG유플러스는 6G 시대 핵심 기술로 주목받는 통신·센싱 융합 기술(ISAC)을 주제로 ‘2025년 6G 백서’를 발간했다고 17일 밝혔다.이번 백서는 LG유플러스가 2023년부터 발간한 6G 백서의 후속판이다. 6G 시대 통신 네트워크가 단순한 연결을 넘어 환경을 인지하고 상호작용하는 지능형 플랫폼으로 진화하는 방향을 제시했다.ISAC은 기존 통신 인프라를 센서처럼 활용해 기기를 가지고 있지 않은 사람이나 사물도 감지할 수 있는 기술이다. 예컨대 스마트폰을 들고 있지 않은 보행자 움직임과 도로 위 장애물, 공장 기계 미세 진동까지 통신망으로 인식할 수 있다. 이는 통신망이 데이터를 주고받는 역할을 넘어 주변을 보고 느끼는 센서로 작동하는 것을 의미한다.백서에서는 ISAC 기술 원리와 구조를 설명했다. 기존 레이더와 5G 기지국 안테나 유사성을 기반으로 센싱 기능을 통신망에 통합하는 방식과 ISAC 기술 단일 위치 센싱(Monostatic)을 비롯해 이중 위치 센싱(Bistatic) 다중 위치 센싱(Multistatic) 등을 소개했다.또 데이터를 여러 주파수로 나눠 전송하는 직교 주파수 분할 다중화(OFDM) 기반 센싱 시그널을 활용해 통신 성능 저하 없이 기능을 구현하는 최신 기술 동향도 함께 다뤘다.LG유플러스는 통신 네트워크가 단순한 데이터 전달을 넘어 지능형 환경 인지와 실시간 상호작용이 가능한 인프라로 진화할 수 있다고 봤다. 이를 통해 통신사는 스마트시티, 자율주행, 혼합현실(XR) 등 고부가가치 산업 영역으로 확장이 가능하다는 것이다. 이를 통해 기존 인프라를 활용한 서비스형 센싱(Sensing-as-a-Service) 모델을 통해 새로운 수익 창출을 기대할 수 있다는 설명이다.백서에서는 ISAC의 주요 활용 시나리오로 센싱 기반 통신 최적화와 통신 기반 센싱 확장 및 통신·센싱 융합 서비스 구현을 제시했다. 위치 정확도, 지연 시간, 데이터 용량 등 각 시나리오별 KPI도 설명했다. 예컨대 도심 교차로에서 보행자 위치를 10㎝ 이하의 정밀도로 감지하거나 스마트팩토리에서 로봇과 작업자 실시간 위치를 파악해 디지털 트윈을 구현하는 사례가 포함됐다.기술적 기반으로는 ▲통신·센싱 융합을 위한 물리채널 설계 ▲AI 기반 자원 최적화 ▲차세대 RF 및 안테나 기술 ▲센싱 전용 시스템 아키텍처 ▲AI·머신러닝 기반 예측 기술 등이 제시됐다. 특히 AI를 활용한 자원 할당 최적화와 엣지 기반 분산 처리 구조는 ISAC의 실시간성과 효율성을 높이는 핵심 요소로 평가된다.이혜진 LG유플러스 기술전략담당은 “ISAC는 6G 시대 게임 체인저로 통신 네트워크가 단순한 데이터 파이프를 넘어 세상을 감지하고 이해하는 지능형 인프라로 진화할 수 있는 기반 기술”이라며 “LG유플러스는 ISAC 기술 개발과 글로벌 표준화 활동으로 6G 시대를 선도해 나가겠다”고 말했다."
https://n.news.naver.com/mnews/article/241/0003478500?sid=105,2025-11-17 14:04:20,IT/과학,"'통신망이 센서 역할까지' LGU+, 6G 백서 발간","통신·센싱 융합 기술 다뤄LG유플러스는 6G 시대의 핵심 기술로 부상한 통신·센싱 융합 기술(ISAC)을 주제로 '2025년 6G 백서'를 발간했다고 17일 밝혔다.ISAC는 기존 통신 인프라를 센서처럼 활용해 기기를 보유한 사람이나 사물도 감지할 수 있는 기술이다. 예를 들어, 스마트폰을 들고 있지 않은 보행자의 움직임이나 도로 위 장애물, 공장 기계의 미세한 진동까지 통신망으로 인식할 수 있다. 이에 통신망은 주변을 보고 느끼는 센서처럼 작동한다.백서에서는 ISAC 기술의 원리와 구조를 설명한다. 레이더와 5G 기지국 안테나의 유사성을 기반으로 센싱 기능을 통신망에 통합하는 방식과, ISAC 기술의 단일 위치 센싱, 이중 위치 센싱, 다중 위치 센싱 등 다양한 센싱 구조를 소개한다. 또 데이터를 여러 주파수로 나눠 전송하는 직교 주파수 분할 다중화(OFDM) 기반 센싱 시그널로 통신 성능 저하 없이 센싱 기능을 구현하는 최신 기술 동향을 다뤘다.백서는 ISAC의 주요 활용 시나리오로 ▲센싱 기반 통신 최적화 ▲통신 기반 센싱 확장 ▲통신·센싱 융합 서비스 구현을 제시했다. 도심 교차로에서 보행자 위치를 10㎝ 이하의 정밀도로 감지하거나, 스마트 팩토리에서 로봇과 작업자의 실시간 위치를 파악해 디지털 트윈을 구현하는 사례가 포함됐다.이혜진 LG유플러스 기술전략담당은 ""ISAC는 6G 시대의 게임 체인저로, 통신 네트워크가 단순한 데이터 파이프를 넘어 세상을 감지하고 이해하는 지능형 인프라로 진화할 수 있는 기반 기술""이라며 ""ISAC 기술 개발과 글로벌 표준화 활동으로 6G 시대를 선도해 나가겠다""고 말했다.정길준 기자 kjkj@edaily.co.kr"
https://n.news.naver.com/mnews/article/092/0002398699?sid=105,2025-11-17 14:12:11,IT/과학,"아톤, 과기정통부 장관 표창 수상…K-디지털 위상 높여","'2025 대한민국 디지털 이노베이션 어워드'서 장관 표창핀테크 보안 기업 아톤(대표 김종서, 우길수)은 지난 14일 서울 강남구 슈피겐홀에서 열린 '2025 대한민국 디지털 이노베이션 어워드' 시상식에서 부총리 겸 과학기술정보통신부(과기정통부) 장관 표창을 수상했다고 17일 밝혔다.모바일OTP, 간편인증, PASS인증서 등 핀테크 인증 기술로 국내 디지털 금융 시장에 혁신을 가져오고 솔루션의 해외 공급을 통해 K-디지털 위상 제고에 기여한 점을 높이 평가받았다.(왼쪽 두번째)우길수 아톤 대표, (가운데)이도규 과기정통부 정보통신정책실장이 장관 표창 수여 후 기념 사진을 촬영하고 있다. (사진=아톤)아톤은 2017년 KB국민은행에 국내 최초로 민간인증서를 공급하며 간편인증 시대의 포문을 열었다. 이후 신한은행, IBK기업은행, NH농협은행 등 주요 대형은행과 증권사에 사설인증서를 확대 공급하며 안전하고 편리한 간편인증 서비스 구축을 주도했다.특히 2019년 통신 3사(SKT, KT, LGU+)와 함께 선보인 패스(PASS) 인증서는 현재까지 누적 발급 건수 1억건을 돌파하며 국민 인증서로 자리매김했다. 스마트폰 내에서 간편한 본인 인증과 전자서명이 가능해 2천600개에 달하는 민간 및 공공기관에서 폭넓게 활용되고 있다.아톤의 모바일OTP는 국내 시장 발급 건수 5천만 건을 넘어 해외 시장에서도 주목받고 있다. 2017년 베트남을 시작으로 일본, 인도네시아, 인도, 캄보디아, 캐나다, 미국 등 7개국 현지 은행 및 증권사에 공급을 확장했다.또한 아톤은 디지털 금융 환경 변화에 맞춰 차세대 보안 솔루션 개발에도 앞장서고 있다. 양자컴퓨팅 시대에 대응하기 위해 양자내성암호(PQC) 기반 인증•보안 솔루션 4종을 개발해 2025년 상용화했다.이외에도 아톤은 올해 한국은행 주도의 중앙은행디지털화폐(CBDC) 실증사업에 참여해 민간 은행 대응 시스템을 구축했으며, 최근 NH농협은행 및 뮤직카우와 협력해 K-POP 콘텐츠 기반의 문화투자 상품과 원화 스테이블코인의 융합모델 개발을 추진하는 등 디지털자산 관련 비즈니스를 대응하고 있다..우길수 아톤 대표이사는 ""이번 수상은 아톤이 국내 디지털 금융 인증 기술 혁신을 선도해 온 노력을 인정받았다는 점에서 큰 의미가 있다""며 ""앞으로도 AI 기반 클라우드 보안, 양자보안 등 차세대 인증•보안 기술의 시장 공급에 집중하고, 글로벌 시장 진출을 가속화해 디지털 금융 생태계 발전에 기여하는 기업으로 성장해 나가겠다""고 말했다."
https://n.news.naver.com/mnews/article/421/0008609322?sid=105,2025-11-17 16:11:04,IT/과학,"""경영실패 전가 말라""… LG헬로비전 노조 창사 첫 파업","LGU+ 투자 약속·본사 이전·임금 교섭 문제 등 노사 갈등 격화LG헬로비전 ""경영정상화 노력 중…노사 간 대화할 것""민주노총 공공운수노조 LG헬로비전지부 등 조합원 300여명(비공식 추산)이 17일 오후 2시부터 LG헬로비전 본사 앞에서 '2025 임단투(임금단체협상) 결의대회'를 하고 있다. 2025.11.17/뉴스1 ⓒ News1 김민수 기자(서울=뉴스1) 김민수 기자 = LG헬로비전 노동자들이 17일 창사 이래 처음으로 파업에 돌입했다. 이들은 임금협상 결렬과 본사 이전 추진, 희망퇴직 강행 등 회사의 조치가 ""경영 실패를 노동자에게 전가하는 행위""라고 반발했다.이날 오후 2시 서울 상암 LG헬로비전 본사 앞에서 열린 '2025 임단투 결의대회'에는 300여 명(경찰 비공식 추산)의 조합원과 방송·통신 업종 노동자들이 모여 ""유플러스는 투자 약속을 이행하라"", ""노조와의 협의 없는 본사 이전은 위법"" 등의 구호를 외쳤다.노조는 지난 4월 4일부터 11차례에 걸쳐 임금 교섭을 진행했지만 0.9% 인상 조정 외에는 어떠한 조치가 없었고, 중앙조정위원회의 조정안마저도 거부했다고 주장했다. 신지은 LG헬로비전지부 지부장은 ""임금 교섭 와중에 희망퇴직과 본사 이전을 한 달 남짓한 시한으로 일방적으로 발표했다""고 말했다.현재 LG헬로비전 본사에는 약 500명의 직원이 근무하고 있다. 노조에 따르면 상암 본사 이전을 공식적으로 고지한 것은 10월 27일이며, 본사 퇴거일은 11월 28일이다. 신 지부장은 ""직원들이 이곳을 삶의 터전으로 삼고 아이들 학교를 입학시켰던 곳인데, 한 달 만에 방을 빼라고 하는 것이 가능하느냐""며 ""투자 약속은 지켜지지 않은 채 경영 실패를 노동자에게 떠넘기고 있다""고 했다.민주노총 공공운수노조 LG헬로비전지부 등 조합원 300여명(비공식 추산)이 17일 오후 2시부터 LG헬로비전 본사 앞에서 '2025 임단투(임금단체협상) 결의대회'를 하고 있다. 2025.11.17/뉴스1 ⓒ News1 김민수 기자노조는 이날 집회에서 본사 이전 가처분 신청 방침도 공개했다. 신 지부장은 ""정관에서 본사를 '서울특별시'에 둔다고 명시하는데, 정관을 바꾸려면 주주총회를 거쳐야 한다""며 ""올해 3월 이후 주총 소집은 없었고, 정관 변경 없이 사무소 이전을 강행하는 것은 위법 소지가 크다""고 주장했다.정부의 방송통신발전기금(방발기금) 정책도 문제 삼았다. 케이블TV산업 전체의 영업이익의 1.7배를 부과하는 방발기금 정책이 유료방송산업의 경영을 악화시키고, 구조조정으로 이어지고 있다는 주장이다. 고기석 공공운수노조 수석부위원장은 ""LG유플러스의 투자 약속 미이행과 다년간의 인력 충원 중단이 지금의 사태를 불렀다""며 ""방송발전기금 체계 방치 등 정부도 책임에서 벗어날 수 없다""고 말했다.한편 유료방송업계의 어려움이 가중되면서 종합유선방송사업자(SO) 시장 1위인 LG헬로비전은 최근 희망퇴직을 단행했다. 본사 사옥도 오는 12월 초 서울 상암동에서 경기 고양시 삼송지구 내 MBN 미디어센터로 이전할 예정이다.LG헬로비전 측은 ""케이블TV 산업이 어려워지고 있는 과정에 경영정상화를 위한 다양한 노력을 기울이고 있다""며 ""노사 간 합리적인 타협점을 찾도록 대화할 것""이라고 입장을 밝혔다."
https://n.news.naver.com/mnews/article/421/0008609452?sid=105,2025-11-17 16:57:00,IT/과학,"[단독]네이버, '바이브' 정리 수순…음원판매·통신사 제휴 중단","연간구독·MP3다운로드 판매 종료 이어 LGU+ 서비스 제휴 중단스포티파이 협력 확대 과정서 사업 중단 수순…시장 존재감 미미네이버 본사 2025.02.07/뉴스1(서울=뉴스1) 이기범 김정현 기자 = 네이버(035420)가 자사 음원 플랫폼 '바이브'의 음원 내려받기 서비스를 종료하고, 통신사 제휴를 중단하며 사업 정리 수순에 들어간 것으로 파악됐다.17일 업계에 따르면 바이브는 이달 27일부로 1년 선결제, 연간 약정 구독, MP3 다운로드 상품 판매 종료하는 데 이어 내달 16일부터 LG유플러스(032640)와의 제휴를 중단한다. 지난 2023년 1월 양사 간 업무협약을 맺은 지 약 2년 11개월 만이다.LG유플러스는 12월 16일부터 바이브 음악 감상이 제공되는 요금제 혜택과 부가서비스 신규 가입을 중단한다. 기존 이용자는 가입 중단 이후에도 이용할 수 있다.이를 두고 LG유플러스 관계자는 ""네이버와의 계약 종료로 인해 서비스 제휴를 종료하는 것""이라고 설명했다.당초 네이버 측은 지난 9월 바이브 상품 판매 중단을 공지하면서 무제한 스트리밍 서비스 중심으로 서비스 운영을 효율화하는 차원이라는 입장이었지만, 통신사 제휴마저 중단하면서 사실상 사업 정리 절차를 밟고 있다.네이버는 2023년 9월부터 자사 멤버십 혜택에서 바이브를 제외했으며, 올해 6월부터 순차적으로 기능과 상품 판매를 축소해왔다.이후 이달 4일 글로벌 음원 플랫폼 스포티파이와 파트너십을 맺었다. 양사는 순차적으로 서비스 세부 사항을 공개할 예정인데 네이버 플러스멤버십에 스포티파이를 혜택으로 추가하는 방안이 유력하다. 바이브 사업은 이 과정에서 정리될 것으로 전망된다.네이버는 지난 2018년 6월 인공지능(AI) 추천 기능을 앞세우며 바이브를 출시했으며, 2020년 11월 기존 '네이버 뮤직' 서비스와 통합하며 관련 사업을 확대해왔다. 그러나 유튜브가 음원 플랫폼 시장을 장악하며 부침을 겪어왔다.네이버 관계자는 ""LG유플러스와의 제휴 계약 만료에 따라 바이브 결합상품 신규 판매를 중단했으며, 바이브 서비스 종료는 결정된 바 없다""고 했다.이어 ""바이브는 모바일 무제한 듣기 등 멤버십 제공 중이며, 스트리밍 중심으로 더 안정적인 서비스를 제공하고, 개인화 추천 큐레이션을 강화하는 데 집중하고 있다""고 말했다."
https://n.news.naver.com/mnews/article/138/0002209831?sid=105,2025-11-17 17:18:20,IT/과학,"구글클라우드, 한국 법인 수장 교체…루스 선 사장 임명","루스 선 구글 클라우드 코리아 사장 [사진=구글클라우드][디지털데일리 이안나기자] 구글 클라우드는 루스 선(Ruth Sun)을 신임 구글 클라우드 코리아 사장으로 선임했다고 17일 밝혔다. 선 사장은 오는 30일까지 직무를 수행하는 지기성 전 사장을 이어 한국 법인을 이끌게 된다.루스 선 신임 사장은 IBM에서 전략적 파트너십 글로벌 매니징 디렉터를 맡아 한국을 포함한 주요 국가의 대기업 대상 사업을 총괄한 바 있다. IBM 데이터 분석·소프트웨어 조직과 왓슨 헬스(Watson Health)에서도 고위직을 역임했으며, 헬스케어 기술기업 템페스트 CEO, 포스 테라퓨틱스 COO를 지냈다.구글 클라우드는 최근 국내 기업 대상 AI·클라우드 서비스 수요 확대에 맞춰 조직 운영을 조정해 왔다. HD현대, 카카오, LG CNS, LG U+, 넥슨 등 여러 산업군에서 구글 클라우드를 도입한 기업 사례가 늘고 있으며, AI 기반 개발환경을 위한 TPU(Tensor Processing Unit) 하드웨어와 제미나이 엔터프라이즈 플랫폼을 국내 시장에도 적용하고 있다.카란 바좌(Karan Bajwa) 구글 클라우드 아태지역 총괄은 “새로운 조직 운영 체계를 마련하고 한국 시장에 대응하기 위한 인사”라며 선임 배경을 설명했다. 이어 지기성 전 사장에게는 “지난 기간 한국 법인 운영에 기여했다”고 언급했다.루스 선 신임 사장은 “한국 기업들이 AI·데이터 기반 시스템 전환을 활발히 검토하고 있는 시점에 법인을 맡게 됐다”며 “기존 글로벌 경험을 바탕으로 국내 고객과 파트너 지원에 집중하겠다”고 밝혔다.지기성 전 사장은 “법인 운영을 마무리하고 새로운 역할을 준비하겠다”며 소회를 전했다."
https://n.news.naver.com/mnews/article/031/0000981648?sid=105,2025-11-17 17:43:06,IT/과학,'유료방송 침체'의 민낯…LG헬로비전 노조는 왜 거리로 나왔나,"임금·사옥 이전·희망퇴직·LG유플러스 책임론까지유료방송 침체가 드러낸 구조적 균열⋯""한 회사 문제 아냐""LG헬로비전 노동조합이 첫 총파업에 돌입했다. LG헬로비전 노조가 파업에 나선 건 이번이 처음이다.17일 오후 LG헬로비전 노동조합이 LG헬로비전 상암 본사 앞에 위치한 가온문화공원에서 총파업 결의대회인 2025 임단투 결의대회를 진행하고 있다. [사진=안세준 기자]거리로 나온 LG헬로비전 노조⋯LGU+에 합병 요구도17일 오후 2시 민주노총 공공운수노조 LG헬로비전지부는 LG헬로비전 상암 본사 앞에 위치한 가온문화공원에서 총파업 결의대회인 2025 임단투 결의대회를 열었다. 이들은 '임금 인상 문제, '사옥 이전 반대', '희망퇴직 중단', '모회사 책임' 등 사내 협의로 해결될 수 없는 구조적 문제가 누적돼 있다며 거리로 나왔다.노조에 따르면 LG헬로비전은 올해 4월부터 11차례 임금교섭을 진행했지만, 회사는 0.9% 인상안 외 추가 제시를 내놓지 않았다. 여기에 사옥 이전과 희망퇴직 추진이 겹치며 갈등이 심화됐다. 노조는 △임금 4.4% 인상 △경영진 사퇴 △본사 이전 관련 단체협약 재협상 △강제적 인력 감축 중단을 요구하고 있다.모회사 LG유플러스도 직접적인 비판 대상이 됐다. LG유플러스가 LG헬로비전을 인수하며 6200억원 규모 네트워크 투자를 약속했지만 이행되지 않았다는 게 노조 주장이다. 그러면서 합병을 요구했다. 한 노조 관계자는 ""합병을 통해 LG유플러스 노동자로 자리매김해야 한다""고 호소했다.LG유플러스가 인수한 지 6년이 지났지만 실질적 시너지는 불분명하다. 그 사이 유료방송 시장은 IPTV·OTT 중심으로 재편됐다. LG헬로비전은 가입자 감소와 수익성 악화를 버티기 위해 인력·설비 투자를 줄였고 비용 효율화 정책을 강화한 상태다.유료방송 위기 현실로⋯헬로비전 ""합리적 타협점 찾겠다""이번 파업은 개별 기업 노사 갈등을 넘어 유료방송 산업 침체가 만들어낸 구조적 파열이라는 해석도 나온다.실제 유료방송 가입자는 2021년을 정점으로 감소세에 들어갔다. 매출은 정체됐고 투자 여력도 떨어졌다. IPTV 3사는 가입자 유지 전략으로 OTT·AI 서비스로 외연을 넓혔지만 케이블TV 사업자는 원가 절감에 몰렸다. 가입자 감소 → 매출 정체 → 투자 축소 → 인력·조직 축소라는 하향식 구조가 작동 중이다.유료방송 업계 위기는 데이터로도 확인된다. 방송미디어통신위원회가 발표한 '2024 회계연도 방송사업자 재산 상황'에 따르면 지난해 케이블TV(SO)의 방송사업 매출은 2019년 대비 17% 감소했다.이날 결의대회에 KT HCN, SK브로드밴드 등 타 통신·케이블 노조가 합류한 것도 같은 맥락이다. 유료방송 업계 관계자는 ""정부 정책도, 기업 전략도 속도를 내지 못하고 있다""며 ""LG헬로비전 파업은 산업 구조가 버티지 못한다는 사실을 드러낸 것""이라고 말했다.시장 침체 속 노사간 해결 방안 모색은 풀어야 할 숙제 중 하나다. LG헬로비전 관계자는 ""케이블TV 산업이 어려워진 가운데 경영정상화를 위한 다양한 노력을 기울이고 있다""며 ""노사 간 합리적 타협점을 찾도록 대화 노력을 지속하겠다""고 밝혔다."
https://n.news.naver.com/mnews/article/018/0006166293?sid=105,2025-11-17 19:09:08,IT/과학,정확도 하나로 글로벌 공략…AI 검색 서비스 ‘라이너’ 산업부 장관상 수상,"AI코리아대상서 산업통상부 장관상 수상김진우 대표 “서비스가 생태계를 바꾼다…한국 AI, 지금이 구국의 타이밍”[이데일리 안유리 기자] 이데일리와 한국인공지능산업협회가 주최한 ‘2025 AI 코리아 대상’에서 라이너의 검색 AI 에이전트가 AI 적용 부문 산업통상부 장관상을 받았다. 김진우 라이너 대표는 “정확도를 극대화하려는 기술 철학과 실제 이용자의 문제 해결에 집중한 태도가 인정받은 결과”라고 말했다.[이데일리 방인권 기자] 김진우 라이너 대표김 대표는 이데일리와의 인터뷰에서 AI 서비스의 중요성을 강조했다. 그는 “요즘 AI 생태계가 모델·GPU 중심으로 논의되지만, 기술 인프라만으로는 일상의 문제를 바꿀 수 없다”며 “쿠팡이 없다면 AWS가 있어도 우리의 삶이 달라지지 않는다. 핵심은 그 기술이 ‘어떤 서비스’로 구현되느냐”라고 말했다.라이너는 신뢰할 수 있는 출처를 기반으로 정확도 높은 정보를 제공하는 AI 검색 서비스다. 이용자가 검색 결과의 타당성과 적절성을 직접 판단할 수 있도록 명확한 출처를 제시하며, 대학생·직장인 등 지식노동자의 생산성을 높이는 데 집중하고 있다.[이데일리 방인권 기자] 김진우 라이너 대표 인터뷰이용자 95% 해외…글로벌 공략한 비결은 선택과 집중라이너는 정확도에 초점을 맞추며, 글로벌 유저 기반을 확보한 몇 안 되는 한국 AI 서비스로 성장했다. 전 세계 220여 개국에서 이용하는 서비스로, 미국과 캐나다, 유럽, 호주, 인도, 동남아시아 등 95% 이상의 해외 유저를 확보하고 있다.김 대표는 “스타트업은 폴 그레이엄이 말한 ‘모기’와 같다. 작지만 단 하나의 능력만큼은 세계 최고여야 살아남는다”며 “라이너는 그 한 가지를 정확도로 선택했다”고 말했다.올 한해 라이너는 숨가쁘게 달렸다. SK텔레콤 ‘에이닷’ 연동, BC카드 고객 프로모션, LGU+ 요금제 결합 등 굵직한 파트너십이 성사되며 사용자 기반이 빠르게 확대됐다. 국내 AI 스타트업 가운데 드물게 글로벌 ‘직접 서비스형’ 모델을 구축했다. 김 대표는 “올해는 글로벌 무대에서 존재감을 드러낼 발판을 마련한 해”라고 평가했다.라이너가 참여한 ‘국가대표 AI’를 선발하는 독자 파운데이션 모델 SK텔레콤 컨소시엄의 방향성 역시 서비스다. 김 대표는 “다른 컨소시엄이 기술 중심이라면, SKT 컨소시엄은 기술을 ‘실제로 국민이 쓰는 서비스’ 수준까지 끌어올리겠다는 전략을 갖고 있다”며 “국내외 실제 유저 확보를 목표로 하는 곳은 우리뿐”이라고 설명했다.김 대표는 “인프라와 모델에 대한 지원도 충분히 의미 있지만, 그것만으로는 생태계가 완성되지 않는다”며 “서비스 개발·글로벌 확산·유저 확보에 대한 정책적 투자를 통해 국산 생태계를 많이 키워주셨으면 한다”고 강조했다.기술로 ‘구국’을 이야기하는 청년 대표김 대표의 삶은 스타트업, AI, 그리고 라이너로 가득 차 있다. 그의 거주지도 스타트업 창업자 8명이 함께 사는 마포 연남동의 ‘광인회관(Crazy Ones House)’이다. 그는 2019년 여름 이 공간을 처음 꾸린 뒤 지금까지 동료 창업자들과 함께 생활하며 고민을 나누고 있다. 이곳의 젊은 창업가들은 요즘 ‘구국(救國)’을 화두로 삼고 있다.김 대표는 “태용이(스타트업 미디어 EO 대표)가 특히 강조하지만, 우리도 ‘구국을 해야 한다’고 말한다”며 “한국 AI가 지금 타이밍을 놓치면 뒤처질 수 있다. 우리가 잘 돼야 후배 창업자들이 글로벌에 도전할 용기를 얻는다. 그래서 이건 진짜 나라를 살리는 일”이라고 말했다.라이너의 다음 목표는 AI ‘검색’을 넘어 지식 노동 전반의 혁신으로 확장하는 것이다. 김 대표는 “치열하고 빠르게 변하는 AI 씬에서는 늘 생존을 고민하게 된다. 라이너는 이제 시작”이라며 “지식 노동을 혁신해 AI와 인간이 함께 성장하는 미래를 만들고 싶다”고 포부를 밝혔다.[이데일리 김정훈 기자]"
https://n.news.naver.com/mnews/article/008/0005279508?sid=105,2025-11-18 08:49:04,IT/과학,"구글 클라우드 코리아, 신임 사장에 IBM 출신 루스 선 선임","루스 선 구글 클라우드 코리아 사장. 2025.11.18./사진=구글 클라우드 코리아구글 클라우드가 루스 선 신임 구글 클라우드 코리아 사장을 선임했다고 17일 밝혔다. 지기성 전임 구글 클라우드 코리아 사장은 이달 30일까지 직무를 수행한다.선 사장은 30년 이상 대규모 엔터프라이즈 혁신 분야에서 전문성과 글로벌 리더십 경험을 쌓아 온 업계 전문가다. 앞으로 국내 주요 기업과 디지털 네이티브 선도 기업을 위한 성공적인 AI(인공지능) 및 클라우드 전환을 주도하며 강력한 파트너 및 개발자 생태계 확장을 통해 구글 클라우드의 한국 시장 전략을 가속할 예정이다.구글 클라우드는 선도적인 AI 기술 스택을 기반으로 국내 시장에서 빠른 성장과 광범위한 도입 성과를 지속하고 있다. HD현대, 카카오, 카카오모빌리티, LG AI 연구원, LG CNS, LG U+와 같은 대표 기술 기업 등 다양한 규모의 국내 기업이 구글 클라우드의 전문성을 바탕으로 혁신을 가속화 중이다.루스 선 신임 사장은 구글 클라우드에 합류하기 전 IBM의 전략적 파트너십 글로벌 매니징 디렉터를 역임했으며 기업 리더십 팀의 핵심 멤버로서 한국을 비롯한 전 세계 대기업들과의 전략적 비즈니스 파트너십을 총괄했다. 또 IBM의 데이터 분석 및 소프트웨어 솔루션 그룹에서 고위직을 수행했으며 IBM 왓슨 헬스에서는 자사 최초 종양학 SaaS 솔루션의 글로벌 사업 운영과 성과 관리를 책임졌다.루스 선 사장은 ""한국은 기술 혁신과 AI 초기 도입의 글로벌 허브""라며 ""그동안의 글로벌 경험을 바탕으로 한국 고객들이 구글 클라우드의 차별화된 AI, 데이터, 인프라 역량을 활용해 혁신적인 성장을 달성할 수 있도록 지원하겠다""고 말했다."
https://n.news.naver.com/mnews/article/003/0013606041?sid=105,2025-11-18 08:57:54,IT/과학,"""'패스' 앱서 건강보험공단 전자문서 확인하세요""","SKT·KT·LGU+ 공공·민간 기관 고지문서 패스 앱으로 안내[서울=뉴시스] SK텔레콤, KT, LG유플러스가 공공 및 민간 기관의 고지 문서를 패스(PASS)앱으로 안내하는 전자고지 서비스를 시작했다. (사진=KT 제공) *재판매 및 DB 금지[서울=뉴시스] 심지혜 기자 = SK텔레콤, KT, LG유플러스는 공공 및 민간 기관의 고지 문서를 패스(PASS)앱으로 안내하는 전자고지 서비스를 시작했다고 18일 밝혔다.우선 국민건강보험공단에서 발송하는 전자 문서에 적용했다. 이용자는 건강검진표·본인부담금 환급금 지급신청 안내·대사증후군 위험군 안내 등의 정보를 PASS 앱에서 확인할 수 있다.전자고지 확인을 위해 이용자는 최초 1회에 한해 PASS지갑 서비스 가입 및 공인전자주소 등록 약관을 동의하면 된다. 이후 이용자는 수신한 전자문서를 PASS 푸시 메시지 등으로 확인할 수 있으며, 간단한 본인인증 후 열람할 수 있다.발송 기관은 수신한 전자문서를 열람하지 않은 고객에게는 추가 알림을 보내 중요 고지문을 놓치지 않도록 안내할 수 있다.특히 PASS는 앱 특성상 본인확인과 인증을 위해 이용자의 다수가 알림을 켜둔 상태로 이용하고 있어 전자문서의 열람률을 더욱 높이는 데 효과적이다. 실제로 PASS 기반 ‘국민비서’ 서비스의 필수 고지 문서 열람률은 약 55%에 달한다.PASS는 전국 3800만 가입자가 사용하는 서비스인 만큼 발송 기관은 다양한 고지서나 안내 사항, 주요 정책 등을 신속하고 효율적으로 이용자들에게 전파할 수 있을 것으로 예상된다.한편, KT는 PASS 전자고지 서비스 오픈을 기념해 이용자 대상 PASS머니 지급 등의 프로모션도 시행한다."
https://n.news.naver.com/mnews/article/008/0005279514?sid=105,2025-11-18 09:00:00,IT/과학,독거노인에 '사랑의 꾸러미' 나눔…LGU+ 협력사와 '맞손',"/사진=LG유플러스LG유플러스가 연말연시를 맞아 협력사 협의체인 'U+동반성장보드'와 '사랑의 꾸러미 나눔 시즌12' 행사를 진행했다고 18일 밝혔다.LG유플러스 임직원과 U+동반성장보드 멤버 60여명은 홀로 사는 어르신을 위해 쌀, 식료품, 손난로 등을 담은 사랑의 꾸러미 730개를 제작했다. 보건복지부 위탁법인 독거노인 종합지원센터를 통해 홀로 사는 어르신 730가구에 전달할 예정이다.LG유플러스는 동반성장위원회, 대중소기업농어업협력재단과 올해로 12년째 온정 나눔 행사를 이어 오고 있다. 32개 협력사로 구성된 U+동반성장보드는 LG유플러스와 동반성장 관련 제도 및 시행 내역을 공유한다.한상언 LG유플러스 동반성장/전략구매담당은 ""협력사와 동반성장 문화조성의 일환으로 시작한 동반성장보드 사회 공헌 활동이 12년째 이어지고 있다""며 ""대기업과 중소기업의 적극적인 참여로 화합의 온기가 사회 전반에 퍼질 수 있도록 노력하겠다""고 말했다."
https://n.news.naver.com/mnews/article/003/0013606052?sid=105,2025-11-18 09:00:00,IT/과학,"LGU+, 협력사와 '사랑의 꾸러미' 제작…어르신 730가구 전달","LGU+, U+동반성장보드와 12년째 이웃 온정 나눔기부금으로 구매한 쌀과 식료품, 손난로 등 포장[서울=뉴시스] LG유플러스가 연말연시를 맞아 협력사 협의체인 'U+동반성장보드'와 '사랑의 꾸러미 나눔 시즌12' 행사를 진행했다고 18일 밝혔다. 사진은 17일 LG유플러스 용산사옥에서 진행한 사랑의 꾸러미 행사 모습. (사진=LG유플러스 제공) 2025.11.18. photo@newsis.com *재판매 및 DB 금지[서울=뉴시스]박은비 기자 = LG유플러스는 연말연시를 맞아 협력사 협의체인 'U+동반성장보드'와 '사랑의 꾸러미 나눔 시즌12' 행사를 진행했다고 18일 밝혔다.LG유플러스 임직원들과 U+동반성장보드 구성원 60여명은 17일 용산사옥에서 홀로 사는 어르신들을 위한 사랑의 꾸러미 730개를 제작했다. LG유플러스와 U+동장성장보드가 올해 모은 기부금으로 구매한 쌀과 식료품, 손난로 등을 담았다. 이번에 제작된 사랑 꾸러미는 보건복지부 위탁법인 독거노인 종합지원센터를 통해 홀로 사는 어르신 730가구에 전달될 예정이다.U+동반성장보드는 LG유플러스 32개 협력회사로 구성된 동반성장 협의체다. 동반성장 관련 제도 및 시행 내역을 공유하고 LG유플러스와 협력사간 소통 창구 역할을 하고 있다. 올해 U+동반성장보드는 ▲코위버 등 장비 분과 소속 7개사 ▲지에스정보통신 등 IT·서비스 분과 소속 8개사 ▲엘케이테크넷 등 공사 분과 소속 10개사 ▲가온그룹 등 디바이스 분과 소속 3개사 등 총 32개 협력사로 이뤄져 활동 중이다.LG유플러스는 동반성장위원회, 대중소기업농어업협력재단과 함께 올해로 12년째 온정 나눔 행사를 이어오고 있다.박승운 U+동반성장보드 의장(코위버 사장)은 ""이번 행사는 LG유플러스와 동반성장보드사 모든 임직원이 참여하는 소중한 시간이었다""며 ""올해는 고환율, 고물가 등 어려운 경영 환경에도 사랑과 정성이 담긴 행사가 진행된 만큼 어르신들이 행복하고 따뜻한 겨울을 보내시길 바란다""고 말했다.한상언 LG유플러스 동반성장·전략구매담당은 ""협력사와 동반성장 문화 조성 일환으로 시작한 동반성장보드 사회 공헌 활동이 12년째 이어지고 있다""며 ""대기업과 중소기업의 적극적인 참여로 화합의 온기가 사회 전반에 퍼질 수 있도록 노력하겠다""고 강조했다."
https://n.news.naver.com/mnews/article/092/0002398779?sid=105,2025-11-18 09:01:08,IT/과학,"LGU+, 협력사와 12년째 이웃 온정 나눔","32개 협력사와 사랑의 꾸러미 제작 어르신 730가구에 전달LG유플러스가 연말연시를 맞아 협력사 협의체 U+동반성장보드와 ‘사랑의 꾸러미 나눔 시즌12’ 행사를 진행했다고 18일 밝혔다.LG유플러스 임직원과 U+동반성장보드 멤버 60여 명은 17일 용산사옥에서 홀로 사는 어르신들을 위한 사랑의 꾸러미 730개를 제작했다. 꾸러미에는 LG유플러스와 U+동반성장보드가 올해 모은 기부금으로 구매한 쌀, 식료품, 손난로 등을 담았다.U+동반성장보드는 LG유플러스의 32개 협력사로 구성된 동반성장 협의체로 동반성장 관련 제도와 시행 내역을 공유하고 LG유플러스와 협력사 간 소통 창구 역할을 하고 있다.올해 U+동반성장보드는 ▲’코위버’ 등 장비 분과 소속 7개사 ▲’지에스정보통신’ 등 IT 서비스분과 소속 8개사 ▲’엘케이테크넷’ 등 공사 분과 소속 10개사 ▲’가온그룹’ 등 디바이스 분과 소속 3개사 등 총 32개 협력사로 이뤄졌다.LG유플러스는 동반성장위원회, 대중소기업농어업협력재단과 함께 올해로 12년째 온정 나눔 행사를 이어 오고 있다. 730개의 사랑의 꾸러미는 보건복지부 위탁법인 독거노인 종합지원센터를 통해 홀로 사는 어르신 730가구에 전달될 예정이다.박승운 U+동반성장보드 의장(코위버 사장)은 “LG유플러스와 동반성장보드사 모든 임직원이 참여하는 소중한 시간이었다”며 “올해는 고환율, 고물가 등 어려운 경영환경에도 사랑과 정성이 담긴 행사가 진행된 만큼 어르신들이 행복하고 따뜻한 겨울을 보내시길 바란다”고 말했다.한상언 LG유플러스 동반성장 전략구매담당은 “협력사와 동반성장 문화조성의 일환으로 시작한 동반성장보드 사회 공헌 활동이 12년째 이어지고 있다”며 “대기업과 중소기업의 적극적인 참여로 화합의 온기가 사회 전반에 퍼질 수 있도록 노력하겠다”고 말했다."
https://n.news.naver.com/mnews/article/014/0005435852?sid=105,2025-11-18 09:01:09,IT/과학,"LG U+, 홀로 사는 어르신 730가구에 '사랑의 꾸러미' 전달","LG유플러스 임직원 및 U+동반성장보드 멤버들이 지난 17일 LG유플러스 용산사옥에서 진행한 사랑의 꾸러미 행사에 참여하고 있다. LG유플러스 제공[파이낸셜뉴스] LG유플러스는 연말연시를 맞아 협력사 협의체인 ‘U+동반성장보드’와 ‘사랑의 꾸러미 나눔 시즌12’ 행사를 진행했다고 18일 밝혔다.LG유플러스 임직원들과 U+동반성장보드 멤버 60여명은 지난 17일 LG유플러스 용산사옥에서 홀로 사는 어르신들을 위한 사랑의 꾸러미 730개를 제작했다. 꾸러미에는 LG유플러스와 U+동반성장보드가 올해 모은 기부금으로 구매한 쌀, 식료품, 손난로 등을 담았다.U+동반성장보드는 LG유플러스의 32개 협력회사로 구성된 동반성장 협의체로 동반성장 관련 제도 및 시행 내역을 공유하고 LG유플러스와 협력사 간 소통 창구 역할을 하고 있다.올해 U+동반성장보드는 △’코위버’ 등 장비 분과 소속 7개사 △’지에스정보통신’ 등 정보통신(IT)·서비스분과 소속 8개사 △’엘케이테크넷’ 등 공사 분과 소속 10개사 △’가온그룹’ 등 디바이스 분과 소속 3개사 등 총 32개 협력사로 이뤄져 활동 중이다.LG유플러스는 동반성장위원회, 대중소기업농어업협력재단과 함께 올해로 12년째 온정 나눔 행사를 이어 오고 있다.이번에 제작된 730개의 사랑의 꾸러미는 보건복지부 위탁법인 독거노인 종합지원센터를 통해 홀로 사는 어르신 730가구에 전달될 예정이다.한상언 LG유플러스 동반성장·전략구매담당은 “협력사와 동반성장 문화조성의 일환으로 시작한 동반성장보드 사회 공헌 활동이 12년째 이어지고 있다”며 “대기업과 중소기업의 적극적인 참여로 화합의 온기가 사회 전반에 퍼질 수 있도록 노력하겠다”고 말했다."
https://n.news.naver.com/mnews/article/421/0008610115?sid=105,2025-11-18 09:23:52,IT/과학,"LGU+, 협력사와 12년째 '온정나눔'…독거노인에게 식료품 전달","17일 LG유플러스 용산사옥에서 진행한 사랑의 꾸러미 행사 모습. (LGU+ 제공)(서울=뉴스1) 이기범 기자 = LG유플러스(032640)가 연말연시를 맞아 협력사와 함께 독거노인 가구에 식료품 등을 전달하는 사회 공헌 활동을 진행했다고 18일 밝혔다.LG유플러스 임직원들과 협력사 협의체인 'U+동반성장보드' 소속 60여명은 17일 LG유플러스 용산 사옥에서 홀로 사는 어르신들을 위해 기부금으로 구매한 쌀, 식료품, 손난로 등을 담은 '사랑의 꾸러미'를 제작했다.해당 물품은 보건복지부 위탁법인 독거노인 종합지원센터를 통해 독거노인 730가구에 전달될 예정이다.U+동반성장보드는 LG유플러스 32개 협력사로 구성된 동반성장 협의체다. LG유플러스는 협력사들과 12년째 온정 나눔 행사를 진행하고 있다.박승운 U+동반성장보드 의장(코위버 사장)은 ""올해는 고환율, 고물가 등 어려운 경영환경에도 사랑과 정성이 담긴 행사가 진행된 만큼 어르신들이 행복하고 따뜻한 겨울을 보내시길 바란다""고 전했다.한상언 LG유플러스 동반성장/전략구매담당은 ""협력사와 동반성장 문화 조성의 일환으로 시작한 동반성장보드 사회 공헌 활동이 12년째 이어지고 있다""며 ""대기업과 중소기업의 적극적인 참여로 화합의 온기가 사회 전반에 퍼질 수 있도록 노력하겠다""고 말했다."
https://n.news.naver.com/mnews/article/031/0000981749?sid=105,2025-11-18 09:34:06,IT/과학,"LGU+, 사랑의 꾸러미 나눔 행사 진행","쌀·식료품으로 구성된 사랑의 꾸러미 제작⋯730가구에 전달LG유플러스(대표 홍범식)는 연말연시를 맞아 협력사 협의체인 U+동반성장보드와 사랑의 꾸러미 나눔 시즌12 행사를 진행했다고 18일 밝혔다.17일 LG유플러스 용산사옥에서 진행한 사랑의 꾸러미 행사 모습. [사진=LGU+]LG유플러스 임직원·U+동반성장보드 멤버 60여명은 17일 LG유플러스 용산사옥에서 홀로 사는 어르신들을 위한 사랑의 꾸러미 730개를 제작했다. 꾸러미에는 LG유플러스와 U+동반성장보드가 올해 모은 기부금으로 구매한 쌀, 식료품, 손난로 등이 담겼다.U+동반성장보드는 LG유플러스 32개 협력회사로 구성된 동반성장 협의체다. 동반성장 관련 제도 및 시행 내역을 공유하고 LG유플러스와 협력사 간 소통 창구 역할을 하고 있다.제작된 730개 사랑의 꾸러미는 보건복지부 위탁법인 독거노인 종합지원센터를 통해 홀로 사는 어르신 730가구에 전달될 예정이다.한상언 LG유플러스 동반성장·전략구매담당은 ""협력사와 동반성장 문화조성의 일환으로 시작한 동반성장보드 사회 공헌 활동이 12년째 이어지고 있다""며 ""대기업과 중소기업의 적극적인 참여로 화합의 온기가 사회 전반에 퍼질 수 있도록 노력하겠다""고 말했다."
https://n.news.naver.com/mnews/article/011/0004557118?sid=105,2025-11-18 10:06:08,IT/과학,"LG U+, 협력사와 손잡고 12년째 이웃 온정 나눔 행사","사랑의 꾸러미 제작해홀로 사는 어르신 730가구에 전달17일 LG유플러스 용산사옥에서 열린 사랑의 꾸러미 행사에서 LG유플러스 임직원들과 U+동반성장보드 멤버들이 기념촬영을 하고 있다. 사진제공=LG유플러스[서울경제]LG유플러스가 연말연시를 맞아 협력사 협의체인 ‘U+동반성장보드’와 ‘사랑의 꾸러미 나눔 시즌12’ 행사를 진행했다고 18일 밝혔다.LG유플러스 임직원들과 U+동반성장보드 멤버 60여 명은 17일 LG유플러스 용산사옥에서 홀로 사는 어르신들을 위한 사랑의 꾸러미 730개를 제작했다. 꾸러미에는 LG유플러스와 U+동반성장보드가 올해 모은 기부금으로 구매한 쌀, 식료품, 손난로 등을 담았다. U+동반성장보드는 LG유플러스의 32개 협력회사로 구성된 동반성장 협의체로 동반성장 관련 제도 및 시행 내역을 공유하고 LG유플러스와 협력사 간 소통 창구 역할을 하고 있다.LG유플러스는 동반성장위원회, 대중소기업농어업협력재단과 함께 올해로 12년째 온정 나눔 행사를 이어 오고 있다. 이번에 제작된 730개의 사랑의 꾸러미는 보건복지부 위탁법인 독거노인 종합지원센터를 통해 홀로 사는 어르신 730가구에 전달될 예정이다. 박승운 U+동반성장보드 의장(코위버 사장)은 “이번 행사는 LG유플러스와 동반성장보드사 모든 임직원이 참여하는 소중한 시간이었다”며 “올해는 고환율, 고물가 등 어려운 경영환경에도 사랑과 정성이 담긴 행사가 진행된 만큼 어르신들이 행복하고 따뜻한 겨울을 보내시길 바란다”고 전했다.한상언 LG유플러스 동반성장/전략구매담당은 “협력사와 동반성장 문화조성의 일환으로 시작한 동반성장보드 사회 공헌 활동이 12년째 이어지고 있다”며 “대기업과 중소기업의 적극적인 참여로 화합의 온기가 사회 전반에 퍼질 수 있도록 노력하겠다”고 말했다."
https://n.news.naver.com/mnews/article/417/0001113840?sid=105,2025-11-18 10:17:07,IT/과학,"LG U+, 협력사와 함께 독거노인에 '사랑의 꾸러미' 전달","LG유플러스가 연말연시를 맞아 협력사 협의체인 ‘U+동반성장보드’와 ‘사랑의 꾸러미 나눔 시즌12’ 행사를 진행했다고 18일 밝혔다. 사진은 17일 LG유플러스 용산사옥에서 진행한 사랑의 꾸러미 행사 모습. /사진=LG유플러스LG유플러스가 협력사 협의체인 'U+동반성장보드'와 '사랑의 꾸러미 나눔 시즌12' 행사를 진행했다고 18일 밝혔다. LG유플러스는 동반성장위원회, 대중소기업농어업협력재단과 함께 12년째 온정 나눔 행사를 이어 오고 있다.LG유플러스 임직원들과 U+동반성장보드 멤버 60여 명은 17일 LG유플러스 용산사옥에서 홀로 사는 어르신들을 위한 사랑의 꾸러미 730개를 제작했다. 꾸러미에는 LG유플러스와 U+동반성장보드가 올해 모은 기부금으로 구매한 쌀, 식료품, 손난로 등을 담았다.U+동반성장보드는 LG유플러스의 32개 협력회사로 구성된 동반성장 협의체로 동반성장 관련 제도 및 시행 내역을 공유하고 LG유플러스와 협력사 간 소통 창구 역할을 하고 있다. 올해 U+동반성장보드는 ▲'코위버' 등 장비 분과 소속 7개사 ▲'지에스정보통신' 등 IT/서비스분과 소속 8개사 ▲'엘케이테크넷' 등 공사 분과 소속 10개사 ▲'가온그룹' 등 디바이스 분과 소속 3개사 등 총 32개 협력사로 이루어져 활동 중이다.박승운 U+동반성장보드 의장(코위버 사장)은 ""이번 행사는 LG유플러스와 동반성장보드사 모든 임직원이 참여하는 소중한 시간이었다""며 ""올해는 고환율, 고물가 등 어려운 경영환경에도 사랑과 정성이 담긴 행사가 진행된 만큼 어르신들이 행복하고 따뜻한 겨울을 보내시길 바란다""고 전했다.한상언 LG유플러스 동반성장/전략구매담당도 ""협력사와 동반성장 문화조성의 일환으로 시작한 동반성장보드 사회 공헌 활동이 12년째 이어지고 있다""며 ""대기업과 중소기업의 적극적인 참여로 화합의 온기가 사회 전반에 퍼질 수 있도록 노력하겠다""고 말했다."
https://n.news.naver.com/mnews/article/029/0002994170?sid=105,2025-11-18 10:57:25,IT/과학,"LG U+, 홀몸 노인에 쌀·식료품 전달","협력사와 12년째 이웃 온정 나눔 행사32개 협력사 협의체·임직원 봉사자 60여명 참여LG유플러스 임직원들과 U+동반성장보드 멤버 60여명이 지난 17일 용산사옥에서 사랑의 꾸러미를 제작하고 있다. LG유플러스 제공LG유플러스가 연말연시를 맞아 홀몸 노인 돕기에 나섰다.LG유플러스는 협력사 협의체인 ‘U+동반성장보드’와 ‘사랑의 꾸러미 나눔 시즌12’ 행사를 진행했다고 18일 밝혔다.LG유플러스 임직원들과 U+동반성장보드 멤버 60여명은 지난 17일 올해 모은 기부금으로 구매한 쌀, 식료품, 손난로 등을 담은 사랑의 꾸러미 730개를 제작했다. 꾸러미는 보건복지부 위탁법인 독거노인 종합지원센터를 통해 730가구에 전달될 예정이다.U+동반성장보드는 LG유플러스의 32개 협력회사로 구성된 동반성장 협의체다. 동반성장 관련 제도와 시행 내역을 공유하고 LG유플러스와 협력사 간 소통 창구 역할을 하고 있다.올해 U+동반성장보드는 △‘코위버’ 등 장비 분과 소속 7개사 △‘지에스정보통신’ 등 IT·서비스분과 소속 8개사 △‘엘케이테크넷’ 등 공사 분과 소속 10개사 △‘가온그룹’ 등 디바이스 분과 소속 3개사 등 총 32개 협력사로 이뤄져 활동 중이다.LG유플러스는 동반성장위원회, 대중소기업농어업협력재단과 함께 올해로 12년째 온정 나눔 행사를 이어 오고 있다.한상언 LG유플러스 동반성장·전략구매담당은 “협력사와 동반성장 문화 조성의 일환으로 시작한 동반성장보드 사회 공헌 활동이 12년째 이어지고 있다”며 “대기업과 중소기업의 적극적인 참여로 화합의 온기가 사회 전반에 퍼질 수 있도록 노력하겠다”고 말했다."
https://n.news.naver.com/mnews/article/016/0002559301?sid=105,2025-11-18 11:18:08,IT/과학,"LGU+, 협력사와 이웃 온정 나눔","‘사랑의 꾸러미 나눔 시즌12’ 진행독거노인 730가구 쌀·식료품 전달32개 협력사 U+동반성장보드 참여LG유플러스가 연말연시를 맞아 협력사 협의체인 ‘U+동반성장보드’와 ‘사랑의 꾸러미 나눔 시즌12’ 행사를 진행했다. [LG유플러스 제공]LG유플러스가 연말연시를 맞아 협력사 협의체인 ‘U+동반성장보드’와 ‘사랑의 꾸러미 나눔 시즌12’ 행사를 진행했다고 18일 밝혔다.LG유플러스 임직원들과 U+동반성장보드 멤버 60여 명은 지난 17일 LG유플러스 용산사옥에서 홀로 사는 어르신들을 위한 사랑의 꾸러미 730개를 제작했다.꾸러미에는 LG유플러스와 U+동반성장보드가 올해 모은 기부금으로 구매한 쌀, 식료품, 손난로 등이 담겼다.U+동반성장보드는 LG유플러스의 32개 협력회사로 구성된 동반성장 협의체로 동반성장 관련 제도 및 시행 내역을 공유하는 소통 창구 역할을 하고 있다.LG유플러스는 동반성장위원회, 대중소기업농어업협력재단과 함께 올해로 12년째 온정 나눔 행사를 이어 오고 있다.이번에 제작된 730개의 사랑의 꾸러미는 보건복지부 위탁법인 독거노인 종합지원센터를 통해 홀로 사는 어르신들에게 전달될 예정이다.박승운 U+동반성장보드 의장은 “이번 행사는 LG유플러스와 동반성장보드사 모든 임직원이 참여하는 소중한 시간이었다”며 “올해는 고환율, 고물가 등 어려운 경영환경에도 사랑과 정성이 담긴 행사가 진행된 만큼 어르신들이 행복하고 따뜻한 겨울을 보내시길 바란다”고 전했다.한상언 LG유플러스 동반성장·전략구매담당은 “협력사와 동반성장 문화조성의 일환으로 시작한 동반성장보드 사회 공헌 활동이 12년째 이어지고 있다”며 “대기업과 중소기업의 적극적인 참여로 화합의 온기가 사회 전반에 퍼질 수 있도록 노력하겠다”고 말했다. 권제인 기자"
https://n.news.naver.com/mnews/article/028/0002776974?sid=105,2025-11-18 11:26:07,IT/과학,"이통 3사, PASS 전자고지 서비스 출시…각종 고지서 패스앱으로 확인","패스 앱 갈무리국내 이동통신 3사(SKT, KT, LG U+)가 ‘패스(PASS) 전자고지 서비스’를 출시했다고 18일 밝혔다. 이용자들은 공공·금융·민간기관의 종이 우편 고지서와 안내문 등을 패스앱을 통해 받아볼 수 있게 된다.패스앱은 국내 3800만 가입자가 이용하는 인증·본인확인 서비스다. 본인 명의 스마트폰을 통한 안전한 고지 송달이 가능할 뿐 아니라, 서비스 특성상 이용자 다수가 푸시 알림을 켜놓고 있기 때문에 고지 열람률도 높을 것으로 기대된다. 패스 기반 ‘국민비서’ 서비스의 필수 고지 문서 열람률은 55%에 달한다.이용자는 전자고지 확인을 위해 최초 1회 패스지갑 서비스 가입하고 공인전자주소(전자문서의 송·수신을 위하여 사용하는 송·수신자의 식별정보) 등록 약관에 동의해야 한다. 수신한 전자문서는 본인인증을 통해 문서 원문을 확인할 수 있다.전자고지 목록 화면에서는 각 문서의 열람 기한을 한눈에 볼 수 있다. ‘기관별 수신 관리’를 통해 개별기관의 전자고지를 받아볼지도 선택할 수 있다. 전자고지를 원하지 않는 기관은 ‘수신 거부’할 수 있고, 필요할 때 다시 수신 거부를 해제할 수도 있다.우선 국민건강보험공단이 18일부터 패스 전자고지 서비스를 통해 알림을 보낸다. 이용자는 건겅검진표, 본인부담금 환급금 지급신청 안내 등의 정보를 볼 수 있다."
https://n.news.naver.com/mnews/article/119/0003026490?sid=105,2025-11-18 14:31:13,IT/과학,"LG유플러스-협력사, 홀몸어르신에 ‘사랑의 꾸러미’ 730개 전달","32개 협력사 협의체 U+동반성장보드와 LG U+임직원 봉사자 60여 명 참여17일 LG유플러스 용산사옥에서 진행한 사랑의 꾸러미 행사 모습.ⓒLG유플러스[데일리안 = 조인영 기자] LG유플러스는 연말연시를 맞아 협력사 협의체인 ‘U+동반성장보드’와 ‘사랑의 꾸러미 나눔 시즌12’ 행사를 진행했다고 18일 밝혔다.LG유플러스 임직원들과 U+동반성장보드 멤버 60여 명은 17일 LG유플러스 용산사옥에서 홀로 사는 어르신들을 위한 사랑의 꾸러미 730개를 제작했다. 꾸러미에는 LG유플러스와 U+동반성장보드가 올해 모은 기부금으로 구매한 쌀, 식료품, 손난로 등을 담았다.U+동반성장보드는 LG유플러스의 32개 협력회사로 구성된 동반성장 협의체로 동반성장 관련 제도 및 시행 내역을 공유하고 LG유플러스와 협력사 간 소통 창구 역할을 하고 있다.올해 U+동반성장보드는 ▲’코위버’ 등 장비 분과 소속 7개사 ▲’지에스정보통신’ 등 IT/서비스분과 소속 8개사 ▲’엘케이테크넷’ 등 공사 분과 소속 10개사 ▲’가온그룹’ 등 디바이스 분과 소속 3개사 등 총 32개 협력사로 이루어져 활동 중이다.LG유플러스는 동반성장위원회, 대중소기업농어업협력재단과 함께 올해로 12년째 온정 나눔 행사를 이어 오고 있다.이번에 제작된 730개의 사랑의 꾸러미는 보건복지부 위탁법인 독거노인 종합지원센터를 통해 홀로 사는 어르신 730가구에 전달될 예정이다.박승운 U+동반성장보드 의장(코위버 사장)은 “이번 행사는 LG유플러스와 동반성장보드사 모든 임직원이 참여하는 소중한 시간이었다”며 “올해는 고환율, 고물가 등 어려운 경영환경에도 사랑과 정성이 담긴 행사가 진행된 만큼 어르신들이 행복하고 따뜻한 겨울을 보내시길 바란다”고 전했다.한상언 LG유플러스 동반성장/전략구매담당은 “협력사와 동반성장 문화조성의 일환으로 시작한 동반성장보드 사회 공헌 활동이 12년째 이어지고 있다”며 “대기업과 중소기업의 적극적인 참여로 화합의 온기가 사회 전반에 퍼질 수 있도록 노력하겠다”고 말했다."
https://n.news.naver.com/mnews/article/014/0005436191?sid=105,2025-11-18 15:35:15,IT/과학,"LG U+ ""가민·샥즈 콜라보팩 호응.. 스마트폰 외 디바이스로 차별화""","박준수 LG유플러스 담당이 최근 LG유플러스 용산 사옥에서 본지와 인터뷰를 하고 있는 모습. LG유플러스 제공“한국은 스마트폰 시장이 삼성, 애플로 이원화돼 있고 포화 상태여서 통신사가 스마트폰으로 차별화하는 게 어렵다. 가민·샥즈 콜라보팩이라는 결합 상품을 통해 스마트폰과 함께 최신 세컨드 디바이스 제품들을 가격 부담 없이 제공한다는 이미지를 만들고 싶었다”박준수 LG유플러스 디바이스·외국인사업담당은 18일 LG유플러스 용산 사옥에서 본지와 가진 인터뷰에서 스마트폰과 세컨드 디바이스의 결합 상품인 ‘가민·샥즈 콜라보팩’을 출시한 배경에 대해 이 같이 밝혔다.‘가민·샥즈 콜라보팩’은 러닝족 등 야외 활동을 즐기는 고객들을 겨냥한 패키지 상품이다. LG유플러스의 무약정 온라인 전용 요금제인 ‘너겟’ 요금제 중 ‘너겟59·65·69’ 요금제 또는 일반 5G 요금제 중 5G 시그니처·프리미어 슈퍼·프리미어 플러스 이용 고객들은 콜라보팩을 통해 가민이나 샥즈 제품 3종 중 하나를 선택해 기기 할부금을 할인 받을 수 있다.박 담당은 “가민·샥즈 콜라보팩은 출시 초반 대비 성장률이 200%”라고 하면서도 “콜라보팩을 통해 이런 디바이스를 사실상 무료 또는 저렴하게 이용할 수 있다는 점이 아직 많이 알려지지 않은 것으로 판단돼 성장세를 좀 더 지켜봐야 한다”고 말했다.그는 “최근 달리기를 하는 이른바 러닝족이 1000만명이라는 얘기가 나올 정도로 많은 사람들이 달리기에 빠져 있다는 것을 알게 됐다”며 “그 중에서도 가민, 샥즈가 러닝족들에게 가장 인기 있고 인지도 높은 브랜드이기에 이들 제품을 선택하게 됐다”고 설명했다.LG유플러스는 ‘가민·샥즈 콜라보팩’ 뿐만 아니라 고객 일상과 취향을 반영한 브랜드, 제조사와 협력해 또 다른 결합 상품을 선보이며 차별화된 고객 가치를 제공한다는 방침이다. 박 담당은 “러닝용 스마트기기 뿐 아니라 미디어 감상을 위한 고음질 헤드폰 수요나, 인공지능(AI) 글래스 수요도 열릴 것으로 예상한다""면서 ""현재 선보인 가민·샥즈 콜라보팩도 업그레이드할 예정”이라고 밝혔다.그러면서 “스마트폰은 최신폰이 나와도 기능상 큰 차이가 없어 고객들에게 스마트폰 아닌 다른 디바이스를 많이 제공하고자 한다”며 “스마트폰만 이용했을 때 제약이었던 고객 경험을 세컨드 디바이스와 결합시켜 확장시킬 수 있는 만큼 LG유플러스는 고객들에게 더 많은 혜택을 주면서 LG유플러스만의 색깔을 보여주려 한다”고 강조했다."
https://n.news.naver.com/mnews/article/011/0004557323?sid=105,2025-11-18 17:33:08,IT/과학,셋톱박스에 AI 탑재…IPTV '딥테크 동맹' 잇따라,"KT, MS와 '소타K' 공동개발LGU+도 '에너자이'와 협업SKB는 코난테크 기술 적용LG유플러스 직원이 IPTV ‘U+tv’의 음성 검색 기능을 소개하고 있다. 사진 제공=LG유플러스[서울경제]넷플릭스 등 온라인동영상서비스(OTT)에 밀려 성장 정체를 겪는 인터넷(IP)TV가 인공지능(AI) 신기술을 앞세워 반등을 꾀한다. 이동통신사들은 특히 마이크로소프트(MS)나 유망 스타트업과 적극 협력하며 모바일에 이어 IPTV 사업에서도 AI 협력을 늘리는 생태계 경쟁에 돌입했다.18일 통신업계에 따르면KT(030200)는 이달 초 자사 IPTV 서비스 ‘지니TV’에 MS와 공동 개발한 대규모언어모델(LLM) ‘소타(SOTA) K’를 적용했다. 소타K는 KT가 MS와 추진 중인 2조 4000억 원 규모 파트너십의 일환으로 국내 시장을 겨냥해 오픈AI ‘GPT4o’ 모델에 한국어를 특화 학습시킨 모델이다. 한국 문화·역사·지리 등에 대한 이해도가 경쟁 모델들보다 높은 만큼 ‘지니TV AI 에이전트(비서)’ 성능도 한층 높일 수 있다는 게 KT 설명이다.KT는 올 7월 자체 LLM 기반으로 업그레이드한 지니TV AI 에이전트를 선뵀다. 챗GPT처럼 뉴스 시청 도중 음성으로 시사 관련 질문에 답하고 간단한 묘사만 듣고도 콘텐츠를 찾아 추천해주는 대화형 서비스다. 자체 LLM에 이어 소타K 같은 고성능 모델을 추가해 에이전트의 답변 정확도를 높여나간다는 게 KT 계획이다. 이미지·영상까지 학습한 멀티모달(다중모델)도 이르면 연내 추가된다.LG유플러스(032640)는 이달 AI 최적화 솔루션 스타트업 에너자이와 IPTV 전용 온디바이스(내장형) AI 모델을 공동 개발해 신형 셋톱박스에 탑재했다. 온디바이스 AI는 LLM보다 규모가 작은 대신 데이터센터 연결 없이 기기 내부에서 연산을 수행해 보안을 높일 수 있는 기술이다. 특히 IPTV는 시청 기록 같은 개인정보를 다루는 만큼 외부 유출 우려가 없는 온디바이스 AI가 필수적이라는 게 LG유플러스 설명이다. 에너자이는 이를 위해 AI 성능을 유지하면서도 연산량을 줄일 수 있는 최적화 기술을 보유했다.LG유플러스는 지난해 7월 자체 모델 ‘익시젠’을 온디바이스 모델로 셋톱박스에 탑재해 유튜브처럼 시청 기록을 바탕으로 개인 맞춤 콘텐츠 추천을 해주는 ‘초개인화’ 기능을 출시했다. 이어 에너자이 협력을 통해 음성 제어까지 온디바이스 AI 기능을 확대한 것이다. 이용자가 콘텐츠 시청 도중 음성만으로 재생 시각, 속도, 자막 등 설정을 조절할 수 있는 ‘말로 하는 설정’ 기능이다.SK브로드밴드도 코난테크놀로지와 협력해 AI로 전체 영상 중 주요 장면만 추출한 하일라이트 영상을 자동 생성하는 기술을 IPTV ‘Btv’에 적용 중이다. 회사는 그밖에 지난달 셋톱박스에서 매일 데이터 22억 건을 분석해 Btv 품질 이상을 실시간 모니터링하는 기술 ‘아쿠아’를 도입하는 등 지속적으로 AI 기능을 고도화하고 있다.3사는 AI 서비스 고도화로 실적 부진에 맞설 방침이다. 올해 3분기 3사 합산 IPTV 사업 매출은 1조 3466억 원, 가입자 수는 2196만 8000명으로 전년 동기 대비 0%대 성장에 그쳤다."
https://n.news.naver.com/mnews/article/014/0005436349?sid=105,2025-11-18 18:34:19,IT/과학,러너 겨냥한 요금제… 세컨드디바이스 성장 이끌어,"LGU+ 가민·샥즈 콜라보팩 주목워치·이어폰 등 기기할부금 할인스마트폰 결합 상품으로 큰 호응""한국은 스마트폰 시장이 삼성, 애플로 이원화돼 있고 포화 상태여서 통신사가 스마트폰으로 차별화하는 게 어렵다. 가민·샥즈 콜라보팩이라는 결합 상품을 통해 스마트폰과 함께 최신 세컨드 디바이스 제품들을 가격 부담 없이 제공한다는 이미지를 만들고 싶었다""박준수 LG유플러스 디바이스·외국인사업담당(사진)은 18일 LG유플러스 용산 사옥에서 본지와 가진 인터뷰에서 스마트폰과 세컨드 디바이스의 결합 상품인 '가민·샥즈 콜라보팩'을 출시한 배경에 대해 이 같이 밝혔다.'가민·샥즈 콜라보팩'은 러닝족 등 야외 활동을 즐기는 고객들을 겨냥한 패키지 상품이다. LG유플러스의 무약정 온라인 전용 요금제인 '너겟' 요금제 중 '너겟59·65·69' 요금제 또는 일반 5G 요금제 중 5G 시그니처·프리미어 슈퍼·프리미어 플러스 이용 고객들은 콜라보팩을 통해 가민이나 샥즈 제품 3종 중 하나를 선택해 기기 할부금을 할인 받을 수 있다.박 담당은 ""가민·샥즈 콜라보팩은 출시 초반 대비 성장률이 200%""라고 하면서도 ""콜라보팩을 통해 이런 디바이스를 사실상 무료 또는 저렴하게 이용할 수 있다는 점이 아직 많이 알려지지 않은 것으로 판단돼 성장세를 좀 더 지켜봐야 한다""고 말했다.그는 ""최근 달리기를 하는 이른바 러닝족이 1000만명이라는 얘기가 나올 정도로 많은 사람들이 달리기에 빠져 있다는 것을 알게 됐다""며 ""그 중에서도 가민, 샥즈가 러닝족들에게 가장 인기 있고 인지도 높은 브랜드이기에 이들 제품을 선택하게 됐다""고 설명했다.LG유플러스는 '가민·샥즈 콜라보팩' 뿐만 아니라 고객 일상과 취향을 반영한 브랜드, 제조사와 협력해 또 다른 결합 상품을 선보이며 차별화된 고객 가치를 제공한다는 방침이다. 박 담당은 ""러닝용 스마트기기 뿐 아니라 미디어 감상을 위한 고음질 헤드폰 수요나, 인공지능(AI) 글래스 수요도 열릴 것으로 예상한다""면서 ""현재 선보인 가민·샥즈 콜라보팩도 업그레이드할 예정""이라고 밝혔다.그러면서 ""스마트폰은 최신폰이 나와도 기능상 큰 차이가 없어 고객들에게 스마트폰 아닌 다른 디바이스를 많이 제공하고자 한다""며 ""스마트폰만 이용했을 때 제약이었던 고객 경험을 세컨드 디바이스와 결합시켜 확장시킬 수 있는 만큼 LG유플러스는 고객들에게 더 많은 혜택을 주면서 LG유플러스만의 색깔을 보여주려 한다""고 강조했다."
https://n.news.naver.com/mnews/article/001/0015750237?sid=105,2025-11-19 06:13:01,IT/과학,"""같은 주파수, 다른 값?"" SKT·LGU+ 가격 전쟁 격화","SKT ""동일대역이면 동일대가 적용돼야""LGU+ ""초기 개척비용 무시한 주장"" 반발SKT, 5G 마이크로웨이브 결합 기술로 도서·산간 지역 공동망 강화사진은 SKT 직원들이 도서 지역에 설치된 5G 마이크로웨이브 통신 장비를 점검하는 모습. 2023.5.18 [SK텔레콤 제공. 재판매 및 DB 금지] photo@yna.co.kr(서울=연합뉴스) 조성미 기자 = 정부가 올해 안으로 3G·LTE 주파수 재할당 방침을 발표할 예정인 가운데 조원 단위에 이르는 할당 대가가 어떻게 산정될지 통신업계 관심이 쏠리고 있다.5G에 비해 3G·LTE 주파수가 가지는 중요도가 낮아 보이지만, 이들 주파수의 재할당 대가가 여전히 통신사 각각의 경쟁력을 좌우할 수 있을 만큼 거액이라는 점, LTE 활용도가 5G와 뗄 수 없는 관계에 있다는 점에서 통신업계 시선이 집중되는 결정을 앞두고 있다.SKT ""가치 같으면 대가도 같아야"" vs LGU+ ""개척비 무시한 주장""이달 공청회를 통해 재할당 방안이 공개되는 주파수 총 370㎒(메가헤르츠) 폭 가운데 가장 시선이 쏠리는 부분은 2.6㎓(기가헤르츠) 대역이다.이 대역대는 SK텔레콤과 LG유플러스가 각각 60㎒, 40㎒를 보유하는데 LG유플러스가 내는 주파수 값이 SKT 대비 반값 수준이라는 것이 쟁점으로 부각될 전망이다.이 대역에 대해 SK텔레콤이 2016년 낙찰가로 낸 금액은 1조2천777억원이었는데 LG유플러스는 2013년 경매에서 4천788억원에 낙찰받아 8년 이용 후 2021년 재할당 시 27.5% 할인율을 적용, 약 7천억원을 낸 것으로 추산된다.SK텔레콤은 해당 주파수에 대해 LG유플러스가 부담하는 가격 배율이 자사 대비 51∼70% 수준이라며 '동일 대역 동일 대가' 기준에 맞지 않는 사례라고 반발한다.두 회사가 내는 주파수 대가에 차이가 큰 이유 중 하나는 정부가 지난 2020년 11월 말 발표한 재할당 세부 정책에 기인한다는 설명이다.과거 경매 가격을 바탕으로 기준값을 설정하고 통신사들이 5G 무선 기지국 12만개를 구축하면 주파수 값에 할인율 27.5%를 적용한다고 발표하면서 LG유플러스는 2021년 재할당에서 할인받았기 때문이다.SK텔레콤은 2.6㎓ 대역에서 2021년 재할당 대상이었는지 아니었는지에 따라 가격 격차가 커진 상황이 이번 재할당 대가 산정에서는 바로잡혀야 한다고 주장하고 있다.LG유플러스 대리점[연합뉴스 자료사진]이 회사 관계자는 ""주파수 가치가 동일하다면 대가도 같아야 하는 것이 자연스럽다""며 ""10여년 전의 경매 가격이 현재의 경제적 가치라고 주장하는 것은 부동산 시장에서 싸게 전셋집을 구했다고 그 가격을 계속 인정받아야 한다는 논리가 통하지 않는 것처럼 어불성설""이라고 말했다.LG유플러스는 SKT가 초광대역인 60㎒ 폭 경매에 응찰할 당시 스스로 정한 주파수의 경제적 가치를 재할당에서 부정하는 것이라는 반대 논리를 폈다.자사가 개척한 주파수 대역대에 SKT가 후발 주자로 들어와 같은 조건을 요구한다는 것이다.이 회사 관계자는 ""지금까지 이어져 온 경매제도의 근간을 흔들 뿐 아니라 향후 정책에도 영향을 미칠 수 있다""며 ""특정 사업자가 우월적 지위를 지속해 가져가는 수단이 될 것""이라고 주장했다.피지컬 AI 전환 속…LTE 가치 하락 논쟁 본격화이번 주파수 재할당에서 또 하나의 주요 관심사는 5G SA로 가는 길목에서 기여도가 떨어질 수밖에 없는 LTE 주파수 가치를 어떻게 바라볼지 문제다.국내 통신업계는 KT를 제외하고 LTE 기지국을 5G와 함께 쓰는 비단독 모드(NSA)를 활용해왔는데, 자율주행·로보틱스 등의 구동을 위해 초고속·초저지연 통신 환경이 필수적인 피지컬 AI 시대에는 LTE를 뺀 단독 모드(SA)가 필수 인프라로 인식된다.나아가 올해 통신업계를 뒤흔든 해킹 사태가 LTE 코어망을 중심으로 이뤄지며 보안에 훨씬 강한 5G 단독 모드로 시급히 전환해야 할 필요성도 제기된다.통신업계가 5G SA 추진을 공식화하고 있지 않지만, 아시아태평양경제협의체(APEC) 최대 성과로 꼽히는 엔비디아 협업 성과를 현실화하려면 5G SA로 전환을 추진할 수밖에 없다는 관측이다.이 경우 기존에 5G를 돕던 LTE 주파수의 역할은 사라지게 된다.5G 주파수 경매·이동통신3사 (PG)[장현경 제작] 일러스트이에 통신업계에서는 정부가 LTE 가치를 보다 낮게 산정해야 한다는 요구가 나온다.여기에 아직 피지컬 AI 등 차세대 AI가 국민 일상에서 바로 체감할 수 있는 기술이 아닌 데 반해 5G SA 추진으로 LTE 주파수 공동 활용 환경이 제거되면 통신 속도가 느려지며 이용자 불만이 생길 것이라는 우려도 제기한다.통신업계 관계자는 ""AI 국가 경쟁력을 뒷받침할 수 있는 네트워크 고도화 명분이 필요하지만, SA 도입으로 통신 사용에서 국민 편익은 낮아질 수 있다""고 말했다.다만, 정부 측에서는 5G SA 구축에 따른 LTE 주파수 가격 인하는 고려하기 어렵다는 입장이 관측된다.정부 관계자는 ""5G 추가 주파수 할당을 위한 투자는 당장 이뤄지는 것이 아니고 추후 경매를 통해 확정되는 방식이어서 SA 투자를 전제로 현재 LTE 가격 산정에 반영하기보다 사후 보정이 맞다""고 말했다.이밖에 2021년 재할당 대상이 아니었던 총 80㎒ 3개 대역이 이번에 재할당 대상이 되면서 2021년 당시처럼 LTE 주파수 가치 하락에 따른 대가 할인이 인정될지도 관심사다.과기정통부는 이달 말 공청회와 추가 의견수렴을 거쳐 연내 주파수 재할당 세부 계획을 확정할 예정이다.csm@yna.co.kr"
https://n.news.naver.com/mnews/article/001/0015750304?sid=100,2025-11-19 07:30:00,정치,[연합뉴스 이 시각 헤드라인] - 07:30,"■ 韓-UAE, '100년 동행' 공동선언…'바라카모델' 원전협력 확대이재명 대통령과 무함마드 빈 자이드 알 나흐얀 아랍에미리트(UAE) 대통령은 18일(현지시간) 아부다비에서 정상회담을 갖고 '한국과 UAE 100년 동행을 위한 새로운 도약'이라는 명칭의 공동선언문을 채택했다. 양 정상은 선언문에서 한국과 UAE가 원전 협력·아크부대 파견 등으로 협력 관계의 중요한 이정표를 세웠다는 데 공감대를 이뤘고, 우주산업 협력을 통해서도 중요한 성과를 거둬왔음을 재확인했다. 나아가 이 과정에서 쌓인 신뢰와 상호존중, 연대 정신을 토대로 양국의 특별전략적 동반자 관계를 불가역적인 수준으로 심화시키기로 했다.전문보기: https://www.yna.co.kr/view/AKR20251119005000001한-UAE, 전략적 AI 협력(아부다비=연합뉴스) 김도훈 기자 = 배경훈 부총리 겸 과학기술정보통신부 장관과 아랍에미리트(UAE) 칼둔 아부다비 행정청장이 18일(현지시간) 아부다비 대통령궁에서 이재명 대통령과 무함마드 빈 자이드 알 나흐얀 UAE 대통령이 참석한 가운데 전략적 AI 협력 프레임워크 MOU를 체결한 뒤 기념촬영을 하고 있다. 2025.11.18 superdoo82@yna.co.kr■ ""트럼프, 지난달 한미정상회담때 핵잠 관련 많은 것 질문""강경화 주미대사는 18일(현지시간) ""미국 측과 긴밀히 소통하는 가운데 우리의 대북 정책에 대한 지지를 계속 확보해 나가겠다""고 밝혔다. 강 대사는 이날 워싱턴DC의 한국문화원에서 가진 한국 특파원단 간담회에서 ""우리 정부는 미국과 함께 피스메이커와 페이스메이커로서 남북 대화와 북미 대화의 여건이 성숙될 수 있도록 계속 노력할 예정""이라며 이같이 말했다. 이는 도널드 트럼프 미국 대통령이 지난달 말 한국에서 열린 아시아태평양경제협력체(APEC) 정상회의를 계기로 방한했을 때 김정은 북한 국무위원장과 만날 수 있다는 기대감이 있었는데도 결국 무산됐지만 앞으로 미국 조야를 상대로 북한과의 대화가 추진·성사될 수 있도록 계속 힘쓰겠다는 취지다.전문보기: https://www.yna.co.kr/view/AKR20251119001951071■ 한덕수 재판 '증인 출석' 거부한 尹…구인영장 집행할까한덕수 전 국무총리의 내란 재판에 윤석열 전 대통령이 두 차례 출석을 거부하며 재판부가 구인영장을 실제 집행할지 관심이 모인다. 서울중앙지법 형사합의33부(이진관 부장판사)는 19일 한 전 총리의 내란 우두머리 방조 및 위증 등 혐의 재판의 속행 기일을 연다. 재판부는 이날 윤 전 대통령과 이상민 전 행정안전부 장관, 김용현 전 국방부 장관을 증인으로 소환했다.전문보기: https://www.yna.co.kr/view/AKR20251118152300004■ '양평개발 특혜' 김건희 오빠도 구속기로…이르면 오늘밤 결과양평 공흥지구 개발 특혜 의혹에 연루된 김건희 여사 오빠 김진우씨의 구속 여부를 결정할 법원 심사가 19일 열린다. 서울중앙지법 정재욱 영장 전담 부장판사는 이날 오전 10시 10분께 김씨에 대한 구속 전 피의자 심문(영장실질심사)을 진행한다. 심사 결과는 이르면 이날 오후 늦게 나올 전망이다. 김 여사 의혹들을 수사하는 민중기 특별검사팀은 지난 14일 김씨에 대해 특정범죄 가중처벌법상 국고손실, 업무상 횡령·배임, 증거인멸 혐의로 구속영장을 청구했다.전문보기: https://www.yna.co.kr/view/AKR20251118146800004■ '다시 3%대' 은행 금리 경쟁 불붙어…정기예금 이달 9조 증가은행들이 이달 예·적금 금리를 잇달아 높이면서 주요 은행 예금 상품 최고금리가 약 반 년 만에 연 3%대로 다시 올라섰다. 한국은행 기준금리 인하 기대가 약해지면서 시장금리가 상승한 데다, 4분기 대규모 예·적금 만기를 앞두고 은행권 금리 경쟁이 본격화한 영향이다. 19일 은행권에 따르면 신한은행은 지난 17일 '신한my플러스정기예금' 최고금리를 연 2.80%에서 3.10%로 0.30%포인트(p) 높였다.전문보기: https://www.yna.co.kr/view/AKR20251118160000002■ ""같은 주파수, 다른 값?"" SKT·LGU+ 가격 전쟁 격화정부가 올해 안으로 3G·LTE 주파수 재할당 방침을 발표할 예정인 가운데 조원 단위에 이르는 할당 대가가 어떻게 산정될지 통신업계 관심이 쏠리고 있다. 5G에 비해 3G·LTE 주파수가 가지는 중요도가 낮아 보이지만, 이들 주파수의 재할당 대가가 여전히 통신사 각각의 경쟁력을 좌우할 수 있을 만큼 거액이라는 점, LTE 활용도가 5G와 뗄 수 없는 관계에 있다는 점에서 통신업계 시선이 집중되는 결정을 앞두고 있다.SKT ""가치 같으면 대가도 같아야"" vs LGU+ ""개척비 무시한 주장""전문보기: https://www.yna.co.kr/view/AKR20251118133200017■ 술병에 과음 위험·음주운전 경고 문구 '더 크게'내년 9월부터 술병에 표기되는 음주의 건강상 위험과 음주운전에 대한 경고 문구 크기가 확대된다. 19일 보건복지부에 따르면 주류 용기에 표기하는 음주 경고 문구의 글자 크기를 확대하고, 용량에 따라 글자 크기를 세분화하는 내용의 국민건강증진법 시행규칙 일부 개정령안이 마련돼 현재 입법예고 중이다. 이번 개정안은 술병의 경고 문구에 음주운전 위험성을 추가하도록 국민건강증진법이 개정된 데 따라 표시 방법 등 세부 기준을 마련하고, 경고 문구의 크기를 확대해 사람들의 가독성을 제고하고자 마련됐다.전문보기: https://www.yna.co.kr/view/AKR20251118143100530■ 7년만에 방미 사우디 빈살만 ""1조불 투자""…트럼프 ""F-35 공급""도널드 트럼프 미국 대통령과 무함마드 빈 살만 사우디아라비아 왕세자가 18일(현지시간) 미국 백악관에서 양자 회담을 개최하고 경제·방위 협력 확대 방안을 논의했다. 빈 살만 왕세자는 2018년 10월 사우디 반정부 언론인 자말 카슈끄지 암살 사건의 배후로 지목되면서 사실상 외교적 고립 상태였지만, 트럼프 대통령은 2018년 3월 이후 7년여 만에 미국을 찾은 빈 살만 왕세자를 '최상급' 국빈 방문에 준하는 수준으로 예우했다. 이날 오전 백악관 사우스론에서 열린 환영식에선 의장대가 도열하고 군악대가 연주하는 가운데 트럼프 대통령이 직접 빈 살만 왕세자를 맞이했다.전문보기: https://www.yna.co.kr/view/AKR20251119003851071■ 뉴욕증시, AI주식 고평가 논란에 투자심리 냉랭…다우 1%↓인공지능(AI) 관련 기업 주가가 고평가됐다는 논란이 지속되는 가운데 뉴욕증시가 18일(현지시간) 하락했다. 이날 뉴욕증시에서 다우존스30 산업평균지수는 전장보다 498.50포인트(-1.07%) 내린 46,091.74에 거래를 마쳤다. 스탠더드앤드푸어스(S&P) 500 지수는 전장보다 55.09포인트(-0.83%) 내린 6,617.32에, 기술주 중심의 나스닥 종합지수는 전장보다 275.23포인트(-1.21%) 내린 22,432.85에 각각 마감했다.전문보기: https://www.yna.co.kr/view/AKR20251119006852072■ 오늘도 출근길 영하권 '쌀쌀'…일부 지역 눈·비수요일인 19일은 전국 대부분의 아침 기온이 영하권에 들어 춥겠다. 이날 오전 5시 현재 기온은 서울 -1.2도, 인천 -0.5도, 수원 -2.5도, 춘천 -5.5도, 강릉 1.3도, 청주 2.2도, 대전 2.7도, 전주 3.7도, 광주 4.6도, 제주 9.2도, 대구 2.6도, 부산 3.9도, 울산 0.1도, 창원 3.8도 등이다. 낮 기온도 6∼13도로 평년(8.3∼15.1도)보다 다소 낮아 쌀쌀하겠다.전문보기: https://www.yna.co.kr/view/AKR20251119005300004"
https://n.news.naver.com/mnews/article/031/0000982085?sid=105,2025-11-19 07:30:10,IT/과학,"LGU+, 출시 1년 만에 '우리가게 패키지 AX 솔루션' 사업 축소 수순","단말 기반 AX 솔루션 정리…'U+포스'·'U+키오스크' 12월 종료LG유플러스가 소상공인용 포스·키오스크 단말 솔루션 사업을 정리한다. 해당 사업은 지난해 출시한 '우리가게 패키지 AX 솔루션'의 핵심 구성으로, 회사 구조조정 기조에 따라 사업 축소가 불가피해진 것으로 보인다.모델이 LG유플러스 소규모 자영업(SOHO) 고객 특화 통합 솔루션인 '우리가게패키지 AX솔루션'을 소개하고 있다. [사진=LGU+]19일 통신업계에 따르면 LG유플러스는 소상공인 대상 단말 솔루션 'U+포스'와 'U+키오스크' 서비스를 오는 오는 12월 12일 종료한다. 회사는 토스플레이스 자회사 '아이샵케어'를 고객들에게 동일 기능을 계속 이용할 수 있도록 연계를 지원할 계획이다.LG유플러스 관계자는 ""변화하는 시장 환경과 사업 전략에 따른 포트폴리오 재편의 일환으로 포스·키오스크 사업을 종료하기로 결정했다""고 설명했다.'U+포스'와 'U+키오스크'는 LG유플러스가 소상공인 매장 운영을 지원하기 위해 제공해온 주문·결제 단말 기반 서비스로, 지난 2024년 4월 출시된 '우리가게 패키지 AX솔루션'의 핵심 구성으로 운영돼 왔다. '우리가게 패키지 AX 솔루션 '소상공인을 위한 통합 AI 전환 솔루션이다. 당시 유플러스는 2027년 2000억원 매출 달성을 사업 목표로 내세웠다.다만 단말 유지 비용 증가와 경쟁 심화 등으로 수익성 확보가 쉽지 않았던 것으로 분석된다. 덧붙여 회사가 2024년 말 황현식 대표를 교체하고 데이터센터·AI 등 분야로 무게 중심을 옮기면서, 수익성이 저조한 AX 사업은 구조조정 기조에 포함된 것으로 보인다.앞서 여명희 LG유플러스 2024년 4분기 실적발표 컨퍼런스콜에서 ""선택과 집중을 통한 자원 재분배로 사업 구조 개선을 목표로 하고, 경쟁력과 자생력이 부족한 저수익 사업에 대해서는 과감한 구조조정을 통해 수익성 관점의 운영에 집중할 계획""이라고 말한 바 있다."
https://n.news.naver.com/mnews/article/215/0001231428?sid=103,2025-11-19 08:50:00,생활/문화,"ICT·AI 특성화 대학 ICT폴리텍대학, 2026학년도 수시 2차 신입생 모집","국내 정보통신기술(ICT) 및 인공지능(AI) 특성화 대학인 ICT폴리텍대학이 2026학년도 수시 2차 신입생을 모집하며, 현장 실무 중심 교육을 통한 ICT 전문 인재 양성에 박차를 가한다고 밝혔다.원서접수는 11월 7일(금)부터 11월 21일(금)까지이며, 합격자는 12월 4일(목)에 발표될 예정이다. 고등학교 졸업(예정)자 또는 이와 동등 이상의 학력 소지자라면 연령 및 성별 제한 없이 누구나 지원할 수 있다.모집 학과는 △AI네트워크학과 △IT융합학과 △AI소프트웨어학과 △정보보안학과 △정보통신학과 등 총 5개 학과로, 정보통신 전반을 아우르는 전문 교육과정을 운영하고 있다.ICT폴리텍대학은 과학기술정보통신부와 고용노동부의 정책적 지원 및 한국정보통신공사협회의 출연을 기반으로 2002년 설립되었다. 대학은 산업현장에 즉시 투입 가능한 실무형 인재 양성을 목표로 하고 있다.특히, 파격적인 장학 혜택과 실습 위주 교육으로 학생들의 학습 몰입도를 높이고 있다. 신입생 전원에게는 2년간 등록금 100%를 지원하는 '미래인재장학금' 제도가 운영된다. 또한 모든 학과는 첨단 ICT 실습 장비를 갖춘 특성화 실습실을 운영하며, 실습 위주 교육을 통해 국가기술자격증 취득과 함께 높은 취업률을 달성했다. 더불어 대학은 '산업체 재직자'들의 학업 참여 기회를 확대하기 위해 2년 과정의 주말 대면 수업과 평일 온라인 수업을 병행하는 과정도 함께 운영하고 있다.졸업생들은 KT, SKT, LGU+ 등 주요 기간통신사업체와 그룹사, 공공기관, 전국 정보통신공사업체 등 다양한 분야로 진출한다. 특히 2022년 10월 주식회사 KT와 정보통신 분야 일자리 창출 MOU를 체결한 이후 그룹사에 다수의 졸업생이 취업하는 성과를 거두었다. 또한 유관기관인 한국정보통신공사협회에 인재를 꾸준히 공급하고 있으며, 2022년과 2024년 방송통신직 지역인재 국가공무원을 배출하는 등 취업의 안정화와 다변화를 위해 노력하고 있다.ICT폴리텍대학 교학처 임정희 처장은 ""정부 지원을 받는 국내 유일의 ICT 특성화 대학으로서 실무 중심 교육을 통해 현장형 인재를 양성하고 있다""며 ""멘토·멘티 제도와 교수진의 인성 중심 교수법을 바탕으로 기술력과 인성을 갖춘 실무형 ICT 전문인재 양성에 최선을 다할 것""이라고 강조했다.ICT폴리텍대학은 경기도 광주시 역동에 위치하며, 경강선 경기광주역에서 도보 5분 거리에 있어 교통 접근성이 우수하다. 자세한 사항은 대학 공식 홈페이지를 통해 확인할 수 있다."
https://n.news.naver.com/mnews/article/003/0013608860?sid=105,2025-11-19 10:00:00,IT/과학,"LGU+, ESG 평가에서 5년 연속 종합 A 등급 획득","환경 분야에서는 작년보다 한 단계 상승한 A+ 등급LG유플러스 용산사옥 전경. (사진=LG유플러스 제공) *재판매 및 DB 금지[서울=뉴시스]윤현성 기자 = LG유플러스가 한국ESG기준원이 발표한 2025년 ESG 평가에서 5년 연속 종합 A(우수)등급을 획득했다고 19일 밝혔다.한국ESG기준원의 ESG 평가는 기업의 환경, 사회, 지배구조 분야의 리스크와 시스템을 종합적으로 점검해 발표하는 지표다. LG유플러스는 5년 연속 종합 A(우수)등급을 받음으로써 지속가능경영 체계를 구축해 온 노력을 인정받게 됐다.특히 LG유플러스는 올해 환경 분야에서 지난해보다 한 단계 상승한 A+(매우우수) 등급을 획득했다. 기후변화 대응 및 환경 경영 등에서 사회적 책임을 다하고 있다는 점을 높게 인정받은 것으로 분석된다.LG유플러스는 친환경 경영을 실천하기 위해 TNFD(자연 관련 재무정보공개 협의체) 가이드라인에 따른 생물종 다양성 리스크 평가를 시행하고, 이와 관련된 생물다양성 보전 활동을 단계적으로 확대하고 있다.또 기후변화 대응을 위한 고효율 네트워크 장비 도입 등 활동을 전개해 전기 에너지 사용량을 줄이고, 대전 R&D센터 내에 1000kw급 자가 태양광 발전 설비를 적정 운영함으로서 온실가스 배출을 저감하고 있다. 나아가 자가 태양광 조달 확대뿐만 아니라 PPA(전력구매계약) 등 관련 사업을 확대할 계획이다.이밖에도 LG유플러스는 사회 분야에서 소방청과 협력해 119 메모리얼런 시행하는 등 사회공헌 활동을 확대하고 지배구조 분야에서는 ▲중장기 재무 목표와 달성방안 ▲주주 환원 계획 등을 포함한 '밸류업 플랜'을 공시하는 등 기업지배구조를 개선 및 주주가치 제고를 위한 활동을 전개하고 있다.이홍렬 LG유플러스 ESG추진실장은 ""이번 ESG 평가에서 종합 A등급 및 환경부문 A+ 등급을 획득한 것은 오랜 시간 추진해 온 기후변화 대응 노력의 결과""라며 ""앞으로도 LG유플러스는 지속가능한 사회를 위한 다양한 활동을 이어나가며, ESG 경영을 강화해 나갈 것""이라고 말했다."
https://n.news.naver.com/mnews/article/014/0005436579?sid=105,2025-11-19 10:01:13,IT/과학,"LG U+, ESG 평가 5년 연속 종합 ‘A’ 등급","LG유플러스 용산 사옥. LG유플러스 제공[파이낸셜뉴스] LG유플러스는 한국ESG기준원이 발표한 환경·사회·지배구조(ESG) 평가에서 5년 연속 종합 A(우수)등급을 획득했다고 19일 밝혔다.한국ESG기준원의 ESG 평가는 기업의 환경, 사회, 지배구조 분야의 리스크와 시스템을 종합적으로 점검해 발표하는 지표다.특히 LG유플러스는 올해 환경 분야에서 지난해보다 한 단계 상승한 ‘A+(매우우수)’ 등급을 획득했다.구체적으로 LG유플러스는 친환경 경영을 실천하기 위해 자연 관련 재무정보공개 협의체(TNFD) 가이드라인에 따른 생물종 다양성 리스크 평가를 시행하고, 이와 관련된 생물다양성 보전 활동을 단계적으로 확대하고 있다.또 기후변화 대응을 위한 고효율 네트워크 장비 도입 등 활동을 전개하여 전기 에너지 사용량을 줄이고, 대전 연구개발(R&D)센터 내에 1000kw급 자가 태양광 발전 설비를 적정 운영함으로서 온실가스 배출을 저감하고 있다. 나아가 자가 태양광 조달 확대뿐만 아니라 전력구매계약(PPA) 등 관련 사업을 확대할 계획이다.이밖에도 LG유플러스는 사회 분야에서 소방청과 협력해 119 메모리얼런 시행하는 등 사회공헌 활동 확대하고, 지배구조 분야에서는 중장기 재무 목표와 달성방안, 주주 환원 계획 등을 포함한 '밸류업 플랜'을 공시하는 등 기업지배구조를 개선 및 주주가치 제고를 위한 활동을 전개하고 있다.이홍렬 LG유플러스 ESG추진실장(실장)은 “이번 ESG 평가에서 종합 A등급 및 환경부문 A+ 등급을 획득한 것은 오랜 시간 추진해 온 기후변화 대응 노력의 결과”라며 “앞으로도 LG유플러스는 지속가능한 사회를 위한 다양한 활동을 이어나가며, ESG 경영을 강화해 나갈 것”이라고 말했다."
https://n.news.naver.com/mnews/article/092/0002399025?sid=105,2025-11-19 10:10:12,IT/과학,"LGU+, 5년 연속 ESG 평가 종합 A등급 획득","환경 부문 'A+' 획득…기후변화 대응 및 환경 경영 성과LG유플러스가 한국ESG기준원이 발표한 2025년 ESG 평가에서 5년 연속 종합 A(우수)등급을 획득했다고 19일 밝혔다.이번 평가는 기업의 환경·사회·지배구조 분야의 리스크와 시스템을 종합적으로 점검해 발표하는 지표다. LG유플러스는 5년 연속 종합 A(우수)등급을 받음으로써 지속가능경영 체계를 구축해 온 노력을 인정받게 됐다.특히 LG유플러스는 올해 환경 분야에서 지난해보다 한 단계 상승한 ‘A+(매우우수)’ 등급을 획득했다. 기후변화 대응 및 환경 경영 등에서 사회적 책임을 다하고 있다는 점을 높게 인정받은 것으로 분석된다.구체적으로 LG유플러스는 친환경 경영을 실천하기 위해 자연 관련 재무정보공개 협의체(TNFD) 가이드라인에 따른 생물종 다양성 리스크 평가를 시행해왔다. 이와 관련된 생물다양성 보전 활동은 단계적으로 확대되고 있다.또 기후변화 대응을 위한 고효율 네트워크 장비 도입 등 활동을 전개해 전기 에너지 사용량을 줄였다. 대전 R&D센터는 1천kw급 자가 태양광 발전 설비를 적정 운영함으로서 온실가스 배출을 저감하고 있다. 나아가 자가 태양광 조달 확대뿐만 아니라 전력구매계약(PPA) 등 관련 사업을 확대할 계획이다.이밖에도 회사는 사회 분야에서 소방청과 협력해 '119 메모리얼런' 등 사회공헌 활동 확대하고 있다. 지배구조 분야에서는 ▲중장기 재무 목표와 달성방안 ▲주주 환원 계획 등을 포함한 '밸류업 플랜'을 공시하는 등 기업지배구조를 개선 및 주주가치 제고를 위한 활동을 전개하고 있다.이홍렬 LG유플러스 ESG추진실장은 “이번 ESG 평가는 오랜 시간 추진해 온 기후변화 대응 노력의 결과”라며 “LG유플러스는 지속가능한 사회를 위한 다양한 활동을 이어나가며, ESG 경영을 강화해 나갈 것”이라고 말했다."
https://n.news.naver.com/mnews/article/008/0005280215?sid=105,2025-11-19 10:11:57,IT/과학,"LGU+, ESG 평가 5년 연속 종합 'A' 등급 획득","LG유플러스 용산 사옥. /사진=LG유플러스LG유플러스는 한국ESG기준원이 발표한 2025년 ESG 평가에서 5년 연속 종합 A(우수)등급을 획득했다고 19일 밝혔다.한국ESG기준원의 ESG 평가는 기업의 환경, 사회, 지배구조 분야의 리스크와 시스템을 종합적으로 점검해 발표하는 지표다. LG유플러스는 5년 연속 종합 A(우수)등급을 받음으로써 지속가능경영 체계를 구축해 온 노력을 인정받게 됐다.특히 LG유플러스는 올해 환경 분야에서 지난해보다 한 단계 상승한 'A+(매우우수)' 등급을 획득했다. 기후변화 대응 및 환경 경영 등에서 사회적 책임을 다하고 있다는 점을 높게 인정받은 것으로 분석된다.구체적으로 LG유플러스는 친환경 경영을 실천하기 위해 TNFD(자연 관련 재무정보공개 협의체) 가이드라인에 따른 생물종 다양성 리스크 평가를 시행하고, 이와 관련된 생물다양성 보전 활동을 단계적으로 확대하고 있다.또 기후변화 대응을 위한 고효율 네트워크 장비 도입 등 활동을 전개하여 전기 에너지 사용량을 줄이고, 대전 R&D(연구개발)센터 내에 1000kw급 자가 태양광 발전 설비를 적정 운영함으로서 온실가스 배출을 저감하고 있다. 나아가 자가 태양광 조달 확대뿐만 아니라 PPA(전력구매계약) 등 관련 사업을 확대할 계획이다.이홍렬 LG유플러스 ESG추진실장(실장)은 ""이번 ESG 평가에서 종합 A등급 및 환경부문 A+ 등급을 획득한 것은 오랜 시간 추진해 온 기후변화 대응 노력의 결과""라며 ""앞으로도 LG유플러스는 지속가능한 사회를 위한 다양한 활동을 이어나가며, ESG 경영을 강화해 나갈 것""이라고 말했다."
https://n.news.naver.com/mnews/article/421/0008612886?sid=105,2025-11-19 10:21:57,IT/과학,"LGU+, ESG평가 5년 연속 A등급…환경 부문 A+","생물다양성 리스크 평가·온실가스 감축 성과 인정LG유플러스의 사옥(서울=뉴스1) 김민수 기자 = LG유플러스(032640)가 한국ESG기준원이 19일 발표한 '2025년 ESG 평가'에서 5년 연속 종합 A(우수)등급을 획득했다.한국ESG기준원의 ESG 평가는 기업의 환경(Environment), 사회(Social), 지배구조(Governance) 분야 리스크와 시스템을 종합적으로 점검해 발표하는 지표다.LG유플러스는 올해 환경 분야에서 지난해보다 한 단계 상승한 'A+(매우우수)' 등급을 획득했다. 기후변화 대응 및 환경 경영 등에서 사회적 책임을 다하고 있다는 점을 높게 인정받은 것으로 풀이된다.구체적으로 LG유플러스는 친환경 경영을 실천하기 위해 자연 관련 재무정보공개협의체(TNFD) 가이드라인에 따른 생물종 다양성 리스크 평가를 시행하고, 생물다양성 보전 활동을 단계적으로 확대했다.회사는 기후변화 대응을 위한 고효율 네트워크 장비 도입 등 활동을 전개해 전기 에너지 사용량을 줄이고, 대전 R&D센터 내 1000kW급 자가 태양광 발전 설비를 적정 운영함으로써 온실가스 배출을 저감하고 있다. 자가 태양광 조달 확대뿐만 아니라 전력구매계약(PPA) 등 관련 사업을 확대할 계획이다.이 밖에도 LG유플러스는 사회 분야에서 소방청과 협력해 119 메모리얼런 시행하는 등 사회공헌 활동 확대하고 있다. 지배구조 분야에서는 △중장기 재무 목표와 달성방안 △주주 환원 계획 등을 포함한 '밸류업 플랜'을 공시하는 등 기업지배구조를 개선 및 주주가치 제고를 위한 활동을 진행 중이다.LG유플러스는 지난해부터 ESG 관련 이해 관계자와의 소통을 위해 '지속가능경영보고서' 및 'KSSB 제2호 기후관련 공시보고서'를 발간하고 있다."
https://n.news.naver.com/mnews/article/031/0000982170?sid=105,2025-11-19 10:30:07,IT/과학,"LGU+, ESG 평가 5년 연속 종합 A 등급","환경 분야서 전년 대비 상승한 A+등급 획득LG유플러스(대표 홍범식)는 한국ESG기준원이 발표한 2025년 ESG 평가에서 5년 연속 종합 A(우수)등급을 획득했다고 19일 밝혔다.LG유플러스 사옥. [사진=LGU+]한국ESG기준원 ESG 평가는 기업의 환경(Environment), 사회(Social), 지배구조(Governance) 분야의 리스크와 시스템을 종합적으로 점검해 발표하는 지표다.LG유플러스는 올해 환경 분야에서 지난해보다 한 단계 상승한 A+(매우우수) 등급을 획득했다. 기후변화 대응 및 환경 경영 등에서 사회적 책임을 다하고 있다는 점을 높게 인정받은 것으로 분석된다.LG유플러스는 친환경 경영을 실천하기 위해 TNFD(자연 관련 재무정보공개 협의체) 가이드라인에 따른 생물종 다양성 리스크 평가를 시행하고 생물다양성 보전 활동을 단계적으로 확대하고 있다.기후변화 대응을 위한 고효율 네트워크 장비 도입 등 활동도 전개했다. 전기 에너지 사용량을 줄이고 대전 R&D센터 내에 1000kw급 자가 태양광 발전 설비를 적정 운영하며 온실가스 배출을 저감하고 있다.이홍렬 LG유플러스 ESG추진실장(실장)은 ""이번 ESG 평가에서 종합 A등급 및 환경부문 A+ 등급을 획득한 것은 오랜 시간 추진해 온 기후변화 대응 노력의 결과""라며 ""지속가능한 사회를 위한 다양한 활동을 이어나가며 ESG 경영을 강화해 나갈 것""이라고 말했다."
https://n.news.naver.com/mnews/article/117/0004009995?sid=105,2025-11-19 10:48:12,IT/과학,"같은 주파수인데…SKT·LGU+, ‘가격 차이’ 논쟁 격화","SKT “같은 가치면 같은 가격”…LGU+ “조건이 달라 당연한 결과”5G SA 전환·LTE 가치 하락 논쟁까지 겹치며 정부 판단 부담 커져서울시내 한 휴대폰 대리점 앞으로 시민이 지나가고 있다. /뉴시스[마이데일리 = 박성규 기자] 2.6 GHz 주파수 재할당을 앞두고 SK텔레콤과 LG유플러스의 가격 형평성 논쟁이 거세지고 있다. 같은 대역을 사용하면서도 사업자별 부담액이 크게 달랐다는 점이 다시 부각되면서 이번 결정이 향후 투자 구조와 시장 경쟁력에 직접적인 변수가 될 전망이다.19일 통신업계에 따르면 정부는 올해 안에 3G·LTE 주파수 재할당 기준을 확정할 계획이다. 총 370㎒ 폭 중에서도 2.6 GHz는 LTE 트래픽과 5G 보조망 역할을 함께 담당해온 핵심 구간이다. SK텔레콤은 60㎒, LG유플러스는 40㎒를 보유하고 있다. 이번 논쟁의 출발점은 과거 경매·재할당 과정에서 양사가 부담한 비용 차이가 컸다는 데 있다.SK텔레콤은 2016년 해당 대역을 1조2777억원에 확보했다. 반면 LG유플러스는 2013년 4788억원에 낙찰받은 뒤 2021년 재할당 당시 정부가 제시한 5G 기지국 12만개 구축 요건을 충족해 27.5% 할인율이 적용받아 약 7000억원을 부담했다. 이 때문에 업계에서는 “LG유플러스가 같은 대역을 절반 수준 가격에 사용해온 것 아니냐”는 해석도 나온다.SK텔레콤은 이 구조 자체가 시장 현실을 반영하지 못한다고 본다. 회사 측은 “주파수 가치는 사업자에 따라 달라질 수 있는 개념이 아니라 공통 기준으로 평가해야 한다”며 “10여년 전 경매가가 현재 재할당 가격의 기준 역할을 하는 것은 제도 취지와 맞지 않는다”고 주장했다.반면 LG유플러스는 제도적 일관성을 강조한다. 회사 측은 “우리는 당시 경매에서 먼저 해당 대역을 확보한 사업자이며, 재할당 할인도 법적 조건 충족에 따른 합리적 결과”라며 “경매 시점과 조건이 모두 다른데 SK텔레콤이 동일 기준을 요구하는 것은 제도 안정성을 흔드는 주장”이라고 반박했다.서울 시내의 한 휴대전화 대리점 앞으로 시민이 지나가고 있다. /뉴시스여기에 LTE 가치 하락 논의까지 더해지며 논쟁의 구조는 복잡해지는 분위기다. 5G 단독모드(SA) 전환이 빨라지고, 자율주행·로보틱스 등 피지컬 AI 시대가 열리면서 LTE가 맡아온 보조망(NSA) 역할이 약해지고 있기 때문이다. 업계 일각에서는 “LTE 비중이 줄어드는 만큼 재할당 가격도 낮아져야 한다”는 목소리도 있다.정부는 신중한 태도다. 정부 관계자는 “5G SA가 아직 명확한 투자 회수 모델을 갖춘 단계는 아니다”며 “LTE 가격을 즉시 낮추는 방식보다는 전환 속도와 시장 흐름에 따라 보정하는 것이 현실적”이라고 말했다.이번 재할당 대상에는 2021년 포함되지 않았던 80㎒ 구간도 함께 검토된다. 이에 따라 과거와 다른 할인 기준이 적용될 가능성도 거론되고 있다. 업계는 이번 결정이 통신사별 망 투자 구조와 주파수 포트폴리오에 장기적으로 영향을 줄 것으로 보고 있다.통신업계 관계자는 “동일 대역이라도 확보 시점과 조건에 따라 가격이 크게 달라지는 구조는 앞으로 더 큰 갈등을 낳을 수 있다”며 “정부가 기술 전환 속도와 시장 형평성을 함께 고려한 재할당 기준을 마련해야 한다”고 말했다."
https://n.news.naver.com/mnews/article/011/0004557666?sid=105,2025-11-19 13:47:10,IT/과학,"LG U+, ESG 평가 5년 연속 종합 A등급 획득","환경 분야서 전년 대비 상승한 A+LG유플러스 용산사옥 전경. 사진제공=LG유플러스[서울경제]LG유플러스가 한국ESG기준원이 발표한 2025년 환경·사회·지배구조(ESG) 평가에서 5년 연속 종합 A(우수)등급을 획득했다고 19일 밝혔다.한국ESG기준원의 ESG 평가는 기업의 환경, 사회, 지배구조 분야의 리스크와 시스템을 종합적으로 점검해 발표하는 지표다. LG유플러스는 5년 연속 종합 A(우수)등급을 받음으로써 지속가능경영 체계를 구축해 온 노력을 인정받게 됐다. 특히 올해는 환경 분야에서 지난해보다 한 단계 상승한 ‘A+(매우우수)’ 등급을 획득했다. LG유플러스는 친환경 경영을 실천하기 위해 TNFD(자연 관련 재무정보공개 협의체) 가이드라인에 따른 생물종 다양성 리스크 평가를 시행하고 생물다양성 보전 활동을 단계적으로 확대하고 있다.또한 기후변화 대응을 위한 고효율 네트워크 장비 도입 등에 나서 전기 에너지 사용량을 줄이고 있다. 대전 연구개발(R&D) 센터 안에는 1000kw급 자가 태양광 발전 설비를 적정 운영하며 온실가스 배출을 저감하고 있다.LG유플러스는 사회 분야에서 소방청과 협력해 119 메모리얼런 시행하는 등 사회공헌 활동을 확대해왔다. 지배구조 분야에서는 △중장기 재무 목표와 달성방안 △주주 환원 계획 등을 포함한 ‘밸류업 플랜’을 공시하는 등 기업지배구조를 개선 및 주주가치 제고를 위한 활동을 펼치고 있다.이홍렬 LG유플러스 ESG추진실장은 “이번 ESG 평가에서 종합 A등급 및 환경부문 A+ 등급을 획득한 것은 오랜 시간 추진해 온 기후변화 대응 노력의 결과”라며 “앞으로도 LG유플러스는 지속가능한 사회를 위한 다양한 활동을 이어나가며 ESG 경영을 강화해 나갈 것”이라고 말했다."
https://n.news.naver.com/mnews/article/029/0002994502?sid=105,2025-11-19 15:41:03,IT/과학,3G·LTE 주파수 재할당 놓고 SKT·LG유플러스 ‘신경전’,"과기정통부, 다음달 공청회 후 연내 세부 정책 확정 계획기존 2.6㎓ 대역 할당대가 두배 넘게 차이SKT “동일 대역 동일대가” vs LGU+ “경제적 가치 달라”LG유플러스 직원이 5G 기지국 안테나의 방향을 조정하고 있다. LG유플러스 제공SK텔레콤과 LG유플러스가 3세대 이동통신(3G), LTE 주파수 재할당 경매를 앞두고 신경전을 벌이고 있다. 비슷한 가치를 지닌 주파수 대역임에도 두 기업의 할당대가가 2배 넘게 차이 나기 때문이다. 정부는 연내 재할당 계획을 확정해 발표할 것으로 예상된다.19일 통신업계에 따르면 과학기술정보통신부는 이달 말 공청회를 열고, 다음 달 초 3G·LTE 주파수 재할당 세부 정책을 확정할 계획이다. 이번 재할당 대상은 내년 6월과 12월 재할당 시점이 도래하는 3G·LTE 주파수로, SK텔레콤 155㎒), KT 115㎒, LG유플러스 100㎒ 등 총 370㎒ 규모다.문제는 SK텔레콤과 LG유플러스가 각각 60㎒, 40㎒를 보유한 2.6㎓ 대역의 할당대가가 두배 넘게 차이 난다는 데 있다. SK텔레콤은 지난 2016년 주파수 경매에서 2.6㎓ D블록(40㎒)을 9500억원, E블록(20㎒)을 3277억원에 낙찰받아 10년간 총 1조2777억원을 지불하게 됐다.반면, LG유플러스는 2013년 경매에서 같은 2.6㎓ 대역 40㎒를 4788억원에 확보해 8년간 이용했고 2021년 재할당 시 기존 대가에서 27.5% 할인을 추가로 받아 약 6957억원을 냈을 것으로 추정된다. 이를 1㎒당 연간 비용으로 환산하면 SK텔레콤은 약 21억3000만원, LG유플러스는 약 10억8000만원 수준이다.이 때문에 SK텔레콤 측은 “유사한 가치를 지닌 주파수임에도 최초 할당 시 낙찰가 차이와 2021년 재할당으로 인해 가격 차가 2배 넘게 벌어졌다”며 “내년 재할당에서는 현재 시점의 경제적 가치를 반영해 합리적으로 대가를 산정해야 한다”고 주장하고 있다.SK텔레콤이 상대적으로 중요도가 낮은 3G·LTE 재할당에 앞서 적극적으로 나서는 이유는 이번 재할당 기준이 향후 5G 재할당에도 영향을 미칠 가능성이 크기 때문이다.앞서 LG유플러스는 지난 2022년 5G 주파수 3.4~3.42㎓대역(20㎒폭) 추가 할당 당시 단독 입찰로 주파수를 확보했다. 당시 주파수 할당은 LG유플러스와 인접한 대역이었기 때문에 SK텔레콤과 KT는 입찰에 참여하지 않았고, 결과적으로 LG유플러스가 비교적 낮은 가격에 주파수를 가져갈 수 있었다.이에 대해 LG유플러스는 SK텔레콤이 보유한 2.6㎓ 대역 60㎒폭 ‘초광대역’ 주파수는 단일 장비로 운용할 수 있어 경제적 가치가 다르다는 주장을 펴고 있다. 전파법상 동일한 대역이라고 하더라도 용도나 폭, 보유 시점이 다르다면 동일 용도로 보기 어렵다는 주장이다.LG유플러스 관계자는 “동일한 대역명이라는 이유만으로 동일한 재할당 대가를 적용하는 것은 전파법상 대가산정 체계 원칙에도 배치된다”며 “특정 사업자가 경쟁우위의 주파수를 확보하고도 천문학적인 혜택을 지속적으로 받아 우량 주파수에 대한 독점적 지위를 공고히 하게 된다”고 했다.또한 “SK텔레콤의 주장은 주파수 경매제도의 근간을 부정하고 기존 재핼당 대가 산정 정책에 정면으로 반하는 것”이라며 “과거에 스스로 결정한 가격 기준을 부정하고 재할당 시점에서 임의로 변경해 달라는 요구는 제도 운영의 안정성을 저해할 수 있다”고 덧붙였다.과학기술정보통신부 관계자는 “SK텔레콤과 KT, LG유플러스 등 모든 사업자들의 의견을 듣고 있다”며 “결국 사업자 간 이견이 존재하는 부분이기 때문에 어느 사업자의 주장이 더 합리적이고 정부 원칙이나 법령에 맞는지 종합적으로 판단할 것”이라고 말했다."
https://n.news.naver.com/mnews/article/119/0003027119?sid=105,2025-11-19 15:46:19,IT/과학,"""같은 대역, 다른 값"" SKT·LGU+ 입장차…정부 판단은?","같은 C그룹 주파수인데 대가 2배 차이… 형평성 논란경매제도 일관성 vs 경제적 가치 반영… 정부 판단 주목서울 시내 전자상가 휴대폰 판매점에 붙은 이동통신 3사 로고. ⓒ연합뉴스[데일리안 = 조인영 기자]# 같은 상가에 입점한 사업자 A와 B가 있다. A는 주변 인프라가 깔리기 전 저렴한 임대료를 내고 입점했다. B는 주변 상권이 어느 정도 갖춰진 후 A의 2배에 달하는 임대료를 지급하고 A와 같은 층의 공간을 임대했다. 10여 년이 지난 지금도 A와 B의 임대료 격차는 그대로다. 건물주가 두 공간의 가치를 같다고 인정하면서도, 초기 계약 임대료를 재계약 기준으로 잡고 있어서다.내년 통신업계의 3G·LTE 주파수 재할당을 놓고 이와 비슷한 논란이 벌어지고 있다.재할당 예정인 주파수 대역 규모가 큰 데다가, 일부 주파수 대역에서는 이통사 간 기존 할당 대가에 큰 차이가 있어서다.19일 업계에 따르면 과기정통부는 이르면 이달 말 공청회를 열고 주파수 재할당의 세부 정책을 확정할 예정이다.주파수 재할당 대상은 내년 6월과 12월 재할당 시점이 도래하는 3G·LTE 주파수로, SK텔레콤 155㎒(메가헤르츠), KT 115㎒, LG유플러스 100㎒의 주파수가 각각 해당돼 총 370㎒ 규모가 대상이다.주파수 재할당은 사용기간이 만료된 주파수를 기존 사용하던 사업자에게 대가를 받고 다시 할당하는 절차다.이번에 재할당 대상이 된 370㎒ 대역폭 중 80㎒는 SKT와 KT가 2016년 경매를 통해 할당 받았으며, 나머지 290㎒의 주파수는 2021년 5년 사용 조건으로 이통 3사 사업자에게 재할당됐다.가장 주목받는 건 2.6㎓ 대역의 대가 산정이다. SKT와 LG유플러스가 보유하고 있는 2.6㎓ 대역은 이번에 총 100㎒이 재할당 대상이며, 그 중 SKT 40㎒와 LG유플러스 40㎒는 2021년 재할당 시 같은 C그룹으로 묶인 대역이다.통신사별 할당 대가는 다르다. SKT는 2016년 주파수 경매에서 2.6㎓ D블록(40㎒)을 9500억원, E블록(20㎒)을 3277억원으로, 총 1조2777억원에 낙찰 받아 10년 기간으로 이용 중이다.반면 LGU+는 2013년 경매에 2.6GHz 대역(40㎒)을 4788억원에 낙찰받아 8년 이용 이후 2021년 재할당을 통해 27.5% 할인을 받았다. 같은 대역을 쓰고 있음에도 2배 가량 가격 차이가 발생한다.가치가 동일함에도 SKT의 대역에 LGU+ 대비 두 배 수준의 할당대가를 받는 것은 형평성에 맞지 않는다는 주장이 나온다.앞서 정부는 2021년 재할당 세부정책방안에서 SKT의 2.6㎓ 40㎒폭과 LGU+의 2.6㎓ 40㎒폭은 가치 형성 요인이 유사한 것으로 보고 같은 그룹(C그룹)에 포함했다.ⓒ과학기술정보통신부두 회사가 내는 주파수 대가에 차이가 큰 이유 중 하나는 정부가 지난 2020년 11월 말 발표한 재할당 세부 정책에 기인한다.과거 경매 가격을 바탕으로 기준값을 설정하고 통신사들이 5G 무선 기지국 12만개를 구축하면 주파수 값에 할인율 27.5%를 적용한다고 발표하면서 LG유플러스는 2021년 재할당에서 할인받았기 때문이다.SK텔레콤은 2.6㎓ 대역의 재할당 여부 차이로 가격 격차가 커진 만큼, 이번에는 같은 그룹 내 주파수 간 형평성 있는 대가 산정이 필요하다고 주장한다. 현 구조가 유지될 경우, 초기 경매 당시 높은 비용을 지불한 사업자만 지속적으로 불리한 대가를 감당하게 되기 때문이다.따라서 내년 재할당에서는 이러한 모순을 해결할 수 있는 합리적인 대가를 산정할 필요가 있으며, 재할당 대가는 10여년 전의 경매 가격 보다는 재할당 시점의 경제적 가치를 반영하는 것이 합리적이라고 본다.이에 대해 LG유플러스는 SKT가 초광대역(60㎒) 경매에 응찰할 당시 스스로 매긴 경제적 가치를 재할당에서 뒤집으려는 것이라고 반박한다.과거에 스스로 결정한 가격 기준을 부정하고 재할당 시점에서 임의로 변경해 달라는 요구는 제도 안정성을 훼손할 수 있다는 것이다.회사측은 ""주파수 재할당 대가는 전파법과 정부 기준에 따라 가장 최근에 확정된 할당대가를 기준으로 산정하는 것이 원칙""이라며 ""각 통신사가 보유한 주파수의 가격은 경매 당시 시장 상황과 대역 폭, 재할당 대가를 종합적으로 고려해 스스로 판단하고 응찰한 경제적 가치이며, 이를 재할당 시점에서만 변경해 달라는 요구는 제도 일관성과 투자 안정성에 부합하지 않는다""고 강조했다.또한 SK텔레콤이 보유한 2.6GHz 대역 60MHz 폭 ‘초광대역’ 주파수는 단일 장비로 운용이 가능해 경제적 가치가 다르며 전파법상 동일한 대역이라 하더라도 용도·폭·보유 시점이 다르면 동일 용도로 보기 어렵다고 주장한다.회사측은 ""LG유플러스의 ‘재재할당’ 대상인 2.6GHz 대역과 SK텔레콤의 재할당 대상 대역은 사업자별 활용 가치가 전혀 달라 경제적 가치 역시 상이하다""면서 ""동일한 대역명이라는 이유만으로 동일한 재할당 대가를 적용하는 것은 전파법상 대가산정 체계 원칙에도 배치된다""고 말했다.SKT와 LGU+의 2.6GHz 대역 주파수 할당대가 비교ⓒ업계 종합이번 주파수 재할당에서 또 하나의 주요 관심사는 5G SA로 가는 길목에서 기여도가 떨어질 수밖에 없는 LTE 주파수 가치를 어떻게 바라볼지 문제다.5G 보급률이 올라가면서 LTE 주파수의 경제적 가치는 계속해서 떨어지는 상황이다.과학기술정보통신부 통계에 따르면 LTE 가입자 수는 2021년 12월 4829만명에서 올해 9월 1928만명으로 60% 감소했다.같은 기간 LTE 트래픽도 22만4000TB에서 2025년 7월 9만5000TB로 58% 줄었다. 업계는 이러한 변화가 이번 재할당에 가격 현실화의 근거로 반영돼야 한다고 주장하고 있다."
https://n.news.naver.com/mnews/article/081/0003593507?sid=101,2025-11-19 16:27:11,경제,같은 LTE 쓰는데 비용은 SKT가 2배 더 낸다?,"정부, 연내 주파수 재할당 방침 발표2.6㎓ 단가 SKT 21.3억 vs LGU+ 10.8억서울 중구 SK텔레콤 본사. 연합뉴스정부의 3G·LTE 주파수 재할당 방침에 관한 발표를 앞두고 조 단위에 이르는 주파수 할당 대가(가격)가 어떻게 산정될지 통신업계 관심이 쏠린다.19일 통신업계에 따르면 과학기술정보통신부는 이달 말 공청회를 열어 재할당 방안을 공개하고, 이후 의견 수렴을 거쳐 연내 3G·LTE 주파수 재할당 방침을 발표할 예정이다.주목되는 부분은 SK텔레콤과 LG유플러스가 각각 60㎒, 40㎒를 보유하고 있는 LTE 2.6㎓(기가헤르츠) 대역이다. 두 회사는 같은 LTE 주파수를 사용하고 있지만, SK텔레콤은 연간 1㎒당 21억 3000만원, LG유플러스는 10억 8000만원으로 비용이 2배 이상 차이나는 것으로 추산된다.LG유플러스는 2013년 이 주파수를 처음 할당받으면서 낙찰가 4788억원으로 싸게 들어간 반면, SK텔레콤은 2016년 1조 2777억원으로 다소 비싸게 낙찰받았기 때문이다. LG유플러스는 2021년 같은 주파수를 재할당 받으면서 첫 낙찰가보다 27.5% 할인받았고, SK텔레콤은 올해 가격을 산정한 뒤 2027년 재할당 받을 수 있다.SK텔레콤은 LTE 주파수의 가치가 처음 할당 시기와 많이 달라진 만큼 재할당 할 때의 가격은 첫 낙찰가격이 아닌 현재 주파수의 가치를 바탕으로 재산정해야 한다는 의견이다.서울 용산구 LG유플러스 용산 사옥. 2025.10.23 연합뉴스“경매 낙찰가는 스스로 정한 가격”반면, LG유플러스는 해당 주파수를 아무도 사용하지 않을 때 LG유플러스가 개척한 것이고, SK텔레콤의 가격은 경매를 통해 SK텔레콤이 스스로 정한 것인데 이를 재할당 과정에서 변경해 달라는 것은 맞지 않다고 반박했다.5G 이용자가 늘어나고 있지만 여전히 LTE 활용도가 적지 않은 만큼 통신업계에선 LTE 주파수 재산정 가격을 둘러싼 논란이 이어질 것으로 보인다."
https://n.news.naver.com/mnews/article/014/0005436951?sid=105,2025-11-19 16:49:11,IT/과학,R&D 늘린 통신 3사···새 성장 동력 'AI'에 대폭 투자,"통신 3사, 3분기 누적 R&D에 6604억원 투입전년 5453억원에 비해 1151억원 대폭 늘어나통신 시장 포화, 미래 먹거리 'AI'에 주력 의지KT, 1282억원 증액해 한국 특화 AI 모델 선봬SKT·LG U+도 AI 통화 앱 고도화·DC 구축 중연합뉴스[파이낸셜뉴스] 통신 3사가 인공지능(AI)을 연구·개발(R&D) 투자를 크게 늘린 것으로 나타났다. 포화된 통신 시장에서 가입자 확대만으로 성장하는 데 한계가 있는 만큼 AI 관련 기술 고도화·데이터센터(DC) 개발 등으로 사업을 확장하겠다는 전략이다.19일 금융감독원 전자공시시스템에 따르면 올해 1·4분기부터 3·4분기까지 누적된 통신 3사의 R&D 비용은 약 6604억원이다. 이는 전년 동기 약 5453억원이었던 것에 비해 1151억원 증가한 수치다. 특히 KT가 1282억원을 투입하며 대폭 증액했다. 지난해 가장 많은 투자를 했던 SKT 투자액은 197억원 줄고, LG 유플러스 투자액은 66억원 늘었다.KT가 R&D를 대폭 확대한 배경에는 '한국 특화' AI 모델 개발에 있다. KT는 마이크로소프트(MS)와 협력해 만든 '소타K', 자체 파운데이션 모델 '믿음', 오픈소스 기반 언어 모델 '라마K'를 출시하고 고도화에 나서고 있다. 세 모델 모두 한국의 역사와 문화를 학습하고 정서를 이해하는 한국 맞춤형 모델이다.KT는 해당 모델을 기업 간 거래(B2B)·기업과 정부 간 거래(B2G) 중심으로 공급하며 수요 기관과 기업의 요구에 맞게 제공하고 있다. KT는 공공기관의 경우 국내 기업이 자체 개발한 '믿음' 모델을 주로 선택한다고 설명했다. 일반 기업의 경우 빅 테크 기반 모델이 검증이 돼 있다고 판단해 '소타K'를 원하거나 상대적으로 가벼운 오픈소스 '라마K'를 선호하는 경향이 있다. KT 관계자는 ""한국 정서와 한국어 특유의 맥락 등을 반영한 모델을 개발하는 데 비용을 많이 투자했다""며 ""한국 특화 AI 모델을 구축하는 통신사는 KT가 유일하다""고 말했다.SKT는 △통화 플랫폼 '에이닷'에 에이전트 기능을 결합하는 등 AI 기반 개인 비서·검색 기능 △AI 자막 생성 시스템 등 콘텐츠 변환 및 생성 기술 △AI DC 자원 효율화 기술 강화에 주력하고 있다. SKT 관계자는 ""현재 누적 시점으로는 R&D가 감소한 것처럼 보일 수 있지만 연간 기준으로 판단해야 한다""고 밝혔다. 통신사마다 AI 모델 출시나 개발에 나서는 시점에 따라 일시적으로 집계 금액 차이가 발생할 수 있을 뿐, AI 기술 고도화와 DC 구축 등 핵심 영역에는 지속적으로 투자를 집행할 것이라는 설명이다.LG유플러스는 통화 이력 AI 분석을 통한 보이스피싱 위험도를 금융 서비스에 연계하는 기술을 개발하고 기업용 전화 서비스에서 온 디바이스 AI를 활용할 수 있는 소프트웨어 개발 키트(SDK) 마련 등을 3·4분기 연구 과제라고 공시했다. 또 AI 통화 비서 '익시오'를 향후 행동까지 대신 수행하는 액셔너블 AI로 확장하는 청사진도 제시한 바 있다. 경기 파주에 신규 AI DC도 구축 중이다. LG유플러스 관계자는 ""익시오와 AI 컨택 센터(AICC), AI DC 등 신사업에 적용된 AI를 지속 고도화할 수 있도록 투자를 이어갈 계획""이라고 말했다.통신 업계 관계자는 ""음성 시장과 초고속 인터넷 서비스 성장세는 둔화하고 있다""며 ""통신사 가입자는 5000만 인구에서 더 늘어나기 어렵기 때문에 AI 사업을 미래 먹거리로 삼고 집중 투자하는 것""이라고 설명했다."
https://n.news.naver.com/mnews/article/092/0002399143?sid=105,2025-11-19 17:10:15,IT/과학,"""같은 LTE 주파수, 다른 가격""...재할당 앞두고 통신사들 신경전","SKT ""2배 넘게 지불하고 있다""...LGU+ ""스스로 책정한 가격""정부가 내년에 이용기간이 만료되는 주파수 재할당 정책 방향을 정하기로 한 가운데 2.6GHz 대역 LTE 주파수의 재할당 대가 산정을 두고 이동통신사 간 신경전이 벌어졌다. 이 대역의 주파수는 SK텔레콤과 LG유플러스가 활용하고 있는데 부담하는 비용의 차이가 현격히 크다는 게 SK텔레콤의 지적이다.과학기술정보통신부는 연내 재할당 주파수의 대가 산정을 비롯한 주파수 정책 방향을 확정할 계획이다. 이에 앞서 다음 주에는 공청회를 열어 각계 의견을 수렴할 예정인데, 각 기업의 유불리에 따른 논리 싸움이 시작된 셈이다.2.6기가헤르츠(GHz) 대역에서 SK텔레콤은 60메가헤르츠(MHz) 폭을, LG유플러스는 40MHz 폭을 경매로 할당받아 쓰고 있다. SK텔레콤이 주파수 양은 조금 더 많지만 2016년 경매에서 실제 쓰인 비용은 1조2천777억원에 달하고, LG유플러스는 2013년 경매에서 4천788억원에 할당받았다.그런 가운데 LG유플러스는 지난 2021년 재할당에서 무선국 구축에 따라 27.5% 할인이 적용됐으나 SK텔레콤은 재할당 할인이 이뤄지지 않았다.사진_클립아트코리아이에 따라 같은 대역에서 같은 용도의 주파수를 두고, MHz 당 연간 비용이 SK텔레콤과 LG유플러스는 각각 약 21억3천만원, 10억8천만원을 쓰고 있다. 즉, 최초 할당가격 차이와 재할당 할인이 이뤄지면서 같은 주파수를 두고 가치가 두 배 이상 벌어져 현재 시점의 경제적 가치를 반영해야 한다는 게 SK텔레콤의 주장이다.LG유플러스는 2.6GHz 대역에서 똑같이 LTE 용도로 활용하고 있지만 SK텔레콤이 보유한 주파수와 경제적 가치를 동일하게 볼 수 없다고 맞섰다. 60MHz 폭에 이르는 광대역 주파수는 단일 장비로 운용할 수 있고 전파법에 따라 동일한 대역이라도 폭과 보유 시점이 다르다면 같이 볼 수 없다는 이유다.아울러 SK텔레콤의 주장은 경매제도의 근간을 부정하고, 과거에 스스로 결정한 가격 기준을 두고 재할당 시점에 임의로 바꿔달라는 요구는 제도 운영 안정성을 헤칠 수 있다는 게 LG유플러스의 반박이다.그간 통신업계에서는 주파수 재할당 정책 결정이 도래하면서 재할당 대가에 대해 정부 재량에 의존하지 않고 명확한 산정 산식이 필요하다고 입을 모았다. 이에 그치지 않고 주파수 가치에 대한 논의부터 시작된 것을 두고, 향후 도래할 5G 재할당과 추가 할당까지도 고려되기 시작된 것으로 풀이된다.정부 관계자는 “공청회를 통해 여러 의견을 경청하고 원칙에 맞는 결정을 내리도록 하겠다”고 밝혔다."
https://n.news.naver.com/mnews/article/031/0000982325?sid=105,2025-11-19 17:17:07,IT/과학,"SKT-LGU+ 주파수 할당대가 '신경전'⋯정부 ""양 측 입장 충분히 듣겠다""","""재할당 대가 산정 원칙, 변경 쉽지 않아""...이달 공청회서 할당 대가 정할 듯SK텔레콤과 LG유플러스가 2.6㎓ 대역 주파수 재할당 대가를 놓고 신경전을 벌이고 있다. SK텔레콤은 ""같은 대역을 쓰는데도 우리 가격이 LG유플러스보다 2배 비싸다""며 정부에 합리적인 대가 산정을 요구했다. 반면 LG유플러스는 ""과거 경매 결과와 제도 원칙을 흔드는 요구""라고 맞섰다. 정부는 ""양 측 주장을 충분히 듣겠다""며 신중한 입장을 보이고 있다.SK텔레콤 SK오앤에스 엔지니어가 서울역 인근에서 통신장비를 점검하는 모습. [사진=SKT]19일 과학기술정보통신부 관계자는 2.6㎓ 대역 재할당 대가를 둘러 싼 양 측 대립에 대해 ""모두 어느 정도 합리성이 있다고 본다. 정부는 주파수 할당 계획 발표에 앞서 양 사업자 의견을 지속적으로 충분히 수렴할 것""이라면서도 ""이전까지 유지해 왔던 재할당 대가 산정의 원칙(과거 대가 기반 산정)이 있다. 정부가 이를 임의로 변경하는 것은 쉽지만은 않다""고 말했다.양측 주장에 일정 부분 타당성이 있지만, 정부가 기존 원칙을 바꿀 경우 또 다른 특혜 논란이 제기될 수 있기에 조심스러울 수밖에 없다는 것이다.SKT ""LGU+ 보다 가격 2배 비싸⋯비대칭 규제 개선해야""과기정통부는 이르면 이달 중 공청회를 열고 내년 순차적으로 이용기한이 만료되는 3G·LTE 주파수에 대한 재할당 세부 정책을 결정한다. 재할당 대상은 내년 6월과 12월 재할당 시점이 도래하는 주파수로 SK텔레콤 155㎒, KT 115㎒, LG유플러스 100㎒ 등 총 370㎒ 규모다. 이를 앞두고 양 사업자간 대역 가치에 대해 서로 다른 해석을 내놓고 있다.구체적으로 논란이 되는 대역은 SK텔레콤과 LG유플러스가 각각 60㎒, 40㎒를 보유한 2.6㎓다. 앞서 SK텔레콤은 2016년 주파수 경매에서 2.6㎓ 대역 60㎒(40㎒ 9500억원, 20㎒ 3277억원)를 10년 기간으로 1조2777억원에 낙찰받았다.반면 LG유플러스는 더 이른 시기인 2013년 경매에서 2.6㎓ 대역 40㎒를 4788억원에 가져갔다. 이후 2021년 재할당 과정에서 추가 할인(27.5%)까지 적용받았다. 양 측간 단가 격차가 2배 이상으로 벌어진 것이다.이대로 기존 원칙이 유지될 경우 양사 간 가격 차이는 재할당에서도 반복될 가능성이 크다. 내년 주파수 재할당에서는 현재 시점의 경제적 가치를 반영해 합리적으로 대가를 산정하고 앞선 모순을 해결해야 한다는 게 SK텔레콤 측 요구다.SK텔레콤은 ""사실상 거의 동일한 가치를 지닌 주파수 대역임에도 SKT가 LG유플러스의 두 배 넘는 단가로 할당대가를 내고 있다""며 ""정부는 후발주자로서 LG유플러스의 시장 경쟁력을 빠르게 높이기 위해 주파수 할당에 있어 여러 차례 특혜를 준 바 있다. 이른바 비대칭 규제""라고 지적했다.이어 ""재할당 대가 기준가가 자기 낙찰가(=최저경쟁가격)였기에 한 번 받은 정책적 특혜가 재할당 시마다 대물림 되듯이 반복됐다. 시장 점유율 20%를 돌파하고 이동통신 2위 자리를 넘보는 사업자에 특혜를 주는 것이 맞는지 의문""이라고 했다.사업자별 이용기간 종료주파수 대역.LGU+ ""경매제도 취지·전파법상 가치산정 체계 부정"" 반발LG유플러스는 정반대 해석을 내놓는다. 회사 관계자는 ""LG유플러스와 SK텔레콤 재할당 대상 대역은 사업자별 활용 가치가 전혀 달라 경제적 가치 역시 상이하다""며 ""동일한 대역명이라는 이유만으로 동일한 재할당 대가를 적용하는 것은 전파법상 대가산정 체계 원칙에도 배치된다""고 주장했다.과거 경매 당시 스스로 판단한 경제적 가치를 재할당 시점에서 바꾸자는 요구 또한 제도 예측 가능성을 훼손한다고 했다. LG유플러스는 ""SK텔레콤 요구는 사업자별로 주파수의 경제적 가치를 스스로 평가·산정하도록 한 경매제도의 취지와 전파법상 가치산정 체계를 부정하는 것""이라고 반박했다.주파수 가격이 결정되는 요인은 복합적이다. 대역폭이나 인접 여부만이 아니라 확보한 시기, 경쟁 강도, 계약 기간, 경매 당시 시장 상황과 사업자 전략 등이 모두 반영돼 고유의 가치가 형성된다는 의미다.정부는 조만간 열릴 주파수 재할당 공청회에서 이런 요인들을 고려해 주파수 대가 산정 기준을 제시할 예정이다. 업계 관계자는 ""경매제도의 원칙과 시장 형평성이 충돌하는 민감한 사안인 만큼 정부가 어느 쪽 손을 들어도 파장은 클 것""이라며 ""결국 정책 일관성과 산업 신뢰를 어떻게 지켜내느냐가 관건""이라고 말했다."
https://n.news.naver.com/mnews/article/014/0005437080?sid=105,2025-11-19 18:29:17,IT/과학,"통신3사, AI·데이터센터 올인… 올 R&D에 6600억 썼다","전년보다 1151억 늘어 신사업 집중SKT 에이닷에 에이전트 기능 결합KT 한국특화 모델위해 대폭 증액LGU+ 익시오 고도화·SDK 총력전통신 3사가 인공지능(AI)을 연구·개발(R&D) 투자를 크게 늘린 것으로 나타났다. 포화된 통신 시장에서 가입자 확대만으로 성장하는 데 한계가 있는 만큼 AI 관련 기술 고도화·데이터센터(DC) 개발 등으로 사업을 확장하겠다는 전략이다.19일 금융감독원 전자공시시스템에 따르면 올해 1·4분기부터 3·4분기까지 누적된 통신 3사의 R&D 비용은 약 6604억원이다.이는 전년 동기 약 5453억원이었던 것에 비해 1151억원 증가한 수치다. 특히 KT가 1282억원을 투입하며 대폭 증액했다. 지난해 가장 많은 투자를 했던 SKT 투자액은 197억원 줄고, LG 유플러스 투자액은 66억원 늘었다.KT가 R&D를 대폭 확대한 배경에는 '한국 특화' AI 모델 개발에 있다. KT는 마이크로소프트(MS)와 협력해 만든 '소타K', 자체 파운데이션 모델 '믿음', 오픈소스 기반 언어 모델 '라마K'를 출시하고 고도화에 나서고 있다. 세 모델 모두 한국의 역사와 문화를 학습하고 정서를 이해하는 한국 맞춤형 모델이다.KT는 해당 모델을 기업 간 거래(B2B)·기업과 정부 간 거래(B2G) 중심으로 공급하며 수요 기관과 기업의 요구에 맞게 제공하고 있다. KT는 공공기관의 경우 국내 기업이 자체 개발한 '믿음' 모델을 주로 선택한다고 설명했다.일반 기업의 경우 빅 테크 기반 모델이 검증이 돼 있다고 판단해 '소타K'를 원하거나 상대적으로 가벼운 오픈소스 '라마K'를 선호하는 경향이 있다. KT 관계자는 ""한국 정서와 한국어 특유의 맥락 등을 반영한 모델을 개발하는 데 비용을 많이 투자했다""며 ""한국 특화 AI 모델을 구축하는 통신사는 KT가 유일하다""고 말했다. SKT는 △통화 플랫폼 '에이닷'에 에이전트 기능을 결합하는 등 AI 기반 개인 비서·검색 기능 △AI 자막 생성 시스템 등 콘텐츠 변환 및 생성 기술 △AI DC 자원 효율화 기술 강화에 주력하고 있다. SKT 관계자는 ""현재 누적 시점으로는 R&D가 감소한 것처럼 보일 수 있지만 연간 기준으로 판단해야 한다""고 밝혔다.통신사마다 AI 모델 출시나 개발에 나서는 시점에 따라 일시적으로 집계 금액 차이가 발생할 수 있을 뿐, AI 기술 고도화와 DC 구축 등 핵심 영역에는 지속적으로 투자를 집행할 것이라는 설명이다.LG유플러스는 통화 이력 AI 분석을 통한 보이스피싱 위험도를 금융 서비스에 연계하는 기술을 개발하고 기업용 전화 서비스에서 온 디바이스 AI를 활용할 수 있는 소프트웨어 개발 키트(SDK) 마련 등을 3·4분기 연구 과제라고 공시했다. 또 AI 통화 비서 '익시오'를 향후 행동까지 대신 수행하는 액셔너블 AI로 확장하는 청사진도 제시한 바 있다.경기 파주에 신규 AI DC도 구축 중이다. LG유플러스 관계자는 ""익시오와 AI 컨택 센터(AICC), AI DC 등 신사업에 적용된 AI를 지속 고도화할 수 있도록 투자를 이어갈 계획""이라고 말했다.통신 업계 관계자는 ""음성 시장과 초고속 인터넷 서비스 성장세는 둔화하고 있다""며 ""통신사 가입자는 5000만 인구에서 더 늘어나기 어렵기 때문에 AI 사업을 미래 먹거리로 삼고 집중 투자하는 것""이라고 설명했다."
https://n.news.naver.com/mnews/article/277/0005681865?sid=105,2025-11-19 20:08:30,IT/과학,'SKT vs LGU+' 주파수 재할당 앞두고 가격 공방,"2.6㎓ 재할당 가격 두고 날선 신경전내년 3G·LTE 주파수 재할당을 앞두고 SK텔레콤과 LG유플러스가 2.6㎓ 대역 대가 산정을 놓고 정면으로 맞서고 있다. 같은 가치의 대역임에도 사업자 간 납부 단가가 두 배 이상 차이나는 구조를 두고 SKT가 문제를 제기했고, LG유플러스는 ""제도 원칙을 흔드는 주장""이라며 반박에 나섰다.19일 통신업계에 따르면 정부는 이달 말 공청회를 열고 내년 재할당 대상 주파수의 세부 산정 기준을 확정할 예정이다. 대상은 SKT 155㎒, KT 115㎒, LG유플러스 100㎒ 등 총 370㎒ 규모다. 가장 큰 쟁점은 SKT와 LG유플러스가 각각 60㎒, 40㎒를 보유한 2.6㎓ 대역이다. 재할당 대상 주파수는 총 5개(A~E)그룹으로 분류된다. 정부는 비슷한 경제적 가치를 지닌 주파수끼리 그룹화했다.SKT측은 ""2021년 정부가 같은 C그룹으로 묶어 유사한 가치를 지닌 것으로 본 주파수임에도 최초 낙찰가격과 재할당 여부에 따라 단가가 두 배 차이 나는 건 합리적이지 않다""며 이번 재할당에서는 현재 가치 기준에 맞게 대가 체계를 정비할 필요가 있다고 주장한다. SKT는 2016년 경매에서 2.6㎓ 60㎒(D·E블록)를 총 1조2777억 원에 확보했으며, 이는 10년 이용권에 대한 금액이다. 반면 LG유플러스는 2013년 2.6㎓ 40㎒를 4788억원에 낙찰받은 뒤 2021년 재할당에서 27.5% 할인 혜택을 적용받았다.이에 LG유플러스는 다른 해석을 내놨다. LG유플러스 측은 ""SKT의 주장은 주파수 경매제도의 근간과 기존 재할당 대가 산정 원칙을 부정하는 것""이라며 ""전파법과 정부 기준에 따라 가장 최근 확정된 할당대가를 기준으로 재할당 대가를 산정하는 것이 원칙이며, 이는 모든 사업자가 동일하게 적용받는 공정한 규칙""이라고 밝혔다.LG유플러스는 또 SKT가 보유한 2.6㎓ 60㎒는 '초광대역'으로 단일 장비 운용이 가능해 경제적 가치가 다르다고 강조했다. 동일한 대역명이라도 용도·대역폭·보유 시점이 다르면 동일 주파수로 볼 수 없고, 사업자별 활용 가치 또한 상이하다는 설명이다.LG유플러스는 또한 과거 SKT도 동일 원칙을 적용받았다고 지적했다. LG유플러스는 ""2021년 재재할당된 2.1㎓ 대역에서 SKT 역시 최신 할당대가 기준을 그대로 적용받았다""며 ""스스로 수용했던 원칙을 재할당 시점에만 임의로 변경해 달라는 것은 제도 안정성을 해칠 수 있다""고 강조했다."
https://n.news.naver.com/mnews/article/119/0003027360?sid=105,2025-11-20 08:15:10,IT/과학,"""시세 떨어졌으니 깎자"" vs ""이제 와서""… SK-LG '주파수' 법싸움","2.6㎓ 재할당 앞두고 법령 해석 충돌… 수백억 대가 갈림길SKT “현 시세 반영” vs LGU+ “제도 일관성”서울 시내 전자상가 휴대폰 판매점에 붙은 이동통신 3사 로고. ⓒ연합뉴스[데일리안 = 조인영 기자] SK텔레콤과 LG유플러스가 2.6GHz LTE 주파수 재할당 대가 산정 방식을 두고 이견을 보이고 있다.SK텔레콤은 LG유플러스와 동일한 주파수 대역을 사용하고 있고, LTE 주파수의 경제적 가치가 떨어진 만큼 재할당 대가도 현재 가치에 맞게 조정해야 한다고 주장한다. 반면 LG유플러스는 대역이 같더라도 용도·대역폭·보유 시점이 다르면 동일 용도로 보기 어렵다고 반박한다.20일 업계에 따르면 과기정통부는 이르면 이달 말 공청회를 열고 주파수 재할당의 세부 정책을 확정할 예정이다.재할당 대상은 내년 6월과 12월 이용기간이 만료되는 3G·LTE 주파수로 SK텔레콤 155㎒(메가헤르츠), KT 115㎒, LG유플러스 100㎒ 규모다. 주파수 재할당은 기존 이용자가 대가를 지급하고 다시 동일 대역을 이용하는 절차다.가장 주목을 받는 대상은 2.6㎓ 대역이다. SKT와 LG유플러스가 보유한 2.6㎓ 대역 중 총 100㎒가 재할당 대상이다.SK텔레콤은 2016년 주파수 경매에서 2.6㎓ D블록(40㎒)을 9500억원, E블록(20㎒)을 3277억원 등 총 1조2777억원에 낙찰 받아 10년간 이용 중이다. 이 60㎒가 내년 재할당 대상이다.LG유플러스는 2013년 경매에서 2.6GHz 대역 40㎒를 4788억원에 확보하고 8년 이용 이후, 2021년 재할당 시 27.5% 할인을 적용받았다. 이 40㎒가 내년 재할당 대상이다.SK텔레콤은 동일 대역임에도 자사만 두 배 수준의 대가를 부담하는 것은 형평에 맞지 않는다고 주장한다.근거로 정부가 2021년 재할당 정책에서 SK텔레콤과 LG유플러스의 40㎒ 대역폭을 가치 형성 요인이 유사하다고 보고 C그룹으로 분류한 점을 제시한다.그러면서 재할당 대가는 10여년 전의 경매 결과보다 현 시점의 경제적 가치를 반영하는 것이 합리적이라고 주장한다.'경제적 가치'에서 SKT의 근거는 전파법 제11조 제3항이다. 해당 조항은 '주파수 할당 대가는 주파수를 할당 받아 경영하는 사업에서 예상되는 매출액, 할당 대상 주파수 및 대역폭 등 주파수의 경제적 가치를 고려해 산정한다'고 규정한다.이를 근거로 SK텔레콤은 주파수의 실질적 가치에 기반해 가격을 책정해야 한다고 주장한다.ⓒ과학기술정보통신부LG유플러스의 해석과 주장은 다르다. 전파법 시행령 제14조 제 1항을 근거로 전파법상 동일한 대역이라 하더라도 용도·대역폭·보유 시점이 다르면 동일 용도로 보기 어렵다는 것이다.해당 조항에 따르면 '할당대상 주파수와 동일하거나 유사한 용도의 주파수가 가격 경쟁 주파수 할당의 방식에 따라 할당된 적이 있는 경우' 유사 용도, 대역폭, 이용기간·용도 및 기술방식 등을 고려해 대가를 산정해야 한다.2.6GHz가 동일 대역은 맞지만 할당 받은 시점(LG유플러스 2014년, SK텔레콤 2016년)이 다르며, 용도(LG유플러스 광대역(40㎒), SKT 초광대역(60㎒)) 역시 다르므로 동일 기준 적용은 무리라는 것이다. 정부와 업계는 대역폭에 따라 협대역·중대역·광대역 등으로 구분해 설명한다.회사측은 ""주파수 재할당 대가는 전파법과 정부 기준에 따라 가장 최근에 확정된 할당대가를 기준으로 산정하는 것이 원칙""이라며 ""각 통신사가 보유한 주파수의 가격은 경매 당시 시장 상황과 대역 폭, 재할당 대가를 종합적으로 고려해 스스로 판단하고 응찰한 경제적 가치이며, 이를 재할당 시점에서 변경해 달라는 요구는 제도 일관성과 투자 안정성에 부합하지 않는다""고 설명했다.경매 당시 시장 상황과 투자가치에 따라 사업자가 스스로 응찰한 결과인 만큼, 이미 확정된 가격 원칙을 SKT만 예외적으로 조정해선 안된다는 논리다.그러면서 가장 최근에 확정된 할당대가가 기준이 돼야 하는 만큼 2016년(SK텔레콤) 기준으로 산정해야 한다고 본다. 또 전파법 시행령 '주파수할당 대가의 산정기준'에서도 실제매출액 기준 납부금이 포함된 별표 3 체계상 SK텔레콤이 더 부담해야 한다고 해석한다.양사의 해석이 첨예하게 갈리는 가운데, 정부가 전파법(경제적 가치 반영)과 시행령(과거 경매가 고려) 사이 어느 원칙에 더 무게를 두느냐에 따라 수백억원 규모의 재할당 대가가 갈릴 것으로 보인다.﻿﻿전파법 시행령 [별표 3]ⓒ국가법령정보센터"
https://n.news.naver.com/mnews/article/421/0008614979?sid=105,2025-11-20 09:00:00,IT/과학,"'AI가 상담사 코칭'…LGU+, LLM 기반 'AI Auto QA' 도입","150만건 상담 자동 검수…상담 내용 피드백 제공상담코치는 감성·노하우 교육 집중LG유플러스가 고객센터 전화 상담 품질을 업그레이드하기 위해 대규모언어모델(LLM) 기반 상담사 코칭 설루션 'AI Auto QA'를 20일 선보였다. 사진은 LG유플러스 고객센터 상담사가 상담코칭을 받는 모습. 2025.11/20/뉴스1(LG유플러스 제공)(서울=뉴스1) 김민수 기자 = LG유플러스(032640)가 고객센터 전화 상담 품질 제고를 위해 대규모 언어모델(LLM) 기반 상담사 코칭 설루션 'AI Auto QA'를 20일 공개했다.AI Auto QA는 LG유플러스 상담사의 전화 상담 품질을 검수하고 피드백을 제공하는 AI 코칭 프로그램이다. 상담이 끝나면 AI가 대화를 즉시 검수해 피드백을 제공한다.기존에는 월평균 약 150만 건에 달하는 전체 상담을 사람이 모두 확인하기 어려워 일부만 검사하는 방식이었고, 평가자별 편차나 피드백 지연으로 인한 품질 관리의 한계가 지적돼 왔다.AI Auto QA는 상담 종료 직후 사물 존칭, 공감 표현, 응대 방식 등을 자동 분석해 상담사에게 바로 알려준다. 예를 들어 상담사가 '5G 요금제가 있으십니다'고 말하면, AI는 '5G 요금제가 있습니다'로 수정한 표현을 제안한다. 상담사는 자신이 잘못 표현한 내용이 무엇이었는지 바로 파악해 상담 능력을 개선하게 된다.반복적인 품질 점검에서 벗어난 상담 코치는 감성 상담, 고객서비스 노하우 전수 등 고도화된 교육에 집중할 수 있게 됐다.이번 설루션은 LG유플러스가 자체 개발한 LLM 기반 내재화 모델을 기반으로 한다. 대화 흐름을 종합적으로 분석하는 '생각의 사슬(CoT·Chain of Thought)' 방식을 적용해 맥락을 보다 정교하게 이해한다. 고객의 '네, 알겠습니다'는 표현이 단순한 동의인지 형식적 종료인지도 구분해 평가한다.또한 상담 소음 탐지모델을 개발하고, 음성 속 주파수 성분의 운율적 특성까지 분석해 상담 대화를 더욱 다각도로 평가할 수 있게 됐다."
https://n.news.naver.com/mnews/article/003/0013611183?sid=101,2025-11-20 09:03:22,경제,"LGU+, AI 기반 상담사 코칭 프로그램 개발…고객센터 품질 개선","LLM 기반 전화 상담 품질 검수, 피드백 제공대화 흐름, 맥락 분석해 앞뒤 문맥 이해 구분[서울=뉴시스] LG유플러스는 고객센터 전화 품질을 업그레이드하기 위해 대규모언어모델(LLM) 기반 상담사 코칭 프로그램 '인공지능(AI) 오토(Auto) QA'를 개발했다고 20일 밝혔다. (사진=LG유플러스 제공) 2025.11.20. phot0@newsis.com *재판매 및 DB 금지[서울=뉴시스]박은비 기자 = LG유플러스는 고객센터 전화 품질을 업그레이드하기 위해 대규모언어모델(LLM) 기반 상담사 코칭 프로그램 '인공지능(AI) 오토(Auto) QA'를 개발했다고 20일 밝혔다.AI 오토 QA는 LG유플러스 상담사의 전화 상담 품질을 검수하고 피드백을 제공한다. 상담이 끝나면 AI가 대화를 즉시 확인하고 피드백을 제공한다.기존에는 월 평균 150만건에 달하는 전체 상담 콜을 점검하는 데 한계가 있어 일부 품질 검수만 가능했다. 이로 인해 평가자간 편차로 공정성 문제가 생기거나 정확한 상담 품질 측정에 어려움이 존재했다. 코칭 피드백도 최대 1주 가량 걸려 상담 품질 개선이 늦어진다는 평가를 받았다.LG유플러스는 이런 문제를 해결하기 위해 AI 오토 QA를 고객센터 전화상담에 적용했다. 상담사는 상담 후 사물 존칭, 공감 표현 등에 대한 피드백을 바로 받을 수 있다. 예를 들어 ""5G 요금제가 있으십니다""라고 말하면 ""5G 요금제가 있습니다""라고 고쳐주는 식이다. 상담사는 잘못 표현한 내용이 뭔지 파악해 바로 개선 가능하다.교육을 맡은 상담코치 역시 기존의 반복적 평가는 AI에게 맡기고 감성 코칭, 응대 노하우 전수에 집중할 수 있다. 신규 또는 저연차 상담사도 AI 기반 품질 평가와 개인 맞춤 AI 코칭으로 빠르게 역량을 키울 수 있을 것으로 예상된다.AI 오토 QA는 LLM 기반 자체 내재화 모델을 활용해 개발됐다. 모든 평가 항목에 대화 흐름과 맥락을 단계적으로 분석하는 생각의 사슬(CoT) 방식을 적용해 다양한 실제 대화를 정교하게 판단할 수 있다. 이를테면 고객이 ""네, 알겠습니다""라고 반응했을 때 기존에는 동의 표현 여부만 측정했다면 LLM 방식은 앞뒤 문맥을 이해해 이해와 수용을 뜻하는지, 형식적 종료인지 구분한다.또한 상담 소음 탐지모델을 개발하고, 음성 속 주파수 성분에 대한 운율적 특성까지 분석해 상담 대화를 다각도로 평가한다.서남희 LG유플러스 CV담당은 ""해당 기술은 특허 출원을 마치고 모든 상담사 평가와 코칭에 활용 중""이라며 ""LG유플러스의 고객가치 증대는 물론 고객센터를 운영하는 다른 기업도 사용할 수 있도록 세일즈를 확대할 계획""이라고 말했다."
https://n.news.naver.com/mnews/article/277/0005682033?sid=105,2025-11-20 09:05:11,IT/과학,"LGU+, 'AI 오토 QA' 도입…AI가 상담사에 피드백 제공","월 150만건 상담 품질 실시간 검수…사물존칭·공감표현 등 즉각 피드백LG유플러스가 고객센터 전화 상담 품질을 업그레이드하기 위해 대규모언어모델(LLM) 기반 상담사 코칭 설루션 ‘AI Auto QA’를 개발했다고 20일 밝혔다. 사진은 LG유플러스 고객센터 상담사가 상담코칭을 받는 모습. 사진제공=LG유플러스LG유플러스가 고객센터 전화 상담 품질을 높이기 위해 대규모언어모델(LLM) 기반 상담사 코칭 솔루션 ‘AI 오토(Auto) QA’를 개발해 적용했다고 20일 밝혔다.AI 오토 QA는 상담 종료 직후 대화를 자동 검수하고 피드백을 제공하는 프로그램이다. 기존에는 월 150만건에 이르는 상담을 일부만 사람이 평가해 공정성 편차가 발생하거나, 코칭 피드백이 최대 1주 지연돼 상담 품질 개선에 한계가 있었다. 상담사별 응대 품질 차이 역시 고객 불만 요인으로 지적돼 왔다.LG유플러스는 이러한 문제를 개선하기 위해 AI 오토 QA를 도입했다. 상담사는 통화 후 사물존칭 사용 여부나 공감 표현 등 세부 항목에 대해 즉시 피드백을 받을 수 있다. 예를 들어 ""5G 요금제가 있으십니다""라는 표현에 대해 AI가 ""5G 요금제가 있습니다""로 바로잡아 알려주는 식이다.상담 코치 역시 반복적 평가 업무는 AI에 맡기고 감성 코칭, 응대 노하우 지도 등 고도화된 교육에 집중할 수 있게 돼 코칭 효율성이 높아졌다는 설명이다. 신규·저년차 상담사도 AI 기반 품질 평가 및 개인화 코칭을 통해 빠르게 역량을 확보할 수 있어 상담사 간 서비스 편차 감소 효과도 기대된다.AI 오토 QA는 LLM 기반 자체 내재화 모델을 바탕으로 모든 평가 항목을 대화 흐름과 맥락 중심으로 판단하는 ‘생각의 사슬(Chain of Thought·CoT)’ 방식을 적용했다. 기존 규칙 기반 방식이 단일 요소만 판단했다면, LLM은 고객의 ""네, 알겠습니다""가 이해와 수용의 의미인지, 형식적 종료인지까지 구분할 수 있다. 상담 소음 탐지 모델과 음성 주파수·운율 분석 기술도 결합돼 상담 대화를 다각도로 평가하도록 설계됐다.서남희 LG유플러스 CV담당은 ""해당 기술은 특허 출원을 마쳤고 현재 전 상담사의 평가와 코칭에 활용되고 있다""며 ""향후 고객센터를 운영하는 외부 기업에도 제공해 세일즈를 확대할 계획""이라고 말했다."
https://n.news.naver.com/mnews/article/008/0005280754?sid=105,2025-11-20 09:05:35,IT/과학,"LGU+, LLM 기반 'AI 오토 QA' 개발…상담 품질 실시간 개선","LG유플러스 고객센터 상담사가 상담코칭을 받고 있다. /사진=LG유플러스LG유플러스는 고객센터 전화 상담품질을 업그레이드하기 위해 LLM(거대언어모델) 기반 상담사 코칭 솔루션 'AI 오토 QA'를 개발했다고 20일 밝혔다.AI 오토 QA는 LG유플러스 상담사의 전화 상담 품질을 검수하고 피드백을 제공하는 AI 코칭 프로그램이다. 상담이 끝나면 AI가 대화를 즉시 검수해 피드백을 제공한다.기존에는 월평균 150만건에 달하는 전체 상담 콜을 검수하는 데 한계가 있어 일부만 사람이 품질을 검수했다. 이로 인해 평가자 간 편차로 공정성 문제가 발생하거나 정확한 상담품질 측정에 어려움이 있었다. 코칭 피드백도 최대 1주가량 걸려 상담품질 개선이 늦어졌다. 고객도 상담사에 따라 상담 품질의 편차를 겪었다.LG유플러스는 이러한 문제를 해결하기 위해 AI 오토 QA를 고객센터 전화상담에 적용했다. 상담사는 상담 후 사물존칭, 공감 표현 등에 대한 피드백을 바로 받는다. 예를 들어 ""5G 요금제가 있으십니다""라고 말하면 AI 오토 QA가 ""5G 요금제가 있습니다""라고 피드백한다. 상담사는 자신이 잘못 표현한 내용이 무엇이었는지 바로 파악해 상담 능력을 개선한다.교육을 맡은 상담코치 또한 기존의 반복적 평가는 AI에게 맡기고 감성 코칭, 응대 노하우 전수에 역량을 집중할 수 있어 코칭 효율 또한 높아졌다.AI 오토 QA는 LLM 기반 자체 내재화 모델을 활용해 개발됐다. 모든 평가 항목에 대해 대화의 흐름과 맥락을 단계적으로 분석하는 생각의 사슬(Chain of Thought·CoT) 방식을 적용해 매우 다양한 실제 대화를 정교하게 판단할 수 있다.또한 상담 소음 탐지모델을 개발하고, 음성 속 주파수 성분에 대한 운율적 특성까지 분석해 상담 대화를 더욱 다각도로 평가할 수 있게 됐다.서남희 LG유플러스 CV담당은 ""해당 기술은 특허 출원을 마치고 모든 상담사의 평가와 코칭에 활용 중""이라며 ""LG유플러스의 고객가치 증대는 물론 고객센터를 운영하는 타 기업도 사용할 수 있도록 세일즈를 확대할 계획""이라고 말했다."
https://n.news.naver.com/mnews/article/082/0001354610?sid=101,2025-11-20 09:14:13,경제,"LGU+, AI 기반 상담사 코칭 설루션 개발","I Auto QA로 고객센터 전화 상담 100% 확인상담 코치는 감성상담 등 노하우 전수에 집중LG유플러스가 고객센터 전화 상담 품질을 업그레이드하기 위해 대규모언어모델(LLM) 기반 상담사 코칭 설루션 ‘AI Auto QA’를 개발했다고 20일 밝혔다. 사진은 LG유플러스 고객센터 상담사가 상담 코칭을 받는 모습. LG유플러스 제공LG유플러스가 고객센터 전화 상담 품질을 높이기 위한 대규모언어모델(LLM) 기반 코칭 설루션 ‘AI Auto QA’를 개발했다고 20일 밝혔다.AI Auto QA는 LG유플러스 상담사의 전화 상담 품질을 검수하고 피드백을 제공하는 AI 코칭 프로그램이다. 상담이 끝나면 AI가 대화를 즉시 검수해 피드백을 제공한다. LG유플러스는 기존에 월 평균 150만 건에 달하는 전체 상담 콜을 검수하는 데 한계가 있어 일부만 사람이 품질을 검수했다고 밝혔다. 이로 인해 평가자 간 편차로 인한 공정성 문제가 발생하거나 정확한 상담 품질 측정에 어려움이 있었다는 설명이다. 코칭 피드백도 최대 1주가량 걸려 상담 품질 개선이 늦어졌다. 고객도 상담사에 따라 상담 품질의 편차를 겪었다.LG유플러스는 이런 문제를 해결하기 위해 AI Auto QA를 고객센터 전화 상담에 적용했다고 밝혔다. 상담사는 상담 후 사물 존칭, 공감 표현 등에 대한 피드백을 바로 받는다. 예를 들어 “5G 요금제가 있으십니다”라고 말하면 AI Auto QA가 “5G 요금제가 있습니다”라고 피드백한다. 상담사는 자신이 잘못 표현한 내용이 무엇이었는지 바로 파악해 상담 능력을 개선하게 된다.LG유플러스는 기존의 반복적 평가를 AI에게 맡기고 감성 코칭, 응대 노하우 전수에 역량을 집중할 수 있어 코칭 효율 또한 높아졌다고 설명했다. 고객은 보다 빠르고 높은 품질의 상담을 받으며 상담 신뢰도와 만족도가 함께 높아졌다는 설명이다. 신규, 저년차 상담사도 AI 기반 품질평가 및 개인 맞춤 AI 코칭으로 빠르게 역량을 키울 수 있어, 상담사 간 고객 응대 품질 격차가 줄어드는 효과도 있다고 밝혔다.AI Auto QA는 LLM 기반 자체 내재화 모델을 활용해 개발됐다. 모든 평가 항목에 대해 대화의 흐름과 맥락을 단계적으로 분석하는 생각의 사슬(Chain of Thought·CoT) 방식을 적용해 매우 다양한 실제 대화를 정교하게 판단할 수 있다. 예를 들어 고객이 “네, 알겠습니다”라고 응답했을 때 기존 규칙 기반 방식은 동의 표현 여부만 측정했다면, LLM 방식은 앞뒤 문맥을 이해해 ‘이해와 수용’을 뜻하는지, ‘형식적 종료’인지를 구분한다. 또 상담 소음 탐지모델을 개발하고, 음성 속 주파수 성분에 대한 운율적 특성까지 분석해 상담 대화를 더욱 다각도로 평가할 수 있게 됐다.서남희 LG유플러스 CV담당은 “해당 기술은 특허 출원을 마치고 모든 상담사의 평가와 코칭에 활용 중”이라며 “LG유플러스의 고객가치 증대는 물론 고객센터를 운영하는 타 기업도 사용할 수 있도록 세일즈를 확대할 계획”이라고 말했다."
https://n.news.naver.com/mnews/article/031/0000982434?sid=105,2025-11-20 09:21:09,IT/과학,"LGU+, 상담사 코칭용 LLM 기반 'AI 오토 QA' 개발","상담 후 실시간 피드백 제공…고객 응대 품질 격차 해소 기대LG유플러스는 상담사의 전화 상담 품질을 높이기 위해 대규모언어모델(LLM) 기반 상담사 코칭 솔루션 'AI 오토 QA(AI Auto QA)'를 개발했다고 20일 밝혔다.LG유플러스 고객센터 상담사가 상담코칭을 받는 모습. [사진=LGU+]AI 오토 QA는 상담이 종료되면 AI가 즉시 대화를 검수하고 피드백을 제공하는 코칭 프로그램이다. 기존에는 월 평균 150만건에 달하는 전체 상담콜을 사람이 일부만 검수하면서 공정성과 정확성에 한계가 있었다. 피드백 제공까지 최대 1주일이 걸리며 고객 응대 품질에 편차가 발생하는 문제도 있었다.LG유플러스는 이러한 문제를 해결하기 위해 고객센터에 AI 오토 QA를 도입했다. 상담사는 상담 직후 사물존칭 사용 여부나 공감 표현 등 언어 사용에 대한 피드백을 즉시 받을 수 있다. 예컨대 '5G 요금제가 있으십니다'라는 표현에는 '5G 요금제가 있습니다'라고 AI가 안내한다. 이를 통해 상담사는 잘못된 표현을 빠르게 인지하고 개선할 수 있다.상담코치는 반복적인 평가 업무에서 벗어나 감성 코칭과 응대 노하우 전수에 집중할 수 있게 됐고, 코칭 효율도 높아졌다. 이로써 고객은 보다 일관되고 신뢰도 높은 상담을 받을 수 있으며, 신규 또는 저년차 상담사도 AI 기반 맞춤 코칭으로 빠르게 역량을 향상시킬 수 있다.AI 오토 QA는 LLM 기반 자체 내재화 모델로 개발됐다. 생각의 사슬(Chain of Thought·CoT) 방식을 적용해 상담 맥락을 정교하게 분석할 수 있는 것이 특징이다. 예를 들어 고객이 '네, 알겠습니다'라고 응답한 경우, 기존 규칙 기반 방식은 단순히 동의 표현 여부만 판단했지만, LLM은 앞뒤 문맥을 파악해 '이해·수용'인지 '형식적 종료'인지 구분할 수 있다.또한 상담 중 발생하는 소음을 탐지하는 모델도 함께 개발해, 음성의 주파수 성분과 운율적 특성까지 분석함으로써 상담 내용을 다각도로 평가할 수 있게 했다.서남희 LG유플러스 CV담당은 ""해당 기술은 특허 출원을 마쳤으며 모든 상담사에게 적용 중""이라며 ""향후 고객센터를 운영하는 다른 기업에도 제공할 수 있도록 세일즈를 확대할 계획""이라고 말했다."
https://n.news.naver.com/mnews/article/014/0005437288?sid=105,2025-11-20 09:42:17,IT/과학,"""AI로 상담 품질 향상"" LG U+, LLM 기반 상담사 코칭 설루션 개발","LG유플러스 고객센터 상담사가 상담코칭을 받고 있다. LG유플러스 제공[파이낸셜뉴스] LG유플러스는 고객센터 전화 상담 품질을 업그레이드하기 위해 대규모언어모델(LLM) 기반 상담사 코칭 설루션 ‘AI 오토(AI Auto) QA’를 개발했다고 20일 밝혔다.AI 오토 QA는 LG유플러스 상담사의 전화 상담 품질을 검수하고 피드백을 제공하는 AI 코칭 프로그램이다. 상담이 끝나면 AI가 대화를 즉시 검수해 피드백을 제공한다.기존에는 월 평균 150만건에 달하는 전체 상담 콜을 검수하는 데 한계가 있어 일부만 사람이 품질을 검수했다. 이로 인해 평가자 간 편차로 인한 공정성 문제가 발생하거나 정확한 상담품질 측정에 어려움이 있었다. 코칭 피드백도 최대 1주가량 걸려 상담품질 개선이 늦어졌다. 고객도 상담사에 따라 상담 품질의 편차를 겪었다.LG유플러스는 이러한 문제를 해결하기 위해 AI 오토 QA를 고객센터 전화상담에 적용했다. 상담사는 상담 후 사물존칭, 공감 표현 등에 대한 피드백을 바로 받는다. 예를 들어 상담사가 ""5G 요금제가 있으십니다""라고 말하면 AI 오토 QA가 ""5G 요금제가 있습니다""라고 피드백한다. 상담사는 자신이 잘못 표현한 내용이 무엇인 지 바로 파악해 상담 능력을 개선할 수 있다.교육을 맡은 상담코치도 기존의 반복적 평가는 AI에게 맡기고 감성 코칭, 응대 노하우 전수에 역량을 집중할 수 있어 코칭 효율이 높아졌다.신규 또는 저년차 상담사도 AI 기반 품질평가 및 개인 맞춤 AI 코칭으로 빠르게 역량을 키울 수 있어 상담사 간 고객 응대 품질 격차가 줄어드는 효과도 있다.AI 오토 QA는 LLM 기반 자체 내재화 모델을 활용해 개발됐다. 모든 평가 항목에 대해 대화의 흐름과 맥락을 단계적으로 분석하는 생각의 사슬(CoT) 방식을 적용해 매우 다양한 실제 대화를 정교하게 판단할 수 있다. 예를 들어 고객이 “네, 알겠습니다”라고 응답했을 때 기존 규칙 기반 방식은 동의 표현 여부만 측정했다면, LLM 방식은 앞뒤 문맥을 이해해 ‘이해와 수용’을 뜻하는지, ‘형식적 종료’인지를 구분한다.또 상담 소음 탐지모델을 개발하고, 음성 속 주파수 성분에 대한 운율적 특성까지 분석해 상담 대화를 더 다각도로 평가할 수 있게 됐다.서남희 LG유플러스 CV담당은 “해당 기술은 특허 출원을 마치고 모든 상담사의 평가와 코칭에 활용 중”이라며 “LG유플러스의 고객가치 증대는 물론 고객센터를 운영하는 타 기업도 사용할 수 있도록 세일즈를 확대할 계획”이라고 말했다."
https://n.news.naver.com/mnews/article/092/0002399200?sid=105,2025-11-20 09:49:09,IT/과학,"LGU+, AI 기반 상담사 코칭 솔루션 개발","AI Auto QA로 고객센터 전화 상담 100% 확인해 상담 품질 개선LG유플러스가 고객센터 전화 상담 품질을 업그레이드하기 위해 대규모언어모델(LLM) 기반 상담사 코칭 솔루션 ‘AI 오토 QA’를 개발했다고 20일 밝혔다.AI 오토 QA는 LG유플러스 상담사의 전화 상담 품질을 검수하고 피드백을 제공하는 AI 코칭 프로그램이다. 상담이 끝나면 AI가 대화를 즉시 검수해 피드백을 제공한다.기존에는 월 평균 150만건에 달하는 전체 상담 콜을 검수하는 데 한계가 있어 일부만 사람이 품질을 검수했다. 이로 인해 평가자 간 편차로 인한 공정성 문제가 발생하거나 정확한 상담품질 측정에 어려움이 있었다. 코칭 피드백도 최대 1주가량 걸려 상담품질 개선이 늦어졌다. 고객도 상담사에 따라 상담 품질의 편차를 겪었다.LG유플러스는 이러한 문제를 해결하기 위해 AI 오코 QA를 고객센터 전화상담에 적용했다. 상담사는 상담 후 사물존칭, 공감 표현 등에 대한 피드백을 바로 받는다. 상담사는 자신이 잘못 표현한 내용이 무엇이었는지 바로 파악해 상담 능력을 개선하게 된다.교육을 맡은 상담코치 또한 기존의 반복적 평가는 AI에게 맡기고 감성 코칭, 응대 노하우 전수에 역량을 집중할 수 있어 코칭 효율 또한 높아졌다.이로 인해 고객가치가 커졌다. 즉각적인 코칭 피드백으로 상담사가 응대 방식을 개선하면, 고객은 보다 빠르고 높은 품질의 상담을 받으며 상담 신뢰도와 만족도가 함께 향상된다. 신규 또는 저년차 상담사도 AI 기반 품질평가 및 개인 맞춤 AI 코칭으로 빠르게 역량을 키울 수 있어, 상담사 간 고객 응대 품질 격차가 줄어드는 효과도 있다.AI 오토 QA는 LLM 기반 자체 내재화 모델을 활용해 개발됐다. 모든 평가 항목에 대해 대화의 흐름과 맥락을 단계적으로 분석하는 생각의 사슬(CoT) 방식을 적용해 매우 다양한 실제 대화를 정교하게 판단할 수 있다. 또한 상담 소음 탐지모델을 개발하고, 음성 속 주파수 성분에 대한 운율적 특성까지 분석해 상담 대화를 더욱 다각도로 평가할 수 있게 됐다.서남희 LG유플러스 CV담당은 “해당 기술은 특허 출원을 마치고 모든 상담사의 평가와 코칭에 활용 중”이라며 “LG유플러스의 고객가치 증대는 물론 고객센터를 운영하는 타 기업도 사용할 수 있도록 세일즈를 확대할 계획”이라고 말했다."
https://n.news.naver.com/mnews/article/030/0003372195?sid=105,2025-11-20 09:50:19,IT/과학,"LGU+, AI 상담사 코칭 솔루션 '오토 QA' 도입","LG유플러스 고객센터 상담사가 상담코칭을 받는 모습LG유플러스가 고객센터 상담 품질 개선을 위해 대규모언어모델(LLM) 기반 상담사 코칭 솔루션 '인공지능(AI) 오토(Auto) QA'를 개발했다.AI 오토 QA는 LG유플러스 상담사의 전화 상담 품질을 검수하고 피드백을 제공하는 AI 코칭 프로그램이다.기존에는 월 평균 150만건에 달하는 전체 상담 콜을 검수하는 데 한계가 있어 일부만 사람이 품질을 검수했다. 이로 인해 평가자 간 편차로 인한 공정성 문제가 발생하거나 정확한 상담품질 측정에 어려움이 있었다.LG유플러스는 이러한 문제를 해결하기 위해 AI Auto QA를 고객센터 전화상담에 적용했다. 상담사는 상담 후 사물존칭, 공감 표현 등에 대한 피드백을 바로 받는다.교육을 맡은 상담코치 또한 기존의 반복적 평가는 AI에게 맡기고 감성 코칭, 응대 노하우 전수에 역량을 집중할 수 있어 코칭 효율 또한 높아졌다.AI Auto QA는 LLM 기반 자체 내재화 모델을 활용해 개발됐다. 모든 평가 항목에 대해 대화의 흐름과 맥락을 단계적으로 분석하는 생각의 사슬(CoT) 방식을 적용해 매우 다양한 실제 대화를 정교하게 판단할 수 있다.또한 상담 소음 탐지모델 기반으로 음성 속 주파수 성분에 대한 운율적 특성까지 분석해 상담 대화를 더욱 다각도로 평가할 수 있게 됐다.서남희 LG유플러스 CV담당은 “해당 기술은 특허 출원을 마치고 모든 상담사의 평가와 코칭에 활용 중”이라며 “LG유플러스의 고객가치 증대는 물론 고객센터를 운영하는 타 기업도 사용할 수 있도록 세일즈를 확대할 계획”이라고 말했다."
https://n.news.naver.com/mnews/article/119/0003027451?sid=105,2025-11-20 10:00:10,IT/과학,"“LLM이 상담사를 코치한다”…LGU+, 전화상담 ‘AI Auto QA’ 적용","특허 출원한AI Auto QA로 고객센터 전화 상담 100% 확인해 상담 품질 개선LG유플러스 고객센터 상담사가 상담코칭을 받는 모습.ⓒLG유플러스[데일리안 = 조인영 기자] LG유플러스는 고객센터 전화 상담 품질을 업그레이드하기 위해 대규모언어모델(LLM) 기반 상담사 코칭 설루션 ‘AI Auto QA’를 개발했다고 20일 밝혔다.AI Auto QA는 LG유플러스 상담사의 전화 상담 품질을 검수하고 피드백을 제공하는 AI 코칭 프로그램이다. 상담이 끝나면 AI가 대화를 즉시 검수해 피드백을 제공한다.기존에는 월 평균 150만건에 달하는 전체 상담 콜을 검수하는 데 한계가 있어 일부만 사람이 품질을 검수했다. 이로 인해 평가자 간 편차로 인한 공정성 문제가 발생하거나 정확한 상담품질 측정에 어려움이 있었다.코칭 피드백도 최대 1주가량 걸려 상담품질 개선이 늦어졌다. 고객도 상담사에 따라 상담 품질의 편차를 겪었다.LG유플러스는 이러한 문제를 해결하기 위해 AI Auto QA를 고객센터 전화상담에 적용했다. 상담사는 상담 후 사물존칭, 공감 표현 등에 대한 피드백을 바로 받는다.예를 들어 “5G 요금제가 있으십니다”라고 말하면 AI Auto QA가 “5G 요금제가 있습니다”라고 피드백한다. 상담사는 자신이 잘못 표현한 내용이 무엇이었는지 바로 파악해 상담 능력을 개선하게 된다.교육을 맡은 상담코치 또한 기존의 반복적 평가는 AI에게 맡기고 감성 코칭, 응대 노하우 전수에 역량을 집중할 수 있어 코칭 효율 또한 높아졌다.이로 인해 고객가치가 커졌다. 즉각적인 코칭 피드백으로 상담사가 응대 방식을 개선하면, 고객은 보다 빠르고 높은 품질의 상담을 받으며 상담 신뢰도와 만족도가 함께 향상된다.신규 또는 저년차 상담사도 AI 기반 품질평가 및 개인 맞춤 AI 코칭으로 빠르게 역량을 키울 수 있어, 상담사 간 고객 응대 품질 격차가 줄어드는 효과도 있다.AI Auto QA는 LLM 기반 자체 내재화 모델을 활용해 개발됐다. 모든 평가 항목에 대해 대화의 흐름과 맥락을 단계적으로 분석하는 생각의 사슬(Chain of Thought·CoT) 방식을 적용해 매우 다양한 실제 대화를 정교하게 판단할 수 있다.예를 들어 고객이 “네, 알겠습니다”라고 응답했을 때 기존 규칙 기반 방식은 동의 표현 여부만 측정했다면, LLM 방식은 앞뒤 문맥을 이해해 ‘이해와 수용’을 뜻하는지, ‘형식적 종료’인지를 구분한다.또 상담 소음 탐지모델을 개발하고, 음성 속 주파수 성분에 대한 운율적 특성까지 분석해 상담 대화를 더욱 다각도로 평가할 수 있게 됐다.서남희 LG유플러스 CV담당은 “해당 기술은 특허 출원을 마치고 모든 상담사의 평가와 코칭에 활용 중”이라며 “LG유플러스의 고객가치 증대는 물론 고객센터를 운영하는 타 기업도 사용할 수 있도록 세일즈를 확대할 계획”이라고 말했다."
https://n.news.naver.com/mnews/article/138/0002210150?sid=105,2025-11-20 10:25:13,IT/과학,"“5G요금제 있으십니다→5G요금제 있습니다” LGU+, AI로 상담사 코칭","[사진=LG유플러스][디지털데일리 오병훈기자] LG유플러스가 인공지능(AI)을 통해 서비스 상담사 응대 기술을 지도한다. 통화 음성을 기반으로 잘못된 표현 등을 바로잡는 것이 주된 역할이다.LG유플러스는 고객센터 전화 상담 품질 향상을 위해 대형모언어모델(LLM) 기반 상담사 코칭 솔루션 ‘AI 오토(Auto) QA’를 개발했다고 20일 밝혔다.AI 오토 QA는 LG유플러스 상담사 전화 상담 품질을 검수하고 피드백을 제공하는 AI 코칭 프로그램이다. 상담이 끝나면 AI가 대화를 즉시 검수해 피드백을 제공한다.기존에는 월 평균 150만건에 달하는 전체 상담 콜을 검수하는 데 한계가 있어 일부만 사람이 품질을 검수했다. 이로 인해 평가자 간 편차로 상담품질 측정에 어려움이 있었다. 코칭 피드백도 최대 1주까지 걸려 상담품질 개선이 늦어졌다. 고객도 상담사에 따라 상담 품질 편차를 겪었다는 것이 LG유플러스 설명이다.LG유플러스는 문제를 해결하기 위해 AI 오토 QA를 고객센터 전화상담에 적용했다. 상담사는 상담 후 사물존칭 및 공감 표현 등에 대한 피드백을 바로 받는다.예를 들어 상담자가 “5G 요금제가 있으십니다”라고 사물 존칭을 사용할 경우 AI 오토 QA가 “5G 요금제가 있습니다”라고 피드백해준다. 상담사는 잘못 표현한 내용이 무엇이었는지 파악해 개선하는 식이다.교육을 맡은 상담코치 또한 기존 반복적 평가는 AI에 맡기고 감성 코칭 및 응대 노하우 전수에 역량을 집중할 수 있다.한편 AI 오토 QA는 LLM 기반 자체 내재화 모델을 활용해 개발됐다. 모든 평가 항목에 대해 대화의 흐름과 맥락을 단계적으로 분석하는 ‘생각의 사슬(CoT, 체인 오브 쏘우)’ 방식을 적용해 다양한 실제 대화를 정교하게 판단할 수 있다. 또 상담 소음 탐지모델도 개발했다. 음성 속 주파수 성분에 대한 운율적 특성까지 분석해 상담 대화를 다각도로 평가할 수 있다.서남희 LG유플러스 CV담당은 “해당 기술은 특허 출원을 마치고 모든 상담사의 평가와 코칭에 활용 중”이라며 “타 기업도 사용할 수 있도록 세일즈를 확대할 계획”이라고 말했다."
https://n.news.naver.com/mnews/article/241/0003479163?sid=105,2025-11-20 10:36:04,IT/과학,"LGU+, AI가 상담사 코칭하는 'AI 오토 QA' 개발","상담 끝나면 즉시 피드백LG유플러스는 대규모 언어모델(LLM) 기반 고객센터 상담사 코칭 솔루션 'AI 오토 QA'를 개발했다고 20일 밝혔다.AI 오토 QA는 LG유플러스 상담사의 전화 상담 품질을 검수하고 피드백을 제공하는 AI 코칭 프로그램이다. 상담이 끝나면 AI가 대화를 검수해 피드백을 제공한다.기존에는 월 평균 150만건에 달하는 전체 상담 콜을 검수하는 데 한계가 있었다. 코칭 피드백도 최대 1주가량 걸렸다.LG유플러스는 이 문제를 해결하기 위해 AI 오토 QA를 고객센터 전화 상담에 적용했다. 상담사는 상담 후 사물 존칭, 공감 표현 등에 대한 피드백을 받는다. 예를 들어 ""5G 요금제가 있으십니다""라고 말하면, AI 오토 QA가 ""5G 요금제가 있습니다""라고 피드백한다.AI 오토 QA는 LLM 기반 자체 내재화 모델을 활용했다. 모든 평가 항목에 대해 대화의 흐름과 맥락을 단계적으로 분석하는 생각의 사슬 방식으로 다양한 실제 대화를 정교하게 판단한다. 고객이 ""네, 알겠습니다""라고 답했을 때 앞뒤 문맥을 이해해 '이해와 수용'을 뜻하는지, '형식적 종료'인지를 구분한다.서남희 LG유플러스 CV담당은 ""고객 가치 증대는 물론 고객센터를 운영하는 타 기업도 사용할 수 있도록 세일즈를 확대할 계획""이라고 말했다.정길준 기자 kjkj@edaily.co.kr"
https://n.news.naver.com/mnews/article/031/0000982523?sid=105,2025-11-20 11:09:08,IT/과학,"현재 가치 vs 기존 대가⋯SKT-LGU+, 주파수 재할당대가 충돌(종합)","SKT ""재할당 시점 경제적 가치 기준"" vs LGU+ ""최근 확정된 할당대가 기준""SK텔레콤과 LG유플러스가 주파수 재할당 대가 산정 기준을 놓고 정면 충돌했다. 재할당대가는 재할당 시점의 경제적 가치로 다시 평가해야 한다는 SK텔레콤과, 원칙에 근거해 최근 확정된 할당대가를 기준으로 산정해야 한다는 LG유플러스 입장이 팽팽히 맞서는 것이다.왼쪽부터 SK텔레콤 T타워, LG유플러스 용산사옥 전경. [사진=각사]SKT ""재할당대가, 재할당 시점의 가치를 기준으로 산정해야""SK텔레콤은 20일 2.6㎓(기가헤르츠) 대역 주파수 재할당 관련 입장문을 통해 ""동일한 주파수 대역은 같은 대가를 적용 하는 게 원칙""이라며 ""재할당대가는 향후 주파수 이용에 대한 대가를 정하는 것이므로 재할당 시점의 경제적 가치를 기준으로 산정해야 한다""고 밝혔다.전파법에 명시된 '경매낙찰가를 참고한다'는 문구의 의미는 재할당 주파수의 정확한 경제적 가치를 산정함에 있어 최초 낙찰가 수준을 '살펴볼 수 있다'는 것에 불과하다는 주장이다.이들은 ""재할당대가에 현재 시점의 정확한 가치를 반영하기 위해서는 해당 주파수의 특성 및 대역폭, 이용기간, 용도 등을 충분히 고려해야 한다""며 ""전파법(제11조제3항)에도 주파수의 경제적 가치에 기반해 재할당대가를 산정하도록 명시돼 있다""고 말했다.그러면서 ""최초 경매낙찰가가 재할당대가 산정의 절대적인 기준이 된다면 '한번 비싸게 주고 산 주파수는 평생 비싼 비용을 내야 한다'는 부당한 결론에 이르게 된다""며 ""이는 이동통신사업자가 보다 나은 품질을 제공하고자 높은 낙찰가를 지불하고서라도 주파수를 획득하려는 유인을 저해할 것""이라고 우려했다.LGU+ ""최근 확정된 할당대가 기준으로 산정하는 게 원칙""LG유플러스의 해석은 다르다. LG유플러스는 전날 공식 입장을 내고 ""주파수 재할당 대가는 전파법과 정부 기준에 따라 가장 최근에 확정된 할당대가를 기준으로 산정하는 것이 원칙""이라며 ""이는 모든 사업자에게 동일하게 적용되는 공정한 규칙""이라고 했다.과거에 스스로 결정한 가격 기준을 부정하고 재할당 시점에서 임의로 변경해 달라는 요구는 제도 운영의 안정성을 저해할 수 있다는 게 LG유플러스 입장이다.LG유플러스는 ""각 통신사가 보유한 주파수 가격은 경매 당시 시장 상황과 대역 폭, 재할당 대가를 종합적으로 고려해 스스로 판단하고 응찰한 경제적 가치""라며 ""이를 재할당 시점에서만 변경해 달라는 요구는 제도 일관성과 투자 안정성에 부합하지 않는다""고 반박했다.SK텔레콤이 주장한 '동일 대역=동일 대가' 논리에 대해서도 맞섰다. 이들은 ""전파법상 동일한 대역이라 하더라도 용도·폭·보유 시점이 다르면 동일 용도로 보기 어렵다""며 ""LG유플러스 2.6㎓ 대역과 SK텔레콤 재할당 대상 대역은 사업자별 활용 가치가 전혀 달라 경제적 가치 역시 상이하다""고 말했다.양사 해석은 동일한 2.6㎓ 대역에서도 가치 판단이 서로 다르다는 데서 비롯되고 있다. 정부 판단에 따라 사업자 부담이 수천억 원 단위로 달라질 수 있는 만큼 재할당 정책 논의 긴장감이 더 높아질 전망이다.한편 과학기술정보통신부는 이르면 이달 말 공청회를 열고 주파수 재할당 계획과 대가 산정 초안을 공개한다. 재할당 대상은 내년 6월과 12월 이용기간이 만료되는 3G·LTE 주파수다. 각각 SK텔레콤 155㎒(메가헤르츠), KT 115㎒, LG유플러스 100㎒ 규모다."
https://n.news.naver.com/mnews/article/008/0005280882?sid=105,2025-11-20 11:16:03,IT/과학,"""동일상품·동일가격"" VS ""꼼수""…SKT·LGU+, 주파수 가격 전쟁 왜?","과기정통부, 다음주 3G·LTE 주파수 재할당 방안 공개SKT vs LGU+ 주파수 단가 형평성 놓고 대립각SKT ""경매가 대신 경제가치 반영"", LGU+ ""아전인수""2026년 이용기간 종료되는 주파수, 2/그래픽=이지혜과학기술정보통신부가 다음주 3G·LTE 주파수 재할당 방안을 공개하는 가운데, SK텔레콤과 LG유플러스가 대가 산정방식을 두고 충돌했다. SKT가 ""LGU+와 동일한 주파수를 두배 가격에 쓰고 있다""며 인하를 요구하자 LGU+가 ""아전인수식 해석""이라며 반발한 것이다. 표면적으로는 두 이통사 간 갈등으로 보이지만, 본질은 5G 시대 3G·LTE 주파수의 떨어진 경제적 가치를 반영하지 않는 정부의 재할당 대가 정책에 있다는 지적이 나온다.20일 통신업계에 따르면 과기정통부는 다음주 열리는 공청회에서 내년 이용기간이 만료되는 총 370㎒(메가헤르츠) 폭의 3G(20㎒)·LTE(350㎒) 주파수 재할당 계획을 발표한다. SKT 155㎒, KT 115㎒, LGU+ 100㎒ 규모가 재할당 대상이다.주파수 대가란 이통사가 공공자원인 전파를 5~10년 단위로 빌려쓰는 대신 정부에 내는 임대료다. 최초 할당 시엔 경매를 통해 가격이 결정되지만, 이미 보유한 주파수를 계속 쓰고자 할 땐 정부가 재할당 대가를 산정한다.2021년 3G·LTE 주파수(290㎒) 재할당 당시 이통3사가 낸 대가는 3조1700원이다. 현재 5G 시대가 도래해 3G·LTE 가입자가 크게 감소한 만큼 업계는 재할당 대가가 크게 줄어들길 기대하고 있다.━재할당 대가 어떻게 산정되길래?…기준 모호해 정부도 '오락가락'━/사진=뉴스1전파법 시행령에 따르면 주파수할당 대가는 예상·실제매출액을 기준으로 산정하되, 할당대상 주파수와 동일하거나 유사한 용도의 주파수할당 대가를 고려할 수 있도록 했다. 즉 과거 경매가를 고려할 수 있게 했다.법 조항도 모호한데, 과기정통부 역시 재할당 때마다 대가 산정방식을 달리해 혼란을 키웠다. 2011년 법정산식(주파수 예상·실제매출 3%)만으로 대가를 산정했지만 2016년엔 과거 경매가의 평균값으로 조정했다. 2021년엔 과거 경매가에 5G 기지국 구축 조건을 붙여 감액하는 방식을 적용했다. 이통사가 수천억을 쏟는 사업인데 예측 가능성이 떨어진다.업계는 주파수 재할당 대가는 과거 경매가가 아니라, 재할당 당시 경제적 가치를 기준으로 산정해야 한다고 주장한다. SKT는 ""LTE는 전성기가 지나 손님이 뜸해진 상권""이라며 ""(경매가 기준시) 건물주인 정부가 호황기에 받던 월세를 그대로 받겠다는 것""이라고 비판했다. 최초 임대료가 높다고 앞으로도 계속 비싼 가격을 내야 하는건 부당하다는 입장이다.전문가들 역시 과거 경매가를 기계적으로 준용하는 건 실제 주파수의 경제적 가치를 왜곡할 수 있다고 지적한다. 경매가격은 특정 시점의 경쟁 결과일뿐, 재할당 시의 시장 전망이나 수요 등을 반영하지 못한다는 설명이다. 다만 당장 내년에 주파수 재할당이 종료되는 상황에서 산정방식에 큰 변화를 주기엔 현실적으로 무리가 있다는 입장도 있다.김득원 법무법인 태평양 전문위원은 관련 논문에서 ""(경매가는) 개별 이용가치가 고려되지 않은 가격이므로 재할당 시 적절한 준거점으로 활용되기엔 무리가 있다""면서도 ""과거 경매 낙찰가를 근원가치와 경쟁 프리미엄으로 구분한 후 경쟁 프리미엄이 경과기간에 따라 하락했다고 보는 방안이 현실적""이라고 제언했다.━'주파수 재할당가 인하' 업계 이득인데, LGU+ 왜 발끈?━SKT는 현재 재할당 대가 산정방식의 문제점을 지적하며 대표적인 사례로 LGU+와의 격차를 들었다.현재 SKT와 LGU+는 2.6㎓ 대역에서 각각 60㎒, 40㎒를 보유하고 있다. SKT는 2016년 경매에서 10년간 이용대가로 1조2777억원을 냈다. 반면 LGU+는 2013년 경매에서 4788억원에 낙찰받은 후 2021년 재할당에서 27.5% 할인율을 적용받았다. 최종 단가(총 금액/대역폭/연수)는 SKT가 21.3억원으로 LGU+(10.9억원)의 두 배 수준이다. 이에 SKT는 ""동일 상품에 동일 가격""을 주장하며 이번 재할당에서 대가가 LGU+ 수준으로 낮아지길 요구했다.LGU+은 ""과거에 스스로 결정한 가격(낙찰가) 기준을 부정하고 재할당 시점에서 임의 변경해달라는 요구는 제도 운영의 안정성을 저해한다""고 맞받아쳤다. SKT는 '동일한 주파수'라고 주장하지만, 대역폭이 LGU+보다 20㎒ 더 넓어 장비 운용 효율성이 높은 만큼 경제적 가치도 다르다고 반박했다.SKT의 주장대로 재할당 대가 산정방식이 바뀌어 가격이 낮아지면 업계 전체가 이득인데, LGU+는 왜 발끈했을까. 업계 관계자는 ""업계 1위인 SKT가 3위인 LGU+ 수준으로 대가를 낮춰달라는 건 LGU+에 위협적""이라며 ""SKT의 비용 절감 폭이 커질수록 2,3위 사업자는 상대적 불이익이 커지는 것처럼 느껴질 수 있다""고 귀띔했다.━SKT의 큰그림, 28년 5G 주파수 재할당 노렸나?━한편에선 SKT가 다가올 2028년 5G 주파수 재할당을 노렸다고 분석한다.2018년 5G 주파수 3.5㎓ 경매 당시 SKT는 1조2185억원, KT는 9680억원, LGU+ 8095억원에 낙찰받았다. 이중 SKT는 KT와 같은 100㎒ 대역폭을 할당받았지만 비용은 2500억 가량 더 냈다. 과거 경매가를 기준으로 하면 2028년 재할당 때도 SKT가 KT보다 많은 비용을 내야 하는 만큼 선제 대응에 나섰다는 해석이다.업계가 우려하는 것은 SKT의 재할당 대가로 인한 부메랑이다. 또다른 관계자는 ""주파수 할당대가는 정보통신진흥기금과 방송통신발전기금으로 편입되는데, SKT가 내는 대가가 줄면 세수 감소를 우려한 정부가 다른 방식으로 이통사를 압박할 수 있다""며 ""SKT가 줄인 비용이 다른 이통사로 전가되는 것""이라고 지적했다."
https://n.news.naver.com/mnews/article/119/0003027546?sid=105,2025-11-20 11:29:16,IT/과학,"SKT ""동일 대역=동일 대가""…LGU+ 반대 주장 재반박","“재할당은 과거 가격 아닌 현재 가치 반영”…SKT, 2016·2021년 선례 강조서울 시내 전자상가 휴대폰 판매점에 붙은 이동통신 3사 로고. ⓒ연합뉴스[데일리안 = 조인영 기자] SK텔레콤이 '동일한 주파수 대역에는 같은 대가를 적용 하는 것이 원칙'이라고 20일 밝혔다. 대역이 같더라도 할당 시점·대역폭·용도가 달라 동일 기준을 적용해선 안 된다는 LG유플러스 주장에 반박한 것이다.SK텔레콤은 이날 주파수 재할당 관련 입장문에서 ""정부는 지금까지 재할당에서 '동일 대역=동일 대가' 원칙을 일관되게 적용해왔다""면서 ""이러한 원칙은 예측가능성, 신뢰 보호 측면에서 당연히 유지돼야 한다""고 말했다.이어 SK텔레콤은 과거 2016년과 2021년 재할당에서도 동일한 조건의 주파수는 초기 할당대가가 달랐어도 재할당대가는 통일해 적용했다고 밝혔다.또한 2021년 재할당 당시 정부가 SK텔레콤과 LG유플러스의 2.6㎓ 40㎒폭을 가치형성 요인이 동일하다고 판단했다고 재차 강조했다.SK텔레콤은 ""두 주파수는 대역(2.6GHz), 폭(40MHz), 용도(LTE 보조망)가 같으며, 정부에서 2021년 재할당 시 가치형성요인 측면에서 동일그룹이라고 발표한, 동일한 주파수""라고 말했다.앞서 LG유플러스는 전날 2.6GHz가 동일 대역인 것은 인정하면서도 할당 시점(LG유플러스 2014년, SK텔레콤 2016년)과 용도(LG유플러스 광대역(40㎒), SKT 초광대역(60㎒))가 달라 동일하게 기준을 적용할 수 없다고 밝힌 바 있다.그러면서 가장 최근 확정된 할당대가가 기준이 돼야 한다며 SK텔레콤이 2016년 할당대가를 적용해야 한다고 주장했다.이에 대해 SK텔레콤은 ""해당 주파수는 상대적으로 우량하지 않은 동일 주파수이며, 독점적 지위는 정부 재할당 정책으로 조정할 문제""라며 2021년 재할당 시 SK텔레콤 2.1GHz LTE 대역이 KT와 동일한 조건으로 동일 대가가 부과된 사례를 다시 들었다.그러면서 재할당대가는 향후 이용기간의 가치를 반영하는 만큼 재할당 시점 경제적 가치를 기준으로 산정해야 한다고 재차 강조했다.회사측은 ""재할당대가에 현재 시점의 정확한 가치를 반영하기 위해서는 해당 주파수의 특성 및 대역폭, 이용기간, 용도 등을 충분히 고려해야 한다""면서 ""전파법(제11조제3항)에도 주파수의 경제적 가치에 기반해 재할당대가를 산정하도록 명시돼 있다""고 말했다."
https://n.news.naver.com/mnews/article/138/0002210187?sid=105,2025-11-20 13:35:12,IT/과학,"[주파수 리빌드]<하> 2.6㎓대역 재할당 대가, 핵심 쟁점으로…산정기준 논란 ‘촉각’","[ⓒChat GPT 이미지 생성 모델이 제작한 그림][디지털데일리 오병훈기자] 정부 주파수 재할당 방안 공청회를 앞두고 2.6기가헤르츠(㎓) 대역 주파수 할당 대가 산정 기준이 최대 쟁점으로 떠오르고 있다. SK텔레콤과 LG유플러스는 대가산정 방식을 두고 신경전에 돌입한 상황이다.SK텔레콤에서는 LG유플러스도 같은 2.6㎓ 주파수 대역을 이용 중이지만 비교적 저렴한 대가를 주고 이를 이용 중이라는 점을 문제 삼으며 ‘차별’이라고 꼬집었다. LG유플러스는 SK텔레콤 주장을 정면 반박했다. 할당 경매 당시 스스로 응찰한 가격을 두고 재할당 시점이 다가오자 산정 기준을 다시 정해야 한다는 주장은 어불성설이라는 비판이다.20일 업계에 따르면 과학기술정보통신부(과기정통부)는 이달 말 주파수 재할당 관련 공청회를 열고 주파수 재할당 세부 정책을 확정할 계획이다.◆SKT “동일 주파수, 동일 대가 원칙 회복 시급”이번 재할당에서 가장 주목받는 건 2.6㎓ 대역 대가 산정이다. 다른 대역에 비해 통신사 간 기존 할당 대가 차이가 크기 때문이다. SKT와 LG유플러스 간 이견이 화두다. 주파수 재할당은 경쟁입찰 방식이 아닌 기존 할당 대가에 기반한 평가 및 대가산정 방식으로 결정된다.SK텔레콤이 문제 삼은 것은 같은 대역 같은 그룹 주파수임에도 SK텔레콤이 LG유플러스의 두배가 넘는 할당 대가를 내고 있다는 점이다. SK텔레콤은 지난 2016년 주파수 경매에서 2.6㎓ D블록(40㎒)을 9500억원, E블록(20㎒)을 3277억원 총 1조2777억원에 낙찰 받아 10년 기간으로 이용 중이다.반면 LGU+는 2013년 경매에서 같은 대역 40㎒을 4788억원에 낙찰받아 8년 이용 이후 2021년 재할당을 통해 27.5% 할인을 받게 되면서 대가 차이가 발생했다는 설명이다. 최초 할당 시 낙찰가 차이와 이후 재할당 과정에서 격차가 커졌다는 것이 SK텔레콤 설명이다.그간 정부는 동일 대역 주파수에 대해 동일 재할당 대가를 적용해 왔다. 2021년 ‘케이-민스(K-means)’를 적용하면서 정부는 SK텔레콤과 LG유플러스 2.6㎓(40㎒폭)이 동일 가치형성요인을 갖고 있다면서 C그룹으로 분류했다는 것이 SK텔레콤 설명이다. 케이-민스는 사업자들의 주파수 수요 패턴을 군집화해 묶는 방식을 의미한다.정부가 해당 주파수 가치가 동일한 것으로 판단했는데 LG유플러스가 지불한 대가는 SK텔레콤 대비 반값 수준에 불과한 모순이 발생했다는 것이다. 이에 오는 2026년 재할당에서는 이같은 모순을 해결할 수 있는 합리적인 대가를 산정할 필요가 있다는 목소리가 나오고 있다. 재할당 대가는 10여년전 경매 가격 보다는 재할당 시점의 경제적 가치를 반영하는 것이 합리적이라는 시각이다.더 나아가 과거 2021년 재할당대가 책정 모순점을 덮어 두고 이번 재할당에서도 SK텔레콤과 LGU+의 2.6㎓(40㎒폭)은 애초 가치가 다르다고 강행하는 것은 정책적으로 더 큰 혼란을 초래할 수 있다는 지적도 나온다.◆LGU+ “법대로 해야…제도 안정성 저해 우려”SK텔레콤을 중심으로 업계 내 2.6㎓ 대가 산정 방식이 최대 쟁점으로 떠오르면서 LG유플러스는 즉각 반박에 나섰다. SK텔레콤 주장은 주파수 경매제도를 부정하고 기존 재할당 대가 산정 정책에 반하는 것이라며 강하게 비판했다.LG유플러스는 주파수 경매제도 핵심은 ‘예측 가능성’과 ‘일관성’에 있다고 봤다. SK텔레콤이 과거 스스로 결정한 가격 기준을 부정하면서 재할당 시점에 임의로 그 기준을 변경해 달라는 요구는 제도 운영 안정성을 저해할 수 있다는 주장이다.또 같은 2.6㎓ 대역 주파수라도 기업 상황에 따라 경제적 가치가 달리 평가될 수 있다는 점도 짚었다. 구체적으로 SK텔레콤이 보유한 2.6㎓ 대역 60㎒ 폭 주파수는 단일 장비로 운용이 가능하다는 설명이다. 단일 장비를 통해 주파수를 운용할 수 있다는 것은 곧 주파수 효율이 높다는 의미한다. 이에 따라 경제적 가치도 달리 평가될 수 있다는 것이다. 전파법상 동일 대역이라 하더라도 용도·폭·보유 시점이 다르면 동일 용도로 보기 어렵다는 설명이다.LG유플러스 측은 “SK텔레콤 주장은 사업자별로 주파수 경제적 가치를 스스로 평가·산정하도록 한 경매제도 취지와 전파법상 가치산정 체계를 부정하는 주장”이라며 “(SK텔레콤 주장대로 대가산정을 다시하게 될 경우) 특정 사업자가 경쟁 우위 주파수를 확보하고도 혜택을 지속적으로 받아 우량주파수(넓은 대역 주파수)에 대한 독점적 지위를 공고히 하게 될 수 있다”고 비판했다."
https://n.news.naver.com/mnews/article/011/0004558179?sid=105,2025-11-20 13:42:14,IT/과학,“현 시점 가치 기준으로 대가 산정돼야”…때아닌 주파수 재할당 논란 왜?,"2.6㎓ 재할당 놓고 SKT·LGU+ 충돌SKT “LG 가격 절반 수준···동일한 주파수에 같은 대가 적용해야”LGU+ “재할당 시점에 변경 요구, 제도 일관성에 안 맞아”SK텔레콤 본사. 사진제공=SK텔레콤[서울경제]정부가 올해 안으로 3G·LTE 주파수 재할당 방침을 발표할 예정인 가운데SK텔레콤(017670)은 주파수 재할당 대가를 놓고 시대 흐름에 맞는 적정 가격이 산정돼야 한다고 20일 주장했다.SK텔레콤은 이날 2.6㎓(기가헤르츠) 대역 주파수 재할당 관련 입장문을 통해 ""동일한 주파수 대역은 같은 대가를 적용 하는 게 원칙""이라며 ""재할당대가는 향후 주파수 이용에 대한 대가를 정하는 것이므로 재할당 시점의 경제적 가치를 기준으로 산정해야 한다""고 밝혔다.재할당 방안이 공개되는 주파수 총 2.6㎓ 대역대는 SK텔레콤과LG유플러스(032640)가 각각 60㎒, 40㎒를 보유한다. SK텔레콤에 따르면 LG유플러스가 내는 주파수 값이 SKT 대비 반값 수준으로 알려진다. SK텔레콤은 2016년 1조2777억 원으로 낙찰가가 형성됐다. LG유플러스는 2013년부터 해당 주파수 대역을 낙찰받아 사용 중이다. 최초 낙찰가는 4788억원이며 8년 이용 후인 지난 2021년 재할당 당시 27.5% 할인율을 적용받아 7000억 원대의 비용을 냈다.SK텔레콤은 ""재할당대가에 현재 시점의 정확한 가치를 반영하기 위해서는 해당 주파수의 특성 및 대역폭, 이용기간, 용도 등을 충분히 고려해야 한다""며 ""전파법(제11조제3항)에도 주파수의 경제적 가치에 기반해 재할당대가를 산정하도록 명시돼 있다""고 설명했다. 전파법에 명시된 '경매낙찰가를 참고한다'는 문구의 의미는 재할당 주파수의 정확한 경제적 가치를 산정하는 데 있어 최초 낙찰가 수준을 '살펴볼 수 있다'는 것에 불과하다는 주장이다.SK텔레콤은 ""최초 경매낙찰가가 재할당대가 산정의 절대적인 기준이 된다면 '한번 비싸게 주고 산 주파수는 평생 비싼 비용을 내야 한다'는 부당한 결론에 이르게 된다""며 ""이는 이동통신사업자가 보다 나은 품질을 제공하고자 높은 낙찰가를 지불하고서라도 주파수를 획득하려는 유인을 저해할 것""이라고 우려했다.LG유플러스는 과거에 스스로 결정한 가격 기준을 부정하고 재할당 시점에서 임의로 변경해 달라는 요구는 제도 운영의 안정성을 저해할 수 있다고 반박한다. LG유플러스는 ""주파수 재할당 대가는 전파법과 정부 기준에 따라 가장 최근에 확정된 할당대가를 기준으로 산정하는 것이 원칙""이라며 ""이는 모든 사업자에게 동일하게 적용되는 공정한 규칙""이라고 지적했다. 이어 ""각 통신사가 보유한 주파수 가격은 경매 당시 시장 상황과 대역 폭, 재할당 대가를 종합적으로 고려해 스스로 판단하고 응찰한 경제적 가치""라며 ""이를 재할당 시점에서만 변경해 달라는 요구는 제도 일관성과 투자 안정성에 부합하지 않는다""고 덧붙였다."
https://n.news.naver.com/mnews/article/014/0005437657?sid=105,2025-11-20 16:50:10,IT/과학,주파수 재할당 앞두고 SKT·LG U+  신경전,"[파이낸셜뉴스] 정부가 올해 3세대(G)·4세대(LTE) 주파수 재할당 발표를 앞둔 가운데 재할당 대가 형평성을 둘러싼 통신업계가 치열한 신경전을 벌이고 있다. SK텔레콤과 LG유플러스가 각각 보유 중인 2.6기가헤르츠(㎓) 대역에서 SK텔레콤이 LG유플러스보다 2배 더 높은 가격을 지불하고 있는 점이 핵심 쟁점이다. SK텔레콤은 동일한 주파수 대역을 쓰면 동일한 대가를 내야 한다는 입장이지만, LG유플러스는 과거 SK텔레콤이 경매에 응찰할 당시 스스로 결정한 주파수의 경제적 가치를 부정하는 주장이라며 맞서고 있다.20일 SK텔레콤은 주파수 재할당 관련 입장문을 내고 ""동일한 주파수 대역은 같은 대가를 적용 하는 것이 원칙""이라며 ""정부는 지금까지 재할당에서 '동일 대역은 동일 대가' 원칙을 일관되게 적용해 왔고, 이러한 원칙은 예측가능성, 신뢰보호 측면에서 당연히 유지돼야 한다""고 밝혔다.정부는 이달 중 공청회 등을 거쳐 총 370메가헤르츠(㎒) 폭의 주파수 재할당 방안을 연내 확정할 계획이다. 가장 쟁점이 되는 대역은 2.6㎓다. 이 대역에서 SK텔레콤은 2016년 1조 2777억원에 60㎒ 폭을 낙찰받아 사용 중이다. LG유플러스는 이보다 3년 전인 2013년 4788억원에 40㎒ 폭을 낙찰받았다. LG유플러스는 8년을 이용하다 2021년 재할당에서 27.5%의 할인율을 적용받아 약 2169억원에 낙찰받은 것으로 추정된다. 총 낙찰 비용은 7000억원 수준이다.SK텔레콤은 동일한 대역을 쓰는데 가격 차이가 2배 가량이 나는 것이 문제가 있다는 입장이다. 동일 대역, 동일 대가를 원칙으로 재할당 대가를 산정해야 한다는 것이다. 재할당 대가는 향후 주파수 이용에 대한 대가를 정하는 것이므로, 재할당 시점의 경제적 가치를 기준으로 산정해야 한다는 주장이다. SK텔레콤은 과거 2016년과 2021년 두 번의 주파수 재할당 과정에서 정부가 동일 대역·대역폭·용도의 주파수에 대해 기존 할당 대가가 각각 달랐음에도 재할당 대가를 통일해 적용했다고 설명했다. SK텔레콤은 ""최초 경매낙찰가가 재할당 대가 산정의 절대적인 기준이 되면 '한번 비싸게 주고 산 주파수는 평생 비싼 비용을 내야 한다'는 부당한 결론에 이를 수 있다""고 목소리를 높이고 있다.LG유플러스는 ""주파수 경매제도의 근간을 부정하고 기존 재할당 대가 산정 정책에 정면으로 반하는 것""이라며 SK텔레콤 주장을 정면으로 반박했다. 주파수 재할당 대가는 전파법과 정부 기준에 따라 가장 최근에 확정된 할당대가를 기준으로 산정하는 것이 원칙이라는 입장이다. 과거 SK텔레콤이 60㎒ 폭 낙찰을 위해 써낸 응찰액은 시장 상황, 대역 폭, 재할당 대가 등을 종합적으로 고려해 스스로 산정한 경제적 가치인 만큼, 재할당 시점에서만 이를 변경해 달라는 요구는 제도 일관성과 투자 안정성을 해칠 수 있다는 것이다."
https://n.news.naver.com/mnews/article/382/0001237225?sid=105,2025-11-20 17:16:15,IT/과학,"LGU+, AI 기반 상담사 코칭 솔루션 개발","LG유플러스가 고객센터 전화 상담 품질을 업그레이드하기 위해 대규모언어모델(LLM) 기반 상담사 코칭 솔루션 ‘AI Auto QA’를 개발했다. LG유플러스 상담사의 전화 상담 품질을 검수하고 피드백을 제공하는 AI 코칭 프로그램이다. 상담이 끝나면 AI가 대화를 즉시 검수해 피드백을 제공한다. 상담사는 잘못 표현한 내용이 무엇이었는지 바로 파악해 상담 능력을 개선할 수 있다. 교육을 맡은 상담코치 또한 기존의 반복적 평가는 AI에 맡기고 감성 코칭, 응대 노하우 전수에 역량을 집중할 수 있다.서남희 LG유플러스 CV담당은 “해당 기술은 특허 출원을 마치고 모든 상담사의 평가와 코칭에 활용 중이다”며 “LG유플러스의 고객가치 증대는 물론 고객센터를 운영하는 타 기업도 사용할 수 있도록 세일즈를 확대할 계획이다”고 말했다."
https://n.news.naver.com/mnews/article/031/0000982718?sid=105,2025-11-20 17:40:09,IT/과학,"LGU+ '익시오', 알뜰폰 리브엠에 도입⋯AI 에이전트 알뜰폰으로 확장하나?","리브엠에서 테스트 운영…AI 상담·통화 기능의 MVNO 확산 가능성 주목LG유플러스의 AI 에이전트 '익시오'가 국민은행 알뜰폰(MVNO) 서비스 '리브엠'에 적용됐다. 이동통신사 고객의 전유물이었던 AI 에이전트가 알뜰폰 시장으로 확장될 지 주목된다.LG유플러스 직원이 익시오를 소개하는 모습. [사진=LGU+]20일 통신업계에 따르면 최근 LG유플러스는 국민은행 알뜰폰(MVNO) 서비스 리브엠의 고객들을 상대로 익시오를 서비스 중이다.'익시오'는 LG유플러스가 개발한 AI 에이전트로 실시간 보이스피싱 탐지, 보이는 전화, 전화 대신 받기, 통화 요약 등 다양한 기능을 제공한다. 특히 익시오는 SK텔레콤의 AI 에이전트 에이닷과 같이 '녹음고지' 없이 아이폰 통화녹음 기능을 지원하는 것으로 알려졌다.이번 익시오 서비스의 적용 확대는 통신사의 AI 에이전트 기능이 알뜰폰 고객에게까지 확대되는 첫 사례다. SK텔레콤의 AI 에이전트 '에이닷'의 경우에도 알뜰폰을 제외한 자사 고객들에게만 서비스가 제공되고 있다.LG유플러스 관계자는 ""KB 국민은행 리브엠 알뜰폰 이용자들에게 익시오를 테스트 서비스 중이다""고 설명했다.이번 서비스를 시작으로 다른 알뜰폰 사업자로 익시오의 적용 확대 여부도 주목된다. 이상엽 LG유플러스 CTO(최고기술책임자)는 작년 익시오 간담회에서 ""자사 고객을 대상으로 충분한 고객가치를 줄 수 있도록 완성도를 높이고 알뜰폰 및 타사 고객에게 오픈하는 방안을 고민해보겠다""라고 말한 바 있다."
https://n.news.naver.com/mnews/article/014/0005437720?sid=105,2025-11-20 18:14:15,IT/과학,"""같은 LTE인데 값 달라"" ""전파법 따라야""… 주파수값 신경전","정부 재할당 발표 앞두고 갈등2.6㎓ 대역서 형평성 논란 심화SKT 두배 이상 비싼 비용 지적""경제적가치 반영해 재산정해야""LGU+ ""경매 제도 부정하는 것""정부가 올해 3세대(G)·4세대(LTE) 주파수 재할당 발표를 앞둔 가운데 재할당 대가 형평성을 둘러싼 통신업계가 치열한 신경전을 벌이고 있다. SK텔레콤과 LG유플러스가 각각 보유 중인 2.6기가헤르츠(㎓) 대역에서 SK텔레콤이 LG유플러스보다 2배 더 높은 가격을 지불하고 있는 점이 핵심 쟁점이다.SK텔레콤은 동일한 주파수 대역을 쓰면 동일한 대가를 내야 한다는 입장이지만, LG유플러스는 과거 SK텔레콤이 경매에 응찰할 당시 스스로 결정한 주파수의 경제적 가치를 부정하는 주장이라며 맞서고 있다.20일 SK텔레콤은 주파수 재할당 관련 입장문을 내고 ""동일한 주파수 대역은 같은 대가를 적용 하는 것이 원칙""이라며 ""정부는 지금까지 재할당에서 '동일 대역은 동일 대가' 원칙을 일관되게 적용해 왔고, 이러한 원칙은 예측가능성, 신뢰보호 측면에서 당연히 유지돼야 한다""고 밝혔다.정부는 이달 중 공청회 등을 거쳐 총 370메가헤르츠(㎒) 폭의 주파수 재할당 방안을 연내 확정할 계획이다. 가장 쟁점이 되는 대역은 2.6㎓다.이 대역에서 SK텔레콤은 2016년 1조 2777억원에 60㎒ 폭을 낙찰받아 사용 중이다. LG유플러스는 이보다 3년 전인 2013년 4788억원에 40㎒ 폭을 낙찰받았다. LG유플러스는 8년을 이용하다 2021년 재할당에서 27.5%의 할인율을 적용받아 약 2169억원에 낙찰받은 것으로 추정된다. 총 낙찰 비용은 7000억원 수준이다.SK텔레콤은 동일한 대역을 쓰는데 가격 차이가 2배 가량이 나는 것이 문제가 있다는 입장이다. 동일 대역, 동일 대가를 원칙으로 재할당 대가를 산정해야 한다는 것이다. 재할당 대가는 향후 주파수 이용에 대한 대가를 정하는 것이므로, 재할당 시점의 경제적 가치를 기준으로 산정해야 한다는 주장이다.SK텔레콤은 과거 2016년과 2021년 두 번의 주파수 재할당 과정에서 정부가 동일 대역·대역폭·용도의 주파수에 대해 기존 할당 대가가 각각 달랐음에도 재할당 대가를 통일해 적용했다고 설명했다. SK텔레콤은 ""최초 경매낙찰가가 재할당 대가 산정의 절대적인 기준이 되면 '한번 비싸게 주고 산 주파수는 평생 비싼 비용을 내야 한다'는 부당한 결론에 이를 수 있다""고 목소리를 높이고 있다.LG유플러스는 ""주파수 경매제도의 근간을 부정하고 기존 재할당 대가 산정 정책에 정면으로 반하는 것""이라며 SK텔레콤 주장을 정면으로 반박했다.주파수 재할당 대가는 전파법과 정부 기준에 따라 가장 최근에 확정된 할당대가를 기준으로 산정하는 것이 원칙이라는 입장이다.과거 SK텔레콤이 60㎒ 폭 낙찰을 위해 써낸 응찰액은 시장 상황, 대역 폭, 재할당 대가 등을 종합적으로 고려해 스스로 산정한 경제적 가치인 만큼, 재할당 시점에서만 이를 변경해 달라는 요구는 제도 일관성과 투자 안정성을 해칠 수 있다는 것이다."
https://n.news.naver.com/mnews/article/081/0003593975?sid=105,2025-11-21 05:03:47,IT/과학,SKT “동일대역 주파수 같은 값 적용”… LGU+ “제도 일관성 위해 가격 유지”,"2.6㎓ 재할당 가격 두고 기싸움업계선 “LTE 할당 대가 낮춰야”정부가 연내에 3G·LTE 주파수 재할당 방침을 발표하기로 한 가운데 SK텔레콤과 LG유플러스가 각각 60㎒, 40㎒를 보유한 LTE 2.6㎓(기가헤르츠) 대역의 가격 산정이 최대 쟁점으로 떠올랐다.20일 통신업계에 따르면 SK텔레콤과 LG유플러스는 LTE 2.6㎓(기가헤르츠) 대역의 주파수를 각각 낙찰가 1조 2777억원(60㎒), 2169억원(40㎒)을 주고 할당받아 사용 중이다. 단가로 환산하면 SK텔레콤은 연간 1㎒당 21억 3000만원, LG유플러스는 10억 8000만원으로 비용이 2배 이상 차이 난다.재할당 가격 산정을 앞둔 SK텔레콤은 10년 전 낙찰가 기준을 재할당에도 적용해 LG유플러스보다 계속 2배가량 비싼 비용을 지불하는 것은 불합리하다고 주장한다. 2013년엔 LG유플러스가 해당 주파수 대역을 개척하면서 싸게 들어갔지만, 이미 개관된 대역에 당시 혜택을 동일하게 적용하는 것은 ‘동일 대역, 동일 대가’ 원칙에 맞지 않다는 것이다.반면 LG유플러스는 주파수 가격이 경매 당시 시장 상황과 재할당 대가 등을 종합적으로 고려해 통신사가 스스로 정한 것인데, 이를 재할당 시점에 변경해달라는 것은 제도 일관성에 부합하지 않는다고 반박했다. 업계에서는 5세대(5G) 통신으로 넘어가면서 LTE 주파수의 가치 하락을 반영해 할당 대가를 낮춰야 한다는 목소리도 나온다."
https://n.news.naver.com/mnews/article/421/0008617143?sid=105,2025-11-21 08:00:00,IT/과학,재할당 앞두고 주파수 전쟁 나선 이통사들,"SKT-LGU+, 재할당 대상 2.6㎓ 대역 놓고 신경전정부, 이달 말 공청회 거쳐 12월 초 재할당 정책 발표SK텔레콤과 SK오앤에스 직원이 네트워크 품질을 점검하는 모습. (SK텔레콤 제공) 2023.3.28/뉴스1(서울=뉴스1) 이기범 김민수 기자 = 내년 이용 기한 만료를 앞둔 3G·LTE 주파수 재할당 문제를 놓고 SK텔레콤(017670)과 LG유플러스(032640)가 신경전을 벌이고 있다. 같은 주파수 대역을 놓고 사업자별로 부담하는 금액 차이가 큰 점이 양사 간 갈등 원인이다. 정부는 공청회를 거쳐 사업자 의견을 수렴해 내달 세부 정책을 확정하겠다는 입장이다.21일 업계에 따르면 과학기술정보통신부는 이달 말 공청회를 거쳐 12월 초 주파수 재할당 대가 산정 기준을 발표할 예정이다.같은 2.6㎓ 대역 금액 격차 쟁점이번 주파수 재할당 과정에서 쟁점은 총 370㎒ 폭 중 2.6㎓ 대역이다. SK텔레콤과 LG유플러스가 각각 60㎒, 40㎒ 폭을 LTE 용도로 사용 중인 대역이다. 양사는 같은 대역을 놓고 부담 비용이 다른 점을 놓고 서로 다른 주장을 펴고 있다.SK텔레콤은 2016년 경매로 해당 대역을 1조 2777억원에 낙찰받았다. 반면, LG유플러스는 2013년 경매에서 40㎒ 폭을 4788억 원에 취득해 8년간 사용한 뒤 2021년 재할당에서 무선국 구축에 따른 27.5% 할인까지 적용받아 총 7000억 원가량을 부담한 것으로 추산된다. 주파수 할당 기간이 10년이었던 SK텔레콤은 재할당 할인을 받지 못했다.연간 ㎒당 단가로 계산하면 SK텔레콤은 21억 3000만 원, LG유플러스는 10억 8000만 원(2021년 주파수 재할당 낙찰가 기준)으로 추산된다.이를 두고 SK텔레콤은 동일한 가치를 지닌 주파수 대역에서 LG유플러스가 부담하는 가격의 2배 이상을 내고 있다며 이를 바로 잡아야 한다고 주장하고 있다.반면 LG유플러스는 SK텔레콤이 보유한 2.6㎓ 대역 60㎒ 폭 '초광대역' 주파수는 단일 장비로 운용이 가능해 경제적 가치가 다르며, 전파법상 동일한 대역이라 하더라도 용도·폭·보유 시점이 다르면 동일 용도로 보기 어렵다는 입장이다.반박에 재반박…정부 ""사업자 의견 수렴해 원칙에 따라""LG유플러스 측은 ""SK텔레콤의 주장은 주파수 경매제도의 근간을 부정하고 기존 재할당 대가 산정 정책에 정면으로 반하는 것""이라며 ""과거에 스스로 결정한 가격 기준을 부정하고 재할당 시점에서 임의로 변경해 달라는 요구는 제도 운영의 안정성을 저해할 수 있다""고 반박했다.특히 LG유플러스는 가장 최근의 할당 대가를 기준으로 대가 산정을 해야 한다며 규칙과 원칙을 강조했다. ""주파수 재할당 대가는 전파법과 정부 기준에 따라 가장 최근에 확정된 할당 대가를 기준으로 산정하는 것이 원칙""이라는 주장이다.이와 관련해 SK텔레콤은 ""당사와 LG유플러스가 보유하고 있는 동일한 2.6㎓ 대역의 주파수가 동일한 대가를 적용받아야 한다고 주장했을 뿐, 주파수 경매제도 근간을 부정하거나 기존 재할당대가 산정 원칙을 훼손하려 한 바 없다""고 재반박했다.SK텔레콤은 재할당 대가는 향후 주파수 이용 대가를 정하는 것이기 때문에 재할당 시점의 경제적 가치를 기준으로 산정해야 한다고 주장했다.일각에서는 정부가 수조 원의 비용 지출이 예상되는 주파수 재할당 계획 발표를 늦추면서 사업자들의 혼란이 가중되고 있다는 지적도 제기된다.과기정통부 관계자는 ""이미 사업자 의견은 충분히 듣고 있다""며 ""지금 단계에서 누구 말이 맞는지 얘기하기엔 성급한 것으로 보이며, 최종적으로 원칙에 따라 판단할 것""이라고 말했다."
https://n.news.naver.com/mnews/article/008/0005281337?sid=105,2025-11-21 09:00:00,IT/과학,"LGU+ '알파키', 업무자동화 기능으로 계정 관리 효율↑","/사진=LG유플러스LG유플러스는 통합 계정관리 솔루션 '알파키'(AlphaKey)에 워크플로우 스튜디오를 비롯한 신규 기능을 추가한다고 21일 밝혔다.알파키는 직원의 신원과 인사 정보를 기반으로 업무용 계정과 접근 권한을 자동으로 관리하는 LG유플러스의 ID 관리 서비스(IDaaS)다. 양자내성암호와 동형암호 기술을 적용해 보안을 강화했다. 입·퇴사자 정보에 따라 권한을 자동 부여·회수해 관리 효율을 높인다.해외 IDaaS 솔루션들이 기능별로 세분화된 복잡한 요금제를 운영하는 것과 달리, 알파키는 단일 요금제로 싱글 사인온(SSO), 다중 인증(MFA), 계정 생명주기 관리, 감사리포트 등 핵심 기능을 모두 제공한다. 알파키의 기본 기능만으로도 기업의 계정 전반을 관리할 수 있고, 고객사의 운영 효율성과 보안성을 동시에 확보할 수 있다.이번에 추가된 워크플로우 스튜디오, 모바일 기기 관리 시스템(MDM) 연동, API 연동 기능은 기업의 IT 운영을 '자동화·보안·통합 관리' 방식으로 전환하는데 도움을 준다. 반복 업무 부담을 줄이고 승인된 기기 중심의 보안을 구현하며, 다양한 SaaS와 사내 시스템을 하나의 흐름으로 연결하는 기반을 제공한다.특히 워크플로우 스튜디오는 코드 작성 없이 규칙만 설정하면 입사자 계정 생성, 부서별 프로그램 접근권한 설정, 장기 미접속 계정 정리 같은 반복 작업을 자동으로 처리한다. 기업 규모가 커질수록 기하급수적으로 늘어나는 계정 운영 업무의 관리 효율을 크게 높였다.주엄개 LG유플러스 유선사업담당(상무)은 ""알파키는 기업의 복잡한 계정과 보안 관리 체계를 자동화하고 표준화하기 위해 진화하고 있다""며 ""특히 노코드 기반의 워크플로우 스튜디오 등 추가된 기능들은 운영 효율성과 보안 수준을 제고에 기여할 것""이라고 말했다."
https://n.news.naver.com/mnews/article/119/0003027920?sid=105,2025-11-21 09:00:12,IT/과학,"LGU+, 알파키 기능 업그레이드로 기업 계정관리 강화","반복 업무 자동화하는 ‘워크플로우 스튜디오’ 도입LG유플러스 직원들이 워크플로우 스튜디오 등 알파키의 주요 기능을 소개하고 있는 모습.ⓒLG유플러스[데일리안 = 조인영 기자] LG유플러스는 통합 계정관리 솔루션 ‘알파키(AlphaKey)’에 워크플로우 스튜디오를 비롯한 신규 기능을 추가한다고 21일 밝혔다.이번 업데이트는 기업이 사용하는 다양한 서비스형 소프트웨어(SaaS)와 클라우드 기반 업무 환경에서 직원 계정과 권한을 보다 쉽게 관리하고, 보안 수준을 강화하기 위한 목적이다.알파키는 직원의 신원과 인사 정보를 기반으로 업무용 계정과 접근 권한을 자동으로 관리하는 LG유플러스의 ID 관리 서비스(IDaaS)다. 양자내성암호와 동형암호 기술을 적용해 보안을 강화했으며, 입·퇴사자 정보에 따라 권한을 자동 부여·회수해 관리 효율을 높인다.해외 IDaaS 솔루션들이 기능별로 세분화된 복잡한 요금제를 운영하는 것과 달리, 알파키는 단일 요금제로 싱글 사인온(SSO), 다중 인증(MFA), 계정 생명주기 관리, 감사리포트 등 핵심 기능을 모두 제공한다. 알파키의 기본 기능만으로도 기업의 계정 전반을 관리할 수 있고, 고객사의 운영 효율성과 보안성을 동시에 확보할 수 있다.이번에 추가되는 워크플로우 스튜디오, 모바일 기기 관리 시스템(MDM; Mobile Device Management) 연동, API 연동 기능은 기업의 IT 운영을 ‘자동화·보안·통합 관리’ 방식으로 전환하는 핵심 기능이다.이를 통해 반복 업무 부담을 줄이고 승인된 기기 중심의 보안을 구현하며, 다양한 SaaS와 사내 시스템을 하나의 흐름으로 연결하는 기반을 제공한다.업데이트에서 가장 눈에 띄는 기능은 ‘워크플로우 스튜디오'다. 코드 작성 없이 규칙만 설정하면 입사자 계정 생성, 부서별 프로그램 접근권한 설정, 장기 미접속 계정 정리 같은 반복 작업을 자동으로 처리한다. 기업 규모가 커질수록 기하급수적으로 늘어나는 계정 운영 업무의 관리 효율을 크게 높였다.알파키는 'API 연동' 기능을 통해 기업의 IT 시스템 통합 환경을 지원한다. 기업이 운영하는 협업툴, ERP, HR SaaS 등 다양한 업무 시스템을 통합 관리하려면 시스템 간 연결이 필수적이다. API 연동 기능을 활용하면 업무 시스템에서 알파키의 계정 관리 기능을 직접 호출할 수 있다.사용자 리스트 조회, 권한 부여, 계정 생성 등 알파키의 주요 기능이 API로 제공돼 기업이 주로 사용하는 통합 업무 시스템 안에서 알파키 기능을 실행할 수 있다.보안 강화를 위한 ‘MDM 연동 기능’도 추가한다. 원격근무와 개인기기 사용이 늘면서 기업 보안이 취약해지는 상황에 대응하기 위함이다.회사에서 승인한 기기만 로그인할 수 있도록 제한할 수 있으며, 보안 패치가 적용되지 않은 기기나 등록되지 않은 개인 스마트폰·노트북은 접속 단계에서 자동 차단된다. LG유플러스는 “업무용 기기를 체계적으로 관리할 수 있어 내부 정보 유출 위험을 크게 낮출 수 있다”고 밝혔다.주엄개 LG유플러스 유선사업담당(상무)은 “알파키는 기업의 복잡한 계정과 보안 관리 체계를 자동화하고 표준화하기 위해 지속적으로 진화하고 있다”며 “특히 이번에 추가되는 노코드 기반의 워크플로우 스튜디오, API 연동, MDM 연동 기능은 운영 효율성과 보안 수준을 동시에 높이는 데 기여할 것""이라고 말했다."
https://n.news.naver.com/mnews/article/016/0002560993?sid=105,2025-11-21 09:01:20,IT/과학,"LGU+ ‘알파키’, 업무자동화 기능으로 계정·권한 관리 효율 강화","알파키, 업무용 계정·접근 권한 자동 관리워크플로우 스튜디오로 반복 업무 자동화MDM·API 연동해 보안 및 확장성 강화LG유플러스 직원들이 워크플로우 스튜디오 등 알파키의 주요 기능을 소개하고 있는 모습. [LG유플러스 제공][헤럴드경제=권제인 기자] LG유플러스는 통합 계정관리 솔루션 ‘알파키(AlphaKey)’에 워크플로우 스튜디오를 비롯한 신규 기능을 추가한다고 21일 밝혔다. 이번 업데이트로 기업이 사용하는 다양한 서비스형 소프트웨어(SaaS)와 클라우드 기반 업무 환경에서 직원 계정과 권한을 보다 쉽게 관리하고, 보안 수준을 강화할 수 있게 됐다.알파키는 직원의 신원과 인사 정보를 기반으로 업무용 계정과 접근 권한을 자동으로 관리하는 LG유플러스의 ID 관리 서비스(IDaaS)다. 양자내성암호와 동형암호 기술을 적용해 보안을 강화했으며, 입·퇴사자 정보에 따라 권한을 자동 부여·회수해 관리 효율을 높인다.해외 IDaaS 솔루션들이 기능별로 세분화된 복잡한 요금제를 운영하는 것과 달리, 알파키는 단일 요금제로 싱글 사인온(SSO), 다중 인증(MFA), 계정 생명주기 관리, 감사리포트 등 핵심 기능을 모두 제공한다. LG유플러스는 알파키의 기본 기능만으로도 기업의 계정 전반을 관리할 수 있고, 고객사의 운영 효율성과 보안성을 동시에 확보할 수 있다고 강조했다.특히 이번에 추가되는 워크플로우 스튜디오, 모바일 기기 관리 시스템(Mobile Device Management·MDM) 연동, API 연동 기능은 기업의 IT 운영을 ‘자동화·보안·통합 관리’ 방식으로 전환할 것으로 기대된다. 반복 업무 부담을 줄이고 승인된 기기 중심의 보안을 구현하며, 다양한 SaaS와 사내 시스템을 하나의 흐름으로 연결하는 기반을 제공한다.LG유플러스 직원들이 워크플로우 스튜디오 등 알파키의 주요 기능을 소개하고 있는 모습. [LG유플러스 제공]워크플로우 스튜디오는 코드 작성 없이 규칙만 설정하면 입사자 계정 생성, 부서별 프로그램 접근권한 설정, 장기 미접속 계정 정리 같은 반복 작업을 자동으로 처리한다. 기업 규모가 커질수록 기하급수적으로 늘어나는 계정 운영 업무의 관리 효율을 크게 높였다.알파키는 ‘API 연동’ 기능을 통해 기업의 IT 시스템 통합 환경을 지원한다. API 연동 기능을 활용하면 다양한 업무 시스템에서 알파키의 계정 관리 기능을 직접 호출할 수 있다. 사용자 리스트 조회, 권한 부여, 계정 생성 등 알파키의 주요 기능이 API로 제공돼 기업이 주로 사용하는 통합 업무 시스템 안에서 알파키 기능을 실행할 수 있다.보안 강화를 위한 ‘MDM 연동 기능’도 추가한다. 원격근무와 개인기기 사용이 늘면서 기업 보안이 취약해지는 상황에 대응하기 위함이다. 회사에서 승인한 기기만 로그인할 수 있도록 제한할 수 있으며, 보안 패치가 적용되지 않은 기기나 등록되지 않은 개인 스마트폰·노트북은 접속 단계에서 자동 차단된다.주엄개 LG유플러스 유선사업담당(상무)은 “알파키는 기업의 복잡한 계정과 보안 관리 체계를 자동화하고 표준화하기 위해 지속적으로 진화하고 있다”며 “특히 이번에 추가되는 노코드 기반의 워크플로우 스튜디오, API 연동, MDM 연동 기능은 운영 효율성과 보안 수준을 동시에 높이는 데 기여할 것“이라고 말했다."
https://n.news.naver.com/mnews/article/003/0013613533?sid=101,2025-11-21 09:03:31,경제,"LGU+, '알파키' 업무자동화 가능으로 계정 관리 효율 높인다","알파키에 워크플로우 스튜디오 등 기능 추가반복 업무 자동화, 계정·권한 관리 효율 강화승인 기기 기반 접속 제한…보안·확장성 높여[서울=뉴시스] LG유플러스는 통합 계정관리 솔루션 '알파키(AlphaKey)'에 워크플로우 스튜디오를 비롯한 신규 기능을 추가한다고 21일 밝혔다. (사진=LG유플러스 제공) 2025.11.21. photo@newsis.com *재판매 및 DB 금지[서울=뉴시스]박은비 기자 = LG유플러스는 통합 계정관리 솔루션 '알파키(AlphaKey)'에 워크플로우 스튜디오를 비롯한 신규 기능을 추가한다고 21일 밝혔다.이번 업데이트는 기업이 사용하는 다양한 서비스형 소프트웨어(SaaS)와 클라우드 기반 업무 환경에서 직원 계정과 권한을 보다 쉽게 관리하고 보안 수준을 강화하기 위해 이뤄졌다.알파키는 직원 신원과 인사 정보를 기반으로 업무용 계정과 접근 권한을 자동으로 관리하는 LG유플러스 ID 관리 서비스(IDaaS)다. 양자내성암호와 동형암호 기술을 적용해 보안을 강화했다. 입·퇴사자 정보에 따라 권한을 자동 부여·회수한다.해외 IDaaS 솔루션들이 기능별로 세분화된 복잡한 요금제를 운영하는 것과 달리 알파키는 단일 요금제로 싱글 사인온(SSO), 다중 인증(MFA), 계정 생명주기 관리, 감사리포트 등 핵심 기능을 모두 제공하는 게 특징이다. 알파키 기본 기능만으로도 기업 계정 전반을 관리할 수 있고, 고객사 운영 효율성과 보안성을 동시에 확보할 수 있다.특히 이번에 추가되는 워크플로우 스튜디오, 모바일 기기 관리 시스템(MDM) 연동, API(응용 프로그램 인터페이스) 연동 기능은 기업의 IT 운영을 자동화, 보안, 통합 관리 방식으로 전환하는 핵심 기능이다. 이를 통해 반복 업무 부담을 줄이고 승인된 기기 중심의 보안을 구현한다. 또한 다양한 SaaS와 사내 시스템을 하나의 흐름으로 연결하는 기반을 제공한다.워크플로우 스튜디오의 경우 코드 작성 없이 규칙만 설정하면 입사자 계정 생성, 부서별 프로그램 접근 권한 설정, 장기 미접속 계정 정리 같은 반복 작업을 자동으로 처리한다. 기업 규모가 커질수록 기하급수적으로 늘어나는 계정 운영 업무 관리 효율을 크게 높였다는 게 회사 설명이다.아울러 사용자 리스트 조회, 권한 부여, 계정 생성 등 알파키 주요 기능이 API로 제공돼 기업이 주로 사용하는 통합 업무 시스템 안에서 알파키 기능을 수행할 수 있다. 보안 강화를 위한 MDM 연동 기능은 원격근무와 개인기기 사용이 늘면서 기업 보안이 취약해지는 상황에 대응하기 위해 포함됐다. 회사에서 승인한 기기만 로그인할 수 있고, 보안 패치가 적용되지 않거나 등록되지 않은 기기는 접속 단계부터 자동 차단된다.주엄개 LG유플러스 유선사업담당(상무)은 ""알파키는 기업의 복잡한 계정과 보안 관리 체계를 자동화하고 표준화하기 위해 지속적으로 진화하고 있다""며 ""특히 이번에 추가되는 노코드 기반의 워크플로우 스튜디오, API 연동, MDM 연동 기능은 운영 효율성과 보안 수준을 동시에 높이는 데 기여할 것""이라고 말했다."
https://n.news.naver.com/mnews/article/082/0001354835?sid=101,2025-11-21 09:06:12,경제,"LGU+, 계정관리 솔루션 알파키 기능 업그레이드","반복 업무 자동화하는 ‘워크플로우 스튜디오’ 도입승인 기기 기반 접속 제한, 외부 시스템 연결 도입LG유플러스는 통합 계정관리 솔루션 ‘알파키(AlphaKey)’에 워크플로우 스튜디오를 비롯한 신규 기능을 추가한다고 21일 밝혔다. 사진은 LG유플러스 직원들이 워크플로우 스튜디오 등 알파키의 주요 기능을 소개하고 있는 모습. LG유플러스 제공.LG유플러스가 통합 계정관리 솔루션 ‘알파키(AlphaKey)’에 신규 기능을 추가한다고 21일 밝혔다. 이번 업데이트는 기업이 사용하는 서비스형 소프트웨어(SaaS)와 클라우드 기반 업무 환경에서 직원 계정과 권한을 쉽게 관리하고, 보안 수준을 강화하기 위한 목적이다.알파키는 직원의 신원과 인사 정보를 기반으로 업무용 계정과 접근 권한을 자동으로 관리하는 LG유플러스의 ID 관리 서비스(IDaaS)다. 알파키는 단일 요금제로 싱글 사인온(SSO), 다중 인증(MFA), 계정 생명주기 관리, 감사리포트 등 기능을 제공한다.이번에 추가되는 기능인 워크플로우 스튜디오, 모바일 기기 관리 시스템(MDM; Mobile Device Management) 연동, API 연동은 기업의 IT 운영을 ‘자동화·보안·통합 관리’ 방식으로 전환하는 핵심 기능이다. 이를 통해 반복 업무 부담을 줄이고 승인된 기기 중심의 보안을 구현하고 다양한 SaaS와 사내 시스템을 하나의 흐름으로 연결하는 기반을 제공한다.특히 워크플로우 스튜디오는 코드 작성 없이 규칙만 설정하면 입사자 계정 생성, 부서별 프로그램 접근권한 설정, 장기 미접속 계정 정리 같은 반복 작업을 자동으로 처리한다. 기업 규모가 커질수록 늘어나는 계정 운영 업무의 관리 효율을 크게 높였다.알파키는 또 API 연동 기능을 통해 기업의 IT 시스템 통합 환경을 지원한다. API 연동 기능을 활용하면 업무 시스템에서 알파키의 계정 관리 기능을 직접 호출할 수 있다. 사용자 리스트 조회, 권한 부여, 계정 생성 등 알파키의 주요 기능이 API로 제공돼 기업이 주로 사용하는 통합 업무 시스템 안에서 알파키 기능을 실행할 수 있다.보안 강화를 위한 MDM 연동 기능도 추가한다. 회사에서 승인한 기기만 로그인할 수 있도록 제한할 수 있으며, 보안 패치가 적용되지 않은 기기나 등록되지 않은 개인 스마트폰·노트북은 접속 단계에서 자동 차단된다. LG유플러스는 “업무용 기기를 체계적으로 관리할 수 있어 내부 정보 유출 위험을 크게 낮출 수 있다”고 밝혔다.주엄개 LG유플러스 유선사업담당(상무)은 “알파키는 기업의 복잡한 계정과 보안 관리 체계를 자동화하고 표준화하기 위해 지속적으로 진화하고 있다”며 “특히 이번에 추가되는 노코드 기반의 워크플로우 스튜디오, API 연동, MDM 연동 기능은 운영 효율성과 보안 수준을 동시에 높이는 데 기여할 것""이라고 말했다."
https://n.news.naver.com/mnews/article/277/0005682633?sid=105,2025-11-21 09:08:00,IT/과학,"LGU+ ""업무용 계정관리 '알파키'에 신규 기능 추가…효율성·보안 강화""","반복 업무 부담 줄이고계정 운영 관리 효율↑LG유플러스는 통합 계정관리 솔루션 '알파키(AlphaKey)'에 신규 기능을 추가한다고 21일 밝혔다. 이번 업데이트는 기업이 사용하는 다양한 서비스형 소프트웨어(SaaS)와 클라우드 기반 업무 환경에서 직원 계정과 권한을 쉽게 관리하고, 보안 수준을 강화하기 위한 목적이다.LG유플러스는 통합 계정관리 솔루션 ‘알파키(AlphaKey)’에 워크플로우 스튜디오를 비롯한 신규 기능을 추가한다고 21일 밝혔다. 사진은 LG유플러스 직원들이 워크플로우 스튜디오 등 알파키의 주요 기능을 소개하고 있는 모습. LG유플러스 제공알파키는 직원의 신원과 인사 정보를 기반으로 업무용 계정과 접근 권한을 자동으로 관리하는 LG유플러스의 ID 관리 서비스(IDaaS)다. 양자내성암호와 동형암호 기술을 적용해 보안을 강화했으며, 입·퇴사자 정보에 따라 권한을 자동 부여·회수하고 있다.해외 IDaaS 솔루션들이 기능별로 세분화된 복잡한 요금제를 운영하는 것과 달리, 알파키는 단일 요금제로 기본 기능만으로도 기업의 계정 전반을 관리할 수 있고, 고객사의 운영 효율성과 보안성을 확보할 수 있다.특히 이번에 추가되는 ▲워크플로우 스튜디오 ▲모바일 기기 관리 시스템(MDM) 연동 ▲API 연동 기능은 기업의 IT 운영을 '자동화·보안·통합 관리' 방식으로 전환하는 핵심 기능이다. 이를 통해 반복 업무 부담을 줄이고 승인된 기기 중심의 보안을 구현하며, 다양한 SaaS와 사내 시스템을 하나의 흐름으로 연결하는 기반을 제공한다.이번 업데이트에서 가장 눈에 띄는 기능은 '워크플로우 스튜디오'다. 코드 작성 없이 규칙만 설정하면 입사자 계정 생성, 부서별 프로그램 접근권한 설정, 장기 미접속 계정 정리 같은 반복 작업을 자동으로 처리한다. 기업 규모가 커질수록 늘어나는 계정 운영 업무의 관리 효율을 크게 높였다.알파키는 'API 연동' 기능을 통해 기업의 IT 시스템 통합 환경을 지원한다. 기업이 운영하는 협업툴, ERP 등 다양한 업무 시스템을 통합 관리하려면 시스템 간 연결이 필수적이다. API 연동 기능을 활용하면 업무 시스템에서 알파키의 계정 관리 기능을 직접 호출할 수 있다. 사용자 리스트 조회, 권한 부여, 계정 생성 등 알파키의 주요 기능이 API로 제공돼 통합 업무 시스템 안에서 알파키 기능을 실행할 수 있다.보안 강화를 위한 'MDM 연동 기능'도 추가한다. 원격근무와 개인기기 사용이 늘면서 기업 보안이 취약해지는 상황에 대응하기 위함이다. 회사에서 승인한 기기만 로그인할 수 있도록 제한할 수 있으며, 보안 패치가 적용되지 않은 기기나 등록되지 않은 개인 스마트폰·노트북은 접속 단계에서 자동 차단된다.주엄개 LG유플러스 유선사업담당(상무)은 ""알파키는 기업의 복잡한 계정과 보안 관리 체계를 자동화하고 표준화하기 위해 지속적으로 진화하고 있다""고 말했다."
https://n.news.naver.com/mnews/article/421/0008617349?sid=105,2025-11-21 09:16:06,IT/과학,"LGU+, 알파키 신규 기능 추가… 계정·권한 관리 효율 강화","반복 업무 자동화하는 워크플로우 스튜디오 도입LG유플러스 직원들이 워크플로우 스튜디오 등 알파키의 주요 기능을 소개하고 있는 모습. 2025.11.21/뉴스1(LG유플러스 제공)(서울=뉴스1) 김민수 기자 = LG유플러스(032640)가 21일 통합 계정관리 설루션 '알파키(AlphaKey)'에 워크플로우 스튜디오를 비롯한 신규 기능을 추가했다.알파키는 직원의 신원과 인사 정보를 기반으로 업무용 계정과 접근 권한을 자동으로 관리하는 ID 관리 서비스(IDaaS)다. 양자내성암호·동형암호 기술을 적용해 보안을 강화했으며, 입·퇴사 일정에 따라 권한을 자동으로 부여하거나 회수해 운영 부담을 줄였다.업데이트에서 가장 눈에 띄는 기능은 워크플로우 스튜디오다. 코드 작성 없이 규칙만 설정하면 입사자 계정 생성, 부서별 프로그램 접근권한 설정, 장기 미접속 계정 정리 같은 반복 작업을 자동으로 처리한다.알파키는 API 연동 기능을 통해 기업의 IT 시스템 통합 환경을 지원한다. 기업이 다양한 업무 시스템을 통합 관리하려면 시스템 간 연결이 필수적이다. API 연동 기능을 활용하면 업무 시스템에서 알파키의 계정 관리 기능을 직접 호출할 수 있다. 사용자 리스트 조회, 권한 부여, 계정 생성 등 알파키의 주요 기능이 API로 제공돼 기업이 주로 사용하는 통합 업무 시스템 안에서 알파키 기능을 실행할 수 있다.모바일 기기 관리 시스템(MDM·Mobile Device Management) 연동 기능도 추가됐다. 원격근무와 개인기기 사용이 늘면서 기업 보안이 취약해지는 상황에 대응하기 위해 마련됐다. 회사에서 승인한 기기만 로그인할 수 있도록 제한할 수 있으며, 보안 패치가 적용되지 않은 기기나 등록되지 않은 개인 스마트폰·노트북은 접속 단계에서 자동 차단된다.<용어설명>■ 양자내성암호양자컴퓨팅 환경에서 안전하게 암호 기술을 이용할 수 있도록 하는 새로운 공개키 암호. 압도적인 연산 능력을 앞세운 양자컴퓨팅의 공격 시도라도 방어할 수 있는 알고리즘을 의미한다.■ APIAPI는 응용프로그램 인터페이스(Application Programming Interface)로 하나의 소프트웨어 컴포넌트가 다른 소프트웨어 컴포넌트와 상호작용할 수 있도록 설계된 인터페이스다. 즉, 소프트웨어끼리 서로 정보를 주고받고 기능을 사용하게 해주는 중간다리다.■ 동형암호동형암호는 암호화된 상태에서 덧셈, 곱셈 등의 다양한 연산을 이용해 데이터를 처리하는 기술이다. 데이터 유출 위험을 원천적으로 차단해 '사용 상태에서의 보호'(Data in Use Protection)에 효과적이다."
https://n.news.naver.com/mnews/article/016/0002561024?sid=105,2025-11-21 09:32:08,IT/과학,"주파수 재할당 목전…SKT·LGU+, 2.6㎓ 대역 가격 두고 ‘격돌’","SKT·LGU+, 동일 대역 각각 60㎒폭, 40㎒폭 보유SKT “사실상 동일 가치…특정 사업자 봐주기”LGU+ “경제적 가치 상이, 경매제도 부정하는 주장”서울시내 한 휴대폰 매장 앞을 시민이 지나고 있다. 이상섭 기자[헤럴드경제=고재우 기자] 내년 이용 기한이 만료되는 3G·LTE 주파수 재할당을 목전에 두고, 통신사들의 신경전이 치열해지고 있다.2.6㎓ 대역을 사용하는 SK텔레콤과 LG유플러스가 주파수 사용 ‘가격’을 놓고 정면충돌했다. 같은 대역을 사용하면서도 양사가 부담하는 금액이 ‘두 배’ 가까이 차이가 난다는 이유에서다.SKT는 동일 가치를 지닌 주파수임에도 가격 차이가 나는 것은 “특정 사업자 봐주기”라고 주장했다. 이에 LG유플러스는 초기 투자 비용 등을 고려치 않았을 뿐만 아니라 “주파수 경매제도를 부정한 것”이라며 즉각 반박했다.주파수 재할당에는 수천억원에서 수조원이 달하는 막대한 비용이 지출되는 만큼, 주파수 대가 산정 기준을 놓고 잡음이 계속될 것으로 보인다.21일 업계에 따르면 과학기술정보통신부는 이달 말 공청회 등을 통해 연내 주파수 재할당 대가 산정 기준 마련에 나선다.재할당 대상은 800㎒·900㎒·1.8㎓·2.1㎓·2.6㎓ 대역 등이다. 이 중 2.6㎓ 대역 100㎒폭 가격을 놓고 SKT와 LG유플러스가 부딪쳤다. SKT와 LG유플러스는 각각 60㎒폭, 40㎒폭 등을 LTE 용도로 사용 중이다.SKT는 지난 2016년 해당 대역 낙찰을 받기 위해 1조2777억원(이용 기간 10년)을 투입했다. 이보다 앞선 2013년(최초 할당) 경매에서 LG유플러스는 4788억원(8년), 2021년(재할당)에는 27.5% 할인율이 적용된 2169억원(5년) 등 총 6957억원을 썼다.SK텔레콤 을지로 사옥. [SK텔레콤 제공]SKT는 2.6㎓ 대역 내 사실상 동일한 가치를 지닌 주파수임에도 불구하고 가격 차이가 두 배 가까이 난다고 주장했다. 주파수 재할당 시에는 현재의 경제적 가치를 기준으로 가격을 산정해야 한다는 입장이다.SKT는 “정부는 재할당에서 ‘동일 대역=동일 대가’ 원칙을 적용해 왔고, 이는 유지돼야 한다”며 “유사한 가치를 지닌 주파수라고 판단했음에도, 최초 할당 시 낙찰가, 재할당 대상·비대상 차이로 가격 격차가 약 2배 벌어진 것”이라고 주장했다.이어 “주파수 대가는 재할당 시점의 경제적 가치를 기준으로 산정해야 한다”며 “최초 경매낙찰가가 재할당 대가 산정의 기준이 된다면, 통신사업자가 보다 높은 낙찰가를 지불하고서라도 주파수를 획득하려는 유인을 저해할 것”이라고 덧붙였다.LG유플러스 용산사옥 전경. [LG유플러스 제공]이에 LG유플러스는 ‘초기 투자 비용’ 등을 고려하지 않은 주장이라고 반발했다. 지난 2013년 2.6㎓ 최초 입찰 당시에는 ▷단말 지원 0대 ▷장비 생태계 미성숙 ▷LG유플러스 단독 입찰 등 요인이 고려된 대가 산정이라는 것이다.SKT가 입찰에 나선 2016년 단말 지원 100%, 장비 생태계 안정화 등 상황과는 확연히 달랐다는 설명이다.LG유플러스는 “주파수 재할당 대가는 당시 사업자가 시장 상황, 대역폭, 용도, 위험 요소 등을 고려해 응찰한 경제적 가치”라며 “전파법과 정부 재할당 기준도 ‘각 사업자가 마지막으로 확정받은 할당 대가를 기준으로 산정’토록 규정하고 있다”고 밝혔다.그러면서 “단일 장비로 묶어 운용이 가능한 SKT 60㎒폭과 LG유플러스의 40㎒폭은 구성·장비·투자 효율 구조 자체가 다르다”며 “SKT도 지난 2021년 재할당 당시 전파법에 따라 2.1㎓ LTE 주파수 대역을 ‘재재할당’받으며 동일한 원칙을 준수한 바 있다”고 했다."
https://n.news.naver.com/mnews/article/018/0006169190?sid=105,2025-11-21 09:33:13,IT/과학,LGU+ ‘알파키’ 대규모 업그레이드…노코드 자동화로 계정관리 혁신,"반복 업무 자동화하는 ‘워크플로우 스튜디오’ 도입계정·권한 관리 효율 강화외부 시스템 연결(API)로 보안·확장성 높여[이데일리 윤정훈 기자]LG유플러스(032640)는 통합 계정관리 솔루션 ‘알파키(AlphaKey)’에 워크플로우 스튜디오를 비롯한 신규 기능을 추가한다고 21일 밝혔다. 이번 업데이트는 기업이 사용하는 다양한 서비스형 소프트웨어(SaaS)와 클라우드 기반 업무 환경에서 직원 계정과 권한을 보다 쉽게 관리하고, 보안 수준을 강화하기 위한 목적이다.(사진=LG유플러스)알파키는 직원의 신원과 인사 정보를 기반으로 업무용 계정과 접근 권한을 자동으로 관리하는 LG유플러스의 ID 관리 서비스(IDaaS)다. 양자내성암호와 동형암호 기술을 적용해 보안을 강화했으며, 입·퇴사자 정보에 따라 권한을 자동 부여·회수해 관리 효율을 높인다.해외 IDaaS 솔루션들이 기능별로 세분화된 복잡한 요금제를 운영하는 것과 달리, 알파키는 단일 요금제로 싱글 사인온(SSO), 다중 인증(MFA), 계정 생명주기 관리, 감사리포트 등 핵심 기능을 모두 제공한다. 알파키의 기본 기능만으로도 기업의 계정 전반을 관리할 수 있고, 고객사의 운영 효율성과 보안성을 동시에 확보할 수 있다.이번에 추가되는 워크플로우 스튜디오 , 모바일 기기 관리 시스템(MDM; Mobile Device Management) 연동, API 연동 기능은 기업의 IT 운영을 ‘자동화·보안·통합 관리’ 방식으로 전환하는 핵심 기능이다. 이를 통해 반복 업무 부담을 줄이고 승인된 기기 중심의 보안을 구현하며, 다양한 SaaS와 사내 시스템을 하나의 흐름으로 연결하는 기반을 제공한다.이번 업데이트에서 가장 눈에 띄는 기능은 ‘워크플로우 스튜디오‘다. 코드 작성 없이 규칙만 설정하면 입사자 계정 생성, 부서별 프로그램 접근권한 설정, 장기 미접속 계정 정리 같은 반복 작업을 자동으로 처리한다. 기업 규모가 커질수록 기하급수적으로 늘어나는 계정 운영 업무의 관리 효율을 크게 높였다.알파키는 ’API 연동‘ 기능을 통해 기업의 IT 시스템 통합 환경을 지원한다. 기업이 운영하는 협업툴, ERP, HR SaaS 등 다양한 업무 시스템을 통합 관리하려면 시스템 간 연결이 필수적이다. API 연동 기능을 활용하면 업무 시스템에서 알파키의 계정 관리 기능을 직접 호출할 수 있다. 사용자 리스트 조회, 권한 부여, 계정 생성 등 알파키의 주요 기능이 A PI로 제공돼 기업이 주로 사용하는 통합 업무 시스템 안에서 알파키 기능을 실행할 수 있다.보안 강화를 위한 ‘MDM 연동 기능’도 추가한다. 원격근무와 개인기기 사용이 늘면서 기업 보안이 취약해지는 상황에 대응하기 위함이다. 회사에서 승인한 기기만 로그인할 수 있도록 제한할 수 있으며, 보안 패치가 적용되지 않은 기기나 등록되지 않은 개인 스마트폰·노트북은 접속 단계에서 자동 차단된다. LG유플러스는 “업무용 기기를 체계적으로 관리할 수 있어 내부 정보 유출 위험을 크게 낮출 수 있다”고 밝혔다.주엄개 LG유플러스 유선사업담당(상무)은 “알파키는 기업의 복잡한 계정과 보안 관리 체계를 자동화하고 표준화하기 위해 지속적으로 진화하고 있다”며 “특히 이번에 추가되는 노코드 기반의 워크플로우 스튜디오, API 연동, MDM 연동 기능은 운영 효율성과 보안 수준을 동시에 높이는 데 기여할 것“이라고 말했다."
https://n.news.naver.com/mnews/article/001/0015755237?sid=105,2025-11-21 09:39:15,IT/과학,"LGU+, 기업 계정관리 '알파키'에 자동화·보안 업데이트","[LG유플러스 제공. 재판매 및 DB 금지](서울=연합뉴스) 박형빈 기자 = LG유플러스는 통합 계정관리 솔루션 '알파키'에 다양한 업무 자동화 기능을 추가한다고 21일 밝혔다.알파키는 직원의 신원과 인사 정보를 기반으로 업무용 계정과 접근 권한을 자동으로 관리하는 LG유플러스의 ID 관리 서비스(IDaas)다.이번 업데이트로 도입된 '워크플로우 스튜디오'는 별도의 코딩 없이 규칙만 설정하면 입사자 계정 생성, 부서별 프로그램 접근권한 설정, 장기 미접속 계정 정리 등 반복 업무를 자동화할 수 있다.또한 API 연동 기능을 통해 기업의 기존 업무 시스템에서 알파키의 주요 기능을 직접 호출할 수 있다. 사용자 목록 조회, 권한 부여, 계정 생성 등 핵심 기능이 API 형태로 제공돼, 기업이 사용하는 통합 업무 시스템 내에서 알파키 기능을 바로 실행할 수 있다.아울러 승인된 기기만 로그인이 가능하도록 제한하고, 보안 패치가 적용되지 않았거나 미등록된 개인 스마트폰·노트북은 접속 단계에서 자동으로 차단하는 MDM(모바일기기관리) 연동 기능도 새로 추가됐다.binzz@yna.co.kr"
https://n.news.naver.com/mnews/article/011/0004558544?sid=105,2025-11-21 09:48:13,IT/과학,"LGU+ 알파키, 업무자동화 기능으로 계정관리 효율 높인다","반복 업무 자동화 신규 기능 도입계정·권한 관리 효율 강화LG유플러스 직원들이 워크플로우 스튜디오 등 알파키의 주요 기능을 소개하고 있다. 사진제공=LG유플러스[서울경제]LG유플러스(032640)는 통합 계정관리 솔루션 ‘알파키(AlphaKey)’에 워크플로우 스튜디오를 비롯한 신규 기능을 추가한다고 21일 밝혔다. 이번 업데이트는 기업이 사용하는 다양한 서비스형 소프트웨어(SaaS)와 클라우드 기반 업무 환경에서 직원 계정과 권한을 보다 쉽게 관리하고 보안 수준을 강화하기 위한 목적이다.알파키는 직원의 신원과 인사 정보를 기반으로 업무용 계정과 접근 권한을 자동으로 관리하는 LG유플러스의 ID 관리 서비스(IDaaS)다. 양자내성암호와 동형암호 기술을 적용해 보안을 강화했으며 입·퇴사자 정보에 따라 권한을 자동 부여·회수해 관리 효율을 높인다.알파키는 단일 요금제로 싱글 사인온(SSO), 다중 인증(MFA), 계정 생명주기 관리, 감사리포트 등 핵심 기능을 모두 제공한다. 기본 기능만으로도 기업의 계정 전반을 관리할 수 있으며 고객사의 운영 효율성과 보안성을 동시에 확보할 수 있다.이번에 추가되는 기능은 기업의 정보기술(IT) 운영을 ‘자동화·보안·통합 관리’ 방식으로 전환하는 핵심 기능이다. 이를 통해 반복 업무 부담을 줄이고 승인된 기기 중심의 보안을 구현하며 다양한 SaaS와 사내 시스템을 하나의 흐름으로 연결하는 기반을 제공한다. 특히 워크플로우 스튜디오는 코드 작성 없이 규칙만 설정하면 입사자 계정 생성, 부서별 프로그램 접근권한 설정, 장기 미접속 계정 정리 같은 반복 작업을 자동으로 처리한다. 회사에서 승인한 기기만 로그인할 수 있도록 하는 MDM 연동 기능도 추가됐다.주엄개 LG유플러스 유선사업담당(상무)은 “알파키는 기업의 복잡한 계정과 보안 관리 체계를 자동화하고 표준화하기 위해 지속적으로 진화하고 있다”며 “특히 이번에 추가되는 노코드 기반의 워크플로우 스튜디오, API 연동, MDM 연동 기능은 운영 효율성과 보안 수준을 동시에 높이는 데 기여할 것""이라고 말했다."
https://n.news.naver.com/mnews/article/014/0005437948?sid=105,2025-11-21 09:50:08,IT/과학,"""반복 업무 자동화"" LG U+ '알파키' 쓰니 계정 관리 효율 '쑥'","LG유플러스 직원들이 워크플로우 스튜디오 등 알파키의 주요 기능을 소개하고 있다. LG유플러스 제공[파이낸셜뉴스] LG유플러스는 통합 계정관리 솔루션 ‘알파키’에 워크플로우 스튜디오를 비롯한 신규 기능을 추가한다고 21일 밝혔다.이번 업데이트는 기업이 사용하는 다양한 서비스형 소프트웨어(SaaS)와 클라우드 기반 업무 환경에서 직원 계정과 권한을 보다 쉽게 관리하고, 보안 수준을 강화하기 위한 목적이다.알파키는 직원의 신원과 인사 정보를 기반으로 업무용 계정과 접근 권한을 자동으로 관리하는 LG유플러스의 ID 관리 서비스(IDaaS)다. 양자내성암호와 동형암호 기술을 적용해 보안을 강화했다. 입·퇴사자 정보에 따라 권한을 자동 부여·회수해 관리 효율을 높인다.해외 IDaaS 솔루션들이 기능별로 세분화된 복잡한 요금제를 운영하는 것과 달리 알파키는 단일 요금제로 싱글 사인온(SSO), 다중 인증(MFA), 계정 생명주기 관리, 감사리포트 등 핵심 기능을 모두 제공한다. 알파키의 기본 기능만으로도 기업의 계정 전반을 관리할 수 있고, 고객사의 운영 효율성과 보안성을 동시에 확보할 수 있다.특히 이번에 추가되는 워크플로우 스튜디오, 모바일 기기 관리 시스템(MDM) 연동, 응용 프로그램 인터페이스(API) 연동 기능은 기업의 정보기술(IT) 운영을 ‘자동화·보안·통합 관리’ 방식으로 전환하는 핵심 기능이다. 이를 통해 반복 업무 부담을 줄이고 승인된 기기 중심의 보안을 구현하며, 다양한 SaaS와 사내 시스템을 하나의 흐름으로 연결하는 기반을 제공한다.이번 업데이트에서 가장 눈에 띄는 기능은 ‘워크플로우 스튜디오'다. 코드 작성 없이 규칙만 설정하면 입사자 계정 생성, 부서별 프로그램 접근권한 설정, 장기 미접속 계정 정리 같은 반복 작업을 자동으로 처리한다. 기업 규모가 커질수록 기하급수적으로 늘어나는 계정 운영 업무의 관리 효율을 크게 높였다.알파키는 'API 연동' 기능을 통해 기업의 IT 시스템 통합 환경을 지원한다. 기업이 운영하는 협업툴, 전사적자원관리(ERP), HR SaaS 등 다양한 업무 시스템을 통합 관리하려면 시스템 간 연결이 필수적이다. API 연동 기능을 활용하면 업무 시스템에서 알파키의 계정 관리 기능을 직접 호출할 수 있다. 사용자 리스트 조회, 권한 부여, 계정 생성 등 알파키의 주요 기능이 API로 제공돼 기업이 주로 사용하는 통합 업무 시스템 안에서 알파키 기능을 실행할 수 있다.보안 강화를 위한 ‘모바일 디바이스 관리(MDM) 연동 기능’도 추가한다. 원격근무와 개인기기 사용이 늘면서 기업 보안이 취약해지는 상황에 대응하기 위함이다. 회사에서 승인한 기기만 로그인할 수 있도록 제한할 수 있으며, 보안 패치가 적용되지 않은 기기나 등록되지 않은 개인 스마트폰·노트북은 접속 단계에서 자동 차단된다. LG유플러스는 “업무용 기기를 체계적으로 관리할 수 있어 내부 정보 유출 위험을 크게 낮출 수 있다”고 밝혔다.주엄개 LG유플러스 유선사업담당(상무)은 “알파키는 기업의 복잡한 계정과 보안 관리 체계를 자동화하고 표준화하기 위해 지속적으로 진화하고 있다”며 “특히 이번에 추가되는 노코드 기반의 워크플로우 스튜디오, API 연동, MDM 연동 기능은 운영 효율성과 보안 수준을 동시에 높이는 데 기여할 것""이라고 말했다."
https://n.news.naver.com/mnews/article/215/0001231787?sid=101,2025-11-21 10:02:21,경제,"LGU+, 기업 계정관리 '알파키'에 자동화·보안 업데이트","LG유플러스는 통합 계정관리 솔루션 '알파키'에 다양한 업무 자동화 기능을 추가한다고 21일 밝혔다.알파키는 직원의 신원과 인사 정보를 기반으로 업무용 계정과 접근 권한을 자동으로 관리하는 LG유플러스의 ID 관리 서비스(IDaaS)다.알파키는 단일 요금제로 싱글 사인온(SSO), 다중 인증(MFA), 계정 생명주기 관리, 감사리포트 등 핵심 기능을 모두 제공한다.특히 이번에 추가되는 워크플로우 스튜디오, 모바일 기기 관리 시스템(MDM) 연동, API 연동 기능은 기업의 IT 운영을 '자동화·보안·통합 관리' 방식으로 전환하는 핵심 기능이다.이를 통해 반복 업무 부담을 줄이고 승인된 기기 중심의 보안을 구현하며, 다양한 서비스형 소프트웨어(SaaS)와 사내 시스템을 하나의 흐름으로 연결하는 기반을 제공한다.워크플로우 스튜디오는 코드 작성 없이 규칙만 설정하면 입사자 계정 생성, 부서별 프로그램 접근권한 설정, 장기 미접속 계정 정리 등 반복 업무를 자동화할 수 있다.API 연동 기능은 기업의 IT 시스템 통합 환경을 지원한다. 사용자 리스트 조회, 권한 부여, 계정 생성 등 알파키의 주요 기능이 API로 제공돼 기업이 주로 사용하는 통합 업무 시스템 안에서 알파키 기능을 실행할 수 있다.보안 강화를 위한 MDM 연동 기능도 추가한다. 회사에서 승인한 기기만 로그인할 수 있도록 제한할 수 있으며, 보안 패치가 적용되지 않은 기기나 등록되지 않은 개인 스마트폰·노트북은 접속 단계에서 자동 차단된다.LG유플러스는 ""이번 업데이트는 기업이 사용하는 다양한 SaaS와 클라우드 기반 업무 환경에서 직원 계정과 권한을 쉽게 관리하고, 보안 수준을 강화하기 위한 목적""이라고 밝혔다."
https://n.news.naver.com/mnews/article/016/0002561166?sid=105,2025-11-21 11:16:15,IT/과학,LGU+ ‘알파키’ 직원관리·보안 강화,"워크플로우 스튜디오 등 기능 추가양자내성·동형암호 기술 보안 강화LG유플러스 직원들이 워크플로우 스튜디오 등 알파키의 주요 기능을 사용해 업무를 하고 있다. [LG유플러스 제공]LG유플러스는 통합 계정관리 솔루션 ‘알파키(AlphaKey)’에 워크플로우 스튜디오를 비롯한 신규 기능을 추가한다고 21일 밝혔다. 이번 업데이트로 기업이 사용하는 다양한 서비스형 소프트웨어(SaaS)와 클라우드 기반 업무 환경에서 직원 계정과 권한을 보다 쉽게 관리하고, 보안 수준을 강화할 수 있게 됐다.알파키는 직원의 신원과 인사 정보를 기반으로 업무용 계정과 접근 권한을 자동으로 관리하는 LG유플러스의 ID 관리 서비스(IDaaS)다. 양자내성암호와 동형암호 기술을 적용해 보안을 강화했으며, 입·퇴사자 정보에 따라 권한을 자동 부여·회수해 관리 효율을 높인다.해외 IDaaS 솔루션들이 기능별로 세분화된 복잡한 요금제를 운영하는 것과 달리, 알파키는 단일 요금제로 싱글 사인온(SSO), 다중 인증(MFA), 계정 생명주기 관리, 감사리포트 등 핵심 기능을 모두 제공한다. LG유플러스는 알파키의 기본 기능만으로도 기업의 계정 전반을 관리할 수 있고, 고객사의 운영 효율성과 보안성을 동시에 확보할 수 있다고 강조했다.특히 이번에 추가되는 워크플로우 스튜디오, 모바일 기기 관리 시스템(Mobile Device Management·MDM) 연동, API 연동 기능은 기업의 IT 운영을 ‘자동화·보안·통합 관리’ 방식으로 전환할 것으로 기대된다. 반복 업무 부담을 줄이고 승인된 기기 중심의 보안을 구현하며, 다양한 SaaS와 사내 시스템을 하나의 흐름으로 연결하는 기반을 제공한다.워크플로우 스튜디오는 코드 작성 없이 규칙만 설정하면 입사자 계정 생성, 부서별 프로그램 접근권한 설정, 장기 미접속 계정 정리 같은 반복 작업을 자동으로 처리한다. 기업 규모가 커질수록 기하급수적으로 늘어나는 계정 운영 업무의 관리 효율을 크게 높였다.알파키는 ‘API 연동’ 기능을 통해 기업의 IT 시스템 통합 환경을 지원한다. API 연동 기능을 활용하면 다양한 업무 시스템에서 알파키의 계정 관리 기능을 직접 호출할 수 있다. 사용자 리스트 조회, 권한 부여, 계정 생성 등 알파키의 주요 기능이 API로 제공돼 기업이 주로 사용하는 통합 업무 시스템 안에서 알파키 기능을 실행할 수 있다.보안 강화를 위한 ‘MDM 연동 기능’도 추가한다. 원격근무와 개인기기 사용이 늘면서 기업 보안이 취약해지는 상황에 대응하기 위함이다. 회사에서 승인한 기기만 로그인할 수 있도록 제한할 수 있으며, 보안 패치가 적용되지 않은 기기나 등록되지 않은 개인 스마트폰·노트북은 접속 단계에서 자동 차단된다.주엄개 LG유플러스 유선사업담당 상무는 “알파키는 기업의 복잡한 계정과 보안 관리 체계를 자동화하고 표준화하기 위해 지속적으로 진화하고 있다”며 “특히 이번에 추가되는 노코드 기반의 워크플로우 스튜디오, API 연동, MDM 연동 기능은 운영 효율성과 보안 수준을 동시에 높이는 데 기여할 것“이라고 말했다.권제인 기자"
https://n.news.naver.com/mnews/article/016/0002561172?sid=105,2025-11-21 11:17:20,IT/과학,"SKT·LGU+,  2.6㎓ 대역 재할당 ‘가격 신경전’","주파수 사용 양사 부담금 ‘두 배’SKT “사실상 동일…특정업체 봐주기”LGU+ “경제적 가치 상이” 주장이동통신 3사 로고가 있는 서울시내 한 휴대폰 매장 앞 모습 [헤럴드경제DB]내년 이용 기한이 만료되는 3G·LTE 주파수 재할당을 놓고 통신사들의 신경전이 치열해지고 있다. 같은 2.6㎓ 대역을 사용하는 SK텔레콤과 LG유플러스가 주파수 사용 ‘가격’을 놓고 정면 충돌했다. 같은 대역을 사용하면서도 양사가 부담하는 금액이 ‘두 배’ 가까이 차이가 나는 것이 배경이다.SKT는 동일 가치를 지닌 주파수임에도 가격 차이가 나는 것은 “특정 사업자 봐주기”라고 주장했다. 이에 LG유플러스는 초기 투자 비용 등을 고려치 않았을 뿐만 아니라 “주파수 경매제도를 부정한 것”이라며 즉각 반박했다.주파수 재할당에는 수천억원에서 수조원이 달하는 막대한 비용이 지출되는 만큼, 주파수 대가 산정 기준을 놓고 잡음이 계속될 것으로 보인다.21일 업계에 따르면 과학기술정보통신부는 이달 말 공청회 등을 통해 연내 주파수 재할당 대가 산정 기준 마련에 나선다. 재할당 대상은 800㎒·900㎒·1.8㎓·2.1㎓·2.6㎓ 대역 등이다. 이 중 2.6㎓ 대역 100㎒폭 가격을 놓고 SKT와 LG유플러스가 부딪쳤다. SKT와 LG유플러스는 각각 60㎒폭, 40㎒폭 등을 LTE 용도로 사용 중이다.SKT는 지난 2016년 해당 대역 낙찰을 받기 위해 1조2777억원(이용 기간 10년)을 투입했다. 이보다 앞선 2013년(최초 할당) 경매에서 LG유플러스는 4788억원(8년), 2021년(재할당)에는 27.5% 할인율이 적용된 2169억원(5년) 등 총 6957억원을 썼다.SKT는 2.6㎓ 대역 내 사실상 동일한 가치를 지닌 주파수임에도 불구하고 가격 차이가 두 배 가까이 난다고 주장했다. 주파수 재할당 시에는 현재의 경제적 가치를 기준으로 가격을 산정해야 한다는 입장이다.SKT는 “정부는 재할당에서 ‘동일 대역=동일 대가’ 원칙을 적용해 왔고, 이는 유지돼야 한다”며 “유사한 가치를 지닌 주파수라고 판단했음에도, 최초 할당 시 낙찰가, 재할당 대상·비대상 차이로 가격 격차가 약 2배 벌어진 것”이라고 주장했다.이어 “주파수 대가는 재할당 시점의 경제적 가치를 기준으로 산정해야 한다”며 “최초 경매낙찰가가 재할당 대가 산정의 기준이 된다면, 통신사업자가 보다 높은 낙찰가를 지불하고서라도 주파수를 획득하려는 유인을 저해할 것”이라고 덧붙였다.이에 LG유플러스는 ‘초기 투자 비용’ 등을 고려하지 않은 주장이라고 반발했다. 지난 2013년 2.6㎓ 최초 입찰 당시에는 ▷단말 지원 0대 ▷장비 생태계 미성숙 ▷LG유플러스 단독 입찰 등 요인이 고려된 대가 산정이라는 것이다.LG유플러스는 “주파수 재할당 대가는 당시 사업자가 시장 상황, 대역폭, 용도, 위험 요소 등을 고려해 응찰한 경제적 가치”라며 “전파법과 정부 재할당 기준도 ‘각 사업자가 마지막으로 확정받은 할당 대가를 기준으로 산정’토록 규정하고 있다”고 밝혔다.그러면서 “단일 장비로 묶어 운용이 가능한 SKT 60㎒폭과 LG유플러스의 40㎒폭은 구성·장비·투자 효율 구조 자체가 다르다”며 “SKT도 지난 2021년 재할당 당시 전파법에 따라 2.1㎓ LTE 주파수 대역을 ‘재재할당’받으며 동일한 원칙을 준수한 바 있다”고 했다. 고재우 기자"
https://n.news.naver.com/mnews/article/138/0002210293?sid=105,2025-11-21 11:29:08,IT/과학,"LGU+ 알파키, 코드 필요없는 '업무자동화 기능' 적용","[사진=LG유플러스][디지털데일리 강소현기자] LG유플러스는 통합 계정관리 솔루션 ‘알파키(AlphaKey)’에 워크플로우 스튜디오를 비롯한 신규 기능을 추가한다고 21일 밝혔다.알파키는 직원의 신원과 인사 정보를 기반으로 업무용 계정과 접근 권한을 자동 관리하는 LG유플러스의 ID 관리 서비스(IDaaS)다. 양자내성암호(PQC)와 동형암호 기술을 적용해 보안을 강화했으며, 입·퇴사자 정보에 따라 권한을 자동 부여·회수해 관리 효율을 높였다.이번 업데이트는 기업이 사용하는 다양한 서비스형 소프트웨어(SaaS)와 클라우드 기반 업무 환경에서 직원 계정과 권한을 보다 쉽게 관리하고, 보안 수준을 강화하기 위해 이뤄졌다.추가된 핵심 기능은 ‘워크플로우 스튜디오'다. 코드 작성 없이 규칙만 설정하면 자동으로 입사자 계정을 생성하고 부서별 프로그램 접근권한을 설정하며, 장기 미접속 계정도 정리한다. 기업 규모가 커질수록 기하급수적으로 늘어나는 계정 운영 업무의 관리 효율을 크게 높인 것이 특징이다.아울러 알파키는 'API 연동' 기능을 통해 기업의 IT 시스템 통합 환경을 지원한다. 기업이 운영하는 다양한 업무 시스템을 통합 관리하려면 시스템 간 연결이 필수적인데, API 연동 기능을 활용하면 업무 시스템에서 알파키의 계정 관리 기능을 직접 호출할 수 있다.보안 강화를 위한 ‘MDM 연동 기능’도 추가됐다. 원격근무와 개인기기 사용이 늘면서 기업 보안이 취약해지는 상황에 대응하기 위함이다.회사에서 승인한 기기만 로그인할 수 있도록 제한할 수 있으며, 보안 패치가 적용되지 않은 기기나 등록되지 않은 개인 스마트폰·노트북은 접속 단계에서 자동 차단된다.주엄개 LG유플러스 유선사업담당(상무)은 “알파키는 기업의 복잡한 계정과 보안 관리 체계를 자동화하고 표준화하기 위해 지속적으로 진화하고 있다”며 “특히 이번에 추가되는 노코드 기반의 기능들은 기업의 운영 효율성과 보안 수준을 동시에 높이는 데 기여할 것""이라고 말했다."
https://n.news.naver.com/mnews/article/030/0003372777?sid=105,2025-11-21 12:38:12,IT/과학,"LGU+ '알파키', 업무자동화 기능 도입","LG유플러스 직원들이 워크플로우 스튜디오 등 알파키의 주요 기능을 소개하고 있는 모습.LG유플러스는 통합 계정관리 솔루션 '알파키(AlphaKey)'에 워크플로우 스튜디오를 비롯한 신규 기능을 추가한다고 21일 밝혔다. 이번 업데이트는 기업이 사용하는 다양한 서비스형 소프트웨어(SaaS)와 클라우드 기반 업무 환경에서 직원 계정과 권한을 보다 쉽게 관리하고, 보안 수준을 강화하기 위한 목적이다.알파키는 직원의 신원과 인사 정보를 기반으로 업무용 계정과 접근 권한을 자동으로 관리하는 LG유플러스의 ID 관리 서비스(IDaaS)다. 양자내성암호와 동형암호 기술을 적용해 보안을 강화했으며, 입·퇴사자 정보에 따라 권한을 자동 부여·회수해 관리 효율을 높인다.알파키는 단일 요금제로 싱글 사인온(SSO), 다중 인증(MFA), 계정 생명주기 관리, 감사리포트 등 핵심 기능을 모두 제공한다. 알파키의 기본 기능만으로도 기업의 계정 전반을 관리할 수 있고, 고객사의 운영 효율성과 보안성을 동시에 확보할 수 있다.이번에 추가되는 워크플로우 스튜디오, 모바일 기기 관리 시스템(MDM) 연동, API 연동 기능은 기업의 IT 운영을 '자동화·보안·통합 관리' 방식으로 전환하는 핵심 기능이다. 이를 통해 반복 업무 부담을 줄이고 승인된 기기 중심의 보안을 구현하며, 다양한 SaaS와 사내 시스템을 하나의 흐름으로 연결하는 기반을 제공한다.이번 업데이트에서 가장 눈에 띄는 기능은 '워크플로우 스튜디오'다. 코드 작성 없이 규칙만 설정하면 입사자 계정 생성, 부서별 프로그램 접근권한 설정, 장기 미접속 계정 정리 같은 반복 작업을 자동으로 처리한다. 기업 규모가 커질수록 기하급수적으로 늘어나는 계정 운영 업무의 관리 효율을 크게 높였다.알파키는 'API 연동' 기능을 통해 기업의 IT 시스템 통합 환경을 지원한다. 기업이 운영하는 협업툴, ERP, HR SaaS 등 다양한 업무 시스템을 통합 관리하려면 시스템 간 연결이 필수적이다. API 연동 기능을 활용하면 업무 시스템에서 알파키의 계정 관리 기능을 직접 호출할 수 있다. 사용자 리스트 조회, 권한 부여, 계정 생성 등 알파키의 주요 기능이 API로 제공돼 기업이 주로 사용하는 통합 업무 시스템 안에서 알파키 기능을 실행할 수 있다.보안 강화를 위한 'MDM 연동 기능'도 추가한다. 원격근무와 개인기기 사용이 늘면서 기업 보안이 취약해지는 상황에 대응하기 위함이다. 회사에서 승인한 기기만 로그인할 수 있도록 제한할 수 있으며, 보안 패치가 적용되지 않은 기기나 등록되지 않은 개인 스마트폰·노트북은 접속 단계에서 자동 차단된다. LG유플러스는 “업무용 기기를 체계적으로 관리할 수 있어 내부 정보 유출 위험을 크게 낮출 수 있다”고 밝혔다.주엄개 LG유플러스 유선사업담당(상무)은 “알파키는 기업의 복잡한 계정과 보안 관리 체계를 자동화하고 표준화하기 위해 지속적으로 진화하고 있다”며 “특히 이번에 추가되는 노코드 기반의 워크플로우 스튜디오, API 연동, MDM 연동 기능은 운영 효율성과 보안 수준을 동시에 높이는 데 기여할 것“이라고 말했다."
https://n.news.naver.com/mnews/article/293/0000075394?sid=105,2025-11-21 16:27:08,IT/과학,3G·LTE 주파수 재할당 가격 두고 SKT·LGU+ 동상이몽,"5G 기지국 /사진= 픽사베이 갈무리내년 이용기한이 만료되는 3G·LTE 주파수 재할당을 두고 SK텔레콤(SKT)과 LG유플러스가 서로 다른 주장을 내놓았다. 두 회사 모두 2.6㎓ 대역 주파수를 정부에서 낙찰받아 사용 중인데 SKT가 더 비싼 가격을 지불하면서다. SKT는 과거 주파수 대가가 LG유플러스에게 유리하게 산정됐으며, 향후 예정된 재할당에선 사업자 간 차별이 없어야 한다는 주장이다. LG유플러스는 과거 주파수 경매가 합리적인 절차로 진행됐다고 맞섰다.21일 정보통신기술(ICT) 업계에 따르면 과학기술정보통신부는 이달 중 주파수 370㎒ 폭 재할당 공개 설명회를 개최할 예정이다. 향후 3G·LTE 시장 상황에 따라 가격 산정을 포함한 재할당 방침을 마련한다.주파수는 희소한 국가 자원이기 때문에 과기정통부가 전파법에 따라 배분한다. 또 여러 통신사가 무작위로 주파수를 사용하면 전파 간 혼섭으로 통신 품질이 떨어져 정부의 중재가 필요하다. 이에 따라 SKT, KT, LG유플러스 등 통신사업자는 수천억원 규모 비용을 지불하고 주파수 경매에 참여해야 한다.재할당 대상은 내년 6월, 12월에 사용 기한이 만료되는 3G·LTE 주파수다. SK텔레콤 155㎒, KT 115㎒, LG유플러스 100㎒ 등 총 370㎒ 규모다. 화두로 떠오른 주파수는 SKT와 LG유플러스가 각각 보유한 60㎒, 40㎒ 폭이다.SKT는 2016년 주파수 경매에서 2.6㎓ 40㎒ 폭을 9500억원, 20㎒ 폭을 3277억원에 낙찰받았다. 총 1조2777억원을 정부에 내고 10년 동안 이용 중이다. LG유플러스는 2013년 경매에서 26㎓ 40㎒ 폭을 4788억원에 단독 입찰로 낙찰받았다. 이후 2021년 재할당 받을 때 기존 대가에서 27.5%를 추가로 할인 받아 2026년까지 사용 비용 2169억원을 추가로 더 낸 것으로 추정된다. SKT는 LG유플러스가 자사 대비 51~70% 수준으로 저렴한 비용을 냈다고 반발했다.‘21년 재할당대가는 최초 할당대가 단가 대비 27.5% 인하 적용한 추산치 /표= 윤상은 기자LG유플러스가 2021년에 산정 대가를 할인받은 이유는 당시 정부의 재할당 정책 때문이다. 정부는 세계 최초로 5G 상용화를 성공한 뒤 통신사가 5G 무선 기지국 12만개를 구축하면 주파수 할인율 27.5%를 적용했다. 재할당 대가 기준은 과거 경매 가격으로 기준값을 설정했다. 통신 3사 5G 무선 기지국 수를 공격적으로 늘리던 때였지만, LG유플러스만 재할당 시기가 겹쳐 할인을 적용받았다. 만약 향후 재할당에서도 과거 낙찰가를 기준값으로 경매를 진행하면 사업자 간 가격 차이가 지속될 가능성이 높다.이를 두고 SKT 관계자는 ""사업자 간 형평성이 있어야 한다""고 지적했다. 이어서 LG유플러스가 주파수 경매 때마다 정부의 지원으로 이득을 봤다고 주장했다. 대표적으로 2011년 2.1㎓ 대역 주파수를 할당할 때 정부는 20㎒ 폭 주파수를 LG유플러스 단독 입찰로 진행했다. LG유플러스는 출혈 경쟁 없이 최저가인 4455억원에 낙찰받았다. 당시 정부가 통신 시장 경쟁 활성화를 위해 후발주자였던 LG유플러스를 지원한 사례다. LG유플러스는 주파수 부담 비용을 줄여 무선 서비스 가격 경쟁력을 높일 수 있었다. 현재 LG유플러스는 시장 2위 자리를 넘볼 정도로 성장했기 때문에 더 이상 정책적 지원을 받으면 안 된다는 것이 SKT 입장이다.LG유플러스는 쟁점이 된 2.6㎓ 대역 주파수를 할당받을 때 전혀 특혜를 받지 않았다고 반박했다. LG유플러스 관계자는 ""2013년 정부는 LG유플러스 단독 입찰을 진행하지 않았고, SKT는 자체 결정으로 경매에 참여하지 않았던 것""이라며 당시 경쟁 상황을 설명했다. 이어 ""2021년 재할당 때도 특혜가 아닌 정부 정책 요건을 맞춰 할인을 적용받았으며, SKT도 애초에 10년 단위로 낙찰받지 않고 재할당에 참여했으면 할인 받았을 것""이라고 말했다. 정부 지원이 아닌 합리적인 절차에 따라 주파수 대가가 산정됐다는 뜻이다.정부는 내년 주파수 재할당 방침을 세울 때 시장 상황과 사업자 의견을 청취할 계획이다. 과기정통부 관계자는 ""3G·LTE가 향후 5년, 10년 뒤에 어떤 가치를 지닐지 고려해서 가격을 결정할 것""이라며 ""정부는 자의적 판단을 내리지 않고 전파법 시행령에 따라 대가를 산정한다""고 강조했다."
https://n.news.naver.com/mnews/article/092/0002399430?sid=105,2025-11-21 16:47:10,IT/과학,"LGU+, ‘알파키’에 신규 기능 추가…운영 효율성 강화","‘자동화·보안·통합 관리’ 기반 핵심 기능 도입LG유플러스는 통합 계정관리 솔루션 ‘알파키’에 워크플로우 스튜디오를 비롯한 신규 기능을 추가한다고 21일 밝혔다.이번 업데이트는 기업이 사용하는 다양한 서비스형 소프트웨어(SaaS)와 클라우드 기반 업무 환경에서 직원 계정과 권한을 보다 쉽게 관리하고, 보안 수준을 강화하기 위한 목적이다.알파키는 직원의 신원과 인사 정보를 기반으로 업무용 계정과 접근 권한을 자동으로 관리하는 LG유플러스의 ID 관리 서비스(IDaaS)다. 양자내성암호와 동형암호 기술을 적용해 보안을 강화했으며, 입·퇴사자 정보에 따라 권한을 자동 부여·회수해 관리 효율을 높인다.LG유플러스가 통합 계정관리 솔루션 '알파키'에 업무자동화 기능을 비롯한 새로운 기능을 도입한다. (제공=LG유플러스)이번에 추가되는 ▲워크플로우 스튜디오 ▲모바일 기기 관리 시스템(MDM) 연동 ▲애플리케이션 프로그래밍 인터페이스(API) 연동 기능은 기업의 IT 운영을 ‘자동화·보안·통합 관리’ 방식으로 전환하는 핵심 기능이다. 이를 통해 반복 업무 부담을 줄이고 승인된 기기 중심의 보안을 구현하며, 다양한 SaaS와 사내 시스템을 하나의 흐름으로 연결하는 기반을 제공한다.이번 업데이트에서 가장 눈에 띄는 기능은 ‘워크플로우 스튜디오'다. 코드 작성 없이 규칙만 설정하면 ▲입사자 계정 생성 ▲부서별 프로그램 접근권한 설정 ▲장기 미접속 계정 정리 같은 반복 작업을 자동으로 처리한다. 기업 규모가 커질수록 기하급수적으로 늘어나는 계정 운영 업무의 관리 효율을 크게 높였다.알파키는 'API 연동' 기능을 통해 기업의 IT 시스템 통합 환경을 지원한다. 이 기능을 활용하면 업무 시스템에서 알파키의 계정 관리 기능을 직접 호출할 수 있다.보안 강화를 위한 ‘MDM 연동 기능’도 추가한다. 원격근무와 개인기기 사용이 늘면서 기업 보안이 취약해지는 상황에 대응하기 위함이다. 회사에서 승인한 기기만 로그인할 수 있도록 제한할 수 있으며, 보안 패치가 적용되지 않은 기기나 등록되지 않은 개인 스마트폰·노트북은 접속 단계에서 자동 차단된다.LG유플러스는 “업무용 기기를 체계적으로 관리할 수 있어 내부 정보 유출 위험을 크게 낮출 수 있다”고 밝혔다.주엄개 LG유플러스 유선사업담당은 “알파키는 기업의 복잡한 계정과 보안 관리 체계를 자동화하고 표준화하기 위해 지속적으로 진화하고 있다”며 “특히 이번에 추가되는 노코드 기반의 워크플로우 스튜디오, API 연동, MDM 연동 기능은 운영 효율성과 보안 수준을 동시에 높이는 데 기여할 것""이라고 말했다."
https://n.news.naver.com/mnews/article/018/0006169533?sid=105,2025-11-21 17:33:09,IT/과학,"“2.6㎓ 주파수, 왜 SKT 가격은 2배?”…불 붙은 가격 논쟁","주파수 재할당 기준 입장차…원칙이냐 현재 가치냐SKT ""LTE 가치 하락…현시점 재평가해야""LGU+ ""경매 원칙 훼손…과거 낙찰가 기준 타당""과기정통부 ""통신사 의견 고려해 합리적 결정""[이데일리 윤정훈 기자] 내년 이용 기간 만료를 앞둔 3G·LTE 주파수 재할당을 두고 SK텔레콤(017670)과 LG유플러스(032640)가 대가 산정 방식에 대한 의견이 첨예하게 갈리고 있다. SKT는 현재 시점의 경제적 가치로 재평가를 주장하고, LGU+는 원칙에 근거해 최근 확정된 할당 대가를 기준으로 산정해야 한다고 맞서고 있다.21일 통신업계에 따르면 과학기술정보통신부는 차주 공청회를 열고 연내 주파수 재할당 대가 산정 기준 마련에 나설 예정이다. 총 370메가헤르츠(MHz)로 3G(20MHz), LTE(350MHz) 등이 대상이다. 이중 2.6㎓ 대역 100㎒폭 경매를 두고 SKT와 LGU+가 부딪치고 있다.주파수 대가는 이통사가 공공자원인 전파를 빌리는 대가로 내는 임대료 성격이다. 최초 할당 시에는 경매로 가격이 결정되지만, 이용 기간 만료 후 재할당 시에는 정부가 산정 기준을 정한다.서울의 한 SKT대리점(사진=뉴스1)SKT “현재 가치” vs LGU+ “제도 일관성 지켜야”이번 갈등은 양사가 해당 대역을 확보할 때 지불했던 가격의 차이에서 비롯됐다. SKT는 2016년 경매에서 2.6㎓ 60㎒ 폭을 1조 2777억원(10년)에 낙찰받았다. 반면 LGU+는 2013년 경매에서 40Mhz를 4788억(8년)에 할당받은 후 2021년 재할당 당시에는 27.5% 할인율이 적용된 2169억원(5년)에 낙찰받았다. 2.6GHz 주파수 대가를 연간 기준으로 단순 비교하면 SKT는 MHz 당 연간 21억3000만원을 부담했고, LGU+는 MHz 당 연간 약 10억8000만원을 부담했다. 같은 대역을 사용함에도 금액 부담이 두 배 가까이 차이 나는 상황이다.SKT는 같은 주파수 대역임에도 자사만 두 배 수준의 대가를 부담하는 것은 ‘동일상품 동일 가격’에 맞지 않다고 주장한다. 이에 재할당 대가가 LGU+ 수준으로 낮아져야 한다는 입장이다.SKT는 주장의 근거로 전파법 제11조 제3항을 들고 있다. 11조 3항에는 주파수 할당 대가는 할당을 받아 경영하는 사업에서 예상되는 매출액, 할당 대상 주파수 및 대역폭 등 주파수의 경제적 가치를 고려하여 산정한다고 명기돼 있다.SKT는 5G 전환이 가속화되는 현시점에 LTE 주파수 재할당은 10여 년 전의 경매 결과보다는 현재 시점의 실질적인 경제적 가치를 반영하여 대가를 산정하는 것이 합리적이라고 강조한다.이에 대해 LGU+는 경매 제도의 원칙과 투자 안정성을 강조하며 반박하고 있다.LGU+은 “과거에 스스로 결정한 가격 기준을 부정하고 재할당 시점에서 임의 변경해달라는 요구는 제도 운영의 안정성을 저해한다”며 “각 통신사가 보유한 주파수의 가격은 경매 당시 시장 상황과 대역폭, 재할당 대가를 종합적으로 고려해 스스로 판단하고 응찰한 경제적 가치이며, 이를 재할당 시점에서만 변경해 달라는 요구는 제도 일관성과 투자 안정성에 부합하지 않는다”고 맞받아쳤다.이어 “SKT가 보유한 2.6GHz 대역 60MHz 폭 ‘초광대역’ 주파수는 단일 장비로 운용이 가능해 경제적 가치가 다르다”며 “전파법상 동일한 대역이라 하더라도 용도·폭·보유 시점이 다르면 동일 용도로 보기 어렵다”고 했다.2026년 계약 종료되는 주파수(자료=과기정통부)정부 “AI 투자 인센티브 연계 곤란…합리적 결정할 것”주무 부처인 과기정통부는 신중한 입장이다. 일각에서 제안하는 ‘인공지능(AI) 및 데이터센터 투자’에 따른 주파수 경매 인센티브에 대해서는 선을 그었다.과기정통부 관계자는 “2021년 재할당 당시 할인을 적용한 논리는 5G 무선국을 많이 구축할수록 LTE 이용자가 5G로 이동해 LTE 주파수의 가치가 떨어진다는 점을 반영한 것”이라며 “데이터센터 등 AI 관련 투자를 주파수 대가와 연계해 인센티브를 주기는 어렵고, 이는 세액 감면 등 별도의 정부 차원에서 논의해야 할 사안”이라고 밝혔다.이어 “사업자들의 의견을 매주 청취하고 있다”며 “양사의 입장을 충분히 고려해 합리적인 결정을 내릴 것”이라고 말했다.전문가들은 과거 경매가에 얽매이기보다 ‘현재 가치’를 반영하되, 이를 5G 고도화의 지렛대로 삼아야 한다고 제언했다.안정상 중앙대 겸임교수는 “한국이 5G 상용화 시작은 빨랐지만, 현재 해외와 달리 NSA(비단독모드) 중심에 머물러 있고 SA(단독모드) 전환 등 기본적 장비 구축은 느린 편”이라며 “LTE에서 5G로의 전환을 유도하기 위한 명확한 가치 기준을 세워야 한다”고 지적했다.이어 안 교수는 “LTE 주파수 가격은 떨어진 가치에 맞춰 낮춰주되, 단서를 붙여야 한다”며 “가급적 빨리 5G SA로 전환하고, LTE 이용자에게 인센티브를 부여해 5G로 넘어가게 하는 등 통신사가 5G 고도화에 앞장서게 정책적으로 유도해야 한다”고 말했다.이성엽 고려대 기술법정책센터장은 “과거 경매 대가를 토대로 주파수 가격을 산정하는 게 맞지만, 현재 경제적 가치를 반영하는 게 맞아 보인다”며 “정부가 인프라 고도화만 신경 쓸 것이 아니라 국민이 5G를 체감할 수 있도록 서비스 발전을 위한 정책을 같이 펼쳐야 한다”고 말했다."
https://n.news.naver.com/mnews/article/138/0002210344?sid=105,2025-11-22 10:30:09,IT/과학,[DD’s톡] 통신株 핵심 키워드는?...SKT ‘무배당’ KT ‘해킹’ LGU+ ‘퇴직금’,"[사진=각사 로고][디지털데일리 오병훈기자] 증권사들은 통신3사 실적 발표 이후 주가 향방을 어떻게 전망하고 있을까. 올해 3분기 통신사들은 3사3색, 희비가 극명한 실적을 보여줬다. 이에 따라 증권가에서도 각사 핵심 키워드를 중심으로 주가 변동성을 분석하고 나섰다.SK텔레콤 주가를 두고는 실적 악화에 따른 ‘배당금’이 핵심 키워드로 지목됐다. KT 관련해서는 ‘해킹사태’를 꼽았다. LG유플러스에 대해서는 희망퇴직에 소모된 비용 ‘퇴직금’이 키워드로 언급됐다.◆“SKT, 4분기도 무배당 가능성”증권가는 SK텔레콤의 배당 변동성에 주목했다. 실적 악화에 따른 배당 정책 급변이 향후 주가 등에 큰 영향을 미칠 것으로 분석했다. 실적 악화는 지난 4월 발생한 유심칩 데이터 유출 사고에 대한 가입자 보상안으로 매출 감소 및 비용 증가에 따른 것이다.SK텔레콤의 2025년 3분기 연결 매출은 3조9781억원, 영업이익은 484억원을 기록했다. 각각 전년과 비교해 12.23%, 90.9% 감소한 수치다. 별도 기준으로는 영업손실 522억원, 당기순손실 2066억원으로 적자전환됐다.실적 발표 직후 이어진 컨퍼런스 콜에서 김양섭 SK텔레콤 최고재무책임자(CFO)는 “전례 없는 재무 실적 악화에 따라 불가피하게 3분기 배당을 시행하지 않기로 했다”며 “재무적 영향이 연간 지속되고 있지만 향후에는 배당을 재개할 수 있도록 최선을 다하겠다”고 말했다.SK텔레콤은 지난해 4월 조정당기순이익의 50% 이상을 배당 및 자사주 매입·소각 등 주주환원하겠다는 정책을 공시했다. 이에 따라 해킹 사태 직후인 올해 2분기까지도 1주당 830원 배당을 결정해 예년과 같은 수준 배당 의지를 피력해왔다.그러던 중 3분기 실적 악화를 이유로 배당을 실시하지 않기로 결정한 것이다. 이에 컨퍼런스콜에서 일부 애널리스트는 “일회성 비용이 발생할 때마다 배당 감소가 있을 수 있냐”는 질문을 던지며 배당 불확실성 우려를 드러내기도 했다.실적발표 직후 발간된 기업보고서에서도 배당 불확실성 우려가 핵심 고려 사항으로 언급됐다. 김홍식 하나증권 연구원은 “이론적으로 연결 기준 배당 성향 50%를 적용한다면 내년 배당 지급 가능액이 5500억원에 불과하고 주당배당금(DPS)으로 환산하면 2600원 수준”이라며 “배당 성향이 50% 수준에 머문다면 SK텔레콤 주가 상승을 기대하기는 어렵다”고 짚었다.안재민 NH투자증권 연구원은 “올해 4분기도 배당하지 못할 가능성이 크다”며 “SK텔레콤 연간 배당금은 1630원으로 이 경우 올해 배당수익률은 3.1%에 불과해 경쟁사 절반 수준”이라고 분석했다.◆“KT, 해킹사태 이후 리스크 향방에 달렸다”KT에 대한 증권가 관심은 지난 8월 발생한 해킹사태에 쏠려있다. 해킹사태 이후 4개월이 지나가고 있지만 경찰과 민관합동조사단 조사는 여전히 진행 중이다. 그 과정에서 2만2227명 이용자에 대한 정보 유출이 확인됐으며 이중 360여명 피해자를 대상으로 2억4000여만원 금전 피해가 발생한 것으로 나타났다.KT에서는 피해자에 한해 위약금 면제 및 피해금액 전액 변제 등 사태 수습에 나선 상황이다. 전 가입자를 대상으로는 유심교체 등을 진행하고 있어 추가 비용 등이 발생할 것으로 예상된다.다만 증권가는 이번 해킹사태와 관련해 완전히 새로운 추가 피해 등이 나타나지 않는다면 실적 영향은 미미할 것이란 관측을 내놨다. SK텔레콤과 비교해 일부 가입자만 유출됐기 때문에 보상 범위도 제한되고 그에 따라 지출되는 일회성 비용도 적을 것이란 분석이다.3분기 KT 실적도 좋았다. KT는 3분기 연결기준 매출 7조1267억원, 영업이익 5382억원을 기록했다고 7일 밝혔다. 전년 동기보다 매출은 7.1%, 영업이익은 16% 증가했다.부동산 사업 이익이 호조세를 보인 덕분이다. 본업인 통신 사업도 양호한 성적을 낸 덕에 별도 매출도 5조 1090억원을 기록했다. 전년 동기보다 7.2% 증가했다. 별도 영업이익은 0.6% 증가한 3409억원이다.김회재 대신증권 연구원은 “KT 해킹사태 경우 일부 가입자 정보만 유출됐다”며 “SK텔레콤 침해사고가 발생한 지난 4월 이후 KT와 LG유플러스 고객들도 상당 부분 유심 정보보호 서비스에 가입한 것으로 알려져 유심 교체 수요는 많지 않을 것”이라고 전망했다.여전히 남아 있는 리스크들을 유의해야 한다는 의견도 있다. 정부의 해킹사태 조사과정을 방해한 혐의로 경찰 압수수색까지 벌어진 상황이다. 기업 신뢰 저하는 물론 향후 개인정보보호위원회 등 당국으로부터 과징금 규모에 영향을 미칠 수 있는 부분이다.최민하 삼성증권 연구원은 “4분기에는 유심 무료 교체 비용을 영업 비용으로 인식할 것으로 예상되고 규제 기관의 조사 결과에 따른 잠재적 과징금 등이 반영될 여지가 있다”고 내다봤다.◆“LGU+, 일회성 비용 털고 반사이익으로 ‘턴어라운드’”LG유플러스 기업 보고서에서 공통적으로 발견된 키워드는 ‘퇴직금’이다. LG유플러스는 지난 7월 3년만의 희망퇴직을 실시했다. 비용효율화를 위해 인건비 등 계속비용을 최소화하겠다는 전략이다. 이때 지급된 퇴직금 이 이번 3분기에 반영되면서 영업이익 감소를 기록했다.LG유플러스는 3분기 매출 3조1166억원, 영업이익 1617억원을 기록했다. 전년보다 매출은 4.2% 증가한 반면 영업이익은 희망퇴직에 따른 일회성 비용의 반영으로 34.3% 감소했다.증권가에서는 이번 퇴직금 반영을 긍정적인 요소로 해석했다. 비용효율화에 투입된 일회성 비용으로 향후 실적 개선이 본격화될 것이라는 분석이다. 희망퇴직에 소요된 1500억원을 제외하면 3분기 영업이익은 지난해 같은 기간 대비 26.7% 늘어난 3117억원을 기록했다는 것이 LG유플러스 측 설명이다.김태현 IBK투자증권 연구원은 “희망퇴직 영향으로 3분기 수익성이 일시적으로 저하 됐지만, 내년엔 약 500억원 인건비 절감 효과가 반영될 것”이라며 “연간 영업이익은 1조1590억원으로 24.5% 증가할 전망”이라고 설명했다.LG유플러스는 SK텔레콤과 KT의 해킹사태로 지속적으로 가입자 성장을 통한 반사이익을 누릴 수 있었던 점도 실적 개선 전망 요인으로 꼽힌다. LG유플러스의 3분기 이동통신과 알뜰폰를 합한 전체 무선 가입 회선 수는 3025만9000개로 전년 동기보다 8.6% 늘었다. 모바일 매출도 전년 대비 5.6% 증가한 1조7114억원을 달성했다. 통상 매출 증가율이 2%인 점을 감안하면 이례적인 성장이란 분석이다.이찬영 유진투자증권 연구원은 “3분기 모바일 서비스 수익이 전년 같은 기간 대비 5.2% 성장했다”며 “앞으로도 가입자 증가에 따른 매출 성장이 장기적으로 기대된다”고 내다봤다."
https://n.news.naver.com/mnews/article/092/0002399471?sid=105,2025-11-22 21:40:15,IT/과학,"[SP인증기업] 다임즈 ""프로세스 표준화와 가시성 향상 등 큰 변화""","ICT 서비스 관리 및 AI·IoT관제 전문기업...작년 12월 2등급 획득다임즈(대표 이종헌)는 2002년 설립된 ICT 서비스 관리 및 AI·IoT관제 전문기업이다. 통신망(NMS), 신재생에너지, 국방·항공 분야 등에서 다양한 IT솔루션과 서비스를 제공하고 있다. 이 회사는 작년 12월 6일 소트웨어 프로세스 품질인증(SP인증) 2등급을 전사 범위에서 획득, SW품질 경쟁력을 높였다. 인증 유효기간은 3년으로 오는 2027년 12월 5일까지다.SP인증은 소프트웨어(SW)진흥법 제 21조에 따라 정부가 우수한 SW 프로세스를 지닌 기업에 주는 인증이다. SW 품질을 좌우하는 프로세스를 중점 심사한다. 2009년 1월 과기정통부가 이 제도를 시행했고, 정보통신진흥원(NIPA)이 사업을 주관하고 있다. 등급은 세 종류(1~3등급)가 있다. 3등급이 가장 진화한 단계다.다임즈는 SP인증을 획득한 동기에 대해 ""우리 회사는 통신망 관제, 신재생에너지, 국방·항공 등 대형·장기 프로젝트를 꾸준히 수행하고 있다. 이 과정에서 내부적으로 이미 프로젝트별로 정교한 개발 및 운영 프로세스를 운영하고 있지만 세 가지 이유에서 인증을 받았다. 첫째, 국내 공공·국책 사업에서 SP인증 보유 기업에 대한 우대가 점차 강화되고 있고 둘째, 대형 통신사·공공기관 고객에게 우리 회사의 품질 역량을 공식적인 국가 인증으로 증명할 필요가 있었으며 셋째, 사내 여러 본부 및 프로젝트에 흩어져 있는 우수한 실행 관행을 전사 표준으로 정리 및 고도화하고 싶었다""고 들려줬다.SP인증을 받은 효과는 컸다. 가장 큰 변화는 프로세스 표준화와 가시성 향상이다. 회사는 ""프로젝트 관리, 개발, 지원 영역의 활동들이 SP기준에 맞춰 정리되면서, 프로젝트별로 조금씩 다르게 하던 방식이 전사 공통 템플릿과 체크리스트로 통일됐다""고 설명했다.리스크 관리와 품질 예측 가능성도 높아졌다. 이슈와 리스크 관리, 형상 관리, 품질 점검 포인트가 체계화되면서 프로젝트 초기부터 어디서 문제가 생길 수 있는지를 훨씬 더 잘 파악하고 관리할 수 있게 됐다. 이에, 영업 및 입찰 경쟁력도 높아졌다. 공공 SW사업 및 하도급 적정성 평가에서 SP인증 보유 기업에 가점과 우대가 주어지기 때문인데, 통신 3사·공공기관 등 기존 고객은 물론 신규 고객과의 협의에서도 ‘프로세스 품질이 검증된 파트너’라는 메시지를 명확히 전달할 수 있게 됐다.구성원 인식 변화도 긍정적인 면이다. 회사는 ""SP인증 준비 과정에 많은 구성원들이 참여하면서 ‘품질·프로세스는 일부 조직의 일이 아니라, 모든 전사 직원의 일’이라는 공감대가 생긴 것도 의미 있는 변화다""고 들려줬다.인증 획득에 어려움도 있었다. 기존의 관행적인 업무 방식과 표준화된 프로세스를 정착시키는 데 초기엔 구성원들의 노력과 시간이 많이 필요했다. 실제 프로젝트와 병행해야 하는 부담도 있었다. 회사는 ""SP인증은 실제 수행 중인 사업들을 기준으로 심사가 이뤄진다. 이 때문에 기존 프로젝트 일정을 지키면서 문서와 프로세스 정비를 병행하는 것이 가장 큰 도전이었다. 특히 여러 사업 본부의 일하는 방식을 전사 공통 프로세스로 맞추는 작업이 쉽지 않았다""고 회고했다.다양한 사업 특성을 한 장의 프로세스로 담아내는 것도 힘들었다. ""우리는 통신망 관제, 에너지 플랫폼, 양자암호통신, 국방·항공 등 사업 영역이 다양하다. 이 프로젝트들을 하나의 SP기준 안에서 설명하려다 보니, 현실을 최대한 반영하면서도 복잡하지 않은 프로세스 균형을 맞추는 것이 고민이었다""고 말했다.회사는 개선 사항도 제시했다. ""중소·중견 기업 입장에서는 문서 형식과 예시가 산업·규모별로 조금 더 구체화되면 준비 과정이 더 수월해질 것 같다. 또 최근에는 협업툴, 이슈 트래킹 시스템, CI/CD 같은 디지털 도구 기반의 증빙 자료가 많은데, 이런 부분을 적극적으로 인정 및 가이드해 주는 방향으로 개선한다면 기업들이 좀 더 자연스럽게 SP인증을 준비할 수 있을 것 같다""고 제언했다.이어 ""SP인증은 단순히 인증 획득이 목표가 아니라, 조직의 소프트웨어 개발 역량을 한 단계 끌어올리는 좋은 기회다. 장기적으로 비효율을 줄이고 고객에게 고품질의 결과물을 제공, 회사의 지속 성장에 필수적인 과정""이라면서 ""SP인증을 준비하자고 하면 ‘문서 작업이 많고, 우리 일하는 방식과는 조금 동떨어진 제도’라고 생각하는 경우가 많다. 하지만 실제로 준비를 해보니 ‘새로운 일을 하는 것’이라기보다, 이미 잘 하고 있는 일을 눈에 보이게 정리하고, 반복 가능한 체계로 만드는 과정에 더 가깝다는 것을 느꼈다. 공공·국책 사업 비중이 있는 기업이라면 SP인증은 입찰 경쟁력·신뢰도·내부 품질 역량을 동시에 높이는 좋은 투자라고 말하고 싶다""고 진단했다.다임즈는 본사와 연구소를 기반으로 약 50여 명의 전문 인력이 공공·민간 고객의 프로젝트를 수행하고 있다. 주력 솔루션은 크게 세 가지다. 첫째, ICT 관제 통합 플랫폼 ‘nPrism’ 시리즈다.'nPrism EMS/NMS/TMS/SMS/FMS'는 통신·데이터센터·공공망의 설비와 서비스를 통합 모니터링하고 장애를 사전에 예측·분석하는 관제 솔루션이다. 국내 주요 통신사 및 공공기관 망에 다수 적용됐다.둘째, 양자암호통신과 국방·우주항공 분야 솔루션 'nPrism Q-KMS'와 'Q-SDNC', 'Q-SNDO' 등 양자암호통신 관련 솔루션을 보유하고 있다. 국방·우주항공 분야 SI개발 사업을 통해 차세대 양자암호통신과 고(高)신뢰성을 요구하는 다수의 대규모 사업 수행 경험을 쌓았고, 이를 통해 지속 성장의 기틀을 마련했다.셋째, AI·빅데이터 및 에너지·환경 플랫폼 'nPrism AI/DA'도 보유하고 있다. 이는 AI·빅데이터 기반으로 네트워크 및 각종 인프라 데이터를 수집·분석해 이상징후 감지, 성능 분석 등을 지원하는 커스텀마이징 기반 관제 플랫폼이다. 이외에 'nPrism Energy' 및 지역형 에너지 플랫폼은 지자체·공공기관의 신재생에너지 발전·소비 현황을 통합 관리하고, 주민·지자체·사업자에게 각각 필요한 정보를 제공하는 스마트 에너지 플랫폼이다.회사는 ""통신, 국방·우주항공, 에너지 분야 등 대한민국 핵심 산업 분야의 다양한 SI 개발을 통해 기술력을 검증받았다""며 ""이번 SP인증을 통해 소프트웨어 개발 및 유지·운영에 대한 신뢰성을 한층 강화했다. 우리 회사의 경험과 축적된 노하우가 곧 다임즈의 경쟁력""이라고 강조했다.다임즈 구성원들이 레저 활동을 하며 친목을 다지고 있다.다임즈 고객사는 다양하다. 국내외 기간통신사와 공공기관, 지자체 등 30여 곳 이상이다. 통신 및 ICT분야서는 SK브로드밴드, SK텔레콤, SK C&C, KT, LGU+, LG CNS, KTOA, KDDI, 현대오토에버가, 국방우주항공 분야서는 한국항공우주산업, 한국항공우주연구원, 국방과학연구소가, 공공기관 및 지자체에서는 경찰청, 기상청, 병무청, 천안시, 보령시, 서울교통공사, 법률구조공단, 국립농산물품질관리원, 한국과학기술정보연구원 등을 고객사로 뒀다. 회사는 ""주요 기간통신사업자부터 중앙부처·지자체까지 고객사로 확보, 핵심 SW 시스템을 책임지는 파트너로 함께하고 있다""고 밝혔다.회사는 국내 시장 확대와 함께 해외 수출도 모색하고 있다. 이미 일본 통신사 KDDI 등 해외 고객사에 관제·네트워크 관련 솔루션을 공급한 경험이 있다. 향후에는 통신망 관제 분야에서 구축한 레퍼런스를 바탕으로 일본 및 동남아 통신·데이터센터 시장과 신재생에너지·탄소중립 정책을 강화하고 있는 국가들을 대상으로 에너지 통합 플랫폼, 양자암호통신·보안 관제 솔루션을 중심으로 해외고객사를 확보할 계획이다.다임즈는 다양한 복지 제도를 시행하고 있다. 오전 8~10시 사이 분 단위 자율 출근이 가능한 시차 출근제를 운영하고 있다. 또 경조휴가, 종합 건강검진 및 가족 검진비 할인, 자기계발비를 지원하고 있다. '서울형 강소기업'에 선정되는 등 일하기 좋은 회사로 대외적으로 인정받았다.회사는 ""통신·국방·에너지 등 기술중심 산업에서 일하고 있지만, 항상 고객 가치와 사회·환경 측면에서의 지속가능성을 함께 고민하는 기업이 되고자 한다""면서 ""우리는 다양한 대규모, 고신뢰도를 요구하는 SI개발 및 국책 연구과제를 수행하며 기술력을 검증받았다. 특히, 지역 통합형 에너지 플랫폼 등 지자체 사업을 성공적으로 수행 완료했고, 에너지 인프라 측면에서 RTU 개발을 완료하고 현재 KC인증을 진행하는 등 상품 경쟁력 강화 및 에너지 분야 토탈 솔루션 제공 기업으로 성장하고 있다""고 밝혔다.이어 ""양자암호통신 등 차세대 보안통신 분야 국책 시범사업 및 국방 분야 적용 사업을 성공적으로 완수 했고, 공인시험기관의 엄격한 보안 기능 시험을 거쳐 올 9월 국가정보원의 보안기능확인서를 획득했다""면서 ""이는 공공·국방·금융 등 다양한 분야의 초고도 보안시장으로의 입지 확대와 선진 암호통신을 앞당기는 기반을 조성한 것으로 우리만의 핵심 성과""라고 덧붙였다."
https://n.news.naver.com/mnews/article/421/0008619558?sid=103,2025-11-23 09:00:00,생활/문화,"피싱 전화번호 '긴급차단' 제도 시행…""10분 만에 이용정지""","휴대전화서 문자 클릭해 간편하게 제보…통화 내용도 신고경찰 ""악의적인 허위 제보·신고 시엔 형사처벌"" 주의 당부서울 종로구 KT 광화문빌딩 WEST에 마련된 범정부 합동 전기통신 금융사기 통합대응단 신고대응센터 상담팀에서 상담 담당 직원들이 상담을 하고 있다. 2025.10.15/뉴스1 ⓒ News1 김명섭 기자(서울=뉴스1) 박동해 기자 = 경찰청 전기통신금융사기 통합대응단은 통신 3사(SKT, KT, LGU+) 및 삼성전자와 협력해 보이스피싱 등 범죄에 이용된 전화번호를 10분 이내 차단하는 '긴급차단 제도'를 시행한다고 23일 밝혔다.앞서 범죄에 이용된 전화번호에 대한 이용 중지 조치를 할 수 있었지만, 신고 접수 이후 정지가 되기까지 2일 이상이 소요되는 한계가 있었다.긴급차단 이후에는 범죄자가 해당 번호로 전화를 걸거나 미끼 문자를 보낼 수 없다. 또 미끼 문자를 받은 사람이 확인하고 전화를 걸더라도 통화가 되지 않는다. 7일간 임시 차단된 번호는 추가 분석을 거쳐 추후 완전히 이용이 중지된다.범죄 이용 전화번호를 제보하기 위해서는 '간편제보' 기능을 이용하거나, 통합대응단 홈페이지에 접수해서 신고하면 된다.앞서 경찰은 삼성전자와 협력해 스마트폰에 간편제보 시스템을 탑재했다. 해당 기능이 탑재된 삼성 스마트폰의 경우 피싱 의심 메시지를 길게 누르거나 통화 내용을 선택하면 '피싱으로 신고' 버튼이 나타난다. 이를 누르면 별도의 절차 없이 즉시 피싱 의심 전화·문자를 제보할 수 있다.삼성전자 휴대전화를 활용한 간편제보 방법.(경찰청 제공)통화 녹음 기능이 활성화된 경우 피싱범과의 음성 통화 내용도 간편하게 제공할 수 있다.간편제보 기능이 탑재되지 않은 휴대전화의 경우에도 통합대응단 홈페이지에 접속해 범죄 의심 문자나 전화를 제보할 수 있다.앞서 통합대응단은 긴급차단 시행에 따른 오차단율을 줄이기 위해 3주간 시범 운영을 했다. 그 결과 14만 5027건의 제보 중 중복·오인 제보 등을 제외한 5249개의 전화번호가 차단됐다.한편 오인 신고로 전화번호가 차단되는 경우 통화 시도 시 '경찰청의 요청에 의해 차단된 전화번호'라는 멘트와 함께 통합대응단의 전화번호가 안내된다. 오인 신고로 차단될 경우 통합대응단에 전화로 해제를 요청할 수 있다.경찰 관계자는 ""국민들이 적극적으로 제보·신고에 참여할수록 더 신속하게 더 많은 범행 수단을 차단할 수 있다""고 밝혔다.다만 경찰은 ""단순 오인이 아닌 악의적인 허위 제보나 장난성 제보는 특정 개인에게 피해를 줄 수 있을 뿐만 아니라 형사처벌 대상이 될 수 있다""며 주의를 당부했다."
https://n.news.naver.com/mnews/article/119/0003028423?sid=105,2025-11-23 09:00:13,IT/과학,"LGU+, ‘스마트 안심 진단’ 태블릿까지 확대…원격 보안·수리비 보장 강화","개인PC·노트북에 보안 솔루션 탑재해 사이버 침입 감지 즉시 차단LG유플러스 직원이 스마트 안심 진단 서비스를 소개하고 있는 모습.ⓒLG유플러스[데일리안 = 조인영 기자] LG유플러스가 보안 기능을 강화한 ‘스마트 안심 진단 서비스’의 지원 단말을 태블릿PC까지 확대했다.스마트 안심 진단 서비스란 2018년 출시한 ‘실시간PC 원격주치의’의 고도화된 버전이다. PC·노트북만 원격으로 진단했던 서비스에서 태블릿PC까지 포함해 각 기기에 맞는 보안 솔루션을 지원하는 서비스로 확장했다.LG유플러스는 고객 정보를 최우선으로 지키기 위해 스마트 안심 진단 서비스의 보안 기능을 강화하고, 최근 사용량이 증가한 태블릿PC까지 지원을 확대했다고 23일 밝혔ㄷ.PC 및 노트북은 사용자 화면을 외부로부터 보호하는 ‘스크린 디펜딩’ 보안 솔루션을 탑재한다. 고객이 사용 중 사이버 침입을 감지하면 해킹을 원격으로 즉시 차단하고, 고객에게 알림을 보내는 서비스를 제공한다.이때 침입자의 화면은 감지 즉시 검게 바뀌어 고객의 개인 정보가 유출되지 않도록 보호한다. 해당 서비스는 24시간 지원하되 사용자가 원치 않는 시간에는 Off 설정을 할 수 있다.태블릿PC는 스마트 안심 진단 앱을 설치하면 사용자가 원하는 시간에 원격으로 진단이 가능하다. 예약 서비스뿐만 아니라, 실시간으로 원격 진단이 가능한 경우는 통신사 중 최초다. 아이폰과 아이패드를 이용하는 고객에게는 원격으로 가이드를 제공해 고객이 전문가와 함께 실시간으로 진단할 수 있게 한다.스마트 안심 진단 서비스 가입을 원하는 고객은 원격 진단이 가능한 단말기 수에 따라 2가지 요금제 중 하나를 선택할 수 있다. PC·노트북 외 태블릿PC 1대를 추가하면 월 6600원, 2대는 월 8800원이다.이번에 새롭게 출시되는 서비스에 가입하면 보안 솔루션 외에도 고객이 사용하는 PC·노트북·태블릿PC의 파손·고장 시 발생하는 수리비도 받을 수 있다. 보상 수리비는 1년에 1회로, 한도는 최대 50만원(자기부담금 10만원 포함)이다.가입을 원하는 고객은 LG유플러스 고객센터 및 스마트 안심 진단 전용고객센터와 U+공식온라인스토어에서 가입 상담할 수 있다.오인호 LG유플러스 홈사업담당(상무)은 “이번 서비스는 댁 내에서 고객의 단말 사용 패턴 변화에 맞춰 서비스를 개선하고 보안 침해 사고에 불안을 느끼는 고객들을 위해 새로운 솔루션을 제공함으로써 안전한 인터넷 이용 환경을 만들기 위해 준비했다”며 ”앞으로도 댁 내 생활에 필요한 서비스들을 통신과 접목하여 발굴해 나갈 예정이다”라고 말했다."
https://n.news.naver.com/mnews/article/629/0000446326?sid=102,2025-11-23 09:00:15,사회,보이스피싱 번호 신고하면 10분 내 긴급 차단,"경찰, 기존 2일에서 대폭 단축경찰청 전기통신금융사기 통합대응단은 통신 3사(SKT·KT·LGU+), 삼성전자 등과 협력해 범죄로 의심되는 전화번호가 통신망에 접근하면 10분 내로 차단하는 시스템을 구축했다고 23일 밝혔다./경찰청[더팩트ㅣ김영봉 기자] 앞으로 보이스피싱에 사용된 전화번호는 10분 내 긴급 차단이 가능해진다.경찰청 전기통신금융사기 통합대응단은 통신 3사(SKT·KT·LGU+), 삼성전자 등과 협력해 범죄로 의심되는 전화번호가 통신망에 접근하면 10분 내로 차단하는 시스템을 구축했다고 23일 밝혔다.보이스피싱 의심 번호를 신고하면 경찰이 즉시 분석해 통신 3사와 함께 해당 번호의 발신·수신을 차단하는 것이다. 7일간 차단 가능하며, 차단 이후에도 해당 번호로 전화를 걸거나 미끼 문자를 보낼 수 없다.그동안 범죄에 이용된 번호를 신고해도 각종 절차로 실제 차단까지 2일 이상 걸려 신속 대응에 한계가 있었다. 보이스피싱 피해의 75%는 미끼 문자·전화 수신 후 24시간 내 발생한다.삼성 스마트폰 이용자는 '피싱으로 신고' 버튼을 통해 문자나 통화로 간편 제보할 수 있다. 삼성 스마트폰이 아니더라도 전기통신금융사기 통합대응단 누리집을 통해 제보가 가능하다.경찰청 전기통신금융사기 통합대응단은 통신 3사(SKT·KT·LGU+), 삼성전자 등과 협력해 범죄로 의심되는 전화번호가 통신망에 접근하면 10분 내로 차단하는 시스템을 구축했다고 23일 밝혔다./경찰청통합대응단은 지난 3주간 시범운영한 결과 총 14만5027건의 제보 중 중복·오인 제보 등을 제외한 5249개의 번호를 차단했다. 이 과정에서 대출빙자형 전화에 속아 인증번호를 전달하려던 피해자의 통화가 차단되는 등 예방 사례도 확인됐다.경찰 관계자는 ""긴급 차단 제도는 국민이 적극적으로 제보·신고에 참여할수록 더 많은 범행 수단을 막을 수 있다""며 ""다만 단순 오인이 아닌 악의적 허위 제보나 장난성 제보는 특정 개인에게 피해를 줄 수 있을 뿐 아니라, 형사처벌 대상이 될 수 있다""고 말했다.발로 뛰는 더팩트는 24시간 여러분의 제보를 기다립니다.▶카카오톡: '더팩트제보' 검색▶이메일: jebo@tf.co.kr▶뉴스 홈페이지: http://talk.tf.co.kr/bbs/report/write"
https://n.news.naver.com/mnews/article/031/0000983163?sid=105,2025-11-23 09:01:09,IT/과학,"LGU+, '스마트 안심 진단 서비스' 태블릿PC까지 확대","보안 솔루션 강화…태블릿PC 실시간 원격 진단, 통신사 중 최초LG유플러스는 보안 기능을 강화한 '스마트 안심 진단 서비스'의 지원 대상을 태블릿PC까지 확대했다고 23일 밝혔다.사진은 LG유플러스 직원이 스마트 안심 진단 서비스를 소개하고 있는 모습 [사진=LGU+]스마트 안심 진단 서비스는 지난 2018년 선보인 '실시간PC 원격주치의'의 고도화 버전이다. 기존에는 PC와 노트북만 원격으로 진단했지만, 이번에 태블릿PC까지 범위를 넓혀 각 기기에 맞는 보안 솔루션을 지원한다.PC 및 노트북에는 사용자 화면을 외부로부터 보호하는 '스크린 디펜딩' 솔루션이 탑재됐다. 해킹 시도를 감지하면 원격으로 즉시 차단하고 사용자에게 알림을 전송한다. 침입자의 화면은 감지 즉시 검게 전환돼 개인정보 유출을 방지한다. 해당 기능은 24시간 제공되며, 사용자 설정에 따라 작동 시간 조절도 가능하다.태블릿PC는 전용 앱 설치 후 원하는 시간에 원격 진단을 받을 수 있다. 실시간 원격 진단 서비스는 국내 통신사 중 처음이다. 아이폰과 아이패드 이용자에게는 원격 가이드를 제공해 전문가와 함께 실시간으로 진단이 가능하다.요금제는 원격 진단이 가능한 기기 수에 따라 △PC·노트북 외 태블릿PC 1대 추가 시 월 6600원 △2대 추가 시 월 8800원으로 구성된다.또한 이번에 새롭게 출시된 서비스에 가입하면 보안 솔루션뿐 아니라 기기 파손·고장 시 수리비도 보상받을 수 있다. 보상은 연 1회, 최대 50만원(자기부담금 10만원 포함)까지 지원된다.가입을 원하는 고객은 LG유플러스 고객센터(101), 스마트 안심 진단 전용 고객센터(1833-2591), U+ 공식 온라인 스토어를 통해 상담할 수 있다.오인호 LG유플러스 홈사업담당(상무)은 ""이번 서비스는 고객의 단말 사용 패턴 변화에 맞춰 보안을 강화하고, 안심하고 인터넷을 사용할 수 있도록 지원하기 위한 것""이라며 ""앞으로도 가정 내 생활과 통신을 결합한 서비스를 지속 발굴할 계획""이라고 말했다."
https://n.news.naver.com/mnews/article/011/0004558973?sid=105,2025-11-23 09:01:09,IT/과학,"LG U+, ‘스마트 안심 진단 서비스’ 태블릿PC까지 지원 확대","사이버 침입 감지 즉시 차단LG유플러스 직원이 스마트 안심 진단 서비스를 소개하고 있다. 사진제공=LG유플러스[서울경제]LG유플러스가 보안 기능을 강화한 ‘스마트 안심 진단 서비스’의 지원 단말을 태블릿PC까지 확대했다고 23일 밝혔다. PC·노트북만 원격으로 진단했던 서비스에서 태블릿PC까지 포함해 각 기기에 맞는 보안 솔루션을 지원하는 서비스로 확장한 것이다.먼저 PC 및 노트북은 사용자 화면을 외부로부터 보호하는 ‘스크린 디펜딩’ 보안 솔루션을 탑재한다. 고객이 사용 중 사이버 침입을 감지하면 해킹을 원격으로 즉시 차단하고 고객에게 알림을 보내는 서비스를 제공한다. 이때 침입자의 화면은 감지 즉시 검게 바뀌어 고객의 개인 정보가 유출되지 않도록 보호한다.태블릿PC는 스마트 안심 진단 어플리케이션을 설치하면 사용자가 원하는 시간에 원격으로 진단이 가능하다. 예약 서비스뿐만 아니라 실시간으로 원격 진단이 가능한 경우는 통신사 중 최초다. 아이폰과 아이패드를 이용하는 고객은 원격으로 전문가와 함께 실시간 진단을 받을 수 있다.스마트 안심 진단 서비스 가입을 원하는 고객은 원격 진단이 가능한 단말기 수에 따라 2가지 요금제 중 하나를 선택할 수 있다. PC·노트북 외 태블릿PC 1대를 추가하면 월 6600원, 2대는 월 8800원이다. 특히 이번에 새롭게 출시되는 서비스에 가입하면 보안 솔루션 외에도 고객이 사용하는 PC·노트북·태블릿PC의 파손·고장 시 발생하는 수리비도 받을 수 있다. 보상 수리비는 1년에 1회로, 한도는 최대 50만원(자기부담금 10만원 포함)이다.오인호 LG유플러스 홈사업담당(상무)은 “앞으로도 댁 내 생활에 필요한 서비스들을 통신과 접목해 발굴해 나갈 예정”이라고 말했다."
https://n.news.naver.com/mnews/article/014/0005438384?sid=105,2025-11-23 09:01:11,IT/과학,"LG U+, 태블릿도 '실시간 PC 주치의' 서비스 도입","LG유플러스 직원이 스마트 안심 진단 서비스를 소개하고 있다. LG유플러스 제공[파이낸셜뉴스] LG유플러스는 보안 기능을 강화한 ‘스마트 안심 진단 서비스’의 지원 단말을 태블릿PC까지 확대했다고 23일 밝혔다.스마트 안심 진단 서비스란 2018년 출시한 ‘실시간PC 원격주치의’의 고도화된 버전이다. PC·노트북만 원격으로 진단했던 서비스에서 태블릿PC까지 포함해 각 기기에 맞는 보안 솔루션을 지원하는 서비스로 확장했다.LG유플러스는 고객 정보를 최우선으로 지키기 위해 스마트 안심 진단 서비스의 보안 기능을 강화하고, 최근 사용량이 증가한 태블릿PC까지 지원을 확대했다.PC 및 노트북은 사용자 화면을 외부로부터 보호하는 ‘스크린 디펜딩’ 보안 솔루션을 탑재한다. 고객이 사용 중 사이버 침입을 감지하면 해킹을 원격으로 즉시 차단하고, 고객에게 알림을 보내는 서비스를 제공한다.이때 침입자의 화면은 감지 즉시 검게 바뀌어 고객의 개인 정보가 유출되지 않도록 보호한다. 해당 서비스는 24시간 지원하되 사용자가 원치 않는 시간에는 꺼짐 설정을 할 수 있다.태블릿PC는 스마트 안심 진단 앱을 설치하면 사용자가 원하는 시간에 원격으로 진단이 가능하다. 예약 서비스 뿐 아니라, 실시간으로 원격 진단이 가능한 경우는 통신사 중 최초다. 아이폰과 아이패드를 이용하는 고객에게는 원격으로 가이드를 제공해 고객이 전문가와 함께 실시간으로 진단할 수 있게 한다.스마트 안심 진단 서비스 가입을 원하는 고객은 원격 진단이 가능한 단말기 수에 따라 2가지 요금제 중 하나를 선택할 수 있다. PC·노트북 외 태블릿PC 1대를 추가하면 월 6600원, 2대는 월 8800원이다.이번에 새롭게 출시되는 서비스에 가입하면 보안 솔루션 외에도 고객이 사용하는 PC·노트북·태블릿PC의 파손·고장 시 발생하는 수리비도 받을 수 있다. 보상 수리비는 1년에 1회로, 한도는 최대 50만원(자기부담금 10만원 포함)이다.오인호 LG유플러스 홈사업담당(상무)은 “이번 서비스는 댁 내에서 고객의 단말 사용 패턴 변화에 맞춰 서비스를 개선하고 보안 침해 사고에 불안을 느끼는 고객들을 위해 새로운 솔루션을 제공함으로써 안전한 인터넷 이용 환경을 만들기 위해 준비했다”며 ”앞으로도 댁 내 생활에 필요한 서비스들을 통신과 접목하여 발굴해 나갈 예정이다”라고 말했다."
https://n.news.naver.com/mnews/article/030/0003372926?sid=105,2025-11-23 09:01:11,IT/과학,"LGU+, '스마트 안심 진단 서비스' 태블릿PC로 확대","LG유플러스 직원이 스마트 안심 진단 서비스를 소개하고 있는 모습.LG유플러스는 보안 기능을 강화한 '스마트 안심 진단 서비스'의 지원 단말을 태블릿PC까지 확대한다고 23일 밝혔다.스마트 안심 진단 서비스는 2018년 출시한 '실시간PC 원격주치의'의 고도화 버전이다. PC·노트북만 원격으로 진단했던 서비스에서 태블릿PC까지 포함해 각 기기에 맞는 보안 솔루션을 지원하는 서비스로 확장했다.PC 및 노트북은 사용자 화면을 외부로부터 보호하는 '스크린 디펜딩' 보안 솔루션을 탑재한다. 고객이 사용 중 사이버 침입을 감지하면 해킹을 원격으로 즉시 차단하고, 고객에게 알림을 보내는 서비스를 제공한다.침입자 화면은 감지 즉시 검게 바뀌어 고객의 개인 정보가 유출되지 않도록 보호한다. 해당 서비스는 24시간 지원하되 사용자가 원치 않는 시간에는 끌 수 있다.태블릿PC는 스마트 안심 진단 앱을 설치하면 사용자가 원하는 시간에 원격으로 진단이 가능하다. 예약 서비스뿐만 아니라, 실시간으로 원격 진단이 가능한 경우는 통신사 중 최초다. 아이폰과 아이패드를 이용하는 고객에게는 원격으로 가이드를 제공해 고객이 전문가와 함께 실시간으로 진단할 수 있게 한다.스마트 안심 진단 서비스 가입을 원하는 고객은 원격 진단이 가능한 단말기 수에 따라 2가지 요금제 중 하나를 선택할 수 있다. PC·노트북 외 태블릿PC 1대를 추가하면 월 6600원, 2대는 월 8800원이다.이번에 새롭게 출시되는 서비스에 가입하면 보안 솔루션 외에도 고객이 사용하는 PC·노트북·태블릿PC의 파손·고장 시 발생하는 수리비도 받을 수 있다. 보상 수리비는 1년에 1회로, 한도는 최대 50만원(자기부담금 10만원 포함)이다.오인호 LG유플러스 홈사업담당(상무)은 “이번 서비스는 댁 내에서 고객의 단말 사용 패턴 변화에 맞춰 서비스를 개선하고 보안 침해 사고에 불안을 느끼는 고객들을 위해 새로운 솔루션을 제공함으로써 안전한 인터넷 이용 환경을 만들기 위해 준비했다”며 ”앞으로도 댁 내 생활에 필요한 서비스들을 통신과 접목하여 발굴해 나갈 예정이다”라고 말했다."
https://n.news.naver.com/mnews/article/018/0006169824?sid=102,2025-11-23 09:01:13,사회,"경찰, 이통사·삼성전자 협력해 '피싱 범죄 이용 번호' 10분 내 차단","경찰, 긴급차단 제도 24일부터 시행2일가량 번호 차단, 10분 이내로 줄어""민관 벽 허물고 피싱 범죄 예방 총력""[이데일리 손의연 기자] 경찰청은 전기통신금융사기 통합대응단을 중심으로 통신 3사, 삼성전자와 협력해 보이스피싱 등 범죄에 이용된 전화번호를 10분 이내에 차단하는 ‘긴급차단 제도’를 24일부터 시행한다고 23일 밝혔다.문자 간편 제보(사진=경찰청)그간 범죄에 이용된 전화번호는 전기통신사업법에 따라 ‘이용중지’ 조치를 해왔다. 그러나 신고 접수 이후 해당 전화번호를 실제 정지하기까지 2일 이상 소요돼 신속한 대응에 한계가 있었다.그러나 보이스피싱 범죄의 약 75%가 최초 미끼 문자나 전화를 수신한 후 24시간 이내에 발생하기 때문에 범죄 이용 전화번호가 신속하게 차단돼야 할 필요성이 제기됐다.경찰청은 국민에게 도달되는 모든 피싱 전화·문자가 SKT, KT, LGU+ 등 국내 3사 통신망을 이용하기 때문에 협력 방안을 고안했다.그결과 휴대전화 제조사, 통신사와 협력해 피싱 등 범죄에 이용 중인 전화번호가 통신망에 접근하면 이를 초기에 차단하는 방안을 마련했다.우선 경찰청은 삼성전자와 협력해 2024년 12월부터 삼성 스마트폰에 ‘간편제보’ 기능을 구현했다. 이용자가 피싱 문자를 길게 누르거나 통화 내역을 선택하면 ‘피싱으로 신고’ 버튼이 현출되고 이를 누르면 별도의 절차 없이 즉시 피싱 의심 전화·문자를 제보할 수 있다.특히 통화녹음 기능이 활성화된 경우 피싱범과의 음성통화 내용도 간편하게 제보해 범죄 수사에 결정적인 증거를 제공할 수 있다. 이를 위해 경찰은 이용자는 스마트폰의 통화 설정에서 ‘통화녹음’ 기능을 미리 활성화해 둘 것을 권고했다.간편제보 기능이 탑재되지 않은 휴대전화를 사용하는 경우에도 누구나 ‘전기통신금융사기 통합대응단 누리집’에 접속해 범죄 의심 문자나 전화를 제보할 수 있으며, 간편제보와 누리집을 통해 들어온 제보는 모두 통합대응단으로 전송된다.통합대응단에서 간편제보와 누리집을 통해 제보받은 전화번호를 분석해 범죄에 이용 중인 것으로 의심되는 전화번호에 대해 차단을 요청하면, 통신사는 해당 전화번호를 즉시 7일간 차단한다.차단 이후에는 범죄자가 해당 번호로 전화를 걸거나 미끼문자를 보낼 수 없는 것은 물론, 미끼문자를 받은 사람이 나중에 확인하고 해당 번호로 전화를 걸더라도 통화가 연결되지 않는다.임시 차단된 전화번호는 추가 분석을 거쳐 완전히 이용중지된다.경찰은 긴급차단이 가장 최소한의 절차와 시간으로 범행을 빠르게 저지할 수 있는 효과적인 수단이 될 것으로 기대하고있다.앞서 통합대응단은 긴급차단 시행에 따른 오차단율을 줄이기 위해 약 3주간 시범 운영도 실시했다. 피싱 등 범죄가 아님에도 국민이 오인 제보한 건에 대해서는 차단되지 않도록 기준을 정비하고, 오인신고로 인한 차단을 방지하기 위해 신고 내용에 대한 모니터링도 병행했다.시범운영 결과 통합대응단에서는 총접수된 14만5027건의 제보 중 중복·오인 제보 등을 제외한 5249개의 전화번호를 차단했다.경찰 관계자는 “단순 오인이 아닌 악의적 허위 제보나 장난성 제보는 특정 개인에게 피해를 줄 수 있을 뿐만 아니라 형사처벌 대상이 되므로 자제해 주길 요청드린다”며 “만약 피싱 의심 문자나 전화를 받으면 클릭하거나 응대하지 말고 간편제보와 더불어 전기통신금융사기 통합대응단 또는 112로 신고해달라”고 밝혔다."
https://n.news.naver.com/mnews/article/028/0002777798?sid=102,2025-11-23 09:02:12,사회,"피싱 번호 차단, 이틀에서 10분 내로…경찰, 긴급차단 제도 시행","클립아트코리아경찰이 통신3사·삼성전자와 협력해 보이스피싱에 이용된 전화번호를 10분 이내에 차단하는 ‘긴급차단 제도’를 오는 24일부터 시행한다.경찰청은 23일 “국민에게 도달되는 모든 피싱 전화·문자는 국내 3사(SKT·KT·LGU+) 통신망을 이용한다는 점에 착안해, 휴대전화 제조사·통신사와 협력해 피싱 등 범죄에 이용 중인 전화번호가 통신망에 접근하면 이를 초기에 차단하는 방법을 고안했다”고 밝혔다.경찰청은 지난해 12월 삼성전자와 협력해 삼성 스마트폰에 ‘간편제보’ 기능을 추가한 바 있다. 이 기능이 탑재된 휴대전화는 보이스피싱으로 의심되는 연락이 오는 경우 ‘피싱으로 신고’ 버튼을 눌러 별도 절차 없이 신고할 수 있다. ‘간편제보’ 기능이 없는 휴대전화 이용자의 경우 ‘전기통신금융사기 통합대응단’(통합대응단) 누리집을 통해 제보할 수 있다.통합대응단이 이렇게 접수된 전화번호 중 범죄 의심 번호를 통신사에 ‘긴급 차단’ 요청하면, 통신사는 그 즉시 해당 번호를 7일간 차단한다. 이렇게 임시 차단된 번호는 추가 분석을 거쳐 완전히 이용이 중지된다.그동안 범죄에 이용된 전화번호는 ‘전기통신사업법’에 따라 ‘이용중지’ 조처를 해왔으나, 신고접수 뒤 정지까지 2일 이상 소요됐다. 보이스피싱 범죄의 75%가량이 최초 미끼 문자·전화 수신 뒤 24시간 이내에 발생한다는 점을 고려하면 신속한 대응에 한계가 있었던 셈이다. 경찰은 ‘긴급 차단’ 제도가 시행되면 이 시간이 크게 줄어들 것으로 기대하고 있다.통합대응단은 오차단율을 줄이기 위해 긴급차단 제도를 3주간 시범 운영했다. 시범운영 결과 통합대응단에 총 12만5027건의 제보가 접수돼, 이중 중복·오인 제보를 제외한 5249개의 전화번호가 차단됐다.긴급차단으로 실제 피해가 발생하기 전에 이를 막아낸 사례도 있었다. 통합대응단이 접수된 제보를 실시간으로 모니터링하던 중 대출빙자형 피싱 음성파일을 청취해 해당 번호를 바로 차단했는데, 당시 피싱범은 다른 피해자에게도 접근해 인증번호를 요구하던 상황이었다. 긴급차단 조처로 피해자와 범인의 통화가 끊기면서 실질적인 피해로 이어지지 않을 수 있었다.경찰 관계자는 “긴급차단 제도는 국민들이 적극적으로 제보·신고에 참여할수록 더 신속하게, 더 많은 범행 수단을 차단할 수 있다”며 “다만 단순 오인이 아닌 악의적 허위 제보나 장난성 제보는 특정 개인에게 피해를 줄 수 있을 뿐만 아니라 형사처벌 대상이 되므로 자제해 주길 요청드린다”고 밝혔다."
https://n.news.naver.com/mnews/article/003/0013615806?sid=101,2025-11-23 09:15:22,경제,"LG U+, '스마트 안심 진단 서비스' 태블릿PC까지 지원 확대","개인PC·노트북에 보안 솔루션 탑재해 사이버 침입 감지 즉시 차단 및 알림스마트 안심 진단 솔루션으로 개인PC·노트북·태블릿PC 실시간 원격 진단 가능LG유플러스가 보안 기능을 강화한 ‘스마트 안심 진단 서비스’의 지원 단말을 태블릿PC까지 확대했다. 사진은 LG유플러스 직원이 스마트 안심 진단 서비스를 소개하고 있는 모습(사진=LG 유플러스 제공) *재판매 및 DB 금지[서울=뉴시스]송혜리 기자 = LG유플러스는 '스마트 안심 진단 서비스'의 보안 기능을 강화하는 동시에 지원 단말을 태블릿PC까지 확대했다고 23일 밝혔다.스마트 안심 진단 서비스는 회사가 지난 2018년 출시한 '실시간PC 원격주치의'의 고도화된 버전이다. PC나 스마트폰 등 단말에 문제가 발생했을 때 전문가가 원격으로 접속해 실시간 점검과 문제 해결을 지원하는 부가서비스다.이번 고도화를 통해 PC 및 노트북은 사용자 화면을 외부로부터 보호하는 '스크린 디펜딩' 보안 솔루션을 지원한다. 사용 중 사이버 침입을 감지하면 해킹을 원격으로 즉시 차단하고, 알림을 보내는 서비스다. 이때 침입자의 화면은 감지 즉시 검게 바껴 사용자 개인 정보가 유출되지 않도록 보호한다. 해당 서비스는 24시간 지원하되 사용자가 원치 않는 시간에는 끔(Off) 설정을 할 수 있다.태블릿PC는 스마트 안심 진단 앱을 설치하면 사용자가 원하는 시간에 원격으로 진단이 가능하다. 예약 서비스뿐만 아니라, 실시간으로 원격 진단이 가능한 경우는 통신사 중 처음이라고 회사 측은 강조했다.오인호 LG유플러스 홈사업담당(상무)은 ""이번 서비스는 댁 내에서 고객의 단말 사용 패턴 변화에 맞춰 서비스를 개선하고 보안 침해 사고에 불안을 느끼는 고객들을 위해 새로운 솔루션을 제공함으로써 안전한 인터넷 이용 환경을 만들기 위해 준비했다""며 ""앞으로도 댁 내 생활에 필요한 서비스들을 통신과 접목해 발굴해 나갈 예정""이라고 말했다."
https://n.news.naver.com/mnews/article/092/0002399485?sid=105,2025-11-23 09:55:10,IT/과학,"LGU+ ""월 6600원에 태블릿 보안 원격진단""","‘스마트 안심 진단 서비스’ 태블릿까지 지원 확대LG유플러스가 보안 기능을 강화한 ‘스마트 안심 진단 서비스’의 지원 단말을 태블릿PC까지 확대했다고 23일 밝혔다.이 서비스는 2018년 출시한 ‘실시간PC 원격주치의’의 고도화된 버전이다. PC·노트북만 원격으로 진단했던 서비스에서 태블릿까지 포함해 각 기기에 맞는 보안 솔루션을 지원하는 서비스로 확장했다.LG유플러스는 고객 정보를 최우선으로 지키기 위해 스마트 안심 진단 서비스의 보안 기능을 강화하고, 최근 사용량이 증가한 태블릿까지 지원을 확대했다.LG유플러스가 ‘스마트 안심 진단 서비스’의 지원 단말을 태블릿PC까지 확대했다. (제공=LG유플러스)먼저, PC·노트북은 사용자 화면을 외부로부터 보호하는 ‘스크린 디펜딩’ 보안 솔루션을 탑재한다. 기기 사용 중 사이버 침입을 감지하면 해킹을 원격으로 즉시 차단하고, 이용자에게 알림을 보내는 서비스를 제공한다.이때 침입자의 화면은 감지 즉시 검게 바뀌어 고객의 개인 정보가 유출되지 않도록 보호한다. 이 서비스는 24시간 지원하되 사용자가 원치 않는 시간에는 Off 설정을 할 수 있다.태블릿PC는 스마트 안심 진단 앱을 설치하면 사용자가 원하는 시간에 원격으로 진단이 가능하다. 아이폰과 아이패드 이용 시 원격으로 가이드를 제공해 소비자가 전문가와 함께 실시간으로 진단할 수 있게 한다.이 서비스는 원격 진단이 가능한 단말기 수에 따라 2가지 요금제 중 선택할 수 있다. PC·노트북 외 태블릿 1대를 추가하면 월 6천600원, 2대는 월 8천800원이다.또 PC·노트북·태블릿PC 파손·고장 시 발생하는 수리비도 받을 수 있다. 보상 수리비는 1년에 1회로, 한도는 최대 50만원(자기부담금 10만원 포함)이다.오인호 LG유플러스 홈사업담당은 “이번 서비스는 고객의 단말 사용 패턴 변화에 맞춰 서비스를 개선하고 안전한 인터넷 이용 환경을 만들기 위해 준비했다”며 ”앞으로도 댁 내 생활에 필요한 서비스들을 통신과 접목하여 발굴해 나갈 예정이다”라고 말했다."
https://n.news.naver.com/mnews/article/277/0005683142?sid=105,2025-11-23 10:05:46,IT/과학,"LG U+ '스마트 안심 진단 서비스', 태블릿PC서도 쓴다","지원 단말 범위 확대…해킹차단·원격 진단 지원LG유플러스는 보안 기능을 강화한 '스마트 안심 진단 서비스'의 지원 단말을 태블릿PC까지 확대했다고 23일 밝혔다.스마트 안심 진단 서비스는 2018년 출시한 '실시간PC 원격주치의'의 고도화 버전으로, PC와 노트북만 원격으로 진단했던 서비스에서 나아가 태블릿PC 등 각 기기에 맞는 보안 솔루션을 지원한다.LG유플러스는 보안 기능을 강화한 '스마트 안심 진단 서비스'의 지원 단말을 태블릿PC까지 확대했다고 23일 밝혔다. LG유플러스 직원이 스마트 안심 진단 서비스를 소개하고 있는 모습. LG유플러스 제공LG유플러스는 스마트 안심 진단 서비스의 보안 기능을 강화하고 최근 사용량이 증가한 태블릿PC까지 지원을 확대했다.먼저 PC와 노트북은 사용자 화면을 외부로부터 보호하는 '스크린 디펜딩' 보안 솔루션을 탑재한다. 고객이 사용 중 사이버 침입을 감지하면 해킹을 원격으로 즉시 차단하고 고객에게 알림을 보낸다. 이때 침입자의 화면은 감지 즉시 검게 바뀌어 고객의 개인 정보가 유출되지 않도록 보호한다. 해당 서비스는 24시간 지원하되 사용자가 원치 않는 시간에는 기능을 끌 수 있다.태블릿PC는 스마트 안심 진단 앱을 설치하면 사용자가 원하는 시간에 원격 진단이 가능하다. 예약 서비스뿐만 아니라 실시간으로 원격 진단이 가능한 경우는 통신사 중 최초다. 아이폰과 아이패드를 이용하는 고객에게는 원격으로 가이드를 제공해 고객이 전문가와 함께 실시간으로 진단할 수 있게 한다.스마트 안심 진단 서비스 가입을 원하는 고객은 원격 진단이 가능한 단말기 수에 따라 2가지 요금제 중 하나를 선택할 수 있다. PC·노트북 외 태블릿PC 1대를 추가하면 월 6600원, 2대는 월 8800원이다. 보안 솔루션 외에도 고객이 사용하는 PC·노트북·태블릿PC의 파손·고장 시 발생하는 수리비도 받을 수 있다. 보상 수리비는 1년에 1회로, 한도는 최대 50만원(자기부담금 10만원 포함)이다.오인호 LG유플러스 홈사업담당(상무)은 ""이번 서비스는 고객의 단말 사용 패턴 변화에 맞춰 서비스를 개선하고 보안 침해 사고에 불안을 느끼는 고객들을 위해 새로운 솔루션을 제공함으로써 안전한 인터넷 이용 환경을 만들기 위해 준비했다""면서 ""앞으로도 댁 내 생활에 필요한 서비스들을 통신과 접목하여 발굴해 나갈 예정""이라고 말했다."
https://n.news.naver.com/mnews/article/421/0008619941?sid=105,2025-11-23 14:01:33,IT/과학,"LGU+, 원격 보안 진단 서비스 범위 태블릿PC로까지 확대","'스마트 안심 진단 서비스' 범위 늘려 새롭게 출시PC·노트북 외에 태블릿PC 한 대 추가하면 월 요금 6600원(LG유플러스 제공. 재판매 및 DB금지)2025.11.23/뉴스1(서울=뉴스1) 김민재 기자 = LG유플러스(032640)가 '스마트 안심 진단 서비스' 보안 설루션 지원 범위를 태블릿PC까지 확대했다고 23일 밝혔다.스마트 안심 진단 서비스는 2018년 출시한 보안 설루션 '실시간 PC 원격주치의' 고도화 버전이다.LG유플러스는 원격 진단 서비스 범위를 PC, 노트북에서 태블릿PC까지 확장했다.PC와 노트북에는 사용자 화면을 외부로부터 보호하는 '스크린 디펜딩' 설루션을 탑재한다.이용자가 장치를 사용하는 중 사이버 침입을 감지하면 해킹을 원격으로 차단하고 사용자에게 알림을 보낸다.이때 침입자 화면은 즉시 검게 바뀐다. 이 서비스는 24시간 지원하되 이용자가 원치 않는 시간대에는 끌 수 있다.태블릿PC는 스마트 안심 진단 애플리케이션(앱)을 통해 관리한다. 해당 앱을 설치하면 사용자가 원하는 시간대에 원격으로 보안 상태를 진단할 수 있다.스마트 안심 진단 서비스 요금은 원격 진단이 가능한 단말기 수에 따라 나뉜다.PC·노트북 외 태블릿PC 한 대를 추가하면 월 요금은 6600원이다. 태블릿PC 2대를 추가하면 월 8800원을 납부해야 한다.새롭게 출시된 스마트 안심 진단 서비스에 가입하면 보안 설루션 외에도 파손·고장 시 수리비도 받을 수 있다.보상 수리비는 1년에 1회 최대 50만원(자기부담금 10만원 포함)을 수령할 수 있다."
https://n.news.naver.com/mnews/article/241/0003479535?sid=105,2025-11-23 14:58:17,IT/과학,LGU+ '스마트 안심 진단 서비스' 태블릿 PC로 확대,"해킹 감지하면 즉시 차단LG유플러스는 '스마트 안심 진단 서비스' 지원 단말을 태블릿 PC까지 확대했다고 23일 밝혔다.스마트 안심 진단 서비스는 2018년 출시한 '실시간 PC 원격주치의'의 고도화 버전이다. PC와 노트북만 원격으로 진단했던 서비스를 태블릿 PC까지 포함해 각 기기에 맞는 보안 솔루션을 지원하는 서비스로 확장했다.PC와 노트북은 사용자 화면을 외부로부터 보호하는 '스크린 디펜딩' 보안 솔루션을 탑재했다. 고객이 사용 중 사이버 침입을 감지하면 해킹을 원격으로 즉시 차단하고, 고객에게 알림을 보내는 서비스를 제공한다.이때 침입자의 화면은 감지 즉시 검게 바뀌어 고객의 개인정보가 유출되지 않는다. 해당 서비스는 24시간 지원한다.태블릿 PC는 스마트 안심 진단 앱을 설치하면 사용자가 원하는 시간에 원격으로 진단이 가능하다. 예약 서비스를 비롯해 실시간으로 원격 진단이 가능하다. 아이폰과 아이패드를 이용하는 고객에게는 원격으로 가이드를 제공한다.스마트 안심 진단 서비스는 원격 진단이 가능한 단말기 수에 따라 2가지 요금제 중 하나를 선택할 수 있다. PC와 노트북 외 태블릿 PC 1대를 추가하면 월 6600원, 2대는 월 8800원이다.새로운 서비스에 가입하면 보안 솔루션 외에도 고객이 사용하는 PC, 노트북, 태블릿 PC의 파손 및 고장 시 발생하는 수리비도 받을 수 있다. 보상 수리비는 1년에 1회로, 한도는 최대 50만원(자기부담금 10만원 포함)이다.오인호 LG유플러스 홈사업담당은 ""앞으로도 생활에 필요한 서비스들을 통신과 접목해 발굴할 예정""이라고 말했다.정길준 기자 kjkj@edaily.co.kr"
https://n.news.naver.com/mnews/article/138/0002210376?sid=105,2025-11-23 16:53:08,IT/과학,"LGU+, 태블릿PC로 ‘스마트 안심 진단 서비스’ 지원 확대","[디지털데일리 강소현기자] LG유플러스는 보안 기능을 강화한 ‘스마트 안심 진단 서비스’의 지원 단말을 태블릿PC까지 확대한다고 23일 밝혔다.스마트 안심 진단 서비스는 2018년 출시한 ‘실시간PC 원격주치의’의 고도화된 버전이다. PC·노트북만 원격으로 진단했던 서비스에서 태블릿PC까지 포함해 각 기기에 맞는 보안 솔루션을 지원하는 서비스로 확장했다.먼저, PC 및 노트북은 사용자 화면을 외부로부터 보호하는 ‘스크린 디펜딩’ 보안 솔루션을 탑재한다. 고객이 사용 중 사이버 침입을 감지하면 해킹을 원격으로 즉시 차단하고 고객에게 알림을 보내는 서비스다.이때 침입자의 화면은 감지 즉시 검게 바뀌어 고객의 개인 정보가 유출되지 않도록 보호한다. 해당 서비스는 24시간 지원하되 사용자가 원치 않는 시간에는 오프(Off) 설정을 할 수 있다.태블릿PC는 스마트 안심 진단 앱을 설치하면 사용자가 원하는 시간에 원격으로 진단이 가능하다. 예약 서비스뿐만 아니, 실시간으로 원격 진단이 가능한 경우는 통신사 중 최초다.스마트 안심 진단 서비스 가입을 원하는 고객은 원격 진단이 가능한 단말기 수에 따라 2가지 요금제 중 하나를 선택할 수 있다. PC·노트북 외 태블릿PC 1대를 추가하면 월 6600원, 2대는 월 8800원이다.특히, 이번에 새롭게 출시되는 서비스에 가입하면 보안 솔루션 외에도 고객이 사용하는 PC와 노트북, 태블릿PC의 파손 및 고장 시 발생하는 수리비도 받을 수 있다. 보상 수리비는 1년에 1회로 한도는 최대 50만원(자기부담금 10만원 포함)이다.오인호 LG유플러스 홈사업담당(상무)은 “이번 서비스는 댁 내에서 고객의 단말 사용 패턴 변화에 맞춰 서비스를 개선하고 보안 침해 사고에 불안을 느끼는 고객들을 위해 새로운 솔루션을 제공함으로써 안전한 인터넷 이용 환경을 만들기 위해 준비했다”며 ”앞으로도 댁 내 생활에 필요한 서비스들을 통신과 접목하여 발굴해 나갈 예정이다”라고 말했다"
https://n.news.naver.com/mnews/article/014/0005438586?sid=105,2025-11-23 18:53:12,IT/과학,한국 몰려온 글로벌 AI유니콘… 국내기업과 '기술 동맹' 물색,"올해 오픈AI·앤트로픽 등 5곳 상륙오디오 기업 일레븐랩스 대표 방한네이버·크래프톤·LGU+ 등 만나""韓, 아시아 AI음성허브로 만들것""글로벌 시장 핵심 거점으로 부상마티 스타니셰프스키 일레븐랩스 공동창업자 겸 최고경영자(CEO)가 지난 21일 서울 서초구 JW메리어트 서울에서 열린 한국 진출 기자간담회에서 발언하고 있다. 뉴시스글로벌 인공지능(AI) 선두 기업들이 국내 시장에 잇따라 진출하며 파트너 찾기에 나섰다. 한국이 세계적인 수준의 디지털 인프라와 높은 AI 수용성을 바탕으로 글로벌 성공의 '테스트 베드'를 넘어 AI 격전지로 부상하고 있다는 평가가 나온다. 23일 업계에 따르면 올해 한국에 진출한 해외 유니콘 AI 기업은 지난 21일 국내 본격 진출을 선언한 일레븐랩스와 △오픈AI △앤트로픽 △코히어 △안두릴 등 총 5개다.지난 20일 방한한 마티 스타니셰프스키 일레븐랩스 공동 창업자 겸 최고경영자(CEO)는 국내 파트너들과 만나 파트너십에 대해 논의했다.주요 고객사인 크래프톤, 이스트소프트 등 기업들을 비롯해 투자사 네이버와 LG유플러스 등과도 네트워킹 차원의 만남을 가졌다. 스타니셰프스키 CEO는 ""다양한 기업 외에도 한국의 AI 업계 전문가도 만나 시장 진출에 대해 논의했다""고 전했다.일레븐랩스는 영국과 미국 뉴욕을 본거지로 둔 오디오연구 개발 전문기업이다. 전통 더빙 방식 한계를 극복하기 위해 AI 기술을 활용한 음성 특화 언어모델과 솔루션을 지원한다.특히 지난 2023년 출시한 AI 기반 텍스트-음성 변환(TTS) 툴을 통해 사실적인 음성 복제 기술을 선보이며 글로벌 음성AI 분야에 가장 앞서 있다는 평가를 받는다. 월간 이용자 수(MAU)는 5000만명 이상으로, 네이버와 LG유플러스 등 국내 기업도 참여한 시리즈C 투자 유치까지 끝내며 66억 달러의 기업 가치를 평가 받았다.스타니셰프스키 CEO는 지난 21일 간담회에서 ""한국을 아시아 AI 음성 허브로 도약하는데 기여하겠다""고 밝혔다. 일레븐랩스는 지난 1월부터 국내에서 비즈니스를 시작했고, 내년 초 사무실을 연다. 현재 GTM(Go-To-Market)팀을 중심으로 운영되고 있으며, 내년부터 본격적으로 한국 내 채용 규모도 늘린다. 국내에 자사의 AI 음성 상품을 출시하고, 자사의 AI 복제 목소리를 상업적으로 판매하는 '아이코닉 보이스'에 한국 유명인도 포함시키겠다고 발표했다. 아울러 일레븐랩스는 K-콘텐츠의 글로벌 진출을 지원한다는 계획이다.앞서 올해 한국 시장에 진출한 다른 AI 기업들도 국내 사업 전개와 더불어 국내 기업들과 적극적인 파트너십을 맺고 있다. 지난 10월 첫 협업 결과물 '챗GPT 포(For) 카카오'를 내놓은 오픈AI가 대표적이다. 이 밖에도 AI 기업들은 대기업 뿐만 아니라 한국 스타트업들과 활발히 교류하고 있기도 하다.글로벌 유니콘 AI 기업들이 국내에 적극 진출하는 이유는 세계 최고 수준의 디지털 인프라와 높은 AI 수용력, 정부의 적극적인 투자 등이 꼽힌다. 홍상원 일레븐랩스 한국지사장은 ""세계에서 가장 까다로운 서비스 기준이 한국 시장을 최적 시장으로 만들고 있다""며 ""한국에서 성공은 곧 글로벌 성공의 지표라는 점에서 일레븐랩스는 한국을 아시아 진출의 핵심 거점으로 선택했다""고 말했다.해외 AI 기업들의 적극적인 진출에 국내 기업도 파트너십을 통해 '윈윈'할 수 있는 구조가 만들어지고 있다. 한 업계 관계자는 ""국내 기업들이 자체적으로 AI를 연구·개발하고 있지만 모든 분야에 리소스를 투자할 수는 없다""며 ""개발과 별도로 특정 분야의 기술은 파트너십을 통해 경쟁력을 확보해나가고 있다""고 설명했다.wongood@fnnews.com 주원규 기자"
https://n.news.naver.com/mnews/article/014/0005438588?sid=105,2025-11-23 18:53:16,IT/과학,LGU+ 태블릿도 '실시간 원격주치의' 서비스 된다,"스마트 안심진단 지원 확대LG유플러스는 보안 기능을 강화한 '스마트 안심 진단 서비스'의 지원 단말을 태블릿PC까지 확대했다고 23일 밝혔다.스마트 안심 진단 서비스란 2018년 출시한 '실시간PC 원격주치의'의 고도화된 버전이다. PC·노트북만 원격으로 진단했던 서비스에서 태블릿PC까지 포함해 각 기기에 맞는 보안 솔루션을 지원하는 서비스로 확장했다.LG유플러스는 고객 정보를 최우선으로 지키기 위해 스마트 안심 진단 서비스의 보안 기능을 강화하고, 최근 사용량이 증가한 태블릿PC까지 지원을 확대했다.PC 및 노트북은 사용자 화면을 외부로부터 보호하는 '스크린 디펜딩' 보안 솔루션을 탑재한다. 고객이 사용 중 사이버 침입을 감지하면 해킹을 원격으로 즉시 차단하고, 고객에게 알림을 보내는 서비스를 제공한다.이때 침입자의 화면은 감지 즉시 검게 바뀌어 고객의 개인 정보가 유출되지 않도록 보호한다. 해당 서비스는 24시간 지원하되 사용자가 원치 않는 시간에는 꺼짐 설정을 할 수 있다.태블릿PC는 스마트 안심 진단 앱을 설치하면 사용자가 원하는 시간에 원격으로 진단이 가능하다. 예약 서비스 뿐 아니라, 실시간으로 원격 진단이 가능한 경우는 통신사 중 최초다. 아이폰과 아이패드를 이용하는 고객에게는 원격으로 가이드를 제공해 고객이 전문가와 함께 실시간으로 진단할 수 있게 한다.스마트 안심 진단 서비스 가입을 원하는 고객은 원격 진단이 가능한 단말기 수에 따라 2가지 요금제 중 하나를 선택할 수 있다. PC·노트북 외 태블릿PC 1대를 추가하면 월 6600원, 2대는 월 8800원이다. 이번에 새롭게 출시되는 서비스에 가입하면 보안 솔루션 외에도 고객이 사용하는 PC·노트북·태블릿PC의 파손·고장 시 발생하는 수리비도 받을 수 있다."
https://n.news.naver.com/mnews/article/008/0005282081?sid=105,2025-11-24 09:00:00,IT/과학,"어려운 통신용어, 이해하기 쉽게…LGU+ 'AI언어변환기' 고도화","/사진=LG유플러스LG유플러스가 AI(인공지능)로 고객 중심 언어를 생성하는 'AI고객언어변환기'를 고도화했다고 24일 밝혔다.AI고객언어변환기는 LG유플러스 임직원이 고객에게 안내할 문자메시지, 공지사항, 상담 메시지 등 다양한 문구를 쉽고 빠르게 작성하도록 돕는 사내 서비스다. 초안을 입력하거나 기본 프롬프트를 사용하는 방식으로 고객에게 알리는 문구를 즉시 변환할 수 있다.LG유플러스는 지난해 8월 AI고객언어변환기 1.0을 출시한 후, 채팅형 사용자 인터페이스(UI)를 도입했다. 지난 10월엔 버튼 하나로 '더 친절하게', '더 정중하게' 등 톤을 바꿀 수 있는 2.0을 선보였다. 또 배너, 문자메시지 등 일부 유형에만 제한되던 변환 기능을 모든 문구로 확대해 최근까지 4500여건 이상의 문구를 업무 현장에 적용했다.10만건 이상의 안내 문구를 학습한 AI고객언어변환기 2.0은 LG유플러스만의 '진심체'로 따뜻하고 이해하기 쉽게 설명한다. 이를테면 ""VoIP는 종량과금 정책에 따라 요금이 부과되니 유의 바랍니다""라는 문장은 ""인터넷전화는 사용한 만큼 요금이 발생하니 유의해 주세요""로 바꾼다. ""VAS 중복 적용으로 인한 과납금은 익월 청구서에서 환급 처리됩니다""라는 문장은 ""부가서비스를 중복으로 적용해 요금을 더 낸 경우, 다음 달 청구서에서 환급받을 수 있어요""로 변환한다.AI고객언어변환기는 직원들의 메시지 작성·검토 시간을 크게 줄였다. 고객센터, 영업 현장, 홈페이지, 앱 등 활용 분야도 다양하다.박수 LG유플러스 CX혁신담당(상무)은 ""향후 고객 반응률과 만족도를 분석해 이해하기 쉽고 일관된 언어를 AI고객언어변환기에 지속적으로 학습시킬 계획""이라며 ""고객 중심 소통을 더욱 강화해 나가겠다""고 말했다."
https://n.news.naver.com/mnews/article/003/0013616807?sid=101,2025-11-24 09:00:00,경제,"LGU+, AI로 고객 중심 언어 바꾼다…'AI고객언어변환기' 고도화","LGU+, 'AI고객언어변환기' 2.0 업데이트""더 친절하게, 더 정중하게"" 톤 변경 가능지난달 고도화 이후 4500여건 현장 사용[서울=뉴시스] LG유플러스가 인공지능(AI)으로 고객 중심 언어를 생성하는 'AI고객언어변환기'를 고도화했다고 24일 밝혔다. (사진=LG유플러스 제공) 2025.11.24. photo@newsis.com *재판매 및 DB 금지[서울=뉴시스]박은비 기자 = LG유플러스가 인공지능(AI)으로 고객 중심 언어를 생성하는 'AI고객언어변환기'를 고도화했다고 24일 밝혔다.복잡한 안내는 덜어내고 고객이 이해하기 쉬운 메시지를 제공해 고객 편의를 개선하겠다는 LG유플러스의 새로운 철학 '심플리 유플러스(Simply U+)' 일환이다.AI고객언어변환기는 LG유플러스 임직원이 고객에게 안내할 문자 메시지, 공지사항, 상담 메시지 등 다양한 문구를 쉽고 빠르게 작성하도록 돕는 사내 서비스다. 초안을 입력하거나 기론 프롬프트를 사용하는 방식으로 고객에게 알리는 문구를 즉시 변환할 수 있다.LG유플러스는 지난해 8월 AI고객언어변환기 1.0을 출시한 뒤 지난달 업그레이드하면서 채팅형 사용자 인터페이스(UI)를 도입했다. 또 버튼 하나로 더 친절하게, 더 정중하게 등 톤을 바꿀 수 있는 기능을 추가했다.배너, 문자 메시지 등 일부 유형에만 제한되던 변환 기능을 전면 확장해 유형 제한 없이 모든 문구를 자유롭게 변환하는 것도 가능해졌다. 업그레이드 이후 최근까지 4500여건 이상의 문구가 업무 현장에서 활용된 것으로 파악됐다.AI고객언어변환기 2.0은 LG유플러스만의 고객 언어 철학인 진심체를 학습해 따뜻하고 이해하기 쉽게 바꿔준다. LG유플러스는 그동안 10만건 이상의 고객 안내 문구를 직접 검수하고 진심체로 다듬은 언어 데이터로 AI고객언어변환기를 학습시켰다.가령 ""VolP는 종량과금 정책에 따라 요금이 부과되니 유의 바랍니다""를 ""인터넷전화는 사용한 만큼 요금이 발생하니 유의해주세요""로 바꾸는 식이다.AI고객언어변환기는 고객센터, 영업 현장, 홈페이지, 앱 등 활용 분야가 다양하다. 어떤 채널에서든 한 사람이 응대하는 것처럼 통일된 진심체로 안내 가능하다.박수 LG유플러스 CX혁신담당(상무)은 ""향후 고객 반응률과 만족도를 분석해 이해하기 쉽고 일관된 언어를 AI고객언어변환기에 지속적으로 학습시킬 계획""이라며 ""고객 중심 소통을 더욱 강화해 나가겠다""고 말했다."
https://n.news.naver.com/mnews/article/277/0005683375?sid=105,2025-11-24 09:00:00,IT/과학,"LG U+, AI로 통신용어 쉽게 바꾼다…'AI고객언어변환기' 고도화","상담·공지사항 등 고객 메시지에 활용""고객 중심 소통 강화할 것""LG유플러스는 인공지능(AI)으로 고객 중심 언어를 생성하는 'AI고객언어변환기'를 고도화했다고 24일 밝혔다. 고객이 이해하기 쉬운 메시지를 제공해 고객 편의를 개선하기 위해서라는 설명이다.AI고객언어변환기는 LG유플러스 임직원이 고객에게 안내할 문자메시지, 공지사항, 상담 메시지 등 다양한 문구를 쉽고 빠르게 작성하도록 돕는 사내 서비스다. 초안을 입력하거나 정해진 문구를 사용하는 방식으로 고객에게 알리는 문구를 변환할 수 있다.LG유플러스는 인공지능(AI)으로 고객 중심 언어를 생성하는 'AI고객언어변환기'를 고도화했다고 24일 밝혔다. LG유플러스 모델이 AI고객언어변환기를 소개하고 있다. LG유플러스 제공LG유플러스는 지난해 8월 AI고객언어변환기 1.0을 출시한 뒤 채팅형 사용자 인터페이스(UI)를 도입하고 '더 친절하게', '더 정중하게' 등 톤을 버튼 하나로 바꿀 수 있는 기능을 추가해 지난달 2.0으로 업그레이드했다. 아울러 배너, 문자메시지 등 일부 유형에만 제한되던 변환 기능을 확장해 모든 문구를 자유롭게 변환할 수 있게 했다. 업그레이드 후 최근까지 4500여건 이상의 문구가 업무 현장에서 사용됐다.LG유플러스는 10만건 이상의 고객 안내 문구를 직접 검수하고 다듬은 언어 데이터로 AI고객언어변환기를 학습시켰다. 예를 들어 ""인터넷전화(VoIP)는 종량과금 정책에 따라 요금이 부과되니 유의 바랍니다""라는 문장은 ""인터넷전화는 사용한 만큼 요금이 발생하니 유의해 주세요""처럼 쉬우면서도 친근하게 바뀐다.AI고객언어변환기를 활용한 직원들도 메시지 작성부터 검토까지 걸리는 시간을 크게 줄였다. 고객센터, 영업 현장, 홈페이지, 앱 등 활용 분야도 다양하다는 설명이다.박수 LG유플러스 CX혁신담당(상무)은 ""향후 고객 반응률과 만족도를 분석해 이해하기 쉽고 일관된 언어를 AI고객언어변환기에 지속적으로 학습시킬 계획""이라며 ""고객 중심 소통을 더욱 강화해 나가겠다""고 말했다."
https://n.news.naver.com/mnews/article/001/0015758210?sid=105,2025-11-24 09:00:00,IT/과학,"LGU+, 고객 언어로 바꿔주는 사내 AI 서비스 고도화","고객 메시지 전반에 활용…AX로 업무 생산성 향상[LG유플러스 제공. 재판매 및 DB 금지](서울=연합뉴스) 박형빈 기자 = LG유플러스는 인공지능(AI)으로 고객 중심 언어를 자동 생성하는 사내 서비스 'AI고객언어변환기'를 고도화했다고 24일 밝혔다.이 서비스는 임직원이 고객 안내 문자메시지, 공지사항, 상담 메시지 등을 쉽고 빠르게 작성하도록 돕는 도구다. 초안 문구를 입력하거나 기본 프롬프트를 선택하면 곧바로 고객 안내용 문구로 변환해준다.LG유플러스는 지난해 8월 1.0 버전을 출시한 뒤 채팅형 사용자 인터페이스(UI) 도입과 문체 조절 기능을 더해 올해 10월 2.0 버전으로 업그레이드했다. 회사에 따르면 최근까지 총 4천500건 이상의 문구가 실제 업무에서 활용됐다.2.0 버전은 LG유플러스의 고객 소통 철학인 '진심체'를 학습해 메시지를 보다 따뜻하고 이해하기 쉬운 표현으로 바꿔주는 것이 특징이다. LG유플러스는 이를 위해 10만건 이상의 고객 안내 문구를 직접 검수·정제해 학습 데이터로 활용했다.회사는 고객 관점 글쓰기에 어려움을 겪는 직원도 메시지 작성과 검토에 드는 시간을 크게 단축할 수 있다며 고객센터·영업 현장·홈페이지·앱 등 다양한 부문에서 활용도도 높을 것이라고 전했다.박수 LG유플러스 CX혁신담당(상무)은 ""향후 고객 반응률과 만족도를 분석해 이해하기 쉽고 일관된 언어를 AI고객언어변환기에 지속해 학습시킬 계획""이라며 ""고객 중심 소통을 더욱 강화해 나가겠다""고 말했다.binzz@yna.co.kr"
https://n.news.naver.com/mnews/article/119/0003028591?sid=105,2025-11-24 09:00:15,IT/과학,"“익월 환급” 대신 “다음 달 돌려드려요”…LGU+, AI로 안내문 친절화","상담·공지사항 등 고객 메시지 전반에 활용LG유플러스 모델이 AI 고객언어변환기를 소개하는 모습.ⓒLG유플러스[데일리안 = 조인영 기자] LG유플러스는 고객과의 소통 방식을 혁신하기 위해 AI로 고객 중심 언어를 생성하는 ‘AI고객언어변환기’를 고도화했다고 24일 밝혔다.복잡한 안내는 덜고 고객이 이해하기 쉬운 심플한 메시지를 제공함으로써 고객 편의를 개선하겠다는 LG유플러스의 새로운 철학인 ‘Simply U+’의 일환이다.‘AI고객언어변환기’는 LG유플러스 임직원이 고객에게 안내할 문자메시지, 공지사항, 상담 메시지 등 다양한 문구를 쉽고 빠르게 작성하도록 돕는 사내 서비스다. 초안을 입력하거나 기본 프롬프트를 사용하는 방식으로 고객에게 알리는 문구를 즉시 변환할 수 있다.LG유플러스는 지난해 8월 AI고객언어변환기 1.0을 출시한 이후, 채팅형 사용자 인터페이스(UI)를 도입하고, 버튼 하나로 ‘더 친절하게’, ‘더 정중하게’ 등 톤을 바꿀 수 있는 기능을 추가해 지난 10월 2.0으로 업그레이드했다.또 배너, 문자메시지 등 일부 유형에만 제한되던 변환 기능을 전면 확장해 유형 제한 없이 모든 문구를 자유롭게 변환할 수 있게 했다. 업그레이드 후 최근까지 4500여건 이상의 문구가 업무 현장에서 사용되는 성과를 거두기도 했다.AI고객언어변환기 2.0은 LG유플러스만의 고객 언어 철학인 ‘진심체’를 학습해 따뜻하고 이해하기 쉽게 바꿔주는 것이 특징이다. LG유플러스는 그동안 10만건 이상의 고객 안내 문구를 직접 검수하고 진심체로 다듬은 언어 데이터로 AI고객언어변환기를 학습시켰다.가령 “VoIP는 종량과금 정책에 따라 요금이 부과되니 유의 바랍니다” 문장은 “인터넷전화는 사용한 만큼 요금이 발생하니 유의해 주세요”처럼 간결하고 친근하게 바뀐다. “VAS 중복 적용으로 인한 과납금은 익월 청구서에서 환급 처리됩니다” 문장은 “부가서비스를 중복으로 적용해 요금을 더 낸 경우, 다음 달 청구서에서 환급받을 수 있어요”로 바꾸는 방식이다.AI고객언어변환기는 단순한 문구 생성을 넘어, 고객 관점 글쓰기가 어려운 직원에게 메시지 작성부터 검토까지 걸리는 시간을 크게 줄였다.고객센터, 영업 현장, 홈페이지, 앱 등 활용 분야도 다양하다. 어떤 채널에서든 마치 한 사람이 응대하는 것처럼 따뜻하고 통일된 ‘진심체’로 안내할 수 있어 고객 경험의 신뢰감을 높이는 것이 장점이다.박수 LG유플러스 CX혁신담당(상무)은 “향후 고객 반응률과 만족도를 분석해 이해하기 쉽고 일관된 언어를 AI고객언어변환기에 지속적으로 학습시킬 계획”이라며 “고객 중심 소통을 더욱 강화해 나가겠다”고 말했다."
https://n.news.naver.com/mnews/article/016/0002561848?sid=105,2025-11-24 09:01:10,IT/과학,"LGU+, AI고객언어변환기 고도화…복잡한 통신 용어 쉽게 전달","고객 안내 ‘더 친절하게· 더 정중하게’ 변경상담·공지사항 등 메시지 전반 활용사용성 강화해 한 달 만에 4500건 생성LG유플러스 모델이 AI고객언어변환기를 소개하는 모습. [LG유플러스 제공][헤럴드경제=권제인 기자] LG유플러스가 AI로 고객 중심 언어를 생성하는 ‘AI고객언어변환기’를 고도화했다고 24일 밝혔다. 이해하기 쉬운 메시지를 제공함으로써 고객 편의를 개선하겠다는 LG유플러스의 새로운 철학 ‘심플리(Simply) U+’의 일환이다.AI고객언어변환기는 LG유플러스 임직원이 고객에게 안내할 문자메시지, 공지사항, 상담 메시지 등 다양한 문구를 쉽고 빠르게 작성하도록 돕는 사내 서비스다. 초안을 입력하거나 기본 프롬프트를 사용하는 방식으로 고객에게 알리는 문구를 즉시 변환할 수 있다.LG유플러스는 지난해 8월 AI고객언어변환기 1.0을 출시한 이후 지난 10월 2.0으로 업그레이드했다. 2.0에서는 채팅형 사용자 인터페이스(UI)를 도입하고 버튼 하나로 ‘더 친절하게’, ‘더 정중하게’ 등 톤을 바꿀 수 있는 기능을 추가했다.또한 배너, 문자메시지 등 일부 유형에만 제한되던 변환 기능을 전면 확장해 유형 제한 없이 모든 문구를 자유롭게 변환할 수 있게 했다. 업그레이드 후 최근까지 4500여 건 이상의 문구가 업무 현장에서 사용됐다.LG유플러스는 AI고객언어변환기 2.0이 자사만의 고객 언어 철학인 ‘진심체’를 학습해 따뜻하고 이해하기 쉽게 바꿔주는 것이 특징이라고 설명했다. LG유플러스는 그동안 10만건 이상의 고객 안내 문구를 직접 검수하고 진심체로 다듬은 언어 데이터로 AI고객언어변환기를 학습시켰다.가령 “Vo IP는 종량과금 정책에 따라 요금이 부과되니 유의 바랍니다”라는 문장은 “인터넷전화는 사용한 만큼 요금이 발생하니 유의해 주세요”처럼 간결하고 친근하게 바뀐다. “VAS 중복 적용으로 인한 과납금은 익월 청구서에서 환급 처리됩니다”라는 문장은 “부가서비스를 중복으로 적용해 요금을 더 낸 경우, 다음 달 청구서에서 환급받을 수 있어요”로 수정한다.AI고객언어변환기는 단순한 문구 생성을 넘어, 메시지 작성부터 검토까지 업무에 걸리는 시간 또한 크게 줄였다. 고객센터, 영업 현장, 홈페이지, 앱 등에서 활용할 수 있고 어떤 채널에서든 마치 한 사람이 응대하는 것처럼 따뜻하고 통일된 ‘진심체’로 안내할 수 있다.박수 LG유플러스 CX혁신담당(상무)은 “향후 고객 반응률과 만족도를 분석해 이해하기 쉽고 일관된 언어를 AI고객언어변환기에 지속적으로 학습시킬 계획”이라며 “고객 중심 소통을 더욱 강화해 나가겠다”고 말했다."
https://n.news.naver.com/mnews/article/092/0002399530?sid=105,2025-11-24 09:01:11,IT/과학,"LGU+, AI로 고객 응대 언어 쉽게 바꾼다","상담·공지사항 등에 활용…사용성 강화해 한 달 만에 4500건 생성LG유플러스가 AI로 고객 중심 언어를 생성하는 ‘AI고객언어변환기’를 고도화했다고 24일 밝혔다.고객이 이해하기 쉬운 심플한 메시지를 제공해 편의를 개선하겠다는 LG유플러스의 새로운 철학인 ‘Simply U+’의 일환이다.AI고객언어변환기는 LG유플러스 임직원이 고객에게 안내할 문자메시지, 공지사항, 상담 메시지 등 다양한 문구를 쉽고 빠르게 작성하도록 돕는 사내 서비스다. 초안을 입력하거나 기본 프롬프트를 사용하는 방식으로 고객에게 알리는 문구를 즉시 변환할 수 있다.LG유플러스는 지난해 8월 AI고객언어변환기 1.0을 출시한 뒤 채팅형 사용자 인터페이스(UI)를 도입하고, 버튼 하나로 ‘더 친절하게’, ‘더 정중하게’ 등 톤을 바꿀 수 있는 기능을 추가해 지난 10월 2.0으로 업그레이드했다.또한 배너, 문자메시지 등 일부 유형에만 제한되던 변환 기능을 전면 확장해 유형 제한 없이 모든 문구를 자유롭게 변환할 수 있게 했다. 업그레이드 후 최근까지 4천500여건 이상의 문구가 업무 현장에서 사용되는 성과를 거두기도 했다.AI고객언어변환기 2.0은 LG유플러스만의 고객 언어 철학인 ‘진심체’를 학습해 따뜻하고 이해하기 쉽게 바꿔주는 것이 특징이다. LG유플러스는 그동안 10만건 이상의 고객 안내 문구를 직접 검수하고 진심체로 다듬은 언어 데이터로 AI고객언어변환기를 학습시켰다.예컨대 “VoIP는 종량과금 정책에 따라 요금이 부과되니 유의 바랍니다”라는 문장은 “인터넷전화는 사용한 만큼 요금이 발생하니 유의해 주세요”처럼 간결하고 친근하게 바뀐다.“VAS 중복 적용으로 인한 과납금은 익월 청구서에서 환급 처리됩니다”라는 문장은 “부가서비스를 중복으로 적용해 요금을 더 낸 경우, 다음 달 청구서에서 환급받을 수 있어요”로 바꾼다.AI고객언어변환기는 단순한 문구 생성을 넘어, 고객 관점 글쓰기가 어려운 직원에게 메시지 작성부터 검토까지 걸리는 시간을 크게 줄였다. 고객센터, 영업 현장, 홈페이지, 앱 등 활용 분야도 다양하다. 어떤 채널에서든 마치 한 사람이 응대하는 것처럼 따뜻하고 통일된 ‘진심체’로 안내할 수 있어 고객 경험의 신뢰감을 높이는 것이 장점이다.박수 LG유플러스 CX혁신담당은 “향후 고객 반응률과 만족도를 분석해 이해하기 쉽고 일관된 언어를 AI고객언어변환기에 지속적으로 학습시킬 계획”이라며 “고객 중심 소통을 더욱 강화해 나가겠다”고 말했다."
https://n.news.naver.com/mnews/article/421/0008620688?sid=105,2025-11-24 09:07:58,IT/과학,"LGU+, 복잡한 '통신어' AI 통해 쉽게…현장서 4500건 사용","'AI고객언어변환기' 고도화…상담·공지사항 등에 활용LG유플러스가 고객과의 소통 방식을 혁신하기 위해 AI로 고객 중심 언어를 생성하는 ‘AI고객언어변환기’를 고도화했다고 24일 밝혔다. 사진은 LG유플러스 모델이 AI고객언어변환기를 소개하는 모습. (LGU+ 제공)(서울=뉴스1) 이기범 기자 = LG유플러스(032640)가 복잡한 통신 용어를 인공지능(AI)을 통해 고객 중심 언어로 바꾸는 'AI고객언어변환기'를 고도화했다고 24일 밝혔다.AI고객언어변환기는 LG유플러스 고객에게 안내할 문자메시지, 공지사항, 상담 메시지 등 다양한 문구를 쉽고 빠르게 작성하도록 돕는 사내 서비스다.LG유플러스는 지난해 8월 해당 서비스 출시 후 채팅형 사용자 인터페이스(UI)를 도입하고, 버튼 하나로 '더 친절하게', '더 정중하게' 등 톤을 바꿀 수 있는 기능을 추가해 지난 10월 2.0 버전으로 업데이트했다. 또 배너, 문자메시지 등 일부 유형에만 한정된 변환 기능을 제한 없이 쓸 수 있도록 확장했다.예를 들어 ""VoIP는 종량과금 정책에 따라 요금이 부과되니 유의 바랍니다""라는 문장은 ""인터넷전화는 사용한 만큼 요금이 발생하니 유의해 주세요""로 간결하게 바뀐다.LG유플러스는 그동안 10만건 이상의 고객 안내 문구를 직접 검수해 AI고객언어변환기를 학습시켰으며, 업데이트 이후 최근까지 한 달 만에 4500여건 이상의 문구가 업무 현장에서 사용됐다고 설명했다.박수 LG유플러스 CX혁신담당(상무)은 ""향후 고객 반응률과 만족도를 분석해 이해하기 쉽고 일관된 언어를 AI고객언어변환기에 지속적으로 학습시킬 계획""이라며 ""고객 중심 소통을 더욱 강화해 나가겠다""고 말했다."
https://n.news.naver.com/mnews/article/011/0004559248?sid=105,2025-11-24 09:08:15,IT/과학,"LGU+, 고객언어 고도화…AI 활용 ‘쉽고 따듯하게’","AI고객언어변환기 고도화LG유플러스 모델이 AI고객언어변환기를 소개하고 있다. 사진제공=LG유플러스[서울경제]LG유플러스(032640)가 인공지능(AI)으로 고객 중심 언어를 생성하는 ‘AI고객언어변환기’를 고도화했다고 24일 밝혔다. 고객 편의를 개선하겠다는 새로운 철학 ‘Simply U+’의 일환으로 복잡한 안내는 덜고 고객이 이해하기 쉬운 메시지를 제공하겠다는 것이다.AI고객언어변환기는 LG유플러스 임직원이 고객에게 안내할 문자메시지, 공지사항, 상담 메시지 등 다양한 문구를 쉽고 빠르게 작성하도록 돕는 사내 서비스다. 초안을 입력하거나 기본 프롬프트를 사용하는 방식으로 고객에게 알리는 문구를 즉시 변환할 수 있다. 최근까지 4500여건 이상의 문구가 업무 현장에서 사용되는 성과를 거두기도 했다.AI고객언어변환기 2.0은 LG유플러스만의 고객 언어 철학인 ‘진심체’를 학습해 따뜻하고 이해하기 쉽게 바꿔주는 것이 특징이다. LG유플러스는 그동안 10만건 이상의 고객 안내 문구를 직접 검수하고 진심체로 다듬은 언어 데이터로 AI고객언어변환기를 학습시켰다.가령 “VoIP는 종량과금 정책에 따라 요금이 부과되니 유의 바랍니다.”라는 문장은 “인터넷전화는 사용한 만큼 요금이 발생하니 유의해 주세요.”처럼 간결하고 친근하게 바뀐다. 또한 고객 관점 글쓰기가 어려운 직원에게 메시지 작성부터 검토까지 걸리는 시간이 크게 줄었다. 고객센터, 영업 현장, 홈페이지, 어플리케이션 등 활용 분야도 다양하다.박수 LG유플러스 CX혁신담당(상무)은 “향후 고객 반응률과 만족도를 분석해 이해하기 쉽고 일관된 언어를 AI고객언어변환기에 지속적으로 학습시킬 계획”이라며 “고객 중심 소통을 더욱 강화해 나가겠다”고 말했다."
https://n.news.naver.com/mnews/article/138/0002210382?sid=105,2025-11-24 09:11:09,IT/과학,"“어려운 통신용어, AI로 쉽게 바꾼다” LGU+ ‘AI고객언어변환기’ 2.0 도입","사진=LG유플러스[디지털데일리 오병훈기자] LG유플러스가 가입자와 소통 방식을 바꾸기 위해 인공지능(AI) 기반 ‘AI고객언어변환기’를 고도화했다고 24일 밝혔다.‘AI고객언어변환기’는 임직원이 문자메시지, 공지사항, 상담 메시지 등 안내 문구를 쉽고 빠르게 작성하도록 돕는 사내 서비스다. 초안을 입력하거나 기본 프롬프트를 통해 문구를 즉시 변환할 수 있다. LG유플러스는 1.0 출시 이후 채팅형 사용자인터페이스(UI)를 도입하고 버튼 하나로 ‘더 친절하게’ ‘더 정중하게’ 등 톤을 바꿀 수 있도록 했으며 10월 2.0으로 업그레이드했다. 업그레이드 이후 한 달 사이 4500건 가입자자 안내 문구를 생성했다.업그레이드에서는 배너·문자 등 일부 유형에만 적용되던 변환 기능을 전면 확장했다. 현재는 유형 제한 없이 모든 문구를 자유롭게 변환할 수 있도록 사용성을 높였다.이번 2.0은 LG유플러스의 가입자 언어 철학 ‘진심체’를 학습해 따뜻하고 이해하기 쉬운 표현으로 바꿔주는 것이 특징이다. 회사는 그동안 10만건 이상 가입자 안내 문구를 직접 검수해 다듬은 언어 데이터로 서비스를 학습시켰다. 예를 들어 “VoIP는 종량과금 정책에 따라 요금이 부과되니 유의 바랍니다.”는 “인터넷전화는 사용한 만큼 요금이 발생하니 유의해 주세요.”로 바뀐다.서비스는 메시지 작성부터 검토까지 걸리는 시간을 줄여 고객센터와 영업 현장 및 홈페이지 애플리케이션(앱) 등에서 활용된다. 채널 전반에서 한 사람이 응대하는 것처럼 통일된 ‘진심체’로 안내해 경험의 신뢰감을 높일 수 있다는 설명이다.박수 LG유플러스 CX혁신담당(상무)은 “향후 가입자 반응률과 만족도를 분석해 이해하기 쉽고 일관된 언어를 AI고객언어변환기에 지속적으로 학습시킬 계획”이라며 “가입자 중심 소통을 더욱 강화해 나가겠다”고 말했다."
https://n.news.naver.com/mnews/article/018/0006170211?sid=105,2025-11-24 09:13:10,IT/과학,"LG U+, AI 활용해 고객 언어 심플하게...AI고객언어변환기 고도화","복잡한 통신 용어 쉽게‘AI고객언어변환기’ 고도화…Simply U+ 구현 일환상담·공지사항 등 고객 메시지 전반에 활용사용성 강화해 한 달 만에 4500건 생성[이데일리 윤정훈 기자]LG유플러스(032640)가 고객과의 소통 방식을 혁신하기 위해 AI로 고객 중심 언어를 생성하는 ‘AI고객언어변환기’를 고도화했다고 24일 밝혔다. 복잡한 안내는 덜고 고객이 이해하기 쉬운 심플한 메시지를 제공함으로써 고객 편의를 개선하겠다는 LG유플러스의 새로운 철학인 ‘Simply U+’의 일환이다.(사진=LG유플러스)‘AI고객언어변환기’는 LG유플러스 임직원이 고객에게 안내할 문자메시지, 공지사항, 상담 메시지 등 다양한 문구를 쉽고 빠르게 작성하도록 돕는 사내 서비스다. 초안을 입력하거나 기본 프롬프트를 사용하는 방식으로 고객에게 알리는 문구를 즉시 변환할 수 있다.LG유플러스는 지난해 8월 AI고객언어변환기 1.0을 출시한 이후, 채팅형 사용자 인터페이스(UI)를 도입하고, 버튼 하나로 ‘더 친절하게’, ‘더 정중하게’ 등 톤을 바꿀 수 있는 기능을 추가해 지난 10월 2.0으로 업그레이드했다.또한 배너, 문자메시지 등 일부 유형에만 제한되던 변환 기능을 전면 확장해 유형 제한 없이 모든 문구를 자유롭게 변환할 수 있게 했다. 업그레이드 후 최근까지 4500여건 이상의 문구가 업무 현장에서 사용되는 성과를 거두기도 했다.AI고객언어변환기 2.0은 LG유플러스만의 고객 언어 철학인 ‘진심체’를 학습해 따뜻하고 이해하기 쉽게 바꿔주는 것이 특징이다. LG유플러스는 그동안 10만건 이상의 고객 안내 문구를 직접 검수하고 진심체로 다듬은 언어 데이터로 AI고객언어변환기를 학습시켰다.가령 “VoIP는 종량과금 정책에 따라 요금이 부과되니 유의 바랍니다.”라는 문장은 “인터넷전화는 사용한 만큼 요금이 발생하니 유의해 주세요.”처럼 간결하고 친근하게 바뀐다. “VAS 중복 적용으로 인한 과납금은 익월 청구서에서 환급 처리됩니다.”라는 문장은 “부가서비스를 중복으로 적용해 요금을 더 낸 경우, 다음 달 청구서에서 환급받을 수 있어요.”로 바꾸는 방식이다.AI고객언어변환기는 단순한 문구 생성을 넘어, 고객 관점 글쓰기가 어려운 직원에게 메시지 작성부터 검토까지 걸리는 시간을 크게 줄였다. 고객센터, 영업 현장, 홈페이지, 앱 등 활용 분야도 다양하다. 어떤 채널에서든 마치 한 사람이 응대하는 것처럼 따뜻하고 통일된 ‘진심체’로 안내할 수 있어 고객 경험의 신뢰감을 높이는 것이 장점이다.박수 LG유플러스 CX혁신담당(상무)은 “향후 고객 반응률과 만족도를 분석해 이해하기 쉽고 일관된 언어를 AI고객언어변환기에 지속적으로 학습시킬 계획”이라며 “고객 중심 소통을 더욱 강화해 나가겠다”고 말했다."
https://n.news.naver.com/mnews/article/031/0000983259?sid=105,2025-11-24 09:19:09,IT/과학,"LGU+, AI로 고객 언어 바꾼다…AI고객언어변환기 2.0 고도화","진심체 적용해 고객 안내 고도화…누적 사용 4500건 이상LG유플러스는 24일 고객과의 소통 방식을 혁신하기 위해 'AI고객언어변환기'를 고도화했다고 밝혔다. 복잡한 안내를 덜고, 고객이 이해하기 쉬운 간결한 메시지를 제공하려는 'Simply U+' 철학의 일환이다.사진은 LG유플러스 모델이 AI고객언어변환기를 소개하는 모습. [사진=LGU+]AI고객언어변환기는 임직원이 고객에게 보내는 문자, 공지, 상담 메시지 등을 쉽고 빠르게 작성할 수 있도록 지원하는 사내 서비스다. 초안을 입력하거나 기본 프롬프트를 활용해 고객 안내 문구를 즉시 변환할 수 있다.해당 서비스는 지난해 8월 1.0 버전 출시 이후 채팅형 사용자 인터페이스(UI)와 톤 조절 기능을 추가하며 지난 10월 2.0으로 업그레이드됐다. 변환 가능 범위도 기존 배너·문자 등 일부 유형에서 전 문구로 확대됐다. 업그레이드 이후 최근까지 4500건 이상 문구가 현장에 활용됐다.2.0 버전은 LG유플러스의 고객 언어 철학인 '진심체'를 학습해, 문장을 따뜻하고 이해하기 쉽게 바꿔주는 것이 특징이다. LG유플러스는 10만건 이상의 고객 안내 문구를 검수하고, 이를 AI에 학습시켰다.예를 들어 ""VoIP는 종량과금 정책에 따라 요금이 부과되니 유의 바랍니다""는 문장은 ""인터넷전화는 사용한 만큼 요금이 발생하니 유의해 주세요""로, ""VAS 중복 적용으로 인한 과납금은 익월 청구서에서 환급 처리됩니다""는 ""부가서비스를 중복으로 적용해 요금을 더 낸 경우, 다음 달 청구서에서 환급받을 수 있어요""로 변환된다.AI고객언어변환기는 단순 문구 생성에 그치지 않고, 고객 관점 글쓰기가 익숙하지 않은 직원들의 작성·검토 시간을 크게 줄였다. 고객센터·영업 현장·홈페이지·앱 등 다양한 채널에서 동일한 진심체로 안내할 수 있어, 고객 신뢰도를 높이는 데 기여하고 있다.박수 LG유플러스 CX혁신담당(상무)은 ""향후 고객 반응률과 만족도를 분석해, AI고객언어변환기에 이해하기 쉽고 일관된 언어를 지속적으로 학습시킬 계획""이라며 ""고객 중심 소통을 더욱 강화하겠다""고 말했다."
https://n.news.naver.com/mnews/article/082/0001355088?sid=101,2025-11-24 09:34:09,경제,"LGU+, 통신 용어 쉽게 설명하는 ‘AI고객언어변환기’ 고도화","상담·공지사항 등 고객 메시지 전반 활용사용성 강화해 한 달 만에 4500건 생성LG유플러스가 AI로 고객 중심 언어를 생성하는 ‘AI고객언어변환기’를 고도화했다고 24일 밝혔다. 사진은 LG유플러스 모델이 AI고객언어변환기를 소개하는 모습. LG유플러스 제공LG유플러스가 인공지능(AI)을 이용해 ‘고객 중심 언어’를 생성하는 ‘AI고객언어변환기’를 고도화했다고 24일 밝혔다.AI고객언어변환기는 LG유플러스 임직원이 고객에게 안내하는 문자메시지, 공지사항, 상담 메시지 등 문구를 쉽고 빠르게 작성하도록 돕는 사내 서비스다. 초안을 입력하거나 기본 프롬프트를 사용하는 방식으로 고객에게 알리는 문구를 즉시 변환할 수 있다.LG유플러스는 지난해 8월 AI고객언어변환기 1.0을 출시한 이후, 채팅형 사용자 인터페이스(UI)를 도입하고, 버튼 하나로 ‘더 친절하게’, ‘더 정중하게’ 등 톤을 바꿀 수 있는 기능을 추가해 지난 10월 2.0으로 업그레이드했다고 밝혔다. 또 배너, 문자메시지 등 일부 유형에만 제한되던 변환 기능을 전면 확장해 유형 제한 없이 모든 문구를 자유롭게 변환할 수 있게 했다. 업그레이드 후 최근까지 4500여 건 이상의 문구가 업무 현장에서 사용됐다.AI고객언어변환기 2.0은 LG유플러스만의 고객 언어 철학인 ‘진심체’를 학습, 이해하기 쉽게 바꿔주는 것이 특징이다. LG유플러스는 그동안 10만 건 이상의 고객 안내 문구를 직접 검수하고 진심체로 다듬은 언어 데이터로 AI고객언어변환기를 학습시켰다.가령 “VoIP(음성인터넷프로토콜)는 종량과금 정책에 따라 요금이 부과되니 유의 바랍니다”라는 문장은 “인터넷전화는 사용한 만큼 요금이 발생하니 유의해 주세요”로 바뀐다. “VAS(부가서비스) 중복 적용으로 인한 과납금은 익월 청구서에서 환급 처리됩니다”라는 문장은 “부가서비스를 중복으로 적용해 요금을 더 낸 경우, 다음 달 청구서에서 환급받을 수 있어요”로 바꾸는 방식이다.AI고객언어변환기는 단순한 문구 생성을 넘어, 고객 관점 글쓰기가 어려운 직원에게 메시지 작성부터 검토까지 걸리는 시간을 줄였다. 박수 LG유플러스 CX혁신담당(상무)은 “향후 고객 반응률과 만족도를 분석해 이해하기 쉽고 일관된 언어를 AI고객언어변환기에 지속적으로 학습시킬 계획”이라며 “고객 중심 소통을 더욱 강화해 나가겠다”고 말했다."
https://n.news.naver.com/mnews/article/030/0003373101?sid=105,2025-11-24 09:36:22,IT/과학,"LGU+, 'AI고객언어변환기' 고도화…상담·공지사항 활용","LG유플러스 모델이 AI고객언어변환기를 소개하는 모습LG유플러스가 고객과 소통 방식 혁신을 위해 인공지능(AI)으로 고객 중심 언어를 생성하는 'AI고객언어변환기'를 고도화했다.'AI고객언어변환기'는 LG유플러스 임직원이 고객에게 안내할 문자메시지, 공지사항, 상담 메시지 등 다양한 문구를 쉽고 빠르게 작성하도록 돕는 사내 서비스다.초안을 입력하거나 기본 프롬프트를 사용하는 방식으로 고객에게 알리는 문구를 즉시 변환할 수 있다.LG유플러스는 지난해 8월 출시한 1.0 버전에 채팅형 사용자환경(UI)을 도입하고, 유형 제한 없이 모든 문구를 자유롭게 변환할 수 있게 했다. 업그레이드 후 최근까지 4500여건 이상의 문구가 업무 현장에서 사용되는 성과를 거뒀다.LG유플러스는 그동안 10만건 이상의 고객 안내 문구를 직접 검수하고 진심체로 다듬은 언어 데이터로 AI고객언어변환기를 학습시켰다.AI고객언어변환기는 단순한 문구 생성을 넘어 고객 관점 글쓰기가 어려운 직원에게 메시지 작성부터 검토까지 걸리는 시간을 크게 줄였다. 고객센터, 영업 현장, 홈페이지, 앱 등 활용 분야도 다양하다.박수 LG유플러스 CX혁신담당(상무)은 “향후 고객 반응률과 만족도를 분석해 이해하기 쉽고 일관된 언어를 AI고객언어변환기에 지속적으로 학습시킬 계획”이라며 “고객 중심 소통을 더욱 강화해 나가겠다”고 말했다."
https://n.news.naver.com/mnews/article/119/0003028719?sid=105,2025-11-24 11:01:07,IT/과학,유료방송 가입자 3623만…전체 줄고 IPTV만 증가,"유료방송 사업자별 가입자 수 및 시장점유율ⓒ방송미디어통신위원회[데일리안 = 조인영 기자] 올 상반기 인터넷멀티미디어방송(IPTV), 종합유선방송(SO), 위성방송 등 유료방송 가입자가 약 3623만을 기록, 전년 하반기 대비 0.38% 감소했다.IPTV는 이 기간 0.49% 증가한 반면 SO는 1.4% 감소해 대조를 보였다.방송미디어통신위원회는 24일 ‘2025년도 상반기 유료방송 가입자 수와 시장점유율’을 발표했다.올 상반기 유료방송 가입자 수는 3622만6100으로 작년 하반기 대비 13만8546이 줄어 2024년 상반기에 처음 감소한 이후 하락세가 지속되고 있는 것으로 나타났다.최근 3년간 IPTV 가입자 수는 꾸준히 증가한 반면 SO와 위성방송은 지속 감소하고 있다.올 상반기 기준 IPTV 가입자 수는 2141만4521(59.11%), 종합유선방송(SO) 1209만1056(33.38%), 위성방송 272만523(7.51%)으로 나타났다.사업자별 가입자 수는 ▲KT 902만8900(24.92%) ▲SK브로드밴드(IPTV) 676만8835(18.68%) ▲LGU+561만6786(15.50%) ▲LG헬로비전 343만5058(9.48%) ▲SK브로드밴드(SO) 278만5114(7.69%) 순으로 집계됐다.유료방송 가입자 수는 한국정보통신진흥협회(KAIT)가 인터넷멀티미디어방송(IPTV), 종합유선방송(SO), 위성방송 사업자별 실무 조사를 진행하고, 방송미디어통신위원회가 민간위원으로 구성한 전문심의회에서 심의, 의결한다."
https://n.news.naver.com/mnews/article/016/0002561990?sid=103,2025-11-24 11:01:09,생활/문화,올 상반기 유료방송 가입자 수 3623만…감소세 지속,"지난해 하반기 대비 13만8546 줄어[방송미디어통신위원회 제공][헤럴드경제=손미정 기자] 올 상반기 인터넷멀티미디어방송(IPTV), 종합유선방송(SO), 위성방송 등 유료방송 가입자는 약 3623만으로 조사됐다. 이로써 유료방송 가입자 수는 2024년 상반기 첫 감소 이후 하락세를 이어갔다.24일 방송미디어통신위원회(이하 방미통위)는 ‘2025년도 상반기 유료방송 가입자 수와 시장점유율’을 발표하고, 올해 상반기 유료방송 가입자 수가 지난해 하반기 대비 13만8546 줄어든 3622만6100이라고 밝혔다.방미통위에 따르면 최근 3년간 인터넷멀티미디어방송(IPTV) 가입자 수는 꾸준히 증가한 반면, 종합유선방송(SO)과 위성방송은 지속 감소했다.[방송미디어통신위원회 제공]올 상반기 기준 인터넷멀티미디어방송(IPTV) 가입자 수는 2141만4521(59.11%), 종합유선방송(SO) 1209만1056(33.38%), 위성방송 272만523(7.51%)으로 나타났다.사업자별 가입자 수는 ▷KT 902만8900(24.92%) ▷SK 브로드밴드(IPTV) 676만8835(18.68%) ▷LGU+ 561만6786(15.50%) ▷LG헬로비전 343만5058(9.48%) ▷SK 브로드밴드(SO) 278만5114 (7.69%) 순으로 집계됐다.유료방송 가입자 수는 한국정보통신진흥협회(KAIT)가 인터넷멀티미디어방송(IPTV), 종합유선방송(SO), 위성방송 사업자별 실무 조사를 진행하고, 방송미디어통신위원회가 민간위원으로 구성한 전문심의회에서 심의, 의결한다."
https://n.news.naver.com/mnews/article/437/0000465767?sid=100,2025-11-24 11:01:09,정치,"휘청대는 방송 시장…유료방송 가입자 수, 또 감소","올 상반기 기준 전체 유료방송 가입자 수가 약 3623만(단말장치·단자 기준)으로 조사됐습니다. 인터넷멀티미디어방송(IPTV), 종합유선방송(SO), 위성방송 등 가입자 수를 모두 합친 수치입니다. 2024년 상반기부터 3분기 연속으로 유료방송 가입자 수는 줄어들었습니다.방송미디어통신위원회는 오늘(24일) 오전 '2025년도 상반기 유료방송 가입자 수와 시장점유율'을 발표하고 올 상반기 유료방송 가입자 수가 약 3623만으로 조사됐다고 밝혔습니다. 유료방송 가입자 수는 한국정보통신진흥협회(KAIT)가 인터넷멀티미디어방송(IPTV), 종합유선방송(SO), 위성방송 사업자별 실무 조사를 진행한 결과를 바탕으로, 방송미디어통신위원회가 민간위원으로 구성한 전문심의회에서 심의·의결합니다.거세지는 '코드 커팅(Cord Cutting)'…방송시장 '휘청'올 상반기 유료방송 가입자 수 약 3623만은 지난해 하반기 대비 13만8546만이 줄어든 수치입니다. 유료방송 가입자 수는 2024년 상반기 처음으로 줄어든 이후 3분기 연속 하락세입니다. 2024년 상반기 5755(-0.02%), 2024년 하반기 1만9964(0.05%), 2025년 상반기는 13만8546(0.38%)이 줄었습니다. 하락 폭이 점점 커지고 있는 모양새입니다.구체적으로 살펴보면, IPTV는 2141만, SO는 1209만, 위성방송은 272만 가입자 수를 확보하고 있습니다. IPTV를 제외한 나머지 유료방송 플랫폼은 모두 가입자 수가 줄었습니다. 다만 IPTV 가입자 수 또한 점차 증가 폭이 줄고 있습니다. 최근 3년간 IPTV 가입자 수 증감률은 2022년 하반기 1.76%, 2023년 상반기 1.21%, 2023년 하반기 0.91%, 2024년 상반기 0.69%, 2024년 하반기 0.76%, 2025년 상반기 0.49% 증가 폭을 보였습니다.지난 3년 간 유료방송 가입자 수 추이 (표: 방송미디어통신위원회)사업자별 가입자 수는 ▲KT(903만·24.92%) ▲SK브로드밴드 IPTV(677만·18.68%) ▲LGU+(562만·15.50%) ▲LG)헬로비전(344만·9.48%) ▲SK 브로드밴드 SO(279만·7.69%) 순이었습니다.지속적으로 하락하고 있는 유료방송 가입자 수는 최근 넷플릭스와 같은 글로벌 OTT 등 온라인 미디어 플랫폼을 통한 시청이 늘면서 유료방송 가입을 끊는 '코드 커팅(Cord Cutting)' 현상이 심화하고 있는 추세가 반영된 것으로 보입니다.노창희 디지털산업정책연구소장은 “동영상 소비가 디지털 플랫폼 중심으로 이뤄지는 추세에서 어쩔 수 없는 비가역적인 상황”이라며 “안타까운 건 디지털 플랫폼에 비해 유료방송은 여전히 채널 편성 규제나 요금 규제 등 규제를 많이 받고 있는 현실”이라고 말했습니다. 그러면서 “유료방송과 인터넷 플랫폼 간 규제 형평성을 제고할 수 있는 규제 개선이 필요한 시점”이라고 덧붙였습니다."
https://n.news.naver.com/mnews/article/018/0006170476?sid=105,2025-11-24 13:56:15,IT/과학,"유료방송 가입자 13만명 추가 이탈…IPTV만 증가, SO·위성방송 급감세 뚜렷","[이데일리 김현아 기자] 올 상반기 유료방송 가입자가 또다시 줄어들며 시장 전반의 ‘구독 이탈’ 흐름이 고착되는 모습이다.IPTV는 증가세를 이어갔지만 종합유선방송(SO)과 위성방송에서 가입자가 크게 감소하면서 전체 가입자 수가 6개월 만에 13만8546명 줄었다.방송미디어통신위원회가 24일 발표한 ‘2025년 상반기 유료방송 가입자 수 및 시장점유율’에 따르면 IPTV·SO·위성방송을 합한 전체 유료방송 가입자는 3622만6100명으로 집계됐다.이는 지난해 하반기 대비 13만8546명 감소한 수치로, 2024년 상반기 처음 감소한 이후 1년 넘게 하락세가 이어지고 있다.SO·위성방송, ‘이탈 본격화’…IPTV만 소폭 증가가입자 구성 변화를 보면 IPTV만 유일하게 늘고, SO와 위성방송은 감소세가 심화됐다.IPTV는 2141만4521명(전기 대비 +10만4270명, 점유율 59.11%)으로 소폭 증가했다.반면 SO(케이블)는 1209만1056명(전기 대비 -18만2044명, 점유율 33.38%)으로 감소했다.위성방송역시 272만0523명(전기 대비 -6만0772명, 점유율 7.51%)으로 감소했다.SO는 전기 대비 1.48%, 위성방송은 2.19%로 감소폭이 더 커졌다. 시장에서는 “SO·위성의 가입자 이동이 구조적 흐름으로 굳어지고 있다”는 평가가 나온다.전체 시장 성장 정체…명확한 역성장유료방송 전체 가입자 수는 2022년 이후 증가→정체→감소 흐름을 거쳐 현재는 명확한 역성장 단계에 들어선 모습이다.2022년 하반기 3624만8397명이던 가입자 수가 2024년 상반기 3638만4610명으로 최고점을 찍더니, 2025년 상반기 3622만6100명으로 감소가 지속되고 있다.IPTV가 꾸준히 가입자를 늘리고 있음에도, SO·위성방송의 감소폭이 더 커 전체 시장을 끌어내리는 구조가 반복되고 있다.사업자별 점유율…KT 24.92%로 선두, LGU+ 증가폭 가장 커상반기 기준 5대 사업자의 가입자 수는 다음과 같다.KT는 902만8900명(24.92%)으로 1위를 지켰다. SK브로드밴드(IPTV)는 676만8835명(18.68%), LG유플러스는 561만6786명(15.50%)이었다.LG헬로비전은 343만5058명(9.48%), SK브로드밴드(SO) 278만5114명(7.69%)였다.LG유플러스는 IPTV 3사 중 증가폭(7만5267명)이 가장 컸다. 반면 LG헬로비전(SO)은 7만5782명 감소하며 전체 SO 이탈 추세를 반영했다.“유료방송 구독 기반 약화”…OTT 경쟁·케이블 노후화 영향정부 당국은 하반기에도 SO·위성방송의 감소세가 이어질 가능성이 높다고 분석한다. 업계에서는 △OTT 확산 △케이블망 고도화 지연 △지역 SO의 투자 여력 한계 등을 주요 요인으로 꼽는다.유료방송 시장은 IPTV 중심의 재편이 더욱 가속화되는 가운데, 케이블·위성 기반 사업자들의 경쟁력 확보 과제가 더욱 부각될 전망이다."
https://n.news.naver.com/mnews/article/448/0000572670?sid=101,2025-11-24 14:51:02,경제,"LGU+, AI가 통신언어 쉽게 고쳐준다…""고객이 이해하기 편하게""",LG유플러스가 통신 전문 용어를 AI로 고객이 이해하기 쉬운 언어로 바꿔주는 ‘AI고객언어변환기’를 개선했다고 24일 밝혔다.지난해 8월 AI고객언어변환기 1.0을 출시한 이후 두번째 업그레이드다.업그레이드 후 최근까지 4500여건 이상의 문구가 업무 현장에서 사용되는 성과를 거두기도 했다.LG유플러스는 그동안 10만건 이상의 고객 안내 문구를 직접 검수하고 진심체로 다듬은 언어 데이터로 AI고객언어변환기를 학습시켰다.예를들어 “VoIP는 종량과금 정책에 따라 요금이 부과되니 유의 바랍니다.”라는 문장은 “인터넷전화는 사용한 만큼 요금이 발생하니 유의해 주세요.”처럼 간결하고 친근하게 바뀐다.박수 LG유플러스 CX혁신담당(상무)은 “향후 고객 반응률과 만족도를 분석해 이해하기 쉽고 일관된 언어를 AI고객언어변환기에 지속적으로 학습시킬 계획”이라며 “고객 중심 소통을 더욱 강화해 나가겠다”고 말했다.
https://n.news.naver.com/mnews/article/081/0003594802?sid=101,2025-11-24 15:04:17,경제,"LG U+, AI 활용해 고객 언어 ‘심플’하게 바꾼다","LG유플러스 제공LG유플러스가 고객과 소통하는 방식을 혁신하기 위해 인공지능(AI)을 활용하는 ‘AI고객언어변환기’를 고도화했다. 복잡한 설명을 줄이고, 고객이 쉽게 이해할 수 있는 간단한 메시지를 제공하기 위해서다.24일 LG유플러스에 따르면 ‘AI고객언어변환기’는 LG유플러스 직원들이 고객에게 보낼 문자 메시지, 공지사항, 상담 내용 등을 쉽고 빠르게 작성하도록 돕는 사내 서비스다. 직원들은 초안을 입력하거나 기본 틀을 사용해서 고객 안내 문구를 즉시 변환할 수 있다. 지난해 8월 1.0 버전이 출시됐으며, 지난 10월 2.0으로 성능이 향상됐다.AI고객언어변환기 2.0은 LG유플러스가 중요하게 여기는 고객 소통 방식인 ‘진심체’를 학습했다는 점이 특징이다. 진심체란 LG유플러스가 고객과의 소통을 위해 자체적으로 정립하고 사용하는 고객 중심의 언어 스타일을 말한다.예를 들어 “VoIP (인터넷 전화)는 종량과금 정책에 따라 요금이 부과되니 유의 바랍니다”라는 문장은 “인터넷전화는 사용한 만큼 요금이 발생하니 유의해 주세요”처럼 간결하고 친근하게 바뀌었다. 또 “VAS(부가 서비스) 중복 적용으로 인한 과납금은 익월 청구서에서 환급 처리됩니다”라는 문장은 “부가서비스를 중복으로 적용해 요금을 더 낸 경우, 다음 달 청구서에서 환급받을 수 있어요.”로 바뀌는 방식이다.이처럼 AI고객언어변환기는 단순한 문구 생성을 넘어, 고객 입장에서 글쓰기가 어려웠던 직원들의 메시지 작성 및 검토 시간을 크게 줄여줬다. 그 결과 2.0으로 업그레이드 후 최근까지 한 달 간 4500여 건 이상의 문구가 업무 현장에서 사용되는 성과를 거뒀다."
https://n.news.naver.com/mnews/article/448/0000572688?sid=100,2025-11-24 15:26:33,정치,"방미통위 ""올 상반기 유료방송 가입자 수 3623만 명""","올 상반기 인터넷멀티미디어방송(IPTV), 종합유선방송(SO), 위성방송 등 유료방송 가입자가 약 3623만 명으로 집계됐다.방송미디어통신위원회(위원장 직무대리 반상권)는 24일 ‘2025년도 상반기 유료방송 가입자 수와 시장점유율’을 발표했다.유료방송 가입자 수는 한국정보통신진흥협회(KAIT)가 인터넷멀티미디어방송(IPTV), 종합유선방송(SO), 위성방송 사업자별 실무 조사를 진행하고, 방송미디어통신위원회가 민간위원으로 구성한 전문심의회에서 심의·의결한다.이에 따라 확정된 올 상반기 유료방송 가입자 수는 3622만6100명으로 작년 하반기 대비 13만8546명이 줄어 2024년 상반기에 처음 감소한 이후 하락세가 지속되고 있는 것으로 나타났다.최근 3년간 인터넷멀티미디어방송(IPTV) 가입자 수는 꾸준히 증가한 반면, 종합유선방송(SO)과 위성방송은 지속 감소했다.올 상반기 기준 인터넷멀티미디어방송(IPTV) 가입자 수는 2141만4521명(59.11%), 종합유선방송(SO) 1209만1056명(33.38%), 위성방송 272만523명(7.51%)으로 나타났다.사업자별 가입자 수는 ▲케이티(KT) 902만8900명(24.92%) ▲에스케이(SK) 브로드밴드(IPTV) 676만8835명(18.68%) ▲엘지유플러스(LGU+) 561만6786명(15.50%) ▲엘지(LG)헬로비전 343만5058명(9.48%) ▲에스케이(SK) 브로드밴드(SO) 278만5114명(7.69%) 순으로 집계됐다."
https://n.news.naver.com/mnews/article/123/0002372525?sid=004,2025-11-24 15:33:11,,"LG U+, AI로 복잡한 통신용어 쉽게 바꾼다","◆…LG유플러스 모델이 AI고객언어변환기를 소개하는 모습. 사진=LG유플러스 제공LG유플러스가 고객과의 소통 방식을 개선하기 위해 인공지능(AI)을 활용한 언어 단순화 작업을 강화했다고 24일 밝혔다. 회사는 복잡한 통신 용어를 고객이 이해하기 쉬운 표현으로 바꾸는 'AI고객언어변환기'를 고도화했으며 이를 '심플리 유플러스(Simply U+)' 전략의 핵심 요소로 제시했다.이 도구는 직원이 안내문, 문자메시지, 공지사항 등을 보다 쉽게 작성하도록 지원하는 사내 AI 서비스다. 기본 문구를 입력하면 고객 친화적 표현으로 자동 변환해주며 지난해 8월 출시 후 채팅형 사용자 인터페이스(UI)와 더 친절하게, 더 정중하게 등 어투 조정 기능을 추가해 지난 10월 2.0으로 업그레이드했다.이번 고도화로 변환 가능 영역이 모든 문구로 확대됐고 서비스 활용도도 높아졌다. LG유플러스는 확장된 기능이 실제 업무에서 한 달 간 4500여건의 고객 안내 문구 작성에 적용됐다고 설명했다.AI고객언어변환기 2.0은 LG유플러스의 고객 언어 철학인 진심체를 기반으로 학습된 것이 특징이다. 회사는 10만건이 넘는 고객 안내 문구를 직접 검수해 데이터로 구축했으며 이를 AI에 학습시켜 따뜻하고 이해하기 쉬운 표현으로 바꿀 수 있도록 했다.예를 들어 'VoIP는 종량과금 정책에 따라 요금이 부과되니 유의 바랍니다'라는 문장은 '인터넷전화는 사용한 만큼 요금이 발생하니 유의해 주세요'로, 'VAS 중복 적용으로 인한 과납금은 익월 청구서에서 환급 처리됩니다'라는 문장은 '부가서비스를 중복으로 적용해 요금을 더 낸 경우 다음 달 청구서에서 환급받을 수 있어요'로 변환된다.AI고객언어변환기는 문구 생성 시간을 줄이고 고객센터, 영업 현장, 홈페이지, 앱 등 전 채널에서 통일된 어투로 안내할 수 있도록 해 고객 경험의 신뢰도를 높였다.최근 통신업계에서는 복잡한 용어나 불친절한 안내 문구가 고객 불만 요인으로 지적되면서 이를 해소하기 위한 AI 기반 고객 커뮤니케이션 혁신이 확산되고 있다. SK텔레콤은 AI 비서 에이닷(A.)을 통해 맞춤형 상담 서비스를 확대하고 있으며 KT는 상담센터에 AI 언어모델을 도입해 응대 효율을 높이고 있다. LG유플러스는 상담 효율보다 고객이 쉽게 이해할 수 있는 언어에 초점을 맞춰 AI를 브랜드 언어 관리와 고객 경험 개선의 도구로 활용하고 있다.회사 내부에서도 이번 프로젝트는 단순한 업무 자동화가 아닌 AI 기반 업무 방식 혁신(AX) 사례로 평가된다. 직원이 AI를 활용해 고객 중심 문장을 다듬는 과정이 누적되면서 학습 데이터 품질과 브랜드 톤의 일관성이 함께 강화되는 구조다. 앞으로는 고객 반응 데이터를 학습해 더 정교한 맞춤 언어를 제안하는 형태로 발전할 가능성도 있다.박수 LG유플러스 CX혁신담당(상무)은 ""고객 반응률과 만족도를 분석해 이해하기 쉽고 일관된 언어를 지속적으로 학습시킬 계획""이라며 ""고객 중심 소통을 강화하겠다""고 말했다."
https://n.news.naver.com/mnews/article/018/0006170591?sid=105,2025-11-24 15:52:10,IT/과학,연말 단말기 교체 수요 잡아라… 갤럭시 S25+·아이폰17 지원금 동반 인상,"갤럭시 S25+,아이폰17 공통지원금 20만→50만원대 상향특정 모델 중심 ‘선택적 경쟁’만수험생 타깃 ‘수능 페스타’ 마케팅 전개SKT·KT 해킹·유심교체 여파로 현장 마케팅은 조용[이데일리 윤정훈 기자]이동통신 3사가 삼성전자(005930) 갤럭시 S25 플러스와 애플 아이폰17 일반형의 공통지원금을 일제히 상향했다. 단말기유통구조개선법(단통법) 폐지 이후에도 이렇다할 마케팅이 없었던 통신 3사가 연말 단말기 교체 수요를 잡기 위해 오랜만에 경쟁을 벌이고 있다.서울의 한 휴대폰 매장 앞으로 시민이 지나가고 있다.(사진=뉴스1)24일 통신 업계에 따르면 SK텔레콤(017670), KT(030200), LG유플러스(032640) 등 통신 3사는 최근 아이폰17 일반형 모델과 갤럭시 S25 플러스 모델의 공통지원금을 기존 20만 원대에서 최대 50만원대(최고가 요금제 기준)로 2배 이상 상향했다. 다만 최대 혜택을 받기 위해서는 12만원 이상의 고가 요금제를 2년간 유지해야 하는 조건이다.포문은 애플 아이폰17이 먼저 열었다. 통신3사는 지난 14일 기준 아이폰17 일반형의 공시지원금을 45만원으로 상향했다. LGU+는 번호이동 고객에게 최대 55만원을 지원하며 가장 공격적인 행보를 나타냈다. 출시 두 달만에 아이폰에 대해 공격적인 할인 헤택을 주는 것은 애플이 한국 시장 점유율 확대 의지가 반영된 것으로 보인다.삼성전자(005930)도 아이폰17 지원금 인상을 의식한듯 통신 3사 지원금을 50만원으로 상향했다. SKT는 5GX 플래티넘(12만5000원) 약정 기준 갤럭시 S25+ 지원금을 17만원에서 50만원으로 상향했다. KT도 티빙·지니·밀리 초이스 베이직(13만원) 약정 기준 갤럭시 S25+는 50만원으로 지원금을 상향했다. LGU+도 5G 시그니처(13만원) 약정 기준 갤럭시 S25+ 지원금을 25만원에서 50만원으로 상향했다.갤럭시 S25+와 아이폰17 일반형은 출고가 기준 갤럭시 S25+가 135만3000원으로 128만7000원의 아이폰17 일반형 대비 6만6000원 비싸다. 하지만 공통지원금과 15% 수준의 유통점 추가지원금을 더하면 온라인 기준 구매가격은 불과 1만원도 차이나지 않는다. 가격이 저렴한 곳으로 알려진 일부 성지점에서는 무료로 살 수 있는 곳도 있다.[이데일리 김일환 기자]통신업계 관계자는 “3분기까지는 해킹 이슈와 AI 신사업 투자 등으로 인해 통신사들이 마케팅 출혈 경쟁을 자제해왔으나, 수능이 끝난 11월 중순부터 분위기가 조금은 나아졌다”며 “수험생을 타깃으로 한 프로모션 수요와 연말 교체 수요가 맞물리면서 예년 수준 정도의 마케팅이 이뤄지고 있다”고 분석했다.실제 각 사는 수험생을 겨냥한 ‘수능 페스타’ 마케팅 경쟁을 펼치고 있다. SKT는 18∼20세 고객(2005~2007년생)이 12월 12일까지 휴대전화를 구매하고 T월드 앱 내 ‘0 수능 페스티벌’ 이벤트 페이지에서 응모하면 추첨을 통해 T 우주패스 5개월 이용 쿠폰을 제공한다. 이외 2005∼2007년생 고객이 아이폰 17 프로·프로맥스(256GB)를 구매하고 민팃을 통해 기존 단말을 반납하면 선착순 500명에게 10만원 추가 보상을 제공한다.KT도 수험생 개통 고객 총 2026명을 대상으로 맥북에어, 갤럭시탭, 에어팟 맥스 등 IT 기기와 기념품을 추첨 증정한다. KT닷컴에서 사용할 수 있는 삼성·애플 정품 스마트기기·액세서리 10만원 할인 쿠폰도 2000명에게 제공한다.LGU+도 ‘갤럭시와 함께 CHEER UP’ 행사를 하는 등 통신 3사가 ‘잘파(Z+Alpha)세대’ 모시기에 나서고 있다.통신 3사가 온라인 중심으로 혜택을 확대하는 것과 달리, 오프라인 도·소매 시장은 예년 대비 마케팅 경쟁이 크지 않다. SKT와 KT가 해킹 사고와 유심 교체 지원 등으로 마케팅 여력이 크게 줄었기 때문이다. 이에 고객 피해 보상 비용이 없는 LGU+만 상대적으로 번호이동 고객에게 10만~20만 원의 추가 혜택을 제공하는 등 제한적 마케팅을 하고 있다.한 통신사 관계자는 “통신 3사가 과거처럼 출혈 경쟁을 하지 않고 있어 연말까지 큰 폭의 추가 지원금 확대 가능성은 높지 않다”며 “특정 모델 중심의 지원금 조정과 유통망 프로모션 경쟁은 지엽적으로 이뤄질 수 있다”고 말했다."
https://n.news.naver.com/mnews/article/028/0002778051?sid=102,2025-11-24 16:38:14,사회,유료방송 위기 ‘가속화’…3분기 연속 가입자 감소,"방미통위 ‘2025년 상반기 유료방송 시장점유율’ 발표엘지유플러스(LGU+)가 브이오디(VOD)와 오티티(OTT)를 결합한 인터넷티브이(IPTV) 서비스를 선보였을 때 화면. 엘지유플러스 제공전체 유료방송 가입자 규모가 올해 상반기에도 줄어들어 3분기 연속 감소세를 나타냈다. 인터넷멀티미디어방송(IPTV·아이피티브이) 가입자 수는 적게나마 꾸준히 늘고 있지만, 케이블티브이와 위성방송에서 빠져나가는 가입자가 더 많아서다.24일 방송미디어통신위원회(방미통위)가 발표한 ‘2025년도 상반기 유료방송 가입자 수와 시장점유율’ 자료를 보니, 아이피티브이와 종합유선방송(SO), 위성방송 등 유료방송 가입자 수는 지난해 하반기 대비 13만8546명 줄어든 3622만6100명으로 조사됐다. 전체 유료방송 가입자 수 감소는 지난해 상반기 조사에서 처음 파악된 뒤, 이후에도 지속적인 하락세를 기록 중이다.매체별로 보면, 아이피티브이 가입자 수는 최근 3년간 꾸준히 증가한 것으로 집계됐다. 올 상반기 기준 가입자 수 2141만4521명으로 점유율 59.11%를 기록했다. 종합유선방송 가입자 수는 1209만1056명(33.38%), 위성방송은 272만523명(7.51%)에 그쳤다.사업자별 가입자 수는 케이티(KT) 902만8900명(24.92%), 에스케이(SK)브로드밴드 676만8835명(18.68%), 엘지유플러스(LGU+, 이상 아이피티브이) 561만6786(15.50%), 엘지헬로비전 343만5058명(9.48%), 에스케이브로드밴드(이상 종합유선방송) 278만5114명(7.69%) 순으로 집계됐다.유료방송 가입자 수는 한국정보통신진흥협회(KAIT)가 아이피티브이, 종합유선방송, 위성방송 사업자별 실무 조사를 진행하고, 방미통위가 민간위원으로 구성한 전문심의회에서 심의·의결해 발표한다."
https://n.news.naver.com/mnews/article/665/0000006231?sid=105,2025-11-24 17:20:18,IT/과학,SK텔레콤·LG유플러스 주파수 '논쟁' … 2.6㎓가 뭐기에,"더스쿠프 경제학카페SKT·LGU+, 2.6㎓ 대역 이용해SKT, 같은 대역 2배 비싸게 지불재할당 때 할당대가 재산정 필요LGU+, 단순 낙찰가 비교 옳지 않아기업 재정, 투자 비용 고려된 가격2026년 할당대가 어떻게 될까이동통신사 중 SK텔레콤과 LG유플러스가 2.6㎓ 주파수 재할당을 두고 대립하고 있다.[사진 | 연합뉴스]2.6㎓ 주파수 대역을 놓고 SK텔레콤과 LG유플러스의 신경전이 심화하고 있다. 2026년 주파수 재할당 시점이 코앞으로 다가오면서다. SK텔레콤은 똑같은 2.6㎓ 대역을 사용하지만 LG유플러스보다 2배 비싸게 할당대가를 지불하고 있다는 점을 문제로 삼고 있다.그런데 2.6㎓, 주파수 재할당…, 이게 다 무슨 말일까. 주파수 대역은 뭐고, 이동통신사들은 이 대역을 어떻게 사용하고 있는 걸까. 한번 천천히 살펴보자.우선, 주파수 할당이란 정부가 SK텔레콤·KT·LG유플러스 등 통신사업자에게 주파수를 겹치지 않게 나눠주는 것을 말한다. 이때 할당은 경매 또는 심사 방식으로 이뤄진다. 통신사업자는 주파수의 이용료인 '주파수 할당대가'를 지불한 후 일정 기간 주파수를 이용할 수 있는 권리를 얻는다.이동통신3사는 현재 800㎒·900㎒·1.8㎓·2.1㎓·2.6㎓ 등 다양한 대역의 일부(대역폭)를 나눠 가져 통신 서비스를 제공하고 있다. 여기서 논란의 중심에 오른 2.6㎓는 SK텔레콤과 LG유플러스가 LTE를 제공할 때 사용하는 주파수 대역이다. SK텔레콤과 LG유플러스는 이 대역에서 각각 60㎒, 40㎒의 대역폭을 사용하고 있다.문제는 SK텔레콤이 2.6㎓에 지불한 주파수 할당대가가 LG유플러스에 비해 2배 가까이 많았다는 점이다. LG유플러스는 13년 동안 2.6㎓ 대역을 사용하는 데 총 6957억원을 지불했다. 2013년 참여한 주파수 경매에서 8년 사용 조건으로 4788억원에 낙찰받았고, 2020년엔 2169원으로 재할당받는 데 성공했다(5년 사용).하지만 2016년 경매에 참여한 SK텔레콤은 2.6㎓의 40㎒와 20㎒ 구간을 각각 9500억원, 3277억원, 총 1조2777억원에 낙찰받았다. 같은 주파수 2.6㎓의 이용 대가로 SK텔레콤은 연 평균 1277억원, LG유플러스는 535억원 지불해온 셈이다.이런 상황에서 2.6㎓의 이용기간이 2026년 12월에 만료된다. 두 기업 모두 주파수 재할당을 준비해야 한단 건데, 통상 재할당 대가는 과거 낙찰가를 기준으로 산정된다. SK텔레콤은 이번 재할당에선 합리적인 대가 산정이 필요하단 입장을 내비쳤다. SK텔레콤 관계자는 ""동일한 주파수를 이용하고 있는데도 가격 격차가 2배로 벌어진 상태""라며 ""2026년 재할당에선 이런 모순을 해결할 수 있는 할당대가가 산정되길 바란다""고 말했다.[사진 | 뉴시스]LG유플러스는 낙찰가를 단순 비교하는 건 타당하지 않다며 맞받아치고 있다. 주파수 할당대가엔 사업자 규모, 재정과 기술력, 투자 비용 등 다양한 요인이 반영되기 때문이다. LG유플러스 관계자는 ""2.6㎓ 대역은 당시 단독 입찰이란 점에서 초기 투자 비용 등이 고려됐다""며 ""투자 효율, 장비 생태계 등 다양한 요인을 살펴본다면 두 기업의 할당대가를 단순 가격으로 비교하는 것은 옳지 않다""고 말했다.과학기술정보통신부는 11월 말 주파수 재할당 세부 내용을 논의하기 위해 공청회를 연다. 공청회를 통해 의견을 수렴해 12월 주파수 재할당 세부 정책을 확정한다. 과연 SK텔레콤과 LG유플러스 중 어떤 쪽이 웃을까.조서영 더스쿠프 기자syvho11@thescoop.co.kr"
https://n.news.naver.com/mnews/article/003/0013619051?sid=105,2025-11-25 06:01:00,IT/과학,LTE 주파수 재할당 두고 SKT vs LGU+ 신경전 벌이는 이유,"내년 이용기간 만료 2.6㎓ 주파수 재할당 두고 '가격 기준' 해석충돌SKT ""과거 할당 가격이 현재 경제적 가치 돼선 안 돼""LGU+ ""동일 대역이지만 경제적 가치 달라""이통업계 ""가치 떨어졌는데 비용은 그대로""…세수 확보 딜레마 놓인 정부【서울=뉴시스】 SK텔레콤은 국내 통신장비업체들과 함께 5G 초고주파수 대역에서도 안정적인 통신 서비스를 제공할 수 있는 신규 5G 중계 기술을 개발하고, 시험망에 적용했다고 29일 밝혔다. 사진은 SK텔레콤 연구원들이 서울 강남 5G 시험망에서 '다중 전파빔 생성·증폭형' 중계기를 테스트하고 있는 모습. 2017.11.29. (사진=SK텔레콤 제공) photo@newsis.com[서울=뉴시스] 심지혜 기자 = #같은 집 안의 두 방을 서로 다른 시기에 임대한 세입자가 있었다. 동네가 크게 알려지지 않았던 시절, 집주인은 작은 방을 낮은 월세에 8년 계약으로 내놨고 첫 번째 세입자가 들어갔다. 이후 동네가 개발되자 집주인은 더 넓은 방을 새로 내놓으며 월세를 올렸고 두 번째 세입자는 10년 계약을 맺었다. 시간이 흐르며 상권은 다시 이동했고 집의 가치는 예전만 못한 상황에서 두 방의 계약이 동시에 끝나자 예전 가격 차이를 그대로 둘지, 달라진 환경을 반영해 조정할지를 두고 의견이 갈렸다.정부의 2.6㎓(기가헤르츠) 대역 주파수 재할당을 앞두고 SK텔레콤과 LG유플러스의 신경전이 치열하다. 두 사업자가 같은 대역을 LTE(롱텀에볼루션) 용도로 쓰는데 각사가 주파수를 처음 확보한 시기와 비용, 이후 재할당 조건이 서로 달랐기 때문이다.25일 이동통신업계에 따르면 과학기술정보통신부는 이번 주 공청회에서 내년 만료되는 총 370㎒ 폭의 3G·LTE 주파수 재할당 계획을 공개한다. SK텔레콤 155㎒, KT 115㎒, LG유플러스 100㎒ 폭이 그 대상이다.특히 SK텔레콤과 LG유플러스가 2.6㎓ 대역 재할당을 두고 의견 충돌을 빚고 있다.정부가 '임대료' 정하는 재할당…모호한 기준에 이통사 불만"
https://n.news.naver.com/mnews/article/417/0001115097?sid=105,2025-11-25 06:20:00,IT/과학,SKT·LGU+ 주파수 공방전… '주파수 푸어' 주장에 12월 재할당 주목,"같은 대역에 가격 차이는 2배, 재할당 대가 놓고 업계 '촉각'SK텔레콤과 LG유플러스가 주파수 재할당 공청회를 앞두고 입장차가 극명하게 갈리고 있다. /사진=뉴스1SK텔레콤과 LG유플러스가 3G·LTE 주파수 재할당 대가 산정 기준을 두고 갈등을 빚고 있다. 이번 재할당 대상은 내년 6월과 12월 만료되는 총 370MHz 규모의 3G·LTE 주파수로 SK텔레콤 155MHz, KT 115MHz, LG유플러스 100MHz가 각각 해당된다. 과학기술정보통신부는 차주 공청회를 열어 세부 방침을 공개하고 확정된 주파수 재할당 계획을 12월 중순 이후 발표할 예정이다.핵심 쟁점은 2.6GHz 대역이다. SK텔레콤은 2016년 주파수 경매에서 2.6GHz 대역폭을 10년 기간 총 1조2777억원에 낙찰받았다. LG유플러스는 2013년 같은 대역을 8년 기간으로 4788억원에 낙찰받았다. 이후 2021년 재할당 당시 27.5%의 할인을 받아 약 7000억원 수준에서 이용 중이다.SK텔레콤은 ""동일한 대역폭을 쓰면서도 두 배가 넘는 비용을 부담하는 것은 형평성에 맞지 않는다""고 반발하고 있다. 정부가 2021년 재할당에서 SK텔레콤과 LG유플러스의 2.6GHz 대역을 동일 그룹으로 묶어 가치가 같다고 판단했는데 LG유플러스는 절반 수준의 비용만 내고 있다는 것이다.SK텔레콤은 LG유플러스가 부담하는 주파수 가격 배율이 자사 대비 51%에서 70% 수준에 불과해 '동일 대역 동일 대가' 원칙에 맞게 재할당 대가 산정에서 바로잡혀야 한다고 주장한다.SK텔레콤 관계자는 ""'기울어진 운동장'을 바로잡아 재할당 대가 산정 때 10년 전의 경매 가격이 아닌 현재 시점의 경제적 가치를 반영하는 게 합리적""이라며 ""무리해서 집을 샀다가 가계가 어려워지는 '하우스 푸어'처럼, 과도하게 높은 금액으로 주파수를 재할당 받는다면 '주파수 푸어'가 돼 기업 경영에 어려움을 초래할 수 있다""고 우려했다.LG유플러스는 반박하고 있다. 주파수 재할당 대가는 전파법과 정부 기준에 따라 가장 최근에 확정된 할당 대가를 기준으로 산정하는 게 원칙이며 모든 사업자에게 공정하고 동일하게 적용되어야 한다는 것이다.LG유플러스 관계자는 ""지난 주파수 경매 당시 시장 상황과 대역 폭, 재할당 대가 등을 종합적으로 고려해 SK텔레콤 스스로 응찰했는데 재할당 시점에서 변경해 달라는 요청은 제도 일관성과 투자 안정성에 어긋난다""고 주장한다. SK텔레콤의 2.6GHz 대역 60MHz 폭 '초광대역' 주파수는 단일 장비로 운용이 가능해 경제적 가치가 다르며 전파법상 동일한 주파수 대역이라 하더라도 용도·폭·보유 시점이 다르면 동일 용도로 보기 어렵다고 주장한다.또한 LG유플러스의 '재재할당' 대상 대역과 SK텔레콤의 재할당 대상 대역은 사업자별 활용 가치가 다르기 때문에 경제적 가치가 상이하다고 한다. 같은 대역명이라는 이유만으로 동일한 재할당 대가를 적용하는 것은 전파법상 대가 산정 체계의 원칙에 맞지 않는다는 것이다.통신업계 관계자는 ""전 국민이 사용하는 이동통신 품질과 요금에 직결되는 만큼 주파수 재할당 대가 산정 전 충분한 기간을 두고 업계와 이해관계자 의견을 폭넓게 수렴해 공정하고 투명한 기준을 마련하는 것이 필수""라고 말했다."
https://n.news.naver.com/mnews/article/001/0015760311?sid=105,2025-11-25 09:00:00,IT/과학,"[AI픽] LGU+, AI 스타트업 투자 강화…'쉬프트' 2기 출범","AWS·ZVC·세일즈포스 등과 협력해 스타트업 글로벌 진출 지원[LG유플러스 제공. 재판매 및 DB 금지](서울=연합뉴스) 박형빈 기자 = LG유플러스는 스타트업과의 협력 성과와 향후 방향성을 공유하는 '쉬프트데이' 행사를 열고 국내 인공지능(AI) 스타트업의 성장 및 글로벌 진출 지원 방침을 밝혔다.쉬프트데이는 LG유플러스의 AI 오픈이노베이션 프로그램 '쉬프트'의 성과를 공유하고 새로 선발된 스타트업을 소개하기 위한 행사로, 지난해에 이어 전날 서울 용산 사옥에서 개최됐다.해당 프로그램은 AI 미래 기술 분야의 유망 초기 스타트업을 발굴하고, 기술·사업 협력 및 투자를 통해 성장을 지원하며 AI 생태계 구축을 목표로 한다.새롭게 선발된 AI 스타트업은 AI 에이전트 분야 4개사, ▲ AI 에이전트 분야 4개사 ▲ AI·기계학습 운영(MLOps) 분야 4개사 ▲ AI 보안 분야 1개사 ▲ AI 서비스형소프트웨어(SaaS) 분야 2개사 등 총 11개사다.LG유플러스는 이들 스타트업에 글로벌 진출 기회를 제공한다.아마존웹서비스(AWS)와 연계해 각 스타트업이 AI 개발·실험에 필요한 비용 절감을 돕고, 일본·동남아 지역 투자사 제트벤처캐피탈(ZVC)과 전략적 공동 투자 구조를 마련한다.미국 세일즈포스와 협력해 해외 세일즈·마케팅 기회를 제공하고, 스페인 바르셀로나에서 개최되는 MWC 참가도 지원할 방침이다.LG유플러스는 향후 쉬프트 프로그램을 기반으로 글로벌 기업과의 공동 프로그램을 확대하고, 해외 기업과 공동 펀드 조성을 추진해 글로벌 투자 생태계 구축도 검토할 계획이다.홍범식 LG유플러스 대표는 ""앞으로도 스타트업이 실제 사업 성과를 만들 수 있도록 성장 전 과정을 지원하며 글로벌 수준의 협력 모델을 구축해 나가겠다""고 말했다.binzz@yna.co.kr"
https://n.news.naver.com/mnews/article/119/0003029105?sid=105,2025-11-25 09:01:11,IT/과학,"LGU+, ‘쉬프트 2기’ 11개사 선발…AI 스타트업 글로벌 진출 지원","AWS·ZVC·세일즈포스 등 해외 기업과 협력해 스타트업 글로벌 진출 지원홍범식 LG유플러스 대표(맨왼쪽)이 쉬프트 2기에 선발된 스타트업 대표와 기념사진을 촬영하는 모습.ⓒLG유플러스[데일리안 = 조인영 기자] LG유플러스는 기술 경쟁력을 갖춘 국내 AI 스타트업의 성장과 글로벌 진출을 지원한다.LG유플러스는 지난 24일 서울 LG유플러스 용산사옥에서 스타트업과 협력 결과 및 향후 방향성을 공유하는 ‘쉬프트데이(Shift Day)’ 행사를 개최했다고 25일 밝혔다.이날 행사에는 홍범식 LG유플러스 대표를 비롯한 주요 경영진과 쉬프트 1·2기 참가 스타트업 관계자 등 약 150명이 참석했다.쉬프트데이 행사는 LG유플러스의 AI 오픈이노베이션 프로그램인 ‘쉬프트(Shift)’ 성과를 공유하고, 새롭게 선발된 2기 스타트업을 소개하기 위한 자리다.AI 미래기술 분야의 유망 초기 스타트업을 발굴하고 기술 및 사업 협력과 투자를 통해 성장을 지원하며, AI 생태계를 만들어 나가는 것이 목표다.LG유플러스는 이날 행사에서 쉬프트 2기에 최종 선발된 11개 스타트업을 발표하고, 1기 참여 스타트업과의 협업 성과를 공유했다.이번에 새롭게 선발된 AI 스타트업은 ▲AI 에이전트 분야 4개사 ▲AI·기계학습 운영(MLOps) 분야 4개사 ▲AI 보안 분야 1개사 ▲ AI 서비스형소프트웨어(SaaS) 분야 2개사 등 총 11개사다.11개사는 콕스웨이브, 마고, 페블러스, 그래파이, 인핸스, 호두랩스, 옵트에이아이, 아이브, 제트에이아이, 사이퍼데이터, 하이어다이버시티다.이들 관계자는 행사에서 각 사가 보유한 AI 기술과 향후 목표를 발표하고, LG유플러스와 추진할 기술·사업 협력 계획을 소개했다.LG유플러스는 쉬프트 2기로 선발된 스타트업을 대상으로 글로벌 시장 진출 기회도 제공한다. 구체적으로 LG유플러스는 아마존웹서비스(AWS)와 협력해 각 스타트업이 AI 개발과 실험에 필요한 기본 비용을 줄일 수 있도록 지원할 방침이다.또한 일본·동남아 지역 투자사인 제트벤처캐피탈(ZVC)와 전략적 공동 투자 구조를 구축하고, 미국 세일즈포스와도 협력해 글로벌 세일즈·마케팅 기회를 제공할 예정이다.이밖에도 LG유플러스는 AI 스타트업을 대상으로 스페인 바르셀로나에서 개최되는 MWC 참가를 지원할 방침이다. 실제로 쉬프트 1·2기 참가 스타트업 중 5개사는 내년 개최되는 MWC26의 글로벌 스타트업 행사 ‘4YFN(4 Years From Now)’에도 참여할 예정이다.향후 LG유플러스는 쉬프트를 중심으로 글로벌 파트너사와 공동 프로그램을 지속 확대해 나갈 계획이다. 스타트업 지원을 넘어 해외 기업과 공동 펀드를 조성해 글로벌 투자 생태계를 조성하는 방안도 검토할 방침이다.홍범식 LG유플러스 대표는 ""쉬프트는 'Simply. U+'라는 LG유플러스의 브랜드 철학에 맞게 기술·사업·투자 등 스타트업에 필요한 핵심 지원을 한 번에 제공하는 AI 이노베이션 프로그램""이라며 ""앞으로도 스타트업이 실제 사업 성과를 만들 수 있도록 성장 전 과정을 지원하며 글로벌 수준의 협력 모델을 구축해 나가겠다""고 말했다."
https://n.news.naver.com/mnews/article/008/0005282639?sid=105,2025-11-25 09:03:24,IT/과학,"LGU+ ""AI 스타트업 글로벌 진출 지원""","LG유플러스가 기술 경쟁력을 갖춘 국내 AI 스타트업의 성장과 글로벌 진출을 지원한다. 홍범식 대표(왼쪽)이 쉬프트 2기에 선발된 스타트업 대표와 기념사진을 촬영하는 모습. /사진=LG유플러스LG유플러스가 국내 AI 스타트업의 성장과 글로벌 진출을 지원한다.LG유플러스는 지난 24일 서울 용산사옥에서 AI 오픈이노베이션 프로그램 '쉬프트(Shift)' 성과를 공유하고, 새롭게 선발된 2기 스타트업을 소개하는 '쉬프트데이(Shift Day)' 행사를 열었다. 이날 행사는 홍범식 LG유플러스 대표를 비롯한 주요 경영진과 쉬프트 1·2기 참가 스타트업 관계자 등 약 150명이 참석했다.LG유플러스는 쉬프트를 통해 AI 미래기술 분야의 유망 초기 스타트업을 발굴하고 지원해 AI 생태계를 만든다는 목표다. 이를 위해 2기로 △AI 에이전트 분야 4개사 △AI·기계학습 운영(MLOps) 분야 4개사 △AI 보안 분야 1개사 △AI 서비스형소프트웨어(SaaS) 분야 2개사 등 총 11개사를 선발했다.이들을 대상으로 글로벌 시장 진출 기회를 제공한다. 아마존웹서비스(AWS)와 협력해 각 스타트업이 AI 개발과 실험에 필요한 기본 비용을 줄일 수 있도록 지원할 방침이다. 또 일본·동남아 지역 투자사인 제트벤처캐피탈(ZVC)과 전략적 공동 투자 구조를 구축하고, 미국 세일즈포스와도 협력해 글로벌 세일즈·마케팅 기회를 제공할 예정이다.AI 스타트업의 모바일월드콩그레스(MWC) 참가도 지원한다. 실제로 쉬프트 1·2기 참가 스타트업 중 5개사는 내년 개최되는 MWC26의 글로벌 스타트업 행사 '4YFN(4 Years From Now)'에도 참여할 예정이다.LG유플러스는 쉬프트를 중심으로 글로벌 파트너사와 공동 프로그램을 확대할 계획이다. 스타트업 지원을 넘어 해외 기업과 공동 펀드를 조성해 글로벌 투자 생태계를 조성하는 방안도 검토한다.홍범식 대표는 ""쉬프트는 'Simply. U+'(심플리 유플러스)라는 브랜드 철학에 맞게 기술·사업·투자 등 스타트업에 필요한 핵심 지원을 한 번에 제공하는 AI 이노베이션 프로그램""이라며 ""앞으로도 스타트업이 실제 사업 성과를 만들 수 있도록 성장 전 과정을 지원하며 글로벌 수준의 협력 모델을 구축해 나가겠다""고 말했다."
https://n.news.naver.com/mnews/article/003/0013619242?sid=105,2025-11-25 09:06:25,IT/과학,"LGU+, AI 스타트업 글로벌 진출 돕는다…'쉬프트데이' 개최","LGU+, '쉬프트' 2기 11개사 최종 선발·공개…1기 성과 공유AWC·ZVC·세일즈포스등 해외 기업 협력해 스타트업 지원홍 대표 ""기술·사업·투자 전 과정 지원…AI 협력 모델 구축""[서울=뉴시스] LG유플러스가 지난 24일 용산사옥에서 개최한 제2회 '쉬프트데이(Shift Day)'에서 쉬프트 2기에 선발된 스타트업 관계자들이 패널 토크를 진행하고 있다. (사진=LG유플러스 제공) 2025.11.25. photo@newsis.com *재판매 및 DB 금지[서울=뉴시스]박은비 기자 = LG유플러스는 지난해에 이어 올해도 '쉬프트데이(Shift Day)'를 열고 기술 경쟁력을 갖춘 국내 인공지능(AI) 스타트업 성장과 글로벌 진출을 지원한다고 25일 밝혔다.쉬프트데이는 LG유플러스의 AI 오픈이노베이션 프로그램인 쉬프트 성과를 공유하고 새롭게 선발된 2기 스타트업 11곳을 소개하기 위해 마련됐다. AI 미래기술 분야의 유망 초기 스타트업을 발굴하고 기술·사업 협력과 투자를 통해 성장을 지원하며, AI 생태계를 만들어 나가는 게 목표다.전날 LG유플러스 용산사옥에서 열린 행사에는 홍범식 LG유플러스 대표를 비롯한 주요 경영진과 쉬프트 1·2기 참가 스타트업 관계자 등 약 150명이 참석했다. 이번에 새롭게 선발된 AI 스타트업은 AI 에이전트 분야 4개사, AI·기계학습 운영(MLOps) 등 총 11개사다.LG유플러스는 쉬프트 2기로 선발된 스타트업에게 글로벌 시장 진출 기회를 제공한다. 아마존웹서비스(AWS)와 협력해 각 스타트업이 AI 개발과 실험에 필요한 기본 비용을 줄일 수 있도록 지원할 방침이다.또한 일본·동남아 지역 투자사인 제트벤처캐피탈(ZVC)와 전략적 공동 투자 구조를 구축하고, 미국 세일즈포스와도 협력해 글로벌 세일즈·마케팅 기회를 제공할 예정이다.이밖에도 LG유플러스는 스페인 바르셀로나에서 개최되는 MWC 참가를 지원한다. 1·2기 참가 스타트업 중 5개사는 내년에 개최되는 MWC26 글로벌 스타트업 행사 4YFN(4 Years From Now)에 참여한다.향후 LG유플러스는 쉬프트를 중심으로 글로벌 파트너사와 공동 프로그램을 지속 확대하겠다는 구상이다. 스타트업 지원을 넘어 해외 기업과 공동 펀드를 조성해 글로벌 투자 생태계를 조성하는 방안도 검토하고 있다.홍 대표는 ""쉬프트는 '심플리 유플러스(Simply. U+)'라는 LG유플러스의 브랜드 철학에 맞게 기술·사업·투자 등 스타트업에 필요한 핵심 지원을 한 번에 제공하는 AI 이노베이션 프로그램""이라며 ""앞으로도 스타트업이 실제 사업 성과를 만들 수 있도록 성장 전 과정을 지원하며 글로벌 수준의 AI 협력 모델을 구축해 나가겠다""고 말했다."
https://n.news.naver.com/mnews/article/374/0000476725?sid=101,2025-11-25 09:10:12,경제,"LGU+, AI 스타트업 투자 강화…'쉬프트' 2기 11곳 선발","AWS·ZVC 등과 협력해 스타트업 글로벌 진출 지원[LG유플러스 제공=연합뉴스]LG유플러스가 스타트업과의 협력 성과와 향후 방향성을 공유하는 '쉬프트데이' 행사를 열고 국내 인공지능(AI) 스타트업의 성장 및 글로벌 진출을 지원하기로 했습니다.25일 LG유플러스에 따르면, 쉬프트데이는 LG유플러스의 AI 오픈이노베이션 프로그램 '쉬프트'의 성과를 공유하고 새로 선발된 스타트업을 소개하기 위한 행사로 지난해에 이어 전날 서울 용산 사옥에서 개최됐습니다.해당 프로그램은 AI 미래 기술 분야의 유망 초기 스타트업을 발굴하고, 기술·사업 협력 및 투자를 통해 성장을 지원하며 AI 생태계 구축을 목표로 하고 있습니다.새롭게 선발된 AI 스타트업은 AI 에이전트 분야 4개사, ▲ AI 에이전트 분야 4개사 ▲ AI·기계학습 운영(MLOps) 분야 4개사 ▲ AI 보안 분야 1개사 ▲ AI 서비스형소프트웨어(SaaS) 분야 2개사 등 모두 11곳입니다.LG유플러스는 이들 스타트업에 글로벌 진출 기회를 제공할 방침입니다.먼저 아마존웹서비스(AWS)와 연계해 각 스타트업이 AI 개발·실험에 필요한 비용 절감을 돕고, 일본·동남아 지역 투자사 제트벤처캐피탈(ZVC)과 전략적 공동 투자 구조를 마련하기로 했습니다.또 미국 세일즈포스와 협력해 해외 세일즈·마케팅 기회를 제공하고, 스페인 바르셀로나에서 개최되는 MWC 참가도 지원할 계획입니다.LG유플러스는 향후 쉬프트 프로그램을 기반으로 글로벌 기업과의 공동 프로그램을 확대하고, 해외 기업과 공동 펀드 조성을 추진해 글로벌 투자 생태계 구축도 검토할 예정입니다.홍범식 LG유플러스 대표는 ""앞으로도 스타트업이 실제 사업 성과를 만들 수 있도록 성장 전 과정을 지원하며 글로벌 수준의 협력 모델을 구축해 나가겠다""라고 말했습니다.당신의 제보가 뉴스로 만들어집니다.SBS Biz는 여러분의 제보를 기다리고 있습니다.홈페이지 = https://url.kr/9pghjn"
https://n.news.naver.com/mnews/article/016/0002562461?sid=105,2025-11-25 09:16:19,IT/과학,[르포] “창업 1년 만에 오픈AI와 협업했어요”…LGU+가 점찍은 ‘스타트업’ 만나보니,"국내 AI 생태계 조성 ‘쉬프트데이’ 개최쉬프트 2기 11개사 공개…1기 성과 공유AWS·벤처캐피탈 협력…MWC 참가 지원24일 서울 LG유플러스 용산사옥에서 열린 ‘쉬프트데이’에서 AI 스타트업과 벤처업계 관계자들이 패널 토론을 진행하고 있다. [LG유플러스 제공][헤럴드경제=권제인 기자] “회사를 운영한 지 1년도 채 안 됐을 때, LG유플러스의 쉬프트 1기로 뽑혀 대기업과 일하는 경험을 쌓을 수 있었습니다. 그 경험을 인정받아 현재는 오픈AI와 인공지능(AI) 보안 협업을 진행하고 있습니다.” (유상윤 에임인텔리전스 CEO)지난 24일 LG유플러스 용산사옥에 스타트업, 벤처 업계 관계자 150여 명이 모였다. LG유플러스가 ‘점찍은’ AI 스타트업을 만나기 위해서다. LG유플러스는 스타트업 지원 프로그램 ‘쉬프트(Shift)’ 2기를 선발하고, 그간의 성과를 공유하기 위해 ‘쉬프트데이(Shift Day)’를 개최했다.이날 행사에는 쉬프트 2기로 선발된 11팀이 LG유플러스와의 협력 방안을 소개했다. 각사 최고경영자(CEO)는 청바지부터 셔츠까지 다양한 차림으로 나서 자사만의 기술력과 아이디어를 선보였다. LG유플러스 경영진도 후드티 차림으로 참석해 편안한 분위기에서 CEO들을 독려했다.김지훈 LG유플러스 CSO가 24일 서울 LG유플러스 용산사옥에서 열린 ‘쉬프트데이’에서 환영사를 하고 있다. [LG유플러스 제공]쉬프트는 AI 분야의 유망 초기 스타트업과 사업 협력을 통해 LG유플러스 서비스를 고도화하고, 스타트업의 글로벌 진출을 지원하는 프로그램이다. 지난해 홍범식 대표의 취임 후 첫 행보로 시작돼 올해로 2기를 맞이했다. LG유플러스는 1기 성과에서 한 발 더 나아가 내년 MWC에 참가할 수 있도록 스타트업을 지원할 예정이다.김지훈 LG유플러스 최고운영책임자(CSO)는 “쉬프트는 기술검증(POC)과 사업협력 추진, 전용 펀드를 통한 규모있는 투자까지 스타트업을 핵심 지원하는 프로그램으로 자리매김하고자 한다”며 “꼭 필요한 가치는 더하고 불필요한 것은 제거해 맞춤형 육성을 제공하겠다”고 말했다.쉬프트 2기에는 총 188개 기업이 지원해 11개 기업이 선정됐다. LG유플러스는 전략적투자자(FI)로서 자사 서비스와 스타트업의 시너지를 우선 평가했다. 이번에 선발된 AI 스타트업은 ▷AI 에이전트 분야 4개사 ▷AI·기계학습 운영(MLOps) 분야 4개사 ▷AI 보안 분야 1개사 ▷ AI 서비스형소프트웨어(SaaS) 분야 2개사 등이다.쉬프트 2기에 선발된 ‘옵트에이아이’는 무대에 올라 LG유플러스의 AI 통화앱 ‘익시오(ixi-O)’에 탑재된 온디바이스 통화요약 솔루션을 소개했다. 이재호 옵트에이아이 대표는 “LG유플러스와 퀄컴 신경망처리장치(NPU)에서 온디바이스 거대언어모델(LLM) 최적화를 수행했고, 퀄컴 칩셋에 최적화된 벤치마크를 상회하는 성과를 확보했다”며 “수개월 내에 더 우수한 성과를 확보하고 나아가 매출을 끌어올리는데 역량을 집중하고 있다”고 설명했다.쉬프트 1기 선발 기업의 글로벌 진출 사례도 소개됐다. 유상윤 에임인텔리전스 대표는 “한국에서 시작해 글로벌하게 나가는 것이 모든 스타트업의 꿈”이라며 “쉬프트 1기에서 LG유플러스와 AI 보안 거버넌스를 구축하며 경험을 쌓았고, 그 경험을 바탕으로 오픈AI와 AI 보안 협업, BMW와의 기술검증(POC)을 진행하고 있다”고 말했다.홍범식(왼쪽 세 번째) LG유플러스 대표가 24일 서울 LG유플러스 용산사옥에서 열린 ‘쉬프트데이’에서 AI 스타트업의 발표를 경청하고 있다. [LG유플러스 제공]LG유플러스는 쉬프트 2기를 맞아 글로벌 지원을 대폭 강화했다. LG유플러스는 아마존웹서비스(AWS)와 협력해 각 스타트업이 AI 개발과 실험에 필요한 기본 비용을 줄일 수 있도록 지원할 방침이다. 또한 일본·동남아 지역 투자사인 제트벤처캐피탈(ZVC)와 전략적 공동 투자 구조를 구축하고, 미국 세일즈포스와도 협력해 글로벌 세일즈·마케팅 기회를 제공할 예정이다.이밖에도 쉬프트 1·2기 참가 스타트업 중 5개사는 내년 개최되는 MWC26의 글로벌 스타트업 행사 ‘4YFN(4 Years From Now)’에도 참여할 예정이다. 향후 LG유플러스는 해외 기업과 공동 펀드를 조성해 글로벌 투자 생태계를 조성하는 방안도 검토할 방침이다.홍 대표는 “쉬프트는 ‘심플리(Simply). U+’라는 LG유플러스의 브랜드 철학에 맞게 스타트업에 필요한 핵심 지원을 한 번에 제공하는 AI 이노베이션 프로그램”이라며 “앞으로도 스타트업이 실제 사업 성과를 만들 수 있도록 성장 전 과정을 지원하며 글로벌 수준의 협력 모델을 구축해 나가겠다”고 말했다."
https://n.news.naver.com/mnews/article/629/0000446887?sid=105,2025-11-25 09:23:11,IT/과학,"LGU+, AI 스타트업 글로벌 판로 개척 돕는다","쉬프트데이 통해 2기 선발 기업 공개AI 기술·투자·사업화 지원 체계 구축LG유플러스가 AI 스타트업을 지원하는 '쉬프트데이' 행사를 개최했다. /LG유플러스[더팩트｜우지수 기자] LG유플러스는 인공지능(AI) 기술 경쟁력을 갖춘 스타트업의 성장을 지원하기 위해 '쉬프트데이' 행사를 열었다고 25일 밝혔다.올해 쉬프트데이는 지난 24일 서울 용산사옥에서 개최됐고 홍범식 LG유플러스 대표를 포함한 경영진과 쉬프트 1기와 2기 스타트업 관계자 등 약 150명이 참석했다.쉬프트데이 행사는 LG유플러스의 AI 오픈이노베이션 프로그램 '쉬프트(Shift)' 성과를 공유하고 새롭게 선발된 2기 스타트업을 소개하기 위한 자리다. 쉬프트는 AI 기반 스타트업 발굴 및 협력 프로그램이다. LG유플러스는 초기 AI 기술 기업을 선발해 기술 협력과 투자 기회를 제공하고 글로벌 진출 기반을 마련하고 있다.이번 행사에서 LG유플러스는 쉬프트 2기에 최종 선발된 11개 기업을 공개했다. 분야는 AI 에이전트, AI·기계학습 운영(MLOps), AI 보안, AI 서비스형소프트웨어(SaaS)다. 최종 선발 기업은 콬스웨이브, 마고, 페블러스, 그래파이, 인핸스, 호두랩스, 옵트에이아이, 아이브, 제트에이아이, 사이퍼데이터, 하이어다이버시티로 결정됐다.쉬프트 2기 스타트업은 글로벌 시장 진출 기회를 지원받는다. LG유플러스는 아마존웹서비스와 협력해 AI 개발과 실험에 필요한 비용 절감 환경을 제공한다. 또한 일본과 동남아 투자사인 제트벤처캐피탈과 전략적 공동 투자 구조를 구축하고 미국 세일즈포스와 협력해 글로벌 영업과 마케팅 기반을 확보하도록 지원할 계획이다.LG유플러스는 쉬프트 참여 스타트업의 MWC 참가도 지원한다. 실제로 쉬프트 1기와 2기 기업 중 5개사는 내년 열리는 MWC26의 스타트업 프로그램 '4YFN'에 참여한다.LG유플러스는 앞으로 쉬프트 프로그램을 글로벌 파트너사와 연계해 확대할 계획이다. 스타트업 협업을 넘어 해외 기업과 공동 펀드 조성을 검토해 글로벌 투자 생태계 형성까지 연결한다는 구상이다.홍범식 LG유플러스 대표는 ""쉬프트는 스타트업이 기술 개발에서 사업화까지 필요한 지원을 한 번에 받을 수 있는 프로그램""이라며 ""AI 분야에서 국내 기업이 실제 성과를 낼 수 있도록 성장 전 과정을 지원하고 글로벌 협력 모델을 확대하겠다""고 말했다.발로 뛰는 더팩트는 24시간 여러분의 제보를 기다립니다.▶카카오톡: '더팩트제보' 검색▶이메일: jebo@tf.co.kr▶뉴스 홈페이지: http://talk.tf.co.kr/bbs/report/write"
https://n.news.naver.com/mnews/article/421/0008623075?sid=105,2025-11-25 09:26:09,IT/과학,"LGU+, AI 스타트업 글로벌 진출 지원한다","(LGU+ 제공)(서울=뉴스1) 이기범 기자 = LG유플러스(032640)가 기술 경쟁력을 갖춘 국내 AI 스타트업의 성장과 글로벌 진출 지원에 나선다고 25일 밝혔다.LG유플러스는 전날 서울 LG유플러스 용산사옥에서 스타트업과 협력 결과 및 향후 방향성을 공유하는 '쉬프트데이'(Shift Day) 행사를 열었다. 이날 행사에는 홍범식 LG유플러스 대표를 비롯한 주요 경영진과 스타트업 관계자 등 약 150명이 참석했다.쉬프트데이 행사는 LG유플러스의 AI 오픈이노베이션 프로그램인 '쉬프트'(Shift) 성과를 공유하고, 지난해에 이어 새롭게 선발된 2기 스타트업을 소개하기 위한 자리다. AI 미래기술 분야의 유망 초기 스타트업을 발굴하고 기술 및 사업 협력과 투자를 통해 성장을 지원하며, AI 생태계를 만들어 나가는 것이 목표다.이번에 새롭게 선발된 AI 스타트업은 AI 에이전트 분야 4개사, AI·기계학습 운영(MLOps) 분야 4개사, AI 보안 분야 1개사, AI 서비스형소프트웨어(SaaS) 분야 2개사 등 총 11개사다. 콕스웨이브, 마고, 페블러스, 그래파이, 인핸스, 호두랩스, 옵트에이아이, 아이브, 제트에이아이, 사이퍼데이터, 하이어다이버시티 등이 선발됐다.LG유플러스는 쉬프트 2기로 선발된 스타트업을 대상으로 글로벌 시장 진출 기회도 제공한다. 구체적으로 LG유플러스는 아마존웹서비스(AWS)와 협력해 각 스타트업이 AI 개발과 실험에 필요한 기본 비용을 줄일 수 있도록 지원할 방침이다. 또한 일본·동남아 지역 투자사인 제트벤처캐피탈(ZVC)와 전략적 공동 투자 구조를 구축하고, 미국 세일즈포스와도 협력해 글로벌 세일즈·마케팅 기회를 제공할 예정이다.이밖에도 LG유플러스는 AI 스타트업을 대상으로 스페인 바르셀로나에서 개최되는 MWC 참가를 지원할 방침이다.향후 LG유플러스는 쉬프트를 중심으로 글로벌 파트너사와 공동 프로그램을 지속 확대해 나갈 계획이다. 해외 기업과 공동 펀드를 조성해 글로벌 투자 생태계를 조성하는 방안도 검토할 방침이다.홍범식 LG유플러스 대표는 ""쉬프트는 '심플리 U+'라는 LG유플러스의 브랜드 철학에 맞게 기술·사업·투자 등 스타트업에 필요한 핵심 지원을 한 번에 제공하는 AI 이노베이션 프로그램""이라며""앞으로도 스타트업이 실제 사업 성과를 만들 수 있도록 성장 전 과정을 지원하며 글로벌 수준의 협력 모델을 구축해 나가겠다""고 말했다."
https://n.news.naver.com/mnews/article/417/0001115155?sid=105,2025-11-25 10:09:39,IT/과학,"LG U+, 'AI 스타트업' 발굴해 글로벌 진출 지원한다","'쉬프트데이' 개최…기술 협력·투자 통해 AI 생태계 만들어LG유플러스가 기술 경쟁력을 갖춘 국내 AI 스타트업의 성장과 글로벌 진출을 지원한다. 홍범식 대표(왼쪽)이 쉬프트 2기에 선발된 스타트업 대표와 기념사진을 촬영하는 모습.LG유플러스가 기술 경쟁력을 갖춘 국내 AI 스타트업의 성장과 글로벌 진출을 지원한다. LG유플러스는 지난 24일 서울 LG유플러스 용산 사옥에서 스타트업과 협력 결과 및 향후 방향성을 공유하는 '쉬프트데이'(Shift Day) 행사를 개최했다고 25일 밝혔다.이날 행사에는 홍범식 LG유플러스 대표를 비롯한 주요 경영진과 쉬프트 1·2기 참가 스타트업 관계자 등 약 150명이 참석했다.쉬프트데이 행사는 LG유플러스의 AI 오픈이노베이션 프로그램인 '쉬프트'(Shift) 성과를 공유하고 새롭게 선발된 2기 스타트업을 소개하기 위해 마련됐다. AI 미래기술 분야의 유망 초기 스타트업을 발굴하고 기술 및 사업 협력과 투자를 통해 성장을 지원하며 AI 생태계를 만들어 나가는 것이 목표다.LG유플러스는 이날 행사에서 쉬프트 2기에 최종 선발된 11개 스타트업을 발표하고 1기 참여 스타트업과의 협업 성과를 공유했다. 이번에 새롭게 선발된 AI 스타트업은 ▲AI 에이전트 분야 4개사 ▲AI·기계학습 운영(MLOps) 분야 4개사 ▲AI 보안 분야 1개사 ▲ AI 서비스형소프트웨어(SaaS) 분야 2개사 등 총 11개사다. 11개 스타트업 관계자들은 이날 행사에서 각 사가 보유한 AI 기술과 향후 목표를 발표하고 LG유플러스와 추진할 기술·사업 협력 계획을 소개했다.LG유플러스는 쉬프트 2기로 선발된 스타트업을 대상으로 글로벌 시장 진출 기회도 제공한다. 아마존웹서비스(AWS)와 협력해 각 스타트업이 AI 개발과 실험에 필요한 기본 비용을 줄일 수 있도록 지원할 방침이다. 일본·동남아 지역 투자사인 제트벤처캐피탈(ZVC)과 전략적 공동 투자 구조를 구축하고 미국 세일즈포스와 협력해 글로벌 세일즈·마케팅 기회를 제공할 예정이다.홍범식 LG유플러스 대표는 ""쉬프트는 '심플리(Simply) U+'라는 LG유플러스의 브랜드 철학에 맞게 기술·사업·투자 등 스타트업에 필요한 핵심 지원을 한 번에 제공하는 AI 이노베이션 프로그램""이라며 ""앞으로도 스타트업이 실제 사업 성과를 만들 수 있도록 성장 전 과정을 지원하며 글로벌 수준의 협력 모델을 구축해 나가겠다""고 말했다."
https://n.news.naver.com/mnews/article/138/0002210532?sid=101,2025-11-25 10:17:08,경제,"비자, LG 유플러스와 ‘에이전틱 커머스’ 확대 파트너십 추진","[ⓒ 비자][디지털데일리 조윤정기자] 글로벌 결제 기술 기업 비자(Visa)가 에이전틱 커머스 생태계 확장을 위해 LG유플러스(LG U+)와 파트너십을 추진한다고 25일 밝혔다.이번 협력은 ‘비자 인텔리전트 커머스(Visa Intelligent Commerce)’를 기반으로, AI에이전트가 소비자를 대신해 안전하고 투명하게 거래할 수 있는 새로운 결제 경험을 제공하는 것을 목표로 한다.비자는 LG유플러스와 국내 최초로 비자 인텔리전트 커머스 파일럿 프로그램을 시행한다. LG유플러스의 AI 에이전트 솔루션인 ‘익시오(ixi-O)’를 비자 인텔리전트 커머스에 탑재해 모바일 생태계 전반에서 인터렉티브 결제 경험을 선보일 예정이다. 이번 파일럿을 통해 AI 에이전트가 실제 환경에서 소비자를 대신해 쇼핑과 결제를 수행하는 실증 사례를 구축할 계획이다.비자는 한국의 LG유플러스 및 다수의 글로벌 AI 선도 기업들과 협력하여 에이전틱 커머스 구현을 가속화하고 있다. 비자는 아시아 태평양 각국의 규제 환경에 맞춰 2026년 초까지 비자 인텔리전트 커머스 파일럿 프로그램을 순차적으로 확대할 예정이다. 이를 통해 차세대 AI 기반 결제 혁신을 가속화하고, AI 네이티브 세대를 위한 새로운 상거래 경험을 선보이겠다는 계획이다.비자 인텔리전트 커머스는 통합 API 제품군과 커머셜 파트너 프로그램으로 구성된 종합 솔루션으로, AI 에이전트가 소비자를 대신해 안전하고 투명하게 결제할 수 있도록 지원한다. 비자의 토큰화, 인증, 고객 결제 지시, 거래 신호 등의 기능을 결합해 AI 기반 상거래의 신뢰성과 투명성을 보장한다. 앞으로 비자는 전 세계 약 48억개 비자 크리덴셜을 AI 에이전트 생태계와 연결함으로써, 소비자가 여행 예약이나 영화 티켓 구매 등 일상적인 결제를 AI에게 위임할 수 있는 환경을 구축할 계획이다.비자 인텔리전트 커머스의 핵심 구성요소인 ‘트러스티드 에이전트 프로토콜’ 은 AI 기반 거래 환경에서 가맹점이 신뢰를 보장받을 수 있도록 설계됐다. 암호화 서명을 통해 신뢰할 수 있는 AI에이전트를 식별하고 검증함으로써, 악성봇을 구분하고 사기 위험을 방지한다. 또한 개방형 로우코드 기반으로 설계되어, 가맹점이 기존 인프라를 전면 교체하지 않아도 간편히 통합할 수 있는 것이 특징이다.뿐만 아니라, 비자 인텔리전트 커머스는 가맹점이 AI 기반 쇼핑의 새로운 성장 채널을 적극 활용할 수 있도록 지원한다.가맹점은 비자의 글로벌 네트워크에 연결해 AI에 익숙한 글로벌 소비자 접점을 넓히고, 에이전트 주도의 상호작용을 통해 더 높은 구매 전환율을 실현할 수 있다. 가맹점은 보안, 편의성, 자동화로 정의되는 새로운 시대의 커머스에서 비자 인텔리전트 커머스를 통해 더 많은 기회를 갖게 된다.패트릭 스토리 비자 코리아 사장은 “AI에이전트가 소비자를 대신해 쇼핑과 결제까지 수행하는 에이전틱 커머스는 온라인 쇼핑 환경을 변화시키고 있다”며 “에이전틱 커머스의 잠재력을 완전히 발휘하기 위해서는 통합된 생태계 구축이 필수적이다”라고 말했다. 이어 “LG유플러스와 함께 이러한 변화를 구현하게 되어 매우 뜻깊게 생각하며, 이번 협력이 아시아 태평양 지역에서 AI 기반 디지털 결제 시대를 여는 중요한 전환점이 될 것으로 기대된다”고 밝혔다.LG유플러스의 최윤호 그룹장(AI Agent 추진그룹)은 “익시오(ixi-O)는 고객과의 대화를 이해하고, 상황에 맞는 행동을 도와주는 AI Agent로 진화하고 있다”며 “이번 협력은 고객의 일상적 커뮤니케이션 경험이 단순한 대화를 넘어 실제 행동과 결제로 자연스럽게 이어지는 새로운 사용자 경험을 모색하는 데 중요한 계기가 될 것”이라며 비자와의 협업에 대한 기대를 밝혔다."
https://n.news.naver.com/mnews/article/138/0002210536?sid=105,2025-11-25 10:26:08,IT/과학,"KT·LGU+, AI 생태계 확대 지원… 인재·스타트업 육성한다","[디지털데일리 강소현기자] 국내 통신사들이 인공지능(AI) 중심의 산업 변화에 대응해 인재를 양성하고 스타트업을 지원한다고 25일 밝혔다.먼저 KT는 최근 경기도 성남 판교 사옥에 본격적인 AI 전환(AX) 전문 교육 공간 ‘AI 캠퍼스’를 열었다. 약 400평 규모의 AI 캠퍼스는 6개의 대형 교육장과 2개 비대면 스튜디오를 갖춘 하이브리드 교육 시설이다.KT가 운영 중인 교육 과정은 AI 문해력(리터러시)과 생성형 AI 활용 및 워크숍 등 3개 트랙으로 구성됐다.AI 문해력 과정에선 생성형 AI의 윤리적 활용 등을 다루며, 생성형 AI 활용 과정에서는 문서와 콘텐츠 생산부터 데이터 분석 및 자동화까지 실무를 중심으로 배우게 된다. 심화 과정인 워크숍에서는 AI 에이전트와 바이브코딩 기반의 웹서비스 구현까지 경험할 수 있다.특히 최근 교육 대상을 초중고 교원과 주니어에서 협력사 재직자까지 확대했다. 올해 누적 교육생은 약 700명이다.향후 KT는 온라인 교육 확대를 통해 전국 어디서나 AI 교육을 받을 수 있는 환경을 마련한다는 계획이다.같은날 LG유플러스는 AI 분야 유망 스타트업을 발굴하고 글로벌 진출을 지원하는 AI 오픈이노베이션 행사 ‘쉬프트데이’를 개최했다고 밝혔다.올해로 2회째를 맞은 이 행사에는 홍범식 LG유플러스 대표를 비롯한 경영진과 스타트업 관계자 등 약 150명이 참석했다.LG유플러스는 이날 AI 에이전트와 MLOps, 보안, SaaS 등 4개 분야에서 총 11개 스타트업을 쉬프트 2기로 최종 선발했다. 2기 스타트업을 위한 다양한 지원 프로그램도 함께 공개했다.LG유플러스는 AWS와 협력해 AI 실험 비용 절감 기회를 제공하고, 일본·동남아 투자사 ZVC와 공동 투자 구조를 구축해 해외 시장 진출 기반을 마련할 계획이다. 미국 세일즈포스와의 협업을 통해 글로벌 세일즈·마케팅 기회도 제공한다.또 쉬프트 1·2기 중 5개 팀은 내년 스페인에서 열리는 세계 최대 모바일 박람회 MWC 2026의 스타트업 프로그램 ‘4YFN(4 Years From Now)’에 참가할 예정이다."
https://n.news.naver.com/mnews/article/092/0002399735?sid=105,2025-11-25 10:26:10,IT/과학,"LGU+, AI 스타트업 생태계 키운다…'쉬프트' 2기 출범","AI 에이전트·MLOps·보안 등 11개사 선정…AWS·세일즈포스·ZVC와 글로벌 협력 강화LG유플러스가 기술 경쟁력을 갖춘 국내 AI 스타트업의 성장과 글로벌 진출을 지원한다. 지난해에 이어 2회째 진행된 ‘쉬프트데이’ 행사를 통해 국내 AI 스타트업 생태계 조성을 이끌겠다는 전략이다.LG유플러스는 최근 서울 LG유플러스 용산사옥에서 스타트업과 협력 결과 및 향후 방향성을 공유하는 ‘쉬프트데이’ 행사를 개최했다고 25일 밝혔다.이날 행사에는 홍범식 LG유플러스 대표를 비롯한 주요 경영진과 쉬프트 1·2기 참가 스타트업 관계자 등 약 150명이 참석했다.쉬프트데이 행사는 LG유플러스의 AI 오픈이노베이션 프로그램인 ‘쉬프트’ 성과를 공유하고, 새롭게 선발된 2기 스타트업을 소개하기 위한 자리다. AI 미래기술 분야의 유망 초기 스타트업을 발굴하고 기술 및 사업 협력과 투자를 통해 성장을 지원하며, AI 생태계를 만들어 나가는 것이 목표다.이번에 새롭게 선발된 AI 스타트업은 ▲AI 에이전트 분야 4개사 ▲AI·기계학습 운영(MLOps) 분야 4개사 ▲AI 보안 분야 1개사 ▲ AI 서비스형소프트웨어(SaaS) 분야 2개사 등 총 11개사다. 11개 스타트업 관계자들은 이날 행사에서 각 사가 보유한 AI 기술과 향후 목표를 발표하고, LG유플러스와 추진할 기술·사업 협력 계획을 소개했다.쉬프트 2기로 선발된 스타트업에는 글로벌 시장 진출 기회가 제공된다. 구체적으로 아마존웹서비스(AWS)와 협력해 AI 개발과 실험에 필요한 기본 비용을 줄일 수 있도록 지원할 방침이다. 또 일본·동남아 지역 투자사인 제트벤처캐피탈(ZVC)와 전략적 공동 투자 구조를 구축하고, 미국 세일즈포스와도 협력해 글로벌 세일즈·마케팅 기회를 제공할 예정이다.이밖에도 AI 스타트업을 대상으로 스페인 바르셀로나에서 개최되는 모바일월드콩그레스(MWC) 참가를 지원할 방침이다. 실제로 쉬프트 1·2기 참가 스타트업 중 5개사는 내년 개최되는 MWC26의 글로벌 스타트업 행사 ‘4YFN(4 Years From Now)’에도 참여할 예정이다.향후 LG유플러스는 쉬프트를 중심으로 글로벌 파트너사와 공동 프로그램을 지속 확대해 나갈 계획이다. 스타트업 지원을 넘어 해외 기업과 공동 펀드를 조성해 글로벌 투자 생태계를 조성하는 방안도 검토할 방침이다.홍범식 LG유플러스 대표는 “쉬프트는 'Simply. U+'라는 LG유플러스의 브랜드 철학에 맞춰 기술·사업·투자 등 스타트업에 필요한 핵심 지원을 한 번에 제공하는 AI 이노베이션 프로그램”이라고 설명했다.이어 “스타트업이 실제 사업 성과를 만들 수 있도록 성장 전 과정을 지원하며 글로벌 수준의 협력 모델을 구축해 나가겠다”고 덧붙였다."
https://n.news.naver.com/mnews/article/293/0000075495?sid=101,2025-11-25 11:16:09,경제,"과기정통부, SKT·LGU+ 주파수 할당 대가 갈등에 '전파법 기준' 강조","세종시 과학기술정보통신부 청사 /사진=이진솔 기자SK텔레콤(SKT)과 LG유플러스가 2.6㎓ 대역 주파수 재할당 대가 산정을 두고 이견을 보인 가운데 정부가 전파법을 기준으로 삼아야한다는 입장을 재확인했다. SKT는 2.6㎓ 대역 주파수를 LG유플러스와 동일하게 사용하지만, 두 배에 이르는 가격을 지불했다며 반발했다. 정부는 다음달 초에 공개 설명회를 개최하고 3G·LTE 주파수 재할당 계획을 밝힐 예정이다.25일 과학기술정보통신부 관계자는 <블로터>와의 통화에서 ""전파법에서 명시한 요소를 고려해 주파수 대가를 산정할 것""이라며 ""법에 근거하지 않고 주파수와 관련 없는 이유로 대가를 감면·할인할 수 없다""고 말했다.문제의 중심이 된 주파수는 내년 사용기한이 만료되는 2.6㎓ 대역 40㎒ 폭이다. SKT는 2016년 40㎒ 폭을 9500억원, 20㎒ 폭을 3277억원에 낙찰받아 10년 동안 이용했다. 총 1조2777억원을 정부에 지불했다. LG유플러스는 2013년 40㎒ 폭을 4788억원에 단독 입찰로 낙찰받았다. 이후 2021년 재할당 받을 때 5G 무선 기지국 설치 노력을 인정받아 27.5%를 추가 할인 받았다. 2013년부터 2026년까지 약 7000억원을 내는 것으로 추정된다.‘21년 재할당대가는 최초 할당대가 단가 대비 27.5% 인하 적용한 추산치 /표= 윤상은 기자SKT는 동일한 대역의 주파수를 사용하면서 LG유플러스 보다 두 배 비싼 비용을 지불했다는 입장이다. 2010년대 초반 LG유플러스가 통신 시장 후발주자여서 받았던 정부 지원이 지금까지 불공정한 주파수 대가 산정으로 이어졌다고 지적했다. 일각에서는 주파수 재할당 시 과거 경매가를 기준으로 삼는 관행이 적절하지 않다는 문제도 제기됐다. 만약 내년 재할당에서 직전 경매가를 기준으로 삼으면 LG유플러스는 또 다시 비교적 저렴한 가격으로 경매에 참여할 가능성이 높다.이에 관해 정부는 직전 경매가를 기준으로 삼는 것은 맞지만 시장 상황에 따른 가격 변동을 함께 고려한다고 설명했다. 전파법에서 명시한 주파수 할당 대가 산정 기준은 △동일하거나 유사한 용도의 주파수 할당 대가 △해당 주파수 특성 △이용기간과 용도 및 기술 방식 등이다. 대가를 조정할 때는 기간통신사업자의 통신 요금 인하 실적·계획, 주파수 수요 전망 등 과기정통부장관이 필요하다고 인정하는 사항을 고려할 수 있다.과기정통부 관계자는 ""2021년도 주파수 할당 때도 이해관계자의 의견을 듣기 위한 토의를 진행했고, 이번에도 사업자 간 이해관계를 충분히 듣는 절차가 있을 것""이라고 말했다. 이어 ""대가 산정 시 법에 따른 논리적인 근거가 있어야 한다""고 강조했다."
https://n.news.naver.com/mnews/article/016/0002562708?sid=105,2025-11-25 11:37:21,IT/과학,“LGU+ 덕에 창업 첫해 오픈AI와 협업했어요”,"AI 생태계 육성 산실 ‘쉬프트 데이’2기 11개사 선발…1기와 성과 공유AWS·제트벤처캐피탈 협력 지원24일 서울 LG유플러스 용산사옥에서 열린 ‘쉬프트데이’에서 AI 스타트업과 벤처업계 관계자들이 패널 토론을 진행하고 있다. [LG유플러스 제공]“회사를 운영한 지 1년도 채 안 됐을 때, LG유플러스의 쉬프트 1기로 뽑혀 대기업과 일하는 경험을 쌓을 수 있었습니다. 그 경험을 인정받아 현재는 오픈AI와 인공지능(AI) 보안 협업을 진행하고 있습니다.” (유상윤 에임인텔리전스 CEO)지난 24일 LG유플러스 용산사옥에 스타트업, 벤처 업계 관계자 150여 명이 모였다. LG유플러스가 ‘점찍은’ AI 스타트업을 만나기 위해서다. LG유플러스는 스타트업 지원 프로그램 ‘쉬프트(Shift)’ 2기를 선발하고, 그간의 성과를 공유하는 ‘쉬프트데이(Shift Day)’를 개최했다.이날 행사에는 쉬프트 2기로 선발된 11팀이 LG유플러스와의 협력 방안을 소개했다. 각사 최고경영자들은 청바지부터 셔츠까지 다양한 차림으로 나서 자사만의 기술력과 아이디어를 선보였다. LG유플러스 경영진도 후드티 차림으로 참석해 편안한 분위기에서 이들을 독려했다.쉬프트는 AI 분야의 유망 초기 스타트업과 사업 협력을 통해 LG유플러스 서비스를 고도화하고, 스타트업의 글로벌 진출을 지원하는 프로그램이다. 지난해 홍범식 대표의 취임 후 첫 행보로 시작돼 올해로 2기를 맞이했다. LG유플러스는 1기 성과에서 한 발 더 나아가 내년 MWC에 참가할 수 있도록 스타트업을 지원할 예정이다.김지훈 LG유플러스 최고운영책임자(CSO)는 “쉬프트는 기술검증(POC)과 사업협력 추진, 전용 펀드를 통한 규모있는 투자까지 스타트업을 핵심 지원하는 프로그램으로 자리매김하고자 한다”고 말했다.쉬프트 2기에는 총 188개 기업이 지원해 11개 기업이 선정됐다. LG유플러스는 전략적투자자(FI)로서 자사 서비스와 스타트업의 시너지를 우선 평가했다. 이번에 선발된 AI 스타트업은 ▷AI 에이전트 분야 4개사 ▷AI·기계학습 운영(MLOps) 분야 4개사 ▷AI 보안 분야 1개사 ▷ AI 서비스형소프트웨어(SaaS) 분야 2개사 등이다.쉬프트 2기에 선발된 ‘옵트에이아이’는 무대에 올라 LG유플러스의 AI 통화앱 ‘익시오(ixi-O)’에 탑재된 온디바이스 통화요약 솔루션을 소개했다. 이재호 옵트에이아이 대표는 “LG유플러스와 퀄컴 신경망처리장치(NPU)에서 온디바이스 거대언어모델(LLM) 최적화를 수행했고, 퀄컴 칩셋에 최적화된 벤치마크를 상회하는 성과를 확보했다”며 “수개월 내에 더 우수한 성과를 확보하고 매출을 끌어올리는데 역량을 집중하고 있다”고 설명했다.LG유플러스는 쉬프트 2기를 맞아 글로벌 지원을 대폭 강화했다. LG유플러스는 아마존웹서비스(AWS)와 협력해 각 스타트업이 AI 개발과 실험에 필요한 기본 비용을 줄일 수 있도록 지원할 방침이다. 또한 일본·동남아 지역 투자사인 제트벤처캐피탈(ZVC)와 전략적 공동 투자 구조를 구축하고, 미국 세일즈포스와도 협력해 글로벌 세일즈·마케팅 기회를 제공할 예정이다.이밖에도 쉬프트 1·2기 참가 스타트업 중 5개사는 내년 개최되는 MWC26의 글로벌 스타트업 행사 ‘4YFN(4 Years From Now)’에도 참여할 예정이다. 홍범식 LG유플러스 대표는 “스타트업이 실제 사업 성과를 만들 수 있도록 성장 전 과정을 지원하며 글로벌 수준의 협력 모델을 구축해 나가겠다”고 말했다. 권제인 기자"
https://n.news.naver.com/mnews/article/031/0000983760?sid=105,2025-11-25 13:40:08,IT/과학,"LGU+, 쉬프트데이 개최⋯AI 스타트업 글로벌 진출 지원","홍범식 ""기술·투자 전 과정 지원⋯글로벌 AI 협력 모델 구축할 것""LG유플러스(대표 홍범식)는 쉬프트데이 행사를 개최하고, 기술 경쟁력을 갖춘 국내 AI 스타트업 성장과 글로벌 진출을 지원한다고 25일 밝혔다.홍범식 LG유플러스 대표(왼쪽 첫 번째)가 쉬프트 2기에 선발된 스타트업 대표들과 기념사진을 촬영하는 모습. [사진=LGU+]LG유플러스는 지난 24일 서울 LG유플러스 용산사옥에서 스타트업과 협력 결과 및 향후 방향성을 공유하는 쉬프트데이 행사를 진행했다. 현장에는 홍범식 LG유플러스 대표를 비롯한 주요 경영진과 쉬프트 1·2기 참가 스타트업 관계자 등 약 150명이 참석했다.쉬프트데이는 LG유플러스 AI 오픈이노베이션 프로그램인 쉬프트(Shift) 성과를 공유하고, 새롭게 선발된 2기 스타트업을 소개하기 위한 자리다. AI 미래기술 분야 유망 초기 스타트업을 발굴하고 기술, 사업 협력과 투자를 통해 성장을 지원하는 게 목표다.이날 LG유플러스는 쉬프트 2기에 최종 선발된 스타트업을 발표했다. 선발된 AI 스타트업은 콕스웨이브, 마고, 페블러스, 그래파이, 인핸스, 호두랩스, 옵트에이아이, 아이브, 제트에이아이, 사이퍼데이터, 하이어다이버시티 등 11곳이다.LG유플러스는 쉬프트 2기로 선발된 스타트업을 대상으로 글로벌 시장 진출 기회도 제공한다. 구체적으로 아마존웹서비스(AWS)와 협력해 각 스타트업이 AI 개발과 실험에 필요한 기본 비용을 줄일 수 있도록 지원할 방침이다.나아가 일본·동남아 지역 투자사인 제트벤처캐피탈(ZVC)와 전략적 공동 투자 구조를 구축한다. 미국 세일즈포스와도 협력해 글로벌 세일즈·마케팅 기회를 제공할 예정이다.LG유플러스는 AI 스타트업을 대상으로 스페인 바르셀로나에서 개최되는 MWC 참가를 지원할 방침이다. 실제로 쉬프트 1·2기 참가 스타트업 중 5개사는 내년 개최되는 MWC26의 글로벌 스타트업 행사 4YFN(4 Years From Now)에도 참여할 예정이다.향후 LG유플러스는 쉬프트를 중심으로 글로벌 파트너사와 공동 프로그램을 지속 확대한다. 스타트업 지원을 넘어 해외 기업과 공동 펀드를 조성해 글로벌 투자 생태계를 조성하는 방안도 검토한다.홍범식 LG유플러스 대표는 ""쉬프트는 Simply. U+라는 LG유플러스 브랜드 철학에 맞게 기술·사업·투자 등 스타트업에 필요한 핵심 지원을 한 번에 제공하는 AI 이노베이션 프로그램""이라며 ""스타트업이 실제 사업 성과를 만들 수 있도록 성장 전 과정을 지원하며 글로벌 수준의 협력 모델을 구축해 나가겠다""고 말했다."
https://n.news.naver.com/mnews/article/366/0001125816?sid=105,2025-11-25 15:44:09,IT/과학,‘쩐의 전쟁’ 주파수 재할당 놓고 치열해진 SKT·LGU+ 신경전⋯ 5G 설비 투자 할인 여부 주목,"12월 초 주파수 할당 관련 공청회 개최“5G SA 구축 조건으로 대가 할인 옵션 적용할 수도”통신사들의 조단위 투자가 요구되는 주파수 재할당이 임박했다. 과학기술정보통신부는 12월 초 공청회를 열고 내년 순차적으로 이용 기한이 만료되는 3G·LTE 주파수에 대한 재할당 세부 계획과 초안을 공개한다.주파수는 통신사 입장에서는 사업을 위해 필수적으로 투자해야 하는 핵심 인프라다. 과기정통부가 이번에 재할당에 나선 주파수는 내년 6월과 12월 재할당 시점이 도래하는 주파수로 SK텔레콤 155메가헤르츠(㎒), KT 115㎒, LG유플러스 100㎒ 등 총 370㎒ 규모다.과기정통부 관계자는 “다음 주 초 공청회를 거쳐 의견을 수렴한 후 주파수 재할당 계획을 12월 첫째주쯤 발표할 계획”이라고 말했다.SK텔레콤 “같은 주파수 동일 대가 적용해야”vsLG유플러스 “제도 일관성 유지해야”과기정통부는 재할당 대상 주파수를 총 5개(A~E) 그룹으로 분류한다. 비슷한 경제적 가치를 지닌 주파수끼리 묶은 것이다. 가장 큰 쟁점은 SK텔레콤과 LG유플러스가 각각 60㎒, 40㎒를 보유한 C그룹인 2.6㎓ 대역이다.SK텔레콤은 2016년 주파수 경매에서 2.6㎓ 대역 60㎒(40㎒ 9500억원, 20㎒ 3277억원)를 10년 기간으로 1조2777억원에 낙찰받았다. 반면 LG유플러스는 2013년 경매에서 2.6㎓ 대역 40㎒를 4788억원에 확보했다. 이후 2021년 재할당 과정에서 추가 할인(27.5%)까지 적용받았다.LG유플러스가 할인을 적용받은 것은 정부가 2020년부터 시행 중인 재할당 정책이 영향을 미쳤다. 당시 정부는 과거 경매 가격을 바탕으로 기준 값을 설정한 뒤 통신사들이 5G(5세대 이동통신) 무선 기지국 12만개를 구축하면 주파수 값에 할인율 27.5%를 적용하기로 했다. 2021년 당시 LG유플러스가 해당 기준을 충족하며 할인율을 적용받은 것이다. 그 결과 SK텔레콤과 LG유플러스 단가 격차가 2배 이상으로 벌어졌다. SK텔레콤은 같은 주파수 도로를 쓰면서 통행료는 두 배 가까이 더 내고 있는 상황이다. 기존 원칙이 유지되면 양사 간 가격 차이는 재할당에서도 반복될 가능성이 있다.SK텔레콤은 동일 대역은 동일 대가로 할당해야 한다는 입장인 반면, LG유플러스는 정책 일관성을 주장하고 있다. SK텔레콤은 2.6㎓ 대역에 대해 “같은 대역, 같은 그룹의 주파수임에도 SK텔레콤이 LG유플러스의 두 배가 넘는 할당 대가를 내고 있다”며 “쇠퇴기인 LTE 주파수의 현재 가치를 반영해야 한다”고 주장한다. 부동산 시장이 침체되어 전세 시세가 반토막 났는데 집주인이 10년 전 최고가 계약 당시의 금액으로 재계약을 강요하는 것과 무엇이 다르냐는 논리다. 하지만 LG유플러스는 “각 통신사가 보유한 주파수의 가격은 경매 당시 시장 상황과 대역 폭, 재할당 대가를 종합적으로 고려해 스스로 판단하고 응찰한 경제적 가치이며, 이를 재할당 시점에서만 변경해 달라는 요구는 제도 일관성과 투자 안정성에 부합하지 않다”고 반박하고 있다.LTE 이용 가치 감소 주장 반영될까사업자들의 관심은 재할당 대가가 어느 수준에서 결정되는 지다. 정부는 통상 과거 경매 낙찰가를 기준으로 주파수 특성과 대역 폭, 이용 기간, 용도, 수요 전망 등을 종합적으로 고려해 재할당 대가를 산정한다. 외부 상황이 주파수 대가에 얼마나 반영될 지가 관심이다. 이전에 주파수가 할당됐을 당시 시장은 LTE에서 5G로 넘어가는 5G 도입 초기였다. 하지만 이제는 5G가 상용화된 지 6년이 넘었다. 과학기술정보통신부에 따르면, LTE 가입자는 2021년 12월 4829만명에서 지난 9월 1928만명으로 60% 감소했다. 업계에서는 주파수 생애 주기에 따라 경제적 가치 감소분을 재할당 대가에 반영하는 게 합리적이라고 주장한다.5G 설비 구축 전제로 할인율 적용될까과거 정부가 5G 무선 기지국 12만개를 구축하면 주파수 값에 할인율 27.5%를 반영한 것처럼 이번에는 5G SA(단독모드) 구축을 전제로 ‘할인 옵션’을 둘 수도 있다는 관측도 나온다. 현재 국내에서는 KT만 5G SA 상용망을 구축한 상황이다. SK텔레콤과 LG유플러스는 5G NSA(Non-Stand alone) 기반으로 통신망을 운용하고 있다.5G SA는 기지국과 코어망 모두 5G만 단독으로 사용하는 기술이다. 데이터 송수신과 인증·제어 신호 처리가 모두 5G망에서 작동한다. 단말과 단말 사이 정보 전달이 매우 짧은 ‘초저지연’으로 반응 속도가 빠른 게 장점이다. 반면 NSA는 5G와 LTE를 혼합 사용하는 방식이다. 통신사들은 수익과 품질적인 측면에서 NSA 기술을 선택했지만, 5G를 넘어 6G(6세대 이동통신)로 넘어가는 과정에서 글로벌 경쟁력을 확보하려면 5G SA 상용망 구축을 서둘러야 한다고 전문가들은 조언한다.정보통신정책연구원은 이달 6일 ‘AI 이동통신 인프라 고도화의 주요 쟁점’ 보고서에서 “현행 5G NSA 방식이 고착되고 인프라 고도화가 지연된다면, 5G 고유 서비스 발굴이 지연돼 국가 AI 경쟁력 하락으로 귀결될 위험이 크다”며 “5G SA 이동통신 인프라 및 서비스의 고도화를 촉진하고, 전략 산업으로서의 인프라 산업 진흥을 촉진하는 정책 마련이 필요하다”고 했다.과기정통부 관계자는 “5G SA가 5G 상용화의 관문인 만큼 관련 할인 옵션을 포함한 다양한 방안을 고민 중”이라며 “재할당 대가 산정의 기본 방법론을 유지하면서도 환경 변화를 얼마나 반영할지 공청회에서 폭넓게 다뤄질 것”이라고 말했다."
https://n.news.naver.com/mnews/article/018/0006171428?sid=105,2025-11-25 16:07:13,IT/과학,"""고객님의 최적 요금제는 OOO"" 이제 통신사가 직접 알려드립니다","국회 과방위, 최적요금제 고지 법안 의결내가 쓴 데이터양 등 분석해 알짜 요금제 추천복잡한 요금제 직접 비교 끝통신비 다이어트 현실화 기대[이데일리 윤정훈 기자]“고객님, 최근 평균 데이터 사용량을 보니 이 요금제가 가장 적합합니다.”앞으로는 이동통신사가 이런 안내 문자를 가입자에게 의무적으로 발송해야 한다. 고객이 복잡한 요금제를 일일이 비교하지 않아도, 통신사가 스스로 가입자의 이용 패턴을 분석해 ‘최적 요금제’를 추천해야 하기 때문이다.국회 과학기술정보방송통신위원회(위원장 최민희)는 지난 24일 전체회의에서 이 같은 내용을 담은 전기통신사업법 개정안을 통과시켰다. 단말기유통구조개선법 폐지 이후에도 통신비 인하 효과가 크지 않다는 비판 속에, 이번 개정안이 실질적인 ‘통신비 다이어트’로 이어질지 관심이 모인다.지난 9월 11일 서울 시내 한 휴대폰 판매점의 모습.(사진=연합뉴스)“이래도 안 바꿀래?”… 나한테 맞는 요금제 안내받는 시대개정안의 핵심은 신설되는 ‘최적요금제 고지 조항(제32조의21)’이다. 통신사는 가입자의 데이터·통화량 등 실제 이용 행태를 분석해 가장 적합한 요금제를 직접 안내해야 한다. 통지 방식과 시기는 시행령에서 구체화된다.현재도 한국통신사업자연합회(KTOA) ‘스마트초이스’나 통신 3사 앱을 통해 요금제 추천 기능이 있지만, 고객이 직접 찾고 조회해야 하는 수동형 서비스였다. 이통 3사는 저가 5G·온라인 전용 요금제 마케팅에도 적극적이지 않았다.정부는 단통법 폐지로 효과가 미미했던 만큼, 법적 고지 의무를 통해 통신비 절감 효과를 끌어내겠다는 방침이다.작년 기준 1인당 월 가계통신비 관련 지출(요금+단말기 할부금)은 5만 6279원으로 10년 전 대비 20% 증가했다. 단말값 인상과 결합상품 확대로 월 10만원대 요금제도 흔하다.과기정통부 관계자는 “패턴에 맞춘 안내가 이뤄지면 자연스러운 요금제 이동이 가능해질 것”이라고 말했다.[이데일리 문승용 기자]“바꾸면 싸진다”… 2만원대 5G 요금제도 존재통신 3사는 이미 월 2만원대 5G 요금제를 판매하고 있지만, 많은 이용자가 OTT·쇼핑·AI 구독 등 부가 혜택이 묶인 고가 요금제를 사용한다. 이번 법안은 요금 비교에 소극적인 ‘저관여 소비자’의 통신비 절감 효과가 클 것으로 보인다.예를 들어 월 5GB만 사용하는 고객이라면 SKT 다이렉트 5G 27(2만7000원), LGU+ 너겟26(2만6000원), KT 요고30(3만원) 등으로 충분하다.통신업계 관계자는 “지금도 대리점에서 상담은 가능하지만, 문자로 직접 안내하면 편의성은 높아질 것”이라면서도 “요금 인하 효과는 소비자 반응에 달렸다”고 말했다."
https://n.news.naver.com/mnews/article/417/0001115339?sid=101,2025-11-25 17:27:38,경제,'4조 종투사' 된 키움증권… '키움표' 발행어음 효과는,"온라인 전문 증권사 특색 살린 상품 출시 전망키움증권이 다음 달 중 발행어음 상품을 출시한다. /사진=키움증권키움증권이 4조 종합금융투자사업자(이하 종투사)로 지정되며 단기금융업(발행어음) 사업을 연내 추진할 계획이다. 디지털 전문 증권사 키움증권이 독자적 영업 모델을 앞세워 발행어음 시장에 어떤 변화를 가져올지 업계 관심이 모인다.25일 금융투자업계에 따르면 키움증권은 다음 달 중 발행어음 상품을 본격 출시할 계획이다. 발행어음 상품은 비대면 증권사인 키움증권 특성상 모바일트레이딩서비스(MTS)와 홈트레이딩서비스(HTS) 중심으로 거래될 예정이다.발행어음은 증권사가 자기신용으로 발행하는 단기(1년 이내) 확정금리 금융상품이다. 은행 예적금처럼 원금이 보장되지는 않지만 증권사 신용을 기반으로 발행해 안정성이 높은 편이며 은행 예적금 대비 높은 금리와 빠른 유동성이 장점이다.키움증권은 미래에셋증권, 한국투자증권, NH투자증권, KB증권에 이어 5번째 발행어음 사업자가 됐다. 특히 키움증권은 가장 큰 경쟁력인 디지털·모바일 중심 리테일 고객을 기반으로 발행어음 시장에서 영역을 확장할 것이라는 전망이다.키움증권은 타 증권사 대비 탄탄한 디지털 기반 영업 구조를 갖추고 있다. 투자자 입장에서 지점 방문업이 모바일로 바로 상품 가입이 가능해 접근성이 낮고 가입 절차가 HTS와 MTS에서 즉시 이뤄질 수 있어 조달 효율이 높다는 평가가 나온다.비대면 증권사 특성상 지점 운영비 등 고정비가 거의 없어 조달 금리를 경쟁사 대비 유연하게 설정할 수 있다는 점도 긍정적이다. 낮은 비용 구조를 활용해 상대적으로 높은 수신금리를 제시할 여력도 크다.실제로 키움증권은 ELS(주가연계증권)와 펀드 등 주요 금융상품에서 대규모 온라인 판매 경험을 확보하고 있다. 발행어음 시장에서도 동일 금리에서 더 높은 마진을 확보하거나 같은 마진 구조에서 더 공격적인 금리를 제시할 여력이 커 초기 시장 장악력이 기대된다는 평가다.4조원 규모 종투사 중 자기자본도 가장 빠른 속도로 확대되고 있어 발행어음 잔액도 빠르게 누적될 것으로 전망된다. 단기금융업 인가 증권사는 자기자본 200% 한도 내에서 발행어음을 발행해 자금을 조달할 수 있다.키움증권의 자기자본은 올해 3분기 말 기준 5조7862억원으로 현재 조달 가능한 자금은 최대 11조원이다. 키움증권은 발행어음으로 조달한 자금의 25%에 상응하는 금액 이상을 모험자본으로 공급한다는 방침이다.올해 6월 말까지 키움증권의 모험자본 누적 공급액은 1조1156억원이다. 2028년에는 누적 공급액을 3조원 이상으로 확대하겠다는 계획이다.사진은 키움증권 발행어음 상품 가입 시현. /사진=염윤경 기자다만 디지털 중심 구조가 IT 안정성과 보안 리스크를 키울 수 있다는 우려도 지속적으로 제기된다. 실제 키움증권은 올해 MTS와 HTS 오류 등 전산사고가 자주 발생해 논란이 됐다. 금융투자협회 집계를 보면 올해 3분기 기준 키움증권 전산장애 민원은 23건으로 이는 국내 증권사 중 가장 많은 규모다.발행어음 사업이 본격적으로 진행되면 대규모 비대면 수신과 단기금융 운용도 본격화한다. 이에 디지털 및 전산 사고 발생 확률과 피해 정도가 더 확대될 우려가 나온다.이에 키움증권은 소비자 보호·IT 안정성·건전성 관리를 중심으로 한 리스크 방지 계획을 제시했다. IT 부문의 경우 테스트 인력과 검증 체계를 보강하고 원장 시스템 인프라를 교체해 처리 성능을 40% 이상 확대하는 등 전산 안정성 강화에 초점을 맞추겠다는 계획이다.또 KT·SK·LGU+ 등 다중 데이터센터 기반 인프라를 구축하고 실시간 데이터 백업 및 재해복구 시스템(DR)을 운영해 장애 발생 시 서비스 연속성을 확보하기로 했다. 정보보호 측면에서는 외부 위협 정보를 실시간 분석해 30분 내 악성 공격을 차단하는 시스템을 도입하고 상시 모의해킹과 취약점 점검, 20Gbps 규모의 DDoS(디도스) 방어 체계를 운영하는 등 디지털 채널 특성에 맞춘 보안 역량을 강화할 방침이다.키움증권 관계자는 ""발행어음으로 조달한 자금은 혁신 벤처기업 발굴과 모험자본 공급에 힘쓰며 기업과 자본시장이 함께 성장하는 선순환 구조를 만들 것""이라며 ""지점이 없는 온라인 증권사만의 높은 비용 효율성으로 시장에서 가장 경쟁력 있는 금리의 발행상품으로 고객 자산 증식에도 도움 될 것""이라고 밝혔다."
https://n.news.naver.com/mnews/article/382/0001238111?sid=105,2025-11-25 17:36:11,IT/과학,"LGU+, AI 스타트업 글로벌 시장 진출 지원","LG유플러스가 국내 인공지능(AI) 스타트업을 지원한다.LG유플러스는 24일 서울 LG유플러스 용산사옥에서 스타트업과 협력 결과 및 향후 방향성을 공유하는 ‘쉬프트데이’ 행사를 개최했다. LG유플러스의 AI 오픈이노베이션 프로그램 ‘쉬프트’ 성과를 공유하고, 새롭게 선발된 스타트업을 소개하기 위한 자리다.LG유플러스는 이날 행사에서 쉬프트 2기에 최종 선발된 11개 스타트업을 발표하고, 1기 참여 스타트업과의 협업 성과를 공유했다. 이번에 새롭게 선발된 AI 스타트업은 ▲AI 에이전트 분야 4개사 ▲AI·기계학습 운영 분야 4개사 ▲AI 보안 분야 1개사 ▲AI 서비스형소프트웨어(SaaS) 분야 2개사 등 총 11개사다. 스타트업 관계자들은 행사에서 각 사가 보유한 AI 기술과 향후 목표를 발표하고, LG유플러스와 추진할 기술·사업 협력 계획을 소개했다.LG유플러스는 쉬프트 2기로 선발된 스타트업을 대상으로 글로벌 시장 진출 기회도 제공한다. 아마존웹서비스(AWS)와 협력해 각 스타트업이 AI 개발과 실험에 필요한 기본 비용을 줄일 수 있도록 지원할 방침이다. 또 일본·동남아 지역 투자사인 제트벤처캐피탈(ZVC)와 전략적 공동 투자 구조를 구축하고, 미국 세일즈포스와도 협력해 글로벌 세일즈·마케팅 기회를 제공할 예정이다. 이밖에도 AI 스타트업을 대상으로 스페인 바르셀로나에서 열리는 전시회 ‘MWC’ 참가를 지원한다.LG유플러스는 향후 쉬프트를 중심으로 글로벌 파트너사와 공동 프로그램을 지속 확대해 나갈 계획이다. 스타트업 지원을 넘어 해외 기업과 공동 펀드를 조성해 글로벌 투자 생태계를 조성하는 방안도 검토한다.홍범식 LG유플러스 대표는 “앞으로도 스타트업이 실제 사업 성과를 만들 수 있도록 성장 전 과정을 지원하며 글로벌 수준의 협력 모델을 구축해 나가겠다”고 말했다."
https://n.news.naver.com/mnews/article/082/0001355466?sid=101,2025-11-25 18:19:13,경제,AI 인력·스타트업 육성에 진심인 통신사,"KT, 성남 판교에 AI 캠퍼스 운영LGU+, AI 스타트업 지원 행사KT가 경기 성남시 KT 판교 사옥에 AI 전문 교육 공간인 'AI 캠퍼스(AI Campus)'를 열고 실무형 AI 기반 업무 전환(AX) 역량 교육을 진행했다고 25일 밝혔다. 사진은 최근 AI 교육에 참여한 협력사 직원들의 학습 모습. 연합뉴스통신 3사가 인공지능(AI) 전문가·스타트업 육성 사업에 힘을 쏟고 있다. 대규모 ‘AI 캠퍼스’를 만들거나 AI 미래기술 분야의 유망 스타트업 지원 프로그램을 가동하는 방식이다.KT는 성남 판교 사옥에 인공지능(AI) 전문 교육공간 ‘AI 캠퍼스’를 열고 실무형 AI 기반 업무 전환(AX) 교육을 운영하고 있다고 25일 밝혔다. AI 캠퍼스는 약 400평 규모로, 6개 대형 교육장과 2개 비대면 스튜디오를 갖춘 교육 시설이다. KT는 그동안 교원과 주니어를 중심으로 교육을 진행해왔고 최근 협력사 재직자까지 교육 대상을 넓혔다.AI 캠퍼스에서는 AI 문해력 과정, 생성형 AI 활용 과정, 생성형 AI 워크숍 과정 등을 운영한다. KT에 따르면 올해 AI 캠퍼스를 거친 누적 교육생은 약 700명이며, 최근 협력사 직원 60명을 선발해 집중 교육을 마쳤다.LG유플러스는 지난 24일 국내 AI 스타트업의 성장과 글로벌 진출을 지원하는 ‘쉬프트데이(사진)’ 행사를 진행했다고 25일 밝혔다. 이날 행사에는 홍범식 LG유플러스 대표를 비롯한 주요 경영진과 쉬프트 1·2기 참가 스타트업 관계자 등 약 150명이 참석했다.쉬프트데이 행사는 LG유플러스의 AI 오픈이노베이션 프로그램인 ‘쉬프트’ 성과를 공유하고, 새롭게 선발된 2기 스타트업을 소개하기 위한 자리다. AI 미래기술 분야의 유망 초기 스타트업을 발굴하고 기술 및 사업 협력과 투자를 통해 성장을 지원하며, AI 생태계를 만들어 나가는 것이 목표다.SK그룹은 AI 관련 국내외 기업들이 참여하는 ‘SK AI 서밋 2025’ 행사를 최근 마쳤다. SK그룹은 그룹 내 정보통신기술(ICT) 역량을 공유했던 SK 테크 서밋을 지난해부터 SK AI 서밋으로 확대했다."
https://n.news.naver.com/mnews/article/008/0005283089?sid=105,2025-11-26 04:00:00,IT/과학,"[단독]""마동석·혜리 효과 없었다"" LGU+, 콘텐츠 자체제작 철수","STUDIO X+U 출범 후 3년 만의 정리수순글로벌 OTT '쩐의전쟁' 승산없어 '선택과 집중'/사진=LG유플러스LG유플러스가 3년 만에 콘텐츠 자체제작 사업을 접는다. IPTV(인터넷TV)와 OTT(온라인동영상서비스) 경쟁력 강화를 위해 콘텐츠 자체제작을 시작했지만 막대한 자본력을 갖춘 글로벌 OTT와의 '쩐의 전쟁'에서 살아남기 힘들다고 판단한 것으로 분석된다.25일 업계에 따르면 LG유플러스는 콘텐츠 자체제작 조직 '스튜디오엑스플러스유'(STUDIO X+U)를 철수키로 내부방침을 정한것으로 알려졌다. 빠르면 이번주 조직개편을 통해 사업종료를 공식화할 전망이다. 국내 OTT시장이 넷플릭스 독주체제로 재편된 가운데 수익성 낮은 콘텐츠 대신 AI(인공지능)·보안 등 미래성장분야에 투자를 강화한다는 전략이다.지난 3년간 LG유플러스가 제작한 콘텐츠는 드라마 15편, 예능 24편에 달한다. 첫 오리지널 드라마 '하이쿠키'가 넷플릭스 한국 톱2에 오르고 혜리 주연의 '선의의 경쟁'이 U+tv와 U+모바일tv에서 역대 최다시청 건수를 기록하는 등 일부 성과도 있었다. 그러나 약 180억원을 투입한 마동석 주연의 '트웰브'가 2%대 시청률을 기록하는 등 흥행실패도 이어졌다.업계 관계자는 ""이통사가 콘텐츠 사업을 강화하는 이유는 이용자를 록인(Lock-in) 하고 ARPU(가입자당평균매출)를 끌어올리기 위해서인데 시너지가 잘 안 난다""며 ""안정적 실적이 중요한 이통사에 실패위험이 큰 콘텐츠 사업은 리스크로 인식됐을 것""이라고 말했다."
https://n.news.naver.com/mnews/article/008/0005283153?sid=105,2025-11-26 07:00:00,IT/과학,"[단독]""180억 썼는데"" 마동석도 못 살렸다...LGU+, 콘텐츠 자체제작 철수","탈통신 위해 출범한 STUDIO X+U 3년만의 철수 수순3년간 약 30여편 자체제작…OTT 경쟁력 제고는 '글쎄'제작비·불확실성↑…수익성 개선 위한 '선택과 집중'혜리가 주연의 '선의의 경쟁'(왼쪽), 마동석 주연의 '트웰브'/사진=스튜디오X+ULG유플러스가 3년 만에 콘텐츠 자체제작 사업을 접는다. LG유플러스는 자체 IPTV와 OTT(온라인동영상서비스) 경쟁력 강화를 위해 콘텐츠 자체제작을 시작했지만, 막대한 자본력을 갖춘 글로벌 OTT와의 '쩐의 전쟁'에서 살아남기 힘들다고 판단한 것으로 분석된다.26일 업계에 따르면 LG유플러스는 콘텐츠 자체 제작 조직 'STUDIO X+U(스튜디오엑스플러스유)'를 철수하기로 내부 방침을 정한 것으로 알려졌다. 빠르면 이번주 조직개편에서 사업 종료를 공식화할 전망이다. 국내 OTT 시장이 넷플릭스 독주 체재로 재편된 가운데, 수익성 낮은 콘텐츠 대신 AI·보안 등 미래 성장 분야에 투자를 강화한다는 전략이다.STUDIO X+U는 2022년 10월 '콘텐츠로 고객의 즐거움을 배가(X)하고 새로운 경험을 더한다(+)'는 기치 아래 대표이사 직속 조직으로 출범했다. 당시 이통 3사는 탈(脫)통신 신사업으로 콘텐츠에 주목했다. SK텔레콤 관계사 웨이브는 오리지널 콘텐츠에 1조원 투자를 선언했고, KT스튜디오지니는 '이상한 변호사 우영우'로 신드롬을 일으켰다.후발주자인 LG유플러스는 자체 제작 역량 강화를 위해 CJ ENM 출신 및 지상파 3사 간판 예능 PD들을 영입했다. 기존 방송사의 격전지인 1시간 분량 롱폼 대신 디지털·모바일 시청 환경에 맞춘 30분 내외 미드폼 콘텐츠를 전략적으로 선택해 제작비를 절감하고 기획·제작 속도를 끌어올렸다.지난 3년간 LG유플러스가 제작한 콘텐츠는 드라마 15편, 예능 24편에 달한다. 첫 오리지널 드라마 '하이쿠키'가 넷플릭스 한국 톱2에 오르고, 혜리 주연의 '선의의 경쟁'이 U+tv(IPTV)와 U+모바일tv(OTT)에서 역대 최다 시청 건수를 기록하는 등 일부 성과도 있었다. 그러나 약 180억원을 투입한 마동석 주연 '트웰브'가 2%대 시청률을 기록하는 등 흥행 실패도 이어졌다.━자체제작 소용없네…LGU+ OTT 이용자 내리막길━U+모바일tv MAU(월간활성이용자)/그래픽=이지혜자체제작 콘텐츠로 OTT 유입을 늘린다는 목표였지만, 이용자 수는 3년 연속 감소세다. 모바일인덱스에 따르면 2022년 10월 148만3000명을 기록한 U+모바일tv MAU(월간활성이용자수)는 지난달 92만9000명까지 줄었다. 3년 새 38% 감소한 수치다. 제작비와 인건비 부담이 급증하는 가운데 흥행 불확실성까지 커지며 영업손실이 쌓인 것으로 전해진다.업계에선 이번 결정이 '예견된 수순'이었다고 본다. 지난해 말 조직개편에서 STUDIO X+U가 포함된 CCO 조직이 CEO 직속에서 컨슈머부문 산하로 내려간 데다, 비슷한 시기에 시작한 플랫폼 신사업들이 모두 정리 대상에 올랐기 때문이다. LG유플러스는 통신에서 플랫폼으로 전환하는 '3.0 전략'을 통해 △스포키 △베터 △화물잇고 △메타슬랩 △머니Me △원로우 등 다양한 서비스를 선보였지만, 최근 모두 철수했다. 수익성 개선을 위해 선택과 집중에 나선 셈이다.콘텐츠 사업 축소는 LG유플러스만의 일은 아니다. 웨이브는 오리지널 콘텐츠 제작 대신 해외 시리즈 독점 공개로 방향키를 틀었고, 태광그룹의 미디어 계열사 티캐스트도 지난 4월 자체제작 중단 결정을 발표했다.업계 관계자는 ""이통사가 콘텐츠 사업을 강화하는 이유는 이용자를 록인(Lock-in) 하고 ARPU(가입자당평균매출)를 끌어올리기 위해서인데 시너지가 잘 안 난다""며 ""안정적 실적이 중요한 이통사에 실패 위험이 큰 콘텐츠 사업은 리스크로 여겨졌을 것""이라고 말했다.한편 LG유플러스는 콘텐츠 자체제작 사업 중단 여부에 대해 ""아직 최종 확정되지 않았다""고 밝혔다."
https://n.news.naver.com/mnews/article/421/0008625138?sid=102,2025-11-26 07:31:38,사회,"부산시, 인공지능위원회 개최…소상공인·조선해양 AI 전환 추진","부산시청 전경 ⓒ News1 윤일지 기자(부산=뉴스1) 임순택 기자 = 부산시는 26일 오전 10시 30분 시청 소회의실2에서 '제3회 부산시 인공지능위원회'를 개최한다.시에 따르면 이번 회의는 산업 분야를 넘어 시민 일상과 밀접한 소상공인 분야의 인공지능(AI) 전환 지원을 논의하기 위해 마련됐다.이날 회의엔 △기업 등 각계 인공지능 전문가로 구성된 시 인공지능위원회 위원 △KT △LGU+ △식파마 △소상공인연합회 △부산정보산업진흥원 △부산경제진흥원 등 소상공인 인공지능(AI) 관련 기업, 기관 관계자 등 30여 명이 참석한다.이어 오후 1시 30분 2부 회의엔 조선·해양 산업의 핵심 제조 공정에 AI 기술을 접목하기 위한 본격적인 논의에 나선다.박형준 시장은 ""인공지능(AI)과 디지털 전환으로 소상공인 경쟁력을 강화하고 시민 모두가 AI 혜택을 체감할 수 있게 하겠다""며 ""대한민국 AI 해양 특화 도시이자, 모든 시민이 AI 기술의 혜택을 누리는 포용적 AI 허브 도시 부산을 만들겠다""고 말했다."
https://n.news.naver.com/mnews/article/008/0005283199?sid=105,2025-11-26 09:00:00,IT/과학,"LGU+, 열 번째 'U+희망도서관' 개관…시각장애 학생 교육 지원","LG유플러스 임직원들이 충주성모학교 담장에 벽화를 그리고 있다. /사진=LG유플러스LG유플러스는 시각장애 학생들의 독서와 교육을 지원하기 위해 충북 청주시 소재 충주성모학교에 열 번째 'U+희망도서관'을 구축했다고 26일 밝혔다.U+희망도서관은 시각장애 학생들의 교육 환경을 개선하고, 정보 접근성 확대를 돕기 위해 진행하는 LG유플러스의 사회공헌 프로젝트다. LG유플러스는 2017년부터 사회복지법인 하트-하트재단과 전국 시각장애 특수학교에 U+희망도서관 구축을 위한 점자·음성 도서, 점자프린터, 독서확대기 등 ICT(정보통신기술) 기기를 기증하고 있다.올해 열 번째로 개관하는 U+희망도서관은 점자프린터·독서확대기 등 ICT 기기를 통해 시각장애 학생들의 학습을 지원할 예정이다. 희망도서관 구축에 필요한 비용과 물품은 LG유플러스 임직원들이 기증한 애장품 등을 판매한 사내 나눔마켓 수익금을 통해 마련됐다.LG유플러스는 2017년 청주맹학교를 시작으로 인천해광학교, 강원명진학교, 부산맹학교, 전북맹아학교, 대전맹학교, 대구광명학교, 광주세광학교, 수원아름학교 등에 U+희망도서관을 열고 시각장애 학생들을 지원하고 있다.희망도서관 개관과 함께 LG유플러스는 시각장애 학생들을 위한 벽화 그리기 봉사활동도 진행했다. 지난 25일 충주성모학교를 찾은 임직원 20여명은 학교 담장에 약 46.15㎡ 크기의 벽화를 함께 그렸다.향후에도 LG유플러스는 시각장애 학생들의 교육 격차를 해소하고, 포용적 사회 실현에 기여할 수 있도록 관련 활동을 지속할 계획이다.박경중 LG유플러스 대외협력담당(상무)은 ""열 번째 U+희망도서관을 통해 충주성모학교 학생들이 한층 더 성장할 수 있기를 희망한다""며 ""LG유플러스는 앞으로도 모든 학생이 환경과 관계없이 꿈을 키울 수 있도록 지속적인 관심과 지원을 이어가겠다""고 말했다."
https://n.news.naver.com/mnews/article/003/0013621646?sid=105,2025-11-26 09:00:00,IT/과학,"LGU+, 시각장애 학생 위한 열번째 'U+희망도서관' 개관","충주성모학교에 점자프린터·독서확대기 등 기증따뜻한 학교 분위기 위한 벽화 그리기 봉사도 진행[서울=뉴시스]LG유플러스는 충북 충주시 충주성모학교에 시각장애 학생들의 독서와 교육을 돕기 위한 'U+희망도서관'을 구축했다고 26일 밝혔다. 사진은 LG유플러스 임직원들이 충주성모학교 담장에 벽화를 그리고 있는 모습. (사진=LG유플러스 제공)[서울=뉴시스]윤현성 기자 = LG유플러스가 시각장애 학생들의 독서와 교육을 지원하기 위해 충북 청주시 소재 충주성모학교에 열 번째 'U+희망도서관'을 구축했다고 26일 밝혔다.U+희망도서관은 시각장애 학생들의 교육 환경을 개선하고, 정보 접근성 확대를 돕기 위해 진행하는 LG유플러스의 대표적인 사회공헌 프로젝트다. LG유플러스는 지난 2017년부터 사회복지법인 하트-하트재단과 함께 전국 시각장애 특수학교에 U+희망도서관 구축을 위한 점자·음성 도서, 점자프린터, 독서확대기 등 ICT 기기를 기증하고 있다.올해 열 번째로 개관하는 U+희망도서관은 점자프린터·독서확대기 등 ICT 기기를 통해 시각장애 학생들의 학습을 지원할 예정이다. 희망도서관 구축에 필요한 비용과 물품은 LG유플러스 임직원들이 기증한 애장품 등을 판매한 사내 나눔마켓 수익금을 통해 마련됐다.앞서 LG유플러스는 2017년 청주맹학교를 시작으로 인천해광학교, 강원명진학교, 부산맹학교, 전북맹아학교, 대전맹학교, 대구광명학교, 광주세광학교, 수원아름학교 등에 U+희망도서관을 열고 시각장애 학생들을 지원하고 있다.희망도서관 개관과 함께 LG유플러스는 시각장애 학생들을 위한 벽화 그리기 봉사활동도 진행했다. 지난 25일 충주성모학교를 찾은 임직원 20여명은 학교 담장에 약 46.15㎡ 크기의 벽화를 함께 그렸다. 밝은 톤으로 그려진 벽화는 저시력 학생들이 따뜻하고 안정적인 분위기에서 학습할 수 있도록 돕는 역할을 할 것으로 기대된다.향후에도 LG유플러스는 시각장애 학생들의 교육 격차를 해소하고, 포용적 사회 실현에 기여할 수 있도록 관련 활동을 지속할 계획이다.오지철 하트-하트재단 회장은 ""앞으로도 교육환경 개선과 인프라 구축을 통해 시각장애 아동들이 소외 없이 평등하게 교육을 제공받을 수 있는 환경을 조성해 나가겠다""며 ""이번 ICT 보조공학기기 지원을 통해 시각장애 아동들이 책을 통해 더 넓은 세상을 경험하고 꿈을 키워나갈 수 있기를 기대한다""고 말했다.박경중 LG유플러스 대외협력담당(상무)은 ""열 번째 U+희망도서관을 통해 충주성모학교 학생들이 한층 더 성장할 수 있기를 희망한다""며 ""LG유플러스는 앞으로도 모든 학생들이 환경과 관계없이 꿈을 키울 수 있도록 지속적인 관심과 지원을 이어가겠다""고 전했다."
https://n.news.naver.com/mnews/article/119/0003029619?sid=105,2025-11-26 09:01:10,IT/과학,"LGU+, 시각장애 특수학교에 10번째 ‘U+희망도서관’ 구축","충주성모학교에 점자프린터·독서확대기 등 기증LG유플러스 임직원들이 충주성모학교 담장에 벽화를 그리고 있는 모습ⓒLG유플러스[데일리안 = 조인영 기자] LG유플러스는 시각장애 학생들의 독서와 교육을 지원하기 위해 충북 청주시 소재 충주성모학교에 열 번째 'U+희망도서관'을 구축했다고 26일 밝혔다.U+희망도서관은 시각장애 학생들의 교육 환경을 개선하고, 정보 접근성 확대를 돕기 위해 진행하는 LG유플러스의 대표적인 사회공헌 프로젝트다.LG유플러스는 지난 2017년부터 사회복지법인 하트-하트재단과 함께 전국 시각장애 특수학교에 U+희망도서관 구축을 위한 점자·음성 도서, 점자프린터, 독서확대기 등 ICT 기기를 기증하고 있다.올해 열 번째로 개관하는 ‘U+희망도서관’은 점자프린터·독서확대기 등 ICT 기기를 통해 시각장애 학생들의 학습을 지원할 예정이다.희망도서관 구축에 필요한 비용과 물품은 LG유플러스 임직원들이 기증한 애장품 등을 판매한 사내 나눔마켓 수익금을 통해 마련됐다.앞서 LG유플러스는 2017년 청주맹학교를 시작으로 인천해광학교, 강원명진학교, 부산맹학교, 전북맹아학교, 대전맹학교, 대구광명학교, 광주세광학교, 수원아름학교 등에 U+희망도서관을 열고 시각장애 학생들을 지원하고 있다.희망도서관 개관과 함께 LG유플러스는 시각장애 학생들을 위한 벽화 그리기 봉사활동도 진행했다. 지난 25일 충주성모학교를 찾은 임직원 20여명은 학교 담장에 약 46.15㎡ 크기의 벽화를 함께 그렸다.오지철 하트-하트재단 회장은 ""앞으로도 교육환경 개선과 인프라 구축을 통해 시각장애 아동들이 소외 없이 평등하게 교육을 제공받을 수 있는 환경을 조성해 나가겠다""며 ""이번 ICT 보조공학기기 지원을 통해 시각장애 아동들이 책을 통해 더 넓은 세상을 경험하고 꿈을 키워나갈 수 있기를 기대한다""고 말했다.박경중 LG유플러스 대외협력담당(상무)은 ""열 번째 U+희망도서관을 통해 충주성모학교 학생들이 한층 더 성장할 수 있기를 희망한다""며 ""LG유플러스는 앞으로도 모든 학생들이 환경과 관계없이 꿈을 키울 수 있도록 지속적인 관심과 지원을 이어가겠다""고 했다."
https://n.news.naver.com/mnews/article/016/0002563087?sid=105,2025-11-26 09:01:16,IT/과학,"LGU+, 열 번째 ‘U+희망도서관’ 개관…시각장애 학생 교육 지원","충주성모학교에 점자프린터 등 ICT 기기 기증임직원 나눔으로 비용 마련…벽화 그리기 봉사도이홍렬 LG유플러스 ESG추진실장과 장은주 충주성모학교 교장이 열 번째 ‘U+희망도서관’ 개관을 알리고 있는 모습 [LG유플러스 제공][헤럴드경제=차민주 기자] LG유플러스는 시각장애 학생의 독서와 교육을 지원하기 위해 충북 청주시에 있는 충주성모학교에 열 번째 ‘U+희망도서관’을 구축했다고 26일 밝혔다U+희망도서관은 시각장애 학생의 교육 환경을 개선하고 정보 접근성을 돕기 위해 LG유플러스가 진행하는 대표 사회공헌 프로젝트다. LG유플러스는 지난 2017년부터 사회복지법인 하트-하트재단과 함께 전국 시각장애 특수학교에 U+희망도서관 구축을 위한 점자·음성 도서, 점자프린터, 독서확대기 등 정보통신기술(ICT) 기기를 기증하고 있다.올해 열 번째로 개관하는 U+희망도서관은 ICT 기기를 제공해 시각장애 학생들의 학습을 지원할 예정이다. 희망도서관 구축에 필요한 비용과 물품은 LG유플러스 임직원이 기증한 애장품 등을 판매한 사내 나눔마켓 수익금으로 마련됐다.앞서 LG유플러스는 지난 2017년 청주맹학교를 시작으로 인천해광학교, 강원명진학교, 부산맹학교, 전북맹아학교, 대전맹학교, 대구광명학교, 광주세광학교, 수원아름학교 등에 U+희망도서관을 열었다.LG유플러스 임직원이 충주성모학교 담장에 벽화를 그리고 있는 모습 [LG유플러스 제공]이와 함께 LG유플러스는 시각장애 학생들을 위한 벽화 그리기 봉사활동도 진행했다고 밝혔다. 지난 25일 충주성모학교를 찾은 임직원 20여명은 학교 담장에 약 46.15㎡ 크기의 벽화를 그렸다. 밝은 톤으로 그려진 벽화로, 저시력 학생들이 안정적인 분위기에서 학습하도록 도울 것이란 게 LG유플러스 설명이다.LG유플러스는 앞으로도 시각장애 학생의 교육 격차를 해소하고, 포용적 사회를 실현하기 위해 관련 활동을 지속할 계획이다.오지철 하트-하트재단 회장은 “앞으로도 교육환경 개선과 인프라 구축을 통해 시각장애 아동이 소외 없이 평등하게 교육을 제공받을 수 있는 환경을 조성하겠다”며 “이번 ICT 보조공학기기 지원을 통해 시각장애 아동이 책을 통해 더 넓은 세상을 경험하고 꿈을 키워나갈 수 있기를 기대한다”고 했다.박경중 LG유플러스 대외협력담당은 “열 번째 U+희망도서관을 통해 충주성모학교 학생들이 한층 더 성장할 수 있기를 희망한다”며 “LG유플러스는 앞으로도 모든 학생이 환경과 관계없이 꿈을 키울 수 있도록 관심과 지원을 이어가겠다”고 언급했다."
https://n.news.naver.com/mnews/article/014/0005439945?sid=105,2025-11-26 09:12:12,IT/과학,"LG U+, 10번째 ‘U+희망도서관’ 개관…시각장애 학생 지원","LG유플러스 임직원들이 충주성모학교 담장에 벽화를 그리고 있다. LG유플러스 제공[파이낸셜뉴스] LG유플러스는 시각장애 학생들의 독서와 교육을 지원하기 위해 충북 청주시 소재 충주성모학교에 10번째 'U+희망도서관'을 구축했다고 26일 밝혔다.U+희망도서관은 시각장애 학생들의 교육 환경을 개선하고, 정보 접근성 확대를 돕기 위해 진행하는 LG유플러스의 대표적인 사회공헌 프로젝트다. LG유플러스는 지난 2017년부터 사회복지법인 하트-하트재단과 함께 전국 시각장애 특수학교에 U+희망도서관 구축을 위한 점자·음성 도서, 점자프린터, 독서확대기 등 정보통신기술(ICT) 기기를 기증하고 있다.올해 10번째로 개관하는 ‘U+희망도서관’은 점자프린터·독서확대기 등 ICT 기기를 통해 시각장애 학생들의 학습을 지원할 예정이다. 희망도서관 구축에 필요한 비용과 물품은 LG유플러스 임직원들이 기증한 애장품 등을 판매한 사내 나눔마켓 수익금을 통해 마련됐다.앞서 LG유플러스는 2017년 청주맹학교를 시작으로 인천해광학교, 강원명진학교, 부산맹학교, 전북맹아학교, 대전맹학교, 대구광명학교, 광주세광학교, 수원아름학교 등에 U+희망도서관을 열고 시각장애 학생들을 지원하고 있다.희망도서관 개관과 함께 LG유플러스는 시각장애 학생들을 위한 벽화 그리기 봉사활동도 진행했다. 지난 25일 충주성모학교를 찾은 임직원 20여명은 학교 담장에 약 46.15㎡ 크기의 벽화를 함께 그렸다.향후에도 LG유플러스는 시각장애 학생들의 교육 격차를 해소하고, 포용적 사회 실현에 기여할 수 있도록 관련 활동을 지속할 계획이다.박경중 LG유플러스 대외협력담당(상무)은 ""열 번째 U+희망도서관을 통해 충주성모학교 학생들이 한층 더 성장할 수 있기를 희망한다""며 ""LG유플러스는 앞으로도 모든 학생들이 환경과 관계없이 꿈을 키울 수 있도록 지속적인 관심과 지원을 이어가겠다""고 말했다."
https://n.news.naver.com/mnews/article/011/0004560201?sid=102,2025-11-26 09:21:10,사회,"부산시, 소상공인·조선해양 산업까지 AI 전환 확대","제3회 인공지능위원회 개최···KT·LGU+등 참석부산 연제구에 위치한 부산시청 전경. 사진제공=부산시[서울경제]부산시가 인공지능(AI) 기술을 소상공인과 조선·해양 산업 전반으로 확산하기 위한 논의에 본격 착수한다. 부산시는 26일 시청 12층에서 ‘제3회 부산시 인공지능위원회’를 열고 AI 기반 지역 산업 혁신 전략을 집중 논의한다고 밝혔다.이 자리에는 시 인공지능위원회 위원뿐 아니라 KT, LG유플러스, 스타트업 식파마, 소상공인연합회, 부산정보산업진흥원, 부산경제진흥원 등 소상공인 AI 분야 주요 기업·기관 관계자 30여 명이 참석한다.인공지능위원회는 지난 7월 제정된 ‘부산광역시 인공지능 산업 육성 및 도입활용 활성화 조례’를 근거로 운영되며 시장을 포함한 25명의 민·관 전문가가 정책 심의와 산업 활성화 전략을 마련하는 기구다.이번 회의의 핵심 의제는 ‘소상공인의 AI 활용 확대’다. 시는 인공지능위원회 추진 상황을 공유하고 KT·LG유플러스·식파마는 실제 소상공인 현장에서 활용 중인 AI 플랫폼 사례를 소개한다.또한 소상공인연합회와 간담회를 열어 AI 도입 시 비용 부담, 기술 접근성, 운영 애로 등 현장의 목소리를 직접 청취한다. 시는 수렴된 의견을 지역 맞춤형 지원정책에 반영해 골목상권과 전통시장에서도 실질적인 AI 전환 효과가 나타나도록 추진한다는 계획이다.같은 날 오후에는 조선·해양 분야 AI 전환을 위한 별도 회의가 이어진다. 조선·해양 기업 전문가들이 참석해 선박 건조의 핵심 공정인 사형주조와 용접 기술의 AI 적용 사례, 해양플랜트 생산공정의 디지털 전환 방향을 공동 논의한다. 시는 조선·해양 산업의 AI 전환이 생산 효율과 안전성 향상뿐 아니라 고부가가치 일자리 창출에도 기여할 것으로 기대하고 있다.시는 지난 9월 인공지능위원회 출범과 함께 ‘월드클래스 해양 AI 허브 부산’ 비전을 제시하고 해운·항만·방산 분야 혁신 성장을 위한 1조 원 규모의 ‘웨이브(WAVE) 프로젝트’를 발표한 바 있다.10월 열린 2차 위원회에서는 해양산업 AI 전환 전략과 함께 해양 AI 일자리 전담팀을 꾸려, 지역경제와 고용창출을 동시에 이끌 혁신 모델 발굴을 추진 중이다.박형준 시장은 “AI는 소상공인의 경쟁력을 높이는 핵심 도구이자, 전 산업의 디지털 전환을 이끄는 시대적 흐름”이라며 “모든 시민이 생활 속에서 AI 혜택을 체감할 수 있는 포용적 인공지능 도시를 만들어가겠다”고 말했다."
https://n.news.naver.com/mnews/article/421/0008625419?sid=105,2025-11-26 09:22:48,IT/과학,LGU+ 열 번째 'U+희망도서관' 구축…시각장애 학생 학습 지원,"충주 청주시 충주성모학교에 점자·음성 도서 등 ICT 기기 지원임직원 20여명 벽화 그리기 봉사활동LG유플러스가 충북 충주시 충주성모학교에 시각장애 학생들의 독서와 교육을 돕기 위한 U+희망도서관을 구축했다. 사진은 LG유플러스 임직원들이 충주성모학교 담장에 벽화를 그리고 있는 모습. 2025.11.26/뉴스1(LGU+ 제공_(서울=뉴스1) 김민수 기자 = LG유플러스(032640)가 시각장애 학생들의 독서와 교육을 지원하기 위해 충북 청주시 소재 충주성모학교에 열 번째 'U+희망도서관'을 26일 구축했다.U+희망도서관은 시각장애 학생들의 교육 환경을 개선하고, 정보 접근성 확대를 돕기 위한 사회공헌 프로젝트다. LG유플러스는 2017년부터 사회복지법인 하트-하트재단과 함께 전국 시각장애 특수학교에 U+희망도서관 구축을 위한 점자·음성 도서, 점자프린터, 독서확대기 등 ICT 기기를 기증하고 있다.희망도서관 구축에 필요한 비용과 물품은 LG유플러스 임직원들이 기증한 애장품 등을 판매한 사내 나눔마켓 수익금을 통해 마련됐다.LG유플러스는 2017년 청주맹학교를 시작으로 인천해광학교, 강원명진학교, 부산맹학교, 전북맹아학교, 대전맹학교, 대구광명학교, 광주세광학교, 수원아름학교 등에 U+희망도서관을 열고 시각장애 학생들을 지원하고 있다.희망도서관 개관과 함께 LG유플러스는 시각장애 학생들을 위한 벽화 그리기 봉사활동도 진행했다. 이달 25일 충주성모학교를 찾은 임직원 20여명이 학교 담장에 약 46.15㎡ 크기의 벽화를 함께 그렸다.LG유플러스는 시각장애 학생들의 교육 격차를 해소하고, 포용적 사회 실현에 기여할 수 있도록 관련 활동을 지속할 예정이다."
https://n.news.naver.com/mnews/article/031/0000983997?sid=105,2025-11-26 09:38:11,IT/과학,"LGU+, 충주성모학교에 'U+희망도서관' 10호점 개관","ICT 기기 지원·벽화 봉사로 시각장애 학생 학습 환경 개선LG유플러스는 시각장애 학생들의 독서와 학습 환경 개선을 위해 충청북도 청주시에 위치한 충주성모학교에 열 번째 'U+희망도서관'을 조성했다고 26일 밝혔다.사진은 LG유플러스 임직원들이 충주성모학교 담장에 벽화를 그리고 있는 모습 [사진=LGU+]'U+희망도서관'은 LG유플러스가 지난 2017년부터 사회복지법인 하트-하트재단과 함께 전국 시각장애 특수학교에 ICT 기반 학습 환경을 조성해 온 사회공헌 사업이다. 점자도서와 음성도서, 점자프린터, 독서확대기 등 정보 접근성을 높이는 다양한 보조기기를 기증하고 있다.올해로 10번째 문을 연 충주성모학교 U+희망도서관에도 점자프린터와 독서확대기 등 ICT 기기가 전달됐다. 관련 물품과 비용은 LG유플러스 임직원들이 자발적으로 참여한 사내 나눔마켓 수익금으로 마련됐다.LG유플러스는 지금까지 △청주맹학교 △인천해광학교 △강원명진학교 △부산맹학교 △전북맹아학교 △대전맹학교 △대구광명학교 △광주세광학교 △수원아름학교 등에 U+희망도서관을 구축해 시각장애 학생들을 지원해왔다.이번 개관과 함께 LG유플러스 임직원 20여명은 지난 25일 충주성모학교를 찾아 담장 약 46.15㎡ 구간에 밝은 색감의 벽화를 그리는 봉사활동을 진행했다. 이번 벽화는 저시력 학생들이 심리적으로 안정감을 느끼고 학습에 집중할 수 있는 분위기를 조성하는 데 도움을 줄 것으로 기대된다.오지철 하트-하트재단 회장은 ""교육 인프라 지원을 통해 시각장애 아동들이 소외되지 않고 평등한 교육을 받을 수 있는 환경을 확대하겠다""며 ""이번 지원으로 학생들이 책을 통해 더 넓은 세상을 경험하길 기대한다""고 말했다.박경중 LG유플러스 대외협력담당(상무)은 ""열 번째 희망도서관이 충주성모학교 학생들의 성장에 도움이 되길 바란다""며 ""앞으로도 환경에 상관없이 모든 학생이 꿈을 펼칠 수 있도록 지속적인 관심과 지원을 이어가겠다""고 말했다."
https://n.news.naver.com/mnews/article/001/0015762519?sid=102,2025-11-26 09:42:55,사회,"LGU+, 시각장애 특수학교에 10번째 '희망도서관' 설치","[LG유플러스 제공. 재판매 및 DB 금지](서울=연합뉴스) 박형빈 기자 = LG유플러스는 시각장애 학생들의 독서와 학습을 지원하기 위한 사회공헌 프로젝트의 하나로 충북 충주성모학교에 열 번째 'U+희망도서관'을 구축했다고 26일 밝혔다.U+희망도서관은 LG유플러스가 2017년부터 사회복지법인 하트-하트재단과 함께 전국 시각장애 특수학교에 점자·음성 도서, 점자프린터, 독서확대기 등 ICT 기반 보조공학 기기를 기증해 조성하는 공간이다.LG유플러스는 앞서 청주맹학교, 인천해광학교, 강원명진학교, 부산맹학교, 전북맹아학교, 대전맹학교, 대구광명학교, 광주세광학교, 수원아름학교 등에 U+희망도서관을 마련한 바 있다.박경중 LG유플러스 대외협력담당(상무)은 ""앞으로도 모든 학생이 환경과 관계없이 꿈을 키울 수 있도록 지속적인 관심과 지원을 이어가겠다""고 말했다.binzz@yna.co.kr"
https://n.news.naver.com/mnews/article/138/0002210641?sid=105,2025-11-26 10:01:09,IT/과학,“알뜰폰 위기 심화…도매대가 사후규제·MNO 저가요금제 탓”,"고명수 KMVNO 회장이 지난 25일 오후6시 서울 중구 한 식당에서 언론사 기자들과 만나는 자리에서 인사말을 하고 있다.[디지털데일리 오병훈기자] “올해 6월 알뜰폰 1000만 시대가 열렸습니다. 그러나 알뜰폰 사업을 하는데 전파사용료 부과·도매대가 사후규제 등 다양한 어려움이 직면해 있으며 이를 해결하기 위한 정부 및 국회 도움이 필요한 상황입니다”고명수 한국알뜰폰통신사업자협회(KMVNO)장은 지난 25일 서울 중구 한 식당에서 기자들과 만나 알뜰폰 중소 사업자들의 현 상황을 진단하며 이같이 강조했다.과학기술정보통신부가 공개한 ‘2025년 9월 말 기준 유·무선통신서비스 가입 현황 및 무선데이터 트래픽 통계’에 따르면 알뜰폰 가입 회선 수는 지난 6월 1000만회선을 넘긴 뒤 9월 말 기준 약 1100만회선까지 증가했다. 수치적으로만 전국민 20% 정도가 알뜰폰을 통해 이동통신서비스를 이용 중인 셈이다.황성욱 KMVNO 부회장은 “이동통신 3사 월 평균 가입자당 매출(ARPU)은 약 3만5000원인데 반해 알뜰폰은 약 1만6000원 수준”이라며 “단순 계산으로 가입자 1인당 월 약 1만9000원 절감 시 연간 약 2조2800억원 통신비 절감 효과 발생한다”고 말했다.KMVNO는 알뜰폰 사용자는 늘어가고 있지만 알뜰폰 사업자 경영 환경은 지속 악화되고 있다고 진단했다. 특히 중소 알뜰폰 사업자를 중심으로 실적 성과를 내지 못하고 적자를 기록하는 등 어려움을 겪고 있다는 주장이다.황 부회장은 “전파사용료 부담이 가중되고 망 도매대가 산정 사후 규제 등으로 비용 측면 부담이 늘고 있다”며 “통신3사의 자급제 중심 저가 요금제(SKT 에어, KT 요고, LGU+ 너겟 등) 공세에 따른 경쟁 심화로 알뜰폰 사업자 경쟁력 위축 등 어려움이 이어지고 있다”고 지적했다.전파사용료는 통신 및 방송 등 전파자원을 활용하는 사업자에게 정부에서 부과하는 사용료를 의미한다. 지난 2023년부터 대기업 알뜰폰 사업자는 100%를 납부하고 있으며 중소 알뜰폰 사업자 경우 올해부터 20%를 부담하기 시작했다. 중소 알뜰폰 사업자도 2026년에는 50%, 2027년에는 100%를 부담하게 될 예정이다. 중소 알뜰폰 사업자는 정부에 지속적으로 전파사용료 감면 기간 연장을 요구해왔다.망 도매대가 협상도 알뜰폰 사업자의 핵심 과제 중 하나다. 알뜰폰 사업자는 통신3사의 망을 빌려쓰는 사업자로 빌려쓰는 대가인 도매대가를 주기적으로 협상해야 한다. 통신3사와 중소 알뜰폰 사업자 경우 협상력 차이가 있을 수 있어 이전까지는 협상 전반에 정부가 나서서 중재 역할을 해왔지만 올해부터는 도매대가 협상 방식이 사후규제로 변경되면서 협상력이 약해질 것이란 게 중소 알뜰폰 사업자들의 우려다.황 부회장은 “알뜰폰 사업자는 가입자 외형 성장을 지속하고 있으나 경영환경은 악재가 겹친 상황”이라며 “알뜰폰의 존속을 위해서는 알뜰폰 자체적인 노력에 더해 전파사용료 및 도매대가 문제에 대한 정부와 국회 및 언론의 많은 관심이 필요하다”고 호소했다."
https://n.news.naver.com/mnews/article/417/0001115440?sid=105,2025-11-26 10:01:20,IT/과학,"LGU+, 열번째 'U+희망도서관' 개관… 시각장애 학생 교육 돕다","점자프린터·독서확대기 등 ICT 기기 기증… ""환경과 관계없이 꿈 키울 수 있길""LG유플러스는 충북 충주시 충주성모학교에 시각장애 학생들의 독서와 교육을 돕기 위한 'U+희망도서관'을 구축했다. 사진은 LG유플러스 임직원들이 충주성모학교 담장에 벽화를 그리고 있는 모습. /사진=LG유플러스LG유플러스가 시각장애 학생들의 독서와 교육을 지원한다. LG유플러스는 충북 청주시 충주성모학교에 열 번째 'U+희망도서관'을 구축했다고 26일 밝혔다.U+희망도서관은 시각장애 학생들의 교육 환경을 개선하고 정보 접근성 확대를 돕기 위해 진행하는 사회공헌 프로젝트다. LG유플러스는 지난 2017년부터 사회복지법인 하트-하트재단과 함께 전국 시각장애 특수학교에 U+희망도서관 구축을 위한 점자·음성 도서, 점자프린터, 독서확대기 등 ICT 기기를 기증하고 있다.올해 열 번째로 개관하는 'U+희망도서관'은 ICT 기기를 통해 시각장애 학생들의 학습을 지원할 예정이다. 희망도서관 구축에 필요한 비용과 물품은 LG유플러스 임직원들이 기증한 애장품 등을 판매한 사내 나눔마켓 수익금을 통해 마련됐다.LG유플러스는 시각장애 학생들을 위한 벽화 그리기 봉사활동도 진행했다. 지난 25일 임직원은 충주성모학교를 찾아 학교 담장에 약 46.15㎡ 크기의 벽화를 함께 그렸다. 밝은 톤으로 그려진 벽화는 저시력 학생들이 따뜻하고 안정적인 분위기에서 학습할 수 있도록 돕는 역할을 할 것으로 기대된다.LG유플러스는 2017년 청주맹학교를 시작으로 인천해광학교, 강원명진학교, 부산맹학교, 전북맹아학교, 대전맹학교, 대구광명학교, 광주세광학교, 수원아름학교 등에 U+희망도서관을 열고 시각장애 학생들을 지원하고 있다. 앞으로도 LG유플러스는 시각장애 학생들의 교육 격차를 해소하고 포용적 사회 실현에 기여할 수 있도록 활동을 지속할 계획이다.박경중 LG유플러스 대외협력담당(상무)은 ""열 번째 U+희망도서관을 통해 충주성모학교 학생들이 한층 더 성장할 수 있기를 희망한다""며 ""앞으로도 모든 학생이 환경과 관계없이 꿈을 키울 수 있도록 지속적인 관심과 지원을 이어가겠다""고 밝혔다."
https://n.news.naver.com/mnews/article/016/0002563175?sid=105,2025-11-26 10:13:10,IT/과학,"같은 대역 주파수, 가격 차이 이어 LTE 품질 차이 논란 확산","SKT “반값에 쓰는 반값 성능, 소비자 피해로” 주장“LTE 품질 차이, 주파수 대가 산정에 반영해야”치열해지는 SKT·LGU+ 신경전SK텔레콤 직원들이 통신 기지국을 점검하고 있다. [SK텔레콤 제공][헤럴드경제=박세정 기자] 내년 이용 기한이 만료되는 3G·LTE 주파수 재할당을 놓고, SK텔레콤과 LG유플러스의 신경전이 치열해지고 있다. 가격 차이에 이어 LTE 품질 차이까지 논쟁이 확산하고 있다.SK텔레콤은 같은 주파수 대역을 쓰면서 가격 차이뿐 아니라 LTE 서비스 품질까지 차이가 난다고 주장, 주파수 대가 산정에 성능 격차도 고려해야한다는 입장이다.LG유플러스 직원들이 통신 기지국을 점검하고 있다. [LG유플러스 제공]26일 통신업계에 따르면 3G·LTE 주파수 재할당을 앞두고, 2.6㎓ 대역에 대한 이통사들의 입장 차이가 심화되고 있다.가장 논란이 되는 것은 SK텔레콤과 LG유플러스의 가격 격차다.SK텔레콤은 2016년 경매에서 2.6㎓ 대역 60㎒를 1조2777억원에 낙찰받아 현재 약 10년간 이용 중이다. LG유플러스는 2013년 같은 대역 40㎒를 4788억원에 낙찰받았고, 이후 2021년 재할당 시 27.5% 할인을 적용받았다.이를 ㎒당 연간 비용으로 환산하면 SK텔레콤 약 21억3000만원, LG유플러스 약 10억8000만원이다. SK텔레콤은 “정부가 2021년 재할당 정책에서 두 사업자의 2.6㎓ 40㎒ 대역을 ‘가치 형성 요인이 유사하다’며 같은 C그룹으로 분류했다”며 “그럼에도 LG유플러스가 절반 수준의 비용을 부담하고 있다”고 주장했다.서울 시내 휴대전화 대리점 앞을 한 시민이 지나가고 있다. [이상섭 기자]더 나아가 같은 주파수 대역에서 LTE의 성능 차이가 난다는 점도 대가 산정에 고려돼야 한다는 주장이 나온다. 정부가 지난해 실시한 이동통신 품질평가 결과에 따르면 LTE 실측 속도는 SK텔레콤 238.49 Mbps, LG유플러스 128.85 Mbps다.SK텔레콤은 “반값에 쓰는 반값 성능은 결과적으로 같은 요금을 내는 소비자들에게 피해를 주고 있다”며 “초기에 높은 대가를 지불하고 우량 주파수를 확보한 SK텔레콤이 지속적으로 불리한 위치에 놓인다”고 주장했다.이에 SK텔레콤은 현시점의 경제적 가치 뿐 아니라 실제 서비스 품질 격차를 함께 고려해 주파수 세부 정책이 마련돼야 한다고 주장했다.SK텔레콤은 “정부가 이미 두 사업자의 주파수 가치를 동등하게 평가했다는 점을 감안하면, 재할당 대가 산정에서 현재의 경제적 가치와 함께 실제 제공되는 서비스 품질 지표를 반영하는 것이 타당하다”고 말했다.그러면서 “동일 가치의 주파수에 대해 성능에 상관없이 동일한 대가를 강요하는 것도 올바른 정책이 아니다”며 “경제적 가치 평가와 실제 서비스 성능 반영이라는 투트랙 접근법을 통해, 형평성과 투명성을 동시에 보장하는 재할당 기준을 마련해야 한다”고 강조했다.서울시내 한 휴대폰 매장 앞을 시민이 지나고 있다. [이상섭 기자]LG유플러스는 “주파수 재할당 대가는 당시 사업자가 시장 상황, 대역폭, 용도, 위험 요소 등을 고려해 응찰한 경제적 가치”라며 “전파법과 정부 재할당 기준도 ‘각 사업자가 마지막으로 확정받은 할당 대가를 기준으로 산정’토록 규정하고 있다”고 말했다.그러면서 “단일 장비로 묶어 운용이 가능한 SKT 60㎒폭과 LG유플러스의 40㎒폭은 구성·장비·투자 효율 구조 자체가 다르다”며 “SKT도 지난 2021년 재할당 당시 전파법에 따라 2.1㎓ LTE 주파수 대역을 ‘재재할당’받으며 동일한 원칙을 준수한 바 있다”고 반박했다."
https://n.news.naver.com/mnews/article/031/0000984061?sid=105,2025-11-26 11:09:10,IT/과학,SKT·LGU+ 희비 가를 '주파수 재할당 공청회' 다음 주 열린다,"해킹·투자 부담 겹친 이통사…재할당 비용 구조 재편 주목과학기술정보통신부가 이동통신 3사의 3G·LTE 주파수 재할당을 위한 공청회를 이르면 다음주 초 개최한다. 재할당 기준 확정을 위한 절차가 본격화되면서 이해관계가 첨예하게 갈린 사업자 간 희비도 갈릴 전망이다.왼쪽부터 SK텔레콤 T타워, LG유플러스 용산사옥 전경. [사진=각사]26일 업계에 따르면 과기정통부는 12월 초 진행을 목표로 주파수 재할당 공청회 일정을 조율 중이다. 당초 11월 개최를 목표로 했으나 일정 조율 과정에서 다소 늦춰졌다. 정부는 공청회 직후 이해관계자 의견을 취합해 재할당 정책안을 확정한다는 방침이다.이번 공청회에서는 2.6㎓ 대역 재할당 대가 산정 방식이 핵심 쟁점으로 떠오를 전망이다. SK텔레콤과 LG유플러스가 동일 대역의 대가 형평성을 놓고 대립해온 만큼 업계는 이번 논의를 중요한 분기점으로 보고 있다.재할당 대가 산정은 향후 수년간 통신사 비용 구조에 직결되는 사안이다. 이통 3사는 최근 해킹 사고, 투자 확대 등으로 비용 압박이 커진 만큼 대가 산정 방식에 촉각을 세우고 있다. 업계는 정부가 재할당 비용의 예측 가능성을 높일지, 기존 원칙을 유지할지 여부에 주목하고 있다.통신업계 관계자는 ""공청회에서 어떤 방식이 채택되느냐에 따라 사업자별 부담은 크게 달라질 수 있다""며 ""이번 논의가 향후 수년간 주파수 비용 구조를 좌우할 것""이라고 말했다.한편, SK텔레콤과 LG유플러스는 2.6㎓ 대역 재할당 대가를 놓고 이견을 좁히지 못하고 있다. SK텔레콤은 ""동일 대역을 쓰는데도 SK텔레콤의 재할당대가가 LG유플러스의 두 배 이상""이라며 대가 산정 방식의 재정비를 요구하고 있다. 반면 LG유플러스는 과거 경매 결과와 당시 경쟁 상황을 고려해야 한다며 SK텔레콤 주장에 선을 긋고 있다."
https://n.news.naver.com/mnews/article/016/0002563297?sid=105,2025-11-26 11:28:22,IT/과학,같은 대역 LTE 주파수 가격·품질 차이 논란 확산,"내년말 3G·LTE 주파수 재할당SKT “반값에 쓰는 반값 성능”치열해지는 SKT·LGU+ 신경전SK텔레콤 직원들(왼쪽)과 LG유플러스 직원들이 통신 기지국을 점검하고 있다. [SK텔레콤·LG유플러스 제공]내년 이용 기한이 만료되는 3G·LTE 주파수 재할당을 놓고, SK텔레콤과 LG유플러스의 신경전이 치열해지고 있다. 가격 차이에 이어 LTE 품질 차이까지 논쟁이 확산하고 있다.SK텔레콤은 같은 주파수 대역을 쓰면서 가격 차이뿐 아니라 LTE 서비스 품질까지 차이가 난다고 주장, 주파수 대가 산정에 성능 격차도 고려해야한다는 입장이다.26일 통신업계에 따르면 3G·LTE 주파수 재할당을 앞두고, 2.6㎓ 대역에 대한 이통사들의 입장 차이가 심화되고 있다.가장 논란이 되는 것은 SK텔레콤과 LG유플러스의 가격 격차다. SK텔레콤은 2016년 경매에서 2.6㎓ 대역 60㎒를 1조2777억원에 낙찰받아 현재 약 10년간 이용 중이다. LG유플러스는 2013년 같은 대역 40㎒를 4788억원에 낙찰받았고, 이후 2021년 재할당 시 27.5% 할인을 적용받았다.이를 ㎒당 연간 비용으로 환산하면 SK텔레콤 약 21억3000만원, LG유플러스 약 10억8000만원이다. SK텔레콤은 “정부가 2021년 재할당 정책에서 두 사업자의 2.6㎓ 40㎒ 대역을 ‘가치 형성 요인이 유사하다’며 같은 C그룹으로 분류했다”며 “그럼에도 LG유플러스가 절반 수준의 비용을 부담하고 있다”고 주장했다.더 나아가 같은 주파수 대역에서 LTE의 성능 차이가 난다는 점도 대가 산정에 고려돼야 한다는 주장이 나온다. 정부가 지난해 실시한 이동통신 품질평가 결과에 따르면 LTE 실측 속도는 SK텔레콤 238.49 Mbps, LG유플러스 128.85 Mbps다.SK텔레콤은 “반값에 쓰는 반값 성능은 결과적으로 같은 요금을 내는 소비자들에게 피해를 주고 있다”며 “초기에 높은 대가를 지불하고 우량 주파수를 확보한 SK텔레콤이 지속적으로 불리한 위치에 놓인다”고 주장했다.이에 SK텔레콤은 현시점의 경제적 가치 뿐 아니라 실제 서비스 품질 격차를 함께 고려해 주파수 세부 정책이 마련돼야 한다고 주장했다.SK텔레콤은 “정부가 이미 두 사업자의 주파수 가치를 동등하게 평가했다는 점을 감안하면, 재할당 대가 산정에서 현재의 경제적 가치와 함께 실제 제공되는 서비스 품질 지표를 반영하는 것이 타당하다”고 말했다.그러면서 “동일 가치의 주파수에 대해 성능에 상관없이 동일한 대가를 강요하는 것도 올바른 정책이 아니다”며 “경제적 가치 평가와 실제 서비스 성능 반영이라는 투트랙 접근법을 통해, 형평성과 투명성을 동시에 보장하는 재할당 기준을 마련해야 한다”고 강조했다.LG유플러스는 “주파수 재할당 대가는 당시 사업자가 시장 상황, 대역폭, 용도, 위험 요소 등을 고려해 응찰한 경제적 가치”라며 “전파법과 정부 재할당 기준도 ‘각 사업자가 마지막으로 확정받은 할당 대가를 기준으로 산정’토록 규정하고 있다”고 말했다.박세정 기자"
https://n.news.naver.com/mnews/article/031/0000984122?sid=102,2025-11-26 13:54:13,사회,모빌리티 해킹·방어 실전 대회 ‘LISAthon’ 성료…글로컬 기술 교류의 장 부각,"56팀 참여·11팀 선정…기업·대학·몽골팀까지 경쟁실차 기반 모빌리티 보안 워게임 대회인 ‘2025 LISAthon: Mobility Competition’이 지난 21~23일 아산 온양관광호텔에서 열려 사흘간의 경쟁을 마쳤다. 총 56개 팀이 참가한 가운데 기업·대학·해외 대표 등 11개 우수팀이 선정됐다.LISAthon은 실제 주행 차량 데이터와 양산용 테스트베드를 활용해 공격·분석·방어를 실시간으로 수행하는 방식으로 운영된다. 국내에서는 유일한 실차 기반 실시간 사이버보안 경진대회다.올해 예선에는 현대차, 아우토크립트, HL클레무브, 네이버, LGU+, 넥슨 등 주요 기업과 전국 24개 대학(고교 2팀 포함)이 참여해 역대 최고 경쟁률을 기록했다.2025 LISAthon 행사에 참여한 국내외 참가자들이 단체 기념사진을 촬영하고 있다 [사진=순천향대]본선에는 국내 본선 진출팀과 함께 몽골 현지 예선 통과팀도 합류했으며 운영진은 득점·공격·방어 로직·IDPS 구성·데이터 가공능력 등을 종합 검증해 수상팀을 결정했다.기업 부문 우승은 아우토크립트–HL클레무브 연합팀이 차지했다. 2위는 아우토크립트 1팀, 3위는 네이버클라우드팀·아우토크립트 2팀(공동)이 올랐다.대학 부문은 KAIST–숭실대–고려대(세종) 연합팀, KAIST–성균관대 팀, 서울시립대–배재대 팀이 수상했다. 몽골과기대·고려대 단독팀·고려대(세종)–순천향대–성공회대 연합팀도 초반 공격 단계에서 두각을 보여 특별상·장려상에 선정됐다.이번 대회는 단순 기술 경쟁을 넘어 아산·천안 자동차·전자·의료기기 산업과 글로벌 보안기술을 잇는 기술 교류 플랫폼으로 확장됐다는 평가가 나온다.두 지역은 충남 전략산업이 모여 있는 곳으로 대기업·지역 기업·국내외 대학이 함께 참여한 이번 행사가 지역 산업의 디지털 전환 촉진 계기가 됐다는 분석도 제기됐다.임강빈 순천향대 보안안전융합기술사업화센터장은 “세계 여러 팀이 참여하며 지역과 글로벌 기술이 연결되는 의미 있는 실전 플랫폼이 됐다”며 “모빌리티·의료기기·보안 융합 연구와 인재양성을 계속 확장하겠다”고 말했다.순천향대는 LISAthon을 글로컬대학30 프로그램과 연계해 운영 중이다."
https://n.news.naver.com/mnews/article/138/0002210692?sid=105,2025-11-26 13:57:07,IT/과학,AI만큼 중요한 주파수 재할당…정부 결정에 ‘네트워크 경쟁력’ 기로 [IT클로즈업],"내달 초 공청회 전망…최악의 경우 LTE 포기 시나리오도과학기술정보통신부. [ⓒ 연합뉴스][디지털데일리 강소현기자] 주파수 재할당 대가를 두고 정부의 고심이 깊어지는 모양새다. 핵심은 2.6기가헤르츠(㎓) 대역이다. 이 대역의 과거 경매 낙찰가가 사업자 간 크게 차이 나는 만큼 더 많은 대가를 치른 SK텔레콤에 맞출지, 더 낮은 비용으로 확보한 LG유플러스에 맞출지가 관건이다. 기존에 각 사가 부담하던 할당 대가를 기준으로 산정하는 방법도 있다.주파수를 대하는 사업자들의 태도가 달라진 점도 변수다. 과거에는 사업자들이 먼저 추가 할당을 요구했지만, 5G 상용화 이후 사업자의 주파수 수요가 정체되면서 정부가 과도하게 높은 대가를 요구할 경우 재할당을 포기하는 시나리오까지 거론된다. 이에 학계에선 6G 시대를 앞두고 사업자의 네트워크 투자를 촉진할 수 있는 시장 친화적 정책이 마련돼야 한다고 지적한다.◆ SKT vs LGU+…‘2.6㎓ 격차’가 재할당 쟁점2021년 당시 경매 대상 주파수.26일 통신업계에 따르면 과학기술정보통신부(과기정통부)는 내달 초 3G·LTE 주파수 재할당 방안을 발표하기 위한 공청회를 개최한다.과기정통부는 지난 6월 3G·LTE 주파수 370메가헤르츠(㎒)폭 전체 재할당을 예고했다. 전파법상 정부는 사업자에게 이용기간 만료 1년 전 주요 변경사항을 통보해야 하고, 사업자는 만료 6개월 전 재할당을 신청해야 한다. 3G와 LTE 이용기간이 각각 내년 6월과 12월까지임을 고려하면 전체 일정이 다소 지연된 셈이다.이번 재할당의 최대 관심사는 2.6㎓ 대역이다. SK텔레콤은 2016년 해당 대역 60㎒폭을 1조2777억원에 낙찰(㎒당 약 213억원)받아 이용 중이다. 반면 LG유플러스는 2013년 동일 대역 40㎒폭을 4788억원(㎒당 약 120억원)에 확보해 8년간 사용했다. 이후 2021년 재할당에서 LG유플러스는 5G 투자 인센티브 적용을 통해 재할당 대가가 약 2169억원(㎒당 약 54억원)으로 낮아지며 SK텔레콤과의 격차는 더욱 벌어졌다.이에 SK텔레콤은 단연 LG유플러스 수준으로 재할당 대가가 조정되길 기대하고 있다. 표면적으로는 과거 낙찰가가 아니라 할당 시점의 주파수 가치를 반영해야 한다는 논리로, 최근 5G 매출 비중이 커지고 LTE 비중이 줄어들고 있는 상황을 합리적으로 반영해야 한다는 것이다. SK텔레콤은 2016년 할당 당시 자사 낙찰가가 존재하지 않아 LG유플러스의 과거 낙찰가가 참고됐다.반면 LG유플러스는 자칫 SK텔레콤 수준으로 재할당 대가가 올라갈 수 있는 만큼 말을 아끼는 분위기다. 다만 과거 경매 결과는 당시 시장이 평가한 그 대역의 가치인 만큼, 주파수 경매제도의 안정성을 위해서라도 과거 경매가 기반의 산정이 이뤄지는 게 맞다는 입장을 견지하고 있다.◆ 동일 대역, 다른 대가?… “일관성 없는 산정방식이 논란 키워”SK텔레콤의 입장에서 다소 억울한 측면은 있다. 이른바 ‘K-민즈(means)’ 군집화 알고리즘을 통해 LG유플러스가 보유하던 2.6㎓ 구간과 ‘동일 가치를 가진 동일 대역’으로 분류됐음에도 불구, 실제 경매에선 두 사업자의 낙찰가가 크게 벌어졌기 때문이다. 2011년 주파수 경매제 도입 이후 동일 대역·대역폭·용도의 주파수 간 대가를 다르게 산정한 사례는 단 한 번도 없었다는 주장이다.업계에서는 이 같은 논란의 배경으로 재할당 대가 산정방식의 일관성 부족을 꼽는다. 실제 역대 재할당 사례를 살펴보면 기준이 일관되지 않았다는 평가다.예컨대 사업자가 과거에 직접 낙찰받은 이력이 있는 경우에도 정부가 이를 적용하는 방식은 매번 달랐다.2016년 재할당 당시 SK텔레콤과 KT의 2.1㎓ 대역은 전파법 시행령 별표3 단위가격과 과거 낙찰 단위가격의 평균값이 적용됐다. 반면 2021년 KT의 1.8㎓ 35㎒폭 중 15㎒폭은 KT의 과거 경매 이력이 있음에도 불구하고 SK텔레콤의 낙찰가를 참고했다.한 업계 전문가는 “이전까지 재할당은 '동일 대역=동일 대가'를 원칙으로 하거나 과거 낙찰가가 존재하면 그 값을 기반으로 산정했다”며 “하지만 SK텔레콤의 사례는 기존의 두 원칙을 모두 벗어난 사례”라고 지적했다. 이어 “같은 시기 KT도 동일 대역에 대한 자사 경매 이력이 있음에도 불구 SK텔레콤 낙찰가를 참고해 재할당 대가가 산정됐다”며 “당시 KT보다 SK텔레콤의 낙찰가가 더 높았는데 정부가 재할당 대가를 더 많이 확보하기 위해 SK텔레콤의 낙찰가를 참고한 것 아니냐는 비판이 있었다”고 덧붙였다.이를 두고 학계에선 재할당 대가 산정을 정부 재량으로 봐야 한다는 의견도 존재하는 한편 현재 국내 재할당 대가 수준이 합리적인지 검토가 필요하다는 반박도 나온다. 재할당에는 경쟁적 수요가 존재하지 않고 신규 할당되는 주파수에 비해 경제적 가치가 낮은 것으로 평가되지만 정작 정부는 ‘재할당’과 ‘할당’에 구분을 두고 있지 않다는 지적이다.이에 최근 장윤정 국회예산처 예산분석관은 한국전자파학회 추계학술대회에서 경제학적·공학적 방식을 결합한 복합모형을 기반으로 산정한 LTE 주파수의 대역별 재할당 대가를 발표했다. 전체 이동통신 매출 중 LTE 매출 비중을 재할당 대가 산정에 반영한 점이 특징으로, 재할당이 신규 할당과 동일할 수 없다는 의견에 힘을 싣는 결과로 해석된다.◆ 주파수 용도 변경도 허용X…기금 충당이 주파수 정책 왜곡해선 안 돼주파수 대가가 ICT 기금과 연동되는 구조 자체가 문제라는 지적도 제기된다. 현재 정보통신기술(ICT) 기금은 수입보다 지출이 크게 앞서고 있어, 그동안 정부는 주파수 할당 대가나 대출 등을 통해 부족분을 메워온 상황이다. 적자가 수조원대에 이르는 가운데 기금 보전을 위해 주파수 정책이 압박을 받는 구조가 고착화될 경우 산업 전반에 부담으로 작용할 수 있다는 우려도 제기된다.이에 이번 재할당과 함께 발표될 것으로 예상되는 5G 주파수 추가할당 계획에서는 기금 재원을 확보하고자 주파수 할당기간을 줄이고, 용도 변경(리파밍)을 제한하는 방향으로 정책이 나올 수 있다는 관측도 제기된다. 글로벌 추세가 리파밍 허용과 유연한 주파수 운용을 지향하고 있다는 점을 고려하면 정반대 흐름이라는 비판도 나온다.익명을 요구한 통신업계 관계자는 “재할당은 서비스 유지가 주된 목적인 만큼 이용자에게 과도한 부담을 지우지 않도록 주파수의 할당 목적과 서비스 기술 생애주기에 따른 차별화된 접근이 필요하다”며 “고평가된 경매 대가 대신 기술 수명과 주파수의 실제 시장가치, 주파수 이용 및 기술 환경 변화 등을 종합적으로 고려해 적정가치를 재산정할 필요가 있다”고 지적했다.사업자별 주파수 할당 현황.물론 정부가 임의로 주파수 재할당 대가를 높게 매길 순 없다. 가격 부담이 커 사업자의 할당 수요가 낮아지면 기금을 확보해야 하는 정부의 입장도 난감해지기 때문이다. 결국은 정부와 사업자가 모두가 만족할만한 합의점을 도출해내는 것이 관건이다.실제 업계 일각에선 SK텔레콤이 2.6㎓ 대역 재할당을 포기하는 시나리오도 거론된다. 현재 SK텔레콤은 통신3사 중 가장 많은 LTE 주파수를 보유하고 있다. SK텔레콤은 145㎒폭, KT는 85㎒폭, LG유플러스는 100㎒폭이다. LTE 속도도 압도적으로 빨랐다. 지난해 기준 LTE 다운로드 속도는 SK텔레콤 238.49Mbps, KT 166.81Mbps, LG유플러스 128.85Mbps 순이었다.지금까진 5G 서비스를 LTE 코어망과 연동해 제공했지만 단독모드(SA) 전환 시 5G 코어망만 사용되는 점을 감안하면 2.6㎓ 대역을 포기해도 품질 유지엔 무리가 없을 것으로 업계는 보고 있다.또 다른 전문가는 “정부는 사업자가 주파수를 쉽게 반납하지 못할 것이라고 판단하는 듯하다. 설령 반납하더라도 그로 인한 서비스 품질 저하는 사업자 책임으로 돌릴 가능성이 크다”고 지적했다. 이어 “28기가헤르츠 주파수 할당 당시에도 사업자들은 ‘투자 대비 수익이 없다’고 호소했지만 정부는 ‘무조건 구축하라, 하면 서비스가 따라올 것’이라며 압박했다”며 “결국 정책 실패로 귀결된 사례를 반복하려는 것 아니냐”고 비판했다.◆ 기금 확보냐, 투자 촉진이냐…주파수 정책 분기점학계에선 주파수 이용 환경 변화에 부응하는 재할당 대가 산정 방식이 검토돼야 한다는 주장도 나온다. 과거에는 재할당 욕구가 컸던 것과 달리 이제는 수요 자체가 없을 수 있는 상황이지만 이를 고려한 법 조항은 없다는 지적이다.일부 해외국가의 경우 재할당 대가를 부과하지 않거나 전파사용료만을 부과하는 것으로 분석된다. 재할당 대가를 부과하는 경우에도 국내와 달리 과거 주파수의 경매 대가(시장가치)를 제한적으로 고려하는 것으로 알려졌다.6G 시대를 앞두고 이동통신사의 막대한 투자가 예상되는 만큼 국내 이동통신 산업이 처한 상황을 고려해야 한다는 의견도 나온다.익명을 요구한 업계 전문가는 “현재 산정 방식이 타당하냐는 의문이 존재한다”라며 “5G라는 새로운 주파수가 나온 가운데 주파수의 수요는 예전과 같지 않다. 과거 가치를 그대로 반영할지, 새로운 가치를 반영할지가 이번 재할당 관건”이라고 밝혔다.또 다른 전문가는 “재할당 대가를 최저 경쟁가격이 아닌 최종 경매낙찰가를 기준으로 산정하다보니 통신사업자가 주파수 경매에서 경쟁을 하지 않게 됐다. (비싼 낙찰가는) 다시 재할당대가로 돌아오게 되기 때문”이라며 “사업자가 재할당 대가에서 아낀 만큼 투자로 다시 이어지는 선순환체계가 구축될 수 있도록 정부의 정책 구상이 필요하다”고 제언했다.한편 이번 LTE 재할당 방안 공청회에선 5G 주파수 추가할당 여부도 발표될 가능성이 크다. 과기정통부는 지난해 발표한 ‘스펙트럼 플랜’에서 2025년 하반기까지 3.70~4.0㎓ 대역의 5G 추가할당 여부를 결정하겠다고 예고한 바 있다.추가 할당과 관련해 정부가 일정 수준의 ‘할인 옵션’을 적용할 것이라는 관측도 제기된다. SA 전환 의무 이행, 5G 인빌딩 투자 확대, QoS(서비스 품질) 제고 등 조건을 부과하는 대신, 할당 대가를 낮춰줄 수 있다는 것이다. 실제로 2021년 LTE 주파수 재할당 당시에도 정부는 5G 기지국 투자 확대를 조건으로 재할당 비용을 인하한 전례가 있다.한 통신업계 관계자는 “5G 추가 주파수는 6G 용도로 활용될 수 있도록 3GPP 표준화 일정, 6G 장비 개발 속도, WRC-27(세계전파통신회의) 논의 등 6G 도입과 연계해 검토돼야 한다”며 “통신사업자가 AI, 6G 등 미래 핵심기술 분야에 과감히 투자할 수 있는 여력을 확보해 기술 패권 경쟁에서 우위를 선점하고, 국가 전략산업의 성장과 국가 경쟁력 강화로 이어질 수 있는 선순환 정책이 필요하다”고 말했다."
https://n.news.naver.com/mnews/article/092/0002399931?sid=105,2025-11-26 13:58:15,IT/과학,"LGU+, 충주성모학교에 10번째 ‘U+희망도서관’ 개관","2017년부터 시각장애 학생들의 독서·교육 지원 이어와LG유플러스가 시각장애 학생들의 독서와 교육을 지원하기 위해 충북 청주시 소재 충주성모학교에 열 번째 'U+희망도서관'을 구축했다고 26일 밝혔다.U+희망도서관은 시각장애 학생들의 교육 환경을 개선하고, 정보 접근성 확대를 돕기 위해 진행하는 LG유플러스의 대표적인 사회공헌 프로젝트다. 회사는 지난 2017년부터 사회복지법인 하트-하트재단과 함께 전국 시각장애 특수학교에 U+희망도서관 구축을 위한 점자·음성 도서, 점자프린터, 독서확대기 등 전자 기기를 기증하고 있다.(왼쪽부터) 이홍렬 LG유플러스 ESG추진실장, 장은주 충주성모학교 교장이 기념 촬영을 하고 있다. (제공=LG유플러스)올해 열 번째로 개관하는 ‘U+희망도서관’은 점자프린터·독서확대기 등 전자 기기를 통해 시각장애 학생들의 학습을 지원할 예정이다. 희망도서관 구축에 필요한 비용과 물품은 자사 임직원들이 기증한 애장품 등을 판매한 사내 나눔마켓 수익금을 통해 마련됐다.앞서 LG유플러스는 2017년 청주맹학교를 시작으로 ▲인천해광학교 ▲강원명진학교 ▲부산맹학교 ▲전북맹아학교 ▲대전맹학교 ▲대구광명학교 ▲광주세광학교 ▲수원아름학교 등에 U+희망도서관을 열고 시각장애 학생들을 지원하고 있다.희망도서관 개관과 함께 LG유플러스는 시각장애 학생들을 위한 벽화 그리기 봉사활동도 진행했다. 지난 25일 충주성모학교를 찾은 임직원 20여명은 학교 담장에 약 46.15㎡ 크기의 벽화를 함께 그렸다. 밝은 톤으로 그려진 벽화는 저시력 학생들이 따뜻하고 안정적인 분위기에서 학습할 수 있도록 돕는 역할을 할 것으로 기대된다.향후에도 LG유플러스는 시각장애 학생들의 교육 격차를 해소하고, 포용적 사회 실현에 기여할 수 있도록 관련 활동을 지속할 계획이다.오지철 하트-하트재단 회장은 ""교육환경 개선과 인프라 구축을 통해 시각장애 아동들이 소외 없이 평등하게 교육을 제공받을 수 있는 환경을 조성해 나가겠다""며 ""이번 ICT 보조공학기기 지원을 통해 시각장애 아동들이 책을 통해 더 넓은 세상을 경험하고 꿈을 키워나갈 수 있기를 기대한다""고 말했다.박경중 LG유플러스 대외협력담당은 ""열 번째 U+희망도서관을 통해 충주성모학교 학생들이 한층 더 성장할 수 있기를 희망한다""며 ""모든 학생들이 환경과 관계없이 꿈을 키울 수 있도록 지속적인 관심과 지원을 이어가겠다""고 했다."
https://n.news.naver.com/mnews/article/016/0002563406?sid=101,2025-11-26 14:45:10,경제,"부산시, 소상공인·조선해양 분야 인공지능 전환 본격 추진","26일 오전 시청서 ‘제3회 인공지능위원회’ 개최부산시는 26일 시청 12층 소회의실에서 ‘부산시 인공지능위원회’를 개최해 소상공인 분야 및 조선·해양 산업에 AI기술 도입을 논의한다. 사진은 부산시청 전경 [부산시 제공][헤럴드경제(부산)=이주현 기자] 부산시는 26일 오전 시청 12층 소회의실에서 ‘제3회 부산시 인공지능위원회’를 개최했다.이날 회의에는 ▷기업 등 각계 인공지능 전문가로 구성된 시 인공지능위원회 위원 ▷㈜케이티(KT) ▷㈜엘지유플러스(LGU+) ▷㈜식파마(스타트업) ▷소상공인연합회 ▷부산정보산업진흥원 ▷부산경제진흥원 등 소상공인 인공지능(AI) 관련 기업, 기관 관계자 등 30여명이 참석했다.이날 회의는 산업 분야를 넘어 시민 일상과 밀접한 소상공인 분야의 인공지능 전환 지원을 논의하기 위해 마련됐으며 ▷시 인공지능위원회 추진 상황 보고 ▷소상공인 인공지능 플랫폼에 대한 기업들의 사례 발표 ▷소상공인연합회 간담회 순으로 진행됐다.소상공인 업종에서의 인공지능 활용 사례를 공유하고, 현장의 의견을 직접 청취했다. ㈜케이티, ㈜엘지유플러스 및 ㈜식파마는 ▷고객 데이터 분석 ▷맞춤형 마케팅 ▷인공지능 콜봇(가상 전화 상담사) ▷서빙로봇 등 다양한 소상공인 대상 인공지능 플랫폼 도입 사례를 소개했다.시는 소상공인 인공지능 활용 효과와 서비스 도입 과정에서의 애로사항과 개선에 대한 현장 의견을 수렴해 지역 맞춤형 인공지능 지원 정책에 적극 반영할 계획이다.또 오후에 열린 2부 회의에서는 조선·해양 산업의 핵심 제조 공정에 인공지능 기술을 접목하기 위한 본격적인 논의가 진행됐다. 조선 및 해양 분야 기업 전문가들이 참석해 선박 건조의 핵심 공정인 해양사형주조와 용접 기술에 AI를 적용하는 방안, 최신 도입 사례를 공유하고 산업 현장의 디지털 전환 방향에 대해 폭넓은 의견을 나눴다."
https://n.news.naver.com/mnews/article/031/0000984187?sid=105,2025-11-26 15:17:08,IT/과학,"LGU+ 노조 ""정당한 성과 배분"" 요구⋯홍범식 대표 ""회사 근육 기르는 중""","노조 ""SKT·KT는 위기, LGU+는 견조한 흐름""⋯20일 3개 노조 노사협의회 열려LG유플러스 노조가 올해 회사 실적에 걸맞는 성과 배분 확대를 요구하고 나섰다. 홍범식 LG유플러스 대표는 ""회사가 근육을 기르는 중""이라며 신중한 입장을 보였다.사진은 정기 주주총회에 참석한 홍범식 대표의 모습. [사진=LGU+]26일 통신업계에 따르면 지난 20일 LG유플러스는 3개 노조와 노사협의회를 열고 성과 배분과 보상 문제를 논의했다. 협의회에서 노조 측은 올해 높은 성과급을 요구한 것으로 알려졌다.노조 측은 ""SK텔레콤은 해킹으로 인한 개인정보 유출 수습으로 3분기 적자가 났고 KT 역시 해킹으로 무작위 소액결제가 발생해 전 고객 유심 교체를 진행하고 있다""며 ""2025년 통신사들의 대외적인 어려운 상황에도 불구하고 LG유플러스를 큰 문제 없이 이끌고 있는 직원들에 대한 정당한 성과 배분을 요구한다""고 주장했다.이에 대해 홍범식 대표는 ""회사는 근육을 기르는 중이다. 최대한 구성원 입장에서 고민하겠다""고 답한 것으로 전해졌다.올해 LG유플러스는 안정적인 성장 흐름을 이어가고 있다. 연결 매출은 1분기 3조7481억원에서 2분기 3조8444억원으로 늘었고 3분기에는 4조108억원을 기록하며 상승 곡선을 이어갔다.노조 측은 이런 흐름에 맞는 성과 배분을 요구했는데, 홍 대표는 조심스러운 반응을 보인 것이다. 이와 관련해 LG유플러스측은 ""통상적으로 경영 성과에 따라 해마다 1~2월 경에 성과급 규모를 결정하고 지급한다""고 밝혔다."
https://n.news.naver.com/mnews/article/119/0003030001?sid=105,2025-11-26 16:26:13,IT/과학,"""과거 경매가냐, 현재 가치냐""…정부, 12월 초 주파수 재할당 공청회","2.6㎓ 놓고 SKT-LGU+ 형평성 공방AI 이미지[데일리안 = 조인영 기자] 과학기술정보통신부가 이동통신 3사의 3G·LTE 주파수 재할당을 위한 공청회를 12월 초 개최한다. 이에 따라 조단위 투자가 요구되는 주파수 재할당 규모가 조만간 확정될 전망이다.26일 업계에 따르면 과기정통부는 내달 초 공청회를 열고 주파수 재할당의 세부 정책을 확정할 예정이다. 주파수 재할당은 기존에 사업자들이 이용하고 있는 주파수 대역의 이용권을 다시 부여하는 것을 의미한다.재할당 대상은 내년 6월과 12월 이용기간이 만료되는 3G·LTE 주파수로 SK텔레콤 155㎒(메가헤르츠), KT 115㎒, LG유플러스 100㎒ 규모다. 주파수 재할당은 기존 이용자가 대가를 지급하고 다시 동일 대역을 이용하는 절차다.가장 주목을 받는 대상은 2.6㎓ 대역이다. SKT와 LG유플러스가 보유한 2.6㎓ 대역 중 총 100㎒가 재할당 대상이다.SK텔레콤은 2016년 주파수 경매에서 2.6㎓ D블록(40㎒)을 9500억원, E블록(20㎒)을 3277억원 등 총 1조2777억원에 낙찰 받아 10년간 이용 중이다. 이 60㎒가 내년 재할당 대상이다. 정부는 재할당 대상 주파수를 총 5개(A~E) 그룹으로 분류하고 있다.LG유플러스는 2013년 경매에서 2.6GHz 대역 40㎒를 4788억원에 확보하고 8년 이용 이후, 2021년 재할당 시 27.5% 할인을 적용받았다. 이 40㎒가 내년 재할당 대상이다.SK텔레콤은 동일 대역임에도 자사만 두 배 수준의 대가를 부담하는 것은 형평에 맞지 않는다고 주장한다.근거로 정부가 2021년 재할당 정책에서 SK텔레콤과 LG유플러스의 40㎒ 대역폭을 가치 형성 요인이 유사하다고 보고 C그룹으로 분류한 점을 제시한다.그러면서 재할당 대가는 10여년 전의 경매 결과보다 현 시점의 경제적 가치를 반영하는 것이 합리적이라고 주장한다.반면 LG유플러스는 2.6GHz가 동일 대역은 맞지만 할당 받은 시점(LG유플러스 2014년, SK텔레콤 2016년)이 다르며, 용도(LG유플러스 광대역(40㎒), SKT 초광대역(60㎒)) 역시 다르므로 동일 기준 적용은 무리라고 반박한다.정부와 업계는 대역폭에 따라 협대역·중대역·광대역 등으로 구분해 설명한다.경매 당시 시장 상황과 투자가치에 따라 사업자가 스스로 응찰한 결과인 만큼, 이미 확정된 가격 원칙을 SKT에만 예외적으로 적용해선 안 된다고 주장한다.양사의 해석이 첨예하게 갈리는 가운데, 정부가 ‘경제적 가치 반영’과 ‘과거 경매가 고려’ 중 어느 원칙에 더 무게를 두느냐 에 따라 조 단위 규모의 재할당 대가가 갈릴 것으로 보인다.일각에서는 과거 정부가 5G 무선 기지국 12만개를 구축하면 주파수 값에 할인율 27.5%를 반영한 것처럼 이번에는 5G SA(단독모드) 구축을 전제로 ‘할인 옵션’을 둘 수도 있다는 관측을 제기한다.현재 국내에서는 KT만 5G SA 상용망을 구축한 상황이다. SK텔레콤과 LG유플러스는 5G NSA(Non-Stand alone) 기반으로 통신망을 운용하고 있다."
https://n.news.naver.com/mnews/article/016/0002563514?sid=105,2025-11-26 17:41:10,IT/과학,[단독] “AI 통화요약 없으면 일 못해” 다들 난리더니…창업 4년 만에 ‘잭팟’,"韓 AI 스타트업 2곳 MWC26 TOP20 선발LGU+ ‘쉬프트’ 선정…지분투자 및 사업화 지원옵트에이아이 ‘익시오’ 통화 요약 솔루션 제공LG유플러스의 AI 통화앱 ‘익시오’에서 통화요약을 시연하는 모습. [권제인 기자/@eyre][헤럴드경제=권제인·차민주 기자] LG유플러스의 지원을 받은 인공지능(AI) 스타트업이 세계 최대 모바일 기기 박람회 MWC 26에서 ‘대박’을 터트렸다. AI 오픈이노베이션 프로그램 ‘쉬프트(Shift)’를 통해 투자부터 사업화까지 스타트업에 필요한 지원을 한 번에 제공한 성과다.LG유플러스의 AI 통화앱 ‘익시오(ixi-O)’에 통화요약 솔루션을 제공한 옵트에이아이와 LG유플러스 AI 서비스의 보안을 책임지는 에임 인텔리전스가 수상의 영예를 안게 됐다.26일 IT업계에 따르면 국내 AI 스타트업인 옵트에이아이와 에임인텔리전스가 내년 바르셀로나에서 열리는 MWC26 4YFN(4 Years From Now)에서 글로벌 스타트업 Top20에 이름을 올린다.4YFN는 전 세계 스타트업 중 4년 후 미래를 혁신할 기술력을 보유한 기업을 발굴하는 대회다. 글로벌 시장에 진출하려는 국내 스타트업이 늘어나면서 올해는 64개 팀이 참가하는 등 매년 업계의 관심이 높아지고 있다. MWC26에서는 12월 ‘TOP 20’ 기업을 공개한 뒤 내년 3월 바르셀로나에서 파이널리스트 5개 기업과 우승자를 선정할 예정이다.MWC26 4YFN 프로그램의 타임라인. [MWC 홈페이지 갈무리]양사는 LG유플러스 쉬프트에 선발돼 지분 투자 및 사업화 기회를 얻은 바 있다. LG유플러스는 홍범식 대표 취임 이후 전략적투자자(FI)로서 자사 서비스와 시너지를 낼 수 있는 AI 스타트업을 발굴하고 지분투자부터 사업화, 글로벌 진출까지 지원하고 있다. 에임인텔리전스는 지난해 쉬프트 1기, 옵트에이아이는 이달 2기에 선발됐다.옵트에이아이는 ‘익시오’를 함께 개발했다. 옵트에이아이는 온디바이스 AI 최적화 솔루션을 제공해, 한정된 자원에서 AI 모델이 효율적으로 구동할 수 있도록 한다. LG유플러스와는 퀄컴 신경망처리장치(NPU)에서 거대언어모델(LLM) 최적화를 수행, 익시오에 온디바이스 통화 요약 솔루션을 제공했다. 옵트에이아이는 이를 통해 창업 4년 만에 MWC 4YFN TOP 20에 드는 성과를 거두게 됐다.AI 보안 전문 기업인 에임인텔리전스는 창업 1년도 채 되기 전 쉬프트에 선발돼 LG유플러스와의 협업 기회를 얻었다. 에임인텔리전스는 LG유플러스의 AI 서비스에서 리스크를 진단해 환각과 개인정보 유출 등을 발견, 보안을 강화하고 있다. 이러한 경험을 인정받아 최근에는 오픈AI 시큐리티 툴의 취약점을 확인하고 보완하는 역할을 담당하고 있다.홍범식 LG유플러스 대표(왼쪽)가 쉬프트 2기에 선발된 스타트업 대표와 기념사진을 촬영하는 모습. [LG유플러스 제공]이재호 옵트에이아이 대표는 “이번 수상이 자사가 온디바이스 AI 분야의 선도 기업으로서 인정받는 계기라고 생각한다”며 “내년 자사 핵심 솔루션인 ‘옵트인핸서’의 새로운 버전을 출시해 해외 비즈니스를 확장하고자 한다”고 수상 소감을 밝혔다.LG유플러스는 쉬프트를 통해 국내 AI 스타트업의 해외 진출을 지속 지원할 계획이다. 이번 쉬프트 2기에서는 아마존웹서비스(AWS)와 협력해 각 스타트업이 AI 개발과 실험에 필요한 기본 비용을 줄일 수 있도록 지원한다. 또한 일본·동남아 지역 투자사인 제트벤처캐피탈(ZVC)와 전략적 공동 투자 구조를 구축하고, 미국 세일즈포스와도 협력해 글로벌 세일즈·마케팅 기회를 제공할 예정이다.이상엽 LG유플러스 최고기술책임자(CTO)는 “지난해 쉬프트가 첫발을 내딛으며 스타트업이 가장 일하고 싶은 장소가 되겠다 포부를 밝혔고, 1기 참가 기업이 TOP 20에 드는 성과를 거둘 수 있었다”며 “쉬프트 2기에 선발된 11개 기업도 내년 좋은 기회를 얻길 기대한다”고 말했다."
https://n.news.naver.com/mnews/article/014/0005440414?sid=105,2025-11-26 18:26:21,IT/과학,"LGU+, 10번째 희망 도서관 개관","LG유플러스는 시각장애 학생들의 독서와 교육을 지원하기 위해 충북 청주시 소재 충주성모학교에 10번째 'U+희망도서관'을 구축했다고 26일 밝혔다.U+희망도서관은 시각장애 학생들의 교육 환경을 개선하고, 정보 접근성 확대를 돕기 위해 진행하는 LG유플러스의 대표적인 사회공헌 프로젝트다. LG유플러스는 지난 2017년부터 사회복지법인 하트-하트재단과 함께 전국 시각장애 특수학교에 U+희망도서관 구축을 위한 점자·음성 도서, 점자프린터, 독서확대기 등 정보통신기술(ICT) 기기를 기증하고 있다.올해 10번째로 개관하는 'U+희망도서관'은 점자프린터·독서확대기 등 ICT 기기를 통해 시각장애 학생들의 학습을 지원할 예정이다. 희망도서관 구축에 필요한 비용과 물품은 LG유플러스 임직원들이 기증한 애장품 등을 판매한 사내 나눔마켓 수익금을 통해 마련됐다.앞서 LG유플러스는 2017년 청주맹학교를 시작으로 인천해광학교, 강원명진학교, 부산맹학교, 전북맹아학교, 대전맹학교, 대구광명학교, 광주세광학교, 수원아름학교 등에 U+희망도서관을 열고 시각장애 학생들을 지원하고 있다.희망도서관 개관과 함께 LG유플러스는 시각장애 학생들을 위한 벽화 그리기 봉사활동도 진행했다. 지난 25일 충주성모학교를 찾은 임직원 20여명은 학교 담장에 약 46.15㎡ 크기의 벽화를 함께 그렸다.향후에도 LG유플러스는 시각장애 학생들의 교육 격차를 해소하고, 포용적 사회 실현에 기여할 수 있도록 관련 활동을 지속할 계획이다.박경중 LG유플러스 대외협력담당(상무)은 ""열 번째 U+희망도서관을 통해 충주성모학교 학생들이 한층 더 성장할 수 있기를 희망한다""며 ""LG유플러스는 앞으로도 모든 학생들이 환경과 관계없이 꿈을 키울 수 있도록 지속적인 관심과 지원을 이어가겠다""고 말했다."
https://n.news.naver.com/mnews/article/662/0000083074?sid=102,2025-11-26 19:00:15,사회,“피싱 전화번호 10분내 이용중지”…긴급차단제도 시행,"경찰청, 통신 3사·삼성전자와 협력간편제보와 누리집 통해 신고 가능수신자 되걸기해도 연결되지 않아보이스피싱 전화가 오면 이제 10분 안에 차단될 수 있다. 사진은 기사의 특정 사실과 관련 없음. 클립아트코리아보이스피싱 전화를 받으면 이제 신고 후 단 10분 안에 차단된다.경찰청은 전기통신금융사기 통합대응단(이하 통합대응단)을 중심으로 통신 3사(SKT·KT·LGU+)와 삼성전자가 협력해 보이스피싱 등 범죄에 이용되는 전화번호를 10분 이내로 차단하는 ‘긴급차단 제도’를 본격 시행한다고 밝혔다.기존에는 전기통신사업법에 따라 범죄에 사용된 번호에 ‘이용 중지 조치’를 해왔으나 신고 후 실제 정지까지 최소 2일 이상 걸렸다. 하지만 보이스피싱 범죄의 약 75%가 미끼 문자·전화를 받은 후 24시간 안에 발생해 선제적 대응이 어려웠다. 경찰청은 모든 피싱 전화·문자가 국내 통신 3사망을 이용한다는 점에 착안해 통신사·제조사와 협력한 조기 차단 방안을 마련했다.이미 2024년 12월부터 삼성 스마트폰에는 ‘간편 제보 기능’이 도입됐다. 보이스피싱으로 의심되는 연락을 받으면 문자를 길게 누르거나 통화 기록을 선택해 ‘피싱으로 신고’ 버튼을 누르면 즉시 신고할 수 있다. 통화녹음을 활성화하면 범죄자의 음성 통화 내용도 경찰에 전달된다.간편제보 기능이 없는 기종도 ‘전기통신금융사기 통합대응단 누리집’을 통해 의심 문자·전화를 신고할 수 있다. 접수된 제보는 통합대응단에서 실시간 분석 후 범죄 번호로 판단되면 통신사에 즉시 차단 요청을 한다. 통신사는 해당 번호를 7일간 전면 차단하며, 이후에는 범죄자가 해당 번호로 전화를 걸거나 문자를 보내는 것은 물론 미끼문자를 받은 이용자가 나중에 되걸기해도 연결되지 않는다.긴급차단 도입에 앞서 통합대응단은 약 3주간 시범 운영했다. 이 과정에서 오인 신고에 따른 오차단을 막기 위해 기준을 보완하고 제보 내용 모니터링을 병행했다. 시범운영 결과 14만5027건의 제보 중 중복·오인 신고를 제외한 5249개 번호가 차단됐다.경찰청 관계자는 “긴급차단 제도로 국민이 보다 적극적으로 신고에 참여할 수 있게 됐다”며 “피싱 의심 문자나 전화를 받으면 응대하지 말고 통합대응단 또는 112로 즉시 신고해달라”고 당부했다."
https://n.news.naver.com/mnews/article/277/0005685316?sid=105,2025-11-27 09:00:00,IT/과학,"LGU+·KB국민은행, AI 통화앱 '익시오'로 보이스피싱 잡는다","의심 패턴 실시간 탐지…KB리브모바일 고객도 서비스 지원LG유플러스와 KB국민은행이 AI 통화앱 ‘익시오(ixi-O)’를 활용해 보이스피싱을 사전에 탐지하고 국민 금융피해를 예방하고자 손을 잡았다. 사진은 지난 26일 서울 여의도 소재 KB국민은행 본사에서 진행한 업무협약식에서 홍범식 LG유플러스 대표(오른쪽)와 이환주 KB국민은행장이 기념촬영을 하는 모습. 사진제공=LG유플러스LG유플러스와 KB국민은행이 인공지능(AI) 통화앱 '익시오(ixi-O)'를 활용해 보이스피싱을 사전에 탐지하고 금융 피해를 예방하기 위한 협력에 나섰다고 27일 밝혔다.양사는 전날 서울 여의도 KB국민은행 본사에서 'AI 기술을 활용한 보이스피싱 피해 예방 협약'을 체결했다. 협약식에는 홍범식 LG유플러스 대표와 이환주 KB국민은행장 등 양사 주요 임원이 참석했다.이번 협약은 통신사와 금융사가 협력해 국민 일상을 위협하는 보이스피싱 범죄를 줄이고, 신종 사기 수법에 선제 대응하기 위해 마련됐다. 양사는 익시오에서 탐지된 피싱 의심 패턴과 금융권 이상거래 데이터를 연계해 실시간 피싱 시도 탐지와 조기 대응 체계를 구축할 예정이다. 또한 실제 피해가 의심되는 경우에는 경찰청과 협업해 피해 확산을 최소화하는 방안도 검토한다. LG유플러스는 지난 8월 경찰청과 피싱 의심 데이터 공유 협약을 체결한 바 있다.LG유플러스는 익시오의 실시간 보이스피싱 탐지 기능, 악성앱 설치 여부 분석, 위험 URL 접속 여부 분석 등을 통해 확보한 의심 데이터를 KB국민은행에 제공한다. 추가로 탐지되는 이상 활동도 모니터링해 고객이 금융 피해를 입기 전에 대응할 수 있도록 지원할 계획이다.KB국민은행은 LG유플러스로부터 전달받은 피해 의심 고객 정보를 자체 금융 보호 시스템과 연동해 즉시 모니터링하고, 보이스피싱이 의심될 경우 계좌 지급 정지 등 보호 조치를 시행한다. 이번 협약으로 KB국민은행의 알뜰폰 브랜드인 'KB리브모바일' 고객들도 익시오 서비스를 이용할 수 있게 됐다.양사는 공동 협의체를 구성해 ▲신종 피싱 수법 및 피해 사례 정보 공유 ▲실시간 대응 프로세스 구축 ▲대국민 금융보안 캠페인 추진 등 협력을 확대할 방침이다.LG유플러스 관계자는 ""통신에서 금융으로 이어지는 전형적 보이스피싱 범죄의 징후를 더 빠르게 파악하고 대응할 수 있게 돼 뜻깊다""며 ""앞으로도 익시오의 보이스피싱 탐지 기능을 고도화해 국민이 안심하고 통신 서비스를 이용할 수 있는 사회를 만들겠다""고 말했다."
https://n.news.naver.com/mnews/article/001/0015764703?sid=105,2025-11-27 09:00:01,IT/과학,"[AI픽] LGU+·KB국민은행, AI통화앱 '익시오'로 보이스피싱 막는다","통신·금융 이상 패턴 연동해 실시간 탐지·계좌보호 체계 구축홍범식 LG유플러스 대표(오른쪽), 이환주 KB국민은행장(왼쪽)[LG유플러스 제공. 재판매 및 DB 금지](서울=연합뉴스) 박형빈 기자 = LG유플러스는 KB국민은행과 함께 자사 인공지능(AI) 통화앱 '익시오'를 활용한 보이스피싱 피해 예방 협약을 맺었다고 26일 밝혔다.이번 협약은 통신사와 금융사가 협력해 일상을 위협하는 보이스피싱 범죄 등 신종 사기 수법에 선제적으로 대응하기 위해 체결됐다.양사는 익시오에서 탐지된 피싱 의심 패턴과 금융권 이상 거래 데이터를 연계해 보이스피싱 시도를 실시간으로 탐지하고, 조기 대응 체계를 구축해 피해 확산을 최소화한다는 방침이다.LG유플러스는 익시오의 실시간 보이스피싱 탐지, 악성앱 설치 여부 분석, 위험 URL 접속 여부 분석 등을 통해 확보한 보이스피싱 의심 데이터를 KB국민은행과 공유한다.추가로 탐지되는 이상 활동도 꾸준히 모니터링해 고객이 실제 금융 피해를 보기 전 먼저 대응할 수 있도록 지원할 계획이다.실제 피해가 의심되는 경우에는 경찰청과 공조해 피해 확산을 최소화하는 방안도 검토 중이다.KB국민은행은 LG유플러스로부터 받은 피해 의심 고객 정보를 자체 금융 보호 시스템과 연동해 즉시 모니터링하고, 보이스피싱이 의심될 시 계좌 지급정지 등 보호 조치를 시행한다.양사는 공동 협의체를 구성해 신종 피싱 수법 및 피해 사례 정보 공유, 피해 확산 방지를 위한 실시간 대응 프로세스 구축, 대국민 금융 보안 캠페인 추진 등으로 협력을 확대할 예정이다.한편 이번 협약으로 KB국민은행의 알뜰폰 브랜드 'KB리브모바일' 고객들도 익시오를 이용할 수 있게 됐다.binzz@yna.co.kr"
https://n.news.naver.com/mnews/article/016/0002563670?sid=105,2025-11-27 09:01:15,IT/과학,"LGU+, KB국민은행과 맞손…AI 활용 ‘보이스피싱’ 예방 박차","통신·금융 협력 체계 구축, 보이스피싱 전 주기 대응익시오, AI 탐지 데이터·KB국민은행 금융시스템 연동지난 26일 서울 여의도 소재 KB국민은행 본사에서 열린 업무협약식에서 홍범식 LG유플러스 대표(오른쪽)와 이환주 KB국민은행장이 기념 촬영을 하고 있다. [LG유플러스 제공][헤럴드경제=고재우 기자] LG유플러스가 KB국민은행과 손잡고, 인공지능(AI)을 활용한 보이스피싱 피해 예방에 나선다. 자사 AI 통화앱 ‘익시오(ixi-O)’를 활용해 보이스피싱 범죄에 대응하겠다는 복안이다.LG유플러스과 KB국민은행은 지난 26일 서울 여의도 소재 KB국민은행 본사에서 ‘AI 기술을 활용한 보이스피싱 피해 예방 협약’을 체결했다고 27일 밝혔다. 이날 협약식에는 홍범식 LG유플러스 대표, 이환주 KB국민은행장 등 양사 주요 임원이 참석했다.양사는 국민의 일상을 위협하는 보이스피싱 범죄를 예방하고, 신종 사기 수법에 선제적으로 대응할 계획이다.우선 양사는 익시오 서비스를 통해 탐지된 피싱 의심 패턴과 금융권 이상 거래 데이터를 연계한다. 이를 기반으로 피싱 시도 실시간 탐지, 피해 확산 방지를 위한 조기 대응 등 보이스피싱 피해 예방을 위해 협력한다.구체적으로 LG유플러스는 AI 통화앱 익시오의 ▷실시간 보이스피싱 탐지 기능 ▷악성 앱 설치 여부 분석 ▷위험 URL 접속 여부 분석 등을 통해 확보한 보이스피싱 의심 데이터를 KB국민은행과 공유한다.또 추가로 탐지되는 이상 활동도 꾸준히 감시해 고객이 실제 금융 피해를 보기 전에 먼저 대응할 수 있도록 지원할 방침이다.KB국민은행은 LG유플러스로부터 피해 의심 고객 정보를 공유받아, 자체 금융 보호 시스템과 연동한다. 보이스피싱 피해가 의심될 시에는 계좌 지급 정지 등 고객 보호 조치를 시행한다.KB국민은행의 알뜰폰 브랜드 ‘KB리브모바일’ 고객들은 AI 통화앱 ‘익시오(ixi-O)’를 이용할 수 있게 됐다.양사는 공동 협의체를 구성해 ▷신종 피싱 수법 및 피해 사례 정보 공유 ▷피해 확산 방지를 위한 실시간 대응 프로세스 구축 ▷대국민 금융 보안 캠페인 추진 등으로 협력을 확대할 예정이다. LG유플러스는 KB국민은행과 협업을 통해 보이스피싱 시도를 선제적으로 차단하는 것은 물론, 금융 피해 예방까지 대응 범위를 확장할 수 있게 됐다.나아가 실제 피해가 의심되는 경우에는 경찰청과 협업을 통해 피해 확산을 최소화하는 방안도 검토한다. 이와 관련 LG유플러스는 지난 8월 피싱 의심 데이터를 경찰청과 공유키로 한 바 있다.LG유플러스는 “KB국민은행과 협력해 통신에서 금융까지 이어지는 보이스피싱 의심 징후를 빠르게 파악하고 대응할 수 있게 돼 뜻깊다”며 “앞으로도 익시오 보이스피싱 탐지 기능을 고도화해 국민이 안심하고 통신 서비스를 이용할 수 있는 사회를 만들겠다”고 말했다."
https://n.news.naver.com/mnews/article/018/0006172623?sid=105,2025-11-27 09:01:17,IT/과학,"LGU+, KB국민은행과 AI로 보이스피싱 피해 막는다","국민 금융피해 예방 위한 통신·금융 협력 체계 구축익시오 AI 보이스피싱 탐지 데이터와 KB국민은행 금융보호 시스템 연동[이데일리 권하영 기자] LG유플러스(032640)는 KB국민은행과 AI 통화앱 ‘익시오(ixi-O)’를 활용해 보이스피싱을 사전에 탐지하고 국민 금융피해를 예방하고자 협력한다고 27일 밝혔다.지난 26일 서울 여의도 소재 KB국민은행 본사에서 진행한 업무협약식에서 홍범식 LG유플러스 대표(오른쪽)와 이환주 KB국민은행장이 기념촬영을 하는 모습. (사진=LG유플러스)양사는 지난 26일 서울 여의도 소재 KB국민은행 본사에서 ‘AI 기술을 활용한 보이스피싱 피해 예방 협약’을 체결했다. 이날 협약식에는 홍범식 LG유플러스 대표와 이환주 KB국민은행장을 포함한 양사 주요 임원이 참석했다.양사는 익시오 서비스를 통해 탐지된 피싱 의심 패턴과 금융권 이상거래 데이터를 연계해 피싱 시도 실시간 탐지와 피해 확산 방지를 위한 조기 대응 등 보이스피싱 피해 예방을 위해 협력할 예정이다.이후 실제 피해가 의심되는 경우 경찰청과의 협업을 통해 피해 확산을 최소화하는 방안도 검토하고 있다. 앞서 LG유플러스는 지난 8월 경찰청과 업무협약을 체결하고 피싱 의심 데이터를 경찰청과 공유하겠다고 밝힌 바 있다.구체적으로 LG유플러스는 AI 통화앱 ‘익시오(ixi-O)’의 △실시간 보이스피싱 탐지 기능 △악성앱 설치여부 분석 △위험 URL 접속 여부 분석 등을 통해 확보한 보이스피싱 의심 데이터를 KB국민은행과 공유한다.또한 추가로 탐지되는 이상 활동도 꾸준히 모니터링해 고객이 실제 금융 피해를 입기 전 먼저 대응할 수 있도록 지원할 방침이다.KB국민은행은 LG유플러스로부터 피해의심 고객 정보를 공유받아 이를 자체 금융 보호 시스템과 연동해 즉시 모니터링하고, 보이스피싱 피해가 의심될 시 계좌 지급 정지 등 고객 보호 조치를 시행한다.또한 이번 협약으로 KB국민은행의 알뜰폰 브랜드 ‘KB리브모바일’ 고객들도 AI 통화앱 ‘익시오(ixi-O)’를 이용할 수 있게 됐다.양사는 공동 협의체를 구성해 △신종 피싱 수법 및 피해 사례 정보 공유 △피해 확산 방지를 위한 실시간 대응 프로세스 구축 △대국민 금융보안 캠페인 추진 등으로 협력을 확대할 예정이다."
https://n.news.naver.com/mnews/article/003/0013624421?sid=105,2025-11-27 09:15:02,IT/과학,"LGU+, KB국민은행과 AI '익시오'로 보이스피싱 피해 막는다","AI 보이스피싱 탐지 데이터와 KB국민은행 금융보호 시스템 연동[서울=뉴시스] 심지혜 기자 = LG유플러스와 KB국민은행이 인공지능(AI) 통화앱 ’익시오(ixi-O)’를 활용한 보이스피싱 금융피해 예방에 협력한다. 이번 협약으로 KB국민은행의 알뜰폰 ‘KB리브모바일’ 고객도 익시오를 이용할 수 있게 됐다.LG유플러스는 KB국민은행과 ‘AI 기술을 활용한 보이스피싱 피해 예방 협약’을 체결했다고 27일 밝혔다.협약식에는 홍범식 LG유플러스 대표와 이환주 KB국민은행장을 포함한 양사 주요 임원이 참석했다.이번 협약은 통신사와 금융사가 긴밀히 협력해 보이스피싱 범죄를 예방하고, 신종 사기 수법에 선제적으로 대응하기 위해 마련됐다.양사는 익시오를 통해 탐지된 피싱 의심 패턴과 금융권 이상거래 데이터를 연계해 실시간 탐지와 조기 대응에 나선다. 실제 피해가 의심되는 경우 경찰청과 협업해 피해 확산을 최소화할 방침이다. 앞서 LG유플러스는 지난 8월 경찰청과 업무협약을 체결하고 피싱 의심 데이터를 공유하기로 했다.구체적으로 LG유플러스는 익시오의 ▲실시간 보이스피싱 탐지 ▲악성앱 설치 여부 분석 ▲위험 URL 접속 여부 분석 등을 통해 확보한 피싱 의심 데이터를 KB국민은행과 공유한다. 추가로 탐지되는 이상 활동도 지속 모니터링해 고객이 실제 금융 피해를 입기 전 선제 대응할 계획이다.KB국민은행은 LG유플러스로부터 받은 피해 의심 고객 정보를 자체 금융 보호 시스템과 연동해 즉시 모니터링하고, 보이스피싱 피해가 의심되면 계좌 지급 정지 등 고객 보호 조치를 시행한다.또한 이번 협약으로 KB국민은행의 알뜰폰 브랜드 ‘KB리브모바일’ 고객도 익시오를 이용할 수 있게 됐다.이에 따라 양사는 공동 협의체를 구성해 ▲신종 피싱 수법 및 피해 사례 정보 공유 ▲피해 확산 방지를 위한 실시간 대응 프로세스 구축 ▲대국민 금융보안 캠페인 추진 등으로 협력을 확대할 예정이다.LG유플러스는 이번 협업을 통해 보이스피싱 시도를 선제적으로 차단하는 것은 물론, 금융 피해 예방까지 대응 범위를 확장할 수 있게 됐다고 설명했다."
https://n.news.naver.com/mnews/article/374/0000477292?sid=101,2025-11-27 09:18:11,경제,"KB 이환주 ""LG U+와 보이스피싱 예방…금융·통신 데이터 결합""","KB국민은행(은행장 이환주)은 어제(26일) LG유플러스(대표이사 홍범식)와 보이스피싱 피해 예방을 위한 업무협약(MOU)을 체결하고, 금융과 통신 데이터를 결합한 AI 기술 기반의 예방 체계를 구축한다고 오늘(27일) 밝혔습니다.어제 서울 영등포구 여의도 KB국민은행 신관에서 열린 업무협약식에는 홍범식 LG유플러스 대표이사, 이환주 KB국민은행장 및 양사 관계자들이 참석했습니다.이번 협약을 통해 KB국민은행은 거래 패턴, 계좌 행동 데이터, 채널 이용 이력 등 금융 데이터를 분석해 고위험 거래 유형과 이상 징후를 정교하게 분석합니다.LG유플러스는 AI 통화앱 ‘익시오(ixi-O)’의 실시간 보이스피싱 탐지 기능, 악성앱 설치여부, 위험 URL 접속여부 등 보이스피싱에 자주 활용되는 통신 특성을 기반으로 데이터를 선별합니다.양사는 이러한 분석 역량을 결합해 고위험 통화와 연계된 이체나 인증 과정에서 실시간 경고와 추가 인증 절차를 제공하는 등 고도화된 공동 대응 체계를 구축할 예정입니다.또한 양사는 보이스피싱 수법 변화와 피해 특성 등 세부 데이터를 체계적으로 분석해 금융당국 및 수사기관과 공유할 통계와 분석 자료를 마련할 계획입니다.여기에 더해, KB국민은행은 알뜰폰 사업자로서 LG유플러스의 AI 기반 보이스피싱 탐지 서비스인 ‘익시오(ixi-O)’를 연내 제휴서비스로 고객에게 제공할 예정이다.KB국민은행 관계자는 “이번 협약은 금융과 통신 데이터를 결합해 보이스피싱을 더욱 정교하게 탐지하고 차단하기 위한 의미 있는 협력”이라고 강조했습니다.이어 “앞으로도 긴밀한 협업을 기반으로 보다 체계적이고 안전한 금융 생태계를 조성해 국민들의 소중한 자산 보호에 최선을 다하겠다”고 말했습니다.당신의 제보가 뉴스로 만들어집니다.SBS Biz는 여러분의 제보를 기다리고 있습니다.홈페이지 = https://url.kr/9pghjn"
https://n.news.naver.com/mnews/article/008/0005283839?sid=105,2025-11-27 09:19:06,IT/과학,"LGU+, KB국민은행과 AI 활용해 보이스피싱 사전 차단","지난 26일 서울 여의도 소재 KB국민은행 본사에서 진행한 업무협약식에서 홍범식 LG유플러스 대표(오른쪽)와 이환주 KB국민은행장이 기념촬영을 하고 있다. /사진=LG유플러스LG유플러스가 KB국민은행과 AI(인공지능) 통화앱 '익시오(ixi-O)'를 활용해 보이스피싱을 사전에 탐지하고 국민 금융피해를 예방하고자 손을 잡았다.LG유플러스는 전날 서울 여의도 소재 KB국민은행 본사에서 'AI 기술을 활용한 보이스피싱 피해 예방 협약'을 체결했다고 27일 밝혔다. 이날 협약식에는 홍범식 LG유플러스 대표와 이환주 KB국민은행장을 포함한 양사 주요 임원이 참석했다.이번 협약은 통신사와 금융사가 긴밀히 협력해 국민의 일상을 위협하는 보이스피싱 범죄를 예방하고, 신종 사기 수법에 선제적으로 대응하기 위해 마련됐다.양사는 익시오 서비스를 통해 탐지된 피싱 의심 패턴과 금융권 이상거래 데이터를 연계해 피싱 시도 실시간 탐지와 피해 확산 방지를 위한 조기 대응 등 보이스피싱 피해 예방을 위해 협력할 예정이다. 이후 실제 피해가 의심되는 경우 경찰청과의 협업을 통해 피해 확산을 최소화하는 방안도 검토하고 있다.구체적으로 LG유플러스는 AI 통화앱 '익시오(ixi-O)'의 △실시간 보이스피싱 탐지 기능 △악성앱 설치여부 분석 △위험 URL 접속 여부 분석 등을 통해 확보한 보이스피싱 의심 데이터를 KB국민은행과 공유한다. 또한 추가로 탐지되는 이상 활동도 꾸준히 모니터링해 고객이 실제 금융 피해를 입기 전 먼저 대응할 수 있도록 지원할 방침이다.KB국민은행은 LG유플러스로부터 피해의심 고객 정보를 공유받아 이를 자체 금융 보호 시스템과 연동해 즉시 모니터링하고, 보이스피싱 피해가 의심될 시 계좌 지급 정지 등 고객 보호 조치를 시행한다.LG유플러스 관계자는 ""KB국민은행과 협력해 통신에서 금융까지 이어지는 전형적인 범죄인 보이스피싱 의심 징후를 보다 빠르게 파악하고 대응할 수 있게 돼 뜻깊다""며 ""앞으로도 익시오 보이스피싱 탐지 기능을 고도화해 국민이 안심하고 통신 서비스를 이용할 수 있는 사회를 만들겠다""고 말했다."
https://n.news.naver.com/mnews/article/030/0003374536?sid=105,2025-11-27 09:22:17,IT/과학,"LGU+, 국민銀과 AI 보이스피싱 예방 협력…KB 알뜰폰에도 익시오 탑재","서울 여의도 소재 KB국민은행 본사에서 진행한 업무협약식에서 홍범식 LG유플러스 대표(오른쪽)와 이환주 KB국민은행장이 기념촬영을 하는 모습.LG유플러스와 KB국민은행이 인공지능(AI) 통화앱 '익시오'를 활용한 보이스피싱 예방에 나선다.양사는 서울 여의도 소재 KB국민은행 본사에서 'AI 기술을 활용한 보이스피싱 피해 예방 협약'을 체결했다. 협약식에는 홍범식 LG유플러스 대표와 이환주 KB국민은행장이 참석했다.이번 협약은 통신사와 금융사가 긴밀히 협력해 국민의 일상을 위협하는 보이스피싱 범죄를 예방하고, 신종 사기 수법에 선제적으로 대응하기 위해 마련됐다.양사는 익시오 서비스를 통해 탐지된 피싱 의심 패턴과 금융권 이상거래 데이터를 연계해 피싱 시도 실시간 탐지와 피해 확산 방지를 위한 조기 대응 등 보이스피싱 피해 예방을 위해 협력할 예정이다. 실제 피해가 의심되는 경우 경찰청과의 협업을 통해 피해 확산을 최소화하는 방안도 검토하고 있다.LG유플러스는 AI 통화앱 '익시오'의 실시간 보이스피싱 탐지 기능, 악성앱 설치여부 분석, 위험 URL 접속 여부 분석 등을 통해 확보한 보이스피싱 의심 데이터를 KB국민은행과 공유한다.KB국민은행은 LG유플러스로부터 피해의심 고객 정보를 공유받아 이를 자체 금융 보호 시스템과 연동해 즉시 모니터링하고, 보이스피싱 피해가 의심될 시 계좌 지급 정지 등 고객 보호 조치를 시행한다.또한 이번 협약으로 KB국민은행의 알뜰폰 브랜드 'KB리브모바일' 고객들도 익시오를 이용할 수 있게 됐다.양사는 공동 협의체를 구성해 신종 피싱 수법 및 피해 사례 정보 공유, 피해 확산 방지를 위한 실시간 대응 프로세스 구축, 대국민 금융보안 캠페인 추진 등으로 협력을 확대할 예정이다.LG유플러스 관계자는 “KB국민은행과 협력해 통신에서 금융까지 이어지는 전형적 범죄인 보이스피싱 의심 징후를 보다 빠르게 파악하고 대응할 수 있게 돼 뜻깊다”며 “앞으로도 익시오 보이스피싱 탐지 기능을 고도화해 국민이 안심하고 통신서비스를 이용할 수 있는 사회를 만들겠다”고 말했다."
https://n.news.naver.com/mnews/article/421/0008628046?sid=105,2025-11-27 09:22:43,IT/과학,"LGU+, KB국민은행과 AI 활용해 보이스피싱 예방","홍범식 LG유플러스 대표(오른쪽)와 이환주 KB국민은행장이 기념촬영을 하는 모습.(LG유플러스 제공)(서울=뉴스1) 나연준 기자 = LG유플러스(032640)는 KB국민은행과 인공지능(AI) 통화앱 '익시오(ixi-O)'를 활용해 보이스피싱 사전 탐지 및 금융피해 예방을 위해 협력한다고 27일 밝혔다.양사는 지난 26일 서울 여의도 소재 KB국민은행 본사에서 'AI 기술을 활용한 보이스피싱 피해 예방 협약'을 체결했다. 이날 협약식에는 홍범식 LG유플러스 대표와 이환주 KB국민은행장을 포함한 양사 주요 임원이 참석했다.양사는 익시오 서비스를 통해 탐지된 피싱 의심 패턴과 금융권 이상거래 데이터를 연계해 피싱 시도 실시간 탐지, 피해 확산 방지를 위한 조기 대응에서 협력할 예정이다. 이후 실제 피해가 의심되는 경우 경찰청과 협업해 피해 확산을 최소화하는 방안도 검토하고 있다.구체적으로 LG유플러스는 AI 통화앱 '익시오(ixi-O)'의 △실시간 보이스피싱 탐지 기능 △악성앱 설치여부 분석 △위험 URL 접속 여부 분석 등을 통해 확보한 보이스피싱 의심 데이터를 KB국민은행과 공유한다. 또한 추가로 탐지되는 이상 활동도 꾸준히 모니터링해 고객이 실제 금융 피해를 입기 전 먼저 대응할 수 있도록 지원할 방침이다.KB국민은행은 LG유플러스로부터 피해의심 고객 정보를 공유받아 이를 자체 금융 보호 시스템과 연동해 즉시 모니터링하고, 보이스피싱 피해가 의심될 시 계좌 지급 정지 등 고객 보호 조치를 시행한다.또한 이번 협약으로 KB국민은행의 알뜰폰 브랜드 'KB리브모바일' 고객들도 AI 통화앱 '익시오(ixi-O)'를 이용할 수 있게 됐다.양사는 공동 협의체를 구성해 △신종 피싱 수법 및 피해 사례 정보 공유 △피해 확산 방지를 위한 실시간 대응 프로세스 구축 △대국민 금융보안 캠페인 추진 등으로 협력을 확대할 예정이다.LG유플러스 관계자는 ""KB국민은행과 협력해 통신에서 금융까지 이어지는 전형적인 범죄인 보이스피싱 의심 징후를 보다 빠르게 파악하고 대응할 수 있게 돼 뜻깊다""며 ""앞으로도 익시오 보이스피싱 탐지 기능을 고도화해 국민이 안심하고 통신 서비스를 이용할 수 있는 사회를 만들겠다""고 말했다."
https://n.news.naver.com/mnews/article/014/0005440620?sid=105,2025-11-27 09:37:14,IT/과학,"LG U+, KB국민은행과 맞손…AI로 보이스피싱 실시간 탐지","홍범식 LG유플러스 대표(오른쪽)와 이환주 KB국민은행장이 지난 26일 서울 여의도 KB국민은행 본사에서 진행한 업무협약식에서 기념촬영을 하고 있다. LG유플러스 제공[파이낸셜뉴스] LG유플러스는 KB국민은행과 ‘인공지능(AI) 기술을 활용한 보이스피싱 피해 예방 협약’을 체결했다고 27일 밝혔다. 이날 협약식에는 홍범식 LG유플러스 대표와 이환주 KB국민은행장을 포함한 양사 주요 임원이 참석했다.이번 협약은 통신사와 금융사가 긴밀히 협력해 국민의 일상을 위협하는 보이스피싱 범죄를 예방하고, 신종 사기 수법에 선제적으로 대응하기 위해 마련됐다.양사는 익시오 서비스를 통해 탐지된 피싱 의심 패턴과 금융권 이상거래 데이터를 연계해 피싱 시도 실시간 탐지와 피해 확산 방지를 위한 조기 대응 등 보이스피싱 피해 예방을 위해 협력할 예정이다. 이후 실제 피해가 의심되는 경우 경찰청과의 협업을 통해 피해 확산을 최소화하는 방안도 검토하고 있다. 앞서 LG유플러스는 지난 8월 경찰청과 업무협약을 체결하고 피싱 의심 데이터를 경찰청과 공유하겠다고 밝힌 바 있다.구체적으로 LG유플러스는 AI 통화앱 ‘익시오(ixi-O)’의 △실시간 보이스피싱 탐지 기능 △악성앱 설치여부 분석 △위험 인터넷주소(URL) 접속 여부 분석 등을 통해 확보한 보이스피싱 의심 데이터를 KB국민은행과 공유한다. 또 추가로 탐지되는 이상 활동도 꾸준히 모니터링해 고객이 실제 금융 피해를 입기 전 먼저 대응할 수 있도록 지원할 방침이다.KB국민은행은 LG유플러스로부터 피해의심 고객 정보를 공유받아 이를 자체 금융 보호 시스템과 연동해 즉시 모니터링하고, 보이스피싱 피해가 의심될 시 계좌 지급 정지 등 고객 보호 조치를 시행한다.이번 협약으로 KB국민은행의 알뜰폰 브랜드 ‘KB리브모바일’ 고객들도 AI 통화앱 익시오를 이용할 수 있게 됐다.양사는 공동 협의체를 구성해 △신종 피싱 수법 및 피해 사례 정보 공유 △피해 확산 방지를 위한 실시간 대응 프로세스 구축 △대국민 금융보안 캠페인 추진 등으로 협력을 확대할 예정이다. LG유플러스는 이번 KB국민은행과 협업을 통해 보이스피싱 시도를 선제적으로 차단하는 것은 물론, 금융 피해 예방까지 대응 범위를 확장할 수 있게 됐다."
https://n.news.naver.com/mnews/article/119/0003030291?sid=105,2025-11-27 10:10:08,IT/과학,"LGU+-KB국민은행, AI 통화앱 ‘익시오’로 보이스피싱 선제 차단 나선다","국민 금융피해 예방 위한 통신·금융 협력 체계 구축…보이스피싱 선제 대응11월 26일서울 여의도 소재 KB국민은행 본사에서 진행한 업무협약식에서 홍범식 LG유플러스 대표(오른쪽)와 이환주 KB국민은행장이 기념 촬영을 하는 모습.ⓒLG유플러스[데일리안 = 조인영 기자] LG유플러스와 KB국민은행이 AI 통화앱 ‘익시오(ixi-O)’를 활용해 보이스피싱을 사전에 탐지하고, 국민의 금융피해 예방에 나선다.양사는 지난 26일 서울 여의도 소재 KB국민은행 본사에서 ‘AI 기술을 활용한 보이스피싱 피해 예방 협약’을 체결했다고 27일 밝혔다. 이날 협약식에는 홍범식 LG유플러스 대표와 이환주 KB국민은행장을 포함한 양사 주요 임원이 참석했다.양사는 익시오 서비스를 통해 탐지된 피싱 의심 패턴과 금융권 이상거래 데이터를 연계해 피싱 시도 실시간 탐지와 피해 확산 방지를 위한 조기 대응 등 보이스피싱 피해 예방을 위해 협력할 예정이다.이후 실제 피해가 의심되는 경우 경찰청과의 협업을 통해 피해 확산을 최소화하는 방안도 검토하고 있다. 앞서 LG유플러스는 지난 8월 경찰청과 업무협약을 체결하고 피싱 의심 데이터를 경찰청과 공유하겠다고 밝힌 바 있다.구체적으로 LG유플러스는 AI 통화앱 ‘익시오(ixi-O)’의 ▲실시간 보이스피싱 탐지 기능 ▲ 악성앱 설치여부 분석 ▲위험 URL 접속 여부 분석 등을 통해 확보한 보이스피싱 의심 데이터를 KB국민은행과 공유한다.추가로 탐지되는 이상 활동도 꾸준히 모니터링해 고객이 실제 금융 피해를 입기 전 먼저 대응할 수 있도록 지원할 방침이다.KB국민은행은 LG유플러스로부터 피해의심 고객 정보를 공유받아 이를 자체 금융 보호 시스템과 연동해 즉시 모니터링하고, 보이스피싱 피해가 의심될 시 계좌 지급 정지 등 고객 보호 조치를 시행한다.이번 협약으로 KB국민은행의 알뜰폰 브랜드 ‘KB리브모바일’ 고객들도 AI 통화앱 ‘익시오(ixi-O)’를 이용할 수 있게 됐다.양사는 공동 협의체를 구성해 ▲신종 피싱 수법 및 피해 사례 정보 공유 ▲피해 확산 방지를 위한 실시간 대응 프로세스 구축 ▲대국민 금융보안 캠페인 추진 등으로 협력을 확대할 예정이다.LG유플러스는 이번 KB국민은행과 협업을 통해 보이스피싱 시도를 선제적으로 차단하는 것은 물론, 금융 피해 예방까지 대응 범위를 확장할 수 있게 됐다.LG유플러스 관계자는 “KB국민은행과 협력해 통신에서 금융까지 이어지는 전형적인 범죄인 보이스피싱 의심 징후를 보다 빠르게 파악하고 대응할 수 있게 돼 뜻깊다”며 “앞으로도 익시오 보이스피싱 탐지 기능을 고도화해 국민이 안심하고 통신 서비스를 이용할 수 있는 사회를 만들겠다”고 말했다."
https://n.news.naver.com/mnews/article/082/0001355768?sid=101,2025-11-27 10:15:13,경제,LGU+ “KB국민은행과 손잡고 보이스피싱 예방”,"금융피해 예방 위한 통신·금융 협력 체계 구축AI 통화앱 ‘익시오’의 AI 보이스피싱 탐지 활용LG유플러스와 KB국민은행이 AI 통화앱 ‘익시오(ixi-O)’를 활용해 보이스피싱을 사전에 탐지하고 금융피해를 예방하고자 손을 잡았다고 밝혔다. 사진은 지난 26일 서울 여의도 소재 KB국민은행 본사에서 진행한 업무협약식에서 홍범식(오른쪽) LG유플러스 대표와 이환주 KB국민은행장이 기념촬영을 하는 모습. LG유플러스 제공LG유플러스가 KB국민은행과 인공지능(AI) 기술을 이용한 보이스피싱 피해 예방 협약을 체결했다.양사는 지난 26일 서울 여의도 소재 KB국민은행 본사에서 ‘AI 기술을 활용한 보이스피싱 피해 예방 협약’을 체결했다고 27일 밝혔다. 협약식에는 홍범식 LG유플러스 대표와 이환주 KB국민은행장을 포함한 양사 주요 임원이 참석했다.이번 협약은 통신사와 금융사가 협력해 보이스피싱 범죄를 예방하고, 신종 사기 수법에 선제적으로 대응하기 위해 마련됐다. 양사는 LG유플러스의 AI 통화앱 ‘익시오(ixi-O)’ 서비스를 통해 탐지된 피싱 의심 패턴과 금융권 이상거래 데이터를 연계해 피싱 시도 실시간 탐지와 피해 확산 방지를 위한 조기 대응 등 보이스피싱 피해 예방을 위해 협력할 예정이다. 이후 실제 피해가 의심되는 경우 경찰청과의 협업을 통해 피해 확산을 최소화하는 방안도 검토하고 있다. 앞서 LG유플러스는 지난 8월 경찰청과 업무협약을 체결하고 피싱 의심 데이터를 경찰청과 공유하겠다고 밝힌 바 있다.LG유플러스는 익시오의 실시간 보이스피싱 탐지 기능, 악성앱 설치 여부 분석, 위험 URL 접속 여부 분석 등을 통해 확보한 보이스피싱 의심 데이터를 KB국민은행과 공유한다. 또한 추가로 탐지되는 이상 활동도 꾸준히 모니터링해 고객이 실제 금융 피해를 입기 전 먼저 대응할 수 있도록 지원할 방침이다.KB국민은행은 LG유플러스로부터 피해의심 고객 정보를 공유받아 이를 자체 금융 보호 시스템과 연동해 즉시 모니터링하고, 보이스피싱 피해가 의심될 시 계좌 지급 정지 등 고객 보호 조치를 시행한다. 이번 협약으로 KB국민은행의 알뜰폰 브랜드 ‘KB리브모바일’ 가입자도 익시오를 이용할 수 있게 됐다.양사는 공동 협의체를 구성해 신종 피싱 수법 및 피해 사례 정보 공유, 피해 확산 방지를 위한 실시간 대응 프로세스 구축, 대국민 금융보안 캠페인 추진 등으로 협력을 확대할 예정이다. LG유플러스는 이번 KB국민은행과 협업을 통해 보이스피싱 시도를 선제적으로 차단하는 것은 물론, 금융 피해 예방까지 대응 범위를 확장할 수 있게 됐다.LG유플러스 관계자는 “KB국민은행과 협력해 통신에서 금융까지 이어지는 전형적인 범죄인 보이스피싱 의심 징후를 보다 빠르게 파악하고 대응할 수 있게 돼 뜻깊다”며 “앞으로도 익시오 보이스피싱 탐지 기능을 고도화해 국민이 안심하고 통신 서비스를 이용할 수 있는 사회를 만들겠다”고 말했다."
https://n.news.naver.com/mnews/article/016/0002563913?sid=105,2025-11-27 11:37:20,IT/과학,"LGU+·KB국민은행,  AI로 보이스피싱 예방","AI 통화앱 ‘익시오’ 활용 범죄 대응KB국민은행 본사에서 열린 업무협약식에서 홍범식 LG유플러스 대표(오른쪽)와 이환주 KB국민은행장이 기념 촬영을 하고 있다. [LG유플러스 제공]LG유플러스가 KB국민은행과 손잡고, 인공지능(AI)을 활용한 보이스피싱 피해 예방에 나선다. 자사 AI 통화앱 ‘익시오(ixi-O)’를 활용해 보이스피싱 범죄에 대응하겠다는 복안이다.LG유플러스과 KB국민은행은 지난 26일 서울 여의도 소재 KB국민은행 본사에서 ‘AI 기술을 활용한 보이스피싱 피해 예방 협약’을 체결했다고 27일 밝혔다. 이날 협약식에는 홍범식 LG유플러스 대표, 이환주 KB국민은행장 등 양사 주요 임원이 참석했다.양사는 국민의 일상을 위협하는 보이스피싱 범죄를 예방하고, 신종 사기 수법에 선제적으로 대응할 계획이다.우선 양사는 익시오 서비스를 통해 탐지된 피싱 의심 패턴과 금융권 이상 거래 데이터를 연계한다. 이를 기반으로 피싱 시도 실시간 탐지, 피해 확산 방지를 위한 조기 대응 등 보이스피싱 피해 예방을 위해 협력한다.구체적으로 LG유플러스는 AI 통화앱 익시오의 ▷실시간 보이스피싱 탐지 기능 ▷악성 앱 설치 여부 분석 ▷위험 URL 접속 여부 분석 등을 통해 확보한 보이스피싱 의심 데이터를 KB국민은행과 공유한다.또 추가로 탐지되는 이상 활동도 꾸준히 감시해 고객이 실제 금융 피해를 보기 전에 먼저 대응할 수 있도록 지원할 방침이다.KB국민은행은 LG유플러스로부터 피해 의심 고객 정보를 공유받아, 자체 금융 보호 시스템과 연동한다. 보이스피싱 피해가 의심될 시에는 계좌 지급 정지 등 고객 보호 조치를 시행한다. 또 KB국민은행의 알뜰폰 브랜드 ‘KB리브모바일’ 고객들은 AI 통화앱 ‘익시오(ixi-O)’를 이용할 수 있게 됐다.양사는 공동 협의체를 구성해 ▷신종 피싱 수법 및 피해 사례 정보 공유 ▷피해 확산 방지를 위한 실시간 대응 프로세스 구축 ▷대국민 금융 보안 캠페인 추진 등으로 협력을 확대할 예정이다. LG유플러스는 KB국민은행과 협업을 통해 보이스피싱 시도를 선제적으로 차단하는 것은 물론, 금융 피해 예방까지 대응 범위를 확장할 수 있게 됐다. 나아가 실제 피해가 의심되는 경우에는 경찰청과 협업을 통해 피해 확산을 최소화하는 방안도 검토한다. 이와 관련 LG유플러스는 지난 8월 피싱 의심 데이터를 경찰청과 공유키로 한 바 있다.LG유플러스는 “KB국민은행과 협력해 통신에서 금융까지 이어지는 보이스피싱 의심 징후를 빠르게 파악하고 대응할 수 있게 돼 뜻깊다”며 “앞으로도 익시오 보이스피싱 탐지 기능을 고도화해 국민이 안심하고 통신 서비스를 이용할 수 있는 사회를 만들겠다”고 말했다. 고재우 기자"
https://n.news.naver.com/mnews/article/003/0013625277?sid=105,2025-11-27 12:27:31,IT/과학,"LGU+, 'AX 중심' 임원인사 단행…부사장 3명·전무 1명 승진","권용현 기업부문장, 여명희 CFO/CRO, 양효석 CHO 부사장 승진정성권 IT/플랫폼빌드그룹장 전무 승진…상무 7명도 신규 선임LG유플러스 용산사옥 전경. (사진=LG유플러스 제공) *재판매 및 DB 금지[서울=뉴시스]윤현성 기자 = LG유플러스가 27일 오전 이사회를 열고 부사장 승진 3명, 전무 승진 1명, 상무 신규 선임 7명에 대한 임원 인사를 단행했다.이번 인사를 두고 LG유플러스는 중·장기 성장을 이끌 'AX(AI 전환)'를 전면에 내세웠다고 강조했다.특히 AICC(AI컨텍센터), AIDC(AI데이터센터) 및 AI 통화앱 'ixi-O(익시오)' 등 미래 핵심 사업 성장을 견인할 인재와, 기본기 강화를 통해 통신 본업의 경쟁력을 높이고 내실 있는 성장을 뒷받침할 수 있는 인재 중용에 역점을 뒀다.유·무선 B2B 통신 사업을 총괄하며 AICC(AI컨텍센터), AIDC(AI데이터센터) 등 AI 중심의 B2B 사업 포트폴리오 변화와 성장을 이끌고 있는 권용현 기업부문장은 부사장으로 승진했다.이와 함께 재경 및 위기 관리 조직을 이끌고 있는 여명희 CFO/CRO, 인사 전반과 노경협력을 총괄하는 양효석 CHO가 각각 부사장으로 승진했다.기술 분야에서는 MSA(마이크로 서비스 아키텍처) 전문가로서 탁월한 소프트웨어 기술 역량을 기반으로 서비스 혁신을 이끌고 있는 정성권 현 IT/플랫폼빌드그룹장이 전무로 승진했다.이외에 고진태 전략기획담당, 김영진 무선기술담당, 김용진 충청영업담당, 서남희 CV 담당 겸 AICC상품개발태스크 PM, 신정호 에이전트/플랫폼개발랩장 겸 익시오 테크), 이서호 C-TF PM, 조용성 LG 산하 등 7명은 상무로 신규 선임됐다."
https://n.news.naver.com/mnews/article/092/0002400113?sid=105,2025-11-27 13:08:12,IT/과학,"LGU+, 임원인사 단행...AX 인재 전면배치","부사장 3, 전무 1, 상무 7명 승진...AI 기반 성장과 회사 내실 인재 확대LG유플러스가 27일 오전 이사회를 열고 부사장 승진 3명, 전무 승진 1명, 상무 신규 선임 7명에 대한 임원 인사를 단행했다.회사의 중장기 성장을 이끌 ‘AX(AI 전환)’를 전면에 내세운 점이 눈여겨 볼 부분이다.특히 AI 컨택센터(AICC), AI 데이터센터(AIDC), AI 통화앱 익시오(ixi-O) 등 미래 핵심사업 성장을 견인할 인재를 두루 발탁했다.아울러 기본기 강화를 통해 통신 본업의 경쟁력을 높이고 내실 있는 성장을 뒷받침할 수 있는 인재 중용에 역점을 뒀다.왼쪽부터 권용현 부사장, 양효석 부사장, 여명희 부사장, 정성권 전무.부사장으로 승진 발탁된 권용현 기업부문장은 유무선 B2B 통신 사업을 총괄하며 AICC, AIDC 등 AI 중심의 B2B 사업 포트폴리오 변화와 성장을 이끌고 있는 인물이다.아울러 재경과 위기관리 조직을 이끌고 있는 여명히 CFO 겸 CRO가 부사장에 올랐고 인사 전반과 노경 협력을 총괄하는 양효석 CHO도 부사장으로 승진했다.전무로 승진한 정성권 IT/플랫폼빌드그룹장은 기술 분야 인재로 마이크로서비스 아키텓처(MSA) 전문가로 탁월한 소프트웨어 기술 역량에 따라 서비스 혁신을 이끌고 있다.신규로 상무에 선임된 임원은 총 7명이다. 전략, 무선, 영업 외에 AI 분야 개발 담당이 두루 임원 자리에 올랐다."
https://n.news.naver.com/mnews/article/031/0000984522?sid=105,2025-11-27 13:16:08,IT/과학,"LGU+, AX·통신 중심 인사 단행⋯부사장 3명·전무 1명 승진","권용현 기업부문장·양효석 CHO·여명희 CFO/CRO 부사장行LG유플러스(대표 홍범식)는 27일 오전 이사회를 열고 부사장 승진 3명, 전무 승진 1명, 상무 신규 선임 7명에 대한 임원 인사를 단행했다.권용현 LG유플러스 기업부문장(왼쪽 첫 번째)과 양효석 LG유플러스 최고인사책임자(왼쪽 두 번째), 여명희 LG유플러스 최고재무책임자(CFO)/최고리스크책임자(CRO) 등이 부사장으로 승진했다.[사진=LGU+]LG유플러스는 이번 임원 인사를 통해 AX(AI 전환)를 전면에 내세웠다. AICC(AI컨텍센터), AIDC(AI데이터센터) 및 AI 통화앱 ixi-O(익시오) 등 미래 핵심 사업 성장 견인과 통신 경쟁력을 높이고 성장을 뒷받침할 인재 중용에 중점을 뒀다는 설명이다.먼저 유·무선 B2B 통신 사업을 총괄하며 AI 중심 B2B 사업 포트폴리오 변화를 이끌고 있는 권용현 기업부문장이 부사장으로 승진했다. 인사 전반과 노경 협력을 총괄하는 양효석 최고인사책임자(CHO)와 재경·위기 관리 조직을 이끌고 있는 여명희 최고재무책임자(CFO)/최고리스크책임자(CRO)도 부사장으로 승진했다.기술 분야에서는 소프트웨어 기술 역량을 기반으로 서비스 혁신을 이끌고 있는 정성권 IT/플랫폼빌드그룹장이 전무로 승진했다.이외에 고진태 전략기획담당, 김영진 무선기술담당, 김용진 충청영업담당, 서남희 CV 담당 겸 AICC상품개발태스크 PM, 신정호 에이전트/플랫폼개발랩장, 이서호 C-TF PM, 조용성 LG 산하 등 7명은 상무로 신규 선임됐다.◇부사장 승진△권용현 기업부문장 △양효석 최고인사책임자(CHO) △여명희 최고재무책임자(CFO)/최고리스크책임자(CRO)◇전무 승진△정성권 IT/플랫폼빌드그룹장◇상무 신규 선임△고진태 전략기획담당 △김영진 무선기술담당 △김용진 충청영업담당 △서남희 Customer Value(CV)담당 △신정호 Agent/플랫폼개발Lab장 △이서호 C-TF PM △조용성 LG 산하"
https://n.news.naver.com/mnews/article/092/0002400116?sid=105,2025-11-27 13:22:10,IT/과학,"LGU+, KB국민은행과 ‘그놈 목소리’ 찾는다","국민 금융피해 예방 위한 통신·금융 협력 체계 구축LG유플러스와 KB국민은행이 AI 통화앱 ‘익시오’를 활용해 보이스피싱을 사전에 탐지하고 국민 금융피해를 예방하고자 손을 잡았다.양사는 지난 26일 서울 여의도 소재 KB국민은행 본사에서 ‘AI 기술을 활용한 보이스피싱 피해 예방 협약’을 체결했다. 이날 협약식에는 홍범식 LG유플러스 대표와 이환주 KB국민은행장을 포함한 양사 주요 임원이 참석했다.이번 협약은 통신사와 금융사가 긴밀히 협력해 국민의 일상을 위협하는 보이스피싱 범죄를 예방하고, 신종 사기 수법에 선제적으로 대응하기 위해 마련됐다.(오른쪽부터) 홍범식 LG유플러스 대표, 이환주 KB국민은행장.양사는 익시오 서비스를 통해 탐지된 피싱 의심 패턴과 금융권 이상거래 데이터를 연계해 피싱 시도 실시간 탐지와 피해 확산 방지를 위한 조기 대응 등 보이스피싱 피해 예방을 위해 협력할 예정이다. 이후 실제 피해가 의심되는 경우 경찰청과의 협업을 통해 피해 확산을 최소화하는 방안도 검토하고 있다.앞서 LG유플러스는 지난 8월 경찰청과 업무협약을 체결하고 피싱 의심 데이터를 경찰청과 공유하겠다고 밝힌 바 있다.구체적으로 LG유플러스는 AI 통화앱 ‘익시오’의 ▲실시간 보이스피싱 탐지 기능 ▲ 악성앱 설치여부 분석 ▲위험 인터넷 주소(URL) 접속 여부 분석 등을 통해 확보한 보이스피싱 의심 데이터를 KB국민은행과 공유한다. 또 추가로 탐지되는 이상 활동도 꾸준히 모니터링해 고객이 실제 금융 피해를 입기 전 먼저 대응할 수 있도록 지원할 방침이다.KB국민은행은 LG유플러스로부터 피해의심 고객 정보를 공유받아 이를 자체 금융 보호 시스템과 연동해 즉시 모니터링하고, 보이스피싱 피해가 의심될 시 계좌 지급 정지 등 고객 보호 조치를 시행한다.아울러 이번 협약으로 KB국민은행의 알뜰폰 브랜드 ‘KB리브모바일’ 가입자도 AI 통화앱 ‘익시오’를 이용할 수 있게 됐다.양사는 공동 협의체를 구성해 ▲신종 피싱 수법 및 피해 사례 정보 공유 ▲피해 확산 방지를 위한 실시간 대응 프로세스 구축 ▲대국민 금융보안 캠페인 추진 등으로 협력을 확대할 예정이다. LG유플러스는 이번 KB국민은행과 협업을 통해 보이스피싱 시도를 선제적으로 차단하는 것은 물론, 금융 피해 예방까지 대응 범위를 확장할 수 있게 됐다.LG유플러스 관계자는 “KB국민은행과 협력해 통신에서 금융까지 이어지는 전형적인 범죄인 보이스피싱 의심 징후를 보다 빠르게 파악하고 대응할 수 있게 돼 뜻깊다”며 “익시오 보이스피싱 탐지 기능을 고도화해 국민이 안심하고 통신 서비스를 이용할 수 있는 사회를 만들겠다”고 말했다."
https://n.news.naver.com/mnews/article/421/0008628936?sid=105,2025-11-27 13:38:12,IT/과학,"LGU+, 2026년 임원 인사…""AX 전면에 내세워""","AX 중심 미래 핵심 사업 성장 및 통신 본업 경쟁력 강화 집중부사장 승진 3명·전무 승진 1명·상무 신규 선임 7명LG유플러스 용산사옥 2020.08.24/뉴스1(서울=뉴스1) 이기범 기자 = LG유플러스(032640)가 2026년도 임원 인사를 27일 단행했다. 지난해에 이어 AI 전환(AX) 중심의 신성장 사업에 방점을 뒀으며, 통신 경쟁력 강화에도 집중했다.LG유플러스는 이날 부사장 승진 3명, 전무 승진 1명, 상무 신규 선임 7명 등 임원 인사를 발표했다.이번 인사는 AX를 전면에 내세운 점이 특징이다. 특히 AI컨택센터(AICC), AI데이터센터(AIDC) 및 AI 통화앱 '익시오'(ixi-O) 등 미래 성장 사업을 이끌 인재와 통신 본업의 경쟁력을 높이고 내실 있는 성장을 뒷받침할 인재를 중용했다.유·무선 B2B 통신 사업을 총괄하며 AICC, AIDC 등 AI 중심의 B2B 사업 포트폴리오 변화와 성장을 이끌고 있는 권용현 현 기업부문장은 부사장으로, 기술 분야에서 '마이크로 서비스 아키텍처'(MSA) 전문가로서 소프트웨어 기술 역량 기반 서비스 혁신을 이끌고 있는 정성권 현 IT/플랫폼빌드그룹장은 전무로 승진했다.아울러 재경 및 위기관리 조직을 이끄는 여명희 현 최고재무책임자 겸 최고위기관리자(CFO/CRO), 인사 전반과 노경 협력을 총괄하는 양효석 현 최고인사책임자(CHO)가 각각 부사장으로 승진했다."
https://n.news.naver.com/mnews/article/138/0002210828?sid=105,2025-11-27 13:39:08,IT/과학,LGU+ 임원인사 단행…“AI 경쟁력 강화 방점”,"(왼쪽부터) LG유플러스 권용현, 양효석, 여명희 부사장, 정성권 전무[사진=LG유플러스][디지털데일리 오병훈기자] LG유플러스가 인공지능(AI) 사업 경쟁력을 강화하기 위한 인사 개편을 단행했다.LG유플러스는 27일 오전 이사회를 열고 부사장 승진 3명, 전무 승진 1명, 상무 신규 선임 7명에 대한 임원 인사를 결정했다.중장기 성장을 이끌 ‘AX(AI 전환)’를 전면에 내세웠다는 것이 회사 측 설명이다. 특히 AI컨텍센터(AICC)와 AI데이터센터(AIDC) 및 AI 통화 에이전트 ‘익시오(ixi-O)’ 등 미래 핵심 사업을 이끄는 인재를 중심으로 경쟁력을 높이겠다는 구상이다.유무선 기업 간 거래(B2B) 통신 사업을 총괄하면서 AICC, AIDC 등 AI 성장을 이끌고 있는 권용현 현 기업부문장은 부사장으로 승진한다.기술 분야에서는 ‘마이크로 서비스 아키텍처(MSA)’ 전문가로 혁신을 이끌고 있는 정성권 현 IT·플랫폼빌드그룹장이 전무로 승진했다.이외 재경 및 위기 관리 조직을 이끌고 있는 여명희 현 최고재무책임자(CFO)와 인사 전반과 노경협력을 총괄하는 양효석 현 최고인사책임자(CHO)가 각각 부사장으로 승진했다."
https://n.news.naver.com/mnews/article/014/0005440825?sid=105,2025-11-27 13:47:16,IT/과학,"AI 전환 전면에…LG U+, 부사장 3명·전무 1명·상무 7명 승진","LG유플러스 용산 사옥. LG유플러스 제공권용현 LG유플러스 기업부문장.양효석 LG유플러스 최고인사책임자여명희 LG유플러스 최고재무책임자(CFO)·최고리스크책임자(CRO)정성권 LG유플러스 정보기술(IT)·플랫폼빌드그룹장[파이낸셜뉴스] LG유플러스는 27일 이사회를 열고 부사장 승진 3명, 전무 승진 1명, 상무 신규 선임 7명에 대한 임원 인사를 단행했다고 밝혔다.이번 인사는 중·장기 성장을 이끌 ‘AI 전환(AX)’를 전면에 내세웠다. 특히 인공지능컨텍센터(AICC), AI데이터센터(AIDC) 및 AI 통화앱 ‘익시오(ixi-O)’ 등 미래 핵심 사업 성장을 견인할 인재와 기본기 강화를 통해 통신 본업의 경쟁력을 높이고 내실 있는 성장을 뒷받침할 수 있는 인재 중용에 역점을 뒀다.유·무선 기업간거래(B2B) 통신 사업을 총괄하며 AICC, AIDC 등 AI 중심의 B2B 사업 포트폴리오 변화와 성장을 이끌고 있는 권용현 현 기업부문장은 부사장으로, 기술 분야에서는 ‘마이크로 서비스 아키텍처(MSA)’ 전문가로서 탁월한 소프트웨어 기술 역량을 기반으로 서비스 혁신을 이끌고 있는 정성권 현 정보기술(IT)·플랫폼빌드그룹장이 전무로 승진했다.또 재경 및 위기 관리 조직을 이끌고 있는 여명희 최고재무책임자(CFO)·최고리스크책임자(CRO)도 부사장으로 승진했다.이외에 고진태 전략기획담당, 김영진 무선기술담당, 김용진 충청영업담당, 서남희 CV 담당 겸 AICC상품개발태스크 PM, 신정호 에이전트/플랫폼개발랩장, 이서호 C-TF PM, 조용성 LG 산하 등 7명은 상무로 신규 선임됐다."
https://n.news.naver.com/mnews/article/008/0005284061?sid=105,2025-11-27 14:19:52,IT/과학,"LGU+, AI 중심 임원 인사 단행…부사장 3명 등 11명 승진","LG유플러스 용산사옥. /사진=LG유플러스LG유플러스가 2026년 정기 임원 인사를 단행하며 미래 핵심 사업인 AX(인공지능 전환)와 통신 본업 경쟁력 강화를 위한 조직 개편에 나섰다.LG유플러스는 27일 오전 이사회를 열고 부사장 승진 3명, 전무 승진 1명, 상무 신규 선임 7명 등 총 11명 규모의 임원 인사를 단행했다고 밝혔다.이번 인사는 LG유플러스가 추진 중인 중·장기 성장 전략의 핵심인 AX를 중심으로, AI(인공지능) 기반 신사업을 강화하고 통신 본연의 역량을 높이기 위한 인재 중용에 역점을 뒀다.특히 AICC(인공지능 컨택센터), AIDC(인공지능 데이터센터), AI 기반 통화 앱 익시오 등 AI 기반 플랫폼과 B2B(기업 간 거래) 서비스의 성장을 이끌 전문 인력들이 승진자 명단에 포함됐다.유·무선 B2B 통신 사업을 총괄하며 AI 중심 B2B 포트폴리오 확장을 이끌고 있는 권용현 기업부문장이 부사장으로 승진했으며, MSA(마이크로서비스 아키텍처) 분야 전문가로 소프트웨어 기술 혁신을 주도해 온 정성권 IT(정보기술)·플랫폼빌드그룹장은 전무로 승진했다.또 여명희 CFO·CRO(최고재무·위기관리책임자)와 양효석 CHO(최고인사책임자)도 각각 부사장으로 승진해, 내부 조직의 안정성과 전략 실행력 강화를 동시에 꾀했다."
https://n.news.naver.com/mnews/article/092/0002400134?sid=105,2025-11-27 14:40:10,IT/과학,서울-인천 5G 품질 경쟁...LGU+ 선두자리 꿰찼다,"통신 3사 모두 예외적으로 높은 성능...LGU+ 데이터 통화 영상 모두 뛰어나서울과 인천을 비롯한 수도권 일대 5G 통신망 품질이 세계적인 수준을 유지하는 것으로 나타났다. 특히 LG유플러스가 빠른 데이터 전송속도 등 전반적인 사용자 경험 부문에서 선두권의 품질을 보여줬다는 점이 이목을 끈다.글로벌 네트워크 품질 측정분석 전문기관인 루트메트릭스가 서울 인천 광역권에서 3만2천 건 이상의 테스트로 5G 성능을 측정한 결과 통신 3사가 예외적으로 높은 성능을 보인 가운데 LG유플러스가 1천점 만점에 993점을 기록했다.루트메트릭스는 이같은 결과를 두고 “한국의 고도화된 5G 시장이 높은 서비스 품질과 균형 잡힌 경쟁 구도를 유지하고 있다는 점을 보여준다”며 “고도로 최적화된 이동통신 인프라의 수준을 입증하는 것”이라고 평가했다.LG유플러스가 이 지역에서 기록한 평균 다운로드 속도는 초당 853.37Mbps로 가장 빨랐고, 지연시간은 86ms로 가장 낮은 수준을 기록했다. 하위 5% 다운로드 속도에서도 타사 250Mbps를 뛰어넘는 302.72Mbps로 일정 수준 이상의 품질을 보장하는 결과도 보였다.자료_루트메트릭스데이터 전송과 함께 음성 통화 품질에서도 LG유플러스가 앞선 수치를 기록했다. 이를테면 LG유플러스는 SK텔레콤과 함께 통화 차단율 0%로 측정됐다. 또 LG유플러스는 통화 연결 시간이 0.692초로 가장 빠른 연결 효율 수치가 측정됐다.영상 서비스 품질에서도 전반적으로 높은 수준의 스트리밍 품질이 확인됐다. KT가 영상 적응 시작시간 0.57초를 기록하면서 가장 빠른 초기 재생 효율을 보였다. 재생 대기시간이나 버퍼링 시간이 최소였다는 뜻이다. 또 LG유플러스는 평균 적응 비트레이트 6.3Mbps로 가장 높은 지속적 영상 품질을 유지했다.루트메트릭스의 이같은 조사는 올해 하반기 서울과 인천 전역에서 진행됐다. 주로 이용량이 높은 지역에서 도보 테스트와 총 1천 킬로미터 이상의 차량 주행 테스트가 병행됐고, 실내 측정은 108곳에서 이뤄졌다.아울러 실제 이용 경험을 그대로 모사하기 위해 플래그십 안드로이드폰을 활용한 통제형 측정 방식으로 테스트가 수행됐다.루트메트릭스는 “서울과 인천 광역권의 테스트 결과는 한국 5G 시장이 세계적으로 성숙하고 경쟁이 치열한 환경이란 점을 다시 한 번 확인시켰다”며 “LG유플러스가 빠른 속도와 높은 일관성을 바탕으로 전반적인 사용자 경험 부문에서 선두를 차지했고, 통신 3사 모두 음성 데이터 성능에서 탁월한 품일을 보여줬다”고 설명했다."
https://n.news.naver.com/mnews/article/008/0005284099?sid=105,2025-11-27 14:52:03,IT/과학,"LGU+, 부사장 3명 승진 등 임원 인사...AI 전환·본업 강화에 방점","(상보)이번 LG유플러스 부사장 승진자. (왼쪽부터) 권용현 기업부문장, 여명희 CFO·CRO, 양효석 CHO. /사진=LG유플러스LG유플러스가 2026년 정기 임원 인사를 단행하며 미래 핵심 사업인 AX(인공지능 전환)와 통신 본업 경쟁력 강화를 위한 조직 개편에 나섰다.LG유플러스는 27일 오전 이사회를 열고 부사장 승진 3명, 전무 승진 1명, 상무 신규 선임 7명 등 총 11명 규모의 임원 인사를 단행했다고 밝혔다.이번 인사는 LG유플러스가 추진 중인 중·장기 성장 전략의 핵심인 AX를 중심으로, AI(인공지능) 기반 신사업을 강화하고 통신 본연의 역량을 높이기 위한 인재 중용에 역점을 뒀다.특히 AICC(인공지능 컨택센터), AIDC(인공지능 데이터센터), AI 기반 통화 앱 익시오 등 AI 기반 플랫폼과 B2B(기업 간 거래) 서비스의 성장을 이끌 전문 인력들이 승진자 명단에 포함됐다.유·무선 B2B 통신 사업을 총괄하며 AI 중심의 B2B 포트폴리오 확장을 이끌고 있는 권용현 기업부문장이 부사장으로 승진했다. 권 신임 부사장은 서강대 경제학과를 졸업하고, 서울대 정책학 석사 및 미국 UC버클리 MBA를 취득했으며, LG유플러스에서 기업부문장과 CSO(최고전략책임자)를 역임했다. 이전에는 LG경제연구원 트렌드연구부문장, 과학기술정보통신부 지능정보사회추진단 부단장 등을 맡았다.여명희 CFO·CRO(최고재무·최고위기관리책임자)와 양효석 CHO(최고인사책임자)도 각각 부사장으로 승진했다. 여 신임 부사장은 경북대 회계학과를 졸업했으며, LG유플러스에서 CFO·CRO를 비롯해 경영기획담당 상무, 회계담당 상무 등을 역임하며 재무·기획·위기관리 분야에서 전문성을 쌓아왔다.양 신임 부사장은 연세대 경영학과를 졸업하고, 미국 코넬대에서 노동관계학 석사 학위를 취득했다. LG유플러스에서 인사담당 상무를 거쳐 CHO로 재직하며 인사 전략과 노사 협력 부문에서 역량을 발휘해왔다.기술 분야에서는 정성권 IT(정보기술)·플랫폼빌드그룹장이 전무로 승진했다. 정 신임 전무는 부산대 컴퓨터공학과를 졸업했으며, LG유플러스에서 소프트웨어 아키텍처 및 플랫폼 기술 혁신을 주도해 왔다. 이전에는 쿠팡 글로벌파이낸싱플랫폼개발팀 시니어 매니저, 삼성전자 등에서도 근무하며 글로벌 IT 서비스 개발 및 운영 경험을 쌓았다.◇부사장 승진△권용현 기업부문장 △양효석 CHO △여명희 CFO·CRO◇전무 승진△정성권 IT·플랫폼빌드그룹장◇상무 신규 선임△고진태 전략기획담당 △김영진 무선기술담당 △김용진 충청영업담당 △서남희 CV담당 △신정호 에이전트·플랫폼개발랩장 △이서호 C-TF PM △조용성 ㈜LG 산하"
https://n.news.naver.com/mnews/article/008/0005284108?sid=102,2025-11-27 14:59:28,사회,"순천향대, '2025 LISAthon' 성료...국내외 보안 인재 총집결","지난 21~23일 충남 아산시 온양관광호텔서 개최현대차, 네이버, KAIST, 고려대 등 주요 기업·대학 참가실차 기반 실시간 공격·분석·방어 워게임 방식 운영'2025 LISAthon: 모빌리티 컴피티션' 참가자들이 시상식 후 기념촬영하고 있다./사진제공=순천향대순천향대학교가 지난 21~23일 충남 아산시 온양관광호텔에서 '2025 LISAthon: 모빌리티 컴피티션'을 개최했다고 27일 밝혔다.LISAthon은 실제 주행 차량 데이터와 양산용 차량 기반 테스트베드를 활용해 참가자가 실시간 공격·분석·방어를 수행하는 모빌리티 사이버보안 경진대회다. 국내에서는 실차 기반 실시간 워게임 방식으로 운영된다.올해 예선에는 현대차, 아우토크립트, HL클레무브, 네이버, LGU+, 넥슨 등 주요 기업과 KAIST, 고려대, 성균관대, 이화여대 등 전국 24개 대학(고교 2팀 포함)에서 56개 팀 130여명이 참가했다. 이 중 11개 팀이 우수팀으로 선정됐다.본선에는 예선을 통과한 국내 팀과 함께 지난 8월 몽골 현지 예선을 통과한 해외 대표팀도 참가했다. 주최 측은 실시간 득점뿐만 아니라 △공격·방어 로직 △데이터 가공 수준 △침입탐지 및 방지시스템(IDPS) 구성 등을 종합적으로 평가했다.기업 부문에서는 아우토크립트-HL클레무브 연합팀이 우승했다. 이어 아우토크립트 1팀이 2위, 네이버클라우드팀과 아우토크립트 2팀이 공동 3위를 기록했다.대학 부문에서는 KAIST-숭실대-고려대(세종) 연합팀, KAIST-성균관대 연합팀, 서울시립대-배재대 연합팀이 입상했다. 몽골과기대팀과 고려대 단독팀, 고려대(세종)-순천향대-성공회대 연합팀도 특별상, 장려상을 받았다.임강빈 순천향대 보안안전융합기술사업화센터장은 ""세계 각지의 팀과 국내 기업·대학이 참가한 이번 대회는 지역 산업과 글로벌 기술이 만나는 의미 있는 플랫폼""이라며 ""LISAthon을 기반으로 모빌리티·의료기기·보안 분야의 융합 연구와 인재 양성을 추진하겠다""고 말했다.이어 ""우리 대학은 LISAthon과 글로컬대학30 사업을 연계해 AI·SW 보안 역량을 강화하고 있다. LISAthon을 아시아권 국제 사이버보안 경진대회로 발전시킬 계획""이라고 전했다."
https://n.news.naver.com/mnews/article/241/0003480537?sid=105,2025-11-27 15:26:38,IT/과학,LGU+ 2026년 임원 인사…부사장 3명·전무 1명 승진,"AX 키워드 전면에권용현 LG유플러스 기업부문장 부사장LG유플러스는 27일 이사회를 열고 부사장 승진 3명, 전무 승진 1명, 상무 신규 선임 7명에 대한 임원 인사를 단행했다.이번 인사는 AX(AI 전환)를 전면에 내세웠다. 특히 AICC(AI 컨택센터), AIDC(AI 데이터센터) 및 AI 통화앱 '익시오' 등 미래 핵심 사업 성장을 견인할 인재를 비롯해 통신 본업의 경쟁력을 높이고 내실 있는 성장을 뒷받침할 수 있는 인재 중용에 역점을 뒀다.유·무선 B2B 통신 사업을 총괄하며 AICC, AIDC 등 AI 중심의 B2B 사업 포트폴리오 변화와 성장을 이끌고 있는 권용현 기업부문장은 부사장으로, 기술 분야에서는 MSA(마이크로 서비스 아키텍처) 전문가로서 소프트웨어 기술 역량을 기반으로 서비스 혁신을 책임지고 있는 정성권 IT·플랫폼빌드그룹장이 전무로 승진했다.재경 및 위기 관리 조직을 담당하는 여명희 CFO·CRO, 인사 전반과 노경 협력을 총괄하는 양효석 CHO가 각각 부사장으로 승진했다.정길준 기자 kjkj@edaily.co.kr"
https://n.news.naver.com/mnews/article/011/0004560907?sid=101,2025-11-27 15:50:08,경제,"국민은행, LGU+와 손잡고 보이스피싱 예방시스템 구축","이환주(왼쪽) KB국민은행장이 26일 홍범식 LG유플러스 대표와 보이스피싱 예방을 위한 업무협약을 체결한 뒤 기념 촬영을 하고 있다. 사진 제공=KB국민은행[서울경제]KB국민은행이 LG유플러스와 손잡고 금융·통신 데이터를 결합한 인공지능(AI) 기반의 보이스피싱 예방 시스템을 구축한다.KB국민은행은 LG유플러스와 보이스피싱 피해 예방을 위한 업무협약(MOU)을 체결했다고 27일 밝혔다.KB국민은행은 거래 패턴과 계좌 행동 데이터, 채널 이용 이력 등 금융 데이터를 토대로 고위험 거래 유형과 이상 징후를 분석한다. LG유플러스는 AI 통화 애플리케이션 ‘익시오’의 실시간 보이스피싱 탐지 기능과 악성 앱 설치 여부 등 보이스피싱에 자주 활용되는 특성을 기반으로 데이터를 선별한다."
https://n.news.naver.com/mnews/article/293/0000075656?sid=105,2025-11-27 15:56:12,IT/과학,"LGU+, 서울·인천 5G 속도 1위","LG유플러스 서울 용산 사옥 전경 /사진 제공=LG유플러스LG유플러스가 서울·인천 지역 5G 품질평가에서 통신 3사 중 1위를 차지했다는 조사 결과가 나왔다.27일 미국 네트워크 분석기관 루트메트릭스(RootMetrics) 조사 결과를 보면 LG유플러스는 서울·인천 지역 이동통신 품질 평가에서 1000점 만점에 993점을 받았다. KT는 985점, SK텔레콤(SKT)은 982점으로 뒤를 이었다.미국 네트워크 분석기관 루트메트릭스(RootMetrics)가 올해 7~9월에 진행한 경기·인천 지역 이동통신 품질 평가 결과 /사진=루트메트릭스루트메트릭스는 7~9월 동안 약 3만2200건에 이르는 이동통신 3사의 실제 이용환경을 측정을 진행했다. 1000km 이상 차량 주행과 도보 측정, 108개 실내 측정 등을 포함한 통제형 방식으로 품질을 비교했다. 루트메트릭스는 보고서에서 ""서울·인천 광역권은 3개 사업자 모두 세계적으로 높은 기준의 5G 성능을 보이는 시장""이라고 평가했다.세부 항목에서는 사업자마다 차이를 보였다. 속도 부문에서는 LG유플러스가 991점으로 가장 높은 점수를 받았고 KT는 971점, SKT는 958점을 기록했다. 실제 중간 다운로드 속도 측정치도 LG유플러스 853.37Mbps, KT 818.06Mbps, SKT 748.42Mbps 순으로 조사됐다.지연시간 측정에서는 LG유플러스가 86ms를 기록해 세 사업자 중 가장 낮았다. KT는 99ms, SKT는 111ms를 기록했다. 루트메트릭스는 ""서울·인천 지역 전반에서 응답성과 실시간성을 측정한 결과""라고 설명했다.음성 통화 품질에서는 모든 사업자가 높은 안정성을 보였다. LG유플러스와 SKT는 통화 차단율 0%를 기록했고 KT는 0.05%였다. 통화 연결시간은 LG유플러스 0.692초, SKT 0.991초, KT 1.309초 순으로 나타났다. 통화 끊김율은 LG유플러스가 0.05%로 가장 낮았고, KT와 SKT가 각각 0.2%였다.영상 스트리밍 품질에서는 사업자 간 성능이 비교적 유사하게 나타났다. 중간 영상 시작시간은 KT가 0.57초로 가장 빨랐고, LG유플러스는 0.68초, SKT는 0.77초였다. 평균 비트레이트는 3개 사업자가 모두 약 6.25Mbps 수준으로 1080p 영상 재생이 안정적으로 유지되는 것으로 조사됐다."
https://n.news.naver.com/mnews/article/422/0000806352?sid=101,2025-11-27 17:33:11,경제,"[비즈&] 기아 PV5, 영국 탑기어 '올해의 패밀리카' 선정 外","경제계 소식을 알아보는 비즈&(앤) 시간입니다.오늘(27일)은 어떤 소식이 있는지 살펴보겠습니다.▶ 기아 PV5, 영국 탑기어 '올해의 패밀리카' 선정기아의 PV5 패신저 모델이 영국 자동차 전문 매체 '탑기어' 어워즈에서 올해의 패밀리카로 선정됐습니다.탑기어 어워즈가 선정한 올해의 패밀리카에 밴 차량이 선정된 것은 PV5가 처음입니다.탑기어는 ""PV5는 넉넉한 공간과 효율성을 갖췄으며 가격 경쟁력도 뛰어나다""고 평가했습니다.▶ LGU+·KB국민은행 '익시오'로 보이스피싱 막는다LG유플러스가 KB국민은행과 함께 자사 AI 통화앱 '익시오'를 활용한 보이스피싱 피해 예방 협약을 맺었습니다.이번 협약은 통신사와 금융사가 협력해 일상을 위협하는 보이스피싱 범죄 등 신종 사기 수법에 선제적으로 대응하기 위해 체결됐습니다.양사는 익시오에 탐지된 피싱 의심 패턴과 금융권 이상 거래 데이터를 연계해 보이스피싱 시도를 실시간으로 탐지하고 조기 대응 체계를 구축한다는 방침입니다.▶ 쿠팡, 파페치 통해 미국·영국에 K-뷰티 제품 판매쿠팡이 글로벌 명품 의류 플랫폼 파페치를 통해 한국 뷰티 제품의 해외 진출을 지원합니다.쿠팡은 최근 파페치를 통해 미국과 영국에 쿠팡이 직매입한 국내 주요 10개 K-뷰티 브랜드 제품을 판매하기 시작했다고 오늘(27일) 밝혔습니다.쿠팡은 내년까지 중소·중견기업 브랜드를 포함한 참여 브랜드를 100여개로 늘리고, 진출 지역도 중장기적으로 190개국으로 확대한다는 계획입니다.▶ 삼양식품, 성수동서 '삼양 1963' 출시기념 팝업삼양식품이 프리미엄 라면 '삼양 1963' 출시 기념으로 성수동에서 내일(28일)부터 다음 달 4일까지 일주일간 팝업스토어를 운영합니다.'프리미엄 라면 바' 콘셉트로 열리는 이번 팝업스토어는 네이버 사전 예약 또는 현장 예약 후 순차 입장 방식으로 진행됩니다.'삼양 1963'을 시식하고 시식 평을 작성하면 전용 텀블러를 증정합니다.▶ GS25, 베트남 400호점…""K-푸드 특화매장 인기""GS리테일이 운영하는 편의점 GS25가 베트남 하노이 50호점을 개점했습니다.이에 따라 베트남 현지 매장은 모두 400호점으로 늘었습니다.GS25는 현지에서 K-푸드를 중심으로 한 상품을 선보이고 상권 특성에 맞춘 특화 매장을 운영하며 매장 수를 늘릴 수 있었다고 설명했습니다.베트남에서 인기있는 'K-푸드 특화 매장'은 떡볶이와 한국식 어묵, 김밥, 비빔밥, 과일 소주 등이 매출 상위 품목으로 꼽힙니다.연합뉴스TV 기사문의 및 제보 : 카톡/라인 jebo23"
https://n.news.naver.com/mnews/article/014/0005441072?sid=101,2025-11-27 18:12:14,경제,"KB국민銀,  LGU+와 보이스피싱 피해예방 MOU","금융·통신 결합 데이터 분석 대응이환주 KB국민은행장(왼쪽)과 홍범식 LG유플러스 대표이사가 지난 26일 서울 여의도 KB국민은행 신관에서 보이스피싱 피해 예방을 위한 업무협약(MOU)을 체결한 뒤 기념촬영을 하고 있다. KB국민은행 제공KB국민은행은 LG유플러스와 보이스피싱 피해 예방을 위한 업무협약(MOU)을 체결하고, 금융과 통신 데이터를 결합한 인공지능(AI) 기술 기반의 예방 체계를 구축한다고 27일 밝혔다.협약을 통해 KB국민은행은 거래 패턴, 계좌 행동 데이터, 채널 이용 이력 등 금융 데이터를 분석해 고위험 거래 유형과 이상 징후를 정교하게 분석한다. LG유플러스는 AI 통화앱 '익시오(ixi-O)'의 실시간 보이스피싱 탐지 기능, 악성앱 설치여부, 위험 인터넷주소(URL) 접속여부 등 보이스피싱에 자주 활용되는 통신 특성을 기반으로 데이터를 선별한다.두 회사는 이 같은 분석 역량을 결합해 고위험 통화와 연계된 이체나 인증 과정에서 실시간 경고와 추가 인증 절차를 제공하는 등 고도화된 공동 대응체계를 구축할 예정이다.KB국민은행은 알뜰폰 사업자로서 '익시오(ixi-O)'를 연내 제휴서비스로 고객에게 제공할 예정이다."
https://n.news.naver.com/mnews/article/014/0005441105?sid=105,2025-11-27 18:23:11,IT/과학,"LGU+·LG CNS, AI리더십 전면 배치","LG그룹 정기 임원인사AX 중심 실무형 인재 중용LGU+, 권용현 등 3명 부사장 승진LG CNS, 김태훈·최문근 부사장에LG유플러스와 LG CNS가 27일 정기 인사를 단행했다. 인공지능(AI), 스마트물류 등 성장성 높은 실무 전문가 중심으로 인사에 힘을 실었다는 평가다.LG 유플러스는 이날 부사장 승진 3명, 전무 승진 1명, 상무 신규 선임 7명에 대한 임원 인사를 단행했다 중·장기 성장을 이끌 'AI 전환(AX)'를 전면에 내세웠다. 특히 인공지능컨텍센터(AICC), AI데이터센터(AIDC) 및 AI 통화앱 '익시오(ixi-O)' 등 미래 핵심 사업 성장을 견인할 인재와 기본기 강화를 통해 통신 본업의 경쟁력을 높이고 내실 있는 성장을 뒷받침할 수 있는 인재 중용에 역점을 뒀다.유·무선 기업간거래(B2B) 통신 사업을 총괄하며 AICC, AIDC 등 AI 중심의 B2B 사업 포트폴리오 변화와 성장을 이끌고 있는 권용현 현 기업부문장은 부사장으로, 기술 분야에서는 '마이크로 서비스 아키텍처(MSA)' 전문가로서 탁월한 소프트웨어 기술 역량을 기반으로 서비스 혁신을 이끌고 있는 정성권 현 정보기술(IT)·플랫폼빌드그룹장이 전무로 승진했다. 또 재경 및 위기 관리 조직을 이끌고 있는 여명희 최고재무책임자(CFO)·최고리스크책임자(CRO)도 부사장으로 승진했다. 이외에 고진태 전략기획담당, 김영진 무선기술담당, 김용진 충청영업담당, 서남희 CV 담당 겸 AICC상품개발태스크 PM, 신정호 에이전트/플랫폼개발랩장, 이서호 C-TF PM, 조용성 LG 산하 등 7명은 상무로 신규 선임됐다.LG CNS는 부사장 승진 2명, 전무 승진 1명, 상무 신규 선임 5명, 계열사 전입 1명 등을 포함한 정기 임원인사를 실시했다. 인공지능전환(AX) 시장 선도 및 실행 가속화를 위한 역량을 결집하고, 미래 사업과 기술 성장을 견인할 인재들을 중용했다. 특히, 에이전틱AI·클라우드 사업의 중추적 역할을 담당하는 'AI클라우드사업부' 김태훈 전무와 AX 전략 수립의 싱크탱크인 컨설팅 전문 조직 'Entrue부문' 최문근 전무를 부사장으로 승진시켰다. 이와 함께, 차세대 성장 동력인 피지컬AI, 로봇 분야의 성장을 이끌고 유통 물류 자동화 시장 1위 지위를 굳건히 한 '스마트물류&시티사업부' 이준호 상무를 전무로 승진시켰다.또 국내외 AI데이터센터 설계·구축·운영 분야에서 탁월한 성과를 거둔 30대 젊은 인재 '클라우드데이터센터사업담당' 조헌혁 담당을 상무로 신규 선임했다."
https://n.news.naver.com/mnews/article/032/0003411764?sid=101,2025-11-27 22:06:00,경제,KB국민은행·LGU+ ‘피싱 차단’ 의기투합,"AI 기반 예방체계 공동 구축 협약KB국민은행은 지난 26일 LG유플러스와 보이스피싱 피해 예방을 위한 업무협약을 체결했다고 27일 밝혔다.두 회사는 이번 협약에 따라 금융·통신 데이터를 결합한 인공지능(AI) 기반 예방체계를 함께 구축한다. KB국민은행은 거래 패턴 등을 활용해 고위험 거래 유형과 이상 징후를 분석하고, LG유플러스는 AI 통화앱 ‘익시오’의 실시간 탐지 기능 등을 통해 보이스피싱에 자주 활용되는 통신 기반 데이터를 선별한다.두 회사는 이러한 분석 역량을 결합해 고위험 통화와 연계된 이체나 인증 과정에서 실시간 경고와 추가 인증 절차를 제공하는 공동 대응체계를 만들 예정이다.KB국민은행 관계자는 “보이스피싱을 더 정교하게 차단해 국민들의 소중한 자산 보호에 최선을 다하겠다”고 말했다."
https://n.news.naver.com/mnews/article/421/0008630188?sid=105,2025-11-28 06:20:00,IT/과학,"LGU+, AX 중심 조직개편 예고…콘텐츠 사업 정리","콘텐츠·플랫폼 전략 대신 AI 사업 올인…비핵심 사업 재편AICC·AIDC로 수익화 이끌고, AI 통화앱으로 이용자 접점 확대LG유플러스 용산 사옥. 2025.10.23/뉴스1 ⓒ News1 안은나 기자(서울=뉴스1) 이기범 기자 = LG유플러스(032640)가 AI 전환(AX) 중심의 조직 개편을 예고했다. 과거 신성장 동력으로 내세웠던 콘텐츠, 플랫폼 중심의 비통신 사업을 정리하고 AI 사업에 집중하는 기조를 이어갈 방침이다.28일 통신 업계에 따르면 LG유플러스는 다음 주쯤 2026년도 조직 개편안을 발표할 예정이다. 이와 맞물린 임원 인사는 전날 단행했다. 조직 개편의 큰 틀은 지난해와 마찬가지로 AX 사업 수익화와 통신 경쟁력 강화에 방점을 둘 것으로 보인다.이 같은 기조는 이번 임원 인사에서도 나타난다. 이날 LG유플러스는 AI컨택센터(AICC), AI데이터센터(AIDC) 및 AI 통화앱 '익시오'(ixi-O) 등 미래 성장 사업을 이끌 인재와 통신 본업의 경쟁력을 높이고 내실 있는 성장을 뒷받침할 인재를 중용했다.권용현 현 기업부문장을 부사장으로, 정성권 현 IT/플랫폼빌드그룹장은 전무로 승진시킨 게 대표적인 사례다. 권 부사장은 유·무선 B2B 통신 사업을 총괄하며 AICC, AIDC 등 AI 중심의 B2B 사업 포트폴리오 변화와 성장을 이끌고 있으며, 정 전무는 기술 분야에서 '마이크로 서비스 아키텍처'(MSA) 전문가로서 소프트웨어 기술 역량 기반 서비스 혁신을 이끌고 있다.지난해에는 'AI 에이전트 추진그룹'을 신설해 개인용(B2C) 서비스 발굴에 힘을 쏟았다면, 올해는 직접적으로 수익을 낼 수 있는 AICC, AIDC 중심의 사업자용(B2B) 조직 정비가 이뤄질 것으로 전망된다.또 B2C 서비스 조직은 100만 가입자를 확보하며 가능성을 보인 AI 통화앱 '익시오'에 집중할 것으로 예상된다. LG유플러스는 최근 구글과 함께 개발한 '익시오 AI 비서'를 공개하며, 익시오를 AI 통화 앱에서 초개인화 AI 비서로 성장시키겠다는 전략을 발표한 바 있다.AICC, AIDC 중심으로 AX 사업 수익화에 본격적으로 나서고, 익시오를 중심으로 B2C 서비스를 확대하겠다는 방침이다.이 과정에서 과거 황현식 전 대표 시절 내세운 콘텐츠, 플랫폼 중심의 비통신 사업은 정리 수순을 밟고 있다. 당시 황 대표는 '유플러스 3.0' 전략을 발표하며 플랫폼 사업 중심의 신사업 확장을 추진해 왔다. 그러나 수익성 개선에 어려움을 겪으면서 관련 사업을 대부분 종료했다. 최근에는 자체 콘텐츠 제작 전문 조직인 '스튜디오 엑스플러스유'(STUDIO X+U)도 철수 결정을 내린 것으로 전해졌다.여명희 LG유플러스 최고재무책임자/최고리스크책임자(CFO/CRO)는 이달 초 콘퍼런스 콜을 통해 ""비핵심 사업의 효율적 재편, 자원 배분 최적화, 사업 전반의 효율성을 높이는 전략을 계획하고 있다""며 ""AI 기술을 적극 도입하고 디지털 전환 가속화가 원가 경쟁력 강화에 중요 동력이 될 거다. 사업 구조를 변화시켜 수익성을 높이고 미래 성장 기반을 다져나가겠다""고 말한 바 있다."
https://n.news.naver.com/mnews/article/001/0015767280?sid=105,2025-11-28 10:27:59,IT/과학,통신 경쟁 재편안 나왔다…'여유 주파수' 1년만·5G SA 의무화,"과기정통부, 3G·LTE 주파수 재할당안 국회 보고5G 주파수ㆍ이동통신3사 (PG)[강민지 제작] 일러스트(서울=연합뉴스) 조성미 기자 = 올해 안으로 3G·LTE 주파수를 재할당하는 정부가 통신사들이 중요성이 떨어진다고 지목하는 소위 '여유 LTE 주파수'에 대해 1년간만 사용하고 조기 반납 받는 선택지를 마련한 것으로 파악됐다.아울러 인공지능(AI) 발달의 필수 기반으로 꼽히는 네트워크 고도화를 위한 5G 단독모드(SA) 도입을 할당 조건으로 부여하고 5G 품질 향상을 유도하기 위해 5G 실내 무선국 구축을 투자 옵션으로 설정했다.28일 연합뉴스 취재를 종합하면 과학기술정보통신부는 최근 이러한 내용을 담은 이동통신 주파수 재할당 세부 정책안을 국회에 보고했다.과기정통부는 LTE 가입자·사용량 감소, 5G SA 도입 시 주파수 활용 감소 가능성을 고려해 2.1㎓(기가헤르츠)·2.6㎓ 대역 중 통신사별 1개 블록에 대해 이용 기간 1년 이후 단축을 허용하기로 했다.1년 쓰고 사용하지 않을 경우 반납하면 비용을 돌려주는 것인데, 이후 5G 주파수를 추가로 경매받을 경우 더 큰 비용 부담을 감당할지는 통신사의 판단 몫이 된다.과기정통부는 LTE 재할당과 5G 신규 주파수 할당 분리 기조를 세우고 올해 연말 또는 내년 초 AI 네트워크 전략안을 발표하면서 5G 추가 주파수 할당 계획을 포함할 계획이다.국내 통신업계는 5G 서비스에서 LTE 주파수를 활용하는 비단독모드(NSA)를 사용하고 있다.5G 단독(SA) 모드는 하나의 물리적 핵심 네트워크를 독립된 다수의 가상 네트워크로 분리한 뒤 맞춤형 서비스를 제공하는 '네트워크 슬라이싱' 기술 등이 가능해 AI 시대에 필수적인 인프라로 꼽히지만 투자 비용이 커 국내 통신사 참여가 저조했다.미국, 중국, 일본, 영국, 프랑스 등 43개 국가에서는 77개 사업자가 5G 단독모드를 도입하고 있다.과기정통부는 6G 상용화 등에 대비해 광대역 주파수 확보를 위한 정비 검토가 필요한 대역은 주파수 할당 기간을 3년으로, 기존 서비스의 안정적인 제공을 위해 필수적인 나머지 대역인 250㎒(메가헤르츠) 폭은 당초 방침대로 2031년까지 5년 할당키로 했다.3년 할당하는 대역은 KT가 쓰는 1.8㎓ 대역 20㎒ 폭, 나머지 두 통신사가 쓰는 2.6㎓ 대역 100㎒ 폭이다.사용자가 미미하고 활용도가 낮은 3G 주파수(2.1㎓ 대역 20㎒ 폭)는 3G 서비스 종료 시 통신사가 LTE 이상으로 이용할 것인지 선택하도록 하고 쓰지 않을 경우 회수하기로 했다.과기정통부는 2.6㎓ 대역을 두고 SK텔레콤이 LGU+가 납부했던 더 낮은 할당대가 수준 또는 양사 평균으로 주파수 대가를 조정해야 한다는 의견을 내는 데 대해서는 대역폭, 이용목적, 기지국 수 등이 서로 다른 주파수에 대해 동일한 기준을 적용하는 것은 전파법 취지에 부합하지 않는다는 결론을 내린 것으로 전해졌다.과기정통부는 다음 달 1일 주파수 재할당에 관한 공청회를 열고 재할당 세부 방안을 발표한다.csm@yna.co.kr"
https://n.news.naver.com/mnews/article/422/0000806570?sid=105,2025-11-28 10:58:14,IT/과학,"통신 재편안, 여유 주파수 반납·AI 기반 마련","정부가 올해 안으로 3G·LTE 주파수를 재할당할 예정인 가운데, 통신사들이 중요성이 떨어진다고 지목하는 소위 '여유 LTE 주파수'를 1년만 사용하고 조기 반납 받는 선택지를 마련한 것으로 파악됐습니다.동시에, 인공지능(AI) 발달의 필수 기반으로 꼽히는 네트워크 고도화를 위한 5G 단독모드(SA) 도입을 할당 조건으로 부여하고, 5G 품질 향상을 유도하기 위해 5G 실내 무선국 구축을 투자 옵션으로 설정했습니다.과학기술정보통신부는 최근 이러한 내용을 담은 이동통신 주파수 재할당 세부 정책안을 국회에 보고했습니다.과기정통부는 LTE 가입자·사용량 감소, 5G SA 도입 시 주파수 활용 감소 가능성을 고려해 2.1㎓(기가헤르츠)·2.6㎓ 대역 중 통신사별 1개 블록에 대해 이용 기간 1년 이후 단축을 허용하기로 했습니다.1년 쓰고 사용하지 않을 경우 반납하면 비용을 돌려주는 것인데, 이후 5G 주파수를 추가로 경매받을 경우 더 큰 비용 부담을 감당할지는 통신사의 판단 몫이 됩니다.과기정통부는 LTE 재할당과 5G 신규 주파수 할당 분리 기조를 세우고 올해 연말 또는 내년 초 AI 네트워크 전략안을 발표하면서 5G 추가 주파수 할당 계획을 포함할 계획입니다.현재 국내 통신업계는 5G 서비스에서 LTE 주파수를 활용하는 비단독모드(NSA)를 사용하고 있습니다.5G 단독(SA) 모드는 하나의 물리적 핵심 네트워크를 독립된 다수의 가상 네트워크로 분리한 뒤 맞춤형 서비스를 제공하는 '네트워크 슬라이싱' 기술 등이 가능해 AI 시대에 필수적인 인프라로 꼽히지만 투자 비용이 커 국내 통신사 참여가 저조했습니다.미국, 중국, 일본, 영국, 프랑스 등 43개 국가에서는 77개 사업자가 5G 단독모드를 도입하고 있습니다.과기정통부는 6G 상용화 등에 대비해 광대역 주파수 확보를 위한 정비 검토가 필요한 대역은 주파수 할당 기간을 3년으로, 기존 서비스의 안정적인 제공을 위해 필수적인 나머지 대역인 250㎒(메가헤르츠) 폭은 당초 방침대로 2031년까지 5년 할당하기로 했습니다.3년 할당하는 대역은 KT가 쓰는 1.8㎓ 대역 20㎒ 폭, 나머지 두 통신사가 쓰는 2.6㎓ 대역 100㎒ 폭입니다.사용자가 미미하고 활용도가 낮은 3G 주파수(2.1㎓ 대역 20㎒ 폭)는 3G 서비스 종료 시 통신사가 LTE 이상으로 이용할 것인지 선택하도록 하고 쓰지 않을 경우 회수하기로 했습니다.과기정통부는 2.6㎓ 대역을 두고 SK텔레콤이 LGU+가 납부했던 더 낮은 할당대가 수준 또는 양사 평균으로 주파수 대가를 조정해야 한다는 의견을 내는 데 대해서는 대역폭, 이용목적, 기지국 수 등이 서로 다른 주파수에 대해 동일한 기준을 적용하는 것은 전파법 취지에 부합하지 않는다는 결론을 내린 것으로 전해졌습니다.과기정통부는 다음 달 1일 주파수 재할당에 관한 공청회를 열고 재할당 세부 방안을 발표할 예정입니다.5G 주파수ㆍ이동통신3사 (PG) [강민지 제작] 일러스트#이동통신 #재편 #과기부 #AI #LTE연합뉴스TV 기사문의 및 제보 : 카톡/라인 jebo23"
https://n.news.naver.com/mnews/article/016/0002564624?sid=105,2025-11-28 11:39:14,IT/과학,"LGU+ 지원 AI스타트업,  MWC TOP20 선정","옵트에이아이·에임인텔리전스 수상LG유플러스 ‘쉬프트’ 사업화 지원홍범식 LG유플러스 대표(왼쪽)가 쉬프트 2기에 선발된 스타트업 대표들과 함께했다. 쉬프트에 선발된 옵트에이아이와 에임인텔리전스는 내년 MWC26에서 4YFN TOP20에 드는 성과를 거뒀다. [LG유플러스 제공]LG유플러스의 지원을 받은 인공지능(AI) 스타트업이 세계 최대 모바일 기기 박람회 MWC26에서 ‘대박’을 터트렸다. AI 오픈이노베이션 프로그램 ‘쉬프트(Shift)’를 통해 투자부터 사업화까지 스타트업에 필요한 지원을 한 번에 제공한 성과다.쉬프트에 선정돼 LG유플러스와의 협업을 이어온 옵트에이아이와 에임인텔리전스는 내년 MWC26에서 수상의 영예를 안게 됐다.28일 업계에 따르면 국내 AI 스타트업인 옵트에이아이와 에임인텔리전스는 내년 스페인 바르셀로나에서 열리는 MWC26 4YFN(4 Years From Now)에서 글로벌 스타트업 Top20에 이름을 올린다.4YFN는 전 세계 스타트업 중 4년 후 미래를 혁신할 기술력을 보유한 기업을 발굴하는 대회다. 글로벌 시장에 진출하려는 국내 스타트업이 늘어나면서 올해는 64개 팀이 참가하는 등 매년 업계의 관심이 높아지고 있다. MWC26에서는 12월 ‘TOP 20’ 기업을 공개한 뒤 내년 3월 바르셀로나에서 파이널리스트 5개 기업과 우승자를 선정할 예정이다.양사는 LG유플러스 쉬프트에 선발돼 지분 투자 및 사업화 기회를 얻은 바 있다. LG유플러스는 홍범식 대표 취임 이후 전략적투자자(FI)로서 자사 서비스와 시너지를 낼 수 있는 AI 스타트업을 발굴하고 지분투자부터 사업화, 글로벌 진출까지 지원하고 있다. 에임인텔리전스는 지난해 쉬프트 1기, 옵트에이아이는 이달 2기에 선발됐다.옵트에이아이는 ‘익시오’를 함께 개발했다. 옵트에이아이는 온디바이스 AI 최적화 솔루션을 제공해, 한정된 자원에서 AI 모델이 효율적으로 구동할 수 있도록 한다. LG유플러스와는 퀄컴 신경망처리장치(NPU)에서 거대언어모델(LLM) 최적화를 수행, 익시오에 온디바이스 통화 요약 솔루션을 제공했다. 옵트에이아이는 이를 통해 창업 4년 만에 MWC 4YFN TOP 20에 드는 성과를 거두게 됐다.AI 보안 전문 기업인 에임인텔리전스는 창업 1년도 채 되기 전 쉬프트에 선발돼 LG유플러스와의 협업 기회를 얻었다. 에임인텔리전스는 LG유플러스의 AI 서비스에서 리스크를 진단해 환각과 개인정보 유출 등을 발견, 보안을 강화하고 있다. 이러한 경험을 인정받아 최근에는 오픈AI 시큐리티 툴의 취약점을 확인하고 보완하는 역할을 담당하고 있다.이상엽 LG유플러스 최고기술책임자(CTO)는 “지난해 쉬프트가 첫발을 내딛으며 스타트업이 가장 일하고 싶은 장소가 되겠다는 포부를 밝혔고, 1기 참가 기업이 TOP 20에 드는 성과를 거둘 수 있었다”며 “쉬프트 2기에 선발된 11개 기업도 내년 좋은 기회를 얻길 기대한다”고 말했다.권제인·차민주 기자"
https://n.news.naver.com/mnews/article/640/0000080865?sid=101,2025-11-28 17:30:22,경제,LG Corp. to cancel treasury shares worth 250 billion won by 2026,"A flag with the LG logo flies in front of LG Electronics' headquarters in Yeouido, western Seoul, on April 7. [YONHAP]LG Corp. said on Friday it will cancel all of its remaining treasury shares worth 250 billion won ($168 million) by mid-2026 and accelerate shareholder returns across LG Group as part of a broader effort to lift its valuation.The holding company said in a disclosure that it will retire 3,029,581 treasury shares by the first half of next year after scrapping an equal amount in September, when it eliminated half of the roughly 500 billion won in stock it had bought back.Canceling treasury shares is one of the main shareholder return tools alongside dividends. Retiring shares reduces the number of outstanding shares and lifts earnings per share.LG Corp. said it lifted its minimum payout ratio to 60 percent from 50 percent and delivered a payout ratio of 76 percent last year based on adjusted stand-alone net profit. The company also entrenched a twice-a-year dividend after paying a 1,000 won interim dividend per common and preferred share in September, totaling 154.2 billion won.The company said it plans to use after-tax proceeds of about 400 billion won from the sale of its Gwanghwamun building in central Seoul to expand investment in AI, biotech and clean technologies, which Chairman Koo Kwang-mo has identified as key growth drivers. Part of the funds may be used flexibly for shareholder returns, the firm said.LG Corp. kept its target of achieving an 8 to 10 percent return on equity by 2027 and will set up a board-level compensation committee to strengthen oversight of executive pay.Other LG Group affiliates also outlined their plans. LG Electronics said it will return 200 billion won to shareholders over the next two years and aims to cancel all of its treasury shares — 1,749 common shares and 4,693 preferred shares — pending approval at next year’s annual general meeting.Electronic component manufacturer LG Innotek plans to raise its dividend policy from paying at least 10 percent of consolidated net profit to 20 percent by 2030. Mobile carrier LG U+ said it is working toward a midterm target of lifting its shareholder return ratio to as high as 60 percent.The liberal Democratic Party is pursuing an amendment to the Commercial Act that would require companies to cancel treasury shares acquired within a year and obtain annual shareholder approval for disposal plans.Business groups warn that mandatory cancellations could weaken takeover defenses and leave companies more exposed to hostile bids.This article was originally written in Korean and translated by a bilingual reporter with the help of generative AI tools. It was then edited by a native English-speaking editor. All AI-assisted translations are reviewed and refined by our newsroom."
https://n.news.naver.com/mnews/article/031/0000985140?sid=105,2025-11-30 08:04:13,IT/과학,"이통3사, AI 인재·스타트업 육성 총력…교육부터 투자까지 확대","KT AI 캠퍼스·LGU+ 쉬프트·SKT FLY AI 등 미래 기술 생태계 선점 경쟁 치열이통 3사가 AI 인재와 스타트업을 키우는 데 속도를 내고 있다. 자체 교육공간을 구축하거나 스타트업 성장 프로그램을 운영하며 생태계 확대에 집중하는 모습이다.사진은 최근 진행한 AI 교육에 참가한 협력사 직원들의 학습 모습 [사진=KT]KT는 지난 25일 성남 판교 사옥에 AI 전문 교육공간 'AI 캠퍼스'를 개소했다고 밝혔다. AI 캠퍼스는 약 400평 규모로 6개 대형 교육장과 2개 비대면 스튜디오를 갖춘 시설이며, 실무형 AI 기반 업무 전환(AX) 교육이 이뤄진다. KT는 그동안 교원과 주니어를 중심으로 교육을 운영해왔고 최근 협력사 재직자까지 대상을 넓혔다.또한 대학과의 협력도 확대하고 있다. 지난 6월에는 계명대학교와 한국마이크로소프트와 함께 디지털 연구 교육 플랫폼 'K-MIND' 센터 구축을 위한 업무협약을 체결했다. 이달 초에는 한국교원대학교와 교육현장 AX 추진을 위한 협약을 맺고 재학생 역량 강화 지원에 나섰다.홍범식 LG유플러스 대표(왼쪽 첫 번째)가 쉬프트 2기에 선발된 스타트업 대표들과 기념사진을 촬영하는 모습. [사진=LGU+]LG유플러스는 최근 액셀러레이터 블루포인트파트너스와 함께 50억원 규모의 전용 펀드를 만들어 4개 유망 AI 스타트업에 투자를 진행 중이다. 이는 LG유플러스 AI 오픈이노베이션 프로그램 '쉬프트(shift)'의 일환으로, 최근 쉬프트 2기에서는 AI 에이전트, MLOps, 보안, SaaS 등 분야의 스타트업 11곳을 새로 선정했다.여기에 일반인을 대상으로 한 체험형 프로그램 'AI 유니버스'를 시작해 개발자, 대중, 기업을 아우르는 생태계 구축에 나서고 있다.SKT 플라이 AI 챌린저 1기 수료식에서 최우수상을 수상한팀이 기념촬영을 하고 있다. [사진=SKT]SK텔레콤은 보다 이른 시기부터 AI 인재 육성에 나서왔다. 2022년부터 운영 중인 'FLY AI 챌린저'는 AI 실무 개발자를 양성하는 10주 교육 프로그램이다. 이론과 실습, 멘토링을 기반으로 프로젝트를 수행하며 AI 모델링, 데이터 분석, 응용 서비스 개발 등 현업에서 즉시 활용할 수 있는 실무 역량을 갖춘 개발자로 성장하도록 돕는다.대학생을 대상으로 한 'AI 펠로우십'도 함께 운영하고 있으며, 두 과정 수료자에게는 SK텔레콤 신입 채용 우대 혜택이 제공된다. 교육을 통해 미래 AI 전문가를 양성하고 이를 SK텔레콤 기술 생태계로 유입시키는 구조다."
https://n.news.naver.com/mnews/article/138/0002211065?sid=105,2025-11-30 09:00:09,IT/과학,“생활기록부 자동작성” LGU+ 교직원 AI 행정 서비스 ‘U+슈퍼스쿨’ 출시,[사진=LG유플러스][디지털데일리 오병훈기자] LG유플러스가 학교 교사들을 위한 인공지능(AI) 서비스를 선보인다.LG유플러스는 교사 행정 관리 서비스 ‘U+슈퍼스쿨’을 출시했다고 30일 밝혔다.U+슈퍼스쿨은 교사 업무 효율을 높이기 위해 AI 에이전트를 탑재한 학교 행정관리 솔루션이다. 반복적이고 비효율적인 행정업무를 효율화하는 것 핵심이다.U+슈퍼스쿨에 탑재된 AI 에이전트는 실제 행정 과정을 이해하고 돕는 데 초점을 맞췄다. 교육현장에서 생활기록부 작성이 교사에게 가장 큰 행정 부담으로 꼽힌다. U+슈퍼스쿨을 활용하면 교사는 누적된 학생 데이터를 기반으로 학업 성취도와 활동을 반영한 신뢰도 높은 맞춤형 생활기록부를 작성할 수 있다. 또 학생에게는 활동이 객관적으로 기록되고 지역·환경과 관계없이 공정한 기준이 적용된다.U+슈퍼스쿨은 고교학점제에 최적화돼 있다. 분반으로 발생할 수 있는 출결관리의 어려움을 해결하고 출석부·출결신고서·체험학습 서류 등 출석 관련 모든 절차를 온라인으로 처리할 수 있다. 신청부터 승인까지 온라인 비대면 결재를 통한다. 이러한 자료가 하나 플랫폼에 자동으로 축적되면서 교사는 취합·누락 걱정 없이 학생 활동 이력 데이터를 효율적으로 관리분석할 수 있다.U+슈퍼스쿨은 공공 클라우드 보안 인증 제도인 ‘CSAP IaaS’의 ‘중’ 등급 인증 인프라와 LG의 초거대 언어모델 ‘엑사원(EXAONE)’을 적용했다. 국가·지자체·학교 등 공공기관에서도 안심하고 사용할 수 있는 수준의 보안성을 갖춰 교사가 학생들의 민감정보 유출 걱정 없이 각종 업무를 처리할 수 있다. 학생 데이터 관리 역시 안전하게 이뤄진다. 학교 데이터가 외부로 유출될 우려 없이 안전한 환경에서 AI 기능을 활용하도록 설계된 점이 특징이다.정영훈 LG유플러스 기업AI사업담당(상무)은 “U+슈퍼스쿨은 서류와 데이터를 자동으로 정리해 교사가 더 정밀하게 생활기록부를 작성할 수 있도록 돕는다”며 “AI 행정 지원을 통해 교사가 학생 지도와 수업에 집중할 수 있는 환경을 지원하겠다”고 말했다.
https://n.news.naver.com/mnews/article/119/0003031292?sid=105,2025-11-30 09:00:10,IT/과학,AI가 대신 처리한다…LGU+ ‘슈퍼스쿨’로 교사 행정 부담↓,"고교학점제 운영지원 최적화, AI 에이전트 기반 업무 보조 지원모델이 U+슈퍼스쿨 서비스를 이용하며 학생 성적관리 화면을 살펴보는 모습.ⓒLG유플러스[데일리안 = 조인영 기자] LG유플러스는 AI를 통해 공교육 현장의 디지털 전환을 지원하는 ‘U+슈퍼스쿨’을 출시하며 교사 행정 관리 시장에 진출한다고 30일 밝혔다.U+슈퍼스쿨은 교사의 업무 효율을 혁신적으로 높이기 위해 AI 에이전트를 탑재한 차세대 학교 행정관리 솔루션으로, 반복적이고 비효율적인 행정업무를 AI 기술로 효율화하는 것을 목표로 한다. 이를 통해 교사는 본연의 역할인 수업과 학생 지도에 집중할 수 있다.U+슈퍼스쿨에 탑재된 AI 에이전트는 교사의 실제 행정 과정을 이해하고 돕는 데 초점을 맞췄다.교육현장에서 생활기록부 작성이 교사에게 가장 큰 행정 부담으로 꼽히는데, U+슈퍼스쿨을 활용하면 교사는 누적된 학생 데이터를 기반으로 학업 성취도와 활동을 반영한 신뢰도 높은 맞춤형 생활기록부를 자동 작성할 수 있다. 또한 학생에게는 자신의 활동이 객관적으로 기록되고, 지역·환경과 관계없이 공정한 기준이 적용된다.U+슈퍼스쿨은 고교학점제에 최적화해 분반으로 발생할 수 있는 출결관리의 어려움을 해결하고, 출석부·출결 신고서·체험학습 서류 등 출석 관련 모든 절차를 온라인으로 처리할 수 있게 했다.신청부터 승인까지 온라인 비대면 결재를 통해 행정 처리가 원활해졌다. 기존 종이로 흩어져 있던 자료가 하나의 플랫폼에 자동으로 축적되면서 교사는 취합·누락 걱정 없이 학생 활동 이력 데이터를 효율적으로 관리하고 분석할 수 있다.U+슈퍼스쿨은 공공 클라우드 보안 인증 제도인 CSAP IaaS ‘중’ 등급 인증 인프라와 LG가 자체 개발한 국내 최고 수준의 초거대 언어모델 ‘엑사원(EXAONE)’을 적용했다.국가·지자체·학교 등 공공기관에서도 안심하고 사용할 수 있는 수준의 보안성을 갖춰 교사가 학생들의 민감정보 유출 걱정 없이 각종 업무를 처리할 수 있으며, 학생 데이터 관리 역시 안전하게 이뤄진다. 학교 데이터가 외부로 유출될 우려 없이 안전한 환경에서 AI 기능을 활용하도록 설계된 점이 특징이다.정영훈 LG유플러스 기업AI사업담당(상무)은 “U+슈퍼스쿨은 서류와 데이터를 자동으로 정리해 교사가 더 정밀하게 생활기록부를 작성할 수 있도록 돕는다”며 “AI 행정 지원을 통해 교사가 학생 지도와 수업에 집중할 수 있는 환경을 만들어 가도록 지원하겠다”고 밝혔다."
https://n.news.naver.com/mnews/article/031/0000985143?sid=105,2025-11-30 09:01:09,IT/과학,"LGU+, 교사 행정 관리 시장 진출⋯U+슈퍼스쿨 출시","U+슈퍼스쿨, 초·중·고 선생 위한 행정 업무 경감 솔루션LG유플러스(대표 홍범식)는 'U+슈퍼스쿨'을 출시하며 교사 행정 관리 시장에 진출한다고 30일 밝혔다.모델이 U+슈퍼스쿨 서비스를 이용하며 학생 성적관리 화면을 살펴보는 모습. [사진=LGU+]U+슈퍼스쿨은 교사 업무 효율을 높이기 위해 인공지능(AI) 에이전트를 탑재한 차세대 학교 행정관리 솔루션이다. 반복적이고 비효율적인 행정 업무를 AI 기술로 효율화하는 것을 목표로 한다. 이를 통해 교사는 수업과 학생 지도에 집중할 수 있다.U+슈퍼스쿨 AI 에이전트는 교사의 실제 행정을 돕는 데 초점을 맞췄다. U+슈퍼스쿨을 활용하면 학생 데이터를 기반으로 학업 성취도와 활동을 반영한 맞춤형 생활기록부를 자동 작성할 수 있다. 학생 활동이 객관적으로 기록되고, 지역·환경과 관계없이 공정한 기준이 적용된다.U+슈퍼스쿨은 출석부·출결 신고서·체험학습 서류 등 출석 관련 모든 절차를 온라인으로 처리할 수 있다. 신청부터 승인까지 온라인 비대면 결재를 통해 행정 처리가 간소화했다. 기존 종이로 흩어져 있던 자료가 하나의 플랫폼에 축적됐다. 교사는 취합·누락 걱정 없이 학생 활동 이력 데이터를 효율적으로 관리할 수 있다.U+슈퍼스쿨은 공공 클라우드 보안 인증 제도인 CSAP IaaS(중 등급) 인증 인프라와 LG가 자체 개발한 국내 최고 수준의 초거대 언어모델 엑사원(EXAONE)을 적용했다. 국가·지자체·학교 등 공공기관에서도 안심하고 사용할 수 있는 수준의 보안성을 갖췄다는 게 LG유플러스 측 설명이다.정영훈 LG유플러스 기업AI사업담당(상무)은 ""U+슈퍼스쿨은 서류와 데이터를 자동으로 정리해 교사가 더 정밀하게 생활기록부를 작성할 수 있도록 돕는다""며 ""AI 행정 지원을 통해 교사가 학생 지도와 수업에 집중할 수 있는 환경을 만들어 가도록 지원하겠다""고 말했다."
https://n.news.naver.com/mnews/article/014/0005441709?sid=105,2025-11-30 09:01:13,IT/과학,"""AI로 생기부 자동 작성"" LG U+, ‘U+슈퍼스쿨’ 출시","LG유플러스 모델이 U+슈퍼스쿨 서비스를 이용하며 학생 성적관리 화면을 소개하고 있다. LG유플러스 제공[파이낸셜뉴스] LG유플러스는 인공지능(AI)을 통해 공교육 현장의 디지털 전환을 지원하는 ‘U+슈퍼스쿨’을 출시하며 교사 행정 관리 시장에 진출한다고 30일 밝혔다.U+슈퍼스쿨은 교사의 업무 효율을 혁신적으로 높이기 위해 AI 에이전트를 탑재한 차세대 학교 행정관리 솔루션으로, 반복적이고 비효율적인 행정업무를 AI 기술로 효율화하는 것을 목표로 한다. 이를 통해 교사는 본연의 역할인 수업과 학생 지도에 집중할 수 있다.U+슈퍼스쿨에 탑재된 AI 에이전트는 교사의 실제 행정 과정을 이해하고 돕는 데 초점을 맞췄다. 교육현장에서 생활기록부 작성이 교사에게 가장 큰 행정 부담으로 꼽히는데, U+슈퍼스쿨을 활용하면 교사는 누적된 학생 데이터를 기반으로 학업 성취도와 활동을 반영한 신뢰도 높은 맞춤형 생활기록부를 자동 작성할 수 있다. 또한 학생에게는 자신의 활동이 객관적으로 기록되고, 지역·환경과 관계없이 공정한 기준이 적용된다.U+슈퍼스쿨은 고교학점제에 최적화해 분반으로 발생할 수 있는 출결관리의 어려움을 해결하고, 출석부·출결 신고서·체험학습 서류 등 출석 관련 모든 절차를 온라인으로 처리할 수 있게 했다. 신청부터 승인까지 온라인 비대면 결재를 통해 행정 처리가 원활해졌다. 기존 종이로 흩어져 있던 자료가 하나의 플랫폼에 자동으로 축적되면서 교사는 취합·누락 걱정 없이 학생 활동 이력 데이터를 효율적으로 관리하고 분석할 수 있다.U+슈퍼스쿨은 공공 클라우드 보안 인증 제도인 CSAP 구독형인프라서비스(IaaS) ‘중’ 등급 인증 인프라와 LG가 자체 개발한 국내 최고 수준의 초거대 언어모델 ‘엑사원’을 적용했다. 국가·지자체·학교 등 공공기관에서도 안심하고 사용할 수 있는 수준의 보안성을 갖춰 교사가 학생들의 민감정보 유출 걱정 없이 각종 업무를 처리할 수 있으며, 학생 데이터 관리 역시 안전하게 이뤄진다. 학교 데이터가 외부로 유출될 우려 없이 안전한 환경에서 AI 기능을 활용하도록 설계된 점이 특징이다.정영훈 LG유플러스 기업AI사업담당(상무)은 “U+슈퍼스쿨은 서류와 데이터를 자동으로 정리해 교사가 더 정밀하게 생활기록부를 작성할 수 있도록 돕는다”며 “AI 행정 지원을 통해 교사가 학생 지도와 수업에 집중할 수 있는 환경을 만들어 가도록 지원하겠다”고 말했다."
https://n.news.naver.com/mnews/article/421/0008632914?sid=105,2025-11-30 09:20:47,IT/과학,"LGU+, AI 통해 공교육 디지털전환 돕는 'U+슈퍼스쿨' 출시","(LGU+ 제공)/뉴스1(서울=뉴스1) 김정현 기자 = LG유플러스가 AI를 통해 공교육 현장의 디지털 전환을 지원하는 'U+슈퍼스쿨'로 교사 행정 관리 시장에 진출한다고 30일 밝혔다.U+슈퍼스쿨은 교사의 업무 효율을 혁신적으로 높이기 위해 AI 에이전트를 탑재한 차세대 학교 행정관리 설루션이다. 반복적이고 비효율적인 행정업무를 AI 기술로 효율화하는 것을 목표로 한다.U+슈퍼스쿨에 탑재된 AI 에이전트는 교사의 실제 행정 과정을 이해하고 돕는 데 초점을 맞췄다. U+슈퍼스쿨을 활용하면 교사는 누적된 학생 데이터를 기반으로 학업 성취도와 활동을 반영한 신뢰도 높은 맞춤형 생활기록부를 자동 작성할 수 있다. 학생의 활동이 객관적으로 기록되고, 지역·환경과 관계없이 공정한 기준이 적용된다.또 고교학점제에 최적화해 분반으로 발생할 수 있는 출결관리의 어려움을 해결하고, 출석부·출결 신고서·체험학습 서류 등 출석 관련 모든 절차를 온라인으로 처리할 수 있게 했다.U+슈퍼스쿨은 공공 클라우드 보안 인증 제도인 CSAP IaaS '중' 등급 인증 인프라와 LG가 자체 개발한 국내 최고 수준의 초거대 언어모델 엑사원(EXAONE)을 적용했다. 국가·지자체·학교 등 공공기관에서도 안심하고 사용할 수 있는 수준의 보안성도 갖췄다.정영훈 LG유플러스 기업AI사업담당(상무)은 ""AI 행정 지원을 통해 교사가 학생 지도와 수업에 집중할 수 있는 환경을 만들어 가도록 지원하겠다""고 말했다."
https://n.news.naver.com/mnews/article/003/0013629490?sid=105,2025-11-30 09:25:16,IT/과학,"LGU+, AI 기반 교사 행정 관리 서비스 'U+슈퍼스쿨' 출시","AI 에이전트 탑재한 차세대 학교 행정관리 솔루션LG 엑사원 기반…공공 클라우드 보안 CSAP IaaS '중' 등급[서울=뉴시스]LG유플러스가 AI를 통해 공교육 현장의 디지털 전환을 지원하는 ‘U+슈퍼스쿨’을 출시하며 교사 행정 관리 시장에 진출한다. (사진=LGU+ 제공) *재판매 및 DB 금지[서울=뉴시스]심지혜 기자 = LG유플러스는 인공지능(AI)을 통해 공교육 현장의 디지털 전환을 지원하는 ‘U+슈퍼스쿨’을 출시하며 교사 행정 관리 시장에 진출한다고 30일 밝혔다.U+슈퍼스쿨은 교사의 업무 효율을 혁신적으로 높이기 위해 AI 에이전트를 탑재한 차세대 학교 행정관리 솔루션이다.U+슈퍼스쿨에 탑재된 AI 에이전트는 교사의 실제 행정 과정을 이해하고 돕는 데 초점을 맞췄다. 교육현장에서 생활기록부 작성이 교사에게 가장 큰 행정 부담으로 꼽히는데, U+슈퍼스쿨을 활용하면 교사는 누적된 학생 데이터를 기반으로 학업 성취도와 활동을 반영한 신뢰도 높은 맞춤형 생활기록부를 자동 작성할 수 있다.U+슈퍼스쿨은 고교학점제에 최적화해 분반으로 발생할 수 있는 출결관리의 어려움을 해결하고, 출석부·출결 신고서·체험학습 서류 등 출석 관련 모든 절차를 온라인으로 처리할 수 있게 했다. 신청부터 승인까지 온라인 비대면 결재로 진행한다. 기존 종이로 흩어져 있던 자료가 하나의 플랫폼에 자동으로 축적되면서 교사는 취합·누락 걱정 없이 학생 활동 이력 데이터를 효율적으로 관리하고 분석할 수 있다고 LG유플러스 측은 설명했다.U+슈퍼스쿨은 공공 클라우드 보안 인증 제도인 CSAP 서비스형인프라(IaaS) ‘중’ 등급 인증 인프라와 LG가 자체 개발한 수준의 초거대 언어모델 ‘엑사원(EXAONE)’을 적용했다.LG유플러스 측은 국가·지자체·학교 등 공공기관에서도 안심하고 사용할 수 있는 수준의 보안성을 갖춰 교사가 학생들의 민감정보 유출 걱정 없이 각종 업무를 처리할 수 있으며, 학생 데이터 관리 역시 안전하게 이뤄진다고 강조했다.정영훈 LG유플러스 기업AI사업담당(상무)은 ""U+슈퍼스쿨은 서류와 데이터를 자동으로 정리해 교사가 더 정밀하게 생활기록부를 작성할 수 있도록 돕는다""며 ""AI 행정 지원을 통해 교사가 학생 지도와 수업에 집중할 수 있는 환경을 만들어 가도록 지원하겠다""고 말했다."
https://n.news.naver.com/mnews/article/092/0002400394?sid=105,2025-11-30 09:43:11,IT/과학,"교사 행정 부담 '싸악'…LGU+, AI 기반 'U+슈퍼스쿨' 출시",누적된 학생 데이터로 생활기록부 자동 작성…출결 관리 기능도 제공LG유플러스는 인공지능(AI)을 통해 공교육 현장의 디지털 전환을 지원하는 ‘U+슈퍼스쿨’을 출시하며 교사 행정 관리 시장에 진출한다고 30일 밝혔다.U+슈퍼스쿨은 AI 에이전트를 탑재해 교사의 업무 효율을 높이는 차세대 학교 행정관리 솔루션이다. 반복적이고 비효율적인 행정업무를 AI로 효율화함으로써 교사가 본연의 역할인 수업과 학생 지도에 집중할 수 있도록 지원하는 것이 목표다.특히 교육 현장에서 가장 큰 행정 부담으로 꼽히는 생활기록부 작성을 AI가 자동화한다. U+슈퍼스쿨은 누적된 학생 데이터를 기반으로 학업 성취도와 활동을 반영한 신뢰도 높은 맞춤형 생활기록부를 자동 작성해 교사의 업무를 대폭 경감시킨다. 이 과정에서 학생 활동이 객관적으로 기록되고 공정한 기준이 적용된다는 설명이다.또 고교학점제에 최적화된 출결 관리 기능을 제공해 분반 운영으로 발생할 수 있는 출결관리의 어려움을 해소한다. 출석부·출결 신고서·체험학습 서류 등 출석 관련 모든 절차는 온라인 비대면 결재 시스템을 통해 처리돼 행정 처리가 원활해진다. 기존 종이 서류로 흩어져 있던 자료가 하나의 플랫폼에 자동 축적돼 학생 활동 이력 데이터 관리 효율성도 높아진다.보안·기술력 측면에서는 공공 클라우드 보안 인증 제도인 CSAP IaaS ‘중’ 등급 인증 인프라와 LG가 자체 개발한 초거대 언어모델 ‘엑사원’이 적용됐다. 이를 통해 국가·지자체·학교 등 공공기관에서도 안심하고 사용할 수 있는 수준의 보안성을 확보했다. 학교 데이터가 외부로 유출될 우려 없이 안전한 환경에서 AI 기능을 활용할 수 있도록 설계된 것이 특징이다.정영훈 LG유플러스 기업AI사업담당은 “U+슈퍼스쿨은 서류·데이터를 자동으로 정리해 교사가 더 정밀하게 생활기록부를 작성할 수 있도록 돕는다”며 “AI 행정 지원을 통해 교사가 학생 지도·수업에 집중할 수 있는 환경을 만들어 가도록 지원하겠다”고 밝혔다.
https://n.news.naver.com/mnews/article/008/0005284970?sid=105,2025-11-30 09:47:20,IT/과학,"""AI로 학생 생활기록부 작성"" LGU+, 'U+슈퍼스쿨' 출시","/사진=LG유플러스LG유플러스는 AI로 공교육의 디지털 전환을 지원하는 'U+슈퍼스쿨'을 출시하며 교사 행정 관리 시장에 진출한다고 30일 밝혔다.U+슈퍼스쿨은 교사의 업무 효율을 높이기 위해 AI 에이전트를 탑재한 학교 행정관리 솔루션이다. 교사는 수업과 학생 지도에 집중할 수 있도록 반복적이고 비효율적인 행정업무는 AI로 효율화한다. 이를테면 교사는 누적된 학생 데이터를 기반으로 맞춤형 생활기록부를 자동 작성할 수 있다.U+슈퍼스쿨은 고교학점제에 최적화해 분반으로 인한 출결 관리 어려움을 해결하고, 출석부·출결 신고서·체험학습 서류 등 출석 관련 모든 절차를 온라인으로 처리할 수 있게 했다. 신청부터 승인까지 온라인 비대면 결재를 통해 행정 처리가 원활하다. 기존 종이로 흩어져 있던 자료가 하나의 플랫폼에 자동으로 축적돼 교사는 취합·누락 걱정 없이 학생 활동 이력 데이터를 효율적으로 관리하고 분석할 수 있다.U+슈퍼스쿨은 공공 클라우드 보안 인증 제도인 CSAP IaaS '중' 등급 인증 인프라와 LG가 자체 개발한 초거대 언어모델 '엑사원(EXAONE)'을 적용했다. 국가·지자체·학교 등 공공기관에서도 안심하고 사용할 수 있는 수준의 보안성을 갖춰 교사가 학생들의 민감정보 유출 걱정 없이 각종 업무를 처리할 수 있따는 설명이다.정영훈 LG유플러스 기업AI사업담당(상무)은 ""U+슈퍼스쿨은 서류와 데이터를 자동으로 정리해 교사가 더 정밀하게 생활기록부를 작성할 수 있도록 돕는다""며 ""AI 행정 지원을 통해 교사가 학생 지도와 수업에 집중할 수 있는 환경을 만들어 가도록 지원하겠다""고 말했다."
https://n.news.naver.com/mnews/article/029/0002996370?sid=105,2025-11-30 09:49:17,IT/과학,"“AI로 생기부 작성까지”… LGU+, ‘U+슈퍼스쿨’ 출시","AI 에이전트 기반 업무 보조 지원LG유플러스 관계자가 ‘U+슈퍼스쿨’ 서비스를 소개하고 있다. LG유플러스 제공LG유플러스는 인공지능(AI)을 통해 공교육 현장의 디지털 전환을 지원하는 ‘U+슈퍼스쿨’을 출시했다.U+슈퍼스쿨은 교사의 업무 효율을 높이기 위해 AI 에이전트를 탑재한 차세대 학교 행정관리 솔루션이다. 반복적이고 비효율적인 행정업무를 AI 기술로 효율화하는 것을 목표로 한다. 이를 통해 교사는 본연의 역할인 수업과 학생 지도에 집중할 수 있다.U+슈퍼스쿨에 탑재된 AI 에이전트는 교사의 실제 행정 과정을 이해하고 돕는 데 초점을 맞췄다. U+슈퍼스쿨을 활용하면 교사는 누적된 학생 데이터를 기반으로 학업 성취도와 활동을 반영한 맞춤형 생활기록부를 자동 작성할 수 있다. 또한 학생에게는 자신의 활동이 객관적으로 기록되고, 지역·환경과 관계없이 공정한 기준이 적용된다.U+슈퍼스쿨은 고교학점제에 최적화해 분반으로 발생할 수 있는 출결관리의 어려움을 해결하고, 출석부·출결 신고서·체험학습 서류 등 출석 관련 모든 절차를 온라인으로 처리할 수 있게 했다. 신청부터 승인까지 온라인 비대면 결재가 이뤄진다.U+슈퍼스쿨은 공공 클라우드 보안 인증 제도인 CSAP IaaS의 ‘중’ 등급 인증 인프라와 LG가 자체 개발한 초거대 언어모델 ‘엑사원’을 적용했다. 학교 데이터가 외부로 유출될 우려 없이 안전한 환경에서 AI 기능을 활용하도록 설계된 점이 특징이라고 회사 측은 설명했다.정영훈 LG유플러스 기업AI사업담당은 “AI 행정 지원을 통해 교사가 학생 지도와 수업에 집중할 수 있는 환경을 만들어 가도록 지원하겠다”고 말했다."
https://n.news.naver.com/mnews/article/029/0002996425?sid=105,2025-11-30 12:00:00,IT/과학,"과기정통부, 이동통신 주파수 재할당 공개설명회 개최",2.6㎓ 대역 대가 두고 SKT·LGU+ 이견연내 최종 재할당 방안 발표 계획과학기술정보통신부 로고. 과기정통부 제공과학기술정보통신부(과기정통부)가 내년 이용기한이 만료되는 3세대(3G)·LTE(4G) 주파수 재할당을 앞두고 이해관계자 의견수렴에 나선다.과기정통부는 내달 1일 오후 2시 서울 강남구 아이티스퀘어에서 ‘이동통신 주파수 재할당 세부 정책방안’ 공개설명회를 개최한다고 30일 밝혔다.앞서 과기정통부는 지난 6월 내년 이용기간이 종료되는 총 370메가헤르츠(㎒)폭의 주파수를 기존 통신사에 재할당하기로 결정하면서 연내 대역별 이용기간과 대가 등을 포함한 세부방안을 마련하겠다고 밝힌 바 있다.이번 설명회에서는 한국정보통신정책연구원(KISDI)의 이동통신 시장 현황과 재할당대가 산정 방향 발표와 과기정통부의 이동통신 주파수 재할당 세부 정책방안 발표 이후 학계·연구계·사업자·소비자 단체 등이 참여하는 토론이 진행된다.이번 재할당에서 가장 주목받는 대역은 2.6기가헤르츠(㎓)다. SK텔레콤은 동일한 대역임에도 단가가 두배 이상 차이 난다며 형평성 문제를 제기하고 있는 반면 LG유플러스는 사업자별 대역 활용도가 달라 경제적 가치 역시 다르다며 SK텔레콤의 주장에 반박하고 있다.과기정통부는 설명회에서 제시된 의견을 검토·반영해 연내 최종 재할당 방안을 발표할 계획이다.
https://n.news.naver.com/mnews/article/008/0005285004?sid=105,2025-11-30 12:00:00,IT/과학,"'주파수 재할당 방안' 내일 공개…""기존 경매가에 5G SA 투자시 할인""","과기정통부, 3G·LTE 주파수 재할당 방안 공개설명회가입자 감소 고려해 기준가격 낮추되, 5G SA 투자 할인과거 경매가 기준은 그대로…'동일상품·다른가격' 논란 계속될듯2026년 이용기간 종료되는 주파수, 2/그래픽=이지혜정부가 내년 이용기간이 만료되는 3G·LTE 주파수 재할당 방안을 내달 공개한다. 앞서 SK텔레콤은 LG유플러스와 동일한 2.6㎓(기가헤르츠) 주파수를 두 배 가격에 이용하고 있다며 정부에 ""과거 경매가가 아닌 현재 경제적 가치를 반영한 재할당 대가 인하""를 요구했다. 그러나 정부는 이번에도 과거 경매가 기준으로 주파수 재할당 대가를 산정하되, 5G SA 고도화와 연계해 할인율을 적용할 예정이다.30일 과학기술정보통신부는 12월1일 오후 2시 서울 강남구 아이티 스퀘어에서 '이동통신 주파수 재할당 세부 정책방안'을 공개한다. 내년 이용기간이 종료되는 3G·LTE 주파수 370㎒(메가헤르츠)의 대역별 이용 기간, 재할당 대가 등 세부 정책을 발표하고 산·학·연 및 소비자단체의 토의를 진행한다. 과기정통부는 이날 나온 의견을 검토해 연내 최종방안을 발표할 계획이다.주파수 대가란 이통사가 공공자원인 전파를 5~10년 단위로 빌려 쓰는 대신 정부에 내는 임대료다. 최초 할당 시엔 경매를 통해 가격이 결정되지만, 이미 보유한 주파수를 계속 쓰고자 할 땐 정부가 재할당 대가를 산정한다. 2021년 3G·LTE 주파수(290㎒) 재할당 당시 이통3사가 낸 대가는 3조1700원이다. 이통사는 5G 시대 3G·LTE 가입자가 감소한 만큼 이번 재할당 대가가 줄어들길 기대한다.과기정통부도 3G·LTE 가입자 감소를 고려해 기준 가격을 낮추고, 5G SA(Stand alone·단독모드) 투자에 따른 할인을 적용할 전망이다. 2021년에도 정부는 이통사가 5년간 5G 무선 기지국 12만개 구축시 재할당 대가를 27.5% 할인해줬다. AI 시대엔 △초저지연 △네트워크 슬라이싱 △대규모 단말 연결 △엣지 컴퓨팅 최적화가 가능한 5G SA가 필수인 만큼 재할당 대가 할인으로 이통사 투자를 이끈다는 목표다.━모호한 기준 문제…'산정방식 법제화' 화두 되나━다만 SKT가 문제 제기한 과거 경매가 기준 재할당 대가 산정은 이번에도 유지돼 논란이 지속될 전망이다.SKT와 LGU+는 2.6㎓ 대역에서 각각 60㎒, 40㎒를 보유하고 있지만 이용 대가는 차이가 크다. SKT는 2016년 경매에서 10년간 이용대가로 1조2777억원을 낸 반면, LGU+는 2013년 경매에서 4788억원에 낙찰받은 후 2021년 재할당에서 27.5% 할인율을 적용받았다. 최종 단가(총 금액/대역폭/연수)는 SKT가 21억3000만원으로 LGU+(10억9000만원)의 두 배 수준이다. 이에 SKT는 ""동일 주파수엔 같은 대가를 적용해야 한다""며 LGU+ 수준의 인하를 요구했다.그러나 정부의 산정기준이 유지되면서 SKT는 종전과 동일한 1조2777억원, LGU+는 4788억원을 기준으로 재할당 대가를 산정하게 됐다. 추가 할인을 받더라도 두 회사 간 재할당 대가 차이가 유지되는 셈이다. 한 업계 관계자는 ""최초 경매가격이 높다고 영원히 비싸게 사는 구조는 오히려 이통사의 최초 경매 참여 의지를 꺾을 수 있다""고 지적했다.대가 산정방식에 대한 모호한 기준과 정부의 주먹구구식 집행에 대한 지적도 잇따를 전망이다. 전파법 시행령에 따르면 주파수할당 대가는 예상·실제 매출액을 기준으로 산정하되, 과거 경매가도 고려할 수 있게 했다. 이에 과기정통부는 재할당 때마다 산정방식을 달리해 업계 혼란을 키웠다. 주파수 할당 대가 산정방식을 시행령으로 규정해 정부의 재량권이 과도하다는 비판도 나온다.또다른 업계 관계자는 ""주파수를 재할당하는 5~10년마다 불필요하게 당국과 업계가 갈등하고 마찰하는 상황이 발생한다""며 ""시행령이 아닌 전파법으로 주파수 할당 대가 산정방식을 정해 예측 가능성을 높여야 한다""고 지적했다. 단 산정방식을 법제화할 경우 빠르게 변화하는 통신 기술을 제때 반영할 수 없다는 우려도 나온다."
https://n.news.naver.com/mnews/article/382/0001239048?sid=105,2025-11-30 15:55:10,IT/과학,"LGU+, AI 기반 교사 행정 관리 서비스 출시","LG유플러스는 인공지능(AI)을 통해 공교육 현장의 디지털 전환을 지원하는 ‘U+슈퍼스쿨’(사진)을 출시했다. 교사의 업무 효율을 높이기 위해 AI 에이전트를 탑재한 차세대 학교 행정관리 솔루션이다.‘U+슈퍼스쿨’을 활용하면 교사는 누적된 학생 데이터를 기반으로 학업 성취도와 활동을 반영한 신뢰도 높은 맞춤형 생활기록부를 자동 작성할 수 있다. 학생에게는 자신의 활동이 객관적으로 기록되고, 지역·환경과 관계없이 공정한 기준이 적용된다.‘U+슈퍼스쿨’은 고교학점제에 최적화해 분반으로 발생할 수 있는 출결관리의 어려움을 해결하고, 출석부·출결 신고서·체험학습 서류 등 출석 관련 모든 절차를 온라인으로 처리할 수 있게 했다. 신청부터 승인까지 온라인 비대면 결재를 통해 행정 처리가 원활해졌다. 교사는 취합·누락 걱정 없이 학생 활동 이력 데이터를 효율적으로 관리하고 분석할 수 있다.‘U+슈퍼스쿨’은 공공 클라우드 보안 인증 제도인 CSAP IaaS ‘중’ 등급 인증 인프라와 LG가 자체 개발한 초거대 언어모델 ‘엑사원’을 적용했다.정영훈 LG유플러스 기업AI사업담당(상무)은 “AI 행정 지원을 통해 교사가 학생 지도와 수업에 집중할 수 있는 환경을 만들어 가도록 지원하겠다”고 말했다."
https://n.news.naver.com/mnews/article/468/0001198689?sid=101,2025-11-30 21:32:11,경제,"LGU+, AI 기반 교사 행정 관리 서비스 ‘U+슈퍼스쿨’ 출시…교육 본연에 집중","초·중·고 선생님 위한 학교 행정 업무 경감 솔루션고교학점제 운영지원 최적화AI 에이전트 적용…업무 보조 지원LG유플러스는 AI를 통해 공교육 현장의 디지털 전환을 지원하는 ‘U+슈퍼스쿨’을 출시했다. 사진 | LG유플러스[스포츠서울 | 표권향 기자] LG유플러스가 AI를 활용한 공교육 현장의 디지털 전환을 지원하는 ‘U+슈퍼스쿨’을 출시, 교사 행정 관리 시장에 선보인다고 밝혔다.U+슈퍼스쿨은 교사의 업무 효율을 혁신적으로 높이기 위해 AI 에이전트를 탑재한 차세대 학교 행정관리 솔루션이다. 반복적이고 비효율적인 행정업무를 AI 기술로 효율화하는 것을 목표로 한다.이를 통해 교사는 실제 행정 과정을 이해해 수업과 학생 지도에 집중할 수 있다. 누적된 학생 데이터를 바탕으로 학업 성취도와 활동을 반영한 신뢰도 높은 맞춤형 생활기록부를 자동 작성이 가능하다.또한 고교학점제에 최적화해 분반으로 발생할 수 있는 출결 관리의 어려움을 해결하고, 출석부·출결 신고서·체험 학습 서류 등 출석 관련 모든 절차를 온라인으로 처리할 수 있게 했다.더불어 신청부터 승인까지 온라인 비대면 결재를 통해 행정 처리가 원활해졌다. 기존 종이로 흩어져 있던 자료가 하나의 플랫폼에 자동으로 축적되면서 교사는 취합·누락 걱정 없이 학생 활동 이력 데이터를 효율적으로 관리하고 분석할 수 있다.U+슈퍼스쿨은 공공 클라우드 보안 인증 제도인 CSAP IaaS ‘중’ 등급 인증 인프라와 LG가 자체 개발한 국내 최고 수준의 초거대 언어모델 ‘엑사원(EXAONE)’을 적용했다. 국가·지자체·학교 등 공공기관에서도 안심하고 사용할 수 있는 수준의 보안성을 갖춰, 교사가 학생들의 민감정보 유출 걱정 없이 각종 업무를 처리할 수 있다. 또한 학생 데이터 관리 역시 안전하게 이뤄진다. 학교 데이터가 외부로 유출될 우려 없이 안전한 환경에서 AI 기능을 활용하도록 설계된 점이 특징이다.LG유플러스 정영훈 기업AI사업담당(상무)은 “U+슈퍼스쿨은 서류와 데이터를 자동으로 정리해 교사가 더 정밀하게 생활기록부를 작성할 수 있도록 돕는다”며 “AI 행정 지원을 통해 교사가 학생 지도와 수업에 집중할 수 있는 환경을 만들어 가도록 지원하겠다”고 말했다. gioia@sportsseoul.com"
https://n.news.naver.com/mnews/article/138/0002211095?sid=105,2025-11-30 22:35:07,IT/과학,LGU+ 홍범식號 두 번째 조직개편…AX 강화·CCO는 폐지,"네트워크 AX 조직 그룹장급으로…미디어로그 신임 대표에 송대원 CTOLG유플러스 홍범식 사장이 지난 23일 개최된 2분기 타운홀미팅에서 전사 전략 방향을 공유하고 있다.[ⓒLG유플러스][디지털데일리 강소현기자] LG유플러스가 최고경영자(CEO) 직속으로 전략·AX 담당을 배치한다. 이는 LG그룹 차원에서 진행 중인 인공지능 전환(AX) 기조와 궤를 같이 하는 조치로, AX 사업 실행 속도와 의사결정 민첩성을 끌어올리려는 의도로 해석된다.LG유플러스는 최근 이 같은 내용의 2026년 조직개편을 단행했다고 30일 밝혔다.이번 개편은 홍범식 사장 체제 아래 두 번째다. 홍 사장은 앞서 ‘그로쓰 리딩 AX 컴퍼니(Growth Leading AX Company)’라는 슬로건을 제시하고 컨슈머 부문 산하에 ‘AI Agent 추진그룹’을 신설해 B2C 기반의 AI 서비스·상품 개발을 추진해 왔다.올해 개편은 기존 전략 기조를 유지하면서 AX 실행력을 한층 강화하는 데 초점이 맞춰진 것으로 분석된다.AI컨택센터(AICC)·AI데이터센터(AIDC)·AI 통화 에이전트 ‘익시오(ixi-O)’ 등 미래 사업을 이끌어온 핵심 인재를 현 위치에 유지하면서도, CEO 직속으로 전략·AX 담당을 두며 조직적 뒷받침을 강화한 형태다.먼저, 최고기술책임자(CTO) 직속의 기존 ‘에이전트/플랫폼 개발랩’은 ‘AX테크플랫폼/AX서비스 개발랩’으로 명칭이 변경됐다. AX 관련 신사업 개발에 속도를 내겠다는 의지로 풀이된다.AX테크플랫폼개발그룹장은 이상엽 CTO가 겸직하고, AX서비스개발랩장은 정성권 현 IT·플랫폼빌드그룹장이 맡는다. 이번 개편에서 전무로 승진한 정 그룹장은 마이크로서비스아키텍처(MSA) 기반 기술 혁신을 주도해 온 인물로 평가된다.AIDC 등 이미 수익화가 이뤄지기 시작한 엔터프라이즈 부문은 권용현 부문장이 계속 이끈다. 이번 인사에서 부사장으로 승진한 권 부문장은 유무선 B2B 통신 사업을 총괄하며 AICC·AIDC 등 AI 기반 성장 사업을 주도해 온 만큼, AI 인프라 사업 확장에 무게를 둔 인사라는 분석이 뒤따른다.네트워크 AX 조직도 그룹장급 조직으로 신설된다. 이를 두고 AI 네트워크 고도화를 독립된 성장축으로 두려는 의지가 반영됐다는 해석이 나온다.대규모 조직이라 평가됐던 컨슈머 부문은 조직 효율화를 위해 크게 재정비됐다. 특히 최고콘텐츠책임자(CCO) 조직이 폐지되고, 관련 기능은 유관 부서로 이관된다. 이와 함께 자체 제작 스튜디오인 ‘STUDIO X+U’는 순차적으로 철수할 계획이다.한편 씨에스 원파트에는 문영순 씨에스원파트너 경영지원담당이 대표로 선임됐으며, 미디어로그 대표에는 송대원 CTO 기술개발그룹장이 신규 보임됐다."
