link,pubdate,category,title,body
https://n.news.naver.com/mnews/article/081/0003596764?sid=102,2025-12-01 05:04:24,사회,용산 AI 인재들 모여라…LGU+ 직무 탐방 기회,"4일까지 청년 취준생 25명 모집서울 용산구는 오는 9일 LG 유플러스와 함께 인공지능(AI) 분야 등에 관심 있는 청년 취업준비생을 대상으로 ‘우수기업 탐방 프로그램’(포스터)을 진행한다고 30일 밝혔다.이번 프로그램은 청년들이 실제 기업 환경을 경험하고 관련 직무에 대한 이해를 높일 수 있도록 돕고자 마련됐다.기업의 디지털 혁신 전략과 AI 기술 활용 사례, ESG(환경·사회·지배구조) 활동, 대외협력 과정 등에 대한 현직자의 직무 특강과 함께 LG 유플러스 본사 공간 견학을 진행할 예정이다.모집 인원은 총 25명이다. 지원 대상은 구에 살거나 구에서 활동하는 19세부터 39세 이하 청년 중 AI·데이터·소프트웨어 등 정보통신(IT) 관련 전공 대학생이거나 대외협력 분야 취업을 준비 중인 미취업 청년이다. 모집 기간은 4일까지다. 구청 누리집 또는 포스터 내 QR 코드를 통해 신청할 수 있다.박희영 용산구청장은 “정보통신기술 산업은 하루가 다르게 변화하고 있어, 현장에서 일하는 실무자의 관점과 직무 환경을 직접 경험해 보는 게 매우 중요하다”며 “이번 프로그램이 청년들에게 실질적인 진로 설계의 기회가 되길 바란다”고 말했다.﻿"
https://n.news.naver.com/mnews/article/015/0005218116?sid=101,2025-12-01 08:20:12,경제,"""통신3사, 배당소득 분리과세 요건 충족…LGU+ 안정적 선택지""-한국","사진=연합뉴스한국투자증권은 1일 SK텔레콤·KT·LG유플러스 등 이동통신 3사에 대해 ""배당소득 분리과세 요건을 충족하면서 다소 퇴색됐던 배당주 가치를 회복할 것""이라고 판단했다.이 증권사 김정찬 연구원은 ""배당소득 분리과세 관련 세제개편안 최종 기준에 이동통신 3사 모두 부합할 것""이라며 ""2025년 사업연도에 대한 결산배당부터 적용될 예정으로, 통신사는 올해 배당에 대해서도 분리과세 요건 충족이 가능하다""고 분석했다.앞서 국회 기획재정위원회는 지난달 30일 전체회의에서 조세특례제한법 일부개정법률안 등 예산 부수 법안 11건을 의결했다. 개편안에서는 배당소득 2000만원까지는 14%, 2000만원 초과∼3억원 이하는 20%, 3억원 초과∼50억원 이하 구간엔 25%의 분리과세 세율을 적용하고, 50억원 초과 구간을 신설해 최고 30% 세율을 부과하도록 했다.대상 기업은 배당성향 40% 이상 또는 배당성향 25% 및 전년 대비 배당액이 10% 이상 증가한 기업이다.김 연구원은 ""배당성향에 대한 회계기준은 확정되지 않았지만 보수적으로 연결기준으로 봐도 SK텔레콤과 LG유플러스의 배당성향은 각각 83%와 47%로 40% 이상 기준을 충족한다""고 설명했다.이어 ""KT는 2025년 일회성 NCP 부동산 분양 수익에도 불구하고 배당 정책 기준은 별도 조정 당기순이익이기 때문에 연결기준 배당성향이 32%에 그칠 것""이라며 ""하지만 배당액이 전년 대비 18% 증가할 것으로 예상돼 분리과세 적용 기업에 해당될 수 있다""고 판단했다.그러면서 ""올 4분기 예상 배당수익률은 결산배당 비중이 큰 LG유플러스가 2.7%, 분기배당을 하는 KT는 1.2%로 예상된다""며 ""SK텔레콤은 3분기에 이어 4분기에도 배당 지급 가능성이 불투명한 상황으로, 연말·연초에는 실적 불확실성이 적고 배당 매력이 높은 LG유플러스가 상대적으로 안정적인 선택지일 수 있다""고 짚었다."
https://n.news.naver.com/mnews/article/030/0003375552?sid=105,2025-12-01 08:28:15,IT/과학,"AI모빌리티 보안기업 아우토크립트, 자동차 해킹 대회 LISAthon 2025 우승","차량제조사 및 SW대기업 제치고 1, 2, 3위 석권…전문 기술기업 존재감 부각AI 모빌리티 보안 전문기업 아우토크립트(공동대표 이석우·김덕수)는 순천향대가 주최한 '2025 LISAthon(리사톤):모빌리티 컴피티션' 해킹대회에서 HL클레무브와 구성한 연합 팀이 기업 부문 우승을 차지하는 등 출전한 모든 팀이 1·2·3위를 석권했다고 밝혔다.이번 성과는 아우토크립트가 실제 주행 환경에서 다양한 사이버 위협에 대응할 수 있는 첨단 AI 모빌리티 보안 분야에서 압도적인 기술 우위를 보유하고 있음을 다시 한번 입증한 결과다.아우토크립트는 AI를 활용한 침입 탐지 및 이상행위 분석(IDPS) 기능과 함께 디지털 키(Digital Key), V2X, Plug&Charge(PnC) 등 커넥티드 모빌리티 보안 솔루션을 실제 주행 환경에 구현하는 기술력을 보유하고 있다. 다양한 보안 기술을 통합한 실전 대응 능력을 갖추고 있으며 단순 솔루션 제공을 넘어 실제 차량 환경에서 작동 가능한 첨단 보안 역량을 갖추고 있다.이번 해킹대회는 실제 주행 차량에서 수집된 데이터를 기반으로 참가자가 차량 내부 네트워크에 대한 공격을 수행하고 이를 실시간으로 분석해 방어 전략을 구현·개선하는 방식으로 운영된다. 실차 환경에서 취약점을 직접 찾아 대응 과정을 설계해야 하는 국내 유일의 실시간 워게임형 모빌리티 사이버보안 대회다.올해 대회에는 현대차, 네이버, LGU+, 넥슨, HL클레무브 등 주요 기업들뿐 아니라 KAIST·고려대·성균관대 등 전국 24개 대학에서 56개팀 130여명이 참가해 역대 가장 높은 경쟁률을 기록했으며 이 중 11개팀이 우수팀으로 선정됐다.기업 부문에서 아우토크립트-HL클레무브 연합팀이 우승을 차지했고 아우토크립트 1팀이 2위, 아우토크립트 2팀과 네이버 클라우드팀이 공동 3위에 오르는 등 아우토크립트 출전팀 모두가 상위권에 이름을 올렸다.이석우 아우토크립트 대표는 “AI 모빌리티 보안은 실전 대응력이 핵심이며 LISAthon은 이를 검증할 수 있는 가장 실효성 높은 대회”라며 “아우토크립트는 글로벌 무대에서 AI모빌리티 보안을 선도하는 기업으로서 기술 안전성과 발전 그리고 인재 생태계 조성을 위해 앞으로도 적극적으로 대회에 참여하고 협력하겠다”고 밝혔다."
https://n.news.naver.com/mnews/article/018/0006174866?sid=101,2025-12-01 08:42:12,경제,"코나아이 'MONA', 출시 2년 만에 10만 가입자...LGU+ 중소사업자 최단기록","[이데일리 신하연 기자] 글로벌 핀테크 기업 코나아이(052400)는 운영하는 알뜰폰 브랜드 ‘모나(MONA)’가 출시 약 2년 만에 누적 가입자 10만명을 돌파했다고 1일 밝혔다.모나는 2023년 5월 정식 서비스를 시작한 후, 2025년 10월 기준 누적 가입자 10만 명을 달성했다. 이는 LG U+와 제휴한 MVNO(알뜰폰) 중소사업자 중 가장 빠른 기록이다.코나아이는 당초 3년간 누적 가입자 약 6만 명을 목표로 사업을 시작했으나, 29개월 만에 목표 대비 156%를 초과 달성하며 빠른 성장세를 입증했다. 특히 2025년 상반기(1~6월) 신규 가입자 수에서 LG U+ MVNO 중소사업자 중 1위를 기록했다.MONA의 빠른 성장은 차별화된 요금제와 마케팅 전략에서 비롯됐다. 업계가 7개월 할인 요금제를 주력으로 내세울 때, MONA는 ‘평생 요금제’를 시장에 본격 도입했다.일반적인 알뜰폰 요금제는 7개월간 할인을 제공한 뒤 8개월차부터 요금이 급등하는 구조다. 이로 인해 7~8개월 시점에 고객 이탈률이 70~85%에 달한다. 반면 MONA는 처음부터 고정 요금을 제시하는 평생 요금제로 고객 신뢰를 확보했다.또한 선착순 1탄, 2탄, 3탄 방식의 위클리 요금제 출시로 ‘기대 심리’를 자극하며 커뮤니티 중심으로 빠르게 확산됐다. 주요 커뮤니티에서 회원들이 자발적으로 MONA의 멤버십 카드와 앱 편의성을 공유하며 입소문이 확대됐다.MONA의 또 다른 강점은 낮은 해지율이다. 업계 평균 해지율이 월 10% 이상인 것과 달리, MONA는 4~6% 수준을 유지하고 있다. 평생 요금제로 인한 가격 변동이 없어 고객 이탈이 적고, LG U+ 측에서도 안정적인 고객 기반을 높이 평가하고 있다.LG U+ 관계자는 “MONA는 출시 이후 가장 빠른 성장세를 보이는 파트너사 중 하나”라며 “특히 낮은 해지율과 안정적인 고객 유지율은 우수한 서비스 품질을 입증하는 지표로, 장기적으로 신뢰할 수 있는 협력 파트너”라고 말했다.MONA는 단순 통신 서비스를 넘어 제휴 기반의 생활 플랫폼으로 진화하고 있다. 현재 중앙일보(더중앙플러스), 이투스(교육), 카카오(이모티콘) 등과 제휴 요금제를 운영 중이다.오는 12월에는 캐나다 MVNO ‘폰박스(PhoneBox)’와 해외 제휴를 체결할 예정이다. 캐나다 워킹홀리데이·유학생 및 재외국민 약 4만 명을 대상으로, 캐나다 현지 요금제와 제휴 요금제로 한국 금융·인증 서비스 이용 시 필요한 전화번호를 유지하면서 해외 생활이 가능하도록 지원할 예정이다.홍현성 코나아이 MVNO 사업그룹 상무는 “MONA는 알뜰폰 업계 후발주자였지만 차별화된 전략과 고객 중심 서비스로 빠르게 성장할 수 있었다”며 “10만 가입자 달성은 안정 궤도 진입을 의미하며, 이를 기반으로 다양한 산업군과의 제휴를 확대해 나갈 것”이라고 전했다.이어 “2026년에는 제휴 채널 다변화를 통해 신규 고객을 확보하고, B2B 사업 모델을 본격화할 예정”이라고 덧붙였다.한편 MONA는 ‘모바일(MOBILE)+코나(KONA)’의 의미를 담은 코나아이의 알뜰폰 브랜드로, LG U+ 통신망을 기반으로 안전한 데이터 품질을 확보하고 있으며, 코나아이가 독자적으로 개발한 USIM OS를 이식한 것이 특징이다. 멤버십 카드와 전용 앱을 통해 번호 변경, 사용량 조회, 납부 방법 변경 등을 셀프로 처리할 수 있는 편의성으로 업계의 주목을 받고 있다."
https://n.news.naver.com/mnews/article/018/0006174872?sid=101,2025-12-01 08:44:14,경제,"아우토크립트, 자동차 해킹 대회 LISAthon 2025 우승","[이데일리 신하연 기자] AI 모빌리티 보안 전문기업 아우토크립트(331740)는 순천향대학교가 주최한 ‘2025 LISAthon(리사톤): 모빌리티 컴피티션’ 해킹대회에서 HL클레무브와 구성한 연합 팀이 기업 부문 우승을 차지하는 등 출전한 모든 팀이 1·2·3위를 석권했다고 28일 밝혔다.이번 성과는 아우토크립트가 실제 주행 환경에서의 다양한 사이버 위협에 대응할 수 있는 첨단 AI 모빌리티 보안 분야에서 압도적인 기술 우위를 보유하고 있음을 다시 한번 입증한 결과다.아우토크립트는 AI를 활용한 침입 탐지 및 이상행위 분석(IDPS) 기능과 함께 디지털 키(Digital Key), V2X, Plug&Charge(PnC) 등 커넥티드 모빌리티 보안 솔루션을 실제 주행 환경에 구현하는 기술력을 보유하고 있다.또한 다양한 보안 기술을 통합한 실전 대응 능력을 갖추고 있으며 단순 솔루션 제공을 넘어 실제 차량 환경에서 작동 가능한 첨단 보안 역량을 갖추고 있다. 이번 해킹대회는 실제 주행 차량에서 수집된 데이터를 기반으로 참가자가 차량 내부 네트워크에 대한 공격을 수행하고 이를 실시간으로 분석해 방어 전략을 구현·개선하는 방식으로 운영된다.실차 환경에서 취약점을 직접 찾아 대응 과정을 설계해야 하는 국내 유일의 실시간 워게임형 모빌리티 사이버보안 대회다. 올해 대회에는 현대차, 네이버, LGU+, 넥슨, HL클레무브 등 주요 기업들뿐 아니라 KAIST·고려대·성균관대 등 전국 24개 대학에서 56개팀 130여 이 참가해 역대 가장 높은 경쟁률을 기록했으며 이 중 11개 팀이 우수팀으로 선정됐다.기업 부문에서 아우토크립트–HL클레무브 연합팀이 우승을 차지했고 아우토크립트 1팀이 2위, 아우토크립트 2팀과 네이버 클라우드팀이 공동 3위에 오르는 등 아우토크립트 출전팀 모두가 상위권에 이름을 올렸다.이석우 아우토크립토 대표는 “AI 모빌리티 보안은 실전 대응력이 핵심이며 LISAthon은 이를 검증할 수 있는 가장 실효성 높은 대회”라며 “아우토크립트는 글로벌 무대에서 AI모빌리티 보안을 선도하는 기업으로서 기술 안전성과 발전 그리고 인재 생태계 조성을 위해 앞으로도 적극적으로 대회에 참여하고 협력하겠다”고 전했다."
https://n.news.naver.com/mnews/article/003/0013630786?sid=101,2025-12-01 09:00:00,경제,"LGU+, 내년 조직개편 단행…""상품·사업 조직 분리로 AX 성과 본격화""","LGU+, AX 사업 성과 확대·통신 본업 경쟁력 강화주요 사업 영역 상품·사업 조직 분리로 전문성↑유관 부서 유기적으로 움직이는 협업 체계 전환AI 워크 에이전트 적극 도입…단순 반복 업무↓[서울=뉴시스] LG유플러스 용산사옥 전경. (사진=LG유플러스 제공) *재판매 및 DB 금지[서울=뉴시스]박은비 기자 = LG유플러스가 인공지능전환(AX) 사업 성과 확대와 통신 본업 경쟁력 강화를 목표로 내년 조직개편을 단행했다고 1일 밝혔다. 시장 환경 변화와 고객 니즈에 민첩하게 민첩하게 대응하겠다는 전략이다.이번 개편 핵심은 전문성 강화와 유기적인 협업 체계 구축이다. 주요 사업 영역에서 상품 조직과 사업 조직을 분리해 전문성을 높이고, 상품을 중심으로 유관 부서들이 유기적으로 움직이는 '크로스 펑셔널(Cross-Functional)' 협업 체계로 전환할 방침이다.특히 핵심 사업 분야인 A는 사업 포트폴리오에 집중하는 '사업 조직'과 차별화된 상품 출시를 담당하는 '상품 조직'으로 분리된다.AX 사업을 기술적으로 지원하는 개발 조직도 전담 조직 형태로 재편된다. 최고기술책임자(CTO) 산하 개발조직은 사업과 핵심 목표를 공유하면서 서비스 개발 경쟁력을 개선할 방침이다. 이를 통해 개선된 서비스가 고객에게 제공되는 시간을 단축한다는 계획이다.모바일·홈으로 대표되는 통신 본업과 기업간거래(B2B) 유·무선 사업 영역에서도 상품 경쟁력 제고를 위한 체질 개선이 이뤄졌다. 모바일 사업의 디지털 전환을 가속화하기 위해 디지털 사업과 상품 조직을 분리하고, 가정용 인터넷과 인터넷TV(IPTV)로 대표되는 홈사업도 사업과 상품을 구분해 효율성을 높인다. B2B 분야에서도 클라우드 보안 등 주요 추진 신사업의 상품 기획 기능을 별도로 구성해 전문성을 강화했다.통신 본업의 경쟁력 기반이 되는 유·무선 네트워크 인프라의 운영 안정성을 높이기 위한 개편도 진행된다. 네트워크 인프라를 관장하는 네트워크(NW)부문 산하에는 NW AX그룹이 신설돼 글로벌 선도 수준의 네트워크 운영 체계를 구축할 계획이다.이밖에도 LG유플러스는 사업 전반에 걸친 체질 개선에 요구되는 조직 민첩성을 확보하기 위한 구조적 변화도 추진한다. 급변하는 경엉 환경에 유연하게 대응하기 위해 조직 구조를 슬림화하고, 역할이 중복되는 부서를 통합하는 '대팀제'로 바꾼다.아울러 사내 업무에 AI 워크 에이전트를 적극적으로 도입해 단순 반복 업무를 줄이고, 구성원들이 고객 관점에서 중요한 업무에 몰입할 수 있는 환경을 조성할 방침이다.이원희 LG유플러스 인사담당(상무)은 ""내년 조직개편은 AX 사업의 가시적인 성과 창출과 통신 본업의 견조한 성장을 달성하기 위한 중요한 전략적 포석""이라며 ""상품 전문성에 기반한 사업 추진 역량과 기민하게 협업하는 조직문화를 기반으로 시장 선도기업으로 거듭나겠다""고 말했다．"
https://n.news.naver.com/mnews/article/421/0008634185?sid=105,2025-12-01 09:00:00,IT/과학,"LGU+, 내년도 조직개편…AX 사업·상품 조직 분리","AX 성과 확대·통신 경쟁력 강화 기조 이어가LG유플러스 용산사옥 2020.08.24/뉴스1(서울=뉴스1) 이기범 기자 = LG유플러스(032640)가 AI 전환(AX) 성과 확대와 통신 본업 경쟁력 강화를 중심으로 한 2026년 조직 개편을 단행했다고 1일 밝혔다.이번 조직 개편은 지난해와 마찬가지로 AX 사업 수익화 기조를 이어갔다. 여기에 '전문성 강화'와 '유기적 협업 체계 구축'을 통한 AX 성과 확대를 목표로 했다. 주요 사업 영역에서 상품 조직과 사업 조직을 분리해 전문성을 높이고, 상품을 중심으로 유관 부서들이 유기적으로 움직이는 협업 체계로 전환할 방침이다.AX 부문은 사업 포트폴리오에 집중하는 '사업 조직'과 차별화된 상품 출시를 담당하는 '상품 조직'으로 분리된다. 또한, AX 사업을 기술적으로 지원하는 개발 조직도 주요 핵심 사업별 전담 조직 형태로 재편된다.모바일·홈으로 대표되는 통신 본업과 B2B 유·무선 사업 영역에서도 상품 경쟁력을 높이기 위한 개편이 이뤄졌다. 모바일 사업의 디지털 전환을 가속화하기 위해 디지털 사업과 상품 조직을 분리했고, 가정용 인터넷과 IPTV로 대표되는 홈사업도 사업과 상품을 구분해 효율성을 높였다. B2B 분야에서도 클라우드 보안 등 주요 추진 신사업의 상품 기획 기능을 별도로 구성해 전문성을 강화했다.또 네트워크 인프라를 관장하는 'NW부문' 산하에 'NW AX그룹'을 신설하는 등 통신 본업 경쟁력의 기반이 되는 유·무선 네트워크 인프라의 운영 안정성을 높이기 위한 개편도 진행된다.이울러 급변하는 경영 환경에 유연하게 대응하기 위해 조직 구조를 슬림화하고, 역할이 중복되는 부서를 통합하는 '대팀제'로 전환한다.이원희 LG유플러스 인사담당(상무)은 ""2026년 조직개편은 AX 사업의 가시적인 성과 창출과 통신 본업의 견조한 성장을 동시에 달성하기 위한 중요한 전략적 포석""이라며 ""상품 전문성에 기반한 사업 추진 역량과 기민하게 협업하는 조직문화를 기반으로 시장 선도기업으로 거듭나겠다""고 말했다."
https://n.news.naver.com/mnews/article/008/0005285197?sid=105,2025-12-01 09:00:00,IT/과학,"""상품·사업 조직 분리, AX 성과 본격화"" LGU+ 조직개편 단행","/사진=뉴스1LG유플러스가 AX(AI 전환) 사업 성과 확대와 통신 경쟁력 강화를 목표로 2026년 조직개편을 단행했다고 1일 밝혔다. 시장 환경의 변화와 고객 수요에 민첩하게 대응하고, 고객 가치에 집중해 상품 경쟁력을 극대화한다는 목표다.이번 조직개편의 핵심은 '전문성 강화'와 '유기적인 협업 체계 구축'이다. 주요 사업 영역에서 상품과 사업 조직을 분리해 전문성을 높이고, 상품을 중심으로 유관 부서들이 유기적으로 움직이는 '크로스 펑셔널'(Cross-Functional) 협업 체계로 전환한다.핵심 사업 분야인 AX는 사업 포트폴리오에 집중하는 '사업 조직'과 차별화된 상품 출시를 담당하는 '상품 조직'으로 분리된다. AX 사업을 기술적으로 지원하는 개발 조직도 주요 핵심 사업별 전담 조직 형태로 재편된다. CTO(최고기술책임자) 산하 개발 조직은 사업과 핵심 목표를 공유하며 서비스 개발 경쟁력을 개선한다. 이를 통해 서비스가 고객에게 제공되는 시간을 단축한다는 계획이다.모바일·홈으로 대표되는 통신 본업과 B2B(기업간거래) 유·무선 사업 영역에서도 상품 경쟁력 제고를 위한 체질 개선이 이뤄졌다. 모바일 사업의 디지털 전환을 가속화하기 위해 디지털 사업과 상품 조직을 분리했고, 가정용 인터넷과 IPTV로 대표되는 홈사업도 사업과 상품을 구분해 효율성을 높였다. B2B 분야에서도 클라우드 보안 등 주요 추진 신사업의 상품 기획 기능을 별도로 구성해 전문성을 강화했다.통신 경쟁력의 기반이 되는 유·무선 네트워크 인프라의 운영 안정성을 높이기 위한 개편도 진행된다. 네트워크 인프라를 관장하는 'NW부문' 산하에는 'NW AX그룹'이 신설돼 글로벌 선도 수준의 네트워크 운영 체계를 구축할 계획이다.LG유플러스는 급변하는 경영 환경에 유연하게 대응하기 위해 조직 구조를 슬림화하고, 역할이 중복되는 부서를 통합하는 '대팀제'로 전환한다. 또 사내 업무에 AI 워크 에이전트를 적극 도입해 단순 반복 업무를 줄이고, 구성원들이 고객 관점에서 중요 업무에 몰입할 수 있는 환경을 조성한다.이원희 LG유플러스 인사담당(상무)은 ""이번 조직개편은 AX 사업의 가시적인 성과 창출과 통신 본업의 견조한 성장을 동시에 달성하기 위한 포석""이라며 ""상품 전문성에 기반한 사업 추진 역량과 기민하게 협업하는 조직문화를 기반으로 선도기업으로 거듭나겠다""고 말했다."
https://n.news.naver.com/mnews/article/001/0015770476?sid=101,2025-12-01 09:00:01,경제,LGU+ 조직개편…AX 전담 분리로 사업 강화,"상품·사업 조직 분리해 전문성·속도 제고NW AX그룹 신설…네트워크 운영 고도화[연합뉴스 자료사진](서울=연합뉴스) 박형빈 기자 = LG유플러스는 인공지능 전환(AX) 사업의 성과 확대와 통신업 경쟁력 강화를 목표로 조직개편을 단행했다고 1일 밝혔다.이번 개편의 핵심은 '전문성 강화'와 '유기적 협업 체계'를 두 축으로, 주요 사업 영역에서 상품·사업 조직을 분리해 전문성을 높이는 대신 협력을 강화했다.핵심 사업 분야인 AX도 조직을 분리해 사업 포트폴리오와 상품 출시에 각각 집중할 예정이다. AX 사업을 기술적으로 지원하는 개발 조직도 주요 핵심 사업별 전담 조직 형태로 재편된다.통신 본업과 B2B 유·무선 사업 영역에서도 모바일 사업의 디지털 전환을 가속하기 위해 디지털 사업과 상품 조직을 분리했고, 가정용 인터넷과 IPTV로 대표되는 홈사업도 사업과 상품을 구분해 효율성을 높였다.B2B 분야에서도 클라우드 보안 등 주요 추진 신사업의 상품 기획 기능을 별도로 구성해 전문성을 강화했다.유무선 네트워크 인프라 운영 안정성을 높이기 위해 NW부문 산하에 'NW AX그룹'이 신설돼 글로벌 선도 수준의 네트워크 운영 체계를 구축할 계획이다.이 밖에도 경영 환경에 유연하게 대응하기 위해 조직을 슬림화하고, 역할이 중복되는 부서는 '대팀제'로 통합한다.사내 업무에는 'AI 워크 에이전트'를 적극적으로 도입해 단순 반복 업무를 줄이고, 구성원들이 고객 관점에서 중요한 업무에 몰입할 수 있는 환경을 조성할 방침이다.LG유플러스 이원희 인사담당(상무)은 ""2026년 조직개편은 AX 사업의 가시적인 성과 창출과 통신 본업의 견조한 성장을 동시에 달성하기 위한 중요한 전략적 포석""이라며 ""상품 전문성에 기반한 사업 추진 역량과 기민하게 협업하는 조직문화를 기반으로 시장 선도기업으로 거듭나겠다""고 밝혔다.binzz@yna.co.kr"
https://n.news.naver.com/mnews/article/119/0003031467?sid=105,2025-12-01 09:00:12,IT/과학,"LGU+, 상품·사업 이원화…크로스 펑셔널 조직 전환","AX 핵심 사업별 ‘상품 기획 조직’ 분리‘상품’ 중심으로 협업하는 ‘크로스 펑셔널’ 체계 전환LG유플러스 용산 사옥 전경ⓒLG유플러스[데일리안 = 조인영 기자] LG유플러스가 AX(AI전환) 사업의 성과 확대와 통신 본업의 경쟁력 강화를 목표로 2026년 조직개편을 단행했다. 시장 환경의 변화와 고객 니즈에 보다 민첩하게 대응하고, 고객 가치에 집중해 상품 경쟁력을 극대화하겠다는 계획이다.1일 LG유플러스에 따르면 이번 개편의 핵심은 ‘전문성 강화’와 ‘유기적인 협업 체계 구축’이다.주요 사업 영역에서 상품 조직과 사업 조직을 분리해 전문성을 높이고, 상품을 중심으로 유관 부서들이 유기적으로 움직이는 ‘크로스 펑셔널(Cross-Functional)’ 협업 체계로 전환할 방침이다.핵심 사업 분야인 AX는 사업 포트폴리오에 집중하는 '사업 조직'과 차별화된 상품 출시를 담당하는 '상품 조직'으로 분리된다.AX 사업을 기술적으로 지원하는 개발 조직도 주요 핵심 사업별 전담 조직 형태로 재편된다. CTO 산하 개발조직은 사업과 핵심 목표를 공유하며 서비스 개발의 경쟁력을 개선할 방침이다. 이를 통해 개선된 서비스가 고객에게 제공되는 시간을 단축한다는 계획이다.모바일·홈으로 대표되는 통신 본업과 B2B 유·무선 사업 영역에서도 ‘상품 경쟁력 제고’를 위한 체질 개선이 이뤄졌다. 모바일 사업의 디지털 전환을 가속화하기 위해 디지털 사업과 상품 조직을 분리했고, 가정용 인터넷과 IPTV로 대표되는 홈사업도 사업과 상품을 구분해 효율성을 높였다.B2B 분야에서도 클라우드 보안 등 주요 추진 신사업의 상품 기획 기능을 별도로 구성해 전문성을 강화했다.통신 본업의 경쟁력의 기반이 되는 유·무선 네트워크 인프라의 운영 안정성을 높이기 위한 개편도 진행된다. 네트워크 인프라를 관장하는 ‘NW부문’ 산하에는 ‘NW AX그룹’이 신설돼 글로벌 선도 수준의 네트워크 운영 체계를 구축할 계획이다.이밖에도 LG유플러스는 사업 전반에 걸친 체질 개선에 요구되는 조직의 민첩성을 확보하기 위한 구조적 변화도 추진한다. 급변하는 경영 환경에 유연하게 대응하기 위해 조직 구조를 슬림화하고, 역할이 중복되는 부서를 통합하는 ‘대팀제’로 전환한다.또한, 사내 업무에 ‘AI 워크 에이전트’를 적극적으로 도입해 단순 반복 업무를 줄이고, 구성원들이 고객 관점에서 중요한 업무에 몰입할 수 있는 환경을 조성할 방침이다.이원희 LG유플러스 인사담당(상무)은 “2026년 조직개편은 AX 사업의 가시적인 성과 창출과 통신 본업의 견조한 성장을 동시에 달성하기 위한 중요한 전략적 포석”이라며 “상품 전문성에 기반한 사업 추진 역량과 기민하게 협업하는 조직문화를 기반으로 시장 선도기업으로 거듭나겠다”고 밝혔다."
https://n.news.naver.com/mnews/article/014/0005442038?sid=105,2025-12-01 09:01:14,IT/과학,"""상품·사업 조직 분리해 AX 성과"" LG U+, 2026년 조직개편 단행","LG유플러스 용산사옥 전경. LG유플러스 제공[파이낸셜뉴스] LG유플러스는 인공지능 전환(AX) 사업의 성과 확대와 통신 본업의 경쟁력 강화를 목표로 2026년 조직개편을 단행했다고 1일 밝혔다. 시장 환경의 변화와 고객 니즈에 보다 민첩하게 대응하고, 고객 가치에 집중해 상품 경쟁력을 극대화하기 위한 전략적 포석이다.이번 개편의 핵심은 ‘전문성 강화’와 ‘유기적인 협업 체계 구축’이다. 주요 사업 영역에서 상품 조직과 사업 조직을 분리해 전문성을 높이고, 상품을 중심으로 유관 부서들이 유기적으로 움직이는 ‘크로스 펑셔널’ 협업 체계로 전환할 방침이다.특히 핵심 사업 분야인 AX는 사업 포트폴리오에 집중하는 '사업 조직'과 차별화된 상품 출시를 담당하는 '상품 조직'으로 분리된다. 또 AX 사업을 기술적으로 지원하는 개발 조직도 주요 핵심 사업별 전담 조직 형태로 재편된다. 최고기술책임자(CTO) 산하 개발조직은 사업과 핵심 목표를 공유하며 서비스 개발의 경쟁력을 개선할 방침이다. 이를 통해 개선된 서비스가 고객에게 제공되는 시간을 단축한다는 계획이다.모바일·홈으로 대표되는 통신 본업과 B2B 유·무선 사업 영역에서도 ‘상품 경쟁력 제고’를 위한 체질 개선이 이뤄졌다. 모바일 사업의 디지털 전환을 가속화하기 위해 디지털 사업과 상품 조직을 분리했고, 가정용 인터넷과 IPTV로 대표되는 홈사업도 사업과 상품을 구분해 효율성을 높였다. B2B 분야에서도 클라우드 보안 등 주요 추진 신사업의 상품 기획 기능을 별도로 구성해 전문성을 강화했다.통신 본업의 경쟁력의 기반이 되는 유·무선 네트워크 인프라의 운영 안정성을 높이기 위한 개편도 진행된다. 네트워크 인프라를 관장하는 ‘NW부문’ 산하에는 ‘NW AX그룹’이 신설돼 글로벌 선도 수준의 네트워크 운영 체계를 구축할 계획이다.이밖에도 LG유플러스는 사업 전반에 걸친 체질 개선에 요구되는 조직의 민첩성을 확보하기 위한 구조적 변화도 추진한다. 급변하는 경영 환경에 유연하게 대응하기 위해 조직 구조를 슬림화하고, 역할이 중복되는 부서를 통합하는 ‘대팀제’로 전환한다. 또 사내 업무에 ‘AI 워크 에이전트’를 적극적으로 도입하여 단순 반복 업무를 줄이고, 구성원들이 고객 관점에서 중요한 업무에 몰입할 수 있는 환경을 조성할 방침이다.LG유플러스 이원희 인사담당(상무)은 “2026년 조직개편은 AX 사업의 가시적인 성과 창출과 통신 본업의 견조한 성장을 동시에 달성하기 위한 중요한 전략적 포석”이라며 “상품 전문성에 기반한 사업 추진 역량과 기민하게 협업하는 조직문화를 기반으로 시장 선도기업으로 거듭나겠다”고 말했다."
https://n.news.naver.com/mnews/article/030/0003375562?sid=105,2025-12-01 09:03:12,IT/과학,"LGU+, AX 성과 중심 조직개편 단행…상품·사업 조직 분리","LG유플러스 용산사옥LG유플러스가 인공지능 전환(AX) 사업 성과 확대와 통신 본업 경쟁력 강화를 위한 조직개편을 단행했다. 시장 환경 변화와 고객 요구에 보다 민첩하게 대응하고, 고객 가치에 집중해 상품 경쟁력을 극대화하기 위한 전략적 포석이다.이번 개편의 핵심은 '전문성 강화'와 '유기적 협업 체계 구축'이다. 주요 사업 영역에서 상품 조직과 사업 조직을 분리해 전문성을 높이고, 상품을 중심으로 유관 부서들이 유기적으로 움직이는 '크로스 펑셔널' 협업 체계로 전환할 방침이다.특히 핵심 사업 분야인 AX는 사업 포트폴리오에 집중하는 '사업 조직'과 차별화된 상품 출시를 담당하는 '상품 조직'으로 분리된다. 또한 AX 사업을 기술적으로 지원하는 개발 조직도 주요 핵심 사업별 전담 조직 형태로 재편된다.최고기술책임자(CTO) 산하 개발조직은 사업과 핵심 목표를 공유하며 서비스 개발의 경쟁력을 개선할 방침이다. 이를 통해 개선된 서비스가 고객에게 제공되는 시간을 단축한다는 계획이다.모바일·홈으로 대표되는 통신 본업과 기업용(B2B) 유·무선 사업 영역에서도 상품 경쟁력 제고를 위한 체질 개선이 이뤄졌다. 모바일 사업의 디지털 전환을 가속화하기 위해 디지털 사업과 상품 조직을 분리했고, 가정용 인터넷과 IPTV로 대표되는 홈사업도 사업과 상품을 구분해 효율성을 높였다. B2B 분야에서도 클라우드 보안 등 주요 추진 신사업의 상품 기획 기능을 별도로 구성해 전문성을 강화했다.통신 본업의 경쟁력의 기반이 되는 유·무선 네트워크 인프라의 운영 안정성을 높이기 위한 개편도 진행된다. 네트워크 인프라를 관장하는 'NW부문' 산하에는 'NW AX그룹'이 신설돼 글로벌 선도 수준의 네트워크 운영 체계를 구축할 계획이다.이밖에도 LG유플러스는 사업 전반에 걸친 체질 개선에 요구되는 조직의 민첩성을 확보하기 위한 구조적 변화도 추진한다. 급변하는 경영 환경에 유연하게 대응하기 위해 조직 구조를 슬림화하고, 역할이 중복되는 부서를 통합하는 '대팀제'로 전환한다.또한 사내 업무에 'AI 워크 에이전트'를 적극적으로 도입하여 단순 반복 업무를 줄이고, 구성원들이 고객 관점에서 중요한 업무에 몰입할 수 있는 환경을 조성할 방침이다.이원희 LG유플러스 인사담당(상무)은 “2026년 조직개편은 AX 사업의 가시적인 성과 창출과 통신 본업의 견조한 성장을 동시에 달성하기 위한 중요한 전략적 포석”이라며 “상품 전문성에 기반한 사업 추진 역량과 기민하게 협업하는 조직문화를 기반으로 시장 선도기업으로 거듭나겠다”고 밝혔다."
https://n.news.naver.com/mnews/article/138/0002211103?sid=105,2025-12-01 09:12:09,IT/과학,“IP사업 쉽지 않네”...LGU+ 콘텐츠 힘빼고 ‘선택집중’ 기로,"[ⓒ 스튜디오X+U 홈페이지 갈무리][디지털데일리 오병훈기자] LG유플러스가 인공지능(AI) 중심 조직개편에 속도를 내면서 비핵심 사업 정리 행보를 이어가고 있다. 한때 분사 가능성까지 제기됐던 자제 콘텐츠 제작 조직도 정리 대상으로 거론되고 있다.1일 관련업계에 따르면 LG유플러스는 최근 내부 방침을 통해 조직 개편을 통한 콘텐츠 자체제작 조직 ‘스튜디오엑스 플러스유(STUDIO X+U, 이하 스튜디오엑스)’ 철수를 결정한 것으로 알려졌다. 콘텐츠 수익 불확실성과 AI 중심 사업 조직 재편에 따른 것으로 풀이된다.◆‘황금알 낳는 거위’인 줄 알았는데…IP사업 쉽지 않네스튜디오엑스는 지난 2022년 LG유플러스가 새 먹거리로 ‘콘텐츠 사업’을 낙점하면서 출범한 자체 콘텐츠 제작 조직이다. 당시 LG유플러스는 2022년 1월 CJ ENM 미디어 콘텐츠부문 대표를 지낸 이덕재 최고콘텐츠책임자(COO)를 영입하면서 본격적인 확장을 시작했다. 같은해 10월에는 스튜디오엑스를 출범, 콘텐츠 기획부터 제작·연출·유통·포맷화·공급망·제휴까지 IP사업 전반에 활동을 전개하겠다는 계획을 밝혔다.당시 시장 상황을 되짚어보면 K-콘텐츠 열풍 불고 난 이후 업계 관심이 IP 사업으로 집중되기 시작한 시점이었다. 글로벌 온라인동영상서비스(OTT) 넷플릭스가 ‘오징어게임 시즌1’을 선보이고 글로벌 IP 시장에서 막대한 수익을 내기 시작했다. 이후 K-콘텐츠 제작 투자도 확대되면서 관련 시장 가능성을 눈여겨 보는 기업도 많아졌다.통신사들도 앞다퉈 IP사업 확장을 시도했다. SK텔레콤은 직접적으로 투자를 하지는 않았지만 같은 그룹사 SK스퀘어가 2021년 OTT 플랫폼 웨이브를 출범시켰다. KT 역시 콘텐츠 사업을 강화하기 위해 비슷한 시기인 2021년 1월 당시 현대HCN을 인수해 ENA 채널을 선보였다.이런 흐름 속에서 LG유플러스는 스튜디오엑스를 통해 지난 3년간 꾸준히 자체 제작 라인업을 공개했다. 드라마 15편, 예능 24편 등 시장 내 인기 장르에 집중한 라인업으로 입지를 다지는데 집중했다. 첫 자체제작 드라마 ‘하이쿠키’는 넷플릭스에서 국내 인기 2위 자리에 올랐으며 ‘선의의 경쟁’은 LG유플러스 IPTV와 U+모바일에서 최다 시청 건수를 기록했다.하지만 IP 사업은 녹록치 않았다. 이미 콘텐츠 유통망 주도권이 넷플릭스 등 글로벌 OTT로 넘어간 상황이기 때문이다. LG유플러스에서도 자체 OTT ‘U+모바일tv’를 선보이며 승부수를 띄웠지만 가입자 수 확보에 어려움을 겪고 있다. 또 가입자 감소 추세를 보면 LG유플러스로 고객을 붙잡아두는 록인효과(Lock-in) 효과도 줄어들고 있는 것으로 해석될 수 있다.빅데이터 분석 플랫폼 모바일인덱스에 따르면 U+모바일tv 월간활성이용자수(MAU)는 지난 2022년 1월 173만8783명을 기록했다. 다음해인 2023년 1월에는 137만7907명으로, 그 다음해인 1월에는 124만3678명까지 떨어졌다. 올해 1월 기준으로는 108만1399명 수준까지 하락했다.국내 콘텐츠 제작비도 날로 높아지는 상황이다. 글로벌 OTT의 국내 콘텐츠 제작투자 확대 및 인건비 상승으로 제작비가 지속 증가하고 있다는 분석이다. 결과적으로 비용은 늘었지만 매출 확대는 쉽지 않은 상황이 지속되고 있는 셈이다.콘텐츠 업계 관계자는 “국내 대표 콘텐츠 제작 사업자인 CJ ENM도 고전을 면치 못하고 있는 상황”이라며 “다양한 기업에서 주도적으로 IP 사업을 이끌고 싶어했지만 현실적으로 유의미한 성과를 내고 있는 곳은 많지 않다”고 분석했다.◆‘경영효율’ 방점 홍범식 체제…불투명한 수익성은 정리 대상그러던 중 지난 2024년 11월 LG유플러스는 홍범식 사장을 새 수장으로 맞았다. 홍 대표는 LG그룹에서 경영전략부문장을 지낸 인물이다. LG그룹에서 사업구조 개편을 주로 담당해 ‘경영효율’ 전문가로 이름을 알렸다. 사업 확장보다는 내실 다지기에 특화된 인사라는 평가다.홍 사장 선임을 두고 업계 안팎에서는 이미 콘텐츠 사업을 포함한 각종 비핵심 사업 정리가 본격화 될 것이라는 분석이 이어졌다. 실제로 취임 직후 신사업 발굴 조직 ‘인피니스타’와 아동 콘텐츠 플랫폼 ‘아이들나라’가 CEO 직속에서 컨슈머 부문 산하로 이관됐다.이후 인공지능(AI) 사업을 중심으로 한 ‘선택과 집중’ 행보에 속도가 붙었다. AI 에이전트 플랫폼 ‘익시오(ixi-O)’와 AI콘택트센터(AICC) 중심 사업이 탄력을 받았다. 인건비 절감차원에서 3년만에 대대적인 희망퇴직도 단행했다.최근 임원 인사에서도 AI에 집중하겠다는 의지를 분명히 했다. 유무선 기업 간 거래(B2B) 통신 사업을 총괄하면서 AICC, 인공지능데이터센터(AIDC) 등 AI 성장을 이끌고 있는 권용현 현 기업부문장은 부사장으로 승진했다.이처럼 홍 사장이 취임 이후 1년간 AI 중심 효율경영 방침을 강조해온 탓에 업계에서는 이번 스튜디오엑스 철수도 어느 정도 예견된 수순이라는 평가가 나온다. ‘하이 리스크 하이 리턴’ 성격이 짙은 콘텐츠 자체 제작 사업은 경영 효율 관점에서 정리 대상이 될 수밖에 없다는 분석이다. 이곳에서 아낀 사업 재원은 곧 AI 중심 신사업에 투입될 것으로 분석된다.통신 업계 관계자는 “LG유플러스는 홍 사장 취임 이후 줄곧 비핵심 사업 정리 가능성을 시사한 바 있다”며 “기존 사업을 정리하고 핵심 사업인 통신 수익 안정화에 집중하는 한편 신사업 역량을 ‘AI B2B 사업’ 한점으로 모으고 있는 상황”이라고 분석했다."
https://n.news.naver.com/mnews/article/629/0000448648?sid=105,2025-12-01 09:17:14,IT/과학,"LGU+, 연말 조직개편 단행… 'AX 전문성' 승부수","기획·개발 분업화, 협업 체계 구축본업 경쟁력 강화·신사업 속도전LG유플러스가 통신 본업의 경쟁력 강화를 목표로 2026년 조직개편을 단행했다. /더팩트 DB[더팩트｜우지수 기자] LG유플러스는 AX(인공지능 전환) 사업의 성과 확대와 통신 본업의 경쟁력 강화를 목표로 2026년 조직개편을 단행했다고 1일 밝혔다.LG유플러스에 따르면 조직개편의 핵심은 '전문성 강화'와 '유기적인 협업 체계 구축'이다. 회사는 주요 사업 영역에서 상품 조직과 사업 조직을 분리해 각 영역의 전문성을 높인다. 상품을 중심으로 유관 부서들이 긴밀히 움직이는 '크로스 펑셔널(Cross-Functional)' 협업 체계로 전환할 방침이다.특히 핵심 전략인 AX 분야의 구조적 변화가 이뤄졌다. AX 사업은 포트폴리오 관리에 집중하는 '사업 조직'과 차별화된 서비스를 담당하는 '상품 조직'으로 이원화된다. 기술 지원을 맡는 개발 조직 역시 핵심 사업별 전담 조직 형태로 재편된다. CTO 산하 개발 조직이 사업 목표를 공유하며 서비스 개발 속도를 높여 고객 제공 시간을 단축한다는 구상이다.통신 본업인 모바일·홈 사업과 B2B 영역도 체질 개선에 나섰다. 모바일 부문은 디지털 전환 가속화를 위해 디지털 사업과 상품 조직을 분리했으며 홈 사업(인터넷·IPTV) 역시 사업과 상품 기능을 구분해 효율성을 높였다. B2B 분야에서는 클라우드 보안 등 주요 신사업의 상품 기획 기능을 별도로 구성해 전문성을 강화했다.네트워크 인프라 부문은 운영 안정성 강화에 초점을 맞췄다. 네트워크를 관장하는 NW부문 산하에 'NW AX그룹'을 신설해 글로벌 수준의 네트워크 운영 체계를 구축할 계획이다.조직 운영 효율성을 높이기 위한 변화도 추진한다. 의사결정 속도를 높이기 위해 조직 구조를 슬림화하고 역할이 중복되는 부서를 통합하는 '대팀제'를 도입한다. 또한 사내 업무에 'AI 워크 에이전트'를 적극 도입해 단순 반복 업무를 줄이고 구성원들이 핵심 업무에 집중할 수 있는 환경을 조성할 예정이다.이원희 LG유플러스 인사담당 상무는 ""2026년 조직개편은 AX 사업의 가시적인 성과 창출과 통신 본업의 견조한 성장을 동시에 달성하기 위한 전략적 선택""이라며 ""상품 전문성과 기민한 협업 문화를 기반으로 시장 선도기업으로 거듭나겠다""고 말했다.발로 뛰는 더팩트는 24시간 여러분의 제보를 기다립니다.▶카카오톡: '더팩트제보' 검색▶이메일: jebo@tf.co.kr▶뉴스 홈페이지: http://talk.tf.co.kr/bbs/report/write"
https://n.news.naver.com/mnews/article/092/0002400458?sid=105,2025-12-01 09:36:11,IT/과학,"LGU+, 상품·사업 조직 분리...AX 성과 확대 목표","2026년 조직개편, 상품 경쟁력 극대화 추진LG유플러스가 AX 사업 성과 확대와 통신 본업의 경쟁력 강화를 목표로 2026년 조직개편을 단행했다. 시장 환경의 변화와 고객 니즈에 보다 민첩하게 대응하고, 고객 가치에 집중해 상품 경쟁력을 극대화하기 위한 목표다.개편의 핵심은 ‘전문성 강화’와 ‘유기적인 협업 체계 구축’이다. 주요 사업 영역에서 상품 조직과 사업 조직을 분리해 전문성을 높이고, 상품을 중심으로 유관 부서들이 유기적으로 움직이는 ‘크로스 펑셔널’ 협업 체계로 전환한다.특히 핵심 사업 분야인 AX는 사업 포트폴리오에 집중하는 '사업 조직'과 차별화된 상품 출시를 담당하는 '상품 조직'으로 분리된다. AX 사업을 기술적으로 지원하는 개발 조직도 주요 핵심 사업별 전담 조직 형태로 재편된다. CTO 산하 개발조직은 사업과 핵심 목표를 공유하며 서비스 개발의 경쟁력을 개선할 방침이다. 이를 통해 개선된 서비스가 고객에게 제공되는 시간을 단축한다는 계획이다.통신 본업과 B2B 유무선 사업 영역에서도 ‘상품 경쟁력 제고’를 위한 체질 개선이 이뤄졌다. 모바일 사업의 디지털 전환을 가속화하기 위해 디지털 사업과 상품 조직을 분리했고, 가정용 인터넷과 IPTV로 대표되는 홈사업도 사업과 상품을 구분해 효율성을 높였다. B2B 분야에서도 클라우드 보안 등 주요 추진 신사업의 상품 기획 기능을 별도로 구성해 전문성을 강화했다.유무선 네트워크 인프라의 운영 안정성을 높이기 위한 개편도 진행된다. 네트워크 인프라를 관장하는 ‘NW부문’ 산하에는 ‘NW AX그룹’이 신설돼 글로벌 선도 수준의 네트워크 운영 체계를 구축할 계획이다.이밖에 LG유플러스는 사업 전반에 걸친 체질 개선에 요구되는 조직의 민첩성을 확보하기 위한 구조적 변화도 추진한다. 급변하는 경영 환경에 유연하게 대응하기 위해 조직 구조를 슬림화하고, 역할이 중복되는 부서를 통합하는 ‘대팀제’로 전환한다. 또한 사내 업무에 ‘AI 워크 에이전트’를 적극적으로 도입하여 단순 반복 업무를 줄이고, 구성원들이 고객 관점에서 중요한 업무에 몰입할 수 있는 환경을 조성할 방침이다.이원희 LG유플러스 인사담당은 “2026년 조직개편은 AX 사업의 가시적인 성과 창출과 통신 본업의 견조한 성장을 동시에 달성하기 위한 중요한 전략적 포석”이라며 “상품 전문성에 기반한 사업 추진 역량과 기민하게 협업하는 조직문화를 기반으로 시장 선도기업으로 거듭나겠다”고 말했다."
https://n.news.naver.com/mnews/article/082/0001356219?sid=101,2025-12-01 09:44:19,경제,LGU+ 조직 개편…““상품·사업 조직 분리”,"사업별 ‘상품 기획 조직’ 분리해‘상품’ 중심으로 민첩하게 협업LG유플러스 용산 사옥. LG유플러스 제공LG유플러스가 조직 개편을 단행했다. 주요 사업 영역에서 상품 조직과 사업 조직을 분리해 전문성을 높였다는 설명이다.LG유플러스는 1일 조직 개편 관련 보도자료를 통해 이번 조직 개편의 목표가 AX(AI전환) 사업의 성과 확대와 통신 본업의 경쟁력 강화라고 설명했다. 핵심 사업 분야인 AX는 사업 포트폴리오에 집중하는 ‘사업 조직’과 차별화된 상품 출시를 담당하는 ‘상품 조직’으로 분리된다. AX 사업을 기술적으로 지원하는 개발 조직도 주요 핵심 사업별 전담 조직 형태로 재편된다.모바일 사업 등 통신 본업과 기업 대상(B2B) 유무선 사업 영역에서도 ‘상품 경쟁력 제고’를 위한 체질 개선을 추진한다. 모바일 사업의 디지털 전환을 가속화하기 위해 디지털 사업과 상품 조직을 분리했고, 가정용 인터넷과 IPTV로 대표되는 홈사업도 사업과 상품을 구분했다. B2B 분야에서도 클라우드 보안 등 주요 추진 신사업의 상품 기획 기능을 별도로 구성해 전문성을 강화했다.통신 본업의 경쟁력의 기반이 되는 유무선 네트워크 인프라의 운영 안정성을 높이기 위한 개편도 진행된다. 네트워크 인프라를 관장하는 ‘NW부문’ 산하에는 ‘NW AX그룹’이 신설돼 글로벌 선도 수준의 네트워크 운영 체계를 구축한다.LG유플러스는 사업 전반에 걸친 체질 개선에 요구되는 조직의 민첩성을 확보하기 위한 구조적 변화도 추진한다고 밝혔다. 조직 구조를 슬림화하고, 역할이 중복되는 부서를 통합하는 ‘대팀제’로 전환한다. 사내 업무에 ‘AI 워크 에이전트’를 적극적으로 도입, 단순 반복 업무를 줄인다는 방침이다.LG유플러스 이원희 인사담당(상무)은 “2026년 조직 개편은 AX 사업의 가시적인 성과 창출과 통신 본업의 견조한 성장을 동시에 달성하기 위한 중요한 전략적 포석”이라며 “상품 전문성에 기반한 사업 추진 역량과 기민하게 협업하는 조직문화를 기반으로 시장 선도기업으로 거듭나겠다”고 밝혔다."
https://n.news.naver.com/mnews/article/215/0001232865?sid=101,2025-12-01 10:04:19,경제,"코나아이, 'MONA' 출시 2년만에 10만 가입자 돌파","글로벌 핀테크 기업 코나아이는 자사가 운영하는 알뜰폰 브랜드 '모나(MONA)'가 출시 약 2년 만에 누적 가입자 10만명을 돌파했다고 1일 밝혔다.앞서 ‘모나(MONA)’는 지난 2023년 5월 정식 서비스를 시작한 후 2025년 10월 기준 누적 가입자 10만 명을 달성했다. 이는 LG U+와 제휴한 MVNO(알뜰폰) 중소사업자 중 가장 빠른 기록이다.코나아이는 당초 3년간 누적 가입자 약 6만명을 목표로 사업을 시작했으나, 29개월 만에 목표 대비 156%를 초과 달성하며 빠른 성장세를 입증했다. 특히 2025년 상반기(1~6월) 신규 가입자 수에서 LG U+ MVNO 중소사업자 중 1위를 기록했다.MONA의 빠른 성장은 차별화된 요금제와 마케팅 전략에서 비롯됐다. 업계가 7개월 할인 요금제를 주력으로 내세울 때 MONA는 '평생 요금제'를 시장에 본격 도입했다.일반적인 알뜰폰 요금제는 7개월간 할인을 제공한 뒤 8개월차부터 요금이 급등하는 구조다. 이로 인해 7~8개월 시점에 고객 이탈률이 70~85%에 달한다. 반면 MONA는 처음부터 고정 요금을 제시하는 평생 요금제로 고객 신뢰를 확보했다.또 선착순 1탄, 2탄, 3탄 방식의 위클리 요금제 출시로 '기대 심리'를 자극하며 커뮤니티 중심으로 빠르게 확산됐다. 주요 커뮤니티에서 회원들이 자발적으로 MONA의 멤버십 카드와 앱 편의성을 공유하며 입소문이 확대됐다.MONA의 또 다른 강점은 낮은 해지율이다. 업계 평균 해지율이 월 10% 이상인 것과 달리 MONA는 4~6% 수준을 유지하고 있다. 평생 요금제로 인한 가격 변동이 없어 고객 이탈이 적고, LG U+ 측에서도 안정적인 고객 기반을 높이 평가하고 있다.MONA는 단순 통신 서비스를 넘어 제휴 기반의 생활 플랫폼으로 진화하고 있다. 현재 중앙일보(더중앙플러스), 이투스(교육), 카카오(이모티콘) 등과 제휴 요금제를 운영중이다.오는 12월에는 캐나다 MVNO '폰박스(PhoneBox)'와 해외 제휴를 체결할 예정이다. 캐나다 워킹홀리데이·유학생 및 재외국민 약 4만 명을 대상으로, 캐나다 현지 요금제와 제휴 요금제로 한국 금융·인증 서비스 이용 시 필요한 전화번호를 유지하면서 해외 생활이 가능하도록 지원할 예정이다.홍현성 코나아이 MVNO 사업그룹 상무는 ""MONA는 알뜰폰 업계 후발주자였지만 차별화된 전략과 고객 중심 서비스로 빠르게 성장할 수 있었다""며 ""10만 가입자 달성은 안정 궤도 진입을 의미하며, 이를 기반으로 다양한 산업군과의 제휴를 확대해 나갈 것""이라고 말했다.홍 상무는 이어 ""2026년에는 제휴 채널 다변화를 통해 신규 고객을 확보하고, B2B 사업 모델을 본격화할 예정""이라고 덧붙였다.한편 MONA는 '모바일(MOBILE)+코나(KONA)'의 의미를 담은 코나아이의 알뜰폰 브랜드로, LG U+ 통신망을 기반으로 안전한 데이터 품질을 확보하고 있으며, 코나아이가 독자적으로 개발한 USIM OS를 이식한 것이 특징이다. 멤버십 카드와 전용 앱을 통해 번호 변경, 사용량 조회, 납부 방법 변경 등을 셀프로 처리할 수 있는 편의성으로 업계의 주목을 받고 있다."
https://n.news.naver.com/mnews/article/031/0000985293?sid=105,2025-12-01 10:22:10,IT/과학,"LGU+, 2026년 조직개편 단행⋯""상품·사업 조직 분리로 AX 성과 본격화""","'상품' 중심으로 민첩하게 협업하는 'Cross-functional' 체계 전환…상품개발 속도↑LG유플러스는 AX(AI 전환) 사업 성과 확대와 통신 본업의 경쟁력 강화를 목적으로 하는 2026년 조직개편을 1일 단행했다.사진은 LG유플러스 사옥. [사진=LGU+]이번 개편 핵심은 전문성 강화와 유기적인 협업 체계 구축이다. 주요 사업 영역에서 상품 조직과 사업 조직을 분리해 전문성을 높이고, 상품을 중심으로 유관 부서들이 유기적으로 움직이는 '크로스 펑셔널(Cross-Functional)' 협업 체계로 전환할 방침이다.특히 AX 사업은 사업 포트폴리오를 중심으로 한 사업 조직과 차별화된 상품 기획·출시를 담당하는 상품 조직으로 나눴다. 개발조직도 사업별 전담 체제로 재편된다. CTO 산하 개발조직은 사업 목표를 공유하며 서비스 개발 속도와 완성도를 높여 고객 제공 시간을 단축한다는 방침이다.모바일과 홈을 중심으로 한 통신 본업과 B2B 유·무선 영역에서도 상품 경쟁력 강화를 위한 개편이 이뤄졌다. 모바일 부문은 디지털 사업과 상품 조직을 분리하고, 홈 사업은 가정용 인터넷과 IPTV 등에서 상품과 사업 기능을 이원화했다. B2B 분야에서도 클라우드 보안 등 주요 신사업에 대해 상품 기획 기능을 별도 운영해 전문성을 강화했다.유·무선 네트워크 인프라의 운영 안정성을 높이기 위한 조치도 이뤄졌다. 네트워크 전반을 총괄하는 NW부문 산하에 'NW AX그룹'을 신설해 글로벌 선도 수준의 운영 체계를 구축할 예정이다.이와 함께 전사적 민첩성을 확보하기 위한 구조 개편도 추진된다. 조직 구조를 슬림화하고, 유사 기능 부서를 통합하는 '대팀제'로 전환하며, 사내에는 ‘AI 워크 에이전트’를 도입해 단순 반복 업무를 자동화한다. 이를 통해 구성원들이 고객 중심의 핵심 업무에 더욱 집중할 수 있는 환경을 마련할 계획이다.이원희 LG유플러스 인사담당은 ""2026년 조직개편은 AX 사업의 가시적인 성과 창출과 통신 본업의 견조한 성장을 동시에 달성하기 위한 전략""이라며 ""상품 전문성에 기반한 추진력과 민첩한 협업 문화를 바탕으로 시장 선도기업으로 도약하겠다""고 말했다."
https://n.news.naver.com/mnews/article/030/0003375638?sid=105,2025-12-01 10:32:18,IT/과학,"코나아이, 'MONA' 출시 2년 만에 10만 가입자 돌파","LG U+ 중소사업자 중 최단기간에 달성…목표 대비 156% 넘어평생 요금제·낮은 해지율로 안정성 입증...제휴 확대·B2B 본격화글로벌 핀테크 기업 코나아이(대표 조정일)가 운영하는 알뜰폰 브랜드 '모나(MONA)'가 출시 약 2년 만에 누적 가입자 10만명을 돌파했다고 1일 밝혔다.'모나(MONA)'는 2023년 5월 정식 서비스를 시작한 후, 지난 10월 기준 누적 가입자 10만명을 달성했다. 이는 LG U+와 제휴한 MVNO(알뜰폰) 중소사업자 중 가장 빠른 기록이다.코나아이는 당초 3년간 누적 가입자 약 6만명을 목표로 사업을 시작했으나, 29개월 만에 목표 대비 156%를 초과 달성하며 빠른 성장세를 입증했다. 특히 올 상반기(1~6월) 신규 가입자 수에서 LG U+ MVNO 중소사업자 중 1위를 기록했다.MONA의 빠른 성장은 차별화된 요금제와 마케팅 전략에서 비롯됐다는 분석이다. 업계가 7개월 할인 요금제를 주력으로 내세울 때, MONA는 '평생 요금제'를 시장에 본격 도입했다.일반적인 알뜰폰 요금제는 7개월간 할인을 제공한 뒤 8개월차부터 요금이 급등하는 구조다. 이로 인해 7~8개월 시점에 고객 이탈률이 70~85%에 달한다. 반면 MONA는 처음부터 고정 요금을 제시하는 평생 요금제로 고객 신뢰를 확보했다.또한 선착순 1탄, 2탄, 3탄 방식의 위클리 요금제 출시로 '기대 심리'를 자극하며 커뮤니티 중심으로 빠르게 확산됐다. 주요 커뮤니티에서 회원들이 자발적으로 MONA의 멤버십 카드와 앱 편의성을 공유하며 입소문이 확대됐다.MONA의 또 다른 강점은 낮은 해지율이다. 업계 평균 해지율이 월 10% 이상인 것과 달리, MONA는 4~6% 수준을 유지하고 있다. 평생 요금제로 인한 가격 변동이 없어 고객 이탈이 적고, LG U+ 측에서도 안정적인 고객 기반을 높이 평가하고 있다.LG U+ 관계자는 “MONA는 출시 이후 가장 빠른 성장세를 보이는 파트너사 중 하나”라며 “특히 낮은 해지율과 안정적인 고객 유지율은 우수한 서비스 품질을 입증하는 지표로, 장기적으로 신뢰할 수 있는 협력 파트너”라고 말했다.MONA는 단순 통신 서비스를 넘어 제휴 기반의 생활 플랫폼으로 진화하고 있다. 현재 중앙일보(더중앙플러스), 이투스(교육), 카카오(이모티콘) 등과 제휴 요금제를 운영 중이다.이달 중 캐나다 MVNO '폰박스(PhoneBox)'와 해외 제휴를 체결할 예정이다. 캐나다 워킹홀리데이·유학생 및 재외국민 약 4만명을 대상으로, 캐나다 현지 요금제와 제휴 요금제로 한국 금융·인증 서비스 이용 시 필요한 전화번호를 유지하면서 해외 생활이 가능하도록 지원할 예정이다.홍현성 코나아이 MVNO 사업그룹 상무는 “MONA는 알뜰폰 업계 후발주자였지만 차별화된 전략과 고객 중심 서비스로 빠르게 성장할 수 있었다”며 “10만 가입자 달성은 안정 궤도 진입을 의미하며, 이를 기반으로 다양한 산업군과의 제휴를 확대해 나갈 것”이라고 밝혔다. 이어 “2026년에는 제휴 채널 다변화를 통해 신규 고객을 확보하고, B2B 사업 모델을 본격화할 예정”이라고 덧붙였다.한편, MONA는 '모바일(MOBILE)+코나(KONA)'의 의미를 담은 코나아이의 알뜰폰 브랜드로, LG U+ 통신망을 기반으로 안전한 데이터 품질을 확보하고 있으며, 코나아이가 독자적으로 개발한 USIM OS를 이식한 것이 특징이다. 멤버십 카드와 전용 앱을 통해 번호 변경, 사용량 조회, 납부 방법 변경 등을 셀프로 처리할 수 있는 편의성으로 업계의 주목을 받고 있다."
https://n.news.naver.com/mnews/article/016/0002565434?sid=105,2025-12-01 11:33:18,IT/과학,"LGU+, AX 경쟁력 강화 조직개편","상품·사업조직 분리, 전문성 ↑상품 중심 조율 ‘크로스 펑셔널’조직 슬림화·부서 통합 ‘대팀제’LG유플러스(대표 홍범식·사진)가 AX(AI전환) 핵심 사업별 상품 조직과 사업 조직을 분리한다. 이를 통해 시장 환경의 변화와 고객 니즈에 보다 민첩하게 대응하고, 고객 가치에 집중해 상품 경쟁력을 극대화한다는 전략이다.LG유플러스는 AX 사업의 성과 확대와 통신 본업의 경쟁력 강화를 목표로 2026년 조직개편을 단행했다고 1일 밝혔다.이번 개편의 핵심은 ‘전문성 강화’와 ‘유기적인 협업 체계 구축’이다. 주요 사업 영역에서 상품 조직과 사업 조직을 분리해 전문성을 높이고, 상품을 중심으로 유관 부서들이 유기적으로 움직이는 ‘크로스 펑셔널(Cross-Functional)’ 협업 체계로 전환할 방침이다.특히 핵심 사업 분야인 AX는 사업 포트폴리오에 집중하는 ‘사업 조직’과 차별화된 상품 출시를 담당하는 ‘상품 조직’으로 분리된다. 또 AX 사업을 기술적으로 지원하는 개발 조직도 주요 핵심 사업별 전담 조직 형태로 재편된다. CTO 산하 개발조직은 사업과 핵심 목표를 공유하며 서비스 개발의 경쟁력을 개선할 방침이다. 이를 통해 개선된 서비스가 고객에게 제공되는 시간을 단축한다는 계획이다.모바일·홈으로 대표되는 통신 본업과 B2B 유·무선 사업 영역에서도 ‘상품 경쟁력 제고’를 위한 체질 개선이 이뤄졌다. 모바일 사업의 디지털 전환을 가속화하기 위해 디지털 사업과 상품 조직을 분리했고, 가정용 인터넷과 IPTV로 대표되는 홈사업도 사업과 상품을 구분해 효율성을 높였다. B2B 분야에서도 클라우드 보안 등 주요 추진 신사업의 상품 기획 기능을 별도로 구성해 전문성을 강화했다.통신 본업의 경쟁력의 기반이 되는 유·무선 네트워크 인프라의 운영 안정성을 높이기 위한 개편도 진행된다. 네트워크 인프라를 관장하는 ‘NW부문’ 산하에는 ‘NW AX그룹’이 신설돼 글로벌 선도 수준의 네트워크 운영 체계를 구축할 계획이다.이밖에도 LG유플러스는 사업 전반에 걸친 체질 개선에 요구되는 조직의 민첩성을 확보하기 위한 구조적 변화도 추진한다. 급변하는 경영 환경에 유연하게 대응하기 위해 조직 구조를 슬림화하고, 역할이 중복되는 부서를 통합하는 ‘대팀제’로 전환한다. 또 사내 업무에 ‘AI 워크 에이전트’를 적극적으로 도입해 단순 반복 업무를 줄이고, 구성원들이 고객 관점에서 중요한 업무에 몰입할 수 있는 환경을 조성할 방침이다.이원희 LG유플러스 인사담당(상무)은 “2026년 조직개편은 AX 사업의 가시적인 성과 창출과 통신 본업의 견조한 성장을 동시에 달성하기 위한 중요한 전략적 포석”이라며 “상품 전문성에 기반한 사업 추진 역량과 기민하게 협업하는 조직문화를 기반으로 시장 선도기업으로 거듭나겠다”고 말했다. 박혜림 기자"
https://n.news.naver.com/mnews/article/008/0005285403?sid=101,2025-12-01 13:48:46,경제,"아우토크립트, 자동차 해킹 대회 'LISAthon 2025' 우승","아우토크립트(대표 이석우, 김덕수)가 '2025 리사톤(LISAthon): 모빌리티 컴피티션 해킹대회'에서 HL클레무브와 연합 팀을 구성해 기업 부문 우승을 차지했다고 1일 밝혔다.이번 대회는 실제 주행 차량에서 수집된 데이터를 기반으로 참가자가 차량 내부 네트워크를 공격하고 이를 실시간 분석해 방어 전략을 구현하는 방식으로 진행됐다. 실제 차량 환경에서 취약점을 찾아 대응 과정을 설계하는 국내 유일의 실시간 워게임형 모빌리티 사이버보안 대회라고 회사 측은 설명했다.올해는 현대자동차, 네이버, LGU+, 넥슨, HL클레무브 등의 기업과 KAIST(카이스트), 고려대 등 전국 24개 대학에서 56개 팀이 참가해 역대 최고의 경쟁률을 기록했다.아우토크립트는 기업 부문 1·2·3위를 석권했다. HL클레무브와의 연합팀이 우승을 차지했으며, 아우토크립트 1팀이 2위, 아우토크립트 2팀과 네이버 클라우드팀이 공동 3위를 수상했다. 이로써 출전한 모든 팀이 상위권에 이름을 올렸다.아우토크립트는 AI(인공지능)를 활용한 침입 탐지 및 이상행위 분석(IDPS) 기능과 디지털 키, V2X(차량·사물 통신), PnC(Plug&Charge) 등 커넥티드 모빌리티 보안 솔루션 기술을 보유하고 있다.이석우 아우토크립트 대표는 ""AI 모빌리티 보안은 실전 대응력이 핵심이며 리사톤은 이를 검증할 수 있는 실효성 높은 대회""라면서 ""기술 안전성과 발전, 인재 생태계 조성을 위해 앞으로도 대회에 적극 참여하고 협력할 것""이라고 말했다."
https://n.news.naver.com/mnews/article/138/0002211158?sid=105,2025-12-01 13:54:08,IT/과학,"“상품·사업 조직 분리”…LGU+, 2026년 조직개편 단행","AX 핵심 사업별 ‘상품 기획 조직’ 분리…상품개발 속도↑[ⓒLG유플러스][디지털데일리 강소현기자] LG유플러스는 AI 전환(AX) 사업의 성과 확대와 통신 본업 경쟁력 강화를 목표로 ‘2026년 조직개편’을 단행했다고 1일 밝혔다.이번 개편의 핵심은 크로스 펑셔널(Cross-Functional) 협업 체계 구축이다. 주요 사업에서 상품 조직과 사업 조직을 분리해 전문성을 높이고, 상품을 중심으로 유관 조직이 유기적으로 움직이는 방식으로 협업 모델을 전환한 것이 특징이다.이에 AX 부문도 사업 포트폴리오를 전담하는 사업 조직과 상품 출시를 담당하는 상품 조직으로 이원화했다. AX 기술개발 조직도 마찬가지로 분야별 전담 체계로 재편되며 CTO 산하 조직은 사업 목표를 공유해 서비스 개발 속도를 단축시키는 역할을 맡는다.통신 본업에서도 체질 개선이 이뤄진다. 모바일 사업은 디지털 사업과 상품 조직을 분리해 디지털 전환을 강화하고, 인터넷·IPTV 등 홈 사업 역시 사업·상품 분리를 통해 효율을 높였다. B2B에서는 클라우드·보안 등 핵심 신사업의 상품 기획 기능을 독립시켜 전문성을 강화했다.특히 유·무선 네트워크 경쟁력 강화를 위해 NW부문 산하에 ‘NW AX그룹’이 신설된다.조직의 민첩성을 높이기 위한 구조 개편도 병행된다. 역할이 중복되는 조직을 통합하는 ‘대팀제’를 도입하고, 사내 업무에 ‘AI 워크 에이전트’를 적용해 단순 업무를 줄여 구성원의 고객 가치 중심 업무 몰입도를 높일 계획이다.이원희 LG유플러스 인사담당 상무는 “이번 2026년 조직개편은 AX 사업의 성과 창출과 통신 본업의 견조한 성장을 동시에 달성하기 위한 전략적 발판”이라며 “상품 전문성과 유연한 협업 문화를 기반으로 시장 선도 기업으로 도약하겠다”고 말했다."
https://n.news.naver.com/mnews/article/088/0000984320?sid=102,2025-12-01 14:37:12,사회,"국립창원대 송대원 동문(전기공학과 '91), LG유플러스 자회사 미디어로그 대표 선임","LG유플러스의 자회사인 ㈜미디어로그의 대표이사로 선임된 국립창원대 송대원 동문(전기공학과 '91학번 )사진.국립창원대학교 전기공학과는 송대원 동문('91학번)이 LG유플러스의 자회사인 ㈜미디어로그의 대표이사로 선임됐다고 1일 밝혔다.LG유플러스의 2026년 조직개편에서 송대원 CTO 기술개발그룹장이 미디어로그 대표이사로 신규 보임됐다.한편 미디어로그는 매출 3,058억(2024년 기준), 사업분야는 알뜰폰(MVNO): U+유모바일 / 중고폰사업: 셀로 / 미디어 서비스(VOD제작/편성/운영) / 모바일 서비스(LG U+ 서비스 운영) / ICT 기술(Consulting, SI, SM, UI Design) 등의 LG유플러스의 자회사이다."
https://n.news.naver.com/mnews/article/092/0002400522?sid=105,2025-12-01 15:13:11,IT/과학,"코나아이 알뜰폰 '모나', 2년 만에 10만 가입자 돌파","LG U+ 중소사업자 중 최단기간·상반기 신규가입 1위...""목표 대비 156% 달성""코나아이(대표 조정일)가 운영하는 알뜰폰 브랜드 '모나'가 출시 약 2년 만에 누적 가입자 10만 명을 돌파했다고 1일 밝혔다. 이는 LG U+와 제휴한 MVNO(알뜰폰) 중소사업자 중 가장 빠른 기록이다.코나아이는 당초 3년간 누적 가입자 약 6만 명을 목표로 사업을 시작했으나, 29개월 만에 목표 대비 156%를 초과 달성하며 빠른 성장세를 입증했다. 특히 2025년 상반기(1~6월) 신규 가입자 수에서 LG U+ MVNO 중소사업자 중 1위를 기록했다.모나의 빠른 성장은 차별화된 요금제와 마케팅 전략에서 비롯됐다. 업계가 7개월 할인 요금제를 주력으로 내세울 때, 모나는 '평생 요금제'를 시장에 본격 도입했다.코나아이 '모나'일반적인 알뜰폰 요금제는 7개월간 할인을 제공한 뒤 8개월차부터 요금이 급등하는 구조다. 이로 인해 7~8개월 시점에 고객 이탈률이 70~85%에 달한다. 반면 모나는 처음부터 고정 요금을 제시하는 평생 요금제로 고객 신뢰를 확보했다.또 선착순 1탄, 2탄, 3탄 방식의 위클리 요금제 출시로 '기대 심리'를 자극하며 커뮤니티 중심으로 빠르게 확산됐다. 주요 커뮤니티에서 회원들이 자발적으로 MONA의 멤버십 카드와 앱 편의성을 공유하며 입소문이 확대됐다.모나의 또 다른 강점은 낮은 해지율이다. 업계 평균 해지율이 월 10% 이상인 것과 달리, 모나는 4~6% 수준을 유지하고 있다. 평생 요금제로 인한 가격 변동이 없어 고객 이탈이 적고, LG U+ 측에서도 안정적인 고객 기반을 높이 평가하고 있다.LG U+ 관계자는 ""모나는 출시 이후 가장 빠른 성장세를 보이는 파트너사 중 하나""라며 ""특히 낮은 해지율과 안정적인 고객 유지율은 우수한 서비스 품질을 입증하는 지표로, 장기적으로 신뢰할 수 있는 협력 파트너""라고 말했다.MONA는 단순 통신 서비스를 넘어 제휴 기반의 생활 플랫폼으로 진화하고 있다. 현재 중앙일보(더중앙플러스), 이투스(교육), 카카오(이모티콘) 등과 제휴 요금제를 운영 중이다.이달에는 캐나다 MVNO 폰박스와 해외 제휴를 체결할 예정이다. 캐나다 워킹홀리데이·유학생 및 재외국민 약 4만 명을 대상으로, 캐나다 현지 요금제와 제휴 요금제로 한국 금융·인증 서비스 이용 시 필요한 전화번호를 유지하면서 해외 생활이 가능하도록 지원할 예정이다.홍현성 코나아이 MVNO 사업그룹 상무는 ""MONA는 알뜰폰 업계 후발주자였지만 차별화된 전략과 고객 중심 서비스로 빠르게 성장할 수 있었다""며 ""10만 가입자 달성은 안정 궤도 진입을 의미한다. 이를 기반으로 다양한 산업군과의 제휴를 확대해 나갈 것""이라고 밝혔다. 이어 ""2026년에는 제휴 채널 다변화를 통해 신규 고객을 확보하고, B2B 사업 모델을 본격화할 예정""이라고 덧붙였다."
https://n.news.naver.com/mnews/article/138/0002211168?sid=105,2025-12-01 15:36:09,IT/과학,"KB리브모바일, ""알뜰폰서도 AI 통화 녹음""…LGU+ '익시오' 도입","[디지털데일리 백지영기자] KB국민은행의 알뜰폰 브랜드 KB리브모바일은 LG유플러스의 인공지능(AI) 통화 에이전트 서비스인 '익시오(ixi-O)'를 도입했다고 1일 밝혔다.'익시오'는 AI를 기반으로 통화 녹음 및 요약, AI전화 대신 받기, 의심 전화 차단 등의 서비스를 제공하는 AI 서비스다.지난해 11월 KB국민은행과 LG유플러스는 '보이스피싱으로부터 국민의 재산을 보호하기 위한 공동 대응 체계 구축 업무협약'을 맺었고 협약의 일환으로 '익시오'를 도입했다.이에 따라 KB리브모바일은 금융·통신 데이터를 결합해 3단계 보이스피싱 보호시스템을 구축한다. 1단계 사전 탐지에서는 통화 내용을 실시간으로 AI가 분석해 고위험 거래가 감지되면 실시간으로 고객에게 알림을 보내 선제적으로 피해를 막는다.2단계 출금 차단은 ATM 이용 중 통화가 인지될 경우 즉시 현금 출금을 제한하는 방식으로 실제 인출 피해를 최소화한다. 마지막으로 3단계 피해 보상을 통해 보이스피싱 피해 고객에게 최대 1000만원의 보상 보험을 제공해 사전예방부터 출금 차단, 사후보상 대응까지 이어지는 고객 보호체계를 마련할 예정이다.KB국민은행 관계자는 ""이번 서비스 도입은 알뜰폰 시장에서 최초로 AI 통화 기능을 도입해 고객 경험을 개선했다는 점에서 의미가 크다""며 ""앞으로도 금융과 통신이 보유한 데이터 역량을 결합해 차별화된 알뜰폰 서비스를 제공하겠다""고 말했다."
https://n.news.naver.com/mnews/article/629/0000448921?sid=102,2025-12-01 15:56:14,사회,"대전 동구행복한어르신복지관, LG U+ 등과 '사랑의 꾸러미' 전달식","취약계층 어르신 경제적 부담 경감 및 정서적 안정 지원대전 동구행복한어르신복지관이 11월 28일 저소득층 어르신의 건강한 식생활과 따뜻한 겨울 나기 도모를 위해 동반성장보드·LG U+·중앙노인돌봄기관과 함께 '사랑의 꾸러미' 전달식을 열었다고 밝혔다. /동구행복한어르신복지관[더팩트ㅣ대전=선치영 기자] 대전 동구행복한어르신복지관이 저소득층 어르신의 건강한 식생활과 따뜻한 겨울 나기 도모를 위해 지난달 28일 '사랑의 꾸러미' 전달식을 열었다.이번 행사는 LG U+와 동반성장보드, 중앙노인돌봄지원기관이 협력해 마련했으며 취약계층 어르신에게 경제적 부담 경감 및 정서적 안정을 지원하고자 진행됐다.지원 대상은 결식률이 높거나 겨울철 영양 관리에 어려움을 겪는 저소득층 어르신 30명으로 7만 2500원 상당의 식생활용품 키트 30개가 전달됐다.대상자는 노인맞춤돌봄서비스 이용자 중 생활지원사의 돌봄을 기반으로 실질적인 도움이 필요한 분들 위주로 선정됐다.김명희 동구행복한어르신복지관장은 ""사랑의 꾸러미와 함께 생활지원사 선생님들의 따뜻한 마음도 함께 전달되기를 바란다""며 후원의 의미를 강조했다.'사랑의 꾸러미'를 받은 차 모 어르신은 ""골고루 영양 섭취를 잘하게 해줘 너무 고맙다""며 ""몸이 좋지 않아 식사도 제대로 차리기 어려웠는데 이번 물품을 통해 한시름 덜었다. 너무 행복하다""고 말했다.이번 지원은 어르신들의 영양 문제 해결뿐만 아니라 지역사회 내 나눔 문화 확산과 협력 증진에 의미 있는 계기가 됐다는 평가가 나온다.동구행복한어르신복지관은 앞으로도 어르신들의 건강하고 행복한 삶을 위해 다양한 맞춤형 돌봄 서비스를 이어갈 계획이다.발로 뛰는 더팩트는 24시간 여러분의 제보를 기다립니다.▶카카오톡: '더팩트제보' 검색▶이메일: jebo@tf.co.kr▶뉴스 홈페이지: http://talk.tf.co.kr/bbs/report/write"
https://n.news.naver.com/mnews/article/011/0004562163?sid=101,2025-12-01 16:22:18,경제,"코나아이 'MONA', 출시 2년 만에 가입자 10만 달성","LG U+ 중소사업자 중 최단기간 신규가입 1위평생 요금제·낮은 해지율로 안정성 입증[서울경제]코나아이(052400)가 운영하는 알뜰폰 브랜드 '모나(MONA)'가 출시 약 2년 만에 누적 가입자 10만 명을 돌파했다고 1일 밝혔다.‘모나(MONA)’는 2023년 5월 정식 서비스를 시작한 후, 2025년 10월 기준 누적 가입자 10만 명을 달성했다. 이는 LG U+와 제휴한 MVNO(알뜰폰) 중소사업자 중 가장 빠른 기록이다.코나아이는 당초 3년간 누적 가입자 약 6만 명을 목표로 사업을 시작했으나, 29개월 만에 목표 대비 156%를 초과 달성하며 빠른 성장세를 입증했다. 특히 2025년 상반기(1~6월) 신규 가입자 수에서 LG U+ MVNO 중소사업자 중 1위를 기록했다.MONA의 빠른 성장은 차별화된 요금제와 마케팅 전략에서 비롯됐다. 업계가 7개월 할인 요금제를 주력으로 내세울 때, MONA는 '평생 요금제'를 시장에 본격 도입했다. 일반적인 알뜰폰 요금제는 7개월간 할인을 제공한 뒤 8개월차부터 요금이 급등하는 구조다. 이로 인해 7~8개월 시점에 고객 이탈률이 70~85%에 달한다. 반면 MONA는 처음부터 고정 요금을 제시하는 평생 요금제로 고객 신뢰를 확보했다.또 선착순 1탄, 2탄, 3탄 방식의 위클리 요금제 출시로 '기대 심리'를 자극하며 커뮤니티 중심으로 빠르게 확산됐다. 주요 커뮤니티에서 회원들이 자발적으로 MONA의 멤버십 카드와 앱 편의성을 공유하며 입소문이 확대됐다.MONA의 또 다른 강점은 낮은 해지율이다. 업계 평균 해지율이 월 10% 이상인 것과 달리, MONA는 4~6% 수준을 유지하고 있다. 평생 요금제로 인한 가격 변동이 없어 고객 이탈이 적고, LG U+ 측에서도 안정적인 고객 기반을 높이 평가하고 있다.LG U+ 관계자는 “MONA는 출시 이후 가장 빠른 성장세를 보이는 파트너사 중 하나”라며 “특히 낮은 해지율과 안정적인 고객 유지율은 우수한 서비스 품질을 입증하는 지표로, 장기적으로 신뢰할 수 있는 협력 파트너”라고 말했다.MONA는 단순 통신 서비스를 넘어 제휴 기반의 생활 플랫폼으로 진화하고 있다. 이달 중에는 캐나다 MVNO '폰박스(PhoneBox)'와 해외 제휴를 체결할 예정이다. 캐나다 워킹홀리데이·유학생 및 재외국민 약 4만 명을 대상으로, 캐나다 현지 요금제와 제휴 요금제로 한국 금융·인증 서비스 이용 시 필요한 전화번호를 유지하면서 해외 생활이 가능하도록 지원할 예정이다.홍현성 코나아이 MVNO 사업그룹 상무는 ""MONA는 알뜰폰 업계 후발주자였지만 차별화된 전략과 고객 중심 서비스로 빠르게 성장할 수 있었다""며 ""10만 가입자 달성은 안정 궤도 진입을 의미하며, 이를 기반으로 다양한 산업군과의 제휴를 확대해 나갈 것""이라고 말했다. 이어 ""2026년에는 제휴 채널 다변화를 통해 신규 고객을 확보하고, B2B 사업 모델을 본격화할 예정""이라고 덧붙였다."
https://n.news.naver.com/mnews/article/009/0005599046?sid=101,2025-12-01 16:38:10,경제,출시 2년 만에 10만 가입자 모은 알뜰폰 비결은,"핀테크 기업 코나아이가 자사가 운영하는 알뜰폰 브랜드 ‘모나(MONA)’가 출시 약 2년 만에 누적 가입자 10만명을 돌파했다고 1일 밝혔다.모나는 2023년 5월 정식 서비스를 시작한 후 지난달 기준 누적 가입자 10만 명을 달성했다. 코나아이는 당초 3년간 누적 가입자 약 6만 명을 목표로 사업을 시작했으나, 29개월 만에 목표 대비 약 60%를 초과 달성했다. 올해 상반기 신규 가입자 수에서 LG U+ 알뜰폰 중소사업자 중 1위를 기록했다.코나아이 측은 모나의 자사의 요금제와 마케팅 전략을 성장 비결로 꼽았다. 일반적인 알뜰폰 요금제는 7개월간 할인을 제공한 뒤 8개월차부터 요금이 급등하는 구조로, 이 시기 고객 이탈률이 70~85%에 달한다. 반면 모나는 처음부터 고정 요금을 제시하는 평생 요금제를 제시했다.LG U+ 관계자는 “MONA는 출시 이후 가장 빠른 성장세를 보이는 파트너사 중 하나”라며 “특히 낮은 해지율과 안정적인 고객 유지율은 우수한 서비스 품질을 입증하는 지표로, 장기적으로 신뢰할 수 있는 협력 파트너”라고 말했다.코나아이는 이달 캐나다 알뜰폰 사업자 ‘폰박스’와 해외 제휴를 체결할 예정이다. 캐나다 워킹홀리데이·유학생 및 재외국민 약 4만 명을 대상으로, 캐나다 현지 요금제와 제휴 요금제로 한국 금융·인증 서비스 이용 시 필요한 전화번호를 유지하면서 해외 생활이 가능하도록 지원할 예정이다.홍현성 코나아이 MVNO 사업그룹 상무는 “10만 가입자 달성은 안정 궤도 진입을 의미하며, 이를 기반으로 다양한 산업군과의 제휴를 확대해 나갈 것”이라며 “새해에는 제휴 채널 다변화를 통해 신규 고객을 확보하고, B2B 사업 모델을 본격화할 예정”이라고 밝혔다."
https://n.news.naver.com/mnews/article/003/0013632416?sid=102,2025-12-01 16:40:10,사회,"[대학소식]창원대 출신 송대원, 미디어로그 대표 선임 등","LG유플러스 자회사인 ㈜미디어로그 송대원 대표이사. *재판매 및 DB 금지[창원=뉴시스]홍정명 기자 = 국립창원대학교는 전기공학과 91학번 송대원 동문이 LG유플러스 자회사인 미디어로그 대표이사로 선임됐다고 1일 밝혔다.LG유플러스의 2026년 조직개편에서 송대원 미디어로그 CTO 기술개발그룹장이 대표이사로 신규 보임된 것이다.미디어로그의 2024년 기준 매출액은 3058억원이다. 사업 분야는 알뜰폰(MVNO) U+모바일, 중고폰 셀로·미디어 서비스(VOD 제작·편성·운영), 모바일 서비스(LGU+ 서비스 운영), ICT 기술(Consulting, SI, SM, UI Design) 등이다.◇마산대 뷰티케어학부, 피부미용샵 원장 무료 교육마산대 뷰티케어학부, 피부미용샵 재직자 무료 교육. *재판매 및 DB 금지마산대학교 뷰티케어학부는 지난달 30일 교내 교수학습지원센터 CTL룸에서 지역 피부미용 원장들을 대상으로 재직자 무료 교육을 했다고 1일 밝혔다.미디어콘텐츠과 김복순 교수는 '피부미용샵 매출 증대를 위한 AI활용 마케팅'을 주제로, 뷰티케어학부 김해남 교수는 '아로마테라피와 증상별 블랜딩법'을 주제로 강의했다."
https://n.news.naver.com/mnews/article/030/0003375941?sid=105,2025-12-01 16:44:19,IT/과학,[포토] 발언하는 박경중 LGU+ 상무,이동통신 주파수 재할당 세부 정책방안(안) 공개설명회가 1일 서울 강남구 아이티스퀘어에서 열렸다. 박경중 LG유플러스 상무가 패널토론에서 발언하고 있다.
https://n.news.naver.com/mnews/article/008/0005285563?sid=105,2025-12-01 16:52:06,IT/과학,"""같은 상품인데 가격 2배 차이""... 또 불붙은 주파수 가격 논쟁","1일 주파수 재할당 공청회서 SKT-LGU+ 격돌정부 ""재할당 주파수별, 직전 할당대가 참조""""같은 대역에 유사 용도, 차이는 단지 낙찰 시점?""총 370㎒ 대역폭 대가, 5G 실내망 투자조건 이행 시 2.9조 제시(서울=뉴스1) 김도우 기자 = 삼성전자의 새로운 폴더블폰 갤럭시Z7 시리즈의 예약 판매가 시작된 15일 서울 시내 핸드폰 대리점에 갤럭시Z7시리즈 예약 홍보 문구가 게시돼 있다. 2025.7.15/뉴스1 Copyright (C) 뉴스1. All rights reserved. 무단 전재 및 재배포, AI학습 이용 금지. /사진=(서울=뉴스1) 김도우 기자""LG유플러스의 네트워크 장비를 SK텔레콤에 꽂아도 운용에 아무런 문제가 없다. 주파수 용도가 동일하다는 것은 전문가, 엔지니어들도 부정하지 않는다. 주파수 할당 시점 차이로 가격이 2배 이상 차이가 나는 것은 납득하지 못한다.""(성석함 SK텔레콤 실장)""2013년 LG유플러스가 확보한 2.6㎓(기가헤르츠) 대역은 이를 지원하는 장비·단말이 전혀 없는 불모지와 같은 주파수였다. 반면 SK텔레콤은 2016년 (경매에서) 40㎒(메가헤르츠) 20㎒폭을 하나로 묶어 60㎒ 폭의 초광대역으로 활용할 수 있기 때문에 활용 가치를 스스로 매우 높게 평가했다. 두 대역은 경제적 가치가 완전히 다르다.""(박경중 LG유플러스 상무)내년 6월·12월 이용기간이 만료되는 LTE 주파수의 재할당 추진과정에서 SK텔레콤, LG유플러스가 할당대가 산정 방식에 대해 정면 격돌했다. 할당대가 산정 방식이 바람직하지 않다는 지적도 토론 등을 통해 제기됐다.1일 서울 삼성동 오크우드센터에서 과학기술정보통신부 주최, 정보통신정책연구원(KISDI) 주관으로 열린 '주파수 재할당 세부 정책방안 공개 설명회'에서 과기정통부와 KISDI는 3G·4G 주파수 370㎒ 대역폭 할당 방향을 소개했다. 이번에 재할당되는 주파수는 2016년 경매와 2021년 재할당으로 배분된 3G·4G 주파수 5개 대역, 14개 대역폭이다.정부는 AI(인공지능) 시대의 도래와 향후 6G로의 망 진화를 감안해 △현재의 5G NSA(Non Standalone·비단독망) 주류의 망 환경을 SA(Standalone·단독망)로 고도화하는 것을 의무화하고 △실내 5G 통신품질 제고를 위해 이통사들이 5G 실내망 투자를 늘릴 때 이통 3사가 납부해야 할 주파수 대가를 2조9000억원 수준으로 하겠다는 안을 제시했다.이외에도 △기존 LTE 용도로 할당된 주파수를 5G 등 상위 세대 기술 용도로 활용할 수 있도록 규정 개정을 추진하는 방안 △일부 대역 및 대역폭에 대해서는 기존 5~10년으로 규정돼왔던 이용기한을 3년으로 단축하는 방안 등 6G 시대로의 이행에 대비한 주파수 제도 변경을 추진하겠다는 계획도 소개했다.이날 공청회에 참가한 업계, 기관, 학계 관계자들은 이같은 대부분의 안건에 대해 이견이 없었다. 다만 전체 할당 대상 5개 대역, 14개 대역폭 중에서도 2.6㎓ 대역 배분 방식에 대해 SK텔레콤과 LG유플러스의 의견이 충돌했다. 정부가 각 대역·대역폭별로 과거 사업자들이 납부한 대가를 이번 재할당 기준가격 산정에 반영하겠다는 데 대해서다.SK텔레콤과 LG유플러스는 2.6㎓ 대역에서 각각 60㎒, 40㎒를 보유하고 있지만 가격차이가 크다. SK텔레콤은 2016년 경매에서 10년간 이용대가로 1조2777억원을 냈고 LG유플러스는 2013년 경매에서 4788억원에 낙찰받은 후 2021년 재할당에서 27.5% 할인율을 적용받았다. 최종단가(총금액/대역폭/연수)는 SK텔레콤이 21억3000만원으로 LG유플러스(10억9000만원)의 2배 수준이다.SK텔레콤 측은 유사한 용도로 쓰이는 주파수에 대해 단지 낙찰시점이 다르다는 이유로 LG유플러스에 비해 2배 가량 더 비싼 가격으로 주파수를 빌려야 하는 상황이 불합리하다고 주장했다. 이에 LG유플러스는 해당 대역 주파수 가치를 SK텔레콤이 더 높게 판단하고 경매에 응했으니 SK텔레콤은 SK텔레콤이 과거에 적어낸 가격을 기준으로 이번에 주파수 할당을 받는 게 옳다고 반박했다.남영준 과기정통부 주파수정책과장은 ""주파수 대역의 가치를 가장 잘 보여주는 것은 과거에 산정된 대가""라며 ""과거 할당 대가에는 그 가격이 설정된 배경과 맥락이 포함돼 있다""고 했다. SK텔레콤 측의 항의를 일축한 것이다.다만 이같은 방식이 옳으냐에 대한 지적이 잇따랐다. 이날 토론자로 참여한 안정민 한림대 교수는 ""10년 전 경매가가 지금도 영향을 준다면 그건 초등학교 2학년 때 미래가 결정되는 것과 다름 없다""고 지적했다. 재할당 대가 산정 시 '직전 할당 대가'만 고려하는 건 법적으로 문제가 있다는 것이다.박철호 KT 상무 역시 ""경매 당시에는 여러 요소 때문에 경매 대가가 결정되는데 한 번 결정된 경매 대가가 연속적으로 꼬리표를 달고 계속 간다는 데 대해 고민되는 부분이 있다""며 ""향후 이런 부분에 대해 논의할 필요가 있다""고 했다."
https://n.news.naver.com/mnews/article/018/0006175418?sid=105,2025-12-01 16:53:11,IT/과학,"""3조원 주파수 재할당, '경매가 기준' 뜯어고쳐야""…전파법 개정 요구도","정부는 5G SA 전환 조건부 최대 15% 할인 제시SKT와 LGU+ ‘경매가 할인’ 정면 충돌학계, 낙찰가 기준 바꿔야박충권 의원 ""재할당 대가 예측 가능성 높이는 법 통과시켜야""[이데일리 윤정훈 기자]내년 이용 기간이 만료되는 3조원 규모의 이동통신 주파수(3G·LTE) 재할당 대가 산정 방식을 두고 이통사 간 이해관계가 첨예하게 엇갈리는 가운데, 전문가들은 현행 ‘경매 대가 연동’ 방식의 전면적인 개선을 요구했다.과학기술정보통신부는 1일 오후 서울 강남구 아이티스퀘어에서 열린 ‘이동통신 주파수 재할당 세부 정책방안 공개설명회’에서 LTE 주파수 재할당 대가를 기준 가격 대비 최대 15% 할인하는 안을 제시했다. 더불어 정부는 할인 조건으로 LTE망에 의존하지 않는 5G 단독모드(SA) 전환과 실내 무선국 2만국 이상 구축을 내걸었다. 2030년 열릴 6G 시대를 대비하기 위해서 5G SA 투자가 필요하다는 판단에서다.주파수 재할당 정책 방향(사진=윤정훈 기자)정부 “통신사 5G SA 전환 가속화해 AI 시대 준비해야”오용수 과기정통부 전파정책국장은 이날 “AI 3대 강국으로 가기 위해 네트워크가 AI 인프라를 어떻게 받쳐주느냐는 중요한 기로에 서 있다”며 “설비 경쟁을 넘어 서비스 기반 경쟁으로 나아가야 한다”고 강조했다.남영준 과기정통부 주파수정책과장 역시 “이번 재할당 기간을 통해 국내 5G망을 SA로 고도화하여 AI로 활용할 수 있는 네트워크 효율화가 필요하다”고 설명했다.학계와 전문가들도 5G SA 전환의 필요성에 힘을 실었다.최수한 단국대 교수는 “현재의 비단독모드(NSA)는 LTE 기반이라 초저지연 등 5G 본연의 기능을 발휘하지 못한다”며 “2030년 6G 상용화 시 5G 망 위에 6G가 올라가는 형태가 되려면 지금 SA 전환이 필수적”이라고 지적했다.“초등학교 성적으로 대입 평가하나” vs “경매 원칙 훼손 말라”최대 쟁점은 2.6㎓ 대역의 대가 산정 기준이다. 2016년 경매에서 해당 대역을 낙찰받은 SK텔레콤(017670)은 2021년 재할당을 통해 같은 대역을 저럼하게 확보한 LG유플러스(032640) 수준의 할인을 요청하고 있다.성석함 SKT 부사장은 “동일 대역, 동일 폭의 가치는 다르지 않다”며 “경매 대가가 10년, 20년 뒤 재할당까지 이어지면 경매는 기회가 아니라 불이익이 된다. LGU+가 2021년에 받은 27.5% 수준의 할인을 동일하게 적용해 달라”고 호소했다.반면 박경중 LG유플러스 상무는 “SKT가 지불한 금액은 당시 가치를 보고 프리미엄을 스스로 지불한 것”이라며 “이제 와서 가격을 낮춰달라는 것은 경매 제도의 근간을 흔드는 위험한 선례로 향후 5G 주파수 재할당도 할인 요청할 수 있다”고 반박했다.이에 대해 법·경제학적 관점에서 현행 산정 방식의 모순을 지적하는 목소리도 나왔다.안정민 한림대 교수는 “10년 전 경매가를 기준으로 삼는 것은 초등학교 2학년 성적으로 대입을 치르는 것과 같다”며 “정부가 전파법 시행령 14조를 다 고려하지 않고 재량권을 남용해 합리적 이유 없이 차별적 처분을 하는 것은 위법 소지가 있다”고 강하게 비판했다.1일 오후 서울 강남구 아이티스퀘어에서 열린 이동통신 주파수 재할당 공개설명회에서 토론이 진행되고 있다(사진=윤정훈 기자)전문가들 “주파수 재할당 ‘낙찰가’ 기준 바꿔야”전문가들은 이번 논란의 근본 원인이 10년 전 경매가 기준의 비합리성, 시장 기반 접근 부족에 있다고 지적했다. 또, 미래 투자·서비스 연속성을 반영할 필요가 있다고 했다.김예원 세종대 교수는 “과거 시점의 가격을 참고하는 방식에서 벗어나, 시장 기반 접근을 통해 정책의 예측 가능성을 높이고 기업의 중장기 투자를 유인해야 한다”고 덧붙였다.안정상 중앙대 겸임교수는 “주파수 재할당은 신규 할당과 달리 기존 이용자 보호와 서비스 연속성이 중요하다”며 “과거의 비용 회수보다는 5G SA 전환 투자, 요금 인하 효과 등 미래지향적 요소를 대가 산정에 더 비중 있게 반영해야 한다”고 제언했다.정부기관은 LTE 가치가 하락하지 않았기 때문에 현재 가격은 적절하다고 이번 주파수 재할당 가격 산정의 배경을 밝혔다.박승근 한국전자통신연구원(ETRI) 전파연구본부장은 “현재 3800만 대의 5G 단말 중 80%인 약 3000만 대가 NSA 단말”이라며 “이 단말들이 재할당 기간인 2031년까지 모두 SA로 바뀐다고 보기 어렵기 때문에, LTE 주파수 가치가 급격히 하락했다는 주장에 쉽게 동의하기 어렵다”고 말했다.한편 대가 산정 방식을 둘러싼 통신업계 갈등이 커지고 있는 가운데, 박충권 국민의힘 의원은 “혼란의 원인은 정부의 자의적 행정에 있다”며 전파법 개정의 조속한 통과를 촉구했다. 박 의원은 “재할당 대가 산정 기준이 해마다 뒤바뀌는 ‘고무줄 잣대’가 오늘의 진흙탕 싸움을 만든 핵심 원인”이라며 “깜깜이 행정을 근본적으로 막으려면 명확한 기준의 법제화가 시급하다”고 지적했다.박 의원은 2024년 12월, 재할당 대가 산정의 투명성을 확보하고 예측 가능성을 높이기 위한 전파법 일부개정안을 대표 발의했다. 개정안은 주파수의 기술 생애주기별 가치 하락을 고려해 재할당 대가를 산정하도록 법에 명시해 행정의 자의성을 구조적으로 차단하는 내용을 담고 있다. 박 의원은 “주파수는 공공재이며 정부가 관리할 때 가장 중요한 것은 예측 가능성과 신뢰”라며 “정기국회에서 개정안을 반드시 처리해 소모적 논쟁을 끝내고 투명한 재할당 기준을 확립해야 한다”고 강조했다."
https://n.news.naver.com/mnews/article/119/0003031879?sid=105,2025-12-01 16:59:16,IT/과학,"SKT ""동일 가치, 동일 대가"" vs LGU+ ""동일 그룹이라도 가치 달라""","과기부, 직전 할당대가 우선 고려 + SA 도입 시 가치 하락(약 15%) 반영SKT “동일 가치면 동일 대가” LGU+ “단순 동일 대가 적용은 왜곡”과학기술정보통신부는 1일 오후 2시 서울 강남구 아이티스퀘어에서 ‘이동통신 주파수 재할당 세부 정책방안’ 공개설명회를 열었다.ⓒ데일리안 조인영 기자[데일리안 = 조인영 기자] 정부가 직전 할당대가를 기준으로 재할당가를 산정하되, 5G SA(단독모드) 도입 확산에 따른 LTE 가치 하락분을 반영해 약 15% 하향 조정하고, 여기에 실내 무선국 구축 실적 등에 따라 추가 감면하는 인센티브 옵션을 적용하는 방안을 제시했다.SK텔레콤과 LG유플러스는 2.6㎓ 대역의 재할당 대가를 두고 입장차를 보였다. SK텔레콤은 '동일 대역, 동일 대가'를 주장했고 LG유플러스는 출발선과 활용가치가 달라 단순 동일 적용은 왜곡이라고 맞섰다.과학기술정보통신부는 1일 오후 2시 서울 강남구 아이티스퀘어에서 ‘이동통신 주파수 재할당 세부 정책방안’ 공개설명회를 열었다.재할당 대상은 내년 6월과 12월 이용기간이 만료되는 3G·LTE 주파수로 SK텔레콤 155㎒(메가헤르츠), KT 115㎒, LG유플러스 100㎒ 규모다.주파수 재할당은 기존 이용자가 대가를 지급하고 다시 동일 대역을 이용하는 절차다.앞서 과기부는 지난 6월, 이용기간이 2026년 종료되는 370㎒폭 주파수를 기존 이용자에게 재할당하기로 결정하며, 대역별 이용기간과 재할당대가 등을 포함한 세부 방안을 연내 마련하겠다고 밝혔다.정부, 직전 할당대가 우선 고려 + SA 도입 시 가치 하락 반영 제시정부는 직전 할당대가를 재할당가 산정의 기준으로 삼되, 5G SA 도입 및 확산으로 인해 LTE 주파수 가치가 약 15% 하락하는 점을 반영해 기본 가격을 조정하기로 했다. 실내 무선국 구축 실적 등 투자 조건에 따라 대가를 차등 부여하는 인센티브 옵션도 함께 제시했다.김지환 정보통신정착연구원 실장은 '이동통신 현황 및 재할당대가 산정 방향' 발표에서 5G SA 필요성에 대해 ""다가오는 AI 및 6G 시대에 필수적""이라며 전세계적으로도 43개 국가에서 77개 사업자가 도입했다고 밝혔다.그러면서 2021년 재할당과 동일하게 직전 할당대가를 기준으로 주파수 가치 변화를 고려하는 접근이 필요하다고 밝혔다.다만 국내 5G SA 도입·확대 및 실내 5G 무선국 구축 시 4G 주파수 의존 감소를 대가 산정에 반영해야 한다고 덧붙였다.국내에서는 KT만 5G SA 상용망을 구축한 상황이다. SK텔레콤과 LG유플러스는 5G NSA(Non-Stand alone) 기반으로 통신망을 운용하고 있다.남영준 과기부 전파정책국 주파수정책과장은 '이동통신 주파수 재할당 세부 정책방안' 발표에서 재할당이 적용되는 2026~2029년에는 AI 시대를 대비하는 망 고도화가 필요하다고 설명했다.아울러 주파수의 효율적 이용, 3G·4G 서비스 이용자 보호 등을 종합적으로 고려할 때 대역별로 이용 기간을 구분해야 한다고 봤다.6G 서비스 상용화 등에 대비해 광대역 주파수 확보 필요성이 필요하다고 판단하는 구간은 이용기간을 3년으로, 그 외 대역은 5년으로 두는 방식이다. 3년 적용은 1.8GHz 대역 20MHz폭, 2.6GHz 대역 100MHz폭이 된다.또한 향후 4G 주파수 활용 감소 등을 감안해 사업자별로 1개 블록에 대해 이용기간을 단축하는 것을 허용할 방침이다.재할당대가의 경우 LTE 가치 변동을 고려해 주파수 가치를 직전 대가에서 약 15% 하향 조정하기로 했다.5G 실내 무선국(신고 기준)을 2만국 이상 구축할 경우 통신 3사 합산 할당대가는 약 2조9000억원, 1만국 이상은 약 3조원, 1만국 이하는 약 3조1000억원으로 할당대가가 부여된다.남영준 과기부 전파정책국 주파수정책과장이 1일 오후 2시 서울 강남구 아이티스퀘어에서 ‘이동통신 주파수 재할당 세부 정책방안’ 공개설명회에서 발표를 하고 있다.ⓒ데일리안 조인영 기자SKT “동일 가치면 동일 대가”주파수 이용대가와 관련해 2.6㎓ 구간이 사업자 간 가장 큰 쟁점이었다.SK텔레콤은 2016년 주파수 경매에서 2.6㎓ D블록(40㎒)을 9500억원, E블록(20㎒)을 3277억원 등 총 1조2777억원에 낙찰 받아 10년간 이용 중이다. 이 60㎒가 내년 재할당 대상이다. 정부는 재할당 대상 주파수를 총 5개(A~E) 그룹으로 분류하고 있다.LG유플러스는 2013년 경매에서 2.6GHz 대역 40㎒를 4788억원에 확보하고 8년 이용 이후, 2021년 재할당 시 27.5% 할인을 적용받았다. 이 40㎒가 내년 재할당 대상이다.이날 SK텔레콤은 '동일 가치, 동일 대가'를 주장하며 재할당 대가 산정 시 2021년 수립 당시 LTE 주파수 가격에서 27.5%를 할인해야 한다고 주장했다.성석함 SK텔레콤 사업협력실장은 ""SKT는 현재 2.6㎓ 대역에서 경쟁사 대비 2배 이상의 대가(㎒당 SKT는 23억8000만원, LG유플러스는 10억8000만원)를 지불하고 있다""면서 ""과거 서로 다른 시점의 경매 결과와 이용기간 차이에서 기인한 것""이라고 지적했다.그러면서 주파수의 가치 산정 시 달라진 환경과 변수 등 현재 가치를 충분히 고려해야 한다고 주장했다.성 실장은 ""2.6㎓ 대역의 대가를 과거 경매가만 고려해 산정하는 것은 ‘낙찰을 한번 받으면 재할당 때 시장 상황이 나빠져도 주파수 효용성이 떨어져도 높은 경매가가 영원히 기준이 된다’를 공식화하는 것과 같다""면서 ""과거 경매대가가 10년, 20년 뒤 재할당까지 이어진다면, 경매는 ‘기회’가 아닌 끝없이 안고 갈 ‘불이익‘이 될 것""이라고 지적했다.성 실장은 ""정부는 2021년 재할당 당시, LTE 주파수의 경제적 가치가 27.5% 수준으로 하락했다고 판단하고 재할당 대가를 인하한 바 있다""면서 ""LTE가 정체기에 접어들고 신규 투자·성장의 중심축이 5G로 옮겨가고 있는 시장 현실을 인정한 것""이라고 말했다.이어 ""이번 추가된 SKT 2.6㎓ 대역과 KT 1.8㎓ 대역에 대해서도 27.5% 인하를 적용하는 것이 정책의 일관성과 신뢰보호 차원에서 당연히 반영돼야 한다""고 덧붙였다.LGU+ “단순 동일 대가 적용은 왜곡”SKT의 '동일대역 동일대가' 주장에 대해 LG유플러스는 정부의 재할당 정책 기준과 실제 사례를 상당 부분 생략하고 왜곡한 해석이라고 반박했다.2021년 재할당 당시 적용된 ‘K-means 방식’은, 경매 이력이 없어 자체 가격이 없는 심사할당 주파수의 가치를 경매가가 있는 대역과 비교해 합리적으로 산정하기 위한 보정 절차였다는 것이다.박경중 LG유플러스 상무는 ""2021년 당시 자기 경매가격이 존재하는 주파수 대역의 경우에는 자기 경매가격을 그 대로 반영해 재할당대가를 산정했다""고 말했다.K-means C그룹에 SKT와 LGU+의 2.6GHz대역이 포함돼 있다는 이유로 '동일 가치'라는 주장이 있지만, 사실은 '같은 C 그룹'내에서도 모든 주파수에 대해서 자기 경매대가를 반영했기 때문에 동일 그룹 내에서도 각자 다른 가치가 적용됐다고 강조했다.특히 2.6GHz대역은 주파수를 확보할 당시 주파수 생태계·장비 지원·활용가치가 크게 달랐으며, 이로 인해 두 대역은 지금까지도 경제적 가치가 완전히 다른 상황이라고 지적했다.박 상무는 ""2013년 LGU+가 확보한 2.6GHz대역은 이를 지원하는 장비와 단말이 전혀 없는, 국내에 생태계가 형성되지 않은 '불모지와 같은 주파수'였다""면서 ""2016년 타사는 2.6GHz대역 40MHz폭과 20MHz폭을 하나의 장비로 묶어 60MHz폭의 초광대역으로 활용할 수 있기 때문에 2.6GHz대역의 활용가치를 스스로 매우 높게 평가했다""고 말했다.이어 ""'같은 2.6GHz대역'이라도 활용가치 측면에서 통신망 투자 및 운영 효율성에 따른 경제적 가치의 현격한 차이는 현재까지도 지속적으로 작용한다""고 강조했다.그러면서 이번 주파수 재할당이 향후 재할당대가 산정의 기준이 될 수 있는 만큼, 각 주 파수가 가지는 실질적인 경제적 가치(초광대역 vs 광대역)의 차이가 정확하게 반영될 수 있도록 전파법과 그간 정부의 일관된 재할당대가 산정원칙에 근거해 합리적으로 산정이 이뤄질 수 있기를 기대한다고 덧붙였다.성석함 SK텔레콤 사업협력실장(오른쪽)이 1일 오후 2시 서울 강남구 아이티스퀘어에서 ‘이동통신 주파수 재할당 세부 정책방안’ 공개설명회에서 발언하고 있다.ⓒ데일리안 조인영 기자KT는 재할당 조건으로 정부가 5G SA 구축을 제시한 것과 관련해 추가 인센티브를 마련해 달라고 요청했다.박철호 KT 상무는 ""재할당 조건으로 5G SA 부과된 것을 뜻깊게 생각한다""면서도 ""KT 가입자 절반이 SA를 이용하고 있다. 정부 정책에 맞춰 선제적으로 적용한 사업자 추가 인센티브가 눈에 보이지 않는다. 추가적으로 반영되기를 기대한다""고 말했다.재할당 대가 관련해서는 박 상무는 “3G 종료는 사업자 혼자서는 어렵다”며 가입자 전환 과정에서의 정부 정책 지원도 필요하다고 요청했다.이어 ""4G 주파수에서 사업자별로 1개 블록 이용기간 단축 허용한다고 했는데 기술 진화 촉진 관점에서 적법적으로 정책 운용을 기대한다""고 말했다.이어 ""5G의 추가 주파수 수요는 없는 상황""이라며 ""향후 신규 주파수 공급은 업계 확실한 수요와 경쟁적 경매 참여 의사가 있는 시점에 검토하는 것이 바람직하다""고 덧붙였다.직전 대가 기준 해석·형평성 두고 전문가 입장차이번 공개설명회에서는 ▲이동통신 시장 현황 및 재할당대가 산정 방향(KISDI)▲이동통신 주파수 재할당 세부 정책방안(안)(과기정통부)에 대한 발표 이후, 학계·연구계·사업자 및 소비자단체 등이 참여하는 토의가 진행됐다.안정민 한림대 교수는 재할당 대가 산정 시 할당 주파수의 경제적 가치, 예상 매출액, 기술·시장 환경 변화 등을 종합적으로 고려해야 한다고 강조했다.그는 직전 할당대가를 기준으로 재할당가를 산정하는 것에 대해 ""시청률 감소로 2021년에는 TV 수신료를 감면해주면서 올해 TV 사는 사람에게는 시점이 다르다며 감면을 적용하지 않는 것과 같다""며 ""동일 사안에 대해 동일 처분하는지를 봐야 한다""고 말했다.이어 ""주파수 부담으로 네트워크 고도화가 지연된다면 국내 경쟁력은 약화되고 그 자리를 스타링크같은 외국 통신이 들어오게 된다""면서 대가 부담을 현실화할 것을 촉구했다.이에 대해 박경중 LG유플러스 상무는 ""정부가 주파수 대가 산정방식을 전파법 취지에 맞춰 제시한 것은 기업에게 예측가능성, 일관성을 줬다는 측면에서 의미가 있다. 경매제는 주파수 투자 사업, 전략 등을 고려해 주관적인 가치에 따라 결정하며 낙찰가는 그 사업자가 승낙하는 경제적 가치""라며 ""경매제 통해 결정되는 경매대가가 경제적 가치 반영하는 것""이라고 말했다.박철호 KT 상무는 ""2.6GHz 대가로 LG와 SK가 싸우고 있어 고래싸움에 새우 등 터지는 거 같다. 경매 당시에는 여러 경쟁 요소 등을 복합적으로 반영해 결정된다""면서 ""한 번의 결정으로 영속적으로 꼬리표를 달아야 한다면 고민되는 지점은 있을 것""이라고 언급했다.주파수 대가 산정에 대해 남 과장은 ""대역 가치를 가깝게 보여주는 것은 과거에 선정된 대가""라며 ""이를 우선적으로 고려하는 것이 전파 법령 취지에 맞게 해석하는 것으로 봤다""고 설명했다.이어 ""과거 대역 대가에는 가격이 설정된 배경, 맥락 등이 포함된 것이고 그러한 것들을 고려하라는 취지로 판단했다""고 덧붙였다.과기정통부는 이날 수렴된 의견들을 검토·반영해 연내 최종 방안을 확정할 계획이다."
https://n.news.naver.com/mnews/article/640/0000080969?sid=101,2025-12-01 17:14:33,경제,Korean companies cut back for 2026 due to global slowdown,"Prime Minister Kim Min-seok, third from right, and mid-size business executives clap during a ceremony on mid-size enterprises at Lotte Hotel in Jung District, central Seoul on Dec. 1. [NEWS1]Korean companies are increasingly shifting their business strategies for 2026 from expansion to maintenance, as the economic slowdown and global uncertainty drag on and regulations on businesses tighten. The aggressive drive that once fueled the country’s economic growth through bold corporate investment appears to be fading.“The only certainty in next year’s plan is uncertainty,” said a senior executive at one of Korea’s top 10 conglomerates, describing their 2026 management strategy.Holding the line and cutting headcountA recent survey by the Korea Enterprises Federation (KEF) of 229 companies with more than 30 employees showed that among those with finalized plans for next year, 39.5 percent were aiming to maintain current levels, while 31.4 percent planned to tighten operations.Together, those opting for a maintenance or constricted strategy accounted for more than 70 percent — establishing “defensive management” as the dominant approach among Korean enterprises. Only 29.1 percent of companies planned for expansion.Among those choosing a constricted business strategy, the top tactic was “optimizing work force management,” cited by 61.1 percent. It marked the first time in nine years — since the 2017 forecast — that labor adjustment topped the list of cost-cutting measures.Several struggling industries have already begun restructuring this year. Companies in petrochemicals, such as LG Chem, steel such as Hyundai Steel, home appliances such as LG Electronics, telecommunications like SK Telecom and LG U+ and retail with companies such as 11st and Hyundai Duty Free, have all accepted applications for voluntary retirement, citing business restructuring and a renewed focus on profitability.When asked about hiring plans, 52.3 percent of companies in the KEF survey said they would maintain current levels. Among large firms with 300 or more employees, 41 percent said they would reduce hiring — the most common response in that category.A separate analysis by Leaders Index of 152 companies among Korea’s top 500 businesses that submitted sustainability reports also reflects this trend. These firms hired 154,266 new employees last year — a 12 percent decline from the year before, and a 29.9 percent drop compared to two years earlier.“I’ve graduated from a decent university and done two internships so far, but it’s still hard to get a job with a liberal arts degree,” said a 26-year-old job-seeking university student surnamed Park. “Companies are expanding AI-based roles while cutting back on traditional ones.”Job seekers read notices for positions on bulletin boards at a job fair held at Setec in Gangnam District, southern Seoul on Nov. 20. [NEWS1]Domestic investment shrinks as focus turns abroadCaution was also evident in investment plans for Korean companies. Overall, 48.3 percent of companies surveyed by KEF said they would maintain their current investment levels.Among large companies with more than 300 employees, 40 percent said they would reduce domestic investment, exceeding the 35 percent that said they would maintain or the 25 percent that said they would expand domestic investment.In contrast, 45.7 percent said they planned to expand overseas investment. That figure reflects a yearslong shift toward Southeast Asia, including Malaysia, as well as growing investments in the United States. When a major manufacturer moves abroad, its primary and secondary suppliers often follow.President Lee Jae Myung, center, and the heads of top Korean conglomerates, including SK Group Chairman Chey Tae-won, seccond from left, and Samsung Electronics Executive Chairman Lee Jae-yong, second from right, salute the flag before a joint government and private sector meeting at the presidential office in Yongsan, central Seoul on Nov. 16. [JOINT PRESS CORPS]President Lee Jae Myung raised concerns over such an imbalance between domestic and overseas investment at a meeting with business leaders on Nov. 16, saying, “I’m worried that the growing emphasis on investment in the United States may come at the expense of domestic investment,” and called for a more balanced strategy.“A push for domestic facility investment under soaring electricity rates and labor costs is like asking us to absorb a fixed-cost bomb,” said a source at one manufacturing firm. “Add policy variables like the Yellow Envelope Law and revisions to the Commercial Act, and the environment is forcing businesses into a defensive stance.”The ruling Democratic Party is currently pushing a third round of amendments to the Commercial Act, which would mandate the retirement of treasury shares. This follows earlier revisions to the act and the so-called Yellow Envelope Law — amendments to Articles 2 and 3 of the Trade Union Act.“If both domestic and global firms are to actively invest and hire in Korea, additional regulations on businesses must be minimized, and bold reforms — such as increasing labor market flexibility — need to be introduced,” said Ha Sang-woo, head of the economic research division at the KEF.This article was originally written in Korean and translated by a bilingual reporter with the help of generative AI tools. It was then edited by a native English-speaking editor. All AI-assisted translations are reviewed and refined by our newsroom."
https://n.news.naver.com/mnews/article/001/0015772202?sid=105,2025-12-01 17:19:13,IT/과학,"5G SA 의무화…정부, 주파수 재할당 최대 15% 할인","5G 단독모드 전환 유도·NSA 의존 구조 개선SKT·LGU+ 2.6㎓ 가치 평가 '이견'…대가 3조원대이동통신사(서울=연합뉴스) 류영석 기자 = 이동통신 3사가 반납한 5세대 이동통신(5G) 28㎓ 주파수 할당 신청 마감일인 19일 서울 서대문구의 한 휴대폰 대리점에 기존 이동통신 3사의 로고 간판이 걸려 있다. 2023.12.19 ondol@yna.co.kr(서울=연합뉴스) 박형빈 기자 = 정부가 내년 이동통신 LTE 주파수 재할당에서 5G 단독모드(SA) 도입·확산을 고려해 기준가격을 최대 15%를 인하하고 SA 서비스 제공을 의무화하기로 했다.과학기술정보통신부는 1일 서울 강남구 아이티스퀘어에서 개최한 '이동통신 주파수 재할당 세부 정책 방안 공개 설명회'에서 이런 내용을 발표했다.정부는 망 고도화와 주파수 효율성 등을 고려해 재할당 조건과 가격 산정 기준을 종합적으로 검토했다고 설명했다.5G SA는 하나의 물리적 핵심 네트워크를 독립된 다수의 가상 네트워크로 분리한 뒤 맞춤형 서비스를 제공하는 '네트워크 슬라이싱' 기술 등이 가능해 인공지능 시대에 필수적인 인프라로 꼽히지만, 투자 비용이 많이 들어 국내 통신사 참여가 저조했다.국내 통신업계는 5G 서비스에서 LTE 주파수를 활용하는 비단독모드(NSA)를 사용하고 있다.당국은 AI 확산에 따른 네트워크 고도화 필요성이 커지고 있다는 점을 강조하며 5G SA 전환을 장려하겠다고 밝혔다.과기정통부 관계자는 ""이번 재할당 대상 주파수는 이미 시장에서 경매를 통해 가치가 평가된 만큼 기존 할당 대가를 참조하되, 5G SA 도입·확산에 따른 가치 하락 요인을 반영했다""고 말했다.사업자는 5G 실내 품질 개선을 위해 이날부터 2031년까지 실내 5G 무선국을 최대 2만국 이상 구축해야 한다. 구축 규모에 따라 할당 대가는 1만국 이하 약 3조1천억원, 1만국 이상 약 3조원, 2만국 이상 약 2조9천억원으로 차등 적용된다.이용 기간은 1.8㎓ 대역 20㎒폭, 2.6㎓ 대역의 100㎒폭에 대해서는 3년으로, 그 외 대역에는 5년으로 차등화한다.이와 함께 LTE 가입자 감소와 5G SA 도입 시 LTE 주파수 활용 축소 가능성을 고려해 2.1㎓·2.6㎓ 대역의 통신사별 1개 블록은 이용 기간 1년 이후 반납을 허용하기로 했다.설명회에서는 2.6㎓ 대역 가치 평가를 두고 SK텔레콤과 LG유플러스가 의견 차이를 보이기도 했다.성석함 SK텔레콤 사업협력실장은 ""현재 SKT는 2.6㎓ 대역에서 경쟁사보다 2배 이상 높은 대가를 지불하고 있다""며 ""동일 대역에는 동일한 대가를 적용하는 정책 일관성이 필요하다""고 주장했다.반면 박경중 LG유플러스 대외협력담당 상무는 ""정부 정책 기준과 과거 사례를 생략한 왜곡된 주장""이라며 ""2.6㎓ 대역은 확보 시점의 주파수 생태계·장비 지원 수준 등이 크게 달랐고, 지금까지도 두 대역의 경제적 가치는 동일하지 않다""고 반박했다.정부는 올해 안에 세부 정책을 확정하고 이통사가 내년 재할당 신청을 준비할 수 있도록 한다는 계획이다.binzz@yna.co.kr"
https://n.news.naver.com/mnews/article/016/0002565629?sid=105,2025-12-01 17:38:17,IT/과학,5G 실내망 투자 시 ‘3조’ 내외·단독망 ‘고도화’ 필수,"3G·LTE 주파수 370㎒ 폭 재할당LTE 이용자 감소에도 이용 적잖아SKT·LGU+, 2.6㎓ 가격 두고 격돌서울 시내 한 휴대폰 매장 앞을 시민이 지나고 있다. 이상섭 기자[헤럴드경제=고재우 기자] 통신 3사가 5G 서비스 품질을 끌어 올리기 위해 투자해야 할 주파수 할당 대가가 ‘3조원’ 내외로 결정될 전망이다.이와 함께 정부는 통신 3사에 무선서비스용 주파수 재할당 조건으로, 5G 단독망(SA) 고도화를 제시했다.1일 과학기술정보통신부(과기정통부)는 서울 강남구 소재 오쿠우드 호텔에서 ‘이동통신 주파수 재할당 세부 정책방안 설명회’를 열고, 이통 3사가 납부해야 할 주파수 할당 대가로 ‘3조원 내외’로 제시했다.세부적으로 통신 3사의 합계 할당 대가는 ▷2만국 이상(사업자당 추가 실내무선국 수) 약 2조9000억원 ▷1만국 이상(약 3조원) ▷1만국 이하(약 3조1000억원) 등이다.과기정통부는 3G·LTE 주파수 370㎒(메가헤르츠) 폭을 재할당키로 했다. 20㎒는 3G용, 나머지 350㎒는 LTE(롱텀에볼루션·4G)용 주파수다. 통신사별로 SK텔레콤 155㎒, KT 115㎒, LG유플러스 100㎒ 대역폭 등이다.문제는 LTE 등 주파수였다. 5G 이용자 증가에도 불구하고, 4G 이용자는 여전히 많다. 실제로 과기정통에 따르면 국내 전체 휴대폰 사용자 중 5G 서비스 이용자 비중은 2023년 말 59.7%에서 올해 3분기 65.8%로 높아졌다. 같은 기간 4G 이용자 비중은 40.9%에서 33.4%로 낮아졌으나 적잖은 수준이다.특히 4G는 5G에서도 쓰인다. 국내에서는 LTE를 병용하는 5G 비단독모드(NSA) 방식이 일반화돼 있는데, 이를 통해 5G 음영지역을 커버키도 한다. 단 5G NSA는 저지연, 대량 연결 등 5G 다른 기능 구현에 한계가 있다.아울러 과기정통부는 5G SA 전환을 필수 조건으로 제시했다. 5G SA는 기지국부터 코어망까지 모두 5G로만 구성된 구조다. 과기정통부는 실내 무선국 투자가 일정 수준에 이를 경우, 주파수를 더 싼 가격에 제공할 예정이다.향후 6G 이행 과정에서 LTE 주파수 활용이 떨어질 경우, 이용 기간 단축도 허용할 방침이다.한편 이날 설명회에서는 SK텔레콤과 LG유플러스가 2.6㎓ 대역 가격 차이를 두고 격돌하기도 했다.SK텔레콤은 같은 대역을 쓰면서도 LG유플러스와 가격 격차가 크게 난다고 문제를 제기해 왔다. 이 때문에 주파수 재할당 시에는 현재의 경제적 가치, LTE 성능 격차 등을 고려한 가격 책정이 필요하다는 입장이다.반면 LG유플러스는 단말·장비 생태계·단독 입찰 등 초기 투자 비용, 각 사업자가 마지막으로 확정받은 할당 대가를 기준으로 산정토록 규정한 전파법과 정부 재할당 기준을 들며 맞섰다.이와 관련 과기정통부는 “이번 재할당의 경우 모든 대역에서 과거 경매 사례가 있다”며 “과거 할당 대가 등을 반영해 산정할 계획”이라며, 사실상 SKT 주장을 일축했다."
https://n.news.naver.com/mnews/article/029/0002996795?sid=105,2025-12-01 17:53:52,IT/과학,주파수 재할당 앞두고 SKT·LGU+ 정면 충돌…2.6㎓ 가격 논쟁 격화,"SKT “동일 대역, 동일 대가 적용해야”LGU+ “같은 대역이라도 경제적 가치 달라”박경중(왼쪽부터) LG유플러스 커뮤니케이션센터 대외협력담당(상무), KT 박철호 통신정책그룹장(상무), 성석함 SK텔레콤 컴센터 사업협력실장(부사장) 등 이동통신 3사 임원이 1일 서울 강남구 아이티스퀘어에서 열린 ‘이동통신 주파수 재할당 세부 정책방안 공개설명회’에서 토론에 참여하고 있다.정부가 내년 3세대(3G) 이동통신, LTE(4G) 주파수 재할당을 앞두고 세부 정책방안(안)을 공개한 가운데 SK텔레콤과 LG유플러스가 정면 충돌했다. 2.6기가헤르츠(㎓) 대역 할당대가를 두고 SK텔레콤은 동일 대역에는 동일한 대가를 적용해야 한다고 주장한 반면, LG유플러스는 양사가 보유한 대역의 경제적 가치가 다르다며 맞섰다.성석함 SK텔레콤 컴센터 사업협력실장(부사장)은 1일 서울 강남구 아이티스퀘어에서 열린 ‘이동통신 주파수 재할당 세부 정책방안 공개설명회’ 토론에서 “SK텔레콤은 현재 2.6㎓ 대역에서 경쟁사 대비 2배 이상의 대가를 지불하고 있다”며 “동일 가치를 갖는 동일 대역은 같은 가치를 매겨야 된다는 정책적 일관성을 유지해달라”고 말했다.이번 재할당 대상 주파수는 내년 재할당 시점이 도래하는 3G·LTE 주파수 총 370메가헤르츠(㎒) 규모다. 이 가운데 쟁점이 되는 건 2.6㎓ 대역이다. SK텔레콤과 LG유플러스는 이 대역 주파수를 각각 60㎒, 40㎒ 보유하고 있는데 할당대가는 크게 차이 난다.SK텔레콤은 지난 2016년 주파수 경매에서 2.6㎓ D블록(40㎒)을 9500억원, E블록(20㎒)을 3277억원에 낙찰받아 10년간 총 1조2777억원을 지불한다. 반면 LG유플러스는 2013년 경매에서 같은 2.6㎓ 대역 40㎒를 4788억원에 확보해 8년간 이용했고, 2021년 재할당 시 기존 대가에서 27.5% 할인을 추가로 받아 약 6957억원을 낸 것으로 추정된다.SK텔레콤은 동일한 대역을 이용하면서도 대가가 2배 이상 차이 나는 것은 부당하다는 입장이다. 반면 LG유플러스는 두 회사가 보유한 대역의 경제적 가치 자체가 달라 가격 차이가 나는 것은 당연하다고 반박한다.성 부사장은 “두 대역은 기술적으로 교차 활용이 가능하고 정부도 2021년 재할당 당시 두 대역을 같은 그룹으로 묶어 동일성을 인정한 바 있다”며 “과거 경매가가 다르다는 이유만으로 대가가 2배 이상 차이 난다는 것은 납득하기 어렵다”고 강조했다.이에 대해 LG유플러스 박경중 커뮤니케이션센터 대외협력담당(상무)은 “2.6㎓ 재할당대가에 대해 동일 대역 동일 대가라는 주장이 있는데, 이는 정부의 재할당 정책 기준과 실제 사례를 상당 부분 왜곡한 해석”이라며 “2021년 재할당 당시 적용된 ‘K-meas 방식’은 경매 이전에 경매 가격이 없는 해당 심사할당 주파수의 적절한 가치를 산정하기 위해 사용했을 뿐이며, 같은 C그룹 내에서도 자기 경매 대가를 반영했기 때문에 동일 그룹 내에서도 각자 다른 가치가 적용됐다”고 말했다.박 상무는 이어 “2.6㎓ 대역은 주파수 확보 당시 주파수 생태계·장비 지원·활용가치가 크게 달랐고, 이로 인해 두 대역의 경제적 격차가 지금까지도 유지되고 있다”며 “LG유플러스가 확보한 대역은 장비와 단말 지원이 전혀 없는 ‘불모지와 같은 주파수’였던 반면 타사(SK텔레콤)는 40㎒와 20㎒를 하나의 장비로 묶어 60㎒ 폭의 초광대역으로 활용할 수 있기 때문에 같은 2.6㎓ 대역이라도 활용가치와 운영 효율성 측면에서 경제적 차이가 계속 존재하고 있다”고 부연했다.과기정통부는 이번 공개설명회를 통해 수렴된 의견들을 검토·반영해 연내 최종 방안을 발표할 계획이다."
https://n.news.naver.com/mnews/article/003/0013632638?sid=105,2025-12-01 17:59:57,IT/과학,"3G·LTE 재할당 대가, 경매가 대비 15% 낮춘다…업계 이견 '여전'(종합)","과기정통부, 주파수 재할당 세부정책안 공개설명회AI 서비스 확산으로 트래픽 증가…망 고도화 필수적기존 할당대가 참조, 가치 하락 반영 15% 하향 조정이용기간 단축 허용…이용자 보호 문제 없는지 검증SKT·LGU+, 2.6㎓ 대역 두고 치열한 공방…정부 ""유감""[서울=뉴시스] 박은비 기자 = 과학기술정보통신부가 1일 오후 서울 강남구 아이티스퀘어에서 이동통신 주파수 재할당 세부정책방안(안) 공개설명회를 개최했다. 사진은 패널 토론을 진행하는 모습. 2025.12.01. silverline@newsis.com *재판매 및 DB 금지[서울=뉴시스]박은비 김윤영 수습 기자 = 정부가 내년에 이용기간이 만료되는 3G·LTE 주파수를 재할당하는 조건으로 5G 단독망(SA) 서비스 제공을 의무화하기로 했다. 기존 경매대가를 참조하되 5G SA 도입·확산에 따른 가치 하락 요인을 반영해 기준 가격에서 약 15% 낮춘다.과학기술정보통신부는 1일 오후 서울 강남구 아이티스퀘어에서 이동통신 주파수 재할당 세부정책방안(안) 공개설명회에서 이같은 세부 정책안을 공개했다.정부는 내년에 이용기간이 종료되는 3G·LTE 주파수 370㎒폭 전체를 기존 주파수 이용자에게 재할당한다. 이용자 보호와 서비스 연속성 등을 고려해 기존 주파수 이용자에게 재할당하되, 재할당 조건으로 네트워크 고도화를 위해 5G SA 서비스 제공을 의무 이행 사항으로 내걸었다.인공지능(AI) 서비스 확산으로 데이터 트래픽 증가가 예상되는 상황에서 망 고도화가 필수적이라는 판단에서다.해당 사업자는 5G 실내 품질 향상 유도를 위해 이날부터 2031년까지 5G 실내 무선국(신고 기준) 최대 2만국 이상 구축해야 한다. 2만국 이상시 할당대가 2조9000억원, 1만국 이상 3조원, 1만국 이하는 3조1000억원 수준이다. 이용기간 5년을 기준으로 2만국 이상 조건을 충족하면 할당대가는 약 3조2000억원 정도다.이번 재할당 주파수는 이미 시장에서 경매를 통해 가치가 평가된 주파수라 기존 할당대가를 참조하면서 5G SA 도입·확산 영향에 따른 가치 하락요인을 반영했다. 예상 매출 변화, 5G SA 확산 등을 고려할 때 조정가격은 기준가격에서 약 15% 하향 조정될 것으로 예상된다.[서울=뉴시스] 현 이동통신 주파수 현황. (사진=과기정통부 제공) 2025.12.01. photo@newsis.com *재판매 및 DB 금지이용기간 단축도 허용된다. 대역정비 검토가 향후 필요할 것으로 예상되는 대역에는 이용기간 3년, 그 외 대역은 5년이 부여된다. 대역정비 검토 대역은 구체적으로 1.8㎓ 대역 20㎒ 폭, 2.6㎓ 대역 100㎒ 폭이다.3G 주파수는 서비스 폐지 승인시 주파수 이용 여부에 대한 사업자 선택권을 부여한다. 사업자는 4G(LTE) 이상의 기술방식으로 사용 가능하며 미사용시 회수가 이뤄진다.4G 주파수는 향후 활용 감소 등을 감안해 사업자별로 1개 블록에 대해 이용기간 단축을 허용한다. 2.1㎓, 2.6㎓ 대역 중 1개 블록, 이용기간 1년 이후 단축이 허용된다. 다만 이용자 보호에 문제가 없는지 사전 검증이 필요하다.이용자 보호에 문제가 없는 경우 LTE로 이용 중인 주파수도 5G로 이용 가능하도록 기술기준을 선제적으로 개정하는 방안도 추진한다.오용수 과기정통부 전파정책국장은 ""AI 3대 강국을 말하면서 네트워크 정책이 어떻게 받쳐주느냐로 중요한 기로에 서있다""며 ""이재명 정부 들어서 올해 이야기된 논의가 새 정부 통신정책방향, AI네트워크 전략 이런 이름으로 올해 말, 내년 초 준비해 발표될 것으로 예상된다""고 말했다.[서울=뉴시스] 김윤영 수습 기자 = 오용수 과학기술정보통신부 전파정책국장이 1일 오후 서울 강남구 아이티스퀘어에서 열린 이동통신 주파수 재할당 세부정책방안(안) 공개설명회에서 말하고 있다. 2025.12.01. youn@newsis.com *재판매 및 DB 금지이날 패널 토론에서 이통사들은 2.6㎓ 대역을 두고 첨예한 입장 차를 보였다.성석함 SK텔레콤 사업협력실장(부사장)은 ""현재 2.6㎓ 대역에서 경쟁사 대비 2배 이상의 대가를 지불하고 있다. SK텔레콤은 23억8000만원, LG유플러스는 10억8000만원""이라며 ""이는 기술, 서비스 품질이 아니라 과거 서로 다른 시점의 경매 결과와 이용기간 차이에서 기인한 것으로 정부도 2021년 재할당시 두 대역을 같은 그룹으로 묶어 동일성을 인정했다""고 주장했다.그러면서 ""중고차 시장에서도 같은 차종·상태의 차는 가격이 동일한데, 두 대역에 대한 동일한 평가 기준을 대입해 대가를 산정해주길 간곡히 요청한다""며 ""2.6㎓ 대역 대가를 과거 경매가만 고려해 산정하는 건 '낙찰을 한 번 받으면 재할당 때 시장 상황이 나빠지거나 주파수 효용성이 떨어져도 높은 경매가가 영원히 기준이 된다'를 공식화하는 것과 같다""고 우려했다.반면 박경중 LG유플러스 대외협력담당(상무)은 ""동일대역 동일대가 주장은 정부의 재할당 정책 기준과 실제 사례를 상당 부분 생략하고 왜곡한 해석""이라고 맞섰다.박 상무는 ""2021년 재할당 당시 적용된 K-means 방식은 경매 이전에 심사 할당으로 할당한 주파수에 대해서는 자기경매가격이 없어 해당 심사할당 주파수의 적절한 가치를 산정하기 위해 사용됐다""며 ""K-means의 같은 C 그룹 내에서도 모든 주파수에 대해 자기경매대가를 반영했기 때문에 동일 그룹 내에서도 각자 다른 가치가 적용됐다""고 설명했다.박 상무는 이어 ""2.6㎓ 대역은 주파수를 확보할 당시 주파수 생태계와 장비 지원, 활용 가치가 크게 달랐고, 이로 인해 두 대역은 지금까지도 경제적 가치가 완전히 다른 상황""이라며 ""그간 정부의 일관된 재할당대가 산정원칙에 근거해 합리적으로 산정이 이뤄지길 기대한다""고 했다.KT의 경우 박철호 KT 통신정책그룹장이 ""재할당 조건으로 5G SA 의무가 부과된 부분을 뜻깊게 생각한다""며 ""KT는 가장 먼저 5G 통신망에 SA를 적용한 사업자고, KT 전체 5G 가입자 절반 정도가 SA를 이용하고 있다. 정부 정책에 맞춰서 선제적으로 적용한 사업자에 대한 추가 인센티브가 보이지 않는데, 그런 부분들이 추가적으로 반영될 수 있길 기대한다""고 말했다.재할당 대가 관련해서는 ""2.6㎓ 대역 관련 양쪽에서 싸우고 있어서 새우등 터지는 느낌""이라며 ""KT도 SK텔레콤이랑 유사하 게 할당받은 게 있고 아쉬운 점이 있다. 경매라는 게 경매 당시 여러 경쟁 요소나 상황으로 복합적인 측면에서 경매대가가 결정되는데 한 번 결정된 경매대가가 연속적인 꼬리표로 간다면 그부분은 고민되는 지점이 있을 것이라 생각한다. 이런 부분에 대해서는 같이 논의하는 자리가 있었으면 한다""고 덧붙였다.오 국장은 패널 토론을 마친 뒤 ""지금 말한대로 매출액 요소가 고려되려면 5년간 검토돼야 하는데, 사업자들이 비단독망(NSA) 방식에서의 5G 실제 매출에서 LTE 기여 매출을 분리할 수 있냐고 했을 때 사업자들이 제출을 못했다""며 ""2021년에 결정할 때 이통3사도 기존 경매대가 기준으로 하는 부분에 대해 동의한 부분""이라고 설명했다.오 국장은 또 ""(기존 경매대가를 참조하는 게) 만약 틀렸다면 2021년에도 틀린 것""이라며 ""그때 맞고 사업자가 합의해서 결론을 내렸다면 SA로 넘어간 상황에서 그외 다른 방법은 없다 말씀드린다. 2.6㎓ 대역을 놓고 두 회사가 컨센서스를 못만든 게 굉장히 유감""이라고 밝혔다．"
https://n.news.naver.com/mnews/article/648/0000042292?sid=105,2025-12-01 18:11:06,IT/과학,주파수 재할당 공방전…정부는 '5G 전환'에 중점,"SKT·LGU+, 2.6㎓ 대역 대가 산정 의견차과기부 ""5G단독망 구축, 대가산정에 영향""이동통신 주파수 재할당 세부 정책방안(안) 공개설명회가 1일 서울 강남구 아이티스퀘어에서 열렸다. 김지환 정보통신정책연구원 전파네트워크전략연구실장이 '이동통신 시장 현황 및 재할당대가 산정방향'을 주제로 발표하고 있다./사진=이명근 기자 qwe123@3G·LTE 주파수 재할당 시기가 다가오며 SK텔레콤과 LG유플러스가 2.6㎓(기가헤르츠) 대역 주파수 재할당 대가를 놓고 신경전을 벌이고 있다. LG유플러스는 기존 기준을 그대로 유지해야 한다는 입장이지만 SK텔레콤은 같은 대역이라면 동일한 산정 기준을 적용해 재할당 대가를 재조정해야 한다는 의견이다. 정부는 비용 산정 논쟁보다 5G 단독망(SA) 전환을 통한 네트워크 전환에 초점을 맞추는 분위기다.1일 과학기술정보통신부는 이동통신 주파수 재할당 세부 정책방안 공개설명회를 열고, 내년 말 이용기간이 종료되는 주파수 재할당 조건을 발표했다. 정부는 재할당 대가를 기존 대비 15% 인하하고, 대신 5G SA 구축을 의무 조건으로 포함하기로 했다.남영준 과기정통부 주파수정책과장은 ""기존 할당가를 유지하되 예상 매출 변화 및 5G SA 확산 등을 고려해 대역별로 재할당가를 15% 조정할 계획""이라며 ""미래 서비스 경쟁력 확보를 위해 5G SA 방식 도입이 필수적이라고 판단했다""고 밝혔다.주파수 할당은 최초 사업자간 경매를 통해 이뤄지며, 이용 기간이 종료되면 재사용 여부와 대가를 다시 산정해 재할당한다. 이번 재할당 대상은 2.6㎓를 포함한 LTE용 350㎒(메가헤르츠), 3G용 20㎒ 등 총 370㎒다. 3G는 2026년 6월, LTE는 같은 해 12월 기간이 만료된다.SK텔레콤과 LG유플러스는 2.6㎓ 대역 재할당을 놓고 지속적인 공방전을 펼치고 있다. 양사가 부담하는 비용이 두 배 이상 차이 나기 때문이다. LG유플러스는 2013년 2.6㎓ 대역 40㎒를 4788억원(8년)에 확보했고, 2021년 재할당 시 2169억원(5년)에 갱신했다. 이때 5G 투자 확대를 조건으로 27.5% 할인이 적용됐다. SK텔레콤은 2016년 동일 대역 60㎒를 1조2777억원(10년)에 낙찰받았고, KT는 해당 대역을 보유하지 않아 이번 논쟁에서 비켜서 있다.설명회 현장에서도 첨예한 갈등이 이어졌다. 성석함 SK텔레콤 사업협력실장은 ""정부는 지난 2021년 (LG유플러스 주파수) 재할당 당시 해당 대역을 같은 그룹으로 묶어서 동일성을 인정했다""며 ""중고차 시장에서도 같은 차종은 같은 가격으로 판매하는 것처럼 동일한 대역에는 동일한 평가 기준을 대입해 대가를 산정해야 한다""고 밝혔다.안정민 한림대 교수는 ""전파법 시행령 제14조는 재할당 대가를 산정할 때 기준(1~4호)을 모두 종합적으로 고려하도록 규정하고 있다""며 ""정부가 현행처럼 직전 경매가만을 기준으로 삼는다면 재량권 일탈 소지가 있다. 10년 전 경매가가 지금까지 영향을 미치는 구조라면, 초등학교 2학년 때 미래가 결정되는 것과 다름없다""고 말했다.LG유플러스는 기존 주파수 재할당 기준을 유지해야 한다는 입장을 강력히 피력했다.박경중 LG유플러스 대외협력담당(상무)는 ""동일 대역 동일 대가 주장은 정부 재할당 정책을 단편적으로 해석한 것""이라며 ""LG유플러스가 확보한 구간은 당시 장비·단말 생태계가 갖춰져 있지 않아 활용 가치가 낮았다. 반면 SK텔레콤은 이를 초광대역으로 묶어 활용할 수 있어 경제적 가치가 더 높았다""고 반박했다.정부는 양사 간 비용 논쟁에 직접 개입하기보다는 '5G 전환 가속화' 정책에 초점을 맞췄다. 이번 주파수 재할당 역시 단순한 이용 기간 연장이 아니라, 미래 네트워크 인프라 전환을 유도하기 위한 전략적 수단으로 활용한 것으로 해석된다.과기정통부에 따르면 지난 9월 기준 국내 이동통신 회선 중 5G 가입자는 3792만개(65.8%), 4G(LTE)는 1928만개(33.4%)로 집계됐다. AI·클라우드 기반 서비스 확산과 6G 대비 네트워크 고도화 필요성이 커지고 있지만, 5G 전환 속도는 여전히 기대에 미치지 못하고 있다.전문가들은 정부의 5G 전환 유도 방향성을 긍정적으로 평가했다. 김예원 세종대학교 경영학부 조교수는 ""기업 입장에서는 5G 비단독모드(NSA) 방식만으로도 현재 서비스 품질을 확보할 수 있기 때문에 SA 전환을 꺼릴 수 있다""면서도 ""국내 이동통신 시장은 3사가 사실상 과점 구조를 형성하고 있어 자율적 경쟁이 쉽게 유도되지 않는다. 국가 기술 경쟁력 제고 차원에서 정부가 정책적으로 경쟁 구도를 만들고 5G 인프라 투자를 유도할 필요가 있다""고 말했다."
https://n.news.naver.com/mnews/article/014/0005442582?sid=105,2025-12-01 18:27:13,IT/과학,"LGU+, 상품-사업 조직 분리해 ‘AX 전문성’ 높인다","2026년 조직개편 단행LG유플러스는 인공지능 전환(AX) 사업의 성과 확대와 통신 본업의 경쟁력 강화를 목표로 2026년 조직개편을 단행했다고 1일 밝혔다. 시장 환경의 변화와 고객 니즈에 보다 민첩하게 대응하고, 고객 가치에 집중해 상품 경쟁력을 극대화하기 위한 전략적 포석이다.이번 개편의 핵심은 ‘전문성 강화’와 ‘유기적인 협업 체계 구축’이다. 주요 사업 영역에서 상품 조직과 사업 조직을 분리해 전문성을 높이고, 상품을 중심으로 유관 부서들이 유기적으로 움직이는 ‘크로스 펑셔널’ 협업 체계로 전환할 방침이다.특히 핵심 사업 분야인 AX는 사업 포트폴리오에 집중하는 ‘사업 조직’과 차별화된 상품 출시를 담당하는 ‘상품 조직’으로 분리된다. 또 AX 사업을 기술적으로 지원하는 개발 조직도 주요 핵심 사업별 전담 조직 형태로 재편된다. 최고기술책임자(CTO) 산하 개발조직은 사업과 핵심 목표를 공유하며 서비스 개발의 경쟁력을 개선할 방침이다. 이를 통해 개선된 서비스가 고객에게 제공되는 시간을 단축한다는 계획이다.모바일·홈으로 대표되는 통신 본업과 B2B 유·무선 사업 영역에서도 '상품 경쟁력 제고'를 위한 체질 개선이 이뤄졌다. 모바일 사업의 디지털 전환을 가속화하기 위해 디지털 사업과 상품 조직을 분리했고, 가정용 인터넷과 IPTV로 대표되는 홈사업도 사업과 상품을 구분해 효율성을 높였다. B2B 분야에서도 클라우드 보안 등 주요 추진 신사업의 상품 기획 기능을 별도로 구성해 전문성을 강화했다.LG유플러스 이원희 인사담당(상무)은 ""상품 전문성에 기반한 사업 추진 역량과 기민하게 협업하는 조직문화를 기반으로 시장 선도기업으로 거듭나겠다""고 말했다."
https://n.news.naver.com/mnews/article/421/0008636101?sid=105,2025-12-01 18:31:15,IT/과학,"주파수 재할당 놓고 통신3사 동상이몽…정부 ""6G 내다봐야""","과기정통부, 주파수 재할당 계기로 이통3사 망 고도화 투자 유도SKT ""동일 가치 동일 대가""…LGU+ ""전파법 따라 원칙대로 해야""과학기술정보통신부는 1일 오후 서울 강남 아이티스퀘어에서 '이동통신 주파수 재할당 세부 정책 방안 공개설명회'를 개최했다. 2025.12.1/뉴스1 ⓒ News1 이기범 기자(서울=뉴스1) 이기범 기자 = 정부가 내놓은 주파수 재할당 정책을 놓고 통신 3사가 각기 다른 목소리를 냈다. SK텔레콤(017670)은 ""동일 대역, 동일 대가""를, LG유플러스(032640)는 ""전파법에 기반한 정책의 일관성""을 재차 주장했다. 정부는 인공지능(AI) 시대 미래 네트워크 인프라를 내다보고 내놓은 정책이라는 점을 강조하며 사업자 간 갈등에 유감을 표명했다.과학기술정보통신부는 1일 오후 서울 강남 아이티스퀘어에서 '이동통신 주파수 재할당 세부 정책 방안 공개설명회'를 열었다.정부 ""5G SA 도입 조건으로 LTE 주파수 재할당""이날 정부는 내년 이용 기한 만료를 앞둔 3G·LTE 주파수 재할당 조건으로 5G 단독모드(SA) 도입을 내세웠다. 정부가 6G 상용화 과정에서 목표로 한 5G SA 전환이 더딘 만큼 이번 주파수 재할당을 계기로 이동통신 3사의 설비 투자를 유도하겠다는 방침이다.또 5G 실내 품질 문제 해결을 위한 5G 실내 무선국 투자(2만국 이상)를 재할당 대가 할인 옵션으로 제시했다.아울러 정부는 기존 경매대가를 기준으로 한다는 원칙을 재차 강조했다. 다만, 5G SA 도입이 확산될 경우 기존 5G 비단독모드(NSA)에서 활용되던 LTE 주파수 활용 가치가 하락한다는 점을 반영해 조정 가격은 기준 가격에서 약 15% 하향 조정하는 방안을 발표했다.KT가 경기도 파주산업단지의 상용망에 5G 단독모드(SA) 네트워크를 구축한 모습. (KT 제공) 2020.6.25/뉴스1재할당 대가 놓고 SKT-LGU+ 갈등 지속…KT ""우리도 깎아줘""이날 토론회에서 쟁점이 된 건 재할당 대상 총 370㎒ 폭 중 2.6㎓ 대역이다. SK텔레콤과 LG유플러스가 각각 60㎒, 40㎒ 폭을 LTE 용도로 사용 중인 대역이다. 양사는 같은 대역을 놓고 부담 비용이 다른 점을 놓고 서로 다른 주장을 펴왔다.이날도 SK텔레콤은 동일한 가치를 지닌 주파수 대역에서 LG유플러스가 부담하는 가격의 2배 이상을 내고 있다며 이를 바로 잡아야 한다는 주장을 반복했다. 또한, 주파수의 가치 산정 시 달라진 환경과 변수 등 현재 가치를 충분히 고려해야 한다는 점과 현재 대규모 해킹 사태로 통신사들이 처한 상황과 6G 준비 및 AI 산업 투자를 위해 과도한 비용이 해소돼야 한다고 강조했다.반면, LG유플러스는 주파수를 확보할 당시 주파수 생태계·장비 지원·활용 가치가 크게 달랐으며, 이로 인해 두 대역은 지금까지도 경제적 가치가 완전히 다른 상황이라고 반박했다. 전파법과 정부 기준에 따라 가장 최근에 확정된 할당 대가를 기준으로 산정하는 게 바람직하다는 원칙론도 내세웠다.이번 갈등에서 빠져 있는 KT(030200)는 SK텔레콤의 주장에 힘을 실어줬다. 주파수 가치가 달라지기 때문에 과거 경매 대가가 기준이 되는 게 불합리하다는 얘기다.정부가 5G SA 도입을 주파수 재할당 의무 사항으로 둔 점을 놓고는 선제적으로 상용화 서비스를 내놓은 사업자를 대상으로 한 추가 인센티브가 반영돼야 한다고 의견을 냈다. 현재 5G SA 전국 상용망을 구축한 건 통신 3사 중 KT가 유일하다.오용수 과기정통부 전파정책국장은 ""2.6㎓ 대역을 놓고 두 회사가 끝내 재할당 기준 합의점을 찾지 못해 굉장히 유감""이라며 ""2020년에 주파수 재할당을 할 때도 2.6㎓ 대역을 가장 먼저 후보 대역으로 회수하겠다고 발표했었고, LTE 주파수가 필요하지 않은 상황이 왔을 때 어떻게 할지 정부와 사업자 간 일치된 의견이 있어야 한다""고 말했다.이어 ""사업자들이 LTE를 그대로 재할당받겠다는 상황에서 2.6㎓ 대역이나 다른 대역이 너무 비싸다고 하면 할당 신청을 안 하면 된다""며 ""(그러면) 새 정부의 통신 정책 방향이나 AI 네트워크 전략에 입각해 5G 주파수 추가 경매 관련 정책적 판단을 더 빨리 결정할 수도 있을 것""이라고 덧붙였다."
https://n.news.naver.com/mnews/article/293/0000075812?sid=105,2025-12-01 18:32:06,IT/과학,"정부 ""주파수 대가 15% 인하""…2.6㎓ 두고 SKT·LGU+ 여전한 '평행선'[현장+]","과학기술정보통신부와 정보통신정책연구원(KISDI)이 1일 서울 강남 아이티스퀘어에서 '이동통신 주파수 재할당 세부 정책방안 공개설명회'를 열고 재할당 방향과 조건을 공개했다. /사진=강준혁 기자정부가 3G·LTE 주파수 재할당에서 직전 할당대가(과거 경매가)를 기준가격으로 삼고 약 15%를 낮춘 조정안을 내놓았다. 그러나 직전 경매가 기준이 고수되면서 2.6㎓ 대역을 둘러싼 SK텔레콤(SKT)과 LG유플러스의 이해충돌은 해소되지 않았다.과학기술정보통신부와 정보통신정책연구원(KISDI)은 1일 서울 강남 아이티스퀘어에서 '이동통신 주파수 재할당 세부 정책방안 공개설명회'를 열고 재할당 방향과 조건을 공개했다.5G SA 확산 고려해 대가 인하이날 정부는 5G 단독모드(SA) 확산 시 LTE 주파수 의존도가 줄어드는 점을 반영해 직전 할당대가에서 최대 15%를 인하할 예정이라고 설명했다. 5G SA는 5G망만 단독 사용해 서비스를 제공하는 방식으로 5G 비단독모드(NSA)에 비해 한 단계 진화한 기술 방식으로 평가된다.남영준 과기정통부 주파수정책과장은 ""AI 시대에는 망 고도화가 필수적이고, 5G SA 도입이 확대되면 커버리지 개선과 음영지역 감소 등으로 LTE 주파수 가치가 자연스럽게 떨어진다""며 ""이러한 변화를 반영해 재할당 대가는 직전 할당대가 대비 약 15% 인하된다""고 말했다.정부는 이번 재할당에서 통신사들에 5G SA에 대한 구축 의무를 부과했다. 이날부터 2031년까지 실내 5G 무선국을 2만국 이상 구축하면 370㎒폭 전체 재할당 대가는 2조9000억원으로 책정된다. 구축 규모가 1만국 이상이면 약 3조원, 1만국 미만이면 3조1000억원이 적용된다. 기지국을 많이 세울수록 더 큰 폭의 할인 혜택을 주는 구조다.재할당 기간은 5년으로 설정했다. 다만 5G·6G 용도로의 전환 가능성이 높은 1.8㎓ 대역 20㎒폭과 2.6㎓ 대역 100㎒폭은 '대역정비 검토 대역'으로 지정해 이용 기간을 3년으로 제한했다.'직전 할당대가'로 경제적 가치 산출전파법은 재할당 대가를 산정할 때 해당 주파수의 경제적 가치를 고려하도록 규정하고 있으며 판단 기준으로 매출과 직전 할당대가 등을 참조하도록 하고 있다. 문제는 바로 이 경제적 가치를 어떻게 정의할 것인가다.정부는 이날 법적 근거와 기존 사례를 종합해 직전 할당대가가 주파수 가치를 가장 안정적으로 반영한다고 발표했다.김지환 KISDI 전파·네트워크전략연구실장은 ""재할당 주파수의 경제적 가치 평가에 대한 다양한 기관의 판단을 종합해 볼 때 2021년과 동일하게 직전 할당대가를 기준으로 삼는 것이 합리적""이라고 설명했다.김지환 KISDI 전파·네트워크전략연구실장이 1일 서울 강남 아이티스퀘어에서 '이동통신 주파수 재할당 세부 정책방안 공개설명회'에서 발표하고 있다. /사진=강준혁 기자다만 이 같은 접근을 두고 전문가 의견은 엇갈린다. 매출·직전 대가 중 특정 기준을 선택적으로 적용하는 것이 모호하다는 지적이다.안정민 한림대 교수는 ""전파법 시행령 14조는 경제적 가치를 산정할 때 여러 요소를 종합적으로 고려하도록 돼 있는데 직전 경매가만을 사실상 유일 기준처럼 적용하면 정부 재량권 일탈 시비가 생길 수 있다""고 말했다.김예원 세종대 교수도 ""과거 거래가격 기반에는 자료가 제한돼 있고 실제 서비스 환경과 기술 변화를 반영하기 어렵다""며 ""재할당 제도는 현재 가치와 향후 수요 전망을 평가하는 방향으로 개선돼야 한다""고 강조했다.SKT·LGU+ 충돌이번 재할당에서 가장 첨예한 대립은 2.6㎓ 40㎒ 폭 대역을 두고 벌어지고 있다. SKT는 2016년 경매에서 40㎒ 폭을 9500억원, 20㎒ 폭을 3277억원에 각각 낙찰받아 10년간 이용했다. 총 납부 대가는 1조2777억원이다.LG유플러스는 2013년 단독 입찰로 40㎒ 폭을 4788억원에 확보했다. 2021년 재할당 당시 5G 기지국 구축 노력이 인정돼 27.5% 할인을 받았다. 그 결과 2013년부터 2026년까지 약 7000억원을 부담하는 것으로 추산된다.이에 대해 성석함 SKT 사업협력실장은 ""같은 대역임에도 과거 경매 결과 때문에 ㎒당 대가가 SKT 23억8000만원, LGU+ 10억8000원으로 2배 이상 벌어진다""며 형평성 문제를 제기했다. 성 실장은 ""주파수는 이용자 서비스 제공을 위한 핵심 생산요소인데 과거 한 번의 경매가격이 향후 재할당까지 절대 기준이 되는 것은 불합리하다""고 주장했다. 아울러 ""2021년 재할당 때 정부가 LTE 가치 하락률 27.5%를 일괄 반영한 선례가 있다""며 ""동일 원칙 적용이 정책 일관성과 신뢰성을 담보한다""고 강조했다.반면 LG유플러스는 직전 경매가 기준이 오히려 가장 공정한 방식이라고 주장했다. 박경중 LG유플러스 대외협력담당은 ""2013년 확보한 2.6㎓ 대역은 생태계가 구축되지 않은 '불모지 대역'이었고, 2016년 확보된 경쟁사 대역은 60㎒ 초광대역 구성 등 활용가치가 처음부터 달랐다""며 ""경매가는 당시 사업자가 평가한 경제적 가치이며 이를 반영하는 것이 예측 가능성을 높인다""고 설명했다. 이어 ""과거 경매가가 있는 대역에는 그대로 반영하는 것이 원칙""이라고 덧붙였다."
https://n.news.naver.com/mnews/article/031/0000985562?sid=105,2025-12-01 20:02:07,IT/과학,"주파수값 15% 인하에도…SKT-LGU+, 2.6㎓ 놓고 '설전'(종합)","과기정통부, 이동통신 주파수 재할당 정책방안 공개설명회 개최3G·LTE 370㎒폭 재할당 방침 공개⋯2.6㎓ 대가 사업자 이견 '여전'정부가 내년 이용기간이 만료되는 3G·LTE 주파수의 재할당대가를 15% 낮추겠다고 발표했지만 통신사 간 갈등이 좁혀지지 않고 있다. SK텔레콤과 LG유플러스가 2.6㎓ 대역의 가치와 가격을 놓고 여전히 맞선 것이다. 정부의 인하 카드가 양사 셈법의 간극을 메우지는 못했다.1일 서울 강남 일대에서 열린 과학기술정보통신부의 이동통신 주파수 재할당 세부 정책방안 공개설명회에서 박경중 LG유플러스 상무(왼쪽 첫 번째)가 발표하고 있는 모습. 사진은 왼쪽부터 박 상무, 박철호 KT 상무, 성석함 SK텔레콤 사업협력실장. [사진=안세준 기자]1일 과학기술정보통신부는 이동통신 주파수 재할당 세부 정책방안 공개설명회를 열고 내년 이용기간이 만료되는 이통 3사의 3G·LTE 주파수 370㎒폭의 재할당대가를 기존 기준 대비 약 15% 낮추는 방안을 공식화했다. 5G 단독망(SA) 확산 시나리오에 따라 LTE 주파수 가치가 하락한다는 점을 가격에 반영하겠다는 취지다.남영준 과학기술정보통신부 주파수정책과장은 ""(내년에 만료되는 재할당 주파수는) 이미 시장에서 경매를 통해 가치가 평가된 주파수""라며 ""기존 할당대가를 참조하되 5G SA(단독모드) 도입·확산 영향에 따른 가치 하락요인을 반영해 재할당 주파수의 조정가격을 기준가격에서 약 15% 하향 조정할 계획""이라고 밝혔다.주파수 재할당은 기존 주파수 이용자가 대가를 지급하고 다시 동일 대역을 이용하도록 하는 절차다. 이날 정부는 재할당 조건으로 5G SA 서비스 제공을 의무 이행 사항으로 규정하며 오는 2031년까지 5G 실내 무선국의 최대 2만국 이상 구축을 투자옵션으로 제시했다.SKT ""동일 가치 동일 대가⋯주파수 가격서 27.5% 할인돼야""다만 SK텔레콤은 정부의 15% 인하 방침과 별개로 주파수 재할당 대역 중 하나인 2.6㎓의 대가 산정 방식 자체가 불합리하다고 했다. 동일 대역임에도 LG유플러스와 가격 차이가 2배 이상 나는 만큼 형평성에 어긋난다는 것이다. 현재 SK텔레콤은 2.6㎓ 대역에서 ㎒당 23억8000만원을 지불하고 있다. LG유플러스는 10억8000만원 수준이다.공개설명회에 발표자로 참여한 성석함 SK텔레콤 부사장은 ""동일한 2.6㎓ 대역이라면 동일한 대가를 적용하는 것이 기본 원칙""이라며 ""2.6㎓ 대역의 대가를 과거 경매가만 고려해 산정하는 것은 '낙찰을 한번 받으면 재할당 때 시장 상황이 나빠져도, 주파수 효용성이 떨어져도 높은 경매가가 영원히 기준이 된다'는 것을 공식화하는 것과 같다""고 했다.이어 ""과거 서로 다른 시점에 치러진 경매 결과와 이용기간 차이 때문에 양사의 대가가 2배 이상 차이가 나는 것은 납득하기 어렵다""며 ""재할당 대가는 현재와 미래의 경제적 가치를 반영해야 한다. 10~20년 전 경매가를 절대 기준으로 삼아서는 안 된다""고 주장했다.과거 재할당 당시 정부가 인정했던 LTE 가치 하락 폭(27.5%)이 이번 산정에도 동일하게 적용해야 한다고 요구했다. 그는 ""정부는 2021년 LTE 주파수 경제적 가치가 27.5% 하락했다고 보고 LG유플러스 재할당 대가를 인하했다. LTE가 정체기에 접어들고 신규 투자·성장의 중심축이 5G로 옮겨가고 있는 현실을 인정한 것""이라며 ""SK텔레콤 2.6㎓ 대역과 KT 1.8㎓ 대역에 대해서도 27.5% 인하가 반영돼야 한다""고 주장했다.LGU+ ""SKT, 정책 취지·과거 사례 왜곡⋯일관된 정책 유지해야""반면 LG유플러스는 SK텔레콤의 '동일 대역=동일 가치' 주장 자체가 정책 취지와 과거 사례를 왜곡하고 있다고 맞섰다. 박경중 LG유플러스 상무는 ""2021년 재할당 당시 그룹으로 묶인 것은 '자기 경매가격이 없는 대역'의 가치를 보정하기 위한 보조적 절차였을 뿐""이라며 ""자기 경매가가 존재한 모든 대역은 그대로 경매가를 반영했다. 동일 그룹이라고 해서 동일 가치라는 의미가 아니다""고 반박했다.두 회사의 2.6㎓ 확보 시점·시장 상황·생태계 또한 전혀 다르다고 했다. 그는 ""2013년 LG유플러스가 확보한 2.6㎓은 단말·장비 생태계가 거의 없는 불모지였다. 반면 SK텔레콤은 2016년 주파수를 확보하면서 인접 확장과 초고대역 운영을 고려해 상당한 프리미엄을 자발적으로 지불했다""며 ""현격히 다름에도 동일 대가를 요구하는 건 현실을 무시한 것""이라고 설명했다.SK텔레콤이 요구한 2021년 27.5% 할인율의 일괄 적용에 대해선 ""2021년 27.5% 할인은 5G 무선국 구축 조건을 전제로 적용된 것""이라며 ""SK텔레콤의 2.6㎓에 동일 할인율을 적용해 달라는 요구는 5G 무선국 구축 투자와 관계가 없는 주파수 대역에 대해서도 조건 없이 일률적으로 할인을 해달라고 주장하는 것에 불과하다""고 비판했다.이어 ""주파수 재할당 가격 산정은 전파법에 기반해 정책의 일관성과 예측 가능성을 유지해야 된다는 점을 다시 한 번 강조해 말하고 싶다""며 ""각 주파수가 가지는 실질적인 경제적 가치의 차이가 정확하게 반영될 수 있도록 합리적인 산정이 이루어질 수 있기를 바란다""고 밝혔다.한편, KT는 SA 선도 도입에 대한 보상 필요성과 경매가 중심의 대가 산정 방식 개선을 주문했다. 박철호 KT 상무는 “KT는 업계 최초로 5G SA를 상용화했지만 정책 인센티브가 보이지 않는다""며 ""재할당 대가는 전파법이 규정한 경제적 가치를 우선해야 한다. 과거 경매 여부 중심의 방식은 재검토가 필요하다”고 밝혔다.과기정통부는 공개설명회를 통해 수렴된 의견들을 검토·반영한 뒤 연내 최종 방안을 발표할 계획이다."
https://n.news.naver.com/mnews/article/005/0001817847?sid=101,2025-12-02 00:24:14,경제,"정부, 주파수 재할당 최대 15% 할인… “5G 단독규격 의무화”","370㎒폭 3G·LTE 부과안 공개SKT·LGU+, 대가 산정 신경전이동통신 업계의 ‘뜨거운 감자’인 주파수 재할당과 관련해 정부의 정책 가이드라인이 윤곽을 드러냈다. LTE 주파수의 가치 하락 등을 반영해 기존보다 가격을 약 15% 낮추되, 직전 경매가를 기준으로 삼아 재할당 대가를 확정한다는 방침이다. 이에 2.6 기가헤르츠(㎓) 대역의 대가 산정 방식을 두고 벌여온 SK텔레콤과 LG유플러스 간 공방은 대가 최종 확정까지 계속될 전망이다. 두 통신사는 모두 과거 경매에서 해당 주파수를 낙찰받았지만, 지불한 금액이 달라 같은 대역임에도 부담은 약 2배 차이나는 구조다.과학기술정보통신부는 1일 서울 강남에서 ‘이동통신 주파수 재할당 세부 정책방안’ 공개설명회를 개최하고, 총 370㎒폭의 3G·LTE 주파수 재할당 대가 부과안을 공개했다. 아울러 2031년까지 각 통신사가 실내무선국을 2만국 이상 구축할 경우 3사 합계 할당 대가를 2조9000억원까지 낮추는 ‘인센티브’도 공개했다. 다만 모든 통신사가 5G 단독규격(SA) 서비스를 의무적으로 제공해야 한다는 재할당 조건도 달았다.주파수 이용 기간과 활용 범위에도 변화가 생긴다. 2030년 6G 서비스 상용화에 대비해 정비가 필요한 1.8㎓ 대역 20㎒폭, 2.6㎓ 대역 100㎒폭의 이용기간은 3년으로, 그 외 대역은 5년으로 이용 기간을 차등화한다. 기술 규제도 완화된다. 현재 LTE로 사용 중인 대역은 LTE로만 쓸 수 있지만, 향후에는 5G로 전환해 활용하는 것이 가능해진다.정부는 업계의 공방을 불렀던 2.6㎓ 대역의 가격 산정 방식을 두고서는 구체적인 언급을 피했다. 하지만 “과거 낙찰가를 기준으로 삼는다”는 원칙론을 유지하며 SK텔레콤 측의 ‘형평성 주장’을 사실상 받아들이지 않았다. LG유플러스는 2013년 경매에서 2.6㎓ 대역 40㎒를 4788억원에 확보했고, 이후 2021년 재할당에서 5G 기지국 구축 요건을 충족하며 27.5%를 추가로 감면받았다. 반면 SK텔레콤은 2016년 경매에서 해당 대역 60㎒를 10년간 이용하는 조건으로 1조2777억원에 낙찰받았다. 그 결과 동일한 가치의 주파수 대역임에도 LG유플러스보다 2배 더 많은 부담을 지고 있다는 것이 SK텔레콤의 설명이다.두 통신사는 이날도 2.6㎓ 대역의 가치를 두고 첨예한 대립을 이어갔다. 성석함 SK텔레콤 사업협력실장은 “정부는 21년 재할당 당시 두 2.6㎓ 대역을 같은 그룹으로 묶어 동일성을 인정한 바 있다”고 강조했다. 이에 박경중 LG유플러스 대외협력담당 상무는 “주파수 확보 당시 생태계, 장비 지원, 활용가치가 달랐으며 이로 인해 두 대역은 지금까지도 경제적 가치가 완전히 다른 상황”이라고 반박했다. 전문가들은 정부가 대가 산정 방식을 보다 명확히 해야 한다고 지적했다. 안정민 한림대 교수는 “전파법에 다양한 기준 조항이 있음에도 과거 경매대가만을 기준으로 삼는다면 이는 정부가 재량권을 일탈·남용한 것”이라고 지적했다."
https://n.news.naver.com/mnews/article/081/0003597130?sid=101,2025-12-02 05:03:48,경제,[경제 브리핑],"SKT ‘에이닷 전화’ 보이스피싱 탐지SK텔레콤은 인공지능(AI) 통화 서비스 ‘에이닷 전화’에 ‘AI 보이스피싱 탐지’ 기능을 추가했다고 1일 밝혔다. 통화 중 대화 내용을 실시간으로 분석해 보이스피싱 전화로 의심되면 사용자에게 즉시 알림을 제공하는 기능이다. AI 모델은 대화 내용에 의심 키워드가 포함됐는지, 대화 패턴이 어떠한지 등 다양한 요소를 종합 분석해 통화 중 실시간으로 보이스피싱 의심 여부를 판별한다. 분석 결과는 심각도에 따라 ‘의심’과 ‘위험’ 두 단계로 구분되며, 통화 중 경고 팝업창·알림음·진동을 통해 사용자에게 즉시 안내된다.LGU+ 조직 개편… AX 사업 강화LG유플러스는 인공지능 전환(AX) 사업의 성과 확대와 통신업 경쟁력 강화를 목표로 조직개편을 단행했다고 1일 밝혔다. ‘전문성 강화’와 ‘유기적 협업 체계’를 두 축으로 주요 사업 영역에서 상품·사업 조직을 분리해 전문성을 높이는 대신 협력을 강화했다. 핵심 사업 분야인 AX도 조직을 분리해 사업 포트폴리오와 상품 출시에 각각 집중한다. AX 사업을 기술적으로 지원하는 개발 조직도 주요 핵심 사업별 전담 조직 형태로 재편된다. 통신 본업과 B2B 유·무선 사업 영역에서도 디지털 사업과 상품 조직을 분리했다.NC AI, 3D 생성 ‘바르코 3D’ 출시엔씨소프트의 인공지능(AI) 전문 기업 NC AI는 3D 생성 서비스 ‘바르코 3D’를 1일 출시했다. 바르코 3D는 간단한 텍스트나 이미지 입력만으로 전문가 수준의 3D 애셋(개발 자료)을 생성 및 활용할 수 있는 AI 기반 플랫폼이다. 특히 3D 제작의 핵심인 뼈대를 만드는 메시(Mesh) 생성부터 실사 같은 질감을 입히는 ‘PBR 텍스처’, 관절을 지정해 자연스러운 움직임을 구현하는 ‘리깅(Rigging)’까지 AI가 전 과정을 자동 생성한다. 별도 설치 없이 홈페이지에서 이메일 인증을 하면 가입이 가능하다.현대건설, 도시정비 수주 10조 돌파현대건설이 지난달 서울 성북구 장위15구역 주택재개발정비사업 시공권을 확보하며 업계 처음으로 도시정비사업 연간 수주액 10조원을 돌파했다고 1일 밝혔다. 현대건설은 이번 수주를 포함해 올해 총 11개의 도시정비 사업지를 수주했다. 이는 2022년 기록한 9조 3395억원을 1조원 이상 초과 달성한 것으로, 2019년부터 7년 연속 도시정비 수주 선두 기록도 새로 세웠다. 현대건설은 2조 7489억원 규모의 압구정2구역 재건축을 비롯해 개포주공6·7단지, 장위15구역 등 조 단위 대형 프로젝트를 단독으로 수주했다."
https://n.news.naver.com/mnews/article/003/0013633047?sid=105,2025-12-02 09:00:00,IT/과학,"LGU+, '익시오' 쓰면 배스킨라빈스 준다…가입자 100만 돌파","AI 대화 검색·스마트 요약 무료 체험 100회 확대사용 인증시 추첨 통해 100명 대상 배스킨 증정[서울=뉴시스]박은비 기자 = LG유플러스는 인공지능(AI) 통화앱 '익시오(ixi-O)' 가입자 100만 돌파를 기념해 프로모션을 진행한다고 2일 밝혔다.이번 프로모션은 익시오 핵심 기능인 인공지능(AI) 대화 검색·AI 스마트 요약 무료 체험을 100회로 확대하고, 사용 인증한 고객 중 추첨을 통해 100명에게 배스킨라빈스 버라이어티팩을 선물한다.응모하려면 AI 대화 검색, AI 스마트 요약 기능을 사용할 때 화면에 뜨는 사용 횟수를 캡처해서 인증하면 된다. 전화번호 1개당 한 번만 참여할 수 있으며 상세 내용은 익시오 앱 공지사항과 이벤트 페이지에서 확인하면 된다.AI 대화 검색과 AI 스마트 요약은 지난 10월 익시오에 새롭게 추가된 기능이다. 전화를 마친 뒤 통화 내용을 쉽게 확인할 수 있는 게 특징이다.먼저 AI 대화 검색은 지난 통화 내용에서 기억나지 않거나 궁금한 내용을 물어보면 익시오가 의도에 맞게 검색하고 답변해준다. 약속 장소, 일정 등 통화에서 나온 중요 내용을 AI로 빠르게 정리해주고, 상대방 특성 파악까지 확인 가능하다.AI 스마트 요약은 기존 통화 요약을 넘어 6가지 맞춤형 양식으로 정리하는 기능이다. 메모, 토론, 문의, 할 일 등 간단한 형태를 비롯해 부동산 중개, 영업 활동 등 업무에 최적화된 양식으로 내용을 요약한다. 요약 내용은 간단하게 수정하거나 복사, 공유할 수 있다.익시오는 이같은 기능을 비롯해 실시간 보이스피싱 탐지 및 알림, 악성앱 설치 여부 판단, 안티딥보이스 기능 등을 탑재했다.최윤호 LG유플러스 AI 에이전트(Agent)추진그룹장(상무)은 ""익시오에 가입한 100만 고객께 감사한 의미로 이번 프로모션을 준비했다""며 ""앞으로 편리하면서도 안전한 서비스를 제공하기 위해 최선을 다하겠다""고 말했다."
https://n.news.naver.com/mnews/article/421/0008636587?sid=105,2025-12-02 09:00:00,IT/과학,LGU+ AI 통화앱 익시오 가입자 100만 돌파 기념 프로모션,"무료 체험 100회로 확대·베스킨라빈스 증정(LG유플러스 제공)(서울=뉴스1) 나연준 기자 = LG유플러스(032640)가 인공지능(AI) 통화앱 '익시오(ixi-O)' 가입자 100만 돌파를 기념해 프로모션을 진행한다고 2일 밝혔다.이번 프로모션에서는 익시오의 핵심 기능인 'AI 대화 검색·AI 스마트 요약' 무료 체험을 100회로 확대하고, 사용 인증한 고객 중 추첨을 통해 100명에게 배스킨라빈스 버라이어티팩을 선물한다.이벤트 응모는 'AI 대화 검색', 'AI 스마트 요약' 기능을 사용할 때 화면에 뜨는 사용 횟수를 캡처해서 인증하면 된다. 이번 이벤트는 전화번호 1개당 한 번만 참여할 수 있으며 상세 내용은 익시오 앱 공지사항과 이벤트 페이지에서 확인할 수 있다.'AI 대화 검색·AI 스마트 요약'은 지난 10월 새롭게 추가된 기능이다.'AI 대화 검색'은 지난 통화 내용에서 기억나지 않거나 궁금한 내용을 물어보면 익시오가 의도에 맞게 검색하고 답변하는 기능이다. 'AI 스마트 요약'은 기존 통화 요약을 넘어 6가지 맞춤형 양식으로 정리해 준다.이외에도 익시오는 △실시간 보이스피싱 탐지 및 알림 △악성앱 설치 여부 판단 △안티딥보이스 기능 등을 탑재했다.최윤호 LG유플러스 AI 에이전트추진그룹장(상무)은 ""앞으로 편리하면서도 안전한 서비스를 제공하기 위해 최선을 다하겠다""고 말했다."
https://n.news.naver.com/mnews/article/008/0005285826?sid=105,2025-12-02 09:00:00,IT/과학,"LGU+, '익시오' 가입자 100만명 돌파","/사진=LG유플러스LG유플러스가 AI 통화앱 '익시오(ixi-O)' 가입자 100만명 돌파를 기념해 프로모션을 진행한다고 2일 밝혔다.익시오의 핵심 기능인 'AI 대화 검색·AI 스마트 요약' 무료 체험을 100회로 확대하고, 사용 인증한 고객 중 추첨을 통해 100명에게 배스킨라빈스 버라이어티팩을 선물한다. AI 대화 검색·AI 스마트 요약 기능 사용시 화면에 뜨는 횟수를 캡처해 인증하면 된다. 이벤트는 전화번호 1개당 한 번만 참여할 수 있다. 상세 내용은 익시오 앱 공지사항과 이벤트 페이지에서 확인할 수 있다.AI 대화 검색·AI 스마트 요약은 지난달 익시오에 추가됐다. AI 대화 검색은 익시오가 지난 통화 내용을 검색하고 답변하는 기능이다. 약속 장소, 일정 등 통화에서 나온 중요 내용을 확인할 수 있다. AI 스마트 요약은 통화 내용을 6가지 맞춤형 양식으로 정리해준다.최윤호 LG유플러스 AI Agent추진그룹장(상무)은 ""익시오에 가입해주신 100만 고객께 감사의 의미로 이번 프로모션을 준비했다""며 ""앞으로 편리하면서도 안전한 서비스를 제공하기 위해 최선을 다하겠다""고 말했다."
https://n.news.naver.com/mnews/article/001/0015772760?sid=105,2025-12-02 09:00:04,IT/과학,"LGU+, AI 통화앱 '익시오' 가입자 100만 돌파 행사","[LG유플러스 제공. 재판매 및 DB 금지](서울=연합뉴스) 박형빈 기자 = LG유플러스는 인공지능(AI) 통화앱 '익시오' 가입자 100만명 돌파를 기념한 프로모션을 진행한다고 2일 밝혔다.이번 프로모션에서는 익시오의 핵심 기능인 'AI 대화 검색·AI 스마트 요약'의 무료 체험 횟수를 100회로 확대한다. 사용을 인증한 고객 가운데 추첨을 통해 100명에게 배스킨라빈스 버라이어티팩을 제공한다.이벤트 참여 방법과 자세한 내용은 익시오 앱의 공지사항 및 이벤트 페이지에서 확인할 수 있다.익시오는 AI 대화 검색, AI 스마트 요약 기능을 비롯해 실시간 보이스피싱 탐지 및 알림, 악성앱 설치 여부 판단, 안티딥보이스 기능 등을 탑재한 LG유플러스의 통화 앱이다.최윤호 LG유플러스 AI 에이전트추진그룹장(상무)은 ""익시오에 가입해주신 100만 고객께 감사의 의미로 이번 프로모션을 준비했다""며 ""앞으로 편리하면서도 안전한 서비스를 제공하기 위해 최선을 다하겠다""고 말했다.binzz@yna.co.kr"
https://n.news.naver.com/mnews/article/629/0000449042?sid=105,2025-12-02 09:01:10,IT/과학,"LGU+, AI 통화앱 '익시오' 가입자 100만 명 돌파","'AI 대화 검색·스마트 요약' 무료 체험 확대사용 인증 고객 100명 추첨해 경품 증정LG유플러스가 AI 통화앱 '익시오' 가입자 100만 명 돌파 기념 프로모션을 진행한다. /LG유플러스[더팩트｜우지수 기자] LG유플러스는 인공지능(AI) 통화 애플리케이션 '익시오(ixi-O)' 가입자 100만 명 돌파를 기념해 프로모션을 진행한다고 2일 밝혔다.이번 프로모션은 익시오의 핵심 기능인 'AI 대화 검색'과 'AI 스마트 요약'의 무료 체험 횟수를 100회로 확대하는 내용이다. 해당 기능을 사용한 뒤 화면에 표시된 횟수를 캡처해 인증하면 참여할 수 있다. LG유플러스는 참여 고객 중 추첨을 통해 100명에게 경품을 제공할 예정이다. 이벤트는 전화번호 1개당 1회 참여 가능하다.프로모션 대상인 두 기능은 지난 10월 익시오에 추가됐다. AI 대화 검색은 통화 내용 중 기억나지 않는 부분을 질문하면 AI가 문맥을 파악해 답변하는 기능이다. 약속 장소나 일정 등 중요 정보를 정리하거나 상대방의 특성을 파악하는 데 활용된다.AI 스마트 요약은 통화 내용을 6가지 맞춤형 양식으로 정리하는 기능이다. 메모나 할 일 같은 간단한 형태부터 부동산 중개, 영업 활동 등 업무용 서식까지 지원한다. 요약된 내용은 수정이나 공유가 가능하다. 이외에도 실시간 보이스피싱 탐지, 악성앱 설치 여부 판단, 안티딥보이스 등 보안 기능을 탑재하고 있다.최윤호 LG유플러스 AI Agent추진그룹장은 ""편리하면서도 안전한 서비스를 제공하기 위해 최선을 다하겠다""고 말했다.발로 뛰는 더팩트는 24시간 여러분의 제보를 기다립니다.▶카카오톡: '더팩트제보' 검색▶이메일: jebo@tf.co.kr▶뉴스 홈페이지: http://talk.tf.co.kr/bbs/report/write"
https://n.news.naver.com/mnews/article/016/0002565817?sid=105,2025-12-02 09:04:13,IT/과학,"LGU+, 익시오 가입 ‘100만’ 돌파 기념 프로모션","AI 대화 검색·요약 등 체험, 배스킨라빈스 증정통화 내용 스마트 검색, 업무 맞춤형 요약까지LG유플러스 직원이 ‘익시오(ixi-O)’ 가입자 100만 돌파 기념 프로모션을 소개하고 있다. [LG유플러스 제공][헤럴드경제=고재우 기자] LG유플러스는 인공지능(AI) 통화앱 ‘익시오(ixi-O)’ 가입자 100만 돌파를 기념해 프로모션을 진행한다고 2일 밝혔다.이를 통해 익시오의 핵심 기능인 ‘AI 대화 검색·AI 스마트 요약’ 무료 체험을 100회로 확대한다. 또 사용 인증한 고객 중 추첨을 통해 100명에게는 배스킨라빈스 버라이어티팩이 주어진다.응모는 ‘AI 대화 검색’, ‘AI 스마트 요약’ 기능 사용 시, 화면에 뜨는 사용 횟수를 캡처해서 인증하면 된다. 전화번호 1개당 한 번만 참여할 수 있다. 상세 내용은 익시오 앱 공지사항 이벤트 페이지에서 확인할 수 있다.지난 10월 LG유플러스는 익시오에 AI 대화 검색·AI 스마트 요약 등 새로운 기능을 추가했다. 해당 기능 활용 시 통화 내용을 쉽게 확인할 수 있다.세부적으로 AI 대화 검색은 지난 통화 내용에서 기억나지 않거나 궁금한 내용을 물어보면, 익시오가 의도에 맞게 검색하고 답변하는 기능이다. 약속 장소, 일정 등 통화에서 나온 중요 내용을 AI로 정리해 주고, 상대방 특성 파악까지 가능하다.AI 스마트 요약은 기존 통화 요약을 넘어 6가지 맞춤형 양식으로 정리하는 기능이다. 메모, 토론, 문의, 할 일 등을 비롯해, 부동산 중개, 영업 활동 등 업무에 맞춰 내용을 요약한다. 요약 내용은 수정하거나 복사, 공유할 수도 있다.이외에도 익시오에는 ▷실시간 보이스피싱 탐지 및 알림 ▷악성 앱 설치 여부 판단 ▷안티딥보이스 기능 등이 탑재됐다.최윤호 LG유플러스 AI Agent추진그룹장은 “익시오에 가입해주신 고객에 대한 감사의 의미로 이번 프로모션을 준비했다”며 “앞으로 편리하면서도 안전한 서비스를 제공하기 위해 최선을 다하겠다”고 말했다."
https://n.news.naver.com/mnews/article/082/0001356440?sid=101,2025-12-02 09:20:11,경제,"LGU+, AI 통화앱 가입 100만 돌파 프로모션","‘AI 대화 검색·스마트 요약’ 무료 체험 확대사용 인증 100명에게 배스킨라빈스 선물LG유플러스가 AI 통화앱 ‘익시오(ixi-O)’ 가입자 100만 돌파를 기념해 프로모션을 진행한다고 2일 밝혔다. 사진은 LG유플러스 직원이 프로모션을 소개하고 있는 모습. LG유플러스 제공LG유플러스가 AI 통화앱 ‘익시오(ixi-O)’ 가입자 100만 돌파를 기념해 프로모션을 진행한다고 2일 밝혔다.이번 프로모션에서는 익시오의 핵심 기능인 ‘AI 대화 검색·AI 스마트 요약’ 무료 체험을 100회로 확대하고, 사용 인증한 고객 중 추첨을 통해 100명에게 배스킨라빈스 버라이어티팩을 선물한다. 이벤트 응모는 ‘AI 대화 검색’, ‘AI 스마트 요약’ 기능을 사용할 때 화면에 뜨는 사용 횟수를 캡처해서 인증하면 된다. 이번 이벤트는 전화번호 1개당 한 번만 참여할 수 있으며 상세 내용은 익시오 앱 공지사항과 이벤트 페이지에서 확인할 수 있다.‘AI 대화 검색·AI 스마트 요약’은 지난 10월 익시오에 추가됐다. ‘AI 대화 검색’은 지난 통화 내용에서 기억나지 않거나 궁금한 내용을 물어보면 익시오가 의도에 맞게 검색하고 답변하는 기능이다. 약속 장소, 일정 등 통화에서 나온 중요 내용을 AI로 빠르게 정리해주고, 상대방 특성 파악까지 할 수 있다.‘AI 스마트 요약’은 기존 통화 요약을 넘어 6가지 맞춤형 양식으로 정리하는 기능이다. 메모, 토론, 문의, 할 일 등의 간단한 형태를 비롯해 부동산 중개, 영업 활동 등 업무에 최적화된 양식으로 내용을 요약한다. 요약 내용은 간단하게 수정하거나 복사, 공유할 수도 있다. 최윤호 LG유플러스 AI Agent추진그룹장(상무)은 “익시오에 가입해주신 100만 고객께 감사의 의미로 이번 프로모션을 준비했다”며 “앞으로 편리하면서도 안전한 서비스를 제공하기 위해 최선을 다하겠다”고 말했다."
https://n.news.naver.com/mnews/article/031/0000985607?sid=105,2025-12-02 09:27:09,IT/과학,"LGU+, 익시오 가입자 100만 돌파 기념 프로모션 진행","AI 대화 검색·AI 스마트 요약 무료 체험 확대⋯배스킨라빈스 증정LG유플러스(대표 홍범식)는 AI 통화앱 익시오(ixi-O) 가입자 100만 돌파를 기념해 프로모션을 진행한다고 2일 밝혔다.LG유플러스 직원이 프로모션을 소개하고 있는 모습. [사진=LGU+]LG유플러스는 프로모션을 통해 익시오 핵심 기능인 AI 대화 검색·AI 스마트 요약 무료 체험을 100회로 확대한다. 사용 인증한 고객 중 추첨을 통해 100명에게 배스킨라빈스 버라이어티팩을 선물한다.이벤트 응모는 AI 대화 검색, AI 스마트 요약 기능을 사용할 때 화면에 뜨는 사용 횟수를 캡처해서 인증하면 된다. 전화번호 1개당 한 번만 참여할 수 있다. 상세 내용은 익시오 앱 공지사항과 이벤트 페이지에서 확인 가능하다.AI 대화 검색·AI 스마트 요약은 올해 10월 익시오에 새롭게 추가된 기능이다. 전화를 마친 뒤 통화 내용을 스마트하게 확인할 수 있는 것이 특징이다.최윤호 LG유플러스 AI Agent추진그룹장(상무)은 ""익시오에 가입해주신 100만 고객에 대한 감사 의미를 담아 이번 프로모션을 준비했다""며 ""편리하면서도 안전한 서비스를 제공하기 위해 최선을 다하겠다""고 말했다.익시오는 LG유플러스 대표 AI 통화앱이다. AI 대화 검색, AI 스마트 요약 기능을 비롯해 실시간 보이스피싱 탐지·알림, 악성앱 설치 여부 판단, 안티딥보이스 기능 등을 탑재했다."
https://n.news.naver.com/mnews/article/092/0002400637?sid=105,2025-12-02 09:57:09,IT/과학,"LGU+, AI 통화앱 '익시오' 체험하면 선물 쏜다","추첨 통해 베스킨라빈스 버라이어티팩 증정LG유플러스가 AI 통화앱 ‘익시오’ 가입자 100만 돌파를 기념해 행사 진행한다고 2일 밝혔다.이번 행사에서는 익시오의 핵심 기능인 ‘AI 대화 검색·AI 스마트 요약’ 무료 체험을 100회로 확대하고, 사용 인증 시 추첨을 통해 100명에게 배스킨라빈스 버라이어티팩을 선물한다.이벤트 응모는 ‘AI 대화 검색’·‘AI 스마트 요약’ 기능을 사용할 때 화면에 뜨는 사용 횟수를 캡처해서 인증하면 된다. 이번 이벤트는 전화번호 1개당 한 번만 참여할 수 있으며 상세 내용은 익시오 앱 공지사항과 이벤트 페이지에서 확인할 수 있다.‘AI 대화 검색·AI 스마트 요약’은 지난 10월 익시오에 새롭게 추가된 기능이다. 전화를 마친 뒤 통화 내용을 스마트하게 확인할 수 있는 것이 특징이다.먼저 ‘AI 대화 검색’은 지난 통화 내용에서 기억나지 않거나 궁금한 내용을 물어보면 익시오가 의도에 맞게 검색하고 답변하는 기능이다. 약속 장소와 일정 등 통화에서 나온 중요 내용을 AI로 빠르게 정리해주고, 상대방 특성 파악까지 할 수 있다.‘AI 스마트 요약’은 기존 통화 요약을 넘어 6가지 맞춤형 양식으로 정리하는 기능이다. 메모·토론·문의·할 일 등의 간단한 형태를 비롯해 부동산 중개·영업 활동 등 업무에 최적화된 양식으로 내용을 요약한다. 요약 내용은 간단하게 수정하거나 복사·공유할 수도 있다.익시오는 LG유플러스의 대표 AI 통화앱으로 ▲AI 대화 검색 ▲AI 스마트 요약 기능을 비롯해 ▲실시간 보이스피싱 탐지 및 알림 ▲악성앱 설치 여부 판단 ▲안티딥보이스 기능 등을 탑재했다.최윤호 LG유플러스 AI 에이전트추진그룹장은 “익시오에 가입해주신 100만 고객께 감사의 의미로 이번 행사를 준비했다”며 “앞으로 편리하면서도 안전한 서비스를 제공하기 위해 최선을 다하겠다”고 말했다."
https://n.news.naver.com/mnews/article/030/0003376146?sid=105,2025-12-02 10:59:08,IT/과학,"LGU+, '익시오' 가입자 100만 돌파 기념 프로모션","LG유플러스 직원이 프로모션을 소개하고 있는 모습.LG유플러스는 인공지능(AI) 통화 앱 '익시오(ixi-O)' 가입자 100만명 돌파를 기념해 프로모션을 진행한다고 2일 밝혔다.이번 프로모션은 익시오 핵심 기능인 'AI 대화 검색·AI 스마트 요약' 무료 체험을 100회로 늘리고, 사용 인증한 고객 중 추첨(100명)을 통해 배스킨라빈스 버라이어티팩을 선물하는 것으로 구성됐다.이벤트 응모는 AI 대화 검색, AI 스마트 요약 기능을 사용할 때 화면에 뜨는 사용 횟수를 캡처해서 인증하면 된다. 이번 이벤트는 전화번호 1개당 한 번만 참여할 수 있으며 상세 내용은 익시오 앱 공지사항과 이벤트 페이지에서 확인할 수 있다.AI 대화 검색·AI 스마트 요약은 지난 10월 익시오에 새롭게 추가된 기능이다. 전화를 마친 뒤 통화 내용을 스마트하게 확인할 수 있는 것이 특징이다.최윤호 LG유플러스 AI 에이전트 추진그룹장(상무)은 “익시오에 가입해주신 100만 고객께 감사의 의미로 이번 프로모션을 준비했다”며 “앞으로 편리하면서도 안전한 서비스를 제공하기 위해 최선을 다하겠다”고 말했다."
https://n.news.naver.com/mnews/article/014/0005442879?sid=105,2025-12-02 11:10:18,IT/과학,"""100명에게 배스킨 드려요"" LG U+, 익시오 가입자 100만 돌파 프로모션","LG유플러스 직원이 프로모션을 소개하고 있다. LG유플러스 제공[파이낸셜뉴스] LG유플러스는 인공지능(AI) 통화앱 ‘익시오(ixi-O)’ 가입자 100만 돌파를 기념해 프로모션을 진행한다고 2일 밝혔다.이번 프로모션에서는 익시오의 핵심 기능인 ‘AI 대화 검색·AI 스마트 요약’ 무료 체험을 100회로 확대하고, 사용 인증한 고객 중 추첨을 통해 100명에게 배스킨라빈스 버라이어티팩을 선물한다.이벤트 응모는 ‘AI 대화 검색’, ‘AI 스마트 요약’ 기능을 사용할 때 화면에 뜨는 사용 횟수를 캡처해서 인증하면 된다. 이번 이벤트는 전화번호 1개당 한 번만 참여할 수 있으며 상세 내용은 익시오 앱 공지사항과 이벤트 페이지에서 확인할 수 있다.AI 대화 검색·AI 스마트 요약은 지난 10월 익시오에 새롭게 추가된 기능이다. 전화를 마친 뒤 통화 내용을 스마트하게 확인할 수 있는 것이 특징이다.먼저 AI 대화 검색은 지난 통화 내용에서 기억나지 않거나 궁금한 내용을 물어보면 익시오가 의도에 맞게 검색하고 답변하는 기능이다. 약속 장소, 일정 등 통화에서 나온 중요 내용을 AI로 빠르게 정리해주고, 상대방 특성 파악까지 할 수 있다.AI 스마트 요약은 기존 통화 요약을 넘어 6가지 맞춤형 양식으로 정리하는 기능이다. 메모, 토론, 문의, 할 일 등의 간단한 형태를 비롯해 부동산 중개, 영업 활동 등 업무에 최적화된 양식으로 내용을 요약한다. 요약 내용은 간단하게 수정하거나 복사, 공유할 수도 있다.익시오는 LG유플러스의 대표 AI 통화앱으로 △AI 대화 검색 △AI 스마트 요약 기능을 비롯해 △실시간 보이스피싱 탐지 및 알림 △악성앱 설치 여부 판단 △안티딥보이스 기능 등을 탑재했다."
https://n.news.naver.com/mnews/article/016/0002566049?sid=105,2025-12-02 11:45:19,IT/과학,"LGU+, 익시오 가입 100만 돌파 기념 프로모션","무료 체험 100회·베스킨라빈스 증정통화 내용 검색·업무 맞춤 요약까지LG유플러스 직원이 ‘익시오(ixi-O)’ 가입자 100만 돌파 기념 프로모션을 소개하고 있다.[LG유플러스 제공]LG유플러스는 인공지능(AI) 통화앱 ‘익시오(ixi-O)’ 가입자 100만 돌파를 기념해 프로모션을 진행한다고 2일 밝혔다. 이를 통해 익시오의 핵심 기능인 ‘AI 대화 검색·AI 스마트 요약’ 무료 체험을 100회로 확대한다. 또 사용 인증한 고객 중 추첨을 통해 100명에게는 배스킨라빈스 버라이어티팩이 주어진다.응모는 ‘AI 대화 검색’, ‘AI 스마트 요약’ 기능 사용 시, 화면에 뜨는 사용 횟수를 캡처해서 인증하면 된다. 전화번호 1개당 한 번만 참여할 수 있다. 상세 내용은 익시오 앱 공지사항 이벤트 페이지에서 확인할 수 있다.지난 10월 LG유플러스는 익시오에 AI 대화 검색·AI 스마트 요약 등 새로운 기능을 추가했다. 해당 기능 활용 시 통화 내용을 쉽게 확인할 수 있다.세부적으로 AI 대화 검색은 지난 통화 내용에서 기억나지 않거나 궁금한 내용을 물어보면, 익시오가 의도에 맞게 검색하고 답변하는 기능이다. 약속 장소, 일정 등 통화에서 나온 중요 내용을 AI로 정리해 주고, 상대방 특성 파악까지 가능하다.AI 스마트 요약은 기존 통화 요약을 넘어 6가지 맞춤형 양식으로 정리하는 기능이다. 메모, 토론, 문의, 할 일 등을 비롯해, 부동산 중개, 영업 활동 등 업무에 맞춰 내용을 요약한다. 요약 내용은 수정하거나 복사, 공유할 수도 있다. 이외에도 익시오에는 ▷실시간 보이스피싱 탐지 및 알림 ▷악성 앱 설치 여부 판단 ▷안티딥보이스 기능 등이 탑재됐다.최윤호 LG유플러스 AI Agent추진그룹장은 “익시오에 가입해주신 고객에 대한 감사의 의미로 이번 프로모션을 준비했다”며 “앞으로 편리하면서도 안전한 서비스를 제공하기 위해 최선을 다하겠다”고 말했다. 고재우 기자"
https://n.news.naver.com/mnews/article/138/0002211273?sid=105,2025-12-02 13:44:10,IT/과학,"LGU+, ‘익시오’ 가입자 100만 돌파","[디지털데일리 강소현기자] LG유플러스는 AI 통화앱 ‘익시오(ixi-O)’ 가입자 100만 돌파를 기념해 프로모션을 진행한다고 2일 밝혔다.이번 프로모션을 통해 익시오의 핵심 기능인 ‘AI 대화 검색’과 ‘AI 스마트 요약’ 무료 체험 횟수를 기존 대비 확대해 100회까지 제공한다. 또 해당 기능 사용 화면을 캡처해 인증한 고객 중 100명에 배스킨라빈스 버라이어티팩을 증정한다. 이벤트는 전화번호당 1회 참여 가능하다.한편 익시오는 AI 대화 검색과 AI 스마트 요약, 실시간 보이스피싱 탐지, 악성앱 탐지, 안티딥보이스 기능 등을 탑재한 LG유플러스의 대표 AI 통화앱이다. 이 중 ‘AI 대화 검색’과 ‘AI 스마트 요약’은 지난 10월 익시오에 도입된 기능으로 통화 종료 후 대화를 효율적으로 확인할 수 있도록 돕는다.최윤호 LG유플러스 AI 에이전트 추진그룹장(상무)은 “익시오 가입 100만명을 맞아 고객 감사 이벤트를 준비했다”며 “앞으로도 편리하고 안전한 통화 경험을 제공하기 위해 서비스를 지속 고도화하겠다”고 말했다."
https://n.news.naver.com/mnews/article/119/0003032268?sid=105,2025-12-02 13:55:11,IT/과학,LGU+ ‘익시오’ 가입자 100만 돌파…AI 기능 무료체험 프로모션,"‘AI대화 검색·AI스마트 요약’무료 체험 확대 및 배스킨라빈스 증정LG유플러스 직원이 프로모션을 소개하고 있는 모습.ⓒLG유플러스[데일리안 = 조인영 기자] LG유플러스는 AI 통화앱 ‘익시오(ixi-O)’ 가입자 100만 돌파를 기념해 프로모션을 진행한다고 2일 밝혔다.이번 프로모션에서는 익시오의 핵심 기능인 ‘AI 대화 검색·AI 스마트 요약’ 무료 체험을 100회로 확대하고, 사용 인증한 고객 중 추첨을 통해 100명에게 배스킨라빈스 버라이어티팩을 선물한다.이벤트 응모는 ‘AI 대화 검색’, ‘AI 스마트 요약’ 기능을 사용할 때 화면에 뜨는 사용 횟수를 캡처해서 인증하면 된다. 이번 이벤트는 전화번호 1개당 한 번만 참여할 수 있으며 상세 내용은 익시오 앱 공지사항과 이벤트 페이지에서 확인할 수 있다.‘AI 대화 검색·AI 스마트 요약’은 지난 10월 익시오에 새롭게 추가된 기능이다. 전화를 마친 뒤 통화 내용을 스마트하게 확인할 수 있는 것이 특징이다.먼저 ‘AI 대화 검색’은 지난 통화 내용에서 기억나지 않거나 궁금한 내용을 물어보면 익시오가 의도에 맞게 검색하고 답변하는 기능이다. 약속 장소, 일정 등 통화에서 나온 중요 내용을 AI로 빠르게 정리해주고, 상대방 특성 파악까지 할 수 있다.‘AI 스마트 요약’은 기존 통화 요약을 넘어 6가지 맞춤형 양식으로 정리하는 기능이다. 메모, 토론, 문의, 할 일 등의 간단한 형태를 비롯해 부동산 중개, 영업 활동 등 업무에 최적화된 양식으로 내용을 요약한다. 요약 내용은 간단하게 수정하거나 복사, 공유할 수도 있다.익시오는 LG유플러스의 대표 AI 통화앱으로 ▲AI 대화 검색 ▲AI 스마트 요약 기능을 비롯해 ▲실시간 보이스피싱 탐지 및 알림 ▲악성앱 설치 여부 판단 ▲안티딥보이스 기능 등을 탑재했다.최윤호 LG유플러스 AI Agent추진그룹장(상무)은 “익시오에 가입해주신 100만 고객께 감사의 의미로 이번 프로모션을 준비했다”며 “앞으로 편리하면서도 안전한 서비스를 제공하기 위해 최선을 다하겠다”고 말했다."
https://n.news.naver.com/mnews/article/421/0008637639?sid=101,2025-12-02 14:00:00,경제,LGU+·셀트리온·GS리테일 등 청년도약 멤버십 가입…기업 참여 속도,"청년 인턴·일경험 지원하는 민관 협력체계ⓒ News1 김기남 기자(세종=뉴스1) 나혜윤 기자 = 고용노동부와 한국경영자총협회가 2일 서울 프레스센터에서 '청년도약 멤버십 가입행사'를 열고 LG유플러스·GS리테일·셀트리온 등 11개 기업에 신규 가입 증서를 수여했다.청년 일경험·인턴·훈련 제공을 위해 민관이 협력하는 대표적 파트너십 모델인 청년도약 멤버십은 이번 신규 참여로 총 140개 사로 확대하면서, 정부는 기업 사례 공유와 함께 청년 고용 활성화를 위한 민관 협력 강화 방안 논의에 나섰다.청년도약 멤버십은 청년 고용 문제 해결을 위한 민·관 파트너십 선도모델로 기업은 자체 인적·물적자원을 활용해 청년에게 일경험·인턴·훈련 등을 제공하고, 정부는 재정지원, 모집 홍보 등을 통해 운영을 지원하고 있다.이날 행사에서는 신규가입 기업 엘지유플러스와 우수 활동기업 카카오의 사례 발표가 있었다. 엘지유플러스는 실무형 정보기술(IT) 인재 양성 프로그램인 '유레카 소프트웨어 교육과정' 등을 통해 청년의 취업을 지원하고 있다. 카카오는 현직 경험을 보유한 강사진과 함께 팀 프로젝트 기회 등을 제공해 청년이 개발자로 성장하도록 지원하는 '카카오테크 캠퍼스'를 운영하고 있다.임영미 고용정책실장은 ""청년이 곧 대한민국의 미래라는 믿음으로 다양한 취업 지원 활동에 앞장서 주신 가입기업에 진심으로 감사드린다""면서 ""청년 한명 한명이 가진 잠재력이 기업의 성장과 산업의 혁신으로 이어질 수 있도록 적극적인 지원을 요청드린다""라고 밝혔다."
https://n.news.naver.com/mnews/article/417/0001116818?sid=105,2025-12-02 14:40:40,IT/과학,"LG U+, '익시오' 가입자 100만 돌파 행사 진행","'AI 대화 검색·AI 스마트 요약' 무료 체험 확대 및 배스킨라빈스 증정LG유플러스가 AI 통화앱 ‘익시오(ixi-O)’ 가입자 100만 돌파를 기념해 프로모션을 진행한다고 2일 밝혔다. 사진은 LG유플러스 직원이 프로모션을 소개하고 있는 모습. /사진=LG유플러스LG유플러스가 AI 통화앱 '익시오(ixi-O)' 가입자 100만 돌파를 기념해 프로모션을 진행한다고 2일 밝혔다. 익시오는 LG유플러스의 대표 AI 통화앱으로 ▲AI 대화 검색 ▲AI 스마트 요약 ▲실시간 보이스피싱 탐지 및 알림 ▲악성앱 설치 여부 판단 ▲안티딥보이스 기능을 탑재했다.이번 프로모션에서는 익시오의 핵심 기능인 'AI 대화 검색·AI 스마트 요약' 무료 체험을 100회로 확대하고 추첨을 통해 100명에게 배스킨라빈스 버라이어티팩을 선물한다.이벤트 응모는 AI 대화 검색·AI 스마트 요약 기능의 사용 횟수를 캡처해서 인증하면 된다. 이번 이벤트는 전화번호 1개당 한 번만 참여할 수 있으며 상세 내용은 익시오 앱 공지사항과 이벤트 페이지에서 확인할 수 있다.AI 대화 검색·AI 스마트 요약은 전화를 마친 뒤 통화 내용을 스마트하게 확인할 수 있는 기능으로 지난 10월 익시오에 새롭게 추가됐다.AI 대화 검색을 통해 지난 통화 내용에서 기억나지 않거나 궁금한 내용을 익시오에게 물어볼 수 있다. 익시오는 약속 장소, 일정 등 통화 주요 내용을 AI로 빠르게 정리해주며 상대방 특성 파악까지 진행한다.AI 스마트 요약으로 통화 내역을 6가지 맞춤형 양식으로 정리할 수 있다. 메모·토론·문의 등 간단한 형태를 비롯해 부동산 중개, 영업 활동 등 업무에 최적화된 양식으로 내용을 요약한다. 요약 내용은 간단하게 수정하거나 복사, 공유할 수도 있다.최윤호 LG유플러스 AI Agent추진그룹장(상무)은 ""익시오에 가입해주신 100만 고객께 감사의 의미로 이번 프로모션을 준비했다""며 ""앞으로 편리하면서도 안전한 서비스를 제공하기 위해 최선을 다하겠다""고 말했다."
https://n.news.naver.com/mnews/article/660/0000098193?sid=101,2025-12-02 14:50:11,경제,"아우토크립트, 차량 제조사 제치고 '모빌리티 해킹 대회' 휩쓸다","▲ AI 모빌리티 보안 전문기업인 아우토크립트 [아우토크립트]AI 모빌리티 보안 전문기업인 아우토크립트가 순천향대가 주최한 '2025 LISAthon(리사톤): 모빌리티 컴피티션' 해킹대회에서 기업 부문 1·2·3위를 석권했습니다.아우토크립트는 HL클레무브와 연합하여 출전한 팀이 기업 부문 우승을 차지했으며, 자체 출전한 1팀과 2팀 역시 각각 2위와 공동 3위에 오르는 기염을 토했습니다.특히 이번 대회는 현대차, 네이버, LGU+, 넥슨 등 주요 대기업과 KAIST, 고려대, 성균관대 등 유수 대학 팀을 모두 제치고 이룬 성과라는 점에서 그 의미가 더욱 큽니다.이번 우승은 아우토크립트가 단순한 솔루션 제공을 넘어, 실제 주행 환경에서 발생 가능한 다양한 사이버 위협에 실전적으로 대응할 수 있는 첨단 AI 모빌리티 보안 분야에서 독보적인 기술 우위를 갖추고 있음을 입증했습니다.아우토크립트는 AI를 활용한 침입 탐지 및 이상행위 분석(IDPS) 기능과 더불어 디지털 키(Digital Key), V2X, Plug&Charge(PnC) 등 커넥티드 모빌리티 보안 솔루션을 실제 주행 환경에 구현하는 기술력을 보유하고 있습니다.대회는 실제 주행 차량에서 수집된 데이터를 기반으로 참가자들이 차량 내부 네트워크에 공격을 수행하고 실시간으로 방어 전략을 구현하고 개선하는 방식으로 진행되었습니다.이는 실차 환경에서 직접 취약점을 찾아 대응 과정을 설계해야 하는 국내 유일의 실시간 워게임형 모빌리티 사이버보안 대회로, 참가팀의 실질적인 보안 역량을 평가하는 데 가장 실효성이 높다고 평가받습니다.올해 대회에는 전국 24개 대학에서 56개팀, 130여 명이 참가해 역대 최고 경쟁률을 기록했으며, 이 치열한 경쟁 속에서 아우토크립트 출전팀 모두가 상위권을 차지했습니다.아우토크립트의 이석우 대표는 ""AI 모빌리티 보안의 핵심은 실전 대응력이며, LISAthon은 이를 검증하는 가장 실효성 높은 대회""라고 강조했습니다.이 대표는 ""아우토크립트는 글로벌 무대에서 AI 모빌리티 보안을 선도하는 기업으로서 기술 안전성 강화와 인재 생태계 조성을 위해 앞으로도 대회 참여와 협력에 적극 나설 것""이라고 밝혔습니다.#아우토크립트 #리사톤 #순천향대 #모빌리티해킹대회 #모빌리티보안"
https://n.news.naver.com/mnews/article/016/0002566143?sid=101,2025-12-02 15:07:07,경제,청년도약 멤버십 참여 140개사로 확대…대기업·공공기관 잇단 합류,"노동부·경총 ‘청년도약 멤버십’ 가입식…참여 기업 140개사 돌파LGU+·GS리테일·S-OIL 등 새로 합류일경험·인턴십·훈련 제공…우수기업도 사례 공유[고용노동부 제공][헤럴드경제=김용훈 기자] 고용노동부와 한국경영자총협회(경총)이 청년고용 확대를 위해 운영 중인 ‘청년도약 멤버십’에 신규로 11개 기업이 참여하며 참여 기업 수가 140개사로 늘어났다. 대기업·금융·공공기관 등이 동참하면서 민관 협력 기반의 청년 일경험·훈련 지원이 더욱 확대될 전망이다.2일 노동부에 따르면 노동부와 경총은 이날 서울 중구 프레스센터에서 ‘청년도약 멤버십 가입행사’를 열고 LG유플러스, GS리테일, 셀트리온, LS, 컴투스, 현대홈쇼핑, 에쓰오일(S-OIL), 한국무역보험공사, IBK기업은행, 에스알(SR), 한국산림복지진흥원 등 신규 가입 11개 기업에 가입 증서를 수여했다.청년도약 멤버십은 기업이 자체 인적·물적 자원을 활용해 청년에게 일경험·인턴·직무훈련 등을 제공하고, 정부가 재정지원과 홍보를 맡는 민관 협력 모델이다. 2021년 삼성전자·포스코·SK하이닉스·롯데그룹 등 11개사가 참여하며 시작됐으며, 이번 신규 가입을 포함해 총 140개 기업으로 확대됐다.이날 행사에는 카카오, 아모레퍼시픽재단, 씨엔씨레볼루션 등 우수 활동기업도 참석해 사례를 공유했다.임영미 노동부 고용정책실장은 “다양한 취업 지원 활동에 앞장서 주신 가입기업에 감사드린다”며 “청년 한 명 한 명의 잠재력이 기업 성장과 산업 혁신으로 이어질 수 있도록 적극적인 참여를 부탁드린다”고 말했다."
https://n.news.naver.com/mnews/article/008/0005286237?sid=105,2025-12-02 16:48:45,IT/과학,"'해킹맛집'에 뒷북만 치는 정부…""1조 과징금·영업정지 검토해야""","국회 과방위의 쿠팡 긴급현안질의허술한 보안인증에 유명무실 징벌적 손배제 도마위정부 ""이달 내 범부처 정보보호 대책 2차 발표""배경훈 과학기술정보통신부 장관이 2일 서울 여의도 국회에서 열린 제429회국회(정기회) 과학기술정보방송통신위원회 제18차 전체회의에 출석해 쿠팡 개인정보 유출 사고 관련 답변을 하고 있다./사진=뉴스1통신·금융에 이어 플랫폼까지 털리면서 정부의 부실한 관리·감독 체계가 도마 위에 올랐다. 부실한 정보보호 및 개인정보보호 관리체계 인증(ISMS-P) 제도 개편부터 징벌적 손해배상제 현실화 등 지적이 쏟아졌다. 특히 이번 쿠팡 침해사고는 중국인 내부자 소행설이 제기되면서 범정부 차원의 사이버안보 컨트롤타워 필요성이 제기됐다.2일 국회 과학기술정보방송통신위원회 소속 최수진 국민의힘 의원은 ""쿠팡이 지난 19일 침해사고를 신고했는데 과학기술정보통신부가 민관합동조사단을 꾸린 건 30일로 대응이 너무 늦다""며 ""(해킹이) 하루 이틀도 아닌데 계속 소 잃고 외양간 고치는 격""이라고 지적했다. 한국인터넷진흥원(KISA)이 초기 유출 규모를 4500건으로 판단하면서 조사단 구성이 늦어진 것이다. 김우영 더불어민주당 의원은 ""3370만명의 개인정보가 유출된 건 국가안보의 문제""라며 ""국가정보원과 협의하라""고 지적했다.2015년 개인정보보호법에 징벌적 손해배상제가 도입됐지만 현재까지 적용된 사례는 '0건'으로 나타났다. 개인정보처리자의 고의 또는 중대한 과실로 개인정보주체의 손해가 발생한 경우 법원이 손해액의 5배 이내에서 손해배상액을 정할 수 있게 했지만 인정된 사례가 없었다. 실효성이 없다는 지적에 이정렬 개인정보위 부위원장은 ""빠른 시일 내 개선안을 마련하겠다""고 말했다.━""쿠팡에 1조 과징금·영업정지 검토해야""━정부가 쿠팡에 1조원 이상의 과징금과 영업정지를 검토해야 한다는 지적도 쏟아졌다. 개인정보보호법에 따르면 개인정보 도난·유출 시 전체 매출의 최대 3%를 과징금으로 부과할 수 있다. 지난해 쿠팡 매출은 41조원으로, 최대 3% 적용시 과징금 규모는 1조2000억원 이상이다. 이는 역대 최고 수준인 SK텔레콤 과징금(1348억원)의 9배 수준이다. 또 전자상거래법은 통신판매로 소비자의 재산상 손해가 큰 경우 공정거래위원회가 영업정지를 명할 수 있게 했다. 이에 대해 개인정보위와 과기정통부는 각각 검토 및 관계기관과 협의하겠다고 답했다.ISMS-P 인증기업이 잇따라 해킹되면서 유명무실하다는 비판도 나왔다. 쿠팡은 두 차례 ISMS-P 인증을 받았지만 주요 평가내용인 '조직 내 인력 퇴직시 접근권한 회수' 조항을 어겨 이번 사태를 촉발한 것으로 풀이된다. 김승주 고려대 정보보호대학원 교수도 ""짧은 기간내 서류 위주로 검사를 하다 보니까 실제 환경과 동떨어진 경우가 많다""고 꼬집었다.현재 과기정통부와 개인정보위는 연구반을 구성해 ISMS-P 제도 개선을 논의 중이다. 배경훈 부총리는 ""이달 내 2차 '범부처 정보보호 종합대책'을 발표해 국회 지적 사항을 보완하겠다""며 ""징벌적 손해배상제 추가 등을 적극 검토하겠다""고 말했다.한편 과기정통부에서 침해사고 조사를 전담하는 '사이버침해대응과'의 인력은 담당과장 포함 3인뿐이다. 과기정통부는 침해사고가 증가하는 만큼 행정안전부에 사이버침해대응과를 별도 국으로 독립해 증원하는 방안을 제안했으나 행안부의 거절로 3명 증원에 그쳤다. 쿠팡을 조사하는 민관합동조사단도 8명으로 △KT 30명 △LGU+ 12명 △SKT 11명보다 적은 수준으로 나타났다."
https://n.news.naver.com/mnews/article/014/0005443116?sid=101,2025-12-02 16:58:12,경제,"""청년이 곧 미래"" 노동부 '청년도약 멤버십' LG U+ 등 11개사 신규 가입…총 140개사로 확대","'청년도약 멤버십 가입행사' 개최21년 11개사에서 올해 140개사로 확대청년고용 민관협력 강화 방안 논의고용노동부 GI. 고용노동부 제공[파이낸셜뉴스] 2021년 삼성전자, 포스코, SK하이닉스, 롯데그룹 등 11개사로 시작한 민관 청년 고용 협력 모델 '청년도약 멤버십'이 올해 11개사를 추가되면서 총 140개사로 확대됐다. 고용노동부와 경영계는 향후에도 청년 고용 활성화를 위한 협력 방안을 모색해 나갈 계획이다.고용노동부와 한국경영자총협회는 2일 서울 중구 프레스센터에서 '청년도약 멤버십 가입행사'를 개최하고, 신규가입 기업에 멤버십 가입 증서를 수여했다.올해엔 LG유플러스, GS리테일, 셀트리온, LS, 컴투스, 현대홈쇼핑, 에쓰오일, 한국무역보험공사, IBK기업은행, 에스알, 한국산림복지진흥원이 멤버십에 추가로 가입한다. 이로써 총 멤버십 가입 기업은 140개사로 늘어나게 됐다.청년을 대상으로 기업이 일경험·인턴 등의 기회를 제공하고, 정부가 이에 대한 재정지원·모집 홍보를 지원하는 청년도약 멤버십은 2021년 시작된 민관 고용협력 모델이다.이날 정부와 경영계는 기업의 청년취업 지원활동 사례를 공유했다.신규가입 기업인 LG유플러스는 실무형 정보기술(IT) 인재 양성 프로그램 '유레카 소프트웨어 교육과정' 사례를, 카카오는 현직 경험을 보유한 강사진과의 팀 프로젝트 기회를 제공하는 '카카오테크 캠퍼스' 사례를 발표했다.임영미 고용노동부 고용정책실장은 ""'청년이 곧 대한민국의 미래'라는 믿음으로 다양한 취업지원 활동에 앞장서 준 가입기업에 진심으로 감사드린다""며 ""청년 한 명 한 명이 가진 잠재력이 기업의 성장과 산업의 혁신으로 이어질 수 있도록 적극적인 지원을 요청드린다""고 밝혔다."
https://n.news.naver.com/mnews/article/079/0004091923?sid=101,2025-12-02 17:08:09,경제,[단독]쿠팡 초대형 유출에도 전담 조사관 1명뿐…7명은 병행,"핵심요약전담 인력 1명에 그쳐…KT·LGU+ 조사도 동시에 맡아8명 구성…통신 3사 해킹 때의 4분의 1 수준이해민 의원 ""이 정도면 사실상 조사 포기…초기 대응 부실"" 지적박종민 기자쿠팡에서 3370만건 규모의 개인정보가 유출된 가운데 정부가 꾸린 민관합동조사단 8명 중 7명이 이미 KT·LG유플러스 조사단에도 참여 중인 인력으로 확인됐다. 조사단 대부분이 쿠팡 사태를 전담하지 못한 채 다른 조사 업무를 병행해야 하는 구조여서 내실 있는 조사가 가능하겠느냐는 지적이 나온다.2일 조국혁신당 이해민 의원실이 과학기술정보통신부로부터 제출받은 자료에 따르면, 쿠팡 개인정보 유출 사건 대응을 위한 민관조사단은 총 8명으로 구성됐으며, 이 가운데 쿠팡 조사 업무만 전담하는 인력은 민간 전문가 단 1명뿐인 것으로 나타났다.조사단은 단장·부단장을 포함해 정부 인력 7명, 민간 1명으로 꾸려졌는데 정부 인력 7명은 모두 KT 또는 LG유플러스 조사 업무를 동시에 맡고 있는 것으로 확인됐다.연합뉴스한 자릿수로 꾸려진 쿠팡 조사단 규모는 과거 통신 3사 해킹 사고 조사단과 비교해도 크게 작은 규모다. SKT 해킹 사고 당시 민관조사단은 23명, KT는 30명, LG유플러스는 12명이었다. 현재 진행 중인 KT·LG유플러스 조사단 인원이 총 40여명에 달하는 점을 고려하면 쿠팡 조사단은 이의 4분의 1 수준이다.구체적으로 조사단 구성을 살펴보면, 민간 전문 인력 축소가 두드러진다. SKT 해킹 조사단에는 악성코드·보안 분야 민간 전문가 4명이 참여했지만 이번 쿠팡 조사단에는 정보보안 전문가 1명만 배치됐다. KISA(한국인터넷진흥원) 파견 인력도 SKT 당시 4명에서 이번에는 3명으로 줄었다.과기부 내부에서는 올해 SKT·KT·LG유플러스 등 3개 민관조사단을 연이어 운영해 온 탓에 추가 인력 운용에 어려움이 있다는 목소리가 나온다. 인력도 축소된 데다 전담 인력도 부족한 상황에서 충분한 조사가 이뤄질 수 있겠느냐는 우려가 나온다.과기부 관계자는 ""통신 3사 조사단 운영으로 인력 운용에 어려움 있는 것은 사실이다. 한정된 인력으로 돌려써야하는 것이 현실""이라면서도 ""KT, LG의 경우에도 조사단 초기엔 10여명으로 구성됐지만 조사가 진행되면서 필요한 전문가들을 충원해 왔다. 쿠팡 조사단이 지난 30일에 출범해 초기인 만큼, 조사를 진행하면서 필요한 인원을 빠르게 충원할 계획""이라고 밝혔다.이해민 의원은 ""3370만명의 개인정보가 유출된 초대형 사고에 단 8명으로 조사단을 꾸렸고, 그조차 전담하는 정부 인원이 단 한 명도 없다. 이건 사실상 '조사 포기'에 가깝다""며 ""초기 대응을 책임지는 부처로서 과기부는 지금 당장 조직과 인력을 재점검해야 한다""고 지적했다.※CBS노컷뉴스는 여러분의 제보로 함께 세상을 바꿉니다. 각종 비리와 부당대우, 사건사고와 미담 등 모든 얘깃거리를 알려주세요.이메일 :jebo@cbs.co.kr카카오톡 :@노컷뉴스사이트 :https://url.kr/b71afn"
https://n.news.naver.com/mnews/article/029/0002997072?sid=105,2025-12-02 17:52:03,IT/과학,"LG U+, AI 통화앱 ‘익시오’ 가입자 100만 돌파 기념 프로모션","AI 대화 검색 등 핵심 기능 무료 체험 확대추첨 통해 배스킨라빈스 버라이어티팩 증정LG유플러스 직원이 프로모션을 소개하고 있다. LG유플러스 제공LG유플러스가 인공지능(AI) 통화앱 ‘익시오’ 가입자 100만명 돌파를 기념해 무료 체험 확대 등 다양한 이벤트를 마련했다.LG유플러스는 익시오 가입자 100만명 돌파를 기념해 프로모션을 진행한다고 2일 밝혔다.이번 프로모션에서는 익시오의 핵심 기능인 ‘AI 대화 검색·AI 스마트 요약’ 무료 체험을 100회로 확대한다. 사용 인증한 고객 중 추첨을 통해 100명에게 배스킨라빈스 버라이어티팩도 선물한다.이벤트 응모는 ‘AI 대화 검색’, ‘AI 스마트 요약’ 기능을 사용할 때 화면에 뜨는 사용 횟수를 캡처해서 인증하면 된다. 이번 이벤트는 전화번호 1개당 한번만 참여할 수 있다.‘AI 대화 검색·AI 스마트 요약’은 지난 10월 익시오에 새롭게 추가된 기능이다. 전화를 마친 뒤 통화 내용을 스마트하게 확인할 수 있는 것이 특징이다.최윤호 LG유플러스 AI 에이전트추진그룹장(상무)은 “익시오에 가입해주신 100만 고객께 감사의 의미로 이번 프로모션을 준비했다”며 “앞으로 편리하면서도 안전한 서비스를 제공하기 위해 최선을 다하겠다”고 말했다."
https://n.news.naver.com/mnews/article/081/0003597534?sid=101,2025-12-03 05:03:29,경제,LGU+ ‘익시오’ 100만 돌파 행사[경제 브리핑],"LG유플러스가 인공지능(AI) 통화앱 ‘익시오’(ixi-O) 가입자 100만명 돌파를 기념해 프로모션을 진행한다고 2일 밝혔다. 이번 프로모션에서는 익시오의 핵심 기능인 ‘AI 대화 검색·AI 스마트 요약’ 무료 체험을 100회로 확대하고 사용 인증한 고객 중 추첨을 통해 100명에게 배스킨라빈스 버라이어티팩을 선물한다. 이벤트 응모는 ‘AI 대화 검색’, ‘AI 스마트 요약’ 기능을 사용할 때 화면에 뜨는 사용 횟수를 캡처해서 인증하면 된다. 이번 이벤트는 전화번호 1개당 한 번만 참여가 가능하다."
https://n.news.naver.com/mnews/article/008/0005286460?sid=105,2025-12-03 09:00:00,IT/과학,"LGU+, 양자내성암호 전환 기술 공모전 성료","LG유플러스는 한국지능정보사회진흥원(NIA), 한국정보보호학회, 크립토랩, 양자산업생태계지원센터(KQIC)과 함께 개최한 ‘양자내성암호 전환 기술 공모전(PQC Migration Challenge)’을 마치고 시상식을 개최했다. /사진=LG유플러스LG유플러스는 한국지능정보사회진흥원(NIA), 한국정보보호학회, 크립토랩, 양자산업생태계지원센터(KQIC)와 '양자내성암호 전환 기술 공모전(PQC Migration Challenge)'을 열고 시상식을 개최했다고 3일 밝혔다.이번 공모전은 양자내성암호(PQC) 기술의 혁신적인 적용 방안을 발굴하고 우수 인재를 양성하기 위해 마련됐다. 전국 대학 및 대학원에서 총 9팀이 참가해 국민대 HSM(이재석/김영범) 팀이 대상(한국지능정보사회진흥원장상·상금 500만원)을 받았다. HSM 팀은 제한된 메모리와 처리 능력을 가진 임베디드 환경에서 수학적 최적화 기법을 사용해 PQC 알고리즘의 성능 향상 성과를 선보여 높은 평가를 받았다.심사위원단은 ""제한된 자원 환경에서 PQC 알고리즘을 최적화한 기술이 매우 인상적이었으며, 실제 구현 단계에서 활용할 수 있는 구체적 방안을 제안했다""고 평가했다.△최우수상(한국정보보호학회장상·상금 300만원)에 한성대 이음·대구경북과학기술원 UGRP △우수상(한국정보보호학회장상·상금 200만원)에 한성대 김김윤윤모·부경대 웨하스 팀이 올랐다.LG유플러스는 이번 대회를 통해 국내 PQC 기술 저변 확대와 차세대 보안 인재 양성을 이어갈 계획이다. PQC 기술을 실제 통신·서비스 환경에 적용하기 위한 산학 협력 프로그램을 확대하고, 관련 세미나도 정기적으로 개최할 예정이다.김은주 한국지능정보사회진흥원(NIA) 지능기술인프라본부장은 ""참가자들의 아이디어와 기술력에서 국내 PQC 산업의 밝은 미래를 확인했다""며, ""산업계 전반의 PQC 전환 가속화를 위해 지속적으로 협력하겠다""고 말했다.주엄개 LG유플러스 유선사업담당(상무)은 ""9개 팀 모두가 수준 높은 결과물을 제출하며 국내 PQC 기술에 대한 뜨거운 학술적 관심을 보여줬다""며 ""이번 공모전이 국내 PQC 생태계 조성과 기술 경쟁력 강화의 지속적인 촉매제가 되기를 기대한다""라고 했다."
https://n.news.naver.com/mnews/article/003/0013635652?sid=105,2025-12-03 09:00:00,IT/과학,LGU+ 양자내성암호 전환기술 공모전에서 국민대 팀 대상 수상,"국민대 HSM 팀, 임베디드 환경 최적화 기술로 PQC 성능 향상 성과[서울=뉴시스]LG유플러스는 한국지능정보사회진흥원(NIA), 한국정보보호학회, 크립토랩, 양자산업생태계지원센터(KQIC)과 함께 개최한 '양자내성암호 전환 기술 공모전(PQC Migration Challenge)'을 마치고 시상식을 개최했다고 3일 밝혔다. 사진은 시상식에서 공모전 참가자들이 기념촬영을 하고 있는 모습. (사진=LG유플러스 제공)[서울=뉴시스]윤현성 기자 = LG유플러스가 전국 대학생, 대학원생으로 진행한 양자내성암호(PQC) 전환 기술 공모전에서 국민대학교 학생팀이 대상을 차지했다. 임베디드 환경에서 수학적 최적화 기법을 사용해 PQC 알고리즘 성능을 향상시킨 성과가 좋은 평가를 받았다.LG유플러스는 한국지능정보사회진흥원(NIA), 한국정보보호학회, 크립토랩, 양자산업생태계지원센터(KQIC)과 함께 개최한 '양자내성암호 전환 기술 공모전'을 마치고 시상식을 개최했다고 3일 밝혔다.이번 공모전은 전국 대학(원)생을 대상으로 다가오는 양자컴퓨터 시대에 대비하여 양자내성암호(PQC) 기술의 혁신적인 적용 방안을 발굴하고 우수 인재를 양성하기 위해 마련됐다. 공모전에는 전국 대학 및 대학원에서 총 9팀이 참가했다.총 9팀이 참가한 이번 공모전의 대상(한국지능정보사회진흥원장상·상금 500만원)은 국민대학교 'HSM(Hardware Security Master)' 팀이 차지했다. HSM 팀은 제한된 메모리와 처리 능력을 가진 임베디드 환경에서 수학적 최적화 기법을 사용해 PQC 알고리즘의 성능 향상 성과를 선보여 높은 평가를 받았다.심사위원단은 ""제한된 자원 환경에서 PQC 알고리즘을 최적화한 기술이 매우 인상적이었고, 실제 구현 단계에서 활용할 수 있는 구체적 방안을 제안했다""며 기술 완성도와 실용성을 모두 인정했다.이외에도 ▲최우수상(한국정보보호학회장상·상금 300만원)에 한성대학교 이음·대구경북과학기술원 UGRP ▲우수상(한국정보보호학회장상·상금 200만원)에 한성대학교 김김윤윤모·부경대학교 웨하스 팀이 수상의 영예를 안았다.수상팀들은 무중단·무지연 TLS 기법, 비트 연산 최적화를 통한 HQC 가속, MCP 인증의 PQC 적용, 임베디드 환경의 경량 ML-KEM 구조 등 다양한 주제로 산업적 활용 가능성을 제시했다.이번 공모전은 1차 서류심사와 2차 발표평가를 통해 기술 완성도·보안성·확장성 등을 종합적으로 평가했다. 특히 참가자들은 과제 수행 시 'PQC 마이그레이션 플랫폼'을 활용해 알고리즘을 직접 검증하고, 성능 테스트를 수행함으로써 실무 중심의 경험을 쌓았다.LG유플러스는 이번 대회를 통해 국내 PQC 기술 저변 확대와 차세대 보안 인재 양성을 이어갈 계획이다. 향후 PQC 기술을 실제 통신·서비스 환경에 적용하기 위한 산학 협력 프로그램을 확대하고, 관련 세미나도 정기적으로 개최할 예정이다.김은주 NIA 지능기술인프라본부장은 ""참가자들의 아이디어와 기술력에서 국내 PQC 산업의 밝은 미래를 확인했다""며 ""산업계 전반의 PQC 전환 가속화를 위해 지속적으로 협력하겠다""고 전했다.주엄개 LG유플러스 유선사업담당(상무)은 ""7월 공모 개시 이후 9개 팀 모두가 수준 높은 결과물을 제출하며 국내 PQC 기술에 대한 뜨거운 학술적 관심을 보여줬다""며 ""이번 공모전이 국내 PQC 생태계 조성과 기술 경쟁력 강화의 지속적인 촉매제가 되기를 기대한다""고 말했다."
https://n.news.naver.com/mnews/article/629/0000449473?sid=105,2025-12-03 09:00:14,IT/과학,LGU+ 양자내성암호 공모전 대상에 국민대학교 팀 선정,"'양자내성암호 전환 기술 공모전' 개최국내 PQC 생태계 조성 및 인재 양성 목저LG유플러스가 개최한 '양자내성암호 전환 기술 공모전'에서 참가자들이 기념촬영을 하고 있다. /LG유플러스[더팩트｜우지수 기자] LG유플러스는 한국지능정보사회진흥원(NIA), 한국정보보호학회 등과 공동 개최한 '양자내성암호 전환 기술 공모전'에서 국민대학교 'HSM(이재석·김영범)' 팀에게 대상을 수여했다고 3일 밝혔다.HSM 팀은 메모리와 처리 능력이 제한된 임베디드 환경에서 수학적 최적화 기법을 활용해 양자내성암호(PQC) 알고리즘 성능을 높인 성과를 인정받았다. 심사위원단은 ""제한된 자원에서 알고리즘을 최적화하고 실제 구현 단계의 구체적 활용 방안을 제시해 기술 완성도와 실용성이 모두 높다""고 선정 이유를 밝혔다.이번 공모전은 양자컴퓨터 시대를 대비해 양자내성암호 기술 적용 방안을 발굴하고 인재를 양성하기 위해 마련됐으며, 전국 대학 및 대학원에서 총 9개 팀이 참가했다.최우수상은 한성대학교 '이음' 팀과 대구경북과학기술원(DGIST) 'UGRP' 팀이, 우수상은 한성대학교 '김김윤윤모' 팀과 부경대학교 '웨하스' 팀이 각각 수상했다.참가자들은 과제 수행 과정에서 양자내성암호 전환 지원 플랫폼인 'PQC 마이그레이션 플랫폼'을 활용해 알고리즘을 직접 검증하고 성능 테스트를 수행했다. 평가는 1차 서류심사와 2차 발표평가를 통해 기술 완성도, 보안성, 확장성 등을 종합적으로 고려해 이뤄졌다.LG유플러스는 향후 양자내성암호 기술을 실제 통신·서비스 환경에 적용하기 위한 산학 협력을 확대하고 관련 세미나를 정기적으로 개최해 생태계 확장에 나설 계획이다.주엄개 LG유플러스 유선사업담당 상무는 ""참가 팀들이 수준 높은 결과물을 제출하며 국내 PQC 기술에 대한 학술적 관심을 보여줬다""며 ""이번 공모전이 국내 양자내성암호 생태계 조성과 기술 경쟁력 강화의 촉매제가 되기를 기대한다""고 말했다.발로 뛰는 더팩트는 24시간 여러분의 제보를 기다립니다.▶카카오톡: '더팩트제보' 검색▶이메일: jebo@tf.co.kr▶뉴스 홈페이지: http://talk.tf.co.kr/bbs/report/write"
https://n.news.naver.com/mnews/article/016/0002566387?sid=105,2025-12-03 09:01:16,IT/과학,"LGU+, 양자내성암호 전환 기술 공모전 성료","국내 PQC 생태계 조성 및 차세대 보안 인재 양성 일환LG유플러스는 한국지능정보사회진흥원(NIA), 한국정보보호학회, 크립토랩, 양자산업생태계지원센터(KQIC)과 함께 개최한 ‘양자내성암호 전환 기술 공모전(PQC Migration Challenge)’을 마치고 시상식을 개최했다고 3일 밝혔다. 사진은 시상식에서 공모전 참가자들이 기념촬영을 하고 있는 모습. [LG유플러스 제공][헤럴드경제=박혜림 기자] LG유플러스가 국내 PQC(양자내성암호) 기술 저변 확대 및 차세대 보안 인재 양성을 위한 공모전을 성공적으로 마무리했다.LG유플러스는 한국지능정보사회진흥원(NIA), 한국정보보호학회, 크립토랩, 양자산업생태계지원센터(KQIC)과 함께 개최한 ‘양자내성암호 전환 기술 공모전(PQC Migration Challenge)’을 마치고 시상식을 개최했다고 3일 밝혔다.이번 공모전은 전국 대학(원)생을 대상으로 다가오는 양자컴퓨터 시대에 대비해 PQC 기술의 혁신적인 적용 방안을 발굴하고 우수 인재를 양성하기 위해 마련됐다. 공모전에는 전국 대학 및 대학원에서 총 9팀이 참가했다.총 9팀이 참가한 이번 공모전의 대상은 국민대학교 ‘HSM’ 팀이 차지했다. HSM 팀은 제한된 메모리와 처리 능력을 가진 임베디드 환경에서 수학적 최적화 기법을 사용해 PQC 알고리즘의 성능 향상 성과를 선보여 높은 평가를 받았다.심사위원단은 “제한된 자원 환경에서 PQC 알고리즘을 최적화한 기술이 매우 인상적이었으며, 실제 구현 단계에서 활용할 수 있는 구체적 방안을 제안했다”는 점에서 기술 완성도와 실용성을 모두 인정했다.이외에도 ▷최우수상에 한성대학교 이음·대구경북과학기술원 UGRP ▷우수상에 한성대학교 김김윤윤모·부경대학교 웨하스 팀이 수상의 영예를 안았다. 수상팀들은 무중단/무지연 TLS 기법, 비트 연산 최적화를 통한 HQC 가속, MCP 인증의 PQC 적용, 임베디드 환경의 경량 MLKEM 구조 등 다양한 주제로 산업적 활용 가능성을 제시했다.이번 공모전은 1차 서류심사와 2차 발표평가를 통해 기술 완성도·보안성·확장성 등을 종합적으로 평가했다. 특히 참가자들은 과제 수행 시 ‘PQC 마이그레이션 플랫폼’을 활용해 알고리즘을 직접 검증하고, 성능 테스트를 수행함으로써 실무 중심의 경험을 쌓았다.LG유플러스는 이번 대회를 통해 국내 PQC 기술 저변 확대와 차세대 보안 인재 양성을 이어갈 계획이다. 향후 PQC 기술을 실제 통신·서비스 환경에 적용하기 위한 산학 협력 프로그램을 확대하고, 관련 세미나도 정기적으로 개최할 예정이다.김은주 한국지능정보사회진흥원(NIA) 지능기술인프라본부장은 “참가자들의 아이디어와 기술력에서 국내 PQC 산업의 밝은 미래를 확인했다”며 “산업계 전반의 PQC 전환 가속화를 위해 지속적으로 협력하겠다”고 말했다.주엄개 LG유플러스 유선사업담당(상무)은 “7월 공모 개시 이후 9개 팀 모두가 수준 높은 결과물을 제출하며 국내 PQC 기술에 대한 뜨거운 학술적 관심을 보여줬다”며 “이번 공모전이 국내 PQC 생태계 조성과 기술 경쟁력 강화의 지속적인 촉매제가 되기를 기대한다”고 말했다."
https://n.news.naver.com/mnews/article/421/0008639294?sid=105,2025-12-03 09:23:33,IT/과학,"PQC 생태계 키운다…LGU+, 양자내성암호 기술 공모전","PQC 전환 기술 공모전 시상식 개최…국민대 HSM팀 대상LG유플러스는 한국지능정보사회진흥원(NIA), 한국정보보호학회, 크립토랩, 양자산업생태계지원센터(KQIC)과 함께 개최한 '양자내성암호 전환 기술 공모전(PQC MigrationChallenge)'을 마치고 3일 시상식을 개최했다. 2025.12.03/뉴스1(LG유플러스 제공)(서울=뉴스1) 김민수 기자 = LG유플러스(032640)가 한국지능정보사회진흥원(NIA), 한국정보보호학회, 크립토랩, 양자산업생태계지원센터(KQIC)와 공동 개최한 '양자내성암호(PQC) 전환 기술 공모전'을 3일 마무리했다.이번 공모전은 양자컴퓨터 시대 도래에 대비해 PQC 실제 적용 방안을 발굴하고 관련 기술 인재를 육성하기 위해 전국 대학(원)생을 대상으로 진행됐다. 총 9개 팀이 참여해 기술 완성도·보안성·확장성 등을 중심으로 경합했다.대상(한국지능정보사회진흥원장상·상금 500만원)은 국민대학교 'HSM(Hardware Security Master)' 팀이 수상했다. HSM 팀은 메모리·연산 능력이 제한된 임베디드 환경에서 수학적 최적화 기법을 통해 PQC 알고리즘 성능을 끌어올린 점에서 높은 평가를 받았다.최우수상(한국정보보호학회장상·300만원)은 한성대학교 '이음' 팀과 대구경북과학기술원 'UGRP' 팀이 공동 수상했다. 우수상(한국정보보호학회장상·200만원)에는 한성대 '김김윤윤모' 팀과 부경대 '웨하스' 팀이 선정됐다.참가자들은 과제 수행 과정에서 'PQC 마이그레이션 플랫폼(pqcmp.kr)'을 활용해 알고리즘 검증과 성능 테스트를 직접 수행, 실무 중심의 실습을 경험했다.LG유플러스는 공모전을 계기로 PQC 생태계 조성 및 차세대 보안 인재 양성 프로그램을 확대한다는 계획이다. 향후 산학 협력 프로그램 및 정기 세미나를 운영해 PQC 기술을 실제 통신·서비스 환경에 접목할 예정이다."
https://n.news.naver.com/mnews/article/648/0000042358?sid=105,2025-12-03 10:40:09,IT/과학,LGU+ 양자내성암호 공모전서 국민대팀 대상 수상,"PQC 활용 방안 모색·우수 인재 양성 목적LG유플러스와 한국지능정보사회진흥원(NIA), 한국정보보호학회, 크립토랩, 양자산업생태계지원센터(KQIC)가 공동 개최한 '양자내성암호 전환 기술 공모전' 시상식에서 참가자들이 기념촬영을 하고 있다./사진=LG유플러스 제공LG유플러스는 양자내성암호(PQC, Post-Quantum Cryptography) 전환 기술 공모전을 성료했다고 3일 밝혔다. 이번 공모전은 양자컴퓨터 시대를 대비해 양자내성암호 기술의 혁신적인 적용 방안을 발굴하고 우수 인재를 양성하기 위해 마련됐다.이번 공모전은 LG유플러스와 한국지능정보사회진흥원, 한국정보보호학회, 크립토랩, 양자산업생태계지원센터가 함께 개최했으며, 전국 대학 및 대학원에서 총 9팀이 참가했다. 참가자들은 PQC 마이그레이션 플랫폼을 활용해 알고리즘을 직접 검증하고 성능 테스트를 수행하며 실무 경험을 쌓았다.1차 서류심사와 2차 발표평가를 통해 기술 완성도·보안성·확장성 등을 종합적으로 평가한 가운데 국민대학교 'HSM' 팀이 대상을 차지했다. HSM 팀은 제한된 메모리와 처리 능력을 가진 임베디드 환경에서 수학적 최적화 기법을 사용해 PQC 알고리즘의 성능 향상 성과를 선보여 높은 평가를 받았다. 최우수상은 한성대학교 '이음', 대구경북과학기술원 'UGRP' 팀이 수상했다. 우수상은 한성대학교 '김김윤윤모', 부경대성학교 '웨하스' 팀이 수상의 영예를 안았다.LG유플러스는 이번 대회를 통해 국내 PQC 기술 저변 확대와 차세대 보안 인재 양성을 이어갈 계획이다. 향후 PQC 기술을 실제 통신·서비스 환경에 적용하기 위한 산학 협력 프로그램을 확대하고, 관련 세미나도 정기적으로 개최할 예정이다.김은주 한국지능정보사회진흥원 지능기술인프라본부장은 ""참가자들의 아이디어와 기술력에서 국내 PQC 산업의 밝은 미래를 확인했다. 산업계 전반의 PQC 전환 가속화를 위해 지속적으로 협력할 것""이라고 말했다.주엄개 LG유플러스 유선사업담당 상무는 ""모든 팀이 수준 높은 결과물을 제출하며 국내 PQC 기술에 대한 관심을 보여줬다. 이번 공모전이 국내 PQC 생태계 조성과 기술 경쟁력 강화의 촉매제가 되길 기원한다""고 말했다."
https://n.news.naver.com/mnews/article/119/0003032663?sid=105,2025-12-03 10:57:10,IT/과학,"LGU+, ‘양자내성암호 전환 공모전’ 시상…국민대 'HSM'팀 대상","임베디드 환경 최적화 기술로 PQC 성능 향상 성과 인정시상식에서 공모전 참가자들이 기념촬영을 하고 있는 모습.ⓒLG유플러스[데일리안 = 조인영 기자] LG유플러스는 한국지능정보사회진흥원(NIA), 한국정보보호학회, 크립토랩, 양자산업생태계지원센터(KQIC)과 개최한 ‘양자내성암호 전환 기술 공모전(PQC Migration Challenge)’ 시상식을 열었다고 3일 밝혔다.이번 공모전은 전국 대학(원)생을 대상으로 다가오는 양자컴퓨터 시대에 대비해 양자내성암호(PQC;Post-Quantum Cryptography) 기술의 혁신적인 적용 방안을 발굴하고 우수 인재를 양성하기 위해 마련됐다. 공모전에는 전국 대학 및 대학원에서 총 9팀이 참가했다.이번 공모전의 대상(한국지능정보사회진흥원장상·상금 500만원)은 국민대학교 ‘HSM(Hardware Security Master, 이재석/김영범)’ 팀이 차지했다. HSM 팀은 제한된 메모리와 처리 능력을 가진 임베디드 환경에서 수학적 최적화 기법을 사용해 PQC 알고리즘의 성능 향상 성과를 선보여 높은 평가를 받았다.심사위원단은 “제한된 자원 환경에서 PQC 알고리즘을 최적화한 기술이 매우 인상적이었으며, 실제 구현 단계에서 활용할 수 있는 구체적 방안을 제안했다”는 점에서 기술 완성도와 실용성을 모두 인정했다.이외에도 ▲최우수상(한국정보보호학회장상·상금 300만원)에 한성대학교 이음·대구경북과학기술원 UGRP ▲우수상(한국정보보호학회장상·상금 200만원)에 한성대학교 김김윤윤모·부경대학교 웨하스 팀이 수상의 영예를 안았다.수상팀들은 무중단/무지연 TLS 기법, 비트 연산 최적화를 통한 HQC 가속, MCP 인증의 PQC 적용, 임베디드 환경의 경량 ML-KEM 구조 등 다양한 주제로 산업적 활용 가능성을 제시했다.공모전은 1차 서류심사와 2차 발표평가를 통해 기술 완성도·보안성·확장성 등을 종합적으로 평가했다. 특히 참가자들은 과제 수행 시 ‘PQC 마이그레이션 플랫폼(pqcmp.kr)’을 활용해 알고리즘을 직접 검증하고, 성능 테스트를 수행함으로써 실무 중심의 경험을 쌓았다.LG유플러스는 이번 대회를 통해 국내 PQC 기술 저변 확대와 차세대 보안 인재 양성을 이어갈 계획이다. 향후 PQC 기술을 실제 통신·서비스 환경에 적용하기 위한 산학 협력 프로그램을 확대하고, 관련 세미나도 정기적으로 개최할 예정이다.김은주 한국지능정보사회진흥원(NIA) 지능기술인프라본부장은 “참가자들의 아이디어와 기술력에서 국내 PQC 산업의 밝은 미래를 확인했다”며 “산업계 전반의 PQC 전환 가속화를 위해 지속적으로 협력하겠다”고 전했다.주엄개 LG유플러스 유선사업담당(상무)은“7월 공모 개시 이후 9개 팀 모두가 수준 높은 결과물을 제출하며 국내 PQC 기술에 대한 뜨거운 학술적 관심을 보여줬다”며 “이번 공모전이 국내 PQC 생태계 조성과 기술 경쟁력 강화의 지속적인 촉매제가 되기를 기대한다”라고 말했다."
https://n.news.naver.com/mnews/article/469/0000900980?sid=101,2025-12-03 11:56:11,경제,"'유심 정보 유출' 사태에 SKT, 소비자 만족도 감소","소비자원 온라인 설문에서 1위 LGU+피해 소비자 절반 ""개인정보 유출 불만""지난달 21일 서울에 있는 한 SKT대리점 앞을 시민이 지나고 있다. 뉴스1한국소비자원이 실시한 이동통신 3사의 소비자 만족도 조사 결과에서 SKT가 3위를 기록했다. 올해 4월 SKT의 유심 정보 유출 사고로 소비자 불만이 누적된 영향으로 풀이된다.3일 소비자원이 발표한 이동통신 서비스 종합 만족도 조사 결과에 따르면, 5점 만점 평가에서 LGU+가 3.54점으로 가장 높았고, KT와 SKT는 각각 3.46점, 3.23점이었다. 소비자원이 올해 7월 24일부터 8월 6일까지 3개월 이상 4G(LTE) 혹은 5G 통신 요금제에 가입한 소비자 1,800명을 대상으로 온라인 설문조사를 실시한 결과다. 통신 3사의 만족도 평균은 3.37점으로, 전년 조사 대비 0.1점 하락했다.통신 3사 이용자의 28.2%는 서비스 불만이나 피해를 경험했다.'개인정보 유출'에 대한 불만이 절반에 달했고, '서비스 품질 미흡'(29.3%)이나 '약정 해지·변경에 따른 위약금 부과'(25.5%) 등도 개선이 필요한 사항으로 지목됐다.소비자들이 통신 3사에 가장 바라는 것은 '장기·우수 고객 혜택'(18.9%)이었다. '결합상품·결합 시 혜택'(14.9%)과 '요금'(14.4%)도 주요 관심사였다.통신 3사와 알뜰폰 이용자 사이에선 만족도 차이가 있었다. 3사 통신 상품을 사용 중인 소비자는 멤버십 서비스 항목에서 알뜰폰(2.69점)에 비해 높은 점수(3.51점)를 줬다. 이에 반해 이용 요금의 경우 알뜰폰(3.87점)이 3사(3점)에 비해 상대적으로 높은 평가를 받았다.소비자원은 ""소비자의 합리적인 선택을 지원하고, 사업자 서비스 품질 개선을 장려하기 위해 다양한 분야에서 서비스 비교 정보를 생산해 제공할 예정""이라고 밝혔다."
https://n.news.naver.com/mnews/article/421/0008640043?sid=101,2025-12-03 12:00:00,경제,"""툭하면 개인정보 유출""…이동통신사 소비자 불만 급증","서비스 이용 중 불만·피해 경험 13.7%→28.2% 증가고객 응대 만족도 높지만, 정보보안 상대적으로 낮아2서울 용산의 휴대폰 매장 앞으로 한 시민이 지나가고 있다. 2022.12.23/뉴스1 ⓒ News1 박세연 기자(세종=뉴스1) 심서현 기자 = 한국소비자원은 3일 이동통신 3사 소비자 만족도 조사 결과, LGU+가 가장 높은 평가를 받았다고 밝혔다. 다만 최근 개인정보 유출에 대한 우려가 커지며 전반적인 만족도는 낮아진 것으로 나타났다.소비자원은 KT, SKT, LGU+ 등 3개 이동통신사를 대상으로 △서비스 이용 과정 △핵심 서비스 △서비스 체험 등 3대 서비스 부문 만족도와 △전반적 △가격 대비 △이상 대비 포괄적 만족도를 조사했다.조사 결과, 이동통신 3사의 평균 종합 만족도는 3.37점(5점 만점)이었다. 업체별로는 LGU+가 3.54점(5점 만점)으로 가장 높았고, 이어 KT(3.46), SKT(3.23) 순이었다.다만 이번 조사는 지난 7월 24일부터 8월 6일까지 진행돼 지난 4월 SKT 해킹 사태가 반영되고, 8월 말에 알려진 KT 소액결제 사건은 반영되지 않았다.서비스 이용 과정에서는 '고객 응대' 만족도가 3.77점으로 가장 높았고, 개인정보 보호 노력 등을 평가한 '정보 보안'은 3.22점으로 상대적으로 낮았다.핵심 서비스 중에는 가입·개통의 편의성 등을 평가한 '가입·개통' 만족도가 3.73점으로 가장 높았고, '이용요금' 만족도는 3.00점으로 가장 낮았다.올해 조사된 종합 만족도는 지난해(3.47점)보다 0.10점 하락했으며, 특히 포괄적 만족도 3개 부문 중 '전반적 만족도'의 하락 폭(-0.15점)이 상대적으로 컸다.이동통신 3사 이용 소비자 1490명과 알뜰폰 이용 소비자 310명의 만족도를 비교한 결과, '멤버십 서비스', '제휴 서비스' 등은 이동통신 3사가 높았다. 반면 '이용요금', '요금제 선택' 등은 알뜰폰이 만족도가 더 높은 것으로 나타났다.이동통신 3사 이용 소비자(1490명)가 서비스 선택 및 이용 시 가장 중요하게 고려하는 것은 '장기·우수 고객 혜택'(18.9%)이었으며, 다음으로 '결합상품·결합 시 혜택'(14.9%), '요금'(14.4%) 등의 순이었다.서비스 이용 중 불만이나 피해를 경험한 소비자는 전체의 28.2%(420명)였다. 이 중 '개인정보 유출'에 대한 불만이 50.0%(210명)로 가장 많았으며, 이어서 '서비스 품질 미흡'(29.3%), '약정 해지·변경에 따른 위약금 부과'(25.5%) 등의 순이었다.불만·피해 경험률은 작년(13.7%) 대비 14.5%포인트(p) 증가했고, '개인정보 유출'에 대한 불만·피해 유형 급증이 두드러졌다.소비자원은 이번 조사 결과를 토대로 사업자에게 △개인정보 보호를 위한 보안 강화 △장기·우수 고객 혜택 강화 등 서비스 개선을 요청할 계획이다.소비자원은 ""앞으로도 소비자의 합리적인 선택을 지원하고, 사업자 서비스 품질 개선을 장려하기 위해 다양한 분야의 서비스 비교정보를 지속해서 생산하여 제공할 예정""이라고 밝혔다."
https://n.news.naver.com/mnews/article/056/0012078511?sid=101,2025-12-03 12:00:37,경제,“개인정보 유출 우려로 이동통신 서비스 만족도 하락”,"개인정보 유출에 대한 우려로 이동통신 서비스에 대한 만족도가 하락한 것으로 나타났습니다.한국소비자원이 오늘(3일) 발표한 이동통신 3사의 소비자 만족도 조사 결과를 보면, 종합 만족도는 5점 만점에 평균 3.37점으로 나타나, 지난해 3.47점에 비해 소폭 하락했습니다.업체별로는 LGU+가 3.54점을 받아 가장 높았고, KT가 3.46점, SKT가 3.23점을 받았습니다.소비자원은 다만, 올해 조사가 4월 중순 SKT의 유심 정보 유출 사건이 발생한 뒤, KT의 소액결제 사건이 발생하기 전인 7월 중순부터 8월 초까지 이뤄졌다고 부연했습니다.핵심 서비스에 대한 평가에서는 ‘가입·개통’ 만족도가 3.73점으로 가장 높았고, ‘이용요금’에 대한 만족도는 3점으로 가장 낮게 나타났습니다.또한 전체 응답자 1천 490명 가운데 420명이 불만이나 피해를 경험했다고 답해 ‘불만 경험률’이 28.2%로 나타났다고 밝혔습니다.이 가운데는 개인정보 유출에 대한 불만이 210명으로 절반(50%)을 차지했고, 서비스 품질 미흡(29.3%)과 약정 해지·변경에 따른 위약금 부과(25.5%)에 대한 불만이 뒤를 이었습니다.지난해 조사에서는 불만이나 피해를 경험했다는 응답이 13.7%였던 데 비해 불만 경험률이 두 배로 높아진 것입니다. 특히 개인정보 유출에 대한 불만과 피해 유형이 급증한 점이 두드러진다고 설명했습니다.이와 함께 이동통신 3사 이용 소비자 1천 4백여 명과 알뜰폰 이용 소비자 3백여 명의 만족도를 세부 요인별로 비교한 결과, 멤버십 서비스와 제휴 서비스 등은 이동통신 3사가 높은 데 비해, 이용요금이나 요금제 선택 등은 알뜰폰이 만족도가 더 높았다고 밝혔습니다.소비자원은 이번 조사 결과를 토대로 해당 사업자에게 ▲개인정보 보호를 위한 보안 강화와 ▲ 장기·우수 고객 혜택 강화 등 서비스 개선을 요청할 계획입니다.이번 조사는 석 달 이상 본인 명의의 스마트폰을 사용한 전국의 소비자 1천8백 명을 대상으로 7월 24일부터 8월 6일까지 이뤄졌습니다.■ 제보하기▷ 전화 : 02-781-1234, 4444▷ 이메일 : kbs1234@kbs.co.kr▷ 카카오톡 : 'KBS제보' 검색, 채널 추가▷ 네이버, 유튜브에서 KBS뉴스를 구독해주세요!"
https://n.news.naver.com/mnews/article/666/0000089582?sid=101,2025-12-03 12:02:18,경제,잇따른 개인정보 유출…이동통신 3사 서비스 만족도 소폭 하락,"서비스 불만족…개인정보 유출 50%로 가장 많아기사의 이해를 돕기 위한 이미지로 기사와 직접적 연관은 없습니다. 클립아트코리아최근 개인정보 유출 우려 증가로 이동통신 3사 서비스 만족도가 2024년 대비 하락한 것으로 조사됐다.한국소비자원은 이동통신 3사(LGU+·KT·SKT) 이용자 1천490명 대상으로 만족도 조사한 결과, 종합만족도가 2024년(3.47점)보다 0.1점 하락했다고 3일 밝혔다.특히 포괄적 만족도 3개 중 '전반적 만족도'의 하락폭이 -0.15점으로 상대적으로 컸다.이동통신 3사의 종합만족도는 평균 3.37점 (5점 만점)이다. 업체별로는 ‘LGU+’가 3.54점, ‘KT’ 3.46점, ‘SKT’ 3.23점 등이다.서비스 이용 과정 6개에서는 '고객 응대'에 대한 만족도가 3.77점으로 가장 높았으며, 개인정보 보호 노력 등을 평가한 '정보 보안'은 3.22점으로 상대적으로 낮았다.이동통신 3사의 서비스를 이용하면서 불만이나 피해를 경험한 소비자는 전체의 28.2%(420명)였다. 이 중 ‘개인정보 유출’에 대한 불만이 50%(210명)로 가장 많았다. 또 ‘서비스 품질 미흡’(29.3%), ‘약정 해지·변경에 따른 위약금 부과’(25.5%) 등이다.2024년과 2025년 조사를 비교한 결과, 불만·피해 경험률은 2024년(13.7%) 대비 14.5%p 증가했으며 ‘개인정보 유출’에 대한 불만·피해 유형 급증이 두드러졌다.핵심 서비스 10개에서는 가입·개통의 편의성 등을 평가한 ‘가입·개통’ 만족도가 3.73점으로 가장 높았고, ‘이용요금’ 만족도는 3점으로 가장 낮았다.이동통신 3사 이용 소비자가 서비스 선택 및 이용 시 가장 중요하게 고려하는 것은 ‘장기·우수 고객 혜택’(18.9%)이었다. 다음으로 ‘결합상품·결합 시 혜택’(14.9%), ‘요금’(14.4%) 등을 중요하게 고려했다.이동통신 3사 이용 소비자(1천490명)와 알뜰폰 이용 소비자(310명)의 만족도를 세부 요인별로 비교했을 때는 ‘멤버십 서비스’, ‘제휴 서비스’ 등은 이동통신 3사가 높았다. 다만 ‘이용요금’, ‘요금제 선택’ 등은 알뜰폰이 만족도가 더 높은 것으로 나타났다.소비자원은 이번 조사 결과를 토대로 해당 사업자에게 ▲개인정보 보호를 위한 보안 강화 ▲장기·우수 고객 혜택 강화 등 서비스 개선을 요청할 예정이라고 전했다.소비자원 관계자는 ""소비자의 합리적인 선택을 지원하고, 사업자 서비스 품질 개선을 장려하기 위해 다양한 분야의 서비스 비교정보를 지속해서 생산하여 제공할 예정""이라고 밝혔다."
https://n.news.naver.com/mnews/article/448/0000574673?sid=101,2025-12-03 12:42:22,경제,'개인정보 유출 우려'로 이동통신 서비스 만족도 하락,"한국소비자원은 이동통신 서비스 종합 만족도 조사 결과 통신 3사의 만족도 평균이 지난해 조사 때보다 하락했다고 3일 밝혔다.소비자원이 올해 7월 24일부터 8월 6일까지 3개월 이상 4G(LTE) 혹은 5G 통신 요금제에 가입한 소비자 1,800명을 대상으로 온라인 설문조사를 실시한 결과 5점 만점 평가에서 LGU+가 3.54점으로 가장 높았고, KT와 SKT는 각각 3.46점, 3.23점이었다. 올해 4월 SKT의 유심 정보 유출 사고로 소비자 불만이 누적된 영향으로 SKT가 가장 낮은 점수를 받은 것으로 해석된다.통신 3사의 만족도 평균은 3.37점으로, 전년 조사 대비 0.1점 하락했다.통신 3사 이용자의 28.2%는 서비스 불만이나 피해를 경험한 것으로 나타났다. '개인정보 유출'에 대한 불만이 절반에 달했고, '서비스 품질 미흡'(29.3%)이나 '약정 해지·변경에 따른 위약금 부과'(25.5%) 등도 개선이 필요한 사항으로 지목됐다.소비자들이 통신 3사에 가장 바라는 것은 '장기·우수 고객 혜택'(18.9%)이었다. '결합상품·결합 시 혜택'(14.9%)과 '요금'(14.4%)도 주요 관심사였다.통신 3사와 알뜰폰 이용자 사이에선 만족도 차이가 있었다. 3사 통신 상품을 사용 중인 소비자는 멤버십 서비스 항목에서 알뜰폰(2.69점)에 비해 높은 점수(3.51점)를 줬다. 이에 반해 이용 요금의 경우 알뜰폰(3.87점)이 3사(3점)에 비해 상대적으로 높은 평가를 받았다.소비자원은 ""소비자의 합리적인 선택을 지원하고, 사업자 서비스 품질 개선을 장려하기 위해 다양한 분야에서 서비스 비교 정보를 생산해 제공할 예정""이라고 밝혔다."
https://n.news.naver.com/mnews/article/056/0012078560?sid=105,2025-12-03 12:58:09,IT/과학,“개인정보 유출 불만…이동통신 만족도↓”,"개인정보 유출에 대한 우려로 이동통신 서비스에 대한 만족도가 하락한 것으로 나타났습니다.한국소비자원이 발표한 이동통신 3사의 소비자 만족도 조사 결과를 보면, 종합 만족도는 5점 만점에 평균 3.37점으로 나타나, 지난해보다 소폭 하락했습니다.업체별로는 LGU+, KT와 SKT 순이었습니다.불만이나 피해를 경험했다고 답한 응답자는 28.2%였고, 이 가운데 개인정보 유출에 대한 불만이 절반을 차지했습니다.■ 제보하기▷ 전화 : 02-781-1234, 4444▷ 이메일 : kbs1234@kbs.co.kr▷ 카카오톡 : 'KBS제보' 검색, 채널 추가▷ 네이버, 유튜브에서 KBS뉴스를 구독해주세요!"
https://n.news.naver.com/mnews/article/008/0005286710?sid=105,2025-12-03 13:30:00,IT/과학,"전력인프라·병원 등 양자내성암호 성과 공유... ""통신·금융 등 확대""","과기정통부·KISA, 3일 2025년 양자내성암호 시범전환 사업성과 공유회라온시큐어, 한전KDN, LGU+ 등 사례 발표도한전KDN, 라온시큐어, LG유플러스 등 국내 기업들이 국내 전력 인프라 기업과 상위 종합병원, 행정기관을 대상으로 진행한 양자내성암호 시범전환 사업 성과를 공유하는 행사가 열렸다.과학기술정보통신부는 3일 한국인터넷진흥원(KISA)과 서울 SETEC 컨벤션홀에서 국내 IT 시스템 운영 기업·기관, 보안제품 제조사 등 주요 관계자들이 참석한 가운데 '2025년 양자내성암호 시범전환 사업 성과 공유회'를 개최했다.앙자내성암호란 현재 활용되는 공개키 암호 알고리즘(소인수분해, 이산대수 등)에 비해 복잡한 수학적 구조(격자·해시 기반 등)를 활용해 양자컴퓨터로도 해독이 어려운 차세대 암호 기술을 일컫는다. 양자컴퓨터가 상용화되기 전이지만 해커가 암호화된 데이터를 지금부터 미리 수집해 향후 양자컴퓨터 상용화 시 데이터 해독을 시도하는 등 방식으로 공격을 가할 것이라는 우려가 커지면서 양자내성암호의 중요성도 커졌다.과기정통부 등은 양자컴퓨터 암호해독 위협에 선제 대응하기 위해 올해부터 국민 생활과 밀접한 에너지·의료·행정 3개 분야를 시작으로 주요 산업분야에 양자내성암호를 적용하는 시범사업을 펼쳐왔다.이에 △한전KDN이 약 2250만호의 전력사용 정보를 처리하는 한국전력의 지능형 전력계량 시스템에 대해 △라온시큐어가 상급종합병원 8곳의 병원정보시스템 및 EMR(전자의무기록)이 연계된 디지털 헬스케어 플랫폼에 대해 △LG유플러스가 연간 100만명이 이용하는 국가기술자격검정시스템에 대해 각각 양자내성암호 체계 전환을 진행했다.이들 기업들은 컨소시엄을 구성해 국내외 7종의 양자내성암호 알고리즘을 활용해 수요기관의 정보시스템 환경에 적합한 암호모듈 등을 개발하고, 이를 기반으로 구간 암호화, DB(데이터베이스) 암호화, 전자서명 등 다양한 보안 기능에 적용했다. 또 기존 시스템과의 호환성, 키 교환 시간, 서명 검증 시간 등 성능, 보안성 등을 중점적으로 시험했다.이를 통해 암호모듈 총 16종과 양자내성암호 전환 사례 19건을 확보하는 등 양자내성암호 전환의 기술적 실현 가능성을 확인하는 성과를 거뒀다. 전환 과정에서 다양한 기술적·환경적 문제점도 확인했다. 예컨대 양자내성암호는 기존 공개키 암호에 비해 암호키 및 서명 크기가 커 저사양 장비에 적용하기 어려운 문제가 있었다. 이번 시범사업 과정에서는 경량 환경에서도 안정적으로 동작하는 최적화된 알고리즘이 개발됐다.최우혁 과기정통부 네트워크정책실장은 ""이번 사업은 우리 사회의 주요 서비스가 다가오는 양자컴퓨팅 시대 고도화된 해킹 시도에 대응해 보다 안전한 보안 체계로 발전할 수 있는 토대를 마련했다는 점에서 큰 의미를 가진다""며 ""민간에서도 양자내성암호의 필요성과 시급성에 대한 공감대를 바탕으로 기술 전환과 확산에 적극적으로 동참해 주시기를 바란다""고 당부했다.최 실장은 ""내년에는 통신, 국방, 금융 등 핵심 분야로 지원 대상을 확대하고, 양자내성암호 전문 인력과 기업을 적극 육성하는 등 국가적 암호체계 전환에 지원을 아끼지 않겠다""고 밝혔다."
https://n.news.naver.com/mnews/article/092/0002400861?sid=105,2025-12-03 13:31:12,IT/과학,"정부, 양자내성암호 개발 확대...내년엔 통신·국방·금융도","기존 시행 에너지, 의료, 행정 분야 시범전환 사업서 추가...'2025 시범전환 사업 성과공유회' 3일 개최'2025년도 양자내성암호 시범전환 사업 성과공유회'가 3일 서울 SETEC 컨벤션홀에서 열렸다. '양자내성암호'는 현재 활용하는 공개키 암호 알고리즘(소인수분해, 이산대수 등)에 비해 복잡한 수학적 구조(격자·해시 기반 등)를 활용해 양자컴퓨터로도 해독이 어려운 차세대 암호 기술이다.행사는 과학기술정보통신부(부총리 겸 과기정통부 장관 배경훈, 이하 ‘과기정통부’)와 한국인터넷진흥원(원장 이상중, 이하 ‘KISA’)이 개최했고, IT 시스템 운영 기업‧기관과 보안제품 제조사 등 주요 이해관계자들이 참석했다.과기정통부와 KISA가 시행하는 '양자내성암호 시범전환 지원사업'은 양자컴퓨터의 암호해독 위협에 선제적으로 대응하기 위해 올해부터 국민 생활과 밀접한 에너지·의료·행정 3개 분야를 시작으로 주요 산업분야에 양자내성암호를 적용하는 국내 최초의 시범사업이다.양자컴퓨터 상용화 전이라도 해커가 암호화된 데이터를 지금부터 미리 수집해 향후 양자컴퓨터 상용화 시 데이터를 해독하는 공격 기법인 HNDL(Harvest Now Decrypt Later) 공격이 우려되는 데, 이에 대비한 사업이다.에너지 분야에서는 약 2250만 호의 전력 사용 정보를 처리하는 한국전력공사의 지능형 전력 계량 시스템(AMI), 의료 분야에서는 상급종합병원 8개의 병원정보시스템, 전자의무기록(EMR) 등과 연계된 디지털 헬스케어 플랫폼, 행정 분야에서는 연간 100만 명이 이용하는 국가기술자격검정시스템 등을 대상으로 양자내성암호 전환 작업이 이뤄졌다.이번 행사에는 올해 추진한 3개 분야별 사업 성과와 전환 과정에서 도출된 주요 이슈 및 해결 방안을 공유했다. 참석자들이 전환 대상 소프트웨어 및 보안제품을 직접 살펴볼 수 있게 전시 부스도 마련했다. 한전KDN, 라온시큐어, LGU+ 3개사가 사업을 수행했다.사업 수행기관은 국내외 7종(국내 4종(NTRU+, SMAUG-T, AIMer, HAETAE), 국외 3종(ML-KEM, ML-DSA, SLH-DSA)의 양자내성암호 알고리즘을 활용해 수요기관의 정보시스템 환경에 적합한 암호모듈 등을 개발하고, 이를 기반으로 구간 암호화, DB 암호화, 전자서명 등 다양한 보안 기능에 적용했다. 또 적용된 시스템의 기존 시스템과의 호환성, 키 교환 시간, 서명 검증 시간 등 성능, 보안성 등을 중점적으로 시험했다.이를 통해 암호모듈 총 16종과 양자내성암호 전환 사례 19건을 확보하는 등 양자내성암호 전환의 기술적 실현 가능성을 확인했다.한편, 전환 과정에서 다양한 기술,환경 문제점도 확인했다. 대표 예로, 양자내성암호는 기존 공개키 암호에 비해 암호키 및 서명 크기가 커 저사양 장비에 적용하기 어려운 문제가 있었으나, 경량 환경에서도 안정적으로 동작하는 최적화된 알고리즘을 개발, 해결했다.또 기업이 기존 사용 중인 상용 클라우드 기반 시스템에서는 보안 통신 프로토콜 변경에 제약이 존재했다. 이는 기업이 자체 개발한 양자내성암호 시스템으로 대체함으로써 해결했다. 이 외에도 사업 수행기관은 산업별 실제 전환 과정에서 발생할 수 있는 문제점을 발굴하고 이를 해결하는 경험을 축적했다.과기정통부 최우혁 네트워크정책실장은 ""이번 사업은 우리 사회의 주요 서비스가 다가오는 양자컴퓨팅 시대 고도화된 해킹 시도에 대응해 보다 안전한 보안 체계로 발전할 수 있는 토대를 마련했다는 점에서 큰 의미를 가진다”며 “민간에서도 양자내성암호 필요성과 시급성에 대한 공감대를 바탕으로 기술 전환과 확산에 적극적으로 동참해 주시기를 바란다“고 당부했다. 또 “내년에는 통신, 국방, 금융 등 핵심 분야로 지원 대상을 확대하고, 양자내성암호 전문 인력과 기업을 적극 육성하는 등 국가적 암호체계 전환에 지원을 아끼지 않겠다”고 밝혔다.국회 과학기술정보방송통신위원회 최민희 위원장은 영상축사를 통해 “양자내성암호 시범전환 사업은 우리 산업 전반의 암호체계 전환을 앞당기고 불필요한 시행착오를 줄이는 나침판이 될 것""이라며 “국회 과방위도 적극적인 입법 활동을 수행하고, 관련 제도정비 등을 함께 하겠다”고 말했다."
https://n.news.naver.com/mnews/article/277/0005688360?sid=101,2025-12-03 13:50:00,경제,"시월모바일, 자사몰 1년 만에 5만 가입자 돌파","LGU+ 기반 알뜰폰 서비스를 제공하는 시월모바일(대표 안동현)이 공식 온라인몰 론칭 1주년을 맞아 가입자 5만 명 돌파를 기록했다. 시월모바일은 2024년 11월 자사 온라인몰을 개설한 이후 2025년 11월 현재 5만 고객을 확보했다고 발표했다.과학기술정보통신부의 유무선통신서비스 가입 현황 및 무선데이터 트래픽 통계에 따르면, 2025년 9월 기준 국내 MVNO 회선은 약 1,030만 개다. 이는 전체 이동통신 가입 회선의 약 18%에 해당한다. 60여 개 MVNO 업체가 치열하게 경쟁하는 시장에서 시월모바일의 5만 가입자 확보는 1년이라는 짧은 기간 안에 이룬 성과로 평가된다.시월모바일은 고객 수요를 반영한 요금제 전략으로 차별화를 꾀했다. 쿠폰팩요금제, 평생할인요금제 등 특화 상품을 출시했으며, 시즌별 프로모션을 통한 경품 이벤트로 고객 유입을 늘렸다.가입 경로 다각화도 성장을 견인한 핵심 요소다. 시월모바일은 자사몰 외에도 알닷, 모요, 폰비 등 알뜰폰 전문 플랫폼에 입점하며 고객 접근성을 높였다. 특히, 데이터 사용량이 적고 SNS, 메신저, 동영상 위주로 스마트폰을 쓰는 20~30대 소비자들이 통신비 절감을 위해 비교 플랫폼을 적극 활용하고 있다.시월모바일은 해외여행객을 위한 서비스도 강화했다. 유심사, 트래블메딕 등과 파트너십을 맺고 여행자보험 및 해외 로밍 서비스를 제공해 고객 편의를 개선했다.시월모바일은 셀프개통 시스템의 지속적인 개선을 통해 현재 전체 가입자의 60% 이상이 해당 시스템을 이용 중이다. 셀프개통은 비대면 가입을 선호하는 최근 소비 트렌드와 맞물려 높은 활용률을 기록하고 있다.특히 SNS, 메신징, 영상 콘텐츠 중심으로 데이터를 많이 소비하는 2030 이용자들의 통신비 절감을 위해 요금 비교 플랫폼을 이용함으로써 더 저렴한 요금제를 선택할 수 있도록 했다.고객 서비스 체계도 호평을 받고 있다. 시월모바일은 충분한 상담 인력 확보와 콜백 시스템 운영으로 고객 응대율 90% 이상을 달성하고 있다. 상담 누락을 줄이기 위해 1:1 실시간 문의 채널도 운영한다.시월모바일을 이용하는 70대 이용자는 ""셀프개통이 쉬워서 만족스러웠다""며 ""청력이 좋지 않아 전화 통화가 어려운데, 1:1 실시간 문의로 궁금한 점을 해결할 수 있어 편했다""고 전했다. 사회초년생인 한 직장인은 ""월급이 넉넉하지 않아 통신비를 줄여야 하는데, 알닷, 폰비, 모요 같은 비교 사이트를 통해 시월모바일의 저렴한 요금제를 찾을 수 있었다""고 말했다.시월모바일은 2026년 유통 채널 확장을 추진한다. 사용량 확인 앱을 새롭게 구축하고, 셀프개통 시스템을 더욱 고도화할 방침이다. 고객 상담 체계도 보강한다. 아울러, 고객 정보 보호를 위한 정보보호관리체계(ISMS) 인증 획득도 마무리할 예정이다.안동현 시월모바일 대표는 ""고객 맞춤형 요금제와 서비스로 1년 만에 5만 가입자를 확보하는 성과를 거뒀다""며 ""2026년에는 유통망을 넓히고 정보보호 체계를 강화해 고객이 안심하고 이용할 수 있는 브랜드로 성장하겠다""고 밝혔다."
https://n.news.naver.com/mnews/article/018/0006176900?sid=105,2025-12-03 14:03:15,IT/과학,"시월모바일, 자사몰 론칭 1년만에 가입자 5만 명 돌파","[이데일리 이윤정 기자] LGU+ 네트워크 기반 알뜰폰 서비스 시월모바일은 공식 자사 사이트 오픈 1년 만에 가입 고객 5만 명을 확보했다고 3일 밝혔다. 시월모바일은 2024년 11월 공식 사이트를 개설한 후 2025년 11월 기준 5만 이용자를 유치했다.과학기술정보통신부가 발표한 유무선통신서비스 가입 현황 및 무선데이터 트래픽 통계를 살펴보면, 2025년 9월 기준 국내 알뜰폰 회선 수는 약 1030만 개다. 이는 전체 이동통신 가입 회선의 약 18%에 달한다. 60여 개 알뜰폰 업체가 치열하게 경쟁하는 시장 구조에서 시월모바일의 5만 고객 확보는 1년이라는 짧은 시간 안에 거둔 성과다.시월모바일은 고객 요구를 반영한 요금제 전략을 구사했다. 쿠폰팩요금제, 평생할인요금제 등 특별 상품을 출시했고, 시즌별 테마 이벤트를 통한 경품 행사로 고객 흡인력을 높였다.가입 채널 확대도 성장의 중요 요소로 꼽힌다. 시월모바일은 자사 플랫폼과 더불어 알닷, 모요, 폰비 등 알뜰폰 전문 사이트에 입점하며 고객 접촉 범위를 넓혔다. 특히, 데이터를 많이 사용하지 않고 SNS, 채팅, 영상 시청 위주로 스마트폰을 쓰는 20~30대 소비자들은 통신비 절약을 위해 요금 비교 서비스를 적극 활용하는 경향을 보인다.시월모바일은 해외여행객 지원 서비스도 강화했다. 유심사, 트래블메딕 등과 제휴 협약을 맺고 여행자보험과 해외 로밍 서비스를 제공하며 고객 편의성을 제고했다.또한 셀프개통 솔루션을 지속적으로 발전시켜 현재 가입 고객의 60% 이상이 사용 중이다. 셀프개통은 비대면 가입 문화를 선호하는 소비자 흐름에 부합해 높은 사용률을 기록하고 있다. 특히 SNS, 메신징, 영상 콘텐츠 중심으로 데이터를 많이 소비하는 2030 이용자들의 통신비 절감을 위해 요금 비교 플랫폼을 이용함으로써 더 저렴한 요금제를 선택할 수 있도록 했다.고객 응대 체계도 우수한 평가를 받는다. 시월모바일은 상담 인원을 충분히 확보하고 콜백 솔루션을 운영해 고객 응대율 90% 이상을 달성하고 있다. 상담 손실률을 최소화하기 위해 1:1 실시간 상담 서비스도 제공 중이다.시월모바일은 2026년 판매 채널 확대를 진행할 예정이다. 데이터 사용량 조회 어플리케이션을 새로 구축하고, 셀프개통 시스템을 더욱 고도화할 방침이다. 고객 상담 시스템도 보강한다. 또한, 고객 정보 보호 강화를 위해 ISMS 인증 도입을 마무리할 계획이다.안동현 시월모바일 대표는 “고객 중심 요금제와 서비스를 통해 1년 만에 5만 고객 달성이라는 성과를 이룰 수 있었다”며 “2026년에는 판매 경로를 확대하고 정보보호 시스템을 강화해 고객이 지속적으로 안심하고 사용할 수 있는 브랜드로 성장하겠다”고 전했다."
https://n.news.naver.com/mnews/article/030/0003376791?sid=101,2025-12-03 14:04:16,경제,"도브러너, AI 기반 모바일 앱 위협 사전 대응 기술로 '스케일업 TIPS R&D 글로벌형' 최종 선정","도브러너, 스케일업 TIPS R&D 글로벌형 선정. 사진=도브러너콘텐츠 보안 솔루션 전문기업 도브러너(Doverunner)는 중소벤처기업부의 '스케일업 TIPS R&D 글로벌형' 과제에 최종적으로 선정됐다고 밝혔다.스케일업 TIPS R&D 글로벌형은 혁신 역량을 갖춘 유망 중소벤처의 글로벌 시장 진출과 성장을 촉진하기 위해 마련된 기술개발 지원 사업으로, 글로벌 확장 가능성이 높은 기술과 사업을 엄선해 집중 육성하는 것을 목표로 한다.도브러너가 이번 과제를 통해 개발할 기술은 생성형 AI를 활용해 모바일 애플리케이션을 겨냥한 공격을 사전에 대응하는 기술로, 위협 환경이 점점 고도화되는 흐름 속에서 글로벌 시장에서도 중요성이 커지고 있는 분야다. 도브러너는 이번 선정을 통해 총 20억 원의 연구개발 지원을 확보하며 AI 기반 보안 기술 고도화에 박차를 가할 계획이다.도브러너는 기술 경쟁력과 함께 목표 시장 분석과 경쟁우위를 기반으로 한 사업화 전략에서도 긍정적인 평가를 받았다. 개발 기술은 국내외 수요가 기대되는 분야로 시장성 측면에서도 적정성을 인정받았으며, 해외 거점과 협력 네트워크, 지식재산(IP) 경쟁력 등 글로벌 확장을 위한 기반도 종합적으로 평가됐다.이번 선정에는 운영사 이노폴리스파트너스의 선행 투자와 도브러너의 글로벌 역량에 대한 검증이 기반이 되었다. 스케일업 TIPS는 운영사(VC)가 선투자한 기업을 추천하면 정부가 후속 연구개발을 지원하는 민관 매칭형 프로그램으로, 이노폴리스파트너스는 회사의 글로벌 비즈니스 역량을 높게 평가해 약 20억원 규모의 투자 집행과 스케일업 TIPS 추천을 진행했다. 이번 과제 선정으로 양측의 협력도 강화될 전망이다.이노폴리스파트너스 담당자는 “도브러너는 '12대 국가전략기술'의 한 축인 사이버보안 분야 스타트업으로 동남아, EU, 북미 지역에서 SaaS 매출만으로 높은 해외 성과를 보이고 있어 투자를 진행했다”며 “이번 스케일업 TIPS 글로벌트랙 R&D를 통해 글로벌 Tier 1 고객 확보에 가속도가 붙을 것으로 기대하고 있다”고 전했다.남재민 도브러너 이사는 “이번 글로벌 TIPS 선정이 AI 기반 보안 기술 고도화와 글로벌 사업 확장의 중요한 전환점이 될 것”이라고 말했다.도브러너는 모바일 앱 보안·멀티DRM·포렌식 워터마킹·Anti-Piracy 등 다양한 솔루션을 제공하고 있으며 쿠팡플레이, 티빙, 밀리의 서재, 네이버, LG U+, 왓챠 등 글로벌 60개국 400여 고객사를 보유하고 있다."
https://n.news.naver.com/mnews/article/014/0005443797?sid=101,2025-12-03 16:38:13,경제,"시월모바일, 자사몰 오픈 1년만에 5만 가입자 달성","시월모바일LGU+ 네트워크를 사용하는 MVNO 사업자 시월모바일(대표 안동현)이 자사 직영몰 오픈 1년 만에 회원 5만 명을 돌파했다. 시월모바일은 2024년 11월 자사 직영몰을 론칭한 이후 2025년 11월 현재 5만 회원 확보를 달성했다고 밝혔다.과학기술정보통신부의 유무선통신서비스 가입 현황 및 무선데이터 트래픽 통계 자료에 따르면, 2025년 9월 기준 국내 MVNO 회선은 약 1,030만 개로 집계됐다. 전체 이동통신 가입 회선 대비 약 18%의 비중이다. 60여 개 MVNO 사업자가 경쟁하는 환경에서 시월모바일의 5만 회원 달성은 1년이라는 최단 기간에 거둔 성과로 평가된다.시월모바일은 이용자 요구에 부합하는 요금제 개발에 집중했다. 쿠폰팩요금제, 평생할인요금제 등 특화 상품을 선보였으며, 시즌별 이벤트를 통한 경품 행사로 고객 유치를 강화했다.가입 루트 다변화도 성장의 핵심 요인이다. 시월모바일은 자사 쇼핑몰과 함께 알닷, 모요, 폰비 등 알뜰폰 전문 플랫폼에 입점해 고객 접근성을 개선했다.특히 SNS, 메신징, 영상 콘텐츠 중심으로 데이터를 많이 소비하는 2030 이용자들의 통신비 절감을 위해 요금 비교 플랫폼을 이용함으로써 더 저렴한 요금제를 선택할 수 있도록 했다.시월모바일은 해외여행 고객 대상 서비스도 확충했다. 유심사, 트래블메딕 등과 업무 제휴를 체결하고 여행자보험 및 해외 로밍 서비스를 지원해 이용 편의를 높였다.시월모바일은 셀프개통 플랫폼을 계속 개선해 현재 전체 가입자의 60% 이상이 해당 서비스를 이용한다. 셀프개통은 비대면 가입을 선호하는 소비 패턴과 맞물려 높은 활용도를 보인다.고객 서비스 운영도 좋은 반응을 얻고 있다. 시월모바일은 상담 직원을 여유롭게 배치하고 콜백 제도를 운영해 고객 응대율 90% 이상을 기록한다. 상담 손실을 줄이기 위해 1:1 실시간 문의 서비스도 운영한다.시월모바일시월모바일은 2026년 판매 채널 확장에 나선다. 이용량 조회 모바일 앱을 신설하고, 셀프개통 시스템의 고도화를 추진한다. 고객 상담 운영도 강화한다. 더불어, 회원 정보 보호를 위해 ISMS 인증 획득을 완료할 계획이다.안동현 대표는 ""고객 맞춤형 요금제와 서비스를 통해 1년 만에 5만 회원 달성이라는 결과를 얻을 수 있었다""며 ""2026년에는 판매 채널을 확대하고 정보보호 체계를 강화해 고객이 계속해서 안심하고 이용할 수 있는 브랜드로 발전시키겠다""고 강조했다."
https://n.news.naver.com/mnews/article/031/0000986236?sid=105,2025-12-03 16:57:07,IT/과학,LTE·5G 통합 요금제 연내 출시 미뤄지나…QoS 두고 정부·이통사 이견,"무제한 속도보장 적용 놓고 협의 난항…KT는 제출, SKT·LGU+는 신중LTE·5G 통합 요금제 출시가 정부와 통신업계 간 속도제한 데이터 무제한 제공(QoS)을 둘러싼 이견으로 지연되는 분위기다.휴대폰 매장 모습 [사진=아이뉴스24 DB]3일 통신업계에 따르면 통합 요금제 논의는 올해 상반기 협의를 통해 기본 구조에 대한 정리는 마무리됐고, 세부 쟁점은 QoS 관련 항목만 남은 상태다. 정부는 전체 요금제에 QoS가 제공돼야 한다는 것으로 알려졌다.다만 통신사별 준비 속도에는 차이가 있는 것으로 전해졌다. SK텔레콤과 LG유플러스는 아직 초기 수준의 안만 제출한 반면, KT는 QoS 적용 방안까지 포함된 안을 이미 정부에 제시했다.과방위 관계자는 ""통합요금제 출시는 처음부터 KT가 치고 나가고 다른 이통사에서 따라가는 구조였다. 연내 출시를 목표로 했지만 언제 될지 모르는 상황""이라고 설명했다.현재 이통사들이 부담을 느끼는 부분은 QoS를 적용할 경우 불가피한 수익 구조 변화다. QoS가 보장되면 저속·저가 요금제 선택 비중이 늘어날 가능성이 커지고, 이는 곧바로 매출 감소로 이어질 수 있다는 판단 때문이다. 특히 요금제는 한 번 출시되면 다시 없애거나 되돌리기 어려운 구조여서 QoS 적용 여부를 단기간에 결정하기는 현실적으로 쉽지 않다.과기정통부 관계자는 이에 ""3사와 협의 중에 있다""고 설명했다.한편 지난 10월 최수진 의원실에 따르면 이통3사가 운영 중인 요금제는 718개에 달하는 것으로 집계됐다. 이 중 실제로 이통3사가 가입 받는 요금제는 251개다. 이에 최수진 의원은 ""통신3사 요금체계가 너무 복잡한만큼 5G 와 LTE 구분이 없는 통합요금제 시행을 통해 실제 가계통신비를 줄이고 소비자 선택권을 확대할 필요가 있다""고 밝힌 바 있다."
https://n.news.naver.com/mnews/article/015/0005219692?sid=102,2025-12-03 17:28:15,사회,통신3사 만족도 하락…개인정보 유출 우려 '최대 불만',"1490명 중 420명 ""불만 겪어""'개인정보 유출 불만'이 절반지난 3월 서울의 한 휴대폰 매장 앞으로 시민이 지나가고 있다. 뉴스1이동통신 3사(SKT·KT·LGU+)의 전반적 소비자 만족도가 지난해보다 떨어진 것으로 나타났다. 최근 잇따른 개인정보 유출 사고가 영향을 미친 것으로 분석된다.한국소비자원(원장 윤수현)은 올해 이동통신 서비스 이용자 1490명을 대상으로 만족도·이용행태 조사를 실시한 결과, 종합만족도가 평균 3.37점으로 지난해(3.47점) 대비 0.10점 하락했다고 3일 밝혔다.세부 항목 중 서비스 이용 과정(6개 항목)에서는 '고객 응대' 만족도가 3.77점으로 가장 높았다. 반면 개인정보 보호 노력을 평가하는 '정보 보안'은 3.22점으로 최저점을 기록했다.불만·피해 경험률도 크게 뛰었다. 이동통신 3사의 서비스를 이용자하며 불만이나 피해를 경험한 소비자는 전체(1490명)의 28.2%(420명)이었다. 전년 조사와 비교하면 불만·피해 경험률은 13.7%에서 28.2%로 14.5%포인트 증가했다.특히 개인정보 유출에 대한 불만이 전체 불만·피해의 절반(50.0%)을 차지하며 만족도 하락의 주요 요인으로 지목됐다. 이어 서비스 품질 미흡(29.3%), 약정 해지·변경 시 부과되는 위약금(25.5%) 등이 뒤를 이었다.소비자원 관계자는 ""이번 조사 결과를 토대로 해당 사업자에게 개인정보 보호를 위한 보안 강화를 요청할 계획""이라고 밝혔다."
https://n.news.naver.com/mnews/article/018/0006177139?sid=105,2025-12-03 18:34:16,IT/과학,쿠팡 정보 유출 조사 인력은 단 8명...“예산 늘려 인력확보해야”,"잇단 해킹에도 쿠팡 조사단 ‘8명’…민간 전문가는 단 1명KISA·통신3사·업비트 동시 조사로 인력 고갈형식적 운영 ISMS-P 개편 필요...“예산 늘려 조사·인증 인력 확충해야”“정부의 사이버안보 권한 재설계 필요”[이데일리 윤정훈 기자]3370만명의 개인정보가 빠져나간 쿠팡 사태를 조사하는 정부 민관합동조사단의 인력이 고작 8명에 그치고 있는 것으로 확인됐다. 더 큰 문제는 이마저도 7명은 LG유플러스(032640) 조사 업무를 겸하고, 민간전문가 1명만 전담한다는 점이다. 잇따른 보안 사고에 전문가들은 정보보호 관리체계(ISMS)의 실효성을 마련하고 정부가 전문인력을 양성해야 한다는 분석을 내놨다.3일 국회 정무위원회에서 열린 쿠팡 개인정보 유출 사태 관련 현안질의에서 박대준 쿠팡 대표이사가 위원 질의에 답하고 있다. 오른쪽은 브랫 매티스 쿠팡 최고 정보 보호 책임자(CISO)(사진=연합뉴스)이해민 조국혁신당 의원은 지난 2일 국회 과학기술정보방송통신위원회 쿠팡 현안질의에서 “현재 민관합동조사단 인력이 SKT 조사단 11명보다 줄어든 8명으로, 그 중 민간 전문가는 1명”이라며 “해킹 사고가 반복돼 인력이나 예산상의 문제가 있다. 귀책사유가 있는 기업이 조사단 운영비 전부를 부담하는 정보통신망법 개정안을 발의할 예정”이라고 말했다.민관합동조사단에 참여하는 한국인터넷진흥원(KISA) 조사인력은 현재 130여명이다. 하지만 SK텔레콤(017670), KT(030200), LGU+, 업비트 등 조사에 투입되면서 가용인력을 구하기도 쉽지 않은 상황이다. 또한 조사단에 참여하는 민간전문가에 대한 처우도 정부 예산 한계로 낮은 수준이다. 개인정보보호위원회도 2~3년전과 비교해 개인정보 유출 건수는 5~6배 늘고, 행정처분은 2배 가까이 늘었지만 인력은 그대로다.쿠팡 사태에서도 논란이 제기된 정보보호·개인정보보호 관리체계 인증 제도인 ISMS-P가 형식적 수준에 그친 것도 인력 부족이 영향을 미쳤다. 소수의 인원이 대기업의 서버 등 현장을 점검하는 것 자체가 물리적으로 어렵기 때문이다.한국사이버보안협의회 회장인 원유재 충남대 교수는 “KISA 등 유관기관의 제도가 20년 이상 고착화된 반면, 인력 지원은 부족해 환경 변화에 대응하지 못하고 있다”며 “인력 확충을 위한 예산 증가가 시급하다”고 역설했다.개인정보보호법학회 회장인 김도승 전북대 교수는 “대기업들이 ISMS-P 인증을 보안 강화보다는 사고 발생 과징금을 감경받기 위한 비용절감 카드로 인식하는 경향이 크다”며 “서류 중심의 현재 인증 방식을 바꾸는 것이 필요하다”고 말했다.정부는 잇따른 사고에 대응하여 개보위, 국정원, KISA 등 전문가들이 유기적으로 움직일 수 있도록 사이버 안보 콘트롤타워 구상을 연내 발표할 예정이다.전날 배경훈 과학기술정보통신부 부총리 겸 장관은 “정부 차원에서의 국가안보에 대한 사이버안보 콘트롤타워가 필요하다고 생각한다”며 “지난 10월 발표한 1차 사이버안보 종합대책을 마련했고, 이달 중 조속히 2차 대책을 발표해 민간 및 공공 영역의 사이버 대응 체계를 대폭 강화하겠다”고 밝혔다.사이버 안보 콘트롤타워의 역할에 대해서는 신중론도 제기된다. 정부가 민간기업의 민감한 데이터를 볼 수 있다는 점에서다.김 교수는 ”공공부문과 민간의 철학이 다르고 접근하는 원칙이 다르니까 분리해 놓은 것“이라며 ”국민의 자유가 일부 제약되더라도 국가가 민간 부분에 1차적으로 적극 개입하게 할 것인지, 아니면 지금처럼 문제가 생겼을 때 후발적으로 들어올 것인지에 대한 선택이 필요하다“고 말했다."
https://n.news.naver.com/mnews/article/648/0000042373?sid=105,2025-12-04 07:40:07,IT/과학,"""같은 대역인데 왜 우리만 두 배?""…주파수 재할당 전쟁","SKT ""과거가 반영 불공정…새 기준 필요""LGU+ ""주파수 구조·기존 이력 차이있어""이동통신 주파수 재할당 세부 정책방안(안) 공개설명회가 지난 1일 서울 강남구 아이티스퀘어에서 열렸다. (맨 왼쪽) 박경중 LG유플러스 상무가 패널토론에서 발언하고 있다./사진=이명근 기자 qwe123@SK텔레콤과 LG유플러스가 내년 2.6㎓(기가헤르츠) 대역 주파수 재할당을 앞두고 날 선 신경전을 벌이고 있다. 표면적으로는 복잡한 산식이 오고 가는 싸움이지만 속을 들여다보면 생각보다 단순하다. 우리가 돈을 너무 많이 내고 있으니 깎아달라는 SK텔레콤과 이들의 주장이 형평성에 어긋나고 논리가 성립하지 않는다고 말하는 LG유플러스의 싸움이다.주파수는 통신사들이 정부에 대여료를 납부하고 일정기간 빌려쓰는 구조다. 이용기간이 끝나면 주파수 대가를 다시 산정하고 이를 재할당해 쓰도록한다.내년 6월 SK텔레콤과 LG유플러스의 2.6㎓ 대역 이용기간이 만료되는 가운데 정부는 5G SA(단독모드) 전환을 조건으로 내걸고 기존 이용자들에게 해당 주파수를 5년간 재할당하겠다고 밝혔다. 아울러 기준가격(직전 낙찰가)에서 최대 15%까지 할인 혜택을 제공한다는 방침이다.SK텔레콤은 2016년 경매 낙찰가인 9000억원이 기준이 되고, LG유플러스는 2013년 낙찰가인 4788억원이 기준이 된다. 양사가 지불했던 금액이 두 배가량 차이가 나면서 SK텔레콤은 현재 가치를 기준으로 주파수 재할당 가격을 재산정해야 한다고 주장하고 있다.""새 기준 도입하자"" VS ""기존가 인정해야""SK텔레콤은 과거에 형성된 가격 격차가 지금까지, 그리고 앞으로 5년간의 재할당 대가에도 그대로 유지되는 것은 합리적이지 않다고 주장한다. 10년 전 1억원에 전세 계약을 맺은 세입자가 있는데, 전세금이 현 시세는 5000만원으로 떨어졌으면 전세금을 5000만원으로 해야지 1억원을 기준으로 재계약을 하는게 말이 되냐는 것이다.SK텔레콤은 지난 2016년 주파수 경매에서 2.6㎓ 대역 D블록(40㎒)을 9500억원에 확보했다. 이후 같은 대역의 E블록(20㎒)을 3277억원에 각각 낙찰받아 총 60㎒의 이용권리를 1조 2777억원에 취득했다. 사용기간은 10년으로 2.6㎓의 D,E블록(60㎒) 모두 내년 재할당 대상이 된다.LG유플러스는 지난 2013년 2.6㎓ 대역 40㎒를 8년·4788억원에 확보했다. 8년이 지난 2021년 재할당 기간이 도래하며 당시 27.5%의 할인을 적용 받으며 2169억원, 5년 조건으로 갱신했다. 당시 LTE에서 5G로 전환되는 과정에서 LTE의 가치가 낮아진다고 평가했다. 이를 위해 할인 혜택이 도입됐다. LG유플러스의 40㎒도 2026년에 다시 재할당 절차를 밟게 된다.SK텔레콤은 2021년 재할당 당시 정부가 주파수 가치의 하락으로 비용을 줄여줬기 때문에 LTE 가치의 하락이 이번 재할당 대가 산정에도 동일하게 적용돼야 한다는 입장이다.SK텔레콤 관계자는 ""정부는 2021년 (LG유플러스) 재할당 당시 주파수의 경제적 가치를 다시 평가해서 대가를 정했다""며 ""지금도 똑같이 평가한다면 LG유플러스 40㎒와 SK텔레콤 40㎒의 가격 차이가 두 배 이상 벌어지는 구조를 그대로 두기는 어렵지 않겠느냐""고 했다.LG유플러스는 2021년 할인 혜택은 5G 기지국 구축 투자는 물론 모두 그 시점의 정책·시장 환경을 반영한 정당한 결과라고 본다. LG유플러스는 ""주파수 재할당 대가산정은 전파법에 기반해 일관성과 예측 가능성을 유지해야 한다""고 말했다.""동일 대역 동일 가치"" VS ""사용 가치 다르다""주파수는 고속도로에 비유할 수 있다. 2.6㎓가 고속도로라면, 40㎒는 고속도로의 차선 수에 해당한다. 같은 도로라도 차선이 많을수록 더 많은 차량이 지나가듯 대역폭이 넓을수록 더 많은 데이터가 흐를 수 있다.구조만 놓고 보면 SK텔레콤과 LG유플러스가 동일한 고속도로를 동일한 폭으로 보유하고 있는 셈이다. 하지만 양사는 2.6㎓ 대역 40㎒의 가치를 어떻게 평가해야 하는가라는 문제에서 정반대의 해석을 내놓고 있다.SK텔레콤은 같은 대역에서 동일한 폭(40㎒)을 사용하고 있는 만큼 '동일 대역, 동일 가치'가 적용돼야 한다고 주장했다. 지난 2021년 정부가 K-means 방식을 도입하면서 SK텔레콤과 LG유플러의 2.6㎓ 주파수를 같은 C그룹으로 묶었다는 걸 근거로 내세우고 있다.SK텔레콤은 같은 그룹으로 묶였으니 이들이 같은 가치를 가진다고 주장한다. 따라서 이전에는 다른 가격이었지만 이번 재할당에는 같은 기준을 부여받아야 한다고 했다. SK텔레콤 관계자는 ""적어도 같은 대역, 같은 용도로 쓰이는 40㎒ 대역에서의 두 배 이상 차이나는 단가 구조를 조정해달라는 취지""라고 강조했다.LG유플러스는 같은 2.6㎓ 대역이라도 두 회사가 가진 주파수의 활용 범위가 다르다고 맞선다. LG유플러스와 달리 SK텔레콤은 2.6㎓ 대역에 40㎒와 20㎒를 함께 보유하고 있다. 40㎒와 20㎒를 동시에 보유함으로써 운영 효율을 높일 수 있다는 점에서 구조적인 차이가 난다는 설명이다.아울러 K-means는 경매 이력이 없는 주파수의 가치를 임시로 산정하기 위해 적용한 보조 지표일 뿐 동일한 군집에 속했다고 해서 해당 대역들이 동일한 경제적 가치를 지닌다는 의미는 아니라고 강조했다.LG유플러스는 ""2013년 확보한 2.6㎓ 대역은 당시 국내에 생태계가 거의 형성되지 않은 불모지 같은 주파수였다. K텔레콤이 추가로 돈을 내고 20㎒를 더 사서 초광대역 60㎒를 구성한 만큼, 대역 폭 자체가 넓고 효용 가치도 다르다""고 말했다.K-means와 관련해서는 ""같은 C그룹 내에서도 모든 주파수가 같은 가치를 지니지 않았다. 기존 경매가격이 존재하는 주파수는 기존가를 반영해 재할당 대가를 산정했다""고 반박했다.결론은 '이번주'정부가 최종적으로 어떤 산정 기준과 할인 구조를 택하느냐에 따라 양사의 재할당 대가는 수천억원 단위로 달라질 수 있다. 이번 재할당이 단순한 금액 조정 논쟁을 넘어, 앞으로 LTE·5G·6G로 이어지는 주파수 가치 평가의 기준을 어디에 둘 것인지 가늠하는 시험대가 될 수 있다는 관측도 나온다.한편 주파수 재할당 대가는 공청회·온라인 공청회와 정보통신망 등을 통해 제시된 의견과 사실을 검토한 뒤, 상당한 이유가 있다고 판단될 경우 이에 따라 조정될 수 있다. 업계는 관련 내용을 반영한 최종안이 내주 중 발표될 것으로 보고 있다."
https://n.news.naver.com/mnews/article/016/0002566951?sid=105,2025-12-04 08:00:09,IT/과학,"“통화 중 맛집 추천”…LGU+, BC카드 정보 활용해 ‘익시오’ 고도화","‘익시오 AI 비서’에 BC카드 데이터 탑재결제 이력 데이터로, 정보 신뢰도↑지난 3일 서울 종로구 BC카드 본사에서 진행한 협약식에서 최윤호(오른쪽) LG유플러스 AI Agent추진그룹장(상무)과 오성수 BC카드 데이터사업본부장(상무)가 기념촬영을 하고 있다. [LG유플러스 제공][헤럴드경제=박세정 기자] LG유플러스는 BC카드가 보유한 데이터를 활용해 인공지능(AI) 통화 애플리케이션 ‘익시오(ixi-O)’ 서비스 고도화를 추진한다고 4일 밝혔다.카드사가 보유한 결제 데이터를 기반으로 익시오 AI 검색 기능의 정확도와 품질을 높이는 것이 목표다.이를 위해 양사는 전날 서울 종로구 BC카드 본사에서 ‘BC카드 가맹점 데이터 연계 LG U+ 익시오 서비스 제휴 협약’을 체결했다.이번 협약을 통해 LG유플러스는 내년 중 출시 예정인 ‘익시오 AI 비서’에 BC카드 데이터를 연계할 계획이다. ‘익시오 AI 비서’는 통화 중 대화 맥락을 실시간으로 이해하고 필요한 정보를 즉시 제공하는 기능이다. 통화 중 AI가 통화에 참여해 정보를 찾고 결과를 공유하는 것이 특징이다.LG유플러스는 익시오 AI 비서를 통해 장소를 검색하는 경우, BC카드가 보유한 가맹점 데이터를 활용해 보다 정확한 정보를 제공할 계획이다. 익시오 이용 고객이 용산역 맛집을 검색하는 경우, BC카드가 보유한 데이터에 기반해 매출이 높은 식당을 찾아주는 식이다.지난 3일 서울 종로구 BC카드 본사에서 진행한 협약식에서 최윤호(오른쪽) LG유플러스 AI Agent추진그룹장(상무)과 오성수 BC카드 데이터사업본부장(상무)가 기념촬영을 하고 있다. [LG유플러스 제공]BC카드는 전국 55 만 개 이상의 가맹점 데이터를 기반으로 ‘eat.pl(잇플)’ 서비스를 운영하고 있다. 잇플은 BC카드 결제 이력을 기반으로 가맹점의 방문 패턴·혼잡도 등을 분석해 제공하는 데이터 서비스다. 익시오 서비스에 연계해 고객이 실제로 활용할 수 있는 맛집·장소 추천의 신뢰도를 높이는 데 활용될 예정이다.LG유플러스는 BC카드 데이터 연동을 시작으로 익시오의 AI 검색·추천·번호정보 제공 등 핵심 기능 고도화를 위해 국내외 파트너사들과의 협력을 지속 확대할 계획이다.최윤호 LG유플러스 AI Agent추진그룹장(상무)은 “BC카드의 가맹점 데이터는 AI 에이전트와 결합해 고객 질문에 맞는 개인화된 정보를 제공하는 핵심 요소”라며 “이번 협력을 통해 익시오 고객에게 신뢰도 높은 정보를 제공해 선택의 고민을 덜어주고, 향후 다양한 에이전트와의 연결을 확대해 일상에서 체감할 수 있는 AI 서비스를 지속적으로 발전시켜 나가겠다”고 말했다.오성수 BC카드 데이터사업본부장(상무)은 “BC카드가 보유한 가맹점 데이터를 기반으로 고객에게 한층 정교한 추천 경험을 제공할 수 있게 돼 매우 뜻깊다”며 “앞으로도 양사 간 폭넓은 사업 협력을 통해 서비스 고도화와 새로운 가치창출에 적극 기여하겠다”고 전했다."
https://n.news.naver.com/mnews/article/119/0003033118?sid=105,2025-12-04 08:13:08,IT/과학,"LGU+, BC카드 가맹점 데이터 연계해 AI 통화앱 ‘익시오’ 고도화 추진","내년 오픈 예정‘익시오AI비서’에BC카드 가맹점55만개 데이터 탑재지난3일 서울 종로구BC카드 본사에서 진행한 협약식에서 최윤호LG유플러스AI Agent추진그룹장(상무,오른쪽)과 오성수BC카드 데이터사업본부장(상무)가 기념촬영을 하는 모습.ⓒLG유플러스[데일리안 = 조인영 기자] LG유플러스가 BC카드가 보유한 데이터를 활용해 AI 통화앱 ‘익시오(ixi-O)’ 서비스 고도화를 추진한다. 카드사가 보유한 결제 데이터를 기반으로 익시오 AI 검색 기능의 정확도와 품질을 높이겠다는 취지다.양사는 지난 3일 서울 종로구 BC카드 본사에서 ‘BC카드 가맹점 데이터 연계 LG U+ 익시오 서비스 제휴 협약’을 체결했다고 4일 밝혔다.이날 협약식에는 최윤호 LG유플러스 AI Agent추진그룹장(상무)과 오성수 BC카드 데이터사업본부장(상무)을 비롯한 양사 주요 관계자가 참석했다.협약을 통해 LG유플러스는 내년 중 출시 예정인 ‘익시오 AI 비서’에 BC카드 데이터를 연계할 계획이다. ‘익시오 AI 비서’는 통화 중 대화 맥락을 실시간으로 이해하고 필요한 정보를 즉시 제공하는 기능으로, 통화 중 AI가 통화에 참여해 정보를 찾고 결과를 공유하는 것이 특징이다.구체적으로 LG유플러스는 익시오 AI 비서를 통해 장소를 검색하는 경우, BC카드가 보유한 가맹점 데이터를 활용해 보다 정확한 정보를 제공할 계획이다. 가령 익시오 이용 고객이 용산역 맛집을 검색하는 경우, BC카드가 보유한 데이터에 기반해 매출이 높은 식당을 찾아주는 방식이다.BC카드는 전국 55만개 이상의 가맹점 데이터를 기반으로 ‘eat.pl(잇플)’ 서비스를 운영하고 있다. 잇플은 BC카드 결제 이력을 기반으로 가맹점의 방문 패턴·혼잡도 등을 분석해 제공하는 데이터 서비스로, 익시오 서비스에 연계해 고객이 실제로 활용할 수 있는 맛집·장소 추천의 신뢰도를 높이는 데 활용될 예정이다.LG유플러스는 BC카드 데이터 연동을 시작으로 익시오의 AI 검색·추천·번호정보 제공 등 핵심 기능 고도화를 위해 국내외 파트너사들과의 협력을 지속 확대할 계획이다.최윤호 LG유플러스 AI Agent추진그룹장(상무)은 “BC카드의 가맹점 데이터는 AI 에이전트와 결합해 고객 질문에 맞는 개인화된 정보를 제공하는 핵심 요소”라며 “이번 협력을 통해 익시오 고객에게 신뢰도 높은 정보를 제공해 선택의 고민을 덜어주고, 향후 다양한 에이전트와의 연결을 확대해 일상에서 체감할 수 있는 AI 서비스를 지속적으로 발전시켜 나가겠다”고 말했다.오성수 BC카드 데이터사업본부장(상무)은 “LG유플러스와의 협업을 통해 BC카드가 보유한 가맹점 데이터를 기반으로 고객에게 한층 정교한 추천 경험을 제공할 수 있게 돼 매우 뜻깊다”며 “앞으로도 양사 간 폭넓은 사업 협력을 통해 서비스 고도화와 새로운 가치창출에 적극 기여하겠다”고 전했다."
https://n.news.naver.com/mnews/article/008/0005287130?sid=105,2025-12-04 08:18:00,IT/과학,"LGU+, BC카드 정보 활용해 AI 통화앱 '익시오' 고도화","LG유플러스가 AI 통화앱 '익시오(ixi-O)'에 BC카드 정보를 탑재해 앱 기능을 고도화한다.지난 3일 서울 종로구 BC카드 본사에서 진행한 협약식에서 최윤호 LG유플러스 AI 에이전트추진그룹장(상무, 오른쪽)과 오성수 BC카드 데이터사업본부장(상무)가 기념촬영을 하고 있다. /사진=LG유플러스LG유플러스는 BC카드가 보유한 데이터를 활용해 AI(인공지능) 통화앱 '익시오(ixi-O)' 서비스 고도화를 추진한다고 4일 밝혔다. 카드사가 보유한 결제 데이터를 기반으로 익시오 AI 검색 기능의 정확도와 품질을 높이는 것이 목표다.양사는 지난 3일 서울 종로구 BC카드 본사에서 'BC카드 가맹점 데이터 연계 LGU+ 익시오 서비스 제휴 협약'을 체결했다. 이날 협약식에는 최윤호 LG유플러스 AI 에이전트추진그룹장(상무)과 오성수 BC카드 데이터사업본부장(상무)을 비롯한 양사 주요 관계자가 참석했다.이번 협약을 통해 LG유플러스는 내년 중 출시 예정인 '익시오 AI 비서'에 BC카드 데이터를 연계할 계획이다. 익시오 AI 비서' 통화 중 대화 맥락을 실시간으로 이해하고 필요한 정보를 즉시 제공하는 기능으로 통화 중 AI가 통화에 참여해 정보를 찾고 결과를 공유하는 것이 특징이다.구체적으로 LG유플러스는 익시오 AI 비서를 통해 장소를 검색하는 경우, BC카드가 보유한 가맹점 데이터를 활용해 보다 정확한 정보를 제공한다. 가령 익시오 이용 고객이 용산역 맛집을 검색하는 경우, BC카드가 보유한 데이터에 기반해 매출이 높은 식당을 찾아주는 방식이다.BC카드는 전국 55만개 이상의 가맹점 데이터를 기반으로 'eat.pl(잇플)' 서비스를 운영하고 있다. 잇플은 BC카드 결제 이력을 기반으로 가맹점의 방문 패턴·혼잡도 등을 분석해 제공하는 데이터 서비스다. 익시오에 연계해 고객이 실제로 활용할 수 있는 맛집·장소 추천의 신뢰도를 높이는 데 활용될 예정이다.LG유플러스는 BC카드 데이터 연동을 시작으로 익시오의 AI 검색·추천·번호정보 제공 등 핵심 기능 고도화를 위해 국내외 파트너사들과의 협력을 지속 확대할 계획이다.최 상무는 ""BC카드의 가맹점 데이터는 AI 에이전트와 결합해 고객 질문에 맞는 개인화된 정보를 제공하는 핵심 요소""라며 ""이번 협력을 통해 익시오 고객에게 신뢰도 높은 정보를 제공하고 향후 다양한 에이전트와의 연결을 확대하겠다""고 말했다."
https://n.news.naver.com/mnews/article/092/0002400960?sid=105,2025-12-04 08:53:08,IT/과학,BC카드 결제 데이터로 LGU+ 통화앱 AI 서비스 고도화,"‘익시오 AI 비서’에 BC카드 가맹점 55만 개 데이터 탑재LG유플러스는 BC카드가 보유한 데이터를 활용해 AI 통화앱 ‘익시오(ixi-O)’ 서비스 고도화를 추진한다고 4일 밝혔다.카드사가 보유한 결제 데이터를 기반으로 익시오 AI 검색 기능의 정확도와 품질을 높이는 것이 목표다.양사의 협약에 따라 LG유플러스는 내년 중 출시 예정인 ‘익시오 AI 비서’에 BC카드 데이터를 연계할 계획이다. ‘익시오 AI 비서’는 통화 중 대화 맥락을 실시간으로 이해하고 필요한 정보를 즉시 제공하는 기능으로, 통화 중 AI가 통화에 참여해 정보를 찾고 결과를 공유하는 것이 특징이다.구체적으로 LG유플러스는 익시오 AI 비서를 통해 장소를 검색하면 BC카드가 보유한 가맹점 데이터를 활용해 보다 정확한 정보를 제공할 계획이다. 가령 익시오 이용 고객이 용산역 맛집을 검색하는 경우, BC카드가 보유한 데이터에 기반해 매출이 높은 식당을 찾아주는 방식이다.BC카드는 전국 55만 개 이상의 가맹점 데이터를 기반으로 ‘잇플(eat.pl)’ 서비스를 운영하고 있다. 잇플은 BC카드 결제 이력을 기반으로 가맹점의 방문 패턴·혼잡도 등을 분석해 제공하는 데이터 서비스로, 익시오 서비스에 연계해 고객이 실제로 활용할 수 있는 맛집과 장소 추천의 신뢰도를 높이는 데 활용될 예정이다.LG유플러스는 BC카드 데이터 연동을 시작으로 익시오의 AI 검색과 추천, 번호정보 제공 등 핵심 기능 고도화를 위해 국내외 파트너사들과의 협력을 지속 확대할 계획이다.최윤호 LG유플러스 AI 에이전트추진그룹장은 “BC카드의 가맹점 데이터는 AI 에이전트와 결합해 고객 질문에 맞는 개인화된 정보를 제공하는 핵심 요소”라며 “이번 협력을 통해 익시오 고객에게 신뢰도 높은 정보를 제공해 선택의 고민을 덜어주고, 향후 다양한 에이전트와의 연결을 확대해 일상에서 체감할 수 있는 AI 서비스를 지속적으로 발전시켜 나가겠다”고 밝혔다.오성수 BC카드 데이터사업본부장은 “LG유플러스와의 협업을 통해 BC카드가 보유한 가맹점 데이터를 기반으로 고객에게 한층 정교한 추천 경험을 제공할 수 있게 돼 매우 뜻깊다”며 “앞으로도 양사 간 폭넓은 사업 협력을 통해 서비스 고도화와 새로운 가치창출에 적극 기여하겠다”고 말했다."
https://n.news.naver.com/mnews/article/003/0013638243?sid=105,2025-12-04 09:00:00,IT/과학,"""결제 데이터로 정교해지는 익시오""…LGU+, BC카드 제휴 협약","LGU+·BC카드, 익시오 서비스 제휴 협약 체결익시오 AI 검색 기능 정확도·품질 고도화 추진내년 출시 AI 비서에 55만 가맹점 데이터 반영[서울=뉴시스] LG유플러스는 지난 3일 BC카드와 서울 종로구 BC카드 본사에서 BC카드 가맹점 데이터 연계 LG유플러스 익시오 서비스 제휴 협약을 체결했다. 사진은 이날 협약식에서 최윤호 LG유플러스 AI 에이전트추진그룹장(오른쪽)과 오성수 BC카드 데이터사업본부장이 기념 촬영하는 모습. (사진=LG유플러스 제공) 2025.12.04. photo@newsis.com *재판매 및 DB 금지[서울=뉴시스]박은비 기자 = LG유플러스는 BC카드가 보유한 데이터를 활용해 인공지능(AI) 통화앱 '익시오(ixi-O)' 서비스 고도화를 추진한다고 4일 밝혔다.카드사가 보유한 결제 데이터를 기반으로 익시오 AI 검색 기능 정확도와 품질을 높이는 게 목표다. 두 회사는 전날 서울 종로구 BC카드 본사에서 BC카드 가맹점 데이터 연계 LG유플러스 익시오 서비스 제휴 협약을 체결했다.이번 협약을 통해 LG유플러스는 내년 출시하는 익시오 AI 비서에 BC카드 데이터를 탑재한다. 익시오 AI 비서는 통화 중 대화 맥락을 실시간으로 이해하고 필요한 정보를 즉시 제공하는 기능이다. 통화 중 AI가 통화에 참여해 정보를 찾고 결과를 공유하는 게 특징이다.구체적으로 익시오 AI 비서를 통해 장소를 검색하면 BC카드가 보유한 가맹점 데이터를 활용해 보다 정확한 정보를 제공한다. 가령 익시오 이용 고객이 용산역 맛집을 검색할 경우 BC카드 데이터에 기반해 매출이 높은 식당을 찾아주는 식이다.BC카드는 전국 55만개 이상 가맹점 데이터를 기반으로 '잇플(eat.pl)' 서비스를 운영하고 있다. 잇플은 BC카드 결제 이력을 기반으로 가맹점 방문 패턴과 혼잡도 등을 분석해준다. 익시오 서비스에 연계해 고객이 실제로 활용할 수 있는 맛집·장소 추천 신뢰도를 높이는 데 활용될 예정이다.LG유플러스는 BC카드 데이터 연동을 시작으로 익시오의 AI 검색·추천·번호정보 제공 등 핵심 기능 고도화를 위해 국내외 파트너사들과 협력을 지속 확대할 방침이다.최윤호 LG유플러스 AI 에이전트추진그룹장(상무)은 ""BC카드의 가맹점 데이터는 AI 에이전트와 결합해 고객 질문에 맞는 개인화된 정보를 제공하는 핵심 요소""라며 ""이번 협력을 통해 익시오 고객에게 신뢰도 높은 정보 제공으로 선택 고민을 덜고, 향후 다양한 에이전트와의 연결을 확대해 일상에서 체감할 수 있는 AI 서비스를 지속적으로 발전시켜 나가겠다""고 말했다.오성수 BC카드 데이터사업본부장(상무)은 ""LG유플러스와의 협업으로 BC카드가 보유한 가맹점 데이터를 기반으로 고객에게 한층 정교한 추천 경험을 제공할 수 있게 됐다""며 ""앞으로도 양사간 폭넓은 사업 협력으로 서비스 고도화와 새로운 가치 창출에 적극 기여하겠다""고 강조했다."
https://n.news.naver.com/mnews/article/030/0003377052?sid=105,2025-12-04 09:01:15,IT/과학,"LGU+ MVNO 사업자 시월모바일, 공식몰 오픈 1년만에 5만 가입자 달성","LGU+ 알뜰폰 사업자인 시월모바일(대표 안동현)이 공식 자사몰 오픈 1년 만에 가입자 5만 명을 돌파했다. 시월모바일은 2024년 11월 공식 자사몰을 오픈한 이후 2025년 11월 기준 5만 가입자를 달성했다고 밝혔다.과학기술정보통신부가 발표한 유무선통신서비스 가입 현황 및 무선데이터 트래픽 통계에 따르면, 2025년 9월 기준 국내 알뜰폰 회선(MVNO)는 약 1,030만 회선이다. 이는 전체 이동통신 가입 회선의 약 18%를 차지한다. 60여 개 알뜰폰 사업자가 경쟁하는 시장에서 시월모바일의 5만 가입자 달성은 1년 만에 이룬 성과다.시월모바일은 고객 니즈에 맞춘 요금제 전략을 택했다. 쿠폰팩요금제, 평생할인요금제 등 특화요금제를 선보였다. 또한, 시즌별 이슈에 맞춘 경품 이벤트를 통해 고객 관심을 끌어냈다.가입 채널 확대도 성장의 주요 요인으로 꼽힌다. 시월모바일은 자사몰과 더불어 알닷, 모요, 폰비 등 알뜰폰 플랫폼에 입점하며 고객 접점을 넓혔다. 특히, 데이터 사용이 많지 않고 SNS, 메신저, 영상 중심으로 스마트폰을 활용하는 20~30대들은 통신 요금 비교 플랫폼을 활용하고 있다. 이들은 통신비를 절감하기 위해 알뜰폰과 폰비·모요 같은 비교 플랫폼을 조합해 활용하고 있다.또한, 시월모바일은 해외여행 고객을 위해 유심사, 트래블메딕 등 관련 업체와 제휴업무계약을 체결했다. 제휴업무를 통해 여행자보험과 해외 로밍 서비스를 지원해 고객 편의성을 높였다.특히 SNS, 메신징, 영상 콘텐츠 중심으로 데이터를 많이 소비하는 2030 이용자들의 통신비 절감을 위해 요금 비교 플랫폼을 이용함으로써 더 저렴한 요금제를 선택할 수 있도록 했다.한편, 시월모바일은 셀프개통 시스템을 지속적으로 고도화해 현재 가입 고객의 60% 이상이 이용 중이다. 셀프개통은 비대면 가입 문화를 선호하는 소비자 흐름과 맞물려 높은 이용률을 보이고 있다.시월모바일의 고객 응대 시스템도 좋은 반응을 얻고 있다. 시월모바일은 상담 인력을 여유 있게 배치하고 콜백 시스템을 도입해 고객 응대율 90% 이상을 유지하고 있다. 상담 로스(loss)를 최소화하기 위해 1:1 실시간 문의 서비스도 운영 중이다.시월모바일을 이용하는 70대 노인 고객은 “셀프개통이 간단해서 좋았다”며 “청력이 안 좋아 잘 안 들리는데, 모르는 내용이 있으면 1:1 실시간 문의를 통해 답을 받을 수 있어서 편리했다”고 말했다. 사회초년생 직장인 고객은 “월급이 적어 통신비를 아껴야 하는데, 알닷, 폰비와 모요 등 통신 요금 비교 플랫폼을 통해 시월모바일이 제공하는 요금제를 선택할 수 있어 편리했다”고 말했다.시월모바일은 2026년 판매 채널을 확대할 계획이다. 사용량 조회 애플리케이션을 신설하고, 셀프개통 시스템을 고도화할 예정이다. 또한, 고객 상담 시스템도 강화한다. 또한, 가입자 정보 보호를 위해 정보보호관리체계(ISMS) 인증 도입을 완료할 예정이다.시월모바일 안동현 대표는 “고객 중심 요금제와 서비스를 통해 1년 만에 5만 가입자 달성이라는 성과를 낼 수 있었다”고 말했다. 이어, “2026년에는 판매 채널을 확대하고, 정보보호 시스템을 강화해 고객이 계속 안심하고 사용할 수 있는 브랜드로 발전하겠다”고 강조했다."
https://n.news.naver.com/mnews/article/001/0015777800?sid=101,2025-12-04 09:03:33,경제,"[AI픽] ""통화 중 AI가 맛집 추천""…LGU+, BC카드 데이터 연동","[LG유플러스 제공. 재판매 및 DB 금지](서울=연합뉴스) 박형빈 기자 = LG유플러스는 BC카드와 업무협약을 체결하고 보유한 데이터를 활용해 AI 통화앱 '익시오' 서비스 고도화를 추진한다고 4일 밝혔다.협약에 따라 LG유플러스는 내년 출시 예정인 '익시오 AI 비서'에 BC카드 데이터를 연계한다.익시오 AI 비서는 통화 중 AI가 대화 맥락을 실시간으로 파악해 필요한 정보를 즉시 제공하는 서비스로, 장소 검색이 필요한 경우 BC카드의 가맹점 정보를 기반으로 보다 정확한 추천을 제시한다.BC카드는 전국 55만 개 이상의 가맹점 데이터를 바탕으로 방문 패턴·혼잡도 등을 분석해 제공하는 '잇플' 서비스를 운영 중이다.이를 익시오 서비스에 연계하면 고객이 실제로 활용할 수 있는 맛집·장소 추천의 신뢰도를 높이는 데 활용할 수 있을 것으로 LG유플러스는 보고 있다.LG유플러스는 BC카드 데이터 연계를 시작으로 익시오의 AI 검색·추천·번호정보 제공 등 핵심 기능 고도화를 위해 국내외 파트너사들과 협력을 확대할 계획이다.binzz@yna.co.kr"
https://n.news.naver.com/mnews/article/417/0001117231?sid=105,2025-12-04 09:03:42,IT/과학,"LG유플러스, BC카드 정보 활용해 익시오 고도화","LG유플러스가 AI 통화앱 '익시오(ixi-O)'에 BC카드 정보를 탑재해 앱 기능을 고도화한다.지난 3일 서울 종로구 BC카드 본사에서 진행한 협약식에서 최윤호 LG유플러스 AI Agent추진그룹장(상무, 오른쪽)과 오성수 BC카드 데이터사업본부장(상무)가 기념촬영을 하는 모습. /사진=LG유플러스LG유플러스가 BC카드가 보유한 데이터를 활용해 AI 통화앱 '익시오(ixi-O)' 서비스 고도화를 추진한다. 카드사가 보유한 결제 데이터를 기반으로 익시오 AI 검색 기능의 정확도와 품질을 높이는 것이 목표다.양사는 지난 3일 서울 종로구 BC카드 본사에서 'BC카드 가맹점 데이터 연계 LG U+ 익시오 서비스 제휴 협약'을 체결했다. 이날 협약식에는 최윤호 LG유플러스 AI Agent추진그룹장(상무)과 오성수 BC카드 데이터사업본부장(상무)을 비롯한 양사 주요 관계자가 참석했다.이번 협약을 통해 LG유플러스는 내년 중 출시 예정인 '익시오 AI 비서'에 BC카드 데이터를 연계할 계획이다. '익시오 AI 비서'는 통화 중 대화 맥락을 실시간으로 이해하고 필요한 정보를 즉시 제공하는 기능으로 통화 중 AI가 통화에 참여해 정보를 찾고 결과를 공유하는 것이 특징이다.구체적으로 LG유플러스는 익시오 AI 비서를 통해 장소를 검색하는 경우 BC카드가 보유한 가맹점 데이터를 활용해 보다 정확한 정보를 제공할 계획이다. 가령 익시오 이용 고객이 용산역 맛집을 검색하면 BC카드가 보유한 데이터에 기반해 매출이 높은 식당을 찾아주는 방식이다.BC카드는 전국 55만 개 이상의 가맹점 데이터를 기반으로 'eat.pl(잇플)' 서비스를 운영하고 있다. 잇플은 BC카드 결제 이력을 기반으로 가맹점의 방문 패턴·혼잡도 등을 분석해 제공하는 데이터 서비스로 익시오 서비스에 연계해 고객이 실제로 활용할 수 있는 맛집·장소 추천의 신뢰도를 높이는 데 활용될 예정이다.LG유플러스는 BC카드 데이터 연동을 시작으로 익시오의 AI 검색·추천·번호정보 제공 등 핵심 기능 고도화를 위해 국내외 파트너사들과의 협력을 지속 확대할 계획이다.최윤호 LG유플러스 AI Agent추진그룹장(상무)은 ""BC카드의 가맹점 데이터는 AI 에이전트와 결합해 고객 질문에 맞는 개인화된 정보를 제공하는 핵심 요소""라며 ""이번 협력을 통해 익시오 고객에게 신뢰도 높은 정보를 제공해 선택의 고민을 덜어주고 향후 다양한 에이전트와의 연결을 확대해 일상에서 체감할 수 있는 AI 서비스를 지속적으로 발전시켜 나가겠다""고 말했다.오성수 BC카드 데이터사업본부장(상무)은 ""LG유플러스와의 협업을 통해 BC카드가 보유한 가맹점 데이터를 기반으로 고객에게 한층 정교한 추천 경험을 제공할 수 있게 돼 매우 뜻깊다""며 ""앞으로도 양사 간 폭넓은 사업 협력을 통해 서비스 고도화와 새로운 가치창출에 적극 기여하겠다""고 전했다."
https://n.news.naver.com/mnews/article/014/0005444031?sid=105,2025-12-04 09:05:10,IT/과학,"LG U+, ‘익시오 AI 비서’에 BC카드 55만 가맹 데이터 탑재","지난 3일 서울 종로구 BC카드 본사에서 진행한 협약식에서 최윤호 LG유플러스 AI 에이전트추진그룹장(오른쪽)과 오성수 BC카드 데이터사업본부장(상무)가 기념촬영을 하고 있다. LG유플러스 제공[파이낸셜뉴스] LG유플러스는 BC카드가 보유한 데이터를 활용해 인공지능(AI) 통화앱 ‘익시오’ 서비스 고도화를 추진한다고 4일 밝혔다. 카드사가 보유한 결제 데이터를 기반으로 익시오 AI 검색 기능의 정확도와 품질을 높이는 것이 목표다.양사는 지난 3일 서울 종로구 BC카드 본사에서 ‘BC카드 가맹점 데이터 연계 LG U+ 익시오 서비스 제휴 협약’을 체결했다. 이날 협약식에는 최윤호 LG유플러스 AI 에이전트추진그룹장(상무)과 오성수 BC카드 데이터사업본부장(상무)을 비롯한 양사 주요 관계자가 참석했다.이번 협약을 통해 LG유플러스는 내년 중 출시 예정인 ‘익시오 AI 비서’에 BC카드 데이터를 연계할 계획이다. 익시오 AI 비서는 통화 중 대화 맥락을 실시간으로 이해하고 필요한 정보를 즉시 제공하는 기능이다. 통화 중 AI가 통화에 참여해 정보를 찾고 결과를 공유하는 것이 특징이다.구체적으로 LG유플러스는 익시오 AI 비서를 통해 장소를 검색하는 경우, BC카드가 보유한 가맹점 데이터를 활용해 보다 정확한 정보를 제공할 계획이다. 가령 익시오 이용 고객이 용산역 맛집을 검색하면 BC카드가 보유한 데이터에 기반해 매출이 높은 식당을 찾아주는 방식이다.BC카드는 전국 55만개 이상의 가맹점 데이터를 기반으로 ‘잇플(eat.pl)’ 서비스를 운영하고 있다. 잇플은 BC카드 결제 이력을 기반으로 가맹점의 방문 패턴·혼잡도 등을 분석해 제공하는 데이터 서비스로, 익시오 서비스에 연계해 고객이 실제로 활용할 수 있는 맛집·장소 추천의 신뢰도를 높이는 데 활용될 예정이다.LG유플러스는 BC카드 데이터 연동을 시작으로 익시오의 AI 검색·추천·번호정보 제공 등 핵심 기능 고도화를 위해 국내외 파트너사들과의 협력을 지속 확대할 계획이다.최 상무는 “BC카드의 가맹점 데이터는 AI 에이전트와 결합해 고객 질문에 맞는 개인화된 정보를 제공하는 핵심 요소”라며 “이번 협력을 통해 익시오 고객에게 신뢰도 높은 정보를 제공해 선택의 고민을 덜어주고, 향후 다양한 에이전트와의 연결을 확대해 일상에서 체감할 수 있는 AI 서비스를 지속적으로 발전시켜 나가겠다”고 말했다."
https://n.news.naver.com/mnews/article/082/0001356804?sid=101,2025-12-04 09:05:11,경제,"LGU+, BC카드 정보 활용해 AI 통화앱 고도화","‘익시오 AI 비서’에 BC카드 데이터 탑재생활데이터 적용해 맛집·편의시설 추천LG유플러스는 AI 통화앱 ‘익시오(ixi-O)’에 BC카드 정보를 탑재해 앱 기능을 고도화한다고 밝혔다. 사진은 지난 3일 서울 종로구 BC카드 본사에서 진행한 협약식에서 최윤호(오른쪽) LG유플러스 AI Agent추진그룹장(상무)과 오성수 BC카드 데이터사업본부장(상무)이 기념촬영을 하는 모습. LG유플러스 제공LG유플러스가 BC카드와 손잡고 인공지능(AI) 통화앱 ‘익시오(ixi-O)’ 서비스 고도화에 나선다. BC카드가 보유한 결제 데이터를 기반으로 익시오 AI 검색 기능의 정확도와 품질을 높이는 것이 목표다.LG유플러스와 BC카드는 지난 3일 서울 종로구 BC카드 본사에서 ‘BC카드 가맹점 데이터 연계 LG U+ 익시오 서비스 제휴 협약’을 체결했다고 4일 밝혔다. 협약식에는 최윤호 LG유플러스 AI Agent추진그룹장(상무)과 오성수 BC카드 데이터사업본부장(상무)을 비롯한 양사 주요 관계자가 참석했다.LG유플러스는 이번 협약을 통해 내년 중 출시 예정인 ‘익시오 AI 비서’에 BC카드 데이터를 연계할 계획이라고 밝혔다. ‘익시오 AI 비서’는 통화 중 대화 맥락을 이해하고 필요한 정보를 제공하는 기능으로, 통화 중 AI가 통화에 참여해 정보를 찾고 결과를 공유하는 것이 특징이다.LG유플러스는 익시오 AI 비서를 통해 장소를 검색하는 경우, BC카드가 보유한 가맹점 데이터를 활용해 정보를 제공할 계획이다. 익시오 이용자가 용산역 맛집을 검색하는 경우, BC카드가 보유한 데이터에 기반해 매출이 높은 식당을 찾아주는 방식이다.BC카드는 전국 55만 개 이상의 가맹점 데이터를 기반으로 ‘eat.pl(잇플)’ 서비스를 운영하고 있다. 잇플은 BC카드 결제 이력을 기반으로 가맹점의 방문 패턴·혼잡도 등을 분석해 제공하는 데이터 서비스로, 익시오 서비스에 연계해 고객이 실제로 활용할 수 있는 맛집·장소 추천의 신뢰도를 높이는 데 활용될 예정이다.LG유플러스는 BC카드 데이터 연동을 시작으로 익시오의 AI 검색·추천·번호정보 제공 등 핵심 기능 고도화를 위해 국내외 파트너사들과의 협력을 지속 확대할 계획이다. 최윤호 LG유플러스 AI Agent추진그룹장(상무)은 “BC카드의 가맹점 데이터는 AI 에이전트와 결합해 고객 질문에 맞는 개인화된 정보를 제공하는 핵심 요소”라며 “이번 협력을 통해 익시오 고객에게 신뢰도 높은 정보를 제공해 선택의 고민을 덜어주고, 향후 다양한 에이전트와의 연결을 확대해 일상에서 체감할 수 있는 AI 서비스를 지속적으로 발전시켜 나가겠다”고 말했다.오성수 BC카드 데이터사업본부장(상무)은 “LG유플러스와의 협업을 통해 BC카드가 보유한 가맹점 데이터를 기반으로 고객에게 한층 정교한 추천 경험을 제공할 수 있게 돼 매우 뜻깊다”며 “앞으로도 양사 간 폭넓은 사업 협력을 통해 서비스 고도화와 새로운 가치 창출에 적극 기여하겠다”고 전했다."
https://n.news.naver.com/mnews/article/030/0003377065?sid=105,2025-12-04 09:19:11,IT/과학,"LGU+, BC카드 데이터 활용 AI 통화앱 '익시오' 고도화","최윤호 LG유플러스 AI Agent추진그룹장(오른쪽)과 오성수 BC카드 데이터사업본부장LG유플러스가 BC카드가 보유한 데이터를 활용해 인공지능(AI) 통화앱 '익시오' 서비스 고도화를 추진한다. 카드사가 보유한 결제 데이터를 기반으로 익시오 AI 검색 기능의 정확도와 품질을 높이는 것이 목표다.양사는 지난 3일 서울 종로구 BC카드 본사에서 'BC카드 가맹점 데이터 연계 LG U+ 익시오 서비스 제휴 협약'을 체결했다.이번 협약을 통해 LG유플러스는 내년 중 출시 예정인 '익시오 AI 비서'에 BC카드 데이터를 연계할 계획이다. '익시오 AI 비서'는 통화 중 대화 맥락을 실시간으로 이해하고 필요한 정보를 즉시 제공하는 기능으로, 통화 중 AI가 통화에 참여해 정보를 찾고 결과를 공유하는 것이 특징이다.구체적으로 LG유플러스는 익시오 AI 비서를 통해 장소를 검색하는 경우, BC카드가 보유한 가맹점 데이터를 활용해 보다 정확한 정보를 제공할 계획이다. 가령 익시오 이용 고객이 용산역 맛집을 검색하는 경우, BC카드가 보유한 데이터에 기반해 매출이 높은 식당을 찾아주는 방식이다.LG유플러스는 BC카드 데이터 연동을 시작으로 익시오의 AI 검색·추천·번호정보 제공 등 핵심 기능 고도화를 위해 국내외 파트너사들과의 협력을 지속 확대할 계획이다.최윤호 LG유플러스 AI Agent추진그룹장은 “BC카드의 가맹점 데이터는 AI 에이전트와 결합해 고객 질문에 맞는 개인화된 정보를 제공하는 핵심 요소”라며 “이번 협력으로 익시오 고객에게 신뢰도 높은 정보를 제공해 선택의 고민을 덜어주고, 향후 다양한 에이전트와의 연결을 확대해 일상에서 체감할 수 있는 AI 서비스를 지속적으로 발전시켜 나가겠다”고 말했다."
https://n.news.naver.com/mnews/article/421/0008642190?sid=105,2025-12-04 09:30:07,IT/과학,"LGU+, BC카드 결제 데이터로 익시오 검색 기능 고도화","지난 3일 서울 종로구 BC카드 본사에서 진행한 협약식에서 최윤호 LG유플러스 AI Agent추진그룹장(오른쪽)과 오성수 BC카드 데이터사업본부장이 기념촬영을 하는 모습.(LG유플러스 제공)(서울=뉴스1) 나연준 기자 = LG유플러스(032640)가 내년 서비스 예정인 '익시오(ixi-O) AI 비서'에 BC카드가 보유한 결제 데이터를 탑재해 인공지능(AI) 검색 기능을 고도화한다고 4일 밝혔다.LG유플러스와 BC카드는 3일 서울 종로구 BC카드 본사에서 'BC카드 가맹점 데이터 연계 LGU+ 익시오 서비스 제휴 협약'을 체결했다.이번 협약을 통해 LG유플러스는 내년 중 출시 예정인 '익시오 AI 비서'에 BC카드 데이터를 연계한다. 익시오 AI 비서를 통해 장소를 검색하는 경우, BC카드가 보유한 가맹점 데이터를 활용해 보다 정확한 정보를 제공할 계획이다.BC카드는 전국 55만 개 이상의 가맹점 데이터를 기반으로 '잇플(eat.pl)' 서비스를 운영하고 있다. 잇플은 BC카드 결제 이력을 기반으로 가맹점의 방문 패턴·혼잡도 등을 분석해 제공하는 데이터 서비스로, 익시오 서비스에 연계해 고객이 실제로 활용할 수 있는 맛집·장소 추천의 신뢰도를 높일 예정이다.최윤호 LG유플러스 AI 에이전트추진그룹장(상무)은 ""BC카드의 가맹점 데이터는 AI 에이전트와 결합해 고객 질문에 맞는 개인화된 정보를 제공하는 핵심 요소""라며 ""이번 협력을 통해 익시오 고객에게 신뢰도 높은 정보를 제공해 선택의 고민을 덜어주고, 향후 다양한 에이전트와의 연결을 확대해 일상에서 체감할 수 있는 AI 서비스를 지속적으로 발전시켜 나가겠다""고 말했다."
https://n.news.naver.com/mnews/article/031/0000986350?sid=105,2025-12-04 09:30:16,IT/과학,"LGU+, BC카드 데이터 활용⋯익시오 고도화 추진","내년 오픈 '익시오 AI 비서'에 BC카드 가맹점 데이터 탑재LG유플러스(대표 홍범식)는 BC카드가 보유한 데이터를 활용해 AI 통화앱 익시오(ixi-O) 서비스 고도화를 추진한다고 4일 밝혔다. 카드사가 보유한 결제 데이터를 기반으로 익시오 AI 검색 기능 정확도와 품질을 높이는 것이 목표다.지난 3일 서울 종로구 BC카드 본사에서 진행한 협약식에서 최윤호 LG유플러스 AI 에이전트추진그룹장(오른쪽)과 오성수 BC카드 데이터사업본부장이 기념촬영을 하는 모습. [사진=LGU+]양사는 지난 3일 서울 종로구 BC카드 본사에서 BC카드 가맹점 데이터 연계 LG유플러스 익시오 서비스 제휴 협약을 체결했다. 협약식에는 최윤호 LG유플러스 AI 에이전트추진그룹장(상무)과 오성수 BC카드 데이터사업본부장(상무)을 비롯한 양사 주요 관계자가 참석했다.LG유플러스는 내년 중 출시 예정인 익시오 AI 비서에 BC카드 데이터를 연계할 계획이다. 익시오 AI 비서는 통화 중 대화 맥락을 실시간으로 이해하고 필요한 정보를 즉시 제공한다. 통화 중 AI가 통화에 참여해 정보를 찾고 결과를 공유하는 것이 특징이다.구체적으로 익시오 AI 비서를 통해 장소를 검색하는 경우 BC카드가 보유한 가맹점 데이터를 활용해 보다 정확한 정보를 제공할 방침이다. 익시오 이용 고객이 용산역 맛집을 검색하는 경우 BC카드가 보유한 데이터에 기반해 매출이 높은 식당을 찾아주는 방식이다.BC카드는 전국 55만 개 이상의 가맹점 데이터를 기반으로 eat.pl(잇플) 서비스를 운영하고 있다. 잇플은 BC카드 결제 이력을 기반으로 가맹점의 방문 패턴·혼잡도 등을 분석해 제공하는 데이터 서비스다. 익시오 서비스에 연계해 고객이 실제로 활용할 수 있는 맛집·장소 추천의 신뢰도를 높이는 데 활용될 예정이다.최윤호 LG유플러스 AI 에이전트추진그룹장은 ""BC카드의 가맹점 데이터는 AI 에이전트와 결합해 고객 질문에 맞는 개인화된 정보를 제공하는 핵심 요소""라며 ""익시오 고객에게 신뢰도 높은 정보를 제공해 선택의 고민을 덜어주겠다""고 말했다."
https://n.news.naver.com/mnews/article/029/0002997416?sid=105,2025-12-04 09:31:27,IT/과학,"LG유플러스, 카드사 결제 데이터로 익시오 고도화","BC카드와 서비스 제휴 협약 체결맛집 검색하면 매출 높은 식당 찾아줘LG유플러스가 카드사 결제 데이터를 활용해 인공지능(AI) 통화앱 '익시오' 서비스 품질을 높인다.LG유플러스는 지난 3일 서울 종로구 BC카드 본사에서 BC카드와 'BC카드 가맹점 데이터 연계 LG U+ 익시오 서비스 제휴 협약'을 체결했다고 4일 밝혔다.협약에 따라 LG유플러스는 내년 중 출시 예정인 '익시오 AI 비서'에 BC카드 데이터를 연계할 계획이다.익시오 AI 비서는 통화 중 대화 맥락을 실시간으로 이해하고 필요한 정보를 즉시 제공하는 기능이다. 통화 중 AI가 통화에 참여해 정보를 찾고 결과를 공유하는 것이 특징이다. 예를 들어 익시오 이용 고객이 용산역 맛집을 검색하면, BC카드가 보유한 데이터에 기반해 매출이 높은 식당을 찾아주는 식이다.BC카드는 전국 55만개 이상의 가맹점 데이터를 기반으로 '잇플'(eat.pl) 서비스를 운영하고 있다. 잇플은 BC카드 결제 이력을 기반으로 가맹점의 방문 패턴·혼잡도 등을 분석해 제공하는 데이터 서비스다. 익시오 서비스에 연계해 고객이 실제로 활용할 수 있는 맛집·장소 추천의 신뢰도를 높이는 데 활용될 예정이다.LG유플러스는 BC카드 데이터 연동을 시작으로 익시오의 AI 검색·추천·번호 정보 제공 등 핵심 기능 고도화를 위해 국내외 파트너사들과의 협력을 지속 확대할 계획이다.최윤호 LG유플러스 AI 에이전트추진그룹장(상무)은 ""BC카드의 가맹점 데이터는 AI 에이전트와 결합해 고객 질문에 맞는 개인화된 정보를 제공하는 핵심 요소""라며 ""이번 협력을 통해 익시오 고객에게 신뢰도 높은 정보를 제공해 선택의 고민을 덜어주고, 향후 다양한 에이전트와의 연결을 확대해 일상에서 체감할 수 있는 AI 서비스를 지속 발전시켜 나가겠다""고 말했다.이혜선 기자 hslee@dt.co.kr최윤호(오른쪽) LG유플러스 AI에이전트추진그룹장과 오성수 BC카드 데이터사업본부장이 지난 3일 서울 종로구 BC카드 본사에서 협약을 체결하고 있다. LG유플러스 제공"
https://n.news.naver.com/mnews/article/001/0015777992?sid=105,2025-12-04 10:00:03,IT/과학,"김경훈 오픈AI 코리아 대표 ""한국 기업 AI 전환 파트너 될것""","챗GPT 사용량 1년 새 6배↑…한국은 업무 활용 29%GS건설·LGU+ AI 도입 사례 공개김경훈 대표[오픈AI 코리아 제공. 재판매 및 DB 금지](서울=연합뉴스) 오지은 기자 = 오픈AI 코리아가 한국 기업의 AI 전환 파트너가 되겠다는 포부를 밝혔다.오픈AI 코리아는 4일 서울 웨스틴조선호텔에서 기자간담회를 열었다.김경훈 오픈AI 코리아 대표는 ""경제적으로 가치가 큰일은 대부분 기업 안에서 이뤄지므로 AI의 경제적 효과는 기업의 AI 전환으로 실현될 수 있다""라며 ""오픈AI 코리아가 국내 기업의 AI 전환을 돕는 최적의 파트너가 되겠다""라고 말했다.출시 3년을 맞은 챗GPT는 개인의 일상 속으로 빠르게 스며들고 있다.챗GPT 일일 메시지는 지난해 6월 4억5천만 건에서 올해 6월 26억3천만건으로 1년 만에 약 6배로 늘었다.전 세계 사용자를 놓고 볼 때 운동, 건강, 생활 정보 등 실용적인 조언을 위해 사용하는 경우가 29%로 가장 큰 비중을 차지했다.반면 한국은 문서 번역, 문서나 이메일 작성 등 업무 목적 활용이 29%로 가장 비중이 컸다.김 대표는 일상에 스며든 AI 활용과 한국에서의 챗GPT 사용 패턴은 기업의 AI 전환을 가속하는 기반이 된다고 설명했다.이날 간담회에 참가한 GS건설과 LG유플러스 책임자는 기업의 AI 도입 사례를 소개했다.GS건설은 챗GPT 엔터프라이즈를 배포하고 AI 활용 사례를 조직 전반에 공유해 업무 혁신을 추진하고 있다.LG유플러스는 오픈AI 기술을 활용한 에이전틱 콜봇 스탠다드를 오는 16일 선보일 예정이고, 내년 상반기에는 에이전틱 콜봇 프로를 출시할 계획이다.built@yna.co.kr"
https://n.news.naver.com/mnews/article/138/0002211504?sid=105,2025-12-04 10:03:08,IT/과학,"""매출 데이터로 맛집 추천"" LGU+·BC카드 '익시오' 고도화 맞손","지난 3일 서울 종로구 BC카드 본사에서 진행한 협약식에서 최윤호 LG유플러스 AI 에이전트 추진그룹장(상무, 오른쪽)과 오성수 BC카드 데이터사업본부장(상무)가 기념촬영을 하는 모습.[사진=LG유플러스][디지털데일리 오병훈기자] LG유플러스가 가맹점 매출 데이터를 분석해 인공지능(AI) 검색 기능을 강화한다.LG유플러스는 BC카드가 보유한 데이터를 활용해 AI 통화 애플리케이션(앱) ‘익시오(ixi-O)’ 서비스 고도화를 추진한다고 4일 밝혔다.양사는 지난 3일 서울 종로구 BC카드 본사에서 ‘BC카드 가맹점 데이터 연계 LGU+ 익시오 서비스 제휴 협약’을 체결했다. 이날 협약식에는 최윤호 LG유플러스 AI 에이전트 추진그룹장(상무)과 오성수 BC카드 데이터사업본부장(상무)을 비롯한 양사 주요 관계자가 참석했다.이번 협약을 통해 LG유플러스는 내년 출시 예정인 ‘익시오 AI 비서’에 BC카드 데이터를 연계할 계획이다. 익시오 AI 비서는 통화 중 대화 맥락을 실시간으로 이해하고 필요한 정보를 즉시 제공하는 기능이다. 통화 중 AI가 통화에 참여해 정보를 찾고 결과를 공유한다.구체적으로 LG유플러스는 익시오 AI 비서를 통해 장소를 검색하는 경우 BC카드가 보유한 가맹점 데이터를 활용한다. 가령 익시오 이용 고객이 용산역 맛집을 검색하는 경우 BC카드가 보유한 데이터에 기반해 매출이 높은 식당을 찾아주는 방식이다.BC카드는 전국 55만개 이상 가맹점 데이터를 기반으로 ‘잇플(eat.pl)’ 서비스를 운영하고 있다. 잇플은 BC카드 결제 이력을 기반으로 가맹점 방문 패턴·혼잡도 등을 분석해 제공한다. 이를 익시오 서비스에 연계해 맛집·장소 추천 신뢰도를 높이는 데 활용한다.LG유플러스는 BC카드 데이터 연동을 시작으로 익시오 AI 검색·추천·번호정보 제공 등 핵심 기능 고도화에 힘쓴다. 국내외 파트너사들과 협력을 지속 확대할 계획이다.최윤호 LG유플러스 AI 에이전트추진그룹장(상무)은 “BC카드 가맹점 데이터는 AI 에이전트와 결합해 사용자 질문에 맞는 개인화된 정보를 제공하는 핵심 요소”라며 “이번 협력을 통해 신뢰도 높은 정보를 제공하고 향후 다양한 에이전트와 연결을 확대해 일상에서 체감할 수 있는 AI 서비스를 발전시키겠다”고 말했다."
https://n.news.naver.com/mnews/article/079/0004092635?sid=101,2025-12-04 10:05:11,경제,"LG유플러스, BC카드 정보 활용해 익시오 고도화한다","BC카드 가맹점 데이터 활용해 AI 비서 고도화지난 3일 서울 종로구 BC카드 본사에서 진행한 협약식에서 최윤호 LG유플러스 AI Agent추진그룹장(상무, 오른쪽)과 오성수 BC카드 데이터사업본부장(상무)가 기념촬영을 하는 모습. LG유플러스 제공LG유플러스가 BC카드가 보유한 데이터를 활용해 AI 통화앱 '익시오(ixi-O)' 서비스 고도화를 추진한다. 카드사가 보유한 결제 데이터를 기반으로 익시오 AI 검색 기능의 정확도와 품질을 높이는 것이 목표다.양사는 지난 3일 서울 종로구 BC카드 본사에서 'BC카드 가맹점 데이터 연계 LG U+ 익시오 서비스 제휴 협약'을 체결했다. 이날 협약식에는 최윤호 LG유플러스 AI 에이전트추진그룹장과 오성수 BC카드 데이터사업본부장을 비롯한 양사 주요 관계자가 참석했다.이번 협약을 통해 LG유플러스는 내년 중 출시 예정인 '익시오 AI 비서'에 BC카드 데이터를 연계할 계획이다. '익시오 AI 비서'는 통화 중 대화 맥락을 실시간으로 이해하고 필요한 정보를 즉시 제공하는 기능으로, 통화 중 AI가 통화에 참여해 정보를 찾고 결과를 공유하는 것이 특징이다.구체적으로 LG유플러스는 익시오 AI 비서를 통해 장소를 검색하는 경우, BC카드가 보유한 가맹점 데이터를 활용해 보다 정확한 정보를 제공할 계획이다. 가령 익시오 이용 고객이 용산역 맛집을 검색하는 경우, BC카드가 보유한 데이터에 기반해 매출이 높은 식당을 찾아주는 방식이다.BC카드는 전국 55만 개 이상의 가맹점 데이터를 기반으로 'eat.pl(잇플)' 서비스를 운영하고 있다. 잇플은 BC카드 결제 이력을 기반으로 가맹점의 방문 패턴·혼잡도 등을 분석해 제공하는 데이터 서비스로, 익시오 서비스에 연계해 고객이 실제로 활용할 수 있는 맛집·장소 추천의 신뢰도를 높이는 데 활용될 예정이다.LG유플러스는 BC카드 데이터 연동을 시작으로 익시오의 AI 검색·추천·번호정보 제공 등 핵심 기능 고도화를 위해 국내외 파트너사들과의 협력을 지속 확대할 계획이다.최윤호 LG유플러스 AI 에이전트추진그룹장은 ""BC카드의 가맹점 데이터는 AI 에이전트와 결합해 고객 질문에 맞는 개인화된 정보를 제공하는 핵심 요소""라며 ""이번 협력을 통해 익시오 고객에게 신뢰도 높은 정보를 제공해 선택의 고민을 덜어주고, 향후 다양한 에이전트와의 연결을 확대해 일상에서 체감할 수 있는 AI 서비스를 지속적으로 발전시켜 나가겠다""고 말했다.오성수 BC카드 데이터사업본부장은 ""LG유플러스와의 협업을 통해 BC카드가 보유한 가맹점 데이터를 기반으로 고객에게 한층 정교한 추천 경험을 제공할 수 있게 돼 매우 뜻깊다""며 ""앞으로도 양사 간 폭넓은 사업 협력을 통해 서비스 고도화와 새로운 가치창출에 적극 기여하겠다""고 전했다.※CBS노컷뉴스는 여러분의 제보로 함께 세상을 바꿉니다. 각종 비리와 부당대우, 사건사고와 미담 등 모든 얘깃거리를 알려주세요.이메일 :jebo@cbs.co.kr카카오톡 :@노컷뉴스사이트 :https://url.kr/b71afn"
https://n.news.naver.com/mnews/article/016/0002567085?sid=105,2025-12-04 10:06:25,IT/과학,"韓 챗GPT 사용 30%는 업무용…오픈AI 코리아 대표 “기업 AI 전환, 최적 파트너 될 것”","김경훈 오픈AI 코리아 대표 간담회약 30% 문서, 계약서 번역 등, 21% 조언 요청GS건설, LG유플러스 등 AI 도입 사례 소개“AI 긍정적 경제적 효과, 기업의 AX로 실현”김경훈 오프픈AI 코리아 대표. 고재우 기자[헤럴드경제=고재우 기자] 김경훈 오픈AI 코리아 대표가 국내 기업의 인공지능 전환(AX) 최적의 파트너가 될 것이라고 자신했다.특히 국내 챗GPT 사용 약 30%가 업무용에 집중되는 등 업무 목적 활용이 두드러지게 나타나고 있는 만큼, 국내 기업 AX 지원에 본격적으로 참여하겠다는 방침이다.4일 서울 중구 소재 웨스틴조선호텔에서 열린 간담회에서 김 대표는 “인공지능(AI)의 긍정적인 경제적 효과는 AX를 통해 실현된다”며 이같이 밝혔다. 이날 간담회에서는 챗GPT 출시 3년을 기념해 AI 도입 현황, 기업 중심 AX 전략 등이 논의됐다.김경훈 오프픈AI 코리아 대표. 고재우 기자▶GS건설·LGU+, 챗GPT 활용…AX 지원 활발= 김 대표에 따르면 국내 챗GPT 사용 패턴에서 업무 목적 활용이 두드러졌다. 이용자 29%는 문서 및 계약서 번역, 문서 혹은 이메일 작성 등 업무에 챗GPT를 사용했다. 또 이용자 21%는 과업 수행을 위한 조언을 요청하기도 했다.이 같은 현실을 반영해 김 대표는 국내 기업의 AX를 선도하겠다고 선언했다.이와 관련 이날 간담회에서는 국내 기업의 AI 도입 사례도 소개됐다. GS건설 직원들은 챗GPT 엔터프라이즈를 통해 나오는 AI 활용 사례를 조직 전반에 공유 중이다.LG유플러스는 오픈AI를 활용한 에이젠틱 콜봇 스탠다드를 이달 16일 선보인다. 에이젠틱 콜봇은 고객의 의도를 해석하고, 필요로 하는 지식을 찾아 계획을 세워주기까지 하는 상당 서비스다. 내년 상반기에는 에이젠틱 콜봇 프로 출시도 앞두고 있다.전 세계적으로도 100만개가 넘는 기업이 오픈AI를 통해 AX를 추진하고 있다. 앞서 오픈AI는 글로벌 리서치 기관인 가트너로부터 ‘이머징 리더’로 선정된 바 있다. 이는 모델 성능, 기술 완성도, 제품 안정성 및 엔터프라이즈 적용성, 고객사 생산성 개선, 시장 성장성, 상품 신뢰도에서 높은 평가를 받은 결과란 게 오픈AI 코리아 설명이다.김 대표는 “오픈AI 코리아가 국내 기업의 AX를 돕는 최적의 파트너가 될 것”이라고 의지를 나타냈다.김경훈 오픈AI 코리아 대표 [오픈AI 코리아제공]▶일상 파고든 챗GPT, 직원들에도 ‘친숙’= 아울러 챗GPT는 전 세계 이용자 일상을 파고들기도 했다. 챗GPT 일일 메시지는 지난해 6월 4억5000만건에서 올해 6월 26억3000만건으로 늘었다.또 전 세계 이용자 기준 챗GPT 29%는 운동·건강, 생활 정보, 학습 조언, 창의적 아이디어 제안 등에서 실용적인 조언을 받고 있었다. 정보 탐색을 위한 이용도 24% 수준이었다.김 대표는 “챗GPT 업무 이용, 일상 활용 등 패턴은 국내 기업이 AX를 가속할 수 있는 중요한 기반이 된다”며 “전 세계에서 매주 8억명 이상이 챗GPT를 사용을 통해 AI 효용을 체감하고 있고, 직원들도 챗GPT 사용에 익숙한 만큼, 기업용 챗GPT 엔터프라이즈 시범 운영을 통해 짧은 기간에 빠르게 AX가 이뤄질 수 있다”고 밝혔다.한편 오픈AI는 지난 9월 오픈AI 코리아를 공식 출범했다. 아시아에서 세 번째다. 한국을 ‘차세대 글로벌 AI 허브’로 판단하고, 국내 시장 공력을 본격화했다. 한국이 첨단 인프라부터 기술 친화적인 소비까지 ‘풀스택’ 생태계를 갖추고 있어, AI 발전의 최적지라는 판단에 따른 전략이다.실제로 오픈AI는 카카오 생태계와 연동한 챗GPT, 정부와 ‘오픈AI 포 컨트리즈’ 이니셔티브 협력, 서울대와 업무협약 등 다양한 협력을 진행 중이다.제이슨 권 오픈AI 최고전략책임자(CSO)는 “한국은 세계적 수준의 인프라, 혁신적인 기업, 빠른 디지털 도입 속도를 갖춘 AI 혁신의 최적지”라며 “오픈AI가 첨단 기술과 다양한 협력을 통해 산업, 학계, 정부 전반에서 한국의 AI 전환을 위한 혁신을 함께 만들어 나가길 바란다”고 밝힌 바 있다."
https://n.news.naver.com/mnews/article/654/0000154921?sid=101,2025-12-04 10:11:10,경제,이동통신 3사 소비자 만족도 조사 결과 '개인정보 유출' 우려 가장 컸다,"▲ 민생경제연구소, 서울YMCA 시민중계실, 참여연대 민생희망본부, 한국소비자연맹 등 시민단체 관계자들이 15일 서울 종로구 KT광화문빌딩 웨스트사옥 앞에서 SKT 유심 해킹·KT 소액결제 피해 사태에 관해 이동통신사와 정부가 무책임한 행태를 보였다며 이를 규탄하고 있다. 2025.9.15 연합뉴스최근 SKT에 이어 KT, 쿠팡 등 개인정보 유출로 인한 논란이 지속적으로 불거지면서 소비자 불안감이 상승하고 있다.3일 한국소비자원(원장 윤수현)이 이동통신 3사의 소비자 만족도를 조사한 결과, 종합만족도가 전년 대비 소폭 하락한 것으로 나타났다. 이동통신 서비스 이용 중 불만·피해 경험률은 14.5%p('24년 13.7% → '25년 28.2%) 증가했으며, 특히 '개인정보 유출'에 대해 우려가 큰 것으로 조사됐다.이동통신 3사의 종합만족도는 평균 3.37점 (5점 만점)이었으며, 업체별로는 'LGU+'가 3.54점으로 가장 높았고, 'KT' 3.46점, 'SKT' 3.23점이었다. 서비스 이용 과정 6개 부문에서는 '고객 응대'에 대한 만족도가 3.77점으로 가장 높았고, 개인정보 보호 노력 등을 평가한 '정보 보안'은 3.22점으로 상대적으로 낮았다. 핵심 서비스 10개 부문에서는 가입·개통의 편의성 등을 평가한 '가입·개통' 만족도가 3.73점으로 가장 높았고, '이용요금' 만족도는 3.00점으로 가장 낮았다. 2024년과 2025년 조사를 비교한 결과, 종합만족도는 2024년(3.47점)보다 0.10점 하락했다. 특히 포괄적 만족도 3개 부문 중 '전반적 만족도'의 하락폭(-0.15점)이 상대적으로 컸다.이동통신 3사 이용 소비자(1490명)와 알뜰폰 이용 소비자(310명)의 만족도를 세부 요인별로 비교한 결과, '멤버십 서비스', '제휴 서비스' 등은 이동통신 3사가 높았다. 반면 '이용요금', '요금제 선택' 등은 알뜰폰이 만족도가 더 높은 것으로 나타났다. 이동통신 3사 이용 소비자가 서비스 선택 및 이용 시 가장 중요하게 고려하는 것은 '장기·우수 고객 혜택'(18.9%)이었으며, 다음으로 '결합상품·결합 시 혜택'(14.9%), '요금'(14.4%) 등의 순이었다.▲ SK텔레콤의 해킹으로 고객 정보가 유출된 데 이어 이동통신 3사에 해킹 우려가 커지는 가운데, 개인정보보호위원회는 이날 KT와 LG유플러스의 개인정보 유출 의혹에 대해 경찰, 과기정통부 등 관계 기관과 함께 신속하고 정밀한 조사를 예고했다. 2025.9.11 연합뉴스이동통신 3사의 서비스를 이용하면서 불만이나 피해를 경험한 소비자는 전체의 28.2%(420명)였다. 이 중 '개인정보 유출'에 대한 불만이 50.0% (210명)로 가장 많았으며, 이어서 '서비스 품질 미흡'(29.3%), '약정 해지·변경에 따른 위약금 부과'(25.5%) 등의 순이었다.2024년과 2025년 조사를 비교한 결과, 불만·피해 경험률은 2024년(13.7%) 대비 14.5%p 증가했고, '개인정보 유출'에 대한 불만·피해 유형 급증이 두드러졌다.소비자원 관계자는 ""이번 조사 결과를 토대로 해당 사업자에게 개인정보 보호를 위한 보안 강화 장기·우수 고객 혜택 강화 등 서비스 개선을 요청할 계획""이라며 ""소비자의 합리적인 선택을 지원하고, 사업자 서비스 품질 개선을 장려하기 위해 다양한 분야의 서비스 비교정보를 지속해서 생산하여 제공할 예정""이라고 밝혔다."
https://n.news.naver.com/mnews/article/241/0003481803?sid=105,2025-12-04 11:22:52,IT/과학,"'AI가 통화 중 맛집 추천' LGU+, BC카드 데이터로 '익시오' 고도화","LG유플러스는 BC카드의 데이터를 활용해 AI 통화앱 '익시오'를 고도화한다고 4일 밝혔다.양사는 지난 3일 서울 종로구 BC카드 본사에서 'BC카드 가맹점 데이터 연계 LGU+ 익시오 서비스 제휴 협약'을 체결했다.이번 협약으로 LG유플러스는 내년 출시 예정인 '익시오 AI 비서'에 BC카드 데이터를 연계할 계획이다. 익시오 AI 비서는 통화 중 대화 맥락을 실시간으로 이해하고 필요한 정보를 즉시 제공하는 기능이다. AI가 통화에 참여해 정보를 찾고 결과를 공유한다.예를 들어, 익시오 이용 고객이 용산역 맛집을 검색하는 경우, BC카드가 보유한 데이터를 기반으로 매출이 높은 식당을 찾아준다.BC카드는 전국 55만개 이상의 가맹점 데이터로 '잇플' 서비스를 운영하고 있다. 잇플은 BC카드 결제 이력을 바탕으로 가맹점의 방문 패턴·혼잡도 등을 분석해 제공하는 데이터 서비스다. 익시오 서비스와 연계해 맛집·장소 추천의 신뢰도를 높인다.최윤호 LG유플러스 AI 에이전트추진그룹장은 ""이번 협력으로 익시오 고객에게 신뢰도 높은 정보를 제공해 선택의 고민을 덜어주고, 향후 다양한 에이전트와의 연결을 확대해 일상에서 체감할 수 있는 AI 서비스를 지속적으로 발전시켜 나가겠다""고 말했다.정길준 기자 kjkj@edaily.co.kr"
https://n.news.naver.com/mnews/article/016/0002567227?sid=105,2025-12-04 11:29:29,IT/과학,"“오픈AI, 기업 AX 최적 파트너 될 것”","김경훈 오픈AI 코리아 대표 간담회한국 챗GPT 사용의 30%는 업무용GS건설·LGU+등 AI도입 사례 소개“AI 긍정적 경제효과, 기업 AX 실현”김경훈(사진) 오픈AI 코리아 대표가 국내 기업의 인공지능 전환(AX) 최적의 파트너가 될 것이라고 자신했다. 특히 국내 챗GPT 사용 약 30%가 업무용에 집중되는 등 업무 목적 활용이 두드러지게 나타나고 있는 만큼, 국내 기업 AX 지원에 본격적으로 참여하겠다는 방침이다.4일 서울 중구 소재 웨스틴조선호텔에서 열린 간담회에서 김 대표는 “인공지능(AI)의 긍정적인 경제적 효과는 AX를 통해 실현된다”며 이같이 밝혔다. 이날 간담회에서는 챗GPT 출시 3년을 기념해 AI 도입 현황, 기업 중심 AX 전략 등이 논의됐다.▶GS건설·LGU+, 챗GPT 활용…AX 지원 활발= 김 대표에 따르면 국내 챗GPT 사용 패턴에서 업무 목적 활용이 두드러졌다. 이용자 29%는 문서 및 계약서 번역, 문서 혹은 이메일 작성 등 업무에 챗GPT를 사용했다. 또 이용자 21%는 과업 수행을 위한 조언을 요청하기도 했다.이 같은 현실을 반영해 김 대표는 국내 기업의 AX를 선도하겠다고 선언했다.이와 관련 이날 간담회에서는 국내 기업의 AI 도입 사례도 소개됐다. GS건설 직원들은 챗GPT 엔터프라이즈를 통해 나오는 AI 활용 사례를 조직 전반에 공유 중이다.LG유플러스는 오픈AI를 활용한 에이젠틱 콜봇 스탠다드를 이달 16일 선보인다. 에이젠틱 콜봇은 고객의 의도를 해석하고, 필요로 하는 지식을 찾아 계획을 세워주기까지 하는 상당 서비스다. 내년 상반기에는 에이젠틱 콜봇 프로 출시도 앞두고 있다.전 세계적으로도 100만개가 넘는 기업이 오픈AI를 통해 AX를 추진하고 있다. 앞서 오픈AI는 글로벌 리서치 기관인 가트너로부터 ‘이머징 리더’로 선정된 바 있다. 이는 모델 성능, 기술 완성도, 제품 안정성 및 엔터프라이즈 적용성, 고객사 생산성 개선, 시장 성장성, 상품 신뢰도에서 높은 평가를 받은 결과란 게 오픈AI 코리아 설명이다.김 대표는 “오픈AI 코리아가 국내 기업의 AX를 돕는 최적의 파트너가 될 것”이라고 의지를 나타냈다.▶일상 파고든 챗GPT, 직원들에도 ‘친숙’= 아울러 챗GPT는 전 세계 이용자 일상을 파고들기도 했다. 챗GPT 일일 메시지는 지난해 6월 4억5000만건에서 올해 6월 26억3000만건으로 늘었다.또 전 세계 이용자 기준 챗GPT 29%는 운동·건강, 생활 정보, 학습 조언, 창의적 아이디어 제안 등에서 실용적인 조언을 받고 있었다. 정보 탐색을 위한 이용도 24% 수준이었다.김 대표는 “챗GPT 업무 이용, 일상 활용 등 패턴은 국내 기업이 AX를 가속할 수 있는 중요한 기반이 된다”며 “전 세계에서 매주 8억명 이상이 챗GPT를 사용을 통해 AI 효용을 체감하고 있고, 직원들도 챗GPT 사용에 익숙한 만큼, 기업용 챗GPT 엔터프라이즈 시범 운영을 통해 짧은 기간에 빠르게 AX가 이뤄질 수 있다”고 밝혔다.한편 오픈AI는 지난 9월 오픈AI 코리아를 공식 출범했다. 아시아에서 세 번째다. 한국을 ‘차세대 글로벌 AI 허브’로 판단하고, 국내 시장 공력을 본격화했다. 한국이 첨단 인프라부터 기술 친화적인 소비까지 ‘풀스택’ 생태계를 갖추고 있어, AI 발전의 최적지라는 판단에 따른 전략이다.실제로 오픈AI는 카카오 생태계와 연동한 챗GPT, 정부와 ‘오픈AI 포 컨트리즈’ 이니셔티브 협력, 서울대와 업무협약 등 다양한 협력을 진행 중이다.제이슨 권 오픈AI 최고전략책임자(CSO)는 “한국은 세계적 수준의 인프라, 혁신적인 기업, 빠른 디지털 도입 속도를 갖춘 AI 혁신의 최적지”라며 “오픈AI가 첨단 기술과 다양한 협력을 통해 산업, 학계, 정부 전반에서 한국의 AI 전환을 위한 혁신을 함께 만들어 나가길 바란다”고 밝힌 바 있다. 고재우 기자"
https://n.news.naver.com/mnews/article/016/0002567255?sid=105,2025-12-04 11:34:20,IT/과학,"LGU+, BC카드 맞손 ‘익시오’ 고도화","‘익시오’에 BC카드 데이터 탑재카드사 결제데이터로 정보 신뢰 향상최윤호(오른쪽) LG유플러스 AI Agent추진그룹장(상무)과 오성수 BC카드 데이터사업본부장(상무)이 지난 3일 서울 종로구 BC카드 본사에서 협약식을 갖고 있다. [LG유플러스 제공]LG유플러스는 BC카드가 보유한 데이터를 활용해 인공지능(AI) 통화 애플리케이션 ‘익시오(ixi-O)’ 서비스 고도화를 추진한다고 4일 밝혔다.카드사가 보유한 결제 데이터를 기반으로 익시오 AI 검색 기능의 정확도와 품질을 높이는 것이 목표다.이를 위해 양사는 전날 서울 종로구 BC카드 본사에서 ‘BC카드 가맹점 데이터 연계 LG U+ 익시오 서비스 제휴 협약’을 체결했다.이번 협약을 통해 LG유플러스는 내년 중 출시 예정인 ‘익시오 AI 비서’에 BC카드 데이터를 연계할 계획이다. ‘익시오 AI 비서’는 통화 중 대화 맥락을 실시간으로 이해하고 필요한 정보를 즉시 제공하는 기능이다. 통화 중 AI가 통화에 참여해 정보를 찾고 결과를 공유하는 것이 특징이다.LG유플러스는 익시오 AI 비서를 통해 장소를 검색하는 경우, BC카드가 보유한 가맹점 데이터를 활용해 보다 정확한 정보를 제공할 계획이다. 익시오 이용 고객이 용산역 맛집을 검색하는 경우, BC카드가 보유한 데이터에 기반해 매출이 높은 식당을 찾아주는 식이다. BC카드는 전국 55 만 개 이상의 가맹점 데이터를 기반으로 ‘eat.pl(잇플)’ 서비스를 운영하고 있다. 잇플은 BC카드 결제 이력을 기반으로 가맹점의 방문 패턴·혼잡도 등을 분석해 제공하는 데이터 서비스다. 익시오 서비스에 연계해 고객이 실제로 활용할 수 있는 맛집·장소 추천의 신뢰도를 높이는 데 활용될 예정이다.LG유플러스는 BC카드 데이터 연동을 시작으로 익시오의 AI 검색·추천·번호정보 제공 등 핵심 기능 고도화를 위해 국내외 파트너사들과의 협력을 지속 확대할 계획이다.최윤호 LG유플러스 AI Agent추진그룹장(상무)은 “BC카드의 가맹점 데이터는 AI 에이전트와 결합해 고객 질문에 맞는 개인화된 정보를 제공하는 핵심 요소”라며 “이번 협력을 통해 익시오 고객에게 신뢰도 높은 정보를 제공해 선택의 고민을 덜어주고, 향후 다양한 에이전트와의 연결을 확대해 일상에서 체감할 수 있는 AI 서비스를 지속적으로 발전시켜 나가겠다”고 말했다.오성수 BC카드 데이터사업본부장(상무)은 “BC카드가 보유한 가맹점 데이터를 기반으로 고객에게 한층 정교한 추천 경험을 제공할 수 있게 돼 매우 뜻깊다”며 “앞으로도 양사 간 폭넓은 사업 협력을 통해 서비스 고도화와 새로운 가치창출에 적극 기여하겠다”고 전했다. 박세정 기자"
https://n.news.naver.com/mnews/article/117/0004014645?sid=103,2025-12-04 11:40:09,생활/문화,“쿠팡 개인정보 유출에 조단위 과징금” 압박…KT·LGU+·GS리테일도 긴장,"쿠팡 사태 뒤 정부, 징벌적 손배상 실효성 점검 나서ISMS-P 인증 논란 “서류 심사 중심, 제도 개선 필요”서울 송파구 쿠팡 본사. /뉴시스[마이데일리 = 방금숙 기자] 쿠팡의 개인정보 유출 사태 이후 정부가 과징금 상향 등 강력한 제재 검토에 나서면서 관련 기업의 긴장감이 커지고 있다.4일 유통·통신업계에 따르면 정부는 최근 이어지는 해킹·개인정보 유출 사고 대응을 위해 징벌적 손해배상 실효화와 과징금 상향을 공식 논의 중이다. 현행 개인정보보호법은 기업 매출의 최대 3%까지 과징금을 부과하도록 규정한다.국회는 지난 2~3일 쿠팡 개인정보 유출 관련 긴급 현안질의에서 “쿠팡 사고는 기술 문제가 아니라 기업 보안 체계와 정부 감독 전반의 실패”라고 비판했다. 처벌 수위가 낮다는 지적과 함께 실질적 제재 필요성이 집중적으로 제기됐다.해킹 사고 이후 이의제기·소송 등으로 처벌 수위가 낮아지는 구조도 문제로 지목되며 ‘솜방망이 처벌’ 논란이 다시 불붙었다. 미국·유럽이 조 단위 과징금을 부과하는 것과 비교해 국내 규제가 지나치게 약하다는 지적도 이어졌다.정부가 징벌적 손해배상 실효화와 과징금 상향을 본격 검토하면서 쿠팡이 '1호' 징벌적 손해배상 적용 사례가 될 수 있다는 관측도 나온다.징벌적 손해배상 제도는 이미 개인정보보호법에 규정돼 있지만 지난 10년 동안 실제 적용는 ‘0’건이다. 정부는 이번 사태를 계기로 “기업의 보안 투자를 이끌 실질적 압박 장치가 필요하다”는 입장을 굳힌 것으로 알려졌다.지난해 쿠팡의 매출은 41조원으로 법상 최대 부과 가능액은 1조2000억원으로 추산된다. 이는 올해 개인정보위가 SK텔레콤에 부과한 역대 최대 과징금(1348억원)의 약 9배에 달한다.박대준 쿠팡 대표가 2일 서울 여의도 국회 과학기술정보방송통신위원회에서 열린 쿠팡 침해사고 관련 긴급 현안 질의에 출석해 고개를 숙이고 있다. /방금숙 기자쿠팡의 조 단위 과징금 가능성이 거론되면서 징금 심사를 앞둔 KT, LG유플러스, GS리테일, 롯데카드, 예스24, SK쉴더스 등의 기업들도 촉각을 곤두세우고 있다.유통업계 관계자는 “정부가 곧바로 법을 바꾸지는 않더라도 이번 사태가 과징금 산정에 큰 영향을 줄 것”이라며 “이번 사건이 징벌적 손해배상 첫 적용 사례가 될 가능성도 열려 있다”고 분석했다.쿠팡이 정부의 정보보호·개인정보보호 관리체계(ISMS-P) 인증을 보유한 점도 과징금 산정 변수로 꼽힌다. 2022년 개인정보 유출 당시에도 쿠팡은 인증 보유를 이유로 과징금이 줄어든 바 있다.국회 긴급 현안질의에서는 ISMS-P 인증 제도 허점이 잇달아 지적됐다. 심사가 서류 제출 방식으로 이뤄져 현실과 괴리가 크고 제도 실효성이 떨어진다는 설명이다.실제 ISMS-P 인증 기업 260여곳 중 약 10%에서 실제 정보 유출 사고가 발생했다. 쿠팡, SK텔레콤, 롯데카드 등 최근 사고를 일으킨 기업 모두 인증을 보유하고 있다.허영 더불어민주당 의원이 “쿠팡의 잘못이 확인되면 인증 취소가 당연하다”며 “감면 근거로 또 활용할 수 있느냐”고 지적하자, 개인정보보호위원회는 “현행 인증은 서면 심사와 표본 조사 방식이 중심”이라며 개선 필요성을 인정했다.정부는 이르면 이달 중 제도 개선 방향을 정리하고, 내년 상반기까지 규정 개편을 추진한다는 계획이다.앞서 쿠팡은 지난달 20일 약 4500개 고객 계정 정보가 유출됐다고 발표했다가 이후 당국의 조사가 진행되던 지난달 29일 피해 계정 숫자가 약 3370만개라고 다시 공지한 바 있다."
https://n.news.naver.com/mnews/article/117/0004014647?sid=105,2025-12-04 11:43:09,IT/과학,[현장]김경훈 오픈AI 코리아 대표 “한국 기업 AI 전환 돕겠다”…B2B 본격화,"한국, 챗GPT 유료사용자 비율 1위… 업무 중심 활용도 가장 높아GS건설·LGU+ “AI는 생존”… 기업 전환 확산 속도 더욱 빨라져4일 김경훈 오픈AI 코리아 총괄 대표는 서울 웨스틴조선호텔에서 열린 간담회에서 발표하고 있다. /박성규 기자[마이데일리 = 박성규 기자] 오픈AI 코리아가 한국을 글로벌 AI 전환의 핵심 시장으로 지목하며 기업 대상 지원을 대폭 강화한다.김경훈 오픈AI 코리아 총괄 대표는 4일 서울 웨스틴조선호텔에서 열린 간담회에서 “한국은 전 세계에서 챗GPT 유료사용 비율이 가장 높은 국가”라며 “오픈AI 코리아는 기업의 AI 전환을 돕는 파트너가 되겠다”고 밝혔다.김 대표는 한국 사용자들의 특징적인 AI 활용 패턴을 구체적으로 공개했다.그는 “챗GPT 출시 3년 만에 AI 도입 속도는 과거 어느 기술보다 빠르다”며 “특히 한국은 인구당 유료 이용자 비중이 세계 1위로, 업무 활용 비중이 다른 국가보다 뚜렷하게 높다”고 말했다.실제로 글로벌 전체에서는 실용적 조언(28.8%)과 정보 탐색(24.4%)이 주요 사용 목적이지만, 한국은 문서·커뮤니케이션 등 업무 목적이 28.5%로 가장 높았다.김 대표는 이러한 한국의 특성이 기업 AI 전환을 빠르게 만드는 기반이라고 설명했다.그는 “직원들이 이미 챗GPT를 업무 도구처럼 쓰고 있어 기업용 GPT 엔터프라이즈 도입 시 파일럿 기간이 짧다”며 “경제적으로 중요한 일의 대부분이 기업 내부에서 일어나는 만큼 기업이 AI를 흡수하는 속도는 앞으로 더 빨라질 것”이라고 말했다.이어 “오픈AI는 이미 글로벌 100만개 이상의 기업과 함께하고 있으며, 한국에서도 B2B 중심으로 협업을 확대하겠다”고 강조했다.(왼쪽부터) 김경훈 오픈AI 코리아 총괄 대표, 서아란 GS건설 DX·CX 혁신부문장, 정영훈 LG유플러스 기업AI사업 담당 상무가 4일 서울 웨스틴조선호텔에서 열린 간담회에서 발표하고 있다. /박성규 기자한국 내 데이터센터 구축 가능성에 대해선 “직접 투자 역량은 아직 크지 않아 글로벌 빅테크들과의 협력으로 인프라를 확장하고 있다”며 초기 단계임을 밝혔다.그는 또 B2B 영업 체계에 대해서는 “삼성SDS 등 채널 파트너와 협력하고 있고 규모가 작아도 AI 이해도가 높은 기업과는 적극적으로 함께한다”면서 ""GPU 확보와 관련해서는 엔비디아 등과 긴밀히 협력하고 있으며 새로운 기술도 기대하고 있다”고 설명했다.김 대표는 또 한국 정부가 추진 중인 AI 기본법에 대해 “우려보다는 긍정적인 방향으로 보고 있다”며 국내 규제 환경과도 협력 의지를 보였다.한편 이날 간담회에 참가한 GS건설과 LG유플러스는 기업의 AI 도입 사례를 소개했다.서아란 GS건설 DX·CX 혁신부문장은 “AI는 선택이 아니라 생존이라는 인식 아래 GPT 엔터프라이즈를 전사적으로 도입했다”며 “활성 사용자 비율이 90%를 넘을 정도로 일하는 방식이 바뀌고 있다”고 말했다.정영훈 LG유플러스 기업AI사업 담당 상무도 “오픈AI 기술을 기반으로 한 에이전틱 AI 콜봇을 16일 출시하고 내년 상반기에는 고도화 버전도 선보일 것”이라며 “AI 전환의 성패는 조직문화와 문제 정의 역량에 달려 있다”고 설명했다."
https://n.news.naver.com/mnews/article/021/0002754846?sid=101,2025-12-04 11:54:37,경제,LGU+ - BC카드 데이터 연동… ‘익시오 AI 비서’ 서비스 강화,"LG유플러스는 BC카드가 보유한 데이터를 활용해 자사 인공지능(AI) 통화 앱 ‘익시오(ixi-O)’의 서비스 고도화를 추진한다고 4일 밝혔다.양 사는 전날 BC카드의 가맹점 데이터 연계 익시오 서비스 제휴 협약을 체결했다. LG유플러스는 내년 중 출시 예정인 ‘익시오 AI 비서’에 BC카드 데이터를 연계할 계획이다. ‘익시오 AI 비서’는 AI가 통화에 참여해 정보를 찾고 결과를 공유하는 것이 특징이다. 이번 협약에 따라 BC카드가 보유한 전국 55만 개 이상 가맹점 데이터 ‘잇플(eat.pl)’ 서비스를 활용할 수 있게 됐다. 예를 들어 익시오 이용 고객이 용산역 맛집을 검색하면, BC카드가 보유한 데이터를 바탕으로 매출이 높은 식당을 찾아주는 식이다. 최윤호 LG유플러스 AI 에이전트추진그룹장(상무)은 “BC카드의 가맹점 데이터는 AI 에이전트와 결합해 고객 질문에 맞는 개인화된 정보를 제공하는 핵심 요소”라고 말했다.LG유플러스는 BC카드 데이터 연동을 시작으로 익시오의 AI 검색·추천·번호정보 제공 등 핵심 기능 고도화를 위해 국내외 파트너사들과의 협력도 지속해서 확대할 계획이다."
https://n.news.naver.com/mnews/article/421/0008642871?sid=103,2025-12-04 12:30:55,생활/문화,'K-공연' 실황영상 135개국 송출…12월 매주 토요일 방영,"무용 'SALE'부터 판소리 '레미제라블'까지…장르 불문 대표작 4주 릴레이아리랑TV 프로그램 '퍼폼아츠 리로드 아르코'(서울=뉴스1) 박정환 문화전문기자 = 한국문화예술위원회가 아리랑TV 프로그램 '퍼폼아츠 리로드 아르코'(PerformArts Reload: ARKO)'로 공연실황영상 5편을 전 세계 135개국에 선보인다. 이는 아르코예술기록원이 1980년부터 축적한 공연영상 아카이브의 해외 확산 첫 정규 사례다.편성은 지난 11월 1일 연극 '시뮬라시옹'으로 시작했다. 12월에는 매주 토요일 본방 13시, 재방 익일 01시에 연말 특집 4편을 릴레이로 선보인다.오는 6일 현대무용 'SALE'(고블린파티), 13일 창작뮤지컬 '더 라스트맨'(주식회사 네오), 20일 전통예술 '판소리 레미제라블: 구구선 사람들'(입과손스튜디오), 27일 월드뮤직 '공명콘서트 기린자리'(사단법인 공명)가 차례로 편성됐다.시청은 아리랑TV 국외 채널, 국내 채널(KT Genie TV 166번, SK Btv 256번, LGU+tv 205번), 아리랑국제방송 공식 홈페이지, 유튜브 등 실시간 스트리밍 OTT 플랫폼에서 볼 수 있다.아르코 관계자는 ""K-공연예술의 생생한 기록을 시공간 제약 없이 전파하고 전 국민 문화 향유를 넓히는 것이 목적""이라며 ""민간 공연단체와의 협업, 방송·OTT 연계를 통해 해외 확산을 지속하겠다""고 밝혔다."
https://n.news.naver.com/mnews/article/119/0003033411?sid=101,2025-12-04 14:44:09,경제,"한국 B2B 확장하는 오픈AI...""스타게이트·기업 전환 동시에""","김경훈 대표 첫 기자간담회… GS건설·LGU+ 사례 공개""오픈AI 4000명 규모 스타트업, 독자 투자 여력은 아직""""한국서 SK와 삼성을 양축으로 스타게이트 프로젝트 진행""김경훈 오픈AI코리아 총괄 대표가 4일 서울 중구 웨스틴조선호텔에서 열린 첫 기자간담회에 참석한 모습ⓒ임채현 기자[데일리안 = 임채현 기자] 오픈AI가 한국 기업의 AI 전환 지원을 강화하겠다고 선언했다. 김경훈 오픈AI코리아 총괄 대표는 4일 서울 중구 웨스틴조선호텔에서 열린 첫 기자간담회에서 “AI의 경제적 효과는 기업의 일하는 방식 변화에서 가장 크게 실현된다”며 “한국 기업들의 AI 전환을 돕는 최적의 파트너가 되겠다”고 강조했다.이날 김경훈 대표는 ""글로벌 ChatGPT 사용량이 빠르게 증가하며 AI가 일상 속 조언자로 자리 잡았다""고 설명했다. 오픈AI 측에 따르면, 전 세계 ChatGPT 일일 메시지는 지난해 6월 4억5000만 건에서 올해 6월 26억3000만 건으로 6배 늘었다. 글로벌 기준 사용자의 29%가 운동·학습·생활 조언 등 실용적 목적으로 AI를 활용하고 있었으며, 정보 탐색 목적이 24%로 뒤를 이었다.한국에서는 업무 중심 활용이 특히 두드러진 것으로 나타났다고 김 대표는 설명했다. 국내 사용자의 29%는 번역·문서·계약서 작성 등 업무 산출물 생성에 ChatGPT를 사용하고 있었고, 21%는 과업 해결 방법을 묻는 데 활용했다. 김 대표는 “직원들이 이미 AI에 익숙한 만큼 국내 기업은 파일럿 운영 기간이 짧고 전환 속도가 빠르다”고 말했다.실제 이날 현장에서는 국내 기업의 도입 성과도 소개됐다. GS건설은 ChatGPT 엔터프라이즈 도입 이후 직원의 94%가 활성 사용자로 집계됐다. 도입 100일 만에 1000건이 넘는 활용 사례가 조직 전반에서 공유됐으며, 비개발자가 GPT 기반 업무 앱을 직접 개발해 현장에 적용하는 사례도 나왔다. 회사는 “업무 혁신이 자발적으로 확산되는 구조가 만들어지고 있다”고 설명했다.김경훈 오픈AI코리아 총괄 대표가 4일 서울 중구 웨스틴조선호텔에서 열린 오픈AI 코리아 기자간담회에 참석(제일 좌측), GS건설 및 LG유플러스 AI 전환 담당 관계자들과 오픈AI B2B 서비스와 관련해 발언하고 있다. ⓒ임채현 기자LG유플러스는 오픈AI 기술을 활용한 AI 컨택센터 구축 계획을 공개했다. LGU+는 오는 16일 ‘Agentic 콜봇’ 표준 모델을 선보이며, 내년 상반기에는 고객 의도를 파악해 필요한 행동 계획까지 자동으로 수립·실행하는 ‘Agentic 콜봇 프로’를 출시할 예정이다. LG유플러스는 “LLM 기반 상담 기술을 통해 고객 경험 경쟁력을 높일 수 있다”며 “AI 에이전트 포트폴리오를 지속 확대할 것”이라고 밝혔다.한국에서의 ‘스타게이트’ 프로젝트 추진 상황에 대한 질문에 김 대표는 “오픈AI는 직원 4000명 규모의 스타트업으로 독자적으로 대규모 인프라 투자를 진행할 여력은 없다”며 “오라클·소프트뱅크 등과 함께 협력하고 있다”고 말했다. 그는 “한국에서는 SK그룹과 삼성그룹을 양축으로 스타게이트 프로젝트를 진행 중이며, 이번 주 본사 팀이 방한해 SK 측과 논의했다”고 밝혔다.크리스 리헤인 오픈AI 글로벌 대외협력 총괄도 지난 10월 방한해 한국의 역할을 “글로벌 AI 인프라 구축의 핵심”이라고 평가한 바 있다. 당시 리헤인 총괄은 ""첫째로 삼성·SK하이닉스와의 메모리 공급 협력, 둘째로 한국 내 데이터센터 구축 이니셔티브""를 언급하며 “정부·민간 파트너들과 입지와 운영 모델을 검토하고 있으며 직접 투자·공동 운영 등 모든 옵션을 열어두고 있다”고 말했다.오픈AI는 한국 시장에 대한 높은 기대를 강조했다. 김 대표는 “한국은 AI 기술 수용성·활용도가 가장 높은 시장 중 하나”라며 “빠른 피드백과 적극적인 도입 문화는 글로벌 AI 생태계 확장에도 의미가 크다”고 말했다. 오픈AI는 최근 가트너 평가에서 모델 성능·안정성·엔터프라이즈 적용 역량 등을 인정받아 ‘이머징 리더’로 선정됐다.다만 최근 중국 오픈소스 AI 모델(딥시크 V3.2·알리바라 큐원 시리즈 등)의 성능 추격과 관련해서 김 대표는 ""오픈소스 모델을 연구 단계에서 테스트하는 것과 상용 서비스로 도입하는 건 별개의 문제""라며 ""기업들이 테스트 단계에서 오픈소스를 많이 쓰지만, 실제로 사업 투입에는 저희처럼 검증된 API가 더 뛰어나다고 보고 있다. 보안을 충족하면서도 비용을 낮추기 위해 노력 중""이라고 언급했다.한편 최근 오픈AI는 구글의 제미나이3프로의 우수한 성능을 의식해 사내 중대경보(코드레드)를 발령하고 챗GPT 모델 고도화에 집중하고 있다. 김 대표는 “AI는 사람이 더 잘 일하도록 돕는 기술”이라며 “국내 기업들과 함께 AI 기반 업무 방식 혁신을 본격적으로 확산해 나가겠다”고 말했다."
https://n.news.naver.com/mnews/article/011/0004563573?sid=105,2025-12-04 15:16:08,IT/과학,"""건설현장까지 간 챗GPT, 韓 경제에 새 활력""","◆오픈AI코리아 기자간담회출시 3년 맞아 도입 현황 점검GS건설·LGU+ AX 사례 소개연내 삼성SDS와 리셀러 계약김경훈(사진 왼쪽부터) 오픈AI 코리아 총괄 대표, 서아란 GS건설 DX·CX 혁신부문장, 정영훈 LG유플러스 기업AI사업 담당이 4일 서울 중구 웨스틴조선호텔에서 열린 오픈AI코리아 기자간담회에서 인공지능(AI) 활용사례를 소개하고 있다. 사진 제공=오픈AI[서울경제]""어느 날 50대 건설 현장 소장이 근로 작업을 지시하는 앱 초안을 보내왔습니다. 챗GPT(ChatGPT)를 활용해 직접 코딩을 해서 프로토타입의 앱을 만들었던 거죠.""서아란GS건설(006360)DX·CX 혁신부문장(상무)는 4일 서울 중구 웨스틴조선호텔에서 열린 오픈AI코리아 간담회에 참석해 챗GTP 엔터프라이즈 활용 사례에 대해 이같이 설명했다. 이날 기자 간담회는 챗GPT 출시 3년 이후 나타난 AI 도입 현황을 소개하고 기업 중심의 AI 전환(AX) 전략과 실제 효과를 논의하기 위해 마련됐다.GS건설은 국내 건설사 중 챗GPT 엔터프라이즈를 가장 먼저 도입한 곳으로 꼽힌다. 전사적으로 챗GPT를 업무에 활용하며 기업 내부의 AX를 실현해 나가고 있다. 또 GS건설은 건설 현장의 소방 인테리어 설계 과정에서도 챗GPT로부터 아이디어를 얻어 실제 작업에 적용 중이다. 앞선 사례들은 챗GPT가 단순 사무 업무를 넘어 건설 현장에서도 충분히 활용될 수 있음을 보여준다.챗GPT를 활용해 AI 기반 고객센터(AICC)를 구축한LG유플러스(032640)사례도 소개됐다. 정영훈 LG유플러스 기업AI사업 담당은 ""기존 규칙 기반 AICC는 단순히 고객의 예약을 안내해 주는 수준에 머물렀다면, 챗GPT를 통해 구현된 AICC는 각종 기록과 연계해서 예약을 확인하는 것을 넘어 예약 시간과 장소 등을 변경해 주는 경험까지 제공할 수 있다""고 설명했다. 이어 ""전 세계에서 가장 진화한 AI 서비스인 챗GPT를 활용해 차별화된 고객경험을 만들어 나갈 것""이라고 덧붙였다.이처럼 오픈AI는 지난 9월 한국법인 출범 이후 국내 B2B(기업 간 거래) 시장을 적극적으로 파고 들고 있다. 한국이 인구당 챗GPT 유료 사용자 수 전 세계 1위를 기록하고 있는 만큼 기업 고객들의 호응도 높은 것으로 관측된다. 지난 11월 기준 전 세계 오픈AI의 기업고객은 100만 곳을 넘어선 것으로 파악된다. 김경훈 오픈AI코리아 총괄대표는 ""국내에서 기업고객 확보 목표치를 두고 있는 것은 아니지만 빠른 성장률을 달성하려고 한다""고 말했다.이날 김 사장은 삼성SDS(삼성에스디에스(018260))와의 협력에 대해서도 소개했다. 오픈AI코리아는 이달 중 삼성SDS와 공식 리셀러 파트너 계약을 체결할 예정이다. 이는 샘 올트먼 오픈AI 대표가 최근 방한했을 때 맺은 파트너십 약속의 하나다. 또 오픈AI는 삼성SDS 외에도 한국 시장에서 대기업뿐 아니라 스타트업들을 포함해 리셀러 파트너들을 지속적으로 늘려 나가겠다는 계획이다.김 사장은 ""한국은 이미 높은 수준의 AI 역량을 갖고 있고, 적극적으로 활용하고 있다""면서 ""AI를 통해 기업들이 실질적인 가치를 만들어 내도록 돕는다면 한국경제에도 활력을 불어넣을 수 있을 것""이라고 말했다."
https://n.news.naver.com/mnews/article/293/0000075998?sid=105,2025-12-04 16:10:08,IT/과학,직접 예약 변경 해주는 LGU+ 콜센터 숨은 기술력 '오픈AI API'[현장+],"정영훈 LG유플러스 기업AI사업담당 상무(맨 오른쪽)가 4일 서울 중구 웨스틴조선서울에서 열린 오픈IA에서 LG유플러스의 AI 콜센터 사례를 설명하고 있다. 왼쪽부터 김경훈 오픈AI 코리아 총괄대표, 서아란 GS건설 DX/CX 혁신부문장 상무. /사진= 윤상은 기자오픈AI의 한국 기업간거래(B2B) 인공지능(AI) 시장 침투 속도가 빨리지고 있다. 한국은 '소버린 AI'가 기술 트렌드로 급부상할 정도로 자체 개발 AI 모델 주목도가 높은 시장이다. 네이버, SK텔레콤(SKT), KT, LG유플러스 등 주요 정보통신기술(ICT) 기업이 서비스 AX(AI 전환)에 자체 개발 모델을 사용하는 사례도 많았다. 오픈AI가 기업 AX 협력사를 늘리면서 자체 개발 모델 보유 기업 중에서도 필요에 따라 외부 모델을 선택하는 추세가 나타났다.LG유플러스는 오픈AI의 응용프로그래밍인터페이스(API)를 적용한 '에이전틱 콜봇 스탠다드'를 출시한다. 에이전틱 AI는 이용자가 명령을 내리지 않아도 데이터를 분석·학습해 상황별 필요한 작업을 알아서 수행한다. 콜센터에서는 요금제 변경, 요금 납부 등 소비자의 상황에 맞춘 해결책을 제시할 예정이다.정영훈 LG유플러스 기업AI사업담당 상무는 4일 서울 중구 웨스틴조선서울에서 열린 오픈AI 기자간담회에서 ""기업의 업무 과정 전체를 아우르는 AI 경험 기반을 마련해야 한다""며 콜센터 AX 도입 배경을 설명했다. 이날 오픈AI 코리아는 한국 기업의 AX를 지원하겠다고 강조했다. AI의 긍정적인 경제 효과를 높이려면 혁신 기술·서비스를 선도하는 기업과 협력해야 한다는 이유다.LG유플러스는 기존에도 콜센터에 AI를 적용했다. 그 수준은 비교적 단순하게 절차·공지를 안내하는데 그쳤다. 정 상무는 ""기존 AI 기술로는 복잡한 고객 응대를 수행하는데 한계가 있었다""며 ""결국 고객센터 효율화 목적으로 도입한 AI가 고객 불편을 가중한 것이 아닌가 고민했다""고 말했다. 기존 AI는 이달 요금 확인 및 요금제 변경 같이 충분히 예상할 수 있는 상황에선 응대할 수 있지만 요금이 부쩍 늘어난 원인 파악 및 해결 등 복잡한 문제 해결은 어렵다는 뜻이다.정 상무는 새로 출시될 에이전틱 콜봇 스탠다드가 보다 적극적인 문제 해결과 피드백을 제공할 것이라고 기대했다. 가령 이용자가 서비스 예약 변경을 원하면 예약 절차를 읊어주는 수준이 아니라 직접 예약을 변경한 뒤 확인 메시지까지 보내는 식이다. 기존 시스템이 해결하지 못하던 예상치 못한 시나리오 응대가 핵심이다.LG유플러스가 LG AI연구원의 대규모언어모델(LLM) '엑사원(EXAONE)'이 아닌 오픈AI의 AI 모델을 활용하는 결정에 이목이 집중됐다. LG유플러스의 기존 콜센터 AX에도 엑사원이 적용됐기 때문이다. 이에 관해 정 상무는 ""엑사원은 확고한 경쟁력이라고 자부한다""면서 ""빠르게 변하는 AI 트렌드에 맞추기 위해 글로벌 기업과의 협력도 필요하다""고 설명했다. 엑사원 기반 콜센터 AX를 지속하면서 텍스트 기반 이미지 생성 등 최신 기술이 필요한 영역에서 오픈AI와 협력하겠다는 뜻으로 해석된다.김경훈 오픈AI 코리아 총괄대표가 4일 서울 중구 웨스틴조선서울에서 기자간담회를 열고 한국 B2B AI 적용에 관해 설명하고 있다. /사진= 윤상은 기자이날 김경훈 오픈AI 코리아 총괄대표는 올해 9월 부임 뒤 첫 공식 석상에 나왔다. 김 대표는 직전까지 구글코리아 사장을 역임했다. 김 대표는 ""한국은 생성형 AI를 가장 잘 활용하는 나라""라며 ""한국 기업의 AX를 지원하겠다""고 말했다. 이어 ""AI는 언제나 비싼 기술이 아니다""며 B2B AI 확산 가능성을 설명했다. 오픈AI는 최신 AI모델인 GPT-5.1의 토큰 100만개당 가격은 1.25달러(1841원)로 집계했다. 2023년 초에 나온 GPT-4의 같은 기준 가격이 30달러(4만4190원)이었던 것과 비교해 저렴해졌다."
https://n.news.naver.com/mnews/article/029/0002997603?sid=105,2025-12-04 17:13:54,IT/과학,"오픈AI, 韓 기업 AX 수요 공략 시동… “파트너사 늘릴 것”","‘챗GPT 엔터프라이즈’로 B2B 사업 가속삼성SDS 이어 채널파트너 지속 확대 추진김경훈 오픈AI코리아 총괄대표가 4일 서울 중구 웨스틴조선호텔에서 열린 기자간담회에서 자사 사업 방향에 대해 발표하고 있다. 오픈AI 제공“한국은 이미 인공지능(AI) 분야에서 높은 역량을 갖고 있고 기업들도 적극적으로 도입·활용하고 있다. 내년부터 기업들을 더욱 잘 지원하며 협업도 강화하겠다.”오픈AI가 4일 서울 중구 웨스틴조선호텔에서 개최한 기자간담회에서 김경훈 한국총괄대표는 “오픈AI코리아가 국내기업들을 위한 최적의 AI전환(AX) 파트너가 되겠다”며 이같이 밝혔다.구글코리아 사장에서 자리를 옮긴 김 대표는 이날 취임 이후 첫 간담회에서 오픈AI가 아직 스타트업임을 누차 언급하며 “함께 AI 시대를 열어가겠다”고 말했다. 그는 인구당 챗GPT 유료 구독 비율 1위인 한국시장인 만큼 기업 AX도 내년엔 더욱 활발할 것으로 바라본다.오픈AI에 따르면, 글로벌 사용자들은 챗GPT를 생활 정보, 학습 조언, 아이디어 제안 등 실용적인 조언을 위해 사용하는 경우가 약 29%로 가장 큰 비중을 차지했고 정보 탐색이 24%로 뒤를 이었다. 이와 달리 한국에서는 29%가 문서 번역·작성 등 업무 산출물 생산 용도로 나타났고, 또 21%는 과업 수행을 위한 방법을 조언하는 요청이었다. 사용패턴에서 업무 목적의 활용이 상대적으로 두드러진다.김 대표는 “어느 나라보다도 빠르게 GPT를 업무 파트너로 활용을 하고 있다. 생산성 향상을 위해 AI를 가장 잘 활용하는 나라라고도 할 수 있다”며 “이를 더욱 확대하려면 이제 기업의 역할을 빼놓을 수 없다”고 짚었다. 한국 직원들이 챗GPT에 익숙한 만큼 기업용 ‘챗GPT 엔터프라이즈’의 파일럿(시범운영) 기간이 짧고 빠른 AX가 가능하다는 게 오픈AI의 설명이다.기업용 챗GPT의 원활한 공급을 위해선 국내 환경에 맞춰 조정·구축할 수 있는 파트너도 필요하다. 김 대표는 “알려진 대로 삼성SDS가 첫 국내 채널 파트너이며 이달 공식 발표 예정이다. 삼성그룹만 대상으로 하는 게 아니며 다양한 곳에서 도움을 줄 것으로 기대한다”면서 “채널 파트너는 앞으로 계속 늘어날 것이다. 소규모 컨설팅사들인 AI네이티브 부티크 펌들과도 파트너십을 확대하고자 한다”고 설명했다.이날 행사에선 GS건설과 LG유플러스(LGU+)의 AI 도입 책임자가 참여해 챗GPT 엔터프라이즈 도입 사례를 소개했다. LGU+의 경우 오픈AI 기반 ‘에이전틱 콜봇 스탠더드’를 오는 16일 선보이고, 내년 상반기엔 ‘에이전틱 콜봇 프로’를 출시할 예정이다.한편 김 대표는 국내 스타게이트 프로젝트에 대해 “이번 주에 본사에서 스타게이트 팀이 와서 삼성그룹과 SK그룹을 만났고 많은 논의를 하고 있다. 여전히 초기 계획 단계”라며 “(오픈AI가 아직 스타트업이라) 전체 사업 규모가 나오더라도 우리 투자가 많을 거란 기대는 하지 말아 달라. 다른 기업들과 힘을 합쳐서 AI 시대를 열어간다고 이해해주면 감사하겠다”고 덧붙였다.내년 시행을 앞둔 AI기본법에 대해선 “현장에 있는 입장에선 우려보다는 정부가 많은 것들을 잘 이해하고 있고 좋은 방향으로 가고 있다고 생각한다”며 “우리나라가 잘 되자고 하는 법이므로 오픈AI코리아도 법을 준수하고 혁신을 위해 협력하고자 한다. 특히 과기정통부와는 계속 긴밀하게 논의하고 있다”고 했다."
https://n.news.naver.com/mnews/article/003/0013640142?sid=105,2025-12-04 17:21:15,IT/과학,"""'쿠팡, 피해보상' 문자 속지마세요""…이통사 일제히 '경보'","SKT·KT·LGU+ 피해보상·환불 등 빙자한 악성링크 문자 주의 안내모르는 번호로 걸려온 전화 '보이스피싱' 의심부터국가기관 사칭 금전 요구하면 전화 끊고 112 신고[서울=뉴시스] 권창회 기자 = 30일 오전 서울 송파구 쿠팡 본사 모습. 쿠팡의 사실상 모든 고객 개인정보가 유출됐다. 쿠팡은 고객 계정 3370만개가 무단으로 노출된 것으로 확인됐다고 밝혔다. 당초 쿠팡은 지난 18일 4500개 계정의 개인정보가 노출된 사실을 인지했다고 발표했는데, 11일 만에 노출 계정이 약 7500배 늘어난 것이다. 2025.11.30. kch0523@newsis.com[서울=뉴시스] 심지혜 기자 = 최근 쿠팡에서 3370만건 규모의 계정 정보가 유출된 사실이 확인되면서 이를 악용한 스미싱과 보이스피싱으로 2차 피해가 확산될 수 있다는 우려가 커지고 있다. 이에 SK텔레콤, KT, LG유플러스 등 이동통신 3사가 일제히 이용자들에게 경보를 발령했다.4일 이동통신업계에 따르면 SK텔레콤과 KT, LG유플러스는 이날 경찰청 전기통신금융사기 통합대응단의 주의 요청에 따라 긴급 문자 안내를 발송했다.유출된 쿠팡 정보에는 고객 이름과 연락처, 주소 등이 대량 포함돼 실제 정보를 알고 접근하는 정교한 피싱 범죄로 이어질 가능성이 지적되고 있다.이통3사는 이날 '쿠팡 고객 정보 유출을 악용한 스미싱과 보이스피싱이 예상된다'며 피해보상과 환불, 개인정보 보호, 이벤트 참여 등을 명목으로 한 악성 링크 문자와 앱 설치 유도 전화를 경고하는 내용의 안내 문자를 자사 가입자에게 발송했다.신청하지 않은 신용카드 배송을 사칭해 ‘취소 접수’를 핑계로 전화를 유도하는 방식 등 유출 정보를 활용한 수법도 함께 제시하며 이용자에 각별한 주의를 요구했다.양사는 불명확한 메시지나 인터넷주소(URL)는 즉시 삭제하고, 개인정보를 모두 알고 접근하더라도 피싱 범죄일 수 있다고 설명했다.특히 모르는 번호로 걸려온 전화는 우선 보이스피싱을 의심해야 한다고 당부했다. 국가기관 등을 사칭해 금전을 요구하는 경우 즉시 전화를 끊고 주변 지인에게 알리거나 112에 신고해야 한다고 했다.아울러 삼성 스마트폰의 ‘피싱으로 신고하기’ 기능과 전기통신금융사기 통합대응단 홈페이지를 통한 제보 절차도 함께 고지했다.통신업계는 이번 유출 정보가 스미싱·보이스피싱 고도화의 ‘재료’로 악용될 수 있다는 점을 크게 우려하고 있다.실제 개인정보 기반 접근 방식은 이용자의 경계심을 낮추는 대표적인 수법으로, 최근 금융·통신 분야 해킹 사례에서도 악성 앱 설치 유도나 원격조종 앱을 통한 계좌 탈취 피해가 반복됐다.정부는 쿠팡 사고 규모가 확대된 이후 과학기술정보통신부 중심 민관 합동 조사단을 가동해 유출 경위를 조사하는 한편 피해 확산 방지 조치를 병행하고 있다.앞서 방미통위도 전날 쿠팡 유출 사고를 악용한 스미싱 피해 가능성을 경고하는 별도 안내를 내고 이용자 주의를 요청했다. 방미통위는 쿠팡 개인정보 유출 사고와 민생회복 소비쿠폰 지급 등을 빌미로 한 미끼문자 확산 가능성을 지적하며 ‘주문하신 물건이 배송되었습니다’, ‘민생회복 소비쿠폰 과다지급 환수 안내’ 등 출처 불명 메시지에 포함된 URL을 누르지 말아야 한다고 강조했다.확인되지 않은 링크를 클릭하면 정부기관을 사칭한 가짜 사이트로 연결돼 악성프로그램 설치, 개인정보·금융정보 탈취, 원격 제어 등으로 이어질 수 있다는 설명이다.아울러 카카오톡 ‘보호나라’ 채널을 통한 문자의 정상 여부 확인, 불법스팸 간편신고 앱 신고 등 이용자 대응 방법도 안내했다. 방미통위는 신고된 스팸을 즉시 차단하고 경찰청·금융위 등과 정보를 공유해 피싱·스미싱 피해 확산 방지에 활용한다는 방침이다．"
https://n.news.naver.com/mnews/article/654/0000155117?sid=101,2025-12-05 00:09:50,경제,이동통신 3사 소비자 불만 절반 '개인정보 유출' 꼽아,"소비자원, 만족도 조사 결과 발표불만·피해 경험률 1년새 14.5%p↑최근 SKT에 이어 KT, 쿠팡 등 개인정보 유출로 인한 논란이 지속적으로 불거지면서 소비자 불안감이 상승하고 있다. 3일 한국소비자원(원장 윤수현)이 이동통신 3사의 소비자 만족도를 조사한 결과, 종합만족도가 전년 대비 소폭 하락한 것으로 나타났다. 이동통신 서비스 이용 중 불만·피해 경험률은 14.5%p('24년 13.7% → '25년 28.2%) 증가했으며, 특히 '개인정보 유출'에 대해 우려가 큰 것으로 조사됐다.이동통신 3사의 종합만족도는 평균 3.37점 (5점 만점)이었으며, 업체별로는 'LGU+'가 3.54점으로 가장 높았고, 'KT' 3.46점, 'SKT' 3.23점이었다. 서비스 이용 과정 6개 부문에서는 '고객 응대'에 대한 만족도가 3.77점으로 가장 높았고, 개인정보 보호 노력 등을 평가한 '정보 보안'은 3.22점으로 상대적으로 낮았다. 핵심 서비스 10개 부문에서는 가입·개통의 편의성 등을 평가한 '가입·개통' 만족도가 3.73점으로 가장 높았고, '이용요금' 만족도는 3.00점으로 가장 낮았다. 2024년과 2025년 조사를 비교한 결과, 종합만족도는 2024년(3.47점)보다 0.10점 하락했다. 특히 포괄적 만족도 3개 부문 중 '전반적 만족도'의 하락폭(-0.15점)이 상대적으로 컸다.이동통신 3사 이용 소비자(1490명)와 알뜰폰 이용 소비자(310명)의 만족도를 세부 요인별로 비교한 결과, '멤버십 서비스', '제휴 서비스' 등은 이동통신 3사가 높았다. 반면 '이용요금', '요금제 선택' 등은 알뜰폰이 만족도가 더 높은 것으로 나타났다. 이동통신 3사 이용 소비자가 서비스 선택 및 이용 시 가장 중요하게 고려하는 것은 '장기·우수 고객 혜택'(18.9%)이었으며, 다음으로 '결합상품·결합 시 혜택'(14.9%), '요금'(14.4%) 등의 순이었다.이동통신 3사의 서비스를 이용하면서 불만이나 피해를 경험한 소비자는 전체의 28.2%(420명)였다. 이 중 '개인정보 유출'에 대한 불만이 50.0% (210명)로 가장 많았으며, 이어서 '서비스 품질 미흡'(29.3%), '약정 해지·변경에 따른 위약금 부과'(25.5%) 등의 순이었다.2024년과 2025년 조사를 비교한 결과, 불만·피해 경험률은 2024년(13.7%) 대비 14.5%p 증가했고, '개인정보 유출'에 대한 불만·피해 유형 급증이 두드러졌다.소비자원 관계자는 ""이번 조사 결과를 토대로 해당 사업자에게 개인정보 보호를 위한 보안 강화 장기·우수 고객 혜택 강화 등 서비스 개선을 요청할 계획""이라며 ""소비자의 합리적인 선택을 지원하고, 사업자 서비스 품질 개선을 장려하기 위해 다양한 분야의 서비스 비교정보를 지속해서 생산하여 제공할 예정""이라고 밝혔다.김호석 기자 kimhs86@kado.net#이동통신 #소비자 #개인정보 #불만 #유출"
https://n.news.naver.com/mnews/article/396/0000728968?sid=103,2025-12-05 14:13:10,생활/문화,"빅워크, ‘2025 119 메모리얼런’ 마무리…영웅들을 기억하기 위한 2600명의 레이스","LG U+·소방청 공동 주최, 세종중앙공원에서 펼쳐진 ‘Run for Heroes’사진=빅워크LG U+와 소방청이 공동 주최하고 빅워크가 주관한 ‘2025 U+119메모리얼런’이 11월 2일 세종중앙공원 도시축제마당 일대에서 2600명의 참가자가 함께한 가운데 마무리됐다고 5일 밝혔다.‘Run for Heroes – 뛰는 발걸음, 잊지 않는 마음’이라는 슬로건 아래 열린 이번 행사는 소방관과 시민이 함께 달리며 소방관의 헌신과 희생을 기억하고 감사의 마음을 전하는 추모 러닝 페스티벌로 진행되었다.참가자들을 응원하듯 맑고 푸른 가을 하늘 아래 진행된 행사 현장에는 안내 데스크, 물품보관소, 의료부스를 비롯해 완주 경험을 더욱 특별하게 만들기 위한 다양한 프로그램이 운영됐다. 참가자들을 위해 ‘메달 각인존’에서는 완주 메달에 이름이나 기록을 새겨 소장 가치를 높일 수 있었으며 ‘스포츠테이핑&컨디셔닝’ 부스 운영을 통해 레이스 전후로 부상을 예방할 수 있는 프로그램도 진행되었다. ‘119 러닝 챌린지’는 시속 19km 속도를 1분간 유지해보는 체험으로 러닝의 도전과 축제의 재미를 균형 있게 더했다.행사의 메인 이벤트인 러닝 코스는 세종중앙공원과 세종호수공원의 경관을 따라 조성된 11.9km와 5km 두 가지 코스로 구성되었다. 특히 11.9km 코스는 ‘119’를 상징하는 의미 있는 거리로 설계되어 행사 취지와 메시지를 참여 경험에 자연스럽게 담아냈다.이날 현장에는 실제 임무 장비를 착용한 소방관 러너들의 모습이 특히 눈길을 끌었다. 방화복과 공기호흡기(SCBA), 산소통의 무게를 그대로 짊어진 채 코스를 이어가는 모습은 소방관들이 평소 마주하는 책임과 헌신을 그대로 담아내며 현장에 깊은 울림을 전했다. 또한 다수의 소방관 러너들이 압도적인 체력과 스피드로 빠른 기록을 달성하며 소방관의 높은 신체적 역량을 보여주었다.결승선에는 러닝 종료 직후 빠르게 메달과 기념품을 수령할 수 있도록 ‘통과형 메달 수령 동선’이 마련되었다. 참가자들은 피니시 지점을 통과하며 자연스럽게 메달과 완주 기념 패키지를 수령할 수 있었고 현장 스태프와 시민들의 환호 속에서 혼잡 없이 쾌적하게 완주 순간을 마무리할 수 있었다.또한 러닝 종료 이후 진행된 폐막식에는 아이폰17 프로, 가민 포러너 265·55, 샥즈 오픈런2 등 총 1000만 원 상당의 럭키드로우 경품 이벤트가 진행되었다. 이번 경품은 LG U+가 참가자들에게 ‘기억에 남는 축제 같은 완주 경험’을 선물하고자 준비한 것으로 참가자들은 러닝의 여운을 이어가는 즐거움과 함께 서로의 완주를 축하하며 현장의 분위기를 더욱 뜨겁게 만들었다.사진=빅워크이번 119 메모리얼런은 공공적 메시지와 아웃도어 러닝의 에너지를 균형감 있게 결합한 행사의 우수한 사례로 남았다.빅워크는 공공기관·지자체·민간 브랜드를 아우르는 다양한 고객 스펙트럼을 기반으로, 행사의 목적과 톤에 맞춘 맞춤형 마라톤 페스티벌 기획을 수행해 왔다. 이번 행사에서도 순직 소방관을 추모하는 의미와 시민 참여형 러닝 페스티벌의 활력을 자연스럽게 연결하며, 기억·존중·참여라는 행사 메시지를 참가 경험 전반에 일관성 있게 녹여냈다.또한 세종호수공원의 개방적 지형과 보행 동선을 고려하여 가시성과 안전이 확보된 코스 설계, 충분한 안전요원·스태프 배치, 라바콘 및 안전띠 등 효율보다는 안전에 최적화된 장비 활용을 통해, 대규모 러닝 행사 운영에 필요한 현장 대응력과 안전 통제 능력을 보여줬다.확산되고 있는 마라톤·러닝 페스티벌 트렌드 속에서, 빅워크는 “즐거움과 안전의 균형”을 최우선 가치로 두는 운영사로 자리매김하고 있다. 이는 단순한 행사 제작을 넘어 참여자 중심의 경험 설계와 지속 가능한 마라톤 페스티벌 운영 능력을 갖춘 기업으로서의 입지를 보여주는 사례로 남았다."
https://n.news.naver.com/mnews/article/029/0002997721?sid=105,2025-12-05 15:40:40,IT/과학,"6G시대, 핵심기술인 AI-RAN을 통해 새로운 가치를 창출한다… AI-RAN Summit 2025 개최","‘AI-RAN Summit 2025’ 현장다가오는 AI 및 6G 대전환 시대, AI 네트워크의 핵심기술인 AI-RAN을 통해 새로운 산업적 가치를 모색하고, 글로벌 산·학·연 협력의 대전환점을 마련하기 위해 국제적인 논의의 장이 열렸다.과학기술정보통신부와 AI 네트워크 얼라이언스(AINA), 연세대학교, 연구프로젝트팀 등은 12월 5일, 연세대학교 백양누리 라제건홀에서 AI-RAN Summit 2025를 개최하였다고 밝혔다.이번 서밋은 최근 열린 ‘2025 브루클린 6G 서밋’에서 논의된 글로벌 6G 트렌드와 AI 가치 등을 포함하고 있으며, 이를 넘어 이동통신산업이 거대한 미래 AI 산업의 필수 인프라의 역할을 할 수 있는 기술 진보와 통신산업의 새로운 가치 창출로 이어져야 한다는 공감대를 형성하기 위함이다.AINA(AI Network Alliance) 김동구 운영위원장(연세대학교 교수)은 “피지컬 AI와 AX대전환을 위해서는 AI네트워크가 반드시 필요하고, 앞으로 6G가 그 역할을 제대로 하기 위해서는 지금부터 5G를 AI 네트워크로 발전시켜 나가야 한다. 이를 위해서는 이동통신 산업과 서비스에 큰 변혁을 필요로 하며, 어느 한 기관이나 국가의 힘만으로는 불가능하다”며, “우리나라에서 개최하는 AI-RAN 서밋은 AI 네트워크로 변혁을 위한 핵심기술인 AI-RAN 기술에 대한 지속적인 글로벌 산학연의 국제적 협력을 다져가는 자리가 될 것”이라고 개최 소감을 전하였다.이어서 AINA의 김광순 전략위원회 위원장(연세대학교 교수)은 “AI 네트워크는 AI에게 물리적인 세상과 실시간으로 만날 수 있게 해 줄 유일한 창구이며, AI반도체, AI모델과 더불어 피지컬AI를 실현하기 위한 필수 인프라의 역할을 할 것이다. 그리고 우리나라는 이러한 AI 네트워크로의 변혁을 선도할 수 있는 잠재력을 가지고 있으며, AI-RAN 기술 개발이 그 변혁의 시작이 될 것”이라 밝혔다.특히 이번 행사에서는 지난 10월말, 국내 산학연(삼성전자, KT, SKT, LGU+, 연세대, ETRI)과 NVIDA간의 MOU체결에 이어서 글로벌 리더들이 대거 참여해 이목을 이끌었다.AI-RAN Global Industry에서는 △에릭슨(Ericsson) △노키아(Nokia) △비아비(VIAVI) △엔비디아(NVIDIA) △딥시그(DeepSig) 등 글로벌 기업의 임원급 연사들이 나서AI-RAN의 진화 방향과 디지털 트윈, 6G 활동 등을 주제 발표를 진행하였다.이어지는 AI-RAN Academic Research에서는 △프랑스CEA-Leti △싱가포르국립공과대학교(SUTD) △홍콩대학교(HKU) △포스텍(POSTECH) △홍콩과기대(HKUST) 등 세계적 석학들이 시맨틱 통신, AI-RAN, 6G 등과 관련하여 기술적 트렌드 동향을 조망하였다.오후 세션에서는 KT, SKT, LGU+ 등 국내 통신3사와 삼성전자가 참여하는 ‘Perspectives from Korean Industry’ 세션이 진행되었으며, 통신 인프라의 AI 전환 비전, AI-RAN 준비 현황, AI-RAN 기술적 영향력 등을 살펴보는 시간을 가졌다.마지막 패널 토론에서는 김성륜 교수(연세대) 주도로 채찬병 교수(연세대), 이제민 교수(연세대), 최성호 단장(IITP), RikuJäntti 교수(알토대) 등이 참여해 AI-RAN이 가져올 미래 가치와 산업 생태계 활성화에 대해 심도 있는 논의를 펼쳤다.현재 과학기술정보통신부는 ICT표준화포럼지원사업(TTA)을 통해서 산업 생태계 활성화를 위해 민·관 협력체계를 구축하고 있으며, 5G 개방형 네트워크 산업 생태계 기반 조성, 5G-A vRAN연구플랫폼 개발, 한-유럽 6G AI-RAN 공동연구(6G-ARROW), AI 네트워크 및 6G R&D 등 차세대 네트워크 R&D 분야에 적극 대응하고 있다.끝으로 AINA 김성륜 AI 네트워크 인프라 위원회 위원장은(연세대학교 교수) “이번 서밋은 AI-RAN 관련 정부 정책 활성화에 기여하고, 산학연 연구자들 간의 상호 교류를 위한 장”이라며 “글로벌 파트너십을 통해 AI 네트워크 시대의 국가 경쟁력을 확보하고 새로운 비즈니스 가치를 창출하는 계기가 되기를 기대한다”고 말했다."
https://n.news.naver.com/mnews/article/366/0001128368?sid=105,2025-12-05 16:34:10,IT/과학,[비즈톡톡] 쿠팡 사태가 부른 징벌적 배상 논의… 해킹 당한 통신사로 번지나,"‘징벌적 배상’ 시사한 배경훈 부총리해킹 조사받는 KT·LGU+, 과징금 불똥 튈까 촉각“징벌적 제재에 명확한 기준 없으면 부작용 우려”챗GPT=달리쿠팡에서 대규모 개인정보 유출 사고가 발생하면서 ‘징벌적 손해배상’을 둘러싼 논의가 다시 불 붙고 있습니다. 최근 해킹 사고로 정부 조사를 받고 있는 KT, LG유플러스까지 논의가 확산될 수 있다는 관측도 나옵니다.지난 2일 배경훈 부총리 겸 과학기술정보통신부 장관은 잇따른 해킹 사고와 관련해 “국민에게 직접 피해를 주고 금융 불안을 초래하는 사건은 징벌적 손해배상을 통해 반복되지 않도록 해야 한다”고 밝혔습니다. 업계에서는 이 발언이 쿠팡뿐만 아니라 통신사 해킹 사건에도 적용될 수 있는 ‘시그널’이라는 해석을 내놓고 있습니다.현행 개인정보보호법은 개인정보처리자가 고의 또는 중대한 과실로 개인정보를 유출해 피해가 발생한 경우 손해액의 최대 5배까지 배상하도록 하는 징벌적 손해배상 제도를 두고 있습니다. 다만 2015년 제도 도입 이후 실제로 법원이 징벌적 배상을 인정한 사례는 단 한 건도 없습니다. 법 조항에 ‘개인정보처리자가 고의 또는 중과실이 없음을 증명한 경우에는 적용하지 않는다’는 단서가 달려 있어, 기업이 일정 수준의 관리·보호 조치를 입증하면 책임 범위가 크게 줄어드는 구조이기 때문입니다. 4000만명의 개인정보가 중국 알리페이에 이전됐다는 의혹을 받았던 카카오페이 역시 과징금 59억원 부과에 그친 바 있습니다.KT 해킹 사고를 두고는 이 같은 단서 조항의 ‘방패막이’를 넘어 징벌적 배상 요건이 충족될 수 있다는 지적이 나오고 있습니다. KT는 동일한 밴더 인증키를 약 19만대의 펨토셀(초소형 기지국)에 공통으로 사용하고, 장비 분실 여부조차 제대로 관리하지 않은 것으로 드러나 논란을 자초했습니다. 여기에 해킹 관련 서버를 고의로 폐기한 것 아니냐는 의혹까지 제기되면서 “단순 과실을 넘어 중대한 관리 소홀에 해당한다”는 평가가 적지 않습니다. 법조계 일각에서는 “이 정도면 고의 또는 중과실이 인정될 가능성을 배제하기 어렵다”는 반응도 나오고 있습니다.LG유플러스 역시 향후 조사 결과에 따라 징벌적 배상 책임 논의의 도마에 오를 수 있다는 관측이 나옵니다. 현재로서는 해킹 경위와 사고 후 대응 과정에 대한 정부 조사가 진행 중이지만, 이후 조사에서 고의에 가까운 보안 부실이나 증거 인멸·은폐 정황 등이 드러날 경우 파장은 KT 못지않게 커질 것이라는 전망이 나옵니다.통신사는 금융·공공 서비스와 직접 연결된 기반 인프라를 담당하는 만큼, 쿠팡 사태 못지않게 사회적 비난 여론이 거세질 가능성이 큽니다. 징벌적 손해배상뿐만 아니라 과징금의 ‘징벌성’을 한층 강화해야 한다는 주장도 힘을 얻는 분위기입니다.앞서 SK텔레콤은 해킹 사고와 관련해 매출의 1% 수준인 1347억원의 과징금을 부과받았습니다. 그러나 연이은 대형 사고에도 비슷한 규모의 제재만 반복될 경우 예방 효과가 크지 않을 것이라는 지적이 제기됩니다. 반면 KT와 LG유플러스는 아직 과징금 처분이 내려지지 않은 상태로, 통신 3사 중 남은 두 곳에 대해서는 법이 허용하는 최대치까지 검토해야 한다는 목소리가 업계 안팎에서 빠르게 확산되고 있습니다.일각에서는 과징금 상향과 징벌적 손해배상이 동시에 거론되는 만큼, 향후 통신·플랫폼 기업들의 보안 투자와 리스크 관리 방식이 근본적으로 바뀔 수밖에 없을 것이라는 전망도 나옵니다. 과징금이 개인정보 유출 사고 발생 시 지급해야 할 단순 비용이 아니라 회사 존립을 위협할 수준으로 커질 수 있다는 인식이 확산될 경우, 지금까지 미뤄왔던 노후 시스템 교체와 인력 확충 등이 앞당겨질 수 있다는 겁니다. 다만 업계에서는 과도한 징벌로 기업 활동이 위축될 것이라는 우려도 나옵니다.IT업계 관계자는 “동일한 해킹 수법으로 피해를 입었더라도, 정보보호 투자를 성실히 해온 기업과 그렇지 않은 기업을 어떻게 구분할지에 대한 세밀한 기준을 마련해야 한다”며 “명확한 기준 없이 과도한 징벌만 있으면 부작용이 클 것”이라고 했습니다."
https://n.news.naver.com/mnews/article/016/0002568167?sid=105,2025-12-06 15:57:08,IT/과학,"LGU+, 고객 36명 통화 정보 유출…개보위 자진 신고","현재 모든 조치 완료…피해 고객 전체 개별 안내LG유플러스 용산 사옥 전경. [LG유플러스 제공][헤럴드경제=고재우 기자] LG유플러스는 6일 개인정보보호위원회(개보위)에 익시오 통화 정보 유출 사실을 신고했다고 밝혔다.LG유플러스에 따르면 최근 익시오 서비스의 운영 개선 작업 과정에서 캐시(임시 저장 공간) 설정 오류로 고객 36명의 ▷통화 상대방 전화번호 ▷통화 시각 ▷통화 내용 요약 등 정보가 다른 이용자 101명에게 일시적으로 노출됐다.이에 LG유플러스는 이날 오전 9시경 개인정보보호위원회에 관련 내용을 신고했다.개인정보가 유출됐던 시간은 지난 2일 20시부터 같은 달 3일 10시 59분 사이다. 해당 시간 동안 익시오를 새로 설치하거나 재설치한 이용자(101명)에게 36명의 일부 통화 정보가 노출됐다. 이용자 1명에게 6명의 통화 데이터가 노출된 경우도 있었다.다만 유출된 정보에는 주민등록번호, 여권번호 등 고유 식별정보와 금융정보는 포함되지 않았다고 LG유플러스는 설명했다.LG유플러스는 지난 3일 오전 10시경 문제를 인지한 즉시 원인 파악과 복구 작업에 착수해 노출된 통화 정보가 더 이상 보이지 않도록 했다. 이후 해당 고객 전원에게 전화로 안내를 진행했다. 연락이 어려운 고객에게는 문자 등을 통해 사실을 알렸다.LG유플러스 관계자는 “고객 여러분께 불편과 심려를 끼쳐 죄송하다”며 “이번 사안은 해킹과 관련이 없으며, 이후 관계기관 조사에도 적극 협조하겠다”고 밝혔다."
https://n.news.naver.com/mnews/article/014/0005445114?sid=105,2025-12-06 16:02:16,IT/과학,"[속보] LG U+, '익시오' 고객 36명 통화정보 유출…개보위 자진신고",[파이낸셜뉴스]
https://n.news.naver.com/mnews/article/001/0015782245?sid=105,2025-12-06 16:05:30,IT/과학,"[속보] LGU+, 익시오 고객 36명 통화정보 유출..개보위 신고",LG유플러스[연합뉴스 자료사진]
https://n.news.naver.com/mnews/article/658/0000128267?sid=101,2025-12-06 16:07:14,경제,"[속보] LGU+, 익시오 고객 36명 통화정보 유출…개보위 신고","지난 10월 23일 서울 용산구 LG유플러스 사옥 모습. 연합뉴스LG유플러스는 인공지능(AI) 통화 앱 ‘익시오’의 통화정보 일부가 유출돼 개인정보보호위원회에 자진 신고했다고 6일 밝혔다. LG유플러스는 이날 “최근 익시오 서비스 운영 개선 작업 과정에서 캐시 설정 오류로 고객 36명의 일부 통화 상대방 전화번호, 통화 시각, 통화내용 요약 등 정보가 다른 이용자 101명에게 일시적으로 노출되는 현상이 발생했다”며 “6일 오전 9시께 개인정보보호위원회에 신고를 완료했다”고 밝혔다.유출 추정 시간은 지난 2일 오후 8시부터 3일 오전 10시 59분 사이며, 개인별로는 1∼6명의 다른 이용자에게 노출된 것으로 파악됐다. 주민등록번호, 여권번호 등 고유 식별정보와 금융 정보는 유출되지 않은 것으로 알려졌다. LG유플러스는 3일 오전 10시께 문제를 인지한 즉시 조치했으며, 해당 고객 전원에게 전화 또는 문자로 사실을 알렸다고 덧붙였다.LG유플러스 측은 “고객 여러분께 불편과 심려를 끼쳐 죄송하다”며 “이번 사안은 해킹과 관련이 없으며, 이후 관계기관 조사에도 적극 협조하겠다”고 밝혔다."
https://n.news.naver.com/mnews/article/030/0003377887?sid=105,2025-12-06 16:08:13,IT/과학,LGU+ 익시오 고객 36명 통화정보 유출사고 발생… “해킹 아닌 작업 실수”,"LG유플러스 통화 에이전트 앱 '익시오'LG유플러스 인공지능(AI) 통화앱 '익시오' 고객의 통화정보가 다른 고객에게 유출되는 사고가 발생했다. 노출된 정보는 전화번호, 통화시각, 통화내용 요약 등이다. 회사 측은 해킹 공격이 아닌 휴먼 에러라는 입장이다.LG유플러스는 6일 오전 9시 개인정보보호위원회에 익시오 통화정보 유출 사실을 자진 신고했다.회사 측에 따르면 최근 익시오 서비스 운영 개선 작업 과정에서 캐시(임시저장공간) 설정 오류로 고객 36명의 일부 △통화 상대방 전화번호 △통화 시각 △통화내용 한줄 요약 등 정보가 다른 이용자 101명에게 일시적으로 노출되는 현상이 발생했다.개인정보가 유출될 수 있었던 시간은 12월 2일 20시부터 12월 3일 10시 59분 사이다. 이 시간 동안 익시오를 새로 설치하거나 재설치한 이용자(101명)에게 노출됐으며, 개인별로는 1명에서 6명의 다른 이용자에게 노출됐다.이번에 유출된 정보에는 주민등록번호, 여권번호 등 고유식별정보와 금융정보는 포함되지 않은 것으로 확인됐다.LG유플러스는 이번 유출 사고가 개보위 신고 의무사항에는 해당되지 않지만 자발적으로 신고했다고 설명했다. 신고 의무 요건은 유출 규모가 1000명 이상이거나 민감정보가 노출됐을 때다. 외부 해킹 공격이 아닌 내부 작업 실수로 인한 유출인 만큼 한국인터넷진흥원(KISA)에는 별도 신고를 하지 않았다.LG유플러스는 3일 오전 10시경 문제를 인지한 즉시 원인 파악과 복구 작업에 착수해, 노출된 통화 정보가 더 이상 보이지 않도록 조치를 완료했다.이후 해당 고객 전원에게 전화로 안내를 진행했다. 연락이 어려운 고객에게는 문자 등을 통해 사실을 알렸다.LG유플러스 관계자는 “고객 여러분께 불편과 심려를 끼쳐 죄송하다”며 “이번 사안은 해킹과 관련이 없으며 이후 관계기관 조사에도 적극 협조하겠다”고 밝혔다."
https://n.news.naver.com/mnews/article/055/0001313911?sid=101,2025-12-06 16:09:30,경제,"LGU+, 익시오 고객 36명 통화정보 유출…""개보위에 자진신고""","▲ LG유플러스LG유플러스는 인공지능(AI) 통화 앱 '익시오'의 통화정보 일부가 유출돼 개인정보보호위원회에 자진 신고했다고 밝혔습니다.LG유플러스는 ""최근 익시오 서비스 운영 개선 작업 과정에서 캐시 설정 오류로 고객 36명의 일부 통화 상대방 전화번호, 통화 시각, 통화내용 요약 등 정보가 다른 이용자 101명에게 일시적으로 노출되는 현상이 발생했다""며 ""오늘 오전 9시쯤 개인정보보호위원회에 신고를 완료했다""고 밝혔습니다.유출 추정 시간은 지난 2일 오후 8시부터 3일 오전 10시 59분 사이로, 이 시간 동안 익시오를 새로 설치하거나 재설치한 이용자 101명에게 노출됐고 개인별로는 1∼6명의 다른 이용자에게 노출됐다고 설명했습니다.주민등록번호, 여권번호 등 고유 식별정보와 금융정보는 유출되지 않았다고 LG유플러스는 밝혔습니다.LG유플러스는 3일 오전 10시쯤 문제를 인지한 즉시 원인 파악과 복구 작업에 착수해 노출된 통화 정보가 더 이상 보이지 않도록 조치를 완료했다고 밝혔습니다.이후 해당 고객 전원에게 전화로 안내를 진행하고 연락이 어려운 고객에게는 문자 등을 통해 사실을 알렸다고 덧붙였습니다.LG유플러스 관계자는 ""고객 여러분께 불편과 심려를 끼쳐 죄송하다""며 ""이번 사안은 해킹과 관련이 없으며, 이후 관계기관 조사에도 적극 협조하겠다""고 밝혔습니다.(사진=연합뉴스)"
https://n.news.naver.com/mnews/article/003/0013642974?sid=105,2025-12-06 16:09:50,IT/과학,"[속보]LGU+, 고객 36명 통화정보 유출 발생…개보위 자진 신고",[서울=뉴시스]박은비 기자 = LG유플러스는 최근 익시오 서비스의 운영 개선 작업 과정에서 캐시(임시 저장 공간) 설정 오류로 고객 36명의 통화정보가 다른 이용자에게 통화 정보가 노출되는 사고가 발생해 6일 오전 9시 개인정보보호위원회에 신고했다고 밝혔다．
https://n.news.naver.com/mnews/article/009/0005601900?sid=102,2025-12-06 16:10:11,사회,"[속보] LGU+, 익시오 고객 36명 통화정보 유출…개보위 신고","LG유플러스. [연합뉴스]LG유플러스는 인공지능(AI) 통화 앱 ‘익시오’의 통화정보 일부가 유출돼 개인정보보호위원회에 자진 신고했다고 6일 밝혔다.LG유플러스는 이날 “최근 익시오 서비스 운영 개선 작업 과정에서 캐시 설정 오류로 고객 36명의 일부 통화 상대방 전화번호, 통화 시각, 통화내용 요약 등 정보가 다른 이용자 101명에게 일시적으로 노출되는 현상이 발생했다”며 “6일 오전 9시께 개인정보보호위원회에 신고를 완료했다”고 설명했다.유출 추정 시간은 지난 2일 오후 8시부터 3일 오전 10시 59분 사이다. 이 시간 동안 익시오를 새로 설치하거나 재설치한 이용자 101명에게 노출됐고 개인별로는 1∼6명의 다른 이용자에게 노출됐다.주민등록번호, 여권번호 등 고유 식별정보와 금융적 보는 유출되지 않았다.LG유플러스는 3일 오전 10시께 문제를 인지한 즉시 원인 파악과 복구 작업에 착수해 노출된 통화 정보가 더 이상 보이지 않도록 조치를 완료한 상태다. 이후 해당 고객 전원에게 전화로 안내를 진행하고 연락이 어려운 고객에게는 문자 등을 통해 사실을 알렸다고 덧붙였다.LG유플러스 관계자는 “고객 여러분께 불편과 심려를 끼쳐 죄송하다”며 “이번 사안은 해킹과 관련이 없으며, 이후 관계기관 조사에도 적극 협조하겠다”고 말했다."
https://n.news.naver.com/mnews/article/014/0005445115?sid=105,2025-12-06 16:10:14,IT/과학,"'익시오'서 36명 통화정보 유출…LG U+ ""해킹과 무관""","6일 오전 9시 개보위에 신고서울 용산구 LG유플러스 용산 사옥의 모습. 연합뉴스[파이낸셜뉴스] LG유플러스의 인공지능(AI) 통화 앱 '익시오'에서 고객 36명의 통화 정보가 유출되는 사고가 발생했다. LG유플러스는 개인정보보호위원회에 이 사실을 자진 신고했다.6일 LG유플러스는 최근 익시오 서비스의 운영 개선 작업 과정에서 캐시(임시 저장 공간) 설정 오류로 고객 36명의 일부 △통화 상대방 전화번호 △통화 시각 △통화내용 요약 등 정보가 다른 이용자 101명에게 일시적으로 노출되는 현상이 발생했다고 밝혔다.LG유플러스 이날 오전 9시경 개인정보보호위원회에 신고를 완료했다.개인정보가 유출될 수 있었던 시간은 12월 2일 오후 8시부터 12월 3일 오전 10시 59분 사이다. 이 시간 동안 익시오를 새로 설치하거나 재설치한 이용자(101명)에게 노출됐다. 개인별로는 1명에서 6명의 다른 이용자에게 노출됐다.이번에 유출된 정보에는 주민등록번호, 여권번호 등 고유식별정보와 금융정보는 포함되지 않은 것으로 확인됐다.LG유플러스는 3일 오전 10시경 문제를 인지한 즉시 원인 파악과 복구 작업에 착수해, 노출된 통화 정보가 더 이상 보이지 않도록 조치를 완료했다. 이후 해당 고객 전원에게 전화로 안내를 진행했으며, 연락이 어려운 고객에게는 문자 등을 통해 사실을 알렸다.LG유플러스 관계자는 “고객 여러분께 불편과 심려를 끼쳐 죄송하다”며 “이번 사안은 해킹과 관련이 없으며, 이후 관계기관 조사에도 적극 협조하겠다”고 말했다.앞서 지난 10월 LG유플러스는 서버 해킹 정황을 한국인터넷진흥원(KISA)에 신고한 바 있다. KISA가 지난 7월 18일 LG유플러스 내부자 계정을 관리하는 계정 권한관리 시스템(APPM) 서버 해킹이 있었다는 익명의 화이트해커의 제보를 받아 LG유플러스에 이를 통보한 지 약 3개월 만이다. 당시 미국 보안 전문매체 프랙은 해커 조직이 외주 보안업체 시큐어키를 해킹해 얻은 계정 정보로 LG유플러스 내부망에 침입했다고 보도했다. 이 공격으로 8938대의 서버 정보, 4만 2256개 계정, 167명의 직원 정보가 외부로 빠져나간 것으로 알려졌다. 다만, LG유플러스는 서버 정보가 유출됐지만, 피해 사실이 확인되진 않았다는 입장이다."
https://n.news.naver.com/mnews/article/029/0002997784?sid=105,2025-12-06 16:10:31,IT/과학,"[속보] LGU+, 익시오 고객 36명 통화정보 유출…개보위 신고","[속보] LGU+, 익시오 고객 36명 통화정보 유출..개보위 신고속보"
https://n.news.naver.com/mnews/article/057/0001923308?sid=101,2025-12-06 16:12:14,경제,"[속보] LGU+, 익시오 고객 36명 통화정보 유출..개보위 신고","[속보] LGU+, 익시오 고객 36명 통화정보 유출..개보위 신고"
https://n.news.naver.com/mnews/article/003/0013642975?sid=105,2025-12-06 16:12:35,IT/과학,"LGU+, 익시오 고객 36명 통화정보 유출 개보위 신고","작업과정 실수… 피해 고객 전체에게 개별 안내[서울=뉴시스] 심지혜 기자 = LG유플러스가 AI 통화비서 서비스 ‘익시오’의 운영 개선 작업 과정에서 발생한 고객 통화정보 유출 사실을 개인정보보호위원회에 자진 신고했다.LG유플러스는 6일 캐시(임시 저장 공간) 설정 오류로 고객 36명의 통화 상대방 전화번호, 통화 시각, 통화내용 요약 등의 정보가 다른 이용자 101명에게 일시적으로 노출됐다고 밝혔다.개보위에 신고는 이날 오전 9시경 완료했다.개인정보 유출이 발생할 수 있었던 시간은 지난 2일 오후 8시부터 3일 오전 10시 59분까지다. 이 시간 동안 익시오를 새로 설치하거나 재설치한 이용자 101명에게 타인의 통화정보가 노출됐으며, 개인별로는 1명에서 6명의 다른 이용자에게 노출된 것으로 파악됐다.다만 주민등록번호, 여권번호 등 고유식별정보와 금융정보는 유출되지 않은 것으로 확인됐다.LG유플러스는 3일 오전 10시경 문제를 인지한 즉시 원인 파악과 복구 작업에 착수해 노출된 통화정보가 더 이상 보이지 않도록 조치를 완료했다. 이후 해당 고객 전원에게 전화로 안내했으며, 연락이 어려운 고객에게는 문자 등으로 사실을 통보했다.LG유플러스 관계자는 “고객 여러분께 불편과 심려를 끼쳐 죄송하다”며 “이번 사안은 해킹과 관련이 없으며, 이후 관계기관 조사에도 적극 협조하겠다”고 말했다．"
https://n.news.naver.com/mnews/article/001/0015782254?sid=105,2025-12-06 16:12:55,IT/과학,"LGU+, 익시오 고객 36명 통화정보 유출…개보위 신고","LG유플러스[연합뉴스 자료사진](서울=연합뉴스) 박형빈 기자 = LG유플러스는 인공지능(AI) 통화 앱 '익시오'의 통화정보 일부가 유출돼 개인정보보호위원회에 자진 신고했다고 6일 밝혔다.LG유플러스는 이날 ""최근 익시오 서비스 운영 개선 작업 과정에서 캐시 설정 오류로 고객 36명의 일부 통화 상대방 전화번호, 통화 시각, 통화내용 요약 등 정보가 다른 이용자 101명에게 일시적으로 노출되는 현상이 발생했다""며 ""6일 오전 9시께 개인정보보호위원회에 신고를 완료했다""고 밝혔다.유출 추정 시간은 지난 2일 오후 8시부터 3일 오전 10시 59분 사이로, 이 시간 동안 익시오를 새로 설치하거나 재설치한 이용자 101명에게 노출됐고 개인별로는 1∼6명의 다른 이용자에게 노출됐다고 설명했다.주민등록번호, 여권번호 등 고유 식별정보와 금융정보는 유출되지 않았다고 LG유플러스는 밝혔다.LG유플러스는 3일 오전 10시께 문제를 인지한 즉시 원인 파악과 복구 작업에 착수해 노출된 통화 정보가 더 이상 보이지 않도록 조치를 완료했다고 밝혔다.이후 해당 고객 전원에게 전화로 안내를 진행하고 연락이 어려운 고객에게는 문자 등을 통해 사실을 알렸다고 덧붙였다.LG유플러스 관계자는 ""고객 여러분께 불편과 심려를 끼쳐 죄송하다""며 ""이번 사안은 해킹과 관련이 없으며, 이후 관계기관 조사에도 적극 협조하겠다""고 밝혔다.binzz@yna.co.kr"
https://n.news.naver.com/mnews/article/374/0000479120?sid=101,2025-12-06 16:14:11,경제,"LGU+, 익시오 고객 36명 통화정보 유출…개보위 신고","LG유플러스가 인공지능(AI) 통화 앱 '익시오'의 통화 정보 일부가 유출돼 개인정보보호위원회에 자진 신고했다고 오늘(6일) 밝혔습니다.LG유플러스는 오늘 ""최근 익시오 서비스 운영 개선 작업 과정에서 캐시 설정 오류로 고객 36명의 일부 통화 상대방 전화번호, 통화 시각, 통화 내용 요약 등 정보가 다른 이용자 101명에게 일시적으로 노출되는 현상이 발생했다""며 ""6일 오전 9시쯤 개인정보보호위원회에 신고를 완료했다""고 밝혔습니다.유출 추정 시간은 지난 2일 오후 8시부터 3일 오전 10시 59분 사이로, 이 시간 동안 익시오를 새로 설치하거나 재설치한 이용자 101명에게 노출됐고 개인별로는 1∼6명의 다른 이용자에게 노출됐다고 설명했습니다.주민등록번호, 여권번호 등 고유 식별정보와 금융적 보는 유출되지 않았다고 LG유플러스는 밝혔습니다.LG유플러스는 3일 오전 10시쯤 문제를 인지한 즉시 원인 파악과 복구 작업에 착수해 노출된 통화 정보가 더 이상 보이지 않도록 조치를 완료했다고 밝혔습니다.이후 해당 고객 전원에게 전화로 안내를 진행하고 연락이 어려운 고객에게는 문자 등을 통해 사실을 알렸다고 설명했습니다.LG유플러스 관계자는 ""고객 여러분께 불편과 심려를 끼쳐 죄송하다""며 ""이번 사안은 해킹과 관련이 없으며, 이후 관계 기관 조사에도 적극 협조하겠다""고 말했습니다.당신의 제보가 뉴스로 만들어집니다.SBS Biz는 여러분의 제보를 기다리고 있습니다.홈페이지 = https://url.kr/9pghjn"
https://n.news.naver.com/mnews/article/277/0005689873?sid=105,2025-12-06 16:14:13,IT/과학,"[속보] LGU+, 익시오 고객 36명 통화정보 유출…개보위 신고",LG유플러스는 최근 익시오 서비스의 운영 개선 작업 과정에서 임시저장공간(캐시) 설정 오류로 고객 36명의 개인정보가 노출됐다고 6일 밝혔다.노출된 정보는 ▲통화 상대방 전화번호 ▲통화 시각 ▲통화내용 요약 등으로 다른 이용자 101명에게 일시적으로 노출되는 현상이 발생했다.
https://n.news.naver.com/mnews/article/008/0005288231?sid=105,2025-12-06 16:14:46,IT/과학,"LGU+ 익시오 통화정보 유출…고객 36명 정보, 101명에 노출","주민·여권번호 등은 포함 안 돼LG유플러스 용산사옥. /사진=LG유플러스LG유플러스가 개인정보보호위원회에 익시오 통화정보 유출 사실을 자진 신고했다고 6일 밝혔다.LG유플러스는 최근 익시오 서비스의 운영 개선 작업 과정에서 캐시(임시저장공간) 설정 오류로 고객 36명의 일부 △통화 상대방 전화번호 △통화 시각 △통화내용 요약 등 정보가 다른 이용자 101명에게 일시적으로 노출되는 현상이 발생했다. 이에 LG유플러스는 이날 오전 9시경 개보위에 신고를 완료했다.개인정보가 유출될 수 있었던 시간은 지난 2일 오후 8시부터 3일 오전 10시 59분 사이로, 이 시간 익시오를 새로 설치하거나 재설치한 이용자(101명)에게 노출됐으며, 개인별로는 1명에서 6명의 다른 이용자에게 노출됐다.이번에 유출된 정보에는 주민등록번호, 여권번호 등 고유식별정보와 금융정보는 포함되지 않은 것으로 확인됐다.LG유플러스는 3일 오전 10시경 문제를 인지한 즉시 원인 파악과 복구 작업에 착수해, 노출된 통화 정보가 더 이상 보이지 않도록 조치를 완료했다. 이후 해당 고객 전원에게 전화로 안내했으며, 연락이 어려운 고객에게는 문자 등을 통해 사실을 알렸다.LG유플러스 관계자는 ""고객 여러분께 불편과 심려를 끼쳐 죄송하다""며 ""이번 사안은 해킹과 관련이 없으며, 이후 관계기관 조사에도 적극 협조하겠다""고 말했다."
https://n.news.naver.com/mnews/article/448/0000575360?sid=101,2025-12-06 16:14:55,경제,"LGU+, 고객 36명 통화 정보 유출…개보위 자진 신고","/LG유플러스 제공LG유플러스 인공지능(AI) 통화앱 '익시오' 고객의 통화정보가 다른 고객에게 유출되는 사고가 발생했다. 노출된 정보는 전화번호, 통화시각, 통화내용 요약 등이다.LG유플러스는 6일 오전 개인정보보호위원회에 익시오 통화정보 유출 사실을 자진 신고했다.회사 측에 따르면 최근 익시오 서비스의 운영 개선 작업 과정에서 캐시(임시 저장 공간) 설정 오류로 고객 36명의 일부 통화 상대방 전화번호, 통화 시각, 통화내용 요약 등 정보가 다른 이용자 101명에게 일시적으로 노출되는 현상이 발생했다.개인정보가 유출될 수 있었던 시간은 12월 2일 20시부터 12월 3일 10시 59분 사이다. 이 시간 동안 익시오를 새로 설치하거나 재설치한 이용자(101명)에게 노출됐으며, 개인별로는 1명에서 6명의 다른 이용자에게 노출됐다.이번에 유출된 정보에는 주민등록번호, 여권번호 등 고유식별정보와 금융정보는 포함되지 않은 것으로 확인됐다.LG유플러스는 지난 3일 오전 10시쯤 문제를 인지한 즉시 원인 파악과 복구 작업에 착수해, 노출된 통화 정보가 더 이상 보이지 않도록 조치를 완료했다. 이후 해당 고객 전원에게 전화로 안내를 진행했으며, 연락이 어려운 고객에게는 문자 등을 통해 사실을 알렸다.LG유플러스 관계자는 “고객 여러분께 불편과 심려를 끼쳐 죄송하다.”며 “이번 사안은 해킹과 관련이 없으며, 이후 관계기관 조사에도 적극 협조하겠다”고 밝혔다."
https://n.news.naver.com/mnews/article/031/0000987070?sid=105,2025-12-06 16:16:07,IT/과학,"LGU+, 익시오 고객 36명 통화정보 유출 개보위에 자진신고","현재 모든 조치 완료…피해 고객 전체에게 개별 안내LG유플러스가 개인정보보호위원회에 익시오 사용 고객 36명의 통화 정보 유출 사실을 자진 신고했다.LGU+ 로고. [사진=LGU+]LG유플러스는 최근 익시오 서비스의 운영 개선 작업 과정에서 캐시(임시 저장 공간) 설정 오류로 고객 36명의 일부 △통화 상대방 전화번호 △통화 시각 △통화내용 요약 등 정보가 다른 이용자 101명에게 일시적으로 노출되는 현상이 발생했으며, 이에 6일 오전 9시경 개인정보보호위원회에 신고를 완료했다고 밝혔다.개인정보가 유출될 수 있었던 시간은 12월 2일 20시부터 12월 3일 10시 59분 사이다. 이 시간 동안 익시오를 새로 설치하거나 재설치한 이용자(101명)에게 노출됐으며, 개인별로는 1명에서 6명의 다른 이용자에게 노출됐다.이번에 유출된 정보에는 주민등록번호, 여권번호 등 고유식별정보와 금융정보는 포함되지 않은 것으로 확인됐다.LG유플러스는 3일 오전 10시경 문제를 인지한 즉시 원인 파악과 복구 작업에 착수해, 노출된 통화 정보가 더 이상 보이지 않도록 조치를 완료했다. 이후 해당 고객 전원에게 전화로 안내를 진행했으며, 연락이 어려운 고객에게는 문자 등을 통해 사실을 알렸다.LG유플러스 관계자는 ""고객 여러분께 불편과 심려를 끼쳐 죄송하다""며 ""이번 사안은 해킹과 관련이 없으며, 이후 관계기관 조사에도 적극 협조하겠다""고 말했다."
https://n.news.naver.com/mnews/article/020/0003679827?sid=105,2025-12-06 16:16:12,IT/과학,"[속보]LGU+, 익시오 고객 36명 통화정보 유출…개보위 신고","LG유플러스 용산사옥 2020.08.24 뉴스1[속보]LGU+, 익시오 고객 36명 통화정보 유출…개보위 신고"
https://n.news.naver.com/mnews/article/422/0000809338?sid=105,2025-12-06 16:16:14,IT/과학,"LGU+, 익시오 고객 36명 통화정보 유출…개보위 자진 신고","LG유플러스 [연합뉴스 제공]LG유플러스가 익시오(XiO) 서비스 운영 과정에서 통화 정보가 노출된 사실을 확인하고 개인정보보호위원회에 자진 신고했습니다.LG유플러스는 오늘(6일) “최근 익시오 서비스의 운영 개선 작업 과정에서 캐시(임시 저장 공간) 설정 오류로 고객 36명의 일부 통화 상대방 전화번호, 통화 시각, 통화 내용 요약 등 정보가 다른 이용자 101명에게 일시적으로 노출되는 현상이 발생했다”며 “오전 9시쯤 개인정보보호위원회에 신고를 완료했다”고 밝혔습니다.유출이 발생한 시간은 지난 2일 오후 8시부터 3일 오전 10시 59분 사이로, 익시오를 새로 설치하거나 재설치한 이용자에게 정보가 노출된 것으로 파악됐습니다.LG유플러스는 문제 발견 직후 복구 조치를 완료했고, 해당 고객에게 전화 및 문자로 안내했다고 설명했습니다.또 “이번 사안은 해킹과 관련이 없다""며 ""관계기관 조사에도 적극 협조하겠다”고 덧붙였습니다.#LG유플러스 #통화정보 #익시오 #유출 #개보위연합뉴스TV 기사문의 및 제보 : 카톡/라인 jebo23"
https://n.news.naver.com/mnews/article/417/0001117723?sid=102,2025-12-06 16:17:02,사회,"[속보] LG U+, '익시오' 고객 36명 통화정보 유출… 개보위 자진신고","[속보] LG U+, '익시오' 고객 36명 통화정보 유출… 개보위 자진신고"
https://n.news.naver.com/mnews/article/005/0001818809?sid=101,2025-12-06 16:17:08,경제,"LGU+, 익시오 고객 36명 통화정보 유출…개보위 신고","LG유플러스 용산 사옥. 뉴시스LG유플러스의 인공지능(AI) 통화 앱 ‘익시오’의 통화정보가 일부 유출됐다.LG유플러스는 6일 익시오의 통화정보 유출 사실을 이날 오전 9시쯤 개인정보보호위원회에 자진 신고했다고 밝혔다.LG유플러스에 따르면 최근 익시오 서비스 운영 개선 작업 과정에서 캐시 설정 오류가 발생해 고객 36명의 통화 상대방 전화번호, 통화 시각, 통화내용 요약 등의 정보가 다른 이용자 101명에게 일시적으로 노출됐다. 유출 추정 시간은 지난 2일 오후 8시부터 3일 오전 10시59분 사이다. 이 시간동안 익시오를 새로 설치하거나 재설치한 이용자 101명에게 노출됐다. 개인별로는 1~6명의 다른 이용자에게 정보가 노출됐다.다만 주민등록번호, 여권번호 등 고유 식별정보와 금융정보는 유출되지 않았다고 LG유플러스는 밝혔다.LG유플러스는 지난 3일 오전 10시쯤 문제를 인지하고 즉시 원인 파악과 복구 작업에 착수해 노출된 통화 정보가 더 이상 보이지 않도록 조치를 마쳤다. 이후 정보 유출이 발생한 고객 전원에게 전화로 안내를 진행하고 연락이 어려운 고객에게는 문자 등을 통해 유출 사실을 알렸다.LG유플러스 관계자는 “고객 여러분께 불편과 심려를 끼쳐 죄송하다”며 “이번 사안은 해킹과 관련이 없으며 이후 관계기관 조사에도 적극 협조하겠다”고 밝혔다."
https://n.news.naver.com/mnews/article/088/0000985381?sid=101,2025-12-06 16:19:09,경제,"LGU+, 익시오 고객 36명 통화정보 유출…개보위 신고","LG U+. 자료사진 연합뉴스LG유플러스는 인공지능(AI) 통화 앱 '익시오(ixiO)'에서 일부 통화 정보가 유출된 사실을 확인하고, 6일 개인정보보호위원회에 자진 신고했다고 밝혔다.LG유플러스에 따르면, 이번 유출은 서비스 운영 개선 작업 중 발생한 캐시 설정 오류로 인해 발생했다. 이로 인해 고객 36명의 통화 상대방 전화번호, 통화 시각, 통화내용 요약 등 일부 정보가 다른 익시오 이용자 101명에게 일시적으로 노출됐다. LG유플러스는 ""6일 오전 9시쯤 개인정보보호위원회에 신고를 완료했다""고 밝혔다.유출은 이달 2일 오후 8시부터 3일 오전 10시 59분 사이 발생한 것으로 추정된다. 이 시간 동안 익시오를 새로 설치하거나 재설치한 사용자에게 해당 정보가 노출됐으며, 개인별로는 1∼6명의 다른 이용자에게 노출됐다고 설명했다.다만 주민등록번호, 여권번호 등 고유식별정보나 금융 정보는 포함되지 않았다고 회사 측은 전했다.LG유플러스는 문제를 인지한 3일 오전 10시경부터 즉시 원인 분석 및 복구 작업에 착수해, 이후 노출된 정보가 더 이상 표시되지 않도록 조치를 완료했다고 밝혔다. 또 관련 고객에게는 전화 안내를 진행했으며, 연락이 어려운 경우 문자 등으로 사실을 고지했다고 설명했다.LG유플러스 관계자는 ""고객 여러분께 불편과 심려를 끼쳐 죄송하다""며 ""이번 사안은 해킹과 관련이 없으며, 이후 관계기관 조사에도 적극 협조하겠다""고 전했다."
https://n.news.naver.com/mnews/article/449/0000328719?sid=101,2025-12-06 16:19:19,경제,"LGU+, 고객 36명 통화정보 유출 발생","LG유플러스가 AI 통화비서 서비스 '익시오'의 운영 개선 작업 과정에서 발생한 고객 통화정보 유출 사실을 개인정보보호위원회에 자진 신고했습니다.LG유플러스는 6일 캐시(임시 저장 공간) 설정 오류로 고객 36명의 통화 상대방 전화번호, 통화 시각, 통화내용 요약 등의 정보가 다른 이용자 101명에게 일시적으로 노출됐다고 밝혔습니다.개인정보 유출이 발생할 수 있었던 시간은 지난 2일 오후 8시부터 3일 오전 10시 59분까지입니다.이 시간 동안 익시오를 새로 설치하거나 재설치한 이용자 101명에게 타인의 통화정보가 노출됐으며, 개인별로는 1명에서 6명의 다른 이용자에게 노출된 것으로 파악됐습니다.다만 주민등록번호, 여권번호 등 고유식별정보와 금융정보는 유출되지 않은 것으로 확인됐습니다."
https://n.news.naver.com/mnews/article/421/0008646617?sid=105,2025-12-06 16:19:39,IT/과학,LGU+ 익시오 고객 36명 통화정보 유출…개보위에 자진신고,"통화 상대방 전화번호 등 다른 이용자 101명에 일시 유출LGU+ ""주민 번호·금융 정보 등 포함 안 돼…해킹과는 무관""LG유플러스 용산사옥 2020.08.24/뉴스1(서울=뉴스1) 김민수 기자 = LG유플러스(032640)가 '익시오' 이용 고객 36명의 통화정보가 유출된 사실을 개인정보보호위원회(개보위)에 자진 신고했다.LG유플러스는 ""최근 익시오 서비스의 운영 개선 작업 과정에서 캐시(임시 저장 공간) 설정 오류로 고객 36명의 일부 △통화 상대방 전화번호 △통화 시각 △통화 내용 요약 등 정보가 다른 이용자 101명에게 일시적으로 유출되는 현상이 발생했다""며 ""6일 오전 9시쯤 개보위에 신고를 완료했다""고 6일 밝혔다.유출 시간은 12월 2일 오후 8시부터 3일 오전 10시 59분 사이로, 이 기간 익시오를 새로 설치하거나 재설치한 이용자 101명에게 정보가 보였다. 개인별로는 1~6명의 다른 이용자 정보가 유출된 것으로 파악됐다.LG유플러스는 ""이번에 유출된 정보에는 주민등록번호, 여권번호 등 고유 식별 정보와 금융정보는 포함되지 않았다""며 ""3일 오전 10시쯤 문제를 인지한 즉시 복구 작업을 진행해 유출된 통화 정보가 더 이상 확인되지 않도록 조치했으며, 피해 고객 전원에게 전화 또는 문자로 개별 안내를 완료했다""고 설명했다.LG유플러스는 ""고객 여러분께 불편과 심려를 끼쳐 죄송하다""며 ""이번 사안은 해킹과 관련이 없으며, 이후 관계기관 조사에도 적극 협조하겠다""고 했다."
https://n.news.naver.com/mnews/article/029/0002997785?sid=105,2025-12-06 16:19:43,IT/과학,"LGU+, 익시오 고객 36명 통화정보 유출…개보위 신고","이재원 LG유플러스 컨슈머부문장(부사장)이 지난달 13일 서울 광화문에서 열린 기자간담회에서 ‘익시오 인공지능(AI) 비서’를 소개하고 있다. [LG유플러스]LG유플러스는 인공지능(AI) 통화 앱 ‘익시오’의 통화정보 일부가 유출돼 개인정보보호위원회에 자진 신고했다고 6일 밝혔다.LG유플러스는 이날 “최근 익시오 서비스 운영 개선 작업 과정에서 캐시 설정 오류로 고객 36명의 일부 통화 상대방 전화번호, 통화 시각, 통화내용 요약 등의 정보가 다른 이용자 101명에게 일시적으로 노출되는 현상이 발생했다”며 “6일 오전 9시쯤 개보위에 신고를 완료했다”고 밝혔다.유출 추정 시간은 지난 2일 오후 8시부터 3일 오전10시59분 사이로, 이 시간 동안 익시오를 새로 설치하거나 재설치한 이용자 101명에게 노출됐고 개인별로는 1∼6명의 다른 이용자에게 노출됐다고 설명했다.주민등록번호, 여권번호 등 고유 식별정보와 금융정보는 유출되지 않았다고 LG유플러스는 밝혔다.LG유플러스는 3일 오전 10시쯤 문제를 인지한 즉시 원인 파악과 복구 작업에 착수해 노출된 통화 정보가 더 이상 보이지 않도록 조치를 완료했다고 말했다.이후 해당 고객 전원에게 전화로 안내를 진행하고 연락이 어려운 고객에게는 문자 등을 통해 사실을 알렸다고 덧붙였다.LG유플러스 관계자는 “고객 여러분께 불편과 심려를 끼쳐 죄송하다”며 “이번 사안은 해킹과 관련이 없으며, 이후 관계기관 조사에도 적극 협조하겠다”고 밝혔다."
https://n.news.naver.com/mnews/article/243/0000089214?sid=101,2025-12-06 16:20:15,경제,"[속보] LGU+, 고객 36명 통화 정보 유출…개보위 자진 신고",이코노미스트[속보]
https://n.news.naver.com/mnews/article/119/0003033894?sid=105,2025-12-06 16:22:09,IT/과학,"[속보] LGU+ ""익시오 고객 36명 통화정보 유출…개보위 신고""","ⓒ 데일리안LG유플러스는 6일 “최근 익시오 서비스의 운영 개선 작업 과정에서 캐시(임시 저장 공간) 설정 오류로 고객 36명의 일부 통화 상대방 전화번호, 통화 시각, 통화 내용 요약 등 정보가 다른 이용자 101명에게 일시적으로 노출되는 현상이 발생했다”며 “6일 오전 9시쯤 개인정보보호위원회에 신고를 완료했다”고 밝혔다."
https://n.news.naver.com/mnews/article/417/0001117724?sid=105,2025-12-06 16:23:54,IT/과학,"또 개인정보 샜다… LGU+ ""익시오 고객 36명 통화 유출… 개보위 신고""","(상보)LG유플러스가 개인정보보호위원회에 익시오 사용 고객 36명의 통화 정보 유출 사실을 자진 신고했다. 사진은 서울 LG유플러스 용산 사옥. /사진=뉴스1LG유플러스는 인공지능(AI) 통화 앱 '익시오'의 통화정보 일부가 유출돼 개인정보보호위원회에 자진 신고했다.LG유플러스는 6일 ""캐시(임시 저장 공간) 설정 오류로 고객 36명의 통화 상대방 전화번호, 통화 시각, 통화내용 요약 등의 정보가 다른 이용자 101명에게 일시적으로 노출됐다""면서 ""6일 오전 9시 개인정보보호위원회에 신고를 완료했다""고 밝혔다.유출 추정 시간은 지난 2일 저녁 8시부터 3일 오전 10시59분 사이로, 이 시간 동안 익시오를 새로 설치하거나 재설치한 이용자 101명에게 노출됐고 개인별로는 1∼6명의 다른 이용자에게 노출된 것으로 파악됐다. 다만 주민등록번호, 여권번호 등 고유식별정보와 금융정보는 유출되지 않은 것으로 확인됐다.LG유플러스는 3일 오전 10시쯤 문제를 인지한 즉시 원인 파악과 복구 작업에 착수해, 노출된 통화 정보가 더 이상 보이지 않도록 조치를 완료했다. 이후 해당 고객 전원에게 전화로 안내를 진행했으며, 연락이 어려운 고객에게는 문자 등을 통해 사실을 알렸다.LG유플러스는 ""고객 여러분께 불편과 심려를 끼쳐 죄송하다""며 ""이번 사안은 해킹과 관련이 없으며, 이후 관계기관 조사에도 적극 협조하겠다""고 했다."
https://n.news.naver.com/mnews/article/138/0002211735?sid=105,2025-12-06 16:24:08,IT/과학,"LGU+ 익시오, 36명 이용자 통화정보 유출…“캐시 설정 오류”","[디지털데일리 오병훈기자] LG유플러스 인공지능(AI) 에이전트 ‘익시오(ixi-O)’ 통화정보가 유출되는 사고가 발생했다.LG유플러스는 6일 개인정보보호위원회에 익시오 통화정보 유출 사실을 자진 신고했다고 밝혔다.LG유플러스는 최근 익시오 서비스 운영 개선 작업 과정에서 캐시(임시 저장 공간) 설정 오류로 이용자 36명의 통화 상대방 전화번호 및 통화 시각, 통화내용 요약 등 정보가 다른 이용자 101명에게 일시적으로 노출되는 현상이 발생했다.이에 이날 오전 9시경 개인정보보호위원회에 신고를 완료했다. 개인정보가 유출될 수 있었던 시간은 지난 12월2일 20시부터 12월3일 10시59분 사이로 이 시간 익시오를 새로 설치하거나 재설치한 이용자(101명)에게 노출됐다. 유출된 가입자 개인별로는 1~6명 타 이용자에게 노출됐다.이번에 유출된 정보에는 주민등록번호, 여권번호 등 고유식별정보와 금융정보는 포함되지 않은 것으로 확인됐다는 것이 LG유플러스 측 설명이다.LG유플러스는 3일 오전 10시경 문제를 인지한 즉시 원인 파악과 복구 작업에 착수해 노출된 통화 정보가 더 이상 보이지 않도록 조치를 완료했다. 이후 해당 가입자 전원에게 전화로 안내를 진행했으며 연락이 어려운 가입자에게는 문자 등을 통해 사실을 알렸다.LG유플러스 관계자는 “가입자에게 불편과 심려를 끼쳐 죄송하다”며 “이번 사안은 해킹과 관련이 없으며 이후 관계기관 조사에도 적극 협조하겠다”고 밝혔다."
https://n.news.naver.com/mnews/article/081/0003598629?sid=102,2025-12-06 16:25:10,사회,"LGU+, 익시오 고객 36명 통화정보 유출…개보위 자진 신고","해킹 정황 신고한 LG유플러스 - 서울 용산구 LG유플러스 용산 사옥의 모습. 2025.10.23 연합뉴스LG유플러스가 인공지능(AI) 통화 앱 ‘익시오’의 통화정보 일부가 유출돼 개인정보보호위원회에 자진 신고한 것으로 전해졌다.LG유플러스는 6일 “최근 익시오 서비스 운영 개선 작업 과정에서 캐시 설정 오류로 고객 36명의 일부 통화 상대방 전화번호, 통화 시각, 통화내용 요약 등 정보가 다른 이용자 101명에게 일시적으로 노출되는 현상이 발생했다”며 “6일 오전 9시쯤 개인정보보호위원회에 신고를 완료했다”고 밝혔다.유출 추정 시간은 지난 2일 오후 8시부터 3일 오전 10시 59분 사이로, 이 시간 동안 익시오를 새로 설치하거나 재설치한 이용자 101명에게 노출됐고 개인별로는 1~6명의 다른 이용자에게 노출됐다고 설명했다.LG유플러스에 따르면 주민등록번호, 여권번호 등 고유 식별정보와 금융정보는 유출되지 않았다.LG유플러스는 3일 오전 10시쯤 문제를 인지한 즉시 원인 파악과 복구 작업에 착수해 노출된 통화 정보가 더 이상 보이지 않도록 조치를 완료했다고 밝혔다. 이후 해당 고객 전원에게 전화로 안내를 진행하고 연락이 어려운 고객에게는 문자 등을 통해 사실을 알렸다고 덧붙였다.LG유플러스 관계자는 “고객 여러분께 불편과 심려를 끼쳐 죄송하다”며 “이번 사안은 해킹과 관련이 없으며, 이후 관계기관 조사에도 적극 협조하겠다”고 연합뉴스에 전했다."
https://n.news.naver.com/mnews/article/020/0003679828?sid=105,2025-12-06 16:26:12,IT/과학,"이번엔 LGU+, 36명 통화 상대방-내용 유출… 시민들 불안","LG유플러스 용산 사옥. 뉴스1LG유플러스가 인공지능(AI) 통화비서 서비스 ‘익시오’의 통화정보 일부가 유출됐다며 개인정보보호위원회(개보위)에 자진 신고했다. 쿠팡, SKT에 이어 개인정보 유출 사건이 계속 이어지면서 시민들의 불안이 커지고 있다는 지적이 나온다.6일 LG유플러스는 익시오 서비스의 운영 개선 작업 과정에서 캐시(임시 저장 공간) 설정 오류로 고객 36명의 통화 상대방 전화번호, 통화 시각, 통화내용 요약 등의 정보가 다른 이용자 101명에게 일시적으로 노출됐다고 밝혔다. 이에 따른 개보위 신고는 이날 오전 9시경 완료했다.유출 추정 시간은 지난 2일 오후 8시부터 3일 오전 10시 59분까지다. 이 시간 동안 익시오를 새로 설치하거나 재설치한 이용자 101명에게 타인의 통화정보가 노출됐으며, 개인별로는 1~6명의 다른 이용자에게 노출된 것으로 파악됐다.주민등록번호, 여권번호 등 고유식별정보와 금융정보는 유출되지 않았다고 LG유플러스는 밝혔다.LG유플러스는 3일 오전 10시경 문제를 인지한 즉시 원인 파악과 복구 작업에 착수해 노출된 통화정보가 더 이상 보이지 않도록 조치를 완료했다. 이후 해당 고객 전원에게 전화로 안내를 진행했고, 연락이 어려운 고객에게는 문자 등으로 상황을 알렸다.LG유플러스 관계자는 “고객 여러분께 불편과 심려를 끼쳐 죄송하다”며 “이번 사안은 해킹과 관련이 없으며, 이후 관계기관 조사에도 적극 협조하겠다”고 말했다."
https://n.news.naver.com/mnews/article/215/0001233641?sid=101,2025-12-06 16:31:35,경제,"LGU+, 36명 고객 AI 통화앱 정보 유출...""자진 신고""","6일 LG유플러스의 인공지능(AI) 통화 앱 '익시오'의 통화정보 일부가 유출돼 개인정보보호위원회에 자진 신고했다고 밝혔다.LG유플러스는 ""최근 익시오 서비스 운영 개선 작업 과정에서 캐시 설정 오류로 고객 36명의 일부 통화 상대방 전화번호, 통화 시각, 통화내용 요약 등 정보가 다른 이용자 101명에게 일시적으로 노출되는 현상이 발생했다""며 ""6일 오전 9시께 개인정보보호위원회에 신고를 완료했다""고 밝혔다.지난 2일 오후 8시부터 3일 오전 10시 59분 사이에 유출된 것으로 추정된다. 이 시간 동안 익시오를 새로 설치하거나 재설치한 이용자 101명에게 해당 정보가 노출됐고 개인별로는 1∼6명의 다른 이용자에게 노출됐다고 설명했다.다만 주민등록번호, 여권번호 등 고유 식별정보와 금융정보는 유출되지 않았다고 LG유플러스가 밝혔다.LG유플러스는 3일 오전 10시께 문제를 인지하고 즉시 원인 파악과 복구 작업에 착수해 통화 정보가 더 이상은 보이지 않도록 조치했다고 밝혔다.이후 피해 고객 전원에게 전화로 안내하고 연락이 닿지 않은 고객에게는 문자 등을 통해 사실을 알렸다고 덧붙였다.LG유플러스 관계자는 ""고객 여러분께 불편과 심려를 끼쳐 죄송하다""며 ""이번 사안은 해킹과 관련이 없으며, 이후 관계기관 조사에도 적극 협조하겠다""고 밝혔다.(사진=연합뉴스)"
https://n.news.naver.com/mnews/article/660/0000098496?sid=102,2025-12-06 16:32:16,사회,LGU+도 '익시오 고객' 36명 통화 정보 유출…개보위 신고,"▲ LG유플러스 [연합뉴스]LG유플러스는 인공지능(AI) 통화 앱 '익시오'의 통화정보 일부가 유출돼 개인정보보호위원회에 자진 신고했다고 6일 밝혔습니다.LG유플러스는 이날 ""최근 익시오 서비스 운영 개선 작업 과정에서 캐시 설정 오류로 고객 36명의 일부 통화 상대방 전화번호, 통화 시각, 통화내용 요약 등 정보가 다른 이용자 101명에게 일시적으로 노출되는 현상이 발생했다""며 ""6일 오전 9시쯤 개인정보보호위원회에 신고를 완료했다""고 밝혔습니다.유출 추정 시간은 지난 2일 오후 8시부터 3일 오전 10시 59분 사이로, 이 시간 동안 익시오를 새로 설치하거나 재설치한 이용자 101명에게 노출됐고 개인별로는 1∼6명의 다른 이용자에게 노출됐다고 설명했습니다.주민등록번호, 여권번호 등 고유 식별정보와 금융정보는 유출되지 않았다고 LG유플러스는 설명했습니다.LG유플러스는 지난 3일 오전 10시께 문제를 인지한 즉시 원인 파악과 복구 작업에 착수해 노출된 통화 정보가 더 이상 보이지 않도록 조치를 완료했다고 말했습니다.이후 해당 고객 전원에게 전화로 안내를 진행하고 연락이 어려운 고객에게는 문자 등을 통해 사실을 알렸다고 덧붙였습니다.LG유플러스 관계자는 ""고객 여러분께 불편과 심려를 끼쳐 죄송하다""며 ""이번 사안은 해킹과 관련이 없으며, 이후 관계기관 조사에도 적극 협조하겠다""고 밝혔습니다.#LG유플러스 #고객 #통화정보 #유출"
https://n.news.naver.com/mnews/article/654/0000155247?sid=101,2025-12-06 16:42:11,경제,[속보] LGU+ AI 통화 앱 '익시오'서 정보 유출…개보위에 자진 신고,"▲ LG유플러스 [연합뉴스 자료사진]LG유플러스가 인공지능(AI) 통화 앱 '익시오'에서 발생한 통화 정보 일부 유출 사실을 인정하고 6일 개인정보보호위원회에 자진 신고했다.LG유플러스에 따르면 최근 서비스 운영 개선 작업 과정에서 캐시 설정 오류가 발생해 고객 36명의 통화 상대방 전화번호, 통화 시각, 통화 내용 요약 등이 다른 이용자 101명에게 일시적으로 노출됐다.유출은 지난 2일 오후 8시부터 3일 오전 10시59분 사이에 익시오 앱을 새로 설치하거나 재설치한 이용자에게서 확인됐으며 개인별로 1명에서 최대 6명의 정보가 노출된 것으로 파악됐다.주민등록번호·여권번호 등 고유식별정보와 금융정보는 유출되지 않았다고 LG유플러스는 설명했다.LG유플러스는 3일 오전 10시 문제를 인지한 즉시 원인 분석과 복구 작업에 착수해 노출된 정보가 더 이상 보이지 않도록 조치를 마쳤으며 이후 관련 고객에게 전화와 문자 등을 통해 사실을 안내했다.LG유플러스 관계자는 ""고객 여러분께 불편과 심려를 끼쳐 죄송하다""며 ""이번 사안은 해킹과 무관하며 관계기관 조사에도 적극 협조하겠다""고 밝혔다."
https://n.news.naver.com/mnews/article/082/0001357087?sid=101,2025-12-06 16:45:11,경제,LGU+ “익시오 가입자 36명 통화정보 유출”,"지난 2일 20시부터 3일 오전 10시 59분 사이 유출“유출된 정보에 주민번호, 금융정보는 포함되지 않아”지난달 서울 센트로폴리스에서 열린 LG유플러스 통화 도우미 ‘익시오 AI 비서’ 공개 행사에서 모델들이 익시오 AI 비서를 소개하고 있다. 연합뉴스LG유플러스의 인공지능(AI) 통화 앱 ‘익시오’ 사용자 통화 정보 일부가 지난 2~3일 유출된 것으로 드러났다. LG유플러스는 6일 이 같은 사실을 개인정보보호위원회에 자진 신고했다.LG유플러스는 6일 보도자료를 내고 개인정보위에 익시오 통화정보 유출 사실을 자진 신고했다고 밝혔다. LG유플러스는 익시오 서비스의 운영 개선 작업 과정에서 캐시(임시 저장 공간) 설정 오류로 가입자 36명의 일부 통화 상대방 전화번호, 통화 시각, 통화내용 요약 등 정보가 다른 이용자 101명에게 일시적으로 노출되는 현상이 발생했다고 밝혔다. 이 같은 사실은 6일 오전 9시경 개인정보위에 신고됐다.LG유플러스에 따르면 개인정보가 유출될 수 있었던 시간은 지난 2일 오후 8시부터 3일 오전 10시 59분 사이로, 이 시간 동안 익시오를 새로 설치하거나 재설치한 이용자(101명)에게 정보가 노출됐으며, 개인별로는 1명에서 6명의 다른 이용자에게 노출됐다. LG유플러스는 이번에 유출된 정보에는 주민등록번호, 여권번호 등 고유식별정보와 금융정보는 포함되지 않은 것으로 확인됐다고 밝혔다.LG유플러스는 지난 3일 오전 10시경 문제를 인지한 이후 원인 파악과 복구 작업에 착수해, 노출된 통화 정보가 더 이상 보이지 않도록 조치를 완료했다고 밝혔다. 이후 해당 가입자 전원에게 전화로 안내를 진행했으며, 연락이 어려운 고객에게는 문자 등을 통해 사실을 알렸다고 덧붙였다. LG유플러스 관계자는 “고객 여러분께 불편과 심려를 끼쳐 죄송하다”며 “이번 사안은 해킹과 관련이 없으며, 이후 관계기관 조사에도 적극 협조하겠다”고 밝혔다."
https://n.news.naver.com/mnews/article/293/0000076103?sid=105,2025-12-06 16:48:11,IT/과학,"LGU+, 익시오 통화정보 유출 자진 신고…설정 오류로 36명 정보 노출","LG유플러스 서울 용산 사옥 전경 /사진 제공=LG유플러스LG유플러스가 6일 개인정보보호위원회에 익시오 통화정보 유출 사실을 자진 신고했다. 익시오는 LG유플러스에서 제공하는 인공지능(AI) 기반 통화비서 서비스다.LG유플러스는 최근 익시오 서비스 운영 개선 작업 과정에서 캐시(임시저장공간) 설정 오류가 발생해 고객 36명의 일부 △통화 상대방 전화번호 △통화 시각 △통화내용 요약 등이 다른 이용자 101명에게 일시적으로 노출됐다. 이에 6일 오전 9시경 개인정보보호위원회에 신고를 완료했다고 밝혔다.개인정보가 유출될 수 있었던 시간은 이달 2일 오후 8시부터 3일 10시59분 사이다. 이 기간 동안 익시오를 새로 설치하거나 재설치한 이용자(101명)에게 노출된 것으로 확인됐다. 개인별 노출 규모는 1명에서 최대 6명까지였다.이번에 유출된 정보에는 주민등록번호·여권번호 등 고유식별정보와 금융정보는 포함되지 않은 것으로 확인됐다.LG유플러스는 3일 오전 10시경 문제를 인지한 즉시 원인 파악과 복구 작업에 착수해 노출된 통화 정보가 더 이상 보이지 않도록 조치를 완료했다. 이후 해당 고객 전원에게 전화 안내를 진행했다. 연락이 어려운 고객에게는 문자 등을 통해 사실을 알렸다.LG유플러스 관계자는 ""고객 여러분께 불편과 심려를 끼쳐 죄송하다""며 ""다만 이번 사안은 해킹과 관련이 없으며 이후 관계기관 조사에도 적극 협조하겠다""고 말했다."
https://n.news.naver.com/mnews/article/629/0000450743?sid=105,2025-12-06 16:55:11,IT/과학,"[속보] LGU+, 익시오 고객 36명 통화정보 유출, 개보위 자진신고",LG유플러스가 인공지능(AI) 통화 앱 '익시오'의 통화정보 일부가 유출된 사실을 개인정보보호위원회에 자진 신고했다고 6일 밝혔다. 지난 7월 7일 서울 시내의 한 LG유플러스 매장 /뉴시스[더팩트ㅣ이준영 기자] LG유플러스가 인공지능(AI) 통화 앱 '익시오'의 통화정보 일부가 유출된 사실을 개인정보보호위원회에 자진 신고했다고 6일 밝혔다.발로 뛰는 더팩트는 24시간 여러분의 제보를 기다립니다.▶카카오톡: '더팩트제보' 검색▶이메일: jebo@tf.co.kr▶뉴스 홈페이지: http://talk.tf.co.kr/bbs/report/write
https://n.news.naver.com/mnews/article/092/0002401333?sid=105,2025-12-06 17:06:17,IT/과학,"LGU+, 익시오 이용자 36명 정보 일시 노출","서비스 개선 작업 중 캐시 오류...개인정보위에 자진 신고LG유플러스가 통화앱 ‘익시오’ 서비스 이용자 통화 정보가 외부에 노출된 사실을 확인하고 개인정보보호위원회에 자진 신고했다.6일 LG유플러스에 따르면 최근 익시오 서비스 운영 개선 작업 과정에서 캐시 설정 오류가 발생해 고객 36명의 일부 통화 정보가 다른 이용자 101명에게 일시적으로 노출됐다.노출된 정보에는 통화 상대방 전화번호, 통화 시각, 통화 내용 요약 등이 포함됐다. 주민등록번호와 여권번호 등 고유식별정보나 금융정보는 포함되지 않은 것으로 확인됐다.개인정보가 유출될 수 있었던 기간은 지난 2일 오후 8시부터 3일 오전 10시 59분까지다. 이 시간 동안 익시오 앱을 신규 설치하거나 재설치한 이용자에게 정보가 노출된 것으로 파악됐다. 이용자 개인별로는 최대 6명까지 다른 이용자의 정보가 보였던 것으로 나타났다.LG유플러스는 3일 오전 10시경 문제를 인지한 즉시 원인 분석과 복구 작업에 착수해 노출된 통화 정보가 더 이상 보이지 않도록 조치했다. 이후 해당 고객 전원에게 전화로 안내를 진행했으며, 연락이 닿지 않은 고객에게는 문자 등을 통해 사실을 알렸다.현행 개인정보보호법 시행령은 개인정보처리자가 개인정보 유출 사실을 알게 되면 72시간 이내에 개인정보위에 신고하도록 규정하고 있다. 이에 LG유플러스는 이날 오전 9시경 신고를 완료했다.LG유플러스 관계자는 “고객 여러분께 불편과 심려를 끼쳐 죄송하다”며 “이번 사안은 해킹과 관련이 없으며, 이후 관계기관 조사에도 적극 협조하겠다”고 말했다."
https://n.news.naver.com/mnews/article/655/0000028691?sid=102,2025-12-06 17:06:17,사회,"LGU+, 고객 36명 통화정보 유출 발생…개보위 자진 신고","LG유플러스가 AI 통화비서 서비스 ‘익시오’의 운영 개선 작업 과정에서 발생한 고객 통화정보 유출 사실을 개인정보보호위원회에 자진 신고했습니다.LG유플러스는 6일 캐시(임시 저장 공간) 설정 오류로 고객 36명의 통화 상대방 전화번호, 통화 시각, 통화내용 요약 등의 정보가 다른 이용자 101명에게 일시적으로 노출됐다고 밝혔습니다.개보위에 신고는 이날 오전 9시쯤 완료했습니다.개인정보 유출이 발생할 수 있었던 시간은 지난 2일 오후 8시부터 3일 오전 10시 59분까지입니다.이 시간 동안 익시오를 새로 설치하거나 재설치한 이용자 101명에게 타인의 통화정보가 노출됐으며, 개인별로는 1명에서 6명의 다른 이용자에게 노출된 것으로 파악됐습니다.다만 주민등록번호, 여권번호 등 고유식별정보와 금융정보는 유출되지 않은 것으로 확인됐습니다.LG유플러스는 3일 오전 10시경 문제를 인지한 즉시 원인 파악과 복구 작업에 착수해 노출된 통화정보가 더 이상 보이지 않도록 조치를 완료했습니다. 이후 해당 고객 전원에게 전화로 안내했으며, 연락이 어려운 고객에게는 문자 등으로 사실을 통보했습니다.LG유플러스 관계자는 “고객 여러분께 불편과 심려를 끼쳐 죄송하다”며 “이번 사안은 해킹과 관련이 없으며, 이후 관계기관 조사에도 적극 협조하겠다”고 말했습니다."
https://n.news.naver.com/mnews/article/629/0000450744?sid=105,2025-12-06 17:09:11,IT/과학,"LGU+, AI통화앱 익시오 고객 36명 통화정보 유출…개보위 신고","작업과정서 통화정보 유출피해 고객에 개별 안내LG유플러스가 인공지능(AI) 통화 앱 '익시오'의 통화정보 일부가 유출된 사실을 개인정보보호위원회에 자진 신고했다고 6일 밝혔다. 지난 7월 7일 서울 시내의 한 LG유플러스 매장 /뉴시스[더팩트ㅣ이준영 기자] LG유플러스는 인공지능(AI) 통화 앱 '익시오'의 개선 작업 과정에서 고객 36명의 통화정보 일부가 유출돼 개인정보보호위원회에 자진 신고했다고 6일 밝혔다.이날 LG유플러스는 ""최근 익시오 서비스 운영 개선 작업 과정에서 캐시 설정 오류로 고객 36명의 일부 통화 상대방 전화번호, 통화 시각, 통화내용 요약 등 정보가 다른 이용자 101명에게 일시적으로 노출되는 현상이 발생했다""고 전했다.LG유플러스는 이를 이날 오전 9시께 개인정보보호위원회에 신고 완료했다는 입장이다.개인정보 유출이 발생한 것으로 추정되는 시간은 지난 2일 오후 8시부터 3일 오전 10시 59분 사이다. 이 시간 익시오를 새로 설치하거나 재설치한 이용자 101명에게 노출됐고 개인별로는 1명에서 6명의 다른 이용자에게 노출됐다는 설명이다.다만 LG유플러스는 주민등록번호, 여권번호 등 고유 식별정보와 금융정보는 유출되지 않았다고 언급했다.LG유플러스는 지난 3일 오전 10시경 문제를 인지하자마자 원인 파악과 복구 작업에 착수해 노출된 통화 정보가 더 이상 보이지 않도록 조치를 완료했다고 설명했다.이후 해당 고객 전원에게 전화로 정보 유출 사실을 안내하고 연락이 어려운 고객에게는 문자 등을 통해 사실을 알렸다고 밝혔다.발로 뛰는 더팩트는 24시간 여러분의 제보를 기다립니다.▶카카오톡: '더팩트제보' 검색▶이메일: jebo@tf.co.kr▶뉴스 홈페이지: http://talk.tf.co.kr/bbs/report/write"
https://n.news.naver.com/mnews/article/001/0015782290?sid=105,2025-12-06 17:15:17,IT/과학,"LGU+, 익시오 고객 36명 통화정보 유출…개보위 신고(종합)","AI 서비스 익시오 서버 개선 작업 중 캐시 설정 오류타인 정보 본 고객 신고로 파악…LGU+ ""당국에 자발적 신고""LG유플러스[연합뉴스 자료사진](서울=연합뉴스) 박형빈 조성미 기자 = LG유플러스는 인공지능(AI) 통화 앱 '익시오'의 통화정보 일부가 유출돼 개인정보보호위원회에 자진 신고했다고 6일 밝혔다.LG유플러스는 이날 ""최근 익시오 서비스 운영 개선 작업 과정에서 캐시 설정 오류로 고객 36명의 일부 통화 상대방 전화번호, 통화 시각, 통화내용 요약 등 정보가 다른 이용자 101명에게 일시적으로 노출되는 현상이 발생했다""며 ""6일 오전 9시께 개인정보보호위원회에 신고를 완료했다""고 밝혔다.유출 추정 시간은 지난 2일 오후 8시부터 3일 오전 10시 59분 사이로, 이 시간 동안 익시오를 새로 설치하거나 재설치한 이용자 101명에게 노출됐고 개인별로는 1∼6명의 다른 이용자에게 노출됐다고 설명했다.주민등록번호, 여권번호 등 고유 식별정보와 금융정보는 유출되지 않았다고 LG유플러스는 밝혔다.LG유플러스는 통화기록과 통화요약 파일을 저장하는 익시오 서버의 기능 개선 작업에서 일어난 오류로 정보 노출이 일어났고, 본인의 정보가 아닌 내용을 발견한 이용자가 고객의소리(VOC)를 통해 회사 측에 알려 인지하게 됐다고 부연했다.LG유플러스는 고객 신고 뒤 사고 내용을 파악하고 30여분만에 더 이상의 정보 노출이 일어나지 않도록 조치했다고 설명했다.이후 노출 피해 고객 전원에게 전화로 안내를 진행하고 연락이 어려운 고객에게는 문자 등을 통해 사실을 알렸다.LG유플러스는 또 개인정보 유출을 인지한 지 72시간 내 개인정보보호위에 신고하도록 한 규정을 준수했다고 밝혔다.아울러 유출 피해 대상이 1천명 이상이거나 주민번호 등 민감 정보가 포함되면 해당하는 신고 요건에 부합하지 않는 건이었지만 자발적으로 신고했다고 덧붙였다.LG유플러스 관계자는 ""고객 여러분께 불편과 심려를 끼쳐 죄송하다""며 ""이번 사안은 해킹과 관련이 없으며, 이후 관계기관 조사에도 적극 협조하겠다""고 밝혔다.LG유플러스 해킹 의혹을 조사 중인 민관 합동 조사단도 이번 정보 유출과 해킹 의심 건과의 연관성은 낮은 것으로 보고 있다.binzz@yna.co.kr"
https://n.news.naver.com/mnews/article/640/0000081270?sid=101,2025-12-06 17:17:36,경제,LG U+ reports leak of 36 users' call data over technical error,"LG U+ logos are seen at an LG U+ store. [LG U+]A technical error in LG U+'s server settings leaked the call records of some customers to other users, the company said on Saturday.The issue was not caused by hacking, and no sensitive information, including resident registration numbers and financial data, was leaked, according to LG U+.“During a recent service improvement process for the ixi-O app, a cache setting error caused 36 customers' call data — such as call recipient phone numbers, call times and call summaries — to be temporarily exposed to 101 other users,” LG U+ said, mentioning its AI-based call app.“We reported the incident to the Personal Information Protection Commission at around 9 a.m. on Dec. 6.”The leak is believed to have occurred between 8 p.m. on Dec. 2 and 10:59 a.m. on Dec. 3. Users who installed or reinstalled the app during that time may have seen the call information of one to six other users.The issue was discovered around 10 a.m. on Dec. 3. LG U+ said it immediately began fixing the problem, and the information is no longer visible to others.The company has notified affected customers by phone and text.“We’re sorry for the inconvenience and concern this has caused,” the telecom operator said, adding that it will cooperate with any investigation by authorities.This article was originally written in Korean and translated by a bilingual reporter with the help of generative AI tools. It was then edited by a native English-speaking editor. All AI-assisted translations are reviewed and refined by our newsroom."
https://n.news.naver.com/mnews/article/421/0008646648?sid=105,2025-12-06 17:21:38,IT/과학,"LG 유플러스, AI 통화앱 익시오 고객 36명 통화정보 유출",(서울=뉴스1) 장수영 기자 = 6일 서울의 한 LG U+ 매장의 모습.LG유플러스는 이날 '익시오' 서비스의 운영 개선 작업 과정 중 설정 오류로 이용자 36명의 일부 통화 정보가 다른 사용자 101명에게 유출돼 개인정보보호위원회에 자진신고했다고 밝혔다. 다만 이번 사고는 해킹과는 무관하다고 밝혔다. 2025.12.6/뉴스1
https://n.news.naver.com/mnews/article/421/0008646650?sid=105,2025-12-06 17:21:44,IT/과학,"LG 유플러스, 익시오 서비스 이용자 36명 통화정보 유출",(서울=뉴스1) 장수영 기자 = 6일 서울의 한 LG U+ 매장의 모습.LG유플러스는 이날 '익시오' 서비스의 운영 개선 작업 과정 중 설정 오류로 이용자 36명의 일부 통화 정보가 다른 사용자 101명에게 유출돼 개인정보보호위원회에 자진신고했다고 밝혔다. 다만 이번 사고는 해킹과는 무관하다고 밝혔다. 2025.12.6/뉴스1
https://n.news.naver.com/mnews/article/016/0002568179?sid=101,2025-12-06 17:28:14,경제,"LG유플러스, 익시오 고객 36명 통화정보 유출…개보위 신고","AI 서비스 익시오 서버 개선 작업 중 오류타인 정보 본 고객 신고로 파악LGU+ “당국에 자발적 신고”[연합][헤럴드경제=유동현 기자] LG유플러스는 인공지능(AI) 통화 앱 ‘익시오’의 통화정보 일부가 유출돼 개인정보보호위원회에 자진 신고했다고 6일 밝혔다.LG유플러스는 이날 “최근 익시오 서비스 운영 개선 작업 과정에서 캐시 설정 오류로 고객 36명의 일부 통화 상대방 전화번호, 통화 시각, 통화내용 요약 등 정보가 다른 이용자 101명에게 일시적으로 노출되는 현상이 발생했다”며 “6일 오전 9시께 개인정보보호위원회에 신고를 완료했다”고 밝혔다.유출 추정 시간은 지난 2일 오ㅇ후 8시부터 3일 오전 10시 59분 사이로, 이 시간 동안 익시오를 새로 설치하거나 재설치한 이용자 101명에게 노출됐고 개인별로는 1∼6명의 다른 이용자에게 노출됐다고 설명했다.주민등록번호, 여권번호 등 고유 식별정보와 금융정보는 유출되지 않았다고 LG유플러스는 밝혔다.LG유플러스는 통화기록과 통화요약 파일을 저장하는 익시오 서버의 기능 개선 작업에서 일어난 오류로 정보 노출이 일어났고, 본인의 정보가 아닌 내용을 발견한 이용자가 고객의소리(VOC)를 통해 회사 측이 알려 인지하게 됐다고 부연했다.LG유플러스는 고객 신고 뒤 사고 내용을 파악하고 30여분만에 더 이상의 정보 노출이 일어나지 않도록 조치했다고 설명했다.이후 노출 피해 고객 전원에게 전화로 안내를 진행하고 연락이 어려운 고객에게는 문자 등을 통해 사실을 알렸다.LG유플러스는 또 개인정보 유출을 인지한 지 72시간 내 개인정보보호위에 신고하도록 한 규정을 준수했다고 밝혔다.아울러 유출 피해 대상이 1000명 이상이거나 주민번호 등 민감 정보가 포함되면 해당하는 신고 요건에 부합하지 않는 건이었지만 자발적으로 신고했다고 덧붙였다.LG유플러스 관계자는 “고객 여러분께 불편과 심려를 끼쳐 죄송하다”며 “이번 사안은 해킹과 관련이 없으며, 이후 관계기관 조사에도 적극 협조하겠다”고 밝혔다.LG유플러스 해킹 의혹을 조사 중인 민관 합동 조사단도 이번 정보 유출과 해킹 의심 건과의 연관성은 낮은 것으로 보고 있다."
https://n.news.naver.com/mnews/article/374/0000479125?sid=101,2025-12-06 17:38:10,경제,"이번엔 LGU+ 정보 유출…""서버 개선 작업 중 캐시 설정 오류""","LG유플러스는 인공지능(AI) 통화 앱 '익시오'의 통화 정보 일부가 유출돼 개인정보보호위원회에 자진 신고했다고 오늘(6일) 밝혔습니다.LG유플러스는 오늘 ""최근 익시오 서비스 운영 개선 작업 과정에서 캐시 설정 오류로 고객 36명의 일부 통화 상대방 전화번호, 통화 시각, 통화 내용 요약 등 정보가 다른 이용자 101명에게 일시적으로 노출되는 현상이 발생했다""며 ""6일 오전 9시께 개인정보보호위원회에 신고를 완료했다""고 밝혔습니다.유출 추정 시간은 지난 2일 오후 8시부터 3일 오전 10시 59분 사이로, 이 시간 동안 익시오를 새로 설치하거나 재설치한 이용자 101명에게 노출됐고 개인별로는 1∼6명의 다른 이용자에게 노출됐다고 설명했습니다.주민등록번호, 여권번호 등 고유 식별정보와 금융 정보는 유출되지 않았다고 LG유플러스는 밝혔습니다.LG유플러스는 통화 기록과 통화 요약 파일을 저장하는 익시오 서버의 기능 개선 작업에서 일어난 오류로 정보 노출이 일어났고, 본인의 정보가 아닌 내용을 발견한 이용자가 고객의소리(VOC)를 통해 회사 측에 알려 인지하게 됐다고 부연했습니다.LG유플러스는 고객 신고 뒤 사고 내용을 파악하고 30여 분 만에 더 이상의 정보 노출이 일어나지 않도록 조치했다고 설명했습니다.이후 노출 피해자 전원에게 전화로 안내를 진행하고 연락이 어려운 사람에게는 문자 등을 통해 사실을 알렸습니다.LG유플러스는 또 개인정보 유출을 인지한 지 72시간 내 개인정보보호위에 신고하도록 한 규정을 준수했다고 밝혔습니다.아울러 유출 피해 대상이 1천명 이상이거나 주민번호 등 민감 정보가 포함되면 해당하는 신고 요건에 부합하지 않는 건이었지만 자발적으로 신고했다고 부연했습니다.LG유플러스 관계자는 ""고객 여러분께 불편과 심려를 끼쳐 죄송하다""며 ""이번 사안은 해킹과 관련이 없으며, 이후 관계기관 조사에도 적극 협조하겠다""고 밝혔습니다.LG유플러스 해킹 의혹을 조사 중인 민관 합동 조사단도 이번 정보 유출과 해킹 의심 건과의 연관성은 낮은 것으로 보고 있습니다.당신의 제보가 뉴스로 만들어집니다.SBS Biz는 여러분의 제보를 기다리고 있습니다.홈페이지 = https://url.kr/9pghjn"
https://n.news.naver.com/mnews/article/277/0005689881?sid=105,2025-12-06 17:44:13,IT/과학,"""온디바이스 AI, 안심하라더니""…LG U+ '익시오' 개인정보 유출(종합)","LG유플러스 개발 AI 통화 비서 서비스통화내용 요약 등 고객 36명 정보 유출""앱 재설치 대비 서버에 6개월 보관"" 해명LG유플러스가 자체 개발한 인공지능(AI) 통화 비서 '익시오' 가입 고객 36명의 통화내용 요약본 등 개인정보가 유출됐다.LG유플러스는 6일 보도자료를 내고 최근 익시오 서비스 운영 개선 작업 과정에서 임시저장공간(캐시) 설정 오류와 작업자의 부주의로 고객 36명의 개인정보가 노출됐다고 밝혔다.해당 정보는 ▲통화 상대방 전화번호 ▲통화 시각 ▲통화내용 요약 등으로 다른 이용자 101명에게 일시적으로 노출되는 현상이 발생했다.노출 시간은 지난 2일 오후 8시부터 3일 오전 10시 59분 사이로, 이 시간 동안 익시오를 새로 설치하거나 재설치한 이용자(101명)에게 노출됐다. 개인별로는 1명에서 6명의 다른 이용자에게 노출됐다.LG유플러스 관계자는 ""이번에 유출된 정보에는 주민등록번호, 여권번호 등 고유식별정보와 금융정보는 포함되지 않았다""고 밝혔다.LG유플러스는 지난 3일 오전 10시 문제를 인지한 후 원인 파악과 복구 작업에 착수해, 통화 정보가 더이상 보이지 않도록 조치를 완료했다고 밝혔다.LG유플러스 '익시오' 서비스의 개인정보 처리방침. AI 서비스 데이터 백업을 위해 6개월 동안 통화 요약본을 저장하고, 서비스 품질 향상을 위해 구글과 AWS, 마이크로소프트 등에 통화전문 내용을 이전하고 있었다.해당 고객 전원에게 전화로 안내를 진행했으며, 연락이 어려운 고객에게는 문자 등을 통해 사실을 알렸다. 개인정보보호위원회에 익시오 통화정보 유출 사실을 자진 신고했다고 밝혔다.지난해 11월 정식 출시된 익시오는 LG유플러스가 자체 개발한 AI 통화 비서 서비스다. ▲보이는 전화 ▲실시간 보이스피싱 감지 ▲통화 녹음 및 요약 기능 등을 온디바이스(On-device) 환경에서 제공하는 것으로 알려졌다. 음성 데이터가 서버를 거치지 않고 기기 안에서 처리하는 온디바이스 기술을 적용해 보안상의 강점이 있다고 홍보해왔다.이에 대해 LG유플러스 관계자는 ""통화 녹음본은 서버에 저장되지 않는다. 사용자가 익시오 앱을 재설치한 후에도 통화 요약본이 확인 가능하도록 서버에 6개월 동안 저장한다""며 ""이러한 내용은 개인정보 처리방침에 나와있다""고 밝혔다.익시오의 개인정보 처리방침을 확인해보니, 사용자의 통화 음성 데이터는 저장되지 않지만 텍스트로 바꾼 통화 요약 상세내용, AI 스마트 요약 생성 결과물 등은 6개월동안 서버에 저장되는 것으로 나타났다.구체적으로 수집되는 항목은 ▲통화 요약 상세 ▲통화 한줄 요약 정보▲통화 내역을 분석한 키워드 ▲AI 테스크 ▲AI 대화 검색 채팅 입력 내용 ▲AI 대화 검색 생성 결과물 ▲AI 스마트 요약 생성 결과물 등이다.또한 구글, 아마존웹서비스(AWS), 마이크로소프트 등 해외 빅테크에도 통화전문, 통화요약 등의 개인정보가 이전되고 있었다. 서비스 품질 향상을 위한 데이터 분석을 목적으로 1년 6개월동안 보관되고 있었다."
https://n.news.naver.com/mnews/article/117/0004015447?sid=105,2025-12-06 17:48:19,IT/과학,"LGU+, 익시오서 통화기록 노출…36명 피해 개보위 신고","캐시 설정 오류가 원인…통화 상대·시각·요약 등 101명에 일시 노출1000명 미만 사안이지만 자진 신고…“해킹과 무관, 조사 협조할 것”LG유플러스. /뉴시스[마이데일리 = 박성규 기자] LG유플러스에서 운영하는 AI 통화 서비스 ‘익시오’에서 통화 관련 정보가 잘못 표출되는 문제가 발생해 회사가 개인정보보호위원회에 자진 신고했다. 캐시 설정 오류가 원인이었던 것으로 확인됐으며, 피해 규모는 이용자 36명으로 집계됐다.6일 LG유플러스는 최근 익시오 서버 기능 개선 과정에서 캐시 설정이 비정상적으로 동작하면서 일부 이용자의 통화 상대 전화번호, 통화 시각, 통화 요약이 다른 이용자 화면에 노출됐다고 밝혔다.오류가 발생한 시간대는 2일 오후 8시부터 3일 오전 10시 59분까지로, 해당 기간에 익시오를 새로 설치하거나 재설치한 이용자 101명이 영향을 받았다. 개인당 노출된 정보는 1명에서 최대 6명까지였던 것으로 파악됐다.주민등록번호·여권번호 등 고유 식별정보나 금융 정보는 포함되지 않았다. LG유플러스는 고객 신고로 문제를 인지한 뒤 약 30분 만에 서버 설정을 조정해 추가 노출을 차단했다. 이후 피해 고객에게 전화를 통해 경위를 안내하고, 연락이 닿지 않는 이용자에게는 문자 공지를 진행했다.LG유플러스는 개인정보 유출을 인지한 시점을 기준으로 72시간 내 신고하도록 한 법적 기준을 충족했다고 설명했다. 또한 법령상 신고 요건에는 해당하지 않지만, 이용자 신뢰 확보를 위해 개보위에 자발적으로 신고했다고 밝혔다. 회사는 이번 문제가 해킹과 무관한 내부 오류였음을 강조하며, 관련 기관 조사에 적극 협조하겠다는 입장을 내놓았다.한편 KT와 쿠팡 등 대규모 정보 유출 사례가 잇따라 발생한 가운데, 민관 합동 조사단은 이번 익시오 건은 LG유플러스 해킹 의혹과는 별개의 사안으로 보고 있는 것으로 알려졌다. LG유플러스는 재발 방지를 위한 내부 점검을 강화하겠다는 방침도 내놨다."
https://n.news.naver.com/mnews/article/055/0001313918?sid=102,2025-12-06 18:19:12,사회,"[자막뉴스] LGU+, 익시오 고객 36명 통화정보 유출","LG유플러스는 AI 통화 앱 '익시오'의 통화정보 일부가 유출돼 개인정보보호위원회에 자진 신고했다고 밝혔습니다.LG유플러스는 익시오 서비스 운영 개선 작업 과정에서 캐시 설정 오류로 고객 36명의 통화 기록 등 정보가 다른 이용자 101명에게 노출됐다고 설명했습니다.그러면서 오늘 오전 9시쯤 개인정보보호위원회에 신고를 마쳤다고 했습니다.유출 추정 시간은 지난 2일 저녁 8시부터 3일 오전 10시 59분까집니다.이 시간 동안 익시오를 새로 설치하거나 재설치한 iOS 이용자 101명에게 노출됐고, 주민등록번호와 여권번호 등 고유 식별정보와 금융 정보는 유출되지 않았다고 설명했습니다.지난 3일 오전 10시 20분쯤 문제를 인지했고 원인 파악과 복구 작업에 착수해 노출 정보가 보이지 않도록 했으며, 이후 해당 사용자 전원에게 전화로 안내를 진행하고 연락이 어려운 고객에게는 문자 등을 통해 사실을 알렸다고 설명했습니다.LG유플러스는 이번 일이 개인정보보호법상 의무 신고 대상이 아니지만, 선제적으로 개보위에 자진신고 했다며 향후 관련 조사에 성실히 임하겠으며, 조사 결과 및 내부 규정에 따라 피해 고객에 대한 보상 등을 적극 검토하겠다고 밝혔습니다.(취재 : 소환욱, 영상편집 : 정용희, 제작 : 디지털뉴스부)"
https://n.news.naver.com/mnews/article/469/0000901619?sid=102,2025-12-06 19:00:10,사회,"LG U+, AI통화앱 익시오 고객 36명 통화정보 유출... 개보위 자진 신고","고객 36명 통화정보, 타이용자 101명에게 노출6일 서울의 한 LG U+ 매장의 모습. LG유플러스는 이날 익시오 서비스의 운영 개선 작업 과정 중 설정 오류로 이용자 36명의 일부 통화 정보가 다른 사용자 101명에게 유출돼 개인정보보호위원회에 자진신고했다고 밝혔다. 뉴스1LG유플러스의 인공지능(AI) 통화 앱 '익시오'의 통화 정보 일부가 유출됐다.LG유플러스는 6일 익시오의 통화 정보 유출 사실을 이날 오전 9시쯤 개인정보보호위원회에 자진 신고했다고 밝혔다.LG유플러스에 따르면 최근 익시오의 서비스 운영 개선 작업 과정에서 캐시 설정 오류가 발생해고객 36명의 △통화 내용 요약 △통화 시각 △통화 상대의 전화번호 등의 정보가다른 이용자 101명에게 일시적으로 노출됐다. 유출 추정 시간은 2일 오후 8시부터 3일 오전 10시 59분 사이다. 해당 정보는 이 시간 동안 익시오를 새로 설치하거나 재설치한 이용자들에게 노출된 것으로 알려졌다.다만 LG유플러스 측은""주민등록번호·여권번호 등 고유 식별정보와 금융 정보는 유출되지 않았다""고 밝혔다.앞서 LG유플러스는 지난 3일 오전 10시쯤 문제를 인지하고 원인 파악과 복구 작업에 착수해 노출된 통화 정보가 더 이상 보이지 않도록 조치를 마쳤다. 이후 정보 유출이 발생한 고객 전원에게 전화로 안내를 진행했으며, 연락이 어려운 고객에게는 문자로 유출 사실을 알렸다.이에 대해 LG유플러스 관계자는 ""고객 여러분께 불편과 심려를 끼쳐 죄송하다""며 ""이번 사안은 해킹과 관련이 없으며, 이후 관계 기관 조사에도 적극 협조하겠다""고 밝혔다."
https://n.news.naver.com/mnews/article/448/0000575389?sid=101,2025-12-06 19:16:49,경제,이번엔 통화정보까지…LGU+ 고객 36명 정보 유출,"[앵커]요즘 스마트폰에는 인공지능으로 녹음된 통화 내용을 분석하고 요약까지 해주는 통신사의 통화앱이 깔려있는데요. LG유플러스 앱 '익시오'에서 고객 30여 명의 통화 정보가 다른 고객에게 유출되는 사고가 났습니다. 회사 측은 자진신고하며, 해킹이 아닌 작업 실수라고 했는데, 계속되는 개인정보 유출 사건에 기업들에 대한 시민들의 불신이 커지는 분위깁니다.임유진 기자입니다.[리포트]LG유플러스가 자체 개발해 1년여 전 출시한 AI 통화앱 익시오.가입 고객 36명의 통화 정보가 유출됐습니다.지난 2일 오후 8시부터 3일 오전 10시 59분 사이, 익시오를 새로 설치하거나 재설치한 이용자 101명에게 이들의 통화 정보가 노출된 겁니다.유출된 정보는 통화 상대방의 전화번호와 통화 시각, 통화 내용 요약 등입니다.주민등록번호 같은 고유 식별정보나 금융 정보는 포함되지 않았습니다.LG유플러스는 사고를 인지한 지난 3일 복구 작업에 착수하고, 피해고객에게 전화나 문자로 안내했습니다.LG유플러스는 서비스 개선 작업 중 설정 오류로 발생한 문제라며 오늘 오전 개인정보보호위원회에 자진 신고했습니다.사측은 해킹이 아닌 단순 실수라고 강조했지만, 사인 간의 통화가 노출된 만큼 악용될 소지도 배제할 순 없습니다.곽진 / 아주대 사이버보안학과 교수""프라이버시 노출에 대한 부분들이 우려가 될 수도 있고요. 제3자가 악의적인 목적을 가지고 재미 삼아 퍼뜨리거나 이렇게 되면 제2차 피해가….""정부는 쿠팡과 통신사 등 정보보호 인증을 받은 기업에서 해킹과 개인정보 유출이 잇따르자 인증 심사 기준을 강화하기로 했습니다.TV조선 임유진입니다."
https://n.news.naver.com/mnews/article/241/0003482235?sid=105,2025-12-06 19:17:51,IT/과학,"LGU+, 통화 정보 유출 자진 신고…""해킹과 무관""","LG유플러스 용산 사옥LG유플러스가 자체 개발 AI 통화 앱 '익시오'의 통화 정보 유출 사실을 개인정보보호위원회에 자진 신고했다.LG유플러스는 최근 익시오 서비스의 운영 개선 작업 과정에서 캐시(임시 저장 공간) 설정 오류로 고객 36명의 일부 ▲통화 상대방 전화번호 ▲통화 시각 ▲통화 내용 요약 등 정보가 다른 이용자 101명에게 일시적으로 노출되는 현상이 발생해 6일 오전 9시경 개인정보보호위원회에 신고했다고 밝혔다.개인정보가 유출될 수 있었던 시간은 12월 2일 20시부터 12월 3일 10시 59분 사이로, 이 시간 동안 익시오를 새로 설치하거나 재설치한 이용자(101명)에게 노출됐다. 개인별로는 1명에서 6명의 다른 이용자에게 노출됐다.이번에 유출된 정보에는 주민등록번호, 여권번호 등 고유식별정보와 금융정보는 포함되지 않은 것으로 확인됐다.LG유플러스는 3일 오전 10시경 문제를 인지해 원인 파악과 복구 작업에 착수했다. 노출된 통화 정보가 더 이상 보이지 않도록 조치를 완료했다. 이후 해당 고객 전원에게 전화로 안내를 진행했으며, 연락이 어려운 고객에게는 문자 등으로 사실을 알렸다.LG유플러스 관계자는 ""고객 여러분께 불편과 심려를 끼쳐 죄송하다""며 ""이번 사안은 해킹과 관련이 없으며, 이후 관계기관 조사에도 적극 협조하겠다""고 전했다.정길준 기자 kjkj@edaily.co.kr"
https://n.news.naver.com/mnews/article/422/0000809368?sid=101,2025-12-06 19:56:13,경제,"LGU+, 익시오 가입자 36명 정보유출…개보위 신고","LG유플러스가 인공지능 통화 앱인 '익시오'의 통화 정보 일부가 유출됐다며 개인정보보호위원회에 자진 신고했습니다.LG유플러스는 오늘(6일) “최근 익시오 서비스의 운영 개선 작업 과정에서 캐시 설정 오류로 고객 36명의 일부 통화 상대방 전화번호, 통화 시각, 통화 내용 요약 등의 정보가 다른 이용자 101명에게 일시적으로 노출됐다""고 밝혔습니다.LG유플러스는 문제를 인지한 즉시 노출된 통화 정보가 보이지 않도록 조치하고, 해당 고객 전원에게 전화 등을 통해 안내했다고 밝혔습니다.LG유플러스는 ""고객 여러분께 불편과 심려를 끼쳐 죄송하다""며 ""이번 사안은 해킹과과 관련이 없으며 이후 관계기관 조사에도 적극 협조하겠다""고 덧붙였습니다.#개인정보보호위원회 #LG유플러스 #익시오 #통화정보 #자진신고연합뉴스TV 기사문의 및 제보 : 카톡/라인 jebo23"
https://n.news.naver.com/mnews/article/214/0001466382?sid=101,2025-12-06 20:05:07,경제,LGU+ AI 통화앱도 유출‥36명 통화내용 샜다,"[뉴스데스크]◀ 앵커 ▶오늘 또 다른 개인정보 유출 사고가 확인됐습니다.이번엔 LG유플러스입니다.LG유플러스의 AI 통화앱 '익시오'에서 일부 고객들의 전화번호와 통화 내용이 다른 이용자에게 노출된 것으로 확인됐습니다.유플러스 측은 성능 개선을 위한 업데이트 과정에서 일부 통화정보가 잘못 누출됐다며 금융정보는 포함되지 않았다고 밝혔습니다.김윤미 기자가 보도합니다.◀ 리포트 ▶LG유플러스의 AI 통화앱 '익시오'는 통화 내용을 자동으로 텍스트로 변환해 주고 요약하고, 이용자의 스케줄까지 관리하는 '개인 비서' 앱입니다.출시 1년 만에 이용자 100만 명을 모으는 등 AI 전환을 꿈꾸는 유플러스가 야심 차게 밀고 있는 서비스입니다.그런데 지난 2일 저녁 8시부터 다음 날 오전 10시 59분까지 익시오에서 일부 가입자의 통화 정보가 유출되는 사고가 발생했습니다.익시오 가입자 36명이 전화한 상대방 전화번호와 통화 시각, 통화 내용 요약 등이 다른 가입자 101명에게 일시적으로 노출된 겁니다.유플러스는 익시오 성능을 개선하는 과정에서 임시로 저장하는 자료인 '캐시' 설정을 잘못해 문제가 생겼다며, 외부 해킹과는 무관하고 해당 고객들에게는 피해 사실을 알렸다고 밝혔습니다.또 현재는 통화 정보가 보이지 않도록 복구했고, 유출된 정보에는 주민등록번호와 여권번호 같은 민감한 데이터는 포함되지 않았다고 덧붙였습니다.단순 작업 실수로 일부 가입자에게 잠시 정보가 노출됐다는 주장인데, 문제는 이런 AI 개인 앱이 다루는 정보의 범위가 매우 넓다는 점입니다.유플러스는 최근 익시오에 카드사 정보와 결합하는 등 AI의 활용범위를 넓히고 있습니다.[이경호/고려대 정보보호대학원 교수]""민감한 데이터가 결합될 때는 AI가 악용되거나 오용되거나 잘못 작동될 가능성을 고려해서 항상 보완을 하면서 같이 개발을 해야 됩니다.""개인정보보호위원회는 LG유플러스의 자진 신고를 접수하고 유출 경위를 조사할 방침입니다.MBC뉴스 김윤미입니다.영상편집: 허유빈MBC 뉴스는 24시간 여러분의 제보를 기다립니다.▷ 전화 02-784-4000▷ 이메일 mbcjebo@mbc.co.kr▷ 카카오톡 @mbc제보"
https://n.news.naver.com/mnews/article/586/0000117569?sid=101,2025-12-06 20:21:13,경제,LGU+ AI 통화 앱서 36명 통화 정보 샜다,"[조유빈 기자 you@sisajournal.com]'익시오'에서 캐시 설정 오류로 통화 정보 일부 유출이용자가 발견해 회사 측에 알려…LGU+, 개보위에 자진신고LG유플러스는 AI 통화 앱 ‘익시오’에서 통화 정보 일부가 유출돼 개인정보보호위원회에 신고를 완료했다고 6일 밝혔다. ⓒ 연합뉴스LG유플러스의 AI 통화 앱인 '익시오'에서 통화 정보 일부가 유출됐다. LG유플러스는 개인정보보호위원회에 정보 유출 피해를 자진신고했다.LG유플러스는 6일 ""최근 익시오 서비스의 운영 개선 작업 과정에서 캐시(임시 저장 공간) 설정 오류로 고객 36명의 일부 통화 상대방 전화번호, 통화 시각, 통화 내용 요약 등의 정보가 다른 이용자 101명에게 일시적으로 노출되는 현상이 발생했다""며 ""6일 오전 9시쯤 개인정보보호위원회에 신고를 완료했다""고 밝혔다.LG유플러스에 따르면, 이번에 유출된 정보에는 주민등록번호, 여권번호 등 고유식별정보와 금융정보는 포함되지 않은 것으로 확인됐다.유출 추정 시간은 지난 2일 오후 8시부터 3일 오전 10시59분 사이로, 이 시간동안 익시오를 새로 설치하거나 재설치한 이용자 101명에게 정보가 노출됐다. 개인별로는 1~6명의 다른 이용자에게 노출된 것으로 파악된다.LG유플러스는 통화 기록과 통화 요약 파일을 저장하는 익시오 서버의 기능 개선 작업에서 일어난 오류로 인해 정보 노출이 일어났고, 본인의 정보가 아닌 내용을 발견한 이용자가 고객의 소리(VOC)를 통해 회사 측에 알려 이를 인지하게 됐다고 부연했다. 고객 신고 뒤 사고 내용을 파악하고 30여분 만에 더 이상의 정보 노출이 일어나지 않도록 조치했다는 설명이다.이후 노출 피해 고객 전원에게 전화로 안내를 진행하고, 연락이 어려운 고객에게는 문자 등을 통해 사실을 알렸다.개인정보보호법 시행령에 따르면, 업체는 개인정보 유출 사실을 인지한 지 72시간 내에 개인정보위에 신고해야 한다. 유출 피해 대상이 1000명 이상이거나 주민번호 등 민감 정보가 포함된 경우가 신고 대상이기 때문에 이번 건은 해당하지 않지만, LG유플러스는 유출 사실을 자발적으로 신고했다.LG유플러스 관계자는 ""고객 여러분께 불편과 심려를 끼쳐 죄송하다""며 ""이번 사안은 해킹과 관련이 없으며, 이후 관계기관 조사에도 적극 협조하겠다""고 밝혔다."
https://n.news.naver.com/mnews/article/020/0003679834?sid=101,2025-12-06 22:09:08,경제,AI 이용자 개인정보 유출에… LG유플러스 “해킹 아닌 직원 실수(휴먼에러)에 의한 사고”,"지난 3일 고객 신고로 개인정보 유출 인지AI ‘익시오’ 오류 확인 후 복구… 6일 자진 신고“담당 직원 캐시 설정 오류로 발생한 사안”AI 이용자 증가… “개인정보 등 보안 경각심 높여야”LG유플러스(LGU+) AI 서비스 익시오. 동아일보DB해킹 의심 정황이 포착돼 관련 조사를 받고 있는 LGU+가 이번에는 실수로 인공지능(AI) 서비스 이용자들의 개인정보를 유출했다. AI 서비스나 앱에 저장된 정보가 외부로 유출된 사례다. 최근 AI 서비스 이용자가 늘어나는 상황에서 관련 보안 체계에 대해 경각심을 높여야 한다는 지적이 나온다.LGU+(LG유플러스)는 이번 AI 통화앱 ‘익시오(ixi-O)’ 이용자 36명의 통화정보 유출이 작업자(직원)가 설정을 잘못해 발생한 ‘휴먼에러(human error, 인적과오)’ 사안이라고 6일 밝혔다.작업 과정에서 통화정보 등을 보관하는 데이터 임시 저장 공간(캐시)의 설정 오류로 고객 36명의 일부 통화 상대방 전화번호와 통화 시각, 통화내용 요약 등 정보가 다른 이용자 101명에게 일시적으로 노출되는 현상이 발생했다는 설명이다. 세부적으로는 개인정보 유출 추정 시간을 지난 12월 2일 20시부터 3일 10시 59분 사이로 봤다. 해당 시간에 익시오 앱을 새로 설치하거나 재설치한 이용자(101명)에게 개인정보가 유출됐고 개인별로는 1~6명의 다른 이용자에게 개인정보가 노출된 것으로 분석했다.이날 LG유플러스는 개인정보보호위원회에 익시오 이용자 개인정보가 다수 이용자에게 유출된 사실을 자진 신고했다고 알렸다.LG유플러스 AI 서비스 익시오특히 이번 개인정보 유출은 고객 신고에 의해 인지한 것으로 알려졌다. 고객 신고가 없었더라면 개인정보가 더욱 광범위하게 퍼져나갈 수 있었다는 지적이다. LG유플러스 관계자는 “지난 3일 오전 고객 신고로 해당 사실을 인지하게 됐고 즉각 조치를 통해 당일 모든 조치를 완료했다”며 “고객 신고가 없었더라도 설정 오류 상황을 금방 인지했을 것”이라고 전했다.LG유플러스는 3일 오전 10시경 문제를 인지한 즉시 원인 파악과 복구 작업에 착수했고 개인정보가 다른 이용자에게 노출되지 않도록 모든 조치를 완료했다고 설명했다. 이후 해당 고객 전원에게 전화나 문자를 통해 관련 사실을 알렸다고 한다.개인정보 유출 사태를 3일에 인지하고 6일에 신고한 것에 대해서는 사태를 인지한 후 72시간 이내에 개인정보보호위원회에 신고해야 한다는 규정을 지킨 것이라고 했다. 또한 피해(개인정보 유출) 규모가 1000명 미만으로 신고 대상 사안이 아니지만 자진해서 신고한 것이라고 강조했다. 여기에 유출된 정보에는 주민등록번호나 여권번호 등 고유식별정보나 금융정보는 포함되지 않은 것을 확인했다고 한다.LG유플러스는 지난 3일 AI 서비스 익시오 가입자가 100만 명을 돌파했다고 밝혔다.LG유플러스에서 지속적으로 개인정보 유출 사고가 발생하는 것에 대해 LG유플러스 관계자는 “지난 2023년 발생한 해킹에 의한 수십만 건 개인정보 유출과 이번 사안은 성격이 다르다”면서 “개인정보 유출의 경우 어떤 업체든 발생할 수 있는 사안으로 개인정보를 철저히 보호하기 위해 관련 시스템과 보안 체계를 꾸준히 개선하는 노력이 요구된다”고 말했다. 이어 “불편과 심려를 끼쳐 죄송하다”며 “이번 사안은 해킹과 관련이 없고 이후 관계기관 조사에 적극 협조할 것”이라고 덧붙였다.한편 이번에 개인정보가 유출된 LG유플러스 AI 통화앱 익시오는 지난 3일 가입자가 100만 명을 돌파했다. 공교롭게도 100만 명 돌파 소식을 알린 날 익시오 이용자 개인정보가 유출되는 사고가 발생했다."
https://n.news.naver.com/mnews/article/079/0004093434?sid=101,2025-12-07 05:02:35,경제,"[단독]LGU+, 익시오 고객 36명의 '600건 통화' 정보 샜다","""서비스 운영 개선 작업 과정에서 설정 오류로 정보 노출""""고객 36명 통화 정보, 101명에게 일시적으로 노출돼""통화 600건 관련 정보 노출…지난 3일 오전 문제 인지오늘 오전 개보위에 신고…""심려 끼쳐 죄송""연합뉴스LG유플러스가 자사 AI(인공지능) 통화 애플리케이션(앱) 익시오 이용자 30여명의 일부 통화 정보가 유출됐다고 밝힌 가운데, 이들 피해 이용자가 다른 사람과 나눈 통화 약 600건과 관련된 민감한 정보들이 다른 익시오 이용자에게 공개된 것으로 6일 파악됐다. LG유플러스는 문제를 해결한 뒤 개인정보보호위원회에 자진 신고를 완료했다고 밝혔다.LG유플러스는 ""최근 익시오 서비스의 운영 개선 작업 과정에서 캐시(임시 저장 공간) 설정 오류로 고객 36명의 일부 통화 상대방 전화번호, 통화 시각, 통화 내용 요약 등 정보가 다른 이용자 101명에게 일시적으로 노출되는 현상이 발생했다""며 이날 오전 9시에 위원회 신고를 완료했다고 설명했다. 익시오는 AI 기반 통화 관련 서비스로, 통화가 끝나면 AI가 내용을 자동 요약하는 등의 기능을 제공한다.이 같은 개인정보 유출이 가능했던 시간은 지난 2일 오후 8시부터 3일 오전 10시 59분 사이라고 LG유플러스는 덧붙였다. 이 회사 직원에 의한 캐시 설정 오류가 지속됐던 시간이다. 이 시간 동안 익시오를 새로 설치하거나 재설치한 이용자 101명에게 정보가 노출된 것으로 회사는 파악했다. 피해 고객의 정보는 개인별로 1~6명의 다른 이용자에게 노출됐다.CBS노컷뉴스 취재결과를 종합하면 이번에 노출된 전화번호, 통화 내용 요약 정보 등은 피해 고객 36명이 타인과 나눈 통화 약 600건과 관련된 것들이다. 피해 고객 중에는 약 100건에 달하는 통화에 대한 민감 정보가 노출된 사람도 있으며, 주로 최근 정보보다는 6개월 전부터 이뤄진 통화 관련 정보가 빠져나간 것으로 전해졌다.이 회사는 ""이번에 유출된 정보에는 주민등록번호, 여권번호 등 고유식별정보와 금융정보는 포함되지 않은 것으로 확인됐다""고 밝혔다. 통화 녹음이 유출된 사례도 없다는 게 회사 관계자 설명이다.LG유플러스는 지난 3일 오전 10시에 문제를 인지했다며 ""즉시 원인 파악과 복구 작업에 착수해 노출된 통화 정보가 더 이상 보이지 않도록 조치를 완료했다. 이후 해당 고객 전원에게 전화로 안내를 진행했으며, 연락이 어려운 고객에게는 문자 등을 통해 사실을 알렸다""고 밝혔다.LG유플러스 관계자는 ""고객 여러분께 불편과 심려를 끼쳐 죄송하다""며 ""이번 사안은 해킹과는 관련이 없으며, 이후 관계기관 조사에도 적극 협조할 것""이라고 말했다.※CBS노컷뉴스는 여러분의 제보로 함께 세상을 바꿉니다. 각종 비리와 부당대우, 사건사고와 미담 등 모든 얘깃거리를 알려주세요.이메일 :jebo@cbs.co.kr카카오톡 :@노컷뉴스사이트 :https://url.kr/b71afn"
https://n.news.naver.com/mnews/article/001/0015782511?sid=105,2025-12-07 08:26:48,IT/과학,LGU+ 익시오서 통화내용 노출…반복된 통신사 사고에 불안 확산,"AI 서비스 이용자 36명 통화 정보 노출…고객 신고로 드러나SKT 대규모 유출·KT 서버해킹·무단결제 이어 보안 체계 전반에 경고등구멍 뚫린 통신업계 보안(서울=연합뉴스) 이동해 기자 = 11일 서울 시내 한 휴대폰 판매점의 모습.SK텔레콤의 해킹으로 고객 정보가 유출된 데 이어 이동통신 3사에 해킹 우려가 커지는 가운데, 개인정보보호위원회는 이날 KT와 LG유플러스의 개인정보 유출 의혹에 대해 경찰, 과기정통부 등 관계 기관과 함께 신속하고 정밀한 조사를 예고했다. 2025.9.11 eastsea@yna.co.kr(서울＝연합뉴스) 조성미 기자 = LG유플러스의 인공지능(AI) 서비스 '익시오'에서 고객 통화 내용이 다른 고객에게 유출되는 사고가 알려지며 통신사들의 정보 보호 불감증이 다시금 도마 위에 오르고 있다.7일 통신업계에 따르면 LG유플러스는 지난 2일 오후 8시부터 3일 오전 10시 59분까지 익시오를 새로 설치하거나 재설치한 이용자 101명에게 다른 고객 36명의 통화 내용 요약, 통화 상대방 전화번호, 통화 시각 등이 새어나가는 일이 발생했다.LG유플러스는 주민등록번호, 여권번호 등 민감 정보와 금융 정보는 유출되지 않았고 유출 피해 대상이 1천명 이상이거나 민감 정보가 포함되면 해당하는 신고 요건에 부합하지 않았지만 자발적으로 개인정보보호위원회에 신고했다고 밝혔다.하지만, 14시간 가까이 휴대전화 통화 내용, 통화 상대 등 이용자의 민감한 정보 노출이 이뤄지고 있었던 점, 이를 회사 측이 인지한 것이 아니라 고객 신고로 파악하고 조치에 나선 점 등은 여론의 질타를 피할 수 없을 대목으로 보인다.특히 이 회사가 해킹 공격을 받았고, 서버 업데이트를 통해 흔적을 삭제하려 한 정황이 있다는 의혹에 대해 민관 합동 조사를 받는 시점에서 정보 노출 사고까지 터지자 해킹에 따른 유출이 아닌지 우려도 커졌다.다만, LG유플러스는 ""이번 사안은 해킹과 관련이 없으며 AI 통화기록과 통화 요약 파일을 저장하는 익시오 서버의 기능 개선 작업에서 일어난 오류로 벌어진 것""이라고 해명했다.이처럼 국가의 기반 인프라를 책임지는 통신사들에서 굵직한 개인정보 침해 사고가 잇따르면서 국민 불안이 커지자 통신업계에서는 개인정보 보호 노력이 훨씬 강화돼야 한다는 지적이 나오고 있다.지난 4월 터진 SK텔레콤 해킹 사태로 가입자 대부분에 해당하는 2천324만명의 휴대전화번호, 가입자식별번호(IMSI), 유심 인증키(Ki·OPc) 등 25종의 정보가 해커 손에 들어가 유심 교체 대란이 벌어진 바 있다.이어 KT에서는 정식 관리하지 않는 불법 기지국에 해커가 접속하는 사고가 지난해 10월부터 일어났고 앞서 3∼7월에는 악성코드에 감염된 서버 43대를 회사가 발견하고도 당국에 알리지 않은 채 '자체 처리'하는 등의 허술한 보안 관리가 드러났다.KT 가입자 362명이 자신도 모르는 새 2억4천만원 상당의 소액결제를 무단으로 당한 초유의 사태가 일어나기도 했다.보안업계에서는 국민의 민감한 정보를 직접 다루는 기간 산업인 통신사들의 보안 역량이 지금처럼 낮게 유지될 경우 통신 서비스와 AI가 빠른 속도로 결합하며 '보안 구멍'은 더 커질 수 있다고 우려하고 있다.정부는 통신 3사를 대상으로 사전 예고 없이 불시에 실제 해킹 방식을 적용한 보안 인프라 점검에 나서는 등 통신사들의 보안 역량 강화를 강도 높게 주문하고 있다.또, 최근 일어난 쿠팡 정보 유출 사태 등을 계기로 대표적인 정보보호 관리 체계인 개인정보보호 관리체계(ISMS-P) 인증이 실효성 없게 운영돼왔다는 지적이 잇따르자 인증제의 사후관리와 심사 기준을 대폭 강화하겠다고 발표했다.csm@yna.co.kr"
https://n.news.naver.com/mnews/article/422/0000809393?sid=101,2025-12-07 08:47:11,경제,LGU+ 익시오서 통화내용 노출…통신사 보안 체계 경고등,"LG유플러스 [연합뉴스 자료사진]LG유플러스의 인공지능(AI) 서비스 '익시오'에서 고객 통화 내용이 다른 고객에게 유출되는 사고가 알려지며 통신사들의 정보 보호 불감증이 다시금 도마 위에 오르고 있습니다.7일 통신업계에 따르면 LG유플러스는 지난 2일 오후 8시부터 3일 오전 10시 59분까지 익시오를 새로 설치하거나 재설치한 이용자 101명에게 다른 고객 36명의 통화 내용 요약, 통화 상대방 전화번호, 통화 시각 등이 새어나가는 일이 발생했습니다.LG유플러스는 주민등록번호, 여권번호 등 민감 정보와 금융 정보는 유출되지 않았고 유출 피해 대상이 1천명 이상이거나 민감 정보가 포함되면 해당하는 신고 요건에 부합하지 않았지만 자발적으로 개인정보보호위원회에 신고했다고 밝혔습니다.하지만, 14시간 가까이 휴대전화 통화 내용, 통화 상대 등 이용자의 민감한 정보 노출이 이뤄지고 있었던 점, 이를 회사 측이 인지한 것이 아니라 고객 신고로 파악하고 조치에 나선 점 등을 비춰볼 때 여론의 질타를 피할 수 없을 것으로 보입니다.특히 이 회사가 해킹 공격을 받았고, 서버 업데이트를 통해 흔적을 삭제하려 한 정황이 있다는 의혹에 대해 민관 합동 조사를 받는 시점에서 정보 노출 사고까지 터지자 해킹에 따른 유출이 아닌지 우려도 커졌습니다.다만, LG유플러스는 ""이번 사안은 해킹과 관련이 없으며 AI 통화기록과 통화 요약 파일을 저장하는 익시오 서버의 기능 개선 작업에서 일어난 오류로 벌어진 것""이라고 해명했습니다.이처럼 국가의 기반 인프라를 책임지는 통신사들에서 굵직한 개인정보 침해 사고가 잇따르면서 국민 불안이 커지자 통신업계에서는 개인정보 보호 노력이 훨씬 강화돼야 한다는 지적이 나옵니다.지난 4월 터진 SK텔레콤 해킹 사태로 가입자 대부분에 해당하는 2천324만명의 휴대전화번호, 가입자식별번호(IMSI), 유심 인증키(Ki·OPc) 등 25종의 정보가 해커 손에 들어가 유심 교체 대란이 벌어진 바 있습니다.이어 KT에서는 정식 관리하지 않는 불법 기지국에 해커가 접속하는 사고가 지난해 10월부터 일어났고 앞서 3∼7월에는 악성코드에 감염된 서버 43대를 회사가 발견하고도 당국에 알리지 않은 채 '자체 처리'하는 등의 허술한 보안 관리가 드러났습니다.KT 가입자 362명이 자신도 모르는 새 2억4천만원 상당의 소액결제를 무단으로 당한 초유의 사태가 일어나기도 했습니다.보안업계에서는 국민의 민감한 정보를 직접 다루는 기간 산업인 통신사들의 보안 역량이 지금처럼 낮게 유지될 경우 통신 서비스와 AI가 빠른 속도로 결합하며 '보안 구멍'은 더 커질 수 있다고 우려하고 있습니다.정부는 통신 3사를 대상으로 사전 예고 없이 불시에 실제 해킹 방식을 적용한 보안 인프라 점검에 나서는 등 통신사들의 보안 역량 강화를 강도 높게 주문하고 있습니다.또, 최근 일어난 쿠팡 정보 유출 사태 등을 계기로 대표적인 정보보호 관리 체계인 개인정보보호 관리체계(ISMS-P) 인증이 실효성 없게 운영돼왔다는 지적이 잇따르자 인증제의 사후관리와 심사 기준을 대폭 강화하겠다고 발표했습니다.#LG유플러스 #익시오 #통신사 #정보보호연합뉴스TV 기사문의 및 제보 : 카톡/라인 jebo23"
https://n.news.naver.com/mnews/article/018/0006178831?sid=105,2025-12-07 09:14:13,IT/과학,"통화요약 앱 개인정보 유출, 개발자 설정 실수가 원인…LGU+ “자진신고, 즉시 조치”","[이데일리 김현아 기자] LG유플러스의 통화요약 서비스 ‘익시오(ixi-O)’에서 고객 일부의 통화 정보가 다른 이용자에게 노출된 사고가 발생했다.이는 개발자 설정 오류에서 비롯된 것으로 확인됐으며, 회사는 “고의나 외부 해킹이 아닌 작업 과정에서 발생한 실수”라며, 개인정보보호위원회에 72시간 내 자진신고하고 전 고객 안내를 마쳤다고 밝혔다.LG유플러스 통화요약 앱 ‘익시오’ 화면개발자 캐시 설정 오류…36명 정보가 101명에게 노출LG유플러스는 최근 익시오 서비스 운영 개선 작업 중 캐시(임시 저장 공간) 설정을 잘못 적용하면서 타인의 통화 요약이 다른 이용자 화면에 노출되는 현상이 발생했다고 설명했다.노출된 정보는 △통화 상대 전화번호 △통화 시각 △통화 내용 요약 등이다. 주민번호·금융정보 등 고유식별 정보는 포함되지 않았다.사고는 12월 2일 밤 8시부터 3일 오전 10시 59분 사이에 발생했다.이 시간에 ‘익시오’ 앱을 새로 설치하거나 재설치한 101명에게 36명의 통화 정보가 1~6건씩 보여진 것으로 확인됐다.고객 제보로 첫 발견…15시간가량 노출 지속회사는 “사용자가 ‘타인의 통화 요약이 보인다’고 제보하면서 사고를 처음 인지했다”고 밝혔다.추가 조사 결과 업데이트 작업 과정에서 캐시 설정을 잘못 건드린 개발자 실수가 정확한 원인이었다.내부 관계자 설명에 따르면 실수한 시점부터 약 15시간 동안, 신규 설치·재설치 이용자에게만 노출되는 특수한 오류였다.또, 통화 전체 녹음은 온디바이스 방식으로 단말기 안에만 저장되지만, 익시오 같은 통화요약앱은 서비스 연속성을 위해 ‘요약된 텍스트’만 서버에 6개월간 저장한다. 이 구간에서 캐시 설정 오류가 났다.“신고 대상 아님에도 자진신고”…조치 완료 후 전 고객 안내현행 규정상 1천명 이상 개인정보 유출 시 신고 의무가 발생하지만, LG유플러스는 “민감한 음성 데이터 특성을 고려해 논란 소지를 방지하기 위해 선제적으로 신고했다”고 설명했다.회사는 3일 오전 10시경 문제를 인지한 직후 조치해 현재 모든 노출은 차단된 상태라고 밝혔다. 이후 피해 가능 고객 전원에게 전화·문자 안내를 실시했다.“해킹 아니며, 개발 과정 실수…조사에 적극 협조”LG유플러스 관계자는 “고객께 불편과 심려를 끼쳐 죄송하다”며 “이번 사안은 해킹이 아닌 내부 개발 작업 중 잘못 설정된 캐시 때문에 발생한 문제다. 재발 방지를 위해 개발·검증 절차를 다시 점검하겠다. 개인정보보호위원회의 조사에도 성실히 협조하겠다”고 밝혔다."
https://n.news.naver.com/mnews/article/422/0000809438?sid=101,2025-12-07 09:58:16,경제,LGU+ 익시오서 통화내용 유출…반복되는 통신사 사고에 불안 커져,"구멍 뚫린 통신업계 보안 [연합뉴스 자료사진]LG유플러스의 인공지능(AI) 서비스 '익시오'에서 고객 통화 내용이 다른 고객에게 유출되는 사고가 알려지며 통신사들의 정보 보호 불감증이 다시금 도마에 오르고 있습니다.오늘(7일) 통신업계에 따르면 LG유플러스는 지난 2일 오후 8시부터 3일 오전 10시 59분까지 익시오를 새로 설치하거나 재설치한 이용자 101명에게 다른 고객 36명의 통화 내용 요약, 통화 상대방 전화번호, 통화 시각 등이 새어나가는 일이 발생했습니다.LG유플러스는 주민등록번호, 여권번호 등 민감 정보와 금융 정보는 유출되지 않았고 유출 피해 대상이 1천명 이상이거나 민감 정보가 포함되면 해당하는 신고 요건에 부합하지 않았지만 자발적으로 개인정보보호위원회에 신고했다고 밝혔습니다.하지만, 14시간 가까이 휴대전화 통화 내용, 통화 상대 등 이용자의 민감한 정보 노출이 이뤄지고 있었던 점, 이를 회사 측이 인지한 것이 아니라 고객 신고로 파악하고 조치에 나선 점 등은 여론의 질타를 피할 수 없을 대목으로 보입니다.특히 이 회사가 해킹 공격을 받았고, 서버 업데이트를 통해 흔적을 삭제하려 한 정황이 있다는 의혹에 대해 민관 합동 조사를 받는 시점에서 정보 노출 사고까지 터지자 해킹에 따른 유출이 아닌지 우려도 커졌습니다.다만, LG유플러스는 ""이번 사안은 해킹과 관련이 없으며 AI 통화기록과 통화 요약 파일을 저장하는 익시오 서버의 기능 개선 작업에서 일어난 오류로 벌어진 것""이라고 해명했습니다.이처럼 국가의 기반 인프라를 책임지는 통신사들에서 굵직한 개인정보 침해 사고가 잇따르면서 국민 불안이 커지자 통신업계에서는 개인정보 보호 노력이 훨씬 강화돼야 한다는 지적이 나오고 있습니다.지난 4월 터진 SK텔레콤 해킹 사태로 가입자 대부분에 해당하는 2,324만명의 휴대전화번호, 가입자식별번호(IMSI), 유심 인증키(Ki·OPc) 등 25종의 정보가 해커 손에 들어가 유심 교체 대란이 벌어진 바 있습니다.이어 KT에서는 정식 관리하지 않는 불법 기지국에 해커가 접속하는 사고가 지난해 10월부터 일어났고 앞서 3∼7월에는 악성코드에 감염된 서버 43대를 회사가 발견하고도 당국에 알리지 않은 채 '자체 처리'하는 등의 허술한 보안 관리가 드러났습니다.KT 가입자 362명이 자신도 모르는 새 2억4천만원 상당의 소액결제를 무단으로 당한 초유의 사태가 일어나기도 했습니다.보안업계에서는 국민의 민감한 정보를 직접 다루는 기간 산업인 통신사들의 보안 역량이 지금처럼 낮게 유지될 경우 통신 서비스와 AI가 빠른 속도로 결합하며 '보안 구멍'은 더 커질 수 있다고 우려하고 있습니다.정부는 통신 3사를 대상으로 사전 예고 없이 불시에 실제 해킹 방식을 적용한 보안 인프라 점검에 나서는 등 통신사들의 보안 역량 강화를 강도 높게 주문하고 있습니다.또, 최근 일어난 쿠팡 정보 유출 사태 등을 계기로 대표적인 정보보호 관리 체계인 개인정보보호 관리체계(ISMS-P) 인증이 실효성 없게 운영돼왔다는 지적이 잇따르자 인증제의 사후관리와 심사 기준을 대폭 강화하겠다고 발표했습니다.#LGU #KT #SKT #쿠팡연합뉴스TV 기사문의 및 제보 : 카톡/라인 jebo23"
https://n.news.naver.com/mnews/article/001/0015782592?sid=102,2025-12-07 10:30:00,사회,[연합뉴스 이 시각 헤드라인] - 10:30,"■ 국민정보 해외유출 공포…C커머스·G마켓-알리합작 우려도 증폭쿠팡 사태 이후 전자상거래(이커머스) 플랫폼에서 개인 정보의 해외 유출 우려가 커지고 있다. 이번 유출 사태의 유력한 용의자로 지목된 전직 쿠팡 직원이 중국 국적자인 데다 이미 국내를 빠져나가 빼돌린 개인 정보가 중국을 포함한 외국으로 흘러 들어갔을 것이라는 추측마저 나온다. 특히 이번 사태는 가뜩이나 유해물질과 가짜 상품, 개인정보 유출 우려로 팽배해진 알리익스프레스·테무·쉬인 등 C커머스(중국계 이커머스)에 대한 불신을 더욱 키우고 있다.전문보기: https://www.yna.co.kr/view/AKR20251206031100030쿠팡 개인정보 유출 사태 소비자 불안 확산(서울=연합뉴스) 한종찬 기자 = 이커머스 1위 업체 쿠팡에서 약 3천400만건에 이르는 대규모 개인정보가 유출된 가운데 4일 서울 시내 한 쿠팡 물류센터에 배송차량이 주차돼 있다. 3일 유통업계에 따르면 온라인상에서는 '쿠팡 사태' 이후 로그인 시도와 스미싱 등 피해를 봤다는 사례가 잇따르고 있다. 2025.12.4 saba@yna.co.kr■ '영끌족 식은땀' 대출금리 한달 0.43%p↑…은행 가산금리도 올려한국은행은 여전히 기준금리 인하 가능성을 열어 놓고 있지만, 시장금리를 반영한 은행권 대출금리는 이미 기조적 인상 흐름으로 돌아섰다. 여기에 연말 가계대출 총량 관리 차원에서 은행들이 임의로 덧붙이는 금리 폭도 커지면서, 실제 대출금리 인상 폭이 은행채·코픽스(COFIX) 등 지표금리 상승 폭을 크게 웃도는 현상도 뚜렷하다.전문보기: https://www.yna.co.kr/view/AKR20251206045700002■ 저소득층 근로소득 5년만에↓…양극화 속 생계형 물가 타격 우려소득 양극화가 심화하는 가운데 지난해 저소득층의 근로소득이 5년 만에 뒷걸음질 쳤다. 이런 상황에 고환율발(發) 인플레이션까지 겹치면 생계형 지출 비중이 40%에 달하는 저소득층의 부담이 클 것으로 우려된다. 7일 국가데이터처(옛 통계청) 국가통계포털(KOSIS)에 따르면, 지난해 소득 하위 20%(1분위) 가구의 평균 근로소득은 401만원으로 1년 전보다 1.3% 감소했다.전문보기: https://www.yna.co.kr/view/AKR20251206033000002■ 월 100만원 이상 받는 국민연금 수급자 100만명 넘었다국민연금을 매달 100만원 이상 받는 수급자가 100만명을 돌파했다. 1988년 국민연금 제도가 시행된 지 37년 만이다. 7일 국민연금공단에 따르면 올해 8월 말 기준 월 100만원 이상의 국민연금 수급자는 100만4천147명으로 집계됐다. 성별로는 남성이 94만2천271명, 여성이 6만1천876명으로 남성이 훨씬 많았다.전문보기: https://www.yna.co.kr/view/AKR20251205112600530■ 업비트 54분만에 코인 1천억개 털렸는데…해킹 제재 피하나업비트 해킹 시도 54분 만에 코인 1천억개가 넘게 외부 전송된 것으로 확인됐다. 가상자산 시장이 급속도로 확대되면서 해킹·보안 사고 시 대규모 피해로 이어질 가능성이 커지고 있지만, 현행법상 이를 직접 제재하거나 배상을 강제할 조항이 없어 '규제 공백' 우려가 커지고 있다. 7일 국회 정무위원회 소속 강민국 의원실이 금융감독원에서 제출받은 자료에 따르면 이번 해킹 시도는 지난달 27일 오전 4시 42분부터 오전 5시 36분까지 총 54분간 이뤄졌다.전문보기: https://www.yna.co.kr/view/AKR20251206043500002■ LGU+ 익시오서 통화내용 노출…반복된 통신사 사고에 불안 확산(서울＝연합뉴스) 조성미 기자 = LG유플러스의 인공지능(AI) 서비스 '익시오'에서 고객 통화 내용이 다른 고객에게 유출되는 사고가 알려지며 통신사들의 정보 보호 불감증이 다시금 도마 위에 오르고 있다. 7일 통신업계에 따르면 LG유플러스는 지난 2일 오후 8시부터 3일 오전 10시 59분까지 익시오를 새로 설치하거나 재설치한 이용자 101명에게 다른 고객 36명의 통화 내용 요약, 통화 상대방 전화번호, 통화 시각 등이 새어나가는 일이 발생했다. LG유플러스는 주민등록번호, 여권번호 등 민감 정보와 금융 정보는 유출되지 않았고 유출 피해 대상이 1천명 이상이거나 민감 정보가 포함되면 해당하는 신고 요건에 부합하지 않았지만 자발적으로 개인정보보호위원회에 신고했다고 밝혔다.전문보기: https://www.yna.co.kr/view/AKR20251207006200017■ 홍명보호 월드컵 조별리그 경기, 한국시간 오전 10∼11시 시작한국 축구 국가대표팀의 2026 북중미 월드컵 조별리그 경기가 한국시간으로 오전 10시∼11시에 킥오프한다. 국제축구연맹(FIFA)은 7일(이하 한국시간) 북중미 월드컵 조별리그 경기 시간을 발표했다. 전날 미국 워싱턴DC의 케네디 센터에서 열린 조 추첨식에서 각 조 편성과 대진이 결정됐고, 각 경기의 시간과 장소는 이날 공개됐다.전문보기: https://www.yna.co.kr/view/AKR20251207004500007■ 與 사법개혁안 처리 시동에 野 저지 채비…연말 대치 정국 예고여야가 내년도 정부 예산안을 합의처리하자마자 입법 전쟁 채비에 나서면서 여의도에 다시 전운이 고조되고 있다. 내년 6월 지방선거를 앞두고 더불어민주당이 연내에 이른바 사법개혁 법안 등 쟁점 법안 처리를 예고하자 제1야당인 국민의힘은 강경 저지 의지를 보이고 있다. 12월 임시국회(10일 시작)를 소집한 민주당은 정기국회 마지막 날인 9일부터 주요 법안 처리에 돌입한다는 방침이다.전문보기: https://www.yna.co.kr/view/AKR20251206039200001■ 與최고위원 보선도 '명청'대결 구도?…'1인1표' 좌초 이어 주목더불어민주당 최고위원 보궐선거가 다음 달 중순으로 다가오면서 당내 관심도가 점점 올라가고 있다. 이른바 조직표의 비토로 정청래 대표의 핵심 공약인 '1인1표제'가 좌초된 상황에서 진행되는 이번 선거에서 정 대표를 비판하는 인사들이 도전에 나서면서 당 지도 체제의 성격이 변화할 수 있다는 전망이 나오고 있다. 특히 당 안팎에서는 벌써 이번 선거가 이른바 '명청'(明淸·이재명 대통령과 정청래 대표) 대결 구도로 진행될 것이란 관측도 제기된 상태다.전문보기: https://www.yna.co.kr/view/AKR20251206035700001■ 마이웨이 우파 행보에 국힘 파열음…리더십 시험대 오른 장동혁취임 100일을 넘긴 국민의힘 장동혁 대표의 리더십에 비상이 걸렸다. 취임 일성으로 이른바 우파 연대론과 단일대오론을 천명했으나 이재멍 정부 출범 이후 첫 전국 단위 선거인 지방선거가 6개월 앞으로 다가온 상황에서 자신의 우클릭 강성 행보에 공개적으로 불만이 제기되면서 파열음이 커지고 있다. 결정적 계기는 12·3 비상계엄 1년 메시지다.전문보기: https://www.yna.co.kr/view/AKR20251206032600001"
https://n.news.naver.com/mnews/article/422/0000809462?sid=102,2025-12-07 11:15:09,사회,[이시각헤드라인] 12월 7일 일요와이드 (11시),"■추경호 오늘 기소…내일 법관회의 사법개혁 논의■특검이 오늘 계엄 해제 표결을 방해한 혐의를 받는 추경호 국민의힘 의원을 오늘 재판에 넘길 것으로 보입니다.한편 내일은 전국 판사 회의체인 법관 대표회의가 열립니다.여당이 추진하는 내란전담재판부 등 사법개혁 움직임에 대한 논의가 이뤄질 전망입니다.■대통령실 오늘 이재명 정부 6개월 성과 간담회■대통령실은 오늘 오후 이재명 정부 출범 6개월을 맞아 국정운영 성과를 설명하는 간담회를 엽니다.강훈식 비서실장과 위성락 안보실장, 김용범 정책실장을 비롯한 수석 비서관들이 분야별 성과를 직접 발표합니다.■미 국방장관 ""한국 같은 모범동맹은 특혜""■피트 헤그세스 미국 국방부 장관이 한국처럼 자기 방어를 더 책임지는 '모범 동맹'에는 혜택을 줄 것이라고 밝혔습니다.반면 국방비를 늘리지 않는 동맹에는 불이익이 있을 수 있다는 입장도 시사했습니다.■LG U+ AI통화앱도 가입자 36명 정보유출■LG유플러스의 AI 통화앱 '익시오'에서 고객 36명의 전화번호와 통화 내용이 다른 이용자에게 노출된 것으로 확인됐습니다.유플러스 측은 업데이트 과정에서 발생한 오류로 금융정보는 포함되지 않았다고 설명했습니다.■월드컵 조별리그, 내년 6월 12일 첫 경기■2026 북중미 월드컵에서 우리 대표팀의 조별리그 첫 경기가 내년 6월 12일 오전 11시에 열립니다.A조에 속한 한국은 유럽 플레이오프 패스D 승자와 첫 경기를 치릅니다.연합뉴스TV 기사문의 및 제보 : 카톡/라인 jebo23"
https://n.news.naver.com/mnews/article/001/0015782673?sid=102,2025-12-07 11:24:59,사회,"LGU+, 익시오 고객 통화정보 유출","(서울=연합뉴스) 임화영 기자 = LG유플러스의 인공지능(AI) 통화 앱 '익시오'의 통화정보 일부가 유출되는 사고가 발생했다.7일 통신업계에 따르면 LG유플러스는 지난 2일 오후 8시부터 3일 오전 10시 59분까지 익시오를 새로 설치하거나 재설치한 이용자 101명에게 다른 고객 36명의 통화 내용 요약, 통화 상대방 전화번호, 통화 시각 등이 새어나간 것으로 밝혀졌다.사진은 7일 서울 용산구 LG유플러스 본사와 익시오 통화 앱. 2025.12.7hwayoung7@yna.co.kr"
https://n.news.naver.com/mnews/article/001/0015782674?sid=102,2025-12-07 11:25:02,사회,"LGU+, 익시오 고객 통화정보 유출","(서울=연합뉴스) 임화영 기자 = LG유플러스의 인공지능(AI) 통화 앱 '익시오'의 통화정보 일부가 유출되는 사고가 발생했다.7일 통신업계에 따르면 LG유플러스는 지난 2일 오후 8시부터 3일 오전 10시 59분까지 익시오를 새로 설치하거나 재설치한 이용자 101명에게 다른 고객 36명의 통화 내용 요약, 통화 상대방 전화번호, 통화 시각 등이 새어나간 것으로 밝혀졌다.사진은 7일 서울 용산구 LG유플러스 본사와 익시오 통화 앱. 2025.12.7hwayoung7@yna.co.kr"
https://n.news.naver.com/mnews/article/001/0015782675?sid=102,2025-12-07 11:25:09,사회,이동통신사 줄줄이 사고…LGU+ 고객 정보 유출,"(서울=연합뉴스) 임화영 기자 = LG유플러스의 인공지능(AI) 통화 앱 '익시오'의 통화정보 일부가 유출되는 사고가 발생했다.7일 통신업계에 따르면 LG유플러스는 지난 2일 오후 8시부터 3일 오전 10시 59분까지 익시오를 새로 설치하거나 재설치한 이용자 101명에게 다른 고객 36명의 통화 내용 요약, 통화 상대방 전화번호, 통화 시각 등이 새어나간 것으로 밝혀졌다.사진은 7일 서울 용산구 LG유플러스 본사. 2025.12.7hwayoung7@yna.co.kr"
https://n.news.naver.com/mnews/article/001/0015782676?sid=102,2025-12-07 11:25:13,사회,"LGU+, 익시오 고객 통화정보 유출","(서울=연합뉴스) 임화영 기자 = LG유플러스의 인공지능(AI) 통화 앱 '익시오'의 통화정보 일부가 유출되는 사고가 발생했다.7일 통신업계에 따르면 LG유플러스는 지난 2일 오후 8시부터 3일 오전 10시 59분까지 익시오를 새로 설치하거나 재설치한 이용자 101명에게 다른 고객 36명의 통화 내용 요약, 통화 상대방 전화번호, 통화 시각 등이 새어나간 것으로 밝혀졌다.사진은 7일 서울 용산구 LG유플러스 본사와 익시오 통화 앱. 2025.12.7hwayoung7@yna.co.kr"
https://n.news.naver.com/mnews/article/001/0015782677?sid=102,2025-12-07 11:25:16,사회,"LGU+, 익시오 고객 통화정보 유출","(서울=연합뉴스) 임화영 기자 = LG유플러스의 인공지능(AI) 통화 앱 '익시오'의 통화정보 일부가 유출되는 사고가 발생했다.7일 통신업계에 따르면 LG유플러스는 지난 2일 오후 8시부터 3일 오전 10시 59분까지 익시오를 새로 설치하거나 재설치한 이용자 101명에게 다른 고객 36명의 통화 내용 요약, 통화 상대방 전화번호, 통화 시각 등이 새어나간 것으로 밝혀졌다.사진은 7일 서울 용산구 LG유플러스 본사와 익시오 통화 앱. 2025.12.7hwayoung7@yna.co.kr"
https://n.news.naver.com/mnews/article/001/0015782678?sid=102,2025-12-07 11:25:18,사회,이동통신사 줄줄이 사고…LGU+ 고객 정보 유출,"(서울=연합뉴스) 임화영 기자 = LG유플러스의 인공지능(AI) 통화 앱 '익시오'의 통화정보 일부가 유출되는 사고가 발생했다.7일 통신업계에 따르면 LG유플러스는 지난 2일 오후 8시부터 3일 오전 10시 59분까지 익시오를 새로 설치하거나 재설치한 이용자 101명에게 다른 고객 36명의 통화 내용 요약, 통화 상대방 전화번호, 통화 시각 등이 새어나간 것으로 밝혀졌다.사진은 7일 서울 용산구 LG유플러스 본사. 2025.12.7hwayoung7@yna.co.kr"
https://n.news.naver.com/mnews/article/001/0015782679?sid=102,2025-12-07 11:25:22,사회,"LGU+, 익시오 고객 통화정보 유출","(서울=연합뉴스) 임화영 기자 = LG유플러스의 인공지능(AI) 통화 앱 '익시오'의 통화정보 일부가 유출되는 사고가 발생했다.7일 통신업계에 따르면 LG유플러스는 지난 2일 오후 8시부터 3일 오전 10시 59분까지 익시오를 새로 설치하거나 재설치한 이용자 101명에게 다른 고객 36명의 통화 내용 요약, 통화 상대방 전화번호, 통화 시각 등이 새어나간 것으로 밝혀졌다.사진은 7일 서울 용산구 LG유플러스 본사와 익시오 통화 앱. 2025.12.7hwayoung7@yna.co.kr"
https://n.news.naver.com/mnews/article/001/0015782680?sid=102,2025-12-07 11:25:24,사회,이동통신사 줄줄이 사고…LGU+ 고객 정보 유출,"(서울=연합뉴스) 임화영 기자 = LG유플러스의 인공지능(AI) 통화 앱 '익시오'의 통화정보 일부가 유출되는 사고가 발생했다.7일 통신업계에 따르면 LG유플러스는 지난 2일 오후 8시부터 3일 오전 10시 59분까지 익시오를 새로 설치하거나 재설치한 이용자 101명에게 다른 고객 36명의 통화 내용 요약, 통화 상대방 전화번호, 통화 시각 등이 새어나간 것으로 밝혀졌다.사진은 7일 서울 용산구 LG유플러스 본사. 2025.12.7hwayoung7@yna.co.kr"
https://n.news.naver.com/mnews/article/001/0015782681?sid=102,2025-12-07 11:25:29,사회,"LGU+, 익시오 고객 통화정보 유출","(서울=연합뉴스) 임화영 기자 = LG유플러스의 인공지능(AI) 통화 앱 '익시오'의 통화정보 일부가 유출되는 사고가 발생했다.7일 통신업계에 따르면 LG유플러스는 지난 2일 오후 8시부터 3일 오전 10시 59분까지 익시오를 새로 설치하거나 재설치한 이용자 101명에게 다른 고객 36명의 통화 내용 요약, 통화 상대방 전화번호, 통화 시각 등이 새어나간 것으로 밝혀졌다.사진은 7일 서울 용산구 LG유플러스 본사와 익시오 통화 앱. 2025.12.7hwayoung7@yna.co.kr"
https://n.news.naver.com/mnews/article/001/0015782682?sid=102,2025-12-07 11:25:31,사회,이동통신사 줄줄이 사고…LGU+ 고객 정보 유출,"(서울=연합뉴스) 임화영 기자 = LG유플러스의 인공지능(AI) 통화 앱 '익시오'의 통화정보 일부가 유출되는 사고가 발생했다.7일 통신업계에 따르면 LG유플러스는 지난 2일 오후 8시부터 3일 오전 10시 59분까지 익시오를 새로 설치하거나 재설치한 이용자 101명에게 다른 고객 36명의 통화 내용 요약, 통화 상대방 전화번호, 통화 시각 등이 새어나간 것으로 밝혀졌다.사진은 7일 서울 용산구 LG유플러스 본사. 2025.12.7hwayoung7@yna.co.kr"
https://n.news.naver.com/mnews/article/001/0015782683?sid=102,2025-12-07 11:25:34,사회,이동통신사 줄줄이 사고…LGU+ 고객 정보 유출,"(서울=연합뉴스) 임화영 기자 = LG유플러스의 인공지능(AI) 통화 앱 '익시오'의 통화정보 일부가 유출되는 사고가 발생했다.7일 통신업계에 따르면 LG유플러스는 지난 2일 오후 8시부터 3일 오전 10시 59분까지 익시오를 새로 설치하거나 재설치한 이용자 101명에게 다른 고객 36명의 통화 내용 요약, 통화 상대방 전화번호, 통화 시각 등이 새어나간 것으로 밝혀졌다.사진은 7일 서울 용산구 LG유플러스 본사. 2025.12.7hwayoung7@yna.co.kr"
https://n.news.naver.com/mnews/article/006/0000133138?sid=105,2025-12-07 11:30:10,IT/과학,AI 통화내용 요약 다른 사람에게 넘어갔다… LGU+ 유출 사고,"36명의 일부 통화상대 번호·내용 요약 등 다른 이용자에게 넘어가▲ LG유플러스 로고LG 유플러스에서도 개인정보 유출 사건이 발생했다.LG유플러스는 지난 6일 ""최근 익시오 서비스의 운영 개선 작업 과정에서 캐시(임시 저장 공간) 설정 오류로 고객 36명의 일부 통화 상대방 전화번호, 통화 시각, 통화 내용 요약 등 정보가 다른 이용자 101명에게 일시적으로 노출되는 현상이 발생했다""며 ""6일 오전 9시쯤 개인정보보호위원회에 신고를 완료했다""고 밝혔다.LG유플러스는 ""이번에 유출된 정보에는 주민등록번호, 여권번호 등 고유식별정보와 금융정보는 포함되지 않은 것으로 확인됐다""고 밝혔다.LG유플러스에 따르면 지난 2일 오후 8시부터 3일 오전 10시 59분 사이 AI(인공지능) 통화 앱 익시오를 설치한 이용자 101명에게 관련 정보가 노출됐다. 한 이용자가 본인과 무관한 내용을 발견하고 이를 알리며 유출 사실이 알려지게 됐다.LG유플러스 관계자는 ""이번 사안은 해킹과 관련이 없으며, 이후 관계 기관 조사에도 적극 협조하겠다""고 밝혔다."
https://n.news.naver.com/mnews/article/422/0000809469?sid=101,2025-12-07 11:31:09,경제,LGU+ 익시오 통화내용 유출…반복되는 사고에 불안감 고조,"LG유플러스의 인공지능 서비스 '익시오'에서 고객 통화 내용이 다른 고객에게 유출되는 사고가 알려지며 통신사들의 정보보호 불감증이 다시 도마에 오르고 있습니다.통신업계에 따르면 LG유플러스 익시오를 새로 설치허가나 재설치한 이용자 101명에게서 다른 고객 36명의 통화 내용, 상대방 전화번호 등이 새어나가는 일이 발생했습니다.국가의 기반 인프라를 책임지는 통신사들에서 굵직한 개인정보 침해 사고가 잇따르면서 국민 불안이 커지고 있습니다.앞서 SK텔레콤과 KT에서도 개인정보 침해 사고가 발생해 통신업계의 개인정보 보호 노력이 훨씬 강화돼야 한다는 지적이 나옵니다.#LG #유플러스 #익시오 #인공지능 #유출연합뉴스TV 기사문의 및 제보 : 카톡/라인 jebo23"
https://n.news.naver.com/mnews/article/003/0013643560?sid=101,2025-12-07 13:30:21,경제,"LGU+, 익시오 고객 36명 통화정보 유출 개보위 신고","[서울=뉴시스] 김진아 기자 = LG유플러스가 AI 통화비서 서비스 ‘익시오’의 운영 개선 작업 과정에서 발생한 고객 통화정보 유출 사실을 개인정보보호위원회에 자진 신고했다.LG유플러스는 6일 캐시(임시 저장 공간) 설정 오류로 고객 36명의 통화 상대방 전화번호, 통화 시각, 통화내용 요약 등의 정보가 다른 이용자 101명에게 일시적으로 노출됐다고 밝혔다.사진은 7일 서울 시내 LG유플러스 매장. 2025.12.07. bluesoda@newsis.com"
https://n.news.naver.com/mnews/article/003/0013643565?sid=101,2025-12-07 13:30:21,경제,"LGU+, 익시오 고객 36명 통화정보 유출 개보위 신고","[서울=뉴시스] 김진아 기자 = LG유플러스가 AI 통화비서 서비스 ‘익시오’의 운영 개선 작업 과정에서 발생한 고객 통화정보 유출 사실을 개인정보보호위원회에 자진 신고했다.LG유플러스는 6일 캐시(임시 저장 공간) 설정 오류로 고객 36명의 통화 상대방 전화번호, 통화 시각, 통화내용 요약 등의 정보가 다른 이용자 101명에게 일시적으로 노출됐다고 밝혔다.사진은 7일 서울 시내 LG유플러스 매장. 2025.12.07. bluesoda@newsis.com"
https://n.news.naver.com/mnews/article/003/0013643558?sid=101,2025-12-07 13:30:21,경제,"LGU+, 익시오 고객 36명 통화정보 유출 개보위 신고","[서울=뉴시스] 김진아 기자 = LG유플러스가 AI 통화비서 서비스 ‘익시오’의 운영 개선 작업 과정에서 발생한 고객 통화정보 유출 사실을 개인정보보호위원회에 자진 신고했다.LG유플러스는 6일 캐시(임시 저장 공간) 설정 오류로 고객 36명의 통화 상대방 전화번호, 통화 시각, 통화내용 요약 등의 정보가 다른 이용자 101명에게 일시적으로 노출됐다고 밝혔다.사진은 7일 서울 시내 LG유플러스 매장. 2025.12.07. bluesoda@newsis.com"
https://n.news.naver.com/mnews/article/003/0013643563?sid=101,2025-12-07 13:30:21,경제,"LGU+, 익시오 고객 36명 통화정보 유출 개보위 신고","[서울=뉴시스] 김진아 기자 = LG유플러스가 AI 통화비서 서비스 ‘익시오’의 운영 개선 작업 과정에서 발생한 고객 통화정보 유출 사실을 개인정보보호위원회에 자진 신고했다.LG유플러스는 6일 캐시(임시 저장 공간) 설정 오류로 고객 36명의 통화 상대방 전화번호, 통화 시각, 통화내용 요약 등의 정보가 다른 이용자 101명에게 일시적으로 노출됐다고 밝혔다.사진은 7일 서울 시내 LG유플러스 매장. 2025.12.07. bluesoda@newsis.com"
https://n.news.naver.com/mnews/article/030/0003377984?sid=105,2025-12-07 13:38:15,IT/과학,LGU+ 익시오 통화정보 유출 파장…AI 통화앱 보안 강화 필요성 커졌다,"7일 서울 용산구 LG유플러스 본사와 AI 통화앱 익시오(사진=연합)LG유플러스 인공지능(AI) 통화비서 '익시오' 고객의 통화내용 요약본 등이 외부 유출되면서 AI 서비스의 보안 체계 신뢰성에 경고등이 켜졌다. 민감한 통화정보가 노출됐다는 점에서 파장이 불가피하다. AI 통화앱이 대중적 서비스로 자리잡은 만큼 통화 변환·요약 정보가 저장된 서버의 관리 보안 체계를 높여야한다는 지적이 나온다.7일 LG유플러스에 따르면 최근 익시오(ixi-O) 서버 개선 과정에서 임시저장공간(캐시) 설정 오류로 이용자 36명의 일부 통화정보가 다른 고객 101명에게 무작위로 노출되는 사고가 발생했다. 회사 자체 조사 결과 이번 유출은 외부 침해가 아닌 작업 과정에서 설정값을 잘못 건드린 휴먼 에러(작업자 실수)로 파악됐다.노출된 정보는 통화 상대 전화번호, 통화시각, 통화내용 요약 등 600여건으로 추정된다. 주민번호·금융정보 등 고유식별 정보는 포함되지 않았다.유출 정황은 고객 신고로 인지했다. LG유플러스는 지난 6일 개인정보보호위원회에 이 같은 사실을 자진 신고했다. 현행 규정상 신고 의무 기준인 1000명 이상 유출에는 해당하지 않지만 민감한 통화정보라는 점을 고려한 조치다.이번 사고로 AI 통화앱의 관리적·물리적 보안 조치를 강화해야 할 필요성이 높아졌다.이번에 통화 녹음파일은 유출되지 않았다. 통화 전체녹음은 온디바이스 방식으로 사용자 단말 내에만 저장되기 때문이다. 통화전문도 통화 요약 서비스 제공에 활용된 후 즉시 파기된다. 그러나 통화녹음을 기반으로 생성된 텍스트 요약은 서비스 연속성을 위해 서버에서 6개월간 보관된다. 익시오 경우 텍스트로 변환한 통화 요약 정보가 구글·아마존 클라우드 플랫폼에 저장된다.익시오 AI 비서 서비스LG유플러스는 자체 업그레이드 과정에서 캐시 설정 오류가 나면서 저장돼 있던 통화 한줄요약 등의 정보가 다른 고객에게 노출됐다.이를 원천적으로 차단하려면 AI 통화 관련 모든 정보를 단말 내에 히든파일 형태로 보관해야 한다. 물론 이 경우 AI 통화앱 특성상 휴대폰 교체 및 앱 재설치시 서비스 연속성을 보장하기 힘들다는 점에서 어려움이 따른다. 그럼에도 AI 통화 서비스 이용자가 1100만명을 넘는 상황에서 보안 체계에 대해 경각심을 갖고 보안 강화 조치가 필요하다는 주문이다.관계당국도 이번 사고를 예의주시하고 있다. 과학기술정보통신부 관계자는 “사업자 측으로부터 전달받은 내용에 따라 현재로서는 침해가 아닌 유출로 파악하고 있다”면서도 “사안의 중요성을 감안해 사태를 예의주시하고 필요할 경우 조치에 나설 것”이라고 말했다.LG유플러스 관계자는 “기능 개선 과정에서 부족함이 있었던 점에 대해 사과드린다”면서 “관계기관 조사에 적극 협조하는 동시에 이번 사안을 계기로 더욱 치밀하고 철저하게 업무 프로세스를 점검, 개선하겠다”고 말했다."
https://n.news.naver.com/mnews/article/082/0001357128?sid=101,2025-12-07 14:06:15,경제,"LGU+ ‘익시오’ 통화내용 유출, 통신 3사 보안 문제 재부각","‘AI 통화비서’ 가입자 36명 통화정보 유출SKT·KT에 이어 LGU+까지 보안 사고발생지난달 서울 센트로폴리스에서 열린 LG유플러스 통화 도우미 ‘익시오 AI 비서’ 공개 행사에서 모델들이 익시오 AI 비서를 소개하고 있다. 연합뉴스LG유플러스의 인공지능(AI) 서비스 ‘익시오’에서 가입자 통화 내용이 다른 가입자에게 유출되는 사고가 발생했다. SK텔레콤, KT에 이어 LG유플러스까지 가입자 정보가 유출되면서 통신 서비스 이용자들의 불안이 다시 높아지고 있다.LG유플러스의 AI 통화앱 익시오는 통화 내용을 AI가 분석해 사용자에게 요약, 검색 등의 기능을 제공한다. LG유플러스는 지난 2일과 3일 사이에 익시오 서비스의 운영 개선 작업 과정에서 캐시(임시 저장 공간) 설정 오류로 가입자 36명의 일부 통화내용이 다른 가입자 101명에게 노출됐다고 밝혔다. 노출된 정보는 통화 상대방 전화번호, 통화 시각, 통화내용 요약 등이다. ‘AI 대화 검색·AI 스마트 요약’은 지난 10월 익시오에 추가됐다. ‘AI 대화 검색’은 지난 통화 내용에서 기억나지 않거나 궁금한 내용을 물어보면 익시오가 의도에 맞게 검색하고 답변하는 기능이다. 약속 장소, 일정 등 통화에서 나온 중요 내용을 AI로 정리해주고, 상대방 특성 파악까지 할 수 있다.LG유플러스는 주민등록번호, 여권번호 등 민감 정보와 금융 정보는 유출되지 않았다고 밝혔다. 그러나 14시간 가까이 휴대전화 통화 내용, 통화 상대 등 가입자의 민감한 정보가 노출돼 논란이 커지고 있다. 특히 이번 통화내용 노출을 LG유플러스가 인지한 것이 아니라 고객 신고로 파악하고 조치에 나서 비판 목소리가 커졌다.통신업계에선 1위 업체인 SK텔레콤이 지난 4월 해킹 사태로 가입자 대부분에 해당하는 2324만 명의 휴대전화번호, 가입자식별번호(IMSI), 유심 인증키(Ki·OPc) 등이 유출된 바 있다. 이어 2위 업체인 KT도 불법 기지국에 해커가 접속하는 사고가 지난해 10월부터 일어났고 앞서 3∼7월에는 악성코드에 감염된 서버 43대를 회사가 발견하고도 당국에 알리지 않은 채 ‘자체 처리’하는 등의 허술한 보안 관리가 드러났다. 3위 업체인 LG유플러스까지 가입자 정보 유출 사고를 일으키면서 통신 서비스 보안을 강화해야 한다는 목소리가 커졌다.정부는 통신 3사를 대상으로 사전 예고 없이 불시에 실제 해킹 방식을 적용한 보안 인프라 점검에 나서는 등 통신사들의 보안 역량 강화를 강도 높게 주문하고 있다. 또, 최근 일어난 쿠팡 정보 유출 사태 등을 계기로 대표적인 정보보호 관리 체계인 개인정보보호 관리체계(ISMS-P) 인증이 실효성 없게 운영돼왔다는 지적이 잇따르자 인증제의 사후관리와 심사 기준을 대폭 강화하겠다고 발표했다."
https://n.news.naver.com/mnews/article/008/0005288399?sid=105,2025-12-07 14:30:23,IT/과학,"LGU+ 익시오, 온디바이스AI 라더니…36명 통화내용 어떻게 공개됐나","LGU+, 36명 가입자 통화정보 101명에 공개""외부 해킹 아닌 내부 실수…민감정보 없어""/사진=LG유플러스LG유플러스에서 가입자 36명의 AI 통화앱 '익시오' 통화 정보가 유출됐다. SK텔레콤, KT에 이어 LG유플러스에서도 개인정보 유출 사고가 발생해 소비자 우려가 커진다.7일 통신업계에 따르면 지난 2일 오후 8시부터 3일 오전 10시59분까지 약 15시간 동안 LG유플러스 익시오를 신규·재설치한 가입자 101명에게 36명의 통화정보가 공개되는 사고가 발생했다. 공개된 내용은 가입자 36명의 △통화내용 요약 △상대방 전화번호 △통화시각 등이다. 이중 통화요약은 통화내용 전문이 아닌, AI가 자동 요약한 내용이다.LG유플러스 측은 이와 관련해 익시오 서비스 운영 개선 과정에서 발생한 것으로, 내부 개발자가 임시저장공간(캐시) 설정을 잘못한 탓에 발생했다고 해명했다. 또 고객 신고로 문제를 인지한 즉시 원인 파악 및 복구 작업을 진행해 통화정보가 보이지 않도록 했고, 전날 오전 9시 개인정보보호위원회에 이 같은 사실을 신고했다고 밝혔다. 해킹이 아닌 만큼 한국인터넷진흥원(KISA)에는 사이버침해 신고를 하지 않았다.이번 사고는 쿠팡 3370만 계정 개인정보 유출 사건 직후 발생해 이용자들의 우려가 크다. 그러나 회사 측은 이번 사건이 쿠팡과 크게 다르다는 입장이다. 개발자가 퇴사하면서 개인정보를 빼돌리거나 외부 해킹한 것이 아닌데다, 공개된 내용도 고유식별번호나 금융정보는 포함되지 않아 2차 피해 우려가 없다는 설명이다. 회사 관계자는 ""통화정보 유출 대상이 소수여서 개인정보보호법상 의무신고 대상이 아니지만, 최근 개인정보 유출 사고가 잇따르고 있어 자발적으로 신고했다""고 말했다.다만 그간 LG유플러스가 익시오의 통화녹음·요약이 온디바이스 AI로 구동돼 정보 유출 가능성이 없다고 홍보해온 만큼 의문이 남는다. 이와 관련 회사 측은 ""통화 음성파일과 풀텍스트는 서버에 저장하지 않지만, 고객이 스마트폰을 교체하거나 앱을 재설치할 경우 연속성 있는 서비스를 위해 6개월간 요약문서를 서버에 저장한다""며 ""기능 업그레이드 과정에서 부족함이 있어 고객들께 무척 송구하고 죄송스럽다""고 사과했다."
https://n.news.naver.com/mnews/article/088/0000985468?sid=101,2025-12-07 14:40:12,경제,반복되는 통신사 사고… LGU+ 익시오서 통화내용 노출,"LG유플러스, 6일 개인정보보호위에 통화정보 유출 신고고객 36명 통화내용 등 다른 이용자 101명에 일시 노출LG유플러스가 서버 해킹 정황을 사이버 보안 당국에 신고했다. LG유플러스는 23일 한국인터넷진흥원(KISA)에 서버 해킹 피해와 관련한 신고서를 제출했다. 사진은 이날 서울 용산구 LG유플러스 용산 사옥의 모습. 연합뉴스LG유플러스에서 이용자 통화정보 일부가 유출되는 사고가 발생했다. 7일 통신업계에 따르면 LG유플러스는 지난 6일 인공지능(AI) 통화 앱 '익시오' 이용자의 통화정보 일부가 유출된 사실을 개인정보보호위원회에 자진 신고했다.LG유플러스는 보도자료를 통해 ""최근 익시오 서비스의 운영 개선 작업 과정에서 임시 저장 공간(캐시) 설정 오류로 고객 36명의 일부 통화 상대방 전화번호, 통화 시각, 통화내용 요약 등 정보가 다른 이용자 101명에게 일시적으로 노출되는 현상이 발생했다""고 밝혔다.유출 추정 시간은 지난 2일 오후 8시부터 3일 오전 10시 59분으로, 이 시간 익시오를 새로 설치하거나 재설치한 이용자 101명에게 노출됐고 개인별로는 1~6명의 다른 이용자에게 노출됐다고 LG유플러스는 설명했다. LG유플러스는 주민등록번호, 여권번호 등 고유식별정보와 금융정보는 이번 유출 정보에 포함되지 않은 것으로 확인됐다고 밝혔다.이 회사는 지난 3일 오전 10시쯤 문제를 인지하고 원인 파악에 착수하면서 통화 정보가 더 이상 노출되지 않도록 조치했다. LG유플러스는 본인 정보가 아닌 내용을 발견한 이용자가 '고객의 소리'(VOC)를 통해 회사 측에 알려 이번 사고를 인지하게 됐다.LG유플러스가 서버 해킹으로 조사를 받는 시점에서 정보 노출 사고가 발생하면서 해킹에 따른 유출이 아니냐는 우려도 제기된다. 앞서 LG유플러스는 지난 10월 서버 해킹 정황을 발견하고, 한국인터넷진흥원(KISA)에 신고서를 제출한 바 있다.LG유플러스 해킹 피해를 조사 중인 민관 합동조사단은 이번 정보 유출과 해킹 연관성은 낮은 것으로 보고 있다. LG유플러스 관계자는 ""이번 사안은 해킹과 관련이 없다""며 ""고객 여러분께 불편과 심려를 끼쳐 죄송하다. 이후 관계기관 조사에 적극적으로 협조하겠다""고 밝혔다."
https://n.news.naver.com/mnews/article/003/0013643686?sid=102,2025-12-07 14:50:41,사회,"LGU+, 익시오 고객 36명 통화정보 유출 개보위 신고 [뉴시스Pic]","[서울=뉴시스] 김진아 기자 = LG유플러스가 AI 통화비서 서비스 ‘익시오’의 운영 개선 작업 과정에서 발생한 고객 통화정보 유출 사실을 개인정보보호위원회에 자진 신고했다.LG유플러스는 6일 캐시(임시 저장 공간) 설정 오류로 고객 36명의 통화 상대방 전화번호, 통화 시각, 통화내용 요약 등의 정보가 다른 이용자 101명에게 일시적으로 노출됐다고 밝혔다.사진은 7일 서울 시내 LG유플러스 매장. 2025.12.07. bluesoda@newsis.com[서울=뉴시스]고범준 김진아 심지혜 기자 = LG유플러스가 AI 통화비서 서비스 ‘익시오’의 운영 개선 작업 과정에서 발생한 고객 통화정보 유출 사실을 개인정보보호위원회에 자진 신고했다.LG유플러스는 6일 캐시(임시 저장 공간) 설정 오류로 고객 36명의 통화 상대방 전화번호, 통화 시각, 통화내용 요약 등의 정보가 다른 이용자 101명에게 일시적으로 노출됐다고 밝혔다.개보위에 신고는 이날 오전 9시경 완료했다.개인정보 유출이 발생할 수 있었던 시간은 지난 2일 오후 8시부터 3일 오전 10시 59분까지다. 이 시간 동안 익시오를 새로 설치하거나 재설치한 이용자 101명에게 타인의 통화정보가 노출됐으며, 개인별로는 1명에서 6명의 다른 이용자에게 노출된 것으로 파악됐다.다만 주민등록번호, 여권번호 등 고유식별정보와 금융정보는 유출되지 않은 것으로 확인됐다.LG유플러스는 3일 오전 10시경 문제를 인지한 즉시 원인 파악과 복구 작업에 착수해 노출된 통화정보가 더 이상 보이지 않도록 조치를 완료했다. 이후 해당 고객 전원에게 전화로 안내했으며, 연락이 어려운 고객에게는 문자 등으로 사실을 통보했다.LG유플러스 관계자는 “고객 여러분께 불편과 심려를 끼쳐 죄송하다”며 “이번 사안은 해킹과 관련이 없으며, 이후 관계기관 조사에도 적극 협조하겠다”고 말했다.[서울=뉴시스] 김진아 기자 = LG유플러스가 AI 통화비서 서비스 ‘익시오’의 운영 개선 작업 과정에서 발생한 고객 통화정보 유출 사실을 개인정보보호위원회에 자진 신고했다.LG유플러스는 6일 캐시(임시 저장 공간) 설정 오류로 고객 36명의 통화 상대방 전화번호, 통화 시각, 통화내용 요약 등의 정보가 다른 이용자 101명에게 일시적으로 노출됐다고 밝혔다.사진은 7일 서울 시내 LG유플러스 매장. 2025.12.07. bluesoda@newsis.com[서울=뉴시스] 김진아 기자 = LG유플러스가 AI 통화비서 서비스 ‘익시오’의 운영 개선 작업 과정에서 발생한 고객 통화정보 유출 사실을 개인정보보호위원회에 자진 신고했다.LG유플러스는 6일 캐시(임시 저장 공간) 설정 오류로 고객 36명의 통화 상대방 전화번호, 통화 시각, 통화내용 요약 등의 정보가 다른 이용자 101명에게 일시적으로 노출됐다고 밝혔다.사진은 7일 서울 시내 LG유플러스 매장. 2025.12.07. bluesoda@newsis.com[서울=뉴시스] 김진아 기자 = LG유플러스가 AI 통화비서 서비스 ‘익시오’의 운영 개선 작업 과정에서 발생한 고객 통화정보 유출 사실을 개인정보보호위원회에 자진 신고했다.LG유플러스는 6일 캐시(임시 저장 공간) 설정 오류로 고객 36명의 통화 상대방 전화번호, 통화 시각, 통화내용 요약 등의 정보가 다른 이용자 101명에게 일시적으로 노출됐다고 밝혔다.사진은 7일 서울 시내 LG유플러스 매장. 2025.12.07. bluesoda@newsis.com[서울=뉴시스] 김진아 기자 = LG유플러스가 AI 통화비서 서비스 ‘익시오’의 운영 개선 작업 과정에서 발생한 고객 통화정보 유출 사실을 개인정보보호위원회에 자진 신고했다.LG유플러스는 6일 캐시(임시 저장 공간) 설정 오류로 고객 36명의 통화 상대방 전화번호, 통화 시각, 통화내용 요약 등의 정보가 다른 이용자 101명에게 일시적으로 노출됐다고 밝혔다.사진은 7일 서울 시내 LG유플러스 매장. 2025.12.07. bluesoda@newsis.com"
https://n.news.naver.com/mnews/article/422/0000809518?sid=101,2025-12-07 15:06:07,경제,LGU+ ‘익시오’서 통화내용 노출…반복되는 통신사 사고,"[앵커]LG유플러스 앱 '익시오'에서 이용자들의 통화 정보가 다른 고객에게 유출되는 사고가 발생했습니다.회사 측은 해킹이 아닌 작업 실수라고 해명했지만, 계속되는 통신사들의 정보 유출 사고에 정보 보호 불감증이 다시금 도마에 오르고 있습니다.문형민 기자입니다.[기자]LG유플러스가 지난해 11월 출시한 AI 통화 앱 '익시오'.통화 내용을 실시간 텍스트로 바꿔주고 통화가 끝나면 요약도 해줍니다.<이재원 / LG유플러스 커스터머 부사장(11월 13일)>“출시 1년, 가입자 100만 명을 달성할 예정이며, 73%의 충성도를 기록해 한 번 사용하면 꾸준히 찾게 되는 필수 앱으로…""""그런데 익시오 이용자 36명의 요약된 통화 내용과 상대방 전화번호 등 일부 정보가 유출된 사실이 확인됐습니다.지난 2일 오후 8시부터 약 15시간 동안 익시오를 새로 설치하거나 재설치한 101명에게 이들의 통화 정보가 노출된 겁니다.LG유플러스가 해킹 공격에 대한 정부 조사를 받고 있는 시점에서 이런 사고까지 터지자 해킹에 따른 유출이 아닌지 우려가 커졌습니다.이에 회사 측은 “익시오 서비스 개선 작업 중 설정 오류로 인해 발생한 단순 실수”라며 “해킹과는 무관하다”는 입장입니다.하지만 최근 들어 통신사에서 정보 침해·유출 사고가 잇따르면서 국민 불안은 커지고 있습니다.SK텔레콤은 지난 4월 가입자 2,300만 명가량의 유심 정보가 해킹으로 털렸고, KT에선 불법 기지국에 해커가 접속해 가입자 362명이 무단 소액결제 피해를 입었습니다.보안업계는 국민의 민감 정보를 다루는 통신사들의 보안 수준이 낮게 유지된다면, 통신과 AI가 빠르게 결합하면서 '보안 구멍'이 더 커질 수 있다고 우려합니다.<최병호 / 고려대 AI연구소 교수>“막대한 예산을 투입하지 않고 거기에 적합한 인재가 없으며 관련 시스템을 계속해서 업데이트하지 않고 모니터링하지 않았다는 뜻…”정부는 통신3사를 대상으로 실제 해킹 방식을 적용한 불시 점검에 나서는 등 보안 역량 강화를 강도 높게 주문한 한편, 최근 쿠팡 사태를 계기로 개인정보보호 관리 제도의 기준을 대폭 강화하겠다는 방침입니다.연합뉴스TV 문형민입니다.영상편집 박성규그래픽 방명환연합뉴스TV 기사문의 및 제보 : 카톡/라인 jebo23"
https://n.news.naver.com/mnews/article/382/0001240575?sid=105,2025-12-07 15:14:13,IT/과학,LGU+ ‘익시오’ 통화정보 유출,"LG유플러스가 개인정보보호위원회에 인공지능(AI) 통화비서 서비스 ‘익시오’의 통화정보 유출 사실을 자진 신고했다.LG유플러스는 ‘익시오’ 서비스의 운영 개선 작업 과정에서 캐시(임시 저장 공간) 설정 오류로 고객 36명의 일부 ▲통화 상대방 전화번호 ▲통화 시각 ▲통화내용 요약 등 정보가 다른 이용자 101명에게 일시적으로 노출되는 현상이 발생했으며, 6일 신고를 완료했다고 밝혔다.개인정보가 유출될 수 있었던 시간은 2일 오후 8시부터 3일 오전 10시 59분 사이다. 이 시간 동안 익시오를 새로 설치하거나 재설치한 이용자 101명에게 노출됐으며, 개인별로는 1명에서 6명의 다른 이용자에게 노출됐다. 유출된 정보에는 주민등록번호, 여권번호 등 고유식별정보와 금융정보는 포함되지 않은 것으로 확인됐다.LG유플러스는 3일 오전 10시경 문제를 인지한 즉시 원인 파악과 복구 작업에 착수해 노출된 통화 정보가 더 이상 보이지 않도록 조치를 완료했다. 이후 해당 고객 전원에게 사실을 알렸다.LG유플러스 관계자는 “고객 여러분께 불편과 심려를 끼쳐 죄송하다”며 “이번 사안은 해킹과 관련이 없으며, 이후 관계기관 조사에도 적극 협조하겠다”고 말했다."
https://n.news.naver.com/mnews/article/421/0008647446?sid=105,2025-12-07 15:47:47,IT/과학,직원 실수로 통화 정보 유출… LGU+ AI 전화 '익시오' 괜찮나,"""온디바이스 안전"" 강조하더니…""통화정보·요약 6개월 서버 저장""전화번호·통화내용 요약 노출…LGU+ ""캐시서버 설정 잘못 적용""LG유플러스가 인공지능(AI) 통화 앱 '익시오' 이용 고객 36명의 통화정보가 유출된 사실을 개인정보보호위원회(개보위)에 자진 신고했다. 2025.12.7/뉴스1 ⓒ News1 김성진 기자(서울=뉴스1) 김정현 기자 = LG유플러스(032640)에서 사용자의 통화 내용 정보 유출 사고가 발생했다. 내부 직원의 실수로 요약된 통화 내용·전화번호 등 민감한 정보가 다른 사용자에게 노출됐다. 이통사들이 통화녹음 기능을 앞세워 홍보해 온 'AI 전화'의 안전성을 향한 불안감이 커지고 있다.7일 통신업계에 따르면 LG유플러스 AI전화 앱 '익시오'에서 가입자 36명의 △통화 상대방 전화번호 △통화 시간 △요약된 통화내용 등이 전혀 무관한 다른 사람들에게 공개되는 일이 발생했다. 사고 발생 시간은 지난 2일 오후 8시부터 3일 오전 10시59분 사이 15시간 동안이다.LG유플러스에 따르면 이 15시간 동안 앱을 새로 설치하거나 재설치한 이용자 101명에게 피해자들의 통화 정보들이 노출됐다. 단, 주민등록번호, 여권번호 등 고유식별정보와 금융정보는 노출된 정보에 포함되지 않았다.LG유플러스는 이번 유출 사고의 원인이 해킹이나 침해사고가 아닌 '개발자의 실수' 때문이라는 입장이다. 익시오 서비스 운영 개선 작업 중 임시 저장 공간(캐시) 설정을 잘못 적용한 탓에 발생했다고 설명했다. LG유플러스는 유출 사실을 개인정보위원횡 자진신고 했다.이 같은 설명에도 오히려 AI 전화 기능 사용자들의 불안감은 가라앉지 않는 상황이다. 겨우 개발자 실수만으로 예민한 전화통화 관련 정보가 어떤 안전장치 없이 타인에게 노출될 수 있다는 사실이 확인됐기 때문이다.LG유플러스 익시오 앱 /뉴스1""온디바이스 안전"" 홍보하더니…통화정보·요약은 서버에 저장한 LGU+그간 AI 전화 앱은 사전 고지 없는 통화녹음·요약 기능 덕분에 특히 아이폰 사용자를 중심으로 국내에서 인기를 끌어왔다. SK텔레콤(017670)은 지난 2023년 10월 '에이닷 전화'에 아이폰 통화녹음·요약 기능을 선보였으며, LG유플러스도 지난해 11월 '익시오'를 출시했다. KT는 아직 관련 서비스가 없다.아이지에이웍스 모바일인덱스에 따르면 익시오의 월간활성사용자 수(MAU)는 지난달 기준 32만 6715명을 기록했으며 매달 증가하는 추세다.이 같은 AI전화는 통화녹음·요약의 유출 가능성이 제기되기도 했으나, LG유플러스는 ""익시오는 온디바이스 AI 기술이 적용돼 안심할 수 있다""고 강조해 왔다.그러나 이번 사고를 계기로 '온디바이스 안전성'을 강조하던 LG유플러스가 익시오 사용자의 통화 관련 정보 및 통화 내용 요약본까지 서버에 저장한다는 사실이 확인됐다.LLG유플러스의 익시오 개인 개인정보처리방침을 보면 LG유플러스는 '데이터 백업'을 이유로 익시오 이용자의 △통화 일시 △통화 길이 △수·발신자 번호 △통화 유형 △통화 연결 여부 △녹음 여부 △스팸 여부 △사용도수는 물론, △통화 요약 상세 △통화 한 줄 요약 정보 △통화 내역 분석 키워드 등을 6개월간 서버에 저장한다. 이에 동의하지 않을 경우 익시오를 사용할 수 없다. 이번에 유출된 내용들이다.LG유플러스 관계자는 ""(통화 내용 요약 등) 정보는 암호화해 보관한다""면서도 ""외부 침입이 원인이었다면 파일이 암호화돼 볼 수 없었겠지만, 내부 작업 과정에서 발생한 문제였기 때문에 오히려 노출된 것""이라고 말했다.LGU+ 익시오 개인정보처리방침 /뉴스1LGU+ 사고 발생한 '통화기록 캐시'…SKT 에이닷 전화는 운영 안 해일각에서는 LG유플러스 측의 정보 관리 구조에 문제가 있다는 지적도 나온다.유사한 AI 전화 기능을 제공 중인 SKT의 경우, LG유플러스의 익시오와 달리 에이닷 전화의 통화기록 캐시를 운영하고 있지 않다. 통화 관련 정보도 사용자 단말에서 생성된 공개키를 기반으로 암호화된 상태로 처리한다. 다른 사용자에게 정보가 노출될 가능성을 원천적으로 차단한 셈이다.보안 전문가들은 LG유플러스 사고 같은 내부통제 실패로 인한 리스크를 최소화하기 위해서는 보안조직의 권한강화가 필수적이라고 제언한다.익명을 요구한 한 보안 전문가는 ""일개 직원의 실수가 곧바로 이번 같은 보안 사고로 이어진다는 자체가 사실 말도 안 되는 일""이라고 꼬집었다.이어 ""통상 보안 조직은 돈 버는 조직이 아니다 보니 서비스나 네트워크 조직보다 힘이 약한 경우가 많은데, 이제 모든 서비스의 기본에 보안이 들어가지 않으면 신뢰를 얻을 수가 없게 됐다""며 ""보안과 프라이버시를 서비스 디자인 단위부터 고려하는 기업 문화가 도입되지 않으면 비슷한 사고가 자꾸 발생할 수밖에 없을 것""이라고 덧붙였다.<용어설명>■ 온디바이스기기 자체에서 수행되는 연산이나 처리. 데이터가 클라우드 서버 등으로 전송되지 않고 기기 내부에서 직접 처리된다."
https://n.news.naver.com/mnews/article/029/0002997953?sid=105,2025-12-07 17:04:34,IT/과학,해커 공격보다 더 무서운 게 내부 부실…“인력확충·내부통제 강화 시급”,"SKT·KT이어 LGU+도 고객정보 유출내부 부실에 유통·금융권까지 사고기본 관리 절차 무너져 IT강국 기반 흐들서울 용산의 LG유플러스 본사. 연합뉴스통신·금융·유통·보안 등 업종을 가리지 않고 잇따라 발생한 정보 유출 사고의 원인이 부실한 ‘내부 관리’로 드러나면서 국내 기업 전반의 내부통제 체계가 위험 수위에 도달했다는 지적이 나온다. 기본적인 관리 절차가 무너져 발생한 대형 정보보안 사고가 반복되면서 기업과 임직원들의 ‘보안 불감증’이 정보기술(IT) 강국의 기반을 흔들고 있다는 우려가 나온다.7일 IT 업계에 따르면 LG유플러스는 최근 통화 앱 ‘익시오’ 서비스 운영 개선 작업 과정에서 캐시(임시 저장 공간) 설정 오류가 발생해 고객 36명의 통화 정보 일부가 다른 이용자 101명에게 노출됐다. 지난 2일 오후 8시부터 다음 날 오전 10시59분까지 약 15시간 동안 익시오 앱을 신규 설치하거나 재설치한 이용자에게 정보가 새어 나간 것으로 파악됐다. 통화 상대방 전화번호와 통화 시각, 통화 내용 요약 등이 포함됐다.이번 사고 원인은 내부 운영 과정에서 발생한 작업자 실수로 나타났다. 내부 통제의 취약성이 여실히 드러났다는 평가다. LG유플러스 측은 3일 오전 10시경 문제를 인지한 직후 복구를 완료하고, 개인정보보호위원회에 자발적으로 신고했다. 회사 관계자는 “기능 업그레이드 과정에서 부족함이 있었던 점 고객분들께 무척 송구하고 죄송스럽다”며 “업무 프로세스를 점검하고 개선하겠다”고 말했다.통신3사(SK텔레콤·KT·LG유플러스)는 수천만 가입자의 통신 이력과 실시간 위치 정보, 인증 데이터 등 고도의 민감 정보를 보유하고 있어 보안 사고 발생 시 피해가 대규모로 확산될 가능성이 높다. 특히 최근 통신 서비스가 금융, 인증 사물인터넷(IoT) 등 다양한 영역과 결합되면서 보안 수준에 대한 요구는 더욱 높아지고 있지만, 연쇄적으로 보안 사고가 발생하면서 우려를 키우고 있다.실제로 SK텔레콤은 지난 4월 가입자 2300만여 명 이상의 전화번호와 가입자식별번호(IMSI), 유심(USIM) 등 개인정보가 유출되는 해킹 사고를 겪었고, KT 역시 지난 9월 펨토셀(초소형 기지국) 관리 부실로 고객들이 무단 소액결제 피해를 입는 등 내부 관리 미비가 반복적으로 드러났다. LG유플러스 또한 계정 권한 관리 시스템(APPM) 취약성 의혹이 제기되며 통신업계 전반의 보안 리스크가 부각되고 있다.유통업계 1위 업체 쿠팡의 초대형 사고도 역시 내부 통제 실패에서 비롯됐다. 중국 국적의 퇴직자의 서버 접근 권한을 퇴사 즉시 회수하지 않아 3300만여 명의 개인정보가 유출됐다. 퇴사 이후 시스템 접근 권한과 인증키를 폐기·갱신하지 않았다는 데 대해 기본을 지키지 않았다는 비판이 나온다. 외부 공격보다 내부 인력 통제 실패가 더 치명적일 수 있음을 보여준 사례다.보안 기업 SK쉴더스에서도 관리 부실이 드러났다. 회사가 운영하던 해커 유인 시스템(허니팟)에 내부 직원의 개인 지메일 계정이 자동 로그인된 상태로 연결돼 있었다. 해커들은 이 직원의 메일함에 접근해 고객사 정보를 외부로 유출했다. 이로 인해 SK텔레콤 등 민간기업 120곳과 다수의 공공기관 정보가 다크웹에 게시되는 피해가 발생했다.금융권에서도 내부통제 실패 사례가 반복되고 있다. 롯데카드는 해킹 피해 발생 후 17일이 지나서야 사고를 인지했다. 보안 업데이트를 제 때 하지 않아 사태를 키웠다는 지적을 받았다. 이번 사고로 297만 명의 개인정보가 유출됐고, 이 중 상당수는 카드번호·유효기간 ·카드 뒷면 3자리 숫자(CVC)·비밀번호 등 결제에 직결되는 정보까지 포함돼 향후 어떤 피해가 발생할지 모르는 상황이다.전문가들은 수준 높은 보안 시스템을 갖추고 있어도 기본적인 내부 관리 체계가 허술하면 사고는 언제든 재발할 수 있다고 지적한다.장항배 중앙대 산업보안학과 교수는 “담당 인력이 제한돼 있어 내부 실수나 악의적 행위가 발생해도 제 때 인지하거나 교차 점검하기 어려운 구조가 문제”라며 “설마 하는 안일한 인식 속에 접근 권한을 범용적으로 설정하는 등 관리 소홀 사례가 반복되는 만큼 인력 확충과 내부 통제 강화가 시급하다”고 말했다."
https://n.news.naver.com/mnews/article/469/0000901702?sid=105,2025-12-07 17:15:08,IT/과학,"이번엔 LGU+ 통화 정보 유출 ""직원 실수 탓""... ""불안해서 살겠나""","'익시오' 고객 36명 통화 정보다른 이용자 101명에 노출돼""해킹 아닌 개발자 단순 실수""정말 36명뿐?... ""로그 확인""통신3사 잇따라 보안 '경고등'7일 서울 시내 한 LG유플러스 매장 앞을 시민이 지나가고 있다. 뉴시스LG유플러스의 인공지능(AI) 통화 애플리케이션(앱) '익시오'에서 고객 일부의 통화 정보가 다른 이용자에게 유출되는 사고가 발생했다. 앞서 내부 서버 해킹 정황이 발견돼 보안당국의 조사가 진행 중인 상황에서 또다시 사고가 터진 것이다. 회사 측은 ""개발자의 단순 실수""라며 해킹 가능성에 선을 그었지만, 올해 들어 통신 3사에서 대규모 개인정보 유출 사고가 잇따르면서 이용자들은 불안감을 감추지 못하고 있다. 최근 국민의 민감한 정보를 다루는 통신 서비스 전반에 AI가 접목되고 있는 만큼 통신사들이 보안 체계를 더욱 강화해야 한다는 목소리가 커지고 있다.통화 폰에만 저장? 서버에도 저장됐다7일 LG유플러스에 따르면 회사는 고객 36명의 통화 상대방 전화번호, 통화 시각, 통화 내용 요약 등의 정보가 다른 이용자 101명에게 일시적으로 노출됐음을 확인하고 6일 오전 9시 개인정보보호위원회에 신고했다. 익시오는 2024년 11월 출시된 통화 앱으로, AI가 통화 내용을 텍스트로 변환하고 요약해준다. LG유플러스는 익시오가 온디바이스(내장형) 기반으로 작동되기 때문에 녹음 파일이 스마트폰에만 저장돼 안전하다고 홍보해 왔다. 하지만 이번 사고로 회사 측이 통화내용 한 줄 요약 같은 일부 정보를 6개월간 서버에 임시로 저장하고 있다는 사실이 알려졌다. ""고객이 스마트폰을 교체하거나 앱을 재설치할 때의 요청에 대비해서""라고 회사는 설명했지만, 바로 이 정보가 새어나갔으니 비판을 피하기 어렵게 됐다.LG유플러스 '익시오'를 활용한 스마트폰 통화 내용 요약과 일정 제안(왼쪽), 실시간 보이스피싱 탐지 서비스 예시 화면. 익시오 화면 캡처LG유플러스 측은 사고 원인에 대해 ""서비스 운영 개선 작업 과정에서 캐시(임시 저장 공간) 설정 오류가 있었다""고 했다. 세부 내용을 밝히진 않았으나, 작업자의 실수로 2일 오후 8시부터 3일 오전 10시 59분까지 약 15시간 동안 고객 36명의 통화 정보가 오픈됐다는 것이다. 그사이 앱을 새로 또는 다시 설치한 이용자 101명에게 이 36명의 통화 정보가 노출됐다는 설명이다. 101명은 각각 최소 1명, 최대 6명의 통화 정보를 받았다.다만 LG유플러스는 주민등록번호, 여권번호 등은 유출되지 않았다고 해명했다. 또 현행법상 개보위 신고 기준인 '1,000명 이상 유출'에 해당하지 않지만 민감한 통화 정보라는 점을 고려해 자진 신고했다고 덧붙였다. 그러나 정보 유출 사실을 회사가 먼저 인지하지 못하고 고객 신고로 파악했다는 점, 출시 1년밖에 안 된 서비스인데 직원 한 명의 실수로 보안에 구멍이 뚫렸다는 점에선 여론의 질타를 피할 수 없어 보인다. 익시오 이용자는 100만 명에 이른다. 정보 유출 피해자가 36명 외에 더 있을 가능성에 대해 회사는 ""15시간 동안의 로그 기록을 모두 확인한 만큼 추가 유출은 없을 것""이라고 밝혔다.""기존 해킹 서버와 익시오 서버 달라""앞서 10월 LG유플러스는 내부자 계정을 관리하는 권한관리 시스템(APPM) 서버가 해킹된 정황을 발견해 한국인터넷진흥원(KISA)에 신고했다. 7월 화이트해커로부터 관련 제보를 받은 KISA가 이 내용을 LG유플러스에 전달한 지 약 3개월 만이었다. LG유플러스는 이번 익시오 사건은 ""기존 해킹과 연관성이 없고, 외부 침해 정황 또한 없다""고 선을 그었다. 회사 관계자는 ""10월 KISA 신고 서버와 익시오 서버는 아예 별개""라며 ""이번 사건에서 해킹 정황이 있었다면 개보위가 아니라 KISA에 신고했을 것""이라고 했다.10월 22일 서울 종로구 정부서울청사에서 배경훈(가운데) 부총리 겸 과학기술정보통신부 장관이 범부처 정보보호 종합대책 합동브리핑을 하고 있다. 홍인기 기자그럼에도 국민 대부분이 이용하는 통신 3사에서 개인정보 유출 사고가 잇따르는 데 대해 불안감이 커지고 있다. 4월 SK텔레콤 해킹 사고로 가입자 2,700만 명의 유심(USIM) 정보가 유출된 데 이어, 8월 KT에서는 외부 세력이 가입자 368명 정보를 빼내 2억4,000만 원 상당의 소액 결제를 했다. 이번에 LG유플러스는 15시간 동안 통화 정보가 유출됐는데도 모르고 있다가 이용자 신고를 받고서야 조치에 나섰다. LG유플러스 측은 ""기능 업그레이드 과정에서 부족함이 있었다. 송구하고 죄송스럽다""고 했다.정부는 통신사들의 보안 역량 강화를 강도 높게 주문하고 있다. 정부는 10월 '범부처 정보보호 종합대책'을 발표하며 개인정보 유출 2차 피해가 큰 통신사에 대해서는 불시에 실제 해킹 방식을 적용한 보안 인프라 점검에 나서겠다고 밝혔다. 통신 3사는 향후 5년간 7,000억~1조 원 규모의 정보보호 투자 계획을 내놓았다."
https://n.news.naver.com/mnews/article/082/0001357196?sid=101,2025-12-07 18:24:17,경제,업비트에 LGU+도… 일상화된 해킹,"업비트, 솔라나 코인 외부 전송LGU+, AI 서비스 통화 유출서울 서초구 두나무가 위치한 건물의 업비트 로고 모습. 연합뉴스국내 1위 가상자산거래소 업비트에 이어 통신 3사까지 잇따라 개인정보 유출 사고가 발생하면서 ‘이제 개인정보 유출이 일상화된 것 아니냐’는 우려가 커지고 있다.7일 국회 정무위원회 소속 강민국 의원실이 금융감독원에서 제출받은 자료에 따르면 업비트 해킹은 지난달 27일 오전 4시 42분부터 오전 5시 36분까지 총 54분간 이뤄졌다. 한 시간도 채 안 되는 시간 동안 알 수 없는 외부지갑으로 전송된 가상자산 규모는 솔라나 계열 24종 코인 1040억 6470만여 개(약 445억 원)에 달했다.업비트는 해킹 시도를 인지한 지 18분 만인 오전 5시 긴급회의를 연 데 이어 오전 5시 27분에 솔라나 네트워크 계열 디지털 자산 입출금을 중단했다. 오전 8시 55분에는 모든 디지털자산 입출금을 중단했다. 그러나 해킹 사실을 금감원에 처음 보고한 시점은 오전 10시 58분으로, 해킹 사고 인지 이후 6시간이 넘게 흐른 뒤였다. 강 의원은 “업비트가 해킹으로 1000억 개 이상 코인이 유출됐음에도 6시간 넘게 늑장 신고했다”며 “(유출 대상이 된) 솔라나 플랫폼 자체의 구조적 문제인지, 업비트 결제 계정 방식 문제인지에 대한 조사도 확실하게 있어야 한다”고 지적했다.LG유플러스의 인공지능(AI) 서비스 ‘익시오’에서도 가입자 통화 내용이 다른 가입자에게 유출되는 사고가 발생했다. SK텔레콤, KT에 이어 LG유플러스까지 가입자 정보가 유출되면서 통신 서비스 이용자들의 불안이 다시 높아지고 있다.LG유플러스의 AI 통화 앱 익시오는 통화 내용을 AI가 분석해 사용자에게 요약, 검색 등의 기능을 제공한다. LG유플러스는 지난 2일과 3일 사이에 익시오 서비스의 운영 개선 작업 과정에서 캐시(임시 저장 공간) 설정 오류로 가입자 36명의 일부 통화 내용이 다른 가입자 101명에게 노출됐다고 밝혔다. 노출된 정보는 통화 상대방 전화번호, 통화 시각, 통화내용 요약 등이다. ‘AI 대화검색·AI 스마트 요약’은 지난 10월 익시오에 추가됐다.특히 14시간 가까이 휴대전화 통화 내용, 통화 상대 등 가입자의 민감한 정보가 노출돼 논란이 커지고 있다. 특히 이번 통화내용 노출을 LG유플러스가 인지한 것이 아니라 고객 신고로 파악하고 조치에 나서 비판 목소리가 크다."
https://n.news.naver.com/mnews/article/015/0005221199?sid=105,2025-12-07 18:27:14,IT/과학,"LGU+ 통화 내용 유출…""서버 작업 중 직원 실수""","개인정보위, 추가 피해 조사36명 내용, 他고객에 유출'네카오' 내부 모니터링 강화LG유플러스의 인공지능(AI) 서비스 ‘익시오’에서 고객 통화 내용이 다른 고객에게 유출되는 사고가 발생했다. LG유플러스는 지난 2일 오후 8시부터 3일 오전 10시59분까지 익시오를 새로 설치하거나 재설치한 이용자 101명에게 다른 고객 36명의 통화 내용 요약, 통화 시각 및 상대방 전화번호 등이 새어나가는 일이 발생했다고 7일 밝혔다.LG유플러스 관계자는 “이번 사안은 해킹과 관련이 없으며 AI 통화 기록과 통화 요약 파일을 저장하는 익시오 서버의 기능 개선 작업에서 직원 실수로 일어난 일”이라고 해명했다. 익시오의 기능 향상 작업 과정에서 의도치 않게 데이터가 전송되는 일이 발생했다는 것이다. LG유플러스는 이 같은 사실을 고객 신고를 통해 파악한 것으로 알려졌다. 6일 오전 9시에 개인정보보호위원회에 이 같은 사실을 신고했다.LG유플러스 측은 “주민등록번호, 여권번호 등 민감 정보와 금융 정보는 유출되지 않았다”며 “이번 사고에도 즉각적인 조치가 이뤄졌다”고 말했다. 개인정보 유출 관련 신고 요건은 유출 피해 대상이 1000명 이상이거나 민감 정보가 포함돼 있을 경우다. LG유플러스 관계자는 “신고 요건에 해당하지는 않지만 재발 방지를 위해 자진 신고했다”고 설명했다. 개인정보위는 현재 유출 정보 및 추가 피해 여부를 조사 중이다.개인정보가 집약돼 있는 대기업에서 잇달아 유출 사고가 터지면서 사용자들의 불안이 커지고 있다는 지적이 나온다. 자칫하면 회사 존망과 직결된 사안이어서 네이버, 카카오, 배달의민족 등 플랫폼 기업은 강도 높은 내부 단속에 나선 것으로 알려졌다. 카카오는 최근 실제 사고 시나리오를 기반으로 모의 훈련을 확대하고, 잠재 리스크를 조기에 식별하고 대응하도록 모니터링을 강화 중이다.토스와 토스 계열사는 전날 기준 정보 보안 관련 17개 직무에서 채용을 실시하는 등 보안 인력을 확충하고 있다."
https://n.news.naver.com/mnews/article/022/0004088311?sid=101,2025-12-07 18:28:08,경제,"“고객센터입니다, 정보 유출됐네요”… ‘쿠팡 불안’ 노린 피싱 기승","악성앱 설치·링크 접속 등 유도지능적 2차 범죄 시도 잇따라 주의정부, 정보관리인증제 전면 개편LGU+ AI통화앱 통화정보 유출A씨는 최근 본인 명의로 카드가 발급됐다는 전화를 받았다. “신청한 적 없다”고 하자 쿠팡에서 유출된 개인정보로 신용카드가 발급됐을 수 있다며 가짜 고객센터 번호를 전달해왔다. 해당 번호로 연락하니 ‘악성 애플리케이션(앱) 감염 여부를 검사해야 한다’거나 ‘보안환경을 조성해야 한다’며 휴대전화에 원격제어 앱 설치를 요구했다. B씨는 사기범으로부터 쿠팡 사태 때문에 주문한 물품 배송이 지연되거나 누락될 수 있다면서 특정 링크에 접속하라는 안내를 받았다.사진=연합뉴스이는 경찰에 접수된 쿠팡 정보 유출 관련 2차 범죄 시도 사례들로, 경찰은 “정부, 금융기관, 정상적인 업체는 전화나 문자를 통해 앱 설치를 요구하지 않는다. 앱을 설치하면 범인이 휴대전화를 조종해 돈을 가로챌 수 있게 된다”며 주의를 당부했다.쿠팡 사태 이후 보다 지능적인 보이스피싱·스미싱 사례가 이어지며 소비자 불안이 확산되고 있다. 경찰 관계자는 “아직까지 쿠팡 개인정보 유출로 인한 직접적인 2차 피해사례는 확인되지 않았지만, 새로운 수법이 등장하거나 추가피해가 발생할 가능성이 있다”고 말했다. 그러면서 쿠팡 사태를 악용한 사칭 범죄가 의심되면 통합대응단(1588-1166)에 적극 제보해달라고 당부했다.쿠팡 측은 이날 추가 안내문을 내고 “현재까지 고객님의 카드·계좌번호 등 결제정보와 비밀번호 등 로그인 관련 정보, 개인통관부호는 유출이 없었음을 수차례 확인했다”며 “사기범들이 스미싱·피싱 문자로 ‘쿠팡’을 사칭할 수 있으니 출처가 불분명한 링크는 절대 클릭하지 말고 해당 문자는 삭제해 달라”고 밝혔다. 또 “금융거래 안심차단 서비스 이용을 권장한다”며 “쿠팡 공식 고객센터가 발송하는 문자 메시지인지 확인해 달라”고 했다. 고객이 주문 이후 받는 ‘배송완료’ 문자 메시지는 쿠팡 고객센터 전화번호로만 발송되고 단축 링크가 제공된다고 한다.정부는 실효성 논란에 휩싸인 정보관리 인증제도(ISMS·ISMS-P)와 관련해 기술·현장실증 심사 강화 등 제도를 전면 개편키로 했다. 또 병원, 수영장, 산후조리원 등 신체 노출이 생길 수 있는 생활밀집시설은 보안인증을 받은 IP카메라를 사용하도록 의무화하는 법률안 제정도 추진한다.LG유플러스는 최근 자사 인공지능(AI) 통화 앱 ‘익시오’의 통화정보 일부가 유출되는 사고가 발생해 개인정보보호위원회에 자진 신고했다고 밝혔다. 연합뉴스한편 LG유플러스는 지난 2일 오후 8시부터 3일 오전 10시59분까지 인공지능(AI) 서비스 ‘익시오’를 새로 설치하거나 재설치한 이용자 101명에게 다른 고객 36명의 통화 내용과 통화 상대방 전화번호 등이 유출되는 사고가 발생했다고 밝혔다. LG유플러스 측은 “(익시오) 기능 개선 과정에서 부족함이 있었던 점을 진심으로 사과드린다”며 “앞으로 더욱 철저하게 업무 프로세스를 점검하겠다”고 말했다."
https://n.news.naver.com/mnews/article/020/0003679911?sid=105,2025-12-07 19:45:11,IT/과학,AI 자동저장 통화요약이 다른 사람에게 유출…LGU+ “작업자 실수”,"“통화내용 서버 안간다, 보안 강점” 홍보했는데통화 요약 등은 서버 저장돼 유출…“해킹 아닌 실수”통신사 AI 서비스 급증…정보유출 위험도 커져7일 서울 시내 한 LG 유플러스 매장의 모습. 2025.12.7 뉴스1LG유플러스의 인공지능(AI) 서비스 ‘익시오’의 고객 통화 내용이 유출되는 사고가 발생했다.회사 측은 외부 해킹이 아닌 서버 관리 실수에 따른 것이라고 해명하고 있지만, 최근 들어 통신사에서 잇달아 대규모 해킹 또는 정보 유출 사건이 반복되면서 이용자들의 불안이 커지고 있다. 통신업계에서는 통신사들이 잇달아 내놓는 통화 내용 요약 등 AI 서비스가 이용자들에게 편리함을 주는 만큼 사생활 유출 위험도 키운다고 지적하고 있다.●서버 관리 실수로 통화내용 유출…고객 신고 받고서야 파악7일 LG유플러스에 따르면 이달 2일 오후 8시부터 3일 오전 10시 59분까지 ‘익시오’를 새로 설치하거나 재설치한 이용자 101명에게 다른 고객 36명의 통화 내용 요약, 통화 상대방 전화번호, 통화 시각 등이 유출됐다. 익시오는 LG유플러스가 지난해 11월 출시한 AI 서비스로 통화 녹음 및 요약, 실시간 보이스피싱 탐지 등의 기능을 제공한다.LG유플러스 측은 익시오 서비스 운영 개선 작업 중 서버 캐시(임시 저장 공간)를 잘못 설정해 발생한 사고라고 설명했다. LG유플러스 관계자는 “이번 사안은 해킹과는 무관하다”며 “주민등록번호, 여권번호 등 민감 정보와 금융 정보는 유출되지 않았다”고 설명했다.고객의 신고로 정보 유출 사실을 인지한 LG유플러스는 원인 파악과 복구 작업을 벌였다. 이후 해당 고객 전원에게 전화로 안내를 진행했으며, 연락이 어려운 고객에게는 문자 등을 통해 사실을 알렸다. 개인정보보호위원회에는 6일 오전 9시 신고를 완료했다. LG유플러스 측은 “유출 피해 대상이 1000명 이상이거나 민감 정보가 포함되면 해당하는 신고 요건에는 부합하지 않았지만, 당국에 자발적으로 신고한 것”이라고 설명했다. 그러나 15시간 가까이 통화 내용 유출 사실을 파악하지 못하다가 고객 신고를 받고서야 이를 인지하고 뒤늦게 조치에 나섰다는 점에서 통신사의 개인정보 관리가 허술했던 것 아니냐는 지적이 나왔다.그간 LG유플러스는 익시오가 다른 통신사들의 AI 서비스와 달리 ‘온디바이스 AI’라는 점을 내세워 보안이 최대 강점이라고 홍보해왔다. 통화 내용 등이 서버를 거치지 않고 이용자의 휴대전화 안에 바로 저장돼 유출 위험이 없다는 것이었다. 그런데 LG유플러스의 설명대로 통화음성 파일 자체는 휴대전화 내에 저장되는 구조지만, 통화 요약과 통화목록이 서버에 6개월간 저장되는 게 문제가 됐다. 고객이 스마트폰을 교체하거나 앱을 재설치할 경우 연속성 있는 서비스를 위해 서버에 고객의 통화 정보를 잠시 저장한다는 게 회사 측의 설명이다. LG유플러스 관계자는 “고객 여러분께 불편과 심려를 끼쳐 죄송하다. 이후 관계기관 조사에도 적극 협조할 것”이라고 밝혔다.●통신사 AI 서비스 봇물…“편한 만큼 유출 위험도 커져”통신사들의 AI 서비스는 최근 들어 가입자가 급증하고 있다. 익시오 가입자는 이미 100만 명을 웃돌았고 통화 요약 건수도 2억 건을 돌파했다. SK텔레콤의 AI서비스인 ‘에이닷’ 역시 월간활성이용자 수(MAU)가 1000만 명을 넘어섰다. 이처럼 가장 사적이고 내밀한 영역인 통화내용 녹음 및 요약 등에 AI서비스 사용이 일상화되면서, 외부 해킹이 아니어도 사생활이 대규모로 유출될 수 있는 또 다른 위험이 생겨난 것이다. AI 통화앱은 그 특성상 기존에 사용하던 모바일 메신저보다 훨씬 더 많은 데이터가 수집·가공·저장된다. 염흥렬 순천향대 정보보호학과 교수는 “AI 시대에선 작업자의 사소한 실수가 대규모 개인정보 유출·노출 사고로 이어질 가능성이 있어 암호화, 격리 등의 보안 관리 강화가 반드시 필요하다”고 지적했다."
https://n.news.naver.com/mnews/article/020/0003679995?sid=101,2025-12-08 03:05:04,경제,AI가 서버에 자동 저장한 통화요약 유출… 통신사 “작업자 실수”,"[이번엔 통화내용 유출]LGU+ “고객 36명 통화정보 유출… 주민번호 등 민감정보 불포함” 해명15시간 모르다 고객 신고받고 조치… 통신사 ‘AI 서비스’ 사용 일상화“사생활 유출 위험… 보안 관리 시급”LG유플러스의 서버 관리 실수로 인공지능(AI) 서비스 익시오 고객의 통화 정보가 유출되는 사건이 발생했다. 7일 오후 서울 종로구의 LG유플러스 매장 모습. 이한결 기자 always@donga.comLG유플러스의 인공지능(AI) 서비스 ‘익시오’의 고객 통화 내용이 유출되는 사고가 발생했다.회사 측은 외부 해킹이 아닌 서버 관리 실수에 따른 것이라고 해명하고 있지만, 최근 들어 통신사에서 잇달아 대규모 해킹 또는 정보 유출 사건이 반복되면서 이용자들의 불안이 커지고 있다. 통신업계에서는 통신사들이 잇달아 내놓는 통화 내용 요약 등 AI 서비스가 이용자들에게 편리함을 주는 만큼 사생활 유출 위험도 키운다고 지적하고 있다.● 서버 관리 실수로 통화내용 유출… 고객 신고 받고서야 파악7일 LG유플러스에 따르면 이달 2일 오후 8시부터 3일 오전 10시 59분까지 익시오를 새로 설치하거나 재설치한 이용자 101명에게 다른 고객 36명의 통화 내용 요약, 통화 상대방 전화번호, 통화 시각 등이 유출됐다. 익시오는 LG유플러스가 지난해 11월 출시한 AI 서비스로 통화 녹음 및 요약, 실시간 보이스피싱 탐지 등의 기능을 제공한다.LG유플러스 측은 익시오 서비스 운영 개선 작업 중 서버 캐시(임시 저장 공간)를 잘못 설정해 발생한 사고라고 설명했다. LG유플러스 관계자는 “이번 사안은 해킹과는 무관하다”며 “주민등록번호, 여권번호 등 민감 정보와 금융 정보는 유출되지 않았다”고 설명했다.고객의 신고로 정보 유출 사실을 인지한 LG유플러스는 원인 파악과 복구 작업을 벌였다. 이후 해당 고객 전원에게 전화로 안내를 진행했으며, 연락이 어려운 고객에게는 문자 등을 통해 사실을 알렸다. 개인정보보호위원회에는 6일 오전 9시 신고를 완료했다. LG유플러스 측은 “유출 피해 대상이 1000명 이상이거나 민감 정보가 포함되면 해당하는 신고 요건에는 부합하지 않았지만, 당국에 자발적으로 신고한 것”이라고 설명했다. 그러나 15시간 가까이 통화 내용 유출 사실을 파악하지 못하다가 고객 신고를 받고서야 이를 인지하고 뒤늦게 조치에 나섰다는 점에서 통신사의 개인정보 관리가 허술했던 것 아니냐는 지적이 나왔다.그간 LG유플러스는 익시오가 다른 통신사들의 AI 서비스와 달리 ‘온디바이스 AI’라는 점을 내세워 보안이 최대 강점이라고 홍보해왔다. 통화 내용 등이 서버를 거치지 않고 이용자의 휴대전화 안에 바로 저장돼 유출 위험이 없다는 것이었다. 그런데 LG유플러스의 설명대로 통화음성 파일 자체는 휴대전화 내에 저장되는 구조지만, 통화 요약과 통화 목록이 서버에 6개월간 저장되는 게 문제가 됐다. 고객이 스마트폰을 교체하거나 앱을 재설치할 경우 연속성 있는 서비스를 위해 서버에 고객의 통화 정보를 잠시 저장한다는 게 회사 측의 설명이다. LG유플러스 관계자는 “고객 여러분께 불편과 심려를 끼쳐 죄송하다. 이후 관계기관 조사에도 적극 협조할 것”이라고 밝혔다.● 통신사 AI 서비스 봇물… “편한 만큼 유출 위험도 커져”통신사들의 AI 서비스는 최근 들어 가입자가 급증하고 있다. 익시오 가입자는 이미 100만 명을 웃돌았고 통화 요약 건수도 2억 건을 돌파했다. SK텔레콤의 AI 서비스인 ‘에이닷’ 역시 월간활성이용자 수(MAU)가 1000만 명을 넘어섰다. 이처럼 가장 사적이고 내밀한 영역인 통화내용 녹음 및 요약 등에 AI 서비스 사용이 일상화되면서, 외부 해킹이 아니어도 사생활이 대규모로 유출될 수 있는 또 다른 위험이 생겨난 것이다. AI 통화 앱은 그 특성상 기존에 사용하던 모바일 메신저보다 훨씬 더 많은 데이터가 수집·가공·저장된다. 염흥렬 순천향대 정보보호학과 교수는 “AI 시대에선 작업자의 사소한 실수가 대규모 개인정보 유출·노출 사고로 이어질 가능성이 있어 암호화, 격리 등의 보안 관리 강화가 반드시 필요하다”고 지적했다."
https://n.news.naver.com/mnews/article/008/0005288524?sid=105,2025-12-08 06:00:00,IT/과학,"LGU+ 익시오, 고객 36명 통화정보 유출됐지만…""우린 달라"" 이유가","서비스 개선 중 캐시 설정 오류""외부 해킹과 무관…자진신고""/사진=LG유플러스LG유플러스에서 가입자 36명의 AI(인공지능) 통화 앱(애플리케이션) '익시오' 통화정보가 유출됐다.7일 통신업계에 따르면 지난 2일 저녁 8시부터 3일 오전 10시59분까지 약 15시간 동안 LG유플러스 익시오를 신규·재설치한 가입자 101명에게 36명의 통화정보가 공개되는 사고가 발생했다. 공개된 내용은 가입자 36명의 △통화내용 요약 △상대방 전화번호 △통화시각 등이다. 이 중 통화요약은 통화내용 전문이 아닌 AI가 자동요약한 내용이다.LG유플러스 측은 이와 관련, 익시오 서비스 운영개선 과정에서 발생한 것으로 내부개발자가 임시저장공간(캐시) 설정을 잘못해 발생했다고 해명했다. 또 고객신고로 문제를 인지한 즉시 원인파악 및 복구작업을 진행해 통화정보가 보이지 않도록 했고 전날 오전 9시 개인정보보호위원회에 신고했다고 밝혔다. 해킹이 아닌 만큼 한국인터넷진흥원(KISA)에는 사이버침해 신고를 하지 않았다.회사 측은 이번 사건이 개인정보 유출사건과 다르다는 입장이다. 개발자가 퇴사하면서 개인정보를 빼돌리거나 외부 해킹한 것이 아닌 데다 공개된 내용도 고유식별번호나 금융정보는 포함되지 않아 2차 피해 우려가 없다는 설명이다. 회사 관계자는 ""통화정보 유출 대상이 소수여서 개인정보보호법상 의무신고 대상이 아니지만 최근 개인정보 유출 사고가 잇따르고 있어 자발적으로 신고했다""고 말했다.다만 그간 LG유플러스는 익시오의 통화녹음·요약이 온디바이스 AI로 구동돼 정보 유출 가능성이 없다고 홍보해온 만큼 의문이 남는다. 회사 측은 ""통화 음성파일과 풀텍스트는 서버에 저장하지 않지만 고객이 스마트폰을 교체하거나 앱을 재설치할 경우 연속성 있는 서비스를 위해 6개월간 요약문서를 서버에 저장한다""고 했다."
https://n.news.naver.com/mnews/article/022/0004088376?sid=101,2025-12-08 06:03:20,경제,돌아온 ‘주파수 쩐의 전쟁’… 2.6㎓ 가격 형평성 논란 여전,"주파수 재할당 이통 3사 ‘동상이몽’과기정통부, 주파수 재할당 조건이통 3사의 망 고도화 투자 유도가격도 기준가서 최대15% 인하2.6㎓ 대역 놓고 사업자 의견차SKT “동일 주파수 동일 대가를”LGU+ “정책 일관성 고려” 반박재할당 시기마다 다른 정부 기준“제도 일관성·투자 안정성 필요”정부가 내년 만료되는 3G·LTE 주파수 재할당 조건으로 5G 단독모드(SA) 서비스 제공을 의무화하고 기준 가격은 15%가량 낮추기로 했다. 이동통신사들은 주파수 할당 시기별로 경매가가 달랐던 탓에 재할당 적정 가격을 두고 논쟁이 거셌는데, 정부는 당시 합의를 기준으로 삼겠다는 입장이다.서울 서대문구의 한 휴대폰 대리점에 이동통신 3사의 로고 간판이 걸려 있다. 정부는 내년 만료되는 주파수 재할당과 관련해 직전 할당 가격을 기준 가격으로 삼고, 5G 실내망 투자를 늘리면 15%까지 할인해주는 방안을 제시했다. 전파법 시행령에 따라 정부는 동일하거나 유사한 용도의 주파수 대가와 주파수 특성·대역폭, 이용기간·용도 등을 고려해 할당 대가를 산정할 수 있다. 세계일보 자료사진7일 정보통신기술(ICT) 업계에 따르면 과학기술정보통신부는 최근 이런 내용의 주파수 재할당 세부정책방안을 공개했다. 내년에 만료되는 주파수는 800㎒(메가헤르츠), 900㎒, 1.8㎓(기가헤르츠), 2.1㎓, 2.6㎓ 대역에서 370㎒폭이다. 대부분 5년 전 재할당했던 대역폭이고, 일부는 2016년 경매로 할당된 주파수가 10년이 지나 이용기간이 끝나는 경우다.정부는 서비스 연속성 등을 고려해 기존 주파수 이용자에게 재할당하고, 그 조건으로 5G SA 서비스 제공을 의무화하기로 했다. 국내 통신사들은 5G 서비스에서 LTE 주파수를 활용하는 비단독모드(NSA)를 사용하는 중이다. 5G SA는 물리적 네트워크를 다수의 가상 네트워크로 분리해 서비스하는 ‘네트워크 슬라이싱’이 가능해 인공지능(AI) 시대 급증하는 트래픽에 대응할 필수 인프라로 꼽힌다. 망을 고도화하는 데 비용이 많이 들기 때문에 국내 통신사들 참여가 저조했다.5G SA가 퍼지고 3G·LTE 자원 중요도가 떨어지고 있는 점을 고려해 주파수 재할당가 가격도 조정했다. 기준가에서 최대 15% 내릴 전망이다. 정부는 이용기간 등 세부 내용을 올해 안에 확정하고 통신사는 이를 반영해 재할당 신청을 준비하게 된다.◆가격 형평성 논란주파수 재할당을 두고 이번에도 통신사 간 신경전이 치열했다. SK텔레콤과 LG유플러스는 같은 대역을 LTE 용도로 쓰고 있는데, 두 회사의 할당 비용 등이 달라서다. SK텔레콤은 같은 주파수를 같은 가격에 할당해야 한다고 주장했고, LG유플러스는 정책 일관성을 고려해야 한다고 반박했다.2.6㎓ 대역에서 SK텔레콤과 LG유플러스는 각각 60㎒, 40㎒를 보유 중이다. LG유플러스는 이 대역폭을 2013년 4788억원(이용기간 8년)에 낙찰받은 뒤 2021년 27.5%를 할인받은 2169억원(5년)에 재할당받았다. SK텔레콤은 2016년 1조2777억원을 두 개 블록(40㎒+20㎒) 경매가로 냈다. SK텔레콤 측은 자사가 매년 ㎒당 23억8000만원, LG유플러스는 10억8000만원을 내는 셈이라고 강조한다.쉽게 말해 두 회사가 다른 시기에 같은 집을, 당시 시장 환경에 맞는 가격을 주고 샀다. 시간이 지나 두 집의 재계약 시기가 같아졌는데, 현재의 환경을 반영해 가격을 맞출지, 기존 계약가를 기준으로 조정할지에 대해 의견이 갈린다. SK텔레콤은 “중고차 시장에서도 같은 상태·차종은 가격이 동일하다”고 주장한다. 높은 낙찰가가 변하지 않는 기준이 되면 시장 상황에 따라 기업 부담이 커질 수 있단 우려도 제기했다. KT 측도 경매가가 유지되는 데 대해선 논의가 필요하다는 입장이다.LG유플러스는 이런 주장에 “왜곡한 해석”이라고 반박했다. 박경중 LG유플러스 대외협력담당(상무)은 “2021년 재할당 당시 적용된 K-means 방식은 경매 이전에 심사할당으로 할당한 주파수에 대해서는 자기 경매가격이 없어서 해당 심사할당 주파수의 적절한 가치를 산정하기 위해 사용됐다”며 “같은 C그룹 내에서도 모든 주파수에 대해 자기 경매대가를 반영해 각자 다른 가치가 적용됐다”고 말했다. SK텔레콤은 40㎒, 20㎒를 광대역으로 묶어 쓸 수 있어 활용 가치도 달랐다는 게 LG유플러스 측 설명이다.◆“재할당 기준 투명성 높여야”재할당을 앞두고 통신사 간 또는 통신사와 정부 간 갈등이 발생하는 건 재할당 시기마다 정부 기준이 다르게 적용돼서다. 할당가는 전파법 시행령을 따르되 정부 재량이 작용하는 식이다. 2021년 LTE 재할당 당시에도 통신사가 추정한 적정 가격과 실제 대가가 두 배 가까이 차이 나 불만이 나왔다.통신사들은 정부에 제도 일관성과 투자 안정성을 요구한다. 예측 가능성을 높이기 위해 주파수 재할당 기준을 명확히 해야 한다는 것이다. 서울대 경제규제와 법 학술지에 실린 ‘주파수 재할당 대가산정의 원칙정립을 위한 고려사항’ 보고서는 “재할당 대가산정의 예측 가능성이 낮아 사업자들의 중장기적 전략 수립에 차질을 초래할 우려가 존재한다”며 “경매 중심의 패러다임에서 전환해 경매를 통한 신규할당과 정부 산정 대가 할당 방식의 재할당을 조화롭게 운용할 수 있는 원칙을 정립해야 한다”고 제안했다. 이어 “경매 낙찰가 등을 반영하는 원칙에 대한 사회적인 공감대 형성을 위한 논의가 시급하다”고 덧붙였다.한국전자통신연구원도 “영국처럼 (할당을) 무기한 기반으로 하고 당국은 대가산정에 집중, 협의 절차를 공론화하면 투명성과 예측 가능성이 높아질 것”이라고 했다."
https://n.news.naver.com/mnews/article/422/0000809668?sid=102,2025-12-08 09:05:08,사회,[사건사고] LGU+ '익시오'서 통화내용 노출…반복되는 통신사 사고 外,"사건 사고입니다.▶ LGU+ '익시오'서 통화내용 노출…반복되는 통신사 사고첫 번째 소식입니다.SKT와 KT에 이어 LG유플러스에서도 정보 유출 사고가 발생했습니다.LG유플러스 앱 '익시오'에서 이용자들의 통화 정보가 다른 고객에게 유출된 건데요.회사 측은 해킹이 아닌 작업 실수라고 해명했지만, 계속되는 통신사들의 정보 유출 사고에 정보 보호 불감증이 다시금 도마에 오르고 있습니다.자세한 내용은 문형민 기자가 전해드립니다.▶ 강원도 춘천서 음식점 화재…카페 건물 1동 전소보시는 곳은 강원도 춘천시 삼천동의 한 음식점입니다.어제 오전 5시 30분쯤 이곳에 불이 났다가 1시간 30분 만에 꺼졌는데요.이 화재로 닭갈비 음식점 일부가 불에 탔고. 카페로 사용하던 18평 규모의 건물 1동이 전소됐습니다.다행히 인명피해는 없었습니다.경찰과 소방당국은 정확한 화재 원인과 피해 규모를 조사하고 있습니다.▶ 경북 영덕 앞바다서 실종된 70대 선장 숨진 채 발견마지막 소식입니다.홀로 어선을 타고 조업에 나섰다가 실종된 70대 선장이 수색 이틀째인 어제 심정지 상태로 발견됐습니다.울진해양경찰서는 어제 오전 8시 5분쯤, 경북 영덕군 축산항 남측 500m 지점 갯바위 인근에서 A씨를 발견했다고 밝혔는데요.A씨는 병원으로 이송됐지만 끝내 숨졌습니다.앞서 해경은 지난 6일 오후, 혼자 어선을 몰고 나갔던 A씨가 실종됐다는 신고를 받고 수색에 나섰으며, 정확한 사고 경위를 조사하고 있습니다.연합뉴스TV 기사문의 및 제보 : 카톡/라인 jebo23"
https://n.news.naver.com/mnews/article/117/0004015726?sid=105,2025-12-08 10:58:08,IT/과학,"LGU+ 익시오 통화 정보 노출 파장… 통신사, AI 보안 신뢰 흔들","내부 설정 오류로 통화 요약·번호·시각 노출…고객 신고로 뒤늦게 파악해통신사 사고 이어지며 불안 확산…정부, 통신사 보안 점검·기준 강화 예고LG유플러스 용산 사옥./ LG유플러스[마이데일리 = 박성규 기자] LG유플러스 AI 기반 통화비서 익시오에서 이용자 통화 정보가 외부로 노출된 사실이 확인되면서 통신사 AI 보안 체계 전반에 불신이 커지고 있다. LG유플러스는 내부 설정 오류라고 해명했지만, 연이어 발생한 통신권 정보 사고와 맞물려 보안 관리 능력에 대한 의문이 다시 부상했다.8일 통신업계에 따르면 LG유플러스는 2일 오후 8시부터 3일 오전 10시 59분까지 익시오를 새로 설치하거나 재설치한 이용자 101명에게 다른 고객 36명의 통화 요약 내용, 상대방 번호, 통화 시각이 전달된 사실을 확인했다. 회사가 자체 모니터링이 아닌 고객 신고로 사고를 인지한 점은 관리 체계가 허술했다는 비판으로 이어졌다.LG유플러스는 이번 사고가 해킹이 아니라 서버 임시저장 기능을 개선하는 과정에서 설정 오류가 발생한 결과라고 설명했다. 주민등록번호나 금융 정보 같은 민감 데이터는 포함되지 않았고 법적 신고 요건에도 해당하지 않지만, 회사는 신뢰 확보 차원에서 개인정보보호위원회에 자진 신고했다.다만 통화 요약 파일이 일정 기간 서버에 머무르는 과정에서 사고가 발생한 만큼, ‘온디바이스 중심’이라는 익시오 홍보와 실제 운영 간 괴리가 드러났다는 지적이 제기된다.서울 시내 한 통신 3사 대리점. /뉴시스이번 사고는 통신 3사가 올해 내내 겪어온 보안 논란과 맞물려 파장을 키우고 있다. SK텔레콤은 4월 대규모 침해 사고로 2324만명의 전화번호, 가입자식별번호(IMSI), 유심 인증키 등 핵심 정보가 유출되며 전국적 유심 교체 혼란이 벌어졌다. KT에서도 비인가 기지국 접속, 악성코드 감염 서버 은폐, 수백명의 소액결제 피해 등 관리 부실이 반복적으로 드러나며 비판을 받았다.AI 서비스 확산도 보안 부담을 한층 가중시키고 있다. 익시오는 가입자 100만명, 통화 요약 2억건을 넘어서며 빠르게 성장했지만, 통화라는 민감한 데이터가 AI와 결합하면서 노출 위험 구간이 넓어지고 있다.보안업계 관계자는 “AI 서비스에서는 해커 침입보다 운영 과정의 단순한 실수도 치명적 결과로 이어질 수 있다”며 “개인정보 분리 저장, 암호화 강화, 접근 권한 세분화 같은 기본 체계를 다시 점검해야 한다”고 말했다.정부는 통신사 보안 역량 강화를 위해 불시 모의해킹 점검을 확대하고, 개인정보보호 관리체계(ISMS-P)의 사후관리 기준을 대폭 강화할 계획이다.한 통신업계 관계자는 “사고가 반복되면 AI 혁신 자체에 대한 신뢰도 흔들릴 수 있다”며 “이번 사안은 통신사가 보안 체질을 근본적으로 재정비해야 할 신호탄이 되고 있다”고 말했다."
https://n.news.naver.com/mnews/article/138/0002211795?sid=105,2025-12-08 11:10:11,IT/과학,[2025결산/통신] 통신보안 균열에 서비스 신뢰 ‘흔들’…AIDC로 ‘새희망’,"지난해 12월3일 계엄 사태로 촉발된 정치 위기는 올해 6월 이재명 정부 출범으로 이어졌다. 정권 교체 직후 내란 특검 정국이 이어지면서 2025년의 캘린더는 유례없이 촘촘했다. 정치·사회적 격랑 속에서도 산업 현장은 멈추지 않았다. 오히려 인공지능(AI)과 디지털 전환, 관세 전면전, 대형 보안 사고가 한꺼번에 쏟아지며 한국 산업 지형은 이전과 전혀 다른 판으로 재배치되는 한 해를 보냈다. 계엄 사태 이후 정책 기조 전환 속에 디지털데일리는 각 분야 결산을 바탕으로 2025년 한국 산업의 흐름을 종합 정리한다. <편집자 주>KT 주요 경영진들이 사과를 하고 있는 모습. 왼쪽부터 네트워크부문장 서창석 부사장, 김영섭 대표, 커스터머부문장 이현석 부사장[디지털데일리 오병훈기자] 2025년 통신업계는 연초부터 연말까지 통신3사를 중심으로 발생한 해킹 및 유출사고로 몸살을 앓았다. SK텔레콤과 KT는 유출 피해가 확인되면서 질타를 받았다. LG유플러스 경우 지난 6일 작업 중 실수로 이용자 통화 정보가 유출되는 사고를 겪었다. 통신3사가 나란히 보안사고에 휘말리면서 가입자들의 신뢰 기반이 흔들렸다.긍정적인 면을 보자면 인공지능(AI) 사업에서 가시적인 성과가 조금씩 나타나고 있다. 올해 글로벌 AI 수요가 폭증함에 따라 AI 데이터센터(AIDC) 사업이 탄력을 받기 시작한 덕분이다. 매출에서도 성과를 보이면서 AI 사업을 향후 비통신 새 먹거리 사업으로 굳히는 분위기다.연말에는 주파수 재할당 논의가 본격화됐다. 조 단위 주파수 할당 대가를 정하는 단계로 통신사 입장에서는 향후 몇년간 영업이익 전망을 좌우하는 순간이다. 정부는 내년 만료되는 3G·LTE 주파수 재할당 방안을 내놓으면서 5G ‘단독모드(SA)’ 전환과 인빌딩 투자를 조건으로 재할당 대가 최대 15% 인하를 제시했다. SK텔레콤과 LG유플러스 사이에서는 2.6GHz 대역을 둘러싸고 신경전을 벌여 업계 주목을 받았다.◆통신사 연쇄 보안사고, 실적 직격탄…기초 신뢰 ‘흔들’지난 4월 SK텔레콤 유심칩 데이터 유출 사고로 업계가 들썩였다. 공격자가 SK텔레콤의 핵심 서버에 침입해 가입자 2300여명 식별번호(IMSI)와 단말기 고유식별번호(IMEI) 등 인증정보를 탈취했다. 소비자와 밀접한 통신 서비스에서 발생한 대규모 유출 사고였던 탓에 파장이 더 컸다.정부는 민관합동조사단을 가동했으며 조사 결과 암호화 미비 등 SK텔레콤 관리 부실을 확인했다. 이에 대해 개인정보보호위원회에서는 약 1350억원 과징금을 부과했다. 단일 사업자 대상으로는 역대 최대 규모 과징금이었다. 정치권에서는 SK텔레콤에게 해지 위약금 면제를 요구했다.가입자 이탈이 가속화되면서 SK텔레콤도 진화에 나섰다. 공식사과와 더불어 지난 7월 보상안 ‘고객 감사 패키지’를 제시했다. 정치권 바람대로 해지 위약금을 면제했다. 8월 한달 요금 50% 감면과 50기가바이트(GB) 추가 데이터 제공 등 약 5000억원 규모 보상안도 포함됐다. 동시에 사이버 보안 투자를 향후 5년간 7000억원으로 확대하겠다는 계획도 내세웠다.파장은 실적에도 영향을 미쳤다. SK텔레콤은 올해 2분기와 3분기 모두 영업이익 감소를 기록했다. 가입자가 이탈하면서 통신 사업 매출이 하락하고 보상안 추진 과정에서 비용 지출이 늘었기 때문이다. 올 2분기 SK텔레콤 연결 매출은 4조3388억원으로 전년 동기보다 1.9% 감소했다. 영업이익은 3383억원으로 전년 동기 보다 37.1% 감소했다. 3분기에는 연결매출 3조9781억원, 영업이익 484억원을 기록했다. 각각 12.2%, 90.9% 감소한 수치다.지난 5월 2일 열린 SK텔레콤 유출사태 수습 데일리브리핑 현장에서 유영상 당시 SK텔레콤 대표를 비롯한 임원들이 유출사태와 관련해 사과하고 있다.9월에는 KT가 불법 초소형기지국(펨토셀) 해킹 사태로 질타를 받았다. 이 사건은 현재도 조사가 진행 중이다. 정부 중간조사 결과 KT 관리망 밖에 존재하는 불법 펨토셀 20대를 식별했다. 해커들은 이 불법 펨토셀을 통해 가입자 2만2227명 IMSI·IMEI·전화번호를 탈취했다. 이 가운데 368명이 약 2억원대 금전 피해를 입었다.펨토셀이 중앙 망에 접속하기 위해 필요한 인증서를 10년 넘게 재사용하고 장비 종단 간 암호화를 해제한 채 평문으로 인증정보를 주고받는 등 관리 부실이 원인으로 지목됐다. 당국 조사 이전에 서버를 교체해 사건 은폐 의혹도 이어졌다.KT에서는 SK텔레콤과 달리 전 가입자에 대한 위약금 면제는 진행하지 않았다. 불법 펨토셀을 통해 정보 유출이 확인된 2만2227명을 대상으로만 위약금 면제를 진행하기로 했다. 유심칩 무료 교체는 전 가입자 대상으로 현재도 진행 중이다.LG유플러스에서는 지난 2일 AI 서비스 ‘익시오(ixi-O)’ 운영 개선 과정에서 이용자 36명의 통화 정보가 유출되는 사고가 발생했다. 해킹과는 무관하며 작업 과정에서 캐시 설정 오류인해 타 101명 사용자에게 이들의 정보가 유출됐다는 설명이다. 이에 지난 6일 LG유플러스는 개인정보보호위원회에 해당 사실을 신고했다고 밝혔다.앞서 지난 7월에는 화이트해커 매거진 ‘프랙’ 등을 통해 KT와 LG유플러스 서버 해킹 정황이 발견되기도 했다. 관련해 한국인터넷진흥원(KISA)은 당시 해당 자료를 토대로 양사에 해킹 의심 사실을 통보했다. 이에 대해 두 회사는 공통적으로 “침해 사실 없다”고 회신한 뒤 신고하지 않았다.10월 국정감사 과정에서 두 회사의 해킹 사고 은폐 의혹도 불거졌다. KT는 KISA의 해킹 신고 권고 이후 서버를 폐기했다. LG유플러스는 서버를 재설치하는 행보로 의심을 샀다. LG유플러스 경우 명확한 사실 조사를 위해 10월 국정감사 기간 중 KISA 해킹 정황을 신고했다.KT나 LG유플러스의 경우 해킹 및 유출 의혹에 따른 파장이 2~3분기 실적으로 이어지지는 않았다. KT 경우 SK텔레콤 때만큼 심각한 가입자 이탈이 없었고 부동산 사업에서 좋은 성과를 낸 덕분이다. LG유플러스는 3분기 퇴직금 지급 등으로 1회성 비용 지출이 있었지만 이를 제하면 통신 사업에서 양호한 성과를 냈다는 평가다.KT의 올 3분기 연결 매출은 7조1267억원으로 전년 동기보다 7.1% 증가했다. 영업이익은 5382억원으로 같은 기간 16% 늘었다. LG유플러스 매출과 영업이익은 각각 4조108억원, 1617억원으로 집계됐다. 각각 전년 동기보다 5.5%증가하고 34.3% 감소했다. LG유플러스의 영업이익 감소는 희망퇴직에 따른 퇴직금 지급 비용이 포함됐기 때문이다.[ⓒSK텔레콤]◆AIDC, 효자 사업 될까…AI 수요 폭증에 관련 사업도 성장통신사 해킹 문제로 신뢰 문제를 겪었지만 AI 사업은 비교적 순조롭다. 특히 글로벌 AI 수요 폭증으로 AIDC 사업에서 가시적인 성과를 내고 있다.SK텔레콤은 올해 인수한 판교 데이터센터의 그래픽처리장치(GPU) 임차지원 사업 수주로 AIDC 사업에서만 올해 3분기 전년 동기보다 53.8% 증가한 약 1500억원 매출을 기록했다. 데이터센터 내 GPU 인프라 전 과정을 지원하는 서비스형 GPU(GPUaaS) 사업을 통한 매출이 확대됐다.지난 9월에는 SK그룹 차원에서 추진한 ‘SK AIDC 울산’ 착공을 시작했다. 이곳에는 아마존웹서비스(AWS)가 입점할 예정이다. 또 서울 지역 AIDC 추가 건설로 기업들의 AI 인프라 수요에 적극 대응하고 매출 확보에도 속도를 낸다. 서울 구로구 지역에 추가 AIDC 건설을 추진 중이며 현재 설계를 착수한 단계다.KT도 AIDC 확장에 돌입했다. 지난 6월 경북 AI 클라우드 데이터센터를 준공했으며 11월에는 가산 AIDC를 개소했다. 지난해 개관한 고양시 백성 AIDC와 기존 청주 AIDC에 입주한 기업의 데이터 사용량 증가로 클라우드 서비스 계열사 KT클라우드 올해 3분기 매출도 전년 동기보다 20.3% 증가한 2490억원 증가했다.LG유플러스도 지난 4월 경기 파주시에 초거대 AIDC 투자 계획을 밝힌 바 있다. 지난해 LG디스플레이로부터 매입한 부지에 서버 10만대 이상 수용 가능한 하이퍼스케일 AIDC를 짓겠다는 구상이다. 기존에 구축된 평촌2센터 신규 고객사 입주로 가동률이 상승하고 타사 데이터센터 위탁 운영 사업 성과 덕분에 올 3분기 AIDC 매출은 전년 동기 대비 14.5% 증가한 1031억원을 기록했다.지난 1일 열린 ‘이동통신 주파수 재할당 세부 정책방안 공개설명회’ 현장◆주파수 재할당, SA 전환 조건과 SKT·LGU+의 다른 셈법이런 상황에서 지난 1일 열린 ‘이동통신 주파수 재할당 세부 정책방안 공개설명회’는 통신업계 새로운 분수령으로 떠올랐다. 과학기술정보통신부(과기정통부)는 ‘5G 단독모드(SA)’ 의무 전환을 조건으로 내년 이용기간이 만료되는 3G·LTE 370메가헤르츠(㎒) 폭 전체를 기존 사업자에게 재할당하기로 했다. 여기에 LTE 주파수 재할당 대가는 직전 경매 기준가격 대비 15% 인하 해주기로 했으며 인빌딩(실내) 투자 때는 추가 할인을 적용하기로 했다.국내 5G는 지금까지 대부분 LTE 코어망을 함께 쓰는 ‘비단독모드(NSA)’ 기반이다. 정부는 LTE망 가치 하락과 5G SA 확산 필요성을 감안해 기존 경매가를 대가 산정 기준으로 유지하되 5G SA 전환·실내 기지국 확대 등 조건 이행 정도에 따라 재할당 대가를 최대 15%까지 깎아주겠다는 입장이다. 이에 따라 최저 주파수 재할당 대가 기준은 2조9000억원 규모로 책정됐다.SA 전환은 통신사 입장에서 투자 비용 증가로 직결되는 문제다. 비용이 증가하면 영업이익 등 실질적인 성과에도 큰 영향을 미치기 때문에 통신사들도 정부의 주파수 재할당 안을 두고 각자 계산기를 두들기고 있는 상황이다.지금까지 통신사들은 대체로 SA 전환에 대해 소극적인 입장을 고수해왔다. 한국 통신 규제 특성상 요금제를 기업 마음대로 인상할 수 없는 상황이다. 여기에 SA 전환에 따른 실질적인 수익모델(DM)도 불명확해 투자 대비 이익도 보장할 수 없다.정부는 주파수 대역 이용기간 단축도 허용하기로 했다. 그간 주파수 이용 기간은 안정적인 서비스를 위해 통상 5년 단위로 설정 됐다. 이번 재할당에서는 오는 2030년 6G 전환을 대비해 광대역 확보 차원에서 1.8기가헤르츠(㎓) 대역과 2.6㎓ 대역 주파수 대역 이용기간은 3년으로 설정했다. 3G 용도로 활용 중인 2.1㎓ 대역에 대해선 3G 종료시 사업자가 LTE 세대 이용할 것인지 선택지를 열어뒀다.재할당 정책 발표 과정에서 벌어진 SK텔레콤과 LG유플러스의 신경전도 관심을 끌었다. 2.6㎓ 대역 재할당을 둘러싼 SKT와 LGU+의 시각차다. 같은 2.6㎓ 대역에서 SK텔레콤은 D블록 40㎒폭과 E블록 20㎒폭 총 60㎒폭을 사용중이다. LG유플러스 경우 40㎒폭을 사용 중이다.SK텔레콤은 같은 대역을 사용하고 있는 상황에서 LG유플러스보다 높은 비용을 지불하고 있는 상황을 문제 삼았다. SK텔레콤은 지난 2016년 주파수 경매에서 2.6㎓대역 40㎒폭을 9500억원에 낙찰받아 사용 중이지만LGU+는 2013년 경매에서 같은 대역 40㎒을 4788억원에 낙찰받아 8년 이용 이후 2021년 재할당을 통해 27.5% 할인을 받게 되면서 대가 차이가 발생했다는 설명이다.이에 SK텔레콤은 ‘동일 주파수 동일 대가’ 원칙을 언급하며 이번 재할당에서 유사한 수준으로 낮춰야 한다는 입장을 밝혔다.LG유플러스 계산은 다르다. 같은 주파수라고 하더라도 기업 상황과 시장 상황에 따라 가치는 다르게 평가될 수 있다는 입장이다. 구체적으로 SK텔레콤이 보유한 2.6㎓ 대역 60㎒ 폭 주파수는 단일 장비로 운용이 가능하다는 설명이다. 단일 장비를 통해 주파수를 운용할 수 있다는 것은 곧 주파수 효율이 높다는 의미한다. 이에 따라 경제적 가치도 달리 평가될 수 있다는 것이다. 전파법상 동일 대역이라 하더라도 용도·폭·보유 시점이 다르면 동일 용도로 보기 어렵다는 설명이다.정부는 LG유플러스 수준으로 가격을 낮춰달라는 SK텔레콤의 요구를 사실상 수용하지 않은 것으로 풀이된다. 과거 경매가를 기준으로 대가 인하를 적용하는 수준에서 가격을 조정하겠다는 기조다.오용수 과학기술정보통신부 전파정책국장은 지난 1일 열린 ‘이동통신 주파수 재할당 세부 정책방안 공개설명회’에서 “2.6㎓ 대역이 비싸다고 생각한다면 재할당을 받지 않으면 된다”고 강경한 입장을 내비쳤다."
https://n.news.naver.com/mnews/article/081/0003598899?sid=101,2025-12-08 11:13:10,경제,"이야기모바일, LG U+ ‘알파클럽’ 선정","㈜큰사람커넥트의 알뜰폰 브랜드인 이야기모바일이 2025년 LG U+의 ‘알파클럽(Alpha Club)’에 선정되며 3회 수상의 쾌거를 달성했다고 밝혔다.‘알파클럽’은 LG U+망을 사용하는 MVNO(알뜰폰) 사업자 중 서비스 품질, 고객 만족도, 가입자 성장률, 운영 안정성 등을 종합 평가하여 가장 우수한 브랜드에게 수여되는 상이다. 이야기모바일의 이번 수상은 최상위 수준의 서비스 안정성과 운영 역량을 공식적으로 인정받았다는 의미를 지닌다. 이는 자회사 및 금융권을 제외한 중소기업 알뜰폰 회사 중에서 TOP5 내에 들 정도로 업계 경쟁력을 확보하고 있다는 평가다.이야기모바일은 특히 고객센터 응대율 98%를 기록하는 등 이용자 불편을 최소화하는 운영 시스템에서 높은 평가를 받았다. 최근 마이헬스케어, 마이폰케어, 마이피싱케어 등 실생활과 밀접하고 다양한 라이프스타일을 반영한 케어 서비스를 선보이며 12월 온라인 가입자 대상 3종 중 1종을 평생 무료로 제공하는 프로모션도 진행 중이다.특히 공공 부문에서의 신뢰성 역시 눈에 띈다. 이야기모바일은 10년 연속 우체국 알뜰폰 사업자로 선정된 통신사로, 오랜 협력 과정에서 구축한 신뢰성과 안정적인 운영 역량을 인정받고 있다. 이야기모바일은 우체국 알뜰폰 채널을 통해 꾸준한 고객 유입과 충성도 높은 사용자층을 확보하며 브랜드 경쟁력을 강화해 왔다는 평가다.더불어 이야기모바일은 2025년 소비자만족 브랜드대상 알뜰폰 부문 1위를 수상하며 브랜드 선호도와 서비스 만족도에서도 높은 성과를 기록했다. 가격 경쟁력을 넘어 고객 경험 전반의 안정성과 편의성을 강화해 온 전략이 시장에서 긍정적인 결과로 이어지고 있다는 방증이다.이야기모바일 관계자는 “알파클럽 3회 수상은 LG U+망을 기반으로 하는 알뜰폰 사업자 중에서 최우수 사업자로 공식 인정받았다는 의미”라며, “고객이 실제로 체감하는 서비스 품질을 인정받은 결과다. 앞으로도 안정적인 통신 품질과 고객 중심의 혜택 서비스를 지속 확대해 알뜰폰 시장에서 차별화된 브랜드로 성장하겠다”라고 밝혔다."
https://n.news.naver.com/mnews/article/029/0002998087?sid=105,2025-12-08 11:18:20,IT/과학,"이야기모바일, LG U+ ‘알파클럽’ 수상","알뜰폰 우수 브랜드로 주목받아㈜큰사람커넥트 제공㈜큰사람커넥트의 알뜰폰 브랜드인 이야기모바일이 2025년 LG U+의 ‘알파클럽(Alpha Club)’에 선정되며 총 3회 수상의 쾌거를 달성했다고 5일 밝혔다.‘알파클럽’은 LG U+망을 사용하는 MVNO(알뜰폰) 사업자 중 서비스 품질, 고객 만족도, 가입자 성장률, 운영 안정성 등을 종합 평가하여 가장 우수한 브랜드에게 수여되는 상이다. 이야기모바일은 이번 수상을 통해 서비스 안정성과 운영 역량을 공식적으로 인정받았다.이야기모바일은 자회사 및 금융권을 제외한 중소기업 알뜰폰 회사 중 TOP5 내에 들 정도로 업계 경쟁력을 확보하고 있다. 특히 고객센터 응대율 98%를 기록하는 등 이용자 불편을 최소화하는 운영 시스템에서 높은 평가를 받았다. 최근에는 마이헬스케어, 마이폰케어, 마이피싱케어 등 실생활과 밀접하고 다양한 라이프스타일을 반영한 케어 서비스를 선보이고 있으며, 12월 온라인 가입자 대상 3종중 1종을 평생 무료로 제공하는 프로모션도 진행 중이다.공공 부문에서의 신뢰성도 높다. 이야기모바일은 10년 연속 우체국 알뜰폰 사업자로 선정된 통신사로 꾸준한 고객 유입과 충성도 높은 사용자층을 확보하며 오랜 협력 과정에서 구축한 신뢰성과 안정적인 운영 역량을 인정받고 브랜드 경쟁력을 강화해 왔다.가격 경쟁력을 넘어 고객 경험 전반의 안정성과 편의성을 강화해 온 전략이 시장에서 긍정적인 결과로 이어지고 있다. 그 결과, 이야기모바일은 2025년 소비자만족 브랜드대상 알뜰폰 부문 1위를 수상하며 브랜드 선호도와 서비스 만족도에서도 높은 성과를 기록했다.이야기모바일 관계자는 “알파클럽 3회 수상은 LG U+망을 기반으로 하는 알뜰폰 사업자 중에서 최우수 사업자로 공식 인정받았다는 의미”라며, “이는 고객이 실제로 체감하는 서비스 품질을 인정받은 결과다. 앞으로도 안정적인 통신 품질과 고객 중심의 혜택 서비스를 지속 확대해 알뜰폰 시장에서 차별화된 브랜드로 성장하겠다”라고 밝혔다."
https://n.news.naver.com/mnews/article/421/0008648958?sid=105,2025-12-08 14:20:23,IT/과학,통화 정보 저장한 LGU+…AI 비서 '불신' 커지나,"'온디바이스' 강조했지만 캐시 서버에 통화 정보 6개월간 저장통화 녹음 기능 기반 '초개인화 AI 비서' 사업 확장 전략 제동LG유플러스가 인공지능(AI) 통화 앱 '익시오' 이용 고객 36명의 통화정보가 유출된 사실을 개인정보보호위원회(개보위)에 자진 신고했다. 주민등록번호, 여권번호 등 고유 식별정보와 금융정보는 유출되지 않았다고 LG유플러스는 밝혔다. 사진은 7일 서울 시내 한 LG 유플러스 매장의 모습. 2025.12.7/뉴스1 ⓒ News1 김성진 기자(서울=뉴스1) 이기범 기자""LG유플러스는 익시오를 인공지능(AI) 통화 앱이 아닌 초개인화 AI 에이전트로 발전할 수 있도록 서비스를 고도화해 나갈 예정이다.""가입자 통화 정보가 유출되는 사고 발생하면서 LG유플러스(032640)의 '초개인화 AI 비서' 전략에 제동이 걸렸다. LG유플러스는 보안성을 강조하며 통화 녹음 기능을 기반으로 AI 전화앱 '익시오'의 서비스 확장 전략을 펴 왔다. 이번 사태로 이용자 신뢰가 흔들리면서 AI 비서의 보안 문제가 화두가 될 전망이다.글로벌 진출까지 타진해왔지만…'보안' 발목8일 통신 업계에 따르면 LG유플러스는 지난해부터 AI 중심의 조직 개편을 단행하며 개인용(B2C) 서비스 발굴에 힘을 쏟아왔다. 결과물이 지난해 11월 출시된 익시오다. 통화 녹음 기능에 AI를 접목해 통화 요약 등 각종 편의 기능을 제공하는 게 특징이다.100만 가입자를 확보하면서 사업 가능성을 확인한 LG유플러스는 익시오 중심의 초개인화 AI 비서를 핵심 B2C 사업으로 내세워왔다. 지난달에는 구글과 통화 중 실시간 AI 호출 기능을 선보이기도 했다. 동남아 지역을 중심으로 글로벌 진출도 타진해오고 있었다.문제는 보안이었다. LG유플러스는 통화 내용을 서버가 아닌 기기 내에 저장하는 '온디바이스' 기반 기술이라는 점을 강조하며 민감한 통화 데이터를 안전하게 처리하고 있다고 강조해왔다.그러나 이번 사고를 계기로 통화 관련 정보 및 통화 내용 요약본까지 서버에 저장한다는 사실이 확인됐다.익시오의 개인정보처리방침에 따르면 LG유플러스는 데이터 백업을 이유로 이용자의 통화 요약 상세 내용 및 통화 한줄 요약 정보, 통화 내역을 분석한 키워드 등을 수집일로부터 6개월간 서버에 저장하고 있다.이용 과정에서 생성되는 통화 정보인 △통화 일시 △통화 길이 △수·발신자 번호 △통화 유형 △통화 연결 여부 △녹음 여부 △스팸 여부 등이 함께 저장된다.다른 이용자들에게 노출된 가입자 36명의 통화 관련 정보도 여기에 해당한다.LG유플러스는 외부 해킹이 아닌 내부 작업 과정에서 발생한 실수라고 해명했지만 임시 저장 공간을 운영하는 시스템 구조상 데이터 유출이 가능하다는 사실이 드러났다.지난달 LG유플러스가 AI 통화 앱 '익시오'의 사업 확장 전략을 발표하고 있는 모습. (LGU+ 제공)반복되는 AI 통화 녹음 기능 논란AI 통화 녹음 기능은 2023년 출시된 SK텔레콤(017670)의 '에이닷'이 출시되면서 확산됐다. 애플 '아이폰'에서 통화 녹음 기능이 제한되는 상황에서 통신사 앱을 통해 이를 우회할 수 있는 방법이 생기자 이용자들이 몰려들었다.이후 통화 녹음 기능이 작동하는 방식을 놓고 법적 논란이 뒤따랐다. 음성 통화 데이터를 서버에 저장하는 것 아니냐는 우려와 함께 개인정보보호법·통신비밀보호법 위반 가능성이 제기됐다. 다만 이용자 통화 녹음 행위 자체는 법적으로 규율할 수 없는 문제라는 당국의 판단이 나오고, 접속 기록을 남기지 않는 시스템상 문제를 놓고 시정 권고만 내려지면서 법 위반 논란은 일단락됐다.하지만 이번 사태로 AI 비서 서비스를 놓고 정보 수집 범위 및 이용자 신뢰 문제가 다시 한번 불거질 것으로 보인다.업계 관계자는 ""통신사 통화 녹음 앱 문제가 반복되고 있는데 단말 제조사에서도 통화 요약 등 비슷한 기능을 내놓고 있는 만큼 소비자 편의를 해치지 않으면서 제조사와 협의해 보안성을 강화하는 방안을 강구할 필요가 있다""고 말했다."
https://n.news.naver.com/mnews/article/003/0013645543?sid=105,2025-12-08 15:13:09,IT/과학,"""직원 실수라지만"" LGU+ 가입자 AI 통화 데이터 유출, 간과해선 안되는 이유","추가 피해 우려에…""확인 즉시 수정, 확대 가능성 없다"" 해명아이폰 등 단말서 지원 안 되는 '통화내용 요약'은 서버 거쳐6개월간 보관은 단말 교체, 앱 재설치시 서비스 연속성 목적""이번 일도 해킹이랑 똑같이 보안팀 대비할 수 있게 했어야""[서울=뉴시스] 김진아 기자 = LG유플러스가 AI 통화비서 서비스 ‘익시오’의 운영 개선 작업 과정에서 발생한 고객 통화정보 유출 사실을 개인정보보호위원회에 자진 신고했다. 사진은 지난 7일 서울 시내 LG유플러스 매장. 2025.12.07. bluesoda@newsis.com[서울=뉴시스]박은비 기자 = LG유플러스가 최근 인공지능(AI) 통화비서 서비스 '익시오(ixi-O)' 운영 개선 작업 과정에서 고객 일부 통화정보가 다른 이용자에게 노출된 사실을 확인하고 서둘러 복구 조치했다. 외부 해킹과는 다른 문제지만 왜 이런 일이 발생하게 됐는지, 피해가 더 확대될 가능성은 없는지 몇가지 의문이 남는다.8일 LG유플러스에 따르면 지난 2일 오후 9시부터 3일 오전 10시까지 다른 이용자 101명에게 노출된 가입자 36명의 정보는 통화 상대방 전화번호, 통화 시각, 통화내용 요약 등이다. 통화 음성 파일이나 전체 통화 내역, 주민등록번호, 여권정보 등 고유식별정보, 금융정보는 포함되지 않았다.이번 사고는 아이폰 이용자가 익시오를 신규 설치하거나 재설치하면서 서버와 연결하는 시점에 다른 이용자 정보가 보이면서 알려졌다. 회사측은 내부 직원이 서버 최적화 작업 중에 캐시(임시 저장 공간) 설정을 실수한 탓이라고 해명했다.LG유플러스는 서버 과부하 문제를 해결하기 위해 캐시를 활용하고 있다고 한다. 이는 익시오와 비슷한 서비스를 제공하더라도 회사마다 프로그램을 만드는 알고리즘, 뼈대를 어떻게 설계하느냐에 따라 차이가 있을 수 있는 부분이다.LGU+ ""피해 확대 가능성 전혀 없다…고객 보상안은 검토 중""익시오를 이용하는 고객들은 피해가 더 확대될 가능성이 없는지 가장 불안해 하고 있다. 이에 대해 LG유플러스는 내부적으로 파악했을 때 노출된 고객수가 36명이고, 확인한 즉시 바로 수정했기 때문에 피해 확대 가능성은 전혀 없다는 입장이다.이번 사고에 대한 피해 보상에 대해서는 ""현재 검토 중""이라며 ""구체적으로 정해진 게 없다""고 밝혔다.LG유플러스는 그동안 익시오가 온디바이스 AI라는 점을 강조해왔다. 민감 정보가 고객 단말에만 저장되고 회사 서버와 연결되지 않기 때문에 안전하다고 강조해왔다.하지만 통화내용 요약 등을 서버에 6개월간 임시 저장한 사실이 알려지면서 고객들이 안심할 수 없다는 지적이 나왔다. LG유플러스 관계자는 ""통화 녹음은 서버에 저장하지 않고 고객 단말에만 저장되는 게 맞다""며 ""통화 요약은 단말에서 요약을 못하기 때문에 서버에 갔다가 내려오는 방식""이라고 말했다.""6개월 보관, 서비스 편의 제공 목적이라면서 선택은 불가""6개월간 일부 통화정보를 보관하는 이유는 고객이 스마트폰을 바꾸거나 앱을 재설치할 때 연속성 있는 서비스 편의를 제공하기 위해서라는 게 회사 설명이다. LG유플러스는 이용자들이 익시오에 가입할 때 이에 대한 개인정보처리방침 동의를 받았다.문제는 이를 선택사항으로 두지 않았다는 점이다. 6개월 수집 동의를 하지 않으면 애초에 익시오에 가입할 수 없다. 이같은 지적에 대해 LG유플러스 관계자는 ""고객들의 선택 사항으로 고려해볼 수 있을 것 같다""고 언급했다.또 관련 법규정에 따라 기업과소비자간거래(B2C) 분쟁을 대비하기 위해 회사가 일정 기간 저장할 수 있는 정보라는 전문가 의견이 존재한다. 예를 들어 통화 시각의 경우 서비스 이용 관련 접속 기록인 동시에 불만 접수시 시점을 입증하는 핵심 자료가 될 수 있어 일정 기간 보관할 수 있다는 시각이다.[서울=뉴시스] 정병혁 기자 = 지난해 11월 7일 서울 용산구 LG유플러스 본사에서 열린 LG유플러스 AX전략 기자간담회에서 모델들이 LG유플러스의 AI통화 에이전트 '익시오(ixi-O)'를 시연하고 있다. 2024.11.07. jhope@newsis.com이에 대해 익명을 요청한 한 보안 전문가는 ""(이번 일처럼 내부 직원 실수에 따른 보안 문제가 생길 수 있는데) 통상적으로 보안 사고에 대해 주로 외부에서 해킹하는 걸 생각하고, 또 보안 문제는 기술팀이 도맡는 것이라고 여기는 경향이 있다""며 ""그런데 모든 서비스 앱에 AI가 들어가다 보니까 새로운 보안 문제가 생기지 않나. 이런 상황에서 보안에 대한 의식이 없는 게 문제""라고 꼬집었다.그러면서 ""처음 서비스 디자인 단계부터 보안과 프라이버시를 고려하는 게 글로벌 트렌드""라며 ""시장에 빨리 출시해야 한다는 강박 관념에 제대로 점검하지 않을 수 있지만 이런 일이 자꾸 벌어지면 신뢰가 떨어질 수 밖에 없다. 이번 일을 보안 거버넌스를 바로잡는 계기로 삼아야 할 것""이라고 강조했다.원유재 충남대 컴퓨터융합학부 교수 역시 ""결국 내부 거버넌스 문제""라며 ""보안 관점에서 보면 이번 일도 해킹과 똑같이 각 서비스의 특성에 맞게 깊이 들여다봐야 대비할 수 있는데, 처음부터 그렇게 하면 서비스 담당은 간섭이라고 생각했을 것""이라고 설명했다.원 교수는 이어 ""(이번 LG유플러스 문제만이 아니더라도) 개인정보가 노출된 사례가 꽤 있는데 내부 시스템에서 권한 관리가 원인이 돼 발생한 사고가 적지 않다""고 덧붙였다．"
https://n.news.naver.com/mnews/article/030/0003378382?sid=105,2025-12-08 15:54:09,IT/과학,"LGU+, 초유의 통화정보 유출에 보상 규모 커지나","서울 시내 LG유플러스 매장에 익시오 광고물이 게시되어 있다. 이동근기자 foto@etnews.comLG유플러스가 인공지능(AI) 통화 애플리케이션(앱) '익시오'에서 발생한 통화정보 유출 사고에 따라 거액의 보상금을 지불할 처지에 놓였다. 특히 통화내용이 요약된 민감한 통신정보가 제3자에게 무작위 노출됐다는 점에서 법적 책임 범위가 예상보다 훨씬 넓어질 수 있다는 분석이다.8일 LG유플러스에 따르면 이번 통화정보 유출 사건은 익시오 서버 개선 과정에서 작업자 실수로 임시저장공간(캐시) 메모리가 엉키면서 발생했다. 고객 36명의 통화내용 요약, 상대방 전화번호, 통화시각 등 정보가 다른 고객 101명에게 노출됐다. LG유플러스는 개인정보보호위원회에 이같은 사실을 자진 신고했다.침해에 따른 유출이 아닌 업무상 과실로 인한 사고지만 가입자의 사적 통화 내역이 응축된 2차 정보가 유출됐다는 점에서 법적 책임 강도가 높아질 전망이다.법조계에서는 개인정보보호법 위반에 따른 과징금 처분과는 별개로 통신비밀 유출로 인한 통신비밀보호법 위반 소지도 있다고 보고 있다. 통비법에서는 공개되지 않은 대화를 녹음하거나 누설하는 행위를 금지한다. 대법원 판례에서는 녹음 행위가 적법하더라도 해당 녹음물을 상대방 의사에 반해 제3자에게 제공·유출하면 통신비밀 침해가 성립한다고 보고 있다.법조계 관계자는 “AI로 요약된 통화내용이 통신비밀에 해당되는지가 관건”이라며 “통신설비를 통해 송수신된 음성·문언 등 통신의 내용 전반을 보호 대상으로 본다면 원문뿐 아니라 통화 내용을 인지할 수 있는 정보 역시 보호 대상에 포함된다고 해석될 여지가 있다”고 말했다.서울 시내의 LG유플러스 매장에 익시오 광고물이 게시되어 있다.통화 목적, 금전·일정·민감 발언이 포함된 요약본이 제3자에게 전달됐다면 통신비밀 침해가 성립할 가능성도 배제하기 어렵다는 것이다. 다만 통신비밀 침해는 원칙적으로 고의성을 따지는 만큼 형사 적용 대상에는 해당하지 않을 가능성이 높다.해외에서는 미국 통신사 AT&T는 지난해 통화·문자 메시지 기록이 유출되면서 1인당 최대 7500달러(약 1000만원)를 배상하기로 합의한 바 있다.개인정보의 안전성 확보를 위한 LG유플러스의 기술적 관리도 미흡했다는 지적이다. 유사한 AI 통화앱 서비스인 SK텔레콤 '에이닷 전화'의 경우 통화기록 캐시를 운영하지 않고 있다. 통화 관련 정보는 사용자 단말에서 생성된 공개키를 기반으로 암호화된 상태로 처리되기 때문에 다른 이용자에게 통화정보가 그대로 노출되는 것 자체가 원천적으로 불가하다.염흥열 순천향대 정보보호학과 교수는 “캐시 메모리는 접근 지연을 최소화해 빠른 속도를 보장하지만 보안에는 취약점이 있다”면서 “특히 작업 과정에서 다른 사람 정보와 얽힐 가능성이 있어 보다 신중한 관리조치가 필요하다”고 설명했다.LG유플러스는 통화정보 유출 피해고객에 대한 보상계획에 대해 “개보위 조사가 이뤄진 후 구체적 내용과 범위 등을 감안해 검토할 방침”이라고 밝혔다. 익시오 서비스 개인정보처리방침에 따르면 회사는 내부 관리자 실수 또는 기술관리상 사고로 인해 개인정보의 도난·유출·변조·훼손이 유발될 경우 적절한 대책과 보상을 강구한다고 명시했다."
https://n.news.naver.com/mnews/article/030/0003378424?sid=105,2025-12-08 17:00:10,IT/과학,"[포토] LGU+, 통화 유출 사태 보상 규모 커지나",LG유플러스의 인공지능(AI) 서비스 '익시오'의 고객 통화 내용이 유출되는 사고가 발생한 가운데 단순 개인정보 유출을 넘어 통신비밀 위반까지 법적 책임 범위가 커질 것으로 전망되고 있다. 8일 서울 시내의 LG유플러스 매장에 익시오 광고물이 게시되어 있다.
https://n.news.naver.com/mnews/article/003/0013645911?sid=105,2025-12-08 17:26:47,IT/과학,LGU+ '온디바이스AI' 인데 유출…'서버' 오가는 SKT 에이닷은 괜찮나,"LGU+ 요약본 6개월 서버 저장…작업자 오류로 노출 발생SKT 에이닷, 원본은 즉시 삭제하고 민감정보는 비식별화[서울=뉴시스] 김진아 기자 = LG유플러스가 AI 통화비서 서비스 ‘익시오’의 운영 개선 작업 과정에서 발생한 고객 통화정보 유출 사실을 개인정보보호위원회에 자진 신고했다.LG유플러스는 6일 캐시(임시 저장 공간) 설정 오류로 고객 36명의 통화 상대방 전화번호, 통화 시각, 통화내용 요약 등의 정보가 다른 이용자 101명에게 일시적으로 노출됐다고 밝혔다.사진은 7일 서울 시내 LG유플러스 매장. 2025.12.07. bluesoda@newsis.com[서울=뉴시스] 심지혜 기자 = LG유플러스의 AI(인공지능) 통화 비서 '익시오'에서 타인의 통화 기록이 노출되는 사고가 발생하면서 유사한 AI 개인비서 서비스 데이터 보관 안전성에 대한 우려가 제기되고 있다.특히 보안성 강화를 위해 기기 자체에서 통화 내용을 처리하는 '온디바이스' 방식 임에도 이용 편의성을 이유로 서버에 데이터를 저장해 온 사실이 드러나면서, 경쟁 서비스인 SK텔레콤 '에이닷'과 카카오 '보이스톡'의 운영 방식에도 이용자들의 관심이 쏠린다.8일 LG유플러스에 따르면 익시오에서는 2일 저녁 8시부터 3일 오전 10시59분까지 약 15시간 동안 타인 정보가 노출됐다. 이 기간 익시오를 신규 설치하거나 재설치한 이용자 101명에게 타인 36명의 통화 요약 내용과 상대방 전화번호, 통화 시각 등이 표시됐다. 회사는 내부 개발자가 임시저장공간(캐시) 설정을 잘못해 서버에 저장돼 있던 요약 데이터가 다른 이용자에게 전달됐다고 설명했다. LG유플러스는 조치 후 개인정보보호위원회에 신고했다.LG유플러스는 익시오는 통화 녹음과 텍스트 변환이 단말기 내부에서 이뤄지는 온디바이스 방식이라는 점을 강조해 왔다. 기술적으로 외부 해킹이나 유출 가능성이 낮다는 것이다.그러나 기기 변경이나 앱 재설치 시 기존 기록을 불러오는 '이어하기' 기능을 위해, 요약 결과물은 서버에서 6개월 동안 보관했다.녹음 원본과 텍스트 변환 자체는 단말기에서 안전하게 처리했지만, 결과 요약본은 서버에 저장하면서 관리 오류가 발생한 것이다. 이에 LG유플러스는 저장 방식과 절차에 대한 개선을 검토한다는 방침이다.상황이 이렇자 LG유플러스보다 먼저 통화 비서 서비스를 선보인 SK텔레콤 ‘에이닷’의 데이터 처리 방식에도 시선이 향한다. 에이닷은 이용자 규모가 월간 활성 사용자 1000만명이 넘는 대규모 이용자를 확보하고 있다. 이용자 기반이 큰 만큼 통화 데이터가 어떤 방식으로 다뤄지는지에 대한 관심도 자연스럽게 커졌다.에이닷은 익시오와 달리 통화 데이터를 온디바이스가 아니라 서버에서 처리한다. 음성 파일은 SK텔레콤 서버에서 텍스트로 변환되고, 요약은 마이크로소프트(MS) 클라우드 환경에서 생성되는 구조다. 이처럼 전송과 서버 처리가 포함된 구조이기 때문에, 온디바이스 방식과 비교할 때 상대적으로 취약할 수 있다는 우려도 있다.이에 대해 SK텔레콤은 전송 구간을 사용자 단말 기반 공개키로 암호화하고, 텍스트 변환이 끝난 원본 데이터는 즉시 삭제하는 등 보안 조치를 적용하고 있다고 설명했다.SK텔레콤은 ""에이닷은 캐시 서버를 운영하지 않으며, 서버로 전송되는 데이터는 사용자 단말 기반 공개키로 암호화돼 저장된다""고 설명했다. 서버에서 텍스트 변환이 완료되면 음성 원본과 텍스트 파일은 즉시 삭제되며, 생성된 요약본만 180일 동안 보관된다. 회사는 ""요약본 보관은 기능 제공 및 운영을 위한 범위 내에서 이뤄지며 원본 정보는 서버에 남지 않는다""고 강조했다.게다가 개인정보 처리방침에는 통화 중 언급된 계좌번호, 주소, 일정 등 민감 정보 패턴을 수집·저장할 수 있다는 항목도 포함돼 있다.이에 대해 SK텔레콤은 ""민감 정보는 비식별화해 저장되며 원문 텍스트는 즉시 삭제되기 때문에 실제 내용이 남는 구조는 아니다""라고 설명했다. 패턴 데이터는 모델 성능 개선과 오탐지 방지를 위한 제한적 용도로 암호화된 환경에서 관리된다는 입장이다.클라우드 기반 처리 과정에 대한 우려에 대해서는 접근 통제, 저장소 암호화, 운영자 권한 분리 등 보호조치를 적용하고 있다고 밝혔다. SK텔레콤은 ""원본 음성·텍스트는 삭제되고 요약본만 제한적으로 보관되는 구조""라는 점을 재차 강조했다.통화 요약 서비스는 카카오톡도 '보이스톡'을 통해 제공하고 있다. 카카오에 따르면 보이스톡은 텍스트 변환과 요약을 서버에서 처리하지만, 작업이 끝나면 해당 데이터는 서버에서 즉시 파기된다. 완성된 요약본과 녹음 내용은 서버가 아닌 이용자 단말에 저장되며, 전화번호 등 상대방 정보는 통화 요약 기능에 필요하지 않은 정보로 분류해 별도로 처리하지 않는다."
https://n.news.naver.com/mnews/article/014/0005445865?sid=105,2025-12-08 18:09:17,IT/과학,"Z세대 홀린 '유쇼페'… ""나다움 찾도록 기회줬죠""","LGU+·유튜브 공동 주최 공모전대상 수상자 아태지역 구글 체험브랜드 인지도 강화 등 효과 톡톡LG유플러스 '유쓰 쇼츠 페스티벌' 대상 수상자인 장예지씨(왼쪽부터), 조민서씨, 채민혁씨가 대상 수상 후 포즈를 취하고 있다. LG유플러스 제공""LG유플러스가 20대를 진정으로 지지해 주는 브랜드라는 것을 느꼈어요.""LG유플러스가 유튜브와 함께 연 '유쓰 쇼츠 페스티벌(유쇼페)' 공모전 대상 수상자인 장예지씨(25)는 8일 ""LG유플러스가 Z세대가 '나다움'을 뽐낼 수 있는 표현의 장을 마련해 주고 싱가포르에 위치한 구글 아태지역 본사(HQ) 방문 등 기회를 제공한 덕에 차별화된 경험을 할 수 있었다""며 이같이 말했다.LG유플러스는 Z세대 전용 브랜드 유쓰를 중심으로 유튜브와 함께 지난 8~10월 'Simply Me(내가 가장 나다운 순간)'라는 주제의 공모전을 열었다. 유튜브가 국내 기업과 공동으로 마케팅을 진행하는 사례는 이번 공모전이 최초다. 15초 이상 쇼츠 영상을 제작해 관련 해시태그를 달고 유튜브에 업로드하는 방식으로 진행됐으며 3000여명 참여자 중 30명이 '나다움'이라는 주제와의 적합성·작품성 등을 인정 받아 대상을 수상했다. 먹방·도전·여행처럼 보편적인 주제라도 그 안에 '나다움'을 어떻게 담아냈는지가 관건이었다. 이를 성격, 진로 등 자신의 특성과 설득력 있게 연결한 참가자들이 높은 평가를 받았다. 장예지씨·조민서씨(26)·채민혁씨(23) 등 대상 수상자들은 3박 4일 동안 싱가포르 구글 아태지역 본사를 방문해 현직자들과 대화할 기회도 얻었다.대학 졸업 후 아이들을 가르치며 유튜브 채널 '예지'를 운영하는 장예지씨는 ""유쇼페에 참여하면서 새롭게 찍은 영상보다 기존에 찍어둔 영상들을 많이 찾아봤다""며 ""교생, 강사, 모델 등 'n잡러'로 활동했던 과거를 돌아보면서 열심히 살았던 스스로를 칭찬해 주고 더 아껴줄 수 있는 계기가 됐다""고 말했다.프로골퍼로 활동하며 채널 '도전골퍼 조민서'를 운영하는 조민서씨는 ""유쇼페에 도전하면서 나만의 이야기를 만드는 재미를 깨닫게 됐다""고 했다. 조씨는 ""현재 인공지능(AI) 골프 스윙 코칭 앱을 만들고 있고 스포츠 테크 창업자가 꿈""이라며 ""싱가포르에서 진로에 대한 불안함이 확신으로 바뀌었다. 현장에서 구글 현직자와 이야기를 나누며 프로골퍼이자 개발을 경험해 본 독특한 이력이 나만의 경쟁력이 될 수 있다는 믿음이 생겼다""고 말했다. 채널 '쏘이민혁'을 운영하는 채민혁씨는 ""영상 경험이 많이 없는 사람이었는데 30명의 열정 있는 이들과 여행하며 영상 편집 방식을 배우기도, 콘텐츠 영감을 얻기도 했다""고 말했다.프로그램을 기획한 류소임 홈·AI 마케팅팀 책임은 ""앞으로도 Z세대가 쉽게 접하기 어려운 경험을 LG유플러스가 제공할 수 있도록 대내외적인 협력과 지원을 이어갈 것""이라고 말했다."
https://n.news.naver.com/mnews/article/052/0002284183?sid=101,2025-12-08 18:10:06,경제,이번엔 LGU+ 통화 유출...통신사 '보안 불감증' 언제까지?,"[앵커]잊힐만하면 터지는 통신사 보안 사고에 이용자들 불안도 가라앉지 않고 있습니다.이번엔 LG유플러스의 인공지능 서비스 '익시오'에서 통화 내용이 유출됐는데, 회사는 해킹이 아닌 작업자 실수라고 해명했습니다.최아영 기자가 보도합니다.[기자]통화 정보가 유출된 '익시오'는 LG유플러스가 지난해 출시한 인공지능 통화 비서 앱입니다.통화 녹음과 요약, 통화 중 정보 검색 등이 가능한 서비스로 1년 만에 가입자가 100만 명을 돌파했습니다.그런데 지난 2일 저녁 8시부터 15시간 가까이 이용자 36명의 통화 정보가 유출됐습니다.다른 이용자 101명에게 통화 요약 내용과 통화 상대방 전화번호 등이 노출됐습니다.LG유플러스는 고객 신고로 뒤늦게 이를 파악한 뒤 복구를 진행했고 이용자들에게 피해 사실을 안내했습니다.그러면서 해킹이 아닌 기능 개선 과정에서 작업자 실수로 발생했다며 주민등록번호나 금융정보 등 민감 정보는 포함되지 않았다고 설명했습니다.또 신고 요건에 부합하지 않았지만 개인정보보호위원회에 자발적으로 신고했다고 밝혔습니다.[이경호 / 고려대 정보보호대학원 교수 : (인공지능이) 스스로 작동하는 부분이 있기 때문에 이 부분에 대해서 완전히 통제가 안 되고 있기 때문에 / 품질 관리를 굉장히 잘해야 됩니다. 이번에 그 과정이 좀 미흡하지 않았나 싶거든요.]통신사들의 보안 사고는 하루 이틀이 아닙니다.앞서 SKT의 유심 정보 해킹 사태로 유심 교체 대란이 빚어졌고, KT는 불법 초소형 기지국을 통한 해킹으로 이용자 360여 명이 무단 소액결제 피해를 봤습니다.전문가들은 인공지능 인프라 확대로 해킹 공격이 늘고 있지만 보안 체계는 과거에 머물고 있다며 민관이 협력해 대응 체계를 구축해야 한다고 조언합니다.YTN 최아영입니다.영상편집 : 신수정디자인 : 박지원※ '당신의 제보가 뉴스가 됩니다'[카카오톡] YTN 검색해 채널 추가[전화] 02-398-8585[메일] social@ytn.co.kr"
https://n.news.naver.com/mnews/article/052/0002284278?sid=101,2025-12-08 23:42:41,경제,이번엔 LGU+ 통화 유출...통신사 '보안 불감증' 언제까지?,"[앵커]잊힐만하면 터지는 통신사 보안 사고에 이용자들 불안도 가라앉지 않고 있습니다.이번엔 LG유플러스의 인공지능 서비스 '익시오'에서 통화 내용이 유출됐는데, 회사는 해킹이 아닌 작업자 실수라고 해명했습니다.최아영 기자가 보도합니다.[기자]통화 정보가 유출된 '익시오'는 LG유플러스가 지난해 출시한 인공지능 통화 비서 앱입니다.통화 녹음과 요약, 통화 중 정보 검색 등이 가능한 서비스로 1년 만에 가입자가 100만 명을 돌파했습니다.그런데 지난 2일 저녁 8시부터 15시간 가까이 이용자 36명의 통화 정보가 유출됐습니다.다른 이용자 101명에게 통화 요약 내용과 통화 상대방 전화번호 등이 노출됐습니다.LG유플러스는 고객 신고로 뒤늦게 이를 파악한 뒤 복구를 진행했고 이용자들에게 피해 사실을 안내했습니다.그러면서 해킹이 아닌 기능 개선 과정에서 작업자 실수로 발생했다며 주민등록번호나 금융정보 등 민감 정보는 포함되지 않았다고 설명했습니다.또 신고 요건에 부합하지 않았지만 개인정보보호위원회에 자발적으로 신고했다고 밝혔습니다.[이경호 / 고려대 정보보호대학원 교수 : (인공지능이) 스스로 작동하는 부분이 있기 때문에 이 부분에 대해서 완전히 통제가 안 되고 있기 때문에 / 품질 관리를 굉장히 잘해야 됩니다. 이번에 그 과정이 좀 미흡하지 않았나 싶거든요.]통신사들의 보안 사고는 하루 이틀이 아닙니다.앞서 SKT의 유심 정보 해킹 사태로 유심 교체 대란이 빚어졌고, KT는 불법 초소형 기지국을 통한 해킹으로 이용자 360여 명이 무단 소액결제 피해를 봤습니다.전문가들은 인공지능 인프라 확대로 해킹 공격이 늘고 있지만 보안 체계는 과거에 머물고 있다며 민관이 협력해 대응 체계를 구축해야 한다고 조언합니다.YTN 최아영입니다.영상편집 : 신수정디자인 : 박지원※ '당신의 제보가 뉴스가 됩니다'[카카오톡] YTN 검색해 채널 추가[전화] 02-398-8585[메일] social@ytn.co.kr"
https://n.news.naver.com/mnews/article/138/0002211897?sid=105,2025-12-09 09:08:11,IT/과학,"네오사피엔스, 프리IPO 165억원 유치... 대화형 AI 확장 드라이브","네오사피엔스 타입캐스트 로고[디지털데일리 이건한기자] 네오사피엔스가 프리IPO 라운드에서 165억원을 유치했다고 9일 밝혔다. 누적 투자금은 427억원이다. 이번 라운드에는 인터베스트, HB인베스트먼트, K2인베스트먼트, 보광인베스트먼트가 참여했다.네오사피엔스는 2017년 설립 이후 감정·발화 스타일 모델 연구를 기반으로 AI 음성 생성 기술을 고도화했다. 최근에는 자연스러운 음성, 세밀한 감정 제어, 발화 스타일 조정 기능을 강화한 자체 생성형 AI 모델을 선보였다.회사의 간판 서비스인 타입캐스트도 생성형 AI 도입 확산 속에 성과를 내고 있다. 2025년 11월30일 기준 누적 가입자는 263만명이며 회사는 올해 매출 100억원 돌파를 예상 중이다. 고객군은 유튜버 등 크리에이터에 더해 치지직(네이버), LGU+, SBS, 교육기업, 커머스 플랫폼, 게임사 등으로 확대됐다. 투자사들도 네오사피엔스의 기술 성숙도와 국내 리더십, 글로벌 확장 가능성을 높게 평가했다는 설명이다.신영성 인터베스트 상무는 ""네오사피엔스는 텍스트 맥락을 파악해 미묘한 감정선까지 구현하는 고감도 음성 합성 역량을 확보한 기업으로서 국내 크리에이티브 및 콘텐츠 제작 시장에서 리더십을 증명했다""고 말했다.김태수 네오사피엔스 대표는 ""타입캐스트의 성장세와 자체 생성형 AI 모델 경쟁력이 시장에서 검증됐다. 앞으로도 듣고 생각하고 말하는 것을 통합한 'Conversational AI'로 도약하겠다""고 말했다."
https://n.news.naver.com/mnews/article/052/0002284533?sid=101,2025-12-09 09:16:23,경제,[자막뉴스] 이번엔 통화 내용 유출 파장...LGU+에 고객이 신고,"통화 정보가 유출된 '익시오'는 LG유플러스가 지난해 출시한 인공지능 통화 비서 앱입니다.통화 녹음과 요약, 통화 중 정보 검색 등이 가능한 서비스로 1년 만에 가입자가 100만 명을 돌파했습니다.그런데 지난 2일 저녁 8시부터 15시간 가까이 이용자 36명의 통화 정보가 유출됐습니다.다른 이용자 101명에게 통화 요약 내용과 통화 상대방 전화번호 등이 노출됐습니다.LG유플러스는 고객 신고로 뒤늦게 이를 파악한 뒤 복구를 진행했고 이용자들에게 피해 사실을 안내했습니다.그러면서 해킹이 아닌 기능 개선 과정에서 작업자 실수로 발생했다며 주민등록번호나 금융정보 등 민감 정보는 포함되지 않았다고 설명했습니다.또 신고 요건에 부합하지 않았지만 개인정보보호위원회에 자발적으로 신고했다고 밝혔습니다.[이경호 / 고려대 정보보호대학원 교수 : (인공지능이) 스스로 작동하는 부분이 있기 때문에 이 부분에 대해서 완전히 통제가 안 되고 있기 때문에 / 품질 관리를 굉장히 잘해야 됩니다. 이번에 그 과정이 좀 미흡하지 않았나 싶거든요.]통신사들의 보안 사고는 하루 이틀이 아닙니다.앞서 SKT의 유심 정보 해킹 사태로 유심 교체 대란이 빚어졌고, KT는 불법 초소형 기지국을 통한 해킹으로 이용자 360여 명이 무단 소액결제 피해를 봤습니다.전문가들은 인공지능 인프라 확대로 해킹 공격이 늘고 있지만 보안 체계는 과거에 머물고 있다며 민관이 협력해 대응 체계를 구축해야 한다고 조언합니다.YTN 최아영입니다.영상편집ㅣ신수정디자인ㅣ박지원자막뉴스ㅣ이 선 최예은※ '당신의 제보가 뉴스가 됩니다'[카카오톡] YTN 검색해 채널 추가[전화] 02-398-8585[메일] social@ytn.co.kr"
https://n.news.naver.com/mnews/article/018/0006180031?sid=105,2025-12-09 09:21:07,IT/과학,"AI음성 네오사피엔스, 프리IPO서 165억 투자 유치","AI 음성 생성 기술 고도화·대화형 AI 확장 속도낸다[이데일리 김현아 기자] AI 음성 생성 플랫폼 ‘타입캐스트(Typecast)’ 운영사 네오사피엔스가 프리IPO(상장 전 투자유치) 라운드에서 165억 원을 확보했다. 이번 투자에는 인터베스트, HB인베스트먼트, K2인베스트먼트, 보광인베스트먼트가 참여했으며, 누적 투자금은 총 427억 원에 이르게 됐다.네오사피엔스는 2017년 창립 이후 감정·발화 스타일 모델 기반 기술 연구에 집중하며 AI 음성 합성 기술력을 고도화해왔다. 최근에는 보다 자연스러운 음성 생성, 세밀한 감정 제어, 발화 스타일 조정 기능을 강화한 자체 생성형 AI 모델을 새롭게 선보였다.타입캐스트는 생성형 AI 도입 확산 속에 빠른 성장세를 보이고 있다. 11월 30일 기준 누적 가입자 수는 263만 명을 돌파했으며, 올해 매출은 100억 원을 넘어설 전망이다.유튜버 등 개인 크리에이터는 물론, 치지직(네이버), LGU+, SBS 등 방송·통신·교육·커머스·게임 기업들이 다양한 제작 용도로 타입캐스트를 활용하며 고객층도 넓어지고 있다.이번 투자를 이끈 인터베스트 신영성 상무는 “네오사피엔스는 텍스트 맥락을 해석해 미묘한 감정선까지 구현하는 고감도 음성 합성 역량을 확보한 기업”이라며 “국내 크리에이티브 시장에서 이미 리더십을 증명한 만큼, 글로벌 시장에서도 확장 잠재력이 크다고 판단했다”고 밝혔다.네오사피엔스는 이번 투자금으로 기술 개발 및 대화형 AI(Conversational AI) 사업 확장을 본격화한다는 계획이다. 회사는 음성을 생성하는 단계를 넘어, 듣고 이해하고 응답하는 전 과정을 통합한 차세대 대화형 AI 기업으로 도약하겠다는 목표를 제시했다.김태수 대표는 “이번 프리IPO는 타입캐스트의 성장세와 자체 AI 모델 경쟁력이 시장에서 명확히 검증됐다는 의미”라며 “확보한 자금을 핵심 인재 확보, 신사업 확장, 글로벌 진출, GPU 등 AI 인프라 강화에 집중해 대화형 AI 시장을 빠르게 선점할 것”이라고 말했다.업계에서는 네오사피엔스의 감정·스타일 기반 음성 모델, 빠른 서비스 확장 속도, 대규모 사용자 기반을 고려할 때 대화형 AI 영역에서도 경쟁력이 높을 것으로 보고 있다.한편 네오사피엔스는 2020년 제1회 이데일리 AI코리아대상에서 과학기술정보통신부 장관상을 받은 바 있다."
https://n.news.naver.com/mnews/article/629/0000451361?sid=105,2025-12-09 10:43:10,IT/과학,"LGU+, AI 통화앱 유출에 신뢰도 타격…신사업 제동 걸리나","'익시오' 보안 사고…통화 요약·키워드 타인 노출회사 측 ""직원 단순 실수"" 해명…내부 정비 약속LG유플러스가 AI 통화앱 '익시오'의 글로벌·수익화 전략을 펼치는 가운데 최근 발생한 정보 유출 사고가 영향을 미칠지 관심이 쏠린다. /더팩트 DB[더팩트｜우지수 기자] LG유플러스의 인공지능(AI) 통화 비서 '익시오'에서 정보 유출 사고가 발생했다. 신뢰도에 금이 간 가운데 미래 먹거리로 점찍은 AI 사업 확장에 제동이 걸릴지 주목된다.9일 관련업계에 따르면 LG유플러스는 지난 2일부터 3일 오전까지 익시오 애플리케이션(앱)을 신규 설치하거나 재설치한 이용자 101명에게 타인 36명의 통화 정보를 노출했다. 유출된 정보에는 상대방 전화번호, 통화 시각 등 기초적인 수발신 기록뿐만 아니라 AI가 대화 맥락을 정리한 통화 내용 요약본까지 포함됐다.유출 사고는 회사의 자체 모니터링 시스템이 아닌, 타인의 통화 내역이 노출됐다는 고객 신고로 인지됐다. LG유플러스는 사태 파악 직후 조치에 나섰으며 개인정보보호위원회에 관련 사실을 자진 신고했다. 해킹 등 외부 침입 흔적은 없어 한국인터넷진흥원(KISA) 침해 사고 신고 대상에는 포함되지 않았다.이번 사고의 원인은 외부 공격이 아닌 내부 직원의 '설정 오류'에서 비롯된 것으로 파악됐다. LG유플러스는 서비스 운영 개선 작업을 진행하던 중 임시 저장 공간인 '캐시' 설정을 잘못 적용했다. 이로 인해 특정 이용자의 단말기에서 불러와야 할 데이터가 엉뚱한 이용자의 앱 화면에 표출되는 현상이 발생했다.LG유플러스가 강조해 온 익시오의 '온디바이스 AI' 마케팅과 실제 운영 방식이 다르다는 목소리도 나온다. LG유플러스는 지난해 11월 익시오 출시 당시 통화 내용을 서버가 아닌 기기 내에서 처리하는 온디바이스 기술을 적용해 데이터 유출 우려가 없다는 점을 경쟁사 대비 차별점으로 강조했다.LG유플러스는 지난달 구글과 협력해 실시간 AI 호출 기능을 탑재한 '익시오 2.0'을 공개하고 동남아시아 시장 등 글로벌 진출을 계획 중이다. /이성락 기자하지만 익시오의 서비스 연속성을 위해 통화 요약 내용과 키워드 등을 기기뿐만 아니라 서버에도 저장한 사실이 확인됐다. 서버 저장 기간은 6개월이다. 회사 측은 이용자가 기기를 변경하거나 앱을 재설치할 경우 기존 기록을 복원하기 위한 백업 목적이며 이 점은 개인정보 처리 방침에서 고지하고 있다고 설명했다.이번 사태로 LG유플러스 AI 사업 확장에 제동이 걸릴 가능성도 제기된다. 익시오는 출시 1년 만에 가입자 100만명을 돌파하고 통화 요약 건수 2억건을 넘어서는 등 LG유플러스의 핵심 B2C(기업과 소비자 간 거래) 플랫폼으로 자리 잡았다.LG유플러스는 이러한 성장세를 바탕으로 지난달 구글과 협력해 실시간 AI 호출 기능을 탑재한 '익시오 2.0'을 공개했다. 구글의 거대언어모델(LLM) '제미나이'를 접목해 통화 중 실시간 정보 검색과 비서 기능을 강화하고, 이를 바탕으로 동남아 등 글로벌 시장 진출을 계획하고 있다. 또한 수익성 확보를 위한 유료화 모델 도입도 검토하고 있었으나, 이번 보안 사고로 이용자 신뢰 회복이 선결 과제로 떠오르며 관련 일정에 차질이 빚어질 가능성이 제기된다.통신 3사가 AI 산업에 역량을 쏟으며 데이터 수집 범위가 점차 넓어지는 가운데 보안 우려가 다시금 확산하는 모양새다. SK텔레콤의 '에이닷' 등 경쟁 서비스 역시 통화 요약 기능을 제공하고 있어, 이번 사고가 업계 전반의 AI 신뢰도 문제로 번질 수 있다는 우려도 나온다.이에 대해 LG유플러스 관계자는 ""정부 관계 기관의 조사에 적극 협조하고 있다""며 ""이번 건은 휴먼 에러(인재)로 발생한 만큼 향후 유사한 일이 재발하지 않도록 내부 프로세스를 정비하겠다""고 말했다. 익시오의 청사진에 대해서는 ""글로벌 진출과 유료화 등은 장기적 비전에 따라 추진 중인 사안""이라고 덧붙였다.발로 뛰는 더팩트는 24시간 여러분의 제보를 기다립니다.▶카카오톡: '더팩트제보' 검색▶이메일: jebo@tf.co.kr▶뉴스 홈페이지: http://talk.tf.co.kr/bbs/report/write"
https://n.news.naver.com/mnews/article/008/0005289313?sid=101,2025-12-09 12:30:00,경제,"""사람과 소통하는 AI 실현""…네오사피엔스, 165억 프리IPO 유치","[이 기사에 나온 스타트업에 대한 보다 다양한 기업정보는 유니콘팩토리 빅데이터 플랫폼'데이터랩'에서 볼 수 있습니다.]AI(인공지능) 음성 생성 플랫폼 '타입캐스트'를 운영하는네오사피엔스가 165억원 규모의 프리IPO(상장 전 지분투자)를 유치했다고 9일 밝혔다.이번 투자에는인터베스트,HB인베스트먼트, K2인베스트먼트,보광인베스트먼트가 참여했다. 네오사피엔스의 누적 투자유치 금액은 427억원이다.2017년 설립된 네오사피엔스는 AI 음성 생성 기술을 고도화하며 최근 자연스러운 음성, 세밀한 감정 제어, 발화 스타일 조정 기능이 강화된 업그레이드된 자체 생성형 AI 모델을 출시했다.타입캐스트는 유튜버 등 콘텐츠 크리에이터뿐 아니라 온라인 스트리밍 방송 플랫폼인 치지직(네이버)을 비롯해 LGU+와 SBS, 여러 교육기업과 커머스 플랫폼, 게임사 등을 고객사로 확보했다. 지난달 말 기준 누적 가입자 수는 263만명이다.네오사피엔스의 올해 매출은 100억원을 돌파할 전망이다. 이번 투자유치를 바탕으로 AI 음성 생성 기술을 넘어 실시간으로 사람과 소통하는 대화형 AI 전반으로 사업 범위를 확장할 계획이다.김태수 네오사피엔스 대표는 ""AI로 자연스러운 음성을 생성하는 분야를 넘어 듣고 생각하고 말하는 것을 통합해 사람과 자연스럽게 소통하는 대화형 AI를 실현해 내는 기업으로 새롭게 도약하겠다""고 했다.신영성 인터베스트 상무는 ""네오사피엔스는 현재 국내 크리에이티브 및 콘텐츠 제작 시장에서 독보적인 리더십을 증명했다""며 ""앞으로 AI 음성시장 및 글로벌 시장으로의 확장 잠재력을 높이 평가해 투자를 결정했다""고 말했다.[머니투데이 스타트업 미디어 플랫폼'유니콘팩토리']"
https://n.news.naver.com/mnews/article/014/0005446538?sid=101,2025-12-09 18:08:26,경제,'실무형 신입' 직접 키운다… 청년도약 멤버십 동참 기업 확산,"경총·고용노동부 합동 ESG 경영LGU+ 등 합류 누적 가입사 140곳출시 4년 만에 13배 가까이 늘어나AI 역량 강화 교육 프로그램 호응'무경력' 악순환 끊고 채용 활성화청년들에게 '직무 관련 일경험' 기회를 직접 제공하는 '청년 도약 멤버십'에 참여하는 기업들이 빠르게 늘고 있다. 경력직 선호·수시채용 증가 등 채용 트렌드가 고착화되면서, 맞춤형 교육과 실무 트레이닝을 통해 '투입 가능한 신입'을 직접 양성하려는 수요가 확대된 영향이다. 특히 인공지능(AI) 등 구직·구인시장의 미스매칭이 심화된 전문 인력에 대한 기업들의 관심이 크게 확산되고 있다.■출범 4년새 참여 기업 급증세9일 한국경영자총협회에 따르면 '청년 도약 멤버십' 누적 가입사는 이달 기준 140개로 집계됐다. 지난 4월에 신규 가입한 구글코리아를 비롯해 12월 초 엘지유플러스, GS리테일 등 11개사가 추가로 합류하면서 1년 전보다 12곳이 늘었다. 삼성전자 등이 참여한 출시 첫해인 지난 2021년(11개)과 비교하면 4년 만에 13배 가까이 급증한 수치다.경총과 고용노동부가 민관합동으로 출범한 '청년 도약 멤버십'은 기업의 현장 인프라를 활용해 청년들에게 업무 실전 경험을 제공하는 ESG 경영활동의 일환이다. 최근 디지털 전환(DX) 본격화에 따라 기업들이 신산업 직무역량과 일경험을 중요시하는 만큼, 기업과 구직자 간 눈높이를 맞춰주자는 취지로 시작됐다. 특히 정보기술(IT)업계 기업들이 제공하는 AI 역량 강화 프로그램들이 큰 인기를 끌고 있다. KT는 6개월 동안 총 840시간에 걸쳐 이론과 실습, 기업 실전형 프로젝트를 통합적으로 수행하는 'KT 에이블 스쿨'을 운영하고 있다. 2021년 출범 이후 현재까지 3000여명이 수료한 해당 프로그램은 전공자 대상 'AI개발자 트랙'과 비전공자 대상 'DX컨설턴트 트랙'을 통해 실무형 디지털 역량을 지원하고 있다.카카오는 지역 거점 국립대학과 협력해 운영하는 지역 인재 양성형 개발자 교육 프로그램인 '카카오테크 캠퍼스'를 운영 중이다. 체계적인 기술 교육과 프로젝트 중심의 교육 및 현직 개발자 멘토링 등을 제공하며 지난 2023년을 시작으로 올해까지 누적 421명이 수료했다.금융권의 지원도 이어지고 있다. 신한금융희망재단은 IT분야의 청년을 대상으로 개발 및 사용자 경험·사용자 인터페이스(UX·UI) 디자인 실무 중심 직무 경험 및 실무 프로젝트를 수행하는 '신한 커리어업', '신한 스퀘어브릿지 해커톤' 프로그램 운영하고 있다. 연간 150명 규모로 운영 중인 해당 프로그램의 취업률은 80% 수준에 달한다.■경력직 선호…직무역량 중요성 확대기업 인사 담당자들은 이같은 청년고용지원 프로그램을 적극 활용해야 취업 가능성이 높아진다고 입을 모은다. 기존 직업훈련으로는 한계가 있는 가운데 '경력이 없어 취업을 못하고, 취업을 못해서 경력이 없는' 악순환에서 벗어나기 위해서는 일경험이 무엇보다 중요하다는 지적이다. 실제 경총이 올해 3월 500개사(종사자 100인 이상 기업)를 대상으로 실시한 조사에서, 응답기업의 81.6%는 신규채용에서 가장 중요한 평가 요소로 '직무 관련 업무 경험'을 꼽았다. 경총 관계자는 ""청년들은 일경험과 직무 역량을 쌓고, 기업들은 우수 인재를 확보함으로써 채용시장의 선순환으로 이어질 수 있다""며 ""제도적 뒷받침과 사회적 격려가 필요하다""고 강조했다."
https://n.news.naver.com/mnews/article/001/0015787535?sid=105,2025-12-10 06:33:00,IT/과학,익시오 통화내역 유출…LGU+ '온디바이스 보안' 논란,"캐시 설정 오류로 36명 통화 정보 외부 노출서버 임시 저장·암호화 실패 의혹 확산LGU+, 익시오 고객 통화정보 유출(서울=연합뉴스) 임화영 기자 = LG유플러스의 인공지능(AI) 통화 앱 '익시오'의 통화정보 일부가 유출되는 사고가 발생했다.7일 통신업계에 따르면 LG유플러스는 지난 2일 오후 8시부터 3일 오전 10시 59분까지 익시오를 새로 설치하거나 재설치한 이용자 101명에게 다른 고객 36명의 통화 내용 요약, 통화 상대방 전화번호, 통화 시각 등이 새어나간 것으로 밝혀졌다.사진은 7일 서울 용산구 LG유플러스 본사와 익시오 통화 앱. 2025.12.7 hwayoung7@yna.co.kr(서울=연합뉴스) 조성미 기자 = LG유플러스의 인공지능(AI) 통화 비서 서비스 익시오에서 통화 정보가 노출된 사고가 일어나자 통신·보안업계에서는 암호화해 보관되는 통화 정보가 허술하게 새어 나갔다는 데서 이해할 수 없다는 반응을 내놓고 있다.LG유플러스가 익시오 기능에 대해 '휴대전화에 정보를 저장해 보안에 강하다'고 강조해온 것과 달리 통화 내역(CDR)이 서버에 임시 저장되는 과정에서 일어난 사고로 밝혀지면서 그간 과장 홍보를 한 것 아니냐는 논란도 일고 있다.10일 통신업계에 따르면 LG유플러스는 지난 6일 익시오 서비스 운영 개선 작업 과정에서 캐시 설정 오류로 고객 36명의 통화 상대방 전화번호, 통화 시각, 통화내용 요약 등 정보가 다른 이용자 101명에게 일시적으로 노출됐다고 밝혔다.익시오 서비스 과정에서 임시 저장 공간인 캐시를 사용했는데, 서버 기능 개선 작업을 하며 캐시 설정에서 실수를 일으켜 36명의 통화 내역이 다른 이용자의 휴대전화에 그대로 노출된 것이다.통신업계에서는 LG유플러스가 익시오를 온디바이스 기반 AI 서비스라고 강조해온 것과 달리 서버에 임시 저장을 해왔다는 것에 놀라움을 표시하고 있다.한 업계 관계자는 ""회사 설명과 달리 익시오의 핵심 기능은 서버에서 처리되고 있었던 것""이라며 이번 사고가 고도의 기술적 문제가 아니라 운영 과정에서 기본적인 데이터 관리를 잘못한 탓이라고 분석했다.아울러 다른 이용자의 통화 내역이 엉뚱한 이의 휴대전화에 노출된 것에서 LG유플러스가 기본적인 통화 내역의 암호화 처리를 소홀히 했던 것 아니냐는 의심도 사고 있다.스마트폰은 각각 고유의 암호키를 가지고 있어서 서버에서 정보를 불러내더라도 이를 열람할 권한이 있는 암호키가 없으면 내용을 볼 수 없는 구조다.또, 통화 요약과 같은 부가 정보는 고객 ID(UUID)가 인증된 휴대전화에서만 보인다.서버 설정 오류가 있었던 데 더해 암호화나 ID 인증마저 제대로 작동하지 않아 민감한 개인 정보가 유출됐다는 데서 이 회사의 데이터 관리에 큰 결함이 있었던 것이 아닌지 의심되는 것이다.업계 일각에서는 LG유플러스가 익시오 개발 과정에서 외부 개발 인력을 대규모로 참여시킨 점이 제대로 된 고객 정보 관리에 '구멍'이 나게 된 한 원인이 아니었는지 의심하기도 한다.한 기술 전문가는 ""외주 중심 구조에서는 권한 관리와 설정 오류 같은 실수(휴먼 에러)가 일어날 가능성이 커진다""며 이번 사고를 통해 LG유플러스가 개발·운영 체계를 다시 점검해야 한다는 신호라고 지적했다.한편, LG유플러스가 익시오의 통화 정보 노출을 외부에 알리고 개인정보보호위원회에 신고한 당일 일선 영업점에서 평소보다 30만원가량 판매 지원금을 올려 가입을 독려했다며 보안 사고에 따른 가입자 이탈을 무마하려는 시도를 한 것 아니냐는 비판도 제기됐다.이에 LG유플러스는 ""단통법 폐지 이후 판매점에서 지원금을 알아서 지급하는 영업 전략은 문제가 될 것이 없으며, 본사에서 방침을 정해서 내린 적은 전혀 없다""고 반박했다.개인정보보호위원회는 LG유플러스 신고를 받고 사건 경위를 파악 중이다.csm@yna.co.kr"
https://n.news.naver.com/mnews/article/422/0000810480?sid=105,2025-12-10 06:37:12,IT/과학,LGU+ 익시오 통화내역 유출…'온디바이스 보안' 논란,"LG유플러스 [연합뉴스 자료사진]LG유플러스의 인공지능(AI) 통화 비서 서비스 익시오에서 통화 정보가 노출된 사고가 일어나자 통신·보안업계에서는 암호화해 보관되는 통화 정보가 허술하게 새어 나갔다는 데서 이해할 수 없다는 반응을 내놓고 있습니다.LG유플러스가 익시오 기능에 대해 '휴대전화에 정보를 저장해 보안에 강하다'고 강조해온 것과 달리 통화 내역(CDR)이 서버에 임시 저장되는 과정에서 일어난 사고로 밝혀지면서 그간 과장 홍보를 한 것 아니냐는 논란도 일고 있습니다.오늘(10일) 통신업계에 따르면 LG유플러스는 지난 6일 익시오 서비스 운영 개선 작업 과정에서 캐시 설정 오류로 고객 36명의 통화 상대방 전화번호, 통화 시각, 통화내용 요약 등 정보가 다른 이용자 101명에게 일시적으로 노출됐다고 밝혔습니다.익시오 서비스 과정에서 임시 저장 공간인 캐시를 사용했는데, 서버 기능 개선 작업을 하며 캐시 설정에서 실수를 일으켜 36명의 통화 내역이 다른 이용자의 휴대전화에 그대로 노출된 것입니다.통신업계에서는 LG유플러스가 익시오를 온디바이스 기반 AI 서비스라고 강조해온 것과 달리 서버에 임시 저장을 해왔다는 것에 놀라움을 표시하고 있습니다.한 업계 관계자는 ""회사 설명과 달리 익시오의 핵심 기능은 서버에서 처리되고 있었던 것""이라며 이번 사고가 고도의 기술적 문제가 아니라 운영 과정에서 기본적인 데이터 관리를 잘못한 탓이라고 분석했습니다.아울러 다른 이용자의 통화 내역이 엉뚱한 이의 휴대전화에 노출된 것에서 LG유플러스가 기본적인 통화 내역의 암호화 처리를 소홀히 했던 것 아니냐는 의심도 사고 있습니다.스마트폰은 각각 고유의 암호키를 가지고 있어서 서버에서 정보를 불러내더라도 이를 열람할 권한이 있는 암호키가 없으면 내용을 볼 수 없는 구조입니다.또, 통화 요약과 같은 부가 정보는 고객 ID(UUID)가 인증된 휴대전화에서만 보입니다.서버 설정 오류가 있었던 데 더해 암호화나 ID 인증마저 제대로 작동하지 않아 민감한 개인 정보가 유출됐다는 데서 이 회사의 데이터 관리에 큰 결함이 있었던 것이 아닌지 의심되는 것입니다.업계 일각에서는 LG유플러스가 익시오 개발 과정에서 외부 개발 인력을 대규모로 참여시킨 점이 제대로 된 고객 정보 관리에 '구멍'이 나게 된 한 원인이 아니었는지 의심하기도 합니다.한 기술 전문가는 ""외주 중심 구조에서는 권한 관리와 설정 오류 같은 실수(휴먼 에러)가 일어날 가능성이 커진다""며 이번 사고를 통해 LG유플러스가 개발·운영 체계를 다시 점검해야 한다는 신호라고 지적했습니다.한편, LG유플러스가 익시오의 통화 정보 노출을 외부에 알리고 개인정보보호위원회에 신고한 당일 일선 영업점에서 평소보다 30만원가량 판매 지원금을 올려 가입을 독려했다며 보안 사고에 따른 가입자 이탈을 무마하려는 시도를 한 것 아니냐는 비판도 제기됐습니다.이에 LG유플러스는 ""단통법 폐지 이후 판매점에서 지원금을 알아서 지급하는 영업 전략은 문제가 될 것이 없으며, 본사에서 방침을 정해서 내린 적은 전혀 없다""고 반박했습니다.개인정보보호위원회는 LG유플러스 신고를 받고 사건 경위를 파악 중입니다.#LG유플러스 #통화유출연합뉴스TV 기사문의 및 제보 : 카톡/라인 jebo23"
https://n.news.naver.com/mnews/article/055/0001314846?sid=101,2025-12-10 07:51:13,경제,익시오 통화내역 유출…LGU+ '온디바이스 보안' 논란,"LG유플러스의 인공지능(AI) 통화 비서 서비스 익시오에서 통화 정보가 노출된 사고가 일어나자 통신·보안업계에서는 암호화해 보관되는 통화 정보가 허술하게 새어 나갔다는 데서 이해할 수 없다는 반응을 내놓고 있습니다.LG유플러스가 익시오 기능에 대해 '휴대전화에 정보를 저장해 보안에 강하다'고 강조해온 것과 달리 통화 내역(CDR)이 서버에 임시 저장되는 과정에서 일어난 사고로 밝혀지면서 그간 과장 홍보를 한 것 아니냐는 논란도 일고 있습니다.오늘(10일) 통신업계에 따르면 LG유플러스는 지난 6일 익시오 서비스 운영 개선 작업 과정에서 캐시 설정 오류로 고객 36명의 통화 상대방 전화번호, 통화 시각, 통화내용 요약 등 정보가 다른 이용자 101명에게 일시적으로 노출됐다고 밝혔습니다.익시오 서비스 과정에서 임시 저장 공간인 캐시를 사용했는데, 서버 기능 개선 작업을 하며 캐시 설정에서 실수를 일으켜 36명의 통화 내역이 다른 이용자의 휴대전화에 그대로 노출된 것입니다.통신업계에서는 LG유플러스가 익시오를 온디바이스 기반 AI 서비스라고 강조해온 것과 달리 서버에 임시 저장을 해왔다는 것에 놀라움을 표시하고 있습니다.한 업계 관계자는 ""회사 설명과 달리 익시오의 핵심 기능은 서버에서 처리되고 있었던 것""이라며 이번 사고가 고도의 기술적 문제가 아니라 운영 과정에서 기본적인 데이터 관리를 잘못한 탓이라고 분석했습니다.아울러 다른 이용자의 통화 내역이 엉뚱한 이의 휴대전화에 노출된 것에서 LG유플러스가 기본적인 통화 내역의 암호화 처리를 소홀히 했던 것 아니냐는 의심도 사고 있습니다.스마트폰은 각각 고유의 암호키를 가지고 있어서 서버에서 정보를 불러내더라도 이를 열람할 권한이 있는 암호키가 없으면 내용을 볼 수 없는 구조입니다.또, 통화 요약과 같은 부가 정보는 고객 ID(UUID)가 인증된 휴대전화에서만 보입니다.서버 설정 오류가 있었던 데 더해 암호화나 ID 인증마저 제대로 작동하지 않아 민감한 개인 정보가 유출됐다는 데서 이 회사의 데이터 관리에 큰 결함이 있었던 것이 아닌지 의심되는 것입니다.업계 일각에서는 LG유플러스가 익시오 개발 과정에서 외부 개발 인력을 대규모로 참여시킨 점이 제대로 된 고객 정보 관리에 '구멍'이 나게 된 한 원인이 아니었는지 의심하기도 합니다.한 기술 전문가는 ""외주 중심 구조에서는 권한 관리와 설정 오류 같은 실수(휴먼 에러)가 일어날 가능성이 커진다""며 이번 사고를 통해 LG유플러스가 개발·운영 체계를 다시 점검해야 한다는 신호라고 지적했습니다.한편, LG유플러스가 익시오의 통화 정보 노출을 외부에 알리고 개인정보보호위원회에 신고한 당일 일선 영업점에서 평소보다 30만 원가량 판매 지원금을 올려 가입을 독려했다며 보안 사고에 따른 가입자 이탈을 무마하려는 시도를 한 것 아니냐는 비판도 제기됐습니다.이에 LG유플러스는 ""단통법 폐지 이후 판매점에서 지원금을 알아서 지급하는 영업 전략은 문제가 될 것이 없으며, 본사에서 방침을 정해서 내린 적은 전혀 없다""고 반박했습니다.개인정보보호위원회는 LG유플러스 신고를 받고 사건 경위를 파악 중입니다.(사진=연합뉴스)"
https://n.news.naver.com/mnews/article/001/0015787816?sid=105,2025-12-10 09:51:46,IT/과학,익시오 통화내역 유출…LGU+ '온디바이스 보안' 논란(종합),"서버 임시 저장·암호화 실패 의혹 제기LGU+ ""연속성 있는 서비스 위해 최소한의 정보만 저장""LGU+, 익시오 고객 통화정보 유출(서울=연합뉴스) 임화영 기자 = LG유플러스의 인공지능(AI) 통화 앱 '익시오'의 통화정보 일부가 유출되는 사고가 발생했다.7일 통신업계에 따르면 LG유플러스는 지난 2일 오후 8시부터 3일 오전 10시 59분까지 익시오를 새로 설치하거나 재설치한 이용자 101명에게 다른 고객 36명의 통화 내용 요약, 통화 상대방 전화번호, 통화 시각 등이 새어나간 것으로 밝혀졌다.사진은 7일 서울 용산구 LG유플러스 본사와 익시오 통화 앱. 2025.12.7 hwayoung7@yna.co.kr(서울=연합뉴스) 조성미 기자 = LG유플러스의 인공지능(AI) 통화 비서 서비스 익시오에서 통화 정보가 노출된 사고가 일어나자 통신·보안업계에서는 암호화해 보관되는 통화 정보가 허술하게 새어 나갔다는 데서 이해할 수 없다는 반응을 내놓고 있다.LG유플러스가 익시오 기능에 대해 '휴대전화에 정보를 저장해 보안에 강하다'고 강조해온 것과 달리 통화 정보가 서버에 임시 저장되는 과정에서 일어난 사고로 밝혀지면서 그간 과장 홍보를 한 것 아니냐는 논란도 일고 있다.10일 통신업계에 따르면 LG유플러스는 지난 6일 익시오 서비스 운영 개선 작업 과정에서 캐시 설정 오류로 고객 36명의 통화 상대방 전화번호, 통화 시각, 통화내용 요약 등 정보가 다른 이용자 101명에게 일시적으로 노출됐다고 밝혔다.익시오 서비스 과정에서 임시 저장 공간인 캐시를 사용했는데, 서버 기능 개선 작업을 하며 캐시 설정에서 실수를 일으켜 36명의 통화 내역이 다른 이용자의 휴대전화에 그대로 노출된 것이다.통신업계에서는 LG유플러스가 익시오를 온디바이스 기반 AI 서비스라고 강조해온 것과 달리 서버에 임시 저장을 해왔다는 것에 놀라움을 표시하고 있다.한 업계 관계자는 ""회사 설명과 달리 익시오의 핵심 기능은 서버에서 처리되고 있었던 것""이라며 이번 사고가 고도의 기술적 문제가 아니라 운영 과정에서 기본적인 데이터 관리를 잘못한 탓이라고 분석했다.이에 LG유플러스는 ""통화 녹음은 오직 사용자 휴대전화에만 보관되며 녹음 파일을 기반으로 전사문(통화 원문) 생성, 보이는 전화, 보이스 피싱 탐지 등 익시오만의 차별화된 기능은 온디바이스 AI를 기반으로 작동한다""고 설명했다.다만, 통화 원문을 요약하는 기능은 온디바이스 기반이 아닌 거대언어모델(LLM) 서버를 통해 진행된다고 밝혔다.기기 변경이나 앱 재설치 등 환경이 바뀌었을 때도 사용할 수 있도록 암호화해 복구용 서버에 보관했다는 해명이다.아울러 이번 사고로 다른 이용자의 통화 내역이 엉뚱한 이의 휴대전화에 노출된 것에서 LG유플러스가 기본적인 통화 내역의 암호화 처리를 소홀히 했던 것 아니냐는 의심도 사고 있다.스마트폰은 각각 고유의 암호키를 가지고 있어서 서버에서 정보를 불러내더라도 이를 열람할 권한이 있는 암호키가 없으면 내용을 볼 수 없는 구조다.또, 통화 요약과 같은 부가 정보는 고객 ID(UUID)가 인증된 휴대전화에서만 보인다.서버 설정 오류가 있었던 데 더해 암호화나 ID 인증마저 제대로 작동하지 않아 민감한 개인 정보가 유출됐다는 데서 이 회사의 데이터 관리에 큰 결함이 있었던 것이 아닌지 의심되는 것이다.업계 일각에서는 LG유플러스가 익시오 개발 과정에서 외부 개발 인력을 대규모로 참여시킨 점이 제대로 된 고객 정보 관리에 '구멍'이 나게 된 한 원인이 아니었는지 의심하기도 한다.익시오 서비스 웹페이지에 공개된 '개인정보 처리 업무의 위탁 사항'에 따르면 익시오 클라우드 서버 사용, 통화 요약·개인화된 추천 등 AI 서비스 제공 등 기능을 시스템 통합(SI) 계열사나 외주 회사가 위탁 받아 운영하고 있다.한 기술 전문가는 ""외주 중심 구조에서는 권한 관리와 설정 오류 같은 실수(휴먼 에러)가 일어날 가능성이 커진다""며 이번 사고를 통해 LG유플러스가 개발·운영 체계를 다시 점검해야 한다는 신호라고 지적했다.이에 LG유플러스는 ""익시오의 핵심 기능은 외부와 협업 없이 내재화 개발을 진행했으며, 이번에 오류가 발생한 부분도 익시오 기능 개선 중에 발생한 것으로 외부 회사와는 무관하다""고 해명했다.한편, LG유플러스가 익시오의 통화 정보 노출을 외부에 알리고 개인정보보호위원회에 신고한 당일 일선 영업점에서 평소보다 30만원가량 판매 지원금을 올려 가입을 독려했다며 보안 사고에 따른 가입자 이탈을 무마하려는 시도를 한 것 아니냐는 비판도 제기됐다.이에 LG유플러스는 ""단통법 폐지 이후 판매점에서 지원금을 알아서 지급하는 영업 전략은 문제가 될 것이 없으며, 본사에서 방침을 정해서 내린 적은 전혀 없다""고 반박했다.개인정보보호위원회는 LG유플러스 신고를 받고 사건 경위를 파악 중이다.csm@yna.co.kr"
https://n.news.naver.com/mnews/article/119/0003035125?sid=105,2025-12-10 09:54:20,IT/과학,"'완전한 온디바이스' 아니었다…LGU+ ""익시오 일부 기능 서버 거쳐""","통화 요약 등은 서버 거쳐 6개월 보관LG유플러스 용산 사옥. ⓒLG유플러스[데일리안 = 조인영 기자] LG유플러스가 AI 통화 비서 ‘익시오’의 통화정보 유출 사고와 관련해, 기능별로 온디바이스 AI와 클라우드 서버를 병행해 운영하고 있다고 10일 해명했다.LG유플러스는 지난해 11월 AI 통화앱 ‘익시오’를 출시하면서 차별화된 기능으로 ‘온디바이스 AI’ 기술을 제시했다. ‘온디바이스 AI’는 클라우드에 의존하지 않고 디바이스 자체에서 AI 연산을 처리하는 기술이다.그러나 지난 6일 운영 개선 작업 과정에서 캐시 설정 오류로 고객 36명의 통화 상대방 번호, 통화 시각, 통화내용 요약 등이 다른 이용자 101명에게 일시 노출되자 ‘온디바이스 AI인데 어떻게 새나갔나’라는 의문과 비판이 제기됐다.회사측은 이날 설명 자료를 통해 ""궁극적으로 LG유플러스는 모든 AI 통화앱의 기능을 온디바이스 AI로 대체하는 시도를 이어가고 있으나, AI 성능 및 경량화 등 추가적인 기술 확보에 시간이 걸리는 바, 일부 기능은 서버를 거쳐 운영하고 있다""고 해명했다.구체적으로 익시오 온디바이스 AI 기술은 음성 통화 내용 텍스트 변환 (STT), 보이는 전화, 실시간 보이스피싱 탐지,위·변조 음성 감지 알림 등에 활용된다.클라우드 서버를 거치는 익시오 AI 기술은 통화 요약 기능, AI 음성 검색 등에 적용된다. 이번 사고는 통화 요약 기능에서 발생했다. AI 음성 검색은 내년 상반기 도입된다.LG유플러스는 온디바이스 AI를 통해 음성 통화를 텍스트로 전환하고, 텍스트를 서버로 전송해 요약한다고 밝혔다. 요약 내용은 고객의 동의를 받아 6개월간 서버에 저장하며 6개월이 지난 정보는 폐기한다고 강조했다.6개월간 서버에 저장하는 이유는 고객이 스마트폰을 교체하거나, 익시오 앱을 재설치할 시 연속성 있는 서비스 제공을 위한 것으로, 저장하는 데이터는 암호화해 보관한다고 덧붙였다.회사측은 ""익시오의 마케팅과 홍보 시 온디바이스 AI 기술을 강조하면서 익시오의 ‘모든 기능’을 온디바이스 AI로 처리한다는 인식이 형성됐고, 이번 통화정보 유출 자진 신고를 계기로 많은 고객들에게 실망을 끼쳤다""면서 ""이번 통화정보 유출을 계기로, 익시오가 작동하는 모든 프로세스를 철저하게 점검해 개선하고, 더욱 안전하고 편리한 AI 서비스로 거듭나겠다""고 밝혔다."
https://n.news.naver.com/mnews/article/016/0002569828?sid=105,2025-12-10 10:01:32,IT/과학,"국가 양자기술 상용화 출발점…과기부, 테스트베드 개통식 개최","약 250㎞ 양자 암호망 및 장비 구축“양자기술 전반의 산업화 지원할 것”과학기술정보통신부. [헤럴드DB][헤럴드경제=고재우 기자] 과학기술정보통신부(과기정통부)는 10일 한국지능정보사회진흥원(NIA)과 함께 경기도 판교 양자산업생태계지원센터에서 개방형 양자 테스트베드(테스트베드) 개통식을 개최했다고 밝혔다.테스트베드는 ‘양자 과학기술 및 양자 산업 육성에 관한 법’에 따라 구축된 상용화 지원 인프라다. 과기정통부는 테스트베드 조성 사업을 통해 지난해부터 서울-판교-대전을 연결하는 약 250㎞ 길이의 양자암호통신망 및 시험성적서 발급용 측정 장비 등을 구축해 왔다.이를 통해 관련 기업을 대상으로 기술 지원 및 보안 검증 컨설팅 등을 지원하고 있다.이날 행사에는 과기정통부를 비롯해 테스트베드 거점기관 NIA, 한국과학기술연구원, 한국전자통신연구원, 한국표준과학연구원, 한국정보통신기술협회, SKB·KT·LGU+ 등 구축 기업 및 국내 주요 산학연 관계자 약 70명이 참여했다.여기서 ▷양자암호통신장비 1호 인증서 수여 ▷거점기관 간 테스트베드 협력 MOU 체결 ▷전시 부스 관람 및 장비 시연 ▷양자 기술 기업간담회 등이 진행됐다.우선 양자암호통신장비 양자키관리장비(QKD)·양자통신암호화장비(QENC)·양자키분배장비(QKMS) 등 국가정보원의 보안기능시험제도에 따른 보안기능확인서를 먼저 발급받은 기업을 대상으로 양자암호통신장비 1호 인증서가 수여됐다.장비별로는 양자키관리장비 부문에서 드림시큐리티, 양자통신암호화장비 부문에서 코위버, 양자키분배장비 부문에서 아이디퀀티크 등이 1호 인증서를 받았다.또 양자 기술 상용화와 양자산업 생태계 활성화를 위한 협력을 목적으로 테스트베드 거점기관 간 업무협약이 체결됐다.아울러 전시 부스에서는 양자암호통신 장비 실물 전시, 양자암호통신 적용 구간에서 모의 해킹 탐지 시연, 자율주행 버스·드론 연계 양자 보안 모빌리티 서비스 등이 시연됐다.김성수 과기정통부 연구개발정책실장은 “개방형 양자 테스트베드 개통이 국내 양자 기술의 상용화와 산업 생태계 조성의 중대한 전환점이 될 것”이라며 “정부는 양자 테스트베드를 고도화해 양자암호통신을 포함한 양자 기술 전반의 산업화를 지원할 것”이라고 밝혔다.한편 기업간담회에서는 제조사의 양자암호통신 장비 소형화·집적화 동향, 양자 테스트베드 및 양자암호통신 서비스의 전국 확대·실증 방안 등 산학연이 함께 논의하는 시간을 가졌다."
https://n.news.naver.com/mnews/article/003/0013649185?sid=105,2025-12-10 10:14:58,IT/과학,"LGU+ ""익시오, 전부 온디바이스 AI 방식 아냐…노출 정보는 서버 거쳐""","익시오 고객 36명 통화내용 요약 등 정보 다른 이용자에 노출""익시오 일부 데이터 서버 보관…온디바이스 AI 홍보 과정서 오인""[서울=뉴시스] 김진아 기자 = LG유플러스가 AI 통화비서 서비스 ‘익시오’의 운영 개선 작업 과정에서 발생한 고객 통화정보 유출 사실을 개인정보보호위원회에 자진 신고했다.LG유플러스는 6일 캐시(임시 저장 공간) 설정 오류로 고객 36명의 통화 상대방 전화번호, 통화 시각, 통화내용 요약 등의 정보가 다른 이용자 101명에게 일시적으로 노출됐다고 밝혔다.사진은 7일 서울 시내 LG유플러스 매장. 2025.12.07. bluesoda@newsis.com[서울=뉴시스]윤현성 기자 = LG유플러스가 이용자 통화기록이 노출된 AI(인공지능) 통화 비서 '익시오'의 모든 데이터가 온디바이스 AI 기술로 처리되는 것은 아니라고 해명했다.이번에 노출된 통화 요약 데이터는 온디바이스 방식이 아닌 클라우드 서버를 거친다는 것이다. 기기 자체에서 통화 내용을 처리해 보안성이 높은 온디바이스 AI 방식이 뚫린 것 아니냐는 우려가 나오자 재차 진화에 나선 것으로 보인다.LG유플러스는 10일 설명 자료를 통해 ""모든 자사 AI 통화앱의 기능을 온디바이스 AI로 대체하는 시도를 이어가고 있으나, AI 성능 및 경량화 등 추가적인 기술 확보에 시간이 걸려 일부 기능은 서버를 거쳐 운영하고 있다""고 밝혔다.앞서 LG유플러스는 지난 6일 캐시(임시 저장 공간) 설정 오류로 고객 36명의 통화 상대방 전화번호, 통화 시각, 통화내용 요약 등의 정보가 다른 이용자 101명에게 일시적으로 노출됐으며, 유출 사실을 개인정보보호위원회에 자진 신고했다고 밝혔다.이를 두고 일각에서는 온디바이스 AI를 활용하는 익시오의 보안 체계가 뚫린 것 아니냐는 지적이 나왔다. 온디바이스 AI는 외부 서버를 거치지 않고 스마트폰 등 기기 자체에서 통화 내용을 처리하는 방식이다. 그만큼 기술적으로 외부 해킹이나 유출 가능성이 낮은데, 그렇게 보관되는 정보가 유출됐다면 더 문제가 크기 때문이다.LG유플러스가 익시오는 통화 녹음과 텍스트 변환이 단말기 내부에서 이뤄지는 온디바이스 방식이라는 점을 강조해 왔던 만큼 '온디바이스 AI가 뚫렸나'라는 우려는 더 커졌다.이에 대해 LG유플러스는 ""일부 정보가 서버를 거쳐 서비스된다는 내용과 6개월간 보관되는 데이터 등에 대한 내용은 익시오 가입 과정에서 고객에게 동의를 받아 서비스하고 있다""며 ""일부 데이터 보관은 스마트폰 교체 및 앱 재설치 등 과정에서도 고객에게 연속성 있는 서비스를 제공하기 위해 필요한 과정""이라고 설명했다.그러면서 ""하지만 익시오의 마케팅과 홍보 시 온디바이스 AI 기술을 강조하면서 익시오의 '모든 기능'을 온디바이스 AI로 처리한다는 인식이 형성됐고, 이번 통화정보 유출 자진 신고를 계기로 많은 고객들에게 실망을 끼쳤다""고 덧붙였다.LG유플러스에 따르면 온디바이스 AI 기술이 적용되는 익시오 서비스는 ▲음성 통화 내용 텍스트 변환(STT) ▲보이는 전화 ▲실시간 보이스피싱 탐지 ▲ 위·변조 음성 감지 알림 등이다.반면 이번에 기록이 노출된 통화 요약 기능과 내년 상반기 도입 예정인 AI 음성 검색은 클라우드 서버를 거치고 있다.이에 대해 LG유플러스는 ""익시오는 온디바이스 AI를 통해 음성 통화를 텍스트로 전환하고 텍스트를 서버로 전송해 요약한다. 이 요약 내용은 고객의 동의를 받아 6개월간 서버에 저장하고 6개월이 지난 정보는 곧바로 폐기한다""며 ""요약 내용을 6개월간 서버에 저장하는 이유는 고객이 스마트폰을 교체하거나, 익시오 앱을 재설치할 시 연속성 있는 서비스를 제공하기 위함이다. 저장하는 데이터는 암호화하여 보관하고 있으며, 활용된 텍스트 파일 전문은 요약이 끝난 직후 바로 폐기되고 어느 서버에도 저장되지 않는다""고 설명했다.또 올 9월 LG AI연구원, 옵트에이아이와 함께 '엑사원(EXAONE) 3.5 2.4B' 모델 기반의 온디바이스 sLM을 개발했으며, 이를 익시오에 탑재하기 위한 내부 테스트를 진행 중이라고 밝혔다. 해당 테스트가 완료되면 통화 요약 기능도 온디바이스 기반으로 제공이 가능해진다.LG유플러스는 ""이번 통화정보 유출을 계기로, 익시오가 작동하는 모든 프로세스를 철저하게 점검해 개선하고, 더욱 안전하고 편리한 AI 서비스로 거듭나겠다""고 거듭 강조했다．"
https://n.news.naver.com/mnews/article/117/0004016469?sid=105,2025-12-10 10:16:06,IT/과학,"“안전하다던 익시오가…” LGU+ AI 통화 비서, 보안 체계 강화 필요","서버 저장·캐시 오류 드러나며 ‘온디바이스’ 핵심 주장 자체가 논란암호화·인증 동작 의문 속 AI 통화 서비스 전반 재점검 요구 커진다서울 시내 LG유플러스 매장. /뉴시스[마이데일리 = 박성규 기자] LG유플러스 AI 통화 비서 ‘익시오’에서 이용자 통화 정보가 타인에게 노출된 사실이 확인되면서 서비스의 보안 신뢰도가 흔들리고 있다. 단말에서 안전하게 처리된다는 회사 설명과 달리 통화 요약과 메타데이터가 서버에서 가공·저장된 구조가 드러났기 때문이다. LG유플러스가 익시오를 ‘온디바이스’ 보안으로 강조해 온 것과는 다른 구조라 과장 홍보란 비판도 나온다.10일 통신업계에 따르면 이번 사고는 지난 6일 익시오 서버 기능 개선 과정에서 캐시 설정 오류가 발생하며 고객 36명의 통화 상대 번호, 통화 시간, 요약 내용 일부가 101명의 다른 이용자 단말 화면에 노출된 데서 비롯됐다. LG유플러스는 외부 공격이 아닌 운영 과정의 실수라고 해명했지만 그간 강조해온 아키텍처와 실제 설계 간 괴리가 확인되면서 논란은 오히려 확산되는 분위기다.특히 온디바이스를 앞세운 보안 강점이 사실상 서버 연동 구조에 의존해 왔다는 점이 뚜렷해지자 업계에서는 위험 요소를 이용자가 제대로 인지할 수 없었던 구조라는 비판이 나온다. 요약문 생성 과정에서 서버에 임시 저장이 이뤄졌다면 암호화·인증·접근권한 관리가 제대로 작동했는지 여부가 핵심인데 이번 노출은 그 기본적인 절차조차 허술했음을 보여준 셈이라는 지적이다.한 보안 전문가는 “단순한 설정 오류가 아니라 설계 단계부터 개인정보 흐름 관리가 제대로 조직되지 않았다는 신호”라고 말했다.LG유플러스 사옥. /LG유플러스개발·운영 체계 전반에 대한 의문도 커지고 있다. 익시오 개발 과정에는 내부·외부 인력이 함께 참여한 것으로 알려졌는데, 복합 구조에서 권한 관리와 데이터 분리가 제대로 이뤄졌는지가 쟁점이다.한 통신업계 관계자는 “캐시 오류가 표면적 원인이지만 실제로는 서버·단말·AI 모델이 연결된 전체 경로를 다시 분석해야 한다”며 “온디바이스 범위와 서버 처리 범위를 명확히 구분하는 재설계가 필요하다”고 강조했다.이용자 불안도 확산 중이다. 주민번호·금융정보 등 고유식별정보는 포함되지 않았다는 게 LG유플러스 설명이지만, 통화 요약 특성상 사생활에 가까운 대화 내용 일부가 포함됐을 가능성을 배제하기 어렵다는 지적이 잇따르고 있다. 개인정보보호위원회는 LG유플러스 신고를 접수하고 사고 경위를 조사 중이다.일각에서는 사고가 알려진 시점에 일부 영업점에서 단말 지원금이 평소 대비 높게 책정됐다는 지적도 나온다. 이와 관련 LG유플러스는 판매점의 자율적 조치일 뿐 본사 지침은 없다고 입장이다.통신업계는 이번 사태를 계기로 AI 기반 통화·요약 서비스 전반에 대한 재검증이 불가피하다고 본다. 편의성을 앞세워 빠르게 시장을 넓혀온 구조가 개인정보 안전성 검증 없이 확대됐다는 비판이 힘을 얻고 있어서다. 업계에서는 AI 통화 기능이 차세대 주요 성장축인 만큼 이번 사건은 신뢰 회복이 최우선 과제가 돼야 한다고 입을 모은다.LG유플러스는 이번 사고 이후 익시오의 기술 구조에 대한 설명과 함께 온디바이스 AI와 서버 처리 범위를 다시 명확히 하겠다는 방침을 밝혔다.회사는 음성→텍스트 변환(STT), 보이는 전화, 보이스피싱 탐지 등 주요 기능은 단말에서 처리하고 있다며, 통화 요약은 기술 한계로 인해 서버에서 생성·보관해 왔다고 설명했다. 일부 데이터가 서버를 거치는 과정은 가입 시 동의 절차를 거쳤고, 스마트폰 교체·앱 재설치 시 연속성을 위한 최소한의 조치라는 입장이다.LG유플러스 관계자는 “온디바이스 AI 적용 범위를 확대하기 위해 경량 모델을 이미 개발 중이며, 통화 요약도 단말 기반으로 전환할 준비를 하고 있다”며 “이번 사고를 계기로 모든 프로세스를 다시 점검해 안전한 AI 통화 서비스로 만들겠다”고 말했다."
https://n.news.naver.com/mnews/article/215/0001234052?sid=101,2025-12-10 10:22:58,경제,"LG U+, 익시오 '온디바이스 AI' 논란에…""일부만 서버 거쳐""","지난 6일 LG유플러스의 '익시오' 통화정보가 일부 유출된 것과 관련해 '온디바이스 AI' 기술에 대한 논란이 이어지고 있다.이에 LG유플러스 측은 10일 ""모든 기능을 AI로 대체하는 시도를 이어가고 있으나 기술 확보에 시간이 걸려 일부 기능은 서버를 거쳐 운영하고 있다""고 설명했다.LG유플러스가 사용한 '온디바이스 AI' 기술은 클라우드에 의존하지 않고 디바이스 자체에서 AI 연산을 처리하는 기술이다.LG유플러스는 익시오 개발 초기부터 온디바이스 AI를 AI 서비스 경쟁력의 핵심 요소로 판단, 관련 기술 확보를 위해 많은 투자를 이어오고 있다.이에 따라 익시오의 마케팅과 홍보 시에도 온디바이스 AI 기술이 강조, 익시오의 모든 기능을 온디바이스 AI로 처리한다는 인식이 형성됐다.하지만 AI 성능이나 경량화 등 추가적인 기술 확보에 시간이 걸려, 일부 기능은 여전히 서버를 거쳐 운영됐다는게 LG유플러스의 설명이다.다만 LG유플러스는 ""일부 정보가 서버를 거쳐 서비스된다는 내용과 6개월간 보관되는 데이터 등에 대한 내용은 익시오 가입 과정에서 고객에게 동의를 받아 서비스하고 있다""며 ""일부 데이터 보관은 스마트폰 교체 및 앱 재설치 등 과정에서도 고객에게 연속성 있는 서비스를 제공하기 위해 필요한 과정""이라고 전했다.이어 ""고객이 신뢰하는 AI 서비스 제공을 위해 가능한 모든 AI 기능을 온디바이스로 처리하고, 클라우드나 외부 서버로 저장 및 전송되는 데이터를 최소화하며, 데이터 보관 기간을 단축하기 위한 기술을 빠르게 확보해 나가고 있다""며 ""이번 통화정보 유출을 계기로, 익시오가 작동하는 모든 프로세스를 철저하게 점검해 개선하고, 더욱 안전하고 편리한 AI 서비스로 거듭나겠다""고 덧붙였다."
https://n.news.naver.com/mnews/article/417/0001118378?sid=105,2025-12-10 10:35:33,IT/과학,"'온디바이스'라더니…LGU+ ""익시오 일부 기능 서버 거친다""","통화 요약·AI 음성 검색 클라우드 서버 거쳐LG유플러스가 인공지능(AI) 통화 앱 '익시오' 이용 고객 36명의 통화정보가 유출된 사실을 개인정보보호위원회(개보위)에 자진 신고했다. /사진=뉴스1LG유플러스의 인공지능(AI) 통화 비서 서비스 익시오에서 고객 통화 정보가 외부로 노출되는 사고가 발생한 가운데 회사 측은 모든 데이터가 온디바이스 AI 기술로 처리되지 않는다고 설명했다.10일 통신업계에 따르면 LG유플러스는 지난 6일 익시오 서비스 운영 개선 작업 과정에서 고객 36명의 통화 상대방 전화번호·통화 시각·통화내용 요약 등 정보가 다른 이용자 101명에게 일시적으로 노출됐다고 밝혔다. 통화 음성 파일이나 전체 통화 내역, 주민등록번호, 여권정보 등 고유식별정보, 금융정보는 포함되지 않았다.이번 사고는 익시오 서비스가 통화 데이터를 처리하는 과정에서 사용하는 임시 저장 공간(캐시)에 설정 오류가 발생하면서 개발자 서버 최적화 작업 중 36명의 통화 내역이 다른 이용자의 휴대전화에 노출된 데 따른 것이다.LG유플러스는 그동안 익시오가 고객 단말에만 정보를 저장하며 회사 서버와 연결되지 않아 보안에 강한 '온디바이스 AI'임을 강조해왔지만 이번 사고는 통화 내역이 서버에 임시 저장되는 과정에서 발생한 것으로 드러났다.이에 LG유플러스는 ""통화 녹음은 오직 사용자 휴대전화에만 보관되며 녹음 파일을 기반으로 전사문(통화 원문) 생성, 보이는 전화, 보이스 피싱 탐지 등 익시오만의 차별화된 기능은 온디바이스 AI를 기반으로 작동한다""고 해명했다. 다만 통화 원문을 요약하는 기능은 온디바이스 기반이 아닌 거대언어모델(LLM) 서버를 통해 진행된다고 밝혔다.LG유플러스에 따르면 익시오 서비스 중 ▲음성 통화 내용 텍스트 변환 ▲보이는 전화 ▲실시간 보이스피싱 탐지 ▲위·변조 음성 감지 알림 등 4개 기능은 온디바이스 AI 기술이 사용된다. 다만 통화 요약 기능과 내년 상반기 도입 예정인 AI 음성 검색 기능은 클라우드 서버를 거쳐간다고 설명했다.LG유플러스는 이날 입장문을 통해 ""AI 통화앱의 모든 기능을 온디바이스 AI로 전환 중이지만 AI 성능 및 경량화 등 추가적인 기술 확보에 시간이 걸려 일부 기능은 서버를 거쳐 운영되고 있다""며 ""이번 사고로 유출된 통화 요약 내용은 고객 동의를 받아 6개월간 서버에 저장된 후 폐기되며 요약 과정에서 활용된 텍스트 파일 전문은 요약 즉시 삭제돼 어떠한 서버에도 저장되지 않는다""고 밝혔다."
https://n.news.naver.com/mnews/article/421/0008652575?sid=105,2025-12-10 10:36:00,IT/과학,"LGU+ ""통화 AI '익시오' 일부 기능은 서버 저장""","'온디바이스' 기술 강조했지만 통화 정보 유출로 논란일자 해명""고객에게 연속성 있는 서비스 제공 위해 일부 데이터 보관""LG유플러스가 인공지능(AI) 통화 앱 '익시오' 이용 고객 36명의 통화정보가 유출된 사실을 개인정보보호위원회(개보위)에 자진 신고했다. 주민등록번호, 여권번호 등 고유 식별정보와 금융정보는 유출되지 않았다고 LG유플러스는 밝혔다. 사진은 7일 서울 시내 한 LG 유플러스 매장의 모습. 2025.12.7/뉴스1 ⓒ News1 김성진 기자(서울=뉴스1) 이기범 기자 = LG유플러스(032640)가 가입자 통화 정보가 유출된 인공지능(AI) 통화 앱 '익시오'를 놓고 ""일부 기능은 서버를 거쳐 운영하고 있다""고 밝혔다. 통화 내용을 서버가 아닌 기기 내에 저장한다고 강조해 왔지만, 이번 사태로 논란이 일자 해명에 나섰다.LG유플러스는 10일 익시오의 온디바이스 AI 기술과 관련해 ""모든 AI 통화앱의 기능을 온디바이스 AI로 대체하는 시도를 이어가고 있으나, AI 성능 및 경량화 등 추가적인 기술 확보에 시간이 걸려 일부 기능은 서버를 거쳐 운영하고 있다""고 했다.또 ""일부 정보가 서버를 거쳐 서비스된다는 내용과 6개월간 보관되는 데이터 등은 익시오 가입 과정에서 고객에게 동의를 받아 서비스하고 있다""며 ""일부 데이터 보관은 스마트폰 교체 및 앱 재설치 등 과정에서도 고객에게 연속성 있는 서비스를 제공하기 위해 필요한 과정""이라고 덧붙였다.온디바이스 AI를 통해 음성 통화를 텍스트로 전환하지만, 텍스트는 다시 서버로 전송돼 요약 처리하며, 요약 내용은 고객의 동의를 받아 6개월간 서버에 저장하고 있다는 설명이다. 요약에 활용된 텍스트 파일 전문은 요약이 끝난 직후 바로 폐기한다고도 했다.익시오는 통화 내용을 서버가 아닌 기기 내에 저장하는 '온디바이스' 기반 기술이라는 점을 강조하며 민감한 통화 데이터를 안전하게 처리하고 있다고 홍보해 왔다. 그러나 다른 이용자들에게 가입자 36명의 통화 관련 정보가 노출되면서 논란이 일었다.LG유플러스는 ""익시오의 마케팅과 홍보 시 온디바이스 AI 기술을 강조하면서 익시오의 '모든 기능'을 온디바이스 AI로 처리한다는 인식이 형성됐고, 이번 통화정보 유출 자진 신고를 계기로 많은 고객들에게 실망을 끼쳤다""며 ""익시오가 작동하는 모든 프로세스를 철저하게 점검해 개선하고, 더욱 안전하고 편리한 AI 서비스로 거듭나겠다""고 강조했다."
https://n.news.naver.com/mnews/article/008/0005289812?sid=105,2025-12-10 10:44:45,IT/과학,"LGU+ '익시오' ""100% 온디바이스AI 아냐…일부는 서버 거쳐""","기기에서 통화음성→텍스트 변환, 외부서버서 텍스트 요약요약후 텍스트는 파기…""통화요약도 온디바이스AI 준비중""LG유플러스는 AI통화앱 '익시오'에서 AI 대화검색 및 통화요약 기능은 온디바이스AI가 아니라 외부 서버를 거친다고 설명했다. /사진=LG유플러스LG유플러스가 AI통화앱 '익시오'에서 온디바이스AI가 적용된 기능과 그렇지 않은 기능을 공개했다. 그동안 LG유플러스는 익시오에 온디바이스AI가 적용돼 보안성이 높다고 강조해왔는데, 가입자 36명의 통화정보가 외부에 공개되면서 의구심이 커졌기 때문이다.10일 LG유플러스는 △음성통화 내용 텍스트 변환(STT) △실시간 자막을 제공하는 보이는 전화 △통화중 실시간 보이스피싱 탐지 △통화중 위·변조된 음성 감지 알림 기능은 온디바이스AI가 적용됐다고 설명했다. 온디바이스AI란 데이터를 외부 서버로 저장·전송하지 않고 기기 내에서 처리하는 방식이다. 실시간 서비스가 가능하고 보안성이 높다는 장점이 있다.그러나 '통화요약'과 내년 상반기 도입될 'AI 음성검색'은 외부 클라우드 서버를 거친다. 지난 2일 오후 8시부터 3일 오전 10시59분까지 약 15시간 동안 가입자 36명의 통화요약 정보가 다른 가입자 101명에게 공개된 이유다. 내부 개발자가 익시오 업데이트 과정에서 임시저장공간(캐시) 설정을 잘못해 사고가 발생한 것이다.LG유플러스는 기기 내에서 음성통화를 텍스트로 전환하면, 텍스트를 서버로 전송해 요약하고 6개월간 저장한다. 고객이 스마트폰을 교체하거나 익시오 앱을 재설치할 때 연속성 있는 서비스를 제공하기 위해 데이터를 암호화해 6개월간 보관한다는 설명이다. 또 익시오 가입시 '일부 데이터가 외부 서버를 거쳐 6개월간 보관된다'는 점을 안내하고 고객 동의를 받았다고 해명했다.LG유플러스는 ""6개월이 지난 요약정보는 곧바로 폐기한다""며 ""텍스트 전문도 요약이 끝난 직후 바로 폐기해 어느 서버에도 저장하지 않는다""고 강조했다. 이어 ""지난 9월 LG AI 연구원 등과 '엑사원 3.5 2.4B' 모델 기반의 온디바이스 sLM을 개발해 익시오에 탑재하는 테스트 중""이라며 ""테스트가 완료되면 통화요약도 온디바이스AI로 제공할 수 있다""고 덧붙였다.왜 모든 기능을 온디바이스AI로 구현하지 않았는지에 대해서는 ""AI 성능 및 경량화 등 추가적인 기술 확보에 시간이 걸려 일부 기능은 서버를 거쳐 운영하고 있다""며 ""궁극적으로 모든 AI통화앱 기능을 온디바이스AI로 대체하려는 시도를 이어가고 있다""고 말했다. 그러면서 ""이번 사고를 계기로 익시오가 작동하는 모든 프로세스를 철저하게 점검해 개선하겠다""고 사과했다."
https://n.news.naver.com/mnews/article/025/0003488792?sid=105,2025-12-10 10:45:39,IT/과학,익시오 통화내역 유출…LGU+ 온디바이스 보안 논란,"LG유플러스는 인공지능(AI) 통화 앱 '익시오'의 통화정보 일부가 유출돼 개인정보보호위에 신고했다고 지난 6일 밝혔다. 사진은 서울 용산구 LG유플러스 사옥 모습. 김경록 기자LG유플러스의 AI 통화 비서 서비스 익시오에서 고객 통화 정보가 유출되는 사고가 발생하면서, 그동안 강조해온 온디바이스 기반 보안의 신뢰성에 대한 논란이 커지고 있다. 통신·보안업계에서는 암호화된 상태로 안전하게 관리돼야 할 통화 정보가 캐시 설정 오류로 외부에 그대로 노출됐다는 점에서 이해하기 어렵다는 반응을 보이고 있다.LG유플러스는 6일 서비스 운영 개선 작업 중 캐시 설정 오류로 인해 고객 36명의 통화 상대 전화번호, 통화 시각, 통화내용 요약 등이 다른 이용자 101명에게 일시적으로 노출됐다고 밝혔다. 익시오 서비스 과정에서 임시 저장 공간인 캐시를 활용했는데, 서버 기능 개선 작업 중 설정 실수가 발생한 것이다.그간 LG유플러스는 익시오를 온디바이스 기반 AI 서비스로 홍보해왔으나 실제로는 통화 정보 일부가 서버에 임시 저장되는 구조였음이 드러나 업계의 놀라움을 자아냈다. 업계 관계자들은 이번 사고가 기술적 난제라기보다 기본적인 데이터 관리 실패에서 비롯됐다고 지적했다.LG유플러스는 ""통화 녹음 파일은 사용자 휴대전화에만 저장되며, 익시오의 주요 기능은 온디바이스 AI로 작동한다""고 해명했다. 다만 통화 원문 요약 기능은 LLM 서버를 통해 처리된다고 설명했다. 기기 변경이나 앱 재설치 시 복구를 위해 암호화된 상태로 서버에 저장했다는 것이다.그러나 정보가 다른 이용자의 휴대전화에서 그대로 보였다는 점에서 암호화 키 관리나 ID 인증 절차가 제대로 작동하지 않은 것 아니냐는 의혹도 제기된다. 업계에서는 LG유플러스가 외주 인력을 대거 투입해 익시오를 개발한 사실을 언급하며, 권한 관리 부실과 설정 오류 가능성이 커진 구조적 문제가 아니냐는 지적을 내놓고 있다.LG유플러스는 ""핵심 기능은 자체 개발했으며 이번 오류도 외부 업체와 무관하다""고 해명했다."
https://n.news.naver.com/mnews/article/014/0005446836?sid=105,2025-12-10 10:50:10,IT/과학,"LG U+, '온디바이스 보안'에도 통화정보 유출 왜?…일부 기능 서버에 저장","온디바이스 AI에도 고객 통화정보 유출통화 요약·AI 음성 검색 등 서버 거쳐 사용서울 시내 LG유플러스 매장. 뉴시스[파이낸셜뉴스] LG유플러스 인공지능(AI) 통화 앱 '익시오'에서 발생한 가입자 36명의 통화정보 유출 사태를 계기로 통신업계가 강조해온 온디바이스 인공지능(AI) 보안에 대한 논란이 이어지고 있다. 이번 고객 통화정보 유출 사고가 기기 내부가 아닌 서버에 통화 내역을 임시 저장하는 과정에서 발생한 것으로 확인되면서다.10일 업계에 따르면 LG유플러스는 최근 익시오에서 고객 36명의 통화 정보가 유출되는 사고가 발생한 이후 지난 6일 개인정보보호위원회에 이 사실을 자진 신고했다. 익시오 서비스의 운영 개선 작업 과정에서 캐시(임시 저장 공간) 설정 오류로 고객 36명의 일부 △통화 상대방 전화번호 △통화 시각 △통화내용 요약 등 정보가 다른 이용자 101명에게 일시적으로 노출됐다. 이번에 유출된 정보에는 주민등록번호, 여권번호 등 고유식별정보와 금융정보는 포함되지 않았다.온디바이스 AI는 클라우드에 의존하지 않고 디바이스 자체에서 AI 연산을 처리하는 기술이다. 최소한의 정보만 연산을 위해 서버로 이동시켜 보안성과 실시간 서비스 제공 측면에서 강점이 있다. LG유플러스는 모든 AI 통화앱의 기능을 온디바이스 AI로 대체하는 시도 중이다. 하지만 AI 성능 및 경량화 등 추가 기술 확보에 시간이 걸린다는 한계가 있어 일부 기능은 서버를 거쳐 운영하고 있는 것으로 파악됐다. LG유플러스는 이날 ""일부 정보가 서버를 거쳐 서비스된다는 내용과 6개월간 보관되는 데이터 등에 대한 내용은 익시오 가입 과정에서 고객에게 동의를 받아 서비스하고 있다""고 해명했다. 일부 데이터 보관은 스마트폰 교체 및 앱 재설치 등 과정에서도 고객에게 연속성 있는 서비스를 제공하기 위해 필요한 과정이라는 것이다.그럼에도 LG유플러스는 익시오의 마케팅과 홍보 시 온디바이스 AI 기술을 강조하면서 익시오의 모든 기능을 온디바이스 AI로 처리한다는 인식이 형성됐다는 점을 인정하며 ""이번 통화정보 유출 자진 신고를 계기로 많은 고객들에게 실망을 끼쳤다""고 머리를 숙였다.LG유플러스 관계자는 ""고객이 신뢰하는 AI 서비스 제공을 위해 가능한 모든 AI 기능을 온디바이스로 처리하고, 클라우드나 외부 서버로 저장 및 전송되는 데이터를 최소화하며, 데이터 보관 기간을 단축하기 위한 기술을 빠르게 확보해 나가고 있다""며 ""이번 통화정보 유출을 계기로 익시오가 작동하는 모든 프로세스를 철저하게 점검해 개선하고, 더욱 안전하고 편리한 AI 서비스로 거듭나겠다""고 전했다."
https://n.news.naver.com/mnews/article/031/0000987989?sid=105,2025-12-10 11:01:06,IT/과학,"LGU+ ""익시오, 전부 온디바이스 AI 방식 아냐...일부 클라우드 서버서 처리""","통화정보 유출 논란에 해명…요약 기능 등 일부는 서버 기반 운영LG유플러스가 인공지능(AI) 통화 비서 앱 '익시오'의 일부 기능이 클라우드 서버를 통해 처리된다고 해명했다. 최근 발생한 통화정보 유출 사고와 관련해 온디바이스 AI 보안 체계가 뚫리지 않았다는 점을 밝힌 것이다.LGU+ 로고. [사진=LGU+]LG유플러스는 10일 참고자료를 통해 ""모든 AI 통화앱의 기능을 온디바이스 AI로 대체하는 시도를 이어가고 있으나, AI 성능 및 경량화 등 추가적인 기술 확보에 시간이 걸리는 바, 일부 기능은 서버를 거쳐 운영하고 있다""고 설명했다앞서 LG유플러스는 지난 6일 캐시 설정 오류로 인해 익시오 이용 고객 36명의 통화 상대방 전화번호, 통화 시각, 통화내용 요약 정보가 다른 고객 101명에게 일시적으로 노출됐으며, 이를 개인정보보호위원회에 자진 신고했다. 이와 관련해 익시오의 핵심 기술로 알려진 온디바이스 AI가 해킹당한 것 아니냐는 의혹이 제기됐다.이에 대해 LG유플러스는 온디바이스 AI와 서버 기반 기능을 구분해 설명했다. 익시오는 음성 통화를 기기 내에서 텍스트로 변환하는 STT, 통화 중 대화를 자막으로 보여주는 '보이는 전화', 보이스피싱 실시간 탐지, 위·변조 음성 감지 등 주요 기능은 온디바이스 AI를 통해 처리되고 있다. 반면 이번에 문제가 된 통화 요약 기능은 텍스트 변환 후 서버에 전송해 요약하며, 고객 동의하에 요약된 결과만 6개월간 서버에 암호화해 저장한다. 텍스트 전문은 요약 직후 폐기돼 저장되지 않는다.LG유플러스는 ""일부 정보가 서버를 거쳐 서비스된다는 내용은 익시오 가입 과정에서 고객 동의를 받아 안내하고 있으며, 데이터 보관은 스마트폰 교체나 앱 재설치 등 상황에서 연속성 있는 서비스를 제공하기 위한 조치""라고 말했다. 이어 ""온디바이스 AI 기술을 강조한 마케팅으로 인해 익시오의 모든 기능이 온디바이스 기반으로 운영된다는 오해가 형성돼 고객 실망을 초래한 점에 대해 유감스럽게 생각한다""고 전했다.LG유플러스는 지난 9월 LG AI연구원, 옵트에이아이와 함께 초거대 언어모델 '엑사원(EXAONE) 3.5 2.4B' 기반의 온디바이스 전용 소형 언어모델(sLM)을 개발하고, 익시오에 적용하기 위한 테스트를 진행 중이다. 테스트가 완료되면 통화 요약 기능도 온디바이스 기반으로 전환할 수 있을 것으로 보고 있다.LG유플러스는 ""이번 사고를 계기로 익시오 서비스 전 과정을 점검하고, 더욱 안전하고 신뢰받는 AI 서비스를 제공할 수 있도록 최선을 다하겠다""고 말했다."
https://n.news.naver.com/mnews/article/293/0000076251?sid=105,2025-12-10 11:03:06,IT/과학,"'온디바이스 AI' 강조한 LGU+ '익시오', 일부 기능 클라우드 거친다","LG유플러스 모델인 배우 차은우가 익시오의 로고를 소개하고 있다. /사진=LG유플러스 홈페이지LG유플러스의 온디바이스 인공지능(AI) 통화비서 서비스 '익시오'의 통화정보가 유출되면서 정보 유출 경위에 관한 의문이 커졌다. 온디바이스 AI 기술은 클라우드에 의존하지 않고 디바이스 자체에서 AI 연산을 처리하기 때문에 기기 자체를 해킹하지 않는 이상 정보가 유출되지 않기 때문이다. LG유플러스는 익시오의 통화 요약 등 일부 기능을 클라우드 서버를 거쳐 운영하면서 이번 사고가 일어났다고 설명했다.LG유플러스는 10일 익시오 기술에 관한 설명 자료에서 ""익시오의 마케팅과 홍보 시 온디바이스 AI 기술을 강조하면서 익시오의 '모든 기능'을 온디바이스 AI로 처리한다는 인식이 형성됐다""며 ""이번 통화정보 유출 자진 신고를 계기로 많은 고객들에게 실망을 끼쳤다""고 밝혔다.모든 기능을 온디바이스 AI로 제공한다는 통상적인 인식과 달리 기술 개발 속도 한계로 인해 일부 기능은 클라우드 서버를 거쳐 구현했다는 뜻이다.클라우드 서버를 거치는 익시오의 AI 기능은 △통화 요약 △내년 상반기 도입 예정인 AI 음성 검색이다. LG유플러스는 통화 요약에 활용된 텍스트 파일 전문을 요약 완료 직후 바로 폐기한다고 강조했다. 또 스마트폰 교체·애플리케이션 재설치 가능성을 고려해 이용자 동의를 전제로 요약 내용만 6개월 간 서버에 저장한다고 부연했다.내년 상반기에 공개하는 AI 음성 검색은 온디바이스 AI 기술을 활용해 호출 전 통화 내용은 서버에 저장하지 않는다. '헤이 익시'로 서비스를 호출한 뒤에 나온 내용만 서버로 전송해 AI 검색에 활용한다.LG유플러스는 지난해 11월 익시오 서비스 출시 때부터 온디바이스 AI 기술을 적용해 성능과 안전성을 갖췄다고 강조했다. 그러나 AI 성능 및 경량화 등 추가적인 기술 확보에 시간이 걸려 일부 정보는 클라우드 서버에 저장할 수밖에 없었다는 설명이다.LG유플러스는 ""궁극적으로 모든 AI 통화앱의 기능을 온디바이스 AI로 대체하는 시도를 이어가고 있다""고 강조했다. 이어 ""일부 정보가 서버를 거쳐 서비스된다는 내용과 6개월간 보관되는 데이터 등에 대한 내용은 익시오 가입 과정에서 고객에게 동의를 받아 서비스했다""고 말했다.LG유플러스는 익시오의 모든 기능을 온디바이스 AI로 대체하기 위한 기술 투자를 지속했다고 강조했다. 현재 클라우드 서버를 거쳐 제공 중인 통화 요약 기능을 온디바이스 기반으로 제공할 수 있는 기술을 회사 내부에서 시험 중이다. LG유플러스, LG AI연구원, 옵트에이아이와 함께 올해 9월 '엑사원(EXAONE) 3.5 2.4B' 모델 기반의 온디바이스 소규모언어모델(sLM)을 개발하고 익시오에 탑재를 시도한 결과다.LG유플러스는 ""통화정보 유출을 계기로 익시오가 작동하는 모든 프로세스를 철저하게 점검해 개선하고, 더욱 안전하고 편리한 AI 서비스로 거듭나겠다""고 약속했다.이달 2일 오후 8시부터 3일 10시59분까지 이용자 36명의 익시오 통화정보가 유출됐다. 익시오 서비스 운영 개선 작업 과정에서 캐시(임시저장공간) 설정 오류가 발생하면서 사고가 발생했다. 유출된 정보는 △통화 상대방 전화번호 △통화 시각 △통화내용 요약 등이다. LG유플러스는 문제 원인 파악과 복구 작업을 진행해 조치를 완료하고 6일 개인정보위원회에 유출 사고를 자진신고했다."
https://n.news.naver.com/mnews/article/277/0005691555?sid=105,2025-12-10 11:15:51,IT/과학,"LGU+ ""일부 기능 온디바이스 아니고 서버 거쳐…향후 개선할 것""","""고객 동의 하 통화요약 데이터 6개월 보관해와""""향후 가능한 모든 AI 기능 온디바이스 처리""LG유플러스가 인공지능(AI) 통화비서 앱 '익시오(ixi-O)'에서 발생한 통화 정보 노출 사고와 관련해 온디바이스 AI 적용 범위와 서버 저장 구조를 공개하며 보안 우려 차단에 나섰다. 회사가 그동안 온디바이스 기반을 강조해온 만큼 기능별 처리 방식에 대한 고객의 오해를 바로잡고, 향후 가능한 모든 기능을 온디바이스로 전환하겠다는 계획도 제시했다.LG유플러스는 10일 참고 자료를 통해 ""온디바이스 AI는 디바이스 자체에서 연산을 처리해 보안성과 실시간성이 높지만, 현재 기술 수준상 익시오의 일부 기능은 서버를 거쳐 운영되고 있다""며 ""이번 사고를 계기로 온디바이스 적용 범위와 데이터 저장 구조를 명확히 소통하겠다""고 밝혔다.LG유플러스에 따르면 익시오는 통화 음성을 텍스트로 변환하는 STT, 통화 중 자막처럼 대화 내용을 보여주는 '보이는 전화', 실시간 보이스피싱 탐지, 위·변조 음성 감지 기능은 단말에 탑재된 온디바이스 AI로 처리하고 있다. 통화 음성 자체를 서버로 전송하거나 장기간 저장하지 않는 구조라는 점을 강조했다.반면 통화 요약 기능은 단말에서 텍스트로 변환된 내용을 서버로 전송해 요약을 수행하며, 요약 결과는 고객 동의에 따라 최대 6개월간 암호화 상태로 서버에 저장된다. 스마트폰 교체나 앱 재설치 시에도 이전 요약을 그대로 확인할 수 있도록 하기 위한 조치라는 설명이다. 요약에 활용된 텍스트 원문은 결과 생성 직후 즉시 폐기된다.LG유플러스는 가능한 모든 AI 기능을 온디바이스로 처리하겠다는 향후 개선 방향도 제시했다. LG AI연구원·옵트에이아이와 함께 개발한 '엑사원(EXAONE) 3.5 2.4B' 기반 온디바이스 sLM(소형 언어모델)을 익시오에 탑재하기 위한 내부 테스트가 진행 중이며, 적용이 완료되면 통화 요약 기능 역시 온디바이스 기반으로 전환할 수 있다. 내년 상반기 도입 예정인 AI 음성 검색 기능 역시 '헤이 익시' 호출 이후 내용만 서버로 전송하고, 호출 이전 내용은 저장하지 않는 방식으로 보안성을 강화할 계획이다.LG유플러스는 ""이번 통화정보 유출을 계기로, 익시오가 작동하는 모든 프로세스를 철저하게 점검해 개선하고, 더욱 안전하고 편리한 AI 서비스로 거듭나겠다""고 밝혔다."
https://n.news.naver.com/mnews/article/138/0002212080?sid=105,2025-12-10 11:31:09,IT/과학,익시오서 ‘온디바이스 AI’ 강조한 LGU+…“일부 기능 서버 처리” 뒤늦은 해명,"[디지털데일리 강소현 기자] LG유플러스는 인공지능(AI) 통화 비서 ‘익시오’의 통화정보 유출 사고와 관련해 “일부 기능은 온디바이스 AI가 아닌 클라우드 서버를 거쳐 처리되고 있다”고 10일 해명했다.앞서 LG유플러스는 운영 개선 작업 과정에서 캐시 설정 오류가 발생해 고객 36명의 통화 상대 번호와 통화 시각, 통화내용 요약이 다른 이용자 101명에 일시 노출됐다고 밝혔다.문제는 AI 통화앱 ‘익시오’를 출시하며 ‘온디바이스 AI’를 차별화된 강점으로 내세워왔다는 부분이다. 온디바이스 AI는 클라우드에 의존하지 않고 스마트폰 자체에서 AI 연산을 수행하는 기술인데, 이후 “어떻게 정보가 서버에 저장되어 있었는지”에 대한 의문이 제기됐다.이에 대해 회사 측은 설명자료를 통해 “궁극적으로 모든 기능을 온디바이스 AI로 전환하는 것이 목표지만 AI 성능 및 경량화 등 기술적 이유로 현재 일부 기능은 서버를 거쳐 운영되고 있다”고 밝혔다.사측에 따르면 현재 익시오에서 온디바이스 AI가 적용되는 기능은 ▲통화 음성의 텍스트 변환(STT) ▲보이는 전화 ▲실시간 보이스피싱 탐지 ▲음성 위·변조 감지 알림 등이다. 반면 서버를 거치는 기능은 ▲통화 요약 ▲AI 음성 검색이며 이번 사고는 통화 요약 기능에서 발생했다. 또 AI 음성 검색은 내년 상반기 도입될 예정이다.LG유플러스 관계자는 “온디바이스로 변환된 텍스트를 서버로 전송해 요약하며 요약 데이터는 고객 동의를 전제로 6개월간 암호화해 보관한다”며 “이는 단말 교체·앱 재설치 시 서비스 연속성을 제공하기 위한 것”이라고 말했다.그러면서 “마케팅 과정에서 ‘온디바이스 AI’를 강조하면서 익시오의 모든 기능이 단말 내에서 처리되는 것처럼 인식된 측면이 있다”며 “이번 자진 신고를 계기로 실망을 드린 점을 무겁게 받아들이고 익시오의 모든 프로세스를 전면 점검해 더욱 안전한 AI 서비스로 개선하겠다”고 강조했다."
https://n.news.naver.com/mnews/article/214/0001467140?sid=101,2025-12-10 13:43:18,경제,"[단독] 과기부 ""LGU+ 개인정보 유출 관련 서버 고의 폐기 의혹 수사의뢰""","과학기술정보통신부가 LG유플러스의 고객 개인정보 유출 사고와 관련해 LG유플러스 측이 관련 서버를 고의로 폐기했다는 의혹에 대해 경찰에 수사를 의뢰했습니다.과기부는 ""지난 10월부터 민관합동조사단이 사고원인 파악을 위해 관련 서버들을 조사한 결과, LG유플러스가 이를 폐기한 것으로 확인했다""며 ""이에 대한 고의성 입증이 필요해 경찰청 사이버테러대응과에 수사를 의뢰했다""고 밝혔습니다.지난 8월 미국 보안 전문지 '프랙'은 LG유플러스 '계정 권한 관리 시스템' 내부 서버 8천9백여 개와 4만 개의 계정 정보, 직원 167명의 실명과 계정 정보가 해킹당했다는 의혹을 제기한 바 있습니다.과기부는 '프랙' 보도 전인 7월18일 같은 내용을 제보받아 LG 유플러스에 점검을 요청한 뒤 8월11일 점검 결과를 요청했는데, LG유플러스는 이틀 뒤인 13일 해킹 흔적이 없다는 답을 보내왔습니다.하지만 LG유플러스가 해킹 사실이 없다는 답을 하기 전날인 12일 계정 권한 관리 시스템 서버의 운영체계를 재설치한 것으로 드러나, 해킹 사실을 숨기기 위해 고의로 서버를 폐기한 게 아니냐는 의혹이 제기됐습니다.LG유플러스는 지난 6일 AI 통화앱 '익시오'에서 고객 36명의 통화 상대방 전화번호, 통화내용 요약 등의 정보가 일시적으로 노출돼 개인정보보호위원회에 자진 신고하기도 했습니다."
https://n.news.naver.com/mnews/article/277/0005691645?sid=102,2025-12-10 14:06:28,사회,"부산대, ‘한국의 경영대상’ AI 혁신 부문 대상… 대학 중 유일 수상","PNU AX 대전환, 교육·연구·행정에 AI 전면 도입… “고등교육 혁신 새 기준 만들 것”부산대학교(총장 최재원)는 한국능률협회컨설팅(KMAC)이 주관하는 '2025 한국의 경영대상'에서 인공지능(AI) 혁신 부문 대상을 받았다.올해 처음 신설된 해당 부문에서 대학이 수상한 사례는 부산대가 유일하다. 시상식은 지난 9일 서울신라호텔에서 열렸다.'한국의 경영대상'은 1988년 제정된 이후 38회째를 맞은 국내 최고 권위의 경영혁신 평가로, 매년 경영 역량과 혁신성과가 탁월한 기업·기관을 선정해 시상한다. 올해는 AI 산업화가 본격화되는 시점에 맞춰 'AI 혁신' 부문을 새로 마련해 변화하는 산업 환경을 반영했다.부산대는 지난 7월 'PNU AX 대전환' 통합전략을 발표한 이후 교육·연구·행정 전 영역에 AI를 전면 도입하는 중장기 전략을 추진해 왔다.이를 토대로 장영실 AI 융합연구원을 출범시키고, 국립대 최초 자체 LLM 기반 모델인 '산지니 AI'를 개발, 구성원과 지역사회가 활용할 수 있는 생성형 AI 서비스를 제공하는 등 AI 생태계 구축을 본격화했다.또 국내 최초로 AI 통·번역 스마트글라스를 도입해 교육·연구 환경의 언어 장벽을 낮췄고, 대학 차원에서 최초로 AI 인증제를 추진하는 등 AI 기반 고등교육 혁신체계도 확장해 나가고 있다. 부산대는 이러한 AI 기반 혁신을 토대로 대학 최초로 'AI 철학(AX Philosophy)'을 정립하고 AI 전환을 선도한 점에서 높은 평가를 받은 것으로 알려졌다.이번 AI 혁신 부문 수상 기관으로는 부산대를 비롯해 동원산업, GS칼텍스 등이 선정됐으며, 인천국제공항공사와 IBK기업은행, LGU+, 한국전력공사 등 총 17개 기관이 각 부문에서 상을 받았다.최재원 부산대 총장은 ""AI는 단순한 기술혁신을 넘어 국가 경쟁력을 결정짓는 구조적 변화의 중심에 있다""며 ""부산대는 이러한 변화를 정확히 읽고 대학의 모든 체계를 AI 기반으로 재설계하는 'PNU AX 대전환'을 통해 고등교육 혁신의 새로운 기준을 제시하고 있다""고 말했다.이어 ""이번 수상은 부산대의 AI 전환 노력이 공식적으로 인정받았다는 점에서 큰 의미가 있다""며 ""부산대는 변화의 관찰자가 아니라 변화를 이끌어가는 책임 있는 대학으로서 AI 기반 대전환을 통해 대한민국 고등교육 혁신을 선도하겠다""고 강조했다.부산대가 ‘한국의 경영대상’ AI 혁신 부문 대상을 받고 있다. 부산대 제공"
https://n.news.naver.com/mnews/article/030/0003379133?sid=105,2025-12-10 14:09:11,IT/과학,LGU+ “익시오 AI 통화요약도 향후 온디바이스로 전환”,"서울 시내 LG유플러스 매장에 게시된 익시오 광고물LG유플러스가 인공지능(AI) 통화 앱 '익시오'에서 발생한 통화정보 유출사고와 관련해 온디바이스 AI 적용과 서버 저장 범위를 공개했다. 기존에도 통화요약 정보는 서버에 저장한다는 내용을 밝힌 바 있지만 일각의 우려와 오해를 불식시키기 위함이다. 향후 모든 AI 기능을 온디바이스로 처리하겠다는 계획도 밝혔다.LG유플러스는 10일 참고자료를 내고 “회사는 모든 AI 통화앱 기능을 온디바이스 AI로 대체하는 시도를 이어가고 있으나, AI 성능 및 경량화 등 추가 기술 확보에 시간이 걸려 일부 기능은 서버를 거쳐 운영하고 있다”면서 “통화요약 데이터를 6개월간 보관된다는 내용은 익시오 가입 과정에서 고객에게 동의를 받아 서비스하고 있다”고 밝혔다.익시오가 일부 데이터를 보관하는 것은 스마트폰 교체 및 앱 재설치 등 과정에서도 고객에게 연속성 있는 서비스를 제공하기 위해서다.다만 그간 익시오의 온디바이스 AI 기술을 강조하면서 익시오의 모든 기능을 온디바이스 AI로 처리한다는 오해가 발생했다. 이에 이번 사고를 계기로 온디바이스 적용 범위와 데이터 저장 구조를 명확히 설명하겠다는 취지다.LG유플러스에 따르면 익시오는 통화 음성을 텍스트로 변환하는 STT, 통화 중 자막처럼 대화 내용을 보여주는 '보이는 전화', 실시간 보이스피싱 탐지, 위·변조 음성 감지 기능은 단말에 탑재된 온디바이스 AI로 처리하고 있다. 통화 음성 자체를 서버로 전송하거나 장기간 저장하지 않는다.반면 통화 요약 기능은 단말에서 텍스트로 변환된 내용을 서버로 전송해 요약을 수행하며, 요약 결과는 고객 동의에 따라 최대 6개월간 암호화 상태로 서버에 저장된다. 스마트폰 교체나 앱 재설치 시에도 이전 요약을 그대로 확인할 수 있도록 하기 위한 조치다. 요약에 활용된 텍스트 원문은 결과 생성 직후 즉시 폐기된다.LG유플러스는 가능한 모든 AI 기능을 온디바이스로 처리하도록 기술을 업그레이드하겠다는 향후 개선 방향도 제시했다.회사가 지난 9월 LG AI연구원·옵트에이아이와 함께 개발한 '엑사원 3.5 2.4B' 기반 온디바이스 sLM을 익시오에 탑재하기 위한 내부 테스트가 진행 중이다. 적용이 완료되면 통화요약 기능 역시 온디바이스 기반으로 전환할 수 있다.내년 상반기 도입 예정인 AI 음성 검색 기능 역시 '헤이 익시' 호출 이후 내용만 서버로 전송하고, 호출 이전 내용은 저장하지 않는 방식으로 보안성을 강화할 계획이다"
https://n.news.naver.com/mnews/article/030/0003379135?sid=105,2025-12-10 14:10:16,IT/과학,서울·판교·대전 잇는 '양자 테스트베드' 개통…양자암호망서 기술 상용화 지원,"김성수 과학기술정보통신부 연구개발정책실장 등 내빈들이 개통 세리머니를 하고 있다. (왼쪽부터) 류경환 SK브로드밴드 이사, 주엄개 LG유플러스 상무, 손일주 한국정보통신기술협회 정보통신시험인증연구소장, 황종성 한국지능정보사회진흥원장, 김성수 실장, 이호성 한국표준과학연구원장, 조일연 한국전자통신연구원 인공지능컴퓨팅연구소장, 김낙균 한국과학기술연구원 연구융합지원본부장, 손대호 KT 상무. 이동근기자 foto@etnews.com국가전략기술로 떠오른 양자분야 상용화와 산업 생태계 조성을 이끌 국가 차원의 양자기술 시험·검증 인프라가 구축됐다. 국내 기업의 양자 관련 기술 개발을 지원하고 산업화를 촉진하는 구심점 역할을 수행할 전망이다.과학기술정보통신부는 한국지능정보사회진흥원(NIA)과 함께 10일 경기 판교 기업지원허브에 개소한 양자산업생태계지원센터에서 개방형 양자 테스트베드 개통식을 개최했다.개방형 양자 테스트베드는 양자기술육성법에 따라 구축된 양자 상용화 지원 인프라다. 서울-판교-대전을 연결하는 250㎞ 규모 상용망 수준 테스트베드에 양자암호통신망, 시험성적서 발급용 측정장비 등을 구축해 기술지원 및 보안검증 컨설팅을 지원한다. 이를 위해 지난해 100억원, 올해 78억원의 예산이 투입됐다.이날 행사에는 과기정통부를 비롯해 테스트베드 거점기관인 NIA, 한국과학기술연구원(KIST), 한국전자통신연구원(ETRI), 한국표준과학연구원(KRISS), 한국정보통신기술협회(TTA)와 구축기업인 SK브로드밴드, KT, LG유플러스 등 국내 주요 산학연 관계자 70여명이 참여했다.황종성 NIA 원장은 “양자 컴퓨팅·통신·센싱이 이론이 아닌 산업으로 확장되는 중요한 변곡점에 서 있다”면서 “국내 기업·대학·기관 누구나 개방된 조건에서 테스트베드를 자유롭게 활용할 수 있으며, NIA는 우수 연구기술이 제품·서비스로 이어지도록 양자 상용화 전담기관으로서 생태계 조성과 활성화에 힘쓰겠다”고 말했다.개방형 양자 테스트베드 개통식이 10일 경기 성남시 판교 기업지원허브 양자산업생태계지원센터(KQIC)에서 열렸다. 김성수 과학기술정보통신부 연구개발정책실장(왼쪽부터)과 황종성 한국지능정보사회진흥원장 등 내빈들이 SK브로드밴드의 양자암호 솔루션을 살펴보고 있다. 이동근기자 foto@etnews.com이날 참석한 김성수 과기정통부 연구개발정책실장도 이번 테스트베드가 국내 양자기술이 연구실 성과에 머물지 않고 산업 현장에서 직접 검증하고 활용할 수 있는 산업화의 출발점이 될 것이라고 기대했다.김 실장은 “양자기술은 미래 사회와 첨단 산업 혁신을 이끌 국가전략기술이자 국가안보와 직결된 핵심 기술”이라며 “정부는 양자산업법 제정에 이어 올해 말 또는 내년 초까지 양자종합계획과 양자 클러스터 기본계획을 수립해 양자 기술과 산업을 육성해 나가겠다”고 말했다.전시 부스에서는 SKB·KT·LGU+ 등 테스트베드 구축기업들이 양자암호통신 장비 실물을 전시했다. SKB는 양자암호통신 적용 구간에서의 모의 해킹 탐지 시연과 자율주행 버스·드론과 연계한 양자보안 모빌리티 서비스를 선보였다.이날 공식 개통한 개방형 양자 테스트베드는 서울과 판교, 대전을 잇는 A·B·C 3개 구간으로 구성됐다. SK브로드밴드가 맡은 A·B구간은 판교 통합관제센터를 중심으로 서울과 대전까지 양자암호통신(QKD)망을 구현했다. LG유플러스는 C구간에 양자내성암호(PQC)망을 구축했다. KT는 양자통신망과 장비의 운영 현황을 통합 관제할 수 있는 관제솔루션(Q-SDNO)을 개발, 운영하는 역할을 맡았다.행사에는 양자암호통신 보안인증을 획득한 첫번째 기업인 드림시큐리티, 코위버, 아이디퀀티크에 대한 인증서 수여식과, 테스트베드 거점기관간 업무협약(MOU)도 진행됐다. 이어진 간담회에서는 제조사의 양자암호통신 장비 소형·집적화 동향, 양자암호통신 서비스의 전국 확대·실증 방안이 논의됐다.개방형 양자 테스트베드 개통식이 10일 경기 성남시 판교 기업지원허브 양자산업생태계지원센터(KQIC)에서 열렸다. 황종성 한국지능정보사회진흥원장이 인사말을 하고 있다."
https://n.news.naver.com/mnews/article/056/0012083085?sid=105,2025-12-10 14:30:40,IT/과학,과기부 “LGU+ ‘개인정보 유출’ 관련 서버 폐기 의혹…수사 의뢰”,"과학기술정보통신부가 LG유플러스의 고객 개인정보 유출 사고와 관련해 회사 측이 관련 서버를 고의로 폐기했다는 의혹에 대해 경찰에 수사를 의뢰했습니다.오늘(10일) 과기부 관계자는 “지난 10월부터 민관합동조사단이 사고원인 파악을 위해 관련 서버들을 조사한 결과, LG유플러스가 이를 폐기한 것으로 확인했다”며 “이에 대한 고의성 입증이 필요해 경찰청 사이버테러대응과에 어제(9일) 수사를 의뢰했다”고 밝혔습니다.지난 8월 미국 보안 전문지 ‘프랙’은 LG유플러스 ‘계정 권한 관리 시스템’ 내부 서버 8천9백여 개와 4만 개의 계정 정보, 직원 167명의 실명과 계정 정보가 해킹당했다는 의혹을 제기했습니다.앞서 과기부는 LG 유플러스에 점검을 요청한 뒤 8월11일 점검 결과를 요청했는데, LG유플러스는 이틀 뒤인 13일 해킹 흔적이 없다는 답을 보낸 것으로 알려졌습니다.그러나 정부에 따르면 LG유플러스가 해킹 사실이 없다는 답을 하기 전날인 지난 8월 12일, 계정 권한 관리 시스템 서버의 운영체계를 재설치한 것으로 드러났습니다. 이에 해킹 사실을 숨기기 위해 고의로 서버를 폐기한 게 아니냐는 의혹이 제기됐습니다.[사진 출처 : 연합뉴스]■ 제보하기▷ 전화 : 02-781-1234, 4444▷ 이메일 : kbs1234@kbs.co.kr▷ 카카오톡 : 'KBS제보' 검색, 채널 추가▷ 네이버, 유튜브에서 KBS뉴스를 구독해주세요!"
https://n.news.naver.com/mnews/article/092/0002401829?sid=105,2025-12-10 15:01:19,IT/과학,"[ZD SW 투데이]  데이터이쿠, 삼성중공업과 ‘2025 AI 해커톤’ 개최 外","지디넷코리아가 소프트웨어(SW) 업계의 다양한 소식을 한 눈에 볼 수 있는 'ZD SW 투데이'를 새롭게 마련했습니다. SW뿐 아니라 클라우드, 보안, 인공지능(AI) 등 여러 분야에서 활발히 활동하고 있는 기업들의 소식을 담은 만큼 좀 더 쉽고 편하게 이슈를 확인해 보시기 바랍니다. [편집자주]◆데이터이쿠, 삼성중공업과 함께 ‘2025 AI 해커톤’ 성황리에 개최데이터이쿠와 삼성중공업은 조선·해양 산업의 혁신을 촉진하기 위해 공동으로 개최한 ‘2025 AI 해커톤’을 성공적으로 마무리했다고 9일 밝혔다. 지난 4일부터 5일까지 경상남도 거제시 삼성중공업에서 열렸으며, 조선·해양 산업에 인공지능(AI)을 적용할 아이디어를 발굴하고 참가자들의 실무 중심 AI 역량을 강화하는 데 초점을 맞췄다.이번 해커톤에는 20여 개 팀이 참가해 실제 현장에서 필요로 하는 문제를 해결하기 위한 아이디어들을 선보였으며 데이터 분석, 머신러닝 기술뿐만 아니라 LLM 활용 구현까지 다양한 과제가 수행됐다.삼성중공업과 데이터이쿠가 공동 개최한 '2025 AI 해커톤'(이미지=데이터이쿠)◆메가존클라우드, 2026년 신입사원 공채메가존클라우드가 2026년 신입사원 공채를 시작하며 차세대 AI·클라우드 인재 확보에 나선다. 이번 채용은 전사 단위에서 진행하는 신입 공개채용으로 테크 직군과 세일즈, 비즈니스 직군 전 영역에서 AI 시대에 적합한 우수 인재를 선제적으로 확보하고 내년 상반기 조직 확장과 주요 전략 과제 추진을 뒷받침하기 위함이다.공채 서류 접수는 12월 19일 마감되며 모집 인원은 두 자릿수 규모다. 최종 합격자는 2026년 3월 내에 입사가 이뤄질 예정이다. 지원 대상은 학력 제한 없이 IT 및 클라우드 직무에 관심이 있고 관련 학습 경험 또는 프로젝트 수행 경험을 보유한 인재라면 누구나 지원 가능하다.◆비큐AI, AP통신 뉴스 데이터 국내 공급비큐AI가 글로벌 3대 통신사인 영국 로이터통신에 이어 미국 AP통신과도 AI 기반 데이터 공급 파트너십을 맺고 AI 학습용 데이터를 공급한다고 10일 밝혔다. 이번 협력은 비큐AI의 ‘RDP라인(RDPLINE)’ 플랫폼을 통한 글로벌 데이터 파이프라인 확장 전략의 일환이다.비큐AI는 글로벌 3대 통신사 중 두 곳과의 계약으로 매출 증대를 비롯한 데이터 확장 전략에 한층 탄력이 붙을 것으로 기대하고 있다.신세계아이앤씨 ‘클라우드 얼라이언스 파트너 데이'(이마지=신세계아이앤씨)◆신세계아이앤씨 '클라우드 얼라이언스 파트너 데이' 개최신세계아이앤씨(신세계I&C)가 클라우드 사업 분야 파트너사들과 비즈니스 협력 강화를 위한 ‘클라우드 얼라이언스 파트너 데이’를 9일 개최했다. 올해로 4회를 맞이한 이번 행사에서는 뉴타닉스, 인텔, 코오롱베니트 등 20여개 주요 파트너사가 참석해 클라우드 시장 변화에 공동 대응하기 위한 협력 방안과, 복잡한 하이브리드·멀티 클라우드 환경에서의 보안 강화 전략을 모색했다.특히 뉴타닉스 공식 서비스 사업자로서 프라이빗 클라우드 기반 하이브리드 클라우드 서비스 시장을 집중 공략한다는 계획이다. 인프라 가상화부터 스토리지, 쿠버네티스 기반 컨테이너 플랫폼 운영, AI 및 머신러닝 모델 운영에 최적화된 통합 AI 플랫폼 등 시장 수요에 대응하는 세분화된 클라우드 서비스 라인업을 확대, ’26년 1월부터 선보일 예정이다.◆네오사피엔스, 프리 IPO 라운드에서 165억 투자 유치네오사피엔스가 프리IPO 라운드에서 165억 원의 투자를 유치했다. 이번 라운드 투자사로는 인터베스트, HB인베스트먼트, K2인베스트먼트, 보광인베스트먼트가 참여했으며, 이를 포함한 누적 투자금액은 총 427억 원에 달한다.네오사피엔스에서 서비스 중인 타입캐스트는 유튜버 등 콘텐츠 크리에이터를 비롯해 네이버의 치지직과 LGU+, SBS 및 교육기업, 커머스 플랫폼, 게임사 등 다수의 기업이 다양한 용도로 타입캐스트 AI 음성을 도입하며 활용 범위를 넓혀가고 있다.네오사피엔스, 프리IPO 라운드에서 165억 투자 유치(이미지=네오사피엔스)◆폴라리스AI, NPU 클라우드 기반 산업안전 솔루션 로드맵 공개폴라리스AI가 중소사업장 산업안전 시장을 겨냥한 렌털형 신경망처리장치(NPU) 기반 경량화 솔루션과 단계적 확장 로드맵을 공개했다.폴라리스AI는 지난 4일 삼성동 아이티스퀘어에서 열린 '2026 어나더리얼 사업 설명회'에서 비전AI(인공지능) 기반 산업안전 사업을 구축형 모델에서 렌털형, NPU 엣지, 서비스형 소프트웨어(Saa)로 순차 확장하는 전략을 발표했다. 고가의 설비 중심 안전 솔루션이 소규모 현장까지 충분히 확산되기 어렵다는 점에 주목하고 월 정액 기반 렌털 모델로 초기 도입 장벽을 낮추겠다는 구상이다.◆오픈서베이, 데이터스페이스 '해외 패널 조사' 기능 추가오픈서베이가 데이터스페이스에 '해외 패널 조사' 기능을 도입했다고 10일 밝혔다. 이번 기능 추가로 기업 마케터와 리서처들은 기존 대비 훨씬 신속하고 효율적으로 글로벌 리서치를 수행할 수 있게 됐다.새로운 해외 패널 조사 기능은 기업이 데이터스페이스 플랫폼 내에서 직접 해외 패널을 타깃팅하고 설문을 진행할 수 있도록 한 글로벌 리서치 솔루션이다. 기존에는 외부 리서치 업체를 통한 조사 의뢰 후 결과 보고까지 수개월이 소요됐지만 이번 기능을 통해 빠르면 하루 만에 보고서를 확인할 수 있으며 비용도 3분의 1 이상 절감할 수 있어 기업의 부담을 줄일 것으로 기대된다."
https://n.news.naver.com/mnews/article/028/0002780723?sid=105,2025-12-10 15:28:28,IT/과학,"과기정통부, LGU+ 서버 폐기 의혹 관련 수사 의뢰","엘지유플러스 로고. 연합뉴스과학기술정보통신부가 지난 10월 국정감사에서 제기된 엘지유플러스(LG U+)의 서버 폐기 의혹과 관련해 경찰에 수사를 의뢰했다고 10일 밝혔다.과기정통부 관계자는 “민관합동조사단이 조사한 결과 엘지유플러스가 관련 서버를 폐기한 걸로 확인해 고의성 입증을 위해 경찰에 수사를 의뢰했다”고 밝혔다.앞서 엘지유플러스는 지난 7월 정부로부터 사이버 침해 의혹을 제보받고 자체 점검을 진행하는 과정에서 해당 서버를 폐기해 논란을 산 바 있다. 과기정통부가 침해 정황을 확인한 뒤 8월11일에 엘지유플러스에 자체 조사 결과 제출을 요구했는데, 엘지유플러스가 그 이후 문제가 된 서버의 운영체제(OS)를 재설치했기 때문이다.엘지유플러스는 “평상시 작동하는 동작 서버의 백업을 제출했고, 비상시 작동하는 대기서버의 운영 체제를 재설치한 것”이라며 “침해 사실은 없었다”고 해명했다. 다만 의혹을 해소하는 차원이라며 10월23일 한국인터넷진흥원(KISA)에 서버 해킹 정황을 신고한 바 있다.한편, 엘지유플러스는 지난 6일에도 인공지능 통화비서 서비스 ‘익시오(ixi-O)’에서 36명의 고객통화정보가 다른 이용자 101명에게 유출되는 사고가 발생해 개인정보보호위원회에 해당 사실을 신고한 바 있다."
https://n.news.naver.com/mnews/article/028/0002780725?sid=105,2025-12-10 15:30:11,IT/과학,"정부, 3G·LTE 주파수 재할당 대가 15% 인하","5G 단독모드 도입도 의무화서울 시내 한 휴대폰 판매점에 붙은 이동통신 3사 로고. 연합뉴스과학기술정보통신부가 2026년 만료되는 3세대·엘티이(LTE·4G) 이동통신 주파수 재할당 대가를 기준가보다 약 15% 낮추고 5세대(5G) 통신 단독모드(SA·5세대 통신만 사용하는 네트워크) 도입을 의무화하는 방안을 확정했다.과기정통보는 10일 이런 내용의 이동통신 주파수 재할당 세부 정책방안을 확정하고 발표했다. 지난 1일 공개설명회를 연 뒤 전파정책자문회의 등을 거쳐 확정한 방안이다.이동통신 주파수는 공공재로 경매를 통해 사업자에게 할당된다. 정부는 이용 기간이 종료된 이후 서비스 연속성 등을 고려해 기존 주파수 사용자에게 이를 재할당할 수 있다. 과기정통부는 지난 6월 재할당 대상인 3G·엘티이 주파수 대역 총 370메가헤르츠(㎒)폭 전체를 기존 주파수 이용자에게 재할당하기로 결정한 바 있다.이동통신사 간 갈등으로 관심을 모았던 재할당 대가는 기존 경매가보다 약 14.8% 낮춘 3.1조원(이동통신 3사 합계)으로 산정됐다. 과기정통부는 5세대 단독모드가 도입되고 확산될 경우 엘티이 주파수의 가치가 하락할 것을 고려했다고 설명했다. 앞서 에스케이텔레콤(SKT)은 주파수 재할당 시 기존 경매가가 아닌 주파수의 현재 경제가치를 기준으로 해야 한다는 의견을 내며, 비슷한 주파수 대역을 쓰는 엘지유플러스(LG U+)에 비해 높은 주파수 대가를 지불하고 있어 형평성이 맞지 않다고 주장한 바 있다.과기정통부는 5세대 단독모드 확산을 위해 재할당 조건으로 5세대 단독모드 도입 의무화를 걸었다. 초저지연, 고신뢰성 등을 특징으로 하는 5세대 단독모드는 차후 인공지능(AI) 및 6세대 통신을 위한 필수적인 기술로 꼽힌다. 현재 한국 이동통신사 가입자 대부분은 엘티이와 5세대 주파수를 함께 사용하는 5세대 비단독모드(NSA)를 쓰고 있다.정부는 이동통신사들이 5세대 통신 품질 개선에 투자하도록 유도하는 인센티브 방안도 확정됐다. 5세대 실내 통신 품질을 개선할수록 주파수 재할당 대가가 낮아지는 식이다. 5세대 실내 무선국 구축 수량이 2만대 이상일 경우 재할당 대가는 총 2조9천억원까지 낮아진다.과기정통부는 이동통신사들이 유연하게 주파수를 이용할 수 있는 방안도 마련했다. 엘티이 주파수의 경우, 가입자 및 트래픽 감소 추세를 고려해 1년의 이용 기간이 지난 이후 사업자가 이용 기간을 단축할 수 있도록 했다. 또한 사업자가 주파수 이용 기간에도 3세대·엘티이 주파수를 5세대 이상의 기술방식으로도 이용할 수 있도록 관련 고시도 미리 개정할 계획이다."
https://n.news.naver.com/mnews/article/003/0013650644?sid=105,2025-12-10 15:59:06,IT/과학,"LGU+ 해킹 조사 과정서 '서버 폐기' 확인…정부, 경찰에 수사 의뢰","민관합동조사단 서버 조사 과정에서 폐기 확인…고의성 따져야[서울=뉴시스] 김진아 기자 = LG유플러스가 AI 통화비서 서비스 ‘익시오’의 운영 개선 작업 과정에서 발생한 고객 통화정보 유출 사실을 개인정보보호위원회에 자진 신고했다.LG유플러스는 6일 캐시(임시 저장 공간) 설정 오류로 고객 36명의 통화 상대방 전화번호, 통화 시각, 통화내용 요약 등의 정보가 다른 이용자 101명에게 일시적으로 노출됐다고 밝혔다.사진은 7일 서울 시내 LG유플러스 매장. 2025.12.07. bluesoda@newsis.com[서울=뉴시스]윤현성 기자 = LG유플러스가 해킹 의혹이 제기된 서버를 폐기한 사실이 확인돼 정부가 경찰에 수사를 의뢰했다.10일 과학기술정보통신부에 따르면 민관합동조사단이 LG유플러스 고객 개인정보 유출 사고 원인 파악 등을 위해 지난 10월부터 관련 서버를 조사한 결과 사측이 일부 서버를 폐기한 것으로 확인됐다.과기정통부는 민관합동조사단이 LG유플러스 측에 서버 제출을 요구하는 과정에서 서버가 폐기된 만큼 고의성 여부 등을 살피기 위해 경찰청 사이버테러대응과에 수사를 의뢰했다.LG유플러스 서버에 대한 해킹 의혹은 지난 7~8월께부터 제기됐다. 국회 과학기술정보방송통신위원회 최민희 더불어민주당 의원(과방위원장)에 따르면 과기정통부는 지난 7월18일 LG유플러스가 해킹을 당했다는 제보를 받았다. 제보 내용은 LG유플러스의 '계정 권한 관리 시스템(APPM)' 서버 정보와 4만여개의 계정 등이 유출됐다는 것으로, 미국 보안 전문지 '프랙'도 8월 이같은 내용을 보도했다.과기정통부는 제보를 받은 다음 날인 7월19일 LG유플러스에 관련 내용을 전달하고 자체점검을 요청했다. 이후 LG유플러스는 8월13일 ""침해사고 흔적이 없다""고 통보했다.이 과정에서 LG유플러스가 지난 7월31일 계정 관리 서버 1대를 물리적으로 폐기한 것으로 나타났다. 과학기술정보통신부로부터 해킹 피해 관련 의혹을 전달받은 지 약 열흘이 지난 시점이다.이외에도 LG유플러스는 과기정통부에 보고하기 하루 전날인 8월12일 해킹 의혹이 제기된 APPM 서버의 운영체제(OS)를 재설치한 것으로 파악됐다. 통상 서버 운영체제를 재설치하면 기존 데이터가 덮여 포렌식 등 정밀 분석이 매우 어렵거나 사실상 불가능해진다. 이를 두고 일각에서는 LG유플러스가 서버 폐기, OS 재설치 등을 통해 침해사실을 은폐하려는 것 아니냐는 지적도 제기됐다.이같은 의혹에 대해 LG유플러스는 적극적으로 해명해왔다. 7월31일 서버 폐기를 두고는 이미 1년 전부터 계획됐던 일정대로 진행됐던 것으로, 사이버 침해 건과는 전혀 관련이 없다고 선을 그었다. 지난해 2월 새로운 시스템이 재구축된 이후 이관 작업을 거친 것이고, 이미 수립된 계획에 따라 7월31일 연한이 끝난 서버 장비를 정리한 것이라는 게 LG유플러스의 입장이다.8월12일 OS 재설치에 대해서는 ""서버 업데이트 진행 이전과 이후에 각각 서버의 이미징을 떠서 한국인터넷진흥원(KISA)에 제출했다""며 ""향후 해당 상황에 대해 투명하게 밝힐 수 있도록 현재 진행 중인 과기정통부와 KISA 조사에 성실히 임하겠다""고 전했다.민관합동조사단 조사 과정에서도 서버 폐기 사실이 확인되긴 했으나, LG유플러스가 꾸준히 서버 폐기 사유 등을 소명해온 만큼 정부도 고의성 입증을 위해 경찰에 수사를 의뢰한 것으로 보인다.과기정통부 관계자는 ""민관합동조사단 조사 과정에서는 관련 서버 등 자료 제출을 요구하게 되는데 LG유플러스가 서버를 제출하지 않았고, 그 과정에서 서버가 폐기된 것으로 확인됐다. 고의성 등 부분이 문제가 될 수 있어서 경찰 수사 의뢰를 하게 된 것""이라고 설명했다．"
https://n.news.naver.com/mnews/article/018/0006181209?sid=105,2025-12-10 16:24:10,IT/과학,5G 단독모드 의무화…주파수 재할당 대가 할인해 3.1조원(종합),"피지컬 AI 시대 위한 '5G 단독모드 의무화'재할당 대가 14.8%↓…추가 투자시 2.9조원기존 할당 원칙 고수에 업계 ""중장기 논의 이뤄지길""6G 상용화 대비 일부 대역 3년으로 단축[이데일리 이소현 기자] 과학기술정보통신부가 이동통신사에 인공지능(AI) 발전 인프라의 핵심인 5G 단독모드(SA) 전환을 의무화하기로 했다. 내년 이용기간이 종료되는 3G·LTE 주파수 재할당 대가는 기존 기준가격 3조6000억원 대비 14.8% 낮아진 약 3조1000억원으로 산정했다.김경우 과기정통부 전파정책기획과장이 10일 서울 종로구 정부서울청사에서 이동통신 주파수 재할당 세부 정책방안에 대해 브리핑을 하고 있다.(사진=연합)5G 단독모드 의무화…AI 네트워크 구축과학기술정보통신부는 10일 서울 종로구 정부서울청사에서 브리핑을 통해 이러한 내용이 담긴 3G·LTE 주파수 총 370㎒(메가헤르츠) 폭에 대한 재할당 조건을 발표했다.이번 재할당 정책에서 핵심 조건으로 내건 것은 5G 단독모드 전환 의무다. 이에 통신사들은 현재까지 구축된 5G 무선국을 내년 말까지 5G 단독 망 코어 장비에 연결해야 한다.우리나라는 세계 최초로 5G를 상용화한 뒤 5G 실외 전국망을 구축하는 등 시장이 성숙기에 돌입했다. 다만 통신 3사 중 KT(030200)를 제외한 SK텔레콤(017670)과 LG유플러스(032640)는 여전히 5G와 LTE 주파수를 함께 쓰는 비단독 모드(NSA) 방식 중심으로 서비스를 제공 중이다. 이에 정부는 저지연·초고속 통신이 필요한 AI 시대에 5G 주파수만을 쓰는 게 필수라고 보고 이를 의무화했다.통신 사업자들은 내년 6월 이용 기간 종료 대역에 대해 이달까지 재할당 신청을 해야 한다. 내년 말까지 5G 단독모드 전환 이행 의무를 다하지 못할 경우 정부는 시정명령 등 행정조치를 내릴 방침이다.이번 재할당은 LTE의 중요성이 여전한 상황에서 5G가 성숙되고 있으며 6G 상용화도 대비해야 하는 정부의 고민이 반영된 결과로 풀이된다. 김경우 과기정통부 전파정책기획과장은 “이번 재할당을 AI 시대 네트워크 고도화의 출발점으로 삼겠다”며 “2026년까지 5G 단독모드 전환을 완료해 5G 진화, 6G 대비 AI 네트워크 구축을 단계적으로 추진하겠다”고 강조했다.정부는 AI 서비스가 확산하면 데이터 트래픽뿐 아니라 지연시간, 보안 등 요구사항이 다양해질 것으로 보고 있다. 남영준 과기정통부 주파수정책과장은 5G 단독모드 전환에 따라 “지연 속도가 줄어들어 원격 의료, 자율주행 등 B2B 서비스에서 의미가 클 것”이라며 “5G 단독모드 에서만 가능한 네트워크 슬라이싱, 5G IoT 등 서비스들을 사업자들이 발굴하고 제공할 수 있을 것”이라고 기대했다.이어 “5G 단독모드 전환 초기에 LTE 주파수를 사용하지 않으면서 무선 통신 속도가 저하될 수 있다”면서 “통신사들이 서비스 품질 유지를 위한 기지국 운용(셀 플랜) 조정, 추가 무선국 구축 등을 실시할 것”이라고 덧붙였다.5G SA 도입·확산이 재할당 주파수에 미치는 영향(자료=과기정통부)할당 대가 3.1조원 산정…실내 5G 인프라 확충 시 감액정부는 5G 단독모드 의무화를 부과해 통신사에 투자 부담이라는 채찍을 준 한편, 재할당 대가를 인하하는 당근책도 제시했다.기존 할당 대가인 3조6000억원을 참조하되 5G 단독모드 확산 영향을 고려해 약 14.8% 인하한 3조1000억원으로 계산했다. 5G 실내 품질 개선을 위해 이통사들이 오는 2031년 말까지 5G 실내 무선국을 2만국 이상 신규 구축하면 최종 할당 대가는 약 2조9000억 원까지 낮아진다.정부는 재할당 대가는 5G 단독모드가 확산할 경우 LTE 주파수가 5G 서비스에 미치는 영향이 감소하는 점을 고려해 산정했다고 밝혔다. 남 과장은 재할당 대가 산정의 투명성 문제에 대해선 “매출·LTE 기여도·NSA 단말 잔존가치 등을 분석해 가치 하락분을 계산했다”고 설명했다.재할당 대가 산정은 통신사들의 이해관계가 첨예하게 맞섰던 쟁점이다. SKT와 LGU+는 2.6㎓ 대역 주파수 가격을 두고 의견 충돌이 있었는데 정부는 SKT가 제기했던 ‘동일 대역 동일 대가’ 주장은 반영하지 않았으며, ‘기존 할당 원칙’을 고수했다. 이와 관련해 남 과장은 “SKT의 주장도 일리가 없는 것은 아니지만, 정부는 법의 해석, 과거 정부가 어떠한 원칙과 기준을 가지고 해왔는지 등을 고려해 결론을 내렸다”고 설명했다.정부는 재할당 대가 산정 방식과 관련해 이통사들의 예측 가능성을 높이는 취지에서 제도 개선 필요성은 인정하나 아직 구체안은 없다고 밝혔다.SKT는 “아쉬운 부분이 있으나 산업 발전 및 고객을 최우선에 두고, 최상의 서비스를 제공하도록 노력하겠다”며 “주파수 대가 산정 제도와 관련해 중장기적 관점의 발전적 논의가 반드시 이루어지길 희망한다”고 밝혔다. LGU+도 “재할당 이후 서비스 제공에 최선을 다하겠다”고 했다.6G 대비 위해 일부 대역 ‘5년→3년’ 단축아울러 정부는 6G 서비스 상용화에 대비, 광대역 주파수 확보 등을 위해 주파수 대역별 이용 기간을 차별화했다.대역 정비 검토가 필요한 1.8㎓ 대역(20㎒폭), 2.6㎓ 대역(100㎒폭)은 이용 기간을 기존의 5년이 아닌 2029년까지 3년으로 설정했다. LTE 주파수 2.1㎓ 또는 2.6㎓ 대역 중 1개 블록에 대해 이용자 보호에 문제없는 경우 재할당 1년이 지난 이후 기간을 단축할 수 있다. 그 외 대역에 대해서는 기존 서비스 이용자 보호를 위해 5년의 이용 기간을 유지했다.오용수 과기정통부 전파정책국장은 “국내 이동통신망이 고도화돼 우리나라의 AI 3강 도약에 기여하고 이동통신 서비스 품질도 개선될 수 있기를 기대한다”고 말했다."
https://n.news.naver.com/mnews/article/421/0008653852?sid=105,2025-12-10 16:25:28,IT/과학,"서버 해킹 의심 LGU+, 서버 고의폐기 의혹…정부 경찰신고","""시스템 접근관문 'APPM서버' 1대 폐기…조사 불가능한 상황""국감서도 해킹피해 축소 정황 지적과학기술정보통신부 /뉴스1(서울=뉴스1) 윤주영 기자 = 서버 8900여대 해킹 정황이 의심돼 정부 조사를 받는 LG유플러스(032640)가 고의로 관련 서버를 폐기했을 거란 의혹이 제기됐다. 민관 합동 조사를 수행하는 과학기술정보통신부는 고의성 여부를 확인하고자 경찰에 수사를 의뢰했다.과학기술정보통신부는 10일 ""올해 10월부터 진행된 민관합동 조사를 통해 LG U+가 APPM(서버 계정 권한 관리) 서버 1·2 중 1 서버를 폐기한 사실이 드러났다며 ""APPM 2 서버만이 확인되는 상황이다. 필요한 조사가 불가능해 최근 경찰에 수사를 의뢰했다""고 밝혔다.APPM 서버는 내부 여러 시스템에 접근하기 위한 중간 인증을 해주는 관문 역할을 한다. 공격자의 이상 접근을 보여주는 증거가 된다.회사의 서버 폐기 및 해킹 정황 축소 의혹은 올해 10월 국정감사에서 지적됐다.보안 당국인 한국인터넷진흥원(KISA)은 올해 7월 신원 미상의 화이트해커 제보를 통해 서버 해킹 정황을 확보했다. 이후 8월 과기정통부는 회사에 자체 점검 결과를 요구했지만, LGU+는 요청 다음 날인 8월 12일에 APPM 서버 운영체제(OS)를 재설치하고 ""침해 흔적이 없다""고 보고했다.이를 검증하고자 시작한 민관조사단 조사 과정에서 서퍼 폐기 사실이 확인됐다. 수사를 통해 고의성을 따져봐야 한다는 게 민관조사단 입장이다.한편 LG U+의 서버 해킹 의혹은 올해 8월 글로벌 해킹 권위지 '프랙 매거진'이 낸 'APT Down: The North Korea Files'라는 보고서를 통해 최초 공개됐다. 익명의 화이트해커 두 명은 'KIM'이라는 공격자로부터 8GB에 달하는 한국 기관·기업 유출 데이터를 확보했다며 매거진에 제보했다.이에 따르면 LG U+는 △내부 서버 관리용 계정 권한 관리 시스템(APPM) 소스코드 및 데이터베이스 △8938대 서버 정보 △4만 2526개 계정 및 167명 직원/협력사 ID·실명 등의 유출을 허용한 걸로 의심된다. 올해 4월까지 해당 정보에 접근한 이상 기록이 확인된다.당초 회사는 정보 유출 건을 침해사고로 인정하지 않았다. 하지만 10월 국정감사에서 재차 지적이 나오자 결국 침해사고 건으로 당국에 신고했다."
https://n.news.naver.com/mnews/article/293/0000076288?sid=105,2025-12-10 16:55:06,IT/과학,"'SKT·LGU+ 충돌' 주파수 재할당 대가, '과거 경매가' 기준 유지","남영준 과기정통부 주파수정책과장이 10일 정부서울청사에서 열린 '이동통신 주파수 재할당 세부 정책방안' 브리핑에서 기자들의 질의에 답하고 있다. /사진=강준혁 기자정부가 이동통신 주파수 370㎒폭 재할당에서 직전 할당대가(과거 경매가)를 핵심 기준으로 유지했다. 이에 따라 2.6㎓ 대역을 둘러싼 SK텔레콤(SKT)과 LG유플러스의 형평성 논쟁은 정부의 결정으로 사실상 종결됐다.과학기술정보통신부는 10일 정부서울청사에서 진행된 브리핑에서 '이동통신 주파수 재할당 세부 정책방안' 최종안을 발표했다. 이번 방안에는 2026년 이용기간이 종료되는 이동통신 주파수 370㎒폭 재할당 내용이 담겼다. 재할당대가는 통신3사 합계 기준 3조1000억원으로 산정됐다. 이에 5세대(5G) 실내품질 개선을 위한 투자실적에 따라 최종 부담액은 2조9000억원까지 낮아질 수 있다.재할당대가 기준, 결국 직전 경매가로 확정전파법에는 재할당대가를 산정할 때 해당 주파수의 경제적 가치를 고려하도록 규정돼 있다. 매출, 직전 할당대가 등이 참고 요소지만 실제로는 직전 경매가가 기준값처럼 작동해왔다. 정부는 이번에도 이 원칙을 바꾸지 않았다.남영준 과기정통부 주파수정책과장은 이날 ""현행 법령의 취지는 과거 할당대가가 존재하는 경우 그 당시 시장 상황이 반영된 적정가치로 보는 것""이라며 ""그동안 정부도 직전 할당대가를 우선 참조하는 방향으로 일관되게 정책을 운영해왔다""고 말했다. 다만 5G 단독모드(SA) 도입·확산으로 롱텀에볼루션(LTE) 기여도가 줄어드는 점을 감안해 기준가격(3조6000억원)에서 14.8%를 인하했다고 설명했다.그럼에도 직전 경매가 기준에 대한 논란은 잦아들지 않고 있다. 사업자 간 부담액 차이가 크게 벌어진 구간에서 형평성 시비가 반복되고 있어서다.이번 재할당에서 가장 첨예했던 갈등 지점은 2.6㎓ 40㎒폭 대역이다. SKT는 2016년 경매에서 40㎒폭을 9500억원, 20㎒폭을 3277억원에 낙찰받아 10년간 총 1조2777억원을 부담했다.LG유플러스는 2013년 단독입찰해 40㎒폭을 4788억원에 확보했다. 2021년 재할당 시 5G 기지국 구축 실적이 인정돼 약 27.5%의 할인혜택을 받았다. 결과적으로 2013~2026년 부담액은 7000억원 수준으로 추산된다.SKT는 동일한 대역을 사용하는 LG유플러스보다 재할당대가가 2배가량 높다며 형평성 문제를 제기해왔다. 기준가격이 직전 경매가를 반영해 산정된 데다 5G SA 의무화와 실내 기지국 구축 요건까지 부과되면서 재무적 부담이 커질 수밖에 없었기 때문이다. 반면 LG유플러스는 직전 경매가를 기준으로 삼는 것이 가장 공정한 산정 절차라고 맞서왔다.정부가 이번 재할당에서도 직전 경매가 기준을 유지함에 따라 이에 대한 양사의 입장도 뚜렷하게 갈렸다. SKT 관계자는 ""아쉬운 부분은 있으나 산업발전과 고객가치를 최우선에 두고 최상의 서비스를 제공하기 위해 노력하겠다""며 ""주파수 대가 산정 제도와 관련해 중장기적 관점의 발전적 논의가 이뤄지기 바란다""고 말했다.LG유플러스 관계자는 ""재할당 이후 안정적인 서비스 제공에 최선을 다하겠다""고 전했다.이에 대해 남 과장은 ""대가 산정에는 당시 시장환경과 기술변화를 반영해야 하기 때문에 정부의 재량을 완전히 배제할 수 없다""며 ""다만 (재할당 대가 기준과 관련해) 제도개선을 요구하는 의견이 많은 만큼 향후 검토는 필요하다는 입장""이라고 설명했다.실내 기지국 투자 연동·SA 의무화이번 재할당 방안의 또 다른 축은 5G 품질개선을 위한 투자유인책이다. 정부는 재할당대가를 일단 3조1000억원으로 정하되, 5G 실내기지국 투자 실적에 따라 단계적으로 인하하는 구조를 도입했다. 5G 상용화 이후에도 이용자들의 불만이 실내 속도, 접속 품질에 집중됐다는 점을 고려한 조치다.이동통신 주파수 재할당에 대한 핵심 내용 요약 /이미지 제작=구글 제미나이과기정통부는 이달 1일부터 재할당 기간이 끝날 때까지 통신사가 새로 구축하는 5G 실내기지국 수를 평가 기준으로 삼는다.2만국 이상을 구축하면 재할당대가는 2조9000억원으로 낮아진다. 1만국 이상~2만국 미만은 3조원, 1만국 미만이면 최초 산정액인 3조1000억원이 적용된다.남 과장은 ""5~6년간의 실내기지국 구축 추이와 전문가의 의견을 종합했을 때 2만국 정도는 5년 내 충분히 달성 가능한 수준""이라며 ""이는 최소한의 실내품질을 담보할 수 있는 숫자""라고 설명했다.정부는 이번 재할당에서 5G SA 도입도 의무화했다. SA 의무이행 기한은 2026년 말까지이며 미이행 시 시정명령 등 행정조치가 가능하다. 남 과장은 ""사업자들이 이미 자발적으로 전환 의지를 밝힌 만큼 의무불이행 상황은 발생하지 않을 것으로 본다""고 말했다.대역별 이용기간은 3년·5년으로 나뉜다. 향후 6G 신규 할당 후보로 거론되는 1.8㎓(20㎒폭), 2.6㎓(100㎒폭)은 '대역 정비 검토 대역'으로 지정한다. 이 주파수 대역은 3년만 재할당하고 2028년에 재할당, 신규 할당 여부를 다시 검토한다. 그 밖의 대역은 서비스 안정성을 이유로 5년의 이용기간이 부여됐다.통신사들의 주파수 운용 자율성은 확대됐다. 3G 대역은 이용기간 내 LTE 이상 기술로 선택할 수 있다. LTE 대역은 가입자 감소 등을 고려해 일정 조건을 충족하면 2.1㎓ 또는 2.6㎓ 대역 중 1개 블록의 이용기간을 단축할 수 있다. 정부는 별도의 고시 개정으로 3G·LTE 대역을 5G 이상 기술로 이용하는 것도 허용할 방침이다."
https://n.news.naver.com/mnews/article/008/0005290114?sid=105,2025-12-10 17:12:10,IT/과학,"과기정통부, LGU+ 서버 폐기 확인…경찰 수사 의뢰","[LG유플러스가 AI 통화비서 서비스 ‘익시오’의 운영 개선 작업 과정에서 발생한 고객 통화정보 유출 사실을 개인정보보호위원회에 자진 신고했다. LG유플러스는 6일 캐시(임시 저장 공간) 설정 오류로 고객 36명의 통화 상대방 전화번호, 통화 시각, 통화내용 요약 등의 정보가 다른 이용자 101명에게 일시적으로 노출됐다고 밝혔다. 사진은 7일 서울 시내 LG유플러스 매장. 2025.12.07. bluesoda@newsis.com /사진=김진아과학기술정보통신부가 전날 경찰청 사이버테러대응과에 LG유플러스에 대한 수사를 의뢰했다고 10일 밝혔다. 민관합동조사 중 LG유플러스가 해킹 의혹이 제기된 APPM(계정 권한 관리 시스템) 서버 일부를 폐기한 사실이 확인돼 고의성 여부를 가려내기 위해서다.지난 8월 미국 보안 전문지 '프랙'은 해커가 LG유플러스의 외주 보안업체 '시큐어키'를 해킹해 얻은 계정 정보로 LG유플러스 내부망에 침투해 △8938대 APPM 서버 정보 △4만2256개 계정 △167명 직원정보를 빼돌렸다고 보도했다.이에 과기정통부가 8월11일까지 자체 점검 결과 제출을 요구하자 LG유플러스는 13일 ""침해사고 흔적 없음""으로 보고했다. 그러나 지난 국정감사에서 LG유플러스가 보고 전날인 12일 APPM 서버의 운영체계를 재설치한 것으로 드러났다. 운영체계를 재설치하면 기존 데이터가 덮여 정밀 분석이 어려워지는 만큼 서버 폐기 의혹이 제기됐다. 이에 대해 LG유플러스는 ""운영체계 재설치 이전과 이후에 각 서버의 이미징을 떠서 한국인터넷진흥원(KISA)에 제출했다""고 해명한 바 있다.한편 과기정통부는 지난 10월24일부터 민관합동조사단을 꾸려 LG유플러스 해킹 의혹을 조사 중이다."
https://n.news.naver.com/mnews/article/092/0002401878?sid=105,2025-12-10 17:48:19,IT/과학,"정부, 경찰 수사 의뢰...""LGU+ 해킹 서버 고의 폐기""","서버 폐기 고의성 입증 필요로 수사 의뢰...조사 방해 고발 가능과학기술정보통신부가 9일 경찰에 LG유플러스에 대한 수사를 의뢰했다. 해킹 의혹이 제기된 서버 일부를 폐기한 사실이 확인된 데 따른 것이다.10일 과기정통부에 따르면 민관합동조사단의 조사에서 LG유플러스가 계정 권한 관리시스템(APPM) 서버 일부를 폐기한 정황을 찾았다.이에 따라 정부는 경찰청 사이버테러대응과에 수사를 의뢰했다. 서버 폐기 고의성 여부를 가리겠다는 것이다. 고의성이 확인되면 조사 방해에 따른 공무집행방해 혐의가 적용될 수 있다.사진_뉴스1앞서 과기정통부는 지난 7월19일 LG유플러스에 해킹 의혹 내용을 전달하고 자체 점검을 요청했고, LG유플러스는 8월13일 침해사고 흔적이 없다고 보고했다.그런 가운데 LG유플러스가 7월31일 계정 관리 서버 1대를 물리적으로 폐기했고, 과기정통부 보고 전날인 8월12일 해킹 의혹이 제기된 서버의 운영체제를 재설치한 것으로 파악됐다.회사 측은 이에 대해 조사 방해와는 거리가 멀다고 밝혀왔으나 정부가 고의성 입증을 위해 수사의뢰로 나선 것으로 보인다.과기정통부 관계자는 “LG유플러스에 자료 제출을 요구하는 과정에서 서버가 폐기된 것으로 확인됐다”며 “고의성 부분이 문제가 될 수 있어 경찰 수사 의뢰를 하게 됐다”고 말했다."
https://n.news.naver.com/mnews/article/087/0001160753?sid=101,2025-12-10 17:54:11,경제,"강원테크노파크, 10일 클라우드·가명정보 세미나 개최","◇강원테크노파크(원장:허장현)는 10일 춘천 KT&G 상상마당 춘천 스테이 나비홀에서 ‘2025년 클라우드·가명정보 세미나’를 개최했다.강원테크노파크(원장:허장현)는 10일 춘천 KT&G 상상마당 춘천 스테이 나비홀에서 ‘2025년 클라우드·가명정보 세미나’를 개최했다.이번 세미나는 지역 기업·기관 관계자들을 대상으로 AI 시대 데이터 활용 전략을 공유하는 자리로 마련됐다.클라우드 적용 및 활용, 가명정보 활용 전략 – LG U+ 통신데이터 활용, 가명정보 활용 전략 – KCB 데이터 활용 3개 발표 세션으로 진행됐다.참석자들은 클라우드 도입·운영 시 고려해야 할 보안·비용·확장성 이슈부터, 통신·신용정보를 가명처리해 데이터 분석 및 활용 사례까지 현장 경험을 중심으로 한 주제 발표를 듣고 질의응답을 이어갔다.이기수 강원가명정보활용지원센터 센터장은 “AI 경쟁력의 출발점은 기술 자체가 아니라, 데이터를 얼마나 안전하게 그리고 똑똑하게 쓰느냐에 달려 있다”며 “이번 세미나를 계기로 지역 기업·기관이 클라우드와 가명정보를 보다 현실적으로 도입·활용하는 데 도움이 되길 바란다”고 말했다."
https://n.news.naver.com/mnews/article/008/0005290162?sid=105,2025-12-10 18:06:18,IT/과학,"LGU+도 '조사방해' 의심…과기정통부, 경찰에 수사 의뢰","(상보)LGU+, 해킹 의혹 제기된 OS 재설치""복제 자료 제출했다""지만 정부 ""포렌식 어려워, 고의 의심""LG유플러스가 계정 관리 서버 1대 폐기 논란에 대해 시스템 재구축에 따른 조치일 뿐 해킹 등과 무관하다고 밝혔다. 해킹 정황이 있음에도 이를 축소하려 했다는 의혹에 대해서는 ""한국인터넷진흥원(KISA)에 신고하겠다""는 입장을 밝혔다. /사진=뉴스1과학기술정보통신부가 지난 9일 경찰청 사이버테러대응과에 LG유플러스를 형법상 위계에 의한 공무집행방해로 수사를 의뢰했다. 지난 10월24일부터 진행된 민관합동조사 중 LG유플러스가 해킹 의혹이 제기된 APPM(계정 권한 관리 시스템), 모바일 게이트웨이 일부를 폐기한 사실이 확인돼 조사를 방해하려는 고의가 있다고 본 것이다.지난 8월 미국 보안 전문지 '프랙'은 해커가 LG유플러스의 외주 보안업체 '시큐어키'를 해킹해 얻은 계정 정보로 LG유플러스 내부망에 침투해 △8938대 APPM 서버 정보 △4만2256개 계정 △167명 직원정보를 빼돌렸다고 보도했다.이에 과기정통부가 8월 11일 자체 점검 결과 제출을 요구하자 LG유플러스는 13일 ""침해사고 흔적 없음""으로 보고했다. 그러나 지난 국정감사에서 LG유플러스가 보고 전날인 12일 APPM 서버 2대 중 1대의 운영체제(OS)를 재설치한 것으로 드러났다. 8월27일엔 2차 인증 기능을 가진 모바일 게이트웨이(GW) 서버 2대의 OS를 재설치했다. OS를 재설치하면 기존 데이터가 덮여 포렌식이 어려워지는 만큼 서버 폐기 의혹이 제기됐다.LG유플러스는 ""운영체제 재설치 이전과 이후 각 서버를 이미징한 복제 자료를 제출해 포렌식이 가능하다""고 반박했으나, 실제로는 정밀 분석이 어렵다는 게 과기정통부 입장이다. 과기정통부 관계자는 ""LG유플러스가 제출한 APPM 서버와 복제 자료에선 유출된 데이터를 확인하기가 어려웠다""며 ""노트북과 APPM 서버, 모바일 게이트웨이로 이어지는 경로상의 데이터가 모두 지워져 조사에 어려움을 겪고 있다""고 말했다. 사실상 조사를 방해하려는 의도가 보인다는 설명이다.과기정통부는 지난 10월 KT도 같은 혐의로 경찰에 수사 의뢰했다. KT는 8월1일 해킹 의혹이 제기된 서버를 폐기했다고 답변했으나, 실제로는 8월1일(2대), 8월6일(4대), 8월13일(2대)에 걸쳐 서버를 폐기한 것으로 나타났다. 또 폐기 서버 백업 로그가 있으면서도 이를 9월18일까지 조사단에 보고하지 않았다. 이에 경찰은 황태선 KT 정보보안실장을 불구속 입건하고 KT 사옥에 대한 압수수색을 진행했다."
https://n.news.naver.com/mnews/article/014/0005447206?sid=105,2025-12-10 18:50:18,IT/과학,"""익시오, 온디바이스 아닌 서버서 통화 유출""","LGU+ AI통화앱 고객 36명 피해기기 내부 아닌 클라우드서 발생""운영 개선 작업중 일시적인 노출""LG유플러스 인공지능(AI) 통화 앱 '익시오'에서 발생한 가입자 36명의 통화정보 유출 사태를 계기로 통신업계가 강조해온 온디바이스 인공지능(AI) 보안에 대한 논란이 이어지고 있다. 일부 유출 개인정보가 온디바이스(기기 내부)가 아닌 서버에 저장된 것으로 확인되면서다.10일 업계에 따르면 LG유플러스는 최근 익시오에서 고객 36명의 통화 정보가 유출되는 사고가 발생한 이후 지난 6일 개인정보보호위원회에 이 사실을 자진 신고했다.익시오 서비스의 운영 개선 작업 과정에서 캐시(임시 저장 공간) 설정 오류로 고객 36명의 일부 △통화 상대방 전화번호 △통화 시각 △통화내용 요약 등 정보가 다른 이용자 101명에게 일시적으로 노출됐다. 이번에 유출된 정보에는 주민등록번호, 여권번호 등 고유식별정보와 금융정보는 포함되지 않았다.온디바이스 AI는 클라우드에 의존하지 않고 디바이스 자체에서 AI 연산을 처리하는 기술이다. 최소한의 정보만 연산을 위해 서버로 이동시켜 보안성과 실시간 서비스 제공 측면에서 강점이 있다. LG유플러스는 모든 AI 통화앱의 기능을 온디바이스 AI로 대체하는 시도 중이다. 하지만 AI 성능 및 경량화 등 추가 기술 확보에 시간이 걸린다는 한계가 있어 일부 기능은 서버를 거쳐 운영하고 있는 것으로 파악됐다.LG유플러스는 이날 ""일부 정보가 서버를 거쳐 서비스된다는 내용과 6개월간 보관되는 데이터 등에 대한 내용은 익시오 가입 과정에서 고객에게 동의를 받아 서비스하고 있다""고 해명했다. 일부 데이터 보관은 스마트폰 교체 및 앱 재설치 등 과정에서도 고객에게 연속성 있는 서비스를 제공하기 위해 필요한 과정이라는 것이다.그럼에도 LG유플러스는 익시오의 마케팅과 홍보 시 온디바이스 AI 기술을 강조하면서 익시오의 모든 기능을 온디바이스 AI로 처리한다는 인식이 형성됐다는 점을 인정하며 ""이번 통화정보 유출 자진 신고를 계기로 많은 고객들에게 실망을 끼쳤다""고 머리를 숙였다.LG유플러스 관계자는 ""고객이 신뢰하는 AI 서비스 제공을 위해 가능한 모든 AI 기능을 온디바이스로 처리하고, 클라우드나 외부 서버로 저장 및 전송되는 데이터를 최소화하며, 데이터 보관 기간을 단축하기 위한 기술을 빠르게 확보해 나가고 있다""며 ""이번 통화정보 유출을 계기로 익시오가 작동하는 모든 프로세스를 철저하게 점검해 개선하고, 더욱 안전하고 편리한 AI 서비스로 거듭나겠다""고 전했다."
https://n.news.naver.com/mnews/article/003/0013651443?sid=105,2025-12-11 09:00:00,IT/과학,"LGU+, 탄소정보공개프로젝트 기후변화 대응 평가 2년 연속 최고등급","탄소경영 최상위 기업에 주어지는 ‘리더십 A’ 등급 2년 연속 달성LG유플러스 용산사옥 전경. (사진=LG유플러스 제공) *재판매 및 DB 금지[서울=뉴시스] 심지혜 기자 = LG유플러스는 2025년 탄소정보공개프로젝트(CDP) 기후변화 대응 부문 평가에서 2년 연속 최고 등급인 ‘리더십 A’를 획득했다고 11일 밝혔다.CDP는 매년 전 세계 주요 기업의 기후변화 대응전략과 온실가스 감축 활동을 평가하는 글로벌 프로젝트로, 약 2만4000여개 기업을 대상으로 거버넌스·리스크·관리 등 5개 영역에서 환경 관련 경영정보를 분석한다. 평가 결과는 전 세계 금융기관의 ESG 투자 판단 자료로 활용된다.LG유플러스는 기후변화 위험 및 기회 분석 고도화, 자가 태양광 발전 도입, 탄소중립 목표 고도화 등 차별화된 대응 활동으로 높은 평가를 받았다. 회사는 2013년부터 매년 지속가능경영보고서를 발간하고 이사회 산하 ESG위원회를 통해 기후변화 대응을 관리하고 있다.특히 지난해 통신업계 최초로 ‘IFRS S1·S2 보고서’를 발간한 데 이어 올해 ‘KSSB 제2호 기후 관련 공시 보고서’를 발간하며 기후변화 대응 활동과 재무적 영향을 투명하게 공개했다.LG유플러스는 지난해 기준 CDP ‘탄소경영 섹터 아너스’ 10년 연속 수상, 한국ESG기준원 ESG 평가 4년 연속 종합 A등급을 획득한 바 있다.박경중 LG유플러스 대외협력담당 상무는 “세계적인 ESG 평가인 CDP에서 2년 연속 A등급을 받아 매우 뜻깊다”며 “앞으로도 LG유플러스만의 차별화된 기후 변화 대응 체계를 바탕으로 사회적 책임을 다하겠다”고 말했다."
https://n.news.naver.com/mnews/article/016/0002570404?sid=105,2025-12-11 09:01:11,IT/과학,"LGU+, 2025 CDP 기후변화 대응 평가서 2년 연속 ‘최고 등급’","‘리더십 A’ 등급 2년 연속 달성LGU+ 용산 사옥 [LGU+ 제공][헤럴드경제=박혜림 기자] LG유플러스의 기후변화 대응 노력이 글로벌 기관에서도 좋은 평가를 받고 있다.LG유플러스는 2025년 CDP(탄소정보공개프로젝트) 기후변화 대응 부문 평가에서 2년 연속으로 최고 등급인 ‘리더십 A’를 획득했다고 11일 밝혔다.CDP는 매년 전 세계 주요 기업의 기후변화 대응전략과 온실가스 감축 활동을 점검하는 글로벌 평가 기관이다. 기업의 환경 관련 경영정보 분석 보고서를 발간해 전 세계 금융기관의 ESG(환경·사회·지배구조) 기업 평가와 투자를 지원한다.구체적으로 세계 2만4000여개 기업의 기후변화 대응 노력과 온실가스 배출량 정보, 감축 성과 등 환경 관련 경영정보를 수집해, 거버넌스·리스크·관리 등 5가지 평가 영역에 따라 분석 및 평가하고 있다.LG유플러스는 ▷기후변화 관련 위험 및 기회 분석 고도화 ▷기후변화 대응 체계 구축 ▷자가 태양광 발전 도입 ▷탄소 중립 목표 고도화 등 차별화된 탄소 중립 추진 활동으로 높은 평가를 받았다.LG유플러스는 지난 2013년 이래 매년 지속가능경영보고서를 발간해 ESG 관련 사항을 투명하게 공개하고 있다. 또한 이사회 산하에 ESG위원회를 설치해 기후변화 대응을 관리하고 있다.지난해 통신업계 최초로 ‘지속가능성 관련 IFRS(국제회계기준) S1·S2 보고서’ 발간에 이어 올해는 ‘KSSB 제2호 기후 관련 공시 보고서’를 발간했다. 이 보고서는 지속가능성 및 기후 관련 재무정보 공시 기준에 부합해, LG유플러스의 기후변화 대응 활동 및 재무적 영향을 확인할 수 있다.이 같은 기후변화 대응 노력으로 LG유플러스는 지난해 기준 CDP ‘탄소경영 섹터 아너스’를 10년 연속 수상했고, 한국ESG기준원(KCGS)의 ESG 평가에서도 4년 연속 종합 A등급을 획득했다.박경중 LG유플러스 대외협력담당(상무)은 “세계적인 ESG 평가인 CDP에서 2년 연속 A등급을 받아 매우 뜻깊다”며 “앞으로도 LG유플러스만의 차별화된 기후 변화 대응 체계를 바탕으로 사회적 책임을 다하겠다”고 말했다."
https://n.news.naver.com/mnews/article/421/0008654752?sid=105,2025-12-11 09:18:59,IT/과학,"LGU+, 2025 CDP 기후변화 대응 평가 최고 등급 '리더십 A' 획득","LG유플러스 용산사옥 2020.08.24/뉴스1(서울=뉴스1) 나연준 기자 = LG유플러스(032640)는 2025년 CDP(탄소정보공개프로젝트) 기후변화 대응 부문 평가에서 2년 연속 최고 등급인 '리더십 A'를 획득했다고 11일 밝혔다.CDP는 매년 전 세계 주요 기업의 기후변화 대응전략과 온실가스 감축 활동을 점검하는 글로벌 평가다. 기업의 환경 관련 경영정보 분석 보고서를 발간해 전 세계 금융기관의 ESG(환경·사회·지배구조) 기업 평가와 투자를 지원한다.LG유플러스는 기후변화 관련 위험 및 기회 분석 고도화, 기후변화 대응 체계 구축, 자가 태양광 발전 도입, 탄소 중립 목표 고도화 등 차별화된 탄소 중립 추진 활동으로 높은 평가를 받았다.LG유플러스는 지난 2013년 이래 매년 지속가능경영보고서를 발간해 ESG 관련 사항을 투명하게 공개하고 있다. 또한 이사회 산하에 ESG위원회를 설치해 기후변화 대응을 관리하고 있다.이 같은 기후변화 대응 노력으로 LG유플러스는 지난해 기준 CDP '탄소경영 섹터 아너스'를 10년 연속 수상했고, 한국ESG기준원(KCGS)의 ESG 평가에서도 4년 연속 종합 A등급을 획득했다.박경중 LG유플러스 대외협력담당(상무)은 ""세계적인 ESG 평가인 CDP에서 2년 연속 A등급을 받아 매우 뜻깊다""며 ""앞으로도 LG유플러스만의 차별화된 기후 변화 대응 체계를 바탕으로 사회적 책임을 다하겠다""고 말했다."
https://n.news.naver.com/mnews/article/001/0015790139?sid=102,2025-12-11 09:21:01,사회,"[테크스냅] LGU+, CDP 기후변화 대응평가 최고등급 획득","한국지능정보사회진흥원, 국내기업 AX 전략 보고서 발간▲ LG유플러스가 2025년 탄소정보공개프로젝트(CDP) 기후변화 대응 부문 평가에서 2년 연속으로 최고 등급인 '리더십 A'를 받았다고 11일 밝혔다. CDP는 매년 전 세계 주요 기업의 기후변화 대응 전략과 온실가스 감축 활동을 점검하는 글로벌 평가다. LG유플러스는 기후변화 관련 위험 및 기회 분석 고도화, 기후변화 대응 체계 구축, 자가 태양광 발전 도입 등에서 높은 평가를 받았다.LG유플러스[촬영 안철수]▲ 한국지능정보사회진흥원(NIA)은 인공지능(AI)·디지털 트렌드와 국내 기업 인공지능 전환(AX) 전략을 담은 '글로벌 AI·디지털 혁신 사례로 본 국내기업 AX 전략' 보고서를 발간했다. 보고서는 국내 기업의 AX 전략으로 AI 인프라 풀스택 통합과 개방형 생태계 구축, 피지컬 AI 등 AI 기술 고도화와 표준화 선점을 통한 주도권 확보 등을 꼽았다.글로벌 AI·디지털 혁신 사례로 본 국내기업 AX 전략 보고서[한국지능정보사회진흥원 제공]"
https://n.news.naver.com/mnews/article/374/0000479948?sid=101,2025-12-11 09:27:11,경제,"LG U+, CDP 기후변화 대응 평가서 2년 연속 최고 등급","LG유플러스가 2025년 CDP(탄소정보공개프로젝트) 기후변화 대응 부문 평가에서 2년 연속으로 최고 등급인 ‘리더십 A’를 획득했다고 오늘(11일) 밝혔습니다.CDP는 매년 전 세계 주요 기업의 기후변화 대응전략과 온실가스 감축 활동을 점검하는데, 이를 토대로 기업의 환경 관련 경영정보 분석 보고서를 발간해 전 세계 금융기관의 ESG(환경·사회·지배구조) 기업 평가와 투자를 지원하고 있습니다.전 세계 2만 4천여개 기업의 기후변화 대응 노력과 온실가스 배출량 정보, 감축 성과 등 환경 관련 경영정보를 수집해, 거버넌스·리스크·관리 등 5가지 평가 영역에 따라 분석 및 평가합니다.LG유플러스는 기후변화 관련 위험 및 기회 분석 고도화, 기후변화 대응 체계 구축, 자가 태양광 발전 도입, 탄소 중립 목표 고도화 등 차별화된 탄소 중립 추진 활동으로 높은 평가를 받았다고 설명했습니다.박경중 LG유플러스 대외협력담당(상무)은 ""세계적인 ESG 평가인 CDP에서 2년 연속 A등급을 받아 매우 뜻깊다”며 “앞으로도 LG유플러스만의 차별화된 기후 변화 대응 체계를 바탕으로 사회적 책임을 다하겠다”고 말했습니다.당신의 제보가 뉴스로 만들어집니다.SBS Biz는 여러분의 제보를 기다리고 있습니다.홈페이지 = https://url.kr/9pghjn"
https://n.news.naver.com/mnews/article/031/0000988279?sid=105,2025-12-11 09:30:15,IT/과학,"LGU+, CDP 기후변화 대응 '리더십 A' 획득…2년 연속 최고등급","기후 리스크 관리·온실가스 감축 성과로 글로벌 ESG 평가서 우수성 입증LG유플러스는 2025년 CDP(탄소정보공개프로젝트) 기후변화 대응 부문 평가에서 2년 연속 최고 등급인 '리더십 A'를 획득했다고 11일 밝혔다.사진은 LG유플러스 용산사옥의 모습. [사진=LGU+]CDP는 전 세계 주요 기업의 기후변화 대응 전략과 온실가스 감축 활동을 종합적으로 평가하는 글로벌 비영리기관이다. 매년 환경 관련 경영정보를 수집·분석해 ESG(환경·사회·지배구조) 평가와 투자 판단 기준으로 제공한다.올해는 전 세계 2만4000여개 기업을 대상으로 △거버넌스 △리스크 관리 △배출 감축 △기회 분석 △목표 설정 등 5개 항목을 기준으로 기후변화 대응 노력과 실적을 평가했다.LG유플러스는 자가 태양광 발전 도입, 기후 리스크 및 기회 요인 분석 고도화, 탄소 중립 목표 구체화 등 차별화된 실행력을 기반으로 높은 점수를 받았다.2013년부터 매년 지속가능경영보고서를 발간해 ESG 정보를 투명하게 공개하고 있으며, 이사회 산하 ESG위원회를 통해 기후변화 대응 체계를 관리하고 있다. 지난해에는 통신업계 최초로 '지속가능성 관련 IFRS S1·S2 보고서'를 발표했고, 올해는 'KSSB 제2호 기후 관련 공시 보고서'를 통해 재무 정보 기반의 기후 대응 활동을 공개했다.이 같은 노력에 힘입어 LG유플러스는 CDP '탄소경영 섹터 아너스'를 10년 연속 수상했으며, 한국ESG기준원(KCGS) ESG 평가에서도 4년 연속 종합 A등급을 획득했다.박경중 LG유플러스 상무(대외협력담당)는 ""세계적인 ESG 평가인 CDP에서 2년 연속 A등급을 받아 매우 뜻깊다""며 ""앞으로도 차별화된 기후 변화 대응 체계를 바탕으로 사회적 책임을 다하겠다""고 말했다."
https://n.news.naver.com/mnews/article/008/0005290328?sid=105,2025-12-11 09:51:11,IT/과학,"LGU+, 'CDP 기후변화 평가' 2년 연속 최고 등급","/사진=뉴스1LG유플러스가 올해 CDP(탄소정보공개프로젝트) 기후변화 대응 부문 평가에서 2년 연속 최고 등급인 '리더십 A'를 받았다고 11일 밝혔다.CDP는 매년 세계 2만4000여개 기업의 기후변화 대응 노력과 온실가스 배출량 정보, 감축 성과 등 환경 관련 경영정보를 수집해 거버넌스·리스크·관리 등 5가지 평가 영역에 따라 분석·평가한다.LG유플러스는 기후변화 관련 위험 및 기회 분석 고도화, 기후변화 대응 체계 구축, 자가 태양광 발전 도입, 탄소 중립 목표 고도화 등 차별화된 탄소 중립 추진 활동으로 높은 평가를 받았다.LG유플러스는 2013년부터 매년 지속가능경영보고서를 발간해 ESG 관련 사항을 투명하게 공개하고 있다. 이사회 산하에 ESG위원회를 설치해 기후변화에 대응한다. 지난해 통신업계 최초로 '지속가능성 관련 IFRS(국제회계기준) S1·S2 보고서' 발간에 이어 올해는 'KSSB 제2호 기후 관련 공시 보고서'를 발간했다. 이같은 노력으로 지난해 기준 CDP '탄소경영 섹터 아너스'를 10년 연속 수상했고, 한국ESG기준원(KCGS)의 ESG 평가에서도 4년 연속 종합 A등급을 획득했다.박경중 LG유플러스 대외협력담당(상무)은 ""세계적인 ESG 평가인 CDP에서 2년 연속 A등급을 받아 매우 뜻깊다""며 ""앞으로도 LG유플러스만의 차별화된 기후 변화 대응 체계를 바탕으로 사회적 책임을 다하겠다""고 말했다."
https://n.news.naver.com/mnews/article/030/0003379428?sid=105,2025-12-11 09:52:20,IT/과학,"LGU+, CDP 기후변화 대응 평가 최고 등급 '리더십 A' 획득","LG유플러스 용산 사옥 전경.LG유플러스는 올해 CDP(탄소정보공개프로젝트) 기후변화 대응 부문 평가에서 2년 연속으로 최고 등급인 '리더십 A'를 획득했다고 11일 밝혔다.CDP는 매년 전 세계 주요 기업의 기후변화 대응전략과 온실가스 감축 활동을 점검하는 글로벌 평가다. 기업 환경 관련 경영정보 분석 보고서를 발간해 전 세계 금융기관의 ESG(환경·사회·지배구조) 기업 평가와 투자를 지원한다.세계 2만4000여개 기업의 기후변화 대응 노력과 온실가스 배출량 정보, 감축 성과 등 환경 관련 경영정보를 수집해, 거버넌스·리스크·관리 등 5가지 평가 영역에 따라 분석 및 평가하고 있다.LG유플러스는 기후변화 관련 위험 및 기회 분석 고도화, 기후변화 대응 체계 구축, 자가 태양광 발전 도입, 탄소 중립 목표 고도화 등 차별화된 탄소 중립 추진 활동으로 높은 평가를 받았다.LG유플러스는 지난 2013년 이래 매년 지속가능경영보고서를 발간해 ESG 관련 사항을 투명하게 공개하고 있다. 또 이사회 산하에 ESG위원회를 설치해 기후변화 대응을 관리하고 있다.지난해 통신업계 최초로 '지속가능성 관련 IFRS(국제회계기준) S1·S2 보고서' 발간에 이어 올해는 'KSSB 제2호 기후 관련 공시 보고서'를 발간했다. 이 보고서는 지속가능성 및 기후 관련 재무정보 공시 기준에 부합해, LG유플러스의 기후변화 대응 활동 및 재무적 영향을 확인할 수 있다.이 같은 기후변화 대응 노력으로 LG유플러스는 지난해 기준 CDP '탄소경영 섹터 아너스'를 10년 연속 수상했고, 한국ESG기준원(KCGS)의 ESG 평가에서도 4년 연속 종합 A등급을 획득했다.박경중 LG유플러스 대외협력담당(상무)은 “세계적인 ESG 평가인 CDP에서 2년 연속 A등급을 받아 매우 뜻깊다”며 “앞으로도 LG유플러스만의 차별화된 기후 변화 대응 체계를 바탕으로 사회적 책임을 다하겠다”고 말했다."
https://n.news.naver.com/mnews/article/014/0005447458?sid=105,2025-12-11 10:33:12,IT/과학,"LG U+, 2년 연속 CDP 기후변화 대응 평가 최고 등급...'리더십 A'","LG유플러스 사옥 전경. LG유플러스 제공[파이낸셜뉴스] LG유플러스는 탄소정보공개프로젝트(CDP) 기후변화 대응 부문 평가에서 2년 연속으로 최고 등급인 '리더십 A'를 획득했다고 11일 밝혔다.CDP는 매년 전 세계 주요 기업의 기후변화 대응전략과 온실가스 감축 활동을 점검하는 글로벌 평가다. 기업의 환경 관련 경영정보 분석 보고서를 발간해 전 세계 금융기관의 환경·사회·지배구조(ESG) 기업 평가와 투자를 지원한다. 세계 2만4000여개 기업의 기후변화 대응 노력과 온실가스 배출량 정보, 감축 성과 등 환경 관련 경영정보를 수집해 거버넌스·리스크·관리 등 5가지 영역에 따라 평가하고 있다.LG유플러스는 기후변화 관련 위험 및 기회 분석 고도화, 기후변화 대응 체계 구축, 자가 태양광 발전 도입, 탄소 중립 목표 고도화 등 탄소 중립 추진 활동으로 높은 평가를 받았다고 설명했다.LG유플러스는 지난 2013년 이래 매년 지속가능경영보고서를 발간해 ESG 관련 사항을 공개하고 있다. 또 이사회 산하에 ESG위원회를 설치해 기후변화 대응을 관리하고 있다.박경중 LG유플러스 대외협력담당은 ""세계적인 ESG 평가인 CDP에서 2년 연속 A등급을 받아 매우 뜻깊다”며 “앞으로도 차별화된 기후 변화 대응 체계를 바탕으로 사회적 책임을 다하겠다""고 말했다."
https://n.news.naver.com/mnews/article/629/0000452225?sid=105,2025-12-11 10:45:09,IT/과학,"안전성 앞세운 LGU+ '익시오', 보안 역량 지적 잇따라","'온디바이스 AI'로 보안 강조했지만 유출 사고 발생구글·아마존 서버 활용하는 '하이브리드' 구조LG유플러스의 AI 통화 앱 '익시오'에서 발생한 통화 요약 내용 유출 사고 이후 회사의 보안 역량이 도마에 올랐다. /더팩트 DB[더팩트｜우지수 기자] LG유플러스의 AI 통화 비서 '익시오(ixio)'에서 발생한 통화내용 노출 사고 이후 회사의 보안 역량이 도마에 올랐다. '온디바이스 AI'를 앞세워 서비스 안전성을 강조한 것과 달리 외부 서버를 활용하는 과정에서 암호화되지 않은 정보가 노출됐기 때문이다.11일 관련업계에 따르면 온디바이스를 앞세운 익시오 마케팅과 실제 운영 방식에 차이에 있다는 지적이 나온다. LG유플러스는 그동안 데이터가 외부로 전송되지 않아 안심할 수 있다는 점을 익시오의 차별화 포인트로 강조해왔다. 그러나 단말기 내 처리를 강조한 것과 달리 실제로는 클라우드 서버가 활용된 것으로 나타나면서 이용자 신뢰도 타격이 컸다는 지적이다.온디바이스 AI는 별도의 외부 서버 연결 없이 단말기 자체 칩(NPU)으로 인공지능 연산을 처리하는 기술이다. 데이터가 외부로 전송되지 않아 보안성이 뛰어나고, 인터넷 연결 없이도 구동 가능한 것이 특징이다. 이상엽 LG유플러스 최고기술책임자(CTO)는 지난달 '익시오 2.0'을 공개하면서 ""설령 해킹이 발생하더라도 암호화된 데이터만 유출돼 실질적인 피해를 방지할 수 있다""고 자신했지만 제3자에게 식별 가능한 형태의 통화 기록이 그대로 노출됐다.이번 사고의 원인은 LG유플러스가 밝힌 대로 직원의 서버 '캐시(임시저장) 설정 실수'다. 익시오는 모든 기능이 온디바이스로 작동하지 않고 고성능 클라우드 서버를 함께 사용하는 '하이브리드' 구조로 설계됐다. 약관(개인정보 처리방침)에 따르면 통화 요약 등 핵심 기능을 구현하기 위해 이용자의 데이터가 구글 클라우드(GCP)와 아마존웹서비스(AWS) 등 해외 서버로 전송돼 처리된다.LG유플러스는 '익시오' 서비스의 온디바이스 AI 기능을 강조하며 마케팅을 펼쳐 왔지만, /익시오 홈페이지 갈무리하이브리드 방식은 경쟁 서비스인 SK텔레콤의 '에이닷' 등도 채택하고 있는 업계의 보편적인 기술이다. 다만 세부 데이터 처리 방식엔 차이가 있다. SK텔레콤에 따르면 에이닷의 경우 서버 캐시를 운영하지 않으며, 통화 요약본만 암호화해 제한적으로 보관하기 때문에 구조적으로 캐시 오류에 의한 노출 사고가 발생하기 어렵다는 설명이다. 반면 LG유플러스는 운영 과정에서의 관리 소홀이 보안 사고로 이어졌다.한 IT업계 관계자는 ""익시오는 그동안 온디바이스 기반을 강조해 왔으나 실제로는 통화 요약 기능이 서버에서 처리되는 구조였다""며 ""대외 홍보와 실제 기술 구조의 차이가 사고 발생 가능성을 키웠을 수 있다""고 꼬집었다.LG유플러스 측은 이번 사태와 관련해 기술적 제약과 서비스 편의성을 위한 불가피한 선택이라고 해명하면서도 마케팅 과정에서 이용자 인식 차이가 생겼을 수 있다고 인정했다. LG유플러스는 설명자료를 통해 ""음성 통화를 텍스트로 변환하는 과정, 보이스피싱 탐지 등 민감한 생체 정보 처리는 온디바이스로 수행되고 있다""고 강조하면서도 ""마케팅 시 온디바이스 AI 기술을 강조하면서 익시오의 모든 기능을 기기 내에서 처리한다는 인식이 형성됐고, 이번 자진 신고를 계기로 많은 고객들에게 실망을 끼쳤다""고 밝혔다.이어 통화 요약 기능에 대해서는 ""AI 성능 확보를 위해 불가피하게 서버를 거쳐 운영하고 있다""며 ""서버에 저장되는 요약 데이터는 암호화하여 보관하며, 이는 기기 변경 시 데이터 복원 등 서비스 연속성을 위해 고객 동의를 받은 사항""이라고 덧붙였다. LG유플러스는 향후 자체 개발 중인 소형언어모델(sLM) '익시젠' 등을 탑재해 통화 요약 기능까지 단말기 내부에서 처리하는 완전한 온디바이스 환경을 구현하겠다는 계획이다.발로 뛰는 더팩트는 24시간 여러분의 제보를 기다립니다.▶카카오톡: '더팩트제보' 검색▶이메일: jebo@tf.co.kr▶뉴스 홈페이지: http://talk.tf.co.kr/bbs/report/write"
https://n.news.naver.com/mnews/article/092/0002401970?sid=105,2025-12-11 10:49:12,IT/과학,"LGU+, 2년 연속 ‘CDP 기후변화 대응 평가’ 최고 등급","기후변화 관련 위험 및 기회 분석·탄소 중립 목표 고도화 등 높게 평가LG유플러스가 2025년 탄소정보공개프로젝트(CDP) 기후변화 대응 부문 평가에서 2년 연속으로 최고 등급인 ‘리더십 A’를 획득했다고 11일 밝혔다.CDP는 매년 전 세계 주요 기업의 기후변화 대응전략과 온실가스 감축 활동을 점검하는 글로벌 평가다. 기업의 환경 관련 경영정보 분석 보고서를 발간해 전 세계 금융기관의 ESG(환경·사회·지배구조) 기업 평가와 투자를 지원한다.구체적으로 세계 2만4천여개 기업의 기후변화 대응 노력과 온실가스의 배출량 정보 및 감축 성과 등 환경 관련 경영정보를 수집해 거버넌스·리스크·관리 등 5가지 평가 영역에 따라 분석·평가하고 있다.LG유플러스 용산 사옥 전경.LG유플러스는 ▲기후변화 관련 위험 및 기회 분석 고도화 ▲기후변화 대응 체계 구축 ▲자가 태양광 발전 도입 ▲탄소 중립 목표 고도화 등 차별화된 탄소 중립 추진 활동으로 높은 평가를 받았다.아울러 회사는 2013년 이래 매년 지속가능경영보고서를 발간해 ESG 관련 사항을 투명하게 공개하고 있다. 이사회 산하에 ESG위원회를 설치해 기후변화 대응도 관리하고 있다.지난해 통신업계 최초로 '지속가능성 관련 국제회계기준(IFRS) S1·S2 보고서' 발간에 이어 올해는 ‘KSSB 제2호 기후 관련 공시 보고서’를 발간했다. 이 보고서는 지속가능성 및 기후 관련 재무정보 공시 기준에 부합해 LG유플러스의 기후변화 대응 활동 및 재무적 영향을 확인할 수 있다.이 같은 기후변화 대응 노력으로 LG유플러스는 지난해 기준 CDP ‘탄소경영 섹터 아너스’를 10년 연속 수상했고, 한국ESG기준원의 ESG 평가에서도 4년 연속 종합 A등급을 획득했다.박경중 LG유플러스 대외협력담당은 ""세계적인 ESG 평가인 CDP에서 2년 연속 A등급을 받아 매우 뜻깊다”며 “차별화된 기후 변화 대응 체계를 바탕으로 사회적 책임을 다하겠다”고 말했다."
https://n.news.naver.com/mnews/article/016/0002570577?sid=105,2025-12-11 11:18:43,IT/과학,"LGU+,  CDP기후변화 대응 평가 ‘최고 등급’","‘리더십 A’ 등급 2년 연속 달성LG유플러스 용산 사옥 [LG유플러스 제공]LG유플러스의 기후변화 대응 노력이 글로벌 기관에서도 좋은 평가를 받고 있다.LG유플러스는 2025년 CDP(탄소정보공개프로젝트) 기후변화 대응 부문 평가에서 2년 연속으로 최고 등급인 ‘리더십 A’를 획득했다고 11일 밝혔다.CDP는 매년 전 세계 주요 기업의 기후변화 대응전략과 온실가스 감축 활동을 점검하는 글로벌 평가 기관이다. 기업의 환경 관련 경영정보 분석 보고서를 발간해 전 세계 금융기관의 ESG(환경·사회·지배구조) 기업 평가와 투자를 지원한다.구체적으로 세계 2만4000여개 기업의 기후변화 대응 노력과 온실가스 배출량 정보, 감축 성과 등 환경 관련 경영정보를 수집해, 거버넌스·리스크·관리 등 5가지 평가 영역에 따라 분석 및 평가하고 있다.LG유플러스는 ▷기후변화 관련 위험 및 기회 분석 고도화 ▷기후변화 대응 체계 구축 ▷자가 태양광 발전 도입 ▷탄소 중립 목표 고도화 등 차별화된 탄소 중립 추진 활동으로 높은 평가를 받았다. 박혜림 기자"
https://n.news.naver.com/mnews/article/056/0012084089?sid=102,2025-12-11 16:37:54,사회,[사사건건] 쿠팡 정보 유출 피해 규모 더 커진다?,"■ 방송시간 : 12월 11(목) 16:00~17:00 KBS1■ 진행 : 김용준 기자■ 출연 : 김승주 / 고려대학교 정보보호대학원 교수https://youtu.be/d_B1IG5tvtU◎김용준: 쿠팡의 방대하고 민감한 개인 정보가 유출된 이후에 수사 상황과는 별도로 짚어볼 부분이 있습니다. 이 3,400만 건에 가까운 압도적인 유출이 어떻게 개인의 힘으로 쉽게 가능했을까? 또 쿠팡은 그것을 정말 인지하지 못하고 있었을까? 그리고 과연 이 유출된 정보의 2차 활용이나 피해 가능성은 어느 정도일까? 사실상 개인 정보가 공공재가 됐다는 소리가 나올 만큼 정보 보호 체계의 근본적인 허점은 없을까? 마지막으로 쿠팡 사태 이후에 소비자가 쿠팡을 불신하지만, 역설적으로 또 떠나지 못하는 이 상황들, 어떻게 볼지 이 분야 최고의 전문가 한 분과 말씀 나눠봅니다. 고려대학교 정보보호대학원 김승주 교수입니다. 어서 오십시오.▼김승주: 네, 안녕하십니까?◎김용준: 안녕하십니까. 일단 그 이 사태가 좀 일주일 정도 지났잖아요. 개인정보 유출 사태, 교수님께서는 가장 문제가 되는 지점이 뭐다. 이렇게 판단하시나요?▼김승주: 일단은 국회 현안 질의가 있었죠. 거기서 나온 얘기만 갖고 판단을 내려보면 일단은 내부 개발자, 내부 직원 및 퇴직자에 대한 관리는 확실히 부실했던 것 같습니다.◎김용준: 조직 관리 부실.▼김승주: 네. 그러니까 조직 관리도 그렇지만 기술적인 관리도...◎김용준: 기술적인 관리도 부실.▼김승주: 잘못됐던 것 같고요. 왜냐하면 국회 현안 질의 때 내부 개발자가 전자서명 키라고 불리는 마스터키를 탈취해서 갖고 나갔다, 이런 표현을 썼거든요.◎김용준: 호텔방 키 이론을 얘기하셨죠?▼김승주: 그렇죠. 그런데 기본적으로 그거는 보완 조치를 굉장히 엄격하게 해야 됩니다. 그래서 내부 직원이라도 그걸 탈취해서 갖고 나가는 일은 생기지 말았어야 되는데 그게 생긴 걸로 봐서는 쿠팡의 과실이 분명히 있다. 그리고 두 번째는 사고 후에 대처도 좀 부실했다. 예를 들어 안내 문자 공지에 URL 링크가 포함돼 있었다든가.◎김용준: 맞습니다.▼김승주: 아니면 무슨 유출이라는 단어 대신에 노출이라는 단어를 썼다든가. 아니면 메인 화면 홈페이지 정면에 팝업 형태로 띄워야 될 어떤 유출 공지를 지금 회사 소개란 안에다가 집어넣어 놨거든요.◎김용준: 네, 네.▼김승주: 이런 것들로 봐서는 어떤 사후 대책도 좀 부실하지 않았나, 이렇게 봅니다.◎김용준: 쿠팡이 지금, 이 사실을 전혀 몰랐다가 고객의 의심 제보를 받고 알았다라는 게 지금까지 전언인데 이게 진짜 모를 수 있는 건지 아니면 지금 이게 몰라도 되는 건지도 궁금하고요.▼김승주: 이게 아주 고도의 해킹 기술을 썼다라면 모를 수 있습니다. 그런데 지금 제가 좀 전에 말씀드렸듯이 쿠팡이 지금 내부 직원들을 위해서 한 보안 조치는...◎김용준: 그렇습니다.▼김승주: 글로벌 기준에 못 미쳤던 것 같거든요. 그래서 어느 정도는 발견할 수 있었는데 쿠팡이 어떤 내부 관리 소홀 부실, 어떤 기술 부재로 인해서 탐지하지 못했다. 저는 그렇게 보고 있습니다.◎김용준: 그러면 뭐 이전에 비슷한 사고가 있었는지 없었는지 못 발견했을 가능성도 배제할 수는 없는 거 아닌가요?▼김승주: 그래서 지금 민관 합동 조사단이 투입되지 않았습니까? 이렇게 되면 이번 사고로 인해서 피해가 더 커졌다, 이런 결과가 나올 수도 있고요. 과거에 발생했던 해킹인데 쿠팡이 발견하지 못했던 것 또는 미처 신고하지 못했던 것도 나올 가능성이 굉장히 높습니다. 왜냐하면 앞에 우리가 통신사 해킹 사고들이 많이 있었잖아요. 그때도 민관 합동 조사단이 들어가면 피해 사실이 확대됐었거든요. 그래서 이번 쿠팡 사고도 피해 규모가 확대될 가능성이 굉장히 높습니다.◎김용준: 그리고 지금 매일 같이 쓰는 활성화된 계정이 아니라 사용하지 않는 휴면 계정이라든지, 뭐 탈퇴한 계정이라든지 여기에 무단으로 접속이 이루어졌던 정황들이 있던데 이거는 왜 탐지가 안 된 건가요?▼김승주: 이건 진짜 더 큰 문제인 거고요.◎김용준: 아, 더 큰 문제.▼김승주: 그러니까 지금 3,370만 개 계정에 개인 정보가 유출됐는데 그중에는 900만 개의 휴면 또는 탈퇴 계정도 포함돼 있었다.◎김용준: 그렇습니다.▼김승주: 이렇게 지금 언론에 보도가 나왔죠. 자, 그런데 상식적으로 보안 시스템이 어느 정도 돼 있으면 탈퇴 계정에서 접속이 들어오면 기본적으로 이걸 차단하면서 경고 메시지를 관리자한테 줘야 됩니다.◎김용준: 그렇죠.▼김승주: 그런데 그것도 지금 경고 메시지가 관리자에게 전달이 안 됐던 것 같거든요.◎김용준: 탈퇴했는데 접속되면 이상하잖아요.▼김승주: 그렇죠. 그래서 우리가 보통 이런 것들을 이상 징후 탐지 시스템, 이렇게 얘기하는데 이런 것들도 충분히 제대로 갖춰놓지 않은 것 아닌가. 이런 의혹도 지금 좀 생기고 있는 현실입니다.◎김용준: 정말 그 제일 궁금한 것 중의 하나일 거예요, 시청자분들도. 그럼, 그 중국인 전직 직원 개발자라는 사람은 대체 왜, 뭘 목적으로 이런 일을 했는가가 궁금해지는데 당장 뭐 돈 내놓으라는 협박도 아니고 이게 무엇을 위해서일까 짐작하신다면 뭐가 있을까요?▼김승주: 그러니까 제가 제 SNS에도 썼었지만 이게 이제 언론에 막 나오기 전에 기자분들께서 전화를 계속 주시니까 제가 나름대로 이렇게 좀 알아봤어요. 그러니까 왜냐하면 그 회사에도 제가 아는 사람들이 있고 퇴직자 중에도 아는 사람들이 있으니까. 그래서 그때 제가 들었던 것은 중국인 개발자가 회사에 대한 불만을 가지고 이런 행동을 했다라고 저는 일단 들었습니다. 그런데 확인을 해봤더니 일단 중국인이라고 하는 것까지는 어느 정도 특정이 됐죠. 왜냐하면 경찰이 압수수색 영장을 발부하면서 거기에 중국인 개발자라고 적시를 했거든요. 그래서 일단 중국인 개발자는 맞는 것 같고요. 회사에 억하심정이 있었던 것 같다라고 제가 생각을 했던 것은 지금 인터넷상에 돌고 있는 편지가 한 장 있습니다. 그런데 이 중국인 개발자는 작년 12월에 퇴사했는데 그것보다 몇 달 전에 퇴사한 퇴직자가 하나 더 있어요. 이 사람도 보안팀 개발자였는데 이 사람이 쓴 글 내용이 뭐였냐 하면 상장 이전에 우리한테 여러 가지 약속을 해줬었는데 나스닥에 상장한 이후로 지켜진 게 하나도 없다. 그래서 쿠팡은 미래가 없기 때문에 나는 퇴사한다. 이 내용이거든요. 그래서 이런 걸, 그리고 그분도 외국인입니다. 그래서 이런 걸 미루어 봤을 때 회사에 억하심정이 있는 것 아닌가라는 생각이 들고요. 두 번째는 돈 같은 걸 요구하지 않았잖아요.◎김용준: 그렇죠.▼김승주: 본인이 거기다가 정보 보호 내부 고발자라는 표현을 썼거든요. 이런 걸로 봐서는 회사에 어떤 앙심을 품고 이런 일들을 벌인 것 아닌가라는 생각이 듭니다.◎김용준: 물론 뭐, 여러 가지 근거나 취재를 통해서 교수님 나름대로 짐작을 하시는 부분인 거고 이 수사로 밝혀져 부분 중에 하나인 것 같고, 그렇다면 이게 개인의 일탈, 이걸로만 볼 수 있는가 아니면 조직 관리 측면에서 짚어볼 부분은 없는 것인가 하는 부분입니다.▼김승주: 이게 물론 개인의 일탈일 수도 있고 조직 관리를 잘못해서 그럴 수도 있습니다. 하지만 보완 조치가 제대로 돼 있으면 일탈한 내부 개발자라 하더라도, 내부의 중요 키 같은 건 못 갖고 나가야 되거든요.◎김용준: 그게 무엇이든 보완 체계가 되어 있으면...▼김승주: 그렇죠. 그게 글로벌 스탠다드입니다. 그래서 기본적으로 내부 직원의 일탈이 있었을지 모르나 기술적으로 부실했다. 저는 그렇게 봅니다.◎김용준: 자 그런데 쿠팡의 개인정보 유출이 이번이 처음이 아닙니다. 2020년에는요. 13만 5천여 명에 달하는 쿠팡 이츠 배달원 정보가 노출이 됐었고, 2021년엔 앱 업데이트를 하는 사이에 테스트 소홀로 개인 정보가 또 유출이 됐었고, 2023년에 2만 2천여 명의 주문자 또 수치인 개인 정보가 다른 판매자에게 노출되는 사고가 있었습니다. 그리고 이번에 3,400만 명에 가까운 규모로 알려진 고객 정보 유출까지 네 번째입니다. 뭐 노출이든 유출이든, 어쨌든 개인 정보가 빠져나간 사례들이 이렇게 많은데 원인들이 거의 동일한 것 같아요. 내부 관리 미흡, 그러면 관련 업계 1위라고 하는 쿠팡의 기업의 보안 체계가 이 정도인 원인은 무엇일까 싶습니다.▼김승주: 저도 사실은 1위고 나스닥에 상장된 업체고...◎김용준: 그렇습니다.▼김승주: 그래서 저는 미국의 어떤 보안에 대한 기본 표준 글로벌 스탠다드를 지향할 줄 알았습니다. 그런데 제가 여러 사람을 통해서 들은 얘기, 그다음에 국회에서 들은 얘기를 보면 아 그렇지 못했구나라고 저 개인적으로 생각하고 있고요. 국내 금융권의 보안 수준보다도 떨어지는 것 같다라고 저는 개인적으로 생각하고 있습니다. 그리고 실제로 내부자 관리에 있어서는 평상시에도 내부적으로 좀 문제가 있다라는 얘기가 나왔던 걸로 제가 알고 있습니다.◎김용준: 아니. 그러면 쿠팡이 이렇게 쉽게 속된 말로 털리는 거라면 다른 이커머스나 뭐 예를 들면 포탈이랄지, 이런 부분의 보안도 비슷한 수준인가요? 글로벌 스탠다드에 못 미치나요?▼김승주: 지금 이제 이커머스 업체들은 아마 정부에서 전수 조사를 할지도 모릅니다. 보통 우리가 SKT 사고 났을 때도 LG U+와 KT같이 전수 조사를 했거든요. 그래서 아마 전수 조사를 하게 되면 이커머스 업계에서도 이제 문제들이 조금씩 나올지 모릅니다.◎김용준: 지금 개인정보 유출 사례 이후에 쿠팡의 어떤 대응 방식도 아까 잠깐 언급하셨는데, 이게 더 큰 화를 부른 것 같기도 해요. 최초에 뭐 다 아시는 바와 같이 유출이 아니라 노출이라고 했던 점, 이게 지금 추후에 책임에서 조금이라도 자유로워지기 위한 방편이었다는 얘기가 있습니다. 어떻게 생각하세요?▼김승주: 저도 그렇게 생각을 하고요. 왜냐하면 개인정보 보호법 상에는 유출이란 단어를 씁니다. 이 유출은 내가 잘못해서 개인정보가 밖으로 나갔다는 얘기거든요. 그런데 노출이란 단어는 조금 애매모호합니다. 그래서 이 노출이라는 단어를 의도적으로 써서 어떤 지금 우리한테 책임이 있습니다라는 것을 좀 회피해 간 것이 아닌가, 그래서 처음에 노출이란 단어가 나왔을 때 SNS상에서는 이거 법률적인 자문을 받은 상태에서 공지가 나간 것 같다. 그런 얘기도 있었습니다.◎김용준: 네. 또 하나 약관을 한번 살펴보겠습니다. 쿠팡의 약관을 보면요. 제3자의 불법적인 접속 또는 불법적인 이용으로 발생하는 손해에 관해서 책임을 지지 않는다라는 부분이 있습니다. 이게 지금 지난해 11월에 추가를 했다는 조항이라고 하는데요. 우선 일단 이런 약관들이 아주 깨알 같은 글씨로 스팸처럼 공지되기 때문에 일반분들은 잘 모르는 경우도 많고, 무엇보다 이걸 그냥 해석해 보면 비전문가 입장에서는 우리는 3,400만 명에 가까운 이번 개인정보 노출 사태가 발생해도 책임지지 않을 겁니다라는 선언으로 보이는데, 이거를 대체 왜 추가했을까, 마치 이때 오늘과 같은 일이 일어날 거를 알고 있었던 업체처럼 보인단 말이죠.▼김승주: 이게 아무튼 시기적으로도 좀 애매한 부분이 있고요. 그리고 기본적으로 저런 조항은 넣지를 않습니다.◎김용준: 아 그래요?▼김승주: 기업이 모든 해킹을 막을 수는 없습니다. 그렇지만 막을 수 있는 해킹이 있고, 워낙 신출귀몰한 방법을 썼기 때문에 막을 수 없는 해킹이 있거든요. 그런데 막을 수 있었는데 못 막은 해킹에 대해서는 기업은 책임을 져야 됩니다. 보통 외국에서도 면책을 해주는 건 너무도 듣도 보도 못한 기법이라서 기업도 어쩔 수 없었던 거, 이런 것들에 대해서만 면책을 해주거든요. 그런데 지금 저 약관에는 ‘모든’이라는 단어가 들어있단 말이죠.◎김용준: 그러게요.▼김승주: 그래서 이건 굉장히 소비자들한테 불공정한 약관이고, 저런 것들을 만들 수 있다는 생각을 어떻게 했을까라는 것 자체가 굉장히 의문이기는 합니다.◎김용준: 만약에 저 약관이 이제 실제로 소비자에 대한 법적 책임에서 자유로워질 수 있는 부분이 있다고 보시나요?▼김승주: 아니 저는 뭐 불가능하다고 보고요.◎김용준: 불가능하다.▼김승주: 일단은 일방적으로 소비자한테 불가능한 조항이기 때문에 불공정 약관이기 때문에, 저는 저게 법적 효력을 가지지 못할 거라고 생각합니다.◎김용준: 예. 그렇다면 이제 현실적으로 쿠팡에 대해서 물론 수사가 이루어지고 있습니다마는 어떤 조치들을 취할 수 있을까, 여러 전문가나 정치권에서 그런 얘기 합니다. 과태료랄지 과징금이랄지, 징벌적 손해배상이랄지 그런 것보다 그냥 영업 정지를 하자. 교수님께서는 현실적으로 쿠팡 입장에서 어떤 조치가 가장 아픈 조치가 될까 싶습니까?▼김승주: 그러니까 징벌적 과징금 3% 뭐 이런 얘기를 하면 조 단위의 액수가 나오니까 굉장히 이제 속으로는 후련해하실 수 있어요. 하지만 징벌적 과징금을 정부에서 또는 개인정보보호위원회에서 부과한다 하더라도 바로 행정소송으로 이어질 겁니다. 그럼 이건 몇 년을 끌거든요.◎김용준: 길어지죠.▼김승주: 그렇죠. 그러면서 이건 그냥 기억 속에서 잊혀져요. 예전에 통신사 사례도 있었고 이번 쿠팡 사례도 가장 직접적으로 영향을 미칠 수 있는 건 영업 정지입니다.◎김용준: 아 그래요?▼김승주: 왜냐하면 우리가 '쿠팡 말고 쓸 게 없어요'라고 얘기하지만, 쿠팡이 영업정지가 된 상태에서 대체할 수 있는 걸 찾다 보면 '아, 이 정도는 또 쓸 만하네.' 이런 생각을 하시거든요. 그러면서 고객이 이탈돼서 직접적으로 영향을 미치는 겁니다. 사실은 통신사 사태 때도 과징금 얘기도 나왔고 얼마를 물어줄 거냐, 뭐 유심을 선지 교체해라, 얘기가 나왔지만, 처음에는 좀 미적미적했거든요. 그러다가 이제 영업 정지에 준하는 어떤 처벌을 내리니까 굉장히 능동적으로 대처를 했었거든요. 그래서 저는 국회에서도 아마 영업정지를, 또는 영업정지에 준하는 조치를 생각하고 있을 걸로 알고 있습니다. 그런데 문제는 이럴 경우에 소상공인의 피해도 우려되기 때문에 그렇습니다. 그걸 이제 어떻게 잘 아우를까 하는 게 제 숙제가 될 겁니다.◎김용준: 지금 잠깐 언급하셨던 맥락에서 한 번 더 여쭤보고 싶은 게 있어요. 그러면 우리가 지금 생활 속에서 이 쿠팡이라는 시스템과 상당히 밀접해져 있잖아요. 그런데 당장 지금 탈퇴한다든지 빠져나오려고 하지만 사실상 쿠팡을 대체할 수 있는 플랫폼이 마땅치 않다 보니까 뭐 로켓 배송, 빠른 반품 뭐 등등등. 결국은 다시 돌아갈 가능성이 큰 게 지금 현실 아니겠습니까? 쿠팡과 어떻게 보면 종속적인 관계가 된 듯한 상황인 것 같은데, 여기에 대해 진단을 하신다면요?▼김승주: 사실은 굉장히 중요한 부분이고요. 옛날에 우리가 카카오톡 먹통 사태 났을 때도 이런 비슷한 얘기가 있었고.◎김용준: 아, 그러네요.▼김승주: 얼마 전에 국정자원관리원 화재 났을 때도 또 나라가 다 서버렸죠. 그래서 외국에서는 디지털 독과점 서비스와 사이버 보안을 같이 봅니다. 그래서 평상시에 이런 디지털 독과점이 안 일어나게 하고 만약에 이게 일어날 기미가 보이면 거기에 대해서 사이버 보안 관리를 굉장히 엄격하게 하도록 요구를 하거든요. 그런데 우리나라는 사실 그러지 못했죠. 그래서 지금부터라도 우리나라 전체 디지털 서비스 중에 디지털 독과점에 해당하는 것이 과연 어떤 거냐. 그래서 그런 것들에 대해서는 이제 어떤 식으로 우리가 이걸 관리해 나갈까. 이런 것들을 좀 제도화해 나갈 필요가 있습니다.◎김용준: 사실상 국민 메신저다, 사실상 국민 이커머스다, 한다면 거기에 맞는 별도의 강화된 보안 체계를 적용해야 된다. 이런 말씀이신 것 같습니다. 개인정보 관련해서 또 종합적으로 한번 보겠습니다. 지금 CG가 하나 나올 텐데요. 이게 지금 저의 1년 동안의 피해 사례를 정리한 건 줄 알았습니다. 올해 있었던 굵직한 유출 사고 목록들인데 SKT 해킹, KT 무단 소액 결제 사건, 롯데카드 개인정보 유출, 그리고 이번 쿠팡까지요. 이게 지금 통계를 보니까 지난 10년 동안 유출된 한국인의 개인 정보가 1인당 평균 6~7회에 달한다. 그러면 사실상 내 정보는 그냥 공공재인가. 이 유사한 사고의 반복들의 근본적인 문제는 뭔가요?▼김승주: 지금 화면에도 조금 전에 2025년 정보 유출 사건 이렇게 되어 있었죠. 많은 분들이 올해 왜 이렇게 해킹 사고 많이 나는 거야, 이렇게 얘기를 하세요.◎김용준: 그러게요.▼김승주: 그런데 올해 많이 나는 게 아니고 올해 많이 보도된 겁니다.◎김용준: 아, 그래요?▼김승주: SK텔레콤은 2021년에 최초로 뚫렸죠. 우리가 4년 동안 모른 겁니다. 예를 들어 KT 사건도 훨씬 전에 뚫렸었죠.◎김용준: 그러네요.▼김승주: 롯데카드도 8년 동안 보안 취약점이 방치되고 있다가 이번에 그걸 안 겁니다. 우리 정부의 온나라시스템도 뚫린 지 3년이 됐었죠. 그래서 이미 뚫리고 있었는데 우린 안전하다는 착각 속에 있다가 SK텔레콤 해킹 사고가 크게 보도되니까 기업들이 '야, 우리도 한 번 더 점검해 봐.' 이러면서 모르던 게 발견됐다. 이렇게 보시는 게 정확하고요. 그러면 우리는 그동안 모른 채 당했으니까, 앞으로는 이 모든 것들을 재정비해야 되는 숙제가 남은 거죠.◎김용준: 지금. 이 쿠팡 사고만 봤을 때는 2차 피해 우려에 대한 어떤 걱정들을 계속 하십니다. 어떤 게 제일 우려되시고 예방법은 뭐가 있을까 싶습니다.▼김승주:일단 스미싱이 가장 큰 문제입니다.◎김용준: 스미싱..▼김승주:지금 오늘 보도를 보니까 열흘간 쿠팡 관련 스미싱만, 지금 뭐 292건이 나왔다고 그러거든요. 앞으로 이런 건 굉장히 많아질 겁니다. 그래서 일단은 쿠팡 관련한 내용이 들어오는데, 거기에 인터넷 주소 링크가 있어서 어떤 프로그램을 설치하도록 유도하더라. 이러면 절대로 그걸 누르시면 안 될 거고요. 전화 관련해서도 그냥 무시하시는 게 좋을 것 같습니다.◎김용준: 네. 다음 주에 그 국회에서 열리는 쿠팡 청문회에도 교수님이 참고인으로 출석하시고, 지난 9월에 청문회에서도 어떤 우려를 표하셨는데, 이번에 국회 청문회에서는 어떤 점을 좀 중점적으로 다뤄야겠다 싶으세요?▼김승주:이제 국회에서 계신 분들이 사이버 보안 전문가가 아니시다 보니까, 이렇게 좀 유도해서 이렇게 질문을 몰아가는 부분이 좀 약하신 것 같았어요. 그래서 이번에는 현안 질의한 걸 바탕으로 하셔서 조금 이제 말을 안 하려는 걸 유도하시려는 그런 노력이 좀 필요할 것 같고요. 그리고 제가 예전에 사이버 3축 체계 관련해서 말씀을 드린 적이 있습니다. 이게 일본의 능동 사이버 법안을 우리가 벤치마킹할 필요가 있다라고 말씀드린 건데요. 우리가 선제적으로 해킹이 일어날 징후를 먼저 탐지하고, 그리고 평상시에 뭐 IMSP 인증 제도 이런 것들을 잘 관리해서 방어 체계를 잘 만들고, 그다음에 최종적으로는 해외 공조를 통해서, 이런 해킹이 다시는 안 발생하도록, 어떤 원천을 무력화시키는 게 좋겠어. 그래서 이런 어떤 제도도 일본을 '벤치마킹'해서 우리가 좀 만들 필요가 있을 것 같아 보입니다.◎김용준: 국방 군사 분야에서 강조되는 그 3축 체계만큼. 이 사이버의 3축 체계 탐지하고, 방어했으면, 그걸 또 무력화하는 이런 시스템을 좀 사용하는 것이 좋겠다.라는 조언까지 한번 들어봤습니다. 고려대 정보보호대학원 김승주 교수와 쿠팡 사태 관련 말씀 나눠봤습니다. 고맙습니다.▼김승주:감사합니다.◎김용준: 12월 11일 목요일 사사건건은 여기까지입니다. 시청해 주신 여러분 고맙습니다.■ 제보하기▷ 전화 : 02-781-1234, 4444▷ 이메일 : kbs1234@kbs.co.kr▷ 카카오톡 : 'KBS제보' 검색, 채널 추가▷ 네이버, 유튜브에서 KBS뉴스를 구독해주세요!"
https://n.news.naver.com/mnews/article/014/0005447874?sid=105,2025-12-11 18:44:19,IT/과학,LGU+ 기후대응 리더십 2년 연속 A,"글로벌 ESG 평가 CDP서 획득태양광 도입 등 탄소 감축 호평LG유플러스는 탄소정보공개프로젝트(CDP) 기후변화 대응 부문 평가에서 2년 연속으로 최고 등급인 '리더십 A'를 획득했다고 11일 밝혔다.CDP는 매년 전 세계 주요 기업의 기후변화 대응전략과 온실가스 감축 활동을 점검하는 글로벌 평가다.기업의 환경 관련 경영정보 분석 보고서를 발간해 전 세계 금융기관의 환경·사회·지배구조(ESG) 기업 평가와 투자를 지원한다.세계 2만4000여개 기업의 기후변화 대응 노력과 온실가스 배출량 정보, 감축 성과 등 환경 관련 경영정보를 수집해 거버넌스·리스크·관리 등 5가지 영역에 따라 평가하고 있다.LG유플러스는 기후변화 관련 위험 및 기회 분석 고도화, 기후변화 대응 체계 구축, 자가 태양광 발전 도입, 탄소 중립 목표 고도화 등 탄소 중립 추진 활동으로 높은 평가를 받았다고 설명했다.LG유플러스는 지난 2013년 이래 매년 지속가능경영보고서를 발간해 ESG 관련 사항을 공개하고 있다. 또 이사회 산하에 ESG위원회를 설치해 기후변화 대응을 관리하고 있다.박경중 LG유플러스 대외협력담당은 ""세계적인 ESG 평가인 CDP에서 2년 연속 A등급을 받아 매우 뜻깊다""며 ""앞으로도 차별화된 기후 변화 대응 체계를 바탕으로 사회적 책임을 다하겠다""고 말했다."
https://n.news.naver.com/mnews/article/025/0003489274?sid=102,2025-12-11 20:00:00,사회,"부산대, ‘한국의 경영대상’ AI 혁신 부문 대상","오른쪽부터 부산대 최재원 총장, 한국능률협회 최권석 부회장부산대학교(최재원 총장)는 한국능률협회컨설팅(KMAC)이 주관하는 「2025 한국의 경영대상」 인공지능(AI) 혁신 부문에서 대학으로서는 유일하게 ‘대상’을 수상했다고 10일 밝혔다.‘한국의 경영대상’은 1988년 제정된 이래 올해 38회를 맞았다. 국내 최고 권위의 경영혁신 평가로, 매년 분야별로 탁월한 경영역량과 혁신성과를 창출한 기관·기업·공공기관 등을 선정해 시상하고 있다.특히, AI 산업화가 본격화되는 시점에서 올해 처음으로 ‘AI 혁신’ 부문이 신설됐으며, 수상기관 중 대학은 부산대가 유일하다. 시상식은 9일 오전 서울신라호텔에서 개최됐다.부산대는 지난 7월 개최한 ‘PNU AX 대전환’ 통합전략 발족식을 기점으로 교육·연구·행정 전 영역에 AI를 전면 도입하는 중장기 AX 전략을 수립해 추진하고 있다.대표적 성과로 △장영실 AI융합연구원 출범 △국립대 최초 자체 LLM 기반 ‘산지니 AI’ 개발 △전 구성원 및 지역사회 대상 생성형 AI 서비스 제공 등 대학 기반 AI 생태계 구축을 본격화했다.또한 △국내 최초 AI 통번역 스마트글라스 도입으로 교육·연구의 언어 장벽을 해소하고 △국내 최초로 대학 AI 인증제 추진하는 등 AI 기반 고등교육 혁신체계를 확대해 나가고 있다.이러한 성과를 기반으로 부산대는 대학 최초로 ‘AI 철학(AX Philosophy)’을 정립하고 AI를 대학 전반에 도입해 대학 AX를 선도하고 있다는 점에서 높은 평가를 받았다.이번 ‘2025 한국의 경영대상’에서는 AI 혁신 부문에서 부산대 외에 기업으로는 동원산업, GS칼텍스 등이 수상했으며, 인천국제공항공사와 IBK기업은행, LG U+, 한국전력공사 등 총 17개 기업·기관(Management 영역 8개, Practice 영역 8개, Report 영역 1개, 최고경영자상 1개)이 각 부문에서 수상했다.이번 한국의 경영대상 수상의 영예를 안은 부산대 최재원 총장은 “AI는 단순한 기술혁신을 넘어 국가 경쟁력을 좌우하는 구조적 변화의 중심에 있다”며 “부산대는 이러한 흐름을 정확히 읽고, 대학의 모든 영역을 AI 기반으로 재설계하는 ‘PNU AX 대전환’을 통해 고등교육 혁신의 새로운 기준을 만들고 있다”고 전했다.최재원 총장은 또 “이번 수상은 부산대가 추진해 온 AI 전환 노력이 외부로부터 공식적으로 인정받았다는 점에서 큰 의미가 있다”며 “이제 대학은 더 이상 변화의 관찰자가 되어서는 안 된다. 부산대는 AI 기반의 대전환을 통해 새로운 대학의 역할을 정의하고, 대한민국 고등교육 혁신을 주도하는 책임 있는 대학이 되겠다”고 강조했다."
https://n.news.naver.com/mnews/article/277/0005692675?sid=105,2025-12-12 09:00:00,IT/과학,"교사 행정업무 AI로 줄인다…LG U+, 제주교육청과 시범사업 추진","AI 기반 교원 행정업무 경감 시범사업 추진시범학교 10곳 선정…행정업무 경감 사업 진행학교 행정에 'U+슈퍼스쿨' 활용출결·문서·상담·소통 업무 지원LG유플러스는 제주특별자치도교육청과 '인공지능(AI) 기반 교원 행정업무 경감 시범사업'을 위한 업무협약(MOU)을 체결했다고 12일 밝혔다.이번 협약은 공교육 행정 환경의 디지털 전환을 촉진하고 교사가 수업과 학생 지도에 집중할 수 있도록 지원하기 위한 취지로 체결됐다.LG유플러스는 제주특별자치도교육청과 '인공지능(AI) 기반 교원 행정업무 경감 시범사업'을 위한 업무협약(MOU)을 체결했다고 12일 밝혔다. 제주특별자치도교육청사에서 진행된 협약식에서 임장혁 LG유플러스 기업고객그룹장(왼쪽)과 김광수 제주특별자치도교육감이 기념촬영을 하고 있다. LG유플러스 제공제주도교육청은 관내 초·중·고 가운데 10개 시범학교를 선정하고 LG유플러스는 2026학년도에 AI 기반 교사 행정관리 서비스 'U+슈퍼스쿨'을 제공한다. 시범학교는 교내 시스템 구축 과정 없이 웹 기반 플랫폼을 통해 출결 관리, 상담기록, 문서 생성, 가정통신문 발송 등 교사의 반복적 업무를 통합 환경에서 처리할 수 있다.시범학교에서 활용하는 U+슈퍼스쿨은 LG의 초거대 언어모델 '엑사원(EXAONE)' 기반 AI 에이전트를 탑재한 학교 행정관리 솔루션으로, 반복적이고 비효율적인 행정업무를 AI 기술로 효율화하는 것을 목표로 한다. U+슈퍼스쿨에 탑재된 AI 에이전트는 교사의 실제 행정 과정을 이해하고 돕는 데 초점을 맞췄으며, 이를 통해 교사는 본연의 역할인 수업과 학생 지도에 집중할 수 있다는 게 LG유플러스의 설명이다.LG유플러스는 제주 도내 시범 운영을 통해 확보한 기능 개선 요구와 현장 데이터를 바탕으로 교육 분야 전문업체인 슈퍼스쿨과 서비스를 고도화할 계획이다.임장혁 LG유플러스 기업고객그룹장(전무)은 ""U+슈퍼스쿨은 학교 행정 전반을 디지털 기반으로 통합해 교사가 반복 업무에 소요하던 시간을 줄일 수 있도록 설계된 서비스""라며 ""제주특별자치도교육청과의 협력을 시작으로 공교육 현장에서 실제 도움이 되는 AI 에듀테크 서비스로 확대해 나가겠다""고 말했다."
https://n.news.naver.com/mnews/article/008/0005290980?sid=105,2025-12-12 09:00:00,IT/과학,"LGU+, 제주교육청과 AI 기반 교원 행정업무 경감 시범사업","제주특별자치도교육청사에서 진행된 협약식에서 임장혁 LG유플러스 기업고객그룹장(왼쪽)과 김광수 제주특별자치도교육감이 기념촬영을 하고 있다. /사진=LG유플러스LG유플러스가 제주특별자치도교육청과 'AI(인공지능) 기반 교원 행정업무 경감 시범사업'을 위한 업무협약(MOU)을 체결했다고 12일 밝혔다. 이번 협약은 공교육 행정 환경의 디지털 전환을 촉진하고, 교사가 수업과 학생 지도에 집중할 수 있도록 지원하기 위한 취지다.제주특별자치도교육청은 관내 초·중·고 가운데 10개 시범학교를 선정하고, LG유플러스는 2026학년도에 AI 기반 교사 행정관리 서비스 'U+슈퍼스쿨'을 제공한다. 시범학교는 교내 시스템 구축 과정 없이 웹 기반 플랫폼을 통해 출결관리, 상담기록, 문서 생성, 가정통신문 발송 등 교사의 반복적 업무를 통합 환경에서 처리할 수 있다.시범학교에서 활용하는 U+슈퍼스쿨은 교사의 업무 효율을 혁신적으로 높이기 위해 LG 초거대 언어모델 '엑사원(EXAONE)' 기반 AI 에이전트를 탑재한 차세대 학교 행정관리 솔루션으로, 반복적이고 비효율적인 행정업무를 AI 기술로 효율화하는 것을 목표로 한다.U+슈퍼스쿨에 탑재된 AI 에이전트는 교사의 실제 행정 과정을 이해하고 돕는 데 초점을 맞췄으며, 교사는 본연의 역할인 수업과 학생 지도에 집중할 수 있다.LG유플러스는 제주 도내 시범 운영을 통해 확보한 기능 개선 요구와 현장 데이터를 바탕으로 교육분야 전문업체인 슈퍼스쿨과 서비스를 단계적으로 고도화할 계획이다.임장혁 LG유플러스 기업고객그룹장(전무)은 ""U+슈퍼스쿨은 학교 행정 전반을 디지털 기반으로 통합해 교사가 반복 업무에 소요하던 시간을 줄일 수 있도록 설계된 서비스""라며 ""이번 협력을 시작으로 공교육 현장에서 실제 도움이 되는 AI 에듀테크 서비스로 확대해 나가겠다""고 말했다."
https://n.news.naver.com/mnews/article/016/0002571025?sid=105,2025-12-12 09:01:18,IT/과학,"LGU+·제주교육청, AI로 교원 행정업무 부담 낮춘다","시범학교 10곳 선정, 학교행정에 ‘U+슈퍼스쿨’ 활용엑사원으로 출결·문서·상담·소통 업무 통합 지원제주특별자치도교육청사에서 진행된 협약식에서 임장혁(왼쪽) LG유플러스 기업고객그룹장과 김광수 제주특별자치도교육감이 기념촬영을 하고 있는 모습. [LG유플러스 제공][헤럴드경제=박혜림 기자] LG유플러스가 인공지능(AI)을 활용해 학교 행정 관리의 디지털 전환을 돕는다.LG유플러스는 제주특별자치도교육청과 ‘AI 기반 교원 행정업무 경감 시범사업’을 위한 업무협약(MOU)을 체결했다고 12일 밝혔다.이번 협약은 공교육 행정 환경의 디지털 전환을 촉진하고, 교사가 수업과 학생 지도에 집중할 수 있도록 지원하기 위한 취지다.제주특별자치도교육청은 관내 초·중·고 가운데 10개 시범학교를 선정하고, LG유플러스는 2026학년도에 AI 기반 교사 행정관리 서비스 ‘U+슈퍼스쿨’을 제공한다. 시범학교는 교내 시스템 구축 과정 없이 웹 기반 플랫폼을 통해 출결관리, 상담기록, 문서 생성, 가정통신문 발송 등 교사의 반복적 업무를 통합 환경에서 처리할 수 있다.시범학교에서 활용하는 U+슈퍼스쿨은 교사의 업무 효율을 혁신적으로 높이기 위해 LG 초거대 언어모델 ‘엑사원’(EXAONE) 기반 AI 에이전트를 탑재한 차세대 학교 행정관리 솔루션이다. 반복적이고 비효율적인 행정업무를 AI 기술로 효율화하는 것을 목표로 한다. U+슈퍼스쿨에 탑재된 AI 에이전트는 교사의 실제 행정 과정을 이해하고 돕는 데 초점을 맞췄다. 교사는 본연의 역할인 수업과 학생 지도에 집중할 수 있다.LG유플러스는 제주 도내 시범 운영을 통해 확보한 기능 개선 요구와 현장 데이터를 바탕으로 교육분야 전문업체인 (주)슈퍼스쿨과 서비스를 단계적으로 고도화할 계획이다.임장혁 LG유플러스 기업고객그룹장(전무)은 “U+슈퍼스쿨은 학교 행정 전반을 디지털 기반으로 통합해 교사가 반복 업무에 소요하던 시간을 줄일 수 있도록 설계된 서비스”라며 “제주특별자치도교육청과의 협력을 시작으로 공교육 현장에서 실제 도움이 되는 AI 에듀테크 서비스로 확대해 나가겠다”고 말했다."
https://n.news.naver.com/mnews/article/003/0013653999?sid=105,2025-12-12 09:06:13,IT/과학,"LGU+, 교사 행정 업무 부담 덜어준다…제주교육청과 AI 업무협약","LGU+, AI 기반 교원 행정업무 경감 시범사업제주 협력 시작으로 AI 에듀 테크 서비스 확대[서울=뉴시스] LG유플러스는 제주교육청과 인공지능(AI) 기반 교원 행정업무 경감 시범사업을 위한 업무협약(MOU)을 체결했다고 12일 밝혔다. 사진은 제주교육청사에서 진행된 협약식에서 임장혁 LG유플러스 기업고객그룹장(왼쪽)과 김광수 제주교육감이 기념촬영을 하고 있는 모습. 2025.12.12. photo@newsis.com *재판매 및 DB 금지[서울=뉴시스]박은비 기자 = LG유플러스는 제주교육청과 인공지능(AI) 기반 교원 행정업무 경감 시범사업을 위한 업무협약(MOU)을 체결했다고 12일 밝혔다.이번 협약은 공교육 행정 환경의 디지털 전환을 촉진하고, 교사가 수업과 학생 지도에 집중할 수 있도록 지원하기 위해 추진됐다.제주교육청은 관내 초·중·고 가운데 10개 시범학교를 선정하고, LG유플러스는 내년 AI 기반 교사 행정관리 서비스 U+ 슈퍼스쿨을 제공한다. 시범학교는 교내 시스템 구축 과정 없이도 웹 기반 플랫폼을 통해 출결 관리, 상담 기록, 문서 생성, 가정통신문 발송 등 교사의 반복적 업무를 통합 환경에서 처리할 수 있게 한다.시범학교에서 활용하는 U+슈퍼스쿨은 LG 엑사원(EXAONE) 기반 AI 에이전트를 탑재한 차세대 학교 행정관리 솔루션이다. 반복적이고 비효율적인 행정업무를 AI 기술로 효율화하는 게 목표다. U+슈퍼스쿨에 탑재된 AI 에이전트는 교사의 실제 행정 과정을 이해하고 돕는 데 초점을 맞췄다.LG유플러스는 제주 도내 시범 운영으로 확보한 기능 개선 요구와 현장 데이터를 바탕으로 교육분야 전문업체인 슈퍼스쿨과 서비스를 단계적으로 고도화할 계획이다.임장혁 LG유플러스 기업고객그룹장(전무)은 ""U+슈퍼스쿨은 학교 행정 전반을 디지털 기반으로 통합해 교사가 반복 업무에 소요되던 시간을 줄일 수 있도록 설계된 서비스""라며 ""제주교육청과의 협력을 시작으로 공교육 현장에서 실제 도움이 되는 AI 에듀테크 서비스로 확대해 나가겠다""고 말했다."
https://n.news.naver.com/mnews/article/031/0000988667?sid=105,2025-12-12 09:40:08,IT/과학,"LGU+, 제주도교육청과 AI 기반 교원 행정 경감 시범사업 추진","10개교 대상 'U+슈퍼스쿨' 시범 도입…""AI로 교사 업무 효율화""LG유플러스는 12일 제주특별자치도교육청과 'AI 기반 교원 행정업무 경감 시범사업'을 위한 업무협약(MOU)을 체결했다.사진은 제주특별자치도교육청사에서 진행된 협약식에서 임장혁 LG유플러스 기업고객그룹장(왼쪽)과 김광수 제주특별자치도교육감이 기념촬영을 하고 있는 모습. [사진=LGU+]이번 협약은 공교육 현장의 디지털 전환을 가속하고, 교사가 수업과 학생 지도에 집중할 수 있도록 반복적 행정업무를 줄이기 위한 목적이다. 시범사업은 제주도 내 초·중·고 10개교를 대상으로 진행되며, LG유플러스는 오는 2026학년도에 AI 기반 교사 행정관리 서비스 'U+슈퍼스쿨'을 제공한다.'U+슈퍼스쿨'은 LG유플러스의 초거대 언어모델 '엑사원(EXAONE)' 기반의 AI 에이전트를 탑재한 차세대 학교 행정관리 솔루션이다. 별도 시스템 구축 없이 웹 기반 플랫폼에서 △출결관리 △상담기록 △문서 생성 △가정통신문 발송 등 반복적 업무를 통합 처리할 수 있도록 지원한다. 특히 교사의 실제 행정 흐름을 이해하고 돕는 AI 기술을 활용해 교사 본연의 역할인 교육과 학생 지도에 집중할 수 있도록 설계됐다.LG유플러스는 이번 시범운영을 통해 확보한 현장 피드백과 기능 개선 요구를 바탕으로, 교육 분야 전문기업 슈퍼스쿨과 함께 서비스를 단계적으로 고도화할 계획이다.임장혁 LG유플러스 기업고객그룹장(전무)은 ""U+슈퍼스쿨은 학교 행정 전반을 디지털 기반으로 통합해 교사의 반복 업무 부담을 줄이도록 설계된 서비스""라며 ""제주특별자치도교육청과의 협력을 시작으로 공교육 현장에 실질적인 도움을 주는 AI 에듀테크 서비스로 확대해 나가겠다""고 말했다."
https://n.news.naver.com/mnews/article/421/0008657297?sid=105,2025-12-12 09:58:36,IT/과학,"교사 행정 업무 줄인다…LGU+, AI 기반 행정관리 시범사업","제주교육청과 시범학교 10곳 선정해 행정업무 경감 사업 추진제주특별자치도교육청사에서 진행된 협약식에서 임장혁 LG유플러스 기업고객그룹장(왼쪽)과 김광수 제주특별자치도교육감이 기념촬영을 하고 있는 모습. (LGU+ 제공)(서울=뉴스1) 이기범 기자 = 교사가 수업과 학생 지도에 집중할 수 있도록 인공지능(AI) 기반 행정 관리 서비스가 도입된다.LG유플러스(032640)는 제주특별자치도교육청과 'AI 기반 교원 행정업무 경감 시범사업'을 위한 업무협약(MOU)을 체결했다고 12일 밝혔다.제주특별자치도교육청은 관내 초중고 중 10개 시범학교를 선정하고, LG유플러스는 AI 기반 교사 행정관리 서비스 'U+슈퍼스쿨'을 제공한다. 별도 시스템 구축 과정 없이 웹 기반 플랫폼을 통해 출결 관리, 상담 기록, 문서 생성, 가정통신문 발송 등 교사의 반복적 업무를 통합 환경에서 처리할 수 있는 점이 특징이다.LG 그룹의 초거대 언어모델 '엑사원' 기반 AI 에이전트를 탑재한 학교 행정 설루션은 교사의 실제 행정 과정을 이해하고 돕는 데 초점을 맞춰 반복적이고 비효율적인 행정 업무를 AI 기술로 효율화하는 것을 목표로 한다.LG유플러스는 시범 운영을 통해 확보한 기능 개선 요구와 현장 데이터를 바탕으로 교육 분야 전문업체인 슈퍼스쿨과 서비스를 고도화할 계획이다.임장혁 LG유플러스 기업고객그룹장(전무)은 ""제주특별자치도교육청과의 협력을 시작으로 공교육 현장에서 실제 도움이 되는 AI 에듀테크 서비스로 확대해 나가겠다""고 말했다."
https://n.news.naver.com/mnews/article/014/0005448083?sid=105,2025-12-12 10:34:21,IT/과학,"""교원 행정업무 부담 줄인다"" LG U+, 제주교육청과 시범사업","임장혁 LG유플러스 기업고객그룹장(왼쪽)과 김광수 제주특별자치도교육감이 제주특별자치도교육청사에서 진행된 협약식에서 기념촬영을 하고 있다. LG유플러스 제공[파이낸셜뉴스] LG유플러스는 제주특별자치도교육청과 ‘인공지능(AI) 기반 교원 행정업무 경감 시범사업’을 위한 업무협약(MOU)을 체결했다고 12일 밝혔다. 이번 협약은 공교육 행정 환경의 디지털 전환을 촉진하고, 교사가 수업과 학생 지도에 집중할 수 있도록 지원하기 위한 취지다.제주특별자치도교육청은 관내 초·중·고 가운데 10개 시범학교를 선정하고, LG유플러스는 2026학년도에 AI 기반 교사 행정관리 서비스 ‘U+슈퍼스쿨’을 제공한다. 시범학교는 교내 시스템 구축 과정 없이 웹 기반 플랫폼을 통해 출결관리, 상담기록, 문서 생성, 가정통신문 발송 등 교사의 반복적 업무를 통합 환경에서 처리할 수 있다.시범학교에서 활용하는 U+슈퍼스쿨은 교사의 업무 효율을 혁신적으로 높이기 위해 LG 초거대 언어모델 ‘엑사원’ 기반 AI 에이전트를 탑재한 차세대 학교 행정관리 솔루션으로, 반복적이고 비효율적인 행정업무를 AI 기술로 효율화하는 것을 목표로 한다. U+슈퍼스쿨에 탑재된 AI 에이전트는 교사의 실제 행정 과정을 이해하고 돕는 데 초점을 맞췄으며, 교사는 본연의 역할인 수업과 학생 지도에 집중할 수 있다.LG유플러스는 제주 도내 시범 운영을 통해 확보한 기능 개선 요구와 현장 데이터를 바탕으로 교육분야 전문업체인 슈퍼스쿨과 서비스를 단계적으로 고도화할 계획이다.임장혁 LG유플러스 기업고객그룹장(전무)은 “U+슈퍼스쿨은 학교 행정 전반을 디지털 기반으로 통합해 교사가 반복 업무에 소요하던 시간을 줄일 수 있도록 설계된 서비스”라며 “제주특별자치도교육청과의 협력을 시작으로 공교육 현장에서 실제 도움이 되는 AI 에듀테크 서비스로 확대해 나가겠다”고 말했다."
https://n.news.naver.com/mnews/article/016/0002571274?sid=105,2025-12-12 11:41:06,IT/과학,"LGU+, AI로 제주도 교원 업무부담 낮춘다","시범학교 10곳 ‘U+슈퍼스쿨’ 지원임장혁(왼쪽) LG유플러스 기업고객그룹장과 김광수 제주특별자치도교육감이 기념촬영을 하고 있는 모습. [LG유플러스 제공]LG유플러스가 인공지능(AI)을 활용해 학교 행정 관리의 디지털 전환을 돕는다.LG유플러스는 제주특별자치도교육청과 ‘AI 기반 교원 행정업무 경감 시범사업’을 위한 업무협약(MOU)을 체결했다고 12일 밝혔다.이번 협약은 공교육 행정 환경의 디지털 전환을 촉진하고, 교사가 수업과 학생 지도에 집중할 수 있도록 지원하기 위한 취지다.제주특별자치도교육청은 관내 초·중·고 가운데 10개 시범학교를 선정하고, LG유플러스는 2026학년도에 AI 기반 교사 행정관리 서비스 ‘U+슈퍼스쿨’을 제공한다. 시범학교는 교내 시스템 구축 과정 없이 웹 기반 플랫폼을 통해 출결관리, 상담기록, 문서 생성, 가정통신문 발송 등 교사의 반복적 업무를 통합 환경에서 처리할 수 있다.시범학교에서 활용하는 U+슈퍼스쿨은 교사의 업무 효율을 혁신적으로 높이기 위해 LG 초거대 언어모델 ‘엑사원’(EXAONE) 기반 AI 에이전트를 탑재한 차세대 학교 행정관리 솔루션이다.LG유플러스는 제주 도내 시범 운영을 통해 확보한 기능 개선 요구와 현장 데이터를 바탕으로 교육분야 전문업체인 ㈜슈퍼스쿨과 서비스를 단계적으로 고도화할 계획이다. 박혜림 기자"
https://n.news.naver.com/mnews/article/003/0013654622?sid=101,2025-12-12 12:00:00,경제,"""LGU+ 이동통신 피해구제 신청 가장 많아…합의율은 KT 1위""","한국소비자원 이동통신 관련 피해 구제 신청 집계 결과(사진=한국소비자원 제공) *재판매 및 DB 금지[서울=뉴시스]이주혜 기자 = 한국소비자원은 이동통신 서비스와 관련해 LG유플러스(LGU+)의 피해구제 신청이 가장 많았으며 SK텔레콤, KT가 뒤를 이었다고 12일 밝혔다.한국소비자원에 따르면 2022년부터 올해 6월까지 최근 3년간 한국소비자원에 접수된 이동통신 관련 피해구제 신청은 총 3314건으로 집계됐다.2022년 956건, 2023년 866건, 2024년 862건이다.특히 올해 상반기에만 630건이 접수돼 전년 동기(458건) 대비 약 37.6% 증가했다.최근 1년간(2024년~2025년 6월) 접수된 이동통신 관련 피해구제 신청 1492건을 사업자별로 분석한 결과, 주요 3개 사업자가 94.2%(1406건)를 차지했다.가입자 100만 명당 피해구제 신청은 LG유플러스가 30.1건으로 가장 많았다. 이어 SK텔레콤 27.9건, KT 24.6건의 순이다.3개 사업자의 평균 합의율은 60.6%였다.사업자별로는 KT가 70.5%로 가장 높았고, 이어 SK텔레콤 57.6%, LG유플러스 56.1%로 나타났다.주요 3개 사업자의 신청 이유별 비중을 살펴보면, SK텔레콤은 보조금 미지급 또는 환수 등 '계약불이행'이 28.2%(188건)로 상대적으로 높았다.KT와 LG유플러스는 해지누락·직권해지 등 '부당행위'가 각각 27.8%(103건), 27.9%(103건)로 비교적 높았다.한국소비자원은 지난달 이동통신 주요 3개 사업자와 간담회를 통해 이동통신 분야 소비자 피해 감축 및 합의율 제고 방안을 논의하고 사업자에게 계약 체결 시 기기대금, 요금제, 위약금 등 중요 내용에 대한 정보제공을 강화할 것을 권고했다.한국소비자원 관계자는 ""소비자들은 계약 체결 전 스마트폰 구입과 이동통신 이용 거래조건을 구분해 꼼꼼히 살펴보고 계약 체결 시 기기대금·할부기간·약정기간·요금제·위약금 등 중요 내용이 계약서에 포함됐는지 확인할 필요가 있다""면서 ""계약 체결 후 계약 해지 또는 부가서비스 해지를 신청한 경우 정상적으로 해지 처리됐는지 확인해야 한다""고 말했다."
https://n.news.naver.com/mnews/article/056/0012084790?sid=101,2025-12-12 12:00:15,경제,“이동통신 피해구제신청 LGU+가 가장 많고 합의율 낮아”,"이동통신 서비스를 해지할 때 과도한 위약금을 물리거나 해지를 신청해도 누락시키는 등 피해가 늘어 주의가 필요합니다.한국소비자원은 지난해부터 올해 6월까지 이동통신 관련 피해 구제 신청이 1천 4백여 건 접수되었는데, 특히 올해 상반기에 630건이 들어와 지난해 같은 기간에 비해 37% 증가했다고 오늘(12일) 밝혔습니다.접수된 피해 구제 신청을 사업자별로 보면, 엘지유플러스가 가입자 100만 명당 30.1건으로 가장 많았고 SK텔레콤이 27.9건, 케이티가 24.6건으로 뒤를 이었습니다.또 이렇게 신청한 소비자 가운데 피해 구제에 합의한 건수를 보여주는 ‘합의율’은 케이티가 70.5%로 가장 높았고, SK텔레콤이 57.6%, 엘지유플러스 56.1%로 나타났습니다.피해 구제를 신청한 이유를 보면, 1천 4백여 건 가운데 450여 건이 ‘계약 해지 시 위약금 과다’로 나타나 가장 많았습니다.그다음으로는 SK텔레콤의 경우 보조금 미지급이나 환수 등 ‘계약 불이행’으로 인한 구제 신청이 188건으로 나타나 상대적으로 높았고, 케이티와 엘지유플러스는 해지 누락이나 직권해지 등 ‘부당 행위’가 103건씩으로 집계돼 비중이 비교적 높았습니다.한국소비자원은 소비자 피해를 줄이고 합의율을 높이기 위해, 이동통신 주요 사업자 세 곳에는 계약 체결 시 기기값과 요금제, 위약금 등 중요 내용에 대한 정보제공을 강화할 것을 권고했다고 밝혔습니다.또 소비자에게는 계약하기 전에 스마트폰 구입과 이동통신 이용 거래조건을 구분해 꼼꼼히 살피고, 계약서에 기기 값과 할부 기간, 약정기간, 요금제·위약금 등이 모두 적혀 있는지 확인할 것, 그리고 계약을 해지하거나 부가서비스를 해지 신청한 경우 정상적으로 해지 처리됐는지 확인하라고 당부했습니다.■ 제보하기▷ 전화 : 02-781-1234, 4444▷ 이메일 : kbs1234@kbs.co.kr▷ 카카오톡 : 'KBS제보' 검색, 채널 추가▷ 네이버, 유튜브에서 KBS뉴스를 구독해주세요!"
https://n.news.naver.com/mnews/article/092/0002402163?sid=105,2025-12-12 12:35:10,IT/과학,"LGU+, 제주 초·중·고 10곳에 ‘U+슈퍼스쿨’ 도입","출결·문서·상담·소통 업무 등 통합 지원LG유플러스는 제주특별자치도교육청(제주교육청)과 ‘AI 기반 교원 행정업무 경감 시범사업’을 위한 업무협약을 체결했다고 12일 밝혔다. 이번 협약은 공교육 행정 환경의 디지털 전환을 촉진하고, 교사가 수업과 학생 지도에 집중할 수 있도록 지원하기 위한 취지다.제주교육청은 관내 초·중·고 가운데 10개 시범학교를 선정하고, LG유플러스는 2026학년도에 AI 기반 교사 행정관리 서비스 ‘U+슈퍼스쿨’을 제공한다. 시범학교는 교내 시스템 구축 과정 없이 웹 기반 플랫폼을 통해 출결관리·상담기록·문서 생성 등 교사의 반복적 업무를 통합 환경에서 처리할 수 있다.제주특별자치도교육청사에서 진행된 협약식에서 임장혁 LG유플러스 기업고객그룹장(왼쪽)과 김광수 제주특별자치도교육감이 기념촬영을 하고 있는 모습. (제공=LG유플러스)U+슈퍼스쿨은 교사의 업무 효율을 높이기 위해 LG 초거대 언어모델 ‘엑사원’ 기반 AI 에이전트를 탑재한 차세대 학교 행정관리 솔루션이다. 반복적이고 비효율적인 행정업무를 AI 기술로 효율화하는 것을 목표로 한다. U+슈퍼스쿨에 탑재된 AI 에이전트는 교사의 실제 행정 과정을 이해하고 돕는 데 초점을 맞췄다.LG유플러스는 제주 도내 시범 운영을 통해 확보한 기능 개선 요구와 현장 데이터를 바탕으로 교육분야 전문업체인 슈퍼스쿨과 서비스를 단계적으로 고도화할 계획이다.임장혁 LG유플러스 기업고객그룹장은 “U+슈퍼스쿨은 학교 행정 전반을 디지털 기반으로 통합해 교사가 반복 업무에 소요하던 시간을 줄일 수 있도록 설계된 서비스”라며 “제주교육청과의 협력을 시작으로 공교육 현장에서 실제 도움이 되는 AI 에듀테크 서비스로 확대해 나가겠다”고 말했다."
https://n.news.naver.com/mnews/article/056/0012084828?sid=105,2025-12-12 12:52:38,IT/과학,"“이동통신 피해구제 신청, LGU+ 최다…합의율은 최저”","이동통신 서비스를 해지할 때 과도한 위약금을 물리는 등 소비자 피해가 늘고 있습니다.한국소비자원은 지난해부터 올해 6월까지 이동통신 관련 피해 구제 신청이 천 4백여 건 접수됐고, 올해 상반기에는 630건이 들어와 지난해 같은 기간보다 37% 늘었다고 밝혔습니다.접수된 피해 구제 신청은 엘지유플러스가 가입자 백만 명당 30.1건으로 가장 많았고, 피해 구제 합의율은 가장 낮았습니다.피해 유형은 계약을 해지할 때 과도한 위약금을 물리는 경우가 가장 많았고, 해지를 누락하는 경우도 있었습니다.소비자원은 이동통신 사업자 세 곳에 위약금 등 정보제공 강화를 권고했습니다.■ 제보하기▷ 전화 : 02-781-1234, 4444▷ 이메일 : kbs1234@kbs.co.kr▷ 카카오톡 : 'KBS제보' 검색, 채널 추가▷ 네이버, 유튜브에서 KBS뉴스를 구독해주세요!"
https://n.news.naver.com/mnews/article/032/0003414861?sid=101,2025-12-12 15:00:00,경제,"이통 3사 중 피해구제 신청 가장 많고, 합의율 가장 낮은 곳은 어디?","100만명 당 피해 신청건 LGU+ 최다···SKT, KT순평균 합의율 60.6%···LGU+ 56%로 최저소비자원A씨는 2024년 10월 이동통신 판매점에서 스마트폰을 구입한 뒤 이동통신서비스 이용에 관한 계약을 맺었다. 3개월 뒤인 2025년 1월 A씨가 자신에게 맞는 요금제로 변경하자 판매점은 위약금을 35만원이나 부과했다.최근 이동통신서비스 관련 소비자 피해가 급증하는 가운데 LG유플러스의 이동통신 서비스의 피해가 가장 많았고 합의율은 가장 낮았다. SK텔레콤은 보조금 미지급 또는 환수 등 계약불이행이 상대적으로 많아 주의가 요구된다.한국소비자원은 12일 이동통신서비스 피해 예방주의보를 발령했다.소비자원에 따르면 지난 2022년부터 올해 상반기까지 최근 3년간 접수된 이동통신 관련 피해구제 신청 건수는 2022년 956건에서 2023년 866건, 2024년 862건에 이어 올해 상반기에는 630건을 기록했다.특히 최근 1년간 접수된 이동통신 관련 피해구제 신청 1492건을 사업자별로 분석한 결과 주요 3개 사업자(SK텔레콤·LG유플러스·KT)가 94.2%(1406건)를 차지했다.가입자 100만 명당 피해구제 신청은 LG유플러스가 30.1건으로 가장 많았고, 이어 SK텔레콤 27.9건, KT 24.6건의 순이었다.3개 사업자의 평균 합의율은 60.6%였으며 사업자별로는 KT가 70.5%로 가장 높았고 SK텔레콤(57.6%), LG유플러스(56.1%)가 뒤를 이었다.신청 이유는 사업자별로 달랐다. SK텔레콤은 보조금 미지급 또는 환수 등 ‘계약불이행’이 28.2%(188건)로 상대적으로 많았고, KT와 LG유플러스는 해지누락·직권해지 등 ‘부당행위’가 각각 27.8%, 27.9%를 차지했다.소비자원은 피해 예방을 위해 계약 체결 전 스마트폰 구입과 이동통신 이용 거래조건을 구분해 꼼꼼히 살필 것, 계약 체결 시 기기대금·할부기간·약정기간·요금제·위약금 등 중요 내용이 계약서에 포함됐는지 확인할 것, 계약 체결 후 계약 해지 또는 부가서비스 해지를 신청한 경우 정상적으로 해지 처리됐는지 확인할 것 등을 당부했다.소비자원소비자원"
https://n.news.naver.com/mnews/article/123/0002373727?sid=004,2025-12-12 16:11:10,,"“AI가 행정 돕고 교사는 수업만”…LGU+, 제주교육청과 MOU","◆…제주특별자치도교육청사에서 진행된 협약식에서 임장혁 LG유플러스 기업고객그룹장(왼쪽)과 김광수 제주특별자치도교육감이 기념촬영을 하고 있는 모습. 사진=LG유플러스 제공LG유플러스가 교원 행정 부담을 줄이기 위해 제주특별자치도교육청과 인공지능(AI) 기반 행정지원 시범사업을 추진한다.LG유플러스는 제주특별자치도교육청과 AI 기반 교원 행정업무 경감 시범사업 업무협약을 체결했다고 12일 밝혔다. 이번 협약은 공교육 행정의 디지털 전환을 가속하고 교사가 수업과 학생 지도에 집중할 수 있는 환경을 마련하기 위한 취지다.양측은 제주 지역 초·중·고 10곳을 시범학교로 선정해 2026학년도부터 LG유플러스의 AI 행정관리 서비스 U+슈퍼스쿨을 도입한다. 교사는 별도 시스템 구축 없이 웹 기반 플랫폼에서 출결 관리, 상담 기록, 문서 작성, 가정통신문 발송 등 반복 업무를 통합 처리할 수 있다.U+슈퍼스쿨은 LG의 초거대 언어모델 엑사원 기반 AI 에이전트를 탑재해 교원의 업무 효율을 높이는 것이 특징이다. 교사의 실제 행정 절차를 학습한 AI가 문서 작성과 상담 기록 등 반복 업무를 보조해 교사가 수업과 학생 지도에 집중할 수 있도록 한다.이번 시범사업은 정부가 추진하는 교원 행정업무 경감 정책과도 맞물린다. 교육부는 올해 초 교원 행정 부담 완화를 위해 민간 디지털 기술 도입을 늘리겠다는 방침을 밝힌 바 있다. OECD 통계에 따르면 국내 교사는 주당 평균 14시간 이상을 행정 업무에 쓰고 있어 디지털 행정 지원의 필요성이 꾸준히 제기돼 왔다.LG유플러스는 제주 지역 시범 운영으로 확보한 데이터와 기능 개선 의견을 반영해 교육 전문기업 슈퍼스쿨과 함께 서비스를 고도화할 계획이다. 향후 타 지역 교육청으로의 확대도 검토하고 있다.통신업계에서는 공교육 현장을 중심으로 AI 행정지원 경쟁이 본격화하고 있다. SK텔레콤은 AI 상담·행정 챗봇을 일부 교육청과 시범 운영 중이며 KT는 학교 업무 자동화 솔루션을 개발해 공공시장 진출을 준비하고 있다. LG유플러스의 시범사업은 교육행정 분야에서 AI 생태계를 확장하려는 전략으로 해석된다.임장혁 LG유플러스 기업고객그룹장(전무)은 ""U+슈퍼스쿨은 학교 행정을 디지털 기반으로 통합해 교사의 업무 부담을 줄이도록 설계된 서비스""라며 ""제주교육청 협력을 시작으로 공교육 현장에 실질적인 변화를 가져오는 AI 에듀테크 서비스로 발전시키겠다""고 말했다."
https://n.news.naver.com/mnews/article/008/0005291215?sid=105,2025-12-12 16:27:07,IT/과학,"""AI 가장 잘 쓰는 나라 만든다""…'K-문샷' 쏘고 세계 10위권 도전","과기정통부 2026년 업무 보고 (종합)배 부총리 ""정부·민간 역량 총결집… AI 3대 강국 도약""보안 사고 책임 철저히 ""해킹과 전면전""""과학기술에 AI 접목해 '세계 최고' 성과 낼 것""배경훈 부총리 겸 과학기술정보통신부 장관이 12일 세종시 정부세종청사에서 2026년 업무보고 주요내용을 발표하고 있다. /사진=뉴시스과학기술정보통신부(이하 과기정통부)가 '세계에서 가장 AI(인공지능)를 잘 쓰는 나라'를 목표로 내년 35조 5000억원에 이르는 R&D(연구·개발)를 총괄한다.배경훈 부총리 겸 과학기술정보통신부(이하 과기정통부) 장관은 12일 대통령 업무보고 후 정부세종청사에서 열린 과기정통부 브리핑에서 ""정부와 민간의 역량을 총결집해 국민이 체감할 수 있는 성과와 변화를 만들겠다""며 이같은 목표를 밝혔다.과기정통부는 이날 AI 3대 강국 도약, 과학기술 강국 실현이라는 국정과제를 토대로 이날 4대 전략, 12대 핵심 과제를 발표했다.━범국가적 AI 전환 추진━과기정통부 2026년 전략 및 과제 /사진=과기정통부배 부총리는 ""대통령께서도 AI를 잘 활용하는 것이 중요하다고 말씀하셨다. 국민이 AI를 잘 사용하는 것도 중요하지만 산업계의 AX(AI 전환)를 위해 AI를 잘 활용하는 것도 중요하다""고 했다.'국가대표 AI'로 알려진 '독자 AI 파운데이션 모델 프로젝트'는 내년 1월까지 1차 개발을 완료해 상반기 내 오픈소스로 공개할 예정이다. 배 부총리는 ""2차 평가가 종료되는 내년 6월엔 세계 10위권에 진입할 정도의 성능이 나올 것으로 본다. 1차 개발도 굉장히 잘 진행되고 있어서 1차 결과만으로도 (10위권 입성이) 가능하지 않을까 기대한다""고 했다.과학기술 연구에도 AI를 적극적으로 도입한다. 배 부총리는 ""과학기술 6대 분야(△바이오 △지구과학 △수학 △재료·화학 △반도체·디스플레이 △이차전지)를 중심으로 각 분야에 특화된 AI 파운데이션 모델을 만들 것""이라며 ""우리 연구계가 AI와 함께 더 높은 수준의 연구 성과를 만드는 데 과기정통부가 방점을 찍고 집중적으로 추진하고자 한다""고 했다.아울러 국가 양자컴퓨터를 2028년까지 조기 개발한다고 했다. 배 부총리는 ""GPU(그래픽처리장치)만으로는 고전력이 필요한 연산 방식을 지속하는 데 한계가 있다고 본다. 이를 보완하기 위해 양자 기반의 기술 확보가 필요하다. 굉장히 빠르게 양자 기술을 대한민국이 주도할 수 있는 환경을 만들 것""이라고 했다. 양자컴 개발과 관련한 종합 계획은 내년 1월 발표할 예정이다.━해킹과의 전면전 선포━이재명 대통령이 12일 세종시 정부세종컨벤션센터에서 열린 과학기술정보통신부·개인정보보호위원회 업무보고에서 발언하고 있다. /사진=대통령실통신사진기자단3대 이동통신사(SKT·KT·LGU+), 쿠팡 해킹 사고와 관련 개인정보 유출에 대한 국민적 불안감이 커진 것과 관련, 정부는 이날 '해킹과의 전면전'을 선포했다.배 부총리는 ""정보 보안은 AI 시대의 기본""이라며 ""만연한 보안 불감증에 빠져 보안 사고를 반복하는 기업에 대해서는 매출액의 3%까지 징벌적 과징금을 부과하고 해킹과의 전면전을 위한 정부의 보안 역량도 더욱 강화할 것""이라고 했다. 다만 신설 제도는 통상 입법 절차를 거쳐 공포 6개월 후에 시행되기 때문에 본격적으로 효력을 발휘하기까지는 시일이 소요될 전망이다.아울러 KT·쿠팡 해킹 사건에 투입된 민관 합동 조사단의 인력이 규모에 비해 턱없이 모자라 조사에 차질이 있다는 지적에 대해서는 ""침해 정보에 대응하는 과의 인력이 3명 늘었고 이번 예산 확대를 통해 정보보호와 관련된 예산이 크게 늘었다. 침해 조사를 담당하는 KISA(한국인터넷진흥원)의 인력과 시설을 대폭 보강할 계획""이라고 밝혔다.아울러 기업의 CEO(최고경영자)가 보안 사고 발생 시 책임을 지도록 법령상으로 명문화하는 한편, 보안최고책임자가 주요 IT자산을 식별·관리하고 이사회에 정기 보고하도록 제도를 만들 방침이다. 아울러 국민이 해킹 사실을 즉시 인지할 수 있도록 해킹 발생 사업자의 이용자 통지를 의무화하고 AI 기반의 위협 공유체계(AI_ISAC)를 구축할 계획이다.━K-문샷 프로젝트 추진… 국가과학자는 '석학' 선발━배경훈 부총리 겸 과학기술정보통신부 장관이 12일 세종시 정부세종청사에서 2026년 업무보고 주요내용을 발표하고 있다. /사진=뉴시스배 부총리는 ""과학기술 핵심 분야에서의 AI 전환을 성공하느냐, 못하느냐에 대한민국의 미래를 가를 것으로 본다""며 ""AI 연구동료 개발 프로젝트와 더불어 K-문샷 프로젝트를 하나의 미션으로 추진할 것""이라고 했다.'AI 연구동료'는 연구자를 도와 연구 데이터를 수집·분석, 논문 작성까지 돕는 AI 모델을 말한다. 'K-문샷 프로젝트'는 과학기술·국가적 난제 해결을 위한 임무 중심 R&D 프로젝트다. 2030년까지 최고 기술 보유국(미국) 대비 기술 수준을 기존 81.5%에서 85%까지 끌어올리는 걸 목표로 신약, 휴머노이드, 청정에너지 등 전략기술 분야에 AI를 접목해 성과를 낸다는 계획이다.또 우리나라를 대표하는 석학을 선발해 국가적으로 예우하는 '국가과학자' 제도는 내년부터 석학 20명을 선발하는 것으로 확정됐다. 2030년까지 총 100명을 선발할 계획이다. 젊은 과학자를 추가 선발하는 '젊은 국가과학자' 사업은 불발됐다. 배 부총리는 이와 관련해 ""내년에는 우선 기획하는 단계로 진행하기로 했다""고 밝혔다.아울러 과학기술 정부출연연구기관은 국가 과학 난제 해결을 위한 '임무 중심 연구소'로 개편한다. 출연연 주도로 국민 체감 성과 20개를 2026년까지 확보할 계획이다. 또 성과 창출 환경을 조성하기 위해 우수 출연연 연구팀 100팀에 최대 1억2000만원의 인센티브를 지급하는 인센티브 제도를 내년 도입한다."
https://n.news.naver.com/mnews/article/437/0000468581?sid=101,2025-12-12 16:50:10,경제,"[단독] 정부, 통신사 '아파트 전기 무단 사용' 전수조사 착수...""전액 보상 방침""","정부가 아파트나 빌라 주민들 몰래 공용전기 관리비에 부과돼온 통신사·인터넷서비스제공사업자들의 분배기 이용 요금에 대해 전액 보상하기 위한 전수조사에 착수했습니다.과학기술정보통신부는 무단으로 공용전기를 사용해온 통신사업자(KT·SKB·LGU+)와 인터넷사업자(LG헬로비전), 그리고 한국통신사업자연합회(KTOA)가 참여하는 '인터넷 분배기 전기료 미지급 관련 실태조사 TF(전기료 미지급 실태조사 TF)'를 구성했다고 밝혔습니다. 과기부는 업체들 현장 조사로 미지급 실태를 파악한 뒤 무단으로 부과돼온 전기료 전액을 보상하게 할 방침입니다.전기료 미지급 실태조사 TF는 지난달 11일 출범했습니다. 지난 10월 28일 JTBC 보도로 10년 넘게 방치된 공용전기 무단 사용 문제가 알려지고 2주 뒤입니다. 이들 업체는 아파트나 빌라, 상가 건물 공용부에 인터넷 속도를 일정하게 하기 위한 분배기를 설치해놓고도 전기 계량·정산을 하지 않고 주민 관리비에 떠넘겨왔습니다.10여 년 전 국회와 언론의 지적이 잇따르자 업체들은 관련 문제를 정비하겠다고 밝혔습니다. 하지만 건물 공용전기료 담당자를 파악할 수 있는 시스템을 마련하지 않고 10년째 방치해온 것으로 드러났습니다.업체들은 해당 건물에 계량기를 설치해 한전에 자동으로 납부하거나, 각 건물에 설치 시 주민들과 '통신설비 설치 및 인입동의서'를 체결해 매달 나가는 전기요금을 정산해줬어야 합니다. 지난해 기준 100억~400억원대 요금이 이렇게 정산됐는데, 어디에서 얼마나 무단으로 사용해왔는지 아직 그 규모도 파악되지 않았습니다.TF 출범 이후 업체들은 시범적으로 지난 한 달간 먼저 수도권(서울·인천·수원·김포) 18개 행정동 1500여 곳 건물을 돌며 부당하게 전기요금을 부담해온 주민들을 찾아갔습니다. 관리비 납부 담당자 등을 파악하는 작업부터 진행한 겁니다. 해당하는 건물 출입구에는 '통신 공용설비 현황 파악 조사 페이지' 안내 QR코드가 들어간 공문도 부착하고 있습니다. QR코드를 통해 안내되는 온라인 양식에 인적사항 등을 기입하면 업체들이 확인을 거쳐 그간 무단으로 부과돼온 전기료를 입금해줄 방침입니다. 한 통신사 관계자는 ""분배기가 설치된 곳들 중 관리사무소가 없는 소규모 건물의 경우, 빌라 대표 등이 공용전기료를 담당하는데 담당자가 바뀌면 누락되는 문제가 반복돼왔다""라고 해명했습니다.과기부는 연합회와 사업자들이 지난 한 달간 현장 조사를 통해 파악한 자료를 토대로 가장 효율적인 보상 방법을 찾을 계획입니다. 과기부 통신자원정책과 관계자는 ""그간 업체들이 파악한 데이터를 통합·공유하고, 22일 시작하는 2차 TF를 통해 구체적인 가이드라인과 체크리스트를 정리해 전국으로 조사를 확산할 예정""이라고 밝혔습니다.아파트나 빌라·상가 등 건물에서 관리비 납부를 맡고 있는 담당자들은 아래 링크를 통해 건물과 인적사항을 입력하면, 각 통신·인터넷사업자 확인을 통해 보상 대상 여부와 규모를 회신받을 수 있습니다.☞ https://m.site.naver.com/1VrTO"
https://n.news.naver.com/mnews/article/030/0003380167?sid=105,2025-12-12 18:28:18,IT/과학,"LGU+ 컨슈머 조직, 상암사옥으로 모인다","LG유플러스LG유플러스 컨슈머 부문 조직이 상암사옥으로 이전한다. 산재한 컨슈머 조직을 한데 모아 시너지를 도모한다는 구상이다.12일 LG유플러스에 따르면 회사 컨슈머부문 사업조직 전체가 내년 2월 상암사옥에 입주한다.이번 컨슈머 부문 이동은 각 부서의 업무 특성과 협업 구조를 종합적으로 고려해 추진됐다.조직 간 원활한 소통이 가능하도록 배치를 조정하는 한편, 일부 사옥의 과밀화를 완화해 안전 관련 리스크도 줄어들 것으로 기대된다.특히 서울역·마곡·용산사옥에 분산돼 있던 컨슈머 부문 조직을 상암사옥으로 배치함으로써, 협업 과정에서 발생하던 물리적 거리로 인한 업무 수행의 불편을 줄이고 업무 효율을 높일 수 있을 전망이다.LG유플러스는 새롭게 이동하는 상암사옥 근무자들의 편의를 위해 지하철 역과 상암사옥 간 출퇴근 셔틀버스 운영 등 근무 환경 개선에 나설 예정이다.경기도 주요 거점에서 상암사옥으로 이동하는 통근버스 운영도 검토하고 있다. 또한 상암사옥 직장 어린이집도 확대할 방침이다.LG유플러스는 “상암사옥 전체를 재정비해 임직원들의 업무 불편해결에 집중해 나갈 계획”이라고 밝혔다."
https://n.news.naver.com/mnews/article/422/0000811701?sid=101,2025-12-12 20:14:07,경제,"[오늘의 생활경제] ""해지 못 해줘""…이동통신 피해구제 신청, LGU+ 최다 外","알아두면 유용한 경제이야기, 오늘의 생활경제 시작합니다.<1> 최근 이동통신사들의 정보 유출 문제로 계약 해지 고민하시는 분들 계실 텐데요.계약 해지 과정에서 과도한 위약금을 물리는 등 소비자 피해가 늘고 있어 주의가 필요해 보입니다.한지이 기자가 보도합니다.<2> 신혼부부 수가 매년 줄어들고 있습니다.지난해 결혼한 지 5년이 안 된 신혼부부는 95만 쌍으로, 2년 연속 100만 쌍을 밑돌았습니다.평균 자녀 수도 0.61명으로 역대 최저 수준입니다.배시진 기자입니다.<3> 쿠팡이 유료 멤버십인 '와우 멤버십' 해지 단계를 간소화한 것으로 확인됐습니다.유통업계에 따르면 쿠팡은 오늘(12일) 자사 앱에서 와우 회원의 멤버십 해지 과정을 두 단계로 축소했습니다.앞서 개인정보보호위원회를 비롯한 정부 당국은 쿠팡이 와우 멤버십 회원들의 빠른 해지와 탈퇴를 어렵게 만든 것은 부적절하다고 지적했습니다.당국의 지적 이후 쿠팡은 탈퇴 단계도 6단계에서 4단계로 간소화했습니다.연합뉴스TV 기사문의 및 제보 : 카톡/라인 jebo23"
https://n.news.naver.com/mnews/article/422/0000811734?sid=101,2025-12-12 23:19:08,경제,"""해지 못 해줘""…이동통신 피해구제 신청, LGU+ 최다","[앵커]최근 이동통신사들의 정보 유출 문제로 계약 해지 고민하시는 분들 계실 텐데요.계약 해지 과정에서 과도한 위약금을 물리는 등 소비자 피해가 늘고 있어 주의가 필요해 보입니다.한지이 기자가 보도합니다.[기자]이동통신 서비스 해지 과정에서 과도한 위약금을 물리거나, 해지 신청을 접수하고도 처리가 누락되는 사례가 잇따르고 있습니다.한국소비자원에 따르면 지난해부터 올해 6월까지 접수된 이동통신 관련 피해구제 신청은 1,400여건.올해 상반기에만 630건이 접수되며 지난해 같은 기간보다 37% 증가했습니다.접수된 피해 구제 신청은 LG유플러스가 가입자 100만 명당 30.1건으로 가장 많았은데, 정작 피해 구제 합의율은 가장 낮은 것으로 나타났습니다.사업자별로 SK텔레콤은 보조금 미지급이나 환수 등 ‘계약 불이행’ 사례가 상대적으로 많았고, KT와 LG유플러스는 해지 누락이나 직권해지 등 ‘부당 행위’가 각각 높은 비중을 보였습니다.한국소비자원은 스마트폰 구입 조건을 꼼꼼히 확인하고 해지 신청 후 정상 처리 여부를 반드시 점검해야 한다고 소비자들에게 당부했습니다.<이찬향 / 한국소비자원 정보통신팀장> “스마트폰 매매할 때 기기대금하고 할부기간 이런 이동통신 관련해서 또 이제 약정기간 요금제 이런 부분도 꼭 확인하는 게 좋습니다. 페이백이라고 해서 보상 환급이 있어요. 미끼가 될 수 있으니까…”그러면서 이동통신 3사에 기기값, 위약금 등 주요 내용을 계약 단계에서 명확히 안내하라고 권고했습니다.연합뉴스TV 한지이입니다.[영상편집 김은채][그래픽 전해리 박주혜]#한국소비자원 #KT #LG유플러스 #SK텔레콤 #이동통신피해연합뉴스TV 기사문의 및 제보 : 카톡/라인 jebo23"
https://n.news.naver.com/mnews/article/003/0013656325?sid=105,2025-12-14 09:00:00,IT/과학,"LGU+, '구글 AI 프로' 상품 출시…제미나이·나노바나나 모두 제공","국내 통신사 최초 구글 AI 프로 제휴…전용 요금제로도 이용 가능이달 30일까지 구글 AI 프로 가입 시 월 1만4500원으로 50% 할인[서울=뉴시스]LG유플러스가 국내 통신사 최초로 '구글 AI 프로(Google AI Pro)' 제휴 상품을 출시했다. 사진은 LG유플러스 직원이 구글 AI 프로를 소개하고 있는 모습. (사진=LG유플러스 제공)[서울=뉴시스]윤현성 기자 = LG유플러스가 국내 통신사 최초로 '구글 AI 프로(Google AI Pro)' 제휴 상품을 출시했다고 14일 밝혔다.LG유플러스 고객이라면 누구나 30일까지 '구글 AI 프로' 모바일 부가서비스 가입 시 50% 할인된 월 1만4500원에 구글의 AI 서비스 제미나이 3와 클라우드 저장공간 2TB를 이용할 수 있다. 제미나이 3는 AI 모델 대상으로 진행한 2026 수학능력시험 풀이에서 1위를 차지해 화제가 된 바 있다.구글 AI 프로는 ▲제미나이 3 ▲나노 바나나 프로(특화된 이미지 생성 모델) ▲플로우&위스크(동영상 제작 도구) ▲딥 리서치(전문적인 수준의 보고서 작성 가능) ▲노트북LM(리서치 및 학습 도구) ▲2TB 클라우드 저장 공간 등 구글의 핵심 AI 기능과 모델을 이용할 수 있는 월정액 상품이다.LG유플러스는 구글과의 긴밀한 협업을 바탕으로 국내 통신사 중 유일하게 구글 AI 프로 상품을 출시할 수 있게 됐다.구글 AI 프로는 부가 서비스 가입뿐만 아니라 모바일 전용 요금제로도 이용 가능하다. 너겟 요금제 중 너겟65(데이터 80GB, 월 6만5000원)와 너겟69(데이터 무제한, 월 6만900원)에 가입한 고객은 추가 비용 없이 사용할 수 있다. 데이터 무제한 5G 요금제 고객 역시 내년 1월부터 프리미어 서비스로 구글 AI 프로를 선택할 수 있다.LG유플러스의 구독 서비스인 유독에서는 타 통신사 고객도 구글 원을 가입할 수 있다. 유독에서는 구글 AI 프로와 22종의 라이프 혜택 구독 서비스를 월 2만9000원에 사용할 수 있다. 구글 AI 프로와 도미노피자 25%할인 혜택을 구독할 경우는 내년 6월30일까지 약 9000원이 할인된 1만9800원에 이용할 수 있다.LG유플러스 통합앱 U+One(유플러스원)에서 멤버십 혜택인 VIP콕으로 구글 AI 프로를 설정하면 매월 4000원을 추가로 할인 받아 월 1만5800원에 이용 가능하다.이밖에 LG유플러스는 신규 부가서비스 출시를 기념해 50% 할인된 가격에 구글 AI 프로를 제공하는 프로모션을 실시한다. 이번 달 30일까지 구글 AI 프로를 모바일 부가서비스로 가입한 고객은 50% 할인된 가격인 월 1만4500원에 이용할 수 있다. 50% 할인은 최대 2년 간 유지되며 가입 후 2년 경과 시 자동 해지된다.LG유플러스 관계자는 ""이번 구글 원 출시로 고객의 일상 속 필요한 디지털 서비스와 결합해 혜택을 드릴 수 있게 돼 매우 뜻깊다""며 ""앞으로도 구글과 지속적인 협업을 통해 고객의 편의성을 확대할 수 있는 다양한 서비스를 만들어 나갈 것""이라고 말했다."
https://n.news.naver.com/mnews/article/001/0015794803?sid=105,2025-12-14 09:00:04,IT/과학,"[AI픽] LGU+, '구글 AI 프로' 제휴 상품 출시","국내 통신사 최초…부가 서비스 가입 시 반값 이용(서울=연합뉴스) 조성미 기자 = LG유플러스가 국내 통신사 최초로 '구글 AI 프로' 제휴 상품을 출시했다고 14일 밝혔다.LG유플러스 가입자가 오는 30일까지 구글 AI 프로 모바일 부가 서비스에 가입하면 50% 할인된 월 1만4500원(최대 2년)에 제미나이3 등과 클라우드 저장공간 2TB를 이용할 수 있다.구글 AI 프로는 챗GPT를 능가한다는 평가를 받는 거대언어모델(LLM) 제미나이3, 이미지 생성 모델 나노 바나나 프로, 보고서 작성 모델 딥리서치 등을 제공하는 월 정액제 서비스다.제미나이3은 AI 모델 다수를 대상으로 진행한 2026 수학능력시험 풀이에서 1위를 차지해 화제가 되기도 했다.LG유플러스 너겟 요금제 중 너겟65·너겟69 가입자는 추가 비용 없이 쓸 수 있다.LG유플러스 통합 앱 유플러스원(U+One)에서 멤버십 혜택인 VIP콕으로 구글 AI 프로를 설정하면 매월 4천원이 추가 할인된다.LG유플러스, '구글 AI 프로' 제휴 상품 출시[LG유플러스 제공. 재판매 및 DB 금지]csm@yna.co.kr"
https://n.news.naver.com/mnews/article/629/0000453051?sid=105,2025-12-14 09:00:19,IT/과학,"LGU+, '구글 AI 프로' 제휴 상품 출시…제미나이 3 지원","나노바나나·클라우드 2TB 등 핵심 기능 제공오는 30일까지 가입 시 2년간 반값 할인LG유플러스가 국내 통신사 최초로 '구글 AI 프로(Google AI Pro)' 제휴 상품을 출시했다. /LG유플러스[더팩트｜우지수 기자] LG유플러스가 국내 통신사 중 처음으로 '구글 AI 프로' 제휴 상품을 선보인다고 14일 밝혔다. 구글의 최신 인공지능(AI) 모델과 클라우드 저장공간을 묶은 구독형 서비스다.이번 제휴 상품은 구글의 핵심 AI 기능을 월정액으로 이용할 수 있도록 구성됐다. 2026학년도 대학수학능력시험 풀이에서 AI 모델 중 1위를 차지한 '제미나이 3'를 비롯해 이미지 생성 모델 '나노 바나나 프로', 동영상 제작 도구 '플로우 앤 위스크' 등이 포함됐다. 전문적인 보고서 작성이 가능한 '딥 리서치'와 학습 도구 '노트북LM' 및 2테라바이트(TB) 클라우드 저장공간도 제공한다.LG유플러스는 신규 상품 출시를 기념해 가격 할인 행사를 진행한다. 오는 30일까지 모바일 부가서비스로 가입하는 고객은 월 1만4500원에 이용할 수 있다. 정상가 대비 50% 할인된 금액으로 가입 시점부터 최대 2년간 혜택이 유지된다.모바일 전용 요금제 가입자에게는 무료 제공 혜택도 준다. '너겟65'(월 6만5000원)와 '너겟69'(월 6만900원) 요금제 이용자는 추가 비용 없이 서비스를 쓸 수 있다. 데이터 무제한 5G 요금제 고객은 내년 1월부터 프리미엄 서비스 혜택으로 구글 AI 프로를 선택할 수 있게 된다.구독 플랫폼 '유독'을 이용하면 타 통신사 고객도 가입할 수 있다. 구글 AI 프로와 22종의 라이프 혜택을 묶어 월 2만9000원에 제공한다. 도미노피자 할인 혜택과 결합할 경우 내년 6월 말까지 1만9800원에 이용 가능하다. 멤버십 VIP 등급 고객은 통합 앱 'U+One'에서 혜택을 신청하면 월 4000원을 추가 할인받는다.LG유플러스 관계자는 ""이번 구글 원 출시로 고객의 일상 속 필요한 디지털 서비스와 결합해 혜택을 드릴 수 있게 돼 매우 뜻깊다""며 ""앞으로도 구글과 지속적인 협업을 통해 고객의 편의성을 확대할 수 있는 다양한 서비스를 만들어 나갈 것""이라고 말했다.발로 뛰는 더팩트는 24시간 여러분의 제보를 기다립니다.▶카카오톡: '더팩트제보' 검색▶이메일: jebo@tf.co.kr▶뉴스 홈페이지: http://talk.tf.co.kr/bbs/report/write"
https://n.news.naver.com/mnews/article/014/0005448446?sid=105,2025-12-14 09:01:13,IT/과학,"""국내 통신사 최초"" LG U+, ‘구글 AI 프로’ 상품 출시","LG유플러스 직원이 구글 AI 프로를 소개하고 있다. LG유플러스 제공[파이낸셜뉴스] LG유플러스는 국내 통신사 최초로 ‘구글 인공지능(AI) 프로’ 제휴 상품을 출시했다고 14일 밝혔다.LG유플러스 고객이라면 누구나 30일까지 ‘구글 AI 프로’ 모바일 부가서비스 가입 시 50% 할인된 월 1만 4500원에 구글의 AI 서비스 제미나이 3와 클라우드 저장공간 2테라바이트(TB)를 이용할 수 있다.‘구글 AI 프로’는 △제미나이 3 △나노바나나 프로(특화된 이미지 생성 모델) △플로우 앤 위스크(동영상 제작 도구) △딥 리서치(전문적인 수준의 보고서 작성 가능) △노트북LM(리서치 및 학습 도구) △2TB 클라우드 저장 공간 등 구글의 핵심 AI 기능과 모델을 이용할 수 있는 월정액 상품이다.국내 통신사가 구글 AI 프로 상품을 출시하는 건 이번이 처음이다.구글 AI 프로는 부가 서비스 가입뿐만 아니라, 모바일 전용 요금제로도 이용 가능하다. 너겟 요금제 중 너겟65(데이터 80GB, 월 6만5000원)와 너겟69(데이터 무제한, 월 6만900원)에 가입한 고객은 추가 비용 없이 사용할 수 있다. 데이터 무제한 5G 요금제 고객 역시 내년 1월부터 프미리어 서비스로 구글 AI 프로를 선택할 수 있다.LG유플러스의 구독 서비스인 ‘유독’에서는 타 통신사 고객도 구글 원을 가입할 수 있다. 유독에서는 구글 AI 프로와 22종의 라이프 혜택 구독 서비스를 월 2만9000원에 사용할 수 있다. 구글 AI 프로와 도미노피자 25%할인 혜택을 구독할 경우는 내년 6월 30일까지 약 9000원이 할인된 1만 9800원에 이용할 수 있다.LG유플러스 통합앱 유플러스원(U+One)에서 멤버십 혜택인 VIP콕으로 구글 AI 프로를 설정하면 매월 4000원을 추가로 할인 받아 월 1만 5800원에 이용 가능하다.이밖에 LG유플러스는 신규 부가서비스 출시를 기념해 50% 할인된 가격에 구글 AI 프로를 제공하는 프로모션을 실시한다. 이번 달 30일까지 구글 AI 프로를 모바일 부가서비스로 가입한 고객은 50% 할인된 가격인 월 1만4500원에 이용할 수 있다. 50% 할인은 최대 2년 간 유지되며, 가입 후 2년 경과 시 자동 해지된다.향후 LG유플러스는 구글과 협업을 통해 다양한 고객 편의 서비스를 선보일 계획이다. 앞서 유튜브를 통해 Z세대와 소통을 강화하는 쇼츠 페스티벌 등 협업을 진행한 바 있다."
https://n.news.naver.com/mnews/article/011/0004566978?sid=105,2025-12-14 09:01:14,IT/과학,"LG U+, 국내 통신사 최초 ‘구글 AI 프로’ 상품 출시",LG유플러스 직원이 구글 AI 프로를 소개하고 있다. 사진제공=LG유플러스[서울경제]LG유플러스가 국내 통신사 최초로 ‘구글 AI 프로(Google AI Pro)’ 제휴 상품을 출시했다고 14일 밝혔다.LG유플러스 고객이라면 누구나 30일까지 ‘구글 AI 프로’ 모바일 부가서비스 가입 시 50% 할인된 월 1만4500원에 구글의 AI 서비스 제미나이 3와 클라우드 저장공간 2TB를 마음껏 이용할 수 있다. ‘구글 AI 프로’는 △제미나이(Gemini) 3 △나노바나나 프로(특화된 이미지 생성 모델) △노트북LM (리서치 및 학습 도구) △2TB 클라우드 저장 공간 등 구글의 핵심 AI 기능과 모델을 이용할 수 있는 월정액 상품이다.LG유플러스는 구글과의 긴밀한 협업을 바탕으로 국내 통신사 중 유일하게 ‘구글 AI 프로’ 상품을 출시할 수 있게 됐다. 구글 AI 프로는 부가 서비스 가입뿐만 아니라 모바일 전용 요금제로도 이용 가능하다. 너겟 요금제 중 너겟65와 너겟69에 가입한 고객은 추가 비용 없이 사용할 수 있다. 데이터 무제한 5G 요금제 고객 역시 내년 1월부터 프미리어 서비스로 ‘구글 AI 프로’를 선택할 수 있다. LG유플러스의 구독 서비스인 ‘유독’에서는 타 통신사 고객도 구글 원 가입이 가능하다.LG유플러스 관계자는 “이번 구글 원 출시로 고객의 일상 속 필요한 디지털 서비스와 결합해 혜택을 드릴 수 있게 돼 매우 뜻깊다”며 “앞으로도 구글과 지속적인 협업을 통해 고객의 편의성을 확대할 수 있는 다양한 서비스를 만들어 나갈 것”이라고 말했다.
https://n.news.naver.com/mnews/article/421/0008659177?sid=105,2025-12-14 09:05:38,IT/과학,"LGU+, 구글 AI 프로 제휴 상품 출시…제미나이 3 지원","(LG유플러스 제공)(서울=뉴스1) 나연준 기자 = LG유플러스(032640)가 국내 통신사 최초로 '구글 AI 프로(Google AI Pro)' 제휴 상품을 출시했다고 14일 밝혔다.LG유플러스 고객이라면 누구나 30일까지 '구글 AI 프로' 모바일 부가서비스 가입 시 50% 할인된 월 1만4500원에 구글의 AI 서비스 제미나이 3와 클라우드 저장공간 2TB를 마음껏 이용할 수 있다.'구글 AI 프로'는 △제미나이 3 △나노 바나나 프로(특화된 이미지 생성 모델) △Flow & Whisk (동영상 제작 도구) △Deep Research (전문적인 수준의 보고서 작성 가능) △NotebookLM (리서치 및 학습 도구) △2TB 클라우드 저장 공간 등 구글의 핵심 AI 기능과 모델을 이용할 수 있는 월정액 상품이다.'구글 AI 프로'는 부가 서비스 가입뿐만 아니라, 모바일 전용 요금제로도 이용 가능하다. 너겟 요금제 중 너겟65(데이터 80GB, 월 6만 5000원)와 너겟69(데이터 무제한, 월 6만 900원)에 가입한 고객은 추가 비용 없이 사용할 수 있다. 데이터 무제한 5G 요금제 고객 역시 내년 1월부터 프미리어 서비스로 '구글 AI 프로'를 선택할 수 있다.LG유플러스의 구독 서비스인 '유독'에서는 타 통신사 고객도 구글 원을 가입할 수 있다. 유독에서는 구글 AI 프로와 22종의 라이프 혜택 구독 서비스를 월 2만 9000원에 사용할 수 있다. 구글 AI 프로와 도미노피자 25%할인 혜택을 구독할 경우는 내년 6월 30일까지 약 9000원이 할인된 1만 9800원에 이용할 수 있다.또 LG유플러스 통합앱 U+One(유플러스원)에서 멤버십 혜택인 VIP콕으로 '구글 AI 프로'를 설정하면 매월 4000원을 추가로 할인받아 월 1만 5800원에 이용 가능하다.이밖에 LG유플러스는 신규 부가서비스 출시를 기념해 50% 할인된 가격에 구글 AI 프로를 제공하는 프로모션을 실시한다. 이번 달 30일까지 구글 AI 프로를 모바일 부가서비스로 가입한 고객은 50% 할인된 가격인 월 1만 4500원에 이용할 수 있다. 50% 할인은 최대 2년간 유지되며, 가입 후 2년 경과 시 자동 해지된다.LG유플러스 관계자는 ""이번 구글 원 출시로 고객의 일상 속 필요한 디지털 서비스와 결합해 혜택을 드릴 수 있게 돼 매우 뜻깊다""며 ""앞으로도 구글과 지속적인 협업을 통해 고객의 편의성을 확대할 수 있는 다양한 서비스를 만들어 나갈 것""이라고 말했다."
https://n.news.naver.com/mnews/article/018/0006183024?sid=105,2025-12-14 09:36:11,IT/과학,"LG U+, 구글 AI 프로 제휴 상품 출시…제미나이·나노바나나 제공","국내 통신사중 첫 구글 AI 제휴 상품30일까지 50% 할인된 1만4500원에 이용 가능제미나이 3·나노 바나나, 2TB 클라우드 제공[이데일리 안유리 기자] LG유플러스(032640)가 국내 통신사 처음으로 ‘구글 AI 프로(Google AI Pro)’ 제휴 상품을 출시했다고 14일 밝혔다.LG유플러스 고객이라면 누구나 30일까지 ‘구글 AI 프로’ 부가서비스 가입 시 50% 할인된 월 1만4500원에 구글의 AI 서비스 제미나이 3와 클라우드 저장공간 2TB를 이용할 수 있다.제미나이 3는 AI 모델 대상으로 진행한 2026 수학능력시험 풀이에서 1위를 차지해 화제가 됐다.‘구글 AI 프로’는 △제미나이(Gemini) 3 △나노바나나 프로(특화된 이미지 생성 모델) △Flow & Whisk (동영상 제작 도구) △딥리서치(전문적인 수준의 보고서 작성 가능) 노트북LM (리서치 및 학습 도구) △2TB(테라바이트) 클라우드 저장 공간 등 구글의 핵심 AI 기능과 모델을 이용할 수 있는 월정액 상품이다.‘구글 AI 프로’는 부가 서비스 가입뿐만 아니라, 모바일 전용 요금제로도 이용 가능하다. 너겟 요금제 중 ‘너겟65’와 ‘너겟69’ 가입한 고객은 추가 비용 없이 사용할 수 있다. 데이터 무제한 5G 요금제 고객 역시 내년 1월부터 프미리어 서비스로 ‘구글 AI 프로’를 선택할 수 있다.LG유플러스의 구독 서비스인 ‘유독’에서는 타 통신사 고객도 구글 원을 가입할 수 있다. 유독에서는 구글 AI 프로와 22종 라이프 혜택 구독 서비스를 월 2만9000원에 사용할 수 있다. 구글 AI 프로와 도미노피자 25%할인 혜택을 구독할 경우는 내년 6월 30일까지 약 9000원이 할인된 1만 9800원에 이용할 수 있다. LG유플러스 통합앱 U+One(유플러스원)에서 멤버십 혜택인 VIP콕으로 ‘구글 AI 프로’를 설정하면 매월 4000원을 추가로 할인 받아 월 1만 5800원에 이용 가능하다.이밖에 LG유플러스는 신규 부가서비스 출시를 기념해 50% 할인된 가격에 구글 AI 프로를 제공하는 프로모션을 실시한다. 이번 달 30일까지 구글 AI 프로를 모바일 부가서비스로 가입한 고객은 50% 할인된 가격인 월 1만4500원에 이용할 수 있다. 50% 할인은 최대 2년 간 유 지되며, 가입 후 2년 경과 시 자동 해지된다.향후 LG유플러스는 구글과 협업을 통해 다양한 고객 편의 서비스를 선보일 계획이다. 앞서 유튜브를 통해 Z세대와 소통을 강화하는 쇼츠 페스티벌 등 협업을 진행한 바 있다.LG유플러스 관계자는 “이번 구글 원 출시로 고객의 일상 속 필요한 디지털 서비스와 결합해 혜택을 드릴 수 있게 돼 매우 뜻깊다”며 “앞으로도 구글과 지속적인 협업을 통해 고객의 편의성을 확대할 수 있는 다양한 서비스를 만들어 나갈 것”이라고 말했다."
https://n.news.naver.com/mnews/article/008/0005291487?sid=105,2025-12-14 09:49:43,IT/과학,"""월 1만4500원에 구글 '제미나이3' 프로+2TB 저장소까지 드려요""","LGU+, 국내 최초 '구글 AI 프로' 제휴 상품 출시LG유플러스가 국내 통신사 최초로 '구글 AI 프로' 제휴 상품을 출시했다. /사진=LGU+LG유플러스(LGU+)가 국내 통신사 최초로 '구글 AI(인공지능) 프로' 제휴 상품을 출시했다.LGU+는 이달 30일까지 '구글 AI 프로' 모바일 부가서비스에 가입하는 모든 사용자에게 50% 할인된 가격(월 1만4500원)으로 '제미나이 3'과 클라우드 저장공간 2TB(테라바이트)를 제공한다고 14일 밝혔다. 50% 할인된 가격은 최대 2년간 유지되며 가입 2년 후 자동 해지된다.구글 AI 프로는 △제미나이 3 △나노 바나나 프로(이미지 생성 모델) △플로우 앤 위스크(동영상 제작 도구) △딥 리서치(전문적 수준의 보고서 작성 도구) △노트북LM(리서치 및 학습 도구) △2TB 클라우드 저장 공간 등 구글 핵심 AI 기능과 모델을 이용할 수 있는 월정액 상품이다.구글 AI 프로는 모바일 전용 요금제로도 이용할 수 있다. 너겟 요금제 중 '너겟 65', '너겟 69' 가입자는 추가 비용 없이 사용할 수 있다. 데이터 무제한 5G 요금제 고객도 내년 1월부터 프리미어 서비스로 구글 AI 프로를 선택할 수 있다.타 통신사 가입자의 경우 LGU+ 구독 서비스인 '유독'을 통해 '구글 원'에 가입할 수 있다. 구글 AI 프로와 라이프 혜택 구독 서비스 22종을 월 2만9000원에 제공한다.LGU+ 통합앱 '유플러스원'(U+ One)에서 멤버십 혜택으로 구글 AI 프로를 설정하면 매월 4000원을 추가로 할인받을 수 있다.LGU+ 관계자는 ""구글과 지속적인 협업을 통해 고객의 편의성을 확대할 다양한 서비스를 만들 것""이라고 했다."
https://n.news.naver.com/mnews/article/241/0003483347?sid=105,2025-12-14 09:53:28,IT/과학,"LGU+, '구글 AI 프로' 제휴 상품 출시…통신사 최초","LG유플러스는 국내 통신사 최초로 '구글 AI 프로' 제휴 상품을 출시했다고 14일 밝혔다.LG유플러스 고객은 오는 30일까지 구글 AI 프로 모바일 부가 서비스 가입 시 50% 할인된 월 1만4500원에 구글의 AI 서비스 제미나이3와 클라우드 저장 공간 2TB를 이용할 수 있다. 제미나이3는 AI 모델 대상으로 진행한 2026 수학능력시험 풀이에서 1위를 기록한 바 있다.구글 AI 프로는 ▲제미나이3 ▲나노 바나나 프로(특화 이미지 생성 모델) ▲플로우&위스크(동영상 제작 도구) ▲딥 리서치(전문 수준 보고서 작성) ▲노트북LM(리서치 및 학습 도구) ▲2TB 클라우드 저장 공간 등 구글의 AI 기능과 모델을 이용할 수 있는 월정액 상품이다.구글 AI 프로는 모바일 전용 요금제로도 이용 가능하다. 너겟 요금제 중 '너겟65'(데이터 80GB, 월 6만5000원)와 '너겟69'(데이터 무제한, 월 6만900원)에 가입한 고객은 추가 비용 없이 사용할 수 있다. 데이터 무제한 5G 요금제 고객도 내년 1월부터 프미리어 서비스로 구글 AI 프로를 선택할 수 있다.LG유플러스의 구독 서비스인 '유독'에서는 타 통신사 고객도 가입할 수 있다. 구글 AI 프로와 22종의 라이프 혜택 구독 서비스를 월 2만9000원에 만나볼 수 있다.LG유플러스 관계자는 ""앞으로도 구글과 지속적인 협업으로 고객의 편의성을 확대할 수 있는 다양한 서비스를 만들어 나갈 것""이라고 말했다.정길준 기자 kjkj@edaily.co.kr"
https://n.news.naver.com/mnews/article/366/0001129962?sid=105,2025-12-14 10:05:06,IT/과학,"LG U+, ‘구글 AI 프로’ 제휴 상품 출시","/LG U+ 제공LG유플러스는 국내 통신사 최초로 ‘구글 AI 프로’ 제휴 상품을 출시했다고 14일 밝혔다.LG유플러스 고객이라면 누구나 30일까지 ‘구글 AI 프로’ 모바일 부가서비스 가입 시 50% 할인된 월 1만4500원에 구글의 AI 서비스 제미나이 3와 클라우드 저장공간 2TB를 마음껏 이용할 수 있다.‘구글 AI 프로’는 ▲제미나이3 ▲이미지 생성 모델 나노 바나나 프로 ▲보고서 작성 모델 딥리서치 등을 제공하는 월 정액제 상품이다. LG유플러스는 구글과의 긴밀한 협업을 바탕으로 국내 통신사 중 유일하게 ‘구글 AI 프로’ 상품을 출시할 수 있게 됐다.‘구글 AI 프로’는 부가서비스 가입뿐만 아니라, 모바일 전용 요금제로도 이용 가능하다. 너겟 요금제 중 너겟65(데이터 80GB, 월 6만5000원)와 너겟69(데이터 무제한, 월 6만900원)에 가입한 고객은 추가 비용 없이 사용할 수 있다. 데이터 무제한 5G 요금제 고객 역시 내년 1월부터 프미리어 서비스로 ‘구글 AI 프로’를 선택할 수 있다.LG유플러스는 신규 부가서비스 출시를 기념해 50% 할인된 가격에 구글 AI 프로를 제공하는 프로모션을 실시한다. 이번 달 30일까지 구글 AI 프로를 모바일 부가서비스로 가입한 고객은 50% 할인된 가격인 월 1만4500원에 이용할 수 있다. 50% 할인은 최대 2년간 유지되며, 가입 후 2년 경과 시 자동 해지된다."
https://n.news.naver.com/mnews/article/030/0003380274?sid=105,2025-12-14 10:52:15,IT/과학,"LGU+, '구글 AI 프로' 제휴상품 출시…제미나이3·나노 바나나 이용","LG유플러스 직원이 구글 AI 프로를 소개하고 있는 모습LG유플러스가 국내 통신사 최초로 '구글 AI 프로' 제휴 상품을 출시했다.LG유플러스 고객은 이달 30일까지 '구글 AI 프로' 모바일 부가서비스 가입시 50% 할인된 월 1만4500원에 구글의 AI 서비스 제미나이3와 클라우드 저장공간 2TB를 이용할 수 있다.'구글 AI 프로'는 제미나이3, 나노바나나 프로(특화된 이미지 생성 모델), Flow&Whisk(동영상 제작 도구), Deep Research(전문적인 수준의 보고서 작성 가능), NotebookLM (리서치 및 학습 도구), 2TB 클라우드 저장 공간 등 구글의 핵심 AI 기능과 모델을 이용할 수 있는 월정액 상품이다.LG유플러스는 구글과의 긴밀한 협업을 바탕으로 국내 통신사 중 유일하게 '구글 AI 프로' 상품을 출시할 수 있게 됐다.'구글 AI 프로'는 부가서비스 가입뿐만 아니라 모바일 전용 요금제로도 이용 가능하다.너겟 요금제 중 너겟65(데이터 80GB, 월 6만5000원)와 너겟69(데이터 무제한, 월 6만900원)에 가입한 고객은 추가 비용 없이 사용할 수 있다. 데이터 무제한 5G 요금제 고객 역시 내년 1월부터 프미리어 서비스로 '구글 AI 프로'를 선택할 수 있다.LG유플러스의 구독 서비스인 '유독'에서는 타 통신사 고객도 구글 원을 가입할 수 있다. 유독에서는 구글 AI 프로와 22종 라이프 혜택 구독 서비스를 월 2만9000원에 사용할 수 있다.또 LG유플러스 통합앱 U+One에서 멤버십 혜택인 VIP콕으로 '구글 AI 프로'를 설정하면 매월 4000원을 추가로 할인 받아 월 1만5800원에 이용 가능하다.이밖에 LG유플러스는 신규 부가서비스 출시를 기념해 50% 할인된 가격에 구글 AI 프로를 제공하는 프로모션을 실시한다.향후 LG유플러스는 구글과 협업을 통해 다양한 고객 편의 서비스를 선보일 계획이다.LG유플러스 관계자는 “이번 구글 원 출시로 고객의 일상 속 필요한 디지털 서비스와 결합해 혜택을 드릴 수 있게 돼 매우 뜻깊다”며 “앞으로도 구글과 지속적인 협업을 통해 고객의 편의성을 확대할 수 있는 다양한 서비스를 만들어 나갈 것”이라고 말했다."
https://n.news.naver.com/mnews/article/144/0001086028?sid=105,2025-12-14 10:57:10,IT/과학,"LG U+, 국내 통신사 최초 ‘구글 AI 프로’ 상품 출시","제미나이 3·나노 바나나 등 구글 AI 핵심 기능과 2TB 클라우드 저장 공간 제공LG유플러스가 국내 통신사 최초로 ‘구글 AI 프로’ 제휴 상품을 출시했다고 14일 밝혔다.구글 AI 프로는 챗GPT를 능가한다는 평가를 받는 거대언어모델(LLM) 제미나이3, 이미지 생성 모델 나노 바나나 프로, 보고서 작성 모델 딥리서치 등을 제공하는 월 정액제 서비스다.오는 30일까지 구글 AI 프로 모바일 부가 서비스에 가입하면 50% 할인된 월 1만4500원(최대 2년)에 제미나이3 등과 클라우드 저장공간 2TB를 이용할 수 있다.제미나이3은 AI 모델 다수를 대상으로 진행한 2026 수학능력시험 풀이에서 1위를 차지해 화제가 되기도 했다.LG유플러스 너겟 요금제 중 너겟65·너겟69 가입자는 추가 비용 없이 쓸 수 있다.LG유플러스 통합 앱 유플러스원(U+One)에서 멤버십 혜택인 VIP콕으로 구글 AI 프로를 설정하면 매월 4000원 추가 할인된다<생활경제부>"
https://n.news.naver.com/mnews/article/422/0000812001?sid=101,2025-12-14 11:01:17,경제,[기업기상도] 새 길 뚫어 맑은 기업 vs 허점 드러나 흐린 기업,"한 주 기업뉴스 리뷰 주간 기업기상도입니다.내부자의 소행으로, 해킹으로, 인공지능 오류로 한 주가 멀다하고 개인정보 새는 일이 줄을 잇고 있습니다.내 정보가 털려서 어디서 거래되는지도 알 길 없는 불안한 나날이 반복돼도 대책이 안 보인 한 주, 맑고 흐린 기업 찾아 기업기상도 출발합니다.이번 주 첫 맑은 기업 LG에너지솔루션으로 시작합니다.벤츠 전기차에 들어갈 대형 배터리 공급계약 추가 성공했습니다.벤츠와 이미 맺은 계약이 여러 개죠.작년 10월에도 8조, 지난 9월에도 15조짜리 대형 계약이 있었습니다.그런데 주목할 것은 이전 계약이 고가 고성능 모델용 원통형 대형 배터리였는데 이번엔 표준형, 중저가형 모델에 적합한 배터리란 겁니다.자국 정부의 지원 무기로 이 시장 장악해 온 중국업체와 정면 승부하게 된 겁니다.올라 칼레니우스 벤츠 회장이 앞서 지난달 LG에너지솔루션 외에 전자,디스플레이,이노텍 등 다른 LG 계열사와도 협력 논의했죠.중국 의존도 낮추고 검증된 공급선 찾으려는 벤츠의 의도와 맞아떨어진 겁니다.다음은 HD현대입니다.K-조선 들고 새 시장 찾아 인도로 갑니다.HD현대가 최근 인도 타밀나두주와 조선소 건설 위한 배타적 업무협약 맺었습니다.공개하진 않았지만, 인도 매체에선 이번 규모가 20억 달러란 보도 나왔습니다.2047년까지 세계 5위 조선, 해운국 되겠다는 인도가 세계 최선두 K-조선 대표를 파트너로 끌어들인 거죠.후보지 중 한 곳인 투투쿠디 지역은 기후가 울산과 유사하고 인근에 현대차, 삼성전자도 진출해 있는 곳입니다.인도 조선 시장은 2033년까지 연평균 60%씩 급성장이 전망된답니다.인도에서 새로운 성장동력을 마련할 것으로 기대되는 대목입니다.이제 흐린 기업입니다.이번 주도 쿠팡부터입니다.한국이 제재, 처벌이 약해 배상과 사과에 소극적 아니냔 지적 커지자, 미국서 집단소송이 추진됩니다.국내 로펌 미국 법인이 쿠팡 국내 법인과 미국 본사 상대로 미국 법원에서 징벌적 손해배상 청구하는 집단소송 계획 내놨습니다.국내 재판과는 별개인데요.쿠팡 이용 경험 있는 미국 거주자, 미국 시민도 원고에 포함될 예정입니다.쿠팡 지분 100% 가진 미국회사 쿠팡 INC의 지배구조·위험관리 의무 위반을 근거로 책임 묻겠다네요.이 와중에 쿠팡은 대표이사를 본사의 미국인 최고 관리 책임자로 교체했습니다.경찰 수사, 공정위의 탈퇴 절차 위법성 조사, 개인정보보호위원회의 배상 면책조항 정비 요구도 동시에 진행 중입니다.시작된 쿠팡 일용직 노동자 퇴직금 미지급 사건 특검 수사는 별개입니다.다음은 해킹 도둑 든 가상화폐 거래소 업비트 운영사 두나무입니다.몇 달씩 모른 곳하고는 다르다지만 석연찮은 일이 있었습니다.금융감독원 국회 제출 자료 보니 해킹은 11월 27일 오전 4시 42분부터 54분간 이뤄졌는데요.이 동안 외부로 빠져나간 가상화폐가 솔라나 계열 코인 1,040억 개가 넘고요.시세로는 445억원,, 초당 3,200만 개씩 빠져나갔습니다.그런데 입출금 차단 시작은 5시 27분부터였다지만 보고는 금감원에는 거의 오전 11시, 인터넷진흥원에는 11시 57분, 홈페이지 공지도 낮 12시 반 넘어서랍니다.그날 두나무, 네이버 합병 행사가 있었는데요.모든 신고와 공지가 행사 끝난 10시 50분 이후에 있었다는 겁니다.우연이기를 바랄 뿐입니다. 물론 법령 미비로 중징계 내릴 조항도 없습니다.이번엔 LG U+입니다. 인공지능 서비스에서 고객 통화가 다른 고객에게 유출되는 사고가 터졌습니다.지난 2일 오후 8시부터 다음 날 오전 10시 59분까지 이 회사 AI 익시오 설치한 이용자 101명에게 다른 고객 36명의 통화 요약과 상대방 전화번호 등이 노출됐다는 겁니다.주민번호, 금융 정보 등의 노출 없었고 피해자도 1천 명 이하라 개인정보보호위원회에 자진신고했고 해킹은 아니라는 게 회사 설명이죠.하지만 AI 기능은 단말기 기반으로 작동한다고 해온 것과 달리, 노출 우려 있는 서버에 내용 임시저장 해왔다는 게 불안합니다.LG U+는 이 건 말고도 해킹 공격과 서버 업데이트로 흔적을 삭제하려 했다는 정황으로 조사받고 있죠.이렇게 불안해서 전화 어떻게 할지 난감합니다.마지막은 대한제분과 CJ제일제당, 사조동아원 등 밀가루 회사들입니다.설탕값 담합에 이어 밀가루 담합도 강제수사가 시작됐습니다.설탕, 밀가루 같은 원재료들이 식품물가 상승에 한몫하는데 이게 담합 때문이 아니냔 의심이 계속돼왔죠.그러자 지난주 검찰이 이들 업체 상대로 압수수색 벌였습니다.앞서 공정거래위원회가 7개 제분사 조사했었는데 제재까지 시간이 걸려 그런지 공정위 고발 전에 검찰이 직접 나선 겁니다.사실이면 상당히 큰 문제가 아닐 수 없습니다.설탕, 밀가루 다 걸린 곳도 있죠?담합 제재 효과가 분명하려면 신속한 결과를 내놓는 게 중요합니다.5년 새 식품 물가가 27%나 뛰었다는 통계가 나왔습니다.생산비, 유통비, 인건비 다 오르는데 환율 급등까지 겹쳐 과일, 커피, 수입 육류나 수산품까지 안 오른 게 없죠. 정부와 기업이 지혜를 모아 해결책을 내놔야 할 때입니다.기업기상도였습니다.연합뉴스TV 기사문의 및 제보 : 카톡/라인 jebo23"
https://n.news.naver.com/mnews/article/031/0000988972?sid=105,2025-12-14 11:08:07,IT/과학,"LGU+, '구글 AI 프로' 제휴 상품 출시⋯국내 통신사 최초","30일까지 부가서비스 가입 시 50% 할인⋯1만4500원 이용 가능LG유플러스(대표 홍범식)는 국내 통신사 최초로 구글 AI 프로(Google AI Pro) 제휴 상품을 출시했다고 14일 밝혔다.LG유플러스 직원이 구글 AI 프로를 소개하고 있는 모습. [사진=LGU+]구글 AI 프로는 △제미나이 3(AI 서비스) △나노 바나나 프로(이미지 생성 특화 모델) △플로우 앤 위스크(동영상 제작 도구) △딥 리서치(전문적인 수준의 보고서 작성 가능) △노트북LM(리서치 및 학습 도구) △2TB(테라바이트) 클라우드 저장 공간 등을 제공하는 구글의 월정액 상품이다.LG유플러스는 구글과의 긴밀한 협업을 바탕으로 국내 통신사 중 유일하게 구글 AI 프로 제휴 상품을 출시한다. LG유플러스 가입자는 오는 30일까지 구글 AI 프로 모바일 부가서비스 가입 시 50% 할인된 월 1만4500원에 제미나이 3와 클라우드 저장공간 2TB를 이용할 수 있다.부가서비스 가입뿐만 아니다. 모바일 전용 요금제로도 이용 가능하다. 너겟 요금제 중 너겟65(데이터 80GB, 월 6만5000원)와 너겟69(데이터 무제한, 월 6만900원) 가입자는 추가 비용 없이 사용할 수 있다. 데이터 무제한 5G 요금제 고객 역시 내년 1월부터 프미리어 서비스로 구글 AI 프로를 선택할 수 있다.LG유플러스 구독 서비스인 유독에서는 타 통신사 고객도 구글 원을 가입할 수 있다. 유독에서는 구글 AI 프로와 22종의 라이프 혜택 구독 서비스를 월 2만9000원에 사용 가능하다. 구글 AI 프로와 도미노피자 25% 할인 혜택을 구독할 경우 내년 6월30일까지 약 9000원 할인된 1만9800원에 이용할 수 있다.LG유플러스는 구글과 협업을 통해 다양한 고객 편의 서비스를 선보일 계획이다. LG유플러스 관계자는 ""구글과 지속적인 협업을 통해 고객의 편의성을 확대할 수 있는 다양한 서비스를 만들어 나갈 것""이라고 말했다."
https://n.news.naver.com/mnews/article/138/0002212469?sid=105,2025-12-14 13:59:09,IT/과학,"LGU+, 국내 통신사 최초‘구글 AI 프로’상품 출시","LG유플러스가 국내 통신사 최초로 ‘구글 AI 프로(Google AI Pro)’ 제휴 상품을 출시했다. 사진은 LG유플러스 직원이 구글 AI 프로를 소개하고 있는 모습.[디지털데일리 강소현 기자] LG유플러스가 국내 통신사 최초로 ‘구글 AI 프로(Google AI Pro)’ 제휴 상품을 출시했다.LG유플러스 고객은 오는 30일까지 ‘구글 AI 프로’ 모바일 부가서비스에 가입할 경우 50% 할인된 월 1만4500원에 이용할 수 있다.이 상품은 ▲제미나이 3 ▲이미지 생성 모델(Nano Banana Pro) ▲영상 제작 도구(Flow & Whisk) ▲전문 보고서 작성 기능(Deep Research) ▲리서치·학습 도구(NotebookLM) ▲2TB 클라우드 저장공간 등 구글의 핵심 AI 기능을 제공한다.구글 AI 프로는 모바일 부가서비스뿐 아니라 전용 요금제로도 이용 가능하다. 너겟 요금제 중 너겟65(월 6만5000원)와 너겟69(월 6만9000원) 가입자는 추가 비용 없이 사용할 수 있으며, 데이터 무제한 5G 요금제 고객도 내년 1월부터 프리미어 서비스로 선택해 사용 가능하다.타 통신사 고객도 LG유플러스의 구독 플랫폼 ‘유독’을 통해 구글 AI 프로를 이용할 수 있다. 유독에서는 구글 AI 프로와 22종의 라이프 혜택을 월 2만9000원에 제공하며, 도미노피자 25% 할인 혜택과 결합 시 내년 6월30일까지 월 1만9800원에 이용할 수 있다.이와 함께 통합앱 유플러스원(U+One)에서 멤버십 혜택 ‘VIP콕’으로 구글 AI 프로를 설정하면 매월 4000원 추가 할인을 받아 월 1만5800원에 이용 가능하다.이번 출시를 기념해 이달 30일까지 가입한 고객에게는 50% 할인 혜택이 최대 2년간 적용되며, 2년 경과 후 자동 해지된다.향후 LG유플러스는 구글과의 협업을 통해 고객 편의 서비스를 지속 확대할 계획이다. 앞서 유튜브를 활용한 쇼츠 페스티벌 등 Z세대 대상 협업을 진행한 바 있다.LG유플러스 관계자는 “구글 AI 프로 출시를 통해 고객의 일상에 필요한 디지털 서비스 혜택을 제공할 수 있게 됐다”며 “앞으로도 구글과의 협업을 통해 고객 편의성을 높이는 서비스를 선보이겠다”고 말했다."
https://n.news.naver.com/mnews/article/092/0002402303?sid=105,2025-12-14 16:45:12,IT/과학,"LGU+, ‘구글 AI 프로’ 이달 말까지 50% 할인","제미나이 3 등 구글 AI 핵심 기능과 2TB 클라우드 저장 공간 제공LG유플러스가 ‘구글 AI 프로’ 제휴 상품을 출시했다고 14일 밝혔다.이번 상품은 누구나 30일까지 모바일 부가서비스 가입 시 50% 할인된 월 1만4천500원에 구글의 AI 서비스 ‘제미나이 3’와 클라우드 저장공간 2TB를 이용할 수 있다. 특히, 제미나이 3는 AI 모델 대상으로 진행한 2026 수학능력시험 풀이에서 1위를 차지해 화제가 됐다.‘구글 AI 프로’는 ▲제미나이 3 ▲나노 바나나 프로 ▲플로우앤위스크(동영상 제작 도구) ▲딥 리서치(전문적 수준의 보고서 작성 도구) ▲노트북엘엠(분석·학습 도구) ▲2TB 클라우드 저장 공간 등 구글의 핵심 AI 기능과 모델을 이용할 수 있는 월정액 상품이다.LG유플러스가 ‘구글 AI 프로’ 제휴 상품을 출시했으며, 이달 말까지 50% 할인 행사를 진행한다. (제공=LG유플러스)이 기능은 부가 서비스 가입뿐만 아니라, 모바일 전용 요금제로도 이용 가능하다. 너겟 요금제 중 너겟65(데이터 80GB, 월 6만5천원)와 너겟69(데이터 무제한, 월 6만900원)에 가입한 고객은 추가 비용 없이 사용할 수 있다. 데이터 무제한 5G 요금제 가입자도 내년 1월부터 프미리어 서비스로 이용할 수 있다.LG유플러스의 구독 서비스인 ‘유독’에서는 타 통신사 가입자도 구글 원을 가입할 수 있다. 유독에서는 구글 AI 프로와 22종의 라이프 혜택 구독 서비스를 월 2만9천원에 사용할 수 있다. 구글 AI 프로와 도미노피자 25%할인을 구독할 경우는 다음해 6월30일까지 약 9천원이 할인된 1만9천800원에 이용할 수 있다.또 LG유플러스 통합앱 유플러스원에서 VIP콕으로 ‘구글 AI 프로’를 설정하면 매월 4천원을 추가로 할인 받아 월 1만5천800원에 이용 가능하다.출시를 기념해 50% 할인 행사도 진행한다. 이번 달 30일까지 구글 AI 프로를 모바일 부가서비스로 가입하면 50% 할인된 가격인 월 1만4천500원에 이용할 수 있다. 이 행사는 최대 2년 간 유지되며, 가입 후 2년 경과 시 자동 해지된다.향후 회사는 구글과 협업을 통해 다양한 편의 서비스를 선보일 계획이다. 앞서 유튜브를 통해 Z세대와 소통을 강화하는 쇼츠 페스티벌 등 협업을 진행한 바 있다.LG유플러스 관계자는 “이번 구글 원 출시로 고객의 일상 속 필요한 디지털 서비스와 결합해 혜택을 드릴 수 있게 돼 매우 뜻깊다”며 “구글과 지속적인 협업을 통해 편의성을 확대할 수 있는 다양한 서비스를 만들어 나갈 것”이라고 말했다."
https://n.news.naver.com/mnews/article/382/0001242043?sid=105,2025-12-14 17:12:11,IT/과학,"LGU+, ‘구글 AI 프로’ 상품 출시",LG유플러스는 국내 통신사 최초로 ‘구글 AI 프로’ 제휴 상품(사진)을 출시했다고 14일 밝혔다. LG유플러스 고객은 30일까지 ‘구글 AI 프로’ 모바일 부가서비스 가입 시 50% 할인된 월 1만 4500원에 구글의 AI 서비스 ‘제미나이3’와 클라우드 저장공간 2TB를 이용할 수 있다. 부가 서비스 가입뿐 아니라 모바일 전용 요금제로도 이용 가능하다. 너겟 요금제 중 ‘너겟65’와 ‘너겟69’에 가입한 고객은 추가 비용 없이 사용할 수 있다. 데이터 무제한 5G 요금제 고객 역시 내년 1월부터 프미리어 서비스로 ‘구글 AI 프로’를 선택할 수 있다.
https://n.news.naver.com/mnews/article/014/0005448601?sid=105,2025-12-14 18:03:10,IT/과학,LGU+ 통신사 최초 '구글 AI 프로' 제휴,"제미나이3·나노바나나 등 서비스LG유플러스 직원이 구글 AI 프로를 소개하고 있다. LG유플러스 제공LG유플러스는 국내 통신사 최초로 '구글 인공지능(AI) 프로' 제휴 상품을 출시했다고 14일 밝혔다.LG유플러스 고객이라면 누구나 30일까지 '구글 AI 프로' 모바일 부가서비스 가입 시 50% 할인된 월 1만 4500원에 구글의 AI 서비스 제미나이 3와 클라우드 저장공간 2테라바이트(TB)를 이용할 수 있다. 50% 할인은 최대 2년 간 유지되며, 가입 후 2년 경과 시 자동 해지된다.'구글 AI 프로'는 △제미나이 3 △나노바나나 프로(특화된 이미지 생성 모델) △플로우 앤 위스크(동영상 제작 도구) △딥 리서치(전문적인 수준의 보고서 작성 가능) △노트북LM(리서치 및 학습 도구) △2TB 클라우드 저장 공간 등 구글의 핵심 AI 기능과 모델을 이용할 수 있는 월정액 상품이다.국내 통신사가 구글 AI 프로 상품을 출시하는 건 이번이 처음이다. 구글 AI 프로는 부가 서비스 가입뿐만 아니라, 모바일 전용 요금제로도 이용 가능하다. 너겟 요금제 중 너겟65(데이터 80GB, 월 6만5000원)와 너겟69(데이터 무제한, 월 6만900원)에 가입한 고객은 추가 비용 없이 사용할 수 있다. 데이터 무제한 5G 요금제 고객 역시 내년 1월부터 프미리어 서비스로 구글 AI 프로를 선택할 수 있다.LG유플러스의 구독 서비스인 '유독'에서는 타 통신사 고객도 구글 원을 가입할 수 있다. 유독에서는 구글 AI 프로와 22종의 라이프 혜택 구독 서비스를 월 2만9000원에 사용할 수 있다. 구글 AI 프로와 도미노피자 25%할인 혜택을 구독할 경우는 내년 6월 30일까지 약 9000원이 할인된 1만 9800원에 이용할 수 있다. LG유플러스 통합앱 유플러스원(U+One)에서 멤버십 혜택인 VIP콕으로 구글 AI 프로를 설정하면 매월 4000원을 추가로 할인 받아 월 1만 5800원에 이용 가능하다."
https://n.news.naver.com/mnews/article/421/0008660251?sid=105,2025-12-15 09:00:00,IT/과학,현금 대신 QR로 나눈다…LGU+·구세군 기부 캠페인,"직영점 방문객 스마트폰 스캔으로 간편 기부LG유플러스가 연말을 맞아 구세군과 함께 15일 기부문화 확산 캠페인을 진행한다. 사진은 LG유플러스 임직원과 구세군 관계자가 '구세군 QR코드 자선냄비'를 소개하는 모습. 2025.12.15/뉴스1(LG유플러스 제공)(서울=뉴스1) 김민수 기자 = LG유플러스(032640)가 연말을 맞아 구세군과 함께 기부문화 확산 캠페인을 15일부터 진행한다.이번 캠페인은 전국 87개 직영 매장에서 '구세군 QR코드 자선냄비'를 설치·운영하는 방식으로 진행된다. 매장을 방문한 고객은 자선냄비에 부착된 QR코드를 스마트폰 카메라로 스캔해 간편하게 기부에 참여할 수 있다.LG유플러스와 구세군은 현금 사용이 줄어드는 소비 환경 변화에 맞춰, 모바일 기반의 새로운 기부 방식을 알리기 위해 이번 캠페인을 기획했다. QR코드를 활용해 별도의 회원가입이나 복잡한 절차 없이 기부가 가능하도록 접근성을 높인 것이 특징이다.캠페인은 내년 3월까지 운영되며, 이를 통해 모인 기부금은 전액 구세군에 전달돼 전국 복지 사각지대에 놓인 취약계층 지원에 사용될 예정이다.홍봉식 구세군 커뮤니케이션스 국장은 ""LG유플러스와의 협력으로 시민 참여형 나눔을 전국적으로 확산할 수 있게 돼 감사하다""며 ""많은 분이 QR모금을 통해 따뜻한 마음을 나눌 수 있기를 기대한다""고 말했다.이홍렬 LG유플러스 ESG추진실장은 ""통신업계 최초로 구세군과 함께 매장 내에 디지털 자선냄비를 설치할 수 있게 돼 뜻깊다""며 ""앞으로도 생활 속 기부 문화를 확산하기 위한 활동에 적극 동참하겠다""고 밝혔다."
https://n.news.naver.com/mnews/article/003/0013657305?sid=101,2025-12-15 09:00:00,경제,"""자선냄비 QR코드로 기부하세요""…LGU+, 구세군 캠페인","LGU+ 전국 87개 직영점 QR코드 자선냄비 설치내년 3월까지 매장 방문 고객 대상 기부 캠페인[서울=뉴시스] LG유플러스는 연말을 맞아 구세군과 함께 기부문화 확산 캠페인을 진행한다고 15일 밝혔다. 사진은 전국 직영 매장에 설치된 구세군 디지털 냄비 모습. (사진=LG유플러스 제공) 2025.12.15. photo@newsis.com *재판매 및 DB 금지[서울=뉴시스]박은비 기자 = LG유플러스는 연말을 맞아 구세군과 함께 기부문화 확산 캠페인을 진행한다고 15일 밝혔다.'구세군 QR코드 자선냄비'는 매장을 방문한 고객들이 자선냄비에 부착된 QR코드를 스마트폰 카메라로 스캔하면 쉽고 빠르게 기부에 동참할 수 있는 캠페인이다. LG유플러스와 구세군은 일상생활에서 현금 사용이 감소하는 추세에 맞춰 새로운 기부 방식을 알리기 위해 이번 캠페인을 기획했다.전국 87곳의 직영 매장에서 내년 3월까지 진행되는 캠페인을 통해 모인 기부금은 전액 구세군에 기부되며, 복지 사각지대에 있는 취약계층을 위해 쓰일 예정이다. LG유플러스는 향후 QR코드 기부뿐만 아니라 모바일을 통한 편리한 기부 문화 확산을 위해 구세군과의 협업을 강화하기로 했다.홍봉식 구세군 커뮤니케이션스 국장은 ""LG유플러스와의 협력으로 시민 참여형 나눔을 전국적으로 확산할 수 있게 돼 감사하다""며 ""많은 분들이 QR모금으로 따뜻한 마음을 나눌 수 있길 기대한다""고 말했다.이홍렬 LG유플러스 ESG추진실장은 ""통신업계에서 처음 구세군과 함께 매장 내에 디지털 자선냄비를 설치할 수 있게 됐다""며 ""앞으로도 생활 속 기부 문화를 확산하기 위한 활동에 적극 동참하겠다""고 강조했다."
https://n.news.naver.com/mnews/article/016/0002571898?sid=105,2025-12-15 09:01:20,IT/과학,"LGU+, 전국 직영 매장서 ‘구세군 QR코드 기부’ 캠페인 진행","직영 매장 87곳에 ‘QR코드 자선냄비’ 설치“모바일 기부 문화 확산을 위한 협업 강화”LG유플러스 임직원과 구세군 관계자가 ‘구세군 QR코드 자선냄비’를 소개하고 있다.[LG유플러스 제공][헤럴드경제=김광우 기자] LG유플러스는 연말을 맞아 구세군과 함께 기부문화 확산 캠페인을 진행한다고 15일 밝혔다.전국 직영 매장에서 진행되는 ‘구세군 QR코드 자선냄비’는 매장을 방문한 고객들이 자선냄비에 부착된 QR코드를 스마트폰 카메라를 통해 스캔하면 쉽고 빠르게 기부에 동참할 수 있는 캠페인이다.LG유플러스와 구세군은 일상생활에서 현금 사용이 감소하고 있는 경향에 맞춰 새로운 기부 방식을 알리고자 이번 캠페인을 기획했다.전국 87곳 직영점에서 내년 3월까지 진행되는 캠페인을 통해 모인 기부금은 전액 구세군에 기부할 예정이다. 기부금은 전국의 복지 사각지대에 있는 취약계층을 위해 쓰인다.아울러 향후 LG유플러스는 QR코드 기부뿐만 아니라, 모바일을 통한 편리한 기부 문화가 확산하도록 구세군과의 협업을 강화할 계획이다.홍봉식 구세군 커뮤니케이션스 국장은 “LG유플러스와의 협력으로 시민 참여형 나눔을 전국적으로 확산할 수 있게 돼 감사하다”며 “많은 분이 QR모금을 통해 따뜻한 마음을 나눌 수 있기를 기대한다”고 말했다.이홍렬 LG유플러스 ESG추진실장은 “통신업계 최초로 구세군과 함께 매장 내에 디지털 자선냄비를 설치할 수 있게 돼 뜻깊다”며 “앞으로도 생활 속 기부 문화를 확산하기 위한 활동에 적극 동참하겠다”고 언급했다.한편, LG유플러스는 올해 119메모리얼런, 장애인·비장애인 영화 동시관람 지원, 시각 장애 학생들을 위한 희망도서관 구축 등 취약계층 지원을 위한 사회 공헌 활동을 진행했다."
https://n.news.naver.com/mnews/article/031/0000989068?sid=105,2025-12-15 09:10:08,IT/과학,"LGU+, 전국 매장서 'QR코드 자선냄비' 운영…기부문화 확산 나서","구세군과 협력해 디지털 기부 캠페인 전개…내년 3월까지 87개 직영점서 진행LG유플러스는 연말을 맞아 구세군과 함께 전국 직영 매장에서 'QR코드 자선냄비' 캠페인을 진행한다고 15일 밝혔다.사진은 LG유플러스 임직원과 구세군 관계자가 '구세군 QR코드 자선냄비'를 소개하는 모습. [사진=LGU+]이번 캠페인은 매장을 방문한 고객이 자선냄비에 부착된 QR코드를 스마트폰 카메라로 스캔하면 간편하게 기부에 참여할 수 있는 방식이다. 양측은 현금 사용이 줄어드는 소비 트렌드에 발맞춰 디지털 기반의 새로운 기부 문화를 소개하고자 캠페인을 마련했다.캠페인은 전국 87곳 LG유플러스 직영점에서 내년 3월까지 운영되며, 기부를 통해 모인 금액은 전액 구세군에 전달된다. 기부금은 복지 사각지대에 놓인 취약계층 지원에 사용될 예정이다.LG유플러스는 이번 캠페인을 시작으로 QR코드 기반 기부 외에도 모바일 플랫폼을 활용한 다양한 나눔 활동을 확대해 나갈 계획이다.홍봉식 구세군 커뮤니케이션스 국장은 ""LG유플러스와 함께 전국적으로 시민 참여형 나눔 문화를 확산할 수 있어 뜻깊다""며 ""많은 이들이 QR모금을 통해 따뜻한 연말을 함께하길 바란다""고 전했다.이홍렬 LG유플러스 ESG추진실장은 ""통신업계 최초로 구세군과 함께 디지털 자선냄비를 매장에 설치하게 돼 의미가 크다""며 ""앞으로도 일상 속에서 쉽게 참여할 수 있는 기부 문화를 만드는 데 힘쓰겠다""고 말했다.한편 LG유플러스는 올해 △119메모리얼런 △장애인·비장애인 영화 동시관람 지원 △시각장애 학생 대상 희망도서관 구축 등 사회공헌 활동을 지속해왔다."
https://n.news.naver.com/mnews/article/030/0003380444?sid=105,2025-12-15 09:36:09,IT/과학,"LGU+, 구세군과 기부문화 확산 캠페인","LG유플러스 임직원과 구세군 관계자가 '구세군 QR코드 자선냄비'를 소개하는 모습LG유플러스가 연말을 맞아 구세군과 함께 기부문화 확산 캠페인을 진행한다.전국 직영 매장에서 진행되는 '구세군 QR코드 자선냄비'는 매장을 방문한 고객들이 자선냄비에 부착된 QR코드를 스마트폰 카메라를 통해 스캔하면 쉽고 빠르게 기부에 동참할 수 있는 캠페인이다.LG유플러스와 구세군은 일상생활에서 현금 사용이 감소하고 있는 경향에 맞춰 새로운 기부 방식을 알리고자 이번 캠페인을 기획했다.전국 87곳 직영점에서 내년 3월까지 진행되는 캠페인을 통해 모인 기부금은 전액 구세군에 기부할 예정이다. 기부금은 전국의 복지 사각지대에 있는 취약계층을 위해 쓰인다.향후 LG유플러스는 QR코드 기부뿐만 아니라, 모바일을 통한 편리한 기부 문화가 확산되도록 구세군과의 협업을 강화할 계획이다.이홍렬 LG유플러스 ESG추진실장은 “통신업계 최초로 구세군과 함께 매장 내에 디지털 자선냄비를 설치할 수 있게 돼 뜻깊다”며 “앞으로도 생활 속 기부 문화를 확산하기 위한 활동에 적극 동참하겠다”고 밝혔다."
https://n.news.naver.com/mnews/article/014/0005448900?sid=105,2025-12-15 10:56:20,IT/과학,"LG U+, 구세군과 'QR코드 자선냄비' 기부 진행","전국 직영 매장 87곳서 QR코드로 기부 가능LG유플러스 임직원과 구세군 관계자가 '구세군 QR코드 자선냄비'를 소개하는 모습. LG유플러스 제공[파이낸셜뉴스] LG유플러스는 연말을 맞아 구세군과 함께 기부문화 확산 캠페인을 진행한다고 15일 밝혔다.전국 직영 매장에서 진행되는 '구세군 QR코드 자선냄비'는 매장을 방문한 고객들이 자선냄비에 부착된 QR코드를 스마트폰 카메라를 통해 스캔하면 쉽고 빠르게 기부에 동참할 수 있는 캠페인이다. LG유플러스와 구세군은 일상생활에서 현금 사용이 감소하고 있는 경향에 맞춰 새로운 기부 방식을 알리고자 이번 캠페인을 기획했다.전국 87곳 직영점에서 내년 3월까지 진행되는 캠페인을 통해 모인 기부금은 전액 구세군에 기부할 예정이다. 기부금은 전국의 복지 사각지대에 있는 취약계층을 위해 쓰인다.향후 LG유플러스는 QR코드 기부뿐만 아니라, 모바일을 통한 편리한 기부 문화가 확산되도록 구세군과의 협업을 강화할 계획이다.홍봉식 구세군 커뮤니케이션스 국장은 ""많은 이들이 QR 모금을 통해 따뜻한 마음을 나눌 수 있기를 기대한다""고 말했다.이홍렬 LG유플러스 ESG추진실장은 ""통신업계 최초로 구세군과 함께 매장 내에 디지털 자선냄비를 설치할 수 있게 돼 뜻깊다""며 ""앞으로도 생활 속 기부 문화를 확산하기 위한 활동에 적극 동참하겠다""고 했다."
https://n.news.naver.com/mnews/article/092/0002402377?sid=105,2025-12-15 11:10:15,IT/과학,"""QR로 간편하게""…LGU+, 구세군 기부 캠페인","전국 LG유플러스 직영 매장 87곳에 '구세군 QR코드 자선냄비' 설치LG유플러스가 연말을 맞아 구세군과 함께 기부문화 확산 캠페인을 진행한다고 15일 밝혔다.'구세군 QR코드 자선냄비'는 매장을 방문한 고객들이 자선냄비에 부착된 QR코드를 스마트폰 카메라를 통해 스캔하면 쉽고 빠르게 기부에 동참할 수 있는 캠페인이다.LG유플러스와 구세군은 일상생활에서 현금 사용이 감소하고 있는 경향에 맞춰 새로운 기부 방식을 알리고자 이번 캠페인을 기획했다.LG유플러스 임직원과 구세군 관계자가 '구세군 QR코드 자선냄비'를 소개하는 모습. (사진=LG유플러스)전국 87곳 직영점에서 내년 3월까지 진행되는 캠페인을 통해 모인 기부금은 전액 구세군에 기부할 예정이다. 기부금은 전국 복지 사각지대에 있는 취약계층을 위해 쓰인다.향후 LG유플러스는 QR코드 기부뿐만 아니라, 모바일을 통한 편리한 기부 문화가 확산되도록 구세군과의 협업을 강화할 계획이다.홍봉식 구세군 커뮤니케이션스 국장은 ""LG유플러스와의 협력으로 시민 참여형 나눔을 전국적으로 확산할 수 있게 돼 감사하다""며 ""많은 분들이 QR모금을 통해 따뜻한 마음을 나눌 수 있기를 기대한다""고 말했다.이홍렬 LG유플러스 ESG추진실장은 ""통신업계 최초로 구세군과 함께 매장 내에 디지털 자선냄비를 설치할 수 있게 돼 뜻깊다""며 ""생활 속 기부 문화를 확산하기 위한 활동에 적극 동참하겠다""고 언급했다."
https://n.news.naver.com/mnews/article/016/0002572112?sid=105,2025-12-15 11:28:20,IT/과학,LGU+ ‘구세군 QR코드 기부’ 행사,"매장 87곳 ‘QR코드 자선냄비’ 설치“모바일 기부 문화 확산 협업 강화”LG유플러스와 구세군 관계자가 ‘구세군 QR코드 자선냄비’를 소개하고 있다. [LG유플러스 제공]LG유플러스는 연말을 맞아 구세군과 함께 기부문화 확산 캠페인을 진행한다고 15일 밝혔다.전국 직영 매장에서 진행되는 ‘구세군 QR코드 자선냄비’는 매장을 방문한 고객들이 자선냄비에 부착된 QR코드를 스마트폰 카메라를 통해 스캔하면 쉽고 빠르게 기부에 동참할 수 있는 캠페인이다.LG유플러스와 구세군은 일상생활에서 현금 사용이 감소하고 있는 경향에 맞춰 새로운 기부 방식을 알리고자 이번 캠페인을 기획했다.전국 87곳 직영점에서 내년 3월까지 진행되는 캠페인을 통해 모인 기부금은 전액 구세군에 기부할 예정이다. 기부금은 전국의 복지 사각지대에 있는 취약계층을 위해 쓰인다.아울러 향후 LG유플러스는 QR코드 기부뿐만 아니라, 모바일을 통한 편리한 기부 문화가 확산하도록 구세군과의 협업을 강화할 계획이다.홍봉식 구세군 커뮤니케이션스 국장은 “LG유플러스와의 협력으로 시민 참여형 나눔을 전국적으로 확산할 수 있게 돼 감사하다”며 “많은 분이 QR모금을 통해 따뜻한 마음을 나눌 수 있기를 기대한다”고 말했다.이홍렬 LG유플러스 ESG추진실장은 “통신업계 최초로 구세군과 함께 매장 내에 디지털 자선냄비를 설치할 수 있게 돼 뜻깊다”며 “앞으로도 생활 속 기부 문화를 확산하기 위한 활동에 적극 동참하겠다”고 언급했다.한편, LG유플러스는 올해 119메모리얼런, 장애인·비장애인 영화 동시관람 지원, 시각 장애 학생들을 위한 희망도서관 구축 등 취약계층 지원을 위한 사회 공헌 활동을 진행했다.김광우 기자"
https://n.news.naver.com/mnews/article/138/0002212538?sid=105,2025-12-15 11:44:17,IT/과학,"“자선냄비 QR코드로 간편기부” LGU+, 구세군과 기부문화 확산","[사진=LG유플러스][디지털데일리 오병훈기자] LG유플러스가 QR코드를 이용한 간편 기부 문화 확산 행사를 준비했다.LG유플러스는 연말을 맞아 구세군과 함께 전국 직영 매장에서 QR코드 자선냄비 기부 캠페인을 진행한다고 15일 밝혔다.이번 ‘구세군 QR코드 자선냄비’는 전국 87개 LG유플러스 직영 매장을 방문한 고객이 자선냄비에 부착된 QR코드를 스마트폰 카메라로 스캔해 간편하게 기부할 수 있는 방식이다. 캠페인은 내년 3월까지 운영된다.LG유플러스와 구세군은 일상생활에서 현금 사용이 줄어드는 변화에 맞춰 QR코드 기반 기부 방식을 알리기 위해 이번 캠페인을 기획했다. 캠페인을 통해 모인 금액은 전액 구세군에 전달해 전국 복지 사각지대 취약계층 지원에 활용한다.향후 LG유플러스는 QR코드 기부 외에도 모바일을 통한 기부 문화 확산을 위해 구세군과 협업을 강화할 방침이다.이홍렬 LG유플러스 ESG추진실장은 “구세군과 함께 매장 내에 디지털 자선냄비를 설치할 수 있게 돼 뜻깊다”며 “앞으로도 생활 속 기부 문화를 확산하기 위한 활동에 적극 동참하겠다”고 말했다.한편 LG유플러스는 올해 119메모리얼런, 장애인·비장애인 영화 동시관람 지원, 시각장애 학생을 위한 희망도서관 구축 등 취약계층 지원 활동을 진행했다."
https://n.news.naver.com/mnews/article/028/0002781526?sid=105,2025-12-15 15:26:18,IT/과학,네트워크 연결 없는 ‘온디바이스 AI’라 안전? ‘익시오 사태’ 뒤 불신 고조,"엘지유플러스 인공지능 통화앱 익시오. 엘지유플러스 제공엘지유플러스(LG U+)의 인공지능(AI)통화앱 익시오에서 36명의 통화 정보가 유출되는 사고가 벌어진 가운데, 익시오의 신규 설치 건수가 감소하는 등 인공지능을 활용한 통화앱에 대한 이용자들의 불안이 높아지고 있다.15일 데이터 테크 기업 아이지에이웍스의 모바일인덱스 자료를 보면, 익시오의 설치 건수는 통화 유출 사고가 알려진 6일부터 지난 12일까지 일주일간 일평균 520건을 기록했다. 이는 통화 유출 사고가 알려지기 전 일주일의 일평균 1612건에서 급감한 수치다.앞서 엘지유플러스에선 지난 6일 서비스 운영 개선 작업에서 캐시(임시 저장 공간) 설정 오류로 고객 36명의 △통화 상대방 전화번호 △통화 시각 △통화 내용 요약 등 정보가 다른 이용자 101명에게 일시적으로 노출되는 현상이 발생했다.엘지유플러스는 익시오가 ‘온디바이스 인공지능’(데이터 전송 없이 단말기 안에서 인공지능이 처리하는 개념) 통화앱임을 내세워 안전함을 강조한 바 있다. 그러나 실제로는 온디바이스 인공지능으로 음성 통화를 텍스트로 전환한 뒤에는 텍스트를 서버로 전송해 요약했다. 텍스트 전문은 요약이 끝난 직후 폐기되긴 했으나, 요약 내용은 6개월간 서버에 저장됐다. 이번에 노출된 정보는 서버에 남아있던 요약 내용들이었다. 통화요약 등 인공지능 활용으로 인해 기존에 없었던 개인정보들이 생성되며 새로운 보안 문제가 대두된 셈이다.유사한 서비스에서도 인공지능 활용을 위해 통화 관련 데이터를 회사 서버에 전송하고 있는 것으로 나타났다. 익시오처럼 통화 서비스와 인공지능 통화요약을 제공하는 서비스에는 에스케이텔레콤(SKT)의 ‘에이닷’과 카카오의 카카오톡 내에서 이용하는 ‘보이스톡’ 등이 있다. 에이닷을 운영하는 에스케이텔레콤 측은 “통화 요약을 180일간 보관하긴 하지만 서버 캐시를 사용하지 않는 구조”라며 “에이닷 전화 통화기록은 고객 아이디(UUID∙범용고유식별정보)가 인증된 단말에게만 보내진다”고 설명했다. 카카오 측은 “통화 요약하기 기능 사용 시 서버에서 처리된 후 지체없이 파기된다”며 “통화 내용, 요약 등은 서버에 저장되지 않는다”고 말했다. 지난해 에스케이텔레콤은 에이닷 통화 요약 정보를 1년간 보관해 과도한 정보 수집이란 비판을 받고 보관기간을 6개월로 줄인 바 있다.전문가들은 기업들이 인공지능 활용 서비스를 서둘러 출시하는 데 비해 보안 체계가 미비한 경우가 있다고 지적했다. 곽진 아주대 교수(사이버보안학)은 “기업에선 서비스 출시가 우선이다 보니 보안이 서비스 제공 속도를 못 따라가는 부분이 있다”며 “특히 인공지능 서비스는 많은 데이터를 쓰는 만큼 서비스 제공자나 사용자 입장에서도 주의할 필요가 있다”고 말했다.엘지유플러스 관계자는 “10월 말 익시오 2.0 출시 이후 증가했던 설치 건수가 평상 시 수준을 보이고 있다. 지속적으로 서비스 고도화에 집중해 나갈 계획”이라고 설명했다."
https://n.news.naver.com/mnews/article/008/0005292184?sid=105,2025-12-15 17:28:18,IT/과학,"김종철 후보자, CJ ENM-LG헬로 '콘텐츠 사용료' 중재 어떻게?","반복되는 SO-PP 간 '콘텐츠 사용료' 갈등SO ""산정기준 만들어달라"" VS PP ""정부 개입 최소화""김종철 방송미디어통신위원회 위원장 후보자가 15일 오전 경기 과천시 인사청문회 준비 사무실로 출근하고 있다. /사진=뉴시스내일 김종철 초대 방송미디어통신위원회(방미통위) 위원장 후보자가 인사청문회에서 CJ ENM과 LG헬로비전의 콘텐츠 사용료 갈등에 어떤 해법을 내놓을지 관심이 쏠린다. 유료방송업계에선 방미통위가 유료방송 진흥 업무를 맡게 된 만큼 SO(종합유선방송사업자)와 PP(방송채널사용사업자) 간 갈등을 적극 중재해주길 기대한다.15일 국회에 따르면 과학기술정보방송통신위원회 위원들은 김 후보자에게 SO와 PP 간 콘텐츠 사용료 갈등 중재 방안을 질의할 예정이다.CJ ENM이 LG헬로비전에 ""오는 22일까지 콘텐츠 사용료를 정상화하지 않으면 tvN 등 12개 채널 송출을 중단하겠다""는 공문을 보내서다. LG헬로비전이 지난 9~10월 케이블TV협회의 '콘텐츠 사용료 산정기준안'에 따라 콘텐츠 사용료를 감액하자 CJ ENM이 반발하며 '블랙아웃'을 예고한 것이다. 최근 딜라이브도 산정기준안을 적용하겠다고 밝혀 논란이 확대되는 모습이다.방송 채널과 프로그램 공급사 간 콘텐츠 사용료 갈등은 어제오늘 일이 아니다. 지난해엔 SBS미디어넷이 콘텐츠 사용료 협상 불가를 이유로 LG헬로비전에 송출 중단을 예고했고, 2021년 CJ ENM은 LG유플러스와 합의가 불발되자 'LGU+모바일tv'에서 tvN 등 10개 채널 송출을 끊기도 했다. 이처럼 사업자 간 분쟁이 반복되는 이유는 콘텐츠 대가를 산정하는 기준이 없어서라는 게 업계 중론이다.앞서 과학기술정보통신부는 유료방송사와 홈쇼핑사 간 송출수수료 협상 불발로 블랙아웃 위기에 처하자 2023년 '홈쇼핑 방송채널 사용계약 가이드라인'을 마련했다. 대가 산정시 △각 사업자 수익구조 △상품 판매 매출 증감 △유료방송사업자 가입자수 △물가상승률 △홈쇼핑 송출에 따른 비용과 편익 등을 고려하게 했다. 당시 유료방송 콘텐츠 사용료 가이드라인도 만들 예정이었으나 논의가 멈춘 상태다.유료방송업계 관계자는 ""콘텐츠 대가는 구체적인 산식은 물론, 산정 요소에 대한 정부 기준이 없어 사업자 간 이견 조율이 어렵다. 최소한 홈쇼핑 가이드라인과 형평성을 맞추는 수준에서 고려 요소 만이라도 마련해달라""고 촉구했다. 경계의 목소리도 있다. 콘텐츠업계 관계자는 ""정부가 최소한의 기준을 마련하는 것엔 동의하지만, 불공정이 있을 시 개입하는 정도로 정부 역할을 최소화해야 한다""고 강조했다.━""정부, '가이드라인' 만들고 점검도 안 해""━유료방송업계에선 복수채널사용사업자(MPP)의 '끼워팔기' 문제도 지적한다. 과거 방통위는 2012년 '유료방송시장 방송채널사용사업자의 방송프로그램 제공 관련 가이드라인'을 마련해 여러 채널을 가진 MPP가 전체 채널 또는 채널별 묶음 계약을 강요하거나, 이를 거절한 상대방에게 프로그램 제공을 거부·중단할 수 없도록 했다.그러나 콘텐츠 대가 협상 시엔 전체 채널을 통틀어 총액 기준 인상률만 제시하고, 계약 체결 시엔 채널별 인상률을 별도 기재하는 '꼼수'가 횡행하는 데도 정부의 제재가 없다는 지적이다. 이에 대해 유료방송업계 관계자는 ""정부는 콘텐츠 사용료는 사업자 간 협상의 영역이라며 지켜만 보는데, 정부가 제정한 가이드라인이 지켜지는지는 점검해달라""고 토로했다."
https://n.news.naver.com/mnews/article/011/0004567624?sid=105,2025-12-15 18:21:14,IT/과학,"LGU+ ""QR코드로 자선냄비 기부하세요""",매장에 디지털 자선냄비 설치구세군과 기부 동참 캠페인LG유플러스 직원과 구세군 관계자가 ‘구세군 QR코드 자선냄비’를 소개하고 있다. 사진 제공=LG유플러스[서울경제]LG유플러스가 연말을 맞아 매장을 방문하기만 하면 QR코드를 통해 빠르게 기부에 동참할 수 있는 캠페인을 진행한다.LG유플러스는 15일 구세군과 함께 기부 문화 확산을 위해 전국 직영 매장에서 ‘구세군 QR코드 자선냄비’ 프로젝트를 시작한다고 밝혔다. 구세군 QR코드 자선냄비는 매장을 방문한 고객들이 자선냄비에 부착된 QR코드를 스마트폰 카메라를 통해 스캔하면 쉽고 빠르게 기부에 동참할 수 있는 캠페인이다. LG유플러스와 구세군은 일상생활에서 현금 사용이 감소하고 있는 경향에 맞춰 새로운 기부 방식을 알리기 위해 이번 캠페인을 기획했다. 캠페인은 내년 3월까지 진행된다.LG유플러스는 전국 87곳 직영점에서 캠페인을 통해 모인 기부금을 전액 구세군에 기부할 예정이다. 기부금은 전국의 복지 사각지대에 있는 취약 계층을 위해 쓰인다. 또한 LG유플러스는 QR코드 기부뿐 아니라 모바일을 통한 편리한 기부 문화가 확산되도록 구세군과의 협업을 강화한다. 이홍렬 LG유플러스 ESG추진실장은 “통신 업계 최초로 구세군과 함께 매장 내에 디지털 자선냄비를 설치할 수 있게 돼 뜻깊다”며 “앞으로도 생활 속 기부 문화를 확산하기 위한 활동에 적극 동참하겠다”고 말했다.
https://n.news.naver.com/mnews/article/277/0005694029?sid=105,2025-12-16 09:00:00,IT/과학,"LG U+, 오픈AI 기술로 고객 상담 자동화…'에이전틱 콜봇' 출시","AI가 고객 의도·대화 맥락 이해하고 답변'에이전틱 AICC'로 상담 자동화 구현LG유플러스는 국내 최초로 오픈AI의 기술을 활용한 생성형 인공지능(AI) 기반 구독형 콜봇 서비스인 '에이전틱 콜봇'을 출시했다고 16일 밝혔다.콜봇은 고객 상담을 자동화하는 AI 전화 응대 서비스다. 여기에 에이전틱 AI 기술을 적용하면 고객 의도와 대화 맥락을 실시간으로 파악해 복잡한 문의도 자연스럽게 응대할 수 있다. 여기에 다양한 애플리케이션과 연동해 고객의 상담 목적에 부합하는 상담 서비스를 제공한다.LG유플러스는 국내 최초로 오픈AI의 기술을 활용한 생성형 인공지능(AI) 기반 구독형 콜봇 서비스인 '에이전틱 콜봇'을 출시했다고 16일 밝혔다. LG유플러스 직원이 에이전틱 콜봇을 소개하고 있는 모습. LG유플러스 제공기존 규칙 기반(룰베이스) 콜봇은 정해진 시나리오에 따라 단순·반복 문의에 한해 대응이 가능했다. 에이전틱 콜봇은 거대언어모델(LLM)과 검색증강생성(RAG) 등을 통해 사전 학습 없이도 표현과 상황을 파악하고 시스템을 제어할 수 있다.LG유플러스는 에이전틱 콜봇의 도입으로 상담 시간이 줄고 완결성이 높아질 것으로 기대하고 있다.에이전틱 콜봇은 제조, 유통, 서비스, 병원, 대학, 시설 등 다양한 업종의 고객센터에서 이용할 수 있다. 병원에서 AI가 전화를 받아 기존 예약을 확인하고 예약 변경을 처리한 뒤 완료 문자 전송까지 하는 방식이다.LG유플러스는 에이전틱 콜봇의 안정성과 보안을 위해 고객과의 대화와 개인정보에 보호 가드레일을 적용했다. 이를 통해 대시보드 기반의 실시간 모니터링과 통계로 운영 품질을 관리한다.LG유플러스는 오픈AI의 멀티모달 LLM에 기반한 말하기(음성합성)·듣기(음성인식)·추론을 실시간 API로 처리하는 '스피치 투 스피치(STS)' 기능과 다중 LLM을 연동하는 에이전트 서비스를 선보일 계획이다.정영훈 LG유플러스 기업AI사업담당(상무)은 ""고객 상담의 복잡성을 AI로 해결해 상담사가 본업에 집중하도록 돕고 에이전틱 AICC를 통해 완결형 상담 경험을 제공하겠다""면서 ""오픈AI의 다양한 기술을 활용해 추가적인 에이전틱 AICC 서비스를 선보일 계획""이라고 밝혔다."
https://n.news.naver.com/mnews/article/421/0008662419?sid=105,2025-12-16 09:00:00,IT/과학,"LGU+, 챗GPT 기술 적용한 '콜봇' 서비스 출시","오픈AI 기술 활용한 생성형 AI 기반 구독형 콜봇 선보여제조·유통·서비스·병원·대학·시설 등 다양한 고객센터 상담 제공LG유플러스 직원이 '에이전틱 콜봇'을 소개하고 있는 모습. (LGU+ 제공)(서울=뉴스1) 이기범 기자 = LG유플러스(032640)가 오픈AI의 기술을 활용한 생성형 인공지능(AI) 기반 구독형 콜봇 서비스를 16일 출시했다.콜봇은 고객 상담을 자동화하는 AI 전화 응대 서비스다. LG유플러스는 이번 서비스에 에이전틱 AI 기술을 적용해 고객 의도와 대화 맥락을 실시간으로 파악해 복잡한 문의도 자연스럽게 응대할 수 있다고 설명했다.에이전틱 콜봇은 대규모언어모델(LLM)과 지식검색(RAG) 등을 통해 사전 학습 없이도 다양한 표현과 상황을 파악하고 스스로 시스템을 제어할 수 있다. 제조, 유통, 서비스, 병원, 대학, 시설 등 다양한 고객센터 업종에서 이용할 수 있다.예를 들어 병원에서 AI가 전화를 받아 기존 예약을 확인하고 예약 변경을 처리한 뒤 완료 문자 전송까지 할 수 있다.정영훈 LG유플러스 기업AI사업담당(상무)은 ""고객 상담의 복잡성을 AI로 해결해 상담사가 본업에 집중하도록 돕고 에이전틱 AICC를 통해 완결형 상담 경험을 제공하겠다""며 ""오픈AI의 다양한 기술을 활용해 추가적인 에이전틱 AICC 서비스를 선보일 계획이다""고 말했다."
https://n.news.naver.com/mnews/article/014/0005449429?sid=105,2025-12-16 09:01:13,IT/과학,"""의도·대화 맥락까지 파악"" LG U+, 고객 상담에 오픈AI 기술 도입","LG유플러스 직원이 에이젠틱 콜봇을 소개하고 있다. LG유플러스 제공[파이낸셜뉴스] LG유플러스는 국내 최초로 오픈AI의 기술을 활용한 생성형 인공지능(AI) 기반 구독형 콜봇 서비스인 ‘에이젠틱 콜봇’을 출시했다고 16일 밝혔다.콜봇은 고객 상담을 자동화하는 AI 전화 응대 서비스다. 여기에 에이전틱 AI 기술을 적용하면 고객 의도와 대화 맥락을 실시간으로 파악해 복잡한 문의도 자연스럽게 응대할 수 있다. 또 다양한 어플리케이션과 연동해 고객의 상담 목적에 부합하는 완결형 상담서비스를 제공한다.기존 규칙 기반(룰베이스) 콜봇은 정해진 시나리오에 따라 단순·반복 문의에 한해 대응이 가능했다. 에이전틱 콜봇은 대규모언어모델(LLM)과 지식검색(RAG) 등을 통해 사전 학습 없이도 다양한 표현과 상황을 파악하고 스스로 시스템을 제어할 수 있다. 에이전틱 콜봇을 도입함에 따라 LG유플러스는 상담 시간이 줄어들고 완결성이 높아질 것으로 기대하고 있다.에이전틱 콜봇은 제조, 유통, 서비스, 병원, 대학, 시설 등 다양한 고객센터 업종에서 이용할 수 있다. 예를 들어 병원에서 AI가 전화를 받아 기존 예약을 확인하고 예약 변경을 처리한 뒤 완료 문자 전송까지 하는 AI상담 구현이 가능하다.LG유플러스는 에이전틱 콜봇의 안정성과 보안을 위해 고객과의 대화 및 개인정보에 보호 가드레일을 적용했다. 이를 통해 대시보드 기반의 실시간 모니터링 및 통계로 운영 품질을 관리해 고객은 안심하고 이용할 수 있다.앞으로 LG유플러스는 오픈AI의 멀티모달 거대언어모델(LLM)에 기반한 말하기(음성합성)·듣기(음성인식)·추론을 실시간 응용프로그램 인터페이스(API)로 처리하는 ‘스피치 투 스피치(STS)’ 기능과 다중 LLM을 연동하는 에이전트 서비스를 선보일 계획이다."
https://n.news.naver.com/mnews/article/030/0003380863?sid=105,2025-12-16 09:12:16,IT/과학,"LGU+, 오픈AI 기술로 고객센터 자동화…'에이전틱 콜봇' 출시","LG유플러스 직원이 Agentic 콜봇(Standard)을 소개하고 있는 모습.LG유플러스가 국내 최초로 오픈AI 기술을 활용한 생성형 인공지능(AI) 기반 구독형 콜봇 서비스인 '에이전틱(Agentic) 콜봇'을 출시했다.콜봇은 고객 상담을 자동화하는 AI 전화 응대 서비스다. 여기에 에이전틱 AI 기술을 적용하면 고객 의도와 대화 맥락을 실시간으로 파악해 복잡한 문의도 자연스럽게 응대할 수 있다. 다양한 애플리케이션과 연동해 고객의 상담 목적에 부합하는 완결형 상담서비스를 제공한다.기존 규칙 기반(룰베이스) 콜봇은 정해진 시나리오에 따라 단순·반복 문의에 한해 대응이 가능했다. 에이전틱 콜봇은 대규모언어모델(LLM)과 지식검색(RAG) 등을 통해 사전 학습 없이도 다양한 표현과 상황을 파악하고 스스로 시스템을 제어할 수 있다. 에이전틱 콜봇을 도입함에 따라, LG유플러스는 상담 시간이 줄어들고 완결성이 높아질 것으로 기대하고 있다.에이전틱 콜봇은 제조, 유통, 서비스, 병원, 대학, 시설 등 다양한 고객센터 업종에서 이용할 수 있다. 예를 들어, 병원에서 AI가 전화를 받아 기존 예약을 확인하고 예약 변경을 처리한 뒤 완료 문자 전송까지 하는 AI상담 구현이 가능하다.LG유플러스는 에이전틱 콜봇의 안정성과 보안을 위해 고객과의 대화 및 개인정보에 보호 가드레일을 적용했다. 이를 통해, 대시보드 기반의 실시간 모니터링 및 통계로 운영 품질을 관리해 고객은 안심하고 이용할 수 있다.앞으로 LG유플러스는 오픈AI의 멀티모달 LLM에 기반한 말하기(음성합성)·듣기(음성인식)·추론을 실시간 API로 처리하는 'STS(Speech-to-Speech)' 기능과 다중 LLM을 연동하는 에이전트 서비스를 선보일 계획이다.정영훈 LG유플러스 기업AI사업담당(상무)은 “오픈AI의 다양한 기술을 활용해 추가적인 Agentic AICC 서비스를 선보일 계획”이라고 밝혔다."
https://n.news.naver.com/mnews/article/031/0000989460?sid=105,2025-12-16 09:27:12,IT/과학,"LGU+, 오픈AI 기술 활용한 '에이전틱 콜봇' 출시","고객 상담 자동화⋯의도·대화 맥락 이해하고 답변LG유플러스(대표 홍범식)는 국내 최초로 오픈AI 기술을 활용한 생성형 AI 기반 구독형 콜봇 서비스 에이전틱 콜봇(스탠다드)을 출시했다고 16일 밝혔다.LG유플러스 직원이 에이전틱 콜봇(Standard)을 소개하고 있는 모습. [사진=LGU+]콜봇은 고객 상담을 자동화하는 AI 전화 응대 서비스다. 여기에 에이전틱 AI 기술을 적용하면 의도와 대화 맥락을 실시간으로 파악해 복잡한 문의도 자연스럽게 응대할 수 있다.기존 규칙 기반(룰베이스) 콜봇은 정해진 시나리오에 따라 단순·반복 문의에 한해 대응이 가능했다. 반면 에이전틱 콜봇은 대규모언어모델(LLM)과 지식검색(RAG) 등을 통해 사전 학습 없이도 다양한 표현과 상황을 파악하고 스스로 시스템을 제어할 수 있다.에이전틱 콜봇은 제조, 유통, 서비스, 병원, 대학, 시설 등 다양한 고객센터 업종에서 이용할 수 있다. 예를 들어 병원에서 AI가 전화를 받아 기존 예약을 확인하고 예약 변경을 처리한 뒤 완료 문자 전송까지 하는 AI상담 구현이 가능하다.LG유플러스는 오픈AI 멀티모달LLM에 기반한 말하기(음성합성)·듣기(음성인식)·추론을 실시간 API로 처리하는 STS(Speech-to-Speech) 기능과 다중 LLM을 연동하는 에이전트 서비스를 선보일 계획이다.정영훈 LG유플러스 기업AI사업담당(상무)은 ""고객 상담 복잡성을 AI로 해결해 상담사가 본업에 집중하도록 돕고 에이전틱 AICC를 통해 완결형 상담 경험을 제공하겠다""고 말했다."
https://n.news.naver.com/mnews/article/001/0015797778?sid=105,2025-12-16 09:40:40,IT/과학,"LGU+, AI로 고객 응대하는 '에이전틱 콜봇' 출시","고객 의도·대화 맥락 이해하고 답변…기업 디지털 전환 가속[LG유플러스 제공. 재판매 및 DB 금지](서울=연합뉴스) 박형빈 기자 = LG유플러스는 국내 최초로 오픈AI 기술을 활용한 생성형 AI 기반 구독형 고객 전화 응대 서비스 '에이전틱 콜봇'을 출시했다고 16일 밝혔다.이 서비스는 기존 콜봇이 사전에 설정된 시나리오에 따라 단순·반복 문의만 처리할 수 있었던 것과 달리 AI가 고객의 의도와 대화 맥락을 실시간으로 분석해 보다 복잡한 문의에도 대응할 수 있게 한 것이 특징이다.에이전틱 콜봇은 제조·유통·서비스업을 비롯해 병원, 대학, 시설 관리 등 다양한 고객센터 업무에 활용될 수 있을 것으로 회사 측은 보고 있다.LG유플러스는 서비스 안정성과 보안 강화 차원에서 고객과 대화 내용, 개인정보 보호를 위한 가드레일을 적용했다고 설명했다. 대시보드 기반의 실시간 모니터링과 통계 기능을 통해 운영 품질도 관리할 수 있다고도 전했다.LG유플러스는 향후 오픈AI의 멀티모달 대규모언어모델(LLM)을 기반으로 음성 합성, 음성 인식, 추론 기능을 실시간 API로 처리하는 'STS' 기능과 다중 LLM을 연동한 에이전트 서비스를 선보일 계획이다.binzz@yna.co.kr"
https://n.news.naver.com/mnews/article/215/0001234742?sid=101,2025-12-16 10:10:41,경제,"LGU+, 오픈AI와 '에이전틱 콜봇' 출시…""추가 서비스 계획""","LG유플러스가 국내 최초로 오픈AI의 기술을 활용한 생성형 AI 기반 구독형 콜봇 서비스인 '에이전틱 콜봇(스탠다드)'을 출시했다고 16일 밝혔다.콜봇은 고객 상담을 자동화하는 AI 전화 응대 서비스다. 여기에 에이전틱 AI 기술을 적용하면 고객 의도와 대화 맥락을 실시간으로 파악해 복잡한 문의도 자연스럽게 응대할 수 있다.또한, 다양한 어플리케이션과 연동해 고객의 상담 목적에 부합하는 완결형 상담서비스를 제공한다.에이전틱 콜봇은 대규모언어모델(LLM)과 지식검색(RAG) 등을 통해 사전 학습 없이도 다양한 표현과 상황을 파악하고 스스로 시스템을 제어할 수 있다.LG유플러스는 에이전틱 콜봇을 도입함에 따라 상담 시간이 줄어들고 완결성이 높아질 것으로 기대하고 있다.에이전틱 콜봇은 제조, 유통, 서비스, 병원, 대학, 시설 등 다양한 고객센터 업종에서 이용할 수 있다.LG유플러스는 에이전틱 콜봇의 안정성과 보안을 위해 고객과의 대화 및 개인정보에 보호 가드레일을 적용했다.이를 통해 대시보드 기반의 실시간 모니터링 및 통계로 운영 품질을 관리해 고객은 안심하고 이용할 수 있다.앞으로 LG유플러스는 오픈AI의 멀티모달LLM에 기반한 말하기(음성합성)·듣기(음성인식)·추론을 실시간 API로 처리하는 'STS(Speech-to-Speech)' 기능과 다중 LLM을 연동하는 에이전트 서비스를 선보일 계획이다.정영훈 LG유플러스 기업AI사업담당(상무)은 ""오픈AI의 다양한 기술을 활용해 추가적인 에이전틱 AI 컨택센터(AICC) 서비스를 선보일 계획""이라고 밝혔다."
https://n.news.naver.com/mnews/article/144/0001086423?sid=105,2025-12-16 10:48:15,IT/과학,"LGU+, AI로 고객 응대하는 ‘에이전틱 콜봇’ 출시","LG유플러스가 국내 최초로 오픈AI 기술을 활용한 생성형 AI 기반 구독형 고객 전화 응대 서비스 ‘에이전틱 콜봇’을 출시했다고 16일 밝혔다.LG유플러스 직원이 에이전틱 콜봇(Standard)을 소개하고 있는 모습.단순·반복 문의에 한해 대응했던 기존과 달리 AI가 고객의 의도와 대화 맥락을 실시간으로 분석해 보다 복잡한 문의에도 대응하는 서비스다. 다양한 어플리케이션과 연동해 고객의 상담 목적에 부합하는 완결형 상담서비스를 제공한다.에이전틱 콜봇은 제조·유통·서비스업을 비롯해 병원, 대학, 시설 관리 등 다양한 고객센터 업무에 활용될 수 있을 것으로 회사 측은 보고 있다.LG유플러스는 서비스 안정성과 보안 강화 차원에서 고객과 대화 내용, 개인정보 보호를 위한 가드레일을 적용했다고 설명했다. 대시보드 기반의 실시간 모니터링과 통계 기능을 통해 운영 품질도 관리할 수 있다고도 전했다.LG유플러스는 향후 오픈AI의 멀티모달 대규모언어모델(LLM)을 기반으로 음성 합성, 음성 인식, 추론 기능을 실시간 API로 처리하는 ‘STS’ 기능과 다중 LLM을 연동한 에이전트 서비스를 선보일 계획이다.조진호 기자 ftw@kyunghyang.com"
https://n.news.naver.com/mnews/article/016/0002572703?sid=105,2025-12-16 11:17:23,IT/과학,"LGU+, Open AI 전화 응대 서비스 출시","생성형 AI 기반 구독형 콜봇 서비스‘에이전틱 콜봇’ 스탠다드 모델 출시LG유플러스 직원이 에이전틱 콜봇을 소개하는 모습. [LG유플러스 제공]LG유플러스가 국내 최초로 OpenAI의 기술을 활용한 인공지능(AI) 전화 응대 서비스를 출시했다.LG유플러스는 생성형 AI 기반 구독형 콜봇 서비스인 ‘에이전틱(Agentic) 콜봇’ 스탠다드(Standard) 모델을 출시했다고 16일 밝혔다.콜봇은 고객 상담을 자동화하는 AI 전화 응대 서비스다. 여기에 에이전틱 AI 기술을 적용하면 고객 의도와 대화 맥락을 실시간으로 파악해 복잡한 문의도 자연스럽게 응대할 수 있다. 또, 다양한 어플리케이션과 연동해 고객의 상담 목적에 부합하는 완결형 상담서비스를 제공한다.에이전틱 콜봇은 대규모언어모델(LLM)과 지식검색(RAG) 등을 통해 사전 학습 없이도 다양한 표현과 상황을 파악하고 스스로 시스템을 제어할 수 있다. LG유플러스는 상담 시간이 줄어들고 완결성이 높아질 것으로 기대하고 있다.에이전틱 콜봇은 제조, 유통, 서비스, 병원, 대학, 시설 등 다양한 고객센터 업종에서 이용할 수 있다. 병원에서 AI가 전화를 받아 기존 예약을 확인하고 예약 변경을 처리한 뒤 완료 문자 전송까지 하는 AI상담 구현이 가능하다.LG유플러스는 에이전틱 콜봇의 안정성과 보안을 위해 고객과의 대화 및 개인정보에 보호 가드레일을 적용했다. 앞으로 LG유플러스는 오픈AI의 멀티모달LLM에 기반한 말하기(음성합성)·듣기(음성인식)·추론을 실시간 API로 처리하는 ‘STS(Speech-to-Speech)’ 기능과 다중 LLM을 연동하는 에이전트 서비스를 선보일 계획이다. 박혜림 기자"
https://n.news.naver.com/mnews/article/003/0013660395?sid=102,2025-12-16 12:00:00,사회,"서울시, '희망의 인문학' 수료생 운영 동행스토어 1호점 문 연다","서울역 인근 1호 '정담(情談)' 개점[서울=뉴시스] 오세훈 서울시장이 15일(금) 서울시청 다목적홀에서 열린 '2024년 서울시 희망의 인문학 수료식'에서 수료생과 대화를 나누고 있다. 2024.11.15. (사진=서울시 제공) *재판매 및 DB 금지[서울=뉴시스] 박대로 기자 = #. 불과 7~8년 전에 저는 자살을 생각하고 세상과 등지려 한강의 한 다리에 서 있었습니다. 인생을 비관하고 나 자신을 가장 미워하는 것이 저였었습니다. 희망의 인문학을 통해 저는 저를 더 많이 사랑하게 됐고 주변 사람들을 돌아보게 됐습니다. 물론 저 혼자는 감히 꿈도 꿀 수 없는 이야기지만 뜻이 맞는 여럿이 함께 하면 가능할 수도 있겠다는 생각을 하게 됐습니다. 더욱이 서울시가 인문학 수료자들이 창업할 수 있게 돕는다고 하니 용기를 내게 됐습니다. (50대 참여자 A씨)#. 이혼 후 두 자녀를 데리고 노숙하다 현재는 고시원에서 생활하고 있습니다. 뇌전증으로 장애 4급이며 우울증으로 약을 복용하기도 했습니다. 인문학 참여 이후 학업을 이어가고자 노력해서 중학교와 고등학교를 졸업했습니다. 붕어빵 장사나 식당 잡일을 하며 생계를 유지해 왔고 일반 수급자가 됐으나 수급을 종료하고 창업사업단에 도전하게 됐습니다. (50대 창업사업단 B씨)서울시는 '희망의 인문학' 수료생들이 직접 운영하는 집밥 음식점 '정담(情談)'을 서울역 인근에 열고 지역 주민과 직장인들에게 식사를 제공한다고 16일 밝혔다.희망의 인문학이란 인문학 수업을 통해 노숙인 등이 자존감을 회복하고 지역 사회에서 자립할 수 있도록 돕는 서울시 사업이다.'정이 담긴 진심 어린 이야기'라는 의미인 정담(情談)은 참여자들이 재기를 위해서 노력하고 진심으로 음식을 만든다는 의지를 담았다. 희망의 인문학 수료생 중 조리사 등 경험이 있는 5명이 직접 운영한다.참여자들은 실직과 알코올 중독, 사업 실패, 이혼·가족 해체 등 각기 다른 사연이 있다. 인문학을 통해 희망을 품고 가족과의 재결합이나 자활 기업으로의 독립을 꿈꾸고 있다.정담이 제공하는 메뉴는 ▲힘내라! 보양식 같은 뚝닥뚝닭(뚝배기닭볶음탕) ▲속상한 마음을 위로하는 '토닥토닭'(토마토 닭볶음요리) 등이다.참여자들은 창업 전 자활작업장으로 조성된 서계동 청파언덕집에서 전문 요리사 지도 아래 조리 교육과 서울신용보증재단 창업아카데미, 현장 상담 등을 통해 경험을 쌓았다. 직접 발품을 팔며 시장 조사를 거쳤다.청파언덕집(서계동 33-232번지)은 행정안전부 특별교부세를 지원 받아 1층 식당(주방과 홀), 2층 소통 공간, 3층 프로그램실(인문학 등) 등을 조성했다.교육은 푸드앤컴퍼니 박소진 셰프가 맡았다. 상담은 강철 대표가 운영 중인 가이오국수 등에서 15회 이뤄졌다.16일 낮 12시에는 개업에 도움을 준 재능 기부자와 후원자를 비롯해 희망의 인문학 교수와 동기생을 초대한다. 감사의 마음을 담아 식사를 대접하는 '감사의 식탁' 행사가 열렸다.오세훈 서울시장을 비롯해 창업 지원금을 후원한 신한은행 이정빈 경영지원그룹장, 인테리어 설계 재능 기부에 참여한 탈건축사사무소 서지영 대표와 문주현 디자이너 등이 참석했다.신한은행은 전국은행연합회 사회공헌 플랫폼 '뱅크잇' 캠페인을 통해 1억58만원을 모금해 창업 사업단에 전달했다.탈건축사사무소는 인테리어 설계 재능 기부와 시공자 연결을 맡았다. LGU+는 동행스토어 홍보에 협력했다.서울시는 동행스토어를 추가 개설한다. 이달 안에 영등포보현종합지원센터 입구 건물에 2호점 '내 생애 에스프레소'와 내년 1월 서울역 인근에 3호점 뜨개질 카페 '이음'을 열 예정이다.노숙인과 취약 계층이 자존감을 회복하고 지역 사회에서 자립할 수 있도록 돕는 희망의 인문학은 2008년부터 2012년까지 5년간 수료생 4485명을 배출했다.이후 약 10년간 보건복지부 사업으로 이관됐다가 2022년 다시 희망의 인문학이라는 이름으로 운영됐다. 2022년부터 올해까지 2721명이 참여했다. 사업 시작 이후 누적 참여자는 7206명으로 늘었다.오세훈 시장은 ""서울시가 말하는 약자와의 동행은 누군가의 도움에 머무는 것이 아니라 스스로 변화를 만들어가는 주체로 서는 것""이라며 ""취약 계층이 스스로 변화를 만들고 지역 사회에 안정적으로 뿌리 내릴 수 있는 정책을 꾸준히 실천하겠다""고 말했다."
https://n.news.naver.com/mnews/article/030/0003381092?sid=105,2025-12-16 14:13:13,IT/과학,"LGU+, RCS 기반 '안심문자' 도입…스미싱 원천 차단","LG유플러스 'U+안심문자'LG유플러스가 보안성을 강화하고 고객 편의를 높인 새로운 문자메시지 서비스인 'U+안심문자'를 도입했다. 이 서비스는 차세대 문자규격 RCS 기반으로 메시지를 안전하고 직관적으로 확인할 수 있다. 회사는 내년 상반기까지 모든 대고객 문자에 안심문자를 적용하다는 방침이다.16일 업계에 따르면 LG유플러스는 통신사 최초로 RCS 문자 서비스를 활용한 'U+안심문자'를 도입해 요금제 가입·서비스 변경 등 정보성 안내문자에 우선 적용했다.U+안심문자는 이미지와 아이콘를 활용해 메시지를 직관적으로 이해할 수 있다는 장점이 있다. 특히 스미싱 위험이 있는 URL(인터넷 주소)를 없앴다.스미싱 범죄의 경우 URL 링크를 클릭하거나 앱을 설치할 경우 악성코드 감염으로 인한 무단결제, 개인정보 유출 등 피해를 입을 수 있다. 이에 U+안심문자는 URL 대신 버튼을 클릭하도록 해 스미싱 피해를 원천 차단한다.또 기업 로고와 '확인된 발신번호'라는 발신자 인증 문구를 표시해 스팸이나 사칭으로 인한 피해를 예방할 수 있도록 했다.이처럼 메시지에 대한 신뢰와 직관성을 높이면서 U+안심문자 수신 고객의 인입률은 기존 문자대비 1.5배 증가했다.LG유플러스는 광고성 메시지에만 RCS 방식을 적용하는 것이 아닌, 가입·해지 등 필수 정보성 문자에도 RCS를 적용하기로 했다. 앞으로 고객이 가입한 상품이나 서비스에 따른 필수 안내사항을 U+안심문자로 발송한다는 방침이다.LG유플러스 측은 “올해 말까지 U+안심문자 발송을 월 1700만건 이상으로 확대하고, 내년 상반기까지 U+안심문자를 모든 대고객 문자에 적용할 계획”이라고 밝혔다."
https://n.news.naver.com/mnews/article/003/0013661050?sid=102,2025-12-16 15:31:17,사회,"서울시, '희망의 인문학' 수료생 운영 동행스토어 1호점 문 연다(종합)","서울역 인근 1호 '정담(情談)' 개점[서울=뉴시스] 박주성 기자 = 오세훈 서울시장이 16일 서울 용산구에 '희망의 인문학' 수료생들이 직접 운영하는 동행스토어 1호점 집밥 음식점 '정담(情談)' 을 찾아 참석자들과 식사를 하고 있다. 희망의 인문학이란 인문학 수업을 통해 노숙인 등이 자존감을 회복하고 지역 사회에서 자립할 수 있도록 돕는 서울시 사업이다.'정이 담긴 진심 어린 이야기'라는 의미인 정담(情談)은 참여자들이 재기를 위해서 노력하고 진심으로 음식을 만든다는 의지를 담았다. 희망의 인문학 수료생 중 조리사 등 경험이 있는 5명이 직접 운영한다. 2025.12.16. park7691@newsis.com[서울=뉴시스] 박대로 기자 = #. 불과 7~8년 전에 저는 자살을 생각하고 세상과 등지려 한강의 한 다리에 서 있었습니다. 인생을 비관하고 나 자신을 가장 미워하는 것이 저였었습니다. 희망의 인문학을 통해 저는 저를 더 많이 사랑하게 됐고 주변 사람들을 돌아보게 됐습니다. 물론 저 혼자는 감히 꿈도 꿀 수 없는 이야기지만 뜻이 맞는 여럿이 함께 하면 가능할 수도 있겠다는 생각을 하게 됐습니다. 더욱이 서울시가 인문학 수료자들이 창업할 수 있게 돕는다고 하니 용기를 내게 됐습니다. (50대 참여자 A씨)#. 이혼 후 두 자녀를 데리고 노숙하다 현재는 고시원에서 생활하고 있습니다. 뇌전증으로 장애 4급이며 우울증으로 약을 복용하기도 했습니다. 인문학 참여 이후 학업을 이어가고자 노력해서 중학교와 고등학교를 졸업했습니다. 붕어빵 장사나 식당 잡일을 하며 생계를 유지해 왔고 일반 수급자가 됐으나 수급을 종료하고 창업사업단에 도전하게 됐습니다. (50대 창업사업단 B씨)서울시는 '희망의 인문학' 수료생들이 직접 운영하는 집밥 음식점 '정담(情談)'을 서울역 인근에 열고 지역 주민과 직장인들에게 식사를 제공한다고 16일 밝혔다.희망의 인문학이란 인문학 수업을 통해 노숙인 등이 자존감을 회복하고 지역 사회에서 자립할 수 있도록 돕는 서울시 사업이다.'정이 담긴 진심 어린 이야기'라는 의미인 정담(情談)은 참여자들이 재기를 위해서 노력하고 진심으로 음식을 만든다는 의지를 담았다. 희망의 인문학 수료생 중 조리사 등 경험이 있는 5명이 직접 운영한다.참여자들은 실직과 알코올 중독, 사업 실패, 이혼·가족 해체 등 각기 다른 사연이 있다. 인문학을 통해 희망을 품고 가족과의 재결합이나 자활 기업으로의 독립을 꿈꾸고 있다.정담이 제공하는 메뉴는 ▲힘내라! 보양식 같은 뚝닥뚝닭(뚝배기닭볶음탕) ▲속상한 마음을 위로하는 '토닥토닭'(토마토 닭볶음요리) 등이다.참여자들은 창업 전 자활작업장으로 조성된 서계동 청파언덕집에서 전문 요리사 지도 아래 조리 교육과 서울신용보증재단 창업아카데미, 현장 상담 등을 통해 경험을 쌓았다. 직접 발품을 팔며 시장 조사를 거쳤다.청파언덕집(서계동 33-232번지)은 행정안전부 특별교부세를 지원 받아 1층 식당(주방과 홀), 2층 소통 공간, 3층 프로그램실(인문학 등) 등을 조성했다.교육은 푸드앤컴퍼니 박소진 셰프가 맡았다. 상담은 강철 대표가 운영 중인 가이오국수 등에서 15회 이뤄졌다.[서울=뉴시스] 박주성 기자 = 오세훈 서울시장이 16일 서울 용산구에 '희망의 인문학' 수료생들이 직접 운영하는 동행스토어 1호점 집밥 음식점 '정담(情談)' 을 찾아 주방을 둘러보고 있다. 희망의 인문학이란 인문학 수업을 통해 노숙인 등이 자존감을 회복하고 지역 사회에서 자립할 수 있도록 돕는 서울시 사업이다.'정이 담긴 진심 어린 이야기'라는 의미인 정담(情談)은 참여자들이 재기를 위해서 노력하고 진심으로 음식을 만든다는 의지를 담았다. 희망의 인문학 수료생 중 조리사 등 경험이 있는 5명이 직접 운영한다. 2025.12.16. park7691@newsis.com16일 낮 12시에는 개업에 도움을 준 재능 기부자와 후원자를 비롯해 희망의 인문학 교수와 동기생을 초대한다. 감사의 마음을 담아 식사를 대접하는 '감사의 식탁' 행사가 열렸다.오세훈 서울시장을 비롯해 창업 지원금을 후원한 신한은행 이정빈 경영지원그룹장, 인테리어 설계 재능 기부에 참여한 탈건축사사무소 서지영 대표와 문주현 디자이너 등이 참석했다.오 시장 등과 함께 식사를 한 박모씨는 ""희망의 인문학 수업을 듣고 있는데 수업 시간 내내 웃음이 떠나지 않고 토론식으로 이야기를 나누다 보니 스트레스가 다 풀린다""고 말했다. 수료생인 이모씨는 ""단순한 교육을 넘어 살아가야 할 길을 알려주는 것 같다""고 언급했다.신한은행은 전국은행연합회 사회공헌 플랫폼 '뱅크잇' 캠페인을 통해 1억58만원을 모금해 창업 사업단에 전달했다.탈건축사사무소는 인테리어 설계 재능 기부와 시공자 연결을 맡았다. LGU+는 동행스토어 홍보에 협력했다.서울시는 동행스토어를 추가 개설한다. 이달 안에 영등포보현종합지원센터 입구 건물에 2호점 '내 생애 에스프레소'와 내년 1월 서울역 인근에 3호점 뜨개질 카페 '이음'을 열 예정이다.노숙인과 취약 계층이 자존감을 회복하고 지역 사회에서 자립할 수 있도록 돕는 희망의 인문학은 2008년부터 2012년까지 5년간 수료생 4485명을 배출했다.이후 약 10년간 보건복지부 사업으로 이관됐다가 2022년 다시 희망의 인문학이라는 이름으로 운영됐다. 2022년부터 올해까지 2721명이 참여했다. 사업 시작 이후 누적 참여자는 7206명으로 늘었다.오 시장은 ""희망의 인문학은 서울시 약자 동행의 가장 상징적 사업""이라며 ""여러분이 스스로의 힘으로 일어서는 모습이 좋은 메시지가 되고 우리 사회에 어렵고 힘든 경험을 하고 있는 분들에게 희망을 주고 변화를 주는 단초가 되길 바란다""고 말했다."
https://n.news.naver.com/mnews/article/382/0001242583?sid=105,2025-12-16 16:34:14,IT/과학,"LGU+, 오픈AI 기술 기반  ‘에이전틱 콜봇’ 출시","LG유플러스가 국내 최초로 오픈AI의 기술을 활용한 생성형 인공지능(AI) 기반 구독형 콜봇 서비스 ‘에이전틱 콜봇’을 출시했다. ‘콜봇’은 고객 상담을 자동화하는 AI 전화 응대 서비스다. 에이전틱 AI 기술을 적용하면 고객 의도와 대화 맥락을 실시간으로 파악해 복잡한 문의도 자연스럽게 응대할 수 있다. 또 다양한 애플리케이션과 연동해 상담 목적에 부합하는 완결형 서비스를 제공한다.기존 규칙 기반 콜봇은 정해진 시나리오에 따라 단순·반복 문의에 한해 대응이 가능했다. 에이전틱 콜봇은 대규모언어모델(LLM)과 지식검색(RAG) 등을 통해 사전 학습 없이도 다양한 표현과 상황을 파악하고 스스로 시스템을 제어할 수 있다. LG유플러스는 상담 시간이 줄어들고 완결성이 높아질 것으로 기대하고 있다.에이전틱 콜봇은 제조, 유통, 서비스, 병원, 대학, 시설 등 다양한 고객센터 업종에서 이용할 수 있다. 병원에선 AI가 전화를 받아 기존 예약을 확인하고 예약 변경을 처리한 뒤 완료 문자 전송까지 하는 AI상담 구현이 가능하다.정영훈 LG유플러스 기업AI사업담당(상무)은 “고객 상담의 복잡성을 AI로 해결해 상담사가 본업에 집중하도록 돕고 에이전틱 AICC(AI 컨택센터)를 통해 완결형 상담 경험을 제공하겠다”며 “오픈AI의 다양한 기술을 활용해 추가적인 에이전틱 AICC 서비스를 선보일 계획이다”고 말했다."
https://n.news.naver.com/mnews/article/421/0008664354?sid=105,2025-12-16 17:41:40,IT/과학,"SOOP, LCK 등 LOL e스포츠 중계권 확보…""2030년까지""","(숲 제공)/뉴스1(서울=뉴스1) 김정현 기자 = 숲(SOOP)이 라이엇게임즈와 리그오브레전드(LOL·롤) e스포츠 중계 파트너십을 5년간 이어간다.SOOP은 16일 라이엇게임즈와 콘텐츠 제공 및 중계 협력에 관한 업무협약(MOU)을 체결했다고 밝혔다.이번 협약에는 2026년부터 2030년까지 LCK 중계에 대한 독점적 파트너십을 유지하고, 글로벌 이벤트와 주요 지역 리그 중계 협업을 추진하는 장기 협력 방향이 담겼다.이번 협약으로 SOOP은 기존 LCK와 퍼스트 스탠드, MSI, 월드 챔피언십 중계 및 LPL∙LEC∙LCS∙LCP 등 주요 해외 리그의 다양한 언어 방송 송출권까지 포함한 LoL e스포츠 콘텐츠 제공 범위을 확보했다.시청 플랫폼도 기존의 웹과 스마트폰·태블릿 앱은 물론 LG·삼성·안드로이드OS 기반 스마트TV 앱 등으로 중계되는 모든 리그에 대해서 고화질의 중계를 제공할 예정이다.특히 SOOP이 운영중인 케이블TV·IPTV 채널을 통해서도 LCK 주요 경기를 선택적으로 송출할 예정이다. SOOP TV는 BTV 234번, 지니티비 129번, LGU+ 120번, 서경방송 256번, 딜라이브 160번, LG헬로비젼 194번에 배정됐다.SOOP은 LCK 공식 방송국에 타임머신(되돌려보기) 기능을 적용한다. 기존에는 퀵뷰 이용자만 사용할 수 있었던 '라이브 중 되돌려보기' 기능을 LCK 공식 방송국에서 PC·앱 시청자라면 1시간까지 이용할 수 있다.SOOP과 라이엇게임즈는 중장기적으로 LoL 계정과 SOOP 계정 연동 기반의 팬 혜택 제공, 드롭스 적용 확대, 리그 중계방송은 물론, 프로게이머와 스트리머들의 스트리밍을 통한 디지털 아이템 공동 판매 등 단계적 협력 방안도 함께 검토할 예정이다.SOOP 측은 ""이번 협약을 계기로 구단 협업 콘텐츠와 스트리머 중심 콘텐츠를 함께 운영하며, 해외 리그와 글로벌 이벤트까지 포함한 LoL e스포츠 콘텐츠 영역을 넓혀갈 예정""이라고 말했다."
https://n.news.naver.com/mnews/article/243/0000089705?sid=105,2025-12-16 18:13:09,IT/과학,"SOOP, 라이엇 게임즈와 LCK∙LoL 글로벌 e스포츠 중계 협력 MOU 체결","2026년부터 2030년까지 5년간 LCK 양자 독점 포함 주요 LoL 글로벌 대회 공식 중계웹∙스마트폰∙태블릿∙스마트TV 등 시청 방식 다변화, 타임머신(되돌려보기) 기능으로 편의성 확대(오른쪽부터) SOOP 최영우 대표이사, 라이엇 게임즈 아시아태평양 퍼블리싱 및 이스포츠 오상헌 총괄 [사진 SOOP][이코노미스트 원태영 기자]SOOP이 라이엇게임즈와 LoL e스포츠 중계 파트너십을 5년간 이어간다.SOOP은 라이엇게임즈와 콘텐츠 제공 및 중계 협력에 관한 업무협약(MOU)을 체결했다고 16일(화) 밝혔다. 이번 협약에는 2026년부터 2030년까지 LCK 중계에 대한 독점적 파트너십을 유지하고, 글로벌 이벤트와 주요 지역 리그 중계 협업을 추진하는 장기 협력 방향이 담겼다.이번 협약으로 SOOP은 기존 LCK와 퍼스트 스탠드, MSI, 월드 챔피언십 중계는 물론 LPL∙LEC∙LCS∙LCP 등 주요 해외 리그의 다양한 언어 방송 송출권까지 포함한 LoL e스포츠 콘텐츠 제공 범위을 확보했다. 시청 플랫폼 또한 대폭 확대된다. 기존의 웹과 스마트폰, 태블릿 앱은 물론 케이블/IPTV 채널과 LG·삼성·안드로이드 OS 기반 스마트TV 앱 등으로 중계되는 모든 리그에 대해서 고화질의 중계를 제공할 예정이며, 유저는 TV·PC·모바일 등 상황에 맞춰 원하는 방식으로 시청할 수 있다.특히, SOOP이 운영중인 케이블TV/IPTV 채널을 통해서도 LCK 주요 경기를 선택적으로 송출할 예정이다. SOOP TV는 BTV 234번, 지니티비 129번, LG U+ 120번, 서경방송 256번, 딜라이브 160번, LG헬로비젼 194번에 배정된 SOOP 채널을 통해서 즐길 수 있다.SOOP은 LCK 공식 방송국에 타임머신(되돌려보기) 기능을 적용한다. 기존에는 퀵뷰 이용자만 사용할 수 있었던 ‘라이브 중 되돌려보기’ 기능을 LCK 공식 방송국에서 PC/APP 시청자라면 1시간까지 누구나 이용할 수 있다. 경기 중 놓친 주요 장면이나 교전 순간을 즉시 돌려볼 수 있어 몰입도가 한층 높아질 전망이다. 또한, SOOP을 통해 선공개 될 예정인 하이라이트와 비하인드 등 다양한 콘텐츠로 리그의 흥미를 높일 예정이다.SOOP과 라이엇게임즈는 중장기적으로 LoL 계정과 SOOP 계정 연동 기반의 팬 혜택 제공, 드롭스 적용 확대, 리그 중계방송은 물론, 프로게이머와 스트리머들의 스트리밍을 통한 디지털 아이템 공동 판매 등 단계적 협력 방안도 함께 검토할 예정이다.한편, SOOP은 LCK구단과의 협업, 드롭스, 승부예측, PoM투표 등을 통해 유저들이 보다 몰입감 있게 LCK 및 LoL 글로벌 e스포츠를 즐길 수 있는 환경 강화에 나선다.SOOP은 T1, 젠지, 프릭스 등 6개 LCK 구단과 스트리밍 파트너십을 체결해 선수 개인 방송과 팀별 콘텐츠를 공식 운영중이다. 팀 페이지에서는 최신 소식, 응원 메시지, 굿즈 정보 등을 확인할 수 있으며, 연습 과정이나 경기 직후 소감 같은 콘텐츠도 실시간으로 볼 수 있다. 구독 유저는 Q&A 기능을 통해 선수·팀에 질문을 남길 수 있다.스트리머 기반 콘텐츠도 함께 제공된다. 스트리머들은 자신이 응원하는 팀을 중심으로 분석과 실시간 반응을 곁들인 중계를 진행하고 있으며, 유저는 채팅을 통해 의견을 나누며 경기를 즐길 수 있다.SOOP은 이번 협약을 계기로 구단 협업 콘텐츠와 스트리머 중심 콘텐츠를 함께 운영하며, 해외 리그와 글로벌 이벤트까지 포함한 LoL e스포츠 콘텐츠 영역을 넓혀갈 예정이다."
https://n.news.naver.com/mnews/article/028/0002781775?sid=105,2025-12-16 18:44:12,IT/과학,KT 차기 대표 후보 ‘30년 KT맨’ 박윤영…네 번째 도전 결실 맺나,"박윤영 케이티(KT) 대표이사 후보. 케이티 제공케이티(KT)를 이끌어갈 차기 대표이사 후보로 박윤영 전 케이티 기업부문장이 확정됐다. 내년 3월 열리는 케이티 주주총회에서 승인을 받게 되면 박 후보는 대표이사로 공식 취임하게 된다. 정치권·관료 출신이 배제되면서 ‘낙하산’ 논란에서 벗어나게 됐다는 평가가 나온다.케이티 이사후보추천위원회는 박윤영 전 케이티 기업부문장을 차기 대표이사 후보로 선정했다고 16일 밝혔다. 이사후보추천위원회는 “케이티 사업 경험과 기술 기반의 경영 역량을 바탕으로 디엑스(DX·디지털 전환)·기업 간 거래(B2B) 분야에서 성과를 거둔 인물”이라고 박 후보 선정 이유를 밝혔다.박 후보는 1992년 입사한 이래 케이티에서만 30년의 경력을 쌓았다. 케이티 기업사업컨설팅본부 본부장, 기업부문장 등을 역임했다. 그의 대표이사 공모 도전은 이번이 네 번째다. 앞서 2020년 구현모 전 대표 선출 당시에도 막판까지 경합을 벌였고, 2023년 3월과 그해 7월 김영섭 현 대표 선출 때도 최종 후보군에 포함됐으나 최종 관문을 넘지 못했다.‘정통 케이티 맨’인만큼 케이티 조직과 문화에 대한 이해가 높다는 것이 장점으로 꼽힌다. 올 하반기 케이티를 흔들었던 해킹 이슈 등으로 어수선한 조직을 정비하고 사고를 원활하게 수습할 수 있을 것으로 내부에서는 기대하고 있다. 박 후보자는 내년 3월 열릴 케이티 정기 주주총회에서 60% 이상 찬성표를 받으면 대표이사로 공식 취임한다.다만 한편에서는 우려의 목소리도 나온다. 통신 사업 중심으로 경력을 쌓은 박 후보자가 통신사의 미래 먹거리로 부상한 인공지능(AI) 영역에서 기술 전문성이 다소 부족한 것이 아니냐는 이유에서다. 이번 대표이사 선임 과정에서 박 후보자가 2015~2016년 이뤄진 케이티의 불법 정치자금 ‘쪼개기 후원’에 연루된 일도 다시 구설에 오른 바 있다.박 후보 앞에 놓인 우선 과제는 최근 있었던 해킹 사태를 수습하는 일이다. 케이티는 지난 8~9월 발생한 불법 초소형 중계기(펨토셀) 소액결제 해킹사태를 아직 해결하지 못했다. 기본적인 피해보상은 진행했지만, 내년 초로 예상되는 민관합동조사단의 최종 조사 결과가 나오면 위약금 면제 방안 등의 대책을 확정해야 한다. 이 밖에도 사고 수습 및 정부 조사과정에서 확인된 사고 은폐 축소 의혹, 해킹 관련 서버 폐기 의혹, 악성코드 감염 은폐 의혹에도 대응해야 한다. 통신업계 관계자는 이번 인사를 놓고 “케이티가 당면한 위기를 헤쳐나가는 데 내부 안정에 방점을 둔 것 같다”고 말했다.인공지능 기업으로 체질을 전환해야 하는 점도 과제로 꼽힌다. 케이티는 경쟁사 대비 인공지능 기술 역량이 떨어진다는 비판이 있다. 에스케이텔레콤(SKT)과 엘지유플러스(LG U+)는 국가대표 인공지능 모델 개발에 참여하고 있는 상황에서 이동통신 3사 중 케이티만 탈락했기 때문이다. 케이티는 자체 개발보다는 마이크로소프트(MS) 등 국외 빅테크 사업자와의 협업을 강조해 왔다."
https://n.news.naver.com/mnews/article/081/0003601503?sid=105,2025-12-17 05:03:56,IT/과학,LGU+ 생성형 AI로 전화 응대 [경제 브리핑],"LG유플러스는 국내 최초로 오픈AI 기술을 활용한 생성형 AI 기반 구독형 고객 전화 응대 서비스 ‘에이전틱 콜봇’을 출시했다고 16일 밝혔다. AI가 고객의 의도와 대화 맥락을 실시간으로 분석해 보다 복잡한 문의에도 대응할 수 있게 했다. 회사는 해당 콜봇이 제조·유통·서비스업을 비롯해 병원, 대학, 시설 관리 등 다양한 고객센터 업무에 활용될 것으로 봤다.LG유플러스는 향후 오픈AI의 멀티모달 대규모언어모델(LLM)을 기반으로 음성 합성, 음성 인식, 추론 기능을 실시간 처리하는 STS 기능과 다중 LLM을 연동한 에이전트 서비스도 선보일 계획이다."
https://n.news.naver.com/mnews/article/001/0015799725?sid=102,2025-12-17 07:11:30,사회,[2025결산] 통신·플랫폼·게임까지 뚫린 한국 IT 보안,"SKT·KT·LGU+·롯데카드·넷마블·쿠팡 잇단 유출개인정보 관리 부실·과도한 수집 관행 도마쿠팡, 개인정보배상보험 법정 최소금액만 가입(서울=연합뉴스) 김인철 기자 = 쿠팡과 SK텔레콤 등 대규모 고객 계정 유출 사고를 낸 기업 대부분이 피해자를 구제하는 '개인정보유출 배상보험'을 법정 최소 금액으로만 가입해 온 것으로 나타난 8일 서울 시내의 한 쿠팡 물류센터 앞 배송차량 모습. 2025.12.8 yatoya@yna.co.kr(서울=연합뉴스) 조성미 기자 = 한국 정보기술(IT) 업계에는 '홀수 해 징크스'라는 게 있다.대형 사이버 보안 사고가 2009년, 2011년 등 유독 홀수 해에 몰려 일어나서 생긴 말인데 올해도 예외가 아니었다.통신·금융까지 번진 연쇄 해킹그 시작은 지난 4월 말 SK텔레콤이었다. 해커가 서버에 침투해 심은 악성 코드에 이용자들의 이동가입자식별번호(IMSI), 단말기 고유식별번호(IMEI), 유심 인증키 등 주요 정보가 유출된 사실이 뒤늦게 알려지면서다.결과적으로 이들 핵심 개인 정보가 유출된 데 따른 금전적인 피해는 일어나지 않았지만, 사태 당시 삼성전자, 국가정보원 등에서 유심 교체가 필요하다는 지침을 내리면서 일반 가입자들의 불안도 크게 확산했다.무엇보다 개인정보 유출 규모가 사실상 고객 전체인 2천324만여명에 달하면서 국민 절반의 정보가 새어 나갔다는 허탈감도 컸다.이어 지난 6월에는 국내 최대 규모의 인터넷서점 예스24 서비스가 랜섬웨어 공격으로 먹통이 되면서 책 주문·공연 예매 등 각종 기능이 마비됐다. 기능을 일부 복구하는 데만 닷새가 걸려 이용자들이 큰 불편을 겪었다.이 업체가 공격에 대비해 주요 데이터를 외부 저장소, 클라우드 등에 저장하는 별도 백업 체계를 구축하지 않은 점이 사태 해결을 어렵게 한 원인으로 지적됐다.국민이 일상적으로 사용하는 인터넷서점·공연 예매 서비스치고 기본적인 보안 체계 마련에 소홀했다는 이야기다.SGI서울보증도 비슷한 종류의 랜섬웨어 해킹을 당하면서 주택담보대출, 전세대출, 휴대전화 할부 개통 등의 보증 업무에 심각한 차질이 빚어졌다.SK텔레콤 해킹 사태 이후 다른 통신업계의 보안도 취약하다는 의혹이 떠올랐지만, 당시 기업이 스스로 신고하지 않으면 당국이 사이버 침해 사고를 조사할 권한을 갖지 못했던 터라 KT·LG유플러스는 '침해 사실이 없다'고 맞섰다.하지만 9월 초 경기도 광명시의 특정 아파트 단지에 거주하는 KT 가입자 20여명이 새벽 시간대 자신이 하지도 않은 소액결제 피해를 본 일이 알려지며 통신업계 해킹 사태는 전환점을 맞았다.KT·LGU+·롯데카드까지…경영진 흔든 보안 사고사건 초기에는 집단으로 피싱 피해를 본 것 아니냐는 의구심도 대두됐지만, 민관 합동 조사 결과 KT가 핵심 통신망을 해킹당했다는 사실이 드러났다.KT는 실내 통신을 원활히 하기 위해 초소형 기지국(펨토셀)을 다수 사용했는데 인증 아이디 등을 부실하게 관리하면서 2만2천227명이 초소형 기지국 불법 접속에 노출됐고 362명이 무단 소액결제를 당했다.펨토셀 이동 등에 가담한 중국인 교포 피의자는 검거됐지만, 중국에 근거지를 둔 윗선의 행방은 여전히 오리무중이어서 사건의 진상은 아직 온전히 드러나지 않은 상태다.LG유플러스도 서버 계정 권한 관리 시스템(APPM)이 사이버 침해를 당한 것으로 지목되자 서버 운영체제(OS) 업데이트를 실시해 관련 흔적을 지우려 했다는 의혹이 불거져 당국 조사가 진행 중이다.KT 해킹과 같은 시기 롯데카드 고객 297만명의 개인정보가 유출된 사건이 터지면서 국민 불안이 증폭되기도 했다.카드 비밀번호와 CVC 등 부정 결제에도 악용될 수 있는 민감한 개인정보 일부가 암호화되지 않거나, 암호가 풀린 상태로 빠져나갔다.KT는 해킹 사태 여파로 김영섭 대표가 연임 도전에 나서지 않게 됐고, 롯데카드는 조좌진 대표가 사임하는 등 사이버 보안 이슈가 기업 경영 구도를 흔들기도 했다.KT와 롯데카드[촬영 신현우] 2023.5.16 [촬영 김인철] 2025.9.17넷마블·쿠팡도 뚫렸다…개인정보 유출 '현재진행형'최근 넷마블에서 611만명의 개인정보 유출이 일어나 게임업계도 안전지대가 아님이 드러났다.이어 쿠팡에서 고객 계정 약 3천370만개 정보가 중국인 전 개발자 직원 손에 털리면서 '탈팡' 운동과 국내외 소송전에 불이 붙고 있다.올해 마지막까지 해킹과 개인정보 유출이 한국 사회를 달구고 있는 셈이다.개인정보보호위원회 출범 이후 최대 규모의 과징금 기록을 1천347억9천만원을 부과받은 SK텔레콤이 해킹 사태로 갈아치웠는데, 지난해 매출 41조 원의 쿠팡이 이마저 갱신할 가능성이 크다.익명을 요구한 보안업계 관계자는 ""사고가 터졌을 때만 보안을 강조하다가 잊을만하면 기본적인 보안 조치 마련에 소홀했던 관행이 쌓이면서 올해 큰 사고가 잇따랐던 것 같다""고 분석했다.보안업계에서는 보안 인력에 대한 대우를 높이고 화이트해커 양성화를 위한 법령 개정, 최고경영자(CEO)가 사이버 침해 사고에 직접 책임지는 구조가 고착화돼야 고질적인 해킹 사태가 잦아들 것으로 예상한다.우리나라 기업이 지나치게 많은 개인정보를 요구하고, 관리에 소홀한 근본적인 구조를 뜯어고쳐야 한다는 쓴소리도 나온다.문송천 카이스트 경영대 명예교수는 ""우리나라는 주민등록번호에 모든 민감한 개인 정보가 융합돼 있고, 공권력만 이를 활용하도록 한 영국 등과 달리 민간 기업까지 수집하면서 해킹과 개인정보 유출의 표적이 되고 있다""고 지적했다.문 교수는 ""미국에서도 기업 해킹은 자주 일어나지만, 우리나라처럼 개인정보가 자주, 대규모로 털리진 않는다""라며 ""기업이 개인정보 보호를 제대로 하지 못할 거면 지나치게 많은 정보를 요구, 보관하지 말아야 한다""고 지적했다.csm@yna.co.kr"
https://n.news.naver.com/mnews/article/009/0005607314?sid=101,2025-12-17 08:11:06,경제,"“KT, 해킹 리스크에도 주가 전망 맑음”…목표주가 유지한 이유는?","KT 본사 전경 [뉴스1]하나증권은 17일 KT에 대해 주주 환원을 전액 배당금으로 지급하게 된다면 밸류에이션 디스카운트 이슈는 소멸될 전망이라며 투자의견 매수, 목표주가 7만원을 유지했다.하나증권은 KT가 여전히 과도한 저평가 상황에 놓여있다고 평가했다. 과징금 부과 등 해킹 관련 악재가 남아 있긴 하지만 이미 잘 알려진 악재이고, 신임 최고경영자(CEO)가 확정됨에 따라 2026년 밸류업 정책 발표 기대감이 높아질 것이기 때문이다.또한 3차 상법 통과로 자사주 의무 소각 법제화가 이루어질 시 사실상 대표 수혜주이고, 배당 분리 과세가 시행될 예정인 가운데 4월부터 대폭 인상된 분기 배당금이 지급될 것으로 보여 향후 강한 매수세 유입이 이뤄질 것으로 내다봤다.전일 KT는 신임 CEO를 확정지었다. 투자가들의 관심은 경영 정책 변화 가능성, 밸류업 정책에 집중될 것인데 과거 신임 CEO의 이력 및 언급과 행보를 감안했을 때 사실상 큰 변화는 없을 것으로 하나증권은 추정했다.특히 하나증권은 현 시점에서는 KT 경영진 교체에 따른 리스크 요인은 주가에 충분히 반영된 반면 신임 경영진 취임에 따른 밸류업 정책 강화 가능성에 대한 주가 반영은 이루어지지 않았다는 점에 주목했다. 외인 한도 소진 및 자사주 의무 소각 법제화 이슈로 2026년 DPS 큰 폭 상향 가능성이 높은데 주가 반영 폭은 아직 미미하기 때문이다.이에 하나증권은 KT 주당배당금(DPS)이 2024년대비 2026년 90% 상승할 것으로 예상되는 데 반해 주가 상승폭은 50%에 불과한 상황으로, 아직 최소한 40% 이상의 주가 상승 가능성이 있다고 봤다. 2026년 1월까진 KT DPS가 600원에 불과하겠지만 2026년 4월엔 KT DPS가 900원까지 크게 상승할 것이란 설명이다.과거 KT 주가는 분기 배당금 상향 조정 이전부터 탄력적인 상승을 나타냈기에 2026년 5월까지 KT 주가는 7만원을 돌파할 가능성이 높다고 하나증권은 판단했다.2025년 KT 주주환원수익률은 SKT와 LGU+ 대비 1~2% 가량 높게 형성됐다. 그만큼 저평가됐다는 뜻인데 가장 큰 이유는 외인 한도 소진 문제로 LGU+와 달리 자사주를 당장 소각하지 못한다는 점이 꼽힌다.이제 주주 환원을 전액 배당금으로 지급하게 된다면 밸류에이션 디스카운트 이슈는 소멸될 것이라고 하나증권은 평가했다. 또한 배당 분리 과세 적용으로 세후 수익률은 더 높아질 것으로 봤다.김홍식 하나증권 연구원은 “향후 시중 금리 인하로 세전 기대 배당수익률 5% 수준까지 KT 주가 상승이 나타날 수 있다고 보면 7만6000원까지도 주가 상승을 기대할 수 있을 것”이라며 “전일 CEO 선임을 계기로 KT 밸류업 정책 정상화 기대감이 높아질 수 있음을 감안할 때 하루라도 빨리 매수에 임하는 것이 좋을 것”이라고 말했다."
https://n.news.naver.com/mnews/article/008/0005292967?sid=105,2025-12-17 09:00:00,IT/과학,"LGU+, 임직원 모금 캠페인 '천원의 사랑' 누적 기부금 3억 돌파","LG유플러스가 임직원 소액모금 캠페인 '천원의 사랑'의 기부금이 누적 3억원을 돌파했다고 17일 밝혔다. /사진=LG유플러스LG유플러스는 임직원 소액모금 캠페인 '천원의 사랑'의 기부금이 누적 3억원을 돌파했다고 17일 밝혔다.2016년부터 시작된 '천원의 사랑'은 임직원이 자발적으로 매월 1000원에서 최대 5만원까지 직접 선정한 금액을 급여에서 공제해 기부하는 캠페인이다. 참여하는 임직원은 월평균 3000명으로 전체 임직원의 약 30%에 달한다.지금까지 적립된 기부금은 대한적십자사·한국장애인재활협회 등 복지 단체를 통해 소외된 이웃에게 전달됐다.천원의 사랑 시행 초기에는 갑작스러운 사고나 질병으로 어려움을 겪는 사내 동료를 지원하기 위한 캠페인으로 시작됐으나, 이후 참여율이 높아지면서 2019년부터는 장애 아동·청소년 가정·노인 등 소외된 이웃을 위한 기부로 확대됐다.특히 올해 모인 기부금은 △한 부모 여성 장애인 지원 △발달 지연 아동 지원 △광복 80주년 맞이 독립 유공자 후손 지원 △고려인 동포 정착 지원 등에 활용됐다.향후 LG유플러스는 지속적으로 천원의 사랑 캠페인을 이어가는 한편, 주변 소외 이웃들을 지원하기 위한 나눔 활동을 확대해 나갈 계획이다.박경중 LG유플러스 대외협력담당(상무)은 ""천원의 사랑은 지난 10년간 많은 임직원의 참여와 사랑으로 만들어졌다""며 ""앞으로도 LG유플러스의 나눔의 가치가 사회에 더욱 확산할 수 있도록 노력하겠다""고 밝혔다."
https://n.news.naver.com/mnews/article/016/0002573143?sid=105,2025-12-17 09:01:11,IT/과학,"“월급에서 소액 기부” LGU+ 임직원 나눔 캠페인, 누적 기부금 3억원 돌파","월 평균 임직원 3000명 자발적 기부 참여장애아동·독거노인·독립유공자 후손 등에 나눔LG유플러스 임직원들의 사내 모금 캠페인 ‘천원의 사랑’이 누적 기부금 3억원을 돌파했다. 사진은 이를 홍보하는 직원들 모습. [LG유플러스 제공][헤럴드경제=박혜림 기자] LG유플러스의 임직원들이 이웃 사랑 실천에 앞장 서고 있다.LG유플러스는 임직원 소액모금 캠페인 ‘천원의 사랑’의 기부금이 누적 3억원을 돌파했다고 17일 밝혔다.2016년부터 시작된 ‘천원의 사랑’은 임직원이 자발적으로 매월 1000원에서 최대 5만원까지 직접 선정한 금액을 급여에서 공제해 기부하는 캠페인이다. 참여하는 임직원은 월 평균 3000명으로 전체 임직원의 약 30%에 달한다.지금까지 적립된 기부금은 대한적십자사·한국장애인재활협회 등 복지 단체를 통해 소외된 이웃에게 전달됐다.천원의 사랑 시행 초기에는 갑작스러운 사고나 질병으로 어려움을 겪는 사내 동료를 지원하기 위한 캠페인으로 시작됐으나, 이후 참여율이 높아지면서 2019년부터는 장애 아동·청소년 가정·노인 등 소외된 이웃을 위한 기부로 확대됐다.특히, 올해 모인 기부금은 ▷한부모 여성 장애인 지원 ▷발달지연 아동 지원 ▷광복 80주년 맞이 독립 유공자 후손 지원 ▷고려인 동포 정착 지원 등에 활용됐다.향후 LG유플러스는 지속적으로 천원의 사랑 캠페인을 이어가는 한편, 주변 소외 이웃들을 지원하기 위한 나눔 활동을 확대해 나갈 계획이다. LG유플러스는 천원의 사랑 외에도 장애가정 청소년 멘토링을 통해 꿈을 지원하는 ‘두드림 U+요술통장’과 시각장애 특수학교 ‘벽화그리기 재능기부’ 등 다양한 사내 봉사 프로그램을 운영하고 있다.박경중 LG유플러스 대외협력담당(상무)은 “천원의 사랑은 지난 10년 간 많은 임직원들의 참여와 사랑으로 만들어졌다”며 “앞으로도 LG유플러스의 나눔의 가치가 사회에 더욱 확산될 수 있도록 노력하겠다”고 말했다."
https://n.news.naver.com/mnews/article/052/0002288387?sid=100,2025-12-17 09:02:19,정치,"이해민 ""쿠팡, 미국 의회 로비해 한국 국회 압박.. 굉장히 괘씸해""","[YTN 라디오 더인터뷰]□ 방송 : FM 94.5 (07:15~09:00)□ 방송일시 : 2025년 12월 17일 (수)□ 진행 : 김영수 앵커□ 출연자 : ☎ 이해민 조국혁신당 의원 (사전녹음)- 김범석, 불출석은 도망가는 느낌... 글로벌 CEO라 바쁘다는 사유 황당- 쿠팡 3370만 명 정보 유출, 해킹 제로인 상태에서 발생한 '순수 쿠팡 과실'- 미국이었다면 쿠팡 문 닫을 수준... 한국형 디스커버리 제도 도입 시급- 퇴직자 서버 접근 권한 10개월 방치... 5개월간 유출 탐지조차 못 해- 단순 정보 넘어 쇼핑 이력까지 유출... 범죄 악용될 수 있는 '고급 정보' 털렸다- 외국인 임시 대표 출석? 통역으로 맥락 끊어 청문회 무력화하려는 의도- 쿠팡, 미국 의회 로비해 한국 국회 압박... 굉장히 괘씸해- 김병기 오찬, 정치인들 조심하는 언행해야..대관팀 역할 중요- 쿠팡 대관 조직 기형적... 문제 해결보다 입 막는 용도로 작동- 경제활동인구보다 많은 3천만 계정 유출... 사실상 전 국민 '가정 정보' 털린 셈- 김범석 등 책임자 줄줄이 불출석... 국회 증언감정법 거쳐 국정조사 가야* 아래 텍스트는 실제 방송 내용과 차이가 있을 수 있으니 보다 정확한 내용은 방송으로 확인하시기를 바랍니다.[내용 인용 시 YTN라디오 <김영수의 더인터뷰> 인터뷰 내용임을 밝혀주시기 바랍니다.]◆ 김영수 : YTN 라디오 <김영수의 더인터뷰> 4부 순서 이어가겠습니다. 오늘 국회 과방위에서는요, 쿠팡 대규모 개인정보 유출사태 청문회가 열립니다. 구글 출신 IT 전문가 조국혁신당 이해민 의원이 주목을 받고 있는데요. 이해민 의원을 직접 만나보겠습니다. 이해민 의원님 나와 계십니까?◇ 이해민 : 네, 안녕하십니까? 이해민입니다.◆ 김영수 : 안녕하세요. 오늘 쿠팡 청문회가 열리는데 김범석 의장은 결국 나오지 않는다고요?◇ 이해민 : 네. 불출석 사유서를 냈어요.◆ 김영수 : 박대준, 강한승 전 대표도 못 나오고요?◇ 이해민 : 네. 줄줄이 다 불출석 사유서를 낸 상태입니다.◆ 김영수 : 어떻게 해야 됩니까? 안 나오는 거예요, 못 나오는 거예요?◇ 이해민 : 안 나오는 거라고 봐야죠. 이번에 낸 불출석 사유서를 보면 그냥 안 나오는 거라고 봐야 될 것 같아요. 범 킴, 김범석 의장 같은 경우는 가장 황당한 답을 줬는데 '글로벌 기업 CEO라서 바빠서'라고 하고, 그리고 지난번 12월 2일 날 국회 현안 질의 때 박대준 대표가 나왔었잖아요? 그런데 박대준 대표는 이번에 사퇴를 했거든요? 하지만 전 대표라도 거기에 대한 책임이 있기 때문에 청문회 자리에 나와야 됩니다. 그렇기 때문에 저희가 불렀는데 불출석 사유서가 '청문회에서 증언할 수 있는 위치에 있지 않다'라고 하면서 안 나오는 건데. 이거는 안 나오는 걸 떠나서 그냥 도망가는 느낌이에요.◆ 김영수 : 도망가는 느낌이다. 그러면 국회 차원에서 어떻게 대처할 생각이에요? 국정 조사 바로 실시하는 겁니까?◇ 이해민 : 바로 실시는 아마 하지는 않을 것 같고요. 오늘 청문회가 그래서 되게 중요합니다. 이게 국회에 나오지 않게 되면 더 큰일이 벌어진다는 사실을 쿠팡이 알아야 돼요. 쿠팡을 위해서라도 출석을 책임 있는 말을 하는 사람들이 나오는 게 맞는데. 만약에 오늘 나오지 않으면 첫 번째 단계에는 국회 증언감정법이 있어요. 정당한 사유 없이 출석 거부할 경우에는 3년 이하의 징역 또는 천만 원 이상 3천만 원 이하의 벌금에 처할 수 있는데. 이 과정을 거치고 나면 결국에는 국정조사라는 해법이 있을 수 있죠. 국정조사는 우리나라 헌법에서 정하고 있는 권한입니다.◆ 김영수 : 지금 3천만 명이 넘는 개인 정보가 털렸습니다. 이렇게 중차대한 문제가 발생했는데, 책임자라는 분이 나오지도 않고요. 오늘 일단 청문회는 열리는 거잖아요? 의원님께서는 어떤 점들을 오늘 집중적으로 물으실 예정입니까?◇ 이해민 : 이번 지난번 SKT, KT, LG U+, 롯데카드... 올해 굉장히 많은 유출 사고가 있었어요. 그런데 이유가 대부분 해킹 사고였습니다. 그런데 오늘 쿠팡 같은 경우는 아직까지 밝혀진 바로는 해킹으로 인해서 발생한 사고가 아니예요. 현재 쿠팡 퇴직자의 서버에 대한 접근 권한이 퇴직 후에 10개월 동안 방치가 됐었고, 5개월에 걸쳐서 3370만 명 개인 정보가 털렸는데. 유출되는 5개월 동안 쿠팡에서는 탐지조차도 못 했어요. 이거는 외부의 공격인 해킹이 제로인 상태에서 순수 쿠팡의 과실이거든요. 그래서 이거는 기업의 중대 과실이 있었나, 없었나 집중을 하려고 하고 있고요. 그 부분을 밝혀야 개인정보보호법 위반인지 알 수가 있고요. 그래서 그 안에서 퇴직자 권한 관리 시스템 부실이나 아까 못 알아챘기 때문에 모니터링 체계가 부재하지 않았나. 그래서 관리 시스템 붕괴, 그리고 시스템이 있어도 운영하지 못한 경영진의 의지 문제를 지적을 하려고 하고 있습니다.◆ 김영수 : 그래요. 지난 2일이죠. 현안 질의 때도 날카롭게 질문을 해 주셨는데. 일단 '국제 사기 전화가 온다는 건 이미 2차 피해가 발생한 것 아니냐' 이렇게 말씀하셨잖아요. 우리 주요 개인 정보가 이미 돌아다니고 있는 것이고 비밀번호까지 공개가 된 상황이잖아요? 얼마나 심각한 수준입니까?◇ 이해민 : 여러 가지 해킹 사고를 통해서 우리나라 국민들이 되게 불안해요. 이 불안이 키인데, 왜 불안할까를 보면은 '우리나라 국민들의 개인 정보는 다 공공재인가' 라는 불안감이 있습니다. 그런데 그러한 정보 유출하고 다르게 이번 쿠팡의 정보 개인정보 유출의 문제는 뭐냐면 이메일이나, 주소 이런 것이 유출된 것을 넘어서서 나의 쇼핑 이력. 이건 개인의 생활 패턴이거든요. 그 패턴 정보까지 함께 나갔다는 거라서 이런 해킹 그쪽에서 이런 정보는 너무나도 고급 정보예요. 아주 다양한 방법으로 스팸 전화나 아니면 메일이나 이런 걸로 활용이 될 수가 있는 고급 정보거든요.◆ 김영수 : 그렇네요. 개인 정보가 다 털렸는데 그 가운데 우리가 어떤 물건을 샀는지도 다 털린 상황이에요. 다른 이커머스 회사들이 그 정보를 사용해서 또 다른 판매라는 차원을 넘어서 범죄에도 이용될 수 있는 거잖아요?◇ 이해민 : 그렇죠. 왜냐하면 제가 지난주에 무슨 어디에 물을 샀어요, 어떤 물을 샀다고 했을 때 그 정보를 알고 있을 때 저한테 '이거 관련된 물을 너 또 샀었지' 그러면서 '이거를 눌러' 이런 것부터 시작해서 너무나도 다양하게 사용자가 헷갈릴 수 있는, 사용자 오판을 할 수 있는 정보를 계속해서 보낼 수가 있는 거거든.◆ 김영수 : 그렇다면 쿠팡 책임자들이 이런 심각한 상황을 인식하고 있어요?◇ 이해민 : 쿠팡 안에서는 심각하게 인식을 할 거라고 봅니다. 하기 때문에 이렇게 중요한 책임자들이 다 도망가는 모습을 보여주고 있다고 생각을 해요.◆ 김영수 : 그래요. 오늘 보니까 해럴드 로저스 임시 대표가 나올 예정인가 봐요.◇ 이해민 : 맞습니다.◆ 김영수 : 해럴드 로저스 임시 대표가 나와서 어떤 대답을 할 수 있을까요?◇ 이해민 : 저는 쿠팡이 정말 얄밉다. 이런 표현을 해도 될지 모르겠는데. 왜 그러냐면 쿠팡에서는 알고 있어요. 외국인이 나와서 영어로 이야기를 할 때 아마도 한국에서 많은 질문을 못 할 것이다는 것과 더불어서 옆에서 통역이 붙게 됩니다. 그러면 국회에서의 질의 응답을 함에 있어서 맥락이 계속해서 끊어져요. 그러면 그분은 나와서 굉장히 많은 확률로 '아직 조사 중이기 때문에 대답을 할 수가 없습니다'를 반복하게 될 거라. 그래서 오늘 열리는 청문회를 굉장히 무력화시키려는 의도가 너무 잘 보여서 얄밉습니다. 오늘 저는 그걸 넘어서는 질의를 해보려고 준비 중입니다.◆ 김영수 : 더 날카로운 질문으로 응해 주셨으면 좋겠고요. 보니까 대관 조직이 상당히 크더라고요.◇ 이해민 : 굉장히 기사에 많이 났죠.◆ 김영수 : 보니까 지난번 미국 방문 때도, 미국 의원들까지도 쿠팡에 대한 이야기를 했다면서요?◇ 이해민 : 제가 여름에 한미의원연맹 이사로 방미를 했었었는데 그때 미국 의원들을 만났었습니다. 그런데 그들이 한국 의원들을 대상으로 '미국 기업을 한국 국회가 차별한다'고 얘기를 했는데. 무슨 회사 얘기하는 거냐 했더니 '쿠팡'이라고 하면서 대선 있었던 선거 날 쿠팡에 대한 택배를 제한을 했다는 것에 대해서 뭐라고 하더라고요. 그래서 그날 투표권 보장이랄지, 쿠팡만 그런 게 아니다 이런 얘기들을 사실관계를 정정해 주고 오긴 했는데요. 이렇게 미국 국회까지 로비를 해서 한국 국회를 압박을 하는 모습이 굉장히 괘씸했고. 그러할 돈이나 자원이 있다면 소비자 보호나 서비스 더 좋게 만드는 데 돈을 썼어야 된다 이렇게 얘기를 했죠.◆ 김영수 : 미국 의원들은 쿠팡이 미국 기업이라고 보는 거예요?◇ 이해민 : 미국 기업이라고 명백하게 이야기를 한 사람이 한 게 아니에요. 여러 사람이 했습니다.◆ 김영수 : 그래요. 그럼 이 문제도 따져야 될 것 같은데, 일단 쿠팡의 대관 조직 보니까 부사장도 있고, 전무도 있고, 상무도 있는데. 전무가 5명, 상무가 5명, 대관팀 직원들도 다 불러야 될 것 같아요. 11명이나 된다고요?◇ 이해민 : 네. 대관팀이 11명 말고도 더 있긴 한데 높은 급을 이야기를 한 것이고 현재는 다 부르지는 못하고 일부만 부르게 됐는데, 아마 오늘 오게 되면 대관팀의 역할에 대한 얘기가 나올 것 같아요. 대관 인력이 많다는 것 자체는 문제가 되지는 않아요. 왜냐하면 이게 많을 수도 있고 적을 수도 있는데, 그 대관의 역할이 국회나 정부랑 소통을 하는 역할이고. 굉장히 많은 문제들을 들고 와서 서로 풀어가는 과정 그 중간 역할을 하는 거면 OK. 여기 쿠팡의 경우에는 문제가 생겼을 때 다양한 방법의 문제에 따라서 다양한 솔루션들을 갖고 와야 되는데, 쿠팡은 어떤 내부나 외부의 해결책을 찾는다기보다는 대관 조직의 역할이 대관으로 입을 막게끔 하는 것으로 계속해서 일을 해왔던 것 같아요. 이거는 계속 미봉책으로 막은 거거든요. 현재 쿠팡 대관 조직의 기형적인 형태가 결과를 초래하지 않았나 그렇게 생각을 합니다.◆ 김영수 : 최근 기사 보니까 김병기 민주당 원내대표도 박대준 쿠팡 전 대표 등과 함께 오찬을 한 것으로 나오더라고요?◇ 이해민 : 네, 저도 이 기사는 봤습니다.◆ 김영수 : 5명 정도 함께한 자리였다는 게 김병기 원내대표 측의 입장이었는데. 어떻게 보세요?◇ 이해민 : 조금 전에 말씀드렸듯이 쿠팡 대관팀의 역할이 무엇이었나 오늘 그것도 물어야 되는데요. 대관팀의 정상적인 역할의 범위였다라고 한다면 큰 문제가 되지 않아 않겠지만 쿠팡은 노동자 문제도 함께 걸려 있습니다. 도로에서 굉장히 많은 쿠팡 라이더들이 목숨을 잃었어요. 그리고 물류센터에서도 냉동 창고에서도 돌아가시고, 물류 창고에서 일을 하시다가도 돌아가시고, 사람의 목숨이 굉장히 많이 왔다 갔다 한 문제들이 터져 있는 회사였다고요. 그렇다고 한다면 정치인들도 조금 더 조심하는 언행을 해야 되지 않나. 그래서 그날 있었던 내용이 무엇인지, 그래서 대관팀의 역할이 무엇이었을까 그게 더 중요하다고는 봅니다.◆ 김영수 : 그래요. 그 문제도 따져주셨으면 좋겠고요. 미국 회사에서 근무를 하셨기 때문에, 만약에 이게 미국이었다면 이렇게 3천만 명이 넘는 개인 정보가 털렸다면 얼마나 큰 손해배상을 비롯해서 보통 그 기업들이 어떤 책임을 지게 됩니까?◇ 이해민 : 미국이었다고 한다면 이미 쿠팡은 문 닫을 수준이 돼요. 그 이유를 말씀을 드릴게요. 우리나라는 소송 참가 여부를 밝혀야만 하는 옵트인(Opt-in) 제도예요. 그러니까 이 케이스는 미국에서는 당신이 쿠팡 고객이다, 그러면 자동으로 '내가 소송 참가하겠어'라는 거 없이 전원이 소송 결과에 따른 혜택을 누릴 수가 있어요.◆ 김영수 : 그렇군요.◇ 이해민 : 굳이 '나는 빠질래'라고 하는 옵트아웃 방식을 채택을 하고 있죠. 우리나라는 그렇지가 않아요. 디스커버리 제도도 없습니다. 그건 뭐냐면 법원이 기업의 정보 제출을 강제할 수 있는 그런 법이에요. 그런데 그런 것도 없고 미국에서는 이런 것이 존재를 하니까 미국 기업의 존립이 위협받을 정도의 어마어마한 배상액과 자료 제출을 피하기 위해서라도 법원 판결로 확정되기 전에 굉장히 큰 거액의 금액으로 합의를 하는 것을 택하거든요.◆ 김영수 : 그렇군요.◇ 이해민 : 그런데 우리나라에는 그런 것이 존재를 하지 않기 때문에. 조국혁신당에서는 집단 소송 관련돼서, 징벌적 손해배상 관련돼서 개정이 필요하지 않나 느껴서 이미 개정안을 다 내놨습니다.◆ 김영수 : 그래요. 얼마 전에 봤습니다. 8대 개혁 과제를 발표했고 의원님께서도 직접 자리에 나오셨는데. 그동안 이런 법 안 만들고 국회는 뭐 했습니까?◇ 이해민 : 징벌적 손해배상도 존재를 하긴 합니다. 존재를 하지만 사실상 지금까지 실효적으로 징벌적 손해배상이 때려진 적은 부과된 적은 없었던 것 같아요. 그래서 더 어떤 법이 존재를 하나, 현실적으로 이렇게 작동을 하지 않을 때에는 그 이유를 찾아봐서 '아 조건에 대해서 이러이러한 것을 다시 개정을 해야 되겠구나' 그런 것을 이번에 모두가 알게 됐고. 22대 국회에서 그 작업을 하고 있습니다.◆ 김영수 : 그래요. 8대 개혁 과제를 발표하셨는데. 대표적인 법안을 살펴보면 포괄적 집단 소송제도 도입하고요, 그리고 한국형 디스커버리 제도도 도입한다는 거잖아요? 더 자세히 설명해 주세요.◇ 이해민 : 8개를 하나씩 한다기보다는 핵심이 세 가지 축이라서 그 핵심을 말씀드리면 좋을 것 같아요. 전체적인 틀은 제재가 있는데도 작동을 안 해서 '제재가 제재답게 작동하도록 하자'는 것이고요.◆ 김영수 : 징벌적 과징금제를 도입하는 거예요.◇ 이해민 : 그렇죠. 매출의 최대 10%, 반복되는 기업은 최대 20%까지 과징금 부과할 수 있게 하고요. 그리고 피해자가 싸울 수 있는 길을 열어드리고 싶어요. 그래서 집단소송제와 한국형 디스커버리 제도 도입이 있고, 세 번째는 쿠팡이 생각하는 건 '버티면 이긴다'는 생각인 것 같아요. 이 관행을 끊어야 되는 게 키포인트입니다. 그래서 정부의 조사에 비협조적이면 이행 강제금을 부과할 수 있도록 하고. 그다음에 침해 사고 조사 비용도 지금은 정부에서 내고 있어요. 그것을 원인을 제공한 기업이 부담하게 하고, 그다음에 기업의 정보보호 수준을 상시적으로 계속해서 평가하고 공개하도록 하는 게 큰 틀입니다.◆ 김영수 : 그래요. 징벌적 과징금 도입도 있겠습니다만 지난해 초였던가요? 일본 정부가 우리 기업 라인 야후 개인정보 유출 문제 삼아서 대주주 지분 이야기까지 꺼냈잖아요?◇ 이해민 : 그렇죠. 굉장히 선을 많이 넘어서 들어올 수 있는 그런 구조가 되겠죠.◆ 김영수 : 이 개인 정보, 당시 보니까 50만 건 유출이었더라고요?◇ 이해민 : 네.◆ 김영수 : 이번에는 3천만 건이 넘습니다.◇ 이해민 : 혹시 그거 아세요? 우리나라 경제활동 인구가 몇 명인지. 3천만 명이 안 돼요. 경제활동 인구 수보다 더 많은 계정 정보가 바깥으로 나간 거예요. 이런 전 국민의 개인정보 유출 시켰는데, 저는 이건 개인 정보라고 말은 하지만 솔직히 말하면 가정 정보라고 생각을 해요. 왜냐하면 어떠한 가정에서 하나의 계정을 사용을 했다고 생각을 하면 3370만 개의 개인 정보면... 이것은 우리나라 가정의 정보라고 볼 수가 있죠.◆ 김영수 : 그런데 최근에 보면 이동통신 3사에, 롯데카드. 개인정보 유출 사고가 너무 많잖아요? 한마디로 보안 불감증이 심각한 것 같아요.◇ 이해민 : 네. 근데 저는 이 문제를 일으킨 기업들에게 계속해서 해주는 이야기가 있습니다. 보안이 기업 입장에서 이렇게 나가는 돈이 아니라, 보안은 기업의 가치하고 비례한다고 이야기를 해줘요. 왜냐하면 사태를 보듯이 사용자는 안전한 기업에 돈을 내고 씁니다. 그 서비스를, 보안이 지켜지는 회사여야만 계속해서 지속 가능해요. 그래서 각 기업들도 그 기업의 가치를 높이고, 지속 가능하고, 고객하고 함께 상생하기 위해서라도 보안 투자해야 됩니다.◆ 김영수 : 마지막으로요. 쿠팡 관련해서는 지난 1월에도 노동자 사망 사건을 계기로 열렸던 쿠팡 청문회에 김범석 의장이 나오지 않았잖아요? 한 번도 모습을 드러내지 않고 있습니다. 김범석 의장에게 한 말씀 해 주시죠.◇ 이해민 : 이번에 책임을 질 수 있는 사람이 나와서 국회에 설명을 하면 좋겠습니다. 그 책임질 수 있는 레벨은 바로 CEO입니다. 이번 사태의 문제가 그만큼 심각하다는 것을 인지를 하고 쿠팡이라는 기업을 사랑하고, 쿠팡이라는 기업의 오너로서는 나와서 이러한 대답을 책임 있게 해야 된다는 것을 말씀을 드리고 싶습니다.◆ 김영수 : 잘 들었습니다. 이해민 의원님 임기 중에 우리 IT 업계 보안 체제 더 강화할 수 있도록 해 주시고요. AI 산업도 뒤처지지 않게 애써주셨으면 좋겠습니다.◇ 이해민 : 감사합니다.◆ 김영수 : 오늘 말씀 잘 들었습니다. 고맙습니다.◇ 이해민 : 네 고맙습니다."
https://n.news.naver.com/mnews/article/003/0013661950?sid=105,2025-12-17 09:04:59,IT/과학,"LGU+, 임직원 기부금 모금 누적 3억원 달성","사내 동료 지원 위해 시작한 '천원의 사랑', 이웃 기부로 확대사진=LG유플러스 제공 *재판매 및 DB 금지[서울=뉴시스]박정영 수습 기자 = LG유플러스는 임직원 소액모금 캠페인 '천원의 사랑'의 기부금이 누적 3억원을 돌파했다고 17일 밝혔다.2016년부터 시작된 '천원의 사랑'은 임직원이 자발적으로 매월 1000원에서 최대 5만원까지 직접 선정한 금액을 급여에서 공제해 기부하는 캠페인이다. 월 평균 3000명의 임직원이 참여했으며, 이는 전체 임직원의 약 30%에 달한다.시행 초기에는 갑작스러운 사고나 질병으로 어려움을 겪는 사내 동료를 지원하기 위한 캠페인으로 시작됐으나, 이후 참여율이 높아지면서 2019년부터는 장애 아동, 청소년 가정, 노인 등 소외된 이웃을 위한 기부로 확대됐다.특히, 올해 모인 기부금은 한부모 여성 장애인 지원, 발달지연 아동 지원, 광복 80주년 맞이 독립 유공자 후손 지원, 고려인 동포 정착 지원 등에 활용됐다.향후 LG유플러스는 지속적으로 '천원의 사랑' 캠페인을 이어가는 한편, 주변 소외 이웃들을 지원하기 위한 나눔 활동을 확대해 나갈 계획이다.박경중 LG유플러스 대외협력담당(상무)은 ""천원의 사랑은 지난 10년간 많은 임직원들의 참여와 사랑으로 만들어졌다""며 ""앞으로도 LG유플러스의 나눔의 가치가 사회에 더욱 확산될 수 있도록 노력하겠다""고 밝혔다."
https://n.news.naver.com/mnews/article/421/0008664929?sid=105,2025-12-17 09:19:05,IT/과학,"LGU+, '천원의 사랑' 기부금 3억원 돌파…임직원 30% 참여","월 평균 임직원 3000명 자발적 참여장애아동·독거노인·독립유공자 후손 지원LG유플러스가 임직원 소액모금 캠페인 '천원의 사랑' 기부금이 누적 3억 원을 돌파했다고 17일 밝혔다. (LGU+ 제공)(서울=뉴스1) 이기범 기자 = LG유플러스(032640)가 임직원 대상 모금 캠페인 '천원의 사랑' 기부금이 누적 3억 원을 돌파했다고 17일 밝혔다.2016년부터 시작된 해당 캠페인은 임직원이 자발적으로 매월 1000원에서 최대 5만 원까지 선택한 금액을 급여에서 공제해 기부하는 캠페인이다. 참여 임직원은 월평균 3000명으로 전체 약 30%에 달한다.천원의 사랑은 갑작스러운 사고나 질병으로 어려움을 겪는 사내 동료를 지원하기 위한 캠페인으로 시작됐으나, 이후 참여율이 높아지면서 2019년부터는 장애 아동·청소년 가정·노인 등 소외된 이웃을 위한 기부로 확대됐다.올해 기부금은 △한부모 여성 장애인 지원 △발달지연 아동 지원 △광복 80주년 맞이 독립 유공자 후손 지원 △고려인 동포 정착 지원 등에 활용됐다.박경중 LG유플러스 대외협력담당(상무)은 ""천원의 사랑은 지난 10년간 많은 임직원들의 참여와 사랑으로 만들어졌다""며 ""앞으로도 LG유플러스의 나눔의 가치가 사회에 더욱 확산될 수 있도록 노력하겠다""고 밝혔다."
https://n.news.naver.com/mnews/article/001/0015799901?sid=102,2025-12-17 09:20:51,사회,"[테크스냅] KT, 임직원이 모은 쌀 10t 종로푸드뱅크 기부","LGU+ 사내 모금 '천원의 사랑' 누적액 3억원 돌파kt ds, AI 아이디어톤 'Do!S' 성료샤오미코리아, 내년 1월 1일까지 연말 프로모션[KT 제공. 재판매 및 DB 금지]▲ KT는 전사 임직원을 대상으로 진행한 '완밥식당' ESG캠페인과 임직원이 모은 '디지콩' 포인트를 통해 적립한 쌀 10톤을 종로푸드뱅크에 기부했다고 17일 밝혔다. 완밥식당은 구내식당에서 버려지는 음식물을 줄인 만큼 쌀이 적립되는 캠페인이고, 디지콩은 KT 임직원이 봉사활동과 친환경 활동 인증으로 적립하는 사내 포인트다. 기부된 쌀은 종로구 관내 독거노인과 한부모 가정 등 취약계층에 전달될 예정이다.[LG유플러스 제공. 재판매 및 DB 금지]▲ LG유플러스는 임직원 소액 모금 캠페인 '천원의 사랑' 기부금이 누적 3억원을 돌파했다고 밝혔다. 천원의 사랑'은 임직원이 자발적으로 매월 1천원에서 최대 5만원까지 정한 금액을 급여에서 공제해 기부하는 캠페인이다. 지금까지 적립된 기부금은 대한적십자사·한국장애인재활협회 등 복지 단체를 통해 소외된 이웃에게 전달됐다. 올해 모인 기부금은 한부모 여성 장애인, 발달 지연 아동, 독립 유공자 후손, 고려인 동포 정착 지원 등에 활용됐다.[kt ds 제공. 재판매 및 DB 금지]▲ KT그룹의 IT서비스 전문기업 kt ds는 전사 구성원이 참여한 인공지능(AI) 아이디어톤 '디오에스'(Do!S)를 열었다고 17일 밝혔다. 내부 API와 외부 AI API를 MCP 표준화 기술로 연결해 데이터 경계를 해소하는 'GOAT'팀이 대상을 차지했다. 최우수상은 음성 명령만으로 맞춤형 대시보드를 생성하는 기능을 선보인 '5초 혁신'팀이 수상했다.[샤오미코리아 제공. 재판매 및 DB 금지]▲ 샤오미코리아는 내년 1월 1일까지 모바일 기기, 가전, 로봇청소기 등을 대상으로 최대 33% 할인과 사은품 증정 혜택을 제공하는 프로모션을 진행한다고 17일 밝혔다. 프로모션 대상 제품은 샤오미 공식 온라인몰과 전국 샤오미 스토어에서 판매된다. 공식 온라인몰에서는 일정 금액 이상 구매 고객을 대상으로 선착순 상품권 증정 이벤트와 미 포인트 적립 미션도 운영한다.(서울=연합뉴스)"
https://n.news.naver.com/mnews/article/011/0004568263?sid=105,2025-12-17 09:30:14,IT/과학,"LG U+, 임직원 모금 캠페인 '천원의 사랑' 누적 기부금 3억원 돌파","전체 임직원 중 약 30% 참여장애아동·독립유공자 후손 등에 나눔LG유플러스의 임직원 소액모금 캠페인 ‘천원의 사랑’ 기부금이 누적 3억 원을 돌파했다는 소식이 홍보되고 있다. 사진제공=LG유플러스[서울경제]LG유플러스는 임직원 소액모금 캠페인 ‘천원의 사랑’의 기부금이 누적 3억 원을 돌파했다고 17일 밝혔다.2016년부터 시작된 '천원의 사랑'은 임직원이 자발적으로 매월 최대 5만 원까지 직접 선정한 금액을 급여에서 공제해 기부하는 캠페인이다. 참여하는 임직원은 월 평균 3000명으로 전체 임직원의 약 30%에 달한다.지금까지 적립된 기부금은 대한적십자사·한국장애인재활협회 등 복지 단체를 통해 소외된 이웃에게 전달됐다. 올해 모인 기부금은 △한부모 여성 장애인 지원 △발달지연 아동 지원 △광복 80주년 맞이 독립 유공자 후손 지원 △고려인 동포 정착 지원 등에 활용됐다.향후 LG유플러스는 지속적으로 천원의 사랑 캠페인을 이어가는 한편 주변 소외 이웃들을 지원하기 위한 나눔 활동을 확대해 나갈 계획이다. 실제로 LG유플러스는 천원의 사랑 외에도 장애가정 청소년 멘토링을 통해 꿈을 지원하는 ‘두드림 U+요술통장’과 시각장애 특수학교 ‘벽화그리기 재능기부’ 등 다양한 사내 봉사 프로그램을 운영하고 있다.박경중 LG유플러스 대외협력담당(상무)은 ""천원의 사랑은 지난 10년 간 많은 임직원들의 참여와 사랑으로 만들어졌다”며 “앞으로도 LG유플러스의 나눔의 가치가 사회에 더욱 확산될 수 있도록 노력하겠다”고 밝혔다."
https://n.news.naver.com/mnews/article/031/0000989842?sid=105,2025-12-17 09:48:11,IT/과학,"LGU+, 천원의 사랑 기부금 3억 돌파⋯전체 임직원 30% 참여","장애아동·독거노인·독립유공자 후손 등에 지원...""나눔의 가치 확산할 것""LG유플러스(대표 홍범식)는 임직원 소액모금 캠페인 '천원의 사랑' 누적 기부금이 3억원을 돌파했다고 17일 밝혔다.모델이 LG유플러스 임직원 모금 캠페인을 소개하고 있는 모습. [사진=LGU+]천원의 사랑은 임직원이 자발적으로 매월 1000원에서 최대 5만원까지 직접 선정한 금액을 급여에서 공제해 기부하는 캠페인이다. 2016년부터 시작됐다. 참여하는 임직원은 월 평균 3000명으로 전체 임직원의 약 30%에 달한다.지금까지 적립된 기부금은 대한적십자사·한국장애인재활협회 등 복지 단체를 통해 소외된 이웃에게 전달됐다.천원의 사랑 시행 초기에는 갑작스러운 사고나 질병으로 어려움을 겪는 사내 동료를 지원하기 위한 캠페인으로 시작됐다. 이후 참여율이 높아지면서 2019년부터는 장애 아동·청소년 가정·노인 등 소외된 이웃을 위한 기부로 확대됐다.올해 모인 기부금은 △한부모 여성 장애인 지원 △발달지연 아동 지원 △광복 80주년 맞이 독립 유공자 후손 지원 △고려인 동포 정착 지원 등에 활용됐다.LG유플러스는 천원의 사랑 캠페인을 이어가는 한편, 주변 소외 이웃들을 지원하기 위한 나눔 활동을 확대해 나갈 계획이다.박경중 LG유플러스 대외협력담당(상무)은 ""천원의 사랑은 지난 10년 간 많은 임직원들의 참여와 사랑으로 만들어졌다""며 ""LG유플러스 나눔의 가치가 사회에 더욱 확산될 수 있도록 노력하겠다""고 밝혔다."
https://n.news.naver.com/mnews/article/030/0003381405?sid=105,2025-12-17 10:14:13,IT/과학,"LGU+, 임직원 모금 캠페인 '천원의 사랑' 누적 기부금 3억원 돌파","LG유플러스가 임직원 소액모금 캠페인 '천원의 사랑'LG유플러스 임직원 소액모금 캠페인 '천원의 사랑'의 기부금이 누적 3억원을 돌파했다.2016년부터 시작된 '천원의 사랑'은 임직원이 자발적으로 매월 1000원에서 최대 5만원까지 직접 선정한 금액을 급여에서 공제해 기부하는 캠페인이다. 참여하는 임직원은 월 평균 3000명으로 전체 임직원의 약 30%에 달한다.지금까지 적립된 기부금은 대한적십자사·한국장애인재활협회 등 복지 단체를 통해 소외된 이웃에게 전달됐다.천원의 사랑 시행 초기에는 갑작스러운 사고나 질병으로 어려움을 겪는 사내 동료를 지원하기 위한 캠페인으로 시작됐으나, 이후 참여율이 높아지면서 2019년부터는 장애 아동·청소년 가정·노인 등 소외된 이웃을 위한 기부로 확대됐다.특히, 올해 모인 기부금은 한부모 여성 장애인 지원, 발달지연 아동 지원, 광복 80주년 맞이 독립 유공자 후손 지원, 고려인 동포 정착 지원 등에 활용됐다.박경중 LG유플러스 대외협력담당(상무)은 “천원의 사랑은 지난 10년 간 많은 임직원들의 참여와 사랑으로 만들어졌다”며 “앞으로도 LG유플러스의 나눔의 가치가 사회에 더욱 확산될 수 있도록 노력하겠다”고 밝혔다."
https://n.news.naver.com/mnews/article/138/0002212800?sid=105,2025-12-17 10:42:15,IT/과학,"KT·LGU+, ESG 캠페인 통해 취약계층 지원","[디지털데일리 강소현 기자] KT와 LG유플러스가 각각 임직원 참여형 ESG 캠페인을 통해 취약계층 지원에 나선다고 17일 밝혔다.먼저 KT는 전사 임직원이 참여한 ‘완밥식당’ ESG 캠페인과 사내 포인트 제도인 ‘디지콩’을 통해 적립한 쌀 10톤을 종로푸드뱅크에 기부했다. 기부된 쌀은 종로구 관내 독거노인과 한부모 가정 등 취약계층에 전달될 예정이다.‘완밥식당’은 구내식당에서 잔반을 줄이는 ‘잔반 제로’ 캠페인으로, 음식물 쓰레기를 줄여 탄소 저감에 기여하는 일상 속 ESG 활동이다.KT는 전국 주요 사옥에서 임직원 참여형으로 해당 캠페인을 운영하고 있으며, 이번 기부는 광화문 본사 임직원들이 줄인 잔반량에 따라 쌀이 적립되는 방식으로 진행됐다. 여기에 봉사활동과 친환경 활동 참여로 적립할 수 있는 사내 ESG 포인트 ‘디지콩’을 더해 기부 규모를 확대했다.같은날 LG유플러스는 임직원 소액 모금 캠페인 ‘천원의 사랑’을 통해 누적 기부금 3억원을 돌파했다고 밝혔다.‘천원의 사랑’은 2016년 시작된 캠페인으로, 임직원이 매월 1000원부터 최대 5만원까지 자발적으로 선택한 금액을 급여에서 공제해 기부하는 방식이다. 현재 월 평균 약 3000명의 임직원이 참여하고 있으며, 이는 전체 임직원의 약 30%에 해당한다.지금까지 모인 기부금은 대한적십자사와 한국장애인재활협회 등 복지 단체를 통해 소외된 이웃에게 전달됐다. 캠페인은 초기에는 사고나 질병 등으로 어려움을 겪는 사내 동료를 돕기 위해 시작됐으나, 참여가 확대되면서 2019년부터는 장애 아동·청소년, 노인, 한부모 가정 등 사회적 취약계층 지원으로 범위를 넓혔다.올해 기부금은 한부모 여성 장애인 지원, 발달지연 아동 지원, 광복 80주년을 맞은 독립유공자 후손 지원, 고려인 동포 정착 지원 등에 활용됐다.오태성 KT ESG경영추진실장은 “임직원들의 봉사와 친환경 실천을 사회적 나눔으로 확대한 점에서 의미가 크다”며 “앞으로도 환경과 사회를 함께 고려한 ESG 활동을 지속해 나가겠다”고 말했다.박경중 LG유플러스 대외협력담당(상무)도 “임직원들의 자발적 참여로 이어진 나눔이 사회 전반으로 확산될 수 있도록 노력하겠다”고 밝혔다."
https://n.news.naver.com/mnews/article/016/0002573342?sid=102,2025-12-17 11:34:15,사회,LGU+ 임직원 나눔캠페인 누적 기부금 3억원 넘었다,LG유플러스의 임직원들이 이웃 사랑 실천에 앞장 서고 있다.LG유플러스는 임직원 소액모금 캠페인 ‘천원의 사랑’의 기부금이 누적 3억원을 돌파했다고 17일 밝혔다.2016년부터 시작된 ‘천원의 사랑’은 임직원이 자발적으로 매월 1000원에서 최대 5만원까지 직접 선정한 금액을 급여에서 공제해 기부하는 캠페인이다. 참여하는 임직원은 월 평균 3000명으로 전체 임직원의 약 30%에 달한다. 지금까지 적립된 기부금은 대한적십자사·한국장애인재활협회 등 복지 단체를 통해 소외된 이웃에게 전달됐다. 박혜림 기자
https://n.news.naver.com/mnews/article/092/0002402746?sid=105,2025-12-17 13:49:12,IT/과학,"LGU+, 소액모금 '천원의 사랑' 기부금 누적 3억원 돌파","월 평균 임직원 3천명 자발적으로 참여해 기부LG유플러스가 임직원 소액 모금 캠페인 ‘천원의 사랑’의 기부금이 누적 3억원을 돌파했다고 17일 밝혔다.2016년부터 시작된 '천원의 사랑'은 임직원이 자발적으로 매월 1천원에서 최대 5만원까지 직접 선정한 금액을 급여에서 공제해 기부하는 캠페인이다. 참여하는 임직원은 월 평균 3천명으로 전체 임직원의 약 30%에 달한다.지금까지 적립된 기부금은 대한적십자사, 한국장애인재활협회 등 복지 단체를 통해 소외된 이웃에게 전달됐다.천원의 사랑 시행 초기에는 갑작스러운 사고나 질병으로 어려움을 겪는 사내 동료를 지원하기 위한 캠페인으로 시작됐으나 이후 참여율이 높아지면서 2019년부터는 장애 아동, 청소년 가정, 노인 등 소외된 이웃을 위한 기부로 확대됐다.특히 올해 모인 기부금은 ▲한부모 여성 장애인 지원 ▲발달지연 아동 지원 ▲광복 80주년 맞이 독립 유공자 후손 지원 ▲고려인 동포 정착 지원 등에 활용됐다.향후 LG유플러스는 지속적으로 천원의 사랑 캠페인을 이어가는 한편, 주변 소외 이웃들을 지원하기 위한 나눔 활동을 확대해 나갈 계획이다.실제로 LG유플러스는 천원의 사랑 외에도 장애가정 청소년 멘토링을 통해 꿈을 지원하는 ‘두드림 U+요술통장’과 시각장애 특수학교 ‘벽화그리기 재능기부’ 등 다양한 사내 봉사 프로그램을 운영하고 있다.박경중 LG유플러스 대외협력담당은 ""천원의 사랑은 지난 10년 간 많은 임직원들의 참여와 사랑으로 만들어졌다”며 “앞으로도 LG유플러스의 나눔의 가치가 사회에 더욱 확산될 수 있도록 노력하겠다”고 말했다."
https://n.news.naver.com/mnews/article/138/0002212842?sid=105,2025-12-17 14:17:10,IT/과학,[2025 혁신상품] LGU+ ‘에이전틱 콜봇’...AI가 상담·예약 알아서 다 해준다,"[사진=LG유플러스][디지털데일리 오병훈기자] AI 확산과 함께 주목받기 시작한 핵심 기술 중 하나는 인공지능콘택트센터(AICC)다. AICC에서는 상담자 유입부터 상담 이후 품질관리까지 업무 파이프라인 전반에 AI가 도입된다.AICC 최전선에는 내담자와 소통하고 상담·예약 등 핵심 업무를 자동으로 처리해주는 ‘콜봇’이 자리하고 있다. LG유플러스는 최근 자사 AICC 시스템 핵심 기술 ‘에이전틱(Agentic) 콜봇(Standard)’을 선보였다. 인공지능(AI)이 직접 고객의 음성을 듣고 상담부터 예약진행, 예약확인 문자 발송 업무까지 처리해준다.LG유플러스가 선보인 에이전틱 콜봇은 AICC 기술 핵심 기술로 주목받고 있다. LG유플러스는 에이전틱 콜봇 개발 과정에 오픈AI의 생성형 AI 기술을 활용했다. 내담자의 다양한 표현과 질문에 대해 기존 규칙 기반(룰베이스) 콜봇보다 유연하게 처리할 수 있도록 설계됐다.에이전틱 콜봇은 내담자 발화를 분석해 적합한 응답을 제공하고 상담 목적에 맞는 정보를 안내하는 데 초점을 맞췄다. 기존 규칙 기반 콜봇은 사전에 설정된 시나리오와 키워드를 중심으로 단순·반복 문의에 대응해 왔지만 에이전틱 콜봇은 대규모언어모델(LLM)과 검색증강생성(RAG) 기술을 활용해 내담자 질문을 자연어 수준에서 이해한다. 사전에 등록된 지식과 더불어 RAG로 획득한 추가 데이터로 답변을 제공한다. 이를 통해 다양한 문의 유형에 대응할 수 있도록 만들어졌다.LG유플러스는 이번 에이전틱 콜봇을 구독 서비스로 각 기업에 제공할 예정이다. 예컨대 병원에서 AI가 전화를 받아 예약을 확인하고 예약 변경을 처리한 뒤 완료 문자 전송할 수 있다.LG유플러스는 에이전틱 콜봇을 기반으로 AICC 서비스 확대에도 속도를 낸다. LG유플러스 에이전틱 AICC는 콜봇 기능을 중심으로 상담 지원 기능과 운영 관리 기능을 결합한 통합 고객센터 솔루션이다. 상담 과정에서 생성되는 대화 내용은 자동으로 기록·관리된다. 운영자는 대시보드 기반 모니터링을 통해 상담 현황과 시스템 운영 상태를 확인할 수 있다.또 상담사 업무를 지원하는 ‘상담 어드바이저’ 기능을 통해서 상담 중 필요한 정보나 응대 문구를 참고할 수 있도록 했다. 이를 통해 상담사는 반복적인 정보 탐색 부담을 줄이고 보다 안정적인 환경에서 상담 업무를 수행할 수 있다. 상담 종료 후에는 상담 결과를 정리·관리하는 기능도 함께 제공된다.에이전틱 AICC는 제조, 유통, 서비스, 병원, 대학, 공공·민간 시설 등 다양한 산업 고객센터 환경에 적용 가능하다. 업종별 상담 유형과 업무 특성에 맞춰 콜봇 시나리오와 연동 범위를 설정할 수 있다. 기업은 구독형 방식으로 서비스를 도입해 단계적으로 활용 범위를 확대할 수 있다.LG유플러스는 AICC 도입을 검토하는 기업 고객을 위해 운영 컨설팅과 시스템 연계를 포함한 지원 서비스도 제공하고 있다. 고객센터 운영 환경과 상담 흐름을 분석한 뒤 AI 상담 기능을 적용할 수 있는 영역을 단계적으로 제안하는 방식이다.보안과 안정성에도 신경 쓴다. 상담 대화 내용 및 개인정보 처리 과정에 보호 체계를 적용하고 운영자가 시스템 상태를 확인할 수 있는 관리 기능을 제공한다.향후 LG유플러스는 오픈 AI의 음성 인식·합성 기술을 활용한 실시간 음성 처리 기능 ‘스피치 투 스피치(STS)’를 AICC 서비스에 순차적으로 적용할 계획이다. 이를 통해 음성 기반 상담 편의성을 높이고 AI 상담 서비스 활용 범위를 확대한다.정영훈 LG유플러스 기업AI사업담당(상무)은 “고객 상담의 복잡성을 AI로 해결해 상담사가 본업에 집중하도록 돕고 에이전틱 AICC를 통해 완결형 상담 경험을 제공하겠다”며 오픈AI의 다양한 기술을 활용해 추가적인 에이전틱 AICC 서비스를 선보이겠다”고 말했다."
https://n.news.naver.com/mnews/article/468/0001203100?sid=101,2025-12-17 15:03:15,경제,"LGU+, 임직원 직접 참여 ‘천원의 사랑’ 기부금 3억 원 돌파…‘나눔 가치’ 확산",월 평균 3천 명 자발적 기부…전체 30% 동참장애아동·독거노인·독립유공자 후손 등 지원LG유플러스 임직원 소액모금 캠페인 ‘천원의 사랑’의 기부금이 누적 3억 원을 돌파했다. 사진 | LG유플러스[스포츠서울 | 표권향 기자] LG유플러스 임직원 소액 모금 캠페인 ‘천원의 사랑’의 기부금이 누적 3억 원을 돌파했다. 2016년부터 시작된 ‘천원의 사랑’이 기적을 이룬 순간이다.LG유플러스 임직원은 2016년부터 자발적으로 매월 1000원에서 최대 5만 원까지 직접 선정한 금액을 급여에서 공제해 기부를 이어오고 있다. 현재 월평균 참여 인원은 전체 약 30%인 3000명으로 나타났다.지금까지 적립한 기부금은 대한적십자사·한국장애인재활협회 등 복지 단체를 통해 소외된 이웃에게 전달했다.‘천원의 사랑’ 시행 초기에는 갑작스러운 사고나 질병으로 어려움을 겪는 사내 동료 지원을 위한 캠페인으로 시작했다. 이후 참여율이 높아지면서 2019년부터는 장애 아동·청소년 가정·노인 등 소외된 이웃을 위한 기부로 확대했다.특히 올해 모인 기부금은 ▲한부모 여성 장애인 지원 ▲발달 지연 아동 지원 ▲광복 80주년 맞이 독립 유공자 후손 지원 ▲고려인 동포 정착 지원 등에 활용했다.향후 주변 소외 이웃 지원을 위한 나눔 활동을 확대할 계획이다. 현재 ‘천원의 사랑’ 외에도 장애가정 청소년 멘토링을 통해 꿈을 지원하는 ‘두드림 U+요술통장’과 시각장애 특수학교 ‘벽화그리기 재능기부’ 등 다양한 사내 봉사 프로그램을 운영 중이다.LG유플러스 박경중 대외협력담당(상무)은 “천원의 사랑은 지난 10년간 많은 임직원의 참여와 사랑으로 만들어졌다”며 “앞으로도 LG유플러스의 나눔의 가치가 사회에 더욱 확산될 수 있도록 노력하겠다”고 말했다. gioia@sportsseoul.com
https://n.news.naver.com/mnews/article/003/0013664111?sid=101,2025-12-18 08:48:35,경제,"SK證 ""LGU+, 실적 개선·주주환원 강화…매수 유지·목표가 상향”","4Q 영업익 2287억 전망…이익 안정기 진입·자사주 매입·배당 확대 기대감 반영LG유플러스 용산사옥 전경. (사진=LG유플러스 제공) *재판매 및 DB 금지[서울=뉴시스]송혜리 기자 = SK증권은 LG유플러스에 대해 올해와 내년까지 이어질 영업이익 증가세와 자사주 소각·매입, 배당 확대 등 강화된 주주환원 정책을 근거로 투자의견 '매수'를 유지하고 목표 주가도 1만8000원으로 상향한다고 밝혔다.최관순 SK증권 연구원은 18일 리포트를 통해 LG유플러스의 4분기 영업수익을 3조9000억원, 영업이익을 2287억원으로 전망했다. 지난해 같은 기간 통상임금 판결에 따른 일회성 인건비가 반영됐던 기저효과가 정상화되며 영업이익이 크게 개선될 것이라는 분석이다.올해 예상 영업이익은 9503억원으로 전년 대비 10.1% 증가할 것으로 내다봤다. 3분기 희망퇴직 시행에 따른 약 1500억원 규모의 일회성 비용이 반영됐음에도 3년 만에 증가세로 돌아서는 것이다. 그러면서 컨슈머모바일과 스마트홈 등 유무선 통신 사업의 견조한 성장과 감가상각비 등 비용 안정화가 실적 개선을 이끌 것으로 분석했다.최관순 연구원은 ""이익의 안정기에 접어들면서 내년에도 영업이익 성장세는 이어질 것으로 예상되고 주주환원 확대에 기대감도 유효하다""고 언급했다.LG유플러스는 올해 8월 1000억원 규모의 기보유 자사주(2021년 취득분·1.6%)를 소각했고 내년 8월까지 800억원(1.2%) 규모의 신규 자사주 매입을 진행 중이다. 최 연구원은 정부와 여당에서 논의 중인 자사주 의무 소각안과 별개로 매입한 자사주는 소각 가능성이 높다고 내다봤다. 올해 배당은 자사주 매입에 따른 유통주식수 감소를 고려하면 연간 660원(+10원)으로 예상하며 내년에는 실적개선을 반영해 700원까지 상승할 것으로 전망했다."
https://n.news.naver.com/mnews/article/016/0002573805?sid=105,2025-12-18 09:01:23,IT/과학,"LGU+, 5년 연속 ‘지역 사회공헌 인정 기관’ 선정","최고 등급 획득…지역사회 협력 성과 인정ISO 14001 인증·LEED ‘실버’ 등급 유지 등LG유플러스 직원이 지연 사회공헌 인정 기관 상패를 소개하고 있다. [LG유플러스 제공][헤럴드경제=고재우 기자] LG 유플러스는 보건복지부와 한국사회복지협의회가 공동 주관하는 ‘지역 사회공헌 인정제’에서 최고 등급인 S등급을 획득했다고 18일 밝혔다. 5년 연속 지역 사회공헌 인정 기관으로 인정받은 것이다.지역 사회공헌 인정제는 비영리단체와 협력해 지속적으로 사회공헌 활동을 펼친 기업에 대해 등급을 부여하는 제도다. 심사는 환경경영(E), 사회적 책임경영(S), 투명경영(G) 3개 영역으로 구분해 진행된다. 19개의 심사 지표를 종합적으로 평가해 등급이 부여된다.LG유플러스는 친환경 경영 체계 구축과 지역사회와 지속적인 협력 측면에서 평가를 받았다.LG유플러스는 매년 전 사업장을 대상으로 환경 목표를 수립하고, 에너지·폐기물·용수 등 주요 지표를 관리한다. 내부 심사를 통해 사업장 환경도 개선하고 있다. 이 같은 노력이 ISO 14001(환경경영시스템) 인증 자격 획득으로 이어졌다는 게 LG유플러스 설명이다. LG유플러스는 ISO 14001 인증을 2년째 유지하고 있다.또 LG유플러스는 친환경 경영 체계 구축을 위해 건축물에도 에너지 효율 설비를 적용했다. 주요 연구개발(R&D) 조직이 입주해 있는 LG사이언스파크(마곡)는 최초 설계 단계부터 에너지 효율 설비를 적용, 지난 2018년부터 국제 친환경 건축 인증인 녹색건축인증(LEED) ‘실버’ 등급을 유지하고 있다.지역사회와 협력하기 위한 사회공헌 활동도 이어지고 있다. ▷홀로 삶 어르신 반찬 나눔 ▷’배터리 리사이클링 원팀(배리원)’ 협의체 운영 ▷장애 가정 청소년에게 장학금과 멘토링을 지원하는 ‘두드림 U+요술통장’ ▷군인 자녀를 대상으로 맞춤형 학습 프로그램을 제공하는 ‘아이드림챌린지’ ▷순직 소방관 유가족 지원을 위한 추모 마라톤 ‘119메모리얼런’ 등이다.앞으로도 LG유플러스는 지역사회와 함께 사회공헌 활동을 확대한다는 방침이다.박경중 LG유플러스 대외협력 담당은 “지역사회와의 협력은 단기간 성과가 아니라 꾸준히 이어가야 할 과제”라며 “앞으로도 지역사회와 함께 성장할 수 있는 사회공헌 활동을 꾸준히 확대해 나갈 것”이라고 말했다."
https://n.news.naver.com/mnews/article/014/0005450765?sid=105,2025-12-18 09:04:08,IT/과학,"LG U+, 5년 연속 ‘지역사회공헌 인정 기관’ 선정","LG유플러스 직원이 지연사회공헌 인정 기관 상패를 소개하고 있다. LG유플러스 제공[파이낸셜뉴스] LG유플러스는 보건복지부와 한국사회복지협의회가 공동 주관하는 ‘지역사회공헌 인정제’에서 최고 등급인 S등급을 획득했다고 18일 밝혔다. 이로써 LG유플러스는 5년 연속 지역사회공헌 인정 기관으로 인정받았다.지역사회공헌 인정제는 비영리단체와 협력해 지속적인 사회공헌 활동을 펼친 기업과 기관의 공로를 인정해 등급을 부여하는 제도다. 심사는 환경경영(E), 사회적 책임경영(S), 투명경영(G) 3개 영역으로 구분해 진행되며, 19개의 심사 지표를 종합적으로 평가해 등급이 부여된다.LG유플러스는 매년 전 사업장을 대상으로 환경 목표를 수립하고, 에너지·폐기물·용수 등 주요 지표를 관리한다. 또 내부 심사를 실시해 사업장 환경을 개선하고 있다. 이 같은 노력은 환경경영시스템 인증인 ISO 14001 자격 획득으로 이어졌다. LG유플러스는 환경이 기업에 미치는 영향을 체계적으로 관리·개선하기 위한 국제 규격인 ISO 14001 인증을 2년째 유지하게 됐다.또한 LG유플러스는 친환경 경영체계 구축을 위해 건축물에도 에너지 효율 설비를 적용했다. 주요 연구개발(R&D) 조직이 입주해 있는 LG사이언스파크(마곡)는 최초 설계 단계부터 에너지 효율 설비를 적용, 2018년부터 국제 친환경 건축 인증인 녹색건축인증(LEED) ‘실버’ 등급을 유지하고 있다.지역사회와 협력하기 위한 사회공헌 활동도 이어가고 있다. LG유플러스는 △독거어르신 반찬 나눔 △’배터리 리사이클링 원팀’ 협의체 운영 △장애가정 청소년에게 장학금과 멘토링을 지원하는 ‘두드림 U+요술통장’ △군인 자녀를 대상으로 맞춤형 학습 프로그램을 제공하는 ‘아이드림챌린지’ △순직 소방관 유가족 지원을 위한 추모 마라톤 ‘119메모리얼런’ 등을 전개하고 있다.향후 LG유플러스는 사회문제 해결을 위해 지속적으로 지역사회와 협력해 사회공헌 활동을 확대한다는 방침이다.박경중 LG유플러스 대외협력담당(상무)은 “지역사회와의 협력은 단기간 성과가 아니라 꾸준히 이어가야 할 과제”라며 “앞으로도 지역사회와 함께 성장할 수 있는 사회공헌 활동을 꾸준히 확대해 나갈 것”이라고 말했다."
https://n.news.naver.com/mnews/article/003/0013664183?sid=105,2025-12-18 09:05:17,IT/과학,"LGU+, 5년 연속 지역사회공헌 인정 기관 선정","지역사회공헌 인정제에서 최고 등급 S등급 획득친환경 경영 체계 구축·지역사회 협력 등 성과[서울=뉴시스]LG유플러스가 보건복지부와 한국사회복지협의회가 공동 주관하는 '지역사회공헌 인정제'에서 최고 등급인 S등급을 획득했다. LG유플러스 직원이 지연사회공헌 인정 기관 상패를 소개하는 모습. (사진=LG유플러스 제공)[서울=뉴시스]윤현성 기자 = LG유플러스는 보건복지부와 한국사회복지협의회가 공동 주관하는 '지역사회공헌 인정제'에서 최고 등급인 S등급을 획득했다고 18일 밝혔다. 이로써 LG유플러스는 5년 연속 지역사회공헌 인정 기관으로 선정됐다.지역사회공헌 인정제는 비영리단체와 협력해 지속적인 사회공헌 활동을 펼친 기업과 기관의 공로를 인정해 등급을 부여하는 제도다. 심사는 환경경영(E), 사회적 책임경영(S), 투명경영(G) 3개 영역으로 구분해 진행되며, 19개의 심사 지표를 종합적으로 평가해 등급이 부여된다.LG유플러스는 올해 평가에서 친환경 경영 체계 구축과 지역사회와의 지속적이고 실질적인 협력 성과 측면에서 좋은 평가를 받았다.구체적으로 LG유플러스는 매년 전 사업장을 대상으로 환경 목표를 수립하고, 에너지·폐기물·용수 등 주요 지표를 관리하며, 내부 심사를 실시해 사업장 환경을 개선하고 있다. 이같은 노력은 ISO 14001(환경경영시스템) 인증 자격 획득으로 이어졌다. 이로써 LG유플러스는 환경이 기업에 미치는 영향을 체계적으로 관리·개선하기 위한 국제 규격인 ISO 14001 인증을 2년째 유지하게 됐다.또 LG유플러스는 친환경 경영체계 구축을 위해 건축물에도 에너지 효율 설비를 적용했다. 주요 연구개발(R&D) 조직이 입주해 있는 서울 마곡 LG사이언스파크는 최초 설계 단계부터 에너지 효율 설비를 적용해 2018년부터 국제 친환경 건축 인증인 녹색건축인증(LEED) '실버' 등급을 유지하고 있다.지역사회와 협력하기 위한 사회공헌 활동도 이어지고 있다. LG유플러스는 ▲독거어르신 반찬 나눔 ▲배터리 리사이클링 원팀(배리원) 협의체 운영 ▲ 장애가정 청소년에게 장학금과 멘토링을 지원하는 '두드림 U+요술통장' ▲군인 자녀를 대상으로 맞춤형 학습 프로그램을 제공하는 '아이드림챌린지' ▲순직 소방관 유가족 지원을 위한 추모 마라톤 '119메모리얼런' 등을 전개하고 있다.향후 LG유플러스는 사회문제 해결을 위해 지속적으로 지역사회와 협력해 사회공헌 활동을 확대한다는 방침이다.박경중 LG유플러스 대외협력담당(상무)은 ""지역사회와의 협력은 단기간 성과가 아니라 꾸준히 이어가야 할 과제""라며 ""앞으로도 지역사회와 함께 성장할 수 있는 사회공헌 활동을 꾸준히 확대해 나갈 것""이라고 말했다."
https://n.news.naver.com/mnews/article/008/0005293577?sid=105,2025-12-18 09:05:39,IT/과학,"LGU+, 5년 연속 '지역사회공헌 인정 기관' 선정","LG유플러스 직원이 지연사회공헌 인정 기관 상패를 소개하고 있다. /사진=LG유플러스LG유플러스는 보건복지부와 한국사회복지협의회가 공동 주관하는 '지역사회공헌 인정제'에서 최고 등급인 S등급을 획득했다고 18일 밝혔다. 이로써 LG유플러스는 5년 연속 지역사회공헌 인정 기관으로 인정받았다.지역사회공헌 인정제는 비영리단체와 협력해 지속적인 사회공헌 활동을 펼친 기업과 기관의 공로를 인정해 등급을 부여하는 제도다. 심사는 환경경영(E), 사회적 책임경영(S), 투명경영(G) 3개 영역으로 구분해 진행되며, 19개의 심사 지표를 종합적으로 평가해 등급이 부여된다.LG유플러스는 올해 평가에서 친환경 경영 체계 구축과 지역사회와의 지속적이고 실질적인 협력 성과 측면에서 좋은 평가를 받았다.구체적으로 LG유플러스는 매년 전 사업장을 대상으로 환경 목표를 수립하고, 에너지·폐기물·용수 등 주요 지표를 관리하며, 내부 심사를 실시해 사업장 환경을 개선하고 있다. 이같은 노력은 ISO 14001(환경경영시스템) 인증 자격 획득으로 이어졌다.또 LG유플러스는 친환경 경영체계 구축을 위해 건축물에도 에너지 효율 설비를 적용했다. 주요 R&D(연구개발) 조직이 입주해 있는 LG사이언스파크(마곡)는 최초 설계 단계부터 에너지 효율 설비를 적용, 2018년부터 국제 친환경 건축 인증인 녹색건축인증(LEED) '실버' 등급을 유지하고 있다.지역사회와 협력하기 위한 사회공헌 활동도 이어지고 있다. LG유플러스는 독거어르신 반찬 나눔, '배터리 리사이클링 원팀(이하 배리원)' 협의체 운영, 장애가정 청소년에게 장학금과 멘토링을 지원하는 '두드림 U+요술통장' 등을 전개하고 있다.향후 LG유플러스는 사회문제 해결을 위해 지속적으로 지역사회와 협력해 사회공헌 활동을 확대한다는 방침이다.박경중 LG유플러스 대외협력담당(상무)은 ""지역사회와의 협력은 단기간 성과가 아니라 꾸준히 이어가야 할 과제""라며 ""앞으로도 지역사회와 함께 성장할 수 있는 사회공헌 활동을 꾸준히 확대해 나갈 것""이라고 말했다."
https://n.news.naver.com/mnews/article/001/0015802267?sid=102,2025-12-18 09:59:45,사회,"[테크스냅] KT, AI 개발교육 '에이블스쿨' 9기 교육생 모집","LGU+, 지역사회공헌 인정제 S등급…5년 연속 인증[KT 제공. 재판매 및 DB 금지]▲ KT는 다음달 7일까지 청년 디지털 인재 양성 프로그램 'KT 에이블스쿨' 9기 교육생을 모집한다고 18일 밝혔다. 9기 교육생은 AI 개발자와 DX 컨설턴트 트랙으로 나눠 선발한다. 내년 3월 말 입교해 약 5개월간 진행되며, 34세 이하 미취업자 중 4년제 대학 6학기 이상 수료자라면 누구나 지원할 수 있다. 교육 수료 후 KT그룹 채용에 지원할 경우 우대 혜택이 주어진다. 연관된 다수 기업으로 취업할 수 있도록 취업지원 프로그램도 제공한다.[LG유플러스 제공. 재판매 및 DB 금지]▲ LG유플러스는 보건복지부와 한국사회복지협의회가 공동 주관하는 '지역사회공헌 인정제'에서 S(최고)등급을 받아 5년 연속 지역사회공헌 인정 기관으로 선정됐다고 18일 밝혔다. 심사는 환경경영(E), 사회적 책임경영(S), 투명경영(G) 3개 영역으로 구분해 진행되며 19개의 심사 지표를 종합적으로 평가해 등급이 부여된다. LG유플러스는 올해 친환경 경영 체계 구축과 지역사회와의 지속적이고 실질적인 협력 성과를 내 평가를 받았다고 설명했다. (서울=연합뉴스)"
https://n.news.naver.com/mnews/article/629/0000454562?sid=105,2025-12-18 10:31:13,IT/과학,"소아 상담부터 응급실까지…의료 AI, 현장 난제 해결사로","과기정통부 '디지털 헬스케어 성과공유회' 개최카카오·LGU+ 등 의료 현장 실전형 기술 공개18일 과학기술정보통신부는 정보통신산업진흥원(NIPA)과 서울 서초구 엘타워에서 '디지털 헬스케어 사업 성과공유회'를 개최했다. /더팩트 DB[더팩트｜우지수 기자] 기술 개발과 가능성 검증에 주력했던 의료 인공지능(AI)이 실제 진료 현장의 난제를 해결하는 '실전형 서비스'로 진화하고 있다.18일 과학기술정보통신부는 정보통신산업진흥원(NIPA)과 서울 서초구 엘타워에서 '디지털 헬스케어 사업 성과공유회'를 개최했다고 밝혔다. 이번 행사는 산업 발전 유공자를 표창하고 국민이 체감할 수 있는 의료AI 기술 활용 사례를 공유하기 위해 마련됐다.이날 행사에서는 혁신적 의료AI 기술 개발과 규제 개선에 기여한 공로로 과기정통부 장관 표창 5점과 NIPA 원장 표창 4점이 수여됐다. 이어 기업들이 AI 기반 소아 건강·심리 상담, 응급의료 시스템 등 주요 성과를 발표했다.카카오헬스케어는 거대언어모델(LLM) 기반 소아 건강상담과 진료행정 지원 서비스를 소개했다. 야간이나 휴일에 상관없이 24시간 소아 건강상담이 가능하고 의료진에게는 환자 증례 추천과 초진문 생성 등을 지원해 업무 부담을 줄인다. 이 솔루션은 2026년부터 카카오톡 채널과 혈당 관리 플랫폼 '파스타'를 통해 시범 서비스될 예정이다.LG유플러스는 심리상담사를 보조하는 AI 서비스를 공개했다. 상담일지 생성과 요약, 분석 등을 지원해 상담사가 본연의 업무에 집중할 수 있도록 돕는다. 2026년부터 근로자 상담 프로그램 등에 시범 적용해 고도화할 계획이다.응급환자 골든타임을 확보하는 'AI응급의료시스템(AI앰뷸런스)' 성과도 주목받았다. 온택트헬스는 전남 동부권 실증 결과 구급대원과 의료기관 간 정보 공유로 평균 응답 시간을 기존 24분에서 2~3분대로 대폭 단축했다고 설명했다.히포티앤씨는 ADHD와 우울증 등을 치료하는 디지털 치료기기 실증 사례를 공유했다. 성남시 자살예방센터 이용자를 대상으로 실증한 결과 우울과 불안 증상이 평균 20% 이상 개선된 것으로 나타났다.과기정통부는 이와 함께 전국 8개 의과대학에 의료AI 정규 교육과정을 운영하며 인재 양성에도 힘쓰고 있다. 내년에는 암과 심장질환 등 10종 질환에 대해 퇴원 후 예후 관리를 지원하는 '닥터앤서 3.0' 사업을 신규 추진할 방침이다.이진수 과기정통부 인공지능정책기획관은 ""의료분야 AI 접목은 의료 서비스 질을 높이고 진료 사각지대를 보완하기 위한 핵심 과제""라며 ""국민 건강과 소중한 일상이 보호받을 수 있도록 적극 지원하겠다""고 말했다.발로 뛰는 더팩트는 24시간 여러분의 제보를 기다립니다.▶카카오톡: '더팩트제보' 검색▶이메일: jebo@tf.co.kr▶뉴스 홈페이지: http://talk.tf.co.kr/bbs/report/write"
https://n.news.naver.com/mnews/article/031/0000990314?sid=105,2025-12-18 10:32:09,IT/과학,"LGU+, 5년 연속 '지역사회공헌 인정 기업' 선정","최고 등급 획득⋯""지역사회 공동 성장 위한 활동 이어갈 것""LG유플러스(대표 홍범식)는 보건복지부와 한국사회복지협의회가 공동 주관하는 지역사회공헌 인정제에서 최고 등급인 S등급을 획득했다고 18일 밝혔다. 5년 연속 지역사회공헌 인정 기업으로 선정된 것이다.LG유플러스 직원이 지연사회공헌 인정 기관 상패를 소개하는 모습. [사진=LGU+]지역사회공헌 인정제는 비영리단체와 협력해 지속적인 사회공헌 활동을 펼친 기업과 기관 공로를 인정해 등급을 부여하는 제도다. 심사는 환경경영(E), 사회적 책임경영(S), 투명경영(G) 3개 영역으로 구분해 진행된다. 19개 심사 지표를 종합적으로 평가해 등급이 부여된다.LG유플러스는 올해 평가에서 친환경 경영 체계 구축과 지역사회와의 지속적이고 실질적인 협력 성과 측면에서 긍정적인 평가를 받았다.LG유플러스는 매년 전 사업장을 대상으로 환경 목표를 수립하고 에너지·폐기물·용수 등 주요 지표를 관리하고 있다. 내부 심사를 실시해 사업장 환경을 개선하고 있다.이같은 노력은 ISO 14001(환경경영시스템) 인증 자격 획득으로 이어졌다. LG유플러스는 환경이 기업에 미치는 영향을 체계적으로 관리·개선하기 위한 국제 규격인 ISO 14001 인증을 2년째 유지하게 됐다.LG유플러스는 친환경 경영체계 구축을 위해 건축물에도 에너지 효율 설비를 적용했다. 주요 연구개발(R&D) 조직이 입주해 있는 LG사이언스파크(마곡)는 최초 설계 단계부터 에너지 효율 설비를 적용해 2018년부터 국제 친환경 건축 인증인 녹색건축인증(LEED) 실버 등급을 유지하고 있다.향후 LG유플러스는 사회문제 해결을 위해 지속적으로 지역사회와 협력해 사회공헌 활동을 확대한다는 방침이다.박경중 LG유플러스 대외협력담당(상무)은 ""지역사회와의 협력은 단기간 성과가 아니라 꾸준히 이어가야 할 과제""라며 ""지역사회와 함께 성장할 수 있는 사회공헌 활동을 꾸준히 확대해 나갈 것""이라고 말했다."
https://n.news.naver.com/mnews/article/016/0002574049?sid=105,2025-12-18 11:30:28,IT/과학,"LGU+, 5년 연속 ‘지역 사회공헌 인정 기관’","‘지역 사회공헌’ 최고등급 ‘S’ 획득“지역사회 협력, 꾸준히 이어갈 과제”LG 유플러스는 보건복지부와 한국사회복지협의회가 공동 주관하는 ‘지역 사회공헌 인정제’에서 최고 등급인 S등급을 획득했다고 18일 밝혔다. 5년 연속 지역 사회공헌 인정 기관으로 인정받은 것이다.지역 사회공헌 인정제는 비영리단체와 협력해 지속적으로 사회공헌 활동을 펼친 기업에 대해 등급을 부여하는 제도다. 심사는 환경경영(E), 사회적 책임경영(S), 투명경영(G) 3개 영역으로 구분해 진행된다. 19개의 심사 지표를 종합적으로 평가해 등급이 부여된다.LG유플러스는 친환경 경영 체계 구축과 지역사회와 지속적인 협력 측면에서 평가를 받았다.LG유플러스는 매년 전 사업장을 대상으로 환경 목표를 수립하고, 에너지·폐기물·용수 등 주요 지표를 관리한다. 내부 심사를 통해 사업장 환경도 개선하고 있다. 이 같은 노력이 ISO 14001(환경경영시스템) 인증 자격 획득으로 이어졌다는 게 LG유플러스 설명이다.LG유플러스는 ISO 14001 인증을 2년째 유지하고 있다.또 LG유플러스는 친환경 경영 체계 구축을 위해 건축물에도 에너지 효율 설비를 적용했다. 주요 연구개발(R&D) 조직이 입주해 있는 LG사이언스파크(마곡)는 최초 설계 단계부터 에너지 효율 설비를 적용, 지난 2018년부터 국제 친환경 건축 인증인 녹색건축인증(LEED) ‘실버’ 등급을 유지하고 있다.지역사회와 협력하기 위한 사회공헌 활동도 이어지고 있다. ▷홀로 삶 어르신 반찬 나눔 ▷‘배터리 리사이클링 원팀(배리원)’ 협의체 운영 ▷장애 가정 청소년에게 장학금과 멘토링을 지원하는 ‘두드림 U+요술통장’ ▷군인 자녀를 대상으로 맞춤형 학습 프로그램을 제공하는 ‘아이드림챌린지’ ▷순직 소방관 유가족 지원을 위한 추모 마라톤 ‘119메모리얼런’ 등이다.앞으로도 LG유플러스는 지역사회와 함께 사회공헌 활동을 확대한다는 방침이다.박경중 LG유플러스 대외협력 담당은 “지역사회와의 협력은 단기간 성과가 아니라 꾸준히 이어가야 할 과제”라며 “앞으로도 지역사회와 함께 성장할 수 있는 사회공헌 활동을 꾸준히 확대해 나갈 것”이라고 말했다. 고재우 기자"
https://n.news.naver.com/mnews/article/374/0000481296?sid=101,2025-12-18 11:35:09,경제,이 시각 주요 뉴스,"■ 뉴스 11 '이 시각 주요 뉴스'◇ 코스피, 4000선 '아슬'…환율 '불안'코스피가 전날 상승분을 대부분 반납한 채 아슬아슬하게 4000선을 지키고 있습니다.환율은 장중 다시 1480원선에 바짝 다가서는 등 불안한 모습을 보였습니다.◇ ISA 혜택 확대한다…국내투자 '차등'정부가 ISA 계좌의 비과세 혜택을 국내 주식 투자에 차등적으로 더 늘리는 방향을 검토하고 나섰습니다.지난 정부에서 추진됐던 국내투자형 ISA가 다시 추진될 가능성도 거론됩니다.◇ 새마을금고 대출 중단…절벽 본격화새마을금고가 연말까지 비회원 대상 가계대출을 전면 중단하기로 결정했습니다.대형 은행의 대출 중단도 이어지고 있어 연말 대출 절벽이 본격화되고 있습니다.◇ LGU+, 구글AI 출시 사흘 만에 '오류'LG유플러스가 구글 인공지능과 연계해 출시한 유료 상품에서 핵심 서비스인 제미나이가 활성화되지 않는 오류가 발생했습니다.LG유플러스는 상품 출시 사흘 만에 가입을 중단했습니다.당신의 제보가 뉴스로 만들어집니다.SBS Biz는 여러분의 제보를 기다리고 있습니다.홈페이지 = https://url.kr/9pghjn"
https://n.news.naver.com/mnews/article/092/0002402957?sid=105,2025-12-18 14:37:11,IT/과학,"LGU+, 5년 연속 ‘지역사회공헌 인정 기관’ 선정","LG유플러스가 보건복지부와 한국사회복지협의회가 공동 주관하는 ‘지역사회공헌 인정제’에서 최고 등급인 S등급을 획득했다고 18일 밝혔다.‘지역사회공헌 인정제’는 비영리단체와 협력해 지속적인 사회공헌 활동을 펼친 기업과 기관의 공로를 인정해 등급을 부여하는 제도다. 심사는 환경경영(E), 사회적 책임경영(S), 투명경영(G) 3개 영역으로 구분해 진행되며, 19개의 심사 지표를 종합적으로 평가해 등급이 부여된다.LG유플러스는 올해 평가에서 친환경 경영 체계 구축과 지역사회와의 지속적이고 실질적인 협력 성과 측면에서 좋은 평가를 받았다.구체적으로 LG유플러스는 매년 전 사업장을 대상으로 환경 목표를 수립하고 에너지, 폐기물, 용수 등 주요 지표를 관리하며 내부 심사를 실시해 사업장 환경을 개선하고 있다. 이같은 노력은 ISO 14001 인증 자격 획득으로 이어졌다. 이로써 LG유플러스는 환경이 기업에 미치는 영향을 체계적으로 관리·개선하기 위한 국제 규격인 ISO 14001 인증을 2년째 유지하게 됐다.또한 LG유플러스는 친환경 경영체계 구축을 위해 건축물에도 에너지 효율 설비를 적용했다. 주요 연구개발(R&D) 조직이 입주해 있는 LG사이언스파크(마곡)는 최초 설계 단계부터 에너지 효율 설비를 적용, 2018년부터 국제 친환경 건축 인증인 녹색건축인증(LEED) ‘실버’ 등급을 유지하고 있다.지역사회와 협력하기 위한 사회공헌 활동도 이어지고 있다. LG유플러스는 ▲독거어르신 반찬 나눔 ▲’배터리 리사이클링 원팀(이하 배리원)’ 협의체 운영 ▲ 장애가정 청소년에게 장학금과 멘토링을 지원하는 ‘두드림 U+요술통장’ ▲군인 자녀를 대상으로 맞춤형 학습 프로그램을 제공하는 ‘아이드림챌린지’ ▲순직 소방관 유가족 지원을 위한 추모 마라톤 ‘119메모리얼런’ 등을 전개하고 있다.향후 LG유플러스는 사회문제 해결을 위해 지속적으로 지역사회와 협력해 사회공헌 활동을 확대한다는 방침이다.박경중 LG유플러스 대외협력담당은 “지역사회와의 협력은 단기간 성과가 아니라 꾸준히 이어가야 할 과제”라며 “앞으로도 지역사회와 함께 성장할 수 있는 사회공헌 활동을 꾸준히 확대해 나갈 것”이라고 말했다."
https://n.news.naver.com/mnews/article/014/0005451257?sid=105,2025-12-18 18:20:12,IT/과학,"LGU+, 지역사회공헌 기관으로 5년 연속 인정","환경경영시스템 국제표준 인증도LG유플러스는 보건복지부와 한국사회복지협의회가 공동 주관하는 '지역사회공헌 인정제'에서 최고 등급인 S등급을 획득했다고 18일 밝혔다. 이로써 LG유플러스는 5년 연속 지역사회공헌 인정 기관으로 인정받았다.지역사회공헌 인정제는 비영리단체와 협력해 지속적인 사회공헌 활동을 펼친 기업과 기관의 공로를 인정해 등급을 부여하는 제도다. 심사는 환경경영(E), 사회적 책임경영(S), 투명경영(G) 3개 영역으로 구분해 진행되며, 19개의 심사 지표를 종합적으로 평가해 등급이 부여된다. LG유플러스는 매년 전 사업장을 대상으로 환경 목표를 수립하고, 에너지·폐기물·용수 등 주요 지표를 관리한다. 또 내부 심사를 실시해 사업장 환경을 개선하고 있다. 이 같은 노력은 환경경영시스템 인증인 ISO 14001 자격 획득으로 이어졌다. LG유플러스는 환경이 기업에 미치는 영향을 체계적으로 관리·개선하기 위한 국제 규격인 ISO 14001 인증을 2년째 유지하게 됐다.또한 LG유플러스는 친환경 경영체계 구축을 위해 건축물에도 에너지 효율 설비를 적용했다. 주요 연구개발(R&D) 조직이 입주해 있는 LG사이언스파크(마곡)는 최초 설계 단계부터 에너지 효율 설비를 적용, 2018년부터 국제 친환경 건축 인증인 녹색건축인증(LEED) '실버' 등급을 유지하고 있다.지역사회와 협력하기 위한 사회공헌 활동도 이어가고 있다. LG유플러스는 △독거어르신 반찬 나눔 △'배터리 리사이클링 원팀' 협의체 운영 △장애가정 청소년에게 장학금과 멘토링을 지원하는 '두드림 U+요술통장' △군인 자녀를 대상으로 맞춤형 학습 프로그램을 제공하는 '아이드림챌린지' △순직 소방관 유가족 지원을 위한 추모 마라톤 '119메모리얼런' 등을 전개하고 있다."
https://n.news.naver.com/mnews/article/656/0000160089?sid=102,2025-12-19 12:13:13,사회,범죄 악용 대포폰 근절… 휴대전화 개통시 '안면인증',"과학기술정보통신부 전경. 과기정통부 제공앞으로 휴대전화를 개통할 때 범죄에 악용되는 대포폰 개통을 막기 위해 '안면인증'으로 본인 여부를 확인하게 된다.과학기술정보통신부는 보이스피싱 등 금융사기 범죄에 악용되는 대포폰 근절을 위한 노력으로 이동통신3사(SKT·KT·LGU+) 및 알뜰폰 사업자는 휴대전화 개통 절차에 추가로 안면인증을 도입한다고 19일 밝혔다.이번 조치는 국정과제 23에 담긴 '국민의 안전과 보편적 삶의 질 제고를 위한 AI 기본사회 실현'의 일환이다. 또한 정부 합동으로 발표한 '보이스피싱 근절 종합대책' 및 '보이스피싱 범죄 대응 강화 방안' 이행을 위한 실천 방안이다.신분증의 얼굴 사진과 신분증 소지자의 실제 얼굴을 실시간으로 대조하는 생체인증이 추가되는 경우 타인의 신분증을 절취·위조하거나 명의를 대여하는 방식의 대포폰 개통이 원천 차단될 것으로 기대된다. 해킹 등으로 인해 유출된 정보만으로 대포폰을 개통하던 수법도 이전보다 훨씬 더 어려워질 것으로 예상된다.안면인증은 내년 3월 23일부터 휴대전화 개통 절차에 정식으로 도입될 예정다. 이달 23일부터는 일부 알뜰폰사의 비대면 채널 및 이통3사 대면 채널에서 시범적으로 운영된다.시범운영 기간인 3개월간은 이용자와 사업자가 변화된 제도에 충분히 적응할 수 있도록 △안면인증 실패 시에도 예외 처리로 개통 진행 △현장 안내 강화 △인증 실패 등 사례를 정밀 분석할 계획이다.안면인증 시스템은 이통3사가 운영하는 패스(PASS) 앱을 활용해 된다. 이용자의 접근성 및 활용도를 고려하여 패스 앱에 가입하지 않아도 이용이 가능하다.최우혁 과기정통부 네트워크정책실장은 ""대포폰 근절이 피싱, 스미싱 등 디지털 민생범죄 예방의 첫걸음인 만큼 안면인증 도입 초기에 일부 어려움이 있더라도 이용자 불편을 최소화하는 선에서 모든 이통사가 안면인증을 조기 도입하는 등 적극적인 협력을 당부한다""고 밝혔다."
https://n.news.naver.com/mnews/article/028/0002782349?sid=105,2025-12-19 13:58:13,IT/과학,23일부터 휴대폰 개통 때 안면인증…과기부 “대포폰 근절 차원”,"클립아트코리아오는 23일부터 휴대폰을 개통할 때 안면인증을 거쳐야 한다. 과학기술정보통신부는 이동통신3사(SKT, KT, LGU+) 및 알뜰폰 사업자가 휴대전화 개통 절차에 추가로 안면인증을 도입한다고 19일 밝혔다.과기정통부는 보이스피싱 등 금융사기 범죄에 악용되는 대포폰을 근절하기 위해 안면인증 절차를 추가한다고 설명했다. 올해 11월까지 집계된 보이스피싱 피해 건수는 2만1588건에 달하며, 피해액은 사상 처음으로 1조원을 돌파해 1조1330억원을 기록하고 있다.특히 간편하게 비대면으로 개통할 수 있던 알뜰폰이 범죄에 많이 악용된 것으로 알려졌다. 최우혁 과기정통부 네트워크정책실장은 “2024년 적발된 대포폰 9만7399건 중 알뜰폰이 8만9927건을 차지하는 등 알뜰폰 개통 절차에 대한 불신이 고조되는 상황이었다”며 “일부 알뜰폰사의 문제이긴 하나, 금번 조치를 통해 알뜰폰 신뢰도가 제고될 것으로 기대한다”고 말했다.안면인증 대상이 되는 업무는 신규개통, 번호이동, 기기변경, 명의변경이다. 이동통신3사가 운영하는 패스(PASS)앱으로 진행된다. 이용자 접근성을 고려해 패스 앱에 가입하지 않아도 이용할 수 있다.안면인증 데이터는 별도로 저장되지 않는다. 신분증의 얼굴사진과 신분증 소지자가 동일한 사람인지 여부만 확인되면 그 결과값(Y, N)만 저장되는 식이다.개통 절차가 한 단계 더 늘어난 것이기 때문에 다소 이용자 불편이 예상된다. 특히 스마트 기기에 익숙하지 않은 노령층이 어려움을 겪을 수 있다. 곽진 아주대 교수(사이버보안)는 “안전성 강화와 소비자 편리성은 상충할 수밖에 없다”며 “대포폰 차단 효과는 있을 것 같지만, 노인 등 디지털 취약계층을 더 적극적으로 고려해야 할 것”이라고 말했다. 통신업계 관계자는 “신분증 스캔도 처음에 말이 많았지만 정착됐다”며 “안면인증이 번거롭긴 하지만 정착되면 무리 없을 것”이라고 말했다.안면인증 절차는 오는 23일부터 일부 알뜰폰사의 비대면 채널과 이동통신 3사의 대면 채널에서 3개월간 시범 운영된다. 이후 내년 3월23일부터 정식 도입된다. 시범 운영 기간에는 안면인증에 실패해도 개통을 진행할 수 있다. 과기정통부는 “대리점 및 판매점 등 유통 현장의 운영 노하우 축적 등 정식 운영을 위해 필요한 사항을 철저히 점검해 나가겠다”고 밝혔다."
https://n.news.naver.com/mnews/article/003/0013668109?sid=102,2025-12-19 16:43:55,사회,"[단독]서울경찰청, LGU+ '개인정보 유출 서버 폐기 의혹' 수사 착수","과기부, 경찰청에 수사 의뢰…서울청에 조사 지시서울청 반부패수사대 입건 전 조사 진행 중LGU+ 용산사옥 전경(사진=LGU+ 제공) *재판매 및 DB 금지[서울=뉴시스]이다솜 최은수 기자 = 경찰이 LG유플러스가 개인정보 유출 해킹 의혹이 제기된 서버를 고의로 폐기했다는 의혹과 관련해 수사에 착수했다.19일 국회 과학기술정보방송통신위원회 이해민 의원실이 경찰청으로부터 제출받은 자료 및 뉴시스 취재를 종합하면 서울경찰청 반부패수사대는 최근 LG유플러스의 서버 폐기 의혹에 대해 수사에 착수했다.수사의뢰 공문을 접수한 경찰청은 지난 11일 서울경찰청 수사과에 입건 전 조사를 지시했으며 사건을 넘겨받은 서울경찰청 반부패수사대가 수사를 진행 중이다.앞서 과학기술정보통신부는 지난 10일 형법상 위계에 의한 공무집행방해로 LG유플러스에 대한 경찰청 사이버테러대응과에 수사를 의뢰했다. 과기정통부는 민관합동조사단이 LG유플러스 측에 서버 제출을 요구하는 과정에서 서버가 폐기된 만큼 고의성 여부 등을 따져야 한다는 입장이다.LG유플러스의 서버 폐기 및 해킹 정황 축소 의혹은 지난 7~8월께부터 제기됐다. 과기정통부는 지난 7월 18일 LG유플러스가 해킹을 당했다는 제보를 받았다. 제보 내용은 LG유플러스의 '계정 권한 관리 시스템(APPM)' 서버 정보와 4만여개의 계정 등이 유출됐다는 것이 골자다.과기정통부는 제보를 받은 다음 날인 7월 19일 LG유플러스에 관련 내용을 전달하고 자체점검을 요청했으나 이후 회사는 8월 13일 ""침해사고 흔적이 없다""고 통보했다.이 과정에서 LG유플러스가 계정 관리 서버 1대를 물리적으로 폐기한 것으로 나타났다. 과기정통부로부터 해킹 피해 관련 의혹을 전달받은 지 약 열흘이 지난 시점이다.이어 과기정통부는 지난 10일 ""올해 10월부터 진행된 민관합동 조사를 통해 LG유플러스가 APPM(서버 계정 권한 관리) 서버 1·2 중 1 서버를 폐기한 사실이 드러났다""며 경찰에 수사를 의뢰했다.당초 회사는 정보 유출 건을 침해사고로 인정하지 않았다. 하지만 10월 국정감사에서 재차 지적이 나오자 결국 침해사고 건으로 당국에 신고했다."
https://n.news.naver.com/mnews/article/421/0008670911?sid=102,2025-12-19 17:24:45,사회,"서울경찰청, LGU+ '개인정보 유출 서버 폐기 의혹' 수사 착수","서울청 반부패수사대 입건 전 조사 진행 중23일 통신업계 등에 따르면 LG유플러스는 이날 한국인터넷진흥원(KISA)에 서버 해킹 피해와 관련한 신고서를 제출했다. 이로써 올해는 국내 통신 3사가 모두 사이버 침해 피해를 당국에 공식 신고한 해가 됐다. 사진은 23일 서울 LG유플러스 용산 사옥. 2025.10.23/뉴스1 ⓒ News1 안은나 기자(서울=뉴스1) 강서연 윤주영 기자 = 경찰이 LG유플러스가 개인정보 유출 해킹 의혹이 제기된 서버를 고의로 폐기했다는 의혹과 관련해 수사에 착수한 것으로 확인됐다.19일 경찰 등에 따르면 서울경찰청 반부패수사대는 최근 LG유플러스의 서버 폐기 의혹에 대해 수사하고 있다.경찰청은 수사 의뢰 공문을 접수, 지난 11일 서울경찰청 수사과에 입건 전 조사(내사)를 지시했다. 이후 사건을 넘겨받은 서울경찰청 반부패수사대가 수사를 진행 중이다.앞서 과학기술정보통신부는 지난 10일 ""올해 10월부터 진행된 민관합동 조사를 통해 LG U+가 APPM(서버 계정 권한 관리) 서버 1·2 중 1 서버를 폐기한 사실이 드러났다""며 ""APPM 2 서버만이 확인되는 상황이다. 필요한 조사가 불가능해 최근 경찰에 수사를 의뢰했다""고 밝혔다.APPM 서버는 내부 여러 시스템에 접근하기 위한 중간 인증을 해주는 관문 역할을 한다. 이는 공격자의 이상 접근을 보여주는 증거가 된다.LG유플러스의 서버 폐기 및 해킹 정황 축소 의혹은 올해 10월 국정감사에서 지적됐다.보안 당국인 한국인터넷진흥원(KISA)은 올해 7월 신원 미상의 화이트해커 제보를 통해 서버 해킹 정황을 확보했다. 이후 8월 과기정통부는 회사에 자체 점검 결과를 요구했지만, LG유플러스는 요청 다음 날인 8월 12일에 APPM 서버 운영체제(OS)를 재설치하고 ""침해 흔적이 없다""고 보고했다.이를 검증하고자 시작한 민관조사단 조사 과정에서 서퍼 폐기 사실이 확인됐다. 수사를 통해 고의성을 따져봐야 한다는 게 민관조사단의 입장이다.한편 LG유플러스의 서버 해킹 의혹은 올해 8월 글로벌 해킹 권위지 '프랙 매거진'이 낸 'APT Down: The North Korea Files'라는 보고서를 통해 최초 공개됐다. 익명의 화이트해커 두 명은 'KIM'이라는 공격자로부터 8GB에 달하는 한국 기관·기업 유출 데이터를 확보했다며 매거진에 제보했다.이에 따르면 LG유플러스는 △내부 서버 관리용 계정 권한 관리 시스템(APPM) 소스코드 및 데이터베이스 △8938대 서버 정보 △4만 2526개 계정 및 167명 직원/협력사 ID·실명 등의 유출을 허용한 걸로 의심된다. 올해 4월까지 해당 정보에 접근한 이상 기록이 확인된다.당초 회사는 정보 유출 건을 침해사고로 인정하지 않았다. 하지만 10월 국정감사에서 재차 지적이 나오자 결국 침해사고 건으로 당국에 신고했다."
https://n.news.naver.com/mnews/article/015/0005226933?sid=105,2025-12-19 17:45:17,IT/과학,LG유플러스 '서버 폐기' 의혹…서울 경찰청 수사 착수,"서버 해킹 의혹에 침해 흔적 없다 밝힌 LGU+과기정통부 민관합동 조사, 서버 폐기 확인서울청 반부패수사대 입건 전 조사 진행 중서울 용산구 LG유플러스 본사. 사진=연합뉴스경찰이 LG유플러스가 개인정보 유출 해킹 의혹이 제기된 서버를 고의로 폐기했다는 의혹과 관련해 수사에 착수했다.19일 경찰 등에 따르면 서울경찰청 반부패수사대는 최근 LG유플러스의 서버 폐기 의혹에 대해 수사하고 있다. 경찰청은 수사 의뢰 공문을 접수해 지난 11일 서울경찰청 수사과에 입건 전 조사(내사)를 지시했다. 이후 사건을 넘겨받은 서울경찰청 반부패수사대가 수사를 진행하고 있다.앞서 과학기술정보통신부는 지난 10일 ""올해 10월부터 진행된 민관합동 조사를 통해 LG유플러스가 APPM(서버 계정 권한 관리) 서버 1·2 중 1 서버를 폐기한 사실이 드러났다""며 ""APPM 2 서버만이 확인되는 상황이다. 필요한 조사가 불가능해 최근 경찰에 수사를 의뢰했다""고 설명했다.APPM 서버는 내부 여러 시스템에 접근하기 위한 '관문'이다. 중간 인증을 하는 곳으로 공격자의 이상 접근을 보여주는 증거가 된다.LG유플러스의 서버 폐기·해킹 정황 축소 의혹은 올해 10월 국정감사에서 지적됐다. 보안 당국인 한국인터넷진흥원(KISA)은 올해 7월 신원 미상의 화이트해커 제보를 통해 서버 해킹 정황을 확보했다. 이후 8월 과기정통부는 회사에 자체 점검 결과를 요구했지만 LG유플러스는 요청 다음 날인 8월 12일에 APPM 서버 운영체제(OS)를 재설치하고 ""침해 흔적이 없다""고 보고했다.이를 검증하고자 시작한 민관조사단 조사 과정에서 서퍼 폐기 사실이 확인됐다. 민관조사단은 수사를 통해 고의성을 따져봐야 한다는 입장이다.LG유플러스의 서버 해킹 의혹은 올해 8월 글로벌 해킹 권위지 '프랙 매거진'이 낸 'APT Down: The North Korea Files'라는 보고서를 통해 최초 공개됐다. 익명의 화이트해커 두 명은 '킴'이라는 공격자로부터 8GB에 달하는 한국 기관·기업 유출 데이터를 확보했다며 매거진에 제보했다.이에 따르면 LG유플러스는 △내부 서버 관리용 계정 권한 관리 시스템(APPM) 소스코드·데이터베이스 △8938대 서버 정보 △4만 2526개 계정·167명 직원/협력사 ID·실명 등의 유출을 허용한 걸로 의심된다. 올해 4월까지 해당 정보에 접근한 이상 기록이 확인된다.당초 회사는 정보 유출 건을 침해사고로 인정하지 않았다. 하지만 10월 국정감사에서 재차 지적이 나오자 결국 침해사고 건으로 당국에 신고했다."
https://n.news.naver.com/mnews/article/052/0002289780?sid=102,2025-12-19 18:41:35,사회,"LGU+ '개인정보 유출 서버폐기 의혹', 서울경찰청이 수사",LG유플러스가 개인정보 유출 해킹 의혹이 제기된 서버를 고의로 폐기했다는 의혹에 대해 서울경찰청이 수사에 착수했습니다.서울경찰청 반부패수사대는 최근 LG유플러스의 서버 폐기 의혹에 대해 위계에 의한 공무집행 방해 등의 혐의로 수사에 착수했다고 밝혔습니다.앞서 과학기술정보통신부는 지난 10일 민관합동 조사를 통해 LG유플러스가 서버를 폐기한 사실이 드러났다며 경찰에 수사 의뢰했습니다.※ '당신의 제보가 뉴스가 됩니다'[카카오톡] YTN 검색해 채널 추가[전화] 02-398-8585[메일] social@ytn.co.kr
https://n.news.naver.com/mnews/article/003/0013669066?sid=101,2025-12-21 09:00:00,경제,희망산타로 변신한 홍범식 LGU+ 대표…영락보린원 찾아 선물 전달,"LGU+, 2017년부터 연말 영락보린원 방문임직원 47명, 크리스마스 선물·편지 전달[서울=뉴시스] LG유플러스는 임직원들이 크리스마스를 앞두고 지난 19일 서울 용산구에 위치한 영락보린원 어린이들을 찾아 희망산타로 선물을 전달하고 연말 행사를 진행했다고 21일 밝혔다. 사진은 홍범식 LG유플러스 사장이 희망산타로 어린이에게 선물을 전달하는 모습. (사진=LG유플러스 제공) 2025.12.21. photo@newsis.com *재판매 및 DB 금지[서울=뉴시스]박은비 기자 = LG유플러스는 임직원들이 크리스마스를 앞두고 지난 19일 서울 용산구에 위치한 영락보린원 어린이들을 찾아 희망산타로 선물을 전달하고 연말 행사를 진행했다고 21일 밝혔다.LG유플러스는 지난 2017년부터 연말마다 이 곳을 찾고 있다. 올해는 홍범식 LG유플러스 사장을 포함해 내년 승진·신규 보임 임원 10명, 참여 신청 직원 37명까지 총 47명이 희망산타가 됐다.당일 현장에서는 임직원들이 어린이들과 크리스마스 트리를 만들고, 직접 준비한 선물과 편지를 전달했다. 어린이들도 사전에 준비한 캐롤 공연을 선보였다.김병삼 영락보린원장은 ""LG유플러스는 아이들 비대면 학습을 위해 태블릿PC를 지원하고 있고, 희망산타 행사로 즐거운 추억을 선물해주고 있다""며 ""오랜 시간 아이들의 어려운 일, 즐거운 일에 함께해준 LG유플러스에 깊은 감사를 전한다""고 말했다."
https://n.news.naver.com/mnews/article/008/0005294723?sid=105,2025-12-21 09:11:33,IT/과학,"산타복 입은 홍범식 LGU+ 대표, 아이들에 '희망 선물'","홍범식 LG유플러스 사장이 희망산타로 변신해 어린이에게 선물을 전달하고 있다. /사진=LG유플러스LG유플러스는 크리스마스를 앞두고 임직원들이 서울 용산구 영락보린원을 찾아 산타로 변신해 어린이들에게 선물을 전달했다고 21일 밝혔다.LG유플러스 임직원들은 2017년부터 연말에 영락보린원을 찾아 어린이들을 이 같은 연말 행사를 진행하고 있다.올해는 지난 19일 홍범식 LG유플러스 대표를 비롯해 2026년 승진 및 신규 보임 임원 10명과 사내 공지를 통해 자발적으로 신청한 직원 37명 등 총 47명이 '희망산타'로 변신해 보린원을 방문했다.이번 희망산타는 사전에 임직원 한 명과 어린이 한 명을 1대1로 매칭해 임직원들이 직접 47명의 어린이를 위해 선물을 준비하고 꿈을 응원하는 크리스마스카드를 작성했다.당일 현장에서는 임직원들이 어린이들과 함께 크리스마스트리를 만들고, 직접 준비한 선물과 편지를 전달했다. 영락보린원 어린이들도 사전에 준비한 캐럴 공연을 선보이며 감사한 마음을 전했다. 끝으로는 다 함께 1년 뒤 산타에게 편지를 쓰며 행사를 마무리했다.김병삼 영락보린원 원장은 ""LG유플러스는 아이들 비대면 학습을 위해 태블릿PC 지원과 매년 희망산타 행사로 즐거운 추억을 선물해주고 있다""며 ""오랜 시간 아이들의 어려운 일, 즐거운 일에 함께해주신 LG유플러스에 깊은 감사를 전한다""고 말했다."
https://n.news.naver.com/mnews/article/011/0004569698?sid=105,2025-12-21 09:20:13,IT/과학,"LGU+ 임직원, 영락보린원 어린이들 위해 ‘희망산타’ 변신","홍범식 사장 등 47명 참여홍범식 LG유플러스 사장이 19일 서울 용산구 영락보린원에서 희망산타로 변신해 어린이에게 선물을 나눠주고 있다. 사진 제공=LG유플러스[서울경제]LG유플러스는 임직원들이 크리스마스를 앞두고 19일 서울 용산구 영락보린원 어린이들을 위해 ‘희망산타’로 변신했다고 21일 밝혔다.LG유플러스 임직원들은 2017년부터 연말에 영락보린원을 찾아 어린이들을 위해 희망산타로 변신해 선물을 전달하는 연말 행사를 진행하고 있다. 올해는 홍범식 사장을 포함해 내년도 승진 및 신규 보임한 임원 10명과 사내 공지를 통해 참여를 신청한 직원 37명까지 총 47명이 희망산타가 됐다.희망산타는 사전에 임직원 한 명과 어린이 한 명을 1대 1로 매칭해 임직원들이 직접 47명의 어린이들을 위해 선물을 준비하고 꿈을 응원하는 크리스마스 카드를 작성했다. 행사 당일 현장에서는 임직원들이 어린이들과 함께 크리스마스 트리를 만들고 직접 준비한 선물과 편지를 전달했다. 영락보린원 어린이들도 사전에 준비한 캐롤 공연을 선보이며 감사한 마음을 전했다. 이어 다 함께 1년 뒤 산타에게 편지를 쓰며 행사를 마무리했다.김병삼 영락보린원장은 “LG유플러스는 아이들 비대면 학습을 위해 태블릿PC 지원과 매년 희망산타 행사로 즐거운 추억을 선물해주고 있다”며 “오랜 시간 아이들의 어려운 일, 즐거운 일에 함께해주신 LG유플러스에 깊은 감사를 전한다”고 말했다."
https://n.news.naver.com/mnews/article/031/0000990958?sid=105,2025-12-21 11:28:09,IT/과학,"LGU+ 임직원들, 어린이 위해 '희망산타'로 변신","홍범식 사장 포함 임직원 47명이 준비⋯선물·편지 전달LG유플러스(대표 홍범식) 임직원들이 지난 19일 크리스마스를 앞두고 서울 용산구에 위치한 영락보린원 어린이들을 위해 희망산타로 변신했다.홍범식 LG유플러스 사장이 희망산타로 변신해 어린이에게 선물을 전달하는 모습. [사진=LGU+]LG유플러스 임직원들은 2017년부터 연말에 영락보린원을 찾아 어린이들을 위해 희망산타로 변신해 선물 전달·연말 행사를 진행하고 있다.올해는 홍범식 사장을 포함해 2026년 승진·신규 보임한 임원 10명과 직원 37명 등 총 47명이 희망산타로 변신했다.LG유플러스는 사전에 임직원 한 명과 어린이 한 명을 1대1로 매칭했다. 임직원들이 직접 47명 어린이들을 위해 선물을 준비하고 꿈을 응원하는 크리스마스 카드를 작성했다.당일 현장에서는 임직원들이 어린이들과 함께 크리스마스 트리를 만들고, 직접 준비한 선물과 편지를 전달했다. 영락보린원 어린이들도 사전에 준비한 캐롤 공연을 선보이며 감사한 마음을 전했다.김병삼 영락보린원 원장은 ""LG유플러스는 아이들 비대면 학습을 위해 태블릿PC 지원과 매년 희망산타 행사로 즐거운 추억을 선물해주고 있다""며 ""오랜 시간 아이들의 어려운 일, 즐거운 일에 함께해주신 LG유플러스에 깊은 감사를 전한다""고 말했다."
https://n.news.naver.com/mnews/article/092/0002403219?sid=105,2025-12-21 11:28:13,IT/과학,"LGU+, 연말 맞아 ‘희망산타’ 변신…영락보린원에 선물 전달",홍범식 사장 포함 임직원 47명 참여…2017년부터 9년째 이어진 나눔LG유플러스는 크리스마스를 앞두고 서울 용산구에 위치한 영락보린원 어린이들을 위해 희망산타로 변신해 선물을 전달했다고 21일 밝혔다.LG유플러스 임직원들은 2017년부터 매년 연말마다 영락보린원을 찾아 행사를 진행하고 있다.올해는 홍범식 사장을 포함해 2026년 승진 및 신규 보임한 임원 10명과 사내 공지를 통해 참여를 신청한 직원 37명까지 총 47명이 희망산타로 변신했다.홍범식 LG유플러스 사장이 희망산타로 변신해 어린이에게 선물을 전달하는 모습. 사진=LG유플러스이번 행사는 사전에 매칭된 임직원이 어린이를 위해 직접 준비한 선물과 크리스마스 카드를 전달했다. 영락보린원 어린이들도 사전에 준비한 캐롤 공연을 선보이며 감사한 마음을 전했다. 아울러 1년 뒤 산타에게 편지를 쓰며 행사를 마무리했다.김병삼 영락보린원 원장은 “LG유플러스는 아이들 비대면 학습을 위해 태블릿PC 지원과 매년 희망산타 행사로 즐거운 추억을 선물해주고 있다”며 “오랜 시간 아이들의 어렵고 즐거운 일에 함께해 준 LG유플러스에 깊은 감사를 전한다”고 말했다.
https://n.news.naver.com/mnews/article/030/0003382755?sid=105,2025-12-21 13:09:13,IT/과학,"산타 변신한 LGU+ 홍범식 대표, 영락보린원에 선물 전달","홍범식 LG유플러스 대표가 희망산타로 변신해 영락보린원 어린이에게 선물을 전달하는 모습.홍범식 LG유플러스 대표가 크리스마스를 앞두고 영락보린원 어린이들을 위한 희망산타로 변신했다.LG유플러스 임직원들은 서울 용산구에 위치한 영락보린원을 찾아 어린이들을 위해 희망산타로 변신해 선물 전달 및 연말 행사를 진행했다.올해는 홍 대표를 포함해 2026년 승진 및 신규 보임한 임원 10명과 사내 공지를 통해 참여를 신청한 직원 37명까지 총 47명이 희망산타로 변신했다.이번 희망산타는 사전에 임직원 한 명과 어린이 한 명을 1대1로 매칭해 임직원들이 직접 47명의 어린이들을 위해 선물을 준비하고 꿈을 응원하는 크리스마스 카드를 작성했다.당일 현장에서는 임직원들이 어린이들과 함께 크리스마스 트리를 만들고, 직접 준비한 선물과 편지를 전달했다. 영락보린원 어린이들도 사전에 준비한 캐롤 공연을 선보이며 감사한 마음을 전했다."
https://n.news.naver.com/mnews/article/138/0002213202?sid=105,2025-12-21 13:32:15,IT/과학,"LGU+ 임직원, 영락보린원서 희망산타로 변신","[디지털데일리 강소현기자] LG유플러스 임직원들이 지난 19일 크리스마스를 앞두고 서울 용산구에 위치한 영락보린원 어린이들을 위해 ‘희망산타’로 변신했다.21일 회사에 따르면 LG유플러스 임직원들은 2017년부터 매년 연말 영락보린원을 찾아 희망산타로 나서며 어린이들에게 선물을 전달하고 다양한 연말 행사를 진행해 왔다.올해 행사에는 홍범식 사장을 비롯해 2026년 승진 및 신규 보임한 임원 10명과 사내 공지를 통해 참여를 신청한 직원 37명 등 총 47명이 참여했다.이번 희망산타 행사는 임직원 1명과 어린이 1명을 사전에 매칭하는 방식으로 진행됐다. 임직원들은 47명의 어린이를 위해 직접 선물을 준비하고, 꿈을 응원하는 크리스마스 카드를 작성했다.행사 당일에는 임직원과 어린이들이 함께 크리스마스 트리를 만들고, 준비한 선물과 편지를 전달하는 시간을 가졌다. 이에 영락보린원 어린이들도 사전에 준비한 캐럴 공연으로 감사의 마음을 전했다. 행사는 모두가 함께 1년 뒤 산타에게 보내는 편지를 작성하며 마무리됐다.김병삼 영락보린원 원장은 “LG유플러스는 아이들의 비대면 학습을 위한 태블릿PC 지원은 물론 매년 희망산타 행사를 통해 즐거운 추억을 선물해주고 있다”며 “오랜 시간 아이들의 어려운 순간과 기쁜 순간을 함께해준 LG유플러스에 깊이 감사드린다”고 말했다."
https://n.news.naver.com/mnews/article/241/0003484545?sid=105,2025-12-21 13:32:33,IT/과학,LGU+ 직원들 산타로 변신…영락보린원에 희망 선물,"LG유플러스는 임직원들이 지난 19일 서울 용산구 영락보린원 어린이들을 위해 희망산타로 변신했다고 21일 밝혔다.LG유플러스 임직원들은 2017년부터 연말에 영락보린원을 찾아 희망산타가 돼 선물을 전달하고 연말 행사를 진행하고 있다.올해는 홍범식 사장을 포함해 2026년 승진 및 신규 보임한 임원 10명과 사내 공지로 참여를 신청한 직원 37명까지 총 47명이 참여했다.이번 희망산타는 사전에 임직원 1명과 어린이 1명을 매칭해 임직원들이 직접 47명의 어린이들의 선물을 준비하고 꿈을 응원하는 크리스마스 카드를 작성했다.현장에서는 임직원들이 어린이들과 함께 크리스마스 트리를 만들고 선물과 편지를 전달했다. 영락보린원 어린이들도 사전에 준비한 캐롤 공연으로 감사한 마음을 전했다.김병삼 영락보린원 원장은 ""LG유플러스는 아이들의 비대면 학습을 위해 태블릿 PC 지원과 매년 희망산타 행사로 즐거운 추억을 선물하고 있다""며 ""오랜 시간 아이들의 어려운 일, 즐거운 일에 함께해준 LG유플러스에 감사를 전한다""고 말했다.정길준 기자 kjkj@edaily.co.kr"
https://n.news.naver.com/mnews/article/008/0005294824?sid=105,2025-12-21 15:53:51,IT/과학,[단독] LGU+ '키즈토피아' 분사…첫 독립경영 사례 나온다,"키즈토피아, 글로벌 가입자 200만명 돌파…기대감 커져오는 28일 인큐랩플러스에 키즈토피아 사업 양수도""외부 투자 유치해 글로벌 확장 가속…양사 협업 지속""'키즈토피아' 개요/그래픽=김다나LG유플러스가 어린이용 메타버스 플랫폼 '키즈토피아'를 분사하며 경쟁력 강화에 나선다. 2022년 '4대 플랫폼' 전략 아래 출범한 서비스 대부분이 정리된 가운데 유일하게 분사하는 사례로, 첫 독립경영 시험대가 될 전망이다. 키즈토피아는 외부 투자를 유치해 글로벌 확장을 가속한다는 구상이다.21일 업계에 따르면 LG유플러스는 오는 28일 키즈토피아 사업을 인큐랩플러스에 양도한다. 인큐랩플러스는 김민구 LG유플러스 키즈토피아 TF PM이 지난 9월 설립한 회사로, LG유플러스가 지분 20%를 보유한 것으로 알려졌다. LG유플러스는 키즈토피아의 분사를 통해 신속한 의사결정 체계를 구축하고 외부 자본과 전문인력을 유치해 사업 경쟁력도 높인다는 목표다.키즈토피아는 3D(3차원) 가상 공간에서 AI 캐릭터와 상호작용하며 학습하는 어린이용 메타버스 플랫폼이다. 메타버스 침체기 속에서도 동영상 중심의 기존 교육 콘텐츠와 달리 몰입형 체험학습과 상호작용 요소를 강점으로 내세우며 성장해왔다. 2023년 5월 출시 이후 2년여 만인 지난 7월 누적 가입자 200만명을 돌파했다. 미국·영국·호주·일본·태국 등 11개국으로 서비스를 확장해 두터운 해외 팬층을 보유했다. 전체 이용자 중 해외 접속 비중이 67%에 달한다. 특히 올해 2분기 미국 이용자 수는 전분기 대비 340% 급증했다.이번 키즈토피아의 분사는 LG유플러스가 플랫폼 사업 전반을 정리하는 과정에서 나온 사례라는 점에서 의미가 크다. LG유플러스는 2022년 비(非)통신 사업을 강화하는 '3.0 전략'을 내세우며 △라이프스타일 △놀이 △성장케어 △웹 3.0 등 4대 플랫폼을 중심으로 신사업을 추진했다. 홀로서기가 가능하다고 판단되면 분사해 외부 투자를 유치, 빠르게 성장시킨다는 목표였으나 대부분 성과 부진으로 종료됐다. 홍범식 대표 취임 이후 스포키, 베터, 화물잇고, 답다, 메타슬랩, 머니Me, 원로우, STUDIO X+U 등이 잇따라 철수한 상태다.1호 분사 후보로 거론됐던 '아이들나라'는 성장세 둔화로 홈사업 부문에 잔류했다. 대학 특화 메타버스인 '유버스'도 서비스 확장을 멈췄다. 반면 키즈토피아 홀로 글로벌 확장성과 수익화 가능성을 인정받으며 분사 대상으로 낙점된 것이다.LG유플러스 관계자는 ""키즈토피아는 외부 투자 유치와 전문성 강화가 필요한 단계""라며 ""자율 경영을 보장해 운영 효율성을 높이는 동시에 당사의 선택과 집중 전략을 실현하기 위해 분사를 결정했다""고 밝혔다. 이어 ""분사 이후에도 양사 간 협업은 지속할 계획""이라고 덧붙였다."
https://n.news.naver.com/mnews/article/640/0000082004?sid=101,2025-12-21 17:20:15,경제,Santa's calling,"Employees from mobile carrier LG U+ dressed up as Santa Claus and handed out Christmas gifts to children at a child care institution in Yongsan District, central Seoul, on Dec. 19. Pictured above is LG U+ CEO Hong Beom-sik outfitted as Santa handing a present to one of the children. [LGU+]Employees from mobile carrier LG U+ dressed up as Santa Claus and handed out Christmas gifts to children at a child care institution in Yongsan District, central Seoul, on Dec. 19.It is an annual year-end event that employees have participated in since 2017. This year, a total of 47 employees, including LG U+ CEO Hong Beom-sik, attended the program.Pictured above is LG U+ CEO Hong Beom-sik outfitted as Santa handing a present to one of the children."
https://n.news.naver.com/mnews/article/014/0005452063?sid=105,2025-12-21 18:23:12,IT/과학,LGU+ 임직원 올해도 '희망산타'로 변신,"홍범식 사장 등 영락보린원 찾아홍범식 LG유플러스 사장(오른쪽 두번째)이 지난 19일 산타 복장을 하고 어린이에게 선물을 전달하고 있다. LG유플러스 제공LG유플러스는 임직원들이 지난 19일 크리스마스를 앞두고 서울 용산구에 위치한 영락보린원 어린이들을 위해 희망산타로 변신했다고 21일 밝혔다.LG유플러스 임직원들은 2017년부터 연말에 영락보린원을 찾아 어린이들을 위해 희망산타로 변신해 선물 전달 및 연말 행사를 진행하고 있다.올해는 홍범식 사장을 포함해 2026년 승진 및 신규 보임한 임원 10명과 사내 공지를 통해 참여를 신청한 직원 37명까지 총 47명이 희망산타로 변신했다.이번 희망산타는 사전에 임직원 한 명과 어린이 한 명을 1대1로 매칭해 임직원들이 직접 47명의 어린이들을 위해 선물을 준비하고 꿈을 응원하는 크리스마스 카드를 작성했다. 당일 현장에서는 임직원들이 어린이들과 함께 크리스마스 트리를 만들고, 직접 준비한 선물과 편지를 전달했다. 영락보린원 어린이들도 사전에 준비한 캐롤 공연을 선보이며 감사한 마음을 전했다. 끝으로는 다 함께 1년 뒤 산타에게 편지를 쓰며 행사를 마무리했다. 김병삼 영락보린원 원장은 ""오랜 시간 아이들의 어려운 일, 즐거운 일에 함께해주신 LG유플러스에 깊은 감사를 전한다""고 말했다."
https://n.news.naver.com/mnews/article/008/0005294882?sid=101,2025-12-22 03:30:00,경제,머니투데이 오프라인 헤드라인-22일,"[1면]'비상' 상비약 판매점 더 줄었다금융지주 지배구조 점검...금감원 첫 타깃은 'BNK'노란봉투법 시행 앞두고...""내년 노사관계, 올해보다 불안""당정 ""석화 자구책 확정되면 지원 패키지""[종합]공포의 노란봉투 ""나 지금 떨고있니""""성과급 정상화 합의 파기""...철도노조, 내일부터 총 파업""금융사고때...지주회장도 제재""금리, 1~2회 더 내릴 듯...인하폭 0.25~0.75%P弗 지핀 서학개미...올 해외주식 46조원 역대최대 쇼핑온플법 쿠팡사태...한미 통상마찰 불씨 되나[무약촌 고발 그 후]상비약 팔던 편의점마저 폐점...밤마다 '앓는 소리' 더 커졌다1.2만곳 늘릴 수 있는데...'24시간' 규제 발목국민 안전보다 업계 안위?...""상비약 제도 재정비할 때""[the300]李, 집무실 '여민1관'...3실장 AI수석과 '한지붕'모르면 묻고 시시비비 가려 의제 공론화'제3자 추천 정치권 의혹 한정'...국힘-개혁 '통일교 특검' 합의[오피니언]AI스타트업, 기술 넘어 가치로'국장=외국인ATM' 오명과 요동치는 환율우리 회사는 언제, 어떻게 확장해야할까?모험자본 공급이 성공하려면[국제]美, 베네수 연안 유조선 추가 나포...마두로 돈줄 차단성탄 종전 밀어붙이는 트럼프...""美, 러우 3자회담 제안""트럼프 빛삭...앱스타인 자료공개 파장[기획]""성숙기 편의점산업, 양적 경쟁 벗어나 가맹점과 상생 방점""연평도 PX간 날 포격사건...34년 전국 누빈 '리테일맨'[산업]삼성, 인재 한데 모은다...AI 로봇 '온 힘'美, 전기차 속도 조절...SK, 배터리 전략 '선택과 집중'10분 충전, 325km 질주...포르쉐 '카이엔 일렉트릭', 내년 국내 상륙CJ-신세계 ""성장기회, 현장소통서 찾다""[금융]꽉 막힌 주담대...21개월만에 감소하나내년부터 우체국서도 시중銀 대출 가능[바이오]美, 中 CDMO 지우나...韓 수혜 기대감목소리 커진 소액주주에 기업 긴장감[유니콘 팩토리]화물운송에 AI혁신...3분이면 배차완료, 지연 오배송 없앴다신선식품 보관기간 '연장' 기술...퓨어스페이스, 60억 투자 유치[ICT 과학]LGU+키즈토피아 분사, 홀로서기 나선다본업 집중...카겜 '게임중심' 전략 세웠다[건설 부동산]50살 대교, 여의도 1호 래미안 '환골탈태'빈번한 지연에 점수 깎였다...대한항공 아시아나 'B등급'[정책사회 문화]서울시 마을버스 '환승 할인' 유지된다'핫플' 국중박, 무료관람 끝나나[사회]국회냐 법원이냐...내란재판부 운명의 한주김건희특검 이준석 조사...尹부부 동반기소 임박[증권]정책 모멘텀에 시선...연말 산타 찾아오나따블 행진 속 '1조 최대어' 시장 달군다"
https://n.news.naver.com/mnews/article/008/0005294896?sid=105,2025-12-22 04:09:00,IT/과학,"LGU+ 키즈토피아 분사, 홀로서기 나선다","누적가입 200만명 '성장세'… 4대 플랫폼중 유일 '독립'28일 인큐랩플러스 양도… 투자유치·글로벌 확장 추진'키즈토피아' 개요/그래픽=김다나LG유플러스가 어린이용 메타버스 플랫폼 '키즈토피아'를 분사하며 경쟁력 강화에 나선다. 2022년 '4대 플랫폼' 전략 아래 출범한 서비스가 대부분 정리된 가운데 유일하게 분사하는 사례로 첫 독립경영 시험대가 될 전망이다. 키즈토피아는 외부 투자를 유치해 글로벌 확장을 가속한다는 구상이다.21일 업계에 따르면 LG유플러스는 오는 28일 키즈토피아 사업을 인큐랩플러스에 양도한다. 인큐랩플러스는 김민구 LG유플러스 키즈토피아TF(태스크포스) PM(프로덕트매니저)이 지난 9월에 설립한 회사로 LG유플러스가 지분 20%를 보유한 것으로 알려졌다. LG유플러스는 키즈토피아의 분사를 통해 신속한 의사결정 체계를 구축하고 외부 자본과 전문인력을 유치해 사업경쟁력도 높인다는 목표다.키즈토피아는 3D(3차원) 가상공간에서 AI(인공지능) 캐릭터와 상호작용하며 학습하는 어린이용 메타버스 플랫폼이다. 메타버스 침체기 속에서도 동영상 중심의 기존 교육콘텐츠와 달리 몰입형 체험학습과 상호작용 요소를 강점으로 내세우며 성장해왔다. 2023년 5월 출시 이후 2년여 만인 지난 7월 누적 가입자 200만명을 돌파했다. 미국·영국·호주·일본·태국 등 11개국으로 서비스를 확장해 두꺼운 해외팬층을 보유했다. 이용자 중 해외접속 비중이 67%에 달한다. 특히 올해 2분기 미국 이용자 수는 전분기 대비 340% 급증했다.키즈토피아의 분사는 LG유플러스가 플랫폼 사업 전반을 정리하는 과정에서 나온 사례라는 점에서 의미가 크다. LG유플러스는 2022년 비통신 사업을 강화하는 '3.0 전략'을 내세우며 △라이프스타일 △놀이 △성장케어 △웹3.0 4대 플랫폼을 중심으로 신사업을 추진했다. 홀로서기가 가능하다고 판단되면 분사해 외부 투자를 유치, 빠르게 성장시킨다는 목표였으나 대부분 성과부진으로 종료됐다. 홍범식 대표 취임 후 스포키, 베터, 화물잇고, 답다, 메타슬랩, 머니Me, 원로우, STUDIO X+U 등이 철수했다.1호 분사 후보로 거론되던 '아이들나라'는 성장세 둔화로 홈사업부문에 잔류했다. 대학 특화 메타버스 '유버스'도 서비스 확장을 멈췄다. 반면 키즈토피아 홀로 글로벌 확장성과 수익화 가능성을 인정받으며 분사 대상으로 낙점됐다.LG유플러스 관계자는 ""키즈토피아는 외부 투자유치와 전문성 강화가 필요한 단계""라며 ""자율경영을 보장해 효율성을 높이는 동시에 선택과 집중전략을 실현하기 위해 분사를 결정했다""고 밝혔다. 이어 ""분사 후에도 양사간 협업은 지속할 계획""이라고 덧붙였다."
https://n.news.naver.com/mnews/article/003/0013670059?sid=105,2025-12-22 09:00:00,IT/과학,"LGU+, 노키아와 차세대 가상화 기지국 기술 검증","상용망서 클라우드랜 기지국 구축, 기능 가상화·중앙화 기술 확인인공지능 기반 자율 네트워크 진화 추진…사람 개입 없이 품질↑[서울=뉴시스] LG유플러스는 노키아와 함께 실제 고객들이 네트워크를 사용하는 상용망 환경에서 차세대 가상화 기지국 기술인 클라우드랜(Cloud RAN) 검증에 성공했다. 사진은 LG유플러스 임직원들이 클라우드랜 기술 검증을 진행하고 있는 모습. (사진=LGU+ 제공) *재판매 및 DB 금지[서울=뉴시스] 심지혜 기자 = LG유플러스는 노키아와 실제 고객들이 네트워크를 사용하는 상용망 환경에서 차세대 가상화 기지국 기술 '클라우드랜(Cloud RAN)'을 검증했다고 22일 밝혔다.클라우드랜은 기지국마다 전용 하드웨어에 탑재했던 소프트웨어 기능을 클라우드 환경에서 가상화된 중앙 서버에서 구현하는 기술이다. 네트워크를 보다 유연하고 효율적으로 운영할 수 있다는 점에서 차세대 통신망 구축의 핵심 기술 중 하나로 꼽힌다.기술 검증을 위해 LG유플러스와 노키아는 지난 9월 경북 청도군에 클라우드랜 필드 시험망을 구축했다. 양사는 실제 이용자들이 5G 통신을 사용하는 환경에서 ▲단말 이동 시 기지국 간 원활한 전환 여부 ▲다운로드·업로드 등 데이터 전송 속도 ▲기지국 처리 용량 ▲전력 소비 효율 등을 집중적으로 시험해 검증에 성공했다.또한 LG유플러스는 장비 설치 자동화, 원격 작업, 설치 후 검증 자동화 등 클라우드 랜 도입에 따른 운영 편의성 기능을 검증하고 개선점을 확인했다.이번 상용망 검증 성공을 통해 LG유플러스는 기지국 기능의 가상화와 중앙 집중화가 실제 환경에서도 안정적으로 작동함을 입증했다. 이는 향후 인공지능 기반 무선망(AI-RAN) 적용에 필수적인 네트워크 유연성 확보 기반을 마련했다는 점에서 의미가 있다.LG유플러스는 네트워크 경쟁력 강화를 위해 오픈랜(Open RAN) 기술도 연구하고 있다. 앞서 LG유플러스는 국립금오공과대학교 캠퍼스에 오픈랜 상용망을 구축하고, 오픈랜 기술의 완성도를 검증하기 위한 연구를 진행하고 있다.오픈랜은 개방형 인터페이스와 상호 운영성에 기반해 설계된 무선 접속망으로 특정 제조사에 대한 의존도를 낮추고 통신망의 유연성·효율성을 높이는 데 기여하는 차세대 통신의 핵심 기술이다.LG유플러스는 확보한 클라우드랜과 오픈랜 기술 역량에 기반해 AI-RAN 구현을 위한 노력에 집중할 방침이다. AI-RAN은 무선망의 운영과 관리에 인공지능 기술을 적용해, AI가 스스로 최적의 설정을 찾아 네트워크를 조정하는 기술로, 사람이 일일이 개입하지 않아도 통신 효율성과 품질을 극대화할 수 있을 것으로 기대된다.이상헌 LG유플러스 NW선행개발담당은 ""오픈랜과 클라우드랜 기술 검증은 단순한 기술 시험을 넘어, 인공지능 기반 자율 네트워크로 진화하기 위한 핵심 기반을 마련했다는 점에서 매우 중요한 의미를 갖는다""며 ""앞으로도 LG유플러스는 차세대 통신 기술을 선도하며, 6G 시대를 대비한 지능형 네트워크 구축에 앞장설 것""이라고 말했다."
https://n.news.naver.com/mnews/article/421/0008673031?sid=105,2025-12-22 09:00:00,IT/과학,"LGU+, 노키아와 '클라우드랜' 검증 성공…네트워크 유연성 확보","(LG유플러스 제공)(서울=뉴스1) 나연준 기자 = LG유플러스(032640)는 노키아와 함께 고객들이 네트워크를 사용하는 상용망에서 차세대 가상화 기지국 기술 '클라우드랜(Cloud RAN)' 검증에 성공했다고 22일 밝혔다.클라우드랜은 기지국마다 전용 하드웨어에 탑재했던 소프트웨어 기능을 클라우드 환경의 가상화된 중앙 서버에서 구현하는 기술이다.LG유플러스와 노키아는 기술 검증을 위해 지난 9월 경북 청도군에 클라우드랜 필드 시험망을 구축하고 △단말 이동 시 기지국 간 원활한 전환 여부 △다운로드·업로드 등 데이터 전송 속도 △기지국 처리 용량 △전력 소비 효율 등을 시험해 검증에 성공했다.또한 LG유플러스는 장비 설치 자동화, 원격 작업, 설치 후 검증 자동화 등 클라우드랜 도입에 따른 운영 편의성 기능을 검증하고 개선점을 확인했다.LG유플러스는 이번 검증이 향후 인공지능 기반 무선망(AI-RAN) 적용에 필수적인 네트워크 유연성 확보 기반을 마련했다는 점에서 의미가 크다고 설명했다.이밖에도 LG유플러스는 네트워크 경쟁력 강화를 위해 '오픈랜(Open RAN)' 기술도 연구하고 있다. 오픈랜은 개방형 인터페이스와 상호 운영성에 기반해 설계된 무선 접속망으로 특정 제조사 의존도를 낮추고 통신망의 유연성·효율성을 높이는 데 기여하는 차세대 통신의 핵심 기술이다.LG유플러스는 클라우드랜과 오픈랜 기술 역량에 기반해 AI-RAN 구현에 집중할 방침이다. AI-RAN은 무선망의 운영과 관리에 AI를 적용, AI가 스스로 최적의 설정을 찾아 네트워크를 조정하는 기술이다. 사람이 일일이 개입하지 않아도 통신 효율성과 품질을 극대화할 수 있을 것으로 기대된다.이상헌 LG유플러스 NW선행개발담당은 ""앞으로도 차세대 통신 기술을 선도하며 6G 시대를 대비한 지능형 네트워크 구축에 앞장설 것""이라고 말했다."
https://n.news.naver.com/mnews/article/277/0005696773?sid=105,2025-12-22 09:00:00,IT/과학,"LG U+, 노키아와 차세대 가상화 기지국 기술 '클라우드랜' 검증 성공","상용망서 클라우드랜 검증…네트워크 효율 운영 가능""6G 대비 지능형 네트워크 구축 앞장설 것""LG유플러스는 노키아와 함께 차세대 가상화 기지국 기술인 '클라우드랜(Cloud RAN)'을 고객들이 네트워크를 사용하는 상용망 환경에서 검증하는 데 성공했다고 22일 밝혔다.클라우드랜은 기지국마다 전용 하드웨어에 탑재했던 소프트웨어(SW) 기능을 클라우드 환경에서 가상화된 중앙 서버에서 구현하는 기술이다. 네트워크를 유연하고 효율적으로 운영할 수 있어 차세대 통신망 구축의 핵심 기술 중 하나로 꼽힌다.LG유플러스는 노키아와 함께 차세대 가상화 기지국 기술인 '클라우드랜(Cloud RAN)'을 고객들이 네트워크를 사용하는 상용망 환경에서 검증하는 데 성공했다고 22일 밝혔다. LG유플러스 임직원들이 클라우드랜 기술 검증을 진행하고 있다. LG유플러스 제공양사는 기술 검증을 위해 지난 9월 경북 청도군에 클라우드랜 필드 시험망을 구축했다. 양사는 실제 이용자들이 5G 통신을 사용하는 환경에서 ▲단말 이동 시 기지국 간 원활한 전환 여부 ▲다운로드·업로드 등 데이터 전송 속도 ▲기지국 처리 용량 ▲전력 소비 효율 등을 집중 시험해 검증에 성공했다.아울러 LG유플러스는 장비 설치 자동화, 원격 작업, 설치 후 검증 자동화 등 클라우드 랜 도입에 따른 운영 편의성 기능을 검증하고 개선점을 확인했다.이번 상용망 검증 성공을 통해 LG유플러스는 기지국 기능의 가상화와 중앙 집중화가 실제 환경에서도 작동함을 입증했다. 이는 향후 인공지능(AI) 기반 무선망 적용에 필수적인 네트워크 유연성 확보 기반을 마련했다는 점에서 의미가 있다는 게 LG유플러스의 설명이다.이 밖에도 LG유플러스는 네트워크 경쟁력 강화를 위해 '오픈랜(Open RAN)' 기술도 연구하고 있다. 오픈랜은 개방형 인터페이스와 상호 운용성에 기반해 설계된 무선 접속망으로, 특정 제조사에 대한 의존도를 낮추고 통신망의 유연성·효율성을 높이는 차세대 통신 기술이다.앞서 LG유플러스는 국립금오공과대학교 캠퍼스에 오픈랜 상용망을 구축하고 오픈랜 기술의 완성도를 검증하기 위한 연구를 진행하고 있다.LG유플러스는 클라우드랜과 오픈랜 기술 역량에 기반해 AI-RAN 구현을 위한 노력에 집중할 방침이다. 이상헌 LG유플러스 네트워크선행개발담당은 ""오픈랜과 클라우드랜 기술 검증은 단순한 기술 시험을 넘어 AI 기반 자율 네트워크로 진화하기 위한 핵심 기반을 마련했다는 점에서 매우 중요한 의미를 갖는다""며 ""LG유플러스는 차세대 통신 기술을 선도하며 6G 시대를 대비한 지능형 네트워크 구축에 앞장설 것""이라고 말했다."
https://n.news.naver.com/mnews/article/008/0005294966?sid=105,2025-12-22 09:00:00,IT/과학,"LGU+, 노키아와 차세대 가상화 기지국 기술 검증 성공","LG유플러스 임직원들이 클라우드랜 기술 검증을 진행하고 있다. /사진=LG유플러스LG유플러스는 노키아와 실제 고객들이 네트워크를 사용하는 상용망 환경에서 차세대 가상화 기지국 기술인 '클라우드랜(Cloud RAN)' 검증에 성공했다고 22일 밝혔다.클라우드랜은 기지국마다 전용 하드웨어에 탑재했던 소프트웨어 기능을 클라우드 환경에서 가상화된 중앙 서버에서 구현하는 기술이다. 네트워크를 보다 유연하고 효율적으로 운영할 수 있다는 점에서 차세대 통신망 구축의 핵심 기술 중 하나로 꼽힌다.기술 검증을 위해 양사는 지난 9월 경북 청도군에 클라우드랜 필드 시험망을 구축했다. 양사는 실제 이용자들이 5G 통신을 사용하는 환경에서 △단말 이동 시 기지국 간 원활한 전환 여부 △다운로드·업로드 등 데이터 전송 속도 △기지국 처리 용량 △전력 소비 효율 등을 집중적으로 시험해 검증에 성공했다.또 LG유플러스는 장비 설치 자동화, 원격 작업, 설치 후 검증 자동화 등 클라우드 랜 도입에 따른 운영 편의성 기능을 검증하고 개선점을 확인했다.이번 상용망 검증 성공을 통해 LG유플러스는 기지국 기능의 가상화와 중앙 집중화가 실제 환경에서도 안정적으로 작동함을 입증했다. 이는 향후 AI-RAN(지능형 기지국) 적용에 필수적인 네트워크 유연성 확보 기반을 마련했다는 점에서 의미가 있다.이밖에도 LG유플러스는 네트워크 경쟁력 강화를 위해 '오픈랜(Open RAN)' 기술도 연구하고 있다. 오픈랜은 개방형 인터페이스와 상호 운영성에 기반해 설계된 무선 접속망으로 특정 제조사에 대한 의존도를 낮추고 통신망의 유연성·효율성을 높이는 데 기여하는 차세대 통신의 핵심 기술이다.LG유플러스는 확보한 클라우드랜과 오픈랜 기술 역량에 기반해 AI-RAN 구현을 위한 노력에 집중할 방침이다.이상헌 LG유플러스 NW선행개발담당은 ""오픈랜과 클라우드랜 기술 검증은 단순한 기술 시험을 넘어, AI 기반 자율 네트워크로 진화하기 위한 핵심 기반을 마련했다는 점에서 매우 중요한 의미를 갖는다""며 ""앞으로도 LG유플러스는 차세대 통신 기술을 선도하며, 6G 시대를 대비한 지능형 네트워크 구축에 앞장설 것""이라고 말했다."
https://n.news.naver.com/mnews/article/241/0003484643?sid=105,2025-12-22 09:00:04,IT/과학,"LGU+, 5G 상용망서 '클라우드랜' 검증 성공","차세대 통신 기술LG유플러스는 노키아와 함께 상용망 환경에서 차세대 가상화 기지국 기술인 '클라우드랜' 검증에 성공했다고 22일 밝혔다.클라우드랜은 기지국마다 전용 하드웨어에 탑재했던 소프트웨어 기능을 클라우드 환경에서 가상화된 중앙 서버에서 구현하는 기술이다. 네트워크를 보다 유연하고 효율적으로 운영할 수 있어 차세대 통신망 구축의 핵심 기술 중 하나로 꼽힌다.LG유플러스와 노키아는 지난 9월 경북 청도군에 클라우드랜 필드 시험망을 구축했다. 5G 통신 환경에서 ▲단말 이동 시 기지국 간 원활한 전환 여부 ▲다운로드·업로드 등 데이터 전송 속도 ▲기지국 처리 용량 ▲전력 소비 효율 등을 시험했다.또 LG유플러스는 장비 설치 자동화, 원격 작업, 설치 후 검증 자동화 등 클라우드 랜 도입에 따른 운영 편의성 기능을 검증하고 개선점을 확인했다.LG유플러스는 '오픈랜' 기술도 연구하고 있다. 오픈랜은 개방형 인터페이스와 상호 운영성에 기반을 두고 설계된 무선 접속망으로, 특정 제조사의 의존도를 낮추고 통신망의 유연성·효율성을 높인다. 회사는 국립금오공과대학교 캠퍼스에 오픈랜 상용망을 구축하고, 오픈랜 기술의 완성도를 검증하기 위한 연구를 진행하고 있다.LG유플러스는 클라우드랜과 오픈랜 기술력을 확보해 무선망의 운영과 관리에 AI를 적용하는 AI-RAN을 구현할 방침이다.이상헌 LG유플러스 NW선행개발담당은 ""앞으로도 차세대 통신 기술을 선도하며, 6G 시대를 대비한 지능형 네트워크 구축에 앞장설 것""이라고 말했다.정길준 기자 kjkj@edaily.co.kr"
https://n.news.naver.com/mnews/article/001/0015807641?sid=105,2025-12-22 09:01:04,IT/과학,"LG U+, 노키아와 차세대 기지국 기술 '클라우드랜' 상용망 검증","네트워크 유연·효율화 기반 구축…AI RAN 구현 목표[LG유플러스 제공. 재판매 및 DB 금지](서울=연합뉴스) 박형빈 기자 = LG유플러스는 노키아와 차세대 가상화 기지국 기술인 '클라우드랜'의 상용망 검증에 성공했다고 22일 밝혔다.클라우드랜은 기지국마다 전용 하드웨어에 탑재했던 소프트웨어 기능을 클라우드 환경에서 가상화된 중앙 서버에서 구현하는 기술로, 네트워크를 보다 유연하고 효율적으로 운영할 수 있어 차세대 통신망 구축의 핵심 기술 중 하나로 꼽힌다.LG유플러스와 노키아는 지난 9월 경북 청도군에 이같은 클라우드랜 필드 시험망을 구축했다.양사는 실제 이용자들이 5G 통신을 사용하는 환경에서 ▲ 단말 이동 시 기지국 간 원활한 전환 여부 ▲ 다운로드·업로드 등 데이터 전송 속도 ▲ 기지국 처리 용량 ▲ 전력 소비 효율 등을 집중적으로 시험해 검증에 성공했다.이번 검증으로 향후 인공지능 기반 무선망(AI-RAN) 적용에 필수적인 네트워크 유연성을 확보했다고 LG유플러스는 설명했다.LG유플러스는 특정 제조사에 대한 의존도를 낮추고 통신망의 유연성·효율성을 높이는 '오픈랜' 기술 연구에도 박차를 가하고 있다.LG유플러스는 확보한 클라우드랜과 오픈랜 기술 역량에 기반해 AI-RAN 구현을 위한 노력에 집중할 방침이다.이상헌 LG유플러스 NW선행개발담당은 ""오픈랜과 클라우드랜 기술 검증은 단순한 기술 시험을 넘어, 인공지능 기반 자율 네트워크로 진화하기 위한 핵심 기반을 마련했다는 점에서 매우 중요한 의미를 갖는다""며 ""앞으로도 LG유플러스는 차세대 통신 기술을 선도하며, 6G 시대를 대비한 지능형 네트워크 구축에 앞장설 것""이라고 말했다.binzz@yna.co.kr"
https://n.news.naver.com/mnews/article/092/0002403272?sid=105,2025-12-22 09:01:09,IT/과학,"LGU+, 노키아와 상용망에서 가상화 기지국 검증","기지국 기능 가상화·중앙화 기술 검증LG유플러스는 노키아와 상용망 환경에서 차세대 가상화 기지국 기술인 ‘클라우드랜’ 검증에 성공했다고 22일 밝혔다.클라우드랜은 기지국마다 전용 하드웨어에 탑재했던 소프트웨어 기능을 클라우드 환경에서 가상화된 중앙 서버에서 구현하는 기술이다. 네트워크를 보다 유연하고 효율적으로 운영할 수 있다는 점에서 차세대 통신망 구축의 핵심기술 중 하나로 꼽힌다.기술 검증을 위해 LG유플러스와 노키아는 지난 9월 경북 청도군에 클라우드랜 필드 시험망을 구축했다. 양사는 실제 이용자들이 5G 통신을 사용하는 환경에서 ▲단말 이동 시 기지국 간 원활한 전환 여부 ▲다운로드와 업로드 등 데이터 전송 속도 ▲기지국 처리 용량 ▲전력 소비 효율 등을 집중적으로 시험해 검증에 성공했다.또한 LG유플러스는 장비 설치 자동화, 원격 작업, 설치 후 검증 자동화 등 클라우드 랜 도입에 따른 운영 편의성 기능을 검증하고 개선점을 확인했다.상용망 검증 성공을 통해 LG유플러스는 기지국 기능의 가상화와 중앙 집중화가 실제 환경에서도 안정적으로 작동함을 입증했다. 이는 향후 인공지능 기반 무선망(AI-RAN) 적용에 필수적인 네트워크 유연성 확보 기반을 마련했다는 점에서 의미가 있다.이밖에 LG유플러스는 네트워크 경쟁력 강화를 위해 ‘오픈랜’ 기술도 연구하고 있다. 앞서 LG유플러스는 국립금오공과대 캠퍼스에 오픈랜 상용망을 구축하고, 오픈랜 기술의 완성도를 검증하기 위한 연구를 진행하고 있다.오픈랜은 개방형 인터페이스와 상호 운영성에 기반해 설계된 무선 접속망으로 특정 제조사에 대한 의존도를 낮추고 통신망의 유연성, 효율성을 높이는 데 기여하는 차세대통신의 핵심기술이다.LG유플러스는 확보한 클라우드랜과 오픈랜 기술 역량에 기반해 AI-RAN 구현을 위한 노력에 집중할 방침이다. AI-RAN은 무선망의 운영과 관리에 인공지능 기술을 적용해, AI가 스스로 최적의 설정을 찾아 네트워크를 조정하는 기술로, 사람이 일일이 개입하지 않아도 통신 효율성과 품질을 극대화할 수 있을 것으로 기대된다.이상헌 LG유플러스 NW선행개발담당은 “오픈랜과 클라우드랜 기술 검증은 단순한 기술 시험을 넘어, 인공지능 기반 자율 네트워크로 진화하기 위한 핵심 기반을 마련했다는 점에서 매우 중요한 의미를 갖는다”며 “앞으로도 LG유플러스는 차세대 통신 기술을 선도하며, 6G 시대를 대비한 지능형 네트워크 구축에 앞장설 것”이라고 말했다."
https://n.news.naver.com/mnews/article/016/0002575320?sid=105,2025-12-22 09:01:27,IT/과학,"LGU+, 노키아와 차세대 가상화 기지국 기술 검증 성공","상용망 환경서 클라우드랜 기지국 구축기지국 기능 가상화·중앙화 기술 검증LG유플러스 임직원들이 클라우드랜 기술 검증을 진행하고 있는 모습. [LG유플러스 제공][헤럴드경제=차민주 기자] LG유플러스는 노키아와 함께 상용망 환경에서 차세대 가상화 기지국 기술인 ‘클라우드랜(Cloud RAN)’ 검증에 성공했다고 22일 밝혔다.클라우드랜은 기지국마다 전용 하드웨어에 탑재했던 소프트웨어 기능을 클라우드 환경에서 가상화된 중앙 서버에 구현하는 기술이다. 네트워크를 더욱 효율적으로 운영할 수 있어 차세대 통신망 구축의 핵심 기술로 꼽힌다.LG유플러스와 노키아는 기술 검증을 위해 지난 9월 경북 청도군에 클라우드랜 필드 시험망을 구축했다. 양사는 실제 이용자가 5G 통신을 사용하는 환경에서 ▷단말 이동 시 기지국 간 원활한 전환 여부 ▷다운로드·업로드 등 데이터 전송 속도 ▷기지국 처리 용량 ▷전력 소비 효율 등을 집중 시험해 검증에 성공했다.또 LG유플러스는 장비 설치 자동화, 원격 작업, 설치 후 검증 자동화 등 클라우드 랜 도입에 따른 운영 편의성 기능을 검증하고 개선점을 확인했다고 설명했다.이어 LG유플러스는 이번 검증으로 기지국 기능의 가상화와 중앙 집중화가 실제 환경에서도 안정적으로 작동하는 것을 확인했다고 강조했다. 이는 향후 인공지능 기반 무선망(AI-RAN)이 필요로 하는 네트워크 기반을 마련했다는 점에서 의미가 있다고 LG유플러스는 설명했다. AI-RAN은 무선망의 운영과 관리에 AI를 적용해, AI가 스스로 최적의 설정을 찾아 네트워크를 조정하는 기술이다.LG유플러스는 네트워크 경쟁력 강화를 위해 ‘오픈랜(Open RAN)’ 기술도 지속해서 연구하겠단 방침이다. 앞서 LG유플러스는 국립금오공과대학교 캠퍼스에 오픈랜 상용망을 구축하고, 오픈랜 기술의 완성도를 검증하기 위한 연구를 진행하고 있다.오픈랜은 개방형 인터페이스와 상호 운용성에 기반해 설계된 무선 접속망이다. 특정 제조사에 대한 의존도를 낮추고 통신망의 유연성·효율성을 높이는 차세대 통신 기술이다.LG유플러스는 이 같은 클라우드랜과 오픈랜 기술 역량에 기반해 AI-RAN 구현에 총력을 기울일 계획이다.이상헌 LG유플러스 NW선행개발담당은 “오픈랜과 클라우드랜 기술 검증은 AI 기반 자율 네트워크로 진화하기 위한 핵심 기반을 마련했다는 점에서 중요한 의미를 갖는다”며 “앞으로도 LG유플러스는 차세대 통신 기술을 선도하며, 6G 시대를 대비한 지능형 네트워크 구축에 앞장설 것”이라고 말했다."
https://n.news.naver.com/mnews/article/014/0005452202?sid=105,2025-12-22 09:10:14,IT/과학,"LG U+, 노키아와 차세대 가상화 기지국 기술 검증 성공","LG유플러스 임직원들이 클라우드랜 기술 검증을 진행하고 있다. LG유플러스 제공[파이낸셜뉴스] LG유플러스는 노키아와 함께 실제 고객들이 네트워크를 사용하는 상용망 환경에서 차세대 가상화 기지국 기술인 ‘클라우드랜' 검증에 성공했다고 22일 밝혔다.클라우드랜은 기지국마다 전용 하드웨어에 탑재했던 소프트웨어 기능을 클라우드 환경에서 가상화된 중앙 서버에서 구현하는 기술이다. 네트워크를 보다 유연하고 효율적으로 운영할 수 있다는 점에서 차세대 통신망 구축의 핵심 기술 중 하나로 꼽힌다.기술 검증을 위해 LG유플러스와 노키아는 지난 9월 경북 청도군에 클라우드랜 필드 시험망을 구축했다. 양사는 실제 이용자들이 5세대(G) 통신을 사용하는 환경에서 △단말 이동 시 기지국 간 원활한 전환 여부 △다운로드·업로드 등 데이터 전송 속도 △기지국 처리 용량 △전력 소비 효율 등을 집중적으로 시험해 검증에 성공했다.또 LG유플러스는 장비 설치 자동화, 원격 작업, 설치 후 검증 자동화 등 클라우드 랜 도입에 따른 운영 편의성 기능을 검증하고 개선점을 확인했다.이번 상용망 검증 성공을 통해 LG유플러스는 기지국 기능의 가상화와 중앙 집중화가 실제 환경에서도 안정적으로 작동함을 입증했다. 이는 향후 인공지능 기반 무선망(AI-RAN) 적용에 필수적인 네트워크 유연성 확보 기반을 마련했다는 점에서 의미가 있다.이밖에도 LG유플러스는 네트워크 경쟁력 강화를 위해 ‘오픈랜’ 기술도 연구하고 있다. 앞서 LG유플러스는 국립금오공과대 캠퍼스에 오픈랜 상용망을 구축하고, 오픈랜 기술의 완성도를 검증하기 위한 연구를 진행하고 있다.오픈랜은 개방형 인터페이스와 상호 운영성에 기반해 설계된 무선 접속망으로 특정 제조사에 대한 의존도를 낮추고 통신망의 유연성·효율성을 높이는 데 기여하는 차세대 통신의 핵심 기술이다.LG유플러스는 확보한 클라우드랜과 오픈랜 기술 역량에 기반해 AI-RAN 구현을 위한 노력에 집중할 방침이다. AI-RAN은 무선망의 운영과 관리에 인공지능 기술을 적용해, AI가 스스로 최적의 설정을 찾아 네트워크를 조정하는 기술로, 사람이 일일이 개입하지 않아도 통신 효율성과 품질을 극대화할 수 있을 것으로 기대된다.이상헌 LG유플러스 NW선행개발담당은 “오픈랜과 클라우드랜 기술 검증은 단순한 기술 시험을 넘어, 인공지능 기반 자율 네트워크로 진화하기 위한 핵심 기반을 마련했다는 점에서 매우 중요한 의미를 갖는다”며 “앞으로도 LG유플러스는 차세대 통신 기술을 선도하며, 6G 시대를 대비한 지능형 네트워크 구축에 앞장설 것”이라고 말했다."
https://n.news.naver.com/mnews/article/030/0003382849?sid=105,2025-12-22 09:15:14,IT/과학,"LGU+, 노키아와 상용망서 가상화 기지국 '클라우드랜' 기술 검증","LG유플러스 임직원들이 클라우드랜 기술 검증을 진행하고 있는 모습.LG유플러스가 노키아와 함께 실제 고객들이 네트워크를 사용하는 상용망 환경에서 차세대 가상화 기지국 기술인 '클라우드랜' 검증에 성공했다.클라우드랜은 기지국마다 전용 하드웨어에 탑재했던 소프트웨어 기능을 클라우드 환경에서 가상화된 중앙 서버에서 구현하는 기술이다. 네트워크를 보다 유연하고 효율적으로 운영할 수 있다는 점에서 차세대 통신망 구축의 핵심기술 중 하나로 꼽힌다.기술 검증을 위해 LG유플러스와 노키아는 지난 9월 경북 청도군에 클라우드랜 필드 시험망을 구축했다. 양사는 실제 이용자들이 5G 통신을 사용하는 환경에서 단말 이동시 기지국 간 원활한 전환 여부, 다운로드·업로드 등 데이터 전송 속도, 기지국 처리 용량, 전력 소비 효율 등을 집중적으로 시험해 검증에 성공했다.또한 LG유플러스는 장비 설치 자동화, 원격 작업, 설치 후 검증 자동화 등 클라우드 랜 도입에 따른 운영 편의성 기능을 검증하고 개선점을 확인했다.이번 상용망 검증 성공을 통해 LG유플러스는 기지국 기능의 가상화와 중앙 집중화가 실제 환경에서도 안정적으로 작동함을 입증했다. 이는 향후 인공지능 기반 무선망(AI-RAN) 적용에 필수적인 네트워크 유연성 확보 기반을 마련했다는 점에서 의미가 있다.LG유플러스는 확보한 클라우드랜과 오픈랜 기술 역량에 기반해 AI랜 구현을 위한 노력에 집중할 방침이다. AI랜은 무선망의 운영과 관리에 AI 기술을 적용해, AI가 스스로 최적의 설정을 찾아 네트워크를 조정하는 기술로, 사람이 일일이 개입하지 않아도 통신 효율성과 품질을 극대화할 수 있을 것으로 기대된다.이상헌 LG유플러스 NW선행개발담당은 “오픈랜과 클라우드랜 기술 검증은 단순한 기술 시험을 넘어, AI 기반 자율 네트워크로 진화하기 위한 핵심 기반을 마련했다는 점에서 매우 중요한 의미를 갖는다”며 “앞으로도 6G 시대를 대비한 지능형 네트워크 구축에 앞장설 것”이라고 말했다."
https://n.news.naver.com/mnews/article/422/0000814650?sid=105,2025-12-22 09:17:14,IT/과학,"LG U+, 노키아와 차세대 기지국 기술 상용망 검증 성공","[LG유플러스 제공. 재판매 및 DB 금지]LG유플러스는 노키아와 차세대 가상화 기지국 기술인 '클라우드랜'의 상용망 검증에 성공했다고 오늘(22일) 밝혔습니다.클라우드랜은 기지국마다 전용 하드웨어에 탑재했던 소프트웨어 기능을 클라우드 환경에서 가상화된 중앙 서버에서 구현하는 기술로, 네트워크를 보다 유연하고 효율적으로 운영할 수 있어 차세대 통신망 구축의 핵심 기술 중 하나로 꼽힙니다.LG유플러스와 노키아는 지난 9월 경북 청도군에 이같은 클라우드랜 필드 시험망을 구축했습니다.양사는 실제 이용자들이 5G 통신을 사용하는 환경에서 단말 이동 시 기지국 간 원활한 전환 여부, 다운로드·업로드 등 데이터 전송 속도, 기지국 처리 용량, 전력 소비 효율 등을 집중적으로 시험해 검증에 성공했습니다.이번 검증으로 향후 인공지능 기반 무선망(AI-RAN) 적용에 필수적인 네트워크 유연성을 확보했다고 LG유플러스는 설명했습니다.LG유플러스는 특정 제조사에 대한 의존도를 낮추고 통신망의 유연성·효율성을 높이는 '오픈랜' 기술 연구에도 박차를 가하고 있습니다.LG유플러스는 확보한 클라우드랜과 오픈랜 기술 역량에 기반해 AI-RAN 구현을 위한 노력에 집중할 방침입니다.이상헌 LG유플러스 NW선행개발담당은 ""오픈랜과 클라우드랜 기술 검증은 단순한 기술 시험을 넘어, 인공지능 기반 자율 네트워크로 진화하기 위한 핵심 기반을 마련했다는 점에서 매우 중요한 의미를 갖는다""며 ""앞으로도 LG유플러스는 차세대 통신 기술을 선도하며, 6G 시대를 대비한 지능형 네트워크 구축에 앞장설 것""이라고 전했습니다.#LG유플러스 #노키아 #클라우드랜 #상용망연합뉴스TV 기사문의 및 제보 : 카톡/라인 jebo23"
https://n.news.naver.com/mnews/article/011/0004570004?sid=105,2025-12-22 09:19:08,IT/과학,"LG U+, 노키아와 차세대 가상화 기지국 기술 검증 성공","LG유플러스 임직원들이 클라우드랜 기술 검증을 진행하고 있다. 사진제공=LG유플러스[서울경제]LG유플러스(032640)는 노키아와 함께 실제 고객들이 네트워크를 사용하는 상용망 환경에서 차세대 가상화 기지국 기술인 ‘클라우드랜(Cloud RAN)’ 검증에 성공했다고 22일 밝혔다.클라우드랜은 기지국마다 전용 하드웨어에 탑재했던 소프트웨어 기능을 클라우드 환경에서 가상화된 중앙 서버에서 구현하는 기술이다. 네트워크를 보다 유연하고 효율적으로 운영할 수 있다는 점에서 차세대 통신망 구축의 핵심 기술 중 하나로 꼽힌다.LG유플러스와 노키아는 기술 검증을 위해 지난 9월 경북 청도군에 클라우드랜 필드 시험망을 구축했다. 양사는 실제 이용자들이 5세대(5G) 통신을 사용하는 환경에서 △단말 이동 시 기지국 간 원활한 전환 여부 △다운로드·업로드 등 데이터 전송 속도 △기지국 처리 용량 △전력 소비 효율 등을 집중적으로 시험해 검증에 성공했다. 또한 LG유플러스는 장비 설치 자동화, 원격 작업, 설치 후 검증 자동화 등 클라우드 랜 도입에 따른 운영 편의성 기능을 검증하고 개선점을 확인했다.이번 상용망 검증 성공을 통해 LG유플러스는 기지국 기능의 가상화와 중앙 집중화가 실제 환경에서도 안정적으로 작동함을 입증했다. 이는 향후 인공지능 기반 무선망(AI-RAN) 적용에 필수적인 네트워크 유연성 확보 기반을 마련했다는 점에서 의미가 있다.LG유플러스는 네트워크 경쟁력 강화를 위해 ‘오픈랜(Open RAN)’ 기술도 연구하고 있다. 오픈랜은 개방형 인터페이스와 상호 운영성에 기반해 설계된 무선 접속망으로 특정 제조사에 대한 의존도를 낮추고 통신망의 유연성·효율성을 높이는 데 기여하는 차세대 통신의 핵심 기술이다. LG유플러스는 확보한 클라우드랜과 오픈랜 기술 역량에 기반해 AI-RAN 구현을 위한 노력에 집중할 방침이다.이상헌 LG유플러스 NW선행개발담당은 “오픈랜과 클라우드랜 기술 검증은 단순한 기술 시험을 넘어 AI 기반 자율 네트워크로 진화하기 위한 핵심 기반을 마련했다는 점에서 매우 중요한 의미를 갖는다”며 “앞으로도 LG유플러스는 차세대 통신 기술을 선도하며 6G 시대를 대비한 지능형 네트워크 구축에 앞장설 것”이라고 말했다."
https://n.news.naver.com/mnews/article/031/0000991055?sid=105,2025-12-22 09:20:11,IT/과학,"LGU+, 노키아와 클라우드랜 검증 성공","기지국 기능 가상화·중앙화 기술 검증LG유플러스(대표 홍범식)는 노키아와 차세대 가상화 기지국 기술인 클라우드랜(Cloud RAN) 검증에 성공했다고 22일 밝혔다.LG유플러스 임직원들이 클라우드랜 기술 검증을 진행하고 있는 모습. [사진=LGU+]클라우드랜은 기지국마다 전용 하드웨어에 탑재했던 소프트웨어 기능을 클라우드 환경에서 가상화된 중앙 서버에서 구현하는 기술이다. 네트워크를 보다 유연하고 효율적으로 운영할 수 있다는 점에서 차세대 통신망 구축의 핵심 기술 중 하나로 꼽힌다.양사는 기술 검증을 위해 올해 9월 경북 청도군에 클라우드랜 필드 시험망을 구축했다. 실제 이용자들이 5G 통신을 사용하는 환경에서 △단말 이동 시 기지국 간 원활한 전환 여부△다운로드·업로드 등 데이터 전송 속도 △기지국 처리 용량 △전력 소비 효율 등을 시험해 검증에 성공했다.LG유플러스는 기지국 기능 가상화와 중앙 집중화가 실제 환경에서도 안정적으로 작동함을 입증했다. 향후 인공지능 기반 무선망(AI-RAN) 적용에 필수적인 네트워크 유연성 확보 기반을 마련했다는 점에서 의미가 크다고 회사는 설명했다.LG유플러스는 네트워크 경쟁력 강화를 위해 오픈랜(Open RAN) 기술도 연구하고 있다. 앞서 LG유플러스는 국립금오공과대학교 캠퍼스에 오픈랜 상용망을 구축하고, 오픈랜 기술의 완성도를 검증하기 위한 연구를 진행하고 있다.오픈랜은 개방형 인터페이스와 상호 운영성에 기반해 설계된 무선 접속망으로 특정 제조사에 대한 의존도를 낮추고 통신망의 유연성·효율성을 높이는 데 기여하는 차세대 통신의 핵심 기술이다.이상헌 LG유플러스 NW선행개발담당은 ""단순한 기술 시험을 넘어 인공지능 기반 자율 네트워크로 진화하기 위한 핵심 기반을 마련했다는 점에서 매우 중요한 의미를 갖는다""며 ""차세대 통신 기술을 선도하며 6G 시대를 대비한 지능형 네트워크 구축에 앞장설 것""이라고 말했다."
https://n.news.naver.com/mnews/article/138/0002213239?sid=105,2025-12-22 09:50:08,IT/과학,LGU+ 가상화 기지국 검증 실시…“AI-RAN 기반 마련 속도”,"[사진=LG유플러스][디지털데일리 오병훈기자] LG유플러스가 상용망 환경에서 차세대 가상화 기지국 기술 검증을 실시했다고 22일 밝혔다. 노키아와 가상화 기지국 기술 ‘클라우드랜(Cloud RAN)’ 검증에 성공했다.클라우드랜은 기지국마다 전용 하드웨어에 탑재했던 소프트웨어 기능을 클라우드 환경에서 가상화된 중앙 서버에서 구현하는 기술이다. 네트워크를 보다 유연하고 효율적으로 운영할 수 있다는 점에서 차세대 통신망 구축의 핵심 기술 중 하나로 꼽힌다.기술 검증을 위해 LG유플러스와 노키아는 지난 9월 경북 청도군에 클라우드랜 필드 시험망을 구축했다. 양사는 실제 이용자들이 5G 통신을 사용하는 환경에서 단말 이동 시 기지국 간 원활한 전환 여부와 다운로드·업로드 등 데이터 전송 속도, 기지국 처리 용량, 전력 소비 효율 등을 집중적으로 시험해 검증에 성공했다.또 LG유플러스는 장비 설치 자동화, 원격 작업, 설치 후 검증 자동화 등 클라우드 랜 도입에 따른 운영 편의성 기능을 검증하고 개선점을 확인했다.이번 상용망 검증 성공을 통해 LG유플러스는 기지국 기능의 가상화와 중앙 집중화가 실제 환경에서도 안정적으로 작동한다는 것을 확인했다. 향후 인공지능 기반 무선망(AI-RAN) 적용에 필수적인 네트워크 유연성 확보 기반을 마련했다는 것이 LG유플러스 설명이다.이밖에도 LG유플러스는 네트워크 경쟁력 강화를 위해 ‘오픈랜(Open RAN)’ 기술도 연구 중이다. 앞서 LG유플러스는 국립금오공과대학교 캠퍼스에 오픈랜 상용망을 구축하고 오픈랜 기술의 완성도를 검증하기 위한 연구를 진행 중이다.오픈랜은 개방형 인터페이스와 상호 운영성에 기반해 설계된 무선 접속망으로 특정 제조사에 대한 의존도를 낮추고 통신망의 유연성·효율성을 높이는 데 기여하는 차세대 통신의 핵심 기술이다.LG유플러스는 확보한 클라우드랜과 오픈랜 기술 역량에 기반해 AI-RAN 구현에 집중한다. AI-RAN은 무선망 운영과 관리에 인공지능 기술을 적용해 AI가 스스로 최적 설정을 찾아 네트워크를 조정하는 기술이다. 사람이 개입하지 않아도 통신 효율성과 품질을 극대화할 수 있다.이상헌 LG유플러스 NW선행개발담당은 “오픈랜과 클라우드랜 기술 검증은 단순한 기술 시험을 넘어 인공지능 기반 자율 네트워크로 진화하기 위한 핵심 기반을 마련했다는 점에서 의미를 갖는다”며 “앞으로도 LG유플러스는 차세대 통신 기술을 선도하며 6G 시대를 대비한 지능형 네트워크 구축에 앞장서겠다”고 말했다."
https://n.news.naver.com/mnews/article/020/0003683688?sid=101,2025-12-22 10:43:10,경제,"볼트테크코리아, LG U+와 ‘폰교체 패스’로 프리미엄 아이폰 케어 서비스 공략","글로벌 인슈어테크 기업 볼트테크코리아가 LG유플러스와 함께 ‘폰교체 패스’를 통해 프리미엄 휴대폰 케어 서비스 강화에 나선다. 이는 가장 최신 아이폰(iPhone) 모델들의 프리미엄 기기 이용 고객을 겨냥한 서비스 고도화 전략의 일환이다.2025년 1월 출시된 ‘폰교체 패스’는 기존의 ‘맘대로 폰교체 플러스’ 서비스를 기반으로 고객 편의성을 한단계 업그레이드한 서비스다. 이 서비스는 수리와 교체 혜택을 끊임없이 제공하면서, 고객에게 더욱 안심할 수 있는 경험을 선사한다. 이를 통해 최신 아이폰 모델을 보다 간편하게 이용할 수 있는 환경을 마련했다.볼트테크코리아에 따르면 ‘폰교체 패스’는 이동통신사의 제조사 휴대폰 케어 상품 중 유일하게 수리와 교체를 동시에 보장한다. 단말기 파손 시 전국 약 80여 곳의 제조사 공식 서비스 센터에서 즉시 수리가 가능하며, 단순 변심과 같은 사유로도 손쉽게 기기를 교체할 수 있다.수리 혜택은 최대 3년간 무제한 파손 수리를 제공한다. 기존 보험상품과 달리 별도의 청구절차 없이, 공식 서비스센터에서 수리 후 자기부담금만 납부하면 된다. 애플케어서비스를 포함해 글로벌 수리 지원과 원스톱 지원 등 제조사 공식 특전까지 누릴 수 있다.교체 혜택 역시 강력하다. 파손·침수·고장은 물론, 단순 변심에도 최대 2회까지 단말 교체가 가능한 것. 이는 고가 단말 사용자의 경제적 부담을 덜어줄 뿐 아니라, 신제품을 선호하는 얼리어답터 소비자들의 니즈에도 부합한다. 부득이한 사유로 반납이 어려운 경우에도 1회에 한해 미반납 교체가 가능하다.요금대는 단말기 출고가 구간에 따라 월 5,990원부터 1만5,990원(VAT 포함)까지 다양하게 구성돼, 합리적인 비용으로 이용할 수 있다. 폰교체패스 서비스는 온라인과 전국 약 1,700여개의 LG U+ 매장에서 구매가 가능하다.볼트테크코리아 이나연 Product Lead는 “새 디자인과 고성능 카메라, 종일 사용 가능한 배터리를 갖춘 최신 iPhone 모델은 프리미엄 모바일 케어 서비스를 찾는 소비자들에게 중요한 전환점이 될 것“이라며 ”LG U+와 협력해 더 많은 고객이 최신 iPhone을 안심하고 사용할 수 있도록 지원하겠다“고 전했다."
https://n.news.naver.com/mnews/article/243/0000089957?sid=105,2025-12-22 11:37:10,IT/과학,"LG U+, 노키아와 차세대 가상화 기지국 기술 검증 성공","상용망에서 클라우드랜 기지국 구축, 기지국 기능 가상화·중앙화 기술 검증LG유플러스 임직원들이 클라우드랜 기술 검증을 진행하고 있는 모습. [사진 LG유플러스][이코노미스트 원태영 기자]LG유플러스는 노키아와 함께 실제 고객들이 네트워크를 사용하는 상용망 환경에서 차세대 가상화 기지국 기술인 ‘클라우드랜(Cloud RAN)’ 검증에 성공했다고 22일 밝혔다.클라우드랜은 기지국마다 전용 하드웨어에 탑재했던 소프트웨어 기능을 클라우드 환경에서 가상화된 중앙 서버에서 구현하는 기술이다. 네트워크를 보다 유연하고 효율적으로 운영할 수 있다는 점에서 차세대 통신망 구축의 핵심 기술 중 하나로 꼽힌다.기술 검증을 위해 LG유플러스와 노키아는 지난 9월 경북 청도군에 클라우드랜 필드 시험망을 구축했다. 양사는 실제 이용자들이 5G 통신을 사용하는 환경에서 ▲단말 이동 시 기지국 간 원활한 전환 여부 ▲다운로드·업로드 등 데이터 전송 속도 ▲기지국 처리 용량 ▲전력 소비 효율 등을 집중적으로 시험해 검증에 성공했다.또한 LG유플러스는 장비 설치 자동화, 원격 작업, 설치 후 검증 자동화 등 클라우드 랜 도입에 따른 운영 편의성 기능을 검증하고 개선점을 확인했다.이번 상용망 검증 성공을 통해 LG유플러스는 기지국 기능의 가상화와 중앙 집중화가 실제 환경에서도 안정적으로 작동함을 입증했다. 이는 향후 인공지능 기반 무선망(AI-RAN) 적용에 필수적인 네트워크 유연성 확보 기반을 마련했다는 점에서 의미가 있다.이밖에도 LG유플러스는 네트워크 경쟁력 강화를 위해 ‘오픈랜(Open RAN)’ 기술도 연구하고 있다. 앞서 LG유플러스는 국립금오공과대학교 캠퍼스에 오픈랜 상용망을 구축하고, 오픈랜 기술의 완성도를 검증하기 위한 연구를 진행하고 있다.오픈랜은 개방형 인터페이스와 상호 운영성에 기반해 설계된 무선 접속망으로 특정 제조사에 대한 의존도를 낮추고 통신망의 유연성·효율성을 높이는 데 기여하는 차세대 통신의 핵심 기술이다.LG유플러스는 확보한 클라우드랜과 오픈랜 기술 역량에 기반해 AI-RAN 구현을 위한 노력에 집중할 방침이다. AI-RAN은 무선망의 운영과 관리에 인공지능 기술을 적용해, AI가 스스로 최적의 설정을 찾아 네트워크를 조정하는 기술로, 사람이 일일이 개입하지 않아도 통신 효율성과 품질을 극대화할 수 있을 것으로 기대된다.이상헌 LG유플러스 NW선행개발담당은 “오픈랜과 클라우드랜 기술 검증은 단순한 기술 시험을 넘어, 인공지능 기반 자율 네트워크로 진화하기 위한 핵심 기반을 마련했다는 점에서 매우 중요한 의미를 갖는다”며 “앞으로도 LG유플러스는 차세대 통신 기술을 선도하며, 6G 시대를 대비한 지능형 네트워크 구축에 앞장설 것”이라고 말했다."
https://n.news.naver.com/mnews/article/016/0002575605?sid=105,2025-12-22 11:38:13,IT/과학,"LGU+, 노키아와 차세대 가상화 기지국 기술 검증 성공","상용망서 클라우드랜 기지국 구축“AI 자율 네트워크 진화 기반 마련”LG유플러스는 경북 청도군에 만든 클라우드랜 필드 시험망에서 노키아와 함께 차세대 가상화 기지국 기술인 ‘클라우드랜(Cloud RAN)’ 검증에 성공했다고 22일 밝혔다. 클라우드랜은 차세대 통신망 구축의 핵심 기술로 기지국마다 전용 하드웨어에 탑재했던 소프트웨어 기능을 클라우드 환경에서 구현한다 . [LG유플러스 제공]LG유플러스는 노키아와 함께 상용망 환경에서 차세대 가상화 기지국 기술인 ‘클라우드랜(Cloud RAN)’ 검증에 성공했다고 22일 밝혔다.클라우드랜은 기지국마다 전용 하드웨어에 탑재했던 소프트웨어 기능을 클라우드 환경에서 가상화된 중앙 서버에 구현하는 기술이다. 네트워크를 더욱 효율적으로 운영할 수 있어 차세대 통신망 구축의 핵심 기술로 꼽힌다.LG유플러스와 노키아는 기술 검증을 위해 지난 9월 경북 청도군에 클라우드랜 필드 시험망을 구축했다. 양사는 실제 이용자가 5G 통신을 사용하는 환경에서 ▷단말 이동 시 기지국 간 원활한 전환 여부 ▷다운로드·업로드 등 데이터 전송 속도 ▷기지국 처리 용량 ▷전력 소비 효율 등을 집중 시험해 검증에 성공했다. 또 LG유플러스는 장비 설치 자동화, 원격 작업, 설치 후 검증 자동화 등 클라우드 랜 도입에 따른 운영 편의성 기능을 검증하고 개선점을 확인했다고 설명했다.이어 LG유플러스는 이번 검증으로 기지국 기능의 가상화와 중앙 집중화가 실제 환경에서도 안정적으로 작동하는 것을 확인했다고 강조했다. 이는 향후 인공지능 기반 무선망(AI-RAN)이 필요로 하는 네트워크 기반을 마련했다는 점에서 의미가 있다고 LG유플러스는 설명했다. AI-RAN은 무선망의 운영과 관리에 AI를 적용해, AI가 스스로 최적의 설정을 찾아 네트워크를 조정하는 기술이다.LG유플러스는 네트워크 경쟁력 강화를 위해 ‘오픈랜(Open RAN)’ 기술도 지속해서 연구하겠단 방침이다. 앞서 LG유플러스는 국립금오공과대학교 캠퍼스에 오픈랜 상용망을 구축하고, 오픈랜 기술의 완성도를 검증하기 위한 연구를 진행하고 있다.오픈랜은 개방형 인터페이스와 상호 운용성에 기반해 설계된 무선 접속망이다. 특정 제조사에 대한 의존도를 낮추고 통신망의 유연성·효율성을 높이는 차세대 통신 기술이다.LG유플러스는 이 같은 클라우드랜과 오픈랜 기술 역량에 기반해 AI-RAN 구현에 총력을 기울일 계획이다.이상헌 LG유플러스 NW선행개발담당은 “오픈랜과 클라우드랜 기술 검증은 AI 기반 자율 네트워크로 진화하기 위한 핵심 기반을 마련했다는 점에서 중요한 의미를 갖는다”며 “6G 시대를 대비한 지능형 네트워크 구축에 앞장설 것”이라고 말했다. 차민주 기자"
https://n.news.naver.com/mnews/article/022/0004092080?sid=101,2025-12-22 12:37:09,경제,"크레버스, AI 기반 학원 운영 솔루션 ‘OPTI·CORI’ 공개… 상담·운영 한 번에","크레버스(대표 이동훈)는 AI 기반 학원 운영 솔루션 AI 개인비서 ‘OPTI’와 AI 부원장 ‘CORI’를 공개하고, 상담·행정·운영 전반에 AX(AI Transformation)를 적용한 학원 운영 모델 ‘CREVAX’를 선보였다. 해당 솔루션은 크레버스가 LG U+와 MOU를 체결하고 공동 개발한 서비스로, 12월 19일 가맹 설명회를 통해 청담어학원과 April어학원 가맹점주들을 대상으로 소개됐다.크레버스는 이번 솔루션 공개를 통해 AI를 활용해 현장 직원의 업무 환경을 보다 효율적인 구조로 전환하고, 몰입도 높은 근무 환경을 구현하는 데 초점을 맞췄다고 설명했다.OPTI는 상담 직원의 업무 부담을 줄이면서도 상담의 완성도를 높이기 위해 설계된 AI 기반 상담 포털이다. 상담 과정에서 발생하는 음성 정보는 자동으로 저장되며, AI가 상담 내용을 실시간으로 요약해 핵심 내용만 빠르게 확인할 수 있도록 돕는다. 이를 통해 상담 이후 반복적으로 소요되던 기록·정리 업무를 줄일 수 있다.학생의 학습 이력과 성취도 등 개인화된 데이터를 바탕으로 학생 맞춤형 상담 가이드를 제공하며, 전국 단위 학습 지표를 기반으로 학생의 학습 성취도를 진단해 보다 명확한 학습 방향을 제시한다.CORI(Corina)는 학원 운영 전반의 업무를 체계적으로 설계하고 실행을 지원하는 ‘AI 부원장’ 개념의 운영 포털이다. CORI는 기존에 개인의 경험에 의존하던 운영 방식을 구조화하고, 현장 상황에 맞춰 업무를 효율적으로 관리할 수 있도록 함으로써 업무의 연속성과 생산성을 동시에 높이는 데 목적을 두고 있다.CORI는 학원 운영에 필요한 주요 업무 리스트와 업무별 수행 가이드를 제공하고, 제공된 업무 리스트와 수행 가이드는 각 학원의 상황에 맞게 조정해 운영할 수 있다. 정기적으로 반복되는 업무를 주기별로 자동 관리하며, 개인별 업무 이력이 자연스럽게 축적돼 담당자 변경이나 인수인계 상황에서도 업무의 흐름이 끊기지 않도록 설계됐다. 또한 업무 교육 시간 대비 효율성을 높인 업무 코칭 서비스를 통해 사용자가 신속하고 누락 없이 업무를 수행할 수 있도록 돕는다.크레버스는 OPTI와 CORI를 통해 상담과 운영을 하나로 연결한 AX 기반 학원 운영 모델 ‘CREVAX’를 구축했다고 밝혔다. 이동훈 대표는 “AI는 현장을 대체하는 기술이 아니라 사람이 본질에 집중하도록 돕는 기반”이라며 “운영의 비효율을 줄이고 상담과 교육의 질을 높이는 환경을 만들어가겠다”고 말했다."
https://n.news.naver.com/mnews/article/076/0004358174?sid=103,2025-12-22 13:13:20,생활/문화,"크레버스, AI 기반 학원 운영 솔루션 'OPTI·CORI' 공개… 상담·운영 한 번에","국내 대표 에듀테크 기업 크레버스(대표 이동훈)는 AI 기반 학원 운영 솔루션 AI개인비서 'OPTI'와 AI부원장 'CORI'를 공개하고, 상담·행정·운영 전반에 AX(AI Transformation)를 적용한 새로운 학원 운영 모델 CREVAX를 선보였다. 해당 솔루션은 크레버스가 LG U+와 MOU를 체결하고 공동 개발한 서비스로, 12월 19일 가맹 설명회를 통해 청담어학원과 April어학원 가맹점주들을 대상으로 소개됐다.크레버스는 이번 솔루션 공개를 통해 AI를 활용해 현장 직원의 업무 환경을 보다 효율적인 구조로 전환하고, 몰입도 높은 근무 환경을 구현하는 데 초점을 맞췄다고 설명했다.상담 업무를 지원하는 AI 개인비서 'OPTI'OPTI(Optimia)는 상담 직원의 업무 부담을 줄이면서도 상담의 완성도를 높이기 위해 설계된 AI 기반 상담 포털이다. 상담 과정에서 발생하는 음성 정보는 자동으로 저장되고 AI가 상담내용을 실시간으로 요약해주어 핵심 내용만 빠르게 확인할 수 있으며, 상담 이후 반복적으로 소요되던 기록·정리 업무를 최소화한다.학생의 학습 이력과 성취도 등 개인화된 데이터를 바탕으로 학생 맞춤형 상담이 가능한 상담 가이드를 제공한다. 상담가이드를 통해 전국단위 학습지표를 기반으로 객관화된 학생의 학습 성취도를 진단하여, 학생에게 정확한 학습방향을 제시한다.크레버스는 OPTI는 학원 상담 업무의 효율성을 극대화하고 상담 품질을 상향 표준화하는 혁신적인 상담 서비스 솔루션이라고 설명했다.학원 운영을 관리하는 AI 부원장 'CORI'CORI(Corina)는 학원 운영 전반의 업무를 체계적으로 설계하고 실행을 지원하는 'AI 부원장' 개념의 운영 포털이다. CORI는 기존에 개인의 경험에 의존하던 운영 방식을 구조화하고, 현장 상황에 맞춰 업무를 효율적으로 관리할 수 있게 함으로써, 업무의 연속성과 생산성을 동시에 높이는 데 목적을 두고 있다.CORI는 학원 운영에 필요한 주요 업무 리스트와 업무별 업무 수행가이드를 제공하고, 제공된 업무 리스트와 수행가이드는 커스터마이징하여 각 학원의 상황에 따라 운영할 수 있다. CORI는 정기적으로 반복되는 업무를 주기별로 자동 관리하며, 개인별 업무 이력은 자연스럽게 축적되어 담당자 변경이나 인수인계 상황에서도 업무의 흐름이 끊기지 않도록 설계되었다. 또한 업무 교육시간 대비 효율성을 극대화한 업무 코칭 서비스로 사용자가 이를 통해 신속하고 누락없이 업무를 수행할 수 있도록 돕는다.크레버스는 OPTI와 CORI를 통해 상담-운영을 하나로 연결한 AX 기반 학원 운영 모델 CREVAX를 구축했다. 이동훈 대표는 ""AI는 현장을 대체하는 기술이 아니라, 사람이 본질에 집중하도록 돕는 기반""이라며 ""운영의 비효율을 줄이고 상담과 교육의 질을 높이는 환경을 만들어가겠다""고 말했다."
https://n.news.naver.com/mnews/article/020/0003683721?sid=101,2025-12-22 13:53:12,경제,"크레버스, AI 기반 학원 운영 솔루션 ‘OPTI·CORI’ 공개… 상담·운영 한 번에","사진제공=크레버스국내 대표 에듀테크 기업 크레버스(대표 이동훈)는 AI 기반 학원 운영 솔루션 AI개인비서 ‘OPTI’와 AI부원장 ‘CORI’를 공개하고, 상담·행정·운영 전반에 AX(AI Transformation)를 적용한 새로운 학원 운영 모델 CREVAX를 선보였다.해당 솔루션은 크레버스가 LG U+와 MOU를 체결하고 공동 개발한 서비스로, 지난 19일 가맹 설명회를 통해 청담어학원과 April어학원 가맹점주들을 대상으로 소개됐다.크레버스는 이번 솔루션 공개를 통해 AI를 활용해 현장 직원의 업무 환경을 보다 효율적인 구조로 전환하고, 몰입도 높은 근무 환경을 구현하는 데 초점을 맞췄다고 설명했다.OPTI(Optimia)는 상담 직원의 업무 부담을 줄이면서도 상담의 완성도를 높이기 위해 설계된 AI 기반 상담 포털이다. 상담 과정에서 발생하는 음성 정보는 자동으로 저장되고 AI가 상담내용을 실시간으로 요약해주어 핵심 내용만 빠르게 확인할 수 있으며, 상담 이후 반복적으로 소요되던 기록·정리 업무를 최소화한다.학생의 학습 이력과 성취도 등 개인화된 데이터를 바탕으로 학생 맞춤형 상담이 가능한 상담 가이드를 제공한다. 상담가이드를 통해 전국단위 학습지표를 기반으로 객관화된 학생의 학습 성취도를 진단하여, 학생에게 정확한 학습방향을 제시한다.크레버스는 OPTI는 학원 상담 업무의 효율성을 극대화하고 상담 품질을 상향 표준화하는 혁신적인 상담 서비스 솔루션이라고 설명했다.CORI(Corina)는 학원 운영 전반의 업무를 체계적으로 설계하고 실행을 지원하는 ‘AI 부원장’ 개념의 운영 포털이다. CORI는 기존에 개인의 경험에 의존하던 운영 방식을 구조화하고, 현장 상황에 맞춰 업무를 효율적으로 관리할 수 있게 함으로써, 업무의 연속성과 생산성을 동시에 높이는 데 목적을 두고 있다.CORI는 학원 운영에 필요한 주요 업무 리스트와 업무별 업무 수행가이드를 제공하고, 제공된 업무 리스트와 수행가이드는 커스터마이징하여 각 학원의 상황에 따라 운영할 수 있다. CORI는 정기적으로 반복되는 업무를 주기별로 자동 관리하며, 개인별 업무 이력은 자연스럽게 축적되어 담당자 변경이나 인수인계 상황에서도 업무의 흐름이 끊기지 않도록 설계되었다. 또한 업무 교육시간 대비 효율성을 극대화한 업무 코칭 서비스로 사용자가 이를 통해 신속하고 누락없이 업무를 수행할 수 있도록 돕는다.크레버스는 OPTI와 CORI를 통해 상담-운영을 하나로 연결한 AX 기반 학원 운영 모델 CREVAX를 구축했다. 이동훈 대표는 “AI는 현장을 대체하는 기술이 아니라, 사람이 본질에 집중하도록 돕는 기반”이라며 “운영의 비효율을 줄이고 상담과 교육의 질을 높이는 환경을 만들어가겠다”고 말했다."
https://n.news.naver.com/mnews/article/081/0003602930?sid=101,2025-12-22 13:56:16,경제,"크레버스, AI 기반 학원 운영 솔루션 ‘OPTI·CORI’ 공개… 상담·운영 한 번에","사진=크레버스 제공국내 대표 에듀테크 기업 크레버스(대표 이동훈)는 AI 기반 학원 운영 솔루션 AI개인비서 ‘OPTI’와 AI부원장 ‘CORI’를 공개하고, 상담·행정·운영 전반에 AX(AI Transformation)를 적용한 새로운 학원 운영 모델 CREVAX를 선보였다. 해당 솔루션은 크레버스가 LG U+와 MOU를 체결하고 공동 개발한 서비스로, 12월 19일 가맹 설명회를 통해 청담어학원과 April어학원 가맹점주들을 대상으로 소개됐다.크레버스는 이번 솔루션 공개를 통해 AI를 활용해 현장 직원의 업무 환경을 보다 효율적인 구조로 전환하고, 몰입도 높은 근무 환경을 구현하는 데 초점을 맞췄다고 설명했다.상담 업무를 지원하는 AI 개인비서 ‘OPTI’OPTI(Optimia)는 상담 직원의 업무 부담을 줄이면서도 상담의 완성도를 높이기 위해 설계된 AI 기반 상담 포털이다. 상담 과정에서 발생하는 음성 정보는 자동으로 저장되고 AI가 상담내용을 실시간으로 요약해주어 핵심 내용만 빠르게 확인할 수 있으며, 상담 이후 반복적으로 소요되던 기록·정리 업무를 최소화한다.학생의 학습 이력과 성취도 등 개인화된 데이터를 바탕으로 학생 맞춤형 상담이 가능한 상담 가이드를 제공한다. 상담가이드를 통해 전국단위 학습지표를 기반으로 객관화된 학생의 학습 성취도를 진단하여, 학생에게 정확한 학습방향을 제시한다.크레버스는 OPTI는 학원 상담 업무의 효율성을 극대화하고 상담 품질을 상향 표준화하는 혁신적인 상담 서비스 솔루션이라고 설명했다.사진=크레버스 제공학원 운영을 관리하는 AI 부원장 ‘CORI’CORI(Corina)는 학원 운영 전반의 업무를 체계적으로 설계하고 실행을 지원하는 ‘AI 부원장’ 개념의 운영 포털이다. CORI는 기존에 개인의 경험에 의존하던 운영 방식을 구조화하고, 현장 상황에 맞춰 업무를 효율적으로 관리할 수 있게 함으로써, 업무의 연속성과 생산성을 동시에 높이는 데 목적을 두고 있다.CORI는 학원 운영에 필요한 주요 업무 리스트와 업무별 업무 수행가이드를 제공하고, 제공된 업무 리스트와 수행가이드는 커스터마이징하여 각 학원의 상황에 따라 운영할 수 있다. CORI는 정기적으로 반복되는 업무를 주기별로 자동 관리하며, 개인별 업무 이력은 자연스럽게 축적되어 담당자 변경이나 인수인계 상황에서도 업무의 흐름이 끊기지 않도록 설계됐다. 또한 업무 교육시간 대비 효율성을 극대화한 업무 코칭 서비스로 사용자가 이를 통해 신속하고 누락없이 업무를 수행할 수 있도록 돕는다.크레버스는 OPTI와 CORI를 통해 상담–운영을 하나로 연결한 AX 기반 학원 운영 모델 CREVAX를 구축했다. 이동훈 대표는 “AI는 현장을 대체하는 기술이 아니라, 사람이 본질에 집중하도록 돕는 기반”이라며 “운영의 비효율을 줄이고 상담과 교육의 질을 높이는 환경을 만들어가겠다”고 밝혔다."
https://n.news.naver.com/mnews/article/032/0003416724?sid=101,2025-12-22 14:43:01,경제,"크레버스, AI 기반 학원 운영 솔루션 ‘OPTI·CORI’ 공개… 상담·운영 한 번에","|최병태 기자 piano@kyunghyang.com국내 대표 에듀테크 기업 크레버스(대표 이동훈)는 AI 기반 학원 운영 솔루션 AI개인비서 ‘OPTI’와 AI부원장 ‘CORI’를 공개하고, 상담·행정·운영 전반에 AX(AI Transformation)를 적용한 새로운 학원 운영 모델 CREVAX를 선보였다. 해당 솔루션은 크레버스가 LG U+와 MOU를 체결하고 공동 개발한 서비스로, 12월 19일 가맹 설명회를 통해 청담어학원과 April어학원 가맹점주들을 대상으로 소개됐다.크레버스는 이번 솔루션 공개를 통해 AI를 활용해 현장 직원의 업무 환경을 보다 효율적인 구조로 전환하고, 몰입도 높은 근무 환경을 구현하는 데 초점을 맞췄다고 설명했다.상담 업무를 지원하는 AI 개인비서 ‘OPTI’OPTI(Optimia)는 상담 직원의 업무 부담을 줄이면서도 상담의 완성도를 높이기 위해 설계된 AI 기반 상담 포털이다. 상담 과정에서 발생하는 음성 정보는 자동으로 저장되고 AI가 상담내용을 실시간으로 요약해주어 핵심 내용만 빠르게 확인할 수 있으며, 상담 이후 반복적으로 소요되던 기록·정리 업무를 최소화한다.학생의 학습 이력과 성취도 등 개인화된 데이터를 바탕으로 학생 맞춤형 상담이 가능한 상담 가이드를 제공한다. 상담가이드를 통해 전국단위 학습지표를 기반으로 객관화된 학생의 학습 성취도를 진단하여, 학생에게 정확한 학습방향을 제시한다.크레버스는 OPTI는 학원 상담 업무의 효율성을 극대화하고 상담 품질을 상향 표준화하는 혁신적인 상담 서비스 솔루션이라고 설명했다.학원 운영을 관리하는 AI 부원장 ‘CORI’CORI(Corina)는 학원 운영 전반의 업무를 체계적으로 설계하고 실행을 지원하는 ‘AI 부원장’ 개념의 운영 포털이다. CORI는 기존에 개인의 경험에 의존하던 운영 방식을 구조화하고, 현장 상황에 맞춰 업무를 효율적으로 관리할 수 있게 함으로써, 업무의 연속성과 생산성을 동시에 높이는 데 목적을 두고 있다.CORI는 학원 운영에 필요한 주요 업무 리스트와 업무별 업무 수행가이드를 제공하고, 제공된 업무 리스트와 수행가이드는 커스터마이징하여 각 학원의 상황에 따라 운영할 수 있다. CORI는 정기적으로 반복되는 업무를 주기별로 자동 관리하며, 개인별 업무 이력은 자연스럽게 축적되어 담당자 변경이나 인수인계 상황에서도 업무의 흐름이 끊기지 않도록 설계되었다. 또한 업무 교육시간 대비 효율성을 극대화한 업무 코칭 서비스로 사용자가 이를 통해 신속하고 누락없이 업무를 수행할 수 있도록 돕는다.크레버스는 OPTI와 CORI를 통해 상담–운영을 하나로 연결한 AX 기반 학원 운영 모델 CREVAX를 구축했다. 이동훈 대표는 “AI는 현장을 대체하는 기술이 아니라, 사람이 본질에 집중하도록 돕는 기반”이라며 “운영의 비효율을 줄이고 상담과 교육의 질을 높이는 환경을 만들어가겠다”고 말했다."
https://n.news.naver.com/mnews/article/417/0001120815?sid=105,2025-12-23 08:48:38,IT/과학,오늘(23일)부터 휴대폰 개통 시 '안면 인증' 필수… 대포폰 근절,"3개월간 시범 운영, 정식 도입은 내년 3월부터23일부터 휴대전화 개통 절차에 패스 앱을 통한 안면인증이 시범 도입된다. /사진=뉴시스휴대전화 개통 절차에 패스 앱을 통한 안면인증이 시범 도입된다.과학기술정보통신부는 23일부터 일부 알뜰폰 비대면 채널 및 통신 3사(KT·SKT·LGU+) 대면 채널에서 휴대전화 개통 절차에 안면인증을 시범 도입해 실제 본인 여부를 재차 확인한다. 정식 도입은 내년 3월 23일부터다.안면인증은 신분증 얼굴 사진과 신분증 소지자의 실제 얼굴을 실시간으로 대조해 보이스피싱, 스미싱 등 범죄에 악용되는 대포폰 개통을 근절하기 위해 마련됐다.시범 운영 기간에는 안면인증 실패 시에도 예외 처리로 개통을 진행하고 현장 안내를 확대한다. 또한 인증 실패 사례를 분석하여 정확성을 높이고 정식 운영을 위해 필요한 사항을 점검할 예정이다.과기부는 개인 생체 정보 유출 우려에 대해 ""동일 인물 여부가 확인되면 결괏값만 저장·관리하고 인증에 사용된 생체정보 등은 별도 보관하거나 저장하지 않는다""고 설명했다."
https://n.news.naver.com/mnews/article/016/0002576006?sid=105,2025-12-23 09:00:24,IT/과학,"LGU+, 크리에이터 육성 프로그램 ‘부스터스 시즌4’ 성료","2023년 시작해 총 258명 참여누적 조회수만 2900만회로 집계지난 6일 진행된 부스터스 시즌4 어워즈에서 LG유플러스 관계자와 크리에이터들이 기념사진을 촬영하고 있다.[LG유플러스 제공][헤럴드경제=김광우 기자] LG유플러스는 자사 크리에이터 육성 프로그램 ‘부스터스 시즌4’ 활동을 통해 총 792건의 콘텐츠를 제작하고 누적 조회수 2900만회를 돌파하는 성과를 거뒀다고 23일 밝혔다.지난 2023년 시작해 올해 시즌4를 맞은 ‘부스터스’는 유튜브·인스타그램·틱톡 등 다양한 플랫폼에서 활동하는 크리에이터를 선발해, LG유플러스의 서비스와 브랜드 경험을 콘텐츠로 풀어내고 성장할 수 있도록 지원하는 프로그램이다. 유명 인플루언서가 아닌 잠재력 있는 크리에이터를 선발해 함께 성장해 나간다는 것이 부스터스만의 특징이다.3월부터 지난 6일까지 진행한 부스터스 시즌4에는 총 258명의 크리에이터가 참여해 활동 기간 792건의 콘텐츠를 제작했다. 이 기간 누적 조회수는 2900만회로 집계됐다.특히 시즌4 활동은 ▷LG유플러스 임직원과 크리에이터간 교류 확대 ▷AI 전문가가 참여하는 콘텐츠 제작 교육 ▷MWC 25·유튜브 펜페스트 등 현장 참여 기회 제공 등을 통해 크리에이터들이 다양한 아이템을 활용해 콘텐츠를 제작할 수 있는 환경을 마련하는 데 집중했다.그 결과 크리에이터들의 팔로워 수는 활동 전과 비교해 평균 110% 증가했다. 가장 많은 팔로워 성장을 보인 크리에이터의 팔로워 증가율은 222%에 달했다. 또 시즌1부터 시즌4까지 부스터스 활동의 누적 조회수는 1억500만회에 달한다.앞서 LG유플러스는 지난 6일 부스터스 시즌4 활동을 마무리하는 연말 행사를 열고 우수 참가자들에 대한 시상식을 열었다. 이날 행사에서는 LG유플러스의 새로운 브랜드 철학인 ‘Simply. U+’를 주제로 한 토크콘서트도 진행했다.LG유플러스는 내년 상반기 부스터스 시즌5 참여 크리에이터 모집에 나설 예정이다. 부스터스 시즌5는 그간 부스터스를 운영해온 LG유플러스의 노하우를 바탕으로 크리에이터들의 콘텐츠 제작 역량을 강화하고, 크리에이터들에게 다양한 참여 기회를 제공할 계획이다. 지난 시즌 참여자 중 원하는 크리에이터들은 시즌5 활동에 참여하는 것도 가능하다.김희진 LG유플러스 브랜드마케팅팀장은 “부스터스는 크리에이터가 자신의 방식으로 브랜드 경험을 해석하고 전달하는 과정에서 함께 성장해온 프로그램”이라며 “앞으로도 크리에이터와의 협업을 통해 고객과의 접점을 넓히고, 신뢰 기반의 브랜드 경험을 지속적으로 확장해 나갈 것”이라고 말했다."
https://n.news.naver.com/mnews/article/008/0005295595?sid=105,2025-12-23 09:03:05,IT/과학,"LGU+ 크리에이터 프로그램, 792건 콘텐츠 제작·2900만뷰 돌파","지난 6일 진행한 부스터스 시즌4 어워즈에서 LG유플러스 관계자와 크리에이터들이 기념사진을 촬영하고 있다. /사진=LG유플러스LG유플러스는 자사 크리에이터 육성 프로그램 '부스터스 시즌4' 활동을 통해 792건의 콘텐츠를 제작하고 누적 조회수 2900만회를 돌파했다고 23일 밝혔다.2023년 시작해 올해 시즌4를 맞은 '부스터스'는 유튜브·인스타그램·틱톡 등 다양한 플랫폼에서 활동하는 크리에이터를 선발해, LG유플러스의 서비스와 브랜드 경험을 콘텐츠로 풀어내고 성장할 수 있도록 지원하는 프로그램이다. 유명 인플루언서가 아닌 잠재력 있는 크리에이터를 선발해 함께 성장해 나간다는 콘셉트다.올해 3월부터 이달 6일까지 진행한 부스터스 시즌4를 통해 크리에이터들의 팔로워 수는 활동 전과 비교해 평균 110% 증가했다. 가장 많은 팔로워 성장을 보인 크리에이터의 팔로워 증가율은 222%로 나타났다.LG유플러스는 내년 상반기 부스터스 시즌5 참여 크리에이터 모집에 나설 예정이다. 지난 시즌 참여자 중 원하는 크리에이터들은 시즌5 활동에 참여하는 것도 가능하다.김희진 LG유플러스 브랜드마케팅팀장은 ""부스터스는 크리에이터가 자신의 방식으로 브랜드 경험을 해석하고 전달하는 과정에서 함께 성장해온 프로그램""이라며 ""앞으로도 크리에이터와의 협업을 통해 고객과의 접점을 넓히겠다""고 말했다."
https://n.news.naver.com/mnews/article/082/0001359521?sid=101,2025-12-23 09:05:09,경제,"LGU+, 크리에이터 육성 프로그램 부스터스 시즌4 마무리","시즌4 콘텐츠 조회수 2900만 회내년 상반기 ‘부스터스 5기’ 모집지난 6일 진행한 부스터스 시즌4 어워즈에서 LG유플러스 관계자와 크리에이터들이 기념사진을 촬영하는 모습. LG유플러스 제공LG유플러스가 크리에이터 육성 프로그램 ‘부스터스 시즌4’ 활동을 통해 792건의 콘텐츠를 제작하고 시즌 누적 조회수 2900만 회를 돌파하는 성과를 거뒀다고 23일 밝혔다.2023년 시작해 올해 시즌4를 맞은 ‘부스터스’는 유튜브·인스타그램·틱톡 등 다양한 플랫폼에서 활동하는 크리에이터를 선발해 지원하는 프로그램이다. 지난 3월부터 지난 6일까지 진행한 부스터스 시즌4에는 총 258명의 크리에이터가 참여해 활동기간 792건의 콘텐츠를 제작했다. 이 기간 누적 조회수는 2900만 회로 집계됐다.시즌4 활동은 LG유플러스 임직원과 크리에이터 간 교류 확대, AI 전문가가 참여하는 콘텐츠 제작 교육 , MWC 25·유튜브 펜페스트 등 현장 참여 기회 제공 등을 통해 다양한 콘텐츠를 제작할 수 있는 환경을 마련하는 데 집중했다. 그 결과 크리에이터들의 팔로워 수는 활동 전과 비교해 평균 110% 증가했다. 가장 많은 팔로워 성장을 보인 크리에이터의 팔로워 증가율은 222%로 나타났다.LG유플러스는 지난 6일 부스터스 시즌4 활동을 마무리하는 연말 행사를 열고 우수 참가자들에 대한 시상식을 열었다. 이날 행사에서는 LG유플러스의 새로운 브랜드 철학인 ‘Simply. U+’ 를 주제로 한 토크콘서트도 진행했다. LG유플러스는 내년 상반기 부스터스 시즌5 참여 크리에이터 모집에 나설 예정이다. 지난 시즌 참여자 중 원하는 크리에이터들은 시즌5 활동에 참여하는 것도 가능하다.김희진 LG유플러스 브랜드마케팅팀장은 “부스터스는 크리에이터가 자신의 방식으로 브랜드 경험을 해석하고 전달하는 과정에서 함께 성장해온 프로그램”이라며 “앞으로도 크리에이터와의 협업을 통해 고객과의 접점을 넓히고, 신뢰 기반의 브랜드 경험을 지속적으로 확장해 나갈 것”이라고 말했다."
https://n.news.naver.com/mnews/article/001/0015809929?sid=105,2025-12-23 09:17:02,IT/과학,"[테크스냅] SKT, '2025 최우수 협력사 시상식' 개최","LGU+, 크리에이터 육성 프로그램 '부스터스 시즌4' 성료플로, 일본 레코초쿠 그룹과 J-POP 공급 확대 계약KT그룹 희망나눔재단 희망나눔인상에 '안무서운회사'kt ds-BC카드, AI기반 자동화 통합보안관제 플랫폼 구축[SK텔레콤 제공. 재판매 및 DB 금지]▲ SK텔레콤은 협력사에 감사의 뜻을 전하고 동반성장 방향을 공유하는 '2025 최우수 협력사 시상식'을 열었다고 23일 밝혔다. 올해로 20회를 맞은 행사에선 '시너지'와 '파트너십' 두 부문에서 총 30개사가 수상했다.[LG유플러스 제공. 재판매 및 DB 금지]▲ LG유플러스는 자사 크리에이터 육성 프로그램 '부스터스 시즌4' 활동을 마무리했다고 23일 밝혔다. 부스터스는 유튜브·인스타그램·틱톡 등 다양한 플랫폼에서 활동하는 크리에이터를 선발해 LG유플러스 서비스와 브랜드 경험을 콘텐츠로 풀어내고 성장할 수 있도록 지원하는 프로그램이다. 3월부터 지난 6일까지 진행된 시즌4에는 총 258명의 크리에이터가 참여해 활동기간 792건의 콘텐츠를 제작했다. 누적 조회수는 2천900만회로 집계됐다.[드림어스컴퍼니 제공. 재판매 및 DB 금지]▲ 음악 플랫폼 플로(FLO) 운영사 드림어스컴퍼니는 일본 대표 음원 서비스 레코초쿠 그룹과 서비스 계약을 맺고 J-POP 음원 라인업 확대에 나선다고 밝혔다. 플로는 내년 상반기부터 레코초쿠가 운영하는 음악 유통 설루션 플래글과 자회사 에그스가 운영하는 에그스 패스와 협업해 플로에 폭넓은 일본 음원을 공급받게 된다.[KT 제공. 재판매 및 DB 금지]▲ KT그룹 희망나눔재단은 33호 희망나눔인상 수상자로 은둔 청년들의 자립을 돕는 '안무서운회사'를 선정했다고 밝혔다. 안무서운회사는 은둔 경험이 있는 창업자들이 세운 회사로, 구성원들의 경험을 바탕으로 은둔 청년을 위한 실질적인 지원책을 제공한다.[kt ds 홈페이지 캡쳐. 재판매 및 DB 금지]▲ KT그룹 IT서비스 전문기업 kt ds는 BC카드에 AI기반 자동화 통합보안관제 플랫폼을 구축했다고 밝혔다. BC카드는 온프레미스와 클라우드 이중으로 구성된 운영 환경을 이번 프로젝트를 통해 통합 보안 운영 체계로 고도화했다. 이를 통해 BC카드는 31종의 관제 업무를 18종으로 고도화하여 자동화했으며, 기존 대비 90% 이상 시간을 단축했다고 kt ds는 밝혔다. (서울=연합뉴스)"
https://n.news.naver.com/mnews/article/014/0005452863?sid=105,2025-12-23 09:28:13,IT/과학,"""누적 조회수 1억 500만"" LG U+, 크리에이터 육성 프로그램 열었다","지난 6일 진행한 부스터스 시즌4 어워즈에서 LG유플러스 관계자와 크리에이터들이 기념사진을 촬영하고 있다. LG유플러스 제공[파이낸셜뉴스] LG유플러스는 자사 크리에이터 육성 프로그램 ‘부스터스 시즌4’ 활동을 통해 792건의 콘텐츠를 제작하고 누적 조회수 2900만 회를 돌파하는 성과를 거뒀다고 23일 밝혔다.지난 2023년 시작해 올해 시즌4를 맞은 부스터스는 유튜브·인스타그램·틱톡 등 다양한 플랫폼에서 활동하는 크리에이터를 선발해, LG유플러스의 서비스와 브랜드 경험을 콘텐츠로 풀어내고 성장할 수 있도록 지원하는 프로그램이다. 유명 인플루언서가 아닌 잠재력 있는 크리에이터를 선발해 함께 성장해나간다는 것이 부스터스 만의 특징이다.3월부터 지난 6일까지 진행한 부스터스 시즌4에는 총 258명의 크리에이터가 참여해 활동기간 792건의 콘텐츠를 제작했다. 이 기간 누적 조회수는 2900만회로 집계됐다.특히 시즌4 활동은 △LG유플러스 임직원과 크리에이터간 교류 확대 △인공지능(AI) 전문가가 참여하는 콘텐츠 제작 교육 △모바일월드콩그레스(MWC) 2025·유튜브 펜페스트 등 현장 참여 기회 제공 등을 통해 크리에이터들이 다양한 아이템을 활용해 콘텐츠를 제작할 수 있는 환경을 마련하는 데 집중했다. 그 결과 크리에이터들의 팔로워 수는 활동 전과 비교해 평균 110% 증가했다. 가장 많은 팔로워 성장을 보인 크리에이터의 팔로워 증가율은 222%로 나타났다. 시즌1부터 시즌4까지 부스터스 활동의 누적 조회수는 1억 500만회다.앞서 LG유플러스는 지난 6일 부스터스 시즌4 활동을 마무리하는 연말 행사를 열고 우수 참가자들에 대한 시상식을 열었다. 이날 행사에서는 LG유플러스의 새로운 브랜드 철학인 ‘심플리. 유플러스(Simply. U+)’ 를 주제로 한 토크콘서트도 진행했다.LG유플러스는 내년 상반기 부스터스 시즌5 참여 크리에이터 모집에 나설 예정이다. 부스터스 시즌5는 그간 부스터스를 운영해온 LG유플러스의 노하우를 바탕으로 크리에이터들의 콘텐츠 제작 역량을 강화하고, 크리에이터들에게 다양한 참여 기회를 제공할 계획이다. 지난 시즌 참여자 중 원하는 크리에이터들은 시즌5 활동에 참여하는 것도 가능하다.김희진 LG유플러스 브랜드마케팅팀장은 “부스터스는 크리에이터가 자신의 방식으로 브랜드 경험을 해석하고 전달하는 과정에서 함께 성장해온 프로그램”이라며 “앞으로도 크리에이터와의 협업을 통해 고객과의 접점을 넓히고, 신뢰 기반의 브랜드 경험을 지속적으로 확장해 나갈 것”이라고 말했다."
https://n.news.naver.com/mnews/article/011/0004570530?sid=101,2025-12-23 10:10:12,경제,"볼트테크코리아, LG유플러스와 ‘폰교체패스’로 프미엄 iPhone 케어 서비스 강화","제조사 케어 상품과 교체가 결합된 통합형 휴대폰 케어 서비스[서울경제] 글로벌 인슈어테크 기업 볼트테크코리아가 혁신적인 디지털 서비스를 제공하는 국내 대표 통신사 LG유플러스와 함께 ‘폰교체 패스’를 통해 프리미엄 휴대폰 케어 서비스 강화에 나선다. 이는 가장 최신 iPhone 모델들의 프리미엄 기기 이용 고객을 겨냥한 서비스 고도화 전략의 일환이다.2025년 1월 출시된 ‘폰교체 패스’는 기존의 ‘맘대로 폰교체 플러스’ 서비스를 기반으로 고객 편의성을 한단계 업그레이드한 서비스다. 이 서비스는 수리와 교체 혜택을 끊임없이 제공하면서, 고객에게 더욱 안심할 수 있는 경험을 선사한다. 이를 통해 최신 iPhone 모델을 보다 간편하게 이용할 수 있는 환경을 마련했다.‘폰교체 패스’는 이동통신사의 제조사 휴대폰 케어 상품 중 유일하게 수리와 교체를 동시에 보장한다. 단말기 파손 시 전국 약 80여 곳의 제조사 공식 서비스 센터에서 즉시 수리가 가능하며, 단순 변심과 같은 사유로도 손쉽게 기기를 교체할 수 있다.특히 수리 혜택은 최대 3년간 무제한 파손 수리를 제공한다. 기존 보험상품과 달리 별도의 청구절차 없이, 공식 서비스센터에서 수리 후 자기부담금만 납부하면 된다. 애플케어서비스를 포함해 글로벌 수리 지원과 원스톱 지원 등 제조사 공식 특전까지 누릴 수 있다.교체 혜택 역시 강력하다. 파손·침수·고장은 물론, 단순 변심에도 최대 2회까지 단말 교체가 가능한 것. 이는 고가 단말 사용자의 경제적 부담을 덜어줄 뿐 아니라, 신제품을 선호하는 얼리어답터 소비자들의 니즈에도 부합한다. 특히 부득이한 사유로 반납이 어려운 경우에도 1회에 한해 미반납 교체가 가능하다.요금대는 단말기 출고가 구간에 따라 월 5,990원부터 15,990원(VAT 포함)까지 다양하게 구성돼, 프리미엄 서비스를 합리적인 비용으로 이용할 수 있다. 폰교체패스 서비스는 온라인과 전국 약 1,700여개의 LG U+ 매장에서 구매가 가능하다.볼트테크코리아 이나연 Product Lead는 “새 디자인과 고성능 카메라, 종일 사용 가능한 배터리를 갖춘 최신 iPhone 모델은 프리미엄 모바일 케어 서비스를 찾는 소비자들에게 중요한 전환점이 될 것입니다. LG U+와 협력해 더 많은 고객이 최신 iPhone을 안심하고 사용할 수 있도록 지원하고 있으며, 시장에서 차별화된 당사 서비스만의 가치와 혜택을 지속적으로 선보이고 있습니다“라고 전했다."
https://n.news.naver.com/mnews/article/030/0003383441?sid=105,2025-12-23 10:46:14,IT/과학,"LGU+, 크리에이터 육성 프로그램 부스터스 시즌4 성료","지난 6일 진행한 부스터스 시즌4 어워즈에서 LG유플러스 관계자와 크리에이터들이 기념사진을 촬영하고 있는 모습.LG유플러스는 자사 크리에이터 육성 프로그램 '부스터스 시즌4' 활동을 통해 792건의 콘텐츠를 제작하고 누적 조회수 2900만 회를 돌파하는 성과를 거뒀다고 23일 밝혔다.올해 시즌4를 맞은 부스터스는 유튜브·인스타그램·틱톡 등 다양한 플랫폼에서 활동하는 크리에이터를 선발해, LG유플러스의 서비스와 브랜드 경험을 콘텐츠로 풀어내고 성장할 수 있도록 지원하는 프로그램이다. 유명 인플루언서가 아닌 잠재력 있는 크리에이터를 선발해 함께 성장해나간다는 것이 부스터스만의 특징이다.3월부터 지난 6일까지 진행한 부스터스 시즌4에는 총 258명의 크리에이터가 참여해 활동기간 792건의 콘텐츠를 제작했다. 이 기간 누적 조회수는 2900만회로 집계됐다.시즌4 활동은 LG유플러스 임직원과 크리에이터간 교류 확대, AI 전문가가 참여하는 콘텐츠 제작 교육,MWC 25·유튜브 펜페스트 등 현장 참여 기회 제공 등을 통해 크리에이터들이 다양한 아이템을 활용해 콘텐츠를 제작할 수 있는 환경을 마련하는 데 집중했다. 그 결과 크리에이터들의 팔로워 수는 활동 전과 비교해 평균 110% 증가했다. 가장 많은 팔로워 성장을 보인 크리에이터의 팔로워 증가율은 222%로 나타났다. 또한 시즌1부터 시즌4까지 부스터스 활동의 누적 조회수는 1억 500만 회에 달한다.LG유플러스는 내년 상반기 부스터스 시즌5 참여 크리에이터 모집에 나설 예정이다. 부스터스 시즌5는 그간 부스터스를 운영해온 LG유플러스의 노하우를 바탕으로 크리에이터들의 콘텐츠 제작 역량을 강화하고, 크리에이터들에게 다양한 참여 기회를 제공할 계획이다. 지난 시즌 참여자 중 원하는 크리에이터들은 시즌5 활동에 참여하는 것도 가능하다.김희진 LG유플러스 브랜드마케팅팀장은 “부스터스는 크리에이터가 자신의 방식으로 브랜드 경험을 해석하고 전달하는 과정에서 함께 성장해온 프로그램”이라며 “앞으로도 크리에이터와의 협업을 통해 고객과의 접점을 넓히고, 신뢰 기반의 브랜드 경험을 지속적으로 확장해 나갈 것”이라고 말했다."
https://n.news.naver.com/mnews/article/092/0002403483?sid=105,2025-12-23 10:48:09,IT/과학,"LGU+, 크리에이터 조회수·팔로워수 성장 지원","‘부스터스 시즌4’ 활동 성료LG유플러스는 자사 크리에이터 육성 프로그램 ‘부스터스 시즌4’ 활동을 성료했다고 23일 밝혔다.지난 2023년 시작해 올해 시즌4를 맞은 ‘부스터스’는 유튜브, 인스타그램, 틱톡 등플랫폼에서 활동하는 크리에이터를 선발해, LG유플러스의 서비스와 브랜드 경험을 콘텐츠로 풀어내고 성장할 수 있도록 지원하는 프로그램이다.지난 3월부터 지난 6일까지 진행한 부스터스 시즌4엔 총 258명의 크리에이터가 참여해 활동기간 792건의 콘텐츠를 제작했다. 이 기간 누적 조회수는 2천900만회로 집계됐다.지난 6일 진행한 LG유플러스 크리에이터 육성 프로그램 부스터스 시즌4 어워즈에서 LG유플러스 관계자와 크리에이터들이 기념사진을 촬영하고 있다. (사진=LG유플러스)이번 활동은 ▲LG유플러스 임직원과 크리에이터간 교류 확대 ▲AI 전문가가 참여하는 콘텐츠 제작 교육 ▲MWC25·유튜브 펜페스트 등 현장 참여 기회 제공 등을 통해 크리에이터들이 콘텐츠를 제작할 수 있는 환경을 마련하는 데 집중했다.그 결과 크리에이터들의 팔로워 수는 활동 전과 비교해 평균 110% 증가했다. 또, 시즌1부터 시즌4까지 부스터스 활동의 누적 조회수는 1억 500만 회에 달한다.김희진 LG유플러스 브랜드마케팅팀장은 “부스터스는 크리에이터가 자신의 방식으로 브랜드 경험을 해석하고 전달하는 과정에서 함께 성장해 온 프로그램”이라며 “앞으로도 크리에이터와의 협업을 통해 고객과의 접점을 넓히고, 신뢰 기반의 브랜드 경험을 지속적으로 확장해 나갈 것”이라고 말했다."
https://n.news.naver.com/mnews/article/016/0002576273?sid=105,2025-12-23 11:45:12,IT/과학,"LGU+, 크리에이터 육성 ‘부스터스 시즌4’ 성료","LG유플러스가 크리에이터 육성 프로그램 ‘부스터스 시즌4’ 활동을 통해 총 792건의 콘텐츠를 제작, 누적 조회수 2900만회를 돌파하는 성과를 거뒀다고 23일 밝혔다. 2023년 시작해 올해 시즌4를 맞이한 ‘부스터스’는 유튜브·인스타그램·틱톡 등 다양한 플랫폼에서 활동하는 크리에이터를 선발, LG유플러스의 서비스와 브랜드 경험을 콘텐츠로 풀어내고 성장할 수 있도록 지원하는 프로그램이다. 사진은 지난 6일 진행된 부스터스 시즌4 어워즈에서 LG유플러스 관계자와 크리에이터들이 기념사진을 촬영하고 있는 모습. [LG유플러스 제공]"
https://n.news.naver.com/mnews/article/021/0002759103?sid=101,2025-12-23 11:45:26,경제,"LGU+, 크리에이터 육성 ‘부스터스 시즌4’ 진행","LG유플러스는 자사 크리에이터 육성 프로그램 ‘부스터스 시즌4’ (사진)활동을 통해 792건의 콘텐츠를 제작하고 누적 조회수 2900만 회를 돌파하는 성과를 거뒀다고 23일 밝혔다. 부스터스는 유튜브·인스타그램·틱톡 등 다양한 플랫폼에서 활동하는 크리에이터를 선발, 서비스와 브랜드 경험을 콘텐츠로 풀어내고 성장할 수 있도록 지원하는 프로그램이다."
https://n.news.naver.com/mnews/article/031/0000991511?sid=105,2025-12-23 11:49:07,IT/과학,LGU+ '부스터스 시즌4' 누적 조회수 2900만회 돌파,"258명 참여해 792건 제작…팔로워 평균 110% 증가] LG유플러스는 크리에이터 육성 프로그램 '부스터스 시즌4'를 통해 792건의 콘텐츠를 제작하고 누적 조회수 2900만회를 기록했다고 23일 밝혔다.사진은 지난 6일 진행한 부스터스 시즌4 어워즈에서 LG유플러스 관계자와 크리에이터들이 기념사진을 촬영하고 있는 모습. [사진=LGU+]부스터스는 2023년 시작한 프로그램으로 유튜브·인스타그램·틱톡 등에서 활동하는 크리에이터를 선발해 LG유플러스의 서비스와 브랜드 경험을 콘텐츠로 제작하도록 지원한다. 유명 인플루언서가 아닌 성장 가능성이 있는 크리에이터와의 동반 성장을 목표로 한다.시즌4는 3월부터 지난 6일까지 진행됐다. 총 258명의 크리에이터가 참여해 792건의 콘텐츠를 제작했다. 시즌4 활동은 △LG유플러스 임직원과 크리에이터 교류 확대 △AI 전문가 참여 콘텐츠 제작 교육 △MWC 25·유튜브 펜페스트 현장 참여 기회 제공에 초점을 맞췄다. 활동 결과 크리에이터 팔로워 수는 평균 110% 증가했다. 최대 증가율은 222%였다. 시즌1부터 시즌4까지 누적 조회수는 1억500만회다.LG유플러스는 지난 6일 시즌4를 마무리하는 연말 행사를 열고 우수 참가자 시상식을 진행했다. 행사에서는 LG유플러스의 브랜드 철학 'Simply. U+'를 주제로 한 토크콘서트도 열렸다. 회사는 내년 상반기 부스터스 시즌5 참여 크리에이터 모집에 나설 계획이다. 기존 시즌 참여자도 시즌5에 다시 참여할 수 있다.김희진 LG유플러스 브랜드마케팅팀장은 ""부스터스는 크리에이터가 자신의 방식으로 브랜드 경험을 해석하고 전달하며 함께 성장해온 프로그램""이라며 ""앞으로도 협업을 통해 고객 접점을 넓히고 신뢰 기반의 브랜드 경험을 확장하겠다""고 말했다."
https://n.news.naver.com/mnews/article/640/0000082089?sid=101,2025-12-23 12:11:48,경제,Korea begins trial of mandatory face recognition for new mobile numbers,"A phone store with the logos of Korea's three mobile carriers, SK Telecom, KT and LG Uplus, is seen in Seoul on Sept. 11. [YONHAP]Korea on Tuesday launched a trial period for a new policy requiring people to undergo real-time face recognition when registering a new mobile phone number, as the government aims to curb scam attempts using illegally registered accounts.The Ministry of Science and ICT began piloting a system Tuesday that mandates facial authentication in the mobile phone subscription process through 64 non-face-to-face channels of 43 mobile carriers and the face-to-face channels of the three major mobile carriers.The country's three mobile carriers — SK Telecom, KT and LG U+ — along with mobile virtual network operators, will be required to follow the procedure in both in-person and remote settings under the new policy.Facial authentication is designed to prevent identity theft and the use of fake phone subscriptions through real-time biometric verification, comparing the ID photo with the recipient's actual face.The official launch of the new policy is scheduled for March 23, 2026. During the pilot period, exceptions will be made for account activation even if facial authentication fails. Over the next three months, cases such as authentication failures will be analyzed to improve the accuracy of the solution.Operational expertise from distributors and retailers will also be collected during the pilot period, allowing for the official launch of the system.Students look into their smartphones at a school in Seoul on Nov. 4, 2024. [YONHAP]Under the policy, applicants are required to scan their faces using PASS, an identification app developed by the three mobile carriers and widely used by public organizations.Amid concerns over the collection of biometric information, the government said the process only verifies whether applicants' actual faces match the photos on their identification cards and that the data will not be stored.The government also plans to revise relevant laws to require mobile carriers to notify users of risks of becoming involved in crimes linked to illegally registered phones and also require them to oversee new subscriptions to prevent any fraudulent activities by their retailers.“If mobile users use an old ID card, facial recognition may not work smoothly,” said a Science Ministry official. “During the three-month pilot operation period, we plan to check for problems such as user inconveniences and delays in opening.”"
https://n.news.naver.com/mnews/article/018/0006188630?sid=105,2025-12-23 12:19:12,IT/과학,"서비스 이용 만족도 IPTV 67.2점으로 최고, 위성 61.3점 최저","방미통위 ‘2025년 유료방송서비스 품질평가’ 결과채널 전환 IPTV 0.50초로 가장 빨라…위성은 1.80초로 느려지고 전년 대비 증가유료 VOD 광고 횟수 0.53회, 광고시간 15.29초로 모두 늘어[이데일리 김현아 기자] 인터넷멀티미디어방송(IPTV), 종합유선방송(SO), 위성방송 등 유료방송 서비스가 전반적으로 ‘안정적’이라는 평가를 받았지만, 이용자 체감 지표에서는 사업 유형별 격차가 뚜렷했다. IPTV는 속도와 만족도에서 앞섰고, 위성은 일부 핵심 지표에서 뒤처졌다.반면 유료 주문형 비디오(VOD) 광고는 IPTV와 케이블 진영 모두 늘어 이용자 부담이 커진 것으로 나타났다.방송미디어통신위원회와 한국지능정보사회진흥원은 23일 ‘2025년 유료방송서비스 품질평가’ 결과를 공개했다.평가는 IPTV 3사(KT·SKB·LGU+), 케이블 복수 SO, 중소 SO, 위성(KT스카이라이프) 등 18개 유료방송사업자를 대상으로 채널 전환시간, VOD 광고 횟수·시간 같은 정량지표와 영상 체감품질, 콘텐츠 만족도·다양성, 이용 만족도 등 정성지표를 함께 봤다.다만 이번 자료에는 개별 회사별 점수는 제시되지 않아, 유형(IPTV·MSO·중소SO·위성) 단위 비교만 가능하다.영상 체감품질은 ‘전반 우수’…중소 SO만 소폭 개선이용자 평가단이 뉴스·드라마·스포츠 실시간 방송 3종을 시청하며 끊김·멈춤 등을 평가한 ‘영상 체감품질’은 전체 평균 4.60점(5점 만점)으로 전년과 같았다.유형별로는 IPTV 4.66점, MSO 4.61점, 중소 SO 4.58점, 위성 4.55점 순이다. 전년 대비 변화는 IPTV(0.03점), MSO(0.05점), 위성(0.01점)은 소폭 하락했고, 중소 SO만 0.04점 올랐다.이용 만족도는 IPTV 67.2점 최고…위성 61.3점가입·설치부터 이용, AS, 변경·해지까지 서비스 단계 전반을 묻는 ‘서비스 이용 만족도’는 전체 평균 64.9점이었다.IPTV가 67.2점으로 가장 높았고, 중소 SO 65.3점, MSO 63.5점, 위성 61.3점 순으로 나타났다. 세부 항목에서도 IPTV는 시청 품질·안정성(69.8점)과 이용 기능·편의성(66.9점)에서 상대적으로 앞섰다.콘텐츠 평가는 59.4점…광고시간 적정성은 54.3점올해부터 ‘콘텐츠 만족도’ 항목을 ‘콘텐츠 만족도 및 다양성’으로 개편해 실시간 채널·VOD 다양성, 광고시간 적정성, 이용 편의성까지 포함해 조사한 결과, 전체 평균은 59.4점이었다.항목별로는 이용 편의성(65.1점)이 가장 높았고, 기타 콘텐츠 유용성(62.8점), 콘텐츠 다양성(60.3점), 최신·차별성(58.3점) 순이었다.반면 VOD 비용 합리성(55.7점)과 광고시간 적정성(54.3점)은 상대적으로 낮았다. 위성(스카이라이프)은 KT의 VOD 서비스를 공유한다는 이유로 관련 평가는 제외됐다.속도 지표는 IPTV ‘독주’…위성은 채널 전환만 악화체감이 큰 속도 지표에서는 IPTV가 뚜렷하게 앞섰다. 셋톱박스 시작시간은 전체 평균 2.96초로 전년과 같았고, IPTV 2.14초, MSO 2.45초, 중소 SO 3.58초, 위성 2.46초였다.채널 전환시간은 전체 평균 1.27초로 전년(1.45초)보다 0.18초 줄었는데, IPTV는 0.50초로 가장 빨랐다. MSO 1.12초, 중소 SO 1.54초, 위성 1.80초로 뒤를 이었고, 특히 위성은 전년(1.66초)보다 0.14초 늘어 유일하게 악화됐다.유료 VOD 광고, IPTV·MSO에서 더 늘었다유료 VOD 1편당 평균 광고 횟수는 0.53회로 전년(0.37회) 대비 0.16회 증가했다. IPTV는 0.68회, MSO는 0.77회로 증가 폭이 컸고, 중소 SO는 0.35회로 상대적으로 낮았다.유료 VOD 광고시간도 평균 15.29초로 전년(9.97초)보다 5.32초 늘었다. IPTV 19.28초, MSO 17.81초, 중소 SO 12.56초로 집계됐다. 무료 VOD의 광고는 횟수와 시간 모두 유료보다 훨씬 많다는 점도 함께 제시됐다.방미통위는 이용자가 실제 체감하는 경험을 더 충실히 반영하기 위해 올해 영상 체감품질 평가단과 만족도 조사 표본을 각각 25.1%, 31.4% 확대했다고 설명했다.향후에는 평가를 지속 개선·보완해 유료방송 사업자 간 경쟁을 촉진하고 이용자 편익을 높이겠다는 방침이다."
https://n.news.naver.com/mnews/article/030/0003383620?sid=105,2025-12-23 15:06:15,IT/과학,"유료방송 품질평가...서비스 만족도 LGU+, 영상 품질 KT SKB 1위","LG유플러스방미통위, 유료방송 18개 평가LG유플러스가 IPTV 이용자의 서비스·콘텐츠 만족도 부문에서 지난해에 이어 수위를 차지했다. KT와 SK브로드밴드는 영상 체감품질 평가에서 공동 1위를 기록했다.방송미디어통신위원회는 23일 이같은 내용의 '2025 유료방송서비스 품질평가' 결과를 공개했다. 방미통위와 한국지능정보사회진흥원(NIA)은 IPTV·케이블TV·위성방송 등 18개 유료방송 사업자가 제공하는 서비스를 대상으로 정량·정성 항목을 평가했다.가입부터 해지까지 IPTV 서비스 이용자 만족도는 LG유플러스가 67.8점으로 가장 높았다. KT(67.1점), SK브로드밴드(66.7점)가 뒤를 이었다. 케이블TV는 딜라이브가 65.4점을 기록했고 이어 LG헬로비전(63.7점), CMB(63.6점), SK브로드밴드 케이블(63.2점), HCN(61.7점) 순이었다. 위성방송 KT스카이라이프는 61.3점으로 평가됐다.콘텐츠 만족도 항목에서는 IPTV 중 LG유플러스가 61.2점으로 1위를 차지했다. 2위는 SK브로드밴드로 60.0점, 3위는 KT로 59.3점이었다. 18개 사업자 전체 콘텐츠 만족도 평균은 59.4점이었다.영상 체감 품질에서는 IPTV가 4.66점으로 가장 높았다. 업체별로는 KT와 SK브로드밴드가 4.7점을 기록해 선두를 달렸다. LG유플러스는 4.6점이었다. 복수 종합유선방송사업자(MSO)와 중소 종합유선방송사업자(SO)의 평균 점수는 각각 4.61점과 4.58점이었다. 위성방송은 4.55점이었다.정보탐색 만족도는 IPTV 사업자 가운데선 LG유플러스가 66.0점으로 선두를 지켰다. 2위는 SK브로드밴드로 65.7점, 3위는 KT로 65.0점이었다. MSO는 딜라이브가 64.4점으로 1위, LG헬로비전이 63.4점으로 2위를 차지했다.셋톱박스 시작시간의 경우 전체 평균점수는 2.96초였다. IPTV 중에서는 SK브로드밴드가 1.99초로 가장 빨랐다. KT(2.05초), LG유플러스(2.39초)가 뒤를 이었다.VOD 한 편에 대한 평균 광고 횟수는 0.53회로 전년 대비 0.16회 증가했다. VOD 한 편에 대한 평균 광고 시간은 올해 15.29초로 전년 대비 5.32초 증가했다.방미통위는 “향후 유료방송 사업자 간 경쟁 촉진을 통해 이용자 편익을 증진할 수 있도록 관련 평가를 지속해 개선·보완하겠다”고 전했다."
https://n.news.naver.com/mnews/article/031/0000991710?sid=105,2025-12-23 17:52:06,IT/과학,"SKB, 유료방송 기술품질 '선두'…정부 평가서 다수 항목 1위","영상체감품질·셋톱박스 시작시간 등 핵심 지표서 KT·LGU+ 앞서SK브로드밴드가 정부 유료방송 품질평가에서 기술 관련 핵심 항목 다수에서 선두를 기록했다.모델이 AI B TV를 소개하고 있는 모습. [사진=SKB]방송미디어통신위원회는 IPTV, 케이블TV(SO), 위성방송 등 18개 유료방송사업자를 대상으로 실시한 '유료방송 서비스 품질평가' 결과를 23일 공개했다.유료방송 서비스 품질평가는 △채널 전환 시간 △주문형비디오(VOD) 광고 횟수·시간 등 정량적 지표와 △영상 체감 품질 △콘텐츠·서비스 단계별 이용자 만족도 등 정성적 지표를 종합해 평가하는 방식으로 2018년부터 매년 시행되고 있다.IPTV 분야에서는 SK브로드밴드가 '영상체감품질'에서 KT와 공동 1위를 기록했으며, '셋톱박스 시작시간', '채널별 음량수준(채널 간 음량 차이)' 등 3개 항목에서 단독 1위를 차지했다. '채널 전환시간' 항목에서는 KT가 가장 짧은 시간을 기록해 1위에 올랐다.SO 분야에서는 SK브로드밴드가 '채널 전환시간', '채널별 음량수준', '셋톱박스 시작시간' 등 3개 항목에서 1위를 기록했다. 반면 '영상체감품질'에서는 CMB가 가장 높은 평균 점수를 받아 선두를 차지했다.다만 기술 분야 외 항목에서는 LG유플러스가 높은 평가를 받았다. 콘텐츠 만족도와 다양성 부문에서는 IPTV 사업자 가운데 LG유플러스가 가장 높은 점수를 받았다. SO 중에서는 CMB가 1위를 기록했다. 서비스 이용 만족도 평가에서는 IPTV 중 LG유플러스가, SO 중에서는 LG헬로비전이 각각 가장 높은 점수를 기록했다"
https://n.news.naver.com/mnews/article/018/0006189380?sid=101,2025-12-24 13:43:09,경제,"파리바게뜨, 크리스마스 케이크 최대 30% 혜택","통신사·페이 결제 시 할인 적용[이데일리 신수정 기자] 파리바게뜨가 크리스마스를 맞아 오는 25일까지 시즌 케이크를 최대 30% 할인가에 판매하는 프로모션을 진행한다고 24일 밝혔다.파리바게뜨가 크리스마스를 맞아 오는 25일까지 시즌 케이크를 최대 30% 할인가에 판매한다. (사진=파리바게뜨)행사 기간 해피포인트 앱이나 파바앱 이용 시 최대 8% 혜택을 제공한다. SKT·KT·LG U+ 등 통신사 제휴 할인으로 최대 10%를 추가로 받을 수 있다. 카카오페이, 네이버페이, 토스페이 등으로 2만원 이상 결제하면 최대 15% 혜택이 적용된다. 이를 모두 활용하면 최대 30% 혜택을 받을 수 있다.이번 시즌 대표 제품은 베리밤이다. 딸기 폭탄을 콘셉트로 케이크 겉면을 생딸기로 장식했다. 화이트 시트 사이에 바닐라빈 커스터드 생크림을 넣었다. 베리밤 초코 타르트, 베리밤 레드 케이크 등 3종으로 구성됐다.연말 분위기를 낼 수 있는 케이크 9종도 선보인다. 생크림 트리 모양의 위싱트리와 파베 생초콜릿 케이크, 2단 버터 케이크인 윈터팝 듀오 등이다.캐릭터를 활용한 제품도 있다. 진저맨 디자인의 윈터팝 초코베리와 눈사람 모양의 안녕! 스노우맨, 루돌프 모양의 안녕! 루돌프 등이다. 부담 없이 즐길 수 있는 미니 사이즈 제품도 함께 출시했다.파리바게뜨 관계자는 “크리스마스를 맞아 홀리데이 시즌 케이크를 풍성한 혜택으로 준비했다”며 “가족, 연인과 함께 행복한 연말을 보내시길 바란다”고 말했다."
https://n.news.naver.com/mnews/article/648/0000042954?sid=101,2025-12-24 14:49:09,경제,'불 붙은' 유통가 성탄절·연말 마케팅,"[포토]대규모 할인행사 및 크리스마스 케이크 예약 선점 전쟁성탄절을 하루 앞둔 24일 서울 도심 유통가가 성탄 분위기를 내고 있다./사진=이명근 기자 qwe123@성탄절과 연말이 다가오면서 '크리스마스 케이크'에 대한 관심이 높아지고 있다.크리스마스 케이크는 가족, 친구, 연인과 함께하는 필수 홈파티 아이템으로 자리 잡았다. 주요 베이커리 프랜차이즈들은 각자의 개성을 담은 2025년 신제품을 선보이며 케이크 예약 선점 사냥에 나서고 있다.파리바게뜨는 오는 25일까지 시즌 케이크를 최대 30% 할인가에 판매하는 프로모션을 진행한다고 24일 밝혔다.행사 기간 해피포인트 앱이나 파바앱 이용 시 최대 8% 혜택을 제공한다. SKT·KT·LG U+ 등 통신사 제휴 할인으로 최대 10%를 추가로 받을 수 있다. 카카오페이, 네이버페이, 토스페이 등으로 2만원 이상 결제하면 최대 15% 혜택이 적용된다. 이를 모두 활용하면 최대 30% 혜택을 받을 수 있다.성탄절을 하루 앞둔 24일 경기도의 한 제과점이 성탄 기념 케이크 판매로 분주한 모습을 보이고 있다./사진=이명근 기자 qwe123@뚜레쥬르는 윈터 홀리데이 시즌을 맞아 ‘Holiday Dream’을 콘셉트로 한 신제품을 선보이고, 산리오 캐릭터(Sanrio Characters)와의 협업 케이크를 선보였다. 헬로키티, 마이멜로디, 쿠로미, 시나모롤 등 국내외에서 높은 인기를 얻고 있는 캐릭터들을 케이크 디자인에 그대로 담아내며 홀리데이 무드를 한층 강화했다.주요 백화점인 롯데·신세계·더현대는 크리스마스·연말 홈파티족을 겨냥한 각종 행사와 프로모션을 개최하며 연말 매출을 극대화 하기 위해 나서고 있다.신세계백화점은 오는 31일까지 인기 상품을 다양하게 만나볼 수 있는 F&B 특집 행사를 전개한다. 이 행사에서는 연말 홈파티와 크리스마스 모임 수요를 겨냥해 농·축·수산 신선 식품부터 글로벌 프리미엄 그로서리까지 폭넓은 상품을 할인가에 판매한다.성탄절을 하루 앞둔 24일 서울 도심 유통가가 성탄 분위기를 내고 있다./사진=이명근 기자 qwe123@롯데백화점은 잠실점에서 내년 1월 5일까지 역대 최대 규모의 '크리스마스 마켓'을 선보인다.구체적으로 잠실 월드몰 잔디 광장은 매일 아침 10시 30분부터 밤 10시까지 '유럽의 겨울 왕국'으로 탈바꿈한다. 올해 크리스마스 마켓은 쇼핑, 볼거리, 즐길 거리 등을 확대하는 것은 물론 샤넬 아이스링크 등 단지와의 연계도 강화했다.더현대 서울은 31일까지 5층 사운즈 포레스트 H빌리지에서 크리스마스 연출을 선보인다. 이번 크리스마스 연출은 감기에 걸린 산타와 엘프, 루돌프를 대신해 현대백화점의 크리스마스 시그니처 캐릭터 ‘아기 곰 해리’가 크리스마스를 지켜내기 위해 선물을 준비하는 이야기를 담아냈다.고객들은 H빌리지에 들어선 산타의 집, 편지 공방, 선물 공방, 포장 공방, 루돌프의 집 등 5개의 코티지(Cottage·전통적인 시골집)를 차례로 관람할 수 있다.성탄절을 하루 앞둔 24일 경기도의 한 제과점이 성탄 기념 케이크 판매로 분주한 모습을 보이고 있다./사진=이명근 기자 qwe123@성탄절을 하루 앞둔 24일 서울 도심 유통가가 성탄 분위기를 내고 있다./사진=이명근 기자 qwe123@성탄절을 하루 앞둔 24일 서울 도심 유통가가 성탄 분위기를 내고 있다./사진=이명근 기자 qwe123@"
https://n.news.naver.com/mnews/article/468/0001204735?sid=101,2025-12-24 17:29:15,경제,"“크리스마스 케이크, 아직이라면?” 파리바게뜨, D-1 ‘30% 할인’ 승부수","파리바게뜨 크리스마스 케이크 최대 30% 혜택 매장 프로모션. 사진 | 파리바게뜨[스포츠서울 | 원성윤 기자] 파리바게뜨가 크리스마스 당일인 25일까지 홀리데이 시즌 케이크를 실속 있게 구매할 수 있는 대규모 프로모션을 전개한다. 고물가 속 합리적인 소비를 원하는 ‘체리피커’들을 위해 최대 30%에 달하는 풍성한 혜택을 마련했다.이번 프로모션의 핵심은 ‘중복 혜택’이다. 해피포인트 앱이나 파바 앱 이용 시 기본적으로 최대 8% 혜택을 받을 수 있으며, 여기에 SKT·KT·LG U+ 등 이동통신 3사 제휴 혜택을 더하면 최대 10% 추가 할인이 가능하다.결제 수단에 따른 혜택도 쏠쏠하다. 카카오페이, 네이버페이, 토스페이 등 주요 페이 앱으로 2만 원 이상 결제 시 최대 15% 혜택이 적용된다. 이 모든 혜택을 꼼꼼히 챙기면 소비자는 정가 대비 최대 30% 가벼운 가격으로 크리스마스 케이크를 준비할 수 있다.파리바게뜨 크리스마스 케이크 최대 30% 혜택 매장 프로모션. 사진 | 파리바게뜨올해 파리바게뜨의 야심작은 단연 ‘베리밤(BERRY BOMB)’ 시리즈다. 이름 그대로 ‘딸기 폭탄’을 연상케 하는 압도적인 비주얼이 특징이다. 겉면을 신선한 생딸기로 빈틈없이 채우고, 속은 촉촉한 화이트 시트와 바닐라빈 커스터드 생크림으로 채워 맛의 밸런스를 맞췄다. SNS상에서는 이미 ‘겉딸속케(겉은 딸기 속은 케이크)’라는 별칭으로 화제를 모으고 있다.이 외에도 바삭한 타르트와 초콜릿 가나슈가 어우러진 ‘베리밤 초코 타르트’, 강렬한 레드 컬러가 돋보이는 ‘베리밤 레드 케이크’ 등 총 3종의 라인업이 소비자들의 선택을 기다린다.(왼쪽부터) 파리바게뜨 ‘위싱트리’, ‘파베 생초콜릿 케이크’, ‘윈터팝 듀오’. 사진 | 파리바게뜨연말 분위기를 고조시킬 시즌 한정 케이크 9종도 눈길을 끈다. 화려한 골드 장식으로 트리를 형상화한 ‘위싱트리’, 진한 생초콜릿의 풍미를 담은 ‘파베 생초콜릿 케이크’, 두 가지 맛을 한 번에 즐길 수 있는 ‘윈터팝 듀오’ 등 다양한 디자인과 맛으로 구성됐다.부담 없이 즐길 수 있는 ‘가성비’ 라인업도 갖췄다. 1~2인 가구를 겨냥한 미니 사이즈 제품인 ‘위싱트리 타르트’, ‘안녕! 루돌프 미니’ 등은 작지만 알찬 구성으로 실속파 소비자들을 공략한다.파리바게뜨 관계자는 “가족, 연인, 친구와 함께하는 특별한 날을 위해 풍성한 혜택과 화려한 비주얼의 제품을 준비했다”며 “남은 프로모션 기간을 활용해 행복한 홀리데이를 준비하시길 바란다”고 전했다. socool@sportsseoul.com"
https://n.news.naver.com/mnews/article/020/0003684530?sid=101,2025-12-24 18:34:12,경제,"“추가 중복할인 받으세요”… 파리바게뜨, 크리스마스 케이크 행사","25일까지 전국 매장서 시즌 케이크 할인해피포인트·통신사·페이앱 제휴로 중복 혜택‘베리밤’, ‘위싱트리’ 등 시즌 한정 제품도 할인파리바게뜨는 크리스마스를 맞아 오는 25일까지 전국 매장에서 홀리데이 시즌 케이크 행사를 진행한다고 24일 밝혔다. 해피포인트, 통신사, 간편결제 앱을 이용해 최대 30%까지 혜택을 받을 수 있다고 한다.행사 기간 해피포인트(해피포인트 앱 및 파바 앱) 이용 시 최대 8%, SKT·KT·LGU+ 제휴를 통해 최대 10%, 카카오페이·네이버페이·토스페이 등으로 2만 원 이상 결제 시 최대 15% 추가 할인이 적용된다.올해 대표 케이크는 ‘베리밤(BERRY BOMB)’ 시리즈다. 겉면을 신선한 딸기로 채운 ‘베리밤 케이크’는 인기리에 판매 중이다. 이 외에도 초콜릿 위에 딸기를 올린 ‘베리밤 초코 타르트’, 붉은 딸기 시트와 생크림을 조합한 ‘베리밤 레드 케이크’ 등 3종이 함께 판매된다. 이밖에도 함께 출시된 홀리데이 케이크 9종도 인기리에 판매 중이라고 한다.파리바게뜨 관계자는 “크리스마스 시즌을 맞아 다양한 혜택과 제품을 준비했다. 가족과 함께 따뜻한 연말을 보내길 바란다”라고 말했다."
https://n.news.naver.com/mnews/article/417/0001121292?sid=105,2025-12-25 06:30:00,IT/과학,[아듀! 2025]SKT·KT·LGU+ 전부 뚫렸다... 떨어진 보안 신뢰,"[IT 10대 뉴스] ⑤늦장 대응·사건 축소로 '보안리스크' 직격탄2025년 SK텔레콤, KT, LG유플러스 등 통신 3사에서 개인정보 유출 사고가 발생했다. /사진=챗GPTSK텔레콤을 시작으로 KT·LG유플러스까지 잇따라 개인정보 유출 사고가 발생하며 전 국민이 사실상 피해자가 된 초유의 사태가 벌어졌다. 민감한 가입자 정보가 대규모로 유출되면서 국내 통신 인프라 전반에 대한 신뢰가 무너졌다는 평가가 나온다.올해 4월 SK텔레콤은 네트워크 인프라센터에서 비정상 트래픽이 감지되면서 해킹 사실이 드러났다. 총 28대의 서버가 악성코드에 감염돼 전체 고객의 가입자식별번호(IMSI)를 비롯한 유심 관련 정보 25종이 유출됐으며 피해 규모는 2500만 명으로 추산된다.약 두 달 뒤인 7월 발표된 조사 결과에서는 2022년 자체 점검 과정에서 이상 징후를 포착하고도 적절한 조치가 이뤄지지 않은 사실이 드러났다. 내부망 접근 통제가 제대로 이뤄지지 않았으며 해커가 이용한 운영체제 취약점은 이미 2016년 보안 패치가 배포된 항목으로 기본적인 보안 의무조차 미비했던 상황이었다.SK텔레콤은 사건 직후 비상대책반과 민관합동조사단을 구성하고 유심보호서비스를 무료로 제공했다. 8월에는 통신 요금 50% 자동 할인과 위약금 전면 면제를 시행하며 보상에 나섰지만 개인정보보호위원회는 역대 최고 규모인 1347억9100만원과 과태료 960만원을 부과했다.한국소비자원 소비자분쟁조정위원회도 유출 피해 보상 신청자에 대해 1인당 10만원을 배상하라는 결정을 내렸다고 21일 밝혔다. 모든 피해자에게 적용될 경우 보상 규모는 최대 2조3000억원에 이를 전망이다. SK텔레콤은 ""결정 내용을 면밀히 검토 중이며 신중히 수용 여부를 판단하겠다""고 전했다.KT에서도 9월 경기 광명시와 서울 금천구 등에서 소액결제 피해가 연이어 발생했다. 새벽 시간대 모바일 상품권과 교통카드 결제가 무단으로 이뤄졌으며 해커들이 불법 초소형 기지국(펨토셀)을 설치해 KT 내부망에 접속하고 인증 과정에서 이용자 정보를 가로챈 것으로 드러났다. 368명이 2억4000만원 상당의 무단 결제 피해를 입었으며 개인정보가 유출된 가입자는 2만2000명에 달한다.경찰은 사건 초기 KT에 피해 사실을 통보하고 소액결제 분석을 요청했으나 즉각적인 대응이 이뤄지지 않아 피해가 확산됐다고 보고 있다. KT는 지난해 악성코드에 감염된 서버 43대를 발견하고도 정부에 신고하지 않은 사실이 뒤늦게 확인돼 은폐 의혹도 제기됐다. 정부는 연내 조사 내용을 발표할 예정이며 KT는 조사 결과가 확정되는 대로 고객 보상안과 위약금 면제 여부를 결정하겠다는 입장이다.LG유플러스의 해킹 정황은 7월 과학기술정보통신부의 제보로 알려졌다. 이후 8월 미국 보안 전문지 '프랙(The Phrax)'에서 해커가 LG유플러스 내부망에 침투해 8938대의 서버 정보와 4만2256개 계정 데이터를 탈취했다고 밝혔다. 회사 측은 ""유출은 확인됐지만 침해 정황은 없다""며 신고를 미루다 10월에서야 한국인터넷진흥원(KISA)에 뒤늦게 보고했다.민관합동조사단이 진행한 조사에서 LG유플러스가 7월 31일 계정 관리 서버 1대를 물리적으로 폐기한 사실이 확인됐다. 과기정통부 해킹 의혹을 전달받은 지 열흘가량 지난 시점이었다. 또한 8월 12일에는 침해 의혹이 제기된 계정권한관리시스템(APPM) 서버의 운영체제(OS)를 재설치한 것으로 드러났다. 정부는 이 같은 행위가 증거 훼손에 해당할 가능성이 있다고 보고 법 위반 여부를 검토 중이다.기업의 부실 보안과 정부의 미흡한 관리 시스템이 맞물리며 국가 기간망 수준의 통신3사가 위기에 직면했다. SK텔레콤은 대규모 피해 보상으로 영업적자를 감수하면서도 신속히 수습에 나섰으며 KT·LG유플러스는 정부 조사 결과를 지켜보고 있다. 해킹 피해 축소와 은폐 의혹까지 제기되며 통신업계의 신뢰가 흔들리는 가운데 이번 대처가 기업 쇄신을 가를 분기점이 될 전망이다."
https://n.news.naver.com/mnews/article/003/0013676743?sid=101,2025-12-25 08:00:00,경제,"파리바게뜨 ""크리스마스 케이크 최대 30% 저렴하게 구매하세요""","해피포인트·통신사·PAY 결제 시 할인 혜택[서울=뉴시스] 파리바게뜨가 크리스마스를 맞아 전국 매장에서 홀리데이 시즌 케이크를 최대 30% 혜택으로 즐길 수 있는 프로모션을 진행한다고 25일 밝혔다. (사진=파리바게뜨 제공) 2025.12.24. photo@newsis.com *재판매 및 DB 금지[서울=뉴시스]한이재 기자 = 파리바게뜨가 크리스마스를 맞아 전국 매장에서 홀리데이 시즌 케이크를 최대 30% 혜택으로 즐길 수 있는 프로모션을 진행한다고 25일 밝혔다.이날 해피포인트 이용 시 최대 8% 혜택을 제공하며, SKT·KT·LG U+ 통신사 제휴 혜택을 통해 최대 10% 추가로 할인받을 수 있다.또한 카카오페이, 토스페이 등 2만원 이상 페이(PAY) 결제 시 최대 15%의 혜택이 적용돼, 시즌 케이크 구매 시 최대 30%의 혜택을 받을 수 있다.이번 홀리데이 시즌의 대표 케이크 '베리밤(BERRY BOMB)'은 '딸기 폭탄' 콘셉트로 기획됐다.바닐라빈 커스터드 생크림을 화이트 시트 사이에 넣고, 케이크의 겉면을 생딸기로 장식했다.베리밤을 포함해 시즌 케이크는 초코 타르트 위에 초콜릿 가나슈와 딸기가 사용된 '베리밤 초코 타르트', 딸기 시트에 딸기 콤포트와 생크림을 샌드하고 생딸기를 올린 '베리밤 레드 케이크'까지 총 3종이다.홀리데이 시즌 케이크 9종으로 '위싱트리', '파베 생초콜릿 케이크', '윈터팝 듀오(루돌프와 눈사람)' 등도 있다.이 외에도 진저맨 디자인의 버터 케이크 '윈터팝 초코베리', 눈사람 모양의 '안녕! 스노우맨', 루돌프 디자인의 초코 생크림 케이크 '안녕! 루돌프' 3종도 판매한다.작은 크기 제품으로 '위싱트리 타르트', '안녕! 루돌프 미니', '안녕! 스노우맨 미니'도 선보인다．"
https://n.news.naver.com/mnews/article/008/0005296641?sid=105,2025-12-25 09:00:00,IT/과학,"LGU+ '분산형 RIS' 실증 성공…""6G 통신 품질 제고""","/사진=LG유플러스LG유플러스는 홍원빈 포항공대(POSTECH) 교수 연구팀과 무전력 분산형 지능형 표면(RIS)과 인공지능(AI)을 활용한 차세대 실내 커버리지 확장 기술을 실증했다고 25일 밝혔다.RIS는 별도 전원이 없어도 전파를 정교하게 반사·투과하며 제어해 도심 빌딩이나 지하 공간 등 음영지역에서도 원활한 신호 전달을 가능하게 하는 솔루션이다. 6G 후보 주파수 대역의 전송 효율을 획기적으로 높일 수 있는 기술로 평가받는다.분산형 RIS를 활용하면 6G 후보 주파수대역인 어퍼 미드밴드 환경의 품질을 고도화할 수 있다. 어퍼 미드밴드 대역은 셀 내부의 미세 음영 지역이 발생하는데, 액자·간판 등 실내 소품 형태의 분산형 RIS를 보급하면 실내 커버리지를 향상할 수 있다는 설명이다. 또 분산형 RIS는 설치 장소 제약 및 설치 기간이 긴 기존 RIS 문제점을 개선할 수 있다.분산형 RIS는 6G 후보 주파수 대역에서 전파 손실 문제를 해결하는 만큼 무선 통신 인프라 구축 비용을 절감할 수 있다. 상용화시 실내 환경뿐 아니라 공장·물류센터와 같은 산업 현장(생산라인·물류로봇), 터널·지하철 역사 등 공공 인프라, 대형 엔터테인먼트 시설 등 다양한 공간에서 저지연·균일 커버리지를 형성해 통신품질을 개선할 수 있다.이상헌 LG유플러스 네트워크선행개발담당은 ""분산형 RIS의 기술 검증으로 기존 RIS의 기술적 한계를 넘어 보다 넓은 커버리지 제공이 가능함을 확인했다""며 ""차세대 통신 기술을 선도하며, 6G 시대를 대비해 최적화된 통신 환경을 제공할 수 있도록 노력하겠다""고 말했다."
https://n.news.naver.com/mnews/article/421/0008679549?sid=105,2025-12-25 09:00:00,IT/과학,"LGU+, 6G 대비 '분산형 RIS' 기술 실내 검증 성공","연구원들이 액자 형태의 분산형 RIS에 전파를 발사하고 통신품질을 측정하는 모습. (LG유플러스 제공)(서울=뉴스1) 나연준 기자 = LG유플러스(032640)는 홍원빈 포항공과대학교 교수 연구팀과 함께 무전력 분산형 지능형 표면(RIS)과 인공지능(AI)을 활용한 차세대 실내 커버리지 확장 기술을 실증했다고 25일 밝혔다.RIS는 별도의 전원이 없어도 전파를 정교하게 반사 또는 투과하며 제어해 도심 빌딩이나 지하 공간 등 음영지역에서도 원활한 신호 전달을 가능하게 하는 설루션으로, 6G 후보 주파수 대역의 전송 효율을 획기적으로 높일 수 있는 핵심 기술로 평가받고 있다.분산형 RIS를 활용하면 6G 후보 주파수대역인 어퍼 미드밴드 환경에서 품질을 고도화할 수 있다. 어퍼 미드밴드 대역은 넓은 대역폭과 커버리지를 동시에 확보할 수 있지만, 건물 벽·유리·도심 구조물로 인한 침투 손실과 셀 내부의 미세 음영 지역 발생이 여전히 문제로 지적돼 왔다.LG유플러스와 홍원빈 교수 연구팀은 분산형 RIS를 활용하면 전파 도달 과정에 장애물이 있는 실내 환경에서 전파 손실을 줄이고 커버리지를 확장할 수 있음을 확인했다. 이 기술은 6G뿐 아니라 현재 5G·와이파이 환경에도 적용 가능해 전반적인 통신서비스 품질 향상에 기여할 수 있을 것으로 전망된다.향후 분산형 RIS가 상용화되면 실내 환경뿐 아니라 △공장·물류센터와 같은 산업 현장(생산라인·물류로봇) △터널·지하철 역사 등 공공 인프라 △대형 엔터테인먼트 시설 등 다양한 공간에서 품질 개선에 기여할 것으로 기대된다.이상헌 LG유플러스 네트워크선행개발담당은 ""이번 분산형 RIS의 기술 검증으로 기존 RIS의 기술적 한계를 넘어 보다 넓은 커버리지 제공이 가능함을 확인할 수 있었다""며 ""앞으로도 LG유플러스는 차세대 통신 기술을 선도하며, 6G 시대를 대비해 최적화된 통신 환경을 제공할 수 있도록 노력하겠다""고 말했다."
https://n.news.naver.com/mnews/article/001/0015813963?sid=105,2025-12-25 09:00:01,IT/과학,"LGU+, 6G 대비 '분산형 RIS' 기술 실내 검증 성공","포항공대 연구팀 공동 연구…어퍼 미드밴드 대역에서 커버리지 향상(서울=연합뉴스) 박형빈 기자 = LG유플러스는 포항공대(POSTECH) 홍원빈 교수 연구팀과 함께 무전력 분산형 지능형 표면(RIS)과 인공지능(AI)을 활용한 차세대 실내 커버리지 확장 기술을 실증했다고 25일 밝혔다.RIS는 별도의 전원을 사용하지 않고도 전파를 정교하게 반사하거나 투과시켜 제어함으로써 도심 빌딩이나 지하 공간 등 음영지역에서도 원활한 신호 전달을 가능하게 하는 솔루션이다.특히 분산형 RIS를 적용하면 6G 후보 주파수 대역인 '어퍼 미드밴드' 환경에서 품질을 고도화할 수 있다.이 대역은 넓은 대역폭과 커버리지를 동시에 확보할 수 있는 장점이 있지만, 건물 벽·유리·도심 구조물로 인한 침투 손실과 셀 내부의 미세 음영지역 발생이 여전히 문제로 지적돼 왔다.연구팀은 액자, 벽지, 간판 등 일상 소품 형태로 분산형 RIS를 확산할 경우 실내 커버리지를 크게 향상할 수 있는 것으로 분석했다.또한 기존 RIS이 정교한 정렬이 필요해 설치 장소의 제약이 크고 설치 기간이 오래 걸리는 한계를 분산형 RIS 적용으로 완화할 수 있음을 확인했다.LG유플러스와 연구팀은 강화학습 기반 AI 알고리즘을 적용해 기지국 위치, 실내외 구조, 주파수 대역 등을 종합적으로 고려한 최적의 RIS 배치 계획을 도출하고 이를 통해 '지능형 전파 제어 인프라'로 기능하도록 했다.LG유플러스는 이번 기술이 6G 후보 주파수 대역에서의 전파 손실 문제를 해소해 무선 통신 인프라 구축 비용 절감에 도움을 줄 뿐만 아니라 현행 상용 주파수 대역에도 적용해 서비스 품질을 개선할 수 있을 것으로 기대했다.binzz@yna.co.kr"
https://n.news.naver.com/mnews/article/092/0002403777?sid=105,2025-12-25 09:01:15,IT/과학,실내 액자도 6G 안테나로 쓴다...AI로 기지국 공간 배치,"LGU+, 포스텍 연구팀과 AI 활용 분산형 RIS 실내 커버리지 확장 기술 실증LG유플러스가 포항공과대학교 홍원빈 교수 연구팀과 무전력 분산형 지능형 표면(RIS)과 AI를 활용한 차세대 실내 커버리지 확장 기술을 실증했다고 25일 밝혔다.RIS는 별도의 전원이 없어도 전파를 정교하게 반사 또는 투과하며 제어해 도심 빌딩이나 지하 공간 등 음영지역에서도 원활한 신호 전달을 가능하게 하는 솔루션으로, 6G 후보 주파수 대역의 전송 효율을 획기적으로 높일 수 있는 핵심기술로 평가받고 있다.분산형 RIS를 활용하면 6G 후보 주파수대역인 어퍼 미드밴드 환경에서 품질을 고도화할 수 있다. 어퍼 미드밴드 대역은 넓은 대역폭과 커버리지를 동시에 확보할 수 있지만 건물 벽과 유리, 도심 구조물로 인한 침투 손실과 셀 내부의 미세 음영 지역 발생이 여전히 문제로 지적돼 왔다. 특히 액자, 벽지, 간판 등 생활 속의 실내 소품 형태의 분산형 RIS를 보급하면 실내 커버리지를 크게 향상시킬 수 있다.LG유플러스와 홍원빈 교수 연구팀은 현재 RIS는 정교한 정렬이 필요해 설치 장소의 제약과 설치 소요 기간이 오래 걸리는 문제점을 분산형 RIS를 통해 개선되는 것을 확인했다. 이어 강화학습 기반 AI 알고리즘으로 기지국 위치, 실내외 구조, 주파수 대역을 고려해 RIS 배치를 최적화한 ‘지능형 전파 제어 인프라’로 작동하게 했다.또한 연구팀은 분산형 RIS를 활용하면 전파 도달 과정에 장애물이 있는 실내 환경(NLoS)애서 전파 손실을 획기적으로 줄이고 커버리지를 확장할 수 있음을 확인했다. 이 기술은 6G뿐 아니라 현재 5G와 와이파이 환경에도 적용 가능해 전반적인 통신서비스 품질 향상에 기여할 수 있을 것으로 전망된다.향후 분산형 RIS가 상용화되면 실내 환경뿐 아니라 ▲공장, 물류센터와 같은 산업 현장 ▲터널과 지하철 역사 등 공공 인프라 ▲대형 엔터테인먼트 시설 등 다양한 공간에서 저지연 균일 커버리지를 형성하며 품질 개선에 기여할 수 있을 것으로 전망된다.이상헌 LG유플러스 네트워크선행개발담당은 “이번 분산형 RIS의 기술 검증으로 기존 RIS의 기술적 한계를 넘어 보다 넓은 커버리지 제공이 가능함을 확인할 수 있었다”며 “앞으로도 LG유플러스는 차세대 통신 기술을 선도하며, 6G 시대를 대비해 최적화된 통신 환경을 제공할 수 있도록 노력하겠다”고 말했다.홍원빈 POSTECH 교수는 “분산형 RIS 기술은 세계 최초로 무전력 전파 스킨을 지능적으로 배치·활용함을 통해 무선 통신 전파 환경을 제어해 효율적인 통신 시스템 구성을 가능케 한다는 점에서 의미가 크다”며, “특히 기존 RIS가 반드시 정렬된 설치를 요구했던 한계를 극복해, 건물 내외 어디서든 자유롭게 설치할 수 있다는 점에서 큰 혁신을 이뤘으며, 앞으로도 다양한 연구 개발을 통해 글로벌 기술 경쟁력을 확보해 나가겠다”고 말했다."
https://n.news.naver.com/mnews/article/003/0013676781?sid=105,2025-12-25 09:17:38,IT/과학,"LGU+, 분산형 RIS로 지하·실내 '안 터지는 구역' 줄인다","포항공대 연구팀 공동 연구…AI 활용 차세대 실내 커버리지 확장 기술 실증[서울=뉴시스] LG유플러스가 포항공과대학교(POSTECH) 홍원빈 교수 연구팀과 함께 무전력 분산형 지능형 표면(RIS)과 AI를 활용한 차세대 실내 커버리지 확장 기술을 실증했다. 사진은 연구원들이 액자 형태의 분산형 RIS에 전파를 발사하고 통신품질을 측정하는 모습. (사진=LG유플러스 제공) *재판매 및 DB 금지[서울=뉴시스] 심지혜 기자 = LG유플러스는 포항공과대학교(POSTECH) 홍원빈 교수 연구팀과 무전력 분산형 지능형 표면(RIS)과 인공지능(AI)을 활용한 차세대 실내 커버리지 확장 기술을 실증했다고 25일 밝혔다.RIS는 별도의 전원이 없어도 전파를 반사하거나 투과하며 제어해 도심 빌딩이나 지하 공간 등 음영지역에서도 원활한 신호 전달을 가능하게 하는 솔루션이다. 6G 후보 주파수 대역의 전송 효율을 획기적으로 높일 수 있는 핵심 기술로 평가받고 있다.분산형 RIS를 활용하면 6G 후보 주파수대역인 어퍼 미드밴드(Upper Mid-band) 환경에서 품질을 고도화할 수 있다. 어퍼 미드밴드 대역은 넓은 대역폭과 커버리지를 동시에 확보할 수 있지만, 건물 벽·유리·도심 구조물로 인한 침투 손실과 셀 내부의 미세 음영 지역 발생이 여전히 문제로 지적돼 왔다. 특히 액자, 벽지, 간판 등 생활 속의 실내 소품 형태의 분산형 RIS를 보급하면 실내 커버리지를 향상시킬 수 있다.LG유플러스와 홍원빈 교수 연구팀은 현재 RIS는 정교한 정렬이 필요해 설치 장소의 제약과 설치 소요기간이 오래 걸리는 문제점을 분산형 RIS를 통해 개선되는 것을 확인했다. 이어 강화학습 기반 AI 알고리즘으로 기지국 위치, 실내외 구조, 주파수 대역을 고려해 RIS 배치를 최적화한 ‘지능형 전파 제어 인프라’로 작동하게 했다.또한 연구팀은 분산형 RIS를 활용하면 전파 도달 과정에 장애물이 있는 실내 환경(NLoS)애서 전파 손실을 획기적으로 줄이고 커버리지를 확장할 수 있음을 확인했다. 이 기술은 6G뿐 아니라 현재 5G·와이파이(Wi-Fi) 환경에도 적용 가능해 전반적인 통신서비스 품질 향상에 기여할 수 있을 것으로 전망된다.이번 기술은 6G 후보 주파수 대역에서 전파 손실 문제를 해결해 무선 통신 인프라 구축 비용 절감에 기여할 뿐만 아니라, 현재 상용 대역에도 적용해 서비스 품질을 향상시킬 수 있다. 특히 전파 감쇠가 큰 고주파수 대역일수록, 저비용·무전력 RIS 패널을 여러 곳에 설치하면 통신 인프라 운영 비용 절감 효과가 가능할 것으로 기대된다.향후 분산형 RIS가 상용화되면 실내 환경뿐 아니라 ▲공장·물류센터와 같은 산업 현장(생산라인·물류로봇) ▲터널·지하철 역사 등 공공 인프라 ▲대형 엔터테인먼트 시설 등 다양한 공간에서 저지연·균일 커버리지를 형성하며 품질 개선에 기여할 수 있을 것으로 전망된다.이상헌 LG유플러스 네트워크선행개발담당은 ""이번 분산형 RIS의 기술 검증으로 기존 RIS의 기술적 한계를 넘어 보다 넓은 커버리지 제공이 가능함을 확인할 수 있었다”며 ""앞으로도 LG유플러스는 차세대 통신 기술을 선도하며, 6G 시대를 대비해 최적화된 통신 환경을 제공할 수 있도록 노력하겠다”고 말했다.홍원빈 포항공대 교수는 ""분산형 RIS 기술은 세계 최초로 무전력 전파 스킨을 지능적으로 배치·활용함을 통해 무선 통신 전파 환경을 제어해 효율적인 통신 시스템 구성을 가능케 한다는 점에서 의미가 크다”며 ""특히 기존 RIS가 반드시 정렬된 설치를 요구했던 한계를 극복해, 건물 내외 어디서든 자유롭게 설치할 수 있다는 점에서 혁신을 이뤘다”고 말했다．"
https://n.news.naver.com/mnews/article/144/0001088085?sid=105,2025-12-25 09:30:18,IT/과학,"LGU+, 6G 대비 ‘분산형 RIS’ 기술 실내 검증 성공","LG유플러스는 포항공대(POSTECH) 홍원빈 교수 연구팀과 함께 무전력 분산형 지능형 표면(RIS)과 인공지능(AI)을 활용한 차세대 실내 커버리지 확장 기술을 실증했다고 25일 밝혔다.RIS는 별도의 전원을 사용하지 않고도 전파를 정교하게 반사하거나 투과시켜 제어함으로써 도심 빌딩이나 지하 공간 등 음영지역에서도 원활한 신호 전달을 가능하게 하는 솔루션이다.특히 분산형 RIS를 적용하면 6G 후보 주파수 대역인 ‘어퍼 미드밴드’ 환경에서 품질을 고도화할 수 있다.이 대역은 넓은 대역폭과 커버리지를 동시에 확보할 수 있는 장점이 있지만, 건물 벽·유리·도심 구조물로 인한 침투 손실과 셀 내부의 미세 음영지역 발생이 여전히 문제로 지적돼 왔다.연구팀은 액자, 벽지, 간판 등 일상 소품 형태로 분산형 RIS를 확산할 경우 실내 커버리지를 크게 향상할 수 있는 것으로 분석했다.또한 기존 RIS이 정교한 정렬이 필요해 설치 장소의 제약이 크고 설치 기간이 오래 걸리는 한계를 분산형 RIS 적용으로 완화할 수 있음을 확인했다.LG유플러스와 연구팀은 강화학습 기반 AI 알고리즘을 적용해 기지국 위치, 실내외 구조, 주파수 대역 등을 종합적으로 고려한 최적의 RIS 배치 계획을 도출하고 이를 통해 ‘지능형 전파 제어 인프라’로 기능하도록 했다.LG유플러스는 이번 기술이 6G 후보 주파수 대역에서의 전파 손실 문제를 해소해 무선 통신 인프라 구축 비용 절감에 도움을 줄 뿐만 아니라 현행 상용 주파수 대역에도 적용해 서비스 품질을 개선할 수 있을 것으로 기대했다.<생활경제부>"
https://n.news.naver.com/mnews/article/014/0005454047?sid=105,2025-12-25 13:03:09,IT/과학,"LG U+, 6G 대비 차세대 커버리지 확장 기술 검증 성공","연구원들이 액자 형태의 분산형 RIS에 전파를 발사하고 통신품질을 측정하고 있다. LG유플러스 제공[파이낸셜뉴스] LG유플러스는 포항공과대 홍원빈 교수 연구팀과 함께 무전력 분산형 지능형 표면(RIS)과 인공지능(AI)을 활용한 차세대 실내 커버리지 확장 기술을 실증했다고 25일 밝혔다.RIS는 별도의 전원이 없어도 전파를 정교하게 반사 또는 투과하며 제어해 도심 빌딩이나 지하 공간 등 음영지역에서도 원활한 신호 전달을 가능하게 하는 솔루션이다. 6세대(G) 후보 주파수 대역의 전송 효율을 획기적으로 높일 수 있는 핵심 기술로 평가받고 있다.분산형 RIS를 활용하면 6G 후보 주파수대역인 어퍼 미드밴드 환경에서 품질을 고도화할 수 있다. 어퍼 미드밴드 대역은 넓은 대역폭과 커버리지를 동시에 확보할 수 있지만, 건물 벽·유리·도심 구조물로 인한 침투 손실과 셀 내부의 미세 음영 지역 발생이 여전히 문제로 지적돼 왔다. 특히 액자, 벽지, 간판 등 생활 속의 실내 소품 형태의 분산형 RIS를 보급하면 실내 커버리지를 크게 향상시킬 수 있다.LG유플러스와 홍원빈 교수 연구팀은 현재 RIS는 정교한 정렬이 필요해 설치 장소의 제약과 설치 소요기간이 오래 걸리는 문제점을 분산형 RIS를 통해 개선되는 것을 확인했다. 이어 강화학습 기반 AI 알고리즘으로 기지국 위치, 실내외 구조, 주파수 대역을 고려해 RIS 배치를 최적화한 ‘지능형 전파 제어 인프라’로 작동하게 했다.연구팀은 분산형 RIS를 활용하면 전파 도달 과정에 장애물이 있는 실내 환경(NLoS)애서 전파 손실을 획기적으로 줄이고 커버리지를 확장할 수 있음을 확인했다. 이 기술은 6G 뿐 아니라 현재 5G·와이파이 환경에도 적용 가능해 전반적인 통신서비스 품질 향상에 기여할 수 있을 것으로 전망된다.이번 기술은 6G 후보 주파수 대역에서 전파 손실 문제를 해결해 무선 통신 인프라 구축 비용 절감에 기여하고, 현재 상용 대역에도 적용해 서비스 품질을 향상시킬 수 있다. 특히 전파 감쇠가 큰 고주파수 대역일수록, 저비용·무전력 RIS 패널을 여러 곳에 설치하면 통신 인프라 운영 비용 절감 효과가 가능할 것으로 기대된다.향후 분산형 RIS가 상용화되면 실내 환경뿐 아니라 △공장·물류센터와 같은 산업 현장(생산라인·물류로봇) △터널·지하철 역사 등 공공 인프라 △대형 엔터테인먼트 시설 등 다양한 공간에서 저지연·균일 커버리지를 형성하며 품질 개선에 기여할 수 있을 것으로 전망된다.이상헌 LG유플러스 네트워크선행개발담당은 “이번 분산형 RIS의 기술 검증으로 기존 RIS의 기술적 한계를 넘어 보다 넓은 커버리지 제공이 가능함을 확인할 수 있었다”며 “앞으로도 LG유플러스는 차세대 통신 기술을 선도하며, 6G 시대를 대비해 최적화된 통신 환경을 제공할 수 있도록 노력하겠다”고 말했다."
https://n.news.naver.com/mnews/article/241/0003485188?sid=105,2025-12-25 13:22:59,IT/과학,"LGU+, '6G 핵심' 분산형 RIS 검증 성공","포항공대 홍원빈 교수 연구팀 협업LG유플러스는 포항공과대학교 홍원빈 교수 연구팀과 무전력 분산형 지능형 표면(RIS)과 인공지능(AI)을 활용한 차세대 실내 커버리지 확장 기술을 실증했다고 25일 밝혔다.RIS는 전원 없이 전파를 정교하게 반사 또는 투과해 도심 빌딩이나 지하 공간 등 음영 지역에서도 신호 전달을 가능하게 하는 솔루션으로, 6G 후보 주파수 대역의 전송 효율을 획기적으로 높일 수 있는 핵심 기술로 꼽힌다.분산형 RIS를 활용하면 6G 후보 주파수 대역인 어퍼 미드밴드 환경에서 품질을 고도화할 수 있다. 어퍼 미드밴드 대역은 넓은 대역폭과 커버리지를 동시에 확보할 수 있지만, 건물 벽·유리·도심 구조물로 인한 침투 손실과 셀 내부의 미세 음영 지역 발생이 문제로 지적돼 왔다. 액자, 벽지, 간판 등 실내 소품 형태의 분산형 RIS를 보급하면 실내 커버리지를 크게 향상시킬 수 있다.LG유플러스와 홍원빈 교수 연구팀은 정교한 정렬이 필요해 설치 장소의 제약과 설치 소요기간이 오래 걸리는 RIS의 문제점을 분산형 RIS로 개선할 수 있다는 것을 확인했다. 이어 강화 학습 기반 AI 알고리즘으로 기지국 위치, 실내외 구조, 주파수 대역을 고려해 RIS 배치를 최적화한 '지능형 전파 제어 인프라'를 구현했다.이런 분산형 RIS는 ▲공장·물류센터와 같은 산업 현장(생산라인·물류로봇) ▲터널·지하철 역사 등 공공 인프라 ▲대형 엔터테인먼트 시설 등 다양한 공간에서 저지연·균일 커버리지를 형성해 품질 개선에 기여할 것으로 기대된다.이상헌 LG유플러스 네트워크선행개발담당은 ""앞으로도 차세대 통신 기술을 선도하며, 6G 시대를 대비해 최적화된 통신 환경을 제공할 수 있도록 노력하겠다""고 말했다.정길준 기자 kjkj@edaily.co.kr"
https://n.news.naver.com/mnews/article/469/0000905101?sid=102,2025-12-25 14:31:08,사회,"LGU+,빌딩 지하 '전파 사각지대' 줄이는 기술 상용화 다가서","포항공대 홍원빈 교수팀과 공동연구무전력 분산형 RIS와 AI를 활용해차세대 실내 권역 확장 기술 실증LG유플러스가 포항공과대(POSTECH) 홍원빈 교수 연구팀과 함께 무전력 분산형 지능형 표면(RIS)과 인공지능(AI)을 활용한 차세대 실내 커버리지 확장 기술을 실증했다. 연구원들이 액자 형태의 분산형 RIS에 전파를 발사하고 통신 품질을 측정하고 있다. LG유플러스 제공LG유플러스가 도심 빌딩 지하 등 통신이 잘 안 되는 사각지대에서도 원활한 신호 전달이 가능한 차세대 기술 상용화에 다가섰다.LG유플러스는 포항공대 홍원빈 교수 연구팀과 함께 무전력 분산 지능형 표면(RIS)과 인공지능(AI)을 활용한 실내 권역(커버리지) 확장 기술을 실증했다고 25일 밝혔다.RIS는 전원이 없어도 전파를 반사 또는 투과하며 제어해 도심 빌딩 지하 공간 등 전파가 잘 닿지 않는 지역에서도 원활한 신호 전달을 해주는 기술이다. 6세대 이동통신(6G)에서 전송 효율을 높일 핵심으로 꼽힌다.다만 RIS는 반드시 정교한 정렬이 필요해 설치 장소가 크게 제약되고, 설치 시간이 오래 걸리는 한계가 있었다. LG유플러스와 홍 교수팀은 분산형 RIS 기술로 이 문제가 개선되는 걸 확인했다고 이날 밝혔다.분산형 RIS가 상용화되면 실내 환경뿐 아니라 △공장·물류센터 같은 산업 현장 △터널· 지하철 역사 등 공공 인프라 △ 대형 공연시설 등 다양한 공간에서 균질한 통신 권역을 조성하게 될 거라고 LG유플러스 측은 설명했다.홍 교수는 ""분산형 RIS 기술은 기존 RIS 한계를 극복하고 건물 내외 어디서든 자유롭게 설치할 수 있다는 점에서 혁신을 이룬 것""이라고 강조했다."
https://n.news.naver.com/mnews/article/030/0003384117?sid=105,2025-12-25 15:10:11,IT/과학,"오픈시그널 “SKT 품질 신뢰성 지표 선두…KT는 5G 속도, LGU+는 가용성 1위”","자료=오픈시그널국내 이동통신사를 대상으로 한 외부기관의 품질 측정 결과, SK텔레콤이 일관된 속도와 연결성 등 다양한 사용자 경험 지표에서 가장 높은 점수를 받았다. KT는 5G 다운로드 속도, LG유플러스는 가용성 부문에서 1위에 올랐다.25일 업계에 따르면 글로벌 네트워크 시장조사기관 오픈시그널은 최근 이같은 내용의 한국 모바일 네트워크 시장 분석 보고서를 내놨다. 오픈시그널은 지난 8월부터 석달간 국내 통신사의 네트워크를 분석해 사용자 경험, 커버리지, 일관성 등 지표별 14개 부문 점수를 책정했다.그 결과 SK텔레콤은 12개 부문에서 선두를 기록했다. 그중 9개 부문은 단독 1위로 속도, 안정성, 신뢰성 측면에서 높은 점수를 얻었다. 3G부터 5G까지 포함한 전체 다운로드, 업로드 속도에서 각각 189.3Mbps, 26.6Mbps로 1위를 기록했다.특히 일관되게 안정적 서비스를 이용할 수 있는 '망 신뢰성'에 있어 경쟁사를 압도했다. SK텔레콤은 신호 가용성·데이터 연결성·작업 완료·충분성 등이 포함된 신뢰성 경험 부문에서 971점을 기록하며 2위인 LG유플러스(942점)에 29점 앞섰다. 속도와 지연시간, 패킷 손실을 포함한 품질 일관성 부문에서도 90.7%로 2위보다 7.7%포인트(P) 높았다. 커버리지 경험 부문도 선두를 기록했다.국내 이통3사 통신 신뢰성 경험 지표(자료=오픈시그널)통신 서비스의 경우 기술이 고도화되면서 단순 속도보다 네트워크 신뢰성에 초점을 맞추는 추세다. 사용자가 모바일 네트워크에 연결된 상태에서 영상시청 등 모바일 서비스를 얼마나 끊김없이 이용할 수 있는지가 중요해졌다. 정부도 통신품질평가 체계를 체감 품질 중심으로 전환하고 있다.이번 보고서에서 KT와 LG유플러스는 각각 5G 다운로드 속도와 5G 가용성 부문에서 선두를 기록했다. KT의 5G 다운로드 평균 속도는 486.2Mbps로 2위인 SK텔레콤(466Mbps)보다 20Mbps 앞섰다. 직전 조사보다 속도가 26Mbps 증가하며 단독 1위에 올랐다.LG유플러스는 5G 가용성 부문에서 90.3% 점수로 1위를 차지했다. 가용성은 네트워크 연결을 유지하는 시간의 비율을 의미한다. 5G 요금제를 이용하는 사용자가 LTE로 전환되거나 끊기지 않고 5G 통신망에 연결되는 시간을 수치화한 것으로, 5G 서비스 이용 가능 여부를 판단하는 척도다.한편 과학기술정보통신부도 조만간 올해 통신서비스 품질평가 결과를 발표할 예정이다.정영길 과기정통부 네트워크정책과장은 “5G 초기에는 최고속도 중심 평가가 투자·경쟁 유도에 도움이 됐지만 전국망이 구축된 상태에서는 보다 세밀한 평가 지표가 필요하다”면서 “앞으로는 서비스 시나리오별로 이용자가 실제로 체감하는 품질을 보여주는 데 초점을 맞출 것”이라고 말했다."
https://n.news.naver.com/mnews/article/014/0005454176?sid=105,2025-12-25 19:10:48,IT/과학,"LGU+, 6G 대비 차세대 커버리지 확장 기술 검증","포항공대 홍원빈 교수팀과 공동연구원들이 액자 형태의 분산형 RIS에 전파를 발사하고 통신품질을 측정하고 있다. LG유플러스 제공LG유플러스는 포항공과대 홍원빈 교수 연구팀과 함께 무전력 분산형 지능형 표면(RIS)과 인공지능(AI)을 활용한 차세대 실내 커버리지 확장 기술을 실증했다고 25일 밝혔다.RIS는 별도의 전원이 없어도 전파를 정교하게 반사 또는 투과하며 제어해 도심 빌딩이나 지하 공간 등 음영지역에서도 원활한 신호 전달을 가능하게 하는 솔루션이다. 6세대(G) 후보 주파수 대역의 전송 효율을 획기적으로 높일 수 있는 핵심 기술로 평가받고 있다.분산형 RIS를 활용하면 6G 후보 주파수대역인 어퍼 미드밴드 환경에서 품질을 고도화할 수 있다. 어퍼 미드밴드 대역은 넓은 대역폭과 커버리지를 동시에 확보할 수 있지만, 건물 벽·유리·도심 구조물로 인한 침투 손실과 셀 내부의 미세 음영 지역 발생이 여전히 문제로 지적돼 왔다. 특히 액자, 벽지, 간판 등 생활 속의 실내 소품 형태의 분산형 RIS를 보급하면 실내 커버리지를 크게 향상시킬 수 있다.LG유플러스와 홍원빈 교수 연구팀은 현재 RIS는 정교한 정렬이 필요해 설치 장소의 제약과 설치 소요기간이 오래 걸리는 문제점을 분산형 RIS를 통해 개선되는 것을 확인했다. 이어 강화학습 기반 AI 알고리즘으로 기지국 위치, 실내외 구조, 주파수 대역을 고려해 RIS 배치를 최적화한 '지능형 전파 제어 인프라'로 작동하게 했다.연구팀은 분산형 RIS를 활용하면 전파 도달 과정에 장애물이 있는 실내 환경(NLoS)애서 전파 손실을 획기적으로 줄이고 커버리지를 확장할 수 있음을 확인했다. 이 기술은 6G 뿐 아니라 현재 5G·와이파이 환경에도 적용 가능해 전반적인 통신서비스 품질 향상에 기여할 수 있을 것으로 전망된다.이번 기술은 6G 후보 주파수 대역에서 전파 손실 문제를 해결해 무선 통신 인프라 구축 비용 절감에 기여하고, 현재 상용 대역에도 적용해 서비스 품질을 향상시킬 수 있다. 특히 전파 감쇠가 큰 고주파수 대역일수록, 저비용·무전력 RIS 패널을 여러 곳에 설치하면 통신 인프라 운영 비용 절감 효과가 가능할 것으로 기대된다.향후 분산형 RIS가 상용화되면 실내 환경뿐 아니라 △공장·물류센터와 같은 산업 현장(생산라인·물류로봇) △터널·지하철 역사 등 공공 인프라 △대형 엔터테인먼트 시설 등 다양한 공간에서 저지연·균일 커버리지를 형성하며 품질 개선에 기여할 수 있을 것으로 전망된다.이상헌 LG유플러스 네트워크선행개발담당은 ""이번 기술 검증으로 기존 RIS의 기술적 한계를 넘어 더 넓은 커버리지 제공이 가능함을 확인했다""며 ""6G 시대를 대비해 최적화된 통신 환경을 제공하도록 노력하겠다""고 말했다."
https://n.news.naver.com/mnews/article/014/0005454201?sid=105,2025-12-25 19:18:24,IT/과학,"'해킹 몸살' 지나간 통신3사, AI·DC로 영업익 5조시대 연다 [ICT업계 연말 결산]","(1) 통신업계SKT, 분기적자에 CEO까지 교체KT·LGU+도 정부조사 위기 직면연간 실적 큰 폭으로 하락 불가피""내년 AI·DC 등 脫통신으로 성장""올 한 해 정보통신기술(ICT) 업계는 기술을 중심으로 진일보했지만 통신, 게임, 이커머스 등 곳곳에서 해킹 이슈가 터지면서 기회만큼이나 위기 또한 급증한 해였다. 특히 통신 업계는 지난 4월부터 해킹 이슈가 터지며 막대한 지출뿐 아니라 소송위기 및 경영위기도 겪은 바 있다. 네이버, 카카오 등 플랫폼 업계는 기존 검색과 광고 중심인 기존 모델에서 벗어나 인공지능(AI)을 기반으로 사업을 전환했다. 게임업계는 다수의 신작을 출시해 시장 활력 제고를 모색한 한 해였다. 과학기술 분야에서는 누리호 발사 성공이 상징적 장면으로 남았다. 파이낸셜뉴스는 올해 ICT 업계 연말결산을 통해 통신·플랫폼·게임·과학 업계의 한 해 이슈와 성장을 위한 방향성을 모색한다.올해 이동통신 3사는 '역대 최악의 해'로 불릴 정도로 연초부터 줄줄이 이어진 해킹 여파에 몸살을 겪었다. SKT는 지난 4월 유심정보 유출 사태를 겪고 나서 2000년 이후 처음으로 분기 적자를 기록했고 KT와 LG유플러스도 정부 조사라는 위기에 직면해 있다. 다만 내년에는 인공지능(AI) 신사업과 데이터센터(DC) 매출이 본격 반영되며 통신 시장 안정화가 될 수 있을 것으로 예상된다.■해킹 여파에 실적 먹구름25일 통신업계에 따르면 통신사 올해 분기 실적에는 먹구름이 끼었다. 올해 SKT는 3·4분기 522억원의 영업적자를 냈다. 창사 이래 첫 분기 적자다. 소액결제 해킹 사태를 겪은 KT의 경우 유심 교체 비용 약 880억원 등이 4·4분기 실적에 집계될 전망이다. SKT와 KT는 연임이 유력했던 최고경영자(CEO)까지 교체될 만큼 내·외부적 타격이 컸던 것으로 분석된다. KT와 LG유플러스의 경우 정부 조사가 이어지고 있어 내년 상반기까지 여파가 있을 전망이다. 과학기술정보통신부는 지난 9월 KT 이용자들 사이에서 무단 소액결제 피해가 이뤄졌다는 신고를 받고 민관합동조사단을 꾸려 조사에 착수한 바 있다. 또 과기정통부 민관합동조사단은 LG유플러스가 해킹을 당했다는 제보를 받고 지난 10월부터 서버 조사를 진행한 결과 일부 서버 폐기 사실을 확인해 경찰청에 수사를 의뢰한 상태다.■DC사업 키워 영업이익 5조 시대다만 통신사들을 둘러싼 각종 리스크에도 불구하고 AI 신사업과 DC를 통해 내년에는 통신 3사가 영업이익 5조원 시대를 열 수 있을 것이라는 전망이 나온다. 금융정보업체 에프앤가이드에 따르면 올해 통신 3사의 연결 기준 합산 영업이익은 4조6389억원으로 추정된다. 내년 통신 3사 영업이익은 약 5조1961억원으로 뛸 전망이다.이 같은 성장은 늘어나는 AI 수요에 맞춰 통신 3사가 보유한 DC가 지속적으로 가동되고 새롭게 구축됨에 따른 것으로 풀이된다. 미래에셋증권은 현재 통신 3사가 운영하는 DC 전력 용량을 총 459MW 규모로 추정했다. 이는 가구당 평균 3kW를 소모한다고 가정할 경우 15만가구가 동시에 소모하는 전력 규모와 맞먹는다. SK텔레콤은 총 8개의 DC로 137MW, KT는 16개로 162MW, LG유플러스는 14개로 160MW를 보유하고 있다.통신 3사의 DC 장악력은 더 커져 오는 2028년 600MW 규모로 증가할 전망이다. SKT가 아마존웹서비스(AWS)와 손잡고 착공한 울산 AI DC는 오는 2027년 40MW 규모로 시작해 2029년까지는 100MW, 이후 1GW 이상 확장하는 것이 목표다. KT는 내년 중 48MW 규모의 부천 DC를 완공할 예정이다. LG유플러스는 파주에 50MW 규모 AI DC를 건설 중이며 2027년에 준공할 계획이다. NH투자증권은 올해 통신 3사의 DC 합산 매출액이 1조5500억원에서 연평균 약 19% 올라 오는 2028년 2조4600억원으로 성장할 것이라고 내다봤다.■AI 사업도 지속 성장각사가 가진 AI 사업들도 매출 성장에 기여할 전망이다. SK텔레콤 에이닷 누적 가입자 수는 지난해 4·4분기 830만명에서 계속 증가하다 올해 3·4분기 1060만명을 돌파했다. SKT는 에이닷 구독·결합 상품도 내년 상반기에 출시할 예정이다. KT는 믿음K 2.0, 소타K, 라마K 등 한국어 특화 AI 거대언어모델(LLM) 라인업을 올해 순차 출시해 내년부터 이들의 매출 기여가 예상된다. LG유플러스 역시 통화 중 목소리를 인식해 정보 검색 및 비서 기능을 제공하는 익시오 2.0을 내년 상반기에 출시할 예정이다. 통신업계 관계자는 ""국민은 한정돼 있다 보니 통신업은 '유지'의 영역일 뿐 이를 통해 '성장'하기는 힘들다""며 ""업계가 탈통신을 외치고 AI 상품 출시나 AI DC 운영을 성장동력으로 삼는 이유""라고 말했다. 그는 ""통신사들이 올해 크게 홍역을 치렀으니 내년에는 문제점들을 시정하고 AI 사업으로 시장 안정화에 나설 수 있을 것""이라고 말했다."
https://n.news.naver.com/mnews/article/031/0000992364?sid=105,2025-12-26 17:22:08,IT/과학,"이통3사, 올해 합산 영업이익 4.6조 전망⋯SKT 감소·KT 증가","KT 영업이익 2조5477억 전망⋯SKT 1조1419억·LGU+ 9493억 순SK텔레콤과 KT, LG유플러스 등 국내 이동통신 3사의 올해 연결 기준 합산 영업이익이 4조6000억원을 넘어설 전망이다.이동통신 3사 로고. [사진=각사]26일 증권정보업체 에프앤가이드에 따르면 이통 3사의 2025년 연결 기준 합산 영업이익 컨센서스(전망치)는 4조6389억원이다. 지난해(3조4960억원) 대비 약 32.7% 증가한 수준이다.SK텔레콤의 올해 연결 영업이익 전망치는 1조1419억원으로 집계됐다. 전년(1조8234억) 대비 37.38% 감소한 수치다. 지난 4월 발생한 해킹 사고 영향이 올해 실적에 반영됐다. 올해는 보안 강화·이미지 제고 등 중장기 성장 기반 구축에 초점을 맞춘 흐름이라는 평가다.KT의 올해 연결 영업이익은 2조5477억원에 이를 것으로 전망됐다. 전년(8095억원) 대비 214.74% 증가했다. 이통 3사 가운데 증가 폭이 가장 크다. 클라우드를 비롯한 데이터센터(DC), 부동산 등 주요 그룹사 성장과 일회성 부동산 분양이익이 영향을 미쳤다.LG유플러스는 비교적 안정적인 실적 흐름이 예상됐다. 올해 연결 기준 영업이익 전망치는 9493억원으로, 전년(8631억원) 대비 9.99% 증가할 전망이다. 무선과 유선, 기업 인프라 부문이 고르게 기여한 것으로 풀이된다.내년에는 실적 흐름이 다시 변화할 것으로 보인다. SK텔레콤의 2026년 연결 영업이익 전망치는 1조8183억원이다. 올해 대비 회복세가 점쳐진다. KT는 2조2139억원이다. 증가세가 둔화될 것으로 예상된다. LG유플러스는 1조1639억원이다. 올해보다 높은 성장이 전망된다."
https://n.news.naver.com/mnews/article/030/0003384399?sid=102,2025-12-26 18:01:12,사회,"[주니어전자]IT 핫픽 - 스타링크, 왜 하려는 걸까?","스타링크 위성 / 엑스 @SpaceX일론 머스크의 스페이스X가 운영하는 위성 인터넷 서비스인 스타링크(Starlink)가 우리나라에서 공식 서비스를 시작했다는 뉴스 보셨을 거예요.그런데 이미 초고속 인터넷이 잘 갖춰진 우리나라에서, 스타링크는 왜 이 사업을 하려는 걸까요?이번 글에서는 스타링크가 어떤 서비스인지 그리고 왜 한국 시장에 들어왔는지 함께 살펴보겠습니다.2022년 기준, 스타링크 2세대 위성군(약 3만 기) 계획을 시각화한 자료. / ESO스타링크는 어떤 서비스?스타링크는 미국 우주항공기업 스페이스X가 만든 저궤도(LEO) 기반의 인터넷 서비스입니다.이 서비스는 우주 공간에 수천 개의 소형 위성들을 띄워 지구 어디서든 인터넷에 연결될 수 있게 하는 초고속 무선망입니다.▲위성 네트워크 구조스타링크는 지상에서 약 500km 전후의 낮은 고도에 위성을 배치해 운용합니다.기존의 정지궤도 위성보다 신호 지연이 훨씬 적고 안정적인 데이터 전송이 가능해요.2025년 기준으로 9,000개 이상의 위성이 실제로 운영되고 있고, 매일 추가 발사가 진행되며 전 세계를 덮는 네트워크를 구축 중입니다.위성이 많을수록 더 넓은 지역을 끊김 없이 연결할 수 있고, 여러 위성이 동시에 데이터를 주고받으면서 속도와 안정성을 유지하게 됩니다.스페이스X는 최종적으로 수만 개까지 위성을 늘리는 계획을 세우고 있어, 점점 더 촘촘하고 강력한 글로벌 인터넷망이 되는 것이 목표예요.▲속도와 연결성스타링크는 수십~수백 Mbps급의 다운로드 속도를 제공합니다.이동형 단말을 쓰면 캠핑카, 배, 이동 중인 차량 등에서도 인터넷 접속이 가능합니다.특히 기존의 위성 인터넷보다 전송 지연이 훨씬 적어서(대략 20~40ms), 영상 통화나 실시간 게임 등에서도 활용 가능성이 커졌어요.▲해상·항공 서비스스타링크는 해상에서도 뛰어난 커버리지와 안정성을 보여 상선, 여객선, 요트 등 광범위한 해양 지역에서 인터넷 연결을 할 수 있습니다.예를 들어, 먼 바다를 항해하는 선박에서도 영상 통화나 지도 데이터 전송이 가능해지기 때문에 운항 안전과 선원 복지 측면에서도 도움이 될 수 있죠.또한 일부 항공사들은 비행기 안에서도 와이파이를 제공하기 위한 인-플라이트 서비스로 스타링크를 도입하기도 했어요.스타링크가 추진하는 다이렉트-투-셀 시스템. 통신 사각지대에서 스마트폰만으로 위성에 직접 연결해 원활한 인터넷 사용을 가능하게 한다. / 엑스 @SpaceX왜 한국에 들어왔을까?스타링크가 이미 인터넷 인프라가 잘 구축되어 있는 한국에서도 서비스하려는 이유는 여러 가지 전략과 필요가 겹쳐 있기 때문입니다.① 통신 사각지대우리나라는 대부분 지역에 광케이블 기반의 초고속 인터넷과 5G 무선망이 잘 구축되어 있습니다.하지만 도서지역, 산간지역, 일부 해상 및 외딴 곳에서는 여전히 통신 품질이 낮거나 연결이 어려워요.스타링크는 이런 통신 사각지대까지 연결 범위를 넓힐 수 있어, 디지털 소외 문제를 줄이는 데에 중요한 역할을 할 수 있습니다.여기에 정부가 저궤도 위성 통신 서비스를 공식적으로 허용하고, 전파법 등 기술 기준을 정비하면서 진출의 길을 열어준 점도 한국 진출의 중요한 배경입니다.② 산업·공공 활용 수요한국은 해상 운송, 어업, 관광 산업, 재난 대응 등에서 통신 안정성을 높일 수 있는 수요가 큽니다.기존 해상 통신망은 3G급 속도에 머물러 영상 통화나 대용량 데이터 전송에 한계가 있다는 평가가 있을 정도로 빠른 연결이 어려운 상황이에요.스타링크는 이런 환경에서도 인터넷 연결을 가능하게 해 해운·항공·긴급 구조 활동 등 여러 산업 적용이 기대됩니다. 게다가 비행기나 드론, 자율주행 등 미래형 이동체에서도 안정적 네트워크가 필수적이라 이같은 수요를 충족할 수 있는 가능성이 있어요.플로리다에서 팰컨 9 로켓이 스타링크 위성 29기를 발사하는 장면. / 엑스 @SpaceX③ 글로벌 사업 전략의 일부스타링크는 한국뿐 아니라 전 세계 155여 개 이상 국가에서 서비스를 제공하고 있고, 빠르게 신규 시장을 확대 중입니다.이는 단순히 “서비스를 많이 팔겠다”는 의미를 넘어, 전 세계 통신 네트워크의 일부로 자리잡고자 하는 전략이에요. 한국처럼 인프라가 잘 갖춰진 시장에 진입함으로써 스타링크의 글로벌 커버리지 완성도가 높아집니다.또 향후 위성 기반 모바일 네트워크, 우주 데이터 센터, 다이렉트-투-셀(휴대폰 직접 연결 기술) 등 추가 기능과 서비스로 확장하려는 준비도 진행되고 있어, 한국은 이런 미래형 통신 시장의 시험 무대이자 중요한 거점이 될 수 있어요.④ 경쟁 촉진과 협력 가능성스타링크의 진출은 KT, SKT, LGU+ 등 국내 통신사들에게 새로운 경쟁 동기를 제공합니다.이것은 단지 경쟁만을 의미하는 것이 아니라, 기존 통신망과 위성망 간 협력, 통합 네트워크 구축 논의로 이어질 수 있는 기회가 될 수 있죠.통신 기술이 발전할수록 지상망 + 저궤도 위성망의 연계는 6G 시대와 같이 더 높은 수준의 통신 인프라를 만드는 데 중요한 역할을 할 것으로 전망됩니다.스타링크의 미니킷. 휴대 가능한 소형 위성 인터넷 단말기로 전원만 연결하면 어디서나 인터넷 접속이 가능하다. / 스페이스X우리가 주목해야 할 변화스타링크의 한국 진출은 통신 환경의 선택지가 넓어지는 변화의 출발점이라는 점에서 의미가 있습니다.도시에서는 기존 통신망과 경쟁하며 더 나은 품질과 가격을 기대할 수 있고, 섬·산간·해상 등 연결이 어려웠던 지역에서는 새로운 방식의 연결 기회가 생기게 되니까요.일각에서는 이번 진출이 단순한 인터넷 사업을 넘어, 테슬라 생태계를 위한 포석이라는 해석도 있습니다.테슬라 차량의 소프트웨어 업데이트, 자율주행 데이터 전송, 차량 간 네트워크 구축 등을 위해 한국 전역에 끊김 없는 연결망을 확보하려는 것 아니냐는 의견이 나오고 있는 거죠.앞으로 휴대폰 직접 연결 기술, 드론·선박·비행기 네트워크, 재난 대응 통신 등으로 이어진다면 우리의 일상과 산업 현장에서 통신을 바라보는 방식 자체가 달라질 수 있습니다.아직은 초기 단계지만 지상망과 우주 기반 인터넷이 함께 공존하는 시대가 열리고 있어요. 한국에서 시작된 스타링크 서비스는 바로 그 변화를 체감할 수 있는 첫 장면이라고 볼 수 있겠죠."
https://n.news.naver.com/mnews/article/088/0000989131?sid=004,2025-12-28 13:08:13,,"이종욱 ㈜수인 대표이사, 대구 273번째 아너 소사이어티 가입","이종욱(왼쪽 세 번째) ㈜수인 대표이사가 아너 소사이어티 회원 가입식을 가진 뒤 기념촬영을 하고 있다. 대구사회복지공동모금회 제공대구사회복지공동모금회(회장 신홍식)는 이종욱 ㈜수인 대표이사가 대구사랑의열매 273번째 아너 소사이어티 회원으로 가입했다고 28 밝혔다.지난 24일 열린 가입식에는 대구사회복지공동모금회 신홍식 회장과 강주현 사무처장 등이 참석해 이종욱 대표이사의 아너 소사이어티 회원 가입을 축하했다.㈜수인은 2013년 설립한 LG U+ 모바일 도매 유통 사업 업체다. 이종욱 대표이사의 현장 중심 경영과 책임 있는 리더십을 바탕으로 고용노동부 선정 강소기업에 이름을 올리는 등 대구·경북 지역을 대표하는 기업으로 자리매김했다.이종욱 대표이사는 ""늘 마음속에 나눔이라는 목표를 품어왔지만, 사업이 순탄할 때보다 점점 어려워지는 순간에 지금 실천하지 않으면 이 마음을 끝내 미루게 될지도 모르겠다는 생각이 들었다""며 ""만 50세를 넘기기 전에 그 목표를 실천할 수 있어 더욱 뜻 깊고 감사하다""고 했다.신홍식 대구사회복지공동모금회장은 ""이웃사랑이라는 더 큰 가치를 선택하신 이 대표님의 이 결정이 앞으로의 길을 더욱 더 단단하게 만들어 줄 것으로 믿는다""고 말했다.아너 소사이어티는 사회지도층이 사회문제에 관심을 갖고 나눔 운동에 참여해 '노블리스 오블리주'를 실천할 수 있도록 사회복지공동모금회가 제창한 개인 고액기부자들의 모임이다. 1억원 이상 기부 또는 5년간 매년 2천만원씩 기탁할 경우 회원으로 가입할 수 있다."
https://n.news.naver.com/mnews/article/008/0005297529?sid=105,2025-12-29 04:18:00,IT/과학,새해 소망까지 빵빵하게 '通' 한다,"해돋이 보러 20만명 방문 예상해당기간 트래픽 최대 600%↑LGU+ '이동식 기지국' 전면에관리인력도 평소보다 2배 늘려강한 바닷바람에 뺨이 얼얼해지는 강원 강릉시 정동진 해변. LG유플러스 강릉무선파트 직원들은 후드티와 누빔조끼 등 간편한 작업복에 약 2㎏에 달하는 안전장비를 착용하고 5톤트럭을 오르내렸다. 연말연시 트래픽 폭증에 대비해 이동식 기지국을 전진배치한 후 이용자의 휴대전화가 적정신호를 수신하는지, 데이터 속도가 안정적으로 유지되는지 점검하고 안테나 각도를 미세조정하는 작업이다.서동휘 LG유플러스 원주인프라팀장은 ""이동식 기지국을 배치하려면 지자체 인허가부터 전력·망 연결, 최적화 작업까지 1주일 이상 소요된다""며 ""이 기간에 수시로 차량에 올라야 하는데 공간이 협소하고 장애물이 많아 두꺼운 옷을 입기 어렵다""고 말했다.LG유플러스 강릉무선파트 직원들이 이동식 기지국 최적화 작업을 하고 있다. 작은 사진은 정동진 해변에 설치된 이동식 기지국. /사진 제공=LG유플러스해돋이 명소로 꼽히는 정동진은 새해 첫날 트래픽이 평소 대비 최대 600% 급증한다. 올해는 약 20만명이 첫 일출을 보러 정동진을 방문할 것으로 예상했다. 평상시엔 이동통신 3사가 공동망을 운영하는 지역이지만 연말연시에는 이를 해제한다. 대규모 이용자가 동일한 네트워크 인프라를 공유할 경우 과부하돼 통신장애가 발생할 수 있는 만큼 각 사가 개별망으로 서비스를 제공한다. 서 팀장은 ""정동진은 좁고 긴 해변에 단시간 내 인파가 집중되는 지역""이라며 ""평소 수준의 통신품질을 유지하기 위해 전국에서 가장 많은 중계기 7대를 설치했다""고 설명했다.이동식 기지국 내부는 외부만큼이나 냉랭했다. 장비과열을 막기 위해 에어컨을 상시 가동해서다. 천유진 강릉무선파트 책임은 ""고온상태에서 먼지가 쌓이면 화재 등 사고로 이어질 수 있어 환기·냉방·청결관리에 각별히 신경쓴다""고 말했다. 이동식 기지국은 정전 등 만일의 사태에 대비해 전원 이중화, 예비 안테나·전선확보 등 다중 안전장치를 갖췄다.이통사에서 네트워크 관리업무는 '잘해야 본전'으로 여긴다. 무(無)사고가 기본값인 만큼 '보이지 않는 성과'를 유지해야 하는 담당자들의 부담도 크다. LG유플러스는 연말연시 통신품질 관리를 위해 24시간 종합상황실을 운영하며 평소보다 2배 많은 관리인력을 투입한다. 강릉무선파트 역시 이 기간에 비상대기인력 2명을 상시 운영한다.강명원 강릉무선파트장은 ""매년 현장에서 대기하다 보니 추운 날씨가 가장 힘들다""며 ""항상 장애상황을 염두에 둬 긴장도가 높다""고 말했다. 서 팀장도 ""만반의 준비를 해도 예상치 못한 사고가 발생하면 본전도 건지지 못하는 상황이 된다""며 ""매년 새해 첫 일출을 보며 전직원이 '네트워크 안전기원제'를 올리기도 한다""고 웃었다."
https://n.news.naver.com/mnews/article/008/0005297588?sid=105,2025-12-29 09:00:00,IT/과학,"LGU+ ""연말연시 통신 품질 24시간 집중 모니터링""","LG유플러스 임직원들이 강원 강릉시 정동진 인근에서 네트워크 장비를 점검하고 있는 모습./사진=LG유플러스LG유플러스가 연말연시를 앞두고 이동통신 통화량 및 데이터 트래픽 급증에 대비해 네트워크 특별 소통 대책을 마련하고 비상운영체계에 돌입했다고 29일 밝혔다.현재 LG유플러스는 서울 마곡사옥에 종합상황실을 열고 네트워크 상황을 24시간 집중 모니터링하고 있다. 많은 인파가 몰릴 것으로 예상되는 해넘이·해돋이 명소, 타종식 행사 지역에는 이동기지국을 배치했다.전국 고속도로 휴게소, KTX/SRT 역사, 버스터미널, 공항 등 유동인구가 많은 곳에 위치한 5G 및 LTE 기지국은 사전 점검을 통해 품질을 측정하고, 통신량 급증에 대비해 AI 기반 자동 네트워크 최적화 체계를 구축했다. 중요 거점지역에는 현장요원을 배치하고, 상시 출동 준비태세를 갖추는 등 이동통신 품질 관리에 만전을 기할 방침이다.또 U+tv와 OTT(온라인동영상서비스) 시청이 증가할 것으로 예상돼 캐시서버 용량 증설 등 트래픽 증가에 대비할 계획이다."
https://n.news.naver.com/mnews/article/001/0015817518?sid=105,2025-12-29 09:00:00,IT/과학,"LGU+, 연말연시 네트워크 특별 소통 대책 실시","[LG유플러스 제공. 재판매 및 DB 금지](서울=연합뉴스) 박형빈 기자 = LG유플러스는 연말연시 이동통신 통화량 및 데이터 트래픽 급증에 대비해 네트워크 특별 소통 대책을 마련하고 비상운영체계에 돌입했다고 29일 밝혔다.LG유플러스는 서울 마곡 사옥에 종합상황실을 열고 24시간 네트워크 상황을 관찰한다.많은 인파가 몰릴 것으로 예상되는 해넘이·해돋이 명소, 타종식 행사 지역에는 이동기지국을 배치했다.전국 고속도로 휴게소, KTX·SRT 역사, 버스터미널, 공항 등 유동 인구가 많은 곳에 있는 5G 및 LTE 기지국은 사전 점검을 통해 품질을 측정했으며, 통신량 급증에 대비해 AI 기반 자동 네트워크 최적화 체계를 구축했다.중요 거점지역에는 현장 요원을 배치해 상시 출동 준비 태세를 갖추고 온라인동영상서비스(OTT), U+tv 등 시청 증가에 대비해서는 캐시서버 용량 등을 증설한다.binzz@yna.co.kr"
https://n.news.naver.com/mnews/article/016/0002578124?sid=105,2025-12-29 09:01:10,IT/과학,"LGU+, 연말연시 네트워크 특별 대책 마련","마곡 사옥에 24시간 종합상황실 운영해넘이·해돋이 명소에 이동기지국 배치LG유플러스 임직원들이 강원 강릉시 정동진 인근에서 네트워크 장비를 점검하고 있는 모습. [LG유플러스 제공][헤럴드경제=차민주 기자] LG유플러스는 연말연시 이동통신 통화량·데이터 트래픽 급증에 대비해 네트워크 특별 소통 대책을 마련하고 비상운영체계에 돌입했다고 29일 밝혔다.현재 LG유플러스는 서울 마곡 사옥에 종합상황실을 열고 네트워크 상황에 대해 24시간 집중 모니터링을 실시하고 있다.또 많은 인파가 몰릴 것으로 예상되는 해넘이·해돋이 명소, 타종식 행사 지역에 이동기지국을 배치했다.아울러 전국 고속도로 휴게소, KTX·SRT 역사, 버스터미널, 공항 등 유동 인구가 많은 곳에 있는 5G·LTE 기지국은 사전 점검을 통해 품질을 측정했다. 이어 통신량 급증에 대비해 인공지능(AI) 기반 자동 네트워크 최적화 체계를 구축했다.LG유플러스 임직원들이 강원 강릉시 정동진 인근에서 네트워크 장비를 점검하고 있는 모습. [LG유플러스 제공]LG유플러스는 중요 거점지역에 현장 요원을 배치하고, 상시 출동 준비 태세를 갖추는 등 이동통신 품질 관리에 전력을 기울이겠단 방침이다.데이터 트래픽 점검도 나선다. LG유플러스는 U+tv와 온라인동영상서비스(OTT) 동영상 시청이 증가할 것으로 예상, 캐시서버 용량 증설 등을 통해 트래픽 증가에 대비할 계획이다."
https://n.news.naver.com/mnews/article/003/0013680348?sid=105,2025-12-29 09:16:50,IT/과학,IPTV 등 유료방송에서 '방송대상' 수상작 무료 상영한다,"홈초이스·KT·SKB·LGU+·KT스카이라이프 등 방송대상 특별관 운영[서울=뉴시스] 박은비 기자 = 방미통위는 12일 롯데호텔 서울에서 지난해 한 해 동안 국내에서 제작·방송된 우수 작품을 시상하는 '2025 방미통위 방송대상' 시상식'을 개최했다. 사진은 김영관 방미통위 사무처장 전담직무대리가 발언하고 있는 모습. 25.12.12. silverline@newsis.com *재판매 및 DB 금지[서울=뉴시스]윤현성 기자 = 지난 12일 진행된 '2025 방송미디어통신위원회 방송대상' 수상작이 케이블TV, 인터넷멀티미디어방송(IPTV) 등 주요 유료방송에서 무료로 상영된다.방송미디어통신위원회는 홈초이스(케이블TV), KT·SK브로드밴드·LG유플러스 등 인터넷멀티미디어방송(IPTV), KT스카이라이프(위성방송) 등 주요 유료방송에서 '방송대상 특별관'을 운영한다고 29일 밝혔다.특별관은 방송사와 유료방송의 협조를 통해 마련된 것으로, 시청자들은 2025 방송미디어통신위원회 방송대상에서 최우수상, 우수상 등을 수상한 10개 프로그램들을 무료로 시청할 수 있다.특별관 상영작은 최우수상을 받은 ▲KBS의 '빙하'와 우수상을 받은 ▲G1방송 '경계탐구 파노라마 세계의 벽' ▲EBS '다큐멘터리K 우리는 선생님입니다' ▲SBS 'SBS 스페셜 학전 그리고 뒷것 김민기' ▲KNN '사라진 味' ▲KBS부산총국 '영상복원 부산항' ▲EBS 'EBS 다큐프라임 날씨의 시대' ▲MBC충북 'AI 돌봄' ▲왓챠(OTT)/EBS '인간이 되자' 등이다. 희망나눔상을 받은 ▲KBS 창원총국 '수심청 프로젝트'도 상영된다.이들 특별관 상영작은 내년 1월19일까지 시청 가능하며, 10개 수상작은 해당 유료방송의 'TV 다시보기' 메뉴를 통해 확인할 수 있다."
https://n.news.naver.com/mnews/article/030/0003384668?sid=105,2025-12-29 09:17:15,IT/과학,"LGU+, 연말연시 트래픽 증가 대비 네트워크 비상운영체계 돌입","LG유플러스 임직원들이 강원 강릉시 정동진 인근에서 네트워크 장비를 점검하고 있는 모습.LG유플러스가 연말연시를 앞두고 통화량 및 데이터 트래픽 급증에 대비해 네트워크 특별 소통 대책을 마련하고 비상운영체계에 돌입했다.LG유플러스는 서울 마곡사옥에 종합상황실을 열고 네트워크 상황에 대해 24시간 집중 모니터링을 실시하고 있다. 또 많은 인파가 몰릴 것으로 예상되는 해넘이·해돋이 명소, 타종식 행사 지역에는 이동기지국을 배치했다.아울러 전국 고속도로 휴게소, KTX·SRT 역사, 버스터미널, 공항 등 유동인구가 많은 곳에 위치한 5G 및 LTE 기지국은 사전 점검을 통해 품질을 측정했다. 통신량 급증에 대비해 인공지능(AI) 기반 자동 네트워크 최적화 체계도 구축했다.중요 거점지역에는 현장요원을 배치하고 상시 출동 준비태세를 갖추는 등 이동통신 품질 관리에 만전을 기할 방침이다. 이와 함께 LG유플러스는 U+tv와 OTT 시청이 증가할 것으로 예상하고 캐시서버 용량 증설 등을 통해 트래픽 증가에 대비할 계획이다."
https://n.news.naver.com/mnews/article/031/0000992554?sid=105,2025-12-29 09:19:08,IT/과학,"연말연시 트래픽 급증 대비⋯LGU+, 비상운영체계 돌입","마곡사옥 24시간 종합상황실 운영…해넘이·해돋이 명소에 기지국 배치LG유플러스(대표 홍범식)는 연말연시를 앞두고 이동통신 통화량·데이터 트래픽 급증에 대비해 네트워크 특별 소통 대책을 마련하고 비상운영체계에 돌입했다고 29일 밝혔다.LG유플러스 임직원들이 강원 강릉시 정동진 인근에서 네트워크 장비를 점검하고 있는 모습. [사진=LGU+]LG유플러스는 서울 마곡사옥에 종합상황실을 열고 네트워크 상황에 대해 24시간 집중 모니터링을 실시하고 있다.회사는 전국 고속도로 휴게소, KTX·SRT 역사, 버스터미널, 공항 등 유동인구가 많은 곳에 위치한 5G·LTE 기지국의 품질도 측정했다. 통신량 급증에 대비해 AI 기반 자동 네트워크 최적화 체계를 구축했다.나아가 많은 인파가 몰릴 것으로 예상되는 해넘이·해돋이 명소, 타종식 행사 지역에는 이동기지국을 배치했다. 중요 거점지역에는 현장요원을 배치하고 상시 출동 준비태세를 갖추는 등 이동통신 품질 관리에 만전을 기할 방침이다.LG유플러스는 U+tv와 OTT 동영상 시청 또한 증가할 것으로 보고 있다. 캐시서버 용량 증설 등을 통해 트래픽 증가에 대비할 계획이다."
https://n.news.naver.com/mnews/article/092/0002403995?sid=105,2025-12-29 09:24:15,IT/과학,"LGU+, 연말 인파 집중지에 현장 요원·이동기지국 배치","인파 급증 대비 비상운영체계 가동LG유플러스가 연말연시를 앞두고, 이동통신 통화량 및 데이터 트래픽 급증에 대비해 네트워크 특별 소통 대책을 마련하고 비상운영체계에 돌입했다고 29일 밝혔다.현재 LG유플러스는 서울 마곡 사옥에 종합상황실을 열고 네트워크 상황에 대해 24시간 집중 모니터링을 실시하고 있다.중요 거점지역엔 현장 요원을 배치하고, 상시 출동 준비 태세를 갖추는 등 이동통신 품질 관리에 만전을 기할 방침이다. 많은 인파가 몰릴 것으로 예상되는 해넘이·해돋이 명소, 타종식 행사 지역엔 이동기지국을 배치했다.LG유플러스 임직원들이 강원도 강릉시 정동진 인근에서 네트워크 장비를 점검하고 있다. (사진=LG유플러스)아울러 전국 고속도로 휴게소, KTX/SRT 역사, 버스터미널, 공항 등 유동 인구가 많은 곳에 있는 5G 및 LTE 기지국은 사전 점검을 통해 품질을 측정했으며, 통신량 급증에 대비해 AI 기반 자동 네트워크 최적화 체계를 구축했다.또 U+tv와 OTT 동영상 시청이 증가할 것으로 예상하고, 캐시서버 용량 증설 등을 통해 트래픽 증가에 대비할 계획이다."
https://n.news.naver.com/mnews/article/014/0005455059?sid=105,2025-12-29 09:29:10,IT/과학,"""방송대상 수상작, 유료방송서 무료로 관람하세요""","'2025 방송미디어통신위원회 방송대상' 특별관 운영방송미디어통신위원회 로고. 방송미디어통신위원회 제공[파이낸셜뉴스] 지난 12일 진행된 '2025 방송미디어통신위원회 방송대상' 수상작이 케이블TV, 인터넷멀티미디어방송(IPTV) 등 주요 유료방송에서 무료로 상영된다.29일 방송미디어통신위원회에 따르면 홈초이스(케이블TV), KT·SK브로드밴드·LG U+ 등 인터넷멀티미디어방송(IPTV), KT스카이라이프(위성방송) 등 주요 유료방송에서 '방송대상 특별관'을 운영한다.특별관은 방송사와 유료방송의 협조를 통해 마련된 것이다. 시청자들은 '2025 방송미디어통신위원회 방송대상'에서 최우수상, 우수상 등을 수상한 10개 프로그램들을 무료로 시청할 수 있다.지난 방송대상에서 최우수상은 KBS의 '빙하'가 차지했다. 우수상은 G1방송 '경계탐구 파노라마 세계의 벽', EBS '다큐멘터리K 우리는 선생님입니다', SBS 'SBS 스페셜 학전 그리고 뒷것 김민기', KNN '사라진 味', KBS부산총국 '영상복원 부산항', EBS 'EBS 다큐프라임 날씨의 시대', MBC충북 'AI 돌봄', 왓챠(OTT)·EBS '인간이 되자' 등이 수상했다. 희망나눔상은 KBS 창원총국 '수심청 프로젝트'가 받았다.내년 1월 19일까지 시청 가능하며, 10개 수상작은 해당 유료방송의 'TV 다시보기' 메뉴를 통해 확인할 수 있다."
https://n.news.naver.com/mnews/article/119/0003042078?sid=105,2025-12-29 09:53:15,IT/과학,"'빙하' 등 방미통위 방송대상 수상작, 케이블·IPTV서 무료 상영","'2025 방송미디어통신위원회 방송대상' 특별관 운영ⓒ방송미디어통신위원회[데일리안 = 조인영 기자] 지난 12일 진행된 ‘2025 방송미디어통신위원회 방송대상’ 수상작이 케이블 TV, 인터넷멀티미디어방송(IPTV) 등 주요 유료방송에서 무료로 상영된다.방송미디어통신위원회는 29일 홈초이스(케이블TV), 케이티(KT)‧에스케이(SK)브로드밴드‧엘지유플러스(LGU+) 등 인터넷멀티미디어방송(IPTV),케이티(KT)스카이라이프(위성방송) 등 주요 유료방송에서 ‘방송대상 특별관’을 운영한다고 밝혔다.특별관은 방송사와 유료방송의 협조를 통해 마련된 것으로, 시청자들은 ‘2025 방송미디어통신위원회 방송대상’에서 최우수상, 우수상 등을 수상한 10개 프로그램들을 무료로 시청할 수 있다.내년 1월 19일까지 시청 가능하며, 10개 수상작은 해당 유료방송의 ‘TV 다시보기’ 메뉴를 통해 확인할 수 있다."
https://n.news.naver.com/mnews/article/001/0015818213?sid=102,2025-12-29 11:14:37,사회,"방미통위 방송대상 수상작, 유료방송서 무료로 본다","(서울=연합뉴스) 조성미 기자 = 방송미디어통신위원회는 주요 유료 방송에서 방송대상 특별관을 운영한다고 밝혔다.홈초이스, KT, KT스카이라이프, SK브로드밴드, LGU+ 등 케이블TV와 IPTV에서 방송미디어통신위원회 방송대상을 받은 작품들을 내년 1월 19일까지 'TV 다시 보기' 메뉴를 통해 무료로 시청할 수 있다.최우수상을 받은 KBS '빙하'부터 우수상 G1방송 '경계탐구 파노라마 세계의 벽', EBS '다큐멘터리K 우리는 선생님입니다', SBS 'SBS 스페셜 학전 그리고 뒷것 김민기', KNN '사라진 味', KBS부산총국 '영상복원 부산항', EBS 'EBS 다큐프라임 날씨의 시대', MBC충북 'AI 돌봄', 왓챠 '인간이 되자', 희망나눔상 KBS 창원총국 '수심청 프로젝트'를 볼 수 있다.방송미디어통신위원회 로고[방미통위 제공. 재판매 및 DB 금지]csm@yna.co.kr"
https://n.news.naver.com/mnews/article/003/0013681363?sid=105,2025-12-29 14:00:00,IT/과학,"정부, LGU+ '서버 폐기 행위' 경찰 수사 의뢰…서버 일부 정보 유출 확인","민관합동조사단 조사 결과 LGU+ APPM 서버에서 정보 유출 확인LGU+, KISA의 침해 정황 안내 후 OS 재설치…공무집행 방해 판단[서울=뉴시스] LG유플러스 용산 사옥. (사진=심지혜 기자)[서울=뉴시스]윤현성 박은비 기자 = LG유플러스 내부 서버에서 서버목록, 서버 계정정보, 임직원 성명 등 정보가 실제 유출된 것으로 확인됐다. 다만 LG유플러스 일부 서버에 대한 운영체제(OS) 업그레이드·재설치·폐기 등이 이뤄지며 추가적인 침해사고 흔적 확인 및 조사가 불가능한 상황인 것으로 나타났다. 정부는 이같은 LG유플러스의 서버 폐기 행위를 부적절한 공무집행 방해 행위로 보고 경찰에 수사를 의뢰했다.과학기술정보통신부는 LG유플러스 침해사고에 대한 민관합동조사단 조사 결과를 발표하며 LG유플러스 내부 서버에서 일부 정보가 유출됐음을 확인했다고 밝혔다.과기정통부에 따르면 한국인터넷진흥원(KISA)는 익명의 제보자로부터 LG유플러스의 자료 유출 관련 정보를 지난 7월18일 입수했으며, 하루 뒤 LG유플러스에 관련 사항을 공유하고 침해사고 신고를 안내했다.이후 과기정통부와 KISA는 자체 조사단을 구성해 8월25일부터 LG유플러스의 현장 조사를 실시했고, 이후 LG유플러스가 10월23일 KISA에 침해사고를 신고한 후 10월24일부터 조사단을 구성·운영했다.익명의 제보자가 유출됐다고 주장한 LG유플러스의 통합 서버 접근제어 솔루션(APPM)과 연결된 정보(서버목록, 서버 계정정보 및 임직원 성명)는 조사결과 실제 LG유플러스에서 유출된 것으로 확인됐다.조사단은 LG유플러스에서 제출받은 APPM 서버에 대해서 정밀 포렌식 분석을 진행한 결과, 익명의 제보자가 공개한 LG유플러스의 자료와 다르다는 점을 확인했다. 자료가 유출됐을 것으로 추정되는 또 다른 APPM 서버는 8월12일 운영체제 업그레이드 등의 작업이 이뤄져 침해사고 흔적을 확인할 수 없는 상황임을 확인했다.아울러 익명의 제보자는 공격자가 LG유플러스에 APPM 솔루션을 제공하는 협력사를 해킹한 후 LG유플러스에 침투했음을 주장했다. 조사단은 이 주장에 대해서도 확인을 시도했으나, 협력사 직원의 노트북에서부터 LG유플러스의 APPM 서버로 이어지는 네트워크 경로상의 주요 서버 등이 8월12일~9월15일에 걸쳐 모두 OS 재설치 또는 폐기돼 조사가 불가능한 상황임을 확인했다.조사단은 LG유플러스의 관련 서버의 OS 재설치 또는 폐기 행위가 KISA가 침해사고 정황 등에 대해 안내한 7월19일 후에 이뤄진 점을 고려할 때, 이를 부적절한 조치로 판단하고 위계에 의한 공무집행 방해로 이달 9일 경찰청에 수사를 의뢰했다.이같은 정부 발표에 대해 LG유플러스 측은 ""경찰 수사에 성실히 임하겠다""는 짧은 입장을 밝혔다．"
https://n.news.naver.com/mnews/article/421/0008684518?sid=105,2025-12-29 14:00:00,IT/과학,LGU+ 서버에서 정보유출…운영체제 폐기로 해킹 규모는 확인 불가,"'통합 서버 접근제어 설루션' 서버목록·계정·임직원 성명 유출""보안당국 안내 받고도 서버 OS 재설치…조사 공무집행 방해""LG유플러스 용산사옥 2020.08.24/뉴스1(서울=뉴스1) 윤주영 기자 = 정부 조사 결과 LG유플러스(032640) 내부 서버에서 서버목록·계정정보·임직원 성명 등 정보가 유출된 것으로 확인됐다. 다만 회사가 침해사고 흔적을 보여주는 경로 상의 서버 운영체제(OS)를 업그레이드·폐기하면서, 정확한 원인 분석은 어려운 상황이다.과학기술정보통신부는 LGU+를 대상으로 올해 8월 25일부터 실시한 현장 조사 결과를 29일 브리핑했다.과기정통부 산하 한국인터넷진흥원(KISA)은 올해 7월 18일 익명의 제보자로부터 LGU+의 자료가 유출됐다는 소식을 입수했다. 이후 글로벌 해킹 권위지 '프랙 매거진'을 통해 사안이 공개됐으며, 고려대 정보보호대학원 등 보안업계 분석으로 대중에도 상세히 소개됐다.8월 자체 조사단을 통해 현장 조사를 수행한 과기정통부는 올해 10월 24일부터 LGU+와 민관합동 조사단을 구성했다. 이후 정보 유출이 의심되는 서버의 포렌식 분석을 진행했다.그 결과 당초 제보자가 유출을 의심한 '통합 서버 접근제어 설루션(APPM)' 서버 연계 정보들은 실제 회사로부터 유출된 것으로 드러났다. 다만 제보자가 공개한 자료 유출본과는 내용이 다르라고 조사단 측은 설명했다.자료가 유출됐을 것으로 추정되는 또 다른 APPM 서버는 침해사고 흔적을 확인할 수 없는 상황이다. LGU+가 올해 8월 12일 OS 업그레이드 등 작업을 수행하면서다.제보자는 공격자가 LGU+에 APPM 설루션을 제공하는 협력사를 해킹하면서 LGU+에 침투했을 거라고 주장했다. 문제는 이 역시 검증이 어렵다.협력사 직원 노트북부터 LGU+의 APPM 서버로 이어지는 네트워크 경로상의 주요 서버 등이 모두 OS 재설치 및 폐기로 인해 흔적이 지워졌기 때문이다. 회사가 8월 12일부터 9월 15일까지 취한 조치다.KISA가 침해사고 정황을 LGU+에 안내한 게 올해 7월 19일이었고, 회사는 이를 인지한 상태에서 OS 재설치 및 폐기 조치를 했다. 정확한 조사가 어려워진 만큼, 정부는 LGU+의 조치가 부적절하다고 판단했다. 위계에 의한 공무집행 방해로 이달 9일 경찰청에 수사를 의뢰했다.배경훈 부총리 겸 과기정통부 장관은 ""국가 핵심 기간통신망에 보안 허점이 드러난 엄중한 사안""이라며 ""(기업은) 국민이 신뢰할 수 있는 안전한 서비스 환경을 만드는 것이 필수 조건임을 인식하고 정보보호를 경영의 핵심가치로 삼아야 한다""고 말했다.<용어설명>■ APPMAPPM(Automated Process Policy Management)은 시스템 계정의 패스워드를 주기적 일괄변경 및 관리하고 사용자에게 패스워드를 자동 생성/발급하는 통합 패스워드 관리 설루션이다."
https://n.news.naver.com/mnews/article/008/0005297783?sid=105,2025-12-29 14:00:00,IT/과학,"LGU+ 해킹, 경찰 수사 달려…과기정통부 ""조사 불가능""","과기정통부 민관합동조사단 조사결과(/사진=뉴스1LG유플러스의 해킹 의혹이 경찰 수사를 통해 가려질 전망이다.29일 과학기술정보통신부 민관합동조사단(이하 조사단)은 ""해킹 의혹을 받는 LG유플러스 서버가 모두 운영체제(OS) 재설치 및 폐기돼 조사가 불가능한 상황""이라고 밝혔다. 조사단은 한국인터넷진흥원(KISA)이 지난 7월19일 LG유플러스에 침해사고 신고를 안내한 후 이같은 조치가 이뤄진 것을 고려해, 정부 조사를 방해할 혐의가 있다고 판단해 경찰청에 '위계에 의한 공무집행 방해'로 수사를 의뢰했다.이에 대해 LG유플러스는 ""경찰 수사에 성실히 임하겠다""고 밝혔다.━LGU+, 4만개 계정 정보 유출…추가 확인 어려워━지난 8월 미국 보안 전문지 '프랙'은 해커가 LG유플러스의 외주 보안업체 '시큐어키'를 해킹해 얻은 계정 정보로 LG유플러스 내부망에 침투해 △8938대 APPM(통합 서버 접근제어 솔루션) 서버 정보 △4만2256개 계정 △167명 직원정보를 빼돌렸다고 보도했다. KISA 역시 지난 7월18일 익명의 제보자로부터 LG유플러스의 자료 유출 정보를 입수하고 회사 측에 침해사고 신고를 안내했다.이에 대해 LG유플러스는 ""협력사가 해킹당했을 뿐, 본사 시스템 침입이나 개인정보 유출 흔적은 없다""는 입장을 유지하다, 국회 지적이 잇따르자 지난 10월 뒤늦게 KISA에 침해 신고를 했다. 이때도 LG유플러스는 ""자사 서버에 대한 침해 흔적은 발견되지 않았다""며 ""국민적 염려와 오해를 해소하기 위한 신고""라고 공지했다.민관합동 조사 결과 APPM과 연결된 서버 목록·계정정보, 임직원 성명 등은 실제 LG유플러스에서 유출된 것으로 확인됐다.그러나 익명의 제보자가 공개한 LG유플러스 자료와 실제 제출된 APPM 서버에 차이가 있었다는 설명이다. 자료가 유출됐을 것으로 추정되는 또다른 APPM 서버는 OS가 업그레이드 돼 침해사고 흔적을 확인할 수 없었다. 또 시큐어키 해킹을 통해 LG유플러스에 침투했는지 확인하려 했으나, 시큐어키 직원의 노트북에서 LG유플러스의 APPM 서버로 이어지는 네트워크 경로상의 주요 서버 등이 모두 OS 재설치 및 폐기된 것으로 나타났다.앞서 LG유플러스는 ""OS 재설치 이전과 이후 각 서버를 이미징한 복제 자료를 제출해 포렌식이 가능하다""고 반박했으나, 실제로는 정밀 분석이 어렵다는 게 조사단 입장이다. 이에 해킹 은폐 의혹은 경찰 수사로 밝혀질 전망이다."
https://n.news.naver.com/mnews/article/025/0003492979?sid=105,2025-12-29 14:00:00,IT/과학,과기정통부 “KT 위약금 면제해야”... KT·LGU+ 민관합동조사 결과 발표,"과학기술정보통신부는 29일 지난 7~8월 발생한 KT 이용자 무단 소액 결제 사건과 관련해 “전체 이용자에게 안전한 통신서비스를 제공해야 할 의무를 다하지 못했다”며 “전체 이용자를 대상으로 이용약관상 위약금을 면제해야 하는 회사의 귀책사유에 해당한다”고 밝혔다. 이는 과기정통부 등 민관합동조사단(조사단)의 조사 결과에 따른 것이다.최우혁 과학기술정보통신부 네트워크정책실장이 지난달 6일 서울 종로구 정부서울청사에서 KT 침해사고 중간조사 결과를 발표하고 있다.뉴스1조사단에 따르면 지난 9월 발생한 KT의 불법 펨토셀(초소형 기지국)로 인한 침해 사고로 2만 2227명의 IMSI(가입자 식별번호), IMEI(단말기 식별번호), 전화번호가 유출되고 무단 소액결제로 368명이 총 약 2억 4300억원 규모의 피해를 입었다. 피의자로부터 확보한 불법 펨토셀을 조사한 결과, 공격자는 불법 펨토셀에 KT의 펨토셀 인증서, KT 서버 IP 주소 정보를 복사해 KT 내부망에 접속했고, 이를 통해 기지국에 접속했던 단말기가 불법 펨토셀에 연결되도록 하는 방법으로 정보를 탈취했다. 피의자들은 이 정보를 미상의 경로로 취득한 성명, 생년월일 등 개인정보와 결합해 상품권 구매 사이트에서 소액결제를 한 것으로 파악됐다.또, 지난해 3~7월 BPF도어(중국 해커 그룹이 만든 것으로 알려진 일종의 백도어) 등 악성코드에 서버가 감염된 것으로 확인했음에도 침해사고 신고를 하지 않고 자체적으로 조치한 점도 확인돼 KT에 과태료를 부과할 예정이다.이와함께 조사단은 “지난 7월 미국의 보안 전문지 프랙에 공개된 서버 유출 관련 정부의 조사를 방해한 혐의로 KT와 LG유플러스를 경찰에 수사 의뢰했다”고 밝혔다. 프랙 보고서는 KT 인증서, LG유플러스의 APPM(패스워드 관리 솔루션) 정보 등이 유출됐다고 밝힌 바 있다. 이에 조사단은 KT가 폐기 시점을 허위 제출했다고 판단, 지난 10월 경찰에 위계에 의한 공무집행방해 혐의로 수사의뢰했다. LG유플러스에 대해서는 “APPM 서버로 이어지는 네트워크 경로상의 주요 서버 등이 모두 OS(운영체제) 재설치 또는 폐기됐다”며 지난 9일 같은 혐의로 수사의뢰했다.더중앙플러스 : 팩플더 자세한 기사내용이 궁금하시다면, 주소창에 링크를 붙여넣으세요.비번 바꾸면 맨날 까먹는다? “강력 권장” 해킹 피해 막는 법돌아서고 나면 줄줄이 터지는 해킹·개인정보 유출 피해 사건들을 보며 ‘개인정보는 이제 공공정보가 됐다’는 자조섞인 반응이 정설이 되고 있다. 실제 경제·물리적 피해는 아직까진 없었다 해도, 싹 다 털린 탓에 앞으로 어찌 될지 모른다는 찜찜함은 계속 커지는데. 하지만 아직 늦지 않았다. 일부 개인정보가 해커 손에 들어갔다 해도, 조금만 부지런해지면 금전적 피해로 이어지는 최악의 상황은 막을 수 있다. 팩플이 내 개인정보의 다크웹(특수 브라우저 통해서만 접속 가능한 암호화된 웹사이트) 유출 여부를 확인하는 방법부터, 휴대전화와 내 계좌를 잠재적 범죄자들로부터 지키는 방법, 보안 전문가들이 스스로 꼭 실천하는 피해 방지법, 언제 가입했는지 모르는 사이트에서 내 계정 한방에 없애는 방법까지 싹 다 모았다. 체념은 금물! 해킹 피해로 인한 최악의 상황을 막아주는 최소한의 생존법을 익혀보자. 이 리포트만 읽어도 ‘대(大) 해킹의 시대’, 당신도 살아남을 수 있다.https://www.joongang.co.kr/article/25389022김과장, AI 직무로 갈아탔다…200명 ‘이직 노하우’ 대방출AI가 내 ‘일’과 ‘자리’를 위협하는 요즘. 팩플이 남들보다 빠르게 AI 분야로 직무 전환한 이들의 이야기를 취재했다. 최근 AI 관련 직무로 이직에 성공한 200명의 사례를 분석해 이들의 공통점과 노하우도 추출했다. AI 분야 현직자들이 꼽는 AI 직무의 필수 자질은 뭘까. 헤드헌터가 말하는 이력서 작성 꿀팁은? AI 분야에서 C레벨이 되고 싶다면, 주목해야 할 채용 시장 분위기는? 문과여도 할 수 있는 AI 직무 전환 가능 분야는? 모두가 AI 활용을 외치는 시대, AI 분야 직무 전환에 대한 고민이 생긴 직장인이라면 이번 리포트 필독!https://www.joongang.co.kr/article/25391851아마존CTO 국내 단독 인터뷰…그가 돌연 ‘외로움’ 꺼낸 이유아마존에 합류한 뒤 20년 넘게 아마존 최고기술책임자(CTO)로 기술혁신을 책임져 온 버너 보겔스 CTO를 팩플이 만났다. 그는 AI발달로 개발자가 필요 없는 세상이 오는것 아니냐는 우려에 대해 그렇지 않다고 단언했다. 그는 “'르네상스 개발자'가 필요하다”며 “인류가 직면한 현실적 문제(real human problems)를 해결하는 기술이야말로 우리가 집중해야 할 방향”이라고 강조했다.https://www.joongang.co.kr/article/25392789"
https://n.news.naver.com/mnews/article/001/0015818573?sid=102,2025-12-29 14:00:03,사회,"KT 역대급 서버 해킹…정부, 전 이용자 위약금 면제 요구","서버 94대 악성코드 103종 감염…통신사 최악 수준문자·통화 유출 가능성에 안전한 통신 제공 의무 위반KT, 작년 서버 해킹 알고도 은폐 정황(서울=연합뉴스) 서명곤 기자 = KT가 지난해 BPF도어(BPFDoor)라는 은닉성이 강한 악성 코드에 서버가 대량 감염된 사실을 자체 파악하고도 당국에 신고하지 않고 은폐한 것으로 파악됐다. BPF도어는 올해 초 불거진 SKT 해킹 사례에서도 큰 피해를 준 악성 코드다.KT 해킹 사고를 조사 중인 민관 합동 조사단은 6일 정부서울청사에서 중간 조사 결과에 대한 브리핑을 통해 이같이 밝혔다.사진은 이날 서울 광화문 KT 본사 모습. 2025.11.6 seephoto@yna.co.kr(서울=연합뉴스) 조성미 기자 = 정부가 해킹 방지를 소홀히 해 이용자에게 안전한 통신 서비스를 제공할 의무를 다하지 못한 책임을 물어 KT에 전 이용자를 대상으로 위약금 면제 조치를 할 것을 29일 요구했다.과학기술정보통신부는 이날 정부서울청사에서 서버 94대가 악성코드 103종에 감염돼 있었고 통화 정보가 유출될 위험이 있었던 KT가 이용자에 대한 위약금 면제 실시 대상에 해당한다는 내용을 골자로 한 KT 침해 사고 최종 조사 결과를 발표했다.민관 합동 조사단이 KT 서버 3만3천대를 6차례에 걸쳐 점검한 결과 서버 94대가 BPF도어(BPFDoor), 루트킷, 디도스 공격형 코드 등 악성코드 103종에 감염돼 있었다.역대급 통신사 해킹 사건으로 지목된 SKT의 경우 악성코드 33종에 감염됐고 공급망 보안 관리 취약으로 악성코드 1종이 서버 88대에 유입된 바 있는데 KT의 감염 범위가 더 광범위한 것이다.KT는 작년 3월 감염 서버를 발견하고도 정부에 알리지 않고 서버 41대에 대해 코드 삭제 등 자체 조치로 무마해 피해 파악이 늦어졌다.BPF도어 등 악성코드는 2022년 4월부터 인터넷 연결 접점이 있는 서버의 파일 업로드 과정의 취약점을 통해 서버에 침투한 것으로 파악됐다. 루트킷 등 악성코드는 방화벽, 시스템 로그 등 기록이 남아있지 않아 공격자의 침투 방법 등을 판단할 수 없었다.서버 감염과 별도로 불법 초소형 기지국(펨토셀)이 통신망에 무단 접속해 국제이동가입자식별정보(IMSI), 국제단말기식별번호(IMEI), 전화번호 탈취 피해를 본 이용자는 2만2천227명, 무단 소액결제 피해자는 368명, 피해액 2억4천300만원으로 중간 조사 결과와 변동이 없었다.다만, 통신 결제 관련 데이터가 남아있지 않은 기간인 작년 7월 31일 이전의 피해 규모는 확인이 불가능해 추가 피해 여지는 미궁으로 남게 됐다.KT·LGU+ 침해사고 조사 결과 브리핑(서울=연합뉴스) 서대연 기자 = 류제명 과학기술정보통신부 제2차관이 29일 서울 종로구 정부서울청사에서 KT·LGU+ 침해사고 조사 결과를 브리핑하고 있다. 2025.12.29 dwise@yna.co.kr조사단은 경찰이 무단 소액결제범들로부터 확보한 불법 펨토셀을 포렌식 분석한 결과 이들 기기에 KT 망 접속에 필요한 KT 인증서 및 인증 서버 IP 정보와 해당 기지국을 거쳐 가는 트래픽을 가로채 제삼의 장소로 전송하는 기능이 있음을 확인했다.여기에 단말기에서 코어망에 이르는 통신 과정에서 암호화가 풀리면서 ARS, SMS 등 결제 인증 정보가 탈취됐을 뿐 아니라 이용자의 문자, 통화 내용이 유출되는 일도 가능한 것으로 확인됐다.특히, 아이폰 16 이하 기종 등 일부 단말기에는 KT가 암호화 설정 자체를 지원하지 않고 있었다.조사단은 KT의 펨토셀 관리 체계가 전반적으로 부실해 불법 펨토셀이 KT 내부망에 언제 어디서든 접속할 수 있었다며 인증 서버 IP의 주기적 변경 및 대외비 관리 등 보안 관리 개선책을 요구했다.모든 펨토셀 제품이 동일한 제조사 인증서를 사용하고 있어 이를 복사하면 정상 펨토셀이 아니더라도 KT 망에 접속할 수 있었고 타사 또는 해외 IP 등 비정상 IP를 차단하지 않고 있었으며 정상 정보인지 검증 체계도 없었기 때문이다.'가짜 기지국' 관련 질문에 답하는 김영섭 KT 대표이사[연합뉴스 자료사진]과기정통부는 KT 보안 조치의 총체적인 미흡이 위약금 면제 사유에 해당한다고 판단했다.약관에 명시된 ""회사의 귀책 사유로 이용자가 서비스를 해지할 경우 위약금을 면제할 수 있다""는 규정에 부합하며 특히 평문의 문자, 음성 통화가 제삼자에게 새어나갈 위험성은 소액결제 피해를 본 일부 이용자에 국한된 것이 전체 이용자에 해당한다고 봤기 때문이다.조사단이 로펌 등 5개 기관을 대상으로 법률 자문을 진행한 결과 4곳에서 이번 침해 사고로 KT가 안전한 통신 서비스 제공이라는 계약의 주요 의무를 위반해 위약금 면제 규정 적용이 가능하다는 법적 판단을 전달했다.과기정통부는 KT가 위약금 면제 조치를 SKT의 사례에 준해 적용할 것으로 보고 있다.SKT는 사고 최종 조사 결과가 발표된 지난 7월 4일을 기준으로 열흘간 침해 사고 이후 해지한 고객을 포함해 위약금 면제를 적용한 바 있다.조사단은 KT가 악성코드뿐 아니라 쉽게 탐지가 가능한 웹셸도 발견하지 못하는 등 보안 점검이 미흡했다며 서버 등 네트워크가 연결되는 장치에서 발생하는 모든 활동을 감지 분석하는 도구(EDR), 백신 등 보안 설루션 도입을 확대하라고 요구했다.아울러 분기에 1회 이상 모든 자산에 대해 보안 취약점을 정기 점검하고 운영 시스템 로그 기록을 최소 1년 이상 보관하며 중앙 로그 관리 시스템을 구축해 사이버 침해를 감시할 것을 촉구했다.나아가 KT가 서버 등의 자산 종류, 규모, 운용 여부 등을 체계적으로 관리하지 않았다며 전사의 자산을 담당하는 정보기술최고책임자(CIO)를 지정하고 정보기술 자산관리 설루션을 도입하라고 했다.과기정통부는 KT에 재발 방지 이행 계획을 내년 1월까지 제출하도록 하고 6월까지 이행 여부를 점검할 계획이다.KISA에 해킹 정황 신고한 LG유플러스(서울=연합뉴스) 김성민 기자 = LG유플러스가 서버 해킹 정황을 사이버 보안 당국에 신고했다. LG유플러스는 23일 한국인터넷진흥원(KISA)에 서버 해킹 피해와 관련한 신고서를 제출했다.사진은 이날 서울 용산구 LG유플러스 용산 사옥의 모습. 2025.10.23 ksm7976@yna.co.kr한편, 민관 합동 조사단은 LGU+의 해킹 의혹에 대해 익명의 화이트해커로부터 정보 유출이 지목된 통합 서버 접근제어 설루션(APPM)이 해킹당했으며 서버 목록, 서버 계정정보 및 임직원 성명 등 관련 정보가 실제 유출된 것을 확인했다.하지만, LGU+가 당국에서 침해 사고 정황을 안내한 이후에 서버 운영체계(OS)를 재설치 또는 폐기하며 구체적인 침해 내용이 드러나지 않았다.이에 과기정통부는 LGU+가 조사를 방해했다고 보고 위계에 의한 공무집행 방해로 경찰청에 수사 의뢰했다.LGU+는 ""경찰 수사에 성실히 임하겠다""고 밝혔다.csm@yna.co.kr"
https://n.news.naver.com/mnews/article/001/0015818576?sid=102,2025-12-29 14:00:05,사회,KT 해킹의 결론…감염은 SKT보다 컸다,"서버 94대·악성코드 103종 확인위약금 면제 결정에 이통시장 영향 주목정부, KT ""엄중 조치"" 예고[연합뉴스 자료사진](서울=연합뉴스) 박형빈 기자 = KT 해킹 사고가 악성코드 감염 규모 측면에서 SK텔레콤 해킹을 크게 웃돈 것으로 드러났다.과학기술정보통신부 민관합동조사단이 29일 광화문 정부서울청사에서 발표한 KT·LGU+ 침해사고 최종 조사 결과에는 이같은 내용이 포함됐다.조사 과정에서 KT의 관리 부실과 과실이 인정되면서 위약금 면제 조치가 예고돼 이동통신 시장의 가입자 이동을 자극할 가능성도 제기된다.KT·LGU+ 침해사고 조사 결과 브리핑(서울=연합뉴스) 서대연 기자 = 류제명 과학기술정보통신부 제2차관이 29일 서울 종로구 정부서울청사에서 KT·LGU+ 침해사고 조사 결과를 브리핑하고 있다. 2025.12.29 dwise@yna.co.krKT, SKT보다 광범위한 감염…LGU+는 경찰 수사 앞둬조사 결과 KT 해킹은 앞서 해킹이 발생한 SK텔레콤과 비교해 악성코드 종류·개수·감염 범위가 더 광범위했다.SK텔레콤은 28대 서버에서 BPF도어 계열 27종을 포함해 모두 33종의 악성코드 감염이 확인된 반면, KT는 94대 서버에서 BPF도어, 루트킷 등 103종의 악성코드 감염이 확인됐다.KT에서는 실제 금전 피해도 발생해 소액결제로 2억4천여만원 규모의 피해가 집계됐다.개인정보 유출 측면에서는 SK텔레콤의 피해 규모가 더 큰 것으로 평가된다.SK텔레콤은 2천300만명이 넘는 가입자 대부분의 전화번호, 가입자식별번호(IMSI), 유심 인증키(Ki·OPc) 등 25종의 개인정보가 유출됐지만 KT는 2만2천여명의 가입자식별번호(IMSI), IMEI, 전화번호 등이 유출된 것으로 파악됐다.다만 KT는 서버 내부 파일접근 및 실행, 오류 등 동작을 기록하는 시스템로그 보관 기간이 1∼2개월에 불과해 로그기록이 남아있지 않은 기간에 대한 유출 여부는 확인이 불가능해 피해 정도를 단정하기는 어렵다는 한계가 있다.이동통신사 줄줄이 사고…LGU+ 고객 정보 유출[연합뉴스 자료사진]LGU+의 경우 침해사고와 관련해 허위 자료 제출과 서버 폐기 정황이 드러나 강도 높은 경찰 수사가 예고됐다.당국은 통합 서버 접근제어 솔루션(APPM)과 연결된 정보의 실제 유출을 확인했으나, 익명 제보자가 제공한 자료와 회사가 제출한 자료가 서로 다르다는 사실을 파악했다.해킹 매개체로 지목된 협력사 직원 노트북과 네트워크 경로 역시 추적이 어려운 상황이다.당국은 이 같은 폐기 행위에 대해 위계에 의한 공무집행방해 혐의로 경찰 수사를 의뢰했다. 향후 수사 결과에 따라 신규 영업 제한과 위약금 면제 조치까지 확대될 가능성도 있다.KT 고객 전원 위약금 면제…통신 시장 요동칠까KT는 SK텔레콤 해킹 사태와 달리 신규 영업 정지는 피했지만 위약금 면제 조치는 동일하게 적용받게 됐다.조사단은 KT 이용약관에 규정된 '회사 귀책 사유로 이용자가 서비스를 해지할 경우 위약금을 면제한다'는 조항을 근거로 이번 해킹 사고가 위약금 면제 사유에 해당한다고 판단했다.조사단은 침해사고 과정에서 KT의 과실이 확인됐고, 안전한 통신서비스 제공이라는 계약상 주된 의무를 다하지 못했다고 봤다. 이에 따라 특정 피해 고객에게 국한하지 않고 전체 이용자를 대상으로 약관상 위약금 면제 사유가 성립한다고 결론 내렸다.이로써 소액결제 피해를 보았거나 개인정보가 유출된 가입자는 물론, 피해가 확인되지 않은 가입자도 계약기간과 무관하게 위약금 없이 통신사를 변경할 수 있는 길이 열리게 됐다.서울 시내 한 KT 대리점[연합뉴스 자료사진]앞서 SK텔레콤은 침해사고 인지 시점인 4월 19일부터 민관합동조사단 최종 조사 결과 발표 열흘 뒤인 7월 14일까지 해지한 고객에게 위약금 면제를 적용한 바 있다.이번 KT 위약금 면제가 미칠 영향에 대해서는 전망이 엇갈린다.올해 이동통신 3사 모두 대형 해킹을 겪은 데다 금융·플랫폼·전자상거래 등 다양한 업종에서 보안 사고가 이어지면서 이용자 피로감 인식이 커져 실제 가입자 이동이 제한적일 것이라는 관측이 있다.실제로 KT의 가입자 감소 폭은 SK텔레콤 해킹 당시 일일 수만 명 단위로 이탈이 발생했던 수준과 비교하면 상대적으로 제한적이었다.다만 KT의 위약금 면제를 계기로 SK텔레콤과 LGU+가 가입자 유치를 위한 공격적 마케팅에 나설 경우 가입자 수 판도가 다시 흔들릴 수 있다는 전망도 크다.단통법 폐지 이후 시장의 이동 폭이 애초 예상보다 제한적이었으나 이번 조치와 맞물리면서 시장이 재차 요동칠 수 있다는 분석이다.특히 사건 은폐 의혹을 받는 LGU+보다는 조사가 마무리됐고 해킹 사태로 사상 처음 시장점유율 40% 선을 하회한 SK텔레콤이 반등을 위한 영업에 나설 가능성에 무게가 실린다.binzz@yna.co.kr"
https://n.news.naver.com/mnews/article/422/0000816971?sid=105,2025-12-29 14:00:19,IT/과학,"정부, KT 위약금 면제 적용 판단…LGU+는 수사 의뢰","KT대리점에 붙은 무료 유심 교체 안내 포스터 [연합뉴스 자료사진]불법 초소형 기지국(펨토셀) 해킹으로 무단 소액결제 피해가 발생한 KT에 대해, 정부가 위약금 면제 규정 적용이 가능하다고 최종 판단했습니다.정부는 또, 서버 정보 등이 외부로 유출됐으나 사고 관련 서버를 폐기한 것으로 알려진 LG유플러스에 대해선 경찰에 수사를 의뢰했습니다.과학기술정보통신부는 이 같은 내용의 민관합동조사단 침해사고 조사 결과를 오늘(29일) 발표했습니다.조사단은 KT가 지난 10월 발표한 피해 규모에 대한 산출 방법의 적절성 및 산출과정에서의 피해 누락 여부 등의 검증을 거친 결과 불법 펨토셀로 인한 침해사고로 2만2,227명의 가입자 식별번호(IMSI), 단말기 식별번호(IMEI), 전화번화가 유출됐다고 전했습니다.특히 368명이 무단 소액결제로 2억4,300만 원 규모의 피해가 발생했음을 확인했다고 밝혔습니다. 이는 KT가 산출한 피해 규모와 일치하는 수치입니다.다만, 통신결제 관련 데이터가 남아있지 않은 기간인 2024년 7월 31일 이전에 대해서는 추가 피해 여부를 확인하는 것이 불가능했다고 조사단은 설명했습니다.과기정통부는 이러한 조사 결과를 바탕으로 법률 자문을 진행했는데, 법률 자문 기관 5곳 중 4곳에서는 이번 침해사고를 KT의 과실로 판단했습니다.해당 기관들은 펨토셀 관리부실은 전체 이용자에 대해 안전한 통신서비스 제공이라는 계약의 주요 의무 위반이므로, 위약금 면제 규정 적용이 가능하다는 의견을 제시했습니다.과기정통부는 조사단의 조사 결과와 KT의 입장, 법률자문 결과 등을 종합적으로 검토해 KT가 이용자에게 통신서비스를 제공함에 있어 계약상 주된 의무를 위반했는지 여부를 들여다 봤습니다.과기정통부는 ""펨토셀 관리 부실로 불법 펨토셀이 언제, 어디서든 KT망에 접속할 수 있었으므로 KT는 이번 침해사고에 과실이 있다""며 ""KT는 펨토셀 보안 관리를 통해 전체 이용자에게 안전한 통신서비스를 제공해야 할 의무를 다하지 못한 것으로 판단한다""고 전했습니다.그러면서 ""KT 과실이 발견된 점, KT가 계약상 주된 의무를 다하지 못한 점 등을 고려할 때 전체 이용자를 대상으로 KT 이용약관상 위약금을 면제해야 하는 회사의 귀책사유에 해당한다""고 설명했습니다.과기정통부는 이번 조사단의 조사 결과를 토대로 KT에 재발방지 대책에 따른 이행계획을 내년 1월까지 제출하도록 하고, KT의 이행 여부를 내년 6월 전까지 점검할 계획입니다.아울러 이행점검 결과 보완이 필요한 사항에 대해서는 정보통신망법에 따라 시정조치를 명령하고, 고의적인 침해사고 미신고로 인한 피해 확산을 방지하기 위해 정보통신망법 개정을 통한 제재 강화 등 제도 개선을 추진한다는 방침입니다.LG유플러스 [연합뉴스 자료사진]과기정통부는 또 LG유플러스 침해사고에 대한 조사를 진행한 결과, 통합 서버 접근제어 솔루션과 연결된 정보(서버목록, 서버 계정정보 및 임직원 성명)가 실제로 유출된 것으로 확인됐다고 밝혔습니다.다만, “자료가 유출됐을 것으로 추정되는 또 다른 서버는 운영체제 업그레이드 등의 작업이 이뤄져 침해사고 흔적을 확인할 수 없었고 침해 사고 관련 주요 서버 등이 모두 재설치 또는 폐기돼 조사가 불가능했다”고 조사단은 설명했습니다.조사단은 이런 행위가 한국인터넷진흥원(KISA)이 침해사고 정황 등에 대해 안내한 이후 이뤄진 점을 고려할 때, 이를 부적절한 조치로 판단하고 LG유플러스를 위계에 의한 공무집행 방해로 경찰청에 수사 의뢰했습니다.배경훈 부총리 겸 과기정통부 장관은 “이번 KT, LGU+ 침해사고는 SK텔레콤 침해사고에 이어, 국가 핵심 기간통신망에 보안 허점이 드러난 엄중한 사안”이라며 “기업들은 국민이 신뢰할 수 있는 안전한 서비스 환경을 만드는 것이 생존의 필수 조건임을 인식하고 정보보호를 경영의 핵심가치로 삼아야 한다”고 강조했습니다.#KT #LG유플러스 #침해사고 #위약금연합뉴스TV 기사문의 및 제보 : 카톡/라인 jebo23"
https://n.news.naver.com/mnews/article/016/0002578396?sid=105,2025-12-29 14:00:23,IT/과학,[속보] 정부 “해킹사고 KT 과실…전체 이용자 위약금 면제 사유 해당”,"서울 도심 내 한 KT 대리점 인근 신호등에 빨간불이 켜져 있다. 임세준 기자[헤럴드경제=박세정 기자] KT 무단 소액결제 해킹 사태를 조사한 민관합동조사단이 이번 사고의 과실이 KT에 있다고 보고, 전체 이용자를 대상으로 한 위약금 면제 사유에 해당 된다고 판단했다.이번 해킹 사태로 2만2227명의 가입자식별번호(IMSI), 단말기식별번호(IMEI), 전화번호가 유출된 것으로 드러났다. 무단 소액결제 피해 규모는 368명, 2억4300만원으로 집계됐다.이와함께 LG유플러스의 침해 사고는 허위자료 제출 및 서버폐기 등으로 인해 확인 불가능한 것으로 판단했다. 이에 정부는 LG유플러스에 대해 위계에 의한 공무집행 방해로 수사를 의뢰했다.총 94대 서버 악성코드 103종 감염…불법 펨토셀서 정보 탈취29일 과학기술정보통신부는 KT, LG유플러스 침해사고에 대한 민관합동조사단(이하 조사단)의 조사 결과 및 KT의 이용약관 상 위약금 면제 규정에 대한 검토 결과를 발표했다.조사단에 따르면, 불법 펨토셀로 인한 침해사고로 2만2227명의 IMSI, IMEI, 전화번호가 유출됐고, 368명(777건)이 무단 소액결제로 2억4300만원 규모의 피해가 발생했다.이와함께 조사단은 KT 전체 서버 점검 및 감염서버 포렌식을 통해 총 94대 서버가 악성코드 103종에 감염된 점을 확인했다.KT가 지난해 3~7월 기간에 감염서버를 발견했음에도 정부에 신고 없이 자체 조치한 악성코드 감염서버는 총 41대로 BPFDoor 4종, 웹셸 16종, 원격제어형 악성코드 6종 등 26종의 악성코드를 확인했다.또한, KT가 자체적으로 실시한 외부업체 보안점검에서 53대 서버 감염 및 루트킷 39종, 백도어 36종, 디도스 공격형 2종 등 77종의 악성코드를 확인했다. 이 중 루트킷은 BPFDoor와 같은 은닉형 악성코드로, 화이트해커가 프랙에 제보한 보고서에 언급된 바 있다.KT 광화문 East사옥 전경. [KT 제공]조사단은 경찰이 피의자로부터 확보한 불법 펨토셀을 포렌식 분석한 결과, 펨토셀에 KT망 접속에 필요한 KT 인증서, 인증서버 IP 정보와 해당 셀을 거쳐가는 트래픽을 캡쳐해 제3의 장소로 전송하는 기능이 있음을 확인했다.공격자는 먼저 불법 펨토셀에 KT의 펨토셀 인증서, KT 서버 IP 주소 정보를 복사해 KT 내부망에 접속했다. 그 후, 불법 펨토셀이 강한 전파를 방출하도록 해 정상적인 기지국에 접속했던 단말기가 불법 펨토셀에 연결되도록 하고 해당 셀에 연결된 피해자의 전화번호, IMSI, IMEI 등의 정보를 탈취했다.공격자는 불법 펨토셀에서 탈취한 정보를 미상의 경로로 취득한 개인정보(성명, 생년월일, 휴대전화번호)와 결합해 피해자를 선정하고, 피해자의 개인정보로 상품권 구매 사이트에 접속했다. 상품권 구매 시도 및 피해자에게 전달되는 ARS, SMS 등 인증정보를 불법 펨토셀을 통해 탈취해 무단 소액결제를 한 것으로 판단했다.속속 드러난 KT 과실…“전체 이용자 위약금 면제 사유 해당”조사단의 조사결과에 따르면, 이번 침해사고와 관련해 KT에 펨토셀 인증서 관리, 펨토셀 제작 외주사 보안관리, 비정상 IP 접속 관리, 펨토셀 제품 형상정보 검증 등 기본적인 펨토셀 보안조치 과정에서 명백한 문제점이 드러났다. 이 과정에서 KT가 정보통신망법을 위반한 사실도 확인됐다.조사단은 KT는 안전한 통신서비스 제공을 위한 펨토셀 관리와 관련해 일반적으로 기대되는 사업자의 주의의무를 다하지 못했을 뿐만 아니라 관련 법령을 위반했다고 봤다. 과기정통부는 이번 침해사고에서 KT의 과실이 있는 것으로 판단했다.이를 고려할 때, 이번 침해사고는 KT 전체 이용자를 대상으로 KT 이용약관상 위약금을 면제해야 하는 회사의 귀책사유에 해당한다고 과기정통부는 판단했다.LG유플러스 용산 사옥 전경. [LG유플러스 제공]LGU+ 확인 불가능…정부 “공무집행 방해 수사 의뢰”이와함께 조사단은 LG유플러스의 침해 사고와 관련해선 침해사고 흔적을 확인할 수 없는 상황임을 확인했다.앞서 한국인터넷진흥원(KISA)은 익명의 제보자로부터 LG유플러스의 자료 유출 관련 정보를 입수하고LG유플러스에 관련사항을 공유, 침해사고 신고를 안내했다. 과기정통부(KISA)는 자체 조사단을 구성하여 8월25일부터 LG유플러스의 현장 조사를 실시했고 이후 LG유플러스가 10월23일 KISA에 침해사고를 신고한 후 조사단을 구성·운영했다.조사단은 LG유플러스에서 제출받은 서버 접근제어 솔루션(APPM) 서버에 대해서 정밀 포렌식 분석을 진행한 결과, 익명의 제보자가 공개한 LG유플러스의 자료와 상이함을 확인했다.자료가 유출되었을 것으로 추정되는 또 다른 APPM 서버는 운영체제 업그레이드(8.12) 등의 작업이 이루어져 침해사고 흔적을 확인할 수 없는 상황임을 확인했다.또한, 익명의 제보자는 공격자가 LG유플러스에 APPM 솔루션을 제공하는 협력사를 해킹한 후 LG유플러스에 침투하였음을 주장했다. 조사단은 이 주장에 대해서도 확인을 시도하였으나, 협력사 직원의 노트북에서부터 LG유플러스의 APPM 서버로 이어지는 네트워크 경로상의 주요 서버 등이 모두 OS 재설치 또는 폐기돼 조사가 불가능한 상황임을 확인하였다.조사단은 LG유플러스의 관련 서버의 OS 재설치 또는 폐기 행위를 부적절한 조치로 판단하고 위계에 의한 공무집행 방해로 경찰청에 수사의뢰했다.배경훈 부총리 겸 과학기술정보통신부 장관 [과학기술정보통신부 제공]배경훈 부총리는 “이번 KT, LGU+ 침해사고는 SK텔레콤 침해사고에 이어, 국가 핵심 기간통신망에 보안 허점이 드러난 엄중한 사안”이라면서,“기업들은 국민이 신뢰할 수 있는 안전한 서비스 환경을 만드는 것이 생존의 필수 조건임을 인식하고 정보보호를 경영의 핵심가치로 삼아야 한다”고 강조했다."
https://n.news.naver.com/mnews/article/119/0003042280?sid=105,2025-12-29 14:00:23,IT/과학,"KT 총체적 보안 부실에 정부 ""전 고객 위약금 면제""…LGU+는 조사 방해 의혹 수사","과기부, KT와 LGU+ 침해사고 최종 조사결과 발표KT, 불법 펨토셀 접속 허용, 통신 암호화 해제, 정보보호 활동 미흡""KT 침해사고, 위약금 면제 규정 적용 가능""LGU+는 허위자료 제출 및 서버폐기로 확인 불가…경찰에 수사 의뢰ⓒ과학기술정보통신부[데일리안 = 조인영 기자] KT 침해사고와 관련해 정부가 KT의 총체적 보안 관리 부실로 판단했다. 불법 펨토셀 접속을 허용하고 통신 암호화 해제가 가능하도록 했으며 정보보호 활동도 미흡해 사태를 키웠다는 지적이다.정부는 KT에 대해 정보통신망법 위반으로 과태료 부과 예고를 하는 한편, 조사 과정에서 고의로 자료를 은폐한 정황을 포착해 경찰에 수사를 의뢰했다. 아울러 KT의 과실이 명백한 만큼 전 고객이 위약금 면제 대상이 된다고 판단했다.LG유플러스 역시 자료 유출 의혹 조사 과정에서 허위 자료를 제출하고 서버를 폐기하는 등 조사를 방해한 혐의로 경찰 수사를 받게 됐다.불법 펨토셀·악성코드 복합 공격 확인과학기술정보통신부는 KT, LGU+ 침해사고에 대한 민관합동조사단 조사 결과 및 KT의 이용약관상 위약금 면제 규정에 대한 검토 결과를 29일 발표했다.조사단은 경찰이 피의자로부터 확보한 불법 펨토셀을 포렌식 분석한 결과, 해당 펨토셀에 KT망 접속에 필요한 KT 인증서 및 인증서버 IP 정보와 해당 셀을 거쳐가는 트래픽을 캡쳐해 제3의 장소로 전송하는 기능이 있음을 확인했다.공격자는 먼저 불법 펨토셀에 KT의 펨토셀 인증서, KT 서버 IP 주소 정보를 복사해 KT 내부망에 접속했다. 그 후, 불법 펨토셀이 강한 전파를 방출하도록 해 정상적인 기지국에 접속했던 단말기가 불법 펨토셀에 연결되도록 유도하고 해당 셀에 연결된 피해자의 전화번호, IMSI, IMEI 등의 정보를 탈취했다.공격자는 불법 펨토셀에서 탈취한 정보를 미상의 경로로 취득한 개인정보(성명, 생년월일, 휴대전화번호)와 결합해 피해자를 선정하고, 피해자의 개인정보로 상품권 구매 사이트를 접속해 상품권 구매 시도를 하고 피해자에게 전달되는 ARS, SMS 등 인증정보를 불법 펨토셀을 통해 탈취해 무단 소액결제를 한 것으로 정부는 판단했다.웹셸 및 BPFDoor 악성코드의 경우 인터넷 연결 접점이 있는 서버의 파일 업로드 취약점을 악용해 서버에 웹셸을 업로드하고 BPFDoor 등의 악성코드를 확산시킨 것으로 추정된다. 추정 감염 기간은 2022년 4월 2일부터 2024년 4월 19일이다.루트킷, 백도어 등의 악성코드에 대해서는 감염 시점 당시 방화벽, 시스템로그 등 기록이 남아있지 않아 공격자의 침투 방법 등을 판단하는 것이 불가능했다. 추정 감염 기간은 2023년 3월 11일부터 2025년 7월 4일이다.불법 장비 내부망 접속 가능 구조 드러나조사단은 KT의 펨토셀 관리 체계가 전반적으로 부실해 불법 펨토셀이 KT 내부망에 쉽게 접속할 수 있는 환경이었음을 확인했다.먼저 KT에 납품되는 모든 펨토셀 제품이 동일한 제조사 인증서를 사용하고 있어 해당 인증서를 복사하는 경우 정상 펨토셀이 아니더라도 내부망의 인증 서버로부터 KT 인증서를 받아 KT망에 접속이 가능함을 확인했다.또 KT 인증서의 유효기간이 10년으로 설정돼 한 번이라도 KT망에 접속한 이력이 있는 펨토셀은 지속적으로 KT망에 접속할 수 있는 문제점을 발견했다.KT는 내부망에서의 펨토셀 접속 인증과정에서 타사 또는 해외 IP 등 비정상 IP를 차단하지 않고 있었고, 펨토셀 제품 고유번호, 설치 지역정보 등 형상정보가 KT망에 등록된 정보인지 여부에 대해서도 검증하지 않았다.조사단은 펨토셀 제조사가 펨토셀에 탑재되는 셀ID, 인증서, KT 서버 IP 등 중요정보를 보안관리 체계 없이 펨토셀 제작 외주사에 제공했고 펨토셀 저장 장치에서 해당 정보를 쉽게 확인 및 추출하는 것이 가능함을 확인했다.조사단은 불법 펨토셀 접속 차단을 위해 통신 3사의 신규 펨토셀 접속을 전면 제한(9월 10일)하는 한편, KT에 ▲펨토셀이 발급받은 통신사 인증서 유효기간 단축(10년→1개월, 9월 10일) ▲펨토셀이 KT 망에 접속 요구 시 KT 유선 IP 외에는 차단(9월 23일) ▲펨토셀이 KT 망에 접속 시 형상정보를 확인 및 인증(10월 3일∼) ▲펨토셀 제품별 별도 인증서 발급(11월 5일) 등을 조치토록 했다.정부는 KT가 제조사가 펨토셀 생산 시 인증서, 통신사 인증 서버 IP, 셀ID에 대한 보안정책을 마련할 것을 요청했다.또한 펨토셀의 시큐어 부팅 기능 구현, KT 인증서버 IP 주기적 변경 및 대외비 관리, 불법 펨토셀 접속에 대한 이상징후 모니터링 및 탐지·차단 등 기술적 조치를 취하고, 펨토셀 보안 취약점 발굴·조치를 위한 화이트해커와의 협력 등 지속적 관리체계를 구축·운영해야 한다고 주문했다.KT 불법 펨토셀로 종단 암호화 무력화…일부 단말 SMS 평문 전송 확인KT는 국제표준화기구(3GPP) 및 한국정보통신기술협회(TTA) 표준권고에 따라 단말과 펨토셀 간(무선망), 펨토셀과 통신사 국사 간(인터넷망)의 구간 암호화와 단말과 코어망 간 종단 암호화를 하고 있다.그러나 통신 과정에서 종단 암호화가 해제되지 않아야 함에도 불구하고, 불법 펨토셀에 의해 암호화가 해제돼 결제 인증정보(ARS, SMS)가 전송됐다.이에, 공격자가 불법 펨토셀에 접속한 피해자 통신의 종단 암호화를 해제해 평문의 정보가 단말과 코어망 간 통신이 가능하게 됐으며, 통신 트래픽 캡쳐가 가능한 불법 펨토셀에 평문의 문자, 통화 탈취도 가능한 것을 확인했다.특히 일부 단말(아이폰 16 이하)의 경우, KT가 암호화 설정 자체를 지원하지 않아 문자 메시지(SMS)가 평문으로 전송되는 문제를 확인, KT 해당 단말에 대한 통신 연결 시 종단 암호화 지원을 조치토록 했다.정부는 KT가 이용자 단말기부터 코어망까지 종단 암호화(IPSec)가 해제되지 않도록 설정하고, 종단 암호화 해제 여부 및 비정상 신호 트래픽 인입에 대한 모니터링을 강화할 것을 주문했다.KT 보안 관리 전반 ‘낙제점’…정부, CISO 권한 강화 등 개선 주문조사단은 이번 침해사고 조사 과정에서 KT가 보안점검 미흡, 보안장비 미비 및 로그 단기보관 등 기본적인 정보보호 활동이 미흡했던 점과, 거버넌스, 자산관리 등 전반적인 정보보호 활동이 체계적으로 이뤄지지 않는 사실도 확인했다.KT는 자체 규정에 따라 시스템 로그 및 이벤트를 분석해 보안점검을 실시해야 하나, 보안점검 미흡으로 인해 악성코드 뿐만 아니라 쉽게 탐지가 가능한 웹셸도 발견하지 못했다.이에 정부는 KT는 EDR, 백신 등 보안 솔루션 도입 확대, 제로 트러스트 도입, 분기별 1회 이상 모든 자산에 대해 보안 취약점 정기점검 및 제거 등 보안관리 강화를 해야 한다고 주문했다. EDR이란서버 등 네트워크가 연결되는 장치에서 발생하는 모든 활동을 감지·분석하는 도구를 말한다.정부는 또한 KT가 펨토셀 인증 및 제품등록을 관리하는 시스템을 방화벽 등 보안장비 없이 운용하고 있어 외부 공격에 취약한 상태임을 확인했다.아울러 운영 중인 시스템의 로그기록 보관기간이 1~2개월에 불과해 침해사고 최초 침투시점, 악성코드 감염방법 등 상세한 사고원인 파악을 조사하는데 한계가 있었다.정부는 KT가 펨토셀 인증 및 제품등록을 관리하는 시스템에 방화벽 등 보안장비를 도입하고, 운영 시스템에 대한 로그기록을 최소 1년 이상 보관하는 한편, 중앙 로그 관리 시스템을 구축해 모니터링할 것을 주문했다.거버넌스 체계도 미흡했다. KT는 정보통신망법 등에 따라 정보보호최고책임자(CISO)가 정보보호 관련 업무를 총괄해야 함에도, 보안 업무를 정보기술 부문, 네트워크 부문, 정보보안실로 구분해 조직별로 수행하고 있었다.정부는 현재 CISO의 정보보호 인력·예산 편성권, 이사회에 정보 보호 현황 보고 등 권한을 강화하는 정보통신망법 개정이 진행 중인 상황을 고려해(2025년 12월 3일 법사위 통과), KT는 정보보호최고책임자(CISO)가 전사 정보보호 정책을 총괄 관리할 수 있도록 개편하고, 전사 차원의 중장기 보안 업무 계획을 수립할 것을 주문했다.조사단은 KT 전체 서버 대상 악성코드 감염 여부를 조사하는 과정에서, 전체 자산 종류, 규모, 운용/유휴/폐기 여부 등 자산 이력이 체계적으로 관리되지 않고 있으며, 시스템 내 등록된 자산과 실물 간 정보도 불일치함을 확인했다.이에 따라 전사 자산을 담당하는 정보기술 최고책임자(CIO)를 지정하고, 정보기술 자산관리 솔루션을 도입할 것을 요청했다.조사단은 KT가 협력업체로부터 공급받는 펨토셀 장비에 대한 표준 보안 규격서 및 소프트웨어 패키지에 대한 SBOM 관리체계가 부재하고, 고객에게 유통된 펨토셀에 대한 실시간 자산 현황관리가 제대로 이뤄지지 않은 것도 확인했다. SBOM은 소프트웨어의 구성 컴포넌트에 관한 메타정보를 말한다.따라서 펨토셀 도입 단계부터 납품, 구축·운영단계 전 과정에서의 하드웨어, 소프트웨어 공급망 보안 관리체계를 수립하고 관리할 것을 주문했다.ⓒ과학기술정보통신부정부, '고의적 조사 방해' KT 수사 의뢰…미신고 제재 강화 등 제도 개선 추진정부는 KT가 무단 소액결제 이상 통신패턴 조치, 외부 보안업체의 침해흔적 확인에도 뒤늦게 침해사고를 신고한 것과 지난해 BPFDoor 등 악성코드를 발견하고도 신고하지 않은 것에 대해 정보통신망법에 따라 과태료를 부과하기로 했다. 정보통신망법 제76조에 따르면 3000만원 이하 과태료가 부과된다.또한 KT는 프랙 보고서에 제보된 침해 정황 서버와 관련해 8월 1일 서버를 폐기했다고 답변했으나, 조사단에 폐기 시점을 허위 제출(실제 : 8월 1일(2대), 8월 6일(4대), 8월 13일(2대))하고, 폐기 서버 백업 로그가 있음에도 불구하고 9월 18일까지 조사단에 이를 보고하지 않았다.정부는 정부 조사를 방해하기 위한 고의성이 있다고 판단해 형법 제137조(위계에 의한 공무집행방해)에 따라 수사기관에 수사를 의뢰했다.과기정통부는 이번 조사단의 조사결과를 토대로, KT에 재발방지 대책에 따른 이행계획을 제출(2026년 1월)토록 하고, KT의 이행(2026년 4월) 여부를 점검(2026년 6월)할 계획이다.이행점검 결과, 보완이 필요한 사항에 대해서는 정보통신망법 제48조의4에 따라 시정조치를 명령할 계획이다. 또한, 고의적인 침해사고 미신고로 인한 피해 확산을 방지하기 위해 정보통신망법 개정을 통한 제재 강화 등 제도 개선을 추진할 계획이다.정부 “KT 침해사고는 전 고객 대상 위약금 면제 사유”과기정통부는 조사단의 조사결과를 바탕으로 법률 자문(5개 기관)을 진행했으며, 대부분 법률 자문 기관(4개 기관)에서는 이번 침해사고를 KT의 과실로 판단했고 펨토셀 관리부실은 전체 이용자에 대해 안전한 통신서비스 제공이라는 계약의 주요 의무 위반이므로, 위약금 면제 규정 적용이 가능하다는 의견을 제시했다.다만 법률 자문기관 한 곳은 정보 유출이 확인되지 않은 이용자에게는 위약금 면제 규정 적용이 어렵다는 의견을 제시했다.정부는 KT는 안전한 통신서비스 제공을 위한 펨토셀 관리와 관련해 일반적으로 기대되는 사업자의 주의의무를 다하지 못했을 뿐만 아니라 관련 법령을 위반했으므로 이번 침해사고에서 KT의 과실이 있는 것으로 판단했다.과기정통부는 KT의 펨토셀 부실 관리로 인해 야기된 평문의 문자, 음성 통화 탈취 위험성은 소액결제 피해가 발생한 일부 이용자에 국한된 것이 아닌 KT 전체 이용자가 위험성에 노출됐던 것으로 판단했다.KT는 침해사고를 대비해 적절한 보호조치를 통해 이용자에게 안전한 통신 서비스를 제공해야 할 계약상 주된 의무를 다하지 못한 것으로 봤다.결론적으로, 과기정통부는 ▲이번 침해사고에서 KT의 과실이 발견된 점 ▲KT가 계약상 주된 의무인 안전한 통신서비스 제공 의무를 다하지 못한 점 등을 고려할 때, 이번 침해사고는 KT 전체 이용자를 대상으로 KT 이용약관상 위약금을 면제해야 하는 회사의 귀책사유에 해당한다고 판단했다.KT 짧은 로그 보관 주기에 '추가 유출' 확인 한계이번 사건은 8월 중 불법 펨토셀을 통한 무단 소액결제 발생에서 비롯됐다. 이후 KT는 지난 9월 8일 소액결제 피해자의 통화기록을 분석한 결과 KT에 등록되지 않은 불법 기기가 내부망에 접속한 사실을 발견하고, 한국인터넷진흥원(KISA)에 침해사고를 신고했다.과기정통부는 국민의 금전 피해 발생 등 사고의 중대성, 공격 방식에 대한 면밀한 분석이 필요하다고 판단해 다음날인 9일 조사단을 구성, 피해현황 및 사고원인 등을 조사했다.조사단은 ▲불법 펨토셀에 의한 소액결제 및 개인정보 유출사고 ▲익명의 제보에 따른 KT 인증서 유출 정황(프랙보고서, 8월 8일) ▲KT가 외부업체를 통한 보안점검 과정에서 발견한 서버 침해사고 등 3건에 대한 조사를 통해 KT의 보안 문제점 등 사고원인 분석 및 재발방지 대책을 마련했다.조사단은 KT가 지난 10월 17일에 발표한 피해 규모에 대한 산출 방법의 적절성 및 산출과정에서의 피해 누락 여부 등의 검증을 거쳐, 불법 펨토셀로 인한 침해사고로 2만2227명의 가입자 식별번호(IMSI), 단말기 식별번호(IMEI), 전화번호가 유출됐고, 368명(777건)이 무단 소액결제로 2억4300만원 규모의 피해가 발생하였음을 확인했다.이는 KT가 산출한 피해 규모와 일치한다. 다만, 통신결제 관련 데이터가 남아있지 않은 기간(2024년 7월 31일 이전)에 대해서는 추가 피해 여부를 확인하는 것이 불가능했다.조사단은 KT 전체 서버 점검 및 감염서버 포렌식을 통해 총 94대 서버에 BPFDoor, 루트킷 등 악성코드 103종이 감염됐을 확인했다.KT가 2024년 3월~7월 기간에 감염서버를 발견했음에도 정부에 신고 없이 자체 조치한 악성코드 감염서버는 총 41대로, BPFDoor 4종, 웹셸 16종, 원격제어형 악성코드 6종 등 26종을 확인했다.조사단은 SK텔레콤 침해사고 조사 당시(2025년 4월 20일~2025년 7월 4일) KT의 BPFDoor 감염 여부를 점검했으나, KT가 지난해 이미 악성코드 삭제 등 조치를 취해 BPFDoor 등의 악성코드가 발견되지 않았다.또 KT가 자체적으로 실시한 외부업체 보안점검(2025년 5월 22일~9월 15일)에서 침해흔적이 발견됐다고 확인된 서버 및 이와 연계된 서버에 대한 조사단의 포렌식 과정에서 53대 서버 감염 및 루트킷 39종, 백도어 36종, 디도스 공격형 2종 등 77종의 악성코드를 확인했다.이 중 루트킷은 BPFDoor와 같은 은닉형 악성코드로, 화이트해커가 프랙에 제보한 보고서에 언급된 바 있다. 확인된 악성코드 정보는 피해확산 방지를 위해 백신사, 경찰청, 국정원 등 주요 민간·공공기관에 즉시 공유하고, 악성코드 점검 가이드를 보호나라 누리집을 통해 배포했다.정보유출과 관련해 조사단은 일부 감염서버에 개인정보(이름, 전화번호, 이메일 등)가 저장돼 있으나, 정밀 분석 결과 로그기록이 남아있는 기간에는 유출 정황이 없는 것을 확인했다.다만 KT는 서버 내부 파일접근 및 실행, 오류 등 동작을 기록하는 시스템로그 보관 기간이 1~2개월에 불과하고 주요 시스템에 대해 방화벽 등 보안장비 없이 운영해 로그 분석에 한계가 있었으며, 로그기록이 남아있지 않은 기간에 대한 유출 여부를 확인하는 것이 불가능했다.LG유플러스 자료 유출 확인…조사 방해 의혹으로 경찰 수사 의뢰한편 KISA는 익명의 제보자로부터 LGU+의 자료 유출 관련 정보를 7월 18일 입수하고 다음날 LGU+에 관련사항을 공유하고 침해사고 신고를 안내했다.과기정통부(KISA)는 자체 조사단을 구성해 8월 25일부터 LGU+의 현장 조사를 실시했고, 이후 LGU+가 10월 23일 KISA에 침해사고를 신고한 후 조사단(10월 24일~)을 구성·운영했다.익명의 제보자가 유출됐다고 주장한 LGU+의 통합 서버 접근제어 솔루션(APPM)과 연결된 정보(서버목록, 서버 계정정보 및 임직원 성명)는 조사결과 실제 LGU+에서 유출된 것으로 확인됐다.APPM은 시스템 계정의 패스워드를 주기적 일괄변경 및 관리하고 사용자에게 패스워드를 자동 생성/발급하는 통합 패스워드 관리 솔루션이다.조사단은 LGU+에서 제출받은 APPM 서버에 대해서 정밀 포렌식 분석을 진행한 결과, 익명의 제보자가 공개한 LGU+의 자료와 상이함을 확인했다. 자료가 유출됐을 것으로 추정되는 또 다른 APPM 서버는 운영체제 업그레이드(8월 12일) 등의 작업이 이뤄져 침해사고 흔적을 확인할 수 없는 상황임을 확인했다.또 익명의 제보자는 공격자가 LGU+에 APPM 솔루션을 제공하는 협력사를 해킹한 후 LGU+에 침투했음을 주장했다.조사단은 이 주장에 대해서도 확인을 시도했으나, 협력사 직원의 노트북에서부터 LGU+의 APPM 서버로 이어지는 네트워크 경로상의 주요 서버 등이 모두 OS 재설치 또는 폐기(8월 12일~9월 15일)돼 조사가 불가능한 상황임을 확인했다.조사단은 LGU+의 관련 서버의 OS 재설치 또는 폐기 행위가 KISA가 침해사고 정황 등에 대해 안내한(7월 19일) 후에 이뤄진 점을 고려할 때, 이를 부적절한 조치로 판단하고 위계에 의한 공무집행 방해로 경찰청에 수사의뢰(12월 9일)했다.이에 대해 LG유플러스는 공식 입장문을 통해 ""경찰 수사에 성실히 임하겠다""고 밝혔다.배경훈 부총리는 “이번 KT, LGU+ 침해사고는 SK텔레콤 침해사고에 이어, 국가 핵심 기간통신망에 보안 허점이 드러난 엄중한 사안”이라며 “기업들은 국민이 신뢰할 수 있는 안전한 서비스 환경을 만드는 것이 생존의 필수 조건임을 인식하고 정보보호를 경영의 핵심가치로 삼아야 한다”고 강조했다.이어 “정부도 대한민국이 AI 3대 강국으로 도약하기 위해 정보보호가 반드시 뒷받침돼야 한다는 점을 인식하고 정보보호 역량을 고도화하는데 최선을 다하겠다”며 “국민들이 혁신적인 AI 서비스를 안심하고 누릴 수 있는 환경을 만들도록 노력하겠다”고 밝혔다."
https://n.news.naver.com/mnews/article/023/0003949697?sid=105,2025-12-29 14:01:06,IT/과학,"정부 “LGU+, 해킹 통보받고도 서버 초기화… 공무집행 방해 혐의 수사 의뢰”","지난 7일 서울 종로구의 한 LG 유플러스 매장의 모습. /장경식 기자정부가 지난 8월 불거진 LG유플러스 해킹 의혹과 관련, 실제 자료 유출이 있었다고 확인했다. 또 유출 정황을 당국으로부터 통보받고도 핵심 증거가 담긴 서버를 초기화하거나 폐기했다며 경찰에 수사를 의뢰했다.29일 과학기술정보통신부는 민관합동조사단의 LG유플러스 침해 사고 조사 결과를 공개하며 이같이 밝혔다. 정부는 조사 결과 LG유플러스의 내부 서버 관리용 계정 권한 관리 시스템(APPM) 서버 목록, 서버 계정 정보와 임직원 실명 등이 실제 LG유플러스에서 유출된 것으로 확인됐다고 밝혔다. APPM은 시스템 계정 패스워드를 관리하고 발급하는 보안 솔루션이다.LG유플러스가 관련 자료를 은폐한 것으로 추정되는 정황도 발견됐다. 한국인터넷진흥원(KISA)은 지난 7월 18일 LG유플러스 자료 유출 관련 정보를 제보받고 침해 사고 신고를 안내했다. 이후 과기부는 자체 조사단을 꾸려 8월 25일부터 현장 조사를 실시했다. 조사단이 정밀 포렌식을 위해 LG유플러스에서 제출받은 APPM 서버는 KISA가 제보받은 것과 다른 것이었다. 또 실제 자료 유출이 이뤄졌을 것으로 보이는 다른 APPM 서버는 조사 시작 전인 8월 12일 운영체제(OS) 업그레이드 작업 등이 진행돼 로그 등 침해 사고 흔적이 사라진 상태였다.“협력사가 해킹당한 뒤 LG유플러스 내부로 침투했다”는 제보 내용 역시 검증이 불가능했다. 협력사 직원 노트북에서 LG유플러스 서버로 이어지는 네트워크 경로상의 주요 서버들이 8월 12일부터 9월 15일 사이에 집중적으로 OS가 재설치되거나 물리적으로 폐기되었기 때문이다.조사단은 관련 서버 OS 재설치 또는 폐기 행위가 KISA가 침해 사고 정황을 안내한 이후 이뤄졌기 때문에, 부적절한 조치로 판단하고 위계에 의한 공무집행 방해로 이달 9일 경찰청에 수사 의뢰했다.LG유플러스의 해킹 소식은 지난 8월 미국 보안 전문지 ‘프랙’을 통해 처음 공개적으로 알려졌다. 당시 프랙은 LG유플러스 APPM 서버 소스코드와 8000여 개 서버 목록, 4만여 개 계정, 직원 167명의 실명과 아이디가 유출됐다고 보도했다. 당시 LG유플러스는 “서버에 외부 침입 흔적이 없다”고 고수해 왔으나 국회 등에서 지적이 이어지자 지난 10월 말 KISA에 침해 사고를 신고했다."
https://n.news.naver.com/mnews/article/366/0001132925?sid=105,2025-12-29 14:01:06,IT/과학,"“펨토셀 관리 부실 KT, 위약금 면제... 서버 폐기한 LGU+는 공무집행방해 경찰 수사”","KT 사옥. /뉴스1KT와 LG유플러스의 해킹 침해사고에 대한 정부 조사 결과 KT의 침해사고는 명백한 과실이 있었고, LG유플러스는 부적절한 보안조치로 인한 자료 유출 사고가 발생한 것으로 드러났다. 과학기술정보통신부는 KT 이용약관에 따른 위약금 면제 규정을 전체 가입자에게 적용할 수 있다고 밝혔다. 또한 서버 폐기와 운영체제(OS) 재설치로 조사가 불가능한 상황을 만든 LG유플러스에 대해 공무집행 방해 혐의로 경찰에 수사를 의뢰했다고 밝혔다.펨토셀 관리 부실 드러난 KT 해킹… 전체 가입자 대상 위약금 면제과기정통부(민관합동조사단)는 29일 이같은 내용을 담은 KT와 LG유플러스의 해킹 침해사고 조사 결과를 발표했다. 과기정통부에 따르면 KT는 불법 펨토셀(초소형 기지국)로 인해 2만2227명의 가입자 식별번호(IMSI), 단말기 식별번호(IMEI), 전화번호가 유출됐고, 368명의 고객이 무단 소액결제 피해를 입어 총 2억4300만원의 피해가 발생했다.또한, KT 전체 서버에서 악성코드가 감염된 사실이 확인됐으며, 94대 서버에서 BPFDoor, 루트킷 등 103종의 악성코드가 발견됐다. 과기정통부는 KT의 펨토셀 관리 부실로 불법 펨토셀이 KT 내부망에 접속할 수 있었고, 통신 트래픽을 캡처할 수 있는 상황이 발생했다고 설명했다. 종단 암호화가 해제돼 결제 인증정보 및 개인 정보도 유출될 수 있었다. KT는 펨토셀 보안 점검 미흡, 보안장비 부족, 로그 단기 보관 등 기본적인 정보보호 활동의 부재가 문제로 지적됐다.과기정통부는 KT의 펨토셀 부실 관리로 인해 야기된 평문의 문자, 음성통화 탈취 위험성은 소액결제 피해가 발생한 일부 이용자에 국한된 것이 아닌 KT 전체 이용자가 위험성에 노출됐던 것으로 판단했다. 이를 토대로 KT의 이용약관상 ‘기타 회사의 귀책 사유’에 해당하는지 여부를 법률 자문을 통해 검토한 결과, KT가 안전한 통신서비스를 제공해야 할 계약상 의무를 위반했다고 판단했다. KT의 과실이 확인된 점, 그리고 KT가 전체 이용자에게 제공해야 할 안전한 통신서비스를 제공하지 못한 점을 고려할 때, KT는 이번 침해사고로 인한 위약금을 면제해야 하는 귀책사유에 해당한다고 결론지었다.서울의 한 LG U+ 매장의 모습. /뉴스1LG유플러스, 서버 폐기 등 공무집행 방해로 경찰 조사과기정통부는 익명의 제보자가 유출됐다고 주장한 LG유플러스의 통합 서버 접근제어 솔루션(APPM)과 연결된 정보(서버목록, 서버 계정정보 및 임직원 성명)는 조사결과 실제 LG유플러스에서 유출된 것으로 확인됐다고 밝혔다. APPM은 시스템 계정의 패스워드를 주기적 일괄변경 및 관리하고 사용자에게 패스워드를 자동 생성/발급하는 통합 패스워드 관리 솔루션을 말한다.다만, 과기정통부는 LG유플러스에서 제출받은 APPM 서버에 대해서 정밀 포렌식 분석을 진행한 결과, 익명의 제보자가 공개한 LG유플러스 자료와 상이함을 확인하였다는 점도 언급했다. 자료가 유출됐을 것으로 추정되는 또 다른 APPM 서버는 지난 8월 12일 운영체제 업그레이드 등의 작업이 이뤄져 침해사고 흔적을 확인할 수 없는 상황인 점도 확인했다.또한, 익명의 제보자는 공격자가 LGU+에 APPM 솔루션을 제공하는 협력사를 해킹한 후 LG유플러스에 침투했음을 주장했다. 과기정통부는 이 주장에 대해서도 확인을 시도했으나, 협력사 직원의 노트북에서부터 LG유플러스의 APPM 서버로 이어지는 네트워크 경로상의 주요 서버 등이 모두 OS 재설치 또는 폐기돼 조사가 불가능한 상황임을 확인했다고 밝혔다. 재설치 또는 폐기된 시점은 8월 12일부터 9월 15일까지라고 덧붙였다.과기정통부는 LG유플러스의 관련 서버 OS 재설치 또는 폐기 행위가 KISA가 침해사고 정황 등에 대해 안내한 7월 19일 이후에 이뤄진 점을 고려할 때, 이를 부적절한 조치로 판단하고 위계에 의한 공무집행 방해로 경찰청에 수사를 의뢰했다고 밝혔다.배경훈 부총리 겸 과학기술정보통신부 장관은 “이번 KT, LG유플러스 침해사고는 SK텔레콤 침해사고에 이어, 국가 핵심 기간통신망에 보안 허점이 드러난 엄중한 사안”이라며 “기업들은 국민이 신뢰할 수 있는 안전한 서비스 환경을 만드는 것이 생존의 필수 조건임을 인식하고 정보보호를 경영의 핵심가치로 삼아야 한다” 고 강조했다."
https://n.news.naver.com/mnews/article/015/0005230104?sid=105,2025-12-29 14:01:09,IT/과학,SKT·KT 이어 LG유플러스도 정보 유출…통신3사 결국 다 뚫렸다,"사진=뉴스1국내 이동통신 3사가 모두 해킹을 당한 것으로 드러났다. 정부의 조사 결과 SK텔레콤과 KT에 이어 LG유플러스까지 정보가 유출된 정황이 파악되면서다. KT는 전 고객 대상 위약금 면제 사유도 인정됐다.29일 정부 민관합동조사단은 KT와 LG유플러스 침해사고 관련 최종 조사결과를 발표했다. KT의 경우 불법 펨토셀로 인해 2만2227명의 IMSI·IMEI·전화번호가 유출됐으며, 이 중 368명에게 약 2억4300만원 규모의 무단 소액결제 피해가 발생했다고 밝혔다.함께 이뤄진 KT 전체 서버 점검 결과, 94대 서버에서 BPF도어, 루트킷, 웹셸 등 총 103종의 악성코드가 발견됐지만 KT의 신고 지연과 로그 단기 보관으로 인해 침투 경로와 피해 범위 분석에 큰 한계가 있었다고도 밝혔다. 조사단에 따르면 KT는 운영 중인 시스템의 로그기록 보관기간이 1~2개월에 불과했던 것으로 나타났다. 조사단은 ""짧은 로그기록 보관기간 때문에 침해사고 최초 침투시점, 악성코드 감염방법 등 상세한 사고원인 파악을 조사하는 데 난항을 겪었다""고 덧붙였다.정부는 KT에 펨토셀 인증 구조, 비정상 IP 차단 미흡, 종단 암호화 해제 가능, 보안장비 부재, 자산·공급망 관리 미흡, 과거 침해사고 미신고 등 구조적 정보보호 거버넌스 실패를 지적했다. 재발방지 대책으로는 방화벽 확대, 로그 1년 이상 보관, 최고정보보호책임자(CISO) 권한 강화, 공급망 보안 체계 구축 등 대규모 개선 명령을 내렸다.사진=뉴스1이날 KT 위약금 면제 판단도 함께 이뤄졌다. 과학기술정보통신부는 ""펨토셀 관리 부실과 통신 암호화 미보호로 인해 KT가 '안전한 통신서비스 제공'이라는 계약상 주된 의무를 위반했다고 봤다""며 ""이번 사고를 KT의 ‘회사 귀책사유’로 판단했다""고 밝혔다. 이어 ""정보 유출, 소액결제 피해 여부와 관계없이 KT 전체 이용자가 계약 해지 시 이용약관상 위약금 면제 규정을 적용받을 수 있다""는 입장을 내놨다. KT의 수용 여부는 정해지지 않았다.KT는 침해사고 신고 지연·미신고에 대해 정보통신망법에 따른 3천만원 이하의 과태료를 부과받았다. 이어 서버 폐기 시점 허위 보고, 백업 로그 미제출 등 조사 방해에 대해서는 위계에 의한 공무집행방해 혐의로 이미 수사기관에 수사 의뢰가 이뤄졌다.KT는 프랙 보고서에 제보된 침해 정황 서버를 8월 1일에 서버를 폐기하였다고 답변했지만 조사 결과 폐기 시점을 허위 제출한 것으로 나타났다. 실제 폐기 시점은 8월 1일(2대), 8월 6일(4대), 8월 13일(2대)로 3차례 걸쳐 이뤄졌다. 또 폐기 서버 백업 로그가 있음에도 불구하고 1개월 뒤인 9월 18일까지 조사단에 보고하지 않은 것도 문제가 됐다.사진=연합뉴스LG유플러스는 공무집행방해 혐의로 경찰청 국가수사본부에 넘겨졌다. 허위로 자료를 제출하고 증거가 될 만한 서버를 폐기하고 운영체제(OS)를 재설치하는 등 조사를 방해한 흔적이 드러나면서다.이날 조사단은 ""익명의 제보자가 공개한 LG유플러스 통합 서버 접근제어 솔루션(APPM) 관련 서버 목록·계정 정보·임직원 성명 등은 실제 유출 사실로 확인됐다""고 밝혔다. 이어 ""그러나 유출 경로로 의심되는 APPM 서버 및 협력사 관련 주요 서버들이 한국인터넷진흥원(KISA)의 침해사고 정황 안내 이후 OS가 재설치되거나 폐기됐다""고 말했다. 구체적인 침투 경로나 추가 피해 여부는 확인 불가능한 상태로 결론났다는 것이다.과기정통부와 KISA는 증거가 될 서버를 OS 재설치·폐기한 행위를 부적절한 조치이자 조사 방해로 보고, LGU+를 형법상 위계에 의한 공무집행방해 혐의로 경찰에 수사의뢰했다. 정부는 ""SK텔레콤, KT에 이어 LG유플러스 사례까지 포함해 침해사고 미신고·은폐에 대한 제재 강화를 위해 정보통신망법 개정을 추진하겠다""며 ""기간통신망 보안 수준 제고를 위한 제도 개선과 AI 시대 대비 정보보호 역량 고도화를 병행하겠다""고 밝혔다."
https://n.news.naver.com/mnews/article/119/0003042284?sid=105,2025-12-29 14:01:16,IT/과학,"[속보] 과기정통부 ""LGU+ 자료 유출 확인…조사 방해로 경찰 수사의뢰""",ⓒ데일리안 DB
https://n.news.naver.com/mnews/article/028/0002783784?sid=105,2025-12-29 14:02:20,IT/과학,"과기부 “KT, 전 고객 대상 위약금 면제해야”…해킹 사고 과실 결론","무단 소액결제 사고 최종 조사 결과 발표케이티 대리점. 연합뉴스과학기술정보통신부가 지난 9월 발생 사실이 알려진 케이티(KT) 무단 소액결제 사고와 관련해 번호이동이나 서비스를 해지하려는 전 고객을 대상으로 위약금 면제가 가능하다고 결론 내렸다. 케이티의 총체적인 펨토셀(초소형 기지국) 관리 부실이 사고 원인인 만큼, 케이티가 안전한 통신서비스를 제공해야 할 의무를 위반했다고 판단한 것이다. 케이티는 조만간 전 고객 대상 위약금 면제안을 포함한 고객 보상안을 발표할 것으로 보인다.케이티와 엘지유플러스(LG U+) 침해사고를 조사한 민관합동조사단은 29일 서울 광화문 정부서울청사에서 이런 내용의 최종 조사 결과를 발표했다. 내용을 보면, 조사단은 지난 8~9월 케이티에서 발생한 무단 소액결제 사고의 원인으로 케이티의 펨토셀 보안 관리 부실에 따른 불법 펨토셀 접속 허용으로 판단했다. 또한 불법 펨토셀에 의해 암호화가 해제되면서 통화와 문자 등 결제 인증 정보가 탈취될 수 있다는 점도 확인했다.과기정통부는 케이티의 과실이 발견된 점을 고려해 케이티가 전체 이용자를 대상으로 위약금을 면제해야 한다고 판단했다. 과기정통부는 앞서 지난 7월 에스케이텔레콤(SKT) 침해사고 조사 결과 발표에서도 같은 판단을 내리며 위약금 면제 결정을 내린 바 있다.케이티가 위약금 면제 결정을 받지 않을 가능성은 희박하다. 케이티가 과기정통부의 결정을 받아들이지 않을 경우 과기정통부는 펨토셀 관리에서 드러난 법령 위반 사항 등을 들어 전기통신사업법에 따라 시정명령을 요구하고, 사업자 등록취소도 검토할 수 있다. 케이티는 현재 전 고객 대상 위약금 면제안과 보상안 등을 검토하고 있으며 조만간 이를 발표할 것으로 알려졌다. 지난 4월 대규모 유출 사고가 발생했던 에스케이텔레콤은 지난 7월4일 정부 브리핑 직후 위약금 면제 및 보상안을 발표한 바 있다.이날 민관합동조사단이 밝힌 케이티 무단 소액결제 사고의 피해 현황은 지난 10월17일 케이티가 발표한 가입자 식별번호(IMSI) 등 정보유출 2만2227명, 소액결제 피해자 368명, 피해액 2억4300만원에서 더 늘지는 않았다. 케이티 기지국 접속기록 4조3백억건과 통신결제대행 기록 1억5천만건 등을 분석한 결과다.다만 케이티가 정부에 신고하지 않고 자체 처리했다가 이번 조사 과정에서 뒤늦게 적발된 케이티 악성코드 감염 서버는 중간조사 시점 43대에서 최종 94대로 늘었다. 조사단은 케이티 전체 서버 점검과 감염서버 포렌식을 통해 총 94대의 서버가 비피에프도어(BPFDoor∙공격자만 드나들 수 있는 일종의 숨겨진 뒷문) 등 악성코드 103종에 감염됐음을 확인했다. 로그(기록) 분석 결과 정보 유출 정황은 없었다. 조사단은 “케이티가 주요 시스템에 대해 보안장비 없이 운영해 로그 분석에 한계가 있었다”며 “로그 기록이 남아있지 않은 기간에 대한 유출 여부 확인은 불가능했다”고 밝혔다.한편 조사단은 지난 8월 미국 보안 전문지 프랙(Phrack)을 통해 제기된 엘지유플러스 해킹 의혹과 관련해 실제로 해당 기업의 서버 계정 정보와 임직원 성명 등의 정보가 유출된 사실을 확인했다. 다만 엘지유플러스가 관련 서버 운영체제(OS)를 재설치하고 폐기해 조사는 불가능했다고 밝혔다. 조사단은 해당 사항에 대해 지난 9일 공무집행 방해로 경찰에 수사를 의뢰했다고 설명했다. 엘지유플러스 측은 “경찰 수사에 성실히 임하겠다”고 했다."
https://n.news.naver.com/mnews/article/001/0015818595?sid=100,2025-12-29 14:06:16,정치,KTㆍLGU+ 침해사고 조사 결과 브리핑,(서울=연합뉴스) 서대연 기자 = 류제명 과학기술정보통신부 제2차관이 29일 서울 종로구 정부서울청사에서 KTㆍLGU+ 침해사고 조사 결과를 브리핑하고 있다. 2025.12.29dwise@yna.co.kr
https://n.news.naver.com/mnews/article/001/0015818596?sid=100,2025-12-29 14:06:21,정치,KTㆍLGU+ 침해사고 조사 결과 브리핑,(서울=연합뉴스) 서대연 기자 = 류제명 과학기술정보통신부 제2차관이 29일 서울 종로구 정부서울청사에서 KTㆍLGU+ 침해사고 조사 결과를 브리핑하고 있다. 2025.12.29dwise@yna.co.kr
https://n.news.naver.com/mnews/article/001/0015818597?sid=100,2025-12-29 14:06:37,정치,"과기정통부, KTㆍLGU+ 침해사고 조사 결과 브리핑",(서울=연합뉴스) 서대연 기자 = 29일 서울 종로구 정부서울청사에서 과학기술정보통신부 주관으로 KTㆍLGU+ 침해사고 조사 결과 브리핑이 열리고 있다. 2025.12.29dwise@yna.co.kr
https://n.news.naver.com/mnews/article/001/0015818606?sid=100,2025-12-29 14:09:47,정치,KTㆍLGU+ 침해사고 관련 브리핑하는 류제명 차관,(서울=연합뉴스) 서대연 기자 = 류제명 과학기술정보통신부 제2차관이 29일 서울 종로구 정부서울청사에서 KTㆍLGU+ 침해사고 조사 결과를 브리핑하고 있다. 2025.12.29dwise@yna.co.kr
https://n.news.naver.com/mnews/article/001/0015818607?sid=100,2025-12-29 14:09:52,정치,"과기정통부, KTㆍLGU+ 침해사고 조사 결과 브리핑",(서울=연합뉴스) 서대연 기자 = 29일 서울 종로구 정부서울청사에서 과학기술정보통신부 주관으로 KTㆍLGU+ 침해사고 조사 결과 브리핑이 열리고 있다. 2025.12.29dwise@yna.co.kr
https://n.news.naver.com/mnews/article/092/0002404081?sid=105,2025-12-29 14:11:13,IT/과학,LGU+ 서버 폐기로 조사 불가능...경찰 수사 의뢰,"정부 ""자료 유출 APPM 서버, 재설치 혹은 폐기로 흔적 확인 불가""정부가 한국인터넷진흥원(KISA)과 LG유플러스 보안 사고를 조사한 결과, 서버 목록 등 정보는 회사에서 유출된 것으로 확인했다. 자료가 유출된 서버는 운영체제(OS) 재설치와 폐기로 조사가 불가하다고 판단, 경찰청에 수사를 의뢰했다.과학기술정보통신부는 29일 오후 2시 정부서울청사에서 브리핑을 열어 ""LG유플러스의 서버의 OS 재설치 또는 폐기 행위가 KISA가 침해사고 정황 등에 대해 안내한 뒤 이뤄진 점을 고려할 때, 이를 부적절한 조치로 판단하고 위계에 의한 공무집행 방해로 경찰청에 수사의뢰했다""고 밝혔다.과기정통부는 KISA는 익명의 제보자로부터 LG유플러스의 자료 유출 관련 정보를 입수하고, LG유플러스에 관련 사항을 공유하고 침해사고 신고를 안내했다. 또 자체 조사단을 구성해 지난 8월25일부터 현장 조사를 실시했고, 이후 LG유플러스가 지난 10월23일 KISA에 침해사고를 신고한 후 조사단을 구성했다.LG유플러스 용산 사옥. (사진=뉴스1)조사 결과 LG유플러스의 통합 서버 접근제어 솔루션(APPM)과 연결된 서버 목록, 서버 계정 정보, 임직원 성명 등 정보는 LG유플러스에서 유출된 것으로 확인됐다.실제 자료가 유출됐을 것으로 추정되는 APPM 서버는 운영체제 업그레이드 등 작업이 이뤄져 침해사고 흔적을 확인할 수 없게 됐다. 협력사 직원 노트북에서부터 LG유플러스의 APPM 서버로 이어지는 네트워크 경로상의 주요 서버 등이 모두 OS 재설치 또는 폐기돼 조사가 불가능한 상태였기 때문이다.조사단은 LG유플러스 관련 서버 OS 재설치 또는 폐기 행위가 KISA가 침해사고 정황을 안내한 후 이루어진 점을 고려할 때, 이를 부적절한 조치로 판단하고 위계에 의한 공무집행 방해로 경찰청에 수사를 의뢰했다.배경훈 부총리는 “이번 LG유플러스 침해사고는 국가 핵심 기간통신망에 보안 허점이 드러난 엄중한 사안”이라며 “기업들은 국민이 신뢰할 수 있는 안전한 서비스 환경을 만드는 것이 생존의 필수 조건임을 인식하고 정보보호를 경영의 핵심가치로 삼아야 한다”고 말했다."
https://n.news.naver.com/mnews/article/422/0000816977?sid=101,2025-12-29 14:18:09,경제,"[현장연결] 정부, KT 위약금 면제 적용 판단…LGU+는 수사 의뢰","<발표자 : 류제명 과기정통부 제2차관>""많은 국민께 불편 초래…엄정하고 투명하게 조사""""중대한 침해사고로 판단…원인·피해 조사""""KT 펨토셀 관리 전반 대한 보안 실태 조사""""2만2,227명, IMSI와 전화번호 등 유출""""KT, 펨토셀 관리 전반에 보안 관리 부실했다""""KT, 침해사고 과실 있다 판단…위약금 면제해야""""대부분의 법률자문기관이 KT 과실로 판단""""KT가 계약상 주된 의무를 다하지 못해""""불법 펨토셀, 언제, 어디서든 KT망 접속 가능했다""""위험한 상황에 이용자 노출…실제 피해도 발생""""KT 일부 이용자가 아니라 전체 이용자 위험 노출""""KT 전체 이용자 대상으로 위약금 면제해야""""위계에 의한 공무집행 방해로 LGU+ 수사 의뢰""연합뉴스TV 기사문의 및 제보 : 카톡/라인 jebo23"
https://n.news.naver.com/mnews/article/422/0000816978?sid=101,2025-12-29 14:19:06,경제,"정부 ""KT 위약금 면제해야""…LGU+는 수사 의뢰","[앵커]KT와 LG유플러스 침해사고에 대한 민관합동조사단 최종 조사 결과가 조금 전 발표됐습니다.정부는 KT에 대해선 회사의 귀책 사유가 분명하다며 전 고객에 대한 위약금 면제 규정 적용이 가능하다고 판단했습니다.LG유플러스에 대해선 경찰에 수사를 의뢰했는데요.자세한 내용, 취재기자 연결해 알아보죠.문형민 기자.[기자]네, 불법 초소형 기지국 ‘펨토셀’ 해킹으로 무단 소액결제 피해가 발생한 KT에 대해 정부가 위약금 면제 규정 적용이 가능하다고 최종 판단했습니다.과학기술정보통신부는 이 같은 내용의 민관합동조사단 침해사고 조사 결과를 오늘(29일) 발표했는데요.조사단은 이번 침해사고로 KT에서 2만2,227명의 가입자 식별번호(IMSI), 단말기 식별번호(IMEI), 전화번호가 유출됐다고 전했습니다.특히 368명이 무단 소액결제로 2억4,300만 원 규모의 피해가 발생했음을 확인했다고 밝혔는데, 이는 KT가 산출한 피해 규모와 일치하는 수치입니다.정부는 이러한 조사 결과를 바탕으로 법률 자문을 진행했는데, 법률 자문 기관 5곳 중 4곳에서는 이번 침해사고를 KT의 과실로 판단했습니다.과기정통부 역시 ""펨토셀 관리 부실로 불법 펨토셀이 언제, 어디서든 KT망에 접속할 수 있었으므로 KT는 이번 침해사고에 과실이 있고, 전체 이용자에게 안전한 통신서비스를 제공해야 할 의무를 다하지 못했다""고 결론지었습니다.이에 따라 ""전체 이용자를 대상으로 KT 이용약관상 위약금을 면제해야 하는 회사의 귀책사유에 해당한다""고 전했습니다.과기정통부는 LG유플러스 침해사고에 대한 조사 역시 진행했는데요.그 결과, 통합 서버 접근제어 설루션과 연결된 서버목록, 서버 계정정보, 임직원 성명 등의 정보가 실제로 유출된 것으로 확인됐다고 밝혔습니다.다만, “자료가 유출됐을 것으로 추정되는 또 다른 서버는 운영체제 업그레이드 등의 작업이 이뤄져 침해사고 흔적을 확인할 수 없었고 침해 사고 관련 주요 서버 등이 모두 재설치 또는 폐기돼 조사가 불가능했다”고 설명했습니다.정부는 이를 부적절한 조치로 판단하고 LG유플러스를 위계에 의한 공무집행 방해로 경찰청에 수사 의뢰했습니다.지금까지 정부서울청사에서 전해드렸습니다.[영상취재 김동화][영상편집 김세나]#KT #위약금 #LGU #과기정통부연합뉴스TV 기사문의 및 제보 : 카톡/라인 jebo23"
https://n.news.naver.com/mnews/article/015/0005230118?sid=105,2025-12-29 14:22:09,IT/과학,"역대급 서버 해킹 'KT '…정부, 모든 이용자 위약금 면제 요구","서버 94대 악성코드 103종 감염문자·통화 유출 가능성정부가 KT에 모든 이용자를 대상으로 위약금 면제 조치를 하라고 요구했다. 해킹 방지를 소홀히 해 이용자에게 안전한 통신 서비스를 제공할 의무를 다하지 못했다는 이유에서다.과학기술정보통신부는 29일 정부서울청사에서 KT 침해 사고 최종 조사 결과를 발표했다.민관 합동 조사단이 KT 서버 3만3000대를 6차례에 걸쳐 점검한 결과 서버 94대가 BPF도어(BPFDoor), 루트킷, 디도스 공격형 코드 등 악성코드 103종에 감염돼 있었다.역대급 통신사 해킹 사건으로 지목된 SKT의 경우 악성코드 33종에 감염됐고 공급망 보안 관리 취약으로 악성코드 1종이 서버 88대에 유입됐는데 KT의 감염 범위가 더 넓다.BPF도어 등 악성코드는 2022년 4월부터 인터넷 연결 접점이 있는 서버의 파일 업로드 과정의 취약점을 통해 서버에 침투했다. 루트킷 등 악성코드는 방화벽, 시스템 로그 등 기록이 남아있지 않아 공격자의 침투 방법 등을 판단할 수 없었다.불법 초소형 기지국(펨토셀)이 통신망에 무단 접속해 국제이동가입자식별정보(IMSI), 국제단말기식별번호(IMEI), 전화번호 탈취 피해를 본 이용자는 2만2227명, 무단 소액결제 피해자는 368명, 피해액 2억4300만원으로 중간 조사 결과와 변동이 없었다.다만 통신 결제 관련 데이터가 남아있지 않은 기간인 작년 7월 31일 이전의 피해 규모는 확인이 불가능해 추가 피해 여지는 미궁으로 남게 됐다.조사단은 경찰이 무단 소액결제범들로부터 확보한 불법 펨토셀을 포렌식 분석한 결과 이들 기기에 KT 망 접속에 필요한 KT 인증서, 인증 서버 IP 정보와 해당 기지국을 거쳐 가는 트래픽을 가로채 제삼의 장소로 전송하는 기능이 있음을 확인했다.단말기에서 코어망에 이르는 통신 과정에서 암호화가 풀리면서 ARS, SMS 등 결제 인증 정보가 탈취됐고 이용자의 문자, 통화 내용이 유출되는 일도 가능한 것으로 확인됐다.조사단은 KT의 펨토셀 관리 체계가 전반적으로 부실해 불법 펨토셀이 KT 내부망에 언제 어디서든 접속할 수 있었다며 인증 서버 IP의 주기적 변경 및 대외비 관리 등 보안 관리 개선책을 요구했다.모든 펨토셀 제품이 동일한 제조사 인증서를 사용하고 있어 이를 복사하면 정상 펨토셀이 아니더라도 KT 망에 접속할 수 있었고 타사 또는 해외 IP 등 비정상 IP를 차단하지 않고 있었으며 정상 정보인지 검증 체계도 없어서다.과기정통부는 KT 보안 조치의 총체적인 미흡이 위약금 면제 사유에 해당한다고 판단했다. 약관에 명시된 ""회사의 귀책 사유로 이용자가 서비스를 해지할 경우 위약금을 면제할 수 있다""는 규정에 부합하며 특히 평문의 문자, 음성 통화가 제삼자에게 새어나갈 위험성은 소액결제 피해를 본 일부 이용자에 국한된 것이 전체 이용자에 해당한다고 봤기 때문이다.이번 KT 위약금 면제가 미칠 영향에 대해서는 전망이 엇갈린다. 올해 이동통신 3사 모두 대형 해킹을 겪은 데다 금융·플랫폼·전자상거래 등 다양한 업종에서 보안 사고가 이어지면서 이용자 피로감 인식이 커져 실제 가입자 이동이 제한적일 것이라는 관측이 있다.KT의 가입자 감소 폭은 SK텔레콤 해킹 당시 일일 수만 명 단위로 이탈이 발생했던 수준과 비교하면 상대적으로 제한적이었다 다만 KT의 위약금 면제를 계기로 SK텔레콤과 LGU+가 가입자 유치를 위한 공격적 마케팅에 나설 경우 가입자 수 판도가 다시 흔들릴 수 있다는 의견도 있다."
https://n.news.naver.com/mnews/article/214/0001470975?sid=101,2025-12-29 14:29:01,경제,"""KT 해킹, 총체적 관리 부실""‥전 이용자 위약금 면제 요구","정부가 KT가 해킹 방지를 소홀히 해 안전한 통신 서비스를 제공할 의무를 다하지 못했다며 KT는 전 이용자를 대상으로 위약금을 면제하라고 요구했습니다.과학기술정보통신부 민관합동조사단은 지난 석 달간 KT 무단 소액결제·해킹 사고를 조사한 결과, 서버 94대가 악성코드 103종에 감염됐고, 이 중 일부 서버에는 가입자 이름과 전화번호·이메일 등이 저장돼 있었던 사실을 확인했습니다. KT의 악성코드 감염 규모는 SKT 해킹보다 더 컸으며, KT는 지난해 3월 감염 서버를 발견하고도 정부에 알리지 않은 채 서버 41대에 대해 자체 조치만 마친 뒤 사태를 무마하려 한 것으로 조사됐습니다.조사단은 또 불법 펨토셀이 KT 내부망에 수시로 접속 가능했고, KT가 해외 IP 등 비정상 접속도 차단하지 않았다며 펨토셀 관리 체계 전반이 부실했다고 평가했습니다.과기정통부는 로펌 등 5개 기관에 법률 자문을 진행한 결과, KT의 보안 조치가 총체적으로 미흡해 위약금 면제 사유에 해당한다고 설명했습니다.합동조사단은 한편, LGU+에 대해서는 침해 정황을 통보한 뒤 유플러스가 서버 OS를 재설치하거나 서버를 폐기하는 등 조사를 방해했다며 공무집행 방해 혐의로 경찰에 수사 의뢰했습니다."
https://n.news.naver.com/mnews/article/001/0015818681?sid=100,2025-12-29 14:31:19,정치,"과기정통부, KTㆍLGU+ 침해사고 조사 결과 브리핑",(서울=연합뉴스) 서대연 기자 = 29일 서울 종로구 정부서울청사에서 과학기술정보통신부 주관으로 KTㆍLGU+ 침해사고 조사 결과 브리핑이 열리고 있다. 2025.12.29dwise@yna.co.kr
https://n.news.naver.com/mnews/article/117/0004021559?sid=105,2025-12-29 14:34:06,IT/과학,"KT 해킹 최종 결론…전 가입자 위약금 면제 요구, LGU+는 수사로","악성코드 감염 규모 SKT 상회… 관리 부실·은폐 정황 확인계약상 핵심 의무 위반 판단…통신시장 이동 변수로 부상해LGU+, 자료 제출 허위·서버 폐기로 수사 의뢰KT 사옥. /뉴시스[마이데일리 = 박성규 기자] KT의 대규모 서버 해킹 사태에 대해 정부가 사실상 ‘유례없는 책임’을 물었다. 민관 합동 조사 결과 감염 규모와 관리 부실 정도가 앞선 SK텔레콤 해킹보다 더 심각하다고 판단되면서, 전 이용자를 대상으로 한 위약금 면제가 필요하다는 결론이 내려졌다.과학기술정보통신부는 29일 KT의 총 3만3000여 대 서버를 점검한 결과 94대에서 103종의 악성코드 감염을 확인했다며 KT가 안전한 통신 서비스를 제공해야 할 계약상 핵심 의무를 다하지 못했다는 내용의 침해 사고 최종 조사 결과를 발표했다. 이에 따라 약관에 규정된 ‘회사 귀책 사유에 따른 위약금 면제’ 조항을 전 가입자에게 적용해야 한다는 입장을 공식화했다.조사단에 따르면 KT 서버에는 BPF도어, 루트킷 등 고도화된 악성코드가 다수 포함된 것으로 나타났다. 이는 SK텔레콤 해킹 당시 확인된 33종·28대 서버 감염을 크게 웃도는 수준이다. 실제 무단 소액결제 피해도 발생해 금전 피해가 확인됐다.문제는 사고 이후 대응이었다. KT는 감염 서버를 자체적으로 발견하고도 정부에 즉시 알리지 않고 일부 서버에서 코드 삭제 등 내부 조치에 그친 것으로 조사됐다. 이로 인해 피해 파악과 대응이 늦어졌고, 조사단은 이를 명백한 관리·보고 체계의 결함으로 봤다.불법 초소형 기지국(펨토셀)을 통한 침해 정황도 다시 도마에 올랐다. 조사 결과 펨토셀 관리 체계 전반이 허술해 인증서 복제만으로도 내부망 접속이 가능했고, 통신 과정에서 암호화가 풀리며 문자·통화 내용까지 유출될 수 있는 구조였던 것으로 확인됐다. 일부 단말기에서는 암호화 설정 자체가 지원되지 않은 점도 지적됐다.LG유플러스. /뉴시스정부는 이러한 일련의 사실을 종합해 특정 피해자에 국한된 문제가 아니라, 전체 이용자의 통신 안전이 위협받았던 사안이라고 판단했다. 실제 피해가 확인되지 않은 이용자 역시 계약의 전제가 훼손됐다는 점에서 위약금 면제 대상에 포함된다는 해석이다. 법률 자문에서도 다수 기관이 같은 결론을 냈다.위약금 면제 조치가 현실화될 경우 이동통신 시장에도 파장이 불가피하다. 단통법 폐지 이후에도 비교적 잠잠했던 가입자 이동이 다시 확대될 수 있고, 경쟁사들의 마케팅 전략에도 영향을 미칠 수 있다. 다만 연이은 대형 해킹으로 이용자 피로감이 누적된 만큼 실제 이동 폭은 제한적일 것이라는 관측도 함께 나온다.정부는 KT에 재발 방지 계획을 내년 1월까지 제출하도록 하고, 서버·자산 관리 체계 전면 개편과 보안 솔루션 강화, 로그 관리 체계 구축 등을 요구했다.이번 발표에는 LGU+ 조사 결과도 함께 담겼다. LGU+의 경우 통합 서버 접근제어 솔루션(APPM)과 연계된 서버 목록·계정 정보·임직원 성명 등이 실제 유출된 사실이 확인됐다. 다만, 핵심 서버가 재설치되거나 폐기돼 침해 경로와 범위를 특정하는 데 한계가 있었다.과기정통부는 LGU+가 침해사고 정황 안내 이후 허위 자료 제출과 서버 폐기 등으로 조사를 방해했다고 판단했다. 이에 대해 위계에 의한 공무집행 방해 혐의로 경찰에 수사 의뢰했다. 향후 수사 결과에 따라 추가 제재 가능성도 거론된다.배경훈 부총리는 “이번 KT와 LGU+ 침해 사고는 SK텔레콤 해킹에 이어 국가 핵심 기간통신망의 보안 허점이 연이어 드러난 엄중한 사안”이라며 “기업들은 국민이 신뢰할 수 있는 안전한 서비스 환경을 구축하는 것이 생존의 필수 조건임을 인식하고, 정보보호를 경영의 핵심 가치로 삼아야 한다”고 강조했다."
https://n.news.naver.com/mnews/article/088/0000989329?sid=101,2025-12-29 14:34:10,경제,"'정보 유출' LGU+, 해킹 통보받은 후 서버 초기화…정부, 수사 의뢰","서울 용산구 LG유플러스 본사. 연합뉴스지난 8월 불거진 LG유플러스 해킹 의혹과 관련해 내부 서버에서 실제 정보 유출이 있었던 사실이 정부 조사 결과 드러났다. 그러나 일부 핵심 서버가 운영체제(OS) 재설치 또는 폐기된 탓에 추가 조사에 어려움을 겪으면서 정부는 해당 의혹에 대해 경찰에 수사를 의뢰했다.29일 과학기술정보통신부는 민관합동조사단의 LG유플러스 침해사고 조사 결과를 발표하면서 LG유플러스의 내부 서버 관리용 계정 권한 관리 시스템(APPM) 서버 목록, 서버 계정정보, 임직원 성명 등이 유출된 정보에 포함돼 있다고 밝혔다.앞서 한국인터넷진흥원(KISA)은 지난 7월 18일 익명의 제보자로부터 LG유플러스의 자료 유출 의혹 제보를 입수했고, 다음 날 LG유플러스 측에 관련 사실을 통보하며 침해사고 신고를 안내했다.이후 과기정통부 자체 조사단을 구성해 8월 25일부터 현장 조사를 시작했고, LG유플러스는 10월 23일이 되어서야 침해사고를 신고한 후 이튿날인 24일부터 조사단을 꾸렸다.조사단에 따르면, 조사단이 정밀 포렌식을 위해 LG유플러스에서 제출받은 APPM 서버는 KISA가 제보받은 것과 다른 것이었다. 유출 경로로 의심되는 주요 APPM 서버는 8월 12일 OS 업그레이드 또는 재설치 작업이 이뤄져 침해 흔적을 확인할 수 없었다.조사단은 또 익명의 제보자가 주장한 LG유플러스 협력사 해킹 루트에 대해서도 확인을 시도했지만, 협력사 직원 노트북에서 LG유플러스 서버로 이어지는 네트워크 경로상의 주요 서버들이 8월 12일부터 9월 15일 사이 모두 재설치되거나 폐기된 상태여서 조사가 불가능했다.조사단은 LG유플러스의 관련 서버의 OS 재설치 또는 폐기 행위가 KISA가 침해사고 정황 등에 대해 안내한 7월19일 후에 이뤄진 점을 고려해, 해당 행위가 위계에 의한 공무집행 방해에 해당한다고 보고 이달 9일 경찰청에 수사를 의뢰했다.이에 대해 LG유플러스는 짧은 입장문을 내고 ""경찰 수사에 성실히 임하겠다""고 밝혔다.LG유플러스의 해킹 소식은 지난 8월 미국 보안 전문지 '프랙'을 통해 알려진 바 있다. 당시 프랙은 LG유플러스 APPM 서버 소스코드와 8천여 개 서버 목록, 4만여 개 계정, 167명 직원 실명과 아이디가 유출됐다고 전했다."
https://n.news.naver.com/mnews/article/656/0000161065?sid=102,2025-12-29 14:36:15,사회,"과기부 ""KT 보안 조치 미흡…전 이용자 위약금 면제 조치""","과학기술정보통신부 전경. 과기부 제공정부가 KT가 해킹 방지를 위한 보안 조치가 미흡하다고 판단해, 전 이용자를 대상으로 위약금 면제 조치를 주문했다.과학기술정보통신부는 KT, LGU+ 침해사고에 대한 민관합동조사단의 조사 결과 및 KT의 이용약관상 위약금 면제 규정에 대한 검토 결과를 29일 발표했다.조사단은 △불법 펨토셀에 의한 소액결제 및 개인정보 유출사고 △익명의 제보에 따른 KT 인증서 유출 정황(프랙보고서, 8.8) △KT가 외부업체를 통한 보안점검 과정에서 발견한 서버 침해사고 등 3건을 집중적으로 살폈다. 조사를 통해 KT의 보안 문제점 등 사고원인 분석 및 재발방지 대책도 마련했다.'불법 펨토셀에 의한 침해사고'와 관련 조사단은 KT가 지난 10월 발표한 피해 규모에 대한 산출 방법의 적절성 및 산출과정에서의 피해 누락 여부 등의 검증을 거쳤다. 불법 펨토셀로 인한 침해사고로 2만 2227명의 가입자 식별번호, 단말기 식별번호, 전화번호가 유출됐고, 368명(777건)이 무단 소액결제로 2억 4300만 원 규모의 피해가 발생했음을 확인했다.'악성코드 감염에 의한 침해사고'의 경우 KT 전체 서버 점검 및 감염서버 포렌식을 통해 총 94대 서버에 BPFDoor(중국 국가 배후 해커그룹), 루트킷 등 악성코드 103종이 감염된 것으로 밝혀졌다.또한 웹셸 및 BPFDoor 악성코드의 경우 인터넷 연결 접점이 있는 서버의 파일 업로드 취약점을 악용해 서버에 웹셸을 업로드하고 BPFDoor 등의 악성코드를 확산시킨 것으로 추정된다.조사단은 KT의 펨토셀 관리 체계가 전반적으로 부실해 불법 펨토셀이 KT 내부망에 언제 어디서든 접속할 수 있었다며 인증 서버 IP의 주기적 변경 및 대외비 관리 등 보안 관리 개선책을 요구했다.과기정통부는 KT 보안 조치의 총체적인 미흡이 위약금 면제 사유에 해당한다고 판단했다. 약관에 명시된 ""회사의 귀책 사유로 이용자가 서비스를 해지할 경우 위약금을 면제할 수 있다""는 규정에 부합하며 특히 평문의 문자, 음성 통화가 제삼자에게 새어나갈 위험성은 소액결제 피해를 본 일부 이용자에 국한된 것이 전체 이용자에 해당한다고 봤기 때문이다.또한 과기정통부는 LGU+가 조사를 방해했다고 보고 위계에 의한 공무집행 방해로 경찰청에 수사 의뢰했다.배경훈 부총리는 ""이번 KT, LGU+ 침해사고는 SK텔레콤 침해사고에 이어, 국가 핵심 기간통신망에 보안 허점이 드러난 엄중한 사안""이라며 ""기업들은 국민이 신뢰할 수 있는 안전한 서비스 환경을 만드는 것이 생존의 필수 조건임을 인식하고 정보보호를 경영의 핵심가치로 삼아야 한다""고 강조했다."
https://n.news.naver.com/mnews/article/660/0000100058?sid=102,2025-12-29 14:37:09,사회,"정부, '해킹 방지 소홀' KT에 전 이용자 위약금 면제 요구","▲ 서울 광화문 KT 본사 모습 [연합뉴스]정부가 해킹 방지를 소홀히 해 이용자에게 안전한 통신 서비스를 제공할 의무를 다하지 못한 책임을 물어 KT에 전 이용자를 대상으로 위약금 면제 조치를 할 것을 29일 요구했습니다.과학기술정보통신부는 이날 정부서울청사에서 서버 94대가 악성코드 103종에 감염돼 있었고 통화 정보가 유출될 위험이 있었던 KT가 이용자에 대한 위약금 면제 실시 대상에 해당한다는 내용을 골자로 한 KT 침해 사고 최종 조사 결과를 발표했습니다.민관 합동 조사단이 KT 서버 3만 3천 대를 6차례에 걸쳐 점검한 결과 서버 94대가 BPF도어(BPFDoor), 루트킷, 디도스 공격형 코드 등 악성코드 103종에 감염돼 있었습니다.역대급 통신사 해킹 사건으로 지목된 SKT의 경우 악성코드 33종에 감염됐고 공급망 보안 관리 취약으로 악성코드 1종이 서버 88대에 유입된 바 있는데 KT의 감염 범위가 더 광범위한 것입니다.KT는 작년 3월 감염 서버를 발견하고도 정부에 알리지 않고 서버 41대에 대해 코드 삭제 등 자체 조치로 무마해 피해 파악이 늦어졌습니다.BPF도어 등 악성코드는 2022년 4월부터 인터넷 연결 접점이 있는 서버의 파일 업로드 과정의 취약점을 통해 서버에 침투한 것으로 파악됐습니다.루트킷 등 악성코드는 방화벽, 시스템 로그 등 기록이 남아있지 않아 공격자의 침투 방법 등을 판단할 수 없었습니다.서버 감염과 별도로 불법 초소형 기지국(펨토셀)이 통신망에 무단 접속해 국제이동가입자식별정보(IMSI), 국제단말기식별번호(IMEI), 전화번호 탈취 피해를 본 이용자는 2만 2,227명, 무단 소액결제 피해자는 368명, 피해액 2억 4,300만 원으로 중간 조사 결과와 변동이 없었습니다.다만, 통신 결제 관련 데이터가 남아있지 않은 기간인 작년 7월 31일 이전의 피해 규모는 확인이 불가능해 추가 피해 여지는 미궁으로 남게 됐습니다.조사단은 경찰이 무단 소액결제범들로부터 확보한 불법 펨토셀을 포렌식 분석한 결과 이들 기기에 KT 망 접속에 필요한 KT 인증서 및 인증 서버 IP 정보와 해당 기지국을 거쳐 가는 트래픽을 가로채 제3의 장소로 전송하는 기능이 있음을 확인했습니다.여기에 단말기에서 코어망에 이르는 통신 과정에서 암호화가 풀리면서 ARS, SMS 등 결제 인증 정보가 탈취됐을 뿐 아니라 이용자의 문자, 통화 내용이 유출되는 일도 가능한 것으로 확인됐습니다.특히, 아이폰 16 이하 기종 등 일부 단말기에는 KT가 암호화 설정 자체를 지원하지 않고 있었습니다.▲ 류제명 과학기술정보통신부 제2차관이 29일 서울 종로구 정부서울청사에서 KT·LGU+ 침해사고 조사 결과를 브리핑하고 있다 [연합뉴스]조사단은 KT의 펨토셀 관리 체계가 전반적으로 부실해 불법 펨토셀이 KT 내부망에 언제 어디서든 접속할 수 있었다며 인증 서버 IP의 주기적 변경 및 대외비 관리 등 보안 관리 개선책을 요구했습니다.모든 펨토셀 제품이 동일한 제조사 인증서를 사용하고 있어 이를 복사하면 정상 펨토셀이 아니더라도 KT 망에 접속할 수 있었고 타사 또는 해외 IP 등 비정상 IP를 차단하지 않고 있었으며 정상 정보인지 검증 체계도 없었기 때문입니다.과기정통부는 KT 보안 조치의 총체적인 미흡이 위약금 면제 사유에 해당한다고 판단했습니다.약관에 명시된 ""회사의 귀책 사유로 이용자가 서비스를 해지할 경우 위약금을 면제할 수 있다""는 규정에 부합하며 특히 평문의 문자, 음성 통화가 제3자에게 새어나갈 위험성은 소액결제 피해를 본 일부 이용자에 국한된 것이 전체 이용자에 해당한다고 봤기 때문입니다.조사단이 로펌 등 5개 기관을 대상으로 법률 자문을 진행한 결과 4곳에서 이번 침해 사고로 KT가 안전한 통신 서비스 제공이라는 계약의 주요 의무를 위반해 위약금 면제 규정 적용이 가능하다는 법적 판단을 전달했습니다.과기정통부는 KT가 위약금 면제 조치를 SKT의 사례에 준해 적용할 것으로 보고 있습니다.SKT는 사고 최종 조사 결과가 발표된 지난 7월 4일을 기준으로 열흘간 침해 사고 이후 해지한 고객을 포함해 위약금 면제를 적용한 바 있습니다.조사단은 KT가 악성코드뿐 아니라 쉽게 탐지가 가능한 웹셸도 발견하지 못하는 등 보안 점검이 미흡했다며 서버 등 네트워크가 연결되는 장치에서 발생하는 모든 활동을 감지 분석하는 도구, 백신 등 보안 설루션 도입을 확대하라고 요구했습니다.아울러 분기에 1회 이상 모든 자산에 대해 보안 취약점을 정기 점검하고 운영 시스템 로그 기록을 최소 1년 이상 보관하며 중앙 로그 관리 시스템을 구축해 사이버 침해를 감시할 것을 촉구했습니다.나아가 KT가 서버 등의 자산 종류, 규모, 운용 여부 등을 체계적으로 관리하지 않았다며 전사의 자산을 담당하는 정보기술최고책임자(CIO)를 지정하고 정보기술 자산관리 설루션을 도입하라고 했습니다.과기정통부는 KT에 재발 방지 이행 계획을 내년 1월까지 제출하도록 하고 6월까지 이행 여부를 점검할 계획입니다.한편, 민관 합동 조사단은 LGU+의 해킹 의혹에 대해 익명의 화이트해커로부터 정보 유출이 지목된 통합 서버 접근제어 설루션(APPM)이 해킹당했으며 서버 목록, 서버 계정정보 및 임직원 성명 등 관련 정보가 실제 유출된 것을 확인했습니다.하지만, LGU+가 당국에서 침해 사고 정황을 안내한 이후에 서버 운영체계(OS)를 재설치 또는 폐기하며 구체적인 침해 내용이 드러나지 않았습니다.이에 과기정통부는 LGU+가 조사를 방해했다고 보고 위계에 의한 공무집행 방해로 경찰청에 수사 의뢰했습니다.#정부 #KT #위약금면제"
https://n.news.naver.com/mnews/article/001/0015818691?sid=100,2025-12-29 14:37:12,정치,KTㆍLGU+ 침해사고 조사 결과 브리핑,(서울=연합뉴스) 서대연 기자 = 29일 서울 종로구 정부서울청사에서 과학기술정보통신부 주관으로 KTㆍLGU+ 침해사고 조사 결과 브리핑이 열리고 있다. 2025.12.29dwise@yna.co.kr
https://n.news.naver.com/mnews/article/277/0005699742?sid=102,2025-12-29 14:37:32,사회,[포토] KTㆍLGU+ 침해사고 조사 결과 브리핑,류제명 과학기술정보통신부 차관이 29일 서울 종로구 정부서울청사에서 KTㆍLGU+ 침해사고 조사 결과 관련 브리핑을 하고 있다.
https://n.news.naver.com/mnews/article/277/0005699743?sid=102,2025-12-29 14:38:12,사회,"[포토] 류제명 차관, KT/LGU+ 침해사고 조사 결과 브리핑",류제명 과학기술정보통신부 차관이 29일 서울 종로구 정부서울청사에서 KTㆍLGU+ 침해사고 조사 결과 관련 브리핑을 하고 있다.
https://n.news.naver.com/mnews/article/277/0005699744?sid=102,2025-12-29 14:38:40,사회,[포토] KT/LGU+ 침해사고 조사 결과 브리핑,이정수 경기남부경찰청 사이버수사과장이 29일 서울 종로구 정부서울청사에서 KT/LGU+ 침해사고 조사 결과 관련 브리핑을 하고 있다.
https://n.news.naver.com/mnews/article/277/0005699745?sid=102,2025-12-29 14:39:09,사회,[포토] 발표하는 류제명 과기부 차관,류제명 과학기술정보통신부 차관이 29일 서울 종로구 정부서울청사에서 KT/LGU+ 침해사고 조사 결과 관련 브리핑을 하고 있다.
https://n.news.naver.com/mnews/article/003/0013681487?sid=101,2025-12-29 14:39:45,경제,"LGU+, 정보 유출 여파에 1.59% 하락…KT도 1.69%↓","보안 사고와 정부 제재 겹치며 동반 약세 흐름LG유플러스 용산사옥 전경. (사진=LG유플러스 제공) *재판매 및 DB 금지[서울=뉴시스]송혜리 기자 = LG유플러스 내부 서버에서 서버 목록, 계정 정보, 임직원 실명 등 민감한 정보가 실제 유출된 것으로 확인되면서 회사 주가도 하락세를 보이고 있다.29일 오후 2시20분 기준, LG유플러스는 전 거래일보다 1.59% 내린 1만4820원에 거래되고 있다. 이날 1만5060원에 장을 시작했지만 이후 하락세를 이어가는 중이다.이와 함께 KT도 소액결제 해킹 사태와 관련한 위약금 면제 이슈로 약세를 보이고 있다. 정부가 전체 이용자를 대상으로 약관상 위약금을 면제해야 한다는 결론을 내리자, KT 주가는 전 거래일보다 1.69% 하락한 5만2500원에 거래되고 있다. 장 초반 5만3300원에 출발했으나 점차 낙폭을 키우는 모습이다.이날 과학기술정보통신부는 LG유플러스 침해사고에 대한 민관합동조사단 조사 결과를 발표하며 LG유플러스 내부 서버에서 일부 정보가 유출됐음을 확인했다고 밝혔다.과기정통부에 따르면 한국인터넷진흥원(KISA)는 익명의 제보자로부터 LG유플러스의 자료 유출 관련 정보를 지난 7월18일 입수했으며, 하루 뒤 LG유플러스에 관련 사항을 공유하고 침해사고 신고를 안내했다. 익명의 제보자가 유출됐다고 주장한 LG유플러스의 통합 서버 접근제어 솔루션(APPM)과 연결된 정보(서버목록, 서버 계정정보 및 임직원 성명)는 조사결과 실제 LG유플러스에서 유출된 것으로 확인됐다.아울러 과기정통부는 KT 침해사고에 대한 민관합동조사단 조사 결과도 브리핑하며, 관련해 KT가 전체 이용자를 대상으로 약관상 위약금을 면제해야 한다는 결론을 내렸다. 과기정통부는 이번 고객정보 침해 사고에서 KT의 과실이 발견됐고, 안전한 통신서비스 제공 의무도 다하지 못한 것으로 판단했다고 설명했다．"
https://n.news.naver.com/mnews/article/277/0005699746?sid=102,2025-12-29 14:40:04,사회,[포토] KTㆍLGU+ 침해사고 조사 결과 발표하는 류제명 차관,류제명 과학기술정보통신부 차관이 29일 서울 종로구 정부서울청사에서 KTㆍLGU+ 침해사고 조사 결과 관련 브리핑을 하고 있다.
https://n.news.naver.com/mnews/article/001/0015818738?sid=105,2025-12-29 14:41:39,IT/과학,"정부, kt·LGU+ 해킹 조사 결과 발표","(서울=연합뉴스) 김성민 기자 = 정부가 해킹 방지를 소홀히 해 이용자에게 안전한 통신 서비스를 제공할 의무를 다하지 못한 책임을 물어 KT에 전 이용자를 대상으로 위약금 면제 조치를 할 것을 29일 요구했다. 한편 LGU+도 통합 서버 접근제어 설루션(APPM)이 해킹당했으며 서버 목록, 서버 계정정보 및 임직원 성명 등 관련 정보가 실제 유출된 것을 확인했다.이날 서울 시내 한 통신사 대리점에 통신사 로고가 붙어 있다. 2025.12.29ksm7976@yna.co.kr"
https://n.news.naver.com/mnews/article/001/0015818741?sid=105,2025-12-29 14:41:50,IT/과학,"정부, kt·LGU+ 해킹 조사 결과 발표","(서울=연합뉴스) 김성민 기자 = 정부가 해킹 방지를 소홀히 해 이용자에게 안전한 통신 서비스를 제공할 의무를 다하지 못한 책임을 물어 KT에 전 이용자를 대상으로 위약금 면제 조치를 할 것을 29일 요구했다. 한편 LGU+도 통합 서버 접근제어 설루션(APPM)이 해킹당했으며 서버 목록, 서버 계정정보 및 임직원 성명 등 관련 정보가 실제 유출된 것을 확인했다.이날 서울 시내 한 통신사 대리점에 통신사 로고가 붙어 있다. 2025.12.29ksm7976@yna.co.kr"
https://n.news.naver.com/mnews/article/001/0015818744?sid=105,2025-12-29 14:42:04,IT/과학,kt·LGU+ 해킹 조사 결과 발표,"(서울=연합뉴스) 김성민 기자 = 정부가 해킹 방지를 소홀히 해 이용자에게 안전한 통신 서비스를 제공할 의무를 다하지 못한 책임을 물어 KT에 전 이용자를 대상으로 위약금 면제 조치를 할 것을 29일 요구했다. 한편 LGU+도 통합 서버 접근제어 설루션(APPM)이 해킹당했으며 서버 목록, 서버 계정정보 및 임직원 성명 등 관련 정보가 실제 유출된 것을 확인했다.이날 서울 시내 한 통신사 대리점에 통신사 로고가 붙어 있다. 2025.12.29ksm7976@yna.co.kr"
https://n.news.naver.com/mnews/article/001/0015818745?sid=105,2025-12-29 14:42:05,IT/과학,kt·LGU+ 해킹 조사 결과 발표,"(서울=연합뉴스) 김성민 기자 = 정부가 해킹 방지를 소홀히 해 이용자에게 안전한 통신 서비스를 제공할 의무를 다하지 못한 책임을 물어 KT에 전 이용자를 대상으로 위약금 면제 조치를 할 것을 29일 요구했다. 한편 LGU+도 통합 서버 접근제어 설루션(APPM)이 해킹당했으며 서버 목록, 서버 계정정보 및 임직원 성명 등 관련 정보가 실제 유출된 것을 확인했다.이날 서울 시내 한 통신사 대리점에 통신사 로고가 붙어 있다. 2025.12.29ksm7976@yna.co.kr"
https://n.news.naver.com/mnews/article/001/0015818749?sid=105,2025-12-29 14:42:11,IT/과학,"정부, kt·LGU+ 해킹 조사 결과 발표","(서울=연합뉴스) 김성민 기자 = 정부가 해킹 방지를 소홀히 해 이용자에게 안전한 통신 서비스를 제공할 의무를 다하지 못한 책임을 물어 KT에 전 이용자를 대상으로 위약금 면제 조치를 할 것을 29일 요구했다. 한편 LGU+도 통합 서버 접근제어 설루션(APPM)이 해킹당했으며 서버 목록, 서버 계정정보 및 임직원 성명 등 관련 정보가 실제 유출된 것을 확인했다.이날 서울 시내 한 통신사 대리점에 통신사 로고가 붙어 있다. 2025.12.29ksm7976@yna.co.kr"
https://n.news.naver.com/mnews/article/001/0015818750?sid=105,2025-12-29 14:42:13,IT/과학,"정부, kt·LGU+ 해킹 조사 결과 발표","(서울=연합뉴스) 김성민 기자 = 정부가 해킹 방지를 소홀히 해 이용자에게 안전한 통신 서비스를 제공할 의무를 다하지 못한 책임을 물어 KT에 전 이용자를 대상으로 위약금 면제 조치를 할 것을 29일 요구했다. 한편 LGU+도 통합 서버 접근제어 설루션(APPM)이 해킹당했으며 서버 목록, 서버 계정정보 및 임직원 성명 등 관련 정보가 실제 유출된 것을 확인했다.이날 서울 시내 한 통신사 대리점에 통신사 로고가 붙어 있다. 2025.12.29ksm7976@yna.co.kr"
https://n.news.naver.com/mnews/article/421/0008684643?sid=105,2025-12-29 14:42:29,IT/과학,"정부, KT·LGU+ 침해사고 최종 조사결과 발표",(서울=뉴스1) 임세영 기자 = 류제명 과학기술정보통신부 2차관이 29일 서울 종로구 정부서울청사에서 KT·LGU+ 침해사고 최종 조사결과 관련 브리핑을 하고 있다. 2025.12.29/뉴스1
https://n.news.naver.com/mnews/article/421/0008684644?sid=105,2025-12-29 14:42:33,IT/과학,"정부, KT·LGU+ 침해사고 최종 조사결과 발표",(서울=뉴스1) 임세영 기자 = 류제명 과학기술정보통신부 2차관이 29일 서울 종로구 정부서울청사에서 KT·LGU+ 침해사고 최종 조사결과 관련 브리핑을 하고 있다. 2025.12.29/뉴스1
https://n.news.naver.com/mnews/article/079/0004100043?sid=105,2025-12-29 14:43:07,IT/과학,"역대급 KT 해킹 확인…정부 ""전 이용자 위약금 면제 조치""","핵심요약과학기술정보통신부 29일 정부 서울청사서 KT 침해사고 최종 조사결과 발표KT 해킹 상황 SKT 때보다 더욱 광범위, 사고 대응도 엉망불법 펨토셀 접속에도 속수무책과기정통부 KT 보안 조치의 총체적 미흡, 위약금 면제 사유 해당 결론LGU+ 서버 운영체계(OS) 재설치 또는 폐기, 당국 조사 방해 혐의로 경찰청에 수사 의뢰서울 종로구 KT광화문빌딩의 모습. 류영주 기자서버가 악성코드에 감염돼 고객 개인정보를 누출시킨 KT에 정부가 전 이용자를 대상으로 위약금 면제 조치 시행을 요구했다.과학기술정보통신부는 29일 정부서울청사에서 서버 94대가 악성코드 103종에 감염돼 있었고 통화 정보가 유출될 위험이 있었던 KT가 이용자에 대한 위약금 면제 실시 대상에 해당한다는 내용을 담은 KT 침해 사고 최종 조사 결과를 발표했다.KT의 해킹 상황은 앞서 발생한 SKT 사건보다 더욱 광범위했던 것으로 나타났다. 민관 합동 조사단이 KT 서버 3만3천대를 6차례에 걸쳐 점검한 결과 서버 94대가 BPF도어(BPFDoor), 루트킷, 디도스 공격형 코드 등 악성코드 103종에 감염돼 있었다. SKT의 경우 악성코드 33종에 감염됐고 공급망 보안 관리 취약으로 악성코드 1종이 서버 88대에 유입됐다.BPF도어 등 악성코드는 2022년 4월부터 인터넷 연결 접점이 있는 서버의 파일 업로드 과정에서 서버에 침투한 것으로 나타났다. 루트킷 등 악성코드는 방화벽, 시스템 로그 등 기록이 남아있지 않아 공격자의 침투 방법 등을 판단할 수 없었다. 사고대처도 문제투성이였다. KT는 지난해 3월 감염 서버를 발견하고도 정부에 알리지 않고 서버 41대에 대해 코드 삭제 등 자체 조치로 무마하려 했다.서버 감염과는 별개로 불법 초소형 기지국(펨토셀)이 통신망에 무단 접속해 국제이동가입자식별정보(IMSI), 국제단말기식별번호(IMEI), 전화번호 탈취 피해를 본 이용자는 2만2227명, 무단 소액결제 피해자는 368명, 피해액 2억4300만원인 것으로 최종 집계됐다. 중간 조사 결과와 변동이 없었다. 통신 결제 관련 데이터가 남아있지 않은 지난해 7월31일 이전 피해 규모는 확인이 불가능해 전체적인 피해규모를 확정하기는 쉽지 않아 보인다.경찰이 무단 소액결제범들로부터 확보한 불법 펨토셀을 조사단이 포렌식 분석한 결과 이들 기기에 KT 망 접속에 필요한 KT 인증서 및 인증 서버 IP 정보와 해당 기지국을 거쳐 가는 트래픽을 가로채 제삼의 장소로 전송하는 기능이 탑재돼 있었다. 단말기에서 코어망에 이르는 통신 과정 암호화가 풀리면서 ARS, SMS 등 결제 인증 정보가 탈취됐을 뿐 아니라 이용자의 문자, 통화 내용이 유출되는 일도 가능했던 것으로 확인됐다.조사단은 불법 펨토셀이 KT 내부망에 언제 자유자재로 접속할 수 있었다며 인증 서버 IP의 주기적 변경 및 대외비 관리 등 보안 관리 개선책을 요구했다.과기정통부는 KT 보안 조치의 총체적인 미흡이 위약금 면제 사유에 해당한다고 판단했다. 약관에는 ""회사의 귀책 사유로 이용자가 서비스를 해지할 경우 위약금을 면제할 수 있다""는 규정이 명기돼 있다. 평문의 문자, 음성 통화가 제삼자에게 새어나갈 위험성은 소액결제 피해를 본 일부 이용자에 국한된 것이 전체 이용자에 해당한다고 해석했다.조사단 역시 관계기관 5곳의 법률 자문을 진행한 결과 4곳에서 이번 침해 사고로 KT가 안전한 통신 서비스 제공이라는 계약의 주요 의무를 위반해 위약금 면제 규정 적용이 가능하다는 판단을 전달받은 것으로 알려졌다.SKT는 사고 최종 조사 결과가 발표된 지난 7월 4일을 기준으로 열흘간 침해 사고 이후 해지한 고객을 포함해 위약금 면제를 적용한 바 있는데 KT도 이같은 전례를 준용할 것으로 알려졌다.조사단은 KT에 강력한 보안 설루션 도입을 요청했다. 서버 등 네트워크가 연결되는 장치에서 발생하는 모든 활동을 감지 분석하는 도구(EDR), 백신 등 보안 설루션 도입이 필요하다는 판단이다. 분기에 1회 이상 모든 자산에 대해 보안 취약점을 정기 점검하고 운영 시스템 로그 기록을 최소 1년 이상 보관하며 중앙 로그 관리 시스템을 구축해 사이버 침해 여부를 감시하라고 촉구했다. 정보기술최고책임자(CIO) 지정과 정보기술 자산관리 설루션 도입도 거듭 요구했다.한편, 민관 합동 조사단은 LGU+의 해킹 의혹에 대해 익명의 화이트해커로부터 정보 유출이 지목된 통합 서버 접근제어 설루션(APPM)이 해킹당했으며 서버 목록, 서버 계정정보 및 임직원 성명 등 관련 정보가 실제 유출된 것을 확인했다. 이 과정에서 LGU+가 서버 운영체계(OS)를 재설치 또는 폐기하며 당국의 조사를 방해했다며 위계에 의한 공무집행 방해로 경찰청에 수사를 의뢰했다.※CBS노컷뉴스는 여러분의 제보로 함께 세상을 바꿉니다. 각종 비리와 부당대우, 사건사고와 미담 등 모든 얘깃거리를 알려주세요.이메일 :jebo@cbs.co.kr카카오톡 :@노컷뉴스사이트 :https://url.kr/b71afn"
https://n.news.naver.com/mnews/article/421/0008684653?sid=105,2025-12-29 14:45:37,IT/과학,KT·LGU+ 침해사고 최종 조사결과 발표하는 류제명 차관,(서울=뉴스1) 임세영 기자 = 류제명 과학기술정보통신부 2차관이 29일 서울 종로구 정부서울청사에서 KT·LGU+ 침해사고 최종 조사결과 관련 브리핑을 하고 있다. 2025.12.29/뉴스1
https://n.news.naver.com/mnews/article/421/0008684664?sid=105,2025-12-29 14:47:43,IT/과학,"정부, KT·LGU+ 침해사고 최종 조사결과 발표",(서울=뉴스1) 임세영 기자 = 류제명 과학기술정보통신부 2차관이 29일 서울 종로구 정부서울청사에서 KT·LGU+ 침해사고 최종 조사결과 관련 브리핑을 하고 있다. 2025.12.29/뉴스1
https://n.news.naver.com/mnews/article/421/0008684665?sid=105,2025-12-29 14:47:49,IT/과학,"정부, KT·LGU+ 침해사고 최종 조사결과 발표",(서울=뉴스1) 임세영 기자 = 류제명 과학기술정보통신부 2차관이 29일 서울 종로구 정부서울청사에서 KT·LGU+ 침해사고 최종 조사결과 관련 브리핑을 하고 있다. 2025.12.29/뉴스1
https://n.news.naver.com/mnews/article/055/0001320007?sid=101,2025-12-29 14:48:16,경제,"'펨토셀 해킹' KT도 ""위약금 면제해야""…SKT보다 감염 규모 컸다","▲ KTKT 해킹 사고가 악성코드 감염 규모 측면에서 SK텔레콤 해킹을 크게 웃돈 것으로 드러났습니다.과학기술정보통신부 민관합동조사단이 오늘(29일) 광화문 정부서울청사에서 발표한 KT·LGU+ 침해사고 최종 조사 결과에는 이 같은 내용이 포함됐습니다.조사 과정에서 KT의 관리 부실과 과실이 인정되면서 위약금 면제 조치가 예고돼 이동통신 시장의 가입자 이동을 자극할 가능성도 제기됩니다.조사 결과 KT 해킹은 앞서 해킹이 발생한 SK텔레콤과 비교해 악성코드 종류·개수·감염 범위가 더 광범위했습니다.SK텔레콤은 28대 서버에서 BPF도어 계열 27종을 포함해 모두 33종의 악성코드 감염이 확인된 반면, KT는 94대 서버에서 BPF도어, 루트킷 등 103종의 악성코드 감염이 확인됐습니다.KT에서는 실제 금전 피해도 발생해 소액결제로 2억 4천여만 원 규모의 피해가 집계됐습니다.개인정보 유출 측면에서는 SK텔레콤의 피해 규모가 더 큰 것으로 평가됩니다.SK텔레콤은 2,300만 명이 넘는 가입자 대부분의 전화번호, 가입자식별번호(IMSI), 유심 인증키(Ki·OPc) 등 25종의 개인정보가 유출됐지만 KT는 2만 2천여 명의 가입자식별번호(IMSI), IMEI, 전화번호 등이 유출된 것으로 파악됐습니다.다만, KT는 서버 내부 파일접근 및 실행, 오류 등 동작을 기록하는 시스템로그 보관 기간이 1∼2개월에 불과해 로그기록이 남아있지 않은 기간에 대한 유출 여부는 확인이 불가능해 피해 정도를 단정하기는 어렵다는 한계가 있습니다.LGU+의 경우 침해사고와 관련해 허위 자료 제출과 서버 폐기 정황이 드러나 강도 높은 경찰 수사가 예고됐습니다.당국은 통합 서버 접근제어 솔루션(APPM)과 연결된 정보의 실제 유출을 확인했으나, 익명 제보자가 제공한 자료와 회사가 제출한 자료가 서로 다르다는 사실을 파악했습니다.해킹 매개체로 지목된 협력사 직원 노트북과 네트워크 경로 역시 추적이 어려운 상황입니다.당국은 이 같은 폐기 행위에 대해 위계에 의한 공무집행방해 혐의로 경찰 수사를 의뢰했습니다.향후 수사 결과에 따라 신규 영업 제한과 위약금 면제 조치까지 확대될 가능성도 있습니다.KT는 SK텔레콤 해킹 사태와 달리 신규 영업 정지는 피했지만 위약금 면제 조치는 동일하게 적용받게 됐습니다.▲ 류제명 과학기술정보통신부 제2차관이 29일 서울 종로구 정부서울청사에서 KT·LGU+ 침해사고 조사 결과를 브리핑하고 있다조사단은 KT 이용약관에 규정된 '회사 귀책 사유로 이용자가 서비스를 해지할 경우 위약금을 면제한다'는 조항을 근거로 이번 해킹 사고가 위약금 면제 사유에 해당한다고 판단했습니다.조사단은 침해사고 과정에서 KT의 과실이 확인됐고, 안전한 통신서비스 제공이라는 계약상 주된 의무를 다하지 못했다고 봤습니다.이에 따라 특정 피해 고객에게 국한하지 않고 전체 이용자를 대상으로 약관상 위약금 면제 사유가 성립한다고 결론 내렸습니다.이로써 소액결제 피해를 보았거나 개인정보가 유출된 가입자는 물론, 피해가 확인되지 않은 가입자도 계약기간과 무관하게 위약금 없이 통신사를 변경할 수 있는 길이 열리게 됐습니다.앞서 SK텔레콤은 침해사고 인지 시점인 4월 19일부터 민관합동조사단 최종 조사 결과 발표 열흘 뒤인 7월 14일까지 해지한 고객에게 위약금 면제를 적용한 바 있습니다.이번 KT 위약금 면제가 미칠 영향에 대해서는 전망이 엇갈립니다.올해 이동통신 3사 모두 대형 해킹을 겪은 데다 금융·플랫폼·전자상거래 등 다양한 업종에서 보안 사고가 이어지면서 이용자 피로감 인식이 커져 실제 가입자 이동이 제한적일 것이라는 관측이 있습니다.실제로 KT의 가입자 감소 폭은 SK텔레콤 해킹 당시 일일 수만 명 단위로 이탈이 발생했던 수준과 비교하면 상대적으로 제한적이었습니다.다만, KT의 위약금 면제를 계기로 SK텔레콤과 LGU+가 가입자 유치를 위한 공격적 마케팅에 나설 경우 가입자 수 판도가 다시 흔들릴 수 있다는 전망도 큽니다.단통법 폐지 이후 시장의 이동 폭이 애초 예상보다 제한적이었으나 이번 조치와 맞물리면서 시장이 재차 요동칠 수 있다는 분석입니다.특히 사건 은폐 의혹을 받는 LGU+보다는 조사가 마무리됐고 해킹 사태로 사상 처음 시장점유율 40% 선을 하회한 SK텔레콤이 반등을 위한 영업에 나설 가능성에 무게가 실립니다.(사진=연합뉴스)"
https://n.news.naver.com/mnews/article/003/0013681544?sid=101,2025-12-29 14:53:05,경제,"과기정통부, KT-LGU+ 침해사고 조사 결과 발표 브리핑",[서울=뉴시스] 추상철 기자 = 류제명 과학기술정보통신부 제2차관이 29일 오후 서울 종로구 정부서울청사에서 열린 'KT-LGU+ 침해사고 조사 결과 발표' 관련 브리핑에서 취재진의 질문에 답변하고 있다. 2025.12.29. scchoo@newsis.com
https://n.news.naver.com/mnews/article/003/0013681545?sid=101,2025-12-29 14:53:05,경제,"과기정통부, KT-LGU+ 침해사고 조사 결과 발표 브리핑",[서울=뉴시스] 추상철 기자 = 류제명 과학기술정보통신부 제2차관이 29일 오후 서울 종로구 정부서울청사에서 열린 'KT-LGU+ 침해사고 조사 결과 발표' 관련 브리핑에서 취재진의 질문에 답변하고 있다. 2025.12.29. scchoo@newsis.com
https://n.news.naver.com/mnews/article/003/0013681546?sid=101,2025-12-29 14:53:05,경제,"과기정통부, KT-LGU+ 침해사고 조사 결과 발표 브리핑",[서울=뉴시스] 추상철 기자 = 류제명 과학기술정보통신부 제2차관이 29일 오후 서울 종로구 정부서울청사에서 열린 'KT-LGU+ 침해사고 조사 결과 발표' 관련 브리핑에서 취재진의 질문에 답변하고 있다. 2025.12.29. scchoo@newsis.com
https://n.news.naver.com/mnews/article/003/0013681561?sid=101,2025-12-29 14:53:05,경제,"과기정통부, KT-LGU+ 침해사고 조사 결과 발표 브리핑",[서울=뉴시스] 추상철 기자 = 류제명 과학기술정보통신부 제2차관이 29일 오후 서울 종로구 정부서울청사에서 'KT-LGU+ 침해사고 조사 결과 발표' 관련 브리핑을 하고 있다. 2025.12.29. scchoo@newsis.com
https://n.news.naver.com/mnews/article/003/0013681562?sid=101,2025-12-29 14:53:05,경제,브리핑하는 류제명 차관,[서울=뉴시스] 추상철 기자 = 류제명 과학기술정보통신부 제2차관이 29일 오후 서울 종로구 정부서울청사에서 'KT/LGU+ 침해사고 조사 결과 발표' 관련 브리핑을 하고 있다. 2025.12.29. scchoo@newsis.com
https://n.news.naver.com/mnews/article/003/0013681559?sid=101,2025-12-29 14:53:05,경제,단상향하는 류제명 차관,[서울=뉴시스] 추상철 기자 = 류제명 과학기술정보통신부 제2차관이 29일 오후 서울 종로구 정부서울청사에서 'KT/LGU+ 침해사고 조사 결과 발표' 관련 브리핑을 위해 단상을 향하고 있다. 2025.12.29. scchoo@newsis.com
https://n.news.naver.com/mnews/article/003/0013681547?sid=101,2025-12-29 14:53:05,경제,취재진 질문 답변하는 류제명 차관,[서울=뉴시스] 추상철 기자 = 류제명 과학기술정보통신부 제2차관이 29일 오후 서울 종로구 정부서울청사에서 열린 'KT-LGU+ 침해사고 조사 결과 발표' 관련 브리핑에서 취재진의 질문에 답변하고 있다. 2025.12.29. scchoo@newsis.com
https://n.news.naver.com/mnews/article/003/0013681548?sid=101,2025-12-29 14:53:05,경제,취재진 질문 답변하는 류제명 차관,[서울=뉴시스] 추상철 기자 = 류제명 과학기술정보통신부 제2차관이 29일 오후 서울 종로구 정부서울청사에서 열린 'KT-LGU+ 침해사고 조사 결과 발표' 관련 브리핑에서 취재진의 질문에 답변하고 있다. 2025.12.29. scchoo@newsis.com
https://n.news.naver.com/mnews/article/003/0013681549?sid=101,2025-12-29 14:53:05,경제,취재진 질문 답변하는 류제명 차관,[서울=뉴시스] 추상철 기자 = 류제명 과학기술정보통신부 제2차관이 29일 오후 서울 종로구 정부서울청사에서 열린 'KT-LGU+ 침해사고 조사 결과 발표' 관련 브리핑에서 취재진의 질문에 답변하고 있다. 2025.12.29. scchoo@newsis.com
https://n.news.naver.com/mnews/article/003/0013681550?sid=101,2025-12-29 14:53:05,경제,"과기정통부, KT-LGU+ 침해사고 조사 결과 발표 브리핑",[서울=뉴시스] 추상철 기자 = 류제명 과학기술정보통신부 제2차관이 29일 오후 서울 종로구 정부서울청사에서 'KT/LGU+ 침해사고 조사 결과 발표' 관련 브리핑을 하고 있다. 2025.12.29. scchoo@newsis.com
https://n.news.naver.com/mnews/article/003/0013681552?sid=101,2025-12-29 14:53:05,경제,브리핑하는 이정수 경기남부경찰청 사이버수사과장,[서울=뉴시스] 추상철 기자 = 이정수 경기남부경찰청 사이버수사과장이 29일 오후 서울 종로구 정부서울청사에서 'KT-LGU+ 침해사고 조사 결과 발표' 관련 브리핑을 하고 있다. 2025.12.29. scchoo@newsis.com
https://n.news.naver.com/mnews/article/003/0013681554?sid=101,2025-12-29 14:53:05,경제,브리핑하는 이정수 경기남부경찰청 사이버수사과장,[서울=뉴시스] 추상철 기자 = 이정수 경기남부경찰청 사이버수사과장이 29일 오후 서울 종로구 정부서울청사에서 'KT-LGU+ 침해사고 조사 결과 발표' 관련 브리핑을 하고 있다. 2025.12.29. scchoo@newsis.com
https://n.news.naver.com/mnews/article/003/0013681558?sid=101,2025-12-29 14:53:05,경제,브리핑하는 이정수 경기남부경찰청 사이버수사과장,[서울=뉴시스] 추상철 기자 = 이정수 경기남부경찰청 사이버수사과장이 29일 오후 서울 종로구 정부서울청사에서 'KT-LGU+ 침해사고 조사 결과 발표' 관련 브리핑을 하고 있다. 2025.12.29. scchoo@newsis.com
https://n.news.naver.com/mnews/article/001/0015818787?sid=105,2025-12-29 14:53:30,IT/과학,"과기정통부, KTㆍLGU+ 침해사고 조사 결과 브리핑",(서울=연합뉴스) 서대연 기자 = 29일 서울 종로구 정부서울청사에서 과학기술정보통신부 주관으로 KTㆍLGU+ 침해사고 조사 결과 브리핑이 열리고 있다.과기정통부는 이날 브리핑에서 해킹 방지를 소홀히 해 이용자에게 안전한 통신 서비스를 제공할 의무를 다하지 못한 책임을 물어 KT에 전 이용자를 대상으로 위약금 면제 조치를 할 것을 요구했다. 2025.12.29dwise@yna.co.kr
https://n.news.naver.com/mnews/article/001/0015818789?sid=102,2025-12-29 14:53:56,사회,KT휴대전화 부정결제 다중피해 수사결과 발표,(서울=연합뉴스) 서대연 기자 = 이정수 경기남부경찰청 사이버수사과장이 29일 서울 종로구 정부서울청사에서 과학기술정보통신부 주관 KTㆍLGU+ 침해사고 조사 결과 브리핑에서 KT휴대전화 부정결제 다중피해 수사결과를 발표하고 있다. 2025.12.29dwise@yna.co.kr
https://n.news.naver.com/mnews/article/001/0015818790?sid=102,2025-12-29 14:54:01,사회,KT휴대전화 부정결제 다중피해 수사결과 발표,(서울=연합뉴스) 서대연 기자 = 이정수 경기남부경찰청 사이버수사과장이 29일 서울 종로구 정부서울청사에서 과학기술정보통신부 주관 KTㆍLGU+ 침해사고 조사 결과 브리핑에서 KT휴대전화 부정결제 다중피해 수사결과를 발표하고 있다. 2025.12.29dwise@yna.co.kr
https://n.news.naver.com/mnews/article/001/0015818791?sid=105,2025-12-29 14:54:10,IT/과학,KTㆍLGU+ 침해사고 관련 질의응답하는 류제명 차관,(서울=연합뉴스) 서대연 기자 = 류제명 과학기술정보통신부 제2차관이 29일 서울 종로구 정부서울청사에서 열린 KTㆍLGU+ 침해사고 조사 결과 브리핑에서 취재진 질문에 답하고 있다.과기정통부는 이날 브리핑에서 해킹 방지를 소홀히 해 이용자에게 안전한 통신 서비스를 제공할 의무를 다하지 못한 책임을 물어 KT에 전 이용자를 대상으로 위약금 면제 조치를 할 것을 요구했다. 2025.12.29dwise@yna.co.kr
https://n.news.naver.com/mnews/article/001/0015818794?sid=105,2025-12-29 14:54:27,IT/과학,KTㆍLGU+ 침해사고 관련 질의응답하는 류제명 차관,(서울=연합뉴스) 서대연 기자 = 류제명 과학기술정보통신부 제2차관이 29일 서울 종로구 정부서울청사에서 열린 KTㆍLGU+ 침해사고 조사 결과 브리핑에서 취재진 질문에 답하고 있다.과기정통부는 이날 브리핑에서 해킹 방지를 소홀히 해 이용자에게 안전한 통신 서비스를 제공할 의무를 다하지 못한 책임을 물어 KT에 전 이용자를 대상으로 위약금 면제 조치를 할 것을 요구했다. 2025.12.29dwise@yna.co.kr
https://n.news.naver.com/mnews/article/421/0008684693?sid=105,2025-12-29 14:55:06,IT/과학,KT·LGU+ 침해사고 최종 조사결과 발표하는 류제명 차관,(서울=뉴스1) 임세영 기자 = 류제명 과학기술정보통신부 2차관이 29일 서울 종로구 정부서울청사에서 KT·LGU+ 침해사고 최종 조사결과 관련 브리핑을 하고 있다. 2025.12.29/뉴스1
https://n.news.naver.com/mnews/article/421/0008684694?sid=105,2025-12-29 14:55:11,IT/과학,"정부, KT·LGU+ 침해사고 최종 조사결과 발표",(서울=뉴스1) 임세영 기자 = 류제명 과학기술정보통신부 2차관이 29일 서울 종로구 정부서울청사에서 열린 KT·LGU+ 침해사고 최종 조사결과 관련 브리핑에서 취재진의 질문을 받고 있다. 2025.12.29/뉴스1
https://n.news.naver.com/mnews/article/001/0015818798?sid=105,2025-12-29 14:55:56,IT/과학,KTㆍLGU+ 침해사고 관련 질의응답하는 류제명 차관,(서울=연합뉴스) 서대연 기자 = 류제명 과학기술정보통신부 제2차관이 29일 서울 종로구 정부서울청사에서 열린 KTㆍLGU+ 침해사고 조사 결과 브리핑에서 취재진 질문에 답하고 있다.과기정통부는 이날 브리핑에서 해킹 방지를 소홀히 해 이용자에게 안전한 통신 서비스를 제공할 의무를 다하지 못한 책임을 물어 KT에 전 이용자를 대상으로 위약금 면제 조치를 할 것을 요구했다. 2025.12.29dwise@yna.co.kr
https://n.news.naver.com/mnews/article/421/0008684697?sid=105,2025-12-29 14:56:17,IT/과학,"정부, KT·LGU+ 침해사고 최종 조사결과 발표",(서울=뉴스1) 임세영 기자 = 류제명 과학기술정보통신부 2차관이 29일 서울 종로구 정부서울청사에서 KT·LGU+ 침해사고 최종 조사결과 관련 브리핑을 하고 있다. 2025.12.29/뉴스1
https://n.news.naver.com/mnews/article/421/0008684699?sid=105,2025-12-29 14:56:34,IT/과학,"정부, KT·LGU+ 침해사고 최종 조사결과 발표",(서울=뉴스1) 임세영 기자 = 최광기 과학기술정보통신부 사이버침해대응과장이 29일 서울 종로구 정부서울청사에서 KT·LGU+ 침해사고 최종 조사결과 관련 브리핑을 하고 있다. 2025.12.29/뉴스1
https://n.news.naver.com/mnews/article/417/0001121836?sid=105,2025-12-29 14:56:38,IT/과학,"""서버 폐기 의혹""… 정부, LGU+ 침해사고 경찰 수사 의뢰","LGU+, KISA로부터 유출 안내 받은 후 OS 재설치… 공무집행 방해 혐의 고발LG유플러스 용산 사옥. /사진=양진원 기자LG유플러스 침해사고와 관련해 정부 조사에서 핵심 자료 제출이 이뤄지지 않아 사고 경위 확인이 불가능했던 것으로 드러났다. 과학기술정보통신부는 LG유플러스가 관련 서버를 폐기한 정황이 확인됐다며 위계에 의한 공무집행 방해 혐의로 수사를 의뢰했다. 통신사 보안 관리와 사고 대응 전반의 구조적 문제가 다시 한 번 도마에 올랐다는 평가다.과학기술정보통신부는 서울정부종합청사에서 29일 LG유플러스 침해사고에 대한 민관합동조사단 조사 결과를 발표했다. 조사단은 익명의 제보자가 제기한 LG유플러스 침해사고 정황에 대해 사실관계를 확인하는 데 주력했으나 LG유플러스 서버 폐기 등으로 인해 핵심 경위를 규명하는 데 한계가 있었다고 밝혔다. 이에 따라 LG유플러스에 대해 위계에 의한 공무집행 방해 혐의로 수사를 의뢰했다.한국인터넷진흥원(KISA)은 7월18일 익명의 제보자로부터 LG유플러스 내부 시스템과 연계된 정보가 외부로 유출됐다는 정황을 제보받았다. KISA는 다음 날인 7월19일 LG유플러스에 해당 내용을 공유하고 침해사고 신고 절차를 안내했다.과학기술정보통신부와 KISA는 사안의 중대성을 고려해 자체 조사단을 구성했다. 조사단은 8월25일부터 LG유플러스 현장 조사를 시작했다. LG유플러스는 10월23일에야 KISA에 공식적으로 침해사고를 신고했다. 조사단은 10월24일부터 본격적인 조사에 착수해 침해 경위와 피해 범위를 확인했다.조사 결과 익명의 제보자가 유출됐다고 주장한 정보 가운데 일부는 실제 LG유플러스에서 외부로 유출된 사실이 확인됐다. 유출이 확인된 정보는 LG유플러스의 통합 서버 접근제어 솔루션(APPM)과 연결된 자료로 서버 목록 서버 계정 정보 임직원 성명 등이 포함됐다.APPM은 시스템 계정의 패스워드를 주기적으로 일괄 변경하고 관리하며 사용자에게 패스워드를 자동 생성해 발급하는 통합 패스워드 관리 솔루션이다. 해당 시스템은 다수 내부 서버 접근 권한과 연동돼 있어 보안상 핵심 인프라로 분류된다. 그럼에도 관련 정보가 외부로 유출된 점이 확인되면서 내부 보안 관리 체계 전반에 심각한 허점이 있었던 것으로 드러났다.조사단은 LG유플러스로부터 제출받은 APPM 서버에 대해 정밀 포렌식 분석을 실시했다. 제출받은 APPM 서버에 대해서 정밀 포렌식 분석을 진행한 결과 익명의 제보자가 공개한 LG유플러스 자료와 상이한 것을 확인했다. 자료가 유출됐을 것으로 추정되는 또 다른 APPM 서버는 운영체제 업그레이드가 이뤄져 침해사고 흔적을 확인할 수 없었다.제보자는 공격자가 LG유플러스에 APPM 솔루션을 제공하는 협력사를 해킹한 후 LG유플러스에 침투하였음을 주장했지만 협력사 직원 노트북에서부터 LG유플러스 APPM 서버로 이어지는 네트워크 경로상의 주요 서버 등이 모두 OS 재설치 또는 폐기돼 조사가 불가능했다. 해당 조치는 8월12일부터 9월15일 사이에 집중적으로 진행돼 공격자가 실제로 어떤 경로를 통해 침투했는지 여부를 확인할 수 없게 됐다.조사단은 특히 LG유플러스의 서버 운영체제 재설치 및 장비 폐기 시점에 주목했다. 해당 조치가 KISA가 침해사고 정황을 안내하고 관련 자료 보존의 필요성을 전달한 7월19일 이후에 이뤄졌다는 점이 확인됐기 때문이다. 이 같은 행위는 침해사고 조사를 어렵게 만들었을 뿐만 아니라 공공기관의 정당한 조사 활동을 방해한 행위로 봤다. 조사단은 LG유플러스의 관련 행위가 위계에 의한 공무집행 방해에 해당할 소지가 있다고 보고 지난 9일 경찰청에 수사 의뢰한 바 있다.배경훈 과학기술정보통신부 장관은 LG유플러스 침해사고의 심각성을 강조했다. 배 장관은 이번 사고가 SK텔레콤 침해사고에 이어 국가 핵심 기간통신망에서 연이어 보안 허점이 드러난 중대한 사건이라고 평가했다."
https://n.news.naver.com/mnews/article/055/0001320008?sid=101,2025-12-29 14:58:00,경제,"KT 역대급 서버 해킹…정부, 전 이용자 위약금 면제 요구","▲ 서울 광화문 KT 본사 모습정부가 해킹 방지를 소홀히 해 이용자에게 안전한 통신 서비스를 제공할 의무를 다하지 못한 책임을 물어 KT에 전 이용자를 대상으로 위약금 면제 조치를 할 것을 오늘(29일) 요구했습니다.과학기술정보통신부는 오늘 정부서울청사에서 서버 94대가 악성코드 103종에 감염돼 있었고 통화 정보가 유출될 위험이 있었던 KT가 이용자에 대한 위약금 면제 실시 대상에 해당한다는 내용을 골자로 한 KT 침해 사고 최종 조사 결과를 발표했습니다.민관 합동 조사단이 KT 서버 3만 3천 대를 6차례에 걸쳐 점검한 결과 서버 94대가 BPF도어(BPFDoor), 루트킷, 디도스 공격형 코드 등 악성코드 103종에 감염돼 있었습니다.역대급 통신사 해킹 사건으로 지목된 SKT의 경우 악성코드 33종에 감염됐고 공급망 보안 관리 취약으로 악성코드 1종이 서버 88대에 유입된 바 있는데 KT의 감염 범위가 더 광범위한 것입니다.KT는 작년 3월 감염 서버를 발견하고도 정부에 알리지 않고 서버 41대에 대해 코드 삭제 등 자체 조치로 무마해 피해 파악이 늦어졌습니다.BPF도어 등 악성코드는 2022년 4월부터 인터넷 연결 접점이 있는 서버의 파일 업로드 과정의 취약점을 통해 서버에 침투한 것으로 파악됐습니다.루트킷 등 악성코드는 방화벽, 시스템 로그 등 기록이 남아있지 않아 공격자의 침투 방법 등을 판단할 수 없었습니다.서버 감염과 별도로 불법 초소형 기지국(펨토셀)이 통신망에 무단 접속해 국제이동가입자식별정보(IMSI), 국제단말기식별번호(IMEI), 전화번호 탈취 피해를 본 이용자는 2만 2,227명, 무단 소액결제 피해자는 368명, 피해액 2억 4,300만 원으로 중간 조사 결과와 변동이 없었습니다.다만, 통신 결제 관련 데이터가 남아 있지 않은 기간인 작년 7월 31일 이전의 피해 규모는 확인이 불가능해 추가 피해 여지는 미궁으로 남게 됐습니다.류제명 과학기술정보통신부 제2차관이 29일 서울 종로구 정부서울청사에서 KT·LGU+ 침해사고 조사 결과를 브리핑하고 있다. (사진=연합뉴스)조사단은 경찰이 무단 소액결제범들로부터 확보한 불법 펨토셀을 포렌식 분석한 결과 이들 기기에 KT 망 접속에 필요한 KT 인증서 및 인증 서버 IP 정보와 해당 기지국을 거쳐 가는 트래픽을 가로채 제삼의 장소로 전송하는 기능이 있음을 확인했습니다.여기에 단말기에서 코어망에 이르는 통신 과정에서 암호화가 풀리면서 ARS, SMS 등 결제 인증 정보가 탈취됐을 뿐 아니라 이용자의 문자, 통화 내용이 유출되는 일도 가능한 것으로 확인됐습니다.특히, 아이폰 16 이하 기종 등 일부 단말기에는 KT가 암호화 설정 자체를 지원하지 않고 있었습니다.조사단은 KT의 펨토셀 관리 체계가 전반적으로 부실해 불법 펨토셀이 KT 내부망에 언제 어디서든 접속할 수 있었다며 인증 서버 IP의 주기적 변경 및 대외비 관리 등 보안 관리 개선책을 요구했습니다.모든 펨토셀 제품이 동일한 제조사 인증서를 사용하고 있어 이를 복사하면 정상 펨토셀이 아니더라도 KT 망에 접속할 수 있었고 타사 또는 해외 IP 등 비정상 IP를 차단하지 않고 있었으며 정상 정보인지 검증 체계도 없었기 때문입니다.과기정통부는 KT 보안 조치의 총체적인 미흡이 위약금 면제 사유에 해당한다고 판단했습니다.약관에 명시된 ""회사의 귀책 사유로 이용자가 서비스를 해지할 경우 위약금을 면제할 수 있다""는 규정에 부합하며 특히 평문의 문자, 음성 통화가 제삼자에게 새어나갈 위험성은 소액결제 피해를 본 일부 이용자에 국한된 것이 전체 이용자에 해당한다고 봤기 때문입니다.조사단이 로펌 등 5개 기관을 대상으로 법률 자문을 진행한 결과 4곳에서 이번 침해 사고로 KT가 안전한 통신 서비스 제공이라는 계약의 주요 의무를 위반해 위약금 면제 규정 적용이 가능하다는 법적 판단을 전달했습니다.과기정통부는 KT가 위약금 면제 조치를 SKT의 사례에 준해 적용할 것으로 보고 있습니다.SKT는 사고 최종 조사 결과가 발표된 지난 7월 4일을 기준으로 열흘간 침해 사고 이후 해지한 고객을 포함해 위약금 면제를 적용한 바 있습니다.조사단은 KT가 악성코드뿐 아니라 쉽게 탐지할 수 있는 웹셸도 발견하지 못하는 등 보안 점검이 미흡했다며 서버 등 네트워크가 연결되는 장치에서 발생하는 모든 활동을 감지 분석하는 도구(EDR), 백신 등 보안 솔루션 도입을 확대하라고 요구했습니다.아울러 분기에 1회 이상 모든 자산에 대해 보안 취약점을 정기 점검하고 운영 시스템 로그 기록을 최소 1년 이상 보관하며 중앙 로그 관리 시스템을 구축해 사이버 침해를 감시할 것을 촉구했습니다.나아가 KT가 서버 등의 자산 종류, 규모, 운용 여부 등을 체계적으로 관리하지 않았다며 전사의 자산을 담당하는 정보기술최고책임자(CIO)를 지정하고 정보기술 자산관리 설루션을 도입하라고 했습니다.과기정통부는 KT에 재발 방지 이행 계획을 내년 1월까지 제출하도록 하고 6월까지 이행 여부를 점검할 계획입니다.서울 용산구 LG유플러스 용산 사옥의 모습. (사진=연합뉴스)한편, 민관 합동 조사단은 LGU+의 해킹 의혹에 대해 익명의 화이트해커로부터 정보 유출이 지목된 통합 서버 접근제어 설루션(APPM)이 해킹당했으며 서버 목록, 서버 계정정보 및 임직원 성명 등 관련 정보가 실제 유출된 것을 확인했습니다.하지만, LGU+가 당국에서 침해 사고 정황을 안내한 이후에 서버 운영체계(OS)를 재설치 또는 폐기하며 구체적인 침해 내용이 드러나지 않았습니다.이에 과기정통부는 LGU+가 조사를 방해했다고 보고 위계에 의한 공무집행 방해로 경찰청에 수사 의뢰했습니다.LGU+는 ""경찰 수사에 성실히 임하겠다""고 밝혔습니다.(사진=연합뉴스)"
https://n.news.naver.com/mnews/article/025/0003493006?sid=105,2025-12-29 15:03:36,IT/과학,[속보] KT 해킹 책임 인정…정부 “전 이용자 위약금 면제” 요구,류제명 과학기술정보통신부 2차관이 29일 서울 종로구 정부서울청사에서 KT·LGU 침해사고 최종 조사결과 관련 브리핑을 하고 있다. 뉴스1정부가 대규모 해킹 사고와 관련해 KT가 이용자에게 안전한 통신 서비스를 제공할 의무를 다하지 못했다며 전 이용자를 대상으로 위약금 면제 조치를 할 것을 공식 요구했다. KT는 이사회 논의를 거쳐 구체적인 보상안을 곧 발표할 예정이다.과학기술정보통신부는 29일 정부서울청사에서 KT 침해 사고에 대한 최종 조사 결과를 발표하고 KT가 위약금 면제 대상에 해당한다고 밝혔다. 조사 결과 KT 서버 94대가 악성코드 103종에 감염돼 있었고 통화 정보 유출 가능성도 확인됐다.민관 합동 조사단이 서버 3만3000대를 6차례 점검한 결과 BPFDoor 루트킷 디도스 공격형 코드 등 악성코드가 대거 발견됐다. 이는 악성코드 33종이 확인된 SKT 해킹 사건보다 감염 범위가 더 넓은 수준이다.KT는 지난해 3월 감염 서버를 발견하고도 이를 정부에 신고하지 않고 서버 41대에 대해 자체 삭제 조치만 취해 피해 파악이 지연된 것으로 조사됐다. BPFDoor 등 일부 악성코드는 2022년 4월부터 파일 업로드 취약점을 통해 서버에 침투한 것으로 파악됐다.서버 해킹과 별도로 불법 초소형 기지국인 펨토셀이 KT 통신망에 무단 접속해 국제이동가입자식별정보 IMSI 국제단말기식별번호 IMEI 전화번호 등이 탈취된 피해도 발생했다. 피해 이용자는 2만2227명이며 무단 소액결제 피해자는 368명 피해액은 2억4300만원으로 집계됐다. 다만 지난해 7월31일 이전 피해는 확인이 어려워 추가 피해 가능성은 남아 있다.조사단은 불법 펨토셀에 KT 인증서와 인증 서버 IP 정보가 저장돼 있었고 통신 과정에서 암호화가 풀리며 ARS SMS 결제 인증 정보는 물론 문자와 통화 내용 유출도 가능했다고 밝혔다. 특히 일부 단말기에는 KT가 암호화 설정 자체를 지원하지 않은 사실도 확인됐다.과기정통부는 KT의 전반적인 보안 관리 부실이 약관상 위약금 면제 사유에 해당한다고 판단했다. 약관에 명시된 “회사의 귀책 사유로 이용자가 서비스를 해지할 경우 위약금을 면제할 수 있다”는 규정에 부합하며 통신 내용 유출 위험이 일부 이용자가 아닌 전체 이용자에게 적용된다는 점을 근거로 들었다.법률 자문을 진행한 5개 기관 중 4곳도 KT가 안전한 통신 서비스 제공이라는 계약의 주요 의무를 위반해 위약금 면제가 가능하다는 의견을 제시했다. 과기정통부는 KT가 SKT 사례와 유사한 수준으로 위약금 면제를 적용할 것으로 보고 있다.류제명 과기정통부 2차관은 “면제 대상과 소급 적용 범위 등에 대해 KT가 소비자 눈높이에 맞는 판단을 할 것으로 기대한다”고 말했다. 통신업계에 따르면 KT는 30일 이사회를 열어 위약금 면제 범위와 고객 보상안을 논의해 발표할 계획이다.조사단은 재발 방지를 위해 KT에 EDR 백신 등 보안 설루션 확대 도입 분기별 전 자산 보안 점검 최소 1년 이상 로그 보관 중앙 로그 관리 시스템 구축을 요구했다. 아울러 전사 자산을 총괄하는 CIO 지정과 정보기술 자산관리 설루션 도입도 권고했다.과기정통부는 KT에 재발 방지 이행 계획을 내년 1월까지 제출하도록 하고 6월까지 이행 여부를 점검할 방침이다. KT는 “조사 결과를 엄중히 받아들이며 고객 보상과 정보보안 혁신 방안이 확정되는 대로 조속히 발표하겠다”고 밝혔다.한편 조사단은 LGU+ 해킹 의혹과 관련해 통합 서버 접근제어 설루션이 해킹돼 서버 목록과 계정 정보 임직원 성명 등이 실제 유출된 사실을 확인했다. 다만 LGU+가 조사 이후 서버 운영체계를 재설치 또는 폐기해 구체적인 침해 내용 확인이 어려워졌다고 보고 과기정통부는 경찰에 수사를 의뢰했다. LGU+는 “경찰 수사에 성실히 임하겠다”고 밝혔다.
https://n.news.naver.com/mnews/article/088/0000989351?sid=102,2025-12-29 15:06:12,사회,"SKT 보다 더 심각?…정부 ""KT 모든 가입자 도청 위험 노출"" 결론","류제명 과학기술정보통신부 제2차관이 29일 서울 종로구 정부서울청사에서 KT·LGU+ 침해사고 조사 결과를 브리핑하고 있다. 연합뉴스KT 해킹 사고가 악성코드 감염 규모 측면에서 SK텔레콤 해킹을 크게 웃돈 것으로 나타났다. '불법 기지국'을 통해 음성통화 탈취(도청)도 가능했다는 정부 조사 결과도 나왔다.과학기술정보통신부(이하 과기정통부) 민관합동조사단이 29일 광화문 정부서울청사에서 발표한 KT·LGU+ 침해사고 최종 조사 결과에는 이같은 내용이 포함됐다.이번 민관합동조사단의 조사 결과 KT 해킹은 앞서 발생한 SK텔레콤보다 악성코드의 종류·개수·감염 범위가 더 광범위했다.SK텔레콤은 28대 서버에서 BPF도어 계열 27종을 포함해 모두 33종의 악성코드 감염이 확인된 반면, KT는 94대 서버에서 BPF도어, 루트킷 등 103종의 악성코드 감염이 확인됐다.해킹 사고 대처도 문제투성이였다. KT는 지난해 3월 감염 서버를 발견하고도 정부에 알리지 않고 서버 41대에 대해 코드 삭제 등 자체 조치로 무마하려 했다.KT에서는 실제 금전 피해도 발생해 소액결제로 2억4천여만원 규모의 피해가 집계됐다.다만 개인정보 유출 측면에서는 SK텔레콤의 피해 규모가 더 큰 것으로 평가된다.SK텔레콤은 2천3백만명이 넘는 가입자 대부분의 전화번호, 가입자식별번호(IMSI), 유심 인증키(Ki·OPc) 등 25종의 개인정보가 유출됐지만 KT는 2만2천여명의 가입자식별번호(IMSI), IMEI, 전화번호 등이 유출된 것으로 파악됐다.KT의 펨토셀 부실 관리로 KT 전체 가입자의 문자, 음성 통화 탈취가 가능했다는 사실도 드러났다.민관합동조사단은 ""통신 과정에서 이용자 단말기와 KT 내부망 사이 구간의 송수신되는 정보는 종단 암호화(보내는 사람부터 받는 사람까지 데이터를 암호로 잠그는 것)가 이뤄졌어야 하지만 불법 펨토셀에 의해 종단 암호화가 해제돼 결제 인증 정보(ARS·SMS)가 전송됐다""면서 ""불법 펨토셀에서 이용자가 송수신하는 문자, 음성 통화 정보를 탈취할 수 있는 위험한 상황에 모든 KT 이용자가 노출됐다는 뜻""이라고 말했다.그러나 조사단은 실제 문자, 음성 통화 탈취 흔적은 발견하지 못했다고 밝혔다. 일부 단말(아이폰 16 이하)에서는 KT가 암호화 설정 자체를 지원하지 않아서 문자메시지가 평문으로 전송되는 문제도 나타났다.과기정통부는 KT의 관리 부실로 모든 KT 이용자가 도청 위험에 노출됐던 만큼 KT 전체 이용자를 대상으로 약관상 위약금을 면제해야 하는 귀책 사유에 해당한다고 판단했다. KT 이용약관은 '기타 회사의 귀책 사유'로 이용자가 서비스를 해지할 경우 위약금을 면제하도록 규정하고 있다.과기정통부는 이번 조사결과를 토대로 내달까지 KT에 재발방지 대책에 따른 이행계획을 제출하도록 하고 2분기까지 KT 이행 여부를 점검할 예정이다.보완이 필요한 사항에 대해서는 정보통신망법에 따라 시정조치를 명령할 계획이다."
https://n.news.naver.com/mnews/article/001/0015818854?sid=102,2025-12-29 15:09:27,사회,"KT 해킹에 전 이용자 위약금 면제 조치…KT ""보상안 곧 발표""(종합)","서버 94대 악성코드 103종 감염…통신사 최악 수준문자·통화 유출 가능성에 안전한 통신 제공 의무 위반정부 ""위약금 면제 대상·기간 국민 눈높이 맞는 판단 기대""과기부, kt 서버 해킹 조사 결과 발표(서울=연합뉴스) 김성민 기자 = 정부가 해킹 방지를 소홀히 해 이용자에게 안전한 통신 서비스를 제공할 의무를 다하지 못한 책임을 물어 KT에 전 이용자를 대상으로 위약금 면제 조치를 할 것을 29일 요구했다.과학기술정보통신부는 이날 정부서울청사에서 서버 94대가 악성코드 103종에 감염돼 있었고 통화 정보가 유출될 위험이 있었던 KT가 이용자에 대한 위약금 면제 실시 대상에 해당한다는 내용을 골자로 한 KT 침해 사고 최종 조사 결과를 발표했다.사진은 이날 서울 시내 한 KT 매장의 모습. 2025.12.29 ksm7976@yna.co.kr(서울=연합뉴스) 조성미 기자 = 정부가 해킹 방지를 소홀히 해 이용자에게 안전한 통신 서비스를 제공할 의무를 다하지 못한 책임을 물어 KT에 전 이용자를 대상으로 위약금 면제 조치를 할 것을 29일 요구했다.과학기술정보통신부는 이날 정부서울청사에서 서버 94대가 악성코드 103종에 감염돼 있었고 통화 정보가 유출될 위험이 있었던 KT가 이용자에 대한 위약금 면제 실시 대상에 해당한다는 내용을 골자로 한 KT 침해 사고 최종 조사 결과를 발표했다.민관 합동 조사단이 KT 서버 3만3천대를 6차례에 걸쳐 점검한 결과 서버 94대가 BPF도어(BPFDoor), 루트킷, 디도스 공격형 코드 등 악성코드 103종에 감염돼 있었다.역대급 통신사 해킹 사건으로 지목된 SKT의 경우 악성코드 33종에 감염됐고 공급망 보안 관리 취약으로 악성코드 1종이 서버 88대에 유입된 바 있는데 KT의 감염 범위가 더 광범위한 것이다.KT, 작년 서버 해킹 알고도 은폐 정황(서울=연합뉴스) 서명곤 기자 = KT가 지난해 BPF도어(BPFDoor)라는 은닉성이 강한 악성 코드에 서버가 대량 감염된 사실을 자체 파악하고도 당국에 신고하지 않고 은폐한 것으로 파악됐다. BPF도어는 올해 초 불거진 SKT 해킹 사례에서도 큰 피해를 준 악성 코드다.KT 해킹 사고를 조사 중인 민관 합동 조사단은 6일 정부서울청사에서 중간 조사 결과에 대한 브리핑을 통해 이같이 밝혔다.사진은 이날 서울 광화문 KT 본사 모습. 2025.11.6 seephoto@yna.co.krKT는 작년 3월 감염 서버를 발견하고도 정부에 알리지 않고 서버 41대에 대해 코드 삭제 등 자체 조치로 무마해 피해 파악이 늦어졌다.BPF도어 등 악성코드는 2022년 4월부터 인터넷 연결 접점이 있는 서버의 파일 업로드 과정의 취약점을 통해 서버에 침투한 것으로 파악됐다. 루트킷 등 악성코드는 방화벽, 시스템 로그 등 기록이 남아있지 않아 공격자의 침투 방법 등을 판단할 수 없었다.서버 감염과 별도로 불법 초소형 기지국(펨토셀)이 통신망에 무단 접속해 국제이동가입자식별정보(IMSI), 국제단말기식별번호(IMEI), 전화번호 탈취 피해를 본 이용자는 2만2천227명, 무단 소액결제 피해자는 368명, 피해액 2억4천300만원으로 중간 조사 결과와 변동이 없었다.다만, 통신 결제 관련 데이터가 남아있지 않은 기간인 작년 7월 31일 이전의 피해 규모는 확인이 불가능해 추가 피해 여지는 미궁으로 남게 됐다.KT·LGU+ 침해사고 조사 결과 브리핑(서울=연합뉴스) 서대연 기자 = 류제명 과학기술정보통신부 제2차관이 29일 서울 종로구 정부서울청사에서 KT·LGU+ 침해사고 조사 결과를 브리핑하고 있다. 2025.12.29 dwise@yna.co.kr조사단은 경찰이 무단 소액결제범들로부터 확보한 불법 펨토셀을 포렌식 분석한 결과 이들 기기에 KT 망 접속에 필요한 KT 인증서 및 인증 서버 IP 정보와 해당 기지국을 거쳐 가는 트래픽을 가로채 제삼의 장소로 전송하는 기능이 있음을 확인했다.여기에 단말기에서 코어망에 이르는 통신 과정에서 암호화가 풀리면서 ARS, SMS 등 결제 인증 정보가 탈취됐을 뿐 아니라 이용자의 문자, 통화 내용이 유출되는 일도 가능한 것으로 확인됐다.특히, 아이폰 16 이하 기종 등 일부 단말기에는 KT가 암호화 설정 자체를 지원하지 않고 있었다.조사단은 KT의 펨토셀 관리 체계가 전반적으로 부실해 불법 펨토셀이 KT 내부망에 언제 어디서든 접속할 수 있었다며 인증 서버 IP의 주기적 변경 및 대외비 관리 등 보안 관리 개선책을 요구했다.모든 펨토셀 제품이 동일한 제조사 인증서를 사용하고 있어 이를 복사하면 정상 펨토셀이 아니더라도 KT 망에 접속할 수 있었고 타사 또는 해외 IP 등 비정상 IP를 차단하지 않고 있었으며 정상 정보인지 검증 체계도 없었기 때문이다.'가짜 기지국' 관련 질문에 답하는 김영섭 KT 대표이사[연합뉴스 자료사진]과기정통부는 KT 보안 조치의 총체적인 미흡이 위약금 면제 사유에 해당한다고 판단했다.약관에 명시된 ""회사의 귀책 사유로 이용자가 서비스를 해지할 경우 위약금을 면제할 수 있다""는 규정에 부합하며 특히 평문의 문자, 음성 통화가 제삼자에게 새어나갈 위험성은 소액결제 피해를 본 일부 이용자에 국한된 것이 전체 이용자에 해당한다고 봤기 때문이다.조사단이 로펌 등 5개 기관을 대상으로 법률 자문을 진행한 결과 4곳에서 이번 침해 사고로 KT가 안전한 통신 서비스 제공이라는 계약의 주요 의무를 위반해 위약금 면제 규정 적용이 가능하다는 법적 판단을 전달했다.과기정통부는 KT가 위약금 면제 조치를 SKT의 사례에 준해 적용할 것으로 보고 있다.SKT는 사고 최종 조사 결과가 발표된 지난 7월 4일을 기준으로 열흘간 침해 사고 이후 해지한 고객을 포함해 위약금 면제를 적용한 바 있다.류제명 과기정통부 2차관은 브리핑에서 ""면제 대상 소급 적용 범위 등에 대해 KT가 지난 SKT 사례처럼 소비자 눈높이에 맞춰 적절한 판단을 할 것으로 기대한다""고 말했다.통신업계에 따르면 KT는 30일 이사회를 열어 위약금 면제 범위와 고객 보상안을 논의, 발표할 것으로 알려졌다.아울러 조사단은 KT가 악성코드뿐 아니라 쉽게 탐지가 가능한 웹셸도 발견하지 못하는 등 보안 점검이 미흡했다며 서버 등 네트워크가 연결되는 장치에서 발생하는 모든 활동을 감지 분석하는 도구(EDR), 백신 등 보안 설루션 도입을 확대하라고 요구했다.분기에 1회 이상 모든 자산에 대해 보안 취약점을 정기 점검하고 운영 시스템 로그 기록을 최소 1년 이상 보관하며 중앙 로그 관리 시스템을 구축해 사이버 침해를 감시할 것을 촉구했다.나아가 KT가 서버 등의 자산 종류, 규모, 운용 여부 등을 체계적으로 관리하지 않았다며 전사의 자산을 담당하는 정보기술최고책임자(CIO)를 지정하고 정보기술 자산관리 설루션을 도입하라고 했다.과기정통부는 KT에 재발 방지 이행 계획을 내년 1월까지 제출하도록 하고 6월까지 이행 여부를 점검할 계획이다.KT는 ""민관 합동 조사단의 결과 발표를 엄중하게 받아들이며 고객 보상과 정보보안 혁신 방안이 확정 되는 대로 조속히 발표할 예정""이라고 밝혔다.KISA에 해킹 정황 신고한 LG유플러스(서울=연합뉴스) 김성민 기자 = LG유플러스가 서버 해킹 정황을 사이버 보안 당국에 신고했다. LG유플러스는 23일 한국인터넷진흥원(KISA)에 서버 해킹 피해와 관련한 신고서를 제출했다.사진은 이날 서울 용산구 LG유플러스 용산 사옥의 모습. 2025.10.23 ksm7976@yna.co.kr한편, 민관 합동 조사단은 LGU+의 해킹 의혹에 대해 익명의 화이트해커로부터 정보 유출이 지목된 통합 서버 접근제어 설루션(APPM)이 해킹당했으며 서버 목록, 서버 계정정보 및 임직원 성명 등 관련 정보가 실제 유출된 것을 확인했다.하지만, LGU+가 당국에서 침해 사고 정황을 안내한 이후에 서버 운영체계(OS)를 재설치 또는 폐기하며 구체적인 침해 내용이 드러나지 않았다.이에 과기정통부는 LGU+가 조사를 방해했다고 보고 위계에 의한 공무집행 방해로 경찰청에 수사 의뢰했다.LGU+는 ""경찰 수사에 성실히 임하겠다""고 밝혔다.csm@yna.co.kr"
https://n.news.naver.com/mnews/article/374/0000483181?sid=101,2025-12-29 15:12:13,경제,"정부 ""KT, 위약금 전면 면제해야…'은폐 의혹' KT·LGU+ 수사의뢰""","[앵커]민관합동조사단이 오늘(29일) KT와 LG유플러스의 침해사고 관련 최종 조사 결과를 발표했습니다.KT엔 관리부실이 부른 사고라며 위약금 면제를 권고했고, LG유플러스는 수사 의뢰로 결론 냈는데요.김동필 기자, KT에도 위약금 면제를 권고했죠?[기자]앞서 SK텔레콤 때와 마찬가지로 KT도 '귀책사유'가 인정된다며 전체 가입자 대상 위약금 면제를 권고했습니다.가장 큰 근거는 침해사고에서 KT의 과실이 확인됐다는 건데요.우선 불법 펨토셀에 대한 관리가 부실했던 것으로 드러났습니다.인증 과정에서 비정상 IP를 차단하거나, 검증하는 체계가 없어서 공격자들이 불법 펨토셀로 손쉽게 결제 인증정보를 탈취할 수 있었습니다.게다가 암호화도 불법 펨토셀에 손쉽게 해제되는 등 문제가 산재했던 걸로 조사됐습니다.[류제명 / 과기정통부 2차관 : KT는 펨토셀의 생산, 납품 및 내부망 접속 인증 전반에 있어 보안 관리가 부실하여 불법 펨토셀의 접속을 허용하였으며, 불법 펨토셀에 의해 통신 암호화가 해제되어 평문의 인증정보 등이 공격자에게 노출되는 문제가 있었습니다.][앵커]은폐 의혹도 확인됐다고요?[기자]미리 해킹 정황을 인지했음에도 신고하지 않거나, 허위로 신고하는 등 고의적인 정황을 확인했다는 게 조사단의 설명입니다.KT와 LG유플러스 모두에서 확인됐는데요.3만 3천여 대의 KT 서버를 조사한 결과 작년 3월부터 최근까지 103종의 악성코드에 감염돼 있었는데, KT는 일부를 신고 없이 자체 조치했습니다.지연 신고하거나 폐기 시점도 허위로 보고하는 등 방해하는 정황도 포착됐습니다.익명의 제보로 시작된 LG유플러스 조사에서도 정보 유출이 있었다는 점은 확인됐는데요.다만 주요 서버나 운영체제가 폐기되거나 대체되면서 조사가 불가능해졌습니다.이에 정부는 KT와 LG유플러스에 대해 수사의뢰한 상태입니다.한편 KT 무단소액결제 사건과 관련 경찰은 13명을 검거하고 5명을 구속 송치하는 한편 상선 1명을 인터폴 적색수배했습니다.SBS Biz 김동필입니다.당신의 제보가 뉴스로 만들어집니다.SBS Biz는 여러분의 제보를 기다리고 있습니다.홈페이지 = https://url.kr/9pghjn"
https://n.news.naver.com/mnews/article/015/0005230144?sid=100,2025-12-29 15:20:15,정치,[포토] KTㆍLGU+ 침해사고 관련 브리핑하는 류제명 차관,류제명 과학기술정보통신부 2차관이 29일 서울 종로구 정부서울청사에서 KT·LGU+ 침해사고 최종 조사결과 관련 브리핑을 하고 있다.이날 정부는 해킹 방지를 소홀히 해 이용자에게 안전한 통신 서비스를 제공할 의무를 다하지 못한 책임을 물어 KT에 전 이용자를 대상으로 위약금 면제 조치를 할 것을 요구했다.
https://n.news.naver.com/mnews/article/241/0003485645?sid=105,2025-12-29 15:26:40,IT/과학,KT 서버 94대 103종 악성코드 감염…전 고객 위약금 면제 요구,"LGU+는 조사 방해로 수사 의뢰서울 시내 KT 판매점. 연합뉴스90대가 넘는 서버에서 악성코드가 무더기로 발견된 KT가 전체 고객의 위약금 면제를 검토해야 하는 상황에 놓였다. 마찬가지로 해킹 의혹을 받는 LG유플러스는 공무집행 방해로 경찰 조사를 받게 됐다.과학기술정보통신부(과기정통부)는 KT와 LG유플러스 침해사고에 대한 민관합동조사단의 조사 결과를 29일 밝혔다.조사단이 KT 전체 서버를 점검했더니 총 94대 서버가 BPF도어, 루트킷 등 103종의 악성코드에 감염돼 있었다.일부 감염 서버에 고객 이름과 전화번호 등 개인정보가 저장돼 있지만 유출 정황은 없는 것으로 확인됐다. 다만, KT의 시스템 로그 보관 기간이 1~2개월에 불과하고, 주요 시스템은 방화벽 등 보안장비 없이 운영돼 로그 기록이 남아있지 않은 기간의 유출 여부를 확인할 수 없었다.웹셸 및 BPF도어 악성코드의 경우 인터넷 연결 접점이 있는 서버의 파일 업로드 취약점을 악용해 서버에 웹셸을 업로드하고 BPF도어 등의 악성코드를 확산시킨 것으로 추정됐다. 루트킷, 백도어 등의 악성코드는 감염 시점 당시 방화벽, 시스템 로그 등 기록이 없어 공격자의 침투 방법을 판단할 수 없었다.지난 8~9월 발생한 고객 무단 소액결제 사고의 피해 규모는 368명, 2억4300만원이었다. 공격자는 불법 펨토셀(초소형 기지국)에 KT의 펨토셀 인증서, KT 서버 IP 주소 정보를 복사해 KT 내부망에 접속했다.이후 불법 펨토셀이 강한 전파를 방출하도록 해 정상적인 기지국에 접속했던 단말기가 불법 펨토셀에 연결되도록 하고, 해당 셀에 연결된 피해자의 전화번호, IMSI, IMEI 등의 정보를 탈취했다.불법 펨토셀에서 탈취한 정보는 미상의 경로로 취득한 개인정보와 결합해 피해자를 선정하고, 피해자의 개인정보로 상품권 구매 사이트에 접속해 상품권 구매 시도 및 피해자에게 전달되는 ARS, SMS 등 인증정보를 탈취해 무단 소액결제를 한 것으로 파악됐다.조사단은 KT에 납품되는 모든 펨토셀 제품이 동일한 제조사 인증서를 사용하고 있어 해당 인증서를 복사하는 경우 정상 펨토셀이 아니어도 내부망의 인증 서버로부터 KT 인증서를 받아 KT 망에 접속이 가능한 것을 발견했다.KT 인증서의 유효기간은 10년으로 설정돼 있어 한 번이라도 접속한 이력이 있는 펨토셀은 지속적으로 KT 망에 접속할 수 있었다. 내부망에서의 펨토셀 접속 인증 과정에서는 타사 또는 해외 IP 등 비정상 IP를 차단하지 않고 있었고, 펨토셀 고유번호, 설치 지역 정보 등 형상 정보가 KT 망에 등록된 정보인지 검증하지 않았다. 통신 과정에서 종단 암호화가 해제돼 평문의 정보가 오간 것도 확인됐다.류제명 과학기술정보통신부 제2차관이 29일 서울 종로구 정부서울청사에서 KT·LG유플러스 침해사고 조사 결과를 브리핑하고 있다. 연합뉴스과기정통부는 이번 침해사고가 KT 이용약관상 위약금 면제 규정에 해당하는지 여부를 검토했다. 그 결과, 일반적으로 기대되는 사업자의 주의 의무를 다하지 않았고 과실이 있는 것으로 판단해 KT가 전체 이용자를 대상으로 위약금을 면제해야 한다고 봤다.KT 측은 ""민관합동조사단 결과 발표를 엄중하게 받아들이며, 고객 보상과 정보보안 혁신 방안이 확정되는 대로 조속히 발표할 예정""이라고 말했다.또 조사단은 익명의 제보자가 유출됐다고 주장한 LG유플러스의 통합 서버 접근제어 솔루션(APPM)과 연결된 정보(서버 목록·서버 계정 정보·임직원 성명)가 실제 LG유플러스에서 빠져나간 것으로 파악했다.익명의 제보자는 공격자가 LG유플러스에 APPM 솔루션을 제공하는 협력사를 해킹한 뒤 LG유플러스에 침투했다고 주장했다. 조사단은 협력사 직원의 노트북에서부터 LG유플러스의 APPM 서버로 이어지는 네트워크 경로상의 주요 서버 등이 모두 OS 재설치 또는 폐기돼 조사가 불가능한 것으로 확인했다.조사단은 LG유플러스의 이런 행위가 KISA(한국인터넷진흥원)가 침해사고 정황 등을 안내한 후에 이뤄진 점을 고려해 부적절하다고 보고 공무집행 방해로 경찰청에 수사를 의뢰했다.배경훈 과기정통부 장관은 ""이번 KT, LG유플러스 침해사고는 SK텔레콤 침해사고에 이어 국가 핵심 기간통신망의 보안 허점이 드러난 엄중한 사안""이라며 ""기업들은 국민이 신뢰할 수 있는 안전한 서비스 환경을 만드는 것이 생존의 필수 조건임을 인식하고 정보보호를 경영의 핵심 가치로 삼아야 한다""고 강조했다.정길준 기자 kjkj@edaily.co.kr"
https://n.news.naver.com/mnews/article/629/0000457635?sid=102,2025-12-29 15:30:17,사회,"정부 ""KT 안전한 통신서비스 제공 못 해... 위약금 면제 적용 가능"" [TF사진관]","류제명 과기정통부 제2차관(가운데)이 29일 오후 서울 종로구 정부서울청사에서 KT 침해사고 조사 결과 발표를 마치고 취재진의 질문에 답하고 있다. /박헌우 기자KT 침해사고 조사 결과 발표하는 이정수 경기남부경찰청 사이버수사과장(가운데).[더팩트ㅣ박헌우 기자] 류제명 과기정통부 제2차관이 29일 오후 서울 종로구 정부서울청사에서 KT 침해사고 조사 결과 발표를 마치고 취재진의 질문에 답하고 있다.이날 과기부와 경기남부경찰청은 KT, LGU+의 침해사고와 관련한 최종 조사결과를 발표했다.과기부는 KT의 펨토셀 관리 전반에 보안 실태 조사와 경찰의 압수물 정밀 분석, KT 전체 서버(약 3.3만 대)를 대상으로 악성코드 감염여부를 점검했다고 밝혔다.피해현황은 △무단 소액결제 피해 규모 368명, 2.43억 원 △감염서버 총 94대, 악성코드 총 103종 △2만 2227명의 IMSI, IMEI, 전화번호 유출이 확인됐다.사고 원인과 문제점은 펨토셀 보안 관리 부실로 인한 불법 펨토셀의 접속 허용, 통신 암호화 해제, 정보보호 활동 미흡 등의 문제가 발견됐다.과기부는 재발방지 대책으로 펨토셀 보안관리 강화, 통신 암호화 설정 강화, 보안장비 도입 및 로그 보관기간 연장, CISO 중심 거버넌스 체계 확립 등을 제시했다.과기부는 ""KT가 펨토셀 보안 관리를 통해 전체 이용자에게 안전한 통신서비스를 제공해야 할 의무를 다하지 못한 것으로 판단한다""며 ""위약금 면제 규정이 적용 가능하다""고 밝혔다.사진영상기획부발로 뛰는 더팩트는 24시간 여러분의 제보를 기다립니다.▶카카오톡: '더팩트제보' 검색▶이메일: jebo@tf.co.kr▶뉴스 홈페이지: http://talk.tf.co.kr/bbs/report/write"
https://n.news.naver.com/mnews/article/144/0001088731?sid=105,2025-12-29 15:35:09,IT/과학,"정부, KT 해킹에 “전 이용자 위약금 면제 조치해야”","KT “보상안 곧 발표”정부가 해킹 사태와 관련해 안전한 서비스를 제공할 의무를 다하지 못한 책임을 물어 KT에 전 이용자를 대상으로 위약금 면제 조치를 할 것을 요구했다.과학기술정보통신부 민관합동조사단은 3개월 전 불거진 KT 무단소액결제 및 해킹 사태에 대한 최종 조사 결과를 29일 발표했다.조사 결과, KT에서는 지난해 8월1일부터 올해 9월10일까지 총 2억4000억원 규모의 무단 소액결제가 발생했으며, 2만2000여명의 전화번호와 가입자식별번호(IMSI), 단말기식별번호(IMEI)가 유출된 것으로 확인됐다.다만 이는 현재 남아 있는 통신결제 정보를 토대로 산출한 수치로, 2024년 7월 이전 기간에 대해서는 추가 피해 여부를 확인하지 못했다고 설명했다.정부는 이번 침해사고의 원인으로 KT의 초소형 기지국(펨토셀) 관리 부실을 지목하며 “KT에 명백한 과실이 있는 것으로 판단했다”고 밝혔다.과기정통부 민관합동조사단은 “이번 침해사고에서 KT의 과실이 발견됐고 계약상 주된 의무인 안전한 통신서비스 제공 의무도 다하지 못했다”면서 “이번 침해사고는 KT 이용약관상 전체 이용자를 대상으로 위약금을 면제해야 하는 회사의 귀책사유에 해당한다”고 밝혔다.과기정통부는 KT에 재발 방지 이행 계획을 내년 1월까지 제출하도록 하고 6월까지 이행 여부를 점검할 계획이다.이에 대해 KT는 “민관 합동 조사단의 결과 발표를 엄중하게 받아들이며 고객 보상과 정보보안 혁신 방안이 확정 되는 대로 조속히 발표할 예정”이라고 밝혔다.한편, 민관 합동 조사단은 LGU+의 해킹 의혹에 대해 익명의 화이트해커로부터 정보 유출이 지목된 통합 서버 접근제어 설루션(APPM)이 해킹당했으며 서버 목록, 서버 계정정보 및 임직원 성명 등 관련 정보가 실제 유출된 것을 확인했다.하지만, LGU+가 당국에서 침해 사고 정황을 안내한 이후에 서버 운영체계(OS)를 재설치 또는 폐기하며 구체적인 침해 내용이 드러나지 않았다.이에 과기정통부는 LGU+가 조사를 방해했다고 보고 위계에 의한 공무집행 방해로 경찰청에 수사 의뢰했다.조진호 기자 ftw@kyunghyang.com"
https://n.news.naver.com/mnews/article/629/0000457640?sid=105,2025-12-29 15:36:08,IT/과학,"KT 해지 시 위약금 면제된다…정부 ""KT 보안 관리 부실""","과기정통부, KT·LGU+ 침해사고 조사 결과 발표류제명 차관 ""징벌적 영업정지 사안은 아냐""29일 오후 서울 종로구 정부서울청사에서 열린 'KT-LGU+ 침해사고 조사 결과 발표' 관련 브리핑에서 류제명 과학기술정보통신부 제2차관이 취재진의 질문에 답변하고 있다. /뉴시스[더팩트｜우지수 기자] 정부가 최근 발생한 KT의 해킹 및 개인정보 유출 사고와 관련해 ""KT의 명백한 과실""이라는 결론을 내렸다. KT 이용자들은 약정 기간이 남아있더라도 위약금 없이 서비스 해지가 가능해질 전망이다. 반면 침해사고 조사 과정에서 관련 서버를 폐기하는 등 증거를 인멸한 정황이 포착된 LGU+에 대해서는 경찰 수사가 진행된다.과학기술정보통신부는 29일 이 같은 내용을 담은 'KT, LGU+ 침해사고 민관합동조사단 조사 결과'를 발표했다. 조사 결과에 따르면 KT는 초소형 기지국인 '펨토셀' 관리 부실로 외부 침입을 허용했다.KT는 납품되는 모든 펨토셀에 동일한 인증서를 사용했고 유효기간을 10년으로 설정해 보안에 취약점을 드러냈다. 해커는 이를 악용해 불법 펨토셀로 KT 내부망에 접속했고 이용자들의 통화·문자 정보를 가로챘다.이 사고로 2만2227명의 고유식별번호(IMSI)와 전화번호 등이 유출됐으며 368명이 2.43억원 규모의 소액결제 피해를 입었다. 특히 KT는 통신 내용을 암호화해야 하는 기본 수칙조차 지키지 않아 해커가 평문으로 된 결제 인증번호를 탈취할 수 있었던 것으로 드러났다.과기정통부는 이번 사고가 KT의 '중대 과실'에 해당한다고 판단했다. 펨토셀 관리는 통신 서비스 제공을 위한 핵심 의무인데 이를 소홀히 해 전체 이용자를 위험에 빠뜨렸다는 것이다. 과기정통부는 법률 자문 결과를 토대로 ""KT가 계약상 주된 의무인 안전한 통신서비스 제공 의무를 다하지 못했다""며 ""이용약관상 위약금 면제 사유인 '회사의 귀책 사유'에 해당한다""고 결론 내렸다.다만 정부는 일각에서 제기된 영업정지 가능성에 대해서는 선을 그었다. 류제명 과기정통부 제2차관은 이날 브리핑에서 ""과거 SK텔레콤에 신규 영업정지 조치를 했던 것은 유심 재고가 부족한 상황에서 기존 가입자 교체보다 신규 모집에 유심을 활용하는 것을 문제시했던 것""이라며 ""통신사에 대한 징벌적 행정조치로 신규 영업을 중단시킨 것이 아니며 KT도 동일 패턴이었다면 당연히 적용했을 것""이라고 설명했다.KT는 또 지난 3월부터 7월 사이 악성코드 감염 서버 41대를 발견하고도 정부에 신고하지 않고 자체적으로 삭제하는 등 은폐를 시도한 사실도 확인됐다. 정부는 이에 대해 과태료를 부과하고 조사 방해 혐의로 경찰에 수사를 의뢰했다.류 차관은 이번 해킹에 사용된 악성코드 'BPF도어'의 배후와 관련해 ""중국이라는 국가 배후를 특정해야 한다는 이야기가 있지만 공격 시점 등을 봤을 때 BPF도어가 오픈소스화된 후 해킹이 이뤄진 상황""이라며 ""어떤 국가 배후의 공격인지, 오픈소스화 이후 다른 공격자에 의한 것인지 단정하기 어렵다""고 덧붙였다.조사단은 LGU+의 고객 정보 유출 제보를 받고 조사에 착수했으나 LGU+가 관련 서버의 운영체제(OS)를 재설치하거나 폐기해 로그 기록을 확인할 수 없었다. 조사단은 LGU+가 정부의 침해사고 안내를 받은 직후 서버를 폐기한 점을 들어 '위계에 의한 공무집행 방해' 혐의로 경찰에 수사를 의뢰했다.배경훈 부총리 겸 과기정통부 장관은 ""이번 사고는 국가 핵심 기간통신망에 보안 허점이 드러난 엄중한 사안""이라며 ""기업들은 안전한 서비스 환경을 만드는 것이 생존의 필수 조건임을 인식하고 정보보호를 경영의 핵심 가치로 삼아야 한다""고 강조했다.정부는 KT에 2026년 1월까지 재발방지 이행계획을 제출하도록 하고 4월까지 이행 여부를 점검할 계획이다. 아울러 고의적인 침해사고 미신고에 대한 제재를 강화하는 방향으로 정보통신망법 개정도 추진한다.이에 대해 KT 측은 ""민관합동조사단 결과 발표를 엄중하게 받아들이며, 고객 보상과 정보보안 혁신 방안이 확정되는 대로 조속히 발표할 예정""이라고 밝혔다.발로 뛰는 더팩트는 24시간 여러분의 제보를 기다립니다.▶카카오톡: '더팩트제보' 검색▶이메일: jebo@tf.co.kr▶뉴스 홈페이지: http://talk.tf.co.kr/bbs/report/write"
https://n.news.naver.com/mnews/article/003/0013681839?sid=105,2025-12-29 15:38:56,IT/과학,"KT ""민관합동조사단 조사 결과 엄중 수용…고객 보상안 조속히 발표""","KT, 정부 최종 조사결과 입장 표명…""정보보안 혁신 방안도 발표""정부, KT 모든 고객 위약금 면제 판단…해킹 사태에 KT 과실 확인[서울=뉴시스] 서울 종로구 광화문 KT 사옥. (사진=KT 제공) 2024.12.02. photo@newsis.com *재판매 및 DB 금지[서울=뉴시스]윤현성 기자 = 정부가 KT 해킹 사태 민관합동조사단 최종 조사결과를 발표하고 모든 가입자 위약금 면제 결정을 내린 것을 두고 KT가 고객 보상이 확정되는 대로 발표하겠다고 밝혔다.KT는 29일 정부의 민관합동조사단 조사 결과 발표 이후 입장을 내고 ""민관합동조사단 결과 발표를 엄중하게 받아들이며, 고객 보상과 정보보안 혁신 방안이 확정되는 대로 조속히 발표할 예정""이라고 밝혔다.이날 과학기술정보통신부는 KT, LGU+ 침해사고에 대한 민관합동조사단 조사 결과 및 KT의 이용약관 상 위약금 면제 규정에 대한 검토 결과를 발표했다.과기정통부에 따르면 KT 침해사고로 2만2227명의 가입자 식별번호(IMSI), 단말기 식별번호(IMEI), 전화번호가 유출됐고, 368명(777건)이 무단 소액결제로 2억4300만원 규모의 피해가 발생한 것으로 확인됐다.특히 조사단이 KT 전체 서버 점검 및 감염서버 포렌식을 진행한 결과 총 94대의 KT 서버가 BPF도어, 루트킷 등 악성코드 103종에 감염됐음이 확인되기도 했다.과기정통부는 조사단 조사 결과 이번 침해사고에 대한 KT의 과실이 확인됐고, 계약상 주된 의무인 '안전한 통신서비스 제공'도 제대로 이행하지 않은 만큼 모든 KT 가입자들에게 위약금을 면제해야 한다는 결론을 내렸다. KT의 펨토셀 관리 전반 부실로 인해 전체 이용자가 위험에 노출됐다는 게 과기정통부의 판단이다.이번 조사단 조사결과에 따라 과기정통부는 KT에 재발방지 대책에 따른 이행계획을 내년 1월 제출토록 할 방침이다. 이후 KT가 내년 4월까지 대책을 이행했는지 여부를 6월 중 점검할 계획이다．"
https://n.news.naver.com/mnews/article/030/0003384994?sid=105,2025-12-29 15:51:10,IT/과학,[포토] KT-LGU+ 침해사고 최종 조사결과 발표,류제명 과학기술정보통신부 제2차관이 29일 서울 종로구 정부서울청사에서 KT와 LG유플러스 침해사고 최종 조사 결과 발표 후 취재진의 질문에 답하고 있다.
https://n.news.naver.com/mnews/article/422/0000817018?sid=101,2025-12-29 15:54:13,경제,"정부 ""KT, 위약금 면제해야""…LGU+는 경찰 수사의뢰","[앵커]KT와 LG유플러스 침해사고에 대한 민관합동조사단 최종 조사 결과가 발표됐습니다.정부는 KT에 대해선 회사의 귀책 사유가 분명하다며 전 고객 위약금 면제 규정 적용이 가능하다고 판단했습니다.LG유플러스에 대해선 경찰에 수사를 의뢰했습니다.문형민 기자입니다.[기자]불법 초소형 기지국 ‘펨토셀’ 해킹으로 무단 소액결제 피해가 발생한 KT에 대해 정부가 위약금 면제 규정 적용이 가능하다고 최종 판단했습니다.과학기술정보통신부는 이 같은 내용의 민관합동조사단 침해사고 조사 결과를 오늘(29일) 발표했습니다.조사단은 이번 침해사고로 KT에서 2만2,227명의 가입자 식별번호, 단말기 식별번호, 전화번호가 유출됐다고 전했습니다.특히 368명이 무단 소액결제로 2억4,300만 원 규모의 피해가 발생했음을 확인했다고 밝혔습니다.정부는 이러한 조사 결과를 바탕으로 법률 자문을 진행한 결과, 법률 자문 기관 5곳 중 4곳에서는 이번 침해사고를 KT의 과실로 판단했습니다.과기정통부 역시 ""펨토셀 관리 부실로 불법 펨토셀이 언제, 어디서든 KT망에 접속할 수 있었으므로 KT는 이번 침해사고에 과실이 있고, 전체 이용자에게 안전한 통신서비스를 제공해야 할 의무를 다하지 못했다""고 결론 지었습니다.이에 따라 ""전체 이용자를 대상으로 KT 이용약관상 위약금을 면제해야 하는 회사의 귀책사유에 해당한다""고 설명했습니다.정부는 LG유플러스 침해사고에 대한 조사 역시 진행한 결과, 통합 서버 접근제어 솔루션과 연결된 서버목록, 서버 계정정보, 임직원 성명 등의 정보가 실제로 유출된 것으로 확인됐다고 밝혔습니다.다만, “자료가 유출됐을 것으로 추정되는 또 다른 서버는 운영체제 업그레이드 등의 작업이 이뤄져 침해사고 흔적을 확인할 수 없었고 침해 사고 관련 주요 서버 등이 모두 재설치 또는 폐기돼 조사가 불가능했다”고 설명했습니다.정부는 이를 부적절한 조치로 판단하고 LG유플러스를 위계에 의한 공무집행 방해로 경찰청에 수사 의뢰했습니다.연합뉴스TV 문형민입니다.[영상취재 김동화][영상편집 김세나]#KT #LGU #과기정통부연합뉴스TV 기사문의 및 제보 : 카톡/라인 jebo23"
https://n.news.naver.com/mnews/article/119/0003042362?sid=105,2025-12-29 16:19:08,IT/과학,"KT 불법 펨토셀·암호화 허점 방치 '총체적 부실'…정부 ""위약금 면제해야""(종합)","정부 “KT 침해사고는 총체적 보안 부실”…과태료·전 고객 위약금 면제자료 은폐 정황으로 경찰 수사의뢰…LG유플러스도 조사 방해 혐의로 수사 전환류제명 과학기술정보통신부 제2차관이 29일 오후 3시 정부서울청사에서 'KT/LGU+ 침해사고 조사 결과 관련 브리핑'을 하고 있다.ⓒ데일리안 조인영 기자[데일리안 = 조인영 기자] KT 침해사고와 관련해 정부가 KT의 총체적 보안 관리 부실로 판단했다. 불법 펨토셀 접속을 허용하고 통신 암호화 해제가 가능하도록 했으며 정보보호 활동도 미흡해 사태를 키웠다는 지적이다.정부는 KT에 대해 정보통신망법 위반으로 과태료 부과를 예고하는 한편, 조사 과정에서 고의로 자료를 은폐한 정황을 포착해 경찰에 수사를 의뢰했다. 아울러 KT의 과실이 명백한 만큼 전 고객이 위약금 면제 대상이 된다고 판단했다.LG유플러스 역시 자료 유출 의혹 조사 과정에서 허위 자료를 제출하고 서버를 폐기하는 등 조사를 방해한 혐의로 경찰 수사를 받게 됐다. 다만 사건이 경찰로 송치됨에 따라 정부 차원의 시정명령이나 과태료 부과 등의 행정 처분은 내려지지 않는다.불법 펨토셀에 KT 내부망 뚫렸다…정부 “관리 체계 총체적 부실”과학기술정보통신부는 29일 오후 3시 정부서울청사에서 'KT/LGU+ 침해사고 조사 결과 관련 브리핑'을 가졌다. 이 자리에는 류제명 제2차관, 과기정통부 최광기 사이버침해대응과장, 경기남부경찰청 이정수 사이버수사과장 등이 동석했다.이번 KT 사태는 펨토셀 관리 체계 부실, 전반적인 관리 시스템 부재, 침해 사고 늑장 신고 등 복합적인 요인이 맞물렸다.조사단은 KT의 펨토셀 관리 체계가 전반적으로 부실해 불법 펨토셀이 KT 내부망에 쉽게 접속할 수 있는 환경이었음을 확인했다.KT에 납품되는 모든 펨토셀 제품이 동일한 제조사 인증서를 사용하고 있어 해당 인증서를 복사하는 경우 정상 펨토셀이 아니더라도 내부망의 인증 서버로부터 KT 인증서를 발급받아 KT망에 접속할 수 있었다.암호화 해제 방법에 대해 이동근 KISA 디지털위협대응본부장은 ""종단 간 암호가 완료된 상태에서 해제하는 것은 기술적으로 굉장히 어렵다. 거의 불가능에 가까운 수준""이라며 ""다만 IPsec이라는 암호 설정을 하는 초기 단계에서 불법 펨토셀이 방해하면, 암호 설정 없이 연결이 되는 것을 확인했다""고 설명했다.이 본부장은 ""해커는 KT망에서 단말이 암호 설정을 하려고 했을 때 중간에서 방해하면 암호 없이도 연결된다는 허점을 알고 범행에 사용한 것""이라고 덧붙였다.KT 인증서의 유효기간이 10년으로 설정된 점 역시 문제로 지적된다. 과거 접속 이력이 있는 펨토셀이 제한 없이 망에 접속할 수 있었고, 결과적으로 정보 유출의 빌미를 제공했기 때문이다.KT는 내부망에서의 펨토셀 접속 인증과정에서 타사 또는 해외 IP 등 비정상 IP를 차단하지 않고 있었고, 펨토셀 제품 고유번호, 설치 지역정보 등 형상정보가 KT망에 등록된 정보인지 여부에 대해서도 검증하지 않았다.KT의 불법 펨토셀 접속 과정에서 피해자 통신의 종단 간 암호화가 적용되지 않아, 단말과 코어망 간 평문 통신이 가능했던 점도 문제로 지적됐다.특히 일부 단말(아이폰 16 이하)의 경우, KT가 암호화 설정 자체를 지원하지 않아 문자 메시지(SMS)가 평문으로 전송된 사실이 드러났다.이에 대해 이동근 KISA 디지털위협대응본부장은 ""KT가 아이폰에 암호화 적용을 하지 않았던 건 여러 가지 이유가 있었다""면서 ""통화 품질이라든지, 로밍 시에 어떤 서비스가 단절되거나 장애가 생기는 것에 대한 우려 때문이라고 우리에게 설명했지만 기본적으로 보안에 대해서는 간과한 면이 있었던 것 같다""고 설명했다.이어 ""종단 간 암호화가 해제됐을 때 공격자의 위협에 대해서 KT 측에서 간과한 면이 있었기에 이런 문제가 발생했다""면서 ""KT에서 기술적으로 강제화하도록 지금 조치가 취해졌다""고 덧붙였다.경기남부경찰청 이정수 사이버수사과장이 29일 오후 3시 정부서울청사에서 'KT/LGU+ 침해사고 조사 결과 관련 브리핑'을 하고 있다.ⓒ데일리안 조인영 기자KT 침해사고, 로그 한계로 추가 유출 배제 못 해KT의 전반적인 관리 시스템 역시 부실했다. 조사단은 이번 침해사고 조사 과정에서 KT가 보안점검 미흡, 보안장비 미비 및 로그 단기보관 등 기본적인 정보보호 활동이 미흡했던 점, 거버넌스, 자산관리 등 전반적인 정보보호 활동이 체계적으로 이뤄지지 않는 사실도 확인했다.이 과정에서 정부는 KT가 무단 소액결제 관련 이상 통신 패턴을 인지해 조치하고, 외부 보안업체를 통해 침해 흔적을 확인했음에도 침해사고를 뒤늦게 신고했으며, 지난해 BPFDoor 등 악성코드를 발견하고도 신고하지 않은 점을 발견했다.로그 기록이 남아 있는 기간에는 개인정보 유출 정황이 없는 것을 확인했으나, 기록이 남아 있지 않은 이전 기간에 대해서는 확인이 불가능해 추가 유출 우려가 제기된다.류제명 차관은 ""로그가 남아 있는 기간에 유출이 안 됐다는 건 확인됐지만 그 이전에도 안 됐다고 단정할 수는 없다는 것이 우리들 판단""이라며 ""그런 한계를 이해해달라""고 말했다.공격자는 불법 펨토셀에서 탈취한 정보를 미상의 경로로 취득한 개인정보(성명, 생년월일, 휴대전화번호)와 결합해 피해자를 선정했다. 이 과정에서 공격자가 개인정보를 어디서 획득했는지, KT 펨토셀 인증 미갱신 사실을 어떻게 인지했는지 등 핵심 사항은 여전히 규명되지 않았다.류제명 차관은 ""개인정보 유출 경로나 또 어떤 방식이 적용됐는지는 지금 민관합동조사단의 조사로는 한계가 있었다""면서 ""개인정보보호위원회의 추가 조치를 살펴봐달라""고 말했다.배후에 중국 해킹 그룹이 있다는 의혹에 대해서는 단정하기 어렵다고 했다. 류 차관은 ""어떤 의심되는 국가 배후의 공격인지, 아니면 오픈소스화된 이후 공격자에 의한 공격인지는 단정하기는 어렵다""면서도 ""조사 관련 상세 내용은 서로 공유하고 협조했다""고 답했다.BPF도어 관련 공격 유사성이 SK텔레콤과 같은 것 아니냐는 지적에 대해 두 회사간 유사성은 있지만 동일 공격자인지는 단정하기 어렵다고 밝혔다.이동근 KISA 디지털위협대응본부장은 ""SKT BPF도어에서 세 가지 유형이 발견됐고 KT에서 비슷한 것이 나왔다. 그러나 코드를 정밀하게 분석했을 때 일치 여부를 판단하기에는 정보가 많이 부족했다. 동일 공격자로 단정짓기는 어려운 상황""이라고 답했다.과기정통부 최광기 사이버침해대응과장이 29일 오후 3시 정부서울청사에서 'KT/LGU+ 침해사고 조사 결과 관련 브리핑'을 하고 있다.ⓒ데일리안 조인영 기자KT 침해사고에 과태료 부과·위약금 면제KT는 프랙 보고서에 제보된 침해 정황 서버와 관련해 8월 1일 서버를 폐기했다고 답변했으나, 조사단에 폐기 시점을 허위 제출(실제 : 8월 1일(2대), 8월 6일(4대), 8월 13일(2대))하고, 폐기 서버 백업 로그가 있음에도 불구하고 9월 18일까지 조사단에 이를 보고하지 않았다.이에 정부는 조사를 방해하기 위한 고의성이 있다고 판단, 형법 제137조(위계에 의한 공무집행방해)에 따라 수사기관에 수사를 의뢰했다.아울러 정보통신망법에 따라 과태료를 부과하기로 했다. 정보통신망법 제76조에 따르면 과태료는 3000만원 이하다.정부는 이번 침해사고에서 ▲KT의 과실이 발견된 점 ▲KT가 계약상 주된 의무인 안전한 통신서비스 제공 의무를 다하지 못한 점 등을 고려할 때, 이번 사태가 KT 전체 이용자를 대상으로 KT 이용약관상 위약금을 면제해야 하는 회사의 귀책사유에 해당한다고 판단했다.위약금 면제 기간과 소급 적용 여부에 대해 류제명 과기정통부 제2차관은 ""전체 이용자 대상 위약금 면제 사유에 해당한다""면서 ""언제부터 소급 적용하고 얼마간의 기간을 갖는지는 KT가 소비자, 국민 눈높이에 맞춰 적절한 판단을 할 것""이라고 답했다.SK텔레콤이 정보 유출 사고로 신규 영업 정지 행정명령을 받은 것과 달리, KT는 과태료와 위약금 면제 외 추가 행정 조치를 받지 않았다. 이에 대해 정부는 ""사안이 달랐다""고 설명했다.류제명 차관은 ""SK텔레콤은 유심 재고가 충분하지 않고 부족한 상황이었다는 것이 확인됐다. 그럼에도 기존 가입자 유심 교체와 병행해 신규 가입자들을 모집하는 데 유심을 활용해 신규 가입에 유심을 사용하는 것을 정지했던 것""이라고 말했다.그러면서 ""징벌적인 행정조치로 신규 영업을 중단시킨 점이 아니었다""고 강조했다.ⓒ과학기술정보통신부LG유플러스, APPM 정보 유출 확인…서버 재설치·폐기로 정부 조사 종료LGU+의 경우 통합 서버 접근제어 솔루션(APPM)과 연결된 정보(서버목록, 서버 계정정보 및 임직원 성명)는 조사결과 실제 LGU+에서 유출된 것으로 확인했지만 자체적인 추가 조사가 불가능하다고 판단, 경찰에 수사를 맡겼다.앞서 조사단은 LGU+에서 제출받은 APPM 서버에 대해서 정밀 포렌식 분석을 진행한 결과, 익명의 제보자가 공개한 LGU+의 자료와 상이함을 확인했다. 자료가 유출됐을 것으로 추정되는 또 다른 APPM 서버는 운영체제 업그레이드(8월 12일) 등의 작업이 이뤄져 침해사고 흔적을 확인할 수 없는 상황임을 확인했다.또한 협력사 직원의 노트북에서부터 LGU+의 APPM 서버로 이어지는 네트워크 경로상의 주요 서버 등이 모두 OS 재설치 또는 폐기(8월 12일~9월 15일)돼 조사가 불가능한 상황인 것도 확인했다.이동근 본부장은 ""공개됐던 APPM 서버가 LG에서는 2대(액티브/스탠바이)가 있었다. 조사단 쪽에 1대를 제출했는데 정밀 분석하니 LG의 직원의 정보는 맞지만 운영체제라든지 약간 그런 시스템을 특정할 수 있는 정보들이 좀 달랐다""고 설명했다.이어 ""프랙 보고서에서 공개된 시스템을 우리한테 제출한 게 아니라 다른 백업용 시스템을 우리에게 제출한 것으로 판단했다. 2대를 LG가 그대로 뒀으면 조사를 할 수 있는데 1대를 OS를 다 새로 설치해 우리가 추가적으로 원인 분석을 할 수 없었던 케이스였다""고 덧붙였다.그러면서 수사가 경찰로 넘어가면서 조사단 조사는 종료한다고 밝혔다. 최우혁 과기정통부 네트워크정책실장은 ""LG는 10월 23일 신고가 들어오고 난 뒤 조사를 했다. 더 이상 조사를 진행할 부분이 없어 KT 케이스처럼 (경찰) 수사 의뢰로 종료가 된다고 보면 된다""고 말했다.LG유플러스에 대한 시정명령, 과태료 여부에 대해서도 ""현재로서는 없다""고 밝혔다."
https://n.news.naver.com/mnews/article/018/0006191401?sid=105,2025-12-29 16:24:12,IT/과학,"정부 ""KT 고객 위약금 면제 사유""…해킹 원인·추가 피해는 ‘반쪽 규명’","사라진 로그·확인 못한 경로…KT 사고 ‘반쪽 규명’“아이폰 통신 평문 전송”…KT 보안 관리 허점 드러나정부 “KT 전체 가입자 위약금 면제 사유 해당” 판단LG유플러스 ‘증거 인멸’ 의혹…수사로 넘어가[이데일리 권하영 기자] 정부가 불법 소형 기지국 장비(펨토셀)를 악용한 보안 사고 책임을 물어 KT 전체 가입자에 대한 위약금 면제 사유를 인정했다.다만 조사 과정에서 무단 결제에 사용된 정보 유출 경로가 여전히 확인되지 않았고, 통신 데이터와 로그 기록이 부족해 추가 피해 여부조차 명확히 규명하지 못하면서 ‘반쪽짜리 규명’이라는 한계가 남았다.류제명 과학기술정보통신부 제2차관이 29일 서울 종로구 정부서울청사에서 열린 KTㆍLGU+ 침해사고 조사 결과 브리핑에서 취재진 질문에 답하고 있다. 사진=연합뉴스“불법 펨토셀 악용”…유출 확인됐지만 경로는 여전히 미궁과학기술정보통신부와 경기남부경찰청은 29일 정부서울청사에서 KT·LG유플러스 침해 사고에 대한 민관합동조사단 조사 결과를 발표했다.올해 8월 불법 펨토셀을 악용한 KT 무단 소액결제 사고는 조사 결과, 군부대 등에서 유실된 불법 장비가 KT 내부망에 접속해 2만2227명의 △가입자식별번호(IMSI) △단말기식별번호(IMEI) △전화번호를 가로채는 수법으로 368명이 총 2억4300만 원 규모의 무단 소액결제 피해를 입은 것으로 확인됐다.그러나 조사단은 통신 결제 관련 데이터가 남아있지 않은 2024년 7월 31일 이전 기간의 피해 여부는 확인조차 할 수 없었다고 설명했다. 또 공격자가 펨토셀로 탈취한 IMSI·IMEI·전화번호 외에 실제 결제에 필요한 성명·생년월일·휴대전화번호 등의 정보를 어디서 확보했는지도 규명하지 못했다.“로그 1~2개월뿐”…악성코드 사고도 신고 없이 넘어가KT는 지난해와 올해에 걸쳐 서버 악성코드 감염 사고도 겪었지만 이를 정부에 신고하지 않았다. 당시 BPF도어 등 악성코드 103종이 94대 서버를 감염시켰으나, 시스템 로그 보관 기간이 1~2개월에 불과해 로그가 남지 않은 기간의 정보 유출 여부는 끝내 확인되지 않았다.결국 “잠재 피해 가능성이 여전히 존재한다”는 불안은 남게 됐다.류제명 과기정통부 제2차관은 “개인정보 유출 경로나 어떤 방식이 적용됐는지 조사에 한계가 있었다”며 다만 개인정보 유출에 대해선 개인정보보호위원회가 심층 조사 중이라고 부연했다.그는 “올해 4월 SKT 고객정보 유출 사고의 경우 유심정보라는 명확한 특징 때문에 유심 교체와 FDS(비정상 인증 차단 시스템) 고도화 등 구체적인 조치가 가능했지만, KT는 펨토셀 악용이라는 이례적인 유형이어서 조사가 길어졌다”며 “현재 여러 보안 조치를 통해 불법 펨토셀에 의한 망 침투 가능성은 없다고 판단한다”고 밝혔다.“아이폰 통신 평문 송수신”…KT 보안 관리 총체적 허점이번 조사에서는 KT가 아이폰 단말기에 대해 통신 구간(종단) 암호화 설정을 지원하지 않아 문자메시지(SMS), 통화 내용 등이 암호화되지 않은 평문으로 송수신돼 왔던 사실도 드러났다. 이 때문에 불법 펨토셀에 연결된 이용자의 통화·문자 내용이 그대로 탈취될 수 있는 위험에 노출돼 있었다.이동근 한국인터넷진흥원(KISA) 본부장은 “KT가 통화 품질과 로밍 장애 우려를 이유로 암호화를 적용하지 않았다고 설명했지만 기본적인 보안 인식이 부족했다”며 “현재는 암호화를 지원하도록 조치했지만 강제 적용 여부는 추가 논의가 필요하다”고 말했다.“KT 전체 고객 위험 노출”…정부, 위약금 면제 사유 판단정부는 이번 사안을 특정 피해자만의 문제가 아닌, KT 전체 가입자를 위험에 빠뜨린 ‘계약상 주된 의무 위반’으로 판단했다. 이에 따라 이번 사고를 이용약관상 ‘기타 회사 귀책 사유’로 규정하고, 전체 가입자를 대상으로 위약금 면제를 적용해야 할 사안이라고 결론냈다. 다만 실제 면제 기간·소급 적용 여부 등 세부 조치는 “KT가 국민 눈높이에 맞춰 결정해야 할 문제”라고 밝혔다.KT가 지난해 3월 악성코드를 발견하고도 신고하지 않은 점에 대해서는 정보통신망법상 ‘24시간 내 침해사고 신고 의무’ 위반으로 과태료를 부과할 예정이다. 서버 폐기 시점 허위 제출 정황에 대해서도 위계에 의한 공무집행방해 혐의로 수사가 진행 중이다.과기정통부는 KT에 내년 1월까지 재발 방지 대책 이행 계획 제출을 요구하고, 4월까지 실제 이행 여부를 점검해 6월 최종 확인할 계획이다.LGU+는 ‘증거 인멸 의혹’…조사 중단, 수사로 직행LG유플러스는 사고 정황을 인지하고도 관련 증거를 인멸했다는 의혹을 받으며, 민관합동조사단 조사가 수사기관 조사 단계로 넘어갔다.조사단에 따르면 익명 제보자가 공개한 통합 서버 접근제어(APPM) 서버 목록·계정 정보·임직원 성명 등은 실제 LG유플러스 내부 자료와 일치했다. 그러나 자료 유출이 추정되는 서버와 협력사 노트북 등 핵심 장비들이 8월 12일~9월 15일 사이 일괄 OS 재설치 또는 폐기 처리되면서 증거 확인이 불가능해졌다.정부는 해당 조치가 한국인터넷진흥원(KISA)로부터 사고 정황 안내를 받은 이후 집중적으로 이뤄졌다고 보고, 지난 12월 9일 LG유플러스를 ‘위계에 의한 공무집행 방해’ 혐의로 경찰에 수사 의뢰했다.최우혁 과기정통부 네트워크정책실장은 “LG유플러스는 조사단에서 더 이상 확인할 수 있는 내용이 없어 수사 의뢰로 조사를 종료했다”며 “현재로선 시정명령이나 과태료 여부도 없다고 봐야 한다”고 말했다."
https://n.news.naver.com/mnews/article/448/0000580118?sid=101,2025-12-29 16:36:13,경제,"KT ""민관합동조사단 조사 결과 엄중 수용…보상안 곧 발표""","/TV조선 방송화면 캡처정부가 KT 모든 가입자 위약금 면제 판단을 내린 데 대해 KT가 고객 보상안이 확정되는 대로 발표하겠다고 밝혔다.KT는 29일 정부의 민관합동조사단 조사 결과 발표 이후 입장을 내고 ""민관합동조사단 결과 발표를 엄중하게 받아들이며, 고객 보상과 정보보안 혁신 방안이 확정되는 대로 조속히 발표할 예정""이라고 밝혔다.과학기술정보통신부는 KT와 LGU+ 침해사고에 대한 민관합동조사단 조사 결과를 발표하면서 KT의 이용약관에 따른 위약금 면제 규정 검토 결과도 발표했다."
https://n.news.naver.com/mnews/article/018/0006191413?sid=105,2025-12-29 16:41:08,IT/과학,'정부협조' 택한 KT vs '자체 조사' 나선 쿠팡…엇갈린 위기관리,"KT·쿠팡, 위기 대응 전략 정반대KT, 정부 가이드라인 준수·신속 사과쿠팡, 정부 조사 전 '셀프 발표'…여론 혼선·불신 증폭정부 ""쿠팡 대응 경고…전방위 대응할 것""[이데일리 윤정훈·김정유·권하영 기자] 개인정보 유출이라는 위기를 맞이한 기업의 대응 방식이 극명하게 갈리고 있다. KT(030200)는 정보 유출 사태 후에 정부 가이드라인을 충실히 따르며 대국민 사과와 보상책을 신속히 내놓은 반면, 쿠팡은 정부 조사가 마무리되기도 전에 ‘셀프 조사’를 통해 피해 규모를 확정 지으려는 좋지 않은 선례를 남겼다.김영섭 KT 사장이 11일 서울 종로구 KT 광화문빌딩 웨스트 사옥에서 소액결제 피해와 관련해 고개 숙여 사과하고 있다.(사진=연합뉴스, 공동취재)KT, 신고 3일만에 대국민 사과…정부와 긴밀히 협조정부는 29일 KT 무단 소액결제 사고와 관련해 KT 전체 가입자 대상 위약금 면제 규정을 적용할 수 있다는 결론을 내렸다. 지난 9월 8일 한국인터넷진흥원(KISA)에 신고한 이후 약 110여일만이다.KT는 침해사고 인지 후 신고하는 데는 시일이 걸렸지만 이후 정부 조사에는 적극 협조한 케이스로 볼 수 있다. 정부는 KT 신고 접수 다음 날 즉각 민관합동조사단을 구성했고, 김영섭 KT 대표는 3일 만에 대국민 사과를 통해 고개를 숙였다.이후에도 KT는 여러 차례 오프라인 브리핑을 열어 사건 경과를 공개하며, 경영진이 직접 국회 청문회에 출석해 사건의 실체를 밝히는 등 책임지려는 모습을 보여줬다는 평가다.업계 관계자는 “개인정보 유출을 당한 사실 자체는 뼈아프지만, 사고 이후의 정부와 협조 및 고객 대응은 정석적인 사례로 볼 수 있다”고 평가했다.[이데일리 김정훈 기자]KT 조사 결과, 서버 94대가 악성코드 103종에 감염됐고, 통화 정보가 유출될 위험이 있었던 전 이용자를 대상으로 위약금 면제 조치를 할 것을 요구했다. 민관 합동 조사단은 KT 서버 3만3000대를 6차례에 걸쳐 점검했고, 그 결과 서버 94대가 BPF도어(BPFDoor), 루트킷, 디도스 공격형 코드 등 악성코드 103종에 감염된 것으로 파악됐다. 감염 범위만 놓고 보면 SKT 보다 더 많은 상태다. 과기정통부는 KT에 재발 방지 이행 계획을 내년 1월까지 제출하도록 하고 6월까지 이행 여부를 점검할 계획이다.한편 LGU+의 해킹 의혹에 대해 정부는 익명의 화이트해커로부터 정보 유출이 지목된 통합 서버 접근제어 솔루션(APPM)이 해킹당했으며 서버 목록, 서버 계정정보 및 임직원 성명 등 관련 정보가 실제 유출된 것을 확인했다. 과기정통부는 LGU+가 조사를 방해했다고 보고 위계에 의한 공무집행 방해로 경찰청에 수사 의뢰했다.17일 국회 과학기술정보방송통신위원회에서 열린 쿠팡 침해사고 관련 청문회에 증인으로 출석한 해롤드 로저스 쿠팡 대표이사가 의원들 질의에 답변하고 있다. 왼쪽부터 조용우 쿠팡 국회·정부 담당 부사장, 로저스 대표. 민병기 쿠팡 대외협력 총괄 부사장, 김명규 쿠팡이츠서비스 대표(사진=연합뉴스)이례적 단독 ‘셀프 조사’에 정부 “나쁜행동…지시한 적 없어”반면 쿠팡의 대응은 ‘마이웨이’라는 평가가 나온다. 11월 유출 사실을 신고한 쿠팡은 정부의 최종 조사 결과가 나오기 전 중국에서 피의자와 접촉하고, 그 과정에서 얻어낸 자료를 토대로 포렌식 결과를 발표했다. 중국에서 피의자와 접촉한 후에 하천에서 노트북을 가져왔다는 내용은 소비자들로 하여금 의문을 더 키웠다는 지적이다.초기 4500건이라던 유출 규모도 일주일여만에 3370만건으로 정정되는 혼선 속에서 쿠팡은 자체적으로 포렌식 결과를 발표하며 “실제 저장된 정보는 3000여건뿐이며 외부 유포는 없다”고 일방적 결과를 발표했다.김범석 쿠팡Inc 이사회 의장의 사과 역시 사건 발생 한 달이 지나서야 서면으로 이뤄졌으며, 쿠팡의 오프라인 브리핑은 전무했다.전문가들은 쿠팡의 행보가 미국 증시 상장사로서 겪게 될 ‘집단소송 리스크’를 방어하기 위한 고도의 계산이라고 분석한다. 유출 규모를 축소하고 ‘시스템 결함’이 아닌 ‘개인 일탈’로 프레임을 짜야 미국 내 법적 배상 책임을 줄일 수 있기 때문이다. 이 과정에서 김 의장의 미국 인맥을 활용한 통상 압박 카드까지 거론되며 정부와의 긴장감은 고조되고 있다. 이같은 쿠팡의 움직임은 탄탄한 ‘록인’ 전략을 바탕으로 국내 사업에서 견제할 만한 경쟁자가 없는데서 오는 자신감도 한 몫을 하고 있다.서용구 숙명여대 경영학부 교수는 “김 의장은 청문회에 참석할 의사가 없는만큼 선제적인 보상을 해 소비자는 위로하고, 한국 정부와는 소송전으로 가겠다는 것”이라며 “한국에서는 법적으로 쿠팡이 지지 않는다는 자신감이 반영된 것으로 본다”고 말했다.KT와 쿠팡의 가장 다른점은 정부와의 소통 방식이다. 쿠팡은 자사의 대응이 “정부 지시에 따른 공조”였다고 주장하지만, 주무 부처인 과학기술정보통신부의 입장은 단호하다.과기정통부 고위 관계자는 “자료 제출 요청 외에 커뮤니케이션 방향을 가이드하거나 용의자 접촉을 지시한 적은 전혀 없다”며 “검증되지 않은 내용을 사실처럼 발표해 여론을 호도하는 것은 아주 나쁜 행동”이라고 정면 비판했다.이날 정부는 배경훈 과학기술 부총리 주재로 ‘쿠팡 사태 범정부TF’ 회의를 개최하고 쿠팡의 침해사고 및 개인정보 유출사고에 대한 쿠팡의 대응을 강력하게 경고하고 전방위적·종합적인 대응에 나서기로 했다.쿠팡이 자체 발표한 데이터 회수 모습(사진=쿠팡)"
https://n.news.naver.com/mnews/article/030/0003385023?sid=105,2025-12-29 16:41:12,IT/과학,[포토] KT-LGU+ 침해사고 최종 조사결과 발표,류제명 과학기술정보통신부 제2차관이 29일 서울 종로구 정부서울청사에서 KT와 LG유플러스 침해사고 최종 조사 결과 발표 후 취재진의 질문에 답하고 있다.
https://n.news.naver.com/mnews/article/008/0005297941?sid=105,2025-12-29 16:52:17,IT/과학,"KT 해킹 '도청'도 가능했다…""전 가입자 위약금 면제해야""","과기정통부 민관합동조사단 최종 조사 결과 발표해커, 불법 펨토셀로 '종단 암호화' 해제…실제 탈취는 없어LGU+ 서버 폐기·재설치로 조사 불가능…경찰 수사 의뢰KT 민관합동조사단 최종 조사결과/그래픽=윤선정과학기술정보통신부 민관합동조사단(이하 조사단)이 KT 침해사고를 조사한 결과 해커가 불법 펨토셀로 일반 문자·통화도 엿볼 수 있었던 것으로 드러났다. 무단 소액결제가 발생한 9개 지역뿐 아니라 전 가입자가 위험에 노출됐던 만큼 KT가 전 가입자 대상 위약금을 면제해야 한다고 판단했다. 다만 해킹 배후 및 소액결제시 필요한 추가 개인정보 획득 경로 등은 밝혀지지 않아 미궁으로 남았다.29일 과기정통부의 최종 민관합동조사 결과에 따르면 2024년 8월1일~2025년 9월10일 KT 기지국 접속기록 4조300억건 등을 조사한 결과, 서울·경기·인천 등 9개 지역에서 2만2227명의 개인정보가 유출됐고 368명이 2억4300만원의 무단 소액결제 피해를 본 것으로 나타났다.해커는 2019년 7월 경기 북부 군부대에 설치된 KT 펨토셀을 입수해 인증서와 서버 IP 주소를 불법 펨토셀로 복사했다. 2020년 1월 막사가 이전하며 유실된 펨토셀이다. 이를 통해 KT 내부망에 접속한 불법 펨토셀은 강한 전파를 방출해 이용자 휴대전화를 연결, 가입자식별번호(IMSI)·단말기식별번호(IMEI)·전화번호를 탈취했다. 여기에 '미상의 경로'로 취득한 개인정보(성명·생년월일·전화번호)를 결합해 피해자를 정하고 상품권 구매 사이트에 접속, 불법 펨토셀로 ARS·SMS 인증정보를 탈취해 소액결제를 한 것으로 추정된다.이용자 단말기에서 통신사 코어망까지 통신 데이터를 암호화하는 '종단 암호화'(IPSec)가 해제된 영향이다. 이 경우 해커가 일반 문자·통화를 엿볼 수 있지만 실제 탈취 흔적이 발견되진 않았다. 이에 대해 류제명 2차관은 ""불법 펨토셀에 연결된 모든 개인의 통신 기록을 확인한 결과 정부 요인 등 중요하고 위험성 있는 내용은 없었다""고 말했다. 또 KT는 아이폰16 이하에서 암호화 설정 자체를 지원하지 않아 SMS가 평문으로 전송되는 문제도 발생했다. 반면 삼성 갤럭시 등 국내 주요 단말은 기본적으로 암호화를 하는 것으로 나타났다.조사단은 KT 전체 서버 3만3000대 중 총 94대에서 BPF도어, 루트킷 등 악성코드 103종의 감염 사실도 발견했다. SK텔레콤 해킹 주요 원인인 BPF도어는 중국 배후의 해커 그룹 '레드맨션'이 만든 것으로 알려졌다. 이에 동일한 해커가 국가 사이버전 일환으로 SKT·KT를 노린 것 아니냐는 의혹에 류 차관은 ""BPF도어가 오픈소스화돼 국가 배후 공격인지 단정하기 어렵다""고 말했다.해커는 어떻게 KT를 공격했나/그래픽=윤선정━KT 전 가입자 위약금 면제해야…신규 영업정지 회의적━과기정통부는 조사 결과를 바탕으로 5개 기관에서 법률 자문을 받은 결과 KT가 전 가입자 대상 위약금을 면제해야 한다고 판단했다. KT가 모든 펨토셀에 동일한 인증서를 사용하고 10년간 업데이트하지 않는 등 관리부실이 컸다는 설명이다. 또 불법 펨토셀이 통신 트래픽을 캡처하는 방식으로 문자·통화를 탈취할 수 있었던 만큼, 이용자에게 안전한 통신서비스를 제공해야 할 계약상 주된 의무를 다하지 못했다고 강조했다.다만 SKT 때와 달리 KT의 신규 영업정지에 대해서는 회의적인 입장이다. 류 차관은 ""SKT는 유심 재고가 충분하지 않은 상황에서 신규보단 기존 가입자 유심 교체를 먼저 하라는 의미였다""며 ""징벌적 행정조치가 아니었다""고 설명했다.한편, 과기정통부는 해킹 의혹이 제기된 LG유플러스의 경우 ""서버가 OS(운영체제) 재설치 및 폐기돼 조사가 불가능한 상황""이라며 경찰청에 '위계에 의한 공무집행 방해'로 수사를 의뢰하고 조사를 종료했다.지난 8월 미국 보안 전문지 '프랙'은 해커가 LG유플러스의 외주 보안업체 '시큐어키'를 해킹해 얻은 계정 정보로 LG유플러스 내부망에 침투해 △8938대 APPM(통합 서버 접근제어 솔루션) 서버 정보 △4만2256개 계정 △167명 직원정보를 빼돌렸다고 보도했다. 조사단은 해당 정보가 LG유플러스가 보유한 정보는 맞지만 정확한 유출 여부 및 경위는 확인이 어렵다고 밝혔다."
https://n.news.naver.com/mnews/article/018/0006191433?sid=105,2025-12-29 16:55:10,IT/과학,관리 부실에 조사 방해까지…KT·LGU+ 결국 경찰 수사[일문일답],"KT·LG유플러스 침해사고 조사 결과 발표민관합동조사 한계…“추가 유출 여부 단정 못해”KT, 팸토셀 관리 부실·아이폰 암호화 미적용 책임 지적LGU+, 서버 재설치·폐기 ‘증거 인멸 의혹’ 수사 의뢰위약금 면제 사유 인정…수사 통해 최종 책임 규명 전망[이데일리 권하영 기자] KT(030200)와 LG유플러스(032640) 해킹 사고에 대한 정부 조사 결과가 발표됐지만, 추가 유출이 없다고 단정하기 어려운 조사 공백이 남았다. KT는 팸토셀 관리 부실과 암호화 미적용 등 보안 판단 실패를, LG유플러스는 서버 재설치·폐기 등 증거 인멸 의혹을 각각 지적받았다. 정부 조사가 책임 지적까지는 왔지만, 최종 규명은 수사로 넘어가는 형국이다.류제명 과학기술정보통신부 제2차관이 29일 서울 종로구 정부서울청사에서 열린 KTㆍLGU+ 침해사고 조사 결과 브리핑에서 취재진 질문에 답하고 있다. 사진=연합뉴스과학기술정보통신부와 경기남부경찰청은 29일 정부서울청사에서 KT·LG유플러스 침해 사고에 대한 민관합동조사단 조사 결과를 발표했다.조사 결과 KT는 외부에서 유입된 불법 팸토셀(초소형 기지국)이 내부망에 무단 접속하는 것을 막지 못해 이용자 2만 2227명의 식별 번호와 전화번호가 유출되고 368명에게 약 2억4300만 원 상당의 소액 결제 피해가 발생했다.또 지난해와 올해에 걸쳐 총 94대 서버에서 BPF도어 등 악성코드 103종이 감염된 사실이 드러났으며, 불법 팸토셀 접속 시 아이폰 16 이하 단말은 통신 암호화가 해제돼 문자나 통화 내용이 평문으로 노출될 위험이 있었던 것으로 밝혀졌다.정부는 이번 사고의 원인이 KT의 팸토셀 인증서 관리 부실과 망 보안 체계 미흡에 있다고 보고, 전체 이용자를 대상으로 위약금 면제 규정을 적용할 수 있다는 결론을 내렸다. 아울러 KT가 침해 사고를 지연 신고하거나 신고하지 않은 건에 대해 과태료를 부과하고, 조사 과정에서 서버 로그를 은폐하는 등 고의적인 조사 방해 정황이 포착된 부분에 대해서는 경찰에 수사를 의뢰했다.이어 LG유플러스는 익명의 제보를 통해 유출 정황이 포착되었으나, 회사 측이 관련 서버의 운영체제(OS)를 재설치하거나 폐기해 원인 분석이 불가능했던 것으로 확인됐다. 과기정통부는 이를 부적절한 조치로 보고 위계에 의한 공무집행 방해 혐의로 경찰에 수사를 의뢰했다.다음은 과기정통부의 류제명 제2차관, 최우혁 네트워크정책실장, 최광기 사이버침해대응과장, 한국인터넷진흥원(KISA)의 이동근 본부장, 경기남부경찰청의 이정수 사이버수사과장과의 일문일답.-KT 위약금 면제의 소급 적용 시점과 기간은 어떻게 되는가? 또한, SKT와 KT의 해킹 공격자가 동일범일 가능성이 있는가?△(류제명 과기정통부 2차관) 정부는 위약금 면제 사유에 해당한다는 판단을 내린 것이며, 구체적인 소급 시점과 면제 기간은 KT가 소비자 눈높이에 맞춰 결정할 것으로 기대한다.△(이동근 KISA 본부장) SKT 침해 사고 때 발견된 BPF도어와 유형 및 기능은 비슷하지만, 내부 코드를 정밀 분석하거나 IP 정보 등을 대조하기에는 정보가 부족하여 동일한 공격자로 단정하기는 어렵다.-로그 기록 한계로 유출 정황이 확인되지 않았다고 하는데, 국민이 안심해도 되는가? 미상의 경로로 개인정보가 유출됐을 가능성은 없는가?△(류제명 차관) 로그가 남아 있는 기간에는 유출 정황이 없음을 확인했으나, 로그가 없는 기간에 대해서는 유출 여부를 확인할 수 없다는 것이 조사의 한계이다. 따라서 유출되지 않았다고 단정할 수는 없다. 미상의 경로를 통한 유출 가능성은 개인정보보호위원회에서 추가 조사를 통해 밝혀질 부분이다.-소액 결제에 필요한 개인정보 획득 경로가 불분명하다. 재발 방지 대책만으로 이용자 보호가 충분한가?-팸토셀 환경에서 종단간 암호화가 어떻게 해제될 수 있었는가?△(이동근 본부장) 암호화가 완료된 상태를 해제하는 것은 불가능에 가깝다. 해커는 단말과 서버가 최초로 암호화 방식을 설정하는 초기 단계를 중간에서 방해하여, 암호화 설정 없이 연결되도록 유도하는 방식을 사용했다.-이번 해킹이 중국 정부가 주도한 공격이라는 의혹이 있는데 이에 대한 입장은 무엇인가?△(류제명 차관) BPF도어가 중국 해커 그룹에 의해 만들어졌다는 것이 통설이나, 오픈 소스화되어 누구나 사용할 수 있으므로 특정 국가 배후를 단정하기 어렵다. 이번 조사 과정에서 국정원 등 정보기관과도 협력했다.-KT 이용자들의 불안 해소를 위한 추가 조치는 없는가? 아이폰 16 이하 단말기에서 암호화를 지원하지 않았던 이유는 무엇인가?△(류제명 차관) SKT 사례는 유심 정보가 직접 유출되어 교체가 필요했지만, KT는 팸토셀을 통한 망 침투 문제였다. 현재 취약점에 대한 보완 조치를 완료하여 팸토셀을 통한 침투 가능성은 없다고 판단한다. 확인된 불법 셀 ID 20개에 접속한 이용자의 통신 기록은 확인했으나 특이 정황은 없었다.△(이동근 본부장) KT는 통화 품질이나 로밍 시 서비스 단절 등을 우려해 아이폰 16 이하 기종에 암호화를 적용하지 않았다고 소명했으나, 보안 위협을 간과한 측면이 있다. 현재는 기술적으로 암호화를 강제하도록 조치했다.-형사 고발 대상에 CEO도 포함되는가? 정보보호 종합대책 이후에도 사고가 반복되는데 추가 대책이 있는가?△(최우혁 과기정통부 실장) 수사 의뢰는 특정인을 지정한 것이 아니라 위계에 의한 공무집행 방해 행위 자체에 대한 것이므로 경찰 수사 과정에서 피의자가 특정될 것이다. 범정부 종합대책에 따른 점검과 소비자 보호 입법이 진행 중이며, 효과가 나타나기까지 시간이 필요하다.-KT나 LG유플러스의 과실에 비해 처벌(과태료 3000만 원 등)이 약해 보인다. 추가 처벌은 불가능한가?△(최우혁 실장) 공무원은 법에 근거하여 조치한다. 현행법상 가능한 조치를 확인하여 적용하고 있으며, 수사 의뢰 등을 진행했다.-KT 아이폰 16 이하 사용자에게 문자 미암호화 사실이 고지되었는가? 다른 단말기는 안전한가?△(이동근 본부장) 갤럭시 단말기는 기본적으로 암호화 설정이 되어 있으나, 해외 직구 단말 등 일부는 설정이 다를 수 있다. 이번 건은 암호화 설정이 되어 있어도 불법 팸토셀이 중간에서 설정을 방해하여 암호화 없이 연결되게 만든 케이스다.-LG유플러스에 대한 조사는 수사 의뢰로 종결되는 것인가?△(최우혁 실장) LG유플러스는 증거 인멸로 인해 더 이상 기술적 조사가 불가능하므로 수사 의뢰로 조사를 종료한다. 현재로서는 시정명령이나 과태료 부과 계획은 없다."
https://n.news.naver.com/mnews/article/277/0005699827?sid=105,2025-12-29 17:08:33,IT/과학,"""'보안 관리 부실' KT 위약금 면제 책임…LGU+은 경찰 수사""(종합)","민관합동조사단, 침해사고 최종 조사 결과 발표KT, BPF도어 악성코드 103종 확인…SKT 유사LG유플러스 '위계에 의한 공무집행 방해 혐의'KT의 펨토셀 보안 관리 부실로 인한 침해사고 과실이 인정되면서 위약금 면제 조치가 예고됐다. KT 해킹 사고 규모는 악성코드의 종류와 개수, 감염 범위에서 SK텔레콤보다 광범위하게 나타났다.류제명 과기정통부 제2차관이 29일 정부서울청사에서 KT·LG유플러스 침해사고 최종 조사 결과를 발표하고 있다. 노경조 기자과학기술정보통신부 민관합동조사단은 29일 정부서울청사에서 이 같은 내용의 KT·LG유플러스 침해사고 최종 조사 결과를 발표했다.조사 결과 KT는 94대의 서버에서 BPF도어, 루트킷 등 103종의 악성코드 감염이 확인됐다. 소액결제 금전 피해도 2억4000여만원으로 집계됐다. 이는 28대 서버에서 BPF도어 계열 27종을 포함해 총 33종의 악성코드 감염이 확인된 SK텔레콤보다 더 광범위했다.가시적인 개인정보 유출 규모는 SK텔레콤이 더 컸다. SK텔레콤은 2300만명이 넘는 가입자 대부분의 전화번호와 가입자식별번호(IMSI), 유심 인증키(Ki·OPc) 등 25종의 개인정보가 유출됐다. 반면 KT는 2만2000여명의 IMSI, 단말기식별번호(IMEI), 전화번호 등이 유출된 것으로 파악됐다. 다만 KT는 서버의 시스템로그 보관 기간이 1~2개월에 불과해 그 외 기간에 유출 여부는 확인할 수 없었다고 조사단은 설명했다.당국은 두 사건에서 BPF도어 악성코드라는 유사성이 발견된 만큼 동일 공격 배후일 가능성을 염두에 뒀다. 류제명 과기정통부 제2차관은 이날 브리핑에서 ""공격 패턴이나 내부 기술적 분석에서 두 회사 간 유사성이 있다고 판단되지만, 동일한지 단정 짓기에는 한계가 있다""고 말했다.일부에서는 중국 정부 주도의 해킹그룹에서 BPF도어 악성코드를 만들어 해킹을 대대적으로 벌이고 있다는 지적이 나온다. 이에 대해 류 차관은 ""글로벌 보안 커뮤니티에서의 통설이지만, 어떤 국가 기관이나 인증 기관에 의한 공식적인 확인은 아니다""라며 ""공격 시점 등을 봤을 때 국가 배후의 공격인지, 오픈소스화된 이후의 공격인지 단정하기 어렵다""고 선을 그었다.조사 결과에 따라 KT는 위약금 면제 조치를 적용받게 됐다. SK텔레콤 때와 마찬가지로 KT 이용자들도 약정기간과 무관하게 위약금 없이 통신사를 변경할 수 있다는 의미다. 전체 이용자를 대상으로 하기 때문에 피해가 확인되지 않은 경우도 가능하다.조사단은 이번 침해사고에서 KT의 과실이 발견된 점, KT가 계약상 주된 의무인 안전한 통신서비스 제공 의무를 다하지 못한 점 등을 고려할 때 위약금 면제의 귀책 사유가 회사에 있다고 판단했다. 이용약관은 '회사 귀책 사유로 이용자가 서비스를 해지할 경우 위약금을 면제한다'고 명시하고 있다.류 차관은 ""KT가 소비자와 국민 눈높이에 맞춰 소급 적용 시점·기간을 적절히 판단할 것으로 기대한다""고 말했다. 이어 ""통신사와 플랫폼 기업 등의 침해사고는 원인과 해결 방법에서 차별되는 요소가 있다""며 ""사업자별로 처분 경중이나 접근 방법을 달리한 게 아니다""라고 설명했다.KT는 정부 발표 직후 ""조사 결과를 엄중히 받아들여 고객 보상과 정보보안 혁신 방안이 확정되는 대로 조속히 발표하겠다""고 전했다.한편, LG유플러스는 침해사고 관련 허위 자료 제출과 서버 폐기 정황으로 경찰 수사를 받는다. 조사단은 통합 서버 접근제어 솔루션(APPM)과 연결된 정보의 실제 유출을 확인했으나, 익명의 제보자가 제공한 자료와 회사가 제출한 자료가 서로 다르다는 사실을 파악했다. 해킹 매개체로 지목된 협력사 직원 노트북과 네트워크 경로 역시 추적이 어려운 상황이다,정부는 LG유플러스의 행위가 부적절한 조치라고 보고, 지난 9일 위계에 의한 공무집행방해 혐의로 경찰 수사를 의뢰했다. 향후 수사 결과에 따라 신규 영업 제한과 위약금 면제 조치까지 확대될 가능성도 있다."
https://n.news.naver.com/mnews/article/079/0004100138?sid=105,2025-12-29 17:19:09,IT/과학,"KT 부실 보안망이 최악 해킹 자초…""전 이용자 위약금 면제""(종합)","핵심요약과학기술정보통신부 29일 정부서울청사서 KT 해킹 사건 관련 최종 조사 결과 발표KT 서버 악성코드 감염 규모 SKT 해킹보다 훨씬 광범위불법 펨토셀 접속 통화내용까지 유출 가능, 정확한 피해규모 추산도 불가능KT 보안 총체적 미흡 결론…위약금 면제 사유KT 조속한 보상 방안 발표 약속민관합동조사단 LGU+는 위계에 의한 공무집행 방해로 경찰청에 수사 의뢰류제명 과학기술정보통신부 제2차관이 29일 서울 종로구 정부서울청사에서 열린 KTㆍLGU+ 침해사고 조사 결과 브리핑에서 취재진 질문에 답하고 있다. 연합뉴스역대 최악으로 기록될 KT 해킹 사고의 원인은 KT의 총체적인 보안부실에 기인한 것이라는 최종 조사결과가 나왔다. 정부는 KT에게 책임을 물어 모든 이용자에 대해 위약금 면제 조치를 실시하라고 요구했고 KT는 고객 보상과 정보보안 혁신 방안의 조속한 마련을 약속했다.보안망 곳곳에 구멍 숭숭… SKT 해킹때보다 더 광범위한 서버 감염과학기술정보통신부는 29일 정부서울청사에서 KT 해킹 사건과 관련한 최종 조사 결과를 발표했다. 민관 합동 조사단이 KT 서버 3만3천대를 6차례에 걸쳐 점검한 결과 서버 94대가 BPF도어(BPFDoor), 루트킷, 디도스 공격형 코드 등 악성코드 103종에 감염된 것으로 확인됐다. 앞서 일어난 SKT 해킹 사건과 비교하면 감염 규모가 훨씬 심각한 수준임을 알 수 있다. SKT의 경우 악성코드 33종에 감염됐고 공급망 보안 관리 취약으로 악성코드 1종이 서버 88대에 유입된 바 있다.BPF도어 등 악성코드는 지난 2022년 4월부터 인터넷 연결 접점이 있는 서버의 파일 업로드 과정을 통해 서버에 침투한 것으로 파악됐다. 루트킷 등 악성코드는 방화벽, 시스템 로그 등 기록이 남아있지 않아 공격자의 침투 방법 등을 판단할 수 없었다. KT의 허술한 사후 대처도 사태를 더욱 키웠다. KT는 지난해 3월 감염 서버를 발견하고도 정부에 알리지 않고 서버 41대에 대해 코드 삭제 등 자체 조치로 무마했다.통화내용까지 유출 가능…피해자만 2만여명, 정확한 피해규모 파악 불가연합뉴스펨토셀(불법 초소형 기지국)을 이용해 통신망에 부단 접속하는 방식으로 개인정보가 유출된 피해자는 2만2천227명, 무단 소액결제 피해자는 368명, 피해액 2억4천300만원으로 최종 집계됐따. 중간 조사 결과와 변동이 없었다. 다만 정확한 피해액 추산은 힘들게 됐다. 통신 결제 관련 데이터가 남아있지 않은 기간인 작년 7월 31일 이전의 피해 규모는 확인이 불가능하기 때문이다.조사단은 경찰이 무단 소액결제범들로부터 확보한 불법 펨토셀을 포렌식 분석한 결과. 이들 기기에 KT 망 접속에 필요한 KT 인증서, 인증 서버 IP 정보와 해당 기지국을 거쳐 가는 트래픽을 가로채 제삼의 장소로 전송하는 기능이 있음을 확인했다. 여기에 단말기에서 코어망에 이르는 통신 과정 암호화가 풀리면서 ARS, SMS 등 결제 인증 정보 탈취가 가능해졌다. 조사단은 이런 방식으로 이용자의 문자, 통화 내용이 유출되는 일도 가능하다는 결론을 내렸다.KT의 허술한 펨토셀 관리 체계가 불법 펨토셀의 무단접속을 허용했다는 것이 조사단의 결론이다. 모든 펨토셀 제품이 동일한 제조사 인증서를 사용하고 있어 이것만 복사하면 정상 펨토셀이 아니더라도 KT 망에 접속할 수 있었다. 타사 또는 해외 IP 등 비정상 IP 차단 기능은 물론 정상 정보 여부를 확인하는 검증 체계도 없었다. 조사단은 인증 서버 IP의 주기적 변경 및 대외비 관리 등 보안 관리 개선책을 KT에 주문했다.정부, KT 보안 총체적 미흡 결론…위약금 면제 사유과기정통부는 KT 보안 조치의 총체적인 미흡이 위약금 면제 사유에 해당한다고 판단했다. KT약관에는 ""회사의 귀책 사유로 이용자가 서비스를 해지할 경우 위약금을 면제할 수 있다""는 규정이 적시돼 있다. 평문의 문자, 음성 통화가 제삼자에게 새어나갈 위험성을 고려하면 소액결제 피해를 본 일부 이용자 뿐만 아니라 전체 이용자에 대한 귀책사유가 된다고 판단한 것이다.조사단 역시 5개 기관을 대상으로 법률 자문을 의뢰한 결과 4곳으로부터 KT가 안전한 통신 서비스 제공이라는 계약의 주요 의무를 위반해 위약금 면제 규정 적용이 가능하다는 법적 판단을 전달받았다고 밝혔다. 앞서 SKT는 해킹 사고 최종 조사 결과가 발표된 지난 7월 4일 기준, 열흘간 침해 사고 이후 해지한 고객을 포함해 위약금 면제를 적용한 전례가 있다. 과기정통부는 KT가 위약금 면제 조치를 SKT의 사례에 준해 적용할 것으로 기대하고 있다. 류제명 과기정통부 2차관은 브리핑에서 ""면제 대상 소급 적용 범위 등에 대해 KT가 지난 SKT 사례처럼 소비자 눈높이에 맞춰 적절한 판단을 할 것으로 기대한다""고 말했다.조사단은 KT가 악성코드 감지는 물론이고 쉽게 탐지가 가능한 웹셸도 발견하지 못하는 등 보안 점검이 미흡했다는 점을 거듭 지적했다. 서버 등 네트워크가 연결되는 장치에서 발생하는 모든 활동을 감지 분석하는 도구(EDR), 백신 등 보안 설루션 도입을 확대하라고 촉구했다. 분기에 1회 이상 모든 자산에 대해 보안 취약점을 정기 점검하고 운영 시스템 로그 기록을 최소 1년 이상 보관하며 중앙 로그 관리 시스템을 구축해 사이버 침해를 감시할 것을 주문했다. 전사의 자산을 담당하는 정보기술최고책임자(CIO) 지정과 정보기술 자산관리 설루션 도입의 필요성도 강조했다.KT 30일 이사회 뒤 구체적 보상 방안 발표할 듯류영주 기자KT는 ""민관 합동 조사단의 결과 발표를 엄중하게 받아들이며 고객 보상과 정보보안 혁신 방안이 확정 되는 대로 조속히 발표할 예정""이라고 입장을 밝혔다. 통신업계서는 KT가 오는 30일 이사회를 열어 위약금 면제 범위와 고객 보상안을 논의, 발표할 것이라는 전망이 나오고 있다.한편, 민관 합동 조사단은 LGU+의 해킹 의혹과 관련해 LGU+가 당국의 조사를 방해했다는 결론을 내리고 위계에 의한 공무집행 방해로 경찰청에 수사 의뢰했다.익명의 화이트해커로부터 정보 유출 가능성을 통보받았으나 LGU+가 당국에서 침해 사고 정황을 안내한 이후에 서버 운영체계(OS)를 재설치 또는 폐기하며 구체적인 침해 내용이 드러나지 않았다.※CBS노컷뉴스는 여러분의 제보로 함께 세상을 바꿉니다. 각종 비리와 부당대우, 사건사고와 미담 등 모든 얘깃거리를 알려주세요.이메일 :jebo@cbs.co.kr카카오톡 :@노컷뉴스사이트 :https://url.kr/b71afn"
https://n.news.naver.com/mnews/article/055/0001320048?sid=101,2025-12-29 17:19:27,경제,"KT, 94개 서버 감염 확인…LG U+는 수사 의뢰","KT 해킹 사고 당시 94개 KT 서버가 103종의 악성코드에 감염됐던 것으로 과기부와 민간합동조사단의 조사 결과 드러났습니다.조사 결과 KT에서 2만 2천여 명의 가입자·단말기 식별번호, 그리고 전화번호가 유출됐고, 무단 소액결제로 2억 4천300만 원의 피해가 발생한 것으로 확인됐습니다.과기부는 모든 KT 가입자들에게 위약금을 면제해야 한다고 결론 내렸습니다.과기부는 LG유플러스의 경우 일부 정보 유출이 확인됐지만, 관련 서버가 폐기돼서 조사가 불가능했다며 경찰에 수사 의뢰했습니다."
https://n.news.naver.com/mnews/article/014/0005455449?sid=105,2025-12-29 17:27:11,IT/과학,"정부, ""KT 전체 이용자 위약금 면제해야""...LGU+는 수사 의뢰","KT서 2만2227명 정보 유출·2억4300만원 피해정부, 펨토셀 관리 부실 등 KT 과실 크다고 판단안전 서비스 제공해야...전체 이용자 위약금 면제류제명 과학기술정보통신부 제2차관이 29일 정부서울청사에서 KT·LG유플러스 침해사고 최종 조사 결과 브리핑을 진행하고 있다. 사진=최혜림 기자[파이낸셜뉴스] 서버 악성코드 감염으로 개인정보 유출 사태를 겪은 KT에 대해 정부가 모든 이용자들을 대상으로 위약금 면제 조치 시행이 필요하다고 판단했다. KT의 펨토셀 관리 부실, 안정적 통신 서비스 미제공 등 과실로 가입자 정보가 유출되고 소액결제 피해가 발생한데 따른 것이다. LG유플러스에 대해서는 침해 사고 관련 자료 제출 과정에서 허위 자료를 내고 서버를 폐기해 공무집행 방해로 경찰청에 수사를 의뢰했다.■""5개 로펌중 4개기관이 KT 과실 판단""류제명 과학기술정보통신부 제2차관은 이날 정부서울청사에서 KT·LG유플러스 침해사고 최종 조사 결과 브리핑을 열고 ""KT 불법 펨토셀로 인한 침해사고로 2만2227명의 가입자 식별번호(IMSI), 단말기 식별번호(IMEI), 전화번호가 유출됐고 368명이 무단 소액결제로 2억 4300만원 규모 피해가 발생했다""며 이같이 말했다.KT는 지난 9월 8일 소액결제 피해자의 통화기록을 분석한 결과 KT에 등록되지 않은 불법 기기가 내부망에 접속한 사실을 발견하고 한국인터넷진흥원(KISA)에 침해 사고를 신고했다. 이에 과기정통부는 다음 날인 9일 조사단을 구성했다.류 차관은 ""조사 결과 불법 펨토셀이 언제 어디서든 KT 내부망에 접속할 수 있었으며, 이용자 단말기와 KT 내부망 사이 구간의 송수신되는 정보는 종단 암호화가 이뤄졌어야 하지만 불법 펨토셀에 의해 종단 암호화 해제가 가능했다""고 말했다.이에 과기정통부는 KT가 '전체 이용자'를 대상으로 위약금을 면제해야 한다고 판단했다. 류 차관은 ""KT가 정보통신망법상 안전한 통신서비스를 제공할 의무를 다하지 못했고, 이는 약관 상 위약금을 면제해야 하는 회사 귀책사유에 해당한다""고 설명했다. 과기부가 5개 로펌에 법률 자문을 거친 결과 4개 기관에서 이번 침해사고를 KT의 과실로 판단해 위약금 면제 규정을 적용할 수 있다고 의견을 제시했다.■""LG유플러스, 공무집행 방해""LG유플러스에 대해 과기정통부는 익명의 제보자가 보안 전문지 프랙을 통해 밝힌 침해 정황과 관련 지난 8월 25일부터 현장조사를 시작했다. 다만 시스템에 운영체제(OS)가 재설치 되고 서버가 폐기돼 사실상 조사가 불가능했다는게 과기정통부측의 설명이다. 류 차관은 ""관련 서버를 포렌식하려고 했지만 운영체제(OS) 재설치와 서버 폐기 등으로 원활한 조사가 불가능했다""며 ""이에 위계에 의한 공무집행 방해로 지난 9일 경찰청에 수사를 의뢰했다""고 설명했다.이어진 질의응답에서 이번 사태는 SKT 유심 교체와 달리 분명한 조치가 없어 이용자 불안이 커질 수 있다는 지적이 제기되자 류 차관은 ""SKT는 유심 정보가 유출됐다는 특징이 있어 유심을 교체했던 것이다. 조사 과정에서 발견된 취약점에 대한 보안 조치를 통해 더 이상 불법 펨토셀에 의한 망 침투 가능성은 없다고 판단한다""고 전했다.KT 측은 조사 결과에 대해 ""민관합동조사단 결과 발표를 엄중하게 받아들이며 고객 보상과 정보 보안 혁신 방안이 확정되는 대로 조속히 발표할 예정""이라고 밝혔다. LG유플러스 측은 ""경찰 수사에 성실히 임하겠다""고 말했다."
https://n.news.naver.com/mnews/article/031/0000992838?sid=105,2025-12-29 17:39:08,IT/과학,"정부, 'KT 위약금 면제·LGU+ 수사 의뢰' 결정...국회 ""사고 은폐 나쁜 선례 남겨""[종합]","과기정통부, KT·LGU+ 개인정보 침해사고 최종 조사 결과 발표KT 전체 가입자 위약금 면제 가능 판단⋯""회사 귀책사유에 해당""침해사고 미신고·서버 폐기·재설치⋯3000만원 이하 과징금·수사 의뢰 그쳐정부가 개인정보 침해사고와 관련해 KT에 전체 가입자 대상 위약금 면제를 29일 권고했다. 신고 지연과 조사 방해 정황에 대해서는 3000만원 이하 과태료와 수사 의뢰를 결정했다. LG유플러스의 서버 폐기 문제에 대해서도 수사를 의뢰했다. 정부의 이같은 결정에 국회 일각에서는 사고 은폐에 나쁜 선례를 남겼다는 지적이 제기된다.류제명 과학기술정보통신부 제2차관이 29일 정부서울청사에서 KT·LG유플러스 침해사고 관련 조사 결과를 발표하고 있다. [사진=안세준 기자]정부 ""KT, 전체 가입자 대상 위약금 면제"" 권고이날 과학기술정보통신부(부총리 겸 장관 배경훈)는 정부서울청사에서 브리핑을 열고 KT와 LG유플러스 개인정보 침해사고에 대한 최종 조사 결과를 공개했다.정부는 KT에 과실이 발견된 점, KT가 계약상 주된 의무를 다하지 못한 점 등을 고려해 전체 가입자를 대상으로 위약금 면제 규정이 적용 가능하다고 판단했다. 이에 따라 전체 가입자 대상 위약금 면제를 권고했다.류제명 과기정통부 제2차관은 ""KT 펨토셀 부실 관리로 인해 야기된 평문의 문자, 음성통화 탈취 위험성은 소액결제 피해가 발생한 일부 이용자에 국한된 것이 아닌 KT 전체 이용자가 위험성에 노출됐던 것""이라며 ""이용자에게 안전한 통신서비스를 제공해야 할 계약상 주된 의무를 다하지 못한 것으로 판단했다""고 말했다.그러면서 ""결론적으로 이번 침해사고는 KT 전체 이용자를 대상으로 KT 이용약관상 위약금을 면제해야 하는 회사의 귀책사유에 해당한다고 판단했다""고 덧붙였다. 이에 대해 KT 측은 ""민관합동조사단 결과 발표를 엄중하게 받아들인다""면서도 ""고객 보상과 정보보안 혁신 방안이 확정 되는 대로 조속히 발표할 예정""이라고 답했다.KT 불법 펨토셀에 의한 침해사고 이미지. [사진=과기정통부]LGU+ OS 재설치⋯정부 조사 '차질'정부는 이번 조사 과정에서 KT와 LG유플러스 모두에서 조사 방해로 볼 수 있는 정황이 확인됐다고 밝혔다. 특정 사업자의 네트워크 경로상 주요 서버 등이 모두 OS 재설치 또는 폐기되면서 조사가 불가능한 상황이 발생했다는 것이다.구체적으로 KT의 경우, 악성코드 감염 정황이 제기된 서버와 관련해 폐기 시점과 내역을 허위로 제출했다. 백업 로그 존재 사실을 뒤늦게 보고한 사실도 확인됐다. 정부는 이를 단순 착오가 아닌 고의적 조사 방해 가능성으로 보고 형법상 공무집행방해 혐의로 수사기관에 수사를 의뢰했다.KT는 침해사고 신고를 지연하거나 미신고하기도 했다. 정보통신망법에 따르면 침해사고가 발생하면 이를 인지한 후 24시간 이내 신고해야 한다. 하지만 KT는 발생 사고에 대해 지연신고를 하거나 신고 자체를 하지 않았다. 이에 정부는 정보통신망법 제76조에 따라 3000만원 이하 과태료를 부과하기로 했다.LG유플러스 역시 상황은 다르지 않았다. 내부 자료 유출이 제보된 이후 관련 서버가 운영체제(OS) 재설치 또는 폐기되면서 침해 경로와 피해 범위를 확인할 수 없게 됐다. 정부는 해당 조치가 사고 인지 이후 이뤄졌다는 점에서 부적절한 대응으로 판단하고 경찰에 수사를 요청했다.국가 기간통신망에서 침해사고 은폐 의혹과 조사 방해 정황까지 드러났지만, 영업정지나 신규 가입 제한 등 직접적인 행정제재는 이번 발표에 포함되지 않았다.이해민 조국혁신당 의원이 국회에서 열린 과학기술정보방송통신위원회의 국정감사에서 질의하고 있다. [사진=곽영래 기자]이해민 ""도청 가능성까지 확인됐는데…정부 조치, 너무 가볍다""국회에서는 조치 수위가 지나치게 낮다는 비판이 제기되고 있다. 국회 과학기술정보방송통신위원회 소속 이해민 조국혁신당 의원은 이날 SNS를 통해 ""정부는 영업정지나 신규가입 제한과 같은 실질적인 행정 제재를 반영하지 않았다""며 ""KT가 도청이 가능하도록 허술하게 국가 통신망을 운영해도 정부의 결론은 고작 3000만원 수준 과태료 처분과 위약금 면제 판단에 그쳤다""고 덧붙였다.LG유플러스에 대해서도 ""핵심 서버가 기업에 의해 폐기돼 제대로 된 조사조차 이뤄지지 않은 상태""라며 ""이대로라면 통신사 해킹과 사고 은폐에 대해 극히 나쁜 선례를 남기게 된다""고 지적했다.이 의원은 ""이용자 보호를 위해 영업정지 등 적극적인 행정 조치가 반드시 필요하다""며 ""그럼에도 조치는 마치 강 건너 불구경 수준에 그쳤다. 조사 결과를 발표하려면 그 결과에 따라 무엇을 어떻게 조치하겠다는 액션 플랜이 함께 제시돼야 한다""고 밝혔다."
https://n.news.naver.com/mnews/article/029/0003002018?sid=105,2025-12-29 17:43:08,IT/과학,정부 “안전한 통신 의무 위반”…KT 위약금 면제 가능 판단,"KT·LGU+ 침해사고 조사 결과 브리핑KT 수용 여부 주목…“확정되는 대로 발표”과학기술정보통신부 류제명 제2차관이 29일 정부서울청사에서 KT·LGU+ 침해사고 조사 결과 브리핑을 하고 있다.정부가 펨토셀(소형 기지국) 관리 부실로 무단 소액결제 사고가 벌어진 KT에 대해 전 이용자를 대상으로 위약금을 면제해야 한다는 판단을 내렸다. 불법 펨토셀로 인해 통신 암호화가 무력화되고 개인정보·결제 인증 정보 탈취 위험에 전체 이용자가 노출됐다는 점에서 KT가 계약상 주된 의무인 ‘안전한 통신서비스 제공’을 다하지 못했다는 결론이다.과학기술정보통신부는 29일 KT와 LG유플러스 침해사고에 대한 민관합동조사단의 최종 조사 결과와 함께 KT 이용약관상 위약금 면제 규정 적용 여부에 대한 법률 검토 결과를 발표했다.조사 결과 KT 침해사고는 펨토셀 관리 체계의 전반적인 부실에서 비롯된 것으로 확인됐다. KT에 납품되는 모든 펨토셀에 동일한 제조사 인증서를 사용하고, 인증서 유효기간을 10년으로 설정하는 등 관리가 허술해 불법 펨토셀이 언제 어디서든 KT 내부망에 접속할 수 있었던 것으로 드러났다. 이 과정에서 통신 암호화가 해제돼 결제 문자(SMS)·음성통화(ARS) 인증 정보가 탈취될 수 있는 구조적 취약점도 노출됐다.이 사고로 2만 2227명의 가입자 식별번호(IMSI)·단말기 식별번호(IMEI)·전화번호 등 가입자 정보가 유출됐고, 368명(777건)이 무단 소액결제로 2억4300만원 규모의 피해를 입은 것으로 집계됐다. 또한 KT 전체 서버 점검 결과 94대 서버에서 103종의 악성코드가 발견됐으며, 일부 악성코드는 지난해 3~7월 발견 후에도 정부에 신고하지 않은 사실이 확인됐다.조사단은 운영 중인 시스템의 로그기록 보관기관이 1~2개월에 불과해 침해사고 최초 침투시점, 악성코드 감염방법 등 사고원인을 상세히 파악하는 데 한계가 있었다고 밝혔다. 로그기록이 남아있는 기간에는 유출 정황이 없는 것으로 확인됐지만 그전에 유출이 있었는지 여부 등은 확인할 수 없는 상황이다.류제명 과기정통부 2차관은 “로그가 남아 있는 기간에는 유출이 안 됐다는 것이 확인됐지만 그 이전에도 유출이 안 됐다고 단정할 수는 없다는 것이 조사단의 판단”이라고 말했다.정부는 법률 자문을 거쳐 이번 사고가 KT 이용약관상 ‘기타 회사의 귀책 사유’에 해당한다고 판단해 이용자가 계약을 해지할 경우 위약금 면제가 가능하다고 결론내렸다. 펨토셀은 단말과 통신사 내부망을 연결하는 핵심 장치로, 관리 부실로 인해 이용자가 통신 탈취 위험에 노출됐다는 점에서 계약의 본질적 의무를 위반했다는 설명이다.다만 위약금 면제는 KT가 정부의 결정을 수용해야 실제로 시행된다. KT 측은 이와 관련해 “민간합동조사단 결과 발표를 엄중히 받아들이며, 고객 보상과 정보 보안 혁신 방안이 확정되는 대로 조속히 발표할 예정”이라고 말했다. 앞서 SK텔레콤은 유심 해킹 사고 당시 정부 발표 당일 위약금 면제를 포함한 ‘책임과 약속’ 프로그램을 발표하고, 향후 5년간 7000억 규모의 정보보호 투자 계획과 위약금 면제 내용 등을 내놓은 바 있다.류 차관은 “정부가 지금 말씀드릴 수 있는 것은 KT 전체 이용자를 대상으로 한 위약금 면제가 필요하고 (해킹 사고가) 면제 사유에 해당한다는 것”이라며 “기간 등 세부 사항은 지난번 SK텔레콤 사례와 같이 KT가 소비자들, 또 국민 눈높이에 맞춰 적절한 판단을 할 것으로 기대한다”고 했다.정부는 KT에 대해 펨토셀 보안 강화, 종단 암호화 설정 개선, 보안장비 도입, 로그 보관기간 연장, 정보보호최고책임자(CISO) 중심 거버넌스 확립 등 재발 방지 대책 이행을 요구하고, 침해사고 신고 지연·미신고에 대해서는 과태료를 부과할 예정이다. 일부 조사 방해 행위에 대해서는 형사 수사도 의뢰했다.한편 LG유플러스 침해사고는 익명의 제보자로부터 입수한 자료를 바탕으로 일부 유출 정황은 확인했으나, 관련 서버의 OS 재설치·폐기 등으로 인해 조사가 불가능한 것으로 드러났다. 조사단은 해당 조치가 부적절하다고 판단해 위계에 의한 공무집행 방해 혐의로 수사를 의뢰했다.과기정통부 최우혁 네트워크정책실장은 “향후 수사 당국에서 새로운 사항이 확인될 경우 조사를 재개할 수 있겠지만 KT와 LG유플러스 모두 현 단계에서는 더 이상의 조사를 진행하기 어렵다고 판단해 종결한다”고 말했다.이에 대해 LG유플러스 측은 “경찰 수사에 성실히 임하겠다”는 입장을 밝혔다."
https://n.news.naver.com/mnews/article/014/0005455467?sid=105,2025-12-29 18:05:13,IT/과학,"정부 ""KT, 모든 이용자 위약금 면제 조치 필요… LGU+ 수사 의뢰""","KT·LGU+ 침해사고 조사 결과펨토셀 관리부실 등 KT 과실 판단2만2227명·2억4300만원 피해30일 이사회서 보상안 결론날 듯LGU+ 서버 폐기로 조사 불가능류제명 과학기술정보통신부 제2차관이 29일 정부서울청사에서 KT·LGU+ 침해사고 조사 결과를 브리핑하고 있다. 연합뉴스서버 악성코드 감염으로 개인정보 유출 사태를 겪은 KT에 대해 정부가 모든 이용자들을 대상으로 위약금 면제 조치 시행이 필요하다고 판단했다. KT의 펨토셀 관리 부실, 안정적 통신 서비스 미제공 등 과실로 가입자 정보가 유출되고 소액결제 피해가 발생한 데 따른 것이다. LG유플러스에 대해서는 침해사고 관련 자료제출 과정에서 허위 자료를 내고 서버를 폐기해 공무집행방해로 경찰청에 수사를 의뢰했다.■5개 로펌 중 4개기관 KT 과실 판단류제명 과학기술정보통신부 제2차관은 29일 정부서울청사에서 KT·LG유플러스 침해사고 최종 조사 결과 브리핑을 열고 ""KT 불법 펨토셀로 인한 침해사고로 2만2227명의 가입자 식별번호(IMSI), 단말기 식별번호(IMEI), 전화번호가 유출됐고 368명이 무단 소액결제로 2억4300만원 규모의 피해가 발생했다""며 이같이 말했다.KT는 지난 9월 8일 소액결제 피해자의 통화기록을 분석한 결과 KT에 등록되지 않은 불법 기기가 내부망에 접속한 사실을 발견하고 한국인터넷진흥원(KISA)에 침해사고를 신고했다. 이에 과기정통부는 다음 날인 9일 조사단을 구성했다.류 차관은 ""조사 결과 불법 펨토셀이 언제 어디서든 KT 내부망에 접속할 수 있었으며, 이용자 단말기와 KT 내부망 사이 구간의 송수신되는 정보는 종단 암호화가 이뤄졌어야 하지만 불법 펨토셀에 의해 종단 암호화 해제가 가능했다""고 말했다.이에 과기정통부는 KT가 '전체 이용자'를 대상으로 위약금을 면제해야 한다고 판단했다. 류 차관은 ""KT가 정보통신망법상 안전한 통신서비스를 제공할 의무를 다하지 못했고, 이는 약관상 위약금을 면제해야 하는 회사 귀책사유에 해당한다""고 설명했다. 과기정통부가 5개 로펌에 법률 자문을 거친 결과 4개 기관에서 이번 침해사고를 KT의 과실로 판단해 위약금 면제 규정을 적용할 수 있다고 의견을 제시했다.■""LG유플러스, 공무집행방해""LG유플러스에 대해 과기정통부는 익명의 제보자가 보안 전문지 프랙을 통해 밝힌 침해 정황과 관련, 지난 8월 25일부터 현장조사를 시작했다. 다만 시스템에 운영체제(OS)가 재설치되고 서버가 폐기돼 사실상 조사가 불가능했다는 게 과기정통부 측의 설명이다. 류 차관은 ""관련 서버를 포렌식하려고 했지만 운영체제(OS) 재설치와 서버 폐기 등으로 원활한 조사가 불가능했다""며 ""이에 위계에 의한 공무집행방해로 지난 9일 경찰청에 수사를 의뢰했다""고 설명했다.이어진 질의응답에서 이번 사태는 SKT 유심 교체와 달리 분명한 조치가 없어 이용자들의 불안이 커질 수 있다는 지적이 제기되자 류 차관은 ""SKT는 유심 정보가 유출됐다는 특징이 있어 유심을 교체했던 것이다. 조사 과정에서 발견된 취약점에 대한 보안 조치를 통해 더 이상 불법 펨토셀에 의한 망 침투 가능성은 없다고 판단한다""고 전했다.KT측은 조사 결과에 대해 ""민관합동조사단 결과 발표를 엄중하게 받아들이며 고객 보상과 정보 보안 혁신 방안이 확정되는 대로 조속히 발표할 예정""이라고 밝혔다. 30일 열리는 이사회에서 보상과 위약금 면제방안 등에 대한 결정이 이루어질 예정이다. LG유플러스 측은 ""경찰 수사에 성실히 임하겠다""고 말했다."
https://n.news.naver.com/mnews/article/022/0004093651?sid=101,2025-12-29 18:09:08,경제,"정부, ‘해킹 책임’ KT에 전 이용자 위약금 면제 권고","침해사고 최종 조사 결과 발표서버 94대 악성코드 103종 감염무단 결제 368명 피해액 2.4억원LGU+ 공무집행 방해 수사 의뢰정부가 KT 해킹 사태와 관련, KT가 전체 이용자를 대상으로 위약금 면제에 나설 것을 촉구했다. 이번 사태가 KT의 총체적인 보안 조치 미흡에서 비롯됐다는 결론을 내린 것이다.29일 서울 종로구 정부서울청사에서 과학기술정보통신부 주관으로 KT·LGU+ 침해사고 조사 결과 브리핑이 열리고 있다. 연합뉴스과학기술정보통신부는 29일 정부서울청사에서 발표한 KT·LG유플러스 침해 사고 최종 조사 결과에서 이같이 밝혔다.KT는 민관합동조사단 점검 결과, 총 서버 3만3000대 중 94대가 BPF도어 등 악성코드 103종에 감염된 것으로 확인됐다. 앞서 사상 최악의 통신사 해킹 사건으로 지목된 SK텔레콤 사건의 경우 서버 88대가 악성코드 33종에 감염됐었는데, KT의 감염 규모가 더 광범위한 것으로 나타났다.서버 감염과 별도로 불법 초소형 기지국(펨토셀)이 통신망에 무단 접속해 발생한 피해는 중간 조사 결과와 동일했다. 전화번호 탈취 피해를 본 이용자는 2만2227명, 무단 소액결제 피해자는 368명, 피해액은 2억4300만원이었다.과기정통부는 이번 침해 사고가 KT 이용약관상 위약금 면제 규정에 해당하며, 면제 대상 또한 일부가 아닌 전체 이용자에 해당한다고 봤다. 조사단이 조사 결과를 바탕으로 로펌 등 5개 기관에 법률 자문을 진행한 결과, 4곳에서 KT의 과실이 인정된다고 판단했다.과기정통부는 LG유플러스에 대해선 조사단 조사를 방해했다고 보고 위계에 의한 공무집행 방해로 경찰청에 수사를 의뢰했다. LG유플러스가 7월19일 당국으로부터 침해 사고 정황을 안내받은 뒤 관련 서버 운영체계(OS)를 재설치하거나 폐기한 사실이 드러나서다. 조사단은 LG유플러스의 통합 서버 접근제어 솔루션(APPM)과 연결된 서버 목록, 서버 계정정보 및 임직원 성명 등이 실제 유출된 것을 확인했지만, LG유플러스의 조치로 구체적인 침해 내용은 확인할 수 없었다."
https://n.news.naver.com/mnews/article/374/0000483228?sid=101,2025-12-29 18:11:09,경제,도·감청 노출된 KT…은폐 정황 LGU+,"[앵커]KT와 LG유플러스의 침해사고, 해킹 사태를 조사해 온 민관합동조사단이 오늘(29일) 최종 조사 결과를 발표했습니다.SK텔레콤과 KT에 이어 자신만만하던 LG유플러스까지 해킹된 것으로 드러났습니다.정부는 KT에 대해선 보안 관리 부실로 이번 사태가 불거졌으니 소비자들에게 위약금을 전면 면제하라고 요구했습니다.또 LG유플러스에 대해선 서버 폐기로 조사가 불가하다며 경찰에 수사를 의뢰했습니다.김동필 기자입니다.[기자]2만 2천여 명의 유심 정보 유출과 2억 4천여만 원의 무단 결제 피해를 부른 KT 해킹 사태의 원인으로는 KT의 부실한 보안 관리가 지목됐습니다.KT 내부망에 접속할 수 있던 불법 펨토셀이 부실 관리된 데다 검증이나 암호화 체계도 모두 허술하게 관리됐던 겁니다.사실상 KT 모든 이용자들의 문자나 음성 내역이 무방비에 놓여 있었습니다.[류제명 / 과기정통부 2 차관 : 불법 펨토셀이 언제 어디서든 KT 내부망에 접속할 수 있었고, 통신 트래픽 캡처가 가능한 불법 펨토셀과 연결된 이용자 단말기에서 송·수신되는 문자, 음성통화의 정보 탈취가 가능했던 사실이 확인되었습니다.]KT의 은폐 정황도 포착됐습니다.3만 3천여 대의 KT 서버 전면 조사 결과 작년 3월부터 최근까지 103종의 악성코드에 감염돼 있었는데, 일부를 신고 없이 자체 조치한 겁니다.조사단은 이를 토대로 위약금 면제를 권고하는 한편, 고의적 방해 행위에 대해선 수사를 의뢰했습니다.[최우혁 / 과기정통부 네트워크정책실장 : 문제가 있는 부분에 대한 조치들을 병행을 했고요. 그다음에 위계에 의해서 공무집행 방해, 조사 방해를 한 부분에 대해서 수사의뢰를 했습니다.]정부는 또 LG유플러스 사태와 관련해 정보 유출이 있었다는 점은 확인했지만 주요 서버가 폐기되는 등 은폐 시도가 있어 조사가 불가능했다고 말했습니다.정부는 이를 고의적인 방해로 보고 경찰청에 수사의뢰했습니다.SBS Biz 김동필입니다.당신의 제보가 뉴스로 만들어집니다.SBS Biz는 여러분의 제보를 기다리고 있습니다.홈페이지 = https://url.kr/9pghjn"
https://n.news.naver.com/mnews/article/422/0000817082?sid=101,2025-12-29 18:22:11,경제,"KT, SKT보다 감염 규모 컸다…정부 ""위약금 면제해야""","[앵커]KT 해킹 사고가 악성코드 감염 규모 측면에서 SK텔레콤 해킹을 크게 웃돈 것으로 드러났습니다.정부는 KT의 과실이 인정돼 전 이용자를 대상으로 위약금을 면제해야 한다고 판단했습니다.LG유플러스의 경우, 서버 폐기 정황이 확인돼 강도 높은 경찰 수사가 예고됐습니다.문형민 기자입니다.[기자]정부가 KT에 모든 이용자를 대상으로 위약금 면제 조치를 하라고 요구했습니다.<류제명 / 과기정통부 제2차관> ""KT 과실이 발견된 점, KT가 계약상 주된 의무인 안전한 통신서비스 제공 의무를 다하지 못한 점 등을 고려할 때, 회사의 귀책사유에 해당한다고…""민관합동 조사 결과, KT는 역대급 통신사 해킹 사건으로 지목된 SK텔레콤보다 악성코드의 종류·개수·감염 범위가 더 광범위했습니다.SK텔레콤은 28대 서버에서 모두 33종의 악성코드 감염이 확인된 반면, KT는 94대 서버에서 모두 103종의 악성코드 감염이 확인된 겁니다.KT에서는 불법 기지국 ‘펨토셀’로 인해 2억4천여만 원 규모의 무단 소액결제 등 실제 금전 피해도 발생했습니다.이에 더해, KT의 펨토셀 부실 관리로 전체 가입자의 문자와 음성 통화 탈취가 가능했다는 사실도 드러났습니다.LGU+의 경우 침해사고와 관련해 허위 자료 제출과 서버 폐기 정황이 드러나 강도 높은 경찰 수사가 예고됐습니다.향후 수사 결과에 따라 신규 영업 제한과 위약금 면제 조치까지 확대될 가능성도 있습니다.<최광기 / 과기정통부 사이버침해대응과장> ""OS(운영체제)가 재설치 되거나 폐기돼 조사가 불가능한 상황임을 확인했습니다. 위계에 의한 공무집행방해로 12월9일 경찰청에 수사 의뢰를…""한편, 정부의 ‘전 고객 대상 위약금 면제’ 결정에 대해 KT는 “고객 보상안이 확정되는 대로 조속히 발표하겠다”는 입장을 밝혔습니다.앞서 SK텔레콤이 위약금 면제를 시행한 기간 10만 명이 넘는 고객이 이탈한 만큼, KT 역시 위약금 면제가 본격 개시될 경우 대규모 가입자 이탈을 무시할 순 없어 보입니다.연합뉴스TV 문형민입니다.[영상취재 김동화][영상편집 김세나][그래픽 김동준]연합뉴스TV 기사문의 및 제보 : 카톡/라인 jebo23"
https://n.news.naver.com/mnews/article/640/0000082315?sid=101,2025-12-29 18:25:39,경제,Gov't urges KT to waive contract termination fees over hacking incident,"Ryu Je-myung, second vice minister of science and ICT, speaks during a press briefing at the Government Complex Seoul in central Seoul on Dec. 29. [NEWS1]The government urged KT on Monday to waive contract termination fees for all users after it was found to have failed to provide safe and reliable service in connection with a large-scale hacking incident.Ninety-four KT servers had been infected with 103 types of malware, potentially exposing call data, according to the Ministry of Science and ICT during a press briefing at the Government Complex Seoul in central Seoul.The KT hacking incident began in 2024 when the company detected malware on its internal servers but failed to report it. Public attention escalated earlier this year after investigators revealed that the breach compromised user data and involved unauthorized access through KT’s network.A joint public-private investigation team inspected 33,000 servers across six rounds and uncovered malicious code such as the BPFDoor rootkit, malware installed to access a server from outside. The scale of the breach surpassed a hacking case at SK Telecom, where 33 types of malware were detected.The findings suggest that KT’s network was infected as early as April 2022, and that the company delayed damage control by failing to report the breach in a timely manner.A KT store is seen in Seoul on Dec. 29. [YONHAP]Investigators said KT discovered the malicious code in March 2024, but failed to notify the government. Instead, the company deleted data from 41 servers on its own, which delayed efforts to assess the full scope of the breach.In a separate incident, an unauthorized femtocell — a small base station used to boost mobile signals — accessed KT’s network and extracted sensitive subscriber information, including International Mobile Subscriber Identity, International Mobile Equipment Identity and phone numbers.Authorities confirmed 22,227 users were affected and identified 368 cases of unauthorized micropayments totaling 243 million won ($170,000). Investigators said they could not verify damages that occurred before July 31 of last year, leaving open the possibility of additional unverified damage.The investigation team also said the illegal femtocell stored KT’s digital certificate and authentication server IP address, and that the communication process lacked encryption, making it possible for attackers to interceptpayment verification data sent through automated calls and text messages, as well as text messages and call content. They also found that KT did not enable encryption settings on some devices.The ministry said KT’s systemic security failures met the conditions outlined in its terms of service for waiving termination fees. Officials noted that the breach impacted many users, not just a small group.A telecom store in Seoul displays the logos of KT and LG U+ on Dec. 29. [YONHAP]Four out of five legal review bodies concluded that KT violated its contractual obligation to provide secure service, validating user compensation claims. The ministry expects KT to apply contract termination fee waivers at a level similar to the SK Telecom case.“We expect KT to consider the scope of the waiver and retroactive application from the consumer’s point of view,” Second Vice Science Minister Ryu Je-myung said.The investigation team instructed KT to strengthen its security by expanding the use of endpoint protection tools, conducting quarterly security checks on all assets, retaining system logs for at least one year and establishing a centralized log management system. It also recommended appointing a chief information officer to oversee all company-wide assets and adopting a system to manage IT resources more effectively.The ministry asked KT to submit its prevention plan by January next year and said it will review whether the measures have been properly implemented by June.“We are taking the investigation findings seriously and will promptly announce our customer compensation and cybersecurity reform plans once finalized,” KT said.In a separate hacking case involving LG U+, investigators said attackers breached the company’s integrated server access control system and leaked a list of servers, account credentials and employee names.They added that LG U+ reformatted or discarded the affected server operating systems after the breach, making it difficult to verify the full extent of the intrusion. The Science Ministry has requested a police investigation in response.“LG U+ will cooperate fully with the investigation,” the company said.This article was originally written in Korean and translated by a bilingual reporter with the help of generative AI tools. It was then edited by a native English-speaking editor. All AI-assisted translations are reviewed and refined by our newsroom."
https://n.news.naver.com/mnews/article/138/0002213890?sid=105,2025-12-29 18:29:08,IT/과학,"KT 해킹, 개인정보 유출 경로 ‘미제’ 결론 가능성…“조사에 한계”(종합)","위약금은 면제 판단…은폐 정황에 대해선 제재 한계 드러나[디지털데일리 강소현 기자] KT 무단 소액결제 사고의 구체적인 범행 수법이 규명되지 못한 채 위약금 면제 선에서 사실상 정리되는 양상이다. 소액결제에 필요한 개인정보 유출 경로 등 피해 원인이 특정되지 않았지만 정부가 “민관합동조사단 조사에는 한계가 있었다”고 밝힌 데 따른 것이다.특히 KT와 LG유플러스는 침해사고 조사 과정에서 서버 폐기 등 협조 미흡 정황이 드러났음에도 제재가 제한적으로 이뤄지면서 형평성 논란이 불가피해졌다. 앞서 SK텔레콤이 비교적 성실히 조사에 임하고도 강도 높은 제재를 받은 것과 대비되기 때문이다.과학기술정보통신부는 29일 KT와 LG유플러스 침해사고에 대한 민관합동조사단 조사 결과와 KT 이용약관상 위약금 면제 규정 검토 결과를 발표했다.앞서 서울·경기 지역 KT 고객을 중심으로 소액결제 다중 피해 사건이 발생했다. 누적 피해 고객 수는 368명, 피해 금액은 2억4319만원으로 확인됐다.과기정통부는 이날 KT 가입자가 서비스를 해지할 경우 위약금을 면제하는 것이 타당하다는 판단을 내렸다. 펨토셀 관리 부실이 이번 소액결제 범죄의 주요 원인으로 작용했다고 본 것이다. 그동안 KT는 소액결제 범죄와의 직접적인 연관성을 부인해왔다.펨토셀은 실내 통신 품질 개선을 위해 가정이나 사무실에 설치하는 소형 기지국 장비다. 정부는 관리가 허술한 펨토셀이 ‘가짜 기지국’처럼 악용돼 KT 코어망에 비정상 접속이 이뤄진 것으로 분석했다.조사단에 따르면 경찰이 피의자로부터 확보한 불법 펨토셀을 포렌식 분석한 결과, 해당 장비에 KT망 접속에 필요한 인증서와 인증서버 IP 정보가 저장돼 있었으며 펨토셀을 거쳐가는 트래픽을 캡처해 제3의 장소로 전송하는 기능이 확인됐다. KT가 통신 과정에서 종단 암호화를 소홀히 해 발생한 일이었다.또 조사 과정에서 KT가 일부 악성코드 감염 서버 삭제 시점을 허위로 제출하고, 백업 로그 존재 사실을 보고하지 않은 정황도 드러났다. 정부는 이 부분을 위계에 의한 공무집행방해 가능성으로 보고 수사기관에 수사를 의뢰했다.과기정통부는 이 같은 조사 결과를 바탕으로 법률 자문을 진행했고, 5개 기관 중 4곳이 이번 침해사고를 KT의 과실로 판단했다고 밝혔다. 이에 따라 KT 이용약관상 위약금 면제 사유에 해당한다는 결론을 제시했다.류제명 과기정통부 제2차관은 “정부는 약관상 위약금 면제 사유에 해당하는지 여부를 판단해 설명하는 것”이라며 “언제부터 소급 적용할지, 어느 기간 동안 위약금 없이 이동할 수 있도록 할지는 KT가 소비자·국민 눈높이에 맞춰 결정할 것으로 기대한다”고 설명했다.다만 이날 브리핑에서는 소액결제 침해사고와 관련한 핵심 의문점이 상당 부분 해소되지 않았다. 특히 피의자가 소액결제에 필요한 개인정보를 어떤 경로로 확보했는지는 여전히 확인되지 않았다.더욱이 감염 규모는 확대된 것으로 나타났다. 악성코드에 감염된 서버 수는 기존 43대에서 94대로 늘었으며, BPF도어 및 루트킷 등 총 103종의 악성코드가 발견됐다. 이들 서버에는 성명·전화번호·이메일 주소·단말기 식별번호(IMEI) 등 개인정보가 일부 저장돼 있었던 것으로 확인됐다.그럼에도 해당 서버를 통해 소액결제 관련 정보가 실제 유출됐는지 여부에 대해선 결론을 내리지 못했다. 통신결제 데이터가 남아 있지 않은 2024년 7월31일 이전 기간에 대해서는 확인이 불가능했던 탓이다.류 차관은 “로그가 남아 있는 기간은 유출이 없다고 판단할 수 있지만 로그가 없는 기간은 유출 여부를 확인할 수 없다”며 “따라서 과거 전체 기간에 대해 유출이 없었다고 단정할 수는 없다”고 말했다.이동근 KISA 디지털위협대응본부장은 “민감정보가 포함돼 있지만 로그가 충분히 남아 있지 않아 확정적으로 말씀드리기 어려운 상황”이라며 “귀책 여부는 개보위에서 추가 검토가 이뤄질 예정”이라고 설명했다.이처럼 피해 원인과 개인정보 유출 경로가 완전히 규명되지 않은 가운데 KT 이용자의 불안감은 여전히 잔존한 상태다. 그럼에도 정부는 “현재로선 추가 위험 가능성은 낮다”고 했다.류 차관은 “현재 펨토셀 인증·접속 관리 등 확인된 취약점에 대해 보완 조치를 이미 이행했고 그 이후 불법 펨토셀을 통한 망 침투 가능성은 없다고 판단한다”며 “다만 지속 모니터링을 실시하고 있으며 현재까지 추가 의심 정황은 확인되지 않았다”고 밝혔다.이어 “이번 KT 사건은 불법 펨토셀이 통신망 자체에 침투한 기존과 다른 유형의 공격이었다”며 “보안 조치를 강화했고 추가 침투 가능성은 낮다고 보고 있으나, 지속적으로 모니터링을 이어가겠다”고 덧붙였다.한편 LG유플러스 역시 내부 서버 접근제어 솔루션(APPM)과 관련된 서버목록·계정정보·임직원 성명 등이 실제 유출된 것으로 확인됐다. 하지만 LG유플러스가 운영체제(OS) 재설치 및 일부 서버 폐기를 진행하면서 해커 침투 경로에 대한 정밀 포렌식은 사실상 불가능해졌다.정부는 이 역시 수사 의뢰로 정리했다. “현행 법체계에서 가능한 조치를 했다”는 입장이지만, 결과적으로 해킹 사실을 숨길수록 책임이 가벼워질 수 있다는 왜곡된 신호를 줄 수 있다는 점에서 논란은 당분간 이어질 전망이다.최우혁 네트워크정책실장은 “LG유플러스 역시 지난 10월23일 신고 접수 이후 조사를 진행한 결과 추가로 확인할 사항이 없다 판단해 KT 사례와 동일하게 수사 의뢰로 마무리하게 됐다”며 “향후 수사 과정에서 새로운 사실이 확인될 경우 다시 조사로 전환할 수는 있지만 현 단계에서는 두 사건 모두 조사 종료로 이해해주시면 되겠다”고 말했다.류 차관은 “법 집행은 법령에 근거해 이뤄진다”며 “현행 법체계에서 가능한 조치를 확인하고, 적용 가능한 법률에 따라 SKT·KT·LGU+ 순으로 필요한 법적 조치를 진행하고 있다”고 말했다."
https://n.news.naver.com/mnews/article/022/0004093664?sid=101,2025-12-29 18:39:08,경제,“로그기록 보관 1~2개월 불과… 피해 더 클 수도”,"정부, 정보 유출 최종 조사 결과“KT 영업정지 얘기 있지만 SKT때와 달라SKT는 유심 부족한데 신규 모집이 문제”이용자 문자·통화 내용 유출 가능성도“KT 해킹 사태와 관련해 영업정지가 이뤄져야 하지 않느냐는 이야기가 있지만 지난 SK텔레콤 사례와는 다릅니다.”류제명 과학기술정보통신부 제2차관은 29일 정부서울청사에서 KT·LG유플러스 침해 사고 최종 조사 결과를 발표하며 이같이 말했다. 류 차관은 SKT의 경우 당시 기존 가입자에게 교체해줄 유심 재고가 충분치 않은 상황임에도 신규 가입자 모집에 나선 것이 문제였다고 설명했다.류제명 과학기술정보통신부 2차관이 29일 서울 종로구 정부서울청사에서 KT·LGU+ 침해사고 최종 조사결과 관련 브리핑을 하고 있다. 뉴스1업계에선 이같이 이번 KT 해킹 사태가 SKT와 비슷하면서도 다르다는 평가가 나온다.우선 실제 금전 피해 여부다. SKT는 2300만명이 넘는 가입자 대부분의 전화번호, 가입자식별번호(IMSI) 등 총 25종의 개인정보가 유출됐지만 이로 인한 금전 피해는 확인되지 않았다. 반면 KT는 개인정보 유출 외에도 불법 초소형 기지국(펨토셀)의 통신망 무단 접속으로 소액결제로 2억4300여만원 규모의 피해가 발생했다.민관합동조사단 조사 결과, KT 해킹 사고에서 개인정보 유출에 해당하는 가입자는 2만2000명이다. 그러나 피해 정도는 더 클 수 있다는 분석도 나온다. KT는 서버 내부 파일 접근 및 실행, 오류 등 동작을 기록하는 시스템 로그 보관 기관이 1∼2개월에 불과해 로그 기록이 남지 않은 기간에 대한 유출 여부는 확인이 어려워서다. SKT도 앞선 조사에서 악성코드가 통신망에 머문 3년 중 방화벽 로그가 약 5개월 치만 남아있어 논란이 된 바 있다.정부는 SKT와 KT가 같은 공격자에 의해 해킹을 당한 것 아니냐는 일각의 주장에 대해선 선을 그었다. 류 차관은 “SKT BPF도어 공격 패턴이나 기술적 분석을 통해 (KT 사태와) 유사성이 있다고 판단된다”면서도 “정확하게 같은 공격자인지 판단하는 데는 한계가 있다”고 말했다."
https://n.news.naver.com/mnews/article/028/0002783857?sid=105,2025-12-29 19:16:15,IT/과학,"과기부 “KT, 번호 이동·해지 위약금 모든 고객에 면제해야”","KT·LG U+ 침해사고 민관조사 결과류제명 과학기술정보통신부 제2차관이 29일 서울 종로구 정부서울청사에서 열린 케이티(KT)·엘지유플러스(LGU+) 침해사고 조사 결과 브리핑에서 취재진 질문에 답하고 있다. 연합뉴스과학기술정보통신부가 지난 9월 발생 사실이 알려진 케이티(KT) 무단 소액결제 사건과 관련해 번호이동이나 서비스를 해지하려는 전 고객을 대상으로 위약금 면제가 가능하다고 결론 내렸다. 케이티의 총체적인 펨토셀(초소형 기지국) 관리 부실이 사고 원인인 만큼, 케이티가 안전한 통신서비스를 제공해야 할 의무를 위반했다고 판단한 것이다. 또한 펨토셀을 통해 케이티 가입자의 휴대전화를 해킹해 무단 소액결제 사건을 저지른 일당이 지난해에도 같은 수법으로 범행을 시도한 정황이 경찰 수사를 통해 드러났다.케이티와 엘지유플러스(LG U+) 침해사고를 조사한 민관합동조사단과 경찰은 29일 서울 광화문 정부서울청사에서 이런 내용의 최종 조사 결과를 발표했다. 내용을 보면, 조사단은 지난 8~9월 케이티에서 발생한 무단 소액결제 사고의 원인으로 케이티의 펨토셀 보안 관리 부실에 따른 불법 펨토셀 접속 허용으로 판단했다. 또한 불법 펨토셀에 의해 암호화가 해제되면서 통화와 문자 등 결제 인증 정보가 탈취될 수 있다는 점도 확인했다. 과기정통부는 케이티의 과실이 발견된 점을 고려해 케이티가 전체 이용자를 대상으로 번호이동이나 서비스 해지 때 위약금을 면제해야 한다고 판단했다. 정부는 앞서 지난 7월 에스케이텔레콤(SKT) 침해사고 조사 결과 발표 때도 같은 결정을 내린 바 있다.경찰은 이번 사건과 관련해 펨토셀을 운영한 피의자 ㄱ씨 등 13명(구속 5명, 불구속 8명)을 검거하고 이 가운데 11명을 검찰에 송치했다고 밝혔다. 상선을 포함한 미검거한 2명은 인터폴을 통해 적색수배를 내렸다. 특히 경찰은 “범인들이 지난해 5월 불법 기지국(펨토셀)을 운영한 정황을 확인했다”고 밝혔다. 다만, 당시 펨토셀이 정상적으로 작동하지 않아 이들 범행은 실패했다고 한다.경찰은 이들이 사용한 케이티 인증서 가운데 하나는 2019년 7월 경기 북부의 한 군부대에 설치됐던 케이티 펨토셀의 인증서로 파악했다. 이 펨토셀은 2020년 막사 이전 과정에서 유실된 것으로 밝혀졌다. 경찰은 “상선이 이 장비를 알 수 없는 방법으로 입수해 저장된 인증서를 사용한 것으로 보인다”고 했다. 다만, 이들이 무단 소액 결제에 필요한 가입자 개인 정보를 언제, 어떻게 확보했는지는 경찰 수사로 밝혀져야 할 대목이다. 케이티가 2022년부터 지난해까지 비피에프도어(BPFDoor∙공격자만 드나들 수 있는 일종의 숨겨진 뒷문) 등 악성 코드 공격을 받았을 당시 외부로 유출된 정보를 범인이 입수했을 가능성도 제기되지만, 경찰은 이들 두 사건 사이의 직접적인 관련성에 대해서는 확인하기 어렵다는 입장이다.이날 민관합동조사단이 밝힌 케이티 무단 소액결제 사고 피해 현황은 지난 10월17일 케이티가 발표한 가입자 식별번호(IMSI) 등 정보유출 2만2227명, 소액결제 피해자 368명, 피해액 2억4300만원에서 늘지는 않았다. 케이티 기지국 접속기록 4조3백억건과 통신결제대행 기록 1억5천만건 등을 분석한 결과다. 다만 케이티가 정부에 신고하지 않고 자체 처리했다가 이번 조사 과정에서 뒤늦게 적발된 케이티 악성코드 감염 서버는 중간조사 시점 43대에서 최종 94대로 늘었다. 조사단은 케이티 전체 서버 점검과 감염서버 포렌식을 통해 총 94대의 서버가 비피에프도어 등 악성코드 103종에 감염됐음을 확인했다. 앞서 올 초 발생한 에스케이텔레콤 해킹 사건의 경우, 에스케이텔레콤은 악성코드 33종에 감염됐고 공급망 보안 관리 취약으로 악성코드 1종이 서버 88대에 유입된 것으로 파악됐는데, 케이티의 감염 범위가 보다 더 광범위한 것이다. 통신 결제 관련 데이터가 남아있지 않은 기간인 지난해 7월31일 이전의 피해 규모는 확인이 불가능해 추가 피해 여지는 미궁으로 남게 됐다.케이티는 이날 입장문을 내어 “민관 합동 조사단의 결과 발표를 엄중하게 받아들이며 고객 보상과 정보보안 혁신 방안이 확정되는 대로 조속히 발표할 예정”이라고 했다.엘지유플러스 침해사고 건은 증거 부족으로 조사가 불가능해 경찰에 수사를 의뢰하는 것으로 마무리됐다. 조사단은 지난 8월 미국 보안 전문지 프랙을 통해 제기된 엘지유플러스 해킹 의혹과 관련해 실제로 서버 계정 정보와 임직원 성명 등의 정보가 유출된 사실을 확인했으나, 엘지유플러스가 관련 서버 운영체제(OS)를 재설치하고 폐기해 조사가 불가능했다고 설명했다. 조사단은 엘지유플러스를 지난 9일 공무집행 방해 혐의로 경찰에 수사를 의뢰했다.한편, 정부는 실효성 논란이 일었던 ‘정보보호 및 개인정보보호 관리체계’(ISMS·ISMS-P) 인증취소 기준 구체화 방안을 확정해 시행하겠다고 밝혔다. 인증 기업이 개인정보 보호법 위반으로 과징금 등의 처분을 받은 경우 위반 행위의 중대성을 따져 인증을 취소한다는 것이 핵심이다. 특히 1천만명 이상의 피해가 발생하는 등 사회적 영향이 큰 경우에는 원칙적으로 인증을 취소한다는 방침이다."
https://n.news.naver.com/mnews/article/658/0000130669?sid=101,2025-12-29 19:20:12,경제,"정부, KT에 “전 이용자 위약금 면제”","과기부, 해킹사고 최종 조사결과 발표- 악성코드 103종 감염… SKT보다 심각정부가 해킹 방지를 소홀히 해 이용자에게 안전한 통신 서비스를 제공할 의무를 다하지 못한 책임을 물어 KT에 전 이용자를 대상으로 위약금 면제 조치를 할 것을 요구했다.서울 시내 한 KT 매장의 모습. 연합뉴스과학기술정보통신부는 29일 정부서울청사에서 서버 94대가 악성코드 103종에 감염돼 있었고 통화 정보가 유출될 위험이 있었던 KT가 이용자에 대한 위약금 면제 실시 대상에 해당한다는 내용을 골자로 한 KT 침해 사고 최종 조사 결과를 발표했다.민관 합동 조사단이 KT 서버 3만3000대를 6차례에 걸쳐 점검한 결과 서버 94대가 BPF도어(BPFDoor), 루트킷 등 악성코드 103종에 감염돼 있었다. 역대급 통신사 해킹 사건으로 지목된 SKT는 악성코드 33종에 감염됐고 공급망 보안 관리 취약으로 악성코드 1종이 서버 88대에 유입된 바 있는데 KT의 감염이 더 광범위한 것이다. KT는 지난해 3월 감염 서버를 발견하고도 정부에 알리지 않고 서버 41대에 대해 코드 삭제 등 자체 조치로 무마해 피해 파악이 늦어졌다.BPF도어 등 악성코드는 2022년 4월부터 인터넷 연결 접점이 있는 서버의 파일 업로드 과정의 취약점을 통해 서버에 침투한 것으로 파악됐다. 루트킷 등 악성코드는 방화벽, 시스템 로그 등 기록이 남지 않아 공격자의 침투 방법 등을 판단할 수 없었다. 서버 감염과 별도로 불법 초소형 기지국(펨토셀)이 통신망에 무단 접속해 국제이동가입자식별정보(IMSI), 국제단말기식별번호(IMEI), 전화번호 탈취 피해를 본 이용자는 2만2227명, 무단 소액결제 피해자는 368명, 피해액 2억4300만 원으로 중간 조사 결과와 변동이 없었다. 다만 통신 결제 관련 데이터가 남지 않은 기간인 지난해 7월 31일 이전의 피해 규모는 확인이 불가능해 추가 피해 여지는 미궁으로 남게 됐다.과기정통부는 KT 보안 조치의 총체적인 미흡이 위약금 면제 사유에 해당한다고 판단했다. 과기정통부는 KT가 위약금 면제 조치를 SKT의 사례에 준해 적용할 것으로 본다. SKT는 열흘간 위약금 면제를 적용했다.한편 과기정통부는 LGU+를 위계에 의한 공무집행방해로 경찰청에 수사 의뢰했다. LGU+가 당국에서 해킹 사고 정황을 안내한 이후에 서버 운영체계(OS)를 재설치 또는 폐기했기 때문이다."
https://n.news.naver.com/mnews/article/081/0003604816?sid=101,2025-12-30 05:02:24,경제,"KT, SKT보다 해킹 감염 컸다… 정부 “위약금 전액 면제하라”","통신사 중 최악 수준 해킹 드러나서버 94대·악성코드 103종 감염문자·통화 내용까지 유출될 위험정부, 전 이용자 위약금 면제 요구KT, 오늘 고객 보상안 논의 예정‘서버 폐기 정황’ LGU+ 경찰 수사정부가 해킹 방지를 소홀히 해 이용자에게 안전한 통신 서비스를 제공할 의무를 다하지 못한 책임을 물어 KT에 전 이용자를 대상으로 위약금 면제 조치를 할 것을 29일 요구했다. 과학기술정보통신부는 이날 정부서울청사에서 서버 94대가 악성코드 103종에 감염돼 있었고 통화 정보가 유출될 위험이 있었던 KT가 이용자에 대한 위약금 면제 실시 대상에 해당한다는 내용을 골자로 한 KT 침해 사고 최종 조사 결과를 발표했다. 사진은 이날 서울 시내 한 KT 매장의 모습. 2025.12.29 연합뉴스정부가 지난 9월 공개된 KT 해킹 사건의 최종 조사 결과를 29일 발표하며 전 이용자를 대상으로 중도 해지 위약금을 전액 면제하라고 요구했다. KT는 “고객 보상안을 조속히 발표하겠다”고 밝혔다.과학기술정보통신부가 이날 발표한 ‘KT 침해 사고 최종 조사 결과’에 따르면 KT 서버 3만 3000대를 점검한 결과 서버 94대가 BPF도어, 루트킷, 분산 서비스 거부(디도스) 공격형 코드 등 악성코드 103종에 감염된 것으로 확인됐다. 앞서 역대급 통신사 해킹 사건이 일어났다던 SK텔레콤은 28대 서버에서 BPF도어 계열 27종을 포함해 모두 33종의 악성코드 감염이 확인됐다. SKT보다 KT의 감염 범위가 더 광범위했던 것이다. 다만 개인정보 유출 규모 측면에선 SKT 2300만명, KT 2만 2000여명으로 SKT가 압도적으로 컸다.서버 감염과 별도로 불법 초소형 기지국(펨토셀)이 통신망에 무단 접속해 국제이동가입자식별정보(IMSI), 국제단말기식별번호(IMEI), 전화번호가 유출된 이용자는 2만 2227명, 무단 소액결제 피해자는 368명, 피해액은 2억 4300만원으로 중간 조사 결과와 같았다.민관합동조사단은 경찰이 무단 소액결제범들로부터 확보한 불법 펨토셀을 포렌식 분석한 결과 결제 인증 정보가 탈취된 사실을 파악하는 한편 이용자의 문자메시지와 통화 내용까지 빼내는 것이 가능하다는 점을 확인했다. 조사단은 “KT의 펨토셀 관리 체계가 전반적으로 부실해 불법 펨토셀이 KT 내부망에 언제 어디서든 접속할 수 있었다”면서 “인증 서버 IP의 주기적 변경과 대외비 관리 등 보안 관리 개선책을 마련하라”고 요구했다.과기정통부는 문자메시지와 음성 통화가 제삼자에게 새 나갈 위험성은 소액결제 피해를 본 일부 이용자에 국한된 것이 아닌 전체 이용자에 해당한다고 판단하고, KT 측에 모든 이용자를 대상으로 위약금을 면제할 것을 주문했다. KT는 30일 이사회를 열고 위약금 면제 범위와 고객 보상안을 논의해 발표할 예정이다.한편 LG유플러스는 허위 자료 제출과 서버 폐기 정황이 드러나 경찰 수사를 받게 됐다. 조사단은 통합 서버 접근제어 솔루션(APPM)과 연결된 정보가 유출된 것을 확인했으나, 익명 제보자가 제공한 자료와 회사가 제출한 자료가 서로 달랐다. 여기에 서버 운영체계(OS)를 폐기한 정황까지 드러나 조사단은 LG유플러스를 공무집행방해 혐의로 경찰에 수사를 의뢰했다."
https://n.news.naver.com/mnews/article/022/0004093759?sid=101,2025-12-30 06:03:25,경제,"‘해킹 침해’ KT, 위약금 면제안 30일 발표","정부, 전체 이용자 면제 압박하자KT, 2026년 1월 8일까지 적용 검토구체 방안은 이사회서 결정될LGU+ 공무집행 방해 수사 의뢰정부가 KT 해킹 사태와 관련, KT가 전체 이용자를 대상으로 위약금 면제에 나설 것을 촉구했다. KT는 30일 이사회 의결을 거쳐 위약금 면제 방안을 공식 발표한다.29일 서울 시내 한 통신사 대리점에 통신사 로고가 붙어 있다. 연합뉴스과학기술정보통신부는 29일 정부서울청사에서 발표한 KT·LG유플러스 침해 사고 최종 조사 결과에서 이같이 밝혔다.KT는 민관합동조사단 점검 결과, 총 서버 3만3000대 중 94대가 BPF도어 등 악성코드 103종에 감염된 것으로 확인됐다. 앞서 사상 최악의 통신사 해킹 사건으로 지목된 SK텔레콤 사건의 경우 서버 88대가 악성코드 33종에 감염됐었는데, KT의 감염 규모가 더 광범위한 것으로 나타났다.과기정통부는 이번 침해 사고가 KT 이용약관상 위약금 면제 규정에 해당하며, 면제 대상 또한 일부가 아닌 전체 이용자에 해당한다고 봤다. 조사단이 조사 결과를 바탕으로 로펌 등 5개 기관에 법률 자문을 진행한 결과, 4곳에서 KT의 과실이 인정된다고 판단했다.KT는 즉각 대응에 나섰다. KT는 내년 1월8일까지 고객이 가입 해지를 원할 경우 부과되는 위약금을 면제하는 방안을 검토 중인 것으로 전해졌다. 면제 대상은 올해 9월7일 기준 KT 모바일에 가입해 있으며 약정이 유지 중인 고객 등이다. KT 관계자는 “구체적인 면제 방안은 이사회에서 결정될 것”이라고 말했다.정부는 LG유플러스에 대해선 조사단 조사를 방해했다고 보고 위계에 의한 공무집행 방해로 경찰청에 수사를 의뢰했다. LG유플러스가 7월19일 당국으로부터 침해 사고 정황을 안내받은 뒤 관련 서버 운영체계(OS)를 재설치하거나 폐기한 사실이 드러나서다. 조사단은 LG유플러스의 통합 서버 접근제어 솔루션(APPM)과 연결된 정보가 유출된 것을 확인했지만, LG유플러스의 조치로 구체적인 침해 내용은 확인할 수 없었다."
https://n.news.naver.com/mnews/article/008/0005298138?sid=105,2025-12-30 09:00:00,IT/과학,"LGU+, 양자내성암호 기술 2건 표준으로 제정","양자내성암호 기반 네트워크·전자서명 기술 상용화(개념도) / 사진제공=LG유플러스LG유플러스가 제안한 양자내성암호 네트워크 기술과 전자서명 방식이 표준으로 제정됐다.LG유플러스는 양자컴퓨터 시대를 대비해 TTA(한국정보통신기술협회)에 제안한 △양자내성암호(PQC) 지원 소프트웨어 정의 네트워크(SDN) 인터페이스 △SOLMAE 전자서명 방식 등 2건이 표준으로 제정됐다고 30일 밝혔다.이 중 PQC 지원 SDN 인터페이스는 PQC 기능을 지원하는 암호화 장비(QENC)와 SDN을 연동하는 인터페이스다. 이 기술은 한국지능정보원(NIA)이 추진한 양자테스트베드 조성사업에 참여해 개발됐다. 국내 최초로 PQC 장비와 SDN을 연동하는 표준이라는 점에서 의미가 있다.LG유플러스는 ""이 기술을 활용하면 5G·6G, 데이터센터, 국가 기간망 등 초고속 네트워크 환경에서 보안성을 크게 강화할 수 있다""며 ""이번 표준 기술에 대한 특허 출원해 기술 경쟁력을 확보했다""고 했다.아울러 SOLMAE 전자서명 방식은 미국 국립표준기술연구소(NIST)가 정한 보안 기준을 만족하며 양자컴퓨터가 등장해도 안전하게 정보를 보호할 수 있도록 설계됐다. 메시지 무결성과 인증, 부인방지를 제공해 누군가 메시지를 바꾸거나 속이는 것을 막을 수 있다. 이 표준은 표준은 김광조 국제사이버보안연구원장(KAIST 명예교수)과 공동 제정했다.LG유플러스는 이번 기술을 기반으로 내년부터 공공기관과 금융권 시범사업을 추진하고, 6G 이동통신, 자율주행, 스마트팩토리 등 다양한 산업으로 확산할 계획이다.김종철 LG유플러스 유선기술담당은 ""이번 기술은 양자컴퓨터 시대를 대비한 국가 핵심 인프라 보안의 토대가 될 것""이라며 ""네트워크와 전자서명 전반에서 PQC 적용을 선도함으로써 글로벌 표준 경쟁에서도 우위를 확보하겠다""고 말했다."
https://n.news.naver.com/mnews/article/016/0002578687?sid=105,2025-12-30 09:01:09,IT/과학,"LGU+, 양자내성암호 기반 네트워크·전자서명 기술 상용화","국내 표준으로 인정…공공기관·금융·6G 통신에 적용 기대LG유플러스 용산 사옥 전경. [LG유플러스 제공][헤럴드경제=박혜림 기자] LG유플러스가 네트워크 및 전자서명 전반에 양자내성암호(PQC)를 적용하며 업계를 선도하고 있다.LG유플러스는 양자컴퓨터 시대를 대비해 한국정보통신기술협회(TTA)에 제안한 PQC 지원 소프트웨어 정의 네트워크(SDN) 인터페이스와 NTRU 격자 기반 ‘SOLMAE’ 전자서명 방식이 표준으로 제정됐다고 30일 밝혔다.이번 두 건의 표준 제정은 국가·산업 전반의 보안 체계를 강화하고, 글로벌 표준 경쟁에서 우위를 확보하기 위한 LG유플러스의 기술 전략이 반영된 결과다.첫 번째 표준은 양자 내성 암호 기능을 지원하는 암호화 장비(QENC)와 SDN 간 연동 인터페이스다. 이 기술은 한국지능정보원(NIA)이 추진한 양자테스트베드 조성사업에 참여해 개발됐다. 국내 최초로 PQC 장비와 SDN을 연동하는 표준이라는 점에서 의미가 크다. REST-API 기반 연동을 통해 실시간 상태 모니터링, 인증서 관리, 정책 설정이 가능하며, 범용성이 높은 웹 표준 방식으로 다양한 시스템과 쉽게 연결할 수 있다.LG유플러스의 양자내성암호 기반 네트워크·전자서명 기술 상용화 개념도. [LG유플러스 제공]이 기술을 활용하면 5G·6G, 데이터센터, 국가 기간망 등 초고속 네트워크 환경에서 보안성을 크게 강화할 수 있다. 특히 LG유플러스는 이번 표준 기술에 대한 특허를 출원해 기술 경쟁력을 확보했다.두 번째 표준은 SOLMAE 전자서명 방식이다. SOLMAE는 미국 국립표준기술연구소(NIST)가 정한 보안 기준을 만족하며 양자컴퓨터가 등장해도 안전하게 정보를 보호할 수 있도록 설계됐다. 메시지 무결성과 인증, 부인방지를 제공해 누군가 메시지를 바꾸거나 속이는 것을 막을 수 있다. 또 서명 크기를 최소화하고 효율적인 연산 방식을 지원해 자원이 제한적인 사물인터넷(IoT) 기기, 임베디드 기기에서도 활용할 수 있다. 해당 표준은 김광조 국제사이버보안연구원장 겸 KAIST 명예교수와 공동 제정한 것으로, 향후 PQC 알고리즘 표준을 선도하는 이정표가 될 것으로 기대된다.LG유플러스는 이번 기술을 기반으로 내년부터 공공기관과 금융권 시범사업을 추진하고, 6G 이동통신, 자율주행, 스마트팩토리 등 다양한 산업으로 확산할 계획이다.김종철 LG유플러스 유선기술담당은 “이번 기술은 양자컴퓨터 시대를 대비한 국가 핵심 인프라 보안의 토대가 될 것”이라며 “네트워크와 전자서명 전반에서 PQC 적용을 선도함으로써 글로벌 표준 경쟁에서도 우위를 확보하겠다”고 말했다."
https://n.news.naver.com/mnews/article/003/0013682676?sid=101,2025-12-30 09:02:10,경제,"LGU+, 양자내성암호 기반 네트워크·전자서명 기술 상용화","양자컴 환경에 맞춰 국내 처음 PQC·SDN 연동새로운 전자서명 방식으로 사물인터넷 등 사용국내 표준 제정…추후 6G 통신 비롯 적용 가능[서울=뉴시스] LG유플러스는 양자컴퓨터 시대를 대비해 한국정보통신기술협회(TTA)에 제안한 양자내성암호(PQC) 기반 네트워크와 전자서명 방식이 표준으로 제정됐다고 30일 밝혔다. (사진=LGU+ 제공) 2025.12.30. photo@newsis.com *재판매 및 DB 금지[서울=뉴시스]박은비 기자 = LG유플러스는 양자컴퓨터 시대를 대비해 한국정보통신기술협회(TTA)에 제안한 양자내성암호(PQC) 기반 네트워크와 전자서명 방식이 표준으로 제정됐다고 30일 밝혔다.이번 표준 제정은 국가·산업 전반의 보안 체계를 강화하고 글로벌 표준 경쟁에서 우위를 확보하기 위한 LG유플러스 기술 전략이 반영된 결과라는 게 회사 설명이다.첫번째 표준은 양자내성암호 기능을 지원하는 암호화장비(QENC)와 소프트웨어 정의 네트워크(SDN)간 연동 인터페이스다. 이 기술은 한국지능정보원(NIA)이 추진한 양자테스트베드 조성사업에 참여해 개발됐다. 국내에서 처음 PQC 장비와 SDN을 연동하는 표준이다. 실시간 상태 모니터링, 인증서 관리, 정책 설정이 가능하며, 범용성이 높은 웹 표준 방식으로 다양한 시스템과 쉽게 연결 가능하다.이 기술을 활용하면 5G·6G, 데이터센터, 국가 기간망 등 초고속 네트워크 환경에서 보안성을 크게 강화할 수 있다. 특히 LG유플러스는 이번 표준 기술에 대한 특허를 출원해 기술 경쟁력을 확보했다.두번째 표준은 SOLMAE 전자서명 방식이다. SOLMAE는 미국 국립표준기술연구소(NIST)가 정한 보안 기준을 만족하며 양자컴퓨터가 등장해도 안전하게 정보를 보호할 수 있도록 설계됐다. 메시지 무결성과 인증, 부인 방지를 제공해 누군가 메시지를 바꾸거나 속이는 것을 막을 수 있다. 또 서명 크기를 최소화하고 효율적인 연산 방식을 지원해 자원이 제한적인 사물인터넷(IoT) 기기, 임베디드 기기에서도 활용 가능하다.LG유플러스는 이번 기술을 기반으로 내년부터 공공기관과 금융권 시범 사업을 추진하고 6G 이동통신, 자율주행, 스마트팩토리 등 다양한 산업으로 확산할 계획이다.김종철 LG유플러스 유선기술담당은 ""이번 기술은 양자컴퓨터 시대를 대비한 국가 핵심 인프라 보안의 토대가 될 것""이라며 ""네트워크와 전자서명 전반에서 PQC 적용을 선도해 글로벌 표준 경쟁에서도 우위를 확보하겠다""고 말했다."
https://n.news.naver.com/mnews/article/031/0000992916?sid=105,2025-12-30 09:20:08,IT/과학,"LGU+, 양자내성암호·전자서명 기술 TTA 표준 제정","PQC 지원 SDN 인터페이스·SOLMAE 전자서명…공공·금융 시범사업 추진LG유플러스는 양자컴퓨터 시대를 대비해 한국정보통신기술협회(TTA)에 제안한 양자내성암호(PQC) 기반 네트워크와 전자서명 방식이 표준으로 제정됐다고 30일 밝혔다. 이번 표준 제정은 국가·산업 전반의 보안 체계 강화를 목표로 한 기술 전략의 결과라는게 회사 측 설명이다.LG유플러스는 양자컴퓨터 시대를 대비해 한국정보통신기술협회(TTA)에 제안한 양자내성암호(PQC) 기반 네트워크와 전자서명 방식이 표준으로 제정됐다고 30일 밝혔다. [사진=LGU+]첫 번째 표준은 양자내성암호 기능을 지원하는 암호화 장비(QENC)와 소프트웨어 정의 네트워크(SDN) 간 연동 인터페이스다. 한국지능정보원이 추진한 양자테스트베드 조성사업을 통해 개발됐다. 국내 최초로 PQC 장비와 SDN 연동을 표준화했다. REST-API 기반으로 실시간 상태 모니터링과 인증서 관리, 정책 설정을 지원한다.이 기술은 5G·6G, 데이터센터, 국가 기간망 등 초고속 네트워크 환경에서 보안성을 높일 수 있다. LG유플러스는 관련 기술에 대해 특허도 출원했다.두 번째 표준인 SOLMAE 전자서명 방식은 미국 국립표준기술연구소 보안 기준을 만족한다. 양자컴퓨터 등장 이후에도 메시지 무결성과 인증, 부인방지를 제공한다. 서명 크기를 줄이고 연산 효율을 높여 IoT·임베디드 기기에서도 활용할 수 있다. 이 표준은 김광조 KAIST 명예교수와 공동 제정했다.LG유플러스는 내년부터 공공기관과 금융권을 대상으로 시범사업을 추진한다. 6G 이동통신, 자율주행, 스마트팩토리 등으로 적용 범위를 확대할 계획이다.김종철 LG유플러스 유선기술담당은 ""이번 기술은 양자컴퓨터 시대를 대비한 국가 핵심 인프라 보안의 토대가 될 것""이라며 ""네트워크와 전자서명 전반에서 PQC 적용을 선도해 글로벌 표준 경쟁에서도 우위를 확보하겠다""고 말했다."
https://n.news.naver.com/mnews/article/014/0005455699?sid=105,2025-12-30 09:31:13,IT/과학,"LG U+, 양자내성암호 기반 네트워크·전자서명 기술 상용화","양자내성암호 기반 네트워크·전자서명 기술 상용화 개념도. LG유플러스 제공[파이낸셜뉴스] LG유플러스는 양자컴퓨터 시대를 대비해 한국정보통신기술협회(TTA)에 제안한 양자내성암호(PQC) 지원 소프트웨어 정의 네트워크(SDN) 인터페이스와 '솔매(SOLMAE)’ 전자서명 방식이 표준으로 제정됐다고 30일 밝혔다.LG유플러스는 이번 두 건의 표준 제정은 국가·산업 전반의 보안 체계를 강화하고, 글로벌 표준 경쟁에서 우위를 확보하기 위한 LG유플러스의 기술 전략이 반영된 결과라고 설명했다.첫 번째 표준은 양자 내성 암호 기능을 지원하는 암호화 장비(QENC)와 SDN 간 연동 인터페이스다. 이 기술은 한국지능정보원(NIA)이 추진한 양자테스트베드 조성사업에 참여해 개발됐으며, 국내 최초로 PQC 장비와 SDN을 연동하는 표준이다.이 기술을 활용하면 5G·6G, 데이터센터, 국가 기간망 등 초고속 네트워크 환경에서 보안성을 크게 강화할 수 있다. 특히 LG유플러스는 이번 표준 기술에 대한 특허 출원해 기술 경쟁력을 확보했다.SOLMAE는 미국 국립표준기술연구소(NIST)가 정한 보안 기준을 만족하며 양자컴퓨터가 등장해도 안전하게 정보를 보호할 수 있도록 설계됐다. 메시지 무결성과 인증, 부인방지를 제공해 누군가 메시지를 바꾸거나 속이는 것을 막을 수 있다. 또 서명 크기를 최소화하고 효율적인 연산 방식을 지원해 자원이 제한적인 사물인터넷(IoT) 기기, 임베디드 기기에서도 활용할 수 있다. 해당 표준은 김광조 국제사이버보안연구원장과 공동 제정한 것으로, 향후 PQC 알고리즘 표준을 선도하는 이정표가 될 것으로 기대된다.LG유플러스는 이번 기술을 기반으로 내년부터 공공기관과 금융권 시범사업을 추진하고, 6G 이동통신, 자율주행, 스마트팩토리 등 다양한 산업으로 확산할 계획이다.김종철 LG유플러스 유선기술담당은 “이번 기술은 양자컴퓨터 시대를 대비한 국가 핵심 인프라 보안의 토대가 될 것”이라며 “네트워크와 전자서명 전반에서 PQC 적용을 선도함으로써 글로벌 표준 경쟁에서도 우위를 확보하겠다”고 말했다."
https://n.news.naver.com/mnews/article/030/0003385149?sid=105,2025-12-30 09:43:10,IT/과학,"LGU+, 양자내성암호 기반 네트워크·전자서명 상용화 선도","양자내성암호 기반 네트워크·전자서명 상용화 개념도LG유플러스는 양자컴퓨터 시대를 대비해 한국정보통신기술협회(TTA)에 제안한 양자내성암호(PQC) 지원 SDN 인터페이스와 NTRU 격자 기반 'SOLMAE' 전자서명 방식이 표준으로 제정됐다고 밝혔다.이번 두 건의 표준 제정은 국가·산업 전반의 보안 체계를 강화하고 글로벌 표준 경쟁에서 우위를 확보하기 위함이다.첫 번째 표준은 양자 내성 암호 기능을 지원하는 암호화 장비(QENC)와 소프트웨어 정의 네트워크(SDN) 간 연동 인터페이스다. REST-API 기반 연동을 통해 실시간 상태 모니터링, 인증서 관리, 정책 설정이 가능하며, 범용성이 높은 웹 표준 방식으로 다양한 시스템과 쉽게 연결할 수 있다.이 기술을 활용하면 5G·6G, 데이터센터, 국가 기간망 등 초고속 네트워크 환경에서 보안성을 크게 강화할 수 있다. 특히 LG유플러스는 이번 표준 기술에 대한 특허 출원해 기술 경쟁력을 확보했다.두 번째 표준은 SOLMAE 전자서명 방식이다. SOLMAE는 미국 국립표준기술연구소(NIST)가 정한 보안 기준을 만족하며 양자컴퓨터가 등장해도 안전하게 정보를 보호할 수 있도록 설계됐다. 메시지 무결성과 인증, 부인방지를 제공해 누군가 메시지를 바꾸거나 속이는 것을 막을 수 있다. 자원이 제한적인 IoT 기기, 임베디드 기기에서도 활용할 수 있다.LG유플러스는 이번 기술을 기반으로 내년부터 공공기관과 금융권 시범사업을 추진하고, 6G 이동통신, 자율주행, 스마트팩토리 등 다양한 산업으로 확산할 계획이다.김종철 LG유플러스 유선기술담당은 “이번 기술은 양자컴퓨터 시대를 대비한 국가 핵심 인프라 보안의 토대가 될 것”이라며 “네트워크와 전자서명 전반에서 PQC 적용을 선도함으로써 글로벌 표준 경쟁에서도 우위를 확보하겠다”고 말했다."
https://n.news.naver.com/mnews/article/421/0008686117?sid=105,2025-12-30 10:24:35,IT/과학,"LGU+, 양자내성암호 기반 기술 표준화 이끈다","양자내성암호 기반 네트워크·전자서명 기술 표준 제정LG유플러스 양자내성암호 기반 네트워크·전자서명 기술 상용화 개념도 (LGU+ 제공)(서울=뉴스1) 이기범 기자 = LG유플러스(032640)는 양자컴퓨터 시대에 대비해 자사가 제시한 양자내성암호(PQC) 기반 네트워크 및 전자서명 기술이 표준으로 제정됐다고 31일 밝혔다.PQC는 현존 슈퍼컴퓨터보다 연산 속도가 1000만배 빠른 양자컴퓨터를 이용한 공격에 대응하기 위한 암호 기술이다. 양자컴퓨터가 암호 해독이 어려운 수학적 알고리즘에 기반한다.LG유플러스가 한국정보통신기술협회(TTA)에 제안해 표준으로 제정된 기술은 PQC 지원 소프트웨어 정의 네트워크(SDN) 인터페이스와 SOLMAE 전자서명 방식 두 건이다.PQC 기능을 지원하는 암호화 장비(QENC)와 SDN 간 연동 인터페이스는 한국지능정보원(NIA)이 추진한 양자테스트베드 조성사업에 참여해 개발됐다. 범용성이 높은 웹 표준 방식으로 다양한 시스템과 쉽게 연결할 수 있다.LG유플러스는 해당 기술을 활용하면 5G·6G, 데이터센터, 국가 기간망 등 초고속 네트워크 환경에서 보안성을 크게 강화할 수 있다고 설명했다.SOLMAE 전자서명 방식은 미국 국립표준기술연구소(NIST)가 정한 보안 기준을 만족하며 양자컴퓨터가 등장해도 안전하게 정보를 보호할 수 있도록 설계됐다. 메시지 무결성과 인증, 부인 방지를 제공해 누군가 메시지를 바꾸거나 속이는 것을 막을 수 있다.LG유플러스는 이번 기술을 기반으로 내년부터 공공기관과 금융권 시범사업을 추진하고, 6G 이동통신, 자율주행, 스마트팩토리 등 다양한 산업으로 확산할 계획이다.김종철 LG유플러스 유선기술담당은 ""이번 기술은 양자컴퓨터 시대를 대비한 국가 핵심 인프라 보안의 토대가 될 것""이라며 ""네트워크와 전자서명 전반에서 PQC 적용을 선도함으로써 글로벌 표준 경쟁에서도 우위를 확보하겠다""고 말했다."
https://n.news.naver.com/mnews/article/008/0005298206?sid=101,2025-12-30 10:26:51,경제,"K-뷰티, 대형면세점 손 잡고 매출 2배↑…'토리든', 상생 통해 세계로","토리든 제품.유통망 확보는 중소기업의 최대 난제다. 이 한계를 뚫고 K-뷰티 흥행 주역으로 떠오른 기업이 있다. 스킨케어 브랜드 '토리든'이다.토리든은 2015년 설립됐다. '건강한 피부가 일상과 사회의 긍정까지 물들인다'는 사명을 내걸었다. 정직한 성분과 세밀한 흡수력을 앞세워 성장세를 이어오고 있다.출발점은 권인구 공동대표의 개인적 경험이다. 예민한 피부로 고민하던 그는 저자극 세안 비누를 첫 아이템으로 택했다. 장벽은 높았다.화장품 제조에 진입장벽이 있었던 2016년 당시 소량 제작을 받아주는 공장을 찾기 힘들었다. 상품을 함께 개발할 수 있는 파트너를 찾던 중 공동대표인 이윤희 대표를 만나 본격적인 항해를 시작했다.첫 비누 사업은 고전했다. 두 대표는 기본으로 돌아갔다. 예민한 피부의 바탕을 다지기 위해 피부의 가장 기초가 되는 '수분'에 집중했다. 모든 브랜드의 수분 제품들을 블라인드 테스트했다. 우리만의 구분되는' 사용감을 만들어 나갔고 지금의 토리든이 탄생했다.토리든의 대표 제품은 2018년 출시된 '다이브인 세럼'이다. ''기존 히알루론산 제품은 겉은 촉촉해도 속 건조가 해결되지 않는다'는 소비자의 목소리에 귀를 기울였다. 다양한 분자 크기의 히알루론산을 조합했다. 저분자부터 고분자까지 배합한 히알루론산으로 차별화에 성공했다. 피부 속 보습을 가능하게 한 제품을 만들었고 기술력도 확인됐다. 남은 건 유통이었다.토리든 직원들이 제품 개발을 위해 다른 제품들과 함께 상의를 하고 있다. 토리든은 모든 브랜드의 수분 제품들을 블라인드 테스트했다./사진=한유원 제공.이때 토리든은 중소벤처기업부, 한국중소벤처기업유통원(한유원)이 주관하는 '대형유통망 진출지원' 사업을 만났다. 신세계면세점 지원 대상으로 선정돼 인천공항 제2터미널 입점에 성공했다. 새 판로가 열린 셈이다.'대형유통망 연계 지원' 사업은 한유원이 운영하고 있는 '중소기업 마케팅 지원사업'의 일환으로 민간 대형 유통채널이 보유한 오프라인 판로에 중소기업 제품의 입점을 지원하는 사업이다.올해 협업을 진행하는 대형 유통채널은 △신세계면세점 △LG U+ △코레일유통으로 총 3곳이다. 지원대상으로 선정된 중소기업은 원하는 유통채널의 오프라인 판로를 통해 제품을 홍보, 판매할 수 있는 기회를 제공받게 된다.토리든 관계자는 ""최근 K-관광 수요가 증가하면서 오프라인 매장 방문 자체가 구매 동선이 되고 있기 때문에 '대형유통망 연계 지원' 사업에 참여를 결정했다""며 ""특히 체험·상담 기반의 오프라인 접점이 외국인 고객 유입 측면에서도 전략적 가치가 있다고 생각했다""고 말했다.이어 ""지원사업을 통해 신세계면세점 내 매장을 디스플레이 할 수 있는 공간, 각종 제품 홍보와 쿠폰 등을 지원받았다""며 ""다양한 채널과 연계된 프로모션을 통해 신규 고객 유입 및 매장 방문 전환이 이뤄진 점도 만족스러웠다""고 밝혔다.그러면서 ""특히 인천공항 T2 매장에서 고객 접점이 확대돼 브랜드 노출을 통해 높은 홍보효과를 거두고 있으며 지원사업에 참여한 후 전년 동기 대비 신세계면세점 매출이 2배 증가한 상황""이라며 ""이번 지원사업 참여를 통해 브랜드와 대형 유통망이 함께 성장할 수 있는 상생의 구조가 마련됐다고 생각하고 앞으로도 지속적인 소통과 실질적 지원 프로그램이 중소기업에게 계속 제공된다면 더 큰 시너지 효과를 거둘 수 있을 것으로 생각한다""고 덧붙였다."
https://n.news.naver.com/mnews/article/001/0015820229?sid=105,2025-12-30 11:21:38,IT/과학,"LGU+, 양자내성암호 기반 네트워크·전자서명 기술 상용화","양자컴퓨팅 환경 맞춰 국내 최초 PQC-SDN 연동[LG유플러스 제공. 재판매 및 DB 금지](서울=연합뉴스) 박형빈 기자 = LG유플러스는 양자컴퓨터 시대에 대비해 자사가 한국정보통신기술협회(TTA)에 제안한 양자내성암호(PQC) 기반 네트워크·전자서명 기술이 표준으로 제정됐다고 30일 밝혔다.첫 번째 표준은 양자 내성 암호 기능을 지원하는 암호화 장비(QENC)와 소프트웨어 정의 네트워크(SDN) 간 연동 인터페이스다.국내 최초로 PQC 장비와 SDN을 연동하는 표준이라는 점에서 의미가 있다고 LG유플러스는 설명했다.이 기술을 활용하면 5G·6G, 데이터센터, 국가 기간망 등 초고속 네트워크 환경에서 보안성을 크게 강화할 수 있다.두 번째 표준으로 제정된 SOLMAE 전자서명 방식은 미국 국립표준기술연구소(NIST)가 정한 보안 기준을 만족해 양자컴퓨터가 등장해도 안전하게 정보를 보호할 수 있도록 설계됐다. 메시지 무결성과 인증, 부인방지를 제공해 누군가 메시지를 바꾸거나 속이는 것을 막을 수 있다.LG유플러스는 이번 기술을 기반으로 내년부터 공공기관과 금융권 시범사업을 추진하고, 6G 이동통신, 자율주행, 스마트팩토리 등 다양한 산업으로 확산할 계획이다.김종철 LG유플러스 유선기술담당은 ""이번 기술은 양자컴퓨터 시대를 대비한 국가 핵심 인프라 보안의 토대가 될 것""이라며 ""네트워크와 전자서명 전반에서 PQC 적용을 선도함으로써 글로벌 표준 경쟁에서도 우위를 확보하겠다""고 말했다.binzz@yna.co.kr"
https://n.news.naver.com/mnews/article/016/0002578916?sid=105,2025-12-30 11:38:08,IT/과학,"LGU+,   PQC 기반 네트워크·전자서명 상용화","국내표준 인정…공공기관 적용 기대LG유플러스가 네트워크 및 전자서명 전반에 양자내성암호(PQC)를 적용하며 업계를 선도하고 있다.LG유플러스는 양자컴퓨터 시대를 대비해 한국정보통신기술협회(TTA)에 제안한 PQC 지원 소프트웨어 정의 네트워크(SDN) 인터페이스와 NTRU 격자 기반 ‘SOLMAE’ 전자서명 방식이 표준으로 제정됐다고 30일 밝혔다.이번 두 건의 표준 제정은 국가·산업 전반의 보안 체계를 강화하고, 글로벌 표준 경쟁에서 우위를 확보하기 위한 LG유플러스의 기술 전략이 반영된 결과다.첫 번째 표준은 양자 내성 암호 기능을 지원하는 암호화 장비(QENC)와 SDN 간 연동 인터페이스다. 이 기술은 한국지능정보원(NIA)이 추진한 양자테스트베드 조성사업에 참여해 개발됐다. 국내 최초로 PQC 장비와 SDN을 연동하는 표준이라는 점에서 의미가 크다. REST-API 기반 연동을 통해 실시간 상태 모니터링, 인증서 관리, 정책 설정이 가능하며, 범용성이 높은 웹 표준 방식으로 다양한 시스템과 쉽게 연결할 수 있다.이 기술을 활용하면 5G·6G, 데이터센터, 국가 기간망 등 초고속 네트워크 환경에서 보안성을 크게 강화할 수 있다. 특히 LG유플러스는 이번 표준 기술에 대한 특허를 출원해 기술 경쟁력을 확보했다.두 번째 표준은 SOLMAE 전자서명 방식이다. SOLMAE는 미국 국립표준기술연구소(NIST)가 정한 보안 기준을 만족하며 양자컴퓨터가 등장해도 안전하게 정보를 보호할 수 있도록 설계됐다. 메시지 무결성과 인증, 부인방지를 제공해 누군가 메시지를 바꾸거나 속이는 것을 막을 수 있다.LG유플러스는 이번 기술을 기반으로 내년부터 공공기관과 금융권 시범사업을 추진하고, 6G 이동통신, 자율주행, 스마트팩토리 등 다양한 산업으로 확산할 계획이다.김종철 LG유플러스 유선기술담당은 “이번 기술은 양자컴퓨터 시대를 대비한 국가 핵심 인프라 보안의 토대가 될 것”이라고 말했다. 박혜림 기자"
https://n.news.naver.com/mnews/article/277/0005700199?sid=105,2025-12-30 12:00:00,IT/과학,5G 서비스 안정성 SKT-LG유플-KT 순…속도는 KT-SKT-LG유플,"고속철도·지하철 중심 품질미흡 확인농어촌 지역, 대도시 대비 통신망 안정성 낮아이동통신 3사의 서비스 품질 점검 결과, 빠른 속도가 요구되는 고화질 영상 스트리밍에서 SK텔레콤과 LG유플러스, KT의 순서대로 서비스 안정성이 높은 것으로 나타났다. 5G 다운로드 속도만 놓고 봤을 땐 SKT-KT-LG U+의 순서로 속도가 빠른 것으로 집계됐다.과학기술정보통신부와 한국지능정보사회진흥원(NIA)은 이 같은 내용의 2025년 통신서비스 커버리지 점검 및 품질평가 실시 결과를 발표했다고 30일 밝혔다.윤석열 대통령 탄핵소추안 재표결을 앞둔 12일 서울 여의도 국회 인근에서 통신사 작업자들이 원활한 통신 사용을 위해 기지국을 설치하고 있다. 강진형 기자올해 평가는 이용자가 체감하는 품질과 실제 이용환경을 반영하는 데 중점을 뒀다. 전년 대비 전체 평가 대상을 200곳 늘렸고, 농어촌 지역과 실내 시설에서의 측정도 확대했다. 옥외 지역 측정 대상도 전년도 측정에서 낮은 평가를 받은 지역을 중심으로 평가하는 등 이용자 불편이 예상되는 지역을 집중 측정했다.특히 주요 서비스별 요구속도 충족률을 도입, 이용자가 주로 사용하는 서비스별 요구속도를 산출했다. 이후 전체 측정값 중 요구속도 이상이 측정된 비율인 '요구속도 충족률'을 발표하기로 했다. 기존 품질평가는 최신 사양의 단말, 배터리 완충 등 최상의 조건에서 측정된 전송속도를 평균으로 발표해 이용자가 체감하는 품질과 다르다는 지적이 있었다.요구속도 충족률은 통신서비스의 안정성을 확인할 수 있는 지표로, 평균속도가 같더라도 요구속도 충족률이 높으면 품질의 편차가 작아 안정적인 서비스가 제공되는 것으로 볼 수 있다.과학기술정보통신부와 한국지능정보사회진흥원(NIA)은 2025년 통신서비스 커버리지 점검 및 품질평가 실시 결과를 발표했다고 30일 밝혔다. 이동통신 3사의 요구속도 충족률. 과학기술정보통신부 제공조사 결과 빠른 속도가 요구되는 고화질 스트리밍(100Mbps) 기준 전국 요구속도 충족률은 98.18%로 나타났다. 사업자별로는 SKT 98.39%, LG U+ 98.28%, KT 97.88% 순이다.다만 5Mbps 수준의 속도가 요구되는 웹검색(99.81%)이나 20Mbps가 요구되는 사회관계망서비스(SNS) 숏폼(99.46%)은 모두 99% 이상 요구속도 충족률을 나타내 안정적인 품질이 제공되는 것으로 집계됐다.지역별로 요구속도 충족률(고화질 스트리밍 기준)을 살펴보면 ▲옥외지역 98.1% ▲실내시설 98.73% ▲지하철 98.56% ▲고속도로 97.12% ▲고속철도 81.44%로 나타났다.도시 규모별 요구속도 충족률은 ▲대도시 99.08% ▲농어촌 96.05%로 농어촌 지역이 대도시 대비 3.03%포인트 낮은 것으로 나타났다. 통신 3사가 공동으로 구축한 농어촌 공동망 지역 요구속도 충족률은 ▲SKT 공동망 96.94% ▲LG U+ 공동망 96.37% ▲KT 공동망 95.5%로 나타났다. 농어촌 공동망은 농어촌 지역의 5G망을 통신 3사가 나눠서 구축한 뒤 사업자들이 공동 활용하는 것을 뜻한다.과학기술정보통신부와 한국지능정보사회진흥원(NIA)은 2025년 통신서비스 커버리지 점검 및 품질평가 실시 결과를 발표했다고 30일 밝혔다. 이동통신 3사의 5G 속도. 과학기술정보통신부 제공전국 5G 평균 다운로드 속도는 973.55Mbps로 전년(1025.52Mbps) 대비 약 52Mbps 줄었다. 다만 과기정통부는 5G와 LTE 단말을 동시 측정한 영향이라고 설명했다. 5G 비단독모드(NSA) 방식에서 5G와 LTE 기지국 자원을 온전히 활용하던 지난해와 달리, 올해는 LTE 자원의 일부가 LTE 평가에 활용된 만큼 줄어들어 단순 비교하기 어렵다는 취지다.5G와 LTE를 동시에 활용하는 망을 통한 다운로드 속도는 KT 1030.25Mbps, SKT 1024.5Mbps, LG U+ 865.88Mbps 순으로 조사됐다.5G 커버리지 점검 결과, 5G 접속가능비율은 97.69%로 나타났다. 5G 신호 세기를 측정해 접속가능비율을 확인하고, 기준 이하의 신호 세기가 10% 이상 확인된 경우 접속미흡으로 구분하는 방식이다. 접속가능비율이 90% 이하인 접속 미흡시설은 27개소(LGU+ 17개소, SKT 14개소, KT 14개소·사업자별 일부 지역 중복)로 확인됐다.5G 품질 미흡 지역은 32개소(5.3%)로 확인됐는데, 주로 지하철과 고속철도 구간에서 품질 미흡이 확인됐다. 특히 지난해 품질 미흡이 확인된 고속철도 19개 구간의 재점검 결과, 14개 구간은 개선됐지만 KTX 천안아산-오송-대전-김천구미 등 5개 구간은 여전히 미개선된 것으로 확인됐다.과기정통부는 품질 문제가 반복 발생하는 고속철도에 대해 공동망 2.0 기술을 적용할 예정이다.다. 이를 통해 2026년까지 경부선, 호남선을 우선 개선하고, 2027년까지는 고속철도 전 구간 품질을 개선할 계획이다.전국 LTE 평균 다운로드 속도는 96.18Mbps로 나타났다. 지역유형별 LTE 평균속도는 ▲실내시설 97.56Mbps ▲옥외지역 90.81Mbps ▲지하철 123.16Mbps ▲고속도로 113.80Mbps ▲고속철도 116.16Mbps로 집계됐다.와이파이(WiFi) 속도 측정에서 다운로드 속도는 ▲상용 와이파이 408.37Mbps ▲개방 와이파이 426.88Mbps ▲공공 와이파이 400.48Mbps 등으로 나타났다.과기정통부는 평가 결과에 따른 접속·품질 미흡지역 목록을 공개하고 통신사들에 개선을 요구해 다음 평가에서 개선 여부를 재점검할 예정이다.최우혁 과기정통부 네트워크정책실장은 ""앞으로도 실내, 지하, 교통시설, 농어촌 등 취약지역을 중심으로 품질 측정과 평가 방식을 지속 고도화할 것""이라며 ""2026년 5G 단독모드(SA)에 대비한 지표 개발과 평가를 통해 통신 인프라 고도화를 촉진하는 한편, 이용자 체감 중심의 품질 향상을 꾸준히 견인해 나가겠다""고 밝혔다."
https://n.news.naver.com/mnews/article/003/0013683390?sid=105,2025-12-30 12:00:00,IT/과학,"LTE 아직 쓸 만 하네…""숏폼 영상 10번 볼 때 한번 끊기는 정도""","과기정통부·NIA, 통신서비스 품질평가 결과 공개웹 검색, 영상회의 등 68.45~98.95% 안정적 수준다운로드 기준 평균 LTE 전송속도는 96.18Mbps영상회의 기준 요구속도 충족률 SKT·KT·LGU+ 순[서울=뉴시스] 과학기술정보통신부가 한국지능정보사회진흥원(NIA)과 실시한 올해 통신서비스 커버리지 점검 및 품질평가 결과를 공개했다. 사진은 LTE 서비스 품질 지표 평가 결과. (사진=과기정통부 제공) 2025.12.30. photo@newsis.com *재판매 및 DB 금지[서울=뉴시스]박은비 기자 = 올해 SK텔레콤, KT, LG유플러스 등 이동통신3사의 LTE 통신망 서비스 이용 속도가 안정적인 수준인 것으로 나타났다. 웹 검색, 사회관계망서비스(SNS) 숏폼, 영상회의 등을 이용할 때 요구속도 충족률 68.45~98.95%다. 통신망이 불안정하거나 품질이 낮은 지역에서 웹검색은 10회 중 2회, SNS 숏폼은 10회 중 1회, 영상회의는 10회 중 2~3회 끊김·멈춤 등 불편을 겪는 정도라는 의미다.30일 과학기술정보통신부가 한국지능정보사회진흥원(NIA)과 실시한 올해 통신서비스 커버리지 점검 및 품질평가 결과 이통3사의 평균 LTE 전송속도(다운로드 기준) 96.18Mbps다.지난해 평균속도는 178.05Mbps다. 지난해까지 5G 영향을 배제하고 LTE망 품질을 별도 측정한 것과 달리 올해부터 LTE 자원 일부가 5G망에서 활용되는 이용환경을 반영해 5G, LTE를 동시 측정해 단순 비교는 어렵다.지역유형별 평균속도는 실내시설 97.56Mbps, 옥외지역 90.81Mbps, 지하철 123.16Mbps, 고속도로 113.80Mbps, 고속철도 116.16Mbps였다.도시 규모별로는 대도시 93.41Mbps, 중소도시 91.04Mbps, 농어촌 109.42Mbps로 나타났다. 이와 관련 5G 공동망 지역에서는 5G 비단독모드(NSA) 방식이라도 LTE 기지국이 5G 단말에 데이터 전송 없이 신호 제어만을 담당해 5G 서비스를 위한 LTE 자원 소모가 없기 때문으로 풀이된다.영상회의(45Mbps) 기준 전국 요구속도 충족률은 74.2%다. 사업자별로는 SK텔레콤 82.16%, KT 72.04%, LG유플러스 68.45%였다. 이는 전국 LTE망은 영상회의를 이용할 때 10회 중 2~3회는 끊김이나 멈춤 등 속도 저하에 따른 불편을 겪을 수 있다는 의미다.영상회의의 지역유형별 요구속도 충족률은 옥외지역 72.22%, 지하철 85.06%, 고속도로 79%, 고속철도 77.82%, 실내시설 74.8%로 확인됐다. 도시 규모별 요구속도 충족률은 대도시 75.83%, 농어촌 지역 69.33%로 농어촌 지역이 대도시 대비 6.5%포인트 낮았다.전체 600개 점검지역 중 LTE 서비스 품질 미흡은 58개(9.6%) 지역에서 나타났다. 실내시설 6개(LG유플러스 4개, SK텔레콤 2개), 지하철 44개 구간(SK텔레콤 22개, KT 21개, LG유플러스 7개·사업자별로 중복된 구간 존재)과 KTX, SRT 고속철도 경부·호남선 등 8개 구간(SK텔레콤 6개, KT 3개·사업자별로 중복된 구간 존재)에서 주로 발견됐다.지난해 품질이 미흡했던 고속철도 7개 구간은 이번 점검에서 모두 개선됐다. LTE 품질 미흡은 기준 속도(6Mbps)를 넘지 못하는 비율이 10% 이상 측정되는 지역을 말한다．"
https://n.news.naver.com/mnews/article/003/0013683383?sid=105,2025-12-30 12:00:00,IT/과학,"5G 품질 측정해보니…고화질 영상 볼 땐 SKT, 평균 속도 KT 가장 빨랐다","과기정통부, 5G 통신서비스 품질평가 결과3사 평균 속도 기준 KT>SKT>LGU+ 순고화질 영상 스트리밍 등에선 반전…SKT>LGU+>KT[서울=뉴시스] 과학기술정보통신부와 한국지능정보사회진흥원은 30일 이 같은 내용을 담은 2025년 통신서비스 품질평가 결과를 발표했다. (사진=과기정통부 제공) *재판매 및 DB 금지[서울=뉴시스] 심지혜 기자 = 5G 품질 평가에서 통신 3사의 순위가 지표에 따라 엇갈렸다. 평균 전송속도 기준에서는 KT가 가장 앞섰지만, 서비스별 체감 품질로 보면 결과는 달라졌다. 고화질 영상처럼 빠른 속도를 요구하는 서비스에서는 SK텔레콤이 가장 안정적인 품질을 보였고, LG유플러스, KT 순으로 뒤바뀌었다.과학기술정보통신부와 한국지능정보사회진흥원은 30일 이 같은 내용을 담은 2025년 통신서비스 품질평가 결과를 발표했다.평가 방식 변화…평균 속도보다 '이용자 체감' 중심 개편과기정통부는 올해 이용자가 실제로 체감하는 품질과 이용환경을 반영하기 위해 평가 대상과 측정 방식을 확대 개편했다.우선 5G 비단독모드(NSA) 환경에서 LTE 망이 5G 서비스에도 함께 활용되는 현실을 반영해, 올해부터는 5G와 LTE 품질을 동시에 측정하는 방식을 도입했다. 단말과 망이 실제로 동작하는 환경을 평가에 반영하기 위한 조치다.또 다른 변화는 주요 서비스별 요구속도 충족률을 새롭게 도입한 점이다. 기존 품질평가는 최신 단말과 최적 조건에서 측정한 평균 전송속도를 중심으로 해 이용자가 체감하는 품질과 다르다는 지적이 있었다.이에 과기정통부는 웹검색, SNS 숏폼, 영상회의, 고화질 스트리밍 등 이용자가 주로 사용하는 서비스별 요구속도를 산출하고 전체 측정값 중 해당 속도를 충족한 비율인 '요구속도 충족률'을 발표했다.요구속도 충족률이 높으면 평균 속도가 같더라도 품질 편차가 작아 안정적인 서비스가 제공된다고 볼 수 있다.5G 평균 다운로드 속도 973.55Mbps…KT>SKT>LGU+ 순우선 5G 평균 다운로드 속도는 973.55Mbps로 전년(1025.52Mbps) 대비 약 52Mbps 감소했다. 이는 올해 평가에서 5G와 LTE 단말을 동시에 측정하는 방식을 도입한 영향이 크게 작용한 결과다.현재 상용 5G가 비단독 모드(NSA)로 운영되는 구조상, 동시 측정 환경에서는 LTE 기지국 자원이 5G 단말과 LTE 단말로 분산되면서 평균 속도가 낮아질 수밖에 없다는 설명이다. 이에 따라 올해 수치는 전년도 품질평가 결과와 단순 비교하기는 어렵다고 과기정통부는 설명했다.전년과 동일한 방식으로 60개 지점을 측정한 결과, 올해 전국 평균 다운로드 속도는 1137.19Mbps로 전년 대비 약 112Mbps 증가한 것으로 나타났다.5G·LTE 동시 측정 기준, 사업자별로 따져보면 KT가 1030.26Mbps로 가장 빨랐다. 다음으로 SK텔레콤 1024.50Mbps, LG유플러스 865.88Mbps 순이었다.지역 유형별 평균 다운로드 속도를 보면 실내시설 1057.90Mbps, 옥외지역 906.94Mbps, 지하철 928.67Mbps, 고속도로 585.42Mbps, 고속철도 393.01Mbps로 집계됐다. 도시 규모별로는 대도시 1089.72Mbps, 중소도시 995.96Mbps, 농어촌 617.47Mbps로 나타나 지역 간 속도 격차도 확인됐다.고화질 스트리밍 등 빠른 속도 요구 서비스…SKT>LGU+>KT 순이통3사간 속도 차이는 서비스별 요구속도 충족률을 적용하자 결과가 달라졌다.웹 검색이나 SNS 숏폼처럼 낮은 속도를 요구하는 서비스에서는 통신 3사 모두 99% 안팎의 충족률을 기록해 큰 차이가 었지만 영상회의, 고화질 스트리밍 등 높은 전송속도가 필요한 서비스로 갈수록 사업자 간 격차가 뚜렷하게 나타났다.100Mbps 이상 속도가 요구되는 고화질 스트리밍 기준 요구속도 충족률은 SK텔레콤 98.39%, LG유플러스 98.28%, KT 97.88%로, SK텔레콤이 가장 높았고 LG유플러스, KT 순으로 나타났다.3사 평균 고화질 전국 요구속도 충족률은 98.18%다. 지역 유형별로 보면 고화질 스트리밍 기준 요구속도 충족률은 옥외지역 98.1%, 실내시설 98.73%, 지하철 98.56%, 고속도로 97.12%로 나타났으며, 고속철도는 81.44%로 크게 낮았다.도시 규모별로는 대도시 99.08%, 농어촌 96.05%로, 농어촌 지역의 요구속도 충족률이 대도시보다 3.03%p 낮아 대도시의 96.9% 수준에 그쳤다.이통3사가 공동으로 구축한 농어촌 공동망 지역의 요구속도 충족률은 SK텔레콤 공동망 96.94%, LG유플러스 공동망 96.37%, KT 공동망 95.5%로 집계됐다. 농어촌 공동망은 통신 3사가 농어촌 지역을 나눠 5G 망을 구축하고, 이를 사업자 간에 공동으로 활용하는 방식이다.이용자 체감 정부 평가와 달라"
https://n.news.naver.com/mnews/article/421/0008686421?sid=105,2025-12-30 12:00:00,IT/과학,"""통신 3사 망 품질 안정적""…속도는 KT 안정성은 SKT","정부, 2025년 통신서비스 커버리지 점검 및 품질평가 발표서비스별 충족률은 SKT, 서비스 가용률은 LGU+ 우수-서울의 한 휴대폰 판매 대리점의 모습. 2024.9.6/뉴스1 ⓒ News1 이재명 기자정부가 실시간 통신 서비스 품질 평가에서 통신 3사가 전반적으로 안정적인 서비스를 제공 중인 것으로 나타났다. 5G 다운로드 속도에서는 KT(030200)가 1위를 기록했으며, SK텔레콤(017670)은 '서비스별 충족률'에서 높은 평가를 받았다. LG유플러스(032640)는 5G를 원활하게 사용할 수 있는 척도인 '가용률' 측면에서 우위를 나타냈다.과학기술정보통신부와 한국지능정보사회진흥원(NIA)은 30일 '2025년 통신 서비스 커버리지 점검 및 품질 평가' 결과를 발표했다.올해 평가는 이용자가 체감하는 품질과 실제 이용 환경을 반영하는 데 중점을 뒀다. 이를 위해 '서비스별 요구 속도 충족률'을 도입했다. 또 5G 비단독모드(NSA)와 같이 LTE망을 5G 서비스에 활용하고 있는 실제 이용 환경을 반영할 수 있도록 5G와 LTE 품질을 동시에 측정하는 방식을 도입했다.5G·LTE 동시 측정 평가 결과 통신 3사의 5G 평균 다운로드 속도는 973.55Mbps, 업로드 속도는 83.88Mbps로 나타났다. 다운로드 속도는 전년 대비 약 52Mbps 감소했지만, 지난해와 달리 5G와 LTE 단말을 동시 측정한 방식을 도입한 점이 크게 영향을 미쳤다.통신사별 다운로드 속도는 KT 1030.25Mbps, SK텔레콤 1024.50Mbps, LG유플러스 865.88Mbps 순으로 집계됐다.통신 3사의 서비스별 전국 요구 속도 충종륙은 5Mbps가 요구되는 웹검색에서 99.81%, 20Mbps가 요구되는 SNS 숏폼은 99.46%로 모두 99% 이상 요구속도 충족률로 안정적인 품질을 제공했다.그러나 빠른 속도가 요구되는 서비스로 갈수록 격차가 발생하여 고화질 스트리밍(100Mbps) 기준 전국 요구속도 충족률은 98.18%로 나타났다. 사업자별로는 SK텔레콤 98.39%, LG유플러스 98.28%, KT 97.88% 순이다.지역유형별 요구속도 충족률은 옥외지역 98.1%, 실내시설 98.73%, 지하철 98.56%, 고속도로 97.12%, 고속철도 81.44%로 나타났다. 도시 규모별 요구속도 충족률은 대도시 99.08%, 농어촌 96.05%로 농어촌 지역이 대도시 대비 3.03%p 낮은 것으로 나타났다.전체 600개 평가 대상 중 5G 품질 미흡은 32개(5.3%) 지역에서 확인됐다. 지하철 13개 구간(SK텔레콤 6개, KT 6개, LG유플러스 3개, 사업자별로 중복된 구간 존재)과 KTX·SRT 고속철도 경부·호남선 등의 19개 구간(KT 공동망 11개, SK텔레콤 공동망 7개, LG유플러스 공동망 3개, 사업자별로 중복된 구간 존재)에서 주로 나타났다.지난해 품질 미흡이 확인된 고속철도 19개 구간의 재점검 결과, 14개 구간은 개선됐으나 여전히 KTX 천안아산-오송-대전-김천구미 등 5개 구간은 미개선된 것으로 확인됐다.과기정통부는 내년까지 품질이 미흡한 경부선, 호남선을 우선 개선하고, 2027년까지 고속철도 전 구간에 대한 품질을 개선해나갈 계획이다.5G 커버리지 점검에서는 350개 주요 시설을 점검한 결과 5G 접속 가능 비율은 97.69%로 나타났다. 접속가능비율이 90% 이하인 접속 미흡시설은 27개소(LGU+ 17개소, SKT 14개소, KT 14개소, 사업자별 일부 지역 중복)에서 확인됐다. 주로 실내시설과 고속철도에서 발생했다.최우혁 과기정통부 최우혁 네트워크정책실장은 ""앞으로도 실내, 지하, 교통시설, 농어촌 등 취약지역을 중심으로 품질 측정과 평가 방식을 지속 고도화하고, 2026년 5G SA(단독모드)에 대비한 지표 개발과 평가를 통해 통신 인프라 고도화를 촉진하는 한편, 이용자 체감 중심의 품질 향상을 꾸준히 견인해 나가겠다""고 말했다."
https://n.news.naver.com/mnews/article/119/0003042705?sid=105,2025-12-30 12:01:09,IT/과학,5G 품질 성적표 공개…전국 다운로드 속도 KT 가장 빨라,"과기부, 2025년 통신서비스 커버리지 점검 및 품질평가체감 품질은 합격선, 고속철 공동망은 재시험대ⓒ과학기술정보통신부[데일리안 = 조인영 기자] KT가 실제 이용 환경을 반영한 5G 다운로드 속도에서 1030.25Mbps를 기록하며 통신 3사 중 가장 빠른 서비스를 제공하는 것으로 나타났다.과학기술정보통신부와 한국지능정보사회진흥원(NIA)은 2025년 통신서비스 커버리지 점검 및 품질평가 실시 결과를 30일 발표했다.올해 평가는 이용자가 체감하는 품질과 실제 이용환경을 반영하는데 중점을 뒀다.▲전년 대비 전체 평가 대상을 확대(400개→600개)하면서 ▲농어촌 지역(45개→60개) ▲실내시설 측정을 확대(160개→300개)하고 ▲옥외지역측정 대상(250개)도 2024년 이용자 평가(NIA 배포앱 활용) 결과 하위 지역을 중심으로 평가(250개 중 159개, 64%)하는 등 이용자 불편이 예상되는 지역을 집중해 측정했다.올해 5G 망의 품질평가 결과 서비스별 전국 요구속도 충족률은 5Mbps가 요구되는 웹검색 99.81%, 20Mbps가 요구되는 SNS 숏폼은 99.46%로 모두 99% 이상 요구속도 충족률로 안정적인 품질이 제공됐다.빠른 속도가 요구되는 서비스로 갈수록 격차가 발생해 고화질 스트리밍(100Mbps) 기준 전국 요구속도 충족률은 98.18%로 나타났다. 사업자별로 SKT 98.39%, LGU+98.28%, KT 97.88% 순이다.고화질스트리밍(100Mbps) 기준, 지역유형별 요구속도 충족률은 옥외지역 98.1%, 실내시설 98.73%, 지하철 98.56%, 고속도로 97.12%, 고속철도 81.44%로 나타났으며, 도시 규모별 요구속도 충족률은 대도시 99.08%, 농어촌 96.05%로 농어촌 지역이 대도시 대비 3.03%p 낮은 것(대도시의 96.9% 수준)으로 나타났다고화질스트리밍(100Mbps) 기준, 통신3사가 공동으로 구축한 농어촌 공동망 지역 요구속도 충족률은 SKT 공동망 96.94%, LGU+ 공동망 96.37%, KT 공동망 95.5%로 나타났다.전국 5G 평균 다운로드 속도는 973.55 Mbps로 전년(1025.52Mbps) 대비 약 52 Mbps 감소했다.이는 5G와 LTE 단말을 동시 측정한 영향이 크며, 5G NSA(비단독모드) 방식에서 5G와 LTE 기지국의 자원을 온전히 활용하던 작년과 달리 올해는 LTE 자원의 일부가 LTE 평가에 활용된 만큼 감소됐기 때문이다.ⓒ과학기술정보통신부지역유형별 평균속도는 실내시설 1057.90Mbps, 옥외지역 906.94Mbps, 지하철 928.67Mbps, 고속도로 585.42Mbps, 고속철도 393.01Mbps로 확인됐다.도시규모별로는 대도시 1089.72Mbps, 중소도시 995.96Mbps, 농어촌 617.47Mbps로 나타났다.전체 600개 평가 대상 중 5G 품질 미흡은 32개(5.3%) 지역에서 확인됐다.지하철 13개 구간(SKT 6개, KT 6개, LGU+ 3개, 사업자별로 중복된 구간 존재)과 KTX·SRT 고속철도 경부·호남선 등의 19개 구간(KT 공동망 11개, SKT 공동망 7개, LGU+ 공동망 3개, 사업자별로 중복된 구간 존재)에서 주로 나타났다.지난해 품질 미흡이 확인된 고속철도 19개 구간의 재점검 결과, 14개 구간은 개선됐으나 여전히 KTX 천안아산-오송-대전-김천구미 등 5개 구간은 미개선된 것으로 확인됐다.고속철도의 품질미흡은 통신사업자 간 5G 망을 공동 활용하는 구간에서 주로 발생했다. 과기정통부는 품질문제가 고질적으로 발생하는 고속철도에 대해 ‘공동망 2.0’ 기술을 적용해 적극 개선해 나간다는 방침이다.단독망 전환 수준의 설비 투자를 통해 2026년까지 품질 미흡이 빈번한 경부선, 호남선을 우선 개선하고, 2027년까지 고속철도 전 구간에 대한 품질을 획기적으로 개선해 나갈 계획이다.올해 LTE 망품질평가 결과 영상회의(45Mbps) 기준, 전국 요구속도 충족률은 74.2%로, 사업자별로는 SKT 82.16%, KT 72.04%, LGU+ 68.45%로 나타났다.이는 전국 LTE 망은 영상회의를 이용하는데에 10회 중 2~3회는 끊김, 멈춤 등 속도 저하에 따른 불편함을 경험할 수 있음을 의미한다.ⓒ과학기술정보통신부영상회의(45Mbps) 기준, 지역유형별 요구속도 충족률은 옥외지역 72.22%, 지하철 85.06%, 고속도로 79%, 고속철도 77.82%, 실내시설 74.8%로 나타났으며, 도시규모별 요구속도 충족률은 대도시 75.83%, 농어촌 지역 69.33%로 농어촌 지역이 대도시 대비 6.5%p 낮은 것(대도시의 91.4%)으로 나타났다.전국 LTE 평균 다운로드 속도는 96.18 Mbps로 나타났다.이는5G 영향을 배제하고 LTE 망 품질을 별도로 측정한 작년과 달리 올해는 LTE 자원의 일부가 5G 망에서 활용되는 이용환경을 반영해 5G와 LTE를 동시 측정한 만큼 작년품질평가 속도와 단순 비교는 곤란하다.지역유형별 평균속도는 실내시설 97.56 Mbps, 옥외지역 90.81 Mbps, 지하철 123.16Mbps,고속도로 113.80Mbps, 고속철도116.16Mbps로 확인됐다.도시규모별로는 대도시 93.41 Mbps, 중소도시 91.04 Mbps 농어촌 109.42Mbps(대도시 대비 117% 수준)로 나타났다.이는 5G 공동망 지역에서는 5G NSA 방식이더라도 LTE 기지국이 5G 단말에 데이터 전송 없이 신호 제어만을 담당해 5G 서비스를 위한 LTE 자원의 소모가 없기 때문으로 풀이된다.전체 600개 점검지역 중 LTE 서비스 품질 미흡은 58개(9.6%) 지역에서 확인됐으며, 실내시설 6개(LGU+ 4개, SKT 2개), 지하철 44개 구간(SKT 22개, KT 21개, LGU+ 7개, 사업자별로 중복된 구간 존재)과 KTX·SRT 고속철도 경부·호남선 등의 8개 구간(SKT 6개, KT 3개, 사업자별로 중복된 구간 존재)에서 주로 나타났다.지난해 품질이 미흡했던 고속철도 7개 구간은 이번점검에서 모두 개선된 것으로 확인됐다.5G 커버리지 점검은 5G 신호세기를 측정해 접속가능비율을 확인하고, 기준 이하의 신호세기가 10% 이상(접속가능비율 90% 이하) 확인된 경우 접속미흡으로 구분해 개선을 요구하는 점검 방식이다.5G 접속가능비율이 낮을수록 5G 전파 신호세기가 약한 서비스 음영지역이 넓다고 볼 수 있다.ⓒ과학기술정보통신부350개 주요시설을 점검한 결과 5G 접속가능비율은 97.69%로 나타났다. 접속가능비율이 90% 이하인 접속 미흡시설은 27개소(7.7%, LGU+ 17개소, SKT 14개소, KT 14개소, 사업자별 일부 지역 중복)에서 확인됐다.주로 실내시설(25개, 이 중 22개 시설은 실내 기지국 미설치)과 고속철도(경전선, 전라선 등 2개 노선)에서 발생했다.지난해 평가 결과 접속미흡으로 확인된 26개 개소는 올해 재점검에서 모두 개선된 것으로 나타났으며, 올해 접속 미흡이 확인된 지역과 시설 역시 지속적인 재점검을 통해 사업자의 개선 조치를 유도해 나갈 예정이다.WiFi 품질평가는 통신사 및 공공와이파이 홈페이지에서 공개하고 있는 WiFi 구축 장소를 대상으로 네트워크 품질을 확인하는 평가다.각 WiFi 유형별로 상용 WiFi 다운로드 속도는 408.37Mbps(전년 374.89Mbps), 개방 WiFi는 426.88Mbps(전년 415.02Mbps), 공공 WiFi 다운로드 속도는 400.48Mbps(전년 463.55Mbps)로 나타났다.지하철 상용 WiFi 다운로드 속도는 67.0Mbps(전년 58.97Mbps)로 나타났으며, 현재 대부분 노선이 LTE 무선 백홀 기반으로 서비스가 제공중이나 5G 무선 백홀 기반 서비스 노선(수도권 3,4호선, 인천 1,2호선 등)의 경우 150~200Mbps 수준으로 LTE 무선 백홀 대비 약 3배 품질이 향상된 것으로 나타났다.전체 1269개 점검국소 중 통신사별 WiFi 이용 실패 국소는 41개로, 통신사별로는 SK텔레콤 19개, LG유플러스 17개, KT 5개였다.최우혁 과기정통부 네트워크정책실장은 “통신서비스 이용 과정에서 국민들이 겪는 불편 지역을 확인하고, 이를바탕으로 사업자들이 설비 투자등을 통해 품질을 개선하도록 유도하는데 있어 정부의 통신품질평가는 매우 중요하다”고 강조했다.이어 “앞으로도 실내, 지하, 교통시설, 농어촌 등 취약지역을 중심으로 품질 측정과 평가 방식을 지속고도화하고, 2026년 5GSA(단독모드)에 대비한지표 개발과평가를 통해통신 인프라 고도화를 촉진하는 한편, 이용자 체감 중심의 품질 향상을 꾸준히 견인해 나가겠다”고 밝혔다."
https://n.news.naver.com/mnews/article/014/0005455846?sid=105,2025-12-30 12:01:13,IT/과학,"체감 통신품질 보니…SKT '안정적', KT '속도 1위', LG U+ '미흡지역 최소'","고화질 스트리밍 SKT>LG U+>KT 순5G 다운로드 KT>SKT>LG U+ 순5G 품질 미흡 지역은 LG U+가 가장 적어전국 5G 망 주요 서비스별 요구속도 충족률. 과학기술정보통신부 제공[파이낸셜뉴스] 올해 이용자가 실제 체감하는 5세대(5G)망 통신 품질 평가 조사에서 통신3사 모두 안정적 품질을 제공하는 것으로 나타났다. 고화질 스트리밍 서비스에선 SKT가 가장 빠른 속도를 나타냈고, 5G 다운로드 속도 측면에선 KT가 가장 빨랐다. 5G·LTE 품질 미흡 지역이 가장 적은 통신사는 LG U+였다.고화질 스트리밍 SKT가 가장 빨라30일 과학기술정보통신부와 한국지능정보사회진흥원(NIA)이 발표한 2025년 통신서비스 커버리지 점검 및 품질평가 실시 결과에 따르면 올해 5G망의 품질평가 결과 서비스별 전국 요구속도 충족률은 초당 5메가비트(5Mbps)가 요구되는 웹검색 99.81%, 20Mbps가 요구되는 사회관계망서비스(SNS) 숏폼은 99.46%로 모두 99% 이상 요구속도 충족률로 안정적인 품질이 제공됐다. 다만, 빠른 속도가 요구되는 서비스로 갈수록 격차가 발생했다.올해 조사에서 첫 도입된 주요 서비스별 요구속도 충족률은 수치가 높을 수록 안정성도 높다는 의미다.서비스별 요구속도 충족률은 사업자별로 SKT 98.39%, LG U+ 98.28%, KT 97.88% 순이다. 다만 100Mbps 이상 속도가 요구되는 고화질 스트리밍 기준 요구속도 충족률은 3사간 조금 더 격차를 보였다. SKT 98.39%, LG U+ 98.28%, KT 97.88%로, SKT가 가장 높았고 LG U+, KT 순으로 나타났다. 고화질스트리밍(100Mbps) 기준 지역유형별 요구속도 충족률은 옥외지역 98.1%, 실내시설 98.73%, 지하철 98.56%, 고속도로 97.12%, 고속철도 81.44%로 조사됐다. 도시 규모별 요구속도 충족률은 대도시 99.08%, 농어촌 96.05%로 농어촌 지역이 대도시 대비 3.03%p 낮은 것으로 나타났다. 고화질스트리밍(100Mbps) 기준 통신3사가 공동으로 구축한 농어촌 공동망 지역 요구속도 충족률은 SKT 공동망 96.94%, LG U+ 공동망 96.37%, KT 공동망 95.5%로 나타났다.전국 5G 평균 다운로드 속도는 973.55Mbps로 전년(1025.52Mbps) 대비 약 52Mbps 감소했다. 5G·LTE 동시 측정 기준으로 KT가 1030.26Mbps로 가장 빨랐다. 다음으로 SKT 1024.50Mbps, LG U+ 865.88Mbps 순이었다.지역유형별 평균속도는 실내시설 1057.90Mbps, 옥외지역 906.94Mbps, 지하철 928.67Mbps, 고속도로 585.42Mbps, 고속철도 393.01Mbps로 확인됐다. 도시규모별로는 대도시 1089.72Mbps, 중소도시 995.96Mbps 농어촌 617.47Mbps로 나타났다.고속철도의 통신품질 미흡 여전전체 600개 평가 대상 중 기준 속도(12Mbps)를 넘지 못한 비율이 10% 이상 측정되는 5G 품질 미흡은 32개(5.3%) 지역에서 확인됐다. 미흡 평가를 받은 3사 관리 지역 중 LG U+ 관리 구간이 가장 적은 것으로 나타났다. 지하철 13개 구간(SKT 6개, KT 6개, LG U+ 3개, 사업자별로 중복된 구간 존재)과 KTX·SRT 고속철도 경부·호남선 등의 19개 구간(KT 공동망 11개, SKT 공동망 7개, LG U+ 공동망 3개, 사업자별로 중복된 구간 존재)에서 주로 나타났다. 지난해 품질 미흡이 확인된 고속철도 19개 구간의 재점검 결과, 14개 구간은 개선됐으나 여전히 KTX 천안아산-오송-대전-김천구미 등 5개 구간은 미개선된 것으로 조사됐다.고속철도의 품질미흡은 통신사업자 간 5G망을 공동 활용하는 구간에서 주로 발생했다. 과기정통부는 품질문제가 고질적으로 발생하는 고속철도에 대해 ‘공동망 2.0’ 기술을 적용해 적극 개선해 나간다는 방침이다. 단독망 전환 수준의 설비 투자를 통해 내년까지 품질 미흡이 빈번한 경부선, 호남선을 우선 개선한다. 또 2027년까지 고속철도 전 구간에 대한 품질을 획기적으로 개선해 나갈 계획이다.5G 커버리지 점검은 5G 신호세기를 측정해 접속가능비율을 확인하고, 기준 이하의 신호세기가 10% 이상(접속가능비율 90% 이하) 확인된 경우 접속미흡으로 구분해 개선을 요구하는 점검 방식이다. 5G 접속가능비율이 낮을수록 5G 전파 신호세기가 약한 서비스 음영지역이 넓다고 볼 수 있다.350개 주요시설을 점검한 결과 5G 접속가능비율은 97.69%로 나타났다. 접속가능비율이 90% 이하인 접속 미흡시설은 27개소(7.7%, LG U+ 17개소, SKT 14개소, KT 14개소, 사업자별 일부 지역 중복)에서 확인됐다. 주로 실내시설(25개, 이 중 22개 시설은 실내 기지국 미설치)과 고속철도(경전선, 전라선 등 2개 노선)에서 발생했다. 올해 LTE 망품질평가 결과 영상회의(45Mbps) 기준, 전국 요구속도 충족률은 74.2%로, 사업자별로는 SKT 82.16%, KT 72.04%, LG U+ 68.45%로 나타났다. 이는 전국 LTE 망은 영상회의를 이용하는데 10회 중 2~3회는 끊김, 멈춤 등 속도 저하에 따른 불편함을 경험할 수 있음을 의미한다."
https://n.news.naver.com/mnews/article/016/0002578935?sid=105,2025-12-30 12:02:09,IT/과학,"고화질 넷플릭스, SKT 속도가 제일 빨랐다…다운로드 속도는 KT","LTE 품질, SKT, KT, LGU+ 순내년 5G SA 등 인프라 고도화서울 시내 한 휴대폰 매장 앞을 시민이 지나고 있다. 이상섭 기자[헤럴드경제=고재우 기자] 넷플릭스 등 고화질 온라인동영상서비스(OTT) 시청 시, SK텔레콤 5G 속도가 가장 빠른 것으로 나타났다. LG유플러스, KT 등이 뒤를 이었다.5G 음영지역을 커버하는 LTE망 품질은 SKT가 수위였고, KT, LGU+ 등으로 집계됐다.30일 과학기술정보통신부(과기정통부)는 이 같은 내용이 포함된 ‘2025년 통신서비스 커버리지 점검 및 품질 평가’ 결과를 발표했다.우선 5G 서비스망 품질 평가에서 고화질 스트리밍(100Mbps) 기준 전국 요구 속도 충족률은 98.18%였다. 사업자별로는 SKT(98.39%), LGU+(98.28%), KT(97.88%) 순이었다.동일 기준 지역유형별 요구 속도 충족률은 옥외지역(98.1%), 실내 시설(98.73%), 지하철(98.56%), 고속도로(97.12%), 고속철도(81.44%) 등이었다. 도시 규모별 요구 속도 충족률은 대도시(99.08%), 농어촌(96.05%) 등으로 농어촌 지역이 대도시 대비 3.03% 포인트 낮았다.전국 5G 평균 다운로드 속도는 973.55Mbps로 전년(1025.52Mbps) 대비 감소했다.다만 지난해의 경우 5G 상용화 초기 도입된 비단독망(NSA·5G-LTE 결합) 방식에서 5G와 LTE 기지국 자원을 온전히 활용했던 것과 달리, 올해는 LTE 자원 일부가 LTE 평가에 활용된 데에 따른 감소라고 과기정통부는 설명했다.LTE 서비스 품질 평가에서는 영상회의(45Mbps) 기준 전국 요구 속도 충족률은 74.2%로 평가됐다. 사업자별로는 SKT(82.16%), KT(72.04%), LGU+(68.45%) 등이었다. 영상회의 시 10회 중 2~3회는 끊김·멈춤 등 속도 저하를 겪을 수 있다는 뜻이다.같은 기준 지역유형별 요구 속도 충족률은 옥외지역(72.22%), 지하철(85.06%), 고속도로(79%), 고속철도(77.82%), 실내 시설(74.80%) 등으로 나타났다. 도시 규모별 요구 속도 충족률에서는 대도시 75.83%, 농어촌 지역 69.33%로, 농어촌 지역이 대도시 대비 6.5% 포인트 낮았다.전국 LTE 평균 다운로드 속도는 96.18Mbps였다. 마찬가지로 올해 LTE 자원 일부가 5G 망에서 활용되는 이용 환경을 반영해 5G와 LTE를 동시 측정한 데에 따른 결과로, 지난해 품질 평가 속도(178.05Mbps)와 단순 비교는 어렵다.과기정통부는 내년 5G 단독망(SA)에 대비한 통신 인프라 고도화에 박차를 가한다는 방침이다.최우혁 과기정통부 네트워크정책실장은 “통신서비스 이용 과정에서 국민이 겪는 불편 지역을 확인하고, 사업자들이 설비 투자 등을 통해 품질을 개선하도록 유도하는 데 있어 통신 품질 평가는 매우 중요하다”고 강조했다.이어 “내년 5G SA에 대비한 지표 개발과 평가를 통해 통신 인프라 고도화를 촉진하는 한편, 이용자 체감 중심의 품질 향상을 꾸준히 견인해 나가겠다”고 덧붙였다."
https://n.news.naver.com/mnews/article/119/0003042719?sid=105,2025-12-30 12:03:15,IT/과학,5G 이동통신망 대도시-농어촌 지역 격차 여전,"과기정통부, 통신서비스 커버리지 점검 결과과학기술정보통신부 전경.ⓒ데일리안DB[데일리안 = 김지현 기자] 5세대(5G) 이동통신망 품질평가 결과 사업자별 격차는 크지 않았지만, 대도시와 농어촌 간 지역 격차는 여전한 것으로 나타났다.과학기술정보통신부가 20일 발표한 ‘2025년 통신서비스 커버리지 점검 및 품질평가 결과’에 따르면 올해 5G 망의 품질평가 결과 서비스별 전국 요구속도 충족률은 고화질 스트리밍(100Mbps) 기준 전국 요구속도 충족률은 98.18%다. 사업자별로 SKT 98.39%, LGU+ 98.28%, KT 97.88% 순이었다.5Mbps가 요구되는 웹검색 99.81%, 20Mbps가 요구되는 SNS 숏폼은 99.46%로 모두 99% 이상 요구속도 충족률로 안정적인 품질을 제공하는 것으로 나타났다. 빠른 속도가 요구되는 서비스로 갈수록 격차가 발생했다.고화질스트리밍(100Mbps) 기준 지역유형별 요구속도 충족률은 옥외지역 98.1%, 실내시설 98.73%, 지하철 98.56%, 고속도로 97.12%, 고속철도 81.44%로 나타났다.도시 규모별 요구속도 충족률은 대도시 99.08%, 농어촌 96.05%로 농어촌 지역이 대도시 대비 3.03%포인트(p) 낮은 것으로 파악됐다. 통신3사가 공동으로 구축한 농어촌 공동망 지역 요구속도 충족률은 SKT 공동망 96.94%, LGU+ 공동망 96.37%, KT 공동망 95.5%로 나타났다.한편, 전국 5G 평균 다운로드 속도는 973.55Mbps로 전년(1025.52Mbps) 대비 약 52Mbps 감소했다.이는 5G와 LTE 단말을 동시 측정한 영향으로 풀이된다.다만, 5G NSA 방식에서 5G와 LTE 기지국의 자원을 온전히 활용하던 작년과 달리 올해는 LTE 자원의 일부가 LTE 평가에 활용된 만큼 감소됐다.지역유형별 평균속도는 실내시설 1057.90Mbps, 옥외지역 906.94Mbps, 지하철 928.67Mbps, 고속도로 585.42Mbps, 고속철도 393.01Mbps로 확인됐다.도시규모별로는 대도시 1089.72Mbps, 중소도시 995.96Mbps 농어촌 617.47Mbps로 나타났다.전체 600개 평가 대상 중 5G 품질 미흡은 32개(5.3%) 지역에서 확인됐다.지하철 13개 구간과 KTX·SRT 고속철도 경부·호남선 등의 19개 구간에서 주로 나타났다.지난해 품질 미흡이 확인된 고속철도 19개 구간의 재점검 결과, 14개 구간은 개선됐으나 여전히 KTX 천안아산-오송-대전-김천구미 등 5개 구간은 미개선된 것으로 확인됐다.고속철도의 품질미흡은 통신사업자 간 5G 망을 공동 활용하는 구간에서 주로 발생했다.과기정통부는 “품질문제가 고질적으로 발생하는 고속철도에 대해 ‘공동망 2.0’ 기술을 적용해 적극 개선해 나가겠다”며 “단독망 전환 수준의 설비 투자를 통해 내년까지 품질 미흡이 빈번한 경부선, 호남선을 우선 개선하고 오는 2027년까지 고속철도 전 구간에 대한 품질을 개선해 나갈 계획”이라고 밝혔다."
https://n.news.naver.com/mnews/article/138/0002213922?sid=105,2025-12-30 12:50:08,IT/과학,[2025 통신품질] OTT 볼때 가장 안정적인 통신사는?…속도 충족률 SKT가 선두,"[사진=과학기술정보통신부][디지털데일리 오병훈기자] 4K 고화질 스트리밍 데이터를 가장 안정적으로 전송하는 통신사는 SK텔레콤인 것으로 나타났다. 통신3사 모두 97% 이상의 요구속도 충족률을 보여주면서 안정적인 수치를 기록했다. 그 중 SK텔레콤이 98.39%로 근소하게 나머지 2개사를 앞질렀다.29일 과학기술정보통신부와 한국지능정보사회진흥원(NIA)은 2025년 통신서비스 커버리지 점검 및 품질평가(품질평가) 결과를 발표했다.올해 품질평가에는 ‘서비스별 요구속도 충족률’이 새롭게 도입됐다. 서비스별 요구속도 충족률은 웹검색이나 소셜미디어, 영상 시청 등 서비스별로 필요한 요구속도 이상을 얼마나 자주 달성했는지를 나타내는 지표다. 예컨대 5G 서비스 영상회의 요구속도 충족률이 95%이라는 의미는 5G 망에서 45Mbps 속도를 넘지 못한 비율이 5%라는 의미다.평균속도가 같더라도 요구속도 충족률이 높으면 품질 편차가 작아 안정적인 서비스가 제공된다고 볼 수 있다는 것이 정부 설명이다. 정부는 소비자 및 산·학·연 전문가 등 의견수렴을 거쳐 이용자가 주로 사용하는 서비스별 요구속도를 산출했다.요구속도 기준은 서비스 별로 다르다. 웹 검색 등 텍스트·사진 기반 모바일 인터넷 통신 환경 항목인 웹검색에는 5Mbps가 기준이다. 소셜네트워크서비스(SNS) 및 숏폼은 20Mbps 속도가 필요하다. 영상회의 서비스에서는 45Mbps가 요구된다. 온라인동영상서비스(OTT) 등 고화질 스트리밍에서는 100Mbps 속도를 기록해야 한다.올해 5G망 품질평가 결과 서비스별 전국 요구속도 충족률은 5Mbps가 요구되는 웹검색은 99.81%, 20Mbps가 요구되는 SNS 숏폼은 99.46%로 모두 99% 이상 요구속도 충족률로 안정적인 품질이 제공됐다.하지만 빠른 속도가 요구되는 서비스로 갈수록 통신사별 격차가 발생해 고화질 스트리밍(100Mbps) 기준 전국 요구속도 충족률은 98.18%로 나타났다. 사업자별로 SK텔레콤 98.39%, LG유플러스 98.28%, KT 97.88% 순으로 나타났다.고화질스트리밍 지역유형별 요구속도 충족률은 옥외지역 98.1%, 실내시설 98.73%, 지하철 98.56%, 고속도로 97.12%, 고속철도 81.44%로 나타났다. 도시 규모별 요구속도 충족률은 대도시 99.08%, 농어촌 96.05%로 농어촌 지역이 대도시 대비 3.03%포인트(p) 낮은 것으로 나타났다.정부는 도시 규모별 5G망 주요 서비스 요구속도 충족률 결과도 공개했다.고화질스트리밍 기준으로 통신3사가 공동으로 구축한 농어촌 공동망 지역 요구속도 충족률은 SKT 공동망 96.94%, LGU+ 공동망 96.37%, KT 공동망 95.5%로 나타났다.공동망이란 통신3사 간 농어촌 지역을 나누어 5G 망을 구축해 사업자간 공동 활용하는 망이다. SK텔레콤은 세종, 충남, 경남 등을 담당했고 KT는 경북, 강원 등에 구축했다. LG유플러스는 전남, 전북, 제주 일부 등에서 나타났다.한편 전국 5G 평균 다운로드 속도는 973.55Mbps로 전년도 속도 1025.52Mbps보다 약 52Mbps 감소했다. 이는 5G와 LTE 단말을 동시 측정한 영향이 크기 때문에 단순 비교는 어렵다는 것이 정부 설명이다. 5G 비단독모드(NSA) 방식에서 5G와 LTE 기지국 자원을 온전히 동시 활용한 지난해 품질평가와 달리 올해 평가에서는 LTE 자원 일부가 LTE 평가에 활용됐다. NSA는 LTE 코어망에 5G 기지국을 활용하는 형태 기술이다. 단독모드(SA) 경우 코어망까지 5G로 전환한 형태다.지역유형별 평균속도는 실내시설 1057.90Mbps, 옥외지역 906.94Mbps, 지하철 928.67Mbps, 고속도로 585.42Mbps, 고속철도 393.01Mbps로 확인됐다. 도시규모별로는 대도시 1089.72Mbps, 중소도시 995.96Mbps 농어촌 617.47Mbps로 나타났다.전체 600개 평가 대상 중 5G 품질 미흡(기준 속도 12Mbps를 넘지 못한 비율이 10% 이상 측정되는 지역)은 32개(5.3%) 지역에서 확인됐다.대부분 지하철·고속철도에서 나타났다. 지하철에서는 13개 구간이 품질 미흡지역으로 파악됐다. 통신사별로는 SK텔레콤 6개, KT 6개, LG유플러스 3개다. KTX·SRT 등 고속철도 경부·호남선 19개 구간에서도 품질 미흡이 확인됐다. KT 공동망 11개, SK텔레콤 공동망 7개, LG유플러스 공동망 3개다. 지난해 품질 미흡이 확인된 고속철도 19개 구간 재점검 결과 14개 구간은 개선됐으나 여전히 KTX 천안아산-오송-대전-김천구미 등 5개 구간은 미개선된 것으로 나타났다. 품질 미흡 지역은 사업자별로 중복된 구간이 존재한다.고속철도의 품질미흡은 통신사업자 간 5G 망을 공동 활용하는 구간에서 주로 발생했다. 과기정통부는 품질문제가 고질적으로 발생하는 고속철도에 대해 ‘공동망 2.0(용량확대 및 가입자 분산 수용)’ 기술을 적용해 적극 개선할 예정이다. 단독망 전환 수준의 설비 투자를 통해 미흡이 빈번한 경부선, 호남선을 2026년까지 우선 개선한다. 2027년까지는 고속철도 전 구간에 대한 품질을 개선할 계획이다.정부는 통신 서비스 범위를 확인하는 5G 커버리지 점검도 진행했다. 5G 신호세기를 측정해 접속가능비율을 확인했다. 기준 이하 신호세기가 10% 이상이 확인된 경우 ‘접속미흡’으로 구분해 개선을 요구하는 점검 방식이다. 5G 접속가능비율이 낮을수록 5G 전파 신호세기가 약한 서비스 음영지역이 넓다고 볼 수 있다.350개 주요시설을 점검한 결과 5G 접속가능비율은 97.69%로 나타났다. 접속가능비율이 90% 이하인 접속 미흡시설은 27개소(일부 지역 중복)로 나타났다. LGU+ 17개소, SK텔레콤 14개소, KT 14개소 순이다. 주로 실내시설(25개소, 이 중 22개소는 실내 기지국 미구축)과 고속철도 경전선, 전라선 등 2개 노선에서 발생했다.지난해 평가 결과 접속미흡으로 확인된 26개 개소는 올해 재점검에서 모두 개선된 것으로 나타났다. 정부는 올해 접속 미흡이 확인된 지역과 시설 역시 지속적인 재점검을 통해 사업자의 개선 조치를 유도할 예정이다."
https://n.news.naver.com/mnews/article/057/0001927564?sid=101,2025-12-30 13:26:08,경제,5G 다운로드 평균 속도 KT '1위'…안정성은 SKT '우위',"과기부, 2025년 통신 서비스 품질평가 결과 공개KT로고전국 5G 다운로드 속도에서 KT가 측정 이래 처음으로 1위를 기록했습니다.과학기술정보통신부는 오늘(30일) 이 같은 내용이 담긴 '2025년 통신 서비스 커버리지 점검 및 품질평가' 결과를 발표습니다.전국 기준 5G 다운로드 속도는 KT가 1천30.25Mbps로 가장 빨랐고 SKT 1천24.50Mbps, LGU+ 865.88Mbps로 뒤를 이었습니다.KT가 SKT보다 다운로드 속도에서 앞선 것은 2007년 관련 조사가 시작된 이래 처음입니다.끊김·속도 저하 등 불편 없이 5G 서비스를 이용할 수 있는 척도인 '요구 속도 충족률'에서는 SKT가 가장 높았습니다.요구 속도 충족률이란 서비스별로 요구되는 통신 속도를 넘지 못한 비율이 얼마인지를 본 지표입니다.사업자별로 SKT 98.39%, LGU+ 98.28%, KT 97.88% 순으로 SK텔레콤의 안정적 서비스 제공 측면에서 가장 우수했습니다.과기정통부는 ""평균속도가 같더라도 요구 속도 충족률이 높으면 품질의 편차가 작아 안정적인 서비스가 제공된다""고 설명했습니다.SKT는 5G 품질 측정에 대해 ""서비스별로 요구 속도 충족률이 타사 대비 높았고 업로드 속도, 접속 시간, 지연율, 손실률 등 고객 체감과 직결되는 핵심 품질 지표에서도 우위였다""고 평가했습니다.KT는 ""역대 최초 전국 5G 다운로드 속도 1위 달성하고 1Gbps·10Gbps 유선 인터넷 서비스 다운로드 속도에서도 인터넷 사업자별 평가 개시 이후 9년 연속 1위를 했다""고 의미를 부여했습니다.LG유플러스는 ""5G 및 LTE 평가 대상 전국 600개 지역 중 총 17개 지역(5G 6개, LTE 11개)에서 품질 미흡한 것으로 나타나 통신 3사 중 가장 적은 수치를 기록했다""고 밝혔습니다.품질 평가 결과는 내년 초 스마트 초이스(www.smartchoice.or.kr)에 게시됩니다."
https://n.news.naver.com/mnews/article/417/0001122020?sid=105,2025-12-30 14:12:50,IT/과학,통신3사 엇갈린 성적표…5G 속도 KT·품질 SKT·가용률 LGU+,"5G 속도는 '양호'하나 LTE 영상회의는 10번 중 3번 끊긴다과학기술정보통신부와 한국지능정보사회진흥원(NIA)은 30일 '2025년 통신 서비스 커버리지 점검 및 품질 평가' 결과를 발표했다. /사진=과학기술정보통신부정부가 진행한 실시간 통신 서비스 품질 평가에서 통신 3사가 전반적으로 안정적인 5G 서비스를 제공 중인 것으로 나타났다.과학기술정보통신부와 한국지능정보사회진흥원(NIA)은 30일 '2025년 통신 서비스 커버리지 점검 및 품질 평가' 결과를 발표했다. 통신 3사의 5G 평균 다운로드 속도는 973.55Mbps, 업로드 속도는 83.88Mbps로 집계됐다. 다운로드 속도는 전년 대비 약 52Mbps 낮아졌지만 지난해와 달리 5G·LTE 단말 동시 측정 방식을 새로 도입한 영향이 큰 것으로 분석됐다.사업자별로 보면 5G 다운로드 속도는 KT가 1030.25Mbps로 1위를 기록했으며 SK텔레콤이 1024.50Mbps로 2위, LG유플러스가 865.88Mbps로 3위를 기록했다.서비스별 품질 충족 정도를 평가하는 '요구속도 충족률'에서는 순위가 뒤바뀌었다. SK텔레콤이 고화질 스트리밍(100Mbps 기준)에서 98.39%로 가장 높은 충족률을 보였고 LG유플러스가 98.28%, KT가 97.88%로 그 뒤를 이었다.5G를 원활하게 사용할 수 있는 척도인 가용률 부문에서는 LG유플러스가 1위, SK텔레콤 2위, KT 3위로 집계됐다.LTE 망품질평가에서는 영상회의(45Mbps) 기준 전국 요구속도 충족률은 74.2%로 나타났다. 사업자별로는 SK텔레콤 82.16%, KT 72.04%, LG유플러스 68.45% 순이다. 이는 영상회의 이용 시 10회 중 2~3회는 끊김이나 멈춤 등 속도 저하로 불편을 겪을 수 있음을 의미한다.전국 기준 서비스별 요구속도 충족률은 웹검색(5Mbps) 99.81%, SNS 숏폼(20Mbps) 99.46%로 모두 99% 이상을 유지했다. 다만 더 빠른 속도를 요구하는 고화질 스트리밍(100Mbps)에서는 전국 평균 98.18%를 기록하며 일부 격차가 발생했다.지역 유형별로는 옥외지역 98.1%, 실내시설 98.73%, 지하철 98.56%, 고속도로 97.12%, 고속철도 81.44% 순으로 나타났다. 도시 규모별로는 대도시 99.08%, 농어촌 96.05%로 농어촌 지역이 대도시 대비 3.03%p 낮았다.전체 600개 평가 지역 가운데 5G 품질이 미흡한 지역은 32개(5.3%)로 확인됐다. 지하철 13개 구간(SK텔레콤 6개, KT 6개, LG유플러스 3개)과 KTX·SRT 고속철도 경부·호남선 등의 19개 구간(KT 공동망 11개, SK텔레콤 공동망 7개, LG유플러스 공동망 3개)에 집중됐다.지난해 품질 미흡으로 지적된 고속철도 19개 구간 중 14개는 개선됐지만 KTX 천안아산?오송?대전?김천구미 등 5개 구간은 여전히 미개선 상태로 남았다.350개 주요 시설을 점검한 5G 커버리지 평가에서는 5G 접속 가능 비율이 97.69%로 나타났다. 접속가능비율이 90% 이하인 미흡 시설은 27개소(LG유플러스17개소, SK텔레콤 14개소, KT 14개소)로 주로 실내 시설과 고속철도에서 발생했다.최우혁 과기정통부 최우혁 네트워크정책실장은 ""앞으로도 실내, 지하, 교통시설, 농어촌 등 취약지역을 중심으로 품질 측정과 평가 방식을 지속 고도화하고 2026년 5G 단독모드(SA)에 대비한 지표 개발과 평가를 추진할 것""이라고 밝혔다."
https://n.news.naver.com/mnews/article/015/0005230660?sid=105,2025-12-30 14:37:12,IT/과학,"5G 다운로드는 KT, 스트리밍은 SK텔레콤이 1위","과기부, 올해 통신서비스 품질평가 발표서울 시내 한 통신사 대리점에 통신사 로고가 붙어 있다. 사진=연합뉴스KT가 처음으로 전국 5G 다운로드 속도 1위를 기록했다. SK텔레콤은 올해 새롭게 도입된 서비스별 만족도 지표인 '서비스별 충족률'에서 5G 전 구간 1위를 차지했다.과학기술정보통신부와 한국지능정보사회진흥원(NIA)은 30일 '2025년 통신 서비스 커버리지 점검 및 품질 평가' 결과를 발표했다. 올해 평가는 이용자가 체감하는 품질과 실제 이용 환경을 반영하기 위해 '서비스별 요구 속도 충족률'을 도입했다. 또 5G 비단독모드(NSA)와 같이 LTE망을 5G 서비스에 활용하고 있는 실제 이용 환경을 반영할 수 있도록 5G와 LTE 품질을 동시에 측정하는 방식을 도입했다.5G·LTE 동시 측정 평가 결과 통신 3사의 5G 평균 다운로드 속도는 973.55Mbps, 업로드 속도는 83.88Mbps로 나타났다. 다운로드 속도는 전년 대비 약 52Mbps 감소했다. 지난해와 달리 5G와 LTE 단말을 동시 측정한 방식을 도입한 영향이다.통신사별 다운로드 속도는 KT가 가장 빨랐다. KT 1030.25Mbps, SK텔레콤 1024.50Mbps, LG유플러스 865.88Mbps 순이었다.통신 3사의 서비스별 전국 요구 속도 충족률은 웹검색, 소셜미디어(SNS) 숏폼 등에서 안정적인 품질을 제공했다. 5Mbps가 요구되는 웹검색에서 99.81%, 20Mbps가 요구되는 SNS 숏폼은 99.46%로 모두 99% 이상이었다.다만 빠른 속도가 요구되는 고화질 스트리밍(100Mbps) 기준 전국 요구속도 충족률은 98.18%로 나타났다. 사업자별로는 SK텔레콤이 가장 높았다. SK텔레콤 98.39%, LG유플러스 98.28%, KT 97.88% 순이다.지역유형별 요구속도 충족률은 옥외지역 98.1%, 실내시설 98.73%, 지하철 98.56%, 고속도로 97.12%, 고속철도 81.44%로 나타났다. 도시 규모별 요구속도 충족률은 대도시 99.08%, 농어촌 96.05%로 농어촌 지역이 대도시 대비 3.03%포인트 낮았다.전체 600개 평가 대상 중 5G 품질 미흡은 32개(5.3%) 지역에서 확인됐다. 지하철 13개 구간(SK텔레콤 6개, KT 6개, LG유플러스 3개, 사업자별로 중복된 구간 존재)과 KTX·SRT 고속철도 경부·호남선 등의 19개 구간(KT 공동망 11개, SK텔레콤 공동망 7개, LG유플러스 공동망 3개, 사업자별로 중복된 구간 존재)에서 주로 나타났다.지난해 품질 미흡이 확인된 고속철도 19개 구간의 재점검 결과, 14개 구간은 개선됐으나 여전히 KTX 천안아산-오송-대전-김천구미 등 5개 구간은 개선되지 않은 것으로 확인됐다. 과기정통부는 내년까지 품질이 미흡한 경부선, 호남선을 우선 개선하고 2027년까지 고속철도 전 구간에 대한 품질을 개선할 계획이다.5G 커버리지 점검에서는 350개 주요 시설을 점검한 결과 5G 접속 가능 비율은 97.69%로 나타났다. 접속가능비율이 90% 이하인 접속 미흡시설은 27개소(LGU+ 17개소, SKT 14개소, KT 14개소, 사업자별 일부 지역 중복)에서 확인됐다. 주로 실내시설과 고속철도에서 발생했다.최우혁 과기정통부 최우혁 네트워크정책실장은 ""앞으로도 실내, 지하, 교통시설, 농어촌 등 취약지역을 중심으로 품질 측정과 평가 방식을 지속 고도화하고, 2026년 5G SA(단독모드)에 대비한 지표 개발과 평가를 통해 통신 인프라 고도화를 촉진하는 한편, 이용자 체감 중심의 품질 향상을 꾸준히 견인해 나가겠다""고 말했다."
https://n.news.naver.com/mnews/article/422/0000817405?sid=101,2025-12-30 14:38:19,경제,"KT, 5G 평균 다운로드 속도 첫 1위⋯SKT는 체감품질 1위","전국 5G 다운로드 속도에서 KT가 측정 이래 처음으로 1위를 기록했습니다.과학기술정보통신부는 오늘(30일) 이 같은 내용이 담긴 '2025년 통신 서비스 커버리지 점검 및 품질평가' 결과를 발표습니다.전국 기준 5G 다운로드 속도는 KT가 1,030.25Mbps로 가장 빨랐고 SKT 1,024.50Mbps, LGU+ 865.88Mbps로 뒤를 이었습니다.KT가 SKT보다 다운로드 속도에서 앞선 것은 2007년 관련 조사가 시작된 이래 처음입니다.끊김·속도 저하 등 불편 없이 5G 서비스를 이용할 수 있는 척도인 '요구 속도 충족률'에서는 SKT가 가장 높았습니다.요구 속도 충족률이란 서비스별로 요구되는 통신 속도 이상 측정된 비율이 얼마인지를 본 지표입니다.사업자별로 SKT 98.39%, LGU+ 98.28%, KT 97.88% 순으로 SK텔레콤의 안정적 서비스 제공 측면에서 가장 우수했습니다.과기정통부는 ""평균속도가 같더라도 요구 속도 충족률이 높으면 품질의 편차가 작아 안정적인 서비스가 제공된다""고 설명했습니다.SKT는 5G 품질 측정에 대해 ""서비스별로 요구 속도 충족률이 타사 대비 높았고 업로드 속도, 접속 시간, 지연율, 손실률 등 고객 체감과 직결되는 핵심 품질 지표에서도 우위였다""고 평가했습니다.KT는 ""역대 최초 전국 5G 다운로드 속도 1위 달성하고 1Gbps·10Gbps 유선 인터넷 서비스 다운로드 속도에서도 인터넷 사업자별 평가 개시 이후 9년 연속 1위를 했다""고 의미를 부여했습니다.LG유플러스는 ""5G 및 LTE 평가 대상 전국 600개 지역 중 총 17개 지역(5G 6개, LTE 11개)에서 품질 미흡한 것으로 나타나 통신 3사 중 가장 적은 수치를 기록했다""고 밝혔습니다.품질 평가 결과는 내년 초 스마트 초이스(www.smartchoice.or.kr)에 게시됩니다.#KT #SKT #LG유플러스연합뉴스TV 기사문의 및 제보 : 카톡/라인 jebo23"
https://n.news.naver.com/mnews/article/016/0002579031?sid=105,2025-12-30 16:01:14,IT/과학,"[속보] KT, 내년 1월 13일까지 위약금 면제…전 고객 6개월간 100㎇ 데이터 제공","OTT 6개월권, 인기 멤버십 할인 등 제공정보보안 혁신TF 출범…근본적인 혁신 박차5년간 ‘1조’ 투자, 제로트러스트 체계 강화서울 도심 내 한 KT 대리점 인근 신호등에 빨간불이 켜져 있다. 임세준 기자[헤럴드경제=고재우 기자] KT가 내일부터 내년 1월 13일까지 전체 이용자를 대상으로 위약금 면제를 추진한다. 데이터 100㎇(6개월), 온라인동영상서비스(OTT) 이용권(6개월) 등 혜택도 제공한다.이와 함께 정보보안 혁신 태스크포스(TF)를 출범하고, 정보보안 혁신에 박차를 가할 계획이다. 특히 5년간 1조원을 투자해 제로트러스트 체계를 강화한다.30일 서울 종로구 소재 광화문 KT 사옥에서 열린 간담회에서 김영섭 KT 대표는 “민관합동조사단의 조사 결과를 엄중하게 받아들이고 고객 피해와 불편을 최소화하기 위해 노력하겠다”며 이같이 밝혔다.위약금 면제를 포함한 KT 보상안은 민관합동조사단의 조사 결과 공개에 이어 KT 이사회 논의를 거쳐 마련됐다.▶‘14일간’ 위약금 면제, 내년 1~2월 중 ‘환급’= 우선 이달 31일부터 내년 1월 13일까지 전체 이용자를 대상으로 한 위약금 면제가 이뤄진다. 위약금 면제는 지난 9월 1일부터 이달 30일 사이 해지 고객에도 소급 적용된다.단 ▷9월 1일 이후 신규·기기 변경·재약정 고객 ▷알뜰폰 ▷사물인터넷(IoT) ▷직권 해지 고객 등은 위약금 면제 대상에서 제외된다.위약금 면제는 환급 신청 방식으로 운영된다. 내년 1월 14일부터 31일까지 KT 홈페이지 및 고객센터, 전국 KT 매장을 통해 환급 신청이 가능하다.환급은 해지일 및 신청일에 따라 내년 1월 22일, 2월 5일, 2월 19일 등 차례대로 진행된다.KT는 31일부터 위약금 면제 대상 여부 및 예상 위약금 조회 페이지를 개설하고, 이용자에게 개별 문자로 안내할 예정이다. 신청 기간 내 미신청 이용자에 대해서는 3회에 걸쳐 개별 안내가 있을 예정이다.정부가 29일 KT/LGU+ 침해사고에 대한 민관합동조사단 조사 결과 발표했다. 이날 발표를 통해 국내 이동통신 3사가 모두 해킹당한 것으로 밝혀졌다. 이번 정부 조사를 통해 SK텔레콤과 KT에 이어 LG유플러스까지 정보 유출 정황이 파악됐다. KT는 전 고객 대상 위약금 면제 사유도 인정됐다. 사진은 이날 오후 서울 도심 내 KT 대리점의 모습. 임세준 기자▶로밍 등 데이터 제공, 멤버십 할인도= 이와 함께 KT는 내년 2월부터 6개월 동안 통신·콘텐츠·생활 관련 ‘고객 보답 프로그램’을 제공한다. 대상은 위약금 면제 종료일(1월 13일) 기준 이용자다.세부적으로 통신 분야에서는 6개월 동안 매달 100GB 데이터 자동 제공(이용 정지·IoT·선불폰 등 제외), 해외 이용자 로밍 데이터 50% 추가 제공 등이 주어진다. 현재 운영 중인 로밍 관련 프로그램은 내년 8월까지 운영된다.콘텐츠 분야에서는 OTT 서비스 2종 중 하나를 이용할 수 있는 ‘6개월 이용권’이 제공된다. 세부 사항은 추후 안내할 예정이다.생활 분야에서는 커피·영화·베이커리·아이스크림 등 ‘인기 멤버십 할인’을 6개월 동안 운영한다. 제휴사 및 할인 내용은 별도 공지된다.이외에도 ‘안전·안심 보험(2년)’도 제공한다. 휴대전화 피싱·해킹 피해, 인터넷 쇼핑몰 사기 피해, 중고 거래 사기 피해 등을 보상하는 프로그램이다. 만 65세 이상 고객은 별도의 신청 절차 없이 이용할 수 있다.이와 관련 KT는 전담 상담센터를 운영한다. 이를 통해 이용자는 고객 보답 프로그램 제공 내용, 신청 및 이용 방법, 위약금 면제 관련 문의 사항 등 안내를 받을 수 있다.▶정보보안 혁신 TF 출범, 5년간 ‘1조’ 투자= 아울러 KT는 정보보안 혁신 TF 출범 등 정보보안 혁신 나설 계획이다.세부적으로 네트워크와 통신서비스 관리 기준을 강화, 장비·서버·공급망 통합 관리 등으로 취약 요소를 사전에 차단한다.또 정보보안 최고책임자(CISO)를 중심으로 한 보안 책임 체계를 강화하고, 경영진과 이사회 차원의 정기적인 보안 점검 및 보고 체계를 고도화에 나선다. 외부 전문 기관과 협력을 통한 보안 취약 요소를 상시 점검도 진행한다.아울러 향후 5년간 정보보안에 1조원을 투자한다. ▷제로 트러스트 체계 강화 ▷통합 보안 관제 고도화 ▷접근 권한 관리 강화 ▷암호화 확대 등을 단계적으로 추진한다.김 대표는 “국가 기간통신사업자로서 보다 안전하고 신뢰받는 통신서비스 제공을 위해 지속 노력하겠다”고 말했다."
https://n.news.naver.com/mnews/article/018/0006192227?sid=105,2025-12-30 16:54:14,IT/과학,KT 다운로드 속도 첫 1위...안정적 서비스는 SKT가 앞서,"속도의 KT·안정성의 SKT5G 1위 경쟁, 측정 이래 ‘첫 지각변동’5G NSA의 역설… LTE 체감 속도 사실상 ‘반토막’철도·농어촌 ‘통신 사각지대’ 여전[이데일리 윤정훈 기자]전국 5G 다운로드 속도 측정에서 KT가 처음으로 1위에 올랐다. 전국 LTE 평균 다운로드 속도는 전년 대비 절반 수준으로 낮아진 것으로 나타났다.2025년 통신 3사 5G 및 LTE 서비스 전송속도 현황(사진=과기정통부)과학기술정보통신부와 한국지능정보사회진흥원(NIA)은 이용자에게 통신서비스 품질에 대한 정보를 제공하고, 통신사에게는 통신서비스 품질 개선을 유도하기 위해 2025년 통신서비스 커버리지 점검 및 품질평가 실시 결과를 30일 발표했다.전국 기준 5G·LTE 동시측정 다운로드 속도는 KT가 1030.25Mbps로 가장 빨랐고 SKT 1024.50Mbps, LGU+ 865.88Mbps로 뒤를 이었다. KT가 SKT보다 다운로드 속도에서 앞선 것은 조사가 시작된 2007년 이후 처음이다.전국 5G 평균 다운로드 속도는 973.55Mbps로 작년 평균(1025.52Mbps)보다 52Mbps 감소했다.지역 유형별 5G 다운로드 평균속도는 실내 시설 1057.90Mbps, 옥외지역 906.94Mbps, 지하철 928.67Mbps, 고속도로 585.42Mbps, 고속철도 393.01Mbps 순으로 나타났다. 도시 별로는 대도시 1089.72Mbps, 중소도시 995.96Mbps 농어촌 617.47Mbps이다.올해 가장 큰 개편사항으로 주요 서비스별 요구속도 충족률을 도입했다. 기존 품질평가는 최신사양의 단말, 배터리 풀 충전 등 최상의 조건에서 측정된 전송속도를 평균으로 발표하여 이용자가 체감하는 품질과 다르다는 지적에 따른 조치다.올해 5G 망의 품질평가 결과 서비스별 전국 요구속도 충족률은 사업자별로 SKT 98.39%, LGU+ 98.28%, KT 97.88% 순으로 조사됐다.5Mbps가 요구되는 웹검색 99.81%, 20Mbps가 요구되는 SNS 숏폼은 99.46%로 모두 99% 이상 요구속도 충족률로 안정적인 품질이 제공됐다. 하지만 빠른 속도가 요구되는 서비스로 갈수록 격차가 발생하여 고화질 스트리밍(100Mbps) 기준 전국 요구속도 충족률은 98.18%로 나타났다.2025년 통신 3사 5G 서비스 전송속도 현황(사진=과기정통부)LTE 평균 다운로드 속도는 96.18Mbps로 전년(178.05Mbps) 대비 큰 폭으로 하락했다. 5G·LTE 동시 측정에 따라 LTE 자원의 약 50%가 5G 단말에서 활용되기 때문이다. LTE 단독측정을 기준으로는 172.6Mbps로 약 5Mbps가 하락했다.올해 LTE 망품질평가 결과 영상회의(45Mbps) 기준, 전국 요구속도 충족률은 74.2%로, 사업자별로는 SKT 82.16%, KT 72.04%, LGU+ 68.45%로 나타났다. 이는 전국 LTE 망은 영상회의를 이용하는데에 10회 중 2~3회는 끊김, 멈춤 등 속도 저하에 따른 불편함을 경험할 수 있음을 의미한다. 사업자별로는 SKT 30개, KT 24개, LGU+ 11개 지역에서 LTE 품질미흡이 확인됐다.최우혁 과기정통부 네트워크정책실장은 “앞으로도 실내, 지하, 교통시설, 농어촌 등 취약지역을 중심으로 품질 측정과 평가 방식을 지속 고도화하고, 2026년 5G SA(단독모드)에 대비한 지표 개발과 평가를 통해 통신 인프라 고도화를 촉진하겠다“고 말헀다."
https://n.news.naver.com/mnews/article/011/0004573056?sid=105,2025-12-30 17:36:18,IT/과학,고화질 영상 볼 땐 SKT…다운로드는 KT가 가장 빨라,"과기정통부, 5G 통신 품질 평가 결과 발표농어촌 지역 속도 SKT 우세···LGU+ 뒤이어[서울경제]SK텔레콤이 고화질 영상을 볼 때 끊김이나 화면이 멈추는 현상 없이 가장 안정적인 서비스를 제공하는 것으로 나타났다. KT는 다운로드 속도 분야에서 처음으로 1위를 차지했다.과학기술정보통신부는 30일 이러한 내용을 담은 ‘2025 통신 서비스 커버리지 점검 및 품질 평가 결과’를 발표했다. 과기정통부는 5G 비단독모드(NSA) 환경에서 LTE 망이 5G 서비스에도 함께 활용되는 현실을 반영해, 올해부터 5G와 LTE 품질을 동시에 측정하는 방식을 도입했다. 단말과 망이 실제로 동작하는 환경을 평가에 반영하기 위해서다.통신 3사의 순위는 지표에 따라 다르게 나타났다. 전국 평균 다운로드 속도는 KT가 1030.26Mbps로 가장 빨랐고, SK텔레콤(1024.50Mbps), LG유플러스(865.88Mbps)가 뒤를 이었다. KT가 SK텔레콤보다 다운로드 속도에서 앞선 것은 2007년 관련 조사가 시작된 이래 처음이다. 지역별로는 실내에서 다운로드 속도가 가장 빨랐고, 옥외, 지하철, 고속도로, 고속철도 순으로 나타났다.웹 검색이나 SNS 숏폼처럼 낮은 속도를 요구하는 서비스에서는 통신 3사 모두 99% 안팎의 충족률을 기록했다. 다만 100Mbps 이상 속도가 요구되는 고화질 스트리밍 기준 요구속도 충족률은 SK텔레콤 98.39%, LG유플러스 98.28%, KT 97.88%로 SK텔레콤이 가장 높았다. 이통3사가 공동으로 구축한 농어촌 공동망 지역의 요구속도 충족률은 SK텔레콤 공동망 96.94%, LG유플러스 공동망 96.37%, KT 공동망 95.5%로 집계됐다. 농어촌 공동망은 통신 3사가 농어촌 지역을 나눠 5G 망을 구축하고, 이를 사업자 간에 공동으로 활용하는 방식이다.아울러 과기정통부는 5G 품질 미흡 지역도 함께 공개했다. 다운로드 전송속도가 기준속도(12Mbps) 미만인 비율이 10% 이상 발생한 지역·구간으로, 지하철 13개 구간, 고속철도 19개 구간에서 품질 미흡한 것으로 나타났다."
https://n.news.naver.com/mnews/article/366/0001133253?sid=105,2025-12-30 17:57:06,IT/과학,"KT, 5G 다운로드 속도 첫 1위… SKT는 ‘요구 속도 충족률’로 안정성 입증","통신서비스 품질평가 결과, 신규 도입한 ‘서비스별 만족률’에서 SKT 선두서울 시내 한 통신사 대리점에 통신사 로고가 붙어 있다. /연합뉴스과학기술정보통신부가 발표한 ‘2025년 통신 서비스 커버리지 및 품질평가’ 결과, KT가 전국 5G 다운로드 속도 부문에서 조사 시작 이래 처음으로 1위를 차지했다. 반면, 5G 서비스의 안정성을 보여주는 ‘요구 속도 충족률’에서는 SK텔레콤이 가장 높은 수치를 기록했다.전국 기준 5G 다운로드 속도는 KT 1030.25Mbps, SK텔레콤 1024.50Mbps, LG유플러스 865.88Mbps로 조사됐다. KT가 SK텔레콤을 앞선 것은 2007년 품질평가 도입 이후 처음이다. 전국 평균 다운로드 속도는 973.55Mbps로, 지난해(1025.52Mbps)보다 약 52Mbps 낮았다. 과기정통부는 올해 처음 5G·LTE 단말을 동시에 측정하는 방식을 도입하면서 실제 5G 비단독모드(NSA) 운용 환경을 반영한 결과라고 설명했다.올해부터 새로 도입된 ‘요구 속도 충족률’은 영상회의·스트리밍 등 서비스별로 요구되는 속도를 충족한 비율을 의미한다. 5G 전국 평균 충족률은 웹검색(5Mbps) 99.81%, SNS 짧은 영상(20Mbps) 99.46%, 고화질 스트리밍(100Mbps) 98.18%였다.사업자별로는 SKT 98.39%, LGU+ 98.28%, KT 97.88%로, SKT가 안정성 측면에서 가장 우수한 것으로 평가됐다. SKT는 “업로드 속도, 접속 시간, 지연율, 손실률 등 고객 체감 품질에서도 우위였다”고 밝혔다. KT는 “5G 다운로드 1위뿐 아니라 유선 1·10기가 인터넷 속도에서도 9년 연속 1위를 달성했다”고 강조했다. LG유플러스는 “600개 평가 지역 중 17곳만 품질 미흡으로 나타나 3사 중 가장 적었다”고 설명했다.LTE 전국 평균 다운로드 속도는 96.18Mbps로, 지난해 178.05Mbps 대비 절반 수준으로 낮아졌다. 사업자별로는 SKT 119.36Mbps, KT 88.38Mbps, LGU+ 80.79Mbps 순이었으며, 영상회의 기준 전국 충족률은 SK텔레콤 82.16%, KT 72.04%, LG유플러스+ 68.45%로 나타났다.고속철도·지하철 등 이동 구간의 5G 품질 문제도 여전했다. 5G 기준 속도(12Mbps)를 충족하지 못한 비율이 10% 이상인 ‘품질 미흡 지역’은 전체의 5.3%(32개 구간)였다. 특히 KTX 천안아산~오송~대전~김천구미 구간 등 5개 구간은 지난해에 이어 미흡 판정을 받았다. 과기정통부는 “2027년까지 고속철도 전 구간의 품질을 획기적으로 개선하겠다”며, 내년 경부선·호남선 구간부터 설비 투자를 확대할 계획이라고 밝혔다.최우혁 정보보호네트워크정책실장은 “5G 단독모드(SA) 도입에 맞춘 새 평가체계를 개발해 이용자 체감 중심의 품질 향상을 이끌겠다”고 말했다. 품질평가 결과는 내년 초 ‘스마트초이스에 공개된다."
https://n.news.naver.com/mnews/article/014/0005456155?sid=105,2025-12-30 18:41:15,IT/과학,SKT 스트리밍·KT 다운로드 '최고'… LGU+ 미흡지역 최소,"통신3사 5G 체감 품질 평가웹검색·숏폼 충족률 모두 안정적빠른 속도 필요한 서비스서 차이대도시와 농어촌 간 격차도 여전경부선 등 철도구간 개선 본격화올해 이용자가 실제 체감하는 5세대(5G)망 통신 품질 평가 조사에서 통신3사 모두 안정적 품질을 제공하는 것으로 나타났다. 고화질 스트리밍 서비스에선 SKT가 가장 빠른 속도를 나타냈고, 5G 다운로드 속도 측면에선 KT가장 빨랐다. 5G·LTE 품질 미흡 지역이 가장 적은 통신사는 LG U+였다.■고화질 스트리밍 SKT가 가장 빨라30일 과학기술정보통신부와 한국지능정보사회진흥원(NIA)이 발표한 2025년 통신서비스 커버리지 점검 및 품질평가 실시 결과에 따르면 올해 5G망의 품질평가 결과 서비스별 전국 요구속도 충족률은 초당 5메가비트(5Mbps)가 요구되는 웹검색 99.81%, 20Mbps가 요구되는 사회관계망서비스(SNS) 숏폼은 99.46%로 모두 99% 이상 요구속도 충족률로 안정적인 품질이 제공됐다. 다만, 빠른 속도가 요구되는 서비스로 갈수록 격차가 발생했다.다만 100Mbps 이상 속도가 요구되는 고화질 스트리밍 기준 요구속도 충족률은 3사간 조금 더 격차를 보였다. SKT 98.39%, LG U+ 98.28%, KT 97.88%로, SKT가 가장 높았고 LG U+, KT 순으로 나타났다. 고화질스트리밍(100Mbps) 기준 지역유형별 요구속도 충족률은 옥외지역 98.1%, 실내시설 98.73%, 지하철 98.56%, 고속도로 97.12%, 고속철도 81.44%로 조사됐다. 도시 규모별 요구속도 충족률은 대도시 99.08%, 농어촌 96.05%로 농어촌 지역이 대도시 대비 3.03%p 낮은 것으로 나타났다.전국 5G 평균 다운로드 속도는 973.55Mbps로 전년(1025.52Mbps) 대비 약 52Mbps 감소했다. 5G·LTE 동시 측정 기준으로 KT가 1030.26Mbps로 가장 빨랐다. 다음으로 SKT 1024.50Mbps, LG U+ 865.88Mbps 순이었다.지역유형별 평균속도는 실내시설 1057.90Mbps, 옥외지역 906.94Mbps, 지하철 928.67Mbps, 고속도로 585.42Mbps, 고속철도 393.01Mbps로 확인됐다. 도시규모별로는 대도시 1089.72Mbps, 중소도시 995.96Mbps 농어촌 617.47Mbps로 나타났다.■고속철도의 통신품질 미흡 여전전체 600개 평가 대상 중 기준 속도(12Mbps)를 넘지 못한 비율이 10% 이상 측정되는 5G 품질 미흡은 32개(5.3%) 지역에서 확인됐다. 미흡 평가를 받은 3사 관리 지역 중 LG U+ 관리 구간이 가장 적은 것으로 나타났다. 지하철 13개 구간(SKT 6개, KT 6개, LG U+ 3개, 사업자별로 중복된 구간 존재)과 KTX·SRT 고속철도 경부·호남선 등의 19개 구간(KT 공동망 11개, SKT 공동망 7개, LG U+ 공동망 3개, 사업자별로 중복된 구간 존재)에서 주로 나타났다.고속철도의 품질미흡은 통신사업자 간 5G망을 공동 활용하는 구간에서 주로 발생했다. 과기정통부는 품질문제가 고질적으로 발생하는 고속철도에 대해 '공동망 2.0' 기술을 적용해 적극 개선해 나간다는 방침이다.단독망 전환 수준의 설비 투자를 통해 내년까지 품질 미흡이 빈번한 경부선, 호남선을 우선 개선한다. 또 2027년까지 고속철도 전 구간에 대한 품질을 획기적으로 개선해 나갈 계획이다.5G 커버리지 점검은 5G 신호세기를 측정해 접속가능비율을 확인하고, 기준 이하의 신호세기가 10% 이상(접속가능비율 90% 이하) 확인된 경우 접속미흡으로 구분해 개선을 요구하는 점검 방식이다. 5G 접속가능비율이 낮을수록 5G 전파 신호세기가 약한 서비스 음영지역이 넓다고 볼 수 있다. 350개 주요시설을 점검한 결과 5G 접속가능비율은 97.69%로 나타났다. 접속가능비율이 90% 이하인 접속 미흡시설은 27개소(7.7%, LG U+ 17개소, SKT 14개소, KT 14개소, 사업자별 일부 지역 중복)에서 확인됐다."
https://n.news.naver.com/mnews/article/018/0006192342?sid=105,2025-12-30 21:31:09,IT/과학,KT 펨토셀 보안조치 후 추가 취약점 지적…해외 컨퍼런스서 테스트 결과 공개 [only이데일리],"보안 조치 이후에도 ‘인증서 우회’로 코어망 접속29일 유럽 최대 보안 컨퍼런스 ‘39C3’에서 시연IPsec 다운그레이드·아이폰 평문 논란 재소환…정부도 “추가 유출 단정 못 해”KT ""해당 단말기 암호화 조치 완료...보안 패치 적용후에는 안전""[이데일리 권하영 기자] 대규모 고객정보 유출과 무단 소액결제에 악용됐던 KT(030200) 초소형 기지국 장비(펨토셀)가 보안 조치 이후에도 해외 연구진 실험에서 단 30분 만에 뚫린 것으로 확인됐다.류제명 과학기술정보통신부 제2차관이 29일 서울 종로구 정부서울청사에서 열린 KTㆍLGU+ 침해사고 조사 결과 브리핑에서 취재진 질문에 답하고 있다. 사진=연합뉴스30일 보안업계에 따르면 지난 29일(현지시간) 독일 함부르크에서 글로벌 해커 연합체 ‘카오스 컴퓨터 클럽(CCC)’이 주최한 유럽 최대 보안 컨퍼런스 ‘39C3’에서 박신조 독일 베를린공대 박사 등 연구진은 이달 23일 진행한 KT 펨토셀의 보안 취약점 테스트 결과, 30분 만에 우회 공격으로 새로운 인증서를 발급받는 것이 가능했다고 발표했다.KT는 불법 펨토셀로 인한 무단 소액결제 사태 이후 지난 9월 펨토셀 인증서 유효 기간을 기존 10년에서 1개월로 단축하고 KT 유선 IP 외 망 접속 요구를 차단, 11월에는 제품별 별도 인증서 발급 등 보안 조치를 한 바 있다. 그러나 이 같은 조치가 이뤄진 이후에도 여전히 신규 인증서 발급이 가능한 취약점이 발견된 것이다. KT는 해당 취약점에 대해 26일 추가 보안 패치를 완료한 상태다.연구진은 또한 해킹된 펨토셀이 통신 데이터가 오가는 종단암호화(IPsec) 해제를 유도(Downgrading)하자 샤오미 등 특정 제조사 단말이 이를 그대로 수락하는 구조도 확인했다. 반용휴 연구원은 “SK텔레콤(017670)과 LG유플러스(032640)는 대부분 제조사에 암호화 적용을 요청했으나, KT는 일부만 조치했고 아이폰은 10년 동안 암호화 해제 상태였다가 뒤늦게 업데이트됐다”고 지적했다.이는 실제 정부 민관합동조사단 조사 결과에서도 확인된 내용이다. 조사단은 지난 29일 브리핑에서 “KT 불법 펨토셀이 IPsec을 해제해 평문 상태의 통화 탈취가 가능했고, 특히 아이폰 16 이하 단말은 암호화가 지원되지 않아 문자가 평문으로 전송되는 문제가 있었다”고 밝혔다. KT는 현재 해당 단말에 대해 암호화 조치를 완료했다고 설명했다.정부도 “추가 유출 여부 단정 못 해”…조사 한계 뚜렷이번 시연 결과는 결국 정부가 발표한 최종 조사 결과의 맹점과도 맞닿아 있다. 민관합동조사단은 29일 KT 침해사고 조사 종결 브리핑에서 사고 원인과 경위를 발표했지만, 무단 결제에 사용된 정보 유출 경로를 끝내 확인하지 못했으며 펨토셀 해킹과 KT 서버 악성코드 감염 간 연관성 역시 규명하지 못했다. 또한 기록이 남아 있지 않은 기간의 피해 가능성에 대해서도 확인 불가 입장을 밝혔다.류제명 과학기술정보통신부 2차관은 “조사단이 확인할 수 있는 범위는 회사 로그 기록이 남아 있는 기간으로 한정된다”며 “유출 여부를 단정할 수 없다”고 말했다. 다만 “펨토셀의 경우 보안 조치 이후 모니터링 결과 의심 정황이 없었고, 현재로서는 불법 펨토셀로 인한 망 침투 가능성은 없다고 판단한다”고 언급했다.그러나 이번 해외 연구진 시연 결과를 고려하면, 펨토셀을 노린 추가 해킹 가능성을 완전히 배제하기는 어렵다는 지적이 나온다. 해킹 방식이 진화하는 현실과 조사 공백 기간의 불확실성, 인증·암호화 체계의 허점이 드러난 만큼 이용자 불안은 쉽게 가라앉지 않는 분위기다.한편, KT는 이에 대해 “보안패치 적용 전 펨토셀 장비를 대상으로 진행한 테스트에서도 코어망 접속에는 실패했다”며 “보안패치 적용 후에는 우회 공격을 통한 인증서 발급도 실패했다”고 전했다."
https://n.news.naver.com/mnews/article/021/0002760520?sid=101,2025-12-30 23:11:12,경제,"개인정보 유출은 SKT, 악성코드 감염은 KT가 피해 더 컸다","KT도 위약금 면제…영업정지는 면해LG U+는 경찰 수사 앞둬KT 광화문 사옥. 연합뉴스KT 해킹 사고가 악성코드 감염 규모 측면에서 SK텔레콤 해킹보다 큰 규모의 피해를 낸 것으로 나타났다.과학기술정보통신부 민관합동조사단이 29일 광화문 정부서울청사에서 발표한 KT·LGU+ 침해사고 최종 조사 결과에 따르면, KT 해킹 피해는 앞서 해킹이 발생한 SK텔레콤과 비교해 악성코드 종류·개수·감염 범위가 더 광범위했다.SK텔레콤은 28대 서버에서 BPF도어 계열 27종을 포함해 모두 33종의 악성코드 감염이 확인된 반면, KT는 94대 서버에서 BPF도어, 루트킷 등 103종의 악성코드 감염이 확인됐다.KT에서는 고객들에게서 소액결제로 빠져나간 금액이 2억4000여만 원에 달하는 실제 금전 피해가 발생하기도 했다.다만, 개인정보 유출 측면에서는 SK텔레콤이 2300만명이 넘는 가입자 대부분의 전화번호, 가입자식별번호(IMSI), 유심 인증키(Ki·OPc) 등 25종의 개인정보가 유출돼 2만2000여 명의 가입자식별번호(IMSI), IMEI, 전화번호 등이 유출된 것으로 파악된 KT보다 피해가 더 컸다.다만 KT는 서버 내부 파일접근 및 실행, 오류 등 동작을 기록하는 시스템로그 보관 기간이 1∼2개월에 불과해 로그기록이 남아있지 않은 기간에 대한 유출 여부는 확인이 불가능해 피해 정도를 가늠하기 어렵단 한계가 존재한다.LGU+의 경우 침해사고와 관련해 허위 자료 제출과 서버 폐기 정황이 드러나 강도 높은 경찰 수사가 예고됐다.KT는 SK텔레콤 해킹 사태와 달리 신규 영업 정지는 피했지만 위약금 면제 조치는 동일하게 적용받게 됐다.조사단은 KT 이용약관에 규정된 ‘회사 귀책 사유로 이용자가 서비스를 해지할 경우 위약금을 면제한다’는 조항을 근거로 이번 해킹 사고가 위약금 면제 사유에 해당한다고 판단했다.조사단은 침해사고 과정에서 KT의 과실이 확인됐고, 안전한 통신서비스 제공이라는 계약상 주된 의무를 다하지 못했다고 봤다. 이에 따라 특정 피해 고객에게 국한하지 않고 전체 이용자를 대상으로 약관상 위약금 면제 사유가 성립한다고 결론 내렸다."
https://n.news.naver.com/mnews/article/003/0013684853?sid=105,2025-12-31 06:01:00,IT/과학,"""많다고 잘한다는 건 아냐"" 보안 투자의 역설…상위 5위 기업 중 4곳 털렸다","과기정통부, '정보보호 공시 현황 분석보고서' 공개 봤더니KT·쿠팡·LGU+·SKT, 국내 보안투자 랭킹 5순위에 포함공시와 실제 보안 수준 간 괴리 드러나보안 전문가들 ""투자액·전문인력수 보단 실질적인 관리체계 더 중요""[서울=뉴시스] 김선웅 기자 = 김범석 쿠팡 Inc 의장이 오는 30일부터 이틀 간 진행되는 국회의 쿠팡 연석 청문회에 재차 불출석 의사를 밝히면서 책임 회피 논란이 거세지고 있다. 또한 쿠팡은 29일 대규모 개인정보 유출에 대한 보상안을 발표했다. 발표된 보상안에 따르면 인당 5만원씩, 피해고객 3370만 명에게 총 1조6850억원을 지급한다. 다만 이는 실제 화폐 5만원이 아닌 쿠팡 서비스별 구매 이용권으로 실질적인 보상이 아닌 '판촉 행사를 통한 소비자 기만'이라는 비판이 나오고 있다. 사진은 29일 서울 송파구 쿠팡 본사 건물 앞에 걸린 쿠팡 규탄 현수막. 2025.12.29. mangusta@newsis.com[서울=뉴시스]윤정민 기자 = 올해 정보보호 부문에 예산을 많이 투입한 국내 상위 5개 기업 중 4곳이 올해 개인정보 유출 사고로 홍역을 치르고 있다. 현장에서 정보 보호 관리 체계가 제대로 운용되지 되지 않을 경우 보안 시스템·장비 투자가 많았더라도 무용지물이 될 수 있음을 경고하는 지표다.31일 과학기술정보통신부가 발표한 '2025년 정보보호 공시 현황 분석보고서'에 따르면 올해 정보보호 투자액 부문 상위 기업 5곳은 삼성전자(3478억원), KT(1250억원), 쿠팡(890억원), LG유플러스(828억원), SK텔레콤(652억원)이다.[서울=뉴시스] 30일 과학기술정보통신부가 발표한 '2025년 정보보호 공시 현황 분석보고서' 내 전 업종 정보보호 투자액(위), 전담 인력(아래) 상위 기업 목록 (사진=보고서 캡처) *재판매 및 DB 금지이 중 삼성전자를 제외한 기업 4곳이 사이버 침해사고로 이런 저런 홍역을 치뤘다.KT의 경우 지난 8월 불법 기지국 장비를 활용한 범죄 피해로 가입자 2만2227명의 개인정보가 유출됐다. 이 가운데 368명은 약 2억4000만원 규모의 무단 소액결제 피해를 입었다.민관합동조사 결과에 따르면 정작 보안 시스템 투자 대비 통신운용관리 체계는 허술했던 것으로 밝혀졌다. 19만여개의 펨토셀이 모두 동일한 이증서를 사용해 정상 펨토셀이 아니더라도 KT망에 접속할 수 있었다. 암호화 조치도 부실했다.쿠팡은 지난달 3370만명 규모의 개인정보 유출 사고를 냈다. 퇴직 직원 계정을 즉시 차단하지 않는 등 기본적인 보안 수칙에 해당하는 내부 계정 관리·접근 통제가 미흡했던 점이 직접적인 사고 원인이다.SK텔레콤은 지난 4월 가입자 2696만여명의 개인정보 25개 항목 유출 사고를 겪었다. 가입자식별번호(IMSI), 단말기식별번호(IMEI) 등 개인을 특정할 수 있는 핵심 정보까지 포함되자 유심 교체를 위해 대리점마다 긴 줄이 늘어서는 이른바 '유심 대란'이 벌어졌다.LG유플러스의 경우 최근 민관합동조사 결과 회사 내부 서버에서 서버목록, 서버 계정정보, 임직원 성명 등 정보가 유출된 사실이 확인됐다. 다만 사고와 관련된 서버 폐기 의혹이 있어 경찰 수사를 앞두고 있다.투자 늘렸지만 사고는 못 막았다…쿠팡·LGU+의 공통점"
https://n.news.naver.com/mnews/article/018/0006192473?sid=101,2025-12-31 08:23:13,경제,"KT, 이익추정치 하향 불가피…4분기 배당 가시성↓-유안타","[이데일리 권오석 기자] 유안타증권이 KT(030200)에 대해 “위약금 면제에 따른 마케팅 경쟁 가능성 감안시 단기적으로는 보수적인 접근을 권고한다”고 31일 밝혔다.(사진=유안타증권)이승웅 유안타증권 연구원은 “지난 한주간 통신업종은 -1.3%(vs 코스피 +2.4%)로 시장수익률을 하회했다. 보안이슈가 지속되며 통신업종은 소외됐다”며 “기관 투자자는 SKT, KT, LGU+를 순매도했고 외국인 투자자는 KT를 순매수하고 SKT와 LGU+는 순매도했다”고 분석했다.이 연구원은 전날(30일) KT가 침해사고 관련 4000억원 규모의 보상안을 발표한 것에 대해 “기존의 유심 무상교체를 포함해 12월 31일~1월 13일 전체 가입자 대상으로 위약금을 면제하고 6개월간 고객보답 프로그램을 실시한다. 100GB 데이터, OTT 이용권, 인기 멤버십 할인 등도 제공한다”고 설명했다.이어 “1월 위약금 외에 발생하는 비용은 4Q25(2025년 4분기) 실적에 반영될 예정이다. 이익추정치 하향조정이 불가피하다”며.“4Q25 배당 가시성이 낮아진 상태다. 배당 미실시 가능성은 낮으나 전분기와 동일한 주당 600원에 대한 불확실성이 존재한다”고 덧붙였다."
https://n.news.naver.com/mnews/article/031/0000993247?sid=105,2025-12-31 09:00:13,IT/과학,LGU+ 임원 참여 기부 누적액 3.5억원 돌파,"올해 CEO 포함 임원 68명 참여⋯약 4000만원 기부LG유플러스(대표 홍범식)는 나눔 문화 확산을 위해 9년째 이어지고 있는 임원 참여 사회공헌 기금의 누적액이 3억5000만원을 돌파했다고 31일 밝혔다.올해 11월 진행된 119 메모리얼데이 행사 현장 모습. [사진=LGU+]상무 이상 전 임원이 자발적으로 참여하고 있는 나눔 활동은 매월 일정 금액을 급여에서 공제해 기금을 조성하는 방식으로 진행된다. 2017년부터 이어져 현재까지 누적 참여 인원은 600명에 달한다. 올해는 홍범식 LG유플러스 대표를 비롯해 68명 임원이 참여해 약 4000만원을 모금했다.지금까지 임원들이 모금한 기부금은 주거 취약계층 주거와 시설 환경을 개선하기 위한 희망하우스 건립에 쓰였다. 지난해 기준 17채를 완공했다.올해 모금된 금액은 119 메모리얼데이 행사에 활용됐다. 소방관 헌신과 희생을 기억하고 감사의 마음을 전하는 추모 러닝 페스티벌로 약 2300명이 참가하며 성황리에 종료됐다.LG유플러스는 앞으로도 나눔 문화 확산을 위한 다양한 활동을 지속적으로 이어갈 계획이다.LG유플러스는 ""임직원들이 직접 참여하는 나눔 활동의 확산으로 밝은 에너지를 전파하는 기업 문화가 자리 잡았다""며 ""적극적인 나눔 문화 확산과 함께 고객 초집중 전략과 차별적 경쟁력을 통해 '밝은 세상 만들기'에 전 임직원이 함께 기여할 것""이라고 말했다."
https://n.news.naver.com/mnews/article/016/0002579244?sid=105,2025-12-31 09:01:17,IT/과학,"LGU+, 임원 참여 기부 누적액 3억5000만원 돌파","2017년 나눔문화 확산…임원 68명, 4천만원 기부메모리얼데이 활용, 나눔 문화 확산으로 밝은 세상지난 11월 진행된 ‘119 메모리얼데이’ 행사 현장 모습. [LG유플러스 제공][헤럴드경제=고재우 기자] LG유플러스는 나눔 문화 확산을 위해 9년째 이어져 온 임원 참여 사회공헌 기금의 누적액이 3억5000만원을 돌파했다고 31일 밝혔다.상무 이상의 전 임원이 자발적으로 참여하고 있는 나눔 활동은 매월 일정 금액을 급여에서 공제해 기금을 조성하는 방식으로 진행된다. 지난 2017년부터 이어져 현재까지 누적 참여 인원은 600명에 달한다. 올해는 홍범식 CEO를 비롯해 68명의 임원이 참여해 약 4000만 원을 모금했다.임원들이 모금한 기부금은 주거 취약계층의 주거와 시설 환경을 개선하기 위한 ‘희망하우스’ 건립에 사용됐다. 지난해 기준 총 17채가 완공됐다.올해 모금된 기부금은 순직 소방관을 기리기 위한 ‘119 메모리얼데이’ 행사에 쓰였다. 지난 11월 세종중앙공원 도시축제마당에서 개최된 119 메모리데이는 소방관의 헌신과 희생을 기억하고, 감사의 마음을 전하는 추모 러닝 페스티벌이다. 행사에는 약 2300명의 참가했다.앞으로도 LG유플러스는 나눔 문화 확산을 위해 다양한 활동을 이어갈 계획이다. 실제로 ▷임직원 급여 공제를 통한 나눔 실천인 ‘천원의 사랑’ ▷저소득 장애 가정 중학생의 자산 형성을 지원하는 ‘두드림 요술통장’ ▷경영진이 직접 참여하는 아동보호시설 정기 봉사활동 ▷임직원 경매 수익금을 통해 전국 맹학교에 ICT 도서관을 조성하는 ‘희망도서관’ 사업 등을 매해 추진해 왔다.LG유플러스 관계자는 “임직원들이 직접 참여하는 나눔 활동의 확산으로 밝은 에너지를 전파하는 기업 문화가 자리 잡았다”며 “앞으로도 나눔 문화 확산과 함께 ‘밝은 세상 만들기’에 전 임직원이 함께 이바지해 나갈 것”이라고 말했다."
https://n.news.naver.com/mnews/article/003/0013685072?sid=105,2025-12-31 09:01:57,IT/과학,"LGU+, 임원 참여 누적 기부금 3.5억…올해 4000만원 모금","지난 2017년부터 600여명 참여…올해엔 홍범식 CEO 등 68명 참여[서울=뉴시스]LG유플러스는 나눔 문화 확산을 위해 임원들이 자발적으로 참여한 사회공헌 기금 누적액이 3억5000만원을 돌파했다고 30일 밝혔다. 사진은 지난 11월 진행된 '119 메모리얼데이' 행사 현장 모습. (사진=LG유플러스 제공)[서울=뉴시스]윤현성 기자 = LG유플러스는 나눔 문화 확산을 위해 9년째 이어져 온 임원 참여 사회공헌 기금의 누적액이 3억5000만원을 돌파했다고 31일 밝혔다.상무 이상의 전 임원이 자발적으로 참여하고 있는 나눔 활동은 매월 일정 금액을 급여에서 공제해 기금을 조성하는 방식으로 진행된다. 2017년부터 이어져 현재까지 누적 참여 인원은 600명에 달한다. 올해는 홍범식 CEO를 비롯해 68명의 임원이 참여해 약 4000만원을 모금했다.지금까지 임원들이 모금한 기부금은 주거 취약계층의 주거와 시설 환경을 개선하기 위한 '희망하우스' 건립에 사용됐으며 지난해 기준 총 17채가 완공됐다.올해 모금된 금액은 소방청과 협업해 순직 소방관을 기리기 위한 '119 메모리얼데이' 행사에 활용됐다. 지난 11월 세종중앙공원 도시축제마당에서 개최된 119 메모리얼데이는 소방관의 헌신과 희생을 기억하고 감사의 마음을 전하는 추모 러닝 페스티벌로, 약 2300명의 참가자가 함께했다.LG유플러스는 앞으로도 나눔 문화 확산을 위한 다양한 활동을 지속적으로 이어갈 계획이다. LG유플러스는 ▲임직원 급여 공제를 통한 나눔 실천인 '천원의 사랑' ▲저소득 장애가정 중학생의 자산 형성을 지원하는 '두드림 요술통장' ▲경영진이 직접 참여하는 아동보호시설 정기 봉사활동 ▲임직원 경매 수익금을 통해 전국 맹학교에 ICT 도서관을 조성하는 '희망도서관' 사업 등을 매년 꾸준히 추진해왔다.LG유플러스 관계자는 ""임직원들이 직접 참여하는 나눔 활동의 확산으로 밝은 에너지를 전파하는 기업 문화가 자리 잡았다""며 ""앞으로도 적극적인 나눔 문화 확산과 함께 고객 초집중 전략과 차별적 경쟁력을 통해 ‘밝은 세상 만들기’에 전 임직원이 함께 기여해나갈 것""이라고 말했다."
https://n.news.naver.com/mnews/article/014/0005456307?sid=105,2025-12-31 09:06:16,IT/과학,"LG U+, 임원 참여 기부 누적액 3억 5000만원 돌파","지난 11월 진행된 ‘119 메모리얼데이’ 행사 현장. LG유플러스 제공[파이낸셜뉴스] LG유플러스는 나눔 문화 확산을 위해 9년째 이어져 온 임원 참여 사회공헌 기금의 누적액이 3억5000만원을 돌파했다고 31일 밝혔다.상무 이상의 전 임원이 자발적으로 참여하고 있는 나눔 활동은 매월 일정 금액을 급여에서 공제해 기금을 조성하는 방식으로 진행된다. 2017년부터 이어져 현재까지 누적 참여 인원은 600명에 달한다. 올해는 홍범식 CEO를 비롯해 68명의 임원이 참여해 약 4000만원을 모금했다.지금까지 임원들이 모금한 기부금은 주거 취약계층의 주거와 시설 환경을 개선하기 위한 ‘희망하우스’ 건립에 사용되었으며, 지난해 기준 총 17채가 완공됐다.올해 모금된 금액은 소방청과 협업해 순직 소방관을 기리기 위한 ‘119 메모리얼데이’ 행사에 활용됐다. 지난 11월 세종중앙공원 도시축제마당에서 개최된 이 행사는 소방관의 헌신과 희생을 기억하고 감사의 마음을 전하는 추모 러닝 페스티벌이다. 약 2300명의 참가자가 함께 했다.LG유플러스는 앞으로도 나눔 문화 확산을 위한 다양한 활동을 지속적으로 이어갈 계획이다. 실제 LG유플러스는 △임직원 급여 공제를 통한 나눔 실천인 ‘천원의 사랑’ △저소득 장애가정 중학생의 자산 형성을 지원하는 ‘두드림 요술통장’ △경영진이 직접 참여하는 아동보호시설 정기 봉사활동 △임직원 경매 수익금을 통해 전국 맹학교에 정보통신기술(ICT) 도서관을 조성하는 ‘희망도서관’ 사업 등을 매년 꾸준히 추진해왔다.LG유플러스 관계자는 ""임직원들이 직접 참여하는 나눔 활동의 확산으로 밝은 에너지를 전파하는 기업 문화가 자리 잡았다""며 ""앞으로도 적극적인 나눔 문화 확산과 함께 고객 초집중 전략과 차별적 경쟁력을 통해 ‘밝은 세상 만들기’에 전 임직원이 함께 기여해나갈 것""이라고 말했다."
https://n.news.naver.com/mnews/article/421/0008688069?sid=105,2025-12-31 09:20:17,IT/과학,"LGU+, 임원 참여 기부 누적액 3억5000만원 돌파","올해 임원 68명 약 4000만 원 기부(LG유플러스 제공)(서울=뉴스1) 나연준 기자 = LG유플러스(032640)는 나눔 문화 확산을 위해 9년째 이어 온 임원 참여 사회공헌 기금의 누적액이 3억 5000만 원을 돌파했다고 31일 밝혔다.상무 이상의 전 임원이 자발적으로 참여하고 있는 나눔 활동은 매월 일정 금액을 급여에서 공제해 기금을 조성하는 방식으로 진행된다. 2017년부터 이어져 현재까지 누적 참여 인원은 600명에 달한다. 올해는 홍범식 CEO를 비롯해 68명의 임원이 참여해 약 4000만 원을 모금했다.지금까지 임원들이 모금한 기부금은 주거 취약계층의 주거와 시설 환경을 개선하기 위한 '희망하우스' 건립에 사용됐다. 지난해 기준 총 17채가 완공됐다.올해 모금된 금액은 소방청과 협업하여 순직 소방관을 기리기 위한 '119 메모리얼데이' 행사에 활용됐다. 지난 11월 세종중앙공원 도시축제마당에서 개최된 '119 메모리얼데이'는 소방관의 헌신과 희생을 기억하고 감사의 마음을 전하는 추모 러닝 페스티벌로 약 2300명의 참가자가 함께했다.이외에도 LG유플러스는 나눔 문화 확산을 위해 △임직원 급여 공제를 통한 나눔 실천인 '천원의 사랑' △저소득 장애가정 중학생의 자산 형성을 지원하는 '두드림 요술통장' △경영진이 직접 참여하는 아동보호시설 정기 봉사활동 △임직원 경매 수익금을 통해 전국 맹학교에 ICT 도서관을 조성하는 '희망도서관' 사업 등을 추진해 왔다.LG유플러스 관계자는 ""앞으로도 적극적인 나눔 문화 확산과 함께 고객 초집중 전략과 차별적 경쟁력을 통해 '밝은 세상 만들기'에 전 임직원이 함께 기여해나갈 것""이라고 말했다."
https://n.news.naver.com/mnews/article/001/0015821994?sid=102,2025-12-31 09:44:34,사회,"LGU+, 임원 참여 기부 누적액 3억5천만원 돌파","[LG유플러스 제공. 재판매 및 DB 금지](서울=연합뉴스) 박형빈 기자 = LG유플러스는 9년째 이어온 임원 참여 사회공헌 기금 누적액이 3억5천만원을 돌파했다고 31일 밝혔다.상무 이상의 전 임원이 자발적으로 참여하고 있는 이 기금은 매월 일정 금액을 급여에서 공제해 조성하는 방식으로 운영된다.2017년부터 현재까지 누적 참여 인원은 600명에 달하며 올해는 홍범식 최고경영자(CEO)를 비롯해 68명의 임원이 참여해 약 4천만원을 모금했다.지금까지 임원들이 모금한 기부금은 주거 취약계층의 주거와 시설 환경을 개선하기 위한 '희망하우스' 건립에 사용되었으며, 지난해 기준 총 17채가 완공됐다.올해 모금된 금액은 소방청과 협업하여 순직 소방관을 기리기 위한 '119 메모리얼데이' 행사에 활용됐다.LG유플러스 관계자는 ""임직원들이 직접 참여하는 나눔 활동의 확산으로 밝은 에너지를 전파하는 기업 문화가 자리 잡았다""며 ""앞으로도 적극적인 나눔 문화 확산과 함께 고객 초집중 전략과 차별적 경쟁력을 통해 '밝은 세상 만들기'에 전 임직원이 함께 기여해나갈 것""이라고 말했다.binzz@yna.co.kr"
https://n.news.naver.com/mnews/article/030/0003385578?sid=105,2025-12-31 09:54:16,IT/과학,"LGU+, 임원 참여 기부 누적액 3억5000만원 돌파","지난 11월 진행된 '119 메모리얼데이' 행사 현장 모습LG유플러스는 임원 참여 사회공헌 기금의 누적액이 3억5000만원을 돌파했다고 밝혔다.상무 이상의 전 임원이 자발적으로 참여하고 있는 나눔 활동은 매월 일정 금액을 급여에서 공제해 기금을 조성하는 방식으로 진행된다. 2017년부터 이어져 현재까지 누적 참여 인원은 600명에 달한다. 올해는 홍범식 CEO를 비롯해 68명의 임원이 참여해 약 4000만원을 모금했다.지금까지 임원들이 모금한 기부금은 주거 취약계층의 주거와 시설 환경을 개선하기 위한 '희망하우스' 건립에 사용됐으며, 지난해 기준 총 17채가 완공됐다.올해 모금된 금액은 소방청과 협업하여 순직 소방관을 기리기 위한 '119 메모리얼데이' 행사에 활용됐다. 지난 11월 세종중앙공원 도시축제마당에서 개최된 '119 메모리얼데이'는 소방관의 헌신과 희생을 기억하고 감사의 마음을 전하는 추모 러닝 페스티벌로, 약 2300명의 참가자가 함께하며 성황리에 종료됐다.LG유플러스는 앞으로도 나눔 문화 확산을 위한 다양한 활동을 지속적으로 이어갈 계획이다.LG유플러스 관계자는 “임직원들이 직접 참여하는 나눔 활동의 확산으로 밝은 에너지를 전파하는 기업 문화가 자리 잡았다”며 “앞으로도 적극적인 나눔 문화 확산과 함께 고객 초집중 전략과 차별적 경쟁력을 통해 '밝은 세상 만들기'에 전 임직원이 함께 기여해나갈 것”이라고 말했다."
https://n.news.naver.com/mnews/article/422/0000817687?sid=105,2025-12-31 10:05:14,IT/과학,"LGU+ ""임원 참여 누적 기부액 3억5천만원 돌파""","LG유플러스 [연합뉴스 자료사진]LG유플러스는 9년째 이어온 임원 참여 사회공헌 기금 누적액이 3억5천만원을 돌파했다고 오늘(31일) 밝혔습니다.2017년부터 현재까지 누적 참여 인원은 600명에 달하며 올해는 68명의 임원이 참여해 약 4천만원을 모금했습니다.지금까지 임원들이 모금한 기부금은 주거 취약계층의 주거와 시설 환경을 개선하기 위한 '희망하우스' 건립에 사용되었으며, 지난해 기준 총 17채가 완공됐습니다.올해 모금된 금액은 소방청과 협업하여 순직 소방관을 기리기 위한 '119 메모리얼데이' 행사에 활용됐습니다.LG유플러스 관계자는 ""임직원들이 직접 참여하는 나눔 활동의 확산으로 밝은 에너지를 전파하는 기업 문화가 자리 잡았다""며 ""앞으로도 적극적인 나눔 문화 확산과 함께 고객 초집중 전략과 차별적 경쟁력을 통해 '밝은 세상 만들기'에 전 임직원이 함께 기여해나갈 것""이라고 말했습니다.연합뉴스TV 기사문의 및 제보 : 카톡/라인 jebo23"
https://n.news.naver.com/mnews/article/092/0002404307?sid=105,2025-12-31 10:25:13,IT/과학,LGU+ 임원 참여 사회공헌 기금 누적 3억5천만원 돌파,"LG유플러스는 나눔 문화 확산을 위해 9년째 이어져 온 임원 참여 사회공헌 기금의 누적액이 3억5천만 원을 돌파했다고 31일 밝혔다.상무 이상의 전 임원이 자발적으로 참여하고 있는 나눔 활동은 매월 일정 금액을 급여에서 공제해 기금을 조성하는 방식으로 진행된다. 2017년부터 이어져 현재까지 누적 참여 인원은 600명에 달한다. 올해는 홍범식 CEO를 비롯해 68 명의 임원이 참여해 약 4천만 원을 모금했다.지금까지 임원들이 모금한 기부금은 주거 취약계층의 주거와 시설 환경을 개선하기 위한 ‘희망하우스’ 건립에 사용됐으며, 지난해 기준 총 17채가 완공됐다.올해 모금된 금액은 소방청과 협업하여 순직 소방관을 기리기 위한 ‘119 메모리얼데이’ 행사에 활용됐다. 지난 11월 세종중앙공원 도시축제마당에서 개최된 ‘119 메모리얼데이’는 소방관의 헌신과 희생을 기억하고 감사의 마음을 전하는 추모 러닝 페스티벌로, 약 2천300 명의 참가자가 함께하며 성황리에 종료됐다.LG유플러스는 앞으로도 나눔 문화 확산을 위한 다양한 활동을 지속적으로 이어갈 계획이다. 실제로 LG유플러스는 ▲임직원 급여 공제를 통한 나눔 실천인 ‘천원의 사랑’ ▲저소득 장애가정 중학생의 자산 형성을 지원하는 ‘두드림 요술통장’ ▲경영진이 직접 참여하는 아동보호시설 정기 봉사활동 ▲임직원 경매 수익금을 통해 전국 맹학교에 ICT 도서관을 조성하는 ‘희망도서관’ 사업 등을 매년 꾸준히 추진해왔다.LG유플러스 관계자는 ""임직원들이 직접 참여하는 나눔 활동의 확산으로 밝은 에너지를 전파하는 기업 문화가 자리 잡았다""며 ""앞으로도 적극적인 나눔 문화 확산과 함께 고객 초집중 전략과 차별적 경쟁력을 통해 ‘밝은 세상 만들기’에 전 임직원이 함께 기여해나갈 것""이라고 말했다."
https://n.news.naver.com/mnews/article/008/0005298778?sid=105,2025-12-31 10:51:57,IT/과학,"LGU+, 임원 참여 기부 누적액 3억5000만원 돌파","지난 11월 진행된 ‘119 메모리얼데이’ 행사 현장 모습. /사진=LG유플러스LG유플러스는 나눔 문화 확산을 위해 9년째 이어져 온 임원 참여 사회공헌 기금의 누적액이 3억5000만원을 돌파했다고 31일 밝혔다.상무 이상의 전 임원이 자발적으로 참여하고 있는 나눔 활동은 매월 일정 금액을 급여에서 공제해 기금을 조성하는 방식으로 진행된다.2017년부터 이어져 현재까지 누적 참여 인원은 600명에 달한다. 올해는 홍범식 LG유플러스 대표를 비롯해 68명의 임원이 참여해 약 4000만원을 모금했다.지금까지 임원들이 모금한 기부금은 주거 취약계층의 주거와 시설 환경을 개선하기 위한 '희망하우스' 건립에 사용됐으며, 지난해 기준 총 17채가 완공됐다.올해 모금된 금액은 소방청과 협업하여 순직 소방관을 기리기 위한 '119 메모리얼데이' 행사에 활용됐다. 지난달 세종중앙공원 도시축제마당에서 개최된 119 메모리얼데이는 소방관의 헌신과 희생을 기억하고 감사의 마음을 전하는 추모 러닝 페스티벌로 약 2300명의 참가자가 함께했다.LG유플러스 관계자는 ""앞으로도 적극적인 나눔 문화 확산과 함께 고객 초집중 전략과 차별적 경쟁력을 통해 '밝은 세상 만들기'에 전 임직원이 함께 기여해나갈 것""이라고 말했다."
https://n.news.naver.com/mnews/article/016/0002579400?sid=105,2025-12-31 11:06:09,IT/과학,LGU+ 임원 기부금 누적 3억5000만원 넘었다,"상무 이상 임원 매월 급여서 공제2017년 이후 누적 600여명 참여지난 11월 진행된 ‘119 메모리얼데이’ 행사 현장 모습. [LG유플러스 제공]LG유플러스는 나눔 문화 확산을 위해 9년째 이어져 온 임원 참여 사회공헌 기금의 누적액이 3억5000만원을 돌파했다고 31일 밝혔다.상무 이상의 전 임원이 자발적으로 참여하고 있는 나눔 활동은 매월 일정 금액을 급여에서 공제해 기금을 조성하는 방식으로 진행된다. 지난 2017년부터 이어져 현재까지 누적 참여 인원은 600명에 달한다.올해는 홍범식 CEO를 비롯해 68명의 임원이 참여해 약 4000만원을 모금했다.임원들이 모금한 기부금은 주거 취약계층의 주거와 시설 환경을 개선하기 위한 ‘희망하우스’ 건립에 사용됐다. 지난해 기준 총 17채가 완공됐다.올해 모금된 기부금은 순직 소방관을 기리기 위한 ‘119 메모리얼데이’ 행사에 쓰였다. 지난 11월 세종중앙공원 도시축제마당에서 개최된 119 메모리데이는 소방관의 헌신과 희생을 기억하고, 감사의 마음을 전하는 추모 러닝 페스티벌이다. 행사에는 약 2300명이 참가했다.앞으로도 LG유플러스는 나눔 문화 확산을 위해 다양한 활동을 이어갈 계획이다. 실제로 임직원 급여 공제를 통한 나눔 실천인 ‘천원의 사랑’, 저소득 장애 가정 중학생의 자산 형성을 지원하는 ‘두드림 요술통장’, 경영진이 직접 참여하는 아동보호시설 정기 봉사활동, 임직원 경매 수익금을 통해 전국 맹학교에 ICT 도서관을 조성하는 ‘희망도서관’ 사업 등을 매해 추진해 왔다.LG유플러스 관계자는 “임직원들이 직접 참여하는 나눔 활동의 확산으로 밝은 에너지를 전파하는 기업 문화가 자리 잡았다”며 “앞으로도 나눔 문화 확산과 함께 ‘밝은 세상 만들기’에 전 임직원이 함께 이바지해 나갈 것”이라고 말했다. 고재우 기자"
https://n.news.naver.com/mnews/article/001/0015822829?sid=105,2025-12-31 15:52:32,IT/과학,KT 위약금 면제 시작…이통시장 '번호이동 경쟁' 재점화 조짐,"SKT·LGU+ 리베이트 확대…규제당국은 마케팅 과열 경고KT 이탈 고객 규모 첫 주말이 '분수령'해지 위약금 면제 나선 kt(서울=연합뉴스) 김성민 기자 = kt가 해킹 사태와 관련한 책임 조치로 2주간 위약금을 면제하고 데이터 추가 제공 등 고객 보상책을 시행한다.사진은 31일 kt가 앱을 통해 고객에게 안내한 해지 위약금 관련 메시지. 2025.12.31 ksm7976@yna.co.kr(서울=연합뉴스) 박형빈 기자 = KT가 해킹 사태 후속 조치로 해지 위약금 면제와 고객 보상안을 시행하기로 하면서 이동통신 시장 가입자 쟁탈전이 재점화될 전망이다.현재까지 KT 이탈 규모는 제한적이지만, 위약금 면제가 본격 적용되는 이번 주말을 기점으로 대규모 번호이동이 촉발될 가능성도 제기된다.31일 업계에 따르면 이날 SK텔레콤과 LG유플러스는 번호이동 고객 유치를 위해 판매장려금(리베이트) 규모를 키우며 공격적 마케팅에 나선 것으로 파악된다. 유통망을 중심으로 단말별 지원이 확대되면서 판매 경쟁이 불붙은 것이다.일례로 SK텔레콤은 5G 프리미엄 요금제 기준 갤럭시 S25 시리즈·Z플립7 번호이동 가입자에 약 90만원대 중후반, Z폴드7에는 100만원대 중후반, 아이폰 17에는 80만원대 초반 수준의 리베이트가 형성된 것으로 전해졌다.LG유플러스도 이와 비슷한 조건을 제시해 실제 소비자 부담액은 대체로 유사한 것으로 알려졌다.가입자 이탈 우려가 큰 KT는 기기변경 고객 유지를 위한 관리에 공을 들이는 한편, 일부 유통채널에서는 번호이동 지원을 확대하는 움직임도 포착되고 있다. 이탈 요인이 커진 상황에서 수성과 방어성 마케팅을 병행하는 양상이다.다만 현재까지 실제 이탈 규모는 크지 않다.KT가 위약금 면제와 고객 보상안을 발표한 전날 기준 KT 알뜰폰 이용자를 포함한 전체 망 기준 이탈자는 2천985명으로 집계됐다. 직전 주 평균 이탈자 수가 일일 2천700명대였던 점과 비교하면 유의미한 변동은 아닌 셈이다.[독자 제공. 재판매 및 DB 금지]앞서 SK텔레콤 사태 당시 단기간 급격한 번호이동이 발생했던 것과는 온도 차가 있다는 평가가 나온다.그러나 업계는 1월 1일과 첫 주말을 기점으로 이동 수요가 늘어날 가능성에 주목하고 있다. 통상 휴일·주말에 개통이 집중되는 점을 고려할 때, 이탈 추이가 확대될 여지가 있다는 것이다.이통 3사의 과열 경쟁 조짐에 규제당국도 경고 메시지를 보냈다. 방송미디어통신위원회는 최근 이통 3사에 공문을 보내 과도한 영업행위와 경쟁사 비방성 마케팅 자제를 요청한 것으로 알려졌다.그런데도 일부 유통망에서는 'KT 위약금 면제'를 전면에 내세운 문자 메시지 발송, 현수막 게시 등 공격적 유치 행위가 이어지고 있다. 다만 이통사들은 본사 차원에서 홍보를 권유한 사실은 없다는 입장이다.[독자 제공. 재판매 및 DB 금지]업계는 SK텔레콤과 LG유플러스가 KT 위약금 면제를 기회로 삼는 것은 자연스러운 흐름으로 여긴다. 아울러 리베이트 상향 경쟁이 어느 수준까지 확산하는지가 시장 판도를 좌우할 것으로 보고 있다.한편 KT 관계자는 ""본사 차원에서의 상향은 없다""며 ""고객 케어 방안의 원활한 실행이 최우선""이라고 말했다.binzz@yna.co.kr"
https://n.news.naver.com/mnews/article/422/0000817842?sid=101,2025-12-31 17:36:12,경제,"[비즈&] 하나금융, 임영웅 체크카드 적립금 2,500만원 기부 外","경제계 소식을 알아보는 비즈&(앤) 시간입니다.오늘(30일)은 어떤 소식이 있는지 살펴보겠습니다.▶ 하나금융, 임영웅 체크카드 적립금 2,500만원 기부하나금융그룹이 가수 임영웅 사진이 담긴 'HERO 체크카드' 이용 실적으로 적립된 기부금 2,500만원을 한국소아암재단에 전달했습니다.해당 체크카드로 월 5만원 이상 결제를 하면 하나카드에서 1천원을 기부금으로 적립하는데요.적립된 기부금은 가수 임영웅과 팬클럽 '영웅시대' 이름으로 기부됐다고 하나금융은 밝혔습니다.▶ 한화생명, 업계 첫 AI 보안 거버넌스 국제표준 인증한화생명이 보험업계 최초로 인공지능(AI) 보안 거버넌스 국제표준 인증을 취득했습니다.해당 인증은 국제표준화기구, ISO가 제정한 AI 경영시스템 국제표준으로, AI 기획, 개발, 운영 등 시스템 전반을 평가하는 최고 수준의 인증 제도입니다.한화생명은 총 38개 항목을 충족해 인증을 취득하게 됐습니다.한화생명은 ""앞으로도 AI 보안과 내부통제를 고도화해 신뢰할 수 있는 보험 서비스를 제공하겠다""고 밝혔습니다.▶ 펄어비스, 인도네시아 재난 피해 학교 복구 지원 기부게임 개발사 펄어비스가 인도네시아 재난 피해 학교 복구 지원에 5천만원을 기부했습니다.펄어비스는 온라인 게임 '검은사막'에서 이용자들이 게임 속에서 학교 건설에 참여할 수 있는 기부 이벤트를 진행했습니다.이후 '검은사막 모험가'라는 게임 이용자 명의로 굿네이버스에 5천만원의 기부금을 전달했습니다.이 기부금은 재난 피해를 입은 인도네시아 보고르 지역 학교의 건물 보수 비용으로 사용될 예정입니다.▶ LGU+, 임원 참여 기부 누적액 3억5천만원 돌파LG유플러스가 9년째 이어온 임원 참여 사회공헌 기금 누적액이 3억5천만원을 돌파했다고 오늘(31일) 밝혔습니다.상무 이상의 전 임원이 참여하고 있는 이 기금은 매월 일정 금액을 급여에서 공제해 조성하는 방식으로 운영되고 있습니다.지난 2017년부터 현재까지의 누적 참여인원은 6백명에 달하고, 올해는 홍범식 CEO를 비롯해 총 68명의 임원이 약 4천만원을 모금했습니다.지금까지 임원들이 모금한 기부금은 주거 취약계층의 주거환경 개선을 위한 '희망 하우스' 건립에 사용됐습니다.▶ 이재웅, 6년 만 쏘카 복귀…주총 거쳐 이사회 의장으로이재웅 전 쏘카 대표가 6년 만에 경영 일선에 복귀합니다.쏘카의 최대 주주인 이 전 대표는 내년 3월 정기 주주총회를 거쳐 쏘카 이사회 의장으로 복귀하게 됩니다.이 전 대표는 쏘카의 주력 사업인 차량 공유 사업의 경쟁력 강화와 조직 혁신을 이끄는 직책을 맡게 될 것으로 알려졌습니다.쏘카는 ""박재욱 대표가 자율주행 등 신사업을 설계하고 이 전 대표는 쏘카의 본업인 카셰어링을 이끄는 '원 팀' 체제가 될 것""이라고 밝혔습니다.#하나금융 #LG유플러스 #쏘카 #한화생명 #펄어비스연합뉴스TV 기사문의 및 제보 : 카톡/라인 jebo23"
https://n.news.naver.com/mnews/article/658/0000130921?sid=100,2025-12-31 18:49:11,정치,"부산시장 양자대결 전재수 48.1%, 박형준 35.8%","6·3 지방선거 여론조사- 후보군 8인 다자대결선- 전 30.8% vs 박 19.5%- 민주 43.2%, 국힘 36.7%- 시교육감은 김석준 우위6·3 부산시장 선거의 유력 후보군인 더불어민주당 전재수(북갑) 의원 지지율이 국민의힘 소속 박형준 부산시장보다 다자대결과 양자대결에서 모두 10%포인트 이상 앞서는 것으로 나타났다. 통일교 금품수수 의혹에 따른 경찰 수사가 시작된 후 실시된 이번 조사에서 양자 간 격차는 오차범위를 벗어난 것은 물론 최근 발표된 여론조사 중 가장 컸다.국제신문이 6·3 부산시장 선거를 앞두고 실시한 여론조사에서 더불어민주당 전재수(왼쪽 사진) 의원의 지지율이 국민의힘 소속 박형준 시장보다 10%포인트 이상 앞서는 것으로 나타났다. 국제신문 DB국제신문이 여론조사 전문기관 리얼미터에 의뢰, 31일 발표한 ‘부산시 지방선거 여론조사’에서 부산시장 후보 적합도 조사(다자대결) 결과 전 의원은 30.8%, 박 시장은 19.5%로 나타났다. 격차는 11.3%포인트였다. 이어 국민의힘 정책위의장인 김도읍(강서) 의원 14.8%, 조경태(사하을) 의원 7.9%, 조국혁신당 조국 대표 7.3%, 민주당 이재성 전 시당위원장 6.2% 순이었다. 민주당 박재호 전 의원과 진보당 윤택근 전 민주노총 수석부위원장은 각각 3.7%와 2.3%였다. ‘지지 후보가 없다’는 3.3%, ‘잘 모르겠다’는 2.7%, ‘기타 인물’은 1.6%로 조사됐다. 전재수-박형준 양자 가상 대결에서는 전 의원이 48.1%, 박 시장이 35.8%를 기록했다. 격차는 12.3%포인트로, 다자대결보다 더 벌어졌다. 이번 조사는 부산에 거주하는 18세 이상 남녀 1003명을 대상으로 지난 27~28일 자동응답(ARS) 방식으로 실시했다. 응답률은 6.7%, 표본오차는 95% 신뢰수준에 ± 3.1%포인트다.정당 지지도 조사에서는 민주당이 43.2%, 국민의힘이 36.7%를 기록했다. 국민의힘 전통적 지지 기반인 부산에서 민주당 지지도가 국민의힘을 오차범위 밖에서 앞선 것이다. 또 부산시장, 구청장·군수, 지방의원 선거에서 ‘동일한 정당 후보’에게 투표할 것인지 조사했더니 58.0%가 ‘같은 정당 후보를 선택하겠다’고 답해 ‘인물에 따라 선택하겠다’는 응답(36.5%)보다 월등히 높았다.박 시장의 시정운영을 부정적으로 평가하는 응답자가 52.3%로, 긍정 평가(34.4%)보다 많았다. 13.3%는 평가를 유보(‘잘 모름’)했다. 이재명 정부의 ‘해양수도 육성’ 사업 성과가 지방선거에 영향을 줄지를 물었더니 72.0%가 ‘영향을 미칠 것’이라고 답했다. ‘영향을 미치지 않을 것’이라는 응답은 22.2%에 그쳤다. 차기 부산시장이 가장 우선으로 해결해야 할 과제는 ‘일자리 창출 및 기업 유치’가 71.8%로 압도적으로 높았다.부산시교육감 후보 적합도 조사에서는 김석준 현 교육감이 30.1%로 독주했다. 박종필 전 부산교원단체총연합회장과 전영근 전 시교육청 교육국장, 정승윤 전 국민권익위원회 부위원장, 차정인 국가교육위원장, 최윤홍 전 시교육청 부교육감은 각각 7% 이하였다. 다만 ‘잘 모름’과 ‘없음’은 각각 21.8%와 15.6%로, 유보층이 37.4%에 달했다. 자세한 내용은 중앙선거여론조사심의위원회를 참조하면 된다.◆ 어떻게 조사했나본 여론조사는 국제신문의 의뢰로 리얼미터가 지난 27, 28일 부산에 거주하는 18세 이상 남녀 1003명을 대상으로 실시했다.국내 통신사(SKT, KT, LGU+)에서 제공받은 무선 전화 가상번호 리스트를 표집틀로 활용해 자동응답(ARS) 방법으로 조사했다. 응답률은 6.7%, 표본오차는 95% 신뢰수준에서 ± 3.1%포인트다.2025년 11월 말 행정안전부 주민등록인구통계 기준(림가중, Rim weighting) 성별·연령대별·권역별 가중치를 부여했다. 자세한 내용은 중앙선거여론조사심의위원회를 참조하면 된다."
https://n.news.naver.com/mnews/article/658/0000130922?sid=102,2025-12-31 18:53:11,사회,김석준 30.1% 선두…유보층 37.4% 변수,"부산시교육감 후보적합도- 최윤홍·전영근 등 한 자릿수- 6명 중 3명 사법리스크 노출- 재판 결과 선거에 영향 전망오는 6·3 부산시교육감 선거를 앞두고 국제신문이 실시한 여론조사에서 김석준 현 부산시교육감이 압도적으로 높은 지지도를 받았다. 다만 후보자로 거론되는 주요 인물 중 김 교육감을 포함, 절반이나 ‘사법 리스크’가 있어 향후 수사 및 재판 결과가 교육감 선거의 최대 변수가 될 것으로 보인다.국제신문이 여론조사 전문기관 리얼미터에 의뢰, 31일 발표한 ‘부산시 지방선거 여론조사’에서 부산시교육감 적합도는 김 교육감이 30.1%로 독보적인 선두를 차지했다. 최윤홍 전 시교육청 부교육감이 6.5%, 전영근 전 시교육청 교육국장은 6.4%, 정승윤 전 국민권익위 부위원장은 5.6%, 차정인 국가교육위원장은 5.1%, 박종필 전 부산시교원단체총연합회장은 3.9%로 한 자릿수대 적합도를 나타냈다. 김 교육감과 차 위원장은 진보 후보로, 최 전 부교육감과 전 전 국장, 정 전 부위원장, 박 전 회장은 보수 후보군으로 분류된다. 이를 단순 합산하면 진보 후보 군은 약 35.2%, 보수 후보군은 약 22.4% 였다.더불어민주당 지지자 중에서는 47.1%가 김 교육감을 차기 교육감에 적합한 인물로 꼽았다. 국민의힘 지지자 중에서도 14.1%가 김 교육감을 선택했고, 정 전 위원장과 전 전 국장은 각각 11.0%와 10.1%였다. 국민의힘 지지자 10명 중 4명(41.2%)은 교육감에 적합한 인물이 없거나 잘 모른다고 답해 민주당 지지자 중 유보층 비율(30.9%)보다 10.0%포인트 이상 많았다.김 교육감은 연령 지역 성별에서 다른 인물들보다 골고루 높은 지지를 받았다. 김 교육감은 50대에서 33.8%로 가장 높았고, 18~29세에서 25.5%로 가장 낮았다. 지역별로 봤을 땐 김 교육감은 사하·서·영도·중구에서 34.5%로 가장 높은 지지를 받았고, 기장군·수영·해운대구에서 25.2%로 가장 낮은 지지도를 보였다. 김 교육감을 지지한 여성은 32.0%, 남성은 28.0%로 여성으로부터 근소하게 더 많은 지지를 받았다. 최 전 부교육감은 연령별에서는 18~29세에서 8.5%, 지역별에서는 금정·동래·연제구에서 8.1%를 받았다. 성별에서는 남성이 8.2%로 여성 4.8%보다 많았다.다만 ‘잘 모름’이라고 답한 비율이 21.8%, ‘없음’으로 응답한 비율도 15.6%로 집계됐다. 응답 유보층이 37.4%, 3명 중 1명꼴에 달해 이들의 표심이 선거 결과에 영향을 줄 가능성이 커 보인다. 부동층을 살펴보면 ‘잘 모름’은 40대에서 26.2%, ‘없음’은 50대에서 19.7%로 각각 가장 높았다. 학생을 자녀로 둔 4050세대에서 부동층의 비중이 높게 나타난 것이다.4선에 도전하는 김 교육감은 이번 여론조사에서 높은 인지도와 현직 프리미엄을 바탕으로 크게 앞섰지만 사법리스크가 있다. 그는 직권남용권리행사방해 등 혐의로 기소돼 1심에서 직위상실형인 징역 8개월 집행유예 2년을 받았다. 김 교육감이 항소한 상태다.정 전 부위원장과 최 전 부교육감도 재판을 받는 처지다. 정 전 부위원장은 지난 4월 교육감 재선거를 앞두고 부산의 세계로교회에서 교인들에게 자신이 선거에 출마했다고 소개하는 등 불법 선거운동을 한 혐의로 기소됐다. 지난달 첫 공판이 열렸다. 정 전 부위원장과 함께 기소된 손현보 세계로교회 목사는 구속 상태에서 재판을 받고 있다. 1월 중 1심 선고가 예상된다. 최 전 부교육감도 교육자치법 위반 등의 혐의로 기소됐고, 지난해 11월 첫 공판이 열렸다. 공직선거법 위반 등으로 벌금 100만 원 이상의 형을 받으면 당선이 무효가 된다.◆ 어떻게 조사했나본 여론조사는 국제신문의 의뢰로 리얼미터가 지난 27, 28일 부산에 거주하는 18세 이상 남녀 1003명을 대상으로 실시했다.국내 통신사(SKT, KT, LGU+)에서 제공받은 무선 전화 가상번호 리스트를 표집틀로 활용해 자동응답(ARS) 방법으로 조사했다. 응답률은 6.7%, 표본오차는 95% 신뢰수준에서 ± 3.1%포인트다.2025년 11월 말 행정안전부 주민등록인구통계 기준(림가중, Rim weighting) 성별·연령대별·권역별 가중치를 부여했다. 자세한 내용은 중앙선거여론조사심의위원회를 참조하면 된다."
https://n.news.naver.com/mnews/article/658/0000130923?sid=102,2025-12-31 18:53:15,사회,"“인성교육 강화” 46.3%, “AI 활용 및 윤리교육” 14.7%","차기 교육감 최우선 정책- 노령층·서부산권 ‘인성’ 꼽아- 젊은층·중부산권 ‘AI’ 선호부산 시민 10명 중 네 명가량이 차기 부산시교육감의 최우선 교육 정책으로 인성 교육 강화를 꼽았다.부산 시민에게 차기 부산시교육감이 가장 우선적으로 다뤄야 할 교육 정책을 물었더니, ‘인성 교육 강화’ 항목이 46.3%로 가장 많았다. 이어 ‘인공지능(AI) 활용 및 윤리교육 강화’ 14.7%, ‘민주시민 교육 강화’ 12.4%, ‘학습능력 배양’ 11.0%, ‘고교 학점제 안착’ 6.0% 순으로 집계됐다. ‘기타/잘 모름’이라고 응답한 비율은 9.7%였다.‘인성 교육 강화’는 60대(57.7%) 70세 이상(50.6%)에서 높은 비율을 보여 노령층의 지지를 받았다. 지역별로는 강서·북·사상구가 50.3%, 사하·서·영도·중구가 49.8%로 각각 인성 강화 교육을 택했다. 성별로는 여성(49.7%)이 남성(42.5%)보다 더 높은 것으로 조사됐다.‘AI 활용 및 윤리교육 강화’는 18~29세(18.1%)와 30대(17.3%)에 높아, 젊은층이 선호하는 정책으로 나타났다. 지역별로는 금정·동래·연제구 17.2%, 남·동·부산진구 16.6% 순이었다. 성별로는 남성(15.5%)이 여성(14.0%)보다 더 원하는 정책으로 집계됐다.◆ 어떻게 조사했나본 여론조사는 국제신문의 의뢰로 리얼미터가 지난 27, 28일 부산에 거주하는 18세 이상 남녀 1003명을 대상으로 실시했다.국내 통신사(SKT, KT, LGU+)에서 제공받은 무선 전화 가상번호 리스트를 표집틀로 활용해 자동응답(ARS) 방법으로 조사했다. 응답률은 6.7%, 표본오차는 95% 신뢰수준에서 ± 3.1%포인트다.2025년 11월 말 행정안전부 주민등록인구통계 기준(림가중, Rim weighting) 성별·연령대별·권역별 가중치를 부여했다. 자세한 내용은 중앙선거여론조사심의위원회를 참조하면 된다."
https://n.news.naver.com/mnews/article/658/0000130924?sid=100,2025-12-31 18:59:11,정치,“시장은 일자리 창출부터” 71.8% 압도적 1위,"최우선 해결 현안은- 30·40대 선택 비중 가장 높아- 가덕도신공항 착공 등 뒤이어부산 시민 10명 중 7명은 차기 부산시장의 최우선 해결 현안으로 일자리를 꼽았다. 이번 여론조사에서 차기 부산시장이 가장 우선적으로 해결해야 할 현안을 물었더니 ‘일자리 창출 및 기업 유치’ 항목이 71.8%로 압도적으로 높았다.이어 ‘가덕도신공항 부지 조성 착공’은 12.0%로 2위였고, 다음으로는 ‘맑은 물 공급’과 ‘외국인 관광객 유치’가 각각 5.3%와 3.8%로 뒤를 이었다. ‘기타/잘 모름’은 7.1%였다.‘일자리 창출 및 기업 유치’를 선택한 응답자의 특성을 보면, 30대(80.3%)와 40대(78.9%)가 많았고 70세 이상의 비율은 56.5%로 비교적 낮았다. 지역별로는 사하구·서구·영도구·중구 73.8%, 기장군·수영구·해운대구가 73.3%로 높았고, 강서구·북구·사상구는 68.1%로 다소 낮았다.성별로는 여성(74.4%)이 남성(69.0%)보다 이를 중요하게 생각하는 것으로 나타났다. 더불어민주당 지지층의 74.6%, 국민의힘 지지층의 69.8%가 이 항목을 최우선 해결 현안으로 꼽았다.반면 외국인 관광객 유치의 경우 국민의힘 지지층의 5.2%가 이 사안을 최우선 해결 현안으로 꼽았는데 민주당 지지층은 2.4%에 그쳤다.◆ 어떻게 조사했나본 여론조사는 국제신문의 의뢰로 리얼미터가 지난 27, 28일 부산에 거주하는 18세 이상 남녀 1003명을 대상으로 실시했다.국내 통신사(SKT, KT, LGU+)에서 제공받은 무선 전화 가상번호 리스트를 표집틀로 활용해 자동응답(ARS) 방법으로 조사했다. 응답률은 6.7%, 표본오차는 95% 신뢰수준에서 ± 3.1%포인트다.2025년 11월 말 행정안전부 주민등록인구통계 기준(림가중, Rim weighting) 성별·연령대별·권역별 가중치를 부여했다. 자세한 내용은 중앙선거여론조사심의위원회를 참조하면 된다."
https://n.news.naver.com/mnews/article/658/0000130925?sid=100,2025-12-31 18:59:14,정치,텃밭서 밀린 국힘…모든 구·군서 민주 우세,"부산 정당 지지도 보니- 10~30대, 70대는 국힘이 앞서- 기장·수영·해운대 1%p내 격차- 진보당 3.0%, 개혁신당 2.7%정당 지지도는 더불어민주당 43.2%, 국민의힘 36.7%를 기록해 민주당이 국민의힘을 6.5%포인트 격차로 우세를 보이는 것으로 나타났다. 이어 진보당 3.0%, 개혁신당 2.7%, 조국혁신당 2.0%, 기타정당 1.2% 순으로 조사됐다. 없음과 잘 모름은 각각 9.2%, 1.9%였다.연령별로는 60대에서 민주당 지지(41.6%)와 국민의힘 지지(41.6%)가 팽팽히 맞섰지만, 40대(민주당 61.3%, 국민의힘 22.3%)와 50대(민주당 57.3%, 국민의힘 22.0%)에서는 민주당이 국민의힘을 크게 앞서고 있는 것으로 조사됐다.반대로 18~29세(민주당 26.3%, 국민의힘 42.8%), 30대(민주당 32.4%, 국민의힘 40.9%), 그리고 70대 이상(민주당 35.3%, 국민의힘 51.1%)에서는 국민의힘 지지도가 민주당보다 높았다. 진보당 지지도는 30대에서 8.0%로 가장 높았고, 개혁신당은 18~29세에서 7.6%로 가장 높았다.부산 모든 지역에서 민주당이 국민의힘을 앞서고 있는 것으로 조사됐는데, 격차는 지역별로 차이가 있었다. 양당 지지도 격차가 가장 큰 지역은 사하구·서구·영도구·중구로, 민주당 지지도가 국민의힘 지지도보다 11.4%포인트 더 높았다. 남구·동구·부산진구에서도 양당 간 격차는 10.0%포인트였다.반면 기장군·수영구·해운대구에서는 민주당 41.8%, 국민의힘 40.9%로 양당간 격차는 0.9%포인트에 불과한 것으로 파악됐다. 강서구·북구·사상구의 격차는 5.2%포인트, 금정구·동래구·연제구에서는 6.0%포인트였다.성별 지지도를 보면 남성은 민주당 42.1%, 국민의힘 37.8%, 조국혁신당 2.1%, 진보당 1.9%, 개혁신당 4.5%였다. 여성은 민주당 44.1%, 국민의힘 35.7%, 조국혁신당 2.0%, 진보당 3.9%, 개혁신당 1.1%로 조사됐다.부산시장 적합도 조사에서 민주당 후보(전재수 30.8%, 이재성 6.2%, 박재호 3.7%) 적합도를 단순 합산하면 40.7%였는데, 국민의힘 후보(박형준 19.5%, 김도읍 14.8%, 조경태 7.9%)의 단순 합산치는 42.2%로, 정당 지지도와 달리 오차범위 내에 들어 우위를 가리기 어려웠다. 다만 조국혁신당 조국 대표(7.3%), 진보당 윤택근 전 민주노총 수석부위원장(2.3%) 등 범진보 진영으로 범위를 넓힐 경우에는 범진보 후보 적합도 단순 합산이 다시 국민의힘 후보 적합도 단순 합산을 앞섰다.◆ 어떻게 조사했나본 여론조사는 국제신문의 의뢰로 리얼미터가 지난 27, 28일 부산에 거주하는 18세 이상 남녀 1003명을 대상으로 실시했다.국내 통신사(SKT, KT, LGU+)에서 제공받은 무선 전화 가상번호 리스트를 표집틀로 활용해 자동응답(ARS) 방법으로 조사했다. 응답률은 6.7%, 표본오차는 95% 신뢰수준에서 ± 3.1%포인트다.2025년 11월 말 행정안전부 주민등록인구통계 기준(림가중, Rim weighting) 성별·연령대별·권역별 가중치를 부여했다. 자세한 내용은 중앙선거여론조사심의위원회를 참조하면 된다."
https://n.news.naver.com/mnews/article/658/0000130926?sid=100,2025-12-31 18:59:18,정치,"“朴시장 잘 못해” 52%…“해양수도 육성, 선거 영향줄 것” 72%","부산시장 여론조사 분석하니해양수도- 李정부 역점 사업- ‘심판론’ 차기 선호도 영향 준 듯- “단체장·지방의원 같은 당 투표”- 응답자 58%가 ‘줄투표’ 의향- 시장후보 지지율,하위선거 변수국제신문이 6·3 부산시장 선거를 앞두고 실시한 여론조사의 차기 시장 적합도(다자대결)에서 더불어민주당 전재수(북갑) 의원이 30.8%의 지지를 얻어 19.5%에 그친 국민의힘 박형준 부산시장을 10%포인트 이상 앞섰다. 박 시장의 시정 운영 부정 평가는 52.3%로 과반에 달해, ‘심판론’이 차기 시장 선호도에 영향을 미친 것으로 풀이된다.국제신문이 6·3 부산시장 선거를 앞두고 실시한 여론조사에서 더불어민주당 전재수(왼쪽 사진) 의원의 지지율이 국민의힘 소속 박형준 시장보다 10%포인트 이상 앞서는 것으로 나타났다. 국제신문 DB특히 응답자의 58.0%가 부산시장·기초단체장·지방의원 선거에서 같은 정당 후보에게 모두 투표하겠다는 의향(58.0%)을 밝혀 지방선거의 ‘줄투표’ 경향을 다시 한번 확인했다. 이에 따라 지방선거의 간판인 시장 후보의 지지율이 하위 선거의 승패를 결정할 것이라는 분석이 지배적이다.▮田, 70대 제외 모두 1위국제신문이 여론조사 전문기관 리얼미터에 의뢰, 31일 발표한 ‘부산시 지방선거 여론조사’에서 전 의원과 박 시장의 지지율 격차는 11.3%포인트였다. 국민의힘 김도읍(강서) 의원이 14.8%의 지지율로 3위를 기록해 눈길을 끌었다. 전 의원은 70대 이상을 제외한 모든 연령대에서 적합도 1위를 차지했다. 민주당의 전통적 지지층인 40대(43.3%)와 50대(36.1%)에서 특히 전 의원의 적합도가 높게 나왔다.반면 박 시장은 70대 이상에서만 31.1%로, 이 연령대에서 28.2%에 그친 전 의원보다 높았다. 전 의원은 모든 지역에서 적합도 1위를 차지했는데, 자신의 지역구가 있는 강서구·북구·사상구(36.6%)에서 박 시장(17.1%)보다 19.5%포인트 앞섰다. 반면 양자 간 격차가 가장 좁은 곳은 사하구·서구·영도구·중구와 남구·동구·부산진구(각각 3.8%포인트)였다.전재수-박형준 양자 대결 구도에서는 격차가 더 벌어졌다. 전 의원은 과반에 육박하는 48.1%의 지지율로, 박 시장(35.8%)을 12.3%포인트 앞섰다. 40대와 50대에서 전 의원은 각각 60.8%와 59.2%의 높은 지지율을 기록했다.또 민주당 지지자 10명 중 9명가량(89.5%)은 전 의원을 지지했고, 국민의힘 지지자 10명 중 8명가량(79.2%)은박 시장을 지지했다.▮해양수도 사업 핵심의제로이번 조사에는 박 시장의 시정 운영을 부정적으로 평가하는 응답이 과반을 넘었다. ‘잘하고 있다’는 평가는 34.4%(매우 잘함 11.4%, 잘하는 편 23.1%)에 머무른 반면, ‘잘 못하고 있다’는 평가는 52.3%(매우 잘 못함 33.3%, 잘 못하는 편 19.1%)였다. ‘잘 모름’은 13.3%였다. 박 시장은 2021년 보궐선거를 통해 당선된 이후 이번에 3선에 도전한다. 시정 운영을 긍정적으로 평가한 비율은 박 시장의 지지율과 비슷하게 나왔다.이와 함께 응답자 10명 중 7명인 72%가 이재명 정부가 역점적으로 추진하는 해양수도 육성 사업의 성과가 내년 지방선거에 영향을 미칠 것(매우 많은 영향 미침 36.1%, 어느 정도 영향 미침 35.9%)으로 내다봤다. 반면 영향을 미치지 않을 것이라는 응답은 22.2%(‘전혀 영향을 미치지 않을 것’ 8.1%, ‘별로 영향을 미치지 않을 것’ 14.0%)로 나타났다. 이 사안이 부산시장 선거에서 핵심 의제가 될 수 있다는 점을 엿볼 수 있는 조사 결과다.◆ 어떻게 조사했나본 여론조사는 국제신문의 의뢰로 리얼미터가 지난 27, 28일 부산에 거주하는 18세 이상 남녀 1003명을 대상으로 실시했다.국내 통신사(SKT, KT, LGU+)에서 제공받은 무선 전화 가상번호 리스트를 표집틀로 활용해 자동응답(ARS) 방법으로 조사했다. 응답률은 6.7%, 표본오차는 95% 신뢰수준에서 ± 3.1%포인트다.2025년 11월 말 행정안전부 주민등록인구통계 기준(림가중, Rim weighting) 성별·연령대별·권역별 가중치를 부여했다. 자세한 내용은 중앙선거여론조사심의위원회를 참조하면 된다."
https://n.news.naver.com/mnews/article/014/0005456705?sid=105,2025-12-31 19:10:16,IT/과학,LG U+ 임원 기부금 '3억5000만원' 돌파,"9년째 임원 기부활동 꾸준히 추진희망하우스·순직소방관 행사 지원최근 열린 순직 소방관을 기리기 위한 '119 메모리얼데이' 행사. LG유플러스 제공LG유플러스는 나눔문화 확산을 위해 9년째 이어져 온 임원 참여 사회공헌 기금의 누적액이 3억5000만원을 돌파했다고 31일 밝혔다.상무 이상의 전 임원이 자발적으로 참여하고 있는 나눔활동은 매월 일정금액을 급여에서 공제해 기금을 조성하는 방식으로 진행된다. 지난 2017년부터 이어져 현재까지 누적 참여 인원은 600명에 달한다. 2025년에는 홍범식 최고경영자(CEO)를 비롯해 68명의 임원이 참여해 약 4000만원을 모금했다.지금까지 임원들이 모금한 기부금은 취약계층의 주거와 시설 환경을 개선하기 위한 '희망하우스' 건립에 사용되었으며, 지난해 기준 총 17채가 완공됐다.2025년 모금된 금액은 소방청과 협업해 순직 소방관을 기리기 위한 '119 메모리얼데이' 행사에 활용됐다. 지난 11월 세종중앙공원 도시축제마당에서 개최된 이 행사는 소방관의 헌신과 희생을 기억하고 감사의 마음을 전하는 추모 러닝 페스티벌이다. 약 2300명의 참가자가 함께했다.LG유플러스는 앞으로도 나눔문화 확산을 위한 다양한 활동을 지속적으로 이어갈 계획이다. 실제 LG유플러스는 △임직원 급여 공제를 통한 나눔 실천인 '천원의 사랑' △저소득 장애가정 중학생의 자산 형성을 지원하는 '두드림 요술통장' △경영진이 직접 참여하는 아동보호시설 정기 봉사활동 △임직원 경매 수익금을 통해 전국 맹학교에 정보통신기술(ICT) 도서관을 조성하는 '희망도서관' 사업 등을 매년 꾸준히 추진해왔다."
https://n.news.naver.com/mnews/article/028/0002784234?sid=105,2025-12-31 19:44:14,IT/과학,이통사 해킹 은폐 의혹에 “서버 로그 조작·삭제 방지책 필요”,"조사 발표 이후 남은 과제는지난 7월 위약금 면제 및 보상안을 발표한 유영상 전 에스케이텔레콤(SKT) 대표이사와 지난 12월30일 위약금 면제 및 보상안을 발표한 김영섭 케이티(KT) 대표. 각 사 제공케이티(KT)와 엘지유플러스(LG U+) 해킹 사고에 대한 민관합동조사단의 최종 조사결과가 최근 발표되면서 올 초 에스케이텔레콤(SKT)부터 시작된 이동통신 3사의 해킹 사태가 겉으로는 일단락된 모습이다. 하지만 케이티와 엘지유플러스의 경우, 조사 과정에서 확인된 사고 은폐 의혹과 개인정보보호위원회(개보위)의 과징금 부과 등이 남아 최종 마무리까지는 다소 시간이 걸릴 것으로 보인다.해킹 은폐 의혹을 받는 케이티와 엘지유플러스는 현재 경찰 수사를 앞두고 있다. 해킹 사고와 관련해 이들 기업을 조사한 민관합동조사단은 지난 29일 조사결과 발표에서 각사가 서버를 폐기하거나 운영체제(OS)를 재설치해 조사를 제대로 할 수 없었다고 밝혔다. 앞서 케이티는 지난 9월 무단 소액결제 발생 사실이 알려졌고, 엘지유플러스는 지난 8일 해킹 의혹이 불거진 바 있다.케이티는 조사단에 해킹에 쓰인 서버 폐기 시점을 허위로 제출했을 뿐 아니라, 폐기한 서버의 백업 로그(기록)가 있는데도 제때 보고하지 않은 혐의를 받고 있다. 엘지유플러스는 해킹 의혹 확인에 필요한 협력사 직원 노트북에서부터 서버로 이어지는 네트워크 경로 상의 주요 서버 등을 폐기하거나 운영체제를 재설치한 의혹을 받는다. 조사단은 이런 행위가 고의로 이뤄졌다고 판단해 케이티와 엘지유플러스를 공무집행방해로 경찰에 수사 의뢰했다.전문가들은 사고 정황을 파악할 수 있는 서버 로그 등 기록을 조작하거나 임의로 삭제하지 못하도록 제도적 보완책을 마련해야 한다고 지적한다. 염흥열 순천향대 교수(정보보호학)는 “임의로 서버를 폐기하거나 운영체제를 재설치해 조사를 방해는 것을 금지하는 규정이 정보통신망법에 필요하다”고 말했다.향후 개보위의 제재 수준을 두고는 논란이 일 수 있다. 현재 개인정보보호법을 위반하면 기업 전체 매출액의 3%까지 과징금을 부과할 수 있다. 앞서 지난 4월 2300만명의 개인정보가 유출된 에스케이텔레콤은 이 사고로 1347억9100만원의 과징금을 부과받은 바 있다. 케이티가 서버를 폐기하면서 조사단이 최종 확인한 개인정보 유출 범위는 2만2천여명의 전화번호·가입자식별번호·단말기식별번호로 제한됐다. 이번 조사에서 드러난 케이티의 과실은 △펨토셀 관리부실 △문자 등 종단암호화(중간단계에서 내용을 볼 수 없는 것) 해제 △악성코드 감염서버 94대 등 상황이 에스케이텔레콤보다 심각하다고 여겨지지만, 확인된 개인정보 유출 범위만 놓고 보면 에스케이텔레콤보다 적다. 더욱이 서버를 폐기한 케이티와 달리 에스케이텔레콤은 해킹 사고 발생 인지 즉시 관계 기관에 신고하고 사후 대응 과정에서 정부에 협조한 것으로 평가받는다. 확인된 유출 규모로 과징금이 부과된다면, 케이티 과징금은 에스케이텔레콤보다 적을 수 있다. 개보위 관계자는 “과징금 수준은 케이티의 안전조치 이행 등을 살펴보고 정해질 것”이라고 말했다.케이티가 사고 수습책으로 전 고객 대상 위약금 면제안을 발표함에 따라 에스케이텔레콤 사고 이후 이동통신 3사간 진행됐던 고객 뺏기 경쟁이 재현될 것이란 전망도 고개를 든다. 당시 에스케이텔레콤에서 해킹 사태 이후 순이탈한 고객은 60만명에 이른다.다만 이동통신 3사간 고객 유치전은 보조금을 풀어야 하는 출혈경쟁이라는 점, 통신 3사가 모두 해킹 사태를 피하지 못했다는 점에서 유사한 상황이 벌어지기 어렵다는 시각도 있다."
https://n.news.naver.com/mnews/article/001/0015823338?sid=105,2025-12-31 22:03:23,IT/과학,"KT 위약금 면제 첫날, 가입자 약 6천명 떠났다","가입자 이동 현실화…SKT·LGU+는 각각 순증고객 보상책 시행하는 kt(서울=연합뉴스) 김성민 기자 = kt가 해킹 사태와 관련한 책임 조치로 2주간 위약금을 면제하고 데이터 추가 제공 등 고객 보상책을 시행한다.사진은 31일 서울 시내 한 kt 대리점의 모습. 2025.12.31 ksm7976@yna.co.kr(서울=연합뉴스) 박형빈 기자 = KT가 해지 위약금 면제를 실시한 첫날 6천명에 가까운 가입자가 이탈한 것으로 집계됐다.31일 통신업계에 따르면 이날 KT에서 다른 통신사로 이동한 가입자는 총 5천886명이다. 이 중 SKT로 이동한 가입자가 4천661명, LGU+로 이동한 가입자는 1천225명이었다.이는 KT가 위약금 면제와 고객 보상안을 발표한 전날(2천985명·알뜰폰 포함 전체 망 기준)과 비교해 알뜰폰을 제외했음에도 이탈 규모가 약 두 배로 늘어난 것이다.반면 이날 SKT와 LGU+는 각각 4천480명과 1천406명 늘었다.전체 번호이동 건수는 1만3천201건으로, 평소 6∼7천건이었던 평소보다 2배가량 늘었다.업계에서는 KT의 위약금 면제 조치로 해지 부담이 줄어든 데다, 유통망을 중심으로 판매장려금(리베이트) 확대와 마케팅 경쟁이 겹치며 이동 수요가 급증한 것으로 보고 있다.이런 흐름은 내년 1월 1일과 첫 주말을 기점으로 더욱 확대될 전망이다.개통이 휴일과 주말에 집중되는 특성상 단기간에 이탈 추이가 커질 수 있기 때문이다.한편 KT는 전날 기자간담회를 열고 내년 1월 13일까지 이동통신서비스 계약 해지를 원하는 고객을 대상으로 환급 방식으로 위약금을 면제하기로 했다.지난 9월 1일부터 이미 해지한 고객도 소급 적용된다.binzz@yna.co.kr"
https://n.news.naver.com/mnews/article/018/0006193028?sid=105,2025-12-31 22:18:14,IT/과학,"KT 해지위약금 면제 첫날, 가입자 5886명 떠났다","SKT로 4661명, LGU+로 1225명 이동[이데일리 문승용 기자][이데일리 김나경 기자] KT가 해지 위약금 면제를 실시한 첫 날 5886명의 가입자가 다른 이동통신사로 이탈했다.31일 통신업계에 따르면 이날 KT에서 다른 통신사로 이동한 가입자는 총 5886명이다. 이 중 SKT로 이동한 가입자가 4661명, LGU+로 이동한 가입자는 1225명으로 집계됐다.KT가 위약금 면제와 고객 보상안을 발표한 전날(2985명·알뜰폰 포함 전체 망 기준)과 비교하면, 알뜰폰을 제외했음에도 이탈 규모가 약 두 배로 늘었다.같은 날 SKT와 LGU+는 각각 4480명과 1406명 늘어나 ‘KT발 이동효과’가 나타났다. 전체 번호이동 건수는 1만 3201건으로 6000∼7000건이었던 평소보다 2배가량 늘었다.업계에서는 KT의 위약금 면제 조치로 해지 부담이 줄어든 데다 유통망을 중심으로 판매장려금(리베이트) 확대와 마케팅 경쟁이 겹치며 이동 수요가 급증한 것으로 보고 있다.이런 흐름은 내년 1월 1일과 첫 주말을 기점으로 확대될 전망이다. 개통이 휴일과 주말에 집중되는 특성상 단기간에 이탈 추이가 커질 수 있다.KT는 전날 기자간담회를 열고 내년 1월 13일까지 이동통신서비스 계약 해지를 원하는 고객을 대상으로 환급 방식으로 위약금을 면제하기로 했다. 지난 9월 1일부터 이미 해지한 고객에게도 소급 적용된다."
https://n.news.naver.com/mnews/article/366/0001133484?sid=105,2025-12-31 22:27:07,IT/과학,KT 위약금 면제 첫날 가입자 약 6000명 ‘손절’,"31일 서울 시내 한 kt 대리점의 모습. /연합뉴스KT가 해지 위약금 면제를 실시한 첫날 약 6000명에 이르는 가입자들이 서비스를 해지하며 ‘손절’에 나선 것으로 집계됐다.31일 통신업계에 따르면 이날 KT에서 다른 통신사로 이동한 가입자는 총 5886명이다. 이 중 SKT로 이동한 가입자가 4661명, LGU+로 이동한 가입자가 1225명이었다.이는 KT가 위약금 면제와 고객 보상안을 발표한 전날(2985명·알뜰폰 포함 전체 망 기준)과 비교해 알뜰폰을 제외했음에도 이탈 규모가 약 두 배로 늘어난 것이다.전체 번호이동 건수는 1만3201건으로 집계됐다. 통상 하루에 6000∼7000건씩 발생하던 것의 2배 수치다.업계에서는 KT의 위약금 면제 조치로 해지 부담이 줄어든 데다, 유통망을 중심으로 판매장려금(리베이트) 확대와 마케팅 경쟁이 겹치며 이동 수요가 급증한 것으로 보고 있다.이런 흐름은 내년 1월 1일과 첫 주말을 기점으로 더욱 확대될 전망이다. 개통이 휴일과 주말에 집중되는 특성상 단기간에 이탈 추이가 커질 수 있기 때문이다.한편 KT는 전날 기자간담회를 열고 내년 1월 13일까지 이동통신서비스 계약 해지를 원하는 고객을 대상으로 환급 방식으로 위약금을 면제하기로 했다. 지난 9월 1일부터 이미 해지한 고객도 소급 적용된다."
https://n.news.naver.com/mnews/article/055/0001320751?sid=102,2025-12-31 22:49:48,사회,"KT 위약금 면제 첫날, 가입자 약 5천 8백 명 떠났다","KT가 해지 위약금 면제를 실시한 첫날, 6천 명에 가까운 가입자가 이탈한 것으로 집계됐습니다.통신업계에 따르면 오늘(31일) KT에서 다른 통신사로 이동한 가입자는 총 5천886명입니다.이 중 SKT로 이동한 가입자가 4천661명, LGU+로 이동한 가입자는 1천225명이었습니다.이는 KT가 위약금 면제와 고객 보상안을 발표한 어제(2천985명· 알뜰폰 포함 전체 망 기준)과 비교해 알뜰폰을 제외했는데도 이탈 규모가 약 두 배로 늘어난 겁니다.전체 번호이동 건수는 1만 3천201건으로, 평소 6∼7천 건이었던 평소보다 2배가량 늘었습니다.업계에서는 KT의 위약금 면제 조치로 해지 부담이 줄어든 데다, 유통망을 중심으로 판매장려금(리베이트) 확대와 마케팅 경쟁이 겹치며 이동 수요가 급증한 것으로 보고 있습니다.이런 흐름은 내년 1월 1일과 첫 주말을 기점으로 더욱 확대될 전망입니다.개통이 휴일과 주말에 집중되는 특성상 단기간에 이탈 추이가 커질 수 있기 때문입니다.한편 KT는 어제 기자간담회를 열고 내년 1월 13일까지 이동통신서비스 계약 해지를 원하는 고객을 대상으로 환급 방식으로 위약금을 면제하기로 했습니다.지난 9월 1일부터 이미 해지한 고객에게도 이는 소급 적용됩니다."
https://n.news.naver.com/mnews/article/009/0005614851?sid=101,2025-12-31 22:57:10,경제,“위약금 면제만 기다렸나”…첫날 KT 가입자 6000명 떠났다,"주말 기점으로 가입자 이탈 확대될 듯김영섭 KT 대표이사가 30일 서울 종로구 광화문사옥에서 열린 무단 소액결제 사태 및 개인정보 유출 사고와 관련해 사과하고 있다.[연합뉴스]KT가 해지 위약금 면제를 실시한 첫날 6000명에 가까운 가입자가 이탈한 것으로 집계됐다.31일 통신업계에 따르면 이날 KT에서 다른 통신사로 이동한 가입자는 총 5886명이다.이 가운데 SKT로 이동한 가입자가 4661명, LGU+로 이동한 가입자는 1225명이었다.이는 KT가 위약금 면제와 고객 보상안을 발표한 전날(2985명·알뜰폰 포함 전체 망 기준)과 비교해 알뜰폰을 제외했음에도 이탈 규모가 약 2배로 늘어난 것이다.같은 날 SKT와 LGU+의 경우 가입자가 각각 4480명과 1406명 늘어 경쟁사 악재가 호재로 작용했다.전체 번호이동 건수는 1만3201건으로, 6000∼7000건이었던 평소보다 크게 늘었다.업계에서는 KT의 위약금 면제 조치로 해지 부담이 줄어들면서 이동 수요가 급증한 것으로 파악하고 있다. 유통망을 중심으로 판매 장려금 확대와 마케팅 경쟁도 영향을 미친 것으로 풀이된다.이같은 흐름은 내년 1월 1일과 첫 주말을 기점으로 더욱 확대될 전망이다. 통상 개통이 휴일과 주말에 집중되기 때문이다.전날 KT는 대규모 해킹 사태와 관련해 서울 종로구 광화문 웨스트사옥에서 브리핑을 열고 ‘고객 보답 프로그램’과 ‘정보보안 혁신 계획’을 발표했다.이에 따르면 31일부터 내년 1월 13일까지 모든 가입자를 대상으로 위약금 면제를 실시한다. 지난 9월 1일부터 이날 사이 이용 계약을 해지한 이탈자에게도 소급 적용한다. 다만, 지난 9월 1일 이후 신규가입·기기변경·재약정 이용자, 알뜰폰, 사물인터넷(IoT), 직권해지 이용자 등은 위약금 면제 대상에서 제외다."
https://n.news.naver.com/mnews/article/015/0005231388?sid=105,2025-12-31 23:23:10,IT/과학,"""KT에서 갈아타자""…위약금 면제 첫날 '6000명' 떠났다","번호이동 확대 전망kt가 해킹 사태와 관련한 책임 조치로 2주간 위약금을 면제하고 데이터 추가 제공 등 고객 보상책을 시행한다. 사진은 31일 kt가 앱을 통해 고객에게 안내한 해지 위약금 관련 메시지. /사진=연합뉴스KT가 해지 위약금 면제를 실시한 첫날 6000명에 가까운 가입자가 이탈해 다른 통신사로 갈아탔다.31일 통신업계에 따르면 이날 KT에서 다른 통신사로 이동한 가입자는 총 5886명이다. 이 중 SKT로 이동한 가입자가 4661명, LGU+로 이동한 가입자는 1225명으로 파악됐다.이는 KT가 위약금 면제와 고객 보상안을 발표한 전날(2985명·알뜰폰 포함 전체 망 기준)과 비교해 알뜰폰을 제외했음에도 이탈 규모가 약 두 배로 늘어난 수치다.반면, 이날 SKT와 LGU+는 각각 4480명과 1406명의 가입자가 늘었다.전체 번호이동 건수는 1만3201건으로, 6∼7000건이었던 평소보다 2배가량 늘었다.업계에서는 KT의 위약금 면제 조치로 해지 부담이 줄어든 데다, 유통망을 중심으로 판매장려금(리베이트) 확대와 마케팅 경쟁이 겹치며 이동 수요가 급증한 것으로 분석했다.이 같은 흐름은 내년 1월 1일과 첫 주말을 기점으로 더욱 확대될 전망이다. 개통이 휴일과 주말에 집중되는 특성상 단기간에 이탈 추이가 커질 수 있기 때문이다.앞서 KT는 전날 기자간담회를 열고 내년 1월 13일까지 이동통신서비스 계약 해지를 원하는 고객을 대상으로 환급 방식으로 위약금을 면제하기로 했다. 이는 지난 9월 1일부터 이미 해지한 고객도 소급 적용된다.이보배 한경닷컴 객원기자 newsinfo@hankyung.com"
