link,pubdate,category,title,body
https://n.news.naver.com/mnews/article/008/0005258566?sid=105,2025-10-01 09:00:00,IT/과학,LGU+ '군인 자녀 교육격차 해소 프로그램' 누적 4000명 참여,"지난달 30일 국방부가 주관한 '군인 및 군무원 자녀 장학생 통합 축하행사'에서 표창장을 받은 학생들과 박경중 LG유플러스 대회협력담당이 기념 촬영을 하고 있는 모습./사진=LG유플러스LG유플러스가 2021년부터 시행한 군인 자녀 대상 교육격차 해소 프로그램 '아이드림챌린지'에 누적 4000명이 참여했다고 1일 밝혔다.아이드림챌린지는 일반적인 교육 환경에서 소외되기 쉬운 아동에게 맞춤형 학습 프로그램을 제공해 교육권을 보장하고 건강한 성장을 지원하는 LG유플러스의 사회공헌 활동이다. '아이들나라' 등 디지털 교육 콘텐츠를 통해 나이에 맞는 독서 활동을 지원하고, 온라인 멘토링을 실시해 학습 습관 형성을 돕는다.아이드림챌린지는 현재 군인 자녀와 소아암 환아 중 미취학 아동을 대상으로 운영되고 있다. 군인 자녀는 부모의 잦은 전출이나 격오지 근무로 인해 안정적인 학습 환경 확보가 힘들어서다. 이에 LG유플러스는 2021년부터 올 상반기까지 총 3938명의 군인 자녀를 선발해 프로그램을 제공했다. 올 하반기에도 500명의 군인 자녀를 대상으로 아이드림챌린지를 진행해 누적 참여 아동이 4000명을 넘어섰다.LG유플러스는 군인 자녀를 넘어 3교대 근무나 긴급 현장 투입 등의 업무로 자녀 교육에 어려움을 겪는 소방관 자녀 400명을 대상으로 다음달 말부터 새로운 아이드림챌린지를 시작한다.박경중 LG유플러스 대외협력담당(상무)은 ""앞으로도 모든 아이들이 자신이 처한 환경과 무관하게 꿈을 위해 도전하고 한 단계 더 도약할 수 있도록 교육 기회를 제공해 밝은 세상을 만드는 데 앞장서겠다""고 말했다."
https://n.news.naver.com/mnews/article/016/0002537582?sid=105,2025-10-01 09:01:10,IT/과학,"LGU+, 군인 자녀 대상 교육 프로그램 참여 ‘4000명’ 돌파","잦은 전출·격오지 근무 군인 자녀 맞춤 교육오는 10월 소방관 자녀 400명 대상 프로그램지난달 30일 국방부가 주관한 ‘군인 및 군무원 자녀 장학생 통합 축하 행사’에서 표창장을 받은 학생들과 박경중 LG유플러스 대외협력 담당이 기념 촬영을 하고 있다. [LG유플러스 제공][헤럴드경제=고재우 기자] LG유플러스는 군인 자녀 대상 교육격차 해소 프로그램 ‘아이드림챌린지’에 참여한 인원이 4000명을 넘어섰다고 1일 밝혔다.아이드림챌린지는 아동에게 맞춤형 학습 프로그램을 제공해 교육권을 보장하고, 건강한 성장을 지원하는 LG유플러스의 사회공헌 활동이다. ‘아이들나라’ 등 LG유플러스 디지털 교육 콘텐츠를 통해 나이에 맞는 독서 활동 지원, 온라인 멘토링 등을 진행한다.현재 군인 자녀와 소아암 환아 중 미취학 아동을 대상으로 운영되고 있다. 특히 군인 자녀는 부모의 잦은 전출이나 격오지 근무로 인해 안정적인 학습 환경 확보가 힘든 상황이다.지난 2021년부터 올해 상반기까지 LG유플러스는 총 3938명의 군인 자녀를 선발해 기초 문해력 향상 교육, 자기주도학습 능력 강화를 위한 프로그램 등을 제공해 왔다. 올해 하반기에도 군인 자녀 500명을 대상으로 아이드림챌린지를 진행해 총참여 아동은 4438명이 됐다.LG유플러스는 국방부와 함께 참여 아동의 학습을 독려하기 위한 활동에도 나서고 있다. 지난달 30일에는 국방부가 주관한 ‘군인 및 군무원 자녀 장학생 통합 축하 행사’를 통해 학생 5명에게 표창장을 전달했다.나아가 내달 말부터는 3교대 근무나 긴급 현장 투입 등 업무로 자녀 교육에 어려움을 겪고 있는 소방관 자녀 400명을 대상으로 새로운 아이드림챌린지를 시작할 예정이다.박경중 LG유플러스 대외협력 담당은 “앞으로도 아이들이 꿈을 위해 도전하고 한 단계 더 도약할 수 있도록 지속적으로 교육 기회를 제공할 것”이라고 말했다."
https://n.news.naver.com/mnews/article/421/0008520063?sid=105,2025-10-01 09:07:55,IT/과학,"LGU+, 軍 자녀 교육격차 해소 프로그램 참여 아동 4000명 돌파","(LG유플러스 제공)(서울=뉴스1) 나연준 기자 = LG유플러스(032640)는 2021년부터 시행해 온 군인 자녀 대상 교육격차 해소 프로그램 '아이드림챌린지' 참여 인원이 4000명을 넘어섰다고 1일 밝혔다.아이드림챌린지는 군인 자녀와 소아암 환아 중 미취학 아동 등 일반적인 교육 환경에서 소외되기 쉬운 아동에게 맞춤형 학습 프로그램을 제공해 교육권을 보장하고 건강한 성장을 지원하는 LG유플러스의 사회공헌 활동이다.LG유플러스는 아이드림챌린지 참여 아동에게 '아이들나라' 등 디지털 교육 콘텐츠를 통해 나이에 맞는 독서 활동을 지원하고, 온라인 멘토링을 실시해 학습 습관 형성을 돕는다.LG유플러스는 지난 2021년부터 올해 상반기까지 총 3938명의 군인 자녀를 선발해 기초 문해력 향상 교육과 자기주도학습 능력 강화를 위한 프로그램을 제공해 왔다. 올해 하반기에도 500명의 군인 자녀를 대상으로 아이드림챌린지를 진행해 누적 참여 아동이 4000명을 넘어섰다.아울러 LG유플러스는 군인 자녀를 넘어 3교대 근무나 긴급 현장 투입 등의 업무로 자녀 교육에 어려움을 겪고 있는 소방관 자녀 400명을 대상으로 11월 말부터 새로운 아이드림챌린지를 시작할 예정이다.박경중 LG유플러스 대외협력담당(상무)은 ""앞으로도 모든 아이들이 자신이 처한 환경과 무관하게 꿈을 위해 도전하고 한 단계 더 도약할 수 있도록, 지속적으로 교육 기회를 제공해 밝은 세상을 만드는 데 앞장서겠다""고 말했다."
https://n.news.naver.com/mnews/article/003/0013517132?sid=105,2025-10-01 09:08:02,IT/과학,"LGU+, 軍 자녀 교육격차 해소 프로그램 참여 아동 4000명 넘어","군인 자녀 안정적 학습 환경 위한 '아이드림챌린지' 성과소방관 자녀 400명 대상으로 새로운 프로그램도 시작 예정[서울=뉴시스]LG유플러스가 2021년부터 시행하고 있는 군인 자녀 대상 교육격차 해소 프로그램 '아이드림챌린지'에 참여한 인원이 4000명을 넘어섰다. 사진은 지난달 30일 국방부가 주관한 군인 및 군무원 자녀 장학생 통합 축하행사에서 표창장을 받은 학생들과 박경중 LG유플러스 대회협력담당이 기념 촬영을 하고 있는 모습. (사진=LG유플러스 제공)[서울=뉴시스]윤현성 기자 = LG유플러스는 2021년부터 시행하고 있는 군인 자녀 대상 교육격차 해소 프로그램 '아이드림챌린지' 참여 인원이 4000명을 넘어섰다고 1일 밝혔다.아이드림챌린지는 일반적인 교육 환경에서 소외되기 쉬운 아동에게 맞춤형 학습 프로그램을 제공해 교육권을 보장하고 건강한 성장을 지원하는 LG유플러스의 사회공헌 활동이다. LG유플러스는 아이드림챌린지 참여 아동에게 '아이들나라' 등 디지털 교육 콘텐츠를 통해 나이에 맞는 독서 활동을 지원하고, 온라인 멘토링을 실시해 학습 습관 형성을 돕는다.아이드림챌린지는 현재 군인 자녀와 소아암 환아 중 미취학 아동을 대상으로 운영되고 있다. 특히 군인 자녀는 부모의 잦은 전출이나 격오지 근무로 인해 안정적인 학습 환경을 확보하기 힘들다. 여러 차례 전학을 다녀 적응에 어려움을 겪거나 돌봄 서비스가 부족한 지역에 머무는 등 어려움이 있다.이에 LG유플러스는 지난 2021년부터 올해 상반기까지 총 3938명의 군인 자녀를 선발해 기초 문해력 향상 교육과 자기주도학습 능력 강화를 위한 프로그램을 제공해왔다. 올해 하반기에도 500명의 군인 자녀를 대상으로 아이드림챌린지를 진행해 누적 참여 아동이 4000명을 넘어서게 됐다.LG유플러스는 국방부와 함께하는 아이드림챌린지를 활성화하고, 참여 아동의 학습을 독려하기 위한 활동에도 적극 나서고 있다. 앞서 지난달 30일 국방부가 주관한 '군인 및 군무원 자녀 장학생 통합 축하행사'를 통해 아이드림챌린지 활동에 적극 참여하고, 성장하는 모습을 보여준 학생 5명에게 표창장을 전달했다.이날 표창을 받은 이다은 학생(7세)은 ""발표하는 것도, 친구들이랑 이야기하는 것도 재밌었다. 아이들나라를 통해 공부하는 것도 재밌다""고 소감을 밝혔다. 이다은 학생의 어머니 이지혜 중사는 ""유튜브를 보자던 아이가 아이들나라로 책을 보고 싶다고 먼저 이야기하는 것도 기분 좋은 변화""라고 감사를 전했다.아울러 LG유플러스는 군인 자녀를 넘어 3교대 근무나 긴급 현장 투입 등의 업무로 자녀 교육에 어려움을 겪고 있는 소방관 자녀 400명을 대상으로 새로운 아이드림챌린지를 시작할 예정이다.박경중 LG유플러스 대외협력담당(상무)은 ""앞으로도 모든 아이들이 자신이 처한 환경과 무관하게 꿈을 위해 도전하고 한 단계 더 도약할 수 있도록 지속적으로 교육 기회를 제공해 밝은 세상을 만드는 데 앞장서겠다""고 말했다."
https://n.news.naver.com/mnews/article/119/0003009493?sid=105,2025-10-01 09:09:10,IT/과학,"9월 통신시장 64만명 이동…SKT, 순증 1만3000명","LGU+도 4400명대 증가…KT는 3000명 감소서울 시내 전자상가 휴대폰 판매점에 붙은 이동통신 3사 로고. ⓒ연합뉴스[데일리안 = 조인영 기자] 9월 통신 시장 번호이동 건수는 64만건으로 집계됐다. 전월(8월)보다 743건 줄어든 것으로, SKT의 위약금 면제 종료가 영향을 미친 것으로 분석된다.1일 한국통신사업자연합회(KTOA)에 따르면 9월 SK텔레콤, KT, LG유플러스, 알뜰폰(MVNO) 간 총 번호이동 가입자 수는 64만3875명으로 집계됐다.SKT 해킹 사고에 따른 위약금 면제 기간(4월 19일 0시부터 7월 14일 24시)으로 번호이동이 급증한 7월(92만5672명) 보다 30.4% 급감했고 전월(64만4618명) 보다는 0.1% 줄었다.올해 1월 49만명 수준이던 번호이동 가입자는 2~3월 50만명대를 유지했다. 그러나 해킹 사고가 발생한 4월에는 70만명에 육박했고, 5월에는 90만명을 훌쩍 넘으며 급증세를 보였다. 6월 들어서는 60만명대로 다소 주춤했으나, 번호이동 위약금 면제가 본격화된 7월 다시 90만명을 넘어섰다. 이후 8월과 9월에는 60만명대에 머물며 감소세를 나타냈다.이동 수치만 보면 7월 가장 큰 수혜를 본 통신사는 SK텔레콤이었다. KT, LG유플러스, 알뜰폰에서 SK텔레콤으로 번호이동한 숫자는 5만2872명, 5만4757명, 3만8444명으로 총 14만6073명이다. 전월 보다는 7% 줄었다. 순증 규모는 1만3224명이다.LG유플러스로 번호이동한 숫자는 10만6230명으로 전월 보다 2% 늘었다. SKT, KT, 알뜰폰에서 LG유플러스로 번호이동한 가입자는 5만7062명, 2만5470명, 2만3698명이다. 순증 규모는 4453명이다.KT로 옮긴 숫자는 9만6512명이다. SKT, LG유플러스, 알뜰폰에서 각각 5만573명, 2만7698명, 1만8241명이다. 9월 한 달 간 순감 규모는 2992명이다.알뜰폰으로의 이동도 눈에 띄었다. 알뜰폰으로 번호이동한 건수는 전월 보다 0.9% 소폭 늘어난 29만5060명으로 집계됐다."
https://n.news.naver.com/mnews/article/119/0003009516?sid=105,2025-10-01 09:25:09,IT/과학,"LGU+, 군인 자녀 교육 지원 ‘아이드림챌린지’ 참여 아동 4000명 돌파","2021년부터 군인 자녀 총4438명에 문해력 향상·자기주도학습 강화 교육 제공지난달 30일 국방부가 주관한 '군인 및 군무원 자녀 장학생 통합 축하행사'에서 표창장을 받은 학생들과 박경중 LG유플러스 대회협력담당이 기념 촬영을 하고 있는 모습.ⓒLG유플러스[데일리안 = 조인영 기자] LG유플러스는 2021년부터 시행하고 있는 군인 자녀 대상 교육격차 해소 프로그램 ‘아이드림챌린지’에 참여한 인원이 4000명을 넘어섰다고 1일 밝혔다.아이드림챌린지는 일반적인 교육 환경에서 소외되기 쉬운 아동에게 맞춤형 학습 프로그램을 제공해 교육권을 보장하고 건강한 성장을 지원하는 LG유플러스의 사회공헌 활동이다. LG유플러스는 아이드림챌린지 참여 아동에게 ‘아이들나라’ 등 디지털 교육 콘텐츠를 통해 나이에 맞는 독서 활동을 지원하고, 온라인 멘토링을 실시해 학습 습관 형성을 돕는다.아이드림챌린지는 현재 군인 자녀와 소아암 환아 중 미취학 아동을 대상으로 운영되고 있다. 특히, 군인 자녀는 부모의 잦은 전출이나 격오지 근무로 인해 안정적인 학습 환경을 확보하기 힘들다. 여러 차례 전학을 다녀 적응에 어려움을 겪거나 돌봄 서비스가 부족한 지역에 머무는 등 어려움이 있다.이에 LG유플러스는 지난 2021년부터 올해 상반기까지 총 3938명의 군인 자녀를 선발해 기초 문해력 향상 교육과 자기주도학습 능력 강화를 위한 프로그램을 제공해왔다. 올해 하반기에도 500명의 군인 자녀를 대상으로 아이드림챌린지를 진행해 누적 참여 아동이 4000명을 넘어서게 됐다.LG유플러스는 국방부와 함께하는 아이드림챌린지를 활성화하고, 참여 아동의 학습을 독려하기 위한 활동에도 적극 나서고 있다. 앞서 지난달 30일 국방부가 주관한 '군인 및 군무원 자녀 장학생 통합 축하행사'를 통해 아이드림챌린지 활동에 적극 참여하고, 성장하는 모습을 보여준 학생 5명에게 표창장을 전달했다.이날 표창을 받은 이다은 학생(7세)은 ""발표하는 것도, 친구들이랑 이야기하는 것도 재밌었다. 아이들나라를 통해 공부하는 것도 재밌다""고 소감을 밝혔으며, 이다은 학생의 어머니 이지혜 중사는 ""유튜브를 보자던 아이가 아이들나라로 책을 보고 싶다고 먼저 이야기하는 것도 기분 좋은 변화""라고 감사를 전했다.LG유플러스는 군인 자녀를 넘어 3교대 근무나 긴급 현장 투입 등의 업무로 자녀 교육에 어려움을 겪고 있는 소방관 자녀 400명을 대상으로 다음달 말부터 새로운 아이드림챌린지를 시작할 예정이다.박경중 LG유플러스 대외협력담당(상무)은 ""앞으로도 모든 아이들이 자신이 처한 환경과 무관하게 꿈을 위해 도전하고 한 단계 더 도약할 수 있도록, 지속적으로 교육 기회를 제공해 밝은 세상을 만드는 데 앞장서겠다”고 말했다."
https://n.news.naver.com/mnews/article/031/0000969786?sid=105,2025-10-01 09:57:11,IT/과학,"LGU+, 군인 자녀 교육격차 해소…'아이드림챌린지' 참여 아동 4천명 돌파","2021년 시작된 사회공헌 프로그램…소방관 자녀로도 확대LG유플러스는 2021년부터 운영 중인 군인 자녀 대상 교육격차 해소 프로그램 '아이드림챌린지'의 누적 참여 아동 수가 4천명을 넘어섰다고 1일 밝혔다.사진은 지난달 30일 국방부가 주관한 '군인 및 군무원 자녀 장학생 통합 축하행사'에서 표창장을 받은 학생들과 박경중 LG유플러스 대회협력담당이 기념 촬영을 하고 있는 모습. [사진=LGU+]아이드림챌린지는 디지털 교육 콘텐츠와 온라인 멘토링을 통해 일반 교육 환경에서 소외되기 쉬운 아동에게 맞춤형 학습 기회를 제공하는 LG유플러스의 대표 사회공헌 활동이다. 특히 군인 자녀의 경우 부모의 빈번한 전출·격오지 근무 등으로 안정적인 교육 환경 확보가 어려운 상황에서 학습 지원의 사각지대에 놓여 있는 사례가 많다.LG유플러스는 지난 2021년부터 올해 상반기까지 군인 자녀 3천938명을 선발해 기초 문해력과 자기주도학습 역량 향상을 위한 맞춤형 프로그램을 운영했다. 하반기에는 추가로 500명을 모집해 누적 참여 인원이 4천명을 돌파했다.아울러 지난달 30일 국방부가 주관한 '군인 및 군무원 자녀 장학생 통합 축하행사'에서는 아이드림챌린지에 참여한 우수 아동 5명에게 표창장이 수여됐다. 이 가운데 이다은 양(7세)은 ""발표와 친구들과의 대화, 아이들나라를 통한 학습이 모두 즐거웠다""고 소감을 밝혔으며, 어머니 이지혜 중사는 ""유튜브를 찾던 아이가 스스로 책을 보겠다고 말하는 변화를 보였다""고 전했다.LG유플러스는 오는 11월부터 소방관 자녀 400명을 대상으로 새로운 아이드림챌린지를 시작할 예정이다. 박경중 LG유플러스 대외협력담당(상무)은 ""아이들이 처한 환경에 관계없이 교육 기회를 통해 꿈을 키워갈 수 있도록 지속적으로 지원하겠다""고 말했다."
https://n.news.naver.com/mnews/article/277/0005660544?sid=105,2025-10-01 10:15:37,IT/과학,"SKT, 2030 겨냥 자급제 통신 브랜드 '에어' 출격","13일부터 개통 가능유심 단독 가입·셀프 개통·앱 중심 고객 관리 차별화LGU+ ‘너겟’ 등 2030 자급제 시장 본격 확대SK텔레콤이 2030 세대를 겨냥한 자급제 전용 통신 브랜드 '에어(air)'를 새롭게 내놨다. 통신 요금 부담을 낮추면서도 간결한 가입 절차와 포인트 혜택을 강화한 디지털 전용 서비스다. 기존 온라인 채널 'T다이렉트' 요금제와는 별도로 운영하며, 실속형 소비와 간편함을 중시하는 젊은 세대를 정조준한다는 전략이다.1일 SKT는 자급제 단말 고객을 대상으로 유심·이심 단독 가입 서비스인 '에어'를 론칭한다고 밝혔다. 오는 13일부터 개통이 가능하며, 요금제는 고객 선호가 높은 5G 데이터 구간 6종으로 단순화했다. 월 2만9000원(7GB)부터 5만8000원(무제한)까지 구성해 불필요한 부가혜택을 제거하고 요금을 낮췄다. 모든 요금제는 기본 제공 데이터를 소진한 뒤에도 추가 과금 없이 지정 속도로 데이터를 이용할 수 있다.'에어'의 차별화 포인트는 앱 기반의 편의성과 포인트 시스템이다. 고객은 에어 앱에서 만보기, 밸런스 게임 등 다양한 미션을 수행해 포인트를 적립할 수 있으며, 이를 요금 납부(월 최대 5000포인트)나 1000여종의 상품권 구매에 활용할 수 있다. 개통과 해지, 상담, 부가서비스 가입까지 앱 하나로 가능하도록 설계해 디지털 네이티브 세대의 사용성을 고려했다. 24시간 고객센터를 운영하고, 향후 AI 챗봇 상담도 도입할 계획이다.SKT는 이번 브랜드 출시로 통신 미니멀리즘을 내세운다. 복잡한 요금제와 혜택 구조를 단순화하고, 핵심 기능만 남긴다는 것이다. 부가서비스 역시 로밍, 컬러링, 스팸 차단, 유심 보호 등 수요가 높은 항목만 남겨 선택지를 최소화했다.업계에서는 SKT의 행보가 자급제 시장 확대 흐름과 맞물린 것으로 보고 있다. 이미 LG유플러스가 지난 2023년 '너겟(Nerget)'이라는 자급제 전용 온라인 브랜드를 내놓고 MZ세대를 공략하고 있다. 너겟은 단말 없이 유심만 가입할 수 있는 구조로, 가족·지인 결합 할인과 전용 멤버십 서비스인 '엑스템'등을 앞세워 차별화를 시도했다. 통신사들이 연이어 젊은 층 전용 디지털 브랜드를 꺼내든 만큼, 자급제 시장을 둘러싼 경쟁이 한층 치열해질 전망이다.유영상 SKT CEO는 ""에어는 2030 고객이 기존 통신 서비스에서 느낀 불편을 꼼꼼히 살펴 개통부터 해지까지 모든 경험을 새롭게 구성한 서비스""라며 ""디지털 세대의 특화된 요구를 충족시키는 틈새 전략과 혁신을 통해 차별화된 가치를 제공하겠다""고 말했다."
https://n.news.naver.com/mnews/article/014/0005415176?sid=105,2025-10-01 11:15:10,IT/과학,"LG U+, 군인 자녀 교육격차 해소 프로그램 참여 아동 4000명 돌파","지난달 30일 국방부가 주관한 '군인 및 군무원 자녀 장학생 통합 축하행사'에서 표창장을 받은 학생들과 박경중 LG유플러스 대회협력담당(뒷줄)이 기념 촬영을 하고 있다. LG유플러스 제공LG유플러스가 2021년부터 시행하고 있는 군인 자녀 대상 교육격차 해소 프로그램 ‘아이드림챌린지’에 참여한 인원이 4000명을 넘어섰다고 1일 밝혔다.아이드림챌린지는 일반적인 교육 환경에서 소외되기 쉬운 아동에게 맞춤형 학습 프로그램을 제공해 교육권을 보장하고 건강한 성장을 지원하는 LG유플러스의 사회공헌 활동이다. LG유플러스는 아이드림챌린지 참여 아동에게 ‘아이들나라’ 등 디지털 교육 콘텐츠를 통해 나이에 맞는 독서 활동을 지원하고, 온라인 멘토링을 실시해 학습 습관 형성을 돕는다.아이드림챌린지는 현재 군인 자녀와 소아암 환아 중 미취학 아동을 대상으로 운영되고 있다. 특히 군인 자녀는 부모의 잦은 전출이나 격오지 근무로 인해 안정적인 학습 환경을 확보하기 힘들다. 여러 차례 전학을 다녀 적응에 어려움을 겪거나 돌봄 서비스가 부족한 지역에 머무는 등 어려움이 있다.이에 LG유플러스는 지난 2021년부터 올해 상반기까지 총 3938명의 군인 자녀를 선발해 기초 문해력 향상 교육과 자기주도학습 능력 강화를 위한 프로그램을 제공해왔다. 올해 하반기에도 500명의 군인 자녀를 대상으로 아이드림챌린지를 진행해 누적 참여 아동이 4000명을 넘어서게 됐다.LG유플러스는 국방부와 함께하는 아이드림챌린지를 활성화하고 참여 아동의 학습을 독려하기 위한 활동에도 적극 나서고 있다. 앞서 지난달 30일 국방부가 주관한 '군인 및 군무원 자녀 장학생 통합 축하행사'를 통해 아이드림챌린지 활동에 적극 참여하고 성장하는 모습을 보여준 학생 5명에게 표창장을 전달했다.이날 표창을 받은 이다은 학생(7)은 ""발표하는 것도, 친구들이랑 이야기하는 것도 재밌었다. 아이들나라를 통해 공부하는 것도 재밌다""고 소감을 밝혔으며, 이다은 학생의 어머니 이지혜 중사는 ""유튜브를 보자던 아이가 아이들나라로 책을 보고 싶다고 먼저 이야기하는 것도 기분 좋은 변화""라고 감사를 전했다. 아울러 LG유플러스는 군인 자녀를 넘어 3교대 근무나 긴급 현장 투입 등의 업무로 자녀 교육에 어려움을 겪고 있는 소방관 자녀 400명을 대상으로 다음달 말부터 새로운 아이드림챌린지를 시작할 예정이다.박경중 LG유플러스 대외협력담당(상무)은 ""앞으로도 모든 아이들이 자신이 처한 환경과 무관하게 꿈을 위해 도전하고 한 단계 더 도약할 수 있도록 지속적으로 교육 기회를 제공해 밝은 세상을 만드는 데 앞장서겠다”고 말했다."
https://n.news.naver.com/mnews/article/092/0002392766?sid=105,2025-10-01 11:56:10,IT/과학,LGU+ 군인자녀 교육격차 해소...4천명 넘었다,"기초 문해력·자기주도학습 지원…다음달 소방관 자녀 대상 새 프로그램LG유플러스가 2021년부터 시행하고 있는 군인 자녀 대상 교육격차 해소 프로그램 ‘아이드림챌린지’에 참여한 인원이 4천명을 넘어섰다고 1일 밝혔다.아이드림챌린지는 일반적인 교육 환경에서 소외되기 쉬운 아동에게 맞춤형 학습 프로그램을 제공해 교육권을 보장하고 건강한 성장을 지원하는 LG유플러스의 사회공헌 활동이다. LG유플러스는 아이드림챌린지 참여 아동에게 ‘아이들나라’ 등 디지털 교육 콘텐츠를 통해 나이에 맞는 독서 활동을 지원하고, 온라인 멘토링을 실시해 학습 습관 형성을 돕는다.아이드림챌린지는 현재 군인 자녀와 소아암 환아 중 미취학 아동을 대상으로 운영되고 있다. 특히, 군인 자녀는 부모의 잦은 전출이나 격오지 근무로 인해 안정적인 학습 환경을 확보하기 힘들다. 여러 차례 전학을 다녀 적응에 어려움을 겪거나 돌봄 서비스가 부족한 지역에 머무는 등 어려움이 있다.이에 LG유플러스는 지난 2021년부터 올해 상반기까지 총 3천938명의 군인 자녀를 선발해 기초 문해력 향상 교육과 자기주도학습 능력 강화를 위한 프로그램을 제공해왔다. 올해 하반기에도 500명의 군인 자녀를 대상으로 아이드림챌린지를 진행해 누적 참여 아동이 4천명을 넘어서게 됐다.LG유플러스는 국방부와 함께하는 아이드림챌린지를 활성화하고, 참여 아동의 학습을 독려하기 위한 활동에도 적극 나서고 있다. 앞서 지난달 30일 국방부가 주관한 '군인 및 군무원 자녀 장학생 통합 축하행사'를 통해 아이드림챌린지 활동에 적극 참여하고, 성장하는 모습을 보여준 학생 5명에게 표창장을 전달했다.이날 표창을 받은 이다은 학생(7세)은 ""발표하는 것도, 친구들이랑 이야기하는 것도 재밌었다. 아이들나라를 통해 공부하는 것도 재밌다""고 소감을 밝혔으며, 이다은 학생의 어머니 이지혜 중사는 ""유튜브를 보자던 아이가 아이들나라로 책을 보고 싶다고 먼저 이야기하는 것도 기분 좋은 변화""라고 감사를 전했다.아울러 LG유플러스는 군인 자녀를 넘어 3교대 근무나 긴급 현장 투입 등의 업무로 자녀 교육에 어려움을 겪고 있는 소방관 자녀 400명을 대상으로 다음달 말부터 새로운 아이드림챌린지를 시작할 예정이다.박경중 LG유플러스 대외협력담당은 ""모든 아이들이 자신이 처한 환경과 무관하게 꿈을 위해 도전하고 한 단계 더 도약할 수 있도록, 지속적으로 교육 기회를 제공해 밝은 세상을 만드는 데 앞장서겠다”고 말했다."
https://n.news.naver.com/mnews/article/421/0008521076?sid=105,2025-10-01 13:27:47,IT/과학,"'해킹 여파' KT, 9월 가입자 소폭 감소…SKT·LGU+는 순증","9월 통신시장 64만 명 이동소액결제 해킹에 이어 서버 해킹까지 당한 KT(대표 김영섭)가 잇따른 입장 번복으로 불신을 자초하고 있는 가운데 국회는 KT의 잇따른 입장 번복을 질타하며 오는 24일 열리는 과방위 청문회에서 철저히 검증하겠다고 밝혔다. 사진은 23일 서울 광화문 KT 본사 모습. 2025.9.23/뉴스1 ⓒ News1 김명섭 기자(서울=뉴스1) 나연준 기자 = 소액결제 침해와 해킹 사고를 겪은 KT(030200)의 9월 가입자가 약 3000명 순감했다.1일 한국통신사업자연합회(KTOA)에 따르면 9월 KT로 번호이동한 가입자는 9만6512명으로 집계됐다. 전월(8월) 대비 5582명(6.1%) 증가했다.하지만 KT를 떠난 고객이 더 많았다. 지난달 KT에서 SK텔레콤(017670)으로는 5만 2872명, LG유플러스(032640)로는 2만 5470명, 알뜰폰(MVNO)으로는 2만 1162명의 고객이 이동했다. KT의 9월 순감 규모는 2992명이다.소액결제 침해와 서버 해킹이 영향을 끼친 것으로 분석된다. 지난달 KT의 소액결제 사건이 알려지기 시작했고 362명이 2억 4000만 원의 피해를 본 것으로 드러났다. 불법 초소형 기지국 관리 부실이 드러났다. 나아가 KT가 외부 업체에 의뢰해 서버 전수조사를 진행한 결과 서버 침해 흔적까지 확인됐다.SK텔레콤은 2달 연속 순증세를 기록했다. 지난달 SK텔레콤으로 이동한 고객은 14만 6073명이었다. SK텔레콤 가입자는 1만 3224명 순증했다.LG유플러스는 9월 10만 6230명의 고객이 LG유플러스로 이동하며 순증 새로 돌아섰다. LG유플러스의 순증 규모는 4453명이다.한편 9월 전체 휴대전화 번호이동 건수는 휴대전화 번호이동 건수는 64만 3875건이었다. 전월 대비 743건 감소했다."
https://n.news.naver.com/mnews/article/001/0015662050?sid=102,2025-10-01 16:26:56,사회,국정자원 화재 틈탄 공공기관 안내 사칭 스미싱·피싱 주의보,"과기정통부, 스미싱·피싱 주의 보안 공지통신사·카카오, 추석·민생회복 쿠폰 지급 기간 스팸 차단 강화국정자원 화재 사태 틈탄 스미싱 문자 예시 문구[한국인터네진흥원(KISA) 제공. 재판매 및 DB 금지](서울=연합뉴스) 조성미 기자 = 국가정보자원관리원 화재로 인한 행정 시스템 마비 상황을 틈탄 스미싱·피싱 범죄 시도가 늘자 정부가 주의보를 내렸다.과학기술정보통신부와 한국인터네진흥원(KISA)은 국정자원 화재 사태에 따른 정부·공공기관 민원 서비스 안내를 미끼로 스미싱·피싱 공격 위험이 증가해 이용자 주의가 필요하다고 1일 보안 공지했다.이들은 정부 시스템 장애 관련 공식 안내 문자 메시지나 사회관계망서비스(SNS) 안내문에는 인터넷주소(URL)가 포함되지 않는다며 악성링크를 클릭하지 않도록 주의를 당부했다.특히, 안내 메시지 첫머리에 '국제발신', '국외발신' 문구가 포함된 경우 개인정보 탈취나 금전적 피해로 이어지는 스미싱 문자이므로 절대 URL을 클릭하지 말라고 강조했다.만약 스미싱 의심 문자를 받았거나 문자 내 인터넷 주소 바로가기(URL)를 클릭, 악성 앱 감염 등이 의심되는 경우 24시간 운영되는 한국인터넷진흥원 118상담센터(☎118)로 신고하고 상담받을 수 있다.한편, 방송미디어통신위원회와 과학기술정보통신부는 이날 통신업계 등과 '불법 스팸 대응 민관 협의체' 4차 전체 회의를 열어 스팸 대응책 추진 현황을 점검했다.공동 위원장인 방미통위와 과기부 주관으로 개인정보보호위원회, 경찰청 등 관계부처와 SKT, KT, LGU+, 카카오, 삼성전자 관계자 등이 참석했다.통신 3사와 카카오는 추석 연휴와 민생 회복 쿠폰 지급 기간 불법 스팸 메시지가 늘어날 가능성에 이용자 주의를 촉구하고 차단 활동을 강화하겠다고 밝혔다.csm@yna.co.kr"
https://n.news.naver.com/mnews/article/082/0001347559?sid=101,2025-10-01 16:44:09,경제,‘국정자원 화재 틈탄 공공기관 안내’ 사칭 스미싱·피싱 주의보,"과기정통부, 스미싱·피싱 주의 보안 공지통신사·카카오, 추석·민생회복 쿠폰 지급 기간 스팸 차단 강화스미싱 유포(예상) 문구. 과기정통부 제공국가정보자원관리원(이하 국정자원) 화재로 인한 행정 시스템 마비 상황을 틈탄 스미싱·피싱 범죄 시도가 늘자 정부가 주의보를 내렸다.과학기술정보통신부와 한국인터네진흥원(KISA)은 국정자원 화재 사태에 따른 정부·공공기관 민원 서비스 안내를 미끼로 스미싱·피싱 공격 위험이 증가해 이용자 주의가 필요하다고 1일 보안 공지했다.이들은 정부 시스템 장애 관련 공식 안내 문자 메시지나 사회관계망서비스(SNS) 안내문에는 인터넷주소(URL)가 포함되지 않는다며 악성링크를 클릭하지 않도록 주의를 당부했다.특히, 안내 메시지 첫머리에 '국제발신', '국외발신' 문구가 포함된 경우 개인정보 탈취나 금전적 피해로 이어지는 스미싱 문자이므로 절대 URL을 클릭하지 말라고 강조했다.만약 스미싱 의심 문자를 받았거나 문자 내 인터넷 주소 바로가기(URL)를 클릭, 악성 앱 감염 등이 의심되는 경우 24시간 운영되는 한국인터넷진흥원 118상담센터(국번없이 118)로 신고하고 상담받을 수 있다.한편, 방송미디어통신위원회와 과학기술정보통신부는 이날 통신업계 등과 '불법 스팸 대응 민관 협의체' 4차 전체 회의를 열어 스팸 대응책 추진 현황을 점검했다. 공동 위원장인 방미통위와 과기부 주관으로 개인정보보호위원회, 경찰청 등 관계부처와 SKT, KT, LGU+, 카카오, 삼성전자 관계자 등이 참석했다.통신 3사와 카카오는 추석 연휴와 민생 회복 쿠폰 지급 기간 불법 스팸 메시지가 늘어날 가능성에 이용자 주의를 촉구하고 차단 활동을 강화하겠다고 밝혔다."
https://n.news.naver.com/mnews/article/056/0012040589?sid=105,2025-10-01 17:17:44,IT/과학,“행정 마비 틈탄 ‘기관 안내 사칭’ 스미싱 주의…인터넷주소 클릭 금지”,"국가정보자원관리원 화재로 인한 행정 시스템 마비 상황을 틈타 각종 스미싱·피싱 범죄 시도가 늘면서 정부가 주의보를 내렸습니다.과학기술정보통신부와 한국인터넷진흥원(KISA)은 오늘(1일) 국정자원 화재 사태에 따른 정부·공공기관 민원 서비스 안내를 미끼로 스미싱·피싱 공격 위험이 증가해 이용자 주의가 필요하다고 당부했습니다.정부는 공식 안내 문자 메시지나 사회관계망서비스(SNS) 안내문에는 인터넷주소(URL)가 포함되지 않는다며 악성 링크를 클릭하지 말라고 강조했습니다.특히, 첫머리에 ‘국제 발신’, ‘국외 발신’ 문구가 포함된 문자는 개인정보 탈취나 금전적 피해로 이어지는 스미싱 문자라며, 절대 인터넷주소를 클릭하지 말라고 강조했습니다.만약 스미싱 의심 문자를 받았거나 문자 내 인터넷 주소를 클릭해 악성 앱 감염 등이 의심된다면, 24시간 운영되는 한국인터넷진흥원 118 상담센터(☎118)로 신고하고 상담을 받을 수 있습니다.한편, 방송미디어통신위원회도 통신업계 등과 ‘불법 스팸 대응 민관 협의체’ 4차 전체 회의를 열고 스팸 대응책 추진 현황을 점검했습니다.방미통위와 과기부가 주관한 이번 회의에는 개인정보보호위원회와 경찰청 등 관계 부처와 SKT, KT, LGU+, 카카오, 삼성전자 관계자 등이 참석했습니다.통신 3사와 카카오는 추석 연휴와 민생 회복 쿠폰 지급 기간 불법 스팸 메시지가 늘어날 가능성을 염두에 두고, 차단 활동을 강화하겠다고 밝혔습니다.[사진 출처 : 연합뉴스 / 한국인터네진흥원(KISA) 제공]■ 제보하기▷ 전화 : 02-781-1234, 4444▷ 이메일 : kbs1234@kbs.co.kr▷ 카카오톡 : 'KBS제보' 검색, 채널 추가▷ 네이버, 유튜브에서 KBS뉴스를 구독해주세요!"
https://n.news.naver.com/mnews/article/417/0001105035?sid=102,2025-10-01 17:38:26,사회,내년 목포시장 선거 여론조사 엎치락 뒤치락,"배종호·강성휘·전경선 선두권 각축속 조사때마다 결과 달라져목포시청지방선거를 8개월 가량 앞두고 전남 목포시장 선거 열기가 뜨겁게 달아 오르고 있다.두 전직 시장의 리턴매치 가능성과 새롭게 시장선거에 뛰어든 전·현직 도의원의 선전 여부 등이 선거 관전 포인트로 부각돼 유권자들의 관심이 한층 높아지고 있다.1일 머니S 취재와 지역정가에 따르면 목포시장 후보군으로 박홍률 전 목포시장과 김종식 전 목포시장의 출마가 점쳐진다.여기에 강성희 전 도의원과 전경선 현 도의원, 배종호 세한대 교수, 이호균 목포과학대 총장, 장복성 전 목포시의회 의장 등이 표밭을 다지고 있는 상황이다.이런 가운데 광주전남 지역신문인 '광남일보'가 여론조사 전문기관인 리얼미터에 의뢰해 지난 25일부터 26일까지 이틀간 목포시 거주 만 18세 이상 남녀 507명을 대상으로 실시한 여론조사 결과가 나왔다.차기 목포시장 후보 지지도는 배종호 세한대 교수(16.6%) , 강성휘 전 전남도의원(15.8%), 전경선 전남도의원(14.0%) 등 3명의 후보가 오차범위내(±4.4%p)에서 선두 경합을 벌였다.박 전 시장과 김 전 시장이 각각 '11.1%'와 '10.8%'의 지지율로 추격하는 모양새다.이호균 목포과학대 총장(8.9%)도 3중으로 분류됐다. 2.6%를 얻는데 그친 장복성 전 목포시의회 의장은 하위권에 머물렀다.리얼미터의 조사방법은 국내 통신 3사(SKT, KT, LGU+)가 제공한 무선전화 가상번호(100%)를 이용한 자동응답(ARS) 방식이다. 표본오차는 95% 신뢰수준에서 ±4.4%p이며 응답률은 6.7%를 보였다.2025년 8월말 행정안전부 발표 주민등록인구통계 기준으로 성별, 연령대별, 권역별 가중 값을 부여해 조사했으며 자세한 내용은 중앙선거여론조사심의위원회 홈페이지를 참조하면 된다.이에 앞서 실시된 목포시장 지지도 여론조사는 후보자 이력 적용을 어떻게 하느냐에 따라 약간의 변동이 있는 것을 볼 수 있다.전남중앙신문이 여론조사 전문기관인 한길리서치에 의뢰한 여론조사에서 강성휘 현 더불어민주당 전남도당 부위원장이 17.9%로 가장 높은 지지율을 거뒀다.배종호 세한대 교수 16.5%, 박홍률 전 목포시장 13.1%, 김종식 전 목포시장 11.7%, 전경선 현 전남도의회 의원 10.5%, 이호균 현 목포과학대학교 총장 6.7%로 조사됐으며 부동층이 23.6%로 나타났다.이처럼 두 차례 시장 지지도 여론조사가 공개되자 지역정가에서는 선두와 중위권이 오차범위 내에서 접전을 펼쳐 앞으로 더 지켜봐야 한다는 신중론도 나온다.이번 조사는 지난 9월 22일부터 23일까지 이틀간 목포시 거주 만18세 이상 남녀 608명을 대상으로 실시됐으며 표본오차는 95% 신뢰수준에서 ±4.0%포인트다. 자세한 사항은 중앙선거여론조사심의위원회 홈페이지에서 확인할 수 있다."
https://n.news.naver.com/mnews/article/014/0005415604?sid=105,2025-10-01 18:25:18,IT/과학,LGU+ 軍 자녀·소아암 환우 교육격차 해소 구슬땀,"'아이드림챌린지' 4000명 돌파LG유플러스가 2021년부터 시행하고 있는 군인 자녀 대상 교육격차 해소 프로그램 '아이드림챌린지'에 참여한 인원이 4000명을 넘어섰다고 1일 밝혔다.아이드림챌린지는 일반적인 교육 환경에서 소외되기 쉬운 아동에게 맞춤형 학습 프로그램을 제공해 교육권을 보장하고 건강한 성장을 지원하는 LG유플러스의 사회공헌 활동이다.LG유플러스는 아이드림챌린지 참여 아동에게 '아이들나라' 등 디지털 교육 콘텐츠를 통해 나이에 맞는 독서 활동을 지원하고, 온라인 멘토링을 실시해 학습 습관 형성을 돕는다. 아이드림챌린지는 현재 군인 자녀와 소아암 환아 중 미취학 아동을 대상으로 운영되고 있다.특히 군인 자녀는 부모의 잦은 전출이나 격오지 근무로 인해 안정적인 학습 환경을 확보하기 힘들다. 여러 차례 전학을 다녀 적응에 어려움을 겪거나 돌봄 서비스가 부족한 지역에 머무는 등 어려움이 있다.이에 LG유플러스는 지난 2021년부터 올해 상반기까지 총 3938명의 군인 자녀를 선발해 기초 문해력 향상 교육과 자기주도학습 능력 강화를 위한 프로그램을 제공해왔다. 올해 하반기에도 500명의 군인 자녀를 대상으로 아이드림챌린지를 진행해 누적 참여 아동이 4000명을 넘어서게 됐다.LG유플러스는 국방부와 함께하는 아이드림챌린지를 활성화하고 참여 아동의 학습을 독려하기 위한 활동에도 적극 나서고 있다."
https://n.news.naver.com/mnews/article/001/0015662834?sid=105,2025-10-02 07:24:07,IT/과학,"1천168만명, 선택약정 할인 놓쳤다…연간 2조원 달해","통신사 무약정 가입자 25%…SKT 600만·KT 300만·LGU+ 200만최수진 ""소비자 고지 강화…정부 적극 홍보해야""(서울=연합뉴스) 조성미 기자 = 선택약정을 통해 통신 요금 25%를 할인받을 수 있는데도 이용하지 않고 있는 가입자가 전체 이용자의 25.2%에 달하는 1천168만명으로 집계됐다.2일 국회 과학기술정보방송통신위원회 소속 최수진 의원(국민의힘)이 과학기술정보통신부로부터 제출받은 자료에 따르면 통신 3사의 무약정 가입자가 1천168만명으로 전체 4천626만명의 25.2%에 달했다.선택약정 할인제는 단말기 구매 시 공시지원금을 받지 않거나, 공시지원금 지원 기간이 24개월을 초과한 경우 통신 기본요금에서 25% 할인을 받을 수 있는 제도다. 12개월 또는 24개월 중 선택해 가입할 수 있다.최 의원은 통신사 입장에서는 요금할인 혜택을 신청하지 않은 무약정 가입자들로 연간 2조2천776억원의 추가 수입을 벌어들이고 있는 셈이라고 지적했다.한국소비자원의 통신사 소비자 만족도 이용행태 조사에 따르면 지난해 1인당 월평균 이동통신 요금은 6만5천원으로, 무약정 이용자의 경우 월평균 1만6천원, 연간 19만 5천원의 통신 요금 할인 혜택을 놓치고 있는 셈이다.통신사별로는 SKT 600만명, KT 300만명, LG유플러스 200만명 정도가 무약정 가입자로 추산된다.최수진 의원은 ""지난해 국정감사를 통해 과기정통부에 무약정 가입자 수를 줄이기 위한 적극적인 제도개선을 요구했지만 여전히 1천만명이 넘는 가입자들이 선택약정할인 제도를 이용하지 않고 있다""고 지적했다.그는 ""당국의 적극적인 홍보와 소비자 고지 강화를 위한 제도 개선책이 절실하다""고 덧붙였다.25% 요금 할인을 받을 수 있는지는 스마트폰이나 PC의 '스마트초이스' 사이트에서 조회할 수 있다.5G 주파수ㆍ이동통신3사 (PG)[강민지 제작] 일러스트csm@yna.co.kr"
https://n.news.naver.com/mnews/article/008/0005259280?sid=105,2025-10-02 09:00:00,IT/과학,"""역대급 추석연휴 통신 안터질라"" LGU+ 비상운영체계 돌입","/사진=LG유플러스LG유플러스는 최장 10일간 추석 연휴를 앞두고 이동통신 통화량 및 데이터 트래픽 급증에 대비해 네트워크 최적화, 24시간 종합상황실 운영 등 '연휴 특별 소통 대책'을 수립한다고 2일 밝혔다.LG유플러스는 네트워크 특별 소통을 위한 비상운영체계에 돌입해 고객들이 데이터와 음성 등 통신 서비스를 원활하게 이용하도록 준비한다.우선 비상상황에 긴급 대응하기 위해 서울 마곡사옥에 종합상황실을 열고 24시간 집중 모니터링에 돌입한다. 또 전국 고속도로, 휴게소, KTX/SRT 역사, 버스터미널, 공항 등에 있는 5G 및 LTE 기지국을 사전 점검해 품질을 측정하고 최적화 작업을 진행한다. 고속도로 요금소 및 휴게소 상습 정체구간 등 중요 거점지역에 현장요원을 배치하고, 상시 출동 준비태세를 갖춘다.더불어 LG유플러스는 U+tv와 OTT 동영상 시청이 증가할 것으로 예상하고, 캐시서버 용량 등을 증설해 트래픽 증가에 대비한다.한편 LG유플러스는 추석 연휴 기간(10월 3일~9일) 가입자(알뜰폰 가입자 포함)가 가족·지인에게 안부를 전할 수 있도록 무료 영상통화 혜택을 제공한다. 다만, 선불폰 이용자나 카카오톡·페이스톡 등 모바일 데이터를 이용한 영상통화(mVolP)는 무료 이용 대상에서 제외된다."
https://n.news.naver.com/mnews/article/003/0013519975?sid=105,2025-10-02 09:00:00,IT/과학,"LGU+ IPTV, 최신 영화 구매시 대한항공 50만원권 경품","추석 연휴 맞이 U+tv 콘텐츠 프로모션 진행상반기 인기작 60% 할인, 해외 드라마는 88%까지[서울=뉴시스] LG유플러스가 추석 연휴를 맞아 IPTV 서비스 'U+tv'에서 콘텐츠 프로모션을 진행한다. (사진=LGU+ 제공) *재판매 및 DB 금지[서울=뉴시스] 심지혜 기자 = LG유플러스는 추석 연휴를 맞아 IPTV 서비스 'U+tv'에서 콘텐츠 프로모션을 진행한다고 2일 밝혔다.우선 오는 12일까지 9900원 이상 최신 영화를 3편 이상 구매하면 1만원 쿠폰을 전원에게 증정한다. 1편 이상 구매한 고객에게는 추첨을 통해 대한항공 50만원 기프트카드(2명), 3만원 백화점 상품권(100명)을 선물한다.추석 대표 신작으로는 ▲좀비딸 ▲전지적 독자시점 ▲킹 오브 킹스 ▲F1 더 무비 ▲슈퍼맨 ▲엘리오 ▲판타스틱4: 새로운 출발 ▲컨저링: 마지막 의식 ▲노바디2 ▲미션 임파서블: 파이널 레코닝 등이 있다.상반기 인기작은 최대 60% 할인된 가격에 제공한다. 할인 대표작으로는 ▲야당 ▲거룩한밤: 데몬 헌터스 ▲마인크래프트 무비 ▲28년 후 ▲소방관 ▲하얼빈 ▲검은 수녀들 등이 있다.해외드라마는 최대 88% 할인한다. 시청 가능한 드라마는 ▲하우스 오브 카드 ▲브레이킹 배드 ▲장심 ▲아츠히메 ▲아웃랜더 ▲블랙리스트 ▲더보이즈 등이 있다.U+tv의 영화/해외시리즈 구독 상품 ‘유플레이(Uplay)’에서는 오는 13일까지 대표작을 시청하면 추첨을 통해 배달앱 상품권 3만권을 제공한다.응모 방법은 주요 콘텐츠인 ‘옐로우스톤, 셜록, 헤일로, 군사 칸베에, 열화요수, 장가행, 스콧과 베일리, 테이큰’ 등 총 20여 개의 해외시리즈를 시청하면 자동 응모된다.키즈 전용 서비스 아이들나라는 3일부터 12일까지 뽀로로 정규 시즌1~8 총 657편을 무료로 제공한다. 연중에는 정규 시즌1~4까지만 무료로 시청할 수 있었지만 추석 연휴 한정으로 시즌8까지 모두 무료로 시청 가능하다."
https://n.news.naver.com/mnews/article/016/0002538319?sid=105,2025-10-02 09:01:17,IT/과학,"“올해 추석 ‘U+tv’로 풍성하게” LGU+, 콘텐츠 프로모션 진행","영화 3편 구매 시 1만원 쿠폰…대한항공 50만원권 제공상반기 인기 영화 최대 60%, 해외드라마 최대 88% 할인구독 상품 ‘유플레이’서 시청 시 배달앱 3만원권 증정LG유플러스 직원이 추석 맞이 프로모션을 선보이고 있다. [LG유플러스 제공][헤럴드경제=고재우 기자] LG유플러스는 추석 연휴를 맞아 자사 인터넷TV(IPTV) 서비스인 U+tv에서 다양한 콘텐츠 프로모션을 진행한다고 2일 밝혔다.우선 이날부터 12일까지 U+tv에서 9900원 이상 최신 영화를 3편 구매 시 1만원 쿠폰을 증정한다. 또 1편 이상 구매한 고객에게는 추첨을 통해 대한항공 50만원 기프트카드(2명), 백화점 상품권 3만원(100명) 등을 제공한다.추석 연휴를 맞아 U+tv 콘텐츠도 대폭 추가됐다. ▷좀비딸 ▷전지적 독자시점 ▷킹 오브 킹스 ▷F1 더 무비 ▷슈퍼맨 ▷엘리오 ▷판타스틱4: 새로운 출발 ▷컨저링: 마지막 의식 ▷노바디2 ▷미션 임파서블: 파이널 레코닝 등이다.특히 상반기 인기작은 최대 60% 할인된 가격으로 만날 수 있다. ▷야당 ▷거룩한밤: 데몬 헌터스 ▷마인크래프트 무비 ▷28년 후 ▷소방관 ▷하얼빈 ▷검은 수녀들 등이다. 해외드라마도 최대 88% 할인된 가격에 즐길 수 있다. ▷하우스 오브 카드 ▷브레이킹 배드 ▷장심 ▷아츠히메 ▷아웃랜더 ▷블랙리스트 ▷더보이즈 등이다.아울러 U+tv의 영화·해외시리즈 구독 상품 ‘유플레이’에서는 이날부터 13일까지 대표작 시청 시 추첨을 통해 배달앱 상품권 3만권을 증정한다. ▷옐로우스톤 ▷셜록 ▷헤일로 ▷군사 칸베에 ▷열화요수 ▷장가행 ▷스콧과 베일리 ▷테이큰 등 총 20여개 해외시리즈 시청 시 자동 응모된다.이외에도 키즈 전용 서비스 아이들나라는 이달 3일부터 12일까지 뽀로로 정규 시즌1~8 총 657편을 무료로 제공한다. 추석 연휴 한정으로, 연중에는 정규 시즌1~4까지만 무료로 시청할 수 있다."
https://n.news.naver.com/mnews/article/421/0008522755?sid=105,2025-10-02 09:18:39,IT/과학,"LGU+, 추석 연휴 비상운영체계 가동…""통신 이상무""","최대 10일 추석 연휴 앞두고 '특별 소통 대책' 마련LG유플러스 임직원이 서울역 인근 네트워크 장비를 점검하고 있는 모습. (LGU+ 제공)(서울=뉴스1) 이기범 기자 = LG유플러스(032640)가 추석 연휴를 앞두고 이동통신 통화량 및 데이터 트래픽 급증에 대비해 '연휴 특별 소통 대책'을 수립했다고 2일 밝혔다.이번 연휴 기간 LG유플러스는 비상운영체계를 가동해 고객이 데이터 및 음성 등 통신 서비스를 원활하게 이용할 수 있도록 준비할 방침이다.우선 LG유플러스는 서울 마곡사옥에 종합상황실을 열고 24시간 모니터링을 진행한다. 또 전국 고속도로, 휴게소, KTX/SRT 역사, 버스터미널, 공항 등 5G 및 LTE 기지국 사전 점검과 네트워크 최적화 작업을 진행한다. 주요 고속도로 요금소 및 휴게소, 상습 정체 구간 등 중요 거점 지역에는 현장 요원도 배치된다.아울러 LG유플러스는 온라인동영상서비스(OTT) 시청이 늘 것으로 보고 캐시서버 용량 증설 등 트래픽 증가에 대비할 계획이다.한편 LG유플러스는 추석 연휴 기간인 3일부터 9일까지 알뜰폰 가입자를 포함한 고객들에게 가족·지인에게 안부를 전할 수 있도록 무료 영상 통화 혜택을 제공할 예정이다. 단, 선불폰 이용자나 카카오톡·페이스북 등 모바일 데이터를 이용한 영상통화(mVolP)는 이번 무료 이용 대상에서 제외된다."
https://n.news.naver.com/mnews/article/417/0001105128?sid=103,2025-10-02 09:31:36,생활/문화,"""찐친끼리 떠나자""… 추석특집 '딱이다! 산악회' 사패산 산행 어때?","추석을 맞아 마운틴TV '딱이다! 산악회'가 시청자를 찾는다. /사진=마운틴TV 제공마운틴TV 대표 예능 '딱이다! 산악회'가 추석을 맞아 더욱 풍성해진 스페셜 회차로 안방극장을 찾는다. 이번 회차에는 MC 이재훈과 절친 개그맨 정철욱이 경기 의정부 사패산에서 특별한 산행을 함께한다.추석을 맞아 마운틴TV '딱이다! 산악회'를 통해 경기 의정부 사패산 산행을 즐길 수 있다. /사진=마운틴TV 제공특히 정철욱은 등장부터 ""산코디 자리를 노리러 왔다""며 야망 가득한 포부를 밝히며 현장 분위기를 장악했다. 장기자랑은 물론, 본인이 직접 준비해온 게임까지 선보이며 유쾌한 에너지를 폭발시켰고, 급기야 산행 중 계곡 물놀이까지 주도하며 '딱이다! 산악회' 역사상 가장 '버라이어티한 산행'을 만들어냈다. 그의 맹활약에 자극 받은 이재훈 산코디 또한 평소보다 더 뜨거운 텐션으로 촬영에 임하며, 찐친 케미스트리를 제대로 보여줬다.산쓰리크루와 함께 마운틴TV '딱이다! 산악회'를 통해 경기 의정부 사패산의 절경을 만끽할 수 있다. /사진=마운틴TV 제공이들이 함께한 산악회는 '산쓰리크루'로 30~40대 직장인들 중심으로 운영된다. 이 산악회는 ""등산은 레저와 친목이 함께여야 진짜다""라는 철학 아래, 매주 산행과 함께 다양한 액티비티를 결합한 특별한 모임이다. 여름이면 계곡에서 물놀이를 즐기고, 산을 내려온 뒤에는 언제나 뒷풀이가 따라붙는다. 지역 명소 탐방과 맛집 투어는 기본, 취미 사진가인 회장이 직접 찍고 보정한 인증샷들도 멤버들에게 큰 인기를 끌고 있다.이번 회차는 추석 연휴 기간인 오는 5일 오후 6시30분 마운틴TV에서 방영된다. 웃음과 감동, 그리고 찐친 케미가 어우러진 특별한 산행이 명절 저녁을 더욱 풍성하게 만들어줄 예정이다. SK Btv(채널 247번), LG U+ tv(채널 129번), 지니TV(채널 128번), SkyLife(채널 122번) 등 다양한 플랫폼을 통해 시청할 수 있으며, 지역 케이블 채널 번호는 마운틴TV 홈페이지에서 확인할 수 있다."
https://n.news.naver.com/mnews/article/030/0003356943?sid=105,2025-10-02 09:38:12,IT/과학,"LGU+, 추석 연휴 트래픽 급증 대비 비상운영체계 가동","LG유플러스 임직원이 서울역 인근 네트워크 장비를 점검하고 있는 모습LG유플러스는 최대 열흘간 이어지는 추석 연휴를 앞두고 이동통신 통화량 및 데이터 트래픽 급증에 대비해 네트워크 최적화, 24시간 종합상황실 운영 등 '연휴 특별 소통 대책'을 수립했다.이번 연휴 동안 LG유플러스는 네트워크 특별 소통을 위한 비상운영체계에 돌입해 고객들이 데이터와 음성 등 통신 서비스를 원활하게 이용하도록 준비한다.먼저 LG유플러스는 비상상황에 긴급 대응하기 위해 서울 마곡사옥에 종합상황실을 열고 24시간 집중 모니터링에 돌입한다.또 전국 고속도로, 휴게소, KTX/SRT 역사, 버스터미널, 공항 등에 있는 5G 및 LTE 기지국의 사전 점검 등을 통해 품질을 측정하고, 이를 기반으로 최적화 작업도 진행한다.아울러 명절 통화량 및 데이터 사용량 추이를 분석해 주요 고속도로 요금소 및 휴게소 상습 정체구간등 중요 거점지역에 현장요원을 배치하고, 상시 출동 준비태세를 갖추는 등 돌발 상황에 대비하며 적극적으로 고객보호에 나설 예정이다.이와 함께 LG유플러스는 U+tv와 OTT 동영상 시청이 증가할 것으로 예상하고, 캐시서버 용량 증설 등을 통해 트래픽 증가에 대비할 계획이다."
https://n.news.naver.com/mnews/article/031/0000970150?sid=105,2025-10-02 09:56:06,IT/과학,이통사 '국감 수난시대'...과방·정무위 이어 행안위도 'CEO 호출',"대규모 해킹사고·과장광고 논란·본인인증서비스·사장교체·AI 협약 관련 등3개 상임위서 4번 출석 요청 받은 김영섭 KT 대표⋯유영상 SKT·홍범식 LGU+ 순이동통신 3사 최고경영자(CEO)들이 국정감사 무대에 줄줄이 소환된다. 과학기술정보방송통신위원회(과방위)와 정무위원회(정무위)에 이어 행정안전위원회(행안위)도 CEO 증인 출석을 요구했다. 오는 13일부터 시작되는 2025년도 국정감사의 칼끝이 대규모 해킹사고 등이 발생한 통신사의 최고경영진을 향하면서 업계 긴장감이 고조되고 있다.왼쪽부터 유영상 SK텔레콤 대표, 김영섭 KT 대표, 홍범식 LG유플러스 사장. [사진=각사]과방위는 지난 9월24일 이통 3사 CEO 전원을 증인으로 채택했다. 김영섭 KT 대표는 오는 14일과 21일 이틀에 걸쳐 과장광고 논란과 대규모 해킹 사고 관련으로 증인 출석 요청을 받았다. 21일에는 유영상 SK텔레콤 대표와 홍범식 LG유플러스 대표 역시 대규모 해킹 사고와 본인인증서비스(PASS)를 포함한 사이버 보안 문제를 주제로 증인석에 선다.특히 KT는 사장 교체 과정을 둘러싼 의혹까지 얽히며 과방위 국감의 최대 격전지가 될 전망이다. 구현모 전 KT 대표를 비롯한 윤경림 전 KT 사장 최종 후보, 김태현 국민연금 이사장, 서원주 기금운용본부장 등이 대거 관련 증인 명단에 포함됐다. 여기에 황태선 KT CPO, 허태원 KT 컴플라이언스추진실장, 서창석 KT 네트워크부문장 등 현직 임원진도 줄줄이 증인석에 오른다.정무위는 금융·지배구조 문제까지 겨냥했다. 9월29일 의결된 명단에 따르면 김영섭 대표는 오는 14일 정무위 국감에도 증인 출석 요청을 받았다. 대규모 개인정보 유출 사태와 관련한 질의를 받을 예정이다.SK텔레콤 대표는 소환되지 않았지만, 그룹 총수인 최태원 회장이 오는 28일 계열사 부당지원 의혹을 사유로 출석 요청을 받았다. 통신 보안 이슈를 넘어 그룹 지배구조와 투명성 논란까지 다뤄질 전망이다.행안위도 통신 CEO 호출 대열에 합류했다. 1일 의결된 명단에 따르면 유영상 SK텔레콤 대표는 오는 17일 AI 업무협약 관련 쟁점으로 출석 요청을 받는다. 김영섭 대표는 30일 국가융합망 사업과 관련해 증인석에 선다.과방위와 정무위가 보안·지배구조를 겨냥했다면, 행안위는 국가 기반망과 인공지능 협력 등 공공 인프라 차원 현안을 집중 추궁할 것으로 예상된다. 통신사 서비스가 국민 생활뿐 아니라 행정·안전 시스템과 직결된다는 점에서 국회의 질의는 더욱 날카로워질 전망이다.통신사 CEO들은 과방위·정무위·행안위 등 3개 상임위 증인 명단에 모두 이름을 올리며 동시다발 국감 출석에 직면했다. 대규모 개인정보 유출, 보안 관리 부실, 사장 교체 과정 논란, 그룹 지배구조, 국가 기반망과 AI 협력 등 현안이 겹겹이 쌓이면서 CEO들이 받을 국감 공세는 어느 해보다 거셀 것으로 보인다."
https://n.news.naver.com/mnews/article/117/0003994443?sid=105,2025-10-02 10:06:08,IT/과학,통신 3사 무약정 가입자 1168만명…연간 2조원 요금 할인 놓쳤다,"전체 가입자 4명 중 1명은 무약정… 연간 19만5000원 손실 추산SKT 600만·KT 300만·LGU+ 200만, 제도 홍보·고지 강화 필요서울 시내 한 통신 3사 대리점. /뉴시스[마이데일리 = 박성규 기자] 통신 요금의 25%를 깎아주는 선택약정 할인 제도를 활용하지 않는 가입자가 전체의 4분의 1을 넘는 것으로 나타났다. 이용자들은 연간 2조원 넘는 혜택을 놓치고 있는 셈이다.2일 국회 과학기술정보방송통신위원회 소속 최수진 국민의힘 의원이 과학기술정보통신부로부터 제출받은 자료에 따르면, 통신 3사 전체 가입자 4626만명 가운데 무약정 가입자가 1168만명(25.2%)으로 집계됐다.선택약정 할인은 단말기 공시지원금을 받지 않거나, 지원 기간이 24개월을 넘으면 기본 요금에서 25%를 할인해주는 제도다. 하지만 무약정 가입자는 이 혜택을 신청하지 않아 통신사에 추가 수익을 안겨주고 있다. 최 의원에 따르면 지난해 기준 통신 3사가 얻은 무약정 가입자 추가 수입은 2조2776억원에 달한다.한국소비자원의 조사 결과, 무약정 가입자는 1인당 월평균 1만6000원, 연간 19만5000원의 요금 절감 기회를 놓친 것으로 나타났다. 통신사별로는 SKT 600만명, KT 300만명, LG유플러스 200만명 수준으로 추산됐다.최 의원은 “지난해 국정감사에서도 무약정 가입자 수를 줄이도록 당국에 제도 개선을 촉구했지만 여전히 1000만명이 넘는 이용자가 혜택을 받지 못하고 있다”며 “적극적인 홍보와 고지 의무 강화가 시급하다”고 지적했다.이용자는 스마트폰이나 PC를 통해 ‘스마트초이스’ 사이트에서 본인의 선택약정 할인 가능 여부를 확인할 수 있다."
https://n.news.naver.com/mnews/article/031/0000970174?sid=105,2025-10-02 10:24:08,IT/과학,"LGU+, 트래픽 급증 대비 비상운영체계 '가동'","24시간 종합상황실 운영…중요 거점에 현장요원 배치LG유플러스(대표 홍범식)는 최대 10일간 이어지는 추석 연휴를 앞두고 이동통신 통화량과 데이터 트래픽 급증에 대비해 네트워크 최적화, 24시간 종합상황실 운영 등 연휴 특별 소통 대책을 수립했다고 2일 밝혔다.LG유플러스 임직원이 서울역 인근 네트워크 장비를 점검하고 있는 모습. [사진=LGU+]LG유플러스는 비상상황에 긴급 대응하기 위해 서울 마곡사옥에 종합상황실을 열고 24시간 집중 모니터링에 돌입한다. 전국 고속도로와 휴게소, KTX·SRT 역사, 버스터미널, 공항 등에 있는 5G·LTE 기지국 사전 점검 등을 통해 품질을 측정하고 최적화 작업도 진행한다.명절 통화량·데이터 사용량 추이를 분석해 주요 고속도로 요금소·휴게소 상습 정체구간 등 중요 거점지역에 현장요원을 배치한다. 상시 출동 준비태세를 갖추는 등 돌발 상황에 대비해 고객보호에 나설 예정이다.LG유플러스는 U+tv와 OTT 동영상 시청이 증가할 것으로 예상한다. 캐시서버 용량 증설 등을 통해 트래픽 증가에 대비할 계획이다.오는 3일부터 9일까지 알뜰폰을 포함한 가입자들이 가족·지인에게 안부를 전할 수 있도록 무료 영상통화 혜택을 제공한다. 선불폰 이용자나 카카오톡·페이스톡 등 모바일 데이터를 이용한 영상통화(mVolP)는 무료 이용 대상에서 제외된다."
https://n.news.naver.com/mnews/article/018/0006131710?sid=105,2025-10-02 11:08:10,IT/과학,추석 당일 통신 트래픽 19% 증가 예상...총력 대응,"SKT 계열사, 1만2000명 인력 투입해 모니터링로밍 트래픽 30% 증가 전망...해외사업자와 협력KT, 교통거점 중심 통신망 안전 운용 체계 마련LGU+, 마곡 종합상황실서 24시간 모니터링[이데일리 윤정훈 기자]이동통신 3사가 추석 연휴 기간 안정적인 통신 품질 확보를 위해 총력 대응에 나선다. 개천절부터 한글날까지 이어지는 긴 추석 연휴에 여행객 증가와 영상 소비 확대가 예상되는 만큼 트래픽 폭증과 돌발 상황에 대비한 대책을 가동한다는 방침이다.LG유플러스 임직원이 서울역 인근 네트워크 장비를 점검하고 있다 (사진=LG유플러스)SK텔레콤(017670)은 2일부터 9일까지 특별 소통 상황실을 운영하며, SK브로드밴드·SK오앤에스 등 자회사와 함께 총 1만2000여 명의 인력을 투입해 전국 통신망을 24시간 모니터링한다고 2일 밝혔다. 특히 고속도로 상습 정체 구간, 주요 기차역·공항·버스터미널 등 이동 인구가 집중되는 장소에 5G·LTE 기지국 용량 증설을 완료했다.추석 당일인 6일에는 데이터 트래픽이 평소 대비 19% 이상 늘어날 것으로 예상해 사전 품질 점검과 서비스 최적화 작업을 이미 마쳤다. 연휴 기간(3~9일)에는 고객 편의를 위해 영상통화를 무료로 제공하며, 해외 여행 수요 증가를 반영해 국제 로밍 트래픽도 최대 30%까지 늘어날 것으로 보고 해외 중계 사업자와 협력을 강화했다. SKT는 또 통합보안관제센터를 통해 디도스 공격·해킹 시도를 실시간으로 감시하며 사이버 보안 대응도 강화한다.KT(030200)는 인파가 몰리는 교통·관광 거점과 해외 로밍 수요 증가에 맞춰 통신망 안정 운용 체계를 마련했다. 특히 추석 인사 문자나 선물 택배를 사칭한 스미싱, 대규모 디도스 공격 등 사이버 위협에 대비해 실시간 감시와 차단을 강화한다. 또한 가을 태풍이 한반도에 영향을 미칠 경우 즉시 재해상황실을 개설하고, 비상 복구 체계를 가동해 신속하게 대응할 계획이다.SKT와 SK오앤에스 엔지니어가 고속터미널역 인근에서 통신장비를 점검하고 있다(사진=SKT)LG유플러스(032640)는 서울 마곡사옥에 종합상황실을 열고 24시간 집중 모니터링 체제로 돌입한다. 전국 고속도로·KTXSRT 역사·버스터미널·공항 등 주요 거점 기지국에 대한 사전 점검을 완료하고 품질 최적화 작업을 진행했으며, 현장 요원을 배치해 돌발 상황 발생 시 즉각 출동할 수 있는 체계를 마련했다. 특히 OTT 시청과 U+tv 이용 증가가 예상되는 만큼 캐시서버 용량을 확충해 트래픽 폭증에도 대비한다.또한 LG유플러스는 10월 3일부터 9일까지 전 고객(알뜰폰 가입자 포함)에게 무료 영상통화 혜택을 제공한다. 다만 선불폰 이용자나 카카오톡·페이스타임 등 모바일 데이터 기반 영상통화는 제외된다.윤형식 SKT 인프라운용본부장은 “이번 추석 연휴 동안 급증하는 데이터 사용과 대규모 이동에 대비해 만반의 준비를 마쳤다”며 “한가위 추석 명절 기간 고객들의 원활한 안정적인 이동통신 서비스 이용을 위해 최선을 다하겠다”고 말했다."
https://n.news.naver.com/mnews/article/016/0002538534?sid=105,2025-10-02 11:08:17,IT/과학,"“U+tv로 추석 풍성하게”  LGU+, 콘텐츠 프로모션 진행","영화 3편 구매시 1만원 쿠폰대한항공 50만원권도 제공상반기 인기영화 최대 60%↓LG유플러스 직원이 추석 맞이 프로모션을 선보이고 있다. [LG유플러스 제공]LG유플러스는 추석 연휴를 맞아 자사 인터넷TV(IPTV) 서비스인 U+tv에서 다양한 콘텐츠 프로모션을 진행한다고 2일 밝혔다.우선 오는 12일까지 U+tv에서 9900원 이상 최신 영화를 3편 구매 시 1만원 쿠폰을 증정한다. 또 1편 이상 구매한 고객에게는 추첨을 통해 대한항공 50만원 기프트카드(2명), 백화점 상품권 3만원(100명) 등을 제공한다.추석 연휴를 맞아 U+tv 콘텐츠도 대폭 추가됐다. ▷좀비딸 ▷전지적 독자시점 ▷킹 오브 킹스 ▷F1 더 무비 ▷슈퍼맨 ▷엘리오 ▷판타스틱4: 새로운 출발 ▷컨저링: 마지막 의식 ▷노바디2 ▷미션 임파서블: 파이널 레코닝 등이다.특히 상반기 인기작은 최대 60% 할인된 가격으로 만날 수 있다. ▷야당 ▷거룩한밤: 데몬 헌터스 ▷마인크래프트 무비 ▷28년 후 ▷소방관 ▷하얼빈 ▷검은 수녀들 등이다. 해외드라마도 최대 88% 할인된 가격에 즐길 수 있다. ▷하우스 오브 카드 ▷브레이킹 배드 ▷장심 ▷아츠히메 ▷아웃랜더 ▷블랙리스트 ▷더보이즈 등이다.아울러 U+tv의 영화·해외시리즈 구독 상품 ‘유플레이’에서는 오는 13일까지 대표작 시청 시 추첨을 통해 배달앱 상품권 3만권을 증정한다. ▷옐로우스톤 ▷셜록 ▷헤일로 ▷군사 칸베에 ▷열화요수 ▷장가행 ▷스콧과 베일리 ▷테이큰 등 총 20여개 해외시리즈 시청 시 자동 응모된다.이외에도 키즈 전용 서비스 아이들나라는 오는 3~12일 ‘뽀로로’ 정규 시즌1~8 총 657편을 무료로 제공한다. 이는 추석 연휴 한정으로, 연중에는 정규 시즌1~4까지만 무료로 시청할 수 있다. 고재우 기자"
https://n.news.naver.com/mnews/article/366/0001112553?sid=105,2025-10-02 11:39:07,IT/과학,"“4명 중 1명, 통신비 선택약정 25% 할인 놓쳐”","무약정 가입자 25%, SKT 600만·KT 300만·LGU+ 200만SKT와 SK오앤에스 엔지니어가 고속터미널역 인근에서 통신장비를 점검하는 모습. 사진은 기사와 무관./SKT전체 이동통신 가입자 4명 중 1명은 선택약정으로 통신 요금을 25% 할인받을 수 있는데도 이용하지 않고 있는 것으로 나타났다.2일 국회 과학기술정보방송통신위원회 소속 최수진 의원(국민의힘)이 과학기술정보통신부로부터 제출받은 자료에 따르면 통신 3사의 무약정 가입자가 1168만명으로 전체 4626만명의 25.2%에 달했다.선택약정 할인제는 단말기를 구매할 때 공시지원금을 받지 않았거나, 공시지원금 지원 기간이 24개월을 초과한 경우 통신 기본요금에서 25% 할인을 받을 수 있는 제도다. 이용자는 12개월 또는 24개월 중 선택해 가입할 수 있다.최 의원은 통신사 입장에서는 요금할인 혜택을 신청하지 않은 무약정 가입자들로 연간 2조2776억원의 추가 수입을 벌어들이고 있는 셈이라고 지적했다.한국소비자원의 통신사 소비자 만족도 이용행태 조사에 따르면 지난해 1인당 월평균 이동통신 요금은 6만5000원으로, 무약정 이용자의 경우 월평균 1만6000원, 연간 19만5000원의 통신 요금 할인 혜택을 놓치고 있는 셈이다.통신사별로는 SK텔레콤 600만명, KT 300만명, LG유플러스 200만명 정도가 무약정 가입자로 추산된다.최수진 의원은 “지난해 국정감사에서 과기정통부에 무약정 가입자 수를 줄이기 위한 적극적인 제도 개선을 요구했지만 여전히 1000만명이 넘는 가입자들이 선택약정할인 제도를 이용하지 않아 정부의 적극적인 홍보와 고지 강화가 필요하다”고 했다.이용자는 스마트폰이나 PC에서 ‘스마트초이스’ 사이트를 통해 25% 요금 할인 여부를 확인할 수 있다."
https://n.news.naver.com/mnews/article/117/0003994497?sid=105,2025-10-02 13:49:08,IT/과학,"“귀성길 끊김 없다”… 통신 3사, 추석 연휴 특별 소통 대책 총력","SKT·KT·LGU+, ‘고속도로·터미널’ 등 혼잡 지역 기지국 집중 점검영상통화 무료·사이버 보안 강화…연휴 데이터 폭증 대비 총력 대응SKT와 SK오앤에스 엔지니어가 고속터미널역 인근에서 통신장비를 점검하고 있다. /SKT[마이데일리 = 박성규 기자] 통신 3사가 올해 추석 연휴 원활한 통신 서비스 제공을 위해 대규모 비상 운영 체제에 돌입했다. 귀성·귀경길 교통 혼잡과 해외여행 증가, 데이터 사용 급증에 대응해 기지국 용량 증설부터 사이버 보안까지 전방위 관리가 이뤄진다.2일 통신업계에 따르면 SK텔레콤, KT, LG유플러스는 오는 9일까지 연휴 기간 동안 특별 소통 대책을 시행한다고 발표했다. 세 회사는 전국 주요 고속도로와 터미널, 기차역, 공항 등 인파가 몰리는 지역에 기지국을 집중 점검·증설하고, 종합상황실을 24시간 가동해 실시간 대응에 나선다.SK텔레콤은 이번 대책에 SK브로드밴드, SK오앤에스 등 자회사까지 포함해 총 1만2000여 명의 인력을 투입했다. 연휴 동안 데이터 사용량이 평시 대비 최대 19% 증가할 것으로 예상되는 만큼, 고속도로 상습 정체 구간과 관광지, 성묘지까지 품질 점검을 완료했다. 또 3일부터 9일까지 영상통화 무료 혜택을 제공하며, 국제 로밍 트래픽 급증에 대비해 해외 사업자와 협력을 강화한다.LG유플러스 임직원이 서울역 인근 네트워크 장비를 점검하고 있다. /LG유플러스KT는 전국 665개 혼잡 지역을 집중 관리 대상으로 지정하고, 4000여 명의 네트워크 전문가를 배치했다. AI 기반 ‘클린메시징 시스템’과 ‘AI 디도스 스캐너’를 활용해 스미싱 문자, 디도스 공격 등 연휴철 사이버 위협 차단에도 나선다.LG유플러스는 서울 마곡사옥에 종합상황실을 설치해 네트워크를 집중 모니터링하고, 현장 요원을 배치해 돌발 상황에 대응한다. 특히 3일부터 9일까지 전 고객에게 영상통화 무료 혜택을 제공하며, U+tv·OTT 시청 증가에 대비해 캐시서버 용량도 증설했다.통신업계 관계자는 “예년보다 긴 추석 연휴와 대규모 인파 이동으로 데이터 사용량이 크게 늘 것으로 예상된다”며 “세 회사 모두 고객 불편을 최소화하기 위해 인력과 기술을 총동원하고 있다”고 말했다."
https://n.news.naver.com/mnews/article/014/0005416156?sid=105,2025-10-02 16:11:10,IT/과학,"""통신 대란·사이버 위협 막아라"" 이통3사, 연휴 비상체제 돌입","SKT 특별 소통 상황실 운영나서1만2000명 투입 전국망 모니터링3일부터 무료 영상통화 서비스도KT 스미싱·디도스 등 대응 만전LGU+ 지역기지국 사전점검 완료SKT와 SK오앤에스 엔지니어가 고속터미널역 인근에서 통신장비를 점검하고 있다. SK텔레콤 제공통신 3사가 최대 10일간 이어지는 추석 연휴를 맞아 통신 트래픽 급증과 보안 위협에 대비해 특별 소통 체제에 돌입한다. 비상상황 컨트롤타워를 구축해 공항·역사·관광지 등 인파가 몰리는 현장에서 안정적인 통신 품질을 유지하고 사이버 공격에도 만반의 대응 태세를 갖춘다는 계획이다.2일 통신 업계에 따르면 SK텔레콤은 이날부터 오는 9일까지 특별 소통 상황실을 운영하며 SK브로드밴드, SK오앤에스, 홈앤서비스 등 자회사와 긴밀히 협력한다. 또 1만2000여명을 투입해 전국 통신망을 24시간 모니터링할 예정이다. 아울러 주요 기차역과 버스터미널, 공항, 숙박시설, 성묘지 등 혼잡 예상 지역의 기지국 용량 증설도 완료했다. 특히 추석 당일인 6일에는 데이터 트래픽이 평시 대비 약 19% 늘어날 것으로 예상돼 사전 품질 점검과 최적화 작업을 마쳤다. 가족 간 원활한 소통을 위해 오는 3~9일 영상통화 서비스를 무료로 지원한다. 해외여행 수요 증가에 따른 국제 로밍 트래픽도 평시 대비 최대 30% 늘어날 것으로 전망돼 해외 중계 사업자와의 협력을 강화했다. 보안 측면에서는 통합보안관제센터를 중심으로 디도스 공격과 해킹 시도를 24시간 감시한다.윤형식 SKT 인프라운용본부장은 ""이번 추석 연휴 동안 급증하는 데이터 사용과 대규모 이동에 대비해 만반의 준비를 마쳤다""며 ""한가위 추석 명절 기간 고객들의 원활한 안정적인 이동통신 서비스 이용을 위해 최선을 다하겠다""고 밝혔다. LG유플러스는 서울 마곡사옥에 24시간 종합상황실을 열고 비상 운영 체제에 들어갔다. 전국 고속도로·휴게소·역사·공항 등 주요 거점 지역의 기지국을 사전 점검했으며 주요 고속도로 요금소와 휴게소 등 상습 정체 구간에 현장 요원을 배치할 예정이다. U+tv와 온라인동영상서비스(OTT) 서비스 시청 증가에 대비해 캐시 서버 용량도 증설했다. 이와 함께 오는 3~9일 알뜰폰 가입자를 포함한 고객에게 무료 영상통화를 제공한다.KT 역시 교통·관광 거점의 통신망과 해외 로밍 트래픽을 안정적으로 운용할 수 있는 체계를 마련했다. 추석 인사나 선물 택배를 사칭한 스미싱 문자, 대규모 디도스 공격 등 사이버 위협에 대응하고자 실시간 감시·차단 체계를 강화할 방침이다. 특히 가을 태풍이 한반도에 영향을 미칠 경우 재해상황실을 즉시 개설하고 비상 복구 체제를 가동해 통신 장애를 최소화할 계획이다.업계 관계자는 ""추석 연휴는 데이터 트래픽과 통화량이 평소보다 급격히 증가하는 시기""라며 ""통신 3사는 매년 혹시 모를 비상 상황 발생에도 차질 없는 서비스 제공을 위해 철저히 대비하고 있다""고 말했다."
https://n.news.naver.com/mnews/article/011/0004540464?sid=105,2025-10-02 17:07:08,IT/과학,트래픽에 보안까지…통신3사 ‘추석 비상운영’,"SKT 1.2만명 투입해 모니터링KT는 '택배 사칭' 스미싱 예방LGU+도 공항 등 기지국 점검LG유플러스 직원들이 추석 연휴 트래픽 증가에 대비해 서울역 인근 네트워크 장비를 점검하고 있다. 사진제공=LG유플러스[서울경제]이동통신 3사가 추석 연휴 기간 안정적인 통신 서비스를 제공하기 위해 비상대응 체계를 가동한다. 급증하는 트래픽을 안정적으로 관리하고 철통 보안 태세를 갖추기로 했다.SK텔레콤(017670)은 연휴 동안 특별 소통 상황실을 운영하고 자회사·관계사와 함께 총 1만2000여 명의 인력을 투입해 전국 통신망을 24시간 모니터링한다. 주요 교통·관광 거점에 5세대(5G)·LTE 기지국 용량을 증설하고 고속도로 정체 구간 품질 점검과 자사 서비스 관리도 강화했다.SK텔레콤은 추석 당일(6일) 데이터 사용량이 평시보다 19% 늘어날 것으로 보고 사전 점검을 마쳤으며 3∼9일에는 영상통화를 무료로 제공한다. 또한 국제 로밍 트래픽 증가에 대비해 해외 중계 사업자와 협력을 강화하고 통합보안관제센터를 통해 사이버 공격에도 24시간 대응한다.SK텔레콤은 가입자 해킹 등 사이버 피해 신고에 연중무휴로 대응하는 ‘T안심 24시간 보안센터’도 신설했다. 센터는 피싱·스미싱·해킹에 대한 차단과 긴급 조치, 2차 피해 방지를 위한 점검·예방 서비스 안내, 기관 신고 지원, 피해 조사·보상 등 사후 관리까지 통합 지원한다.KT(030200)는 과천 네트워크 관제센터를 중심으로 종합상황실을 운영해 유무선 통신 서비스 이상유무를 24시간 상시 모니터링할 예정이다. 인파 밀집 지역의 통신망과 해외 로밍 트래픽을 안정적으로 관리하기 위한 체계를 마련했으며 추석 인사·선물 택배를 사칭한 스미싱과 대규모 디도스 공격 등에 대비해 실시간 감시와 차단을 강화한다. 태풍이 한반도에 영향을 줄 경우 재해상황실을 즉시 개설해 비상 복구체계를 가동할 방침이다.LG유플러스(032640)는 비상상황에 긴급 대응하기 위해 서울 마곡사옥에 종합상황실을 열고 24시간 집중 모니터링을 실시한다. 전국 고속도로·KTX 역사·버스터미널·공항 등 주요 거점 기지국 품질을 사전 점검하고 최적화했으며 현장 요원도 배치한다. 온라인동영상서비스(OTT) 이용 증가에 대비해 캐시서버 용량을 확충했으며 연휴 기간 알뜰폰 가입자를 포함한 모든 고객에게 무료 영상통화 혜택을 제공한다."
https://n.news.naver.com/mnews/article/003/0013522147?sid=105,2025-10-03 08:00:00,IT/과학,"추석 연휴 데이터 사용량 19% 늘어날 듯…이통3사, 망 안정화 총력","SKT·KT·LGU+ 등 연휴 특별 소통 상황실 운영인파 몰리는 지역 중심 기지국 용량 증설[서울=뉴시스] SK텔레콤은 올해 추석 연휴 기간 중 원활한 통신 서비스를 제공하기 위해 이동통신 품질 집중 관리에 돌입한다. 사진은 SKT와 SK오앤에스 엔지니어가 고속터미널역 인근에서 통신장비를 점검하는 모습. (사진=SKT 제공) *재판매 및 DB 금지[서울=뉴시스] 심지혜 기자 = 이동통신 3사가 추석 연휴 기간 급증하는 데이터 트래픽과 통화량에 대비해 비상 대응 체계에 돌입한다. 기지국 용량 증설과 상황실 운영, 무료 영상통화 혜택까지 내놓으며 안정적인 서비스 제공에 총력을 기울이고 있다.SK텔레콤은 2일부터 9일까지 특별 소통 상황실을 운영한다. SK브로드밴드, SK오앤에스, 홈앤서비스, SK AX 등 관계사와 협력해 전국 통신망을 24시간 모니터링하고, 총 1만2000여 명의 인력을 배치한다.추석 연휴를 앞두고 주요 기차역, 터미널, 휴게소, 공항, 관광지 등 인파가 몰리는 지역을 중심으로 5G·LTE 기지국 용량 증설을 마쳤다. 귀성·귀경길 교통 정체 구간과 고객 이용이 많은 ‘에이닷’ 서비스도 점검했다.데이터 사용량은 추석 당일인 6일 평소보다 약 19% 늘어날 것으로 예상돼 사전 품질 점검과 최적화 작업을 완료했다. SK텔레콤은 연휴 기간(3~9일) 영상통화 서비스를 무료로 제공하며, 해외여행 고객 대상 국제 로밍 트래픽도 평시 대비 30% 증가가 전망돼 해외 중계 사업자와 협력을 강화했다.보안 대응도 강화한다. 통합보안관제센터를 중심으로 디도스 공격, 해킹 시도 등을 실시간 모니터링하고, 상황 발생 시 즉각 대응한다.윤형식 SK텔레콤 인프라운용본부장은 “이번 추석 연휴 동안 급증하는 데이터 사용과 대규모 이동에 대비해 만반의 준비를 마쳤다”며 “한가위 추석 명절 기간 고객들의 원활한 안정적인 이동통신 서비스 이용을 위해 최선을 다하겠다”고 했다.[서울=뉴시스] LG유플러스는 최대 10일간 이어지는 추석 연휴를 앞두고 이동통신 통화량 및 데이터 트래픽 급증에 대비해 네트워크 최적화, 24시간 종합상황실 운영 등 '연휴 특별 소통 대책'을 수립했다. 사진은 LG유플러스 임직원이 서울역 인근 네트워크 장비를 점검하고 있는 모습. (사진=LGU+ 제공) *재판매 및 DB 금지LG유플러스도 3일부터 9일까지 비상 운영체제에 돌입한다. 서울 마곡사옥에 종합상황실을 설치해 24시간 모니터링에 나서고, 고속도로·휴게소·KTX·SRT 역사·버스터미널·공항 등 거점 지역의 기지국을 사전 점검해 품질을 최적화한다.또한 주요 고속도로 요금소와 휴게소 상습 정체 구간에 현장 요원을 배치해 돌발 상황에 즉시 대응한다. 온라인동영상서비스(OTT) 및 IPTV 이용 증가에 대비해 캐시서버 용량도 확대했다.LG유플러스는 연휴 기간 동안 알뜰폰 가입자를 포함한 자사 고객에게 무료 영상통화 혜택을 제공한다. 다만 선불폰 가입자와 모바일 데이터를 이용하는 카카오톡·페이스타임 등은 제외된다.KT는 추석 연휴 기간 인파가 몰리는 지역의 통신망과 해외 로밍 트래픽을 안정적으로 운용하기 위해 사전 점검을 마쳤다. 아울러 추석 인사나 선물 배송을 가장한 스미싱 문자, 대규모 디도스(DDoS) 공격 등 사이버 위협에 대비해 실시간 감시·차단 체계를 운영한다.가을 태풍 등 자연재해 발생 시에는 즉시 재해상황실을 개설하고 비상 복구 체계를 가동한다는 계획이다．"
https://n.news.naver.com/mnews/article/031/0000970438?sid=105,2025-10-03 12:01:09,IT/과학,"통신장애 걱정 '뚝'…이통3사, 연휴기간 비상근무체계 가동","귀성·귀경길 품질 관리 강화…국제로밍·OTT 트래픽까지 총력 대응SK텔레콤과 KT, LG유플러스 등 이동통신 3사가 추석 연휴 기간 비상근무 체제에 돌입한다. 트래픽 증가 예상에 따른 원활한 통신 서비스 제공을 위한 조치다. 네트워크 품질을 집중 관리하며 24시간 모니터링을 실시한다. 귀성·귀경길 교통 혼잡과 OTT 이용 증가, 해외여행객 로밍 수요까지 대비한다. 기지국 증설과 보안 강화도 마쳤다.SK텔레콤과 SK오앤에스 엔지니어가 고속터미널역 인근에서 통신장비를 점검하는 모습. [사진=SKT]SKT, 1만2000여명 투입⋯보안 대응도 강화SK텔레콤은 2일부터 오는 9일까지 특별 소통 상황실을 운영한다. 관계사와 협력해 전국 통신망을 24시간 관리한다. 연휴 기간 투입 인력은 1만2000여명에 달한다.기차역과 공항, 휴게소, 성묘지, 숙박시설 등 전국 주요 거점에 5G·LTE 기지국 용량을 확충했다. 번화가와 관광지 품질 점검도 마쳤다. 귀성·귀경길에 자주 이용되는 AI 서비스 에이닷(A.) 안정성도 확인했다.추석 당일인 6일에는 데이터 트래픽이 평소 대비 19% 늘어날 전망이다. 이에 맞춰 사전 점검과 최적화 작업을 완료했다. 국제로밍 수요도 대비했다. 해외 중계 사업자와 협력해 로밍 서비스 안정성도 강화했다.보안 대응도 강화했다. 통합보안관제센터를 중심으로 디도스 공격과 해킹 시도를 실시간 모니터링한다. 상황 발생 시 즉각 대응할 수 있도록 네트워크를 24시간 분석한다.고객 혜택도 준비했다. SK텔레콤은 오는 3일부터 9일까지 영상통화를 무료 제공한다.KT, 4000여명 네트워크 전문가 배치⋯전국 665곳 집중 관리 지정KT는 과천 네트워크 관제센터를 중심으로 종합상황실을 운영한다. 전국에 4천여 명의 네트워크 전문가를 배치했다. 유·무선 서비스 이상 여부를 상시 모니터링한다.전국 665곳을 집중 관리 지역으로 지정했다. 주요 고속도로, 휴게소, KTX·SRT 역사, 공항, 쇼핑몰, 버스터미널이 포함된다. 사전에 기지국 증설과 품질 점검도 완료했다.KT는 스팸 문자와 보이스피싱 증가에도 대비했다. AI 기반 ‘클린메시징 시스템’을 활용해 실시간 차단한다. 연휴 인사·선물 배송 관련 스미싱 피해 차단에 효과적이다.디도스 공격 대응도 고도화했다. KT는 AI 디도스 스캐너를 운영 중이다. IoT 단말 환경에서 실행되는 파일을 딥러닝으로 분석한다. 분석 결과 악성으로 판정되면 유포자를 차단한다.기존 사람의 수작업 분석보다 훨씬 빠른 10분 이내 대응이 가능하다. 분석 데이터는 AI 학습에 활용돼 지속적으로 보안 수준을 높인다.LG유플러스 임직원이 서울역 인근 네트워크 장비를 점검하고 있는 모습. [사진=LGU+]LGU+, 현장 대응력 강화⋯돌발 상황 발생 시 즉시 출동LG유플러스는 서울 마곡사옥에 종합상황실을 열고 24시간 집중 모니터링에 나선다. 비상운영체계 가동으로 데이터와 음성 서비스 품질을 유지한다. 전국 고속도로, 역사, 터미널, 공항의 5G·LTE 기지국 점검도 마쳤다.현장 대응력도 강화했다. 주요 거점에는 요원을 배치해 돌발 상황 발생 시 즉시 출동한다. 휴게소와 톨게이트 등 상습 정체 구간에서도 품질 저하를 막는다.OTT와 IPTV 수요 증가에도 대비한다. U+tv와 동영상 시청이 급증할 것으로 예상된다. 이에 따라 캐시서버 용량을 증설하고, 서비스 품질을 최적화했다.고객 혜택도 마련했다. 오는 3일부터 9일까지 영상통화 무료 서비스를 제공한다.알뜰폰 가입자도 혜택 대상에 포함된다. 단, 선불폰과 카카오톡·페이스톡 등 데이터 기반 영상통화는 제외된다."
https://n.news.naver.com/mnews/article/006/0000132114?sid=105,2025-10-03 17:11:09,IT/과학,"최악 해킹사고 통신사에 방통위는 ""이용자 보호 매우우수"" 줬다니","김현 “SKT 3년 연속 ‘매우 우수’, LGU+ 해킹사고때 ‘매우 우수’ 받아”▲유영상 SK텔레콤 대표가 지난 4월25일 서울 을지로 SK텔레콤 사옥에서 설명회를 열고 사과 및 대책을 발표했다. 사진=SKT 제공.SK텔레콤(SKT), KT, LG유플러스 등 해킹 사고로 고객정보를 털린 통신사들에 대해 방송통신위원회가 지난 3년 간 '이용자 보호 업무가 우수하다'고 평가해온 것으로 나타났다.3일 국회 과학기술정보방송통신위원회 간사인 김현 더불어민주당 의원이 발표한 방통위(현 방송미디어통신위원회)의 '최근 3년 간 이용자 보호 업무 평가 결과'에 따르면, SKT는 2022~2024년 해마다 방통위가 진행한 이동통신사 이용자 보호업무 평가에서 '매우우수' 등급을 받았다. KT도 3년 연속 '우수'를 얻었다. LG유플러스도 2022년 '우수'를 받았다가, 해킹 사고가 터진 2023년 되레 '매우우수'로 올라섰고 지난해 다시 '우수'를 받았다.▲3일 김현 의원실 국정감사 보도자료 갈무리김현 의원실에 따르면 KT는 해킹으로 인한 무단 소액결제 침해 사건으로 인한 피해자는 지난달만 362명, 피해액은 2억 4000만 원으로 확인돼 경찰 수사가 진행 중이다. 지난 4월에는 SKT에선 2300여만 명의 개인정보가 유출돼 1300억 원 넘는 과징금·과태료를 물 처지에 놓였다. LG유플러스는 지난 2023년 1월 해커 공격을 막지 못해 30여만 건의 고객 정보가 불법 거래 사이트로 유출됐다.방통위는 전기통신사업법 시행령(37조2)을 근거로 △전기통신역무별 이용자 규모 △이용자 불만의 발생 정도 △이용자의 이익을 해치는 행위의 발생 정도 등을 잣대로 '이용자 보호업무' 평가를 진행한다. 평가 결과 1000점 만점에 △950점 이상은 '매우우수' △900점~950점 미만은 '우수' △850점 이상~900점 미만은 '양호' △800점~850점 미만은 '보통' △800점 미만은 '미흡'으로 분류된다.김현 의원실은 ""2023년부터 정보보안 시스템의 민낯을 고스란히 드러내며 해커들에게 고객 정보를 탈취당하는 통신 3사의 이용자 보호업무가 윤석열 정부 때 되레 우수 평가를 받아온 셈""이라며 ""최악의 사이버 재난을 불러온 통신사들의 허술하고 취약한 보안체계를 제대로 검증하지 못했다""고 지적했다. 김현 의원은 ""이제는 형식적인 지표가 아니라, 실제 보안 역량과 이용자 피해 방지 성과를 중심으로 평가 체계를 전면 개선해야 한다""고 말했다."
https://n.news.naver.com/mnews/article/031/0000970481?sid=105,2025-10-04 08:30:12,IT/과학,"통신업계 '엇갈린 3분기'…SKT 적자 우려, KT·LGU+ 성장세","SKT 3Q 연결 영업이익, 전년比 90% 감소 전망⋯영업손실 가능성도KT 3Q 영업이익 5483억·LGU+ 2510억⋯전년比 18.1%·2.03% 늘어이통 3사 연결 합산 영업이익 8509억⋯지난해 동기 대비 31.6% 감소이동통신 3사의 올해 3분기 실적 전망이 엇갈린다. SK텔레콤은 일시적 요금 인하와 과징금 부담 여파 등으로 영업이익이 전년 동기 대비 크게 하락할 전망이다. 일각에선 적자 우려까지 제기된다. 반면 KT와 LG유플러스는 성장세를 방어하며 영업이익이 상승할 것으로 보인다. 이통 3사 합산 영업이익은 전년 동기 대비 30% 이상 축소될 것으로 예상된다.이동통신 3사 로고. [사진=각사]4일 금융정보업체 에프앤가이드에 따르면 SK텔레콤의 올해 3분기 연결 기준 매출액은 3조9497억원, 영업이익은 516억원 수준으로 예상된다. 전년 동기 매출 4조5321억원과 영업이익 5333억원에 비해 각각 12.85%, 90.32% 하락한 수치다.증권가 일각에선 적자 가능성도 거론된다. 274억원의 영업손실을 예상한 김홍식 하나증권 연구원은 ""가장 큰 이유는 8월 통신요금 50% 경감으로 이동전화 매출액이 급감한 데다가 1400억원에 달하는 과징금 반영이 예상되기 때문""이라고 말했다.그러면서 ""다만 4분기 연결 영업이익은 시장 예상치를 크게 상회할 가능성이 높아 보인다. 가장 큰 이유는 2분기 반영한 유심 관련 비용 중 일부가 환입 처리될 전망이기 때문""이라고 분석했다.KT는 3분기 연결 실적으로 매출 6조8888억원, 영업이익 5483억원을 기록할 것으로 전망된다. 전년 동기(매출 6조6546억원, 영업이익 4641억원) 대비 각각 3.52%, 18.14% 증가했다. 유선 및 B2B 사업의 견조한 흐름과 비용 효율화가 실적을 지탱했다는 평가다.LG유플러스의 3분기 연결 실적은 매출 3조8916억원, 영업이익 2510억원으로 예상된다. 전년 동기 매출 3조8013억원, 영업이익 2460억원에 비해 각각 2.38%, 2.03% 늘었다.3사 합산 영업이익은 약 8509억원 수준이다. 전년 동기(1조2434억원) 대비 31.6%(3925억원) 감소했다. SK텔레콤의 급격한 이익 감소가 업계 전체 실적을 끌어내렸다.업계 관계자는 ""요금 인하와 규제 리스크가 SK텔레콤 실적에 직격탄이 된 반면, KT와 LG유플러스는 수익 기반으로 충격을 완화했다""며 ""4분기에는 SK텔레콤의 환입 효과와 KT 소액결제 사고 관련 임펙트(충격)가 업계 분위기를 좌우할 것""이라고 내다봤다."
https://n.news.naver.com/mnews/article/003/0013522946?sid=105,2025-10-04 10:00:00,IT/과학,"추석 연휴 피싱피해 걱정된다면…""이통사에 도움 요청하세요""","SKT, 24시간 보안센터 신설…사이버 피해 초기 조치부터 복구까지 케어고객센터 상담사 보안 관련 교육…'T 안심매장'서 보안 상담 제공KT·LGU+도 현장 매장서 보안 상담 제공하고 스미싱·피싱 대응[서울=뉴시스] SK텔레콤이 유통망 정보보호 혁신을 본격화하면서 고객 접점에서 보안을 강화 조치를 시작했다. 사진은 ‘T 안심매장’ 전경. (사진=SKT 제공) *재판매 및 DB 금지[서울=뉴시스] 심지혜 기자 = 추석 연휴 기간 스미싱이나 해킹 피해를 입었다면 곧장 도움을 요청할 수 있다. SK텔레콤이 통신사 최초로 24시간 보안센터를 열고, 전국 매장에서 보안 상담 서비스를 시작했다. KT, LG유플러스도 전국 매장에 보안 전문 인력을 배치하고 고객 보호 체계를 강화하고 있다.SKT, 이통사 최초 24시간 보안센터 운영"
https://n.news.naver.com/mnews/article/031/0000970560?sid=105,2025-10-06 08:01:06,IT/과학,해킹·소액결제 침해 여파…KT 9월 가입자 3000명 순감,"SKT·LGU+ 나란히 순증 전환…KT 피해 확산에 고객 이탈 가속소액결제 침해와 서버 해킹 사고를 겪은 KT의 9월 이동전화 가입자가 약 3000명 순감한 것으로 나타났다.SKT 대리점 [사진=연합뉴스]6일 한국통신사업자연합회(KTOA)에 따르면 지난달 KT로 번호이동한 가입자는 9만6512명으로, 전월 대비 5582명(6.1%) 증가했다. 그러나 KT를 떠난 고객이 더 많았다. 같은 기간 KT에서 SK텔레콤으로 5만2872명, LG유플러스로 2만5470명, 알뜰폰(MVNO)으로 2만1162명이 이동했다. 결과적으로 KT의 9월 순감 규모는 2992명이다.업계는 소액결제 침해와 서버 해킹 사건이 가입자 이탈의 주요 원인으로 작용했다고 보고 있다. KT는 지난달 소액결제 피해자 362명에게서 총 2억4000만 원의 피해가 발생했다고 밝힌 바 있다. 이후 불법 초소형 기지국(펨토셀) 관리 부실이 드러났고, 외부 보안업체에 의뢰한 서버 전수조사에서도 침해 흔적이 추가로 확인됐다.반면 경쟁사들은 상승세를 보였다. SK텔레콤은 14만6073명이 번호이동하며 1만3224명 순증했고, LG유플러스도 10만6230명의 이동 실적을 기록하며 4453명 순증으로 전환했다.9월 전체 번호이동 건수는 64만3875건으로 전월 대비 743건 줄었다."
https://n.news.naver.com/mnews/article/003/0013524165?sid=105,2025-10-06 13:00:00,IT/과학,휴대폰 소액결제 편리하지만 걱정된다면…안전한 사용법은,"인증 우회 불안하다면…이통사 제공 추가 인증 설정 권고SKT 비밀번호 인증·KT ARS 재확인·LGU+ 패스 인증 사용 권고정부, 소액결제 보안 강화 위해 2단계 인증 추가 의무화 추진[서울=뉴시스][서울=뉴시스] 심지혜 기자 = 최근 KT에서 무단 소액결제 사고를 계기로 휴대전화 소액결제의 보안 취약성이 도마 위에 올랐다.ARS(자동응답전화)와 문자메시지 등 기존 본인인증 방식이 뚫리면서 소비자들의 우려가 커지고 있다. 다만 이번 사고에서 추가 비밀번호를 설정한 경우에는 피해가 발생하지 않은 것으로 전해진다. 이동통신사들은 추가 비밀번호 설정 등 보안 강화 서비스를 제공하고 있어, 이를 적극 활용하는 방안이 권고된다.현행 휴대전화 소액결제는 비교적 간단한 절차로 이뤄진다. 이름, 생년월일, 성별 등 기본적인 개인정보를 입력한 뒤 ARS, 문자메시지(SMS), 이통사 패스(PASS) 인증 중 하나를 거치면 결제가 완료된다.이통사는 이러한 소액결제를 대행하는 역할을 하고 있다. 본인인증 방식으로 문자와 패스를 기본 제공하며, 전자결제대행업체(PG사)에 따라 ARS를 추가 인증 수단으로 제공하기도 한다. 하지만 이번 사고에서 드러났듯이 이러한 인증 체계만으로는 보안이 충분하지 않다는 지적이 나온다.현재 이통3사의 소액결제 월 최대 한도는 100만원이다. 이번 사고로 상품권이 무단 결제의 주요 대상이 될 수 있다는 우려가 커지면서 KT와 LG유플러스는 상품권류 소액결제 한도를 10만원으로 대폭 낮췄다.""비번 추가 입력…자체 ARS로 한번 더 확인"""
https://n.news.naver.com/mnews/article/006/0000132141?sid=105,2025-10-07 14:02:11,IT/과학,"KT소액결제 사태, 모든 이용자 위약금 면제 가능할까?","최민희 “KT 과실 명백히 드러나, 위약금 면제와 추가 보상안 마련해야”▲ 서울 광화문 KT 본사. ⓒ연합뉴스KT 해킹 및 무단 소액결제 사태와 관련해 KT 이용자 전체에 대한 위약금 면제 요구가 거세질 전망이다.국회 과학기술정보방송통신위원회는 오는 21일 ICT 관련 기관 국감 증인으로 SKT 유영상 사장, KT 김영섭 대표, LGU+ 홍범식 대표 등 통신 3사 CEO를 채택했다. 특히 현재 정부 조사가 진행 중인 KT에 대한 이용자 보상 및 위약금 면제 요구가 잇따를 전망이다.최민희 국회 과학기술정보방송통신위원장(더불어민주당 의원)이 국회 입법조사처로부터 제출 받은 자료에 따르면 KT가 자발적으로 모든 이용자의 위약금을 면제해도 업무상 배임으로 보기 어렵다는 판단이 나왔다.입법조사처는 ""아직 (사고와 관련한) 구체적인 경위가 밝혀지지 않아 사정이 변경될 수 있다""면서도 ""KT가 스스로 위약금 면제 의사를 밝힌다면 이는 합리적인 경영 판단의 재량 범위로 볼 수 있고 배임의 고의가 명확히 인정된다고 단정하기 어렵다""고 했다.이와 관련 최민희 위원장은 ""SKT 해킹 사고 당시에는 약관에 따라 위약금 면제뿐 아니라 요금 할인 등 추가 보상까지 이뤄졌다""며 ""KT의 과실이 이미 명백히 드러났고, 아직 해킹 원인조차 파악되지 않아 이용자들의 불안이 전혀 가시지 않는 만큼 KT 경영진은 위약금 면제와 추가 보상안을 마련해야 한다""고 밝혔다.지난달 24일 국회 과방위 청문회에 출석한 김영섭 KT 대표는 ""정보 유출 피해가 발생한 고객 2만30명에게는 (위약금 면제를) 적극적으로 검토한다""면서도 ""(전체 이용자를 대상으로 한 위약금 면제 여부는) 생각은 하고 있지만 최종 조사 결과를 보고 피해 내용을 고려해 검토하겠다""며 확답을 피했다.이날 김영섭 대표는 개인정보가 유출된 이용자 2만30명에게 단말기 교체 비용을 지원할 의사가 있냐는 이해민 조국혁신당 의원 질의엔 ""수사 결과가 나오면 종합 판단하겠다""고 했다."
https://n.news.naver.com/mnews/article/011/0004541300?sid=100,2025-10-08 08:01:23,정치,[단독] 불법 스팸 대책 마련됐지만…시행령·예산 공백 '관리 사각지대',"전송자격인증 대상 가운데 57.5%만 마쳐불법 스팸→스미싱·보이스피싱 피해 증가김장겸 ""與, 정략적 행태로 국민 고통 방치""[서울경제]1일 정부과천청사 방송미디어통신위원회에서 관계자들이 방송통신위원회 현판을 철거해 현판이 바닥에 놓여 있다. 전날 정부는 국무회의에서 방송통신위원회를 폐지하고 방송미디어통신위원회를 설치하는 내용을 골자로 하는 방송미디어통신위원회 설치법을 의결했다. 연합뉴스불법 스팸 방지를 위한 전기통신사업법이 지난달 19일부터 시행됐지만 시행령과 예산 미비로 사실상 ‘개점휴업’ 상태인 것으로 나타났다. 최근 방송통신위원회 폐지와 방송미디어통신위원회 신설 등으로 부처가 혼란을 겪으며 위원회가 열리지 못해 법 집행에 차질이 빚어졌다는 지적이 나온다.국회 과학기술정보방송통신위원회 소속 김장겸 국민의힘 의원이 지난달 29일 방송통신위원회로부터 제출받은 자료에 따르면 8월 말 기준 전송자격인증을 완료한 문자재판매사는 691개로 집계됐다. 전송자격인증 대상 기업(1200여 개) 중 절반 수준인 57.5%만 인증을 마친 셈이다.전송자격인증제는 대량 문자 발송을 하려는 문자재판매사업자가 보안·운영 기준을 갖췄는지 심사를 거쳐 인증을 받는 제도다. 지난해 6월 문자재판매사업자가 불법 스팸을 발송하거나 발신번호를 위조·변조하는 행위를 예방하고 이용자의 피해를 줄이기 위해 자율규제로 출범했다. 하지만 지난해 ‘주식 리딩방’ 가입 권유 등 불법 스팸이 사회 문제로 부상하며 올해 3월 전송자격인증제 법정 의무화를 골자로 하는 전기통신사업법 개정안이 여야 합의로 처리됐다.문제는 법 시행 주체인 방통위가 마비되면서 관리·감독이 제대로 이뤄지지 않고 있다는 점이다. 방통위에 따르면, 법 집행의 근거 규정인 시행령과 관련 예산 모두 마련되지 않은 상태다.불법 스팸으로 시작되는 스미싱·보이스피싱 피해는 폭증하고 있다. 경찰청이 김장겸 의원실에 제출한 자료에 따르면, 연도별 스미싱 피해 규모는 2020년 822건(피해액 11억 원)에서 2021년 1336건(피해액 50억 원), 2022년 799건(피해액 41억 원), 2023년 1673건(피해액 144억 원), 2024년 4396건(피해액 546억 원), 2025년 8월까지 2098건으로 나타났다.스팸문자 신고 건수는 연도별로 2020년 2160만 건, 2021년 1908만 건, 2022년 2406만 건, 2023년 2억8572만 건, 2024년 3억6148만 건, 2025년 8월 기준 3676만 건에 달하는 것으로 파악됐다.스팸 신고가 특정 문자중계사에 집중되는 현상도 강화됐다. 2025년 8월 기준 문자중계사별 신고 건수는 스탠다드네트웍스가 1074만 건으로 66.9%로 압도적이었다. 이어 케이피모바일 154만 건(9.6%), KT 146만 건(9.1%), 다우기술 42만 건(2.4%) LGU+ 40만 건(2.4%) 등 순으로 많았다.김장겸 국민의힘 의원 인터뷰. 권욱 기자김 의원은 “더불어민주당이 고의적으로 방통위를 마비시키는 동안에도 불법 스팸과 스미싱·보이스 피싱으로 국민이 고통받고 있다”며 “민주당은 정략적 행태로 국민 고통을 방치한 점에 대해 진정으로 사과하고 이제라도 불법 스팸 방지 대책에 적극적으로 나서야 할 것”이라고 지적했다.&#160;[단독] 불법 스팸 대책 마련됐지만…시행령·예산 공백 '관리 사각지대'"
https://n.news.naver.com/mnews/article/119/0003010979?sid=105,2025-10-09 06:00:08,IT/과학,"통신 3사 3Q 영업익, 1조 밑돌 듯…해킹 여파","SKT 적자 가능성…KT·LGU+도 해킹 의혹에 ‘흔들’서울 시내 전자상가 휴대폰 판매점에 붙은 이동통신 3사 로고. ⓒ연합뉴스[데일리안 = 조인영 기자] 통신 3사의 3분기 영업이익이 해킹 여파로 2024년 4분기 이후 3개 분기 만에 1조원을 밑돌 전망이다. 개인정보 유출 사고에 따른 관련 비용이 실적을 짓눌렀다.9일 에프엔가이드에 따르면 SK텔레콤·KT·LG유플러스 3사의 합산 영업이익 전망치는 9월 30일 기준 8509억원이다. 작년 동기 영업이익이 1조2434억원이었음을 감안하면 31.5% 감소한 수치다.SK텔레콤은 3분기(연결) 영업이익 컨센서스는 516억원으로, 전년 동기 대비 90.3% 급감할 것으로 전망된다. 역대 분기 영업이익 중 최저 수준이다. 5000억원 규모의 고객 보상 비용과 1348억원의 개인정보보호위원회 과징금, 7000억원대 정보보호 투자 일부 부담이 맞물린 결과로 풀이된다.일각에서는 이보다 낮은 실적을 예상하며 적자전환 가능성을 제기한다. 김홍식 하나증권 연구원은 ""8월 통신요금 50% 경감으로 이동전화매출액이 급감한 데다 1400억원에 달하는 과징금 반영""을 이유로 3분기 영업적자가 274억원에 달할 것으로 내다봤다.김정찬 한국투자증권 연구원도 ""8월 요금 할인에 따른 매출 차감과 위약금 면제 비용으로 큰 폭의 영업이익 감소가 예상된다. 과징금 부과에 따라 3분기 순이익 적자도 가능한 상황""이라고 분석했다.정보 유출 관련 비경상 비용이 급증한 SK텔레콤이 조만간 개인정보위를 상대로 과징금 불복 소송을 제기할 것이라는 전망이 나온다.SKT는 사이버 침해사고 이후 추가 피해가 없었고 위약금 면제 조치도 이미 시행했으며, 고객 보상과 정보보호 혁신안을 통해 1조원 이상을 투입한 상황이라고 강조한다. 하지만 8월 통신요금 50% 감면 조치에도 불구하고 개인정보위가 1348억원이라는 역대 최고 수준의 과징금을 부과하자, 결국 법적 판단을 받을 것이라는 관측이다.KT와 LG유플러스 역시 최근 불거진 개인정보 유출 의혹으로 불확실성이 감지된다. 상반기까지만 하더라도 무선 가입자 증가, 부동산 매각 이익 등으로 쾌속 성장하던 양사는 돌연 해킹에 따른 개인 정보 유출 의혹이라는 변수를 맞닥뜨렸다.미국 보안 전문지 ‘프랙(Phrack)’이 8월 발표한 보고서에서 양사 서버 침해 정황이 드러난 것이 발단이었다. 프랙은 북한 배후로 추정되는 해커 조직 '김수키'가 한국 정부 부처와 민간 기업의 정보를 유출했으며 여기에 LGU+, KT 등이 포함됐다고 주장했다.LG유플러스는 외주 보안업체인 시큐어키가 7월 31일 한국인터넷진흥원(KISA)에 해킹 사고를 신고했으나, 자체 조사 결과 자사 서버에는 침해 정황이 발견되지 않았다고 밝힌 상황이다.반면 KT는 9월 18 오후 11시57분 한국인터넷진흥원(KISA)에 서버 침해 흔적 4건과 의심 정황 2건을 신고했다. KT는 SKT 해킹 사태 이후 정확한 실태 점검을 위해 외부 보안 전문업체에 의뢰해 수개월간 전사 서버를 조사했고, 이 과정에서 침해 사실을 확인했다고 밝혔다.여기에 KT는 9월 초 고객 무단 소액결제 침해 사고까지 발생해 경찰을 비롯해 민관합동조사단 등 관계당국 조사가 진행중이다. 과학기술정보통신부는 서버 침해 사건과 소액 결제 두 사건 사이에 연계 가능성이 있는지 살피고 있다.KT 주요 경영진들이 사과를 하고 있는 모습. 왼쪽부터 네트워크부문장서창석 부사장, 김영섭 대표, 커스터머 부문장 이현석 부사장ⓒKTKT의 3분기 예상 영업이익은 5483억원으로 전년 동기 대비 18.1% 증가할 것으로 전망됐다. 해킹 관련 비용이 반영되지 않았기 때문이다. 4분기 이 비용이 반영되면 KT 실적은 상고하저 흐름을 보일 것으로 예상된다.과기정통부에 따르면 9월 말 기준 약 2만명의 가입자가 불법 펨토셀(초소형 기지국)에 접속했고 이 중 362명이 2억4000만원 규모의 금융 피해를 입었다.김회재 대신증권 연구원은 ""2025년도 임단협 소급분 추정 약 500억원이 반영되고 부동산 일회성 이익 3100억원 제외 영향으로 전분기 대비 44% 감소할 것""이라고 분석했다.LG유플러스의 3분기 영업이익은 2510억원으로 전년 동기와 견줘 2.03% 소폭 오를 것으로 예상됐다.대신증권은 이 기간 명예퇴직 비용 약 1600억원이 반영될 것으로 예상했다. 김홍식 하나증권 연구원은 ""인건비 증가 요인으로 3분기 연결 영업이익은 2085억원에 불과할 전망""이라며 3분기 누적 실적이 당초 예상을 하회함에 따라 연간 연결 영업이익도 1조원 달성이 어려울 것""이라고 설명했다.여기에 해킹 관련 노이즈는 주가 변동성 요인이라고 덧붙였다. 국회 과학기술정보방송통신위원회는 2025년도 대규모 해킹 사태 관련 국정감사 증인으로 유영상 SKT 대표, 김영섭 KT 대표, 홍범식 LG유플러스 대표 등 통신사 경영진을 채택했다."
https://n.news.naver.com/mnews/article/003/0013525599?sid=105,2025-10-09 09:00:00,IT/과학,"LGU+, 설치·AS 서비스 일선 현장 전 직원에 'AI 업무 비서' 지원","자체 개발한 익시젠 기반 '홈 서비스 AI 업무 비서' 도입서비스 설치 및 A/S 현장 등에서 일 평균 2800건 활용돼[서울=뉴시스]LG유플러스는 IPTV, IoT 등 홈 서비스를 설치 및 A/S하는 현장에 AI 업무 비서를 도입해, 현장 직원들의 업무 효율을 높이고 있다고 9일 밝혔다. 사진은 현장에서 AI 업무 비서로 문제를 해결하는 현장 직원의 모습. (사진=LG유플러스 제공)[서울=뉴시스]윤현성 기자 = LG유플러스는 IPTV, IoT(사물인터넷) 등 홈 서비스를 설치 및 A/S하는 현장에 인공지능(AI) 업무 비서를 도입해 직원들의 업무 효율을 높이고 있다고 9일 밝혔다.'홈 서비스 AI 업무 비서'는 LG유플러스 홈 서비스의 기술, 상품 관련 400건 이상의 업무 매뉴얼을 학습해 표준화된 정보를 제공하는 플랫폼이다. 이 플랫폼은 LG유플러스의 통신 특화 소형언어모델인 익시젠(ixi-Gen)을 기반으로 개발돼 지난 7월부터 앱 형태로 현장에 도입됐다. 현재 LG유플러스의 홈 서비스 현장 직원들은 일 평균 2800건 이상 홈 서비스 AI 업무 비서를 사용하고 있는 것으로 나타났다.익시젠을 활용한 홈 서비스 AI 업무 비서는 단순 키워드 검색이 아닌 현장 직원이 대화로 업무 매뉴얼을 파악할 수 있는 것이 강점이다. 대화로 해결 방법을 찾을 수 있어 직원의 의도를 빠르게 이해하고 명확한 답변을 제공해주며, 이를 통해 홈 서비스 설치 및 A/S 현장에서 도움을 주고 있다.기존에는 홈 서비스 설치 및 A/S 현장에서 다양한 환경에 따른 장애가 발생했을 때 각 사례별 최적의 조치 방법을 찾기 위해 상당한 시간이 소요됐었다. 홈 서비스 AI 업무 비서를 활용하면 문제에 대한 해결 방법을 즉시 확인하고 전문적인 매뉴얼대로 응대할 수 있다.LG유플러스의 홈 서비스 AI 업무 비서는 전국에 모든 현장 직원과 고객에게 일원화된 해결 방안과 정보를 제공할 수 있다는 장점도 있다. 고객이 있는 현장에서 AI 업무 비서의 답변으로 고객과 소통하면서 신뢰감을 제공해 고객의 만족도를 높였다.LG유플러스는 앞으로도 고객의 일상에 직결된 홈 서비스에 활용 중인 AI 업무 비서를 개통 및 A/S 현황 데이터로 꾸준히 학습시킬 예정이다. 이를 바탕으로 장애 처리뿐만 아니라 현장에서 고객 맞춤형 상담 및 혜택 제공, 홈 서비스 조회 등 다양한 업무를 처리할 수 있도록 고도화할 방침이다.윤경인 LG유플러스 홈서비스고객만족담당은 ""LG유플러스의 AI 기술로 최고의 고객경험을 드리기 위해 고민한 끝에 현장에 도입하게 됐다""며 ""앞으로도 고객 중심으로 고민해 LG유플러스 홈 서비스만의 고객 경험를 전달하기 위해 최선을 다하겠다""고 말했다．"
https://n.news.naver.com/mnews/article/001/0015668510?sid=105,2025-10-09 09:00:01,IT/과학,"[AI픽] LGU+, 현장 서비스에 'AI 비서' 배치 효과","익시젠 기반 앱…설치·수리 업무 효율↑(서울=연합뉴스) 조성미 기자 = LG유플러스가 인터넷TV, 사물인터넷(IoT) 등 홈 서비스를 설치·수리하는 현장에 인공지능(AI) 업무 비서를 도입해 직원들의 업무 효율을 높였다고 9일 밝혔다.LG유플러스는 자사 홈 서비스의 기술, 상품 관련 업무 매뉴얼 400건 이상을 학습해 표준화된 정보를 제공하는 플랫폼 '홈 서비스 AI 업무 비서'를 개발했다.이 회사의 통신 분야 특화 소형언어모델인 익시젠을 기반으로 개발, 지난 7월부터 앱 형태로 현장에 도입됐다.LG유플러스는 홈 서비스 현장 직원들이 일평균 2천800건 이상 AI 업무 비서 기능을 사용하고 있다고 덧붙였다.서비스 현장에서 AI 업무 비서로 문제를 해결하는 LGU+ 직원들[LGU+ 제공. 재판매 및 DB 금지]csm@yna.co.kr"
https://n.news.naver.com/mnews/article/138/0002206608?sid=105,2025-10-09 09:00:11,IT/과학,"LGU+, 홈서비스 설치 현장에 AI 도입...매일 2800건 활용","[ⓒLG유플러스][디지털데일리 오병훈] LG유플러스(대표 홍범식)가 인터넷TV(IPTV), 사물지능인터넷(IoT) 등 홈 서비스 설치 현장에 AI 업무 비서를 도입했다고 9일 밝혔다.현장에 도입된 AI 비서는 ‘홈 서비스 AI 업무 비서’다.이는 LG유플러스 홈 서비스 기술, 상품 관련 400건 이상 업무 매뉴얼을 학습해 표준화된 정보를 제공하는 플랫폼이다. 이 플랫폼은 LG유플러스 통신 특화 소형언어모델(sLM)인 익시젠(ixi-Gen)을 기반으로 개발돼, 지난 7월부터 애플리케이션 형태로 현장에 도입됐다. 현재 LG유플러스 홈 서비스 현장 직원들은 일 평균 2800건 이상 홈 서비스 AI 업무 비서를 사용하고 있다.익시젠을 활용한 홈 서비스 AI 업무 비서는 단순 키워드 검색이 아닌 현장 직원이 대화로 업무 매뉴얼을 파악할 수 있다. 대화로 해결 방법을 찾을 수 있어 직원 의도를 빠르게 이해하고 명확한 답변을 제공한다.기존에는 홈 서비스 현장에서 다양한 환경에 따른 장애가 발생했을 때, 각 사례별 최적 조치 방법을 찾기 위해 상당한 시간이 소요됐었다. 홈 서비스 AI 업무 비서를 활용하면 문제에 대한 해결 방법을 즉시 확인하고 전문적인 매뉴얼대로 응대할 수 있다.LG유플러스 홈 서비스 AI 업무 비서는 전국에 모든 현장 직원과 고객에게 일원화된 해결 방안과 정보를 제공할 수 있다. 이는 고객이 있는 현장에서 AI 업무 비서의 답변으로 고객과 소통하면서 신뢰감을 제공해 고객의 만족도도 높일 수 있었다.앞으로도 AI 업무 비서에 개통 및 수리 현황 데이터를 꾸준히 학습시킬 예정이다. 장애 처리뿐 아니라 현장 맞춤형 상담 및 혜택 제공, 홈 서비스 조회 업무를 처리할 수 있도록 고도화한다.윤경인 LG유플러스 홈서비스고객만족담당은 “LG유플러스 AI 기술 경험을 위해 현장에 도입하게 됐다”며 “LG유플러스 홈서비스만의 경험을 전달하기 위해 최선을 다하겠다”고 말했다."
https://n.news.naver.com/mnews/article/031/0000970673?sid=105,2025-10-09 09:01:09,IT/과학,"LGU+, 설치·A/S 현장에 'AI 비서' 도입⋯업무 효율 증진","향후 고객 맞춤형 상담으로 고도화…""LGU+ 고객 경험 전달할 것""LG유플러스(대표 홍범식)는 IPTV, IoT 등 홈 서비스 설치 또는 A/S하는 현장에 AI 업무 비서를 도입해 업무 효율을 높이고 있다고 9일 밝혔다.현장 직원들이 AI 업무 비서로 문제를 해결하는 모습. [사진=LGU+]홈 서비스 AI 업무 비서는 LG유플러스 홈 서비스 기술, 상품 관련 400건 이상의 업무 매뉴얼을 학습해 표준화된 정보를 제공하는 플랫폼이다. LG유플러스 통신 특화 소형언어모델인 익시젠(ixi-Gen)을 기반으로 개발됐다.이 플랫폼은 지난 7월부터 앱 형태로 현장에 도입됐다. LG유플러스에 따르면 홈 서비스 현장 직원들은 일 평균 2800건 이상 홈 서비스 AI 업무 비서를 사용하고 있다.홈 서비스 AI 업무 비서는 단순 키워드 검색이 아닌 대화로 업무 매뉴얼을 파악할 수 있다. 직원의 의도를 빠르게 이해하고 명확한 답변을 제공한다. 홈 서비스 설치 또는 A/S 현장에서 도움을 주고 있다는 설명이다.LG유플러스는 홈 서비스에 활용 중인 AI 업무 비서를 개통·A/S 현황 데이터로 꾸준히 학습시킬 예정이다. 장애 처리뿐만 아니라 현장에서 고객 맞춤형 상담, 혜택 제공, 홈 서비스 조회 등 다양한 업무를 처리할 수 있도록 고도화할 방침이다.윤경인 LG유플러스 홈서비스고객만족담당은 ""LG유플러스 AI 기술로 최고의 고객경험을 드리기 위해 고민한 끝에 현장에 도입하게 됐다""며 ""LG유플러스 홈 서비스만의 고객 경험을 전달하기 위해 최선을 다하겠다""고 말했다."
https://n.news.naver.com/mnews/article/029/0002986106?sid=105,2025-10-09 09:09:04,IT/과학,"LGU+, 현장 직원에 AI 비서 도입…일 평균 2800건 활용","LG유플러스가 IPTV, IoT 등 홈 서비스를 하는 현장에 AI 업무 비서를 도입해 현장 직원들의 업무 효율을 높이고 있다. 사진은 현장에서 AI 업무 비서로 문제를 해결하는 현장 직원의 모습. LG유플러스 제공LG유플러스는 인터넷TV(IPTV), 사물인터넷(IoT) 등 홈 서비스를 설치·수리하는 현장에 인공지능(AI) 업무 비서를 도입해 직원들의 업무 효율을 높이고 있다고 9일 밝혔다.‘홈 서비스 AI 업무 비서’는 LG유플러스 홈 서비스의 기술, 상품 관련 400건 이상의 업무 매뉴얼을 학습해 표준화된 정보를 제공하는 플랫폼이다. 이 플랫폼은 LG유플러스의 통신 특화 소형언어모델인 익시젠을 기반으로 개발돼 지난 7월부터 앱 형태로 현장에 도입됐다. LG유플러스의 홈 서비스 현장 직원들은 일 평균 2800건 이상 홈 서비스 AI 업무 비서를 사용하고 있는 것으로 나타났다.익시젠을 활용한 홈 서비스 AI 업무 비서는 현장 직원이 대화로 업무 매뉴얼을 파악할 수 있다. 기존에는 홈 서비스 설치·수리하는 현장에서 다양한 환경에 따른 장애가 발생했을 때 각 사례별 최적의 조치 방법을 찾기 위해 상당한 시간이 소요됐었다. 홈 서비스 AI 업무 비서를 활용하면, 문제에 대한 해결 방법을 즉시 확인하고 전문적인 매뉴얼대로 응대할 수 있다고 회사 측은 설명했다.향후 LG유플러스는 일상에 직결된 홈 서비스에 활용 중인 AI 업무 비서를 개통 및 사후 서비스 현황 데이터로 꾸준히 학습시킬 예정이다. 이를 바탕으로 장애 처리뿐만 아니라 현장에서 맞춤형 상담 및 혜택 제공, 홈 서비스 조회 등 다양한 업무를 처리할 수 있도록 고도화할 방침이다.윤경인 LG유플러스 홈서비스고객만족담당은 “앞으로도 고객 중심으로 고민해 LG유플러스 홈 서비스만의 고객 경험를 전달하기 위해 최선을 다하겠다”고 말했다."
https://n.news.naver.com/mnews/article/001/0015668571?sid=105,2025-10-09 09:29:10,IT/과학,"단통법 폐지, 효과 미미…지원금 고작 2만원 늘어","수도권·비수도권 격차 줄었지만 체감 효과는 제한적최수진 ""통신요금 경쟁 유도할 정책 필요""(서울=연합뉴스) 조성미 기자 = 지난 7월 말 '이동통신 단말장치 유통구조 개선에 관한 법률'(단통법)이 없어졌지만, 휴대전화 구매 지원금은 소폭 오르는 데 그쳐 법 폐지 취지가 무색하다는 지적이 나왔다.국회 과학기술정보방송통신위원회 최수진 의원(국민의힘)이 9일 방송통신위원회로부터 제출받은 지원금 실태 조사 분석에 따르면 단통법 폐지 이후 단말기 구매자에게 통신사가 주는 지원금은 지난달 기준 75만원에 불과했다.이는 올해 2월 기준 단말기 보조금 66만9천원에서 8만원가량 오른 수준이다.단통법 폐지 직전인 6월 SKT 해킹 사태 여파로 통신 시장 경쟁이 과열됐을 당시 평균 지원금 73만원과 비교하면 2만원 상승에 그치고 있다.방통위는 조사 요원이 통신 판매점을 방문, 실제 소비자로 위장하는 '미스터리 쇼핑' 방식을 써서 지원금 호가 표본을 집계하고 있다.월별 지원금 추이를 보면 2월 66만9천원, 3월 66만2천원, 4월 68만2천원, 5월 69만9천원, 6월 73만3천원으로 증가하다, 7월에는 75만8천원, 8월 74만7천원, 9월 75만원으로 법이 폐지된 7월 이후 상승 폭이 오히려 둔화했다.다만, 올 초 수도권 휴대전화 매장에서 지급된 평균 지원금이 69만원, 비수도권은 63만원대였지만 단통법 시행 이후 지난달 수도권 75만원, 비수도권 74만원대로 격차가 좁혀진 효과가 있었다.통신사별로는 LGU+ 평균 지원금이 75만7천원으로 가장 높았고 KT가 75만5천원, SKT가 73만9천원으로 나타났다.2월부터 지난달까지 평균 지원금을 기종별로 보면 아이폰은 84만원, 갤럭시 프리미엄 모델은 74만원, 갤럭시 중저가 모델은 42만원으로 조사됐다.최수진 의원은 ""단통법 폐지 이후 통신사들이 통신 요금에서 제대로 경쟁하도록 당국이 적극적으로 나서야 한다""고 촉구했다.단통법 오늘 폐지…이통사 '보조금 전쟁' 현실화되나(서울=연합뉴스) 류효림 기자 = 22일 이동통신 단말기 유통 시장을 규제해온 '이동통신 단말장치 유통구조 개선에 관한 법률'(단통법)이 폐지됐다. 이동통신사의 단말기 지원금 공시 의무가 사라지고 공시지원금의 15% 한도로 제한됐던 추가지원금 상한도 없어진다. 사진은 이날 서울 시내 휴대전화 판매점 모습. 2025.7.22 ryousanta@yna.co.krcsm@yna.co.kr"
https://n.news.naver.com/mnews/article/055/0001298504?sid=101,2025-10-09 09:51:44,경제,단통법 폐지했지만 지원금 2만 원 늘어,"지난 7월 말 '이동통신 단말장치 유통 구조 개선에 관한 법률'(단통법)이 없어졌지만, 휴대전화 구매 지원금은 소폭 오르는 데 그쳐 법 폐지 취지가 무색하다는 지적이 나왔습니다.국회 과학기술정보방송통신위원회 최수진 의원(국민의힘)이 오늘(9일) 방송통신위원회로부터 제출받은 지원금 실태 조사 분석에 따르면 단통법 폐지 이후 단말기 구매자에게 통신사가 주는 지원금은 지난달 기준 75만 원에 불과했습니다.이는 올해 2월 기준 단말기 보조금 66만 9천 원에서 8만 원가량 오른 수준입니다.단통법 폐지 직전인 6월 SKT 해킹 사태 여파로 통신 시장 경쟁이 과열됐을 당시 평균 지원금 73만 원과 비교하면 2만 원 상승에 그치고 있습니다.방통위는 조사 요원이 통신 판매점을 방문, 실제 소비자로 위장하는 '미스터리 쇼핑' 방식을 써서 지원금 호가 표본을 집계하고 있습니다.월별 지원금 추이를 보면 2월 66만 9천 원, 3월 66만 2천 원, 4월 68만 2천 원, 5월 69만 9천 원, 6월 73만 3천 원으로 증가하다, 7월에는 75만 8천 원, 8월 74만 7천 원, 9월 75만 원으로 법이 폐지된 7월 이후 상승 폭이 오히려 둔화했습니다.다만, 올 초 수도권 휴대전화 매장에서 지급된 평균 지원금이 69만 원, 비수도권은 63만 원대였지만 단통법 시행 이후 지난달 수도권 75만 원, 비수도권 74만 원대로 격차가 좁혀진 효과가 있었습니다.통신사별로는 LGU+ 평균 지원금이 75만 7천 원으로 가장 높았고 KT가 75만 5천 원, SKT가 73만 9천 원으로 나타났습니다.2월부터 지난달까지 평균 지원금을 기종별로 보면 아이폰은 84만 원, 갤럭시 프리미엄 모델은 74만 원, 갤럭시 중저가 모델은 42만 원으로 조사됐습니다.최수진 의원은 ""단통법 폐지 이후 통신사들이 통신 요금에서 제대로 경쟁하도록 당국이 적극적으로 나서야 한다""고 촉구했습니다."
https://n.news.naver.com/mnews/article/366/0001113244?sid=105,2025-10-09 10:13:10,IT/과학,"LGU+, 현장 서비스에 ‘AI 비서’ 배치… 업무 효율 증진","서비스 현장에서 AI 업무 비서로 문제를 해결하는 LGU+ 직원들. /LG U+ 제공LG유플러스가 인터넷TV, 사물인터넷(IoT) 등 홈 서비스를 설치·수리하는 현장에 인공지능(AI) 업무 비서를 도입해 직원들의 업무 효율을 높였다고 9일 밝혔다.LG유플러스는 자사 홈 서비스의 기술, 상품 관련 업무 매뉴얼 400건 이상을 학습해 표준화된 정보를 제공하는 플랫폼 ‘홈 서비스 AI 업무 비서’를 개발했다.이 회사의 통신 분야 특화 소형언어모델인 익시젠을 기반으로 개발, 지난 7월부터 앱 형태로 현장에 도입됐다.LG유플러스는 홈 서비스 현장 직원들이 일 평균 2800건 이상 AI 업무 비서 기능을 사용하고 있다고 덧붙였다."
https://n.news.naver.com/mnews/article/215/0001226524?sid=004,2025-10-09 10:13:33,,단통법 폐지됐지만…지원금 고작 '미미하네',"지난 7월 말 '이동통신 단말장치 유통구조 개선에 관한 법률'(단통법)이 폐지됐지만, 기대와 달리 휴대전화 구매 지원금이 큰 폭으로 오르지 않아 실질적인 소비자 혜택이 미미하다는 지적이 제기됐다.국회 과학기술정보방송통신위원회 최수진 의원(국민의힘)이 9일 방송통신위원회로부터 제출받은 지원금 실태 조사 분석에 따르면, 단통법 폐지 후 통신 3사가 단말기 구매자에게 제공한 평균 지원금은 지난 9월 기준 75만원으로 집계됐다.올해 2월 평균 66만9천원에서 8만원 증가한 수준으로, 단통법 폐지 직전인 6월 SK 해킹 사태 여파로 통신시장 경쟁이 과열됐을 당시 평균 73만원이었던 점과 비교하면 2만원가량 늘어나는 데 그쳤다.방통위는 조사 요원이 통신 판매점을 방문, 실제 소비자로 위장하는 '미스터리 쇼핑' 방식을 써서 지원금 호가 표본을 집계하고 있다.월별 지원금 추이를 보면 2월 66만9천원, 3월 66만2천원, 4월 68만2천원, 5월 69만9천원, 6월 73만3천원으로 증가하다, 7월에는 75만8천원, 8월 74만7천원, 9월 75만원으로 법이 폐지된 7월 이후 상승 폭이 오히려 둔화했다.다만, 올 초 수도권 휴대전화 매장에서 지급된 평균 지원금이 69만원, 비수도권은 63만원대였지만 단통법 시행 이후 지난달 수도권 75만원, 비수도권 74만원대로 격차가 좁혀진 효과가 있었다.통신사별로는 LGU+ 평균 지원금이 75만7천원으로 가장 높았고 KT가 75만5천원, SKT가 73만9천원으로 나타났다.최수진 의원은 단통법 폐지에도 불구하고 지원금 경쟁이 제한적인 만큼, 통신사 간 요금 경쟁이 활성화될 수 있도록 정부의 적극적인 관리·감독이 필요하다고 강조했다.(사진=연합뉴스)"
https://n.news.naver.com/mnews/article/008/0005260611?sid=105,2025-10-09 10:23:55,IT/과학,"""홈서비스 A/S, AI가 알려줘요"" LG유플, 전국 현장 직원에 AI 비서 지원","LG유플러스가 홈서비스 설치 현장에 'AI 비서' 서비스를 도입해 업무 효율을 높였다고 9일 밝혔다. /사진=LG유플러스LG유플러스(LGU+)가 IPTV, IoT(사물인터넷) 등 홈서비스 설치 및 A/S 현장의 효율을 높이기 위해 AI(인공지능) 비서를 도입했다.9일 LG유플러스는 '홈서비스 AI 업무 비서'를 도입해 일 평균 2800건 이상의 사용 사례를 달성했다고 밝혔다.홈서비스 AI 업무 비서는 홈서비스 기술, 상품과 관련해 400건 이상의 업무 매뉴얼을 학습한 AI 플랫폼이다. LG유플러스의 통신 특화 소형언어모델인 '익시젠'(ixi-Gen)을 기반으로 개발해 지난 7월 앱 형태로 현장에 도입했다.단순한 키워드 검색이 아닌 대화 형태로 업무 매뉴얼을 파악할 수 있도록 구성돼 AI가 현장 직원의 의도를 빠르게 이해하고 명확한 답변을 제공하는 게 특징이다. 홈서비스 설치 및 A/S 현장에서 어떤 형태의 장애가 발생하더라도 사례별 최적의 조치 방법을 제시한다. 또 전국 모든 현장 직원과 고객에게 일원화된 정보를 제공함으로써 고객 만족도를 높일 수 있다는 설명이다.윤경인 홈서비스고객만족담당은 ""LG유플러스의 AI 기술로 최고의 고객 경험을 제공하기 위해 현장에 도입했다""며 ""고객 중심으로 고민하며 LG유플러스 홈서비스만의 경험을 전달하기 위해 최선을 다하겠다""고 했다."
https://n.news.naver.com/mnews/article/366/0001113246?sid=105,2025-10-09 10:29:10,IT/과학,단통법 폐지됐지만 효과 미미… 지원금 고작 2만원 늘어,"서울의 한 휴대폰 대리점에 걸린 단통법 폐지 관련 홍보물. /뉴스1지난 7월 말 ‘이동통신 단말장치 유통구조 개선에 관한 법률’(단통법)이 없어졌지만, 휴대전화 구매 지원금은 소폭 오르는 데 그쳐 법 폐지 취지가 무색하다는 지적이 나왔다.국회 과학기술정보방송통신위원회 최수진 의원(국민의힘)이 9일 방송통신위원회로부터 제출받은 지원금 실태 조사 분석에 따르면 단통법 폐지 이후 단말기 구매자에게 통신사가 주는 지원금은 지난달 기준 75만원에 불과했다. 이는 올해 2월 기준 단말기 보조금 66만9000원에서 8만원 가량 오른 수준이다.단통법 폐지 직전인 6월 SKT 해킹 사태 여파로 통신 시장 경쟁이 과열됐을 당시 평균 지원금 73만원과 비교하면 2만원 상승에 그치고 있다. 방통위는 조사 요원이 통신 판매점을 방문, 실제 소비자로 위장하는 ‘미스터리 쇼핑’ 방식을 써서 지원금 호가 표본을 집계하고 있다.월별 지원금 추이를 보면 ▲2월 66만9000원 ▲3월 66만2000원 ▲4월 68만2000원 ▲5월 69만9000원 ▲6월 73만3000원으로 증가하다, ▲7월 75만8000원 ▲8월 74만7000원 ▲9월 75만원으로 법이 폐지된 7월 이후 상승 폭이 오히려 둔화했다.다만 올 초 수도권 휴대전화 매장에서 지급된 평균 지원금이 69만원, 비수도권은 63만원대였지만 단통법 시행 이후 지난달 수도권 75만원, 비수도권 74만원대로 격차가 좁혀진 효과가 있었다.통신사별로는 LGU+ 평균 지원금이 75만7000원으로 가장 높았고 KT가 75만5000원, SKT가 73만9000원으로 나타났다. 2월부터 지난달까지 평균 지원금을 기종별로 보면 아이폰은 84만원, 갤럭시 프리미엄 모델은 74만원, 갤럭시 중저가 모델은 42만원으로 조사됐다."
https://n.news.naver.com/mnews/article/656/0000150528?sid=101,2025-10-09 10:31:13,경제,단통법 폐지 한 달 지났는데…휴대폰 지원금 인상 '찔끔',"연합뉴스.'단통법' 폐지 한 달여가 지났지만, 휴대전화 지원금은 큰 차이를 보이지 않아 법 폐지 취지가 무색하다는 비판이 제기되고 있다.9일 국회 과학기술정보방송통신위원회 소속 최수진 국민의힘 의원이 방송통신위원회로부터 제출받은 지원금 실태 조사 분석에 따르면, 단통법 폐지 이후 단말기 구매자에게 통신사가 지급하는 지원금은 지난달 기준 75만 원에 불과했다.이는 지난 2월 기준 단말기 보조금 66만 9000원에서 8만 원 가량 오른 수준이다.단통법 폐지 직전인 6월 SKT 해킹 사태에 따른 통신 시장 경쟁이 과열되는 흐름이었을 때 평균 지원금 73만 원과 비교하면 2만 원 상승에 그쳤다.방통위는 조사 요원이 소비자로 위장해 통신 판매점을 방문하는 '미스터리 쇼핑' 방식으로 지원금 호가 표본을 집계하고 있다.월별 지원금 추이를 보면 2월 66만 9000원, 3월 66만 2000원, 4월 68만 2000원, 5월 69만 9000원, 6월 73만 3000원으로 증가세다. 그러나 7월부터는 75만 8000원, 8월 74만 7000원, 9월 75만 원으로 법 폐지 이후 상승 폭이 둔화했다.통신사별로는 LGU+ 평균 지원금이 75만 7000원으로 가장 높았고 KT가 75만 5000원, SKT가 73만 9000원이다.평균 지원금(2월-지난달)을 기종별로 보면 아이폰은 84만 원, 갤럭시 프리미엄 모델은 74만 원, 갤럭시 중저가 모델은 42만 원으로 나타났다.최 의원은 ""단통법 폐지 이후 통신사들이 통신 요금에서 제대로 경쟁하도록 당국이 적극적으로 나서야 한다""고 말했다."
https://n.news.naver.com/mnews/article/030/0003357648?sid=105,2025-10-09 11:10:18,IT/과학,"LGU+, 홈서비스 현장에 'AI 비서' 도입…업무 효율 개선","AI 업무 비서로 문제를 해결하는 LG유플러스 현장 직원의 모습LG유플러스가 IPTV, IoT 등 홈서비스와 관련된 설치, 사후관리 업무에 인공지능(AI) 비서를 도입해 직원들의 업무 효율을 높이고 있다.'홈 서비스 AI 업무 비서'는 LG유플러스 홈 서비스의 기술, 상품 관련 400건 이상의 업무 매뉴얼을 학습해 표준화된 정보를 제공하는 플랫폼이다.이 플랫폼은 LG유플러스의 통신 특화 소형언어모델인 익시젠(ixi-Gen)을 기반으로 개발돼 지난 7월부터 앱 형태로 현장에 도입됐다. 현재 LG유플러스의 홈 서비스 현장 직원들은 일 평균 2800건 이상 홈 서비스 AI 업무 비서를 사용하고 있다.익시젠을 활용한 홈 서비스 AI 업무 비서는 단순 키워드 검색이 아닌 현장 직원이 대화로 업무 매뉴얼을 파악할 수 있는 강점이 있다. 대화로 해결 방법을 찾을 수 있어 직원의 의도를 빠르게 이해하고 명확한 답변을 제공한다.앞으로도 LG유플러스는 홈 서비스에 활용 중인 AI 업무 비서를 개통 및 A/S 현황 데이터로 꾸준히 학습시킬 예정이다. 이를 바탕으로 장애 처리뿐만 아니라 현장에서 고객 맞춤형 상담 및 혜택 제공, 홈 서비스 조회 등 다양한 업무를 처리할 수 있도록 고도화할 방침이다.윤경인 LG유플러스 홈서비스고객만족담당은 “LG유플러스의 AI 기술로 최고의 고객경험을 드리기 위해 고민한 끝에 현장에 도입하게 됐다”며 “앞으로도 고객 중심으로 고민해 LG유플러스 홈 서비스만의 고객 경험를 전달하기 위해 최선을 다하겠다”고 말했다."
https://n.news.naver.com/mnews/article/277/0005662330?sid=105,2025-10-09 11:20:00,IT/과학,"단통법 폐지됐지만 효과 미미…""구매 지원금 상승폭 둔화""","구매 지원금 지난달 기준 75만원올해 2월보다 8만원 올라지난 7월 말 '이동통신 단말장치 유통구조 개선에 관한 법률'(단통법)이 없어졌지만, 휴대전화 구매 지원금은 소폭 오르는 데 그쳐 법 폐지 취지가 무색하다는 지적이 나왔다.지난 7월 21일 서울 한 휴대폰 판매점 앞에 '단통법 폐지'라고 적힌 안내판이 놓여 있다.국회 과학기술정보방송통신위원회 최수진 의원(국민의힘)이 9일 방송통신위원회로부터 제출받은 지원금 실태 조사 분석에 따르면 단통법 폐지 이후 단말기 구매자에게 통신사가 주는 지원금은 지난달 기준 75만원이었다. 이는 올해 2월 기준 단말기 보조금 66만9000원에서 8만원가량 오른 수준이다. 단통법 폐지 직전인 6월 SKT 해킹 사태 여파로 통신 시장 경쟁이 과열됐을 당시, 평균 지원금 73만원과 비교하면 2만원 상승에 그친 것이다.방통위는 조사 요원이 통신 판매점을 방문해 실제 소비자로 위장하는 '미스터리 쇼핑' 방식을 써서 지원금 호가 표본을 집계하고 있다.월별 지원금 추이를 보면 2월 66만9000원, 3월 66만2000원, 4월 68만2000원, 5월 69만9000원, 6월 73만3000원으로 증가하다, 7월에는 75만8000원, 8월 74만7000원, 9월 75만원으로 법이 폐지된 7월 이후 상승 폭이 오히려 둔화했다. 다만, 올 초 수도권 휴대전화 매장에서 지급된 평균 지원금이 69만원, 비수도권은 63만원대였지만 단통법 시행 이후 지난달 수도권 75만원, 비수도권 74만원대로 격차가 좁혀진 효과가 있었다.통신사별로는 LGU+ 평균 지원금이 75만7000원으로 가장 높았고 KT가 75만5000원, SKT가 73만9000원으로 나타났다. 2월부터 지난달까지 평균 지원금을 기종별로 보면 아이폰은 84만원, 갤럭시 프리미엄 모델은 74만원, 갤럭시 중저가 모델은 42만원으로 조사됐다.최수진 의원은 ""단통법 폐지 이후 통신사들이 통신 요금에서 제대로 경쟁하도록 당국이 적극적으로 나서야 한다""고 강조했다."
https://n.news.naver.com/mnews/article/082/0001348121?sid=101,2025-10-09 11:52:14,경제,‘단통법 폐지’ 효과 미미…단말기 지원금 2만원 증가 그쳐,"9월 기준 평균지원금 75만원…LGU+ 75만 7000원KT 75만 5000원, SKT 73만 9000원수도권·비수도권 격차 줄었지만 효과 제한적최수진 ""통신요금 경쟁 유도할 정책 필요""이동통신 단말기 유통 시장을 규제해온 ‘이동통신 단말장치 유통구조 개선에 관한 법률’(단통법)이 폐지된 지난 7월 22일, 서울 시내 휴대전화 판매점 모습. 연합뉴스자료: 방송통신위원회, 최수진 의원실지난 7월 22일부터 단통법(이동통신 단말장치 유통구조 개선에 관한 법률)이 폐지됐지만, 이동통신사의 휴대전화 구매 지원금은 소폭 오르는 데 그치는 등 단통법 폐지 취지가 무색하다는 지적이 나왔다.국회 과학기술정보방송통신위원회 소속 국민의힘 최수진 의원이 9일 방송통신위원회로부터 제출받은 ‘호가모니터링 지원금 실태조사’ 자료에 따르면 단통법 폐지 이후 단말기 구매자에게 통신사가 주는 지원금은 75만 원(올해 9월 기준)에 불과했다.이는 올해 2월 기준 단말기 보조금 66만 9000원에서 8만 원가량 오른 것이지만, 단통법 폐지 직전인 지난 6월 SKT 해킹 사태 여파로 통신시장 경쟁이 과열됐을 당시 평균 지원금 73만 원과 비교하면 2만 원 상승에 그친 수준이다.자료: 방송통신위원회, 최수진 의원실방통위는 이동통신시장 지원금 수준과 불공정행위 현황 파악을 위해 한국정보통신진흥협회(KAIT) 위탁 사업을 통해 시장을 모니터링하고 있다. 조사 요원이 통신 판매점을 방문, 실제 소비자로 위장하는 '미스터리 쇼핑(암행점검)' 방식을 써서 지원금 호가 표본을 집계하고 있다.월별 단말기 평균지원금 추이를 보면 올해 2월 66만 9000원, 3월 66만 2000원, 4월 68만 2000원, 5월 69만 9000원, 6월 73만 3000원으로 증가했다. 하지만 7월 75만 8000원, 8월 74만 7000원, 9월 75만 원으로, 단통법이 폐지된 지난 7월 이후 상승 폭이 오히려 둔화했다.다만, 올해 초 수도권 휴대전화 매장에서 지급된 단말기 평균 지원금이 69만 원, 비수도권은 63만 원대였지만, 단통법 폐지 시행 이후 지난 9월 기준 수도권 75만 원, 비수도권 74만 원대로 격차가 좁혀진 효과가 있었다.통신사별로는 LGU+ 평균 지원금이 75만 7000원으로 가장 높았고, 이어 KT 75만 5000원, SKT 73만 9000원 순이었다. 지난 2월부터 지난달까지 평균 지원금을 기종별로 보면 아이폰은 84만 원, 갤럭시 프리미엄 모델은 74만 원, 갤럭시 중저가 모델은 42만 원으로 조사됐다.최수진의원은 “단통법 폐지를 통해 이통3사들에 대한 시장 요금 경쟁이 제대로 이뤄질 수 있도록 정부가 적극 나서야 한다”며 “단통법 폐지 이후 시장 동향 모니터링 강화와 불공정행위에 대한 엄중한 단속을 통해 소비자 피해가 발생하지 않도록 해야 한다”고 촉구했다."
https://n.news.naver.com/mnews/article/448/0000562292?sid=101,2025-10-09 12:02:48,경제,"국힘 최수진 ""단통법 폐지, 효과 미미…지원금 2만원 늘어""","지난 7월 말 '이동통신 단말장치 유통구조 개선에 관한 법률'(단통법)이 없어졌지만, 휴대전화 구매 지원금은 소폭 오르는 데 그쳐 법 폐지 취지가 무색하다는 지적이 나왔다.국회 과학기술정보방송통신위원회 최수진 의원(국민의힘)이 9일 방송통신위원회로부터 제출받은 지원금 실태 조사 분석에 따르면 단통법 폐지 이후 단말기 구매자에게 통신사가 주는 지원금은 지난달 기준 75만원에 불과했다.이는 올해 2월 기준 단말기 보조금 66만9천원에서 8만원가량 오른 수준이다.단통법 폐지 직전인 6월 SKT[017670] 해킹 사태 여파로 통신 시장 경쟁이 과열됐을 당시 평균 지원금 73만원과 비교하면 2만원 상승에 그치고 있다.방통위는 조사 요원이 통신 판매점을 방문, 실제 소비자로 위장하는 '미스터리 쇼핑' 방식을 써서 지원금 호가 표본을 집계하고 있다.월별 지원금 추이를 보면 2월 66만9천원, 3월 66만2천원, 4월 68만2천원, 5월 69만9천원, 6월 73만3천원으로 증가하다, 7월에는 75만8천원, 8월 74만7천원, 9월 75만원으로 법이 폐지된 7월 이후 상승 폭이 오히려 둔화했다.다만, 올 초 수도권 휴대전화 매장에서 지급된 평균 지원금이 69만원, 비수도권은 63만원대였지만 단통법 시행 이후 지난달 수도권 75만원, 비수도권 74만원대로 격차가 좁혀진 효과가 있었다.통신사별로는 LGU+ 평균 지원금이 75만7천원으로 가장 높았고 KT[030200]가 75만5천원, SKT가 73만9천원으로 나타났다.2월부터 지난달까지 평균 지원금을 기종별로 보면 아이폰은 84만원, 갤럭시 프리미엄 모델은 74만원, 갤럭시 중저가 모델은 42만원으로 조사됐다.최수진 의원은 ""단통법 폐지 이후 통신사들이 통신 요금에서 제대로 경쟁하도록 당국이 적극적으로 나서야 한다""고 촉구했다."
https://n.news.naver.com/mnews/article/088/0000974368?sid=101,2025-10-09 12:05:07,경제,단통법 폐지했지만 휴대전화 지원금 2만원 오른 게 전부,"7월 22일 단통법 폐지 후 평균 지원금 75만원SKT 해킹 사태 당시 73만원서 소폭 상승 그쳐지난 7월 '단통법'으로 불리는 '이동통신 단말장치 유통구조 개선에 관한 법률'이 시행 11년 만에 전면 폐지됐다. 7월 22일 오후 대구 중구의 한 이동통신 매장에 단말기 지원금을 강조한 홍보 문구가 부착된 모습. 매일신문 DB7월 22일부터 이동통신 단말장치 유통구조 개선에 관한 법률, 일명 '단통법'이 폐지됐지만 이동통신사의 휴대전화 구매 지원금은 소폭 오르는 데 그쳐 단통법 폐지 취지가 무색하다는 지적이 나온다.9일 국회 과학기술정보방송통신위원회 소속 최수진 국민의힘 의원이 방송통신위원회로부터 받은 '호가모니터링 지원금 실태조사' 자료에 따르면 단통법 폐지 이후 단말기 구매자에게 통신사가 주는 지원금은 75만원(올해 9월 기준)에 불과했다.이는 올해 2월 기준 단말기 보조금 66만9천원에서 8만원가량 오른 것이지만, 단통법 폐지 직전인 6월 SKT 해킹 사태 여파로 통신시장 경쟁이 과열됐을 당시 평균 지원금 73만원과 비교하면 2만원 상승에 그친 수준이다.방통위는 이동통신시장 지원금 수준과 불공정행위 현황 파악을 위해 한국정보통신진흥협회(KAIT) 위탁 사업을 통해 시장을 모니터링하고 있다. 조사 요원이 통신 판매점을 방문, 실제 소비자로 위장하는 '미스터리 쇼핑'(암행점검) 방식을 써서 지원금 호가 표본을 집계하고 있다.월별 단말기 평균지원금 추이를 보면 올해 2월 66만9천원, 3월 66만2천원, 4월 68만2천원, 5월 69만9천원, 6월 73만3천원으로 증가했다. 하지만 7월 75만8천원, 8월 74만7천원, 9월 75만원으로, 단통법이 폐지된 7월 이후 상승 폭이 오히려 둔화했다.다만 올해 초 수도권 휴대전화 매장에서 지급된 단말기 평균 지원금이 69만원, 비수도권은 63만원대였지만, 단통법 폐지 시행 이후 지난 9월 기준 수도권 75만원, 비수도권 74만원대로 격차가 좁혀진 효과가 있었다.통신사별로는 LGU+ 평균 지원금이 75만7천원으로 가장 높았고, 이어 KT 75만5천원, SKT 73만9천원 순이었다. 지난 2월부터 지난달까지 평균 지원금을 기종별로 보면 아이폰은 84만원, 갤럭시 프리미엄 모델은 74만원, 갤럭시 중저가 모델은 42만원으로 조사됐다.최 의원은 ""단통법 폐지를 통해 이통3사에 대한 시장 요금 경쟁이 제대로 이뤄질 수 있도록 정부가 적극 나서야 한다""며 ""단통법 폐지 이후 시장 동향 모니터링 강화와 불공정행위에 대한 엄중한 단속을 통해 소비자 피해가 발생하지 않도록 해야 한다""고 했다."
https://n.news.naver.com/mnews/article/092/0002393233?sid=105,2025-10-09 12:28:14,IT/과학,"LGU+, IPTV·IoT 설치도 AI가 돕는다","AI 비서로 장애 처리·상담 업무 자동화…일평균 2천800건 활용LG유플러스가 IPTV, IoT 등 홈 서비스를 설치 및 A/S 현장에 ‘홈 서비스 AI 업무 비서’를 도입했다고 9일 밝혔다.홈 서비스 AI 업무 비서란 LG유플러스 홈 서비스의 기술, 상품 관련 400건 이상의 업무 매뉴얼을 학습해 표준화된 정보를 제공하는 플랫폼이다. 이 플랫폼은 LG유플러스의 통신 특화 소형언어모델인 익시젠을 기반으로 개발돼 지난 7월부터 앱 형태로 현장에 도입됐다.현재 LG유플러스의 홈 서비스 현장 직원들은 일 평균 2천800건 이상 홈 서비스 AI 업무 비서를 사용하고 있는 것으로 나타났다.(사진=LG유플러스)익시젠을 활용한 홈 서비스 AI 업무 비서는 단순 키워드 검색이 아닌 현장 직원이 대화로 업무 매뉴얼을 파악할 수 있다.LG유플러스는 “기존에는 홈 서비스 설치·A/S 현장에서 문제 해결 방안을 찾는 데 시간이 오래 걸렸으나, AI 업무 비서 도입으로 즉시 해결 방법을 확인하고 전문 매뉴얼에 따라 신속히 대응할 수 있게 됐다”고 설명했다.LG유플러스는 홈 서비스에 활용 중인 AI 업무 비서를 개통 및 A/S 현황 데이터로 학습시킬 예정이다. 이를 바탕으로 장애 처리뿐만 아니라 현장에서 가입자 맞춤형 상담 및 프로모션 제공, 홈 서비스 조회 등 다양한 업무를 처리할 수 있도록 고도화할 방침이다.윤경인 LG유플러스 홈서비스고객만족담당은 “LG유플러스의 AI 기술로 최고의 고객경험을 드리기 위해 고민한 끝에 현장에 도입하게 됐다”며 “고객 중심으로 고민해 LG유플러스 홈 서비스만의 고객 경험를 전달하기 위해 최선을 다하겠다”고 말했다."
https://n.news.naver.com/mnews/article/144/0001072224?sid=105,2025-10-09 13:07:10,IT/과학,"LGU+, 현장 서비스에 ‘AI 비서’ 배치···설치·수리 업무 효율↑","LG유플러스는 인터넷TV, 사물인터넷(IoT) 등 홈 서비스를 설치·수리하는 현장에 인공지능(AI) 업무 비서를 도입해 직원들의 업무 효율을 높였다고 9일 밝혔다.LG유플러스가 IPTV, IoT 등 홈 서비스를 설치 및 A/S하는 현장에 AI 업무 비서를 도입해, 현장 직원들의 업무 효율을 높이고 있다. 사진은 현장에서 AI 업무 비서로 문제를 해결하는 현장 직원의 모습.LG유플러스는 자사 홈 서비스의 기술, 상품 관련 업무 매뉴얼 400건 이상을 학습해 표준화된 정보를 제공하는 플랫폼 ‘홈 서비스 AI 업무 비서’를 개발했다.‘홈 서비스 AI 업무 비서’는 LG유플러스의 통신 분야 특화 소형언어모델인 익시젠을 기반으로 개발, 지난 7월부터 앱 형태로 현장에 도입됐다.익시젠을 활용한 홈 서비스 AI 업무 비서는 단순 키워드 검색이 아닌 현장 직원이 대화로 업무 매뉴얼을 파악할 수 있는 강점이 있다. 대화로 해결 방법을 찾을 수 있어 직원의 의도를 빠르게 이해하고 명확한 답변을 제공함으로써, 홈 서비스 설치 및 A/S 현장에서 도움을 주고 있다.기존에는 홈 서비스 설치 및 A/S 현장에서 다양한 환경에 따른 장애가 발생했을 때, 각 사례별 최적의 조치 방법을 찾기 위해 상당한 시간이 소요됐었다. 홈 서비스 AI 업무 비서를 활용하면, 문제에 대한 해결 방법을 즉시 확인하고 전문적인 매뉴얼대로 응대할 수 있다.LG유플러스는 홈 서비스 현장 직원들이 일평균 2천800건 이상 AI 업무 비서 기능을 사용하고 있다고 덧붙였다.조진호 기자 ftw@kyunghyang.com"
https://n.news.naver.com/mnews/article/374/0000467565?sid=101,2025-10-09 13:30:08,경제,단통법 폐지해도 보조금 찔끔…달랑 2만원 증가,"단통법 폐지, 효과 미미…월별 지원금 상승폭 둔화[서울 시내 휴대전화 판매점 모습. (사진=연합뉴스)]지난 7월 말 단통법이 없어졌지만, 휴대전화 구매 지원금은 소폭 오르는 데 그쳐 법 폐지 취지가 무색하다는 지적이 나왔습니다.최수진 국회 과학기술정보방송통신위원회 의원이 오늘(9일) 방송통신위원회로부터 제출받은 지원금 실태 조사 분석에 따르면, 단통법 폐지 이후 단말기 구매자에게 통신사가 주는 지원금은 지난달 기준 75만원에 불과했습니다.올해 2월 기준 단말기 보조금 66만 9천원에서 8만원가량 오른 수준입니다.단통법 폐지 직전인 지난 6월, SKT 해킹 사태 여파로 통신 시장 경쟁이 과열됐을 당시 평균 지원금 73만원과 비교하면 2만원 상승한 데 그쳤습니다.방통위는 조사 요원이 통신 판매점을 방문, 실제 소비자로 위장하는 '미스터리 쇼핑' 방식을 써서 지원금 호가 표본을 집계하고 있습니다.월별 지원금 추이를 보면 2월 66만 9천원, 3월 66만 2천원, 4월 68만 2천원, 5월 69만 9천원, 6월 73만 3천원으로 증가하다, 7월에는 75만 8천원, 8월 74만 7천원, 9월 75만원으로 법이 폐지된 7월 이후 상승 폭이 오히려 둔화했습니다.다만 올 초 수도권 휴대전화 매장에서 지급된 평균 지원금이 69만원, 비수도권은 63만원대였지만 단통법 시행 이후 지난달 수도권 75만원, 비수도권 74만원대로 격차가 좁혀진 효과가 있었습니다.통신사별로는 LGU+ 평균 지원금이 75만 7천원으로 가장 높았고 KT가 75만 5천원, SKT가 73만 9천원이었습니다.2월부터 지난달까지 평균 지원금을 기종별로 보면 아이폰은 84만원, 갤럭시 프리미엄 모델은 74만원, 갤럭시 중저가 모델은 42만원입니다.최수진 의원은 ""단통법 폐지 이후 통신사들이 통신 요금에서 제대로 경쟁하도록 당국이 적극적으로 나서야 한다""고 말했습니다.당신의 제보가 뉴스로 만들어집니다.SBS Biz는 여러분의 제보를 기다리고 있습니다.홈페이지 = https://url.kr/9pghjn"
https://n.news.naver.com/mnews/article/241/0003470334?sid=105,2025-10-09 15:28:15,IT/과학,"LGU+ '익시젠' AI, 홈 서비스 현장 직원 도우미 역할 톡톡","대화로 해법 제시LG유플러스는 IPTV, IoT 등 AS(사후관리) 직원들이 AI 비서 덕에 업무 효율을 높이고 있다고 9일 밝혔다.'홈 서비스 AI 업무 비서'는 LG유플러스 홈 서비스의 기술, 상품 관련 400건 이상의 업무 매뉴얼을 학습해 표준화된 정보를 제공하는 플랫폼이다. LG유플러스의 통신 특화 소형언어모델인 '익시젠'을 기반으로 개발돼 지난 7월부터 앱 형태로 현장에 도입됐다.홈 서비스 AI 업무 비서는 단순 키워드 검색이 아닌 현장 직원이 대화로 업무 매뉴얼을 파악할 수 있는 것이 강점이다. 현재 LG유플러스의 현장 직원들은 일평균 2800건 이상 홈 서비스 AI 업무 비서를 사용하고 있다.기존에는 홈 서비스 설치 및 AS 현장에서 장애가 발생했을 때 사례별 최적의 조치 방법을 찾기 위해 시간이 소요됐었다. 홈 서비스 AI 업무 비서는 문제 해결 방법을 즉시 확인해 응대할 수 있도록 돕는다.윤경인 LG유플러스 홈서비스고객만족담당은 ""LG유플러스의 AI 기술로 최고의 고객 경험을 제공하기 위해 현장에 도입하게 됐다""며 ""앞으로도 고객 중심으로 고민해 LG유플러스 홈 서비스만의 고객 경험를 전달하기 위해 최선을 다하겠다""고 말했다.정길준 기자 kjkj@edaily.co.kr"
https://n.news.naver.com/mnews/article/014/0005417211?sid=105,2025-10-09 16:04:11,IT/과학,"LG U+, 설치·AS 현장에 AI 비서 도입해 업무 효율 높였다","현장에서 AI 업무 비서로 문제를 해결하는 LG유플러스 현장 직원의 모습. LG유플러스 제공LG유플러스가 인터넷TV(IPTV), 사물인터넷(IoT) 등 홈 서비스를 설치 및 사후서비스(A/S)하는 현장에 인공지능(AI) 업무 비서를 도입해 직원들의 업무 효율을 높이고 있다고 9일 밝혔다.‘홈 서비스 AI 업무 비서’는 LG유플러스 홈 서비스의 기술, 상품 관련 400건 이상의 업무 매뉴얼을 학습해 표준화된 정보를 제공하는 플랫폼이다. 이 플랫폼은 LG유플러스의 통신 특화 소형언어모델인 익시젠을 기반으로 개발돼 지난 7월부터 앱 형태로 현장에 도입됐다. 현재 LG유플러스의 홈 서비스 현장 직원들은 일 평균 2800건 이상 홈 서비스 AI 업무 비서를 사용하고 있는 것으로 나타났다.익시젠을 활용한 홈 서비스 AI 업무 비서는 단순 키워드 검색이 아닌 현장 직원이 대화로 업무 매뉴얼을 파악할 수 있는 강점이 있다. 대화로 해결 방법을 찾을 수 있어 직원의 의도를 빠르게 이해하고 명확한 답변을 제공함으로써 홈 서비스 설치 및 A/S 현장에서 도움을 주고 있다.기존에는 홈 서비스 설치 및 A/S 현장에서 다양한 환경에 따른 장애가 발생했을 때 각 사례별 최적의 조치 방법을 찾기 위해 상당한 시간이 소요됐었다. 홈 서비스 AI 업무 비서를 활용하면 문제에 대한 해결 방법을 즉시 확인하고 전문적인 매뉴얼대로 응대할 수 있다.LG유플러스의 홈 서비스 AI 업무 비서는 전국에 모든 현장 직원과 고객에게 일원화된 해결 방안과 정보를 제공할 수 있다는 장점도 있다. 고객이 있는 현장에서 AI 업무 비서의 답변으로 고객과 소통하면서 신뢰감을 제공해 고객의 만족도도 높일 수 있었다.앞으로도 LG유플러스는 고객의 일상에 직결된 홈 서비스에 활용 중인 AI 업무 비서를 개통 및 A/S 현황 데이터로 꾸준히 학습시킬 예정이다. 이를 바탕으로 장애 처리뿐만 아니라 현장에서 고객 맞춤형 상담 및 혜택 제공, 홈 서비스 조회 등 다양한 업무를 처리할 수 있도록 고도화할 방침이다.윤경인 LG유플러스 홈서비스고객만족담당은 “LG유플러스의 AI 기술로 최고의 고객경험을 드리기 위해 고민한 끝에 현장에 도입하게 됐다”며 “앞으로도 고객 중심으로 고민해 LG유플러스 홈 서비스만의 고객 경험를 전달하기 위해 최선을 다하겠다”고 말했다."
https://n.news.naver.com/mnews/article/243/0000086123?sid=105,2025-10-09 16:19:10,IT/과학,단통법 폐지 이후 오른 지원금 살펴보니…고작 얼마?,"서울 용산의 한 휴대폰 매장에 통신 3사의 로고가 붙어 있다. [사진 연합뉴스][이코노미스트 원태영 기자]지난 7월 말 '이동통신 단말장치 유통구조 개선에 관한 법률'(단통법)이 없어졌지만, 휴대전화 구매 지원금은 소폭 오르는 데 그쳐 법 폐지 취지가 무색하다는 지적이 나왔다.국회 과학기술정보방송통신위원회 최수진 의원(국민의힘)이 9일 방송통신위원회로부터 제출받은 지원금 실태 조사 분석에 따르면 단통법 폐지 이후 단말기 구매자에게 통신사가 주는 지원금은 지난달 기준 75만원에 불과했다. 이는 올해 2월 기준 단말기 보조금 66만9000원에서 8만원가량 오른 수준이다.다만 단통법 폐지 직전인 6월 SKT 해킹 사태 여파로 통신 시장 경쟁이 과열됐을 당시 평균 지원금 73만원과 비교하면 2만원 상승에 그치고 있다.방통위는 조사 요원이 통신 판매점을 방문, 실제 소비자로 위장하는 '미스터리 쇼핑' 방식을 써서 지원금 호가 표본을 집계하고 있다.월별 지원금 추이를 보면 2월 66만9000원, 3월 66만2000원, 4월 68만2000원, 5월 69만9000원, 6월 73만3000원으로 증가하다, 7월에는 75만8000원, 8월 74만7000원, 9월 75만원으로 법이 폐지된 7월 이후 상승 폭이 오히려 둔화했다.다만, 올 초 수도권 휴대전화 매장에서 지급된 평균 지원금이 69만원, 비수도권은 63만원대였지만 단통법 시행 이후 지난달 수도권 75만원, 비수도권 74만원대로 격차가 좁혀진 효과가 있었다.통신사별로는 LGU+ 평균 지원금이 75만7000원으로 가장 높았고 KT가 75만5000원, SKT가 73만9000원으로 나타났다.2월부터 지난달까지 평균 지원금을 기종별로 보면 아이폰은 84만원, 갤럭시 프리미엄 모델은 74만원, 갤럭시 중저가 모델은 42만원으로 조사됐다.최수진 의원은 ""단통법 폐지 이후 통신사들이 통신 요금에서 제대로 경쟁하도록 당국이 적극적으로 나서야 한다""고 촉구했다."
https://n.news.naver.com/mnews/article/009/0005570421?sid=105,2025-10-09 17:10:19,IT/과학,"""AI가 내 말투로 전화를?""…""보이스피싱입니다""","보이스피싱 예방 나선 LGU+ … 제주 노인복지관 교육 가보니지역별 수법·사투리까지 반영맞춤 커리큘럼으로 효과 높여실생활에 필요한 대응법 교육LG유플러스 직원이 교육생의 보이스피싱 탐지 앱 설치를 도와주고 있다. LG유플러스""카드 인식이 안 돼서 휴대폰 수리비 결제가 안 돼. 지금 좀 급한데 돈 좀 빨리 보내줄 수 있어?""지난달 24일 제주도의 한 노인복지관. 자신과 똑같은 목소리로 걸려온 인공지능(AI) 보이스피싱 영상을 본 노인들의 눈동자가 커졌다. 불과 한 문장만 녹음했을 뿐인데 1분도 지나지 않아 본인 목소리가 보이스피싱 통화로 재현된 것이다. 게다가 제주도 방언까지 반영된 음성이 나오자 노인들은 놀라움을 감추지 못했다.이날 LG유플러스가 진행한 AI 보이스피싱 모의훈련에 참여한 김상택 씨(79)는 ""AI 목소리가 내 목소리와 너무 똑같아 무서웠다""며 ""몇 해 전 딸이라고 전화를 걸어와 입금을 요구한 보이스피싱 범죄에 당할 뻔했던 기억이 떠올랐다""고 말했다.LG유플러스가 지난 8월 한국노인종합복지관협회와 업무협약을 맺고, 전국 24개 복지관에서 노인 대상 보이스피싱 예방 교육을 시작했다. 교육에서는 보이스피싱·스미싱의 주요 수법과 사례를 공유하고 예방법을 설명한 뒤 실제 상황을 가정한 실습까지 이뤄진다.특히 이 교육은 고령화 비율이 높은 지방을 중심으로 지역 특성을 반영한 맞춤형 교육이 이뤄진다는 점이 특징이다. 예컨대 제주도는 65세 이상 고령 운전자 비중이 수도권보다 높은 점을 고려해 경찰청 교통민원24 문자 사칭 사례를 집중적으로 다뤘다.교육을 담당한 임한진 LG유플러스 신제주직영점장은 ""제주는 (몇 년 전) 인구 대비 보이스피싱 피해 건수가 가장 많았던 지역으로 꼽힌다""며 ""특히 제주 어르신들은 서울에서 걸려온 전화라고 하면 겁먹는 경우가 많아 실제 피해 사례를 전달하며 교육을 진행했다""고 말했다.또 강의 방식을 지양하고 보다 실질적인 효과를 얻을 수 있도록 참여형·실습형 위주로 교육을 설계했다.노인 한 명당 강사 한 명이 전담하는 1대1 강사 제도를 운영해 노인들은 자신의 피해 사례를 직접 강사에게 공유할 수 있는 시간을 갖는다. 강사는 경찰청이 배포한 AI 보이스피싱 탐지 앱 '시티즌코난'이나 LG유플러스의 통화 비서 '익시오' 등 설치를 안내하고, 설치를 어려워하면 옆에서 버튼을 하나하나 직접 눌러주며 과정을 세심하게 설명해 준다.[제주 안선제 기자]"
https://n.news.naver.com/mnews/article/014/0005417246?sid=105,2025-10-09 18:12:29,IT/과학,AS 현장에 AI비서 투입… LGU+ 업무 효율 극대화,"LG유플러스가 인터넷TV(IPTV), 사물인터넷(IoT) 등 홈 서비스의 설치 및 사후서비스(A/S)하는 현장에 인공지능(AI) 업무 비서를 도입해 직원들의 업무 효율을 높이고 있다고 9일 밝혔다.'홈 서비스 AI 업무 비서'는 LG유플러스 홈 서비스의 기술, 상품 관련 400건 이상의 업무 매뉴얼을 학습해 표준화된 정보를 제공하는 플랫폼이다. 이 플랫폼은 LG유플러스의 통신 특화 소형언어모델인 익시젠을 기반으로 개발돼 지난 7월부터 앱 형태로 현장에 도입됐다. 현재 LG유플러스의 홈 서비스 현장 직원들은 일 평균 2800건 이상 홈 서비스 AI 업무 비서를 사용하고 있는 것으로 나타났다.익시젠을 활용한 홈 서비스 AI 업무 비서는 단순 키워드 검색이 아닌 현장 직원이 대화로 업무 매뉴얼을 파악할 수 있는 강점이 있다. 대화로 해결 방법을 찾을 수 있어 직원의 의도를 빠르게 이해하고 명확한 답변을 제공함으로써 홈 서비스 설치 및 A/S 현장에서 도움을 주고 있다. 기존에는 홈 서비스 설치 및 A/S 현장에서 다양한 환경에 따른 장애가 발생했을 때 각 사례별 최적의 조치 방법을 찾기 위해 상당한 시간이 소요됐었다. 홈 서비스 AI 업무 비서를 활용하면 문제에 대한 해결 방법을 즉시 확인하고 전문적인 매뉴얼대로 응대할 수 있다. 구자윤 기자"
https://n.news.naver.com/mnews/article/214/0001453945?sid=100,2025-10-09 20:34:22,정치,"[뉴스하이킥] 혁신당 이해민 ""사고 난 SKT·KT·롯데카드, 정부 보안인증 획득… 정부가 부실 인증해준 셈""","<이해민 조국혁신당 의원>- 스미싱·해킹 기승인데 개인 탓만… 기업·정부는 책임 회피- 기업들 보안 인식 너무 안이… 빅테크 8-90점이면 국내 기업 10점- 외국 기업 ‘징벌적 손해배상제‘ 때문에 보안에 더 투자- KT, 해킹 서버 은폐 정황… 보안 인식 여전히 부실- 경비 줄일 땐 보안부터 삭감하는 기업 문화 문제- 지금이라도 보안 개념 바꾸고 인재 채용 서둘러야, 안될 시 리더를 바꿔야*인터뷰를 인용보도할 때는 프로그램명 'MBC <권순표의 뉴스하이킥>'을 정확히 밝혀주시기 바랍니다. 저작권은 MBC에 있습니다.*아래 텍스트는 실제 방송 내용과 차이가 있을 수 있으니 보다 정확한 내용은 방송으로 확인하시기 바랍니다.■ 프로그램 : 권순표의 뉴스하이킥 (MBC 라디오 표준FM 95.9Mhz / 평일저녁 6시5분~8시)■ 출연자 : 조국혁신당 이해민 의원◎ 진행자 > 예고해 드린 대로 이해민 조국혁신당 의원 모셨습니다. 어서 오세요.◎ 이해민 > 안녕하십니까.◎ 진행자 > 명절 잘 보내셨습니까?◎ 이해민 > 잘 보냈습니다. 잘 보내셨나요?◎ 진행자 > 저는 많이 나왔어요, 회사를.◎ 이해민 > 그러면 안 되는데요.◎ 진행자 > 추석 연휴 마지막 날인데요. 요새 일반 국민들이 걱정이 많습니다. 하도 해킹이니, 특히 휴대전화에 모든 정보를 다 담고 다니는 이 세상에서 은행 정보, 가상화폐.◎ 이해민 > 모바일 인증도 하시고요.◎ 진행자 > 이게 개인이 이런 걱정을 다 짊어지는 건 아닌 거 같은데, 어떻게 보세요?◎ 이해민 > 그렇죠. '개인한테 모든 책임이 있다' 이렇게 넘기고 있는 게 현실이긴 한데요. 저는 그거는 굉장히 많이 기업도 그렇고 정부도 그렇고 많은 것을 손 놓고 있다라고 판단을 하는데 이유가 AI 시대라고 얘기를 하잖아요. 근데 문제가 생기는 피싱 문자나 이런 것들이 발송이 될 때, 사전에 차단을 하는 알고리즘 만들 수 있거든요, 기업에서는. 그다음에 금융 쪽이랑 같이 연계를 해서. 관련돼서 예금에서 빠져나갈 때 그거를 바로 차단을 한다던가 아니면 사후에 검증을 한다던가, 이런 것들이 사실 기업과 정부가 손을 발맞춰서 개인한테만 마냥 넘기지 않고 기업과 정부가 함께 일을 할 수가 있는데 그 부분은 지금 현재 존재를 하지 아니하고 굉장히 개인 쪽에 모든 책임이 다 가 있는 상태입니다.◎ 진행자 > 그렇습니다. 이게 남 일이 아닌 게 어제 제가 저녁때 이렇게 보니까 구글에 말입니다. 구글에 그 암호 관리 그 시스템이 있어 들어가 봤더니, 저는 다행히 어떤 하나의 비밀번호는 다 안 하고. 사이트마다, 앱마다 다 다르게 하는데 그중에 한 세 개가 유출됐다고 나오더라고요. 아주 간단한 별로 중요치 보안이 필요치 않은 앱의 것을.◎ 이해민 > 그래서 대시보드가 이제는 나오는 거죠.◎ 진행자 > 아주 깜짝 놀라서 그거 바꾸느라고 어제 밤에.◎ 이해민 > 잘하셨습니다. 그리고 모든 국민들이 가능하면 개인 이제 비밀번호 같은 경우는 '투 팩터 인증'이라고 해서 2단계 인증을 꼭 설치를 해 놓는 것을 저는 권고를 드립니다.◎ 진행자 > 그리고 심(sim)카드 비밀번호도 바꾸는 게 낫죠?◎ 이해민 > 바꾸는 게 낫죠.◎ 진행자 > 그것도 은행이고 뭐고 다 모든 앱이 있으니까. 저희 제작진 얘기해 가지고 심(sim)카드 비밀번호도 한번 다 바꾸고.◎ 이해민 > 비밀번호는 바꾸라고 있는 것입니다.◎ 진행자 > 그런데 이렇게 개인들이, 오죽하면 저같이 약간은 그런데 무심한 편에 속하는데도 굉장히 민감해 있습니다. 해킹 당하면 큰일 날 텐데 은행 앱도 다 쓰고 있고 핸드폰에 모든 게 들어 있으니까요, 요새는. 이게 아까도 잠깐 의원님 말씀하셨지만 개인이 모든 책임을 질 건 아니고. 기업과 정부가 연계하면 충분히 훨씬 더 편안하게 할 수 있는데 왜 안 하는 건가요, 지금 보면.◎ 이해민 > 지금까지는 해외 같은 경우는 개인이 지는 책임이 훨씬 더 한국보다는 적어요. 한국 같은 경우는 보안 관련된 예산이랄지, 아니면 투자 이런 것에 대해서 굉장히 소극적이었다라고 말씀을 드리고 싶고요. 최근에 SKT도 그렇고 KT도 그렇고 롯데카드도 그렇고요. 대부분 공통적으로 나타나는 것은, 기업이 이제는 허리띠를 졸라맨다거나 이럴 때 제일 먼저 삭감하는 곳이 보안 쪽입니다. 근데 제가 그 회사들에게 서문회 등을 통해서도 말씀을 드린 게 '안전한 서비스 자체가 그 기업의 굉장히 훌륭한 자산이다. 훌륭한 제품이다. 그래서 보안 관련돼서는 절대 게을리 해서도 안 되고 한 번 어떤 인증을 받았다고 해서 안전이 보장이 되는 것도 아니다. 그래서 지속적인 투자, 그리고 이거 자체가 우리 회사의 경쟁력이다.' 이런 보안 인식이 있어야 되는데 이거 자체가 없었던 거 같습니다.◎ 진행자 > 보안 인식 자체가 우리나라 회사들이 해외 기업들보다 약간 안이한 건 분명했군요.◎ 이해민 > 그래서 제가 어디 나가서 '몇 점을 주겠냐'고 해서 '100점 만점에 10점'이라고 대답을 한 적도 있습니다.◎ 진행자 > 예를 들면 외국의 어떤 유수한 기업들은 몇 점입니까? 의원님 보시기에.◎ 이해민 > 제가 봤을 때 빅테크 같은 경우는 80점에서 90점 사이라고 보고요.◎ 진행자 > 그럼 아주 엄청난 차이인데요. 보기에.◎ 이해민 > 엄청난 차이예요. 거기에는 비단 기업만의 어떤 문제일까, 그렇진 않아요. 왜냐하면은 조금 전에 제가 말씀드렸던 세 군데 회사 있잖아요. 최근에 문제가 생겼던. 거기 다 정부가 주는 보안 인증을 획득한 곳들입니다. 그렇다면 기업에서는 한국 같은 경우는 그런 보안 인증 체계를 획득을 했으면 '아 우리는 안전하다.' 이거 최소한의 장치고 그거보다 더 했어야 되는데. 오히려 정부가 면죄부를 준 꼴이 됐죠. 그래서 제가 대정부 질문을 할 때에도 이런 상태면은 '지금 정부에서 주는 보안 인증 체계가 맞는 건가, 실효성이 있나 그걸 다시 점검을 해 봐야 된다' 말씀드린 바 있습니다.◎ 진행자 > 그렇다면 기업 입장에서도요. 이게 만약 보안이 한번 뚫리면은 엄청난 비용이 발생한다면, 기업의 어떤 존립을 위협할 만한 비용이 발생한다면 그렇게 안 했을 텐데 그걸 넘어갈 수 있다는 어떤 안이한 생각이 있었던 거 아니겠습니까?◎ 이해민 > 그렇죠. 전 두 가지 정도 말씀을 드리고 싶은데 첫 번째는 현재 법상 24시간 이내에 이제는 신고를 하게 되어 있는데 지난 1년만 봤을 때 24시간 이내에 신고를 하지 아니하고 늑장 신고한 곳이 66곳이에요. 그렇다고 한다면 정부 또한 '도대체 왜 늑장 신고를 하지?' 근데 그 과태료가 최대 3천만 원이에요. SKT 같은 경우에도 난리가 났었잖아요, 전국이. 그랬는데 과태료가 960만 원 정도에서 끝났었습니다. 기업 입장에서는 '그 과태료 내고 말지' 이럴 수도 있고 그걸 이제는 알렸을 때 기업 이미지 자체가 나빠지는 것도 고려하지 아니할 수가 없고 그리고 KISA가 그걸 담당하는 기관인데 KISA의 기술 지원 자체가 실효성이 또 없었을 수도 있고, 그래서 그 부분에 대한 어떤 그걸 포함한 다양한 법체계를 이제 바꿔야 된다는 게 있고. 그래서 법은 계속해서 개정안을 내고 있고요. 또 하나는 해외 같은 경우는 이제는 징벌적 손해배상이 굉장히 많이 발달을 해 있어서. 말씀하신 대로 우리 고객의 어떤 개인정보가 유출되는 사고가 있었을 때 '회사가 망할 수도 있구나.' 그 생각을 하게 되니까 아까 말씀드린 대로 최소한의 보안 장치 보다 넘어서서 80점~90점까지◎ 진행자 > 할 수 있는 건 다 하는군요, 그러니까.◎ 이해민 > 그렇죠. 그렇게 되는 거예요. 제가 SKT 청문회 때 징벌적 손해배상 얘기를 했더니, 몇몇 분들이 '이것은 기업을 죽이는 소리다'라고 말씀을 하셨지만 자본주의 끝판왕 미국 같은 경우 기업 죽지 않습니다. 오히려 거기에 더 투자를 하게 되고. 오히려 더 고객은 안전한 서비스라는 또 믿음감이 생기기 때문에 기업에 오히려 좋죠.◎ 진행자 > 기업 신뢰가 획기적으로 올라갈 테니까요. 그럼 우리도 징벌적 손해배상이나 어떤 획기적인 제도를 도입해야 되는 거 아닌가요?◎ 이해민 > 네, 조국혁신당 같은 경우는 이미 법안을 발의를 해 놨고요. 이 부분에 대해서는 최근에 터지고 있는 여러 가지 사태들 때문에 공감대는 점점점 올라가는 거 같고요. 근데 동시에 또 문제가 그 법 하나 통과한다고 될 것이 아니라 지금 이런 사태에 피해자, 이제 국민, 개인과 기업과의 소송 문제가 생기게 되거든요. 그럴 때 개인은 절대로 본인의 피해 사실이 저걸로 인한 것이라는 것을 입증을 할 책임이 있는데, 그거를 기업을 상대로 하기가 어려워요. 그래서 저는 이것 또한 사실 법원 사법개혁 로드맵을 이제 조국혁신당은 이미 발표를 했고. 법원 조직 관련돼서도 개정안을 낸 상태인데 특별 법원이 설치돼야 된다라는 생각을 하고 있습니다. 노동 법원이라 할지, 소비자 법원에서 소비자가 개인이 침해를 받았고, 대상이 이제는 큰 로펌을 파트너로 가지고 있는 기업의 경우에는 이길 방법이 없거든요. 그래서 전문적으로 다룰 수 있는 법원 설치까지 가야 결국에는 우리가 생각을 하는 되게 상식적인 선에서의 피해 복구가 될 수 있지 않을까 그렇게 생각을 하고 있습니다.◎ 진행자 > 의원님 보시기에 정부 여당, 지금 여당하고 어떤 컨센서스가 있습니까? 어떻습니까?◎ 이해민 > 징벌적 손배는 다행히 조금 얘기가 나오고 있는 거 같아요. 그리고 해킹 사고와 관련해서 이제 기업의 책임, 그다음에 현재 과기정통부를 비롯한 다양한 기관들이 흩어져 있거든요. 그래서 그 흩어져 있는 것에 대한 문제점은 인식을 또 다 같이 하고 계셔서요. 이번에 국감을 통해서도 계속해서 짚을 예정인데 국정감사 기간이 끝나고 나면 아마 어떤 개혁안들이 또 쭉 나오지 않을까 그렇게 생각을 하고 있습니다.◎ 진행자 > 아까 말씀해 주셨지만, 발생하는 비용 자체가 워낙 적으니까 기업들이 안이했고. 근데 옛날에도 안이한 건 똑같았을 텐데요. 왜 최근 들어서 이렇게 봇물 터지듯이 사고가 나는 건가요?◎ 이해민 > 저는 어떻게 판단을 하냐면, 언제나 해킹은 24시간 계속해서 벌어지고 있었고요. 이게 창과 칼의 싸움이라고 보면 칼은 계속해서 날카로워지거든요. 그럴 때 방패가 이중 삼중으로 리액티브하게 대응적으로 방어를 하지 아니하면은 뚫리게 되어 있고. 근데 칼은 계속 발전해나가고 지속적인 투자가 있었어야 하는데 방패는 인증 하나 받고 끝내고, 이게 누적된 결과가 아닌가 생각하고 있습니다.◎ 진행자 > 누적돼서 터진 거군요.◎ 이해민 > 근데 저는 그 상황이라면 문제로 보고 있는 게, 지난 청문회를 할 때에도 과기정통부에서 뭐라고 하셨냐면 '이번에 KT에서 혹은 롯데카드에서 유출된 정보는 일부이기 때문에 복잡한 걱정은 안 하셔도 돼요' 이렇게 말씀을 하시는데 봇물처럼 터졌잖아요. 그렇다면 보안 관련된 문제, 피해는 이미 나와버린 개인정보랑 이번에 나간 거랑 결합이 돼서 사용이 될 수도 있다는 거거든요. 돌고 돌아서. 그거까지 다 감안을 해서 대응책을 세우는 입장에서는 안이하게 볼 게 아니라 '국민들의 굉장히 많은 정보가 다 나갔구나' 가정을 하고◎ 진행자 > 최악을 가정하고.◎ 이해민 > 그렇죠. 대책을 마련해야 하는데, 그 모습은 보이지가 않아서 이미 청문회에서 한 번 짚었고 국감에서도 짚을 예정입니다.◎ 진행자 > 롯데카드 같은 경우에는요. 지금도 이미 막을 수 있는데 못 막았다는 그런 지적도 있던데요.◎ 이해민 > 유출된 정보 중에 민감한 정보가 있어요. CI, Connecting Information해서 주민등록번호가 그대로 나갔을 경우에는 이건 진짜 정보 중에 가장 중요한 거라서 문제가 되기 때문에 식별하기 어렵게끔 만들어 놓은 키값이 있는데요. 이거를 '분리해서 보관을 해라'라는 것이 2023년도 12월 달에 본회의를 통과를 했어요. 그래서 2024년, 그러니까 작년 1월 달에 이제 고시가 시행이 돼야 되고. 실제적으로 시행과 고시가 만들어져야 되는 게 작년 7월이었어요. 그런데 그걸 만들어야 되는 주관 기관이 방통위였어요. 그리고 방통위에서 그때 7월 달에 만들지 아니하고. 실제로 그 시행령과 고시를 만든 게 올해 5월이고요. 그리고 올해 5월이라도 했으면, 이번에 그걸 근거로 롯데카드를 제재를 할 수가 있었을 텐데. 제가 이걸 짚었더니 같은 곳에 이걸 보관을 했어요. 한꺼번에 나갔잖아요. 그랬더니 뭐라고 대답을 하냐면 롯데카드 사장님이. '하지만 시행령 실제로 적용되는 건 2027년입니다.' 이렇게 대답을 하신 거예요. 올해 5월 달에서야 거의 1년 지나고 나서야 시행령하고 고시를 만들었는데 적용 시점은 또 2027년으로 미뤄 놓은 거죠. 저는 이런 것들 다 뜯어 고쳐야 된다고 생각을 합니다. 최대한 빨리.◎ 진행자 > 제가 언뜻 지금 의원님 설명을 들었더니 잘 이해가 안 되는 것이. 2027년 시행이라 그러면 그때까지 해킹범들은 가만 손 놓고 있을 리가 없는데. 그동안 털어가는 건 할 수 없다는 얘긴가요? 뭔가요? 그럼.◎ 이해민 > 비슷한 일이 터지지 아니할 거라고 누가 장담을 하겠어요? 그 사이까지 이걸 제재를 할 방법이 없는 거예요.◎ 진행자 > 그러면 당연히 이거는 시행 일자를 당겨야 되는 거 아닙니까?◎ 이해민 > 맞습니다. 그 또한 계속해서 저희 의원실에서 이건 단독으로 내기도 했지만, 국정감사에서도 짚을 게 많네요.◎ 진행자 > 그렇습니다. 그걸 어떻게 2년 후에 시행을 한다 그러면. 그리고 기업 입장에서는요, 제가 궁금한 건. 같은 데 놔뒀던 건 역시 이걸 분리해서 해야 되는데 같은 데 놔뒀던 건 비용 문제인가요, 역시?◎ 이해민 > 저는 안이했다고 봅니다. 인재라고 생각…◎ 진행자 > 비용은 크게 차이 날 건가요?◎ 이해민 > 저는 제가 DB를 전공한 사람 입장에서 '이거는 진짜 안이했다. 비용 차이라기보다는 그냥 그 인식 자체가 너무너무 낮았기 때문에 개인 정보를 어떻게 보관을 해야 되며 어떻게 보호를 해야 되는지에 대한 개념 자체가 없었다.' 더 문제는 뭐냐면은, 아까 말씀드렸듯이 작년에 법이 이미 시행이 됐었어야 돼요. 법안 통과는 12월 2023년 12월 달에 됐다고요, 본회의에. 그렇다면 기업 입장에서는 우리 회사에서 보안을 정말 중요한다면◎ 진행자 > 법안이 통과됐으면 시행이 언제건 '우리는 어떻게…' 근데 그 대책을 하나도 마련하지 않고 있다는 거 아니에요.◎ 이해민 > 그러면서 오히려 고객한테 '봐라, 우리는 이렇게 열심히 고객 정보를 보호하고 있습니다'라고 할 수 있었어야 돼요. 저는 아까 말씀드렸듯이 이거는 보안에 대한 인식 자체가 너무 약하지 않았나. 생각을 하고 있습니다.◎ 진행자 > 정말 고객 입장에서는 불안합니다. 뭐냐 하면 신용카드 회사라는 게 우리 일반적으로 어떤 보안에 대해서 가장 민감해야 될 회사 같은데요. 여러 어떤 은행도 그렇고 하겠지만 신용카드에 개인적인 어떤 소비 정보나 이런 게 다 들어 있지 않습니까?◎ 이해민 > 다 들어 있죠.◎ 진행자 > 근데 거기가 그렇게 약하다는 건 '다른 데는 오죽할까' 이런 걱정도 들고요.◎ 이해민 > 그럼요. 가장 안전해야 될 곳이. 근데 사실은 이번에 제가 다루면서 봤더니 KT가 더 문제예요. KT 또한 굉장히 중요한 여러 가지 정보들 다 들고 있고. KT가 왜 더 문제라고 말씀드렸냐면은, 현재의 기준으로는 롯데카드에서 보고된 피해는 아직 없어요. 하지만 KT는 어떻게 알게 됐냐면은 실제 소액결제가 벌어지면서 알게 됐어요. 그래서 저는 더 심각하다고 보고 있는데. KT의 대응은 더 안이하기 이를 데 없고. 심지어 서버 폐기까지 하는 '은폐하려고 한 게 아닌가' 그런 정황까지 보이고 있어서 KT 같은 경우는 롯데카드는 보안 인식 자체가 낮았다라고 한다면 KT는 보안 관련되어서 기업에서 나올 수 있는 모든 문제를 다 종합해서 들고 있었구나.◎ 진행자 > 아예 보안 의식 자체가 없었다.◎ 이해민 > 존재를 하지 않았을 뿐더러 서버 폐기 부분은 저는 크게 짚어야 된다고 보고 있습니다.◎ 진행자 > 범죄가 될 수도 있다고 보시는군요.◎ 이해민 > 그렇죠. 왜냐하면은 아까 말씀드린 이제 KISA, 이제 관련된 기관에서 해킹 정황이 의심이 된다라고 KT에 알렸어요. 알렸더니 '문제 없다'라고 답을 하면서 그 서비스를 종료하고 그 서버를 폐기해 버립니다.◎ 진행자 > 그거는 다분히 범죄 의도가 있었다고 봐야 되는 거 아닌가요?◎ 이해민 > '문제가 없었어'라고 얘기를 하지만 그걸 증명할 방법이 없어졌어요. 제가 그래서 지금 '이거 관봉권 띠지도 아니고 뭐 하는 거냐'라고 모든 의원들이 다 질타를 했어요, 여야 할 것 없이. 그래서 KT 같은 경우는 기업 문화부터 바꿔야 되는 게 아닌가 싶습니다.◎ 진행자 > 근데 이렇게 지금 봇물처럼 이런 일들이 터지고 있는데 기업들의 어떤 전반적인 의식이 확 바뀌어야겠군요. 이건 국가도 제재를 강화해야 되는 건 물론이고요.◎ 이해민 > 그러기 때문에 사실 제가 속한 국회 과학기술정보방송통신위원회에서는 성명도 내고, 청문회도 하고 이번 국감에서도 계속해서 짚을 예정인데요. 그렇게 이슈화를 국회에서 하고, 관련된 개정 법안을 내고. 이렇게 해야 그나마 기업들 또한 각성을 하지 않을까라는 생각을 하는데 그럼에도 불구하고 기업이 사실은 보안에 투자를 하고 싶은 마음이 들게끔 만드는 것들 또한 필요합니다. 그래서 저는 개정을 채찍도 있지만 당근 쪽도 보안 인력을 채용을 한다거나, 관련된 시설 투자를 한 경우에는 세액 공제를 하는 쪽으로 관련된 법 개정 또한 같이 내고 있는데. 저는 이걸 다 떠나서. 고객 정보를 들고 있는 기업이면 그 정보의 안전함을 말함으로써 본인 기업의 경쟁력을 올릴 수 있다라고 생각합니다. 그 생각을 하지 아니하면 이건 근본적인 치료가 되지 않을 것 같아요.◎ 진행자 > 근데 우리 기업들이 고객 편의를 위하거나, 과거의 전례를 봤을 때는 이것이 아까 말씀드렸듯이 뚫렸을 때 엄청난 비용이 발생하지 않으면 선제적으로는 안 하는 거 같아요. 지금까지 보면.◎ 이해민 > 그래서 제가 방금 말씀드린 부분 또한 선제적으로 하게끔 기업의 모티베이션이 있어야 해요. 그리고 지금 AI시대라고 얘기하는데, AI시대로 가면서 더더욱 개인정보는 중요해지거든요. 솔직히 말해서 더 비싸집니다. 그렇다면 그걸 더 안전하게 지킬 수 있는 기업만 살아남을 수 있는 시장이 형성이 돼야 합니다.◎ 진행자 > 그런 치명적인 상황이라는 인식부터가 좀 빨리 바뀌어야 할 텐데요. 그게 인식이 안 바뀌면 종사하시는 분들이 거기에 대해서 아직까지 진실로 알지 못하고 있는 건 아닌가 이런 생각도 들고요.◎ 이해민 > 이번에 아마 많이 알게 되신 것 같고요. SKT부터 시작을 해서. LG U+는 안전지대라고 생각하지는 않습니다. 과기정통부가 지난번 SKT 터지고 나서 다른 데도 다 전수 조사를 한답시고 했지만 그때 '문제 없다'라고 했거든요. 근데 이번에 KT 또 터졌잖아요. 그래서 저는 기업이 자체적으로 지금부터라도 보안 인식에 대한 개념을 바꾸고, 관련된 인력 채용에 주저하지 말고. '이것이 우리 회사의 경쟁력이다' 이렇게 생각을 했으면 좋겠고 이거는 리더부터 생각을 바꿔야 됩니다. 안 그러면 리더를 바꿔야 하죠.◎ 진행자 > 대단히 심각한 거 같아서요. 그런데 지금 1분밖에 안 남았는데요. 아까 잠깐 제가 쉬는 시간에 여쭤봤던. AI 한국의 미래는 어떤 가능성을 한번 겨뤄 볼 만 합니까? 어떻습니까, 짧게?◎ 이해민 > 지금 과기정통부하고 그다음에 대통령실에서 현재 상황 할 수 있는 모든 최선의 노력을 다 하고 있다고 보고 있습니다. 하지만 내년 초가 돼야지 어느 정도 윤곽이 잡힐 것 같고요. 이거 관련해서는 길게 얘기할 수밖에 없을 것 같아요. 짧게 말씀드리면 저는 아직은 기대감을 가지고 있고요. 관련돼서 내년 초에 '어떻게 하면 우리나라가 AI로 부가가치를 만들어서 우리나라 국익에 도움이 될 수 있나' 이걸 판단을 내년에 할 수 있을 것 같습니다.◎ 진행자 > AI 관련해서 한번 더 모시겠습니다.◎ 이해민 > 알겠습니다.◎ 진행자 > 감사합니다. 여기까지 듣겠습니다. 조국혁신당 이해민 의원이었습니다.저작권자(c) MBC (www.imnews.com) 무단복제-재배포 금지"
https://n.news.naver.com/mnews/article/015/0005194795?sid=103,2025-10-09 21:52:16,생활/문화,"""차 막혀도 괜찮아""…OTT·게임 다 되는 '바퀴 달린 스마트폰'","고객 경험 강화 위해 차량용 인포테인먼트 분야 ‘집중’사진=게티이미지뱅크추석 연휴와 같이 차량 이동이 많은 기간에는 정체로 인해 차 안에서 보내는 시간이 평소보다 더 길어진다. 차량이 단순 이동수단을 넘어 ’바퀴 달린 스마트폰‘으로 진화하면서 자동차의 변신에 속도가 붙고 있다.9일 관련 업계에 따르면 완성차 업체들은 고객 경험 강화를 위해 차량용 인포테인먼트 분야에 집중하고 있다. 인포테인먼트는 운전자와 승객에게 정보와 오락을 제공하기 위해 차량에 장착된 하드웨어.소프트웨어 시스템으로 초기에는 내비게이션 정도였으나 이제는 그 분야도 다양해지는 추세다.르노코리아는 최근 2026년형 그랑 콜레오스를 선보이면서 인포테인먼트 기능을 강화했다. 동승석까지 이어지는 오픈알(openR) 파노라마 스크린을 통해 R:아케이드 게임, R-비트(beat) 노래방 서비스를 제공한다.R:아케이드 게임은 대중적 인기를 얻은 20가지 캐주얼 게임들을 차량에 최적화된 환경에서 제공하는 서비스다. 게임 종류에 따라 스마트폰을 게임패드로 활용할 수도 있다. 게임 서비스는 1년 무상 이용 후 유료 전환을 선택할 수 있다.현대차는 올 초 출시한 프리미엄 플래그십 대형 스포츠유틸리티차(SUV) ‘디 올 뉴 팰리세이드’에 원하는 디지털 사양을 언제든지 추가 구매할 수 있는 ‘블루링크 스토어’를 선보였다.신형 팰리세이드 고객이 블루링크 스토어를 통해 구매 가능한 디지털 사양은 △고음질 음악 스트리밍(멜론, 지니 뮤직, 네이버 바이브)과 비디오 스트리밍(유튜브, 왓차, 웨이브, LG U+ 모바일 TV)을 지원하는 ‘스트리밍 플러스’ △차량용 webOS 콘텐츠 플랫폼 (넷플릭스, 디즈니 플러스, 티빙, TJ노래방, 아기상어, 게임, 헤이스택 뉴스 등)이 추가된 ‘스트리밍 프리미엄’ 등이 있으며 앞으로도 선택 가능한 사양들을 늘려나갈 계획이다.기아는 전동화 세단 ‘EV4’에 기아 AI 어시스턴트를 탑재하고 혁신적인 커넥티비티 사양을 적용해 고객에게 의미 있고 편리한 차량 경험을 선사한다.고객이 기아 커넥트 스토어에서 ‘스트리밍 프리미엄’ 서비스 가입 시 차량 안에서 넷플릭스, 디즈니 플러스, 스포티비 나우 등 OTT 서비스 및 유튜브를 시청하고 게임, 노래방 등 다양한 콘텐츠를 즐길 수 있다.BMW코리아의 경우 ‘BMW 오퍼레이팅 시스템 8.5’ 이상이 탑재된 모델에서 모두 스마트폰과 연동한 에어콘솔 게이밍 기능을 제공하고 있다. 게임 외에도 영상, 음악 스트리밍 등 써드파티 앱 사용이 가능하다.비야디(BYD)코리아는 현재 국내 판매 중인 아토 3, 씰, 씨라리언 7 등 전 차종에 스팅레이(Sting Ray) 가라오케 앱을 기본 탑재, 차량 내 노래방 기능을 제공하고 있다. BYD코리아는 앞으로도 고객들이 가족이나 친구와 함께 드라이브 중에도 특별한 순간을 즐길 수 있도록 인포테인먼트 경험을 지속적으로 강화해 나갈 예정이다.이처럼 자동차 업계가 엔터테인먼트를 위한 콘텐츠 확보에 적극적으로 나서는 이유는 자율주행 기술이 발전하고 있기 때문이다. 향후 전방을 주시하지 않아도 되는 아이 오프(eye off) 단계를 넘어 운전에 아예 신경을 쓰지 않아도 되는 자율 주행 레벨 4단계까지 바라보고 있다.업계 한 관계자는 “과거에는 운송수단으로서의 자동차가 중요했다면 이제는 목적지까지 무엇을 하면서 어떻게 이동하느냐가 중요해졌다”며 “자동차 자체가 전자 기기로 작동하는 시대”라고 말했다."
https://n.news.naver.com/mnews/article/640/0000077967?sid=101,2025-10-10 07:00:54,경제,"Companies' Q3 earnings vary widely, losses in auto and telecom sectors","Export cargoes are piled up at the Pyeongtaek Port in Gyeonggi on Oct. 1. [YONHAP]As the Chuseok holidays come to an end, Korea's major companies are preparing to release their third-quarter earnings with expectations varying widely by sector, much like the recent swing between hot and chilly weather.The outlook is bright for the semiconductor industry, one of Korea’s core sectors. According to market tracker FnGuide on Thursday, Samsung Electronics is expected to post an operating profit of 9.89 trillion won ($7 billion) for the July-September period. The company is rebounding from its second-quarter low, and some analysts even predict that it could return to the 10-trillion-won range in operating profit. Alongside solid mobile performance, the recovery of the semiconductor division — particularly due to dynamic random-access memory — is driving the upturn.The fourth-quarter forecast also looks promising for the chipmaker. Nvidia CEO Jensen Huang recently sent a letter to Samsung Electronics Executive Chairman Lee Jae-yong, stating the company plans to use Samsung’s HBM3E high-bandwidth memory in its next-generation AI accelerators.“Samsung is expected to enter a long-term earnings upcycle for the first time in nine years since 2016,” said Kim Dong-won, an analyst at KB Securities, adding that Samsung may benefit directly from Nvidia’s planned diversification of HBM4 suppliers in 2026.SK hynix, the biggest beneficiary of Nvidia’s orders so far, is forecast to post an operating profit of 10.83 trillion won, up 54.1 percent from a year earlier.The so-called supercycle continues for the big three shipbuilders — HD Korea Shipbuilding & Offshore Engineering, Samsung Heavy Industries and Hanwha Ocean — all of which are projected to report strong earnings. HD Hyundai Heavy Industries is expected to post an operating profit of 470 billion won, a 132.6 percent year-on-year increase. Hanwha Ocean's third-quarter consensus stands at 350 billion won, up a staggering 1,296.4 percent from a year earlier.LG Display is forecast to return to the black for the first time in four years with an operating profit of 410 billion won. Park Kang-ho, an analyst at Daishin Securities, explained that “cost-cutting efforts such as shutting down its loss-making LCD panel business helped turn things around.”But analysts warn against being misled by some sectors' strong performances — particularly semiconductors, which account for around 30 percent of the total operating profit of all companies listed on the Korea Exchange.The auto sector, hit hard by the 25 percent tariff imposed by the United States, is expected to take a hit. Hyundai Motor’s third-quarter operating profit is projected at 2.67 trillion won, down 25.2 percent from the same period last year and the lowest level since the third quarter of 2022.U.S. President Donald Trump holds a ″Foreign Trade Barriers″ document as he delivers remarks on tariffs in the Rose Garden at the White House in Washington on April 2. [REUTERS/YONHAP]“Hyundai was able to rely on inventory through the second quarter, but it now has to fully absorb the tariff burden, except for vehicles produced in the United States,” said Kim Sung-rae, an analyst at Hanwha Investment & Securities.LG Electronics is also struggling under the pressure from tariffs and weakening global demand. Its operating profit for the third quarter is expected to reach 600 billion won, down 20.1 percent from a year earlier. Among the country’s three major battery makers, Samsung SDI and SK On are projected to remain in the red for the third quarter, with only LG Energy Solution likely to stay profitable.The telecom sector has been hit by recent hacking scandals, and the combined third-quarter operating profit for SK Telecom, KT and LG U+ is expected to fall below 1 trillion won. SK Telecom’s operating profit figure has shrunk to a projected 40 billion won — a 91.5 percent year-on-year plunge.Third-quarter earnings go beyond just another set of quarterly results. With U.S. tariffs now in full effect, they serve as a critical gauge of Korean exporters' competitiveness under Trump-era trade policies.“The Korean government must secure the best possible outcome in tariff negotiations with the United States, even if it takes time, while companies should diversify export markets and cut costs to weather tariff-related uncertainties,” said Chang Sang-sik, the head of the Korea International Trade Association’s research arm.This article was originally written in Korean and translated by a bilingual reporter with the help of generative AI tools. It was then edited by a native English-speaking editor. All AI-assisted translations are reviewed and refined by our newsroom."
https://n.news.naver.com/mnews/article/009/0005570618?sid=101,2025-10-10 08:09:06,경제,"“SK텔레콤, 해킹 소동에도 ‘사라’”…이유는?","SK 텔레콤 CI. [사진 출처 = SK텔레콤]유안타증권은 10일 SK텔레콤에 대해 사이버 침해 사고로 인한 일회성 비용 반영은 이번 분기로 마무리될 것이라며 투자의견 매수, 목표주가 7만1000원을 유지했다.유안타증권은 SK텔레콤의 3분기 연결기준 영업이익이 전년 동기 대비 96.4% 감소한 194억원을 기록할 것으로 전망했다.이는 사이버 침해사고에 따른 영업이익 감소 영향 5000억원(위약금면제, 8월 요금할인 50%, 멤버십 및 데이터 추가 제공 등), 영업외비용 과징금 1348억원을 반영한 전망치다.유안타증권은 SK텔레콤이 4분기부터 실적 정상화 수순을 밟을 것으로 내다봤다. 인터넷TV(IPTV) 및 초고속인터넷 가입자는 순증 추세로 전환했고, 번호이동(MNP) 시장도 안정화됐기 때문이다. 여기에 SK C&C로부터 인수한 판교DC 실적도 이번 분기부터 반영될 예정이다.유안타증권은 SK텔레콤의 인공지능(AI) 사업이 순항 중이라고 평가했다. 최근 SK텔레콤은 에이닷, AI데이터센터(AIDC) 등 전사 AI 조직을 통합해 AI CIC(Company in Company) 출범을 결정했다. 5년간 5조원 규모의 투자를 통해 30년 AI 사업을 연매출 5조원 규모로 성장시킨다는 계획이다.특히 유안타증권은 AIDC 사업이 SK텔레콤 실적 및 주가의 선봉장이 될 것으로 관측했다. SK텔레콤은 30년 매출액 1조원을 목표로 글로벌 빅테크와의 협력을 본격화하고 있다. 지난 6월 아마존웹서비스(AWS)와 울산 AIDC 구축 계약을 체결했으며 최근에는 오픈AI와 최근 서남권 AIDC 협력에 대한 업무협약을 체결했다. SK텔레콤은 30년까지 데이터센터 용량을 현재 137메가와트(MWㅖ)에서 300MW 이상으로 확대할 계획이다.유안타증권은 SK텔레콤의 올해 연결 영업수익은 17조1000억원, 영업이익은 1조2000억원으로 전망했다. 각각 전년 같은 기간보다 4.5%, 33.4%씩 감소한 수치다.사이버 침해 사고 보상으로 인한 비용과 과징금이 반영된 3분기 연결 당기순이익은 사실상 첫 적자를 기록할 것으로 예상했다. 비경상 손익이라는 변수가 있지만 보수적으로 3분기 배당 축소 가능성을 열어뒀단 설명이다.이승웅 유안타증권 연구원은 “올해 4분기 실적 회복에 따른 SK텔레콤의 배당 정상화를 예상한다”며 “3분기 배당을 제외하더라도 2025년 배당수익률은 5.0%로 경쟁사(KT 4.7%, LGU+ 4.3%) 대비 높다”고 말했다."
https://n.news.naver.com/mnews/article/119/0003011208?sid=105,2025-10-10 09:40:08,IT/과학,통신·플랫폼 CEO 줄소환…해킹·공정거래 국감 도마 위,"통신 3사 대표 과방위 국감 출석 전망…대규모 해킹 사태 책임 집중 추궁넷플릭스·구글·네카오까지…콘텐츠 독점·소비자 기만·AI 관리 부실 논란 도마9월 11일 서울 광화문 KT 사옥에서 열린 소액결제 피해 관련 기자간담회에서 KT 주요 경영진들이 사과를 하고 있는 모습. 왼쪽부터 네트워크부문장서창석 부사장, 김영섭 대표, 커스터머 부문장 이현석 부사장ⓒKT[데일리안 = 조인영 기자] 오는 13일부터 시작되는 2025년 국정감사에서는 통신사 해킹 사태와 플랫폼 기업의 독점·공정거래 문제를 두고 관련 업계 CEO와 임원들이 증인·참고인으로 대거 소환될 전망이다. 여야 모두 '국민 생활과 직결된 사안'이라는 점을 강조하며 강도 높은 질의를 예고했다.10일 국회 및 관련업계에 따르면 이번 과학기술정보방송통신위원회 국감에서 증인 92명과 참고인 42명 등 총 134명이 출석 요구를 받았다.증인 명단에는 통신 3사 CEO가 나란히 이름을 올렸다. 유영상 SK텔레콤 대표, 김영섭 KT 대표, 홍범식 LG유플러스 대표가 일제히 국감장에 출석해 대규모 해킹 사태와 본인인증서비스(PASS) 포함 사이버 보안 관련 이슈를 두고 증언할 것으로 보인다.김영섭 KT 대표는 해킹에 의한 대규모 개인정보 유출을 이유로 김병주 MBK파트너스 회장과 함께 정무위원회 국감 증인으로도 출석 요청을 받았다.SK텔레콤이 사상 초유의 사이버 침해 사고로 수천만 건의 개인정보가 유출돼 사회적 충격을 안긴 데 이어 KT와 LG유플러스도 해킹에 따른 개인정보 유출 의혹에 직면했다.미국 보안 전문지 '프랙(Phrack)'이 8월 발표한 보고서에서 양사 서버 침해 정황이 드러난 것이 발단이었다. 프랙은 북한 배후로 추정되는 해커 조직 '김수키'가 한국 정부 부처와 민간 기업의 정보를 유출했으며 여기에 LGU+, KT 등이 포함됐다고 주장했다.LG유플러스는 외주 보안업체인 시큐어키가 7월 31일 한국인터넷진흥원(KISA)에 해킹 사고를 신고했으나, 자체 조사 결과 자사 서버에는 침해 정황이 발견되지 않았다고 밝힌 상황이다.반면 KT는 9월 18일 오후 11시 57분 한국인터넷진흥원(KISA)에 서버 침해 흔적 4건과 의심 정황 2건을 신고했다. KT는 SKT 해킹 사태 이후 정확한 실태 점검을 위해 외부 보안 전문업체에 의뢰해 수개월간 전사 서버를 조사했고, 이 과정에서 침해 사실을 확인했다고 밝혔다.여기에 KT는 9월 초 고객 무단 소액결제 침해 사고까지 발생해 신뢰도에 큰 타격을 입었다. 과학기술정보통신부는 서버 침해 사건과 소액결제 두 사건 사이에 연계 가능성이 있는지 살피고 있다.이런 상황을 감안해 이번 국감에서는 통신사 경영진에게 ▲실제 피해 규모와 유출 범위 ▲늑장 대응과 불투명한 통보 ▲허술한 인증 체계 ▲보안 투자와 시스템 재설계 ▲이용자 보상과 경영진 책임 등이 집중적으로 다뤄질 것으로 보인다.KT는 사장 교체 논란과 관련해서도 과방위 여야 의원들의 질의를 받을 전망이다. 구현모 전 KT 대표와 김태현 국민연금공단 이사장이 증인으로 출석 요청을 받았다.OTT(온라인 동영상 서비스) 업계에서도 넷플릭스가 주요 증인으로 이름을 올렸다. 강동한 콘텐츠 총괄 부사장(VP)과 레지날드 숀 톰슨 넷플릭스서비스코리아 대표이사가 국감에 출석 요청을 받았다. 국내 제작사와의 불공정 계약 구조와 소비자 기만 행위 논란을 두고 따가운 질타를 받을 것으로 예상된다.넷플릭스는 국내 시장에서 콘텐츠 IP(지식재산권)를 사실상 독점하면서 국내 콘텐츠 제작사 및 OTT 사업자들과의 공정 경쟁을 저해한다는 비판을 받고 있다. 중도 해지 시 잔여 이용료 환불 거부, 해지 절차 복잡화, 한국 소비자에 대한 차별적 서비스 운영 문제도 도마에 올랐다.카카오 판교 아지트 전경.ⓒ연합뉴스플랫폼 기업 역시 주요 타깃이다.네이버는 김광현 검색·데이터플랫폼 부문장(부사장)과 이정규 서비스운영통합지원 총괄전무가 증인으로 채택됐다. 네이버 포털에서 허위·조작 정보가 빠르게 확산되는 문제와 이에 대한 대응 방안을 놓고 집중 질의를 받을 전망이다. 카카오는 우영규 부사장이 출석해 불법 광고 방치, 플랫폼 관리 책임 논란을 해명할 예정이다.여야 의원들은 포털이 공공재적 성격을 띠는 만큼 정보 검증·알고리즘 투명성을 강화해야 한다는 입장이다. 실제 포털 사이트에서 허위·조작 정보가 빠르게 확산되고 있음에도 걸러내는 장치가 제대로 작동하지 않는다는 비판이 일고 있다. 알고리즘 추천 구조가 클릭을 유도하는 자극적 콘텐츠에 집중되면서 사실 검증이 미흡하다고도 지적한다.또한 네이버·카카오 등이 도입한 생성형 AI 기반 검색 서비스 역시 관리·검증 체계가 부족하다는 주장이 제기된다. AI가 자동으로 생성한 답변이 부정확하거나 왜곡된 정보를 담고 있어도 이를 걸러낼 장치가 미흡해 이용자 피해로 이어질 수 있다는 우려다.각 사안마다 관련 기업 수장들이 줄줄이 증인석에 오르면서 올해 과방위 국감은 사실상 ‘통신·플랫폼 국감’이 될 것으로 보인다. CEO 등 주요 경영진의 대규모 출석으로 긴장감이 높아지는 가운데 이번 국감을 계기로 책임 소재 규명과 함께 관련 정책·법제 개선으로 이어질지 주목된다."
https://n.news.naver.com/mnews/article/056/0012044131?sid=105,2025-10-10 10:30:53,IT/과학,"단통법 폐지 2달, 지원금은 2만 원 늘어…소비자 체감 효과 ‘미미’","이른바 ‘단통법’이 폐지된 지 두 달이 지났지만, 휴대전화 구매 지원금은 과거와 비교해 크게 오르지 않은 것으로 나타났습니다.국회 과학기술정보방송통신위원회 최수진 의원(국민의힘)에 따르면, 이동통신 단말장치 유통구조 개선에 관한 법률(단통법) 폐지 후 단말기 구매자에게 통신사가 주는 지원금은 지난달 기준 75만 원으로 조사됐습니다.단통법 폐지 전인 지난 2월과 비교하면 8만 원가량 오른 수준으로, 지난 6월 SKT 해킹 사태 여파로 통신 시장 경쟁이 과열됐을 때와 비교하면 평균 2만 원이 올랐습니다.방송미디어통신위원회는 실제 소비자로 위장한 조사 요원이 직접 통신 판매점을 찾아 지원금 호가를 조사하고 있습니다.월별 지원금 추이를 보면 지난 2월 기준 66만 9천 원에서 3월 66만 2천 원, 4월 68만 2천 원, 5월 69만 9천 원, 6월 73만 3천 원으로 증가하다가 7월에는 75만 8천 원, 8월 74만 7천 원, 9월 75만 원으로 법이 폐지된 7월 이후 상승 폭이 오히려 둔화했습니다.다만, 올해 초 수도권 휴대전화 매장에서 지급된 평균 지원금이 69만 원, 비수도권은 63만 원대였던 것과 비교해, 단통법 시행 이후에는 지난달 기준 수도권 75만 원, 비수도권 74만 원대로 집계돼 지역 간 격차가 줄어든 효과는 확인됐습니다.통신사별 평균 지원금은 LGU+가 75만 7천 원으로 가장 높았고, KT가 75만 5천 원, SKT가 73만 9천 원으로 나타났습니다.2월부터 지난달까지 기종별 평균 지원금은 아이폰 84만 원, 갤럭시 프리미엄 모델 74만 원, 갤럭시 중저가 모델 42만 원으로 조사됐습니다.최 의원은 “단통법 폐지 이후 통신사들이 통신 요금에서 제대로 경쟁하도록 당국이 적극적으로 나서야 한다”고 촉구했습니다.[사진 출처 : 연합뉴스]■ 제보하기▷ 전화 : 02-781-1234, 4444▷ 이메일 : kbs1234@kbs.co.kr▷ 카카오톡 : 'KBS제보' 검색, 채널 추가▷ 네이버, 유튜브에서 KBS뉴스를 구독해주세요!"
https://n.news.naver.com/mnews/article/241/0003470656?sid=105,2025-10-12 09:00:03,IT/과학,LGU+ '유플투쁠' 참여 1500만건 돌파…스벅 '별' 쏜다,"LG유플러스는 지난해 4월 선보인 멤버십 프로그램 '유플투쁠'의 누적 참여 건수가 1500만건을 돌파했다고 12일 밝혔다.유플투쁠은 쇼핑·식음료·문화·라이프스타일 등 다양한 분야의 혜택을 제공한다. 고객은 유플투쁠데이에 '당신의 U+' 앱에서 쿠폰을 받을 수 있다.지난달까지의 누적 데이터를 보면 가장 인기가 많았던 제휴사는 CGV로 나타났다. 2위는 컴포즈커피, 3위는 다이소다.연령별로 보면 10대는 롯데시네마·오션월드, 20대는 밀리의 서재·배달의 민족, 30대는 노브랜드·매드포갈릭을 주로 이용했다.유플투쁠은 지난달부터 스타벅스와도 제휴를 맺고 혜택을 제공하고 있다. 이달 스타벅스 제휴 기념으로 별빛 초대장 이벤트을 진행 중이다.당신의 U+앱 이벤트 페이지에서 스타벅스 제휴 기념 축하글을 쓰면 이벤트에 참여할 수 있다. 기간은 10월 28일까지다. LG유플러스 고객이라면 누구나 응모할 수 있다. 추첨으로 신세계 상품권 30만원권, CGV 티켓 2매·콤보 세트, BBQ 황금올리브치킨·콜라 1.25L 등을 선물한다.스타벅스의 혜택인 '별'을 받을 수 있는 '스타위크'도 진행한다. 스타위크는 오는 20일부터 24일까지 당신의 U+앱에서 만나볼 수 있다. VVIP 고객은 8개의 별을, VIP 고객은 5개의 별을 받을 수 있으며, 매일 참여가 가능해 VVIP 고객은 최대 40개까지 수령 가능하다. 받은 별은 스타벅스 앱에서 베이커리나 커피로 교환할 수 있다.장준영 LG유플러스 마케팅전략담당은 ""앞으로도 더 많은 고객에 게 차별적 혜택으로 사용 만족을 높여나갈 수 있도록 노력하겠다""고 말했다.정길준 기자 kjkj@edaily.co.kr"
https://n.news.naver.com/mnews/article/031/0000970926?sid=105,2025-10-12 09:01:06,IT/과학,LGU+ 멤버십 프로그램 '유플투쁠' 누적 참여 1500만 돌파,"CGV·컴포즈커피 등 인기 제휴사 집계…스타벅스 제휴 기념 이벤트 진행LG유플러스는 지난해 4월부터 시작한 대표 멤버십 프로그램 '유플투쁠'의 누적 참여 건수가 1500만을 돌파했다고 12일 밝혔다.LGU+ '유플투쁠' [사진=LGU+]유플투쁠은 LG유플러스가 고객의 일상에 가치를 더하기 위해 운영하는 멤버십 프로그램으로 쇼핑·식음료·문화·라이프스타일 등 다양한 분야의 혜택을 제공한다. 혜택을 원하는 고객은 유플투쁠데이에 당신의 U+앱에서 쿠폰을 받을 수 있다.지난달까지의 누적 데이터를 보면 1500만 중 가장 인기가 많았던 제휴사는 CGV로 집계됐다. 뒤를 이어 2위는 컴포즈커피, 3위는 다이소 순이었다. 연령별로 보면 10대는 롯데시네마·오션월드, 20대는 밀리의 서재·배달의 민족, 30대는 노브랜드·매드포갈릭을 주로 이용했다.LG유플러스는 멤버십 프로그램이 큰 사랑을 받는 것에 보답하기 위해 지난달에는 대표 커피브랜드 스타벅스와 제휴를 맺고 혜택을 제공하고 있다. 이번 달에는 스타벅스 제휴 기념으로 별빛 초대장 이벤트도 진행한다.참여 방법은 당신의 U+앱 이벤트 페이지에서 스타벅스 제휴 기념 축하글을 쓰면 된다. 기간은 10월 28일이며, LG유플러스 이용 고객이라면 누구나 응모할 수 있다. 참여 고객에게는 추첨을 통해 △신세계상품권 30만원권(3명) △CGV 티켓 2매+콤보 세트(100명) △BBQ 황금올리브치킨+콜라 1.25L(500명) △스타벅스 카페라떼T(1000명)을 선물한다.스타벅스의 대표 혜택 '별'을 받을 수 있는 스타위크(STAR WEEK)도 진행한다. 스타위크는 오는 20일부터 24일까지 당신의 U+앱에서 만날 수 있다. VVIP 고객은 8개의 별을, VIP 고객은 5개의 별을 한 번에 받을 수 있고, 매일 참여가 가능해 VVIP 고객은 최대 40개까지 수령 가능하다. 받은 별은 스타벅스 앱을 통해 베이커리 및 커피로 교환할 수 있다.LG유플러스의 대표 멤버십 '유플투쁠'도 47개의 제휴사가 참여해 풍성한 혜택을 준비했다. 먼저, 야외활동하기 좋은 가을을 맞아 △서울랜드(파크이용권 55% 할인) △클룩(일본 호텔 15% 할인) △짱구와 함께 떠나는 캠핑 어드벤처 전시(30% 할인) △야놀자글로벌 국내·해외(숙소 최대 3만원 할인) △스피드메이트(국산차는 엔진오일 할인 및 와이퍼 교환/수입차는 엔진오일 할인+정비 4종 혜택) △원더파크(최대 4인 40% 할인)를 만날 수 있다.특히, 이번 달에는 8개의 신규 제휴사가 추가돼 다양한 혜택을 만날 수 있다. 새롭게 추가된 제휴사로는 △Uber(첫 탑승 1만원 할인/기존 50% 할인) △BBQ(전 메뉴 주문 시 황올 반마리 무료) △낫온리포투데이(20% 추가 장바구니 할인) △사조몰(행사 품목 30% 할인) △바잇미(쇼핑 상품권 5000원 증정) △퐁당(소고기샤브무제한 3+1) 등이 있다.LG유플러스는 풍성한 혜택을 만날 수 있는 U+멤버십의 신규 고객에게도 아이스 아메리카노를 선물한다. 통신사 상관없이 누구나 10월 31일까지 신규 가입 후 이벤트 페이지에서 응모하면 전원에게 증정한다.장준영 LG유플러스 마케팅전략담당(상무)은 ""매월 멤버십 프로모션 혜택은 LG유플러스를 오랫동안 함께해 주시는 고객에게 보답하는 마음으로 일상에서의 도움이 되는 혜택들로 준비했다""며 ""앞으로도 더 많은 고객에게 유플러스만의 차별적 혜택으로 사용 만족을 높여나갈 수 있도록 노력하겠다""고 말했다."
https://n.news.naver.com/mnews/article/119/0003011568?sid=105,2025-10-12 09:01:08,IT/과학,LGU+ 유플투쁠 1500만 돌파…인기 제휴사는 CGV,"스타벅스 제휴 기념‘별빛 초대장’이벤트 진행LG유플러스가 지난해4월부터 시작한 대표 멤버십 프로그램‘유플투쁠’의 누적 참여 건수가1500만을 돌파했다고12일 밝혔다.사진은10월 대표 혜택 소개 페이지.ⓒLG유플러스[데일리안 = 조인영 기자] LG유플러스는 지난해 4월부터 시작한 대표 멤버십 프로그램 ‘유플투쁠’의 누적 참여 건수가 1500만을 돌파했다고 12일 밝혔다.유플투쁠은 LG유플러스가 고객의 일상에 가치를 더하기 위해 운영하는 멤버십 프로그램으로 쇼핑/식음료/문화/라이프스타일 등 다양한 분야의 혜택을 제공한다. 혜택을 원하는 고객은 유플투쁠데이에 당신의 U+앱에서 쿠폰을 받을 수 있다.지난달까지의 누적 데이터를 보면 1500만 중 가장 인기가 많았던 제휴사는 CGV로 집계됐다. 뒤를 이어 2위는 컴포즈커피, 3위는 다이소 순이었다. 연령별로 보면 10대는 롯데시네마/오션월드, 20대는 밀리의 서재/배달의 민족, 30대는 노브랜드/매드포갈릭을 주로 이용했다.LG유플러스는 멤버십 프로그램이 큰 사랑을 받는 것에 보답하기 위해 지난달에는 대표 커피브랜드 스타벅스와 제휴를 맺고 혜택을 제공하고 있다. 이번달에는 스타벅스 제휴 기념으로 별빛 초대장 이벤트도 진행한다.참여 방법은 당신의 U+앱 이벤트 페이지에서 스타벅스 제휴 기념 축하글을 쓰면 된다. 기간은 10월 28일이며, LG유플러스 이용 고객이라면 누구나 응모할 수 있다. 참여 고객에게는 추첨을 통해 ▲신세계상품권 30만원권(3명) ▲CGV 티켓2매+콤보 세트(100명) ▲BBQ 황금올리브치킨+콜라1.25L(500명) ▲스타벅스 카페라떼T(1000명)을 선물한다.스타벅스의 대표 혜택 ‘별’을 받을 수 있는 스타위크(STAR WEEK)도 진행한다. 스타위크는 오는 20일부터 24일까지 당신의 U+앱에서 만날 수 있다. VVIP고객은 8개의 별을, VIP고객은 5개의 별을 한 번에 받을 수 있고, 매일 참여가 가능해 VVIP고객은 최대 40개까지 수령 가능하다. 받은 별은 스타벅스 앱을 통해 베이커리 및 커피로 교환할 수 있다.LG유플러스의 대표 멤버십 ‘유플투쁠’도 47개의 제휴사가 참여해 풍성한 혜택을 준비했다. 먼저, 야외활동하기 좋은 가을을 맞아 ▲서울랜드(파크이용권 55% 할인) ▲클룩(일본 호텔 15% 할인) ▲짱구와 함께 떠나는 캠핑 어드벤처 전시(30%할인) ▲야놀자고글로벌 국내/해외(숙소 최대 3만원 할인) ▲스피드메이트(국산차는 엔진오일 할인 및 와이퍼 교환/수입차는 엔진오일 할인+정비 4종 혜택) ▲원더파크(최대 4인 40% 할인)를 만날 수 있다.이번달에는 8개의 신규 제휴사가 추가돼 다양한 혜택을 만날 수 있다. 새롭게 추가된 제휴사로는 ▲Uber(첫 탑승 1만원 할인/기존 50% 할인) ▲BBQ(전메뉴 주문시 황올 반마리 무료) ▲낫온리포투데이(20% 추가 장바구니 할인), ▲사조몰(행사 품목 30% 할인) ▲바잇미(쇼핑 상품권 5000원 증정) ▲퐁당(소고기샤브무제한 3+1) 등이 있다.LG유플러스는 풍성한 혜택을 만날 수 있는 U+멤버십의 신규 고객에게도 아이스 아메리카노를 선물한다. 통신사 상관없이 누구나 10월 31일까지 신규 가입 후 이벤트페이지에서 응모하면 전원에게 증정한다.장준영 LG유플러스 마케팅전략담당(상무)은 “매월 멤버십 프로모션 혜택은 LG유플러스를 오랫동안 함께해 주시는 고객에게 보답하는 마음으로 일상에서의 도움이 되는 혜택들로 준비했다”며 “앞으로도 더 많은 고객에게 유플러스만의 차별적 혜택으로 사용 만족을 높여나갈 수 있도록 노력하겠다”고 말했다."
https://n.news.naver.com/mnews/article/014/0005417774?sid=105,2025-10-12 09:01:11,IT/과학,LG U+ 멤버십 '유플투쁠' 누적 참여건수 1500만 돌파,"LG유플러스 멤버십 '유플투쁠 '10월 대표 혜택 소개 페이지. LG유플러스 제공LG유플러스가 지난해 4월부터 시작한 대표 멤버십 프로그램 ‘유플투쁠’의 누적 참여 건수가 1500만을 돌파했다고 12일 밝혔다.유플투쁠은 LG유플러스가 고객의 일상에 가치를 더하기 위해 운영하는 멤버십 프로그램으로 쇼핑·식음료·문화·라이프스타일 등 다양한 분야의 혜택을 제공한다. 혜택을 원하는 고객은 유플투쁠데이에 당신의 U+앱에서 쿠폰을 받을 수 있다.지난달까지 누적 데이터를 보면 1500만 중 가장 인기가 많았던 제휴사는 CGV로 집계됐다. 2위는 컴포즈커피, 3위는 다이소 순이었다. 연령별로 보면 10대는 롯데시네마·오션월드, 20대는 밀리의 서재·배달의 민족, 30대는 노브랜드·매드포갈릭을 주로 이용했다.LG유플러스는 멤버십 프로그램이 큰 사랑을 받는 것에 보답하기 위해 지난달에는 대표 커피브랜드 스타벅스와 제휴를 맺고 혜택을 제공하고 있다. 이번달에는 스타벅스 제휴 기념으로 별빛 초대장 이벤트도 진행한다.참여 방법은 당신의 U+앱 이벤트 페이지에서 스타벅스 제휴 기념 축하글을 쓰면 된다. 오는 28일까지 LG유플러스 이용 고객이라면 누구나 응모할 수 있다. 참여 고객에게는 추첨을 통해 △신세계상품권 30만원권(3명) △CGV 티켓2매+콤보 세트(100명) △BBQ 황금올리브치킨+콜라1.25L(500명) △스타벅스 카페라떼T(1000명)을 선물한다.스타벅스의 대표 혜택 ‘별’을 받을 수 있는 스타위크도 진행한다. 스타위크는 오는 20일부터 24일까지 당신의 U+앱에서 만날 수 있다. VVIP고객은 8개의 별을, VIP고객은 5개의 별을 한 번에 받을 수 있고, 매일 참여가 가능해 VVIP고객은 최대 40개까지 수령 가능하다. 받은 별은 스타벅스 앱을 통해 베이커리 및 커피로 교환할 수 있다.이번달에는 '유플투쁠'에 신규 제휴사 8곳이 추가됐다. 새롭게 추가된 제휴사로는 △우버(첫 탑승 1만원 할인) △BBQ(전메뉴 주문시 황올 반마리 무료) △낫온리포투데이(20% 추가 장바구니 할인) △사조몰(행사 품목 30% 할인) △바잇미(쇼핑 상품권 5000원 증정) △퐁당(소고기샤브무제한 3+1) 등이 있다.LG유플러스는 풍성한 혜택을 만날 수 있는 U+멤버십의 신규 고객에게도 아이스 아메리카노를 선물한다. 통신사 상관없이 누구나 오는 31일까지 신규 가입 후 이벤트페이지에서 응모하면 전원에게 증정한다.장준영 LG유플러스 마케팅전략담당(상무)은 “매월 멤버십 프로모션 혜택은 LG유플러스를 오랫동안 함께해 주시는 고객에게 보답하는 마음으로 일상에서의 도움이 되는 혜택들로 준비했다”며 “앞으로도 더 많은 고객에게 유플러스만의 차별적 혜택으로 사용 만족을 높여나갈 수 있도록 노력하겠다”고 말했다."
https://n.news.naver.com/mnews/article/003/0013529119?sid=105,2025-10-12 09:04:30,IT/과학,"LGU+, 멤버십 ‘유플투쁠’ 참여 1500만 돌파…스벅 제휴 기념 상품권 경품","인기 제휴사는 1위 CGV, 2위 컴포즈커피, 3위 다이소 순스타벅스 제휴 ‘별빛 초대장’ 이벤트…신세계 상품권 30만원권[서울=뉴시스] LG유플러스 멤버십 프로그램 ‘유플투쁠’의 누적 참여 건수가 1500만을 돌파했다. 최근 스타벅스 제휴를 기념해 별빛 초대장 이벤트를 진행한다. (사진=LGU+제공) *재판매 및 DB 금지[서울=뉴시스] 심지혜 기자 = LG유플러스는 지난해 4월 시작한 멤버십 프로그램 ‘유플투쁠’의 누적 참여 건수가 1500만을 돌파했다고 12일 밝혔다.유플투쁠에서 가장 인기 있는 제휴사는 CGV로 집계됐으며, 컴포즈커피와 다이소가 뒤를 이었다. 연령별로는 10대가 롯데시네마와 오션월드, 20대는 밀리의 서재와 배달의 민족, 30대는 노브랜드와 매드포갈릭을 주로 이용했다.LG유플러스는 지난달 스타벅스와 제휴를 맺고 이를 기념해 오는 28일까지 ‘별빛 초대장 이벤트’를 진행한다. ‘당신의 U+앱’ 이벤트 페이지에서 축하글을 작성하면 참여할 수 있으며, 추첨을 통해 ▲신세계상품권 30만원권(3명) ▲CGV 티켓2매+콤보 세트(100명) ▲BBQ 황금올리브치킨+콜라1.25L(500명) ▲스타벅스 카페라떼T(1000명)을 증정한다.이달 20일부터 24일까지는 스타벅스 ‘스타위크(STAR WEEK)’도 열린다. VVIP고객은 별 8개, VIP고객은 별 5개를 하루 한 번 받을 수 있으며 최대 40개까지 적립 가능하다. 적립된 별은 스타벅스 앱에서 베이커리나 커피로 교환할 수 있다.현재 유플투쁠에는 47개 제휴사가 참여 중이다. 가을 야외활동 시즌을 맞아 ▲서울랜드(파크이용권 55% 할인) ▲클룩(일본 호텔 15% 할인) ▲짱구와 함께 떠나는 캠핑 어드벤처 전시(30% 할인) ▲야놀자고글로벌 국내/해외 숙소(최대 3만원 할인) ▲스피드메이트(차량 정비 및 오일교체 할인) ▲원더파크(최대 4인 40% 할인) 등 다양한 혜택을 제공한다.이달에는 8개 신규 제휴사도 추가됐다. ▲Uber(첫 탑승 1만원 할인 및 기존 50% 할인) ▲BBQ(전메뉴 주문 시 황올 반마리 무료) ▲낫온리포투데이(20% 추가 장바구니 할인) ▲사조몰(행사 품목 30% 할인) ▲바잇미(쇼핑 상품권 5000원 증정) ▲퐁당(소고기샤브무제한 3+1) 등이다.LG유플러스는 신규 멤버십 고객에게도 혜택을 제공한다. 통신사 관계없이 10월 31일까지 가입 후 이벤트 페이지에서 응모하면 전원에게 아이스 아메리카노를 증정한다.장준영 LG유플러스 마케팅전략담당(상무)은 “매월 멤버십 프로모션 혜택은 LG유플러스를 오랫동안 함께해 주시는 고객에게 보답하는 마음으로 일상에서의 도움이 되는 혜택들로 준비했다”며 “앞으로도 더 많은 고객에게 유플러스만의 차별적 혜택으로 사용 만족을 높여나갈 수 있도록 노력하겠다”고 말했다."
https://n.news.naver.com/mnews/article/277/0005662905?sid=105,2025-10-12 09:08:46,IT/과학,5G 쓰면 1만원 더 아끼는데…LTE 요금제 가입 막고 입 다문 통신사,"SKT·KT·LGU+, LTE 요금제 134종 없애…이용자 고지는 ‘미비’지난해 국정감사에서 '5G보다 비싼 LTE 요금제' 논란이 제기된 뒤, 통신사들이 문제 된 LTE 요금제의 신규 가입을 대거 중단했지만 기존 가입자에게는 사실상 아무런 안내를 하지 않아 이용자들이 혜택을 놓치고 있다는 지적이 나왔다.12일 국회 과학기술정보방송통신위원회 소속 최수진 국민의힘 의원에 따르면, 지난해 국감에서는 일부 LTE 요금제가 5G보다 느린 속도와 적은 데이터 제공량에도 더 비싼 요금을 받고 있다는 비판이 제기됐다. 이른바 '바가지 요금제'로 지목된 LTE 요금제는 전체의 57%인 134종에 달했다.이에 통신 3사는 올해 상반기 해당 LTE 요금제의 신규 가입을 순차적으로 중단했다. 통신사별로 보면 ▲SK텔레콤은 LTE 요금제 63종 중 36종(52.7%) ▲KT는 88종 중 46종(52.2%) ▲LG유플러스는 84종 중 52종(61%)을 없앴다.하지만 문제는 기존 가입자다. 통신사들이 5G 요금제로 갈아타면 서비스 품질이 높아지고 요금도 월 1만원가량 절약할 수 있음에도, 이 사실을 적극적으로 알리지 않았다는 것이다. 각 사는 문자, 알림톡, 명세서 고지 등 개별 안내를 하지 않고 홈페이지 공지에만 의존했다.결과적으로 수많은 이용자가 여전히 속도와 데이터 제공량이 열악한 LTE 요금제를 비싼 값에 쓰고 있는 셈이다. 실제로 올해 상반기 이후 LTE 요금제의 절반 이상이 폐지됐음에도 LTE 이용자 수는 1300만명에서 1150만명으로 150만명 감소에 그쳤다.최 의원은 ""통신사들은 요금제별 이용자 현황을 영업기밀이라는 이유로 공개하지 않고 있으며, 과기정통부도 가입자 보호를 위한 고지 의무를 방치하고 있다""며 이용자 권익 보호를 위한 제도적 장치를 마련해야 한다고 강조했다."
https://n.news.naver.com/mnews/article/008/0005261248?sid=105,2025-10-12 09:21:55,IT/과학,LG U+ '유플투쁠' 참여 1500만건 돌파…스타벅스부터 우버까지,"LG유플러스 멤버십 행사. 2025.10.12./사진제공=LG유플러스LG유플러스가 지난해 4월부터 시작한 대표 멤버십 프로그램 '유플투쁠'의 누적 참여 건수가 1500만을 돌파했다고 12일 밝혔다.유플투쁠은 LG유플러스가 고객의 일상에 가치를 더하기 위해 운영하는 멤버십 프로그램으로 쇼핑·식음료·문화·라이프스타일 등 다양한 분야의 혜택을 제공한다. 혜택을 원하는 고객은 유플투쁠데이에 당신의 U+앱에서 쿠폰을 받을 수 있다.지난달까지의 누적 데이터를 보면 1500만 중 가장 인기가 많았던 제휴사는 CGV로 집계됐다. 2위는 컴포즈커피, 3위는 다이소 순이었다. 연령별로 보면 10대는 롯데시네마·오션월드, 20대는 밀리의 서재·배달의 민족, 30대는 노브랜드·매드포갈릭을 주로 이용했다.LG유플러스는 멤버십 프로그램이 큰 사랑을 받는 것에 보답하기 위해 지난달에는 대표 커피 브랜드 스타벅스와 제휴를 맺고 혜택을 제공하고 있다. 이번 달에는 스타벅스 제휴 기념으로 별빛 초대장 이벤트도 진행한다.참여 방법은 당신의 U+앱 이벤트 페이지에서 스타벅스 제휴 기념 축하 글을 쓰면 된다. 기간은 이달 28일이며 LG유플러스 이용 고객이라면 누구나 응모할 수 있다. 참여 고객에게는 추첨을 통해 △신세계 상품권 30만원권(3명) △CGV 티켓 2매+콤보 세트(100명) △BBQ 황금올리브치킨+콜라 1.25L(500명) △스타벅스 카페라떼T(1000명)을 선물한다.스타벅스의 대표 혜택 '별'을 받을 수 있는 스타위크도 진행한다. 스타위크는 이달 20~24일 당신의 U+앱에서 만날 수 있다. VVIP고객은 8개의 별을, VIP고객은 5개의 별을 한 번에 받을 수 있고 매일 참여가 가능해 VVIP고객은 최대 40개까지 수령할 수 있다. 받은 별은 스타벅스 앱을 통해 베이커리 및 커피로 교환할 수 있다.LG유플러스의 대표 멤버십 '유플투쁠'도 47개의 제휴사가 참여해 풍성한 혜택을 준비했다. 야외활동하기 좋은 가을을 맞아 △서울랜드(파크 이용권 55% 할인) △클룩(일본 호텔 15% 할인) △짱구와 함께 떠나는 캠핑 어드벤처 전시(30% 할인) △야놀자고글로벌 국내·해외(숙소 최대 3만원 할인) △스피드메이트(국산 차는 엔진오일 할인 및 와이퍼 교환·수입차는 엔진오일 할인+정비 4종 혜택) △원더파크(최대 4인 40% 할인)를 만날 수 있다.특히 이번 달에는 8개의 신규 제휴사가 추가돼 다양한 혜택을 만날 수 있다. 새롭게 추가된 제휴사로는 △Uber(첫 탑승 1만원 할인·기존 50% 할인) △BBQ(전 메뉴 주문 시 황올 반 마리 무료) △낫온리포투데이(20% 추가 장바구니 할인) △사조몰(행사 품목 30% 할인) △바잇미(쇼핑 상품권 5천원 증정) △퐁당(소고기샤브무제한 3+1) 등이 있다.LG유플러스는 풍성한 혜택을 만날 수 있는 U+멤버십의 신규 고객에게도 아이스 아메리카노를 선물한다. 통신사 상관없이 누구나 이달 31일까지 신규 가입 후 이벤트페이지에서 응모하면 전원에게 증정한다.장준영 LG유플러스 마케팅전략담당 상무는 ""매월 멤버십 프로모션 혜택은 LG유플러스를 오랫동안 함께해 주시는 고객에게 보답하는 마음으로 일상에서의 도움이 되는 혜택들로 준비했다""라며 ""앞으로도 더 많은 고객에게 유플러스만의 차별적 혜택으로 사용 만족을 높여나갈 수 있도록 노력하겠다""고 말했다."
https://n.news.naver.com/mnews/article/421/0008532191?sid=105,2025-10-12 10:16:35,IT/과학,LGU+ 멤버십 프로그램 '유플투쁠' 누적 참여 1500만 돌파,"(LG유플러스 제공. 재판매 및 DB금지)2025.10.12/뉴스1(서울=뉴스1) 김민재 기자 = LG유플러스(032640) 멤버십 프로그램 '유플투쁠'이 누적 참여 1500만 건을 넘어섰다고 12일 밝혔다.유플투쁠은 쇼핑과 식음료, 문화 등 분야에서 혜택을 제공하는 멤버십 프로그램이다. '유플투쁠데이'에 '당신의 U+' 애플리케이션(앱)에서 쿠폰을 받아 혜택을 이용할 수 있다.지난달까지의 누적 데이터를 보면 가장 인기가 많은 제휴사는 CGV였다. 컴포즈커피(2위), 다이소(3위)가 뒤를 이었다.10대는 롯데시네마와 오션월드를, 20대는 밀리의 서재와 배달의 민족을 주로 이용했다. 30대는 노브랜드와 매드포갈릭을 선호하는 것으로 나타났다.LG유플러스는 이달 스타벅스 제휴 기념 '별빛 초대장' 이벤트도 진행한다. LG유플러스 가입자라면 10월 28일까지 '당신의 U+'앱에서 스타벅스 제휴 기념 축하글을 작성해 응모할 수 있다.참여 고객에게는 추첨을 통해 신세계상품권 30만원권(3명), CGV 티켓 및 콤보 세트(100명), BBQ 치킨 세트(500명), 스타벅스 카페라테(1000명) 등을 선물한다.이달 '유플투쁠'에는 47개 제휴사가 참여한다. 서울랜드 55% 할인, 클룩 일본 호텔 15% 할인, 야놀자 국내외 숙소 최대 3만원 할인 등 야외 활동 관련 혜택을 제공한다.한편, LG유플러스는 통신사와 관계없이 10월 31일까지 U+멤버십에 신규 가입하고 이벤트 페이지에서 응모하는 모든 고객에게 아이스 아메리카노를 증정한다."
https://n.news.naver.com/mnews/article/092/0002393400?sid=105,2025-10-12 10:23:10,IT/과학,LGU+ 멤버십 ‘유플투쁠’ 참여건수 1500만 돌파,"추첨 통해 상품권·영화권 등 경품 제공LG유플러스가 지난해 4월부터 시작한 대표 멤버십 프로그램 ‘유플투쁠’의 누적 참여 건수가 1천500만을 돌파했다고 12일 밝혔다.9월까지 누적된 데이터를 분석한 결과, 가장 많은 선택을 받은 제휴사는 CGV로 집계됐다. 아울러 2위는 컴포즈커피, 3위는 다이소였다.연령별로 보면 10대는 롯데시네마·오션월드, 20대는 밀리의 서재·배달의 민족, 30대는 노브랜드·매드포갈릭을 주로 이용했다.LG유플러스는 스타벅스와의 신규 제휴 기념으로 별빛 초대장 이벤트를 시작한다. 스타벅스는 지난달부터 LG유플러스와 제휴를 이어오고 있다.참여 방법은 당신의 U+앱 이벤트 페이지에서 스타벅스 제휴 기념 축하글을 쓰면 된다. 기간은 10월28일까지며, LG유플러스 이용자라면 누구나 응모할 수 있다. 참여자에게는 추첨을 통해 ▲신세계상품권 30만원권(3명) ▲CGV 티켓2매+콤보 세트(100명) ▲BBQ 황금올리브치킨+콜라1.25L(500명) ▲스타벅스 카페라떼T(1천명)을 제공한다.스타벅스의 대표 프로모션 ‘별’을 받을 수 있는 스타위크도 진행한다. 스타위크는 오는 20일부터 24일까지 당신의 U+앱에서 만날 수 있다. VVIP 가입자는 8개의 별을, VIP 가입자는 5개의 별을 한 번에 받을 수 있고, 매일 참여가 가능해 VVIP 가입자는 최대 40개까지 수령 가능하다. 받은 별은 스타벅스 앱을 통해 베이커리 및 커피로 교환할 수 있다.LG유플러스의 대표 멤버십 ‘유플투쁠’도 47개의 제휴사와 함께하는 프로모션을 준비했다. 먼저, 가을을 맞이해 ▲서울랜드(파크이용권 55% 할인) ▲클룩(일본 호텔 15% 할인) ▲짱구와 함께 떠나는 캠핑 어드벤처 전시(30%할인) ▲야놀자고글로벌 국내·해외(숙소 최대 3만원 할인) ▲스피드메이트(국산차, 엔진오일 할인 및 와이퍼 교환/수입차, 엔진오일 할인+정비 4종 제공) ▲원더파크(최대 4인 40% 할인)를 만날 수 있다.특히 이번 달에는 8개의 신규 제휴사가 추가됐다. 이에 ▲우버(첫 탑승 1만원 할인/기존 50% 할인), ▲BBQ(전 메뉴 주문 시 황금올리브 반 마리 무료), ▲낫온리포투데이(20% 추가 장바구니 할인), ▲사조몰(행사 품목 30% 할인), ▲바잇미(쇼핑 상품권 5천원 증정), ▲퐁당(소고기샤브무제한 3+1) 등을 추가로 선보인다.LG유플러스는 U+멤버십의 신규 가입자에게 아이스 아메리카노를 선물한다. 통신사 상관없이 누구나 10월 31일까지 신규 가입 후 이벤트 페이지에서 응모하면 전원 증정한다.장준영 LG유플러스 마케팅전략담당은 “LG유플러스를 오랫동안 함께한 고객에게 보답하는 마음으로 일상에서 도움 되는 혜택을 준비했다”며 “더 많은 고객에게 유플러스만의 차별적 혜택으로 사용 만족을 높여나갈 수 있도록 노력하겠다”고 말했다."
https://n.news.naver.com/mnews/article/029/0002986507?sid=100,2025-10-12 16:29:26,정치,이재명 정부 첫 국감…키워드는 ‘김현지·조희대’,"13일부터 내달 6일까지 총 834개 기관 대상 진행내년 6·3 지방선거 앞두고 정국 주도권 가를 분수령민주당 ‘내란 청산’ vs 국민의힘 ‘정권 심판’…정면충돌이재명 정부 출범 이후 첫 국회 국정감사가 13일 막이 오른다.12·3 비상계엄 사태로 올해 4월 4일 막을 내린 윤석열 정부와 이후 6월 4일부터 넉 달 동안 국정을 운영한 이재명 정부 모두 국감 대상이다.이번 국감에서는 더불어민주당의 '내란 청산'과 국민의힘의 '정권 심판'이라는 두 개의 프레임이 정면충돌할 전망이다. 국민의힘은 이재명 정부의 실정을 부각하면서 향후 정국 주도권 확보에 나설 것으로 보인다. 반면 민주당은 윤석열 전임 정부의 실책에 초점을 맞추겠다는 계획이다.내년 6·3 지방선거를 8개월 앞두고 열리는 이번 국감은 정국 주도권을 가를 분수령이 될 것으로 관측된다.이번 국감은 13일부터 시작해 내달 6일까지 총 834개 기관을 대상으로 진행된다. 핵심 키워드는 김현지 대통령실 제1부속실장과 조희대 대법원장으로 압축된다.대통령비서실과 대통령경호처, 국가안보실 등을 피감기관으로 삼는 국회 운영위에서는 이재명 대통령 측근으로 분류되는 김 부속실장 실세 이슈가 핵심 쟁점으로 떠오를 전망이다. 김 부속실장의 증인 출석 여부는 15일 결정난다. 국민의힘은 김 부속실장을 '대통령실 핵심 실세'로 규정하며 대여 투쟁에 총력을 기울이고 있다. 반면 민주당은 국민의힘의 요구를 '정쟁'이라고 규정하며 막판까지 방어전에 나설 것으로 보인다.법사위에서는 이재명 대통령 공직선거법 위반사건 상고심에서 유죄 취지의 파기환송 판결을 내린 조 대법원장의 증인 출석 문제를 놓고 지리한 공방을 이어가고 있다. 민주당은 해당 재판 과정에 대한 전산 로그 기록 제출까지 요구한 상황이다. 당정 주도의 정부조직법 개정안과 관련된 검찰청 해체 이슈도 쟁점이 될 전망이다.정무위 국감은 금융위원회, 금융감독원, 공정거래위원회, 개인정보보호위원회, 한국주택금융공사, 한국산업은행 등 총 45개 기관을 대상으로 진행된다. 금융감독체제 개편 백지화, 롯데카드 개인정보 유출, KT 해킹 피해 사태 등을 둘러싼 질의가 이어질 것으로 보인다. 최태원 SK그룹 회장, 김병주 MBK파트너스 회장, 조좌진 롯데카드 대표이사, 김영섭 KT 사장, 김범석 우아한형제들 대표, 오경석 업비트 대표 등이 증인·참고인으로 출석한다.기재위 국감은 전국민 민생지원금을 지급 등 정부의 확장 재정 경제정책 및 배당소득 분리과세 등을 두고 다툼이 예고된 상황이다. 고정욱 롯데지주 사장, 한혜진 팀플러스 대표, 임광현 국세청장, 이명구 관세청장, 백승보 조달청장 등이 출석한다.과방위는 KT 초소형 기지국 시스템 해킹 등 통신 3사의 사이버 보안 및 개인정보보호 실태 등을 집중 점검한다. 올해 통신사 사이버 침해사고는 정보통신기술(ICT) 업계를 관통하는 최대 현안으로 급부상했다. 이에 따라 주요 통신사들을 대상으로 본인인증서비스(PASS)를 포함한 사이버 보안 관련 현주소를 놓고 여야의 질타가 쏟아질 것으로 보인다. 플랫폼과 판매자 간 수수료, 이진숙 전 방통위원장 등을 둘러싼 이슈도 도마 위에 오를 가능성이 크다. 박대준 쿠팡 대표, 유영상 SKT 대표, 홍범식 LGU+ 대표, 구현모 전 KT 대표, 황성혜 구글코리아 부사장 등이 참석한다.행안위 국감은 지난달 26일 발생한 국가정보자원관리원(국정자원) 대전 본원의 화재와 그에 따른 정부 통신망 마비 등이 핵심 쟁점이다. 화재의 책임소재부터 복구 등 사후 대응에 대한 본격 '책임 공방'이 이어질 것으로 예측된다. 이 대통령이 K-푸드 홍보 목적으로 출연한 예능 프로그램을 놓고도 여야의 공방이 격화될 전망이다. 윤호중 행안부 장관, 정의선 현대차그룹 회장, 이재용 국정자원 원장, 김동명 LG에너지솔루션 사장, 현신균 LG CNS 사장, 백종원 더본코리아 대표 등이 출석한다.국토위 국감에서는 건설사들을 상대로 반복되는 건설현장 사망사고 원인, 안전 시스템 투자 및 실제 작동 여부, 원청의 하청업체 안전관리 책임 소지, 중대재해처벌법 시행 이후 구체적인 개선 노력 등과 관련해 추궁할 것으로 예상된다. 국내 10대 대형 건설사들 수장이 출석한다.산자중기위 국감에서는 쿠팡의 정산방식과 수수료 공제 구조, 광고 운영 실태 등에 대해 집중 점검한다. 중소기업 제품을 모방해 저가로 출시한 사례 등 불공정 거래도 도마 위에 오를 것으로 예상된다. 김기호 아성다이소 대표, 조만호 무신사 대표, 이주철 W컨셉 대표 등이 출석한다.외통위는 한미 관세 협상 지연, 3500억달러 대미 투자 지원금, 미국 조지아주 구금 사건, 정부 대북정책·친중외교 이슈 등을 놓고 여야 공방이 벌어질 전망이다.교육위 국감은 이배용 전 국교위원장 매관매직, 김건희씨 논문 대필 의혹 등이 핵심 쟁점이다.권준영 기자 kjykjy@dt.co.kr이재명 정부 첫 국정감사를 사흘 앞둔 지난 10일 서울 여의도 국회 법제사법위원회 앞 대기 장소에 검찰청 등 피감기관 직원들이 자리를 선점하기 위해 붙여 둔 종이에 기관명이 적혀 있다. [연합뉴스]"
https://n.news.naver.com/mnews/article/277/0005663012?sid=105,2025-10-12 17:32:25,IT/과학,"LGU+, ‘유플투쁠’ 누적 참여 1500만 돌파…스타벅스 제휴 이벤트 진행","신세계 상품권 30만원권 증정10월 ‘유플투쁠’에 제휴사 47개 참여LG유플러스가 지난해 4월부터 시작한 대표 멤버십 프로그램 ‘유플투쁠’의 누적 참여 건수가 1500만을 돌파했다고 12일 밝혔다. 사진은 10월 대표 혜택 소개 페이지. 이미지=LG유플러스LG유플러스는 자사 대표 멤버십 프로그램 '유플투쁠'이 출시 1년 반 만에 누적 참여 1500만건을 돌파했다고 12일 밝혔다.'유플투쁠'은 쇼핑·식음료·문화·라이프스타일 등 일상 전반에 걸친 다양한 혜택을 제공하는 멤버십 프로그램이다. 고객은 매달 열리는 '유플투쁠데이'에 '당신의 U+앱'을 통해 쿠폰을 받을 수 있다.LG유플러스에 따르면 누적 1500만건 중 가장 많은 이용이 이뤄진 제휴사는 CGV로 나타났다. 이어 컴포즈커피, 다이소가 2·3위를 차지했다. 연령대별로는 10대가 롯데시네마·오션월드를, 20대는 밀리의서재·배달의민족을, 30대는 노브랜드·매드포갈릭을 주로 이용한 것으로 조사됐다.LG유플러스는 이용자 성원에 보답하기 위해 최근 스타벅스와 제휴를 맺고 다양한 이벤트를 진행하고 있다. 이달 28일까지 '당신의 U+앱'에서 스타벅스 제휴 기념 축하글을 남기면 ▲신세계상품권 30만원(3명) ▲CGV 티켓 2매+콤보세트(100명) ▲BBQ 황금올리브치킨+콜라(500명) ▲스타벅스 카페라떼T(1000명) 등의 경품을 추첨으로 증정한다.20일부터 24일까지는 '스타위크(STAR WEEK)' 행사도 열린다. U+앱을 통해 VVIP 고객은 하루 8개의 별, VIP 고객은 5개의 별을 받을 수 있으며, 매일 참여 시 VVIP 고객은 최대 40개의 별을 적립할 수 있다. 별은 스타벅스 앱에서 커피나 베이커리로 교환 가능하다.현재 '유플투쁠'에는 총 47개 제휴사가 참여하고 있으며, 서울랜드(파크 이용권 55% 할인), 클룩(일본 호텔 15% 할인), 야놀자고글로벌(숙소 최대 3만원 할인) 등 다양한 혜택을 제공한다. 또 이번 달에는 우버, BBQ, 낫온리포투데이, 사조몰, 바잇미, 퐁당 등 8개 신규 제휴사가 추가됐다.LG유플러스는 신규 멤버십 가입 고객에게도 아이스 아메리카노를 선물한다. 통신사와 관계없이 31일까지 가입 후 이벤트 페이지에서 응모하면 전원에게 증정된다.장준영 LG유플러스 마케팅전략담당(상무)은 ""매월 멤버십 프로모션 혜택은 LG유플러스를 오랫동안 함께해 주시는 고객에 보답하는 마음으로 일상에서의 도움이 되는 혜택들로 준비했다""며 ""앞으로도 차별적 혜택으로 사용 만족을 높여나갈 수 있도록 노력하겠다""고 말했다."
https://n.news.naver.com/mnews/article/014/0005417946?sid=105,2025-10-12 18:21:21,IT/과학,"LGU+ 유플투쁠 멤버십, CGV·컴포즈·다이소 인기","누적 참여건수 1500만건 돌파LG유플러스가 지난해 4월부터 시작한 대표 멤버십 프로그램 '유플투쁠'의 누적 참여 건수가 1500만을 돌파했다고 12일 밝혔다.유플투쁠은 LG유플러스가 운영하는 멤버십 프로그램으로 쇼핑·식음료·문화·라이프스타일 등 다양한 분야의 혜택을 제공한다. 지난달까지 누적 데이터를 보면 1500만 중 가장 인기가 많았던 제휴사는 CGV로 집계됐다. 2위는 컴포즈커피, 3위는 다이소 순이었다. 연령별로 보면 10대는 롯데시네마·오션월드, 20대는 밀리의 서재·배달의 민족, 30대는 노브랜드·매드포갈릭을 주로 이용했다.LG유플러스는 멤버십 프로그램이 큰 사랑을 받는 것에 보답하기 위해 지난달에는 대표 커피브랜드 스타벅스와 제휴를 맺고 혜택을 제공하고 있다. 이번달에는 스타벅스 제휴 기념으로 별빛 초대장 이벤트도 진행한다. 참여 방법은 당신의 U+앱 이벤트 페이지에서 스타벅스 제휴 기념 축하글을 쓰면 된다. 오는 28일까지 LG유플러스 이용 고객이라면 누구나 응모할 수 있다. 참여 고객에게는 추첨을 통해 △신세계상품권 30만원권(3명) △CGV 티켓2매+콤보 세트(100명) △BBQ 황금올리브치킨+콜라1.25L(500명) △스타벅스 카페라떼T(1000명)을 선물한다.스타벅스의 대표 혜택 '별'을 받을 수 있는 스타위크도 진행한다. 스타위크는 오는 20일부터 24일까지 당신의 U+앱에서 만날 수 있다. 이번달에는 '유플투쁠'에 신규 제휴사 8곳이 추가됐다. 새롭게 추가된 제휴사로는 △우버(첫 탑승 1만원 할인) △BBQ(전메뉴 주문시 황올 반마리 무료) △낫온리포투데이(20% 추가 장바구니 할인) △사조몰(행사 품목 30% 할인) △바잇미(쇼핑 상품권 5000원 증정) △퐁당(소고기샤브무제한 3+1) 등이 있다. 장준영 LG유플러스 마케팅전략담당(상무)은 ""매월 멤버십 프로모션 혜택은 LG유플러스를 오랫동안 함께해 주시는 고객에게 보답하는 마음으로 일상에서의 도움이 되는 혜택들로 준비했다""며 ""유플러스만의 차별적 혜택으로 만족도를 높여나가겠다""고 말했다. 구자윤 기자"
https://n.news.naver.com/mnews/article/006/0000132197?sid=105,2025-10-12 19:11:13,IT/과학,통신비 10년간 20% 올라…5G보다 느리고 비싼 LTE 이용자도,"[2025 국정감사] 이훈기 민주당 의원 “통신비 인하 위해 제4이동통신 적극 도입해야”최수진 국민의힘 의원 “이통3사, 바가지 요금 이용 고객들에 개별고지 안해”▲한 사람이 양 손으로 각각 휴대전화와 신용카드를 들고 있는 모습으로 연출된 이미지. 사진=Getty Images Bank국민 1인당 평균 월 통신비가 10년 새 20% 오른 것으로 나타났다. 이동통신사들이 5G 요금제보다 느리고 비싼 LTE 요금제를 폐지(신규가입 중단)하면서 기존 이용자들에게 개별 고지를 하지 않았다는 지적도 나왔다.국회 과학기술정보방송통신위원회(과방위)의 이훈기 더불어민주당 의원실이 과학기술정보통신부로부터 받은 자료에 따르면, 국민 1인당 평균 월 통신비는 지난해(2024년) 기준 5만6279원으로, 10년 전인 2014년 4만6912원 대비 20% 오른 것으로 나타났다. 1인당 평균 월 통신비는 2017년 4만6261원을 끝으로 5만 원대로 올랐다.이를 두고 역대 정권의 통신비 인하 유도 정책이 통신비 오름세를 막지 못했다는 분석이 나온다. 과거 이명박 정부는 '통신비 20% 절감', 박근혜 정부는 '가입비 폐지, 데이터 중심 요금제 전환', 문재인 정부는 '통신기본료 폐지' 및 '선택약정할인율 인상' 등으로 통신비 인하를 유도했고, 윤석열 정부는 '5G 중저가 요금제 유도'를 정책 과제로 내세운 바 있다.""일본, 제4이통사가 3만 원 안 되는 '무제한 5G' 출시""이훈기 의원은 ""일본의 경우 지난해 라쿠텐 모바일이라는 제4 이동통신사업자가 3만 원도 안 되는 가격(세금포함 3168엔)으로 '속도 저하 없는 무제한 5G' 상품을 출시했다""며 ""우리도 통신비 인하를 위해 제4 이동통신을 적극 도입해야 한다""라고 촉구했다. 한국에선 '무제한 5G 요금'으로 최소 7만5000원 이상을 지불해야 하는 것과 대비된다는 지적이다.이 의원은 ""라쿠텐 모바일이 저렴한 가격을 내놓을 수 있었던 이유는 후발주자로서 저렴한 상품을 적극 개발한 것""이라고 진단했다. 그러면서 ""일본은 기존 통신사들이 여기에 자극 받아 일제히 요금을 내리고 있는 추세로, 우리도 제4 이동통신을 적극 도입해야 한다""라며 ""국민들의 통신비 절감을 위해 실질적이고 현실적인 공모를 실시해야 한다""고 주장했다.제4 이동통신은 국내 이동통신 3사(KT·SKT·LGU+) 외에 별도의 통신사업자를 허가하자는 것으로, 국내에서 여덟 차례 사업자 공모를 추진했으나 사업자 자금 부족 등에 따라 실패로 돌아간 바 있다.5G보다 느리고 비싼 LTE 요금제 이용하는 소비자들이런 가운데 이통 3사가 5G 요금제보다 느리고 데이터 제공량은 적은 LTE 요금제를 사실상 폐지하면서 이용자들에게는 이를 고지하지 않았다는 지적도 같은날 제기됐다.최수진 국민의힘 의원실(과방위)은 과학기술정보통신부가 제출한 '국내 이동통신사 3사 LTE 요금제 관련 자료'를 분석한 결과, LTE 요금제 235종 중 절반이 넘는 134종(57%)이 폐지됐다며 이같이 밝혔다. 올해 초 신규가입이 중단된 LTE 요금제는 이통사별로 △SKT 63종 중 36종 △KT 88종 중 46종 △LGU+ 84종 중 52종 등이다.그러나 이통 3사들이 LTE 요금제 이용자들에게 개별 고지나 안내를 하지 않아 상당수가 여전히 느리고 비싼 요금제를 쓰고 있을 것으로 분석됐다. 현행 전기통신사업법은 특정 기술 종료로 이용자가 해당 서비스를 사용할 수 없게 되면 서비스 종료 예정일 60일 이전에 이용자에게 고지하도록 규정하는데, 이통사들이 홈페이지에 올리는 식으로 소극적 공지만 했다는 지적이다. 실제 LTE 요금제 절반 이상이 폐지된 이후 LTE 요금제 이용자 수는 지난해 1300만 명에서 올해 상반기 1150만 명으로 150만 명이 감소하는 데 그쳤다.최수진 의원은 ""이통3사가 일부 고가의 불합리한 LTE 요금제의 신규 가입만 중단하고 있고, 해당 바가지 요금을 이용 중인 기존 고객들에게는 개별고지를 하지 않고 있다""라며 ""현재 이통사들은 개별 요금제 이용 가입자 현황을 영업기밀이라며 밝히지 않고 있고, 과기부도 적극적인 이용자 고지업무와 관련 손을 놓고 있는 상황인 만큼 소비자 보호를 위한 적극적인 제도 방안을 마련할 필요가 있다""고 했다."
https://n.news.naver.com/mnews/article/366/0001113808?sid=105,2025-10-13 06:02:08,IT/과학,"“아이폰17, 출고가 50~70% 보상 약속 속지 마세요”… 중고 단말 보상률 계산해봤더니","아이폰17 프로맥스 중고폰 보상 프로그램 분석SK텔레콤 41.6%·KT 38%·LGU+47.9% 최대 보상김장겸 의원 “불완전 판매이자 과대광고”그래픽=손민균통신 업계가 “신규 개통한 아이폰17을 2년 후 반납하면, 출고가의 최대 50~70%를 보상해준다”는 중고폰 반납 프로그램이 실제로는 최대 40% 전후의 보상만 제공해 불완전 판매, 허위광고라는 지적이 제기되고 있다. 최대 40% 전후의 보상은 기기가 손상되지 않을 경우라 실제 보상금액은 더 작은 게 현실이다.13일 조선비즈가 통신 3사의 ‘아이폰17 프로맥스’ 중고폰 반납 프로그램을 분석한 결과, 최대 50% 보상이라고 광고한 KT의 실제 보상률은 최대 38%에 불과했다. 최대 70%를 보상해주겠다고 광고한 SK텔레콤과 LG유플러스 역시 실제 최대 보상률은 각각 41.6%, 47.9%에 그쳤다. 이처럼 광고상의 수치와 실제 보상률의 차이가 생기는 것은 중고폰 반납 프로그램을 이용할 경우 가입자에게 부가서비스 명목으로 매달 일정 금액의 ‘월 이용료’를 받기 때문이다. 따라서 월 이용료를 제외한 금액이 실제 최대 보상금액인 셈이다.한 SK텔레콤 대리점에서 아이폰17 시리즈에 대해 'T즉시보상' 중고폰 보상 프로그램을 통해 70% 할인 받을 수 있다고 광고하고 있는 모습./안상희 기자구체적으로 살펴보면 SK텔레콤은 아이폰17에 대해 ‘T즉시보상’ 중고폰 보상 프로그램 가입을 이달 31일까지 받고 있다. 안내에는 “상품에 가입하고 25~26개월 차에 단말을 반납해 기기를 변경하면 출고가의 최대 70% 보상 혜택을 제공한다”고 적혀있다. 하지만, 해당 프로그램의 아이폰17 프로맥스 월 이용료는 2만4700원이다. 출고가의 최대 70%가 아닌 출고가의 70%에서 고객이 24개월간 부담하는 총 59만2800원 상당의 월 이용료를 뺀 금액이 실제 최대 보상금액이다. 이를 감안하면 출고가의 41.6%가 최대 보상률인 셈이다.KT의 경우 다음 달 29일까지 아이폰17 시리즈에 대해 ‘미리보상 프로그램’ 가입을 받고 있다. KT는 “24개월 사용 후 반납과 기기변경 조건으로 출고가의 50% 할인이 바로 적용된다”고 광고한다. 하지만 해당 프로그램에 가입한 아이폰17 프로맥스 고객이 매월 내는 1만500원, 즉 24개월간 총 25만2000원의 금액은 감안하지 않은 것이다. 실제 최대 보상률은 38%인 셈이다.LG유플러스는 연말까지 “아이폰17 프로맥스를 구매하고 24개월 동안 사용한 다음 반납하면 반납 시점에 따라 구매 당시 출고가의 최대 70%를 보상받을 수 있다”며 중고폰 반납프로그램 ‘70% 보상패스’를 광고한다. 해당 서비스의 아이폰17 프로맥스 월 이용료는 1만9250원, 24개월간 총 46만2000원을 감안하면 실제 최대 보상률은 47.9%이다.고가 요금제를 이용할 경우 반납 보상 프로그램 할인이 결합된 경우도 있다. SK텔레콤의 경우 10만9000원짜리 5GX 프리미엄 이상 요금제를 선택한 고객에게 월 이용료의 50%를 할인해 준다. LG유플러스의 경우 10만5000원짜리 70% 보상패스 5G 프리미어 플러스 이상 요금제를 선택한 고객에게 중고폰 보상 프로그램 월 이용료의 20%(3850원)를 할인해 준다. 다만, 24개월간 고가요금제를 써야 요금제 할인 혜택을 제공한다.통신사가 중고폰 반납프로그램을 운영하는 이유는 단통법 폐지 이후 보조금을 쏟아부을 정도로 마케팅 여력이 크지 않은 상황에서 수익성 높은 프리미엄 단말기와 요금제 수요를 높이기 위해서다.국회 과학기술정보방송통신위원회 소속 김장겸 국민의힘 의원은 “통신사들이 고객들에게 실질적으로 제공하는 보상률을 제대로 안내하지 않는 것은 불완전 판매이자 과대광고로 소비자 기만행위”라며 “관계 당국은 실태 점검에 착수할 필요가 있다”고 말했다.전선애 법무법인 로앤탑 대표 변호사는 “고객이 납부하는 금액을 제외한 실질 보상률이 아닌 출고가만을 기준으로 표기한 보상률은 과장광고로 볼 오해의 소지가 충분히 있다”며 “통신사의 불완전 판매나 허위·과장광고의 경우, 손해배상 책임과 행정적 제재가 부과될 수 있다”고 말했다."
https://n.news.naver.com/mnews/article/008/0005261486?sid=105,2025-10-13 09:00:00,IT/과학,"LGU+, 대전 소상공인 손잡고 '빵지순례' 관광객 이벤트","/사진=LG유플러스LG유플러스가 오는 11월 2일까지 대전 '빵지순례' 관광객을 대상으로 소상공인 연계 프로모션을 진행한다.대전 '성심당' 빵 보관소인 '으능이랑 성심이랑 상생센터 대흥점'을 방문해 익시오 공식 영상을 시청하거나 앱을 설치한 후 현장 직원에게 인증하면 빵보관소 4시간 무료 이용권과 상생 매장 12곳에서 사용할 수 있는 3000원권 2장을 증정한다. 참여 매장은 현장에 비치된 QR코드를 통해 '빵모았당' 이벤트 페이지에서 확인할 수 있다. 쿠폰 수령은 11월2일까지, 사용은 11월30일까지 가능하다.LG유플러스는 대흥동 상생 매장 스탬프 투어도 운영한다. 상생 매장 12곳을 방문해 스탬프를 3개 이상 적립시 서울우유 미니팩 1팩을 증정한다. 스탬프는 매장을 방문하는 것만으로도 적립할 수 있다.LG유플러스는 대전을 시작으로 전국 소상공인과 협업해 지역 상생을 도울 수 있는 다양한 프로모션을 기획하고 있다.김다림 LG유플러스 IMC 담당은 ""가을을 맞아 대전으로 빵지순례를 오는 관광객과 소상공인분들께 도움이 될 수 있어 기쁘다""며 ""앞으로도 지역 관광객에게 맞는 차별화된 프로모션으로 지역 활성화에 기여할 수 있도록 고민하겠다""고 말했다."
https://n.news.naver.com/mnews/article/003/0013529992?sid=105,2025-10-13 09:00:00,IT/과학,"LGU+, 대전 소상공인 지원 위해 '빵지순례' 관광객 끌어모은다","대전 대흥동 일대 빵집 12곳과 지역 특색 프로모션 진행익시오 설치 등 인증하면 빵보관소 이용권·빵집 쿠폰 증정[서울=뉴시스]LG유플러스가 대전을 방문한 관광객들 대상으로 지역 특색 살린 프로모션을 진행해, 소상공인을 돕는다고 13일 밝혔다. 사진은 으능이랑 성심이랑 상생센터에서 직원이 익시오 서비스를 안내하는 모습. (사진=LG유플러스 제공)[서울=뉴시스]윤현성 기자 = LG유플러스는 대전을 방문한 관광객을 대상으로 지역 특색을 살린 프로모션을 진행해 소상공인을 지원한다고 13일 밝혔다. 이번 프로모션은 11월2일까지 3주간 대전 중구 대흥동 일대에서 진행된다.이번 프로모션은 지난 8월에 이어 두 번째다. 대전의 랜드마크인 성심당을 중심으로 발전한 '빵지순례' 관광객을 대상으로 한다. 프로모션에는 대흥동 일대에 위치한 상생 매장 빵집 12곳과 빵보관소인 '으능이랑 성심이랑 상생센터'가 참여한다.참여 방법은 으능이랑 성심이랑 상생센터 대흥점을 방문해 익시오 공식 영상을 시청하거나 앱을 설치한 뒤 현장 직원에게 인증하면 된다. LG유플러스의 대표 AI 통화 앱인 익시오는 통화 녹음 및 요약, 보이스피싱 탐지 기능을 탑재하고 있다.영상 시청을 인증한 모든 방문객에게는 빵보관소 4시간 무료 이용권과 상생 매장 12곳에서 사용할 수 있는 3000원권 2장을 증정한다. 쿠폰과 참여 매장은 현장에 비치된 QR코드를 통해 '빵모았당' 이벤트 페이지에서 확인할 수 있으며, 즉시 사용 가능하다. 쿠폰 수령 기간은 11월2일까지이며 사용은 11월30일까지 가능하다.LG유플러스는 빵지순례 관광객을 대상으로 대흥동 상생 매장 스탬프 투어도 운영한다. 참여 방법은 상생 매장 12곳을 방문해 현장에 비치된 QR코드를 통해 빵모았당 이벤트 페이지에서 스탬프를 적립하면 된다. 스탬프는 매장에서 결제하지 않아도 방문만으로 적립 가능하다. 스탬프를 3개 이상 적립한 모든 참여자에게는 서울우유 미니팩 1팩을 증정한다.LG유플러스는 대전을 시작으로 전국 소상공인과 협업해 지역 상생을 도울 수 있는 다양한 프로모션을 기획하고 있다. 앞으로도 지역 특색을 살린 프로모션을 통해 소상공인과 고객이 원하는 가치를 전달할 수 있도록 노력할 예정이다.김다림 LG유플러스 IMC 담당은 ""가을을 맞아 대전으로 빵지순례를 오는 관광객과 소상공인분들께 도움이 될 수 있어 기쁘다""며 ""앞으로도 지역 관광객에게 맞는 차별화된 프로모션으로 지역 활성화에 기여할 수 있도록 고민하겠다""고 말했다."
https://n.news.naver.com/mnews/article/014/0005418091?sid=105,2025-10-13 09:01:15,IT/과학,"LG U+, 대전 빵지순례 관광객 겨냥 프로모션.. 소상공인 지원","으능이랑 성심이랑 상생센터에서 직원이 익시오 서비스를 안내하는 모습. LG유플러스 제공LG유플러스는 대전을 방문한 관광객을 대상으로 지역 특색을 살린 프로모션을 진행해 소상공인을 지원한다고 13일 밝혔다. 이번 프로모션은 다음달 2일까지 3주간 대전 중구 대흥동 일대에서 진행된다.이번 프로모션은 지난 8월에 이어 두 번째로, 대전의 랜드마크인 ‘성심당’을 중심으로 발전한 ‘빵지순례’ 관광객을 대상으로 한다. 프로모션에는 대흥동 일대에 위치한 상생 매장 빵집 12곳과 빵보관소인 ‘으능이랑 성심이랑 상생센터’가 참여한다.참여 방법은 ‘으능이랑 성심이랑 상생센터 대흥점’을 방문해 익시오 공식 영상을 시청하거나 앱을 설치한 뒤 현장 직원에게 인증하면 된다. 익시오는 LG유플러스의 대표 AI 통화 앱으로, 통화 녹음 및 요약, 보이스피싱 탐지 기능을 탑재하고 있다.영상 시청을 인증한 모든 방문객에게는 빵보관소 4시간 무료 이용권과 상생 매장 12곳에서 사용할 수 있는 3000원권 2장을 증정한다. 쿠폰과 참여 매장은 현장에 비치된 QR코드를 통해 ‘빵모았당’ 이벤트 페이지에서 확인할 수 있으며 즉시 사용 가능하다. 쿠폰 수령 기간은 내달 2일까지이며 사용은 같은달 30일까지 가능하다.LG유플러스는 빵지순례 관광객을 대상으로 대흥동 상생 매장 스탬프 투어도 운영한다. 참여 방법은 상생 매장 12곳을 방문해 현장에 비치된 QR코드를 통해 ‘빵모았당’ 이벤트 페이지에서 스탬프를 적립하면 된다. 스탬프는 매장에서 결제하지 않아도 방문만으로 적립 가능하다. 스탬프를 3개 이상 적립한 모든 참여자에게는 서울우유 미니팩 1팩을 증정한다.김다림 LG유플러스 IMC 담당은 “가을을 맞아 대전으로 빵지순례를 오는 관광객과 소상공인분들께 도움이 될 수 있어 기쁘다”며 “앞으로도 지역 관광객에게 맞는 차별화된 프로모션으로 지역 활성화에 기여할 수 있도록 고민하겠다”고 말했다."
https://n.news.naver.com/mnews/article/016/0002540678?sid=105,2025-10-13 09:01:20,IT/과학,"지역맞춤형 프로모션 진행…LGU+, 소상공인 돕는다","대전 빵집 12곳, ‘으능이랑 성심이랑 상생센터’ 참여익시오 영상 시청 시 빵보관소 4시간 이용권 및 3천원권 증정상생 매장 스탬프 투어 운영…”고객 맞춤형 혜택 전달”으능이랑 성심이랑 상생센터에서 직원이 익시오 서비스를 안내하고 있다. [LG유플러스 제공][헤럴드경제=고재우 기자] LG유플러스는 대전을 방문한 관광객들 대상으로 지역맞춤형 프로모션을 통해 소상공인 지원에 나선다고 13일 밝혔다.해당 프로모션은 11월 2일까지 3주간 대전 중구 대흥동 일대에서 빵지순례 관광객들을 대상으로 진행된다. 상생 매장 빵집 12곳과 빵보관소인 ‘으능이랑 성심이랑 상생센터’ 등이 참여한다.참여 방법은 으능이랑 성심이랑 상생센터 대흥점을 방문해 익시오 공식 영상 시청 및 설치 후, 현장 직원에게 보여주면 된다. 익시오는 LG유플러스의 대표 인공지능(AI) 통화 앱으로 통화 녹음 및 요약, 보이스피싱 탐지 기능 등을 탑재하고 있다.시청을 인증한 모든 방문객은 빵보관소 4시간 무료 이용권, 상생 매장 12곳 쿠폰 3000원권 두 장 등을 받을 수 있다. 받은 쿠폰과 참여 매장은 현장에 비치된 안내 QR을 통해 빵모았당 이벤트 페이지에서 확인 가능하다. 수령 기간은 11월 2일까지고, 사용은 11월 30일까지 가능하다.아울러 LG유플러스는 빵지순례를 도는 관광객들 대상으로 대흥동 상생 매장 스탬프 투어도 진행한다.투어 참여 방법은 상생 매장 12곳을 방문 후, 현장에 비치된 안내 QR을 통해 빵모았당 이벤트 페이지에서 스탬프를 찍으면 된다. 스탬프는 방문만으로도 적립이 가능하다. 스탬프 세 개 이상 적립 시, 참여한 모두에게 서울우유 미니팩 1팩이 주어진다.김다림 LG유플러스 IMC 담당은 “가을을 맞아 대전으로 빵지순례 오는 관광객들과 소상공인분들에게 도움을 드릴 수 있어 기쁘다”며 “앞으로도 지역 관광객들에게 맞는 차별화된 프로모션으로 지역 활성화에 도움을 드리기 위해 고민하겠다”고 말했다.한편 LG유플러스는 대전을 시작으로, 전국 소상공인들과 협업해 지역 상생을 도울 수 있는 다양한 프로모션을 기획하고 있다."
https://n.news.naver.com/mnews/article/001/0015673258?sid=105,2025-10-13 09:08:37,IT/과학,"[테크스냅] SKT, 자급제 서비스 '에어' 개통 시작","LGU+, 지역 특색 살린 소상공인 지원 프로모션▲ SK텔레콤이 자급제 전용 통신 서비스 '에어(air)' 앱을 13일 오전 10시부터 애플 앱스토어와 구글 플레이스토어에서 다운로드 받을 수 있다고 밝혔다. SKT는 에어 출시에 맞춰 신규 가입자를 대상으로 6개월 동안 가입 요금제에 따라 매달 최대 3만2천포인트를 주는 보너스팩 이벤트 등 혜택을 마련했다.SKT, 자급제 서비스 '에어'[SKT 제공. 재판매 및 DB 금지]▲ LG유플러스는 대전 '빵지순례' 관광객을 대상으로 빵 보관소 4시간 무료 이용권과 상생 매장 12곳에서 사용할 수 있는 3천원권 쿠폰 2장을 증정한다. 빵지순례 관광객을 대상으로 대흥동 상생 매장 스탬프 투어를 기획해 스탬프를 3개 이상 적립한 참여자에게 서울우유 미니팩을 증정한다. LG유플러스는 대전을 시작으로 전국 소상공인과 협업해 지역 상생을 도울 수 있는 다양한 프로모션을 기획하고 있다. (서울=연합뉴스)LG유플러스, 대전서 빵지순례객 대상 상생 이벤트[LG유플러스 제공. 재판매 및 DB 금지]"
https://n.news.naver.com/mnews/article/031/0000971010?sid=105,2025-10-13 09:20:06,IT/과학,"LGU+, 소상공인 돕는다⋯지역맞춤형 프로모션 진행","대전 대흥동 일대 빵집 12곳, '으능이랑 성심이랑 상생센터' 참여LG유플러스(대표 홍범식)는 대전 관광객을 대상으로 지역 특색을 살린 프로모션을 진행해 소상공인을 지원한다고 13일 밝혔다.으능이랑 성심이랑 상생센터에서 직원이 익시오 서비스를 안내하는 모습. [사진=LGU+]프로모션은 오는 11월2일까지 3주간 대전 중구 대흥동 일대에서 진행된다. 대전 랜드마크인 성심당을 중심으로 발전한 빵지순례 관광객을 대상으로 한다. 프로모션에는 대흥동 일대에 위치한 상생 매장 빵집 12곳과 빵보관소인 으능이랑 성심이랑 상생센터가 참여한다.참여 방법은 으능이랑 성심이랑 상생센터 대흥점을 방문해 익시오 공식 영상을 시청하거나 앱을 설치한 후, 현장 직원에게 인증하면 된다. 익시오는 LG유플러스의 대표 AI 통화 앱으로 통화 녹음 및 요약, 보이스피싱 탐지 기능을 탑재하고 있다.영상 시청을 인증한 모든 방문객에게 빵보관소 4시간 무료 이용권과 상생 매장 12곳에서 사용할 수 있는 3천 원권 2장을 증정한다. 쿠폰과 참여 매장은 현장에 비치된 QR코드를 통해 빵모았당 이벤트 페이지에서 확인할 수 있다. 즉시 사용 가능하다. 쿠폰 수령 기간은 11월2일까지다. 사용은 11월30일까지 가능하다.LG유플러스는 빵지순례 관광객을 대상으로 대흥동 상생 매장 스탬프 투어도 운영한다. 상생 매장 12곳을 방문해 현장에 비치된 QR코드를 통해 빵모았당 이벤트 페이지에서 스탬프를 적립하면 된다. 스탬프는 매장에서 결제하지 않아도 방문만으로 적립 가능하다. 스탬프를 3개 이상 적립한 모든 참여자에게는 서울우유 미니팩 1팩을 증정한다.김다림 LG유플러스 IMC 담당은 ""가을을 맞아 대전으로 빵지순례를 오는 관광객과 소상공인분들께 도움이 될 수 있어 기쁘다""며 ""지역 관광객에게 맞는 차별화된 프로모션으로 지역 활성화에 기여할 수 있도록 고민하겠다""고 말했다."
https://n.news.naver.com/mnews/article/421/0008533403?sid=105,2025-10-13 09:29:24,IT/과학,"익시오 인증하고 '성심당' 빵 먹자…LGU+, 소상공인 지원","(LG유플러스 제공)(서울=뉴스1) 나연준 기자 = LG유플러스(032640)는 대전의 랜드마크 중 하나인 '성심당'을 비롯한 주변 빵집 12곳에서 사용할 수 있는 쿠폰 등을 제공하는 소상공인 지원 프로모션을 실시한다고 13일 밝혔다.이번 프로모션에는 성심당을 비롯해 대전 대흥동 일대의 상생 매장 빵집 12곳, 빵보관소인 '으능이랑 성심이랑 상생센터'가 참여하고 11월 2일까지 진행된다.참여 방법은 '으능이랑 성심이랑 상생센터 대흥점'을 방문해 익시오 공식 영상을 시청하거나 앱을 설치한 후 현장 직원에게 인증하면 된다. 익시오는 LG유플러스의 대표 AI 통화 앱으로, 통화 녹음 및 요약, 보이스피싱 탐지 기능을 탑재하고 있다.영상 시청을 인증한 모든 방문객에게는 빵보관소 4시간 무료 이용권과 상생 매장 12곳에서 사용할 수 있는 3000원권 2장을 증정한다. 쿠폰과 참여 매장은 현장에 비치된 QR코드를 통해 '빵모았당' 이벤트 페이지에서 확인할 수 있고 즉시 사용 가능하다. 쿠폰 수령 기간은 11월 2일까지이며 사용은 11월 30일까지 가능하다.LG유플러스는 빵지순례 관광객을 대상으로 대흥동 상생 매장 스탬프 투어도 운영한다. 현장에 비치된 QR코드를 통해 '빵모았당' 이벤트 페이지에서 스탬프를 적립하면 된다. 스탬프는 매장에서 결제하지 않아도 방문만으로 적립 가능하다. 스탬프를 3개 이상 적립한 모든 참여자에게는 서울우유 미니팩 1팩을 증정한다.김다림 LG유플러스 IMC 담당은 ""앞으로도 지역 관광객에게 맞는 차별화된 프로모션으로 지역 활성화에 기여할 수 있도록 고민하겠다""고 말했다."
https://n.news.naver.com/mnews/article/138/0002206710?sid=105,2025-10-13 09:32:09,IT/과학,"“대전 빵지순례 다녀볼까” LGU+, 소상공인 지원 행사 실시","ⓒLG유플러스[디지털데일리 오병훈기자] LG유플러스가 대전 성심당 일대를 중심으로 소상공인 지원 행사를 연다.LG유플러스(대표 홍범식)는 대전을 방문객을 대상으로 지역 특색을 살린 행사를 진행해 소상공인을 지원한다고 13일 밝혔다. 이번 행사는 다음달 2일까지 3주간 대전 중구 대흥동 일대에서 진행된다.이번 행사는 지난 8월에 이어 두번째로, 대전 랜드마크 ‘성심당’을 중심으로 발전한 ‘빵지순례’ 관광객을 대상으로 한다. 프로모션에는 대흥동 일대에 위치한 상생 매장 빵집 12곳과 빵보관소인 ‘으능이랑 성심이랑 상생센터’가 참여한다.참여 방법은 ‘으능이랑 성심이랑 상생센터 대흥점’을 방문해 LG유플러스 AI 서비스 ‘익시오(ixi-O)’ 공식 영상을 시청하거나 애플리케이션(이하 앱)을 설치한 후, 현장 직원에게 인증하면 된다. 익시오는 LG유플러스 대표 AI 통화 앱으로, 통화 녹음 및 요약, 보이스피싱 탐지 기능을 탑재하고 있다.영상 시청을 인증한 모든 방문객에게는 빵보관소 4시간 무료 이용권과 상생 매장 12곳에서 사용할 수 있는 3000원권 2장을 증정한다. 쿠폰과 참여 매장은 현장에 비치된 QR코드를 통해 ‘빵모았당’ 행사 페이지에서 확인할 수 있으며, 즉시 사용 가능하다. 쿠폰 수령 기간은 다음달 2일까지이며, 사용은 같은달 30일까지 가능하다.LG유플러스는 빵지순례 관광객을 대상으로 ‘대흥동 상생 매장 스탬프 투어’도 진행한다. 참여 방법은 상생 매장 12곳을 방문해 현장에 비치된 QR코드를 통해 ‘빵모았당’ 행사 페이지에서 스탬프를 적립하면 된다. 스탬프는 매장에서 결제하지 않아도 방문만으로 적립 가능하다. 스탬프를 3개 이상 적립한 모든 참여자에게는 서울우유 미니팩 1팩을 증정한다.김다림 LG유플러스 IMC 담당은 “앞으로도 지역 관광객에게 맞는 차별화된 프로모션으로 지역 활성화에 기여하겠다”고 말했다."
https://n.news.naver.com/mnews/article/029/0002986594?sid=105,2025-10-13 09:48:51,IT/과학,대전 빵투어 갈까…LGU+ ‘익시오’ 시청하면 빵보관소 이용,"LG유플러스가 대전을 방문한 관광객들 대상으로 지역 특색 살린 프로모션을 진행해, 소상공인을 돕는다고 13일 밝혔다. 사진은 으능이랑 성심이랑 상생센터에서 직원이 익시오 서비스를 안내하는 모습. LG유플러스 제공LG유플러스는 대전을 방문한 관광객을 대상으로 지역 특색을 살린 프로모션을 진행해 소상공인을 지원한다고 13일 밝혔다. 이번 프로모션은 11월 2일까지 3주간 대전 중구 대흥동 일대에서 진행된다.이 프로모션은 지난 8월에 이어 두 번째다. 대전의 랜드마크인 ‘성심당’을 중심으로 발전한 ‘빵지순례’ 관광객을 대상으로 한다. 프로모션에는 대흥동 일대에 위치한 상생 매장 빵집 12곳과 빵보관소인 ‘으능이랑 성심이랑 상생센터’가 참여한다.참여 방법은 ‘으능이랑 성심이랑 상생센터 대흥점’을 방문해 익시오 공식 영상을 시청하거나 앱을 설치한 후 현장 직원에게 인증하면 된다. 익시오는 LG유플러스의 인공지능(AI) 통화 앱으로, 통화 녹음 및 요약, 보이스피싱 탐지 기능을 탑재하고 있다.영상 시청을 인증한 모든 방문객에게는 빵보관소 4시간 무료 이용권과 상생 매장 12곳에서 사용할 수 있는 3000원권 2장을 증정한다. 쿠폰과 참여 매장은 현장에 비치된 QR코드를 통해 ‘빵모았당’ 이벤트 페이지에서 확인할 수 있으며, 즉시 사용 가능하다. 쿠폰 수령 기간은 11월 2일까지다. 사용은 11월 30일까지 가능하다.LG유플러스는 빵지순례 관광객을 대상으로 대흥동 상생 매장 스탬프 투어도 운영한다. 스탬프는 매장에서 결제하지 않아도 방문만으로 적립 가능하다. 스탬프를 3개 이상 적립한 모든 참여자에게는 서울우유 미니팩 1팩을 증정한다.김다림 LG유플러스 IMC 담당은 “앞으로도 지역 관광객에게 맞는 차별화된 프로모션으로 지역 활성화에 기여할 수 있도록 고민하겠다”고 말했다."
https://n.news.naver.com/mnews/article/092/0002393508?sid=105,2025-10-13 10:51:09,IT/과학,"LGU+ ""대전 빵지순례 스탬프 찍으세요""","익시오 인증 시 빵보관소 4시간 이용권 및 빵집 12곳 3천원권 증정LG유플러스는 대전을 방문한 관광객을 대상으로 지역 특색을 살린 프로모션을 진행해 소상공인을 지원한다고 13일 밝혔다. 이번 행사는 11월2일까지 3주간 대전 중구 대흥동 일대에서 진행된다.이번 행사는 지난 8월에 이어 두 번째로, 대전의 랜드마크인 ‘성심당’을 중심으로 발전한 ‘빵지순례’ 관광객을 대상으로 한다. 대흥동 일대에 위치한 상생 매장 빵집 12곳과 빵보관소인 ‘으능이랑 성심이랑 상생센터’가 참여한다.참여 방법은 ‘으능이랑 성심이랑 상생센터 대흥점’을 방문해 익시오 공식 영상을 시청하거나 앱을 설치한 후, 현장 직원에게 인증하면 된다. 익시오는 LG유플러스의 대표 AI 통화 앱으로, 통화 녹음 및 요약, 보이스피싱 탐지 기능을 탑재하고 있다.영상 시청을 인증한 모든 방문객에게는 빵보관소 4시간 무료 이용권과 상생 매장 12곳에서 사용할 수 있는 3천원권 2장을 증정한다. 쿠폰과 참여 매장은 현장에 비치된 QR코드를 통해 ‘빵모았당’ 이벤트 페이지에서 확인할 수 있으며, 즉시 사용 가능하다. 쿠폰 수령 기간은 11월 2일까지이며, 사용은 11월 30일까지 가능하다.LG유플러스는 빵지순례 관광객을 대상으로 대흥동 상생 매장 스탬프 투어도 운영한다. 참여 방법은 상생 매장 12곳을 방문해 현장에 비치된 QR코드를 통해 ‘빵모았당’ 이벤트 페이지에서 스탬프를 적립하면 된다. 스탬프는 매장에서 결제하지 않아도 방문만으로 적립 가능하다. 스탬프를 3개 이상 적립한 모든 참여자에게는 서울우유 미니팩 1팩을 증정한다.이와 함께 LG유플러스는 대전을 시작으로 전국 소상공인과 협업해 지역 상생을 도울 수 있는 다양한 행사를 기획하고 있다.김다림 LG유플러스 IMC 담당은 “가을을 맞아 대전으로 빵지순례를 오는 관광객과 소상공인분들께 도움이 될 수 있어 기쁘다”며 “지역 관광객에게 맞는 차별화된 프로모션으로 지역 활성화에 기여할 수 있도록 고민하겠다”고 말했다."
https://n.news.naver.com/mnews/article/016/0002540893?sid=105,2025-10-13 11:20:25,IT/과학,"LGU+, 소상공인 돕는 지역맞춤형 프로모션","대전 대흥동 일대 빵집 12곳‘으능이랑 성심이랑 상생센터’에서 직원이 익시오 서비스를 안내하고 있다. [LG유플러스 제공]LG유플러스는 대전을 방문한 관광객들 대상으로 지역맞춤형 프로모션을 통해 소상공인 지원에 나선다고 13일 밝혔다.해당 프로모션은 다음달 2일까지 3주간 대전 중구 대흥동 일대에서 ‘빵지순례’ 관광객들을 대상으로 진행된다. 상생 매장 빵집 12곳과 빵보관소인 ‘으능이랑 성심이랑 상생센터’ 등이 참여한다. 참여 방법은 으능이랑 성심이랑 상생센터 대흥점을 방문해 익시오 공식 영상 시청·설치 후, 현장 직원에게 보여주면 된다. 익시오는 LG유플러스의 대표 인공지능(AI) 통화 애플리케이션으로 통화 녹음·요약, 보이스피싱 탐지 기능 등을 탑재하고 있다.시청을 인증한 모든 방문객은 빵보관소 4시간 무료 이용권, 상생 매장 12곳 쿠폰 3000원권 두 장 등을 받을 수 있다. 받은 쿠폰과 참여 매장은 현장에 비치된 안내 QR을 통해 빵모았당 이벤트 페이지에서 확인 가능하다.아울러 LG유플러스는 빵지순례를 도는 관광객들 대상으로 대흥동 상생 매장 스탬프 투어도 진행한다.김다림 LG유플러스 IMC 담당은 “앞으로도 지역 관광객들에게 맞는 차별화된 프로모션으로 지역 활성화에 도움을 드리기 위해 고민하겠다”고 말했다. 고재우 기자"
https://n.news.naver.com/mnews/article/030/0003358334?sid=100,2025-10-13 14:04:18,정치,"[2025국정감사]〈단독〉통신3사, 인구소멸지역에도 대리점 설치한다…통신 기본권 향상 전망","SK텔레콤 유심칩 해킹 사태가 촉발한 통신사 보조금 경쟁이 치열해지고 있다. 주말 서울 시내 한 이동통신사 대리점 앞을 지나는 시민들. 김민수기자 mskim@etnews.comSK텔레콤과 KT, LGU+ 등 통신3사가 전국 226개 모든 기초자치단체에 대리점을 설치한다. 이에 따라 고령 인구가 많은 인구 소멸지역 거주자들의 통신 서비스 접근권도 대거 향상될 것으로 전망된다. 유심 해킹 등 통신 관련 사건이 발생하더라도 가까운 대리점에서 이를 처리할 수 있는 길이 열리게 된 셈이다.국회 농림축산식품해양수산위원회 소속 서삼석 민주당 국회의원이 SKT·KT·LGU+ 등으로부터 제출받은 자료에 따르면 통신 3사는 현재 대리점이 존재하지 않은 지자체에 차례대로 매장을 구축하겠다는 계획을 수립하고 시행에 나선다.앞서 유심 해킹 피해 발생 당시 인구소멸지역 등 일부 지자체에는 대리점이 없어 이용자들이 큰 불편을 겪은 바 있다. 대리점이 없는 지자체는 △KT 3곳 △SKT 5곳 △LG U+ 47곳 등이었다. 이후 정치권을 중심으로 비판의 목소리가 일었다. 특히 유심 해킹 사건 이후 인구소멸지역이나 고령자들의 통신 기본권이 침해됐다는 지적도 나왔다.결국 통신 3사는 자체 안을 마련하고 오는 2027년까지 순차적으로 대리점을 설치할 예정이다. 이를 위해 서 의원은 통신 3사와 여러 차례 간담회를 거치는 등 합의안 마련을 위해 힘을 쓴 것으로 전해졌다.우선 KT는 대리점이 없는 3개 기초단체에 대해 이르면 내년 중 매장을 구축한다는 계획이다. SKT는 2026년 3월 도서 지역인 전남 신안군에 대리점을 설치하는 것을 시작으로 2027년 상반기까지 나머지 네 곳에도 대리점을 마련한다. LGU+도 올해 말 신안군부터 설치를 시작해 2026년 상반기 21곳에 대리점을 구축할 계획이다. 아울러 나머지 25곳은 2027년까지 해소 방안을 마련하겠다는 입장을 밝혔다.서 의원은 “전기통신사업법에 따라 농어촌 역시 도시와 동일하게 공정한 통신서비스를 제공받을 권리가 있다”라며, “유심 해킹 사태를 계기로 뒤늦게 드러난 지역 간 서비스 불평등에 대해 국회의원으로서 무거운 책임감을 느낀다”고 말했다.이어 서 의원은 “이번 통신 3사의 결단을 환영하며, 앞으로도 농어촌 정주 여건 개선을 위해 끝까지 노력하겠다”고 덧붙였다."
https://n.news.naver.com/mnews/article/448/0000563096?sid=100,2025-10-13 14:45:20,정치,"與 이훈기 ""지하철 '공공 와이파이 속도' 제보 받습니다""","더불어민주당 이훈기 의원 / 사진 이훈기 의원실더불어민주당 과학기술정보통신방송위원회 이훈기 의원실은 지난해에 이어 올해도 '국민과 함께하는 국정감사' 캠페인을 전개한다.올해 주제는 '지하철 와이파이' 속도다. 지난해 국정감사에선 인천 지역 5G 속도가 실제 정부 측정치의 절반 밖에 되지 않는다는 결과를 발표했다.현재 지하철 와이파이는 정부나 지방자치단체가 설치비와 이용료를 일부 지원하고 있는 공공 와이파이 사업과는 달리 KT와 SKT·LGU+ 등 통신 3사 자율에 맡기고 있다.2023년 12월 정부가 ‘이음5G’ 형식으로 28GHz 대역을 사용하도록 사업자를 공모했지만 지원사가 한 곳도 나타나지 않으면서 발생한 현상이다.통신 3사는 각사 고객을 위해 지하철 와이파이 서비스를 제공하고 있지만 대부분 2.4GHz에 대응하는 기기를 사용하고 있고 때문에 복잡한 출퇴근 시간대에는 속도저하가 발생할 수 밖에 없다.이훈기 의원은 “지하철은 많은 시민들이 이용하지만 공공 와이파이 사업 혜택을 받지 못하고 있다”면서 “많은 민원이 발생하고 있는 만큼 대책을 요구하기 위한 실제 통신 속도 데이터를 시민들과 함께 모으고자 한다”고 취지를 밝혔다.지하철에서 와이파이 속도를 측정하려면 일단 와아파이 속도 측정 어플이나 앱을 다운받아야 한다. 그리고 자신의 핸드폰에서 데이터 통신을 끄고 와이파이만 켠채 자신이 이용하는 통신사 중계기를 연결하면 된다. 마지막으로 다운받은 어플이나 앱을 실행하면 업로드와 다운로드 속도를 알 수있다.이훈기 의원실은 ""이때 나오는 속도 화면을 캡처해 ▲날짜 ▲시간 ▲지하철 호선과 장소를 함께 작성해 제보 전용 전화(010-7359-1496)로 문자 전송하면 된다""고 안내했다."
https://n.news.naver.com/mnews/article/081/0003581732?sid=100,2025-10-13 18:11:11,정치,"[단독] 보이스피싱 긴급차단대책 엇박자?…‘자체 서비스’ SKT, 이용자 5% 빠진 이유는","정부, 10분 내 긴급 차단 제도 도입 발표KT·LGU+, 약관 반영…SKT, 부가서비스“SKT 비협조, 100만명 이상 사각지대 발생”김승원 “전 국민 보호 통신사 적극 협조 필요”보이스피싱 근절 종합대책 브리핑 - 윤창렬(가운데) 국무조정실장이 지난 8월 28일 서울 종로구 정부서울청사에서 열린 보이스피싱 근절 종합대책 관계부처 합동브리핑에서 발언하고 있다. 2025.8.28정부가 보이스피싱 근절 종합대책을 발표하면서 신고된 전화는 10분 이내에 임시 차단하는 긴급 차단 제도를 도입하겠다고 밝혔지만 실제 통신사의 협조 없이는 사각지대가 발생한다는 지적이 나온다.13일 국회 정무위원회 소속 더불어민주당 김승원 의원실이 경찰청으로부터 제출받은 자료에 따르면 KT와 LG유플러스는 약관 반영을 통한 전 가입자 긴급 차단 예정이지만, SK텔레콤은 부가서비스 형태의 차단 방식으로 긴급 차단을 도입할 예정이다.SK텔레콤은 2021년부터 경찰청에서 피싱 번호로 선별한 번호에 대해 긴급 차단과 같은 원리인 ‘망차단 서비스’를 부가서비스로 시행 중이다. SK텔레콤 전 고객 대상 기본으로 제공하는 무료 부가서비스이지만 해지 고객에 대한 사각지대 발생 가능성이 있을 수 있다는 것이다. 전 고객이 무료로 이용할 수 있는 서비스이지만, 해지할 경우 전혀 보호받을 수 없는 형태다. 김 의원실 관계자는 “SK텔레콤은 자사 가입자 중 약 5%가 해지했음을 확인했다”고 지적했다.통신 3사가 자사 망을 임차한 알뜰 통신사까지 긴급 차단하는 것은 기술적으로 가능하나 법적 근거는 없다는 지적도 나온다.경찰청은 다중피해사기방지법 제정, 통신사기피해환급법 개정 등 관련 법에 해당 조문을 신설해 법적 근거를 마련한다는 계획이지만 구체적인 입법까지는 다소 시간이 걸릴 전망이다.김승원 의원은 “나날이 커지는 보이스피싱 위협으로부터 국민 피해를 최소화할 수 있는 장치가 준비되고 있는데, SK텔레콤의 비협조로 100만명 이상의 사각지대가 발생하는 상황을 납득하기 어렵다”며 “전 국민 보호를 위한 통신사의 적극적인 협조가 필요하다”고 강조했다."
https://n.news.naver.com/mnews/article/008/0005262013?sid=105,2025-10-13 19:37:56,IT/과학,"'LGU+ 해킹' 배경훈 부총리 ""침해 정황만으로 조사하도록 제도 개선""","[2025 국정감사]배경훈 부총리 겸 과학기술정보통신부 장관이 13일 세종시 정부세종청사에서 열린 국회 과학기술정보방송통신위원회의 과학기술정보통신부에 대한 국정감사를 진행하며 위원들의 질의에 답변하고 있다. /사진=뉴스1배경훈 부총리 겸 과학기술정보통신부 장관은 13일 ""침해 신고가 없더라도 침해 정황이 확인되면 조사할 수 있도록 법적 제도 개선이 필요하다""고 밝혔다.배 부총리는 이날 국회 과학기술정보방송통신위원회 국정감사에서 박충권 국민의힘 의원이 ""북한 해커그룹 김수키 조직이 LG유플러스를 해킹한 정황이 있는데도, LG유플러스가 자체 조사 결과만 믿고 KISA(한국인터넷진흥원)에 신고하지 않았다""고 지적하자 이같이 답했다.박 의원은 ""화이트 해커 제보에 따르면 LG유플러스의 서버 9000여 개 정보와 4만 건의 개인정보, 170여 명의 직원 정보가 포함됐다""며 ""KISA도 해당 정황을 통보하고 신고를 권고했지만, LG유플러스는 자체 조사에서 해킹 정황이 없었다며 사실상 신고를 거부했다""고 주장했다. 그러면서 ""현행법은 기업의 자진신고가 없으면 민관 합동조사가 불가능한 취약점이 있어 기업이 이를 악용하는 것""이라고 전제한 뒤 ""부총리 말에 따라 LG유플러스가 결단을 내릴 수 있는 것 아니겠냐""면서 ""부총리를 믿고 버티는게 아니라면, LG유플러스가 반드시 신고해야 한다""고 강조했다."
https://n.news.naver.com/mnews/article/014/0005418725?sid=105,2025-10-14 09:01:09,IT/과학,"LG U+, 소아암 환아 사생대회 '화담숲 힐링 캔버스' 개최","지난 13일 경기 광주시 화담숲에서 열린 사생대회에 참여한 소아암 환아들이 그림을 그리고 있는 모습. LG유플러스 제공LG유플러스는 소아암 환아와 가족 86명에게 휴식과 추억을 선물하기 위해 경기 광주시 화담숲에서 사생대회 ‘화담숲 힐링 캔버스’를 열었다고 14일 밝혔다.이번 행사는 LG유플러스 사회공헌 활동 ‘아이드림챌린지’의 일환으로 진행됐다. 아이드림챌린지는 일반적인 교육 환경에서 소외되기 쉬운 아동에게 맞춤형 학습 프로그램을 제공해 교육권을 보장하고 건강한 성장을 지원하는 활동이다. 현재 소아암 환아, 군인 자녀 등을 대상으로 프로그램이 진행되고 있다.소아암 환아와 가족이 지난 13일 방문한 화담숲은 LG상록재단이 운영하는 16만5000㎡ 크기의 수목원으로 숲길을 따라 4000여종의 자생·도입식물을 만나볼 수 있는 곳이다. 소아암 환아들과 가족들은 오전에는 화담숲 전체를 순환하는 모노레일을 타고 전경을 둘러봤다. 또 자연생태관, 자작나무숲, 암석·하경정원 등 테마원을 함께 산책했다.점심 식사도 숲속에서 도시락으로 즐겼으며 식사를 마친 뒤에는 본격적인 사생대회가 열렸다. 주제는 ‘자연이 들려주는 이야기’로 오전에 진행한 화담숲 체험활동을 통해 느낀점을 자유롭게 표현하는 것이었다. 사생대회 이후 열린 시상식에서는 참여한 모든 아동에게 상을 수여해 자연 체험과 미술 활동을 통해 가족과 함께한 추억을 기념할 수 있도록 했다.박경중 LG유플러스 대외협력담당(상무)은 ""소아암 환아와 가족에게 자연 속에서 웃을 수 있는 시간을 선물하기 위해 이번 행사를 기획하게 됐다”며 “앞으로도 모든 아이들이 더 밝은 세상에서 살아가며 건강한 미래를 꿈꿀 수 있도록 기업의 사회적 책임을 다하겠다”고 말했다."
https://n.news.naver.com/mnews/article/003/0013532397?sid=105,2025-10-14 09:03:00,IT/과학,"LGU+, 소아암 환아와 함께하는 화담숲 사생대회 열어","LGU+ 아이드림챌린지 일환 사회공헌 활동[서울=뉴시스] LG유플러스는 소아암 환아와 가족 86명에게 휴식과 추억을 선물하기 위해 지난 13일 경기 광주시 화담숲에서 사생대회를 열었다. 사진은 사생대회에 참여한 소아암 환아들이 그림을 그리는 모습. (사진=LG유플러스 제공) 2025.10.14. photo@newsis.com *재판매 및 DB 금지[서울=뉴시스]박은비 기자 = LG유플러스는 지난 13일 소아암 환아와 가족 86명을 대상으로 경기 광주 화담숲에서 사생대회 '화담숲 힐링 캔버스'를 개최했다고 14일 밝혔다.이번 행사는 LG유플러스의 사회공헌 활동 아이드림챌린지 일환으로 진행됐다. 아이드림챌린지는 일반적인 교육 환경에서 소외되기 쉬운 아동에게 맞춤형 학습 프로그램을 제공하는 활동이다. 현재 소아암 환자, 군인 자녀 등을 대상으로 프로그램이 진행되고 있다.소아암 환아는 장기 치료와 입원으로 학습 결손이 있거나 외부 활동이 어려워 생태 체험 기회가 제한된다. 환아 가족도 지속적인 돌봄으로 지친 경우가 많다. 이에 LG유플러스는 온 가족에게 재충전할 수 있는 시간을 제공하기 위해 행사를 기획했다.화담숲은 LG상록재단이 운영하는 16만5000㎡ 크기의 수목원으로 숲길을 따라 4000여종의 자생·도입식물을 접할 수 있는 곳이다. 행사 참가자들은 오전에 화담숲 전체를 순환하는 모노레일을 타고 전경을 둘러보고 자연생태관, 자작나무숲, 암석·하경정원 등 테마원을 산책했다.오후에는 자연이 들려주는 이야기를 주제로 사생대회가 열렸다. 화담숲 체험활동에서 느낀 점을 자유롭게 표현한 뒤 시상식에서는 모든 아동에게 상을 수여해 가족들과 추억을 기념할 수 있게 했다.박경중 LG유플러스 대외협력담당(상무)은 ""소아암 환아와 가족에게 자연 속에서 웃을 수 있는 시간을 선물하기 위해 이번 행사를 기획하게 됐다""며 ""앞으로도 모든 아이들이 더 밝은 세상에서 살아가며 건강한 미래를 꿈꿀 수 있도록 기업의 사회적 책임을 다하겠다""고 말했다."
https://n.news.naver.com/mnews/article/029/0002986847?sid=105,2025-10-14 09:07:16,IT/과학,"LGU+, 소아암 환아 대상 화담숲 사생대회 개최","LG유플러스는 소아암 환아와 가족 86명을 대상으로 지난 13일 경기 광주시 화담숲에서 사생대회 '화담숲 힐링 캔버스'를 열었다고 14일 밝혔다.소아암 환아는 장기 치료와 입원으로 학습 결손이 발생할 가능성이 높고, 외부 활동이 어려워 생태 체험의 기회가 제한된다. 환아 가족도 지속적인 돌봄으로 피로가 누적되는 경우가 많다. 이에 LG유플러스는 온 가족에게 재충전을 할 수 있는 시간을 제공하고자 화담숲 사생대회를 기획했다.소아암 환아와 가족이 방문한 화담숲은 LG상록재단이 운영하는 16만5000㎡ 크기의 수목원으로 숲길을 따라 4000여종의 자생·도입식물을 만나볼 수 있다.소아암 환아들과 가족들은 화담숲을 돌아본 후 사생대회에 참가했다. 참가 아동 전원이 상을 받았다.박경중 LG유플러스 대외협력담당은 ""앞으로도 모든 아이들이 더 밝은 세상에서 살아가며 건강한 미래를 꿈꿀 수 있도록 기업의 사회적 책임을 다하겠다""고 말했다.김나인 기자 silkni@dt.co.krLG유플러스가 지난 13일 경기 광주 화담숲에서 연 소아암 환아 대상 사생대회에서 아이들이 그림을 그리고 있다. LG유플러스 제공"
https://n.news.naver.com/mnews/article/421/0008535861?sid=105,2025-10-14 09:08:21,IT/과학,"LGU+, 소아암 환아와 함께하는 화담숲 사생대회 개최","사회공헌 활동 '아이드림 챌린지' 일환(LG유플러스 제공)(서울=뉴스1) 나연준 기자 = LG유플러스(032640)는 소아암 환아와 가족 86명에게 휴식과 추억을 선물하기 위해 경기 광주시 화담숲에서 사생대회 '화담숲 힐링 캔버스'를 열었다고 14일 밝혔다.이번 행사는 LG유플러스의 사회공헌 활동 '아이드림챌린지'의 일환으로 진행됐다. 아이드림챌린지는 일반적인 교육 환경에서 소외되기 쉬운 아동에게 맞춤형 학습 프로그램을 제공해 교육권을 보장하고 건강한 성장을 지원하는 활동이다.소아암 환아와 가족이 13일 방문한 화담숲은 LG상록재단이 운영하는 16만 5000㎡ 크기의 수목원으로 숲길을 따라 4000여 종의 자생·도입식물을 만나볼 수 있는 곳이다.소아암 환아들과 가족들은 화담숲 전경을 둘러보고 '자연이 들려주는 이야기'를 주제로 열린 사생대회에 참여했다. 사생대회에 참가한 모든 아동에게 상을 수여해, 자연 체험과 미술 활동을 통해 가족과 함께한 추억을 기념할 수 있도록 했다.박경중 LG유플러스 대외협력담당(상무)은 ""앞으로도 모든 아이들이 더 밝은 세상에서 살아가며 건강한 미래를 꿈꿀 수 있도록 기업의 사회적 책임을 다하겠다""고 말했다."
https://n.news.naver.com/mnews/article/629/0000433519?sid=101,2025-10-14 09:12:09,경제,"LGU+, 소아암 환아 사생대회 '화담숲 힐링 캔버스' 개최","환아·가족 86명 초청해 자연 체험 제공사회공헌 활동 일환, 가족 재충전 시간 마련13일 경기 광주시 화담숲에서 열린 LG유플러스 소아암 환아 사생대회에 참여한 아이들이 그림을 그리고 있다. /LG유플러스LG유플러스는 소아암 환아와 가족 86명을 초청해 경기 광주시 화담숲에서 사생대회 '화담숲 힐링 캔버스'를 열었다고 14일 밝혔다.이번 행사는 LG유플러스의 사회공헌 프로그램 '아이드림챌린지'의 일환으로 마련됐다. 아이드림챌린지는 일반적인 교육 환경에서 소외되기 쉬운 아동에게 맞춤형 학습 프로그램을 제공해 교육권을 보장하고 건강한 성장을 돕는 활동이다. 현재 소아암 환아와 군인 자녀 등을 대상으로 운영 중이다.소아암 환아는 장기 치료와 입원으로 학습 결손이 생기기 쉽고 외부 활동 기회가 제한된다. 환아 가족 역시 지속적인 돌봄으로 피로가 누적되는 경우가 많다. LG유플러스는 이러한 가족들에게 휴식과 재충전의 기회를 제공하기 위해 이번 화담숲 사생대회를 기획했다.참가자들이 방문한 화담숲은 LG상록재단이 운영하는 16만5000㎡ 규모의 수목원으로 4000여 종의 자생식물과 도입식물을 보유하고 있다. 참가자들은 모노레일을 타고 숲 전경을 둘러본 뒤 자연생태관, 자작나무숲, 암석·하경정원 등 주요 테마원을 탐방했다.점심 식사는 숲속에서 도시락으로 즐겼으며, 이후 진행된 사생대회에서는 '자연이 들려주는 이야기'를 주제로 오전 체험에서 느낀 자연의 인상을 자유롭게 표현했다. 시상식에서는 참여한 모든 아동에게 상이 수여돼 가족과 함께한 추억을 기념했다.박경중 LG유플러스 대외협력담당은 ""소아암 환아와 가족이 자연 속에서 웃을 수 있는 시간을 선물하고자 이번 행사를 마련했다""며 ""모든 아이들이 밝고 건강한 미래를 꿈꿀 수 있도록 사회적 책임을 다하겠다""고 말했다.발로 뛰는 더팩트는 24시간 여러분의 제보를 기다립니다.▶카카오톡: '더팩트제보' 검색▶이메일: jebo@tf.co.kr▶뉴스 홈페이지: http://talk.tf.co.kr/bbs/report/write"
https://n.news.naver.com/mnews/article/031/0000971397?sid=105,2025-10-14 09:13:06,IT/과학,"LGU+, 소아암 환아 가족과 '화담숲 힐링 캔버스' 사생대회 개최","자연 체험·미술 활동 통해 가족에 쉼과 추억 선물LG유플러스는 13일 경기도 광주시의 화담숲에서 소아암 환아와 가족 86명을 초청해 사생대회 '화담숲 힐링 캔버스'를 진행했다.LG유플러스는 소아암 환아와 가족 86명에게 휴식과 추억을 선물하기 위해 지난 13일 경기 광주시 화담숲에서 사생대회를 열었다. [사진=LGU+]이번 행사는 LG유플러스의 사회공헌 활동 '아이드림챌린지'의 일환으로 마련됐다. 아이드림챌린지는 일반적인 교육 환경에서 소외되기 쉬운 아동을 위해 맞춤형 학습 프로그램을 제공, 교육권을 보장하고 건강한 성장을 지원하는 프로그램이다. 현재 소아암 환아와 군인 자녀 등을 대상으로 진행 중이다.소아암 환아는 장기 치료와 입원으로 인해 학습 결손 위험이 높고, 외부 활동 기회도 제한돼 생태 체험이 어려운 경우가 많다. 가족 역시 지속적인 돌봄으로 피로가 누적되는 경우가 많아, LG유플러스는 온 가족이 재충전할 수 있는 기회를 제공하고자 이번 사생대회를 기획했다.행사가 진행된 화담숲은 LG상록재단이 운영하는 16만5000㎡ 규모의 수목원이다. 참가자들은 화담숲을 순환하는 모노레일을 타고 숲 전경을 감상했으며, 자연생태관과 자작나무숲, 암석·하경정원 등 테마원을 산책하며 다양한 식물과 자연을 체험했다.점심 식사는 숲속에서 도시락으로 제공됐으며, 이후 본격적인 사생대회가 열렸다. ‘자연이 들려주는 이야기’를 주제로 참가 아동들은 오전 체험을 바탕으로 자연에서 느낀 감정을 그림으로 표현했다. 시상식에서는 참여한 모든 아동에게 상장을 수여해 자연과 미술을 통해 가족과의 소중한 추억을 기념했다.박경중 LG유플러스 대외협력담당(상무)은 ""소아암 환아와 가족이 자연 속에서 웃을 수 있는 시간을 보내도록 하기 위해 이번 행사를 기획했다""며 ""앞으로도 모든 아이들이 밝은 세상에서 건강한 미래를 꿈꿀 수 있도록 기업의 사회적 책임을 다하겠다""고 말했다."
https://n.news.naver.com/mnews/article/092/0002393678?sid=105,2025-10-14 10:10:10,IT/과학,"LGU+, 소아암 환아 가족과 '화담숲 사생대회' 열어","장기 치료·돌봄으로 지친 가족 위해 맞춤형 생태 체험·미술 활동 제공LG유플러스는 소아암 환아와 가족 86명에게 휴식과 추억을 선물하기 위해 경기 광주시 화담숲에서 사생대회 ‘화담숲 힐링 캔버스’를 열었다고 14일 밝혔다.이번 행사는 LG유플러스의 사회공헌 활동 ‘아이드림챌린지’의 일환으로 진행됐다. 아이드림챌린지는 일반적인 교육 환경에서 소외되기 쉬운 아동에게 맞춤형 학습 프로그램을 제공해 교육권을 보장하고 건강한 성장을 지원하는 활동이다. 현재 소아암 환아, 군인 자녀 등을 대상으로 프로그램이 진행되고 있다.소아암 환아는 장기 치료와 입원으로 학습 결손이 발생할 가능성이 높고, 외부 활동이 어려워 생태 체험의 기회가 제한된다. 소아암 환아 가족도 지속적인 돌봄으로 피로가 누적되는 경우가 많다. 이에 LG유플러스는 온 가족에게 재충전을 할 수 있는 시간을 제공하고자 화담숲 사생대회를 기획하게 됐다.소아암 환아와 가족이 지난 13일 방문한 화담숲은 LG상록재단이 운영하는 16만5천㎡ 크기의 수목원으로 숲길을 따라 4천여 종의 자생·도입식물을 만나볼 수 있는 곳이다.소아암 환아들과 가족들은 오전에는 화담숲 전체를 순환하는 모노레일을 타고 전경을 둘러봤다. 또 자연생태관, 자작나무숲, 암석·하경정원 등 테마원을 함께 산책했다.점심 식사도 숲속에서 도시락으로 즐겼으며, 식사를 마친 뒤에는 사생대회가 열렸다. 주제는 ‘자연이 들려주는 이야기’로 오전에 진행한 화담숲 체험활동을 통해 느낀 점을 자유롭게 표현하는 시간을 가졌다.박경중 LG유플러스 대외협력담당은 ""소아암 환아와 가족에게 자연 속에서 웃을 수 있는 시간을 선물하기 위해 이번 행사를 기획하게 됐다”며 “모든 아이들이 더 밝은 세상에서 살아가며 건강한 미래를 꿈꿀 수 있도록 기업의 사회적 책임을 다하겠다”고 말했다."
https://n.news.naver.com/mnews/article/660/0000094711?sid=100,2025-10-14 10:51:11,정치,"통신 3사, 전국 226개 지자체에 대리점 설치...서삼석 ""농어촌도 공정한 통신서비스 받아야"" [국정감사]","▲ 국회 농림축산식품해양수산위원회 서삼석 의원(더불어민주당·영암무안신안)통신 3사가 전국 226개 모든 기초자치단체에 대리점 설치 계획을 확정함에 따라 농어촌 등 지역에 따라 통신 대리점이 없어 불편을 겪는 일은 사라질 전망입니다.국회 농림축산식품해양수산위원회 서삼석 의원(더불어민주당·영암무안신안)이 SKT·KT·LGU+로부터 제출받은 공문에 따르면, 통신 3사는 대리점이 없는 지역에 대해 단계별로 매장 구축 계획을 세우고 순차적으로 설치를 진행하기로 했습니다.2027년까지 전국 대리점 설치 완료KT는 대리점이 없는 3개 지역에 2026년 중 매장을 구축할 계획입니다.SKT는 2026년 3월 신안군 설치를 시작으로 2027년 상반기까지 모든 지역 설치를 완료하고, LGU+는 2025년 12월부터 신안군에 설치를 시작해 2027년까지 47개 미설치 지역을 모두 해소한다는 방침입니다.서삼석 의원이 지난 11일 지적한 바에 따르면, 당시 대리점이 없는 지자체는 △KT 3곳 △SKT 5곳 △LGU+ 47곳이었습니다.이로 인해 유심 해킹 피해 발생 시, 주민들이 타 지역으로 이동해 유심을 교체해야 하는 불편이 지속돼 왔습니다.""유심 해킹 사태 계기로 지역 간 불평등 해소""▲ 자료이미지서 의원은 ""농어촌 역시 도시와 동일하게 공정한 통신서비스를 제공받을 권리가 있다""며, ""유심 해킹 사태를 계기로 드러난 지역 간 서비스 불평등 문제를 반드시 해소해야 한다""고 강조했습니다.또 ""통신 3사의 결단을 환영하며, 농어촌 정주 여건 개선을 위해 지속적으로 점검하겠다""고 밝혔습니다.유심 해킹 피해 이후 보안·지원 강화한편, 지난 4월 발생한 유심 해킹 사태로 약 2,696만 회선의 개인정보가 유출된 이후, SKT는 디지털 취약계층 대상 '찾아가는 유심 교체 서비스'를 5월부터 시행했습니다.또한 보이스피싱·스미싱 등 범죄 예방 교육 프로그램을 올해 12월까지 병행 추진할 계획입니다.이번 조치로 도시와 농어촌 간 통신 서비스 격차가 완화되고, 전국 어디서나 신속한 유심 교체와 고객 응대가 가능해질 것으로 기대됩니다.#통신사 #서비스 #대리점 #기초자치단체 #신안군 #서삼석 #국정감사 #전남"
https://n.news.naver.com/mnews/article/138/0002206846?sid=105,2025-10-14 11:06:08,IT/과학,"LGU+, 소아암 환아 대상 사생대회 “소외계층 지원 지속”","[ⓒLG유플러스][디지털데일리 오병훈기자] LG유플러스가 소아암 환아를 위한 지원 행사를 개최했다.LG유플러스는 소아암 환아와 가족 86명에게 휴식과 추억을 선물하기 위해 경기 광주시 화담숲에서 사생대회 ‘화담숲 힐링 캔버스’를 열었다고 14일 밝혔다.이번 행사는 LG유플러스 사회공헌 활동 ‘아이드림챌린지’ 중 하나로 진행됐다. 아이드림챌린지는 일반적인 교육 환경에서 소외되기 쉬운 아동에게 맞춤형 학습 프로그램을 제공해 교육권을 보장하고 건강한 성장을 지원하는 활동이다. 현재 소아암 환아, 군인 자녀 등을 대상으로 프로그램이 진행되고 있다.소아암 환아는 장기 치료와 입원으로 학습 결손이 발생할 가능성이 높고, 외부 활동이 어려워 생태 체험 기회가 제한된다. 소아암 환아 가족도 지속적인 돌봄으로 피로가 누적되는 경우가 많다. 이에 LG유플러스는 온 가족에게 재충전을 할 수 있는 시간을 제공하고자 화담숲 사생대회를 기획하게 됐다.소아암 환아와 가족이 지난 13일 방문한 화담숲은 LG상록재단이 운영하는 16만 5천제곱미터(㎡) 크기 수목원으로 숲길을 따라 4000여 종의 자생·도입식물을 만나볼 수 있는 곳이다.사생대회 이후 열린 시상식에서는 참여한 모든 아동에게 상을 수여해, 자연 체험과 미술 활동을 통해 가족과 함께한 추억을 기념할 수 있도록 했다.박경중 LG유플러스 대외협력담당(상무)은 “소아암 환아와 가족에게 자연 속에서 웃을 수 있는 시간을 선물하기 위해 이번 행사를 기획하게 됐다”며 “앞으로도 모든 아이들이 더 밝은 세상에서 살아가며 건강한 미래를 꿈꿀 수 있도록 기업의 사회적 책임을 다하겠다”고 말했다."
https://n.news.naver.com/mnews/article/016/0002541488?sid=105,2025-10-14 11:26:22,IT/과학,"LGU+, 소아암 환아와 ‘화담숲 사생대회’","장기 치료·입원 어린이 대상‘자연이 들려주는 이야기’ 주제사생대회에 참가한 소아암 환아들이 직접 그린 그림을 들고 있다. [LG유플러스 제공]LG유플러스는 소아암 환아와 가족 86명에게 휴식과 추억을 선물하기 위해 경기 광주시 화담숲에서 사생대회 ‘화담숲 힐링 캔버스’를 열었다고 14일 밝혔다.이번 행사는 LG유플러스의 사회공헌 활동 ‘아이드림챌린지’의 일환으로 진행됐다.아이드림챌린지는 일반적인 교육 환경에서 소외되기 쉬운 아동에게 맞춤형 학습 프로그램을 제공하는 활동이다. 현재 소아암 환아, 군인 자녀 등을 대상으로 프로그램이 진행 중이다.소아암 환아는 장기 치료와 입원으로 학습 결손이 발생할 가능성이 높다. 외부 활동이 어려워 생태 체험의 기회도 제한된다. 소아암 환아 가족도 지속적인 돌봄으로 피로가 누적되는 경우가 많다. 이에 LG유플러스는 온 가족에게 재충전할 수 있는 시간을 제공하고자 화담숲 사생대회를 기획했다.지난 13일 소아암 환아와 가족이 방문한 화담숲은 LG상록재단이 운영하는 16만5000㎡ 크기의 수목원이다. 숲길을 따라 약 4000종의 자생·도입 식물을 만나볼 수 있다.소아암 환아들과 가족들은 오전에는 화담숲 전체를 순환하는 모노레일을 타고 전경을 둘러봤다. 또 자연생태관, 자작나무숲, 암석·하경 정원 등 테마원을 함께 산책했다. 점심 식사는 숲속에서 도시락으로 즐겼다.식사를 마친 뒤에는 본격적인 사생대회가 열렸다. 주제는 ‘자연이 들려주는 이야기’였다. 사생대회 이후 열린 시상식에서는 참여한 모든 아동에게 상이 수여됐다.박경중 LG유플러스 대외협력담당(상무)은 “소아암 환아와 가족에게 자연 속에서 웃을 수 있는 시간을 선물하기 위해 이번 행사를 기획하게 됐다”며 “앞으로도 모든 아이들이 더 밝은 세상에서 살아가며 건강한 미래를 꿈꿀 수 있도록 기업의 사회적 책임을 다하겠다”고 말했다.고재우 기자"
https://n.news.naver.com/mnews/article/009/0005572541?sid=102,2025-10-14 14:54:13,사회,[단독] 빅테크라며 수사요청엔 ‘46일 슬로테크’…범죄자 다 도망갈 판,"카카오페이·메타·엔씨소프트 등영장자료처리에 40일 이상 소요기업은 “자료요청 지나쳐” 불만‘이직의 다리’로 불리는 판교역 인근 공중 연결통로. [한주형 기자]“직원 한명이 2000만 고객 정보를 집계하다보니 처리가 늦어질 수밖에 없죠.”주요 정보통신(IT)업계의 경찰 영장 발부 회신이 40일 이상 지연되면서, 수사 대상자가 도주한 뒤에야 자료가 도착하는 ‘늑장대응’ 논란이 커지고 있다.14일 국회 행정안전위원회 소속 위성곤 의원(더불어민주당)실이 서울청·부산청·경기남부청에서 제출받은 ‘기업 대상 영장 발부 및 회신 현황’ 자료에 따르면 카카오페이·메타(META)·엔씨소프트 등 대형 핀테크·플랫폼 업계의 회신 지연이 두드러지는 것으로 나타났다.지난 8월 한달간 수사기관의 자료요청에 걸린 평균 회신 기간은 카카오페이가 요청자료 당 평균 29.1일로 가장 길었고 메타는 18일, 엔씨소프트는 13.9일로 뒤를 이었다. 빗썸(12.7일), 구글 LLC(12.6일), 모두싸인(11.6일)은 중간권에 속했고, 넥슨(9.2일), 쿠팡(8.4일), 이동의즐거움(8.2일), 쿠팡이츠(7.1일)는 비교적 회신이 빠른 편이었다.최장 회신 기간도 비슷한 상황이다. 카카오페이는 46일, 엔씨소프트는 43일, 메타는 41일로 한 달을 훌쩍 넘었다. 구글 LLC(36일), 넥슨(34일)이 뒤를 이었고, 빗썸(28일), 모두싸인(23일), 쿠팡(20일)은 3주 가까이 소요됐다. 이동의즐거움(13일), 쿠팡이츠(15일)는 그나마 짧았지만, 긴급 수사 사건에 대응하기에는 여전히 늦은 편이다.경찰이 영장을 집행하면 기업은 수사 대상자의 계좌·위치·통신 내역 등 핵심 개인정보를 제출해야 한다. 그러나 회신이 40일 가까이 지연된다면 보이스피싱·성범죄·유괴 사건처럼 ‘골든타임’이 중요한 수사에서는 사실상 무의미한 자료를 받게 되는 셈이다.반면 기업들은 경찰의 반복되는 영장 집행에 업무 부담을 호소하고 있다. 중소 IT 기업의 경우 업무 전담 인력이 없어 한 명이 수십에서 수백 건의 영장 자료를 집계해야 하는 경우도 생긴다. 국내 한 대기업에서 수사기관이 요구하는 자료 처리를 맡았던 A씨는 “영장을 통한 자료요청에 대응하는 직원 수는 한정돼 있는데 수십~수백건의 자료요청이 오다보니 시간이 오래걸릴 수 밖에 없다”고 털어놨다.자료 요청 건수를 기준으로 상위 10개 기업을 나열해보면, 기업들은 한 달 동안 평균 254.6건의 요청을 받았다.요청량은 통신 3사가 단연 많았다. LGU+가 573건, SKT가 521건, KT가 495건이었지만, 세 곳 모두 회신 기간은 1일 이내로 신속했다. 최장 회신기일은 각각 22일, 19일, 14일에 달했다.이외에도 카카오(284건)는 최장 회신기일이 41일로 나타났고 티머니(181건) 19일, 당근마켓(172건) 32일, 네이버(113건) 17일, 우아한형제들(101건) 21일, 카카오모빌리티(54건) 22일, 넥슨(52건) 34일로 집계됐다.위성곤 의원은 “수사자료 제출 지연 문제는 제도의 부재에서 비롯된 구조적 한계”라며 “회신 기한과 절차를 법으로 표준화하고, 전문 인력 배치를 의무화하는 등 제도 개선이 뒤따르지 않는다면 범죄자가 이미 도망간 뒤에야 의미 없는 자료만 회신되는 일이 반복될 것”이라고 밝혔다."
https://n.news.naver.com/mnews/article/277/0005664266?sid=102,2025-10-14 17:36:03,사회,"서삼석 ""통신 3사, 전국 모든 지자체에 대리점 설치""","2027년까지 완료…농어촌 불평등 해소 기대서삼석 더불어민주당 의원.국내 통신 3사가 전국 226개 모든 기초자치단체에 대리점을 설치하기로 확정하면서 농어촌 주민들도 도심과 동일한 통신서비스를 제공받게 될 전망이다.더불어민주당 서삼석 의원(전남 영암·무안·신안)은 14일 ""SKT·KT·LGU+ 등 통신 3사가 대리점이 없는 지역에 순차적으로 매장을 설치하기로 했다""고 밝혔다.앞서 서 의원은 지난 11일 일부 지역에는 대리점이 없어 유심 해킹 피해 발생 시 주민들이 인근 도시로 이동해야 하는 불편을 지적한 바 있다. 이후 서 의원실과 통신 3사는 수차례 협의를 거쳐 전국 모든 지자체에 대리점을 설치하기로 합의했다. 대리점이 없는 지역은 ▲KT 3곳 ▲SKT 5곳 ▲LGU+ 47곳 등이다.KT는 대리점이 없는 3개 기초단체에 대해 내년 중 매장을 구축하고, SKT는 내년 3월 신안군을 시작으로 2027년 상반기까지 나머지 지역 설치를 완료할 계획이다. LGU+는 오는 12월 신안군에 첫 매장을 연 뒤, 내년 상반기 21곳, 2027년까지 나머지 25곳을 단계적으로 개점할 예정이다.서 의원은 ""농어촌 역시 도시와 동일하게 공정한 통신서비스를 받을 권리가 있다""며 ""이번 통신 3사의 결정은 지역 간 디지털 불평등 해소의 전환점이 될 것""이라고 밝혔다. 이어 ""유심 해킹 사태를 계기로 드러난 농어촌 통신 격차를 바로잡기 위해 끝까지 노력하겠다""고 덧붙였다.한편, 지난 4월 유심 해킹 사태로 2,696만 회선의 개인정보가 유출된 이후 SKT는 디지털 취약계층을 위한 '찾아가는 유심 교체 서비스'를 5월부터 운영 중이며, 보이스피싱·스미싱 예방 교육도 병행하고 있다."
https://n.news.naver.com/mnews/article/640/0000078182?sid=101,2025-10-14 18:26:27,경제,"Customer service workers, rejoice: LG U+ introduces AI service to stop abusive phone calls","Image of a customer service worker speaking to an angry man. [GETTY IMAGES BANK]No more enduring abusive phone calls from customers or parents — LG U+ has launched an AI service that detects and blocks verbal abuse in real time during calls.The telecom company announced Monday that it has introduced an AI-powered profanity detection feature to its business call solution AI BizCall by ixi. The mobile app allows users such as teachers, public officials and customer service representatives to make work-related calls using a company phone number on their smartphone.The new feature detects inappropriate language — including insults, profanity and harassment — in real time during calls and notifies the user with a vibration alert. If the user presses a report button, the AI system immediately ends the call and notifies a designated company administrator of the incident. LG U+ said the feature was designed to reduce psychological stress caused by repeated complaint calls and to foster a safer call environment.This is the first time the company has applied its on-device AI technology, ixi, directly to a smartphone app. Previously, users had to wait until after a call to transcribe and review the conversation using speech-to-text technology. Now, the AI can react and intervene during the call itself. All call recordings are stored only on the user’s device, ensuring no data is leaked externally.LG U+ introduced an AI-powered profanity detection feature to its business call solution AI BizCall by ixi. [SCREEN CAPTURE]In a demonstration, when a caller on the opposite line said, “What kind of [expletive] is that?” the app triggered a vibration and displayed a message reading: “AI has detected abusive language. Would you like to report this call?”When the user tapped the report button, the call ended automatically, and a notice was sent to the administrator. The caller then heard a message stating, “This call has been automatically terminated by AI due to the detection of strong language that may cause discomfort.”To enhance detection accuracy, LG U+ trained the AI on more than 770,000 examples of abusive and sexually harassing language sourced from its own customer service center and call data from schools, public offices and general businesses.“The system doesn’t just rely on keywords — it understands context to detect abuse,” Kim Ji-hong, product owner of the company’s Communication DX Squad division, said.The service is expected to improve working conditions for employees at schools, public agencies, hospitals and other institutions that regularly handle civil complaints over the phone. LG U+ said the feature reduces unnecessary stress for workers while improving both job satisfaction and customer response quality for employers.The company plans to expand the app’s AI capabilities to support other workplace tasks, such as messaging and in-person meetings, effectively turning the service into a smart assistant. It also plans to introduce a blacklist feature that will automatically block frequent offenders.This article was originally written in Korean and translated by a bilingual reporter with the help of generative AI tools. It was then edited by a native English-speaking editor. All AI-assisted translations are reviewed and refined by our newsroom."
https://n.news.naver.com/mnews/article/003/0013536666?sid=102,2025-10-15 16:09:04,사회,"숭실대, 17일 'AX 전환 비전선포식' 개최…""AI 혁신의 미래 열겠다""","숭실대 AX 비전의 출발새로운 대학 정체성 확립[서울=뉴시스] 숭실대 AX 전환 비전선포식 포스터. (사진=숭실대 제공) 2025.10.15. photo@newsis.com *재판매 및 DB 금지[서울=뉴시스]전수현 인턴 기자 = 숭실대가 오는 17일 '숭실 AX(인공지능 전환) 비전선포식'을 개최한다.이번 AX 비전선포식는 미래 숭실의 청사진과 사회적 역할을 대내외에 선포하는 자리로 마련된다.행사에는 과기정통부 류제명 차관, 한국은행 오진석 IT전략국장, 화웨이 이준호 부사장, 이동통신사 임원 등이 참석한다.LGU+ 홍관희 전무, KT 배순민 상무이사 등 업계 대표 인사들은 자리에서 ""숭실대가 산학협력의 중심축이 돼 새로운 혁신 모델을 제시하길 기대한다""는 메시지를 전할 예정이다. 축사는 강병준 전자신문 대표가 맡는다.행사는 ▲오프닝 영상 ▲주요 내빈 소개 ▲오정현 이사장 및 이윤재 총장의 환영사 ▲김민석 국무총리 및 국회·정부·언론계 주요 인사의 축사로 시작된다.이어 임종인 AI(인공지능)위원장이 '숭실 AX 미래 전략'을 발표하며, 이사장·총장·AI위원장·교수·노조·학생·동문 대표가 'AX 비전 선언문'을 낭독한다.'숭실 AI 컨퍼런스'에서는 해외 전문가인 전광성 애리조나 주립대 교수와 국내 전문가인 이연수 NC AI 대표가 각각 AI와 미래 사회에 대한 특별 강연을 펼친다. 패널 토론은 '보안을 위한 인공지능, 인공지능을 위한 보안(AI for Security, Security for AI)'을 주제로 열린다.산업협력 업무협약(MOU) 행사에서는 AI 부트캠프 기업 15개사와의 산학협력 협약 및 GPU 클러스터 기증식이 진행될 예정이다.한편 숭실대는 이번 AX 비전선포식을 통해 '인공지능 네이티브 숭실(AI Native Soongsil)'이라는 새로운 정체성을 확립할 방침이다."
https://n.news.naver.com/mnews/article/020/0003667369?sid=102,2025-10-15 17:11:12,사회,"숭실대, ‘숭실 AI 비전 선포식’ 개최…AI 중심 대학으로 대전환","숭실 AX 비전 선포식 포스터. 숭실대학교 제공숭실대학교는 오는 17일 ‘숭실 AX 비전 선포식’을 개최하며 AI 중심 대학으로의 대전환을 공식화할 계획이라고 15일 밝혔다.이번 AX 비전 선포식에는 150여 명이 참석하며 류제명 과기정통부 차관, 오진석 한국은행 IT전략국장, 이준호 화웨이 부사장 등이 참석해 축하 메시지를 전할 예정이다. 홍관희 LGU+ 전무, 배순민 KT 상무이사는 AI와 이동통신 기술의 융합이 미래 사회의 변화를 주도할 것이며 숭실대가 산학협력의 중심축으로서 새로운 혁신 모델을 제시하길 기대한다는 메시지를 전할 계획이다.행사는 오프닝 영상, 숭실대학교의 오정현 이사장 및 이윤재 총장의 환영사, 주요 인사의 축사로 시작된다. 이어 임종인 AI위원장이 ‘숭실 AX 미래 전략’을 발표한다. ‘AX 비전 선언문’ 낭독도 진행할 예정이다. 선언문에서는 모든 학문에 AI를 통합하는 교육 혁신, 사회적 책임과 윤리에 기반한 인간 중심 AI 연구, 글로벌 AI 리더 양성 등의 목표를 제시한다.이후 진행되는 ‘숭실 AI 컨퍼런스’에서는 전광성 미국 애리조나 주립대 교수와 이연수 NC AI 대표가 각각 AI와 미래 사회에 대한 특별 강연을 진행한다. 패널 토론에서는 ‘AI for Security, Security for AI’를 주제로 심도 있는 논의가 펼쳐질 예정이다.산업협력 MOU 행사에서는 AI 부트캠프 기업 15개사와의 산학협력 협약 및 GPU 클러스터 기증식이 진행된다. 숭실대학교 측은 실질적인 산학연 혁신 생태계 구축의 출발점이 될 전망이라고 밝혔다.숭실대학교는 올해를 기점으로 AI 중심 대학으로의 도약을 선언했다. 1969년 국내 최초 컴퓨터 교육 도입, 1970년 전자계산학과 설립, 2005년 IT대학 설립 등 그동안 IT 분야에서 다양한 활동을 이어왔다. 이번 AX 비전 선포식을 통해 ‘AI Native Soongsil’이라는 새로운 정체성을 확립할 계획이다. 숭실대학교 측은 앞으로 모든 학문에서 AI 융합 교육을 실시하고, 자유전공학부 등에서 AI 관련 학과로의 유입이 급증하는 수요에 맞춰 AI 혁신대학 신설, 교수 충원, 교육 인프라 확대 등 교육·연구 혁신 정책을 본격 추진할 계획이라고 밝혔다.학과 간 장벽을 허문 트랙제, 데이터사이언스·사이버보안·미래자동차·로봇 등 미래 산업을 겨냥한 전공 트랙도 운영한다. 교내외 AI 관련 연구 및 산학협력, 지역사회와의 연계, 글로벌 네트워크를 통한 국제 연구도 확장할 계획이다.숭실대학교 관계자는 “숭실 AX 비전 선포식은 단순한 선언을 넘어 산업계, 학계, 지역사회가 함께 AI 시대를 준비하는 혁신적 협력 모델의 출발점이 될 것으로 기대되며 행사 후에는 네트워킹 프로그램을 통해 실질적인 산학·연구 협력 방안과 미래 발전 방향이 논의될 예정”이라고 밝혔다. 이어 “숭실대학교는 ‘숭실의 모든 학문은 AI로 통한다’는 비전을 중심으로 글로벌 AI 혁신을 선도하는 대학으로 자리매김해 나갈 방침”이라고 말했다."
https://n.news.naver.com/mnews/article/011/0004543668?sid=105,2025-10-15 17:42:16,IT/과학,"KT, 全직원 필수로 AI윤리교육 받는다","이달부터 非개발자도 필수수강AI 내실 다지고 리스크 대비LGU+도 매달 전사교육 신설AI안전연, 美 주도 PAI 합류서울 종로구 KT 광화문빌딩 웨스트 사옥. 사진 제공=KT[서울경제]KT(030200)가 모든 직원에게 인공지능(AI) 윤리 교육을 의무화한다. 개발자를 넘어 모든 조직을 AI 중심으로 체질 개선해 관련 신사업을 위한 내실을 다지겠다는 것이다. 특히 딥페이크 같은 기술 부작용 우려에 AI 윤리가 정보기술(IT) 업계 핵심 경쟁력으로 떠오르면서 이에 대한 선제적 대응 차원에서도 이같은 방침을 내렸다.15일 IT 업계에 따르면 KT는 이달 중 전체 임직원 1만 4000여명을 대상으로 ‘책임감 있는 AI 센터(RAIC)’의 AI 윤리 교육을 의무화할 계획이다. RAIC는 AI 윤리 전담 조직으로 지난해 4월 출범해 개발자를 포함한 AI 관련 직군 5300여명에 윤리원칙과 준수사항 등을 알려주는 온라인 교육 프로그램을 만들어 인트라넷 ‘KT에듀’를 통해 제공해왔다. 이를 직장 내 성희롱 예방이나 개인정보 보호처럼 비(非)AI 직군까지 매년 들어야 하는 필수 교육과정에 포함시키겠다는 것이다.이와 관련해 KT는 이날 세계이동통신사업자협회(GSMA)의 ‘책임감 있는 AI(RAI) 성숙도’ 평가에서 최고 등급(Advanced)을 달성했다고도 밝혔다. 외부 전문가로 구성된 AI윤리위원회를 운영하고 RAI 기술보고서를 발간하며 AI 모델의 유해한 응답을 차단하는 ‘AI 가드레일’을 개발하는 등 AI 윤리 생태계를 강화 중이라고 전했다. 배순민 KT AI퓨처랩장은 “기술과 책임이 조화를 이루는 AI 개발·운영을 위해 전사적 노력을 다하겠다”고 말했다.KT는 이를 통해 사내 AI 전문성을 키울 방침이다. KT는 최근 마이크로소프트(MS)와 공동 개발한 모델 ‘소타K’를 출시했고 전날 본사에서 AI 플랫폼 기업 팔란티어와 최고경영자(CEO) 회동을 갖는 등 글로벌 빅테크와의 협력을 통해 AI 사업 전환을 서두르고 있다. 특히 AI 윤리는 딥페이크, 가짜뉴스(허위 정보), 개인정보 침해 등 부작용을 예방해 서비스 품질을 담보하기 위해 반드시 필요한 역량으로 업계 주목을 받는다. ‘고영향 AI’ 규제를 담은 AI기본법이 내년 1월 시행 예정이고 이번주 국회 국정감사에서도 딥페이크 영상이 시연되며 정치권이 경각심을 키우고 있다.이에 경쟁사들도 대응을 강화 중이다. LG유플러스는 올 하반기부터 자체 AI 윤리교육을 전체 임직원을 대상으로 매달 정례화했다. LG AI연구원의 윤리원칙을 토대로 제작해 인트라넷을 통해 리더(조직장)급 등 일부에게만 비정기적으로 제공했던 프로그램이다. SK텔레콤 역시 일찍이 ‘AI 리터러시 역량 강화 프로그램’ 등을 시행해왔다. SK그룹 차원에서는 지난달부터 유영상 SK텔레콤 대표를 포함한 C레벨 100여명을 대상으로 ‘AI 리더십 프로그램’이 운영 중이다. 업계 관계자는 “이제 개발뿐 아니라 일상 업무와 영업 등 다양한 분야에서 AI를 적용해야 하다보니 관련 역량 역시 전사적으로 필요해졌다고 기업들이 판단한 것이다”고 전했다.정부도 글로벌 협력에 나서고 있다. 과학기술정보통신부 산하 AI안전연구소는 이달 7일 미국 빅테크 주도로 AI 거버넌스(지배구조)·안전 등을 연구하는 국제단체 ‘파트너십 온 AI(PAI)’에 가입했다. 구글·MS·오픈AI·메타·애플을 포함해 17개국 140여개 기업·기관이 참여 중이다. 한국 회원으로는 2018년 가입했다가 탈퇴한 삼성전자를 제외하면 AI안전연구소가 유일하다."
https://n.news.naver.com/mnews/article/092/0002394023?sid=105,2025-10-16 07:01:11,IT/과학,"""클라우드·AI 시장서 알티베이스 DB 역할 더 커질 것""","[이승원 CTO 인터뷰] ""윈도2026·샤딩3·차세대 8.1버전 순차적 출시 입지 확대""""내년 1분기까지 알티베이스 윈도 2026(Altibase Windows 2026)과 알티베이스 샤딩3(Altibase Sharding 3), 알티베이스 8.1(Altibase 8.1)을 순차적으로 출시할 예정입니다.""이승원 알티베이스 연구개발본부장(CTO)은 최근 지디넷코리아와 인터뷰에서 ""AI, 클라우드, 분산 처리 기술을 중심으로 제품 혁신에 나서고 있다""며 이 같이 밝혔다.알티베이스는 하이브리드 DMBS 국내 개척자다. 하이브리드 DBMS는 인메모리 테이블(메모리에 상주시켜 빠른 처리)과 디스크 기반(on-disk) 테이블을 단일 인터페이스에서 같이 사용하는 아키텍처를 말한다.이승원 CTO는 ""인메모리 DBMS와 온디스크 DBMS를 하나의 엔진에서 통합한 세계 최초의 상용 하이브리드 DBMS를 출시한 회사가 알티베이스""라면서 ""초고속 성능과 대용량 데이터 처리를 가능하게 해주며, 클라우드 환경에서 성능을 더욱 강화했다""고 강조했다. 이어 “우리가 자체 수행한 벤치마크 테스트(BMT) 결과, 레거시 DB인 타사 제품 대비 최대 4~5배 빠른 성능을 기록했다”면서 “특히 대용량 트랜잭션 처리와 복잡한 쿼리 환경에서도 일관된 고성능을 유지하며, 데이터 적재 및 조회 속도 모두에서 경쟁사 대비 뚜렷한 우위를 기록했다. 이는 인메모리 기반 아키텍처와 최적화된 하이브리드 DBMS 구조간 결합으로 달성한 성과다. 금융, 통신 등 대규모 실시간 데이터 처리가 요구되는 환경에서 상당한 성능 개선 효과를 기대할 수 있을 것으로 전망한다”고 짚었다.최근 국내 IT 업체 및 일부 DBMS 제품에서 보안 취약점이 연이어 발생, 업계 전반의 우려가 높아지고 있다. 이런 상황에서 알티베이스는 선제적인 보안 강화와 관리체계 고도화를 통해 제품의 안정성과 신뢰성 확보에 집중하고 있다. 이 CTO는 “특히 내년 출시 예정인 '알티베이스 백업 매니저'를 통해 백업 파일 암호화 기능을 제공하고, 암호화된 패스워드 파일을 활용해 비밀번호 직접 노출을 방지하는 보안 기능을 지원할 계획”이라고 전했다.앞서 알티베이스는 지난 7월 향후 3년간의 단계별 기술 로드맵을 발표, 시선을 모았다. 오는 2027년까지 진행하는 이 로드맵은 ▲인메모리 대용량 고성능 기술 구현 ▲클라우드 네이티브 데이터베이스 ▲AI 에이전트 및 벡터 데이터베이스 기능 ▲분산 클러스터 기술 등 크게 4 분야로 구성됐다. 아래는 이승원 알티베이스 CTO와 인터뷰 일문일답.이승원 알티베이스 연구개발본부장(CTO)이 회사 기술력을 설명하고 있다.-알티베이스는 어떤 회사인가?""하이브리드 DBMS를 세계 최초로 개발한 회사다. 데이터베이스(DB)의 초고속,대용량 데이터 처리가 가능하다. 최신 버전은 'ALTIBASE V7.3'이다. 클라우드 환경에서 성능을 더욱 강화했다. 특히 'ALTIBASE V7.3'은 글로벌 금융 및 통신 기업들의 미션 크리티컬 시스템에 잇달아 공급, 국산 DBMS의 글로벌 경쟁력을 입증한 제품이기도하다.""-주력 제품인 하이브리드 DBMS의 주요 기능이나 특장점을 말해달라""여러 경쟁우위 요소가 있다. 첫째, 세계 최초의 하이브리드 파티션(Hybrid Partition) 기능이다. 알티베이스 7.3의 하이브리드 파티션 기술은 인메모리 DB와 디스크 기반 DB 엔진을 하나의 플랫폼으로 통합한 독창적인 아키텍처를 갖고 있다. 데이터 특성에 따라 단일 테이블 내에서 메모리 파티션과 디스크 파티션을 자동 또는 선택적으로 운용할 수 있어, 인메모리 DB의 초고속 처리 성능과 디스크 DB의 대용량 저장 능력을 하나의 논리 테이블(Logical Table) 단위에서 효율적으로 관리할 수 있다.이 기술은 실시간 트랜잭션 처리와 안정적인 대용량 데이터 저장이라는 상반된 요구를 동시에 만족시키며, 비용 효율성과 기술적 독창성 면에서 세계적으로도 드문 혁신 사례로 평가된다.둘째, 획기적인 성능 향상이다. '알티베이스 7.3'은 전 버전에 비해 최대 490% 이상 향상된 성능을 구현했다. 이는 단순히 하드웨어 성능에 의존한 결과가 아니라, 트랜잭션 처리의 핵심인 커밋(Commit) 알고리즘과 로깅(Log) 처리 과정의 병목을 근본적으로 개선한 데에서 비롯된 성과다. 이러한 성능 혁신은 통신·금융 등 초고속 트랜잭션 처리가 필수적인 산업 현장에서 요구되는 극대화된 처리량을 안정적으로 지원한다.셋째, 클라우드 환경 최적화와 쿠버네티스(Kubernetes) 기반 확장성이다. '알티베이스 7.3'은 클라우드 환경에 특화된 유틸리티 AKU(Altibase Kubernetes Utilities)를 제공해 오토 스케일 아웃과 스케일인(Auto Scale-Out/Scale-In)을 자동으로 수행할 수 있다. 이를 통해 급격한 트래픽 변동에도 탄력적으로 대응할 수 있으며, 노드 증가 시 병렬 복제 기능을 지원해 확장 속도 또한 대폭 개선됐다.넷째, 글로벌 이중화와 DDL(Data Definition Language) 동기화 기술이다. 복제 데이터에 고속 무손실 압축 기술을 적용해 글로벌 이중화 성능을 크게 향상시켰다. 덕분에 로스앤젤레스~뉴욕(약 4500km)과 같은 장거리 광대역 통신망(WAN) 환경에서도 대용량 데이터를 실시간으로 안정적으로 전송할 수 있어, 글로벌 기업의 분산 시스템 구축에 최적화된 역량을 제공한다.특히 Replication DDL 동기화 기술은 알티베이스만의 독자적인 기능으로, 모든 노드에서 DDL 작업의 원자성을 보장한다. 기존 DBMS에서 흔히 발생하는 마스터·슬레이브 간 구조 불일치 문제를 원천 차단, 관리자는 별도의 복잡한 조치 없이 안전하게 스키마 변경을 수행할 수 있다.다섯째, 강화된 호환성과 사용자 편의성이다. 사용자 친화적 설계에 집중했다. PostgreSQL 전용 마이그레이션 센터 툴을 제공해 기존 PostgreSQL 환경에서 알티베이스로의 이전을 손쉽게 지원하며, 범용 DB 관리 툴인 DBeaver용 플러그인도 함께 제공해 데이터베이스 구축·관리·쿼리 작성 등 다양한 작업을 직관적인 그래픽 환경에서 처리할 수 있다.”-주요 고객사가 궁금하다?""공공과 금융, 통신, 제조 등 다양한 산업군에서 많은 고객사가 있다. 공공 분야 대표적 고객사는 행정안전부, 기획재정부, 해양수산부, 국토교통부, 산업통상자원부, 중소벤처기업부, 국민안전처, 고용노동부, 식품의약품안전처, 공정거래위원회, 인사혁신처, 한국사회보장정보원, 한국공항공사, 한국철도시설공단, 근로복지공단, 한국교통안전공단, 인천국제공항공사, LH, 코레일, 대한송유관공사, 서울교통공사 등이다.금융은 우리은행을 비롯해 미래에셋증권, 신한은행, 한국거래소, 카카오페이증권, 삼성화재, 한국투자증권, 유진투자증권, 유안타증권, 대신증권, 국민은행, 키움증권, 신영증권, KB증권, NH투자증권, 동부증권, 교보증권, 하나캐피탈, 부국증권 등이 우리 제품을 쓰고 있다.통신 분야는 대형 통신 3사인 SKT, KT, LGU+가 다 우리 고객사다. 제조는 삼성디스플레이를 비롯해 에스오일, LS전선, HP, LG전자, 동원F&B, 삼성SDS, 삼성SDI, SK실트론, CJ, SK하이닉스 등이 고객사다. 해외는 AT&T, Telus, MobiCom, HP, Digi, TELUS, NOMURA, InnoCaption 등이 고객사다.""-V7.3의 슬로건이 'Mission-Critical Succeed'다. 무슨 뜻인가?""고객인 기업의 핵심적인 중요 업무(Mission-Critical)를 알티베이스 기술로 성공적으로 완수(Succeed)하겠다는 의미다. 알티베이스의 인메모리 DBMS 기술이 금융 결제나 항공 관제처럼 결코 멈춰서는 안될 중요 시스템의 안정적인 운영과 빠른 처리에 크게 기여한다는 점을 강조한 슬로건이다.이 슬로건은 세 가지 핵심 가치를 내포하고 있다. 첫째, 기업의 중요한 업무가 중단 없이 성공적으로 이뤄져야 한다는 점, 둘째 알티베이스의 인메모리 DBMS 기술이 매우 빠른 데이터 처리 속도를 제공해 이러한 핵심 업무를 효과적으로 지원한다는 점, 마지막으로 급변하는 IT 환경에서 알티베이스 기술을 통해 기업고객이 빠르고 효율적으로 대량의 데이터를 처리, 경쟁 우위를 확보하고 비즈니스에서 성공하도록 이끌겠다는 우리의 고객 지향적 약속이다.""-지난 7월말 3개년(2025~2027년) 기술 로드맵을 발표했다. 어떤 내용?""올해를 포함해 오는 2027년까지의 3년간 단계별 고도화 기술을 구현하겠다는 우리의 의지를 담았다. 글로벌 시장 공략에 본격 나서겠다는 선언이기도 하다. 국내외 시장의 급변하는 요구사항과 AI 기술 발전 추세를 반영해 수립했다. 4대 핵심 기술인 인메모리 대용량 고성능 기술, 클라우드 네이티브 데이터베이스, AI 에이전트 및 벡터 데이터베이스 기능, 그리고 분산 클러스터 기술 등으로 구성됐다.먼저, 내년 1분기까지 Altibase Windows 2026, Altibase Sharding 3, 그리고 Altibase 8.1을 순차적으로 선보일 예정이다. 동시에 AI, 클라우드, 분산 기술 분야 연구개발을 강화해 제품 경쟁력을 높여가고 있다. 특히, 2027년 하반기에는 실시간 분산 클러스터 기술을 본격 적용한 차세대 제품을 출시, 고객들에게 한층 더 빠른 성능과 확장성을 제공할 예정이다.""-최근 AI 분야에서 벡터 데이터베이스가 화두다. 알티베이스는 어떤 준비를 하고 있나?""기존 AI 서비스에서 대규모 데이터를 처리할 때는 레디스(Redis) 같은 NoSQL 분산 메모리 DB를 이용해 데이터를 분산, 저장했다. 하지만 인덱싱과 벡터 연산을 지원하는 전문 벡터 데이터베이스들이 등장, 주목 받고 있다. 아직 표준이 없어 각 제품마다 개발 인터페이스가 다르고 사용법도 복잡해 개발자들이 활용하기 쉽지 않은 문제가 있다. 알티베이스는 이런 문제를 해결하기 위해 기존의 SQL 기반으로 벡터 연산과 인덱싱을 지원하는 기술을 연구 중이다.차세대 알티베이스에서는 벡터 연산을 표준 SQL 문법과 ODBC(Open Database Connectivity)와 JDBC(Java Database Connectivity)같은 익숙한 인터페이스를 통해 사용할 수 있게 하고, 또 개발자들이 별도 학습 없이도 AI와 벡터 검색 기능을 쉽게 활용할 수 있게 할 계획이다.""-내년 출시 예정인 '알티베이스 샤딩3(Altibase Sharding)'에 대해 설명해달라""AI, 빅데이터, IoT 시대를 맞아 데이터가 급격히 늘고 있다. 특히 센서 데이터처럼 실시간 처리가 필요한 경우가 많다. 기존에는 레디스(Redis) 같은 NoSQL 메모리 DB로 데이터를 분산해 실시간성을 확보했다. 하지만 이는 복잡한 연산 처리나 정합성 관리에 한계가 있다.알티베이스는 메모리 DBMS로 NoSQL보다 빠른 성능과 SQL 호환성을 제공한다. 하지만, 메모리 용량 한계 때문에 대규모 데이터를 담기 어렵다는 제약이 있었다. 여기에 고객사들이 “분산 환경에서도 알티베이스를 쓰고 싶다”는 요구를 많이 했다. 기존에도 알티베이스는 분산 샤딩 기능이 있었지만, 노드 확장시 갱신연산이 중단되는 경우가 있었다. 이번 Altibase Sharding 3는 이러한 문제를 해결했다. 온라인 중에 노드를 확장 가능할 수 있는 분산 샤딩이 가능하다. 특히 내년 1월 출시하는 'Altibase Sharding 3'는 데이터가 늘더라도 자유롭게 노드를 확장할 수 있어 대규모 서비스 환경에서도 안정성과 성능을 동시에 제공한다.""■기존 알티베이스 제품과 차원이 다른 'AS3'- AS3(Altibase Sharding3)은 기존 알티베이스 제품과 구체적으로 어떻게 다른가?""기존 알티베이스(Altibase)는 주로 수직 확장을 통해 성능을 끌어올리는 구조였다. 하지만 데이터와 트래픽이 기하급수적으로 늘면서 수평 확장 필요성이 커졌다. 기존 알티베이스의 샤딩은 '메타노드'라는 스페셜 노드가 존재해 모든 커넥션이 이 메타노드로 접속해야 했고, 이로인해 부하가 집중되는 문제가 있었다.'AS3'은 모든 노드가 동일한 역할을 수행하는 구조(No special node)를 채택, 이런 문제를 해결했다. 샤드 키 기반 데이터 분산과 온라인 리샤딩을 지원한다. 덕분에 단순히 노드를 추가하는 것만으로도 성능을 거의 선형적으로 확장할 수 있다. 특정 노드에 데이터가 몰리는 문제도 해소할 수 있다. 장애 발생 시에도 다른 노드들이 즉시 역할을 이어받기 때문에 SPOF(Single Point of Failure) 없이 안정적인 서비스를 제공할 수 있다.""-알티베이스가 'AS3'를 통해 샤딩 기능을 포함한 클러스터를 출시하는 이유는?""샤딩은 급격히 늘어나는 데이터와 트래픽을 효율적으로 관리하기 위한 핵심 기술이다. 데이터를 여러 노드에 분산하면 성능 저하와 병목을 방지할 수 있고, 필요할 때 서버를 증설해 선형적으로 확장이 가능하다. 동시에 특정 노드 장애가 전체 서비스 중단으로 이어지지 않아 비즈니스 연속성이 강화된다.비용 측면에서도 '샤딩'은 이점이 크다. 디스크 공유형 클러스터보다 적은 비용으로 서버를 추가할 수 있어 TCO 절감 효과를 기대할 수 있다. 실제로 국내 주요 대기업들은 대용량 트랜잭션 처리와 실시간 분석을 위해 꾸준히 샤딩을 요청해왔다. 해외에서는 중동 및 동남아시아 지역 파트너들이 몽고DB(MongoDB), 레디스(Redis)와 유사한 키 기반 데이터 분산 구조를 요청했는데,'AS3'은 이러한 국내외 수요를 반영해 개발한 솔루션이다. IoT·빅데이터·AI 환경에서 필수적인 데이터 인프라로 자리매김했으면 한다.""-AS3 샤딩 방식의 구체적인 특징을 말해준다면""AS3의 가장 큰 차별점은 모든 노드가 동등한 기능을 수행한다는 점이다. 별도의 코디네이터 노드가 없어도 SPOF((Single Point of Failure)가 발생하지 않으며, 장애가 발생해도 자동 재접속 기능을 통해 서비스 연속성을 보장한다.확장성 측면에서도 강력하다. 노드를 추가할 때마다 용량이 선형적으로 증가하며, 실제 테스트에서도 이를 입증했다. 데이터 분산은 샤드 키 기반으로 해시와 레인지 방식을 지원하며, 온라인 리샤딩 기능을 통해 운영 중에도 중단 없이 데이터를 재분배할 수 있다.개발자 친화적인 점도 장점이다. SQL은 물론 ODBC(Open Database Connectivity), JDBC(Java Database Connectivity 등 기존 DBMS 인터페이스를 그대로 지원하기 때문에 기존 애플리케이션을 최소한의 변경으로 마이그레이션할 수 있다. 기업이 새로운 기술을 도입하면서도 운영 리스크를 최소화할 수 있다.""-'AS3'을 도입할 기업이 준비해야 할 건 뭔가?""우선 기존 시스템과의 호환성 검토가 필요하다. 데이터 마이그레이션 계획, 운영 인프라 점검도 요청된다. 특히 샤딩 구조에서는 어떤 값을 샤드 키로 지정할지에 따라 성능이 크게 달라지므로 데이터 모델링과 분산 쿼리 최적화에 대한 이해가 필수다. 알티베이스는 이러한 부분에서 고객이 어려움을 겪지 않도록, 사전 컨설팅부터 마이그레이션 지원, 교육 프로그램, 운영 가이드까지 엔드 투 엔드(end-to-end) 서비스를 제공할 계획이다. 이를 통해 고객은 도입 초기의 시행착오를 줄이고, 빠르게 안정적인 운영 체계를 구축할 수 있다.""■클라우드 전략...차세대 Altibase8.1에서 JSON 기본 지원-알티베이스의 클라우드 대응도 궁금하다. 클라우드 환경에 최적화된 DBMS를 제공하기 위해 어떤 노력을 하고 있나""클라우드 핵심은 '사용한 만큼만 비용을 지불하는 유연성'이다. 이를 위해 알티베이스는 'Altibase Kubernetes Utility(AKU)'를 통해 클라우드 환경에서도 노드를 손쉽게 확장·축소할 수 있게 지원한다. 사용량이 늘면 노드가 확장되는데 이 때 자동으로 데이터를 복제해 준다. 그리고, 부하가 줄면 다시 노드를 제거하는 방식으로 운영 효율성을 제공한다.또, 기존 클라우드 RDBMS들이 흔히 쓰는 디스크 공유 방식은 읽기 연산은 분산되지만 갱신 연산 분산에는 한계가 있다. 우리는 이를 개선해 서비스 중단없이 온라인으로 데이터 재배치가 가능한 리샤딩(Re-sharding) 기술을 개발했고, 2026년 출시하는 AS3 버전에 탑재했다.마지막으로, 클라우드·빅데이터 환경에서는 정형과 비정형 데이터가 함께 발생하고, 스키마 변화가 잦다는 특성이 있다. 이를 반영해 차세대 Altibase8.1에서는 JSON을 기본(네이티브)으로 지원한다. JSON(Javascript Object Notation)은 데이터를 저장하거나 주고받을 때 쓰는 경량 데이터 교환 형식이다.특히 자체 개발한 바이너리 JSON을 탑재해 저장 용량을 줄이고, 문서 내 검색 처리 성능과 문서 유효성 검사 속도를 크게 높였다. 이를 통해 다양한 클라우드 애플리케이션에서 더 빠르고 안정적인 데이터 처리가 가능하다.""-최근 '카프카 커넥터(Kafka Connector)'를 개발했다고 하던데, 알티베이스의 기술 로드맵과 이번 Kafka Connector는 어떤 연관이 있나""현재 3개년 기술 로드맵(2025~2027)을 통해 클라우드 네이티브 DBMS, AI 및 벡터 DB, 분산 클러스터, 인메모리 고성능 기술 등의 4대 축을 제시, 제품을 고도화하고 있다. 이번 Kafka Connector는 그중에서도 클라우드 및 빅데이터 환경과의 연동성 강화라는 측면에서 큰 의미가 있다. 클라우드와 IoT, AI 서비스 환경에서는 실시간 데이터 스트리밍이 핵심인데, Kafka는 사실상 업계 표준으로 자리잡고 있다. 알티베이스가 Kafka와의 연동을 공식적으로 지원한다는 것은, 앞으로 클라우드·AI·빅데이터 생태계 속에서 알티베이스의 활용 폭이 더욱 넓어진다는 것을 의미한다.""■ '알티베이스 윈도 2026(AW 2026)'에 쏠리는 시선-올해 말 출시할 'Altibase Windows 2026(AW 2026)'은 어떤 배경에서 기획한 건가?""제조 장비, 의료기기, 군수·철도 시스템 같은 임베디드 환경에서는 서버와 클라이언트가 한 장비 안에서 동시에 동작해야 하는 경우가 많다. 예를 들어 MRI 장비나 POS 단말은 외부 서버와의 연결 없이도 자체적으로 데이터를 처리·저장하고, 필요 시 중앙 서버와 동기화해야 한다. 이런 구조에서는 운영체제(OS)가 윈도(Windows)인 경우가 많다. 서버 자체를 윈도 환경에서 직접 구동할 수 있게 지원해 달라는 요구가 많아 개발하게 됐다.""-윈도(Windows) 환경에서 알티베이스(Altibase)를 사용하면 어떤 장점이 있나""하나의 장비에 서버와 클라이언트를 함께 두면 단말 일체형 솔루션을 구축할 수 있다. 즉, 데이터 저장·처리와 사용자 애플리케이션이 한 시스템 안에서 이뤄져 응답 속도가 빨라지고, 네트워크 지연이나 장애가 발생해도 로컬에서 안정적으로 데이터를 처리·보관할 수 있다. 예를 들어, 의료장비에서는 환자 데이터를 즉시 분석하고 저장할 수 있으며, 제조 산업 현장의 기계 시스템에서는 설비 센서 데이터를 실시간으로 수집·분석해 장비 상태를 즉시 제어할 수 있다.""-지원되는 OS와 기술 특징을 소개해 달라""'AW 2026'은 Windows Server 2022, Windows Server 2025, 그리고 Windows 11을 공식 지원한다. 기존 알티베이스 강점인 메모리·디스크 하이브리드 구조를 그대로 제공, 메모리 자원이 제한된 임베디드 장비에서도 안정적으로 운영할 수 있다. 또 수백에서 수천 대 규모의 장비 간 이중화 및 데이터 복제를 지원한다. 이를 통해 다수의 임베디드 장비가 항상 서버와 연결돼 있지 않아도, 로컬에서 데이터를 처리한 후 서버와 연결될 때 자동으로 동기화할 수 있다.""-'Altibase Windows 2026' 출시가 가지는 의미는?""우리는 오랫동안 유닉스와 리눅스 기반 시장에서 성능과 하이브리드 DBMS의 특징을 토대로 경쟁력을 쌓아왔다. 하지만 그동안 윈도(Windows) 서버에서는 사용할 수 없었다. 이번 릴리즈를 계기로 윈도 서버(Windows Server)를 공식 지원, 고객은 OS를 바꾸지 않고도 알티베이스를 도입해 고성능 하이브리드 DBMS의 혁신을 경험할 수 있다. 이는 더 많은 산업 현장에서 알티베이스를 활용할 수 있다는 의미이며, 특히 미션 크리티컬한 업무를 수행하는 윈도 환경의 산업 분야에 새로운 선택지를 제공한다는 점에서 큰 의미가 있다.""■글로벌 시장 확장 추진...싱가포르 등에 법인-알티베이스의 글로벌 시장 진출도 궁금하다. 동남아시아 시장 진출을 위해 어떤 전략을 추진하고 있나""올 1월 싱가포르에 'ALTIBASE SEA' 법인을 설립하며 동남아시아 시장 공략을 본격화했다. 현재 인도네시아와 태국을 중심으로 동남아시아 시장 공략에 나서고 있으며, 현지 정부 및 공공기관을 대상으로 한 개념검증(PoC) 프로젝트를 추진 중이며, 태국에서는 공공기관에서 첫 사업수주를 완료했다. 또 ERP, 지불결제시스템 및 학교 관리 시스템 등 핵심 솔루션 기업들과의 협력 방안도 적극 모색, 현지 시장에서 본격적인 사업 확장을 기대하고 있다.""-해외 기업들과는 어떤 협력 관계를 구축하고 있나""아시아태평양(APAC) 지역에 본부를 둔 글로벌 정보기술(IT) 기업들과 '인메모리(In-Memory) 데이터베이스 어플라이언스 개발 공동 프로젝트'를 진행 중이다. 최근에는 IBM의 메인프레임 기반 시스템인 LinuxONE 환경에서도 ALTIBASE 7.3을 구동할 수 있도록 포팅을 완료했다. 해외 ISV(Independent Software Vendor), SI(system integration), 컨설팅 업체들과의 협력 체계를 확장함과 동시에 알티베이스는 IBM의 공식 ISV로 인정받아 인도네시아, 필리핀, 싱가폴, 홍콩에서 열린 IBM 파트너 프로그램에 참여하는 등 글로벌 파트너십을 확대하고 있다.""-글로벌 고객사 및 성공사례를 말해달라""알티베이스는 IBM의 엄격한 기준을 충족시키며 안정성과 신뢰성 면에서 공식 인정받았고, 이는 이미 확보한 700여 고객사와 8000여 레퍼런스를 대폭 확장할 수 있는 기반이 될 것이다.""-글로벌 시장에서 경쟁력을 확보하기 위한 차별화 전략은?""국내 공공 및 기업 시장에서의 강점을 기반으로 글로벌 시장 확장과 AI 시대 기술 혁신의 청사진을 제시할 예정이다. 특히 AI가 기업 경쟁력의 핵심이 되는 시대에 알티베이스는 초고속, 확장성, 안정성이 보장된 데이터 인프라로 기업들의 AI 전환을 지원할 계획이다. 또 완전 관리형 클라우드, NoSQL, AI 기술을 포함한 최신 트렌드에 발맞춰 고객들의 다양한 요구를 충족시키며 데이터베이스 기술의 새로운 가능성을 열어갈 예정이다.""■최신 동향 및 시장 내 위치-국내 DBMS 시장에서 알티베이스의 현재 위치와 강점은?""알티베이스는 국내 인메모리 데이터베이스 관리 시스템(DBMS)의 선두업체로 자리매김하고 있다. 국내 대형 시중은행의 AI 보이스피싱 실시간 모니터링 시스템에 우리 기술을 성공적으로 적용, 금융 범죄 예방에 기여하고 있는데, 이는 AI 실제 응용에서 효과적으로 활용된 대표적 성과다. 또 서울교통공사, 공정거래위원회, 대구정부통합전산센터 등 주요 공공기관 시스템을 성공적으로 운영하며 국산 DBMS의 기술 우수성을 입증해왔다.""-AI 시대다. 어떤 기술 비전을 가지고 있나""AI시대를 맞아 데이터 인프라 혁신을 겨냥한 기술 비전을 공개할 계획이다. 오랜 DBMS 개발 경험과 데이터 솔루션 서비스 노하우를 바탕으로 AI와 반도체 기술 발전에 따른 데이터 중요성이 부각되고 있다. 이런 트렌드를 반영한 데이터 중심 AI비전을 제시할 계획이다.향후 AI 시대를 대비해 벡터 데이터 타입 및 실시간 분산 클러스터를 지원하고 빠른 검색 성능을 목표로 연구 중이다. 또 외부 데이터 연동과 다양한 고객 요구를 수용하는 고성능 멀티모델 통합 DBMS로 고도화할 계획을 갖고 있다. 비정형 데이터에 대한 벡터 데이터베이스 연동을 위한 전용 커넥터도 제공하고, 데이터베이스 AI 에이전트를 통한 프라이빗·퍼블릭 모델 연동 기술도 함께 제공할 예정이다.""-향후 주요 기술 트렌드 중 알티베이스가 주목하는 것은?""앞으로 에이전트형 AI, 생성형 AI 기업 확산, 추론 AI 모델 활용 확대 등 AI를 중심으로 한 혁신적인 기술들이 IT 업계를 주도할 것으로 전망된다. 알티베이스는 이러한 AI 기술 트렌드에 발맞춰 AI 애플리케이션에 최적화된 데이터베이스 환경을 제공하는 전략을 추진하고 있다. 그 뿐 아니라, 특히 생성형 AI 시대의 대규모 언어 모델(LLM)에 발맞춘 전략적 기술 개발에 집중하고 박차를 가하고 있다.""-오는 2027년 '실시간 분산 클러스터 고도화' 버전을 출시할 계획이다.이를 통해 어떤 경쟁 우위를 확보하려 하나?""2027년 하반기 출시 예정인 ' 실시간 분산 클러스터 고도화' 버전은 인메모리 대용량 데이터를 초고속으로 처리할 수 있다. 특히 기존 NoSQL과 document DB에서 지원이 불가능한 트랜잭션을 지원, '복잡한 SQL문'까지 고속으로 처리할 수 있다는 점이 핵심 차별화 포인트다. 알티베이스는 이를 통해 현재 글로벌 시장을 장악하고 있는 레디스(Redis)와 몽고DB(MongoDB)에 정면 도전하겠다는 전략을 갖고 있다.""-알티베이스가 글로벌 시장에서 신뢰받는 데이터베이스 솔루션 제공자로 자리매김하기 위한 계획은?""초고성능 인메모리 컴퓨팅 기반 하이브리드 DBMS 기술을 통해 글로벌 시장에서 신뢰받는 데이터베이스 솔루션 제공자로 자리매김하겠다. 급변하는 데이터베이스 시장에서 기술 경쟁력을 한층 강화하고, 글로벌 시장 입지를 확고히 하기 위한 전략적 청사진을 제시하며 해외 시장에서도 차별화된 경쟁력을 선보이겠다.""-급변하는 데이터베이스 시장 변화에 어떻게 대응하고 있나?""최신 버전인 'ALTIBASE V7.3'을 통해 클라우드 환경에서 성능을 더욱 강화했으며, 향후 AI 시대를 대비해 벡터 데이터 타입 및 실시간 분산 클러스터를 지원하고 빠른 검색 성능을 목표로 연구 중이다. 또 외부 데이터 연동과 다양한 고객 요구를 수용하는 고성능 멀티모델 통합 DBMS로 고도화 및 발전시킬 계획이다."""
https://n.news.naver.com/mnews/article/008/0005263550?sid=105,2025-10-16 09:00:00,IT/과학,"""도로 먼지 흡입"" LGU+ 자율주행 청소차, 제주 달린다","/사진=LG유플러스LG유플러스는 제주도와 자율주행 노면청소차 시범운행 사업을 진행한다고 16일 밝혔다.제주도가 추진하는 '도민체감형 자율주행 실증사업'의 일환으로, 신제주권역(12㎞)과 첨단권역(4.8㎞)에서 매일 1회씩 두 차례 실시된다. 청소차는 전기 트럭을 개조해 만든 자율주행 노면청소차 1대다. 자율주행 센서(라이다·카메라·레이더)와 실시간 통신모듈, 노면흡입 및 살수 분사 장치가 탑재됐다. 차량은 시속 10㎞ 이하로 주행하며 노면의 먼지·낙엽·쓰레기를 흡입·청소한다.운행은 자율주행 기술 스타트업 라이드플럭스가 담당한다. LG유플러스는 자율주행 차량의 통신 인프라와 원격 관제 플랫폼을 제공한다. LG유플러스의 '연석 인지 기술'이 적용돼 도심 주행 안정성과 청소 효율성을 높였다.제주도는 이번 시범운행으로 이동인구가 많은 주요 도심 내 도로를 깨끗하게 유지하고, 스마트 기술을 활용한 '청정 도시 제주'를 구현한다는 목표다.김수경 LG유플러스 서부기업고객담당(상무)은 ""자율주행 기술은 이동 편의성뿐 아니라 도시의 안전과 청결을 높이는 영역으로 확장되고 있다""며 ""LG유플러스는 통신과 관제 플랫폼을 기반으로 제주도의 자율주행 생태계 구축을 지원하고 스마트 환경관리 솔루션을 전국으로 확대해 나가겠다""고 말했다."
https://n.news.naver.com/mnews/article/003/0013537484?sid=105,2025-10-16 09:00:00,IT/과학,"""제주 거리 누비는 자율주행 청소차""…LGU+, 시범운행 사업 지원","LGU+, 제주 자울주행 노면청소차 시범운행 사업스타트업 라이드플럭스와 함께 통신 인프라 제공[서울=뉴시스]박은비 기자 = LG유플러스는 제주특별자치도와 함께 자율주행 노면청소차 시범운행 사업을 실시한다고 16일 밝혔다.이번 사업은 제주도가 추진하는 도민체감형 자율주행 실증사업 일환이다. 도심 내 주요 도로 청결을 유지하고 친환경 기술을 접목한 청정 도시 구현을 목표로 한다.청소차는 전기 트럭을 개조해 만든 자율주행 노면청소차 1대다. 자율주행 센서와 실시간 통신모듈, 노면 흡입 및 살수 분사 장치가 탑재됐다.차량은 시속 10㎞ 이하로 주행하면서 노면의 먼지·낙엽·쓰레기를 흡입·청소한다. 청소는 신제주권역(12㎞), 첨단권역(4.8㎞)에서 각각 매일 한 번씩 두차례 실시될 예정이다.운행은 자율주행 기술 스타트업 라이드플럭스가 담당하고, LG유플러스는 자율주행 차량의 통신 인프라와 원격 관제 플랫폼 제공을 맡았다.특히 이번 차량에는 LG유플러스가 지난 2023년 자율주행기술개발혁신사업 정부 연구개발(R&D) 과제로 개발한 연석 인지 기술이 적용돼 도심 주행 안정성과 청소 효율성을 높였다는 게 회사 설명이다.제주도는 이번 시범운영으로 이동인구가 많은 주요 도심 내 도로를 깨끗하게 유지하고, 스마트 기술을 활용한 청정 도시 제주 구현에 한 발 더 다가갈 것으로 기대하고 있다. 제주도는 앞서 자율주행 버스 탐라차, 운전석 없는 관광형 버스 일출봉 고(Go), 물류형 자율주행 실증사업 등 도민 체감형 자율주행 서비스를 확대해왔다.김남진 제주도 혁신산업국장은 ""앞으로도 관광형·물류형 등 다양한 서비스 모델로 확대해 도민과 관광객 모두가 체감할 수 있는 스마트 행정서비스를 제공하겠다""고 말했다.김수경 LG유플러스 서부기업고객담당(상무)은 ""자율주행 기술은 이동 편의성뿐 아니라 도시 안전과 청결을 높이는 영역으로 확장되고 있다""며 ""LG유플러스는 통신과 관제 플랫폼을 기반으로 제주도의 자율주행 생태계 구축을 지원하고 스마트 환경관리 솔루션을 전국으로 확대하겠다""고 강조했다."
https://n.news.naver.com/mnews/article/014/0005419991?sid=105,2025-10-16 09:00:17,IT/과학,"LG U+, 유튜브와 함께 한 ‘유쓰 쇼츠 페스티벌’ 성료.. 3000여명 참가","LG유플러스 모델이 유쓰 쇼츠 페스티벌을 소개하는 모습. LG유플러스 제공LG유플러스가 유튜브와 함께 진행한 영상 공모전 ‘유쓰 쇼츠 페스티벌’에 3000여명의 고객이 참가하며 성황리에 종료됐다고 16일 밝혔다. 두 달간 공모전에 고객들이 업로드한 영상은 6800여개에 달한다.‘유쓰 쇼츠 페스티벌’은 LG유플러스와 유튜브가 공동으로 진행한 영상 공모전으로, LG유플러스의 Z세대 전용 브랜드인 ‘유쓰(Uth)’를 중심으로 누구나 자유롭게 ‘복잡한 디지털 환경 속에서 가장 나다운 모습’을 담은 영상을 제작해 업로드하는 방식으로 진행됐다.LG유플러스가 참여 고객을 분석한 결과 약 77%는 1020세대로 나타났다. 공모전의 주제가 Z세대 전용 브랜드를 중심으로 이뤄진 데다 Z세대가 쇼츠 영상에 익숙하다는 것이 높은 참여율의 배경으로 분석된다. 1020세대를 이어 참여율이 높은 고객은 30대로 나타났으며 60대 고객도 공모전에 참여하는 등 전 세대에서 참여가 이뤄졌다.공모전 참여 영상 중 가장 많은 비중을 차지한 주제는 ‘대학 생활’로 나타났다. 이어 △여행 △패션 △음악 등 주제의 영상이 뒤를 이었다. 가장 많은 영상을 업로드한 고객은 혼자 201건의 영상을 제작해 응모했으며, 5초 이하 영상부터 가장 긴 60초 이상 영상까지 다양한 영상이 응모됐다.또한 이번 공모전을 통해 유튜브에 처음으로 쇼츠 영상을 업로드한 참여자가 전체의 절반을 넘어섰다. 기존에 영상 시청 위주로 플랫폼을 이용하던 1020 세대가 직접 콘텐츠 제작에 나서는 계기를 마련한 셈이다.LG유플러스는 심사를 거쳐 우수작을 선정해 이달 셋째 주 개별 발표할 예정이다. 최우수작을 제출한 30명에게는 싱가포르 구글 APAC 본사를 방문해 사옥 투어와 구글 임직원과의 질의응답 세션에 참여할 수 있는 기회를 제공한다. 인기상·특별상·감독상 등 개인 부문 수상자에게는 상금 30만원이 수여된다. 대학 단위로 가장 많은 인원이 참가한 3개 대학에는 ‘유쓰캠퍼스상’과 함께 커피차가 제공되고 참여자 전원에게는 ‘나다운상’이라는 이름으로 메가커피 바닐라라떼 쿠폰이 증정된다.이번 쇼츠 페스티벌은 LG유플러스와 구글의 전략적 협력의 일환으로 기획됐다. 앞서 LG유플러스는 지난 3월 스페인 바르셀로나에서 열린 MWC25에서 구글, 구글 클라우드와 함께 전방위 협력안을 발표하고 다양한 분야에서 협력을 확대하겠다고 밝히기도 했다. LG유플러스는 앞으로도 유쓰 브랜드를 활용해 다양한 기업과 협업하며 Z세대 고객들에게 차별화된 고객경험을 제공해나갈 예정이다.정혜윤 LG유플러스 마케팅그룹장(상무)은 “유쓰 쇼츠 페스티벌은 두 달 만에 수천 명의 참여를 이끌어낸 대규모 공모전으로, Z세대 참여가 두드러졌다는 점도 뜻깊다”며 “앞으로도 구글을 비롯한 다양한 파트너와 협업해 기술과 콘텐츠를 융합한 마케팅을 선보일 것”이라고 말했다."
https://n.news.naver.com/mnews/article/421/0008541295?sid=105,2025-10-16 09:01:59,IT/과학,"LGU+, 제주 도심서 자율주행 청소차 시범운행 사업","LG유플러스는 제주특별자치도와 함께 자율주행 노면청소차 시범운행 사업을 진행한다고 16일 밝혔다. 사진은 시범운행 차량이 제주 시내를 주행하며 도로를 청소하고 있는 모습(LG유플러스 제공)(서울=뉴스1) 김민수 기자 = LG유플러스(032640)가 제주특별자치도와 함께 자율주행 청소차를 활용한 '도민체감형 자율주행 실증사업'을 진행한다고 16일 밝혔다.이번 사업은 도심 주요 도로의 청결 유지와 친환경 기술을 통한 청정 도시 구현을 목표로 한다. 시범 운행은 신제주권역(12㎞)과 첨단권역(4.8㎞) 등 두 구간에서 매일 1회씩 실시된다. 전기 트럭을 개조한 자율주행 청소차 1대가 시속 10㎞ 이하로 주행하며 도로의 먼지, 낙엽, 쓰레기를 흡입·청소한다. 차량에는 라이다(LiDAR)·카메라·레이더 등 자율주행 센서와 실시간 통신 모듈, 살수 장치 등이 탑재됐다.자율주행 기술은 스타트업 라이드플럭스가 담당하며, LG유플러스는 차량의 통신 인프라와 원격 관제 플랫폼을 지원한다. 특히 이번 차량에는 LG유플러스가 정부 R&D 과제로 개발한 '연석(도로경계석) 인지 기술'이 적용돼 도심 주행 안정성과 청소 효율성을 높였다는 설명이다.제주도는 이번 실증을 통해 이동 인구가 많은 도심 도로의 청결도를 높이고, 자율주행 기반 스마트 환경관리 모델을 구축한다는 계획이다. 앞서 제주도는 자율주행 버스 '탐라차'(901·902번)와 운전석 없는 관광형 버스 '일출봉Go', 물류형 자율주행 실증사업 등 다양한 서비스를 추진해 왔다."
https://n.news.naver.com/mnews/article/003/0013537525?sid=105,2025-10-16 09:08:11,IT/과학,"LGU+, 유튜브 영상 공모전 '유스 쇼츠 페스티벌'에 3000명 참가","LGU+, '유스 쇼츠 페스티벌' 구글과 협업 기획최우수작 싱가포르 구글 APAC 본사 방문 제공[서울=뉴시스]박은비 기자 = LG유플러스는 유튜브와 함께 진행한 영상 공모전 '유쓰 쇼츠 페스티벌'에 3000여명의 고객이 참가하며 성료했다고 16일 밝혔다.이번 행사는 LG유플러스와 유튜브가 공동으로 진행한 영상 공모전이다. LG유플러스 Z세대 전용 브랜드 '유쓰(Uth)'를 중심으로 누구나 자유롭게 복잡한 디지털 환경 속에서 가장 나다운 모습을 담은 영상을 제작해 게시하는 방식으로 진행됐다.두달간 고객들이 업로드한 영상은 6800여개로 하루 평균 110여개의 영상이 응모된 것으로 나타났다. 참여 고객의 약 77%가 1020세대다.공모전 참여 영상 중 가장 많은 비중을 차지한 주제는 대학 생활이고 여행, 패션, 음악 등 주제가 뒤를 이었다. 가장 많은 영상을 업로드한 고객은 혼자 201건의 영상을 제작해 응모했다.LG유플러스는 심사를 거쳐 우수작을 선정해 이달 셋째주 개별 발표할 예정이다. 최우수작을 제출한 30명은 싱가포르 구글 APAC 본사를 방문해 사옥 투어와 함께 구글 임직원 질의응답 세션에 참여할 수 있는 기회가 주어진다.개인 부문 수상자에게는 상금 30만원이, 대학 단위로 가장 많은 인원이 참가한 3개 대학에는 유쓰캠퍼스상과 함께 커피차가 제공된다. 참여자 전원에게는 나다운상이라는 이름으로 메가커피 바닐라라떼 쿠폰이 증정된다.이번 쇼츠 페스티벌은 구글과의 전략적 협력 일환으로 기획됐다. 앞서 LG유플러스는 지난 3월 스페인 바르셀로나에서 열린 MWC25에서 구글, 구글 클라우드와 함께 전방위 협력안을 발표하고 다양한 분야에서 협력을 확대하겠다고 밝힌 바 있다.LG유플러스는 앞으로도 유스 브랜드를 활용해 다양한 기업과 협업하며 Z세대 고객들에게 차별화된 고객경험을 제공할 방침이다. 정혜윤 LG유플러스 마케팅그룹장(상무)은 ""앞으로도 구글을 비롯한 다양한 파트너와 협업해 기술과 콘텐츠를 융합한 마케팅을 선보일 것""이라고 말했다."
https://n.news.naver.com/mnews/article/030/0003359441?sid=105,2025-10-16 09:11:11,IT/과학,"LGU+, 제주서 자율주행 청소차 시범운행","시범운행 차량이 제주 시내를 주행하며 도로를 청소하고 있는 모습.LG유플러스가 제주특별자치도와 함께 자율주행 노면청소차 시범운행 사업을 진행한다.이번 사업은 제주도가 추진하는 '도민체감형 자율주행 실증사업'의 일환이다. 신제주권역(12㎞)과 첨단권역(4.8㎞)에서 각각 매일 1회씩 두 차례 실시된다.청소차는 전기 트럭을 개조해 만든 자율주행 노면청소차 1대다. 자율주행 센서(라이다·카메라·레이더)와 실시간 통신모듈, 노면흡입 및 살수 분사 장치가 탑재됐다. 차량은 시속 10㎞ 이하로 주행하며 노면의 먼지·낙엽·쓰레기를 흡입·청소한다.운행은 자율주행 기술 스타트업 라이드플럭스가 담당하며 LG유플러스는 자율주행 차량의 통신 인프라와 원격 관제 플랫폼을 제공한다.특히 이번 차량에는 LG유플러스가 지난 2023년 수주한 자율주행기술개발혁신사업 정부 R&D 과제로 개발된 '연석 인지 기술'이 적용돼, 도심 주행 안정성과 청소 효율성을 모두 높였다.제주도는 이번 시범운행을 통해 이동인구가 많은 주요 도심 내 도로를 깨끗하게 유지하고, 스마트 기술을 활용한 '청정 도시 제주' 구현에 한 발 더 다가설 것으로 기대하고 있다.김수경 LG유플러스 서부기업고객담당은 “자율주행 기술은 이동 편의성뿐 아니라 도시의 안전과 청결을 높이는 영역으로 확장되고 있다”며, “LG유플러스는 통신과 관제 플랫폼을 기반으로 제주도의 자율주행 생태계 구축을 지원하고 스마트 환경관리 솔루션을 전국으로 확대해 나가겠다”고 말했다."
https://n.news.naver.com/mnews/article/014/0005420007?sid=105,2025-10-16 09:11:17,IT/과학,"LG U+, 제주도서 자율주행 노면청소차 시범운행","시범운행 차량이 제주 시내를 주행하며 도로를 청소하고 있는 모습. LG유플러스 제공LG유플러스는 제주특별자치도와 함께 자율주행 노면청소차 시범운행 사업을 진행한다고 16일 밝혔다.이번 사업은 제주도가 추진하는 ‘도민체감형 자율주행 실증사업’의 일환으로, 도심 내 주요 도로의 청결을 유지하고 친환경 기술을 접목한 청정 도시 구현을 목표로 한다. 신제주권역(12㎞)과 첨단권역(4.8㎞)에서 각각 매일 1회씩 두 차례 실시된다. 청소차는 전기 트럭을 개조해 만든 자율주행 노면청소차로, 자율주행 센서와 실시간 통신모듈, 노면흡입 및 살수 분사 장치를 탑재했다. 차량은 시속 10㎞ 이하로 주행하며 노면의 먼지·낙엽·쓰레기를 흡입·청소한다.운행은 자율주행 기술 스타트업 라이드플럭스가 담당하며 LG유플러스는 자율주행 차량의 통신 인프라와 원격 관제 플랫폼을 제공한다. 특히 이번 차량에는 LG유플러스가 지난 2023년 수주한 자율주행기술개발혁신사업 정부 R&D 과제로 개발된 ‘연석 인지 기술’을 적용해 도심 주행 안정성과 청소 효율성을 모두 높였다.제주도는 이번 시범운행을 통해 이동인구가 많은 주요 도심 내 도로를 깨끗하게 유지하고 스마트 기술을 활용한 ‘청정 도시 제주’ 구현에 한 발 더 다가설 것으로 기대하고 있다.김남진 제주도 혁신산업국장은 “이번 시범운행은 자율주행 기술을 활용해 도심 환경을 효율적으로 관리하고 제주도의 청정 이미지를 강화하는 혁신적인 시도”라며 “앞으로 관광형·물류형 등 다양한 서비스 모델로 확대해 도민과 관광객 모두가 체감할 수 있는 스마트 행정서비스를 제공하겠다”고 말했다.김수경 LG유플러스 서부기업고객담당(상무)은 “자율주행 기술은 이동 편의성뿐 아니라 도시의 안전과 청결을 높이는 영역으로 확장되고 있다”며 “LG유플러스는 통신과 관제 플랫폼을 기반으로 제주도의 자율주행 생태계 구축을 지원하고 스마트 환경관리 솔루션을 전국으로 확대해 나가겠다”고 밝혔다."
https://n.news.naver.com/mnews/article/629/0000434354?sid=105,2025-10-16 09:14:13,IT/과학,"LGU+, 제주도 자율주행 노면청소차 시범운행","'도민체감형 자율주행 실증사업' 일환도심 안정성·청소 효율성 강화LG유플러스가 제주특별자치도와 함께 자율주행 노면청소차 시범운행 사업을 진행한다. /LG유플러스LG유플러스는 제주특별자치도와 함께 자율주행 노면청소차 시범운행 사업을 진행한다고 16일 밝혔다.이번 사업은 제주도 '도민체감형 자율주행 실증사업'의 일환으로 도심 내 주요 도로의 청결을 유지하고 친환경 기술을 접목한 청정 도시 구현을 목표로 한다. 시범운행은 신제주권역(12㎞)과 첨단권역(4.8㎞)에서 각각 매일 1회씩 두 차례 실시된다.청소차는 전기 트럭을 개조한 자율주행 노면청소차 1대로, 라이다·카메라·레이더 등 센서와 실시간 통신모듈, 노면흡입 및 살수 분사 장치를 탑재했다. 시속 10㎞ 이하로 주행하며 도로의 먼지와 낙엽, 쓰레기를 흡입·청소한다.운행은 자율주행 기술 스타트업 라이드플럭스가 담당하고 LG유플러스는 차량 통신 인프라와 원격 관제 플랫폼을 제공한다. 이번 차량에는 LG유플러스가 2023년 정부 R&D 과제로 개발한 '연석 인지 기술'이 적용돼 도심 주행 안정성과 청소 효율성을 높였다.제주도는 그간 자율주행 버스 '탐라차'(901·902번), 운전석 없는 관광형 버스 '일출봉 Go', 물류형 자율주행 실증사업 등 다양한 체감형 서비스를 확대해왔다. 지난 8월에는 제주개발공사, 라이드플럭스, 로지스틱스와 협약을 체결해 내년부터 물류형 자율주행 서비스를 본격화할 계획이다.김남진 제주도 혁신산업국장은 ""이번 시범운행은 자율주행 기술을 활용해 도심 환경을 효율적으로 관리하고 제주도의 청정 이미지를 강화하는 시도""라며 ""관광형과 물류형 등 다양한 서비스 모델로 확대해 도민과 관광객이 체감할 수 있는 스마트 행정서비스를 제공하겠다""고 말했다.김수경 LG유플러스 서부기업고객담당은 ""자율주행 기술은 이동 편의성을 넘어 도시의 안전과 청결을 높이는 영역으로 확장되고 있다""며 ""LG유플러스는 통신과 관제 플랫폼을 기반으로 제주도의 자율주행 생태계 구축을 지원하고 스마트 환경관리 솔루션을 전국으로 확대하겠다""고 말했다.발로 뛰는 더팩트는 24시간 여러분의 제보를 기다립니다.▶카카오톡: '더팩트제보' 검색▶이메일: jebo@tf.co.kr▶뉴스 홈페이지: http://talk.tf.co.kr/bbs/report/write"
https://n.news.naver.com/mnews/article/421/0008541395?sid=105,2025-10-16 09:23:48,IT/과학,"LGU+, 유튜브와 함께한 영상 공모전에 3000명 참여","8월부터 두 달 간 영상 6800여 개 업로드LG유플러스 모델이 유쓰 쇼츠 페스티벌을 소개하는 모습. (LGU+ 제공)(서울=뉴스1) 이기범 기자 = LG유플러스(032640)가 유튜브와 함께 진행한 영상 공모전 '유쓰 쇼츠 페스티벌'에 3000여명의 고객이 참가했다고 16일 밝혔다. 두 달간 진행된 공모전에 올라온 영상은 6800여개로, 일평균 110여개 영상이 응모됐다.유쓰 쇼츠 페스티벌은 LG유플러스와 유튜브가 공동으로 진행한 영상 공모전이다. LG유플러스의 Z세대 전용 브랜드 '유쓰'(Uth)를 중심으로 '복잡한 디지털 환경 속에서 가장 나다운 모습'을 담은 영상을 제작해 업로드하는 방식으로 진행됐다.LG유플러스에 따르면 참여 고객 약 77%는 1020세대로 나타났다. 공모전 주제나 쇼츠 영상 중심의 형식이 Z세대의 높은 참여율을 이끈 것으로 풀이된다. 이어 30대 고객의 참여율이 높았다.공모전 영상 중 가장 큰 비중을 차지한 주제는 '대학 생활'이었다. 이어 여행, 패션, 음악 등 주제가 뒤를 이었다. 가장 많은 영상을 올린 고객은 혼자 201건의 영상을 제작해 응모했다. 또 5초 이하 영상부터 60초 이상 영상까지 다양한 형태의 영상이 응모됐다.LG유플러스는 심사를 거쳐 우수작을 선정해 10월 셋째 주 개별 발표할 예정이다. 최우수작을 제출한 30명에게는 싱가포르 구글 APAC 본사를 방문해 사옥 투어와 구글 임직원과의 질의응답 세션에 참여할 수 있는 기회가 제공된다.이번 공모전은 LG유플러스와 구글의 전략적 협력의 일환으로 진행됐다. 앞서 LG유플러스는 지난 3월 스페인 바르셀로나에서 열린 MWC25에서 구글, 구글 클라우드와 함께 전방위 협력안을 발표한 바 있다.정혜윤 LG유플러스 마케팅그룹장(상무)은 ""유쓰 쇼츠 페스티벌은 두 달 만에 수천 명의 참여를 이끌어낸 대규모 공모전으로, Z세대 참여가 두드러졌다는 점도 뜻깊다""며 ""앞으로도 구글을 비롯한 다양한 파트너와 협업해 기술과 콘텐츠를 융합한 마케팅을 선보일 것""이라고 말했다."
https://n.news.naver.com/mnews/article/031/0000972203?sid=105,2025-10-16 09:44:13,IT/과학,"LGU+, 제주도서 자율주행 노면청소차 시범운행","자율주행 기술 및 통신·관제 플랫폼 제공…청정 제주 실현LG유플러스(대표 홍범식)는 제주특별자치도와 함께 자율주행 노면청소차 시범운행 사업을 진행한다고 16일 밝혔다.시범운행 차량이 제주 시내를 주행하며 도로를 청소하고 있는 모습. [사진=LGU+]이 사업은 제주도가 추진하는 도민체감형 자율주행 실증사업 일환이다. 도심 내 주요 도로 청결을 유지하고 친환경 기술을 접목한 청정 도시 구현을 목표로 한다.청소차는 전기 트럭을 개조해 만든 자율주행 노면청소차 1대다. 자율주행 센서(라이다·카메라·레이더)와 실시간 통신모듈, 노면흡입 및 살수 분사 장치가 탑재됐다. 차량은 시속 10㎞ 이하로 주행하며 노면의 먼지·낙엽·쓰레기를 흡입·청소한다.운행은 자율주행 기술 스타트업 라이드플럭스가 담당한다. LG유플러스는 자율주행 차량의 통신 인프라와 원격 관제 플랫폼을 제공한다. 차량에는 LG유플러스가 2023년 수주한 자율주행기술개발혁신사업 정부 R&D 과제로 개발된 연석 인지 기술이 적용됐다. 도심 주행 안정성과 청소 효율성을 모두 높였다.제주도는 이동인구가 많은 주요 도심 내 도로를 깨끗하게 유지하고, 스마트 기술을 활용한 청정 도시 구현에 한 발 더 다가설 것으로 기대하고 있다.김남진 제주도 혁신산업국장은 ""자율주행 기술을 활용해 도심 환경을 효율적으로 관리하고 제주도 청정 이미지를 강화하는 혁신적인 시도""라며 ""관광형·물류형 등 다양한 서비스 모델로 확대해 도민과 관광객 모두가 체감할 수 있는 스마트 행정서비스를 제공하겠다""고 말했다."
https://n.news.naver.com/mnews/article/011/0004543935?sid=105,2025-10-16 09:45:10,IT/과학,"LG U+, 유튜브 함께한 ‘유쓰 쇼츠 페스티벌’에 3000명 참여","LG유플러스 모델이 유쓰 쇼츠 페스티벌을 소개하고 있다. 사진제공=LG유플러스[서울경제]LG유플러스(032640)가 유튜브와 함께 진행한 영상 공모전 ‘유쓰 쇼츠 페스티벌(Uth Shorts Festival)’에 3000여 명의 고객이 참가하며 성황리에 종료됐다고 16일 밝혔다. 두달간 공모전에 고객들이 업로드한 영상은 6800여 개로 일 평균 110여 개의 영상이 응모되며 인기를 끌었다.유쓰 쇼츠 페스티벌은 LG유플러스와 유튜브가 공동으로 진행한 영상 공모전이다. LG유플러스의 Z세대 전용 브랜드인 ‘유쓰(Uth)’를 중심으로 누구나 자유롭게 ‘복잡한 디지털 환경 속에서 가장 나다운 모습’을 담은 영상을 제작해 업로드하는 방식으로 진행됐다.LG유플러스가 참여 고객을 분석한 결과 약 77%는 1020세대로 나타났다. 공모전의 주제가 Z세대 전용 브랜드를 중심으로 이뤄진데다 Z세대가 쇼츠 영상에 익숙하다는 것이 높은 참여율의 배경으로 분석된다. 1020세대를 이어 참여율이 높은 고객은 30대로 나타났으며, 60대 고객도 공모전에 참여하는 등 전 세대에서 참여가 이뤄졌다.공모전 참여 영상 중 가장 많은 비중을 차지한 주제는 ‘대학 생활’로 나타났다. 이어 △여행 △패션 △음악 등 주제의 영상이 뒤를 이었다. 가장 많은 영상을 업로드한 고객은 혼자 201건의 영상을 제작해 응모했으며, 5초 이하 영상부터 가장 긴 60초 이상 영상까지 다양한 영상이 응모됐다.LG유플러스는 심사를 거쳐 우수작을 선정해 10월 셋째 주 개별 발표할 예정이다. 최우수작을 제출한 30명에게는 싱가포르 구글 APAC 본사를 방문해 사옥 투어와 구글 임직원과의 질의응답 세션에 참여할 수 있는 기회를 제공한다. 인기상·특별상·감독상 등 개인 부문 수상자에게는 상금 30만 원이 수여된다."
https://n.news.naver.com/mnews/article/029/0002987416?sid=105,2025-10-16 09:47:00,IT/과학,"LGU+, 제주서 자율주행 청소차 시범운행","LG유플러스는 제주특별자치도와 함께 자율주행 노면청소차 시범운행 사업을 한다고 16일 밝혔다.이번 사업은 제주도가 추진하는 '도민체감형 자율주행 실증사업'의 일환이다. 도심 내 주요 도로의 청결을 유지해 친환경 기술을 접목한 청정 도시를 구현다는 것이 목표다. 신제주권역(12㎞)과 첨단권역(4.8㎞)에서 각각 매일 1회씩 두 차례 시범운행한다.청소차는 전기 트럭을 개조해 만든 자율주행 노면청소차 1대다. 자율주행 센서(라이다·카메라·레이더)와 실시간 통신모듈, 노면흡입 및 살수 장치가 탑재됐다. 차량은 시속 10㎞ 이하로 주행하며 노면의 먼지·낙엽·쓰레기를 흡입·청소한다.운행은 자율주행 기술 스타트업 라이드플럭스가 담당한다. LG유플러스는 자율주행 차량의 통신 인프라와 원격 관제 플랫폼을 제공한다. 특히 이번 차량에는 LG유플러스가 지난 2023년 수주한 자율주행기술개발혁신사업 정부 연구개발(R&D) 과제로 개발된 '연석 인지 기술'이 적용됐다.제주도는 앞서 자율주행 버스 '탐라차'(901·902번), 운전석 없는 관광형 버스 '일출봉 고', 물류형 자율주행 실증사업 등 도민 체감형 자율주행 서비스를 확대했다. 또한 지난 8월 제주개발공사, 라이드플럭스, 로지스틱스와 협약해 내년부터는 물류형 자율주행 서비스를 본격화할 계획이다.김남진 제주도 혁신산업국장은 ""앞으로 관광형·물류형 등 다양한 서비스 모델로 확대해 도민과 관광객 모두가 체감할 수 있는 스마트 행정서비스를 제공하겠다""고 말했다.김수경 LG유플러스 서부기업고객담당은 ""통신과 관제 플랫폼을 기반으로 제주도의 자율주행 생태계 구축을 지원하고 스마트 환경관리 솔루션을 전국으로 확대하겠다""고 말했다.김나인 기자 silkni@dt.co.krLG유플러스가 제주도와 함께 시범운행하는 자율주행 노면청소차가 16일 도로를 청소하고 있다. LG유플러스 제공"
https://n.news.naver.com/mnews/article/011/0004543936?sid=105,2025-10-16 09:47:10,IT/과학,"자율주행 노면청소차…LGU+, 제주서 운행","신제주·첨단권역서 시범운행자율주행 기술 및 통신·관제 플랫폼 제공LG유플러스 기술이 적용된 자율주행 노면청소차가 제주 시내를 주행하며 도로를 청소하고 있다. 사진제공=LG유플러스[서울경제]LG유플러스가 제주특별자치도와 함께 자율주행 노면청소차 시범운행 사업을 진행한다고 16일 밝혔다.이번 사업은 제주도가 추진하는 ‘도민체감형 자율주행 실증사업’의 일환으로 도심 내 주요 도로의 청결을 유지하고 친환경 기술을 접목한 청정 도시 구현을 목표로 한다. 신제주권역(12㎞)과 첨단권역(4.8㎞)에서 각각 매일 1회씩 두 차례 실시된다.청소차는 전기 트럭을 개조해 만든 자율주행 노면청소차 1대다. 자율주행 센서(라이다·카메라·레이더)와 실시간 통신모듈, 노면흡입 및 살수 분사 장치가 탑재됐다. 차량은 시속 10㎞ 이하로 주행하며 노면의 먼지·낙엽·쓰레기를 흡입·청소한다.운행은 자율주행 기술 스타트업 라이드플럭스가 담당하고 LG유플러스는 자율주행 차량의 통신 인프라와 원격 관제 플랫폼을 제공한다. 이번 차량에는 LG유플러스가 2023년 수주한 자율주행기술개발혁신사업 정부 연구개발(R＆D) 과제로 개발된 ‘연석 인지 기술’이 적용돼 도심 주행 안정성과 청소 효율성을 모두 높였다.제주도는 이번 시범운행을 통해 이동인구가 많은 주요 도심 내 도로를 깨끗하게 유지하고 스마트 기술을 활용한 ‘청정 도시 제주’ 구현에 한 발 더 다가설 것으로 기대하고 있다. 김남진 제주도 혁신산업국장은 “이번 시범운행은 자율주행 기술을 활용해 도심 환경을 효율적으로 관리하고 제주도의 청정 이미지를 강화하는 혁신적인 시도”라며 “앞으로 관광형·물류형 등 다양한 서비스 모델로 확대해 도민과 관광객 모두가 체감할 수 있는 스마트 행정서비스를 제공하겠다”고 말했다. 김수경 LG유플러스 서부기업고객담당(상무)은 “자율주행 기술은 이동 편의성뿐 아니라 도시의 안전과 청결을 높이는 영역으로 확장되고 있다”며 “LG유플러스는 통신과 관제 플랫폼을 기반으로 제주도의 자율주행 생태계 구축을 지원하고 스마트 환경관리 솔루션을 전국으로 확대해 나가겠다”고 말했다."
https://n.news.naver.com/mnews/article/031/0000972242?sid=105,2025-10-16 10:27:11,IT/과학,"[현장] ""위험하다고 앞발 번쩍!""…에이전틱AI 로보독부터 스마트 굴삭기까지","AI 로봇개가 스스로 구조 신호 보내고, 굴삭기는 원격으로 예열제조·건설·미디어·커머스 등 산업별 에이전틱AI 체험 열기 후끈“안녕.”짧은 인사에 로봇이 머리를 끄덕이며 반응했다. 이내 천천히 걸음을 옮겨 순찰 지점으로 향했다. 탑재된 카메라가 회전하자 주변 360도를 훑는 화면이 모니터에 떴다. 작업자가 양손을 들며 구조를 요청하자 로봇이 두 발로 일어서 앞발을 번쩍 들었다. 위기 상황을 인식하자마자 스스로 구조 모션을 취한 것이다. 안전이 확인되자 잠시 후 로봇은 별다른 지시 없이 처음 위치로 돌아갔다.AWS AIx인더스트리 위크 2025 체험형 부스에서 에이전틱 로보독을 시연하고 있다. [사진=윤소진 기자]16일까지 서울 코엑스에서 열리는 ‘AI x 인더스트리 위크 2025’ 현장. AWS가 공개한 산업 안전용 ‘에이전틱 로보독(dog)'에 관람객들의 이목이 쏠렸다.중앙대 최종원 교수 연구팀이 AWS의 에이전틱 AI와 모델 컨텍스트 프로토콜(MCP) 기술을 결합해 개발한 지능형 로봇견 시스템이다. 인간의 지시 없이도 주변 상황을 자율적으로 분석해 스스로 행동한다.로봇 제어에는 AWS가 이번 행사 기간 공식 출시한 베드록 에이전트 코어가 사용됐다. 베드록 에이전트 코어는 AI에이전트 도입을 위한 운영, 보안, 도구 등이 모두 연동된 통합 플랫폼이다.AWS AIx인더스트리 위크 2025 체험형 부스에서 에이전틱 로보독을 시연하고 있다. [사진=윤소진 기자]사람이 “순찰해줘”처럼 자연어로 명령하면, 에이전트가 이를 로봇 제어 언어로 변환해 명령을 전달한다. 로봇이 보는 영상은 AWS IoT 코어와 키네시스 비디오 스트리밍을 통해 실시간으로 전송되고, 수집된 센서 데이터는 IoT 사이트와이즈 대시보드에서 모니터링된다.AWS 관계자는 ""에이전트 로보독은 에이전틱AI와 로봇의 융합을 통해 위험한 환경에서도 사람의 안전을 보장하고 효율적인 관제를 가능하게 하는 사례""라며 ""제조업이나 건설업처럼 사고 위험이 높은 산업 현장에서 활용할 수 있는 솔루션""이라고 설명했다.""더운 날엔 미리 냉방 켜두고""…건설장비, 앱으로 원격제어건너편에는 레고로 조립한 건설현장이 등장했다. HD현대인프라코어의 ‘마이디벨론(MY DEVELON)’ 부스로, 건설기계 관리 디지털 플랫폼을 직접 체험할 수 있는 공간이다. 축소 모형이지만 각종 중장비가 실제 현장처럼 작동해 눈길을 끌었다.마이디벨론은 AWS IoT 코어 기반으로 구축됐다. 스마트 굴삭기를 비롯한 건설장비의 데이터를 실시간으로 수집·분석해 장비 상태를 시각화하고 예측 정비를 지원하며, 효율적인 유지보수를 가능하게 한다.부스 담당자가 태블릿 화면에서 버튼을 누르니 모형 굴착기의 버킷이 실제 작업하는 것처럼 움직이기 시작했다. 장비에 탑재된 카메라가 실시간으로 주변을 비추자 화면엔 현장의 시야가 그대로 전송됐다. 관리자는 원격으로 장비 상태를 모니터링하고, 이상 신호가 감지되면 즉시 알람을 받을 수 있다. AWS IoT 코어와 키네시스 비디오 스트리밍 서비스가 연동된 구조다.HD현대인프라코어 부스에 건설 현장 모형의 중장비를 애플리케이션으로 제어하는 데모를 시연하고 있다. [사진=윤소진 기자]실제 굴삭기에서는 시동을 걸고 도어가 잠기며 램프를 켜는 작업도 가능하다. 공조 기능까지 원격으로 제어할 수 있다. 작업자가 탑승하기 전 장비를 미리 예열하거나, 더운 날씨엔 냉방을 켜두는 식이다.윤병찬 HD현대인프라코어 책임은 ""건설기계는 일반 차량보다 동작 반경이 넓고, 장비 상태가 곧 생계와 직결되기 때문에 유지보수가 무엇보다 중요하다”며 “AWS 기반 클라우드 인프라를 통해 장비의 안전성과 서비스 효율을 동시에 높이고 있다”고 말했다.몇 초 만에 AI 아바타 생성…12개 파트너사 솔루션 대거 공개바로 옆 애니펜 ‘베리모지(Verymoji)’ 부스에는 사진 촬영을 기다리는 사람들로 줄이 이어졌다. 관람객이 자신의 얼굴을 카메라에 비추면, AI가 몇 초 만에 아바타와 프로필 이미지를 생성했다. 하이앵글 스타일의 프로필 사진이나 스티커, 이모티콘까지 즉석에서 만들어지는 과정이 실시간으로 화면에 나타났다.애니펜은 아마존 노바(Amazon Nova) 기반 생성형 모델을 사용해 사용자의 의상·안경·표정 등 특징을 반영한 이미지를 생성하며, AI 운세·테스트·게임 콘텐츠 등으로 확장된 개인 맞춤형 서비스도 함께 선보였다.이밖에도 제조, 미디어, 커머스, 블록체인 등 다양한 산업군의 데모 부스가 마련됐다. 리테일·커머스 부문에서는 모비두가 자사몰 라이브커머스 솔루션 ‘소스라이브(SauceLive)’를 선보였다. 실시간 방송과 쇼룸 구성, AI 챗봇 상담, 방송 후 매출 데이터 분석까지 전 과정을 통합 관리할 수 있는 기능을 시연했다.람다256은 블록체인 기반 금융 혁신 솔루션 ‘클레어(Clair)’와 스테이블코인 관리 플랫폼 ‘스코프(SCOPE)’를 전시했다. 온톨로지 기반 데이터 분석과 규제 준수를 결합한 구조로, AWS EKS·RDS·S3·베드록 등 주요 서비스를 활용해 디지털 금융의 안정성을 강조했다.미디어 부문에서는 한국일보가 AI 사진 분류 시스템 ‘FACT’를 소개했다. 아마존 레코그니션으로 인물·행동을 자동 태깅해 기자가 “웃는 대통령”처럼 문장으로 검색만 해도 사진을 즉시 찾을 수 있는 기능이 시연됐다.세션 발표장으로 이동하는 길목에는 대형 미디어 아트가 관람객의 시선을 붙잡았다. 래빗워크가 제작한 영상으로, AWS 데드라인 클라우드와 아마존 베드록기반 생성형 AI 모델을 활용해 구현됐다. 다채로운 색과 입체적인 그래픽으로 구성된 영상은 ‘AI와 산업의 연결(Connect)’을 주제로 산업 현장의 움직임과 데이터 흐름을 시각적으로 표현했다.현장에는 AWS 파트너사 △메가존클라우드 △베스핀글로벌 △센드버드 △솔트웨어 △플리토 △슈퍼브AI △두산 △삼성SDS △교보문고 △LG CNS △수퍼톤 △LG U+ 등 12곳이 부스를 열고 산업별 에이전틱AI 활용 사례와 대표 솔루션을 소개했다.AWS 관계자는 ""이번 전시 부스는 에이전틱AI를 실제 산업 현장에 즉시 적용할 수 있을 만큼 완성도 높은 솔루션을 보유한 국내 파트너사를 중심으로 선정했다”며 “산업별 적용 가능성과 기술 성숙도를 함께 보여주는 데 초점을 맞췄다”고 말했다.‘AWS AI x 인더스트리 위크 2025’는 오는 16일까지 서울 코엑스 더 플라츠에서 열린다. 에이전틱AI의 산업별 적용 전략과 성과를 확인할 수 있는 자리로, 게임·제조·리테일·소프트웨어·금융 등 5개 산업에서 60여 개의 세션과 데모가 진행된다. 마지막 날인 16일은 인터넷 및 금융을 주제로 카카오, 쿠팡, 야놀자, 삼성화재, 우리은행, KB증권, 케이뱅크, 핀다, 코빗, 토스 등이 트랙 세션을 진행한다.(왼쪽 위부터 시계방향) 래빗워크 아트 월·산업별 에이전틱 AI 적용 사례 데모 부스·AWS 파트너 부스. [사진=윤소진 기자]"
https://n.news.naver.com/mnews/article/016/0002542829?sid=105,2025-10-16 11:29:26,IT/과학,"LGU+,  ‘자율주행 청소차’ 제주 도로 쓰레기 치운다","신제주·첨단권역서 시범운행자율주행 통신·관제 플랫폼 제공LG유플러스가 진행하는 노면청소차 시범운행 사업의 차량이 제주 시내를 주행하며 도로를 청소하고 있는 모습 [LG유플러스 제공]LG유플러스는 제주특별자치도와 함께 자율주행 노면청소차 시범운행 사업을 진행한다고 16일 밝혔다.이번 사업은 제주도가 추진하는 ‘도민체감형 자율주행 실증사업’의 일환으로, 도심 내 주요 도로의 청결을 유지하고 친환경 기술을 접목한 청정 도시 구현을 목표로 한다. 신제주권역(12㎞)1과 첨단권역(4.8㎞)2에서 각각 매일 1회씩 두 차례 실시된다.사업에 활용되는 청소차는 전기트럭을 개조해 만든 자율주행 노면청소차 1대다. 자율주행 센서(라이다·카메라·레이더)와 실시간 통신 모듈, 노면 흡입 및 살수 분사 장치가 탑재됐다. 차량은 시속 10㎞ 이하로 주행하며 노면의 먼지·낙엽·쓰레기를 흡입·청소할 예정이다.LG유플러스는 자율주행 차량의 통신 인프라와 원격 관제 플랫폼을 제공할 계획이다. 특히 LG유플러스가 지난 2023년 수주한 자율주행기술개발혁신사업 정부 연구개발(R&D) 과제로 개발된 ‘연석 인지 기술’이 차량에 적용, 도심 주행 안정성과 청소 효율성을 높였다. 차량 운행은 자율주행 기술 스타트업 라이드플럭스가 담당한다.제주도는 이번 시범운행을 통해 이동 인구가 많은 주요 도심 내 도로를 깨끗하게 유지하고, 스마트 기술을 활용한 ‘청정 도시 제주’ 구현을 실현할 것으로 기대하고 있다.앞서 제주도는 ▷자율주행 버스 ‘탐라차’(901·902번) ▷운전석 없는 관광형 버스 ‘일출봉 Go’ ▷물류형 자율주행 실증사업 등 도민 체감형 자율주행 서비스를 확대해 왔다. 또 지난 8월 제주개발공사, 라이드플럭스, 로지스틱스와 협약을 체결해 내년부터 물류형 자율주행 서비스를 본격화할 계획이다.김남진 제주도 혁신산업국장은 “이번 시범운행은 자율주행 기술을 활용해 도심 환경을 효율적으로 관리하고, 제주도의 청정 이미지를 강화하는 혁신적인 시도”라며 “앞으로 관광형·물류형 등 다양한 서비스 모델로 확대해 도민과 관광객 모두가 체감할 수 있는 스마트 행정서비스를 제공하겠다”고 말했다.김수경 LG유플러스 서부기업고객담당은 “자율주행 기술은 이동 편의성뿐 아니라 도시의 안전과 청결을 높이는 영역으로 확장되고 있다”며 “LG유플러스는 통신과 관제 플랫폼을 기반으로 제주도의 자율주행 생태계 구축을 지원하고 스마트 환경관리 설루션을 전국으로 확대해 나가겠다”고 말했다. 차민주 기자"
https://n.news.naver.com/mnews/article/021/0002742980?sid=101,2025-10-16 11:44:24,경제,"LGU+, 제주서 자율주행 도로 청소차 시범운행","LG유플러스는 제주특별자치도와 공동으로 자율주행 노면청소차(사진) 시범운행 사업을 실시한다고 16일 밝혔다.청소차는 전기 트럭을 개조해 만든 자율주행 노면청소차(1대)로 자율주행 센서와 실시간 통신모듈, 노면 흡입 및 살수 분사 장치가 탑재됐다. 차량은 시속 10㎞ 이하로 주행, 신제주권역(12㎞)과 첨단권역(4.8㎞)에서 각각 매일 한 번씩 청소를 진행할 예정이다."
https://n.news.naver.com/mnews/article/018/0006139420?sid=105,2025-10-16 12:34:13,IT/과학,"LG유플러스, 자율주행 청소차로 ‘청정 제주’ 앞장선다","제주도와 손잡고 신제주·첨단권역서 시범운행통신·관제 플랫폼 기반 스마트 환경관리 실현자율주행 기술은 라이드플럭스, LG U+는 관제[이데일리 김현아 기자] LG유플러스(032640)가 제주특별자치도와 손잡고 자율주행 노면청소차 시범운행 사업을 시작한다.이번 프로젝트는 ‘도민 체감형 자율주행 실증사업’의 일환으로, 제주 도심 도로의 청결 유지와 친환경 기술을 결합해 ‘스마트 청정 도시’를 구현하는 것을 목표로 한다.LG유플러스는 16일 “제주 신제주권역(12㎞)과 첨단권역(4.8㎞)에서 하루 두 차례 자율주행 청소차가 운행을 시작한다”고 밝혔다.사진은 제주 시내를 주행하며 도로를 청소 중인 자율주행 청소차.시속 10㎞ 이하 자율주행 청소차, 도심 곳곳 누빈다이번 시범운행에 투입되는 차량은 전기 트럭을 개조한 자율주행 노면청소차로, 라이다(LiDAR)·카메라·레이더 등 자율주행 센서와 실시간 통신 모듈, 흡입·살수 장치를 탑재했다.차량은 시속 10㎞ 이하로 주행하며, 도로의 먼지·낙엽·쓰레기를 흡입하고 물을 분사해 청소한다.운행은 자율주행 기술 스타트업 라이드플럭스(RideFlux)가 담당하며, LG유플러스는 자율주행 차량의 5G 통신 인프라와 원격 관제 플랫폼을 제공한다.특히 이번 차량에는 LG유플러스가 2023년 정부 R&D 과제로 개발한 ‘연석 인지 기술’이 적용돼 도심 내 복잡한 환경에서도 차선 이탈 방지와 청소 효율성을 동시에 높였다.제주도는 이번 시범운행을 통해 도심 주요 구간의 청결도를 높이고, 스마트 기술을 활용한 ‘청정 제주’ 이미지를 강화한다는 계획이다.제주도는 이미 ▲자율주행 버스 ‘탐라차(901·902번)’ ▲운전석 없는 관광형 버스 ‘일출봉 Go’ ▲물류형 자율주행 실증사업 등을 통해 도민 생활에 밀접한 자율주행 서비스를 단계적으로 확대해왔다.또한 지난 8월에는 제주개발공사·라이드플럭스·로지스틱스와 협약을 맺고 내년부터 물류형 자율주행 서비스 상용화에도 나설 예정이다.김남진 제주도 혁신산업국장은 “자율주행 기술을 활용해 도심 환경을 효율적으로 관리하고, 제주도의 청정 이미지를 높이는 혁신적 시도”라며 “향후 관광·물류 등 다양한 서비스 모델로 확대해 도민과 관광객이 체감하는 스마트 행정서비스를 제공하겠다”고 밝혔다.김수경 LG유플러스 서부기업고객담당(상무)은 “자율주행 기술은 이동 편의성을 넘어 도시의 안전과 청결까지 책임지는 기술로 진화하고 있다”며 “LG유플러스는 통신과 관제 플랫폼을 기반으로 제주 자율주행 생태계 구축을 지원하고, 스마트 환경관리 솔루션을 전국으로 확산시켜 나가겠다”고 말했다."
https://n.news.naver.com/mnews/article/241/0003471648?sid=105,2025-10-16 13:07:44,IT/과학,"LGU+, 제주서 자율주행 노면청소차 시범 운행","LG유플러스는 제주특별자치도와 함께 자율주행 노면청소차 시범 운행 사업을 진행한다고 16일 밝혔다.이번 사업은 제주도가 추진하는 '도민체감형 자율주행 실증사업'의 일환이다. 신제주권역(12㎞)과 첨단권역(4.8㎞)에서 각각 매일 1회씩 두 차례 실시된다.청소차는 전기 트럭을 개조해 만든 자율주행 노면청소차 1대다. 자율주행 센서(라이다·카메라·레이더)와 실시간 통신 모듈, 노면 흡입 및 살수 분사 장치가 탑재됐다. 차량은 시속 10㎞ 이하로 주행하며 노면의 먼지·낙엽·쓰레기를 흡입·청소한다.운행은 자율주행 기술 스타트업 라이드플럭스가 담당하며, LG유플러스는 자율주행 차량의 통신 인프라와 원격 관제 플랫폼을 제공한다.김수경 LG유플러스 서부기업고객담당은 ""통신과 관제 플랫폼을 기반으로 제주도의 자율주행 생태계 구축을 지원하고 스마트 환경 관리 솔루션을 전국으로 확대해 나가겠다""고 말했다.정길준 기자 kjkj@edaily.co.kr"
https://n.news.naver.com/mnews/article/119/0003013251?sid=105,2025-10-16 13:51:13,IT/과학,"LGU+, 유튜브와 Z세대 공략…‘유쓰 쇼츠 페스티벌’에 3000명 몰려","지난8월부터 두 달 간 영상6800여 개 업로드…일 평균110여개 영상 응모LG유플러스 모델이 유쓰 쇼츠 페스티벌을 소개하는 모습.ⓒLG유플러스[데일리안 = 조인영 기자] LG유플러스는 유튜브와 함께 진행한 영상 공모전 ‘유쓰 쇼츠 페스티벌(Uth Shorts Festival)’에 3000여명의 고객이 참가했다고 16일 밝혔다. 두 달간 공모전에 고객들이 업로드한 영상은 6800여 개로, 일 평균 110여 개의 영상이 응모됐다.‘유쓰 쇼츠 페스티벌’은 LG유플러스와 유튜브가 공동으로 진행한 영상 공모전으로, LG유플러스의 Z세대 전용 브랜드인 ‘유쓰(Uth)’를 중심으로 누구나 자유롭게 ‘복잡한 디지털 환경 속에서 가장 나다운 모습’을 담은 영상을 제작해 업로드하는 방식으로 진행됐다.LG유플러스가 참여 고객을 분석한 결과, 약 77%는 1020세대로 나타났다. 공모전의 주제가 Z세대 전용 브랜드를 중심으로 이뤄진데다, Z세대가 쇼츠 영상에 익숙하다는 것이 높은 참여율의 배경으로 분석된다. 1020세대를 이어 참여율이 높은 고객은 30대로 나타났으며, 60대 고객도 공모전에 참여하는 등 전 세대에서 참여가 이뤄졌다.공모전 참여 영상 중 가장 많은 비중을 차지한 주제는 ‘대학 생활’로 나타났다. 이어 ▲여행 ▲패션 ▲음악 등 주제의 영상이 뒤를 이었다. 가장 많은 영상을 업로드한 고객은 혼자 201건의 영상을 제작해 응모했으며, 5초 이하 영상부터 가장 긴 60초 이상 영상까지 다양한 영상이 응모됐다.이번 공모전을 통해 유튜브에 처음으로 쇼츠 영상을 업로드한 참여자가 전체의 절반을 넘어섰다. 기존에 영상 시청 위주로 플랫폼을 이용하던 1020 세대가 직접 콘텐츠 제작에 나서는 계기를 마련한 셈이다.LG유플러스는 심사를 거쳐 우수작을 선정해 10월 셋째 주 개별 발표할 예정이다. 최우수작을 제출한 30명에게는 싱가포르 구글 APAC 본사를 방문해 사옥 투어와 구글 임직원과의 질의응답 세션에 참여할 수 있는 기회를 제공한다.인기상·특별상·감독상 등 개인 부문 수상자에게는 상금 30만 원이 수여된다. 대학 단위로 가장 많은 인원이 참가한 3개 대학에는 ‘유쓰캠퍼스상’과 함께 커피차가 제공되고, 참여자 전원에게는 ‘나다운상’이라는 이름으로 메가커피 바닐라라떼 쿠폰이 증정된다.이번 쇼츠 페스티벌은 LG유플러스와 구글의 전략적 협력의 일환으로 기획됐다. 앞서 LG유플러스는 지난 3월 스페인 바르셀로나에서 열린 MWC25에서 구글, 구글 클라우드와 함께 전방위 협력안을 발표하고 다양한 분야에서 협력을 확대하겠다고 밝히기도 했다.정혜윤 LG유플러스 마케팅그룹장(상무)은 “유쓰 쇼츠 페스티벌은 두 달 만에 수천 명의 참여를 이끌어낸 대규모 공모전으로, Z세대 참여가 두드러졌다는 점도 뜻깊다”며 “앞으로도 구글을 비롯한 다양한 파트너와 협업해 기술과 콘텐츠를 융합한 마케팅을 선보일 것”이라고 말했다."
https://n.news.naver.com/mnews/article/031/0000972336?sid=105,2025-10-16 14:47:08,IT/과학,"LGU+, '유쓰 쇼츠 페스티벌' 성황리 종료","Z세대 중심 참여 두드러져…공모 영상 6800건 몰려LG유플러스는 유튜브가 공동 진행한 영상 공모전 '유쓰 쇼츠 페스티벌(Uth Shorts Festival)'가 약 3000명의 고객이 참여하며 성공적으로 마무리됐다고 16일 밝혔다.사진은 LG유플러스 모델이 유쓰 쇼츠 페스티벌을 소개하는 모습. [사진=LGU+]이번 공모전은 지난 두 달간 진행됐으며, 고객이 업로드한 영상은 총 6800건에 달했다. 하루 평균 약 110건의 영상이 응모돼 Z세대 중심의 공모전으로 인기를 끌었다.'유쓰 쇼츠 페스티벌'은 LG유플러스의 Z세대 전용 브랜드 '유쓰(Uth)'를 중심으로, 디지털 환경 속 자신다운 모습을 주제로 한 1분 이내 영상 공모전이다. 유튜브 플랫폼을 통해 누구나 자유롭게 참여할 수 있도록 기획됐다.LG유플러스는 응모 고객 분석 결과 약 77%가 10대와 20대로 나타났다고 밝혔다. Z세대가 쇼츠 콘텐츠에 익숙하고, 브랜드 콘셉트와도 맞아떨어진 점이 높은 참여율의 배경으로 분석된다. 이어 30대와 60대 이상 세대도 참여하는 등 다양한 연령층의 호응을 얻었다.공모 영상 중 가장 많은 주제는 '대학 생활'이었으며, △여행 △패션 △음악 등의 콘텐츠가 뒤를 이었다. 한 참가자는 혼자서 201건의 영상을 올리기도 했고, 영상 길이도 5초 미만부터 60초 이상까지 다양했다.특히 이번 공모전을 통해 유튜브에 처음으로 쇼츠 영상을 올린 참여자가 전체의 절반을 넘는 것으로 나타났다. 기존에 시청 위주로 플랫폼을 이용하던 1020세대가 직접 제작자로 나서는 계기를 마련했다는 평가다.LG유플러스는 심사를 거쳐 오는 10월 셋째 주에 수상작을 발표할 예정이다. 최우수작 수상자 30명에게는 싱가포르 구글 아시아태평양(APAC) 본사 방문 기회를 제공하며, 인기상·특별상·감독상 수상자에게는 각각 30만원의 상금이 수여된다. 가장 많은 인원이 참가한 3개 대학에는 '유쓰캠퍼스상'과 커피차가 전달되고, 전원에게는 '나다운상'으로 메가커피 바닐라라떼 쿠폰이 제공된다.이번 공모전은 LG유플러스와 구글 간 전략적 협업의 일환으로 기획됐다. 앞서 LG유플러스는 지난 3월 스페인 바르셀로나에서 열린 'MWC25'에서 구글 및 구글 클라우드와 협력 확대 계획을 발표한 바 있다.정혜윤 LG유플러스 마케팅그룹장(상무)은 ""'유쓰 쇼츠 페스티벌'은 두 달 만에 수천 명의 참여를 이끈 대규모 공모전으로, Z세대의 자발적인 콘텐츠 제작 참여가 두드러졌다""며 ""앞으로도 다양한 파트너와 협업해 기술과 콘텐츠를 융합한 마케팅을 이어가겠다""고 말했다."
https://n.news.naver.com/mnews/article/014/0005420424?sid=101,2025-10-16 18:11:11,경제,"애경, SK스토아 인수 저울질… 유통 강화 의지","AK플라자 통해 인수 타진중방송 연계 온·오프 시너지낼듯상품 판매채널 다각화 기대감이랜드·LGU+도 인수 후보에시장에 매물로 나온 데이터홈쇼핑업체 SK스토아의 유력한 인수 후보로 애경그룹이 거론되고 있다. 백화점(AK플라자)과 홈쇼핑, 방송 콘텐츠 사업을 연계해 유통사업을 강화하려는 움직임으로 해석되고 있다.NC백화점을 운영하는 이랜드리테일과 LG유플러스도 잠재적인 인수 후보로 꼽히고 있다.16일 업계에 따르면 SK텔레콤이 비핵심 사업 정리의 일환으로 자회사 SK스토아와 SK브로드밴드가 운영하는 방송채널(PP) '채널S' 매각을 추진하면서 인수 후보에 관심이 쏠리고 있다.현재 복수의 인수의향자가 실사를 진행 중인 것으로 알려진 가운데 애경그룹이 백화점 계열사인 AK플라자를 통해 인수를 타진 중인 것으로 파악됐다. 애경그룹이 SK스토아를 인수하면 AK플라자와 방송 사업을 연계해 온·오프라인 유통망 강화라는 시너지를 얻을 수 있다.유통업계 한 관계자는 ""SK스토아를 인수할 경우, AK플라자와의 오프라인 시너지가 기대된다""며 ""현재 AK플라자가 수도권 외곽 중심의 거점형 점포 위주라 브랜드 인지도 확장이 어렵지만 TV채널을 보유하면 고객 접점을 확대하고 상품 판매 채널을 다각화할 수 있을 것""이라고 말했다.업계에서는 이랜드리테일과 LG유플러스도 인수 후보로 거론되고 있다. 이랜드리테일은 2019년 AK플라자가 철수한 구로점 자리를 이어받아 NC백화점으로 새 단장을 한 전력이 있다. LG유플러스는 통신 3사 중 유일하게 T커머스 채널이 없어 시장 진입의 기회가 될 수 있다.유력한 인수 후보로 떠오른 애경은 유통 사업 확장 의지를 꾸준히 보여왔다. 2006년 말부터 2007년 초 사이 삼성물산의 유통부문을 인수해 AK플라자를 출범시키며 '제2의 도약'을 선언한 바 있다. 모태는 소비재 기업인 애경유지공업이지만, 당시 백화점 사업 진출을 계기로 유통업에 진출하며 그룹 포트폴리오를 다각화했다. 그러나 오프라인 사업 성장세가 정체되면서 최근 들어 유통 부문 경쟁력 강화 방안을 다시 모색하는 것으로 전해졌다.일각에서는 이번 SK스토아 매각을 '콘텐츠 커머스형 유통 모델' 구축의 일환으로 보는 시각도 있다. 방송 제작부터 송출, 상품 판매까지 이어지는 밸류체인을 한 번에 확보할 수 있어 신세계가 추진하는 '미디어 커머스' 모델과 유사한 방향성을 띨 수 있다는 것이다. 신세계는 2020년 콘텐츠 자회사 '마인드마크'를 세우고 드라마 제작사 '실크우드', '스튜디오329' 지분을 인수하며 콘텐츠 역량 강화에 나섰다. 이를 기반으로 미디어와 커머스를 결합한 신규 사업 모델을 구상 중이다.애경이 SK스토아 인수에 관심을 보이는 것도 이러한 흐름과 맞닿아 있다는 분석이다. 백화점과 온라인몰을 보유한 애경이 SK스토아와 채널S를 함께 품으면 콘텐츠 제작과 유통 채널을 동시에 확보해 브랜드 노출과 판매 시너지를 극대화할 수 있다.다만, 애경산업 매각을 추진 중인 애경그룹의 재무 여건상 실제 인수로 이어질지는 미지수다. 애경그룹 관계자는 ""사실무근""이라며 ""재무구조 개선에 집중하고 있다""고 선을 그었다."
https://n.news.naver.com/mnews/article/005/0001808276?sid=101,2025-10-17 00:05:12,경제,청소차도 자율주행… LGU+ 제주서 시범운행,"LG유플러스는 제주특별자치도와 함께 자율주행 청소차(사진) 시범운행 사업을 시작한다고 16일 밝혔다. 전기 트럭을 개조해 만든 자율주행 도로면 청소차는 신제주권역과 첨단 권역에서 매일 1회씩 운행한다. 라이다(LiDAR)·카메라·레이더 등 자율주행 센서와 실시간 통신모듈, 노면 흡입 및 살수 분사 장치가 탑재된 차량은 시속 10㎞ 이하로 주행하며 길 위의 낙엽과 쓰레기, 먼지를 빨아들이고 물을 뿌려 청소한다.LG유플러스는 자율주행 청소차의 통신 인프라와 원격 관제 플랫폼을 담당한다. 운행은 자율주행 기술 스타트업 라이드플럭스가 맡았다. 차량에는 2023년 정부 연구개발 과제로 개발한 ‘연석(도로경계석) 인지 기술’이 적용돼 주행 안정성과 청소 효율성을 모두 높였다는 게 LG유플러스 설명이다."
https://n.news.naver.com/mnews/article/011/0004544477?sid=105,2025-10-17 11:13:13,IT/과학,"배경훈 부총리, 통신사 긴급 면담 실시…해킹 예방 노력 요청","SKT·LGU+ 대표 등 참석[서울경제]배경훈 부총리 겸 과학기술정보통신부 장관은 17일 통신분야 임원진과 긴급 면담을 실시했다. 이 자리에서 배 부총리는 연이은 해킹 사고로 국민의 신뢰가 떨어진 상황에서 예방을 위한 각별한 노력을 요구했다.배 부총리는 이날 유영상 SK텔레콤 대표, 홍범식 LG유플러스 대표 및 양사 CISO와 연석 회동을 열고 “일련의 사태를 엄중하게 인식하고 있으며 국민 신뢰 회복과 해킹사고 예방을 위해 정보보호 쇄신을 위한 통신사의 자체적인 노력을 요청한다”고 말했다. 또한 “본격적인 인공지능(AI) 시대를 대비해 국민 체감 AI 서비스 제공, AI 인프라 투자, 스타트업 생태계 육성을 위한 투자 및 지원 확대 등 적극적인 역할을 당부한다”고 덧붙였다.나아가 “통신사는 모든 국민들이 이용하는 핵심 인프라를 운영하는 만큼, 보안에 대한 막중한 책무를 가지고 전사적인 노력을 다해야 한다.”라고 촉구하면서 “이와 함께 국가 AI 생태계 육성을 위해서도 힘써주길 바란다”고 당부했다."
https://n.news.naver.com/mnews/article/003/0013540652?sid=105,2025-10-17 11:35:06,IT/과학,"배경훈 부총리, SKT·LGU+ CEO 긴급 면담…""보안 전사적 노력"" 주문","배 부총리 ""연이은 해킹 사태 엄중하게 인식""""신뢰 회복, 사고 예방에 정보보호 쇄신 노력""국민 체감 AI 서비스 제공 등 투자·지원 당부[서울=뉴시스] 김진아 기자 = 배경훈 부총리 겸 과학기술정보통신부 장관 (사진=과학기술정보통신부 제공) 2025.10.03. photo@newsis.com *재판매 및 DB 금지[서울=뉴시스]박은비 기자 = 과학기술정보통신부는 배경훈 부총리 겸 과기정통부장관이 17일 통신 분야 최고경영자(CEO)·최고보안책임자(CISO)와 긴급 면담을 실시했다고 밝혔다.배 부총리는 참석자들에게 연이은 해킹 사고로 국민 신뢰가 많이 떨어진 상황에서 일련의 사태를 엄중하게 인식하고 있다고 했다. 또 국민 신뢰 회복과 해킹 사고 예방을 위해 통신사 자체적인 정보보호 쇄신 노력을 요청했다.이와 함께 본격적인 인공지능(AI) 시대를 대비해 국민 체감 AI 서비스 제공과 AI 인프라 투자, AI 스타트업 생태계 육성을 위한 투자·지원 확대 등 통신사의 적극적인 역할도 당부했다.배 부총리는 ""통신사는 모든 국민들이 이용하는 핵심 인프라를 운영하는 만큼 보안에 막중한 책무를 가지고 전사적인 노력을 다해야 한다""며 ""국가 AI 생태계 육성을 위해서도 힘써주길 바란다""고 말했다."
https://n.news.naver.com/mnews/article/001/0015684260?sid=100,2025-10-17 12:11:43,정치,"SKT·LGU+ CEO·CISO 한자리에…과기부총리 ""AI·보안 다급""(종합)","과기부총리, 잇단 해킹 사고에 보안 점검·이용자 보호 당부AI 인프라 구축 병행해 글로벌 경쟁력 확보도 주문(서울=연합뉴스) 조성미 기자 = 배경훈 부총리 겸 과학기술정보통신부 장관이 17일 통신사 최고경영자(CEO), 최고보안책임자(CISO)와 만나 사이버 보안 대책 강화와 인공지능(AI) 투자 활성화 등을 주문했다.통신 당국과 업계에 따르면 배 부총리는 이날 서울 종로구에서 유영상 SK텔레콤 대표, 홍범식 LG유플러스 대표 및 양 사 CISO와 연석 회동을 열어 최근 통신사에서 잇따른 해킹 사고와 이용자 정보 유출에 대한 각별한 주의를 당부했다.KT는 무단 소액결제 및 해킹 사태에 대한 조사가 진행 중이어서 제외된 것으로 알려졌다.배 부총리는 일련의 사이버 보안 사고를 엄중하게 인식하고 있다며 국민 신뢰 회복과 해킹 예방을 위한 정보 보호 쇄신 노력을 요청했다고 과기정통부는 밝혔다.아울러 본격적인 AI 시대를 대비해 국민 체감형 AI 서비스 제공, AI 인프라 투자, AI 스타트업 생태계 육성 등에서 통신업계의 적극적인 역할도 당부했다.배 부총리는 ""통신사는 모든 국민이 이용하는 핵심 인프라를 운영하는 만큼 보안에 대한 막중한 책무를 가지고 전사적인 노력을 다해야 한다""며 ""이와 함께 국가 AI 생태계 육성을 위해서도 힘써주길 바란다""고 강조했다.배 부총리는 지난 2일 네이버, 카카오, 쿠팡, 우아한형제들 등 주요 플랫폼사 CEO, CISO와도 연석회의를 열어 정보 보호 강화를 당부했다.'산업 전반의 AX 정책 협력 MOU' 참석한 배경훈 부총리(서울=연합뉴스) 이동해 기자 = 배경훈 부총리 겸 과학기술정보통신부 장관이 15일 서울 종로구 광화문 교보빌딩 국가과학기술자문회의 대회의실에서 열린 '산업 전반의 AX 정책 협력 MOU 체결식'에서 인사말을 하고 있다. 2025.10.15 eastsea@yna.co.krcsm@yna.co.kr"
https://n.news.naver.com/mnews/article/008/0005264377?sid=105,2025-10-17 13:36:39,IT/과학,"배경훈, SKT·LGU+ 대표 긴급 면담 ""전사적으로 보안 노력""","배경훈 부총리 겸 과학기술정보통신부 장관이 15일 서울 종로구 교보생명빌딩 국가과학기술자문회의에서 열린 산업 전반의 AX 정책협력 Mou체결식에서 발언하고 있다. /사진=뉴스1배경훈 부총리 겸 과기정통부장관이 연이은 해킹사고로 국민 신뢰가 떨어진 통신분야 CEO(최고경영자)·CISO(최고정보보호책임자)와 17일 긴급 면담을 가졌다. 이날 면담에는 SK텔레콤, LG유플러스 등 2개사가 참가했다.배경훈 부총리는 일련의 사태를 엄중하게 인식하고 있으며, 국민 신뢰 회복과 해킹사고 예방을 위해 정보보호 쇄신을 위한 통신사 자체적인 노력을 요청했다. 더불어 본격적인 AI 시대를 대비해 국민체감 AI 서비스 제공, AI 인프라 투자, AI 스타트업 생태계 육성을 위한 투자·지원 확대 등 통신사의 적극적인 역할을 당부했다.배경훈 부총리는 ""통신사는 모든 국민들이 이용하는 핵심 인프라를 운영하는 만큼, 보안에 대한 막중한 책무를 가지고 전사적인 노력을 다해야 한다""며 ""이와 함께 국가 AI 생태계 육성을 위해서도 힘써주길 바란다""고 말했다."
https://n.news.naver.com/mnews/article/640/0000078378?sid=102,2025-10-17 13:56:19,사회,"Two months later, gov't admits hackers accessed internal platforms, digital certificates","The government complex in Sejong is seen on Aug. 28, 2022. [YONHAP]The Korean government officially acknowledged Friday that hackers had accessed the Onnara system — a government work management platform — and administrative digital signature certificates called the government public key infrastructure (GPKI), which are essential for civil servant authentication.Authorities said they are investigating how the breach occurred and assessing the extent of the damage, while also implementing new security measures.During a press briefing at the government complex in Sejong, the Ministry of the Interior and Safety confirmed that “in mid-July, the National Intelligence Service (NIS) discovered signs that an external party accessed the Onnara system via the Government Virtual Private Network (G-VPN).”Two months to acknowledge hackingThe statement came two months after a report by Phrack Magazine, a U.S.-based cybersecurity publication, claimed that the Ministry of the Interior and Safety, Ministry of Foreign Affairs, Ministry of Unification, Ministry of Oceans and Fisheries, telecom companies KT and LG U+ and private tech firms including Daum, Kakao and Naver, had all been targeted by hackers.Until now, the Korean government had remained silent, but on Friday, it acknowledged the report’s claims were accurate.The NIS is currently working with relevant agencies to determine how the breach occurred and to evaluate the scope of any data leaks. While the Ministry of the Interior and Safety said there has been no confirmed leak of government documents so far, it did not rule out the possibility of such leaks being uncovered during the investigation.Lee Yong-seok, head of the digital government innovation office at the Interior Ministry, speaks during a press briefing at the government complex in Sejong on Oct. 17. [NEWS1]In response to the breach, the government has taken steps to strengthen its cybersecurity protocols.“Since Aug. 4, remote access to the G-VPN has required not only digital signature authentication but also phone-based verification,” said Lee Yong-seok, head of the digital government innovation office at the Interior Ministry. “Additionally, we completed measures to prevent the reuse of login credentials for the Onnara system, which were applied to all central and local government agencies on July 28.”Regarding GPKI, the government reviewed the validity of all certificates with information provided by the NIS. Most of the compromised certificates had already expired, and those that were still valid were revoked as of Aug. 13, according to the ministry.The government complex in Sejong is seen on March 11, 2020. [JOONGANG ILBO]NIS still investigating breach originThe government also shared the preliminary results of its investigation into the cause of the breach, attributing it to user negligence that led to certificate information being leaked externally.“All central and local government agencies have been instructed to stop sharing certificates and to strengthen management protocols,” the Interior Ministry said.Although the North Korean hacking group Kimsuky was initially suspected to be behind the attack, the NIS said there was insufficient evidence to definitively identify the perpetrator. Kimsuky is known for targeting diplomatic, security and defense sectors to gather intelligence for the North Korean regime.To counter security threats related to certificate theft or duplication, the government announced plans to replace GPKI-based authentication with biometric multi-factor methods, such as mobile government IDs for public officials.The government also intends to expand the use of secure authentication technologies — including biometric-based digital IDs — across public services for the general population.“If the NIS identifies any additional issues, we will immediately address and respond to them,” Lee said. “We will do everything we can to prevent a similar incident from happening again.”This article was originally written in Korean and translated by a bilingual reporter with the help of generative AI tools. It was then edited by a native English-speaking editor. All AI-assisted translations are reviewed and refined by our newsroom."
https://n.news.naver.com/mnews/article/123/0002370059?sid=101,2025-10-17 14:23:09,경제,"통신3사, 평균 밑도는 수익률...""장기 목적 아니면 매수 필요 없어""  [주가동향]","25.3Q 영업익 전망...SKT(적전)ㆍKT(+8.9%)ㆍLGU+(-39.3%)통신업종 투자 수익률, 코스피 평균 4.8%포인트 하회""장기 목적 아니면 매수할 필요 없어"" [하나證]◆…통신3사에 대해 투자를 자제하라는 권고가 나오는 등 통신업종에 대한 증권가의 평가가 보수적 분위기를 보이고 있다. [사진=각 사]SKT, KT, LGU+ 등 통신 3사에 대해 투자를 자제하라는 증권사의 의견이 나왔다. 통상 긍정적인 평가에 무게를 싣는 증권사 애널리스트가, 투자를 자제하라는 의견을 내놓는 것은 보기 드문 사례라 시장의 이목이 쏠린다.이러한 의견이 나온 배경은, 최근 주식시장의 '불장' 분위기에도 통신업종만 수익률이 정체돼 있고, 이번 3분기와 올해 연간 실적에 대한 전망도 시장의 컨센서스를 하회할 것으로 전망되기 때문이다.■ ""장기 투자 목적이 아니라면 매수할 필요는 없다""하나증권 김홍식 연구원이 17일 내놓은 통신업종 분석보고서에 따르면, 통신업종의 10월 세째주 수익률은 코스피 평균보다 4.8%포인트 하회한 것으로 나타났다. 회사별로는 SKT가 3.6%포인트(P), KT 6.7%P, LGU+가 3.2%P 밑돌았다.김 연구원은 통신 3사의 가격과 호재·악재를 고려하여 회사별 투자매력도를 KTㆍLGU+ㆍSKT 순으로 나열하면서 ""사실상 통신 3사 모두 장기 투자 목적이 아니라면 매수할 필요는 없다는 판단이며, 11월 말 이후 3분기 실적 발표가 모두 종료되고 해킹 관련 노이즈가 줄어들며 장기 밸류업 정책 발표 이후에나 서서히 매수에 나설 것""을 권했다.◆…자료 : 하나증권 리서치센터■ 25.3Q 영업이익 전망...SKT 적전ㆍKT +8.9%ㆍLGU+ -39.3%통신업종에 대한 시장의 의견이 부정적인 이유는 보안과 위약금 문제 등의 악재와 함께 영업실적도 시장의 기대에 못미치기 때문이라는 분석이다.메리츠증권 정지수 연구원은 올해 3분기 통신3사의 영업이익을 추정하면서, SKT는 85억 적자, KT는 5053억원 흑자, LGU+ 1494억원 흑자를 실현할 것으로 예상했다.지난해 3분기 실적과 비교하면 KT만 8.9% 증가하고, SKT는 적자로 전환되며, LGU+는 39.3% 감소하는 등 영업성과가 저조할 것이라는 전망이다.3분기 실적이 저조하다 보니 2025년 연간 실적 전망도 KT를 제외하면 모두 전년보다 감소하는 실적을 시현할 것으로 추정되고 있다.정 연구원은 SKT의 경우, 올해 연간 매출액은 17.9조원(전년 대비 -5.0%), 영업이익은 1조1219억원(-38.5%)을 시현할 것으로 추정했고, KT는 매출액 27.8조원(+5.3%), 영업이익 2조6342억원(+225.4%), LGU+는 매출액 15.3조원(+4.5%), 영업이익 9016억원(-58.6%)를 시현할 것으로 추정했다.KT의 영업이익이 크게 증가한 것은, SKT 사고 이후 신규 가입자가 크게 늘어났고, 광진구 첨단업무복합단지 관련 수익 등 비경상적 이익이 반영됐기 때문이다.◆…자료 : 메리츠증권 리서치센터■ 목표주가...SKT '하향 유지'ㆍKT '상향 유지'ㆍLGU+ '상향 조정'통신업종 전체에 대해서는 부정적 평가에 무게가 실리지만, 통신 3사에 대한 목표주가 추이는 회사별로 차이를 보이고 있다.메리츠증권 정 연구원은 이번에 분석보고서를 발표하면서, SKT의 경우에는 지난 5월 정보유출 사고 때 7만원에서 6만5000원으로 하향조정한 목표주가를 이번에 그대로 유지했다. KT는 지난 8월 6만5500원에서 6만7000원으로 상향한 목표주가를 그대로 유지했다. 하지만 LGU+의 경우에는 지난해 하향 조정했던 목표주가를 올해 들어와 꾸준히 상향 조정하고 있는데, 이번에도 지난 8월 제시했던 1만5500원을 1만6000원으로 소폭 상향 조정했다.반면, 하나증권 김홍식 연구원은, SKT의 경우 작년 3월 상향 조정했던 7만원을 1년 반 넘게 그대로 유지하고 있으며, KT의 경우에는 지난 9월 7만원에서 6만5000원으로 하향한 목표가를 그대로 유지했고, LGU+는 지난 6월에 1만4000원에서 1만6000원으로 상향한 목표주가를 이번에도 그대로 유지했다.FN가이드의 10월 증권사 목표가를 살펴보면, SKT의 경우 11개 증권사가 모두 목표가를 유지했으며, KT는 9개 증권사 가운데 흥국, BNK, KB가 목표가를 하향했고, LGU+는 10개 증권사 가운데 메리츠와 BNK가 목표가를 상향 조정하는 등 증권사별로 다소 차이를 보였다.한편, 한국거래소에 따르면 17일 오후 1시 20분 현재, SKT의 주가는 5만4400원(전날 종가대비 -0.73%), KT 4만9950원(-0.10%), LGU+ 1만5060원(-0.99%)에 거래되고 있다.◆…자료 : 메리츠증권 리서치센터[알림] 본 기사는 해당 증권사의 분석보고서를 토대로 정보 제공 차원으로 작성된 것입니다. 따라서 투자시 투자자 자신의 판단과 책임하에 최종결정을 하시기 바라며 어떠한 경우에도 투자자의 주식투자의 결과에 대한 법적 책임소재의 증빙자료로 사용될 수 없습니다."
https://n.news.naver.com/mnews/article/018/0006140289?sid=105,2025-10-17 14:24:10,IT/과학,"배경훈 부총리, SKT·LG U+ CEO 긴급 소집..해킹 방지·AI 투자 당부(종합)","17일 오전 회사별 1:1 비공개 면담KT 김영섭 대표 불참21일 국회 ‘해킹 청문’ 앞두고 긴급 면담“보안 강화·AI 생태계 육성에 통신사 역할 필요”[이데일리 김현아 기자] 연이은 해킹 사고로 통신망 보안 불안이 커지는 가운데, 배경훈 부총리 겸 과학기술정보통신부 장관이 17일 오전 SK텔레콤(017670) 유영상 대표와 LG유플러스(032640) 홍범식 대표를 긴급히 불러 각각 1시간여씩 보안 대책과 AI 투자 확대 방안을 논의한 것으로 확인됐다.KT 김영섭 대표는 이번 면담에 참석하지 않았다.이번 회동은 오는 21일 국회 과학기술정보방송통신위원회(과방위)의 해킹사고 관련 통신사 증인 출석을 앞두고 이뤄졌으며, 정부가 공식 보도자료에 ‘통신사 CEO·CISO 면담’이라고만 기재해 참석자 비공개 논란이 일기도 했다.“급히 진행된 비공개 회동… 통신사별 현안 달라 따로 면담”과기정통부 고위 관계자는 “KT는 조사를 받고 있어 만나기 어려웠고, SKT와 LGU+는 예정대로 각각 만났다”며 “각 통신사별로 이슈가 달라 한자리에 모을 이유는 없었다”고 설명했다.하지만, 배경훈 부총리가 취임한 뒤 통신사 CEO들을 만난 것은 이번이 처음이다. 또한 지금까지 과기정통부는 통신3사 CEO들을 한꺼번에 만나 왔다. 과기정통부는 공식 자료를 내면서 ‘통신사 CEO·CISO’와의 면담이라고만 밝혀, 행정처리가 불투명하다는 비판이 일기도 했다.그는 “비공개 면담을 숨기려 한 건 아니다. 급하게 잡힌 일정이라 사후 보도로 정리하려 했는데, 내부 확인이 미흡했다”며 “자료를 급히 내다 보니 담당자 간 소통이 엇갈린 건 제 책임”이라고 덧붙였다.“국민 신뢰 회복 위한 정보보호 쇄신·AI 투자 확대” 당부배 부총리는 이번 면담에서 유영상 SKT CEO와 홍범식 LG U+ CEO에게 “최근 해킹 사고로 국민 신뢰가 떨어진 상황을 엄중히 인식하고 있다”며 통신사의 전사적 보안 강화와 정보보호 혁신을 요청했다.또한 “국민이 체감할 수 있는 AI 서비스 확대, AI 인프라 투자, 스타트업 생태계 지원이 필요하다”며 “통신사는 국민이 사용하는 핵심 인프라를 운영하는 만큼, 보안과 혁신 모두에 책임감을 가져야 한다”고 강조했다.배 부총리는 이번 면담에서 AI 인프라 투자에 대한 정부 지원의 구조적 한계도 언급한 것으로 알려졌다.그는 “국민 누구나 활용할 수 있는 AI 서비스를 무료로 제공하려면, 수천억~수조 원 규모의 대형 서버 인프라가 필요하다”며 “이 같은 대규모 투자를 위해 통신사의 협조를 당부한 것으로 전해졌다.이에 따라 정부와 통신사가 AI 바우처 지원 확대나 공공 인프라 공동 투자 모델 등 현실적인 지원 방안을 함께 논의할 가능성도 제기된다.과기정통부는 이번 면담을 통해 통신사에 보안 강화와 해킹 재발 방지 의지를 전달하는 한편, AI 산업 생태계 조성과 정보보호 강화의 균형을 주문했다.통신업계 한 관계자는 “국회 과방위 청문회를 앞두고 정부가 통신사에 ‘경고이자 메시지’를 던진 셈”이라며 “정보보호와 AI 투자 모두에서 정부가 명확한 정책 방향을 제시해야 한다”고 말했다."
https://n.news.naver.com/mnews/article/082/0001349347?sid=101,2025-10-17 14:40:11,경제,"배경훈 “통신사, 보안에 전사적 노력해야”","17일 SKT, LGU+ 대표 만나“통신사는 국민 핵심 인프라”배경훈 부총리 겸 과학기술정보통신부 장관이 통신사들에 보안 강화를 요구했다. 사진은 배 부총리가 지난 15일 서울 종로구 광화문 교보빌딩 국가과학기술자문회의 대회의실에서 열린 ‘산업 전반의 AX 정책 협력 MOU 체결식’에서 인사말을 하는 모습. 연합뉴스배경훈 부총리 겸 과학기술정보통신부 장관이 통신사들에 보안 강화를 요구했다.배 부총리는 17일 서울 종로구에서 유영상 SK텔레콤 대표, 홍범식 LG유플러스 대표 및 양 사 CISO와 연석 회동을 열어 최근 통신사에서 잇따른 해킹 사고와 이용자 정보 유출에 대한 각별한 주의를 당부했다. KT는 무단 소액결제 및 해킹 사태에 대한 조사가 진행 중이어서 제외된 것으로 알려졌다.배 부총리는 일련의 사이버 보안 사고를 엄중하게 인식하고 있다며 국민 신뢰 회복과 해킹 예방을 위한 정보 보호 쇄신 노력을 요청했다고 과기정통부는 밝혔다. 아울러 본격적인 AI 시대를 대비해 국민 체감형 AI 서비스 제공, AI 인프라 투자, AI 스타트업 생태계 육성 등에서 통신업계의 적극적인 역할도 당부했다. 배 부총리는 “통신사는 모든 국민이 이용하는 핵심 인프라를 운영하는 만큼 보안에 대한 막중한 책무를 가지고 전사적인 노력을 다해야 한다”며 “이와 함께 국가 AI 생태계 육성을 위해서도 힘써주길 바란다”고 강조했다."
https://n.news.naver.com/mnews/article/366/0001115289?sid=105,2025-10-17 14:42:15,IT/과학,"배경훈 부총리, KT·LGU+ CEO·CISO와 면담…“정보보호 쇄신·AI 투자 요청""","배경훈 부총리 겸 과학기술정보통신부 장관./뉴스1배경훈 부총리 겸 과학기술정보통신부 장관이 17일 오전 유영상 SK텔레콤 대표와 홍범식 LG유플러스 대표를 만나 해킹사고 예방을 위한 통신사의 자체적인 정보보호 쇄신을 위한 노력을 요청했다.과기정통부는 이날 서울 종로구에서 배 장관이 유영상 SK텔레콤 대표, 홍범식 LG유플러스 대표를 포함해 양 사 최고보안책임자(CISO)와 연석 회동을 열었다고 밝혔다. 김영석 KT 대표는 무단 소액결제 해킹 사태에 대한 조사가 진행 중이라 제외된 것으로 전해진다.이 자리에서 배 부총리는 일련의 사이버 보안 사고를 엄중하게 인식하고 있고, 국민 신뢰 회복과 해킹 예방을 위한 정보 보호 쇄신 노력을 요청했다고 과기정통부는 설명했다. 그는 국민이 체감할 수 있는 AI 서비스 확대, AI 인프라 투자, 스타트업 생태계 지원 요청도 했다.배 부총리는 “통신사는 모든 국민이 이용하는 핵심 인프라를 운영하는 만큼, 보안에 대한 막중한 책무를 가지고 전사적인 노력을 다해야 한다”며 “이와 함께 국가 AI 생태계 육성을 위해서도 힘써주길 바란다”고 했다.배 부총리는 앞서 지난 2일에는 네이버, 카카오, 쿠팡, 우아한형제들 등 주요 플랫폼사 CEO, CISO와도 연석회의를 열고 정보보호를 요청했다."
https://n.news.naver.com/mnews/article/648/0000040802?sid=105,2025-10-17 15:11:08,IT/과학,"'잇따른 해킹 사태에'…배경훈 부총리, SKT·LGU+ 긴급면담","CEO·CISO 만나 자체적 노력 당부배경훈 부총리 겸 과학기술정보통신부 장관(왼쪽)./사진=과기정통부 제공통신 업계에서 해킹 사태가 잇따라 발생하고 있는 가운데 배경훈 부총리 겸 과학기술정보통신부장관이 17일 SK텔레콤, LG유플러스 등 통신분야 최고경영자(CEO)·정보보호최고책임자(CISO)와 긴급 면담을 했다.배경훈 부총리는 이날 면담에서 ""일련의 사태를 엄중하게 인식하고 있다""며 ""국민 신뢰 회복과 해킹사고 예방을 위해 정보보호 쇄신 관련 투자 등 통신사의 자체적 노력을 요청했다""고 과기정통부는 전했다.이날 면담에 유영상 SK텔레콤 대표와 홍범식 LG유플러스 대표는 참석했으나 KT의 김영섭 대표는 불참한 것으로 전해졌다. KT는 최근 무단 소액결제 사태가 발생했고 이와 관련한 민관합동조사가 진행되고 있다.배 부총리는 이와 함께 본격적인 인공지능(AI) 시대를 대비해 국민이 체감할 수 있는 AI 서비스 제공, AI 인프라 투자, AI 스타트업 생태계 육성을 위한 투자·지원 확대와 같은 통신사의 적극적인 역할도 당부했다.배경훈 부총리는 ""통신사는 모든 국민이 이용하는 핵심 인프라를 운영하는 만큼, 보안에 대한 막중한 책무를 가지고 전사적인 노력을 다해야 한다""며 ""국가 AI 생태계 육성을 위해서도 힘써주길 바란다""고 말했다."
https://n.news.naver.com/mnews/article/003/0013541977?sid=105,2025-10-18 08:00:00,IT/과학,"이통3사, 3분기 영업익 1조 붕괴…'해킹 충격' SKT, 95%↓관측","3사 합산 영업익 7418억원…전년比 40.3%↓SKT, 해킹 보상 5000억 이익 감소…과징금 1348억원 직격탄KT, 10%↑에도 컨센서스 하회…LGU+, 희망퇴직 비용으로 이익↓[서울=뉴시스] 배훈식 기자 = SK텔레콤 사이버 침해 사고 위약금 면제 기한이 하루 앞으로 다가온 13일 서울 서대문구의 한 휴대전화 판매점에 이동통신 3사 로고가 붙어 있다. 이번 사고로 촉발된 이통 3사간의 고객유치전이 막바지로 치달으며 보조금 경쟁 등 과열양상을 띄고 있다. 2025.07.13. dahora83@newsis.com[서울=뉴시스] 심지혜 기자 = SK텔레콤·KT·LG유플러스의 3분기 합산 영업이익이 전년 대비 약 40% 감소한 7400억원대에 그칠 것으로 전망된다.해킹 사고에 따른 대규모 보상과 과징금 부과로 SK텔레콤의 영업이익이 95% 이상 급감하면서 업계 전체 실적을 끌어내렸다. KT는 가입자 유입 효과로 두 자릿수 성장세를 보였지만, 임금 인상 소급분과 마케팅비 증가 탓에 시장 기대에는 미치지 못했다는 평가다. LG유플러스는 희망퇴직 비용이 반영되며 이익이 감소했다.18일 금융정보업체 에프엔가이드에 따르면 이통3사의 3분기 합산 영업이익은 7418억원 수준으로, 지난해 같은 기간(1조2434억원)보다 40.3% 감소가 예상된다. 수년간 1~3분기 연속 1조원을 웃돌던 업계 영업이익 흐름이 SK텔레콤의 사고 여파로 급격히 꺾인 셈이다. 3분기 기준으로 따져보면 이통3사의 합산 영업이익 1조원 돌파는 2021년부터 지속돼 왔다.SK텔레콤의 3분기 영업이익은 234억원으로 전년 동기 대비 95.6% 감소가 예상된다. 매출은 같은 기간 13% 줄어들면서 4조원에 미치지 못할 것으로 보인다.실적 하락의 주된 원인은 지난 4월 해킹 사고 이후 SK텔레콤이 시행한 대규모 보상 프로그램이다.SK텔레콤은 지난 8월 전체 가입자를 대상으로 요금 50%를 감면했고, 연말까지 5개월 동안 50GB 데이터를 추가 제공을 약속했다. 일정 기간 동안 타사로의 이동을 원하는 가입자를 대상으로 위약금도 면제해 줬다.이로 인해 SK텔레콤은 약 5000억원 규모의 영업이익 감소 영향이 있었을 것으로 추정된다.여기에 개인정보보호위원회로부터 부과된 1348억원의 과징금이 영업외비용으로 반영되면서 당기순손실 가능성도 제기된다.증권가에서는 “해킹 사고 이후 고객 신뢰 회복을 위한 마케팅 비용이 증가한 데다, 약 1조원대 보상안을 일시에 반영하면서 3분기 손익구조가 크게 악화됐다”는 평가가 나온다. 일각에서는 일시적 영업손실 가능성까지 언급된다.KT는 이통3사 중 유일하게 플러스 성장을 기록할 전망이다. 3분기 영업이익은 5107억원으로 전년 대비 10% 증가가 예상된다.SK텔레콤 해킹 사고 이후 번호이동 시장이 활발해지면서 KT가 이동전화 가입자 유입 효과를 거뒀다는 분석이다. 다만 증권가에서는 시장 컨센서스를 하회했다고 본다. 임금 인상 소급분 반영과 마케팅비 증가가 수익성에 부담으로 작용했다는 평가다.안재민 NH투자증권 연구원은 ""KT는 경쟁사 해킹 사건으로 가입자 유입이 7월까지 크게 나타나며 무선 매출액이 증가하고 (자회사)광진구 이스트폴 분양 완료에 따른 관련 매출액 500억원 정도가 반영될 것""이라면서도 ""3분기 중 임단협이 마무리 되면서 관련 비용 450억원 내외가 반영되고, 또 가입자 유입에 따른 마케팅비가 증가했다""고 분석했다.이와 함께 ""KT도 사이버 침해 사건이 발생했다""며 ""대상자가 적지만 이미지 실추와 보상금, 과징금이 불가피해 보인다""고 부연했다.LG유플러스의 3분기 영업이익은 2077억원으로 전년 대비 15.6% 감소할 것으로 예측된다. 지난 8월 단행한 희망퇴직으로 약 600명의 직원이 회사를 떠나면서 이에 따른 일회성 인건비 1500억~1600억원이 반영됐을 것으로 추정된다.다만 이를 제외하면 영업이익은 전 분기 대비 안정세를 유지한 것으로 평가된다.정지수 메리츠증권 연구원은 LG유플러스에 대해 “희망퇴직 비용이 반영되면서 단기 실적이 위축됐지만, 인건비 일회성 제거 시 양호한 실적으로, 구조조정을 통한 인건비 절감 및 경영 효율화로 수익성 개선 기조를 이어갈 전망""이라고 진단했다．"
https://n.news.naver.com/mnews/article/648/0000040818?sid=105,2025-10-18 14:00:08,IT/과학,"네이버, 소상공인에 광고비·컨설팅 지원한다","[위클리잇(IT)슈] Z세대 집중시킨 LG유플러스광고주 성장 프로그램 도입하는 네이버네이버가 중소상공인(SME)을 위한 '광고주 성장 프로그램'을 진행한다./사진=네이버 제공네이버가 중소상공인(SME) 광고주에 광고비를 지원하고 맞춤 컨설팅을 제공하는 '광고주 성장 프로그램'을 진행한다. 광고 운영에 대한 충분한 배경 지식과 노하우를 갖추지 못한 광고주들이 지원 대상이다.네이버는 우선 네이버 광고를 처음 접하고 이를 직접 운영하는 사업주에게 광고 집행에 사용할 수 있는 '비즈쿠폰'을 지원한다. 이 쿠폰은 네이버의 대표 광고 상품인 △파워링크 △쇼핑검색 △파워컨텐츠 △플레이스 등 4종에 적용할 수 있다.신규 네이버 광고주는 별도 프로그램을 신청하지 않아도 자동으로 쿠폰 지원 대상으로 등록된다. 최초 비용이 발생한 날짜 기준 30일 동안 사용한 광고비 중 최대 50만원까지 쿠폰으로 지급한다.네이버는 또 SME 광고주들에게 광고 전문가가 진행하는 맞춤형 1대 1 컨설팅도 제공한다. △광고 소재 검토 및 개선 제안뿐 아니라 △키워드 최적화 가이드 △예산, 입찰, 타깃 관련 캠페인 설정 점검·운영 전략 제안 등 광고 전략 전반에 대한 상담이 가능하다.송재훈 네이버 리더는 ""네이버 광고를 처음 경험하는 SME 광고주도 손쉬우면서도 부담 없이 체험할 수 있는 기회를 제공하기 위해 마련한 것""이라며 ""효율을 체감하고 노하우를 익혀 사업 성장에 도움되는 기회로 삼을 수 있도록 적극 지원하겠다""고 말했다.LG U+ '유쓰 쇼츠 페스티벌'에 3000명 몰렸다유쓰 쇼츠 페스티벌 출품작./사진=LG유플러스 제공LG유플러스가 유튜브와 함께 지난 8월부터 두달간 진행한 영상 공모전 '유쓰 쇼츠 페스티벌'에 3000여명이 참가했다. 이번 공모전에 업로드된 영상은 6800여개로 일평균 110여개의 영상이 응모된 것으로 나타났다.유쓰 쇼츠 페스티벌은 LG유플러스의 Z세대(1990년대 중반~2010년대 초반 출생) 전용 브랜드인 '유쓰'를 중심으로 누구나 자유롭게 '복잡한 디지털 환경 속에서 가장 나다운 모습'을 담은 영상을 제작해 업로드하는 방식으로 진행됐다.LG유플러스가 참여 고객을 분석한 결과 전체의 77%는 1020세대였다. 공모전의 주제가 Z세대 전용 브랜드를 중심으로 이뤄진 데다 Z세대가 쇼츠 영상에 익숙하다는 것이 높은 참여율의 배경으로 분석된다. 1020세대를 이어 참여율이 높은 세대는 30대였고 60대도 공모전에 참여하는 등 전 세대 걸쳐 참여가 이뤄졌다.공모전 참여 영상 중 가장 많은 비중을 차지한 주제는 '대학 생활'로 나타났다. 이어 여행, 패션, 음악 등 주제의 영상이 뒤를 이었다. 가장 많은 영상을 업로드한 고객은 혼자 201건의 영상을 제작해 응모했으며, 5초 이하 영상부터 가장 긴 60초 이상 영상까지 다양한 영상이 응모됐다.또한 이번 공모전을 통해 유튜브에 처음으로 쇼츠 영상을 업로드한 참여자가 전체의 절반을 넘어섰다. 기존에 영상 시청 위주로 플랫폼을 이용하던 1020 세대가 직접 콘텐츠 제작에 나서는 계기를 마련한 셈이다.LG유플러스는 심사를 거쳐 우수작을 선정해 다음 주 개별 발표할 예정이다. 최우수작을 제출한 30명에게는 싱가포르 구글 아시아태평양(APAC) 본사를 방문해 사옥 투어와 구글 임직원과의 질의응답 세션에 참여할 수 있는 기회를 마련한다. 인기상·특별상·감독상 등 개인 부문 수상자에게는 상금 30만원을 수여한다.이번 쇼츠 페스티벌은 LG유플러스와 구글의 전략적 협력의 일환으로 기획됐다. LG유플러스는 지난 3월 스페인 바르셀로나에서 열린 '모바일월드콩그레스(MWC) 2025'에서 구글, 구글 클라우드와 전방위 협력안을 발표하고 다양한 분야에서 협력을 확대하겠다고 밝힌 바 있다.정혜윤 LG유플러스 마케팅그룹장(상무)은 ""유쓰 쇼츠 페스티벌은 두달 만에 수천명의 참여를 끌어낸 대규모 공모전으로, Z세대 참여가 두드러졌다는 점에서 의미가 있다""며 ""앞으로도 다양한 파트너와 협업해 기술과 콘텐츠를 융합한 마케팅을 선보이겠다""고 했다.넥슨, '메이플 키우기' 사전등록 시작/사진=넥슨 제공넥슨이 에이블게임즈와 공동 개발한 신작 모바일 방치형 역할수행게임(RPG) '메이플 키우기'의 글로벌 사전등록을 공식 홈페이지, 구글 플레이스토어, 애플 앱스토어에서 시작했다.올해 하반기 국내를 포함한 글로벌 정식 출시가 예정된 이 작품은 '메이플스토리' 지식재산권(IP) 기반 신작 모바일 게임이다. 메이플스토리 지식재산권(IP) 팬들에 친숙한 캐릭터와 세계관에 기반한 새로운 장르의 재미를 선사하는 동시에 방치형 장르인 만큼 누구나 쉽고 부담 없이 수직 성장의 재미를 즐길 수 있다.넥슨은 메이플스토리의 글로벌 정식 출시 이전까지 사전등록을 할 경우 무기·동료 획득에 사용할 수 있는 게임 재화인 '3000 레드 다이아'를 지급하고 자신의 캐릭터를 꾸미는 데 사용할 수 있는 모자 아이템을 선물한다.한편 메이플스토리는 지난 5월부터 7월까지 싱가포르, 호주 등 4개 국가에서 공개형 테스트를 성공적으로 진행한 바 있다. 테스트 기간 높은 재접속률과 긍정적인 이용자 평가를 얻으며 현지 이용자의 기대감을 입증했다고 회사 측은 전했다.인스타 마케팅 DM 발송 가장 많은 '수요일'/사진=NHN데이터 제공NHN데이터가 인스타그램 다이렉트메시지(DM) 자동화 솔루션인 '소셜비즈'로 분석한 '인스타그램 마케팅 트렌드'를 발표했다. 올해 3분기(7월1일~9월22일) 소셜비즈를 이용한 3600여개 계정의 DM 발송 추이를 토대로 한 결과다.먼저 소셜비즈 이용자의 시간대별 DM 발송 반응과 일상 생활 패턴에서 유사성이 나타났다. 외출, 출근, 하교, 퇴근 등 일상 흐름에 따라 인스타그램 DM 발송량이 증가하거나 유지, 감소했다.콘텐츠 업로드와 DM 발송이 가장 활발한 날은 수요일로 나타났다. 수요일이 콘텐츠 주목도가 높고 업무와 휴식 사이 전환이 필요한 시점이라는 점이 영향을 미친 것으로 분석된다.여름 바캉스 시즌인 7월 말에서 8월 초 사이에는 인스타그램 이용자들이 휴식과 여행에 집중하면서 DM 발송 수가 소폭 감소했다. 휴가철이 끝나는 8월 초부터 중순까지 인플루언서와 브랜드가 다시 마케팅과 프로모션 활동을 재개하고, 이용자들도 콘텐츠 소비를 다시 하게 되면서 반등하는 흐름을 보였다. 특정 계절 및 시즌이 인스타그램 콘텐츠 소비와 활동량에도 영향을 미치는 것으로 해석된다.가장 많은 DM 발송량을 기록한 게시물은 6만900건으로 지난 2분기 최다 발송 게시물보다 1만8000건가량 많았다. 3분기 톱 100개 게시물의 평균 DM 발송 건수는 9080건이다.소셜비즈는 인스타그램 DM 자동화 기능을 중심으로 메타와 협업해 개발한 마케팅 솔루션이다. 초개인화된 마케팅 시대에 최적화된 효과를 창출할 수 있게 설계됐다. 특히 분기별 트렌드 분석을 통해 DM 자동화 운영 전략, 인스타그램 이용자 행동 패턴, DM 마케팅 공략법 등을 제공한다.이진수 NHN데이터 대표는 ""소셜비즈 마케팅 트렌드 분석을 통해 DM 발송을 포함한 인스타그램 활동량이 생활 패턴, 계절, 요일, 목표, 전략 등 다양한 요인의 영향을 받는다는 점을 확인할 수 있었다""며 ""NHN데이터는 앞으로도 분기 소셜비즈 마케팅 트렌드 리포트를 통해 유용한 인사이트를 제공하고 서비스를 고도화해 성공적인 인스타그램 기반 사업을 지원하겠다""고 말했다.비즈워치 IT성장기업부가 한주간 AI·통신·게임·플랫폼 분야에서 놓쳐서는 안 될 정보를 엄선해 매주 토요일 [위클리잇(IT)슈]로 찾아갑니다."
https://n.news.naver.com/mnews/article/277/0005666290?sid=105,2025-10-19 09:00:00,IT/과학,"LG U+ 로밍 챗봇에 LLM 도입…""가입시간 평균 1분 이내로 ↓""","LLM으로 챗봇 업그레이드…기존 10단계서 4단계로고객 만족 점수 50%포인트 향상LG유플러스는 로밍 챗봇에 거대언어모델(LLM)을 도입했다고 19일 밝혔다. 이번 기능 개선을 통해 로밍 가입 절차가 기존 10단계에서 4단계로 약 60% 줄었다는 게 LG유플러스의 설명이다.LG유플러스는 로밍 챗봇을 업그레이드하면서 기존 10단계에 달하던 과정을 4단계로 단축했다. 유플러스 로밍 인공지능(AI) 챗봇 채팅창에 '10월26일부터 30일까지 다낭 갈 건데 로밍 어떻게 해?'와 같이 대화체 문장을 입력하면 챗봇은 국가와 기간에 맞는 적합한 요금제를 추천하고, 고객이 요금제와 시작 시간을 고르면 가입이 끝난다.LG유플러스는 고객 편의 향상을 위해 로밍 챗봇에 거대언어모델(LLM)을 도입했다고 19일 밝혔다. LG유플러스 직원이 로밍 챗봇을 소개하는 모습. LG유플러스 제공이전 규칙 기반 챗봇은 미리 마련된 질문 버튼을 누르면서 로밍 상품에 가입하거나 요금제 등 궁금한 내용을 해결하는 방식이었다. 이 탓에 원하는 답변을 얻기까지 시간이 걸렸다.이번 개선으로 챗봇을 통한 로밍 가입 시간이 평균 1분 이내로 줄었고, 외국에서 생길 수 있는 로밍 문제에도 빠른 대응이 가능해졌다. LLM 도입 이후 LG유플러스 로밍 챗봇의 순고객추천지수(NPS)는 기존 대비 50%포인트 이상 상승했다.로밍 챗봇은 LLM을 활용, 대화의 맥락을 파악해 가입, 변경, 해지까지 할 수 있게 됐다. 이를 위해 LLM이 생성한 응답을 스스로 반성하는 자기반성 검색 증강 생성(Self-RAG) 기술이 도입됐다.LG유플러스는 LLM 로밍 챗봇 도입을 계기로 고객 상담 전반에 LLM을 단계적으로 확대 적용할 계획이다. 서남희 LG유플러스 CV담당은 ""복잡하고 다양한 고객 문의에 보다 유연하게 대응하기 위해 챗봇에 LLM을 도입했다""면서 ""앞으로 사람처럼 대화하는 AI 에이전트로 발전시켜 차별적 고객 경험을 제공하겠다""고 말했다."
https://n.news.naver.com/mnews/article/029/0002987785?sid=105,2025-10-19 09:00:00,IT/과학,"LGU+, AI 기반 와이파이 품질 관리로 2년 연속 글로벌 어워드 수상","LG유플러스는 세계 최고 권위의 와이파이 시상식인 'WBA 인더스트리 어워드 2025'에서 '최고 홈 와이파이 네트워크상'을 수상했다고 19일 밝혔다. LG유플러스는 2년 연속 WBA 어워드에서 수상했다.'WBA'(Wireless Broadband Alliance)는 전세계 무선 네트워크 사업자, 장비 제조사, 플랫폼 기업 등이 참여하는 글로벌 연합체다. 매년 와이파이 산업 발전에 기여한 기업과 기술을 선정해 시상한다. 올해 시상식은 지난 15일(현지시간) 프랑스 파리에서 진행됐다.최고 홈 와이파이 네트워크상은 가정 내 무선 품질 향상과 글로벌 산업 발전에 기여한 기업에 수여한다.LG유플러스는 AI전환(AX) 기반 와이파이 품질 관리 기술을 통해 네트워크 안정성과 고객 만족도를 높인 점을 인정받았다. 이 기술은 AI가 고객의 이용 패턴과 네트워크 데이터를 지속적으로 모니터링해 와이파이 이용 중 불편을 겪는 고객을 미리 파악하고 품질 저하 요인을 탐지한다. 이를 통해 문제 발생 전 품질을 신속히 개선해 안정적인 무선 환경을 제공한다.LG유플러스는 네트워크 인프라 개선도 지속 추진하고 있다. 지난 3월 국내 통신사 최초로 6㎓ 대역을 지원, 기존 대비 최대 4배 이상 빠른 속도를 제공하는 '와이파이7' 공유기를 출시한 바 있다. 와이파이7 공유기는 320㎒의 초광대역 채널과 4K 쾀(QAM) 기술을 적용해 최대 5.7Gbps의 속도를 구현했다.LG유플러스는 향후 AX 기반 AI 기술을 활용해 가정과 기업 고객을 위한 차세대 네트워크 품질을 지속 고도화해나갈 예정이다.송대원 LG유플러스 기술개발그룹장은 ""AX 기반 품질 관리 기술을 고도화해 고객이 일상 속에서 체감할 수 있는 안정적인 네트워크 서비스를 제공하겠다""고 말했다.김나인 기자 silkni@dt.co.kr노정민 LG유플러스 홈디바이스개발팀장이 지난 15일(현지시간) 프랑스 파리에서 열린 ‘WBA 인더스트리 어워드 2025’에서 수상하고 있다. LG유플러스 제공"
https://n.news.naver.com/mnews/article/029/0002987786?sid=105,2025-10-19 09:00:00,IT/과학,LGU+ 로밍 챗봇에 LLM 도입하니…“가입절차 60% 단축”,"LG유플러스가 고객 편의 향상을 위해 로밍 챗봇에 대규모언어모델(LLM)을 도입했다고 19일 밝혔다. 사진은 LG유플러스 직원이 로밍 챗봇을 소개하는 모습. LG유플러스 제공LG유플러스는 로밍 챗봇에 대규모언어모델(LLM)을 도입했다고 19일 밝혔다. 이번 기능 개선을 통해 로밍 가입 절차가 기존 10단계에서 4단계로 약 60% 줄었다.LG유플러스는 로밍 챗봇을 업그레이드하면서 기존 10단계에 달하던 과정을 4단계로 단축했다. 예를 들어 U+ 로밍 AI 챗봇 채팅창에 ‘10월 26일부터 30일까지 다낭 갈 건데 로밍 어떻게 해?’와 같이 대화체 문장을 입력한다. 이후 챗봇은 국가와 기간에 맞는 적합한 요금제를 추천하고, 고객이 요금제와 시작 시간을 고른 뒤 최종 가입 의사를 확인하면 절차가 끝난다.이번 개선으로 챗봇을 통한 로밍 가입 시간이 평균 1분 이내로 줄었다고 회사 측은 설명했다. 외국에서 생길 수 있는 여러 로밍 문제에도 시차에 상관없이 빠른 대응이 가능해진 것도 장점이다. LG유플러스 로밍 챗봇의 순고객추천지수(NPS)는 기존 대비 50%포인트(p) 이상 상승했다.LLM 도입으로 인해 로밍 챗봇은 단순 답변만 제공하던 것에서 벗어나 대화의 맥락을 파악해 가입, 변경, 해지까지 해내는 실행형 에이전트로 진화했다. 이를 위해 자기반성 검색 증강 생성(셀프 RAG) 기술을 도입했다. LLM이 생성한 응답을 스스로 반성하는 기술로, 답변의 근거와 유용성을 평가해 응답 품질을 높일 수 있다는 것이 특징이다.LG유플러스는 이번 LLM 로밍 챗봇 도입을 계기로 고객 상담 시나리오 전반에 LLM을 단계적으로 확대 적용할 계획이다.서남희 LG유플러스 CV담당은 “복잡하고 다양한 고객 문의에 보다 유연하게 대응하기 위해 챗봇에 LLM을 도입했다’며 “앞으로 사람처럼 대화하는 AI 에이전트로 발전시켜 차별적 고객경험을 제공하겠다”고 말했다."
https://n.news.naver.com/mnews/article/001/0015686210?sid=105,2025-10-19 09:00:08,IT/과학,"[AI픽] ""1분 만에 끝"" LGU+ 로밍, AI 챗봇으로 간소화","LLM 적용해 절차 10단계서 4단계로 축소(서울=연합뉴스) 조성미 기자 = LG유플러스가 로밍 서비스 챗봇에 대형언어모델(LLM)을 도입해 가입 절차를 10단계에서 4단계로 줄였다고 19일 밝혔다.LG유플러스는 자연스러운 대화체 문장으로 질문을 입력할 수 있는 챗봇 개선 작업으로 로밍 가입 시간이 평균 1분 이내로 줄었다고 설명했다.이 회사는 고객 상담 서비스 전반에 AI를 단계적으로 확대 적용할 계획이라고 덧붙였다.LGU+, 로밍 챗봇에 AI 도입[LGU+ 제공. 재판매 및 DB 금지]csm@yna.co.kr"
https://n.news.naver.com/mnews/article/293/0000073721?sid=105,2025-10-19 09:00:08,IT/과학,"LGU+ 로밍 챗봇, LLM 도입해 가입 절차 단축","LG유플러스 직원이 대규모언어모델(LLM)이 탑재된 로밍 챗봇을 소개하고 있다. /사진=LG유플러스 제공LG유플러스가 로밍 챗봇에 대규모언어모델(LLM)을 적용해 서비스 편의성을 높였다. 기존 10단계에 달했던 로밍 상품 가입 절차를 4단계로 줄여 고객의 소요 시간을 1분 내외로 단축시킨 것이 핵심이다. 자연스러운 대화로 국가와 기간에 맞는 요금제를 추천받고 가입까지 마칠 수 있게 됐다.19일 LG유플러스에 따르면 기존 규칙 기반 챗봇은 정해진 질문을 단계별로 선택하는 방식이라 시간 소요가 길고 다양한 고객 요구에 대응하기 어려웠다. 가령 로밍 상품에 가입하려면 상품 검색부터 방문 국가, 일정 등을 순차적으로 입력해야 했다.LLM이 적용된 챗봇은 가입 절차를 10단계에서 4단계로 줄였다. 채팅창에 '10월 26일부터 30일까지 다낭 여행가는데 로밍 추천해줘'처럼 일상적인 문장으로 질문하면 챗봇이 방문 국가와 기간에 맞는 요금제를 제시한다. 이후 고객이 요금제와 개시 시간을 선택하고 가입 의사를 밝히면 모든 절차가 완료된다.LG유플러스는 이번 개선으로 챗봇을 통한 평균 로밍 가입 시간이 1분 이내로 줄었다고 설명했다. 해외에서 문제가 발생했을 때 시차와 관계없이 빠른 대응이 가능해진 점도 장점으로 꼽힌다. 실제 개편 이후 LG유플러스 로밍 챗봇의 순고객추천지수(NPS)는 기존보다 50%P 이상 상승한 것으로 나타났다.단순 답변을 제공하던 챗봇이 대화의 맥락을 파악해 가입·변경·해지까지 처리하는 '실행형 에이전트'로 발전했다는 게 회사 측 설명이다. 이를 위해 '자기반성 검색 증강 생성(Self-RAG)' 기술을 도입했다. 이 기술은 LLM이 생성한 답변의 근거와 유용성을 스스로 평가해 응답 품질을 높이는 역할을 한다.LG유플러스는 이번 로밍 챗봇 개편을 시작으로 고객 상담 시나리오 전반에 LLM 적용을 확대할 방침이다. 서남희 LG유플러스 CV담당은 ""복잡하고 다양한 고객 문의에 보다 유연하게 대응하기 위해 챗봇에 LLM을 도입했다""며 ""앞으로 사람처럼 대화하는 AI 에이전트로 발전시켜 차별적 고객경험을 제공하겠다""고 말했다."
https://n.news.naver.com/mnews/article/138/0002207207?sid=105,2025-10-19 09:00:08,IT/과학,"LGU+, 로밍 가입 서비스에 LLM도입 “가입 절차 60% 단축”","[ⓒLG유플러스][디지털데일리 오병훈기자] LG유플러스가 로밍 가입 서비스 업무 효율을 높이기 위해 관련 시스템에 대형언어모델(LLM)을 도입했다.LG유플러스는 가입자 편의 향상을 위해 로밍 챗봇에 LLM을 도입했다고 19일 밝혔다. 이번 기능 개선을 통해 로밍 가입 절차가 기존 10단계에서 4단계로 약 60% 줄었다는 것이 LG유플러스 설명이다.이전 규칙기반(룰베이스) 챗봇은 미리 마련된 질문 유형 버튼을 눌러 가며 로밍 상품에 가입하거나 요금제 등 궁금한 내용을 해결하는 방식이었다. 질문이 고정돼 답변도 정확하게 나오는 것이 장점이지만, 차례로 버튼을 누르기에 원하는 답변을 얻기까지 시간이 걸리고 가입자의 다양한 수요를 대응하는 데 한계가 있었다. 가령 기존 방식으로 로밍 상품에 가입하려면 상품 검색, 방문 국가, 일정 등을 하나하나 선택해야 했다.LG유플러스는 로밍 챗봇을 업그레이드하면서 기존 10단계에 달하던 과정을 4단계로 단축했다. 먼저 유플러스 로밍 AI 챗봇 채팅창에 ‘10월 26일부터 30일까지 다낭 갈 건데 로밍 어떻게 해?’와 같이 자연스러운 대화체 문장을 입력한다. 챗봇은 국가와 기간에 맞는 적합한 요금제를 추천하고, 가입자 요금제와 시작 시간을 고른 뒤 최종 가입 의사를 확인하면 절차가 끝난다.이번 개선으로 챗봇을 통한 로밍 가입 시간이 평균 1분 이내로 줄었다. 외국에서 생길 수 있는 여러 로밍 문제에도 시차 상관없이 빠른 대응이 가능하다. LLM 기반 서비스 로 로밍 챗봇 순고객추천지수(NPS)는 기존 대비 50%포인트(p) 이상 상승했다.LG유플러스는 자기반성 검색 증강 생성(셀프 래그, Self-RAG) 기술을 도입했다. LLM이 생성한 응답을 스스로 반성하는 기술로, 답변 근거와 유용성을 평가해 응답 품질을 높일 수 있다는 것이 장점이다.LG유플러스는 이번 LLM 로밍 챗봇 도입을 계기로 가입자 상담 시나리오 전반에 LLM을 단계적으로 확대 적용할 계획이다.서남희 LG유플러스 CV담당은 “복잡하고 다양한 가입자 문의에 보다 유연하게 대응하기 위해 챗봇에 LLM을 도입했다”며 “앞으로 사람처럼 대화하는 AI 에이전트로 발전시키겠다”고 말했다."
https://n.news.naver.com/mnews/article/001/0015686211?sid=105,2025-10-19 09:00:09,IT/과학,"[AI픽] LGU+ 와이파이, AI 기술로 글로벌 톱 인증 받았다","WBA 인더스트리 어워드 '최고 홈 네트워크상' 2년 연속 수상(서울=연합뉴스) 조성미 기자 = LG유플러스가 세계 최고 권위의 와이파이 시상식인 'WBA 인더스트리 어워드 2025'에서 '최고 홈 와이파이 네트워크상'을 받았다고 19일 밝혔다.WBA(Wireless Broadband Alliance)는 전 세계 무선 네트워크 사업자, 장비 제조사, 플랫폼 기업 등이 참여하는 글로벌 연합체로 매년 와이파이 산업 발전에 기여한 기업과 기술을 선정해 시상한다.LG유플러스는 인공지능(AI) 기반 와이파이 품질 관리 기술을 통해 네트워크 안정성과 고객 만족도를 높인 점을 인정받았다.LG유플러스는 지난해 '최고 와이파이 네트워크 사업자상'을 받아 올해 수상으로 2년 연속 수상했다.LG유플러스[LG유플러스 제공. 재판매 및 DB 금지]csm@yna.co.kr"
https://n.news.naver.com/mnews/article/119/0003013989?sid=105,2025-10-19 09:00:13,IT/과학,"LGU+, LLM 기반 ‘로밍 AI 챗봇’ 공개…가입 1분 이내 완료","실시간 모니터링과 품질 관리로 정확도·신뢰도향상LG유플러스 직원이 로밍 챗봇을 소개하는 모습.ⓒLG유플러스[데일리안 = 조인영 기자] LG유플러스는 고객 편의 향상을 위해 로밍 챗봇에 대규모언어모델(LLM)을 도입했다고 19일 밝혔다. 이번 기능 개선을 통해 로밍 가입 절차가 기존 10단계에서 4단계로 약 60% 줄었다.이전 규칙기반(룰베이스) 챗봇은 미리 마련된 질문 유형 버튼을 눌러 가며 로밍 상품에 가입하거나 요금제 등 궁금한 내용을 해결하는 방식이었다.질문이 고정돼 답변도 정확하게 나오는 것이 장점이지만, 차례로 버튼을 누르기에 원하는 답변을 얻기까지 시간이 걸리고 고객의 다양한 수요를 대응하는 데 한계가 있었다. 가령 기존 방식으로 로밍 상품에 가입하려면 상품 검색, 방문 국가, 일정 등을 하나하나 선택해야 했다.LG유플러스는 로밍 챗봇을 업그레이드하면서 기존 10단계에 달하던 과정을 4단계로 단축했다. 먼저 U+ 로밍 AI 챗봇 채팅창에 ‘10월 26일부터 30일까지 다낭 갈 건데 로밍 어떻게 해?’와 같이 자연스러운 대화체 문장을 입력한다. 챗봇은 국가와 기간에 맞는 적합한 요금제를 추천하고, 고객이 요금제와 시작 시간을 고른 뒤 최종 가입 의사를 확인하면 절차가 끝난다.이번 개선으로 챗봇을 통한 로밍 가입 시간이 평균 1분 이내로 줄었다. 외국에서 생길 수 있는 여러 로밍 문제에도 시차에 상관없이 빠른 대응이 가능해진 것도 장점이다. 이 같은 LLM 기반 서비스 혁신은 실질적인 성과로 이어져 LG유플러스 로밍 챗봇의 순고객추천지수(NPS)는 기존 대비 50%p 이상 상승했다.LLM 도입으로 인해 로밍 챗봇은 단순 답변만 제공하던 것에서 벗어나 대화의 맥락을 파악해 가입, 변경, 해지까지 해내는 실행형 에이전트로 진화했다.이를 위해 Self-RAG(Self-Reflective Retrieval-Augmented Generation, 자기반성 검색 증강 생성) 기술을 도입했다. LLM이 생성한 응답을 스스로 반성하는 기술로, 답변의 근거와 유용성을 평가해 응답 품질을 높일 수 있다는 것이 장점이다.LG유플러스는 이번 LLM 로밍 챗봇 도입을 계기로 고객 상담 시나리오 전반에 LLM을 단계적으로 확대 적용할 계획이다.서남희 LG유플러스 CV담당은 “복잡하고 다양한 고객 문의에 보다 유연하게 대응하기 위해 챗봇에 LLM을 도입했다""며 “앞으로 사람처럼 대화하는 AI 에이전트로 발전시켜 차별적 고객경험을 제공하겠다”고 말했다."
https://n.news.naver.com/mnews/article/014/0005421089?sid=105,2025-10-19 09:00:16,IT/과학,"LG U+, 2년 연속 글로벌 시상식서 '최고 홈 와이파이 네트워크상' 수상","노정민 LG유플러스 홈디바이스개발팀장이 지난 15일 프랑스 파리에서 열린 'WBA 인더스트리 어워드 2025'에서 수상 후 기념 촬영을 하는 모습. LG유플러스 제공LG유플러스는 세계 최고 권위의 와이파이 시상식인 ‘WBA 인더스트리 어워드 2025’에서 ‘최고 홈 와이파이 네트워크상’을 수상했다고 19일 밝혔다.‘WBA’는 전 세계 무선 네트워크 사업자, 장비 제조사, 플랫폼 기업 등이 참여하는 글로벌 연합체로, 매년 와이파이 산업 발전에 기여한 기업과 기술을 선정해 시상한다. 최고 홈 와이파이 네트워크상은 가정 내 무선 품질 향상과 글로벌 산업 발전에 기여한 기업에 수여하는 상이다. 올해 시상식은 지난 15일 프랑스 파리에서 진행됐다.앞서 LG유플러스는 지난해 ‘최고 와이파이 네트워크 사업자상’을 수상한 바 있다. 올해 수상으로 LG유플러스는 2년 연속 WBA 어워드에서 수상의 영예를 안게 됐다.LG유플러스는 인공지능전환(AX) 기반 와이파이 품질 관리 기술을 통해 네트워크 안정성과 고객 만족도를 높인 점을 인정받았다. 이 기술은 AI가 고객의 이용 패턴과 네트워크 데이터를 지속적으로 모니터링해 와이파이 이용 중 불편을 겪는 고객을 미리 파악하고 품질 저하 요인을 탐지한다. 이를 통해 문제 발생 전 품질을 신속히 개선해 안정적인 무선 환경을 제공한다.LG유플러스는 고객에게 끊김 없는 무선 인터넷 경험을 제공하기 위해 네트워크 인프라 개선도 지속 추진하고 있다. 실제로 지난 3월 국내 통신사 최초로 6GHz 대역을 지원해 기존 대비 최대 4배 이상 빠른 속도를 제공하는 ‘와이파이7’ 공유기를 출시한 바 있다. 와이파이7 공유기는 320MHz의 초광대역 채널과 4K-QAM 기술을 적용해 최대 5.7Gbps의 속도를 구현했다.송대원 LG유플러스 기술개발그룹장(상무)은 “2년 연속 WBA 인더스트리 어워드 수상은 LG유플러스의 와이파이 기술 경쟁력을 국제적으로 인정받은 결과”라며 “AX 기반 품질 관리 기술을 고도화해 고객이 일상 속에서 체감할 수 있는 안정적인 네트워크 서비스를 제공하겠다”고 말했다."
https://n.news.naver.com/mnews/article/138/0002207208?sid=105,2025-10-19 09:01:06,IT/과학,"“AI로 와이파이 품질관리 자동화“ LGU+, 2년 연속 WVA 어워드 수상","지난 15일 프랑스에서 개최된 ‘WBA 인더스트리 어워드(WBA Industry Award) 2025’에서 노정민 홈디바이스개발팀장이 수상 후 기념 촬영을 하는 모습.[ⓒLG유플러스][디지털데일리 오병훈기자] LG유플러스가 인공지능(AI)을 활용한 와이파이 품질관리 기술로 국제상을 받았다.LG유플러스는 국제 와이파이 시상식 ‘WBA 인더스트리 어워드(WBA Industry Award) 2025’에서 ‘최고 홈 와이파이 네트워크상(Best In-Home Wi-Fi Network)’을 수상했다고 19일 밝혔다.WBA(Wireless Broadband Alliance)는 전 세계 무선 네트워크 사업자, 장비 제조사, 플랫폼 기업 등이 참여하는 글로벌 연합체다. 매년 와이파이 산업 발전에 기여한 기업과 기술을 선정해 시상한다.최고 홈 와이파이 네트워크상은 가정 내 무선 품질 향상과 글로벌 산업 발전에 기여한 기업이 받는 상이다. 올해 시상식은 지난 15일 프랑스 파리에서 진행됐다. 회사는 지난해에도 ‘최고 와이파이 네트워크 사업자상(Best Wi-Fi Network Operator)’을 수상했다.LG유플러스는 인공지능 전환(AI Transformation, AX) 기반 와이파이 품질 관리 기술로 네트워크 안정성과 가입자 만족도를 높인 점을 인정받았다. 이 기술은 AI가 가입자 이용 패턴과 네트워크 데이터를 지속적으로 모니터링해 와이파이 이용 중 불편을 겪는 고객을 미리 파악하고 품질 저하 요인을 탐지한다. 문제 발생 전 품질을 신속히 개선해 안정적인 무선 환경을 제공한다는 것이 회사 설명이다.LG유플러스는 가입자에게 끊김 없는 무선 인터넷 경험을 제공하기 위해 네트워크 인프라 개선도 지속한다. 실제로 지난 3월 6기가헤르츠(GHz) 대역을 지원, 기존 대비 최대 4배 이상 빠른 속도를 제공하는 ‘와이파이7(Wi-Fi 7)’ 공유기도 출시한 바 있다. 와이파이7 공유기는 320메가헤르츠(MHz) 초광대역 채널과 4K-QAM(Quadrature Amplitude Modulation) 기술을 적용해 최대 5.7Gbps의 속도를 구현했다.송대원 LG유플러스 기술개발그룹장(상무)은 “LG유플러스 와이파이 기술 경쟁력을 국제적으로 인정받은 결과”라며 “AX 기반 품질 관리 기술로 안정적인 네트워크 서비스를 제공하겠다”고 말했다."
https://n.news.naver.com/mnews/article/092/0002394415?sid=105,2025-10-19 09:01:08,IT/과학,"LGU+, 로밍 챗봇에 LLM 도입...가입 시간 1분 이내로 단축","고객 만족 점수 50%p 향상LG유플러스가 로밍 챗봇에 LLM을 도입, 가입 절차를 10단계에서 4단계로 줄였다고 19일 밝혔다.이전 규칙기반(룰베이스) 챗봇은 미리 마련된 질문 유형 버튼을 눌러 가며 로밍 상품에 가입하거나 요금제 등 궁금한 내용을 해결하는 방식이다. 질문이 고정돼 답변도 정확하게 나오는 것이 장점이지만, 차례로 버튼을 누르기에 원하는 답변을 얻기까지 시간이 걸리고 고객의 다양한 수요를 대응하는 데 한계가 있다.이를 LLM을 도입한 업그레이드로 가입 절차를 60% 줄이고 가입 시간이 1분 이내로 줄었다. 외국에서 생길 수 있는 여러 로밍 문제에도 시차에 상관없이 빠른 대응이 가능해진 것도 장점이다. 이 같은 LLM 기반 서비스 혁신은 실질적인 성과로 이어져 LG유플러스 로밍 챗봇의 순고객추천지수(NPS)는 기존 대비 50%p 이상 상승했다.아울러 LLM 도입으로 로밍 챗봇은 단순 답변만 제공하던 것에서 벗어나 대화의 맥락을 파악해 가입, 변경, 해지까지 해내는 실행형 에이전트로 진화했다. 이를 위해 자기반성 검색 증강 생성(Self-RAG) 기술을 도입했다. LLM이 생성한 응답을 스스로 반성하는 기술로, 답변의 근거와 유용성을 평가해 응답 품질을 높일 수 있다는 것이 장점이다.LG유플러스는 이번 LLM 로밍 챗봇 도입을 계기로 고객 상담 시나리오 전반에 LLM을 단계적으로 확대 적용할 계획이다.서남희 LG유플러스 CV담당은 “복잡하고 다양한 고객 문의에 보다 유연하게 대응하기 위해 챗봇에 LLM을 도입했다”며 “앞으로 사람처럼 대화하는 AI 에이전트로 발전시켜 차별적 고객경험을 제공하겠다”고 말했다."
https://n.news.naver.com/mnews/article/031/0000972932?sid=105,2025-10-19 09:01:08,IT/과학,"LGU+, AX 기반 와이파이 품질 관리 기술로 2년 연속 글로벌 어워드 수상","AX 기반 품질 관리 기술·서비스 품질 개선 노력 등 성과 인정LG유플러스는 세계 최고 권위의 와이파이 시상식인 'WBA 인더스트리 어워드 2025'에서 '최고 홈 와이파이 네트워크상'을 수상했다고 19일 밝혔다.사진은 시상식에 참석한 노정민 홈디바이스개발팀장이 수상 후 기념 촬영을 하는 모습. [사진=LGU+]WBA는 전 세계 무선 네트워크 사업자, 장비 제조사, 플랫폼 기업 등이 참여하는 글로벌 연합체로, 매년 와이파이 산업 발전에 기여한 기업과 기술을 선정해 시상한다.최고 홈 와이파이 네트워크상은 가정 내 무선 품질 향상과 글로벌 산업 발전에 기여한 기업에 수여하는 상이다. 올해 시상식은 지난 15일 프랑스 파리에서 진행됐다.앞서 LG유플러스는 지난해 '최고 와이파이 네트워크 사업자상'을 수상한 바 있다. 올해 수상으로 LG유플러스는 2년 연속 WBA 어워드에서 수상의 영예를 안게 됐다.LG유플러스는 AX 기반 와이파이 품질 관리 기술을 통해 네트워크 안정성과 고객 만족도를 높인 점을 인정받았다. 이 기술은 AI가 고객의 이용 패턴과 네트워크 데이터를 지속적으로 모니터링해 와이파이 이용 중 불편을 겪는 고객을 미리 파악하고 품질 저하 요인을 탐지한다. 이를 통해 문제 발생 전 품질을 신속히 개선해 안정적인 무선 환경을 제공한다.LG유플러스는 고객에게 끊김 없는 무선 인터넷 경험을 제공하기 위해 네트워크 인프라 개선도 지속 추진하고 있다. 실제로 지난 3월 국내 통신사 최초로 6GHz 대역을 지원, 기존 대비 최대 4배 이상 빠른 속도를 제공하는 '와이파이7(Wi-Fi 7)' 공유기를 출시한 바 있다. 와이파이7 공유기는 320MHz의 초광대역 채널과 4K-QAM 기술을 적용해 최대 5.7Gbps의 속도를 구현했다.LG유플러스는 향후 AX 기반 AI 기술을 활용해 가정과 기업 고객을 위한 차세대 네트워크 품질을 지속 고도화해나갈 예정이다.송대원 LG유플러스 기술개발그룹장은 ""2년 연속 WBA 인더스트리 어워드 수상은 LG유플러스의 와이파이 기술 경쟁력을 국제적으로 인정받은 결과""라며 ""AX 기반 품질 관리 기술을 고도화해 고객이 일상 속에서 체감할 수 있는 안정적인 네트워크 서비스를 제공하겠다""고 말했다."
https://n.news.naver.com/mnews/article/030/0003360264?sid=105,2025-10-19 09:01:09,IT/과학,"LGU+, 로밍 챗봇에 LLM 도입…“가입 절차 60% 단축”","LG유플러스 직원이 로밍 챗봇을 소개하는 모습.LG유플러스는 고객 편의 향상을 위해 로밍 챗봇에 대규모언어모델(LLM)을 도입했다고 19일 밝혔다. 이번 기능 개선을 통해 로밍 가입 절차가 기존 10단계에서 4단계로 약 60% 줄었다.이전 규칙기반(룰베이스) 챗봇은 미리 마련된 질문 유형 버튼을 눌러 가며 로밍 상품에 가입하거나 요금제 등 궁금한 내용을 해결하는 방식이었다. 질문이 고정돼 답변도 정확하게 나오는 것이 장점이지만, 차례로 버튼을 누르기에 원하는 답변을 얻기까지 시간이 걸리고 고객의 다양한 수요를 대응하는 데 한계가 있었다. 가령 기존 방식으로 로밍 상품에 가입하려면 상품 검색, 방문 국가, 일정 등을 하나하나 선택해야 했다.LG유플러스는 로밍 챗봇을 업그레이드하면서 기존 10단계에 달하던 과정을 4단계로 단축했다. 먼저 U+ 로밍 AI 챗봇 채팅창에 '이달 26일부터 30일까지 다낭 갈 건데 로밍 어떻게 해?'와 같이 자연스러운 대화체 문장을 입력한다. 챗봇은 국가와 기간에 맞는 적합한 요금제를 추천하고, 고객이 요금제와 시작 시간을 고른 뒤 최종 가입 의사를 확인하면 절차가 끝난다.이번 개선으로 챗봇을 통한 로밍 가입 시간이 평균 1분 이내로 줄었다. 외국에서 생길 수 있는 여러 로밍 문제에도 시차에 상관없이 빠른 대응이 가능해진 것도 장점이다. 이 같은 LLM 기반 서비스 혁신은 실질적인 성과로 이어져 LG유플러스 로밍 챗봇의 순고객추천지수(NPS)는 기존 대비 50%p 이상 상승했다.LLM 도입으로 인해 로밍 챗봇은 단순 답변만 제공하던 것에서 벗어나 대화의 맥락을 파악해 가입, 변경, 해지까지 해내는 실행형 에이전트로 진화했다. 이를 위해 Self-RAG(자기반성 검색 증강 생성) 기술을 도입했다. LLM이 생성한 응답을 스스로 반성하는 기술이다. 답변의 근거와 유용성을 평가해 응답 품질을 높일 수 있다는 것이 장점이다.LG유플러스는 이번 LLM 로밍 챗봇 도입을 계기로 고객 상담 시나리오 전반에 LLM을 단계적으로 확대 적용할 계획이다.서남희 LG유플러스 CV담당은 “복잡하고 다양한 고객 문의에 보다 유연하게 대응하기 위해 챗봇에 LLM을 도입했다'며 “앞으로 사람처럼 대화하는 AI 에이전트로 발전시켜 차별적 고객경험을 제공하겠다”고 말했다."
https://n.news.naver.com/mnews/article/031/0000972933?sid=105,2025-10-19 09:01:11,IT/과학,"LGU+, 로밍 챗봇에 LLM 도입해 가입 절차 60% 단축","대규모언어모델(LLM)로 챗봇 업그레이드해 기존 10단계에서 4단계로 줄여LG유플러스는 고객 편의 향상을 위해 로밍 챗봇에 대규모언어모델(LLM)을 도입했다고 19일 밝혔다. 이번 기능 개선을 통해 로밍 가입 절차가 기존 10단계에서 4단계로 약 60% 줄었다.사진은 LG유플러스 직원이 로밍 챗봇을 소개하는 모습. [사진=LGU+]이전 규칙기반(룰베이스) 챗봇은 미리 마련된 질문 유형 버튼을 눌러 가며 로밍 상품에 가입하거나 요금제 등 궁금한 내용을 해결하는 방식이었다. 질문이 고정돼 답변도 정확하게 나오는 것이 장점이지만, 차례로 버튼을 누르기에 원하는 답변을 얻기까지 시간이 걸리고 고객의 다양한 수요를 대응하는 데 한계가 있었다. 가령 기존 방식으로 로밍 상품에 가입하려면 상품 검색, 방문 국가, 일정 등을 하나하나 선택해야 했다.LG유플러스는 로밍 챗봇을 업그레이드하면서 기존 10단계에 달하던 과정을 4단계로 단축했다. 먼저 U+ 로밍 AI 챗봇 채팅창에 ‘10월 26일부터 30일까지 다낭 갈 건데 로밍 어떻게 해?’와 같이 자연스러운 대화체 문장을 입력한다. 챗봇은 국가와 기간에 맞는 적합한 요금제를 추천하고, 고객이 요금제와 시작 시간을 고른 뒤 최종 가입 의사를 확인하면 절차가 끝난다.이번 개선으로 챗봇을 통한 로밍 가입 시간이 평균 1분 이내로 줄었다. 외국에서 생길 수 있는 여러 로밍 문제에도 시차에 상관없이 빠른 대응이 가능해진 것도 장점이다. 이 같은 LLM 기반 서비스 혁신은 실질적인 성과로 이어져 LG유플러스 로밍 챗봇의 순고객추천지수(NPS)는 기존 대비 50%p 이상 상승했다.LLM 도입으로 인해 로밍 챗봇은 단순 답변만 제공하던 것에서 벗어나 대화의 맥락을 파악해 가입, 변경, 해지까지 해내는 실행형 에이전트로 진화했다. 이를 위해 Self-RAG(자기반성 검색 증강 생성) 기술을 도입했다. LLM이 생성한 응답을 스스로 반성하는 기술로, 답변의 근거와 유용성을 평가해 응답 품질을 높일 수 있다는 것이 장점이다.LG유플러스는 이번 LLM 로밍 챗봇 도입을 계기로 고객 상담 시나리오 전반에 LLM을 단계적으로 확대 적용할 계획이다.서남희 LG유플러스 CV담당은 ""복잡하고 다양한 고객 문의에 보다 유연하게 대응하기 위해 챗봇에 LLM을 도입했다""며 ""앞으로 사람처럼 대화하는 AI 에이전트로 발전시켜 차별적 고객경험을 제공하겠다""고 말했다."
https://n.news.naver.com/mnews/article/092/0002394419?sid=105,2025-10-19 09:06:12,IT/과학,"LGU+, 와이파이 품질 관리 기술로 2연 연속 글로벌 어워드 수상","LG유플러스는 세계 최고 권위의 와이파이 시상식인 ‘WBA 인더스트리 어워드 2025’에서 ‘최고 홈 와이파이 네트워크상’을 수상했다고 19일 밝혔다.WBA는 전 세계 무선 네트워크 사업자, 장비 제조사, 플랫폼 기업 등이 참여하는 글로벌 연합체로, 매년 와이파이 산업 발전에 기여한 기업과 기술을 선정해 시상한다. 최고 홈 와이파이 네트워크상은 가정 내 무선 품질 향상과 글로벌 산업 발전에 기여한 기업에 수여하는 상이다. 올해 시상식은 지난 15일 프랑스 파리에서 진행됐다.앞서 LG유플러스는 지난해 ‘최고 와이파이 네트워크 사업자상’을 수상했다. 올해 수상으로 LG유플러스는 2년 연속 WBA 어워드에서 수상의 영예를 안게 됐다.LG유플러스는 AX 기반 와이파이 품질 관리 기술을 통해 네트워크 안정성과 고객 만족도를 높인 점을 인정받았다. 이 기술은 AI가 고객의 이용 패턴과 네트워크 데이터를 지속적으로 모니터링해 와이파이 이용 중 불편을 겪는 고객을 미리 파악하고 품질 저하 요인을 탐지한다. 이를 통해 문제 발생 전 품질을 신속히 개선해 안정적인 무선 환경을 제공한다.LG유플러스는 고객에게 끊김 없는 무선 인터넷 경험을 제공하기 위해 네트워크 인프라 개선도 지속 추진하고 있다. 실제로 지난 3월 국내 통신사 최초로 6GHz 대역을 지원, 기존 대비 최대 4배 이상 빠른 속도를 제공하는 ‘와이파이7’ 공유기를 출시한 바 있다. 와이파이7 공유기는 320MHz의 초광대역 채널과 4K-QAM 기술을 적용해 최대 5.7Gbps의 속도를 구현했다.LG유플러스는 향후 AX 기반 AI 기술을 활용해 가정과 기업 고객을 위한 차세대 네트워크 품질을 지속 고도화해나갈 예정이다.송대원 LG유플러스 기술개발그룹장은 “2년 연속 WBA 인더스트리 어워드 수상은 LG유플러스의 와이파이 기술 경쟁력을 국제적으로 인정받은 결과”라며 “AX 기반 품질 관리 기술을 고도화해 고객이 일상 속에서 체감할 수 있는 안정적인 네트워크 서비스를 제공하겠다”고 말했다."
https://n.news.naver.com/mnews/article/003/0013542961?sid=105,2025-10-19 09:22:25,IT/과학,"LG U+, 로밍 챗봇에 LLM 도입해 가입 절차 60% 단축","가입 절차 기존 10단계에서 4단계로 줄여실시간 모니터링과 품질 관리로 고객 만족 점수 50%p 향상""사람처럼 대화하는 AI 에이전트로 발전…차별적 고객경험 제공""LG유플러스 직원이 로밍 챗봇을 소개하는 모습. (사진=LG유플러스 제공) *재판매 및 DB 금지[서울=뉴시스]오동현 기자 = LG유플러스가 고객 편의 향상을 위해 로밍 챗봇에 대규모언어모델(LLM)을 도입했다고 19일 밝혔다. 이번 기능 개선을 통해 로밍 가입 절차가 기존 10단계에서 4단계로 약 60% 줄었다.이전 규칙기반(룰베이스) 챗봇은 미리 마련된 질문 유형 버튼을 눌러 가며 로밍 상품에 가입하거나 요금제 등 궁금한 내용을 해결하는 방식이었다. 질문이 고정돼 답변도 정확하게 나오는 것이 장점이지만, 차례로 버튼을 누르기에 원하는 답변을 얻기까지 시간이 걸리고 고객의 다양한 수요를 대응하는 데 한계가 있었다. 가령 기존 방식으로 로밍 상품에 가입하려면 상품 검색, 방문 국가, 일정 등을 하나하나 선택해야 했다.LG유플러스는 로밍 챗봇을 업그레이드하면서 기존 10단계에 달하던 과정을 4단계로 단축했다. 먼저 U+ 로밍 AI 챗봇 채팅창에 ‘10월 26일부터 30일까지 다낭 갈 건데 로밍 어떻게 해?’와 같이 자연스러운 대화체 문장을 입력한다. 챗봇은 국가와 기간에 맞는 적합한 요금제를 추천하고, 고객이 요금제와 시작 시간을 고른 뒤 최종 가입 의사를 확인하면 절차가 끝난다.이번 개선으로 챗봇을 통한 로밍 가입 시간이 평균 1분 이내로 줄었다. 외국에서 생길 수 있는 여러 로밍 문제에도 시차에 상관없이 빠른 대응이 가능해진 것도 장점이다. 이 같은 LLM 기반 서비스 혁신은 실질적인 성과로 이어져 LG유플러스 로밍 챗봇의 순고객추천지수(NPS)는 기존 대비 50%p 이상 상승했다.LLM 도입으로 인해 로밍 챗봇은 단순 답변만 제공하던 것에서 벗어나 대화의 맥락을 파악해 가입, 변경, 해지까지 해내는 실행형 에이전트로 진화했다. 이를 위해 Self-RAG(자기반성 검색 증강 생성) 기술을 도입했다. LLM이 생성한 응답을 스스로 반성하는 기술로, 답변의 근거와 유용성을 평가해 응답 품질을 높일 수 있다는 것이 장점이다.LG유플러스는 이번 LLM 로밍 챗봇 도입을 계기로 고객 상담 시나리오 전반에 LLM을 단계적으로 확대 적용할 계획이다.서남희 LG유플러스 CV담당은 “복잡하고 다양한 고객 문의에 보다 유연하게 대응하기 위해 챗봇에 LLM을 도입했다’며 “앞으로 사람처럼 대화하는 AI 에이전트로 발전시켜 차별적 고객경험을 제공하겠다”고 말했다."
https://n.news.naver.com/mnews/article/003/0013542965?sid=105,2025-10-19 09:29:21,IT/과학,"LG U+, AI 기술로 와이파이 품질 관리…글로벌 어워드 수상","'WBA 인더스트리 어워드'서 2년 연속 수상AX 기반 품질 관리 기술·서비스 품질 개선 노력 등 성과 인정6GHz 지원 '와이파이 7 공유기' 출시로 초고속·초저지연 환경 구현'WBA 인더스트리 어워드 2025'에 참석한 LG유플러스 노정민 홈디바이스개발팀장이 수상 후 기념 촬영을 하는 모습. (사진=LG유플러스 제공) *재판매 및 DB 금지[서울=뉴시스]오동현 기자 = LG유플러스는 세계 최고 권위의 와이파이 시상식인 ‘WBA 인더스트리 어워드(WBA Industry Award) 2025’에서 ‘최고 홈 와이파이 네트워크상’을 수상했다고 19일 밝혔다.‘WBA(Wireless Broadband Alliance)’는 전 세계 무선 네트워크 사업자, 장비 제조사, 플랫폼 기업 등이 참여하는 글로벌 연합체로, 매년 와이파이 산업 발전에 기여한 기업과 기술을 선정해 시상한다.최고 홈 와이파이 네트워크상은 가정 내 무선 품질 향상과 글로벌 산업 발전에 기여한 기업에 수여하는 상이다. 올해 시상식은 지난 15일 프랑스 파리에서 진행됐다.앞서 LG유플러스는 지난해 ‘최고 와이파이 네트워크 사업자상’을 수상한 바 있다. 올해 수상으로 LG유플러스는 2년 연속 WBA 어워드에서 수상의 영예를 안게 됐다.LG유플러스는 AX(인공지능 전환) 기반 와이파이 품질 관리 기술을 통해 네트워크 안정성과 고객 만족도를 높인 점을 인정받았다. 이 기술은 인공지능(AI)이 고객의 이용 패턴과 네트워크 데이터를 지속적으로 모니터링해 와이파이 이용 중 불편을 겪는 고객을 미리 파악하고 품질 저하 요인을 탐지한다. 이를 통해 문제 발생 전 품질을 신속히 개선해 안정적인 무선 환경을 제공한다.LG유플러스는 고객에게 끊김 없는 무선 인터넷 경험을 제공하기 위해 네트워크 인프라 개선도 지속 추진하고 있다. 실제로 지난 3월 국내 통신사 최초로 6GHz 대역을 지원, 기존 대비 최대 4배 이상 빠른 속도를 제공하는 ‘와이파이7(Wi-Fi 7)’ 공유기를 출시한 바 있다. 와이파이7 공유기는 320MHz의 초광대역 채널과 4K-QAM 기술을 적용해 최대 5.7Gbps의 속도를 구현했다.LG유플러스는 향후 AX 기반 AI 기술을 활용해 가정과 기업 고객을 위한 차세대 네트워크 품질을 지속 고도화해나갈 예정이다.송대원 LG유플러스 기술개발그룹장(상무)은 “2년 연속 WBA 인더스트리 어워드 수상은 LG유플러스의 와이파이 기술 경쟁력을 국제적으로 인정받은 결과”라며 “AX 기반 품질 관리 기술을 고도화해 고객이 일상 속에서 체감할 수 있는 안정적인 네트워크 서비스를 제공하겠다”고 말했다."
https://n.news.naver.com/mnews/article/008/0005264782?sid=105,2025-10-19 09:50:02,IT/과학,"LGU+, 로밍 챗봇에 LLM 도입…가입 절차 60% 단축","LG유플러스 직원이 로밍 챗봇을 소개하고 있다. /사진=LG유플러스LG유플러스는 고객 편의 향상을 위해 로밍 챗봇에 LLM(대규모언어모델)을 도입했다고 19일 밝혔다. 이번 기능 개선을 통해 로밍 가입 절차가 기존 10단계에서 4단계로 약 60% 줄었다.이전 규칙기반(룰베이스) 챗봇은 미리 마련된 질문 유형 버튼을 눌러 가며 로밍 상품에 가입하거나 요금제 등 궁금한 내용을 해결하는 방식이었다. 질문이 고정돼 답변도 정확하게 나오는 것이 장점이지만, 차례로 버튼을 누르기에 원하는 답변을 얻기까지 시간이 걸리고 고객의 다양한 수요를 대응하는 데 한계가 있었다. 가령 기존 방식으로 로밍 상품에 가입하려면 상품 검색, 방문 국가, 일정 등을 하나하나 선택해야 했다.LG유플러스는 로밍 챗봇을 업그레이드하면서 기존 10단계에 달하던 과정을 4단계로 단축했다. 먼저 U+ 로밍 AI 챗봇 채팅창에 '10월 26일부터 30일까지 다낭 갈 건데 로밍 어떻게 해?'와 같이 자연스러운 대화체 문장을 입력한다. 챗봇은 국가와 기간에 맞는 적합한 요금제를 추천하고, 고객이 요금제와 시작 시간을 고른 뒤 최종 가입 의사를 확인하면 절차가 끝난다.이번 개선으로 챗봇을 통한 로밍 가입 시간이 평균 1분 이내로 줄었다. 외국에서 생길 수 있는 여러 로밍 문제에도 시차에 상관없이 빠른 대응이 가능해진 것도 장점이다. 이 같은 LLM 기반 서비스 혁신은 실질적인 성과로 이어져 LG유플러스 로밍 챗봇의 순고객추천지수(NPS)는 기존 대비 50%p 이상 상승했다.LLM 도입으로 인해 로밍 챗봇은 단순 답변만 제공하던 것에서 벗어나 대화의 맥락을 파악해 가입, 변경, 해지까지 해내는 실행형 에이전트로 진화했다. 이를 위해 Self-RAG(자기반성 검색 증강 생성) 기술을 도입했다. LLM이 생성한 응답을 스스로 반성하는 기술로, 답변의 근거와 유용성을 평가해 응답 품질을 높일 수 있다는 것이 장점이다.LG유플러스는 이번 LLM 로밍 챗봇 도입을 계기로 고객 상담 시나리오 전반에 LLM을 단계적으로 확대 적용할 계획이다.서남희 LG유플러스 CV담당은 ""복잡하고 다양한 고객 문의에 보다 유연하게 대응하기 위해 챗봇에 LLM을 도입했다""며 ""앞으로 사람처럼 대화하는 AI 에이전트로 발전시켜 차별적 고객경험을 제공하겠다""고 말했다."
https://n.news.naver.com/mnews/article/008/0005264783?sid=105,2025-10-19 09:51:11,IT/과학,"LGU+, 와이파이 기술력 세계가 인정...WBA 어워드 2년 연속 수상","LG유플러스가 글로벌 와이파이 시상식인 ‘WBA 인더스트리 어워드 2025’에서 ‘최고 홈 와이파이 네트워크상’을 수상했다. 사진은 시상식에 참석한 노정민 홈디바이스개발팀장이 수상 후 기념 촬영을 하는 모습. /사진=LG유플러스LG유플러스는 세계 최고 권위의 와이파이 시상식인 'WBA 인더스트리 어워드 2025'에서 '최고 홈 와이파이 네트워크상'을 수상했다고 19일 밝혔다.WBA는 전 세계 무선 네트워크 사업자, 장비 제조사, 플랫폼 기업 등이 참여하는 글로벌 연합체로, 매년 와이파이 산업 발전에 기여한 기업과 기술을 선정해 시상한다.최고 홈 와이파이 네트워크상은 가정 내 무선 품질 향상과 글로벌 산업 발전에 기여한 기업에 수여하는 상이다. 올해 시상식은 지난 15일 프랑스 파리에서 진행됐다.앞서 LG유플러스는 지난해 '최고 와이파이 네트워크 사업자상'을 수상한 바 있다. 올해 수상으로 LG유플러스는 2년 연속 WBA 어워드에서 수상의 영예를 안게 됐다.LG유플러스는 AX(인공지능 전환) 기반 와이파이 품질 관리 기술을 통해 네트워크 안정성과 고객 만족도를 높인 점을 인정받았다. 이 기술은 AI(인공지능)가 고객의 이용 패턴과 네트워크 데이터를 지속적으로 모니터링해 와이파이 이용 중 불편을 겪는 고객을 미리 파악하고 품질 저하 요인을 탐지한다.LG유플러스는 고객에게 끊김 없는 무선 인터넷 경험을 제공하기 위해 네트워크 인프라 개선도 지속 추진하고 있다. 실제로 지난 3월 국내 통신사 최초로 6GHz 대역을 지원, 기존 대비 최대 4배 이상 빠른 속도를 제공하는 '와이파이7' 공유기를 출시한 바 있다.LG유플러스는 향후 AX 기반 AI 기술을 활용해 가정과 기업 고객을 위한 차세대 네트워크 품질을 지속 고도화해나갈 예정이다.송대원 LG유플러스 기술개발그룹장(상무)은 ""2년 연속 WBA 인더스트리 어워드 수상은 LG유플러스의 와이파이 기술 경쟁력을 국제적으로 인정받은 결과""라며 ""AX 기반 품질 관리 기술을 고도화해 고객이 일상 속에서 체감할 수 있는 안정적인 네트워크 서비스를 제공하겠다""고 말했다."
https://n.news.naver.com/mnews/article/144/0001074201?sid=105,2025-10-19 10:13:10,IT/과학,"LGU+, 로밍 챗봇에 LLM 도입···10단계→4단계 단축","LG유플러스는 로밍 챗봇에 대규모언어모델(LLM)을 도입, 로밍 가입 절차를 기존 10단계에서 4단계로 줄였다고 19일 밝혔다.기존에는 로밍 상품에 가입하려면 상품 검색, 방문 국가, 일정 등을 하나하나 선택해야 했다.반면 4단계로 단축된 새 방식은U+ 로밍 AI 챗봇 채팅창에 ‘10월 26일부터 30일까지 다낭 갈 건데 로밍 어떻게 해?’와 같이 자연스러운 대화체 문장을 입력한다. 챗봇은 국가와 기간에 맞는 적합한 요금제를 추천하고, 고객이 요금제와 시작 시간을 고른 뒤 최종 가입 의사를 확인하면 절차가 끝난다.이번 개선으로 챗봇을 통한 로밍 가입 시간이 평균 1분 이내로 줄었다. 외국에서 생길 수 있는 여러 로밍 문제에도 시차에 상관없이 빠른 대응이 가능해진 것도 장점이다. 이 같은 LLM 기반 서비스 혁신은 실질적인 성과로 이어져 LG유플러스 로밍 챗봇의 순고객추천지수(NPS)는 기존 대비 50%p 이상 상승했다.LG유플러스는 이번 LLM 로밍 챗봇 도입을 계기로 고객 상담 시나리오 전반에 LLM을 단계적으로 확대 적용할 계획이다.서남희 LG유플러스 CV담당은 “복잡하고 다양한 고객 문의에 보다 유연하게 대응하기 위해 챗봇에 LLM을 도입했다’며 “앞으로 사람처럼 대화하는 AI 에이전트로 발전시켜 차별적 고객경험을 제공하겠다”고 말했다.조진호 기자 ftw@kyunghyang.com"
https://n.news.naver.com/mnews/article/144/0001074203?sid=105,2025-10-19 10:16:14,IT/과학,"LG U+, AX 기반 와이파이 품질 관리 기술로 2년 연속 글로벌 어워드 수상","LG유플러스는 세계 최고 권위의 와이파이 시상식인 ‘WBA 인더스트리 어워드 2025’에서 ‘최고 홈 와이파이 네트워크상’을 받았다고 19일 밝혔다.WBA(Wireless Broadband Alliance)는 전 세계 무선 네트워크 사업자, 장비 제조사, 플랫폼 기업 등이 참여하는 글로벌 연합체로 매년 와이파이 산업 발전에 기여한 기업과 기술을 선정해 시상한다.LG유플러스는 인공지능(AI) 기반 와이파이 품질 관리 기술을 통해 네트워크 안정성과 고객 만족도를 높인 점을 인정받았다.LG유플러스는 지난해 ‘최고 와이파이 네트워크 사업자상’을 받아 올해 수상으로 2년 연속 수상했다.<생활경제부>"
https://n.news.naver.com/mnews/article/018/0006141518?sid=105,2025-10-19 10:26:08,IT/과학,"LGU+, 로밍 챗봇에 LLM 도입…가입 절차 60% 단축","가입 단계 10→4단계로 60% 단축[이데일리 김현아 기자] LG유플러스(032640)가 로밍 가입 챗봇에 대규모언어모델(LLM)을 도입하면서 고객 편의성이 크게 개선됐다.LG유플러스는 19일 로밍 가입 및 상담용 챗봇에 LLM 기술을 적용해 기존 10단계에 달하던 로밍 가입 절차를 4단계로 줄였다고 밝혔다. 이를 통해 가입 과정이 약 60% 단축됐으며, 평균 가입 소요 시간도 1분 이내로 줄었다.LG유플러스가 고객 편의 향상을 위해 로밍 챗봇에 대규모언어모델(LLM)을 도입했다고 19일 밝혔다. 사진은 LG유플러스 직원이 로밍 챗봇을 소개하는 모습.버튼식에서 자연어 기반 ‘대화형 가입’으로 전환기존 규칙기반(룰베이스) 챗봇은 고객이 고정된 질문 유형 버튼을 단계별로 선택해 로밍 상품을 검색하고 국가 및 이용 기간을 직접 입력하는 방식이었다. 그러나 질문과 답변 패턴이 제한돼 있어 다양한 고객 수요 대응에 한계가 있었다.LLM 도입 이후 고객은 “10월 26일부터 30일까지 다낭 가는데 로밍 어떻게 해?”와 같은 자연어 문장을 입력하면, 챗봇이 자동으로 국가·일정 정보를 인식하고 적절한 요금제를 추천한다. 고객이 요금제를 선택하고 시작 시간을 지정한 뒤 최종 가입 의사를 확인하면 가입이 완료된다.순고객추천지수 50%포인트 이상 상승LG유플러스는 LLM 기반 챗봇 고도화를 위해 Self-RAG(Self-Reflective Retrieval-Augmented Generation) 기술을 도입했다. 해당 기술은 LLM이 생성한 응답을 스스로 점검하고 근거의 타당성을 판단해 응답 품질을 보정할 수 있도록 설계됐다.이를 통해 챗봇은 단순 답변 제공 수준을 넘어 가입·변경·해지까지 수행하는 실행형 AI 에이전트로 기능 범위를 확장했다. 이러한 변화는 고객 만족도로 이어져, 로밍 챗봇의 순고객추천지수(NPS)는 기존 대비 50%포인트 이상 향상됐다.LG유플러스는 이번 로밍 챗봇 업그레이드를 시작으로 LLM 기술을 고객 상담 전반에 단계적으로 확대 적용할 계획이다.서남희 LG유플러스 CV담당은 “복잡하고 다양해지는 고객 문의에 보다 유연하게 대응하기 위해 LLM 기반 챗봇을 도입했다”며 “앞으로 사람처럼 자연스럽게 대화하고 문제를 해결해주는 실행형 AI 에이전트로 발전시켜 차별화된 고객경험을 제공하겠다”고 말했다."
https://n.news.naver.com/mnews/article/003/0013543531?sid=101,2025-10-19 15:40:04,경제,통신3사 요금제 718개…소비자 혼란에 5G·LTE '통합요금제' 추진,"현재 가입받고 있는 요금제만 이동통신3사 합계 251개신규 가입은 안받지만 운영중인 요금제 총 718개정부, 5G·LTE 통합요금제 연내 출시 목표[서울=뉴시스]오동현 기자 = 국내 이동통신 3사가 운영 중인 요금제가 718개에 달하고, 수십 개의 알뜰폰 업체까지 합치면 요금제가 수천 개에 이르는 것으로 나타났다. 현재 실제 가입을 받고 있는 요금제만 251개로, 소비자 혼란이 큰 만큼 통합요금제 시행을 통한 합리적 요금 개편이 시급하다는 지적이다.19일 최수진 의원(국민의힘)이 과학기술정보통신부로부터 제출받은 '국내 이동통신사 3사 LTE, 5G 요금제 관련 현황 자료'를 분석한 결과, 이통 3사가 현재 운영하고 있는 모바일 요금제는 총 251개다. SKT가 81개(5G 요금제 53개, LTE 요금제 28개), KT가 81개(5G 49개, LTE 32개), LGU+가 가장 많은 89개(5G 64개, LTE 25개)의 요금제를 운영 중이다.이는 올해 1~2월 이통 3사가 자발적으로 총 131종의 요금제를 폐지하고 신규 가입을 중단한 이후에도 여전히 많은 수치다. 이로 인해 현재 너무 많은 요금제로 소비자들이 혼란을 겪고 있으며, 제대로 된 가격 비교를 할 수 없는 문제점이 발생하고 있다.현행 단말기 요금제는 신규 가입을 중단하더라도 가입자가 해당 요금제 이용을 중단하거나 다른 요금제로 갈아타지 않는 경우 계속 이용이 가능하다. 이로 인해 현재 이통 3사가 운영 중인 가입자가 남아 있는 요금제만도 718개나 되는 것으로 밝혀졌다. SKT가 145개, KT가 260개, LGU+가 313개로 가장 많았다.과거에는 5G 요금제와 LTE 요금제 간 선택의 자유가 없어 가입자가 보유한 단말기에 따라 요금제를 따라야 했지만, 지난 2023년 11월~2024년 1월부터는 5G 요금제와 LTE 요금제 간 자유로운 선택이 허용됐다. SK텔레콤은 2023년 11월 23일, KT는 2023년 12월 22일, LGU+는 2024년 1월 19일부터다.그럼에도 불구하고 여전히 이통 3사는 5G 요금제와 LTE 요금제를 별도로 운영하다 보니 너무 많은 요금제가 난립하고 있다는 지적이다.최수진 의원은 ""이통 3사의 요금 체계가 너무 복잡한 만큼 5G와 LTE 구분이 없는 통합요금제 시행을 통해 실제 가계통신비를 줄이고 소비자 선택권을 확대할 필요가 있다""고 지적했다.통합요금제는 5G·LTE 기술방식의 구분 없이 단순히 데이터 용량이나 전송속도에 따라 가입자가 직접 요금을 선택하는 상품이다.실제 최수진 의원실에서 확인한 바에 따르면, 과기부는 현재 통합요금제 시행을 위한 이통 3사별 협의를 거의 마무리했으며 연내 통합요금제 출시를 목표로 마무리 작업에 들어간 것으로 밝혀졌다.한편 김영섭 KT 대표는 지난해 11월 통신사 간 간담회에서 2025년 1분기까지 통합요금제를 출시하겠다고 밝힌 바 있다．"
https://n.news.naver.com/mnews/article/028/0002771609?sid=105,2025-10-19 15:56:14,IT/과학,‘AI’ 새 간판 걸고 ‘보안’ 놓친 KT…‘소액결제 해킹’ 집중난타 국감 예고,"지난 9월24일 국회 과학기술정보방송통신위원회에서 열린 통신∙금융 대규모 해킹사고에 대한 청문회에서 위원 질의에 답하고 있는 김영섭 케이티 대표이사. 연합뉴스국회 과학기술정보방송통신위원회의 21일 국정감사에서는 케이티(KT) 무단 소액결제 사건이 주요하게 다뤄질 것으로 전망된다. 이번 사건을 둘러싼 케이티의 미흡한 대처와 사고 은폐 논란을 놓고 의원들의 집중포화가 예상되기 때문이다. 에이아이시티 기업(AICT, 인공지능+정보통신)으로 간판을 바꾸며 체질 전환을 꾀한 케이티가 해킹 이슈에 발목을 잡힌 모습이다.올해 들어 통신업계 대형 해킹 사고는 연이어 발생하고 있다. 상반기에는 에스케이텔레콤(SKT) 가입자 2300만명의 개인정보 2696만건이 유출되는 사고가 났고, 하반기에는 케이티에서 불법 초소형 기지국을 악용한 무단 소액결제 사건이 터지며 사용자 368명에게서 2억4천만원 이상의 피해가 발생했다. 과방위는 21일 이동통신 3사 대표를 모두 불러놓고 본격적으로 관련 이슈를 다룰 예정이다.특히 관심은 최근 해킹 피해가 발생한 케이티에 쏠려있다. 케이티는 지난 17일 무단 소액결제 사건 관련 3차 브리핑을 열어 지난해 8월1일부터 올해 9월10일까지의 전체 휴대전화 기지국 접속 기록 약 4조300여건을 전수조사한 결과를 발표했다. 지난 9월11일 있었던 1차 브리핑과 견줘보면 18개의 불법 초소형 기지국이 추가로 발견(최초 발표는 2개)됐으며, 개인정보 유출이 우려되는 접속 피해 고객도 5561명에서 2만2227명으로 늘었다. 금전 피해를 본 고객도 278명에서 368명으로 늘었다. 케이티에서는 김영섭 대표 외에도 황태선 정보보안실장, 서창석 네트워크 부문장 등 주요 임직원이 국감에 출석해 관련 이슈에 답변할 예정이다.앞서 케이티는 지난달 24일 국회에서 열린 대규모 해킹사고 관련 청문회에서 사고 은폐 및 축소 논란을 부르며 여론의 뭇매를 맞은 바 있다. 지난 7월 미국 보안 전문지 프랙(Phrack)에서 케이티와 엘지유플러스(LGU+)의 데이터가 공개되며 해킹 의혹이 제기됐는데, 케이티가 해킹 정황을 알고 있으면서도 문제의 서버를 서둘러 폐기한 사실이 확인됐기 때문이다. 과학기술정보통신부는 케이티가 정부 조사를 고의로 방해했다고 보고 지난 2일 수사를 의뢰했다.케이티는 최근 들어 에이아이시티 기업으로의 체질 전환을 시도하고 있다. 마이크로소프트와의 협업으로 챗지피티(GPT)에 케이티 자체 데이터를 학습시킨 한국 특화 인공지능 모델 소타 케이(SOTA K)등을 발표하고, 미국 인공지능 기반 방산 소프트웨어 기업 팔란티어와의 협업을 강화한 것이 대표적인 움직임이다. 하지만 이런 움직임은 해킹 이슈에 발목을 잡힌 모양새다. 김준섭 케이비(KB)증권 애널리스트는 “비투비(B2B) 인공지능 전환(AX)사업의 높은 성장성과 인공지능을 적용함에 따른 본업 사업 효율화의 투자 포인트가 (해킹사고로) 희석되는 동향”이라며 “규제기관의 과징금과 보상안에 대한 우려가 존재한다”고 했다.여기에 정권교체기마다 불거지는 ‘대표 리스크’까지 더해지며 불확실성이 커지는 형국이다. 케이티는 정권이 교체될 때마다 최고경영자가 교체되는 ‘낙하산 인사’ 논란에서 자유롭지 않다. 통신업계 관계자는 “인공지능 시대에 생존을 위해 중장기적인 전략과 투자가 필요하지만 케이티는 정권이 바뀔 때마다 대표 이슈가 발생하면서 관련 중장기적 의사결정을 할 수 없는 구조”라고 말했다. 김영섭 대표는 윤석열 정부 때인 2023년 8월 대표이사에 올랐으며 임기는 내년 3월까지다."
https://n.news.naver.com/mnews/article/014/0005421224?sid=105,2025-10-19 16:43:09,IT/과학,LG U+ 로밍 챗봇에 LLM 탑재하니…가입 절차 60% '뚝',"LG유플러스 직원이 로밍 챗봇을 소개하고 있다. LG유플러스 제[파이낸셜뉴스] LG유플러스는 고객 편의 향상을 위해 로밍 챗봇에 대규모언어모델(LLM)을 도입했다고 19일 밝혔다. 이번 기능 개선을 통해 로밍 가입 절차가 기존 10단계에서 4단계로 약 60% 줄었다.이전 규칙기반(룰베이스) 챗봇은 미리 마련된 질문 유형 버튼을 눌러 가며 로밍 상품에 가입하거나 요금제 등 궁금한 내용을 해결하는 방식이었다. 질문이 고정돼 답변도 정확하게 나오는 것이 장점이지만, 차례로 버튼을 누르기에 원하는 답변을 얻기까지 시간이 걸리고 고객의 다양한 수요를 대응하는 데 한계가 있었다. 가령 기존 방식으로 로밍 상품에 가입하려면 상품 검색, 방문 국가, 일정 등을 하나하나 선택해야 했다.LG유플러스는 로밍 챗봇을 업그레이드하면서 기존 10단계에 달하던 과정을 4단계로 단축했다. 먼저 유플러스 로밍 인공지능(AI) 챗봇 채팅창에 ‘10월 26일부터 30일까지 다낭 갈 건데 로밍 어떻게 해?’와 같이 자연스러운 대화체 문장을 입력한다. 챗봇은 국가와 기간에 맞는 적합한 요금제를 추천하고, 고객이 요금제와 시작 시간을 고른 뒤 최종 가입 의사를 확인하면 절차가 끝난다.이번 개선으로 챗봇을 통한 로밍 가입 시간이 평균 1분 이내로 줄었다. 외국에서 생길 수 있는 여러 로밍 문제에도 시차에 상관없이 빠른 대응이 가능해진 것도 장점이다. 이 같은 LLM 기반 서비스 혁신은 실질적인 성과로 이어져 LG유플러스 로밍 챗봇의 순고객추천지수(NPS)는 기존 대비 50%p 이상 상승했다.LLM 도입으로 인해 로밍 챗봇은 단순 답변만 제공하던 것에서 벗어나 대화의 맥락을 파악해 가입, 변경, 해지까지 해내는 실행형 에이전트로 진화했다. 이를 위해 자기반성 검색 증강 생성(Self-RAG) 기술을 도입했다. LLM이 생성한 응답을 스스로 반성하는 기술로, 답변의 근거와 유용성을 평가해 응답 품질을 높일 수 있다는 것이 장점이다.LG유플러스는 이번 LLM 로밍 챗봇 도입을 계기로 고객 상담 시나리오 전반에 LLM을 단계적으로 확대 적용할 계획이다."
https://n.news.naver.com/mnews/article/382/0001230172?sid=105,2025-10-19 17:15:11,IT/과학,"LGU+, 로밍 챗봇에 LLM 도입…“가입 절차 60% 단축”","LG유플러스가 로밍 챗봇에 대규모언어모델(LLM)을 도입했다. 이를 통해 기존 10단계에 달하던 로밍 가입 절차는 4단계로 약 60% 줄었다.먼저 ‘U+ 로밍’ 인공지능(AI) 챗봇 채팅창에 ‘10월 26일부터 30일까지 다낭 갈 건데 로밍 어떻게 해?’같이 자연스러운 대화체 문장을 입력한다. 챗봇은 국가와 기간에 맞는 적합한 요금제를 추천하고, 고객이 요금제와 시작 시간을 고른 뒤 최종 가입 의사를 확인하면 절차가 끝난다.이번 개선으로 챗봇을 통한 로밍 가입 시간은 평균 1분 이내로 줄었다. 외국에서 생길 수 있는 여러 로밍 문제에도 시차에 상관없이 빠른 대응이 가능해진 것도 장점이다. 이 같은 LLM 기반 서비스 혁신은 실질적 성과로 이어져 LG유플러스 로밍 챗봇의 순고객추천지수(NPS)는 기존보다 50%p 이상 상승했다.LLM 도입으로 로밍 챗봇은 단순 답변만 제공하던 것에서 벗어나 대화의 맥락을 파악해 가입, 변경, 해지까지 해내는 실행형 에이전트로 진화했다. LG유플러스는 이를 위해 자기반성 검색 증강 생성(Self-RAG) 기술을 도입했다. LLM이 생성한 응답을 스스로 반성하는 기술로, 답변의 근거와 유용성을 평가해 응답 품질을 높일 수 있다는 것이 장점이다.LG유플러스는 이번 LLM 로밍 챗봇 도입을 계기로 고객 상담 시나리오 전반에 LLM을 단계적으로 확대 적용할 계획이다.서남희 LG유플러스 CV담당은 “복잡하고 다양한 고객 문의에 보다 유연하게 대응하기 위해 챗봇에 LLM을 도입했다’며 “앞으로 사람처럼 대화하는 AI 에이전트로 발전시켜 차별적 고객경험을 제공하겠다”고 말했다."
https://n.news.naver.com/mnews/article/014/0005421288?sid=105,2025-10-19 18:38:12,IT/과학,LGU+ AX 기반 '홈 와이파이' 기술력 글로벌 인정,"WBA 인더스트리 어워드서 수상LG유플러스는 세계 최고 권위의 와이파이 시상식인 'WBA 인더스트리 어워드 2025'에서 '최고 홈 와이파이 네트워크상'을 수상했다고 19일 밝혔다.'WBA'는 전 세계 무선 네트워크 사업자, 장비 제조사, 플랫폼 기업 등이 참여하는 글로벌 연합체로, 매년 와이파이 산업 발전에 기여한 기업과 기술을 선정해 시상한다. 최고 홈 와이파이 네트워크상은 가정 내 무선 품질 향상과 글로벌 산업 발전에 기여한 기업에 수여하는 상이다. 올해 시상식은 지난 15일 프랑스 파리에서 진행됐다.앞서 LG유플러스는 지난해 '최고 와이파이 네트워크 사업자상'을 수상한 바 있다. 올해 수상으로 LG유플러스는 2년 연속 WBA 어워드에서 수상의 영예를 안게 됐다. LG유플러스는 인공지능전환(AX) 기반 와이파이 품질 관리 기술을 통해 네트워크 안정성과 고객 만족도를 높인 점을 인정받았다.이 기술은 AI가 고객의 이용 패턴과 네트워크 데이터를 지속적으로 모니터링해 와이파이 이용 중 불편을 겪는 고객을 미리 파악하고 품질 저하 요인을 탐지한다. 이를 통해 문제 발생 전 품질을 신속히 개선해 안정적인 무선 환경을 제공한다.LG유플러스는 고객에게 끊김 없는 무선 인터넷 경험을 제공하기 위해 네트워크 인프라 개선도 지속 추진하고 있다. 실제로 지난 3월 국내 통신사 최초로 6GHz 대역을 지원해 기존 대비 최대 4배 이상 빠른 속도를 제공하는 '와이파이7' 공유기를 출시한 바 있다."
https://n.news.naver.com/mnews/article/002/0002410522?sid=101,2025-10-19 21:04:21,경제,통신3사 휴대전화 요금제 718개…소비자 혼란에 정부 '통합요금제' 추진,"알뜰폰 업체 합하면 요금제 수천 개 추산…정부, 연내 통합요금제 출시 목표통신 3사가 운영하고 있는 모바일 요금제가 718개에 달하며, 수십 개에 달하는 알뜰폰 업체까지 합치면 요금제가 수천 개에 달하는 것으로 나타났다. 난립한 요금제가 소비자 혼란을 가중한다는 지적에 정부는 통합요금제 연내 출시를 준비하고 있다.국민의힘 최수진 의원이 19일 과학기술정보통신부로부터 제출받은 자료에 따르면, 통신 3사가 현재 운영하고 있는 요금제는 718개, 신규 가입을 받고 있는 요금제는 251개에 달하는 것으로 집계됐다.구체적으로, 통신 3사가 운영하고 있는 요금제 중 313개가 LGU+로 가장 많았으며, KT가 260개, SKT 145개 순으로 뒤를 이었다.신규 가입을 받는 요금제 중에서도 LGU+가 89개(5G 요금제 64개, LTE 25개)의 요금제를 운영해 가장 많았으며 SKT 81개 (5G 53개, LTE 28개), KT 81개(5G 49개, LTE 32개)로 뒤를 이었다.정확한 집계가 없는 알뜰폰 업체 수십여 곳을 합하면 모바일 요금제는 수천 개에 달하는 것으로 추산된다.통신사들은 지난해 국정감사에서 느린 통신 속도의 LTE 요금제가 빠른 통신 5G보다 비싸다는 지적에 LTE 요금제 절반 이상의 신규 가입을 중단했다. 그러나 해당 소식을 기존 가입자들에게 제대로 알리지 않아 상당수가 추가 혜택을 놓치고 있었다는 문제가 최근 알려졌다.이에 요금제를 단순화하고 적극적으로 알려 소비자 선택권을 보장해야 한다는 지적이 제기됐으며, 정부는 5G와 LTE 구분 없이 데이터 용량과 전송 속도에 따라 가입자가 직접 요금을 선택하는 '통합요금제'를 준비하는 것으로 전해졌다.최 의원실에서 확인한 바에 따르면, 과기정통부는 현재 통합요금제 시행을 위한 통신 3사별 협의를 거의 마무리하고 연내 통합요금제 출시를 목표로 마무리 작업에 들어갔다.최 의원은 ""통신 3사의 요금 체계가 너무 복잡한 만큼, 5G와 LTE 구분이 없는 통합요금제 시행을 통해 실제 가계통신비를 줄이고 소비자 선택권을 확대할 필요가 있다""고 강조했다.▲서울 한 KT대리점 모습. ⓒ연합뉴스"
https://n.news.naver.com/mnews/article/277/0005666532?sid=105,2025-10-20 09:00:00,IT/과학,"AI가 내 통화 내용 검색해준다…LG U+, '익시오 2.0' 공개","AI 기반 대화 검색·스마트 요약 추가LG유플러스는 개인 맞춤형 인공지능(AI) 기능을 추가해 사용자 편의성을 높인 '익시오(ixi-O) 2.0'을 공개했다고 20일 밝혔다.익시오는 실시간 보이스피싱 탐지 기능과 통화 녹음, 요약, 보이는 전화 등 기능을 온디바이스 환경에서 제공하는 AI 통화 앱이다. 기존 익시오 1.0 버전은 위변조 목소리를 탐지하는 '안티딥보이스' 기능을 추가하는 등 보안 기능이 최대 강점이었다. 데이터가 서버를 거치지 않고 기기 내에서만 처리되는 온디바이스 방식인 점도 보안에 유리한 요소다.LG유플러스는 개인 맞춤형 인공지능(AI) 기능을 추가해 사용자 편의성을 높인 '익시오(ixi-O) 2.0'을 공개했다. 익시오 2.0의 AI 대화 검색 기능 화면. LG유플러스 제공익시오 2.0 버전에 새롭게 추가된 기능은 ▲AI 대화 검색 ▲AI 스마트 요약 ▲디스커버 2.0 등이다.AI 대화 검색 기능은 통화내용 중 궁금한 내용을 AI에게 질문하고 답변받는 기능이다. 익시오 앱에서 통화한 이력 중 필요한 번호를 찾아 '지난주에 이 친구가 생일 선물로 뭘 받고 싶다고 했지?'와 같이 대화 형태로 검색창에 질문하면 통화 내용을 기반으로 AI가 답변을 찾아준다. 통화 내용을 기반으로 대화 방식, 대화 속 감정 등을 분석해 긍정적 관계 형성에 도움이 될 수 있는 맞춤형 인사이트도 제공한다.AI 스마트 요약은 통화 내용을 사용자의 필요 목적에 따라 자동으로 정리하는 기능이다. 메모, 토론, 문의, 할 일 등의 간단한 형태를 비롯해 부동산 중개, 영업 활동 등 업무에 최적화된 양식으로 내용으로 요약할 수도 있다. 요약된 내용은 수정, 복사, 공유가 가능하다.디스커버 2.0은 통화와 문자 데이터를 분석해 고객에게 필요한 AI 기능을 추천하는 안내 페이지다. 고객의 사용 패턴에 따른 AI 통화 내용 정리, 문자 메시지 분석을 통한 일정 관리, 통화에서 언급된 장소 검색 등 AI가 추천하는 필요 정보를 한눈에 확인할 수 있다.안드로이드 스마트폰 이용자를 위한 신규 기능도 추가됐다. 안드로이드 버전 익시오 2.0에는 고객이 수신한 문자나 카카오톡 메시지에 포함된 피싱 위험 링크(URL)에 접속하면 주의 알림을 제공하는 '위험 URL 탐지' 기능과 문자로 받은 쿠폰이나 예약 일정을 감지하고 날짜가 가까워지면 알림을 제공하는 'AI 문자 리마인더'가 새롭게 도입됐다.iOS 버전 익시오 2.0에는 하나의 휴대전화에서 두 개의 번호를 이용할 수 있는 '듀얼넘버' 기능이 새롭게 추가됐다. LG유플러스는 iOS 이용자도 안드로이드 버전 익시오 2.0에 탑재된 기능을 이용할 수 있도록 업데이트할 계획이다.LG유플러스는 익시오를 초개인화 AI 에이전트로 발전시킨다는 방침이다. 최윤호 LG유플러스 AI에이전트추진그룹장(상무)은 ""익시오를 사용하는 고객에게 안심과 편리 두 가지 가치를 모두 제공하기 위해 이번 익시오 2.0 버전을 개발했다""면서 ""앞으로도 다양한 고객 가치를 제공하며 LG유플러스가 추구하는 '밝은 세상'을 만드는 데 앞장서겠다""고 말했다.LG유플러스는 개인 맞춤형 인공지능(AI) 기능을 추가해 사용자 편의성을 높인 '익시오(ixi-O) 2.0'을 공개했다. 익시오 2.0의 AI 대화 검색 기능 화면. LG유플러스 제공"
https://n.news.naver.com/mnews/article/003/0013544161?sid=105,2025-10-20 09:00:00,IT/과학,'지난 통화내용 검색해서 안내' LGU+ 통화앱 '익시오' 개선,"AI 대화 검색, AI 스마트 요약, 디스커버 2.0 등 AI 기능 탑재안드로이드 ‘위험 URL 탐지’…iOS ‘듀얼넘버’ 기능 추가[서울=뉴시스] LG유플러스가 사용자의 맥락을 이해하고 답변을 제공하는 인공지능(AI)을 추가한 ‘익시오(ixi-O) 2.0’을 공개했다. (사진=LGU+ 제공) *재판매 및 DB 금지[서울=뉴시스] 심지혜 기자 = LG유플러스가 사용자의 맥락을 이해하고 답변을 제공하는 인공지능(AI)을 추가한 ‘익시오(ixi-O) 2.0’을 20일 공개했다.익시오는 실시간 보이스피싱 탐지 기능과 통화 녹음 및 요약, 보이는 전화 등 기능을 온디바이스(On-device) 환경에서 제공하는 AI 통화 앱이다. 기존 익시오 1.0 버전에서는 위변조된 목소리까지 탐지하는 ‘안티딥보이스’ 기능을 추가하는 등 고객이 안심하고 사용할 수 있는 보안 기능에 중점을 뒀다.LG유플러스는 개인 맞춤형 AI 기능을 추가해 ‘익시오 2.0’으로 업그레이드했다. 새롭게 추가된 기능은 ▲AI 대화 검색 ▲AI 스마트 요약 ▲디스커버 2.0 등이다.‘AI 대화 검색’ 기능은 기존 통화에서 기억나지 않는 내용을 직접 찾을 필요 없이 AI에게 질문하고 답변 받는 기능이다. 익시오 앱에서 통화한 이력 중 필요한 번호를 찾아 ‘지난주에 이 친구가 생일 선물로 뭘 받고 싶다고 했지?’와 같이 AI 대화 검색창에 질문하면 통화 내용을 기반으로 AI가 답변을 찾아준다.‘AI 스마트 요약’은 통화 내용을 사용자의 필요 목적에 따라 자동으로 정리하는 기능이다. ‘디스커버 2.0’은 통화와 문자 데이터를 분석해 고객에게 필요한 AI 기능을 추천하는 안내 페이지다.아울러 안드로이드 버전 익시오 2.0에는 고객이 수신한 문자나 카카오톡 메시지에 포함된 피싱 위험 URL에 접속하면 이를 확인해 주의 알림을 제공하는 ‘위험 URL 탐지’ 기능과 문자로 받은 쿠폰이나 예약 일정을 알아서 감지하고 날짜가 가까워지면 알림을 제공하는 ‘AI 문자 리마인더’를 새롭게 도입했다.iOS 버전 익시오 2.0에는 하나의 휴대전화에서 두 개의 번호를 이용할 수 있는 ‘듀얼넘버’ 기능이 새롭게 추가됐다.최윤호 LG유플러스 AI 에이전트추진그룹장(상무)은 “익시오를 사용하는 고객에게 안심과 편리 두 가지 가치를 모두 제공하기 위해 이번 익시오 2.0 버전을 개발했다""며 ""앞으로도 다양한 고객 가치를 제공하며 LG유플러스가 추구하는 ‘밝은 세상’을 만드는데 앞장서겠다""고 말했다."
https://n.news.naver.com/mnews/article/014/0005421424?sid=105,2025-10-20 09:01:12,IT/과학,"LG U+, AI 통화 앱 '익시오 2.0' 공개.. 개인 맞춤형 기능 추가","LG유플러스 모델이 인공지능(AI) 전화 앱 '익시오 2.0'을 소개하고 있다. LG유플러스 제공LG유플러스가 개인 맞춤형 기능을 추가한 인공지능(AI) 통화 앱 ‘익시오(ixi-O) 2.0’을 공개했다고 20일 밝혔다. 단순 기록이나 반복 업무를 넘어 사용자의 맥락을 이해하고 답변을 제공하는 AI를 활용해 사용자 편의성을 대폭 강화한 것이 특징이다.LG유플러스는 보안을 넘어 익시오를 사용하는 고객에게 편리함까지 제공하기 위해 개인 맞춤형 AI 기능을 추가해 ‘익시오 2.0’으로 업그레이드했다. 2.0 버전에 새롭게 추가된 기능은 △AI 대화 검색 △AI 스마트 요약 △디스커버 2.0 등이다.우선 ‘AI 대화 검색’ 기능은 기존 통화에서 기억나지 않는 궁금한 내용을 직접 찾을 필요 없이 AI에게 질문하고 답변 받는 기능이다. 가령 익시오 앱에서 통화한 이력 중 필요한 번호를 찾아 ‘지난주에 이 친구가 생일 선물로 뭘 받고 싶다고 했지?’와 같이 AI 대화 검색창에 질문하면 통화 내용을 기반으로 AI가 답변을 찾아준다. 또한 통화 내용을 기반으로 대화 방식, 대화 속 감정 등을 분석해 긍정적 관계 형성에 도움이 될 수 있는 맞춤형 인사이트도 답변으로 제공한다‘AI 스마트 요약’은 통화 내용을 사용자의 필요 목적에 따라 자동으로 정리하는 기능이다. 메모, 토론, 문의, 할 일 등의 간단한 형태를 비롯해 부동산 중개, 영업 활동 등 업무에 최적화된 양식으로 내용으로 요약한다. 요약된 내용은 간단하게 수정하거나 복사, 공유할 수 있다.‘디스커버 2.0’은 통화와 문자 데이터를 분석해 고객에게 필요한 AI 기능을 추천하는 안내 페이지다. 이 페이지에서는 고객의 사용 패턴에 따른 AI 통화 내용 정리, 문자 메시지 분석을 통한 일정 관리, 통화에서 언급된 장소 검색 등 AI가 추천하는 필요 정보를 한 눈에 확인할 수 있다.안드로이드 스마트폰 이용자를 위한 신규 기능도 추가됐다. 안드로이드 버전 익시오 2.0에는 고객이 수신한 문자나 카카오톡 메시지에 포함된 피싱 위험 URL에 접속하면 이를 확인해 주의 알림을 제공하는 ‘위험 URL 탐지’ 기능과 문자로 받은 쿠폰이나 예약 일정을 알아서 감지하고 날짜가 가까워지면 알림을 제공하는 ‘AI 문자 리마인더’가 새롭게 도입됐다.iOS 버전 익시오 2.0에는 하나의 휴대전화에서 두 개의 번호를 이용할 수 있는 ‘듀얼넘버’ 기능이 새롭게 추가됐다. LG유플러스는 추가적인 기술 개발을 통해 iOS 이용자도 안드로이드 버전 익시오 2.0에 탑재된 기능을 이용할 수 있도록 업데이트할 계획이다. 익시오 2.0 업데이트를 시작으로 LG유플러스는 익시오를 AI 통화 앱이 아닌 초개인화 AI 에이전트로 발전할 수 있도록 서비스를 고도화할 방침이다.최윤호 LG유플러스 AI Agent추진그룹장(상무)은 “익시오를 사용하는 고객에게 안심과 편리 두 가지 가치를 모두 제공하기 위해 이번 익시오 2.0 버전을 개발했다”며 “앞으로도 다양한 고객 가치를 제공하며 LG유플러스가 추구하는 ‘밝은 세상’을 만드는데 앞장서겠다”고 말했다."
https://n.news.naver.com/mnews/article/016/0002544091?sid=105,2025-10-20 09:01:13,IT/과학,"LGU+,‘익시오 2.0’ 공개…“지난 통화까지 검색…더 똑똑해진 AI 비서”","익시오 2.0에 AI 대화 검색 등 AI 기능 탑재향후 초개인화 AI 에이전트로 서비스 지속 고도화익시오 2.0을 소개하는 LG유플러스 모델의 모습 [LG유플러스 제공][헤럴드경제=박혜림 기자] LG유플러스의 인공지능(AI) 통화 애플리케이션 ‘익시오’(ixi-O)가 진화 중이다. 단순히 통화 내용을 녹음하고 요약하는 등의 기능을 넘어, 맥락을 이해한 뒤 답변을 제공하는 AI 비서로 나아가고 있다.LG유플러스는 20일 개인 맞춤형 기능을 추가한 ‘익시오(ixi-O) 2.0’을 공개했다.기존 익시오는 실시간 보이스피싱 탐지 기능과 통화 녹음 및 요약, 보이는 전화 등 기능을 온디바이스(On-device) 환경에서 제공하는 AI 통화 앱에 불과했다. 위변조된 목소리까지 탐지하는 ‘안티딥보이스’ 기능 등 보안 기능이 최대 강점이었다. 이런 가운데 LG유플러스가 익시오에 개인 맞춤형 AI 기능을 추가한 것이다.익시오 2.0은 단순 기록이나 반복 업무를 넘어 사용자의 맥락을 이해하고 답변을 제공하는 AI를 활용해 사용자의 편의성을 대폭 강화한 것이 특징이다. ▷AI 대화 검색 ▷AI 스마트 요약 ▷디스커버 2.0 등의 기능이 새롭게 추가됐다.우선 ‘AI 대화 검색’ 기능은 기존 통화에서 기억나지 않는 궁금한 내용을 직접 찾을 필요 없이 AI에게 질문하고 답변 받는 기능이다. 가령 익시오 앱에서 통화한 이력 중 필요한 번호를 찾아 ‘지난주에 이 친구가 생일 선물로 뭘 받고 싶다고 했지?’와 같이 AI 대화 검색창에 질문하면 통화 내용을 기반으로 AI가 답변을 찾아준다. 또 통화 내용을 기반으로 대화 방식, 대화 속 감정 등을 분석해 긍정적 관계 형성에 도움이 될 수 있는 맞춤형 인사이트도 답변으로 제공한다.익시오 2.0 AI 대화 검색 기능 화면 [LG유플러스 제공]‘AI 스마트 요약’은 통화 내용을 사용자의 필요 목적에 따라 자동으로 정리하는 기능이다. 메모, 토론, 문의, 할 일 등의 간단한 형태를 비롯해 부동산 중개, 영업 활동 등 업무에 최적화된 양식으로 내용으로 요약한다. 요약된 내용은 간단하게 수정하거나 복사, 공유할 수 있다.‘디스커버 2.0’은 통화와 문자 데이터를 분석해 고객에게 필요한 AI 기능을 추천하는 안내 페이지다. 이 페이지에서는 고객의 사용 패턴에 따른 AI 통화 내용 정리, 문자 메시지 분석을 통한 일정 관리, 통화에서 언급된 장소 검색 등 AI가 추천하는 필요 정보를 한 눈에 확인할 수 있다.안드로이드 스마트폰 이용자를 위한 신규 기능도 추가됐다. 안드로이드 버전 익시오 2.0에는 고객이 수신한 문자나 카카오톡 메시지에 포함된 피싱 위험 URL에 접속하면 이를 확인해 주의 알림을 제공하는 ‘위험 URL 탐지’ 기능과 문자로 받은 쿠폰이나 예약 일정을 알아서 감지하고 날짜가 가까워지면 알림을 제공하는 ‘AI 문자 리마인더’가 새롭게 도입됐다.iOS 버전 익시오 2.0에는 하나의 휴대전화에서 두 개의 번호를 이용할 수 있는 ‘듀얼넘버’ 기능이 새롭게 추가됐다. LG유플러스는 추가적인 기술 개발을 통해 iOS 이용자도 안드로이드 버전 익시오 2.0에 탑재된 기능을 이용할 수 있도록 업데이트할 계획이다.LG유플러스는 익시오 2.0 업데이트를 시작으로 익시오를 AI 통화 앱이 아닌 초개인화 AI 에이전트(비서)로 만들겠다는 계획이다.최윤호 LG유플러스 AI 에이전트 추진그룹장(상무)은 “익시오를 사용하는 고객에게 안심과 편리 두 가지 가치를 모두 제공하기 위해 이번 익시오 2.0 버전을 개발했다”며 “앞으로도 다양한 고객 가치를 제공하며 LG유플러스가 추구하는 ‘밝은 세상’을 만드는데 앞장서겠다”고 말했다."
https://n.news.naver.com/mnews/article/008/0005265061?sid=105,2025-10-20 09:06:22,IT/과학,"LGU+, AI 통화 앱 '익시오 2.0' 공개...""개인 맞춤형 기능 강화""","익시오 2.0을 소개하는 LG유플러스 모델. /사진=LG유플러스LG유플러스는 개인 맞춤형 기능을 대폭 강화한 AI(인공지능) 통화 앱 '익시오(ixi-O) 2.0'을 진행했다고 20일 밝혔다. 기존의 보안 중심 기능에서 한 단계 나아가 사용자의 맥락을 이해하고 상황에 맞는 답변을 제공하는 AI 기능을 추가한 것이 특징이다.익시오는 실시간 보이스피싱 탐지, 통화 녹음 및 요약, 보이는 전화 등 다양한 기능을 온디바이스 환경에서 제공하는 AI 기반 통화 앱이다. 1.0 버전에서는 위변조 음성을 잡아내는 '안티딥보이스' 기능으로 보안성을 높였는데, 이번 2.0 업그레이드에서는 여기에 개인 맞춤형 AI 기능을 더했다.새롭게 추가된 기능은 △AI 대화 검색 △AI 스마트 요약 △디스커버 2.0 등이다. 'AI 대화 검색'은 과거 통화 내용을 직접 찾을 필요 없이 AI에게 질문하면 원하는 정보를 찾아주는 기능으로, 대화 속 맥락과 감정까지 분석해 긍정적 관계 형성에 도움이 되는 인사이트도 제공한다. 'AI 스마트 요약'은 통화 내용을 메모, 할 일, 부동산·영업 등 목적에 맞게 자동 정리해 활용도를 높였다.특히 '디스커버 2.0'은 고객의 통화 및 문자 데이터를 AI가 분석해 필요한 기능을 추천하는 맞춤형 안내 페이지다. 단순히 통화 기록을 보여주는 것을 넘어, 사용자가 어떤 패턴으로 통화하고 메시지를 주고받는지 학습해 관련 기능을 제안한다. 예를 들어 중요한 일정이 담긴 메시지를 기반으로 AI가 캘린더 관리 기능을 추천하거나, 통화 중 언급된 장소를 자동으로 검색해 지도 정보를 제공한다.또 자주 이용하는 기능을 우선적으로 노출해 사용자가 편리하게 접근할 수 있도록 하고, 새로운 AI 기능 업데이트가 있을 경우 맞춤형으로 소개해준다. 이처럼 디스커버 2.0은 '사용자 맞춤형 AI 허브' 역할을 하며, 앱을 단순한 통화 보조 도구가 아닌 생활 전반을 관리해주는 플랫폼으로 확장시키는 핵심 기능으로 평가된다.운영체제별 신규 기능도 더해졌다. 안드로이드 버전에서는 피싱 위험 URL(인터넷주소) 탐지와 'AI 문자 리마인더' 기능이 추가돼, 문자나 카카오톡 메시지 속 위험 링크를 감지하고 쿠폰·예약 일정을 자동 인식해 알림을 제공한다.iOS 버전에는 하나의 휴대전화에서 두 개의 번호를 이용할 수 있는 '듀얼넘버' 기능이 새롭게 적용됐다. LG유플러스는 추가적인 기술 개발을 통해 iOS 이용자도 안드로이드 버전 익시오 2.0에 탑재된 기능을 이용할 수 있도록 업데이트할 계획이다.LG유플러스는 이번 업데이트를 시작으로 익시오를 단순한 AI 통화 앱을 넘어 초개인화 AI 에이전트로 발전시킬 방침이다.최윤호 LG유플러스 AI 에이전트 추진그룹장(상무)은 ""익시오 2.0은 고객에게 안심과 편리라는 두 가지 가치를 동시에 제공하는 서비스""라며 ""앞으로도 다양한 고객 가치를 실현하며 LG유플러스가 추구하는 '밝은 세상'을 만들어가겠다""고 말했다."
https://n.news.naver.com/mnews/article/001/0015687708?sid=105,2025-10-20 09:08:34,IT/과학,"[AI픽] LGU+, AI 통화 앱 '익시오 2.0' 공개…검색·요약 강화","보이스피싱 탐지·위험 URL 차단·듀얼넘버 기능 탑재LGU+, AI 통화 앱 '익시오 2.0' 공개[LGU+ 제공. 재판매 및 DB 금지](서울=연합뉴스) 조성미 기자 = LG유플러스가 20일 개인 맞춤형 기능을 강화한 인공지능(AI) 통화 앱 '익시오(ixi-O) 2.0'을 공개했다.익시오는 실시간 보이스피싱 탐지 기능과 통화 녹음·요약, 보이는 전화 등 기능을 온디바이스 환경에서 제공한다.2.0 버전은 통화 내용을 기반으로 AI가 답변을 찾아주는 대화 검색과 요약 기능, 통화와 문자 데이터를 분석해 고객에게 필요한 AI 기능을 추천하는 안내 페이지 '디스커버 2.0'이 추가됐다.'디스커버 2.0'에서는 문자 메시지 분석을 통한 일정 관리, 통화에서 언급된 장소 검색 등 AI 추천 정보를 확인할 수 있다.안드로이드 버전에는 문자나 카카오톡 메시지에 포함된 피싱 위험 URL에 접속하면 주의 알림을 보내는 '위험 URL 탐지' 기능과 문자로 받은 쿠폰이나 예약 일정을 알아서 감지하고 날짜가 가까워지면 알리는 'AI 문자 리마인더'가 새로 도입됐다.iOS 버전 익시오 2.0에는 하나의 휴대전화에서 두 개의 번호를 이용할 수 있는 '듀얼넘버' 기능이 추가됐다.LG유플러스는 익시오를 AI 통화 앱이 아닌 초개인화 AI 비서 앱으로 고도화할 계획이라고 덧붙였다.csm@yna.co.kr"
https://n.news.naver.com/mnews/article/421/0008548417?sid=105,2025-10-20 09:23:39,IT/과학,"LGU+, 편의성 더한 AI 통화 앱 '익시오 2.0' 선보여","AI 대화 검색, AI 스마트 요약 등 새로운 기능 적용'익시오 2.0' AI 대화 검색 기능 화면 (LGU+ 제공)(서울=뉴스1) 이기범 기자 = LG유플러스(032640)가 사용자 편의성을 더한 인공지능(AI) 통화 앱 '익시오 2.0'을 공개했다고 20일 밝혔다. 통화 이력을 기반으로 대화 내용을 검색할 수 있는 등 개인 맞춤형 기능을 추가한 점이 특징이다.익시오는 실시간 보이스피싱 탐지 기능과 통화 녹음 및 요약 등 기능을 갖춘 AI 통화 앱이다. 위변조 목소리를 탐지할 수 있는 '안티딥보이스' 등 보안 기능을 내세워 왔다.이번 2.0 버전은 개인 맞춤형 AI 기능에 초점을 맞췄다. △AI 대화 검색 △AI 스마트 요약 △디스커버 2.0 등 기능이 추가됐다.AI 대화 검색은 기존 통화에서 기억나지 않는 내용을 AI에게 질문하고 답변받는 기능이다. 예를 들어 '지난주에 이 친구가 생일 선물로 뭘 받고 싶다고 했지?'라는 질문도 AI가 통화 내용을 기반으로 답변을 찾아준다. 또 대화 방식, 대화 속 감정 등도 분석해준다.AI 스마트 요약은 통화 내용을 사용자가 필요한 목적에 따라 자동으로 정리하는 기능이다. 메모, 토론, 할 일 등 간단한 형태를 비롯해 부동산 중개, 영업 활동 등 업무에 최적화된 양식을 내용을 요약해준다.디스커버 2.0은 통화와 문자 데이터를 분석해 사용자에게 필요한 AI 기능을 추천해주는 안내 기능이다.이울러 안드로이드 스마트폰 사용자는 문자나 카카오톡 메시지에 포함된 피싱 위험 인터넷 주소(URL)에 접속하면 이를 확인해 주의 알림을 제공하는 '위험 URL 탐지' 기능과 문자로 받은 쿠폰이나 예약 일정을 감지해 알림을 제공하는 'AI 문자 리마인더'도 새로 이용할 수 있다.LG유플러스는 이번 업데이트를 계기로 익시오를 AI 통화 앱을 넘어 초개인화 AI 에이전트로 고도화할 방침이다.최윤호 LG유플러스 AI 에이전트추진그룹장(상무)은 ""익시오를 사용하는 고객에게 안심과 편리 두 가지 가치를 모두 제공하기 위해 이번 익시오 2.0 버전을 개발했다""며 ""앞으로도 다양한 고객 가치를 제공하며 LG유플러스가 추구하는 밝은 세상을 만드는 데 앞장서겠다""고 말했다."
https://n.news.naver.com/mnews/article/031/0000973057?sid=105,2025-10-20 09:29:08,IT/과학,"""지난 통화 내용까지 찾는다""⋯LGU+, 익시오 2.0 공개","익시오 2.0, AI 대화 검색·AI 스마트 요약·디스커버 2.0 등 기능 탑재LG유플러스(대표 홍범식)는 개인 맞춤형 기능을 추가한 익시오(ixi-O) 2.0을 20일 공개했다. 단순 기록이나 반복 업무를 넘어 사용자 맥락을 이해하고 답변을 제공하는 기능을 제공해 편의성을 강화한 것이 특징이다.익시오 2.0 AI 대화 검색 기능 화면. [사진=LGU+]익시오는 실시간 보이스피싱 탐지 기능과 통화 녹음 및 요약, 보이는 전화 등 기능을 온디바이스(On-device) 환경에서 제공하는 AI 통화 앱이다. 기존 익시오 1.0 버전에서는 위변조된 목소리까지 탐지하는 안티딥보이스 기능을 추가하는 등 보안 기능이 최대 강점이었다.LG유플러스는 익시오를 사용하는 고객에 편리함까지 제공하기 위해 개인 맞춤형 AI 기능을 추가한 익시오 2.0으로 업그레이드했다. 2.0 버전에 새롭게 추가된 기능은 △AI 대화 검색 △AI 스마트 요약 △디스커버 2.0 등이다.AI 대화 검색 기능은 기존 통화에서 기억나지 않는 궁금한 내용을 직접 찾을 필요 없이 AI에게 질문하고 답변 받는 기능이다. 가령 익시오 앱에서 통화한 이력 중 필요한 번호를 찾아 ""지난주에 이 친구가 생일 선물로 뭘 받고 싶다고 했지?""와 같이 AI 대화 검색창에 질문하면 통화 내용을 기반으로 AI가 답변을 찾아준다.AI 스마트 요약은 통화 내용을 사용자 필요 목적에 따라 자동으로 정리하는 기능이다. 메모, 토론, 문의, 할 일 등 간단한 형태를 비롯해 부동산 중개, 영업 활동 등 업무에 최적화된 양식으로 내용으로 요약한다. 요약된 내용은 간단하게 수정하거나 복사, 공유할 수 있다.디스커버 2.0은 통화와 문자 데이터를 분석해 고객에게 필요한 AI 기능을 추천하는 안내 페이지다. 이 페이지에서는 고객의 사용 패턴에 따른 AI 통화 내용 정리, 문자 메시지 분석을 통한 일정 관리, 통화에서 언급된 장소 검색 등 AI가 추천하는 필요 정보를 한 눈에 확인할 수 있다.안드로이드 스마트폰 이용자를 위한 신규 기능도 추가됐다. 안드로이드 버전 익시오 2.0에는 고객이 수신한 문자나 카카오톡 메시지에 포함된 피싱 위험 URL에 접속하면 이를 확인해 주의 알림을 제공하는 위험 URL 탐지 기능과 문자로 받은 쿠폰이나 예약 일정을 알아서 감지하고 날짜가 가까워지면 알림을 제공하는 AI 문자 리마인더가 새롭게 도입됐다.하나의 휴대전화에서 두 개의 번호를 이용할 수 있는 듀얼넘버 기능도 새롭게 추가됐다. LG유플러스는 추가적인 기술 개발을 통해 iOS 이용자도 안드로이드 버전 익시오 2.0에 탑재된 기능을 이용할 수 있도록 업데이트할 계획이다.최윤호 LG유플러스 AI Agent추진그룹장(상무)은 ""익시오를 사용하는 고객에게 안심과 편리 두 가지 가치를 모두 제공하기 위해 이번 익시오 2.0 버전을 개발했다""며 ""다양한 고객 가치를 제공하며 LG유플러스가 추구하는 밝은 세상을 만드는 데 앞장서겠다""고 말했다."
https://n.news.naver.com/mnews/article/030/0003360439?sid=105,2025-10-20 09:31:20,IT/과학,LGU+ '익시오 2.0' 공개…  고객 맞춤형 AI로 고도화,"익시오 2.0 AI 대화 검색 기능 화면LG유플러스는 개인 맞춤형 기능을 추가한 '익시오(ixi-O) 2.0'을 공개했다고 20일 밝혔다. 단순 기록이나 반복 업무를 넘어 사용자의 맥락을 이해하고 답변을 제공하는 AI를 활용해 사용자의 편의성을 대폭 강화한 것이 특징이다. 〈본지 10월 20일자 6면 참고〉LG유플러스는 익시오에 개인 맞춤형 AI 기능을 추가해 '익시오 2.0'으로 업그레이드했다. 2.0 버전에 새롭게 추가된 기능은 AI 대화 검색, AI 스마트 요약, 디스커버 2.0 등이다.AI 대화 검색 기능은 기존 통화에서 기억나지 않는 궁금한 내용을 직접 찾을 필요 없이 AI에 질문하고 답변받는 기능이다. 통화 내용을 기반으로 대화 방식, 대화 속 감정 등을 분석해 긍정적 관계 형성에 도움이 될 수 있는 맞춤형 인사이트도 답변으로 제공한다AI 스마트 요약은 통화 내용을 사용자의 필요 목적에 따라 자동으로 정리하는 기능이다. 메모, 토론, 문의, 할 일 등의 간단한 형태를 비롯해 부동산 중개, 영업 활동 등 업무에 최적화된 양식으로, 내용으로 요약한다. 요약된 내용은 간단하게 수정하거나 복사, 공유할 수 있다.디스커버 2.0은 통화와 문자 데이터를 분석해 고객에게 필요한 AI 기능을 추천하는 안내 페이지다. 이 페이지에서는 고객의 사용 패턴에 따른 AI 통화 내용 정리, 문자 메시지 분석을 통한 일정 관리, 통화에서 언급된 장소 검색 등 AI가 추천하는 필요 정보를 한 눈에 확인할 수 있다.안드로이드 스마트폰 이용자를 위한 신규 기능도 추가됐다. 안드로이드 버전 익시오 2.0에는 고객이 수신한 문자나 카카오톡 메시지에 포함된 피싱 위험 URL에 접속하면 이를 확인해 주의 알림을 제공하는 '위험 URL 탐지' 기능과 문자로 받은 쿠폰이나 예약 일정을 알아서 감지하고 날짜가 가까워지면 알림을 제공하는 'AI 문자 리마인더'가 새롭게 도입됐다.iOS 버전 익시오 2.0에는 하나의 휴대전화에서 두 개의 번호를 이용할 수 있는 '듀얼 번호' 기능이 새롭게 추가됐다. LG유플러스는 추가적인 기술 개발을 통해 iOS 이용자도 안드로이드 버전 익시오 2.0에 탑재된 기능을 이용할 수 있도록 업데이트할 계획이다.LG유플러스는 익시오를 AI 통화 앱이 아닌 초개인화 AI에이전트로 발전할 수 있도록 서비스를 고도화할 방침이다.최윤호 LG유플러스 AI 에이전트 추진그룹장(상무)은 “익시오를 사용하는 고객에게 안심과 편리 두 가지 가치를 모두 제공하기 위해 이번 익시오 2.0 버전을 개발했다”며 “앞으로도 다양한 고객 가치를 제공하며 LG유플러스가 추구하는 '밝은 세상'을 만드는 데 앞장서겠다”고 말했다."
https://n.news.naver.com/mnews/article/374/0000469272?sid=101,2025-10-20 09:32:09,경제,"LGU+, 검색·요약 강화한 AI 통화 앱 '익시오 2.0' 공개","[LGU+, AI 통화 앱 '익시오 2.0' 공개 (LGU+ 제공=연합뉴스)]LG유플러스가 개인 맞춤형 기능을 강화한 인공지능(AI) 통화 앱 '익시오(ixi-O) 2.0'을 오늘(20일) 공개했습니다.익시오는 실시간 보이스피싱 탐지 기능과 통화 녹음·요약, 보이는 전화 등 기능을 온디바이스 환경에서 제공합니다.2.0 버전에는 통화 내용을 기반으로 AI가 답변을 찾아주는 대화 검색과 요약 기능, 통화와 문자 데이터를 분석해 고객에게 필요한 AI 기능을 추천하는 안내 페이지 '디스커버 2.0'이 추가됐습니다.'디스커버 2.0'에서는 문자 메시지 분석을 통한 일정 관리, 통화에서 언급된 장소 검색 등 AI 추천 정보를 확인할 수 있습니다.안드로이드 버전에는 문자나 카카오톡 메시지에 포함된 피싱 위험 URL에 접속하면 주의 알림을 보내는 '위험 URL 탐지' 기능과 문자로 받은 쿠폰이나 예약 일정을 알아서 감지하고 날짜가 가까워지면 알리는 'AI 문자 리마인더'가 새로 도입됐습니다.iOS 버전 익시오 2.0에는 하나의 휴대전화에서 두 개의 번호를 이용할 수 있는 '듀얼넘버' 기능이 추가됐습니다.LG유플러스는 익시오를 AI 통화 앱이 아닌 초개인화 AI 비서 앱으로 고도화할 계획이라고 덧붙였습니다.당신의 제보가 뉴스로 만들어집니다.SBS Biz는 여러분의 제보를 기다리고 있습니다.홈페이지 = https://url.kr/9pghjn"
https://n.news.naver.com/mnews/article/092/0002394486?sid=105,2025-10-20 09:40:11,IT/과학,"""더 편리해졌다""...LGU+, AI 통화앱  '익시오 2.0' 공개","AI 대화 검색·AI 스마트 요약·디스커버 2.0 등 새기능 추가LG유플러스가 개인 맞춤형 기능을 추가한 ‘익시오 2.0’을 공개했다고 20일 밝혔다. 단순 기록이나 반복 업무를 넘어 사용자의 맥락을 이해하고 답변을 제공하는 AI를 활용해 사용자의 편의성을 대폭 강화한 것이 특징이다.익시오는 실시간 보이스피싱 탐지 기능과 통화 녹음 및 요약, 보이는 전화 등 기능을 온디바이스(On-device) 환경에서 제공하는 AI 통화 앱이다.익시오 2.0은 보안을 넘어 편리함까지 챙긴 업그레이드 버전이며 ▲AI 대화 검색 ▲AI 스마트 요약 ▲디스커버 2.0 등 신기능이 추가됐다.우선 ‘AI 대화 검색’은 통화했던 내용 중 기억나지 않는 부분을 직접 찾을 필요 없이 AI에게 질문하고 답변받는 기능이다. 또 통화 내용을 기반으로 대화 방식, 대화 속 감정 등을 분석해 긍정적 관계 형성에 도움이 될 수 있는 맞춤형 인사이트도 답변으로 제공한다.‘AI 스마트 요약’은 통화 내용을 사용자의 필요 목적에 따라 자동으로 정리하는 기능이다. 메모, 토론, 문의, 할 일 등의 간단한 형태를 비롯해 부동산 중개, 영업 활동 등 업무에 최적화된 양식으로 내용으로 요약한다. 요약된 내용은 간단하게 수정하거나 복사, 공유할 수 있다.‘디스커버 2.0’은 통화와 문자 데이터를 분석해 가입자에게 필요한 AI 기능을 추천하는 안내 페이지다. 이 페이지에서는 가입자의 사용 패턴에 따른 ▲AI 통화 내용 정리 ▲문자 메시지 분석을 통한 일정 관리 ▲통화에서 언급된 장소 검색 등 AI가 추천하는 필요 정보를 한 눈에 확인할 수 있다.안드로이드 스마트폰 이용자를 위한 신규 기능도 추가됐다. 이 버전에서의 익시오 2.0는 ‘위험 인터넷주소(URL) 탐지’와 ‘AI 문자 리마인더’가 도입됐다. 위험 인터넷주소 탐지는 가입자가 받은 문자나 카카오톡 메시지에 포함된 피싱 위험 URL에 접속할 때 이를 확인해 주의 알림을, AI 문자 리마인더는 문자로 받은 쿠폰이나 예약 일정을 알아서 감지하고 날짜가 가까워지면 알림을 제공하는 기능이다.애플의 iOS 버전 익시오 2.0에는 하나의 휴대전화에서 두 개의 번호를 이용할 수 있는 ‘듀얼넘버’ 기능이 추가됐다. LG유플러스는 추가적인 기술 개발을 통해 iOS 이용자도 안드로이드 버전 익시오 2.0에 탑재된 기능을 이용할 수 있도록 업데이트할 계획이다.익시오 2.0 업데이트를 시작으로 LG유플러스는 익시오를 AI 통화 앱이 아닌 초개인화 AI 에이전트로 발전할 수 있도록 서비스를 고도화할 방침이다.최윤호 LG유플러스 AI 에이전트추진그룹장은 “가입자에게 안심과 편리를 제공하기 위해 이번 익시오 2.0 버전을 개발했다”며 “다양한 가입자 가치를 제공하며 LG유플러스가 추구하는 ‘밝은 세상’을 만드는 데 앞장서겠다”고 말했다."
https://n.news.naver.com/mnews/article/029/0002988002?sid=105,2025-10-20 09:42:12,IT/과학,지난 통화 검색해 AI가 답변… LGU+ ‘익시오 2.0’ 공개,"궁금한 내용 직접 찾을 필요없어피싱 탐지·듀얼넘버 기능 추가LG유플러스 관계자가 ‘익시오 2.0’을 소개하고 있다. LG유플러스 제공LG유플러스가 개인 맞춤형 기능을 추가한 ‘익시오 2.0’을 공개했다. 단순 기록이나 반복 업무를 넘어 사용자의 맥락을 이해하고 답변을 제공하는 인공지능(AI)을 활용해 사용자의 편의성을 강화한 것이 특징이다.20일 LG유플러스에 따르면 익시오는 실시간 보이스피싱 탐지 기능과 통화 녹음 및 요약, 보이는 전화 등 기능을 온디바이스 환경에서 제공하는 AI 통화 앱이다.LG유플러스는 개인 맞춤형 AI 기능을 추가해 ‘익시오 2.0’으로 업그레이드했다고 20일 밝혔다. 2.0 버전에 새롭게 추가된 기능은 ‘AI 대화 검색’, ‘AI 스마트 요약’, ‘디스커버 2.0’ 등이다.우선 AI 대화 검색은 기존 통화에서 기억나지 않는 궁금한 내용을 직접 찾을 필요 없이 AI에게 질문하고 답변 받는 기능이다. 가령 익시오 앱에서 통화한 이력 중 필요한 번호를 찾아 ‘지난주에 이 친구가 생일 선물로 뭘 받고 싶다고 했지?’와 같이 AI 대화 검색창에 질문하면 통화 내용을 기반으로 AI가 답변을 찾아준다.또한 통화 내용을 기반으로 대화 방식, 대화 속 감정 등을 분석해 긍정적 관계 형성에 도움이 될 수 있는 맞춤형 인사이트도 답변으로 제공한다.AI 스마트 요약은 통화 내용을 사용자의 필요 목적에 따라 자동으로 정리한다. 메모, 토론, 문의, 할 일 등의 간단한 형태를 비롯해 부동산 중개, 영업 활동 등 업무에 최적화된 양식으로 내용으로 요약한다. 요약된 내용은 간단하게 수정하거나 복사, 공유할 수 있다.디스커버 2.0은 통화와 문자 데이터를 분석해 필요한 AI 기능을 추천하는 안내 페이지다.이 페이지에서는 고객의 사용 패턴에 따른 AI 통화 내용 정리, 문자 메시지 분석을 통한 일정 관리, 통화에서 언급된 장소 검색 등 AI가 추천하는 필요 정보를 확인할 수 있다.안드로이드 스마트폰 이용자를 위한 신규 기능도 추가됐다. 안드로이드 버전 익시오 2.0에는 피싱 위험 URL에 접속하면 이를 확인해 주의 알림을 제공하는 ‘위험 URL 탐지’ 기능과 문자로 받은 쿠폰이나 예약 일정을 알아서 감지하고 날짜가 가까워지면 알림을 제공하는 ‘AI 문자 리마인더’가 도입됐다.iOS 버전 익시오 2.0에는 하나의 휴대전화에서 두 개의 번호를 이용할 수 있는 ‘듀얼넘버’ 기능도 추가됐다.최윤호 LG유플러스 AI 에이전트 추진그룹장은 “앞으로도 다양한 고객 가치를 제공하며 LG유플러스가 추구하는 ‘밝은 세상’을 만드는데 앞장서겠다”고 말했다."
https://n.news.naver.com/mnews/article/138/0002207243?sid=105,2025-10-20 09:56:12,IT/과학,"LGU+, ‘익시오2.0’ 공개 “통화내용 기반 업무보조 척척”","[ⓒLG유플러스][디지털데일리 오병훈기자] LG유플러스가 새로운 기능이 탑재된 인공지능(AI) 에이전트 애플리케이션(앱) ‘익시오(ixi-O)’의 새 버전을 선보인다.LG유플러스는 개인 맞춤형 기능을 추가한 ‘익시오2.0’을 공개했다고 20일 밝혔다. 단순 기록이나 반복 업무를 넘어 사용자 맥락을 이해하고 답변을 제공하는 AI를 활용해 사용자 편의성을 대폭 강화한 것이 특징이다.익시오는 실시간 보이스피싱 탐지 기능과 통화 녹음 및 요약, 보이는 전화 등 기능을 온디바이스(On-device) 환경에서 제공하는 AI 통화 앱이다. 기존 익시오1.0 버전에는 위변조된 목소리까지 탐지하는 ‘안티딥보이스’ 기능을 추가했다.LG유플러스는 여기에 개인 맞춤형 AI 기능까지 추가해 ‘익시오2.0’로 고도화했다. 2.0 버전에 새롭게 추가된 기능은 AI 대화 검색, AI 스마트 요약, 디스커버 2.0 등이다.AI 대화 검색 기능은 기존 통화에서 기억나지 않는 궁금한 내용을 직접 찾을 필요 없이 AI에게 질문하고 답변 받는 기능이다. 가령 익시오 앱에서 통화한 이력 중 필요한 번호를 찾아 ‘지난주에 이 친구가 생일 선물로 뭘 받고 싶다고 했지?’라고 질문하면 통화 내용을 기반으로 AI가 답변한다. 통화 내용을 기반으로 대화 방식, 대화 속 감정 등을 분석해 긍정적 관계 형성에 도움이 될 수 있는 조언도 덧붙인다.AI 스마트 요약은 통화 내용을 사용자 필요 목적에 따라 자동으로 정리하는 기능이다. 메모, 토론, 문의, 할 일 등 간단한 형태를 비롯해 부동산 중개, 영업 활동 등 업무에 최적화된 양식으로 내용으로 요약한다. 요약된 내용은 간단하게 수정하거나 복사, 공유할 수 있다.디스커버2.0은 통화와 문자 데이터를 분석해 가입자 필요한 AI 기능을 추천한다. 가입자 사용 패턴에 따른 AI 통화 내용 정리, 문자 메시지 분석을 통한 일정 관리, 통화에서 언급된 장소 검색 등 AI가 추천하는 필요 정보를 한눈에 확인할 수 있다.안드로이드 스마트폰 이용자를 위한 신규 기능도 추가됐다. 안드로이드 버전 익시오2.0에는 가입자가 수신한 문자나 카카오톡 메시지에 포함된 피싱 위험 링크(URL)에 접속하면 이를 확인해 주의 알림을 제공하는 ‘위험 URL 탐지’ 기능을 제공한다. 또 문자로 받은 쿠폰이나 예약 일정을 알아서 감지하고 날짜가 가까워지면 알림을 제공하는 ‘AI 문자 리마인더’도 새롭게 도입됐다.iOS 버전 익시오2.0에는 하나의 휴대전화에서 두개 번호를 이용할 수 있는 ‘듀얼넘버’ 기능이 새롭게 추가됐다. LG유플러스는 추가적인 기술 개발을 통해 iOS 이용자도 안드로이드 버전 익시오2.0에 탑재된 기능을 이용할 수 있도록 업데이트할 예정이다.최윤호 LG유플러스 AI 에이전트추진그룹장(상무)은 “익시오를 사용하는 가입자에게 안심과 편리 두 가지 가치를 모두 제공하기 위해 이번 익시오2.0 버전을 개발했다”고 말했다."
https://n.news.naver.com/mnews/article/215/0001227582?sid=004,2025-10-20 10:16:46,,"LGU+, '익시오 2.0' 공개…개인 맞춤형 AI 추가","LG유플러스가 개인 맞춤형 기능을 추가한 인공지능(AI) 통화 앱 '익시오(ixi-O) 2.0'을 공개했다고 20일 밝혔다.익시오는 실시간 보이스피싱 탐지 기능과 통화 녹음 및 요약, 보이는 전화 등 기능을 갖춘 AI 통화 앱이다.LG유플러스는 개인 맞춤형 AI 기능을 추가해 '익시오 2.0'으로 업그레이드했다.2.0 버전에 새롭게 추가된 기능은 AI 대화 검색, AI 스마트 요약, 디스커버 2.0 등이다.단순 기록이나 반복 업무를 넘어 사용자의 맥락을 이해하고 답변을 제공하는 AI를 활용해 사용자의 편의성을 대폭 강화한 것이 특징이다.AI 대화 검색 기능은 기존 통화에서 기억나지 않는 내용을 AI에게 질문하고 답변받는 기능이다.또한, 통화 내용을 기반으로 대화 방식, 대화 속 감정 등을 분석해 긍정적 관계 형성에 도움이 될 수 있는 답변도 제공한다.AI 스마트 요약은 통화 내용을 사용자의 필요 목적에 따라 자동으로 정리하는 기능이다.메모, 토론, 문의, 할 일 등의 간단한 형태를 비롯해 부동산 중개, 영업 활동 등 업무에 최적화된 양식으로 내용으로 요약한다.디스커버 2.0은 통화와 문자 데이터를 분석해 고객에게 필요한 AI 기능을 추천하는 안내 페이지다.아울러 안드로이드 스마트폰 이용자를 위한 신규 기능도 추가됐다.고객이 수신한 문자나 카카오톡 메시지에 포함된 피싱 위험 URL에 접속하면 이를 확인해 주의 알림을 제공하는 '위험 URL 탐지' 기능과 문자로 받은 쿠폰이나 예약 일정을 감지해 알림을 제공하는 'AI 문자 리마인더'가 도입됐다.iOS 버전 익시오 2.0에는 하나의 휴대전화에서 두 개의 번호를 이용할 수 있는 '듀얼넘버' 기능이 새롭게 추가됐다.LG유플러스는 익시오를 AI 통화 앱이 아닌 초개인화 AI 에이전트로 발전할 수 있도록 서비스를 고도화할 방침이다."
https://n.news.naver.com/mnews/article/417/0001107577?sid=101,2025-10-20 10:54:57,경제,"LG U+, 고객 맞춤형 AI '익시오 2.0'... 보이스피싱 간파한다","LG유플러스가 개인 맞춤형 기능을 추가한 ‘익시오(ixi-O) 2.0’을 공개했다. 사진은 익시오 2.0을 소개하는 LG유플러스 모델의 모습. /사진=LG유플러스LG유플러스가 개인 맞춤형 기능을 추가한 '익시오(ixi-O) 2.0'을 20일 공개했다. 사용자의 맥락을 이해하고 답변을 제공하는 AI를 활용해 사용자의 편의성을 대폭 강화한 것이 특징이다.익시오는 실시간 보이스피싱 탐지 기능과 통화 녹음 및 요약, 보이는 전화 등 기능을 온디바이스(On-device) 환경에서 제공하는 AI 통화 앱이다. 업그레이드된 2.0 버전에 새롭게 추가된 기능은 ▲AI 대화 검색 ▲AI 스마트 요약 ▲디스커버 2.0 등이다.AI 대화 검색 기능은 기존 통화에서 기억나지 않는 궁금한 내용을 직접 찾을 필요 없이 AI에 질문하고 답변받는 기능이다. 또한 통화 내용을 기반으로 대화 방식, 감정을 분석해 맞춤형 인사이트를 제공한다. AI 스마트 요약은 통화 내용을 사용자의 필요 목적에 따라 자동으로 정리하는 기능이며 디스커버 2.0은 통화와 문자 데이터를 분석해 고객에게 필요한 AI 기능을 추천하는 안내 페이지다.안드로이드 스마트폰 이용자를 위한 신규 기능도 추가됐다. 안드로이드 버전 익시오 2.0에는 고객이 피싱 위험 URL에 접속하면 주의 알림을 제공하는 '위험 URL 탐지' 기능과 문자메시지를 감지해 날짜가 가까워지면 알림을 제공하는 'AI 문자 리마인더'가 새롭게 도입됐다.iOS 버전 익시오 2.0에는 하나의 스마트폰에서 두 개의 번호를 이용할 수 있는 '듀얼넘버' 기능이 추가됐다. LG유플러스는 iOS 이용자도 안드로이드 버전 익시오 2.0에 탑재된 기능을 이용할 수 있도록 업데이트할 계획이다.최윤호 LG유플러스 AI Agent 추진그룹장(상무)은 ""익시오를 사용하는 고객에게 안심과 편리 두 가지 가치를 모두 제공하기 위해 이번 익시오 2.0 버전을 개발했다""며 ""앞으로도 다양한 고객 가치를 제공하며 LG유플러스가 추구하는 '밝은 세상'을 만드는 데 앞장서겠다""고 말했다."
https://n.news.naver.com/mnews/article/648/0000040845?sid=105,2025-10-20 10:57:09,IT/과학,"""지난 통화내용, AI가 찾아준다""…LGU+, '익시오 2.0' 공개","AI가 지난 대화 검색해 요약하고 데이터 분석안드로이드엔 위험URL 탐지·iOS는 '듀얼넘버'익시오 2.0 AI 대화 검색 기능 화면/사진=LG유플러스 제공LG유플러스가 개인 맞춤형 기능을 추가한 '익시오(ixi-O) 2.0'을 20일 공개했다. 인공지능(AI)이 지난 통화 내용을 기억하고 맥락을 파악해 답변을 제공하는 등 편의성을 강화한 게 특징이다.익시오는 실시간 보이스피싱 탐지 기능과 통화 녹음·요약, 보이는 전화 등 기능을 온디바이스 환경에서 제공하는 AI 통화 앱이다. 기존 익시오 1.0 버전에서는 위변조된 목소리를 탐지하는 '안티딥보이스' 기능을 추가하는 등 보안 기능이 강점이었다.LG유플러스는 이에 더해 개인 맞춤형 AI 기능을 추가한 익시오 2.0으로 업그레이드했다. 새롭게 추가한 기능은 △AI 대화 검색 △AI 스마트 요약 △디스커버 2.0 등이다.먼저 AI 대화 검색 기능은 기존 통화에서 기억나지 않는 궁금한 내용을 직접 찾을 필요 없이 AI에게 질문하고 답변을 받는 기능이다. 가령 익시오 앱에서 통화한 이력 중 필요한 번호를 찾아 ""지난주에 이 친구가 생일 선물로 뭘 받고 싶다고 했지?""를 AI 대화 검색창에 질문하면 통화 내용을 기반으로 AI가 답변을 찾아준다.대화 방식, 대화 속 감정 등을 분석해 긍정적 관계 형성에 도움이 될 수 있는 맞춤형 인사이트도 답변으로 제공한다.AI 스마트 요약은 통화 내용을 사용자의 필요에 따라 자동으로 정리하는 기능이다. 메모, 토론, 문의, 할 일 등의 간단한 형태를 비롯해 부동산 중개, 영업 활동 등 업무에 최적화된 양식으로 내용을 요약한다. 요약한 내용은 간단하게 수정하거나 복사, 공유할 수 있다.디스커버 2.0은 통화와 문자 데이터를 분석해 필요한 AI 기능을 추천하는 안내 페이지다. 이 페이지에서는 사용 패턴에 따른 AI 통화 내용 정리, 문자 메시지 분석을 통한 일정 관리, 통화에서 언급된 장소 검색 등 AI가 추천하는 정보를 한 눈에 확인할 수 있다.안드로이드 스마트폰 사용자를 위한 신규 기능도 추가했다. 안드로이드 버전 익시오 2.0에는 수신 문자나 카카오톡 메시지에 포함된 피싱 위험 인터넷주소(URL)에 접속하면 이를 확인해 주의 알림을 제공하는 '위험 URL 탐지' 기능과 문자로 받은 쿠폰이나 예약 일정을 알아서 감지하고 날짜가 가까워지면 알림을 제공하는 'AI 문자 리마인더'가 새롭게 도입됐다.iOS 버전 익시오 2.0에는 하나의 휴대전화에서 두 개의 번호를 이용할 수 있는 '듀얼넘버' 기능을 추가했다. LG유플러스는 추가 기술 개발을 통해 iOS 이용자도 안드로이드 버전 익시오 2.0에 탑재된 기능을 이용할 수 있도록 업데이트할 계획이다.최윤호 LG유플러스 AI 에이전트추진그룹장(상무)은 ""안심과 편리 두 가지 가치를 모두 제공하기 위해 이번 익시오 2.0 버전을 개발했다""며 ""앞으로도 다양한 가치를 제공하며 LG유플러스가 추구하는 '밝은 세상'을 만드는데 앞장서겠다""고 말했다."
https://n.news.naver.com/mnews/article/016/0002544262?sid=105,2025-10-20 11:01:10,IT/과학,[르포] “APEC 정상회의장 5G 터져요”…통신3사 ‘만반의 준비’,"경주 APEC 정상회담 통신망 구축 현장 가보니3월부터 통신3사 공동 작업…경주 일대 품질↑첨성대·황리단길 등 주요 지역 기지국 신·증설와이파이·로밍도 점검…현장 인력 장애 대응APEC 행사 기간 인파가 몰릴 것을 대비하고자 경북 경주 대릉원 인근에 있는 네트워크 장비를 점검하는 LG유플러스 임직원의 모습 [LG유플러스 제공][헤럴드경제=차민주 기자] “화백컨벤션센터(하이코)는 원래 LTE만 사용할 수 있는 곳이었으나, 이번 아시아태평양경제협력체(APEC) 정상회의를 계기로 5G까지 지원할 수 있게 됐습니다.” (권도형 LG유플러스 NW인프라운영그룹 경북인프라팀 책임)통신3사(KT·SKT·LGU+)가 오는 27일 아시아태평양경제협력체(APEC) 정상회의가 열리는 경북 경주 일대에 특별 통신망을 구축하면서 만반의 준비에 나섰다. APEC 관련 행사가 진행되는 지역에 인파가 몰릴 것을 대비해, 차질 없이 행사가 진행될 수 있도록 총력을 기울이겠단 방침이다.APEC 행사 기간 인파가 몰릴 것을 대비하고자 대릉원 인근에 있는 네트워크 장비를 점검하는 LG유플러스 임직원의 모습 [LG유플러스 제공]지난 17일 기자가 직접 찾은 하이코는 행사 막바지 준비로 부산스러운 모습이었다. 이곳은 APEC 정상회의가 개최되는 곳이다. 세계 정상이 모이는 행사장의 책상과 의자는 비닐로 보호돼 있고, 5~10명의 인부가 인테리어 장식물을 옮기고자 곳곳에서 힘을 쓰고 있었다.그간 하이코 내부에선 LTE만 사용할 수 있었으나, 이번 APEC 정상회의를 기점으로 5G가 새롭게 구축됐다. LG유플러스는 하이코에 기지국 4개를 활용해 5G·LTE 기본 통신 속도 1GB 이상으로 동시 가입자 5000명을 수용할 수 있는 규모의 통신망을 보완했다고 설명했다.권 책임은 유리창 너머로 보이는 경주월드를 가리키며 “행사 기간 내 인파가 몰릴 것을 우려해, 트래픽을 분산하고자 인근에 있는 경주월드에 통신 장비를 추가 설치했다”고 했다.오는 27일 APEC 정상회의 주간이 열리는 경주화백컨벤션센터 전경 [차민주 기자/@chami]LG유플러스는 하이코뿐만 아니라 경주 내 주요 일대 기지국을 지상 11개소, 건물 내 17개소 추가 설치했다. 이로써 첨성대·황리단길 등 문화재가 집중돼 통신 장비 증축이 어려웠던 지역의 통신 품질을 높였다. LG유플러스에 따르면 황리단길은 33개 기지국을 활용해 동시 가입자 최대 10만명, 보문단지는 40개 기지국으로 최대 8만명을 지원한다.또 주요 행사가 열리는 황룡원 일대에 와이파이 장비(AP)를 추가 설치했으며, 포항시 영일대와 숙박용 크루즈가 정박한 영일만항 인근에도 이동기지국을 배치했다. 아울러 기자회견장으로 마련된 미디어센터에는 기지국 1개를 임시로 설치해 동시 가입자 2000명을 수용하도록 했다.경주 전 일대의 통신 품질이 개선됐다는 점도 의미가 크다. 기존 경주는 곳곳에 문화재보호구역이 자리해 통신망 구축이 까다로운 지역으로 꼽혀 왔으나, 이번 행사를 계기로 올해 초부터 통신3사가 지원을 쏟으면서 일반 고객의 통신 품질 또한 상승했다.권 책임은 “문화재보호구역 탓에 개선이 어려웠던 경주 일대의 통신 품질을 이번 기회로 10~15년 만에 대대적으로 손질하게 됐다”며 “지난 3월부터 통신3사가 공동으로 투자를 시작, 경주 전 일대에 통신망 보강 작업을 벌이고 있다”고 했다.한편, LG유플러스 외에 KT도 하이코를 포함한 주변 행사장에 있는 기지국 43개소에 5G·LTE 기지국 장비 182식을 증설, 영일만항 인근에 이동기지국을 설치하는 등 품질 관리에 나섰다. 아울러 유선 통신망 구축에도 속도를 내고 있다. 주요 행사장에 방송용 회선 등 전용 회선을 구축 중이며, 방송 차량 6대와 기술 인력 11명을 현장에 투입해 방송 중계를 지원한다. 이어 약 100명 규모의 현장 인력을 투입해 통신 품질 관리·장애 대응에 집중한단 방침이다.SKT 또한 주요 행사 장소와 숙박 시설에 대한 통신 장비를 신설하거나 증설하고, 행사장 내 와이파이·로밍 품질을 점검했다고 밝혔다. 또 주요지에 이동 기지국을 배치하고 현장 인력 배치로 장애 대응에 나선다."
https://n.news.naver.com/mnews/article/016/0002544314?sid=105,2025-10-20 11:24:10,IT/과학,"“더 똑똑해진 AI 비서”…LGU+, ‘익시오 2.0’ 공개","AI 대화 검색·요약 등 기능 탑재개인 맞춤형 에이전트 지속 고도화익시오 2.0을 소개하는 LG유플러스 모델의 모습 [LG유플러스 제공]LG유플러스의 인공지능(AI) 통화 애플리케이션 ‘익시오’(ixi-O)가 진화 중이다. 단순히 통화 내용을 녹음하고 요약하는 등의 기능을 넘어, 맥락을 이해한 뒤 답변을 제공하는 AI 비서로 나아가고 있다.LG유플러스는 20일 개인 맞춤형 기능을 추가한 ‘익시오(ixi-O) 2.0’을 공개했다. 기존 익시오는 실시간 보이스피싱 탐지 기능과 통화 녹음 및 요약, 보이는 전화 등 기능을 온디바이스(On-device) 환경에서 제공하는 AI 통화 앱에 불과했다. 위변조된 목소리까지 탐지하는 ‘안티딥보이스’ 기능 등 보안 기능이 최대 강점이었다. 이런 가운데 LG유플러스가 익시오에 개인 맞춤형 AI 기능을 추가한 것이다.익시오 2.0은 단순 기록이나 반복 업무를 넘어 사용자의 맥락을 이해하고 답변을 제공하는 AI를 활용해 사용자의 편의성을 대폭 강화한 것이 특징이다. ▷AI 대화 검색 ▷AI 스마트 요약 ▷디스커버 2.0 등의 기능이 새롭게 추가됐다.우선 ‘AI 대화 검색’ 기능은 기존 통화에서 기억나지 않는 궁금한 내용을 직접 찾을 필요 없이 AI에게 질문하고 답변 받는 기능이다. 가령 익시오 앱에서 통화한 이력 중 필요한 번호를 찾아 ‘지난주에 이 친구가 생일 선물로 뭘 받고 싶다고 했지?’와 같이 AI 대화 검색창에 질문하면 통화 내용을 기반으로 AI가 답변을 찾아준다. 또 통화 내용을 기반으로 대화 방식, 대화 속 감정 등을 분석해 긍정적 관계 형성에 도움이 될 수 있는 맞춤형 인사이트도 답변으로 제공한다.‘AI 스마트 요약’은 통화 내용을 사용자의 필요 목적에 따라 자동으로 정리하는 기능이다. 메모, 토론, 문의, 할 일 등의 간단한 형태를 비롯해 부동산 중개, 영업 활동 등 업무에 최적화된 양식으로 내용으로 요약한다. 요약된 내용은 간단하게 수정하거나 복사, 공유할 수 있다.‘디스커버 2.0’은 통화와 문자 데이터를 분석해 고객에게 필요한 AI 기능을 추천하는 안내 페이지다. 이 페이지에서는 고객의 사용 패턴에 따른 AI 통화 내용 정리, 문자 메시지 분석을 통한 일정 관리, 통화에서 언급된 장소 검색 등 AI가 추천하는 필요 정보를 한 눈에 확인할 수 있다.안드로이드 스마트폰 이용자를 위한 신규 기능도 추가됐다. 안드로이드 버전 익시오 2.0에는 고객이 수신한 문자나 카카오톡 메시지에 포함된 피싱 위험 URL에 접속하면 이를 확인해 주의 알림을 제공하는 ‘위험 URL 탐지’ 기능과 문자로 받은 쿠폰이나 예약 일정을 알아서 감지하고 날짜가 가까워지면 알림을 제공하는 ‘AI 문자 리마인더’가 새롭게 도입됐다.iOS 버전 익시오 2.0에는 하나의 휴대전화에서 두 개의 번호를 이용할 수 있는 ‘듀얼넘버’ 기능이 새롭게 추가됐다. LG유플러스는 익시오 2.0 업데이트를 시작으로 익시오를 AI 통화 앱이 아닌 초개인화 AI 에이전트(비서)로 만들겠다는 계획이다.최윤호 LG유플러스 AI 에이전트 추진그룹장(상무)은 “익시오를 사용하는 고객에게 안심과 편리 두 가지 가치를 모두 제공하기 위해 이번 익시오 2.0 버전을 개발했다”며 “앞으로도 다양한 고객 가치를 제공하며 LG유플러스가 추구하는 ‘밝은 세상’을 만드는데 앞장서겠다”고 말했다. 박혜림 기자"
https://n.news.naver.com/mnews/article/016/0002544315?sid=105,2025-10-20 11:24:13,IT/과학,“APEC 정상회의장 5G 터져요”,"‘경주 APEC’ 통신망 구축 현장3월부터 통신 3사 공동 작업황리단길 등 기지국 신·증설로밍 점검…현장인력 장애 대응APEC 행사 기간 인파가 몰릴 것을 대비하고자 경북 경주 대릉원 인근에 있는 네트워크 장비를 점검하는 LG유플러스 직원 [LG유플러스 제공]“화백컨벤션센터(하이코)는 원래 LTE만 사용할 수 있는 곳이었으나, 이번 아시아태평양경제협력체(APEC) 정상회의를 계기로 5G까지 지원할 수 있게 됐습니다.” (권도형 LG유플러스 NW인프라운영그룹 경북인프라팀 책임)통신3사(KT·SKT·LGU+)가 오는 27일 아시아태평양경제협력체(APEC) 정상회의가 열리는 경북 경주 일대에 특별 통신망을 구축하면서 만반의 준비에 나섰다. APEC 관련 행사가 진행되는 지역에 인파가 몰릴 것을 대비해, 차질 없이 행사가 진행될 수 있도록 총력을 기울이겠단 방침이다.지난 17일 기자가 직접 찾은 하이코는 행사 막바지 준비로 부산스러운 모습이었다. 이곳은 APEC 정상회의가 개최되는 곳이다. 세계 정상이 모이는 행사장의 책상과 의자는 비닐로 보호돼 있고, 5~10명의 인부가 인테리어 장식물을 옮기고자 곳곳에서 힘을 쓰고 있었다.그간 하이코 내부에선 LTE만 사용할 수 있었으나, 이번 APEC 정상회의를 기점으로 5G가 새롭게 구축됐다. LG유플러스는 하이코에 기지국 4개를 활용해 5G·LTE 기본 통신 속도 1GB 이상으로 동시 가입자 5000명을 수용할 수 있는 규모의 통신망을 보완했다고 설명했다.권 책임은 유리창 너머로 보이는 경주월드를 가리키며 “행사 기간 내 인파가 몰릴 것을 우려해, 트래픽을 분산하고자 인근에 있는 경주월드에 통신 장비를 추가 설치했다”고 했다.LG유플러스는 하이코뿐만 아니라 경주 내 주요 일대 기지국을 지상 11개소, 건물 내 17개소 추가 설치했다. 이로써 첨성대·황리단길 등 문화재가 집중돼 통신 장비 증축이 어려웠던 지역의 통신 품질을 높였다. LG유플러스에 따르면 황리단길은 33개 기지국을 활용해 동시 가입자 최대 10만명, 보문단지는 40개 기지국으로 최대 8만명을 지원한다.또 주요 행사가 열리는 황룡원 일대에 와이파이 장비(AP)를 추가 설치했으며, 포항시 영일대와 숙박용 크루즈가 정박한 영일만항 인근에도 이동기지국을 배치했다. 아울러 기자회견장으로 마련된 미디어센터에는 기지국 1개를 임시로 설치해 동시 가입자 2000명을 수용하도록 했다.경주 전 일대의 통신 품질이 개선됐다는 점도 의미가 크다. 기존 경주는 곳곳에 문화재보호구역이 자리해 통신망 구축이 까다로운 지역으로 꼽혀 왔으나, 이번 행사를 계기로 올해 초부터 통신3사가 지원을 쏟으면서 일반 고객의 통신 품질 또한 상승했다.권 책임은 “문화재보호구역 탓에 개선이 어려웠던 경주 일대의 통신 품질을 이번 기회로 10~15년 만에 대대적으로 손질하게 됐다”며 “지난 3월부터 통신3사가 공동으로 투자를 시작, 경주 전 일대에 통신망 보강 작업을 벌이고 있다”고 했다.한편, LG유플러스 외에 KT도 하이코를 포함한 주변 행사장에 있는 기지국 43개소에 5G·LTE 기지국 장비 182식을 증설, 영일만항 인근에 이동기지국을 설치하는 등 품질 관리에 나섰다. 아울러 유선 통신망 구축에도 속도를 내고 있다. 주요 행사장에 방송용 회선 등 전용 회선을 구축 중이며, 방송 차량 6대와 기술 인력 11명을 현장에 투입해 방송 중계를 지원한다. 이어 약 100명 규모의 현장 인력을 투입해 통신 품질 관리·장애 대응에 집중한단 방침이다.SKT 또한 주요 행사 장소와 숙박 시설에 대한 통신 장비를 신설하거나 증설하고, 행사장 내 와이파이·로밍 품질을 점검했다고 밝혔다. 또 주요지에 이동 기지국을 배치하고 현장 인력 배치로 장애 대응에 나선다. 차민주 기자"
https://n.news.naver.com/mnews/article/144/0001074371?sid=105,2025-10-20 11:34:19,IT/과학,"LGU+, AI 통화 앱 ‘익시오 2.0’ 공개···검색·요약 강화","LG유플러스가 20일, 개인 맞춤형 기능을 강화한 인공지능(AI) 통화 앱 ‘익시오(ixi-O) 2.0’을 공개했다.익시오는 실시간 보이스피싱 탐지 기능과 통화 녹음·요약, 보이는 전화 등 기능을 온디바이스 환경에서 제공한다.2.0 버전은 통화 내용을 기반으로 AI가 답변을 찾아주는 대화 검색과 요약 기능, 통화와 문자 데이터를 분석해 고객에게 필요한 AI 기능을 추천하는 안내 페이지 ‘디스커버 2.0’이 추가됐다.‘AI 대화 검색’ 기능은 기존 통화에서 기억나지 않는 궁금한 내용을 직접 찾을 필요 없이 AI에게 질문하고 답변 받는 기능이다. 가령 익시오 앱에서 통화한 이력 중 필요한 번호를 찾아 ‘지난주에 이 친구가 생일 선물로 뭘 받고 싶다고 했지?’와 같이 AI 대화 검색창에 질문하면 통화 내용을 기반으로 AI가 답변을 찾아준다.‘디스커버 2.0’에서는 문자 메시지 분석을 통한 일정 관리, 통화에서 언급된 장소 검색 등 AI 추천 정보를 확인할 수 있다.안드로이드 버전에는 문자나 카카오톡 메시지에 포함된 피싱 위험 URL에 접속하면 주의 알림을 보내는 ‘위험 URL 탐지’ 기능과 문자로 받은 쿠폰이나 예약 일정을 알아서 감지하고 날짜가 가까워지면 알리는 ‘AI 문자 리마인더’가 새로 도입됐다.iOS 버전 익시오 2.0에는 하나의 휴대전화에서 두 개의 번호를 이용할 수 있는 ‘듀얼넘버’ 기능이 추가됐다.LG유플러스는 익시오를 AI 통화 앱이 아닌 초개인화 AI 비서 앱으로 고도화할 계획이다.조진호 기자 ftw@kyunghyang.com"
https://n.news.naver.com/mnews/article/008/0005265237?sid=105,2025-10-20 11:43:26,IT/과학,"""국내 빅3 로펌 다 모였네""…이통3사, 공정위 행정소송 본격화","KT 이어 SKT, LGU+ 공정위 대상 행정소송 제기이통사, 963억원 과징금 취소 사활…김·광·태 선임삼성전자의 새로운 폴더블폰 갤럭시Z7 시리즈의 예약 판매가 시작된 15일 서울 시내 핸드폰 대리점에 갤럭시Z7시리즈 예약 홍보 문구가 게시돼 있다. /사진=뉴스1이통3사가 공정거래위원회의 '번호이동 담합' 제재에 반발해 대형 로펌과 손잡고 행정소송에 나섰다. 공정위가 ""이통3사가 7년간 번호이동 경쟁을 회피했다""며 총 963억원의 과징금을 부과한 데 따른 대응이다.20일 업계에 따르면 SK텔레콤과 LG유플러스는 지난달 말 서울고법에 공정위를 상대로 시정명령 및 과징금 납부 명령 취소소송을 제기했다. KT는 이미 지난 7월 같은 취지의 소송을 냈다. 소송 규모가 큰 만큼 이통 3사는 국내 대표 로펌을 각각 선임했다. SK텔레콤은 김앤장, KT는 태평양, LG유플러스는 광장과 화우를 선임해 법정 공방에 대비하고 있다.지난 3월 공정위는 이통 3사가 2015년 11월부터 2022년 9월까지 특정 사업자로 번호이동 가입자가 쏠리지 않도록 상호 조정에 합의·실행했다고 판단했다. 이에 따라 시정명령과 총 963억원의 과징금을 부과했다. 과징금 규모는 SK텔레콤 388억원, KT 299억원, LG유플러스 276억원이다. 이통3사가 한국정보통신진흥협회(KAIT) 내 '상황반'을 꾸려 각 사의 번호이동 현황과 판매장려금 수준을 공유한 결과, 일평균 번호이동 건수가 2014년 2만8872건에서 2022년 7210건으로 급감했다는 지적이다.이통 3사는 ""공정위와 방송통신위원회(현 방송미디어통신위원회)의 엇박자 행정으로 인한 부당한 제재""라고 반발했다. 방통위는 2014년 단말기유통구조개선법(단통법) 시행 후, 판매장려금이 특정 계층에 집중되지 않도록 KAIT에 시장 모니터링을 지시하고 상황반 운영을 주도했다. 또 특정 통신사로 번호이동이 쏠릴 경우, 해당 통신사에 장려금 축소를 지시하는 등 시장 균형을 위한 행정지도를 내렸다. 이통사들은 이런 방통위 지침을 이행한 것뿐인데, 공정위가 담합으로 본 것은 부당하다는 입장이다.공정위와 이통 3사 간 법정 공방은 장기화할 전망이다. 패소한 쪽이 항소할 가능성이 높기 때문이다. 실제 최근 서울고법은 KT가 제기한 시정명령 집행정지 가처분 신청을 인용하자, 공정위가 즉시 대법원에 항고했다. 본안 소송 역시 대법원까지 이어질 가능성이 크다.SK텔레콤 관계자는 ""방통위의 단통법 집행 지침을 따른 것일 뿐 담합은 없었다""며 ""행정소송을 통해 법원의 판단을 구하겠다""고 말했다. LG유플러스 관계자도 ""담합 사실이 전혀 없으며, 이를 밝히기 위해 행정소송을 제기했다""고 밝혔다."
https://n.news.naver.com/mnews/article/421/0008549303?sid=105,2025-10-20 12:29:07,IT/과학,'해킹 국감' 통신3사 CEO 21일 줄소환…KT 집중포화 예상,"KT 정보유출 피해 2만 명 이상…국회 '위약금 면제' 압박 가능성'KT 사장 선임 과정'도 추궁…SKT·LGU+도 '해킹' 이슈김영섭 KT 대표이사가 14일 오후 서울 여의도 국회에서 열린 정무위원회 국정감사에 증인으로 출석해 자리하고 있다. 오른쪽은 송경희 개인정보보호위원장. 2025.10.14/뉴스1 ⓒ News1 구윤성 기자(서울=뉴스1) 김민수 기자 = 국내 통신 3사 최고경영자(CEO)가 21일 국회 과학기술정보방송통신위원회(과방위) 국정감사에 일제히 출석할 예정이다. 국회는 최근 잇따른 해킹과 개인정보 유출 사태를 계기로 통신사들의 보안 관리 실태를 집중 추궁할 것으로 보인다.이날 증인석에는 김영섭 KT(030200) 대표, 유영상 SK텔레콤(017670) 대표, 홍범식 LG유플러스(032640) 대표가 오른다. 과방위는 세 회사의 보안 체계와 사고 대응, 피해자 구제 방안 등을 따질 계획이다.국감의 초점은 단연 KT에 맞춰질 전망이다. 불법 초소형 기지국(펨토셀) 해킹으로 소액결제 피해자가 2만 명을 넘어서면서, 국회는 KT의 '위약금 면제' 여부를 도마에 올릴 것으로 보인다.KT는 지난 17일 브리핑에서 소액결제 피해 고객이 368명(총피해액 약 2억 4000만 원)으로 늘었고, 불법 소형 기지국(펨토셀) ID도 4개에서 20개로 증가했다고 밝혔다. 해당 기지국 접속 고객은 총 2만2227명으로 파악됐다.KT 관계자는 ""위약금 면제 여부는 민관합동조사단의 결과와 피해 규모를 검토해 결정할 것""이라며 말을 아꼈다. 또, 유심 교체·보호 서비스는 개인정보 유출 정황이 있는 고객만 대상으로 진행할 예정이다.그러나 국회는 '모든 가입자의 위약금 면제가 가능한 귀책 사유가 있다'는 입법조사처의 최근 판단을 근거로 공세를 강화할 가능성이 크다. 입법조사처는 △펨토셀 관리 미흡 △경찰 통보 지연 △초기 은폐 등 KT의 과실을 지적하며 ""통신서비스 제공자의 의무를 위반했다""고 평가했다.과방위는 이날 'KT 사장 선임 과정의 공정성 여부'도 따질 것으로 예상된다. 이와 관련 구현모 전 대표와 당시 사장 후보였던 윤경림 전 KT 부문장 등이 국감 참고인으로 출석한다.KT가 주된 타깃이지만, 다른 두 통신사도 안심할 처지는 아니다.SK텔레콤은 올해 4월 2300만 명에 달하는 고객 정보가 유출되는 해킹 사고를 겪었다. 국민 절반에 가까운 피해 규모로 회사의 신뢰도에 큰 타격을 입혔다.LG유플러스 역시 보안 논란이 이어지고 있다. 미국 보안 전문지 프랙 매거진(Fraq Magazine)은 LG유플러스의 내부 서버 관리용 계정 권한 관리 시스템(APPM) 소스코드와 데이터베이스, 서버 정보 등이 외부로 유출됐다고 보도했다. 그러나 LG유플러스 측은 '해킹 정황은 확인되지 않았고, 정보 유출도 없었다'며 선을 그었다."
https://n.news.naver.com/mnews/article/119/0003014375?sid=105,2025-10-20 13:17:07,IT/과학,피해 규모·은폐 의혹·보안 공백까지…통신 3사 ‘보안국감’ 도마[2025 국감],"PASS 인증부터 서버 관리까지…‘보안 허점’ 전방위 질타 예고국회 과학기술정보방송통신위원회 전체회의가 열리고 있다. ⓒ데일리안DB[데일리안 = 조인영 기자] 불법 기지국을 통한 소액결제 피해 확산 등과 관련해 통신사들이 국정감사 증인으로 출석한다. 피해 규모와 유출 범위, 책임 및 보상 문제에 대한 여야 의원들의 집중 추궁은 물론 ‘보안 시스템 전면 재설계’ 요구를 받을 것으로 보인다.20일 국회 과학기술정보방송통신위원회(과방위)는 오는 21일 오전부터 국정감사를 열고 김영섭 KT 대표, 유영상 SK텔레콤 대표, 홍범식 LG유플러스 대표를 증인으로 불러 관련 현안을 집중 질의할 예정이다.KT, 피해 누락·은폐 의혹 집중 추궁 예상‘무단 소액결제 사고’가 불거진 KT는 피해 규모, 유출 범위, 초동 대응, 보상 등이 최대 쟁점으로 떠올랐다.최근 KT 3차 브리핑에 따르면 불법 펨토셀 ID는 기존 4개에서 16개 늘어난 총 20개로 확인됐다. 해당 펨토셀 ID 접속 이력이 있는 고객 수도 총 2만2200여 명으로 확대됐으며 소액 결제 피해 고객은 기존 발표 보다 6명이 추가된 368명(777건)으로, 피해금액은 319만원 늘어난 2억4319만원으로 늘었다.유출 시점은 올해 6월이 아니라 작년 10월까지 거슬러 올라가는 것으로 나타났다. 범행 지역은 수도권에서 강원도까지 확산됐다.갈수록 피해 건수와 규모가 늘어나면서 KT는 초동 대응과 신속한 대처가 부족했다는 비판을 피하기 어렵게 됐다. KT는 사건 초기 IMSI(국제 이동 가입자 식별번호) 외 다른 정보 유출을 부인했다가, 뒤늦게 IMEI(국제 이동장비 식별번호)·전화번호·서버 침해 사실을 인정했다.아울러 소액결제 시 이름, 생년월일, 성별 등 개인정보가 필수적인 만큼, 이를 공격자들이 내부 침입 없이 어떤 경로로 확보했는지 집중 질의를 받을 전망이다. 현 단계에서는 외부 유출 정보의 활용 가능성과 내부 해킹 가능성이 모두 거론된다.KT는 사건 초기 불법 펨토셀이 자사 네트워크에 접속한 정황을 즉각 차단하지 못했고, 소액결제 인증 체계에도 보완이 필요한 허점이 발견됐다는 지적도 받고 있다.정보보호 관리체계(ISMS)의 실효성도 추궁 대상이 될 전망이다. KT는 ISMS 인증 기업임에도 해킹 사고 발생을 막지 못했다는 점에서, 인증 제도의 점검 필요성이 제기됐다.사태 파악과는 별개로, KT가 피해 규모를 축소하거나 서버 자료 제출을 지연하는 등 조사를 고의로 방해했다는 의혹에 대해서도 수사 과정에서 소명해야 한다.KT는 지난 8월 1일 관련 서버를 폐기했다고 제출했지만, 실제로는 8월 1일(2대), 8월 6일(4대), 8월 13일(2대) 등 13일까지 순차적으로 8대를 폐기했다. 또 폐기 서버의 백업 로그가 존재했음에도 이 사실을 9월 18일까지 조사단에 보고하지 않았다.이에 과기정통부는 KT가 무단 소액결제 및 해킹 사태 조사 과정에서 허위자료를 제출하고 증거를 은닉하는 등 정부 조사를 방해한 정황이 있다고 보고 지난 2일 수사를 의뢰했다.이날 위약금 면제 등 책임 및 보상 차원에서 KT 경영진이 대안을 제시할 지 관심이다. KT는 해당 기지국 신호를 수신한 고객 전원에게 무료 유심 교체와 유심 보호 서비스 가입을 지원하고 타사로의 이동을 희망할 경우 위약금 면제도 전향적으로 검토하겠다고 밝힌 상황이다.서울 시내 전자상가 휴대폰 판매점에 붙은 이동통신 3사 로고. ⓒ연합뉴스LGU+, 외주 해킹 연루 논란·SKT는 보안 신뢰 회복 시험대LG유플러스는 외주 보안 관리업체 시큐어키 해킹 사건 연루 의혹에 직면했다.지난달 8일 미국 보안 전문지 ‘프랙(Phrack)’은 해커 집단이 시큐어키를 해킹해 확보한 계정으로 LG유플러스 내부망에 침투, 서버 8938대 정보와 4만2256개 계정, 임직원 167명의 자료를 탈취했다고 보도했다.앞서 한국인터넷진흥원(KISA)은 지난 7월 19일 관련 정황을 입수해 LG유플러스, KT, 시큐어키에 침해 사고 신고를 안내했다.LG유플러스와 KT는 유출 사실이 확인되지 않았다며 신고하지 않았고, 시큐어키만 내부 서버 관리용 계정 권한 관리 시스템(APPM)의 소스코드와 데이터 유출을 신고했다. 개인정보보호위원회는 지난달 두 통신사를 상대로 직권 조사를 착수했다.LG유플러스는 외주 보안 시스템이 해킹 당한 정황에 따라, 회사 내부 인증 및 접속 체계와의 연계성을 의심받고 있다. LG유플러스는 자체 조사에서 내부 침해 흔적은 없다고 부인하고 있으나 '기존 본인인증 방식이 과연 안전했는가'라는 비판에서 자유롭기 힘들다.상반기 해킹 사태로 한 차례 홍역을 치른 SK텔레콤도 하반기 보안 이슈에서 자유롭기는 힘들 전망이다. 연이은 보안 사고로 3사 전체가 보안 시스템을 재점검하는 가운데 SK텔레콤 역시 내·외부에서 지속적인 보안 강화 및 데이터 보호 요구를 받고 있다."
https://n.news.naver.com/mnews/article/119/0003014382?sid=105,2025-10-20 13:27:12,IT/과학,"LGU+, ‘익시오 2.0’ 출시…'AI 대화 검색·스마트 요약' 맞춤형 기능 강화","AI대화 검색, AI스마트 요약,디스커버2.0등AI기능 탑재익시오2.0을 소개하는LG유플러스 모델의 모습ⓒLG유플러스[데일리안 = 조인영 기자] LG유플러스는 개인 맞춤형 기능을 추가한 ‘익시오(ixi-O) 2.0’을 공개했다고 20일 밝혔다. 단순 기록이나 반복 업무를 넘어 사용자의 맥락을 이해하고 답변을 제공하는 AI를 활용해 사용자의 편의성을 대폭 강화한 것이 특징이다.익시오는 실시간 보이스피싱 탐지 기능과 통화 녹음 및 요약, 보이는 전화 등 기능을 온디바이스(On-device) 환경에서 제공하는 AI 통화 앱이다. 기존 익시오 1.0 버전에서는 위변조된 목소리까지 탐지하는 ‘안티딥보이스’ 기능을 추가하는 등 고객이 안심하고 사용할 수 있는 보안 기능이 최대 강점이었다.LG유플러스는 보안을 넘어 익시오를 사용하는 고객에게 편리함까지 제공하기 위해 개인 맞춤형 AI 기능을 추가해 ‘익시오 2.0’으로 업그레이드했다. 2.0 버전에 새롭게 추가된 기능은 ▲AI 대화 검색 ▲AI 스마트 요약 ▲디스커버 2.0 등이다.우선 ‘AI 대화 검색’ 기능은 기존 통화에서 기억나지 않는 궁금한 내용을 직접 찾을 필요 없이 AI에게 질문하고 답변 받는 기능이다. 가령 익시오 앱에서 통화한 이력 중 필요한 번호를 찾아 ‘지난주에 이 친구가 생일 선물로 뭘 받고 싶다고 했지?’와 같이 AI 대화 검색창에 질문하면 통화 내용을 기반으로 AI가 답변을 찾아준다.또한 통화 내용을 기반으로 대화 방식, 대화 속 감정 등을 분석해 긍정적 관계 형성에 도움이 될 수 있는 맞춤형 인사이트도 답변으로 제공한다‘AI 스마트 요약’은 통화 내용을 사용자의 필요 목적에 따라 자동으로 정리하는 기능이다. 메모, 토론, 문의, 할 일 등의 간단한 형태를 비롯해 부동산 중개, 영업 활동 등 업무에 최적화된 양식으로 내용으로 요약한다. 요약된 내용은 간단하게 수정하거나 복사, 공유할 수 있다.‘디스커버 2.0’은 통화와 문자 데이터를 분석해 고객에게 필요한 AI 기능을 추천하는 안내 페이지다. 이 페이지에서는 고객의 사용 패턴에 따른 AI 통화 내용 정리, 문자 메시지 분석을 통한 일정 관리, 통화에서 언급된 장소 검색 등 AI가 추천하는 필요 정보를 한 눈에 확인할 수 있다.안드로이드 스마트폰 이용자를 위한 신규 기능도 추가됐다. 안드로이드 버전 익시오 2.0에는 고객이 수신한 문자나 카카오톡 메시지에 포함된 피싱 위험 URL에 접속하면 이를 확인해 주의 알림을 제공하는 ‘위험 URL 탐지’ 기능과 문자로 받은 쿠폰이나 예약 일정을 알아서 감지하고 날짜가 가까워지면 알림을 제공하는 ‘AI 문자 리마인더’가 새롭게 도입됐다.iOS 버전 익시오 2.0에는 하나의 휴대전화에서 두 개의 번호를 이용할 수 있는 ‘듀얼넘버’ 기능이 새롭게 추가됐다. LG유플러스는 추가적인 기술 개발을 통해 iOS 이용자도 안드로이드 버전 익시오 2.0에 탑재된 기능을 이용할 수 있도록 업데이트할 계획이다.익시오 2.0 업데이트를 시작으로 LG유플러스는 익시오를 AI 통화 앱이 아닌 초개인화 AI Agent로 발전할 수 있도록 서비스를 고도화할 방침이다.최윤호 LG유플러스 AI Agent추진그룹장(상무)은 “익시오를 사용하는 고객에게 안심과 편리 두 가지 가치를 모두 제공하기 위해 이번 익시오 2.0 버전을 개발했다”며 “앞으로도 다양한 고객 가치를 제공하며 LG유플러스가 추구하는 ‘밝은 세상’을 만드는데 앞장서겠다”고 말했다."
https://n.news.naver.com/mnews/article/009/0005575668?sid=101,2025-10-20 14:01:08,경제,"KMAC, 기업의 성과 중심의 해법 제시…‘Asia CSCON 2025’ 개최","올해 33회차 맞는 국내 경영혁신 컨퍼런스, 11월 4일 일산 킨텍스에서 개최< 사진 제공 : 한국능률협회컨설팅 >AI 전환, 디지털 혁신, ESG 경영까지 기업들이 동시다발적으로 추진해야 하는 과제들이 쏟아지는 시대에 각각의 혁신이 아닌 ‘연결된 경험’을 통해 즉각적인 성과를 창출하는 것이 기업 생존의 핵심 전략으로 떠오르고 있다. 고객 경험(CX), 직원 경험(EX), 디지털 경험(DX), AI 전환(AX), 비즈니스 확장(BX), 공공 경험(PX) 등이 유기적으로 연결될 때 비로소 지속가능한 성장 동력을 확보할 수 있다는 것이다.한국능률협회컨설팅(대표이사 한수희, 이하 KMAC)이 오는 11월 4일 일산 킨텍스 제2전시장 6홀에서 ‘Asia CSCON 2025’를 개최한다고 밝혔다.올해로 33회를 맞는 이번 컨퍼런스는 ‘Xs-Chain: Accelerating Growth Through Connected Experience’를 주제로 기업을 위한 경험 혁신 방안을 제시한다.Asia CSCON은 1993년 첫 개최 이후 매년 2500여 명의 산업 담당자들이 참여하는 국내 최대 규모의 경영혁신 컨퍼런스다. 지난해부터 아시아 컨퍼런스로 확대되며 베트남, 인도네시아, 일본 등 아시아 주요 국가들의 참여가 활발해지고 있다.이번 컨퍼런스는 야놀자클라우드 김종윤 대표의 ‘버티컬 AI가 여는 파괴적 혁신, 그리고 연결된 경험이 만드는 미래’와 송길영 작가(마인드마이너)의 ‘경량 문명, 연결의 가속도: 가볍게 연결하라, 깊게 성장하라’를 주제로 한 기조강연으로 시작된다.오후에는 CX(고객 경험), EX(직원 경험), DX(디지털 전환), AX(AI 전환), BX/SX(비즈니스 전환·지속가능경영), PX(공공 경험) 등 6개 테마로 구성된 21개 트랙에서 70여 개 강연이 동시 진행된다. SK텔레콤, LG U+, 현대자동차, 한화오션, 동원그룹, 일본 세븐뱅크 등 400여 개 국내외 리딩 기업들이 실질적 혁신 사례를 공유할 예정이다.특히 올해는 4개의 스페셜 세션이 주목받고 있다. ‘2026 Trend Forecasting’ 세션에서는 송기호 리멤버 대표가 ‘전통적 채용의 종말과 인재 리밸런싱’를 주제로 기술혁신 시대의 데이터 기반 조직 성장 방향을 제시한다. 트렌드코리아와 생활변화관측소가 함께하는 이 세션은 2026년 소비자 행동 변화를 다각도로 분석한다.‘Entertainment X Leadership’ 세션에서는 박용택 해설위원(전 LG 트윈스 야구선수, 불꽃파이터즈 캡틴)이 ‘승리의 법칙: 프로야구에서 배우는 팀워크와 리더십’을 주제로 강연한다. 또한 이 세션에서는 삼성물산 리조트부문(에버랜드)이 참여해 엔터테인먼트 산업의 고객 경험 전략을 소개한다.‘K-Food to Global’ 세션에서는 식음연구소 노희영 대표가 K-Food의 글로벌 브랜딩 인사이트를 각각 발표한다. ‘Global Attraction to Korea’ 세션에서는 배달의민족, 삼진어묵, 성심당 등이 참여해 로컬 브랜드가 글로벌 관광 명소로 성장한 사례를 공유한다.배달의민족은 ‘K-라이프’를 세계에 알리는 플랫폼 전략을, 삼진어묵은 부산 로컬 브랜드의 세계 진출 스토리를, 성심당은 로컬 베이커리가 글로벌 관광 성지로 거듭나게 된 과정을 소개한다.이번 행사에서는 다양한 기관과 연계한 K-컬처, K-푸드존 운영, 신규 오픈이노베이션 프로그램 등을 통해 참가자에게 다채로운 경험을 제공할 계획이다. 특히 New-Tech 스타트업의 혁신 기술을 연계한 언어 지원, 위치정보, 네트워킹, 모빌리티 등 스마트한 참가 경험이 제공된다.송광호 가치혁신그룹장은 “올해 컨퍼런스는 AI 전환, 고객 경험 혁신, 지속가능경영 등 기업들이 당면한 핵심 과제에 대한 실질적 솔루션을 제시하는 데 초점을 맞췄다”라며 “특히 글로벌 기업 및 전문가와의 교류를 통해 최신 글로벌 트렌드와 국제적 시각 기반 인사이트를 제공할 것”이라고 말했다.컨퍼런스 참가비 및 신청 방법 등 자세한 사항은 Asia CSCON 공식 홈페이지를 통해 확인할 수 있다."
https://n.news.naver.com/mnews/article/366/0001115870?sid=004,2025-10-20 14:03:06,,"Asia CSCON 2025, 11월 4일 일산 킨텍스에서 개최","아시아가 주목한 연결 혁신, Asia CSCON 2025, “Xs-Chain: 연결된 경험이 성장을 가속한다”AI 전환, 디지털 혁신, ESG 경영 등 복합적인 변화를 동시에 추진해야 하는 시대에서, 각각의 혁신이 아닌 ‘연결된 경험’을 통해 즉각적인 성과를 창출하는 것이 기업 생존의 핵심 전략으로 떠오르고 있다. 고객경험(CX), 직원경험(EX), 디지털 경험(DX), AI전환(AX), 비즈니스 확장(BX), 공공 경험(PX) 등이 유기적으로 연결될 때 비로소 지속가능한 성장 동력을 확보할 수 있다는 것이다.한국능률협회컨설팅(대표이사 한수희, 이하 KMAC)은 오는 11월 4일(월), 일산 킨텍스 제2전시장 6홀에서 국내 경영혁신 컨퍼런스 ‘Asia CSCON 2025’를 개최한다고 밝혔다.올해로 33회를 맞는 이번 행사는 “Xs-Chain: Accelerating Growth Through Connected Experience(연결된 경험이 성장을 가속한다)”를 주제로, 기업의 성과 중심 혁신 해법을 제시한다.Asia CSCON은 1993년 첫 개최 이후 매년 약 2,500명 이상의 산업 관계자들이 참가하는 국내 최대 규모의 경영혁신 컨퍼런스로, 지난해부터 아시아 주요 국가(베트남, 인도네시아, 일본 등)로 참가 범위를 확대한 글로벌 행사다.이번 컨퍼런스는 야놀자클라우드 김종윤 대표의 ‘버티컬 AI가 여는 파괴적 혁신, 그리고 연결된 경험이 만드는 미래’와 송길영 작가(마인드마이너)의 ‘경량문명, 연결의 가속도: 가볍게 연결하라, 깊게 성장하라’를 주제로 한 기조강연으로 시작된다.오후 세션에서는 CX·EX·DX·AX·BX/SX·PX 등 6개 테마로 구성된 21개 트랙, 70여 개 강연이 동시 진행된다. 참여 기업은 SK텔레콤, LG U+, 현대자동차, 한화오션, 동원그룹, 일본 세븐뱅크 등 400여 개 국내외 리딩 기업이다.특히 올해는 4개의 스페셜 세션이 주목받고 있다. ’2026 Trend Forecasting' 세션에서는 이승욱 리멤버 본부장이 ‘프로파일링 데이터로 전망하는 2026 트렌드’를 주제로 데이터 기반 미래 전망을 제시한다. 트렌드코리아와 생활변화관측소가 함께하는 이 세션은 2026년 소비자 행동 변화를 다각도로 분석한다.‘Entertainment X Leadership’ 세션에서는 박용택 해설위원(전 LG 트윈스 야구선수, 불꽃파이터즈 캡틴)이 ‘승리의 법칙: 프로야구에서 배우는 팀워크와 리더십’을 주제로 강연한다. 또한 이 세션에서는 삼성물산 리조트부문(에버랜드)이 참여해 엔터테인먼트 산업의 고객경험 전략을 소개한다.‘K-Food to Global’ 세션에서는 식음연구소 노희영 대표가 K-Food의 글로벌 브랜딩 인사이트를 각각 발표한다. ‘Global Attraction to Korea’ 세션에서는 배달의민족, 삼진어묵, 성심당 등이 참여해 로컬 브랜드가 글로벌 관광 명소로 성장한 사례를 공유한다.배달의민족은 ‘K-라이프’를 세계에 알리는 플랫폼 전략을, 삼진어묵은 부산 로컬 브랜드의 세계 진출 스토리를, 성심당은 로컬 베이커리가 글로벌 관광 성지로 거듭난 과정을 소개한다.이번 행사에서는 다양한 기관과 연계한 K-컬처, K-푸드존 운영, 신규 오픈이노베이션 프로그램 등을 통해 참가자에게 다채로운 경험을 제공할 계획이다. 특히 New-Tech 스타트업의 혁신기술을 연계한 언어지원, 위치정보, 네트워킹, 모빌리티 등 스마트한 참가 경험이 제공된다.송광호 가치혁신그룹장은 “이번 컨퍼런스는 AI 전환, 고객경험, 지속가능경영 등 기업의 핵심 과제에 실질적인 해법을 제시하는 자리”라며 “국내외 리더와 함께 최신 글로벌 트렌드를 공유하고, 연결된 경험을 통한 성과 중심 혁신을 모색할 것”이라고 말했다.컨퍼런스 참가 신청 및 상세 일정은 Asia CSCON 공식 홈페이지에서 확인할 수 있다."
https://n.news.naver.com/mnews/article/029/0002988086?sid=101,2025-10-20 14:09:58,경제,"33년 전통의 경영혁신 컨퍼런스, Asia CSCON 2025 일산 킨텍스서 개최","배달의민족·성심당·노희영 등 참여… K-브랜드의 글로벌 확장 사례 공유한국능률협회컨설팅 제공올해로 33회를 맞은 국내 최대 경영혁신 컨퍼런스 ‘Asia CSCON 2025’가 오는 11월 4일 일산 킨텍스에서 개최된다.한국능률협회컨설팅(대표이사 한수희, 이하 KMAC)은 이번 행사를 통해 아시아가 주목한 연결 혁신의 해법을 제시할 계획이라고 밝혔다. 올해의 주제는 ‘Xs-Chain: 연결된 경험이 성장을 가속한다(Xs-Chain: Accelerating Growth Through Connected Experience)’다.AI 전환, 디지털 혁신, ESG 경영 등 기업이 동시에 추진해야 하는 과제들이 산적한 시대. KMAC은 각각의 혁신이 아닌 ‘연결된 경험(Connected Experience)’을 통해 즉각적인 성과를 창출하는 것이 기업 생존의 핵심 전략으로 부상하고 있다고 설명했다. 고객경험(CX), 직원경험(EX), 디지털 경험(DX), AI 전환(AX), 비즈니스 확장(BX), 공공경험(PX) 등 여러 경험이 유기적으로 연결될 때 지속가능한 성장 동력을 확보할 수 있다는 것이다.KMAC은 오는 11월 4일 일산 킨텍스 제2전시장 6홀에서 열리는 이번 행사를 통해 기업의 성과 중심 혁신 방안을 구체적으로 제시한다. ‘Asia CSCON’은 1993년 첫 개최 이후 매년 2,500여 명의 산업 관계자들이 참여하는 경영혁신 컨퍼런스로, 지난해부터 베트남·인도네시아·일본 등 아시아 주요 국가들의 참여가 확대되며 국제적 행사로 성장하고 있다.이번 컨퍼런스는 야놀자클라우드 김종윤 대표의 ‘버티컬 AI가 여는 파괴적 혁신, 그리고 연결된 경험이 만드는 미래’와 마인드마이너 송길영 작가의 ‘경량문명, 연결의 가속도: 가볍게 연결하라, 깊게 성장하라’를 주제로 한 기조강연으로 시작된다.오후에는 CX(고객경험), EX(직원경험), DX(디지털 전환), AX(AI 전환), BX/SX(비즈니스 전환·지속가능경영), PX(공공경험) 등 6개 테마로 구성된 21개 트랙에서 총 70여 개의 강연이 동시에 진행된다.SK텔레콤, LG U+, 현대자동차, 한화오션, 동원그룹, 일본 세븐뱅크 등 국내외 400여 개 리딩 기업이 참여해 실질적인 혁신 사례를 공유할 예정이다.특히 올해는 4개의 스페셜 세션이 주목받고 있다. ‘2026 Trend Forecasting’ 세션에서는 리멤버 이승욱 본부장이 ‘프로파일링 데이터로 전망하는 2026 트렌드’를 주제로 데이터 기반 미래 전망을 제시한다. 이 세션은 트렌드코리아와 생활변화관측소가 함께해 2026년 소비자 행동 변화를 다각도로 분석한다.‘Entertainment X Leadership’ 세션에서는 박용택 해설위원(전 LG 트윈스 선수, 불꽃파이터즈 캡틴)이 ‘승리의 법칙: 프로야구에서 배우는 팀워크와 리더십’을 주제로 강연하며, 삼성물산 리조트부문(에버랜드)이 엔터테인먼트 산업의 고객경험 전략을 소개한다.‘K-Food to Global’ 세션에서는 식음연구소 노희영 대표가 K-Food의 글로벌 브랜딩 인사이트를 발표하고, ‘Global Attraction to Korea’ 세션에서는 배달의민족·삼진어묵·성심당 등이 로컬 브랜드의 글로벌 확장 사례를 공유한다. 배달의민족은 ‘K-라이프’를 세계에 알리는 플랫폼 전략을, 삼진어묵은 부산 로컬 브랜드의 해외 진출 스토리를, 성심당은 지역 베이커리가 글로벌 관광 명소로 거듭난 과정을 소개한다.이번 행사에서는 K-컬처·K-푸드존 운영과 오픈이노베이션 프로그램 등 참가자 경험을 강화하기 위한 다양한 프로그램이 마련된다. 또한 New-Tech 스타트업의 혁신 기술을 접목한 언어지원, 위치정보, 네트워킹, 모빌리티 등 스마트 참가 경험도 제공된다.KMAC 송광호 가치혁신그룹장은 “이번 컨퍼런스는 AI 전환, 고객경험 혁신, 지속가능경영 등 기업이 직면한 핵심 과제에 대한 실질적 솔루션을 제시하는 데 초점을 맞췄다”며 “글로벌 기업 및 전문가와의 교류를 통해 최신 글로벌 트렌드와 국제적 인사이트를 제공할 것”이라고 말했다.컨퍼런스 참가비와 신청 방법 등 자세한 내용은 Asia CSCON 공식 홈페이지에서 확인할 수 있다."
https://n.news.naver.com/mnews/article/015/0005199242?sid=101,2025-10-20 14:30:09,경제,"KMAC, 'Asia CSCON 2025' 11월 4일 킨텍스 개최","올해 33회차를 맞은 국내 경영혁신 컨퍼런스 ‘Asia CSCON 2025’가 오는 11월 4일 일산 킨텍스 제2전시장 6홀에서 열린다. 한국능률협회컨설팅(대표이사 한수희, 이하 KMAC)은 이번 행사를 통해 아시아가 주목한 연결 혁신의 방향성을 제시할 계획이라고 20일 밝혔다.올해 주제는 ‘Xs-Chain: 연결된 경험이 성장을 가속한다(Xs-Chain: Accelerating Growth Through Connected Experience)’로, 고객경험(CX), 직원경험(EX), 디지털 경험(DX), AI 전환(AX), 비즈니스 확장(BX), 공공경험(PX) 등 경영 전 영역의 연결과 통합을 통한 성장 전략을 다룬다.Asia CSCON은 1993년 첫 개최 이후 매년 2500명 이상이 참여했으며, 지난해부터는 베트남, 인도네시아, 일본 등 아시아 주요 국가로 참여 범위를 확장하며 국제적 행사로 자리매김하고 있다.이번 컨퍼런스는 야놀자클라우드 김종윤 대표의 ‘버티컬 AI가 여는 파괴적 혁신, 그리고 연결된 경험이 만드는 미래’와 마인드마이너 송길영 작가의 ‘경량문명, 연결의 가속도: 가볍게 연결하라, 깊게 성장하라’를 주제로 한 기조강연으로 문을 연다.오후에는 CX(고객경험), EX(직원경험), DX(디지털 전환), AX(AI 전환), BX/SX(비즈니스 전환·지속가능경영), PX(공공경험) 등 6개 테마로 구성된 21개 트랙에서 70여 개 강연이 동시 진행된다. 또한 SK텔레콤, LG U+, 현대자동차, 한화오션, 동원그룹, 일본 세븐뱅크 등 400여 개 국내외 기업이 참여해 실질적 혁신 사례를 공유할 예정이다.특별 세션도 운영된다. ‘2026 Trend Forecasting’ 세션에서는 송기호 리멤버 대표가 '전통적 채용의 종말과 인재 리밸런싱'를 주제로 기술혁신 시대의 데이터 기반 조직성장 방향을 제시한다.‘Entertainment X Leadership’ 세션에서는 박용택 해설위원(전 LG 트윈스 선수, 불꽃파이터즈 캡틴)이 ‘승리의 법칙: 프로야구에서 배우는 팀워크와 리더십’을 주제로 강연하며, 삼성물산 리조트부문(에버랜드)이 엔터테인먼트 산업의 고객경험 전략을 소개한다.‘K-Food to Global’ 세션에서는 식음연구소 노희영 대표가 K-Food의 글로벌 브랜딩 인사이트를 발표한다. ‘Global Attraction to Korea’ 세션에서는 배달의민족, 삼진어묵, 성심당이 참여해 로컬 브랜드가 글로벌 관광 명소로 성장한 사례를 공유한다. 배달의민족은 ‘K-라이프’를 세계에 알리는 플랫폼 전략을, 삼진어묵은 부산 로컬 브랜드의 세계 진출 스토리를, 성심당은 지역 베이커리가 글로벌 관광 명소로 자리잡은 과정을 소개한다.행사 현장에서는 K-컬처, K-푸드존 운영과 오픈이노베이션 프로그램을 비롯해 New-Tech 스타트업의 혁신 기술을 연계한 체험형 공간이 함께 마련된다. 언어지원, 위치정보, 네트워킹, 모빌리티 등의 스마트 시스템도 도입된다.송광호 KMAC 가치혁신그룹장은 “이번 컨퍼런스는 AI 전환, 고객경험 혁신, 지속가능경영 등 기업들이 당면한 핵심 과제에 대한 실질적인 해법을 제시하는 데 초점을 맞췄다”며 “글로벌 기업 및 전문가와의 교류를 통해 최신 트렌드와 국제적 인사이트를 제공할 것”이라고 말했다.컨퍼런스 참가비 및 신청 방법 등 자세한 사항은 Asia CSCON 공식 홈페이지에서 확인할 수 있다.한경닷컴 뉴스룸 open@hankyung.com"
https://n.news.naver.com/mnews/article/020/0003668375?sid=101,2025-10-20 14:33:08,경제,"KMAC,   ‘Asia CSCON 2025’서 성과 중심 혁신 방향 제시","야놀자클라우드 김종윤 대표, 송길영 마인드마이너 기조강연AI 전환, 디지털 혁신, ESG 경영 등 복합적인 변화를 동시에 추진해야 하는 시대에서, 각각의 혁신이 아닌 ‘연결된 경험’을 통해 즉각적인 성과를 창출하는 것이 기업 생존의 핵심 전략으로 떠오르고 있다. 고객경험(CX), 직원경험(EX), 디지털 경험(DX), AI전환(AX), 비즈니스 확장(BX), 공공 경험(PX) 등이 유기적으로 연결될 때 비로소 지속가능한 성장 동력을 확보할 수 있다는 것이다.한국능률협회컨설팅(대표 한수희, 이하 KMAC)은 오는 11월 4일, 일산 킨텍스 제2전시장 6홀에서 국내 최대 규모의 경영혁신 컨퍼런스 ‘Asia CSCON 2025’를 개최한다고 밝혔다.올해로 33회를 맞은 이번 행사는 ‘Xs-Chain: Accelerating Growth Through Connected Experience(연결된 경험이 성장을 가속한다)’를 주제로, 급변하는 경영 환경 속에서 기업의 성과 중심 혁신 해법을 제시한다.1993년 첫 개최된 Asia CSCON은 매년 2,500명 이상의 산업 관계자가 참여하는 국내 최대 규모의 경영혁신 컨퍼런스로, 지난해부터는 베트남·인도네시아·일본 등 아시아 주요 국가들의 참여가 활발해지며 아시아를 대표하는 경영 콘퍼런스로 자리매김했다.올해 컨퍼런스는 야놀자클라우드 김종윤 대표의 ‘버티컬 AI가 여는 파괴적 혁신, 그리고 연결된 경험이 만드는 미래’와 송길영 작가(마인드마이너)의 ‘경량문명, 연결의 가속도: 가볍게 연결하라, 깊게 성장하라’를 주제로 한 기조강연으로 시작된다.오후에는 CX(고객경험), EX(직원경험), DX(디지털 전환), AX(AI 전환), BX/SX(비즈니스 전환·지속가능경영), PX(공공경험) 등 6개 테마로 구성된 21개 트랙에서 70여 개 강연이 동시 진행된다. SK텔레콤, LG U+, 현대자동차, 한화오션, 동원그룹, 일본 세븐뱅크 등 400여 개 국내외 리딩 기업들이 실질적인 혁신 사례를 공유할 예정이다.올해는 네 가지 스페셜 세션이 주목받고 있다. ‘2026 Trend Forecasting’ 세션에서는 리멤버 이승욱 본부장이 ‘프로파일링 데이터로 전망하는 2026 트렌드’를 주제로 데이터 기반 미래 전망을 제시한다. 트렌드코리아와 생활변화관측소가 함께 참여해 2026년 소비자 행동 변화를 다각도로 분석한다.‘Entertainment X Leadership’ 세션에서는 박용택 해설위원(전 LG트윈스 선수, 불꽃파이터즈 캡틴)이 ‘승리의 법칙: 프로야구에서 배우는 팀워크와 리더십’을 주제로 강연한다. 또한 삼성물산 리조트부문(에버랜드)이 참여해 엔터테인먼트 산업의 고객경험 전략을 공유한다.‘K-Food to Global’ 세션에서는 식음연구소 노희영 대표가 K-Food의 글로벌 브랜딩 인사이트를 발표하며, ‘Global Attraction to Korea’ 세션에서는 배달의민족, 삼진어묵, 성심당 등이 참여해 로컬 브랜드가 글로벌 관광 명소로 성장한 사례를 공유한다. 배달의민족은 ‘K-라이프’를 세계에 알리는 플랫폼 전략을, 삼진어묵은 부산 로컬 브랜드의 세계 진출 스토리를, 성심당은 지역 베이커리가 글로벌 관광 명소로 성장한 과정을 소개한다.이번 행사에서는 다양한 기관과 연계한 K-컬처, K-푸드존 운영, 신규 오픈이노베이션 프로그램 등을 통해 참가자에게 다채로운 경험을 제공할 예정이다. 특히 New-Tech 스타트업의 혁신기술을 연계한 언어지원, 위치정보, 네트워킹, 모빌리티 등 스마트한 참가 경험이 제공된다.송광호 KMAC 가치혁신그룹장은 “올해 컨퍼런스는 AI 전환, 고객경험 혁신, 지속가능경영 등 기업들이 당면한 핵심 과제에 대한 실질적 솔루션을 제시하는 데 초점을 맞췄다”며 “글로벌 기업 및 전문가와의 교류를 통해 최신 글로벌 트렌드와 국제적 시각 기반 인사이트를 제공할 것”이라고 말했다.컨퍼런스 참가비 및 신청 방법 등 자세한 사항은 Asia CSCON 공식 홈페이지를 통해 확인할 수 있다."
https://n.news.naver.com/mnews/article/243/0000086631?sid=101,2025-10-20 14:42:13,경제,"하이스트레인저, 2025 스타트업콘 LG U+ 특별상 수상","AI 기반 감정분석 솔루션 기업 하이스트레인저(HiStranger)가 ‘2025 스타트업콘 배틀필드’에서 LG U+ 특별상을 수상했다.이번 행사는 문화체육관광부가 주최하고 한국콘텐츠진흥원이 주관한 국내 최대 규모의 콘텐츠 스타트업 전문 행사로, 지난 9월 25~26일 서울 성수동 피치스 도원에서 열렸다.‘스타트업콘’은 글로벌 투자사와 주요 ICT·콘텐츠 기업이 참여하는 교류의 장으로, 매년 유망 스타트업의 혁신 기술과 비즈니스 모델을 조명한다. 올해 배틀필드 결선에는 7개 기업이 진출했으며, 하이스트레인저는 이 무대에서 바이오 시그널 기반 Emotion AI 분석 솔루션 ‘인사이트플로우(Insight Flow)’를 선보였다.‘인사이트플로우’는 시청자의 얼굴 표정, 생체신호(PPG·EEG), 설문 데이터를 멀티모달 방식으로 분석해 콘텐츠에 대한 감정 반응과 몰입도를 정량화하는 Emotion AI 솔루션이다.해당 기술은 방송·광고·OTT 등 다양한 영상 콘텐츠의 기획, 편집, 마케팅 과정에 활용할 수 있으며, 최근에는 게임과 커머스 산업까지 적용 범위를 확장하고 있다.하이스트레인저는 문화체육관광부와 한국콘텐츠진흥원의 지원을 받아 와이앤아처가 운영하는 ‘2025 콘텐츠 액셀러레이팅(에스테텍 프로그램 시즌6)’에 선정된 기업으로, 이번 특별상 수상을 계기로 LG U+와 함께 POC(Proof of Concept, 개념검증)를 추진할 예정이다.김동국 하이스트레인저 대표는 “기존의 정성적 평가 중심 콘텐츠 기획 방식을 넘어, 데이터 기반으로 시청자 감정 반응을 해석할 수 있는 새로운 기준을 제시하고자 한다”며 “앞으로 Emotion AI 콘텐츠 분석 기술을 더욱 고도화해 콘텐츠 제작 시장에서 경쟁력을 입증하겠다”고 말했다."
https://n.news.naver.com/mnews/article/031/0000973273?sid=105,2025-10-20 15:33:09,IT/과학,"LGU+ 고객앱, 'U+One'으로 새단장⋯복잡·불편함 줄였다","앱 메인 화면에 MY·혜택·스토어·플러스·AI 검색 메뉴 도입LG유플러스(대표 홍범식)가 공식 고객 앱을 새롭게 단장한다. 기존 앱인 '당신의 U+'를 'U+one'(유플러스원)으로 리브랜딩하며 디지털 서비스 경험 전반의 편의성을 강화한다.U+One 로고 이미지.새 앱은 오는 27일 정식 출시된다. 앱 이름과 아이콘이 바뀌고 복잡했던 UI·UX를 단순화했다. 이용 중인 기존 앱은 자동 업데이트되며, 앱스토어에서 직접 수동 업데이트도 가능하다. 회원 정보나 멤버십 등급은 그대로 유지된다.메인 화면도 전면 개편된다. 요금·이용 내역을 한눈에 확인할 수 있는 'MY', 혜택·쿠폰을 모은 '혜택', 개인 맞춤형 상품 추천 서비스인 '스토어', 취향 기반 맞춤형 정보를 제공하는 '플러스', 대화형 AI 검색 기능인 'AI 검색' 등 5개 메뉴가 새롭게 구성된다.차별화 포인트는 앱 내 AI 검색 기능 도입이다. 기존 단순 검색을 넘어 자연어 기반 대화형 검색 기능을 도입하면서 요금제 변경, 혜택 조회, 문제 해결까지 이용자가 말로 쉽게 처리할 수 있는 앱 환경을 구현했다.이번 개편은 슈퍼앱 경쟁이 치열해지는 시장 흐름과 맞닿아 있다. 최근 통신사들은 요금 조회나 포인트 적립뿐 아니라 콘텐츠 구독, 쇼핑, AI 챗봇 등 다중 기능을 한데 모은 통합 플랫폼 전략을 강화하고 있다.U+one을 통해 고객 생활 전반의 디지털 터치포인트를 하나로 묶는 기반을 마련한 셈이다. LG유플러스는 향후 AI 기능 고도화와 함께 데이터 기반 개인화 서비스로 확장할 계획이다.LG유플러스 관계자는 ""앞으로도 고객 의견을 소중히 반영하고, 더 나은 디지털 경험을 제공할 수 있도록 최선을 다하겠다""고 말했다.한편, 이날 LG유플러스는 개인 맞춤형 기능을 추가한 익시오(ixi-O) 2.0을 공개했다. 단순 기록이나 반복 업무를 넘어 사용자의 맥락을 이해하고 답변을 제공하는 AI를 활용해 사용자 편의성을 대폭 강화한 것이 특징이다."
https://n.news.naver.com/mnews/article/014/0005421841?sid=105,2025-10-20 17:01:13,IT/과학,"LGU+, 보안 투자 87%·인력 150% ↑... 경력직 추가 채용","지난 7월 29일 LG유플러스 용산 사옥에서 열린 보안 전략 간담회에서 홍관희 정보보안센터장(전무)이 발표하는 모습. LG유플러스 제공[파이낸셜뉴스] LG유플러스가 보안 기술 투자와 인력을 대폭 늘리며 보안 체계를 강화하고 있는 것으로 나타났다. 20일 한국인터넷진흥원(KISA) 정보보호 공시에 따르면 LG유플러스의 정보보호 부문 투자액은 2022년 442억3519만원에서 2024년 828억3164만원으로 87.25% 증가했다. 같은 기간 KT(20.83%)와 SK텔레콤(18.53%) 투자액은 각각 20.83%, 18.53% 상승해 LG유플러스가 가장 큰 증가폭을 보였다. 정보보호 부문 자산에는 보안 USB·접근제어 시스템 등 보안 제품과 비상 상황에 따른 서비스 중단 시 가동되는 재해복구 시스템이 포함된다.LG유플러스는 정보보호 인력도 꾸준히 충원한 것으로 나타났다. 내·외부 합산 보안 인력은 2022년 대비 2024년 149.7% 증가해 10% 안팎인 타사 대비 높은 증원율을 기록했다. 2024년 기준 인력수도 통신 3사 가운데 가장 많은 292.9명에 달했다.LG유플러스는 지난 2023년 대표이사 직속 보안조직 '정보보안센터'를 신설했다. C레벨급 센터장으로 영입된 홍관희 전무 산하에 △최신 보안 기술 적용과 침해사고 예방 및 대응을 맡는 '정보보안 기술 담당'과 △개인정보를 관리·감독하는 '개인정보 보호 담당'을 뒀다. LG유플러스는 조직 강화를 위해 지난 16일 정보보안센터 추가 채용에 착수했다. 이번 모집 대상은 △제로트러스트 기반 보안 모델을 설계하고 클라우드 보안 거버넌스 체계를 수립하는 '보안솔루션 구축·운영 엔지니어'와 △사이버 보안 위협을 실시간 탐지하며 통합 보안 모니터링 관제를 담당하는 '서비스·인프라 보안 엔지니어'다. 여기에 엔드포인트·서버 보안 시스템을 운영할 인력과 보이스피싱 차단 대응 업무를 맡을 실무 직원도 계약직 형태로 뽑는다. LG유플러스 관계자는 ""이번 채용은 보안 사고 예방과 사후 대응 역량을 모두 강화해 보안 전 주기를 아우르는 조직 체계를 갖추겠다는 전략""이라고 설명했다. 한편 LG유플러스는 지난 7월 '보안 퍼스트' 전략을 발표하며 보안 거버넌스·예방·대응 등 3대 보안 체계와 보이스피싱·스미싱 예방 패키치 구축을 완성하겠다고 약속한 바 있다. 특히 제로트러스트 구축을 중심으로 향후 5년간 7000억원을 투자할 방침이다."
https://n.news.naver.com/mnews/article/020/0003668414?sid=101,2025-10-20 17:08:15,경제,“친구가 무슨 선물 받고 싶어했지?”…LGU+ ‘익시오 2.0’이 통화내용 찾아 알려준다,"LG유플러스가 인공지능(AI) 검색과 요약 등 신기능을 추가한 에이전트(비서) 서비스 ‘익시오 2.0’을 20일 공개했다. 통화 녹음과 보이스피싱 등 위·변조 목소리 탐지를 지원했던 1.0 버전에서 AI 스스로 통화 내용을 검색해 정보를 제공하는 개인 맞춤형 비서 서비스로 진화한 것이다.익시오 2.0에는 ‘AI 대화 검색’과 ‘AI 스마트 요약’, ‘디스커버 2.0’ 기능이 추가됐다. AI 대화 검색은 기존 통화에서 기억나지 않는 내용을 직접 찾을 필요 없이 AI에게 질문해 답변을 받을 수 있는 기능이다. 가령 ‘지난주에 이 친구가 생일 선물로 뭘 받고 싶다고 했지?’라고 질문하면 AI가 통화 내용 속에서 답변을 찾아준다. ‘엄마와 언제 만나기로 했지?’라고 물어보면 알아서 지난 통화내역을 찾아 알려준다. 통화 내용을 기반으로 대화 방식, 대화 속 감정 등을 분석해 긍정적 관계 형성에 도움이 될 수 있는 맞춤형 인사이트도 답변으로 제공한다.AI 스마트 요약은 통화 내용을 자동으로 정리하는 기능이다. 통화 1건을 △메모 △토론 △문의 △할 일 △영업 △부동산 중개 등 6개 종류로 정리할 수 있다. 영업과 부동산 중개 관련 통화 정리 기능은 해당 업종 종사자라면 업무용으로도 유용하게 쓸 수 있다. 요약된 통화 내용은 간단하게 수정하거나 복사, 공유할 수 있다.‘익시오 2.0’ AI 대화 검색 기능 화면 (LGU+ 제공)디스커버 2.0은 통화와 문자 데이터를 분석해 고객에게 필요한 AI 기능을 추천하는 안내 페이지다. 사용 패턴에 따른 AI 통화 내용 정리, 문자메시지 분석을 통한 일정 관리, 통화에서 언급된 장소 검색 등 AI가 추천하는 필요 정보를 한눈에 확인할 수 있다. 통화와 문자에서 언급된 건강검진이나 가족 모임 등 일정을 알려주는 식이다.안드로이드 버전에는 문자나 카카오톡 메시지에 포함된 피싱 위험 인터넷주소(URL)로 접속할 때 주의 알림을 해 주는 ‘위험 URL 탐지’와 문자로 받은 쿠폰이나 예약 일정을 알아서 감지하고 날짜가 가까워지면 알림을 제공하는 ‘AI 문자 리마인더’가 추가됐다. 아이폰용 ‘iOS’ 버전에도 순차적으로 지원될 예정이다."
https://n.news.naver.com/mnews/article/003/0013546330?sid=105,2025-10-20 17:30:00,IT/과학,"'보안 리스크'에 출렁이는 휴대전화 시장…SKT, 5개월 만 가입자 반등 vs KT·LGU+ 감소","SKT, 4월 해킹 사고 발표 이후 79만명 빠졌다 8월 9만명 늘어KT·LGU+ 각각 9000여명·1.2만명 줄어…SKT 특수 끝난 듯KT 보안사고 변수 부상…대규모 가입자 이탈 재연여부 주목[서울=뉴시스][서울=뉴시스] 심지혜 기자 = 지난 4월 유심 해킹 사고로 대규모 가입자 이탈을 겪었던 SK텔레콤이 8월 들어 순증세로 돌아서며 반등에 성공했다. 반면 그동안 SK텔레콤 위기 속에서 수혜를 누렸던 KT와 LG유플러스는 순감으로 돌아서며 희비가 엇갈렸다.20일 과학기술정보통신부의 무선통신서비스 가입 현황에 따르면 SK텔레콤의 8월 휴대폰 회선수는 2240만5998명으로 전월 대비 9만2898명 증가했다. 지난 4월부터 7월까지 4개월 연속 순감세를 이어가던 SK텔레콤이 5개월 만에 가입자 증가세로 반전한 것이다.SKT 반등 vs KT·LGU+ 순감…""해킹 악재 희비"""
https://n.news.naver.com/mnews/article/014/0005421881?sid=105,2025-10-20 18:09:14,IT/과학,정보보호 기술·인력 대폭 투자… 보안 힘쏟는 LGU+,"이통3사 중 투자 증가폭 '최고'LG유플러스가 보안 기술 투자와 인력을 대폭 늘리며 보안 체계를 강화하고 있는 것으로 나타났다. 20일 한국인터넷진흥원(KISA) 정보보호 공시에 따르면 LG유플러스의 정보보호 부문 투자액은 2022년 442억3519만원에서 2024년 828억3164만원으로 87.25% 증가했다. 같은 기간 KT(20.83%)와 SK텔레콤(18.53%) 투자액은 각각 20.83%, 18.53% 상승해 LG유플러스가 가장 큰 증가폭을 보였다. 정보보호 부문 자산에는 보안 USB·접근제어 시스템 등 보안 제품과 비상 상황에 따른 서비스 중단 시 가동되는 재해복구 시스템이 포함된다.LG유플러스는 정보보호 인력도 꾸준히 충원한 것으로 나타났다. 내·외부 합산 보안 인력은 2022년 대비 2024년 149.7% 증가해 10% 안팎인 타사 대비 높은 증원율을 기록했다. 2024년 기준 인력수도 통신 3사 가운데 가장 많은 292.9명에 달했다.LG유플러스는 지난 2023년 대표이사 직속 보안조직 '정보보안센터'를 신설했다. C레벨급 센터장으로 영입된 홍관희 전무 산하에 △최신 보안 기술 적용과 침해사고 예방 및 대응을 맡는 '정보보안 기술 담당'과 △개인정보를 관리·감독하는 '개인정보 보호 담당'을 뒀다. LG유플러스는 조직 강화를 위해 지난 16일 정보보안센터 추가 채용에 착수했다. 이번 모집 대상은 △제로트러스트 기반 보안 모델을 설계하고 클라우드 보안 거버넌스 체계를 수립하는 '보안솔루션 구축·운영 엔지니어'와 △사이버 보안 위협을 실시간 탐지하며 통합 보안 모니터링 관제를 담당하는 '서비스·인프라 보안 엔지니어'다. 여기에 엔드포인트·서버 보안 시스템을 운영할 인력과 보이스피싱 차단 대응 업무를 맡을 실무 직원도 계약직 형태로 뽑는다. LG유플러스 관계자는 ""이번 채용은 보안 사고 예방과 사후 대응 역량을 모두 강화해 보안 전 주기를 아우르는 조직 체계를 갖추겠다는 전략""이라고 설명했다.한편 LG유플러스는 지난 7월 '보안 퍼스트' 전략을 발표하며 보안 거버넌스·예방·대응 등 3대 보안 체계와 보이스피싱·스미싱 예방 패키치 구축을 완성하겠다고 약속한 바 있다."
https://n.news.naver.com/mnews/article/001/0015689940?sid=105,2025-10-20 18:17:31,IT/과학,LG유플러스도 해킹 의혹 일자 서버 폐기 의혹,"최민희 ""당국, 해킹 내용 전달한 뒤 서버 OS 재설치해 흔적 지워""LG유플러스 ""사이버 침해 없었다…포렌식용 자료 제출""LG유플러스[촬영 안 철 수] 2025.1.21(서울=연합뉴스) 조성미 기자 = LG유플러스가 서버 계정 권한 관리 시스템(APPM)이 사이버 침해를 당한 것으로 지목되자 서버 운영체제(OS) 업데이트를 실시해 관련 흔적을 지우려 했다는 의혹이 제기됐다.20일 국회 과학기술정보방송통신위원회 최민희 위원장에 따르면 지난 7월 18일 익명의 화이트해커가 KT와 LG유플러스에서 서버 해킹이 있었다는 제보를 전달한 직후 한국인터넷진흥원(KISA)은 두 회사에 내용을 통보하고 자체 점검을 요구했다.이어 약 한 달 뒤인 8월 11일 과학기술정보통신부가 LG유플러스에 자체 조사 결과를 제출하라고 요구했고 다음 날 이 회사는 APPM과 관련되는 서버 OS를 업데이트했다.최 위원장은 ""OS 업데이트는 기존 서버에 덮어씌우는 방식이어서 포렌식 분석을 매우 어렵거나 사실상 불가능하게 하는 데이터 삭제나 다름없다""고 비판했다.관리 시스템인 APPM 내에는 8천900여개 서버가 존재하며 이 가운데 이용자 개인정보 보호와 관련된 서버가 있는지는 확인되지 않았다.APPM 소스 코드와 데이터베이스가 유출되면서 이 회사 및 협력사 직원 167명 실명, ID 등과 계정 4만2천526개 정보가 유출된 것으로 파악됐다. 또, 해커가 지난 4월 16일까지 정보에 접근한 기록이 남아있다.8월 13일 LG유플러스는 과기정통부에 '침해사고 흔적 없음'으로 통보했지만 과기정통부와 KISA는 같은 달 22일 KT, LG유플러스가 사이버 침해를 당했다고 잠정 결론 내렸다.LG유플러스는 지난달 KISA에 서버를 이중화한 '스탠바이 서버' 이미지 자료를 제출했다.하지만, 최 위원장은 OS 업데이트 이후 자료여서 이전 데이터 기록이 포함되지 않았다고 지적했다.최 위원장은 ""최근 과기정통부는 KISA에 LGU+ 서버 폐기 등 관련 보고서 작성을 지시했고 현장 조사에서 서버 폐기 등 정황을 발견했다""며 ""국가정보원은 지난 8월 이미 KT, LGU+ 해킹 관련 보고를 정보위원회 양당 간사실에 직접 보고했다""고 덧붙였다.최 위원장에 따르면 과기정통부는 LG유플러스에 대해 자료 폐기 의혹 등으로 수사 의뢰를 검토 중이다.LG유플러스 관계자는 ""APPM 서버 업데이트 진행 이전과 이후에 각각 서버의 이미지를 KISA에 포렌식을 위해 제출했고 향후 해당 사항에 대해 투명하게 밝힐 수 있도록 현재 진행 중인 조사에 성실히 임하겠다""고 말했다.csm@yna.co.kr"
https://n.news.naver.com/mnews/article/003/0013546438?sid=105,2025-10-20 18:41:46,IT/과학,"LGU+, 해킹 의혹 서버 폐기 지적에…""전후 데이터 복사본 제출""","과기정통부 해킹 제보 확인 이후 자체점검…""침해 없다"" 통보취약점 발견, 보완 위해 재설치…""KISA 조사에 성실히 밈할 것""[서울=뉴시스] 이윤청 기자 = LGU+ 사옥. 2020.05.11. radiohead@newsis.com[서울=뉴시스] 심지혜 기자 = LG유플러스가 해킹 의혹이 제기된 서버를 재설치하기 전후로 데이터 복사본을 확보해 한국인터넷진흥원(KISA)에 제출했다고 20일 밝혔다. 서버 운영체제(OS) 재설치 시 기존 데이터가 덮여 포렌식 등 정밀 분석이 사실상 불가능해지는데, 회사 측은 이를 사전에 대비해 증거 보전 조치를 했다는 입장이다.국회 과학기술정보방송통신위원회 최민희 더불어민주당 의원(과방위원장)에 따르면 과기정통부는 지난 7월18일 LG유플러스가 해킹을 당했다는 제보를 받았다.제보 내용은 LG유플러스의 '계정 권한 관리 시스템(APPM)' 서버 정보와 4만여 개의 계정 등이 유출됐다는 내용으로 미국 보안 전문지 '프랙'도 지난 8월 이같은 내용을 보도했다.과기정통부는 제보를 받은 다음 날인 7월19일 LG유플러스에 관련 내용을 전달하고 자체점검을 요청했다. 이후 LG유플러스는 8월13일 ""침해사고 흔적이 없다""고 통보했다.최 의원실에 따르면 LG유플러스는 과기정통부에 보고하기 하루 전날 해킹 의혹이 제기된 APPM 서버의 OS를 재설치했다. 통상 서버 운영체제를 재설치하면 기존 데이터가 덮여 포렌식 등 정밀 분석이 매우 어렵거나 사실상 불가능해진다.APRM 서버는 통신사 서비스 이용에 필요한 각종 인증을 통합 관리하는 프로그램으로, LG유플러스는 이를 통해 8900여 개의 서버를 관리해 온 것으로 파악된다.이와 관련, LG유플러스는 의혹 제기 가능성을 대비해 서버 재설치 데이터를 모두 확보했다고 해명했다.LG유플러스 측은 ""서버 업데이트 진행 이전과 이후에 각각 서버의 이미징을 떠서 한국인터넷진흥원(KISA)에 제출했다""며 ""향후 해당 상황에 대해 투명하게 밝힐 수 있도록 현재 진행 중인 과기정통부와 KISA 조사에 성실히 임하겠다""고 말했다．"
https://n.news.naver.com/mnews/article/056/0012050060?sid=105,2025-10-20 18:47:36,IT/과학,"LG유플러스, ‘사이버 침해’ 제보 받고 OS 업데이트…‘자료 삭제’ 의혹","LG유플러스가 서버 해킹 제보를 받은 뒤 관련 서버 운영체제(OS)를 업데이트한 것으로 나타나 침해 흔적을 고의로 지우려 한 게 아니냐는 의혹이 제기됐습니다.국회 과학기술정보방송통신위원회 최민희 위원장에 따르면, 한국인터넷진흥원(KISA)은 지난 7월 18일 KT와 LG유플러스에서 서버 해킹이 있었다는 익명 제보를 받고, 두 회사에 자체 점검을 요구했습니다.이후 8월 11일 과학기술정보통신부가 LG유플러스에 자체 조사 결과를 제출하라고 요구하자, LG유플러스는 다음 날 서버 계정 권한 관리 시스템(APPM) 관련 서버 OS를 업데이트한 것으로 드러났습니다.OS를 업데이트하면, 사실상 기존 서버 데이터가 덮어씌워지면서 해킹 여부를 판별하는 포렌식 분석이 매우 어려워진다고 최 위원장은 지적했습니다.관리 시스템인 APPM 내에는 8천 900개가 넘는 서버가 존재하며, 이 가운데 APPM 소스 코드와 데이터베이스가 유출된 것으로 알려졌습니다.현재까지 파악된 유출 정보는 엘지유플러스 본사 및 협력사 직원 167명의 실명과 ID, 계정 4만 2천여 개 등입니다.최 위원장은 ""최근 과기정통부가 KISA에 LG유플러스 서버 폐기 등에 대한 보고서 작성을 지시했고, 현장 조사에서 서버 폐기 등의 정황을 발견했다""며, ""국가정보원은 지난 8월 이미 KT, LGU+ 해킹 관련 보고를 정보위원회 양당 간사실에 직접 보고했다""고 덧붙였습니다.LG유플러스 관계자는 ""APPM 서버 업데이트 진행 이전과 이후 서버 이미지를 각각 KISA에 제출했다""며, ""해당 상황에 대해 투명하게 밝힐 수 있도록 현재 진행 중인 과기부와 KISA 조사에 성실히 임하겠다""고 말했습니다.[사진 출처 : 연합뉴스 / LG유플러스 제공]■ 제보하기▷ 전화 : 02-781-1234, 4444▷ 이메일 : kbs1234@kbs.co.kr▷ 카카오톡 : 'KBS제보' 검색, 채널 추가▷ 네이버, 유튜브에서 KBS뉴스를 구독해주세요!"
https://n.news.naver.com/mnews/article/215/0001227692?sid=004,2025-10-20 19:48:23,,"LG유플러스, 해킹 정황 서버 '무단 폐기' 의혹","LG유플러스가 해킹 정황이 있는 서버를 무단으로 폐기했다는 의혹이 제기됐다.20일 최민희 국회 과학기술정보방송통신위원회 위원장에 따르면 지난 7월 18일 익명의 화이트해커가 KT와 LG유플러스에서 서버 해킹이 있었다는 제보를 전달한 직후 한국인터넷진흥원(KISA)은 두 회사에 내용을 통보하고 자체 점검을 요구했다.약 한 달 뒤인 8월 11일 과학기술정보통신부가 LG유플러스에 자체 조사 결과를 제출하라고 요구했다.하지만 LG유플러스는 다음날 서버 계정 권한 관리 시스템(APPM)과 관련되는 서버 운영체제(OS)를 업데이트했다.최 위원장은 ""OS 업데이트는 기존 서버에 덮어씌우는 방식이어서 포렌식 분석을 매우 어렵거나 사실상 불가능하게 하는 데이터 삭제나 다름없다""고 비판했다.관리 시스템인 APPM 내에는 8,900여 개 서버가 존재하는데, 이 중 이용자 개인정보 보호와 관련된 서버가 있는지는 확인되지 않았다.APPM 소스 코드와 데이터베이스가 유출되면서 이 회사와 협력사 직원 167명 실명, ID 등과 계정 4만 2,526개 정보가 유출된 것으로 파악됐다.또한, 해커가 지난 4월 16일까지 정보에 접근한 기록도 남아있다.지난 8월 13일 LG유플러스는 과기정통부에 '침해사고 흔적 없음'으로 통보했지만, 과기정통부와 KISA는 같은 달 22일 KT와 LG유플러스가 사이버 침해를 당했다고 잠정 결론 내렸다.LG유플러스는 지난달 KISA에 서버를 이중화한 '스탠바이 서버' 이미지 자료를 제출했다.다만, 최 위원장은 OS 업데이트 이후 자료여서 이전 데이터 기록이 포함되지 않았다고 지적했다.최 위원장은 ""최근 과기정통부는 KISA에 LGU+ 서버 폐기 등 관련 보고서 작성을 지시했고, 현장 조사에서 서버 폐기 등 정황을 발견했다""며 ""국가정보원은 지난 8월 이미 KT, LGU+ 해킹 관련 보고를 정보위원회 양당 간사실에 직접 보고했다""고 덧붙였다.최 위원장에 따르면 과기정통부는 LG유플러스에 대해 자료 폐기 의혹 등으로 수사 의뢰를 검토 중이다.LG유플러스 관계자는 ""APPM 서버 업데이트 진행 이전과 이후에 각각 서버의 이미지를 KISA에 포렌식을 위해 제출했다""며 ""해당 사항에 대해 투명하게 밝힐 수 있도록 현재 진행 중인 조사에 성실히 임하겠다""고 말했다."
https://n.news.naver.com/mnews/article/029/0002988199?sid=105,2025-10-20 19:51:53,IT/과학,"최민희 “LG유플러스, 해킹 흔적 지우려 서버 OS 업뎃 의혹”","“당국, 해킹 내용 전달한 뒤 서버 OS 재설치해 흔적 지워”LG유플러스 “사이버 침해 없었다…포렌식용 자료 제출”서울 용산의 LG유플러스 사옥 젼경. LG유플러스 제공LG유플러스가 서버 계정 권한 관리 시스템(APPM)이 사이버 침해를 당한 것으로 지목되자 서버 운영체제(OS)를 업데이트해 관련 흔적을 지우려 했다는 의혹이 최민희 국회 과학기술정보방송통신위원장으로부터 제기됐다.20일 최 위원장에 따르면 지난 7월 18일 익명의 화이트해커가 KT와 LG유플러스에서 서버 해킹이 있었다는 제보를 전달한 직후 한국인터넷진흥원(KISA)은 두 회사에 내용을 통보하고 자체 점검을 요구했다.이어 약 한 달 뒤인 8월 11일 과학기술정보통신부가 LG유플러스에 자체 조사 결과를 제출하라고 요구했고 다음 날 이 회사는 APPM과 관련되는 서버 OS를 업데이트했다.최 위원장은 “OS 업데이트는 기존 서버에 덮어씌우는 방식이어서 포렌식 분석을 매우 어렵거나 사실상 불가능하게 하는 데이터 삭제나 다름없다”고 비판했다.관리 시스템인 APPM 내에는 8900여개 서버가 존재하며 이 가운데 이용자 개인정보 보호와 관련된 서버가 있는지는 확인되지 않았다.APPM 소스 코드와 데이터베이스가 유출되면서 이 회사 및 협력사 직원 167명 실명, ID 등과 계정 4만2천526개 정보가 유출된 것으로 파악됐다. 또, 해커가 지난 4월 16일까지 정보에 접근한 기록이 남아있다.8월 13일 LG유플러스는 과기정통부에 ‘침해사고 흔적 없음’으로 통보했지만 과기정통부와 KISA는 같은 달 22일 KT, LG유플러스가 사이버 침해를 당했다고 잠정 결론 내렸다.LG유플러스는 지난달 KISA에 서버를 이중화한 ‘스탠바이 서버’ 이미지 자료를 제출했다.하지만, 최 위원장은 OS 업데이트 이후 자료여서 이전 데이터 기록이 포함되지 않았다고 지적했다.최 위원장은 “최근 과기정통부는 KISA에 LGU+ 서버 폐기 등 관련 보고서 작성을 지시했고 현장 조사에서 서버 폐기 등 정황을 발견했다”며 “국가정보원은 지난 8월 이미 KT, LGU+ 해킹 관련 보고를 정보위원회 양당 간사실에 직접 보고했다”고 덧붙였다.최 위원장에 따르면 과기정통부는 LG유플러스에 대해 자료 폐기 의혹 등으로 수사 의뢰를 검토 중이다.LG유플러스 관계자는 “APPM 서버 업데이트 진행 이전과 이후에 각각 서버의 이미지를 KISA에 포렌식을 위해 제출했고 향후 해당 사항에 대해 투명하게 밝힐 수 있도록 현재 진행 중인 조사에 성실히 임하겠다”고 말했다."
https://n.news.naver.com/mnews/article/030/0003360824?sid=105,2025-10-20 20:49:09,IT/과학,KT에 이어 LG유플러스도…해킹 의혹 일자 서버 폐기 의혹,"LG유플러스 사옥.KT에 이어 LG유플러스도 해킹 흔적을 지우려 했다는 의혹이 제기됐다. 서버 계정 권한 관리 시스템(APPM)이 사이버 침해를 당한 것으로 지목되자 서버 운영체계(OS)를 업데이트한 것이다.20일 국회 과학기술정보방송통신위원회 최민희 위원장에 따르면, 지난 7월 18일 익명의 화이트해커가 KT와 LG유플러스에서 서버 해킹이 있었다는 제보를 전달한 직후 한국인터넷진흥원(KISA)은 두 회사에 내용을 통보하고 자체 점검을 요구했다.이어 약 한 달 뒤인 8월 11일 과학기술정보통신부가 LG유플러스에 자체 조사 결과를 제출하라고 요구했고 다음 날 이 회사는 APPM과 관련되는 서버 OS를 업데이트했다.최 위원장은 “OS 업데이트는 기존 서버에 덮어씌우는 방식이어서 포렌식 분석을 매우 어렵거나 사실상 불가능하게 하는 데이터 삭제나 다름없다”고 비판했다.관리 시스템인 APPM 내에는 8900여개 서버가 존재하며 이 가운데 이용자 개인정보 보호와 관련된 서버가 있는지는 확인되지 않았다.APPM 소스 코드와 데이터베이스가 유출되면서 이 회사 및 협력사 직원 167명 실명, 아이디(ID) 등과 계정 4만2526개 정보가 유출된 것으로 파악됐다. 또, 해커가 지난 4월 16일까지 정보에 접근한 기록이 남아있다.8월 13일 LG유플러스는 과기정통부에 '침해사고 흔적 없음'으로 통보했지만 과기정통부와 KISA는 같은 달 22일 KT, LG유플러스가 사이버 침해를 당했다고 잠정 결론 내렸다.LG유플러스는 지난달 KISA에 서버를 이중화한 '스탠바이 서버' 이미지 자료를 제출했으나, 최 위원장은 OS 업데이트 이후 자료여서 이전 데이터 기록이 포함되지 않았다고 지적했다.최 위원장은 “최근 과기정통부는 KISA에 LGU+ 서버 폐기 등 관련 보고서 작성을 지시했고 현장 조사에서 서버 폐기 등 정황을 발견했다”며 “국가정보원은 지난 8월 이미 KT, LGU+ 해킹 관련 보고를 정보위원회 양당 간사실에 직접 보고했다”고 덧붙였다.최 위원장에 따르면 과기정통부는 LG유플러스에 대해 자료 폐기 의혹 등으로 수사 의뢰를 검토 중이다.LG유플러스 관계자는 “APPM 서버 업데이트 진행 이전과 이후에 각각 서버의 이미지를 KISA에 포렌식을 위해 제출했고 향후 해당 사항에 대해 투명하게 밝힐 수 있도록 현재 진행 중인 조사에 성실히 임하겠다”고 말했다."
https://n.news.naver.com/mnews/article/018/0006142791?sid=105,2025-10-21 00:34:06,IT/과학,LG U+가 ‘해킹 서버 은폐 의혹’ 휘말린 이유…서버 2대 시점 달랐다,"""동기화된 서버라 동일"" 설명하지만액티브·스탠바이 서버, 포렌식용 이미지 생성 시점 달라조사 요청 직후 OS 재설치는 오해 불가피LG유플러스 ""조사에 성실히 임하겠다""[이데일리 김현아 기자] LG유플러스가 지난 8월 서버 계정 권한 관리 시스템(APPM)이 해킹된 것으로 지목되자, 해당 서버의 운영체제(OS)를 업데이트하며 관련 흔적을 지우려 했다는 의혹이 제기됐다. 해킹 의심 서버에 OS를 재설치해 포렌식 분석을 어렵게 만들려 했던 것 아니냐는 지적이다.LG유플러스는 이 같은 오해를 해소하기 위해 포렌식용 이미지 자료를 제출했지만, 액티브(Active) 서버와 스탠바이(Standby) 서버의 이미지 생성 시점이 달라 의혹은 완전히 해소되지 않았다. 액티브 서버는 실제 서비스를 운영 중인 메인 서버이며, 스탠바이 서버는 장애 발생 시를 대비해 대기하는 백업 서버다.해킹 제보 후 조사 요청 → OS 재설치 → “침해 흔적 없음” 보고국회 과학기술정보방송통신위원회 최민희 위원장에 따르면, 지난 7월 18일 화이트해커가 KT와 LG유플러스의 해킹 정황을 제보했다.이후 한국인터넷진흥원(KISA)은 두 통신사에 자체 점검을 요청했고, 과학기술정보통신부는 8월 11일 LG유플러스에 공식 점검 결과 제출을 요구했다.하지만 LG유플러스는 요청 다음 날인 8월 12일 APPM 서버의 운영체제를 재설치한 뒤, 8월 13일 “침해 흔적 없음”이라는 결과를 보고했다.이에 대해 최 위원장은 “OS 재설치는 서버 기록을 덮어써 포렌식 분석을 어렵게 만드는 조치”라며 의도적 증거 삭제 가능성을 제기했다.앞서 이데일리는 8월 10일 미국 보안전문잡지 ‘프랙(Phrack)’ 40주년 기념호를 인용해 “LG유플러스의 경우 보안 솔루션 제공업체가 해킹당한 뒤 내부 침입이 이뤄진 것으로 알려졌다”고 보도했다. 당시 LG유플러스는 “어떠한 침해 흔적도 없었으며 모든 서버의 패스워드를 변경했다”고 밝힌 바 있다.김휘강 고려대 정보보호대학원 교수가 8월 22일 고려대학교 안암캠퍼스 정운오 IT교양관에서 열린 ‘김수키 추정 해커그룹 해킹 분석 보고회’에서 발표하고 있다. 분석 결과 LG유플러스에서는 내부망 침투 흔적이 식별됐으며, KT의 경우 인증서 유출 정황이 드러났다.(사진=김아름 기자)“이미지 생성 시점 달라”…OS 재설치 이후 자료 제출 논란하지만, 고려대 정보보호대학원, 과기정통부, KISA는 이후 LG유플러스가 해킹당한 것으로 잠정 결론을 내렸다.조사 과정에서 LG유플러스는 서버 계정 권한 관리 시스템(APPM)의 액티브 서버와 스탠바이 서버의 포렌식용 이미지를 제출했다.두 서버가 실시간 동기화 구조였던 만큼, 회사는 두 서버가 동일한 데이터를 가진다고 판단해 액티브 서버 이미지를 먼저 제출했다.이후 “스탠바이 서버에서도 관련 로그가 있을 수 있다”는 지적이 제기되자 추가 이미지를 제출했다.그러나 스탠바이 서버는 이미 OS 재설치 및 일부 정비가 이뤄진 상태였으며, 결국 재설치 이전 버전은 제출되지 못했다. 이로 인해 “최초 상태가 아닌 조정된 버전이 포렌식용 자료로 제출된 것 아니냐”는 의혹이 제기됐다.LG유플러스는 “두 서버가 동일하다는 전제를 기반으로 순차 제출했을 뿐 의도적 은폐는 아니다”라며 “조사 중인 사안인 만큼 성실하게 임하겠다”고 밝혔다.전문가들 “OS 재설치 후 포렌식은 오해 불가피”정보보안 전문가들은 운영체제(OS) 재설치가 사실상 ‘포맷’에 준한다는 점에서, “보안 점검 요구 직후 OS를 새로 설치하고 이를 포렌식 이미지로 제출하는 방식은 증거 은폐 논란을 피하기 어렵다”고 지적한다.해킹이 의심되는 시스템은 원본 이미지를 우선 보존한 뒤 정비하는 것이 디지털 포렌식의 원칙이기 때문이다.“또 은폐 논란”…KT·온나라시스템 사례와 겹치며 불신 확대최근 유사한 사례로 정부가 공무원 결재시스템인 온나라시스템 해킹 사실을 3개월 뒤에야 인정하고, KT 해킹 의혹 역시 입장 번복 논란을 겪은 바 있다.이번 LG유플러스 사례 역시 ‘사고 발생 → 자체 점검 명목의 데이터 정리 → 해킹 부인 → 뒤늦은 조사기관 개입’이라는 축소·은폐 논란의 흐름이 반복되는 것 아니냐는 우려가 나온다.과기정통부는 OS 재설치 시점과 자료 폐기 여부 등을 조사한 뒤 수사 의뢰 여부를 판단할 계획으로 전해졌다. 이번 사건이 단순한 절차상 오해로 마무리될지, 아니면 통신사 해킹 대응 체계 전반에 대한 신뢰 문제로 확산될지 주목된다."
https://n.news.naver.com/mnews/article/020/0003668490?sid=101,2025-10-21 03:02:34,경제,"기억 안 나는 통화내용, AI가 검색해 정보 제공","LGU+ 비서 서비스 ‘익시오 2.0’ 출시통화 분석해 메모-할일 자동 정리도LG유플러스의 인공지능(AI) 통화 앱 ‘익시오 2.0’의 AI 대화 검색 기능 화면. LG유플러스 제공LG유플러스가 인공지능(AI) 검색과 요약 등 신기능을 추가한 에이전트(비서) 서비스 ‘익시오 2.0’을 20일 공개했다. 통화 녹음과 보이스피싱 등 위·변조 목소리 탐지를 지원했던 1.0 버전에서 AI 스스로 통화 내용을 검색해 정보를 제공하는 개인 맞춤형 비서 서비스로 진화한 것이다.익시오 2.0에는 ‘AI 대화 검색’과 ‘AI 스마트 요약’, ‘디스커버 2.0’ 기능이 추가됐다. AI 대화 검색은 기존 통화에서 기억나지 않는 내용을 직접 찾을 필요 없이 AI에게 질문해 답변을 받을 수 있는 기능이다. 가령 ‘지난주에 이 친구가 생일 선물로 뭘 받고 싶다고 했지?’라고 질문하면 AI가 통화 내용 속에서 답변을 찾아준다. ‘엄마와 언제 만나기로 했지?’라고 물어보면 알아서 지난 통화내역을 찾아 알려준다. 통화 내용을 기반으로 대화 방식, 대화 속 감정 등을 분석해 긍정적 관계 형성에 도움이 될 수 있는 맞춤형 인사이트도 답변으로 제공한다.AI 스마트 요약은 통화 내용을 자동으로 정리하는 기능이다. 통화 1건을 △메모 △토론 △문의 △할 일 △영업 △부동산 중개 등 6개 종류로 정리할 수 있다. 영업과 부동산 중개 관련 통화 정리 기능은 해당 업종 종사자라면 업무용으로도 유용하게 쓸 수 있다. 요약된 통화 내용은 간단하게 수정하거나 복사, 공유할 수 있다.디스커버 2.0은 통화와 문자 데이터를 분석해 고객에게 필요한 AI 기능을 추천하는 안내 페이지다. 사용 패턴에 따른 AI 통화 내용 정리, 문자메시지 분석을 통한 일정 관리, 통화에서 언급된 장소 검색 등 AI가 추천하는 필요 정보를 한눈에 확인할 수 있다. 통화와 문자에서 언급된 건강검진이나 가족 모임 등 일정을 알려주는 식이다.안드로이드 버전에는 문자나 카카오톡 메시지에 포함된 피싱 위험 인터넷주소(URL)로 접속할 때 주의 알림을 해 주는 ‘위험 URL 탐지’와 문자로 받은 쿠폰이나 예약 일정을 알아서 감지하고 날짜가 가까워지면 알림을 제공하는 ‘AI 문자 리마인더’가 추가됐다. 아이폰용 ‘iOS’ 버전에도 순차적으로 지원될 예정이다."
https://n.news.naver.com/mnews/article/008/0005265610?sid=101,2025-10-21 04:30:00,경제,머니투데이 오프라인 헤드라인-21일,"[종합][단독]스치기만 해도, MRI 올해 적자 6000억공급책·보유세 놓고 당정조차 '엇박자'[단독]수술실 CCTV 있어도 4%만 촬영 설치 의무화 2년 '무용지물'[종합]봄·여름·갈, 겨울…하루아침에 오들오들, 패딩·핫팩 꺼냈다알았나 몰랐나…범죄 가담 고의성 쟁점IMF ""한국 1인당 GDP, 대만에 따라 잡힌다""[흔들리는 자동차보험]'쾅!' 잦은 사고에 고장난 수익구조수리비 44만원 내고 보험금 700만원 타갔다'장기치료' 타당성 입증 논란…제도, 아직 못 고쳐[종합]지방선거 얽혀 '셈법' 더 복잡…당장 '보유세 카드' 어려울듯[단독]""내집 살 마지막 기회""…2분기 2030 주담대 폭증[與 '사법개혁안' 발표]4심제 논란 '재판소원' 일단 뺐다""사법부 신뢰회복 도움"" ""하급심 재판지연 우려""[the300]李대통령 ""방산 4대 강국 도약…국방 R&D 대대적 예산 투입""與 ""이례적 속도"" 野 ""계속 진행해야""…李대통령 재판 충돌[오피니언]국민 속 자리잡은 사보험 애써 외면하는 정부수출 증대와 무역수지 흑자 집착의 이면[국제]4Q 경제도 첩첩산중…美와 갈등해결 관건가자휴전 위기…수습나선 美[산업]가격경쟁력 무기 든 삼성, '이익률 50%' TSMC 추격선대회장 '선한 영향력' 지켜가는 삼성, 올해도 어김없이 조용한 추모'R&D에 진심' 코웨이, 투자·채용 늘었다고부가 선박 수확기…조선업 실적 '순항'[금융]도수치료로 '두둑'…실손급여 왜곡 '주범'캄보디아 '검은돈' 韓 은행에 912억 예치[바이오]수술실 CCTV, 촬영도 영상확보도 어렵다휴젤, 3분기 뒷걸음질해도 올 사상최대 성적 '예약'[유니콘팩토리]반도체 불량 주범 잡는 K센서 세계 첫 '50nm 먼지'까지 포착[ICT·과학]편리한데 위법 우려 양날의 AI 해법 필요통화 듣고 지도 검색까지…초개인화 나선 LGU+ '익시오'[건설 부동산]뜨거웠던 9월…팔린 집, 절반이 '신고가'[스타뉴스]""잘생김은 내려놓고, 군인정신 미리 무장""[정책사회·문화]""유아 영어학원 사교육 조장…규제 필요""장애시스템 56% 재가동…화장장 예약, 오늘부터 정상화[사회]돈줄 타고 뿌리까지…'윗선 고리' 캐낼까""칼만 있고 고삐 없는 특검, 제도적 견제 장치 필요해""[증권]국장에 웃은 5대 증권사, 3Q 순익 32%↑무역긴장 해빙 신호…'꿈의 사천피' 눈앞"
https://n.news.naver.com/mnews/article/081/0003583714?sid=105,2025-10-21 05:03:15,IT/과학,LGU+ “지난 통화 내용까지 척척”… 초개인화 AI 비서 ‘익시오 2.0’ 출격,"대화 검색·요약, AI 기능 추천까지강력한 보안에 AI 편리성 극대화LG유플러스가 개인 맞춤형 인공지능(AI) 기능을 대폭 강화한 통화 앱 ‘익시오(ixi-O) 2.0’을 새롭게 출시하며 초개인화 AI 시대를 선도한다.20일 LG유플러스에 따르면 익시오 2.0은 단순한 기록을 넘어 통화 맥락을 이해하고 필요한 정보를 선제적으로 제공하는 ‘더 똑똑해진 AI 비서’로 거듭난 게 특징이다. 이번 업데이트를 통해 기존의 강력한 보안 기능(실시간 보이스피싱 탐지, 안티딥보이스 등)에 고객의 편리성을 극대화하는 AI 기능을 더하는 데 주력했다.익시오 2.0에 새롭게 탑재된 핵심 AI 기능은 ‘AI 대화 검색’, ‘AI 스마트 요약’, ‘디스커버 2.0’ 등이다. ‘AI 대화 검색’은 과거 통화 이력에서 궁금한 내용을 AI에게 직접 질문하고 답변받는 기능이다. 예를 들어 “지난주에 이 친구가 생일 선물로 뭘 받고 싶다고 했지”라고 질문하면, AI가 통화 내용을 기반으로 필요한 답변을 찾아주는 식이다. ‘AI 스마트 요약’은 통화 내용을 사용자의 필요에 맞게 자동으로 정리해주는 기능이며, ‘디스커버 2.0’은 통화와 문자 데이터를 분석해 고객에게 필요한 AI 기능을 추천하는 안내 페이지다.운영체제(OS)별 신규 기능도 추가됐다. 안드로이드 사용자에게는 피싱 위험 URL 탐지와 문자로 받은 쿠폰·예약 일정을 감지해 알림을 제공하는 ‘AI 문자 리마인더’가 도입됐다. iOS 버전에는 하나의 휴대전화에서 두 개의 번호를 이용할 수 있는 ‘듀얼넘버’ 기능이 탑재됐다.LG유플러스는 이번 익시오 2.0을 시작으로 서비스를 지속적으로 고도화해 익시오를 단순한 AI 통화 앱이 아닌 초개인화 AI 에이전트로 발전시켜 나갈 방침이다.KT는 이날 마이크로소프트와의 전략적 파트너십을 기반으로 국내 산업계 AX(AI 전환)를 위한 ‘KT 이노베이션 허브’를 개소했다고 밝혔다. KT 광화문 웨스트 빌딩에 약 595㎡ 규모로 마련된 KT 이노베이션 허브는 B2B(기업 대 기업) 고객이 AX 업무 혁신에 관한 전시를 관람하고 맞춤형 컨설팅까지 받을 수 있다."
https://n.news.naver.com/mnews/article/031/0000973459?sid=105,2025-10-21 07:51:09,IT/과학,"LGU+, 해킹 의혹 직후 서버 OS 덮어씌워…포렌식 방해 논란","과기정통부·KISA는 사이버 침해로 잠정 결론…자료 폐기 의혹으로 수사 의뢰 검토LG유플러스가 서버 계정 권한 관리 시스템인 'APPM'이 해킹 의심을 받자 운영체제(OS)를 업데이트해 침해 흔적을 지우려 했다는 의혹이 제기됐다.LGU+ 로고. [사진=LGU+]최민희 과방위 위원장은 익명의 화이트해커 제보 직후인 7월 18일 KISA가 KT와 LG유플러스에 통보했고 자체 점검을 요청했다고 밝혔다. 이후 과기정통부는 8월 11일 LG유플러스에 자체 조사 결과 제출을 요구했다. 그 다음 날 LG유플러스는 APPM 관련 서버의 OS를 업데이트했다.최 위원장은 ""OS 업데이트는 기존 서버에 덮어씌우는 방식이어서 포렌식 분석을 매우 어렵거나 사실상 불가능하게 하는 데이터 삭제나 다름없다""고 지적했다. APPM에는 약 8900대의 서버가 등록돼 있으며 이 가운데 개인정보를 담은 서버 존재 여부는 확인되지 않았다.APPM의 소스코드와 DB가 유출되며 LG유플러스와 협력사 직원 167명의 실명과 ID 등과 총 4만2526개의 계정 정보가 외부로 유출된 것으로 파악됐다. 해커의 접근 기록은 지난 4월 16일까지 남아 있었다.8월 13일 LG유플러스는 과기정통부에 '침해사고 흔적 없음'을 보고했다. 그러나 과기정통부와 KISA는 8월 22일에 KT와 LG유플러스가 침해를 당한 것으로 잠정 결론을 내렸다. LG유플러스는 KISA에 스탠바이 서버 이미지 자료를 제출했으나 최 위원장은 해당 자료가 OS 업데이트 이후 생성된 것이라 이전 기록을 포함하지 않는다고 밝혔다.과기정통부는 LG유플러스의 자료 폐기 정황을 파악해 수사 의뢰를 검토 중이다.LG유플러스 관계자는 ""APPM 서버 업데이트 진행 이전과 이후에 각각 서버의 이미지를 KISA에 포렌식을 위해 제출했고 향후 해당 사항에 대해 투명하게 밝힐 수 있도록 현재 진행 중인 조사에 성실히 임하겠다""고 말했다."
https://n.news.naver.com/mnews/article/003/0013546721?sid=105,2025-10-21 07:52:19,IT/과학,"[그래픽] 유심 해킹 SKT, 5개월 만 가입자 반등…KT·LGU+ 감소",[서울=뉴시스] 20일 과학기술정보통신부의 무선통신서비스 가입 현황에 따르면 SK텔레콤의 8월 휴대폰 회선수는 2240만5998명으로 전월 대비 9만2898명 증가했다. 지난 4월부터 7월까지 4개월 연속 순감세를 이어가던 SK텔레콤이 5개월 만에 가입자 증가세로 반전한 것이다. 반면 그동안 SK텔레콤 위기 속에서 수혜를 누렸던 KT와 LG유플러스는 순감으로 돌아서며 희비가 엇갈렸다. (그래픽=전진우 기자)618tue@newsis.com
https://n.news.naver.com/mnews/article/014/0005422070?sid=105,2025-10-21 08:44:16,IT/과학,"LG U+, 해킹 의혹에 서버 폐기 의혹","LG유플러스가 서버 계정 권한 관리 시스템(APPM)이 사이버 침해를 당한 것으로 지목되자 서버 운영체제(OS) 업데이트를 실시해 관련 흔적을 지우려 했다는 의혹이 나왔다.20일 국회 과학기술정보방송통신위원회 최민희 위원장에 따르면 지난 7월 18일 익명의 화이트해커가 KT와 LG유플러스에서 서버 해킹이 있었다는 제보를 전달한 뒤 한국인터넷진흥원(KISA)은 두 회사에 내용을 통보하고 자체 점검을 요구했다.이어 약 한 달 뒤인 8월 11일 과학기술정보통신부가 LG유플러스에 자체 조사 결과를 제출하라고 요구했고 다음 날 이 회사는 APPM과 관련되는 서버 OS를 업데이트했다.최 위원장은 ""OS 업데이트는 기존 서버에 덮어씌우는 방식이어서 포렌식 분석을 매우 어렵거나 사실상 불가능하게 하는 데이터 삭제나 다름없다""고 비판했다.관리 시스템인 APPM 내에는 8900여개 서버가 있으며 이 가운데 이용자 개인정보 보호와 관련된 서버가 있는지는 확인되지 않았다.APPM 소스 코드와 데이터베이스가 유출되면서 이 회사 및 협력사 직원 167명 실명, ID 등과 계정 4만2526개 정보가 유출된 것으로 파악됐다. 또 해커가 지난 4월 16일까지 정보에 접근한 기록이 남아있다.8월 13일 LG유플러스는 과기정통부에 '침해사고 흔적 없음'으로 통보했지만 과기정통부와 KISA는 같은 달 22일 KT, LG유플러스가 사이버 침해를 당했다고 잠정 결론 내렸다.LG유플러스는 지난달 KISA에 서버를 이중화한 '스탠바이 서버' 이미지 자료를 제출했다.하지만 최 위원장은 OS 업데이트 이후 자료여서 이전 데이터 기록이 포함되지 않았다고 지적했다. 과기정통부는 LG유플러스에 대해 자료 폐기 의혹 등으로 수사 의뢰를 검토 중인 것으로 알려졌다."
https://n.news.naver.com/mnews/article/008/0005265693?sid=105,2025-10-21 09:00:00,IT/과학,"LGU+, 인터넷 요금제 '너겟 라이트' 출시 ""월 6600원 저렴""","/사진=LG유플러스LG유플러스가 신규 인터넷 요금제 '너겟 라이트'를 출시했다고 21일 밝혔다.너겟 라이트는 약정기간을 기존 최대 3년에서 5년으로 확대해 월 이용료를 최대 6600원 줄이는 요금제다. IPTV뿐 아니라 유·무선 결합도 가능해 보다 합리적인 요금으로 서비스를 이용할 수 있다.너겟 라이트는 지난 3월 LG유플러스가 통신사 최초로 신혼·예비부부에 선보인 '다이렉트 신혼 프로모션 인터넷 요금제'였다. 그러나 좋은 혜택이 입소문이 나면서 고객들의 문의가 빗발쳐 전 고객 대상으로 정식 출시하게 됐다.너겟 라이트의 상품별 이용 요금은 5년 약정 및 IPTV 결합 시 △100M 상품 기존 대비 월 4400원 저렴한 2만3100원 △500M 상품 기존 대비 월 6600원 저렴한 2만7500원 △1G 상품 기존 대비 월 6600원 저렴한 3만3000원 등이다. 500M 이상 요금제를 선택한 고객에게는 안정적인 인터넷 환경을 위해 '기가 Wi-Fi' 단말기 2대가 제공된다.오인호 LG유플러스 홈사업담당(상무)은 ""너겟 라이트 요금제 정식 출시는 고객의 요청에서 시작된 요금제라 더욱 의미가 있다""며 ""고객 중심으로 고민해 홈 서비스 상품 라인업을 다양화하겠다""고 말했다."
https://n.news.naver.com/mnews/article/277/0005667153?sid=105,2025-10-21 09:00:00,IT/과학,"LGU+, 인터넷 요금제 '너겟 라이트' 정식 출시…최대 6600원 저렴","약정 5년으로 확대…기가 와이파이 2대 무료 제공G유플러스가 신규 인터넷 요금제 ‘너겟 라이트’를 출시했다고 21일 밝혔다. 사진은 LG유플러스 직원이 너겟 라이트를 소개하고 있는 모습. 사진=LG유플러스LG유플러스가 신혼부부 한정으로 운영하던 인터넷 요금제 '너겟 라이트'를 전 고객 대상으로 확대 출시했다. 합리적 요금과 결합 혜택으로 좋은 반응을 얻었던 만큼, 정식 상품으로 전환해 홈 서비스 경쟁력을 강화하겠다는 전략이다.LG유플러스는 21일 신규 인터넷 요금제 '너겟 라이트'를 정식 출시했다고 밝혔다. 이 요금제는 약정 기간을 기존 최대 3년에서 5년으로 늘려, 월 이용료를 최대 6600원 저렴하게 낮춘 것이 특징이다.상품별 요금은 ▲100M 월 2만3100원(기존 대비 4400원 인하) ▲500M 월 2만7500원(기존 대비 6600원 인하) ▲1G 월 3만3000원(기존 대비 6600원 인하)이다. 500M 이상 요금제 가입 고객에게는 '기가 Wi-Fi' 단말기 2대가 무료로 제공된다.'너겟 라이트'는 지난 3월 '다이렉트 신혼 프로모션 인터넷 요금제'로 처음 선보였던 상품이다. 신혼부부와 예비부부를 대상으로 한 한정 프로모션이었지만, 높은 혜택이 입소문을 타면서 일반 고객들의 문의가 이어졌다. 이에 LG유플러스는 고객 요청을 반영해 이용 대상을 전 고객으로 확대했다.가입 경로도 확대됐다. 기존에는 온라인 직영몰 '유플러스닷컴'에서만 가입할 수 있었으나, 이번 정식 출시 이후에는 LG유플러스 고객센터(101)를 통해서도 가입이 가능하다.오인호 LG유플러스 홈사업담당(상무)은 ""너겟 라이트는 고객의 목소리에서 시작된 요금제라는 점에서 의미가 크다""며 ""앞으로도 고객 중심 관점에서 홈 서비스 상품 라인업을 지속적으로 다양화하겠다""고 말했다."
https://n.news.naver.com/mnews/article/003/0013546833?sid=105,2025-10-21 09:00:00,IT/과학,"""약정 늘리고 요금 저렴하게""…LGU+, 인터넷 요금제 '너겟 라이트' 출시","너겟 라이트, 기존 대비 月 최대 6600원 저렴기존 신혼부부 요금제 전 고객 대상으로 확대[서울=뉴시스]박은비 기자 = LG유플러스는 신규 인터넷 요금제 '너겟 라이트'를 출시했다고 21일 밝혔다.너겟 라이트는 약정기간을 최대 3년까지 설정할 수 있었던 기존 요금제에 비해 약정 기간을 최대 5년까지 확대하면서 월 이용료를 최대 6600원 저렴하게 이용할 수 있다. 인터넷TV(IPTV) 뿐만 아니라 유·무선 결합도 가능하다.이 요금제는 지난 3월 LG유플러스가 신혼부부와 결혼 예정 부부를 대상으로 판매했던 프로모션 요금제 '다이렉트 신혼 프로모션 인터넷 요금제'다. 고객센터에 가입 대상 아닌 고객까지 문의가 이어지자 전 고객 대상으로 정식 출시했다.너겟 라이트 상품별 이용 요금은 5년 약정 및 IPTV 결합 시 ▲100M 상품(기존 대비 월 4400원 저렴한 2만3100원) ▲500M 상품(기존 대비 월 6600원 저렴한 2만7500원) ▲1G 상품(기존 대비 월 6600원 저렴한 3만3000원) 등이다. 500M 이상 요금제를 선택한 고객에게는 안정적인 인터넷 환경을 위해 기가 와이파이 단말기 2대가 제공된다.가입할 수 있는 경로도 다양해졌다. 기존 판매 당시 LG유플러스 공식 온라인 직영몰 유플러스 닷컴에서만 가입 가능했지만 이제 고객 문의가 많았던 LG유플러스 고객센터(101)에서도 가입할 수 있게 됐다.오인호 LG유플러스 홈사업담당(상무)은 ""너겟 라이트 요금제 정식 출시는 고객 요청으로 시작된 요금제라 더욱 의미가 있다""며 ""고객 중심으로 고민해 홈 서비스 상품 라인업을 다양화하도록 노력하겠다""고 말했다."
https://n.news.naver.com/mnews/article/417/0001107786?sid=105,2025-10-21 09:00:00,IT/과학,"LG U+, 인터넷 요금제 '너겟 라이트' 정식 출시","LG유플러스가 신규 인터넷 요금제 '너겟 라이트'를 선보였다. /사진=LG유플러스LG유플러스가 신규 인터넷 요금제 '너겟 라이트'를 출시했다고 21일 밝혔다.너겟 라이트는 약정기간을 최대 3년까지 설정할 수 있었던 기존 요금제에 비해 약정 기간을 최대 5년까지 확대하면서 월 이용료를 최대 6600원 저렴하게 이용할 수 있다. IPTV 뿐만 아니라 유·무선 결합도 가능해 보다 합리적인 요금으로 서비스를 이용 가능한 것이 특징이다.너겟 라이트는 지난 3월 LG유플러스가 통신사 최초로 '다이렉트 신혼 프로모션 인터넷 요금제'라는 이름으로 신혼부부 및 결혼 예정 부부 대상으로 판매했던 프로모션 요금제였다.그러나, 좋은 혜택으로 입소문이 나면서 고객센터에 가입 대상이 아닌 고객까지 문의가 있었다. 이에 LG유플러스는 고객의 요청을 적극 반영해 혜택 그대로 신혼부부 대상이 아닌 전 고객 대상으로 정식 출시하게 됐다고 밝혔다.너겟 라이트 상품별 이용 요금은 5년 약정 및 IPTV 결합 시 ▲100M 상품 기존 대비 월 4400원 저렴한 2만3100원 ▲500M 상품 기존 대비 월 6600원 저렴한 2만7500원 ▲1G 상품 기존 대비 월 6600원 저렴한 3만3000원 등이다. 500M 이상 요금제를 선택한 고객에게는 안정적인 인터넷 환경을 위해 '기가 Wi-Fi' 단말기 2대가 제공된다.정식 출시하면서 고객의 가입 경로도 더욱 다양해졌다. 기존에 판매했을 당시에는 LG유플러스 공식 온라인 직영몰인 '유플러스 닷컴'을 통해서만 가입이 가능했지만 이제는 고객의 문의가 많았던 LG유플러스 고객센터에서도 가입할 수 있게 됐다.오인호 LG유플러스 홈사업담당(상무)은 ""너겟 라이트 요금제 정식 출시는 고객의 요청에서부터 시작된 요금제라 더욱 의미가 있다""며 ""고객 중심으로 고민해 홈 서비스 상품 라인업을 다양화 하도록 노력하겠다""고 말했다."
https://n.news.naver.com/mnews/article/029/0002988236?sid=105,2025-10-21 09:11:11,IT/과학,"LGU+, 인터넷 요금제 ‘너겟 라이트’ 출시…월 최대 6600원 저렴","LG유플러스는 신규 인터넷 요금제 '너겟 라이트'를 출시했다고 21일 밝혔다. 너겟 라이트는 약정기간을 최대 3년까지 설정할 수 있었던 기존 요금제에 비해 약정 기간을 최대 5년까지 확대하면서 월 이용료를 최대 6600원 저렴하게 이용할 수 있다.인터넷TV(IPTV) 뿐만 아니라 유·무선 결합도 가능하다.너겟 라이트는 지난 3월 LG유플러스가 통신사 최초로 '다이렉트 신혼 프로모션 인터넷 요금제'라는 이름으로 신혼부부 및 결혼 예정 부부 대상으로 판매했던 프로모션 요금제였다.이후 입소문이 나면서 고객센터에 가입 대상이 아닌 고객들의 문의까지 쇄도했다.이에 LG유플러스는 고객의 요청을 반영해 혜택 그대로 샬려 신혼부부 외 전 고객 대상으로 정식 출시하게 됐다고 밝혔다.너겟 라이트의 상품별 이용 요금은 5년 약정 및 IPTV 결합 시 △100M 상품 기존 대비 월 4400원 저렴한 2만3100원 △500M 상품 기존 대비 월 6600원 저렴한 2만7500원 △1G 상품 기존 대비 월 6600원 저렴한 3만3000원 등이다. 500M 이상 요금제를 선택하면 '기가 와이파이(Wi-Fi)' 단말기 2대가 제공된다.오인호 LG유플러스 홈사업담당(상무)은 ""고객 중심으로 고민해 홈 서비스 상품 라인업을 다양화 하겠다""고 말했다.김나인 기자 silkni@dt.co.krLG유플러스 관계자들이 신규 인터넷 요금제 ‘너겟 라이트’를 소개하고 있다. LG유플러스 제공"
https://n.news.naver.com/mnews/article/030/0003360874?sid=105,2025-10-21 09:14:19,IT/과학,"LGU+, 인터넷 요금제 '너겟 라이트' 출시","LG유플러스 직원이 너겟 라이트를 소개하고 있는 모습.LG유플러스는 신규 인터넷 요금제 '너겟 라이트'를 출시했다고 21일 밝혔다.너겟 라이트 상품별 이용 요금은 5년 약정 및 IPTV 결합 시 '100M 2만3100원', '500M 2만7500원', 1G 상품 3만3000원 등 기존 요금제 대비 최대 3만3000원 저렴하게 구성됐다. 500M 이상 요금제를 선택한 고객에게는 '기가 Wi-Fi' 단말기 2대를 제공한다.너겟 라이트는 LG유플러스가 올 3월 통신사 최초로 '다이렉트 신혼 프로모션 인터넷 요금제'라는 이름으로 신혼부부 및 결혼 예정 부부 대상으로 판매했던 프로모션 요금제다. LG유플러스는 “고객의 요청을 적극 반영해 혜택 그대로 신혼부부 대상이 아닌 전 고객 대상으로 정식 출시했다”고 설명했다.너겟 라이트는 LG유플러스 공식 온라인 직영몰 유플러스 닷컴과 LG유플러스 고객센터에서 가입 가능하다.오인호 LG유플러스 홈사업담당(상무)은 “너겟 라이트 요금제 정식 출시는 고객의 요청에서부터 시작된 요금제라 더욱 의미가 있다”며 “고객 중심으로 고민해 홈 서비스 상품 라인업을 다양화 하도록 노력하겠다”고 말했다."
https://n.news.naver.com/mnews/article/421/0008551054?sid=105,2025-10-21 09:15:34,IT/과학,"LGU+, 5년 약정 인터넷 요금제 출시…""월 최대 6600원 저렴""","신혼부부 대상 출시 프로모션 요금제…""입소문 나서 전 고객 대상 확대""(LGU+ 제공)(서울=뉴스1) 이기범 기자 = LG유플러스(032640)가 신혼부부 대상 프로모션 인터넷 요금제를 전 고객 대상으로 정식 출시했다고 21일 밝혔다. 약정 기간을 늘려 기존보다 요금을 낮춘 점이 특징이다.이번에 출시된 '너겟 라이트' 요금제는 최대 3년까지 설정할 수 있었던 약정 기간을 최대 5년까지 확대하면서 월 이용료를 최대 6600원 저렴하게 제공한다. IPTV를 비롯해 유무선 결합도 가능하다.이번 요금제는 지난 3월 LG유플러스가 신혼부부를 대상으로 판매했던 프로모션 요금제였다. LG유플러스는 ""좋은 혜택으로 입소문이 나면서 고객센터에 가입 대상이 아닌 고객까지 문의가 있었다""며 ""고객 요청을 적극 반영해 혜택 그대로 신혼부부 대상이 아닌 전 고객 대상으로 정식 출시하게 됐다""고 설명했다.너겟 라이트 상품별 이용 요금은 5년 약정 및 IPTV 결합 시 △100M 상품 2만 3100원(기존 대비 월 4400원 저렴) △500M 상품 2만 7500원(기존 대비 월 6600원 저렴) △1G 상품 3만 3000원(기존 대비 월 6600원 저렴) 등이다.오인호 LG유플러스 홈사업담당(상무)은 ""너겟 라이트 요금제 정식 출시는 고객의 요청에서부터 시작된 요금제라 더욱 의미가 있다""며 ""고객 중심으로 고민해 홈 서비스 상품 라인업을 다양화 하도록 노력하겠다""고 말했다."
https://n.news.naver.com/mnews/article/082/0001349767?sid=101,2025-10-21 09:17:13,경제,"LGU+, 최대 5년 약정으로 요금 낮춘 요금제 출시","인터넷 요금제 ‘너겟 라이트’ 정식 출시기존 상품 대비 월 최대 6600원 저렴LG유플러스가 신규 인터넷 요금제 ‘너겟 라이트’를 출시했다고 21일 밝혔다. 사진은 LG유플러스 직원이 너겟 라이트를 소개하고 있는 모습. LG유플러스 제공LG유플러스가 신규 인터넷 요금제 ‘너겟 라이트’를 출시했다고 21일 밝혔다.너겟 라이트는 기존 최대 3년이던 약정기간을 최대 5년까지 확대하면서 월 이용료를 최대 6600원 낮춘 요금제다. 인터넷TV(IPTV)뿐만 아니라 유무선 통신 서비스와 결합도 가능하다. 너겟 라이트는 지난 3월, LG유플러스가 ‘다이렉트 신혼 프로모션 인터넷 요금제’라는 이름으로 신혼부부, 결혼 예정 부부 대상으로 판매했던 프로모션 요금제였다. LG유플러스는 신혼부부 이외 고객의 문의가 이어지자 가입 대상을 전체 고객으로 확대, 정식 출시하게 됐다고 밝혔다.너겟 라이트의 상품별 이용 요금은 5년 약정·IPTV 결합 시 100M 상품은 기존 대비 월 4400원 저렴한 2만 3100원, 500M 상품 기존 대비 월 6600원 저렴한 2만 7500원, 1G 상품 기존 대비 월 6600원 저렴한 3만 3000원 등이다. 500M 이상 요금제 가입자에게는 ‘기가 Wi-Fi’ 단말기 2대가 제공된다.너겟 라이트 요금제가 정식 출시하면서 가입 경로도 다양해졌다. 기존에 판매했을 당시에는 LG유플러스 공식 온라인 직영몰인 ‘유플러스 닷컴’을 통해서만 가입이 가능했지만, 이제는 LG유플러스 고객센터(101)에서도 가입할 수 있게 됐다. 오인호 LG유플러스 홈사업담당(상무)은 “너겟 라이트 요금제 정식 출시는 고객의 요청에서부터 시작된 요금제라 더욱 의미가 있다”며 “고객 중심으로 고민해 홈 서비스 상품 라인업을 다양화하도록 노력하겠다”고 말했다."
https://n.news.naver.com/mnews/article/031/0000973482?sid=105,2025-10-21 09:20:09,IT/과학,"LGU+, 인터넷 요금제 너겟 라이트 출시","기존 상품 대비 月 최대 6600원 저렴⋯유·무선 결합도 가능LG유플러스(대표 홍범식)는 신규 인터넷 요금제 너겟 라이트를 출시했다고 21일 밝혔다.LG유플러스 직원이 너겟 라이트를 소개하고 있는 모습. [사진=LGU+]너겟 라이트는 올해 3월 LG유플러스가 통신사 최초로 다이렉트 신혼 프로모션 인터넷 요금제라는 이름으로 신혼부부·결혼 예정 부부 대상으로 판매했던 프로모션 요금제였다.좋은 혜택으로 입소문이 나면서 고객센터에 가입 대상이 아닌 고객까지 문의가 있었다. 이에 LG유플러스는 고객 요청을 반영해 혜택 그대로 신혼부부 대상이 아닌 전 고객 대상으로 정식 출시하게 됐다.너겟 라이트는 약정기간을 최대 3년까지 설정할 수 있었던 기존 요금제에 비해 약정 기간을 최대 5년까지 확대했다. 월 이용료를 최대 6600원 저렴하게 이용할 수 있다. IPTV 뿐만 아니라 유·무선 결합도 가능하다.가입 경로도 더욱 다양해졌다. 기존에는 LG유플러스 공식 온라인 직영몰인 유플러스 닷컴을 통해서만 가입이 가능했다. 고객 문의가 많았던 LG유플러스 고객센터(101)에서도 가입할 수 있게 됐다.너겟 라이트 상품별 이용 요금은 5년 약정 및 IPTV 결합 시 △100M 상품 기존 대비 월 4400원 저렴한 2만3100원 △500M 상품 기존 대비 월 6600원 저렴한 2만7500원 △1G 상품 기존 대비 월 6600원 저렴한 3만3000원 등이다.오인호 LG유플러스 홈사업담당(상무)은 ""너겟 라이트 요금제 정식 출시는 고객의 요청에서부터 시작된 요금제라 더욱 의미가 있다""며 ""고객 중심으로 고민해 홈 서비스 상품 라인업을 다양화 하도록 노력하겠다""고 말했다."
https://n.news.naver.com/mnews/article/018/0006142929?sid=105,2025-10-21 09:22:21,IT/과학,"LG U+, 인터넷 요금제 ‘너겟 라이트’ 출시...月최대 6600원 저렴","IPTV 및 유무선 결합도 가능신혼부부 대상으로 출시했던 프로모션 요금제좋은 반응에 전 고객 대상 확대[이데일리 윤정훈 기자]LG유플러스(032640)가 신규 인터넷 요금제 ‘너겟 라이트’를 출시했다고 21일 밝혔다.(사진=LG유플러스)너겟 라이트는 약정기간을 최대 3년까지 설정할 수 있었던 기존 요금제에 비해 약정 기간을 최대 5년까지 확대하면서 월 이용료를 최대 6600원 저렴하게 이용할 수 있다. IPTV 뿐만 아니라 유·무선 결합도 가능해 보다 합리적인 요금으로 서비스를 이용 가능한 것이 특징이다.너겟 라이트는 지난 3월, LG유플러스가 통신사 최초로 ‘다이렉트 신혼 프로모션 인터넷 요금제’라는 이름으로 신혼부부 및 결혼 예정 부부 대상으로 판매했던 프로모션 요금제다.하지만 좋은 혜택으로 입소문이 나면서 고객센터에 가입 대상이 아닌 고객까지 문의가 있었다. 이에 LG유플러스는 고객의 요청을 적극 반영해 혜택 그대로 신혼부부 대상이 아닌 전 고객 대상으로 정식 출시하게 됐다고 밝혔다.너겟 라이트의 상품별 이용 요금은 5년 약정 및 IPTV 결합 시 △100M 상품 기존 대비 월 4400원 저렴한 2만3100원 △500M 상품 기존 대비 월 6600원 저렴한 2만7500원 △1G 상품 기존 대비 월 6600원 저렴한 3만3000원 등이다. 500M 이상 요금제를 선택한 고객에게는 안정적인 인터넷 환경을 위해 ‘기가 Wi-Fi’ 단말기 2대가 제공된다.정식 출시하면서 고객의 가입 경로도 더욱 다양해졌다. 기존에 판매했을 당시에는 LG유플러스 공식 온라인 직영몰인 ‘유플러스 닷컴’을 통해서만 가입이 가능했지만, 이제는 고객의 문의가 많았던 LG유플러스 고객센터(101)에서도 가입할 수 있게 됐다.오인호 LG유플러스 홈사업담당(상무)은 “너겟 라이트 요금제 정식 출시는 고객의 요청에서부터 시작된 요금제라 더욱 의미가 있다”며 “고객 중심으로 고민해 홈 서비스 상품 라인업을 다양화 하도록 노력하겠다”고 말했다."
https://n.news.naver.com/mnews/article/119/0003014679?sid=105,2025-10-21 09:38:13,IT/과학,"LGU+, 5년 약정 인터넷 ‘너겟 라이트’ 출시…""최대 6600원 저렴""","IPTV및 유·무선 결합도 가능LG유플러스 직원이 너겟 라이트를 소개하고 있는 모습.ⓒLG유플러스[데일리안 = 조인영 기자] LG유플러스는 신규 인터넷 요금제 ‘너겟 라이트’를 출시했다고 21일 밝혔다.너겟 라이트는 약정기간을 최대 3년까지 설정할 수 있었던 기존 요금제에 비해 약정 기간을 최대 5년까지 확대하면서 월 이용료를 최대 6600원 저렴하게 이용할 수 있다. IPTV 뿐만 아니라 유·무선 결합도 가능해 보다 합리적인 요금으로 서비스를 이용 가능한 것이 특징이다.너겟 라이트는 지난 3월, LG유플러스가 통신사 최초로 ‘다이렉트 신혼 프로모션 인터넷 요금제’라는 이름으로 신혼부부 및 결혼 예정 부부 대상으로 판매했던 프로모션 요금제였다.좋은 혜택으로 입소문이 나면서 LG유플러스는 고객의 요청을 적극 반영해 혜택 그대로 신혼부부 대상이 아닌 전 고객 대상으로 정식 출시했다.너겟 라이트의 상품별 이용 요금은 5년 약정 및 IPTV 결합 시 ▲100M 상품 기존 대비 월 4400원 저렴한 2만3100원 ▲500M 상품 기존 대비 월 6600원 저렴한 2만7500원 ▲1G 상품 기존 대비 월 6600원 저렴한 3만3000원 등이다. 500M 이상 요금제를 선택한 고객에게는 안정적인 인터넷 환경을 위해 ‘기가 Wi-Fi’ 단말기 2대가 제공된다.고객의 가입 경로도 더욱 다양해졌다. 기존에 판매했을 당시에는 LG유플러스 공식 온라인 직영몰인 ‘유플러스 닷컴’을 통해서만 가입이 가능했지만, 이제는 고객의 문의가 많았던 LG유플러스 고객센터(101)에서도 가입할 수 있게 됐다.오인호 LG유플러스 홈사업담당(상무)은 “너겟 라이트 요금제 정식 출시는 고객의 요청에서부터 시작된 요금제라 더욱 의미가 있다”며 “고객 중심으로 고민해 홈 서비스 상품 라인업을 다양화 하도록 노력하겠다”고 말했다."
https://n.news.naver.com/mnews/article/079/0004077169?sid=101,2025-10-21 09:39:13,경제,"LG U+, 인터넷 요금제 '너겟 라이트' 출시…月 최대 6600원↓","약정 기간 최대 5년까지 확대하고 비용 낮춰LG유플러스 제공LG유플러스가 신규 인터넷 요금제 '너겟 라이트'를 출시했다고 21일 밝혔다.너겟 라이트는 약정기간을 최대 3년까지 설정할 수 있었던 기존 요금제에 비해 약정 기간을 최대 5년까지 확대하면서 월 이용료를 최대 6600원 저렴하게 이용할 수 있다. IPTV 뿐만 아니라 유·무선 결합도 가능해 보다 합리적인 요금으로 서비스를 이용 가능한 것이 특징이다.너겟 라이트는 지난 3월, LG유플러스가 통신사 최초 '다이렉트 신혼 프로모션 인터넷 요금제'라는 이름으로 신혼부부 및 결혼 예정 부부 대상으로 판매했던 프로모션 요금제였다.그러나 좋은 혜택으로 입소문이 나면서 고객센터에 가입 대상이 아닌 고객까지 문의가 있었다. 이에 혜택 그대로 신혼부부 대상이 아닌 전 고객 대상으로 정식 출시하게 됐다.너겟 라이트의 상품별 이용 요금은 5년 약정 및 IPTV 결합 시 △100M 상품 기존 대비 월 4400원 저렴한 2만3100원 △500M 상품 기존 대비 월 6600원 저렴한 2만7500원 △1G 상품 기존 대비 월 6600원 저렴한 3만3천원 등이다. 500M 이상 요금제를 선택한 고객에게는 안정적인 인터넷 환경을 위해 '기가 Wi-Fi' 단말기 2대가 제공된다.정식 출시하면서 고객의 가입 경로도 더욱 다양해졌다. 기존에 판매했을 당시에는 LG유플러스 공식 온라인 직영몰인 '유플러스 닷컴'을 통해서만 가입이 가능했지만, 이제는 고객의 문의가 많았던 LG유플러스 고객센터(101)에서도 가입할 수 있게 됐다.오인호 LG유플러스 홈사업담당은 ""너겟 라이트 요금제 정식 출시는 고객의 요청에서부터 시작된 요금제라 더욱 의미가 있다""며 ""고객 중심으로 고민해 홈 서비스 상품 라인업을 다양화 하도록 노력하겠다""고 말했다.※CBS노컷뉴스는 여러분의 제보로 함께 세상을 바꿉니다. 각종 비리와 부당대우, 사건사고와 미담 등 모든 얘깃거리를 알려주세요.이메일 :jebo@cbs.co.kr카카오톡 :@노컷뉴스사이트 :https://url.kr/b71afn"
https://n.news.naver.com/mnews/article/374/0000469555?sid=101,2025-10-21 09:40:12,경제,"LGU+, 인터넷 요금제 '너겟 라이트' 정식 출시","LG유플러스가 신규 인터넷 요금제 '너겟 라이트'를 출시했다고 오늘(21일) 밝혔습니다.너겟 라이트 상품별 이용 요금은 5년 약정 및 IPTV 결합 시 '100M 2만3100원', '500M 2만7500원', 1G 상품 3만3000원 등 기존 요금제 대비 최대 3만3000원 저렴하게 구성됐습니다. 500M 이상 요금제를 선택한 고객에게는 '기가 Wi-Fi' 단말기 2대를 제공합니다.너겟 라이트는 LG유플러스가 올 3월 통신사 최초로 '다이렉트 신혼 프로모션 인터넷 요금제'라는 이름으로 신혼부부 및 결혼 예정 부부 대상으로 판매했던 프로모션 요금제입니다. LG유플러스는 ""고객의 요청을 적극 반영해 혜택 그대로 신혼부부만 대상이 아닌 전 고객 대상으로 정식 출시했다""고 설명했습니다.너겟 라이트는 LG유플러스 공식 온라인 직영몰 유플러스 닷컴과 LG유플러스 고객센터에서 가입 가능할 수 있습니다.당신의 제보가 뉴스로 만들어집니다.SBS Biz는 여러분의 제보를 기다리고 있습니다.홈페이지 = https://url.kr/9pghjn"
https://n.news.naver.com/mnews/article/014/0005422132?sid=105,2025-10-21 09:45:16,IT/과학,"LG U+, 신규 인터넷 요금제 '너겟 라이트' 출시","LG유플러스 직원이 너겟 라이트를 소개하고 있다. LG유플러스 제공LG유플러스가 신규 인터넷 요금제 ‘너겟 라이트’를 출시했다고 21일 밝혔다.너겟 라이트는 약정기간을 최대 3년까지 설정할 수 있었던 기존 요금제에 비해 약정 기간을 최대 5년까지 확대하면서 월 이용료를 최대 6600원 저렴하게 이용할 수 있다. 인터넷TV(IPTV) 뿐만 아니라 유·무선 결합도 가능해 보다 합리적인 요금으로 서비스를 이용 가능한 것이 특징이다.너겟 라이트는 지난 3월 LG유플러스가 통신사 최초로 ‘다이렉트 신혼 프로모션 인터넷 요금제’라는 이름으로 신혼부부 및 결혼 예정 부부 대상으로 판매했던 프로모션 요금제였다.그러나 좋은 혜택으로 입소문이 나면서 고객센터에 가입 대상이 아닌 고객까지 문의가 있었다. 이에 LG유플러스는 고객의 요청을 적극 반영해 혜택 그대로 신혼부부 대상이 아닌 전 고객 대상으로 정식 출시하게 됐다.너겟 라이트의 상품별 이용 요금은 5년 약정 및 IPTV 결합 시 △100M 상품 기존 대비 월 4400원 저렴한 2만3100원 △500M 상품 기존 대비 월 6600원 저렴한 2만7500원 △1G 상품 기존 대비 월 6600원 저렴한 3만3000원 등이다. 500M 이상 요금제를 선택한 고객에게는 안정적인 인터넷 환경을 위해 ‘기가 Wi-Fi’ 단말기 2대가 제공된다.고객 가입 경로도 더욱 다양해졌다. 기존에 판매했을 당시에는 LG유플러스 공식 온라인 직영몰인 ‘유플러스 닷컴’을 통해서만 가입이 가능했지만, 이제는 고객 문의가 많았던 LG유플러스 고객센터에서도 가입할 수 있게 됐다.오인호 LG유플러스 홈사업담당(상무)은 “너겟 라이트 요금제 정식 출시는 고객의 요청에서부터 시작된 요금제라 더욱 의미가 있다”며 “고객 중심으로 고민해 홈 서비스 상품 라인업을 다양화 하도록 노력하겠다”고 말했다."
https://n.news.naver.com/mnews/article/421/0008551234?sid=101,2025-10-21 09:58:00,경제,"하이스트레인저, '2025 스타트업콘 배틀필드'에서 LG U+ 특별상","사진=하이스트레인저(HiStranger) 제공(서울=뉴스1) 이재상 기자 = AI 기반 감정분석 솔루션 기업 하이스트레인저(HiStranger)가 '2025 스타트업콘 배틀필드'에서 LG U+ 특별상을 받았다고 21일 밝혔다.이번 행사는 문화체육관광부가 주최하고 한국콘텐츠진흥원이 주관한 국내 최대 규모의 콘텐츠 스타트업 전문 행사로, 지난 9월 25~26일 서울 성수동 피치스 도원에서 열렸다.'스타트업콘'은 글로벌 투자사와 주요 ICT·콘텐츠 기업이 참여하는 교류의 장으로, 매년 유망 스타트업의 혁신 기술과 비즈니스 모델을 조명한다.올해 배틀필드 결선에는 7개 기업이 진출했으며, 하이스트레인저는 이 무대에서 바이오 시그널 기반 Emotion AI 분석 솔루션 '인사이트플로우(Insight Flow)'를 선보였다.'인사이트플로우'는 시청자의 얼굴 표정, 생체신호(PPG·EEG), 설문 데이터를 멀티모달 방식으로 분석해 콘텐츠에 대한 감정 반응과 몰입도를 정량화하는 Emotion AI 솔루션이다.해당 기술은 방송·광고·OTT 등 다양한 영상 콘텐츠의 기획, 편집, 마케팅 과정에 활용할 수 있으며, 최근에는 게임과 커머스 산업까지 적용 범위를 확장하고 있다.하이스트레인저는 문화체육관광부와 한국콘텐츠진흥원의 지원을 받아 와이앤아처가 운영하는 '2025 콘텐츠 액셀러레이팅(에스테텍 프로그램 시즌6)'에 선정된 기업이다. 이번 특별상 수상을 계기로 LG U+와 함께 POC(Proof of Concept, 개념검증)를 추진할 예정이다.김동국 하이스트레인저 대표는 ""기존의 정성적 평가 중심 콘텐츠 기획 방식을 넘어, 데이터 기반으로 시청자 감정 반응을 해석할 수 있는 새로운 기준을 제시하고자 한다""며 ""앞으로 Emotion AI 콘텐츠 분석 기술을 더욱 고도화해 콘텐츠 제작 시장에서 경쟁력을 입증하겠다""고 말했다."
https://n.news.naver.com/mnews/article/092/0002394677?sid=105,2025-10-21 10:17:12,IT/과학,"LGU+, 월정액 낮춘 5년 약정 인터넷 요금제 출시",LG유플러스가 약정 기간을 5년까지 늘려 이용료를 월 6천600원 낮춘 초고속인터넷 요금제 ‘너겟 라이트’를 출시했다고 21일 밝혔다.너겟 라이트는 지난 3월 LG유플러스가 통신사 최초로 ‘다이렉트 신혼 프로모션 인터넷 요금제’라는 이름으로 신혼부부 및 결혼 예정 부부 대상으로 판매했던 프로모션 요금제다. 고객센터에 가입 대상이 아닌 이들의 문의가 이어지며 LG유플러스는 고객의 요청을 적극 반영해 혜택 그대로 신혼부부 대상이 아닌 전 고객 대상으로 정식 출시하게 됐다.너겟 라이트의 상품별 이용 요금은 5년 약정 및 IPTV 결합 시 ▲100M 상품 기존 대비 월 4400원 저렴한 2만3천100원 ▲500M 상품 기존 대비 월 6600원 저렴한 2만7천500원 ▲1G 상품 기존 대비 월 6천600원 저렴한 3만3원 등이다. 500M 이상 요금제를 선택한 고객에게는 안정적인 인터넷 환경을 위해 ‘기가 와이파이’ 단말기 2대가 제공된다.오인호 LG유플러스 홈사업담당은 “너겟 라이트 요금제 정식 출시는 고객의 요청에서부터 시작된 요금제라 더욱 의미가 있다”며 “고객 중심으로 고민해 홈 서비스 상품 라인업을 다양화 하도록 노력하겠다”고 말했다.
https://n.news.naver.com/mnews/article/117/0003999871?sid=105,2025-10-21 10:27:10,IT/과학,"“증거 지운 건가, 단순 정비인가”…LGU+, 해킹 조사 직전 OS 재설치 파문","액티브·스탠바이 서버 포렌식 이미지 시점 달라 의혹 증폭전문가 “보안 점검 직후 재설치는 증거 훼손 논란 피하기 어려워”LG유플러스 사옥, /LG유플러스[마이데일리 = 박성규 기자] LG유플러스가 해킹 의심 서버의 운영체제(OS)를 재설치한 뒤 “침해 흔적이 없다”고 보고한 사실이 드러나면서 의도적 증거 은폐 논란이 확산되고 있다. 회사 측은 “정상 절차였다”는 입장이지만, 정부와 전문가들은 포렌식(디지털 증거 분석)의 기본 원칙을 위반했다는 점에서 심각하게 보고 있다.21일 국회 과학기술정보방송통신위원회 최민희 위원장과 한국인터넷진흥원(KISA) 자료를 종합하면, LG유플러스는 지난 8월 서버 계정 권한 관리 시스템(APPM)이 해킹 의심을 받자 이튿날 OS를 재설치하고, 하루 뒤 ‘침해 흔적 없음’이라는 보고서를 제출한 것으로 확인됐다.문제는 이 과정에서 제출된 포렌식 이미지의 시점이 서로 달랐다는 점이다. LG유플러스는 실시간 동기화 구조의 액티브(운영) 서버 이미지를 먼저 제출하고, 이후 “스탠바이(대기) 서버에서도 관련 로그가 있을 수 있다”는 지적이 나오자 추가 이미지를 제출했다. 그러나 스탠바이 서버는 이미 OS 재설치 및 정비가 이뤄진 상태였으며, 결과적으로 최초 상태의 데이터는 확인되지 않았다.이 때문에 “최초 원본이 아닌 수정된 버전이 포렌식 자료로 제출된 것 아니냐”는 의혹이 제기됐다. 과기정통부와 KISA는 OS 재설치 시점과 로그 삭제 여부를 중심으로 추가 조사에 착수했다.최민희 위원장은 “보안 점검 직후 OS를 새로 설치하는 것은 서버 기록을 덮어쓰는 조치로, 포렌식 분석을 어렵게 만든다”며 “LG유플러스가 증거 은폐를 시도한 것 아니냐는 의심을 피하기 어렵다”고 지적했다.LG유플러스는 “두 서버가 동일하다는 전제 아래 순차적으로 이미지를 제출했을 뿐이며, 의도적인 은폐는 전혀 없었다”고 해명했다. 회사 관계자는 “현재 정부 조사가 진행 중으로, 성실히 협조하겠다”고 밝혔다.정보보안 전문가들은 이번 사안을 디지털 포렌식 원칙 위반 사례로 보고 있다.한 보안 전문가는 “해킹 의심 시스템은 원본 이미지를 우선 보존하고 이후 정비를 해야 한다”며 “점검 요청 직후 재설치는 증거 보존의 기본을 위배한 것”이라고 지적했다.이번 사건은 앞서 정부가 온나라시스템 해킹 사실을 뒤늦게 인정하고, KT가 조사 과정에서 입장을 번복했던 사례와 닮은 흐름이라는 지적도 나온다. 즉, ‘사고 발생 → 자체 점검 명목의 데이터 정리 → 해킹 부인 → 뒤늦은 조사기관 개입’으로 이어지는 구조적 문제라는 것이다.과기정통부는 “OS 재설치와 포렌식 이미지 생성 시점의 차이를 면밀히 확인해 고의성이 드러날 경우 수사 의뢰를 검토하겠다”고 밝혔다."
https://n.news.naver.com/mnews/article/011/0004545796?sid=105,2025-10-21 10:43:11,IT/과학,"LGU+, 약정 늘리고 요금 낮춘 인터넷 상품 ‘너겟 라이트’ 출시","5년 조건 월 6600원 절감LG유플러스 '너겟 라이트. 사진 제공=LG유플러스[서울경제]LG유플러스가 새로운 인터넷 요금제 ‘너겟 라이트’를 출시했다고 21일 밝혔다. 기존 요금제와 비교해 약정 기간을 최대 3년에서 5년으로 늘린 대신 월 이용료를 최대 6600원 낮출 수 있는 실속형 상품이다.너겟 라이트는 5년 약정과 인터넷(IP)TV 결합 시 월 2만 3100원짜리 100M(메가) 상품, 월 2만 7500원짜리 500M 상품, 월 3만 3000원짜리 1G(기가) 상품으로 구성된다. 500M 이상 요금제 선택 시 ‘기가 와이파이’ 단말기 2대가 제공된다.너겟 라이트는 올해 3월 ‘다이렉트 신혼 프로모션 인터넷 요금제’로 판매했던 것을 전 고객 대상으로 개편한 상품이다. 온라인 직영몰 ‘유플러스 닷컴’과 고객센터를 통해 가입할 수 있다.오인호 LG유플러스 홈사업담당은 “너겟 라이트 요금제 정식 출시는 고객의 요청에서부터 시작된 요금제라 더욱 의미가 있다”며 “고객 중심으로 고민해 홈 서비스 상품 라인업을 다양화 하도록 노력하겠다”고 말했다."
https://n.news.naver.com/mnews/article/016/0002544942?sid=105,2025-10-21 11:23:23,IT/과학,"“월 6600원 저렴”…LGU+, 인터넷 요금제 ‘너겟 라이트’ 출시",IPTV와 유·무선 결합 가능신혼부부 대상서 전 고객 확대LG유플러스 직원들이 ‘너겟 라이트’를 소개하고 있다. [LG유플러스 제공]LG유플러스는 신규 인터넷 요금제 ‘너겟 라이트’를 출시했다고 21일 밝혔다. 신혼부부 대상으로 판매했던 프로모션 요금제가 인기를 끌면서 정식 요금제로 새롭게 출시됐다.너겟 라이트는 약정기간을 최대 3년까지 설정할 수 있었던 기존 요금제와 달리 약정 기간을 최대 5년까지 확대하면서 월 이용료를 최대 6600원 저렴하게 이용할 수 있다. IPTV뿐만 아니라 유·무선 결합도 가능해 보다 합리적인 요금으로 서비스를 이용 가능한 것이 특징이다.너겟 라이트는 지난 3월 LG유플러스가 통신사 최초로 ‘다이렉트 신혼 프로모션 인터넷 요금제’라는 이름으로 신혼부부와 결혼 예정 부부 대상으로 판매했던 프로모션 요금제였다. LG유플러스 관계자는 “해당 요금제가 좋은 혜택으로 입소문이 나면서 고객센터에 가입 대상이 아닌 고객까지 문의가 있었다”며 “고객의 요청을 적극 반영해 혜택 그대로 신혼부부 대상이 아닌 전 고객 대상으로 정식 출시하게 됐다”고 설명했다.너겟 라이트의 상품별 이용 요금은 5년 약정 및 IPTV 결합 시 ▷100M 상품 기존 대비 월 4400원 저렴한 2만3100원 ▷500M 상품 기존 대비 월 6600원 저렴한 2만7500원 ▷1G 상품 기존 대비 월 6600원 저렴한 3만3000원 등이다. 500M 이상 요금제를 선택한 고객에게는 안정적인 인터넷 환경을 위해 ‘기가 Wi-Fi’ 단말기 2대가 제공된다.요금제를 정식 출시하면서 고객의 문의가 많았던 LG유플러스 고객센터(101)에서도 가입할 수 있게 됐다.오인호 LG유플러스 홈사업담당(상무)은 “너겟 라이트 요금제 정식 출시는 고객의 요청부터 시작된 요금제라 더욱 의미가 있다”고 말했다.권제인 기자
https://n.news.naver.com/mnews/article/138/0002207367?sid=105,2025-10-21 11:44:13,IT/과학,"LGU+, 신규 인터넷 요금제 ‘너겟 라이트’ 정식 출시","[ⓒLG유플러스][디지털데일리 오병훈기자] LG유플러스는 신규 인터넷 요금제 ‘너겟 라이트’를 출시했다고 21일 밝혔다.너겟 라이트는 약정기간을 최대 3년까지 설정할 수 있었던 기존 요금제에 비해 약정 기간을 최대 5년까지 확대하면서 월 이용료를 최대 6600원 저렴하게 이용할 수 있다. 인터넷TV(IPTV) 뿐 아니라 유·무선 결합도 가능한 것이 특징이다.너겟 라이트는 지난 3월, LG유플러스가 ‘다이렉트 신혼 프로모션 인터넷 요금제’라는 이름으로 신혼부부 및 결혼 예정 부부 대상으로 판매했던 행사 요금제다. 이후 신혼부부가 아닌 가입자 사이에서도 긍정적인 반응이 이어지면서 전 가입자를 대상으로 정식 출시하게 됐다는 것이 회사 측 설명이다.너겟 라이트 상품별 이용 요금은 5년 약정 및 IPTV 결합 시 100M 상품 기존 대비 월 4400원 저렴한 2만3100원, 500M 상품 기존 대비 월 6600원 저렴한 2만7500원, 1G 상품 기존 대비 월 6600원 저렴한 3만3000원 등이다. 500M 이상 요금제를 선택한 고객에게는 안정적인 인터넷 환경을 위해 ‘기가 와이파이(Wi-Fi)’ 단말기 2대가 제공된다.LG유플러스는 이 요금제를 정식 출시하면서 가입 경로도 확대했다. 기존엔 LG유플러스 공식 온라인 직영몰인 유플러스닷컴을 통해서만 가입 가능했다. LG유플러스 고객센터에서도 가입할 수 있다.오인호 LG유플러스 홈사업담당(상무)은 “너겟 라이트 요금제 정식 출시는 가입자 요청에서부터 시작된 요금제라 더욱 의미가 있다”며 “가입자 중심으로 고민해 홈 서비스 상품 라인업을 다양화 하도록 노력하겠다”고 말했다."
https://n.news.naver.com/mnews/article/002/0002410782?sid=102,2025-10-21 13:13:10,사회,"이상휘 의원, “AI 해커까지 등장…정부, 사이버보안 컨트롤타워 시급하다”","“정부, 해킹 사후처리자 아닌 사전차단자로 나서야”“한국, 털리고도 모른다”…AI 해커·보안 공백·은폐까지 삼중위기정보보호 공시제도는 실효성 부족…통신 3사 보안 의무도 허술, 해킹 은폐까지AI를 활용한 해킹 기술이 빠르게 고도화되는 가운데, 한국의 사이버보안 대응체계는 여전히 부처별로 분산되어 있어 효과적인 대응이 어렵다는 지적이 나왔다.특히 정보보호 공시제도의 실효성 부족과 대형 통신사들의 해킹 은폐 정황까지 드러나며, 국가 차원의 보안 컨트롤타워 신설 필요성이 급부상하고 있다.국회 과학기술정보방송통신위원회 소속 이상휘 국회의원(국민의힘, 포항남·울릉)은 “2025년은 대한민국이 탈탈 털린 해였다”며 “AI 해킹 시대에 정부는 아직도 부처별 대응에 머물고 있다”고 지적했다.최근 다크웹에는 ‘잔소록스AI(Xanthorox AI)’ 등 해킹 전용 인공지능까지 유통되고 있으며, 단 몇 줄의 명령어로 수백 줄의 악성코드를 자동 생성하는 등 사이버 공격 방식이 진화하고 있다.하지만 한국은 금융위, 과기정통부, 개인정보보호위원회 등 부처별 대응 체계가 따로 운영되고 있어, 정보 공유와 초기 대응에 공백이 발생하고 있는 상황이다.이 의원은 “해외는 이미 미국의 CISA, 일본 총리실 산하 사이버전략본부처럼 국가 단위 보안 컨트롤타워를 운영 중”이라며 “한국도 권한과 책임이 명확히 집중된 국가 사이버보안 컨트롤타워를 구축해야 한다”고 주장했다.문제는 민간 영역에서도 심각하다. 한국인터넷진흥원(KISA) 자료에 따르면, 2025년 기준 정보보호 공시 의무대상 기업 666곳 중 23.7%에 해당하는 158개 기업은 정보보호 전담 인력이 단 한 명도 없었고, 26곳은 정보보호최고책임자(CISO)조차 지정하지 않은 것으로 나타났다.일부 기업은 CISO 채용 대신 연간 과태료 1,000만 원 납부를 택하는 등 ‘도덕적 해이’가 벌어지고 있다는 비판도 나온다.이 의원은 “지금의 정보보호 공시제도는 공시만 있고 실질적인 보안 대책이나 사후조치가 전무하다”며 “해킹 불안이 일상화된 지금, 정부는 실효성 있는 제도 개선에 즉각 나서야 한다”고 강조했다.이와 함께 최근 LG유플러스가 해킹 사실을 인지하고도 수개월간 이를 은폐한 정황도 논란이 되고 있다.블룸버그 등 해외 보도에 따르면, 중국 해킹 그룹이 LGU+ 협력사의 서버를 통해 내부망에 접근했으며, 북한 해커조직 ‘김수키’의 서버에서는 LGU+의 내부 계정정보 4만 2천여 건이 유출된 사실도 확인됐다.하지만 LGU+는 정부에 침해사고를 자진 신고하지 않은 채 자체 점검만 진행하고 있는 것으로 알려졌다.이에 대해 이상휘 의원은 “통신 3사를 두고 SKT는 털렸던 곳, KT는 털린 곳, LGU+는 털릴 곳이라는 조롱까지 나오고 있다”며 “정부는 해킹사고의 사후처리자가 아니라, 사전차단자 역할을 해야 한다”고 강조했다.이어 “통신 3사에 대한 상시 보안점검 체계와 실시간 침해사고 보고 의무를 강화해야 한다”고 덧붙였다.▲이상휘 국민의힘 의원(포항남·울릉군).ⓒ이상휘 의원실 제공"
https://n.news.naver.com/mnews/article/421/0008552252?sid=100,2025-10-21 14:19:55,정치,[국감]국감 출석한 통신3사 CEO,"(서울=뉴스1) 신웅수 기자 = 김영섭 KT 대표가 21일 서울 여의도 국회 과학기술정보방송통신위원회에서 열린 정보통신산업진흥원 등에 대한 국정감사에서 증인 선서를 하고 있다.왼쪽부터 김 대표, 홍범식 LGU+ 대표, 조좌진 롯데카드 대표, 김광일 MBK 대표이사, 유영상 SKT 대표.2025.10.21/뉴스1"
https://n.news.naver.com/mnews/article/421/0008552253?sid=100,2025-10-21 14:19:58,정치,[국감]증인 선서하는 통신사 대표들,"(서울=뉴스1) 신웅수 기자 = 김영섭 KT 대표가 21일 서울 여의도 국회 과학기술정보방송통신위원회에서 열린 정보통신산업진흥원 등에 대한 국정감사에서 증인 선서를 하고 있다.왼쪽부터 김 대표, 홍범식 LGU+ 대표, 조좌진 롯데카드 대표, 김광일 MBK 대표이사, 유영상 SKT 대표.2025.10.21/뉴스1"
https://n.news.naver.com/mnews/article/421/0008552257?sid=100,2025-10-21 14:20:58,정치,[국감]답변하는 홍범식 LGU+ 대표,"(서울=뉴스1) 신웅수 기자 = 홍범식 LGU+ 대표가 21일 서울 여의도 국회 과학기술정보방송통신위원회에서 열린 정보통신산업진흥원 등에 대한 국정감사에서 의원 질의에 답변하고 있다.왼쪽부터 홍 대표, 조좌진 롯데카드 대표, 김광일 MBK 대표이사, 유영상 SKT 대표, 김영섭 KT 대표. 2025.10.21/뉴스1"
https://n.news.naver.com/mnews/article/421/0008552261?sid=100,2025-10-21 14:22:04,정치,[국감]과방위 국정감사 답변하는 홍범식 대표,"(서울=뉴스1) 신웅수 기자 = 홍범식 LGU+ 대표가 21일 서울 여의도 국회 과학기술정보방송통신위원회에서 열린 정보통신산업진흥원 등에 대한 국정감사에서 의원 질의에 답변하고 있다.왼쪽부터 홍 대표, 조좌진 롯데카드 대표, 김광일 MBK 대표이사, 유영상 SKT 대표, 김영섭 KT 대표. 2025.10.21/뉴스1"
https://n.news.naver.com/mnews/article/003/0013548122?sid=100,2025-10-21 14:36:04,정치,국감 출석한 통신사 대표들,"[서울=뉴시스] 고승민 기자 = 홍범식 LGU+ 대표, 유영상 SKT 대표, 김영섭 KT 대표가 21일 서울 여의도 국회에서 열린 과학기술정보방송통신위원회의 정보통신산업진흥원 등 국정감사에 출석하고 있다. 2025.10.21. kkssmm99@newsis.com"
https://n.news.naver.com/mnews/article/018/0006143255?sid=105,2025-10-21 14:37:12,IT/과학,KT 펨토셀 ‘벤더키 인증’ 허술… 해외 불법 장비도 무단 접속,"“대문 활짝 열어놓은 셈”… 이해민 의원 “통신망 관리 총체적 실패”[이데일리 김현아 기자]KT(030200)가 이동통신 보조기지국(펨토셀) 인증 절차를 부실하게 운영한 탓에 해외 제조사의 불법 장비까지 자사 네트워크에 접속할 수 있었던 것으로 드러났다.국회에서 “인증체계가 기본부터 무너졌다”는 비판이 제기되며 통신 인프라 보안 전반에 대한 철저한 재점검 필요성이 제기되고 있다.조국혁신당 이해민 의원(국회 과학기술정보방송통신위원회)은 21일 “KT가 펨토셀 장비 인증·개통 시스템을 사실상 ‘벤더키(Vendor Key)’ 하나로 판단하는 구조로 운영해, KT 장비가 아닌 해외 불법 장비까지 접속이 가능했다”며 “이는 대문을 활짝 열어놓은 것이나 다름없는 총체적 관리 실패”라고 지적했다.KT는 당초 의원실에 “KT 기지국에 과거 한 번이라도 연결돼 인증받은 장비만 재접속 가능하다”고 해명했지만, 실제 입수된 불법 펨토셀은 KT와 무관한 해외 제조 장비로 확인됐다. 이 의원은 “결국 인증 이력 없이도 KT망에 진입이 가능했다는 의미”라고 말했다.KT 팸토셀 - 코어망 개통 · 연결 과정 ( 인증절차 ). 출처=이해민 의원실통신 3사 중 KT만 ‘벤더키 단일 인증’이 의원이 통신 3사로부터 받은 자료에 따르면 펨토셀 개통 과정은 ①인증서버 인증 → ②IPsec 통신용 인증서 발급 → ③펨토셀 게이트웨이 접속 순으로 동일하다.다만 LGU+·SKT는 장비별 일련번호 및 제조사 인증서, USIM 키 등 개별 장치 단위로 인증을 진행하는 반면, KT는 벤더키 값만 맞으면 인증서를 발급하는 구조였다.KT는 모든 펨토셀 장비에 동일한 벤더키 값을 적용해왔기 때문에, 불법 장비라도 해당 키를 확보하면 네트워크 접속이 가능했던 셈이다.이 의원은 “KT와 LGU+가 모두 같은 제조사(이노와이어리스(073490)) 장비를 사용했음에도 LGU+는 다중 검증 절차를 적용한 반면 KT는 단일 키만 확인했다”며 “인증 절차 강화 여부가 불법 접속 가능성을 결정한 명확한 사례”라고 지적했다.“5배 많은 펨토셀 운영하면서도 인증 DB조차 부실 관리”KT는 과거 펨토셀(소형 기지국)을 고객 자가 설치 방식으로 운영하면서 장비 외부 포장에 일련번호가 그대로 노출돼왔고, 개별 장비 고유 ID 데이터베이스 관리도 미흡했던 사실이 이번 사태에서 드러났다.이번 사건에서도 불법 펨토셀 20여대가 감청 및 인증 결제 피해를 일으킨 뒤에야 KT가 불법 ID를 뒤늦게 인지한 것으로 확인됐다.KT는 결제 피해 발생 이후 인증서 갱신 주기를 단축하고 미사용 장비를 차단하는 등 사후 조치에 나섰다고 해명했다. 그러나 이 의원은 “아무리 창문을 닫아도 대문을 활짝 열어놓으면 소용없다”며 “인증 체계 자체를 전면 재설계해야 한다”고 지적했다.피해자 위약금 면제·단말기 교체 등 실질 보상 필요”이 의원은 “KT는 통신 3사 중 약 5배 가까이 많은 펨토셀을 운영하면서도 가장 기본적인 인증·개통 절차조차 관리하지 못했다”며 “이번 사태는 명백한 KT의 귀책으로, 피해 이용자에 대한 위약금 면제 및 단말기 교체 등 실질적인 보상책을 신속히 마련해야 한다”고 강조했다."
https://n.news.naver.com/mnews/article/003/0013548131?sid=100,2025-10-21 14:38:13,정치,의원 질의에 답하는 홍범식 대표,[서울=뉴시스] 고승민 기자 = 홍범식 LGU+ 대표가 21일 서울 여의도 국회에서 열린 과학기술정보방송통신위원회의 정보통신산업진흥원 등 국정감사에서 의원 질의에 답하고 있다. 2025.10.21. kkssmm99@newsis.com
https://n.news.naver.com/mnews/article/003/0013548130?sid=100,2025-10-21 14:38:13,정치,의원 질의에 답하는 홍범식 대표,[서울=뉴시스] 고승민 기자 = 홍범식 LGU+ 대표가 21일 서울 여의도 국회에서 열린 과학기술정보방송통신위원회의 정보통신산업진흥원 등 국정감사에서 의원 질의에 답하고 있다. 2025.10.21. kkssmm99@newsis.com
https://n.news.naver.com/mnews/article/008/0005265964?sid=105,2025-10-21 14:40:38,IT/과학,"홍범식 LGU+ 대표 ""KISA에 해킹 피해 사실 신고하겠다""","[2025 국정감사]홍범식 LG유플러스 대표가 21일 서울 여의도 국회 과학기술정보방송통신위원회에서 열린 정보통신산업진흥원 등에 대한 국정감사에서 의원 질의에 답변하고 있다. /사진=(서울=뉴스1) 신웅수 기자홍범식 LG유플러스 대표가 해킹 정황이 있었음에도 KISA(한국인터넷진흥원)에 신고하지 않은 점과 관련해 신고하겠다는 입장을 명확히 했다.홍 대표는 21일 열린 국회 과학기술정보방송통신위원회 국정감사에서 이해민 조국혁신당 의원으로부터 ""해킹 정황이 있었음에도 왜 KISA에 신고하지 않았느냐""는 지적에 이같이 밝혔다.홍 대표는 ""침해 사실이 확인된 이후 신고하는 것으로 이해하고 있었다""며 ""다만 혼란과 오해가 발생하고 있어 신고 여부를 적극적으로 검토하겠다""고 했다. 이어 이 의원이 재차 신고를 촉구하자 ""신고하겠다""고 답했다.한편 현행 정보통신망법에 따르면, 정보통신서비스 제공자는 해킹이나 디도스 공격 등으로 인한 침해 사고를 인지한 경우, 24시간 내 KISA에 신고해야 한다. 신고가 없을 경우 정부는 관련 조사에 착수할 수 없다.LG유플러스는 해킹 정황을 인지했음에도 현재까지 ""고객 정보 유출은 없었다""는 입장을 고수하고 있다."
https://n.news.naver.com/mnews/article/003/0013548147?sid=105,2025-10-21 14:41:13,IT/과학,"홍범식 LGU+ 대표 ""침해사실 KISA에 신고하겠다""","[바르셀로나(스페인)=뉴시스]LG유플러스가 뉴 AI 시대의 청사진으로 '사람 중심 AI로 만드는 밝은 세상'을 제시했다. 사진은 지난 4일(현지시간) 스페인 바르셀로나에서 열린 MWC25 기자간담회에 참석한 LG유플러스 홍범식 사장의 모습. (사진=LG유플러스 제공)[서울=뉴시스] 심지혜 박은비 윤현성 기자 = 홍범식 LG유플러스 사장이 21일 국회 과학기술정보방송통신위원회 국정감사에서 '서버가 침해 당한 사실을 한국인터넷진흥원(KISA)에 신고할 거냐'는 이해민 조국혁신당 의원의 질의에 ""신고하겠다""고 답했다."
https://n.news.naver.com/mnews/article/018/0006143270?sid=105,2025-10-21 14:42:22,IT/과학,‘LGU+ 해킹 의혹’ 홍범식 대표 “KISA 신고하겠다”,"이해민 의원 ""로그 기록 없다고 침해 없다? 해커는 흔적 안 남겨""홍범식 LGU+ 대표 “혼란 발생…KISA 신고하겠다”[이데일리 권하영 기자] LG유플러스(032640)가 해킹 의혹과 관련해 한국인터넷진흥원(KISA)에 신고하겠다고 약속했다. 그동안 “침해 정황이 없다”며 관계기관에 신고하지 않았던 LG유플러스는 21일 국회 과학기술정보방송통신위원회 국정감사에서 집중 질타를 받았다.홍범식 LGU+ 대표, 유영상 SKT 대표, 김영섭 KT 대표가 21일 서울 여의도 국회에서 열린 과학기술정보방송통신위원회의 정보통신산업진흥원 등 국정감사에 출석하고 있다. (사진=뉴시스)홍범식 LG유플러스 대표는 이날 국정감사에서 해킹 관련 KISA 신고 의사를 묻는 이해민 의원(조국혁신당) 질의에 “신고하겠다”고 답변했다.이해민 의원은 미국 보안 전문지 ‘프랙’ 보고서에서 LG유플러스의 내부 서버관리용 계정권한 관리시스템(APPM) 대상 해킹 의혹을 제기한 것을 두고 “LG유플러스는 유출은 됐으나 침해 정황은 없다는 입장인데 이해되지 않는다”며 “집에 도둑이 들어 밖에 내 물건이 발견됐는데 들어온 흔적은 없다는 소리”라고 비판했다.홍 대표는 “지금 유출된 정보가 정확히 무엇인가” 질문에 “좀 더 확인해봐야 한다”며 “보고받은 바로는 APPM 침해 흔적 정황이 있다는 것”이라고 말했다.이 의원은 LG유플러스가 관련해 과학기술정보통신부의 자체 조사 결과 제출 요구 다음 날 APPM과 관련되는 서버 OS를 업데이트해 정부의 포렌식 분석을 어렵게 했다는 의혹도 지적했다.이 의원은 “시스템 재설치를 하는 바람에 메모리가 날아갔고, 하드디스크 이미징을 떴다고 하지만 그 상황 그대로 담았다고 어떻게 보장을 할 수 있는가”라며 “일부러 제출 자체를 시스템 재설치 후에 하려고 했는지 살펴야 한다”고 강조했다.이어 “이 모든 문제가 지금 다 질문으로만 남는 이유는 LG유플러스에서 KISA에 신고를 제대로 안 해서”라고 말하며 KISA 신고를 당부했다.홍 대표는 “원래 제가 이해했던 바는 침해 사실 확인이 있은 이후 신고한 것으로 이해를 하고 있었다”며 “다만 질의해주신 바와 같이 여러 혼란과 오해가 발생하고 있어 적극적으로 국회와 과기정통부 절차에 따라 검토하겠다”고 말했다. 이어 “KISA에 신고하겠다는 것이냐”는 재차 질의에 “신고하겠다”고 답했다."
https://n.news.naver.com/mnews/article/119/0003014906?sid=100,2025-10-21 14:44:14,정치,국감 질의 답변하는 홍범식 LG유플러스 대표 [2025 국정감사],ⓒ데일리안 홍금표 기자[데일리안 = 홍금표기자] 홍범식 LG유플러스(LGU+) 대표가 21일 서울 여의도 국회에서 열린 국회 과학기술정보방송통신위원회의 한국인터넷진흥원 등 ICT 공공기관 2025 국정감사에 증인으로 출석해 질의에 답변하고 있다.
https://n.news.naver.com/mnews/article/029/0002988371?sid=105,2025-10-21 14:44:44,IT/과학,홍범식 LGU+ 대표 “당국에 해킹 피해 신고하겠다”,"연합뉴스LG유플러스가 최근 해킹 정황이 있는데도 당국에 즉시 신고하지 않았다는 지적이 국회에서 제기됐다. 이에 대해 홍범식 LG유플러스 대표는 “정부 절차에 따라 한국인터넷진흥원(KISA)에 해킹 피해 사실을 신고하겠다”고 밝혔다.홍 대표는 21일 국회 과학기술정보방송통신위원회 국정감사에서 이해민 조국혁신당 의원 질의에 “그동안 침해 사실 확인 이후 신고하는 것으로 이해해왔다”며 “다만 여러 혼란과 오해가 발생하고 있어 적극적으로 검토 중이며, 과기정통부와 국회 절차에 따라 신속히 신고하겠다”고 말했다.현행 정보통신망법에 따르면, 정보통신서비스 제공자는 해킹이나 디도스 공격 등으로 인한 침해 사고를 인지한 경우 24시간 내 KISA에 신고해야 한다.앞서 미국 보안 전문지 프랙은 LG유플러스의 내부 서버 관리용 계정 권환 관리 시스템 소스코드와 데이터베이스, 서버 정보 등이 해킹됐다는 의혹을 제기한 바 있다. 이 의원에 따르면 LG유플러스가 자체적으로 계정 권한 관리 시스템을 분석한 결과, 모바일로 시스템에 접속 시 2차 인증 단계에서 숫자 ‘111111’을 입력하고 특정 메모리 값을 변조하면 시스템에 접근할 수 있는 등 모두 8개의 보안 취약점이 드러났다.웹페이지에는 별도 인증 없이 관리자 페이지에 접근할 수 있는 백도어가 있었고 소스코드에는 백도어에 접속할 수 있는 비밀번호 3자리, 계정 관리에 필요한 비밀번호가 암호화되지 안은 채 평문으로 노출돼 있었다.이 의원은 “LG유플러스의 보안 수준이 금고 비밀번호를 ‘0000’으로 세팅한 것과 다를 바 없다”며 “비밀번호를 암호화하지 않고 소스코드에 그대로 노출했으며 인증이 필요한 URL조차 외부에 공개돼 있었다. 이는 보안을 지키려는 최소한의 의지조차 없었던 것”이라고 질타했다.또한 이 의원은 “유출된 데이터에는 단순 고객 정보뿐 아니라 서버 목록, IP 주소, 관리자 계정, 암호화된 패스워드 등이 포함돼 있었다”며 “만약 루트(root) 관리자 계정까지 털렸다면 LG유플러스 서버의 실질적 통제권은 해커에게 넘어간 것이나 다름없다”고 지적했다.이 의원은 “보안 사고 매뉴얼을 따르지 않은 채 신고를 지연하고, 침해 사실을 숨겼다면 이는 은폐 시도로 볼 수 있다”며 “정부와 과기정통부가 책임 있게 조사를 진행해야 한다”고 덧붙였다."
https://n.news.naver.com/mnews/article/119/0003014911?sid=100,2025-10-21 14:46:12,정치,"이동통신 3사 대표, 국회 과방위 국감 출석 [2025 국정감사]","ⓒ데일리안 홍금표 기자[데일리안 = 홍금표기자] 홍범식 LG유플러스(LGU+) 대표, 유영상 SKT 대표, 김영섭 KT 대표가 21일 서울 여의도 국회에서 열린 국회 과학기술정보방송통신위원회의 한국인터넷진흥원 등 ICT 공공기관 2025 국정감사에 출석하고 있다."
https://n.news.naver.com/mnews/article/421/0008552343?sid=105,2025-10-21 14:47:46,IT/과학,"홍범식 LGU+ 대표 ""해킹 정황 KISA 신고하겠다""","[국감현장]서버 침해 정황 없다던 LGU+, 각종 의혹 일자 ""신고하겠다""류제명 과학기술정보통신부 2차관이 21일 서울 여의도 국회 과학기술정보방송통신위원회에서 열린 정보통신산업진흥원 등에 대한 국정감사에서 의원 질의에 답변하고 있다. 2025.10.21/뉴스1 ⓒ News1 신웅수 기자(서울=뉴스1) 이기범 윤주영 기자 = 홍범식 LG유플러스(032640) 대표가 해킹 정황이 있음에도 이를 축소하려 했다는 의혹이 일자 ""한국인터넷진흥원(KISA)에 신고하겠다""는 입장을 밝혔다.홍 대표는 21일 오후 국회 과학기술정보방송통신위원회 국정감사에 증인으로 출석해 이같이 말했다.이날 홍 대표는 이해민 조국혁신당 의원이 해킹 정황이 발생했고, 서버 삭제 의혹도 나오고 있다며 KISA에 신고를 안 한 탓에 불거진 일이라고 지적하자 KISA 신고 의향을 밝혔다.홍 대표는 ""침해 사실 확인이 된 이후 신고하는 것으로 이해를 하고 있었다""며 ""여러 혼란과 오해가 발생하고 있어 이 부분에 대해 더 적극적으로 검토할 예정""이라고 말했다.앞서 지난 8월 글로벌 해킹 권위지 '프랙 매거진'은 LG유플러스의 8938대의 서버 정보와 4만2526개의 계정 및 167명의 직원 정보가 유출됐다고 발표한 바 있다.이와 관련해 KISA는 지난 7월 해킹 정황을 확인하고 LG유플러스에 침해 사고 신고를 권유했지만 회사 측은 ""유출 정황이 없다""며 이를 받아들이지 않았다. 다만 과학기술정보통신부의 권유에 따라 현장 조사를 진행 중이다.아울러 LG유플러스는 보고 하루 전인 8월 12일 해킹 의혹이 제기된 '계정 권한 관리 시스템' 서버의 운영체계를 재설치한 것으로 확인돼 서버 폐기 논란이 일었다. LG유플러스는 서버 이미징을 떠 제출했다는 입장이다."
https://n.news.naver.com/mnews/article/117/0003999940?sid=105,2025-10-21 14:50:11,IT/과학,[현장] 홍범식 LG유플러스 대표 “해킹의혹 해소위해 KISA에 신고할 것”,"국회 “침해 정황 없다는 해명 납득 안 돼”… LGU+, 뒤늦게 신고 의사 표명APPM 서버 재설치 의혹에 “확인 후 적극 협조”… 정부 조사 본격화 전망홍범식 LG유플러스 대표가 21일 서울 여의도 국회에서 열린 과학기술정보방송통신위원회의 정보통신산업진흥원 등 국정감사에서 답변하고 있다. /박성규 기자[마이데일리 = 박성규 기자] LG유플러스가 그동안 “침해 정황이 없다”며 부인해온 해킹 의혹과 관련해 결국 한국인터넷진흥원(KISA)에 신고하겠다고 밝혔다.21일 국회 과학기술정보방송통신위원회 국정감사에서 집중 질타를 받은 끝에, 홍범식 LG유플러스 대표가 직접 “신고하겠다”고 공식 답변했다.이날 이해민 조국혁신당 의원은 미국 보안 전문지 ‘프랙’ 보고서를 근거로 LG유플러스 내부 서버관리용 계정권한 관리시스템(APPM) 해킹 의혹을 제기하며 “집에 도둑이 들어 내 물건이 밖에 발견됐는데, 들어온 흔적은 없다고 하는 것과 같다”고 비판했다.홍 대표는 “현재 유출된 정보가 정확히 무엇인지 확인 중”이라며 “보고받은 바로는 APPM 침해 정황이 있다는 것으로 알고 있다”고 말했다.이어 “혼란과 오해가 생기고 있는 만큼 국회와 과기정통부 절차에 따라 적극 검토하겠다”며 “KISA에 신고하겠다”고 덧붙였다.이 의원은 LG유플러스가 과학기술정보통신부의 자료 제출 요구 직후 APPM 서버 운영체제를 재설치해 포렌식 분석을 어렵게 만들었다는 의혹도 제기했다.그는 “시스템을 재설치하면서 메모리 기록이 날아갔고, 이후 제출된 이미징 자료가 원본 상태를 보장하지 않는다”며 “의도적으로 재설치 시점을 조정한 것인지 조사해야 한다”고 지적했다.앞서 LG유플러스는 8월 한국인터넷진흥원의 자체 점검 요구를 받은 뒤 “침해 흔적이 없다”고 보고했지만, 정부 합동조사단은 이후 해킹 정황을 포착한 것으로 알려졌다.고려대 정보보호대학원과 과기정통부, KISA는 LG유플러스 APPM 시스템이 외부 해커 침입에 노출된 것으로 잠정 결론을 내리고 조사를 이어가고 있다."
https://n.news.naver.com/mnews/article/003/0013548185?sid=100,2025-10-21 14:51:26,정치,과방위 출석한 통신사 대표 등 증인들,"[서울=뉴시스] 고승민 기자 = 홍범식(왼쪽부터) LGU+ 대표, 조좌진 롯데카드 대표, 김광일 MBK 대표이사, 유영상 SKT 대표, 김영섭 KT 대표21일 서울 여의도 국회에서 열린 과학기술정보방송통신위원회의 정보통신산업진흥원 등 국정감사에 출석하고 있다. 2025.10.21. kkssmm99@newsis.com"
https://n.news.naver.com/mnews/article/448/0000564999?sid=101,2025-10-21 14:53:23,경제,"홍범식 LGU+ 대표 ""당국에 해킹 피해 신고하겠다""","/출처 : LGU+LG유플러스가 당국에 해킹 피해 사실을 신고하겠다고 했다.홍범식 LG유플러스 대표는 21일 국회 과학기술정보방송통신위원회 정보통신기술(ICT) 분야 산하기관 국정감사에서 이해민 조국혁신당 의원이 한국인터넷진흥원(KISA)에 신고하겠느냐고 묻자 ""그렇게 하겠다""고 대답했다.홍 대표는 ""사이버 침해 사실을 확인한 이후에 신고하는 것으로 이해하고 있었는데 여러 혼란과 오해가 발생하고 있어 조금 더 적극적으로 검토할 예정""이라고 덧붙였다.이 의원은 ""LG유플러스가 비밀번호를 암호화하지 않고 소스코드 안에 그대로 노출했다는 것은 금고 바깥에 비밀번호를 써서 쪽지로 붙여 놓은 꼴""이라며 ""기술적인 문제 이전에 심각한 보안 불감증""이라고 비판했다.이 의원에 따르면 LG유플러스가 자체적으로 계정 권한 관리 시스템을 분석한 결과 모바일로 시스템에 접속 시 2차 인증 단계에서 숫자 '111111'을 입력하고 특정 메모리 값을 변조하면 시스템에 접근할 수 있는 등 모두 8개의 보안 취약점이 드러났다.웹페이지에는 별도 인증 없이 관리자 페이지에 접근할 수 있는 백도어가 있었고 소스코드에는 백도어에 접속할 수 있는 비밀번호 3자리, 계정 관리에 필요한 비밀번호가 암호화되지 안은 채 평문으로 노출돼 있었다.그는 ""LG유플러스가 서버 운영체계(OS)를 재설치하고 이미지를 뜬 것을 제출했는데 (재설치 전) 상황 그대로가 이미지에 담겼다고 어떻게 보장을 할 수 있는지가 문제""라며 ""이 과정에서 보안사고 매뉴얼대로 했는지 조사가 꼭 필요하다""고 강조했다.LG유플러스는 ""현재까지 조사에서는 침해사실이 발견되지 않았지만, 국민적 염려와 오해를 해소하는 차원에서 국회와 과기부의 절차에 따라 적극적으로 대응하겠다는 의미""라며 ""국정감사 이후 관련 부처와 협의해 추가 절차를 밟도록 하겠다""고 밝혔다."
https://n.news.naver.com/mnews/article/031/0000973684?sid=105,2025-10-21 14:54:16,IT/과학,"홍범식 LGU+ 대표 ""당국에 해킹 피해 신고하겠다"" [2025 국감]","이해민 의원 ""비밀번호 0000, 해커 위한 금고""…구멍난 보안 실태 질타홍범식 LG유플러스 대표가 21일 열린 국회 과학기술정보방송통신위원회 국정감사에서 해킹 피해 사실을 한국인터넷진흥원(KISA)에 신고하겠다고 밝혔다. 다만 핵심 질의마다 ""정확히 기억이 나지 않는다"", ""확인해보겠다""는 말을 반복해 구체적인 해명은 내놓지 못했다.홍범식 LG유플러스 사장이 서울 용산사옥에서 열린 타운홀미팅에서 취임 100일을 맞은 소회를 구성원들에게 전달하고 있는 모습. [사진=LGU+]이날 이해민 조국혁신당 의원은 LG유플러스의 내부 서버 유출 보고서를 거론하며 ""유출은 됐으나 침해 정황은 없다는 LG유플러스의 설명은 납득하기 어렵다""며 문제를 제기했다.이 의원은 ""보고서상에는 IP주소, 계정 아이디, 암호화된 패스워드, 사용자 이름, 로그인 이력 내용 등이 포함돼 있다""며 ""시스템 루트 계정도 나간 것 아니냐""고 추궁했다. 이에 홍범식 대표는 ""그 부분은 제가 확인을 해야 한다""며 구체적인 답변을 내놓지 못했다.이 의원은 확보한 취약점 목록을 공개하며 ""비밀번호를 0000으로 설정하고 금고 바깥에다가 '비밀번호는 0000입니다'라고 써놓은 수준""이라고 꼬집으면서 ""취약점을 언제 파악했느냐""고 질의했다. 하지만 홍 대표는 ""정확히 기억은 나지 않는다. 침해 흔적 정황이 있다는 보고를 받은 이후에 받은 것으로 기억한다""고만 답했다.이 의원은 ""LGU+가 서버를 재설치하면서 로그와 메모리 데이터가 모두 사라졌다""며 ""제일 중요한 부분인 이미징은 누가 떴느냐. 주체가 누구냐""고 물었다. 홍 대표는 ""구체적으로 어떤 사람이 떴는지는 잘 모르겠다""고 답변했다. 류제명 과학기술정보통신부 제2차관은 ""업체의 보안 담당자가 떠서 제출한 것으로 알고 있다""고 설명했다.이 의원은 홍 대표를 향해 ""이 문제가 다 질문으로 남은 이유는 LG유플러스에서 한국인터넷진흥원(KISA)에 신고를 안 해서 그렇다. 신고를 하시겠느냐""고 질의했다. 홍 대표는 ""국회와 과기부 절차에 따라서 따르도록 하겠다. 신고하겠다""고 말했다."
https://n.news.naver.com/mnews/article/421/0008552391?sid=100,2025-10-21 14:59:07,정치,"[국감] 과방위 국감, 선서하는 통신3사 대표들","(서울=뉴스1) 이승배 기자 = 김영섭 KT 대표가 21일 서울 여의도 국회 과학기술정보방송통신위원회에서 열린 정보통신산업진흥원 등에 대한 국정감사에 출석해 증인선서를 하고 있다. 왼쪽부터 김 대표, 홍범식 LGU+ 대표, 조좌진 롯데카드 대표, 김광일 MBK 대표이사, 유영상 SKT 대표. 2025.10.21/뉴스1"
https://n.news.naver.com/mnews/article/421/0008552394?sid=100,2025-10-21 14:59:11,정치,[국감] 과방위 국감 증인선서,"(서울=뉴스1) 이승배 기자 = 홍범식 LGU+ 대표, 조좌진 롯데카드 대표, 김광일 MBK 대표이사, 유영상 SKT 대표가 21일 서울 여의도 국회 과학기술정보방송통신위원회에서 열린 정보통신산업진흥원 등에 대한 국정감사에 출석해 증인 선서하고 있다. 2025.10.21/뉴스1"
https://n.news.naver.com/mnews/article/417/0001107945?sid=105,2025-10-21 15:00:25,IT/과학,"'LGU+ 해킹 의혹' 홍범식 사장 ""관련 기관에 신고하겠다""","21일 국정감사 출석한 홍 사장 ""국회와 과기정통부 절차 적극 따를 것""홍범식 LG유플러스 사장이 최근 발생한 해킹 사고와 관련해 ""한국인터넷진흥원(KISA)에 신고하겠다""고 밝혔다. 사진은 이날 국회 과학기술정보방송통신위원회 정보통신기술(ICT) 공공기관 국정감사가 진행되고 있는 모습. /사진=김성아 기자홍범식 LG유플러스 사장이 최근 발생한 해킹 사고와 관련해 ""한국인터넷진흥원(KISA)에 신고하겠다""고 밝혔다. LG유플러스는 침해 의혹이 제기된 서버 계정 권한 관리 시스템(APPM)에 대해 정부 포렌식 이전에 운영체제(OS)를 업데이트해 관련 흔적을 지우려 했다는 의혹을 받고 있다.21일 국회 과학기술정보방송통신위원회 국정감사에서 이해민 의원(조국혁신당·비례)이 이 같은 의혹을 제기하자 홍 사장은 ""KISA에 신고하겠다""고 답했다.현행 정보통신망법에 따르면 정보통신서비스 제공자는 해킹이나 디도스 공격 등 침해 사고를 인지한 경우 24시간 내 KISA에 신고해야 한다. 신고가 이뤄지지 않으면 정부는 공식 조사를 개시할 수 없다.미국 보안 전문지 프랙(Frack) 은 LG유플러스 내부 APPM의 소스코드와 데이터베이스, 서버 정보 등이 해킹됐다고 보도했으나 LG유플러스는 ""해킹 정황은 확인되지 않았고, 정보 유출도 없었다""는 입장을 고수해 왔다. 사진은 홍범식 LGU+ 대표가 21일 서울 여의도 국회에서 열린 과학기술정보방송통신위원회의 정보통신산업진흥원 등 국정감사에서 의원 질의에 답하고 있는 모습. /사진=뉴시스앞서 미국 보안 전문지 프랙(Frack) 은 LG유플러스 내부 APPM의 소스코드와 데이터베이스, 서버 정보 등이 해킹됐다고 보도했다. 이에 대해 LG유플러스는 ""해킹 정황은 확인되지 않았고, 정보 유출도 없었다""는 입장을 고수해 왔다.이해민 의원은 ""LG유플러스가 '정보 유출은 있었으나 서버 침해 정황은 없다'고 보고한 것은 집에 도둑이 들어 물건이 사라졌는데 '문이 멀쩡하다'고 변명하는 것과 다를 바 없다""고 비판했다.또 이 의원은 ""과학기술정보통신부의 자료 제출 요구 다음 날 LG유플러스가 APPM 관련 서버의 운영체제를 업데이트해 정부 포렌식 분석을 어렵게 했다""는 의혹도 제기했다.이 의원은 ""시스템을 재설치하는 바람에 메모리가 날아갔고, 하드디스크 이미징을 떴다고는 하지만 당시 상태가 그대로 보존됐다고 보장할 수 없다""며 ""일부러 시스템 재설치 후에 자료를 제출하려 한 것인지도 살펴봐야 한다""고 강조했다.이에 홍 사장은 ""저는 침해 사실이 확인된 이후 신고했다고 이해하고 있었다""며 ""다만 말씀하신 대로 혼란과 오해가 발생하고 있어 국회와 과기정통부 절차에 따라 적극 검토하겠다""고 밝혔다."
https://n.news.naver.com/mnews/article/421/0008552405?sid=100,2025-10-21 15:01:14,정치,[국감] 국감 답변하는 홍범식 LG 유플러스 대표,(서울=뉴스1) 이승배 기자 = 홍범식 LGU+ 대표가 21일 서울 여의도 국회 과학기술정보방송통신위원회에서 열린 정보통신산업진흥원 등에 대한 국정감사에 출석해 의원 질의에 답변하고 있다. 2025.10.21/뉴스1
https://n.news.naver.com/mnews/article/001/0015691722?sid=100,2025-10-21 15:01:23,정치,국감 출석한 해킹사태 관련 기업 대표들,"(서울=연합뉴스) 김주성 기자 = 21일 국회 과학기술정보방송통신위원회에서 열린 정보통신기술(ICT) 분야 산하기관 국정감사에서 김영섭 KT 대표이사가 해킹사태 관련 질의에 답변 후 자리로 돌아가고 있다.왼쪽부터 김영섭 대표이사, 홍범식 LGU+ 대표이사, 조좌진 롯데카드 대표이사, 김광일 MBK 대표이사, 유영상 SKT 대표이사. 2025.10.21utzza@yna.co.kr"
https://n.news.naver.com/mnews/article/421/0008552409?sid=100,2025-10-21 15:01:25,정치,[국감] 과방위 국감 나란히 출석한 통신3사 대표,"(서울=뉴스1) 이승배 기자 = 21일 서울 여의도 국회 과학기술정보방송통신위원회에서 열린 정보통신산업진흥원 등에 대한 국정감사에 통신3사 대표가 나란히 증인으로 출석해 있다. 왼쪽부터 홍범식 LGU+ 대표, 유영상 SKT 대표, 김영섭 KT 대표. 2025.10.21/뉴스1"
https://n.news.naver.com/mnews/article/421/0008552410?sid=100,2025-10-21 15:01:27,정치,[국감] 과방위 국감 출석한 증인들,"(서울=뉴스1) 이승배 기자 = 21일 서울 여의도 국회 과학기술정보방송통신위원회에서 열린 정보통신산업진흥원 등에 대한 국정감사에 증인들이 출석해 있다. 왼쪽부터 홍범식 LGU+ 대표, 조좌진 롯데카드 대표, 김광일 MBK 대표이사, 유영상 SKT 대표, 김영섭 KT 대표. 2025.10.21/뉴스1"
https://n.news.naver.com/mnews/article/421/0008552413?sid=100,2025-10-21 15:01:52,정치,[국감] 답변하는 홍범식 LG 유플러스 대표,(서울=뉴스1) 이승배 기자 = 홍범식 LGU+ 대표가 21일 서울 여의도 국회 과학기술정보방송통신위원회에서 열린 정보통신산업진흥원 등에 대한 국정감사에 출석해 의원 질의에 답변하고 있다. 2025.10.21/뉴스1
https://n.news.naver.com/mnews/article/031/0000973689?sid=100,2025-10-21 15:03:06,정치,[포토] 국정감사 출석해 답변하는 김영섭 KT대표,"김영섭 KT 대표가 21일 서울 여의도 국회 과학기술정보방송통신위원회에서 열린 정보통신산업진흥원 등에 대한 국정감사에서 질의에 답변하고 있다.왼쪽부터 홍범식 LGU+ 대표, 조좌진 롯데카드 대표, 김광일 MBK 대표이사, 유영상 SKT 대표.김영섭 KT 대표가 21일 서울 여의도 국회 과학기술정보방송통신위원회에서 열린 정보통신산업진흥원 등에 대한 국정감사에서 질의에 답변하고 있다.왼쪽부터 홍범식 LGU+ 대표, 조좌진 롯데카드 대표, 김광일 MBK 대표이사, 유영상 SKT 대표. [사진=곽영래 기자]김영섭 KT 대표가 21일 서울 여의도 국회 과학기술정보방송통신위원회에서 열린 정보통신산업진흥원 등에 대한 국정감사에서 질의에 답변하고 있다.왼쪽부터 홍범식 LGU+ 대표, 조좌진 롯데카드 대표, 김광일 MBK 대표이사, 유영상 SKT 대표. [사진=곽영래 기자]김영섭 KT 대표가 21일 서울 여의도 국회 과학기술정보방송통신위원회에서 열린 정보통신산업진흥원 등에 대한 국정감사에서 질의에 답변하고 있다.왼쪽부터 홍범식 LGU+ 대표, 조좌진 롯데카드 대표, 김광일 MBK 대표이사, 유영상 SKT 대표. [사진=곽영래 기자]김영섭 KT 대표가 21일 서울 여의도 국회 과학기술정보방송통신위원회에서 열린 정보통신산업진흥원 등에 대한 국정감사에서 질의에 답변하고 있다.왼쪽부터 홍범식 LGU+ 대표, 조좌진 롯데카드 대표, 김광일 MBK 대표이사, 유영상 SKT 대표. [사진=곽영래 기자]"
https://n.news.naver.com/mnews/article/001/0015691727?sid=100,2025-10-21 15:03:23,정치,국감 출석한 해킹사태 관련 기업 대표들,"(서울=연합뉴스) 김주성 기자 = 21일 국회 과학기술정보방송통신위원회에서 열린 정보통신기술(ICT) 분야 산하기관 국정감사에서 김영섭 KT 대표이사가 해킹사태 관련 질의에 답변 후 물을 마시고 있다.왼쪽부터 홍범식 LGU+ 대표이사, 조좌진 롯데카드 대표이사, 김광일 MBK 대표이사, 유영상 SKT 대표이사, 김영섭 KT 대표이사. 2025.10.21utzza@yna.co.kr"
https://n.news.naver.com/mnews/article/001/0015691728?sid=100,2025-10-21 15:03:27,정치,국감 출석한 해킹사태 관련 기업 대표들,"(서울=연합뉴스) 김주성 기자 = 21일 국회 과학기술정보방송통신위원회에서 열린 정보통신기술(ICT) 분야 산하기관 국정감사에서 김영섭 KT 대표이사가 해킹사태 관련 질의에 답변 후 물을 마시고 있다.왼쪽부터 홍범식 LGU+ 대표이사, 조좌진 롯데카드 대표이사, 김광일 MBK 대표이사, 유영상 SKT 대표이사, 김영섭 KT 대표이사. 2025.10.21utzza@yna.co.kr"
https://n.news.naver.com/mnews/article/277/0005667520?sid=105,2025-10-21 15:03:30,IT/과학,"[2025국감]홍범식 LG U+ 대표 ""KISA에 해킹 정황 신고할 것""","이해민 ""기술적 문제 이전에 보안 불감증""정보 유출에도 해킹 사실을 인정하지 않던 LG유플러스가 관련 당국에 해킹 정황을 신고하겠다고 입장을 바꿨다.홍범식 LG유플러스 대표는 21일 국회 과학기술정보방송통신위원회의 국정감사에서 한국인터넷진흥원(KISA)에 신고하겠냐는 이해민 조국혁신당 의원 질의에 ""그렇게 하겠다""고 답했다.홍범식 LG유플러스 사장. LG유플러스 제공이날 증인으로 출석한 홍 대표는 ""사이버 침해 사실을 확인한 이후에 신고하는 것으로 이해하고 있었는데, 여러 혼란과 오해가 발생하고 있어 조금 더 적극적으로 검토하겠다""고 설명했다.이 의원은 ""LG유플러스가 비밀번호를 암호화하지 않고 소스코드 안에 그대로 노출했다는 것은 금고 바깥에 비밀번호를 써서 쪽지로 붙여 놓은 꼴""이라며 ""방어막은 커녕 해커들을 위한 레드카펫을 깔아둔 셈""이라고 비판했다.이어 ""기술적인 문제 이전에 심각한 보안 불감증이다. 내가보안 컨설팅을 해주는 기분""이라고 꼬집었다.이 의원에 따르면 LG유플러스가 자체적으로 계정 권한 관리 시스템을 분석한 결과, 모바일로 시스템에 접속 시 2차 인증 단계에서 숫자 '111111'을 입력하고 특정 메모리값을 변조하면 시스템에 접근할 수 있는 등 모두 8개의 보안 취약점이 드러났다.웹페이지에는 별도 인증 없이 관리자 페이지에 접근할 수 있는 백도어가 있었고 소스코드에는 백도어에 접속할 수 있는 비밀번호 3자리, 계정 관리에 필요한 비밀번호가 암호화되지 않은 평문으로 노출돼 있었다.LG유플러스는 전날 서버 계정 권한 관리 시스템(APPM)이 사이버 침해를 당한 것으로 지목되자 서버 운영체제(OS) 업데이트를 실시해 관련 흔적을 지우려 했다는 의혹이 제기됐다.국회 과방위원장인 최민희 더불어민주당 의원에 따르면 지난 7월 익명의 화이트해커가 KT와 LG유플러스에서 서버 해킹이 있었다는 제보를 전달한 직후 한국인터넷진흥원(KISA)은 두 회사에 내용을 통보하고 자체 점검을 요구했다. 해당 내용은 미국의 해킹 전문지 '프랙(Phrack)'에도 공개됐다.이어 한 달 뒤 과학기술정보통신부가 LG유플러스에 자체 조사 결과를 제출하라고 요구했고, 다음 날 LG유플러스는 APPM 관련 서버의 OS를 업데이트했다."
https://n.news.naver.com/mnews/article/001/0015691733?sid=100,2025-10-21 15:04:02,정치,국감 증인선서하는 해킹사태 관련 기업 대표들,"(서울=연합뉴스) 김주성 기자 = 21일 국회 과학기술정보방송통신위원회에서 열린 정보통신기술(ICT) 분야 산하기관 국정감사에서 김영섭 KT 대표이사를 비롯한 해킹사태 관련 기업 대표들이 증인 선서를 하고 있다.왼쪽부터 김영섭 KT 대표이사, 홍범식 LGU+ 대표이사, 조좌진 롯데카드 대표이사, 김광일 MBK 대표이사, 유영상 SKT 대표이사. 2025.10.21utzza@yna.co.kr"
https://n.news.naver.com/mnews/article/031/0000973690?sid=100,2025-10-21 15:04:16,정치,[포토] 국정감사 출석한 해킹사태 관련 기업 대표들,"홍범식 LGU+ 대표, 조좌진 롯데카드 대표, 김광일 MBK 대표이사, 유영상 SKT 대표, 김영섭 KT 대표가 21일 서울 여의도 국회 과학기술정보방송통신위원회에서 열린 정보통신산업진흥원 등에 대한 국정감사에서 출석하고 있다.홍범식 LGU+ 대표, 조좌진 롯데카드 대표, 김광일 MBK 대표이사, 유영상 SKT 대표, 김영섭 KT 대표가 21일 서울 여의도 국회 과학기술정보방송통신위원회에서 열린 정보통신산업진흥원 등에 대한 국정감사에서 출석하고 있다. [사진=곽영래 기자]홍범식 LGU+ 대표, 조좌진 롯데카드 대표, 김광일 MBK 대표이사, 유영상 SKT 대표, 김영섭 KT 대표가 21일 서울 여의도 국회 과학기술정보방송통신위원회에서 열린 정보통신산업진흥원 등에 대한 국정감사에서 출석하고 있다. [사진=곽영래 기자]"
https://n.news.naver.com/mnews/article/001/0015691737?sid=100,2025-10-21 15:05:47,정치,국감 출석한 통신3사 대표들,"(서울=연합뉴스) 김주성 기자 = 21일 국회 과학기술정보방송통신위원회에서 열린 정보통신기술(ICT) 분야 산하기관 국정감사에서 통신3사 대표들이 일어서서 위원 질의를 듣고 있다.왼쪽부터 홍범식 LGU+ 대표이사, 유영상 SKT 대표이사, 김영섭 KT 대표이사. 2025.10.21utzza@yna.co.kr"
https://n.news.naver.com/mnews/article/031/0000973691?sid=100,2025-10-21 15:06:09,정치,[포토] 해킹 관련 답변하는 홍범식 LGU+ 대표,홍범식 LGU+ 대표가 21일 서울 여의도 국회 과학기술정보방송통신위원회에서 열린 정보통신산업진흥원 등에 대한 국정감사에서 의원 질의에 답변하고 있다.홍범식 LGU+ 대표가 21일 서울 여의도 국회 과학기술정보방송통신위원회에서 열린 정보통신산업진흥원 등에 대한 국정감사에서 의원 질의에 답변하고 있다. [사진=곽영래 기자]·
https://n.news.naver.com/mnews/article/003/0013548270?sid=105,2025-10-21 15:07:47,IT/과학,"""너희도 해킹 당했어"" 계속된 외부 의혹에…홍범식 LGU+ 대표 ""정부 검증 절차 따를 것""(종합)","계속된 압박에 LGU+, 국감서 ""KISA 자진신고하겠다""""침해사실 발견한 건 아니지만 오해 해소 차원""국정감사 이후 민관합동조사단 구성될 듯[서울=뉴시스] 고승민 기자 = 홍범식 LGU+ 대표가 21일 서울 여의도 국회에서 열린 과학기술정보방송통신위원회의 정보통신산업진흥원 등 국정감사에서 의원 질의에 답하고 있다. 2025.10.21. kkssmm99@newsis.com[서울=뉴시스]박은비 심지혜 윤현성 기자 = 홍범식 LG유플러스 대표가 미 보안 전문지 프랙이 제기한 개인정보 유출 의혹과 관련 국회의 거듭된 압박에 ""한국인터넷진흥원(KISA)에 신고하겠다""고 밝혔다. 자체 조사 결과 사이버 침해사고 흔적은 찾지 못했지만, 해킹 의혹이 쉽사리 가시지 않자 정부 검증절차를 밟는 쪽으로 급선회한 것으로 분석된다.홍 대표는 21일 오후 국회 과학기술정보방통통신위원회의 해킹 관련 기관 국정감사 증인으로 출석해 이해민 조국혁신당 의원 질의에 이같이 답변했다.홍 대표는 ""원래 제가 이해했던 바는 침해 사실 확인이 된 이후에 신고하는 것으로 이해하고 있었다""면서도 ""다만 여러 혼란과 오해가 발생하고 있어서 이 부분에 대해 조금 더 적극적으로 검토할 예정이다. 국회와 과학기술정보통신부 절차에 따라 따르도록 하겠다""고 말했다. LG유플러스는 국정감사 이후 과기정통부와의 협의를 거쳐 추가 절차를 밟을 예정이다. 통상적으로 민관합동조사단의 검증절차에 돌입하게 된다.프랙이 지난 8월 공개한 내용에 따르면 LG유플러스는 계정 권한 관리 시스템(APPM) 서버 정보와 4만여개 계정 등이 유출된 것으로 의심받고 있다. APPM 서버는 통신사 서비스 이용에 필요한 각종 인증을 통합 관리하는 프로그램이다.과기정통부도 이보다 앞서 같은 내용의 제보를 받고 지난 7월 19일 LG유플러스에 자체 점검을 요청했는데, LG유플러스는 8월 13일 ""침해 사고 흔적이 없다""고 통보했다.하지만 LG유플러스는 보고 하루 전날 APPM 서버 운영체제(OS)를 재설치한 것으로 전해졌다. 통상 서버 OS를 다시 깔면 기존 데이터가 덮여 포렌식 등 정밀 분석이 사실상 불가능해진다.이와 관련 LG유플러스는 서버 업데이트 진행 이전과 이후 각 서버 이미징을 떠서 KISA에 제출했다고 해명했다. 홍 대표는 이날 '이미징을 뜬 주체가 LG유플러스인지 아니면 제3의 기관인지' 묻는 이 의원 질문에 제대로 답변하지 못했다.그러자 이 의원은 ""그것도 모르냐. 그게 지금 질문에 키포인트""라며 ""LG유플러스에서 일부만 떴는지 안 떴는지 어떻게 믿나. 이건 의심 정황이라고 보이며, 일부러 시스템 재설치한 후에 제출 하려는 시도가 있었는지도 한 번 살펴야 한다""고 주장했다. 이에 대해 류제명 과기정통부 2차관도 ""밝혀야 한다""고 강조했다．"
https://n.news.naver.com/mnews/article/031/0000973692?sid=100,2025-10-21 15:08:11,정치,[포토] 국정감사 출석한 통신사 3사 대표들,"홍범식 LGU+ 대표, 유영상 SKT 대표, 김영섭 KT 대표가 21일 서울 여의도 국회 과학기술정보방송통신위원회에서 열린 정보통신산업진흥원 등에 대한 국정감사에서 출석하고 있다.홍범식 LGU+ 대표, 유영상 SKT 대표, 김영섭 KT 대표가 21일 서울 여의도 국회 과학기술정보방송통신위원회에서 열린 정보통신산업진흥원 등에 대한 국정감사에서 출석하고 있다. [사진=곽영래 기자]"
https://n.news.naver.com/mnews/article/001/0015691748?sid=100,2025-10-21 15:09:30,정치,답변하는 홍범식 LGU+ 대표이사,(서울=연합뉴스) 김주성 기자 = 21일 국회 과학기술정보방송통신위원회에서 열린 정보통신기술(ICT) 분야 산하기관 국정감사에서 홍범식 LGU+ 대표이사가 해킹 사태와 관련한 위원 질의에 답하고 있다. 2025.10.21utzza@yna.co.kr
https://n.news.naver.com/mnews/article/001/0015691749?sid=100,2025-10-21 15:09:33,정치,답변하는 홍범식 LGU+ 대표이사,(서울=연합뉴스) 김주성 기자 = 21일 국회 과학기술정보방송통신위원회에서 열린 정보통신기술(ICT) 분야 산하기관 국정감사에서 홍범식 LGU+ 대표이사가 해킹 사태와 관련한 위원 질의에 답하고 있다. 2025.10.21utzza@yna.co.kr
https://n.news.naver.com/mnews/article/001/0015691757?sid=100,2025-10-21 15:12:12,정치,국감 출석한 통신3사 대표들,"(서울=연합뉴스) 김주성 기자 = 21일 국회 과학기술정보방송통신위원회에서 열린 정보통신기술(ICT) 분야 산하기관 국정감사에서 통신3사 대표들이 일어서서 위원 질의를 듣고 있다.왼쪽부터 홍범식 LGU+ 대표이사, 유영상 SKT 대표이사, 김영섭 KT 대표이사. 2025.10.21utzza@yna.co.kr"
https://n.news.naver.com/mnews/article/055/0001301479?sid=102,2025-10-21 15:13:55,사회,"홍범식 LG유플러스 대표 ""당국에 해킹 피해 신고하겠다""","▲ 21일 국회 과학기술정보방송통신위원회에서 열린 정보통신기술(ICT) 분야 산하기관 국정감사에서 홍범식 LGU+ 대표이사가 해킹 사태와 관련한 위원 질의에 답하고 있다.LG유플러스가 해킹 피해를 인정하지 않다가 당국에 피해 사실을 신고하겠다고 입장을 바꿨습니다.홍범식 LG유플러스 대표는 오늘(21일) 국회 과학기술정보방송통신위원회 정보통신기술(ICT) 분야 산하기관 국정감사에서 이해민 조국혁신당 의원이 한국인터넷진흥원(KISA)에 신고하겠느냐고 묻자 ""그렇게 하겠다""고 대답했습니다.홍 대표는 ""사이버 침해 사실을 확인한 이후에 신고하는 것으로 이해하고 있었는데 여러 혼란과 오해가 발생하고 있어 조금 더 적극적으로 검토할 예정""이라고 부연했습니다.이 의원은 ""LG유플러스가 비밀번호를 암호화하지 않고 소스코드 안에 그대로 노출했다는 것은 금고 바깥에 비밀번호를 써서 쪽지로 붙여 놓은 꼴""이라며 ""기술적인 문제 이전에 심각한 보안 불감증""이라고 비판했습니다.이 의원에 따르면 LG유플러스가 자체적으로 계정 권한 관리 시스템을 분석한 결과 모바일로 시스템에 접속 시 2차 인증 단계에서 숫자 '111111'을 입력하고 특정 메모리 값을 변조하면 시스템에 접근할 수 있는 등 모두 8개의 보안 취약점이 드러났습니다.웹페이지에는 별도 인증 없이 관리자 페이지에 접근할 수 있는 백도어가 있었고 소스코드에는 백도어에 접속할 수 있는 비밀번호 3자리, 계정 관리에 필요한 비밀번호가 암호화되지 않은 채 평문으로 노출돼 있었습니다.그는 ""LG유플러스가 서버 운영체계(OS)를 재설치하고 이미지를 뜬 것을 제출했는데 (재설치 전) 상황 그대로가 이미지에 담겼다고 어떻게 보장을 할 수 있는지가 문제""라며 ""이 과정에서 보안사고 매뉴얼대로 했는지 조사가 꼭 필요하다""고 강조했습니다.(사진=연합뉴스)"
https://n.news.naver.com/mnews/article/003/0013548296?sid=100,2025-10-21 15:15:45,정치,국감 출석한 증인들,"[서울=뉴시스] 고승민 기자 = 홍범식(왼쪽 세번째부터) LGU+ 대표, 조좌진 롯데카드 대표, 김광일 MBK 대표이사, 유영상 SKT 대표, 김영섭 KT 대표21일 서울 여의도 국회에서 열린 과학기술정보방송통신위원회의 정보통신산업진흥원 등 국정감사에 출석하고 있다. 2025.10.21. kkssmm99@newsis.com"
https://n.news.naver.com/mnews/article/003/0013548297?sid=100,2025-10-21 15:15:45,정치,국감 출석한 증인들,"[서울=뉴시스] 고승민 기자 = 홍범식(왼쪽 세번째부터) LGU+ 대표, 조좌진 롯데카드 대표, 김광일 MBK 대표이사, 유영상 SKT 대표, 김영섭 KT 대표21일 서울 여의도 국회에서 열린 과학기술정보방송통신위원회의 정보통신산업진흥원 등 국정감사에 출석하고 있다. 2025.10.21. kkssmm99@newsis.com"
https://n.news.naver.com/mnews/article/003/0013548295?sid=100,2025-10-21 15:15:45,정치,국감 출석한 증인들,"[서울=뉴시스] 고승민 기자 = 홍범식(왼쪽 두번째부터) LGU+ 대표, 조좌진 롯데카드 대표, 김광일 MBK 대표이사, 유영상 SKT 대표, 김영섭 KT 대표21일 서울 여의도 국회에서 열린 과학기술정보방송통신위원회의 정보통신산업진흥원 등 국정감사에 출석하고 있다. 2025.10.21. kkssmm99@newsis.com"
https://n.news.naver.com/mnews/article/003/0013548294?sid=100,2025-10-21 15:15:45,정치,국감 출석한 증인들,"[서울=뉴시스] 고승민 기자 = 홍범식(왼쪽 세번째부터) LGU+ 대표, 조좌진 롯데카드 대표, 김광일 MBK 대표이사, 유영상 SKT 대표, 김영섭 KT 대표21일 서울 여의도 국회에서 열린 과학기술정보방송통신위원회의 정보통신산업진흥원 등 국정감사에 출석하고 있다. 2025.10.21. kkssmm99@newsis.com"
https://n.news.naver.com/mnews/article/001/0015691799?sid=100,2025-10-21 15:17:15,정치,국감 증인석에 앉은 해킹사태 관련 기업 대표들,"(서울=연합뉴스) 김주성 기자 = 21일 국회 과학기술정보방송통신위원회에서 열린 정보통신기술(ICT) 분야 산하기관 국정감사에서 김영섭 KT 대표이사 등 해킹사태 관련 기업 대표들이 출석해 증인석에 앉아 있다.왼쪽부터 홍범식 LGU+ 대표이사, 조좌진 롯데카드 대표이사, 김광일 MBK 대표이사, 유영상 SKT 대표이사, 김영섭 KT 대표이사. 2025.10.21utzza@yna.co.kr"
https://n.news.naver.com/mnews/article/001/0015691804?sid=100,2025-10-21 15:17:48,정치,국감 출석한 해킹사태 관련 기업 대표들,"(서울=연합뉴스) 김주성 기자 = 21일 국회 과학기술정보방송통신위원회에서 열린 정보통신기술(ICT) 분야 산하기관 국정감사에서 김영섭 KT 대표이사가 해킹사태 관련 질의에 답변 후 자리로 돌아가고 있다.왼쪽부터 김영섭 KT 대표이사, 홍범식 LGU+ 대표이사, 조좌진 롯데카드 대표이사, 김광일 MBK 대표이사, 유영상 SKT 대표이사. 2025.10.21utzza@yna.co.kr"
https://n.news.naver.com/mnews/article/079/0004077401?sid=100,2025-10-21 15:22:13,정치,"국회 과방위, 증인 선서","21일 서울 여의도 국회에서 열린 과학기술정보방송통신위원회의 정보통신산업진흥원 등에 대한 국정감사에 김영섭 KT대표, 홍범식 LGU+대표, 유영상 SKT대표, 조좌진 롯데카드 대표, 김광일 MBK 대표이사 등이 출석해 증인 선서를 하고 있다.※CBS노컷뉴스는 여러분의 제보로 함께 세상을 바꿉니다. 각종 비리와 부당대우, 사건사고와 미담 등 모든 얘깃거리를 알려주세요.이메일 :jebo@cbs.co.kr카카오톡 :@노컷뉴스사이트 :https://url.kr/b71afn"
https://n.news.naver.com/mnews/article/079/0004077402?sid=100,2025-10-21 15:22:15,정치,국감 증인 출석한 통신 3사 대표와 롯데카드·MBK 대표이사,"21일 서울 여의도 국회에서 열린 과학기술정보방송통신위원회의 정보통신산업진흥원 등에 대한 국정감사에 김영섭 KT대표, 유영상 SKT대표, 김광일 MBK 대표이사, 조좌진 롯데카드 대표, 홍범식 LGU+대표가 증인으로 출석하고 있다.※CBS노컷뉴스는 여러분의 제보로 함께 세상을 바꿉니다. 각종 비리와 부당대우, 사건사고와 미담 등 모든 얘깃거리를 알려주세요.이메일 :jebo@cbs.co.kr카카오톡 :@노컷뉴스사이트 :https://url.kr/b71afn"
https://n.news.naver.com/mnews/article/421/0008552506?sid=100,2025-10-21 15:22:38,정치,[국감] 김영섭 KT 대표 '갈증',"(서울=뉴스1) 신웅수 기자 = 김영섭 KT 대표가 21일 서울 여의도 국회 과학기술정보방송통신위원회에서 열린 정보통신산업진흥원 등에 대한 국정감사에서 목을 축이고 있다.왼쪽부터 홍범식 LGU+ 대표, 조좌진 롯데카드 대표, 김광일 MBK 대표이사, 유영상 SKT 대표, 김 대표. 2025.10.21/뉴스1"
https://n.news.naver.com/mnews/article/421/0008552507?sid=100,2025-10-21 15:22:41,정치,[국감]답변 마친 김영섭 KT 대표,"(서울=뉴스1) 신웅수 기자 = 김영섭 KT 대표가 21일 서울 여의도 국회 과학기술정보방송통신위원회에서 열린 정보통신산업진흥원 등에 대한 국정감사에서 의원 질의에 답변한 후 증인석으로 향하고 있다.왼쪽부터 김 대표, 홍범식 LGU+ 대표, 조좌진 롯데카드 대표, 김광일 MBK 대표이사, 유영상 SKT 대표. 2025.10.21/뉴스1"
https://n.news.naver.com/mnews/article/421/0008552509?sid=100,2025-10-21 15:22:47,정치,"[국감]통신3사 CEO, 해킹 관련 국감 증인 출석","(서울=뉴스1) 신웅수 기자 = 유영상 SKT 대표가 21일 서울 여의도 국회 과학기술정보방송통신위원회에서 열린 정보통신산업진흥원 등에 대한 국정감사에서 얼굴을 매만지고 있다.왼쪽부터 홍범식 LGU+ 대표, 조좌진 롯데카드 대표, 김광일 MBK 대표이사, 유영상 SKT 대표, 김영섭 KT 대표. 2025.10.21/뉴스1"
https://n.news.naver.com/mnews/article/421/0008552514?sid=100,2025-10-21 15:23:08,정치,[국감]인사하는 홍범식 LGU+ 대표,(서울=뉴스1) 신웅수 기자 = 홍범식 LGU+ 대표가 21일 서울 여의도 국회 과학기술정보방송통신위원회에서 열린 정보통신산업진흥원 등에 대한 국정감사에서 인사하고 있다. 2025.10.21/뉴스1
https://n.news.naver.com/mnews/article/421/0008552515?sid=100,2025-10-21 15:23:18,정치,[국감]증인석 향하는 김영섭 대표,"(서울=뉴스1) 신웅수 기자 = 김영섭 KT 대표가 21일 서울 여의도 국회 과학기술정보방송통신위원회에서 열린 정보통신산업진흥원 등에 대한 국정감사에서 의원 질의에 답변한 후 증인석으로 향하고 있다.왼쪽부터 김 대표, 홍범식 LGU+ 대표, 조좌진 롯데카드 대표, 김광일 MBK 대표이사, 유영상 SKT 대표. 2025.10.21/뉴스1"
https://n.news.naver.com/mnews/article/421/0008552518?sid=100,2025-10-21 15:23:31,정치,[국감]얼굴 매만지는 유영상 대표,"(서울=뉴스1) 신웅수 기자 = 유영상 SKT 대표가 21일 서울 여의도 국회 과학기술정보방송통신위원회에서 열린 정보통신산업진흥원 등에 대한 국정감사에서 얼굴을 매만지고 있다.왼쪽부터 홍범식 LGU+ 대표, 조좌진 롯데카드 대표, 김광일 MBK 대표이사, 유영상 SKT 대표, 김영섭 KT 대표. 2025.10.21/뉴스1"
https://n.news.naver.com/mnews/article/421/0008552519?sid=100,2025-10-21 15:23:36,정치,[국감]대규모 해킹 관련 국감 출석한 통신3사 CEO,"(서울=뉴스1) 신웅수 기자 = 김영섭 KT 대표가 21일 서울 여의도 국회 과학기술정보방송통신위원회에서 열린 정보통신산업진흥원 등에 대한 국정감사에서 의원 질의에 답변한 후 증인석으로 향하고 있다.왼쪽부터 김 대표, 홍범식 LGU+ 대표, 조좌진 롯데카드 대표, 김광일 MBK 대표이사, 유영상 SKT 대표. 2025.10.21/뉴스1"
https://n.news.naver.com/mnews/article/421/0008552522?sid=100,2025-10-21 15:23:43,정치,[국감]김영섭 KT 대표 '갈증',"(서울=뉴스1) 신웅수 기자 = 김영섭 KT 대표가 21일 서울 여의도 국회 과학기술정보방송통신위원회에서 열린 정보통신산업진흥원 등에 대한 국정감사에서 목을 축이고 있다.왼쪽부터 홍범식 LGU+ 대표, 조좌진 롯데카드 대표, 김광일 MBK 대표이사, 유영상 SKT 대표, 김 대표. 2025.10.21/뉴스1"
https://n.news.naver.com/mnews/article/003/0013548354?sid=100,2025-10-21 15:25:49,정치,증인선서하는 과방위 증인들,"[서울=뉴시스] 고승민 기자 = 홍범식(왼쪽부터) LGU+ 대표, 조좌진 롯데카드 대표, 김광일 MBK 대표이사, 유영상 SKT 대표가 21일 서울 여의도 국회에서 열린 과학기술정보방송통신위원회의 정보통신산업진흥원 등 국정감사에 출석, 증인선서를 하고 있다. 2025.10.21. kkssmm99@newsis.com"
https://n.news.naver.com/mnews/article/030/0003361190?sid=105,2025-10-21 15:31:14,IT/과학,"홍범식 LGU+ 대표 “해킹 정황, KISA에 신고할 것”","홍범식 LG유플러스 사장. 이동근기자 foto@etnews.com홍범식 LG유플러스 사장이 21일 해킹 피해 의혹 해소를 위해 한국인터넷진흥원(KISA)에 관련 내용을 신고하겠다고 밝혔다.홍 대표는 이날 국회 과학기술정보방송통신위원회 정보통신기술 분야 산하기관 국정감사에서 “서버가 침해 당한 사실을 신고할 것인가”라는 이해민 조국혁신당 의원의 질의에 이같이 답했다.홍 대표는 “여러 혼란과 오해가 발생을 하고 있다. 이 부분에 대해서는 조금 더 적극적으로 검토할 예정”이라며 “국회와 과학기술정보통신부 절차에 따르도록 하겠다”고 말했다.앞서 미국 보안 전문지 프랙(Phrack)은 올 8월 LG유플러스가 계정 권한 관리 시스템(APPM) 서버 정보와 4만여개 계정 등이 유출됐을 가능성을 제기했다. APPM 서버는 통신사 서비스 이용에 필요한 각종 인증을 통합 관리하는 프로그램이다.이를 사전에 인지한 과학기술정보통신부는 7월 19일 LG유플러스에 자체 점검을 요청했고, 8월 13일 LG유플러스는 “침해 사고 흔적 없다”고 밝혔다.하지만 LG유플러스는 과학기술정보통신부 보고 하루 전날 APPM 서버 운용체계(OS)의 재설치를 진행하면서 해킹 피해를 은폐하려는 것 아니냐는 비판이 나왔다. 이에 대해 LG유플러스는 서버 업데이트 진행 이전과 이후 서버 이미징을 확보해 KISA에 제출했다고 해명한 상태다.이해민 의원은 “LG유플러스가 서버 OS를 재설치하고 이미지를 뜬 것을 제출했는데 (재설치 전) 상황 그대로가 이미지에 담겼다고 어떻게 보장을 할 수 있는지가 문제”라며 “이 과정에서 보안사고 매뉴얼대로 했는지 조사가 꼭 필요하다”고 강조했다."
https://n.news.naver.com/mnews/article/003/0013548381?sid=105,2025-10-21 15:32:31,IT/과학,"이해민 의원 ""LGU+, 보안 취약점 8건 발견…관리자 페이지 백도어 존재""","""취약점으로 내부망 침투 가능한 수준…관련 서버 폐기, 증거인멸 의혹""홍범식 LGU+ 대표 ""오해 해소 차원에서 정부에 신고하겠다""[서울=뉴시스] 고승민 기자 = 홍범식 LGU+ 대표가 21일 서울 여의도 국회에서 열린 과학기술정보방송통신위원회의 정보통신산업진흥원 등 국정감사에서 의원 질의에 답하고 있다. 2025.10.21. kkssmm99@newsis.com[서울=뉴시스] 심지혜 박은비 윤현성 기자 = LG유플러스가 운용하던 계정권한관리시스템(APPM)에서 8건의 치명적인 보안 취약점이 있다는 주장이 나왔다. 소스코드와 데이터베이스 일체가 유출된 정황도 포착됐으며, 일부 서버가 재설치·폐기돼 증거인멸 의혹까지 제기됐다.21일 국회 과학기술정보방송통신위원회 소속 이해민 조국혁신당 의원이 LG유플러스로부터 제출받은 자료를 분석한 결과라며 해당 시스템은 원격 권한탈취와 내부망 침투가 가능한 수준의 중대 결함을 안고 있다고 지적했다.의원실이 확보한 취약점 목록에 따르면 ▲모바일 접속 시 특정 숫자 입력과 메모리 값 변조만으로 2차 인증 우회 가능 ▲관리자 페이지 백도어 존재 ▲소스코드 내 비밀번호·암호화 키 평문 노출 등 총 8건의 중대 결함이 확인됐다.이 의원은 ""단 하나만으로도 원격 권한탈취는 물론, 내부망 침투가 가능한 수준""이라고 지적했다.앞서 미국 보안잡지 프랙의 보고서는 서버 목록(서버명·IP 등) 약 8000여 대, 계정 약 4만여 건, 직원·협력사 167명의 실명·ID 등이 포함됐다고 주장했다.이 자료는 시큐어키가 제작한 계정권한관리시스템 관련 파일에서 확인된 것으로, 시큐어키는 자체적으로 KISA 등 관계기관에 유출 사실을 신고했으나, LG유플러스는 “침해 정황 없음”이라며 정식 신고를 하지 않은 상태다.이 의원은 LG유플러스의 조사·대응 과정을 문제 삼았다. 해당 솔루션을 제작한 시큐어키는 7월 말 KISA에 침해사고를 신고하고 포렌식용 이미징을 제출한 것으로 알려졌다.그러나 LG유플러스가 일부 서버를 재설치·폐기한 정황이 확인되면서 최초 상태의 보전 여부와 포렌식 무결성에 큰 의문이 있다는 게 이 의원실 지적이다.이 의원은 ""시스템 재설치로 포렌식 증거가 훼손됐을 가능성에 대해 수사 의뢰 수준의 정밀조사가 필요하다""고 촉구했다.이 의원은 ""8가지 취약점 중 단 하나만 존재해도 치명적인데, 이 정도면 해커를 위한 레드카펫을 깔아둔 수준""이라며 ""기술적 문제를 넘어선 심각한 보안 불감증""이라고 비판했다.이어 ""동일 솔루션을 쓰는 다수 기업으로 피해가 확산될 우려가 크다""며 ""과학기술정보통신부와 KISA는 민관합동조사단 수준의 전수조사에 즉시 착수해야 한다""고 촉구했다.이 의원은 이날 국정감사에서 증인으로 출석한 홍범식 LG유플러스 대표에게 ""도둑이 들어서 밖에서 내 물건이 발견됐는데 들어온 흔적이 없다는 주장""이라며 ""해커들은 로그 기록 남기지 않는다. 발자국을 지우면서 나온다""고 비판했다.특히 LG유플러스가 APPM 서버를 재설치한 것과 관련해서 ""상황이 안좋아서 밀고 깔았을 가능성이 있지만 매뉴얼대로 했는지 조사가 필요하다""며 ""하지만 그 상황을 다 담았다고 보장할 수 없다""고 주장했다.그러면서 KISA에 해킹 사실을 신고하고 철저한 조사를 받을 것인지 질의했다. 홍 대표는 ""혼란과 오해가 발생하고 있어 이 부분에 대해서는 조금 더 적극적으로 검토하겠다""고 말했다.하지만 이 의원이 재차 ""신고하겠다는 뜻이냐""고 묻자 ""신고하겠다""고 답변했다.LG유플러스 측은 공식 입장문을 통해 ""현재까지 조사에서는 침해사실이 발견되지 않았지만, 국민적 염려와 오해를 해소하는 차원에서 국회와 과기정통부의 절차에 따라 적극적으로 대응하겠다는 의미""며 ""국정감사 이후 관련 부처와 협의해 추가 절차를 밟겠다""고 했다."
https://n.news.naver.com/mnews/article/117/0003999960?sid=103,2025-10-21 15:33:09,생활/문화,[MD포토] 국정감사 출석한 해킹사태 관련 기업 대표들,"[마이데일리 = 곽경훈 기자] 홍범식 LGU+ 대표, 조좌진 롯데카드 대표, 김광일 MBK 대표이사, 유영상 SKT 대표, 김영섭 KT 대표(왼쪽부터)가 21일 서울 여의도 국회 과학기술정보방송통신위원회에서 열린 정보통신산업진흥원 등에 대한 국정감사에서 출석하고 있다."
https://n.news.naver.com/mnews/article/421/0008552553?sid=100,2025-10-21 15:35:12,정치,[국감]인사하는 김영섭 KT 대표,"(서울=뉴스1) 신웅수 기자 = 김영섭 KT 대표가 21일 서울 여의도 국회 과학기술정보방송통신위원회에서 열린 정보통신산업진흥원 등에 대한 국정감사에서 인사하고 있다. 왼쪽부터 김 대표, 홍범식 LGU+ 대표, 조좌진 롯데카드 대표, 김광일 MBK 대표이사, 유영상 SKT 대표. 2025.10.21/뉴스1"
https://n.news.naver.com/mnews/article/082/0001349856?sid=101,2025-10-21 15:40:12,경제,LGU+ “해킹 의혹 당국에 신고하겠다”,"21일 국정감사에서 신고 의향 질문에 “그렇게 하겠다”정치권에선 “보안사고 매뉴얼대로 했는지 조사 필요”21일 국회 과학기술정보방송통신위원회에서 정보통신기술(ICT) 분야 산하기관 국정감사에서 김영섭 KT 대표이사가 해킹사태 관련 질의에 답변 후 자리로 돌아가고 있다. 왼쪽부터 김영섭 대표이사, 홍범식 LG유플러스 대표이사, 조좌진 롯데카드 대표이사, 김광일 MBK 대표이사, 유영상 SK텔레콤 대표이사. 연합뉴스LG유플러스가 해킹 피해를 인정하지 않다가 당국에 피해 사실을 신고하겠다고 입장을 바꿨다.홍범식 LG유플러스 대표는 21일 국회 과학기술정보방송통신위원회 정보통신기술(ICT) 분야 산하기관 국정감사에서 이해민 조국혁신당 의원이 한국인터넷진흥원(KISA)에 신고하겠느냐고 묻자 “그렇게 하겠다”고 대답했다. 홍 대표는 “사이버 침해 사실을 확인한 이후에 신고하는 것으로 이해하고 있었는데 여러 혼란과 오해가 발생하고 있어 조금 더 적극적으로 검토할 예정”이라고 부연했다. LG유플러스는 미국의 보안 전문지 ‘프랙’이 제기한 해킹 의혹에 대해 “내부 서버의 소스 코드 및 DB 데이터가 유출된 것으로 확인됐으나 정보 유출 여부를 점검한 결과 침해 사고 흔적이 없다”고 해명한 바 있다.이 의원은 “LG유플러스가 비밀번호를 암호화하지 않고 소스코드 안에 그대로 노출했다는 것은 금고 바깥에 비밀번호를 써서 쪽지로 붙여 놓은 꼴”이라며 “기술적인 문제 이전에 심각한 보안 불감증”이라고 비판했다.이 의원에 따르면 LG유플러스가 자체적으로 계정 권한 관리 시스템을 분석한 결과 모바일로 시스템에 접속 시 2차 인증 단계에서 숫자 ‘111111’을 입력하고 특정 메모리 값을 변조하면 시스템에 접근할 수 있는 등 모두 8개의 보안 취약점이 드러났다. 웹페이지에는 별도 인증 없이 관리자 페이지에 접근할 수 있는 백도어가 있었고 소스코드에는 백도어에 접속할 수 있는 비밀번호 3자리, 계정 관리에 필요한 비밀번호가 암호화되지 안은 채 평문으로 노출돼 있었다.이 의원은 “LG유플러스가 서버 운영체계(OS)를 재설치하고 이미지를 뜬 것을 제출했는데 (재설치 전) 상황 그대로가 이미지에 담겼다고 어떻게 보장을 할 수 있는지가 문제”라며 “이 과정에서 보안사고 매뉴얼대로 했는지 조사가 꼭 필요하다”고 강조했다."
https://n.news.naver.com/mnews/article/047/0002492122?sid=101,2025-10-21 15:41:10,경제,"잇딴 해킹사태, 여야  정부 질타...최민희 위원장 자녀 국감 기간 결혼식 논란","[국감-과방위] KT 소액결제 사태 위약금 여부 쟁점...박정훈 ""최 위원장 해명 비겁""-최민희 ""화환 돌려보내지 않은 것 반성""▲류제명 과학기술정보통신부 제2차관이 21일 국회 과학기술정보방송통신위원회의 과학기술정보통신부, 정보통신산업진흥원, 한국인터넷진흥원 등에 대한 국정감사에서 위원 질의에 답하고 있다.ⓒ 연합뉴스21일 국회 과학기술정보방송통신위원회 국정감사에서는 잇따른 해킹 사태를 놓고 여야가 한목소리로 정부의 부실 대응을 지적했다. 나아가 정보보안 체계의 전면 재정비를 촉구했다.이훈기 더불어민주당 의원은 ""무수히 많은 해킹 사고가 일어났는데 과학기술정보통신부는 도대체 뭘 하고 있느냐""며 ""국민이 볼 때는 정부의 개인정보 보호 관리체계가 거의 무용지물이라고 생각할 수밖에 없는 상황으로 전락했다""고 비판했다.에스케이(SK)텔레콤과 케이티(KT)가 해킹 사고를 인지하고도 뒤늦게 신고한 점을 지적하면서 ""신고를 24시간 이내에 안 하면 과태료를 물게 돼 있는데, 수십조 매출의 통신사에 몇백만 원 과태료는 아무 의미가 없는 것 같다. 솜방망이 처벌""이라고 질타했다.같은당 이정헌 의원은 ""국민의 개인정보를 촘촘하게 지켜내는 보안시스템을 만들어내지 못하면 일상의 위협을 넘어 큰 국가적 재난으로 이어질 수 있다""면서 사물인터넷(IoT) 기기 보안 인증제 등 제도 개선을 주문했다.야당인 김장겸 국민의힘 의원은 ""SK텔레콤 해킹 때도 KT, 엘지유플러스(LGU+)를 점검하라 했는데 또 터졌다""며 ""정부의 대책은 수박 겉핥기식""이라고 지적했다.같은당 최수진 의원은 ""이재명 정부가 인공지능(AI)의 과학기술 발전 지원하겠다고 했는데, 지금 디지털 보안에 대해서 너무 취약점을 드러내고 있는 것 같다""면서 류제명 과기정통부 차관에게 국민과 기업들을 향한 사과를 요구했다.이에 류 차관은 ""최근에 통신금융 여러 분야에 걸쳐서 최근에 에스케이(SK)쉴더스까지 보안기업까지 연이은 사이버 보안사고로 인해서 국민들께 불안과 불편을 끼쳐 드린 점에 대해서는 당국자로서의 큰 책임감을 느끼고 송구스럽게 생각한다""면서 ""여러 가지 측면에서 부족한 점들 면밀히 들여다보고 개선점 찾아 나가겠다""고 답했다.과기정통부 ""소액결제 위약금, KT가 스스로 판단해야""KT 소액결제 사태와 관련해서 여야 의원들의 집중 질의가 있었다. 여당의 이훈기 의원이 KT 위약금 면제 여부의 진행 상황을 묻자, 류 차관은 ""사고 원인과 사업자 과실, 귀책 여부들이 가시화되는 조사 말미쯤 최종적으로 판단하겠다""고 답했다.이어 그는 ""SK텔레콤 사태에서는 76일 만에 조사를 마치고 보고를 드렸는데, 보고 며칠 전 법률 자문을 실시해 종합 보고를 드렸다""면서 ""과실 여부와 귀책 사유를 따져 (위약금 면제) 대상 범위를 어디까지 할지 포함해 조사 완료와 동시에 보고하겠다""고 말했다.야당의 박충권 국민의힘 의원은 일부 소액결제 피해자들이 이미 위약금을 내고 KT 가입 해지를 하고 있다면서 ""과기부에서 KT 위약금 면제 법률 검토한 적 있느냐""고 질의했다.류 차관은 ""지금 민관합동조사단의 조사가 이제 막 한 중간 단계를 넘어가고 있다""며 ""실제적인 피해 사례가 있었고 피해 당사자들이 있기 때문에 SK텔레콤과 양상은 조금 다르지만, 당국으로서 위약금에 대한 판단과 법률 자문을 받기에는 좀 더 조사가 돼야 한다""고 했다. 이어 ""당국의 조치와 노력과는 별개로 KT가 이번 사례에 대해 스스로 판단해야 할 부분도 있다""고 의견을 밝혔다.▲국민의힘 박정훈 의원이 20일 서울 여의도 국회 과학기술정보방송통신위원회에서 열린 국정감사에서 발언하고 있다.ⓒ 연합뉴스한편 이날 국감에서도 최민희 과방위원장의 자녀 결혼식 논란이 전날에 이어 다시 불거졌다. 박정훈 국민의힘 의원은 자신의 질의에서 국감 기간 중 국회에서 최 위원장 자녀 결혼식이 열린 점을 지적하면서 피감기관장들에게 ""축의금을 냈느냐""고 묻기도 했다.박 의원은 ""이 자리에 계신 많은 분도 최 위원장 결혼식에 다녀오셨거나 축의금을 냈거나 화환을 보내지 않았을까 싶다""며 ""이분들을 대상으로 이렇게 국감을 하는 것은 맞지 않다고 생각한다""고 주장했다. 또 최 위원장이 국감 준비 등으로 딸 결혼식에 신경을 쓰지 못했다는 취지로 한 해명에 대해 ""정말 비겁한 변명이다. 혼주는 본인""이라고 재차 따졌다.이에 최 위원장은 ""기업이나 피감기관에 청첩장을 전달한 사실이 전혀 없다""면서 ""(결혼식) 장소, 시간 모든 걸 다 결혼한 당사자 둘이 결정했다""고 설명했다. 이어 ""정말 말도 안 되는 허위정보 유포에 대해서 할 수 있는 대응을 하겠다""며 ""(화환을 돌려보내라고 하지 않은 점) 거기까지 생각이 못 미친 부분에 대해서는 다시 반성한다""고 말했다."
https://n.news.naver.com/mnews/article/138/0002207415?sid=105,2025-10-21 15:46:16,IT/과학,"[국감2025] LGU+, KISA에 해킹사실 신고… ""절차에 따라 적극 대응""","홍범식 LG유플러스 사장<사진>은 이날 서울 여의도 국회에서 국회 과학기술정보방송통신위원회(과방위)가 진행한 국감에 증인으로 출석했다.[디지털데일리 강소현기자] LG유플러스는 한국인터넷진흥원(KISA)에 해킹 사실을 신고하겠다고 21일 밝혔다.홍범식 LG유플러스 사장<사진>은 이날 서울 여의도 국회에서 국회 과학기술정보방송통신위원회(과방위)가 진행한 국감에서 “KISA에 해킹 사실을 신고하고 철저한 조사를 받겠냐”라는 이해민 의원(조국혁신당) 질의에 이 같이 답했다.앞서 LG유플러스 계정가권한관리시스템(APPM) 시스템이 해킹됐다는 의혹이 제기됐다. 이는 미국 보안전문지 프랙이 처음 제기한 것으로, 유출된 것으로 지목된 자료에는 서버 목록(서버명·IP 등) 약 8000여 대, 계정 약 4만여 건, 직원·협력사 167명의 실명·ID 등이 포함됐다.APPM은 최고 권한 계정(Privileged Account)의 패스워드를 주기적으로 변경·관리·통제 기능을 제공하는 시스템으로, 해커에 뚫리는 경우 원격 권한탈취·내부망 침투도 가능한 구조다.하지만 LG유플러스의 APPM 시스템에선 치명적인 보안 취약점이 다수 확인됐다. 이 의원에 따르면 모바일 접속 시 2차 인증 단계에서 특정 숫자 입력과 메모리값 변조만으로 접근 가능했고 관리자 페이지에서도 별도 인증 없이 백도어에 접근 가능했다.더욱이 전날(20일) LG유플러스가 해당 시스템을 재설치한 것을 두고 의도적 폐기했다는 의혹도 제기됐다. 이에 이 의원은 시스템 재설치로 포렌식 증거가 훼손됐을 가능성에 대해 수사 의뢰 수준의 정밀조사를 요구했다.프랙에서 의혹을 제기한 직후 시스템 개발사이자 협력사인 시큐어키는 자체적으로 KISA 등 관계기관에 유출 사실을 신고했으나 LG유플러스는 “침해 정황 없음”이라며 정식 신고를 하지 않은 상황이다.이 의원은 “모든 부분에 대해 의혹이 제기되는 이유는 LG유플러스에서 KISA에 신고를 제대로 안했기 때문”이라며 신고 의향을 물었고 이에 대해 홍범식 사장은 “신고하겠다”고 답변했다.한편, LG유플러스는 이번 KISA 신고 건과 관련 “현재까지 조사에서는 침해사실이 발견되지 않았지만 국민적 염려와 오해를 해소하는 차원에서 국회와 과기부의 절차에 따라 적극적으로 대응하겠다는 의미”라며 “당사는 국정감사 이후 관련 부처와 협의해 추가 절차를 밟도록 하겠다”고 밝혔다."
https://n.news.naver.com/mnews/article/008/0005266060?sid=105,2025-10-21 16:11:27,IT/과학,"""LGU+ 정보유출, 왜 자꾸 아니라 하냐""... 정부, 신고의무 위반 여부 조사","[서울=뉴시스] 고승민 기자 = 홍범식 LGU+ 대표, 유영상 SKT 대표, 김영섭 KT 대표가 21일 서울 여의도 국회에서 열린 과학기술정보방송통신위원회의 정보통신산업진흥원 등 국정감사에 출석하고 있다. 2025.10.21. /사진=고승민LG유플러스 직원 정보 등이 협력사를 통해 유출됐음에도 이를 신고하지 않은 LG유플러스에 대해 정부가 규정 위반 여부를 조사하기로 했다.류제명 과학기술정보통신부 2차관은 21일 진행된 국회 과학기술정보방송통신위원회 국정감사에서 최수진 의원(국민의힘)이 ""LG유플러스가 정보유출을 신고해야 하는 대상이 아니냐""고 묻자 ""조사해서 밝히겠다""고 밝혔다.최 의원은 류 차관에게 ""협력사 시큐어키가 침해됐다. (LG유플러스가) 신고대상이 맞냐""고 물었다. 이에 류 차관은 ""시큐어키가 신고를 해서 기술지원을 했고 해킹 침해 정황이 없는 것으로 확인했다""며 ""LG유플러스에 대해서는 동의 기반으로 침해 여부를 조사 중""이라고 했다.최 의원은 재차 ""망 자체가 직접 해킹당하지 않아도 관련 시스템이 공격받아 유출 사태가 발생했다면 침해사고에 해당한다는 규정이 있다""고 했다. LG유플러스가 침해사실을 신고하지 않은 게 법령 위반이 아니냐는 지적이다. 이에 류 차관은 조사를 통해 LG유플러스의 규정 위반 여부를 살피겠다고 한 것이다.앞서 7월19일 한국인터넷진흥원(KISA)이 LG유플러스에 해킹 정황을 전달했지만 LG유플러스는 정보 유출이 없다고 했었다. 8월에는 미국 보안 매거진 프랙이 한 해커의 서버에서 LG유플러스 서버 정보와 계정 정보, LG유플러스 및 협력사 직원 등 정보가 확인됐다고 밝힌 바 있다. 이 사건은 LG유플러스의 보안 협력업체 시큐어키 시스템이 해킹되면서 발생한 것이었다.이에 시큐어키는 침해사실을 신고했지만 LG유플러스는 자사가 해킹 피해를 입은 게 아닌 데다 고객 정보가 유출되지 않았다는 이유로 아직까지 신고를 하고 있지 않다. 이날 국감에서 홍범식 LG유플러스 대표는 이해민 의원(조국혁신당)이 신고를 촉구하자 ""(해킹 정황을) 신고하겠다""고 다짐하기도 했다.최 의원은 홍 대표에게 ""LG유플러스 내부망 서버에서 관리되는 솔루션 소스코드가 나간 건데 왜 자꾸 (해킹이) 아니라고 얘기하냐""고 질타했다. 홍 대표는 ""저희도 중대성을 느껴서 과기정통부, KISA로부터 민관합동조사단에 준하는 조사를 현재 받고 있다""며 ""저희들도 자발적으로 모든 자료를 제출해서 조사에 적극 협조하고 있다""고 했다."
https://n.news.naver.com/mnews/article/003/0013548564?sid=100,2025-10-21 16:17:56,정치,국감장서 질의 듣는 통신3사 대표들,"[서울=뉴시스] 고승민 기자 = 김영섭 KT 대표, 유영상 SKT 대표, 홍범식 LGU+ 대표가 21일 서울 여의도 국회에서 열린 과학기술정보방송통신위원회의 정보통신산업진흥원 등 국정감사에서 박충권 국민의힘 의원 질의를 듣고 있다. 2025.10.21. kkssmm99@newsis.com"
https://n.news.naver.com/mnews/article/003/0013548571?sid=100,2025-10-21 16:17:56,정치,질의에 답하는 김영섭 대표,"[서울=뉴시스] 고승민 기자 = 김영섭 KT 대표, 홍범식 LGU+ 대표, 유영상 SKT 대표가 21일 서울 여의도 국회에서 열린 과학기술정보방송통신위원회의 정보통신산업진흥원 등 국정감사에서 박충권 국민의힘 의원 질의에 답하고 있다. 2025.10.21. kkssmm99@newsis.com"
https://n.news.naver.com/mnews/article/003/0013548572?sid=100,2025-10-21 16:17:56,정치,두손 모으고 박충권 의원 질의 듣는 통신3사 대표들,"[서울=뉴시스] 고승민 기자 = 김영섭 KT 대표, 홍범식 LGU+ 대표, 유영상 SKT 대표가 21일 서울 여의도 국회에서 열린 과학기술정보방송통신위원회의 정보통신산업진흥원 등 국정감사에서 두손을 모아 박충권 국민의힘 의원 질의를 듣고 있다. 2025.10.21. kkssmm99@newsis.com"
https://n.news.naver.com/mnews/article/003/0013548573?sid=100,2025-10-21 16:17:56,정치,질의에 답하는 김영섭 대표,"[서울=뉴시스] 고승민 기자 = 김영섭 KT 대표, 홍범식 LGU+ 대표, 유영상 SKT 대표가 21일 서울 여의도 국회에서 열린 과학기술정보방송통신위원회의 정보통신산업진흥원 등 국정감사에서 박충권 국민의힘 의원 질의에 답하고 있다. 2025.10.21. kkssmm99@newsis.com"
https://n.news.naver.com/mnews/article/003/0013548568?sid=100,2025-10-21 16:17:56,정치,질의에 답하는 김영섭 대표,"[서울=뉴시스] 고승민 기자 = 김영섭 KT 대표, 홍범식 LGU+ 대표, 유영상 SKT 대표가 21일 서울 여의도 국회에서 열린 과학기술정보방송통신위원회의 정보통신산업진흥원 등 국정감사에서 박충권 국민의힘 의원 질의에 답하고 있다. 2025.10.21. kkssmm99@newsis.com"
https://n.news.naver.com/mnews/article/003/0013548567?sid=100,2025-10-21 16:17:56,정치,질의에 답하는 유영상 SKT 대표,"[서울=뉴시스] 고승민 기자 = 김영섭 KT 대표, 유영상 SKT 대표, 홍범식 LGU+ 대표가 21일 서울 여의도 국회에서 열린 과학기술정보방송통신위원회의 정보통신산업진흥원 등 국정감사에서 두손을 모아 박충권 국민의힘 의원 질의에 답하고 있다. 2025.10.21. kkssmm99@newsis.com"
https://n.news.naver.com/mnews/article/003/0013548566?sid=100,2025-10-21 16:17:56,정치,질의에 답하는 김영섭 대표,"[서울=뉴시스] 고승민 기자 = 김영섭 KT 대표, 홍범식 LGU+ 대표, 유영상 SKT 대표가 21일 서울 여의도 국회에서 열린 과학기술정보방송통신위원회의 정보통신산업진흥원 등 국정감사에서 박충권 국민의힘 의원 질의에 답하고 있다. 2025.10.21. kkssmm99@newsis.com"
https://n.news.naver.com/mnews/article/003/0013548570?sid=100,2025-10-21 16:17:56,정치,두손 모으고 박충권 의원 질의 듣는 통신3사 대표들,"[서울=뉴시스] 고승민 기자 = 김영섭 KT 대표, 홍범식 LGU+ 대표, 유영상 SKT 대표가 21일 서울 여의도 국회에서 열린 과학기술정보방송통신위원회의 정보통신산업진흥원 등 국정감사에서 두손을 모아 박충권 국민의힘 의원 질의를 듣고 있다. 2025.10.21. kkssmm99@newsis.com"
https://n.news.naver.com/mnews/article/003/0013548569?sid=100,2025-10-21 16:17:56,정치,질의에 답하는 김영섭 대표,"[서울=뉴시스] 고승민 기자 = 김영섭 KT 대표, 홍범식 LGU+ 대표, 유영상 SKT 대표가 21일 서울 여의도 국회에서 열린 과학기술정보방송통신위원회의 정보통신산업진흥원 등 국정감사에서 박충권 국민의힘 의원 질의에 답하고 있다. 2025.10.21. kkssmm99@newsis.com"
https://n.news.naver.com/mnews/article/003/0013548574?sid=100,2025-10-21 16:17:56,정치,두손 모으고 박충권 의원 질의 듣는 통신3사 대표들,"[서울=뉴시스] 고승민 기자 = 김영섭 KT 대표, 홍범식 LGU+ 대표, 유영상 SKT 대표가 21일 서울 여의도 국회에서 열린 과학기술정보방송통신위원회의 정보통신산업진흥원 등 국정감사에서 두손을 모아 박충권 국민의힘 의원 질의를 듣고 있다. 2025.10.21. kkssmm99@newsis.com"
https://n.news.naver.com/mnews/article/119/0003014987?sid=105,2025-10-21 16:23:13,IT/과학,"""KT, 펨토셀 인증 절차 허술…해외 불법 장비까지 자사망 접속"" [2025 국감]","이해민 의원 “KT만 벤더키 하나로 인증…같은 제조사 장비 써도 불법 접속 가능”KT팸토셀-코어망 개통·연결 과정(인증절차)ⓒ이해민 의원[데일리안 = 조인영 기자] KT가 펨토셀 장비 인증·개통 절차를 허술하게 운영해 해외 제조 불법장비까지 자사망에 접속하도록 방치했다는 지적이 나왔다.국회 과학기술정보방송통신위원회 소속 조국혁신당 이해민 의원이 통신사들로부터 제출 받은 자료에 따르면 입수된 불법 펨토셀 장비는 KT와 무관한 해외 제조 제품으로 확인됐다.KT 장비가 아니더라도 KT 기지국에 접속이 가능했다는 의미로, 단순히 펨토셀 장비 관리뿐 아니라 통신망 관리 체계 전반이 부실하게 운영됐다는 비판이 나온다.통신 3사는 모두 펨토셀 설치·개통 시 1 단계로 ‘인증서버 인증’을 거쳐 자사 장비 여부를 확인하고, 이후 IPsec 통신용 인증서를 발급받는다. 이때 LGU+와 SKT는 각각 장비별로 부여된 제조사 인증서, USIM 키 정보 등을 통해 개별 장비 단위로 인증 절차를 진행한다 .반면 KT 는 제조사가 부여하는 ‘벤더키(Vendor Key)’ 값만 일치하면 IPsec 통신을 위한 인증서가 발급되는 구조다.벤더키는 제조사가 KT 용 장비를 구분하기 위해 부여하는 값으로 KT의 경우 모든 펨토셀 장비에 동일한 값이 적용돼 있다. 따라서 불법 장비라도 KT용 벤더키를 입수했다면 인증이 가능한 상황이다.이해민 의원은 “KT와 LGU+ 모두 같은 제조사인 이노와이어리스의 펨토셀 장비를 사용했지만, LGU+는 장비별로 부여되는 제조사 인증서와 일련번호 등 추가 검증을 거치는 반면 KT 는 벤더키 하나만 확인하고 인증을 부여했다”며 “가장 기본적인 인증 절차를 강화하지 않았기 때문에 같은 제조사 장비를 사용하고도 KT에서만 불법 접속이 가능했던 것”이라고 지적했다.이 의원은 “KT 는 과거 펨토셀을 고객이 직접 설치할 수 있도록 하면서 장비 포장상자 외부에 일련번호가 그대로 노출되는 등 보안상 허점이 반복적으로 지적돼 왔으며, 이번 사태에서는 개별 펨토셀 ID DB 조차 제대로 관리되지 않은 사실이 드러난 만큼, 추가 인증과정에서의 우회방식에 대해서도 철저한 조사가 필요하다”고 밝혔다."
https://n.news.naver.com/mnews/article/117/0003999989?sid=103,2025-10-21 16:24:16,생활/문화,[MD포토] 국정감사 질의에 답하는 홍범식 LGU+ 대표,[마이데일리 = 곽경훈 기자] 홍범식 LGU+ 대표가 21일 서울 여의도 국회 과학기술정보방송통신위원회에서 열린 정보통신산업진흥원 등에 대한 국정감사에서 의원 질의에 답하고 있다.
https://n.news.naver.com/mnews/article/117/0003999990?sid=103,2025-10-21 16:27:09,생활/문화,[MD포토] 국정감사 증인으로 출석한 홍범식 LGU+ 대표,[마이데일리 = 곽경훈 기자] 홍범식 LGU+ 대표가 21일 서울 여의도 국회 과학기술정보방송통신위원회에서 열린 정보통신산업진흥원 등에 대한 국정감사에 증인으로 출석해 의원 질의에 답하고 있다.
https://n.news.naver.com/mnews/article/001/0015692111?sid=105,2025-10-21 16:29:55,IT/과학,매 먼저 맞고 어깨 편 SKT…KT·LGU+는 국감서 뒤늦은 진땀,"ICT 국감서 SKT '재평가'…KT·LGU+엔 ""SKT 사태서 배운것 없나"" 질타국감 출석한 해킹사태 관련 기업 대표들(서울=연합뉴스) 김주성 기자 = 21일 국회 과학기술정보방송통신위원회에서 열린 정보통신기술(ICT) 분야 산하기관 국정감사에서 김영섭 KT 대표이사가 해킹사태 관련 질의에 답변 후 자리로 돌아가고 있다.왼쪽부터 김영섭 KT 대표이사, 홍범식 LGU+ 대표이사, 조좌진 롯데카드 대표이사, 김광일 MBK 대표이사, 유영상 SKT 대표이사. 2025.10.21 utzza@yna.co.kr(서울=연합뉴스) 조성미 기자 = 21일 국회 과학기술정보방송통신위원회가 연 정보통신기술(ICT) 분야 산하기관 국정감사에서 잇따라 해킹 사고가 일어난 통신 3사 대표들의 운명이 엇갈렸다.지난 4월 올해 첫 해킹 사태가 터지며 여론의 뭇매를 맞았던 SK텔레콤은 이어 사이버 침해 사고가 드러난 KT·LG유플러스와 비교해 선제 대응을 했다며 '재평가'된 반면 나머지 두 통신사는 현재 진행형인 사태에 제대로 대응할 것을 질타받았다.박정훈 국민의힘 의원이 유영상 SKT 대표에게 ""통신 3사가 다 털렸는데 제일 먼저 자진 신고해 제일 많이 두들겨 맞았다. 왜 빨리 신고했느냐""고 묻자 유 대표는 ""법적으로 그렇게 해야 한다고 알고 있었다""고 대답했다.박 의원이 다른 회사들은 왜 안 했다고 생각하느냐고 묻자 유 대표는 ""내부 사정이라 잘 알 수는 없다""고 답했다.박 의원은 ""SKT가 먼저 신고하는 바람에 불이익은 혼자 다 당하고 마케팅 등에서 엄청나게 당했다""며 ""KT에 대해서도 지금 위약금 면제 이야기를 얼마든지 할 수 있는 상황인데 SKT가 처음에 하다 보니 훨씬 매를 많이 맞은 느낌""이라고 말했다.이어 박 의원은 최근 사이버 침해 사고가 드러나기 시작한 LG유플러스 홍범식 대표를 증인석으로 불러 해킹 통보가 7월에 있었는데 사실을 왜 가장 늦게 파악했는지 질의했다.홍 대표는 ""아직도 침해 사실 확인은 되지 않은 상황으로 알고 있다""고 대답했다.이에 이해민 조국혁신당 의원은 ""해커들이 요즘 로그 기록을 남기면서 해킹하지 않는 상황에서 (정보가) 어떻게 나갔는지를 모르는 것인데, 교묘하게 말을 섞어서 국회 상임위장을 무시하는 처사""라고 비난했다.무단 소액결제 사건으로 고객들의 금전적 피해가 실제로 일어난 KT 김영섭 대표에 대해서도 날 선 비판이 이어졌다.최민희 위원장은 ""KT 영업점에서 SKT 해킹 사태와 위약금 면제를 이용해 마케팅에 나선 사례가 이달 초까지 발견된다""며 질책했다.더불어민주당 한민수 의원은 ""김 대표를 비롯해 KT 관계자들을 지난번 국회에 불렀을 땐 '괜한 지적을 하는 것 아닌가'하는 생각도 들었다. 하지만 지난 17일 KT에서 발표한 피해 발표 결과를 보면서 어떻게든 축소하려고 하고 무능한 KT를 지적할 수밖에 없다""고 꼬집었다.같은 당 황정아 의원은 김 대표를 향해 ""사태가 수습되면 사퇴해야 한다""고 압박했다.황 의원이 피해 배상·보상안을 묻자 김 대표는 ""피해를 본 고객에게는 적극적인 배상을 하고 전 고객을 대상으로는 보상안을 검토하겠다""고 말했다.csm@yna.co.kr"
https://n.news.naver.com/mnews/article/117/0003999997?sid=103,2025-10-21 16:38:06,생활/문화,"[MD포토] 홍범식 LGU+ 대표 ""당국에 해킹 신고 피해 신고하겠다""",[마이데일리 = 곽경훈 기자] 홍범식 LGU+ 대표가 21일 서울 여의도 국회 과학기술정보방송통신위원회에서 열린 정보통신산업진흥원 등에 대한 국정감사에 증인으로 출석해 의원 질의에 답하고 있다.
https://n.news.naver.com/mnews/article/586/0000114196?sid=101,2025-10-21 16:47:13,경제,"홍범식 LGU+ 대표 ""당국에 해킹 피해 신고하겠다""","[오유진 기자 ooh@sisajournal.com]LGU+, 비밀번호 등 8개 보안 취약점 드러나이해민 ""보안 불감증 심각…정부 조사 필요""21일 국회 과학기술정보방송통신위원회에서 열린 ICT 분야 산하기관 국정감사에서 홍범식 LG유플러스 대표이사가 해킹 사태와 관련한 위원 질의에 답하고 있다. ⓒ 연합뉴스해킹 피해를 부인하던 LG유플러스가 당국에 피해 사실을 신고하겠다고 입장을 선회했다.홍범식 LG유플러스 대표는 21일 국회 과학기술정보방송통신위원회 국정감사에서 ""사이버 침해 사실을 확인한 후 당국에 신고하는 것으로 이해하고 있었는데, 여러 혼란과 오해가 발생하고 있다""며 ""(신고에 대해) 조금 더 적극적으로 검토할 예정""이라고 말했다.이해민 조국혁신당 의원에 따르면, LG유플러스가 최근 자체적으로 계정 권한 관리 시스템을 분석한 결과 모바일로 시스템에 접속 시 2차 인증 단계에서 숫자 '111111'을 입력하고 특정 메모리값을 변조하면 시스템에 접근이 가능한 점 등 총 8개의 보안 취약점이 드러난 것으로 알려졌다.자체 웹사이트에서는 별도 인증 없이 관리자 페이지에 접근할 수 있는 백도어가 있었고, 소스코드에는 백도어에 접속할 수 있는 비밀번호 3자리와 계정 관리에 필요한 비밀번호가 암호와 없이 노출돼 있었다.이 의원은 ""LG유플러스가 비밀번호를 암호화하지 않고 소스코드에 그대로 노출했다는 것은 금고 바깥에 비밀번호를 적어 쪽지로 붙여놓은 꼴""이라며 ""기술적인 문제 이전에 심각한 보안 불감증""이라고 지적했다.그는 ""LG유플러스가 사고 이후 서버 운영체제(OS)를 재설치하고 서버 이미징 후 정부에 제출했는데, 재설치 전 상황이 이미징에 포함되었는지 보장할 수 없다""며 ""보안사고 매뉴얼대로 처리했는지 조사가 꼭 필요하다""고 질타했다.이어 이 의원이 홍 대표에게 한국인터넷진흥원(KISA)에 사고를 신고할 것이냐고 묻자, 홍 대표는 ""그렇게 하겠다""고 답했다.LG유플러스 측은 침해 신고와 관련해 ""현재까지 조사 과정에서 사이버 침해 사실이 발견된 바는 없다""면서도 ""국민 염려와 오해를 해소하는 차원에서 관련 부처와 협의해 추가 절차를 밟겠다""고 설명했다."
https://n.news.naver.com/mnews/article/014/0005422473?sid=105,2025-10-21 16:53:08,IT/과학,"여야, 통신 3사 CEO에 보안 소홀 질타.. 정부도 비판","김영섭 KT 대표가 21일 서울 여의도 국회 과학기술정보방송통신위원회에서 열린 정보통신산업진흥원 등에 대한 국정감사에 출석해 의원 질의에 답변하고 있다. 뉴스1국회 과학기술정보방송통신위원회 소속 여야 의원들이 국회 과학기술정보방송통신위원회 정보통신기술(ICT) 분야 산하기관 국정감사에서 잇따른 해킹 사태를 놓고 정부와 이통3사를 질타했다. 이날 오후엔 유영상 SK텔레콤 대표, 김영섭 KT 대표, 홍범식 LG유플러스 대표가 증인으로 출석했다. 최근 해킹사태와 연루된 KT, LG유플러스에 대한 질문이 쏟아졌다.■ KT엔 '위약금 면제', LG U+엔 '해킹 의혹' 집중포화과방위 위원들은 최근 소액결재 해킹사고를 겪은 KT에는 위약금 면제와 김영섭 대표의 사퇴를 촉구하기도 했다. 피해 고객 뿐만 아니라 전체 고객의 위약금 면제 가능성을 묻는 질문에 김 대표는 ""전체 고객 대상 위약금은 조사 결과와 피해 내용 등을 종합적으로 고려해서 저희들이 검토하겠다""고 말을 아꼈다. 황정아 더불어민주당 의원은 김 대표를 향해 ""제발 KT를 위해서라도 이제 그만 그 자리에서 내려오라""고 말했다. 그동안 거취에 대해 말을 아끼던 김 대표는 ""사고 수습 후에 제가 합당한 책임을 마땅히 지는 게 맞다고 생각한다""고 답했다.LG유플러스는 해킹이 의심되자 관련 서버를 폐기했다는 의혹과 함께 부실한 보안관리도 지적을 받았다. LG유플러스는 서버 계정 권한 관리 시스템(APPM)이 사이버 침해를 당한 것으로 지목되자 서버 운영체제(OS) 업데이트를 실시해 관련 흔적을 지우려 했다는 의혹이 제기됐다. 국회 과방위원장인 최민희 더불어민주당 의원은 ""LG유플러스가 지난달 보안 용역을 의뢰해 해킹 의혹을 해명하겠다고 보고했다""며 ""KT 서버 폐기로 조사에 난항을 겪는 것을 뻔히 알면서 남몰래 해킹서버를 폐기하고 보안 용역 의뢰를 보고한 것은 정부와 국회를 기만한 것""이라고 질타했다.이해민 조국혁신당 의원은 LG유플러스의 보안 취약점을 지적했다. LG유플러스가 자체적으로 계정 권한 관리 시스템을 분석한 결과 모바일로 시스템에 접속 시 2차 인증 단계에서 숫자 '111111'을 입력하고 특정 메모리 값을 변조하면 시스템에 접근할 수 있는 등 모두 8개의 보안 취약점이 드러났다. 이해민 의원이 ""해킹사실을 인터넷진흥원(KISA)에 신고하겠느냐""고 묻자 홍범식 대표는 ""사이버 침해 사실을 확인한 이후에 신고하는 것으로 이해하고 있었는데 여러 혼란과 오해가 발생하고 있어 조금 더 적극적으로 검토할 예정""이라고 말했다.■""정부 개인정보보호 무용지물""주무부처인 과기정통부에 대해서도 날선 비난이 잇따랐다. 최수진 국민의힘 의원은 통신, 금융사에 이어 보안업체 SK쉴더스까지 해킹에 노출된 점을 거론하면서 ""정부가 AI, 과학기술을 지원하겠다고 했는데 지금 디지털보안에 너무 취약점을 보이고 있다""며 주무 부처인 과학기술정보통신부의 대응 및 책임 문제를 짚었다.이훈기 더불어민주당 의원은 ""무수히 많은 해킹 사고가 일어났는데 과학기술정보통신부는 도대체 뭘 하고 있느냐""며 ""국민이 볼 때는 정부의 개인정보 보호 관리체계가 거의 무용지물이라고 생각할 수밖에 없는 상황""이라고 질타했다. 특히 SK텔레콤과 KT도 해킹 사고를 인지하고 뒤늦게 신고한 점을 거론하면서 ""신고를 24시간 이내에 안 하면 과태료를 물게 돼 있는데 수십조 매출의 통신사에 몇백만원 과태료는 아무 의미가 없는 것 같다. 솜방망이 처벌""이라고 비판했다.중국산 로봇 청소기의 개인정보 유출 우려와 함께 사물인터넷(IoT) 보안 인증 제도가 유명무실하다는 지적도 제기됐다. 이정헌 더불어민주당 의원은 국내외 IoT 기기 제조업체 3000여곳 중 올해 상반기 IoT 보안 인증을 신청한 곳은 13곳에 그쳤으며 해외 업체는 단 한 곳도 인증을 받지 않은 것으로 나타났다.류제명 과학기술정보통신부 2차관은 ""연이은 사이버 보안 사고로 국민께 불안을 끼쳐드려 송구하다""며 ""문제점을 철저히 분석해 개선책을 마련하겠다""고 밝혔다."
https://n.news.naver.com/mnews/article/092/0002394795?sid=105,2025-10-21 16:56:12,IT/과학,"홍범식 LGU+ ""침해사고, 정부에 신고하겠다”",[국감2025] 침해사고 신고 입장 바꿔LG유플러스가 사이버 침해 사실을 정부에 신고하겠다는 뜻을 처음으로 내놨다.홍범식 LG유플러스 사장은 21일 국회서 열린 ICT 공공기관 대상 국정감사에서 조국혁신당 이해민 의원이 한국인터넷진흥원에 피해 사실을 신고하겠냐고 묻자 “그렇게 하겠다”고 밝혔다.홍 사장은 “사이버 침해 사실을 확인한 이후에 신고하는 것으로 이해하고 있었는데 여러 혼란과 오해가 발생하고 있다”며 “조금 더 적극적으로 검토할 예정”이라고 말했다.앞서 LG유플러스는 침해 사고 신고와 관련해 “현재까지 조사 과정에서 침해 사실이 발견되지 않았다”고 했다.이해민 의원은 이를 두고 “도둑이 들어 집 밖에서 물건이 발견됐는데 들어온 흔적이 없다는 말과 같다”고 꼬집었다.
https://n.news.naver.com/mnews/article/018/0006143429?sid=105,2025-10-21 17:02:22,IT/과학,"KT CEO 사퇴 압박… LGU+ 해킹 은폐 의혹, SKT 손실액 과장 논란","‘보안 리더십’ 도마 오른 국감통신3사 CEO 줄소환, 정부도 책임론 직면과기정통부 “직권조사·신고 강화로 제도 개선하겠다” 약속[이데일리 권하영 기자] 21일 열린 국회 과학기술정보방송통신위원회 국정감사에서는 잇따른 해킹 사태를 계기로 ‘보안 리더십’이 핵심 쟁점으로 부상했다. 국내 통신 3사 최고경영자(CEO)가 모두 증인으로 출석해 여야 의원들의 집중 질의를 받았으며, 과학기술정보통신부는 “보안 취약점을 인정하고 개선 방안을 마련하겠다”고 밝혔다.홍범식 LGU+ 대표, 유영상 SKT 대표, 김영섭 KT 대표가 21일 서울 여의도 국회에서 열린 과학기술정보방송통신위원회의 정보통신산업진흥원 등 국정감사에 출석하고 있다. (사진=뉴시스)국감에는 유영상 SK텔레콤 대표, 김영섭 KT 대표, 홍범식 LG유플러스 대표가 증인으로 출석했다. 과방위는 올해 4월 SK텔레콤 유심 해킹 사고, 8월 KT 무단 소액결제 피해 및 LG유플러스 서버 계정권한 관리시스템 해킹 의혹 등 보안 사고가 연달아 발생한 만큼 각사 대응과 과기정통부의 감독 책임을 집중적으로 따졌다.KT 김영섭 “관리 허술·고지 미비 반성”특히 KT 해킹 사건을 둘러싼 축소·은폐 의혹이 쟁점으로 떠올랐다. 황정아 의원(더불어민주당)은 “조사가 거듭될수록 유출 피해 규모가 2만2000여명까지 늘었다”며 “72시간 내 개인정보보호위원회 신고 시한도 어겼다”고 지적했다. 노종면 의원(더불어민주당)도 “경찰 통지 받은 9월 1일 이후 9월 8일에야 한국인터넷진흥원(KISA)에 침해 신고를 했다”며 “고객 안내 문자는 소액결제 피해자만 보냈다”고 비판했다.김영섭 대표는 “펨토셀 관리가 허술했고, 고객 고지 불충분도 반성한다”며 “작년 8월 1일 이후 전수 조사에서 모든 데이터를 확인했으므로 피해가 확대되진 않을 것”이라고 밝혔다. 또한 “유출 피해 고객에 대한 금전 보상 중이고 유심 교체 등 추가 보상도 적극 검토하겠다”고 말했다. 다만 전체 고객 대상 위약금 면제에 대해선 “조사 결과를 보고 검토하겠다”고 했다.김 대표는 KT 차기 대표 선임 절차를 비공개로 추진한다는 의혹도 받았다. 김 대표는 “KT가 최근 이사회에서 차기 사장 선임을 비공개 진행하자고 논의했다는 제보가 있다”는 이훈기 의원(더불어민주당) 주장에 “사외이사로만 구성된 위원회에서 논의되고 있어 참여하지 않았다”고 반박했다. 김 대표는 이날 국감장에서 “사태 수습 후 사퇴하라”는 의원들의 거듭된 압박에 고개를 끄덕이며 “막중한 책임을 지겠다”고 언급했다.‘해킹 은폐 의혹’ LGU+, “정부 조사 받는 중”해킹 의혹은 LG유플러스도 피하지 못 했다. LG유플러스는 8월 미국 보안 전문지 ‘프랙’으로부터 계정권한 관리시스템(APPM) 해킹 의혹이 불거졌지만, 당시 침해 정황이 없다며 KISA에 신고하지 않았다. 그러나 정부가 해당 서버의 자체 조사 결과를 요구한 다음날 서버 OS 업데이트를 실시해 해킹 은폐 의혹을 샀다.이해민 의원(조국혁신당)은 “LG유플러스가 정보 유출을 인지하고도 시스템 로그에 침입 흔적이 없단 이유로 신고하지 않았는데, 요즘 해커는 로그 기록을 남기지 않는다”며 “서버 재설치 후 정부에 제출한 내용도 믿을 수 없다”고 비판했다.홍범식 LG유플러스 대표는 “현재는 과기정통부와 KISA에 자발적으로 자료를 제출하고 조사를 받고 있다”고 밝혔다.올해 4월 유심 서버 해킹으로 고객정보 유출 사고가 발생한 SK텔레콤은 위약금 면제 손실액을 과도하게 산정했다는 질타를 받았다. 유영상 SK텔레콤 대표는 “지난 해킹 청문회 때 위약금 면제 시 7조원 손실이 발생한다고 했으나 사실 100배를 부풀렸다”는 박정훈 의원(국민의힘) 주장에 “혼선을 드려 죄송하다”며 사과했다.과기정통부, 직권조사·신고 강화로 제도 보완정부 책임론도 제기됐다. 특히 부처 간 공조 체계가 미흡하다는 점이 지목됐다. 신성범 의원(국민의힘)은 “해킹이 국가 차원의 사이버 위협으로 번지는데 국정원과 과기정통부 등 부처 간 자료 공유도 제대로 되지 않는다”고 비판했으며, 이상휘 의원(국민의힘)은 “한국형 통합 사이버보안 컨트롤타워를 신설해야 한다”고 제안했다. 이에 류제명 과기정통부 제2차관은 “국정원과 긴밀히 정보를 공유하고 있으며, 안보실을 중심으로 논의를 계속하고 있다”고 답했다.류 차관은 “기업 신고가 없으면 직접 당국이 조사하기 어려운 한계가 있다”며 제도 개선을 약속했다. 그는 “신고 지연시 과태료를 높여 증벌 효과를 키우고, 기업이 신고하지 않아도 침해 정황이 있을 때 당국이 직권 조사해 피해를 빨리 막는 것이 방법”이라고 했다. 또한 KT 등 해킹 기업에 대해 “한 점 의혹 없이 엄밀하게 조사하겠다”고 말했다.류 차관은 “통신·금융 기업부터 최근 보안기업까지 연이은 침해사고로 국민들에 불안과 불편을 드려 당국자로서 책임감을 느끼고 송구하다”며 “개선점을 찾겠다”고 전했다."
https://n.news.naver.com/mnews/article/277/0005667619?sid=105,2025-10-21 17:30:39,IT/과학,"[2025국감]재평가받은 SKT, 질타받은 KT·LGU+…엇갈린 통신 3사(종합)","해킹사고 이후 SKT 대응, 국감서 재평가받아KT·LG U+, 미숙한 대응에 질타 이어져김영섭 KT 대표 ""사태 수습 후 합당한 책임""21일 진행된 과학기술정보방송통신위원회의 산하기관 국정감사에서 이동통신 3사의 운명이 엇갈렸다. 지난 4월 유심(USIM) 정보 유출 사태를 겪은 SK텔레콤은 비교적 선제 대응을 했다며 재평가를 받은 반면, KT와 LG유플러스는 정보유출 사고 대응이 미흡하다며 질타받았다.유영상 SKT 대표는 ""통신 3사가 모두 털렸는데 제일 먼저 자진 신고해서 가장 많이 두들겨 맞고 고개 숙여 사과했다. 왜 제일 먼저 신고했냐""는 박정훈 국민의힘 의원의 질문에 유 대표는 ""법적으로 그렇게 해야 한다고 알고 있었다""고 답했다. 유 대표는 다른 이동통신사들은 왜 빠르게 자진신고를 하지 않았다고 생각하냐는 질문에는 ""(타사의) 내부 사정이라 잘 알 수는 없다""고 말했다.이동통신 3사 대표들과 조좌진 롯데카드 대표, 김광일 MBK파트너스 대표가 21일 서울 여의도 국회에서 실시된 과학기술정보방송통신위원회의 해킹사태 관련 국정감사에 출석하고 있다. 김영섭(오른쪽부터) KT 대표, 유영상 SK텔레콤 대표, 김광일 MBK파트너스 대표, 조좌진 롯데카드 대표, 홍범식 LG유플러스 대표. 2025.10.21 김현민 기자박 의원은 ""SKT가 먼저 신고해 불이익은 혼자 다 당하고 매를 훨씬 더 많이 맞았다""면서 ""다른 회사들도 고객들에게 피해를 줬고 국민들이 불안을 느끼게 했다면 그에 합당한 대응을 해야 한다""고 지적했다.박 의원은 이어 홍범식 LG유플러스 대표를 불러 해킹 사실 파악이 제일 늦었던 이유를 물었고, 홍 대표는 ""침해 정황이 있다는 보고를 받았고,조사를 통해 사실 확인이 되면 신고하는 게 맞다고 이해하고 있었다""고 해명했다.홍 대표는 한국인터넷진흥원(KISA)에 해킹 정황을 신고하겠냐는 이해민 조국혁신당 의원 질의에는 ""그렇게 하겠다""고 답했다. 앞서 LG유플러스는 고객 정보가 유출된 정황이 미국의 해킹 전문지 '프랙(Phrack)' 등을 통해 포착됐음에도 해킹 정황은 없다고 부인해왔다.홍 대표는 ""현재 과학기술정보통신부와 KISA로부터 계속해서 조사받는 상황""이라며 ""침해 사실은 아직 확인되지 않은 상황으로 알고 있다""고 말했다. 이에 대해 이 의원은 ""최근 해커들이 로그 기록을 남기지 않거나 기록된 로그를 지운 뒤 해킹하고 있다""면서 ""이런 상황에서 (정보가) 어떻게 나갔는지를 모르는 것인데, 교묘하게 말을 섞어서 국회 상임위장을 무시하는 처사""라고 비난했다.불법 초소형 기지국(펨토셀) 해킹으로 고객의 실제 금전적 피해와 개인정보 유출 피해가 발생한 KT에 대해서는 의원들의 집중포화가 쏟아졌다. 황정아 더불어민주당 의원은 KT 무단 소액결제와 개인정보 유출 피해자 수가 계속해서 늘어나는 점과 불법 펨토셀(소형 기지국) 최초 접속 시점 등이 기존 발표와 달라지는 점 등을 지적했다.노종면 더불어민주당 의원도 지난 4월 SKT 유심 정보 해킹 당시 대응과 KT의 대응을 비교하며 ""침해사고 인지 이후 SKT는 42시간 걸렸는데, KT는 최소 7일이 걸렸다""면서 ""해킹 사실에 대한 고객 통지 역시 SKT는 사흘 만에 전체 고객에게 문자메시지를 보냈지만, KT는 소액결제 피해자들에게만 안내하고 있다""고 꼬집었다.과방위원장인 최민희 더불어민주당 의원도 ""KT 영업점에서 SKT 해킹 사태와 위약금 면제를 이용해 마케팅에 나선 사례가 이달 초까지 발견된다""고 지적했다. 김 대표는 즉시 조치하겠다고 답했다.김 대표에 대한 사퇴 요구도 잇따랐다. 김 대표는 김우영 더불어민주당 의원이 사태의 책임을 지고 즉각 물러나야 한다고 하자 ""지금 우선적으로 해야 할 일은 사태 수습""이라며 ""일정 수준으로 수습이 되고 나면 합리적이고 마땅한 수준의 책임을 져야 한다고 생각한다""고 답했다.이어 ""합당한 책임이란 사퇴를 포함하는 것이냐""는 노종면 더불어민주당 의원의 질문에는 ""사퇴를 제외하고 그런 말씀을 드린 것은 아니다""라며 ""(사퇴를) 포괄하는 책임""이라고 답했다. 같은 당 황정아 의원이 ""사태를 수습하고 나면 사퇴하시겠나. 마땅한 책임을 지겠다는 것은 사퇴하시겠다는 뜻이냐""고 묻자 눈을 감고 고개를 끄덕이기도 했다.김 대표는 전체 고객 대상 위약금을 면제하겠냐는 황 의원 질의에 ""최종 조사 결과와 고객들의 피해 내용을 종합적으로 고려해 결정할 예정""이라며 ""개인정보 유출로 인한 금전적 피해는 보상을 시작하고자 한다""고 답했다."
https://n.news.naver.com/mnews/article/015/0005200037?sid=100,2025-10-21 17:35:20,정치,"[포토] 국회 과방위 국감, 증인 출석한 통신 3사 대표들","21일 서울 여의도 국회 과학기술정보방송통신위원회에서 열린 정보통신산업진흥원 등에 대한 국정감사에 증인들이 출석해 있다. (왼쪽부터)홍범식 LGU+ 대표, 조좌진 롯데카드 대표, 김광일 MBK 대표이사, 유영상 SKT 대표, 김영섭 KT 대표.김영섭 KT 대표가 21일 서울 여의도 국회 과학기술정보방송통신위원회에서 열린 정보통신산업진흥원 등에 대한 국정감사에서 의원 질의에 답하고 있다.김영섭 KT 대표가 21일 서울 여의도 국회 과학기술정보방송통신위원회에서 열린 정보통신산업진흥원 등에 대한 국정감사에서 의원 질의에 답하고 있다.21일 서울 여의도 국회 과학기술정보방송통신위원회에서 열린 정보통신산업진흥원 등에 대한 국정감사에 증인들이 출석해 있다. 오른쪽부터 김영섭 KT 대표, 유영상 SKT 대표, 김광일 MBK 대표이사, 조좌진 롯데카드 대표, 홍범식 LGU+ 대표."
https://n.news.naver.com/mnews/article/029/0002988444?sid=105,2025-10-21 17:41:22,IT/과학,"해킹 당한적 없다더니… LGU+, 국감서 “피해 사실 당국에 신고하겠다”","해킹 대응 논란에 통신3사 CEO 줄소환홍범식 LGU+ 대표 “KISA에 해킹 신고할 것”KT 대표 사퇴 압박에… 김영섭 “사태 수습 후 책임질 것”국회 과학기술정보방송통신위원회에서 21일 열린 정보통신기술(ICT) 분야 산하기관 국정감사에서 해킹사태 관련 기업 대표들이 증인석에 앉아 있다. 왼쪽부터 홍범식 LG유플러스 , 조좌진 롯데카드, 김광일 MBK, 유영상 SKT, 김영섭 KT 대표. 연합뉴스LG유플러스가 정치권과 정보기술(IT) 업계의 줄기찬 의혹 제기에도 해킹 사실을 인정하지 않다가 국정감사장에서 “피해 사실을 신고하겠다”며 입장을 전격 바꿨다. 이로써 SK텔레콤과 KT에 이어 LG유플러스까지 통신3사가 모두 해킹 침해를 당한 것으로 드러났다.21일 열린 국회 과학기술정보방송통신위원회 국정감사에서 홍범식 LG유플러스 대표는 해킹 피해 사실을 한국인터넷진흥원(KISA)에 신고하겠다고 밝혔다.홍 대표는 “그동안 침해 사실 확인 이후 신고하는 것으로 이해해왔다”며 “다만 여러 혼란과 오해가 발생하고 있어 적극적으로 검토 중이며, 과학기술정보통신부와 국회 절차에 따라 신속히 신고하겠다”고 말했다.다만, LG유플러스는 현재까지 조사에서는 침해 사실이 발견되지 않았지만 국민 염려와 오해를 해소하는 차원에서 관련 부처와 협의해 추가 절차를 밟도록 하겠다는 의미라고 설명했다.앞서 미국 보안 전문지 ‘프랙’은 LG유플러스의 내부 서버 관리용 계정 권환 관리 시스템 소스코드와 데이터베이스, 서버 정보 등이 해킹됐다는 의혹을 제기한 바 있다.이혜민 조국혁신당 의원에 따르면 LG유플러스가 자체적으로 계정 권한 관리 시스템을 분석한 결과 모바일로 시스템에 접속 시 2차 인증 단계에서 숫자 ‘111111’을 입력하고 특정 메모리 값을 변조하면 시스템에 접근할 수 있는 등 모두 8개의 보안 취약점이 드러났다. 웹페이지에는 별도 인증 없이 관리자 페이지에 접근할 수 있는 백도어가 있었고 소스코드에는 백도어에 접속할 수 있는 비밀번호 3자리, 계정 관리에 필요한 비밀번호가 암호화되지 않은 채 평문으로 노출돼 있었다.이같은 지적에 홍 대표는 “유출된 정보는 내부 시스템 관리용으로 고객정보는 포함되지 않았다”며 “관리자 계정 여부는 추가 확인 중”이라고 밝혔다. 이에 이 의원은 “집에 도둑이 들어 물건이 나왔는데 흔적이 없다는 말과 같다”며 “관리자 계정이 포함됐을 경우 해커가 시스템 전체를 장악할 수 있어 단순 내부 자료로 볼 수 없다”고 지적했다.KT는 해킹 피해 인지 시점과 정부 신고 시점의 불일치, 위약금 면제 여부로 집중 추궁을 받았다. 최민희 과방위원장은 “SK텔레콤은 피해 발생 직후 전체 고객을 대상으로 위약금을 면제했는데, KT는 조사 결과를 본 뒤 검토하겠다는 말만 되풀이한다”며 “법적 책임을 회피하는 행태”라고 비판했다.김영섭 KT 대표는 “피해가 확인된 고객부터 환불과 위약금 면제를 시작했고, 전체 면제 여부는 조사 결과를 보고 결정할 것”이라고 말했다. 그러나 여야 의원들은 “이미 피해자 중 일부가 위약금을 내고 해지한 상태”라며 “확정 전이라도 선제 조치해야 한다”고 압박했다.일부 의원들은 김 대표를 향해 사퇴를 요구하기도 했다. 김 대표는 “현재는 사태 수습이 최우선이며, 일정 수준의 수습이 이뤄지면 최고경영자로서 총체적 경영 책임을 지는 것이 마땅하다고 생각한다”고 밝혔다.보안 취약 구조도 문제로 지적됐다. 이주희 더불어민주당 의원은 “문자메시지(SMS) 인증 프로토콜이 변조될 수 있다면 단순 소액결제 피해를 넘어 통신데이터 도청 위험으로 번질 수 있다”고 말했다.여야 의원들은 이번 사태를 계기로 통신 인프라 보안 관리체계를 전면 점검해야 한다고 입을 모았다. 특히 △펨토셀 등 핵심 장비 보안인증 강화 △신고 지연·허위 보고 처벌 강화 △소비자 피해 선제 보상 기준을 마련해야 한다는 목소리가 나왔다.정부에 대해서는 “민관합동조사단의 조사과정과 판단 근거를 투명하게 공개하라”며 “중간발표 기준을 명확히 해야 한다”고 주문했다."
https://n.news.naver.com/mnews/article/396/0000724776?sid=103,2025-10-21 18:07:09,생활/문화,홍범식 LGU+ 대표 “해킹 피해 신고할 것”,"ICT 분야 국정감사이해민 “보안 관리에 허점 드러나”LG유플러스가 외부 침해 사실을 인정하지 않다가 정부 기관에 피해 사실을 신고하겠다는 입장으로 선회했다.홍범식 LG유플러스 대표는 21일 국회 과학기술정보방송통신위원회 산하 ICT 분야 국정감사에서 이해민 의원의 질의에 “한국인터넷진흥원(KISA)에 신고하겠다”고 답했다. 홍 대표는 그간 “사이버 침해를 확인한 이후 신고하는 것으로 이해하고 있었다”며 “여러 혼란과 오해가 발생해 조금 더 적극적으로 검토하겠다”고 덧붙였다.이 의원은 LG유플러스 자체 분석 결과를 근거로 회사의 보안 관리에 심각한 허점이 드러났다고 지적했다. 조사에서 모바일 접속 시 2차 인증 단계에 ‘111111’ 입력과 특정 메모리 값 변조만으로 시스템 접근이 가능한 등 모두 8건의 보안 취약점이 확인됐다고 전했다. 또한 웹페이지에 별도 인증 없이 관리자 페이지에 접근할 수 있는 백도어가 존재했고, 소스코드에는 백도어 접근용 3자리 비밀번호와 계정 관리용 비밀번호가 암호화되지 않은 평문 형태로 노출돼 있었다고 설명했다.홍 대표는 회사가 서버 운영체제(OS)를 재설치한 뒤 해당 이미지 파일을 제출했지만 재설치 전 상태가 그대로 담겼는지 보장할 수 없다는 점을 문제로 꼽았다. 그는 “이 과정에서 보안사고 매뉴얼대로 조치했는지에 대한 조사가 반드시 필요하다”고 강조했다.국감에서는 LG유플러스의 초기 대응과 내부 보안 통제 체계, 사고 대응 매뉴얼 이행 여부를 둘러싼 질의가 이어졌다. 해당 사안에 대해 회사 측은 추가 점검과 함께 관계 기관과의 협의를 통해 후속 조치를 진행하겠다고 밝혔다."
https://n.news.naver.com/mnews/article/640/0000078601?sid=102,2025-10-21 18:11:27,사회,LG U+ CEO agrees to report hacking incident to authorities after originally claiming 'no evidence',"LG U+ CEO Hong Bum-shik answers lawmakers’ questions about a hacking incident during the Science, ICT, Broadcasting and Communications Committee's audit of ICT-related agencies at the National Assembly building in western Seoul on Oct. 21. [YONHAP]LG U+ CEO Hong Bum-shik said on Tuesday that the telecom operator will report a suspected hacking incident to authorities after facing scrutiny over how it responded to reports of a possible data leak.During a parliamentary audit by the National Assembly’s Science, ICT, Broadcasting and Communications Committee, Rep. Lee Hai-min of the Rebuilding Korea Party asked Hong whether LG U+ would file a report with the Korea Internet & Security Agency (KISA).“We will do so,” Hong replied.Hong said the company had believed that such a report should be made only “after confirming the facts of a cyber intrusion.”He added that “confusion and misunderstandings have arisen,” and that LG U+ “will review the matter more proactively.”The CEO also said the company would “follow the procedures of the National Assembly and the Ministry of Science and ICT.”In August, Phrack, a global cybersecurity publication, reported that information from 8,938 LG U+ servers, 42,526 accounts and 167 employees had been leaked.KISA detected signs of hacking in July and urged LG U+ to report a data breach, but the company declined, saying there was “no evidence of data leakage.” The Ministry of Science and ICT later recommended an on-site investigation, which is now underway.During the hearing, Rep. Lee criticized LG U+ for telling authorities that “information had been leaked, but no signs of a server intrusion were found,” saying it was like “claiming that someone’s belongings were discovered outside the house after a burglary yet insisting no one broke in.”This article was originally written in Korean and translated by a bilingual reporter with the help of generative AI tools. It was then edited by a native English-speaking editor. All AI-assisted translations are reviewed and refined by our newsroom."
https://n.news.naver.com/mnews/article/421/0008553062?sid=105,2025-10-21 18:16:39,IT/과학,"이해민 의원 ""LGU+ 보안 취약점 8건…인증번호 '111111'""","[국감현장]홍범식 LGU+ 대표 ""해킹 정황 KISA에 신고하겠다""홍범식 LGU+ 대표가 21일 서울 여의도 국회 과학기술정보방송통신위원회에서 열린 정보통신산업진흥원 등에 대한 국정감사에 출석해 의원 질의에 답변하고 있다. 2025.10.21/뉴스1 ⓒ News1 이승배 기자(서울=뉴스1) 이기범 김민수 금준혁 윤주영 기자 = LG유플러스(032640)가 운용하던 계정권한관리시스템(APPM) 설루션에 8건의 보안 취약점이 있다는 주장이 제기됐다. 인증 서버 등록 과정에서 인증번호를 '111111'로 입력 후 임직원 권한을 얻거나 관리자 페이지에 별도 인증 없이 접근 가능한 백도어가 심어져 있던 정황이 포착됐다.국회 과학기술정보방송통신위원회 소속 이해민 의원은 21일 LG유플러스로부터 받은 자료 분석 결과 해당 서버의 소스코드·설정파일·데이터베이스 일체가 유출된 정황이 있다고 밝혔다. 또 이후 일부 서버가 재설치·폐기됐다며 증거보전·은폐 의혹도 함께 제기했다.의원실에서 확보한 취약점 목록에 따르면 해당 시스템은 △모바일 접속 시 2차 인증 단계에서 특정 숫자 입력과 메모리값 변조만으로 접근이 가능한 취약점 △관리자 페이지에 별도 인증 없이 접근 가능한 백도어 △소스코드 내 평문 노출된 비밀번호·암호화 키 등 총 8건의 결함이 있던 것으로 분석됐다.이 의원은 이들 중 단 하나만으로도 원격 권한탈취·내부망 침투가 가능한 수준이라고 주장했다.이와 관련해 이날 이 의원은 국회 과방위 국정감사에서 ""LG유플러스 측은 소스코드 유출된 게 별거 아니라고 했는데, 별거 아니면 소스코드를 위원실로 제출 가능하냐""며 ""대국민 서비스를 한 게 신기할 정도""라고 질타했다.아울러 이 의원이 해킹 정황이 발생했고, 서버 삭제 의혹도 나오고 있다며 KISA에 신고를 안 한 탓에 불거진 일이라고 지적하자 홍범식 LG유플러스 대표는 KISA 신고 의향을 밝혔다.이와 관련해 LG유플러스 측은 ""당사는 국정감사에서 KISA에 신고하겠다고 답변했다""며 ""이는 현재까지 조사에서는 침해 사실이 발견되지 않았지만, 국민적 염려와 오해를 해소하는 차원에서 국회와 과기부의 절차에 따라 적극적으로 대응하겠다는 의미""라고 공식 입장을 냈다.앞서 지난 8월 글로벌 해킹 권위지 '프랙 매거진'은 LG유플러스의 8938대의 서버 정보와 4만2526개의 계정 및 167명의 직원 정보가 유출됐다고 발표한 바 있다. 이와 관련해 KISA는 지난 7월 해킹 정황을 확인하고 LG유플러스에 침해 사고 신고를 권유했지만 회사 측은 ""침해 정황이 없다""며 이를 받아들이지 않았다. 다만 과학기술정보통신부의 권유에 따라 현장 조사를 진행 중이다.아울러 LG유플러스는 보고 하루 전인 8월 12일 해킹 의혹이 제기된 '계정 권한 관리 시스템' 서버의 운영체계를 재설치한 것으로 확인돼 서버 폐기 논란이 일었다."
https://n.news.naver.com/mnews/article/014/0005422561?sid=105,2025-10-21 18:24:19,IT/과학,이통3사 연쇄 해킹사고 집중 추궁…'부실 대응' 정부도 질타,"과방위 국감서 여야 비판 쏟아져KT 대표 사퇴·위약금 면제 촉구LGU+ 서버 무단폐기 의혹 제기""정부 개인정보보호 체계 무용지물""낮은 과태료 등 솜방망이 처벌 지적21일 국회 과학기술정보방송통신위원회에서 열린 정보통신기술(ICT) 분야 산하기관 국정감사에서 통신3사 대표들이 일어서서 위원 질의를 듣고 있다. 왼쪽부터 홍범식 LGU+ 대표이사, 유영상 SKT 대표이사, 김영섭 KT 대표이사. 연합뉴스국회 과학기술정보방송통신위원회 소속 여야 의원들이 국회 과학기술정보방송통신위원회 정보통신기술(ICT) 분야 산하기관 국정감사에서 잇따른 해킹 사태를 놓고 정부와 이통3사를 질타했다. 이날 오후엔 유영상 SK텔레콤 대표, 김영섭 KT 대표, 홍범식 LG유플러스 대표가 증인으로 출석했다. 최근 해킹사태와 연루된 KT, LG유플러스에 대한 질문이 쏟아졌다.■KT엔 '위약금 면제', LG U+엔 '해킹 의혹' 집중포화과방위 위원들은 최근 소액결재 해킹사고를 겪은 KT에는 위약금 면제와 김영섭 대표의 사퇴를 촉구하기도 했다. 피해 고객 뿐만 아니라 전체 고객의 위약금 면제 가능성을 묻는 질문에 김 대표는 ""전체 고객 대상 위약금은 조사 결과와 피해 내용 등을 종합적으로 고려해서 저희들이 검토하겠다""고 말을 아꼈다. 황정아 더불어민주당 의원은 김 대표를 향해 ""제발 KT를 위해서라도 이제 그만 그 자리에서 내려오라""고 말했다. 그동안 거취에 대해 말을 아끼던 김 대표는 ""사고 수습 후에 제가 합당한 책임을 마땅히 지는 게 맞다고 생각한다""고 답했다.LG유플러스는 해킹이 의심되자 관련 서버를 폐기했다는 의혹과 함께 부실한 보안관리도 지적을 받았다. LG유플러스는 서버 계정 권한 관리 시스템(APPM)이 사이버 침해를 당한 것으로 지목되자 서버 운영체제(OS) 업데이트를 실시해 관련 흔적을 지우려 했다는 의혹이 제기됐다. 국회 과방위원장인 최민희 더불어민주당 의원은 ""LG유플러스가 지난달 보안 용역을 의뢰해 해킹 의혹을 해명하겠다고 보고했다""며 ""KT 서버 폐기로 조사에 난항을 겪는 것을 뻔히 알면서 남몰래 해킹서버를 폐기하고 보안 용역 의뢰를 보고한 것은 정부와 국회를 기만한 것""이라고 질타했다.이해민 조국혁신당 의원은 LG유플러스의 보안 취약점을 지적했다. LG유플러스가 자체적으로 계정 권한 관리 시스템을 분석한 결과 모바일로 시스템에 접속 시 2차 인증 단계에서 숫자 '111111'을 입력하고 특정 메모리 값을 변조하면 시스템에 접근할 수 있는 등 모두 8개의 보안 취약점이 드러났다. 이해민 의원이 ""해킹사실을 인터넷진흥원(KISA)에 신고하겠느냐""고 묻자 홍범식 대표는 ""사이버 침해 사실을 확인한 이후에 신고하는 것으로 이해하고 있었는데 여러 혼란과 오해가 발생하고 있어 조금 더 적극적으로 검토할 예정""이라고 말했다.■""정부 개인정보보호 무용지물""주무부처인 과기정통부에 대해서도 날선 비난이 잇따랐다. 최수진 국민의힘 의원은 통신, 금융사에 이어 보안업체 SK쉴더스까지 해킹에 노출된 점을 거론하면서 ""정부가 AI, 과학기술을 지원하겠다고 했는데 지금 디지털보안에 너무 취약점을 보이고 있다""며 주무 부처인 과학기술정보통신부의 대응 및 책임 문제를 짚었다.이훈기 더불어민주당 의원은 ""무수히 많은 해킹 사고가 일어났는데 과학기술정보통신부는 도대체 뭘 하고 있느냐""며 ""국민이 볼 때는 정부의 개인정보 보호 관리체계가 거의 무용지물이라고 생각할 수밖에 없는 상황""이라고 질타했다. 특히 SK텔레콤과 KT도 해킹 사고를 인지하고 뒤늦게 신고한 점을 거론하면서 ""신고를 24시간 이내에 안 하면 과태료를 물게 돼 있는데 수십조 매출의 통신사에 몇백만원 과태료는 아무 의미가 없는 것 같다. 솜방망이 처벌""이라고 비판했다.중국산 로봇 청소기의 개인정보 유출 우려와 함께 사물인터넷(IoT) 보안 인증 제도가 유명무실하다는 지적도 제기됐다."
https://n.news.naver.com/mnews/article/138/0002207441?sid=105,2025-10-21 18:27:06,IT/과학,[국감2025] 대형 보안사고에 국감장 불린 통신3사…KT '김영섭 책임론' 집중포화 (종합),"21일 국회 과학기술정보방송통신위원회 국정감사에 출석한 통신3사 관계자들이 대기하고 있다. 사진은 현장에 참석한 홍범식 LG유플러스 대표(왼쪽 첫번째), 유영상 SK텔레콤 대표(오른쪽 두번째), 김영섭 KT 대표(오른쪽 첫번째).[디지털데일리 강소현 김보민 오병훈기자] 국회 과학기술정보방송통신위원회가 '해킹 국정감사'를 시작했다. 현장에는 대형 보안사고로 우려를 낳은 통신 3사 대표가 출석해 조사 현황과 개선 방향에 대해 답했다. 김영섭 KT 대표이사는 그간 명확히 밝히지 않았던 사퇴 여부에 대해 이번에는 ""책임을 지겠다""고 답했다.여야 공세가 KT에 쏠리면서 SK텔레콤과 LG유플러스에 대한 질문은 상대적으로 밀리는 분위기였다. 대신 홍범식 LG유플러스 대표이사는 최근 제기된 계정권한관리시스템(APPM) 시스템 해킹과 관련해 신고를 하겠다는 입장을 표했다.민간기업 보안 관리를 총괄하는 정부와 관계 기관에 대한 질타도 이어졌다. 정부는 SK쉴더스 등 보안기업 또한 해킹을 당하기 시작한 만큼 필요 대책을 강구하겠다고 입장을 표했다. 기업이 신고하지 않더라도 직권조사를 추진할 수 있도록 제도 개선을 검토하겠다는 점도 시사했다.◆ KT 대표에 ""사퇴하라"" 직격…구현모 前대표 ""재임기간 취약점 발견 못해 죄송""이날 집중 질의 대상은 단연 김영섭 KT 대표였다. 실질적인 금전적 피해를 동반한 무단 소액결제 사태에 따른 국민 피해가 있었던 탓이다. 더불어 매끄럽지 못한 피해 조사결과 발표 등 앞선 모든 상황에 대한 질책이 이어졌다.이에 오후 국정감사가 시작됨과 동시에 김 대표에 대한 사퇴 압박이 이어졌다. 더불어민주당 황정아 의원은 증인으로 김 대표를 향해 ""조사 결과가 발표될 때마다 피해 규모가 계속 커지는 이유는 거짓말 때문인지, 아니면 무능 때문인지 묻고 싶다""며 ""그 자리에 앉아 있을 이유가 없고 하루빨리 사퇴하라""고 직격했다.황 의원은 특히 KT의 조사결과 발표 때마다 피해자 수와 식별된 불법 초소형기지국(펨토셀) 수가 지속적으로 확대된 것을 문제 삼았다. KT는 지난 17일 무단소액결제사태 관련해 불법 초소형기지국(펨토셀) 전수 조사 결과를 발표했다. 첫 발표 당시 2개였던 불법 펨토셀은 20개로 늘었으며, 피해자도 278명에서 368명까지 확대됐다.황 의원에 이어 이주희, 노종면 등 여당 의원을 중심으로 사퇴 압박이 이어졌으며 김 대표는 ""합당한 책임을 지겠다""고 답했다. 또한 이날부터 피해 가입자 중 타 통신사로 이동한 가입자의 위약금 면제 사실 고지를 시작했다고 밝혔다. 전 가입자 대상 위약금 면제가 필요하다는 의원들 요구도 이어졌지만 김 대표는 ""조사결과와 피해 내용을 바탕으로 검토하겠다""고 답했다.지난 2020년부터 3년간 KT 대표를 지낸 구현모 전 대표도 참고인 자격으로 출석해 관심을 모았다. 구 전 대표는 과거부터 지속된 해킹 문제에 대해 자신의 책임도 있다며 사과했다. 이어 이번 사태가 단순히 펨토셀 관리 문제로 보기 보다는 다양한 유출 가능성을 모두 열어두고 살펴야 한다는 의견도 전했다.구 전 대표는 ""펨토셀 부실 관리가 원인이었다면 (기술적으로 명확하기 때문에) 오히려 막기 쉽다고 생각한다""며 ""(펨토셀이 아니고) 다른 방식을 통해 망에 접속한 것이라면 좀 더 국가적인 차원 혹은 통신사업자 간의 협력을 통해 해결책을 논의해야 한다""고 말했다.구현모 전 KT 대표는 21일 오후 국회 과학기술정보방송통신위원회(과방위) 국정감사에 참고인으로 출석했다.◆ LGU+, APPM 서버 폐기 의혹 '도마 위'…""KISA 신고하겠다""LG유플러스도 이번 국감의 새로운 화두가 됐다. LG유플러스라고 무풍지대는 아니었다. 앞서 미국 보안전문지 '프랙'이 LG유플러스의 APPM이 공격당했다고 밝힌 가운데, 전날 LG유플러스의 사고 은폐를 위해 관련 서버를 폐기했다는 의혹이 제기된 것이다.의원들은 해킹 정황이 있는 서버 재설치 및 폐기 시점에 주목했다. 최민희 의원(더불어민주당)이 확보한 자료에 따르면 과기정통부가 8월11일 자체조사 결과 제출을 요구하자 LG유플러스는 하루 뒤인 12일 APPM 서버의 운영체계를 재설치했다. 이후 13일 과기정통부에 침해사고 흔적이 없다고 통보했다.이해민 의원(조국혁신당)은 시스템 재설치로 포렌식 증거가 훼손됐을 가능성에 대해 수사 의뢰 수준의 정밀조사를 요구했다. APPM 개발사이자 협력사인 시큐어키는 프랙에서 의혹을 제기한 직후 자체적으로 KISA 등 관계기관에 유출 사실을 신고한 상황이다. 이 의원은 ""모든 부분에 대해 의혹이 제기되는 이유는 LG유플러스에서 KISA에 신고를 제대로 안했기 때문""이라며 신고 의향을 물었고 이에 대해 홍범식 대표는 ""신고하겠다""고 답변했다.APPM은 최고 권한 계정(Privileged Account)의 패스워드를 주기적으로 변경·관리·통제 기능을 제공하는 시스템으로, 해커에 뚫리는 경우 원격 권한탈취·내부망 침투도 가능한 구조다.하지만 LG유플러스의 APPM 시스템에선 치명적인 보안 취약점이 다수 확인됐다. 이해민 의원(조국혁신당)에 따르면 모바일 접속 시 2차 인증 단계에서 특정 숫자 입력과 메모리값 변조만으로 접근 가능했고 관리자 페이지에서도 별도 인증 없이 백도어에 접근 가능했다. 다만 여야 공세가 KT로 쏠린 가운데, SK텔레콤과 LG유플러스 관련 현안은 상대적으로 묻혔다는 평가다.SK텔레콤과 관련해선 앞선 국회 청문회에서 위약금 면제에 들어가는 비용을 부풀려 말했다는 지적이 제기됐다. SK텔레콤 유영상 대표이사가 이번 사고로 번호이동 위약금을 무는 경우 500만명이 이탈해 7조원의 손실이 우려된다고 말했지만, 실제 위약금 면제에 들어간 비용은 100분의1 수준인 700억원 수준에 불과했다는 것이다. 이에 대해 유 대표는""혼선을 드려 죄송하다""고 사과했다.류제명 과학기술정보통신부 2차관이 국회 과학기술정보방송통신위원회 국정감사에서 의원 질문에 답하고 있다.◆ 보안기업 SK쉴더스도 털렸다…과기정통부·KISA 책임에 '채찍질'기업뿐만 아니라 정부와 관계기관에게도 책임이 있다는 질타가 이어졌다. 이에 과기정통부는 통신사뿐만 아니라 SK쉴더스 등 주요 기업에서도 해킹 피해가 발생하고 있는 만큼 대응책을 마련하겠다고 밝혔다. 아울러 이달 22일 관계 부처 및 기관과 종합 대책을 발표할 예정이라고 예고했다.특히 보안기업 SK쉴더스에서 사고가 발생한 것에 책임감을 느낀다고 이야기했다. 류제명 과기정통부 2차관은 ""보안기업 SK쉴더스까지 연이은 사이버보안 사고가 발생하면서 국민께 불안을 끼쳐 큰 책임감을 느낀다""며 ""부족한 점을 면밀히 들여다보고 개선점을 찾겠다""고 말했다. 이어 ""(관련 내용을 파악한 이후) 주무기관과 SK쉴더스 고객사에 연락해 모든 조치를 강구하도록 했고 자세한 내용은 파악 중""이라고 덧붙였다.신고 없이 당국 조사가 가능하도록 체계를 개편할 필요성이 있다고도 밝혔다. 류 차관은 ""기업 신고가 없으면 당국이 조사하기 어려운 한계가 있고 정보보호관리체계(ISMS) 보완점도 많이 있다""며 ""다크웹을 통해 모니터링을 하고 신고를 제때 하지 않으면 과태료를 부과하고 있지만, (제도 개선 필요성에) 충분히 공감한다""고 말했다.이날 현장에서는 대기업뿐만 아니라 중소기업을 대상으로 사이버 공격이 거세지고 있어 대응책이 필요하다는 지적도 제기됐다. 이주희 의원(더불어민주당)은 ""KISA는 2014년부터 사이버위협정보공유시스템(C-TAS)를 운영하면서 해킹을 예방하고 있지만 가입한 기업 수는 5000개에 불과하다""며 ""지난해 랜섬웨어 피해 기업 77%가 중소기업이라는데 참여비율은 미비하다""고 꼬집었다. 이에 이상중 KISA 원장은 ""가입을 권고해도 하지 않는 경우가 있다""며 정책 실효성을 높여야 한다는 질타에 동의를 표했다."
https://n.news.naver.com/mnews/article/117/0004000054?sid=105,2025-10-21 18:46:13,IT/과학,"[현장] “늑장신고·보안부실 반복”… 국회, 통신3사 해킹 책임 추궁(종합)","과방위 국정감사, “국민 통신안전 위협받고 있다” 여·야 의원 한목소리 비판SKT 유심유출·KT 소액결제·LGU+ 내부계정 논란… 정부 “영업정지 검토”홍범식 LGU+ 대표(왼쪽 첫 번째), 유영상 SKT 대표(왼쪽 네 번째), 김영섭 KT 대표(왼쪽 다섯 번째)가 21일 서울 여의도 국회 과학기술정보방송통신위원회에서 열린 정보통신산업진흥원 등에 대한 국정감사에 출석했다. /곽경훈 기자[마이데일리 = 박성규 기자] 국회가 통신3사의 해킹 사고와 보안 부실 대응을 강하게 질타했다. 피해 신고 지연, 취약한 내부 관리, 미흡한 보상 대책 등 구조적 문제가 반복되자 여야 의원 모두 “통신안전이 무너지고 있다”고 목소리를 높였다.21일 업계에 따르면 국회 과학기술정보방송통신위원회(과방위)는 이날 과학기술정보통신부와 산하 기관을 상대로 국정감사를 열고, SK텔레콤·KT·LG유플러스 최고경영자(CEO)를 증인으로 출석시켜 최근 해킹 사고의 경위와 책임을 집중 추궁했다. 이번 국감은 ‘통신 인프라 보안’이 핵심 쟁점으로 떠올랐다.이날 이해민 조국혁신당 의원은 미국 보안 전문지 ‘프랙’ 보고서를 근거로 “LG유플러스 내부 서버 관리용 계정(APPM) 비밀번호가 소스코드에 그대로 노출됐다”며 “물건은 밖에 있어도 도둑 든 흔적은 없다는 식의 해명은 납득하기 어렵다”고 지적했다.그는 또 “포렌식 직전 서버를 폐기한 정황도 확인됐다”며 조직적 은폐 가능성을 제기했다. 홍범식 LG유플러스 대표는 “KISA에 신고하고 민관합동 조사단 검증에 협조하겠다”고 덧붙였다.홍범식 LGU+ 대표가 21일 서울 여의도 국회 과학기술정보방송통신위원회에서 열린 정보통신산업진흥원 등에 대한 국정감사에 증인으로 출석해 의원 질의에 답하고 있다. /곽경훈 기자SK텔레콤은 유심(USIM) 정보 대량 유출 사고로 질타를 받았다.이훈식 더불어민주당 의원은 “법상 24시간 내 신고해야 하지만 SKT는 45시간 뒤에야 보고했다”며 “보안 사고 때마다 똑같은 늑장 대응이 반복된다”고 꼬집었다.SK텔레콤 측은 “재발 방지를 위해 보안 인프라를 전면 재점검하고 있다”고 해명했다.KT는 소액결제 피해와 위약금 부담 문제로 도마에 올랐다.황정아 의원은 “일부 이용자가 최대 53만원의 위약금을 떠안았다”며 “KT는 피해자 구제책을 명확히 내놓지 않고 있다”고 비판했다.김영섭 KT 대표는 “국민께 불편을 드려 죄송하다”며 “조사 결과를 토대로 보상 대책을 마련하겠다”고 답했다.정부와 감독기관에 대한 책임론도 거세졌다. 의원들은 “기업의 신고 지연을 방치하고, 사고 발생 후에도 감독이 실효성을 잃었다”며 과기정통부의 대응을 비판했다.류제명 과기정통부 2차관은 “조사 결과 고의성이 확인된 사안은 수사 의뢰했고, 보상이나 위약금 면제가 이뤄지지 않으면 영업정지 등 행정 제재도 검토 중”이라고 밝혔다."
https://n.news.naver.com/mnews/article/003/0013548888?sid=105,2025-10-21 18:57:08,IT/과학,"해킹 국감서 또 지적된 '화웨이 장비'…홍범식 LGU+ 대표 ""최고 보안등급 받아""","김장겸 과방위원 ""LGU+, 화웨이 장비 고집하는 이유 뭔가"" 지적홍 대표 ""세계적 인증기관에서 인증…보안 모니터링 지속하겠다""[서울=뉴시스] 고승민 기자 = 홍범식 LGU+ 대표가 21일 서울 여의도 국회에서 열린 과학기술정보방송통신위원회의 정보통신산업진흥원 등 국정감사에서 의원 질의에 답하고 있다. 2025.10.21. kkssmm99@newsis.com[서울=뉴시스]윤현성 심지혜 박은비 기자 = 홍범식 LG유플러스 대표는 회사가 화웨이 네트워크 장비를 운용 중인 것과 관련, 보안 문제와 연관성이 있는 것이 아니냐는 지적에 대해 ""도입된 화웨이 장비들이 세계적인 인증기관들을 통해서 최고의 보안등급을 받고 운영하고 있는 것으로 알고 있다""고 말했다.홍 대표는 21일 국회 과학기술정보방송통신위원회 국정감사에서 ""LG유플러스가 집중적으로 화웨이 장비를 사용하고 있는데, 고집하는 이유가 뭔가""라고 묻는 김장겸 국민의힘 의원의 질문에 이같이 밝혔다.이날 국감에서 김 의원은 ""미국, 영국, 독일, 일본 등은 이미 화웨이 장비 신규 설치를 금지했고 기존 장비마저 단게적으로 퇴출시키고 있는 것으로 알고 있다""며 ""미국 국무부가 화웨이 등 보안이 취약한 중국산 장비를 사용하지 않는 곳을 소위 클린통신사로 인정하는 제도를 도입했는데 LG유플러스는 여기서 제외됐다""고 꼬집었다.또 ""LG유플러스가 가장 큰 규모인 3테라바이트 분량의 통화기록이 해킹됐는데, 통화기록은 이용자 위치정보와 통화내역이 포함되어 있는 굉장히 고위험 개인정보""라며 ""화웨이 네트워크 장비와 보안 문제, 취약점 등이 연관이 돼있다고 볼 수 있는 것 아닌가""라고 물었다.이에 대해 홍 대표는 ""제가 보고받기로는 화웨이 장비를 일부 사용하고 있고, 그 화웨이 장비들은 세계적으로 인증받을 수 있는 인증기관들을 통해서 최고의 보안등급을 받고 운영을 하고 있다고 알고 있다""고 설명했다.다만 홍 대표는 ""지적해 주신 바와 같이 지속적으로 보안에 대한 모니터링을 하면서 적정한 의사결정을 할 수 있도록 하도록 하겠다""며 추가적인 대응 가능성도 열어뒀다.김 의원은 국감에 출석한 류제명 과학기술정보통신부 제2차관을 향해서도 ""세계적 추세가 그렇다면(화웨이 장비 퇴출) 정부 차원에서 검토해야 한다. 시스템에서 이렇게 문제가 자꾸 발생하면 보안성을 점검하고 퇴출 여부 등 검토·연구해서 살펴봐야 한다""고 당부했다．"
https://n.news.naver.com/mnews/article/658/0000123484?sid=100,2025-10-21 19:33:18,정치,통신 3사 해킹 늑장대응 여야 질타…“3년 전 피해 정황” KT 은폐 의혹도,"과방위 국감서 각사 대표 줄줄이 추궁- KT “전수조사 뒤 100% 금전 배상”- LGU+, 해킹 피해사실 뒤늦게 인정- 최민희 딸 결혼식 논란 재차 소환도여야가 21일 국회에서 열린 과학기술정보방송통신위원회 국정감사에서 통신 3사의 해킹 늑장 대응을 일제히 질타했다.김영섭 KT 대표가 21일 국회 과학기술정보방송통신위원회에서 열린 국정감사에 출석해 물을 마시고 있다. 김정록 기자 ilro12@kookje.co.kr더불어민주당 황정아 의원은 김영섭 KT 대표를 상대로 소액결제 해킹 사실을 인지하고도 늦게 대응했다며 ‘사실 은폐’ 의혹을 제기했다. 그는 “3년 전부터 피해 정황이 있었는데 언제 그 사실을 정확히 인지했느냐”며 “확정되지 않았다는 이유로 회피하지 말고, 국민 앞에 명확히 밝히라”고 추궁했다. 그는 또 “KT가 위약금 면제와 피해 보상 방안을 조속히 결정하겠다고 했지만 신뢰하기 어렵다”며 “피해 고객 전원에게 위약금을 면제할 의향이 있느냐”고 압박했다. 같은 당 최민희 위원장도 “단순히 검토만 반복하지 말고, 실질적인 조치를 취해야 한다”고 강조했다.김 대표는 “현재 전수조사 결과를 토대로 피해 고객에게 금전적 배상을 100% 진행할 계획이며 민관조사단이나 경찰 조사 결과가 나오면 면밀히 검토하겠다”고 말했다. 이어 “사고 수습 후에 제가 합당한 책임을 마땅히 지는 게 맞다고 생각한다”며 사퇴 가능성을 시사했다.LG유플러스는 최근 서버 계정 권한 관리 시스템(APPM) 해킹 사태와 관련해 논란의 중심에 섰다. LG유플러스는 애초 해킹 피해를 인정하지 않았지만, 이날 국감에 출석해서야 입장을 선회했다. 조국혁신당 이해민 의원이 “한국인터넷진흥원(KISA)에 피해 사실을 신고할 것이냐”고 묻자 홍범식 LG유플러스 대표는 “그렇게 하겠다”고 답했다.유영상 SK텔레콤 대표는 올해 4월의 유심정보 유출 사고에 따른 위약금 면제 손실규모를 부풀렸다는 지적을 받고 “혼선을 드려 죄송하다”고 사과했다. 민주당 이훈기 의원은 “유 사장이 지난 5월 국회 청문회 때 번호이동 위약금 면제를 하면 7조 원 손실이 예상된다고 했지만, 실제로는 70만 명에 1인당 10만 원 적용 때 700억 원 수준으로, 100배 부풀렸다”고 비판했다.이날 국감에서는 국감 기간 열린 최민희 위원장 딸의 결혼식을 놓고 이해충돌 논란이 재차 제기됐다. 국민의힘 박정훈 의원은 류제명 과기부 2차관이 결혼식 축의금을 낸 것을 두고 “최 위원장이 위원장석에 앉아 국감을 진행하려면 피감기관과 관련 기관으로부터 축의금 받은 것을 다 토해낸 뒤 진행해야 한다고 생각한다”고 말했다. 이어 박 의원은 “최 위원장이 딸 결혼식을 못 챙겼다, 그리고 (관련 기관에) 화환을 보내지 말아 달라고 얘기하는 걸 챙기지 못한 게 자기 책임이라(고는) 얘기를 했는데, 정말 비겁한 변명”이라면서 “혼주는 최 위원장 본인”이라고 직격했다. 이에 최 과방위원장은 딸이 주도한 결혼식이고, 기업이나 피감 기관에 청첩장을 전달한 사실이 전혀 없다며 눈물을 흘렸다. 그는 전날 국감장에서 딸 결혼식 모바일 청첩장에 ‘카드 결제’ 기능까지 추가한 것이 논란이 되자 “양자 역학을 공부하느라 딸 결혼식에 신경을 쓰지 못했다”고 해명한 바 있다."
https://n.news.naver.com/mnews/article/243/0000086702?sid=105,2025-10-21 19:51:08,IT/과학,"통신 3사 CEO, 국감서 ‘뭇매’…KT “해킹 피해자 위약금 면제”·LGU+ “피해 신고하겠다”","21일 국회 과학기술정보방송통신위원회에서 열린 정보통신기술(ICT) 분야 산하기관 국정감사에서 통신3사 대표들이 일어서서 위원 질의를 듣고 있다. 왼쪽부터 홍범식 LGU+ 대표이사, 유영상 SKT 대표이사, 김영섭 KT 대표이사. [사진 연합뉴스][이코노미스트 원태영 기자]이동통신 3사(SK텔레콤·KT·LG유플러스) CEO가 해킹과 개인정보 유출 문제로 21일 열린 국회 과학기술정보방송통신위원회 국정감사에서 보안 관련 ‘뭇매’를 맞았다.SK텔레콤은 위약금 면제로 당초 7조원의 규모 손실을 예상했으나 실제로는 700억원에 그친 것에 대한 질타를 받았다.이훈기 더불어민주당 의원은 “유영상 SK텔레콤 대표가 지난 청문회 때 번호이동 위약금을 면제하면 7조원의 손실이 예상됐다고 했다”며 “그런데 실제적으로는 70만명에게 1인당 10만원씩 700억원으로, 100배를 부풀렸다. 국회서 위증을 한 셈”이라고 지적했다.이어 사과를 요구하자 유 대표는 “혼선을 드려 죄송하다”며 고개를 숙였다.김영섭 KT 대표는 이날 국회 과학기술정보방송통신위원회가 연 정보통신기술(ICT) 분야 국정감사에서 무단 소액결제 및 해킹으로 인한 개인정보 유출 피해자에 대해 ""위약금 면제 고지 등 관련 절차를 진행하겠다""고 말했다.KT는 지금까지 민관 합동 조사단의 조사 결과를 보고 위약금 면제 여부를 결정하겠다는 입장을 밝혀온 바 있다. 이에 박충권 의원(국민의힘) 등이 해킹 사태로 피해를 본 KT 이용자들이 수십만원대 위약금을 내면서까지 가입을 해지하고 있다며 책임 있는 자세를 촉구했다.다만, 이날 밝힌 위약금 면제 대상은 소액결제나 불법 기지국 접속 피해자들로 한정된 것으로 전체 이용자에 대한 위약금 면제는 여전히 조사 결과 이후 결정한다는 입장이다.한편, 김 대표는 무단 소액결제 및 해킹 사태와 관련 ""(상황이) 수습되면 책임질 것""이라는 입장을 밝혔다. 김 대표는 책임의 범위를 묻는 노종면 더불어민주당 의원 질의에 ""사퇴를 포함한 책임을 지겠다""고 말했다.LG유플러스는 해킹 피해를 인정하지 않다가 당국에 피해 사실을 신고하겠다고 입장을 바꿨다.홍범식 LG유플러스 대표는 이날 국회 과학기술정보방송통신위원회 정보통신기술(ICT) 분야 산하기관 국정감사에서 이해민 조국혁신당 의원이 한국인터넷진흥원(KISA)에 신고하겠느냐고 묻자 ""그렇게 하겠다""고 대답했다.홍 대표는 ""사이버 침해 사실을 확인한 이후에 신고하는 것으로 이해하고 있었는데 여러 혼란과 오해가 발생하고 있어 조금 더 적극적으로 검토할 예정""이라고 부연했다.이 의원은 ""LG유플러스가 비밀번호를 암호화하지 않고 소스코드 안에 그대로 노출했다는 것은 금고 바깥에 비밀번호를 써서 쪽지로 붙여 놓은 꼴""이라며 ""기술적인 문제 이전에 심각한 보안 불감증""이라고 비판했다.이 의원에 따르면 LG유플러스가 자체적으로 계정 권한 관리 시스템을 분석한 결과 모바일로 시스템에 접속 시 2차 인증 단계에서 숫자 '111111'을 입력하고 특정 메모리 값을 변조하면 시스템에 접근할 수 있는 등 모두 8개의 보안 취약점이 드러났다.웹페이지에는 별도 인증 없이 관리자 페이지에 접근할 수 있는 백도어가 있었고 소스코드에는 백도어에 접속할 수 있는 비밀번호 3자리, 계정 관리에 필요한 비밀번호가 암호화되지 않은 채 평문으로 노출돼 있었다.그는 ""LG유플러스가 서버 운영체계(OS)를 재설치하고 이미지를 뜬 것을 제출했는데 (재설치 전) 상황 그대로가 이미지에 담겼다고 어떻게 보장을 할 수 있는지가 문제""라며 ""이 과정에서 보안사고 매뉴얼대로 했는지 조사가 꼭 필요하다""고 강조했다.최민희 과방위원장도 ""LG유플러스가 지난 달 보안 용역을 의뢰해 해킹 의혹을 해명하겠다고 보고했다""며 ""KT 서버 폐기로 조사에 난항을 겪는 것을 뻔히 알면서 남몰래 해킹서버를 폐기하고 보안 용역 의뢰를 보고한 것은 정부와 국회를 기만한 것""이라고 질타했다."
https://n.news.naver.com/mnews/article/022/0004076674?sid=100,2025-10-21 20:19:08,정치,"국감 출석한 통신3사 대표… 與野, 해킹 사태 일제히 비판","과방위 국감서 부실 대응 도마솜방망이 처벌·피해 보상안 추궁KT 김영섭 대표 연임 포기 시사LGU+ “피해의혹 당국에 적극 신고”21일 국회 과학기술정보통신위원회 국정감사에선 올해 통신·금융 분야에서 발생한 대규모 해킹 사태와 관련해 정부의 부실 대응이 도마 위에 올랐다. 여야 의원들은 통신 3사에 철저한 실태 파악과 함께 재발 방지 방안을 마련하라는 질타를 쏟아냈다.더불어민주당 이훈기 의원은 이날 “무수히 많은 해킹 사고가 일어났는데 과학기술정보통신부는 도대체 뭘 하고 있느냐”며 “정부의 개인정보 보호 관리 체계가 거의 무용지물이라고 생각할 수밖에 없는 상황”이라고 지적했다. 이 의원은 SK텔레콤과 KT가 해킹 사고를 인지하고도 뒤늦게 신고한 점을 거론하며 “24시간 이내에 신고를 안 하면 과태료를 물게 돼 있는데 수십조원 매출의 통신사에 몇백만원 과태료는 의미가 없는 것 같다. 솜방망이 처벌이 아니냐”고 했다. 이날 국감에는 유영상 SK텔레콤 대표와 김영섭 KT 대표, 홍범식 LG유플러스 대표 등 통신 3사 대표가 모두 출석했다.김영섭 KT 대표, 홍범식 LGU+ 대표, 유영상 SKT 대표(왼쪽부터)가 21일 서울 여의도 국회에서 열린 과학기술정보방송통신위원회의 정보통신산업진흥원 등 국정감사에서 두손을 모아 박충권 국민의힘 의원 질의를 듣고 있다. 뉴시스국민의힘 김장겸 의원은 “SK텔레콤 해킹 사태 때도 KT, LG유플러스를 살펴보라고 그렇게 강조했는데 또 터지고 터졌다”며 “(정부 대응책은) 수박 겉핥기식 개선에 불과하다”고 말했다.KT 김 대표는 이날 소액 결제 피해와 관련해 “일정 수준으로 수습이 되고 나면 책임을 지는 것이 마땅하다”며 고개 숙였다. 내년 3월 말 임기 만료를 앞두고 사퇴 의사를 밝힌 것으로 해석됐다. 과방위는 김 대표를 오는 29∼30일 종합감사에 증인으로 다시 부르기로 의결했다.김 대표는 피해 고객에 대한 보상안과 관련해 “전체 고객 대상 위약금 면제는 조사 결과에서 드러나는 피해 내용을 보고 판단할 것”이라며 “유심과 단말기 교체 지원 보험 가입 등 추가 보상안도 검토하고 있다”고 밝혔다.“국민에 사과하라”… 통신3사 대표 기립 요구21일 국회에서 정보통신기술(ICT) 공공기관을 상대로 열린 과학기술정보방송통신위원회 국정감사에서 증인으로 출석한 홍범식 LG유플러스 대표(뒷줄 왼쪽부터), 유영상 SK텔레콤 대표, 김영섭 KT 대표가 서 있다. 조국혁신당 이해민 의원은 세 대표에게 자리에서 일어나달라며 “안전한 통신환경을 제공해야 할 의무를 가진 여러분은 깊은 책임감을 느끼고 국민에게 사과해야 한다”고 말했다. 허정호 선임기자그동안 해킹 피해를 인정하지 않았던 LG유플러스는 이날 피해 의혹을 당국에 신고하는 방안을 검토하겠다고 밝혔다. 홍 대표는 ‘한국인터넷진흥원(KISA)에 신고하겠느냐’는 의원 질의에 “그렇게 하겠다”고 답했다. 이어 “사이버 침해 사실을 확인한 이후에 신고하는 것으로 이해하고 있었는데 여러 혼란과 오해가 발생하고 있어 조금 더 적극적으로 검토할 예정”이라고 말했다. 아직 침해 사실이 발견되지 않았지만 국민 염려와 오해를 해소하는 차원에서 관련 부처와 협의해 추가 절차를 밟겠다는 의미라고 설명했다.LG유플러스는 지난 7월 KISA가 해킹 정황을 확인하고 침해 사고 신고를 권유했을 때만 해도 “유출 정황이 없다”며 신고를 거부한 바 있다."
https://n.news.naver.com/mnews/article/214/0001456424?sid=101,2025-10-21 20:43:56,경제,[단독] LGU+ '111111'에 뚫렸다‥백도어 비번도 버젓이 공개,"[뉴스데스크]◀ 앵커 ▶KT에 이어 LG유플러스도 해킹 정황이 있는 서버를 무단 폐기했다는 의혹 전해드렸는데요.유플러스가 해킹 의혹이 불거진 뒤, 자체 점검을 해 본 결과, 업무망에는 허점이 한두 개가 아니었습니다.직원이 문자로 인증번호를 전송받아 입력하는 보안 절차를 따랐지만 인증번호는 '11 11 11'.즉 1을 여섯 번 누르면 그냥 열리는 무늬만 자물쇠를 채웠던 겁니다.유플러스는 이런 사실을 당국에 바로 알리는 대신 운영 체계를 다시 깔아 사실상 조사를 불가능하게 만들었습니다.김윤미 기자의 단독 보도입니다.◀ 리포트 ▶지난 8월. 미국의 보안 전문매체 '프랙'이 공개한 해킹 그룹 '김수키'의 파일.LG 유플러스 서버 8천여 대의 정보와 계정 정보 4만여 개, 직원 167명의 ID와 실명까지 담겨 있었습니다.직원들이 업무망에 접속할 때 인증해 주는 '계정 권한 관리 시스템'의 설계도, 이른바 '소스 코드'가 유출된 겁니다.부랴부랴 자체 점검에 나선 유플러스는 8가지 심각한 구멍을 확인했습니다.직원이 업무망에 접속하려면 휴대전화 문자 메시지로 받은 인증번호를 입력해야 하는데, 그냥 1 여섯 번, '일일일일일일'을 넣으면 통과할 수 있었습니다.1 여섯 번이 일종의 만능열쇠였던 셈입니다.PC 웹페이지 업무망도 허술하긴 마찬가지.인증 없이 관리자 모드로 들어갈 수 있는 '백 도어'가 있었고, 유출된 소스코드에는 '백 도어'의 비밀번호 3자리까지 담겨 있었습니다.뒷문 존재를 들켰을 뿐 아니라 열쇠까지 이미 유출된 겁니다.유출된 소스코드에는 업무망 앱의 초기 설정 비밀번호도 암호화되지 않은 채 그대로 노출돼 있었습니다.[이해민/국회 과방위원]""방어막은 커녕 해커들을 위한 레드카펫을 깔아 놓은 꼴이 됐어요. LG유플러스는 이거는 기술적인 문제 이전에 심각한 보안 불감증이에요.""유플러스는 '정보 침해는 없었다'며 해킹 피해 신고를 하지 않았습니다.오히려 ""파악된 취약점을 보완한다""며 유출된 서버 운영 체계를 새로 깔아, 무단 폐기 의혹까지 불거진 상태입니다.[홍범식/LG유플러스 대표]""＜KISA에 신고를 하시겠다는 의미인가요?＞ 네 신고하겠습니다.""과기정통부는 유플러스가 해킹당한 사실을 숨기려고 서버 운영체제를 재설치했는지, 조사에 나서겠다고 예고했습니다.MBC뉴스 김윤미입니다.영상편집: 김민지MBC 뉴스는 24시간 여러분의 제보를 기다립니다.▷ 전화 02-784-4000▷ 이메일 mbcjebo@mbc.co.kr▷ 카카오톡 @mbc제보"
https://n.news.naver.com/mnews/article/422/0000793302?sid=161,2025-10-21 20:53:09,,"KT 대표 ""사태 수습 후 책임""…LGU+ ""해킹 신고 예정""","[앵커]반복된 대규모 해킹 사태와 관련해 통신3사 최고경영자들이 국정감사에 줄소환됐습니다.KT 대표는 사퇴를 시사하는 듯한 말을 했고, 해킹을 부인해온 LG유플러스는 피해를 신고하겠다고 했습니다.최덕재 기자입니다.[기자]굳은 표정으로 국회 과학기술정보방송통신위원회 국정감사장에 선 김영섭 KT 대표.대규모 무단 소액결제 사태 후 서버를 폐기했다는 의혹에 휘말린 데 이어, 최근엔 하나의 펨토셀 벤더인증키만으로도 KT 코어망을 드나들 수 있다는 의혹도 제기됐습니다.여야 의원들이 그동안 김 대표가 이런 내용들에 대해 잘 모른다는 취지로 대답해온 걸 줄비판하자, 김 대표는 잠시 숨을 고른 후 담담하게 답합니다.<김영섭/KT 대표> ""일정 수준 수습이 되고 나면 최고경영자는 총체적 경영 책임이 있는 것이기 때문에 합리적인 마땅한 수준의 책임을 지는 것이 마땅하다고 생각하고 있습니다.""사퇴 의사를 시사한 것으로 재차 확인하는 질문에도 고개를 끄덕입니다.<황정아/더불어민주당 의원> ""사퇴하시겠단 뜻인거죠? 책임이란.""<김영섭/KT 대표> ""…""김영섭 대표는 소액결제 및 개인정보 유출 피해자에 대한 위약금 면제에 나서겠다고 밝혔습니다.다만 전체 이용자에 대한 위약금 면제는 여전히 조사 결과 이후 결정한다는 입장입니다.한편, 그동안 해킹은 없었다고 주장해온 LG유플러스는 국감장에 서자 한국인터넷진흥원에 신고하겠다고 했습니다.그러면서도 ""해킹 침해가 발견되지는 않았지만 국민 염려와 오해를 해소하는 차원에서 신고하겠다""고 덧붙입니다.<홍범식/LG유플러스 대표> ""침해 사실 확인이 있은 이후에 신고하는 것으로 이해하고 있었습니다. 여러 혼란과 오해가 발생을 하고 있어서 이 부분에 대해서는 조금 더 적극적으로 검토할 예정입니다.""하지만 모바일과 웹페이지에서 8개의 보안 취약점이 드러났다는 새 의혹이 제기되는 등 논란은 계속될 전망입니다.연합뉴스TV 최덕재입니다.[영상편집 김휘수][뉴스리뷰]#해킹 #KT #LG유플러스 #사퇴 #김영섭연합뉴스TV 기사문의 및 제보 : 카톡/라인 jebo23"
https://n.news.naver.com/mnews/article/421/0008553480?sid=105,2025-10-21 21:14:39,IT/과학,"초유 해킹 사태에 통신 3사 대표 국감 소환…KT ""위약금 면제 시작""","[국감초점]KT, 개인정보 유출 2만2000명 위약금 면제SKT ""위약금 7조 발언 죄송""…LGU+ ""해킹 정황 KISA 신고""유영상 SKT 대표(왼쪽)와 김영섭 KT 대표가 21일 서울 여의도 국회 과학기술정보방송통신위원회에서 열린 정보통신산업진흥원 등에 대한 국정감사에서 대화하고 있다. 2025.10.21/뉴스1 ⓒ News1 신웅수 기자(서울=뉴스1) 이기범 김민수 윤주영 금준혁 기자 = 유심 해킹부터 무단 소액결제까지 연이은 해킹 사태에 통신 3사 대표가 국감장으로 소환됐다.사실상 KT(030200) 청문회처럼 진행된 국정감사에서 여야 의원은 김영섭 KT 대표를 향한 질타를 쏟아냈다. 유영상SK텔레콤(017670) 대표도 위약금 손실을 부풀렸다는 지적을 받았고, 홍범식 LG유플러스(032640) 대표에게는 해킹 정황을 알고도 축소했다는 의혹이 제기됐다.통신 3사 대표는 21일 오후 국회 과학기술정보방송통신위원회 국정감사에 증인으로 출석했다. 국회는 통신사의 보안 관리 실태를 집중 추궁했다.김영섭 KT 대표 ""사퇴 포함 책임지겠다""…위약금 면제 진행이날 김영섭 KT 대표는 '소액결제 사태'를 놓고 자신을 향한 사퇴 요구에 ""사고 수습 후 합당한 책임을 마땅히 지는 게 맞다""고 밝혔다.여당 의원들은 KT가 정부 조사 방해 의혹으로 경찰 입건 전 조사(내사)를 받고 있는 점을 들어 김 대표의 책임론을 부각했다.김 대표는 사퇴 요구가 여러 차례 반복되자 ""책임의 범위에는 사퇴도 포함된다""며 우선 고객 보상안 마련 등 수습에 나선 뒤 자신의 거취를 결정하겠다는 입장을 내비쳤다.사건 은폐 및 축소 의혹에는 ""처음부터 축소나 은폐를 생각했던 것이 아니다""며 ""일이 점점 커져 전체를 분석하다 보니 늦어졌다""고 해명했다.아울러 이날 관심이 쏠린 위약금 면제 여부에는 관련 절차에 착수했다고 밝혔다. 대상은 개인정보 유출 정황이 있는 고객 2만 2227명이다. 면제 기간은 오는 11월 30일까지다. 면제 범위는 휴대전화 공시지원금, 추가지원금, 선택약정 할인 관련 위약금이다. SK텔레콤과 마찬가지로 유·무선 결합 상품은 위약금 면제 대상에서 제외된다.전체 고객 대상 위약금 면제와 관련해선 말을 아꼈다. 이날 김 대표는 ""(민관합동조사단) 조사 결과와 피해 내용을 종합적으로 고려해 결정해야 된다고 생각한다""고 말했다. 또 ""KT 전체 고객 대상으로 유심 교체까지는 적극 검토해서 시행하겠다""고 덧붙였다.김영섭 KT 대표(왼쪽부터), 유영상 SK텔레콤 대표, 홍범식 LG유플러스 대표가 21일 서울 여의도 국회 과학기술정보방송통신위원회에서 열린 정보통신산업진흥원 등에 대한 국정감사에서 의원 질의에 답변하고 있다. 2025.10.21/뉴스1 ⓒ News1 신웅수 기자SKT ""위약금 7조 발언 죄송""…LGU+ ""해킹 정황 당국 신고""유영상 SK텔레콤 대표는 위약금 면제로 인한 손실 규모를 부풀려 말했다는 지적을 받자 ""혼선을 드려 죄송하다""고 사과했다.유 대표는 지난 5월 국회 과방위 청문회에서 ""(가입자 이탈이) 최대 500만 명까지도 가능하다고 생각한다""며 ""위약금뿐 아니라 3년 치 매출까지 고려하면 7조 원 이상 손실도 예상한다""고 언급한 바 있다.홍범식 LG유플러스 대표는 해킹 정황이 있음에도 이를 축소하려 했다는 의혹이 일자 ""한국인터넷진흥원(KISA)에 신고하겠다""는 입장을 밝혔다.이와 관련해 LG유플러스 측은 ""당사는 국정감사에서 KISA에 신고하겠다고 답변했다""며 ""이는 현재까지 조사에서는 침해 사실이 발견되지 않았지만, 국민적 염려와 오해를 해소하는 차원에서 국회와 과기부의 절차에 따라 적극적으로 대응하겠다는 의미""라고 공식 입장을 냈다.앞서 지난 8월 글로벌 해킹 권위지 '프랙 매거진'은 LG유플러스의 8938대의 서버 정보와 4만2526개의 계정 및 167명의 직원 정보가 유출됐다고 발표한 바 있다. 이와 관련해 KISA는 지난 7월 해킹 정황을 확인하고 LG유플러스에 침해 사고 신고를 권유했지만 회사 측은 ""침해 정황이 없다""며 이를 받아들이지 않았다. 다만 과학기술정보통신부의 권유에 따라 현장 조사를 진행 중이다.아울러 LG유플러스는 보고 하루 전인 8월 12일 해킹 의혹이 제기된 '계정 권한 관리 시스템' 서버의 운영체계를 재설치한 것으로 확인돼 서버 폐기 논란이 일었다."
https://n.news.naver.com/mnews/article/025/0003476922?sid=100,2025-10-22 00:37:26,정치,[사진] 해킹당한 5개사 대표 국감 출석,"김영섭 KT 대표가 21일 국회 과학기술정보방송통신위원회의 정보통신기술(ICT) 분야 국정감사에서 질의에 답변한 후 물을 마시고 있다. 오른쪽부터 김 대표, 유영상 SKT 대표, 김광일 MBK 대표, 조좌진 롯데카드 대표, 홍범식 LGU+ 대표. [연합뉴스]"
https://n.news.naver.com/mnews/article/020/0003668858?sid=101,2025-10-22 03:04:23,경제,국감 나온 KT 대표 “소액결제 피해고객 위약금 면제”,"KT대표 “사태 수습후 책임질것”해킹 의혹 받는 LGU+ CEO“KISA에 신고, 해킹여부 조사”‘해킹 사태’ 통신3사 대표 국감 줄소환 잇단 해킹 사고로 국민들의 불안이 커진 가운데 21일 국회 과학기술정보방송통신위원회 국정감사에서도 보안 관리에 대한 질의가 집중됐다. 증인으로 출석한 홍범식 LG유플러스 대표, 조좌진 롯데카드 대표, 김광일 MBK 부회장, 유영상 SK텔레콤 대표, 김영섭 KT 대표(왼쪽부터). 이훈구 기자 ufo@donga.com김영섭 KT 대표가 21일 국회 과학기술정보방송통신위원회 위원들의 사퇴 압박에 “최고경영자(CEO)는 총체적 경영 책임이 있기 때문에 합리적인 수준의 책임을 지는 게 마땅하다”며 사퇴 가능성을 내비쳤다. 하지만 KT 이용자의 위약금 면제에 대해서는 조사 결과가 나오면 결정하겠다는 입장을 고수했다.21일 한국인터넷진흥원(KISA) 등에 대한 국회 과방위 국정감사에는 SK텔레콤, KT, LG유플러스 등 국내 이동통신 3사 CEO가 모두 출석했다. 과방위 위원들은 현재 민관합동조사단 및 경찰 조사가 진행 중인 KT 무단 소액결제 사고와 관련해 KT의 책임을 강도 높게 물었다. 여당 의원들이 김 대표에게 책임지고 사퇴하라고 목소리를 높이자 김 대표는 “우선적으로 해야 할 사태 수습을 하고 이후 책임을 지는 것이 마땅하다”고 말했다.KT 위약금 면제에 대해서는 신중한 태도를 보였다. 박충권 국민의힘 의원은 “KT 불법 팸토셀 정보 수신자 중 가입을 해지하거나 해지 신청을 한 이용자가 2072명”이라며 KT가 위약금을 부담해야 한다고 지적했지만, 김 대표는 “조사단의 조사 결과가 나오면 신중하게 검토해 결정하겠다”고 답했다. 다만 소액 결제 및 개인정보 유출 피해를 입은 피해 고객 2만2200여 명은 이날부터 위약금 면제를 하기로 했다.이날 함께 증인으로 출석한 홍범식 LG유플러스 CEO는 미국 보안 전문지 프랙이 제기한 해킹 의혹과 관련해 위원들의 질의가 이어지자 “KISA에 신고하겠다”며 기존 입장을 번복했다. 앞서 프랙은 LG유플러스의 내부 서버 관리용 계정 권한 관리 시스템 소스코드와 데이터베이스, 서버 정보 등이 외부로 유출됐다는 의혹을 제기한 바 있다. 그동안 LG유플러스는 고객정보 유출 등 침해 사실이 없다며 신고를 하지 않고 있었다."
https://n.news.naver.com/mnews/article/469/0000893176?sid=105,2025-10-22 04:31:44,IT/과학,'해킹 국감' 국회 뭇매에 고개 숙인 이동통신 3사 CEO,"KT, 피해자 축소·거짓말 논란에 집중 질타""해지 위약금 면제해야"" 영업정지 경고도KT, 위약금 발생 고객에 연락...면제 나서김영섭 대표 ""마땅한 책임"" 사퇴 시사'유심 해킹' SKT·'유출 의혹' LGU+에도 질타21일 국회 과학기술정보방송통신위원회에서 열린 정보통신산업진흥원 등에 대한 국정감사에서 홍범식(왼쪽부터) LG유플러스 대표, 유영상 SK텔레콤 대표, 김영섭 KT 대표가 일어나 의원 질의를 듣고 있다. 정다빈 기자KT의 '무단 소액결제', SK텔레콤의 '유심 정보 해킹', LG유플러스의 서버 해킹 정황전염병처럼 이동통신사를 휩쓴 해킹을 두고 21일 국회 과학기술정보방송통신위원회의 질타는 매서웠다. 김영섭 KT 대표, 유영상 SKT 대표, 홍범식 LG유플러스 대표는 연신 고개를 숙였다.이날 여의도 국회에서 열린 국회 과방위의 정보통신산업진흥원(NIPA), 한국인터넷진흥원(KISA) 등에 대한 국감은 '해킹 국감'이라 할 정도로 관련 질의가 쏟아졌다. 특히 무단 소액결제 해킹 사고가 일어난 KT에 질의가 집중됐다. 황정아 더불어민주당 의원은 KT의 최초 피해 인원 및 피해 지역 등이 거짓말로 드러났다고 비판했다.KT가 피해 사실을 세 차례에 걸쳐 발표할 때마다 피해 지역 및 피해 인원이 늘고 있는 걸꼬집은 것. 그는""KT는 오늘 새벽까지 열네 번의 거짓말을 했다""며 ""KT의 K는 '가증'의 K인가""라고 꼬집었다.KT 가입자의 해지 위약금을 면제해야 한다는 주장도 줄이었다. 박충권 국민의힘 의원은 ""(불법 펨토셀 접속자) 2만2,000여 명 중 2,000명 넘게 해지했는데 KT가 부과한 위약금이 900만 원을 넘었다""고 짚었다. 더불어민주당 소속 최민희 과방위원장은""국회 입법조사처는 위약금 면제를 경영 판단의 재량 범위로 볼 수 있다고 판단했다""며 위약금 면제에 힘을 보탰다.류제명 과학기술정보통신부 2차관은 ""KT가 이번 사례에 대해 판단해야 할 부분도 있다고 본다""고 말했다. 또최 위원장이 ""KT가 위약금을 면제하지 않으면 영업 정지가 가능한가""라고 묻자 ""그렇다""고 답했다. 사실상위약금 면제를 KT가 선제적으로 결정해야 한다는 고강도 압박으로 해석된다. KT는 이날 오후부터 2만2,000여 명 피해자 중 위약금이 발생한 해지 고객에게 전화를 통해 위약금 환급을 시작했다.뭇매에 시달린 김 대표는 자진 사퇴 의사를 내비쳤다. 이주희 더불어민주당 의원 등이 사퇴를 요구하자 그는 ""사고 수습 후 합당한 책임을 마땅히 지는 게 맞다""고 말했다. 이어 황정아 의원이 ""사퇴하시겠다는 뜻인가""라고 묻자 고개를 끄덕였다. 김 대표의 임기는 2026년 3월까지고 업계에서는 그가 연임을 노린다는 관측이 있다.'개인정보 유출 의혹' LG유플러스 ""KISA에 신고하겠다""김영섭 KT 대표가 21일 서울 여의도 국회에서 열린 과학기술정보방송통신위원회의 정보통신산업진흥원 등 국정감사에서 의원 질의를 듣던 중 밑을 바라보고 있다. 뉴시스최근 사이버 침해 사고 의혹이 일어난LG유플러스 홍 대표는 개인정보 유출 의혹과 관련한 의원들의 거듭된 압박에 ""KISA에 신고하겠다""고 밝혔다. 그는 ""침해 사실 확인은 되지 않은 상황으로 안다""고 했지만 해킹 의혹이 가시지 않자 정부 검증 절차를 밟는 쪽으로 방향을 바꿨다. 미국 보안 전문지 프랙이 8월 공개한 내용에 따르면 이 회사는 계정 권한 관리 시스템(APPM) 서버 정보와 계정 4만여 개 등이 유출된 것으로 의심받고 있다.4월 '유심 정보 해킹' 사고를 겪은 SK텔레콤도 도마에 올랐다. 이훈기 더불어민주당 의원은 ""유 대표가 지난 청문회 때 SKT 번호이동 위약금을 면제하면 7조 원 손실이 예상된다고 했다""며 ""그런데 실제 70만 명에서 1인당 10만 원씩 700억 원으로 100배를 부풀렸다""고 지적했다. 그러면서 ""방송미디어통신위원회 분쟁조정위원회가 연말까지 위약금 면제 기한을 연장하라고 했음에도 불구하고 SKT가 이를 수용하지 않고 행정 소송을 추진 중""이라며 ""국민들은 SKT가 또다시 '대국민 선전 포고'를 한 것으로 보일 것""이라고 말했다."
https://n.news.naver.com/mnews/article/374/0000469789?sid=101,2025-10-22 06:35:14,경제,"LGU+ ""관련 부처와 협의해 해킹 피해 신고""","LG유플러스가 해킹 피해를 인정하지 않다가 당국에 피해 사실을 신고하겠다고 입장을 바꿨습니다.홍범식 LG유플러스 대표는 국회 국정감사에서 이해민 조국혁신당 의원이 한국인터넷진흥원(KISA)에 신고하겠느냐고 묻자 ""그렇게 하겠다""고 답변했습니다.이 의원에 따르면 LG유플러스는 모바일로 시스템 접속 시 2차 인증 단계에서 숫자 1을 여섯번 입력하고 특정 메모리 값을 변조하면 시스템에 접근할 수 있는 등 8개의 보안 취약점이 발견됐습니다.당신의 제보가 뉴스로 만들어집니다.SBS Biz는 여러분의 제보를 기다리고 있습니다.홈페이지 = https://url.kr/9pghjn"
https://n.news.naver.com/mnews/article/031/0000973879?sid=105,2025-10-22 07:41:06,IT/과학,"[2025 국감] 이통3사 '해킹 사태'에 쏟아진 질타⋯KT 김영섭 대표 ""사태 수습 후 책임""(종합)","KT, 김영섭 대표 사퇴 압박 거세⋯""전체 고객 위약금 면제, 피해 내용 보고 판단""LGU+, 해킹 의혹·보안 부실 도마에…""KISA 신고하겠다""SKT, 해킹 선제 대응에 덜 질타...'7조 손실' 주장에는 사과이동통신 3사 대표가 21일 국회 과학기술정보방송통신위원회 국정감사에서 해킹과 개인정보 유출 문제로 추궁을 받았다. KT는 대표 사퇴 요구와 위약금 면제 방안을 두고 질타가 이어졌고, LG유플러스는 보안 부실 문제로 비판을 받았다. 해킹에 선제 대응한 SK텔레콤은 비교적 지적이 적었지만 ‘위약금 7조원 손실’ 발언과 관련해 사과해야 했다.KT, 김영섭 대표 사퇴 압박 거세…""사태 수습 후 합당한 책임 지겠다""김영섭 KT 대표가 21일 서울 여의도 국회 과학기술정보방송통신위원회에서 열린 정보통신산업진흥원 등에 대한 국정감사에서 증인 선서를 하고 있다. [사진=곽영래 기자]KT는 김 대표의 사퇴 여부가 쟁점이 됐다. 황정아 민주당 의원은 ""조사할 때마다 피해 상황이 늘어나고 있다. 이제 그만 그 자리에서 내려와라""며 ""거짓말로 본인 임기를 늘릴 생각만 하고 있느냐""고 질타했다. 같은 당 소속 김우영 의원도 ""통신사업자 침해 사고에 대한 책임은 대표가 갖고 있는 것 아니냐""며 사퇴 압박을 이어갔다.김 대표는 여당 의원들의 사퇴 압박에 ""합리적이고 마땅한 수준에서의 책임을 져야 한다""는 입장을 밝혔다. 그는 ""제가 지금 우선적으로 해야 될 일은 사태 수습을 하는 것""이라며 ""일정 수준 수습되고 나면, 최고경영자는 총체적 경영 책임이 있는 것이기 때문에 합리적인, 마땅한 수준의 책임을 지는 것이 마땅하다고 생각하고 있다""고 답했다.위약금 면제와 관련해서도 집중 질의를 받았다. 황정아 의원은 김 대표에게 ""전체 고객의 위약금을 면제할 계획이 있느냐""고 물었다. 이에 대해 김 대표는 ""전체 고객 대상 위약금 면제는 조사 결과에서 드러나는 피해 내용을 보고 판단하겠다""고 답변했다.금전적 배상 계획에 대해서도 언급했다. 김 대표는 ""개인정보가 유출된 고객들에게는 이미 금전 피해를 100% 보상하고 있다""며 ""유심 교체, 단말기 교체 지원, 보험 가입 등 추가 보상 방안도 적극 검토 중""이라고 발언했다.LGU+, 해킹 의혹·보안 부실 도마에…""KISA 신고하겠다""홍범식 LGU+ 대표가 21일 서울 여의도 국회 과학기술정보방송통신위원회에서 열린 정보통신산업진흥원 등에 대한 국정감사에서 의원 질의에 답변하고 있다. [사진=곽영래 기자]LG유플러스는 해킹 의심 정황이 포착된 뒤 관련 서버를 폐기했다는 의혹과 함께 전반적인 보안 관리 부실 문제로도 질타를 받았다. 최민희 더불어민주당 의원은 ""LG유플러스가 지난달 보안 용역을 의뢰해 해킹 의혹을 해명하겠다고 보고했지만, KT가 서버 폐기로 조사를 지연시킨 사례를 알고도 해킹 서버를 폐기한 뒤 보안 용역 의뢰 사실만 보고한 것은 정부와 국회를 기만한 것""이라고 비판했다.이해민 조국혁신당 의원은 LG유플러스의 자체 분석 결과를 근거로 계정 권한 관리 시스템의 다수 취약점을 지적했다. 그는 ""모바일로 시스템에 접속할 때 2차 인증 단계에서 숫자 '111111'을 입력하고 특정 메모리 값을 변조하면 접근이 가능한 등 총 8개의 보안 취약점이 확인됐다""고 밝혔다. 이어 ""해킹 사실을 한국인터넷진흥원(KISA)에 신고할 의향이 있느냐""고 질의했다.이에 홍범식 대표는 ""사이버 침해 사실을 확인한 이후 신고하는 것으로 이해하고 있었는데 여러 혼란과 오해가 발생하고 있어 좀 더 적극적으로 검토하겠다""고 답한 뒤, 재차 질의에 ""신고하겠다""고 말했다LG유플러스가 중국 화웨이 네트워크 장비를 사용 중인 것과 관련해 보안 취약 가능성을 묻는 질의가 나오자 홍 대표는 ""도입된 화웨이 장비들은 세계적인 인증기관으로부터 최고 수준의 보안 등급을 받아 운영되고 있는 것으로 알고 있다""고 설명했다.SKT, 해킹 선제 대응에 덜 질타...'7조 손실' 주장에는 사과홍범식 LGU+ 대표, 유영상 SKT 대표, 김영섭 KT 대표가 21일 서울 여의도 국회 과학기술정보방송통신위원회에서 열린 정보통신산업진흥원 등에 대한 국정감사에서 출석하고 있다. [사진=곽영래 기자]해킹사태에 선제 대응 한 SK텔레콤은 상대적으로 진땀을 덜 흘렸다. 박충권 의원은 유영상 SK텔레콤 사장에게 ""통신 3사가 전부 털렸는데 먼저 자진 신고해 제일 많이 두들겨 맞았다""며 ""다른 회사는 왜 안 했다고 생각하는가""라고 물었고, 유 사장은 ""내부 사정이라 잘 모른다""고 답했다.다만 이훈기 더불어민주당 의원은 ""유영상 SK텔레콤 대표가 지난 청문회 때 번호이동 위약금을 면제하면 7조원의 손실이 예상됐다고 했다""며 ""그런데 실제적으로는 70만명에게 1인당 10만원씩 700억원으로, 100배를 부풀렸다. 국회서 위증을 한 셈""이라고 지적했다. 이에 유 대표는 ""혼선을 드려 죄송하다""고 고개를 숙였다.한편 김영섭 KT 대표는 29일 과학기술정보통신부·우주항공청 소관 종합감사에 한번 더 나올 예정이다."
https://n.news.naver.com/mnews/article/014/0005422710?sid=105,2025-10-22 09:00:13,IT/과학,"LG U+, APEC 정상회의 위해 특별 통신망 지원","경주 황리단길 인근 통신 장비를 점검하는 LG유플러스 직원의 모습. LG유플러스 제공LG유플러스는 다음주 경주에서 열리는 아시아태평양경제협력체(APEC) 정상회의에 많은 인파가 몰릴 것을 대비해 경주시 일대 주요 시설에 추가 통신 장치를 구축하고 전용 상황실을 운영한다고 22일 밝혔다. APEC 정상회의가 큰 불편 없이 성황리에 마무리될 수 있도록 최적의 통신 품질을 제공한다는 계획이다.약 2만명이 넘는 사람들이 참석할 것으로 예상되는 이번 APEC 정상회의에서 통신 불편이 발생하지 않도록 LG유플러스는 주요 지역에 5G와 LTE 장비를 추가로 설치했다. 특히 참가단이 방문할 것으로 예상되는 첨성대와 코모도호텔, 한화리조트 등 주요 숙소를 중점적으로 증축해 데이터와 음성 등 통신 서비스를 원활하게 이용하도록 준비했다.APEC 기자회견장으로 마련된 미디어센터에는 음영지역이 발생하지 않도록 임시 통신 장비를 구축했다. 또한 APEC CEO 서밋 CEO 가족 만찬이 열리는 황룡원 일대에는 해외 방문객을 위한 끊김 없는 인터넷 환경을 조성하기 위해 와이파이 장비(AP)를 추가로 설치했다.LG유플러스는 비상상황에 긴급 대응하기 위해 24시간 설비를 모니터링하고 지역 상황실을 운영할 예정이다. 현장에선 임직원이 대기하고 있다가 문제 발생시 곧바로 대응하며 APEC 메인 행사장인 경주화백컨벤션센터 인근에는 이동기지국을 배치할 방침이다.이외에도 APEC 기념 불꽃쇼가 열리는 포항시 영일대와 숙박용 크루즈가 정박한 영일만항 인근에도 이동기지국을 배치하고 일부 개소에는 임시 통신 시설을 운용해 안정적인 네트워크 환경을 조성한다.노성주 LG유플러스 NW인프라운영그룹장은 “세계 각지에서 주요 인사들이 APEC을 찾는 만큼 최적의 통신 품질을 경험할 수 있도록 다양한 대비책을 마련했다”며 “처음부터 끝까지 모든 행사가 성황리에 마무리될 수 있도록 세심하게 모니터링하며 대응할 것”이라고 말했다."
https://n.news.naver.com/mnews/article/016/0002545327?sid=105,2025-10-22 09:01:19,IT/과학,"LGU+, 2만명 인파 대비 APEC 특별 통신망 지원","5G·LTE 증축…음영 지역 방지·추가 와이파이 등장애 대응 위해 24시간 모니터링·상황실 운영경북 경주 황리단길 인근 통신 장비를 점검하는 LG유플러스 직원의 모습. [LG유플러스 제공][헤럴드경제=차민주 기자] LG유플러스는 이달 말 경주에서 열리는 아시아태평양경제협력체(APEC) 정상회의에 많은 인파가 몰릴 것을 대비해 인근 주요 시설에 추가 통신 장치를 구축했다고 22일 밝혔다. 전용 상황실도 운영해 APEC 정상회의가 성황리에 마무리되도록 최적의 통신 품질을 제공한다는 계획이다.우선 LG유플러스는 APEC 행사 기간 약 2만명이 넘는 인원이 참석할 것으로 예상됨에 따라 주요 지역에 5G와 LTE 장비를 추가 설치했다. 특히 참가단이 방문할 것으로 예상되는 첨성대와 코모도호텔, 한화리조트 등 주요 숙소를 중점적으로 증축, 데이터와 음성 등 통신 서비스를 원활하게 이용하도록 했다.APEC 기자회견장으로 마련된 미디어센터에는 음영 지역이 발생하지 않도록 임시 통신 장비를 구축했다. 또 APEC CEO 서밋 가족 만찬이 열리는 황룡원 일대에 해외 방문객을 위한 끊김이 없는 인터넷 환경을 조성하고자 와이파이 장비(AP)를 추가로 설치했다.LG유플러스는 비상 상황에 긴급 대응하기 위해 24시간 설비를 모니터링하고, 지역 상황실을 운영할 계획이다. 현장에서 임직원이 대기하다 문제 발생 시 곧바로 대응하고, APEC 메인 행사장인 경주화백컨벤션센터 인근에 이동기지국을 배치할 방침이다.이외에도 APEC 기념 불꽃쇼가 열리는 포항시 영일대와 숙박용 크루즈가 정박한 영일만항 인근에도 이동기지국을 배치하고, 일부 개소에는 임시 통신 시설을 운용해 안정적인 네트워크 환경을 조성한다.노성주 LG유플러스 NW인프라운영그룹장은 “세계 각지에서 주요 인사들이 APEC을 찾는 만큼 최적의 통신 품질을 경험할 수 있도록 대비책을 마련했다”며 “모든 행사가 성황리에 마무리될 수 있도록 세심하게 모니터링하며 대응할 것”이라고 했다."
https://n.news.naver.com/mnews/article/421/0008554032?sid=105,2025-10-22 09:20:51,IT/과학,"경주 APEC 현장 '끊김 없는 통신'…LGU+, 추가 장비 설치","2만여 명 참석 예상…주요 방문지에 통신 장치 추가 구축비상상황 대응 위해 24시간 설비 모니터링LG유플러스는 이달 말 경주에서 열리는 APEC 정상회의에 많은 인파가 몰릴 것을 대비해 경주시 일대 주요 시설에 추가 통신 장치를 구축하고, 전용 상황실을 운영한다. 사진은 경주 황리단길 인근 통신 장비를 점검하는 LG유플러스 직원의 모습.(서울=뉴스1) 김민수 기자 = LG유플러스(032640)가 이달 말 경주에서 열리는 아시아태평양경제협력체(APEC) 정상회의 기간 안정적인 통신 서비스를 제공하기 위해 특별 통신망을 구축했다.LG유플러스는 2만여 명이 참석할 것으로 예상되는 이번 회의에서 통신 불편이 발생하지 않도록 경주시 주요 지역에 5G와 LTE 장비를 추가 설치했다고 22일 밝혔다. 첨성대, 코모도호텔, 한화리조트 등 주요 숙소와 관광지에 데이터·음성 품질 강화를 위한 장비를 증축했다.APEC 기자회견장으로 마련된 미디어센터에는 음영지역 방지를 위해 임시 통신장비를 설치했다. APEC CEO Summit CEO 가족 만찬이 열리는 황룡원 일대에 와이파이 장비(AP)도 추가 배치했다.LG유플러스는 비상 상황에 긴급 대응하기 위해 24시간 설비를 모니터링하고 지역 상황실을 운영할 계획이다. 현장에선 임직원이 대기하고 있다가 문제 발생 시 곧바로 대응한다. APEC 메인 행사장인 경주화백컨벤션센터 인근에는 이동기지국을 배치할 방침이다.또한 APEC 기념 불꽃쇼가 열리는 포항시 영일대와 숙박용 크루즈가 정박한 영일만항 인근에도 이동기지국을 배치했고, 일부 장소에는 임시 통신 시설을 운영해 안정적인 네트워크 환경을 조성한다."
https://n.news.naver.com/mnews/article/092/0002394869?sid=105,2025-10-22 09:39:09,IT/과학,"LGU+, APEC 정상회의 일대 특별 통신망 구축","LG유플러스는 이달 말 경주에서 열리는 APEC 정상회의에 많은 인파가 몰릴 것을 대비해 경주시 일대 주요 시설에 추가 통신 장치를 구축하고, 전용 상황실을 운영한다고 22일 밝혔다.APEC 정상회의가 큰 불편 없이 성황리에 마무리될 수 있도록 최적의 통신 품질을 제공한다는 계획이다.약 2만 명이 넘는 사람들이 참석할 것으로 예상되는 이번 APEC 정상회의에서 통신 불편이 발생하지 않도록 LG유플러스는 주요 지역에 5G와 LTE 장비를 추가로 설치했다. 특히 참가단이 방문할 것으로 예상되는 첨성대와 코모도호텔, 한화리조트 등 주요 숙소를 중점적으로 증축해 데이터와 음성 등 통신 서비스를 원활하게 이용하도록 준비했다.APEC 기자회견장으로 마련된 미디어센터에는 음영지역이 발생하지 않도록 임시 통신 장비를 구축했다. 또한 APEC CEO Summit CEO 가족 만찬이 열리는 황룡원 일대에는 해외 방문객을 위한 끊김 없는 인터넷 환경을 조성하기 위해 와이파이 장비(AP)를 추가로 설치했다.LG유플러스는 비상상황에 긴급 대응하기 위해 24시간 설비를 모니터링하고, 지역 상황실을 운영할 예정이다. 현장에선 임직원이 대기하고 있다가 문제 발생시 곧바로 대응하며, APEC 메인 행사장인 경주화백컨벤션센터 인근에는 이동기지국을 배치할 방침이다.이외에도 APEC 기념 불꽃쇼가 열리는 포항시 영일대와 숙박용 크루즈가 정박한 영일만항 인근에도 이동기지국을 배치하고, 일부 개소에는 임시 통신 시설을 운용해 안정적인 네트워크 환경을 조성한다.노성주 LG유플러스 NW인프라운영그룹장은 “세계 각지에서 주요 인사들이 APEC을 찾는 만큼 최적의 통신 품질을 경험할 수 있도록 다양한 대비책을 마련했다”며 “처음부터 끝까지 모든 행사가 성황리에 마무리될 수 있도록 세심하게 모니터링하며 대응할 것”이라고 말했다."
https://n.news.naver.com/mnews/article/031/0000973913?sid=105,2025-10-22 09:45:07,IT/과학,"LGU+, APEC 정상회의 위해 특별 통신망 지원","인파 대비해 주요 방문지에 5G·LTE 장비 추가 설치LG유플러스(대표 홍범식)는 이달 말 경주에서 열리는 APEC 정상회의에 인파가 몰릴 것을 대비해 경주시 일대 주요 시설에 추가 통신 장치를 구축하고 전용 상황실을 운영한다고 22일 밝혔다. APEC 정상회의가 성황리 마무리될 수 있도록 최적의 통신 품질을 제공한다는 계획이다.경주 황리단길 인근 통신 장비를 점검하는 LG유플러스 직원의 모습. [사진=LGU+]LG유플러스는 정상회의에서 통신 불편이 발생하지 않도록 주요 지역에 5G와 LTE 장비를 추가로 설치했다. 참가단이 방문할 것으로 예상되는 첨성대와 코모도호텔, 한화리조트 등 주요 숙소를 중점적으로 증축해 데이터와 음성 등 통신 서비스를 원활하게 이용하도록 준비했다.APEC 기자회견장으로 마련된 미디어센터에는 음영지역이 발생하지 않도록 임시 통신 장비를 구축했다. APEC CEO 서밋 가족 만찬이 열리는 황룡원 일대에는 해외 방문객을 위한 끊김 없는 인터넷 환경을 조성하기 위해 와이파이 장비(AP)를 추가로 설치했다.LG유플러스는 비상상황에 긴급 대응하기 위해 24시간 설비를 모니터링하고, 지역 상황실을 운영할 예정이다. 현장에선 임직원이 대기하고 있다가 문제 발생시 곧바로 대응한다. APEC 메인 행사장인 경주화백컨벤션센터 인근에는 이동기지국을 배치할 방침이다.APEC 기념 불꽃쇼가 열리는 포항시 영일대와 숙박용 크루즈가 정박한 영일만항 인근에도 이동기지국을 배치한다. 일부 개소에는 임시 통신 시설을 운용해 안정적인 네트워크 환경을 조성한다.노성주 LG유플러스 NW인프라운영그룹장은 ""세계 각지에서 주요 인사들이 APEC을 찾는 만큼 최적의 통신 품질을 경험할 수 있도록 다양한 대비책을 마련했다""며 ""처음부터 끝까지 모든 행사가 성황리에 마무리될 수 있도록 세심하게 모니터링하며 대응할 것""이라고 말했다."
https://n.news.naver.com/mnews/article/117/0004000316?sid=105,2025-10-22 10:51:09,IT/과학,홍범식 LGU+ 대표 “KISA에 해킹여부 신고해 명명백백 밝힐 것”,"“유출은 맞지만, 침해는 없었다”… LGU+, ‘해킹 의혹’ 국감 이슈국감 “서버 재설치로 증거 훼손” 지적…보안 공백·제도 허점 노출홍범식 LGU+ 대표가 21일 서울 여의도 국회 과학기술정보방송통신위원회에서 열린 정보통신산업진흥원 등에 대한 국정감사에 증인을 출석해 의원 질의에 답하고 있다. /곽경훈 기자[마이데일리 = 박성규 기자] LG유플러스가 최근 불거진 해킹 의혹과 관련해 “데이터 유출은 있었지만 시스템 침해(해킹)는 없었다”는 입장을 고수하면서 뒷말이 나오고 있다. 국감 현장에선 여야 의원 할 것 없이 “물건이 밖에서 발견됐는데, 도둑 든 흔적이 없다는 말과 같다”는 비판이 쏟아졌다.22일 국회와 통신업계 등에 따르면 LG유플러스는 미국 보안 전문매체 ‘프랙’이 지난 8월 제기한 데이터 해킹 의혹 이후에도 정부 기관에 대한 공식 신고 없이 자체 점검을 통해 데이터 유출 문제를 대응해왔다.하지만 이 같은 방침이 국감에서 질타를 받으며 홍범식 LG유플 대표가 직접 정부 기관을 통해 사실 관계를 밝히겠다고 입장을 선회하는 등 뒷수습에 안간힘을 쓰고 있다.논란의 발단은 ‘프랙’이 공개한 내부 보고서다. 보고서에 따르면 LG유플러스의 계정권한관리시스템(APPM)에서 해킹 그룹이 내부 서버 목록, 계정 정보, 직원 실명과 이메일 등 민감한 데이터를 탈취했다.약 8000대 서버 정보와 4만여개 계정, 167명의 실명 정보가 외부에 노출된 것으로 전해진다. 또, 해당 시스템 소스코드에는 암호화 키와 접근 비밀번호가 평문으로 남아 있었고, 모바일 접속 시 ‘111111’ 입력으로 인증을 우회할 수 있는 구조적 취약점도 드러났다.국감에서는 이러한 기술적 결함이 집중적으로 도마에 올랐다. 이해민 조국혁신당 의원은 “집에 도둑이 들어 내 물건이 밖에서 발견됐는데, 들어온 흔적이 없다고 하는 것과 같다”며 “이건 명백한 해킹 침해로 봐야 한다”고 질타했다.홍 대표는 “현재까지 확인된 것은 일부 유출 정황뿐이며, 외부 침입이나 권한 탈취 흔적은 없다”고 반박했지만 “한국인터넷진흥원(KISA)에 신고하고 외부 조사에 협조하겠다”고 한발 물러섰다.LG유플러스 사옥. /LG유플러스여야 의원들은 ‘은폐 시도’ 의혹도 제기하고 있다. 최민희 더불어민주당 의원은 “화이트해커가 해킹 정황을 제보한 이후 LG유플러스가 서버 운영체제를 재설치해 포렌식 단서를 훼손했다”고 지적했다.보안 전문가들은 “서버를 덮어쓴 시점과 절차가 불분명하다면 증거보전 원칙을 위반한 것”이라며 “독립 조사 없이는 사실관계를 규명하기 어렵다”고 평가했다.이에 대해 홍 대표는 “의도적 은폐는 없었으며, 취약점 보완을 위한 재설치였다”고 설명했다.업계에서는 이번 사태를 ‘유출과 침해의 경계가 무너진 사례’로 보고 있다. 접속 권한이나 인증정보가 외부에 존재하는 순간 이미 내부 접근 가능성이 확보된 상태로 평가해야 한다는 분석이다.보안업계 관계자는 “해킹 여부를 가르는 건 회사가 아니라 증거”라며 “유출과 침해를 나누는 논리보다 즉각적인 신고와 독립적 포렌식 조사가 신뢰 회복의 출발점”이라고 말했다."
https://n.news.naver.com/mnews/article/016/0002545519?sid=105,2025-10-22 11:17:15,IT/과학,"LGU+, APEC 정상회의 대비 특별 통신망 지원","“2만여명 인파 몰릴 것으로 예상”5G·LTE 증축…추가 와이파이 등24시간 모니터링·상황실 운영 계획LG유플러스 직원들이 경북 경주 황리단길 인근 통신 장비를 점검하고 있다. [LG유플러스 제공]LG유플러스는 이달 말 경주에서 열리는 아시아태평양경제협력체(APEC) 정상회의에 많은 인파가 몰릴 것을 대비, 인근 주요 시설에 추가 통신 장치를 구축했다고 22일 밝혔다. 전용 상황실도 운영해 APEC 정상회의가 성황리에 마무리되도록 최적의 통신 품질을 제공한다는 계획이다.우선 LG유플러스는 APEC 행사 기간 2만명이 넘는 인원이 참석할 것으로 예상됨에 따라 주요 지역에 5G와 LTE 장비를 추가 설치했다. 특히 참가단이 방문할 것으로 예상되는 첨성대 등 유적지, 코모도호텔, 한화리조트 등 주요 숙소를 중점적으로 증축, 데이터와 음성 등 통신 서비스를 원활하게 이용하도록 했다.APEC 기자회견장으로 마련된 미디어센터에는 음영 지역이 발생하지 않도록 임시 통신 장비를 구축했다. 또 ‘APEC CEO 서밋’ 가족 만찬이 열리는 황룡원 일대에 해외 방문객을 위한 끊김이 없는 인터넷 환경을 조성하고자 와이파이 장비(AP)를 추가로 설치했다.LG유플러스는 비상 상황에 긴급 대응하기 위해 24시간 설비를 모니터링하고, 지역 상황실을 운영할 계획이다. 현장에서 임직원이 대기하다 문제 발생 시 곧바로 대응하고, APEC 메인 행사장인 경주화백컨벤션센터 인근에 이동기지국을 배치할 방침이다.이외에도 APEC 기념 불꽃쇼가 열리는 경북 포항 영일대와 숙박용 크루즈가 정박한 영일만항 인근에도 이동기지국을 배치하고, 일부 개소에는 임시 통신 시설을 운용해 안정적인 네트워크 환경을 조성한다.노성주 LG유플러스 NW인프라운영그룹장(상무)은 “세계 각지에서 주요 인사들이 APEC을 찾는 만큼 최적의 통신 품질을 경험할 수 있도록 대비책을 마련했다”며 “모든 행사가 성황리에 마무리될 수 있도록 세심하게 모니터링하며 대응할 것”이라고 했다.차민주 기자"
https://n.news.naver.com/mnews/article/293/0000073882?sid=105,2025-10-22 14:00:09,IT/과학,"정부, SKT·KT·LGU+ 보안 불시점검·상장사 정보보호 공시 의무화 추진","세종시 과학기술정보통신부 청사 /사진=이진솔 기자정부가 해킹사고를 방지하기 위해 공공·금융·통신 등 1600여개 정보기술(IT) 시스템의 보안 취약점을 점검한다. 특히 통신사를 대상으로 강도 높은 불시 점검을 추진한다. 앞으로는 기업의 해킹 사고 신고가 없어도 정부가 신속히 현장을 조사할 수 있다. 이와 함께 모든 상장사에게 정보보호 공시 의무를 부과해 등급을 매기고 소비자의 피해 입증 책임을 완화한다.과학기술정보통신부는 22일 관계부처와 함께 '범부처 정보보호 종합대책'을 수립했다고 발표했다. 국가안보실을 중심으로 과기정통부, 금융위원회, 개인정보보호위원회, 국가정보원, 행정안전부 등이 범정부 대응체계를 즉시 가동한다.범부처 정보보호 종합대책의 주요 추진 방향은 △생활 밀접 IT 시스템 보안 점검 추진 △소비자 중심 사고 대응 체계 구축과 재방 방지 대책의 실효성 강화 △민·관을 아우르는 국가적 정보보호 기반 강화 △범국가적 사이버안보 협력 체계 강화다.중대 결함 발생시 ISMS 인증 취소정부는 해킹에 대한 국민의 불안감을 해소하기 위해 공공·금융·통신 등 국민 대다수가 이용하는 1600여개 IT 시스템의 보안 취약점을 즉시 점검한다. 공공기관 기반시설 288개, 중앙·지방 행정기관 152개, 금융업 261개, 통신·플랫폼 등 ISMS 인증기업 949개 등이 대상이다.특히 통신사를 대상으로 실제 해킹 방식의 강도 높은 불시 점검을 추진한다. 주요 IT 자산에 대한 식별·관리체계를 구축하도록 한다. KT 무단 소액결제의 발단인 소형기지국(펨토셀)은 안정성이 확보되지 않을 때 즉시 폐기하는 등 조치 강도를 높인다.정부는 보안인증제도 실효성을 강화한다. SK텔레콤, KT 등 통신사도 ISMS 인증을 받았지만 해킹 사고를 피하지 못해 실효성이 부족하다는 지적이 나왔다. 이에 정부는 정보보호관리체계(ISMS), 정보보호 및 개인정보보호 관리체계 인증(ISMS-P)를 현장 심사 중심으로 전환하고 중대한 결함이 발생하면 인증을 취소한다. 모의해킹 훈련과 화이트해커를 활용한 상시 취약점 점검 체계도 구축한다.기업 신고 없어도 해킹 현장 조사정부는 해킹 정황을 확보했을 때 기업의 신고가 없어도 신속히 현장 조사를 실시할 수 있도록 조사 권한을 확대한다. 해킹 지연 신고, 재발 방지 대책 미이행, 개인·신용 정보 반복 유출 등 보안 의무 위반에 대해서는 과태료·과징금 상향, 이행강제금 및 징벌적 과징금 도입 등 제재를 강화한다.정부는 국가정보원의 조사·분석 도구를 민간과 공동 활용한다. 인공지능(AI) 기반 지능형 포렌식실을 구축해 분석 시간을 건당 14일에서 5일로 단축하는 등 침해사고 탐지·대응 역량을 고도화한다.이와 함께 정부는 기업의 보안 해태로 발생한 해킹 피해 발생 시 소비자의 입증 책임 부담 완화 방안을 마련한다. 개인정보 유출 사고로 인한 과징금 수입을 피해자 지원에 활용할 수 있도록 기금 신설을 검토한다.상장사 정보보호 공시 의무 부과정보보호 공시 의무 기업이 현행 666개에서 2700여개로 확대된다. 모든 상장사를 대상으로 정보보호 공시 의무를 부과하면서다. 동시에 공시 결과로 보안 역량 수준을 등급화해 공개하는 제도를 도입한다.또 최고경영자(CEO)의 보안 책임 원칙을 법령상 명문화하고 보안최고책임자(CISO·CPO)의 권한을 대폭 강화한다. 모든 IT 자산에 대한 통제권 부여, 이사회 정기 보고 의무화 등을 통해서다. 보안에 대한 인식을 비용이 아닌 기업의 성패를 가르는 필수 투자로 전환하겠다는 취지다.정부는 2026년부터 획일적인 물리적 망분리를 데이터 보안 중심으로 전환한다. 특히 금융사는 내부망과 외부망을 물리적으로 분리해 보안을 운영했는데, 최근 롯데카드 해킹 사고가 발생하면서 보안 취약점이 드러난 바 있다. 또 기존 획일적인 망분리가 클라우드, AI 확산 등 글로벌 변화에 부합하지 않는다.범국가적 사이버안보 협력정부는 국가 핵심 인프라인 주요정보통신기반시설을 범부처 위원회인 정보통신기반시설보호위원회를 통해 지정을 확한다. 기반시설의 사고 원인 조사 단계에서는 침해사고대책본부(국가사이버위기관리단으로 지정)를 활성화한다. 아울러 부처별로 파편화된 해킹 사고조사 과정을 체계화하고 민관군 합동 조직인 국가정보원 산하 국가사이버위기관리단과 정부 부처 간의 사이버 위협 예방·대응 협력을 강화한다.이 외에 정부는 연 500여명의 화이트해커 양성 체계를 기업 수요로 재설계한다. 양자 시대를 대비하기 위해 양자내성암호 기술 개발 등 국가적 암호체계 전환을 착수하고, 공공부문에서 자율주행차, 지능형 로봇, 드론 등 신기술 모빌리티의 안전한 활용을 위한 보안 체크리스트 및 가이드라인을 수립한다.정부는 연내 중장기 정보보호 과제를 망라하는 '국가 사이버안보 전략'을 수립할 계획이다."
https://n.news.naver.com/mnews/article/001/0015694685?sid=105,2025-10-22 16:40:23,IT/과학,LGU+도 해킹 정황 전달 뒤 서버 폐기…은폐 시도 논란,"LGU+ ""작년 계획된 폐기…해킹 의혹 서버와 무관""LG유플러스[연합뉴스 자료사진](서울=연합뉴스) 조성미 기자 = LG유플러스가 내부자 계정을 관리하는 APPM 서버와 연관된 서버를 사이버 침해 의심 정황이 전달된 뒤 폐기해 증거를 없애려 한 것 아니냐는 의혹을 사고 있다.LG유플러스는 1년 전부터 계획된 폐기였으며 APPM 서버와 관련 없는 서버라고 해명했지만, 정확한 침해 상황 파악을 위해 해킹 정황이 전달된 이후 폐기 계획을 보류했어야 한다는 지적이 나온다.22일 연합뉴스 취재를 종합하면 LG유플러스는 지난 7월 31일 계정 관리 서버 1대를 물리적으로 폐기했다.앞서 같은 달 18일 화이트해커가 KT와 LG유플러스에서 서버 해킹이 있었다는 제보를 전달한 직후 한국인터넷진흥원(KISA)은 두 회사에 내용을 통보하고 자체 점검을 요구했는데, 이로부터 약 열흘이 지난 시점이다.이어 8월 12일 LG유플러스가 APPM과 관련되는 서버 OS를 업데이트해 관련 흔적을 지우려 했다는 비판이 국정감사에서 제기되기도 했다.한 보안업계 관계자는 ""해커가 무슨 정보를 열람했고 빼돌렸는지 서버 폐기로 알 수 없는 상황으로 내부 조사가 필요해 보인다""고 말했다.LG유플러스 관계자는 ""해당 서버 폐기는 지난해 2월 신규 시스템이 재구축됨에 따라 이관 작업을 거친 사전 계획된 작업""이라며 ""최근 해킹 논란이 있었던 시큐어키사 제품이 아닌 다른 회사의 계정 관리 설루션으로 은폐 의혹과 무관하다""고 밝혔다.csm@yna.co.kr"
https://n.news.naver.com/mnews/article/654/0000147413?sid=101,2025-10-22 17:00:13,경제,LGU+도 해킹 의심 직후 서버 폐기…은폐 시도 논란,"LGU+ ""해킹 의혹 서버와 무관""▲ LG유플러스/연합뉴스 자료사진LG유플러스가 내부자 계정 관리 서버와 관련된 장비를 사이버 침해 의심 정황이 전달된 직후 폐기한 사실이 알려지면서 증거를 없애려 한 것 아니냐는 논란이 일고 있다.LG유플러스는 해당 서버 폐기가 1년 전부터 계획된 정기 작업이었고, 문제의 APPM(계정·권한 관리) 서버와는 관련이 없다고 해명했지만, 해킹 정황이 포착된 이후에는 폐기 계획을 보류했어야 한다는 지적이 제기된다.22일 연합뉴스 취재를 종합하면 LG유플러스는 지난 7월 31일 계정 관리 서버 1대를 물리적으로 폐기했다.이는 같은 달 18일 화이트해커가 KT와 LG유플러스의 서버 해킹 정황을 제보한 뒤 한국인터넷진흥원(KISA)이 두 회사에 관련 내용을 통보하고 자체 점검을 요청한 지 약 열흘 뒤였다.이후 8월 12일에는 LG유플러스가 APPM 관련 서버의 운영체제(OS)를 업데이트해 관련 흔적을 지우려 했다는 비판이 국정감사에서 제기되기도 했다.보안업계 한 관계자는 ""해커가 어떤 정보를 열람하거나 유출했는지 확인이 어려운 상황""이라며 ""서버 폐기 시점과 경위를 포함한 철저한 내부 조사가 필요하다""고 말했다.LG유플러스 측은 ""해당 서버는 지난해부터 예정된 교체·폐기 대상이었고, 해킹 피해가 발생한 것으로 알려진 외주 보안업체 '시큐어키'의 작업 서버와는 전혀 무관하다""며 ""은폐 시도라는 주장은 사실이 아니다""라고 반박했다."
https://n.news.naver.com/mnews/article/003/0013551511?sid=105,2025-10-22 17:21:27,IT/과학,"LGU+, 해킹 정황 통보 열흘 뒤 서버 폐기?…""1년 전 계획됐던 절차"" 해명","7월19일 과기정통부로부터 해킹 정황 통보…7월31일 서버 1대 폐기""작년 초 시스템 재구축 후 이관 작업…연한 끝난 서버 정리한 것 뿐""LG유플러스 용산 사옥. (사진=뉴시스DB) *재판매 및 DB 금지[서울=뉴시스]윤현성 기자 = LG유플러스가 사이버 침해 의혹을 정부로부터 안내받은 지 약 열흘 뒤 일부 서버 장비를 폐기한 것으로 파악됐다. LG유플러스는 이번 서버 폐기가 시스템 재구축에 따른 기존 계획에 따른 조치일 뿐 해킹 등 사이버 침해와는 전혀 무관한 사안이라고 선을 그었다.22일 업계에 따르면 LG유플러스는 지난 7월31일 계정 관리 서버 1대를 물리적으로 폐기했다.7월31일은 LG유플러스가 과학기술정보통신부로부터 해킹 피해 관련 의혹을 전달받은 지 약 열흘이 지난 시점이다.국회 과학기술정보방송통신위원회 최민희 더불어민주당 의원(과방위원장)에 따르면 과기정통부는 지난 7월18일 LG유플러스가 해킹을 당했다는 제보를 받았다.제보 내용은 LG유플러스의 '계정 권한 관리 시스템(APPM)' 서버 정보와 4만여 개의 계정 등이 유출됐다는 내용으로 미국 보안 전문지 '프랙'도 지난 8월 이같은 내용을 보도했다.과기정통부는 제보를 받은 다음 날인 7월19일 LG유플러스에 관련 내용을 전달하고 자체점검을 요청했다. 이후 LG유플러스는 8월13일 ""침해사고 흔적이 없다""고 통보했다.이와 관련해 전날 진행된 국회 과학기술정보방송통신위원회에서는 이동통신사들이 보안사고 대응 과정에서 자료를 '은폐'하는 정황이 반복되고 있다는 주장이 나오기도 했다. LG유플러스를 겨냥해서는 7월19일 과기정통부의 점검 요청 이후 8월12일 서버를 업데이트했다는 지적이 제기됐다.LG유플러스는 7월31일 서버 폐기의 경우 이미 1년 전부터 계획됐던 일정대로 진행됐던 것으로 사이버 침해 건과는 전혀 관련이 없다고 선을 그었다.지난해 2월 새로운 시스템이 재구축된 이후 이관 작업을 거친 것이고, 이미 수립된 계획에 따라 7월31일 연한이 끝난 서버 장비를 정리한 것이라는 게 LG유플러스의 입장이다.LG유플러스 관계자는 ""7월31일 종료된 서버는 최근에 논란이 된 시큐어키사 제품이 아닌 다른 회사의 계정관리 솔루션이고 데이터 이름 등 프렉 보고서에 공개된 데이터 양식과 다르다""며 ""최근 논란이 되는 폐기 의혹과는 무관하다""고 설명했다．"
https://n.news.naver.com/mnews/article/448/0000565346?sid=100,2025-10-22 17:41:19,정치,"與 최민희 ""LGU+, 서버 해킹에 이어 서버 폐기 의심 정황""","더불어민주당 최민희 의원서버 해킹 의혹을 받는 LGU+가 해킹 의심 서버를 폐기했다는 정황이 있다는 주장이 나왔다.더불어민주당 소속 최민희 국회 과학기술정보방송통신위원장(경기 남양주시갑)은 최근 국정원으로부터 LGU+ 해킹 여부를 확인한 결과, LGU+ 해킹은 “사실”이란 답변을 받았다고 밝혔다. 이 같은 사실은 지난 7월 해당 통신사에도 통보된 것으로 알려졌다.지난 8월 11일, 과학기술정보통신부는 LGU+에 해킹 정황이 것으로 지목된 APPM 관련 서버 자체 조사 결과를 제출해달라고 요청했다. 이튿날 LGU+ 는 APPM Standby 서버를 재설치하고 다음날 과기정통부에 “침해정황이 없다”고 공식 답변을 보내왔다고 한다.8월 말, 과기정통부는 추가적으로 Standby 서버 데이터 제출을 요청했고 9월 12일 LGU+는 Standby 서버 이미징화 데이터를 과기부에 제출했다 .하지만 서버 재설치되기 전 이미징화 데이터는 제출되지 않았으며 이에 따라 분석이 어려운 것으로 확인됐다.서버를 재설치할 경우, 이전 데이터를 별도로 백업해두지 않는 이상 데이터 기록 등 세부 내용을 확인하는데 매우 제한적이라는 게 최민희 의원실의 설명이다. 사실상 서버를 폐기와 동일하다는 지적이다.지난 9월, LGU+는 자진 신고를 통해 민관합동조사단 조사가 아닌 제3자 보안 용역 의뢰를 통해 LGU+ 해킹 의혹을 해명하겠다고 과방위원장실에 개별보고를 했다.최민희 의원실은 ""해킹 당한 APPM 서버 관련 자료들을 미리 폐기하고 제3자 보안 용역의뢰를 받겠다는 의미는 마치 증거인멸을 완벽히 끝내놓고 조사를 받겠다는 것과 일맥상통하다""고 지적했다.최민희 위원장은 “국정원을 통해 LGU+ 의 해킹사실이 명백히 드러난 만큼 LGU+는 침해사고에 대해 자진 신고가 필요해 보인다”고 밝혔다.이어 “KT 서버 폐기로 인해 조사에 난항을 겪는 것을 뻔히 알면서도 남몰래 해킹서버를 폐기하고 국회에 제3자 보안 용역 의뢰를 받겠다고 보고한 것은 정부와 국회를 기만하는 행동”이라고 비판했다.그러면서 “과기정통부는 수사의뢰를 통해 이를 바로 잡고 이통사들의 반복된 증거인멸 행태를 근절하기 위한 대책 마련에 돌입해야 된다”고 덧붙였다"
https://n.news.naver.com/mnews/article/001/0015694824?sid=100,2025-10-22 18:00:00,정치,[연합뉴스 이 시각 헤드라인] - 18:00,"■ 행방 묘연했던 '김건희 샤넬백' 실물 특검 손에…건진이 제출김건희 여사 관련 의혹을 수사하는 민중기 특검팀이 통일교가 김 여사에게 교단 현안 청탁의 대가로 건넨 고가 물품들을 실물로 확보했다고 22일 밝혔다. 박상진 특별검사보는 이날 정례 브리핑에서 ""어제 오후 건진법사 전성배 측으로부터 변호인을 통해 시가 6천220만원의 그라프 목걸이 1개와 김건희가 수수한 뒤 교환한 샤넬 구두 1개, 샤넬 가방 3개를 임의 제출받아 압수했다""고 밝혔다. 그러면서 ""특검이 물건을 제출받아 압수해보니 일련번호 등이 일치하는 것을 확인했다""며 ""관련 공판에서 추가 증인 신청을 포함해 물건의 전달, 반환 및 보관 경위를 명확히 할 예정""이라고 전했다.전문보기: https://www.yna.co.kr/view/AKR20251022109851004영장심사 마친 김건희 여사(서울=연합뉴스) 윤석열 전 대통령 부인 김건희 여사가 12일 구속 전 피의자 심문(영장실질심사)을 마친 뒤 서울 서초구 서울중앙지법을 나서고 있다. 2025.8.12 [사진공동취재단] photo@yna.co.kr■ 한미 정상회담 임박 속 '투자' 집중협상…현금비중 최대 쟁점한미가 도널드 트럼프 미국 대통령의 방한을 일주일여 앞두고 각료급 집중 협상을 통해 대미 투자 패키지 관련 논의에 속도를 내고 있다. 이에 이번 집중 협의가 이달 말 한미정상회담을 계기로 합의 내용을 문서화하는 수준의 구체적인 성과로 이어질지 주목된다. 김용범 대통령실 정책실장과 김정관 산업통상부 장관은 22일 오전 한미 관세 협상 후속 협의를 위해 미국으로 출국했다. 김 실장은 이날 인천공항 출국장에서 취재진에게 ""많은 쟁점에 대해 양국 간 이견이 많이 좁혀져 있는데, 추가로 한두 가지 더 아직 양국의 입장이 팽팽하게 대립하는 분야가 있어 국익에 맞는 타결안을 만들기 위해 다시 나가게 됐다""고 밝혔다.전문보기: https://www.yna.co.kr/view/AKR20251022070900003■ LGU+도 해킹 정황 전달 뒤 서버 폐기…은폐 시도 논란LG유플러스가 내부자 계정을 관리하는 APPM 서버와 연관된 서버를 사이버 침해 의심 정황이 전달된 뒤 폐기해 증거를 없애려 한 것 아니냐는 의혹을 사고 있다. LG유플러스는 1년 전부터 계획된 폐기였으며 APPM 서버와 관련 없는 서버라고 해명했지만, 정확한 침해 상황 파악을 위해 해킹 정황이 전달된 이후 폐기 계획을 보류했어야 한다는 지적이 나온다. 22일 연합뉴스 취재를 종합하면 LG유플러스는 지난 7월 31일 계정 관리 서버 1대를 물리적으로 폐기했다.전문보기: https://www.yna.co.kr/view/AKR20251022134100017■ 코스피, 엿새째 사상 최고치 마감…'사천피' 카운트다운 돌입코스피가 22일 장 초반 잠깐 '숨 고르기' 후 반등에 성공하며 사상 최고치를 또다시 갈아치웠다. 미·중 정상회담 불발 경계감과 북한 탄도미사일 발사 우려로 3,800선이 무너지기도 했으나 오후 들어 저가 매수세가 유입되면서 빠르게 오름폭을 키웠다. 이날 코스피는 59.84포인트(1.56%) 오른 3,883.68로 장을 마쳤다. '사천피'(코스피 4,000)까지는 116포인트(약 3%)만 남겨둔 상황이다.전문보기: https://www.yna.co.kr/view/AKR20251022130100008■ ""북미정상 만나도 ICBM 발사·연합훈련 중단이 현실적 기대치""북미 정상이 만나도 현실적 기대치는 북한의 대륙간탄도미사일(ICBM) 발사와 한미연합훈련 중단 정도일 것이라는 전망이 제기됐다. 김정섭 세종연구소 수석연구위원은 22일 국가안보전략연구원이 주최한 '2025 피스포럼'에 토론자로 나서 북미 정상회담이 성사된다고 해도 ""가장 낮은 수준의 합의가 현실적인 기대치""라며 ""북한의 ICBM 시험발사 및 7차 핵실험의 중단 대 연합훈련·전략자산 전개 중단 또는 축소의 맞교환일 것""이라고 내다봤다. 김 위원은 그러면서도 ""북미관계 개선은 한반도 긴장 완화와 북핵 관리에 출발이 될 수 있다""며 ""이재명 정부는 한미 간 긴밀한 소통을 통해 북미 대화를 지원할 필요가 있다""고 말했다.전문보기: https://www.yna.co.kr/view/AKR20251022106951504■ 특검, '계엄의결 방해' 국힘 의원 다수 조사…""공범 가능성도""12·3 비상계엄 관련 국회의 계엄 해제 표결 방해 의혹을 수사 중인 조은석 특별검사팀은 22일 추경호 전 국민의힘 원내대표의 혐의 입증에 필요한 주요 인물들 상당수에 대해 조사를 완료했으며 일부 의원을 공범으로 판단할 가능성도 배제하지 않고 있다고 밝혔다. 박지영 내란특검보는 이날 브리핑에서 국회 계엄해제 표결 방해 의혹과 관련해 ""추 전 원내대표의 혐의 유무를 판단함에 있어 중요한 분들에 대한 조사가 상당수 이뤄졌다""며 ""조사 내용 중 상당히 참고할 만한 내용이 있고, 사실관계 판단에 있어 필요한 조사는 어느 정도 된 상태""라고 밝혔다. 또 추 전 원내대표에게 최근 출석 요구를 통보했으나 추 전 원내대표가 국회 일정 등을 고려해 조사 일시를 정해달라는 의견을 전달해와 구체적 소환 일정은 아직 조율 중이라고 밝혔다.전문보기: https://www.yna.co.kr/view/AKR20251022117700004■ 10·15대책 이후 서울 아파트 매매거래 10분의 1로…위축 뚜렷서울 전역과 경기도 12개 지역을 규제지역(조정대상지역·투기과열지구)과 토지거래허가구역으로 묶는 10·15 부동산 대책 발표 이후 일주일가량 지나는 동안 아파트 시장에서는 강화된 대출규제와 실거주 의무 부과 등에 따른 거래 위축이 뚜렷이 나타나고 있다. 반면 토허구역 지정 영향을 받지 않는 경매시장은 선호지역 매물을 확보할 수 있는 틈새 경로로 갭투자자들의 관심이 쏠리면서 열기가 오르는 등 대조적인 모습이다. 22일 국토교통부 실거래가 공개시스템에 이날까지 신고된 서울 아파트 매매거래량을 보면 규제지역 지정 효력이 발생하기 시작한 이달 16일부터 21일까지 6일간 계약이 체결된 거래는 235건이었다.전문보기: https://www.yna.co.kr/view/AKR20251022117500003■ 소규모 산불도 대형화 우려 시기에는 산림청장이 초기부터 지휘앞으로 소규모 산불이라도 대형화할 것으로 우려되는 봄철 등 시기에는 산림청장이 초기부터 지휘할 수 있게 된다. 산림청은 22일 행정안전부, 국방부, 소방청, 경찰청, 기상청 등 관계부처와 합동으로 기후 위기로 대형화되는 산불 재난 대응을 위한 산불 종합대책을 발표했다. 대책은 산불 예방, 산불 대응, 산림 관리 등 3대 분야로 나뉘어 추진되며 가용 자원 총동원과 강력한 초동 진화에 초점을 맞췄다.전문보기: https://www.yna.co.kr/view/AKR20251022085100063■ 유홍준, 박물관 '유료화' 여부에…""시점·방식 놓고 검토 중""유홍준 국립중앙박물관장은 상설 전시 유료화 여부와 관련해 ""유료화 시점과 방식을 여러 가지로 검토하고 있다""고 밝혔다. 유 관장은 22일 국회에서 열린 문화체육관광위원회 국정감사에서 박물관의 입장료 정책을 묻는 더불어민주당 이기헌 의원 질의에 이같이 답했다. 국립중앙박물관은 2008년 5월부터 상설 전시관을 무료로 운영하고 있다. 단, 해외 주요 기관, 민간 단체 등과 함께 주관하는 기획 전시는 유료 관람으로 이뤄지고 있다. 그러나 올해 연간 관람객이 처음으로 500만명대를 넘어서면서 적절한 관람 환경을 유지하려면 무료 정책을 바꿔야 한다는 의견이 나오고 있다.전문보기: https://www.yna.co.kr/view/AKR20251022138100005■ 美, 교역상대국들 약값 신규조사 임박…추가관세 가능성미국의 도널드 트럼프 행정부가 교역상대국들의 약값에 대해 추가조사를 개시키로 했으며 그 결과에 따라 추가 관세가 쏟아질 가능성이 있다고 영국 일간 파이낸셜타임스(FT)가 22일(현지시간) 보도했다. 소식통들에 따르면 개시가 임박한 이번 조사는 1974년 무역법의 제301조에 따라 이뤄지는 것으로, 미국의 교역국들 중 약값을 적게 내는 나라들이 있는지 점검하려는 것이라고 FT는 전했다. 트럼프 대통령은 다른 나라들은 미국보다 약값을 적게 낸다고 불만을 토로하면서, 동등한 수준으로 맞추기를 거부하는 국가들에 무역조치를 취할 것이라고 말해왔다.전문보기: https://www.yna.co.kr/view/AKR20251022110300009"
https://n.news.naver.com/mnews/article/293/0000073916?sid=105,2025-10-22 18:03:08,IT/과학,SKT·KT·LGU+ 보안 점검 강화…실전 침투 테스트·불법 펨토셀 원천 차단,"(왼쪽 네번쨰)배경훈 부총리 겸 과학기술정보통신부 장관이 22일 오후 서울 종로구 정부서울청사 본관 브리핑룸에서'범부처 정보보호 종합대책' 관련 브리핑을 하고 있다. /사진 제공=과학기술정보통신부정부가 SK텔레콤·KT·LG유플러스 등 통신사를 대상으로 실제 운영 중인 망에 외부 전문가를 투입하는 '실전 침투 테스트'를 도입한다. 논란이 된 소형 기지국(펨토셀) 문제는 물리적 회수 대신 '화이트리스트' 방식으로 원천 차단한다.통신사 '실전 침투 테스트' 실시류제명 과학기술정보통신기부 2차관은 22일 정부서울청사에서 열린 '범부처 정보보호 종합대책' 브리핑에서 ""통신 3사는 기존 모의해킹식이 아니라 운영 중에 실전 침투 테스트를 실시해 전면적으로 취약점을 분석할 것""이라고 밝혔다. 기존 모의해킹은 사전에 일정을 정해 제한된 범위 내에서 점검하는 방식이지만 실전 침투 테스트는 실제 해킹 상황을 가정해 불시에 망 전체를 점검하는 강도 높은 방식이다.류 차관은 ""통신 3사로부터 동의받았고 외부 전문가들을 활용해 통신 3사 망에 대해 불시 점검 형식으로 조사를 전면적으로 진행할 것""이라고 설명했다. 통신사에 대한 불신이 커진 만큼 모든 인터넷 연결 지점에 침투 가능성이 있다는 전제로 전면 점검에 나서겠다는 것이다.통신 3사를 제외한 나머지 주요 기업들은 자체 점검을 진행한 후 최고경영자(CEO)가 직접 확인해 정부에 제출하도록 했다. 류 차관은 ""각 기업 정보보안최고책임자(CISO)에게 자체 점검을 요청하고 이 결과를 CEO가 확인해 정부에 제출하도록 안내했다""며 ""급한 기업들, 중요 기업들부터 사후 점검을 할 것""이라고 말했다.펨토셀 '화이트리스트' 차단보안 취약점 논란의 중심에 섰던 펨토셀 문제는 물리적 회수가 어려운 경우 화이트리스트 방식으로 불법 접속을 원천 차단하는 방식으로 해결했다. 류 차관은 ""통신 3사의 펨토셀 현황은 파악됐으나 회수가 쉽지 않다""며 ""이미 유통되고 장기간 활용되지 않은 기기는 회수가 어려운 특수성이 있다""고 설명했다.대신 정부는 통신 3사가 화이트리스트 체계로 전환해 등록·인증된 단말만 망에 접속할 수 있도록 하는 방안을 수립했다. 류 차관은 ""통신 3사가 화이트리스트에 등록되지 않는 펨토셀이 망에 접속하지 못하도록 하고 이미 등록·인증된 단말도 유효성을 확인하는 작업을 진행 중""이라며 ""이미 유통돼 회수 안 되는 장비가 있어도 더 이상 망에는 붙지 못하는 체계를 마련했다""고 밝혔다. 정부는 또 안정성이 확보되지 않은 펨토셀은 즉시 폐기하는 등 더 엄격하게 조치하겠다는 방침이다."
https://n.news.naver.com/mnews/article/014/0005423182?sid=105,2025-10-22 18:19:13,IT/과학,"LGU+, APEC 열리는 경주 통신망 확충","2만여명 참석 전망에 품질 개선와이파이 늘리고 상황실 운영도LG유플러스는 다음주 경주에서 열리는 아시아태평양경제협력체(APEC) 정상회의에 많은 인파가 몰릴 것을 대비해 경주시 일대 주요 시설에 추가 통신 장치를 구축하고 전용 상황실을 운영한다고 22일 밝혔다. APEC 정상회의가 큰 불편 없이 성황리에 마무리될 수 있도록 최적의 통신 품질을 제공한다는 계획이다.약 2만명이 넘는 사람들이 참석할 것으로 예상되는 이번 APEC 정상회의에서 통신 불편이 발생하지 않도록 LG유플러스는 주요 지역에 5G와 LTE 장비를 추가로 설치했다.특히 참가단이 방문할 것으로 예상되는 첨성대와 코모도호텔, 한화리조트 등 주요 숙소를 중점적으로 증축해 데이터와 음성 등 통신 서비스를 원활하게 이용하도록 준비했다.APEC 기자회견장으로 마련된 미디어센터에는 음영지역이 발생하지 않도록 임시 통신 장비를 구축했다. 또한 APEC CEO 서밋 CEO 가족 만찬이 열리는 황룡원 일대에는 해외 방문객을 위한 끊김 없는 인터넷 환경을 조성하기 위해 와이파이 장비(AP)를 추가로 설치했다.LG유플러스는 비상상황에 긴급 대응하기 위해 24시간 설비를 모니터링하고 지역 상황실을 운영할 예정이다. 현장에선 임직원이 대기하고 있다가 문제 발생시 곧바로 대응하며 APEC 메인 행사장인 경주화백컨벤션센터 인근에는 이동기지국을 배치할 방침이다.이외에도 APEC 기념 불꽃쇼가 열리는 포항시 영일대와 숙박용 크루즈가 정박한 영일만항 인근에도 이동기지국을 배치하고 일부 개소에는 임시 통신 시설을 운용해 안정적인 네트워크 환경을 조성한다.노성주 LG유플러스 NW인프라운영그룹장은 ""세계 각지에서 주요 인사들이 APEC을 찾는 만큼 최적의 통신 품질을 경험할 수 있도록 다양한 대비책을 마련했다""며 ""처음부터 끝까지 모든 행사가 성황리에 마무리될 수 있도록 세심하게 모니터링하며 대응할 것""이라고 말했다."
https://n.news.naver.com/mnews/article/277/0005668262?sid=101,2025-10-22 18:58:18,경제,"LGU+ 해킹 정황 후 서버 폐기 은폐논란…""계획된 폐기"" 반박","LG유플러스가 내부자 계정을 관리하는 APPM 서버와 관련된 서버에 대한 사이버 침해 의심 정황이 전달된 뒤 이를 폐기해 증거를 없애려 했다는 의혹이 나온다. LG유플러스 측은 논란과 무관한 계획된 폐기였다며 반박에 나섰다.LG유플러스 로고. LG유플러스22일 관련 업계에 따르면 LG유플러스는 지난 7월 31일 계정 관리 서버 1대를 물리적으로 폐기했다. 지난 7월 18일 화이트해커가 KT와 LG유플러스에서 서버 해킹이 있었다는 제보를 전달한 후 한국인터넷진흥원(KISA)이 두 회사에 내용을 통보하고 자체 점검을 요구한 지 약 열흘이 지난 시점이다.지난 8월 12일에는 LG유플러스가 APPM과 관련된 서버 OS를 업데이트해 관련 흔적을 지우려 했다는 비판이 국정감사에서 제기되기도 했다. 한 보안업계에선 서버 폐기로 해커가 무슨 정보를 빼돌렸는지 알 수 없어 내부 조사가 필요하다는 지적이 나온다.LG유플러스 관계자는 ""지난 7월 31일 종료된 서버는 최근 논란이 된 제품이 아닌 다른 회사의 계정관리 솔루션이고 데이터 이름 등 프렉 보고서에 공개된 데이터 양식과는 달라 폐기 의혹과는 무관하다""며 ""폐기된 서버는 지난해 2월 신규 시스템이 재구축되면서 이관 작업 후 계획대로 지난 7월 31일 종료된 것""이라고 말했다."
https://n.news.naver.com/mnews/article/108/0003377386?sid=004,2025-10-23 08:31:40,,"BBQ, LG U+ 고객에게 황금올리브치킨 반 마리 쏜다","[스타뉴스 | 김혜림 기자]/사진제공= 제너시스BBQBBQ가 LG 유플러스(이하 U+)와 손잡고 멤버십 고객을 위한 특별한 혜택을 마련했다.제너시스BBQ 그룹이 오는 31일까지 LG U+ 멤버십 회원 대상으로 BBQ앱 및 웹사이트에서 사용 가능한 황금올리브치킨 반 마리 무료 증정 쿠폰을 제공한다고 23일 밝혔다.이번 프로모션은 LG U+ VIP, VVIP 고객을 대상으로 진행된다. LG U+ 멤버십 앱에서 쿠폰을 발급받고, 31일까지 BBQ앱 및 웹사이트 내 쿠폰함에 등록해 치킨 주문 시 적용할 수 있다.BBQ는 SKT에 이어 LG U+와 손잡고 다양한 통신사 제휴를 통해 고객들에게 특별 혜택을 제공하며 소비자 접점을 넓혀가고 있다. 앞으로도 다양한 플랫폼 제휴로 브랜드 접근성을 강화하고, 고객 만족도를 높이는 데 주력할 계획이다.BBQ 관계자는 ""다양한 소비자의 라이프스타일과 니즈에 맞춰 실질적인 혜택을 지속적으로 선보이고 있다""며 ""BBQ는 LG U+를 비롯한 다양한 플랫폼과 협업해서 소비자들에게 다양한 혜택이 돌아가도록 프로모션을 확대해 나가겠다""고 말했다."
https://n.news.naver.com/mnews/article/018/0006144579?sid=101,2025-10-23 08:47:10,경제,"BBQ, LG U+ 고객에게 황금올리브치킨 반 마리 쏜다","31일까지 LG U+ VIP, VVIP 대상 황올 반마리 무료 증정[이데일리 오희나 기자] BBQ가 LG 유플러스(이하 U+)와 손잡고 멤버십 고객을 위한 특별한 혜택을 마련했다.국내 최대 치킨 프랜차이즈 제너시스BBQ 그룹이 오는 31일까지 LG U+ 멤버십 회원 대상으로 BBQ앱 및 웹사이트에서 사용 가능한 황금올리브치킨 반 마리 무료 증정 쿠폰을 제공한다고 23일 밝혔다.이번 프로모션은 LG U+ VIP, VVIP 고객을 대상으로 진행된다. LG U+ 멤버십 앱에서 쿠폰을 발급받고, 31일까지 BBQ앱 및 웹사이트 내 쿠폰함에 등록해 치킨 주문 시 적용할 수 있다.BBQ는 SKT에 이어 LG U+와 손잡고 다양한 통신사 제휴를 통해 고객들에게 특별 혜택을 제공하며 소비자 접점을 넓혀가고 있다. 앞으로도 다양한 플랫폼 제휴로 브랜드 접근성을 강화하고, 고객 만족도를 높이는 데 주력할 계획이다.BBQ 관계자는 “다양한 소비자의 라이프스타일과 니즈에 맞춰 실질적인 혜택을 지속적으로 선보이고 있다”며 “BBQ는 LG U+를 비롯한 다양한 플랫폼과 협업해서 소비자들에게 다양한 혜택이 돌아가도록 프로모션을 확대해 나가겠다”고 말했다"
https://n.news.naver.com/mnews/article/003/0013552225?sid=105,2025-10-23 09:00:00,IT/과학,"LGU+, 자체 개발 AI '익시젠' 논문으로 세계 3대 학회서 인정 받아","자연어처리 학회 'EMNLP 2025'서 논문 채택…산업 특화 AI 기술력 입증sLLM 효율·품질 동시 향상…통신·금융 등 산업 현장 맞춤형 서비스 구현[서울=뉴시스]LG유플러스는 자체 개발한 생성형 AI 기술 ‘익시젠(ixi-GEN)’ 관련 논문이 세계 최고 수준의 자연어처리(NLP) 학회인 ‘EMNLP 2025’에 채택됐다고 23일 밝혔다. 사진은 이번 논문 집필에 참여한 LG유플러스 구성원들. (사진=LG유플러스 제공)[서울=뉴시스]윤현성 기자 = LG유플러스는 자체 개발한 생성형 AI 기술 '익시젠(ixi-GEN)' 관련 논문이 세계 최고 수준 자연어처리(NLP) 학회인 EMNLP 2025에 채택됐다고 23일 밝혔다.EMNLP는 ACL(국제언어학회) 산하에서 주관하는 세계 3대 자연어처리 학회 중 하나다. 글로벌 빅테크 기업과 주요 연구기관의 최신 AI 연구 성과를 엄격하게 심사해 평가한다.LG유플러스가 제출한 논문은 'ixi-GEN: Efficient Industrial sLLMs through Domain Adaptive Continual Pretraining(도메인 특화 학습을 통한 산업 특화 소형 언어모델 고도화)'다. 소형 언어모델(sLLM)의 효율과 품질을 동시에 높이는 새로운 접근법을 제안했다.특히 산업 데이터를 지속적으로 학습하면서도 범용 언어 능력을 유지할 수 있는 '도메인 특화 학습(DACP)' 기법을 활용한 것이 좋은 평가를 받은 것으로 분석된다.기존 sLLM 모델은 특정 산업 환경에 맞게 학습할 경우 일반 언어에 대한 이해력은 떨어지고, 반대로 범용 성능을 유지할 경우 산업 적합도가 낮아지는 한계가 있었다.이에 LG유플러스는 DACP를 통해 산업 데이터와 일반 데이터를 균형 있게 학습하는 방법을 고안했다. 실제 적용 결과 통신·금융 분야에서 기존 모델 대비 성능이 크게 향상됐고, 초거대 AI 모델이 아니더라도 소형 모델로 실제 산업 환경에서 즉시 활용 가능한 품질을 확보할 수 있음을 입증했다.이번 논문 채택은 LG유플러스의 연구가 학문적으로뿐 아니라 산업적으로도 높은 완성도를 인정받았다는 점에서 의미가 크다. 초거대 모델을 직접 운영하기 어려운 기업들도 DACP 기반의 소형 모델을 활용하면, 비용과 인프라 부담 없이 산업 맞춤형 AI 서비스를 구현할 수 있을 것이라는 게 LG유플러스의 기대다.한영섭 LG유플러스 AI테크Lab장(담당)은 ""EMNLP는 전 세계 AI 연구자들이 가장 주목하는 학회 중 하나로, 이번 논문 채택은 LG유플러스의 산업형 AI 기술이 세계적으로 학문적 검증을 받았다는 점에서 의미가 크다""며 ""앞으로도 산업 현장의 문제를 해결하는 실용적인 AI 연구를 통해 한국형 AI의 경쟁력을 강화하겠다""고 말했다."
https://n.news.naver.com/mnews/article/016/0002545979?sid=105,2025-10-23 09:01:21,IT/과학,AI 학회서 인정받은 LGU+ ‘익시젠’…산업 특화 AI 입증,"sLLM 효율·품질 향상…통신·금융 등 현장 적용 검증“AI 연구, 글로벌 학문 검증…산업형 AI 경쟁력 강화”자연어처리(NLP) 학회 ‘EMNLP 2025’에 채택된 생성형 AI 기술 ‘익시젠(ixi-GEN)’ 관련 논문 집필에 참여한 LG유플러스 구성원들. [LG유플러스 제공][헤럴드경제=고재우 기자] LG유플러스는 자체 개발한 생성형 인공지능(AI) 기술 ‘익시젠(ixi-GEN)’ 관련 논문이 세계 최고 수준의 자연어처리(NLP) 학회인 ‘EMNLP 2025’에서 채택됐다고 23일 밝혔다.‘EMNLP’는 국제언어학회(ACL) 산하에서 주관하는 세계 3대 자연어처리 학회 중 하나다. 글로벌 빅테크 기업과 주요 연구기관의 최신 AI 연구 성과를 엄격하게 심사해 평가하는 곳이다.LG유플러스가 제출한 논문은 ‘익시젠: 도메인 특화 학습을 통한 산업 특화 소형 언어모델 고도화’다. 이를 통해 LG유플러스는 소형 언어모델(sLLM)의 효율과 품질을 동시에 높이는 새로운 접근법을 제안했다. 산업 데이터를 지속적으로 학습하면서도, 범용 언어 능력을 유지할 수 있는 ‘도메인 특화 학습(DACP)’ 기법을 통해서다.구체적으로 LG유플러스는 DACP를 통해 산업 데이터와 일반 데이터를 균형 있게 학습하는 방법을 고안했다. 실제 적용 결과, 통신·금융 분야에서 기존 모델 대비 성능을 크게 향상됐다. 초거대 AI 모델이 아니더라도 소형 모델로 실제 산업 환경에서 즉시 활용 가능한 품질을 확보할 수 있음을 입증했다.기존 sLLM 모델은 특정 산업 환경에 맞게 학습할 경우 일반 언어에 대한 이해력은 떨어졌다. 또 범용 성능을 유지할 경우 산업 적합도가 낮아진다는 한계가 있었다.자연어처리(NLP) 학회 ‘EMNLP 2025’에 채택된 생성형 AI 기술 ‘익시젠(ixi-GEN)’ 관련 논문 집필에 참여한 LG유플러스 구성원들. [LG유플러스 제공]LG유플러스는 해당 연구가 학문적으로 뿐만 아니라 산업적으로도 높은 완성도를 인정받았다는 점에서 의미가 있다고 자평했다.이를 통해 초거대 모델을 직접 운영하기 어려운 기업들도 DACP 기반의 소형 모델을 활용 시, 비용과 인프라 부담 없이 산업 맞춤형 AI 서비스를 구현할 수 있을 것으로 예상된다. 특히 데이터가 방대하고 보안이 중요한 통신, 금융, 교육, 제조 등 다양한 산업에서 활용할 수 있을 것으로 기대된다.앞서 LG유플러스는 자체 개발한 sLLM인 ‘익시젠’의 성능을 고도화하고 검증하기 위해 노력해 왔다.실제로 익시젠은 특화 sLLM 개발 등 다양한 측면에서 활용도를 높여가고 있다. 지난 3월에는 모바일 월드 콩그레스(MWC)2025 기간 중 진행된 ‘레드팀챌린지’에 참여해 익시젠의 신뢰성을 검증받기도 했다. 향후 LG유플러스는 익시젠 고도화를 위한 다양한 기술을 연구할 방침이다.한영섭 LG유플러스 AI테크랩장은 “이번 논문 채택은 LG유플러스의 산업형 AI 기술이 세계적으로 검증을 받았다는 점에서 의미가 크다”며 “앞으로도 산업 현장의 문제를 해결하는 실용적인 AI 연구를 통해 한국형 AI의 경쟁력을 강화하겠다”고 말했다."
https://n.news.naver.com/mnews/article/008/0005266947?sid=105,2025-10-23 09:05:28,IT/과학,"LGU+ AI 기술 '익시젠', 세계 3대 자연어처리 학회서 인정","논문 집필에 참여한 LG유플러스 구성원들. /사진=LG유플러스LG유플러스는 자체 개발한 생성형 AI(인공지능) 기술 '익시젠(ixi-GEN)' 관련 논문이 세계 최고 수준의 NLP(자연어처리) 학회인 'EMNLP 2025'에 채택됐다고 23일 밝혔다.EMNLP는 ACL(국제언어학회) 산하에서 주관하는 세계 3대 자연어처리 학회 중 하나다. 글로벌 빅테크 기업과 주요 연구기관의 최신 AI 연구 성과를 엄격하게 심사해 평가한다.LG유플러스가 제출한 논문은 sLLM(소형언어모델)의 효율과 품질을 동시에 높이는 새로운 접근법을 제안했다. 산업 데이터를 지속적으로 학습하면서도 범용 언어 능력을 유지할 수 있는 'DACP(도메인 특화 학습)' 기법을 활용한 것이 좋은 평가를 받았다.기존 sLLM 모델은 특정 산업 환경에 맞게 학습할 경우 일반 언어에 대한 이해력은 떨어지고, 반대로 범용 성능을 유지할 경우 산업 적합도가 낮아지는 한계가 있었다. 이에 LG유플러스는 DACP를 통해 산업 데이터와 일반 데이터를 균형 있게 학습하는 방법을 고안했다. 실제 적용 결과 통신·금융 분야에서 기존 모델 대비 성능을 크게 향상, 초거대 AI 모델이 아니더라도 소형 모델로 실제 산업 환경에서 즉시 활용 가능한 품질을 확보할 수 있음을 입증했다.LLM(초거대모델)을 직접 운영하기 어려운 기업들도 DACP 기반의 소형 모델을 활용하면, 비용과 인프라 부담 없이 산업 맞춤형 AI 서비스를 구현할 수 있을 것으로 예상된다. 특히 데이터가 방대하고 보안이 중요한 통신, 금융, 교육, 제조 등 다양한 산업에서 활용할 수 있을 것으로 기대된다.한영섭 LG유플러스 AI테크 랩(Lab)장(담당)은 ""EMNLP는 전 세계 AI 연구자들이 가장 주목하는 학회 중 하나로, 이번 논문 채택은 LG유플러스의 산업형 AI 기술이 세계적으로 학문적 검증을 받았다는 점에서 의미가 크다""며 ""앞으로도 산업 현장의 문제를 해결하는 실용적인 AI 연구를 통해 한국형 AI의 경쟁력을 강화하겠다""고 말했다."
https://n.news.naver.com/mnews/article/421/0008556945?sid=105,2025-10-23 09:22:08,IT/과학,"LGU+ '익시젠' 논문, 글로벌 학회 채택…산업 특화 기술력 입증","자연어처리 학회 'EMNLP 2025' 채택이번 논문 집필에 참여한 LG유플러스 구성원들. (LG유플러스 제공)(서울=뉴스1) 나연준 기자 = LG유플러스(032640)는 자체 개발한 생성형 인공지능(AI) 기술 '익시젠(ixi-GEN)' 관련 논문이 세계 최고 수준의 자연어처리(NLP) 학회인 'EMNLP 2025'에 채택됐다고 23일 밝혔다.'EMNLP(Empirical Methods in Natural Language Processing)'는 국제언어학회(ACL) 산하에서 주관하는 세계 3대 자연어처리 학회 중 하나로, 글로벌 빅테크 기업과 주요 연구기관의 최신 AI 연구 성과를 심사해 평가한다.LG유플러스가 제출한 논문은 '도메인 특화 학습을 통한 산업 특화 소형 언어모델 고도화(ixi-GEN: Efficient Industrial sLLMs through Domain Adaptive Continual Pretraining)로, 소형 언어모델(sLLM)의 효율과 품질을 동시에 높이는 새로운 접근법을 제안했다. 산업 데이터를 지속적으로 학습하면서도 범용 언어 능력을 유지할 수 있는 '도메인 특화 학습(DACP)' 기법을 활용한 것이 좋은 평가를 받은 것으로 분석된다.LG유플러스는 DACP를 통해 산업 데이터와 일반 데이터를 균형 있게 학습하는 방법을 고안했다. 실제 적용 결과 통신·금융 분야에서 기존 모델 대비 성능을 크게 향상, 초거대 AI 모델이 아니더라도 소형 모델로 실제 산업 환경에서 즉시 활용 가능한 품질을 확보할 수 있음을 입증했다.초거대 모델을 직접 운영하기 어려운 기업들도 DACP 기반의 소형 모델을 활용하면, 비용과 인프라 부담 없이 산업 맞춤형 AI 서비스를 구현할 수 있을 것으로 예상된다. 특히 데이터가 방대하고 보안이 중요한 통신, 금융, 교육, 제조 등 다양한 산업에서 활용할 수 있을 것으로 기대된다.한영섭 LG유플러스 AI테크Lab장은 ""이번 논문 채택은 LG유플러스의 산업형 AI 기술이 세계적으로 학문적 검증을 받았다는 점에서 의미가 크다""며 ""앞으로도 산업 현장의 문제를 해결하는 실용적인 AI 연구를 통해 한국형 AI의 경쟁력을 강화하겠다""고 말했다.<용어설명>■ DACP도메인 특화 학습. 산업 데이터를 지속적으로 학습하면서도 범용 언어 능력을 유지할 수 있는 기법."
https://n.news.naver.com/mnews/article/008/0005266962?sid=101,2025-10-23 09:26:44,경제,"BBQ ""LG U+ 고객에게 황올치킨 반 마리 쏜다""","BBQ가 LG 유플러스 멤버십 회원 대상으로 BBQ앱 및 웹사이트에서 사용 가능한 황금올리브치킨 반 마리 무료 증정행사를 진행한다./사진제공=BBQBBQ가 오는 31일까지 LG유플러스 고객에게 황금올리드 반 마리 무료 증정 쿠폰을 제공한다고 23일 밝혔다.제공 대상은 LG유플러스 VIP, VVIP 고객이다. LG유플러스 멤버십 앱에서 쿠폰을 발급받고 31일까지 BBQ 앱이나 웹사이트 내의 쿠폰함에 등록해 치킨 주문 시 적용하면 된다.BBQ는 앞으로도 다양한 플랫폼 제휴로 브랜드 접근성을 강화하고, 고객 만족도를 높이는 데 주력할 계획이다.BBQ 관계자는 ""다양한 소비자의 라이프스타일과 니즈에 맞춰 실질적인 혜택을 지속적으로 선보이고 있다""며 ""BBQ는 LG 유플러스를 비롯한 다양한 플랫폼과 협업해서 소비자들에게 다양한 혜택이 돌아가도록 프로모션을 확대해 나가겠다""고 말했다."
https://n.news.naver.com/mnews/article/031/0000974288?sid=102,2025-10-23 09:56:14,사회,"김제시, 전북 인구감소지역 중 '생활인구 2위'","산업·관광·정주가 어우러진 김제형 생활인구 정책 성과전북 김제시(시장 정성주)가 올해 1분기 생활인구 통계에서 전북특별자치도 10개 인구감소지역 중 2위를 기록하며, 지역 활력의 중심지로 부상했다.이번 통계는 행정안전부·법무부의 주민등록 및 외국인등록 자료와 통신 3사(SK텔레콤, KT, LGU+) 이동통신 데이터를 가명결합해 산정한 것으로, 김제시의 2025년 1분기 생활인구는 총 90만1,205명, 월평균 30만401명으로 집계됐다.김제시 청사 [사진=김제시 ]1분기 평균 구성은 주민등록 8만1,098명, 체류인구 21만6,099명, 외국인 3,204명으로, 체류인구가 전체의 71%를 차지하며 등록인구의 2.6배 수준에 달했다. 이는 산업단지 근로자와 관광객, 체험형 방문객이 함께 어우러지는‘김제형 생활인구 정책’의 실질적 성과로 평가된다.월별로는 1월 33만1,852명, 2월 26만6,249명, 3월 30만3,104명으로 나타났으며, 겨울철 관광 비수기 영향으로 2월에 일시적 감소세를 보였으나 전반적으로 체류인구 규모가 일정 수준을 유지했다.지난해 4분기 평균 생활인구(34만1,306명) 대비 약 12% 감소했으나 이는 계절적 요인에 따른 일시적 변동으로 분석된다.특히 시는 체류인구 비중이 높은 산업 중심 도시 구조와 관광·체험형 프로그램의 결합 효과로 외부 유입 인구가 꾸준히 증가하고 있는 것으로 나타났다.주요 지표를 보면 김제시의 재방문율은 56.8%, 평균 체류일수는 4.5일, 평균 숙박일수는 5.7일로 조사됐다.또한 타시도 거주자 비중은 35.8%, 1인당 평균 소비액은 14만 9천 원, 카드 사용 비중은 33.4%로 나타나 김제시 내 체류형 소비 확산이 뚜렷하게 나타나고 있다.시는 이러한 수치를 바탕으로 산업단지 근로자, 디지털시민증 이용객, 관광·축제형 체험 참가자 등 다양한 생활인구층을 유입하며 산업·소비·관광이 유기적으로 연계된 김제형 생활인구 구조를 정착시키고 있다.시는 앞으로 산업과 소비, 관광이 선순환하는 ‘김제형 생활인구 시책 2.0’을 본격 추진해 지역 활력을 높이고 생활인구 50만 시대를 향한 기반을 더욱 강화할 계획이다.특히 디지털시민증을 활용한 소비 인센티브 제공, 유휴공간을 활용한 체류형 프로그램 등 다양한 생활인구 확충 정책을 확대해 나갈 예정이다.정성주 김제시장은 “산업과 관광, 정주가 함께 성장하는 김제형 생활인구 정책이 가시적인 성과를 보이고 있다”며 “앞으로도 디지털시민증과 체류형 사업을 중심으로 생활인구 확대에 박차를 가해 김제시가 명실상부한 생활인구 중심도시로 자리매김하도록 하겠다”고 말했다."
https://n.news.naver.com/mnews/article/092/0002395061?sid=105,2025-10-23 09:57:14,IT/과학,"LGU+ AI 기술 ‘익시젠’, 글로벌 AI 학회서 인정 받아","소형 언어모델의 효율·품질 동시에 높이는 접근법 제시LG유플러스는 자체 개발한 생성형 AI 기술 ‘익시젠’ 관련 논문이 국제 자연어처리(NLP) 학회인 ‘EMNLP 2025’에 채택됐다고 23일 밝혔다.이 학회는 국제언어학회(ACL) 산하에서 주관하는 세계 3대 자연어처리 학회 중 하나로, 글로벌 빅테크 기업과 주요 연구기관의 최신 AI 연구 성과를 심사·평가한다.LG유플러스가 제출한 논문은 ‘도메인 특화 학습을 통한 산업 특화 소형 언어모델 고도화(ixi-GEN: Efficient Industrial sLLMs through Domain Adaptive Continual Pretraining)’로, 소형 언어모델(sLLM)의 효율과 품질을 동시에 높이는 새로운 접근법을 제안했다. 산업 데이터를 지속적으로 학습하면서도 범용 언어 능력을 유지할 수 있는 ‘도메인 특화 학습(DACP)’ 기법을 활용해 높게 평가 받은 것으로 분석된다.기존 sLLM 모델은 특정 산업 환경에 맞게 학습할 경우 일반 언어에 대한 이해력은 떨어지고, 범용 성능을 유지할 경우 산업 적합도가 낮아지는 한계가 있었다. 이에 LG유플러스는 DACP를 통해 산업 데이터와 일반 데이터를 균형 있게 학습하는 방법을 고안했다.회사는 실제 적용 결과, 통신·금융 분야에서 기존 모델보다 성능이 크게 개선됐으며, 초거대 AI가 아니더라도 소형 모델로 산업 현장에서 즉시 활용 가능한 수준의 품질을 확보할 수 있음을 확인했다고 밝혔다.LG유플러스는 익시젠 고도화를 위해 기술을 연구하고 적용해 나갈 방침이다.한영섭 LG유플러스 AI테크랩장은 “이번 논문 채택은 LG유플러스의 산업형 AI 기술이 세계적으로 학문적 검증을 받았다는 점에서 의미가 크다”며 “산업 현장의 문제를 해결하는 실용적인 AI 연구를 통해 한국형 AI의 경쟁력을 강화하겠다”고 말했다."
https://n.news.naver.com/mnews/article/119/0003015658?sid=105,2025-10-23 10:05:07,IT/과학,'통신사변(變)'의 해…SKT·KT·LGU+ 'AI·보안' 구원투수 등판할까,"해킹 후폭풍에 CEO 리더십 흔들…AI·보안 강화로 '신뢰 회복' 시험대21일 국회 과학기술정보방송통신위원회에서 열린 정보통신기술(ICT) 분야 산하기관 국정감사에서 김영섭 KT 대표이사가 해킹사태와 관련한 위원 질의에 답하고 있다.ⓒ연합뉴스[데일리안 = 조인영 기자] 주요 그룹사들이 연말 인사를 예년보다 앞당길 것으로 예상되면서 통신 3사 CEO들의 거취 변화에 관심이 쏠린다. 해킹으로 국민 고객 정보가 유출되고 금전 피해도 이어지면서 이들은 청문회와 국정감사에 불려가 연이어 질타를 받는 등 리더십 위기를 맞았다.23일 업계에 따르면 SK그룹은 이르면 이달 말, 늦어도 내달 초 주요 계열사 대표를 교체하는 사장단 인사를 단행할 전망이다.SK그룹 3대 연례 행사 중 하나인 'CEO 세미나'가 11월 6일부터 열릴 예정이어서, 그 전에 인사를 마무리하고 내년 사업 전략을 논의할 것이라는 관측이 나온다.이 과정에서 SK텔레콤의 내년 경영진 구성에 이목이 집중된다. 올해 4월 유심(USIM) 해킹 사태로 SK텔레콤의 전산망 계정 정보 관리 부실, 암호화 미흡, 침해 대응 소홀 등의 문제가 수면 위로 드러나면서 유영상 대표의 입지도 크게 흔들렸다.이 사고로 SK텔레콤은 '부동의 40% 점유율'이 무너졌고 막대한 금전적 손실도 입었다. 위약금 면제, 유심 교체, 개인정보보호위원회 과징금, 대리점 보상안이 대표적이다. 5000억원 규모의 ‘고객 감사 패키지’를 시행하며 마케팅 비용도 늘었다.또한 향후 5년간 총 7000억원을 정보보호에 투자하겠다고 밝혀, 매년 수천억원의 투자가 예상된다.역대급 침해 사고로 유 대표의 리더십이 흔들린 것은 사실이나, SK그룹이 전사적으로 추진 중인 AI 사업 드라이브를 본격화하기 위해 당장 수장을 교체하지는 않을 것이라는 관측이 안팎으로 나온다.실제 유 대표는 2021년 CEO로 선임된 뒤 'AI 피라미드 2.0'을 주도하는 등 SK텔레콤이 AI 인프라인 데이터센터를 기반으로 B2B(기업간거래)와 B2C(기업과 소비자간 거래) 영역에서 '돈 버는 AI'를 구현하는 데 역할을 해왔다.또한 정부 주도로 추진하는 '독자 AI 파운데이션' 상위 5개 기업에 이름을 올렸고, 아마존웹서비스(AWS)와는 울산 AI 데이터센터 구축 사업을 진행중이다. AI 서비스 ‘에이닷(A.)’의 경우 월간 활성 이용자 수(MAU)가 1000만명을 돌파하는 등 AI 서비스 대중화에 성과를 냈다는 평가를 받고 있다.21일 오후 국회에서 열린 과학기술정보방송통신위원회 국정감사에서 홍범식 LG유플러스 대표가 질의에 답변하는 모습ⓒ데일리안 홍금표 기자상반기 SK텔레콤이 홍역을 치렀다면 하반기에는 KT와 LG유플러스가 정보 유출 사고라는 대형 악재를 맞닥뜨렸다.'무단 소액결제' 사고가 발생한 KT는 9월부터 10월 중순까지 세 차례 브리핑을 진행하면서 불법 펨토셀 ID가 4개에서 20개로 늘었고, 해당 ID 접속 이력이 있는 고객 수도 2만2200여 명으로 확대됐다고 밝혔다.이 과정에서 불법 펨토셀이 KT 네트워크에 접속한 정황을 KT가 즉각 차단하지 못했고, 소액결제 인증 체계에도 보완이 필요한 허점을 노출했다는 비판을 받고 있다.KT는 피해 규모를 축소하거나 서버 자료 제출을 지연하는 등 조사를 고의로 방해했다는 의혹으로 현재 경찰 수사도 받고 있다.이번 사고에 대한 책임으로 김영섭 대표는 연임을 포기할 것으로 보인다. 지난 21일 열린 국회 과방위 국정감사에서 여야 의원들은 김 대표의 사퇴를 촉구했고, 김 대표는 그렇게 하겠다는 취지도 답변했다. 그의 임기는 2026년 3월까지다.이날 노종면 더불어민주당 의원이 ""수습 후에 합당한 책임을 지겠다가 정치적인 수사에 그치지를 않기를 바란다. 사퇴도 할 수 있다는 것을 포괄하는 책임인가"" 묻자 김영섭 대표는 ""포괄하는 책임""이라고 답했다.이에 따라 이르면 11월부터 KT 사외이사 전원으로 구성된 이사후보추천위원회가 차기 대표 선임 절차에 착수할 가능성이 거론된다. 2023년 당시 외부 전문기관 추천, 공개모집, 주주 추천 등을 병행했던 추천위가 이번에는 어떤 방식을 택할지도 관심이다.21일 오후 국회에서 열린 과학기술정보방송통신위원회 국정감사에 출석한 유영상 SKT 대표ⓒ데일리안 홍금표 기자지난해 말 LG유플러스 수장으로 선임된 홍범식 LG유플러스 대표는 외주 보안 관리업체 시큐어키 해킹 사건 연루 의혹에 직면하면서 리더십 시험대에 올랐다.지난달 8일 미국 보안 전문지 '프랙(Phrack)'은 해커 집단이 시큐어키를 해킹해 확보한 계정으로 LG유플러스 내부망에 침투, 서버 8938대 정보와 4만2256개 계정, 임직원 167명의 자료를 탈취했다고 보도했다. 그러나 LG유플러스는 유출 사실이 확인되지 않았다며 한국인터넷진흥원(KISA)에 신고하지 않았다.이 과정에서 LG유플러스가 해킹 의혹이 제기된 '계정 권한 관리 시스템' 서버의 운영체계를 재설치한 것이 드러나며, 국회 과방위 국정감사에서 집중 추궁을 받았다.LG유플러스는 시스템을 재설치하는 과정에서 전·후 버전을 모두 백업했다고 해명했지만, 의원들은 ""이 과정에서 보안사고 매뉴얼대로 했는지 조사가 필요하다""며 의구심을 거두지 않았다. 일부 의원은 이번 사고를 진화할 홍 대표가 기술 전문가가 아니라는 점을 지적하기도 했다.업계는 홍 대표가 LG유플러스를 이끈 지 얼마 되지 않았고, AX(AI 전환) 사업 본격화 등 다양한 역할을 요구받고 있는 만큼 교체 가능성은 낮다고 본다. 다만 어느 때 보다 보안 경각심이 높아진터라, 유출 사고 대응과 보안 투자에 속도를 내 스스로의 역할을 증명해야 할 것으로 진단한다.통신 3사 모두 '보안 구멍', '관리 소홀' 직격탄을 맞으면서 CEO 교체든, 유임이든 매출 확대·점유율 경쟁 보다는 정보보안 기술 고도화와 인력 양성에 무게추를 둘 것으로 예상된다. AI 역시 보안과 궤를 같이 하는 방향에서 추진될 전망이다.정부도 사이버 침해 사고를 위기에 준하는 비상 사태로 규정하고, 조사권 강화를 예고했다. 구체적으로 보안 의무 위반에 대해 과태료·과징금을 상향하고 이행 강제금과 징벌적 과징금 제도를 도입하기로 했다.특히 사이버 침해 사고 시 늑장 신고하거나 은폐 관행을 막기 위해 해킹 정황이 확인된 경우에는 기업이 신고하지 않더라도 정부가 현장 조사를 실시할 수 있도록 제도를 개선한다.정부의 강도 높은 점검과 제재 수위 상향으로 통신사들은 보안 기준 강화, 이용자 보호, 보안 인력 확충 등 대응책을 다양화할 것으로 보인다. 이와 동시에 유·무선 가입자 확대, AI 사업 성과 본격화 등 전사 이익 방어에도 역할을 해야 할 것으로 예상된다."
https://n.news.naver.com/mnews/article/421/0008557235?sid=101,2025-10-23 10:32:38,경제,"BBQ, LG U+ 회원에 황금올리브치킨 반 마리 쿠폰 증정","VIP·VVIP 회원 대상…31일까지 BBQ앱·웹사이트 내 쿠폰함 등록(제너시스BBQ그룹 제공)(서울=뉴스1) 박혜연 기자 = 치킨 프랜차이즈 제너시스BBQ그룹이 오는 31일까지 LG U+ 멤버십 회원 대상으로 BBQ앱 및 웹사이트에서 사용 가능한 황금올리브치킨 반 마리 무료 증정 쿠폰을 제공한다고 23일 밝혔다.이번 프로모션은 LG U+ VIP, VVIP 고객을 대상으로 진행된다. LG U+ 멤버십 앱에서 쿠폰을 발급받고, 31일까지 BBQ앱 및 웹사이트 내 쿠폰함에 등록해 치킨 주문 시 적용할 수 있다.BBQ는 SKT에 이어 LG U+와 손잡고 다양한 통신사 제휴를 통해 고객들에게 특별 혜택을 제공하며 소비자 접점을 넓혀가고 있다. 앞으로도 다양한 플랫폼 제휴로 브랜드 접근성을 강화하고, 고객 만족도를 높이는 데 주력할 계획이다.BBQ 관계자는 ""다양한 소비자의 라이프스타일과 니즈에 맞춰 실질적인 혜택을 지속적으로 선보이고 있다""며 ""BBQ는 LG U+를 비롯한 다양한 플랫폼과 협업해서 소비자들에게 다양한 혜택이 돌아가도록 프로모션을 확대해 나가겠다""고 말했다."
https://n.news.naver.com/mnews/article/422/0000793884?sid=105,2025-10-23 10:43:15,IT/과학,"LG U+ ‘익시젠’, 세계 최고 권위 AI 학회서 인정받아","익시젠 관련 논문 집필에 참여한 LG유플러스 구성원 [LG유플러스 제공. 재판매 및 DB 금지]LG유플러스가 생성형 인공지능(AI) 모델의 효율과 품질을 동시에 높이는 연구로 글로벌 학회서 기술력을 입증받았습니다.LG유플러스는 자체 개발한 생성형 AI 기술 ‘익시젠’ 관련 논문이 세계 최고 수준의 자연어처리(NLP) 학회인 ‘EMNLP 2025’에 채택됐다고 오늘(23일) 밝혔습니다.EMNLP는 국제언어학회(ACL) 산하에서 주관하는 세계 3대 자연어처리 학회 중 하나입니다.LG유플러스가 제출한 논문은 소형 언어모델(sLLM)의 효율과 품질을 동시에 높이는 ‘도메인 특화 학습’(DACP) 기법을 제안했습니다.이 기법은 산업 데이터를 지속적으로 학습하면서도 범용 언어 능력을 유지할 수 있게 해 좋은 평가를 받은 것으로 분석됩니다.기존 소형 모델을 특정 산업 환경에 특화해 학습할 경우 범용적인 능력이 떨어지는 한계가 있었다고 LG유플러스 쪽은 설명했습니다.LG유플러스는 이어 “DACP기법을 통해 산업 데이터와 일반 데이터를 균형 있게 학습하는 방법으로 이를 해결했다”며 “통신과 금융 등 분야에서 실제로 기술을 적용한 결과 기존 모델 대비 성능이 향상됐다”고 덧붙였습니다.한편 LG유플러스는 익시젠의 성능을 지속 고도화하면서 사내 임직원을 위한 AI 플랫폼에 활용하고 있으며, 외부 기관과도 협업해 특화 모델을 개발하고 있습니다.한영섭 LG유플러스 AI테크랩장은 “앞으로도 산업 현장 문제를 해결하는 실용적인 AI 연구를 통해 한국형 AI의 경쟁력을 강화하겠다”고 말했습니다.#LG유플러스 #익시젠연합뉴스TV 기사문의 및 제보 : 카톡/라인 jebo23"
https://n.news.naver.com/mnews/article/001/0015695993?sid=102,2025-10-23 10:57:12,사회,LG유플러스도 해킹 정황 신고…통신 3사 모두 뚫렸다,"""KT·SKT 이어 LGU+까지…통신사 보안 공백 논란LG유플러스[연합뉴스 자료사진](서울=연합뉴스) 조성미 기자 = LG유플러스가 서버 해킹 정황을 사이버 보안 당국에 신고했다.이로써 올해는 국내 통신 3사가 모두 사이버 침해 피해를 당국에 공식 신고한 해가 됐다.23일 통신업계 등에 따르면 LG유플러스는 이날 한국인터넷진흥원(KISA)에 서버 해킹 피해와 관련한 신고서를 제출했다.지난 7월 화이트해커로부터 LG유플러스에서 내부자 계정을 관리하는 APPM 서버 해킹이 있었다는 제보를 받은 한국인터넷진흥원(KISA)이 관련 내용을 전달한 지 약 3개월 만이다.화이트해커를 인용한 미국 보안 전문 매체 프랙은 해커 집단이 외주 보안업체 시큐어키를 해킹해 얻은 계정 정보로 LG유플러스 내부망에 침투해 8천938대의 서버 정보와 4만2천256개의 계정 및 167명의 직원 정보를 빼돌렸다고 보도했다.당시 LG유플러스는 자체 점검을 벌인 뒤 8월 사이버 침해 정황이 없다고 과기정통부에 통보한 바 있다.LG유플러스가 당국으로부터 해킹 정황을 통보받은 뒤 APPM과 관련되는 서버 OS를 업데이트하거나 관련 서버를 물리적으로 폐기해 흔적을 지우려 했다는 비판이 국정감사에서 제기되기도 했다."
https://n.news.naver.com/mnews/article/031/0000974349?sid=105,2025-10-23 11:03:13,IT/과학,"LGU+, 자체 생성형 AI 논문 EMNLP 2025 채택","산업 특화 소형 LLM 고도화 성과…'익시젠' 기술력 입증LG유플러스는 자체 개발한 생성형 AI 기술 '익시젠(ixi-GEN)' 관련 논문이 세계 최고 수준의 자연어처리(NLP) 학회인 'EMNLP 2025'에 채택됐다고 23일 밝혔다.사진은 이번 논문 집필에 참여한 LG유플러스 구성원들. [사진=LGU+]EMNLP는 국제언어학회(ACL) 산하에서 주관하는 세계 3대 NLP 학회 중 하나로, 글로벌 빅테크와 주요 연구기관의 최신 AI 연구 성과를 엄격히 심사해 발표한다.이번에 채택된 논문은 '도메인 특화 학습을 통한 산업 특화 소형 언어모델 고도화'이다. LG유플러스는 해당 논문을 통해 산업 데이터 기반으로 소형 언어모델(sLLM)의 효율성과 품질을 동시에 높이는 새로운 접근법을 제안했다.핵심은 산업 데이터를 지속 학습하면서도 범용 언어 능력을 유지할 수 있는 '도메인 특화 학습(DACP)' 기법이다. 기존 소형 모델은 특정 산업에 맞춰 학습할 경우 범용성이 떨어지고, 반대로 범용 성능을 유지하면 산업 적합성이 낮아지는 문제가 있었다. LG유플러스는 DACP를 활용해 산업 데이터와 일반 데이터를 균형 있게 학습하는 방식을 고안했다.실제 통신·금융 분야에 적용한 결과 기존 모델 대비 성능이 대폭 향상됐으며, 초거대 AI가 아니더라도 소형 모델만으로 산업 현장에서 즉시 활용 가능한 수준의 품질을 확보했다는 설명이다.한편 LG유플러스는 '익시젠'의 성능 고도화를 위해 지속적인 연구와 적용을 진행하고 있다. 올해에는 사내 임직원용 AI 플랫폼뿐 아니라 외부 산업·교육기관과 협업을 확대하며 활용 영역을 넓혀가고 있다. 지난 3월에는 MWC25 기간 중 진행된 '레드팀챌린지(Red Team Challenge)'에 참여해 기술 신뢰성을 검증받기도 했다.한영섭 LG유플러스 AI테크Lab장(담당)은 ""EMNLP는 전 세계 AI 연구자들이 주목하는 학회로, 이번 논문 채택은 LG유플러스의 산업형 AI 기술이 세계적으로 학문적 검증을 받았다는 점에서 의미가 크다""며 ""앞으로도 산업 현장의 문제를 해결하는 실용적인 AI 연구를 통해 한국형 AI의 경쟁력을 강화하겠다""고 말했다."
https://n.news.naver.com/mnews/article/014/0005423499?sid=105,2025-10-23 11:08:24,IT/과학,LG U+도 서버 해킹 정황 신고.. 통신 3사 모두 뚫린 한 해,LG유플러스 용산 사옥. 뉴스1LG유플러스가 서버 해킹 정황을 사이버 보안 당국에 신고했다. 이로써 올해는 국내 통신 3사가 모두 사이버 침해 피해를 당국에 신고한 해가 됐다.23일 관련 업계 등에 따르면 LG유플러스는 이날 한국인터넷진흥원(KISA)에 서버 해킹 피해와 관련한 신고서를 제출했다.지난 7월 화이트해커로부터 LG유플러스에서 내부자 계정을 관리하는 APPM 서버 해킹이 있었다는 제보를 받은 한국인터넷진흥원(KISA)이 관련 내용을 전달한 지 약 3개월 만이다.화이트해커를 인용한 미국 보안 전문 매체 프랙은 해커 집단이 외주 보안업체 시큐어키를 해킹해 얻은 계정 정보로 LG유플러스 내부망에 침투해 8938대의 서버 정보와 4만2256개의 계정 및 167명의 직원 정보를 빼돌렸다고 전했다.당시 LG유플러스는 자체 점검을 벌인 뒤 8월 사이버 침해 정황이 없다고 과기정통부에 통보한 바 있다. 하지만 이후 LG유플러스가 APPM과 관련되는 서버 OS를 업데이트하거나 관련 서버를 물리적으로 폐기해 흔적을 지우려 했다는 비판이 국정감사에서 나오면서 LG유플러스는 결국 KISA에 관련 신고를 했다.
https://n.news.naver.com/mnews/article/003/0013552775?sid=105,2025-10-23 11:15:51,IT/과학,"LGU+도 KISA에 해킹 정황 신고…""침해사실 발견된 건 아냐""","SKT·KT 이어 LGU+까지…통신3사 모두 사이버 침해 신고LGU+ ""국민적 염려와 오해 해소 차원…조사 적극 협조""[서울=뉴시스]LG유플러스 용산 사옥. (사진=뉴시스DB) *재판매 및 DB 금지[서울=뉴시스]윤현성 기자 = LG유플러스가 한국인터넷진흥원(KISA)에 자사 서버 해킹 정황을 신고했다. SK텔레콤과 KT에 이어 LG유플러스까지 보안 당국에 사이버침해 사고를 신고하면서 국내 이동통신 3사 모두 해킹 정황을 신고하게 됐다.23일 업계에 따르면 LG유플러스는 이날 KISA에 서버 해킹 피해와 관련한 신고서를 제출했다.앞서 과학기술정보통신부와 KISA 등은 지난 7월19일 LG유플러스에 내부자 계정을 관리하는 APPM 서버 해킹이 있었다는 정황을 전달한 바 있다.정황 전달 이후 LG유플러스는 지난 8월 사이버 침해 정황이 없다고 과기정통부에 보고했으나, 이를 뒤집고 신고가 이뤄진 셈이다.지난 21일 진행된 국회 과학기술정보방송통신위원회 정보통신기술(ICT) 분야 산하기관 국정감사에도 홍범식 LG유플러스 대표 또한 KISA에 신고하겠느냐는 질의에 대해 ""그렇게 하겠다""고 밝힌 바 있다.당시 홍 대표는 ""사이버 침해 사실을 확인한 이후에 신고하는 것으로 이해하고 있었는데 여러 혼란과 오해가 발생하고 있어 조금 더 적극적으로 검토할 예정""이라고 설명했다.LG유플러스 측은 이번 신고와 관련해 ""현재까지 조사에서는 침해사실이 발견되지 않았지만, 국민적 염려와 오해를 해소하는 차원에서 국회의 의견에 따라 적극적으로 대응하기 위함이다. 진행되는 조사에도 적극 협조하겠다""고 전했다."
https://n.news.naver.com/mnews/article/421/0008557415?sid=105,2025-10-23 11:18:52,IT/과학,"통신3사 다 뚫렸다…LG유플, 서버 9000대 해킹 정황 신고","국감서 정보 유출·서버 삭제 의혹 지적홍범식 LGU+ 대표, KISA에 후속 조치홍범식 LGU+ 대표가 21일 서울 여의도 국회 과학기술정보방송통신위원회에서 열린 정보통신산업진흥원 등에 대한 국정감사에 출석해 의원 질의에 답변하고 있다. 2025.10.21/뉴스1 ⓒ News1 이승배 기자(서울=뉴스1) 이기범 기자 = LG유플러스(032640)가 해킹 정황이 있음에도 이를 축소하려 했다는 의혹이 일자 결국 당국에 신고 절차를 밟았다. 이로써 이동통신 3사 모두 해킹 피해를 입었거나 공격을 당한 것으로 확인됐다.LG유플러스는 23일 오전 한국인터넷진흥원(KISA)에 해킹 의심 정황을 신고했다고 밝혔다.LG유플러스는 ""이번 신고는 현재까지 조사에서는 침해 사실이 발견되지 않았지만, 국민적 염려와 오해를 해소하는 차원에서 국회의 의견에 따라 적극적으로 대응하기 위함이며, 진행되는 조사에도 적극 협조하겠다""고 설명했다.지난 21일 홍범식 LG유플러스 대표는 국회 과학기술정보방송통신위원회 국정감사에서 해킹 정황이 발생했고, 서버 삭제 의혹도 나오고 있다는 지적이 나오자 KISA 신고 의향을 밝혔다.당시 홍 대표는 ""침해 사실 확인이 된 이후 신고하는 것으로 이해를 하고 있었다""며 ""여러 혼란과 오해가 발생하고 있어 이 부분에 대해 더 적극적으로 검토할 예정""이라고 말했다.앞서 지난 8월 글로벌 해킹 권위지 '프랙 매거진'은 LG유플러스의 8938대의 서버 정보와 4만2526개의 계정 및 167명의 직원 정보가 유출됐다고 발표한 바 있다. 이와 관련해 KISA는 지난 7월 해킹 정황을 확인하고 LG유플러스에 침해 사고 신고를 권유했지만 회사 측은 ""침해 정황이 없다""며 이를 받아들이지 않았다. 다만 과학기술정보통신부의 권유에 따라 현장 조사를 진행 중이다.아울러 LG유플러스는 보고 하루 전인 8월 12일 해킹 의혹이 제기된 '계정 권한 관리 시스템' 서버의 운영체계를 재설치한 것으로 확인돼 서버 폐기 논란이 일었다."
https://n.news.naver.com/mnews/article/138/0002207579?sid=105,2025-10-23 11:22:13,IT/과학,"LGU+ ‘익시젠’, 산업 특화 AI 기술력 입증… NLP 학회서 논문 채택","[디지털데일리 강소현기자] LG유플러스는 자체 개발한 생성형 AI 기술 ‘익시젠(ixi-GEN)’ 관련 논문이 세계 최고 수준의 자연어처리(NLP) 학회인 ‘EMNLP 2025’에 채택됐다고 23일 밝혔다.‘EMNLP(Empirical Methods in Natural Language Processing)’는 국제언어학회(ACL·Association for Computational Linguistics) 산하에서 주관하는 세계 3대 자연어처리 학회 중 하나로 글로벌 빅테크 기업과 주요 연구기관의 최신 AI 연구 성과를 엄격하게 심사해 평가한다.LG유플러스가 제출한 논문은 ‘도메인 특화 학습을 통한 산업 특화 소형 언어모델 고도화(ixi-GEN: Efficient Industrial sLLMs through Domain Adaptive Continual Pretraining)’다. 소형 언어모델(sLLM)의 효율과 품질을 동시에 높이는 새로운 접근법을 제안하는 내용을 골자로 한다.기존 sLLM 모델은 특정 산업 환경에 맞게 학습할 경우 일반 언어에 대한 이해력은 떨어지고 반대로 범용 성능을 유지할 경우 산업 적합도가 낮아지는 한계가 있었다.이에 LG유플러스는 DACP를 통해 산업 데이터와 일반 데이터를 균형 있게 학습하는 방법을 고안했다. 실제 적용 결과 통신·금융 분야에서 기존 모델 대비 성능을 크게 향상, 초거대 AI 모델이 아니더라도 소형 모델로 실제 산업 환경에서 즉시 활용 가능한 품질을 확보할 수 있음을 입증했다.이번 논문 채택은 LG유플러스의 연구가 학문적으로뿐 아니라 산업적으로도 높은 완성도를 인정받았다는 점에서 의미가 크다. 초거대 모델을 직접 운영하기 어려운 기업들도 DACP 기반의 소형 모델을 활용하면 비용과 인프라 부담 없이 산업 맞춤형 AI 서비스를 구현할 수 있을 것으로 예상된다. 특히 데이터가 방대하고 보안이 중요한 통신·금융·교육·제조 등 다양한 산업에서 활용할 수 있을 것으로 기대됐다.향후 LG유플러스는 익시젠 고도화를 위해 다양한 기술을 연구하고 적용해 나갈 방침이다.한영섭 LG유플러스 AI테크Lab장(담당)은 “EMNLP는 전 세계 AI 연구자들이 가장 주목하는 학회 중 하나로 이번 논문 채택은 LG유플러스의 산업형 AI 기술이 세계적으로 학문적 검증을 받았다는 점에서 의미가 크다”며 “앞으로도 산업 현장의 문제를 해결하는 실용적인 AI 연구를 통해 한국형 AI의 경쟁력을 강화하겠다”고 말했다."
https://n.news.naver.com/mnews/article/031/0000974363?sid=105,2025-10-23 11:22:14,IT/과학,"LGU+, KISA에 해킹 정황 신고...해킹 정황 인지 약 3달만","서버 해킹 피해 정황 관련 신고서 제출⋯""조사 적극 협조할 것""LG유플러스가 23일 오전 한국인터넷진흥원(KISA)에 서버 해킹 피해 정황과 관련한 신고서를 제출했다. 지난 7월19일 KISA로부터 해킹 정황을 전달 받은 지 96일 만이다.LG유플러스 용산 사옥. [사진=LGU+]이번 신고는 국회 국정감사에서 지적 이후 이뤄졌다. 지난 21일 과학기술정보방송통신위원회 국정감사에서 이해민 조국혁신당 의원은 홍범식 LG유플러스 대표에게 LG유플러스 사이버 침해 사고 정황 관련 ""KISA에 침해사고 신고를 하겠느냐""고 질의했다. 이에 홍 대표는 ""그렇게 하겠다""고 답했다.LG유플러스는 지난 7월 당국으로부터 고객정보 유출 가능성이 있다는 통보를 받고 자체 조사를 진행해왔다. 그러나 그동안 공식 신고가 이뤄지지 않아 신고 의무 위반 논란이 제기돼 왔다.정보통신망법에 따르면 침해 사고를 인지하고 24시간 이내 신고를 해야 한다. 다만 KISA 관계자는 ""실제 사고가 발생한 건 아니지만 사고로 의심되는 정황이 있거나 하는 경우에도 신고를 받고 있다""며 ""(법 위반 여부 등은) 조금 더 검토가 필요한 사항""이라고 말했다.이번 신고로 LG유플러스 침해사고 정황은 KISA 조사 단계로 넘어가게 된다. KISA는 신고 내용을 검토한 뒤 침해 원인과 경로를 분석하고, 추가 피해 여부와 대응 체계의 적정성을 점검할 예정이다.LG유플러스 관계자는 ""이번 신고는 현재까지 조사에서는 침해사실이 발견되지 않았지만, 국민적 염려와 오해를 해소하는 차원에서 국회의 의견에 따라 적극적으로 대응하기 위함""이라며 ""진행되는 조사에도 적극 협조하겠다""고 말했다."
https://n.news.naver.com/mnews/article/016/0002546215?sid=105,2025-10-23 11:31:15,IT/과학,LGU+ 해킹 정황 신고…“침해 사실 발견 된 건 아냐”,"21일 국회 과학기술정보방송통신위원회에서 열린 정보통신기술(ICT) 분야 산하기관 국정감사에서 홍범식 LGU+ 대표이사가 해킹 사태와 관련한 위원 질의에 답하고 있다. [연합][헤럴드경제=고재우 기자] LG유플러스가 23일 한국인터넷진흥원(KISA) 서버 침해 정황 관련해 신고했다. 국정감사에서 KISA 신고가 필요하다는 여야 의원 지적에 따른 후속 조치다.LG유플러스는 이날 오전 “현재까지 침해 사실이 발견되지 않았지만, KISA에 신고했다”며 “국민적 염려와 오해를 해소하는 차원, 국회의 의견에 따라 적극적으로 대응 등을 위한 것”이라고 밝혔다. 이어 “진행되는 조사에도 적극 협조하겠다”고 덧붙였다.지난 7월 KISA는 화이트해커로부터 LG유플러스 내부자 계정을 관리하는 서버계정권한관리시스템(APPM)이 해킹됐다는 제보를 받고, 해당 사실을 LG유플러스에 알렸다.이에 대해 LG유플러스는 지난 8월 자체 점검 후 과학기술정보통신부(과기정통부)에 “사이버 침해 상황이 없다”고 보고했으나, 올해 국정감사에서 여야를 막론하고 대응이 미흡하다는 비판을 받은 바 있다."
https://n.news.naver.com/mnews/article/138/0002207583?sid=105,2025-10-23 11:40:08,IT/과학,사무실 동료가 AI? LGU+ 일하는 방식 확 달라졌다,"[ⓒLG유플러스][디지털데일리 오병훈기자] LG유플러스가 사내 실무 현장에 인공지능(AI)을 도입해 업무 효율을 높이는데 집중한다.업무 종류별로 다양한 에이전틱 AI를 도입해 업무 자동화를 구축해 능률을 끌어올리겠다는 구상이다. 사내 문서 작업부터 가입자를 대면하는 고객서비스(CS)까지 활용하면서 업무 전반에 대한 인공지능 전환(AX) 작업을 이어가고 있다.◆ 공통업무 자동화부터 AICC까지…“실무 전방위 AI 도입”먼저 LG유플러스는 지난 8월 직원 능률을 올리기 위해 구글의 AI 플랫폼 ‘에이전트스페이스’를 도입했다. 에이전트스페이스는 지난 7월 출시된 플랫폼으로 문서와 메일, 일정 등 흩어진 데이터를 하나로 연결해 효율성을 높이는 구글 차세대 업무 포털이다.에이전트스페이스는 현재 사내 직원 중 약 200여명이 실제 업무에 활용하고 있다. 연내 전사 임직원을 대상으로 공통 업무 자동화 및 고객응대, 네트워크 운영 등 다양한 업무에 확대 적용해 능률을 올리는데 활용할 예정이다.가입자를 직접 마주하는 홈 서비스 설치 및 사후서비스(A/S) 현장에도 AI가 도입됐다. 현장에 도입한 AI 솔루션 ‘홈 서비스 AI 업무 비서(AI 비서)’는 LG유플러스 통신 특화 소형언어모델 익시젠(ixi-Gen)을 기반으로 개발됐다. LG유플러스 홈 서비스만의 기술 및 상품 관련 정보가 400건 이상 학습돼 있다. 현장 작업자는 AI 비서를 기반으로 각종 표준화된 정보를 빠르게 확인할 수 있다.기존에는 홈 서비스 현장에서 다양한 환경에 따른 장애가 발생했을 때 각 사례별 최적 조치 방법을 찾기 위해 상당한 시간이 소요됐다. 홈 서비스 AI 업무 비서를 활용하면 문제에 대한 해결 방법을 즉시 확인하고 전문적인 매뉴얼대로 응대할 수 있다.특히 상황에 따라 가입자 문의 유형이 다양한 현장에서 AI 업무 비서로 가이드를 확인하고 처리할 수 있다. AI 업무 비서는 지난 7월 도입 이후 현장에서 일평균 2800건 이상 활용되고 있다는 것이 LG유플러스 측 설명이다.아울러 가입자 대상 통화 상담 과정에도 AI가 적극 활용된다. AI 콘택트센터(AICC)에 도입된 AI상담어드바이저는 LG유플러스 고객센터를 통해 쌓은 연간 1800만여건 상담 데이터를 바탕으로 학습을 진행했다. AI상담어드바이저는 AI 상담 통화 음성을 사운드 투 텍스트(STT) 기술을 통해 텍스트로 전환하고 이를 학습해 가장 적절한 상담 메뉴얼과 정보를 상담 직원에게 전달해준다.상담 정확성이 요구되는 만큼 외부 데이터를 추가로 공급 받아 학습하는 검색증강생성(RAG) 기능도 탑재돼 상담 품질을 높이는데 집중했다.◆ AI 활용 아이디어 발굴 집중…AI체질 통신사 만든다LG유플러스는 각종 기술 도입 뿐 아니라 사내 AI 활용 문화 확산에도 힘을 쏟는다. 다양한 AI 기술이 준비돼 있더라도 결과적으로 이를 업무에 적절히 활용하기 위해서는 사람의 아이디어가 동원돼야 한다. 이에 LG유플러스는 AI를 활용한 업무 효율 강화책을 임직원들이 직접 발굴할 수 있도록 관련 행사를 선보이고 있다.LG유플러스는 지난달 28일 사내 AI전환(AX) 문화 확산을 위한 ‘2025 AXtival’를 진행했다고 밝혔다. 이번 행사에서는 직원들이 직접 AI를 기반으로 실무에서 활용 가능한 시스템을 기획·개발하는 해커톤 경진대회를 포함해 AI 강연 및 체험 부스도 함께 운영했다.경진대회는 ‘업무 생산성을 높이는 AI 툴 개발’을 주제로 주제로 1박2일간 진행됐다. 그 결과 ‘비개발자용 웹페이지 제작 및 배포 시스템’과 ‘개인별 직무 경험 체계화를 통한 인력배치 및 맞춤형 육성 시스템’ 등을 개발한 팀이 공동 최우수상을 받았다. 두 시스템 모두 업무 생산성을 높이고 실무에서 즉각 활용할 수 있다는 평가를 받았다. LG유플러스는 수상작을 실제로 사내에 적용시키는 것을 목표로 고도화한다는 방침이다.김영주 LG유플러스 AX인재개발담당은 “AXtival과 같은 사내 행사를 통해 임직원들의 AX 아이디어를 확인할 수 있었다”며 “앞으로도 사내에 AX 문화를 확산시키고 AI 전문가를 양성하도록 다양한 교육 프로그램을 마련하겠다”고 강조했다."
https://n.news.naver.com/mnews/article/016/0002546258?sid=105,2025-10-23 11:40:13,IT/과학,"LGU+ ‘익시젠’, 세계 최고 권위 AI 학회서 인정","소형언어모델 효율·품질 향상통신·금융 등 현장 적용 검증자연어처리(NLP) 학회 ‘EMNLP 2025’에 채택된 생성형 AI 기술 ‘익시젠(ixi-GEN)’ 관련 논문 집필에 참여한 LG유플러스 구성원들 [LG유플러스 제공]LG유플러스는 자체 개발한 생성형 인공지능(AI) 기술 ‘익시젠(ixi-GEN)’ 관련 논문이 세계 최고 수준의 자연어처리(NLP) 학회인 ‘EMNLP 2025’에서 채택됐다고 23일 밝혔다.‘EMNLP’는 국제언어학회(ACL) 산하에서 주관하는 세계 3대 자연어처리 학회 중 하나다. 글로벌 빅테크 기업과 주요 연구기관의 최신 AI 연구 성과를 엄격하게 심사해 평가하는 곳이다.LG유플러스가 제출한 논문은 ‘익시젠: 도메인 특화 학습을 통한 산업 특화 소형 언어모델 고도화’다. 이를 통해 LG유플러스는 소형 언어모델(sLLM)의 효율과 품질을 동시에 높이는 새로운 접근법을 제안했다. 산업 데이터를 지속적으로 학습하면서도, 범용 언어 능력을 유지할 수 있는 ‘도메인 특화 학습(DACP)’ 기법을 통해서다.구체적으로 LG유플러스는 DACP를 통해 산업 데이터와 일반 데이터를 균형 있게 학습하는 방법을 고안했다. 실제 적용 결과, 통신·금융 분야에서 기존 모델 대비 성능을 크게 향상됐다. 초거대 AI 모델이 아니더라도 소형 모델로 실제 산업 환경에서 즉시 활용 가능한 품질을 확보할 수 있음을 입증했다.LG유플러스는 해당 연구가 학문적으로 뿐만 아니라 산업적으로도 높은 완성도를 인정받았다는 점에서 의미가 있다고 자평했다. 이를 통해 초거대 모델을 직접 운영하기 어려운 기업들도 DACP 기반의 소형 모델을 활용 시, 비용과 인프라 부담 없이 산업 맞춤형 AI 서비스를 구현할 수 있을 것으로 예상된다. 특히 데이터가 방대하고 보안이 중요한 통신, 금융, 교육, 제조 등 다양한 산업에서 활용할 수 있을 것으로 기대된다.앞서 LG유플러스는 자체 개발한 sLLM인 ‘익시젠’의 성능을 고도화하고 검증하기 위해 노력해 왔다.향후 LG유플러스는 익시젠 고도화를 위한 다양한 기술을 연구할 방침이다.한영섭 LG유플러스 AI테크랩장은 “이번 논문 채택은 LG유플러스의 산업형 AI 기술이 세계적으로 검증을 받았다는 점에서 의미가 크다”며 “앞으로도 산업 현장의 문제를 해결하는 실용적인 AI 연구를 통해 한국형 AI의 경쟁력을 강화하겠다”고 말했다.고재우 기자"
https://n.news.naver.com/mnews/article/092/0002395104?sid=105,2025-10-23 11:54:14,IT/과학,"LGU+, KISA에 해킹 의심정황 신고",LG유플러스가 한국인터넷진흥원(KISA)에 서버 해킹 정황을 신고했다. SK텔레콤과 KT에 이어 올해 들어 통신업계가 모두 해킹 정황을 신고한 해로 남게 됐다.23일 LG유플러스 등에 따르면 이날 KISA에 해킹 의심 정황을 신고했다.회사 관계자는 “현재 침해 사실이 발견되지 않았지만 국민적 염려와 오해를 해소하는 차원에서 국회의 의견에 따라 적극적으로 대응하기 위한 것”이라며 “조사에 적극 협조하겠다”고 말했다.앞서 홍범식 사장이 국회 국정감사에 출석해 해킹 정황을 묻는 과방위원들의 질의에 여러 혼란과 오해가 발생하고 있다며 “KISA에 신고하겠다”고 답했다.
https://n.news.naver.com/mnews/article/421/0008557598?sid=105,2025-10-23 12:35:18,IT/과학,"""저희는 안전하다""더니…다 뚫린 이동통신 3사","무단 소액결제에 서버 정보 탈취까지…SKT·KT·LGU+ 모두 정부 조사정부, 정보보호 종합 대책 발표…통신3사 불시 점검·신고 없이 조사김영섭 KT 대표(왼쪽부터), 유영상 SK텔레콤 대표, 홍범식 LG유플러스 대표가 21일 서울 여의도 국회 과학기술정보방송통신위원회에서 열린 정보통신산업진흥원 등에 대한 국정감사에서 의원 질의에 답변하고 있다. 2025.10.21/뉴스1 ⓒ News1 신웅수 기자(서울=뉴스1) 이기범 기자 = 유심 해킹부터 무단 소액결제, 서버 정보 탈취까지. 이동통신 3사가 모두 해킹 이슈에 휘말렸다. ""저희는 안전하다""던 문구가 무색했다. LG유플러스(032640)까지 해킹 정황을 당국에 신고하면서 이통 3사 모두 정부 조사를 받게 됐다.각종 의혹에 당국 신고 절차 LGU+…""침해 사실 발견되지 않았다""LG유플러스는 23일 오전 한국인터넷진흥원(KISA)에 해킹 의심 정황을 신고했다고 밝혔다.LG유플러스는 ""이번 신고는 현재까지 조사에서는 침해 사실이 발견되지 않았지만, 국민적 염려와 오해를 해소하는 차원에서 국회의 의견에 따라 적극적으로 대응하기 위함이며, 진행되는 조사에도 적극 협조하겠다""고 설명했다.지난 21일 홍범식 LG유플러스 대표는 국회 과학기술정보방송통신위원회 국정감사에서 해킹 정황이 발생했고, 서버 삭제 의혹도 나오고 있다는 지적이 나오자 KISA 신고 의향을 밝혔다.앞서 지난 8월 글로벌 해킹 권위지 '프랙 매거진'은 LG유플러스의 8938대의 서버 정보와 4만 2526개의 계정 및 167명의 직원 정보가 유출됐다고 발표한 바 있다. 이와 관련해 KISA는 지난 7월 해킹 정황을 확인하고 LG유플러스에 침해 사고 신고를 권유했지만 회사 측은 ""침해 정황이 없다""며 이를 받아들이지 않았다. 다만 과학기술정보통신부의 권유에 따라 현장 조사를 진행 중이다.아울러 LG유플러스는 보고 하루 전인 8월 12일 해킹 의혹이 제기된 '계정 권한 관리 시스템'(APPM) 서버의 운영체계를 재설치한 것으로 확인돼 서버 폐기 논란이 일었다. 또한, 지난 7월 31일에는 계정 관리 서버 1대를 물리적으로 폐기한 사실이 뒤늦게 알려져 논란이 증폭됐다. LG유플러스는 1년 전부터 계획된 폐기였으며, 문제가 된 APPM 서버와 관련 없는 서버였다고 해명했다.서울의 한 휴대폰 판매 대리점의 모습. 2024.9.6/뉴스1 ⓒ News1 이재명 기자SKT 유심 해킹부터 KT 소액결제 사태까지…칼 빼든 정부통신사들의 연이은 해킹 사태는 지난 4월 SK텔레콤(017670)의 유심 정보 유출 사고로 시작됐다. 이로 인한 직접적인 피해는 신고되지 않았지만 2696만 건에 달하는 고객 개인정보가 유출됐으며, 정부 민관합동조사단 조사 결과 계정정보 관리 부실, 주요 정보 암호화 조치 미흡 등이 지적됐다. 개인정보보호위원회는 SK텔레콤에 안전조치 의무 위반 및 유출 통지 위반으로 과징금 1347억 9100만 원, 과태료 960만 원을 부과했다.SK텔레콤은 정부 최종 조사 결과가 나오자 전 고객 대상 8월 통신 요금 50% 감면 등 5000억 원대 고객 보상안과 7000억 원 규모의 정보보호 혁신안을 발표했다. 위약금을 면제하라는 정부의 판단도 수용했다.KT(030200)에서는 무단 소액결제 사건이 발생했다. 지난 9월부터 알려진 소액결제 사태로 현재까지 총 368명이 피해를 입은 것으로 집계됐다. 총 피해금액은 약 2억 4000만 원으로, 무단 결제 건수는 총 777건으로 파악됐다. 불법 초소형 기지국(펨토셀)이 주요 범행 도구로 지목된 가운데, 불법 펨토셀 ID는 총 20개가 확인됐다. 해당 펨토셀 ID 접속돼 개인정보 유출 정황이 있는 고객은 총 2만 2227명으로 집계됐다.무단 소액결제 과정에 필요한 이름, 생년월일 등 개인정보 유출 경위가 아직 밝혀 지지 않았고, 서버 침해 정황까지 있어 피해 규모가 확대될 가능성도 있다. 아직 사건 전모가 드러나지 않았지만 KT의 펨토셀 관리 부실 문제가 주요 원인으로 꼽히고 있다.이처럼 해킹 문제가 갈수록 커지자 정부는 칼을 빼 들었다. 정부는 지난 22일 '범부처 정보보호 종합 대책'을 발표했다. 공공·금융·통신 등 국민 대다수가 이용하는 1600여 개 정보기술(IT) 시스템을 대상으로 보안 취약점 점검을 추진하고, 이동통신 3사 대상으론 실제 해킹에 준하는 강도 높은 불시 점검을 하겠다는 게 골자다.기업의 침해 정황만 확인되면 정부가 먼저 현장 조사를 할 수 있도록 권한도 확대한다. 기존에는 정보통신망법상 기업의 자발적 신고가 있어야 조사가 가능했다. 아울러 해킹 지연 신고, 재발 방지책 미이행, 개인·신용 정보 반복 유출 등을 저지른 기업에는 제재 수위를 높인다. 과태료·과징금 상향, 이행강제금 및 징벌적 과징금 도입 등이 예정됐다."
https://n.news.naver.com/mnews/article/640/0000078736?sid=102,2025-10-23 12:36:37,사회,"After months of denial, LG U+ finally admits security leak to authorities","LG U+ CEO Hong Bum-shik answers lawmakers’ questions about a possible hack of the mobile carrier during a parliamentary audit of ICT-related agencies at the National Assembly building in western Seoul on Oct. 21. [NEWS1]LG U+ reported a server hacking incident to cybersecurity authorities on Thursday, according to industry insiders, following months of controversy over alleged data leaks at the mobile carrier.The company submitted a report to the Korea internet & Security Agency (KISA) detailing the breach, according to insiders in the telecommunications industry.In August, global hacking e-zine Phrack claimed that information from 8,938 LG U+ servers, along with 42,526 user accounts and data on 167 employees, had been leaked.KISA reportedly detected signs of a hack in July and urged LG U+ to file a formal report. The company initially declined, saying there was “no evidence of a leak.”However, an on-site investigation is now underway at the recommendation of the Ministry of Science and ICT.During a recent parliamentary audit, lawmakers criticized LG U+ for allegedly deleting evidence after receiving notice of a possible hack from the authorities. The company allegedly updated or physically removed servers linked to its account access management system (APPM) to erase traces of the breach.At the Tuesday audit, LG U+ CEO Hong Bum-shik told lawmakers that the company would report the hacking incident to the authorities.“We understood that the report should be filed after confirming a cyber intrusion,” he said. “Given the confusion and misunderstanding that have arisen, we plan to take a more proactive approach.”Hong added that the company would “follow the procedures set by the National Assembly and the Ministry of Science and ICT.”This article was originally written in Korean and translated by a bilingual reporter with the help of generative AI tools. It was then edited by a native English-speaking editor. All AI-assisted translations are reviewed and refined by our newsroom."
https://n.news.naver.com/mnews/article/629/0000436597?sid=105,2025-10-23 12:54:12,IT/과학,통신 3사 다 뚫렸나…LGU+까지 정부에 해킹 정황 신고,"7월 해킹 정황 발생 후 3개월 만에 신고국감서 서버 폐기 의혹 제기…통신보안 신뢰 흔들LG유플러스가 KISA에 서버 해킹 정황을 신고했다. /더팩트 DBSK텔레콤과 KT에 이어 LG유플러스도 보안 당국에 서버 해킹 정황을 신고했다. 이로써 올해 국내 이동통신 3사의 사이버침해 사고가 모두 공식화됐다.23일 통신업계에 따르면 LG유플러스는 이날 한국인터넷진흥원(KISA)에 서버 해킹 피해와 관련한 신고서를 제출했다. 지난 7월 KISA가 LG유플러스의 내부자 계정을 관리하는 APPM 서버 해킹 정황을 전달한 지 3개월 만이다.당시 KISA는 화이트해커의 제보를 바탕으로 해커 집단이 외주 보안업체 시큐어키를 해킹해 LG유플러스 내부망에 침투, 약 8938대의 서버 정보와 4만2256개의 계정, 167명의 직원 정보를 탈취한 것으로 추정된다는 내용을 공유했다.이에 대해 LG유플러스는 자체 점검 결과를 근거로 8월 과학기술정보통신부에 ""침해 정황이 없다""고 보고했지만 이번 신고로 입장을 바꾸게 됐다.국회 과학기술정보방송통신위원회 국정감사에서는 LG유플러스가 APPM 관련 서버의 운영체제를 업데이트하거나 물리적으로 폐기해 해킹 흔적을 없애려 했다는 의혹도 제기됐다. 지난 21일 국정감사에서 홍범식 LG유플러스 대표는 ""사이버 침해 사실을 확인한 이후 신고하는 것으로 이해하고 있었으나, 혼란이 발생하고 있어 보다 적극적으로 검토하겠다""고 답했다. 홍 대표는 KISA에 신고하겠느냐는 의원 질의에 ""그렇게 하겠다""고도 약속했다.LG유플러스 측은 이번 신고에 대해 ""지난 국정감사에서 제기된 국회 의견을 반영해 대응하기로 한 것""이라며 ""진행 중인 조사에도 성실히 협조하겠다""고 밝혔다.발로 뛰는 더팩트는 24시간 여러분의 제보를 기다립니다.▶카카오톡: '더팩트제보' 검색▶이메일: jebo@tf.co.kr▶뉴스 홈페이지: http://talk.tf.co.kr/bbs/report/write"
https://n.news.naver.com/mnews/article/117/0004000841?sid=105,2025-10-23 13:06:09,IT/과학,"LG유플러스, 해킹 정황 결국 신고…통신 3사 모두 ‘침해 사고’ 신고","LGU+, 3개월 만에 KISA에 서버 해킹 신고… 내부망 침입 정황올해 통신 3사 모두 침해 피해 인정해… 정부, 대대적 점검 예고LG유플러스. /뉴시스[마이데일리 = 박성규 기자] LG유플러스가 서버 해킹 정황을 사이버 보안 당국에 신고하면서, 올해 들어 국내 통신 3사가 모두 사이버 침해 피해를 공식 신고한 사례가 됐다. 통신망과 개인정보를 동시에 다루는 주요 기간산업 전반의 보안 불안이 현실화했다는 지적이 나온다.23일 통신업계와 정부 관계자에 따르면 LG유플러스는 이날 한국인터넷진흥원(KISA)에 내부 서버 해킹 정황과 관련한 피해 신고서를 제출했다. 지난 7월 화이트해커로부터 APPM(계정 권한 관리 시스템) 서버 해킹 가능성을 통보받은 지 약 3개월 만이다.화이트해커의 제보를 인용한 미국 보안 전문지 ‘프랙’은 당시 “해커 조직이 외주 보안업체 시큐어키를 침입해 확보한 계정 정보를 이용, LG유플러스 내부망에 접근했다”고 보도했다. 해당 조직은 총 8938대의 서버 정보, 4만2256개의 계정, 167명의 직원 정보를 탈취한 것으로 알려졌다.문제는 LG유플러스가 이 사실을 인지하고도 초기 대응이 늦었다는 점이다. 회사는 지난 8월 자체 점검 결과를 바탕으로 “침해 정황이 없다”고 과학기술정보통신부에 보고했지만, 이후 정부 조사와 국정감사 과정에서 OS(운영체제) 재설치와 서버 교체 등으로 증거가 일부 훼손된 정황이 드러났다. 일각에서는 “당시 조사가 아니라 은폐 시도에 가까웠다”는 비판도 나왔다.이로써 통신 3사 모두 해킹 피해를 신고한 셈이 됐다. SK텔레콤은 지난 8월 외부 침입 정황을, KT는 9월 무단 소액결제 해킹 및 개인정보 유출 사건을 신고했다. LG유플러스까지 해킹 사실을 인정하면서 정부는 통신망 보안체계 전반에 대한 불시 점검과 제도 개편에 나설 예정이다.정보보안업계 관계자는 “이번 사건은 통신 3사의 보안시스템이 한계에 다다랐다는 신호”라며 “국민 개인정보와 기업 인프라를 보호하기 위해 통신사별 보안투자 확대와 정부의 실효성 있는 관리체계가 필요하다”고 지적했다.정부 관계자는 “LG유플러스의 신고 내용을 토대로 추가 피해 규모를 파악 중이며, 과기정통부와 KISA가 합동 조사를 실시할 계획”이라며 “유사 사고 재발을 막기 위해 통신사 보안실태를 전면 점검하겠다”고 밝혔다."
https://n.news.naver.com/mnews/article/018/0006144900?sid=105,2025-10-23 13:08:10,IT/과학,"LGU+, “신고하겠다” 답변 이틀 만에 KISA 공식 신고…국감 지적에 입장 선회","[이데일리 김현아 기자] 국감에서 내부 시스템 해킹 의혹을 지적받은 LG유플러스(032640)가 이틀 만에 한국인터넷진흥원(KISA)에 침해 정황을 공식 신고했다.국회 과학기술정보방송통신위원회 소속 이해민 의원(조국혁신당)은 지난 21일 국정감사에서 LGU+의 내부자 계정 관리 시스템(APPM 서버)이 해킹됐을 가능성을 제기하며, 해당 사실을 은폐한 정황이 있다고 질의했다.당시 질의 과정에서 홍범식 LGU+ 대표는 “KISA에 신고하겠다”고 답변했다. 이후 LGU+는 23일 오전 KISA에 관련 내용을 공식 신고한 것으로 확인됐다.앞서 LGU+는 “정보 유출은 있었으나 침해 정황은 없다”는 입장을 유지하며 신고를 미루던 상황이었다.이해민 의원(조국혁신당)이 의원은 질의에서 “비밀번호를 소스코드에 그대로 노출한 것은 금고 비밀번호를 종이에 적어 붙여놓은 것과 같다”며 보안 관리의 기본 원칙조차 지키지 않았다고 비판했다.또한 ▲유출된 정보 범위 ▲서버 재설치 사유가 된 취약점 내용 ▲침해 대응 매뉴얼 유무 ▲로그 삭제 등 은폐 가능성 등을 조목조목 지적했다.LGU+의 신고가 접수됨에 따라 과학기술정보통신부는 ‘정보통신망법’ 제48조의4에 따라 민관합동조사단을 구성하고 공식 조사를 개시할 수 있게 됐다.이 의원은 “과기정통부 역시 사업자의 자체 조사 결과만 인용하며 소극적으로 대응해왔다”며 정부 책임도 함께 지적했다. 이어 “늦었지만 LGU+가 신고에 나선 것은 다행”이라며 “국민 신뢰 회복을 위해 투명한 조사 참여와 보안 투자 확대가 필요하다”고 말했다.한편 이 의원은 향후 유사 사례 재발을 막기 위해 ‘유플러스 방지법’(가칭)을 발의할 계획이라고 밝혔다."
https://n.news.naver.com/mnews/article/138/0002207593?sid=105,2025-10-23 13:17:07,IT/과학,통신3사 보안 빨간불…LGU+도 KISA에 서버 해킹 정황 신고,"[ⓒLG유플러스][디지털데일리 강소현기자] LG유플러스가 해킹 정황이 있으나 이를 은폐하려 했다는 의혹이 일자 23일 당국에 신고했다.LG유플러스는 이날 오전 한국인터넷진흥원(KISA)에 해킹 의심 정황을 신고했다고 밝혔다. LG유플러스 관계자는 ""이번 신고는 현재까지 조사에서는 침해 사실이 발견되지 않았지만 국민적 염려와 오해를 해소하는 차원에서 국회의 의견에 따라 적극적으로 대응하기 위함""이라며 진행되는 조사에도 적극 협조하겠다""고 설명했다.홍범식 LG유플러스 사장은 앞서 지난 21일 국회 과학기술정보방송통신위원회(과방위)가 진행한 국감에서 해킹 정황이 발생했고 서버 삭제 의혹도 나오고 있다는 지적이 나오자 KISA 신고 의향을 밝혔다.당시 홍 대표는 ""침해 사실 확인이 된 이후 신고하는 것으로 이해를 하고 있었다""며 ""여러 혼란과 오해가 발생하고 있어 이 부분에 대해 더 적극적으로 검토할 예정""이라고 말했다.LG유플러스는 계정가권한관리시스템(APPM) 시스템이 해킹됐다는 의혹을 받는다. 이는 미국 보안전문지 프랙이 처음 제기한 것으로, 유출된 것으로 지목된 자료에는 서버 목록(서버명·IP 등) 약 8000여대, 계정 약 4만여건, 직원·협력사 167명의 실명·ID 등이 포함된 것으로 알려졌다.APPM은 최고 권한 계정(Privileged Account)의 패스워드를 주기적으로 변경·관리·통제 기능을 제공하는 시스템으로, 해커에 뚫리는 경우 원격 권한탈취·내부망 침투도 가능한 구조다.특히 LG유플러스의 APPM 시스템에선 치명적인 보안 취약점이 다수 확인됐다. 이해민 의원(조국혁신당)에 따르면 모바일 접속 시 2차 인증 단계에서 특정 숫자 입력과 메모리값 변조만으로 접근 가능했고 관리자 페이지에서도 별도 인증 없이 백도어에 접근 가능했다.LG유플러스가 해당 시스템을 재설치한 것을 두고 의도적 폐기했다는 의혹도 제기됐다. 프랙에서 의혹을 제기한 직후 시스템 개발사이자 협력사인 시큐어키는 자체적으로 KISA 등 관계기관에 유출 사실을 신고했으나 LG유플러스는 “침해 정황 없음”이라며 정식 신고를 하지 않은 상황이다.이로써 이동통신 3사 모두 해킹 피해를 입었거나 공격을 당한 것으로 확인됐다. 지난 4월 SK텔레콤에서 사이버침해사고가 발생한 데 이어 KT 고객 대상 소액결제 범죄가 발생했다."
https://n.news.naver.com/mnews/article/057/0001914734?sid=102,2025-10-23 13:51:24,사회,LG유플러스도 해킹 정황 신고…통신3사 모두 뚫렸나,"KT·SKT 이어 LGU+까지…통신사 보안 공백 논란LG유플러스 / 사진=연합뉴스LG유플러스[032640]가 서버 해킹 정황을 사이버 보안 당국에 신고했습니다. 이로써 올해는 국내 통신 3사가 모두 사이버 침해 피해를 당국에 공식 신고한 해가 됐습니다.오늘(23일) 통신업계에 따르면 LG유플러스는 오늘 한국인터넷진흥원(KISA)에 서버 해킹 피해와 관련한 신고서를 제출했습니다.지난 7월 화이트해커로부터 LG유플러스에서 내부자 계정을 관리하는 APPM 서버 해킹이 있었다는 제보를 받은 한국인터넷진흥원(KISA)이 관련 내용을 전달한 지 약 3개월 만입니다.화이트해커를 인용한 미국 보안 전문 매체 프랙(Frack)은 해커 집단이 외주 보안업체 시큐어키를 해킹해 얻은 계정 정보로 LG유플러스 내부망에 침투해 8천938대의 서버 정보와 4만2천256개의 계정 및 167명의 직원 정보를 빼돌렸다고 보도했습니다.LG유플러스는 당시 자체 점검을 실시한 뒤, 8월 과학기술정보통신부에 ""사이버 침해 정황이 없다""고 보고한 바 있습니다.그러나 이후 국정감사 과정에서, 회사가 당국으로부터 해킹 정황을 통보받은 뒤 APPM 관련 서버의 운영체제(OS)를 업데이트하거나 물리적으로 폐기해 흔적을 지우려 했다는 의혹이 제기돼 논란이 일었습니다.LG유플러스 측은 ""이번 신고는 현재까지 조사에서는 침해 사실이 발견되지 않았지만, 국민적 염려와 오해를 해소하는 차원에서 국회의 의견에 따라 적극적으로 대응하기 위함이며, 진행되는 조사에도 적극 협조하겠다""고 밝혔습니다."
https://n.news.naver.com/mnews/article/421/0008557923?sid=105,2025-10-23 13:57:42,IT/과학,"LGU+, 서버 폐기 논란에 ""시스템 재구축""","(서울=뉴스1) 안은나 기자 = LG유플러스가 계정 관리 서버 1대 폐기 논란에 대해 시스템 재구축에 따른 조치일 뿐 해킹 등과 무관하다고 밝혔다. 해킹 정황이 있음에도 이를 축소하려 했다는 의혹에 대해서는 ""한국인터넷진흥원(KISA)에 신고하겠다""는 입장을 밝혔다. 사진은 23일 서울 LG유플러스 용산 사옥. 2025.10.23/뉴스1"
https://n.news.naver.com/mnews/article/008/0005267192?sid=105,2025-10-23 14:17:27,IT/과학,"서버 9000대 해킹 의혹…LGU+, 국감 지적에 뒤늦게 신고","""국민 오해 해소 차원""/사진=뉴스1LG유플러스가 한국인터넷진흥원(KISA)에 해킹 정황을 신고했다. 그동안 LG유플러스는 미국 보안전문지 '프랙'(Phrack)이 제기한 서버 해킹 의혹에 대해 ""침해 사실이 없다""고 일관했으나, 국정감사에서 질타가 이어지자 신고한 것으로 풀이된다.23일 국회 과학기술정보방송통신위원회 소속 최수진 의원실이 KISA에서 받은 자료에 따르면 LG유플러스는 이날 오전 10시30분께 정보통신기반시설 외 침해사고를 접수했다. KISA에 침해사고 피해 지원과 후속조치를 모두 요청하는 '기술지원 요청'에도 동의했다.다만 LG유플러스는 '침해사고의 발생 여부는 확인되지 않음'이라고 접수했다.사고 내용에 대해서도 ""제3자가 온라인 상 공개한 자료에 당사의 내부 데이터가 포함되게 된 경위와 관련해, 당사에 침해사고가 발생했는지에 대해 당국의 조사가 이미 진행 중""이라며 ""조사에 응하며 사안 규명을 위해 노력하고 있으나 국회 지적에 따라 국민적 염려와 오해를 해소하고 적극적으로 대응하기 위해 신고함""이라고 설명했다.LG유플러스는 프랙 보고서에 나온 비밀번호는 폐기·변경을 완료했고 △관련 솔루션의 취약점 점검 및 개선 △침해여부 및 악성코드 점검 등을 수행하고 있다고 밝혔다 .앞서 프랙은 해커 집단이 외주 보안업체 시큐어키를 해킹해 얻은 계정 정보로 LG유플러스 내부망에 침투, 8938대의 서버 정보와 4만2256개의 계정 및 167명의 직원 정보를 빼돌렸다고 보도했다. 이에 대해 시큐이키는 KISA에 해킹을 자진 신고한 반면, LG유플러스는 자체 조사 결과 해킹 흔적이 없다고 부인해왔다.최수진 의원은 "" 국내 기업들이 해킹을 당하고도 신고와 대응을 적극적으로 하지 않아 국민적인 피해가 커지는 일들이 반복되고 있다""며 ""과학기술정보통신부는 지난 8월부터 관련 조사에 들어갔지만, 해킹의 원인과 문제점을 밝혀내지 못하고 있는만큼 조사 강화를 통해 적극적인 대응이 필요하다""고 말했다."
https://n.news.naver.com/mnews/article/009/0005577779?sid=102,2025-10-23 14:29:07,사회,[단독] “국민연금 역시 빼먹을게 많네”…해킹공격 하루평균 200건,"올들어 해킹시도 5만여건…2년새 6배국민연금공단 보안체계 개선·강화 시급재산·계좌·소득 등 노출땐 피해 눈덩이해킹 이미지가입자 수가 2000만명을 넘는 국민연금에 대한 해킹 공격이 급증하고 있는 것으로 나타났다. 최근 2년 새 탐지 건수가 6배 이상 폭증했다. 국민 절반의 개인 정보와 노후자금이 한순간에 무너질 수 있다는 우려가 나오는 이유다.23일 국회 보건복지위원회 소속 이주영 개혁신당 의원실이 국민연금공단으로부터 제출받은 자료에 따르면 올해 1월부터 8월까지 탐지된 해킹시도는 총 5만940건으로 집계됐다. 지난해 3만8574건, 2023년 8511건과 비교하면 2년 만에 6배 가까이 늘어난 수치다. 공격 빈도가 눈덩이처럼 불어나는 가운데 보안 체계 강화가 시급하다는 지적이 나온다.올해 들어 해킹 유형별로는 웹해킹 2만7060건(53%), 정보수집 2만3310건(46%)이 대부분을 차지했다. 두 유형을 합치면 전체의 98%를 넘는다. 정보유출 시도도 23건에 달했고, 서비스거부(DDoS) 공격은 346건으로 나타났다. 단순 침입시도나 비정상 통신 등도 일부 탐지됐다.이 의원은 “최근 SK텔레콤의 고객정보 유출 사건, KT 불법 펨토셀을 이용한 소액결제 해킹, 그리고 LG U+까지 정보 침해 정황이 공식 신고되는 등 불법 해킹이 전염병처럼 거대 통신 3사를 휩쓸고 있다”며 “공공기관도 더 이상 안전지대가 아닌 만큼, 국민연금공단이 다루는 방대한 가입자 정보와 자산 데이터 관리에 대해 해킹으로부터 단순히 방어하는 수준을 넘어 선제적·지능형 대응이 가능한 보안체계를 구축해야 한다”고 강조했다.앞서 공단은 지난해 12월과 올해 11월 통합보안관제시스템 정책을 고도화해 탐지정책을 강화했다고 설명했다. 이 과정에서 보안장비 정책을 조정하면서 탐지건수가 증가한 측면도 있다는 것이 공단의 해명이다. 하지만 전문가들은 단순한 ‘탐지 증가’로만 볼 수 없다고 지적한다. 최근 국내 주요 기관과 기업 전반에서 해킹 시도가 기하급수적으로 늘고 있기 때문이다.공단이 관리하는 개인정보에는 주민등록번호를 비롯해 월 소득액, 휴대전화·집전화 번호, 주소, 개인 계좌번호, 세대 구성원, 과세소득 내역 등이 포함된다. 사실상 한 번의 침해로 개인의 재정·가족 정보가 통째로 노출될 수 있는 만큼, 피해 규모는 상상하기 어렵다. 정보 보유 규모로만 따지면 ‘국가급 해킹 표적’이라는 평가도 나온다."
https://n.news.naver.com/mnews/article/014/0005423650?sid=105,2025-10-23 14:29:14,IT/과학,"LG U+ 익시젠 논문, 최고 권위 AI 학회 채택","이번 논문 집필에 참여한 LG유플러스 구성원들. LG유플러스 제공LG유플러스는 자체 개발한 생성형 AI 기술 ‘익시젠(ixi-GEN)’ 관련 논문이 세계 최고 수준의 자연어처리(NLP) 학회인 ‘EMNLP 2025’에 채택됐다고 23일 밝혔다.‘EMNLP(Empirical Methods in Natural Language Processing)’는 국제언어학회(ACL) 산하에서 주관하는 세계 3대 자연어처리 학회 중 하나로, 글로벌 빅테크 기업과 주요 연구기관의 최신 AI 연구 성과를 엄격하게 심사해 평가한다.LG유플러스가 제출한 논문은 ‘도메익 특화 학습을 통한 산업 특화 소형 언어모델 고도화(ixi-GEN: Efficient Industrial sLLMs through Domain Adaptive Continual Pretraining)'로, 소형언어모델(sLLM)의 효율과 품질을 동시에 높이는 새로운 접근법을 제안했다. 산업 데이터를 지속적으로 학습하면서도 범용 언어 능력을 유지할 수 있는 ‘도메인 특화 학습(DACP)’ 기법을 활용한 것이 좋은 평가를 받은 것으로 분석된다.기존 sLLM 모델은 특정 산업 환경에 맞게 학습할 경우 일반 언어에 대한 이해력은 떨어지고 반대로 범용 성능을 유지할 경우 산업 적합도가 낮아지는 한계가 있었다. 이에 LG유플러스는 DACP를 통해 산업 데이터와 일반 데이터를 균형 있게 학습하는 방법을 고안했다. 실제 적용 결과 통신·금융 분야에서 기존 모델 대비 성능을 크게 향상해 초거대 AI 모델이 아니더라도 소형 모델로 실제 산업 환경에서 즉시 활용 가능한 품질을 확보할 수 있음을 입증했다.이번 논문 채택은 LG유플러스의 연구가 학문적으로뿐 아니라 산업적으로도 높은 완성도를 인정받았다는 점에서 의미가 크다. 초거대 모델을 직접 운영하기 어려운 기업들도 DACP 기반의 소형 모델을 활용하면 비용과 인프라 부담 없이 산업 맞춤형 AI 서비스를 구현할 수 있을 것으로 예상된다. 특히 데이터가 방대하고 보안이 중요한 통신, 금융, 교육, 제조 등 다양한 산업에서 활용할 수 있을 것으로 기대된다.앞서 LG유플러스는 자체 개발한 sLLM인 ‘익시젠’의 성능을 고도화하고 검증하기 위해 노력해왔다. 실제로 올해 익시젠은 사내 임직원을 위한 AI 플랫폼은 물론 산업계 및 교육계와 협업해 특화 sLLM 개발에 활용하는 등 다양한 측면에서 활용도를 높여가고 있다. 지난 3월에는 MWC25 기간 중 진행된 ‘레드팀챌린지’에 참여해 익시젠의 신뢰성을 검증받기도 했다.한영섭 LG유플러스 AI테크Lab장(담당)은 “EMNLP는 전 세계 AI 연구자들이 가장 주목하는 학회 중 하나로, 이번 논문 채택은 LG유플러스의 산업형 AI 기술이 세계적으로 학문적 검증을 받았다는 점에서 의미가 크다”며 “앞으로도 산업 현장의 문제를 해결하는 실용적인 AI 연구를 통해 한국형 AI의 경쟁력을 강화하겠다”고 말했다."
https://n.news.naver.com/mnews/article/029/0002988913?sid=105,2025-10-23 14:31:31,IT/과학,"LGU+ ‘익시젠’ 연구 논문, 세계 최고 권위 AI 학회서 인정","LG유플러스는 자체 개발한 생성형 AI 기술 ‘익시젠(ixi-GEN)’ 관련 논문이 세계 최고 수준의 자연어처리(NLP) 학회인 ‘EMNLP 2025’에 채택됐다고 밝혔다. 사진은 이번 논문 집필에 참여한 LG유플러스 구성원들. LG유플러스 제공LG유플러스는 자체 개발한 생성형 인공지능(AI) 기술 ‘익시젠’ 관련 논문이 세계 최고 수준의 자연어처리(NLP) 학회인 ‘EMNLP 2025’에 채택됐다고 23일 밝혔다.‘EMNLP(Empirical Methods in Natural Language Processing)’는 국제언어학회(ACL) 산하에서 주관하는 세계 3대 자연어처리 학회 중 하나로, 글로벌 빅테크 기업과 주요 연구기관의 최신 AI 연구 성과를 심사해 평가한다.LG유플러스가 제출한 논문은 ‘도메인 특화 학습을 통한 산업 특화 소형 언어모델 고도화’로, 소형 언어모델(sLLM)의 효율과 품질을 동시에 높이는 새 접근법을 제안했다. 산업 데이터를 지속적으로 학습하면서도 범용 언어 능력을 유지할 수 있는 ‘도메인 특화 학습(DACP)’ 기법을 활용한 것이 좋은 평가를 받은 것으로 분석된다.기존 sLLM 모델은 특정 산업 환경에 맞게 학습할 경우 일반 언어에 대한 이해력은 떨어지고, 반대로 범용 성능을 유지할 경우 산업 적합도가 낮아지는 한계가 있었다. 이에 LG유플러스는 DACP를 통해 산업 데이터와 일반 데이터를 균형 있게 학습하는 방법을 고안했다. 실제 적용 결과 통신·금융 분야에서 기존 모델 대비 성능을 향상해 초거대 AI 모델이 아니더라도 소형 모델로 실제 산업 환경에서 즉시 활용 가능한 품질을 확보할 수 있다는 것을 입증했다.한영섭 LG유플러스 AI테크랩장(담당)은 “이번 논문 채택은 LG유플러스의 산업형 AI 기술이 세계적으로 학문적 검증을 받았다는 점에서 의미가 크다”며 “앞으로도 산업 현장의 문제를 해결하는 실용적인 AI 연구를 통해 한국형 AI의 경쟁력을 강화하겠다”고 말했다."
https://n.news.naver.com/mnews/article/421/0008558128?sid=102,2025-10-23 14:32:20,사회,1분기 21만명 머물렀다…김제시 '체류인구' 등록인구의 2.6배,"관광·체험형 프로그램 결합 효과 외부 유입인구 증가김제시가지 전경.(김제시 제공, 재판매 및 DB 금지)(김제=뉴스1) 김재수 기자 = 전북 김제시에 올 1분기 동안 머문 체류인구는 등록인구에 비해 평균 약 2.6배 정도 많은 것으로 나타났다.23일 김제시에 따르면 행정안전부·법무부의 주민등록과 외국인등록 자료, 통신 3사(SK텔레콤, KT, LGU+) 이동통신 데이터를 결합해 산정한 결과 '2025년 1분기 생활인구'는 90만1205명, 월평균 30만401명으로 집계됐다.이중 월평균 체류 인구는 21만6099명으로 주민등록인구 8만1098명의 2.6배 수준에 달했다.이는 그간 시가 지속 추진해 온 '생활인구를 통한 체류형 도시로의 전환' 정책이 효과를 나타내고 있다는 평가다.특히, 체류 인구 비중이 높은 산업 중심 도시구조와 관광·체험형 프로그램의 결합 효과로 외부 유입 인구가 꾸준히 증가하고 있다.주요 지표를 보면 재방문율은 56.8%, 평균 체류 일수는 4.5일, 평균 숙박 일수는 5.7일로 조사됐다. 또한 타 시도 거주자 비중은 35.8%, 1인당 평균 소비액은 14만9000원, 카드 사용 비중은 33.4%로 나타나 체류형 소비 확산이 뚜렷하게 나타나고 있다.시는 앞으로 산업과 소비, 관광이 선순환하는 '김제형 생활인구 시책 2.0'을 본격 추진해 지역 활력을 높이고 생활인구 50만 시대를 향한 기반을 더욱 강화할 계획이다.아울러 디지털 시민증을 활용한 소비 인센티브 제공과 유휴공간을 활용한 체류형 프로그램 등 다양한 생활인구 확충 정책을 확대해 나갈 예정이다.정성주 김제시장은 ""산업과 관광, 정주가 함께 성장하는 김제형 생활인구 정책이 가시적인 성과를 보이고 있다""며 ""앞으로도 디지털 시민증과 체류형 사업을 중심으로 생활인구 확대에 박차를 가해 김제시가 명실상부한 생활인구 중심도시로 자리매김하도록 하겠다""고 밝혔다."
https://n.news.naver.com/mnews/article/003/0013553625?sid=102,2025-10-23 14:51:13,사회,"김제시, 전북 인구감소지역 중 '생활인구 2위'…비결 무엇","1분기 생활인구 90만명 돌파…체류인구 71% 차지체류인구 71%·재방문 56.8%…산업·관광 연계 모델[김제=뉴시스] 전북 김제시청, (사진=뉴시스 DB). photo@newsis.com *재판매 및 DB 금지[김제=뉴시스]고석중 기자 = 전북 김제시가 올해 1분기(1~3월) 생활인구 통계에서 도내 10개 인구감소지역 중 2위를 기록했다.23일 김제시에 따르면 행정안전부·법무부의 주민등록 및 외국인등록 자료와 통신 3사(SK텔레콤·KT·LGU+) 이동통신 데이터를 결합해 분석한 결과 총 90만1205명, 월평균 30만401명으로 집계됐다.주민등록 인구 8만1098명, 체류인구 21만6099명, 외국인 3204명이다. 체류인구가 전체의 71%를 차지하며 등록인구의 2.6배에 달했다. 산업단지 근로자와 관광객, 체험형 방문객이 함께 어우러진 결과다.재방문율은 56.8%, 평균 체류일수 4.5일, 평균 숙박일수 5.7일로 나타났다. 타 시·도 거주자 비중 35.8%, 1인당 평균 소비액 14만9000원 등 체류형 소비 확산세가 뚜렷했다.시는 이 같은 흐름을 기반으로 산업단지 근로자, 디지털시민증 이용객, 관광·축제형 체험 참가자 등 다양한 생활인구층을 유입하며 산업·소비·관광이 유기적으로 순환하는 도시 구조를 정착시키고 있다.정성주 김제시장은 ""앞으로 '생활인구 시책 2.0'을 본격 추진해 지역 활력을 높이고, 디지털시민증을 활용한 소비 인센티브 제공과 유휴공간 활용 체류형 프로그램 등 정책을 확대할 계획""이라고 말했다."
https://n.news.naver.com/mnews/article/243/0000086822?sid=105,2025-10-23 14:53:11,IT/과학,LG유플러스도 당국에 해킹 정황 신고…통신 3사 모두 뚫렸다,KT·SKT 이어 LGU+까지…통신사 보안 공백 논란LG유플러스 용산 사옥 모습. [사진 LG유플러스][이코노미스트 원태영 기자]LG유플러스가 서버 해킹 정황을 사이버 보안 당국에 신고했다. 이로써 올해는 국내 통신 3사가 모두 사이버 침해 피해를 당국에 공식 신고한 해가 됐다.23일 통신업계 등에 따르면 LG유플러스는 이날 한국인터넷진흥원(KISA)에 서버 해킹 피해와 관련한 신고서를 제출했다.지난 7월 화이트해커로부터 LG유플러스에서 내부자 계정을 관리하는 APPM 서버 해킹이 있었다는 제보를 받은 한국인터넷진흥원(KISA)이 관련 내용을 전달한 지 약 3개월 만이다.화이트해커를 인용한 미국 보안 전문 매체 프랙은 해커 집단이 외주 보안업체 시큐어키를 해킹해 얻은 계정 정보로 LG유플러스 내부망에 침투해 8938대의 서버 정보와 4만2256개의 계정 및 167명의 직원 정보를 빼돌렸다고 보도했다.당시 LG유플러스는 자체 점검을 벌인 뒤 8월 사이버 침해 정황이 없다고 과기정통부에 통보한 바 있다.LG유플러스가 당국으로부터 해킹 정황을 통보받은 뒤 APPM과 관련되는 서버 OS를 업데이트하거나 관련 서버를 물리적으로 폐기해 흔적을 지우려 했다는 비판이 국정감사에서 제기되기도 했다.
https://n.news.naver.com/mnews/article/002/0002411227?sid=102,2025-10-23 15:53:14,사회,"""생활인구 50만 향해""…김제시, 도내 인구감소지역 중 ‘생활인구 2위’","전북자치도 김제시가 올해 1분기 생활인구 통계에서 전북특별자치도 10개 인구감소지역 중 2위를 기록하며 지역 활력의 중심지로 부상했다.이번 통계는 행정안전부·법무부의 주민등록 및 외국인등록 자료와 통신 3사(SK텔레콤 KT LGU+) 이동통신 데이터를 가명결합해 산정한 것으로 김제시의 2025년 1분기 생활인구는 총 90만1205명 월평균 30만401명으로 집계됐다.1분기 평균 구성은 ▲주민등록 8만,098명 ▲체류인구 21만6099명 ▲외국인 3204명으로 체류인구가 전체의 71%를 차지하며 등록인구의 2.6배 수준에 달했다. 이는 산업단지 근로자와 관광객 체험형 방문객이 함께 어우러지는‘김제형 생활인구 정책’의 실질적 성과로 평가된다.월별로는 ▲1월 33만1852명 ▲2월 26만6249명 ▲3월 30만3104명으로 나타났으며 겨울철 관광 비수기 영향으로 2월에 일시적 감소세를 보였으나 전반적으로 체류인구 규모가 일정 수준을 유지했다.지난해 4분기 평균 생활인구(34만1306명) 대비 약 12% 감소했으나 이는 계절적 요인에 따른 일시적 변동으로 분석된다.특히 시는 체류인구 비중이 높은 산업 중심 도시 구조와 관광·체험형 프로그램의 결합 효과로 외부 유입 인구가 꾸준히 증가하고 있는 것으로 나타났다.주요 지표를 보면 김제시의 재방문율은 56.8% 평균 체류일수는 4.5일, 평균 숙박일수는 5.7일로 조사됐다. 또한 타시도 거주자 비중은 35.8% 1인당 평균 소비액은 14만9000 원 카드 사용 비중은 33.4%로 나타나 김제시 내 체류형 소비 확산이 뚜렷하게 나타나고 있다.시는 이러한 수치를 바탕으로 산업단지 근로자 디지털시민증 이용객 관광·축제형 체험 참가자 등 다양한 생활인구층을 유입하며 산업·소비·관광이 유기적으로 연계된 김제형 생활인구 구조를 정착시키고 있다.시는 앞으로 산업과 소비 관광이 선순환하는 ‘김제형 생활인구 시책 2.0’을 본격 추진해 지역 활력을 높이고 생활인구 50만 시대를 향한 기반을 더욱 강화할 계획이다. 특히 디지털시민증을 활용한 소비 인센티브 제공 유휴공간을 활용한 체류형 프로그램 등 다양한 생활인구 확충 정책을 확대해 나갈 예정이다.▲정성주 김제시장ⓒ김제시정성주 김제시장은 “산업과 관광 정주가 함께 성장하는 김제형 생활인구 정책이 가시적인 성과를 보이고 있다”며 “앞으로도 디지털시민증과 체류형 사업을 중심으로 생활인구 확대에 박차를 가해 김제시가 명실상부한 생활인구 중심도시로 자리매김하도록 하겠다”고 말했다."
https://n.news.naver.com/mnews/article/014/0005423750?sid=105,2025-10-23 16:20:12,IT/과학,해커 먹잇감 된 통신3사…LG U+도 서버 해킹 정황 신고,"한 시민이 23일 서울 LG유플러스 용산 사옥을 지나가고 있다. 뉴스1[파이낸셜뉴스] LG유플러스가 서버 해킹 정황을 한국인터넷진흥원(KISA)에 신고했다. 그러나 서버 정보가 유출됐지만, 피해 사실이 확인되진 않았다는 기존 입장은 유지했다. 이로써 올해 통신3사 모두 해킹 공격에 노출돼 당국 조사를 받게 됐다.23일 업계에 따르면 LG유플러스는 이날 KISA에 서버 해킹 피해와 관련한 신고서를 제출했다. KISA가 지난 7월 18일 LG유플러스 내부자 계정을 관리하는 계정 권한관리 시스템(APPM) 서버 해킹이 있었다는 익명의 화이트해커의 제보를 받아 LG유플러스에 이를 통보한 지 약 3개월 만이다. 당시 미국 보안 전문매체 프랙은 해커 조직이 외주 보안업체 시큐어키를 해킹해 얻은 계정 정보로 LG유플러스 내부망에 침입했다고 보도했다. 이 공격으로 8938대의 서버 정보, 4만 2256개 계정, 167명의 직원 정보가 외부로 빠져나간 것으로 알려졌다.LG유플러스 관계자는 ""현재까지 조사에서는 침해 사실이 발견되지 않았지만, 국민적 염려와 오해를 해소하는 차원""이라며 ""향후 진행되는 조사에도 적극 협조할 것""이라고 말했다.전문가들은 네트워크를 관할하면서 통화 기록, 개인정보 등 많은 데이터를 갖고 있는 통신사가 해커들의 먹잇감이 되고 있다고 지적한다. 미국도 지난해 버라이즌, AT&T, T모바일 등 3대 통신사를 포함한 9개 통신사가 해킹 피해를 입었다. 개별 기업 차원에서 해킹 공격에 모두 대응이 어려운 현실을 감안해 정부·민간의 적극 공조가 필요하다는 목소리도 나온다. 무엇보다 제재 위주의 보안 정책은 기업들의 침해 은폐·축소를 부추겨 추가 피해가 발생할 가능성이 높은 만큼 국가 차원의 사이버 보안 체계를 구축해야 한다는 지적이다. 임종인 고려대 정보보호대학원 명예교수는 ""사이버 보안 인력, 하드웨어, 시스템 보강, 위협 정보 등을 민간에서 구하는 데는 한계가 있다”면서 ""정부가 앞장서 주요 해커 조직들의 활동을 파악해 민간에 공유하는 등 긴밀한 협력이 필요하다”고 말했다."
https://n.news.naver.com/mnews/article/032/0003404000?sid=101,2025-10-23 16:36:00,경제,이젠 갈아탈 곳도 없다···SKT·KT 이어 LGU+도 서버 해킹 정황 뒤늦게 신고,"올해 통신 3사 모두 사이버 침해 겪어서버 폐기·OS 재설치, 증거 은닉 의혹LGU+ 측 “사이버 침해 없었다” 고수21일 국회 과학기술정보방송통신위원회에서 열린 정보통신기술(ICT) 분야 산하기관 국정감사에서 홍범식 LG유플러스 대표이사가 해킹 사태와 관련한 위원 질의에 답하고 있다. 연합뉴스LG유플러스가 서버 해킹 정황을 관계 당국에 뒤늦게 신고했다. 올해는 통신 3사 모두가 사이버 침해를 겪은 이례적인 해가 됐다.LG유플러스는 한국인터넷진흥원(KISA)에 서버 해킹 정황과 관련한 신고서를 제출했다고 23일 밝혔다.LG유플러스 해킹 의혹은 3개월 전으로 거슬러 올라간다. 지난 7월 KISA는 익명의 화이트해커로부터 “LG유플러스 서버가 해킹당했다”는 제보를 받고 사실 확인을 요청했으나, LG유플러스는 “침해 사실이 없다”고만 회신한 채 신고하지 않았다.다음 달 해킹 전문 매체 ‘프랙’은 LG유플러스 APPM(내부 패스워드 통합관리 솔루션) 서버 소스코드와 8000여 개 서버 목록, 4만여 개 계정, 167명 직원 실명과 ID가 유출됐다고 보도했다. 그러나 LG유플러스는 “내부 정보가 일부 유출된 것은 사실이나 고객 정보 탈취 등 사이버 침해는 없었다”며 기존 입장을 고수했다.해킹 정황이 확인됐음에도 LG유플러스가 신고하지 않으면서 KISA는 상당 기간 민·관 합동조사를 개시하지 못했다. 현행 정보통신망법상 정부는 기업이 침해사고를 자진 신고해야만 민·관합동조사단 구성과 현장조사 등 적극적인 대응이 가능하다. LG유플러스가 ‘사이버 침해’를 부인하는 사이, 서버 운영 을 맡은 ‘시큐어키’는 KISA에 해킹 피해를 신고하고 조사를 받아왔다.LG유플러스는 해킹 ‘증거 은닉’ 의혹에도 휩싸인 상태다. KISA 통보 10일 뒤인 지난 7월 말 APPM 관련 서버 1대를 물리적으로 폐기했고, 8월 12일에는 해당 서버의 운영체제(OS)를 재설치한 것으로 알려졌다. LG유플러스는 “폐기한 서버는 프랙 보도에서 지목된 것과 무관하며 취약점 개선을 위해선 OS 재설치를 할 수밖에 없었다”는 입장이다.LG유플러스의 ‘해킹 부인→서버 폐기→뒤늦은 신고’ 대응은 KT 행보와 닮았다는 지적이 나온다. KT 역시 KISA 통보를 받은 뒤 해킹 의혹을 부인하다 무단 소액결제 사태가 불거진 이후인 9월 18일에야 서버 침해 흔적 4건과 의심 정황 2건을 신고했다. KT는 사이버 침해를 부정하는 동안 내부 서버를 폐기해 논란이 일었고 과학기술정보통신부는 고의적인 조사 방해로 보고 수사 의뢰한 상태다.다만 LG유플러스는 여전히 사이버 침해 자체를 인정하지 않고 있다. LG유플러스 관계자는 “침해 사실이 발견되지 않았다는 입장에는 변함이 없으며, 국민적 염려와 오해를 해소하는 차원에서 국회 요청에 따라 신고를 하게 됐다”고 설명했다.국회 과학기술정보방송통신위원회 소속 이해민 조국혁신당 의원은 지난 21일 “‘유출은 됐지만 침해는 아니다’라는 LG유플러스 설명은 ‘도둑이 집에 들어와 물건이 집 밖에서 발견됐는데 침입 흔적은 없다’는 말과 같다”며 신고를 촉구했고 “신고하겠다”는 답변을 받아냈다.LG유플러스의 사례는 정부 정보보호 제도 개선으로도 이어졌다. 과학기술정보통신부 등 관계부처는 지난 22일 범부처 정보보호 종합대책에서, 해킹 정황이 확인되면 기업 신고 여부와 관계없이 현장조사에 착수할 수 있도록 제도를 정비하겠다고 밝혔다.정부는 국민 대다수가 이용하는 통신·금융·공공 부문 1600여 개 정보통신(IT) 시스템의 보안 취약점을 점검하고, 통신사를 대상으로는 해킹 시나리오 기반의 불시 점검도 할 계획이다."
https://n.news.naver.com/mnews/article/640/0000078760?sid=101,2025-10-23 17:31:12,경제,LG gets jump-start on year-end review of affiliates,"The LG logo is seen at LG Electronics' headquarters in Yeouido, western Seoul, on April 7. [YONHAP]LG Chairman Koo Kwang-mo is set to receive a monthlong series of business briefings from affiliates, kicking off earlier than any of the other top four conglomerates — Samsung, SK and Hyundai Motor — in drawing up its business blueprint for next year.The 2026 business report sessions for LG affiliates began Thursday and will run for about a month, according to the Korean conglomerate. The briefings will start with electronics affiliates such as LG Electronics and LG Display, followed by LG Chem and LG Energy Solution in chemicals, LG U+ and LG CNS in telecommunications and LG Household & Health Care in services.The report sessions are structured for each affiliate’s CEO to present the year’s performance and the strategy for the upcoming year directly to the chairman. These are not discussions, but strictly presentation-style sessions followed by Koo’s feedback. Since taking the helm in 2018, he has presided over the briefings every year without exception.This year’s sessions come right after Koo returned from a golf round with U.S. President Donald Trump in Florida, placing the United States at the forefront of agenda items. While the situation varies by affiliate, preparations are underway to comprehensively review issues related to the country — including tariffs, local investments and supply chain strategies.Outcomes from the briefings are expected to be reflected in the upcoming executive reshuffle and organizational restructuring, which is likely to come by the end of next month. In 2021, LG carried out its largest-ever round of promotions, including the appointment of current Vice Chairman Kwon Bong-seok. Since then, the group has alternated between years of stability and change — stability in 2022, change in 2023 and stability again in 2024. Most CEOs were retained last year, except for the head of LG U+.LG Group Chairman Koo Kwang-mo attends a Korea-U.S. business roundtable at the Willard Hotel in Washington on Aug. 25. [YONHAP]Ahead of this year’s reshuffle, LG appointed an outsider — Lee Sun-joo, formerly of L'Oréal — as the new CEO of LG Household & Health Care on Sept. 29. The move signals a shift toward “renewal” rather than stability. Attention is now on whether another executive will be promoted to vice chairman. LG currently has two vice chairmen — Kwon Bong-seok, COO of LG, and Shin Hak-cheol, CEO of LG Chem — a stark contrast to the six vice chairmen in place when Koo first took over.Considering that past vice chairmen were typically promoted after leading an affiliate for more than five years, LG Electronics CEO Cho Joo-wan and LG Display CEO Jeong Cheol-dong are being floated as candidates. Cho, who joined GoldStar — the predecessor of LG Electronics — in 1987, delivered stronger-than-expected third-quarter earnings despite a difficult business environment due to U.S. tariffs. He recently led a successful initial public offering of the company’s Indian unit, which he credited as having “led to a revaluation of LG Electronics' stock.”Jeong, who joined LG Semicon in 1984, has headed LG Display since 2023. He is regarded as an expert in production and quality control with a long track record on the ground. The company is expected to return to profitability this year — marking an escape from the red for the first time in four years.This article was originally written in Korean and translated by a bilingual reporter with the help of generative AI tools. It was then edited by a native English-speaking editor. All AI-assisted translations are reviewed and refined by our newsroom."
https://n.news.naver.com/mnews/article/029/0002988998?sid=105,2025-10-23 17:38:17,IT/과학,"LG유플러스도 해킹 정황 신고, 결국 통신3사 다 털렸다","국감 질타에 LGU+ ‘뒤늦은 신고’…보안 관리 도마 위에연이은 침해 사고에 통신 보안 신뢰 ‘흔들’LG유플러스가 내부 서버 해킹 정황을 한국인터넷진흥원(KISA)에 공식 신고했다. 그동안 ""침해 사실이 없다""던 입장에서 한발 물러섰다. 이로써 SK텔레콤, KT에 이어 통신 3사가 모두 사이버 침해 피해를 당국에 신고하게 됐다.23일 통신업계에 따르면 LG유플러스는 이날 오전 10시30분쯤 KISA에 '계정 권한 관리 시스템(APPM) 서버 해킹 정황'과 관련한 침해사고 신고서를 제출했다. 지난 7월 화이트해커 제보로 KISA가 관련 사실을 LG유플러스에 통보한 지 약 3개월 만이다.앞서 미국 보안 매체 '프랙'은 해커 집단이 외주 보안업체 시큐어키를 해킹해 얻은 계정 정보를 이용, LG유플러스 내부망에 침투했다고 보도한 바 있다. 이 과정에서 8938대 서버 정보, 4만2256개 계정, 167명 직원 정보가 유출된 것으로 전해졌다.LG유플러스는 자체 점검 이후 ""침해 정황이 없다""고 8월 과학기술정보통신부에 통보했지만, 국정감사에서 여야 의원들이 은폐 의혹과 로그 삭제 논란을 집중 제기하면서 코너에 몰렸다.지난 21일 열린 국회 과학기술정보방송통신위원회 국정감사에서 이해민 조국혁신당 의원은 ""비밀번호를 소스코드에 그대로 노출한 것은 금고에 비밀번호를 붙여놓은 셈""이라며 보안 부실을 지적했다. 이어 ""KISA에 신고할 의향이 있느냐""고 따지자 홍범식 LG유플러스 대표가 ""신고하겠다""고 답했다. LG유플러스의 이번 신고는 이 발언 이틀 만에 이뤄진 것으로, 사실상 국회의 압박에 백기를 든 것으로 풀이된다.LG유플러스 관계자는 ""현재까지 조사에서는 침해사실이 발견되지 않았지만, 국민적 염려와 오해를 해소하는 차원에서 국회의 의견에 따라 적극적으로 대응하기 위해 신고했다""고 밝혔다.다만, 신고서에는 사고 발생 시간과 구체적인 침해 여부에 대해 '확인되지 않음'으로 기재했다. 실제 피해 규모는 여전히 불투명한 상황이다.앞서 SKT는 지난 4월 2300만명 가입자의 유심 일부 정보가 유출되는 해킹 사태를 KISA에 신고한 바 있다. KT는 초소형 기지국인 '펨토셀'을 이용한 불법 행위에 당해 360여명의 무단 소액결제 피해자를 발생시켰다. 여기에 그간 침해 사실이 없다던 LG유플러스까지 해킹을 신고하면서 통신 3사의 정보보안에 대한 소비자 신뢰가 완전히 무너지게 됐다.한편 개인정보보호위원회는 23일 SK쉴더스에 대한 개인정보 유출 조사에 착수했다고 밝혔다. 이 회사가 전날 개인정보 유출 신고를 함에 따라 구체적인 유출 경위와 규모, 개인정보보호법 위반 여부 등을 확인할 방침이다.아울러 로봇청소기를 통한 개인정보 유출 우려에 대응하기 위해 실태 점검 중이라고 밝혔다.김나인 기자 silkni@dt.co.kr국회 과학기술정보방송통신위원회에서 지난 21일 열린 정보통신기술(ICT) 분야 산하기관 국정감사에서 홍범식 LGU+ 대표가 해킹 사태와 관련한 위원 질의에 답하고 있다. 연합뉴스"
https://n.news.naver.com/mnews/article/028/0002772516?sid=105,2025-10-23 17:52:31,IT/과학,"통신3사 다 털렸나…LG유플러스, 해킹 의혹 석 달 만에 신고","지난 21일 국회 과학기술정보방송통신위원회에서 열린 정보통신기술(ICT) 분야 산하기관 국정감사에서 답변 중인 홍범식 엘지(LG)유플러스 대표. 연합뉴스엘지유플러스(LG U+)는 23일 한국인터넷진흥원(KISA)에 서버 해킹 정황을 신고했다고 밝혔다. 지난 7월 정부로부터 사이버 침해 의혹을 제보받은 지 석달 만이다. 이로써 올해 국내 이동통신 3사는 모두 서버 해킹과 관련해 정부 당국의 조사를 받게 됐다.엘지유플러스는 이날까지 사이버 침해 사실이 발견되지 않았다는 점을 강조하면서도 “국민적 염려와 오해를 해소하는 차원에서 국회의 의견에 따라 적극적으로 대응하기 위한 것”이라며 신고 취지를 설명했다. 앞서 지난 8월 미국 보안 전문지 프랙(Phrack)은 해커 집단이 이 회사의 외주 보안업체를 해킹해 얻은 계정 정보로 엘지유플러스 서버 8938대의 정보와 4만2256개의 계정 및 직원 167명의 정보를 탈취했다고 보도했다. 당시 엘지유플러스 쪽은 “(2차 인증 절차가 있어) 해킹으로 유출된 정보만으로는 서버 침입이 불가능하다”는 입장을 내놓았다.그러나 엘지유플러스는 정부가 요청한 자체 점검 과정에서 해당 서버를 폐기했다는 의혹에 휩싸였다. 과학기술정보통신부가 지난 8월11일 자체 조사 결과 제출을 요구했으나, 엘지유플러스는 이튿날 문제가 된 서버의 운영체제(OS)를 재설치했기 때문이다. 이에 대해 회사 쪽은 “자체 점검 과정에서 발견된 보안 취약점을 보완하기 위한 것”이라고 설명했지만, 지난 21일 국회 과학기술정보방송통신위원회 국정감사에선 ‘사이버 침해 흔적을 숨기기 위해 포렌식에 필요한 서버 원본을 훼손한 것 아니냐’는 지적이 제기됐다.이에 대해 엘지유플러스는 평상시 작동하는 ‘액티브’(동작) 서버의 백업본을 정부에 제출한 뒤 비상시 작동하는 ‘스탠바이’(대기) 서버의 운영체제를 재설치한 만큼 문제 될 게 없다는 입장이다.전문가들은 이날 엘지유플러스의 신고로 정부가 직접 조사에 착수하는 만큼 해킹 및 증거 은폐 의혹이 확인될 것으로 전망했다. 김승주 고려대 정보보호대학원 교수는 “국정감사에서 제기된 의혹도 일리는 있으나 엘지유플러스가 정석대로 대응한 것일 수도 있다”며 “만약 엘지유플러스가 제출한 백업본이 조작됐다면 (조사 과정에서) 여러 가지 데이터가 불일치하는 사례가 발견될 확률이 높다. 신고가 이뤄진 만큼 정부 조사가 속도를 낼 수 있을 것”이라고 말했다."
https://n.news.naver.com/mnews/article/011/0004547032?sid=105,2025-10-23 18:00:14,IT/과학,"LGU+, 해킹 정황 석달만에 신고…통신3사 다 뚫렸나","KISA에 사이버 침해 피해 전달8월 과기부엔 ""정황 없다"" 보고정치권 잇단 압박에 신고서 제출[서울경제]LG유플러스가 23일 서버 해킹 정황을 사이버 보안 당국에 신고했다. 올해 7월 화이트해커로부터 제보를 받은 한국인터넷진흥원(KISA)이 관련 내용을 LG유플러스 측에 전달한 지 석 달 만이다. SK텔레콤과 KT에 이어 LG유플러스까지 보안 문제로 정부 조사를 받게 되면서 통신업계 전반의 보안 관리 부실이 재차 도마에 올랐다.LG유플러스는 이날 KISA에 사이버 침해 피해와 관련한 신고서를 제출했다고 밝혔다. 앞서 7월 미국 보안 전문 매체 ‘프랙(Frack)’은 화이트해커의 제보를 인용해 해커 집단이 LG유플러스의 외주 보안업체인 시큐어키를 해킹해 계정 정보를 탈취한 뒤 LG유플러스 내부망에 침투했다고 보도했다. 보도에 따르면 이들은 총 사바 8938대, 계정 4만2256개, 직원 167명의 정보를 빼돌린 것으로 알려졌다. KISA는 이를 확인한 뒤 LG유플러스에 관련 사실을 전달했으나, LG유플러스는 8월 자체 점검 결과 “사이버 침해 정황이 없다”고 과학기술정보통신부에 보고했다. 그러나 이후 회사가 해킹 의혹이 제기된 서버의 운영체제(OS)를 업데이트해 침해 흔적을 지우려 했다는 의혹이 나오면서 논란이 확산됐다.LG유플러스는 계속해서 침해 흔적이 없다고 일관되게 주장했지만, 정치권의 거센 압박에 결국 정부 유출 정황을 신고했다. 이달 21일 진행된 국회 과학기술정보방송통신위원회(과방위)에 참석한 홍범식 LG유플러스 대표는 “사이버 침해 흔적이 없다”고 일관되게 주장하다가 이해민 조국혁신당 의원 등에게 질타를 받고 “신고하겠다”는 입장을 밝히기도 했다. LG유플러스 측은 “정보 유출 정황은 있지만 사이버 침해 흔적은 없다”며 “원인을 알 수 없기 때문에 KISA에 신고한 것”이라고 설명했다.한편 SK텔레콤에 이어 KT와 LG유플러스까지 사이버 침해를 당했거나 공격 정황이 의심되는 상황에 처하면서 기업들의 부실 관리와 늑장신고 등이 논란이 되고 있다. SK텔레콤은 올해 4월 유심 해킹으로 2300만 명에 달하는 고객 정보가 유출되는 사고를 겪었으며, KT는 불법 소형 기지국(펨토셀) 부실 관리로 고객들에게 무단 소액 결제 피해를 입혔다. 이훈기 더불어민주당 의원은 “SK텔레콤은 해킹 인지 후 45시간 뒤, KT는 3일 뒤에 신고했는데 이에 대한 과태료는 합산 1710만 원에 불과했다”며 솜방망이 처벌을 지적했다.민생과 밀접한 통신 서비스에서 해킹 사고가 이어지면서 정부도 대응에 나섰다. 과학기술정보통신부와 정부부처는 이달 22일 ‘범부처 정보보호 종합대책’을 내놓고 “해킹 정황이 확보된 경우 기업이 신고하지 않아도 정부가 현장 조사에 나설 수 있도록 제도를 개선하고, 보안 의무를 위반한 주체에 대해서는 과태료·과징금을 상향하는 등 제재를 강화할 것”이라고 밝혔다."
https://n.news.naver.com/mnews/article/014/0005423819?sid=105,2025-10-23 18:13:13,IT/과학,LGU+ '해킹 인지' 세 달 만에 신고,"8938대 서버 정보 등 외부 유출""피해사실 없어… 조사 적극협조""LG유플러스가 서버 해킹 정황을 한국인터넷진흥원(KISA)에 신고했다. 그러나 서버 정보가 유출됐지만, 피해 사실이 확인되진 않았다는 기존 입장은 유지했다. 이로써 올해 통신3사 모두 해킹 공격에 노출돼 당국 조사를 받게 됐다.23일 업계에 따르면 LG유플러스는 이날 KISA에 서버 해킹 피해와 관련한 신고서를 제출했다. KISA가 지난 7월 18일 LG유플러스 내부자 계정을 관리하는 계정 권한관리 시스템(APPM) 서버 해킹이 있었다는 익명의 화이트해커의 제보를 받아 LG유플러스에 이를 통보한 지 약 3개월 만이다.당시 미국 보안 전문매체 프랙은 해커 조직이 외주 보안업체 시큐어키를 해킹해 얻은 계정 정보로 LG유플러스 내부망에 침입했다고 보도했다. 이 공격으로 8938대의 서버 정보, 4만 2256개 계정, 167명의 직원 정보가 외부로 빠져나간 것으로 알려졌다.LG유플러스 관계자는 ""현재까지 조사에서는 침해 사실이 발견되지 않았지만, 국민적 염려와 오해를 해소하는 차원""이라며 ""향후 진행되는 조사에도 적극 협조할 것""이라고 말했다.전문가들은 네트워크를 관할하면서 통화 기록, 개인정보 등 많은 데이터를 갖고 있는 통신사가 해커들의 먹잇감이 되고 있다고 지적한다.미국도 지난해 버라이즌, AT&T, T모바일 등 3대 통신사를 포함한 9개 통신사가 해킹 피해를 입었다. 개별 기업 차원에서 해킹 공격에 모두 대응이 어려운 현실을 감안해 정부·민간의 적극 공조가 필요하다는 목소리도 나온다.무엇보다 제재 위주의 보안 정책은 기업들의 침해 은폐·축소를 부추겨 추가 피해가 발생할 가능성이 높은 만큼 국가 차원의 사이버 보안 체계를 구축해야 한다는 지적이다. 임종인 고려대 정보보호대학원 명예교수는 ""사이버 보안 인력, 하드웨어, 시스템 보강, 위협 정보 등을 민간에서 구하는 데는 한계가 있다""면서 ""정부가 앞장서 주요 해커 조직들의 활동을 파악해 민간에 공유하는 등 긴밀한 협력이 필요하다""고 말했다."
https://n.news.naver.com/mnews/article/021/0002744791?sid=105,2025-10-23 21:20:18,IT/과학,[속보] LG유플러스 당국에 해킹 신고…‘통신3사 결국 다 털렸다’,"지난 21일 국회 과학기술정보방송통신위원회에서 열린 정보통신기술(ICT) 분야 산하기관 국정감사에서 홍범식 LGU+ 대표이사가 해킹 사태와 관련한 위원 질의에 답하고 있다. 연합뉴스LG유플러스가 사이버 보안 당국에 서버 해킹 정황을 신고한 것으로 확인됐다. 이에 국내 통신 3사가 모두 해킹을 당하는 초유의 사태가 빚어지게 됐다.23일 통신업계 등에 따르면 LG유플러스는 이날 한국인터넷진흥원(KISA)에 서버 해킹 피해와 관련한 신고서를 제출했다.지난 7월 한국인터넷진흥원(KISA)이 화이트해커로부터 LG유플러스 내부자 계정을 관리하는 APPM 서버 해킹이 있었다는 제보를 받아 전달한 지 약 3개월 만이다.화이트해커를 인용한 미국 보안 전문 매체 프랙은 해커 집단이 외주 보안업체 시큐어키를 해킹해 얻은 계정 정보로 LG유플러스 내부망에 침투해 8938대의 서버 정보와 4만2256개의 계정 및 167명의 직원 정보를 빼돌렸다고 보도한 바 있다.당시 LG유플러스는 자체 점검을 벌인 뒤 8월 사이버 침해 정황이 없다고 과기정통부에 통보했다.그러나 LG유플러스가 7월 APPM과 관련되는 서버 OS를 업데이트하거나 관련 서버를 물리적으로 폐기해 해킹 흔적을 지우려 했다는 비판이 국정감사에서 제기되며 해킹 의혹이 불거졌다.LG유플러스는 1년 전부터 계획된 폐기였으며 APPM 서버와 관련 없는 서버라고 해명했지만, 정확한 침해 상황 파악을 위해 해킹 정황이 전달된 이후 폐기 계획을 보류했어야 한다는 지적이 나왔다."
https://n.news.naver.com/mnews/article/468/0001187605?sid=102,2025-10-23 23:00:19,사회,"김제시, 도내 인구감소지역 중 ‘생활인구 2위’ 달성","김제시는 전북도내 인구감소지역 중 ‘생활인구 2위’ 를 달성했다고 23일 밝혔다. ( 캡션 / 고봉석 기자 )[스포츠서울 ㅣ 김제=고봉석 기자] 전북 김제시(시장 정성주)가 올해 1분기 생활인구 통계에서 전북특별자치도 10개 인구감소지역 중 2위를 기록했다.이번 통계는 행정안전부·법무부의 주민등록 및 외국인등록 자료와 통신 3사(SK텔레콤, KT, LGU+) 이동통신 데이터를 가명결합해 산정한 것으로, 김제시의 2025년 1분기 생활인구는 총 901,205명, 월평균 300,401명으로 집계됐다.1분기 평균 구성은 주민등록 81,098명, 체류인구 216,099명, 외국인 3,204명으로, 체류인구가 전체의 71%를 차지하며 등록인구의 2.6배 수준에 달했다.월별로는 1월 331,852명, 2월 266,249명, 3월 303,104명으로 나타났으며, 겨울철 관광 비수기 영향으로 2월에 일시적 감소세를 보였으나 전반적으로 체류인구 규모가 일정 수준을 유지했다.특히 시는 체류인구 비중이 높은 산업 중심 도시 구조와 관광·체험형 프로그램의 결합 효과로 외부 유입 인구가 꾸준히 증가하고 있는 것으로 나타났다.주요 지표를 보면 김제시의 재방문율은 56.8%, 평균 체류일수는 4.5일, 평균 숙박일수는 5.7일로 조사됐다. 또한 타시도 거주자 비중은 35.8%, 1인당 평균 소비액은 14만 9천 원, 카드 사용 비중은 33.4%로 나타나 김제시 내 체류형 소비 확산이 뚜렷하게 나타나고 있다.정성주 김제시장은 “산업과 관광, 정주가 함께 성장하는 김제형 생활인구 정책이 가시적인 성과를 보이고 있다”며 “앞으로도 디지털시민증과 체류형 사업을 중심으로 생활인구 확대에 박차를 가해 김제시가 명실상부한 생활인구 중심도시로 자리매김하도록 하겠다”고 말했다.kobs@sportsseoul.com"
https://n.news.naver.com/mnews/article/020/0003669429?sid=102,2025-10-24 03:04:02,사회,통신3사 다 뚫렸다… LGU+도 해킹 정황 신고,"‘LGU+ 정보유출’ 美보고서 공개뒤국감서 논란되자 기술지원 요청홍범식 LGU+ 대표가 21일 서울 여의도 국회 과학기술정보방송통신위원회에서 열린 정보통신산업진흥원 등에 대한 국정감사에 출석해 의원 질의에 답변하고 있다. 2025.10.21 뉴스1LG유플러스가 23일 오전 서버 해킹 정황을 사이버 보안 당국에 신고했다. 이로써 올해는 국내 이동통신 3사에서 모두 보안 허점이 드러난 해로 남게 됐다.23일 정보통신 업계에 따르면 LG유플러스가 한국인터넷진흥원(KISA)에 정식으로 해킹 정황을 신고하고 기술지원 요청에 동의했다.앞서 7월 KISA는 화이트해커로부터 LG유플러스의 내부자 계정을 관리하는 APPM 서버가 해킹됐다는 제보를 받아 LG유플러스에 이 같은 내용을 전달했다. 바로 다음 달에는 미국 보안 전문지 ‘프랙’이 LG유플러스의 서버 및 계정 정보가 유출됐다는 보고서를 공개하기도 했다. 해당 보고서에 따르면 2023년 4월부터 올해 4월까지 2년간 APPM 서버 내 작업 이력, 8938개의 서버, 4만2526개의 계정, 167명의 사용자 아이디 및 실명 정보가 유출된 것으로 나타났다. 다만 이 정보는 LG유플러스의 협력사인 시큐어키를 통해 빠져나간 것으로 추정된다고 전했다.이 같은 문제 제기에도 보안 당국에 신고를 하지 않던 LG유플러스는 21일 국회 과학기술정보방송통신위원회 국정감사에서 해킹 이슈가 다시 불거지자 결국 신고에 나섰다. LG유플러스는 “내부 조사에서 해커가 LG유플러스의 서버를 직접 공격한 침해 사실이 발견되지 않아 그간 신고를 하지 않고 있었다”며 “입장에는 변함이 없지만 국민적 염려와 오해를 해소하는 차원에서 적극적으로 대응하려는 것”이라고 신고 배경을 설명했다.LG유플러스는 서버 침해 사실이 없다는 입장을 고수하고 있지만 보안 업계에서는 면밀한 조사를 하다 보면 침해 사실이 발견될 가능성도 있다고 본다. 해커들이 시큐어키를 통해 확보한 계정으로 LG유플러스 서버에 접속했다면 정상적인 접근으로 보일 수 있기 때문이다. 임종인 고려대 정보보호대학원 교수는 “해커들이 접속한 로그 기록을 지우는 경우도 있어 침해 여부를 확인하고, 어떤 정보가 유출됐는지를 확인하려면 심층 분석이 필요하다”고 했다.한편 각종 해킹 사태가 이어지자 정부는 22일 ‘범부처 정보보호대책’을 내놓고 통신3사에 대해서는 불시 해킹 점검을 실시하겠다고 밝혔다. 정부는 연내 중장기적인 정보보호 대책을 담은 국가 사이버안보 전략도 발표할 계획이다."
https://n.news.naver.com/mnews/article/016/0002546679?sid=101,2025-10-24 09:43:07,경제,"“메일 지우면 생수 드려요” HSAD, 정식품·LGU+와 친환경 캠페인","메일 삭제가 곧 물 절약디지털 습관이 환경 바꾼다1000통 삭제하면 물 300ℓ 아껴메일지 워터 캠페인 [HSAD 제공][헤럴드경제=박지영 기자] HSAD가 정식품·LG유플러스와 함께 불필요한 메일 저장으로 발생하는 자원 낭비 문제를 알리고, 올바른 디지털 습관을 제안하는 ‘메일지워터’ 환경 캠페인을 진행한다고 24일 밝혔다.이번 캠페인은 불필요한 메일 저장이 전력과 냉각수 낭비로 이어진다는 점에 착안해, 디지털 습관의 변화로 환경보호를 실천하자는 취지다.‘메일지워터’는 ‘메일 지워!’라는 행동 촉구와 ‘Water(물)’를 결합한 표현으로, 불필요한 메일을 지우면 생수를 받을 수 있는 독특한 메일지워터 자판기가 10월 24일부터 26일까지 강남 복합문화공간 ‘일상비일상의틈’에 설치된다.참여 방법도 간단하다. 받은메일함의 불필요한 메일을 삭제하고 휴지통을 비운 뒤, 캡처 이미지를 인스타그램(@mailjiwater) 계정으로 DM 전송하면 된다. 이후 답장으로 받은 바코드를 자판기에 스캔하면 정식품의 ‘심천수’ 생수(500ml)를 무료로 받을 수 있다.캠페인에는 정식품과 LG유플러스가 동참했다. 정식품은 생수를 전량 지원하고, LG유플러스는 캠페인 장소를 제공했다.HSAD는 “서버에 쌓인 이메일 하나에도 전력과 담수가 소모된다”며 “메일 삭제가 곧 자원 절약으로 이어진다는 점을 체험으로 알리고자 했다”고 설명했다. 국제 자료에 따르면 불필요한 메일 1000통을 삭제하면 약 600ml의 물을 절약할 수 있다.HSAD는 이번 캠페인에 500명이 참여해 평균 1000통의 메일을 삭제할 경우, 데이터센터 냉각 전력 150kWh, 물 300리터, 이산화탄소 2톤 절감 효과가 기대된다고 밝혔다.HSAD는 이후 본사로 자판기를 옮겨 임직원을 대상으로 한 내부 캠페인도 이어갈 계획이다.강원숙 HSAD 엘베스트 CR실 실장은 “보이지 않는 디지털 환경문제를 ‘보이는 행동’으로 바꾸기 위한 캠페인”이라며 “안 읽은 메일을 지우는 작은 습관이 실제 환경을 바꿀 수 있다는 점을 알리는 계기가 되기를 희망한다”고 말했다.이번 캠페인은 HSAD의 내부 선제안 소모임 ‘0업비밀’에서 출발했다. 사회적 이슈를 광고적 해법으로 풀어내는 이 모임은 ‘광고가 얼어붙은 인식을 바꿀 수 있다’는 신념 아래 지속적으로 사회참여형 아이디어를 제안하고 있다."
https://n.news.naver.com/mnews/article/138/0002207724?sid=105,2025-10-24 16:58:14,IT/과학,KT·LGU+ 닮은꼴 대응 “해킹 정황 없다”...왜 그렇게 말했을까,"[국감2025] 불분명한 침투 경로...파장·책임론 복잡한 속내21일 국회 과학기술정보방송통신위원회 국정감사에 증인으로 출석한 관계자들이 대기하고 있다. 사진은 현장에 참석한 홍범식 LG유플러스 대표(왼쪽 첫번째), 유영상 SK텔레콤 대표(오른쪽 두번째), 김영섭 KT 대표(오른쪽 첫번째).[디지털데일리 오병훈기자]“유출된 파일은 있는데, 해킹 정황은 없다”KT와 LG유플러스 해킹 대응 과정에서 공통적으로 나타난 해명이다. 언뜻 보기엔 모순되는 듯한 문장이지만 자세히 들여다보면 이들의 복잡한 속 사정이 숨겨진 문장이라 할 수 있다. 문제가 발생했지만 그 원인은 회사 내부가 아니라는 점을 강조하고 싶은 기업의 계산이 담겼다는 것이 전문가 분석이다.정부에서 지난 8월 화이트해커 보고서 ‘프랙 매거진’에서 KT와 LG유플러스에 대한 해킹 정황을 확인하고 이들에 대한 조사 권유에서 이들은 유사한 대응 모습을 보였다. 양사는 자체 조사를 벌이고 ‘해킹 흔적이나 정황이 없다’는 답변을 남긴 뒤 서버를 폐기하거나 운영체제(OS)를 재설치해 은폐 의혹도 샀다.전문가들은 이번 사태를 통해 통신사와 같이 기술 집약적이고 복잡한 구조를 가진 기업들의 고질적인 문제점이 여실히 나타난 것이라 꼬집었다. 몸집이 커진 만큼 취약 면적이 넓어진 상황이며 이를 적절히 방어할 수 있는 체계를 마련하는데 집중해야 한다는 지적이다.◆침입 흔적 없으니 신고할 것 없다?KT는 무단소액결제 사태가 불거지기 시작한 시점에 반복적으로 언론사에 “해킹 정황”이 없다는 설명자료를 배포했다. 분명 비정상적인 방법으로 가입자의 금전적 피해가 발생한 상황이었다. 아울러 정부에서는 프랙 매거진에서도 KT의 내부 인증서 파일이 해커 개인 PC에서 발견됐다는 점을 확인한 상황이었다. 다양한 이상 징후가 포착된 상황 속에서도 당시 KT는 ‘해킹 정황이 없다’는 입장을 반복했다. 불법 초소형기지국(펨토셀)에 의한 정보 유출이 확인된 이후에야 해킹 정황이 없다는 입장을 번복했다.LG유플러스도 유사한 행보를 보였다. KT와 마찬가지로 프랙 매거진을 통해 통합패스워드 관리시스템(APPM) 인증키 유출 정황이 드러났다. 서버관리 및 접근 제어 솔루션을 맡은 보안 협력사 시큐어키가 한국인터넷진흥원(KISA)에 해킹신고를 한 상황에서도 LG유플러스는 “자사 해킹 정황은 없다”는 입장을 고수했다. 국정감사 기간 중 지난 21일 국회 증인으로 출석한 홍범식 LG유플러스 대표는 “해킹 사실은 없지만 관련 우려 해소를 위해 KISA에 신고하겠다”고 말했다. 이에 LG유플러스도 지난 23일 KISA에 해킹 의심 정황을 신고했다.언뜻 보기에 양사의 “해킹 정황이 없다”는 설명은 모순된 것처럼 느껴진다. 비유하자면 도둑의 집(해커 개인PC)에서 장물(인증서 파일)은 발견됐지만 정작 물건 주인은 자신의 집에 침입(해킹) 흔적이 없다는 해명만 반복 중인 모습이다.모순되는 듯한 이들의 해명을 풀어서 볼 필요가 있다. 먼저 해커가 어떤 경로로 해당 유출 파일을 취득했는지를 파악하는 것은 굉장히 어려운 일이라는 게 전문가 분석이다. 해커가 직접적으로 내부 시스템에 침투해 해당 파일을 취득했을 수도 있다. 아니면 내부 직원 일탈로 해당 파일이 유출됐을 수도 있다. 폐기된 직원 노트북에 남아 있던 인증서 파일이 해커 손에 들어갔을 수도 있다.이처럼 시나리오가 다양한 상황 속에서 기업이 선뜻 자신들의 취약점을 인정하기는 부담이 크다는 분석이다. 해커가 직접 내부시스템에 침투해 정보를 빼내갔고 그 흔적을 기업이 발견했다면 이를 기반으로 명확한 해킹 자진 신고가 가능하다. 반면 양사 모두 해킹 경위가 불명확한 상황에서 신고를 할 경우 오히려 파장만 키우고 문제 해결은 어려워 질 수 있다는 판단이 있었을 것이란 전문가 분석이다.책임 문제도 간과할 수 없다. 내부 시스템에 대한 직접적인 침투·유출이라면 전적으로 이를 관리하지 못한 기업의 잘못이 된다. 법적으로도 내부 시스템 관리 부재에 따른 과징금과 과태료 등 리스크를 짊어져야 한다. 반면 내부 직원의 일탈 내지 관계 계열사 등의 문제로 인한 유출일 경우 일정 부분 책임을 면할 수 있기 때문에 정확한 유출 경로가 확인 되기 전까지는 “(우리 회사 내부 시스템 상의) 해킹 정황은 없다”고 반복적으로 말하게 된다는 것이다.한 정보보안 전문가는 “학술적인 정의 상 침해행위는 누군가 시스템 상에 들어와서 그 정보를 가져나간 행위 자체를 말한다”며 “이미 유출 정황이 확인됐을 때 신고를 하는 것이 가장 정확한 신고 시점이라고 할 수 있지만 기업에서는 정보통신망법상 침해 행위가 아닌 방법으로 나갈 수도 있는 가능성 등을 이유로 ‘흔적을 못찾아서 신고를 못했다’는 식으로 답하는 경우가 많다”고 말했다.KT 경우 다수 불법 펨토셀을 통해 가입자식별번호(IMSI) 및 단말기식별번호(IMEI) 등이 빠져 나간 것이 확인됐다. LG유플러스 경우 프랙 매거진에 의해 제기된 침해 의혹 등이 있으나 이는 내부 시스템에 대한 인증서 파일 유출 정황이다. 즉 실질적인 가입자 개인정보 유출은 확인되지 않았다.◆은폐 정황이 더 큰 문제…기업 보안 구조적 문제 집중해야또 KT와 LG유플러스는 공통적으로 은폐 의혹으로 뭇매를 맞고 있다. 정부가 프랙 매거진에 담긴 해킹 정황을 정부가 확인한 뒤 각사에 조사를 권유했으나 양사 모두 자체 조사 이후 ‘해킹 정황 없다’는 취지 답변서를 남긴 직후 관련 시스템을 수정했다.KT는 관련 서버를 폐기했으며 LG유플러스는 해킹 정황과 연관된 APPM 시스템 OS를 재설치했다. 두 행보 모두 상식적으로 이해하기 힘들다는 평가가 대부분이다. 양사 모두 계획된 시스템 정비 일정에 따른 절차였다고 해명했지만 정부의 조사 권유라는 특이한 이벤트가 발생한 상황에서 기존 일정을 강행한 것은 은폐 의혹을 사기 충분하다는 평가다.은폐 의혹을 해명하기 위해서는 두 기업이 모두 해당 일정을 강행했어야만 하는 이유를 적절히 설명할 수 있어야 한다고 지적한다.정보보안 전문가는 “두 기업 모두 조사 과정에서 서버 폐기와 OS 재설치 이유나 일정 등을 명확히 밝혀야 한다”며 “업데이트 등 특이 사항 없이 단순히 폐기하고 OS를 재설치한 것이라면 은폐 의혹은 더 커질 수 있다”고 분석했다.전문가들은 이번 사태를 두고 기술 집약적인 대기업의 IT 시스템 생태계 전반을 돌아봐야 하는 계기가 돼야 한다고 분석했다. 통신사 경우 통신장비·소프트웨어·네트워크·데이터센터 등 정보통신기술(ICT)을 고루 활용하는 대기업인 만큼 복잡한 구조 속에 서비스가 운영되고 있다. 그 과정에서 다수 외주 기업과 소통하고 각종 데이터와 소프트웨어를 공급받게 된다. 결과적으로 해커가 침투하기 쉬운 취약 면적은 더욱 넓어졌다는 분석이다.그는 “기업 하나가 시스템 전부를 구축하는 경우는 없다”며 “다양한 협력사와 데이터 소스 및 소프트웨어를 주고받는 것이 일상이 된 만큼 복잡해진 개발 체계를 정비하고 그 과정에서 노출되기 쉬운 취약점은 어디인지 전방위적으로 살펴볼 필요가 있다”고 조언했다."
https://n.news.naver.com/mnews/article/119/0003016456?sid=100,2025-10-25 01:00:13,정치,"정치브로커 명태균, 국정감사 증인 출석...오세훈 서울시장 “특검에서 말하겠다” [데일리안 주간 포토]","ⓒ데일리안 홍금표 기자[데일리안 = 홍금표 기자]ⓒ데일리안 홍금표 기자오세훈 서울시장, 국회 국토교통위 국감 증인선서오세훈 서울시장이 20일 서울 중구 서울시청에서 열린 국회 국토교통위원회의 서울시청에 대한 2025 국정감사에서 증인선서를 하고 있다.ⓒ데일리안 홍금표 기자국회 정무위, 금융위원회 등 2025 국정감사이억원 금융위원장이 20일 서울 여의도 국회에서 열린 국회 정무위원회의 금융위원회 등에 대한 2025 국정감사에서 증인선서를 하고 있다.ⓒ데일리안 홍금표 기자더불어민주당, 내란수괴 면회 극우선동 장동혁 규탄 기자회견더불어민주당 정청래 대표, 김병기 원내대표를 비롯한 당 지도부와 의원들이 20일 오후 서울 여의도 국회에서 열린 '내란수괴 면회 극우선동 장동혁 규탄 기자회견'에서 피켓을 들며 구호를 외치고 있다.ⓒ데일리안 홍금표 기자나경원 의원 남편 김재호 춘천지법원장, 국회 법사위 국감 출석김재호 춘천지방법원장이 20일 서울 여의도 국회에서 국회 법제사법위원회의 서울고법·수원고법·서울중앙지법 등에 대한 2025 국정감사에서 출석해 자리하고 있다.ⓒ데일리안 홍금표 기자국회 교육위, 서울·경기·인천 교육청 등 2025 국정감사정근식 서울시교육감이 20일 서울 여의도 국회에서 열린 국회 교육위원회의 서울·경기·인천 교육청 등에 대한 2025 국정감사에서 질의에 답변하고 있다.ⓒ데일리안 홍금표 기자국회 보건복지위, 식약처 등 2025 국정감사오유경 식품의약품안전처장이 21일 서울 여의도 국회에서 열린 국회 보건복지의원회의 식품의약품안전처 등에 대한 2025 국정감사에서 질의에 답변하고 있다.ⓒ데일리안 홍금표 기자국회 정무위, 금융감독원 등 2025 국정감사이찬진 금융감독원장이 21일 서울 여의도 국회에서 열린 국회 정무위원회의 금융감독원 등에 대한 2025 국정감사에서 업무보고를 하고 있다.ⓒ데일리안 홍금표 기자고객 개인정보 유출 피해 이동통신 3사 대표, 국회 과방위 국감 출석홍범식 LG유플러스(LGU+) 대표, 유영상 SKT 대표, 김영섭 KT 대표가 21일 서울 여의도 국회에서 열린 국회 과학기술정보방송통신위원회의 한국인터넷진흥원 등 ICT 공공기관 2025 국정감사에 출석하고 있다.ⓒ국회사진기자단장동혁 국민의힘 대표, 봉은사 방문장동혁 국민의힘 대표와 대한불교조계종 총무원장 진우스님이 21일 오후 서울 강남구 봉은사에서 합장을 하고 기념촬영을 하고 있다.ⓒ데일리안 홍금표 기자국회 정보위 전체회의 시작 전 함께 이동하는 신성범 국회 정보위원장과 이종석 국정원장신성범 국회 정보위원회 위원장과 이종석 국가정보원장이 22일 오전 서울 여의도 국회에서 열린 국회 정보위원회 전체회의 시작 전 정보위원장실로 향하고 있다.ⓒ데일리안 홍금표 기자국회 문체위, 국립중앙박물관 등 2025 국정감사유홍준 국립중앙박물관장을 비롯한 기관 증인들이 22일 서울 여의도 국회에서 열린 국회 문화체육관광위원회의 국립중앙박물관·한국문화예술위원회·국립중앙도서관 등에 대한 2025 국정감사에서 증인선서를 하고 있다.ⓒ데일리안 홍금표 기자장동혁 국민의힘 당대표 초청 중소기업인 간담회장동혁 국민의힘 대표와 김기문 중소기업중앙회 회장 등이 22일 오후 서울 여의도 중소기업중앙회에서 열린 '장동혁 국민의힘 당대표 초청 중소기업인 간담회'에서 기념촬영을 하고 있다.ⓒ데일리안 홍금표 기자국회 과방위, KBS·EBS·방문진 등 2025 국정감사박장범 한국방송공사(KBS) 사장이 23일 서울 여의도 국회에서 열린 국회 과학기술정보방송통신위원회의 한국방송공사(KBS), 방송문화진흥회, 한국교육방송공사(EBS) 등에 대한 2025 국정감사에서 질의에 답변하고 있다.ⓒ데일리안 홍금표 기자'쿠팡 무혐의 외압 의혹' 문지석 검사, 국감에서 추가 폭로문지석 광주지검 부장검사가 23일 서울 여의도 국회에서 열린 국회 법제사법위원회의 서울고등검찰청·수원고등검찰청·서울중앙지방검찰청 등에 대한 2025 국정감사에서 의원 질의에 답하고 있다.ⓒ데일리안 홍금표 기자정치브로커 명태균, 국정감사 증인 출석...오세훈 서울시장 “특검에서 말하겠다”정치브로커 명태균 씨가 23일 서울 중구 서울시청에서 열린 국회 행정안전위원회의 서울시에 대한 2025 국정감사에서 증인으로 출석해 질의에 답변하고 있다.ⓒ데일리안 홍금표 기자'안가 회동' 이완규 전 법제처장, 국감서 증인선서 거부이완규 전 법제처장이 24일 서울 여의도 국회에서 열린 국회 법제사법위원회의 법제처에 대한 2025 국정감사에서 증인선서를 거부하고 있다.ⓒ데일리안 홍금표 기자국회 농해수위, 농협중앙회·한국마사회 등 2025 국정감사강호동 농협중앙회장이 24일 서울 여의도 국회에서 열린 국회 농림축산식품해양수산위원회의 농협중앙회·한국마사회 등에 대한 2025 국정감사에서 질의에 답변하고 있다."
https://n.news.naver.com/mnews/article/003/0013557191?sid=105,2025-10-25 12:00:00,IT/과학,"이통3사, 경주 APEC 정상회의 통신 총력 대응…영일만 크루즈까지 점검 [경주 APEC]","주요 행사장·숙소·미디어센터 중심 장비 증설·이동기지국 운영SKT 실시간 품질 모니터링·KT 전사 TF·LGU+ 24시간 상황실 가동[서울=뉴시스] KT가 2025년 경주 APEC 정상회의의 성공적 개최를 위해 유·무선 네트워크 전반에 걸친 안정적 통신환경 확보를 위해 전사적 대응에 나섰다. (사진=KT 제공) *재판매 및 DB 금지[서울=뉴시스] 심지혜 기자 = 경주에서 열리는 2025 APEC 정상회의를 앞두고 이동통신 3사가 안정적인 통신 서비스 제공을 위해 총력 대응에 나섰다. 약 2만명 이상이 몰릴 것으로 예상되는 만큼, 각 사는 주요 행사장과 숙소, 미디어센터 전역에 5G·LTE 장비를 증설하고 이동기지국과 전용 상황실을 운영하며 통신 품질 관리에 만전을 기하고 있다.SK텔레콤은 주요 행사장과 숙박시설의 5G·LTE 품질 점검과 신설·증설을 완료하고, 행사장 내 와이파이 구축과 로밍 품질 점검을 마쳤다. 주요 이동 경로에는 이동기지국을 배치해 트래픽 집중을 분산시킬 계획이다. 행사 기간 동안 실시간 품질 모니터링과 장비 사전 최적화를 실시하고, 현장 인력과 상황실을 운영해 통신 품질 유지에 나선다.KT는 ‘경주 APEC 대응 TF’를 구성해 전사적 통신 지원 체계를 가동하고 있다. KT와 협력사 등 100여 명이 현장 품질 관리와 장애 대응에 투입됐다. 주요 행사장인 경주 화백컨벤션센터(HICO)와 주변 43개소에는 5G·LTE 기지국 장비 182식을 신규·증설하고 부하 분산을 완료했다.포항 영일만 크루즈 입항 지역에도 이동기지국을 설치해 대규모 트래픽 분산에 대비했다. 주요 행사장에는 방송용 회선 등 전용회선을 구축하고 방송 차량 6대, 기술인력 11명을 투입해 안정적 방송 중계를 지원한다.LG유플러스는 경주 주요 시설 전역에 5G·LTE 장비를 추가 구축하고, 24시간 모니터링 체계를 가동한다. 첨성대, 코모도호텔, 한화리조트 등 숙소를 중심으로 통신 장비를 증설했고, 미디어센터에는 음영지역 방지를 위한 임시 장비를 설치했다.CEO 만찬이 열리는 황룡원 일대에는 해외 방문객을 위한 와이파이(AP)를 추가로 구축했다. 포항 영일대 불꽃쇼장과 크루즈 정박지인 영일만항에도 이동기지국을 배치해 안정적인 통신 환경을 마련했다.이통 3사는 행사 기간 내내 통신망을 실시간으로 점검하고 긴급 복구와 품질 유지에 총력을 기울여 APEC 정상회의의 성공적 개최를 지원한다는 방침이다．"
https://n.news.naver.com/mnews/article/003/0013557739?sid=101,2025-10-26 09:00:00,경제,"LGU+, 금오공대 캠퍼스에 오픈랜 실증단지 확대 구축","금오공대 8개 건물 오픈랜 무선장치 설치, 캠퍼스 전체로 상용망 넓혀클라우드 기반 가상화 기지국 검증도 추진…학생들도 실증 참여LG유플러스가 금오공대, 삼지전자와 손잡고 실제 상용망에서 오픈랜(Open RAN)의 완성도를 검증하기 위한 오픈랜 실증단지를 확대 구축한다. 사진은 LG유플러스 임직원과 금오공대 학생들이 구축된 오픈랜 장비를 실증하는 모습.(사진=LG유플러스 제공) *재판매 및 DB 금지[서울=뉴시스]송혜리 기자 = LG유플러스는 금오공대, 삼지전자와 실제 상용망에서 오픈랜(Open RAN)의 완성도를 검증하기 위한 오픈랜 실증단지를 확대 구축한다고 26일 밝혔다.오픈랜은 개방형 인터페이스와 상호 운용성에 기반해 설계된 무선 접속망으로 기존 네트워크의 제약을 벗어나 효율성·경제성 혁신을 추구해 5G-6G 시대의 핵심 기술로 자리 잡고 있다.이번 실증단지 확대 구축은 과학기술정보통신부와 한국지능정보사회진흥원(NIA)이 추진하는 국책과제인 오픈랜 실증단지 조성 사업의 일환으로 진행된다.LG유플러스와 금오공대, 삼지전자 외 국내 계측기 전문업체인 이노와이어리스가 함께 참여해 5G 오픈랜 장비 제조사부터 통신사업자, 계측기 전문업체, 지역 대학이 참여하는 산학연 협력 모델을 구현한 것이 특징이다.LG유플러스와 협력사는 금오공대 구미 캠퍼스 전체 건물로 오픈랜 무선장치(O-RU)를 확대 설치했다. 지난해 12월 구미 캠퍼스 내 본관, 도서관, 실습관 등 일부 건물에 인빌딩 오픈랜 무선장치(O-RU)를 설치한 데 이어, 올해는 캠퍼스 전체 건물로 범위를 확대해 오픈랜 상용망을 구축했다.아울러 LG유플러스는 오픈랜 상용망 실증단지 확보 외에 추가로 오픈랜의 핵심 기술 중 하나인 클라우드 기반 가상화 기지국(Cloud RAN)과 기지국 지능형 컨트롤러(RAN Intelligent Controller, RIC) 검증도 본격 추진할 방침이다.금오공대는 학생들의 참여를 통해 실증을 지원한다. 금오공대 학생들은 직접 커버리지 확인 및 업·다운링크 속도 측정 등 5G 무선 품질 검증 활동에 참여, 통신 품질 측정 업무를 수행하는 등 방식으로 산학협력 활동에 참여할 예정이다.향후 LG유플러스는 오픈랜 관련 장비를 다변화하고 운영 효율성 확대를 연구하는 등 국내 오픈랜 생태계 활성화에 집중할 방침이다.이상헌 LG유플러스 NW선행개발담당은 ""지난해 오픈랜 실증단지 구축을 통해 얻은 성과를 확대하기 위해 다양한 협력업체와 손잡고 실증단지를 확대시행하기로 했다""며 ""당사는 앞으로도 오픈랜 기술을 통해 국내 네트워크 기술력을 강화하고 글로벌 생태계와 협력해, 고객들에게 더 나은 네트워크 서비스를 제공을 통한 밝은 세상을 만드는데 LG유플러스가 앞장설 수 있도록 만들겠다""고 말했다."
https://n.news.naver.com/mnews/article/241/0003473333?sid=105,2025-10-26 09:00:03,IT/과학,"LGU+, '6G 핵심 기술' 오픈랜 금오공대 실증단지 확대 구축","LG유플러스는 금오공대, 삼지전자와 협업해 상용망에서 오픈랜의 완성도를 검증하는 실증단지를 확대 구축한다고 26일 밝혔다.오픈랜은 개방형 인터페이스와 상호 운용성에 기반해 설계된 무선 접속망이다. 기존 네트워크의 제약을 벗어나 효율성·경제성 혁신을 추구해 5G와 6G 시대의 핵심 기술로 각광받고 있다.이번 실증단지 확대 구축은 과학기술정보통신부와 한국지능정보사회진흥원(NIA)이 추진하는 국책 과제인 오픈랜 실증단지 조성 사업의 일환으로 진행된다.LG유플러스와 협력사는 금오공대 구미 캠퍼스 전체 건물로 오픈랜 무선 장치(O-RU)를 확대 설치했다. 지난해 12월 구미 캠퍼스 내 본관, 도서관, 실습관 등 일부 건물에 인빌딩 오픈랜 무선장치를 설치한 데 이어, 올해는 캠퍼스 전체 건물로 범위를 확대해 오픈랜 상용망을 구축했다.오픈랜의 핵심 기술 중 하나인 '클라우드 기반 가상화 기지국'과 '기지국 지능형 컨트롤러' 검증도 본격 추진할 방침이다.이상헌 LG유플러스 NW선행개발담당은 ""앞으로도 오픈랜 기술로 국내 네트워크 기술력을 강화하고 글로벌 생태계와 협력해 고객들에게 더 나은 네트워크 서비스를 제공할 것""이라고 말했다.정길준 기자 kjkj@edaily.co.kr"
https://n.news.naver.com/mnews/article/014/0005424465?sid=105,2025-10-26 09:01:11,IT/과학,"LG U+, 금오공대 캠퍼스에 오픈랜 실증단지 확대 구축","LG유플러스 임직원과 금오공대 학생들이 구축된 오픈랜 장비를 실증하는 모습. LG유플러스 제공LG유플러스가 금오공대, 삼지전자와 손잡고 실제 상용망에서 오픈랜의 완성도를 검증하기 위한 오픈랜 실증단지를 확대 구축한다고 26일 밝혔다.오픈랜은 개방형 인터페이스와 상호 운용성에 기반해 설계된 무선 접속망으로, 기존 네트워크의 제약을 벗어나 효율성·경제성 혁신을 추구해 5G-6G 시대의 핵심 기술로 자리 잡고 있다.이번 실증단지 확대 구축은 과학기술정보통신부와 한국지능정보사회진흥원(NIA)이 추진하는 국책과제인 오픈랜 실증단지 조성 사업의 일환으로 진행된다. LG유플러스와 금오공대, 삼지전자 외 국내 계측기 전문업체인 ‘이노와이어리스’가 함께 참여해 5G 오픈랜 장비 제조사부터 통신사업자, 계측기 전문업체, 지역 대학이 참여하는 산학연 협력 모델을 구현한 것이 특징이다.LG유플러스와 협력사는 금오공대 구미 캠퍼스 전체 건물로 오픈랜 무선장치(O-RU)를 확대 설치했다. 지난해 12월 구미 캠퍼스 내 본관, 도서관, 실습관 등 일부 건물에 인빌딩 오픈랜 무선장치(O-RU)를 설치한 데 이어 올해는 캠퍼스 전체 건물로 범위를 확대해 오픈랜 상용망을 구축했다.또한 LG유플러스는 오픈랜 상용망 실증단지 확보 외에 추가로 오픈랜의 핵심 기술 중 하나인 ‘클라우드 기반 가상화 기지국’과 ‘기지국 지능형 컨트롤러(RIC) 검증도 본격 추진할 방침이다.금오공대는 학생들의 참여를 통해 실증을 지원한다. 금오공대 학생들은 직접 커버리지 확인 및 업·다운링크 속도 측정 등 5G 무선 품질 검증 활동에 참여, 통신 품질 측정 업무를 수행하는 등 방식으로 산학협력 활동에 참여할 예정이다.이상헌 LG유플러스 NW선행개발담당은 “지난해 오픈랜 실증단지 구축을 통해 얻은 성과를 확대하기 위해 다양한 협력업체와 손잡고 실증단지를 확대시행하기로 했다”며 “LG유플러스는 앞으로도 오픈랜 기술을 통해 국내 네트워크 기술력을 강화하고 글로벌 생태계와 협력해 고객들에게 더 나은 네트워크 서비스를 제공을 통한 밝은 세상을 만드는데 LG유플러스가 앞장설 수 있도록 만들겠다""고 말했다."
https://n.news.naver.com/mnews/article/029/0002989175?sid=105,2025-10-26 09:07:58,IT/과학,"LGU+, 금오공대 캠퍼스에 오픈랜 실증단지 확대 구축","LG유플러스는 금오공대, 삼지전자와 손잡고 실제 상용망에서 오픈랜의 완성도를 검증하기 위한 오픈랜 실증단지를 확대 구축한다고 26일 밝혔다.오픈랜은 개방형 인터페이스와 상호 운용성에 기반해 설계된 무선 접속망이다. 기존 네트워크의 제약을 벗어나 효율성·경제성 혁신을 추구하는 5G-6G 시대 핵심 기술이다.이번 실증단지 확대 구축은 과학기술정보통신부와 한국지능정보사회진흥원(NIA)이 추진하는 국책과제인 오픈랜 실증단지 조성 사업의 일환으로 진행된다.LG유플러스와 금오공대, 삼지전자 외 국내 계측기 전문업체인 이노와이어리스가 함께 참여해 5G 오픈랜 장비 제조사부터 통신사업자, 계측기 전문업체, 지역 대학이 참여하는 산학연 협력 모델을 구현했다.LG유플러스와 협력사는 금오공대 구미 캠퍼스 전체 건물로 오픈랜 무선장치(O-RU)를 확대 설치했다. 지난해 12월 구미 캠퍼스 내 본관, 도서관, 실습관 등 일부 건물에 인빌딩 오픈랜 무선장를 설치한 데 이어 올해는 캠퍼스 전체 건물로 범위를 확대해 오픈랜 상용망을 구축했다.또한 LG유플러스는 오픈랜 상용망 실증단지 확보 외에 추가로 오픈랜의 핵심 기술 중 하나인 '클라우드 기반 가상화 기지국'과 '기지국 지능형 컨트롤러' 검증도 본격 추진할 방침이다.금오공대는 학생들의 참여를 통해 실증을 지원한다. 금오공대 학생들은 커버리지 확인 및 업·다운링크 속도 측정 등 5G 무선 품질 검증 활동에 참여, 통신 품질 측정 업무를 수행하는 등 방식으로 산학협력 활동에 참여할 예정이다.김나인 기자 silkni@dt.co.krLG유플러스 직원과 금오공대 학생들이 오픈랜 장비를 실증하고 있다. LG유플러스 제공"
https://n.news.naver.com/mnews/article/008/0005268100?sid=105,2025-10-26 09:29:41,IT/과학,"LGU+, 금오공대 캠퍼스에 '오픈랜 실증단지' 확대 구축","LG유플러스 임직원과 금오공대 학생들이 구축된 오픈랜 장비를 실증하는 모습. /사진=LG유플러스LG유플러스가 금오공대, 삼지전자와 상용망에서 오픈랜(Open RAN) 완성도를 검증하는 오픈랜 실증단지를 확대 구축한다고 26일 밝혔다. 과학기술정보통신부와 한국지능정보사회진흥원(NIA)의 국책과제인 오픈랜 실증단지 조성 사업 일환이다.오픈랜은 개방형 인터페이스와 상호 운용성에 기반해 설계된 무선 접속망으로, 기존 네트워크 대비 효율성·경제성이 높아 5·6세대(5G ·6G) 시대 핵심 기술로 자리잡았다.LG유플러스와 금오공대, 삼지전자 외 국내 계측기 전문업체인 이노와이어리스가 참여해 5G 오픈랜 장비 제조사부터 통신사업자, 계측기 전문업체, 지역 대학이 참여하는 산학연 협력 모델을 구현했다. 금오공대 구미 캠퍼스 전체 건물로 오픈랜 무선장치(O-RU)를 확대 설치해 오픈랜 상용망을 구축한 것이다. 금오공대 학생들은 커버리지 확인 및 업·다운링크 속도 측정 등 5G 무선 품질 검증 활동에 참여한다.더불어 LG유플러스는 오픈랜의 핵심 기술 중 하나인 '클라우드 기반 가상화 기지국(Cloud RAN)'과 '기지국 지능형 컨트롤러(RAN Intelligent Controller, RIC) 검증도 본격 추진할 방침이다. 향후 오픈랜 관련 장비를 다변화하고 운영 효율성 확대를 연구하는 등 국내 오픈랜 생태계 활성화에 집중할 방침이다.이상헌 LG유플러스 NW선행개발담당은 ""지난해 오픈랜 실증단지 구축을 통해 얻은 성과를 확대하기 위해 다양한 협력업체와 손잡고 실증단지를 확대시행하기로 했다""며 ""앞으로도 오픈랜 기술을 통해 국내 네트워크 기술력을 강화하고 글로벌 생태계와 협력해 고객들에게 더 나은 네트워크 서비스를 제공을 통한 밝은 세상을 만드는데 앞장서겠다""고 말했다."
https://n.news.naver.com/mnews/article/421/0008562407?sid=105,2025-10-26 09:44:01,IT/과학,"LGU+, 금오공대에 오픈랜 실증단지 확대 구축","금오공대 구미캠퍼스 건물 전체로 상용망 넓혀LG유플러스 임직원과 금오공대 학생들이 구축된 오픈랜 장비를 실증하는 모습. (LGU+ 제공)(서울=뉴스1) 이기범 기자 = LG유플러스(032640)가 금오공대, 삼지전자와 함께 상용망에서 오픈랜(Open-RAN) 완성도를 검증하기 위한 오픈랜 실증 단지를 확대 구축한다고 26일 밝혔다.오픈랜 기술은 서로 다른 제조사가 만든 통신 장비를 상호 연동할 수 있는 표준화 기술이다. 네트워크 운용에 필요한 소프트웨어와 하드웨어를 분리해 이동통신사 수요에 맞게 장비를 맞춤형으로 선택해 효율성을 높이고 장비 교체 비용을 줄일 수 있다.LG유플러스와 협력사는 지난해 12월 금오공대 구미 캠퍼스 내 본관, 도서관, 실습관 등 일부 건물에 오픈랜 무선장치(O-RU)를 설치한 데 이어 올해 전체 건물로 범위를 확대해 오픈랜 사용망을 구축했다.아울러 LG유플러스는 오픈랜의 핵심 기술 중 하나인 '클라우드 기반 가상화 기지국'(Cloud RAN)과 '기지국 지능형 컨트롤러'(RAN Intelligent Controller, RIC) 검증도 추진할 방침이다.금오공대는 학생들의 참여를 통해 실증을 지원한다. 금오공대 학생들은 직접 커버리지 확인 및 업·다운링크 속도 측정 등 5G 무선 품질 검증 활동에 참여, 통신 품질 측정 업무를 수행하는 등 방식으로 산학협력 활동에 참여할 예정이다.향후 LG유플러스는 오픈랜 관련 장비를 다변화하고 운영 효율성 확대를 연구하는 등 국내 오픈랜 생태계 활성화에 집중할 계획이다."
https://n.news.naver.com/mnews/article/092/0002395384?sid=105,2025-10-26 10:07:09,IT/과학,"LGU+, 금오공대에 오픈랜 실증단지 확대 구축","과기정통부 국책과제 일환…금오공대·삼지전자·이노와이어리스 등 산학연 협력LG유플러스가 협력사들과 금오공대 구미 캠퍼스에 오픈랜 실증 단지를 확대 구축한다고 26일 밝혔다.이는 실제 상용망에서 오픈랜의 완성도를 검증하기 위해 진행하는 과학기술정보통신부와 한국지능정보사회진흥원(NIA)의 국책과제다.이와 함께 금오공대를 비롯한 무선 통신장비 제조사인 삼지전자와 국내 계측기 전문업체 이노와이어리스가 산학연 협력 모델로서 협력할 방침이다.오픈랜은 개방형 인터페이스와 상호 운용성에 기반해 설계된 무선 접속망으로, 기존 네트워크의 제약을 벗어나 효율성·경제성 혁신을 추구해 5G·6G 시대의 핵심 기술로 자리 잡고 있다.이번 협력 사업을 통해 금오공대 구미 캠퍼스 전체 건물에 오픈랜 무선장치(O-RU)가 확대 설치됐다. 앞서 지난해 12월에는 같은 캠퍼스 내 본관, 도서관, 실습관 등 일부 건물에 인빌딩 오픈랜 무선장치가 구축된 바 있다.LG유플러스는 오픈랜 상용망 실증단지 확보 외에 추가로 오픈랜의 핵심 기술 중 하나인 ‘클라우드 기반 가상화 기지국’과 ‘기지국 지능형 컨트롤러(RIC) 검증도 본격 추진할 방침이다.금오공대는 학생들의 참여를 통해 실증을 지원한다. 금오공대 학생들은 직접 커버리지 확인 및 업·다운링크 속도 측정 등 5G 무선 품질 검증 활동에 참여, 통신 품질 측정 업무를 수행하는 등 방식으로 산학협력 활동에 참여할 예정이다.향후 LG유플러스는 오픈랜 관련 장비를 다변화하고 운영 효율성 확대를 연구하는 등 국내 오픈랜 생태계 활성화에 집중할 방침이다.이상헌 LG유플러스 NW선행개발담당은 “지난해 오픈랜 실증단지 구축을 통해 얻은 성과를 확대하기 위해 다양한 협력업체와 손잡고 실증단지를 확대 시행하기로 했다”며 “오픈랜 기술을 통해 국내 네트워크 기술력을 강화하고 글로벌 생태계와의 협력으로 더 나은 네트워크 서비스를 제공하겠다""고 말했다."
https://n.news.naver.com/mnews/article/031/0000975025?sid=105,2025-10-26 10:52:12,IT/과학,"LGU+, 금오공대·삼지전자와 오픈랜 실증단지 확대","금오공대 캠퍼스 전역에 오픈랜 구축…Cloud RAN·RIC 기술도 검증LG유플러스는 금오공과대학교, 삼지전자와 협력해 구미 지역 금오공대 캠퍼스에 오픈랜(Open RAN) 상용망을 확대 구축했다고 26일 밝혔다.LG유플러스는 금오공과대학교, 삼지전자와 협력해 구미 지역 금오공대 캠퍼스에 오픈랜(Open RAN) 상용망을 확대 구축했다고 26일 밝혔다. [사진=LGU+]오픈랜은 개방형 인터페이스와 상호 운용성을 기반으로 한 무선 접속망 기술로, 기존 장비 종속 구조를 탈피해 효율성과 경제성을 동시에 추구하는 5G·6G 시대의 핵심 인프라다.이번 실증단지 확대는 과학기술정보통신부와 한국지능정보사회진흥원(NIA)이 추진 중인 '오픈랜 실증단지 조성' 국책과제의 일환이다. LG유플러스와 금오공대, 삼지전자 외에도 계측기 전문업체인 '이노와이어리스'가 참여해 통신장비 제조사, 통신사업자, 계측기 업체, 지역 대학이 함께하는 산학연 협력 체계를 구축했다.지난해 12월 LG유플러스는 금오공대 본관, 도서관, 실습관 등 일부 건물에 인빌딩 오픈랜 무선장치(O-RU)를 설치했으며, 올해는 캠퍼스 전역으로 장비 설치를 확대했다. 이로써 오픈랜 상용망의 현실 적용 가능성과 완성도를 검증할 수 있는 실증 기반이 마련됐다.LG유플러스는 이번 구축을 계기로 클라우드 기반 가상화 기지국(Cloud RAN), 기지국 지능형 컨트롤러(RAN Intelligent Controller, RIC) 등 오픈랜의 핵심 기술 검증도 본격 추진할 계획이다.금오공대 학생들도 커버리지 확인, 업·다운링크 속도 측정 등 5G 무선 품질 검증 활동에 참여하며 산학협력 모델을 실현한다.이상헌 LG유플러스 NW선행개발담당은 ""오픈랜 실증단지 성과를 바탕으로 다양한 협력사와 함께 실증단지를 확대 시행하게 됐다""며 ""국내 네트워크 기술력을 강화하고 글로벌 오픈랜 생태계와 협력해 고객에게 더 나은 네트워크 서비스를 제공할 수 있도록 하겠다""고 말했다."
https://n.news.naver.com/mnews/article/422/0000794837?sid=101,2025-10-26 11:01:23,경제,[기업기상도] 먹구름 물러가 갠 기업 vs 천둥 속에 비 내린 기업,"한 주 기업뉴스 리뷰 주간 기업기상도입니다.이번주 경주에서 아시아태평양경제협력체 APEC 정상회의가 있습니다.그 와중에 한국과 미국, 한국과 중국 또 중국과 미국이 경제와 안보분야 접점 찾기에 들어가는데요.기대와 우려가 공존한 한 주, 맑고 흐린 기업 찾아 기업기상도 시작합니다.첫 맑은 기업 카카오입니다.SM엔터테인먼트 인수 과정에서 주가 조작한 혐의로 기소돼 징역 15년 구형받은 설립자 김범수 이니셔티브센터장은 물론, 전 경영진과 회사까지 다 무죄 나왔습니다.SM엔터테인먼트 경영권 인수 고려한 건 맞지만 꼭 인수해야 할 상황으로 단정도 어렵고 매수 방식도 시세조종성 주문과 거리가 있다는 게 재판부 판단입니다.재판부는 시세조종을 위해 사모펀드와 공모했다는 전직 임원 진술이 공소사실 맞는 유일한 증거인데 이것도 별건 수사와 수차례 구속영장 청구로 크게 압박 받은 전직 임원이 공소사실에 맞도록 기존진술을 번복해 나온 것이라며 허위로 봤습니다.카카오에겐 최선의 결과였습니다. 또 별건 수사로 진실을 왜곡했다며 1심 재판부가 이례적으로 검찰을 강도 높게 비판했는데요.수사권 박탈 비롯한 검찰 개혁의 명분을 더 높여줄 것 같습니다.다음은 태광그룹입니다.화장품,세제 분야 터줏대감 애경산업을 품었습니다.태광그룹, 회사는 알짜지만 성장산업이 없다는 평가를 받아왔죠.그런데 구조조정 나선 애경그룹이 내놓은 애경산업을 투자사들과 함께 4,700억원에 품었습니다.세제,위생용품 명가이자 세계로 뻗어나가는 K뷰티에도 발 걸친 곳이란 점에서 태광이 성장사업 늘렸다는 평가가 나옵니다.다만 사업 재편에도 불구하고 총수 문제는 부담이죠. 장기간 수사,재판 이어져왔는데 시민단체의 고발로 경찰 조사가 아직 진행 중입니다.이제 흐린 기업입니다.LG U+로 시작합니다.SK텔레콤,KT 이어 여기도 해킹 폭풍 피하지 못했습니다.기술 전문가들과 정치권에서 제기된 해킹 부인하다 뒤늦게 국정감사장에서 홍범식 대표가 피해 신고하겠다 했고 실제 신고했습니다.앞서 익명의 화이트해커가 이 회사 서버에 해킹있었다는 제보를 인터넷진흥원에 했는데 운영체계 업데이트하며 흔적 지웠단 의혹이 제기됐었고 인증 없이 관리자 페이지에 접근할 수 있는 백도어 비롯해 8개의 보안취약점이 있다는 지적도 있었죠.LG U+는 2년여 전 18만 명 고객정보 유출로 홍역 치른 경험있죠.지금도 침해 사실 발견 안 됐지만 염려와 오해 해소 차원에서 절차 밟겠다는 의미라고 했는데요.해킹이 있었는지 당국의 조사 끝나면 판단 나오겟죠.다음도 해킹문제인데요.보안분야 대기업 SK쉴더스입니다.남의 IT보안 지키는 회사가 정작 자사는 뚫렸는데 신고까지 늦어 논란입니다.해커조직에 두 차례 경고 받고도 이상 없다고 판단했다 유출정보가 폐쇄적 망 다크웹에 올려진 뒤에야 침해 알았다는 점이 국정감사장에서 공개됐죠.인터넷진흥원 신고도 첫 경고후 일주일도 더 지난 18일이었답니다.IT 수문장이 본업인 회사가 뚫렸으니 자존심도 구겼지만 남의 정보가 유출될 우려가 크겠죠?일단 SK텔레콤, KB금융,금융보안원 자료가 해킹 내역에 포함됐다는 지적 나왔습니다.해당 기업,기관은 개인정보 유출 없다 선 그었습니다.하지만 보안,방어시스템 내역만 나갔어도 공격받을 수 있다는 우려가 나옵니다.이번엔 쿠팡과 현대백화점그룹입니다. 나란히 불명예스러운 1위에 올랐습니다.이것도 국정감사에서 나온 이야기인데요.유통분야 두 대기업이 문제 된 건 잘못이 많다는 이유에서였습니다.쿠팡은 2022년부터 올해 상반기까지 부과된 과징금이 1,628억원으로 과징금 1위,현대백화점그룹 같은 기간 경고 이상 누적 법률 위반이 38건으로 위반 건수 1위였습니다.제재 이유도 알고리즘 조작 논란부터 갑질, 담합까지 갖가지입니다.유통업 특성상 많은 국민들이 이용하는 두 회사, 더 이상 이런 안 좋은 1위 올라선 안 되겠습니다.마지막은 서희건설 보실까요?김건희특검 수사 과정에서 고가 보석 제공 시인했던 이 회사,,또다른 문제 직면했습니다.바로 오너일가 '아빠찬스' 의혹입니다.공정거래위원회 조사관들이 서희건설과 이봉관 회장 장녀가 최대주주로 알려진 건자재 및 분양대행 계열사 애플이앤씨 찾아가 자료 확보했는데요.2017년 설립돼 8년 만에 900억대 매출 내는 기업으로 초고속 성장한 데 문제가 있다는 겁니다.매출 대부분이 서희건설과의 거래에서 나왔기 때문입니다.이것 말고도 서희의 핵심사업 지주택 둘러싼 각종 논란이 국정감사에서 여럿 불거졌고 지주택사업 폐지 검토한다는 당국 발언까지 나왔습니다.그야말로 사면초가입니다.코스피 4,000이 목전입니다.하지만 제조기업 75%는 올해 영업이익 목표에 미달할 것이라며 코로나 때보다 어렵다고 하죠.자영업은 말할 것도 없습니다.금융시장에 몰린 기대가 실물경제 활황으로 이어지도록 정부와 기업의 역량을 집중해야 할 때입니다.지금까지 주간 기업기상도였습니다.연합뉴스TV 기사문의 및 제보 : 카톡/라인 jebo23"
https://n.news.naver.com/mnews/article/030/0003362745?sid=101,2025-10-26 14:01:15,경제,SKT·LGU+도 발 뺐다…K-UAM 동력 흔들,"국토교통부가 주최하는 2024 대한민국 드론 박람회가 9일 인천 연수구 송도컨벤시아에서 열렸다. 베슬에어로스페이스 부스에서 관람객이 도심항공교통(UAM) 기체를 살펴보고 있다. 김민수기자 mskim@etnews.com국토교통부가 인천 아라뱃길에서 도심항공교통(K-UAM) 실증 2단계를 시작했다. 그러나 주요 민간기업이 연이어 이탈하면서 실증의 의미가 퇴색하고 있다. 정부는 “미래형 비행체의 시대를 여는 첫걸음”이라며 의지를 보였지만, 산업계는 “상용화와 동떨어진 실험에 불과하다”고 지적한다.26일 관련 업계와 국토부에 따르면 아라뱃길에서 K-UAM 실증 2단계에서 핵심 기업인 SK텔레콤과 LG유플러스가 모두 이탈한 것으로 확인됐다. LG유플러스는 전담조직을 해체하며 사업에서 공식 철수했고, 카카오모빌리티·GS건설·제주항공과 함께 꾸렸던 '퓨처팀' 컨소시엄도 사실상 해체됐다. LG유플러스 관계자는 “저수익 사업을 조기에 정리하고, 인공지능(AI) 신사업에 집중하기 위한 결정”이라고 설명했다.SK텔레콤도 이번 2차 실증에 참여하지 않는다. AI 투자 확대에 자원을 집중하면서 초기비용이 큰 UAM은 우선순위에서 밀린 것으로 풀이된다. 업계는 사실상 철수 수순으로 보고 있다. SK텔레콤 관계자는 “UAM 사업 지속 여부는 여전히 검토 중”이라고 말했다.이번 실증은 수도권 상공을 대상으로 운항 절차, 교통관리, 버티포트 운영 등 핵심 운용 체계를 실제 도심 환경에서 검증하는 단계다. 'K-UAM 원팀'(대한항공·인천공항공사·현대차·KT·현대건설)과 '드림팀'(한국공항공사·한화시스템) 등 두 컨소시엄이 참여한다. 하지만, 주요 사업자들이 불참하면서 초기 경쟁구도까지 그려졌던 상황과는 사뭇 다른 분위기가 연출되고 있다.1단계 실증이 전남 고흥 개활지에서 기본 성능을 시험하는 과정이었다면, 2단계는 도심 상공을 실제 운항 환경으로 가정한 점검 단계다. 헬리콥터를 대역기로 투입해 운항 절차, 교통관리, 버티포트 운영 등 핵심 체계의 통합 운용성을 검증한다.정부는 기술 검증에 초점을 맞추고 있지만, 민간 기업의 움직임은 오히려 위축되고 있는 셈이다. 산업계에서는 이번 실증이 현장과 괴리가 크다는 지적이 나오고 있다. 주요 기업들이 잇따라 발을 빼며 참여 폭이 눈에 띄게 줄은 것도 같은 이유다.특히 통신 업계의 이탈은 구조적 한계에서 비롯된 것으로 해석된다. 현재 실증은 헬리콥터를 활용한 시스템 점검 중심으로 설계돼 통신망을 투입할 여지가 거의 없다. 기존 항공관제망(VHF 기반 ATC)만으로도 운항이 가능하기 때문이다. 통신사 역할은 6G나 저궤도 위성망이 구축되는 상용화 단계 이후에야 본격화될 전망이다. 한 통신사 관계자는 “기체가 없는 상황에서 실증을 진행해도 의미 있는 성과를 얻기 어렵다”고 전했다.GS건설도 이번 실증에 참여하지 않기로 했다. 헬리콥터 기반 R&D 중심 구조가 상용화와 연계되지 않아 투자 실익이 낮다는 이유다. 정부가 초기에 제시했던 '사업권 연계 인센티브'도 사라지면서 참여 동력은 한층 약해졌다. GS건설 관계자는 “상용화 노선에서 실증이 이뤄져야 의미가 있다”며 “기체 도입과 운영비 부담이 큰데 정부 지원이 충분하지 않다”고 말했다.기체 개발을 담당하는 제조 부문에서도 열기가 식고 있다. 현대차그룹은 원팀의 핵심 주체로 남아 있지만, AAM 개발을 이끌던 신재원 사장이 미국 계열사 슈퍼널(Supernal)과 AAM 본부장 자리에서 모두 물러나면서 조직이 흔들리고 있다. 새 리더십이 정비되지 않은 상황에서 프로젝트도 지연되고 있다. 최근 AAM 개발 인력 규모도 축소되고 있는 모습이다.업계에서는 현행 실증 구조가 산업 생태계의 속도와 엇박자를 내고 있다고 본다. 기업들은 실제 eVTOL 기체를 투입해 상용화 노선에서 검증하길 원하지만 실증 구간은 운항 체계 점검 중심으로 짜여 있다. 비행은 가능하지만 상용화와 직접 연결되지 않아 의미 있는 데이터를 확보하기 어렵다.정부와 지자체의 모호한 역할도 걸림돌로 꼽힌다. 한 업계 관계자는 “기체를 띄울 수는 있지만 그 결과가 산업적 성과로 이어지지 않는다”며 “실증이 아니라 상용화형 사업으로 전환해야 한다”고 말했다.UAM 상용화에 적극적인 미국과 일본은 정부가 제도 정비를 맡고, 지자체와 민간이 상용화 노선에서 실증을 병행하는 구조를 운영한다. 미국은 FAA가 인증과 규제를 담당하고, 주정부와 기업이 상용화 노선을 중심으로 실증을 진행한다. 일본도 국토성이 기체 인증을 맡되, 오사카와 도쿄 지자체가 실제 운항 가능한 구간에서 상용화 실증을 추진한다.이 때문에 국내에서는 중앙정부가 실증과 상용화를 모두 주도하면서 절차가 복잡하고 속도도 느리다는 평가가 나온다. 한 업계 관계자는 “실증과 상용화를 분리한 채 동일한 기준을 적용하면 민간이 움직이기 어렵다”며 “정부는 인증과 제도 설계에 집중하고, 지자체가 경제성 있는 노선에서 실증을 담당하는 구조로 전환해야 한다”고 말했다."
https://n.news.naver.com/mnews/article/138/0002207766?sid=105,2025-10-26 14:11:10,IT/과학,"LGU+, 금오공대에 '오픈랜 실증단지' 구축","클라우드 기반 가상화 기지국 검증도 본격 추진[디지털데일리 강소현기자] LG유플러스는 금오공대·삼지전자와 손잡고 실제 상용망에서 오픈랜(OpenRAN)의 완성도를 검증하기 위한 오픈랜 실증단지를 확대 구축한다고 26일 밝혔다.오픈랜은 개방형 인터페이스와 상호 운용성에 기반해 설계된 무선 접속망을 말한다. 이는 5G-6G 시대의 핵심 기술로 기존 네트워크구조를 하드웨어에서 소프트웨어 기반으로 혁신한 것이 특징이다.이번 실증단지 확대 구축은 과학기술정보통신부와 한국지능정보사회진흥원(NIA)이 추진하는 국책과제인 오픈랜 실증단지 조성 사업의 일환으로 진행된다. 국내 계측기 전문업체인 ‘이노와이어리스’도 함께 참여해 산학연 협력 모델을 구현한 것이 특징이다.LG유플러스와 협력사는 금오공대 구미 캠퍼스 전체에 오픈랜 상용망을 구축했다. 금오공대는 학생들의 참여를 통해 실증을 지원한다. 금오공대 학생들은 직접 통신 품질 측정 업무를 수행하는 등 방식으로 산학협력 활동에 참여할 예정이다.LG유플러스는 추가로 오픈랜의 핵심 기술 중 하나인 ‘클라우드 기반 가상화 기지국(Cloud RAN)’과 ‘기지국 지능형 컨트롤러(RIC) 검증도 본격 추진할 방침이다.향후 LG유플러스는 오픈랜 관련 장비를 다변화하고 운영 효율성 확대를 연구하는 등 국내 오픈랜 생태계 활성화에 집중한다.이상헌 LG유플러스 네트워크(NW)선행개발담당은 “지난해 오픈랜 실증단지 구축을 통해 얻은 성과를 확대하기 위해 다양한 협력업체와 손잡고 실증단지를 확대시행하기로 했다”며 “앞으로도 오픈랜 기술을 통해 국내 네트워크 기술력을 강화하고 글로벌 생태계와 협력해 고객들에게 더 나은 네트워크 서비스를 제공을 통한 밝은 세상을 만드는데 앞장서겠다""고 말했다."
https://n.news.naver.com/mnews/article/029/0002989285?sid=105,2025-10-26 15:32:08,IT/과학,‘에어·요고·너겟’ 통신3사 자급제 전쟁…알뜰폰은 떨고 있다,"SKT 에어·KT 요고·LGU+ 너겟으로 자급제 시장 겨냥데이터·포인트 제공부터 OTT까지 요금제 경쟁프로모션 경쟁에 알뜰폰 ‘위기감’ 고조SKT 모델들이 자급제 전용 서비스 ‘에어’를 소개하고 있다. SKT 제공통신3사가 자급제·온라인 전용 요금제 시장에 뛰어들면서 실속형 소비자를 겨냥하고 있다.SK텔레콤이 지난 13일 자급제 전용 디지털 통신 서비스 ‘에어’를 선보이면서 KT의 ‘요고’, LG유플러스 ‘너겟’까지 이른바 전용 브랜드 시장의 삼각 구도가 완성됐다. 이에 자급제폰 사용자를 주로 공략한 알뜰폰 업계가 크게 긴장하는 모양새다.26일 업계에 따르면 SKT의 자급제 요금제 에어는 지난 13일 출시 직후 파격적 혜택으로 주목을 받고 있다. 신규 가입자 대상으로 월 1만9000원~3만2000원 상당의 에어 포인트를 6개월간 제공하고 이를 요금 납부와 모바일 상품권 구매 등으로 활용하게 했다.특히 100GB 무제한 요금제는 포인트 혜택을 모두 적용하면 체감 가격이 1만원대까지 떨어진다. 가입부터 개통까지 애플리케이션(앱)으로 처리할 수 있고, e심 즉시 개통과 유심(USIM) 발급·배송 무료 혜택을 제공하면서 디지털 기반 편의성을 강화한 것도 특징이다.KT 관계자들이 ‘요고 시즌2’ 요금제를 소개하고 있다. KT 제공KT 또한 지난해 자급제 전용 요금제 ‘요고’ 브랜드를 내세우며 세컨드 브랜드 전선에 합류했다. LG유플러스 또한 지난 2023년 통신3사 중 처음으로 ‘너겟’을 출시하면서 공격적으로 마케팅했으나 사업 조직이 축소된 바 있다. 이런 가운데 SKT가 강력한 혜택을 내세운 자급제 브랜드를 론칭하면서 자급제·온라인 요금제 경쟁이 다시 불붙는 형국이다.KT는 최근 온라인 무약정 요금제 ‘요고’를 강화한 요고 시즌2를 운영하고 있다. 제공하는 대부분의 요금제에 온라인동영상서비스(OTT) 혜택을 기본 탑재해 3만원 요금제에서도 티빙 광고형 스탠다드를 사용할 수 있다. 상위 요금제에서는 디즈니플러스나 유튜브 프리미엄까지 선택할 수 있다.LG유플러스 관계자들이 ‘너겟 라이트’ 요금제를 설명하고 있다. LG유플러스 제공LG유플러스는 지난 2023년 ‘너겟’을 출시한 이후 요금제 라인업을 18종으로 확대하고 데이터 제공량을 크게 늘렸다. 2만6000원 요금제에서도 데이터 6GB를 제공하며, 19~34세 가입자에게는 최대 30GB 추가 데이터를 매월 더 얹어주는 방식으로 체감 혜택을 높였다.최근에는 신혼 부부 대상으로 한 프로모션 요금제를 ‘너겟 라이트’로 정식 출시했다.이들 브랜드는 알뜰폰에 비해서는 비싸지만, 기존 매장 기반 요금제보다는 저렴한 가격으로 시장 한가운데를 파고드는 구조다. 일각에서는 이들 포지션이 애매하다는 지적도 나온다. 단기적인 프로모션으로 알뜰폰 가입자 등을 흡수할 수는 있지만, 장기적으로 수익성과 생태계 균형에 어떤 영향을 줄지 미지수라는 것이다.정반대 의견도 있다. 통신3사의 자급제 전용 브랜드가 통신 시장 구조를 흔들 수 있다는 것이다. 대형 통신사들은 오프라인 유통망 부담 없이 앱 기반 셀프 개통을 앞세워 마진 구조를 개선할 수 있는 반면, 알뜰폰과 대리점은 수익 기반이 약화할 가능성이 높기 때문이다.특히 알뜰폰 업계에서는 ‘시장 잠식이 우려된다’는 볼멘소리가 나온다. 알뜰폰 업계 한 관계자는 “소비자 입장에서는 저렴하고 멤버십 혜택을 담보한 통신사 브랜드라면 갈아타지 않을 이유가 없다”고 말했다.이 관계자는 “5G의 도매대가가 너무 높아서 알뜰폰 업계는 데이터를 많이 주는 요금제를 내기 어렵다”며 “알뜰폰 업계는 자본력과 브랜드 파워에 밀려 가입자를 빼앗길 수밖에 없고 ‘불편한 공존’이 이어질 것”이라고 말했다."
https://n.news.naver.com/mnews/article/014/0005424665?sid=105,2025-10-26 18:18:16,IT/과학,'오픈랜 실증단지' 늘리는 LGU+… 상용화 앞장,"금오공대·삼지전자 등과 협약LG유플러스 임직원과 금오공대 학생들이 구축된 오픈랜 장비를 실증하는 모습. LG유플러스 제공LG유플러스가 금오공대, 삼지전자와 손잡고 실제 상용망에서 오픈랜의 완성도를 검증하기 위한 오픈랜 실증단지를 확대 구축한다고 26일 밝혔다.오픈랜은 개방형 인터페이스와 상호 운용성에 기반해 설계된 무선 접속망으로, 기존 네트워크의 제약을 벗어나 효율성·경제성 혁신을 추구해 5G·6G 시대의 핵심 기술로 자리 잡고 있다. 이번 실증단지 확대 구축은 과학기술정보통신부와 한국지능정보사회진흥원(NIA)이 추진하는 국책과제인 오픈랜 실증단지 조성 사업의 일환으로 진행된다. LG유플러스와 금오공대, 삼지전자 외 국내 계측기 전문업체인 '이노와이어리스'가 함께 참여해 5G 오픈랜 장비 제조사부터 통신사업자, 계측기 전문업체, 지역 대학이 참여하는 산학연 협력 모델을 구현한 것이 특징이다.LG유플러스와 협력사는 금오공대 구미 캠퍼스 전체 건물로 오픈랜 무선장치(O-RU)를 확대 설치했다. 지난해 12월 구미 캠퍼스 내 본관, 도서관, 실습관 등 일부 건물에 인빌딩 오픈랜 무선장치(O-RU)를 설치한 데 이어 올해는 캠퍼스 전체 건물로 범위를 확대해 오픈랜 상용망을 구축했다. 또한 LG유플러스는 오픈랜 상용망 실증단지 확보 외에 추가로 오픈랜의 핵심 기술 중 하나인 '클라우드 기반 가상화 기지국'과 '기지국 지능형 컨트롤러(RIC) 검증도 본격 추진할 방침이다. 금오공대는 학생들의 참여를 통해 실증을 지원한다. 금오공대 학생들은 직접 커버리지 확인 및 업·다운링크 속도 측정 등 5G 무선 품질 검증 활동에 참여, 통신 품질 측정 업무를 수행하는 등 방식으로 산학협력 활동에 참여할 예정이다.이상헌 LG유플러스 NW선행개발담당은 ""지난해 오픈랜 실증단지 구축을 통해 얻은 성과를 확대하기 위해 다양한 협력업체와 손잡고 실증단지를 확대시행하기로 했다""고 말했다."
https://n.news.naver.com/mnews/article/024/0000100838?sid=101,2025-10-27 08:47:07,경제,6G 시대 주도권 경쟁 불붙었다…‘모바일 코리아 2025’ 개막,"‘모바일 코리아 2025’ 포스터.차세대 네트워크 기술인 6G 상용화를 위한 글로벌 기술 패권 경쟁의 서막이 올랐다. 과학기술정보통신부는 오는 27일부터 30일까지 나흘간 서울 강서구 LG사이언스파크에서 ‘모바일 코리아 2025’를 개최한다.올해로 6회째를 맞이하는 이번 행사에는 미국, EU, 일본, 중국 등 16개국 60개 기관 및 기업에서 산·학·연 전문가 200여명이 참석해 6G와 위성통신 등 미래 네트워크 기술과 산업 동향을 공유한다. 특히 삼성전자, LG전자, 퀄컴, 에릭슨, 노키아 등 핵심 장비 제조사와 SK텔레콤, KT, LG유플러스 등 국내 이동통신 3사가 총출동해 6G 시대의 비전과 기술 전략을 심도 있게 논의한다.행사 첫날인 27일 개막식에서는 한국의 ‘6G 포럼’과 유럽연합(EU)의 ‘6G 산업협회(6G-IA)’가 업무협약(MoU)을 체결한다. 이번 협약은 차세대 통신 기술에 대한 글로벌 협력과 기술 공유를 강화해 한국이 6G 글로벌 리더십을 확보하는 중요한 발판이 될 것으로 기대를 모은다. 이상엽 LG유플러스 CTO(6G 포럼 대표의장)의 개회사와 류제명 과기정통부 차관의 축사에 이어 차세대 네트워크 연구개발 및 산업 육성 유공자에 대한 장관 표창 시상식도 진행된다.이번 행사는 △제6회 6G 글로벌(10.27~29) △제12회 5G 버티컬 서밋(10.29) △제9회 리저널 워크숍(10.29) △위성통신포럼 세션(10.30) 등 다채로운 프로그램으로 구성된다.‘6G 글로벌’에서는 3일간 5개의 기술 세션을 통해 24개 전문 강연이 이어진다. 27일에는 세계이동통신사업자연합회(GSMA), 삼성전자, EU 6G-IA의 기조연설을 시작으로 중국, 일본, 인도 등 주요국의 6G 포럼이 국제 협력 방안을 발표한다. 화웨이, 에릭슨, 노키아 등 글로벌 통신장비 제조사들도 6G 기술 전략을 공개한다.28일에는 LG전자와 AI-RAN 얼라이언스의 기조연설에 이어 SKT, KT, LGU+ 등 국내 통신 3사와 일본 KDDI가 통신사업자 관점의 6G 비전을 제시한다. 29일에는 키사이트, 로데슈바르츠 등 글로벌 계측 장비 기업과 이노와이어리스, 쏠리드 등 국내 대표 중소기업들이 참여하는 ‘모바일코리아 데모 페스트’가 열린다.29일 열리는 ‘5G 버티컬 서밋’은 ‘5G+X : 6G를 향한 미래 동력’을 슬로건으로 5G 고도화와 인공지능(AI) 융합을 통한 6G 기술 발전 방향을 집중 조명한다. 네이버랩스와 5GAA(5G 자동차협회)의 기조연설을 시작으로 삼성전자, SKT, 서울대 등이 참여하는 하이퍼 AI 네트워크 세션, LG AI 연구원과의 좌담, 로보티스·LGU+ 등이 참여하는 피지컬 AI 세션이 진행된다.같은 날 개최되는 ‘리저널 워크숍’에서는 AI와 네트워크 기술 융합을 통한 5G-Advanced 및 6G 혁신 방향이 논의된다. 리차드 사바도스 헝가리 국가경제부 차관을 비롯해 튀르키예, 태국, 인도 등 각국 정부 및 기관 관계자들이 참여해 글로벌 협력 확대 방안을 모색한다.행사 마지막 날인 30일에는 ‘위성통신포럼 세션’을 통해 비지상(NTN) 통신 기술 동향을 다룬다. 한국 과기정통부를 비롯해 유럽우주국(ESA), 일본 JSAT 등이 6G 위성 정책을 발표하고, KT SAT, 아주대 등 국내외 기업과 학계가 위성 표준화 및 기술 개발 현황을 공유할 예정이다."
https://n.news.naver.com/mnews/article/003/0013559165?sid=105,2025-10-27 09:00:00,IT/과학,"LGU+, 고객센터·멤버십 통합 앱 'U+one' 출시…슈퍼앱 꿈꾼다","LGU+, 고객 통합 앱 'Simpy. U+' 브랜드 철학 담아베타 테스트부터 고객 의견 반영해 통합 앱에 반영통신 넘어 일상·커머스·콘텐츠·구독 등의 영역 확장[서울=뉴시스]박은비 기자 = LG유플러스가 기존 고객센터 애플리케이션(앱)과 멤버십 앱으로 나눠져있던 서비스를 하나로 합친 고객 통합 앱 '유플러스원(U+one)'을 선보였다고 27일 밝혔다.통합 앱 출시는 LG유플러스가 새롭게 내놓은 브랜드 철학인 '간단히(Simply). U+)' 일환이다. 고객 불편과 불만을 일으키는 복잡한 과정을 없애고 고객 중심의 쉽고 편한 경험을 제공하겠다는 브랜드 철학을 반영해 하나의 앱에서 모든 고객 서비스를 이용할 수 있게 개발했다.이에 따라 LG유플러스 고객은 하나의 앱에서 통신 상품 가입부터 납부요금 확인, 멤버십 혜택까지 모든 통신 여정에서 필요한 서비스를 편하게 이용할 수 있다. 특히 기획·개발 과정에서 고객이 그동안 불편하다고 느꼈던 점을 최우선으로 반영하고 고객이 자주 사용하는 메뉴 중심으로 사용자인터페이스(UI)·사용자경험(UX)를 구성했다.실제로 기존 8종에 이르던 메뉴가 하단 탭의 MY, 스토어, 혜택 등 3가지로 단순해졌다. 여기에 고객에게 유익한 정보를 제공하는 플러스 탭과 탐색 편의성을 높이는 인공지능(AI) 검색 탭을 추가했다.멤버십 혜택도 기존 인기 혜택인 출석체크, 유플투쁠, 멤버십 바코드, VIP콕이나 영화 예매 같은 멤버십 혜택 등을 메인 화면에서 한 번에 고를 수 있게 디자인했다. 그동안 몰라서 쓰지 못했던 쿠폰도 관심사에 맞게 추천하고 LG유플러스 상품과 서비스까지 고객 맞춤으로 제안한다.아울러 고객이 필요한 정보를 쉽고 빠르게 찾도록 지원하는 AI 검색 기능이 추가됐다. '검색해도 원하는 정보가 나오지 않는다', '검색 결과가 너무 많아 원하는 걸 찾기까지 시간이 오래 걸린다' 등 고객 소리를 반영한 결과다.앞서 LG유플러스는 통합 앱 베타 테스트 때부터 고객 의견을 적극 반영했다. 대규모언어모델(LLM)을 탑재해 AI와 편하게 대화하듯 질문하면 상세 답변과 함께 추가 정보가 있는 페이지 바로가기를 제공한다.신규 메인 메뉴인 플러스는 고객이 꼭 챙겨야 할 혜택, 흥미로운 AI 트렌드, 회사와 고객이 함께하는 이야기 등 콘텐츠를 담았다. 정보에 재미를 더해 고객의 일상에 새로운 가치를 더하는 콘텐츠 허브가 되겠다는 포부다.LG유플러스는 U+one 출시를 시작으로 브랜드 철학을 담아 전사 서비스를 개선하겠다는 방침이다. 통합 앱 역시 통신을 넘어 일상, 커머스, 콘텐츠, 구독 등으로 영역을 확대해 단순 앱 이상 고객 일상에 편의를 높이는 슈퍼앱으로 진화시킬 계획이다.이재원 LG유플러스 컨슈머부문장(부사장)은 ""고객 중심으로 생각하고 본질에 집중하기 위해 고객이 가장 많이 쓰는 고객센터와 멤버십 앱을 통합했다""며 ""앞으로도 더욱 쓰기 쉽고 편한 디지털 접점을 만들어 가기 위해 고객 목소리를 듣고 'Simply. U+' 철학에 맞는 고객경험을 만드는 데 집중하겠다""고 말했다."
https://n.news.naver.com/mnews/article/029/0002989372?sid=105,2025-10-27 09:00:00,IT/과학,"고객센터·멤버십 한번에…LGU+, 통합 앱 ‘U+one’ 출시","LG유플러스 임직원이 ‘U+원’을 소개하고 있다. LG유플러스 제공LG유플러스는 고객 통합 앱 ‘U+one(유플러스원)’을 선보였다고 27일 밝혔다. U+one은 기존 고객센터 앱과 멤버십 앱으로 나눠져있던 서비스를 하나로 통합하고, 대화형 인공지능(AI)를 더해 편의성을 향상한 것이 특징이다. 통합 앱 출시는 LG유플러스가 새로 내놓은 브랜드 철학인 ‘심플 U+’의 일환이다.LG유플러스 가입자는 누구나 U+one으로 통신 상품 가입부터 납부요금 확인, 멤버십 혜택까지 서비스를 이용할 수 있다. 특히 기획·개발 과정에서 자주 사용하는 메뉴 중심으로 UI·UX를 구성했다.기존 8종에 이르던 메뉴는 하단 탭의 MY, 스토어, 혜택 3가지로 단순해졌다. 이에 더해 유익한 정보를 제공하는 플러스 탭과, 탐색 편의성을 높여주는 AI 검색 탭을 추가했다.멤버십 혜택은 기존 인기 혜택인 출석체크, 유플투쁠, 멤버십 바코드와 VIP콕이나 영화 예매 같은 각종 멤버십 혜택도 메인 화면에서 한 번에 고를 수 있게 디자인했다. 그동안 몰라서 쓰지 못했던 쿠폰도 관심사에 맞게 추천하고 LG유플러스 상품과 서비스까지 맞춤으로 제안한다.필요한 정보를 빠르게 찾도록 지원하는 AI 검색 기능도 추가됐다. 대규모언어모델(LLM)을 탑재해 AI와 편하게 대화하듯 질문하면 상세한 답변과 함께 추가 정보가 있는 페이지 바로가기를 제공한다. 신규 메인 중 하나인 플러스는 꼭 챙겨야 할 혜택, 흥미로운 AI 트렌드, 회사와 고객이 함께하는 이야기 등 유용한 콘텐츠를 담았다.U+one은 고객 만족도가 ‘당신의 U+’ 대비 5.1%포인트(p) 상승했다고 회사 측은 전했다. LG유플러스 가입자라면 앱마켓에서 U+one을 내려받아 사용할 수 있다. 기존 고객센터 앱인 ‘당신의 U+’를 사용하면 별도의 설치나 재로그인 없이 사용할 수 있다.향후 LG유플러스는 U+one 출시를 시작으로 심플 U+ 철학을 담아 전사 서비스를 개선할 방침이다. U+one은 통신을 넘어 일상, 커머스, 콘텐츠, 구독 등으로 영역을 확대해 단순한 앱을 넘어 일상에 편의를 높이는 슈퍼앱으로 진화시킬 계획이다.이재원 LG유플러스 컨슈머부문장(부사장)은 “앞으로도 더욱 쓰기 쉽고 편한 디지털 접점을 만들어 가기 위해 고객의 목소리를 듣고 심플 U+ 철학에 맞는 고객경험을 만드는 데 집중하겠다”고 말했다."
https://n.news.naver.com/mnews/article/277/0005669742?sid=105,2025-10-27 09:00:00,IT/과학,"고객센터·멤버십 한 번에…LG U+, 통합 앱 '유플러스원' 출시","고객 중심 UI·UX 적용…복잡한 정보 단순하게메인 화면 단순화·AI 검색 도입도LG유플러스는 기존 고객센터 앱과 멤버십 앱으로 나뉘어있던 서비스를 하나로 합친 통합 앱 '유플러스원(U+one)'을 선보인다고 27일 밝혔다.LG유플러스 고객이라면 통신 상품 가입부터 납부요금 확인, 멤버십 혜택 등 모든 서비스를 유플러스원 앱 하나로 이용할 수 있다. 앱 기획·개발 과정에서 고객의 불편함을 최우선으로 반영하고 고객이 자주 사용하는 메뉴 중심으로 사용자 인터페이스(UI)와 사용자 경험(UX)을 구성한 점이 특징이다.LG유플러스는 기존 고객센터 앱과 멤버십 앱으로 나눠져있던 서비스를 하나로 합친 통합 앱 '유플러스원(U+one)'을 선보인다. LG유플러스 임직원이 유플러스원을 소개하는 모습.이번 통합 앱 출시는 LG유플러스의 새 브랜드 철학인 '심플리 유플러스(Simply. U+)'의 일환으로, 하나의 앱에서 모든 고객 서비스를 이용할 수 있도록 유플러스원을 개발했다는 게 LG유플러스의 설명이다.실제로 기존 8종(마이페이지, 모바일, 인터넷/IPTV, 혜택, 고객지원, 너겟, 해외로밍, 유독) 메뉴는 하단 탭의 마이(MY), 스토어, 혜택 3가지로 단순해졌다. 여기에 고객에게 유익한 정보를 제공하는 플러스 탭과 탐색 편의성을 높여주는 인공지능(AI) 검색 탭을 추가했다.멤버십 혜택도 편리하게 사용할 수 있도록 디자인했다. 기존 인기 혜택인 출석체크, 유플투쁠, 멤버십 바코드에 더해 VIP콕이나 영화 예매 등 멤버십 혜택도 메인 화면에서 한 번에 고를 수 있게 디자인했다. 쿠폰을 관심사에 맞게 추천하고 LG유플러스 상품과 서비스도 고객 맞춤으로 제안한다.AI 검색 기능도 추가됐다. 거대언어모델(LLM)을 활용, AI와 대화하듯 질문하면 상세한 답변과 함께 추가 정보가 있는 페이지를 제공한다. 신규 메인 중 하나인 플러스는 고객 혜택과 AI 트렌드, 회사와 고객이 함께하는 이야기 등 콘텐츠를 담았다.유플러스원은 베타 테스트 때부터 고객 의견을 적극 반영했는데, 이로 인해 고객 만족도가 기존 고객센터 앱인 '당신의 U+' 대비 5.1%포인트 상승했다.LG유플러스 고객이라면 앱마켓에서 유플러스원 앱을 내려받아 사용할 수 있다. 당신의 U+를 사용하던 고객이라면 별도의 설치나 재로그인 없이 업데이트를 통해 사용할 수 있다.향후 LG유플러스는 유플러스원 출시를 시작으로 심플리 유플러스 철학을 담아 전사 서비스를 개선한다는 방침이다.이재원 LG유플러스 컨슈머부문장(부사장)은 ""고객 중심으로 생각하고 본질에 집중하기 위해 고객이 가장 많이 쓰는 고객센터와 멤버십 앱을 통합했다""며 ""앞으로도 더욱 쓰기 쉽고 편한 디지털 접점을 만들어 가기 위해 고객의 목소리를 듣고 심플리 유플러스 철학에 맞는 고객 경험을 만드는 데 집중하겠다""고 말했다."
https://n.news.naver.com/mnews/article/016/0002547628?sid=105,2025-10-27 09:01:11,IT/과학,"LGU+, 고객센터·멤버십 통합 앱 ‘유플러스원’ 출시","UI·UX로 전면 개편, 고객 편의 강화AI 검색 도입, 빠르고 정확한 안내“고객 통신 생활, 단순하게 바꿀 것”LG유플러스 임직원이 유플러스원(U+one)을 소개하고 있다. [LG유플러스 제공][헤럴드경제=고재우 기자] LG유플러스는 고객센터 앱과 멤버십 앱으로 나뉘어 있던 서비스를 하나로 통합한 고객 통합 앱 ‘유플러스원(U+one)’을 출시했다고 27일 밝혔다.유플러스원은 고객센터와 멤버십 앱을 통합한 것은 물론, 대화형 인공지능(AI)을 적용해 고객 편의성을 향상한 것이 특징이다. 통합 앱 출시는 LG유플러스가 새롭게 내놓은 브랜드 철학인 ‘심플리. 유플러스(Simply. U+)’의 일환이다. 복잡한 과정을 없애고, 쉽고 편한 경험을 제공하겠다는 게 심플리. 유플러스의 취지다.유플러스원 이용자들은 통신 상품 가입부터 납부 요금 확인, 멤버십 혜택까지 필요한 서비스를 편하게 이용할 수 있다. 특히 기획·개발 과정에서 고객이 그동안 불편하다고 느꼈던 점을 최우선으로 반영하고 고객이 자주 사용하는 메뉴 중심으로 사용자 환경(UI)·경험(UX)을 구성했다.이에 따라 마이페이지·모바일·인터넷 및 인터넷TV(IPTV)·혜택·고객지원·너겟·해외 로밍·유독 등 8종에 이르던 메뉴는 하단 탭의 MY, 스토어, 혜택 3가지로 단순해졌다. 여기에 고객에게 유익한 정보를 제공하는 플러스 탭과 탐색 편의성을 높여주는 AI 검색 탭이 추가됐다. 간결해진 UI·UX로 고객은 자주 쓰는 서비스와 나에게 도움이 되는 정보를 직관적으로 확인할 수 있다.멤버십 혜택도 개편됐다. 기존 인기 혜택인 출석 체크, 유플투쁠, 멤버십 바코드는 물론, VIP콕이나 영화 예매 같은 각종 멤버십 혜택도 메인 화면에서 한 번에 고를 수 있게 디자인됐다.특히 AI 검색 기능도 추가됐다. 이는 ‘검색해도 원하는 정보가 나오지 않는다’ ‘결과가 너무 많아 원하는 걸 찾기까지 시간이 오래 걸린다’ 등 고객의 소리를 반영한 조치다. 대규모언어모델(LLM)이 탑재된 결과, 이용자는 AI와 편하게 대화하듯 질문하고, 상세한 답변과 함께 추가 정보가 있는 페이지 바로가기 등을 받을 수 있게 됐다.유플러스원은 LG유플러스 고객이라면 앱 마켓에서 내려받아 사용할 수 있다. 기존 고객센터 앱인 ‘당신의 U+’를 사용하던 고객이라면 별도의 설치나 재로그인 없이 사용할 수 있다.이재원 LG유플러스 컨슈머부문장(부사장)은 “고객이 가장 많이 쓰는 고객센터와 멤버십 앱을 통합했다”며 “앞으로도 쓰기 쉽고, 편한 디지털 접점을 만들어 가기 위해 고객의 목소리를 듣겠다”고 말했다.한편 LG유플러스는 유플러스원 출시 기념 프로모션을 진행할 예정이다. 앱 방문 고객을 대상으로 ‘유플러스원과 함께 이루는 2025 버킷리스트’ ‘모두가 원하는 모두의 쿠폰’ ‘내가 원하는 아이디어 실플.랩(Simple.lab)’ 등 고객 참여형 프로모션을 제공한다."
https://n.news.naver.com/mnews/article/031/0000975141?sid=105,2025-10-27 09:08:11,IT/과학,"LGU+, 통합 고객 앱 'U+one' 출시…디지털 경험 '심플하게'","고객센터·멤버십 앱 통합…AI 검색·맞춤 혜택으로 편의성 강화LG유플러스는 복잡한 디지털 생활 속 고객 불편을 해소하고 '심플한 경험'을 제공하기 위해 통합 고객 앱 'U+one'을 출시했다고 27일 밝혔다.사진은 LG유플러스 임직원이 U+one을 소개하는 모습. [사진=LGU+]'U+one'은 기존 고객센터 앱과 멤버십 앱으로 나뉘어 있던 기능을 하나로 통합하고, 대화형 인공지능(AI) 기반 검색 기능을 더한 것이 특징이다. LG유플러스가 새롭게 내놓은 브랜드 철학 'Simply. U+'의 일환으로, 고객 중심의 쉽고 편한 서비스를 구현했다는 설명이다.U+one은 LG유플러스 고객이라면 누구나 이용 가능하며, 통신 상품 가입, 요금 확인, 멤버십 혜택 등 다양한 서비스를 하나의 앱에서 제공한다. 고객이 자주 이용하는 메뉴를 중심으로 UI·UX를 단순화해 사용성을 높였다.기존 8개로 나뉘었던 앱 메뉴는 △MY △스토어 △혜택 등 3가지 하단 탭으로 간결하게 정리됐으며, 여기에 유익한 콘텐츠를 담은 '플러스 탭'과 AI 기반 탐색 기능을 제공하는 '검색 탭'을 추가해 편의성을 높였다.멤버십 혜택도 직관적으로 개선됐다. 출석체크, 유플투쁠, 멤버십 바코드 등 기존 인기 혜택은 물론, VIP콕, 영화 예매 등 혜택도 메인 화면에서 손쉽게 확인할 수 있도록 구성됐다. 관심사 기반 쿠폰 추천과 상품·서비스 제안도 강화됐다.AI 검색 기능은 대규모언어모델(LLM)을 적용해 대화하듯 질문하면 관련 정보와 바로가기 링크를 제공한다. 이는 '검색 결과가 많아 원하는 정보를 찾기 어렵다'는 고객 의견을 반영한 결과다.신규 구성 요소인 '플러스 탭'은 고객에게 꼭 필요한 혜택, AI 트렌드, 기업 활동 등을 콘텐츠로 구성해 정보를 쉽고 재미있게 전달한다.LG유플러스는 베타 테스트를 통해 고객 의견을 적극 반영했으며, 그 결과 기존 앱 대비 고객 만족도가 5.1%포인트 상승했다고 밝혔다. 이용자들은 '요금 확인이 쉽다', '메뉴 구성이 직관적이다', '멤버십 혜택 접근이 간편하다'고 자평했다.LG유플러스는 이번 앱 출시를 시작으로 'Simply. U+' 철학에 따라 전사 서비스 전반을 개선하고, U+one을 통신을 넘어 커머스·콘텐츠·구독 등으로 확장해 슈퍼앱으로 진화시킬 계획이다.이재원 LG유플러스 컨슈머부문장(부사장)은 ""고객이 가장 많이 이용하는 고객센터와 멤버십 앱을 통합한 것은 고객 중심의 사고에서 비롯됐다""며 ""앞으로도 Simply. U+ 철학에 따라 고객 목소리를 반영해 더 쉽고 편한 디지털 접점을 만들어 가겠다""고 말했다."
https://n.news.naver.com/mnews/article/374/0000470730?sid=101,2025-10-27 09:11:15,경제,"고객센터·멤버십 한 곳에서…LGU+, 통합 앱 출시","[LG유플러스 제공=연합뉴스]LG유플러스는 기존 고객센터·멤버십 앱으로 나뉘어져 있던 서비스를 합친 통합 앱 'U+one'(유플러스 원)을 출시했다고 오늘(27일) 밝혔습니다.LG유플러스 고객은 유플러스원으로 통신 상품 가입부터 납부 요금 확인, 멤버십 혜택까지 필요한 모든 서비스를 이용할 수 있습니다.기존 8종에 이르던 메뉴는 하단 탭의 MY, 스토어, 혜택 등 세 가지로 단순해졌고, 고객에게 유익한 정보를 제공하는 플러스 탭과 탐색 편의성을 높여주는 인공지능(AI) 검색 탭을 추가해 완결성을 높였습니다.LG유플러스는 앱 기획·개발 과정에서 복잡한 과정을 없애고 고객이 불편하다고 느낀 점을 최우선으로 반영해 자주 사용되는 메뉴 중심으로 UI/UX를 구성했다고 설명했습니다.멤버십 혜택은 단순화해 기존 인기 혜택인 출석체크, 유플투쁠, 멤버십 바코드는 물론 VIP콕이나 영화 예매 등도 메인 화면에서 한 번에 고를 수 있게 디자인했습니다.그동안 몰라서 쓰지 못했던 쿠폰도 관심사에 맞게 추천하고 LG유플러스 상품과 서비스까지 고객 맞춤으로 제안합니다.또 고객이 필요한 정보를 쉽고 빠르게 찾도록 지원하는 AI 검색 기능도 추가됐습니다. 대규모언어모델(LLM)을 탑재해 AI와 편하게 대화하듯 질문하면 상세한 답변과 함께 추가 정보가 있는 페이지 바로가기를 제공합니다.향후 LG유플러스는 유플러스원을 통신뿐만 아니라 일상, 커머스, 콘텐츠, 구독 등으로 영역을 확대해 고객의 일상에 편의를 높이는 슈퍼앱으로 진화시킬 계획입니다.이재원 LG유플러스 컨슈머부문장(부사장)은 ""앞으로도 더욱 쓰기 쉽고 편한 디지털 접점을 만들어 가기 위해 고객의 목소리를 듣고 '심플리. U+' 철학에 맞는 고객 경험을 만드는 데 집중하겠다""고 밝혔습니다.당신의 제보가 뉴스로 만들어집니다.SBS Biz는 여러분의 제보를 기다리고 있습니다.홈페이지 = https://url.kr/9pghjn"
https://n.news.naver.com/mnews/article/092/0002395435?sid=105,2025-10-27 09:15:09,IT/과학,"LGU+, 고객센터+멤버십 통합앱 내놨다","메인 화면 간결하게 바꾸고 AI 검색 도입LG유플러스가 기존 고객센터 앱과 멤버십 앱으로 나눠져있던 서비스를 하나로 통합하고, 대화형 AI를 더해 고객 편의성을 향상한 U+one 고객 통합 앱을 선보였다고 27일 밝혔다.LG유플러스 가입자는 누구나 U+one으로 통신 상품 가입부터 납부요금 확인, 멤버십 혜택까지 모든 통신 여정에서 필요한 서비스를 편하게 이용할 수 있다.마이페이지, 모바일, 인터넷/IPTV, 혜택, 고객지원, 너겟, 해외로밍, 유독 등 8종에 이르던 메뉴는 하단 탭의 MY, 스토어, 혜택 3가지로 단순해졌다. 유익한 정보를 제공하는 플러스 탭과 탐색 편의성을 높여주는 AI 검색 탭을 추가해 통합 앱의 완결성을 높였다. 심플해진 UI와 UX로 고객은 자주 쓰는 서비스와 나에게 도움이 되는 정보를 직관적으로 확인할 수 있다.멤버십 혜택 또한 심플에 집중했다. 기존 인기 혜택인 출석체크, 유플투쁠, 멤버십 바코드는 물론, VIP콕이나 영화 예매 같은 각종 멤버십 혜택도 메인 화면에서 한 번에 고를 수 있게 디자인했다. 그동안 몰라서 쓰지 못했던 쿠폰도 관심사에 맞게 추천하고 LG유플러스 상품과 서비스까지 고객 맞춤으로 제안한다.고객이 필요한 정보를 쉽고 빠르게 찾도록 지원하는 AI 검색 기능도 추가됐다. 이 또한 ‘검색해도 원하는 정보가 나오지 않는다.’ 또는 ‘결과가 너무 많아 원하는 걸 찾기까지 시간이 오래 걸린다’는 고객의 소리를 반영한 결과다. 대규모언어모델(LLM)을 탑재해 AI와 편하게 대화하듯 질문하면 상세한 답변과 함께 추가 정보가 있는 페이지 바로가기를 제공한다.신규 메인 중 하나인 플러스는 고객이 꼭 챙겨야 할 혜택, 흥미로운 AI 트렌드, 회사와 고객이 함께하는 이야기 등 유용한 콘텐츠를 담았다. 정보에 재미를 더해 고객의 일상에 새로운 가치를 더하는 콘텐츠 허브로 자리매김하기 위해서다.이재원 LG유플러스 컨슈머부문장은 “고객 중심으로 생각하고 본질에 집중하기 위해 고객이 가장 많이 쓰는 고객센터와 멤버십 앱을 통합했다”며 “앞으로도 더욱 쓰기 쉽고 편한 디지털 접점을 만들어 가기 위해 고객의 목소리를 듣고 Simply. U+ 철학에 맞는 고객경험을 만드는 데 집중하겠다”고 말했다."
https://n.news.naver.com/mnews/article/629/0000437453?sid=105,2025-10-27 09:41:11,IT/과학,"LGU+, 고객센터·멤버십 앱 통합…편의성 대폭 개선","앱 하나로 가입, 요금 확인, 멤버십 혜택 제공대화형 AI 탑재, 고객 맞춤형 서비스 추천LG유플러스가 기존 고객센터 애플리케이션(앱)과 멤버십 앱을 하나로 통합한 'U+one'을 선보였다. /LG유플러스LG유플러스는 기존 고객센터 애플리케이션(앱)과 멤버십 앱을 하나로 통합한 'U+one'을 선보였다고 27일 밝혔다.통합 앱 출시는 LG유플러스의 새로운 브랜드 철학인 '심플리. 유플러스(Simply. U+)'의 일환이다. 고객 불편을 유발하는 복잡한 절차를 줄이고 하나의 앱에서 통신상품 가입부터 요금 확인, 멤버십 혜택까지 모두 이용할 수 있도록 설계됐다.U+one은 고객이 자주 사용하는 메뉴를 중심으로 UI·UX를 재구성했다. 기존 8개 메뉴를 'MY', '스토어', '혜택' 3개 탭으로 단순화하고, 여기에 AI 검색 탭과 콘텐츠 허브 역할을 하는 '플러스' 탭을 추가했다. 고객은 심플해진 인터페이스로 필요한 정보와 혜택을 손쉽게 확인할 수 있다.멤버십 기능도 직관적으로 개편됐다. 출석체크, 유플투쁠, VIP콕, 영화 예매 등 주요 혜택을 메인 화면에서 바로 이용할 수 있으며 인공지능(AI)이 고객의 관심사에 맞춘 쿠폰과 서비스 추천도 제공한다. AI 검색 기능으로 고객이 질문한 정보를 빠르게 찾아준다. 단순 검색을 넘어 관련 페이지 바로가기와 추가 정보도 함께 안내한다.플러스 탭에서는 고객 맞춤형 혜택과 AI 트렌드, 기업 소식 등 다양한 콘텐츠를 제공한다. 단순한 고객 서비스 앱을 넘어 정보와 재미를 결합한 디지털 콘텐츠 허브로 발전시킨다는 계획이다.LG유플러스는 베타 테스트 기간 동안 고객 피드백을 적극 반영해 이용 만족도를 이전 '당신의 U+' 앱 대비 5.1%포인트(p) 높였다. LG유플러스 고객은 앱마켓에서 U+one을 내려받을 수 있으며, 기존 '당신의 U+' 이용자는 별도 설치나 로그인 없이 자동 전환된다.이재원 LG유플러스 컨슈머부문장은 ""고객이 가장 자주 쓰는 앱부터 본질적인 개선을 시작했다""며 ""앞으로도 고객이 더 쉽고 편하게 이용할 수 있는 디지털 경험을 만들어가겠다""고 말했다.발로 뛰는 더팩트는 24시간 여러분의 제보를 기다립니다.▶카카오톡: '더팩트제보' 검색▶이메일: jebo@tf.co.kr▶뉴스 홈페이지: http://talk.tf.co.kr/bbs/report/write"
https://n.news.naver.com/mnews/article/011/0004548059?sid=105,2025-10-27 09:56:20,IT/과학,"LGU+, 고객센터·멤버십 통합 앱 '유플러스원' 출시","AI 대화 검색 기능 추가""커머스·구독으로 확대""LG유플러스가 고객센터와 멤버십 서비스를 통합한 애플리케이션 ‘유플러스(U+)원’을 출시했다고 27일 밝혔다. 사진 제공=LG유플러스[서울경제]LG유플러스가 고객센터와 멤버십 서비스를 통합한 애플리케이션 ‘유플러스원(U+one)’을 출시했다고 27일 밝혔다.유플러스원은 통신 상품 가입부터 납부요금 확인, 멤버십 혜택까지 모든 통신 여정에서 필요한 서비스를 지원한다. 기획·개발 과정에서 고객이 그동안 불편하다고 느꼈던 점을 최우선으로 반영하고 고객이 자주 사용하는 메뉴 중심으로 사용자인터페이스·사용자경험(UI/UX)을 구성했다.유플러스원에는 유익한 정보를 제공하는 ‘플러스’ 탭과 탐색 편의성을 높여주는 인공지능(AI) 검색 탭이 추가됐다. 플러스는 가입자가 꼭 챙겨야 할 혜택, 흥미로운 AI 트렌드, 회사와 고객이 함께하는 이야기 등 유용한 콘텐츠를 제공한다. 기존 인기 혜택인 출석체크, 유플투쁠, 멤버십 바코드는 물론, VIP콕이나 영화 예매 같은 각종 멤버십 혜택도 메인 화면에서 한 번에 고를 수 있게 디자인했다. LG유플러스는 “정보에 재미를 더해 고객의 일상에 새로운 가치를 더하는 콘텐츠 허브로 자리매김하기 위함”이라고 설명했다.AI 검색은 대규모언어모델(LLM)을 탑재해 대화하듯 질문하면 상세한 답변과 함께 추가 정보가 있는 페이지 바로가기를 제공한다. LG유플러스는 ‘검색해도 원하는 정보가 나오지 않는다’ ‘결과가 너무 많아 원하는 걸 찾기까지 시간이 오래 걸린다’는 기존 앱 이용자 반응을 반영했다고 설명했다. 마이페이지 기존 메뉴 8종은 하단 탭의 마이(MY), 스토어, 혜택 등 3종으로 단순화했다.LG유플러스는 유플러스원을 일상, 커머스, 콘텐츠, 구독 등으로 영역을 확대해 단순한 앱을 넘어 고객 일상에 편의를 높이는 슈퍼앱으로 진화시킬 계획이다. 이재원 LG유플러스 컨슈머부문장은 “고객 중심으로 생각하고 본질에 집중하기 위해 고객이 가장 많이 쓰는 고객센터와 멤버십 앱을 통합했다”며 “더욱 쓰기 쉽고 편한 디지털 접점을 만들어 가기 위해 고객의 목소리를 듣고 심플리 유플러스(Simply. U+) 철학에 맞는 고객 경험을 만드는 데 집중하겠다”고 말했다."
https://n.news.naver.com/mnews/article/014/0005424847?sid=105,2025-10-27 10:02:12,IT/과학,"LG U+, 고객센터·멤버십 통합 앱 ‘U+one’ 출시","LG유플러스 임직원이 U+one을 소개하고 있다. LG유플러스 제공[파이낸셜뉴스] LG유플러스는 고객 통합 앱 ‘유플러스 원(U+one)’을 선보인다고 27일 밝혔다. U+one은 기존 고객센터 앱과 멤버십 앱으로 나눠진 서비스를 하나로 통합하고 대화형 인공지능(AI)을 더해 고객 편의성을 향상했다.LG유플러스 고객은 U+one으로 통신 상품 가입부터 납부요금 확인, 멤버십 혜택까지 모든 통신 여정에서 필요한 서비스를 이용할 수 있다. LG유플러스는 기획·개발 과정에서 고객이 그동안 불편하다고 느꼈던 점을 최우선으로 반영하고 고객이 자주 사용하는 메뉴 중심으로 앱을 구성했다.기존 8종이었던 메뉴는 3종으로 단순해졌다. 고객에게 유익한 정보를 제공하는 플러스 탭과, 탐색 편의성을 높여주는 AI 검색 탭을 추가해 통합 앱의 완결성을 높였다.기존 인기 혜택인 출석체크, 유플투쁠, 멤버십 바코드, VIP콕, 영화 예매 등 각종 멤버십 혜택도 메인 화면에서 한 번에 고를 수 있다. 그동안 몰라서 쓰지 못했던 쿠폰도 관심사에 맞게 추천한다.고객이 필요한 정보를 쉽고 빠르게 찾도록 지원하는 AI 검색 기능도 추가됐다. 대규모언어모델(LLM)을 탑재해 AI와 편하게 대화하듯 질문하면 상세한 답변과 추가 정보가 있는 페이지 바로가기를 제공한다.신규 메인 중 하나인 플러스는 고객이 꼭 챙겨야 할 혜택, 흥미로운 AI 트렌드, 회사와 고객이 함께하는 이야기 등 유용한 콘텐츠를 담았다.LG유플러스는 U+one 고객 만족도가 '당신의 U+' 대비 5.1%p 상승했다고 설명했다.LG유플러스는 U+one을 통신을 넘어 일상, 커머스, 콘텐츠, 구독 등으로 영역을 확대해 단순한 앱을 넘어 고객의 일상에 편의를 높이는 슈퍼앱으로 진화시킬 계획이다.한편 LG유플러스는 앱 방문 고객 대상으로 ‘U+one과 함께 이루는 2025 버킷리스트’, ‘모두가 원하는 모두의 쿠폰’ 등 고객 참여형 프로모션을 제공한다."
https://n.news.naver.com/mnews/article/138/0002207807?sid=105,2025-10-27 10:31:08,IT/과학,"LGU+, 고객센터·멤버십 통합앱 ‘U+one’ 출시","[디지털데일리 강소현기자] LG유플러스는 복잡한 디지털 생활 속 심플한 경험을 제공하기 위해 고객통합 앱 ‘U+one’을 선보였다고 27일 밝혔다.U+one은 기존 고객센터 앱과 멤버십 앱으로 나눠져있던 서비스를 하나로 통합하고, 대화형 인공지능(AI)을 더해 고객 편의성을 향상한 것이 특징이다.통합 앱 출시는 LG유플러스가 새롭게 내놓은 브랜드 철학인 ‘Simply. U+’의 일환이다. 고객의 불편을 일으키는 복잡한 과정을 없애고 고객 중심의 쉽고 편한 경험을 제공하겠다는 Simply. U+의 취지를 담아 하나의 앱에서 모든 고객 서비스를 이용할 수 있도록 U+one을 개발했다는 설명이다.이에 새로운 UI/UX에는 기획·개발 과정에서 고객이 그동안 불편하다고 느꼈던 점을 최우선으로 반영됐다. 기존 8종(마이페이지·모바일·인터넷/IPTV·혜택·고객지원·너겟·해외로밍·유독)에 이르던 메뉴는 하단 탭의 MY·스토어·혜택으로 단순화했다.멤버십 혜택 또한 고객이 많이 이용하는 혜택을 메인 화면에서 한 번에 고를 수 있게 했다. 그동안 몰라서 쓰지 못했던 쿠폰도 고객 맞춤으로 제안한다.여기에 고객에게 유익한 정보를 제공하는 플러스 탭과 탐색 편의성을 높여주는 AI 검색 탭을 추가해 통합 앱의 완결성을 높였다.신규 메인 중 하나인 플러스는 고객이 꼭 챙겨야 할 혜택 등 유용한 콘텐츠를 담았다. AI 검색 기능은 대규모언어모델(LLM)을 탑재해 AI와 편하게 대화하듯 질문하면 상세한 답변과 함께 추가 정보가 있는 페이지 바로가기를 제공한다.향후 LG유플러스는 U+one 출시를 시작으로 Simply. U+ 철학을 담아 전사 서비스를 개선한다는 방침이다.이재원 LG유플러스 컨슈머부문장(부사장)은 “고객 중심으로 생각하고 본질에 집중하기 위해 고객이 가장 많이 쓰는 고객센터와 멤버십 앱을 통합했다""며 ""앞으로도 더욱 쓰기 쉽고 편한 디지털 접점을 만들어 가기 위해 고객의 목소리를 듣고 Simply. U+ 철학에 맞는 고객경험을 만드는 데 집중하겠다”고 말했다.한편 LG유플러스는 U+one 출시 기념 프로모션을 진행할 예정이다. 앱 방문 고객 대상으로 ‘U+one과 함께 이루는 2025 버킷리스트’, ‘모두가 원하는 모두의 쿠폰’, ‘내가 원하는 아이디어 Simple.lab’ 등 고객 참여형 프로모션을 제공한다"
https://n.news.naver.com/mnews/article/144/0001075858?sid=105,2025-10-27 10:42:17,IT/과학,"LG U+, 고객센터·멤버십 통합 앱 ‘U+one’ 출시","UI/UX로 전면 개편해 고객 편의 강화…복잡한 통신 여정 단순하게 개선LG유플러스가 기존 고객센터·멤버십 앱으로 나뉘어져 있던 서비스를 통합한 ‘U+one’(유플러스 원)을 출시했다고 27일 밝혔다.통신 상품 가입부터 납부 요금 확인, 멤버십 혜택까지 필요한 모든 서비스를 이용할 수 있는 앱이다.기존 8종에 이르던 메뉴는 하단 탭의 MY, 스토어, 혜택 등 세 가지로 단순해졌고, 고객에게 정보를 제공하는 플러스 탭과 탐색 편의성을 높여주는 인공지능(AI) 검색 탭을 추가해 완결성을 높였다.멤버십 혜택은 단순화해 기존 인기 혜택인 출석체크, 유플투쁠, 멤버십 바코드는 물론 VIP콕이나 영화 예매 등도 메인 화면에서 한 번에 고를 수 있게 디자인했다.몰라서 쓰지 못했던 쿠폰도 관심사에 맞게 추천하고 LG유플러스 상품과 서비스까지 고객 맞춤으로 제안한다,고객이 필요한 정보를 쉽고 빠르게 찾도록 지원하는 AI 검색 기능도 추가됐다. 대규모언어모델(LLM)을 탑재해 AI와 편하게 대화하듯 질문하면 상세한 답변과 함께 추가 정보가 있는 페이지 바로가기를 제공한다.LG유플러스는 유플러스원을 통신뿐만 아니라 일상, 커머스, 콘텐츠, 구독 등으로 영역을 확대해 고객의 일상에 편의를 높이는 슈퍼앱으로 진화시킬 계획이다.이재원 LG유플러스 컨슈머부문장(부사장)은 “앞으로도 더욱 쓰기 쉽고 편한 디지털 접점을 만들어 가기 위해 고객의 목소리를 듣고 ‘심플리. U+’ 철학에 맞는 고객 경험을 만드는 데 집중하겠다”고 밝혔다.조진호 기자 ftw@kyunghyang.com"
https://n.news.naver.com/mnews/article/003/0013559713?sid=105,2025-10-27 11:00:00,IT/과학,서울서 미래 '6G 시대' 논한다…모바일 코리아 2025 개최,"27~30일 모바일 코리아 2025 진행…16개국 산·학·연 전문가 집결6G 국제협력·5G 고도화·AI와 통신 융합 등 미래 통신 기술 논의[서울=뉴시스]윤현성 기자 = 전세계 통신사, 통신장비 제조기업부터 학계, 연구계 전문가들이 모두 한국에 모여 미래 통신 기술 '6G' 논의에 나선다.과학기술정보통신부는 27~30일 서울 강서구 LG 사이언스 파크에서 '모바일 코리아 2025'를 개최한다고 밝혔다.이번 모바일 코리아 2025에는 미국, 유럽연합(EU), 일본, 중국 등 주요국을 포함한 16개국 60개 기관·기업의 산·학·연 전문가 300여명이 참여해 6G, 위성통신 등 차세대 네트워크 분야의 기술·산업 동향을 공유한다. 특히 삼성전자, LG전자, 퀄컴, 에릭슨, 노키아 등 장비제조사와 SK텔레콤, KT, LG유플러스 등 통신사업자, 그리고 학계·연구계가 참여해 6G 비전 및 기술과 6G 시대를 준비하는 다양한 관점에 대해 논의한다.첫날인 27일에는 모바일 코리아 2025 개막식이 6G 포럼 대표의장인 이상엽 LG유플러스 CTO(최고기술책임자)의 개회사로 시작된다. 이후 글로벌 6G 리더십을 대표하는 한국의 6G 포럼과 EU의 6G-IA 간 MOU 체결식이 진행된다. 이번 협약을 통해 차세대 통신 기술에 대한 글로벌 협력과 기술 공유가 한층 강화되어 한국이 6G 글로벌 리더십을 확보하는 데 중요한 발판이 마련될 것으로 기대된다.모바일코리아 2025는 ▲6G 기술·표준 관련 글로벌 동향 및 6G 정책 추진방향을 국내·외 전문가와 논의하는 '6G 글로벌(27~29일) ▲5G 융합서비스 활성화 방안에 대해 공유하는 '5G 버티컬 서밋'(29일) ▲국제협력 강화를 위한 '리저널 워크숍(29일)'을 프로그램으로 구성해 진행한다.6G 분야 국제협력 방안 논의…5G 고도화 및 AI 융합 등도 다룬다"
https://n.news.naver.com/mnews/article/001/0015702747?sid=105,2025-10-27 11:00:27,IT/과학,"AI 시대 6G 전략, '모바일 코리아 2025' 개막","16개국 전문가 300명 참여, 차세대 통신 논의삼성·퀄컴·에릭슨 등 글로벌 ICT 기업 총출동(서울=연합뉴스) 조성미 기자 = 과학기술정보통신부는 27∼30일 서울 강서구 LG 사이언스 파크에서 인공지능(AI)과 6G 시대를 앞당기기 위한 글로벌 협력의 장으로 '모바일 코리아 2025'를 연다고 밝혔다.행사에는 미국, 유럽연합(EU), 일본, 중국 등 16개국 산·학·연 전문가 300여 명이 참여해 6G, 위성통신 등 차세대 네트워크 분야의 기술·산업 동향을 공유한다.삼성전자, LG전자, 퀄컴, 에릭슨, 노키아 등 통신 장비 제조사와 SK텔레콤, KT, LG유플러스 등 통신사, 학계·연구계가 참여해 6G 비전과 기술을 심도 있게 논의할 예정이다.모바일 코리아 2024 개막식(서울=연합뉴스) 강도현 과학기술정보통신부 제2차관이 29일 오후 서울 강서구 LG사이언스파크에서 열린 '모바일 코리아 2024 개막식'에서 이상엽 6G포럼 대표의장(LG유플러스 CTO) 및 주요참석자들과 기념 촬영하고 있다. 2024.10.29 [과학기술정보통신부 제공. 재판매 및 DB 금지] photo@yna.co.kr27일 열린 개막식에서는 6G 포럼 대표 의장인 이상엽 LG유플러스 최고기술책임자(CTO) 개회사에 이어 차세대 네트워크 연구개발·구축 유공자에 대한 부총리 겸 과기정통부 장관 표창 수여식이 열렸다.이어 우리나라 6G 포럼과 EU의 '6G-IA'가 업무협약을 맺어 차세대 통신 기술 개발에서 협력하기로 했다.이후 29일까지 3일간 장비 제조사, 통신사업자, 학계 및 연구계가 6G 동향을 논의하는 '6G 글로벌'이 진행된다.중국 IMT-2030, 일본 XGMF, EU 6G-IA, 인도 B6GA 등 주요 글로벌 6G 포럼이 국제협력 방안과 공동 연구 방향을 발표하고 화웨이, 에릭슨, 노키아 등 주요 통신장비 제조사들이 6G 시대 기술 전략을 공유할 예정이다.29일 열리는 '5G 버티컬 서밋'에서는 네이버랩스와 5GAA(5G Automotive Association)가 기조연설에 나서고 한국전자통신연구원, 싱가포르 공과디자인대학교(SUTD), KT가 AI 랜 기술에 대해 발표한다.이어 LG AI 연구원이 파운데이션 AI 모델과 통신 기술의 진화 방향에 대해 좌담하며 로보티스, LGU+, 한국로봇융합연구원이 피지컬 AI를 주제로 발표한다.같은 날 마련된 워크숍에는 삼성리서치, SKT 등 국내 관계자뿐 아니라 헝가리 국가경제부, 튀르키예 정보통신청(BTK), 태국 방송통신위원회(NBTC), 인도 바랏6G얼라이언스 등 해외 주요 기관·기업 관계자가 참여한다.행사 마지막 날인 30일에는 6G 위성 정책과 전략에 대해 과기정통부, 유럽우주국(ESA), 대만 산업기술연구원, 일본 위성 사업자 JSAT가 발표하고 6G 위성 표준화에 대해 논의한다.csm@yna.co.kr"
https://n.news.naver.com/mnews/article/119/0003016922?sid=101,2025-10-27 11:02:15,경제,6G를 이끌 글로벌 협력의 장…‘모바일 코리아 2025’ 개최,"과기부, 30일까지 LG 사이언스 파크서 진행미국, 중국, 유럽 등 16개국 60개 기관·기업 300명 참여6G, 위성통신 등 차세대 네트워크 분야 동향 공유과학기술정보통신부 전경.ⓒ데일리안DB[데일리안 = 김지현 기자] 정부가 AI 시대 속 6G를 이끌기 위한 글로벌 협력의 장을 마련했다. 과학기술정보통신부는 오는 30일까지 서울 강서구 LG 사이언스 파크에서 모바일 코리아 2025를 개최한다.이번 모바일 코리아 2025에는 미국, EU, 일본, 중국 등 주요국을 포함한 16개국 60개 기관·기업의 산·학·연 전문가 300여명이 참여해 6G, 위성통신 등 차세대 네트워크 분야의 기술·산업 동향을 공유한다.특히 삼성전자, LG전자, 퀄컴, 에릭슨, 노키아 등 장비제조사와 LGU+, SKT, KT 등 통신사업자, 학계·연구계가 자리해 6G 비전·기술을 심도 있게 논의한다.이날 개막식에서는 글로벌 6G 리더십을 대표하는 한국의 6G 포럼과 EU의 6G-IA 간 업무협약이 진행됐다. 협약을 통해 차세대 통신 기술에 대한 글로벌 협력과 기술 공유가 한층 강화돼 한국이 6G 글로벌 리더십을 확보하는 데 중요한 발판이 마련될 것으로 기대된다.모바일코리아 2025는 6G 기술·표준 관련 글로벌 동향 및 6G 정책 추진방향을 국내·외 전문가와 논의하는 ‘6G Global’, 5G 융합서비스 활성화 방안에 대해 공유하는 ‘5G Vertical Summit’, 국제협력 강화를 위한 ‘Regional Workshop’을 프로그램으로 구성·진행한다.6G 글로벌은 27~29일 진행되며 모바일 코리아 2025 개막식과 장비제조사, 통신사업자, 학계 및 연구계가 6G 동향을 논의하는 5개의 기술 세션24개 강연 및 부대행사로 구성된다.1일차에는 GSMA, 삼성전자, EU 6G-IA의 기조연설로 막을 연다. 개막식 이후에는 중국 IMT-2030, 일본 XGMF, EU 6G-IA, 인도 B6GA 등 주요 글로벌 6G 포럼이 국제협력 방안과 공동 연구 방향에 대해 발표한다.이어지는 세션에서는 화웨이, 에릭슨, 노키아 등 주요 통신장비 제조사들이 6G 시대를 준비하는 방향과 기술 전략을 공유하며 글로벌 통신 산업의 협력과 발전 방향에 대해 논의한다.2일차에는 LG전자, AI-RAN Alliance의 기조연설 이후 6G에 대한 통신사업자 관점을 주제로 한국의 LGU+, SKT, KT, 일본 KDDI와 NGMN이 발표를 한다. 이어지는 세션에서는 산업계·연구기관·학계의 6G에 대한 관점을 주제로 다양한 단체들이 발표를 이어갈 예정이다.3일차에 진행되는 특별세션인 모바일코리아 데모 페스트 세션에서는 키사이트 테크놀로지, 로데슈바르츠, 비아비솔루션즈 등 글로벌 시험·계측 장비들의 발표와 이노와이어리스, 쏠리드, 아이디큐 등 우리나라 대표 중소기업들의 발표가 진행된다.29일 진행되는 5G 버티컬 서밋에서는 ‘5G+X : Driving the Future to 6G’를 슬로건으로 5G의 고도화와 AI 융합을 통해 6G로 나아가는 기술발전 방향이 집중 논의된다. 네이버랩스와 5GAA가 기조연설을 진행하며 한국전자통신연구원, 싱가포르 공과디자인대학교(SUTD), KT에서 AI-RAN 기술에 대한 발표를 진행한다.또 AI-RAN으로의 네트워크 진화를 다루는 삼성전자, SKT, 서울대학교, 넷큐브가 발표하는 하이퍼 AI 네트워크 세션이 이어진다. 이후 LG AI 연구원과 함께 파운데이션 AI와 B5G/6G 진화 방향에 대한 1대 1좌담 세션이 진행될 계획이다. 마지막 세션에서는 피지컬 AI를 주제로 로보티스, LGU+, 한국로봇융합연구원이 발표한다.같은날 실시되는 리저널 워크숍은 ‘Regional Partnerships Driving AI-Empowered Networks’를 주제로, AI와 네트워크 기술 융합을 통한 5G-Advanced 및 6G 혁신 방향을 논의하는 자리다.TTA, 삼성리서치, SKT 등이 참여해 AI 기반 5G-Advanced 기술 발전과 자율형 네트워크, RAN(무선접속망) 효율화 등 차세대 통신 인프라의 진화 방향을 발표한다.아울러 Richárd Szabados 헝가리 국가경제부 차관의 발표를 시작으로 튀르키에 정보통신청(BTK), 태국 방송통신위원회(NBTC), 인도 바랏6G얼라이언스, 싱가포르 공과디자인대학교(SUTD), 필리핀 Globe Telecom 등이 참여해 각 지역의 5G/5G-Advanced 추진 현황을 공유한다.또 산업계·학계·연구기관이 함께 참여하는 패널토론을 통해 AI가 주도하는 차세대 통신 생태계의 비전과 공동 협력을 위한 방안을 논의한다.30일 진행되는 위성통신포럼 세션에서는 비지상 통신에 대한 국내외 주요 연구개발 동향을 다룰 예정이다. 과기정통부, 유럽우주국(ESA), 대만 산업기술연구원, 일본 JSAT등 4개 주요 국가가 6G 위성 정책 및 전략에 대해 발표할 예정이다.더불어 6G 위성 표준화에 대해 KDDI, 한국전자통신연구원, TAS의 발표가 진행되며 이어지는 6G 위성 기술 세션에서는 KT SAT, 아주대, Skylo가 연사로 참여해 발표한다.류제명 제2차관은 “AX 대전환의 중심에 있는 6G 기술은 국가 경쟁력의 핵심이자, 국민 삶의 질 향상에 직결되는 필수 인프라”라며 “6G 기술개발과 표준화를 선점하기 위해서는 산·학·연의 유기적인 협업과 긴밀한 글로벌 협력이 매우 중요하다”고 강조했다.이어 “대한민국이 6G를 통해 AI 융합 시대를 선도하는 핵심국가로 도약할 수 있도록 연구개발 및 국제협력 확대와 산업 생태계 조성을 위한 지원에 적극 노력하겠다”고 밝혔다."
https://n.news.naver.com/mnews/article/016/0002547833?sid=105,2025-10-27 11:08:30,IT/과학,"LGU+, 고객센터+멤버십  ‘유플러스원’ 출시","UI·UX로 전면 개편, 고객 편의 강화AI 검색 도입, 빠르고 정확한 안내“고객 통신 생활, 단순하게 바꿀 것”LG유플러스 임직원이 유플러스원(U+one)을 소개하고 있다. [LG유플러스 제공]LG유플러스는 고객센터 앱과 멤버십 앱으로 나뉘어 있던 서비스를 하나로 통합한 고객 통합 앱 ‘유플러스원(U+one)’을 출시했다고 27일 밝혔다.유플러스원은 고객센터와 멤버십 앱을 통합한 것은 물론, 대화형 인공지능(AI)을 적용해 고객 편의성을 향상한 것이 특징이다. 통합 앱 출시는 LG유플러스가 새롭게 내놓은 브랜드 철학인 ‘심플리. 유플러스(Simply. U+)’의 일환이다. 복잡한 과정을 없애고, 쉽고 편한 경험을 제공하겠다는 게 심플리. 유플러스의 취지다.유플러스원 이용자들은 통신 상품 가입부터 납부 요금 확인, 멤버십 혜택까지 필요한 서비스를 편하게 이용할 수 있다.특히 기획·개발 과정에서 고객이 그동안 불편하다고 느꼈던 점을 최우선으로 반영하고 고객이 자주 사용하는 메뉴 중심으로 사용자 환경(UI)·경험(UX)을 구성했다.이에 따라 마이페이지·모바일·인터넷 및 인터넷TV(IPTV)·혜택·고객지원·너겟·해외 로밍·유독 등 8종에 이르던 메뉴는 하단 탭의 MY, 스토어, 혜택 3가지로 단순해졌다.여기에 고객에게 유익한 정보를 제공하는 플러스 탭과 탐색 편의성을 높여주는 AI 검색 탭이 추가됐다. 간결해진 UI·UX로 고객은 자주 쓰는 서비스와 나에게 도움이 되는 정보를 직관적으로 확인할 수 있다.멤버십 혜택도 개편됐다. 기존 인기 혜택인 출석 체크, 유플투쁠, 멤버십 바코드는 물론, VIP콕이나 영화 예매 같은 각종 멤버십 혜택도 메인 화면에서 한 번에 고를 수 있게 디자인됐다.특히 AI 검색 기능도 추가됐다. 이는 ‘검색해도 원하는 정보가 나오지 않는다’ ‘결과가 너무 많아 원하는 걸 찾기까지 시간이 오래 걸린다’ 등 고객의 소리를 반영한 조치다.대규모언어모델(LLM)이 탑재된 결과, 이용자는 AI와 편하게 대화하듯 질문하고, 상세한 답변과 함께 추가 정보가 있는 페이지 바로가기 등을 받을 수 있게 됐다.유플러스원은 LG유플러스 고객이라면 앱 마켓에서 내려받아 사용할 수 있다. 기존 고객센터 앱인 ‘당신의 U+’를 사용하던 고객이라면 별도의 설치나 재로그인 없이 사용할 수 있다.이재원 LG유플러스 컨슈머부문장(부사장)은 “고객이 가장 많이 쓰는 고객센터와 멤버십 앱을 통합했다”며 “앞으로도 쓰기 쉽고, 편한 디지털 접점을 만들어 가기 위해 고객의 목소리를 듣겠다”고 말했다.한편 LG유플러스는 유플러스원 출시 기념 프로모션을 진행할 예정이다. 앱 방문 고객을 대상으로 ‘유플러스원과 함께 이루는 2025 버킷리스트’ ‘모두가 원하는 모두의 쿠폰’ ‘내가 원하는 아이디어 실플.랩(Simple.lab)’ 등 고객 참여형 프로모션을 제공한다. 고재우 기자"
https://n.news.naver.com/mnews/article/374/0000470769?sid=101,2025-10-27 11:16:12,경제,"과기정통부, 모바일코리아 2025 개최…6G 기술 논의","과학기술정보통신부는 오늘부터 30일까지 서울 강서구 LG 사이언스 파크에서 인공지능(AI)과 6G 시대를 앞당기기 위한 글로벌 협력의 장으로 '모바일 코리아 2025'를 연다고 밝혔습니다.행사에는 미국, 유럽연합(EU), 일본, 중국 등 16개국 산·학·연 전문가 300여 명이 참여해 6G, 위성통신 등 차세대 네트워크 분야의 기술·산업 동향을 공유합니다.삼성전자와 LG전자, 퀄컴, 에릭슨, 노키아 등 통신 장비 제조사와 SK텔레콤, KT, LG유플러스 등 통신사, 학계·연구계가 참여해 6G 비전과 기술을 심도 있게 논의할 예정입니다.오늘 열린 개막식에서는 6G 포럼 대표 의장인 이상엽 LG유플러스 CTO(최고 기술 관리자) 개회사에 이어 차세대 네트워크 연구개발·구축 유공자에 대한 부총리 겸 과기정통부 장관 표창 수여식이 열렸습니다.이어 우리나라 6G 포럼과 EU의 '6G-IA'가 업무협약을 맺어 차세대 통신 기술 개발에서 협력하기로 했습니다.29일까지 3일간 장비 제조사, 통신사업자, 학계 및 연구계가 6G 동향을 논의하는 '6G 글로벌'이 진행되는데, 중국 IMT-2030, 일본 XGMF, EU 6G-IA, 인도 B6GA 등 주요 글로벌 6G 포럼이 국제협력 방안과 공동 연구 방향을 발표하고 화웨이, 에릭슨, 노키아 등 주요 통신장비 제조사들이 6G 시대 기술 전략을 공유할 예정입니다.29일 열리는 '5G 버티컬 서밋'에서는 네이버랩스와 5GAA(5G Automotive Association)가 기조연설에 나서고 한국전자통신연구원, 싱가포르 공과디자인대학교(SUTD), KT가 AI 랜 기술에 대해 발표합니다. LG AI 연구원이 파운데이션 AI 모델과 통신 기술의 진화 방향에 대해 좌담하며 로보티스, LGU+, 한국로봇융합연구원이 피지컬 AI를 주제로 발표합니다.또 삼성리서치, SKT 등 국내 관계자뿐 아니라 헝가리 국가경제부, 튀르키예 정보통신청(BTK), 태국 방송통신위원회(NBTC), 인도 바랏6G얼라이언스 등 해외 주요 기관·기업 관계자들이 참여하는 워크숍도 예정돼 있습니다.30일에는 6G 위성 정책과 전략에 대해 과기정통부, 유럽우주국(ESA), 대만 산업기술연구원, 일본 위성 사업자 JSAT가 발표하고 6G 위성 표준화에 대해 논의합니다.류제명 과기정통부 제2차관은 ""AX 대전환의 중심에 있는 6G 기술은 국가 경쟁력의 핵심이자, 국민 삶의 질 향상에 직결되는 필수 인프라""라면서 ""6G를 통해 AI 융합 시대를 선도하는 핵심국가로 도약할 수 있도록 연구개발 및 국제협력 확대와 산업 생태계 조성을 위한 지원에 적극 노력하겠다""라고 말했습니다.당신의 제보가 뉴스로 만들어집니다.SBS Biz는 여러분의 제보를 기다리고 있습니다.홈페이지 = https://url.kr/9pghjn"
https://n.news.naver.com/mnews/article/629/0000437595?sid=105,2025-10-27 12:27:12,IT/과학,6G 이끌 협력의 장 '모바일 코리아 2025' 개최…기술·산업 동향 공유,"한국, 미국, 유럽, 일본, 중국 등 16개국 60개 기관·기업 300명 참여'모바일 코리아 2025'에는 미국, EU, 일본, 중국 등 주요국을 포함한 16개국 60개 기관·기업의 산·학·연 전문가 300여명이 참여해 6G, 위성통신 등 차세대 네트워크 분야의 기술·산업 동향을 공유한다. /모바일 코리아 2025AI 시대의 6G를 이끌 글로벌 협력의 장이 열렸다.과학기술정보통신부(이하 '과기정통부')는 27일부터 30일까지 4일간 서울특별시 강서구 LG 사이언스 파크에서 '모바일 코리아 2025'를 개최한다고 밝혔다.'모바일 코리아 2025'에는 미국, EU, 일본, 중국 등 주요국을 포함한 16개국 60개 기관·기업의 산·학·연 전문가 300여명이 참여해 6G, 위성통신 등 차세대 네트워크 분야의 기술·산업 동향을 공유한다. 삼성전자, LG전자, 퀄컴, 에릭슨, 노키아 등 장비제조사와 LGU+, SKT, KT 등 통신사업자, 그리고 학계·연구계가 한자리에 모여 6G 비전 및 기술을 심도 있게 논의하고 6G 시대를 준비하는 다양한 관점을 이해할 수 있는 기회이다.'모바일코리아 2025'는 6G 기술·표준 관련 글로벌 동향 및 6G 정책 추진방향을 국내·외 전문가와 논의하는 '6G Global', 5G 융합서비스 활성화 방안에 대해 공유하는 '5G Vertical Summit', 국제협력 강화를 위한 'Regional Workshop'을 프로그램으로 구성했다.류제명 과기정통부 제2차관은 ""AX 대전환의 중심에 있는 6G 기술은 국가 경쟁력의 핵심이자, 국민 삶의 질 향상에 직결되는 필수 인프라""라며 ""6G 기술개발과 표준화를 선점하기 위해서는 산·학·연의 유기적인 협업과 긴밀한 글로벌 협력이 매우 중요하다""고 강조했다.이어 ""대한민국이 6G를 통해 AI 융합 시대를 선도하는 핵심국가로 도약할 수 있도록 연구개발 및 국제협력 확대와 산업 생태계 조성을 위한 지원에 적극 노력하겠다""고 밝혔다.발로 뛰는 더팩트는 24시간 여러분의 제보를 기다립니다.▶카카오톡: '더팩트제보' 검색▶이메일: jebo@tf.co.kr▶뉴스 홈페이지: http://talk.tf.co.kr/bbs/report/write"
https://n.news.naver.com/mnews/article/119/0003017021?sid=105,2025-10-27 13:32:11,IT/과학,"""상품 가입부터 멤버십까지""… LGU+ 통합 앱 ‘U+one’ 출시","메인 화면 간결하게 바꾸고AI검색 도입LG유플러스 임직원이U+one을 소개하는 모습.ⓒLG유플러스[데일리안 = 조인영 기자] LG유플러스는 고객 통합 앱 ‘U+one’을 선보였다고 27일 밝혔다. U+one은 기존 고객센터 앱과 멤버십 앱으로 나눠져있던 서비스를 하나로 통합하고, 대화형 AI를 더해 고객 편의성을 향상한 것이 특징이다.통합 앱 출시는 LG유플러스가 새롭게 내놓은 브랜드 철학인 ‘Simply. U+’의 일환으로, 고객의 불편과 불만을 일으키는 복잡한 과정을 없애고 고객 중심의 쉽고 편한 경험을 제공하겠다는 Simply. U+의 취지를 담아 하나의 앱에서 모든 고객 서비스를 이용할 수 있도록 개발했다고 회사측은 설명했다.LG유플러스 고객이라면 누구나 U+one으로 통신 상품 가입부터 납부요금 확인, 멤버십 혜택까지 모든 통신 여정에서 필요한 서비스를 편하게 이용할 수 있다. 특히 기획·개발 과정에서 고객이 그동안 불편하다고 느꼈던 점을 최우선으로 반영하고 고객이 자주 사용하는 메뉴 중심으로 UI/UX를 구성했다.실제로 기존 8종(마이페이지, 모바일, 인터넷/IPTV, 혜택, 고객지원, 너겟, 해외로밍, 유독)에 이르던 메뉴는 하단 탭의 MY, 스토어, 혜택 3가지로 단순해졌다. 여기에 고객에게 유익한 정보를 제공하는 플러스 탭과, 탐색 편의성을 높여주는 AI 검색 탭을 추가해 통합 앱의 완결성을 높였다. 심플해진 UI/UX로 고객은 자주 쓰는 서비스와 나에게 도움이 되는 정보를 직관적으로 확인할 수 있다.멤버십 혜택 또한 심플에 집중했다. 기존 인기 혜택인 출석체크, 유플투쁠, 멤버십 바코드는 물론, VIP콕이나 영화 예매 같은 각종 멤버십 혜택도 메인 화면에서 한 번에 고를 수 있게 디자인했다. 그동안 몰라서 쓰지 못했던 쿠폰도 관심사에 맞게 추천하고 LG유플러스 상품과 서비스까지 고객 맞춤으로 제안한다.고객이 필요한 정보를 쉽고 빠르게 찾도록 지원하는 AI 검색 기능도 추가됐다. 이 또한 ‘검색해도 원하는 정보가 나오지 않는다.’ 또는 ‘결과가 너무 많아 원하는 걸 찾기까지 시간이 오래 걸린다’는 고객의 소리를 반영한 결과다. 대규모언어모델(LLM)을 탑재해 AI와 편하게 대화하듯 질문하면 상세한 답변과 함께 추가 정보가 있는 페이지 바로가기를 제공한다.신규 메인 중 하나인 플러스는 고객이 꼭 챙겨야 할 혜택, 흥미로운 AI 트렌드, 회사와 고객이 함께하는 이야기 등 유용한 콘텐츠를 담았다. 정보에 재미를 더해 고객의 일상에 새로운 가치를 더하는 콘텐츠 허브로 자리매김하기 위해서다.앞서 U+one은 베타 테스트 때부터 고객 의견을 적극 반영했다. 이로 인해 고객 만족도가 당신의 U+ 대비 5.1%p 상승했다. 고객들은 전반적인 이용성 개선은 물론 “요금·이용내역을·이용하기 쉽다. 메인이 심플해 알아보기 쉽다. 멤버십 혜택을 확인하기 쉽다” 등의 긍정적 의견을 표현했다.LG유플러스 고객이라면 앱마켓에서 U+one을 내려받아 사용할 수 있다. 기존 고객센터 앱인 ‘당신의 U+’를 사용하던 고객이라면 별도의 설치나 재로그인 없이 사용할 수 있다.향후 LG유플러스는 U+one 출시를 시작으로 Simply. U+ 철학을 담아 전사 서비스를 개선할 방침이다. U+one 역시 통신을 넘어 일상, 커머스, 콘텐츠, 구독 등으로 영역을 확대해 단순한 앱을 넘어 고객의 일상에 편의를 높이는 슈퍼앱으로 진화시킬 계획이다.이재원 LG유플러스 컨슈머부문장(부사장)은 “고객 중심으로 생각하고 본질에 집중하기 위해 고객이 가장 많이 쓰는 고객센터와 멤버십 앱을 통합했다""며 ""앞으로도 더욱 쓰기 쉽고 편한 디지털 접점을 만들어 가기 위해 고객의 목소리를 듣고 Simply. U+ 철학에 맞는 고객경험을 만드는 데 집중하겠다”고 말했다.한편 LG유플러스는 U+one 출시 기념 프로모션을 진행한다. 앱 방문 고객 대상으로 ‘U+one과 함께 이루는 2025 버킷리스트’, ‘모두가 원하는 모두의 쿠폰’, ‘내가 원하는 아이디어 Simple.lab’ 등 고객 참여형 프로모션을 제공한다."
https://n.news.naver.com/mnews/article/014/0005425216?sid=105,2025-10-27 18:12:15,IT/과학,"‘해킹 리스크’ 통신3사, 3분기만에 합산 영업익 1조 밑돌듯","SKT 3분기 영업익 98% 급감 전망유심 교체비용·요금 할인 등 영향KT, 임단협 등으로 증가세 꺾일듯LGU+, 희망퇴직 여파 부진 예상이번 주 SK텔레콤을 시작으로 이통3사의 올해 3·4분기 성적표가 줄줄이 발표된다. 3사 모두 해킹 공격에 노출되면서 3·4분기와 4·4분기에 타격을 입을 것으로 예상된다. 이통3사 합산 영업이익은 적자를 기록한 지난해 2024년 4·4분기(-2588억원) 이후 3개 분기 만에 1조원 밑으로 떨어질 전망이다. SKT는 해킹으로 인한 유심교체비용 등이 영향을 미쳤고, KT와 LG유플러스는 임단협과 희망퇴직 등의 여파가 있었다.27일 업계에 따르면 SK텔레콤은 오는 30일 3·4분기 실적을 공개한다. 금융정보업체 에프앤가이드가 집계한 SK텔레콤의 3·4분기 매출과 영업이익 전망치는 각각 3조 9382억원, 107억원이다. 매출은 전년 동기 대비 13.1%, 영업이익은 98% 급감한 수치다. 최근 SK텔레콤은 분기 영업이익이 적자로 돌아설 것이란 전망까지 나오는 등 실적 눈높이가 내려가는 추세다. SK텔레콤이 해킹 피해를 입은 고객들을 대상으로 마련한 8월 통신요금 50% 할인이 가장 큰 실적 감소 요인으로 꼽힌다. 또 연말까지 월 50기가바이트(GB) 무료 데이터를 제공하면서 중저가 요금제로 수요 이동이 발생한 것으로 보인다. 아울러 유심 교체 비용을 최대치로 반영한 뒤 환입하는 회계 처리 시점이 올해 3·4분기에서 내년으로 미뤄진 점도 영향을 미쳤다는 분석이다.KT와 LG유플러스도 11월 초 3·4분기 실적을 발표할 예정이다. KT는 올해 3·4분기 매출 6조 8852억원, 영업이익 5110억원을 기록할 것으로 예상된다. 영업이익은 전년 동기보다 10.1% 증가하며 통신3사 중 유일하게 성장하지만, 시장 기대치는 소폭 하회할 것이란 전망이다. 마이크로소프트(MS)와의 인공지능(AI) 사업 협력 강화에 따른 마케팅 비용 증가, 임금단체협상 타결에 따른 일회성 비용 등으로 영업익 증가세가 다소 꺾인 것으로 분석됐다. 향후 실적 변수는 해킹 피해로 인한 위약금 면제, 고객 보상안 등 향후 반영될 비용이다. KT는 개인정보 유출과 무단 소액결제 피해를 입은 고객 2만 2227명에 대해 오는 11월 30일까지 번호이동 또는 가입 해지 위약금을 면제하기로 했다. 또 유심 교체, 안심보험 지원 등도 지원한다.LG유플러스도 부진한 실적이 예상된다. 3·4분기 영업이익은 1837억원으로, 지난해 같은 기간보다 25.3% 감소할 것으로 전망된다. 650여명의 희망퇴직으로 대규모 일회성 비용이 반영됐다. 업계는 이번 희망퇴직으로 1500억원의 비용이 발생한 것으로 추정한다.가장 먼저 해킹 피해를 알린 후 대규모 가입자 이탈이 발생한 SK텔레콤과 달리 KT와 LG유플러스는 여파가 제한적일 것이란 관측이 나온다. 통신3사가 모두 해킹 공격을 받아 보안을 이유로 통신사를 옮길 필요성이 낮아졌기 때문이다.실제 한국통신사업자연합회(KTOA)에 따르면 SK텔레콤 해킹 피해가 발생한 직후인 지난 5월 통신3사 및 알뜰폰 간 번호이동은 93만 3509건으로, 해킹 사고가 발생하기 전인 지난 3월 대비 77% 가량 증가했다. KT 해킹 피해가 알려진 지난 9월 통신사 번호이동 건수는 64만 3875명으로, 전월보다 743명 감소했다.업계 관계자는 ""과학기술정보통신부 민관합동조사, 개인정보보보호위원회 조사가 길어질 가능성이 높다는 점을 감안할 때 해킹은 향후 실적에 분명한 리스크 요인""이라고 말했다."
https://n.news.naver.com/mnews/article/014/0005425217?sid=105,2025-10-27 18:13:11,IT/과학,"LGU+, 고객센터·멤버십 통합 앱 ‘U+one’ 출시","LG유플러스 임직원이 U+one을 소개하고 있다. LG유플러스 제공LG유플러스는 고객 통합 앱 '유플러스 원(U+one)'을 선보인다고 27일 밝혔다. U+one은 기존 고객센터 앱과 멤버십 앱으로 나눠진 서비스를 하나로 통합하고 대화형 인공지능(AI)을 더해 고객 편의성을 향상했다.LG유플러스 고객은 U+one으로 통신 상품 가입부터 납부요금 확인, 멤버십 혜택까지 모든 통신 여정에서 필요한 서비스를 이용할 수 있다. LG유플러스는 기획·개발 과정에서 고객이 그동안 불편하다고 느꼈던 점을 최우선으로 반영하고 고객이 자주 사용하는 메뉴 중심으로 앱을 구성했다. 기존 8종이었던 메뉴는 3종으로 단순해졌다. 고객에게 유익한 정보를 제공하는 플러스 탭과, 탐색 편의성을 높여주는 AI 검색 탭을 추가해 통합 앱의 완결성을 높였다.기존 인기 혜택인 출석체크, 유플투쁠, 멤버십 바코드, VIP콕, 영화 예매 등 각종 멤버십 혜택도 메인 화면에서 한 번에 고를 수 있다. 그동안 몰라서 쓰지 못했던 쿠폰도 관심사에 맞게 추천한다.고객이 필요한 정보를 쉽고 빠르게 찾도록 지원하는 AI 검색 기능도 추가됐다. 대규모언어모델(LLM)을 탑재해 AI와 편하게 대화하듯 질문하면 상세한 답변과 추가 정보가 있는 페이지 바로가기를 제공한다. 신규 메인 중 하나인 플러스는 고객이 꼭 챙겨야 할 혜택, 흥미로운 AI 트렌드, 회사와 고객이 함께하는 이야기 등 유용한 콘텐츠를 담았다. LG유플러스는 U+one 고객 만족도가 '당신의 U+' 대비 5.1%p 상승했다고 설명했다.LG유플러스는 U+one을 통신을 넘어 일상, 커머스, 콘텐츠, 구독 등으로 영역을 확대해 단순한 앱을 넘어 고객의 일상에 편의를 높이는 슈퍼앱으로 진화시킬 계획이다."
https://n.news.naver.com/mnews/article/374/0000470991?sid=101,2025-10-28 07:33:08,경제,"""50세 이상이면 5억까지 줄게""…퇴직통보 마주한 50대 어쩌나","""만 50세·위로금 5억""…LGU+, 3년 만의 희망퇴직LG유플러스가 약 3년 만에 희망퇴직을 시행하면서 단기적인 타격이 불가피하다는 전망이 나왔습니다. 장기적으로는 인건비 절감을 통한 수익성 개선이 기대되겠지만, 당장 3분기 실적엔 악영향을 줄 것이라는 의미입니다.28일 증권업계에 따르면 LG유플러스의 희망퇴직으로 발생할 일회성 비용은 약 1천500억 원에 달할 것으로 전망됩니다.LG유플러스는 이번 희망퇴직에서 만 50세 이상, 근속 10년 이상 직원을 대상으로 최대 4억 원에서 5억 원대의 위로금과 자녀 학자금을 지원하는 조건을 제시한 것으로 알려졌습니다. 전체 LG유플러스 인력의 약 5.7%에 달하는 600여명이 대상입니다.IBK투자증권은 최근 발간한 보고서에서 ""희망퇴직 직군별 구성 및 지급 조건을 고려하면 희망퇴직 비용은 약 1천500억원이고, 내년 500억∼600억원 수준의 인건비 절감 효과가 예상된다""라면서 일회성 비용이 3분기에 반영될 것이라고 내다봤습니다.이에 따라 LG유플러스의 3분기 연결 기준 영업이익이 전년 동기 대비 44.8% 감소한 1천358억원으로 추정된다고 IBK투자증권은 봤습니다. 시장 예상치인 2천172억 원을 크게 밑도는 수준입니다. 김태현 IBK투자증권 연구원은 ""희망퇴직에 따른 연간 인건비 절감 규모가 500억~600억 원에 이를 것""이라며 ""단기 실적 부담은 있지만 장기적으로는 수익성 개선에 도움이 될 것""이라고 전망했습니다.현재 LG 다른 계열사도 희망퇴직 신청을 받고 있습니다.LG디스플레이는 지난 16일 근속 3년 이상 사무직 대상 희망퇴직 신청을 공지하고 20일부터 접수를 시작했습니다. 희망자에겐 정년까지 잔여 기간을 기준으로 최대 36개월치 기본급과 자녀 학자금을 지급할 계획입니다.LG전자도 2년 만에 전 사업부 대상 희망퇴직을 진행 중으로, 만 50세 이상 직원을 대상으로 최대 3년치 연봉과 자녀 학자금을 포함한 위로금 패키지를 제시했습니다.당신의 제보가 뉴스로 만들어집니다.SBS Biz는 여러분의 제보를 기다리고 있습니다.홈페이지 = https://url.kr/9pghjn"
https://n.news.naver.com/mnews/article/421/0008566688?sid=102,2025-10-28 08:52:38,사회,"김상훈 '사이버안보 기본법' 발의…""민관 통합 대응해야""","김상훈 국민의힘 의원.(뉴스1 자료, 재판매 및 DB 금지)(대구=뉴스1) 김종엽 기자 = 김상훈 국민의힘 의원(대구 서구)이 해킹에 의한 개인정보 탈취, 국가안보 위협 등 사이버 공격에 대한 공공과 민간 부문의 통합 대응 체계 마련을 위한 '사이버안보 기본법'을 발의했다고 28일 밝혔다.김 의원 측에 따르면 이 법안은 공공과 민간이 협력해 사이버 공격에 대한 능동적이고 효율적인 대처가 가능하도록 대응체계를 마련하고, 사이버안보에 관한 국가 전략과 정책 수립을 통합적으로 추진하는 것을 골자로 한다.이를 위해 3년 단위 국가 차원의 사이버안보 계획 수립, 대통령 소속 '국가사이버안보위원회' 설립, 민·관 통합 사이버안보 총괄하는 국정원 '국가사이버안보센터' 설치, '국가사이버위협정보공유시스템' 구축·운영, 사이버 위협 식별 시 경보발령 체계 마련 등 내용을 법안에 담았다고 김 의원 측이 전했다.최근 SKT·KT·LGU+ 등 통신 3사와 롯데카드·SGI서울보증 등 금융권에서 발생한 해킹 사고처럼 사이버 위협은 국가와 국민 생활 전 분야에 심대한 영향을 미친다. 이런 사이버 위협에 신속히 대응해 조기 진화하기 위해서는 소관 분야별 대처보다 통합적 대응이 필수적이지만, 현재는 대통령 훈령인 '국가위기기본지침'만 존재할 뿐 관련 법률이 없어 광범위한 사이버 공격에 효율적인 대처가 불가능한 상황이란 게 김 의원의 지적이다.김 의원은 ""북한이라는 변수가 존재해 사이버 공격에 대한 심층적 안전장치가 필요하다""며 ""신속한 법 제정으로 사이버 위협 발생 시 국가 역량을 총결집해 신속히 대응할 수 있는 국가 시스템을 구축해야 한다""고 말했다."
https://n.news.naver.com/mnews/article/003/0013562203?sid=105,2025-10-28 09:00:00,IT/과학,"""야 XX야"" 폭언 순간 AI가 통화 자동 종료·신고…LGU+ AI 비즈콜 기능 신설","욕설 등 부적절한 발화 실시간 감지…77만개 폭언·성희롱 문장 학습폭언 감지 후 즉시 알림…신고 버튼 누르면 통화 종료 후 관리자 통보[서울=뉴시스]LG유플러스는 기업용 통화 솔루션 'AI비즈콜 by ixi'에 AI 기반의 자동 폭언 탐지 기능을 새롭게 도입했다고 28일 밝혔다. 사진은 모델이 AI비즈콜 폭언탐지 기능을 소개하는 모습을 AI로 생성한 이미지. (사진=LG유플러스 제공)[서울=뉴시스]윤현성 기자 = LG유플러스가 온디바이스 인공지능(AI)을 활용해 업무 통화 속 폭언을 실시간 감지해 알려주고, 곧바로 통화 종료 및 신고 등을 할 수 있는 새로운 서비스를 선보였다.LG유플러스는 기업용 통화 솔루션 'AI비즈콜 by ixi'에 AI 기반의 자동 폭언 탐지 기능을 새롭게 도입했다고 28일 밝혔다.AI비즈콜은 스마트폰으로 회사 전화번호를 사용할 수 있는 기업용 통화 앱으로, 교사·공공기관 근로자·고객 응대 직군 등 다양한 현장 임직원들이 이용 중이다. 9월 말 기준으로 3만여 회선이 사용되고 있다. 이번 AI비즈콜 업데이트는 수시로 걸려오는 민원전화로 인한 정신적 부담을 완화하고, 안전한 통화 환경을 조성하기 위해 개발됐다.새롭게 업데이트된 폭언 탐지 기능은 통화 중 상대방의 욕설·폭언 등 부적절한 발화를 실시간으로 감지하고, 진동 알림으로 사용자에게 즉시 알려준다. 사용자가 신고 버튼을 누르면 AI가 통화를 종료하고, 피해 사실을 지정된 회사 관리자에게 자동으로 통보한다. 이를 통해 임직원은 불필요한 스트레스를 줄이고, 기업은 근무 만족도와 고객 응대 품질을 동시에 높일 수 있다.이번 기능은 LG유플러스가 자체 개발한 '익시(ixi)' 온디바이스 AI를 활용해 스마트폰 애플리케이션에 최초로 적용한 사례다. 기존에는 통화 종료 후 음성 인식(STT)을 처리해야 했지만, 이번 업데이트를 통해 통화 중 실시간으로 폭언을 차단하고 응답할 수 있게 됐다.이를 통해 반응 속도와 안정성이 크게 향상됐으며, 온디바이스 방식으로 개인정보 보호 측면에서도 우수하다. 특히 LG유플러스 내부 성능테스트 결과, 공공행정, 보건 등의 분야에서는 업계 최고 수준인 95% 이상의 정확도를 보였다.LG유플러스는 자사 고객센터 상담 데이터와 교사·공무원 등 일반기업의 통화 데이터를 기반으로 약 77만개의 폭언·성희롱 문장을 AI에 학습시켜 탐지 정확도를 높였다고 설명했다.향후 LG유플러스는 AI비즈콜에 문자, 대면회의 등 다양한 업무 상황에도 AI 기능을 접목해 업무 비서 역할을 수행하도록 기능을 확대할 계획이다. 중장기적으로는 고객이 사용하는 CRM(고객관계관리시스템), 그룹웨어 등과 연동해 워크에이전트로 확장할 수 있을 것으로 기대하고 있다.주엄개 LG유플러스 유선사업담당(상무)은 ""자동 폭언 탐지 기능은 현장에서 실제 임직원이 겪는 고충을 줄이기 위해 개발한 것""이라며 ""앞으로도 AI비즈콜을 통해 사용자들이 체감할 수 있는 실질적 가치를 지속적으로 창출해 나가겠다""고 말했다．"
https://n.news.naver.com/mnews/article/421/0008566716?sid=105,2025-10-28 09:00:00,IT/과학,"LGU+, AI비즈콜에 폭언 차단 기능…정확도 95%","교사·공무원 등 민원전화 대응 직군 위한 심리적 안전망 역할LG유플러스는 기업용 통화 솔루션 'AI비즈콜 by ixi'(AI비즈콜)에 AI 기반의 자동 폭언 탐지 기능을 새롭게 도입했다고 28일 밝혔다. 사진은 모델이 AI비즈콜 폭언탐지 기능을 소개하는 모습을 AI로 생성한 이미지(LG유플러스 제공)(서울=뉴스1) 김민수 기자 = LG유플러스(032640)가 기업용 통화 설루션 'AI비즈콜 by ixi'(AI비즈콜)에 인공지능(AI) 기반 '자동 폭언 탐지' 기능을 탑재했다고 28일 밝혔다.AI비즈콜은 스마트폰으로 회사 전화번호를 사용할 수 있는 기업용 통화 앱으로 교사·공공기관 근로자·고객 응대 직군 등이 이용 중이다.이번 업데이트는 민원전화로 인한 정신적 부담을 완화하고 안전한 통화 환경을 조성하기 위해 개발됐다.새롭게 추가된 폭언 탐지 기능은 통화 중 상대방의 욕설·폭언 등 부적절한 발화가 인식될 경우 진동 알림으로 즉시 사용자에게 알려주는 구조다. 사용자가 신고 버튼을 누르면 AI가 통화를 종료하고 피해 사실을 지정된 회사 관리자에게 자동으로 통보한다.기존에는 통화 종료 후 음성 인식(STT)을 처리해야 했지만 이번 업데이트를 통해 통화 중 실시간으로 폭언을 차단하고 응답할 수 있게 됐다. LG유플러스 내부 테스트 결과 공공행정·보건 분야 등에서 95% 이상의 탐지 정확도를 기록했다.LG유플러스는 자사 고객센터 상담 데이터와 교사·공무원 등 일반기업의 통화 데이터를 기반으로 폭언·성희롱 문장 약 77만개를 AI에 학습시켜 탐지 정확도를 높였다.LG유플러스는 향후 AI비즈콜에 문자, 대면회의 등 다양한 업무 상황에도 AI 기능을 접목해 업무 비서 역할을 수행하도록 기능을 확대할 계획이다."
https://n.news.naver.com/mnews/article/001/0015705075?sid=105,2025-10-28 09:00:01,IT/과학,"[AI픽] LGU+ 'AI비즈콜', 폭언 감지해 즉시 차단한다","온디바이스 AI 적용…77만건 폭언·성희롱 학습[LG유플러스 제공. 재판매 및 DB 금지](서울=연합뉴스) 박형빈 기자 = LG유플러스는 기업용 통화 솔루션 'AI비즈콜 by ixi'(AI비즈콜)에 AI 기반의 자동 폭언 탐지 기능을 도입했다고 28일 밝혔다.AI비즈콜은 스마트폰으로 회사 전화번호를 사용할 수 있는 기업용 통화 앱으로, 교사·공공기관 근로자·고객 응대 직군 등 다양한 고객이 이용 중이다.이번에 추가된 폭언 탐지 기능은 통화 중 상대방의 욕설이나 폭언 등 부적절한 발화를 실시간으로 감지해 사용자에게 즉시 알려준다.사용자가 신고 버튼을 누르면 AI가 통화를 종료하고, 피해 사실을 지정된 회사 관리자에게 자동으로 통보한다.이는 LG유플러스가 자체 개발한 '익시' 온디바이스 AI를 스마트폰 앱에 최초로 적용한 사례로, 기존에는 통화 종료 후 음성 인식(STT)을 처리해야 했지만, 이제는 통화 중 실시간으로 폭언을 차단하고 대응이 가능하다.LG유플러스는 자사 고객센터 상담 데이터와 교사·공무원 등 일반기업의 통화 데이터를 기반으로 약 77만개의 폭언·성희롱 문장을 AI에 학습시켜 탐지 정확도를 높였다고 설명했다.그 결과 내부 성능테스트에서 공공행정, 보건 등의 분야에서는 업계 최고 수준인 95% 이상의 정확도를 보였다.LG유플러스는 향후 AI비즈콜을 문자, 화상회의 등 다양한 업무 환경과 연동해 'AI 비서' 역할을 수행할 수 있도록 기능을 확장할 계획이다.binzz@yna.co.kr"
https://n.news.naver.com/mnews/article/014/0005425412?sid=105,2025-10-28 09:01:16,IT/과학,"LG U+, ‘AI비즈콜’로 통화 중 폭언 자동 탐지·차단한다","모델이 AI비즈콜 폭언탐지 기능을 소개하는 모습을 AI로 생성한 이미지. LG유플러스 제공LG유플러스는 기업용 통화 솔루션 ‘AI비즈콜 by ixi’에 인공지능(AI) 기반의 자동 폭언 탐지 기능을 새롭게 도입했다고 28일 밝혔다.AI비즈콜은 스마트폰으로 회사 전화번호를 사용할 수 있는 기업용 통화 앱으로, 교사·공공기관 근로자·고객 응대 직군 등 다양한 현장 임직원들이 이용 중이며 지난 9월 말 기준 3만여회선이 사용되고 있다. 이번 업데이트는 수시로 걸려오는 민원전화로 인한 정신적 부담을 완화하고 안전한 통화 환경을 조성하기 위해 개발됐다.새롭게 업데이트된 폭언 탐지 기능은 통화 중 상대방의 욕설·폭언 등 부적절한 발화를 실시간으로 감지하고 진동 알림으로 사용자에게 즉시 알려준다. 사용자가 신고 버튼을 누르면 AI가 통화를 종료하고 피해 사실을 지정된 회사 관리자에게 자동으로 통보한다. 이를 통해 임직원은 불필요한 스트레스를 줄이고 기업은 근무 만족도와 고객 응대 품질을 동시에 높일 수 있다.이번 기능은 LG유플러스가 자체 개발한 ‘익시(ixi)’ 온디바이스 AI를 활용해 스마트폰 애플리케이션에 최초로 적용한 사례다. 기존에는 통화 종료 후 음성 인식(STT)을 처리해야 했지만, 이번 업데이트를 통해 통화 중 실시간으로 폭언을 차단하고 응답할 수 있게 됐다. 반응 속도와 안정성이 크게 향상됐으며 온디바이스 방식으로 개인정보 보호 측면에서도 우수하다. 특히 LG유플러스 내부 성능테스트 결과, 공공행정, 보건 등의 분야에서는 업계 최고 수준인 95% 이상의 정확도를 보였다. LG유플러스는 자사 고객센터 상담 데이터와 교사·공무원 등 일반기업의 통화 데이터를 기반으로 약 77만개의 폭언·성희롱 문장을 AI에 학습시켜 탐지 정확도를 높였다.향후 LG유플러스는 AI비즈콜에 문자, 대면회의 등 다양한 업무 상황에도 AI 기능을 접목해 업무 비서 역할을 수행하도록 기능을 확대할 계획이다. 중장기적으로는 고객이 사용하는 고객관계관리시스템(CRM), 그룹웨어 등과 연동해 ‘워크에이전트’로 확장할 수 있을 것으로 기대하고 있다.주엄개 LG유플러스 유선사업담당(상무)은 “자동 폭언 탐지 기능은 현장에서 실제 임직원이 겪는 고충을 줄이기 위해 개발한 것”이라며 “앞으로도 AI비즈콜을 통해 사용자들이 체감할 수 있는 실질적 가치를 지속적으로 창출해 나가겠다”고 말했다."
https://n.news.naver.com/mnews/article/016/0002548324?sid=105,2025-10-28 09:01:20,IT/과학,"LGU+, ‘AI비즈콜’로 전화 속 ‘진상’ 차단한다","온디바이스 AI…77만개 폭언·성희롱 문장 학습문자·회의·CRM 연동, ‘AI 기반 업무비서’ 진화‘AI비즈콜 by ixi(AI비즈콜)’ 폭언탐지 기능을 소개하는 모습을 AI로 생성한 이미지. [LG유플러스 제공][헤럴드경제=고재우 기자] LG유플러스는 기업용 통화 설루션 ‘AI비즈콜 by ixi(AI비즈콜)’에 인공지능(AI) 기반의 자동 폭언 탐지 기능을 새롭게 적용했다고 28일 밝혔다.AI비즈콜은 스마트폰으로 회사 전화번호를 사용할 수 있는 기업용 통화 앱이다. 교사·공공기관 근로자·고객 응대 직군 등 다양한 현장에서 이용 중이다. 현재 약 3만 회선(9월 말 기준)이 사용되고 있다.이번 업데이트를 위해 LG유플러스는 자사 고객센터 상담 데이터와 교사·공무원 등 일반기업의 통화 데이터를 기반으로 약 77만개의 폭언·성희롱 문장을 AI에 학습시켰다. 이를 통해 수시로 걸려 오는 민원전화로 인한 정신적 부담 완화, 안전한 통화 환경 조성 등이 가능하다.구체적으로 폭언 탐지 기능은 통화 중 상대방의 욕설·폭언 등 부적절한 발화를 실시간으로 감지하고, 진동 알림으로 사용자에게 즉시 알려준다. 사용자가 신고 버튼을 누르면 AI가 통화를 종료하고, 피해 사실을 지정된 회사 관리자에게 자동으로 통보한다. 임직원은 불필요한 스트레스를 줄일 수 있다. 기업은 근무 만족도와 고객 응대 품질을 동시에 높이는 게 가능하다.해당 기능은 LG유플러스가 자체 개발한 ‘익시(ixi)’ 온디바이스 AI(기기 탑재)를 스마트폰 애플리케이션에 적용한 최초 사례다.기존에는 통화 종료 후 음성 인식(STT)을 처리해야 했지만, 이번 업데이트를 통해 통화 중 실시간으로 폭언을 차단하고 응답할 수 있게 됐다. 온디바이스 방식으로 개인정보 보호 측면에서도 우수하다.특히 내부 성능테스트 결과, 공공행정, 보건 등의 분야에서 업계 최고 수준인 95% 이상의 정확도를 보였다는 게 LG유플러스의 설명이다.나아가 LG유플러스는 AI비즈콜에 문자, 대면 회의 등 AI 기능을 추가로 접목해 업무 비서 역할을 수행토록 할 계획이다. 중장기적으로는 고객이 사용하는 고객관계관리시스템(CRM), 그룹웨어 등과 연동해 ‘워크에이전트’로 발전시킨다는 방침이다.주엄개 LG유플러스 유선사업담당은 “자동 폭언 탐지 기능은 현장에서 실제 임직원이 겪는 고충을 줄이기 위해 개발한 것”이라며 “앞으로도 AI비즈콜을 통해 사용자들이 체감할 수 있는 실질적 가치를 지속적으로 창출해 나가겠다”고 말했다."
https://n.news.naver.com/mnews/article/031/0000975523?sid=105,2025-10-28 09:07:08,IT/과학,"LGU+, 기업통화 앱 'AI비즈콜'에 자동 폭언 탐지 기능 도입","온디바이스 AI 적용…실시간 감지·신고로 임직원 보호 강화LG유플러스는 기업용 통화 솔루션 'AI비즈콜 by ixi'에 인공지능(AI) 기반의 자동 폭언 탐지 기능을 적용했다고 28일 밝혔다.사진은 모델이 AI비즈콜 폭언탐지 기능을 소개하는 모습을 AI로 생성한 이미지. [사진=LGU+]AI비즈콜은 스마트폰에서 회사 전화번호로 발신·수신할 수 있는 통화 애플리케이션이다. 교사, 공공기관 근로자, 고객 응대 직군 등 다양한 현장 임직원이 이용 중이며, 지난 9월 말 기준 3만여 회선이 개통됐다.이번에 도입된 자동 폭언 탐지 기능은 상대방의 욕설, 폭언 등 부적절한 발화를 통화 중 실시간으로 감지하고 진동으로 사용자에게 즉시 알린다. 사용자가 신고 버튼을 누르면 AI가 통화를 종료하고, 피해 사실을 지정된 회사 관리자에게 자동으로 전달한다. 이를 통해 임직원은 정신적 스트레스를 줄일 수 있으며, 기업은 고객 응대 품질과 직원 만족도를 동시에 높일 수 있다.해당 기능은 LG유플러스가 자체 개발한 온디바이스 AI 플랫폼 '익시(ixi)'를 기반으로 구현됐다. 통화 후 음성인식(STT)을 거쳐 분석하던 기존 방식과 달리, 통화 중 실시간으로 반응해 감지 정확도와 반응 속도를 크게 높였으며, 개인정보 보호 측면에서도 안전하다. LG유플러스의 내부 성능 테스트 결과, 공공행정 및 보건 분야에서 95% 이상의 정확도를 기록했다.LG유플러스는 자사 고객센터 상담 데이터와 교사·공무원 등 현업 종사자들의 통화 데이터를 기반으로 약 77만 개의 폭언·성희롱 문장을 AI에 학습시켜 감지 성능을 향상시켰다.향후 AI비즈콜은 문자·대면 회의 등 다양한 업무 상황에서도 AI가 실시간으로 대응하는 기능을 추가해 '업무 비서' 역할을 확대할 예정이다. 장기적으로는 고객 관계 관리(CRM), 그룹웨어 등 기업 내부 시스템과 연동해 '워크에이전트(Work Agent)'로 진화시킨다는 계획이다.주엄개 LG유플러스 유선사업담당 상무는 ""자동 폭언 탐지 기능은 현장에서 임직원이 겪는 실제 고충을 줄이기 위해 개발한 것""이라며 ""앞으로도 AI비즈콜을 통해 사용자들이 체감할 수 있는 실질적 가치를 지속적으로 제공하겠다""고 말했다."
https://n.news.naver.com/mnews/article/008/0005269054?sid=105,2025-10-28 09:07:19,IT/과학,"LGU+ 'AI 비즈콜', 업무 통화 중 욕설·폭언 차단","/사진=LG유플러스LG유플러스는 기업용 통화 솔루션 'AI비즈콜 by ixi(AI비즈콜)'에 AI 기반 자동 폭언 탐지 기능을 도입했다고 28일 밝혔다.AI비즈콜은 스마트폰으로 회사 전화번호를 사용할 수 있는 기업용 통화 앱이다. 교사·공공기관 근로자·고객 응대 직군 등 지난달 말 기준으로 3만여 회선이 사용하고 있다.LG유플러스는 수시로 걸려오는 민원전화로 인한 정신적 부담을 줄이고, 안전한 통화 환경을 조성하기 위해 자동 폭언 탐지 기능을 개발했다. 통화 중 상대방의 욕설·폭언 등 부적절한 발화를 실시간으로 감지하고, 진동 알림으로 사용자에게 즉시 알려준다. 사용자가 신고 버튼을 누르면 AI가 통화를 종료하고, 피해 사실을 지정된 회사 관리자에게 자동 통보한다.이는 LG유플러스가 자체 개발한 '익시(ixi)' 온디바이스 AI를 스마트폰 애플리케이션에 최초 적용한 사례다. 기존에는 통화 종료 후 음성 인식(STT)을 처리해야 했지만, 이번 기능으로 통화 중 실시간으로 폭언을 차단하고 응답할 수 있게 됐다. 반응 속도와 안정성이 향상됐고, 온디바이스 방식으로 개인정보도 보호한다는 게 회사측 설명이다.LG유플러스는 ""내부 성능테스트 결과, 공공행정, 보건 등의 분야에서는 업계 최고 수준인 95% 이상의 정확도를 보였다""며 ""자사 고객센터 상담 데이터와 교사·공무원 등 일반기업의 통화 데이터를 기반으로 약 77만개의 폭언·성희롱 문장을 AI에 학습시켜 탐지 정확도를 높였다""고 설명했다.LG유플러스는 AI비즈콜이 업무 비서 역할을 수행하도록 기능을 확대할 계획이다. 중장기적으로는 고객이 사용하는 CRM(고객관계관리시스템), 그룹웨어 등과 연동해 '워크에이전트(Work Agent)'로 확장한다는 목표다.주엄개 LG유플러스 유선사업담당(상무)은 ""자동 폭언 탐지 기능은 현장에서 실제 임직원이 겪는 고충을 줄이기 위해 개발한 것""이라며 ""앞으로도 AI비즈콜을 통해 사용자들이 체감할 수 있는 실질적 가치를 지속적으로 창출하겠다""고 말했다."
https://n.news.naver.com/mnews/article/277/0005670406?sid=105,2025-10-28 09:16:37,IT/과학,"""통화 중 폭언하면 전화 끊고 피해사실 통보""…LGU+ AI가 해준다","AI비즈콜에 폭언 탐지 기능 도입실시간 폭언 차단…정확도 높여77만개 폭언·성희롱 문장 학습LG유플러스는 기업용 통화 솔루션에 인공지능(AI) 기반 자동 폭언 탐지 기능을 도입했다고 28일 밝혔다.LG유플러스는 기업용 통화 솔루션 ‘AI비즈콜’에 AI 기반의 자동 폭언 탐지 기능을 새롭게 도입했다고 28일 밝혔다. 사진은 모델이 AI비즈콜 폭언탐지 기능을 소개하는 모습을 AI로 생성한 이미지.LG유플러스는 스마트폰으로 회사 전화번호를 사용할 수 있는 기업용 통화 애플리케이션 'AI비즈콜'을 운영 중이다. 교사, 공공기관 근로자, 고객 응대 직군 등 현장 임직원들 중심으로 지난달 말 기준으로 3만여 회선이 개통됐다. 이번 업데이트는 민원전화로 인한 정신적 부담을 줄이고 안전한 통화 환경을 조성하기 위해 개발됐다.폭언 탐지 기능은 통화 중 상대방의 욕설·폭언 등 부적절한 발화를 실시간으로 감지, 진동 알림으로 사용자에게 알려준다. 사용자가 신고 버튼을 누르면 AI가 통화를 종료하고, 피해 사실을 지정된 회사 관리자에게 자동으로 통보한다. 이를 통해 임직원은 불필요한 스트레스를 줄이고, 기업은 근무 만족도와 고객 응대 품질을 동시에 높일 수 있다.이번 기능은 LG유플러스가 자체 개발한 '익시(ixi)' 온디바이스 AI를 활용해 스마트폰 애플리케이션에 최초로 적용한 사례다. 기존에는 통화 종료 후 음성 인식(STT)을 처리해야 했지만, 이번 업데이트를 통해 통화 중 실시간으로 폭언을 차단하고 응답할 수 있게 됐다.반응 속도와 안정성이 향상됐으며 온디바이스 방식으로 개인정보 보호 기능도 강화됐다. LG유플러스 내부 성능테스트 결과, 공공행정, 보건 등의 분야에서는 업계 최고 수준인 95% 이상의 정확도를 보였다.LG유플러스는 자사 고객센터 상담 데이터와 교사, 공무원 등 일반기업의 통화 데이터를 기반으로 약 77만개의 폭언·성희롱 문장을 AI에 학습시켜 탐지 정확도를 높였다.향후 LG유플러스는 AI비즈콜에 문자, 대면회의 등 다양한 업무 상황에도 AI 기능을 접목해 업무 비서 역할을 수행하도록 기능을 확대할 계획이다. 중장기적으로는 고객이 사용하는 CRM(고객관계관리시스템), 그룹웨어 등과 연동해 '워크에이전트'로 확장할 수 있을 것으로 기대하고 있다.주엄개 LG유플러스 유선사업담당(상무)은 ""자동 폭언 탐지 기능은 현장에서 실제 임직원이 겪는 고충을 줄이기 위해 개발한 것""이라며 ""앞으로도 AI비즈콜을 통해 사용자들이 체감할 수 있는 실질적 가치를 지속적으로 창출해 나가겠다""고 말했다."
https://n.news.naver.com/mnews/article/029/0002989685?sid=105,2025-10-28 10:21:48,IT/과학,"AI로 상담 중 폭언 차단…LGU+ ‘비즈콜’, AI 비서 진화","LG유플러스는 기업용 통화 솔루션 ‘AI비즈콜 by ixi(이하 AI비즈콜)’에 AI 기반의 자동 폭언 탐지 기능을 새롭게 도입했다고 28일 밝혔다. 사진은 모델이 AI비즈콜 폭언탐지 기능을 소개하는 모습을 AI로 생성한 이미지. LG유플러스 제공LG유플러스는 기업용 통화 솔루션 ‘AI비즈콜 by ixi(이하 AI비즈콜)’에 AI 기반의 자동 폭언 탐지 기능을 도입했다고 28일 밝혔다.AI비즈콜은 스마트폰으로 회사 전화번호를 사용할 수 있는 기업용 통화 앱으로, 교사·공공기관 근로자·고객 응대 직군 등 다양한 현장 임직원들이 이용 중이다. 지난달 말 기준으로 3만여 회선이 사용되고 있다. 이번 업데이트는 수시로 걸려오는 민원전화로 인한 정신적 부담을 완화하고, 안전한 통화 환경을 조성하기 위해 개발됐다.폭언 탐지 기능은 통화 중 상대방의 욕설·폭언 등 부적절한 발화를 실시간으로 감지하고, 진동 알림으로 사용자에게 즉시 알려준다. 사용자가 신고 버튼을 누르면 AI가 통화를 종료하고, 피해 사실을 지정된 회사 관리자에게 자동으로 통보한다.이번 기능은 LG유플러스가 자체 개발한 ‘익시’ 온디바이스 AI를 활용해 스마트폰 애플리케이션(앱)에 최초로 적용한 사례다. 기존에는 통화 종료 후 음성 인식(STT)을 처리해야 했지만, 이번 업데이트를 통해 통화 중 실시간으로 폭언을 차단하고 응답할 수 있게 됐다. LG유플러스는 내부 성능테스트 결과, 공공행정, 보건 등의 분야에서는 업계 최고 수준인 95% 이상의 정확도를 보였다고 설명했다.LG유플러스는 자사 고객센터 상담 데이터와 교사·공무원 등 일반기업의 통화 데이터를 기반으로 약 77만개의 폭언·성희롱 문장을 AI에 학습시켜 탐지 정확도를 높였다.향후 LG유플러스는 AI비즈콜에 문자, 대면회의 등 다양한 업무 상황에도 AI 기능을 접목해 업무 비서 역할을 수행하도록 기능을 확대할 계획이다. 중장기적으로는 고객이 사용하는 고객관계관리시스템(CRM), 그룹웨어 등과 연동해 ‘워크에이전트’로 확장할 수 있을 것으로 기대하고 있다.주엄개 LG유플러스 유선사업담당(상무)은 “자동 폭언 탐지 기능은 현장에서 실제 임직원이 겪는 고충을 줄이기 위해 개발한 것”이라며 “앞으로도 AI비즈콜을 통해 사용자들이 체감할 수 있는 실질적 가치를 지속적으로 창출해 나가겠다”고 말했다."
https://n.news.naver.com/mnews/article/138/0002207919?sid=105,2025-10-28 11:03:10,IT/과학,"폭언·성희롱, AI로 차단…LGU+, ‘AI비즈콜’에 탐지기술 도입",[ⓒLG유플러스][디지털데일리 오병훈기자] LG유플러스가 고객 응대 근로자를 향한 폭언과 성희롱을 차단하는 인공지능(AI) 탐지 기술을 도입한다.LG유플러스는 기업용 통화 솔루션 ‘AI비즈콜 by 익시ixi(AI비즈콜)’에 AI 기반 자동 폭언 탐지 기능을 새롭게 추가했다고 28일 밝혔다.AI비즈콜은 스마트폰으로 회사 전화번호를 사용할 수 있는 기업용 통화 애플리케이션(앱)이다. 교사·공공기관 근로자·고객 응대 직군 등 다양한 현장 임직원들이 이용 중이다.9월 말 기준으로 3만여 회선이 사용되고 있다. 이번 업데이트는 수시로 걸려오는 민원전화로 인한 정신적 부담을 완화하고 안전한 통화 환경을 조성하기 위해 개발됐다.새롭게 업데이트된 폭언 탐지 기능은 통화 중 상대방의 욕설·폭언 등 부적절한 발화를 실시간으로 감지한다. 진동 알림으로 사용자에게 즉시 알려준다.사용자가 신고 버튼을 누르면 AI가 통화를 종료하고 피해 사실을 지정된 회사 관리자에게 자동으로 통보한다. 이를 통해 임직원은 불필요한 스트레스를 줄이고 기업은 근무 만족도와 응대 품질을 동시에 높일 수 있다.이번 기능은 LG유플러스가 자체 개발한 ‘익시(ixi)’ 온디바이스 AI를 활용해 스마트폰 애플리케이션에 최초로 적용한 사례다.기존에는 통화 종료 후 음성 인식(STT)을 처리해야 했지만 이번 업데이트를 통해 통화 중 실시간으로 폭언을 차단하고 응답할 수 있게 됐다. 반응 속도와 안정성이 향상됐으며 AI가 온디바이스 방식으로 작동해 개인정보 보호에도 신경 쓴다.LG유플러스는 자사 상담 데이터와 교사·공무원 등 일반기업 통화 데이터를 기반으로 약 77만개 폭언·성희롱 문장을 AI에 학습시켜 탐지 정확도를 높였다.추후 AI비즈콜에 문자 대면회의 등 다양한 업무 상황에도 AI 기능을 접목해 업무 비서 역할을 수행하도록 기능을 확대한다. 중장기적으로는 고객이 사용하는 고객관계관리시스템(CRM) 및 그룹웨어 등과 연동해 워크에이전트(Work Agent)로 확장할 계획이다.주엄개 LG유플러스 유선사업담당(상무)은 “자동 폭언 탐지 기능은 현장에서 실제 임직원이 겪는 고충을 줄이기 위해 개발한 것”이라며 “앞으로도 AI비즈콜을 통해 사용자들이 체감할 수 있는 실질적 가치를 지속 창출하겠다”고 말했다.
https://n.news.naver.com/mnews/article/016/0002548541?sid=105,2025-10-28 11:22:14,IT/과학,"LGU+,  AI비즈콜로 폭언 차단","온디바이스 AI…77만개 문장 학습문자·회의 연동…‘AI 업무비서’ 진화모델이 ‘AI비즈콜’ 폭언탐지 기능을 소개하는 모습을 AI로 생성한 이미지 [LG유플러스 제공]LG유플러스는 기업용 통화 설루션 ‘AI비즈콜 by ixi(AI비즈콜)’에 인공지능(AI) 기반의 자동 폭언 탐지 기능을 새롭게 적용했다고 28일 밝혔다.AI비즈콜은 스마트폰으로 회사 전화번호를 사용할 수 있는 기업용 통화 애플리케이션이다. 교사·공공기관 근로자·고객 응대 직군 등 다양한 현장에서 이용 중이다. 현재 약 3만 회선(9월 말 기준)이 사용되고 있다.이번 업데이트를 위해 LG유플러스는 자사 고객센터 상담 데이터와 교사·공무원 등 일반기업의 통화 데이터를 기반으로 약 77만개의 폭언·성희롱 문장을 AI에 학습시켰다. 이를 통해 수시로 걸려 오는 민원전화로 인한 정신적 부담 완화, 안전한 통화 환경 조성 등이 가능하다.구체적으로 폭언 탐지 기능은 통화 중 상대방의 욕설·폭언 등 부적절한 발화를 실시간으로 감지하고, 진동 알림으로 사용자에게 즉시 알려준다. 사용자가 신고 버튼을 누르면 AI가 통화를 종료하고, 피해 사실을 지정된 회사 관리자에게 자동으로 통보한다. 임직원은 불필요한 스트레스를 줄일 수 있다. 기업은 근무 만족도와 고객 응대 품질을 동시에 높이는 것이 가능하다. 해당 기능은 LG유플러스가 자체 개발한 ‘익시(ixi)’ 온디바이스 AI를 스마트폰 앱에 적용한 최초 사례다.기존에는 통화 종료 후 음성 인식(STT)을 처리해야 했지만, 이번 업데이트를 통해 통화 중 실시간으로 폭언을 차단하고 응답할 수 있게 됐다. 온디바이스 방식으로 개인정보 보호 측면에서도 우수하다.특히 내부 성능테스트 결과, 공공행정, 보건 등의 분야에서 업계 최고 수준인 95% 이상의 정확도를 보였다는 게 LG유플러스의 설명이다.나아가 LG유플러스는 AI비즈콜에 문자, 대면 회의 등 AI 기능을 추가로 접목해 업무 비서 역할을 수행하도록 할 계획이다. 중장기적으로는 고객이 사용하는 고객관계관리시스템(CRM), 그룹웨어 등과 연동해 ‘워크에이전트’로 발전시킨다는 방침이다.주엄개 LG유플러스 유선사업담당(상무)은 “자동 폭언 탐지 기능은 현장에서 실제 임직원이 겪는 고충을 줄이기 위해 개발한 것”이라며 “앞으로도 AI비즈콜을 통해 사용자들이 체감할 수 있는 실질적 가치를 지속적으로 창출해 나가겠다”고 말했다.고재우 기자"
https://n.news.naver.com/mnews/article/092/0002395661?sid=105,2025-10-28 12:31:12,IT/과학,"LGU+ ""AI비즈콜, AI로 고객상담 폭언 차단""","온디바이스 AI로 통화 중 폭언 실시간 감지…AI에 77만개 폭언·성희롱 문장 학습LG유플러스는 기업용 통화 솔루션 ‘AI비즈콜 by ixi’에 AI 기반의 자동 폭언 탐지 기능을 새롭게 도입했다고 28일 밝혔다.AI비즈콜은 스마트폰으로 회사 전화번호를 사용할 수 있는 기업용 통화 앱으로 교사, 공공기관 근로자. 고객 응대 직군 등 다양한 현장 임직원들이 이용하고 있다. 9월 말 기준 3만여 회선이 사용되고 있으며, 이번 업데이트는 수시로 걸려오는 민원전화로 인한 정신적 부담을 완화하고, 안전한 통화 환경을 조성하기 위해 개발됐다.새롭게 업데이트된 폭언 탐지 기능은 통화 중 상대방의 욕설·폭언 등 부적절한 발화를 실시간으로 감지하고, 진동 알림으로 사용자에게 즉시 알려준다. 사용자가 신고 버튼을 누르면 AI가 통화를 종료하고, 피해 사실을 지정된 회사 관리자에게 자동으로 통보한다. 이를 통해 임직원은 불필요한 스트레스를 줄이고, 기업은 근무 만족도와 고객 응대 품질을 동시에 높일 수 있다.이번 기능은 LG유플러스가 자체 개발한 ‘익시(ixi)’ 온디바이스 AI를 활용해 스마트폰 애플리케이션에 최초로 적용한 사례다. 기존에는 통화 종료 후 음성 인식(STT)을 처리해야 했지만, 이번 업데이트를 통해 통화 중 실시간으로 폭언을 차단하고 응답할 수 있게 됐다. 반응 속도와 안정성이 크게 향상됐으며, 온디바이스 방식으로 개인정보 보호 측면에서도 우수하다. 특히 LG유플러스 내부 성능테스트 결과, 공공행정, 보건 등의 분야에서는 업계 최고 수준인 95% 이상의 정확도를 보였다.LG유플러스는 자사 고객센터 상담 데이터와 교사, 공무원 등 일반기업의 통화 데이터를 기반으로 약 77만개의 폭언, 성희롱 문장을 AI에 학습시켜 탐지 정확도를 높였다.향후 LG유플러스는 AI비즈콜에 문자, 대면회의 등 다양한 업무 상황에도 AI 기능을 접목해 업무 비서 역할을 수행하도록 기능을 확대할 계획이다. 중장기적으로는 고객이 사용하는 CRM, 그룹웨어 등과 연동해 워크에이전트로 확장을 기대했다.주엄개 LG유플러스 유선사업담당은 “자동 폭언 탐지 기능은 현장에서 실제 임직원이 겪는 고충을 줄이기 위해 개발한 것”이라며 “앞으로도 AI비즈콜을 통해 사용자들이 체감할 수 있는 실질적 가치를 지속적으로 창출해 나가겠다”고 말했다."
https://n.news.naver.com/mnews/article/018/0006149125?sid=105,2025-10-28 13:17:08,IT/과학,"“성희롱·욕설 자동 차단”LG U+, ‘AI비즈콜’ 도입","온디바이스 AI로 통화 중 폭언 실시간 감지AI에 77만개 폭언·성희롱 문장 학습문자·회의·CRM 연동까지 확장‘AI 기반 업무비서로 진화 계획[이데일리 윤정훈 기자]LG유플러스(032640)는 기업용 통화 솔루션 ‘AI비즈콜 by ixi(이하 AI비즈콜)’에 AI 기반의 자동 폭언 탐지 기능을 새롭게 도입했다고 28일 밝혔다.(사진=LGU+)AI비즈콜은 스마트폰으로 회사 전화번호를 사용할 수 있는 기업용 통화 앱으로, 교사·공공기관 근로자·고객 응대 직군 등 다양한 현장 임직원들이 이용 중이다. 9월 말 기준으로 3만여 회선이 사용되고 있으며, 이번 업데이트는 수시로 걸려오는 민원전화로 인한 정신적 부담을 완화하고, 안전한 통화 환경을 조성하기 위해 개발됐다.새롭게 업데이트된 폭언 탐지 기능은 통화 중 상대방의 욕설·폭언 등 부적절한 발화를 실시간으로 감지하고, 진동 알림으로 사용자에게 즉시 알려준다. 사용자가 신고 버튼을 누르면 AI가 통화를 종료하고, 피해 사실을 지정된 회사 관리자에게 자동으로 통보한다. 이를 통해 임직원은 불필요한 스트레스를 줄이고, 기업은 근무 만족도와 고객 응대 품질을 동시에 높일 수 있다.이번 기능은 LG유플러스가 자체 개발한 ‘익시(ixi)’ 온디바이스 AI를 활용해 스마트폰 애플리케이션에 최초로 적용한 사례다. 기존에는 통화 종료 후 음성 인식(STT)을 처리해야 했지만, 이번 업데이트를 통해 통화 중 실시간으로 폭언을 차단하고 응답할 수 있게 됐다. 반응 속도와 안정성이 크게 향상됐으며, 온디바이스 방식으로 개인정보 보호 측면에서도 우수하다. 특히 LG유플러스 내부 성능테스트 결과, 공공행정, 보건 등의 분야에서는 업계 최고 수준인 95% 이상의 정확도를 보였다.LG유플러스는 자사 고객센터 상담 데이터와 교사·공무원 등 일반기업의 통화 데이터를 기반으로 약 77만개의 폭언·성희롱 문장을 AI에 학습시켜 탐지 정확도를 높였다.향후 LG유플러스는 AI비즈콜에 문자, 대면회의 등 다양한 업무 상황에도 AI 기능을 접목해 업무 비서 역할을 수행하도록 기능을 확대할 계획이다. 중장기적으로는 고객이 사용하는 CRM(고객관계관리시스템), 그룹웨어 등과 연동해 ‘워크에이전트(Work Agent)’로 확장할 수 있을 것으로 기대하고 있다.주엄개 LG유플러스 유선사업담당(상무)은 “자동 폭언 탐지 기능은 현장에서 실제 임직원이 겪는 고충을 줄이기 위해 개발한 것”이라며 “앞으로도 AI비즈콜을 통해 사용자들이 체감할 수 있는 실질적 가치를 지속적으로 창출해 나가겠다”고 말했다."
https://n.news.naver.com/mnews/article/629/0000438126?sid=105,2025-10-28 15:04:15,IT/과학,통신 3사 인사 초읽기…해킹 후폭풍 속 대표 연임 여부 주목,"SKT 이르면 이번주, KT·LGU+도 연내 인사 전망21일 서울 여의도 국회에서 열린 과학기술정보방송통신위원회의 정보통신산업진흥원 등 국정감사에서 홍범식 LG유플러스 대표(왼쪽부터), 유영상 SK텔레콤 대표, 김영섭 KT 대표가 자리에서 일어나 있다. /뉴시스이동통신 3사(SK텔레콤, KT, LG유플러스)가 올해 대규모 해킹 사태 이후 첫 정기 인사를 앞둔 가운데 각사 대표이사의 연임 여부에 관심이 쏠린다.28일 관련업계에 따르면 SK텔레콤이 이르면 이번 주 임원 인사와 조직개편을 발표할 가능성이 거론되고 KT와 LG유플러스도 11~12월 사이 순차적으로 인사를 낼 것으로 보인다. 올해 잇따른 보안 사고로 통신망 신뢰가 흔들린 만큼 책임론이 어느 선까지 적용될지 주목되는 상황이다.SK텔레콤은 그룹 전체 일정에 따라 통상 12월 첫째주에 진행하던 임원 인사를 앞당겨 발표할 가능성이 있다. 관전 포인트는 유영상 대표의 유임 여부다. 지난 2021년 말 취임한 유 대표는 'AI 컴퍼니' 전략을 내세우면서 자체 AI 에이닷(A.)과 B2B 솔루션 사업을 확대해왔다. 그러나 지난 4월 2400만명 고객의 유심 정보가 유출되는 대형 해킹 사태로 위기 대응 능력이 시험대에 올랐다.사태 직후 SK텔레콤은 전 고객 대상 유심 교체와 위약금 면제 등 5000억원 규모의 보상책을 내놓으며 대응에 나섰다. 이후 AI 조직을 통합한 'AI CIC(사내회사)'를 출범시키고 희망퇴직을 단행하는 등 구조조정에도 속도를 냈다. 업계는 AI 사업 연속성, 2027년까지 남은 임기를 이유로 유 대표의 유임 가능성을 높게 보지만 3분기 영업이익 급감 전망은 부담 요인으로 꼽히는 상황이다.KT는 세 통신사 중 대표 연임 불확실성이 가장 큰 회사로 꼽힌다. 김영섭 대표의 임기가 내년 3월까지로 가장 임박한 데다 해킹 사태 이후 본인의 책임을 언급했기 때문이다. 김 대표는 국회 국정감사에서 ""사퇴를 포함한 책임을 지겠다""고 말했고 KT는 피해 고객 대상 위약금 면제 절차를 진행 중이다.이동통신 3사가 올해 대규모 해킹 사태 이후 첫 정기 인사를 앞둔 가운데 김영섭 KT 대표, 유영상 SK텔레콤 대표, 홍범식 LG유플러스 대표의 거취가 주목된다. /뉴시스KT 이사회는 내달 사외이사 전원으로 구성된 이사후보추천위원회를 꾸려 차기 대표 공모 절차를 검토할 예정이다. 공개경쟁 방식으로 후보를 검증하며 김 대표가 연임을 시도하더라도 동일한 조건에서 심사를 받는다. 보안 체계 복구와 AI 사업 안정화가 새 대표의 최우선 과제로 꼽힐 것으로 보인다.LG유플러스는 내달 중순 전후로 인사 가능성이 거론된다. 올해 주주총회에서 공식 선임된 홍범식 대표는 임기 초반 안정권에 있지만 최근 서버 해킹 관련 내사 착수로 부담이 커졌다. 경찰청 국가수사본부는 LG유플러스의 서버 해킹 정황과 관련해 입건 전 조사(내사)에 착수했고 회사가 보관 중인 자료를 확보해 해킹 경위와 자료 폐기 여부를 확인 중이다.LG유플러스는 지난 23일 한국인터넷진흥원(KISA)에 해킹 피해를 신고했지만 실제 해킹 정황은 지난 7월 포착된 것으로 밝혀졌다. 이후 ""피해 정황이 없다""고 부인했다가 서버를 폐기하고 운영체제를 재설치한 사실이 드러나 '증거 은닉' 논란이 일었다. 홍 대표는 ""유출은 있었지만 침해 정황은 없다""고 해명했지만 사태는 경찰 조사로 이어졌다. LG유플러스는 올해 600여명 희망퇴직을 진행한 만큼 이번 인사에서도 조직 효율화와 보안 강화가 핵심 과제가 될 것으로 예상된다.통신3사의 해킹 사고는 유형이 달랐다. SK텔레콤은 유심 정보가, KT는 소액결제 정보가, LG유플러스는 서버 계정이 노출됐다. 정부는 과학기술정보통신부와 개인정보보호위원회, 한국인터넷진흥원(KISA) 합동 점검을 이어가고 있다. 최종 조사 결과와 제재 수위에 따라 회사별 인사 기조가 영향을 받을 가능성도 있다.한 IT업계 관계자는 ""AI와 보안이 통신사 경영의 양대 축이 된 만큼 이번 인사는 성과보다 위기 대응력과 리더십 안정성을 가늠하는 기준이 될 것""이라고 말했다.발로 뛰는 더팩트는 24시간 여러분의 제보를 기다립니다.▶카카오톡: '더팩트제보' 검색▶이메일: jebo@tf.co.kr▶뉴스 홈페이지: http://talk.tf.co.kr/bbs/report/write"
https://n.news.naver.com/mnews/article/009/0005580625?sid=105,2025-10-28 17:42:33,IT/과학,"""상담사에 욕설하면 딱 걸려"" LGU+, 실시간 폭언탐지 기능","LG유플러스가 민원 응대 과정에서 발생하는 폭언과 욕설을 인공지능(AI)으로 실시간 감지하는 기술을 개발했다.LG유플러스는 기업용 통화 솔루션 'AI비즈콜 바이 익시'(AI비즈콜)에 AI 기반 자동 폭언 탐지 기능을 도입했다고 28일 밝혔다.AI비즈콜은 스마트폰으로 회사 번호를 사용할 수 있는 기업용 통화 애플리케이션(앱)이다. 현재 교사, 공공기관 종사자, 고객 응대 직군 등 다양한 현장 임직원들이 활용하고 있으며, 지난달 말 기준 약 3만 회선이 사용되고 있다.[정호준 기자]"
https://n.news.naver.com/mnews/article/031/0000975803?sid=105,2025-10-28 17:45:08,IT/과학,"과방위 해킹TF, 이통3사 CISO와 비공개 회의…""권한 강화 방안 논의""","이종현 SKT 통합보안센터장·황태선 KT 정보보안실장·홍관희 LGU+ 정보보안센터장 등 참석이동통신사 해킹사고를 계기로 구성된 국회 과학기술정보방송통신위원회(과방위) 산하 통신사 해킹사고 태스크포스(TF)가 28일 이동통신 3사 정보보호최고책임자(CISO)를 불러 비공개 회의를 진행했다. 과방위 TF가 이통 3사 CISO와 회의를 가진 건 이번이 처음이다.이재명 정부 첫 국정감사가 시작된 13일 정부세종청사에서 열린 국회 과학기술정보방송통신위원회의 과학기술정보통신부에 대한 국정감사에서 최민희 위원장이 국감 시작을 알리고 있다. [사진=연합뉴스]이날 통신사 해킹사고 TF 비공개 회의에는 이종현 SK텔레콤 통합보안센터장, 황태선 KT 정보보안실장, 홍관희 LG유플러스 정보보안센터장과 함께 과방위 보좌진·여야 정책연구위원 등이 참석했다.TF가 이통 3사 CISO를 부른 건 각 사업자로부터 해킹 사고·보안 정책과 관련한 의견을 청취하기 위해서다. 이통 3사가 받은 해킹 사고 조사의 방식이 동일했는지 여부, CISO 권한 강화·CEO 책임 관련 법안에 대한 CISO 입장, CISO 권한과 업무를 보장하고 책임 일부를 강화할 시 침해사고 방지에 효과적인지 여부 등을 질의한 것으로 전해졌다.과방위 관계자는 ""해킹 사태의 일부는 완료가 됐지만, 일부는 아직 정리가 필요한 상황""이라며 ""정책적으로 미비한 점을 보완하고 현장 상황을 파악하고자 했다. CISO가 통제할 수 있는 권한이 없는데 책임을 CISO가 모두 지는 게 맞는지 등에 대한 의견을 들어보는 자리였다""고 설명했다.현행 제도는 일정 규모 이상 정보통신사업자에게 CISO 지정 의무를 부과하지만 예산·인력 편성 권한이나 경영진 보고 체계 등 실질적 권한은 명확히 규정돼 있지 않다. 이로 인해 보안사고 발생 시 책임은 지지만 사고를 예방할 수 있는 구조적 권한이 부족하다는 비판이 나오고 있다.이날 회의는 통신 업계 전반의 보안 거버넌스를 점검하기 위한 것이지만 CISO의 권한을 구체적으로 어떻게 강화할지는 미지수다. 업계 관계자는 ""제도 개선도 필요하지만, 그 만큼 중요한 것은 CISO가 경영진과 동등한 수준에서 보안 의사결정을 할 수 있는 인식과 기업 문화의 개선""이라고 말했다."
https://n.news.naver.com/mnews/article/031/0000975804?sid=105,2025-10-28 17:48:10,IT/과학,"AI가 이끄는 6G 시대…이통3사, 차세대 네트워크 전략 공개","SKT AI 자율망·KT 전국 커버리지·LGU+ ‘익시오’ 플랫폼 내세워이동통신 3사가 차세대 네트워크 6G 청사진을 공개했다. SK텔레콤은 AI 자율망을, KT는 전국 100% 커버리지 전략을, LG유플러스는 개방형 AI 통신 플랫폼을 각각 제시했다.SKT, ""AI가 네트워크의 두뇌가 되는 시대""…자가 학습형 6G 인프라 제시28일 서울 강서구 LG사이언스파크에서 열린 '모바일코리아 2025' 행사에서 김동욱 SK텔레콤 6G개발팀장이 연설하고 있다. [사진=서효빈 기자]28일 서울 강서구 LG사이언스파크에서 열린 '모바일코리아' 행사에는 이통 3사 관계자들이 참석해 각 사의 6G 전략을 공개했다.SK텔레콤은 'SK텔레콤의 6G 여정' 세션에서 AI-Native 네트워크 전환 계획을 공개했다. 5G 코어망의 가상화 구조를 무선접속망(RAN)까지 확장하고, AI 기반 장애 탐지·복구 기능을 상용망 수준으로 고도화하는 것이 핵심이다.김동욱 SK텔레콤 6G개발팀장은 ""ITU-R(국제전기통신연합 무선통신부문)은 6G에서 AI의 중요성을 강조하고 있다""며 ""6G 실현과 상용화를 위한 핵심 기술은 AI 관련 요소들""이라고 말했다.그는 ""AI를 활용해 무선 성능과 사용자 경험을 동시에 개선하고 있으며, 현재 AI 전용 서버를 최적화하기 위한 연구개발을 진행 중""이라고 설명했다.SK텔레콤은 AI, 클라우드, 그린 네이티브(에너지 효율 및 신뢰성 중심)의 세 축을 기반으로 스스로 판단하고 복구하는 자율형 네트워크 인프라를 구축한다는 계획이다. 김 팀장은 ""AI가 네트워크를 운영하고, 네트워크가 다시 AI를 학습시키는 구조가 6G의 방향""이라고 강조했다.KT, ""어디서나 연결되는 100% 커버리지""... 복원력 높인 멀티스펙트럼 전략 추진서울 강서구 LG사이언스파크에서 열린 '모바일코리아 2025' 행사에서 박규진 KT 미래네트워크연구소 팀장이 연설하고 있다. [사진=서효빈 기자]KT는 '6G: 어디서나 연결되고 복원력 있는 네트워크로' 세션에서 100% 커버리지 구현을 차세대 네트워크의 핵심 목표로 제시했다.박규진 KT 미래네트워크연구소 팀장은 ""가장 중요한 것은 5G나 LTE가 닿지 않았던 지역까지 완전한 커버리지를 구현하는 것""이라며 ""이를 통해 이전 세대와는 차별화된 연결성을 제공할 수 있다""고 말했다.KT는 저대역 리파밍과 신규 7.5GHz 고대역을 병행 운용하는 멀티스펙트럼 전략을 추진하고 있다. 박 팀장은 ""6G에서는 새로운 주파수가 중요한 역할을 하겠지만, 기존 주파수도 함께 고려해야 한다""고 강조했다.그는 또 ""Extreme MIMO, RIS(지능형 반사면), NTN(비지상통신) 기술을 결합하면 3.5GHz 대비 약 93% 수준의 커버리지를 확보할 수 있다""며 ""AI 전용 트래픽을 분리 처리하는 클라우드 네이티브 네트워크 구조도 연구 중""이라고 밝혔다.박 팀장은 ""클라우드 기반 인프라와 서비스형 네트워크 구조를 통해 재난 상황에서도 스스로 복원할 수 있는 네트워크를 구현할 것""이라고 덧붙였다.LGU+, ""AI 통화 플랫폼 '익시오'로 차세대 서비스 진화""... 오픈랜 생태계 확장 가속서울 강서구 LG사이언스파크에서 열린 '모바일코리아 2025' 행사에서 조제훈 LG유플러스 액세스선행기술팀장이 연설하고 있다. [사진=서효빈 기자]LG유플러스는 '익시오, 통화를 넘어 에이전트형 AI로' 세션에서 AI 통화 플랫폼 '익시오(IXI-O)'를 중심으로 한 차세대 서비스 전략을 공개했다.조제훈 LG유플러스 액세스선행기술팀장은 ""'AI 비즈콜'은 교사, 공공기관 종사자, 고객 응대 직군 등 다양한 현장 근로자가 스마트폰으로 회사 전화번호를 사용할 수 있는 기업용 통화 서비스""라며 ""여기에 AI 기반 폭언 탐지 기능을 새롭게 추가했다""고 말했다.그는 ""통화 중 상대방의 욕설이나 폭언을 실시간으로 감지하고, 신고 버튼을 누르면 AI가 통화를 종료하며 관리자를 자동으로 알린다""고 설명했다. 이를 통해 LG유플러스는 고객 응대 환경의 안전성을 높이고, AI를 기반으로 한 서비스 혁신 방향을 구체화하고 있다.또한 조 팀장은 ""AI 기술이 사용자의 의도를 이해하고 대행하는 에이전트형 AI로 진화할 것""이라며 ""오픈랜(Open RAN)은 여러 벤더가 참여할 수 있는 개방형 구조로, 중소기업과 스타트업이 협력하는 생태계를 만들어갈 것""이라고 했다."
https://n.news.naver.com/mnews/article/437/0000462208?sid=101,2025-10-28 20:02:20,경제,"[단독] 통신사가 내 관리비로 ""전기 도둑질""…10년째 되풀이","[앵커]아파트 엘리베이터나 복도처럼 공용시설에서 쓰는 전기는 주민들 관리비에 나눠서 청구됩니다. 대형 통신사들도 이 전기를 쓰고 있는데 일단은 주민들에게 비용을 떠넘겼다가, 항의를 해야 돌려주는 일이 끊이지 않고 있습니다.임지수 기자가 취재했습니다.[기자]인천 빌라에 사는 정모 씨는 지난해 우연히 건물 통신함에서 공용전기를 쓰고 있는 장비들을 발견했습니다.[정모 씨/인천 계양3동 : 저희가 허락하지도, 동의를 안 했는데도 무단으로 전기를 사용하고 있었던 거고요.]인터넷 신호를 여러 집으로 나눠주는 분배기부터, 집 안에 설치해야 하는 모뎀까지.모두 공용전기를 사용해 주민들 관리비로 나가고 있었던 겁니다.[정모 씨/인천 계양3동 : 고객센터에 전화를 걸어서 '당신들이 전기 도둑질한 것에 대한 청구를 요구한다'란 말을 했었죠.]정 씨가 항의하자 업체들은 합의서를 내밀며 몰래 써온 수십만원대 전기요금을 정산해줬습니다.주변 다른 빌라들도 마찬가지였습니다.[정모 씨/인천 계양3동 : 여기 이 건물이 KT한테 100만원을 받은 건물이고요. 분배기가 큰 게 앞에 있는 건 SKB, 뒤에 있는 건 KT.]이들 업체들이 사용한 공용전기 사용금액은 지난해 KT 421억원, SKB 296억원, LGU+ 197억원, LG헬로비전 121억원입니다.문제는 10여년간 이어진 문제 제기에도 주민들이 알아채고 항의할 때까지 버티는 경우가 아직도 있단 겁니다.한 통신사 관계자는 ""전체 공용전기 요금 중 그런 경우는 1% 수준""이라고 해명했습니다.업체들은 담당자가 바뀌거나 실수로 누락될 수 있단 입장이지만 그 피해는 고스란히 주민들에게 돌아가고 있습니다.[최민희/국회 과학기술정보방송통신위원장 : 적발돼도 위반하는 게 남는 장사가 되다 보니 10년 넘게 방치된 겁니다. 이런 행태를 뿌리 뽑겠습니다.]과기부는 이에 대해 ""전수조사를 요구해 문제 확인 시 전액 보상하도록 할 방침""이라고 밝혔습니다.[영상취재 이경 정철원 유연경 영상편집 박주은 영상디자인 김윤나 인턴기자 정보현]"
https://n.news.naver.com/mnews/article/421/0008569425?sid=105,2025-10-29 09:00:00,IT/과학,"LGU+, 소방청과 '국민 안전 강화' 업무협약 체결","소방관 통신망 우선 접속… 추모·복지·교육 등 지원사업도 확대LG유플러스는 소방청과 국민 안전 강화를 위한 상호협력을 위해 업무협약(MOU)을 체결했다. 사진은 지난 28일 서울 용산구 LG유플러스 용산사옥에서 열린 업무협약식에서 이철훈 LG유플러스 커뮤니케이션센터장(왼쪽)과 이진호 소방청 기획조정관이 기념촬영을 하고 있는 모습.(LG유플러스 제공)(서울=뉴스1) 김민수 기자 = LG유플러스(032640)는 소방청과 국민 안전 강화를 위한 상호 협력을 위해 업무협약(MOU)을 체결했다고 29일 밝혔다.이번 협약은 LG유플러스의 ICT 역량을 활용해 소방청의 국민 안전 활동을 지원하고, 소방관을 위한 복지·교육·추모 지원 등 사회공헌 활동을 체계적으로 추진하기 위한 것이다.LG유플러스는 재난이나 재해 등으로 네트워크가 혼잡한 상황에서도 소방관에게 통신망 우선 접속 권한을 부여하는 방안을 추진한다. 이 제도는 이르면 내년 상반기 중 도입될 예정이다.양 기관은 오는 11월 2일 세종시 세종중앙공원에서 열리는 순직 소방관 추모문화제 '119메모리얼데이'의 일환으로 마라톤 대회 '119메모리얼런'을 공동 개최한다. 참가자 2000명은 자신의 이름과 함께 순직 소방관 한 명의 이름과 순직일이 적힌 배번 표를 달고 달리며, 참가비(5만원) 전액은 순직 소방관 추모 활동과 유가족 지원에 기부된다.이와 함께 LG유플러스는 3교대 근무와 긴급 출동 등으로 자녀 교육의 어려움을 겪는 소방관들을 지원하기 위해 소방관 자녀 대상 교육격차 해소 프로그램 '아이드림챌린지'를 확대한다.이달 27일부터는 아이드림챌린지로 선발된 소방관 자녀 400명을 대상으로 교육 지원이 시작됐다. LG유플러스는 '아이들나라' 등 자사 디지털 콘텐츠를 활용해 독서 활동을 돕고, 온라인 멘토링 프로그램도 운영한다."
https://n.news.naver.com/mnews/article/003/0013564809?sid=105,2025-10-29 09:00:00,IT/과학,"LGU+, 소방관에 통신망 우선 접속 권한 준다","LGU+ 소방청과 국민안전 강화 상호협력 업무협약재난·재해 시 네트워크 혼잡에도 안정적 구조 활동 뒷받침[서울=뉴시스] LG유플러스와 소방청이 국민 안전 강화를 위한 상호 협력을 위해 업무협약(MOU)을 체결했다. (사진=LGU+ 제공) *재판매 및 DB 금지[서울=뉴시스] 심지혜 기자 = LG유플러스는 소방청과 국민 안전 강화를 위한 상호 협력을 위해 업무협약(MOU)을 체결했다고 29일 밝혔다.이번 협약을 통해 LG유플러스는 ICT 역량을 활용해 소방청의 국민 안전 강화 활동에 협력하고, 소방관을 위한 복지·교육·추모 지원 등의 활동에 나선다.소방청은 대상자 추천 등 협약의 원활한 추진을 위해 행정적, 제도적 지원을 제공하기로 했다.국민 안전 강화를 위해 LG유플러스는 재난, 재해 등으로 네트워크 혼잡 상황이 발생하더라도 소방관에게 최우선 통신망 접속을 보장하는 방안을 추진한다.응급 상황에서 소방관의 무선 연결이 지연되면, 구조 활동에 큰 어려움을 줄 수 있다. 이에 전국 소방서 현장 법인 회선에 항시 우선 접속 권한을 부여해 소방관들이 언제나 안정적이고 신속하게 통신망을 사용할 수 있도록 하는 것이다. 소방 우선 접속 권한은 이르면 내년 상반기 도입한다.LG유플러스와 소방청은 오는 11월 2일 세종시 세종중앙공원에서 열리는 순직소방관 추모문화제 '119메모리얼데이'에서 마라톤 대회 '119메모리얼런'을 개최하는 등 협업을 진행하고 있다. 119메모리얼런 참가자 2천명은 자신의 이름과 함께 순직 소방관 1명의 이름 및 순직일이 적힌 배번표를 달고 달리기에 나서며, 참가비(5만원) 전액은 순직 소방관을 위한 추모 활동과 유가족 지원 등에 기부된다.또 LG유플러스는 소방관들이 3교대 근무나 긴급 현장 투입 등으로 인해 자녀 교육에 어려움을 느끼는 경우가 많다는 점을 고려해 소방관 자녀를 대상으로 교육격차 해소 프로그램 '아이드림챌린지'를 확대하기로 했다.이진호 소방청 기획조정관은 ""소방공무원의 복지 향상과 재난 대응을 위한 기술 협력은 국민 안전 강화에 큰 기여를 할 것이라고 생각한다”며 “앞으로도 LG유플러스와 국민 안전을 위한 협력을 강화해 나가겠다""고 말했다.이철훈 LG유플러스 커뮤니케이션센터장(부사장)은 ""LG유플러스는 통신 인프라와 기술을 바탕으로 소방의 현장 대응을 지원하고, 국민이 더 안심할 수 있는 일상을 만들어가겠다”며 “소방관 여러분의 헌신에 보답하고 국민의 안전을 지키는 일에 실질적인 도움이 될 수 있도록 지속적인 협력을 이어갈 것”이라고 했다."
https://n.news.naver.com/mnews/article/421/0008569421?sid=105,2025-10-29 09:00:00,IT/과학,"LGU+, 경희대와 AI 기반 네트워크 분석모델 개발","네트워크 트래픽 데이터가 발생 지역의 특성 판별네트워크망 관리와 에너지 효율 높이는데 활용LG유플러스는 경희대학교와 손잡고 네트워크 트래픽 데이터가 발생한 지역의 특성을 판별하는 AI 모델을 개발했다고 29일 밝혔다. 사진은 산학협력 과제로 LG유플러스 임직원과 경희대학교 연구원이 AI 모델 개발을 위해 회의하는 모습.(LG유플러스 제공)(서울=뉴스1) 김민수 기자 = LG유플러스(032640)는 경희대학교와 손잡고 네트워크 트래픽 데이터가 발생한 지역의 특성을 판별하는 인공지능(AI) 모델을 개발했다고 29일 밝혔다.이번 연구는 기존에 사람이 직접 분류했던 트래픽 데이터를 AI가 신속하게 분석하고 저장하도록 자동화 체계를 구축하기 위해 추진됐다.기존에는 트래픽 데이터가 주거지역·오피스단지·상업지역 등 어떤 곳에서 발생했는지 사람이 일일이 판별해 시간과 인력이 많이 들고 정확도도 떨어졌다.새로 개발된 AI 모델은 트래픽 데이터를 입력하면 발생 지역, 실내외 트래픽 비중, 시간대별 사용 특성 등을 자동으로 분석한다. 아파트 단지나 지하철역 등 특징이 명확한 지역의 경우 90% 이상의 판별 정확도를 보였다.LG유플러스는 이번 모델을 전국 네트워크망 관리에 적용해 장비 운영 효율을 높일 계획이다. 전국 네트워크망 트래픽 데이터의 지리적 특성을 분석해 수요가 많은 지역은 장비를 미리 증설하고, 사용량이 적은 지역은 일부 장비 출력을 조정하는 방식이다.또한 시간대별 사용량에 따라 장비 가동률을 조정해 에너지 효율을 높일 방침이다. 예컨대 주거단지의 새벽이나 오피스단지의 야간에는 전력 소모를 줄이고, 상업지역의 주말이나 퇴근 시간대에는 출력을 높이는 식이다.LG유플러스는 AI 모델의 정확도를 지속적으로 개선하고 자사 네트워크 관리 시스템에 연동할 예정이다. 이를 통해 장기적으로 AI가 전체 네트워크망을 스스로 최적화하는 '자율 네트워크 관리 체계(Autonomous Network)' 시대에도 활용될 수 있도록 고도화할 계획이다."
https://n.news.naver.com/mnews/article/003/0013564808?sid=105,2025-10-29 09:00:00,IT/과학,"LGU+, 통신 트래픽 데이터 특성 판별 AI 모델 개발","경희대 협업…트래픽 발생 지역·실내외 비중·시간대 등 특성 파악전국 구축 네트워크망의 관리 효율 제고에 기여[서울=뉴시스] LG유플러스가 경희대학교와 네트워크 트래픽 데이터가 발생한 지역의 특성을 판별하는 인공지능(AI) 모델 개발에 성공했다. (사진=LGU+ 제공) *재판매 및 DB 금지[서울=뉴시스] 심지혜 기자 = LG유플러스는 경희대학교와 네트워크 트래픽 데이터가 발생한 지역의 특성을 판별하는 인공지능(AI) 모델을 개발했다고 29일 밝혔다.이번 연구는 기존에 사람이 판단하고 분류하던 네트워크 트래픽 데이터의 지역별 특성을 AI가 신속하게 판별하고 저장하는 자동화 체계를 구축하기 위해 추진됐다. LG유플러스는 산학협력으로 별도 현장조사나 긴 테스트 없이 필요한 정보를 빠르게 제공하는 AI 모델 개발에 성공했다.기존에는 네트워크 트래픽 데이터가 주거단지, 오피스단지, 사람이 많이 다니는 상권 등 어디에서 발생했고, 어떤 특징을 갖고 있는지 모두 사람이 판별했다. 이 방식은 많은 시간과 인력이 필요하고, 정확도가 떨어질 수 있다는 한계가 있었다.새롭게 개발된 AI 모델은 네트워크 트래픽 데이터를 입력하면 어떤 지역에서 발생했고 실내·외 트래픽 비중이 얼마나 되는지, 어느 시간대에 많이 사용되는지 등의 특성을 제공한다. 이는 기존에 학습된 데이터의 패턴과 입력된 자료를 대조해 특성을 도출하는 방식으로, 아파트 단지나 지하철 등 특징이 뚜렷한 지역은 약 90% 이상의 정확도를 보인다.LG유플러스는 이 모델을 활용해 전국에 구축한 네트워크망의 관리 효율을 높일 수 있을 것으로 기대하고 있다. 전국 네트워크망 트래픽 데이터의 지리적 특성을 분석해 장비가 더 필요한 지역에는 미리 증설해 고객 불편을 방지하고, 수요가 줄어든 지역은 일부 조정하는 형태다.또한 각 지역의 시간대별 사용량에 맞춰 장비 가동률을 조정해 에너지 효율도 높인다. 가령 주거단지의 새벽이나 오피스단지의 저녁 등 사용량이 적은 시간대엔 장비 출력을 조절해 전력 소모를 줄인다. 대신 서울 성수·홍대 등 사람이 많이 몰리는 상업지구의 주말이나 주거단지의 저녁시간대에는 사용량이 많아지는만큼 출력을 높이는 방식이다.향후 LG유플러스는 AI 모델의 정확도를 높이는 한편 자사 네트워크망 관리 시스템에 연동할 예정이다. 뿐만 아니라 AI가 네트워크망 전체를 관리하는 ‘자율 네트워크 관리 체계’ 시대에도 활용될 수 있도록 맞춤형으로 고도화할 계획이다.이상헌 LG유플러스 NW선행개발담당은 ""경희대 이동통신 연구실과의 공동 연구로 네트워크 인프라를 개선하고 고객 체감 품질을 향상시킬 수 있는 AI 모델을 확보하게 됐다""며 ""새로운 AI 모델을 활용해 더 밝은 세상을 만드는 데 LG유플러스가 앞장설 수 있도록 만들겠다""고 말했다.홍인기 경희대학교 연구처장 겸 산학협력단장은 ""경희대학교는 이번 핵심 기술 개발을 비롯해 LG유플러스와 긴밀한 협력을 이어나가도록 최선을 다할 것""이라며 ""이번 협업과 같은 성공적인 산학협력 모델을 지속적으로 발굴해 대학의 경쟁력을 더욱 높일 수 있도록 노력하겠다""고 전했다."
https://n.news.naver.com/mnews/article/001/0015707463?sid=105,2025-10-29 09:00:02,IT/과학,"""재난 때도 끊기지 않게""…LGU+, 소방관 우선 통신망 추진","LG유플러스-소방청 MOU[LG유플러스 제공. 재판매 및 DB 금지](서울=연합뉴스) 박형빈 기자 = LG유플러스는 소방청과 국민 안전 강화를 위한 업무협약(MOU)을 체결했다고 29일 밝혔다.LG유플러스는 정보통신기술(ICT)을 활용해 소방청의 국민 안전 활동에 협력하고 소방관을 위한 복지·교육·추모 지원 등 사회공헌 활동을 적극 추진하기로 했다.LG유플러스는 재난·재해 등으로 네트워크가 혼잡한 상황에서도 소방관이 최우선으로 통신망에 접속할 수 있도록 하는 방안을 추진 중이다. 이 서비스는 이르면 내년 상반기 도입될 예정이다.또 오는 11월 2일 세종시 세종중앙공원에서 열리는 순직 소방관 추모문화제 '119메모리얼데이'에서 마라톤 대회를 소방청과 공동 개최하고 행사 수익금 전액을 유가족 지원과 추모 사업에 기부할 계획이다.이와 함께 교대근무 등으로 자녀 교육에 어려움을 겪는 소방관을 지원하기 위해 교육격차 해소 프로그램 '아이드림챌린지'를 확대 운영한다.소방청은 대상자 추천 등 협약의 원활한 추진을 위해 행정적, 제도적 지원을 제공하기로 했다.binzz@yna.co.kr"
https://n.news.naver.com/mnews/article/031/0000975898?sid=105,2025-10-29 09:00:11,IT/과학,"LGU+, 소방청과 '국민 안전 강화' 협력","재난·재해 시 네트워크 혼잡에도 안정적 구조 활동 뒷받침…이르면 내년 상반기 시행LG유플러스는 29일 소방청과 국민 안전 강화를 위한 상호 협력 업무협약(MOU)을 체결했다.사진은 지난 28일 서울 용산구 LG유플러스 용산사옥에서 열린 업무협약식에서 이철훈 LG유플러스 커뮤니케이션센터장(왼쪽)과 이진호 소방청 기획조정관이 기념촬영을 하고 있는 모습. [사진=LGU+]이번 협약을 통해 LG유플러스는 정보통신기술(ICT) 역량을 활용해 소방청의 안전 활동을 지원하고, 소방관 대상 복지·교육·추모 등 사회공헌 활동을 적극 전개하기로 했다. 소방청은 대상자 추천 등 행정·제도적 지원을 맡는다.양 측은 재난이나 재해 발생 시에도 소방관이 통신망에 최우선으로 접속할 수 있도록 전국 소방서 현장 회선에 우선 접속 권한을 부여하는 방안을 추진한다. 응급 상황에서 무선 연결 지연은 구조 활동에 심각한 지장을 줄 수 있는 만큼, 해당 시스템은 이르면 내년 상반기부터 적용될 예정이다.또한 11월 2일 세종시 세종중앙공원에서 열리는 순직소방관 추모문화제 '119메모리얼데이'에서 양 기관은 마라톤 행사 '119메모리얼런'을 공동 개최한다. 참가자 2천명은 각자의 이름과 함께 순직 소방관의 이름·순직일이 기재된 배번표를 달고 달리며, 참가비 5만원 전액은 추모 활동 및 유가족 지원에 기부된다.이 밖에도 LG유플러스는 3교대 근무나 긴급 출동으로 인해 자녀 교육에 어려움을 겪는 소방관 가정을 지원하기 위해 교육격차 해소 프로그램 '아이드림챌린지'를 확대한다. 지난 27일부터는 선발된 소방관 자녀 400명을 대상으로 교육 활동이 시작됐으며, 독서 콘텐츠 '아이들나라'와 온라인 멘토링을 통해 학습 습관 형성을 돕는다.이진호 소방청 기획조정관은 ""소방공무원 복지 향상과 재난 대응 기술 협력이 국민 안전에 기여할 것으로 기대한다""며 ""LG유플러스와 협력을 지속 강화하겠다""고 말했다.이철훈 LG유플러스 커뮤니케이션센터장(부사장)은 ""통신 인프라와 기술로 소방 대응을 지원하고, 국민의 안심 일상을 만들겠다""며 ""소방관의 헌신에 보답하고 안전 사회 구축에 힘을 보태겠다""고 전했다."
https://n.news.naver.com/mnews/article/629/0000438298?sid=105,2025-10-29 09:00:15,IT/과학,"LGU+, 소방청과 '국민 안전 네트워크' 강화","재난 시 소방관 우선 통신망 접속 추진순직 소방관 추모·자녀 교육 지원 등 확대지난 28일 서울 용산구 LG유플러스 용산사옥에서 열린 업무협약식에서 이철훈 LG유플러스 커뮤니케이션센터장(왼쪽)과 이진호 소방청 기획조정관이 기념촬영을 하고 있다. /LG유플러스LG유플러스는 소방청과 국민 안전 강화를 위한 업무협약을 체결했다고 29일 밝혔다.이번 협약을 통해 LG유플러스는 ICT 역량을 활용해 소방청의 국민 안전 활동을 지원하고 소방관 복지와 교육 추모를 위한 사회공헌 사업을 적극 추진하기로 했다. 소방청은 대상자 추천 등 협약 이행을 위한 행정적 지원을 맡는다.LG유플러스는 재난이나 재해 등으로 통신망이 혼잡할 때도 소방관에게 우선 접속 권한을 보장하는 방안을 추진한다. 응급 상황에서 무선 연결이 지연되면 구조 활동에 어려움이 발생할 수 있는 만큼 전국 소방서의 현장 법인 회선에 항시 우선 접속 권한을 부여해 안정적이고 신속한 통신을 지원한다. 이 제도는 내년 상반기 도입될 예정이다.또 양측은 오는 11월 2일 세종시 세종중앙공원에서 열리는 순직 소방관 추모문화제 '119메모리얼데이'의 마라톤 대회 '119메모리얼런'을 함께 개최한다. 참가자 2000명은 자신의 이름과 함께 순직 소방관의 이름 및 순직일이 적힌 배번표를 달고 달리며 참가비 전액은 추모 활동과 유가족 지원에 기부된다.LG유플러스는 소방관 자녀를 위한 교육격차 해소 프로그램 '아이드림챌린지'도 확대한다. 교대 근무와 긴급 출동으로 자녀 교육에 어려움을 겪는 소방관을 위해 마련된 프로그램으로 지난 27일부터 새로 선발된 소방관 자녀 400명이 참여 중이다. LG유플러스는 디지털 콘텐츠 '아이들나라'를 통해 맞춤 독서 활동을 지원하고 온라인 멘토링으로 학습 습관을 형성하도록 돕고 있다.이진호 소방청 기획조정관은 ""소방공무원의 복지 향상과 재난 대응 기술 협력은 국민 안전 강화에 큰 도움이 될 것""이라며 ""LG유플러스와의 협력을 지속하겠다""고 말했다.이철훈 LG유플러스 커뮤니케이션센터장은 ""통신 인프라와 기술을 통해 소방의 현장 대응을 지원하고 국민이 안심할 수 있는 일상을 만들어가겠다""며 ""소방관의 헌신에 보답하고 국민 안전을 지키는 일에 실질적인 도움이 되도록 협력을 이어가겠다""고 밝혔다.발로 뛰는 더팩트는 24시간 여러분의 제보를 기다립니다.▶카카오톡: '더팩트제보' 검색▶이메일: jebo@tf.co.kr▶뉴스 홈페이지: http://talk.tf.co.kr/bbs/report/write"
https://n.news.naver.com/mnews/article/119/0003017862?sid=105,2025-10-29 09:00:16,IT/과학,"LGU+, 소방청과 협력해 ‘소방 우선 접속’ 도입 추진","국민 안전 위해 소방관에 항시 통신망 우선 접속 권한 부여 추진28일 서울 용산구LG유플러스 용산사옥에서 열린 업무협약식에서 이철훈LG유플러스 커뮤니케이션센터장(왼쪽)과 이진호 소방청 기획조정관이 기념촬영을 하고 있는 모습.ⓒLG유플러스[데일리안 = 조인영 기자] LG유플러스는 소방청과 국민 안전 강화를 위한 상호 협력을 위해 업무협약(MOU)을 체결했다고 29일 밝혔다.이번 협약을 통해 LG유플러스는 ICT 역량을 활용해 소방청의 국민 안전 강화 활동에 협력하고, 소방관을 위한 복지·교육·추모 지원 등 사회공헌 활동을 적극 추진하기로 했다.소방청은 대상자 추천 등 협약의 원활한 추진을 위해 행정적, 제도적 지원을 제공하기로 했다.국민 안전 강화를 위해 LG유플러스는 재난, 재해 등으로 네트워크 혼잡 상황이 발생하더라도 소방관에게 최우선 통신망 접속을 보장하는 방안을 추진한다.응급 상황에서 소방관의 무선 연결이 지연되면, 구조 활동에 큰 어려움을 줄 수 있다. 이에 전국 소방서 현장 법인 회선에 항시 우선 접속 권한을 부여해 소방관들이 언제나 안정적이고 신속하게 통신망을 사용할 수 있도록 하는 것이다. 소방 우선 접속 권한은 이르면 내년 상반기에 도입될 예정이다.LG유플러스와 소방청은 오는 11월 2일 세종시 세종중앙공원에서 열리는 순직소방관 추모문화제 '119메모리얼데이'에서 마라톤 대회 '119메모리얼런'을 개최하는 등 협업을 진행하고 있다.119메모리얼런 참가자 2000명은 자신의 이름과 함께 순직 소방관 1명의 이름 및 순직일이 적힌 배번표를 달고 달리기에 나서며, 참가비(5만원) 전액은 순직 소방관을 위한 추모 활동과 유가족 지원 등에 기부된다.양측은 향후에도 소방관의 헌신을 국민 모두가 함께 기억하는 문화가 확산될 수 있도록 협업을 늘릴 계획이다.LG유플러스는 소방관들이 3교대 근무나 긴급 현장 투입 등으로 인해 자녀 교육에 어려움을 느끼는 경우가 많다는 점을 고려해 소방관 자녀를 대상으로 교육격차 해소 프로그램 '아이드림챌린지'를 확대하기로 했다.실제로 지난 27일부터 아이드림챌린지를 통해 새롭게 선발된 소방관 자녀 400명을 대상으로 교육 활동이 시작됐다. LG유플러스는 아이드림챌린지에 참여하는 소방관 자녀에게 '아이들나라' 등 디지털 콘텐츠를 통해 나이에 맞는 독서 활동을 지원하고, 온라인 멘토링을 실시해 학습 습관 형성을 돕는다.이진호 소방청 기획조정관은 ""소방공무원의 복지 향상과 재난 대응을 위한 기술 협력은 국민 안전 강화에 큰 기여를 할 것이라고 생각한다”며 “앞으로도 LG유플러스와 국민 안전을 위한 협력을 강화해 나가겠다""고 말했다.이철훈 LG유플러스 커뮤니케이션센터장(부사장)은 ""LG유플러스는 통신 인프라와 기술을 바탕으로 소방의 현장 대응을 지원하고, 국민이 더 안심할 수 있는 일상을 만들어가겠다”며 “소방관 여러분의 헌신에 보답하고 국민의 안전을 지키는 일에 실질적인 도움이 될 수 있도록 지속적인 협력을 이어갈 것”이라고 밝혔다."
https://n.news.naver.com/mnews/article/014/0005426009?sid=105,2025-10-29 09:01:12,IT/과학,"LG U+, 소방청과 국민 안전 강화 위한 협력 나선다","이철훈 LG유플러스 커뮤니케이션센터장(왼쪽)과 이진호 소방청 기획조정관이 지난 28일 서울 용산구 LG유플러스 용산사옥에서 열린 업무협약식에서 기념촬영을 하고 있는 모습. LG유플러스 제공LG유플러스는 소방청과 국민 안전 강화를 위한 상호 협력을 위해 업무협약(MOU)을 체결했다고 29일 밝혔다.이번 협약을 통해 LG유플러스는 ICT 역량을 활용해 소방청의 국민 안전 강화 활동에 협력하고 소방관을 위한 복지·교육·추모 지원 등 사회공헌 활동을 적극 추진하기로 했다. 소방청은 대상자 추천 등 협약의 원활한 추진을 위해 행정적, 제도적 지원을 제공하기로 했다.먼저 LG유플러스는 국민 안전 강화를 위해 재난, 재해 등으로 네트워크 혼잡 상황이 발생하더라도 소방관에게 최우선 통신망 접속을 보장하는 방안을 추진한다. 응급 상황에서 소방관의 무선 연결이 지연되면 구조 활동에 큰 어려움을 줄 수 있다. 이에 전국 소방서 현장 법인 회선에 항시 우선 접속 권한을 부여해 소방관들이 언제나 안정적이고 신속하게 통신망을 사용할 수 있도록 하는 것이다. 소방 우선 접속 권한은 이르면 내년 상반기에 도입될 예정이다.아울러 LG유플러스와 소방청은 다음달 2일 세종시 세종중앙공원에서 열리는 순직소방관 추모문화제 '119메모리얼데이'에서 마라톤 대회 '119메모리얼런'을 개최한다. 119메모리얼런 참가자 2천명은 자신의 이름과 함께 순직 소방관 1명의 이름 및 순직일이 적힌 배번표를 달고 달리기에 나서며 참가비(5만원) 전액은 순직 소방관을 위한 추모 활동과 유가족 지원 등에 기부된다. 양 측은 향후에도 소방관의 헌신을 국민 모두가 함께 기억하는 문화가 확산될 수 있도록 협업을 늘릴 계획이다.또 LG유플러스는 소방관들이 3교대 근무나 긴급 현장 투입 등으로 인해 자녀 교육에 어려움을 느끼는 경우가 많다는 점을 고려해 소방관 자녀를 대상으로 교육격차 해소 프로그램 '아이드림챌린지'를 확대하기로 했다. 실제로 지난 27일부터 아이드림챌린지를 통해 새롭게 선발된 소방관 자녀 400명을 대상으로 교육 활동이 시작됐다. LG유플러스는 아이드림챌린지에 참여하는 소방관 자녀에게 '아이들나라' 등 디지털 콘텐츠를 통해 나이에 맞는 독서 활동을 지원하고 온라인 멘토링을 실시해 학습 습관 형성을 돕는다.이진호 소방청 기획조정관은 ""소방공무원의 복지 향상과 재난 대응을 위한 기술 협력은 국민 안전 강화에 큰 기여를 할 것이라고 생각한다”며 “앞으로도 LG유플러스와 국민 안전을 위한 협력을 강화해 나가겠다""고 말했다.이철훈 LG유플러스 커뮤니케이션센터장(부사장)은 ""LG유플러스는 통신 인프라와 기술을 바탕으로 소방의 현장 대응을 지원하고 국민이 더 안심할 수 있는 일상을 만들어가겠다”며 “소방관 여러분의 헌신에 보답하고 국민의 안전을 지키는 일에 실질적인 도움이 될 수 있도록 지속적인 협력을 이어갈 것”이라고 밝혔다."
https://n.news.naver.com/mnews/article/016/0002549006?sid=105,2025-10-29 09:01:14,IT/과학,"국민 안전 강화 맞손…LGU+, 소방관 ‘통신망 우선 접속권’ 부여","재난·재해 시 구조 활동 지원…내년 상반기 시행순직 추모 마라톤 및 자녀 교육 격차 해소 등 협업지난 28일 서울 용산구 LG유플러스 용산 사옥에서 열린 업무협약식에서 이철훈(왼쪽) LG유플러스 커뮤니케이션센터장과 이진호 소방청 기획조정관이 기념 촬영을 하고 있다. [LG유플러스 제공][헤럴드경제=고재우 기자] LG유플러스가 내년 상반기부터 소방관에 ‘통신망 우선 접속권’을 부여하는 방안을 추진한다. 이를 통해 소방청의 국민 안전 강화 활동을 지원하겠다는 복안이다.LG유플러스는 소방청과 국민 안전 강화를 위한 업무협약(MOU)을 체결했다고 29일 밝혔다. 정보통신기술(ICT) 역량을 통해 소방청의 국민 안전 강화에 협력하는 것은 물론, 소방관을 위한 복지·교육·추모 지원 등 사회공헌 활동도 추진할 계획이다. 소방청은 대상자 추천 등 행정적, 제도적 지원을 제공한다.세부적으로 LG유플러스는 재난, 재해 등으로 네트워크 혼잡 상황이 발생하더라도 소방관에게 최우선 통신망 접속을 보장하는 방안을 추진한다.응급 상황에서 소방관의 무선 연결이 지연되면, 구조 활동에 큰 어려움이 따른다. 이에 LG유플러스는 전국 소방서 현장 법인 회선에 항시 우선 접속 권한을 부여하고, 소방관들이 언제나 안정적이고 신속하게 통신망을 사용할 수 있도록 할 방침이다. 소방 우선 접속 권한은 이르면 내년 상반기에 도입된다.이와 함께 LG유플러스와 소방청은 다음 달 2일 세종시 세종중앙공원에서 열리는 순직소방관 추모문화제 ‘119메모리얼데이’에서 마라톤 대회를 개최한다. 여기에 참가한 소방관 2000명은 자신의 이름과 함께 순직 소방관 1명의 이름 및 순직 일이 적힌 배번 표를 달고 달리기에 나선다. 참가비(5만원) 전액은 순직 소방관을 위한 추모 활동과 유가족 지원 등을 위해 쓰인다.또 LG유플러스는 소방관들이 3교대 근무나 긴급 현장 투입 등으로 자녀 교육에 어려움을 느끼는 경우가 많다는 점에 착안해, 소방관 자녀 대상 교육격차 해소 프로그램 ‘아이드림챌린지’를 확대하기로 했다.이와 관련 LG유플러스는 지난 27일부터 아이드림챌린지를 통해 선발된 소방관 자녀 400명을 대상으로 교육 활동을 진행 중이다. 아이드림챌린지에 참여하는 소방관 자녀에게는 ‘아이들나라’ 등 디지털 콘텐츠 및 온라인 멘토링이 지원된다.이진호 소방청 기획조정관은 “소방공무원의 복지 향상과 재난 대응을 위한 기술 협력은 국민 안전 강화에 크게 이바지할 것”이라며 “앞으로도 LG유플러스와 국민 안전을 위한 협력을 강화해 나가겠다”고 말했다.이철훈 LG유플러스 커뮤니케이션센터장은 “LG유플러스는 통신 인프라와 기술을 바탕으로 소방 현장 대응을 지원하고, 국민이 더 안심할 수 있는 일상을 만들어가겠다”며 “소방관 여러분의 헌신에 보답하고, 국민 안전을 지키는 일에 실질적인 도움이 될 수 있도록 협력을 이어갈 것”이라고 밝혔다."
https://n.news.naver.com/mnews/article/031/0000975909?sid=105,2025-10-29 09:20:11,IT/과학,"LGU+, 경희대와 지역 특성 판별 AI 모델 개발","트래픽 데이터 발생 지역·실내외 비중·시간대 등 특성 제공LG유플러스(대표 홍범식)는 경희대학교와 손잡고 네트워크 트래픽 데이터가 발생한 지역의 특성을 판별하는 AI 모델을 개발했다고 29일 밝혔다.LG유플러스 임직원과 경희대학교 연구원이 AI 모델 개발을 위해 회의하는 모습. [사진=LGU+]이 연구는 사람이 판단하고 분류하던 네트워크 트래픽 데이터의 지역별 특성을 AI가 신속하게 판별하고 저장하는 자동화 체계를 구축하기 위해 추진됐다.기존에는 네트워크 트래픽 데이터가 주거단지, 오피스단지, 사람이 많이 다니는 상권 등 어디에서 발생했고 어떤 특징을 갖고 있는지 모두 사람이 판별했다. 이 방식은 많은 시간과 인력이 필요하고 정확도가 떨어질 수 있다는 한계가 있었다.새롭게 개발된 AI 모델은 네트워크 트래픽 데이터를 입력하면 어떤 지역에서 발생했고 실내·외 트래픽 비중이 얼마나 되는지, 어느 시간대에 많이 사용되는지 등의 특성을 제공한다. 기존에 학습된 데이터의 패턴과 입력된 자료를 대조해 특성을 도출하는 방식이다.LG유플러스는 이 모델을 활용해 전국에 구축한 네트워크망의 관리 효율을 높일 수 있을 것으로 기대하고 있다. 전국 네트워크망 트래픽 데이터의 지리적 특성을 분석해 장비가 더 필요한 지역에는 미리 증설해 고객 불편을 방지하고, 수요가 줄어든 지역은 일부 조정하는 형태다.각 지역의 시간대별 사용량에 맞춰 장비 가동률을 조정해 에너지 효율도 높인다. 가령 주거단지의 새벽이나 오피스단지의 저녁 등 사용량이 적은 시간대엔 장비 출력을 조절해 전력 소모를 줄인다. 대신 서울 성수·홍대 등 사람이 많이 몰리는 상업지구 주말이나 주거단지 저녁시간대에는 사용량이 많아지는만큼 출력을 높이는 방식이다.LG유플러스는 향후 AI 모델 정확도를 높이는 한편 자사 네트워크망 관리 시스템에 연동할 예정이다.이상헌 LG유플러스 NW선행개발담당은 ""경희대 이동통신 연구실과의 공동 연구로 네트워크 인프라를 개선하고 고객 체감 품질을 향상시킬 수 있는 AI 모델을 확보하게 됐다""며 ""새로운 AI 모델을 활용해 더 밝은 세상을 만드는 데 LG유플러스가 앞장설 수 있도록 만들겠다""고 말했다."
https://n.news.naver.com/mnews/article/029/0002989946?sid=105,2025-10-29 09:32:22,IT/과학,"LGU+, 소방관에 통신망 우선 접속 권한 부여 추진","LG유플러스는 소방청과 국민 안전 강화를 위한 상호협력을 위해 업무협약(MOU)을 체결했다. 사진은 지난 28일 서울 용산구 LG유플러스 용산사옥에서 열린 업무협약식에서 이철훈(왼쪽) LG유플러스 커뮤니케이션센터장과 이진호 소방청 기획조정관이 기념촬영을 하고 있는 모습. LG유플러스 제공LG유플러스는 소방청과 국민 안전 강화를 위한 상호 협력을 위해 업무협약(MOU)을 체결했다고 29일 밝혔다.이번 협약을 통해 LG유플러스는 정보통신기술(ICT) 역량을 활용해 소방청의 국민 안전 강화 활동에 협력하고, 소방관을 위한 복지·교육·추모 지원 등 사회공헌 활동을 추진하기로 했다. 소방청은 대상자 추천 등 협약의 원활한 추진을 위해 행정적, 제도적 지원을 제공하기로 했다.우선 국민 안전 강화를 위해 LG유플러스는 재난, 재해 등으로 네트워크 혼잡 상황이 발생하더라도 소방관에게 최우선 통신망 접속을 보장하는 방안을 추진한다.응급 상황에서 소방관의 무선 연결이 지연되면, 구조 활동에 어려움을 줄 수 있다. 이에 전국 소방서 현장 법인 회선에 항시 우선 접속 권한을 부여해 소방관들이 신속하게 통신망을 사용할 수 있도록 한다. 소방 우선 접속 권한은 이르면 내년 상반기에 도입될 예정이다.아울러 LG유플러스와 소방청은 내달 2일 세종시 세종중앙공원에서 열리는 순직소방관 추모문화제 ‘119메모리얼데이’에서 마라톤 대회 ‘119메모리얼런’을 개최하는 등 협업을 진행하고 있다. 119메모리얼런 참가자 2000명은 자신의 이름과 함께 순직 소방관 1명의 이름 및 순직일이 적힌 배번표를 달고 달리기에 나서며, 참가비(5만원) 전액은 순직 소방관을 위한 추모 활동과 유가족 지원 등에 기부된다.양 측은 향후에도 소방관의 헌신을 기억하는 문화가 확산될 수 있도록 협업을 늘릴 계획이다.또한 LG유플러스는 소방관들이 3교대 근무나 긴급 현장 투입 등으로 인해 자녀 교육에 어려움을 느끼는 경우가 많다는 점을 고려해 소방관 자녀를 대상으로 교육격차 해소 프로그램 ‘아이드림챌린지’를 확대하기로 했다. 지난 27일부터 아이드림챌린지를 통해 선발된 소방관 자녀 400명을 대상으로 교육 활동이 시작됐다.이진호 소방청 기획조정관은 “앞으로도 LG유플러스와 국민 안전을 위한 협력을 강화해 나가겠다”고 말했다.이철훈 LG유플러스 커뮤니케이션센터장(부사장)은 “LG유플러스는 통신 인프라와 기술을 바탕으로 소방의 현장 대응을 지원하고 국민이 더 안심할 수 있는 일상을 만들어가겠다”고 말했다."
https://n.news.naver.com/mnews/article/011/0004549031?sid=105,2025-10-29 09:42:06,IT/과학,소방관이 구조할 땐 ‘통신 먹통’ 없게…LGU+·소방청 안전 협력 MOU,"소방관은 네트워크 최우선 접속복지·교육·추모 지원도 확대이철훈(왼쪽) LG유플러스 커뮤니케이션센터장과 이진호 소방청 기획조정관이 28일 서울 용산구 LG유플러스 사옥에서 국민 안전 강화를 위한 업무협약(MOU)을 체결하고 기념촬영을 하고 있다. 사진 제공=LG유플러스[서울경제]LG유플러스가 소방청과 국민 안전 강화를 위한 업무협약(MOU)을 체결했다고 29일 밝혔다. 소방관이 재난, 재해 등 응급 상황에서 네트워크 이상으로 인해 구조 활동에 지장받는 일이 없도록 할 예정이다.LG유플러스는 이를 위해 전국 소방서 현장 법인 회선에 항시 우선 접속 권한을 부여해 소방관들이 언제나 안정적이고 신속하게 통신망을 사용할 수 있도록 할 계획이다. 소방 우선 접속 권한은 이르면 내년 상반기에 도입될 예정이다. 소방청은 원활한 추진을 위해 행정적, 제도적 지원을 제공하기로 했다.LG유플러스는 소방관을 위한 복지·교육·추모 지원 등 사회공헌 활동도 적극 추진하기로 했다. LG유플러스와 소방청은 다음달 2일 세종 세종중앙공원에서 열리는 순직소방관 추모문화제 ‘119메모리얼데이’에서 마라톤 대회 ‘119메모리얼런’을 개최하는 등 협업을 진행하고 있다. 1인당 5만 원의 마라톤 참가비 전액은 순직 소방관을 위한 추모 활동과 유가족 지원 등에 기부된다.LG유플러스는 소방관들이 3교대 근무나 긴급 현장 투입 등으로 인해 자녀 교육에 어려움을 느끼는 경우가 많다는 점을 고려해 소방관 자녀를 대상으로 교육격차 해소 프로그램 ‘아이드림챌린지’를 확대하기로 했다. 27일부터 아이드림챌린지를 통해 새롭게 선발된 소방관 자녀 400명을 대상으로 교육 활동이 시작됐다.이철훈 LG유플러스 커뮤니케이션센터장은 ""LG유플러스는 통신 인프라와 기술을 바탕으로 소방의 현장 대응을 지원하고 국민이 더 안심할 수 있는 일상을 만들어가겠다”며 “소방관 여러분의 헌신에 보답하고 국민의 안전을 지키는 일에 실질적인 도움이 될 수 있도록 지속적인 협력을 이어가겠다”고 말했다. 이진호 소방청 기획조정관은 ""소방공무원의 복지 향상과 재난 대응을 위한 기술 협력은 국민 안전 강화에 큰 기여를 할 것이라고 생각한다”고 했다."
https://n.news.naver.com/mnews/article/008/0005269794?sid=105,2025-10-29 09:58:37,IT/과학,"LGU+, 네트워크 트래픽 데이터 발생 지역 판별 AI 모델 개발","산학협력 과제로 LG유플러스 임직원과 경희대학교 연구원이 AI 모델 개발을 위해 회의하고 있다. /사진=LG유플러스LG유플러스는 경희대와 손잡고 네트워크 트래픽 데이터가 발생한 지역의 특성을 판별하는 AI(인공지능) 모델을 개발했다고 29일 밝혔다.이번 연구는 기존에 사람이 판단하고 분류하던 네트워크 트래픽 데이터의 지역별 특성을 AI가 신속하게 판별하고 저장하는 자동화 체계를 구축하기 위해 추진됐다. LG유플러스는 산학협력으로 별도 현장조사나 긴 테스트 없이 필요한 정보를 빠르게 제공하는 AI 모델 개발에 성공하면서, 네트워크 기술 경쟁력을 확보하게 됐다.기존에는 네트워크 트래픽 데이터가 주거단지, 오피스단지, 사람이 많이 다니는 상권 등 어디에서 발생했고, 어떤 특징을 갖고 있는지 모두 사람이 판별했다. 이 방식은 많은 시간과 인력이 필요하고, 정확도가 떨어질 수 있다는 한계가 있었다.새롭게 개발된 AI 모델은 네트워크 트래픽 데이터를 입력하면 어떤 지역에서 발생했고 실내·외 트래픽 비중이 얼마나 되는지, 어느 시간대에 많이 사용되는지 등의 특성을 제공한다. 이는 기존에 학습된 데이터의 패턴과 입력된 자료를 대조해 특성을 도출하는 방식으로, 아파트 단지나 지하철 등 특징이 뚜렷한 지역은 약 90% 이상의 정확도를 보인다.LG유플러스는 이 모델을 활용해 전국에 구축한 네트워크망의 관리 효율을 높일 수 있을 것으로 기대하고 있다. 전국 네트워크망 트래픽 데이터의 지리적 특성을 분석해 장비가 더 필요한 지역에는 미리 증설해 고객 불편을 방지하고, 수요가 줄어든 지역은 일부 조정하는 형태다.또 각 지역의 시간대별 사용량에 맞춰 장비 가동률을 조정해 에너지 효율도 높인다. 가령 주거단지의 새벽이나 오피스단지의 저녁 등 사용량이 적은 시간대엔 장비 출력을 조절해 전력 소모를 줄인다. 대신 서울 성수·홍대 등 사람이 많이 몰리는 상업지구의 주말이나 주거단지의 저녁시간대에는 사용량이 많아지는만큼 출력을 높이는 방식이다.향후 LG유플러스는 AI 모델의 정확도를 높이는 한편 자사 네트워크망 관리 시스템에 연동할 예정이다. 뿐만 아니라 AI가 네트워크망 전체를 관리하는 '자율 네트워크 관리 체계' 시대에도 활용될 수 있도록 맞춤형으로 고도화할 계획이다.이상헌 LG유플러스 NW선행개발담당은 ""경희대 이동통신 연구실과의 공동 연구로 네트워크 인프라를 개선하고 고객 체감 품질을 향상시킬 수 있는 AI 모델을 확보하게 됐다""며 ""새로운 AI 모델을 활용해 더 밝은 세상을 만드는 데 LG유플러스가 앞장설 수 있도록 만들겠다""고 말했다."
https://n.news.naver.com/mnews/article/008/0005269803?sid=105,2025-10-29 10:01:16,IT/과학,"LGU+, 소방청과 국민 안전 위해 맞손...소방관 복지·교육 지원도 확대","지난 28일 서울 용산구 LG유플러스 용산사옥에서 열린 업무협약식에서 이철훈 LG유플러스 커뮤니케이션센터장(왼쪽)과 이진호 소방청 기획조정관이 기념촬영을 하고 있다. /사진=LG유플러스LG유플러스가 소방청과 함께 국민 안전 강화를 위한 업무협약(MOU)을 체결하고 ICT(정보통신기술) 역량을 기반으로 한 협력을 본격화한다.LG유플러스는 소방청과 업무협약을 맺고 재난 대응 통신 인프라 강화와 소방관 복지 증진, 자녀 교육 지원 등 다양한 사회공헌 활동을 추진한다고 29일 밝혔다.이번 협약에 따라 LG유플러스는 재난이나 재해 등으로 통신망이 혼잡한 상황에서도 소방관이 최우선으로 통신망에 접속할 수 있도록 하는 '소방 우선 접속 권한' 제도를 도입할 예정이다. 해당 제도는 전국 소방서의 현장 법인 회선에 적용되며, 빠르면 내년 상반기부터 시행된다.이 제도가 도입되면 응급 구조 활동 중 통신 지연으로 인한 어려움을 해소하고, 보다 신속하고 안정적인 현장 대응이 가능해질 전망이다.이와 함께 LG유플러스와 소방청은 소방관의 헌신을 기리는 문화 확산에도 나선다. 오는 내달 2일 세종시 세종중앙공원에서 열리는 '119메모리얼데이' 행사에서 마라톤 대회 '119메모리얼런'을 공동 개최할 예정이다.이 행사는 순직 소방관을 추모하기 위한 자리로, 참가자 2000명은 자신의 이름과 함께 순직 소방관 1명의 이름과 순직일이 적힌 배번표를 달고 달린다. 참가비 5만원은 전액 순직 소방관 추모 사업과 유가족 지원에 사용된다.또 LG유플러스는 소방관 자녀의 교육격차 해소를 위한 프로그램 '아이드림챌린지'를 확대 운영한다. 이 프로그램은 3교대 근무나 긴급 출동 등으로 자녀 교육에 어려움을 겪는 소방관 가정을 돕기 위한 것으로, 지난 27일부터 새롭게 선발된 소방관 자녀 400명을 대상으로 교육 활동을 시작했다.참여 아동에게는 연령에 맞는 독서 콘텐츠 '아이들나라'와 온라인 멘토링이 제공되며, 자발적 학습 습관 형성을 유도한다.이철훈 LG유플러스 커뮤니케이션센터장(부사장)은 ""통신 인프라와 기술을 바탕으로 소방의 현장 대응을 지원하고, 국민이 안심할 수 있는 일상을 만들어 가겠다""며 ""소방관의 헌신에 보답할 수 있도록 실질적인 사회적 기여를 이어가겠다""고 말했다."
https://n.news.naver.com/mnews/article/092/0002395851?sid=105,2025-10-29 10:56:15,IT/과학,"LGU+, 재난시 소방관 최우선 통신망 접속 보장","소방청과 업무협약LG유플러스는 소방청과 국민 안전 강화를 위한 상호 협력을 위해 업무협약(MOU)을 체결했다고 29일 밝혔다.이번 협약을 통해 LG유플러스는 ICT 역량을 활용해 소방청의 국민 안전 강화 활동에 협력한다. 재난 또는 재해가 발생하면서 네트워크가 혼잡해지더라도 소방관에게 최우선 통신망 접속을 보장하는 방안을 추진한다. 이는 전국 소방서 현장 법인 회선에 항시 우선 접속 권한을 부여하는 방식이다. 이르면 다음해 상반기부터 도입될 예정이다.소방청은 대상자 추천 등 협약의 원활한 추진을 위해 행정적, 제도적 지원을 제공하기로 했다.아울러 LG유플러스와 소방청은 다음달 2일 세종중앙공원에서 열리는 마라톤 대회 ‘119메모리얼런’을 개최하는 등 협업을 진행 중이다.이 대회는 순직소방관 추모문화제 ‘119메모리얼데이’의 일환이다. 대회 참가자는 2천명이며, 자신의 이름과 함께 순직 소방관 1명의 이름 및 순직일이 적힌 배번표를 달고 달리기에 나선다. 참가지 5만원 전액은 추모활동과 유가족 지원 등에 기부된다.양측은 향후에도 소방관의 헌신을 국민 모두가 함께 기억하는 문화가 확산될 수 있도록 협업을 늘릴 계획이다.또 LG유플러스는 소방관 자녀를 대상으로 교육격차 해소 프로그램 '아이드림챌린지'를 확대하기로 했다. 소방관들이 3교대 근무나 긴급 현장 투입 등으로 인해 자녀 교육에 어려움을 느끼는 경우가 많다는 점을 고려하는 차원에서 추진됐다.실제로 지난 27일부터 아이드림챌린지를 통해 새롭게 선발된 소방관 자녀 400명을 대상으로 교육 활동이 시작됐다. LG유플러스는 '아이들나라' 등 디지털 콘텐츠를 통해 나이에 맞는 독서 활동을 지원하고, 온라인 멘토링을 실시해 학습 습관 형성을 돕는다.이진호 소방청 기획조정관은 ""소방공무원의 복지 향상과 재난 대응을 위한 기술 협력은 국민 안전 강화에 큰 기여를 할 것이라고 생각한다”며 “LG유플러스와 국민 안전을 위한 협력을 강화해 나가겠다""고 말했다.이철훈 LG유플러스 커뮤니케이션센터장은 ""통신 인프라와 기술을 바탕으로 소방의 현장 대응을 지원하고, 국민이 더 안심할 수 있는 일상을 만들어가겠다”며 “소방관의 헌신에 보답하고 국민의 안전을 지키는 일에 도움이 될 수 있도록 협력을 이어갈 것”이라고 밝혔다."
https://n.news.naver.com/mnews/article/001/0015707948?sid=102,2025-10-29 11:06:23,사회,"[게시판] 소방청-LGU＋, 재난시 최우선 통신망 접속보장 업무협약","소방청[소방청 홈페이지 캡처]▲ 소방청은 28일 재난·재해 발생시 소방공무원에게 최우선 통신망 접속을 보장하는 내용의 업무협약을 LG유플러스와 체결했다고 29일 밝혔다. LG유플러스는 119메모리얼데이 후원사로 소방공무원의 숭고한 희생을 기리기 위한 다양한 활동에 참여하고, 재난 발생 시 소방공무원의 신속한 대응을 위해 중요한 통신 기반을 강화할 계획이다. (서울=연합뉴스)"
https://n.news.naver.com/mnews/article/016/0002549198?sid=101,2025-10-29 11:11:18,경제,"“집이 나를 이해한다”…프리미엄 인테리어 새 패러다임, 아카라라이프 스마트홈","-고급 자재 중심의 인테리어에서 IoT 기반 맞춤형 경험으로 이동-조명·커튼·도어락·센서 등 생활 밀착형 스마트홈 기기 수요 증가-아카라라이프, 쇼룸·에너지 관리 솔루션 통해 프리미엄 인테리어 대안 제시“외출할 때 불 껐는지, 문 잠갔는지 고민하지 않아도 돼요.”통계청과 국토교통부 자료에 따르면, 국내 전체 아파트의 절반 이상이 준공 20년을 넘어섰다. 노후 주택이 늘어나면서 인테리어·리모델링 시장은 2024년 약 41조 원 규모로 성장했고, 수요 또한 꾸준히 확대되는 추세다. 이에 따라 단순히 공간을 새로 꾸미는 수준을 넘어, 생활 편의성을 높이고 집의 가치를 높여주는 ‘스마트홈 인테리어’가 새로운 프리미엄으로 주목받고 있다.스마트홈 인테리어는 단순히 가전을 연결하는 수준을 넘어, 생활 패턴을 학습하고 맞춤형 시나리오를 제공한다는 점에서 차별화된다. 아침에는 커튼이 자동으로 열리며 자연광을 들이고, 저녁에는 조명이 조도를 낮춰 숙면을 돕는다. 외출 시에는 센서가 움직임을 감지해 전원을 차단하거나 보안을 강화한다. 전문가들은 “과거 프리미엄이 고급 자재에서 나왔다면, 이제는 집이 얼마나 똑똑하게 거주자를 이해하고 편리함을 제공하느냐가 핵심”이라고 설명한다.스마트홈 기기는 ‘보이지 않는 가치’로 공간에 녹아든다는 점도 강점이다. 벽 속에 매립되거나 가구와 일체화돼 미니멀리즘 인테리어와 조화를 이루면서 동시에 에너지 효율을 높여 친환경 생활을 가능하게 한다. 실제로 스마트 온도 조절기와 조명 시스템은 전력 사용을 최적화해 전기요금을 절감하는 효과도 보고되고 있다.국내에서도 스마트홈은 가전, 주택, 인테리어 전반에서 빠르게 확산되고 있다. 삼성전자·LG전자가 AI 기반 스마트 가전을 확대하고 있으며, 최근에는 신축 단지뿐 아니라 구축 아파트 리모델링 시장에서도 ‘스마트홈 인테리어’ 수요가 늘어나고 있다. 단순한 공간 재단장을 넘어, 개인의 라이프스타일에 맞춘 주거 환경을 원하는 소비자가 늘고 있는 것이다.최근에는 신축 단지뿐 아니라 구축 아파트 리모델링 시장에서도 ‘스마트홈 인테리어’ 수요가 빠르게 늘고 있다. 기존 아파트에는 스마트홈 시스템이 전혀 갖춰져 있지 않은 경우가 많지만, 소비자들은 신축 주택에서 누릴 수 있는 생활 수준을 구축에서도 경험하길 원하고 있다. 이는 단순히 디자인과 청결함을 추구하는 차원을 넘어, 스마트홈이 제공하는 편리함까지 확보하려는 수요로 이어지고 있다.이 같은 흐름 속에서 주목받는 기업이 프리미엄 스마트홈 브랜드 아카라라이프다. 아카라라이프는 2019년 글로벌 1위 홈 IoT 기업 아카라(Aqara)와의 조인트벤처로 설립됐다. 설립 3년 만에 기업가치 1천억 원을 인정받으며 시리즈 A 투자에서 256억 원을 유치했고, 레드닷(Red Dot), iF 디자인 어워드를 포함해 30여 개 글로벌 디자인 어워드에서 수상하며 기술력과 디자인 경쟁력을 동시에 입증했다. LG U+에는 2020년부터 스마트홈 보안 패키지 구독 서비스 모델인 ‘우리집 지킴이 Easy’의 디바이스 키트를 공급하고 있으며, 해당 서비스를 위해 LG U+에 공급한 아카라 디바이스는 약 45만 9천 키트에 이른다. SK D&D의 코리빙 브랜드 ‘에피소드’에도 스마트 도어락과 재실 센서를 포함한 6종 디바이스를 제공해 API 연동 기반 스마트 공간을 선보인 바 있다.아카라라이프의 강점은 다양한 제품 라인업과 폭넓은 플랫폼 호환성을 기반으로 집 전체를 아우르는 자동화가 가능하다는 점이다. 예컨대 단순히 정해진 시간에 조명이 켜지는 수준을 넘어, 저녁 6시 이후 ‘내 지문’으로 도어락을 열면 조명이 자동으로 켜지고 TV가 야구 중계 채널로 전환되는 등 가전과 연계된 통합 시나리오 구현이 가능하다.최근 아카라라이프는 조명 제품 라인업을 확장하며 인테리어 시장 공략에 속도를 내고 있다. 트랙라이트, 다운라이트, 스트립라이트부터 최근 출시한 면조명까지 거실·침실·주방 등 공간별 맞춤형 스마트 조명을 출시해 시간대와 기분에 따라 밝기와 색온도를 세밀하게 조절할 수 있도록 했으며, 자동 디밍 기능을 통해 에너지 효율과 고급스러운 분위기를 동시에 제공한다. 실제 쇼룸에서는 아침 기상·저녁 휴식·외출 모드 등 다양한 라이프스타일 시나리오를 직접 체험할 수 있어 소비자들의 호응이 높다.서울 강남구에 위치한 아카라라이프 쇼룸은 단순한 제품 전시를 넘어 실제 주거 공간을 구현해 다양한 스마트홈 시나리오를 경험할 수 있는 공간으로 운영되고 있다. 조명·커튼·도어락·센서 등 전 제품 라인업을 직접 만져보고 시간대별 자동화를 체험할 수 있어, “우리 집에는 어떻게 적용할 수 있을까”를 고민하는 소비자들에게 좋은 가이드가 되고 있다.아카라라이프 김현철 대표는 “프리미엄 인테리어의 기준은 이제 ‘무엇으로 지었는가’가 아니라 ‘어떤 경험을 주는가’로 바뀌고 있다”며 “앞으로도 소비자들이 ‘나를 나보다 더 잘 이해하는 집’을 경험할 수 있도록 기술과 디자인을 결합한 솔루션을 지속적으로 확대할 계획”이라고 밝혔다."
https://n.news.naver.com/mnews/article/657/0000044229?sid=102,2025-10-29 11:14:13,사회,해킹 대비 '민관 통합 사이버보안 컨트롤타워' 법률 제정안 발의,"김상훈 의원이 해킹에 의한 개인정보 탈취, 국가안보 위협 등 사이버 공격에 대한 공공과 민간 부문의 통합 대응 체계 마련을 위한 '사이버안보 기본법' 제정안을 발의했습니다.최근 SKT, KT, LGU+ 통신 3사 및 롯데카드, SGI서울보증 등 금융권의 해킹 사고를 통한 사이버 위협은 국가 및 국민 생활 전 분야에 심대한 영향을 미칩니다.이러한 사이버 위협에 신속하게 대응하고 조기 진화하기 위해서는 소관 분야별 대처보다는 통합적 대응이 필수적이지만, 공공과 민간 부문의 통합적 대응을 위한 체계가 갖춰지지 않아 광범위한 사이버 공격에 효율적인 대처가 어려운 상태입니다.현재는 국가정보원이 공공 분야를, 국방부 사이버작전사령부가 국방 분야를, 과학기술정보통신부와 한국인터넷진흥원이 일반 기업 등 민간 분야를, 금융위원회와 금융 보안원이 금융 분야 사이버 보안을 각기 전담하고 있습니다.SKT, KT, 예스24 등 통신사, 일반 기업 해킹 사고는 과기부가 대응하고, 롯데카드, SGI서울보증 등 금융권 해킹 사고는 금융위 소관이어서, KT 무단 결제 사건의 경우 금전 피해가 발생했음에도 금융위가 개입하지 못했습니다.이에 따라 '사이버안보 기본법'을 제정해 공공과 민간이 함께 협력하여 지속해서 발생하는 사이버 공격에 대한 능동적이고 효율적인 대처가 가능하게끔 대응체계를 마련하고, 사이버안보에 관한 국가의 전략 및 정책 수립을 통합적으로 추진할 수 있도록 하기 위해 새로운 법률안을 발의했다고 김 의원은 설명했습니다.3년 단위 국가 차원 사이버안보 계획 수립, 대통령 소속 '국가사이버안보위원회' 설립, 민관합동 통합 사이버안보 총괄하는 국정원 '국가사이버안보센터' 설치, '국가사이버위협정보공유시스템' 구축, 운영, 사이버 위협 식별 시 경보 발령 체계 마련 등의 내용을 담았습니다.또 국정원에서 이 법에 따른 사이버안보 업무와 관련한 사항을 국회 정보위원회에 반기별로 보고하도록 해 혹시 모를 국가 기관의 사이버안보 남용 행위로 국민 권익이 침해받는 경우가 없도록 견제 장치를 뒀습니다.김상훈 의원은 ""우리나라의 경우 다른 나라에서 공통으로 받는 위험성 외에 북한이라는 변수가 존재하여 사이버 공격에 대한 보다 심층적인 안전장치가 필요하다""라며 ""안보에는 여야가 따로 없는 만큼 신속한 법 제정을 통해 사이버 위협 발생 시 국가 역량을 총결집하여 신속하게 대응할 수 있는 국가 시스템을 구축해야 한다""라고 밝혔습니다."
https://n.news.naver.com/mnews/article/092/0002395868?sid=105,2025-10-29 11:28:13,IT/과학,"LGU+, 데이터 트래픽 지역 특성 판별하는 AI 개발","경희대와 공동연구LG유플러스는 경희대와 네트워크 트래픽 데이터가 발생한 지역의 특성을 판별하는 AI 모델을 개발했다고 29일 밝혔다.기존에 사람이 판단하고 분류하던 네트워크 트래픽 데이터의 지역별 특성을 AI가 신속하게 판별하고 저장하는 자동화 체계를 구축하기 위해 추진된 연구다.LG유플러스는 산학협력으로 별도 현장조사나 긴 테스트 없이 필요한 정보를 빠르게 제공하는 AI 모델 개발에 성공하면서, 네트워크 기술 경쟁력을 확보하게 됐다.기존에는 네트워크 트래픽 데이터가 ▲주거단지 ▲오피스단지 ▲사람이 많이 다니는 상권 등 어디에서 발생했고, 어떤 특징을 갖고 있는지 모두 사람이 판별했다. 이 방식은 많은 시간과 인력이 필요하고, 정확도가 떨어질 수 있다는 한계가 있었다.새롭게 개발된 AI 모델은 네트워크 트래픽 데이터를 입력하면 어떤 지역에서 발생했고 실내외 트래픽 비중이 얼마나 되는지, 어느 시간대에 많이 사용되는지 등의 특성을 제공한다. 이는 기존에 학습된 데이터의 패턴과 입력된 자료를 대조해 특성을 도출하는 방식으로, 아파트 단지나 지하철 등 특징이 뚜렷한 지역은 약 90% 이상의 정확도를 보인다.LG유플러스는 이 모델을 활용해 전국에 구축한 네트워크망의 관리 효율을 높일 수 있을 것으로 기대하고 있다. 전국 네트워크망 트래픽 데이터의 지리적 특성을 분석해 장비가 더 필요한 지역에는 미리 증설해 고객 불편을 방지하고, 수요가 줄어든 지역은 일부 조정하는 형태다.또한 각 지역의 시간대별 사용량에 맞춰 장비 가동률을 조정해 에너지 효율도 높인다. 가령 주거단지의 새벽이나 오피스단지의 저녁 등 사용량이 적은 시간대엔 장비 출력을 조절해 전력 소모를 줄인다. 대신 서울 성수, 홍대 등 사람이 많이 몰리는 상업지구의 주말이나 주거단지의 저녁 시간대에는 사용량이 많아지는 만큼 출력을 높이는 방식이다.이상헌 LG유플러스 NW선행개발담당은 “경희대 이동통신 연구실과의 공동 연구로 네트워크 인프라를 개선하고 고객 체감 품질을 향상시킬 수 있는 AI 모델을 확보하게 됐다”며 “새로운 AI 모델을 활용해 더 밝은 세상을 만드는 데 LG유플러스가 앞장설 수 있도록 만들겠다”고 말했다."
https://n.news.naver.com/mnews/article/016/0002549262?sid=105,2025-10-29 11:31:25,IT/과학,"LGU+,  ‘국민 안전 강화’ 맞손 소방관통신망 우선 접속권 부여","재난구조 지원…내년 상반기 시행순직 추모 마라톤·자녀교육 협업지난 28일 서울 용산구 LG유플러스 용산 사옥에서 열린 업무협약식에서 이철훈(왼쪽) LG유플러스 커뮤니케이션센터장과 이진호 소방청 기획조정관이 기념 촬영을 하고 있다. [LG유플러스 제공]LG유플러스가 내년 상반기부터 소방관에 ‘통신망 우선 접속권’을 부여하는 방안을 추진한다. 이를 통해 소방청의 국민 안전 강화 활동을 지원하겠다는 복안이다.LG유플러스는 소방청과 국민 안전 강화를 위한 업무협약(MOU)을 체결했다고 29일 밝혔다. 정보통신기술(ICT) 역량을 통해 소방청의 국민 안전 강화에 협력하는 것은 물론, 소방관을 위한 복지·교육·추모 지원 등 사회공헌 활동도 추진할 계획이다. 소방청은 대상자 추천 등 행정적, 제도적 지원을 제공한다.세부적으로 LG유플러스는 재난, 재해 등으로 네트워크 혼잡 상황이 발생하더라도 소방관에게 최우선 통신망 접속을 보장하는 방안을 추진한다.응급 상황에서 소방관의 무선 연결이 지연되면, 구조 활동에 큰 어려움이 따른다. 이에 LG유플러스는 전국 소방서 현장 법인 회선에 항시 우선 접속 권한을 부여하고, 소방관들이 언제나 안정적이고 신속하게 통신망을 사용할 수 있도록 할 방침이다. 소방 우선 접속 권한은 이르면 내년 상반기에 도입된다.이와 함께 LG유플러스와 소방청은 다음 달 2일 세종시 세종중앙공원에서 열리는 순직소방관 추모문화제 ‘119메모리얼데이’에서 마라톤 대회를 개최한다. 여기에 참가한 소방관 2000명은 자신의 이름과 함께 순직 소방관 1명의 이름 및 순직 일이 적힌 배번 표를 달고 달리기에 나선다. 참가비(5만원) 전액은 순직 소방관을 위한 추모 활동과 유가족 지원 등을 위해 쓰인다.또 LG유플러스는 소방관들이 3교대 근무나 긴급 현장 투입 등으로 자녀 교육에 어려움을 느끼는 경우가 많다는 점에 착안해, 소방관 자녀 대상 교육격차 해소 프로그램 ‘아이드림챌린지’를 확대하기로 했다.이와 관련 LG유플러스는 지난 27일부터 아이드림챌린지를 통해 선발된 소방관 자녀 400명을 대상으로 교육 활동을 진행 중이다. 아이드림챌린지에 참여하는 소방관 자녀에게는 ‘아이들나라’ 등 디지털 콘텐츠 및 온라인 멘토링이 지원된다.이진호 소방청 기획조정관은 “소방공무원의 복지 향상과 재난 대응을 위한 기술 협력은 국민 안전 강화에 크게 이바지할 것”이라며 “앞으로도 LG유플러스와 국민 안전을 위한 협력을 강화해 나가겠다”고 말했다.이철훈 LG유플러스 커뮤니케이션센터장은 “LG유플러스는 통신 인프라와 기술을 바탕으로 소방 현장 대응을 지원하고, 국민이 더 안심할 수 있는 일상을 만들어가겠다”며 “소방관 여러분의 헌신에 보답하고, 국민 안전을 지키는 일에 실질적인 도움이 될 수 있도록 협력을 이어갈 것”이라고 밝혔다. 고재우 기자"
https://n.news.naver.com/mnews/article/030/0003364276?sid=101,2025-10-29 14:28:18,경제,"도브러너, '도브러너 CSI 컨퍼런스 2025' 연다...OTT·미디어 산업 보안 및 플랫폼 전략 제시","Doverunner CSI Conference 2025 포스터. 사진=도브러너콘텐츠 보안 솔루션 전문기업 도브러너(Doverunner)가 오는 19일 양재 EL타워에서 'Doverunner CSI Conference 2025'를 개최한다고 밝혔다.Doverunner CSI Conference 2025의 'CSI'는 Content Strategy Insight의 약자로, 콘텐츠 보안을 넘어 클라우드·콘텐츠 전송 네트워크(CDN)·데이터·플랫폼 운영까지 산업 전반을 아우르는 전략적 관점을 의미한다. 파트너사인 아마존웹서비스(Amazon Web Services, 이하 AWS), 카테노이드, 메가존클라우드는 각각 클라우드 인프라, 스트리밍 기술, 보안 운영 역량을 바탕으로 세션 발표를 진행한다. 이들과 함께 OTT·미디어 산업의 보안과 플랫폼 전략을 심도 있게 다루며 콘텐츠 가치를 지키기 위한 해법을 제시할 예정이다.이번 컨퍼런스는 OTT·미디어 업계의 최신 트렌드와 실무 인사이트를 담은 다채로운 세션으로 구성됐다. 도브러너는 글로벌 스트리밍 표준 조직 참여 경험을 공유하며 표준화 과정에서의 실제 사례와 인사이트를 소개한다. AWS는 2025년 AI 시장 전망과 에이전틱 AI(Agentic AI)의 역할, 게임 및 미디어 산업의 최신 보안 트렌드 등 AI와 보안을 아우르는 주제를 통해 미디어 산업의 기술 트렌드와 변화 흐름을 짚는다.이어 카테노이드는 AI 도입에 따른 산업별 영상 스트리밍 기술 트렌드 변화를, 메가존클라우드는 SPACE DAM 기반 콘텐츠 보안 전략을 발표하며 업계 실무자들이 당면한 과제를 해결할 수 있는 구체적 전략과 사례 중심의 세션을 이어간다.행사 말미에는 럭키드로우 이벤트와 자유로운 네트워킹 시간이 마련돼 업계 관계자 간 협력과 교류의 장이 될 예정이다.남재민 도브러너 이사는 “AI 기술의 발전과 글로벌 스트리밍 표준화 흐름, 스트리밍 환경의 고도화로 OTT·미디어 산업이 빠르게 변화하고 있다”며 “이번 컨퍼런스를 통해 업계 리더들이 한자리에 모여 콘텐츠 보안 및 운영 전략을 공유하고 협력의 기반을 마련하는 계기가 되길 바란다”고 밝혔다.한편, 도브러너는 지난 3월 사명 변경과 함께 리브랜딩을 단행하고, 모바일 앱 보안 서비스 '앱실링(AppSealing)'과 콘텐츠 보안 솔루션 '팰리컨(PallyCon)'을 통합 제공하며 해외 시장 확대 전략을 추진하고 있다. 또한 올해 1월에는 111억원 규모의 투자를 유치해 북미·유럽 시장 진출, 우수 기술 인력 확보, 제품 고도화에 박차를 가하고 있다.현재 도브러너는 모바일 앱 보안·멀티DRM·포렌식 워터마킹·Anti-Piracy 등 다양한 솔루션을 제공하고 있으며 쿠팡플레이, 티빙, 밀리의 서재, 네이버, LG U+, 왓챠 등 글로벌 60개국 400여 고객사를 보유하고 있다."
https://n.news.naver.com/mnews/article/014/0005426573?sid=105,2025-10-29 18:12:15,IT/과학,"[fn이사람] ""비개발자도 쉽게 쓰는 AI툴… 클릭 몇 번에 웹페이지 뚝딱""","이재승·김태형·김준혁·정우경 LG U+ 해커톤 우승팀AI 활용해 이틀만에 시스템 구현기획·개발 직무 연계 필요없어져""대형 대리점 등 현장서 유용할 것""LG유플러스, 전사 적용 추진LG유플러스 디지털플랫폼FE TF 김준혁 선임(왼쪽 상단부터 시계 방향으로), 김태형 선임, 충청영업역량강화팀 정우경 선임, 디지털플랫폼FE TF 이재승 책임 LG유플러스 제공""아이디어가 실행으로 바뀌는 속도가 이렇게 빨라질 줄 몰랐다. 인공지능(AI) 덕분에 비전공자도 이제 개발에 도전하지 않을 이유가 없다고 느꼈다.""이재승 LG유플러스 디지털플랫폼FE 태스크포스(TF) 책임은 29일 ""생각만 해왔던 아이디어가 단 이틀 만에 눈앞에서 구현되는 것을 보니 AI 시대의 속도가 실감됐다""며 이같이 말했다.이 책임은 같은 부서의 김태형·김준혁 선임, 정우경 충청영업역량강화팀 선임과 한 팀을 이뤄 LG유플러스가 지난달 25~26일 개최한 '2025 AXtival' 해커톤 경진대회에서 최우수상을 차지했다.'업무 생산성을 높이는 AI 툴 개발'을 주제로 열린 이번 대회에는 16개팀 83명이 참가했다. 이 책임이 이끈 팀은 비개발자도 AI를 활용해 웹페이지를 직접 제작하고 배포할 수 있는 시스템 '피그젠(Figgen)'을 선보였다. 피그젠을 통해 사용자는 웹 사용자 인터페이스 디자인 플랫폼 '피그마(Figma)' 환경에서 프롬프트 입력만으로 간편하게 웹페이지를 자동 생성할 수 있다.이 책임은 ""이전에는 기획자·디자이너·개발자·검토자 등 여러 직무를 거쳐야 해 어떤 개발이든 오래 걸렸다""며 ""이제는 비개발자 혼자서라도 피그젠을 활용해 훨씬 빠르게 웹페이지를 만들 수 있다. 피그마 기반 환경은 이미 비개발자들이 업무에 많이 쓰고 있어 금방 적응할 것""이라고 밝혔다.특히 이 책임은 ""AI 덕분에 평소 구상했던 개발 로드맵을 1박2일이라는 짧은 시간 안에 펼칠 수 있었다""며 ""아이디어에 그치지 않고 AI와 함께 실행하는 노력을 자주 해야겠다는 의지를 다지게 됐다""고 강조했다.김태형 선임은 ""개발 일정을 맞추느라 마음이 조급했지만 AI가 아이디어를 실제 코드로 옮기는 속도를 보며 가능성을 확신했다""며 ""특히 비개발자인 정우경 선임이 피그마를 빠르게 익히고 UI를 완성하는 것을 지켜보니 우리 툴도 누구나 사용할 수 있는 도구로 발전할 수 있겠다는 기대가 커졌다""고 말했다.김준혁 선임은 ""AI를 실제 업무도구로 전환하는 실험의 장이다 보니 시행착오도 있었지만, 해결 과정에서 협업과 소통의 중요성을 절실히 느꼈다. 이 책임 리더십 아래 시행착오를 두려워하지 않는 팀 문화가 조성돼 자신감을 가질 수 있었다""고 했다.팀 내 유일한 비개발자 출신 정우경 선임은 ""'AI나 AI전환(AX)은 개발 전문가만의 영역'이라는 인식이 완전히 바뀌었다""며 ""대형 대리점들도 홈페이지를 직접 만드는 경우가 있는데, 우리 시스템이 전파된다면 정말 유용하게 쓰일 것 같다""고 기대감을 드러냈다.또 정 선임은 ""해커톤 경험에 힘입어 현장 직원이 매장 사진을 찍어 데이터 서버에 올리면 AI가 자동 분석하는 프로그램을 개발 중""이라고 밝혔다.LG유플러스는 이번 해커톤 수상작을 사내 AX 확산의 대표 사례로 삼아 전사 적용을 추진할 계획이다."
https://n.news.naver.com/mnews/article/277/0005671749?sid=105,2025-10-30 09:00:00,IT/과학,[경주APEC]홍범식 LGU+대표-맷 가먼 AWS CEO 회동…AI·클라우드 협력 강화,"'가장 안전한 통신사' 목표 가속AWS 플랫폼에 국산 AI 모델 ‘익시젠’ 입점LG유플러스 홍범식 대표가 아마존웹서비스(Amazon Web Services, 이하 AWS)의 맷 가먼(Matt Garman) CEO와 지난 29일 경주에서 열린 ‘2025 APEC CEO 서밋’ 현장에서 양사 협력 방안을 논의했다. ‘2025 APEC CEO 서밋’ 현장에서 LG유플러스 홍범식 대표(왼쪽)와 AWS 맷 가먼 CEO가 기념촬영을 하는 모습. 사진제공=LG유플러스LG유플러스가 아마존웹서비스(AWS)와의 전략적 협력을 한층 강화한다고 30일 밝혔다. 홍범식 LG유플러스 대표는 29일 경주에서 열린 '2025 APEC CEO 서밋' 현장에서 맷 가먼(Matt Garman) AWS CEO와 만나 AI·클라우드 분야 협력 방안을 논의했다. 경주 예술의전당에서 열린 이번 회동에는 양사 CEO를 비롯해 주요 경영진이 참석했다.이번 만남은 인공지능(AI)과 클라우드 기술이 기업 경쟁력의 핵심으로 부상한 가운데, 양사가 AI·클라우드 기반 혁신을 가속화하기 위해 마련됐다. 양사는 올해 스페인 바르셀로나에서 열린 'MWC25' 현장에서 전략적 파트너십을 체결한 이후, 국내 기업의 AI 전환(AX)과 디지털 혁신(DX)을 지원하기 위한 협력을 이어오고 있다.LG유플러스와 AWS는 ▲공동 클라우드 사업 협력 ▲AWS 생성형 AI 서비스 '아마존 베드록(Amazon Bedrock)'을 활용한 AI 개발역량 강화 ▲클라우드 기반 보안 고도화 ▲IT 현대화를 통한 고객경험(CX) 혁신 등을 추진 중이다. LG유플러스는 이러한 협력에 맞춰 글로벌 클라우드 서비스 사업자(CSP) 수준의 운영 역량을 확보하고, '제로 트러스트(Zero Trust)' 보안 모델과 탄탄한 인프라를 기반으로 가장 안전한 통신사로 거듭난다는 목표를 세웠다.특히 LG유플러스는 자체 개발한 소형 언어모델(sLLM) '익시젠(ixi-GEN)'을 지난 7월 AWS의 '아마존 베드록 마켓플레이스(Amazon Bedrock Marketplace)'에 등록하며 글로벌 시장 진출에 속도를 내고 있다. 이를 통해 전 세계 기업과 개발자들은 AWS 플랫폼에서 익시젠을 활용해 다양한 AI 서비스를 손쉽게 개발·확장할 수 있게 됐다.한편 LG유플러스는 APEC 정상회의 기간 안정적인 통신 품질을 제공하기 위해 경주시 주요 시설에 추가 통신 장비를 설치했다. 행사 기간 5G·LTE 장비를 확충하고, 미디어센터에는 음영지역이 발생하지 않도록 임시 통신 장비를 구축했으며, 비상상황에 대비해 24시간 설비 모니터링과 지역 상황실 운영을 병행하고 있다."
https://n.news.naver.com/mnews/article/008/0005270525?sid=105,2025-10-30 09:00:00,IT/과학,"LGU+ 홍범식-AWS 맷 가먼, 경주 APEC 회동","‘2025 APEC CEO 서밋’ 현장에서 LG유플러스 홍범식 대표(왼쪽)와 AWS 맷 가먼 CEO가 기념촬영을 하는 모습. /사진=LG유플러스홍범식 LG유플러스 대표가 맷 가먼 아마존웹서비스(AWS) CEO(최고경영자)와 지난 29일 경주 '2025 APEC CEO 서밋' 현장에서 만나 양사 협력 방안을 논의했다.이날 회동은 양사의 AI·클라우드 기반 혁신을 가속하기 위한 자리로, 양사 CEO를 포함해 주요 경영진이 참석했다.LG유플러스와 AWS는 올 초 'MWC25'에서 전략적 파트너십을 체결하고 국내 기업의 AI 전환(AX)과 디지털 혁신(DX) 지원 협력을 이어오고 있다.양사는 △공동 클라우드 사업 협력 모색 △AWS의 생성형 AI 서비스 '아마존 베드록'을 활용한 AI 개발역량 강화 △클라우드 기반 보안 수준 고도화 △IT 현대화를 통한 고객경험(CX) 혁신 등을 추진키로 했다. 이번 파트너십으로 LG유플러스는 △글로벌 CSP사 수준 운영 역량 △제로 트러스트(모든 접근을 신뢰하지 않고 항상 검증을 수행하는 보안) 모델 △탄탄한 인프라 기반을 단계적으로 구축한다는 목표다.앞서 LG유플러스는 자체 개발한 sLLM(소형 언어모델) '익시젠(ixi-GEN)'을 지난 7월 AWS의 '아마존 베드록 마켓플레이스'에 등록하며 글로벌 시장 진출을 본격화했다.한편, LG유플러스는 APEC 정상회의에 최적의 통신 품질을 제공하고자 경주시 일대 주요 시설에 추가 통신 장치를 구축했다. 행사 기간 동안 주요 지역에 5G·LTE 장비를 추가 설치하고 미디어센터에 음영지역이 발생하지 않도록 임시 통신 장비를 구축했다. 또 비상상황에 긴급 대응하기 위해 24시간 설비를 모니터링하고 지역 상황실을 운영하고 있다."
https://n.news.naver.com/mnews/article/001/0015711092?sid=105,2025-10-30 09:00:01,IT/과학,"[AI픽] LGU+ 대표, AWS CEO와 경주 APEC 회동…""AX 가속화""","MWC 파트너십 후속…AI·클라우드 기반 혁신 가속화홍범식 LGU+ 대표-맷 가먼 AWS CEO APEC 회동[LGU+ 제공. 재판매 및 DB 금지](서울=연합뉴스) 조성미 기자 = LG유플러스는 홍범식 대표가 맷 가먼 아마존웹서비스(AWS) 최고경영자(CEO)와 지난 29일 경주에서 열린 '2025 아시아태평양경제협력체(APEC) CEO 서밋' 현장에서 만나 협력 강화 방안을 논의했다고 30일 밝혔다.이번 회동은 인공지능(AI)과 클라우드 기술이 기업 경쟁력의 핵심으로 부상한 가운데 양사가 AI·클라우드 기반 혁신을 가속하기 위해 마련됐다.LG유플러스와 AWS는 올해 스페인 바르셀로나에서 열린 모바일 월드 콩그레스(MWC)에서 국내 기업의 AI 전환(AX)과 디지털 혁신에 관한 전략적 파트너십을 맺은 바 있다.LG유플러스는 자체 개발한 소형 언어모델(sLLM) 익시젠을 아마존 베드록 마켓플레이스에 등록해 글로벌 시장 진출에 나서기도 했다.LG유플러스는 APEC 회동을 계기로 AWS와의 파트너십을 한층 강화해 AI·클라우드 융합을 통한 서비스 경쟁력을 높이는 데 속도를 낼 계획이라고 밝혔다.한편, LG유플러스는 APEC 정상회의가 통신 장애 없이 마무리될 수 있도록 경주시 일대 주요 시설에 추가 통신 장치를 구축했다.행사 기간 주요 지역에 5G·LTE 장비를 추가 설치하고 APEC 기자회견장으로 마련된 미디어센터에는 음영지역이 발생하지 않도록 임시 통신 장비를 설치했다.또 비상상황에 긴급 대응하기 위해 24시간 설비를 모니터링하고 상황실을 운영하고 있다.csm@yna.co.kr"
https://n.news.naver.com/mnews/article/092/0002396027?sid=105,2025-10-30 09:01:14,IT/과학,"홍범식 LGU+, 아마존 CEO와 국내 기업 AX 맞손","[APEC2025] MWC25서 전략적 파트너십 체결 이후 협력 논의홍범식 LG유플러스 대표가 아마존웹서비스(AWS)의 맷 가먼 CEO와 경주에서 열린 ‘2025 APEC CEO 서밋’ 현장에서 양사 협력 방안을 논의했다.경주 예술의전당에서 진행된 회동에는 양사 CEO를 포함해 주요 경영진이 참석했다. 회동은 인공지능(AI)과 클라우드 기술이 기업 경쟁력의 핵심으로 부상한 가운데 양사가 AI, 클라우드 기반 혁신을 가속화하기 위해 마련됐다.LG유플러스와 AWS는 올해 스페인 바르셀로나에서 열린 MWC25 현장에서 전략적 파트너십을 체결하고 국내 기업의 AI 전환(AX)과 디지털 혁신(DX)을 지원하기 위한 협력을 이어오고 있다.양사는 ▲공동 클라우드 사업 협력 모색 ▲AWS의 생성형 AI 서비스 ‘아마존 베드록’을 활용한 AI 개발역량 강화 ▲클라우드 기반 보안 수준 고도화 ▲IT 현대화를 통한 고객경험(CX) 혁신 등을 추진하겠다고 밝혔다.LG유플러스는 파트너십 체결 이후 ▲글로벌 CSP사 수준 운영 역량 ▲제로 트러스트 모델 ▲탄탄한 인프라 기반을 단계적으로 구축해 가장 안전한 통신사가 되는 것을 목표로 하고 있다.앞서 LG유플러스는 자체 개발한 sLM ‘익시젠’을 지난 7월 AWS의 ‘아마존 베드록 마켓플레이스’에 등록하며 글로벌 시장 진출도 본격화했다. 이를 통해 전 세계 기업과 개발자들은 AWS 플랫폼 내에서 익시젠을 활용해 AI 서비스를 손쉽게 개발할 수 있게 됐다.회사는 이번 PEC 회동을 계기로 AWS와의 파트너십을 한층 강화해 AI, 클라우드 융합을 통한 서비스 경쟁력 제고에 속도를 낼 계획이다."
https://n.news.naver.com/mnews/article/016/0002549721?sid=105,2025-10-30 09:01:23,IT/과학,"홍범식 LGU+ 대표, AWS CEO와 경주 APEC서 회동…협력 방안 논의","MWC25서 전략적 파트너십 체결 이후 협력 논의지난 29일 ‘2025 APEC CEO 서밋’ 현장에서 홍범식(왼쪽) LG유플러스 대표와 맷 가먼 AWS CEO가 기념촬영을 하는 모습. [LG유플러스 제공][헤럴드경제=박혜림 기자] 홍범식 LG유플러스 대표가 맷 가먼 아마존웹서비스(AWS) 최고경영자(CEO)와 만나 인공지능 전환(AX)과 디지털 혁신(DX)을 위한 협력 강화 방안을 논의했다.LG유플러스는 홍범식 대표가 지난 29일 경주에서 열린 ‘2025 APEC CEO 서밋’ 현장에서 맷 가먼 CEO와 만났다며 30일 이같이 밝혔다.경주 예술의전당에서 진행된 회동에는 양 사 CEO를 포함해 주요 경영진이 참석했다. 이번 회동은 AI와 클라우드 기술이 기업 경쟁력의 핵심으로 부상한 가운데, 양사가 AI·클라우드 기반 혁신을 가속화하기 위해 마련됐다.LG유플러스와 AWS는 올해 스페인 바르셀로나에서 열린 ‘MWC25’ 현장에서 전략적 파트너십을 체결하고 국내 기업의 AI 전환(AX)과 디지털 혁신(DX)을 지원하기 위한 협력을 이어오고 있다.양사는 ▷공동 클라우드 사업 협력 모색 ▷AWS의 생성형 AI 서비스 ‘아마존 베드록’(Amazon Bedrock)을 활용한 AI 개발역량 강화 ▷클라우드 기반 보안 수준 고도화 ▷IT 현대화를 통한 고객경험(CX) 혁신 등을 추진하겠다고 밝힌 바 있다. LG유플러스는 파트너십 체결 이후 ▷글로벌 CSP사 수준 운영 역량 ▷제로 트러스트(Zero Trust) 모델 ▷탄탄한 인프라 기반을 단계적으로 구축해 가장 안전한 통신사가 되는 것을 목표로 하고 있다.앞서 LG유플러스는 자체 개발한 sLLM(소형 언어모델) ‘익시젠(ixi-GEN)’을 지난 7월 AWS의 ‘아마존 베드록 마켓플레이스’에 등록하며 글로벌 시장 진출도 본격화했다. 이를 통해 전 세계 기업과 개발자들은 AWS 플랫폼 내에서 익시젠을 활용해 AI 서비스를 손쉽게 개발·확장할 수 있게 됐다.회사는 이번 APEC 회동을 계기로 AWS와의 파트너십을 한층 강화해 AI·클라우드 융합을 통한 서비스 경쟁력 제고에 속도를 낼 계획이다.한편, LG유플러스는 APEC 정상회의가 큰 불편없이 성황리에 마무리될 수 있도록 최적의 통신 품질을 제공하고자 경주시 일대 주요 시설에 추가 통신 장치를 구축했다. 행사 기간 동안 주요 지역에 5G·LTE 장비를 추가 설치하고 APEC 기자회견장으로 마련된 미디어센터에는 음영지역이 발생하지 않도록 임시 통신 장비를 구축했다. 또한 비상상황에 긴급 대응하기 위해 24시간 설비를 모니터링하고 지역 상황실을 운영하고 있다."
https://n.news.naver.com/mnews/article/003/0013568208?sid=105,2025-10-30 09:05:07,IT/과학,"홍범식 LGU+ 대표, AWS CEO와 경주 APEC서 회동…""AI·클라우드 협력 강화""","sLLM '익시젠', 아마존 베드록 마켓플레이스 등록 등 전방위적 협력 지속[서울=뉴시스] 홍범식 LG유플러스 대표(왼쪽)가 아마존웹서비스(AWS)의 맷 가먼 최고경영자(CEO)와 경구APEC 현장에서 만나 인공지능(AI), 클라우드 분야 협력을 강화하기로 했다. (사진=LGU+ 제공) *재판매 및 DB 금지[서울=뉴시스] 심지혜 기자 = 홍범식 LG유플러스 대표가 아마존웹서비스(AWS)의 맷 가먼 최고경영자(CEO)와 만나 인공지능(AI), 클라우드 분야 협력을 강화하기로 했다.LG유플러스는 지난 29일 경주 예술의전당에서 열린 ‘2025 APEC CEO 서밋’ 현장에서 양사 CEO가 협력 방안에 대해 논의했다고 30일 밝혔다.LG유플러스와 AWS는 올해 스페인 바르셀로나에서 열린 ‘MWC25’ 현장에서 전략적 파트너십을 체결하고 국내 기업의 AI 전환(AX)과 디지털 혁신(DX)을 지원하기 위한 협력을 이어오고 있다.양사는 ▲공동 클라우드 사업 협력 모색 ▲AWS의 생성형 AI 서비스 ‘아마존 베드록(Amazon Bedrock)’을 활용한 AI 개발역량 강화 ▲클라우드 기반 보안 수준 고도화 ▲IT 현대화를 통한 고객경험(CX) 혁신 등을 추진하겠다고 밝힌 바 있다. LG유플러스는 파트너십 체결 이후 ▲글로벌 CSP사 수준 운영 역량 ▲제로 트러스트(Zero Trust, 모든 접근을 신뢰하지 않고 항상 검증을 수행하는 보안) 모델 ▲탄탄한 인프라 기반을 단계적으로 구축해 가장 안전한 통신사가 되는 것을 목표로 하고 있다.앞서 LG유플러스는 자체 개발한 소형 언어모델(sLLM) ‘익시젠(ixi-GEN)’을 지난 7월 AWS의 ‘아마존 베드록 마켓플레이스’에 등록하며 글로벌 시장 진출도 본격화했다. 이를 통해 전 세계 기업과 개발자들은 AWS 플랫폼 내에서 익시젠을 활용해 AI 서비스를 손쉽게 개발·확장할 수 있게 됐다.회사는 이번 APEC 회동을 계기로 AWS와의 파트너십을 한층 강화해 AI·클라우드 융합을 통한 서비스 경쟁력 제고에 속도를 낼 계획이다.한편, LG유플러스는 APEC 정상회의에서 원활한 통신 품질을 제공하기 위해 경주시 일대 주요 시설에 추가 통신 장치를 구축했다. 행사 기간 동안 주요 지역에 5G·LTE 장비를 추가 설치하고 APEC 기자회견장으로 마련된 미디어센터에는 음영지역이 발생하지 않도록 임시 통신 장비를 구축했다. 또한 비상상황에 긴급 대응하기 위해 24시간 설비를 모니터링하고 지역 상황실을 운영하고 있다."
https://n.news.naver.com/mnews/article/001/0015711129?sid=105,2025-10-30 09:09:18,IT/과학,"홍범식 LGU+ 대표, AWS CEO와 경주 APEC 회동",(서울=연합뉴스) 홍범식 LG유플러스 대표와 맷 가먼 아마존웹서비스(AWS) 최고경영자(CEO)가 지난 29일 경주에서 열린 '2025 아시아태평양경제협력체(APEC) CEO 서밋' 현장에서 만나 기념촬영하고 있다. 2025.10.30 [LG유플러스 제공. 재판매 및 DB 금지]photo@yna.co.kr
https://n.news.naver.com/mnews/article/029/0002990284?sid=105,2025-10-30 09:16:57,IT/과학,"홍범식 LGU+ 대표, 경주 APEC서 맷 가먼 AWS CEO 회동","'2025 APEC CEO 서밋' 현장에서 홍범식(왼쪽) LG유플러스 대표와 맷 가먼 AWS CEO가 악수하고 있다. LG유플러스 제공홍범식 LG유플러스 대표가 맷 가먼 아마존웹서비스(AWS)의 최고경영자(CEO)와 지난 29일 경주에서 열린 '2025 아시아·태평양경제협력체(APEC) 최고경영자(CEO) 서밋' 현장에서 양사 협력 방안을 논의했다.LG유플러스는 30일 경주 예술의전당에서 진행된 회동에 양사 CEO를 포함해 주요 경영진이 참석했다고 밝혔다.이번 회동은 인공지능(AI)과 클라우드 기술이 기업 경쟁력의 핵심으로 부상한 가운데, 양사가 AI·클라우드 기반 혁신을 가속화하기 위해 마련됐다.LG유플러스와 AWS는 올해 스페인 바르셀로나에서 열린 '모바일월드콩그레스(MWC) 25' 현장에서 전략적 파트너십을 체결하고 국내 기업의 AI 전환(AX)과 디지털 혁신(DX)을 지원하기 위한 협력을 이어오고 있다.양사는 △공동 클라우드 사업 협력 모색 △AWS의 생성형 AI 서비스 '아마존 베드록'을 활용한 AI 개발역량 강화 △클라우드 기반 보안 수준 고도화 △IT 현대화를 통한 고객경험(CX) 혁신 등을 추진하겠다고 밝힌 바 있다.앞서 LG유플러스는 자체 개발한 소형언어모델(sLLM) '익시젠'을 지난 7월 AWS의 '아마존 베드록 마켓플레이스'에 등록하며 글로벌 시장 진출도 본격화했다. 이를 통해 전 세계 기업과 개발자들은 AWS 플랫폼 내에서 익시젠을 활용해 AI 서비스를 개발·확장할 수 있게 됐다.LG유플러스는 이번 APEC 회동을 계기로 AWS와의 파트너십을 강화해 AI·클라우드 융합을 통한 서비스 경쟁력 제고에 속도를 낼 계획이다."
https://n.news.naver.com/mnews/article/031/0000976327?sid=105,2025-10-30 09:20:09,IT/과학,"[APEC 2025] 홍범식 LGU+ 대표, AWS CEO와 회동...'협력 강화' 논의","MWC25서 전략적 파트너십 체결 이후 협력 논의…주요 경영진 참석홍범식 LG유플러스 대표가 29일 경주에서 열린 '2025 아시아태평양경제협력체(APEC) CEO 서밋' 현장에서 맷 가먼 아마존웹서비스(AWS) 최고경영자(CEO)와 만나 양사간 협력 강화 방안을 논의했다.'2025 APEC CEO 서밋' 현장에서 LG유플러스 홍범식 대표(왼쪽)와 AWS 맷 가먼 CEO 기념촬영을 하는 모습. [사진=LGU+]이날 회동은 양사의 AI·클라우드 기반 혁신을 가속하기 위한 자리로, 양사 CEO를 포함해 주요 경영진이 참석했다.LG유플러스와 AWS는 올 초 'MWC25'에서 전략적 파트너십을 체결하고 국내 기업의 AI 전환(AX)과 디지털 혁신(DX) 지원 협력을 이어오고 있다.양사는 △공동 클라우드 사업 협력 모색 △AWS의 생성형 AI 서비스 '아마존 베드록'을 활용한 AI 개발역량 강화 △클라우드 기반 보안 수준 고도화 △IT 현대화를 통한 고객경험(CX) 혁신 등을 추진키로 했다. 이번 파트너십으로 LG유플러스는 △글로벌 CSP사 수준 운영 역량 △제로 트러스트(모든 접근을 신뢰하지 않고 항상 검증을 수행하는 보안) 모델 △탄탄한 인프라 기반을 단계적으로 구축한다는 목표다.양사는 이번 APEC 회동을 계기로 AWS와의 파트너십을 한층 강화해 AI·클라우드 융합을 통한 서비스 경쟁력 제고에 속도를 낼 계획이다.한편 LG유플러스는 APEC 정상회의에서 원활한 통신 품질을 제공하기 위해 경주시 일대 주요 시설에 추가 통신 장치를 구축했다. 행사 기간 동안 주요 지역에 5G·LTE 장비를 추가 설치하고 APEC 기자회견장으로 마련된 미디어센터에는 음영지역이 발생하지 않도록 임시 통신 장비를 구축했다. 또한 비상상황에 긴급 대응하기 위해 24시간 설비를 모니터링하고 지역 상황실을 운영하고 있다."
https://n.news.naver.com/mnews/article/421/0008572992?sid=105,2025-10-30 09:29:27,IT/과학,"LGU+ 홍범식, AWS 맷 가먼과 APEC 회동…협력 방안 논의",'2025 APEC CEO 서밋' 현장에서 LG유플러스 홍범식 대표(왼쪽)와 아마존웹서비스(AWS) 맷 가먼 CEO가 기념촬영을 하는 모습.(LG유플러스 제공)(서울=뉴스1) 김민수 기자 = 홍범식 LG유플러스(032640) 대표가 맷 가먼 아마존웹서비스(AWS) CEO와 만나 양사 협력 방안을 논의했다.30일 LG유플러스에 따르면 홍 대표는 전날(29일) 경주 예술의 전당에서 열린 '2025 APEC CEO 서밋' 현장에서 맷 가먼 CEO와 회동해 전략적 파트너십의 이행 상황과 향후 협력 방향을 논의했다.이번 회동은 인공지능(AI)과 클라우드 기술이 기업 경쟁력의 핵심으로 떠오르면서 양사가 관련 혁신을 가속하기 위해 마련됐다.두 회사는 올해 2월 스페인 바르셀로나에서 열린 'MWC25'에서 전략적 파트너십을 체결하고 국내 기업의 AI 전환(AX)과 디지털 혁신(DX)을 지원하기 위한 협력을 이어오고 있다.양사는 △공동 클라우드 사업 협력 모색 △AWS의 생성형 AI 서비스 '아마존 베드록(Amazon Bedrock)'을 활용한 AI 개발역량 강화 △클라우드 기반 보안 수준 고도화 △IT 현대화를 통한 고객경험(CX) 혁신 등을 추진하겠다고 밝힌 바 있다.LG유플러스는 파트너십 체결 이후 △글로벌 CSP사 수준 운영 역량 △제로 트러스트(Zero Trust·모든 접근을 신뢰하지 않고 항상 검증을 수행하는 보안) 모델 △인프라 기반의 단계적 구축을 목표로 삼고 있다.LG유플러스는 자체 개발한 소형 언어모델(sLLM) '익시젠(ixi-GEN)'을 지난 7월 '아마존 베드록 마켓플레이스(Amazon Bedrock Marketplace)'에 등록해 글로벌 시장 진출을 본격화했다. 이를 통해 전 세계 개발자들이 AWS 플랫폼 내에서 익시젠을 활용해 손쉽게 AI 서비스를 개발·확장할 수 있게 됐다.LG유플러스는 이번 APEC 회동을 계기로 AWS와의 파트너십을 한층 강화해 AI·클라우드 융합을 통한 서비스 경쟁력 제고에 속도를 낼 방침이다.
https://n.news.naver.com/mnews/article/030/0003364645?sid=105,2025-10-30 09:41:13,IT/과학,"홍범식 LGU+ 대표, 경주 APEC서 AWS CEO와 회동","'2025 APEC CEO 서밋' 현장에서 LG유플러스 홍범식 대표(왼쪽)와 AWS 맷 가먼 CEO가 기념촬영을 하는 모습.LG유플러스는 홍범식 대표가 아마존웹서비스(AWS) 맷 가먼 CEO와 지난 29일 경주에서 열린 '2025 APEC CEO 서밋' 현장에서 양사 협력 방안을 논의했다고 30일 밝혔다.경주 예술의전당에서 진행된 회동에는 양사 CEO를 포함해 주요 경영진이 참석했다.이번 회동은 인공지능(AI)과 클라우드 기술이 기업 경쟁력의 핵심으로 부상한 가운데, 양사가 AI·클라우드 기반 혁신을 가속화하기 위해 마련됐다.LG유플러스와 AWS는 올해 스페인 바르셀로나에서 열린 'MWC25' 현장에서 전략적 파트너십을 체결하고 국내 기업의 AI 전환(AX)과 디지털 혁신(DX)을 지원하기 위한 협력을 이어오고 있다.양사는 공동 클라우드 사업 협력 모색, AWS의 생성형 AI 서비스 아마존 베드록을 활용한 AI 개발역량 강화, 클라우드 기반 보안 수준 고도화, IT 현대화를 통한 고객경험(CX) 혁신 등을 추진하겠다고 밝힌 바 있다.LG유플러스는 파트너십 체결 이후 글로벌 CSP사 수준 운영 역량, 제로 트러스트(모든 접근을 신뢰하지 않고 항상 검증을 수행하는 보안) 모델, 탄탄한 인프라 기반을 단계적으로 구축해 가장 안전한 통신사가 되는 것을 목표로 하고 있다.회사는 이번 APEC 회동을 계기로 AWS와의 파트너십을 한층 강화해 AI·클라우드 융합을 통한 서비스 경쟁력 제고에 속도를 낼 계획이다.한편, LG유플러스는 APEC 정상회의가 큰 불편없이 성황리에 마무리될 수 있도록 최적의 통신 품질을 제공하고자 경주시 일대 주요 시설에 추가 통신 장치를 구축했다. 행사 기간 동안 주요 지역에 5G·LTE 장비를 추가 설치하고 APEC 기자회견장으로 마련된 미디어센터에는 음영지역이 발생하지 않도록 임시 통신 장비를 구축했다. 또 비상상황에 긴급 대응하기 위해 24시간 설비를 모니터링하고 지역 상황실을 운영하고 있다."
https://n.news.naver.com/mnews/article/014/0005426853?sid=105,2025-10-30 09:41:13,IT/과학,"LG U+ 홍범식 대표, AWS CEO와 경주 APEC서 회동..  양사 협력 논의",LG유플러스 홍범식 대표(왼쪽)와 AWS 맷 가먼 CEO가 지난 29일 ‘2025 APEC CEO 서밋’ 현장에서 기념촬영을 하는 모습. LG유플러스 제공LG유플러스는 홍범식 대표가 아마존웹서비스(AWS)의 맷 가먼 최고경영자(CEO)와 지난 29일 경주에서 열린 ‘2025 APEC CEO 서밋’ 현장에서 양사 협력 방안을 논의했다고 30일 밝혔다. 경주 예술의전당에서 진행된 회동에는 양사 CEO를 포함해 주요 경영진이 참석했다.이번 회동은 인공지능(AI)과 클라우드 기술이 기업 경쟁력의 핵심으로 부상한 가운데 양사가 AI·클라우드 기반 혁신을 가속화하기 위해 마련됐다.LG유플러스와 AWS는 올해 스페인 바르셀로나에서 열린 ‘MWC25’ 현장에서 전략적 파트너십을 체결하고 국내 기업의 AI 전환(AX)과 디지털 혁신(DX)을 지원하기 위한 협력을 이어오고 있다.양사는 △공동 클라우드 사업 협력 모색 △AWS의 생성형 AI 서비스 ‘아마존 베드록’을 활용한 AI 개발역량 강화 △클라우드 기반 보안 수준 고도화 △IT 현대화를 통한 고객경험(CX) 혁신 등을 추진하겠다고 밝힌 바 있다. LG유플러스는 파트너십 체결 이후 △글로벌 CSP사 수준 운영 역량 △제로 트러스트 모델 △탄탄한 인프라 기반을 단계적으로 구축해 가장 안전한 통신사가 되는 것을 목표로 하고 있다.앞서 LG유플러스는 자체 개발한 sLLM(소형 언어모델) ‘익시젠(ixi-GEN)’을 지난 7월 AWS의 ‘아마존 베드록 마켓플레이스’에 등록하며 글로벌 시장 진출도 본격화했다. 이를 통해 전 세계 기업과 개발자들은 AWS 플랫폼 내에서 익시젠을 활용해 AI 서비스를 손쉽게 개발·확장할 수 있게 됐다. 회사는 이번 APEC 회동을 계기로 AWS와의 파트너십을 한층 강화해 AI·클라우드 융합을 통한 서비스 경쟁력 제고에 속도를 낼 계획이라고 전했다.
https://n.news.naver.com/mnews/article/016/0002549987?sid=105,2025-10-30 11:33:10,IT/과학,"홍범식 LGU+ 대표, AWS CEO와 경주 APEC서 회동","MWC25서 전략적 파트너십 체결지난 29일 ‘2025 APEC CEO 서밋’ 현장에서 홍범식(왼쪽) LG유플러스 대표와 맷 가먼 AWS CEO가 기념촬영을 하는 모습 [LG유플러스 제공]홍범식 LG유플러스 대표가 맷 가먼 아마존웹서비스(AWS) 최고경영자(CEO)와 만나 인공지능 전환(AX)과 디지털 혁신(DX)을 위한 협력 강화 방안을 논의했다.LG유플러스는 홍범식 대표가 지난 29일 경주에서 열린 ‘2025 APEC CEO 서밋’ 현장에서 맷 가먼 CEO와 만났다며 30일 이같이 밝혔다.경주 예술의전당에서 진행된 회동에는 양 사 CEO를 포함해 주요 경영진이 참석했다. 이번 회동은 AI와 클라우드 기술이 기업 경쟁력의 핵심으로 부상한 가운데, 양사가 AI·클라우드 기반 혁신을 가속화하기 위해 마련됐다.LG유플러스와 AWS는 올해 스페인 바르셀로나에서 열린 ‘MWC25’ 현장에서 전략적 파트너십을 체결하고 국내 기업의 AI 전환(AX)과 디지털 혁신(DX)을 지원하기 위한 협력을 이어오고 있다.양사는 ▷공동 클라우드 사업 협력 모색 ▷AWS의 생성형 AI 서비스 ‘아마존 베드록’(Amazon Bedrock)을 활용한 AI 개발역량 강화 ▷클라우드 기반 보안 수준 고도화 ▷IT 현대화를 통한 고객경험(CX) 혁신 등을 추진하겠다고 밝힌 바 있다. LG유플러스는 파트너십 체결 이후 ▷글로벌 CSP사 수준 운영 역량 ▷제로 트러스트(Zero Trust) 모델 ▷탄탄한 인프라 기반을 단계적으로 구축해 가장 안전한 통신사가 되는 것을 목표로 하고 있다.앞서 LG유플러스는 자체 개발한 sLLM(소형 언어모델) ‘익시젠(ixi-GEN)’을 지난 7월 AWS의 ‘아마존 베드록 마켓플레이스’에 등록하며 글로벌 시장 진출도 본격화했다. 이를 통해 전 세계 기업과 개발자들은 AWS 플랫폼 내에서 익시젠을 활용해 AI 서비스를 손쉽게 개발·확장할 수 있게 됐다.회사는 이번 APEC 회동을 계기로 AWS와의 파트너십을 한층 강화해 AI·클라우드 융합을 통한 서비스 경쟁력 제고에 속도를 낼 계획이다.한편, LG유플러스는 APEC 정상회의가 큰 불편없이 성황리에 마무리될 수 있도록 최적의 통신 품질을 제공하고자 경주시 일대 주요 시설에 추가 통신 장치를 구축했다. 행사 기간 동안 주요 지역에 5G·LTE 장비를 추가 설치하고 APEC 기자회견장으로 마련된 미디어센터에는 음영지역이 발생하지 않도록 임시 통신 장비를 구축했다. 또한 비상상황에 긴급 대응하기 위해 24시간 설비를 모니터링하고 지역 상황실을 운영하고 있다.박혜림 기자"
https://n.news.naver.com/mnews/article/011/0004549850?sid=101,2025-10-30 15:38:15,경제,고급자재에서 삶의 편의를 더해주는 자동화로… 스마트홈으로 프리미엄 시장 선도하는 아카라라이프,"-고급 자재 중심의 인테리어에서 IoT 기반 맞춤형 경험으로 이동-조명·커튼·도어락·센서 등 생활 밀착형 스마트홈 기기 수요 증가-아카라라이프, 쇼룸·에너지 관리 솔루션 통해 프리미엄 인테리어 대안 제시사진: 아카라라이프 제품 라인업 포스터 이미지 (사진 제공=아카라라이프)[서울경제] 국내 인테리어 시장에서 프리미엄의 기준이 변화하고 있다. 과거에는 고급 마감재와 프리미엄 가구가 집의 품격을 결정하는 핵심 요소였지만, 최근에는 생활 편의성을 극대화하는 사물인터넷(IoT) 기술이 새로운 프리미엄으로 떠오르고 있다. 단순히 비싼 자재를 사용하는 것보다 집이 거주자의 생활을 얼마나 지능적으로 지원하는지가 중요한 가치로 자리잡고 있는 것이다. 예를 들어, 스마트 조명은 시간대나 상황에 맞춰 조도와 색상을 자동으로 조절하고, 스마트 커튼은 생활 패턴에 따라 스스로 열리고 닫힌다. 집 안의 다양한 장치가 서로 연결되어 편리하고 효율적인 생활 환경을 만들어준다.시장조사전문기업 엠브레인 트렌드모니터가 실시한 ‘AI 가전 소비자 인식 조사’ 에 따르면, 최근 1년 내 가전 구입자 10명 중 8명(79.3%)이 AI 기능이 탑재된 제품을 구매했으며, 가전 선택 시 가장 중요한 요소로 ‘기능 및 성능’(63.4%)을 꼽은 가운데 43.3%는 AI 기능을 핵심 기준으로 평가했다. AI 기술이 단순한 부가 기능을 넘어 소비자 선택의 결정 요인으로 자리 잡고 있음을 보여주는 대목이다. 이러한 흐름 속에서 최근 인테리어 업계에서도 스마트 조명·도어락 등 생활 밀착형 IoT 기기 출시가 활발히 이어지고 있으며, 그중에서도 두각을 나타내는 기업은 글로벌 스마트홈 브랜드 아카라라이프다.아카라라이프는 2019년 글로벌 1위 홈 IoT 기업 아카라와의 조인트벤처로 설립됐다. 설립 3년 만에 기업가치 1천억 원을 인정받으며 시리즈A 투자에서 256억 원을 유치했고, 프리미엄 인테리어에 어울리는 세련된 디자인으로 레드닷(Red Dot), iF 디자인 어워드 등 30여 개 글로벌 디자인 어워드에서 수상하며 기술력과 디자인 경쟁력을 동시에 입증했다.대기업과의 협업 사례도 성과로 이어지고 있다. 아카라라이프는 2020년부터 LG U+에 스마트홈 보안 패키지 구독 서비스 모델인 ‘우리집 지킴이 Easy’의 디바이스 키트를 공급하고 있으며, 해당 서비스를 위해 LG U+에 공급한 아카라 디바이스는 약 45만 9천 키트에 이른다. 또 SK D&D의 Co-living 브랜드 ‘에피소드’에는 스마트 도어락과 재실 센서를 비롯한 6종의 디바이스를 API 연동 방식으로 공급해 새로운 공간 경험을 선보였다.서울 서초구에 위치한 아카라라이프 쇼룸은 실제 주거 환경을 구현해 소비자들이 다양한 스마트홈 시나리오를 직접 체험할 수 있는 공간으로 운영되고 있다. 단순한 제품 전시를 넘어, 조명·커튼·도어락·센서 등 전 제품 라인업을 직접 경험하며 시간대별 자동화 시나리오까지 체험할 수 있어 소비자들로부터 호응을 얻고 있다.업계를 주도하는 공간 디자이너들도 이 같은 흐름에 주목하고 있다. 무아공간 오승욱 대표는 “스마트홈 인테리어는 단순한 편의성을 넘어, 디자인·자재·시공 등 기존 인테리어의 차별화 요소에 더해 개인의 삶에 맞는 공간 시나리오를 구현할 수 있다는 점에서 강력한 디자인 도구로 부상하고 있다”며 “각자가 원하는 ‘나다운 공간, 나만의 생활방식’을 온전히 담아낼 수 있다는 점에서 프리미엄 인테리어의 새로운 흐름을 만들고 있다”고 말했다.아카라라이프 이상헌 공동대표는 “스마트홈이 프리미엄 인테리어의 핵심 요소로 자리잡고 있는 상황에서, 향후 집은 단순한 주거 공간을 넘어 ‘나보다 나를 더 잘 이해하는 공간’으로 진화할 것”이라며 “자동차의 자율주행처럼 사용자가 직접 제어하지 않아도 작동하는 ‘완전 자동화 스마트홈’ 솔루션을 구축해 나가겠다”고 말했다."
https://n.news.naver.com/mnews/article/421/0008574775?sid=105,2025-10-30 16:00:00,IT/과학,"""기업정보보호책임자 권한 강화""…정부 해킹 대책 후속 논의","공시 의무 확대·보안등급제·CISO 권한 강화 등 논의롯데카드·토스·LGU+ 등 주요 기업 CISO 참여과학기술정보통신부 /뉴스1(서울=뉴스1) 김민수 기자 = 과학기술정보통신부(과기정통부)는 '정보보호 종합대책' 발표를 계기로 30일 과학기술자문회의 중회의실에서 국내 주요 기업의 정보보호 최고책임자(CISO)들과 간담회를 열었다.이번 간담회는 정부가 최근 발표한 '범정부 정보보호 종합대책'의 후속 조치로, 민간 현장의 의견을 청취하고 기업의 자율적 참여를 독려하기 위해 마련됐다. 회의는 과기정통부가 주재했으며, 롯데카드·비바리퍼블리카(토스)·LG유플러스 등 주요 기업의 CISO 10여 명이 참석했다.간담회에서는 이달 22일 정부가 발표한 '범정부 정보보호 종합계획'에 담긴 정보보호 공시 의무 대상 확대, 보안역량 등급제 도입, CISO 권한 강화 방안 등이 집중적으로 논의됐다.정부는 현행 666개 상장사에만 적용되던 정보보호 공시 의무를 약 2700개 전체 상장사로 확대하기로 했다. 이 제도는 기업의 보안 인력 규모와 투자 현황 등을 공개해 투자자와 소비자가 보안 수준을 객관적으로 확인할 수 있도록 하는 것이 핵심이다.또한 기업별 보안 수준을 등급으로 공개하는 '보안역량 등급제'를 도입해 정보보호 관리체계를 종합 평가하고, 이를 통해 보안 투자를 유도하고 시장 내 선의의 경쟁을 촉진할 방침이다.아울러 CISO의 권한도 강화된다. IT 자산 통제권을 부여하고 정기적으로 이사회에 보고하도록 한다. 정보보호 관련 예산과 인력의 편성·집행 권한도 명문화해 실질적 의사결정 권한을 보장한다.회의를 주재한 최우혁 과기정통부 네트워크정책실장은 ""정보보호의 최전선에 계신 CISO 여러분들이 자율적이고 선제적으로 보안 역량 강화에 나서주길 바란다""며 ""정부도 AI 강국을 뒷받침할 수 있는 견고한 정보보호 체계를 구축하기 위해 현장과 지속해서 소통하고, 정책을 보완하는 등 총력을 기울일 것""이라고 강조했다."
https://n.news.naver.com/mnews/article/008/0005271023?sid=105,2025-10-30 16:00:00,IT/과학,"과기정통부, 롯데카드·LGU+ 등 CISO 간담회…""보안투자 확대"" 촉구","최우혁 과학기술정보통신부 네트워크정책실장. /사진=뉴스1과학기술정보통신부는 30일 과학기술자문회의 중회의실에서 국내 정보보호 최고책임자(CISO)와 간담회를 개최했다. 최우혁 과기정통부 네트워크정책실장이 주재한 이번 간담회엔 롯데카드, 비바리퍼블리카, LG유플러스 CISO 등 10여명 참석했다.정부는 최근 관계부처 합동으로 '범정부 정보보호 종합대책'을 발표했다. 통신·금융·공공 등 전방위적으로 확대되는 사이버 침해사고를 국가 비상사태에 준하는 상황으로 인식해 국민 불안을 해소하고 국가 전반의 정보보호 역량을 강화하기 위해서다.이번 간담회는 기업에 범정부 정보보호 종합대책에 대한 설명과 적극적인 동참을 독려하고, 이에 대한 일선 보안책임자들의 의견을 청취하기 위해 마련됐다. 특히 △보안 인력 및 투자 현황을 공개하는 정보보호공시 의무 대상 확대(현 666개사→약 2700개) △보안역량 등급 공개 제도 △CISO 권한 강화를 강조했다.최 실장은 ""보안은 더 이상 비용이 아닌 기업 성패를 가를 수 있는 필수적인 투자""라며 ""정보보호 최전선에 있는 CISO가 자율적·선제적으로 보안역량 강화에 노력해주길 바란다. 정부도 AI 강국을 뒷받침하는 견고한 정보보호 체계 구축을 위해 현장과 지속 소통하고 보완하는 등 총력을 기울일 것""이라고 말했다."
https://n.news.naver.com/mnews/article/468/0001190093?sid=101,2025-10-30 17:02:14,경제,"LG U+ 홍범식 대표, AWS CEO와 APEC서 회동…AI·클라우드 가속화","‘MWC25’ 파트너십 체결 이후 양사 협력 방안 논의sLLM ‘익시젠’ ‘아마존 베드록 마켓플레이스’ 등록(왼쪽부터) LG유플러스 홍범식 대표와 AWS 맷 가먼 CEO가 지난 29일 ‘2025 APEC CEO 서밋’에서 만나 기념촬영을 하고 있다. 사진 | LG유플러스[스포츠서울 | 표권향 기자] LG유플러스가 아마존웹서비스(Amazon Web Services, 이하 AWS)와 AI·클라우드 기반 혁신 가속화를 위한 협력 방안을 마련한다.LG유플러스 홍범식 대표는 29일 경주 예술의전당에서 열린 ‘2025 APEC CEP 서밋’ 현장에서 AWS 맷 가먼 CEO와 양사 주요 경영진을 만났다. 이번 만남은 ‘MWC25’에서 전략적 파트너십 체결 이후 국내 기업의 AI 전환(AX)과 디지털 혁신(DX) 지원을 위한 협업의 연장선이다.양사는 ▲공동 클라우드 사업 협력 모색 ▲AWS의 생성형 AI 서비스 ‘아마존 베드록(Amazon Bedrock)’을 활용한 AI 개발역량 강화 ▲클라우드 기반 보안 수준 고도화 ▲IT 현대화를 통한 고객경험(CX) 혁신 등을 추진하겠다고 밝힌 바 있다.LG유플러스는 파트너십 체결 이후 ▲글로벌 CSP사 수준 운영 역량 ▲제로 트러스트(Zero Trust, 모든 접근을 신뢰하지 않고 항상 검증을 수행하는 보안) 모델 ▲탄탄한 인프라 기반을 단계적으로 구축해 가장 안전한 통신사가 되는 것을 목표로 하고 있다.앞서 LG유플러스는 자체 개발한 sLLM(소형 언어모델) ‘익시젠(ixi-GEN)’을 지난 7월 AWS의 ‘아마존 베드록 마켓플레이스(Amazon Bedrock Marketplace)’에 등록하며 글로벌 시장 진출도 본격화했다. 이를 통해 전 세계 기업과 개발자들은 AWS 플랫폼 내에서 익시젠을 활용해 AI 서비스를 손쉽게 개발·확장할 수 있게 됐다.회사는 이번 APEC 회동을 계기로 AWS와의 파트너십을 한층 강화해 AI·클라우드 융합을 통한 서비스 경쟁력 제고에 속도를 낼 계획이다.한편, LG유플러스는 APEC 정상회의가 큰 불편없이 성황리에 마무리될 수 있도록 최적의 통신 품질을 제공하고자 경주시 일대 주요 시설에 추가 통신 장치를 구축했다. 행사 기간 주요 지역에 5G·LTE 장비를 추가 설치하고 APEC 기자회견장으로 마련된 미디어센터에는 음영지역이 발생하지 않도록 임시 통신 장비를 구축했다. 또한 비상상황에 긴급 대응하기 위해 24시간 설비를 모니터링하고 지역 상황실을 운영하고 있다. gioia@sportsseoul.com"
https://n.news.naver.com/mnews/article/031/0000976702?sid=105,2025-10-30 17:28:12,IT/과학,"과기정통부, CISO 간담회 개최⋯""보안역량 강화 노력해달라""","네트워크정책실장 주재⋯롯데카드·비바리퍼블리카·LGU+ 등 CISO 참석과학기술정보통신부(장관 배경훈)는 30일 과학기술자문회의 중회의실에서 정보보호최고책임자(CISO) 간담회를 개최했다.과기정통부 로고 [사진=과기정통부]간담회는 과기정통부 네트워크정책실장 주재로 열렸다. 롯데카드를 비롯한 비바리퍼블리카, LG유플러스 CISO 등 10여명이 참석했다. 일선 보안책임자 의견을 청취하고 민간과 공공이 함께 보안 역량을 강화하자는 취지에서 마련됐다.정부는 통신·금융·공공 등 전방위적으로 확대되는 사이버 침해사고를 국가 비상사태에 준하는 상황으로 인식하고 있다. 국민 불안을 해소하고 국가 전반 정보보호 역량을 강화하기 위해 관계부처 합동으로 범정부 정보보호 종합대책을 발표하기도 했다.최우혁 네트워크정책실장은 ""보안은 더 이상 비용이 아닌 기업 성패를 가를 수 있는 필수적인 투자""라며 ""정보보호 최전선에 계신 CISO 여러분들이 자율·선제적으로 보안역량 강화에 노력해주기를 바란다""고 당부했다."
https://n.news.naver.com/mnews/article/008/0005271124?sid=101,2025-10-30 17:31:22,경제,영화 '이름에게' 30일 극장 개봉과 동시 IPTV·VOD 서비스 오픈,"영화 '이름에게' 포스터, 감독: 윤권수, 각본: 김필, 출연: 남상미, 박성일, 정수현, 박현우, 제작: 스튜디오메타케이(Studio Meta-K), 제공: 스튜디오 산타클로스엔터테인먼트, 개봉: 2025년 10월30일/사진제공=스튜디오메타케이영화 '이름에게'가 30일 극장 개봉과 동시에 IPTV(인터넷TV), VOD(주문형비디오), 왓챠 등의 주요 플랫폼으로 공개된다.'이름에게'는 어린 시절 헤어진 엄마 해수(남상미)를 찾아간 도경(정수현)의 여정을 그린 작품이다. 운명처럼 다시 마주한 모자(母子)의 재회로 가족의 의미와 마음속 상처를 다룬다. 남상미와 박성일을 비롯한 배우들이 각자의 상처와 사연을 가진 인물들을 현실감 있게 풀어낸다.영화는 '파리 필름 어워즈', '런던 무비 어워즈', '헐리우드 골드 어워즈' 등의 영화제에서 총 12개의 상을 받으며 작품성을 인정받았다. 평단으로부터 '섬세한 감정 표현과 미니멀한 연출이 돋보이는 가족 서사 작품'이라는 평가를 받았다.KT 지니 TV, SK Btv, LG U+tv, 케이블TV(홈초이스), KT 스카이라이프, 웹하드, 구글 플레이스토어, 씨네폭스, 쿠팡플레이, 웨이브, 왓챠 등에서 만나볼 수 있다.제작사인 스튜디오메타케이(대표 김광집)는 AI(인공지능) 기술과 콘텐츠 지식재산권(IP)을 결합한 엔터테크 기업이다. AI 버추얼 휴먼 기술과 생성형 AI 영상 제작 기술을 인정받아 중소벤처기업부 팁스(TIPS), 엔비디아 엔업(NVIDIA EnUp) 등의 지원사업에 선정된 바 있다."
https://n.news.naver.com/mnews/article/640/0000079179?sid=101,2025-10-30 17:58:56,경제,LG research director calls for 'strong foundational AI technology' at APEC,"LG AI Research Director Lee Hong-lak speaks as a panelist for a session held under the APEC CEO Summit held at Gyeongju Arts Center, North Gyeongsang on Oct. 30. [JOONGANG ILBO]GYEONGJU, North Gyeongsang — Korean firms must keep developing proprietary foundational models and refining data training approaches to sustain progress on artificial intelligence (AI), even as some argue Korea is falling behind, LG AI Research Director Lee Hong-lak said on Thursday.LG AI Research, a research and development organization under LG Group, aims to deploy AI in LG’s core affiliates like LG Electronics, LG Chem, LG U+, LG CNS and LG Energy Solution.“We will build powerful foundational models and then adapt them into expert-level AI that is tailored to specific industries,” Lee said during a keynote session at the APEC CEO Summit at the Gyeongju Arts Center in North Gyeongsang. The session was themed “Next-Generation AI Roadmap for Sustainable Innovation.”“By building strong foundational AI technology, we accumulate deep expertise in data collection, model training and system design, allowing us to efficiently develop highly specialized and high-value AI solutions across multiple fields,” he continued.Lee stressed that companies should go beyond relying on open-source language models, which is why the institution is developing an AI-powered automatic data generation platform that can be fed to proprietary models for training. The platform is known as Exaone Data Foundry.“If you take a ‘black box’ [referring to open-source] open model and fine-tune it only with your own data, users frequently encounter issues such as performance degradation and loss of previously learned abilities. Our platform will help our partners and customers avoid these challenges by providing automated tools for generating high-quality training data that is well-matched to specialized use cases.”Meanwhile, Google Asia Pacific's Chief Marketing Officer Simon Kahn emphasized that global partnerships are needed to spur technology development.“We’re building an integrated infrastructure together with partners across APEC economies,” Kahn noted. “In Korea, LG AI Research and Kakao Healthcare use Google Cloud’s AI infrastructure, and Samsung supplies the critical memory components to power our AI chips.Kahn emphasized the importance of ensuring AI supports local languages and solves locally relevant challenges, noting that Google is already providing AI customer service solutions for Korean mobile carriers such as SK Telecom and LG U+. Google has also been working with the Ministry of SMEs and Startups since 2019 to help local developers expand their innovations globally.Kahn emphasized that sustaining progress in AI requires a shared commitment: Be bold in innovation, responsible in ensuring benefits are broadly distributed and work together through globally aligned regulatory frameworks."
https://n.news.naver.com/mnews/article/014/0005427401?sid=105,2025-10-30 18:30:25,IT/과학,APEC서 만난 LGU+·AWS 대표… AI·클라우드 협력 공감대,CEO 서밋서 혁신방안 모색LG유플러스 홍범식 대표(왼쪽)와 AWS 맷 가먼 CEO가 지난 29일 '2025 APEC CEO 서밋' 현장에서 악수하고 있다. LG유플러스 제공LG유플러스는 홍범식 대표가 아마존웹서비스(AWS)의 맷 가먼 최고경영자(CEO)와 지난 29일 경주에서 열린 '2025 APEC CEO 서밋' 현장에서 양사 협력 방안을 논의했다고 30일 밝혔다. 경주 예술의전당에서 진행된 회동에는 양사 CEO를 포함해 주요 경영진이 참석했다.이번 회동은 인공지능(AI)과 클라우드 기술이 기업 경쟁력의 핵심으로 부상한 가운데 양사가 AI·클라우드 기반 혁신을 가속화하기 위해 마련됐다. LG유플러스와 AWS는 올해 스페인 바르셀로나에서 열린 'MWC25' 현장에서 전략적 파트너십을 체결하고 국내 기업의 AI 전환(AX)과 디지털 혁신(DX)을 지원하기 위한 협력을 이어오고 있다.양사는 △공동 클라우드 사업 협력 모색 △AWS의 생성형 AI 서비스 '아마존 베드록'을 활용한 AI 개발역량 강화 △클라우드 기반 보안 수준 고도화 △IT 현대화를 통한 고객경험(CX) 혁신 등을 추진하겠다고 밝힌 바 있다. LG유플러스는 파트너십 체결 이후 △글로벌 CSP사 수준 운영 역량 △제로 트러스트 모델 △탄탄한 인프라 기반을 단계적으로 구축해 가장 안전한 통신사가 되는 것을 목표로 하고 있다.
https://n.news.naver.com/mnews/article/018/0006152138?sid=101,2025-10-31 07:40:11,경제,"SK텔레콤, 4분기 배당 축소 불가피…보수적 접근 권고-유안타","[이데일리 신하연 기자] 유안타증궈은 SK텔레콤(017670)에 대해 4분기 배당 축소가 불가피할 것으로 전망했다. 투자의견 ‘매수(BUY)’와 목표주가 7만1000원은 유지했다.이승웅 유안타증권 연구원은 31일 “2026년 배당 정상화를 가정한 예상 배당수익률은 현주가(10월30일 종가 5만2700원) 기준 6.7%로 경쟁사(KT 5.3%, LGU+ 4.5%) 대비 매력적인 수준지만, 4분기 배당 규모에 대한 가시성이 확보되는 2026년 2월까지는 보수적인 접근을 권고한다”며 이같이 밝혔다.SK텔레콤의 3분기 연결 영업수익은 전년 동기 대비 12.2% 감소한 4조원, 영업이익은 90.9% 감소한 484억원(영업익률·OPM 1.2%)을 기록했다.별도 기준으로는 영업수익이 16.8% 감소한 2조 6000억원, 영업이익은 적자 전환한 522억원 손실을 시현했다. 이에 대해 이 연구원은 “별도 영업이익의 적자전환은 전분기의 무선가입자 감소 영향이 지속되는 가운데, 8월 요금 50% 할인 및 멤버십 혜택 강화 등 고객 감사 패키지의 영향이 크게 작용한 것에 기인한다”며 “이로 인한 영업수익 감소분은 4920억원으로 파악된다”고 설명했다.또 “개인정보보호위원회 과징금 1348억원이 영업외비용으로 반영되며 별도 당기순손실 2066억원으로 적자를 기록했다”면서 “연결 당기순이익 역시 적자 전환함에 따라 3분기 분기배당은 실시하지 않기로 결정하며 당사 추정에 부합했다”고 덧붙였다.그러면서 “4분기에도 가입자 감소와 고객감사 패키지 영향이 이어지고 일회성 인건비 등이 반영될 것으로 예상돼 배당 축소는 불가피할 전망”이라고 내다봤다.다만 2026년 실적은 매력적일 것으로 전망했다. 이 연구원은 “2026년 연결 영업수익은 전년 동기 대비 3.9% 증가한 17조 8000억원, 영업이익은 70.5% 증가한 2조원(OPM 11.1%)으로 정상화될 전망”이라고 짚었다.더불어 “올해 발생한 대규모 일회성 비용에 대한 기저효과와 더불어 AI DC 등 AI 사업 성과가 본격화되고 인건비, 감가상각비 등 비용 구조도 개선될 것으로 예상된다”면서 “SK브로드밴드 역시 판교 DC 매출 반영 효과와 DC 가동률 상승에 힘입어 견조한 성장세를 이어갈 전망”이라고 강조했다."
https://n.news.naver.com/mnews/article/003/0013572434?sid=105,2025-10-31 11:45:43,IT/과학,"LGU+, '동반성장지수 평가' 7년 연속 최우수 기업 선정","동반성장위, LGU+ 포함 40개사 최우수 등급중소 협력사 유동성 지원, 동반성장보드 운영[서울=뉴시스] LG유플러스 용산사옥 전경. (사진=LG유플러스 제공)[서울=뉴시스]박은비 기자 = LG유플러스가 '2024년 동반성장지수 평가' 에서 최우수 기업으로 선정됐다고 31일 밝혔다. 7년 연속 최고 등급이다.동반성장위원회가 매년 발표하는 동반성장지수는 국내 230개 기업의 동반성장 수준을 상대평가해 5개 등급으로 계량화한 지표로 지난 2011년 도입됐다. 올해 동반성장지수 평가에서 최우수 등급으로 선정된 기업은 LG유플러스를 포함해 총 40곳이다.LG유플러스는 중소 협력사와 동반성장하기 위해 금융, 기술개발, 경영 등 다양한 분야의 지원책을 운영하고 있다는 평가를 받았다. 거래대금은 월 4회, 100% 현급으로 지급하고 있으며, 자금난을 겪고 있는 협력사에는 납품 대금을 조기 지급해 유동성 확보와 재무구조 안정화에 기여하고 있다. 또한 금융기관과 연계해 동반성장펀드, 네트워크론, 상생결제제도등 직접적인 재정 지원을 추진 중이다.LG유플러스는 기술개발을 위한 인프라가 열약한 중소 협력사를 위해 장소와 장비를 제공하는 NW장비 테스트베드, 사물인터넷(IoT) 인증센터 등을 운영하고 있다. 중소협력사가 새롭게 개발한 기술을 지킬 수 있도록 기술자료 임치제도, 영업비밀 원본증명서비스 등도 제공한다.이밖에도 LG유플러스는 중소협력사와의 양방향 소통을 위해 업종별 주요 협력사로 구성된 협의체인 '동반성장보드'도 2013년부터 운영 중이며, 협력사를 직접 만나 의견을 듣는 동반성장간담회를 매년 개최하고 있다.한상언 LG유플러스 동반성장/전략구매담당은 ""대내외 어려운 경영환경 속에서도 LG유플러스와 함께 성장할 수 있도록 노력해준 덕분에 최우수 기업으로 선정될 수 있었다""며 ""7년 연속 동반성장지수 최우수 기업으로 선정된 만큼 앞으로도 중소 협력사와 함께 상생할 수 있도록 지속적으로 커뮤니케이션하며 다양한 지원책을 제공할 것""이라고 말했다."
https://n.news.naver.com/mnews/article/421/0008576822?sid=105,2025-10-31 11:53:13,IT/과학,"LGU+, 동반성장지수 7년 연속 최우수 기업","LG유플러스 서울 용산 사옥 모습. (LGU+ 제공)(서울=뉴스1) 이기범 기자 = LG유플러스(032640)가 '2024년 동반성장지수 평가'에서 7년 연속 최우수 기업으로 선정됐다고 31일 밝혔다.동반성장위원회가 매년 발표하는 동반성장지수는 국내 230개 기업의 동반성장 수준을 상대 평가해 '최우수', '우수', '양호', '보통', '미흡' 5개 등급으로 계량화한 지표로 2011년 도입됐다. 올해 평가에서 최우수 등급으로 선정된 기업은 LG유플러스 등 총 40곳이다.LG유플러스는 ""중소 협력사와 동반성장하기 위해 금융, 기술개발, 경영 등 다양한 분야의 지원책을 운영하고 있다""며 ""자금난을 겪고 있는 협력사에는 납품 대금을 조기 지급해 유동성 확보와 재무구조 안정화에 기여하고 있다""고 설명했다.또 금융기관과 연계해 동반성장펀드 등 직접적인 재정 지원을 추진 중이다. 중소 협력사에 기술개발 인프라도 제공하고 있다.한상언 LG유플러스 동반성장/전략구매담당은 ""7년 연속 동반성장지수 최우수 기업으로 선정된 만큼 앞으로도 중소 협력사와 함께 상생할 수 있도록 지속적으로 커뮤니케이션하며 다양한 지원책을 제공할 것""이라고 말했다."
https://n.news.naver.com/mnews/article/014/0005427773?sid=105,2025-10-31 14:14:17,IT/과학,"LG U+, 동반성장지수 평가서 7년 연속 최우수 기업 선정","LG유플러스 용산 사옥. LG유플러스 제공LG유플러스가 ‘2024년 동반성장지수 평가’에서 최우수 기업으로 선정돼 7년 연속 최고 등급을 유지했다고 31일 밝혔다.‘동반성장위원회’가 매년 발표하는 동반성장지수는 국내 230개 기업의 동반성장 수준을 상대평가해 ‘최우수’, ‘우수’, ‘양호’, ‘보통’, ‘미흡’ 5개 등급으로 계량화한 지표로, 2011년 도입됐다. 올해 동반성장지수 평가에서 최우수 등급으로 선정된 기업은 LG유플러스를 포함해 총 40곳이다.LG유플러스는 중소 협력사와 동반성장하기 위해 금융, 기술개발, 경영 등 다양한 분야의 지원책을 운영하고 있다. 거래대금은 월 4회, 100% 현급으로 지급하고 있으며 자금난을 겪고 있는 협력사에는 납품 대금을 조기 지급해 유동성 확보와 재무구조 안정화에 기여하고 있다. 또한 금융기관과 연계해 ‘동반성장펀드’, ‘네트워크론’, ‘상생결제제도’ 등 직접적인 재정지원을 추진하고 있다.LG유플러스는 기술개발을 위한 인프라가 열약한 중소 협력사를 위해 장소와 장비를 제공하는 ‘NW장비 테스트베드’, ‘IoT 인증센터’ 등을 운영하고 있다. 중소협력사가 새롭게 개발한 기술을 지킬 수 있도록 ‘기술자료 임치제도’, ‘영업비밀 원본증명서비스’ 등도 제공한다.아울러 LG유플러스는 지속가능한 공급망 구축을 위해 관련 법규와 규범을 철저히 준수하고 있다. 협력사와의 공정한 거래를 위해 공정거래위원회가 제정 및 개정한 ‘하도급 법규의 준수를 위한 4대 실천 사항’을 도입해 이행하고 있으며 노동, 노사, 안전, 환경, 개인정보, 윤리 등의 영역에 대한 ESG 관련 행동 규범을 따르도록 요구하고 있다.이 밖에도 LG유플러스는 중소협력사와의 양방향 소통을 위해 업종별 주요 협력사로 구성된 협의체인 ‘동반성장보드’도 2013년부터 운영 중이며, 협력사를 직접 만나 의견을 듣는 동반성장간담회도 매년 개최하고 있다.한상언 LG유플러스 동반성장/전략구매담당은 “대내외 어려운 경영환경 속에서도 LG유플러스와 함께 성장할 수 있도록 노력해준 덕분에 최우수 기업으로 선정될 수 있었다”며, “7년 연속 동반성장지수 최우수 기업으로 선정된만큼 앞으로도 중소 협력사와 함께 상생할 수 있도록 지속적으로 커뮤니케이션하며 다양한 지원책을 제공할 것”이라고 말했다."
https://n.news.naver.com/mnews/article/008/0005271524?sid=105,2025-10-31 14:19:31,IT/과학,"LGU+, 동반성장지수 평가 7년 연속 최우수 기업 선정","LG유플러스 용산사옥. /사진=LG유플러스LG유플러스가 '2024년 동반성장지수 평가'에서 최우수 기업으로 선정돼 7년 연속 최고 등급을 유지했다고 31일 밝혔다.'동반성장위원회'가 매년 발표하는 동반성장지수는 국내 230개 기업의 동반성장 수준을 상대평가해 '최우수' '우수' '양호' '보통' '미흡' 5개 등급으로 계량화한 지표로 2011년 도입됐다. 올해 동반성장지수 평가에서 최우수 등급으로 선정된 기업은 LG유플러스를 포함해 총 40곳이다.LG유플러스는 중소 협력사와 동반 성장하기 위해 금융, 기술개발, 경영 등 다양한 분야의 지원책을 운영한다. 거래대금은 월 4회, 100% 현금 지급하며, 자금난을 겪는 협력사에는 납품 대금을 조기 지급한다. 금융기관과 연계해 '동반성장펀드' '네트워크론' '상생결제제도' 등 재정지원도 추진중이다.아울러 LG유플러스는 기술개발을 위한 인프라가 열약한 중소 협력사를 위해 장소와 장비를 제공하는 'NW장비 테스트베드' 'IoT 인증센터' 등을 운영중이다. 중소협력사가 새롭게 개발한 기술을 지킬 수 있도록 '기술자료 임치제도' '영업비밀 원본증명서비스' 등도 제공한다.LG유플러스는 지속 가능한 공급망 구축을 위해 관련 법규와 규범을 철저히 준수하고 있다. 협력사와의 공정한 거래를 위해 공정거래위원회가 제정 및 개정한 '하도급 법규의 준수를 위한 4대 실천 사항'을 도입해 이행하고 있다.이밖에도 LG유플러스는 중소협력사와의 양방향 소통을 위해 업종별 주요 협력사로 구성된 협의체인 '동반성장보드'도 2013년부터 운영 중이며, 협력사를 직접 만나 의견을 듣는 동반성장간담회도 매년 개최하고 있다.한상언 LG유플러스 동반성장·전략구매담당은 ""대내외 어려운 경영환경 속에서도 LG유플러스와 함께 성장할 수 있도록 노력해준 덕분에 최우수 기업으로 선정될 수 있었다""고 말했다."
https://n.news.naver.com/mnews/article/640/0000079239?sid=101,2025-10-31 15:00:36,경제,"Korea secures 260,000 Nvidia Blackwell chips to power national AI expansion","Nvidia CEO Jensen Huang waves to onlookers as he arrives at Pohang Gyeongju Airport to attend the Asia-Pacific Economic Cooperation CEO Summit held at Gyeongju, North Gyeongsang, on Oct. 31. [NEWS1]Nvidia will supply 260,000 Blackwell processors to strengthen Korea’s artificial intelligence infrastructure — the largest volume the U.S. chipmaker has pledged to a single country — as part of efforts to embed AI across the nation’s semiconductor, automotive and robotics supply chains.The announcement, foreshadowed earlier this week by CEO Jensen Huang as “delightful” during the GPU Technology Conference in Washington, marks a major expansion of Nvidia’s footprint in Korea.Of the total, 50,000 GPUs each will go to Samsung Electronics, SK Group and Hyundai Motor, while 60,000 units will be supplied to Naver Cloud and the remaining 50,000 will be allocated to the Korean government, according to the company. The timeline and investment size for the Blackwell deployment were not disclosed.“The new Blackwell infrastructure will boost the total number of AI GPUs from 65,000 to more than 300,000, giving Korea the foundation needed to be a world leader,” said Raymond Teh, Nvidia’s senior vice president for the Asia-Pacific region, at an online briefing Thursday.Nvidia’s processors remain in short supply worldwide amid an AI boom, making the 260,000-GPU commitment one of its largest ever to a single market. The company has also pledged 120,000 Blackwell GPUs to the UK and 100,000 to Germany.Nvidia will also join Korea’s government-led project to build sovereign AI foundation models with LG AI Research, Naver Cloud, NC AI, SK Telecom and Upstage, and cooperate with Samsung and mobile carriers SK Telecom, KT and LG U+ to advance 6G network development. It will also partner with the Korea Institute of Science and Technology Information on the government’s Hangang supercomputer project."
https://n.news.naver.com/mnews/article/421/0008577332?sid=105,2025-10-31 15:02:49,IT/과학,"통신 3사, 나란히 동반성장지수 '최우수' 등급","SKT·KT·LGU+, 각각 13년 연속, 11년 연속, 7년 연속 '최우수'협력사 상생 프로그램·대금 조기 지급·인프라 지원 등 높은 평가서울의 한 휴대폰 판매 대리점의 모습. 2024.9.6/뉴스1 ⓒ News1 이재명 기자(서울=뉴스1) 이기범 기자 = 통신 3사가 '동반성장지수 평가'에서 나란히 최우수 기업으로 선정됐다. SK텔레콤(017670)은 13년 연속, KT(030200)는 11년 연속, LG유플러스(032640)는 7년 연속으로 최우수 등급을 받았다.SK텔레콤, KT, LG유플러스는 31일 동반성장위원회가 발표한 '2024년도 동반성장지수 평가'에서 최우수 등급을 받았다.동반성장위원회가 매년 발표하는 동반성장지수는 국내 230개 기업의 동반성장 수준을 상대 평가해 '최우수', '우수', '양호', '보통', '미흡' 5개 등급으로 계량화한 지표로 2011년 도입됐다. 올해 평가에서 최우수 등급으로 선정된 기업은 총 40곳이다.SK텔레콤은 13년 연속 최우수 등급을 받았다. 지금까지 13년 이상 연속 최우수 등급을 받은 기업은 SK텔레콤을 포함해 총 2곳에 불과한 것으로 전해졌다.SK텔레콤은 ""협력사들의 경영상 애로사항을 개선하는 상생 프로그램을 꾸준히 운영해 온 점이 높은 평가로 이어졌다""고 설명했다.협력사 대상 명절 전 대금 조기 지급을 시행하며 유동성을 확보할 수 있도록 지원을 강화하고 있다. 올해 대금 조기 지급 규모는 총 2560억 원에 달한다. 아울러 협력사 성장을 지원하기 위해 금융, 교육, 채용, ESG 등 다양한 분야에서 상생 프로그램을 운영 중이다.KT는 중소벤처기업부가 소관하고 대·중소기업·농어업협력재단이 주관하는 '대·중소기업 동반진출 지원사업'에 꾸준히 참여해 연평균 950억 원 수준의 협력사 수출 성과를 내고 있다. 동반성장위원회와는 협력사 ESG 지원 사업을 통해 안전 테마형 정보통신공사협력사 ESG 컨설팅 등 중대재해 예방 활동에 나섰다.LG유플러스는 ""중소 협력사와 동반성장하기 위해 금융, 기술개발, 경영 등 다양한 분야의 지원책을 운영하고 있다""며 ""자금난을 겪고 있는 협력사에는 납품 대금을 조기 지급해 유동성 확보와 재무구조 안정화에 기여하고 있다""고 설명했다.또 금융기관과 연계해 동반성장펀드 등 직접적인 재정 지원을 추진 중이다. 중소 협력사에 기술개발 인프라도 제공하고 있다."
https://n.news.naver.com/mnews/article/092/0002396387?sid=105,2025-10-31 15:55:12,IT/과학,"통신 3사, 동반성장지수 최우수 기업 선정","SKT 13년·KT 11년·LGU+ 7년 연속국내 이동통신 3사가 중소 협력사와의 상생 노력을 인정받아 ‘2024년도 동반성장지수 평가’에서 나란히 최우수 등급을 유지했다. SK텔레콤은 13년 연속, KT는 11년 연속, LG유플러스는 7년 연속 최우수 기업으로 선정됐다.동반성장지수는 대기업과 중소기업 간 협력 수준을 계량화한 지표다. 동반성장위원회의 종합평가와 협약 이행 평가 결과를 합산해 최우수·우수·양호·보통·미흡 등 다섯 개 등급으로 분류된다.SKT, KT, LGU+ 사옥31일 SK텔레콤은 이번 평가에서 13년 연속 최우수 등급을 받았다고 밝혔다. 3년 이상 최우수 등급을 유지한 기업에 주어지는 '최우수 명예기업'에도 이름을 올렸다.이번 성과는 협력사들의 경영상 애로사항을 개선하는 상생 프로그램을 꾸준히 운영해 온 점이 높은 평가로 이어진 결과다.앞서 SK텔레콤은 올해 협력사에 총 2천560억원 규모의 대금을 조기 지급했다. 협력사의 성장을 지원하기 위해 금융, 교육, 채용, ESG(환경·사회·지배구조) 등 다양한 분야에서 상생 프로그램을 운영하고 있다.김양섭 SK텔레콤 최고재무책임자는 ""SK텔레콤은 ‘미래를 위한 아름답고 행복한 동행’이라는 가치를 실현하기 위해 협력사와의 동반성장에 앞정서고 있다""며 ""함께 성장하며 지속 가능한 산업 생태계를 조성해 나가겠다""고 말했다.KT도 11년 연속 최우수 등급을 달성했다.KT는 중소벤처기업부 소관, 대·중소기업·농어업협력재단이 주관하는 ‘대·중소기업 동반진출 지원사업’에 참여 연평균 950억원 규모의 협력사 수출 성과를 달성하고 있다.또 ESG 컨설팅, AI 전문가 교육, 글로벌 연수 지원 등을 통해 협력사 역량 강화에 힘쓰고 있다.이원준 KT 구매실장은 ""회사가 가지고 있는 역량을 바탕으로 정부 정책에 적극 호응하며, 협력사와의 실질적인 동반성장을 지속적으로 지원하겠다""고 전했다.LG유플러스는 7년 연속 최우수 기업으로 선정됐다.LG유플러스는 거래대금을 월 4회 현금 지급하며, 명절 전에는 납품 대금을 조기 지급해 협력사 자금난 해소를 지원하고 있다.아울러 기술개발을 위한 인프라가 열약한 중소 협력사를 위해서는 장소와 장비를 제공하는 ‘NW장비 테스트베드’, ‘IoT 인증센터’ 등을 운영하고 있다. 새롭게 개발한 기술을 지킬 수 있도록 ‘기술자료 임치제도’, ‘영업비밀 원본증명서비스’ 등도 제공한다.한상언 LG유플러스 동반성장·전략구매담당은 ""대내외 어려운 경영환경 속에서도 LG유플러스와 함께 성장할 수 있도록 노력해준 덕분""이라며 ""중소 협력사와 함께 상생할 수 있도록 지속적으로 소통하며 다양한 지원책을 제공할 것""이라고 했다."
https://n.news.naver.com/mnews/article/028/0002774000?sid=101,2025-10-31 16:24:13,경제,"SK, 엔비디아와 ‘제조AI 클라우드’ 구축…제조업 혁신 나선다","젠슨 황 엔비디아 최고경영자와 최태원 에스케이그룹 회장. 최태원 회장 인스타그램 갈무리에스케이(SK)그룹이 엔비디아와 함께 국내 제조업 생태계의 인공지능(AI) 혁신을 위해 ‘제조 인공지능 클라우드’를 구축한다. 엔비디아의 블랙웰 그래픽처리장치(GPU·지피유)와 제조 인공지능 플랫폼 ‘옴니버스’를 활용해 국내 제조 인공지능 생태계를 탈바꿈한단 계획이다.최태원 에스케이그룹 회장과 젠슨 황 엔비디아 최고경영자(CEO)는 31일 경북 경주시에서 열린 ‘2025 아시아태평양경제협력체(APEC∙아펙) 시이오 서밋’에서 만나 ‘제조 인공지능 스타트업 얼라이언스’ 협력 방안 및 반도체 협력과 국내 제조 인공지능 생태계 발전 방향에 대해 의견을 나눴다.에스케이그룹은 엔비디아와 함께 국내 제조업에 특화된 인공지능 모델을 개발하고 클라우드 운영 자동화, 시뮬레이션 튜닝 등에서 기술협력을 진행하는 데 뜻을 모았다.에스케이그룹이 엔비디아와 협력해 만드는 옴니버스 기반 제조 인공지능 클라우드는 에스케이하이닉스 등 에스케이그룹 제조 분야 계열사는 물론 정부, 제조업과 관련된 공공기관, 국내 스타트업 등 외부 수요처도 활용할 수 있도록 개방된다. 이를 통해 제조업에서의 수율 개선과 유지보수 효율성을 제고할 수 있을 것으로 기대된다. 옴니버스는 엔비디아의 가상 시뮬레이션 기반 디지털 트윈 플랫폼으로, 제조업 생산공정을 온라인 3차원 가상공간에 똑같이 구축해 시뮬레이션 할 수 있다.에스케이그룹은 제조 인공지능 클라우드를 엔비디아 최신 지피유 2천여장을 기반으로 에스케이하이닉스 이천캠퍼스와 용인반도체클러스터에서 활용할 수 있게 만들 계획이다. 에스케이텔레콤이 구축과 운영, 서비스를 맡는다.이와 함께 에스케이그룹은 엔비디아와 지피유 5만장 이상 규모의 인공지능 인프라 ‘인공지능 팩토리’도 국내에 구축하기로 했다. 인공지능 팩토리는 제조 인공지능 클라우드, 울산 인공지능 데이터센터 프로젝트 등이 포함된 ‘엔비디아 지피유 기반 인공지능 산업 클러스터’다. 현재 에스케이그룹은 2027년을 목표로 울산에 100메가와트(MW) 규모 ‘하이퍼스케일급’ 인공지능 데이터센터 사업을 진행하고 있다.차세대 통신 기술 개발을 위한 협력도 진행한다. 같은 날 에스케이텔레콤은 삼성전자, 엔비디아, 케이티(KT), 엘지유플러스(LG U+), 연세대, 한국전자통신연구원(ETRI)와 함께 ‘인공지능 네트워크 연구개발(R&D)을 위한 양해각서(MOU)’를 체결했다. 6세대 이동통신 핵심기술로 꼽히는 인공지능 무선접속네크워트(AI-RAN)’ 기술의 표준화∙상용화를 함께 진행하며 한국을 글로벌 인공지능 무선접속네트워크 기술검증 허브로 육성한다는 목표다.최 회장은 “엔비디아 인공지능 팩토리를 기반으로 차세대 메모리, 로보틱스, 디지털 트윈, 지능형 인공지능 에이전트를 구동할 인프라를 구축할 계획”이라고 밝혔다."
https://n.news.naver.com/mnews/article/640/0000079253?sid=101,2025-10-31 18:10:12,경제,"Nvidia bets big on Korea’s AI future with 260,000 Blackwell processors","President Lee Jae Myung poses with Nvidia CEO Jensen Huang, third from left, and four Korean conglomerate chiefs — Samsung Electronics Executive Chairman Lee Jae-yong, SK Group Chairman Chey Tae-won, Hyundai Motor Executive Chair Euisun Chung and Naver founder Lee Hae-jin — for a commemorative photo at the Hwabaek International Convention Center in Gyeongju, North Gyeongsang on Oct. 31 after Nvidia’s announcement to supply 260,000 Blackwell processors to advance Korea’s artificial intelligence infrastructure. [JOINT PRESS CORPS]GYEONGJU, North Gyeongsang — Four major Korean corporations — Samsung Electronics, SK Group, Hyundai Motor and Naver — as well as the Korean government have just sealed landmark deals with Nvidia to deploy 260,000 Blackwell processors in a sweeping push to infuse AI across the nation’s core manufacturing supply chains.Of the total, most will be used in the private sector, as 50,000 GPUs each will go to Samsung Electronics, SK Group and Hyundai Motor, and an additional 60,000 units will be supplied to Naver Cloud. The remaining 50,000 GPUs will be allocated to the Korean government, according to the company. The timeline and investment size for the Blackwell deployment were not disclosed.Nvidia CEO Jensen Huang pinpointed Korea, with its deep-rooted manufacturing base, as a test bed to transform entire industries including semiconductors, automobiles, shipbuilding, biotechnology and robotics with AI, turning the country’s industrial backbone into an intelligent, automated system.“For Korea, this is an extraordinary opportunity because very few countries in the world have the essential, necessary qualities in order to succeed the next generation of AI [referring to physical AI],” Huang said in a keynote address at the Asia-Pacific Economic Cooperation (APEC) CEO Summit on Friday.“You have the technical capabilities, you have the software capabilities, you have artificial intelligence capabilities and you also have such an incredible manufacturing base and industrial base.”The Nvidia chief hailed Korea as poised to become “one of the largest GPU or AI infrastructure countries in the world” through the deal.President Lee Jae Myung, right, and Nvidia CEO Jensen Huang shake hands at the Hwabaek International Convention Center in Gyeongju, North Gyeongsang on Oct. 31 after Nvidia’s announcement to supply 260,000 Blackwell processors to advance Korea’s artificial intelligence infrastructure. [JOINT PRESS CORPS]Huang arrived in Korea on Thursday to attend the APEC summit, sharing an intimatechimaek(chicken and beer) meal with Samsung Chairman Lee Jae-yong and Hyundai Executive Chairman and CEO Euisun Chung at a small fried chicken joint in southern Seoul. The power trio also appeared together shortly afterwards at the nearby Coex Mall to celebrate the 25th anniversary of Nvidia’s GeForce graphics card in Korea.The following day, Huang traveled to Gyeongju, North Gyeongsang, to attend the summit where he joined not only Samsung's Lee and Hyundai Motor's Chung once again, but also Korean President Lee Jae Myung, SK Group Chairman Chey Tae-won and Naver founder Lee Hae-jin for a commemorative ceremony marking the GPU supply deal.Nvidia’s processors remain in short supply worldwide amid an AI boom, making the 260,000-GPU commitment one of its largest ever to a single market. The company has also pledged 120,000 Blackwell GPUs to the UK and 100,000 to Germany.Virtuous AI chip cycleNvidia’s agreements with Samsung and SK, which includes memory giant SK hynix, mark the start of what Huang labeled “virtuous” AI chip cycle. Both companies are supplying Huang's company with high bandwidth memory (HBM) chips, a key component in Nvidia’s GPUs. Samsung and SK will then in turn use the Blackwell GPUs to enhance their own manufacturing capabilities through AI-driven optimization.Samsung Electronics will deploy its 50,000 processors to integrate its semiconductor manufacturing process — from design and production to equipment, operations and quality control — into a single, intelligent network. In this setting, AI will continuously analyze, predict and optimize workflows in real time.Having recently earned Nvidia certification for its HBM3E chips and shipped samples of next-generation HBM4, Samsung has been one of Nvidia’s closest technology partners. Huang referred to the company on Friday as Nvidia’s first collaborator in developing the memory technology that powers modern AI.Samsung and Nvidia will also jointly implement digital twin manufacturing across memory, logic, foundry and packaging facilities using Nvidia’s Omniverse platform, enabling predictive maintenance and production optimization. The system will first be introduced at Samsung’s domestic fabs before expanding to overseas sites, including its Taylor, Texas facility.The Korean tech giant is also in talks to supply high-performance graphics, seventh-generation graphic double data rate (GDDR7) and next-generation low-power memory module Socamm2, while exploring deeper collaboration in the foundry business, according to company officials.Meanwhile, SK Group will serve as Korea’s sole AI cloud provider powered by Nvidia’s Blackwell and Omniverse platforms, tailored for local manufacturers and public-sector use. About 2,000 processors will be used to build the cloud system, deployed at SK hynix’s Icheon campus and Yongin semiconductor cluster in Gyeonggi.Some of the remaining GPUs will also go toward SK’s Ulsan AI data center, a $5 billion joint project with Amazon Web Services, slated for completion by 2027. SK hynix announced earlier this week that HBM4 shipments to clients, including Nvidia, will begin in the fourth quarter of this year.Building the physical AI clusterNvidia has also partnered with Hyundai Motor Group to advance what Huang calls “physical AI” — the integration of AI into the real world through robotics, mobility and automation. The companies plan to co-invest $3 billion, including the value of the 50,000 GPUs, to develop a physical AI ecosystem encompassing autonomous driving, smart manufacturing and next-generation vehicle platforms.“We’re working with technology companies throughout the world in order to create a robotic factory,” Huang said. “The entire factory is a giant robot. And inside this robotic factory, it will orchestrate robots that are working together with humans, with all of us, and they’re going to produce products like self-driving cars that are robots. So robots orchestrating robots, building products that are robotic. This is the future of artificial intelligence.”The investment will fund three physical AI-focused facilities — a technology center, application center and data center — though specific locations and stakes have not yet been revealed.Hyundai plans to leverage Nvidia’s DGX, Omniverse and DRIVE Thor computing platforms to infuse AI into its vehicle design, production and operations. Omniverse Enterprise will enable digital twin modeling of production sites to streamline automation, predictive maintenance and manufacturing efficiency.Expanding AI across industriesNaver Cloud will partner with Nvidia to build a physical AI platform using 60,000 GPUs, Omniverse and Isaac Sim to develop AI models for industries such as shipbuilding, energy and biotechnology. The initiative aligns with Naver’s goal of developing a sovereign AI ecosystem based on domestic data and infrastructure.The remaining 50,000 GPUs will be used in Korea’s government-led AI projects, including national foundation models developed with LG AI Research, Naver Cloud, NC AI, SK Telecom and Upstage. Nvidia will also work with Samsung, SK Telecom, KT and LG U+ on 6G wireless network development, and partner with the Korea Institute of Science and Technology Information (KISTI) on the Hangang supercomputer project."
